0000000000000000e2eddc9e4741e9db1371fecae348edfb7f0fd50419e71e7f
00000000000000000844f781cb1de12ad3481ed6cdf50afe7111c8134be10dde
00000000000000000647f1b9e23ae706c7e62fe757154e4eea01ec0518eafe17
00000000000000000be6b20114e2e9e9e6bf2e208d084905c9f50116b608ea6e
0000000000000000c4e5b501e67cf718dfce090c081717dcf9cd2e02091df8bd
0000000000000000190534cdebf2e4fa11414fb80c04d7f621e2d3149cee5124
0000000000000000ed4134d8ba01e810ec7f5ea43036f4e2deeafa2fb1e27f96
0000000000000000df1c51e1fe81ffb9ca066c0ff67f7f02a0fa35fe13ec0619
00000000000000002dd836427f3f005ec6d9104255fb2e3ac05b202a1400da30
0000000000000000dbe25f2a02d11ab0cec52868fef713fe05f421ff7200d2d9
0000000000000000ede4b3f0e1ffe7d912c414a7d511d0e94706100cb4f4195e
0000000000000000e6c240e6d8cefb431aed28acb207ddd5abf07f7781f21ef7
00000000000000004bb717032c30f2f6e91d0de54b3d09bc9ff6f87ffa39e63b
00000000000000006bc09c432ab959ddd6402e58b256182ec80ad7e42606d80e
000000000000000012123b45fa167f1bc830f06f08fd017fe2f1e1d931f6d8e4
0000000000000000f3bfbab1fbe3f44e13bad48129dbcb2ee326ff2130fd061a
0000000000000000458de0c5300b09a47fc8c99f2930c90ba10d021fb903fb07
000000000000000032aa15dc0fc901444107850e1929ddc7c002cf1ee77ff617
00000000000000007ff98117d3110a06f426c66b3034faca31d1f4d20d02ea46
0000000000000000657fcc1ee2f7f70fd7378f522d00fff860e3e6d7e4e7e5e2
000000000000000002671189fa271397fcb1d9b9c020d702e6dbf8ea5a0008bf
00000000000000000ded1cd35be7137f3ace92b6810bc721f3f1fcf71af8f4d9
00000000000000004baf70dfea0716b36b07b2fa3d32dee4480310f8d60feac0
000000000000000038d5e81ab905f42c3604cf349c11f0e069e837cce2f0ebc3
000000000000000063fb27efee3fdadff8168148c2fe0f041d7ff8e6cceef0ab
1ded1b21dfc331060fd2d6140402ad15c1e5dd37f72301c23ca7f60d0d16f8e8
3e0f181b09fa20f916f0c3341622b3110011eef4fcd2dc2427fde7e4fb081bf0
f5000ceff8d3e9e2f1e7cf02e020ab2a231913f300bef03b0d3ecec7f52df5e7
fc03fe0ee0dfe2fd041fd9270601aef6f2f21837cef814bfeff00d0b15f8b6e9
0c22f4fc01ffffff09ff0e4bff1b080f030c21f5070eebed03e6d7e900f4ecf0
f209eae42cccf026ee0ace11dd000509082222190402e41c15fde9e9f72c15e9
f91df008d5cfe4223d06dc19f8f9f50bdce5022adfd71315150f0e811d03c4e0
1d12dbeb1be40c193ee42624ca142ddaf40d11050b2adb1cfaecc9cb0b21e4ed
1cf3fcf648da124d2ac02504bdf220aef137060cf731d9371bebee23f91b23e6
ebf3090c00b4b3d0b881f60f33a7b6188cb7fdf6ec3910a738253a38da0e1701
e0b2201be0e004f905d3201c4414cd04d1a4fa0fece301bc08fdec2eeff822e2
c5b226fbbcbc05f702e01f10f5e5e4f8f1d5091e1981fb15112f09f1f242fcbb
d814d004f4fbcfe8cde31c342ff79b00b2c32af503e3fb900a1f262df3c4c708
07d6f9fbf9dc3f241d06274b231723fce6d61b17faf7f7a81220bee5e7fe1513
19b21ddff4cd4031f2ec2303b8ff1beafedfe94f4bf3b6041402e593cb29f9da
d544f2df81dfae05a600075ffbea981ec4af150401c00428ed453a17d414d900
0516bdafe2a6ed14f4fd0a5cf1fae5f8f9e90d0d080b1de5f72adacce032ba14
21811f8602d4f32cebf81114bbff08b8fcccfc492646c9d60a01d001a95cda27
2c11baed28122b1d24d4182d4b46e51bb418deb7d2b9211ddaf5c531d201c41f
22f2cef0f6347f41ecfa0c0ec619f10895f3e3ee2cbffcd5c2c2e613e10e0012
30db04eafcf7fef7f707faeeed332711d00ac30247e5d9f8e2f226dde826f1e0
e040c0f5d758ead80c2b04471a0ed5edb7fcf0eef6271dc4c4c6e4e0fc2081e8
eac6e2ee0afc0e15ff3bec75f42f05fdbff91104030ff38605cfa603e817a711
fae714ed31f5ebfd290f1ff5152be502d9ddcfdaf40281d709a50ae5f80df4d4
e7ec7fb99e41e708faf9bdeeed2ddef2b3fb0fea0533011ff6d41117ff3af7ed
cb9213b2cd07fad8bb0ddb36dd1b8b10e31a1403071827ef25c8f9f6d145dcea
e5fe40e30900d313f201e5f9554199f6e7d2e8f1f6f719ac0b9d3c24de46e805
22f9e219ef03e7e43ff1d80a13bd07550efd0509e2dc12470008f11c0416ec08
ef130d10de12f3d01af821f433dbe32e01f90d0dfbe70c3015e102f5f0e90415
16f512f60a080c2305e939e31e0def2ff1fcf401031f0313e6172af4dee0e101
0b1514fadd03051723efcd0afccc033a0ff5f1dde4e51641140d1ddd1ae6fd04
1d1cf60a071307fc2606ec10ecdfcf2d2209faf803140205e2ea0ec208ecfb07
2cf9e40a00f9ed140d101b1202e9b549060af50c0121ec1bbfc113eefce3f21d
0d0e1fdb0ff1022f07e4be1bbfef08100c0de8020c2818210f0d03ce16cefffc
fa211ae2fb08db0a0ffdfef8cbbee90a2620ecf2e6efee00fa150fe612bff4fd
1709df1f01fce7df090fe4220dcee71d0b2cfe0beeca08fd07f818220ed0021b
0b0f0afef09601fb23a9ef2d3aefc1e89aef1001d72df9c46b27090f1df4d8fd
e4f53612f4d8451e2cc303f33229ebefc209e90008030be44a28ccdc041afbe4
0fff2d03eefc150224da26e6d40708ead51bc00227fe0a1a3336f9bd0b25f8a4
eb2dc7f6c2e0da12f6e50a662308e8dcb7e31521d8dcf4eb1b4234e6fa1aa4f4
0308d3e301d4243ef703f73dee35fff7d1e2d31d08161d090b22e5dfe505e6fd
49f32bf40de8f029140305fff61d0be8d905b7040514b31c07fceaebf520f5f6
df4416ab8e05d323edeee97fc102c9e5a98c061dead9f911154542e9b839ed09
04efefb7e7dd0c1e10f0f531c208e4ecb7cbd3fafb02091df305d5efd024cbfa
09f10ccd05f7f90c28f906130b0902dfe1d3ea020810e717fee0f031fd43f70c
35d4d1ba23fbdf466bc0fcff3919f20e0f1a81dcd99dea670b3d04cae1f9bde0
24d7ebf32024002520e51fdceeffd4eb011dd3a7f4b5b82fe900e9f7e32cdbfe
1cd017dfe73503f309e707e8eb4011d8f216cdb315f6e8f8f112021ede1d02fa
1bb9bfdfeb031f361ae2b7d2fd30e2f4250fbf15faf8f626e10dd8d8f624d5f2
eabbe80012fbf4070a13f8d1c01ef1e40a07f6130de6efdd02e7d4471004ce14
36ce1df732081b30f90af9eef63cfafef5eb00ff24ddeedc0ff71153091ef8fd
13ce28fbb01ff53a0c22bdfa0b241dd6fcc9e42eee02e6eee21a36221978e9f3
fbffe312fbefd7033826bb05f526d3f4fafce5030808f8fa0615e507152defd9
f408efe116f7e2462a1ee22a3439b600f1e2e0f8e5dcfddc02d5dc19f851d8d9
2804b2e6081efd7a0b0edf1ce0520b3dfdebba2de6f3dc1af6eb932c02eff912
180cc5f416050328fbfdfd28dd08df40ffefc53df8cd0c34f1f9ed24f6e703ef
35ffd50dfb0ddc47fbf80c2138f4c227f83bc6ebd9affd44ef07321b052e19ee
fbb8f0dffdfe0e19fde905f50c1edc16161bcf18d4fa0311dfc7b81200f11018
1e25e9ede1ee0e2ff9f50cd2fe18c10d24e2ce1b100917c7e796fc2902e1fe0e
3434cf0b02060e1f1efa0812efe70034ffe4cdfaddbcff1effef0d291ae803ff
16f9e2f3c30c101c0f35c6020b69ed080cf6cff6f8d50f0ad82bf8d62713f914
2bf2de11d7041f2df52af71c4341da14d9f3a70adbf71efaeb5beffa12eafe22
20f9e3fdd0fb47f9f725f601172a0136d70a8ee0c90529f70df808d012e701e5
06f50510f2bd27cdd3d6e414e7c5f93ddbe6fbe6ba1608c10f181a28e635cfe4
3109fc241ded3026fcfa7f024a33dd1a04e2e8d5f117ee993407e440ee241f03
f8ced806f2f5e00331fc480a13f1c119ff02edfee3cb02f41b1f3211cc3715e9
dff44719e91bf3eb021001004903cff32ce0060fd94dfdca2bfffa18ef25e6ee
ebea160a0d043f4ef6234c464302a81728f913fb0509e29b29bfb02ee41efaf2
0c04f8f8e5f0e21e18112b0004cbe11c17c9e10ff4d1cd13f4ccf5f3e223fcde
b113100ba72ab9ddab07d534410e891215e50e38e2ff13b70f0e57eefa38e8e6
c129dbcef103fd38d604dc3c28eba03d14ecfa0fe6ee278d0c29e2f4e40fe101
193a04071d0df0eee2eb1cd809e71a2ee6d1d5f9d80e170e08e71296dd1ffbd3
0feee71214f1feebdde7c9082a23c31b0b2cd849f294114f07f4ccdae2be39e0
12e804ff0bfade3cf2ceed10001aa423fe0ed023fcc0f828002ddcc8f9e51314
4716d10e200ada2c3ce629afc603d41a0346b7ac813dd7d0fe493bcb27c403df
4c15eeed0c13ff35f5ea0220f93de03d2022c700e4cc005cfa0508cf01fc3bf4
6af2e8eafd05f613f1edfc3c0f23b110ff1eb60ddf00f030dea0c9e5f8044021
2d16e0142513ed07f406f4f60b25e7190234e2e2d3e7ea03092434ebffd91bf7
37f8d6f13c02101af1ee140be020e014f706a2d7f22f0059dde9f3c911d89ae3
36101b0808f10f00f6152f26140f08f9ed0cbbe9dcf0d706fce4351202c31718
211bd114d81131d2052dd1fc3a40f1fa0e29dee8ffc00c5e141a41e9e9c029f7
ea114e2a0be4bccc28c8ede9231cd8fce1041df1eeca231d02f3fbee1ad9490a
e0ee1a1ade09fadcf4c62935f2039b10da232607dbb33b37f028e3e10be424fa
1f140d02e7f0dbfa22b01bf381d69a15de47ccbbc83dffe0c53c1bc10da810cf
030f473725d748de15e7d5000b26e8f3ed28ead614cd22ce13959fe326ab10e9
1d181c08ef104c190109df57c02adbfeea06f9f739c1140e08dd9dd110e523ea
4a2209ebfbfecfe20f150f3a8ff281071022f0d504321efbfd180ccdfdd214c0
30e9be122ab31e357cfbfa2001eb09faf41dc7d72f6b24e50e8181ce379eb8fb
3bf2ecfa31dd074228000040d706f6d9e901e9da1516eb06ffb0b3f61de901fa
0832d503f5ccdef02501131a14d8d4cf17270faaf8ef0722f9d538ff1de335d7
ff0e29170cb11b0d27c4ea261e10f2e307131e16fcfbdfe97f3fdec615f8e50b
240f351710051a2b1fcefaed0717efcff517f4ff170ce927452bc3d8100bfec9
371c35281823ed273ed4d5d3b91005d52434f8dfffff072c2d24e5fe1b24f9ca
fe13c6f501de080c1ef7163bf221fdfbfbfb012af5d8f1fb2a3e05f303ebd00c
11eedd0b0aff1e1a0908f518d422eef4ef01cc1823fff3190df4b010f2fffdfc
271f1d1401110b202df7ec01ee12eae31d12e1e60df9d73fe6eedc0a0e1c0bcb
ef1506bfd30cfc040be2fe3bd506f5fedaa90c26ebcce40909550a0cbdeeea0d
03d0fceeec0cf40c070ce738eb1af6f8e9be0319f5cae30ff5fec62fe90ec8fa
0511dc1ef427d80f2d03cc133701f7e920da09eeeed1d51feeb8e53a1805ed00
f03a1003043c05e81f32f5e0ecd7ed002d112ce5f0fa001aebf0f8fa0b102610
e51acff4ec0816c8f533d022eee5e81220f4541605000606ded1d7d8ead92112
ef2e06dde6e8fbcfe517ff0604dff50b19063229f618f5ebedd4ede6e0c80912
f309d6fd0e1cf5e32b0aecd5e3d50406190933d309e201e60f07eb140aed06f3
daf0ecf8f9ece7e0e70ad2e8f7e2f1220bfa3a08faec0aea00ef0bf2e3070e0a
faf407eaf0d7f1000608dffbf4dfdc1110fd3526f3fa01ef07f10a15e0100817
2bf2c22d2703161e7fee0abe068620ff224027d92304e7da27dfe0fa3ad5fcf0
fde8e81c19e30f014bebf6d4e8a80f03131831f30002e4ee1405e4d81df1fdff
22f5130f14dcfb1d22e611e7edb40dfd1216443bffdedf0236fcf31c07fe2c0e
2a9df525212a091430da000403d607f2c9dc2ea840b5071e0704e922de0423fb
25c3360bd229eaf919d7ce43d8d6ee08e9d3230017c2f208ff0601df031616f1
f0dd3f0ac924d2c43cef2dedfee8d4f70ada05b0042808f4df001bd9ff0602c7
2a9600fc270b040f2df90c3002ef1aa8f0f13eb6400204bff7dbc83ffffc01f6
13cf34f7fb01120b0302dd62f610f5d800e12ced1ffce9d20ac4e1000fe01c21
df0b231bdf12d0bf40f600fc1ae7c3e719ec20d7f3db00f6bff41de61cc11e06
218cfdcb110300223535ec3aecf2e4b704f8239f14330d95c9c9b45f14f0c302
ff3439e0fcf5f2f0e62ad639f91ce1c7f5e715c305f81cacf58d0e1529eff025
e1492e23c108f09d0310cbc1371deef303d110a1f2ec34e5dee51be824c62107
f52259fac6f821841dfad6d811e8da0d17da0c29042e16e0f4c2e9fcffdf1a11
ce1438ffed060897211306f6fff8ef1914e11be60514fc2adf05fd0c03bc1008
d10324e6da00d2ad192329fabfe8de1c080cfde3f532082ec643edfa03d80dec
de2a3210d2f4f6e10df9b112fef4be0b08f4082a01f113d008c7192311d8f405
fb35f10509e70df420fbdc2df30b03120df811fafccbf0e217bef123ffcd06ee
301f0be919c3041312ff0b21de0ce9140425010a1eede10d0e00def6f60a0ade
0729f911d3c517304bf6e1f402cce5f4f8e7211634d20b134ad206c62225d5de
0e0fe5ec06b0074d3bdf04f3dcd608f604f62fef3606fdff3ee3cee60d39daea
36e7d6ec2dabf45437dc2115c5d00ed50a142304322ac9093907df42034617e9
27de3119d7810fdeea9fcbf224fd04dd81eedb16f52030dc12d6250204fe0ff8
1c142d12f0c7d4f4e1d0e10b5a0cd4f2cbe5e71a04e11ced250614e50ac1f9e5
140ef02d26d4023b33ce12271f05e32dbb18c4ddeec9efe3122c1cdb16b6e5e7
52fe3115249cd1fe1ec2a7f5191bc8f6fb08db27fd261b191efd091f27dee30d
0f1a0d06fa060ff1dd0bc71d2b1ff7f107eff1fcf3ef02e32ad817fd10000431
3902e1e5dffd331dddfbe411da2add18c80acfe317c8dbdc00cd06e100c6011b
7ffa1c0d0f8a062866dfc21b18e1ebfdf4e3d31ef15b3c3311f145eb0795c013
0918d9ef1cfdfe38190a1608f7de0ae5fee403d90b212d10229905da14d5bb08
3908c6f902f3fb16f5210d0ee1e53cebbcdccde1dc15ff17329e2bfbf6bd2216
e90adff9af03d6d3edf60b33110300e8e80f4b29cdd32d1cdff310d8d6eef52d
24e6c5d500e25216e5ff1332f61c13e801e6172714ef23f0cccbc0d8c0d11a12
38dfd2f800b42929ed133440a9f0f5e9dee6e924591daae5c791d9e4e4b8f1a0
f5215c02d410c1d806ecf932d9f4ab0bcdecfdf4cce82623e90b19a4d4e9e8fd
15e219e0fa00e2fe1312165af50de0fd01031ddfebf6f9d8d7d4c5e5c4dbe911
21dcdfbdfbc7fdf7f1232e3ee9eefec6f2f807ffeb16bbc9e4d6ee1ad4b21cf3
03ef6a810919a615a9c7d508fe38850bce91e807e41f107fe12e2acd81a12b06
3cf737bcd90adbfee7fbf407110abafcf8f811d6e6fc1a06f6191bd1e6cd391a
000a30e59de1e8cfd0201af53af6f4f7d70925d1f0fc279e271b54d7fa901a41
0811b303fc2b240d0a1609f236b53cad293e46ebc602092beee4f80311e501fa
15dcdde024fc08fa0117eed1f59f0de2180f1e06f204052efae7f2f3f1e2f304
18060ad1f4e5161408f5de0c1aa9f9d316123620e705ff3ee7c9d041031cec16
0507e1f91b241b1adc0cfdf002a022cd222d19f4d5f8022c09d80dff22dffe02
f6cbeef91cfb16e6db08eedcdfadefe92c1416f8e80b160004e10d27d5151002
fbf715e1f3f0fce0f506f7fe039d26ae1f20100aef1a08cee4d8e42dee3b0905
05efda001603ee0a2d0502e6fa93fadb15231decc0f00f1bfa060f55392410f6
00ace0ff2be2feeb1afb1ecff191eecb2e190b12dc18060808ccf7190533fcee
09201a1128e4eff03df4e22a18ae0fb716ee2815eb1e14e8e4fbda470be1120e
10e6f6e8132855161ac434c9052effefe0f0b9e424970c2be504ff39c325f4af
19f419f8fb44eeefe9e33be9dc091bf5ea09d6e731dfdeebcc0c1d1adc32f5c4
0beb23e90731bdf30f032bfff722e1cbee21d192e72316cbf71d4514d838e2bc
14e3d5e5091a41451929e227e61e0becd7ded922f90d26cddadb0b23da1ff0fe
38d1f2f61400ff180b1aff1cdeeaf7e9efdcd80b100fab23ebdffffaec150cbe
fcfaf2e7fb0ee6103f0920070affa004fdf9c6810bf7fcfbe3482714f276f481
d8abeece0e01bff2fcf6df4d1a13e7d7dee4fdefea2903b0b6d2d926ff179ef2
dd0107e313fdbc011cedd6531806ccea0ad2eb1ccbffe0bcf8b70c24fc1de8e4
0c4bf3fb0324d3041bee01301e09c403eeaed78ae7eef53007dd223ffb34098e
f10421f0f2c901f615fc012fcfdb22a7f3d72701e5e30df90635effd0ffd1025
031817ed0de5fb171ce31014deb007b7011612ffc1c008210b53d1f91f121320
3208e8f00714d90b6bd706b1d1ccecbe1707f1bca6120b0ede30edeb0f0eecfb
f1f44117fddb21e4d3f91121e7f20e8b0e130c0700fc03f80cf6cf14040105e2
f7144c071cde25e7d7e6013bdeec34a5061001ecffe4e8f702dda74e0afd0206
2b31142136260ef437f1de0affe214992f0a10dce7e4ee0ff1e6cd130ade10fb
10ceb7ecd9e91f05e9fffaffe3f9ed8b1b080cfbfd10fc2601b6b9f0f709f002
fb02e2f0f108090deb04f433f9070b9cfae814c5f1e0e206f8b9da16080ee5fd
0936df0d100af7fef8eecf12f1e4e68116f824abe3cc0ef3eeb304fd0efb08fd
41f5d1180ae51b3801efd0162628b82c1f0bb501bcb8e503f911e208e42defe1
0c15ad04ef03fd4803f0221fbfeedf13182ac907e2dae1020e250032f310ce14
44fcdfef0ce4fc270de907ff101a0c1bf92fc0e6d809d3e239393926f9dfe4ff
1614ff02e9011f53ff06d10b2942f2291ef4eb1dd10de418072d0014fd232c07
5215f205e3e6072c0afbebd9e4f8bf141724de11222fe1e906f4e708ff2c130a
08ffb5e0faf0ff081ce8e9f4f8f2df290112e405cd16d7fc27e408e9dc26c114
e3f6fdf813f1f346df12d512e84afb1cf70bda26dc3c180ed62be31511e5d8d5
19f51cdf04080a2eeb05ef0bcdffa2f81c17d53be806e5cdec1cd21ae644fef5
242209cbf726187f0901f2fc127fedfe1612d4f1cd29d62fec08fb28e55d0ef0
1addfc0e0913fc2a58fef60ce3b5100af0de33bb10eef719252fb721192a01ee
14d51d01d01628fa3003072d18ee011706c429f323f5e90717fad6f50511eef9
13c53315e806261a1f0a4f1a15090b01fad41a120e2ffa0f1ee0dbbdf0e2edf9
0be900fff4fef82132e5ec09f3da0b01ffea31c7021109fa161ab90b051001f8
00ea26fbfcfb0b1828eee017fc0aeb1710d61be914f4f90bf0dae7edffee05fb
eaf2411b14053105140c263411fbd71c0bf0162503ee01270203faedffb1ff09
0fdbf7ede900022648f1dc11d7dfddfa03001dd1141c07c30101cc0a1c25f3f1
eb0e29f3e8f30019fef5d3fbe10fe00c0f031aec1500f1f5d3f9ec0e0ae900f5
000a131af9f9e7daef03f21a040cf514f9ef122707bcfb22f9da05151da60d12
ef053ef2e72f32cc101626370219e0dc1e1f2a19edfffddddc00ccfc08ae13ff
dbc728edda1d5429fd1fd142ee25dbf525fc3942edf80dbbded08b1709e80a0f
00e126f2dc0620ede70ef83818fbea03110c4323e8e0e2d2f3f2d240f211dffa
0ae3d801ee0e390408cebc4b2e32bd160d5011f3f808f42cb41aed1c118116ed
06c6ecfe0a033c18ffd8bd610021defa03292e07e5edfae1c8d4c7f5e9c30a01
26dd0e2a04f41006e707f74513fbfc0ffd283c0b13dfca11e8cfdd1df8b10a1d
e817d500cc1d0ffaf300c148fa20da120d0708ffcc01ecded6ffee1109c22acf
00d3f10bdbea15fc0a01a548e411c30e08ff2311b200f638c2e7d2e005f727e3
06000014e9d7cbded313074e11321807060112ecbf06f3f6d21f19090cc726ea
fd15dd0be0f10e0830f3f1de391e0b2f0ee8010ee21106eb18d90beef60ada09
0ef21a100a0140171af12fef281fdf3308f20b2227fdf32005d4e6bcea19fa0c
2dea011df704e621f2083ff0f213f330fbe1eb17eef7e461ce3e1ad2df20f90b
cf361d01c90af2cc20fcd602f828e3150ef70508f402060bdc1018de0c09de15
df200102f0f62201270cdb08e2efcb2b14f2f2f7fd15eff2e9d7f219ff0fe60f
1b2adf18e9fde4fd0f11060cfbf4015ef701eb1a14e7de1debd3f50005f2e90f
c51d46e9c5e904fd2cf6aae9b809e41207020a0b04191ee9282908e90d0becf5
da174200e5ea001e3112e005f6f5f429f6f7030604d709fc171f150d0112dffb
19ee00f1f8eaf60439fe092410031b40ea08e1170bf2fc001f1cf023f913c5f5
f30af00c00e43310f8e9e6102b30f0e6f6f8071afc0bf6f54817d5dcfdedf319
3e10130c0d072c301c1000fcf524eff2fd2ecfed2f15ec1c13e2c1e8010b00d7
2f24331b0014e32a390eebfad41cfad52c37f0b30ffbfd27fae9f413082505cc
fb04ca02e6fef00d0b0b1458d11af2ffc8c10f13f6d7000b0013ee06e005cb10
13e7f202070ffc15171eeb41d911faf5f7dede081bf4df16fdc6b01bf6f7f2f6
f824fe0afc16d1fb3f14dd120d05e5e134fdfabaf1eccd38dbc9e136170202ad
05da4bb1bd20f711f6f2e72ae60ded0bf3810b05e9b1f102f3280a35b9fe040a
0dd303f5e41fe7001a08cf08380fd31103af0cf9eeb30de8f6fefb2f0c01cf09
f933e83be822d8e82ef3dcf74dfed0ed29ac19dcf0be03dfd89efa3833c0fcfb
0000000000000000000000000000000007e3050efb30d9e0f0afeee92950033c
0000000000000000000000000000000001c2b904e5473712edcd19ea26fc1419
00000000000000000000000000000000f0c9cc50ef572a0110f22bed0bda1b40
00000000000000000000000000000000fd0efde61f4713e43bdc12fb05162030
0000000000000000000000000000000006f2cef1ce416c222ff21003e4c7381f
00000000000000000000000000000000e9e2ee27083c2e0729b51ff2d7b41028
00000000000000000000000000000000f3e6db2c506131e31aef19f5bdde1c0f
00000000000000000000000000000000ecbf0c2c0b2968004518190598a91b07
00000000000000000000000000000000d8c13255d8181205160418ebaacd0bff
0000000000000000000000000000000010cdc30f1304c61b2ffa040842fc02e7
00000000000000000000000000000000fbd7b105392afd253ef60c122dccdffb
00000000000000000000000000000000f912000eed152a05150f2b0133c5defd
000000000000000000000000000000000dffda12ecc6fe0a1d080feeea1e23c4
00000000000000000000000000000000f5ecbdf520fe032b1a0307fa84c2f2da
00000000000000000000000000000000f103fe202304f4f427fe28f2a8c3e80d
00000000000000000000000000000000eae7de27dcff1202f58f1deec91112f3
00000000000000000000000000000000f0f2401545f107210e4d00dede19f8ef
00000000000000000000000000000000d7ef380705f2e013ff57eac2ebe0fa0a
0000000000000000000000000000000023d0213ff2f5111ed7e3c5bdec1e0de6
00000000000000000000000000000000eaf6030807f61dfb25b4df0381d3e801
0000000000000000000000000000000006ff2502190118fb5c02edfaabe2da3c
00000000000000000000000000000000e91b4439eb122bf9cc0de2ef016e1513
00000000000000000000000000000000f4310ef804eb2f08c14e01fdfc063300
00000000000000000000000000000000391ab30bd903eb0c2907e6f101e00d25
00000000000000000000000000000000e4e00114474548e3d8f9da1c2242effa
00000000000000000000000000000000f1fbdde1321610f3d32de9112c2a0220
00000000000000000000000000000000040ad110ee213e381e1abde528ecf538
00000000000000000000000000000000261af0fe44db0c2c04f9fb1af543cbe4
00000000000000000000000000000000e30de5e9dbcd072407f3f6f60731b9da
00000000000000000000000000000000e5dafff31edb13362fdde21624f1cf1b
0000000000000000000000000000000017defee2e2ec0506c3bef407cf63b3fc
00000000000000000000000000000000ebff0af3eda9361bc9edfad9cb1d9fc8
00000000000000000000000000000000e2f525fe0be92745faf304dd01c4c8de
0000000000000000000000000000000009ca4de2e3e4052e38e90644eb119f1c
00000000000000000000000000000000f1d442f2f99d1a1ef204f808fa32adec
00000000000000000000000000000000f0f409fad49b2a33222a28f91ae5ebfd
0000000000000000000000000000000015f7cf111eecdc03fb110d1f19b705c7
00000000000000000000000000000000f6ccaf0df71905fef9e4fc01edc8b2e6
0000000000000000000000000000000021c0f127dffd352817c5fce6e6b5c201
0000000000000000000000000000000001f5f4fe18fb070bd3d10520c9da0dec
00000000000000000000000000000000deecea06371525f7d40aebecdecb0205
000000000000000000000000000000001506e82de224001c17e901ce02afe80e
00000000000000000000000000000000f51b0d184cfe0714c8e1f92cefd9f7ff
00000000000000000000000000000000bdec51fd5601f911f724d4fd0bf2f10a
00000000000000000000000000000000f9fd1205da03f9390918cfd80ce8050c
00000000000000000000000000000000fad30a55111a462a2113efda3e27db1a
000000000000000000000000000000001206fc20f9432006f502d5eaf81718ef
000000000000000000000000000000002acf420ee7485de71b0be4e4cf0302fb
00000000000000000000000000000000e1f23e4630cf5e32fa49dfe9cd53def8
00000000000000000000000000000000de04e01402e935deea24fef4defafcd0
0000000000000000000000000000000034f1080dfb4c42f620ce1802eab7e8dd
00000000000000000000000000000000cd41e6070d345324b3f9fe120760e9f4
00000000000000000000000000000000f122fdf7f10b39cfb473dffa2620ebe6
000000000000000000000000000000004913dde8d02b20ebc70ae8f70c00c7ed
00000000000000000000000000000000fe02ff0c4a41291a06dddcfbe113f1ee
00000000000000000000000000000000391515e89227630537fdef0edd2afa16
000000000000000000000000000000002b1215b6b1237f1912bb043f0803e50c
00000000000000000000000000000000f4f1ede848ef370d3739f0fcf214f4f3
000000000000000000000000000000001aedec09f25a5eda14fff207d903eff6
000000000000000000000000000000000f01eae4ea1d731d70bdff18ecca1cda
00000000000000000000000000000000ed23f2dc141a4ce87fe1fe1bd4ec0121
0000000000000000000000000000000020ef09e17a4a58e15ebffd0ffd010709
00000000000000000000000000000000350ad4a4161c4a23d3e3c9fe12f2c7d2
000000000000000000000000000000001bff02f8a3d6dce3490608f4363ee445
00000000000000000000000000000000b3ca1c03f610d5143edbfefe1f06f512
00000000000000000000000000000000c7fb3beebc231eec071021f234c40c35
00000000000000000000000000000000ec2417129bc70defccfcf2f83a4bf1f4
00000000000000000000000000000000c704ab2dd1c4d932f0180cdbf313e8df
00000000000000000000000000000000de09ba08a90707e753eb1d050cc52ae9
00000000000000000000000000000000da03ee16c01a4f1db7af08e4fbf40af2
00000000000000000000000000000000c7facc0509d530550e2300e1dee2eefc
00000000000000000000000000000000e002abcdd7dd100c12f8de04002a0507
00000000000000000000000000000000110ca7db20013ffefefdf80d020ff00b
0000000000000000000000000000000017f5e30a27f74a2243e10af1e1100f1d
000000000000000000000000000000007f99080b151549cbf9e3d60a05f71707
00000000000000000000000000000000e704fbe32f3045f10f1b0b16b328df0f
000000000000000000000000000000000bff1d043a1a13132dee01fcdef8c3e3
0000000000000000000000000000000033e708fa32d94af6ee8efa0a20f5f0f5
00000000000000000000000000000000e5d1f9e3e51e3ddf4f51fa14f72cad2c
00000000000000000000000000000000edcacffecc3d2bfa21051310f5e89cf4
0000000000000000000000000000000012fddbdbeb2931e90ff5f30c0601cdf1
0000000000000000000000000000000026acd7d8471721bbe1e208006142faf6
000000000000000000000000000000000e06fd02340802d2b9d7fd01423feb24
00000000000000000000000000000000eb81ea325bd9f5f135fedbf715dc2045
0000000000000000000000000000000013b5d6e706180ab8e6d5020fd7758402
0000000000000000000000000000000005dcf5fc3d040dd1d2810ce8cc13eff7
00000000000000000000000000000000ecea0f0f7fb41a28209ae0edfbcd3208
0000000000000000000000000000000030ef3ac405f8d6ef2155ec22a610e816
0000000000000000000000000000000001d7ffeeef25fa1c01190504e5fef80a
00000000000000000000000000000000fbabb6cdbf040314f7d6e30fe6f5f20b
000000000000000000000000000000001ef1e3ffede81c0dd50a1d27fcb1bdcf
0000000000000000000000000000000020d4d910c9ea1a1daae2030904b6a4e0
0000000000000000000000000000000062e1fb1fd3ce113ba3a6f90ed6b1dcf9
0000000000000000000000000000000005f524f942f40b0fc3ef0b2ddec8f4e2
00000000000000000000000000000000020b00fcf1f4151abcf7f6f4fca1dfe9
000000000000000000000000000000004b011118bbdd0a35d0f0f60606cef201
00000000000000000000000000000000ed2172eb61e70214c1d3ff4517efe1e1
000000000000000000000000000000000a1049da5c06052dc518e91f39cc03f1
00000000000000000000000000000000433709d1f8f1ee5dd92cee1121d8eb04
00000000000000000000000000000000d607b8e511da2707c5cdfffcd7fa08e5
00000000000000000000000000000000e91e00d92db22c03d7d10d09cee03ffb
00000000000000000000000000000000b5140f122585384b05f60e07fad015da
00000000000000000000000000000000efe6d1f7daeb06ed00d2020a06d7f3ef
00000000000000000000000000000000f007e5f017dd02e1ded702e4f5f219f9
00000000000000000000000000000000e413051ffbc81e28abe403e4f8f028f0
000000000000000000000000000000000fcf1e0704e8e80cde32112ffecbf4e3
0000000000000000000000000000000000e51411ecd6dc0ad4041215f2e91cdd
00000000000000000000000000000000e0d7fa42e5d9f027fb121712dbf93aca
00000000000000000000000000000000f9e9fcfa3afdba06e5c1fdc4e129f481
00000000000000000000000000000000120ac1dc28e8f312f001f200d14ee4d8
000000000000000000000000000000000ebfc91347eb240ee6f1d5c6e9160fe7
0000000000000000000000000000000008d71fc502f4d816fdf918dbe73aee90
000000000000000000000000000000001af1e9bf18ecfc28bf0c08d9df2905c0
0000000000000000000000000000000005e5cc0653ec1621d8ece2b6effa20cf
0000000000000000000000000000000015df299cfa02e313193e10fe12321df0
0000000000000000000000000000000010f201bf1f16f21ce511eec31c1ffefd
000000000000000000000000000000000bfd94ad170b0605fddf8dc3dfcafedd
00000000000000000000000000000000d5ce2b16e2a8cc20a4e60481f4241c1b
00000000000000000000000000000000c6e21925b8bcf33d09fe10ade1cd031a
00000000000000000000000000000000b5eb171dfe0fea1c3a39ffeef2a20622
00000000000000000000000000000000e6ed4afab7dbd80bc3fd09ce0b1af22f
00000000000000000000000000000000dae91a10b8db0a30e8fa0bd6d9c1ea1f
00000000000000000000000000000000ebff0013da03e227f7f000dbf298b10a
00000000000000000000000000000000e9d4ef1e08fcd7f402fd100bd5ad1335
00000000000000000000000000000000d3e9161aefdbe52507200606e9dc0207
00000000000000000000000000000000cdd73812cceca839d80ee123deda0101
0000000000000000000000000000000032e4e2d60a3befe80335e51e1f3edc13
000000000000000000000000000000001c1101f8efd6f90ae8eaeb0053481100
000000000000000000000000000000003f031be20c9a2822ebc1ce1a410f0024
000000000000000000000000000000001ac9f3e7ca120dd5303ce62ef972e85b
0000000000000000000000000000000016efe8eee6fbf7ddbbe4ecfbf2230d04
000000000000000000000000000000001c1b37e2c0fc0e0ed8bbfcfa02ec0002
000000000000000000000000000000002a11e4bff7dd0f0b1a70e247bdd3d924
0000000000000000000000000000000017ede6d2dafb03f8234f03fcd7bad202
000000000000000000000000000000001407d1c2f0290c010338d0f5f7bfcddf
000000000000000000000000000000000a2506d50cdbffe3d7eddb1ca3010e13
00000000000000000000000000000000d0301fe159f3eaf733b8ec1b94d40b1e
00000000000000000000000000000000ed4436b2f6decd3445c4e535e6dbf61e
00000000000000000000000000000000000f16e22a1805e7e3ecf2fad941f808
00000000000000000000000000000000dd0933f22c0f2715221febf318c51c15
00000000000000000000000000000000f43efdbf13010c372bfce50029af220e
00000000000000000000000000000000012520e30407003b1193d61e091ffa01
00000000000000000000000000000000e10d12b1f0161f4a23fdd71825e80b06
00000000000000000000000000000000ee10d3814ce7f736e9f2bb292bc00500
00000000000000000000000000000000d00618012afd411520ff1b041ecd13cf
00000000000000000000000000000000fa14fee3ca2228ebf6e808f5d01f2ffc
00000000000000000000000000000000c00d07e1aefc3431d0fd1509c4e31be7
00000000000000000000000000000000d5e506001d214c04fc151210cbe514a7
00000000000000000000000000000000fff4e3f9171a22f424281701fd2323d4
00000000000000000000000000000000dbf1120be9e727250c201f03f9083edf
00000000000000000000000000000000d2db1cf9f40b2b26f100100808d429cc
00000000000000000000000000000000c2d6e605330e1f0206230a0407e71fe7
00000000000000000000000000000000c8eaec2c1fcc381f1b3f24ff01de4ff1
00000000000000000000000000000000d2d02d3ffe00e73919ded0b9fc14a2fa
0000000000000000000000000000000002f734210ad60f0f3b0bf20bb7f3ef18
000000000000000000000000000000002be3302e521d0cd10c10b907e8f7fdf6
00000000000000000000000000000000d12b151ffdf11209c430dfd2da1d1703
00000000000000000000000000000000322eef01c117fb0a321c02fbe8f80d1d
000000000000000000000000000000004ae5def5fa5213cf05deccfe29ef0007
00000000000000000000000000000000e1fc0df74313172bbb6feaf5281d00fe
000000000000000000000000000000002404c71c9a18023b0331e6f20636f115
000000000000000000000000000000002af9f0d4ce2e2c0a3bf38101071002f8
000000000000000000000000000000000405f1e3c4092dc5f5f720161df028e9
0000000000000000000000000000000024b7080ef0f5dd0ee5f117fa0816320b
000000000000000000000000000000000a8f143bde0408b2c40afbdaf5f1350e
00000000000000000000000000000000e5f9e6e42febcdd0ea13f804f9ddfcfb
000000000000000000000000000000000ade100918e7cf0fe5f8e4f6e20dfe11
000000000000000000000000000000000afeff1bf8d1ebf910e8e009dcf839f1
00000000000000000000000000000000e7efd8da0f0c01ea33fbebe701e53a2d
00000000000000000000000000000000071de7ec081bddf5d2d3f1ee0ff9302c
000000000000000000000000000000000e10e0cadd1504e99de7c906f4103e01
00000000000000000000000000000000130a3f1e02013a0de132ee07243d9d02
000000000000000000000000000000001e0b4ef1fa0e35e94a08fe1a2935dded
0000000000000000000000000000000046d141f70a3058e43130120d1dbe0014
00000000000000000000000000000000fb21eaf2d50942e1b7f005130261c71a
000000000000000000000000000000000ee71decdefe24d2c3f7151d1c21f2f4
0000000000000000000000000000000012c024f607ec34fe0102f40131f8bc33
0000000000000000000000000000000006f9f408d0076bd13640da00e1e6c904
00000000000000000000000000000000f8b7b207bee82aefff14041df62aeff6
0000000000000000000000000000000007df43ffcf144f0a48ed05041ef10542
00000000000000000000000000000000023a1b0c5c0ca532f30ee5f7e207b2b1
00000000000000000000000000000000f53af6f6e7f4dd04e30ce604e51d9ad5
00000000000000000000000000000000ec10fc1016edf22ff71edcfceabd81ab
0000000000000000000000000000000015f515f429f1d028de110400eb17b793
0000000000000000000000000000000009010ff61deaf930860be8f7d714c3ad
00000000000000000000000000000000eb0110031cf72649c601f7d6f9bcc8ad
000000000000000000000000000000001bfd5ddc1207d72cc10a0434fdf9c9d0
00000000000000000000000000000000ffeb2feb340801198f0bf904faddb100
00000000000000000000000000000000e7060e103a16f64cdce5f601e9a8a1ec
00000000000000000000000000000000dc0da2eb303e0b1f3acedefe9fe438dd
00000000000000000000000000000000fd0acdfe4d170d0712b0fbf8b6a13505
000000000000000000000000000000004308e4f6c717f10332ea0410f508280f
00000000000000000000000000000000c6d5b6250d7a58e51022e8eee4ef12f3
00000000000000000000000000000000021099113a3235c227fb09fbd3af28ea
000000000000000000000000000000003d360317e4542cf527f8111a09ab2aee
00000000000000000000000000000000aa0bd825fc7f3be30688f2f9002616e3
00000000000000000000000000000000de2bcdf005303cdb1dd80320200c33d3
000000000000000000000000000000002a21fc1cfb545200f8acfaff46f36107
0000000000000000000000000000000029f4eb09f0eafa2add03f301f355b0d8
00000000000000000000000000000000fa0cf112a0ca1c54f6fcf4e3f7fd8ff7
00000000000000000000000000000000ee210d1af2df1d4c29e7090a0392a812
000000000000000000000000000000002f0042e0f0e41624840efa02d67fa924
00000000000000000000000000000000eb182e04cdc23c47942cfdceeefc9011
00000000000000000000000000000000e71b200dc2e70f474c2321f605ad8410
000000000000000000000000000000002d014909e1250c1acf2e05100c05a545
00000000000000000000000000000000ee01600a19d20c39fd320bf80bfcc73a
00000000000000000000000000000000051022ded3daf67f13300813fdf8ae11
00000000000000000000000000000000f400f9fdfee8ec1abffb1204e0cbe8e8
0000000000000000000000000000000012f905f9c3f1f61ee7e2fbe8eebdbf0c
000000000000000000000000000000004602fc05fcdae746b39cf51fe8cbf215
00000000000000000000000000000000f51a2aeb58fbfd0aa6d5060d17e811f1
000000000000000000000000000000000f130904040cd831e41001fa12ec0204
000000000000000000000000000000004b1afacdbaf2d040d60ce62307d01813
00000000000000000000000000000000ec217f097af8ec30daf2f541221d0bfd
00000000000000000000000000000000193333d654fcef4ed4ffed2735ee00f1
00000000000000000000000000000000563d098a18feef79a8fec43c12a201e9
1ae4f31fecfed400faccccfecacb0df0ca0dfeb206f4f1efdad503c808eef203
f2d21c10260debe61e05e1f102df120603fa111ee7d0e90fcfe00de0df0d0dff
43a3f204fcefd5810f9ecdc5f1e5efd0d7d5f3f9f7dbccfeddf42003b530fe03
2315e4daeb1be2350bbaf006d2ff1903e5d1cfa701dc0fe6ffe810f7d7ef08f8
e9f61d072006d1ee031407e20607161adbfdcce001d402f6cedcf405c6fc001b
f2dc110c0accd798f0afeffcf6cae9ee17eae6201fdde6f6d0f82a0f81fe03f6
0d21ccb319c6d20d0af7fe0ad6ebc30f0bd7cc2fdce125bf0211eff5f6e3f5aa
ea1ddfc5e8c7b7f9032f14f1fafbcd20dec29111080b28daf315e2f71c170fd0
041005f9ffb8bc9ee6d207cddaa5ee08e4cdeffc1af224e2bc1c25e8da0611e7
1dea0a2d0af0fa0801fdd00613fdff07f6d8250231f0eb01fbc036fc34f218d0
0ce91b040cdafa371fdbee120004e10bfdb1099bda15ffe41f0fd4ef2e2a000a
d40319fe50d3f8160b1bfdcae4130902e1f215a1e8db1db2f8f2b8e73f12fb2c
18f51a1d340effded022e10a061ab407e7e808dd1daf0315f5e0380908d9d4a2
f8202bde42effe23eb10f610ed2681261ae7e71bcdf10d1418eae42dfaeef4c9
e100ebc917cedb07eb090cff180ad503f4f228dec90d18e41cffd7121d28081e
fca412133118f4a1d010df0d08c6decde8e7111715c1f51985d6020af6ca26a9
08fa17014edc17f3ca410606e12aab29090410370ce0c91ece074232fd03d8b8
f50f05fb14eb03c9e3fb1f1d13e4df191fd73a4908f90de4d7090f1ff0d3edda
a9c92cecf62b27c9e5051e27080c000a3919f30fea0b1e0acaf1cdd4e602b224
d8c639f7072ae5eac5e601ff254bed0e0b14f51b07fe250c81baca0a1c00f721
fcab1de7ff2bb5e493b3fd077f53f80ff7421c2902052d0094a2d9241bb20535
ccd020e4da3df207080e0d25f70923f3150a07cbfd0314f8ae20b4f3f0d61221
fde418e00e28b112deecf6050b40f2f11847c8eceef2dd15bfcaf0161a24ee2f
16e71bd9f732daf8edd7fe2553320beb1636f2dfee0ee50acda809164100c31d
19ee0ffceb2e00ee1dde0f2bbb08fb152e1309e40a1028d7d3428dff2a93572f
07ee2f0c191dcde3f4e90e11afe7110b0b24cdd2fa0f12f90522d70035a11d34
240353e0f01c04e2ee0d0e29f6be080322f79ca7def9421fdbfa24e75cb2ca08
0ff01f050d0813f3e89ec8010c1300dade02e0ce19e2fa3f09fe15fa1ecf05ca
bd08f6f7faec10fa0ed3e9f6dc0be302eb0ae1a9e8df09f22a1af5dcd5f1f7d3
9a14f5ef08de1ee6d5a606ebf016c813f22df1cccc09081e351897d6f718ee04
d4edff06e6f00303c5c8c9fc2d080cd8c9b0e0e302d9f83e0d031906121d01c8
fbefe0e3ed08fe05dcf4f7f91f28d5fff106d2e3e5f2efff1f170415f6f800e9
c50af2ec0fe625d7b6d30ee91306ce1cfc18e918f2f10404f6e6fcfd1ac7e9fb
b4e8e6fd14f203b7a2c9c9de4ad7cbb9c416b6eeecdbeb55e7d813141107c800
dbdbc9befc1807b9adcf03ee61f0eefec82ccd0febebde2cffe632250bdb1519
dafefef3f1fd12cac4d305ea40b1e71ae20c17101ee9ee26efe42bfa31daedfa
1e0029dd1a0a1b1202c41b28c6c9fc4032380e04f7f6f20d2bef27ce105fcaed
e0ee0ae0340e010b1f0011080ee80e33250609f1f9e8100be4e304f92dfbcbeb
f7c7fbfa3005f1e717e1feea1595f215e9ce27f01b07e0fbaad1e40212c6bc06
230b22021d132900d5c70a29ebc9ec261504f9deeef20804071d160e1cf9f9f1
182f04eb21f0f5f2e72e1a1cfeedbe19efe9e6f7f3fbffe82712cd2028c8ffdd
4b0d02d7fbdf07c50a1c1bea05c7c105c717f71ce40b06030f18ac091dd4d2d2
1ff9362d36f733f6cede0617d1c7b71bc2dff300240dec218e08d63014e217e8
2625032f26fe15c4dd38150d06dfa20ee2f2fc3129ec0cf29314b5090ec8e3fa
4529e3f012e829e2f04b23eefef69f0b0aefd2282fe22c34ccdbd5e90edba8e3
072ad11a1a0a052c25401dd1da11f11fddb81edb09df2997110ac9ed04e5fbe4
0f15eef40effedec39ee0ad5c918060cf6bf04a9ecf509de0ad335efe809cd13
bf071bce251acf011a2e09ee1339071334db18d9060afde913d612fb1712ed13
1129fbee51fc1424041af307eb0cd004f39eded3a7f80dbd19e3960e211302de
1115fcb63212f00d29ebede7f20fefeedcb3adb7cf0f25da24f5ce29fceed0fc
bff723a4261cf1cd022a09f02bf4f2e7060ecdeb01180de00dfafae922f3f118
2e10fef5440e050d173313dad805d50c0aacc1cab5f7eebd2418b0061ef6fdd9
e218dbca170efd0314030802f41dc1100bf0a500c915ffb5fe13ca11feca1b05
c823efb80513f2df194714f11516fd06e7fac52810122cc9fa0edcec2121c70a
fbed0ad244f6e2042402e808cd0ff0fcc9de26c414f41249e705d2dc121eceff
e0f228bb1cb0eddf2a26f0e5fb070ff108e1d8b0161c1813d6ff05e403160707
d6133a151dac06e500180f10252727064eeeeee52929f60bc7e21c14eaf91ee0
471619cf10c4040bf6f2010fe7e9def3f2f7eb0dbe0df23a0bd7b4e0212ae0ff
34fd0181e99ff20c160606eb0b0bf6dedce981f6d8140112dc19eb06052e2100
1f1df6f9e5ccf9fa203f0400281a39fef7d3ae2e1109ef26b6172e0ef72ae814
131c240226cc0a0af41c2314cc0eee2c10080a14c712e50721d709df12362508
0e18f1bbec9cee0cf319070a0411f60634f9da08cd070710e5fbad0bf12d330d
2411dadac8c0e026273e0bd4140c1e07facaea330b23071ec0f8ca1f0b39e007
0b1cbbf4f932eaea0d3edde5ff29e1cdb6f509bbf1c20c7fe40e81b1370bcee0
f018d923c20807142c1eef20e93727f9aab8dc0721caef37e20eb3aaff0ad9ee
98ed0c3fc0b00b0727f5f72ed4220b00c60ef5de41d1024b94effaf1c90bfd1a
360bc60ce70e0311f527ef140d12dfd5d1d7f32cd6ba15471615ca0bf615d0f6
1c0806100d0020481324f616e429edfae49fc707cae1fdf928dae20ce2e8c704
d6e2120b13df0a2f20f6061bc330f110c8f2c4caf5e90406ffa8ee16d2dad938
42e1f22601d72708ebf4e30f18f3c2e106973919ebe1e3461e2a0516d412b9db
2fed0d0a310025180cf1ff0a1000b8fcecd5e0f7dadc04f922161d30e300db0e
d2ee2df0271f11150bd9f90f0415df031d1ae3d9e3ee141220e81010f832e824
fbe8fbfd008c2009da0dcd21f507f8161fe623f00d1dcce2ff3105d7d74141cd
f0fdf5eb1e97e41ceb32d8090716b3011c0ae8a12ef30ef6d70027e8081a41ec
d03427d96cbcedfaeb22fde202f6e6fc1766fcfb03e21e00d1e419cbe90f3823
03fa390155b319f3de1d061ecae01320eb2fffdfd009cacfdde8ff0e02db20f5
ddf5f3d204b4e7c2da04e90a0e14edddf044dbe5ea12fe09e726162609af0cfe
fb0ce8ee02da0fd4c116f3132ef132e80631f83bf7120cfdb4120407f2031937
1e0113ef46e6021ff0df0816c4e30127ff2e05eed2ebe8a615325335d412161b
d016ffea25dc0df1f7d5f931f41e1f17f830f7edce02cbe6e3364e1de816fdff
dde5f8fcf3b41ed0d8f7e1081e193806fbee25ee0d1beedeb829f40da1fdf10d
09f70e0014e0150312c515fbbc09230ad9f9f79ced1bebe0e5eea7d11619b717
c4090ffc1beaf1f828f51adfd90eeb07fdd8dfc21df4d908a1d4cf0f1207e417
c1ed00e20617ddfad225f2acd322eaff08fb113e23e8d7f5cad0ec21f606e30b
f01f0ada20ea10350ee4fb15def71801b6ede8dbeb101acb341d930d1327de03
d2fb17c7251adcec3a290eefee19e6ddee39e2bd25feebf02106111c19f0f018
b9e9f7f7ee1ff1f80feb0dc1d832fdf3fb06ee091be4e7eb23194801f9382a06
f335f5de3e3d3112e00d0240d916fd2ef143db50f01103d31b0cc20214e5e407
f02c05d30744fecb1006173cdc2301fa8f20d94a2f1306b31b19dfd4efc8ee0f
c204fde9f025fbcadb0bf6d2d03214ec82f0e32e0a1af6baed3beff91d263507
bff3050e28e616bbe62edfe6de0ded13d130d305ea3bd791fc0a4f19d9def9e5
cc010cdf1cfa00e9012cfff4c7cdd51949e0fb3d0cfac4d32bd7edc7e74b0fd2
1d1118ee56d9ec3e14d7f91984d2f4fb10b901190ce4ca9bfc08dda4d0262cd4
d4df300a41eff6bada0be51807b21808bd1afd27f514dfe2e31f25f50c20e418
c8f102fc1efe1013e4f700e51bc6f109200ee6f70918f3c70f0bf6eb1d2e1204
09e711f81b03fd53eaf7ddd6f0e7d1de1e0b0fee200eebc00a49ead4110341ef
99372fdb2ac6162afeeee32c0ade093c1a20e3f6e63a01da1f3626d125050e0c
bb061af93fd81e1b14c3cd0b24f93ed8f0f8f8cef729ec981415e2154d3d43eb
bfd104f517e3f00ad00fd406f5fd0ae63753a7d7f138ded12e28eeee08002425
fceadfff0dd9171cf1b6131cb2fb391e19caf3def106eb8499d3dac8d0cfa2d2
e7efed1709ea0bf502e0f822ee2512edc31814d9fcd1e38e94b92ae831dba505
410afe18fc311a99d6f7140513f620fcc82ef4dff3ddc3b6ddd93cd818e619ef
fa2614ee41fdfe2203cf1c28bb21f8e708fbcf04fab0e2b70d8624ee0200bdc5
c6fc26f333e9fef71af00627e047f5fa29ebe002fecfefb8f5810db92a22c0e3
fd0a0feb300502f313e40a13fd1215f40664d5fa08f0f48605d02caceccdf601
07210ee331e027f4f6f81627ce202febfa54ced10781f4a625dc28ef0837f9ee
d20624fe2cc208edf60af10d0a41e6eb162fdffd0ce302a80e1e13bd072ef8d7
e1ffdde701db0400f80bdf122217f0cc0dd8efc004eaff9d0b33fbb3f0b28f11
08f3d5d305e2d22f2f2602f924301b0a070806dff3e61a24181dfefd2043d016
250ddafa04fde4f92ff3def429f230f1e7220ae50eee071b04ed08011c1cda07
30cb001307abf3a504a5fddf2abce6cf96f8e0f804c3d02e210127eac61606f5
4a2ae7ea17c3ee471e0b09ed1c1d210f23fe1cf703d82f1f0f09cfab011cb2f3
2b2b0f1f35bf0c0d1503f9e227f826f814291a150ce22cffedfadf0cfc20a6db
1cd6151c2a8711bff3bffdef19c0e7e6c718f412ffc1f828fe024127f91ab4f2
6f26fdf6ced5f208121b0703101bea0128cd18fd0ad42f3213e7d4e1f719f1d3
29270f1b23bf16d40f06fed81ccd0d1308cb242c10ef450f0516f02b1014bcc1
1fe31e0042b90193e7b100be05a8ebebcfb3fb0bedcb1c49080d25084606d6e6
20c00a0716f402e7d09ab6fcf2bc05cbf8ccfbf206f9a814e9120febf0cec6f9
f9e61311110101f5fcd9d7eadbe014f8dbdb11e9f4e0cc07ef1e08f2dfe2c014
38c50dff05d900d1ee96c4d7c5ce1ee2aceb16ddd1c8c516d221f700dceddb11
08d8ef16ed08f315e8a6db0200f9e6f9f3d33ae911efbdf5fc020df8e3d3ccdc
eee4f710fe07f005161408f6f7fdfd1704e61de006d7edf30013e3edd305d512
03cf020111def6d2e6c7fceb0aff1205eee008f2f7d9f306d1001112ae00c702
fbc7ef0e0401eaf0d2a3edfceed7ccd7fbd962f51eee9e1ef1f1f608e7bbc8a9
0acdf703fdf1e6dbf6e00ee3e1a9f40002e123d1fdd4ce07eaf2f2f8cbdcc8e4
1db60c0828e6f1c1e3a80adaf4b60cf0f1d102d7f3cee503b4fff809b7d7e7dc
040af8fee0fce9d6052ce8efddfbfcd7e8e40df51ddd33fd0cd540e71ff422f2
0225c718bcda0b0727670afecdf7ed12ef1c0905f9de26f307ed10e7043113e6
e237bff7cecf2007587f1711d5210d16f5edf10dd7f329002bf7dee23060061a
ff0600f1fa16e0ea05fbeaf8e80715b3e3ded125f6d60e27c5dc070111fff80f
f21df5f21415f0d1073009e7dd061ef3bf17d31ff3ea1a00e4ca13f1100ef019
ea40f709f1fa1bf527540c0bef02fa149d11e426f6ea1fde05b70fe821141436
c4fbf307f9c8f0e70ebee7c30cd90e91dedbcf0111b10e3ae5d421e8f51ad220
d009f40c28d6f6de220befcee6cb2ac8cfd8060e16fa192bc4e323ffeef2d621
0210141e23d3fd230221f4d9d8831af181da2e2522130e09e3e115ffdff6f227
09e5fc07f223cfcbfeae9ef318e3eea0a2b7fef9fabbd2181ced37d9200504c0
0605ff07da22ece01cb3d40ffad201eea6d900e0e3ee12001bf82be600fe0fec
14f6f7f69b1fd2c7fc9fe3f0fdeae5f783e9f0dbf8f70c0dff0f0eebf50b2aed
12f6081bfdf3fbfc17e8d6052326f8e123dbf604fed9080718fd2dc60ef0f7c8
1101ec1dd2f9091323ea0617fb140e25e5e5fbf4edea3dd8ff0d0ce3defbee09
13fed9f1bef0df0211d005e500f7ed15cbdc08e8f2ee2be1c90e0009fbeb0008
f7dffb1b01d4cff6f3e7e8da1b00feb408ccf2f807d9081a00ee10d50fe7f69c
02f0db02e4cde1f3f1dc08e51411f4feeee2f8fbfecd15eae50100eb03d7f0d2
0fe0deece9d5c9ed07b613e0fcbdf206b7e423f8fadc10cdadecf211f2c910f1
d83ef607d516034914f0ed21ddee22250b23fdfae91237fff41be7e6013dfcfa
e726f5fac506e12408cdef07d4f20f0c012504e1e7103e01fa1e24f0f01903fe
ee17fcf7ddf7cdfe1004031d0bd5050b4856040dfb2835f31f0131e6f022fffa
c9300603dd0cfaf6eacfee21f5ca0806f42ed31beb1018f61c0b00fc111902d5
e804fbeaf2e1eff0f6b2f51ff8cb02fd1331dd23f01e13f30af327f0021103d2
f20eebf70ce7e8ed05eaff1df4ce1408224bc62e001f32f1fdf22bdde23bd7df
d203ef04f41306e9161f080f35bd0f000f49af31ed1009d41b082b1e1ff5041f
c40ad2f503d8fde70711fd2503d1fe061321ae26ee1c07ca06e614ef06fe0dff
c223dde919b6d10c1a36013100c804071b26c435f71d28e82ee418d4e440bbf5
1ae6c4f8961cf9fd3df3ce0c4009130f17eccfb6eb190bf6f01045cad4fc550c
0dfdb1008d23f9271e00f8edfd0afa000c080cf20e0a2df2f9f028cad50043fa
3b08a700a10a021a1deffc05c1f61cf30330121812f61bfd01f53ee3e0190f00
02e1c5e99e0cfa111b06f71c1a0bfc190c04ead7f3352bfd1e0b29efe5c40d15
0ce8c4df940ae6fc1cfc0600f7fe131f2820e301f2353b0038d1fbbb06fcdf04
0506c009abe4f2282b01f712dcee01164116182514132c16d6d62bd7dbf5f2ec
f5e681fa9404e006f4db01101307e0083bdd1600f92748def9be27e925940400
06df9bf281e3ff05ed0f0706d91116230ff229de03322fdf11e31ddd0fd0080f
1fdbaffaa4e4e00ee61002ffb81b0a07250109d90f190ee9dfb711c4e1e31dea
f734e91fd1181b1e4e25050c34df1be712c1f22e092246366302fceca2ab0825
320ce4ecb800041047fb06f004f40bfde8d6ec150e20342b5011fa03ada82007
1711efffce0902117f37fcecfffa250ae5bcec13f01a540b03f3b31bd0cd18e7
ec3c030ebf0f10221f1d0aecf427f7fd0dc7071f0d083b2e3a0eed019cdcf726
020d00dcc0fbd70716050ee8dd15f80805ba182617150b252cf3d6fec2011d06
fd0b09c8c31fd825341f14d0f4f2340af2d9f620150b431509dad3f4f1f92ff8
f74314fac70bff153f390a0ed440ee121fda072607f15d131adcba22c8e8b208
07fd02e1b41dd5030afcfaf3c301cd145fe8260402043637f3d2c203f2f9d105
f31304cbb03bee0e3c4c0bf0c1f1f3073434000bf40a3e1d0baba0f6f908d7f7
c7f40df553f4f9e80c201c16d401f415e3fc0e01e807e0e0f9dfd1db253ee806
bd0ae8fb0d01e7eb2efd2df8e3eade33e7c221ac121a0c02d1e0d0b91817be06
dc02f506d5e2dfe6f5251cd4f104210af2d769f333260ce3f01495f107faf00a
f71206f93a02fbe711bafffeb9e016fbff30e6e4dc13ff100ff8d7e4f411f90f
bb1109b5331100de10af03e5df1417f0fb18dbaef2181f1ef7f2b0e93106ad1b
e2030feb17e3f0d0081a00d621d6f3e4020618fa17122ad5f4d2caf6ef20fe1c
2b3feffdc321e3071ce60bf9911100213c1650dd351616d3142cd4f30f11f8eb
e9211aa94131d1d114fb02eaea13ed0a1af8d4cd0dfb0f0af01ef6d40e00ec05
d21324d626effb04e850090c291bf3d5fffff8de0de907e60121cfc6bb73e218
010af103ee51f8ea2ed0fce2cbfe13fea7c02004e10c2816ed00d0f2d7e80bec
11f5f6e9e51bcf0a37c4fcaba5fdf80ad9c9f2e5c10416e6000aedcce0fe04ee
efe7cfd8e7f581fa3ce6ff81c2e50f0de2eee6f6df1d22cff708d990e0dd30e7
07310df8d702dadb030d01f2e6fdc206e5b82e1febff360cf41cb3f3cbea0dc6
1918feede606d3141acff1d5d70eb9f8ecc6f304baeb1ee60e16d3e6e70208c5
f518f7dfe7d3b323151b09a5e3fa0108f2deeee4e51025cd0d18bfd3fcf2fddf
1034fa1cdbee1ab4de4a1920d014a8ecccc8224dfc01391917df94d117d8efa0
181febf2eefcfe02dc0710f8f83aacf8b3d7d921e3fc44effeeec4f419cd12b0
ef1701ec17ecf6f0f62a11e9131adefbb804c303051037faf2f7d20d2097e1eb
33f4d118f243d5d01afcfad9170807c945bf09f9eeecead72ee512e9ff140a1a
1337ef02e30ff4dfe8200312272231ef3ad81332f205d3c5140d43ffe0ebc514
070eefe90aefd64c15250a2f01ef0ff62e01df090306ff0cff1a0df010c4d605
17dbc208ef48efc9000201e9f4e5f4dd2dce35f41d0919001ad4de1b150eefdb
fdf7dd0be02e0422143a16df0033eb0feca61fe7edfa0bd60503f5fa0c11dce9
3fe40b0103eeda080f3ffcf2e4fc1fe11fd6d1e727061bede9f7b0f838c7d900
f7f2bcd2df17dcc00e0603e5ec0acdf52cbdfcd8000800dbc2af002726f81bdd
1df2abf1d0f308050a3708fbe320ecfd3dda0cf7d3eafa05c9cf053e201c11f4
62e5cd14ce02e202ea41f0f8e1ff020d2df3b71b02cb00ffc30cd1084ae7bc13
3be307eb181feea3e2f5bdd7ec86e581b4acea3c13b3dd28f4e76beafa02cf07
12f218f82bf8fbe9151dd7e2e5cc02c5c1e6e7311eaa0e0bc7f649f7e707010b
40f21b0d1fe9e9d9110ae4c4ca9ef4ebdd08fc2528bbf619d30722f5ebdff301
1b140812e8fc13061d03d402dfd000fbfab6061300cbff19fd0d09172512f40b
ea2c0c0bfbde093c333502ecc4cc061609e4fbfc0adc210bf52028170c0ff62a
f0180300fae8eb093b1406d6b5b200191f31fd1ef3f3232aea262720fe03d223
ddff0b00db25d1072608d2f1eddca2131fd5ec2912e71620290b181d470fe2e5
c6240600fa0ed2262315fa06cde1e02508fc0b25eef14019111f0a100d19f611
e610fcdbf709e236340f1bfad0f0f51b2127e634e3f221140b271b01ec08cc36
f012f8fd0a02d92026e3f3e6f207f1cef5fd0be2250a203cd1ecf3e1ffacf4f7
e6f7fe04df02d9fd3ff211e5f208f407e12d3c2c2d0c163201e120e2d803e203
d50707f7ee14cdf751080bdaf3e7e708d50609042cef3b5508e804dde312f524
0fead6fa2505123617a4fbd40fff10abe1d8dfca0900fe1409fff7e8eed7f4f1
f9040112170f12e32ce60feffbff0907f8ff402034f8faf919091205de1afc08
f41f081c07fbf1db2c00ffc0ebf0d211bad124143ff13c1b090816f0fd34f60a
1620ead42dc1f728b7ddf2a62af0d3b7d79aa9df0501fa5724fb07c917bbedad
e22df4cd0ac712d808f206a72ee1f5f5e4b10125feff0d191511bbe903caecde
fc1cfcf8f9cd07bd07fcf49319d7ec0cc3c91809fef23d0f0a24d3e4ed04bdca
fef9eb00f6e0ec363401f8dcfd0908f7d4bbe0e3df0e15193123edffccb8ea0b
f0ee03e9fbd5c11135dafecce6f9051308caf3c0d40c171dfee3bef9d8dbdf1f
ccdc21e324f4bdfa4b10f7afffeb1a23b6e9d8d2e7ee243cbddca906edc9280f
0cfa020009f6e6380ad208f41ef7ddf5f6d6f7e8dc010c2844120423d6e0e102
ec0219dbfaf1c51a21ee0ac8fd0ee91e16d9cfedd2fe16201ff0fbffff1bee12
a9ef0cca02edd2f3371707ca0ef41c1decf5ebf8f5051d1b0efec7f603f6f02a
362d26e62703f81ce9edffe403fdb501d2a2cff8cdfe281f3c13f20bdea7f9e6
0e1c18d51411f804001003d014eeeb0cf1dfd2ffcc06471f2f1cefe115c40203
c70919d812f0e6e1fc4a19d024df0b13e3bfdadee413412a250d95f519bedd14
1e05e90c2bf91e3609f50bdce2df3cf5c7c306ddeb18fdbde311acd6d1bb9fed
0a02e40f28b309fa11b800cae10a0df2ffcd22c7001ddcb2c2bdf905fba284ff
0aeb03172909fc1528e51aad1a1b0eebb90336d7eef7c9e0cdab0efa5ad7df07
0816f6012bf31c2225b0100de2fe06e0bfc4e5eddffdf5dc22d8fe37f807e1d0
ecea10e021ec001819a807cfcf11ebf00bb4b2a7dcf6f7c520b2fcf70c21d4df
a7050ade2bf9ffea38befbd8000a15002611f2d1c3f419bc04c5c0e53220eff8
391306e82de209fa0baf0c18ecf3b0ead001d101caf001cd290bfc23fbf506c5
f61d1fd807df073220b803cffc18e0f123d48fc7e3e313bb3215d5efe32911cb
812216bd0eda1020251702ca0d1aeae70fa3dac6bbed15c5160aadf012f8e1fb
17ed1cc8fc41daaffaea81d829e3baa594dbecc9eef6ad69dcf923e12a10eeaf
f6dde5c1d234e9d10603d2c1260b14dba5fd04fc15dcc61eddf1290f06cbe9f3
d3f415d4e360fceaf11700c039de0816b0de523c22f3c334f5d423fe2ceadcee
0f1b03dbf616cf1efaeae4f0e501e5e1cfe4c9f5f1d4cd53fcf8441b210af2ce
0510fed90ef9f23002dafee1ebfe1716b4dfcdcdd7f7dc1d06e02911e30bfaed
c51223e3052b0318c1191abefaff1216ab0013e8faf8103bfdbf0607faeeed1b
3f030e020f34ec1d16e4f9cfe1f0c200c2af102439f1d53cf409291f15fabacf
121808e423fbe81935c20dd2daf3d915e5b8fcedf3ee14211ae41d12c902e2d2
d30026ae130ae9211af1ffa40501e522bcd6079edb0f2b770dbfe0d7fa10e21e
1913f2d324f5fd20f2dfe418cded24f6ceef00e3f71401e510e20609f7ee16d7
eb0ae9f30dcd14001ce00a18d5ed310fbcf7dbebf6f016163deaf315bf4606bb
f7f8db06e3d700fa0c0006e9fecb270f8916c0b0e80c10021e281de3281020e7
f620e60319f6ebf3dedafd1ce9db25e8fe3729e93debe9c92ab648fc051a9df8
0d14fe0233c619e80640fc0bf9fae3170e21d20b0eff1ce16fb0fdf7cd3fdadf
00190ef61ec007f2e9f9f617f1090bfed50ec4f7fefe100bebdbfd15eed8e8f2
bc0edbf276c303c9d8b9fcfe0ad929accdfdfee626d3a803e9a477e1f7cee6cc
dc0bf71f538120010036fc01fad01fded1081f0502e300efc9b0dfddb211f209
0ec80ada22b313f5bd0be3dff228eb09b9d2d30af31de60eaee2f50cba1413f0
011c1f1933bd0d14e8f3fb10f80223270709caeadee32317091a1df71e08d0f9
9910000830c11020fcfbf939f1f9ea10e0f8e2b3c3dc1518ff0bf7f0001bc90c
880b07db37cffaf9e80a07d70ef4db0df05012f20f032514e1faffe8200bee38
d710f4110d07fa17cfeef2ed05e4e7f9e8c4d0d4b4cb023615160910f5cae5d8
f61bf5bf30faf82ae6f604071f00c9070d47cc15b201220e03ff0c2005c9f909
cc090acc2fcff7d4060411db29def21aec31f512f3fd2cf2dce705db3704d22d
16dbe9fb2e18e9a5d5e5f7b224c0c7d28ee004fd18bee12ded0a10221a83ee05
2cf2f3ea261603d4dc0901db37dfd3f0ea20021e0ef2e309f0da2921f68110f1
f40419f120f4ebb402defbe73093f0faaa002c150ed502d2f3e103df0ffa09f6
1101e439d8110b10d11cf4fe26111100b4e030e941110ec3c5012aea28c4d83b
f409e72ed746eff0feebf8ef08ebf7e8b5cd0ff831f5ddf1e607fafa1ce5fa1b
c70517f30ffdc6f90808fde7dac7e0e9f81214f4f8e3e3e3dc041adac5ec190d
ec14c107e133f606db07ec12fffd290ef3da44f41602d6e4f5e3cef2f0cce3f6
e80ce3f6ff4fe0f107f20ecafbfbbd0ee1001dd4b5fff2ef19e7b6eff7d40eee
c001f9821101c1cf32f00ba1b007c0ef1102fd9a81ec07e4df16b3eadad43d2c
33dc1d02113b14d5f0420029ff040ee1df0f0e19fbf8d09dd7dedfedb7d6ebfd
f5f227f5185010e3ecebde39d0fad7f7fbf60329e9de10bc310fd5e10ddccdf4
bd00f7dc2326ecee053cec04c712d60ced3a351cf0f52ee0f10b08a9bda8021c
102feff40322f8ff43db07fbcbcffa15f3baf4d1f2edf82621dfb4dbf62f1ada
011becaf21fed41855d7f9d9eb01e8081bdcb989e8f826121cefe3e40221fad6
de14f9d2202defd800def4b73606e3edd2f5f7cb001625181dde08e63c0cfbd0
460ff6e9ae21f113081bf9090807010be3abf4e8e010eb0a280fd6dafbfe3af3
30f7abb3e002becd08edfee2f310c6032be1e71f15f412e91114ecf6f3b033e8
f717e4de0f31f1e9dd1b0dd40dea02eaebe90e2dfdfc19fffaef46ff27e51bdb
0ccf0526e72fe2efd90200152af2f314d9f90b13ed0ef7e4f925ff051fe01d2d
03f49f06cc2df20ec7ec09192928ef0419090b1e0c19bbc9de0210fe1099113d
ef280df1fd500eefeed90004f63b05defd05251c1309eecc013f0f201bfa0315
040f06fe29b4e93424d1febedafef4fdbfd1d5a015181c09dfe21322d38300ef
e6f614db1ccbd0f038e60b93f1f02219f4fceba9010c1120c3d41d0705f21312
d4f820e02600c1d4283c058516bf3410aff1d7ee04ee301fbffdf8d4eff71e0a
0bf705e712cfd522079a01d4e5f1db08f5eccfd0fbfd070f10dc2211f0f929e8
cbff10c41addc2eb1fcdfcd4ff01132917f1e5f7fbfb28120fed02f9fd1d32ef
bd0f18eb20fac4da281601b108b92619b8ffff0b1eff2907e70ce8f6d2c6f905
132904bf28dcda13f5e0e7da11f2c2f404c9d7c3e0042a0823f928cde2de10c7
cb1614b332d3eeec17f900d62cf10b1101d2ecdae3fb3117fbe6afe1f1dd17ec
cb041dec1fc4c4a603240ec80ec23409b5cff30e140e2ffbdc20a71fedaadbfb
d62805f7e12cea412737f71e09f6c6fd02d80115f4067ff7fcf3d1e330afe02b
f52c0effc41ce409083f11f6de08dced081006ff09e7372628eb11c60ad1afff
ee0d0ad3b900e8291e602333e7def30a3503fe4220fa1c2c21df11d6e9f0fcf0
f815010de614f000131b0ffd270de7e5d4df2525fbe83103c9f8b3e2f1b40909
03f613f6c624dfdaf320070113f8ebe0a9ba040f05f3eb14cd0e9dfb16c9bd0e
faf9f4eddb2ae014e942020ff2f6d006d8f41c3b1312f5fdd7e0b5c5f099bc16
e224c3f7d423e5322f5b0f093bf1fafcd226f5060806270320299fe7b80b0240
bdedf1e7d5fee3051028fc302df8f7e4b4fdd8f3eb08f1020002bff2d4f2e628
ca02dff3d813e447f940f41f06b2f9f6abf4b50b0c20f7071ae394db14daec46
f881fdf2e724f4adfaf0f3f9040f15d8ead50717f9d7abd5a4f71b24ced34c04
c88ffe0df1160cfc1310e906231412e3ff010f0d06de9af0dcf1ffe7e5f82904
e6a0d80905150d05f7e1fd05e0351ed8e8e80715e9eb8fd8b9e612e601083306
04baff0803d6f9dc22281a021525f9e62af92311ea0ed8d9e0f6e20501c100e6
f49b201428c3fe062e2b170b073211f6e2e027d0f1e0c8d8ee0cddf20fd10000
02d9e5f617c805e5ff1521f6fd2428e7f4e30bf4f9e9c8e3b8e3fd0110cb1113
229eb3f80405dbb9fc2c0b1e010dc2e635f22801f107cc05f3caf3162acc1be0
368ffddb11f4e3dc192d0cfe0b3afcf8e3e3e9e5c902c103f1ffcaf717c52fe6
4b8c07e222ded4c6fdc100d603420de8d0d1bdf810e4af06cce9e6c70db72a02
e62d1df4d7fe0c282e432e10fde8f91ec661e4f4f5137300c409e4dae3f9ddf4
d613e410e729fce2253ef7e8fdfbfe00f105be3df61839d9c9e314fb0ff207e4
0612c6fcea2afb0f48c805ecef12dd22d8afe713dffc39ee30e50fc2ef1106b9
fe2ff2c9b8fef30727251d19f1f303ff1d13f9ef071a3b1ffaf6efe0f005bc24
f403dd04ce25fdd90c5d07e824fbfaee19d1020a1bfe1bcc02dae0f217f8f6e1
fd15f505d60b051e0325f4d8ff3ddd1a060025b700f138f70704e8dd1e0b1cc7
0b30fbcfdaf8fc3dfa1227ea13b2ec075fc700e8f61f52ebedb4ecd0182f072b
020a06f6f42ddfe9154f15db46fcf9fb2bf6f003220534b702d3e3005d1a2be4
0915fffabefff5f1ff2e01b80107d5ff0f0e15bc0ddb48f8320815e065253e0a
d3e6171927f60ed4e2482ef3fff3f434e219f40edaf8fcd6ea2942e825fff029
970f1cfe41bef811fe1c2cfdf4b5e81500de032dd80df8f1091c37e6191e2025
c50e1b0c30deec410d1c15e1d8ce092046cc3a35082900dbf90efdff10d40713
e8ed10022d17fdfaffd2040efe03dc1f13152803c211b4e1f6040bf43af9eefc
f00211cf2313f21c10e80cede1fdeaf207e407818817f2f1eb13dde71608f41c
150c1c891704fc08451312cecdfce6e90130f6eea11221d7f41fc80610d9c01d
2aef09ffde52e8f6cfec07f7d7fee7f725cb11200d10eced181226e3eef82efa
120600ca0b36e3eff315f6f4bbfdd1f32012fbefd11e19da1816f7e7c5ecea11
2f08228d5221e725045c150bd4dcc809242af329d7f62dcae809c8a6cd25a527
06e1013ce6f42103b504e917eadd03fc17e9522506053d049cfcd839dcc4c904
3af9f20ec91d043302ef0511c4f1070a2ee31fe9cb0ff71cef08ad26ccb9b517
2af4ece1dbfdc920f9ad0a19b5d8270f2218f5ede409143dff11ce1fe4e4b12a
d1dde5310007fc05b92bfc100a0a41f61bf139febbfe1c20bf08e501d4eeab0a
fcfde217cbf7f524f00b0727100e2907240be4bbaff9ec1a07fda609dbd8ef19
ff10f5ced805b903f3c80025fadc2b10210fe7f602f8022ddd17a419efe31330
d8deda0a0623e32ef92b03d2df0121e642e7fae0c9fa523b1d03f7e1f3b291e4
f3daf9d2fa0a06270905fef8fbf90c011de8b69fe0ea4d250807f2fed5f5d200
ebf3f609e0e0d0f818e9fdfbeeeefa09111df5e746eb331ee3199d28ac13fd21
0a0c00d6f929d71214f9d6f2152d0307e6acc6dbdad10b2512061fff07f021f9
0e20fdcdce32cdf81224d8d71c02070fb107ccea0bd62905170d0902fd272e23
14ff05e9e5e6af861ff4f4b901a3f5fe9e09d4ec0dfa0015f31ae5dbb6432ee9
2e02e3e7fc13d922f41ce6fc4333d8f60ee2eb16d7fefde408e50afb0ed4e1de
06fee2e8d100f1111a0eec01f8ed1507d1ffe62f14f91adbf3e3f4caddfee6f7
0bf0e408edd8cac519ee00decec6f00f87f3d9171affec15afe610e1c115e221
1ae1f91f10fef1eded15f4f610ccd8d70fe1041709011308f6c017f7f6baf0eb
f4f9f31b01f4f8f4eff9ecf9bda6e9fed8d1181012ebe9fb0eab0bc6f7f2dfda
1eedf70e29eddfd1e4eafbc08f81ede59ba1ebe5fac9ed2fd59ff3c5eef6e812
ea09f0f301f603d7edb511faf7e2f10fdf04f303f73c09bc06e93a200beaf8e7
f51c19d62201eefbfd0711d2e9c2f0fe1df3f123110d00aa17eaf7e2013dfaeb
011f0ff806abe623ff06fcfcbdf501e01fed143ef605fa94f9e0bdd4dc2003c9
fd0911e821aeebd806e3f5281cb7c7f4dc1eef20fc051fc9282907ff0d1ff4f1
c40a15ce1af718151e14fb1018e302c3e622d3fcfb2508c20e22fdd2182f0ff5
e81a0bf907d4044a0e29f700f5fd0dd718d2110d031205c61a20dbf10f1321e9
bc15f0fd15ae16f5d026f3fbf8e8dd1ada62e7351a2d019335191bbe15db1c05
b0f9da111ec312181decf00e1efaf9cd9e1ce361112addb525fc03080d0d35f5
d601f41615e61950e9f9cd142ffefcd8f20ded35ee1bebc7e6ffe817120c2f15
381a19e1ddfff5dd21200e0f1ef9e4e015f3f7da06032324dbeab705123a1122
4a0ff7e4d307e7d00854ff17273301c42928fb140bf11515d213d5f01714cc1d
0041f7eba008fa0830320c38e51b0bc7030de05ffc201d181c130a00260ddbf1
010fc5c5d0f9f8cd2336f6da0e1bece13147fd2fdbeb020c1816a5331938471f
16d7e3d7c30f0aac122ff30004f9f8c2ccfaf61c0e1cf8feee20a010206af7fc
0d1dfb0e1a01f4280e01e811f20de0dbe78df03a281e1b02ec18cdd413251627
f316aff0e84f19ea192901f3190d0cf3076c1530e90204f92228d612d0414040
0f1ce4190e1a28f51718fe1eeed6fbddda00052b1bf60622ed07ed1ef85c1e09
f02000e60b151a401f2ad10ee307eef023a0bafa0ef542111308a1ff153826f9
29f00ef00030d80f0df2cee4c5f5e1b5ebe803dece10f827fcf8efbeb5db020b
f0fcf0d10914e4db3fe2d4e7d209fcebddda12d6d5e7fceffd15faafe529fe1a
e1dfc40be70ac0da37e3ecc0fde406ded5da14f40af808f8e23e0f81dbff171f
17220cdaec0ee7f7feffe8f1e908bbc531d4eafdfce2fafb36f406cff2d2f4d0
e12aeed212e8f0d5170dfcf2f141e5f0d904d9b4e9d81bf021fafbfbfb18000c
ed03aefaddbde5a71d18f9cbfd0dfae499f325f70e072ce20d42f2d6ef16e8f5
f616191be01007f6daf602f1f0d5a1c903a8f21124e91a331d01e80411ae1488
b62edc0901ff0ee6dc0205e601239dedd2d6db0c25cc263f140be92903ef10d8
ee27d70c14ef0db4effbfbe22806b0cfaae1e22915ec193bf2080d0905eed2e1
d82fdc1792f51df20df917050c02250a2ddd053617082a1efc0dae19f0d5f332
f915d70f9aeb02f6f0c80dbbe01c1c042823f60f11ffeb21e21bd80d11f50019
0731d70bbefd293c2a1b08c8f41344f902e426112af320fbfe18d92c480ad60e
001df137a4df0e0f09da0be0ff0702071ad0ff1d2a06f90ae207bd0fedf1ee2d
0807e621badcf9fafeaaf9adf51b00fa0e0bf4effbf6d825d90bbb07fbe707e8
1209d0febc0a05181ffffe9d16100ffee4f1f90c24fa211dfd06c818300d01ed
2739fd15c2ee0e1c33e304fef52ce5162d02021615f72af413ecc33705f00c30
1611e711c0fd1f07f6c8edcefc1bf801210d18f7f0110d1505f9de1614e5fc09
0432ec19bd3638153213eeed1a300807f728fc120c281b1618eabd403c1efe11
cf41fffbd706e3303a0618e1f8e52dff1bacf30b11084b10361fc61ce0fdaa1c
fef3ffd9d7f3cae3f4d5f0ca05c73ff4f9c11c0a091517fcd70ed82ee4e1f804
ca130aebecf4baf21e44009430f2171529e2de11ec0f24b821fdc42f2ec1f80a
c635e3e7c0eef72022def2d4e0daf006e68dced4f0f80a07241ebd11040de9ec
d700ece6e1abc7dbfed4f0b4d8d620eeff8d10f708faeb02e3efd0f9fe0dd8d9
f508eff2dce0d0c52825f6b336f72beddba731ede40ddcddfdcbd12236c1ad1a
ea22e5cdcce5f12246d9f12fe818ee01f9c8ed1df2e22f0639f2e66b0ce904f8
00f6daf3e1d9cc0513de0006d7dafa11f99a3b0204f946fcfcd4982124e2e90b
f2f9f8f6db25e6ec5a4514c936f625f0e4d1f52006f851f140a1b94e3ce1d101
4703b818fff9101216f8f4fccbda26ecd5951fcee8f2f21610f2dbc0f5221884
40ec02ef16f2d403f0030907fe1125e3e6f1f4b8f1df03d9f10930e1dd1904e4
e918fbed0a0ee9f100dbf5e4ea2cfbdbfe07dcb606f902a7052d31b91327c7d8
3e16b4eab918f7f9100f16fcd80cce00da96dde0f7f80e0a23e2c1b9eb192481
242402cb06d3ca0b27ef031ad32ed5010fb1a801f7f514e8f10510d8a01020ba
d22de6e7ebead2f219f00afffb53fbf6eee4bdfe18d5eecef93422dfca11f606
3112edece71011f8fd1513e09e0bd1f51d81d8f5fecf3523ffb6eaa008240b88
1f10f007c8f9fa0f182c19eff40dc31503bde2122e171cf1e6eecdd2980303aa
d505fa1d14fbe7fddfea14f2033ad8efc1c6041f2b04e3d1ac1eedf5a0c8fcc2
dd122fb243fc012815f9f5f4100cdff306f7f226d3def90011e11cebe711e2fa
af0f37bf1cd4f20518ef1beff4f013241427d9dd05fefd0f0810f5090c0a220c
9fef1911ffceefc41aca0ddcecfb3702d310e9d719f80132fe1c2a05c9214311
d8212af41a06ed18facf130e05f3ddfa17fe0819041607e3eec6e6e807dce6fd
d21627cc1ce8e0f517db14f8ebf1f2142e1cd10fe8ec1307baf7ea0d250b0125
f7e80c06fefdd5da029f02b3e1fa2303a403e3ef16e0e910d1ff1413e135fd30
e2082816e3040200f1f40c10d7c8e0ee34c73cfdff0b05d0ecf8ddfddec7f9fe
ee0d1e0427f7eaebd714f9f3c899dd0025f3271dd0df1711bacfa808e0f2de09
12dd27081efed2e6cad3fea6939b08d6a1982006f7d7c143c0ece51ae20feefc
49d0032b20fd23facbd3e13af7bacad6dfeb0528eb05b8ee13f36f25f2edf5ea
01db1f004224221e19d4062bbfe6caf51afeddf3b5f5051129da3defef27ec09
94b116f031df01e214b8fb0bcce0f1e52f0809dac40404ef06d902c8002d080d
4b0a132c112e0c20d8260507d6e5c6f4f4c90013dddfe52220295b27f18f1bd5
1818fdfc03140d19060af51fe7fed214132aee03b0dc2e013034390c00cbe5ee
af2801cd25faf413e10c0c0f18e5fdf503ecf3bec5e81ae6de33f3ef1ccc0712
56eb1e11121a03f3b3f6f902d206ba0423b2c3dcfbe8d93c1f21e5db47c8e9c7
0b0110fd01e82623dbfaf305c536b4f9e0eca8f721e4030a2c311dff38e5149c
ae13dc0fe3ddf7f8caf808fd05f1d4f9bbaba7c70dd0060ad134d7cdfee313e1
17f30ef61bf9e5e3f4ffdbd9f1b2f3b8fbea161a07e5051de3f344eaf7d7dd0a
efdd11032ef1feed07fce711bbb304dd030d012010bb0a22edfc27e70ff7bc23
16e1fee905cbefd1030c0ef0a5851df8f9030a0a0ad5f21ee72ae8cfeed68c24
1421fffd03fce9291a2901dae107e1f728f0040804e62e010e0fe2d630c9f31e
ea050e0828effb131701fbfcd2caffee1302f31a08e03206f10cf6f110cfe02b
f4fdeedbf4dafbce1ef40a08c3ac150d1c16f212eed71d1dc423da12dd18c337
0206eceee31dec10341407b9c81494102ef6f00921f82f26400d25d7230ab4fd
d914e1e6e413f5fb27d608d7cfd6e9133005f82c0edf4b241a12f7bde919bc20
de06dbc1e5fbda0028c704efd4dddd131b01ed1a1cda1324011605d79a23be33
070c092ced131314172f01fa181f29240016bfb82bf34729f6d9271714d4d413
f3fdfee3e52c07ea364d04ef30f03d050c2cd1e3cee0341313eed0f20d03adf8
030524dbf816f418385907c943e621e9e8f7f61616d157372ad3a7b2101981f5
0cf1f306d811fdf90bfc012415102818f708e0f107f70226110d2517f5e5fb1f
1de5e4d1c40be2d11421fefd16ef29f9edf3c2f8beec020c25fcf51af1c4d9eb
25dbf0fae6fa08dfff3e01cf40d223f7d5cce7383bd93f2ef0c0d8ea11e5a6e1
12ecf1e3d5f50fccf5220e2d3116ff091403de460ff2e30ff414e026e4ee0e20
30e5dac4bef4fac3125821f935110809eb00e731f8d71a0b2f10ee23eab808fe
1fe4f104bbed10ed25620bc25ce7170bffef142b30d1451f17c3e7150ddaa0d4
000000000000000000000000000000000001f6ebe1d802cb0610c7f6da00dbfc
00000000000000000000000000000000d91dd7ed14bcc7190affe3fde6fabfd9
00000000000000000000000000000000814103ae1daef119e1e2c1f8daccbc81
000000000000000000000000000000000bf8f412dc03dfc9a8c5bdf8d8f9cf1b
000000000000000000000000000000001af8d3faeccbc61f163b0ff6e7f9c418
00000000000000000000000000000000d913fcbb06c0063508ff16f8eee6d8dc
000000000000000000000000000000000e05d82bc6f8d2e7aeb394c8f3f1dcf3
0000000000000000000000000000000018ecdc04eeecf519d7ee00bc1bdbdc13
00000000000000000000000000000000f510ef9dfbde3423202a25f812cff108
00000000000000000000000000000000df0424d23018131323fea2e2ba07dff3
00000000000000000000000000000000fc11f608cd02d7c8edcad1dfe210f52f
00000000000000000000000000000000f726e122bcff9dd104f10d18d007ca2c
00000000000000000000000000000000eb3715c453e3f7f71d06b2f0d7d9c9e2
000000000000000000000000000000000ffaf302f5c8cb152f138d00ebe5f604
0000000000000000000000000000000010f5dc19c9d8ecf2b6d8f80ade0ac315
00000000000000000000000000000000da3adeb64eff1b4a07e2db01ece2a3e2
00000000000000000000000000000000eb0c12d71de0f41b23110c0c9bfdabd2
000000000000000000000000000000000507f3e402d80e231301d10cb212e1b5
00000000000000000000000000000000f8d0d4d7f7e9f02bf603eceb220401e8
00000000000000000000000000000000df20b60e3204de481bf3abf227defdea
00000000000000000000000000000000c6d1b312480f006103ddd8f81725d3d6
00000000000000000000000000000000f3fcafcec9c0f758f1dfa4ec0ab110fb
00000000000000000000000000000000bc21b4f905f8cc33f6ebb3c5f7f4e7f8
00000000000000000000000000000000c1c5dffd22fbe930efd5daaf031afcde
0000000000000000000000000000000015d7a4c0b5b62b480dfeb9d8efb3d4f5
00000000000000000000000000000000fdeacfdddcfbeb1ae8f9cec2e108d8fe
00000000000000000000000000000000e39f23cdbcfbe108a2cb24ae2befe126
00000000000000000000000000000000cc0611ba030a0ef900fecef3db1408df
00000000000000000000000000000000ee1206f9f419e3e0c6c9e1e9c812fe22
00000000000000000000000000000000e94af029f70adeddeadc14ddc60e210d
00000000000000000000000000000000f5eb03dbb71bee0ef0eccbd81315f0f2
0000000000000000000000000000000006e0fbfee015e7fb9dadecfc2c1bfe1e
000000000000000000000000000000000b1bf620dd08e4eedbe92df4cb150808
000000000000000000000000000000000025dee69c71c71cf0d2bff03d1bccf6
0000000000000000000000000000000005f1f11cb911d817d3ffe8072c0cf3cf
0000000000000000000000000000000014020008c71616edeb05e81cd6341dc6
00000000000000000000000000000000fd9c1712caf40c28ea1e31e400db04e4
00000000000000000000000000000000e9b3f2350ab20d020b2a11bce9f7face
00000000000000000000000000000000d898ce3119e01a01fd0b2f13da39e500
0000000000000000000000000000000007c723f4cdddfa00f620060618dbdfe2
0000000000000000000000000000000008bc0b24b9eaf3191c3bf3e8f00ce9d1
0000000000000000000000000000000002b9f91ddd07e70304e52bb8161403fb
0000000000000000000000000000000020afe80136f42b3afe2319242b15e600
0000000000000000000000000000000007b5e929d9f51a41e9fd0ff816240031
0000000000000000000000000000000002bfec39db06190ef3d016b922eb191a
000000000000000000000000000000001d2ceef1bb1600c1f906c8c4d51edffb
00000000000000000000000000000000290e0df9f32ce3a5e7d9f0eac2f5c1ee
00000000000000000000000000000000380af3edec12e114171901f4f41ddcfa
00000000000000000000000000000000e832fcfcd7daade40218f4cca5fad4e8
00000000000000000000000000000000f304f3e60903c6d9d2d9edaccff3ddf5
00000000000000000000000000000000081afef8fee2db4a152a0bd5de1eec0b
00000000000000000000000000000000eefcf2f5ecd2b8121817db02dbdee111
00000000000000000000000000000000ed01eaf506face17c2ceffbfe7ebd3f5
000000000000000000000000000000001c2bcb03fcfadf2004f506e009f2f4e4
00000000000000000000000000000000f907070dbcffecdbacdce2abb9e13b10
000000000000000000000000000000000fedfcddbb0be9fbf7f201c0b4f3f706
0000000000000000000000000000000025d0e1fac813331619210eedbe2b081b
00000000000000000000000000000000d1190502f2e1b0ece9d426ecc9f726ee
00000000000000000000000000000000fa1d17f2f1d7b5e7b1b624a3c0ebf7ec
000000000000000000000000000000001110f5f8f80d0a15e9ee14eadf0bd31d
00000000000000000000000000000000163e260be8d1e9ea230d1033f9d6331e
000000000000000000000000000000001941041201f5c2f610e009edf2180df7
000000000000000000000000000000001b35d519202ced1bf7e318df1201ec10
00000000000000000000000000000000c614012acc2cf4a1d7eef4cafce41d1c
00000000000000000000000000000000cffb1e07f83e08e5bef22dc90afa0f0e
00000000000000000000000000000000d5e408ead5463100e3ef390beddd220e
00000000000000000000000000000000f6fbf714cf0fc9e0d0f0f817d90e0322
0000000000000000000000000000000001ddd80e021dd6e4102310f3e614061d
0000000000000000000000000000000000d3ed01fe1ffc041a1f22e5e20d1c1c
00000000000000000000000000000000f3f3fffac7caf52800fdb92431ef050b
000000000000000000000000000000000fca09efecd4d212141bd5032fd4030a
0000000000000000000000000000000013bc11eddfbeef211516d5ee17dff10b
0000000000000000000000000000000007f6194dde08eb091ace3bbec123de2c
0000000000000000000000000000000029ff141bee13f005eabc50c0c8100d1a
000000000000000000000000000000001df0fa532b2309f21df858e71bf70afd
00000000000000000000000000000000df0dfa543decdd202908fbed17fae819
000000000000000000000000000000000af2023c08e7db3522f40ddc001a012c
00000000000000000000000000000000180de82d4118fb26e5a4220f2a1d1522
00000000000000000000000000000000eee8fe7f24b8c93f06ef51065ed2fd32
00000000000000000000000000000000fffd194528c4e2160b0b1fd4220f0a25
00000000000000000000000000000000f224fa2d3be41939fd0514d21d441122
00000000000000000000000000000000fb0df9d22121deba15ddeaefc203f910
00000000000000000000000000000000e127ebed2bf9e3d81808e9fdddfbc6f1
00000000000000000000000000000000d9fcf00353dff72304d105fbe0fc81dc
00000000000000000000000000000000ed05ff0625e2feb4d0e6c504dff3f708
00000000000000000000000000000000e50b15fe27e60f02100be8dee2fedb0e
00000000000000000000000000000000d5f220f90de40ef5f1dd41fab5178c16
0000000000000000000000000000000013f601311418d314d5d0fef2090fe20f
00000000000000000000000000000000030bf623f6faf80b21fab5f221d5010e
00000000000000000000000000000000ea0b0e07e3f81cf40eef131405f0eaff
000000000000000000000000000000000530214ee503eaebd0d9331dd5130211
00000000000000000000000000000000e5142608fbfa0cedd0dc24f9d037ef0a
00000000000000000000000000000000fdf91217faedfed9e3f3deead941fae7
0000000000000000000000000000000006faf90c000302f1f807f00ceae6060c
00000000000000000000000000000000f5ee1804d224e6cffdfd24fed803fa15
00000000000000000000000000000000e404eaf1dff10c10fdec1e0fe5242318
000000000000000000000000000000002debd31cf5f7d0c904e0f2e1da0c102f
0000000000000000000000000000000018181a08bc00f6d5c194f128ca17233b
000000000000000000000000000000000d0cf7edd922c610fa0b21181e262951
00000000000000000000000000000000100708a20f2c030be9d533f407ecd5e7
00000000000000000000000000000000e9fe09aa030af60df1031d09f4f5c9ef
000000000000000000000000000000000eca0eea4eedec8afa0a15c7dce5b8fa
00000000000000000000000000000000091722b1f833f0fd1c382de4a9dcdff3
00000000000000000000000000000000f51711cecdcddd0c242d2bc9cae000dd
00000000000000000000000000000000fdff2fa2188316d7ef0d3ce6c5e0c702
00000000000000000000000000000000ef032cbde6c00bfe265819f5eacbdaed
00000000000000000000000000000000f3f51ad4df91e7151715f9def4e5ecc8
00000000000000000000000000000000ef1e28db02811d0cd8f010eedd03c7d1
000000000000000000000000000000001d22102e811c09beca15c7db952a0401
00000000000000000000000000000000e305e13003fbfcd9f00fcf09010cef02
00000000000000000000000000000000b83920dae9de12d7db0eb2ff12d2cee9
00000000000000000000000000000000260ff829e0e702f6ed3fd6e0abf60016
000000000000000000000000000000001befc105def1050217452311d4fdf51c
00000000000000000000000000000000da2019d7f4e6f8f1062c0024e1ebf401
0000000000000000000000000000000027f40923eda5fd14eb15d3dae6c910fd
000000000000000000000000000000001ad5a7edb0effd170c2b11e7dec60ff8
00000000000000000000000000000000d8fb23bded0df103051deb01d5c8fef7
00000000000000000000000000000000d9f5f9cb3af71afdfc1313242ffabddd
00000000000000000000000000000000dfedf7fb51d228f501031a142a00e8e3
00000000000000000000000000000000c60e00f536c427f2fdf2f60617dbebc2
0000000000000000000000000000000006ee03e72be21aebf1f7e719091ed7ec
0000000000000000000000000000000012f7f91718cf2f0a20132219f00cdf0c
00000000000000000000000000000000f0fa07f70bd226fe190a3818fde0d2e0
00000000000000000000000000000000f2f60bea05ea19dffef5b715eb23b3db
0000000000000000000000000000000005eefcfb00dc21e82406f707e2f1c7ea
00000000000000000000000000000000df0e04c200e42efa1403230801d2eace
00000000000000000000000000000000b8011fd9e5290a101be6fc11bdcc00db
00000000000000000000000000000000041218feb544efe9dfd7e9fecdaeeee7
00000000000000000000000000000000e523e82add20efd5d6b9e110c8cded1a
00000000000000000000000000000000ac0df3f4c23106022b180dedfcbd0adf
000000000000000000000000000000000bfaef03d121f0fa192021f9fbd70df5
0000000000000000000000000000000014eff21e0e17090e0a0b0ffb0da10f13
00000000000000000000000000000000ac36eec4ee3d1e0d1701d2ee25b9f1ab
00000000000000000000000000000000c321e2d8fe031c110f19cbfc10bc11c8
00000000000000000000000000000000eeefe9e72de21a3701fbf20e2eb50ff9
00000000000000000000000000000000c6d4efa623d3dae5191b9014e4abdbb2
0000000000000000000000000000000007dffad319c6e0d401fec413dce8deea
00000000000000000000000000000000d3eef4ce0ccdccdae0d5ee21f0ececda
00000000000000000000000000000000ebeaeab909f10cf03926dd0ebcfce4e3
0000000000000000000000000000000030f3f82304ecf2efede3ef1ddc03ff07
0000000000000000000000000000000012dff12cfaf0c5e6d1d90819d40ae5f1
00000000000000000000000000000000d3d9f4befff1211b36069506da09f0c6
000000000000000000000000000000000ae5f10216e4e915ebd8c70eb70bf4d7
00000000000000000000000000000000f2efe61e00fdc7ffd3c8dd13bef2d8d8
000000000000000000000000000000001df9fb28e5e7effaf7f20cfce50e4427
000000000000000000000000000000001bf90c2806ffe9f7e4f7ebf6f21a322a
000000000000000000000000000000002cfd152bd8e8e42bfe04f7e7fb1e4625
0000000000000000000000000000000006f9ef13f2ece925ee01e304ddf935fd
00000000000000000000000000000000fbea05240ed6e409ee19e40edc091bf6
0000000000000000000000000000000005d80208fcc5e32ce5f1c4f4d5032b18
00000000000000000000000000000000f8ebf9e4dbf1df2ae104f70beaf0480d
00000000000000000000000000000000f6ca02eceeead704e0ffeaf908f028e3
0000000000000000000000000000000014f9080ecff9c623f20cc7ed07d33dfe
0000000000000000000000000000000004d7140dfbae101bfcec12e20bfeeef5
000000000000000000000000000000000df52cffe9ba0519f2dc06fdfa331c0e
00000000000000000000000000000000f208220b2de0fb1dfcf5e0f80149fff8
00000000000000000000000000000000fad50c180514fc1d0d09f3f0f8181116
0000000000000000000000000000000017fb1b0b0b05f8220efdfcede9363823
000000000000000000000000000000001bf91c070e17021fefed01fcfe201222
0000000000000000000000000000000001c9190a4c382135e1dcf3f3b022fbf7
0000000000000000000000000000000007d83cf93f261519fceadf1ebb282726
000000000000000000000000000000000de31ee335140b1be8fdd50c95e5f116
00000000000000000000000000000000efda26fc41fbdbdcf4c7253c0cdbe9e2
00000000000000000000000000000000efdf2f10393208b7e5ae4e28160604f8
00000000000000000000000000000000f7dc13d9ec3509cc0e005c290c070101
00000000000000000000000000000000ffe317101a0ffac7f2e2d722ed17f2f4
00000000000000000000000000000000feee2101131205de1d10c710f7280819
0000000000000000000000000000000002d716e4de13fb020c0b200c091aef23
00000000000000000000000000000000f7dedd0ee10af5a0190f20f6f207ef00
00000000000000000000000000000000e5defc0b0606e4c10315c8e20ae8ff07
00000000000000000000000000000000f7dae2f00838f3d4173904f028d3f50c
00000000000000000000000000000000f9b5001bfd35d5bf0626fbf9ebfe02fb
00000000000000000000000000000000fcbd1a451d200d86ddc5e3f4180aedd7
0000000000000000000000000000000011b1ff38091b2df9d9b6b0f64014e4ff
0000000000000000000000000000000010dcfdf208ead5a4f4181903def6ffcd
00000000000000000000000000000000f8cf232628f21883c6d2f9cfda1cf7e7
00000000000000000000000000000000dabf151c281c22ec1d0801e901271219
00000000000000000000000000000000ffc51219fdc334f5929a05da2d0316f2
00000000000000000000000000000000e9c80f1c18eb26cc060fc4cb26fbfbea
00000000000000000000000000000000eeea1d36230132d926221b03f1fc03e4
00000000000000000000000000000000f82cf922eb1c00c60bf5971093dfd1ee
00000000000000000000000000000000fe27f134d0f1d6a1191dbaf5a914eb08
00000000000000000000000000000000f224e416cecbf8d1f2fac0ef8123d01c
00000000000000000000000000000000fcfdeb23ecd705fa0bf98100e3f3d405
000000000000000000000000000000001402eb2cecb9e2c6000fb600d72d0307
000000000000000000000000000000002103e216dc9704fdf201a8e9cc15f626
00000000000000000000000000000000e3d9da1ffcc506f6fbd502020400e3f9
0000000000000000000000000000000009e2ea2ffbd7f1defaedcd111307ebff
0000000000000000000000000000000013f8ef00f1dc0e00fd07f003fadfc00f
00000000000000000000000000000000dce11ecdf6dce9d8c40adb05db07100e
000000000000000000000000000000000fe21bfde720c3f7c60f0a0730e01d04
0000000000000000000000000000000027f70a06cc03e115f40f37ec37fd2035
00000000000000000000000000000000e1e913df1fe723dfef2ccafc0ce602e8
00000000000000000000000000000000e2e90bf407dfe711e400f40334dff8f4
000000000000000000000000000000000a0bf1f6eaf3fc34f61fe6f707c73733
00000000000000000000000000000000fff50c951f020ae906ffbcf7e9d0bfaa
0000000000000000000000000000000003e12fdb2ffafa1205d4c1ffedd9b1d6
0000000000000000000000000000000004de29f017100d00e3de0213e7e21cf3
00000000000000000000000000000000baed159814ca00e6ff1fd81806819ed1
00000000000000000000000000000000ddfb2285f6dc12ff0716e310f6bbbcf2
00000000000000000000000000000000bf0e0bd00eee0d0c0f0ecc00fcd5ccd7
0000000000000000000000000000000000dacee60cfdfbd60f17020d0cc1d605
000000000000000000000000000000002bf9dcf2e00103f22a1cfaf9f7e8040f
000000000000000000000000000000001615f218e0fdddf033f814d0e412f9f6
00000000000000000000000000000000f0dbfc170716000f04dbe4d91cd8f30b
0000000000000000000000000000000013f8fe10fef3d70dfed6ead40b090af8
00000000000000000000000000000000181cef200018a9fadcac1dd0f92807f8
00000000000000000000000000000000f5f8f1cf052ffbd6f50eee08ebe90bf9
00000000000000000000000000000000f5ebf31ff20700e203019800f118f6fa
00000000000000000000000000000000f6f6f31507ffe7fb1b09921c0706fb0b
000000000000000000000000000000000118f7d6e32bee04da05c3dbdaf5faf8
00000000000000000000000000000000f8ed00f6faea1cf211229d06e4fee3f7
00000000000000000000000000000000fbe0fe280be11b011a0a8429ea03ed0e
000000000000000000000000000000000f2720cdd653cf0ac0f4b2fb0b1cd4f5
0000000000000000000000000000000015fc19d3b0f20811e7f0d3130c05e0ee
00000000000000000000000000000000fc09fbfeceddfcfb06f2ab2c2204fdec
00000000000000000000000000000000f0f4f11f0a23dea4f7f0f700d80fdb04
00000000000000000000000000000000dee2e518d42ce1cbfe05f8f6c91ce416
00000000000000000000000000000000e0e8c816263ed9d102f808f602fbee12
000000000000000000000000000000000101f712d6f7deda000fce0bec00d70c
0000000000000000000000000000000000f7011ecb03c0e0fb0edbf6f002e31c
00000000000000000000000000000000e3efee1ef4f20ff2efef04f0191eef28
00000000000000000000000000000000ffeef0ffe3dcd3d00707f7080bdfde0d
0000000000000000000000000000000015f11408d3e6e4dcf5fcd31a13fcca12
00000000000000000000000000000000060608f4c0f0f2d9eef403e83de5f70a
000000000000000000000000000000000920dbf23a1afe92e3f62de6fd08cbf1
00000000000000000000000000000000e307f2e3f1f90ac5d7eb120fbbf8df04
00000000000000000000000000000000f2e5feeb0cf603addaf61007cbf6d208
000000000000000000000000000000001c1ef0fce331f19ff30df6e8e509c80a
00000000000000000000000000000000ecff00f3aff209a7141e04c8b7f1eb17
00000000000000000000000000000000d82506ddd1cffcb103132cbcc6000419
000000000000000000000000000000000503ebfed7cfe5e2fc1ee3f501cce10c
0000000000000000000000000000000002f3fcfdac9ef5f10d23f7ecdee0e0fb
00000000000000000000000000000000000ff607ac94e6d9051df7d1c602ee03
00000000000000000000000000000000f7e3ea070cddcafed4d4b9fd6ddcc100
000000000000000000000000000000001725f10af9d1efdcddcdf106fdeed6fd
0000000000000000000000000000000009d5eae3fcb436fb17160b1f14e80df5
000000000000000000000000000000000ff503f00bfbf81afaebe0e946cec6ed
0000000000000000000000000000000036161913e9e0add9e5e507fffadce41f
0000000000000000000000000000000031ef0b08e2d3ceced1ce1fed16dbef2d
000000000000000000000000000000000c04eebcf6dc1e23fffeedee21abdaf0
000000000000000000000000000000002508f100edccd91dd7edf0f5f8d8d314
000000000000000000000000000000002501f720cef3cce8c6d512e72eed1e2e
00000000000000000000000000000000e53206f1fd21f21a2b1ccb01d0fe06e9
000000000000000000000000000000000603fd4abc01febc1c0cc2e6e718fe16
00000000000000000000000000000000e6ed02362107f5c709e0fed52315fe35
0000000000000000000000000000000001322f1df30f2925171830dcf2e5f003
000000000000000000000000000000000af81044e8d3fee1fcfffbe20adbf1f6
00000000000000000000000000000000ef0bf503fddf010e121903ebe207eafe
000000000000000000000000000000000a5a3f0f08061a1af6f4b120a3d1c8fa
000000000000000000000000000000000c30031825d01bfbf6f8eb29c8e5e20e
00000000000000000000000000000000dc33d3f82ee1db1e2e121bd3e310ecd9
000000000000000000000000000000000a0112efd616e5e608e4feccc2040010
000000000000000000000000000000000c14f91cd233bee7aaadebc41304111c
00000000000000000000000000000000fd3c0b38f427f11ab8c2dad5e3fffa1a
0000000000000000000000000000000001e00efefa0db9f9e8d5fff44002df10
000000000000000000000000000000000bfce5f702e0b006c7eb01da24e6e410
00000000000000000000000000000000f41ae914f601dfe603fbfdd8d8f9f7e9
00000000000000000000000000000000e5ece6f00f21e336e0ced6152a0399c4
00000000000000000000000000000000e8e1fddd05de0b2aff14e707fb03b3c3
00000000000000000000000000000000e8e80ee01de61ee21f03d11beb0ebf85
00000000000000000000000000000000da120b08090c24400b03add1e30b040b
00000000000000000000000000000000ebec250cf31412f108efa817efe0d0f7
00000000000000000000000000000000d7ed05f6bf02d9e93140e310c3ebb2f5
00000000000000000000000000000000f1e21b49d42b18f6e8d3c0d1ef1cb6e2
00000000000000000000000000000000ecdcee11c51dd4a4e1d0a3e7d8dbc1ef
00000000000000000000000000000000ebe9e2f9dadec4c5f1dbb614e2fac3fc
00000000000000000000000000000000f8fad442fd1be736131dd7fdcf0becf0
00000000000000000000000000000000f31bc93608f7e321140cff09e3ffe2f2
00000000000000000000000000000000e71600f730db27221513ce17220df1ef
000000000000000000000000000000001000eec9d425c6f10c26e0cac5fe06ef
000000000000000000000000000000001215f312e1e9dcd4d7ecbec9ea14e0fd
00000000000000000000000000000000dcedff010ff909fa1324f905d706faf9
000000000000000000000000000000000ee50507c908d8fef5e8ce13ef211401
0000000000000000000000000000000005210a07e8200411819ec2051b09e4ed
00000000000000000000000000000000ff0e0c1add03fa0314160c18d9e3e4e5
0000000000000000000000000000000003d6de4dc7190a05efebe143702a0b07
000000000000000000000000000000000112060cbd390df78ba8fced2f0beff2
000000000000000000000000000000000625d8faaa2ffcef0c25f51ffde90ee2
00000000000000000000000000000000f90eec0a0b26f9ca0a1be1f9c306f206
00000000000000000000000000000000d70a0429f624f3cc0a01e800d113e515
00000000000000000000000000000000f6f3f5171e2608c70bf8e5ea0100d017
000000000000000000000000000000000f1b00fadf16d3e50217d4e5d5faf009
00000000000000000000000000000000fb050916d8f8ecf71b15ddebee06f6f8
00000000000000000000000000000000ece8e4130aeb0a1f1408f012e614d210
00000000000000000000000000000000132014f5e0ffcbd4f507c7f406fddf27
0000000000000000000000000000000020200a1ad2ece6dd1217be18f513d604
00000000000000000000000000000000fe13c013daf2082d200ce0fc06ffd5fd
00000000000000000000000000000000fefce325c0e406c02214130cfd0e0c0a
00000000000000000000000000000000e50ae3f328f8fecd33042ff5f901270c
00000000000000000000000000000000d11bf2d1cef51d0012eb43e1edb5ee0f
00000000000000000000000000000000ec11b20de3ea1ef7091facffbde6ff0b
00000000000000000000000000000000f904e0e93d0800fd03e530e5f4ed11fb
00000000000000000000000000000000f1fbdae1fff10c02f50c3118cfd00eee
00000000000000000000000000000000db2dc2eef90fef010f0fefb5caf71e06
00000000000000000000000000000000ef12efee0704efdf20e5d6ca0dcb3fe3
00000000000000000000000000000000e3fad6d8f5f6fa05f2f116e323d1020d
00000000000000000000000000000000f0ff1be50d0023eb0b0dfafa07f8cfde
00000000000000000000000000000000dc1416ec04f5171b0cfc0b0aeaf5f6d8
00000000000000000000000000000000af11033506be300b03df0f0de206d9ae
0000000000000000000000000000000004faf4eb1e0f14da2c2ab9e414dfe4f3
00000000000000000000000000000000090af2e3fb1ffa062c1a0c06fee51415
00000000000000000000000000000000ecf9f80007e11a0a19d52507fcf503e0
00000000000000000000000000000000dbda10ca1df3f50b0c17b8db05f8dbcc
00000000000000000000000000000000f5edf9d813d8cdfc06d6e9e3ffeb0ee9
00000000000000000000000000000000dad203e804c21a151610fb1ceaddd9cb
000000000000000000000000000000000b2f030be115cd59fb04160e2ef12915
00000000000000000000000000000000e01905d6f004e03d151107f30adc1ed8
00000000000000000000000000000000d7170fd11cedccf4ef2402d7e5afe5df
00000000000000000000000000000000ff0310030d24ce1fdee9e70614fc150f
00000000000000000000000000000000ecfeeacd170ae609e6f10bd60dd0f3f2
00000000000000000000000000000000ecf8f1c01be4cedb0f3612f111aabfe6
000000000000000000000000000000001ad1fb1d0b3dd2010300f90fb8dd3e00
0000000000000000000000000000000004abf9053139e310f90af3f2e6c108fd
00000000000000000000000000000000ddb609ce2d00e9040408b10c09aadad8
00000000000000000000000000000000f9d21e2ebd01faf90d0c1d12f727fb2d
00000000000000000000000000000000fff11ffe882fcaa922261f111213e9f4
000000000000000000000000000000002ecefe19b13209c41a021a07fe31f9f9
00000000000000000000000000000000efd10425f4babba708fd29003212e6d7
00000000000000000000000000000000e00218f7fcf4818138f91c121e0809e8
00000000000000000000000000000000fd0ff9e8d705e1a01cc214fe14240af9
0000000000000000000000000000000004c015041cbe0600e0ea09ee3d13e1fa
00000000000000000000000000000000eef71cf325d9dfdbfd1be90d6209111a
0000000000000000000000000000000013f51210eee9f5f944210ded481bf81e
00000000000000000000000000000000f473e2fc31241e3b21ed0c1dbe0bf9ff
00000000000000000000000000000000f82de1fe2905c5131cd5e9f2c504c5e8
000000000000000000000000000000000b66d6e7fd15f10d12ef25cd01acdee1
000000000000000000000000000000000e3c0ff3c502f00ef5a9fbe0e11be004
000000000000000000000000000000001d07f4feecd4a702e4a628ccf4fcb8e4
000000000000000000000000000000001a25c6f0fbdaf24b0beafaf521e8c6e6
00000000000000000000000000000000ef7f01f0b9d3f712dec712f7000cf80a
00000000000000000000000000000000004ffad4eddce5f5e5d72fc11504e1ea
00000000000000000000000000000000187181ef05e43741e80a09ab3e06ecf1
0000000000000000000000000000000000f8ff3add0dd0f2c1f58403fe21e2f4
000000000000000000000000000000000ed90b15de1ae928e8f1b5ff0500dc0c
00000000000000000000000000000000e7d5fdabed361a21060fa7180ecbd9d7
000000000000000000000000000000000ae3f609e0f8df0af13dbb06fd0fdf17
0000000000000000000000000000000015ea05fbe102f0210f09e51810f5f512
00000000000000000000000000000000f7f6f1b3e8090d2112f9d417f7c0fde0
00000000000000000000000000000000f2d6f7c2f4fa11081936fa1757f6c1e3
0000000000000000000000000000000004f2f2c2cff90c000d07211f45dbdcd5
00000000000000000000000000000000dceaecacd703132509e9c3fe148deab1
000000000000000000000000000000001c0b080908370ff7edf92403d5fe23f5
00000000000000000000000000000000070907f514bf15fb24340cf1f9e52005
00000000000000000000000000000000fd1c1ffdeaa91ff0281dfc07b02001fa
00000000000000000000000000000000dc0c01f4dce4effefb10f1dbe4b02907
00000000000000000000000000000000dcfe17dcc2d006f33d32ee00ebf11815
00000000000000000000000000000000ed0eedd2e5ef1211281ce325a016e30f
00000000000000000000000000000000fcfe09190c1cdbf5eacf2c1ddb1eca01
00000000000000000000000000000000e92f07fdac1eec24a481ef44e7e31504
00000000000000000000000000000000f71c0bf0f947d71800d82423f618f845
00000000000000000000000000000000f80016142cbcfae4ed0c06e5e8fb041a
00000000000000000000000000000000f4f3fcf00ee2ce09f6f3bcf725dd2424
000000000000000000000000000000002d05fb01cce9c318d2fe041052bc50e8
00000000000000000000000000000000f3fe10faf0e4d3d2e11349e3ebcff60c
00000000000000000000000000000000c70300dd09e3d3e3e0ccddf944cdf8ee
00000000000000000000000000000000c91ce1d9fddad0fbd0f6fafb12c21909
00000000000000000000000000000000fc2d2bcce033f8d5f1165611ffd1e806
00000000000000000000000000000000032ef8ec143cfa0df2f20f13118ae717
00000000000000000000000000000000e324dfee2128eb03f91102ded0003752
00000000000000000000000000000000d3cef2fb03fbf2e2e711bc05ece307f8
00000000000000000000000000000000dee6f60118cecfd5ec1bebe6e5f1f3f0
00000000000000000000000000000000d9f5fb162ae6ee09c2c6d108c0f4c2fa
00000000000000000000000000000000f6d40b010dd20e20f615a2fc20efec04
00000000000000000000000000000000f0f11dfd04c3f1fe171bbef6f00ff51e
00000000000000000000000000000000ea0513fff2d2f732ebc008eedaf5e413
00000000000000000000000000000000f1e9def518fd253edef8be202bedeee9
00000000000000000000000000000000e50a010b0eff223ff2eae81b210be40a
00000000000000000000000000000000eb2410e5ecf6ed52f7e411e0e4dadff5
00000000000000000000000000000000fc00ed2f12f606d2f9cc180e17f5e6f0
0000000000000000000000000000000011ff1df503fd22ba0edd1f12f32109fa
000000000000000000000000000000001e0df2f3ed0d32d51ada3a11071ef406
00000000000000000000000000000000e7f30e2a25df11bbf3eb2218ff231d17
00000000000000000000000000000000ea05320a14032dc23a1ad225ff352023
000000000000000000000000000000000d0c16f7e3002fe107d20f110428ec0d
00000000000000000000000000000000f4ebf05910031dc1271445eb01231025
00000000000000000000000000000000f1f82518011b18e40900061b07241d22
0000000000000000000000000000000007eb1d12e81e1b05190501000d09060f
00000000000000000000000000000000eb08e6140106fdb711159af5520616fc
00000000000000000000000000000000bbf0f3f4b7f70bf91402f11e080f25f5
00000000000000000000000000000000cbcfeabddae6060426170a1cfcf429f3
00000000000000000000000000000000faffea0001f6f5c710e8b2de4c17f5fc
00000000000000000000000000000000dbf3daf5f5dc06e0fb05c1f1f7e91df5
00000000000000000000000000000000c5d9e0e7e7df05fa0c09dbe6cde82dfb
00000000000000000000000000000000060518f2fae6fec3f5e621f10ed6fee1
00000000000000000000000000000000ddebf8e2f5da0be3f9f1a002ffcc0de1
00000000000000000000000000000000e8c4ca0ada0622e3001bc40821d304f7
0000000000000000000000000000000017ffdce4d906edfc09ebd60eed09caee
000000000000000000000000000000002806ec21e3c1fc01192ae8cfe1f7050c
000000000000000000000000000000001a170cfee7a4f8190415f0e6cde8180c
0000000000000000000000000000000008f9eaf2011ef7facfdafceb15fae709
000000000000000000000000000000002b15f6d9e4e4f7130d1eeed81df90cfa
00000000000000000000000000000000413507f1b9b30326ef010fff0ad3caed
00000000000000000000000000000000eb1ced20180a0c02fcde05faf10504f6
00000000000000000000000000000000fb2091f02fff292cf504e4d40f2a09e3
00000000000000000000000000000000263ec0f400f41734fa19d109e105cfdf
0000000000000000000000000000000017f9090abee2a9edafd2e1d2f41bcc09
0000000000000000000000000000000014e3fffcd30d040da1cae8ede706d226
00000000000000000000000000000000f8c115a1f1271a070bf6e00ee9bdde05
0000000000000000000000000000000020f909efd5cbcf0eefeeeae12804f0f1
00000000000000000000000000000000182bff09fcfad309ecd4b8e00ceadcf4
00000000000000000000000000000000f20a00ea08091702fad1b6ebfbd6dbf0
00000000000000000000000000000000eeeae896cbba02350bf5f1f528f0c1be
000000000000000000000000000000000bebe1f003f1cd2e11e7c6f4fbf5ba90
00000000000000000000000000000000ddb9e8dd1f0ef221efb1b0150affb194
000000000000000000000000000000000fb91ae60156c7fbf3f5ab37e514dffd
0000000000000000000000000000000019c919d2c24fc0e90843fe04e3ddf504
00000000000000000000000000000000ecde0f11ee18dbff14301505dd30ecfb
0000000000000000000000000000000009cf01e0ffdedb1cfce0160b47fcf515
0000000000000000000000000000000022ce27f9c7f5aeec1729e3f32e0812fb
0000000000000000000000000000000017d9150acfeeb9e6292c03f31e2509c1
0000000000000000000000000000000017e3b40e29caef22eed211f2631fe0d8
0000000000000000000000000000000015fe2ae022e30241fde703173c0d29e6
00000000000000000000000000000000ffed1dd5c400003be8cdd5084d083cde
00000000000000000000000000000000c9f51ba1f82710c50816b5000fdbfee5
000000000000000000000000000000009a081ef3f71cfaf0151eb8f811c8e6ff
00000000000000000000000000000000cc1f061dff0610f7f909b0e907d5cad2
0000000000000000000000000000000003ede9f2ebebe8d316f004f50eef1105
0000000000000000000000000000000009eff7fff4e6e4e12f14d5f00b00190d
00000000000000000000000000000000ee09f8340cddede9f4e700de080dea0d
000000000000000000000000000000000000040f07ea45f7e6e2f9812ee91e07
000000000000000000000000000000000f02020ef8d406e9ffc8eaa708fffff8
00000000000000000000000000000000093ef23711e923ddcecad9960a0107fb
000000000000000000000000000000001523e90d112834e2091a1ee10afb0f09
000000000000000000000000000000000225f016d61be8c0f20a34b30f032e0e
00000000000000000000000000000000da21f206dc1932f4f2f931220fd33707
00000000000000000000000000000000182202f61118e413192822f5f40ee80d
000000000000000000000000000000001308fff9edf5cafcef053dd4fdf0100d
00000000000000000000000000000000cd22fffad7202a22b3ea3930eec6270b
000000000000000000000000000000002610fb0bea1cc8220f14e8dee618dc02
00000000000000000000000000000000180d0b1ceb08dd06060d0f1defdbf003
00000000000000000000000000000000eb32ec1ca6331ff00a283b3dbed81e0b
34f30df1dbbd17fc52deedfbf1f8da26ce2828e4080afad5030b14f9f722dcf4
36fd19f000dde006c7c1e613fadd0e19f5f727d8b9effaeb13fdff15dffde8e1
fd19f9ce08a6ef16afe9df26edf81130d20413eee7f7fef2e304fdebec1910e9
23fe1ee40806f5edf7060ffb0e024e1ad303f9e7f82306fcd4fd03200103e7d4
4ef529f8fa0ee6fd9b0a27ed06122809bf15ebf2ffe83103d5f0fbfa021ad8fe
3100da20eeb11f2602f5db0ff7eb2a2b25221fcc08e711ef36152a36e52cf7f9
9402e0e7e90cfb1320e5f617fffe1104d9002be03c0317031b1c050e05f7ecdb
9b08dd010af3f521aff0030b072216e5b9eff7e5f8fe05040418e2f0fef107f0
d9ee161209fe0411bef0ecf7ea033cf23c0902ecea2025eaf401fcdd0aed02f8
ade425df0af6fe14d407e602df010e16bcf1d7042a0c38f9f20eeb1906020400
e7efe61e33d6280e03efcd1df4cae01c1f481de3ecc9020d1fed1919c7471fbd
22f5c70b04090b111503e62cdb07fb0ddd090bfbc106f8172d00132efc2107d8
d6e1a7ffe60901080efaea2ffe0bdb03340e0700010d020e2719ff0d141b0dc8
c0d1d9f0e7fcf815baead8ecfc09f20a3cfa040500ca1ff1fdfcfa381f2219e8
b5d7decdfacbfc1b3d04e5efe1d80e192bd6e20d0ae83701f601d9baea2b1beb
b8e8fcff11c804f2001ef41e03e2e91e0c2918f930f50c2504fd1004cb1921ea
10efd90ef1e10a00f6fbcb24d7fcc5171f1f1900d901091707f81b3ef43e04e9
20f4defbd90be11410d0e61ee207d106b310f407c83a10071615dee408280606
cdfd12fefdecd409bfdf09effcf0ea11cdeae90af4ff0bec0d0fe339ee02ffe6
abfc05f527d4e00ff6dbe8e2da06df0f32e9f70d04f714f3e805cffbfcf20bd0
18dc0612f4d613e59b2c1332e60cdf39e92f16d61eb3f0eb0cff0e35e43f0cef
0be0160dffc106fbbc21e923d408cb3a1c1e1bfd39b617e9caf919d9e93e0ce0
4ffa2a16e9dc1402bfdad82b01ee0a23e5141d04fecd0df1da2613bde22901d6
02f81a40ff01fdfbaae8edf01ad80421db0315e7ebc0e101dd1813d6d9f0dad9
e5f7263915e6edff11d916ef19fed8253ffafbe532c8f904cdfcee23ccebfbd0
fa03f6eef3f101fa2208001fd1f1c7faeae9df1ed21fee0acf0fba46e61131eb
9c2aea1106f10a0deef625021d0decd909f4e025ddebf6191b0ed2c1061d24e7
36f2e0eff7281aeaf1031bfe040214beadf7df0732fdda0f0bdfec1110f8f4e1
a416f0f1162d0bf8b7f7f30201ffd8e642f4f810c9d4e223d2f0eb1f0117dea1
e32602021d19f2f9270309d50d0be1f8dbffef2231d9ec27e3fddabaed06f202
dd210bc7fff647e3bdf80cfbdc071921bb18f82000d3e0ded62b11f80c312ac6
dc180128e2d12a03cd16350735f3dff7e715ff071ce4f9fd14131aa3f10bf608
15051c15c6ed16c72128f61d311805e8f14719f30bb7ceda291a33cc0828c003
430b1e1a11152bf5f61afb00de11d507e12313062403f91eedf7f73b1925e9f3
4d0e17f41a1ff90bbce1e3fbe225d2eb11ece805051fe024faf4d6d30e21f023
4f271ed40bd020dc23cd19f7ed07fee83303081a0fffd9f4f8e9252606180ff3
a90f2c14ffa317fecbdfd5f112fdcded9be6e910f4b709ff20f61436cdda0209
55151919fea0fae0eefc0af921fdc3019d1200e9cafaf1e6ff1514c2fcebeb12
4a042c4b01e1f7f42203290a161b120df4ecfd1acf23e6181ae5f9c8100805fd
4f10101e1826ecfa4ae8f02af31ff2d93cefe02532fee2280cf4c52a15d7f7d0
a824ece219e9fde5a9fc21f8ef05ce0e0d04e016f1fde5f5e2f0f11e11f3e91d
9b15250d0aca0902c9ebfff0ec10d6db28f2131f110f02f60c0aea97ff00f5fe
dd1011e81ccc02eca9f8ddf410edef11e220181ad5bcf0ef1a07fbe109f91924
40de281521eec90d01f0e5f9260d02f8aee0d42129fafe3211e2e4b001c40cdd
0307041ee047c1064ce9de24101219f30deeb52d27f0f0201716e6c006c101ca
3414e3f9113ee3f6b5d2e6fed204d1feeaffe50cd7e6e2e7fe05e1cdf004fa2b
2811d70efbffe3da1edcf7fffc05e9f7c6dbd916e345d0cd26f5e100f9e6e127
2118eb0b25d3fad2ecf7f8f605ec0206d408f826c8ece9cb0bf3e61503e6fc0a
5803d6f9141710f9c2cae601fe00d9eceeeceb272908d9faf0f8dc340def07c0
f1f4e9eeef26f000c1dac3fe0aebed0e25e4df3108eaf1100d19d2f8fce40cf4
1df8f107f327ef0da61e1017dd01ee0df3fcecff01010b060e0d07a4f71919d9
2a0d3019e311060ecc08ee2f0918f230f9131d06ccd5181002260234132c04db
4802f1e2ceec1b1203f3d31ad918a824340b0404d7b9290bcf1bf729212407e4
0ffffdfefee11f231817db02e502d54dd8133c15f5ee2f08f80a092e10261dbf
350e0adffe01001ccd2e10d7fa16fb3d16121d0a17f52619fd0f1dd4051e0da1
4e07f30414effd0adf2414e3e1f5dc10adfa17fef5de101d08f20ac5141c35cb
2b061ffdd240fff0aa18f509f605b517120f04f422f01e11f216feef060c03fa
d709e9f6cbd90b0af4f6d326f417bf1ddf1f0304d1e0fff5ec251aee1b20dde7
310a03d7f0d21a16ed08dbf6e315dd14001ff510b1dc07fadd0dfcc0270ff8e0
ca2517eaf8fc3019ba1eeeea1631f82de32319fd222e17f8e8103e2818121ece
4ff215bff8ddf6f48d0c09e2f9fec720f018f0fabda70befd4f412bd111a34e6
f21c1224e2f11afbff2e05e901e6db02ef2e1efad41109f00bf836d5fc2313ee
18311921d9f723030f34fe00fdedd61aad452ad615fb1bf40a2354d9f22be117
cf14f8e4faf11fed0d1b0fdef517cb25ee0f0cebd4d9f6e9c9fc1a29121bf3f3
3a11ffa808c53800e91b0ff4d92bee35ca1708ebbe2df6e2a8f31cc2242bf9ed
4c1216f9c3ad24040b170b2913090c2ed8230015eb82fbe8042116341e181a39
17121c23e0d10dfdfe0905fb1b08eefbd9ed0a0701ac0ae2fd150ac808eb0b3a
a71be1190b17f12ac2f3f7f3fb01d704001225fdb10a16fbfe051f33ecff07f9
3e06d1db0af82116c91217ecdc18c935e70317eedfcb1113e4ef08342826f9b2
fd040bde0907310dcd3d18eaf907b0401406fdf92af409f8d5ec09e7101f0b9e
cb12061cafcc1be006200e3212feca35da26171c26ecd5c1ff121f1e010bf901
cffde027cfec1405ddefe836efede21fe019140532b8ecdc111609e60512ef3f
ede6e0ff17f80a18e8d7e319f21ae12fdc1e390c10c819fc0b162023181f01ff
cbfaf6d625031615ff060805f1f4d72509fb10f91b07232104eb26e0151a16ce
230408f508d90f02e73d1afdfee60c2e140214f50cd50306d3f51ab5fd09eccf
d42e0551e7dbeb1ced2937f40700200822f3cc16fdeef8fb221be81cebf703fa
afdf2e1b04f4150ee91d1ffd18032d122402fe04e21b070106fee4bcedf7eaf2
97c917fe040c2214132b302512f33125460aecefd5d520e705f90f1ae418f0df
16cbcf0ceb040506f6fdf024ed0aff1f1a08d2ffec1a0ee817bef2af020aebe8
d2a0e230d2ee2af3190ff1250700ee073903f4f9f4c8d7120ecffe44f71fe5e0
93fb082a0a01f212a62a22071a181df3f5e5ef0bb6cd0f082f03f3b906f813cd
43d0f7eae8d9ed15cf261cebf701ee0335e5d10dfeda070908fad02ffdfcf5fd
aec5e6d8db1f0b0bd9362203e6fef820d004fa1317e9fcf6f0f801ed131300f9
09ded4edffe5000e1f490825f1fced2f0108f61c04e6f0c519ef0ebb0a21ed1a
bea1c13e241f11f214eee6322bfcec231b2606131017eafc49e2100df732dc1d
d3ee05ee070a0b03fe0636e9fc07e5e722d5e700aed4070cf2e5e806110111c9
5ce0dacbe5dc1504202044cfe509f11142f5d70aef01f7f0edd6f32315f5eff1
45d2efd1fbd8ea03334a2d13da0ee2273901e20db7c3e2f2070df7ca19efecde
d10d080000031cfdc81c0643f703f416e815310cbc04d2e53105193cf42cdbfc
98d9cefb103d13fabfc5c836d60cd0050f1b3402c80fdffc3ae412bdfd15f602
9fedf4ef1615f313adf722e61afedde6b4ede0022ed30309e0d2ee1f0af32fde
57f0e02b2a010b0fd60d14e3fafdecf6eb10130cd0f5060efef00ffe100d14d1
d0ea032113cf10f4cf0d030b15efe204ef1a21fd1716faf8f0021d56011e02e2
e7c71a15dfdc20f1c6e3ed0df8f5eceb1c1f07ea21d9ebed11ee1fc9feff0507
e8dffa17f9f22be7448bb62fe209e830071a3108d3b7f1ea22f429d400391903
b0e01c0a2e0fef08f4f2e815060122fd2ceeed03f14cfc1dffe5f2d7faf618da
31b81c2c2621260cec2818290203f80520090d0bf3110e26ec05fea4e1f5260e
fddf1d1820eb1219d802fd0f1efccd04281c0ffe13f620f609e41f4f05153465
3d05ed1309e4300dc0d2fa0d00e0f323e73447ecd10210f632e548d8ff3612e1
2c000a0807b72eded4e5dd1329030623062f4a1d0ae1efe428ff2c91ee3b21ba
1a16c4e8fbc9182f55df2119b4d6b724ec4735d80f1b2eefd500232ae93300b9
1820dcf009bc103e230a4a19caea03f0361d3bf424f802ea11042ce7d254e9d6
f0e6010213db1835293f4e1bdce0d6e6351f3de5050d2301e5ff3249d33af7aa
a504eaff01e91912b61d3717f9def90a022311dccfc82603b70b2aaae71ffbe2
50f8e2e7c10c1d0701ede52be2cded19e52214effa032318cf0e1bc8cb2fdc07
3f16fbe208e31a26b8012d09c9effa0824142cf5d12c170be60214280336f3f1
a3170717f1c41c1ce91d211df606dd09cd020df7e802faf608000ec5fb33d6ee
421e0b0cdae71a161d261c1105ee000345fd06ed0dd013f0f2212224e614e3a7
f11f1614faf0f50ee00f17f8eaf3cef8d6f8ff06ba0133f5e3280b4ee5f0e6d6
bafcdbfaf8f41008d7fa0617efd5ac00f50f0b012d063906f3f915ecdf23f220
05fa2020fad4293008fcf924e9d716f42a393dfcbdcc272f1c0c2dd2de3921f5
212f0feefac91514e0fbf815f0f1f6f741fd07f40af12e16fe201dc4f92d12cc
561ef9f1f5de1f1601ece8ffecf11bf8200a11f2e6ea1607f02320dae8240fb2
d94020252ed717193d342d0808f6d607000c15fdd0061ef30d33271c000d0eb5
3c04e123210c2c20da14074214f2ece5f8202aff1dca35f15010381ff71b08d5
9cf9ea22eedbf81fdad7f71803e6b4f8e70c2cf60601362c0bfd2abde91c15b3
ce14030ceed4061a39f01612e6f2f3de21ff17153c152020001719dbf41d1bc6
431ee92827ff141436df1324f80acf0feef705f9f5e6292b08411330f9132dcc
3134e4322c0ced21ee0d2118f709c0f509ee0c0d3b0c240ffa2b0fb9f8011cfb
0924c61b251a2c322acbf21ee0c5f90a261025fd13e92bfc0a0c28b7c73322dd
81f3d8e621b4171206e9fc35e3f4ee2fbd2b370c13fd3605d6fa38a9c73a2df0
a3062113fde00e20fe011d29ff030a0eb40d2cfadf013d29e6071903d0160fca
f7ec1e0816f9173305153921f2fde6f03e0019f40a045129eb2006b1ef1b35df
fff5ecfa1d22062e47141717cfedb9e9d8f70c0807db3822ec1e061ed81a39eb
9702c1d202f8161de6c21411a9d8f331ef031b17c5d406eafd2f0ebad023f20c
15ef090ff3e5f514f4f004000f16dad3c4d7da0406ca1d0cf9dada1e1ec9ffd3
980bea16de0f0cffe702112bff0b05d23416180319cf080701f5ffb81d12fee6
fa13d82400efef060ffb0717131ae9db38ed120d00f6f90908f1e0bb1ede0bf2
de0ae3030ad0010db1080609111af6dc29f7ff040fef0b0e0eefde1c18e70ac1
2df00afc06e5ea1abcfc010f1816fbc42508eaf3eaf5111a04e7ec1814d805cb
29090a0bd8e208faa2e8211f0817e1fea6040606d9b0f7e7020af0f82103f3ec
290dfc11e7103af2c2e711380922fc06b1314af7f4bdf1eb0b1c36e417410017
ad26041108cff00ce5f8ed171b00f7e7e61224e82fdbf2f5290d08f900dbfff2
a617f81905d80306010a0a20150cf1eff72423ea300a060c17ff14d611d4fbfd
88ff0804fde3f9040ff41929072ef3ed110307f60de8f81204f70f2527f8f8fa
a1140f11e0ccd7008a06220f100af0f3c40c00f838c9f4f3031bf62bfcecf3cd
e22024e5f202faf9fc212c131217dd0cd60d1af3bec1feeffe18f6ae0201f7d8
d92c5545ede737fb1a1e28354b9bcd1aa56974bba9f2faec43135b45aa1de8f3
dd282914f8da2cf5fb2b422d23d5dd23a45348b5bde20ade060e5e42d02d0134
9b171ed10707f1ffbf1e3712f81eecdb1903f705fee5fb1100f60ec51bf3f4f1
c9081215079ff5fab6080e0b1206d10a07ff28d2e7e7f8f9041c089c13fdf8bb
371d1400fed508e9fa0b1222fe16ce31291a27df14b4eadd09221ce60e1deecf
ec112f3901ee22f8b405143d1b13d538b7192ade1af607f1311b2cce0803faf7
bafd0a30e41a0712ea0f1c4a1117e626a22825fc11fe12fc2d1234f918091fee
fe1b1feeefb90e0333162639f910e9041016110fe7e7f602f90e382e1618f1e3
1c0c0e0b1689d51c18fd00ec1605e4e191f0faf219ba0d0dfef8efc609d916c6
440cfb1e0487f8ffe30f0e0b0a14d4091a1118e6d9cff3f029130e0e15fdfcc3
4a140424d1d007f52a01041f1607e616211a0cf6b1a6f1eb360b131913f6efc2
9e08f303cbdd0a0330fa0d190c0cf104c3231413c0b6fbe81712160f15030bcd
da05feeee9fbec0da8fe00200201be11a70d0013b1cc09f10a0e119c090205f3
b1fd3315fc2112fb0109f5f609f503f3d712090701f1ff17f6fe051210e4f6af
e11a0d281040050a07d9c8e918fac0002f060bf1f4ef1708f0fc0ab1f8d5fbf3
fb15ed02162dec08bda6a4fcf30cc202cdf6fefdae061205daeff5a118ee19c1
db1a10251518f50d45c6f2f716f4b9e7010d07fbbb00fb03ecfc10a10fd71996
031f30190810d709c4ea0dc70f21fbf117d9d71b26f2fafadb14e61838bf17ca
b3f412111c3320f2f62beb14fc0fff0d2715341d1aeafa06000230e8111801fd
e101f400fe2ffcfeb801e20bf60aa80132f41b1dc521f90711022009fcfbefd3
b117f2dcf718e5fbe9c9b2efe507c70c04eafc161b350808ff03f73003fd0eb2
b8fa0d0908ac18029ef0e9fc1807ca172c040b0bd9c4020a01090d390b20fdf6
adea11ff101bfa0fb2f1d5d80915c50d2addf417eebc090ef6ffe7df18f720f7
b510fde52a4e26f80c21b311fa0ffc06db094316cc00fc15eaff2f23063fee2c
f20bcb0c1a1b03f50adecd01de00d5f7a5f317101b09f813051214e2fae3f0d1
8b16d3dfffdfebfff0d4bcf4f001dff2aae10103adf2f90cec0bf8dcfee100ec
2ef2f40406d00bffffeecb050f12f414d7091a10dcd71012fd0914b7fe0704d2
9fce3cf20df4fd0ccdf7f6e00022d211c40d0a0d36d2001bffe9fdb011fb21b0
afde20cbfd3525e72d02c506f81ae006221330fae3bdd6eedb071dbb132ce147
22053eea13d200e331572602050493f9af0d3401f8d5d0f1d92d2b37f93dc2ef
ceed5715e8c22ed7325f1de52f1121e9e022301218fdbfd9f8f54abf0119f0cb
18f542e9e9153ee9e23319f12f1439f8d3251722c5cfe8fc0df52ee3071409d9
a0c957fb132c24eac63b35f05027adfaff162f2543fd100217e61fda18150b27
cdea2dc0d8f52aba2d1efaf8070dfecaf70a0c1dc7d4bbd604ec1ba7040bfafe
131c37c305080ed0e90f020fe722d3f38fec1321d132dff8dcee0dc82020c72c
aa27efd9144713e8161f42e8f730f60727f3f51b0ee1aed40fbe0c17222ac81c
d31f0eebf5402ed6d92e51cf102c3ce3010e0df20be3b2fb0eaf16cd1f1fe940
c2f649031b3534e21b5a6bde532702dbc8181f033e0ff61847b41d40131b2afc
123bd8f20ff40004273d30e02803b617eb050df6bbf1160c0d3513b6f10c15d2
fa3cdafd23f7231bba412201fbdbac27b21c1ff8e1db1614e73119d0fc0b0ab7
b32eef0b0edbfe00321e0af630ddc81b0ef434e83cf81106d90b2203df0ce90a
99290d01ffcafd0a1e2ce9e30bd6f805d6f917f31f100bfdeafe09dbe60aeea9
d5fcf6fce9efe107c604dee9f9e1eff0281afe041fce08f70cf20416de09f715
f625fb311fd729fdb63412fd26f2ec18ba1539e435c71d17091e0f08030214a1
2735c70c16b0fd0a021a1203f4e4af0af71210e5b9de0405f9261935f715faf0
f31105ed0da6ee06ddef1ef3ffd6d80d03042acee21d030cec081de6d505fcf8
f7110ef7f1f80812160d1518f5d3d0131d021eef2bde0a16fb201706d1eee7f9
250eee22c8f0f915f0eaf9010cd0e5d3471e15fc1feb06e6f1fb0bcacee7ec03
ea0ae00ef2cd15f61c130e01f2e9c736121a2af41bba0df6f01621fded0df5d0
9a2cd0efffbb19fabe15dbf432e0d609401c2eeec0da03e3f52c2d0e05faf9ac
fa2cfc281fe0f2fbee1419e8f2d6df12afea18cf35e7fd1de8250020d9f302d8
0108e51d0813050215050203ffe6b514bd0628de20eb01170215120fe110ff08
06ecf12adbb0f512d8ec0bf901ebcaeb082010ecefc5e900f7ea0ffee1f4e6ca
961901faecd7eff4bc09fa06fff3f61d29fd01fc0bd304d9fc0f19a4f6f4eecb
adfc03fddadb16f8b11f02030013f90e2401220838e41fded82f0c401909f4cd
f10f1f31fed80918a91cf8eb1cfd150cd9112f02d8e0fdf5bcec22460511fd0a
10062d0b12c1f405a8ebf3f50deeee03cffa16e9c5da0e0ae4e50e48f8ecf1cf
9f13d82106080007fcebf4e9eee9e10e2c1c26f7f9fd231ac9f831e9e6050fa8
d3d9fdf501ce07ed1c3709f01cfdd202de041c0506bbf4e0fcee17b1ec0ef1df
e9da14e9fdde021bc7262befe1e7ac0e10e0f4fe33c32efded17f64be50108db
33fffa1dff081c15b8220af318f4c2152e0e29fac9dbf7f0e5f21cedeb03e4f4
e718eb32f9c405f1b9f9f8f537fea1f1f9fc11fe1ac104fbf1e415bfede7eb02
cd2bfe182bb2fae2bc041af018fd031dd0120af015d6d60efaf714fbe7ecf4eb
29fbf8fd09aec9f7aef2e2971befea91d2d4c0e706abee00fd97d2c5f2b41129
b3fbdbe70c91f8f9daeff1d007f7ffc80be6e40e03d3e9ff04c7e7e7e9fe0ced
3800fdcff4c1f0f0bbf5fcf7fdf201ece0d8ef08d105e2ebdfe0e6e0e4f80603
9ef801d3defbef0228f602f8eef0f2eddbd8f314ac2cf805f1f0e9e4e1ea0fbc
12ff1afae802cef7abfb0cc705090fb51fd8e71207e50b0803a9eeb7fde419fc
00d3d8e317b9e0fe23f7e3d0f901efc8d6d7c30640f30503f2d7e9d2eed50ee3
38f0e0f500cde60c0befe0e10005c6b8d9e6d21dd2e50c03fad8ed07f1ebfefe
d5f7ebf9d9faed09c4ebef0e150f29e411e7e407f02204e72bcdfbbff6eeff25
eee5f3e3daf3f304e1ee0df4f20438e3afe2f00af202eadff0d7dca1f0f7fbdc
a8eef1f20303dcf6ead608dbe01013c22de4e012a610fef7f3bee21a04e703be
a7ced7eaf8dfc3f5b507f6e9d3070fe1b4dc9b0df806fb0c00dabe40eba6f2be
c7f80b04dff3e906a81b09e516e807ddc1f1e40ecfcb04150edbefbfecd0f011
23e4ec06e200eb10d105f60021fe2cdc17e7de06f33b1bfd2cc0f0e2f2d5081e
34e1e1ecd5d4e208d1e706e4efeb19e706ead9f5a4e2fddb15cde7abe4ce03cf
cfd8c1fcebf9dffa97c1eee9ef001ec4cbe8d101d5fdf2f4fcb6d409f3c0fccd
e5c105e61710e6f40d04f8e7d8f4f2eb0ef9e31dbbdbf70605d9edccd7c50bc8
8de702ee0402fb0809f7d4e5ebf833ee2b0ed810ece0f618f0ef0f0bf0db15d2
e1e20dffe8c5ed0be5f2d80619ff33e1eff8eff5d5af08ff1dd9da1502d60599
05eaf8dff9b1fc02c4efec05e8f71af03efffff5c409f8e61fe5e19ffaecfeb1
d0e2f40004bddcf4ecdaf1ddf60221ace0ede215131dee0204a6d7d400cf04fe
97ba0c2516ffdb07e701dcc707f7eaa9b1dac416d0f8020f21cdd637fab916d5
d8b8f4e90bfbf300eef3d4f2e2f428bf93f4a703e5c0f50f01dedaeaede215c5
3ad1fec100e3e6fcdff4dfeefbfa3fc926debff5fd0af204e4d7c2b7ffe109cf
0fd9fde130dee7febcebd2dbf0fc50c20ae5db00b9e2f8f712e3d1d5ecf510cc
cba90c030baed4fcabcee1be1c0f4381e7d7b41ad8e1f3021c81b4c5fcae08e8
5000c70602c834d813021505fa8ba8f8de1a13ad25aad3f8f20b192b9820f803
a61af3e41ca713dfe406190b12e9dedbc802e2aedcdaccffd2f201f4de0807c9
3c292cad029701d5d0ff171828c70fede5fedca437dfc0fab6fb0740ccebf3e3
260c1ac30bd806e4081817f6f3c719e21209e5bab804d004b5fafa47c302edee
1ff8e9c3f4cf0ee1e4f109f2ccbe0de9c816e8a72fd6de00cbe901cfc5f7cde8
1df5e60df4c602e52e11020eefd4c5e0c9f8f0dbbbd9dbf9020cf6d9d2eae7f0
efd5eee9fea807f030edea1405e2d7cbcb09fcd1f4d5d40af7f20134ec04faca
1cdc0ec708e318f515d9e932fdc30adcc308efbbbdeb06fbe7ea0e19bb0611ce
2fc1fae4ed0814f9cffae81afbf406cedafcebe539e5fa03f5ddeba8c9e7fbd2
f2dfe2ddf7dc01e5a6d2fb0300ec16d6cc08ccc912e1def6c9f5f49fede6f0c0
9d15cbe60c15f6ceb0141afae9ca03fb27ecf9d1f4bbcc03f505f8a3bcfaebec
d8edfdc6f5e0f9f1fff8fef413cfbdde460400cacbbff11603e80da9e1fcede8
430517e9facd0afaa6e4e8fb0a96cbe4e2fd14c6f9b20906ecf2ffe4b0fff6c7
12e2fdf1efbb0af399f4ef180fd4c9f217f91ad1d91302f005dfede7cb13f0e5
92ece6efeba6ddde06ec07fe01d411ec1be4ebd0c4fad5f8f6fce7d2cbe2f8d0
aaf4ddf1f60002e902f5daf711c3eaead10bfec1c2e7d4f512ee08b3c70806fc
38d2fcfaf1fa0af540f205000fdfdbf2c91218dbabdbfb1208ebffe4eb10f8ff
b7ca3018ead900eaf6fde01623d0ddf1e80511e0f4cce6f30cd3fd25dff6e2b3
ffdf0a07f1a2faedcefdde1606ffe8e025f910fdf60bf4f2f7b7d8a400e301bb
e1f4f90f01d800e3a802fdfafbd9e3f5d204ffe3d4e6fafddbd003b1d00609f0
04ecfbecefe6f9e5e9e3faf5f3a4eddb010001a9c2e0cd07fed0123cb2101cfd
01e730fe03eef8e2c9f7dc020dccc5e2e3f4f4d0ae1de115d300f0dadffb02d2
2007fa010bd5fbe032f0ef1e0cd7b1e5a8f9dcc5b9f2d0fdf6e2d8acd0eef8c1
31f9fa18f2ed08e4a700150418cdf4e0fe0d0bcfdbcee601f6d9f8cfc200fbb7
d5d4ec1700bffef4cc0cf6ff22ae11b83803decf05ca04f5e0abf625b2ff15f5
e506f5f2e4dea4f740e5ece2fdece1d549bfa21a1c23e906e2eb88d3ef9f1bce
1a16f7efc4e0d8f5d3e91c13fcf3cedf2fd6d22df4cce519d70fcd21f0dd05df
281cf809dd1ef802b8ef1017f9f9efe224f60331d2ebee1edd02f3fefad116d3
d702fa11d9f302f33603fc042bfaf8e8daf6010d1ef5e310ebdfd210f9c6f100
540e0308e2f4b8eb01f6e5f4f9edf9dc1ac4d602db23f6161ac8bdb4dfaff024
153006e10502d2e9bbe320f91a03d1f4eeebd22dd7dae1ee1100c2fe0bd90fee
320909d5e30ad1eab3f116042e13f3ddb8dacb3ebadccef903f0ceb119befbd8
0a102c16fb0fdad8f91719052b09d8d10bdfe6222dc3c9fa0e05ef1efeaef3d6
dc0d263511fbe7ea3afcf9ec0209d4f141fe040906b0d6020be8070c1cbafcdc
b810201fe519e6050702f511c8e5dfec26ef0809cadb1e0913e9f2eaf6c7e819
bc1e0dda08faebdc16fa23fefbf8d7d2d8f4d51a351db0f840ecdbd818e207b5
95191df1f138eed0b71321e92709f3c8c4e8db18d3dcc4d73908e6b50bdaeed4
f9f72633f91cecf43af9fff32e06dcd2fedfcd03d7cfedf4f9dfe1c8f5c9d3ff
4cf85251e8dedfeda41a17e31109e0d1f4e9d60d01a7e5050bdac60a08bed1dd
ac053410d6fcec0199f90af8e902f9d6f5d6df19cdeedf0b31f1df0f1adbd7e8
8a1603e3fdeff6edb4002b04f429b2ee1bf2dc0915f9eae020f2f2291cde08ed
18f40f03f5f418dc460c2e0b0e25c8da17fe0209c9bfdcf80ae0f51f1ff9cdf4
0826fc28ead7edd9090644f52317e8bb30dacc04b4efd7f5dceadebf09bfcc00
42120e30d11ed5e90f002cf04820d0e3f0d7b60cdf00d6ddeeefbded35cbd1ca
2bee13ebe1dbcaff06ea09f11bf9ccd7c2dbdd16dbece8fee3e6c6ac0ee5d00e
29e8fef310d7b2f7261516100bfeacdbf7b9c5011dd0d7d705eeaad1ee9805db
170900fc08fcda06ee071908270efff5b7daf100c209e1f4ebf3df34f6c4dcf5
2c2cf01c01faf1ecebfa2b0c0b11cfcbead8e30abbabc5f2db15dbba0cbed1d6
2501c0fb051de00204e21b0a0bfccf01fcf1c51fbfd8f2e2e1f0dfe506c7f8ce
5af8f2d0d7ebb804fadfeefe0109f4f5ffb7b81536bfeffee8eea717f5b0f3f6
13f3130a14eddcfac43409f816f2cf0b1afcf4fb10e5041c21f7dbf7e8df20c1
bcfa05f307f8f3f8c85c5509e7f0e32ae716edff31f9f516011f003eee340c04
e11818de1cdcfeffe91a2008ffded61aaefdefe8b1d50a1bfa1603ca011c0cc0
4f11fcf214f1f503d71414031307b2110af1fe05060bfe11310ffcb5e907f208
35260cee06c8e403d7280bf01de2192d30f830f7cddffa131319f8cad7fbfbb4
250b15fb010be506182134ecfef8df13d1f7ebfc3017e305f918ea0afbf3ffbc
9eee0e03efeedc00b81b2afc0af0d1030fefcee329f7e3f8f6fad306f20605de
aff30d19fcc904ed97eef214f3fcbef7d8ece3e9039bfeffed10f1ab03fdf0ec
231405ede6f1d9f4ca070bf00bf5b4fdf5e608f3e4b1fdf1f50fdaf6f8f601ea
a6051d0225f9d003b5052fe007e8df1fe5cbe9f8d7cb1007fa0aebc4efea18d7
0a301312f2bde2f1dc3306d2eb0009f607dbf8f91305e5fcf7e7093c020dfeea
2eff190ae2d6f1dd270214e61ae6c1faab0d04ecf0e5ddf0e5e0ec42e5faf6f8
98d94d1ccca927819606f42248f7eed71d3455ae2ea38181f9ce571b00eb81c1
e6073302dbec1bc9db2303e611eb26e81e101bcfe8e9a5c0d6ea0c1401f0cfc2
a5271ef52418d8fa881919002c040d17aee8e50825e1f7f6ddfee2ddfbede7d1
06121df808a9eaf8a10afefa0de1f206b5f9f615249f1209f10c21c7010315fc
53080b0602e5f2f2081b11efe6e6c4fded02e924eed0f9fdf9e204e6f1f528d3
13eb0afb10f1f4f4ccd3fdff04fbd21fb907f3041cf2f5f9f1e4ed10110ff881
1aed07fc05f3e8fffcf80208f910160ae5ecf51a34c9f3eaf1fbeaca10eb0cd0
af07220cffc9de09d70b2ce5000ee03526d9c625d7facae8d213fd03ebf203ca
3afe0b0a16a40c101c2330fd11f30bfb1301ea163f0f1c230905ff2ee901fc1d
f11be41613aee2031d2035f821f00e08c90ee7fdbae702011bf7eca3ec080efc
4012310506f5060f2c1b12ff1deac911970f111deec11b01e705f5aef30807a7
1afe0df31cf7f316b514200311eea90b0fdde519dcf603000106ec0b09e700db
a9f4d519f2dbc90dd42414edfb0dde1600d3c10f3617e006f101de3cd2d90cc9
210e110f23d9e6fd25f6f807fe02ea3418f60af927eaf7e5ea2906f1e705fdc6
1b2f0bf01edb05fb3a0eff2ce315e91d080518ec38e803efdc1c08c608fbf6a5
adf4cffa10e30a01d5cdda15f80eb616c7f509eaddf00bfa13f010c9f00810c9
9b0906f702eef0f5960413f510fae90c1ceef901b8f5f7fb14f9f2dee3e3e6e6
f8181203f6abf5efa71802f101051730b8ebf9f709beeb00fcfef3ecf7d6d4dd
b80340f1feec2705b50a100d05d20e2bce162ef3c2edfdfd09131be5e80e01b4
da213d1708ab20040518fe2220fdda1d25e81bf6b1e3fb08fb0609c8ee20fda6
b2043611fa180afb0c150d17f40ee1041906f3f73df2f609070a0addf7030a09
c702273000def3ef401a23fdfd05dd13c81027e81f1704151bfd0f40f0e2e9e6
9d001330e3d608e0c0143901f6e2e13e1e1b02d8fdc2fa0808d21cbff210e335
b010ed1de92a0d1d0ff9131b02d4e729d82024d500eb03f92c0f2fd9f2230dc2
e0f8f4f80713fc063608eb1a1918cbfdd50802f2d52203fb0c0bf3291feee5e6
bec61a16c7ca32d4e03c0613402d1012a32349d52306c0c51e0538b128dba5be
a017dcfcecca05fedc22fa00e90a2018db042de2eed406fce20e14ec1cf3f0c1
1ff8de11f5e918fbcc141128f8f2e04a242140e3b7bc2b002607263cf33201fc
d6ed211cf6f01506db16f51af9ee181af51c0eec0efc1d042e1b26d2d42c01c8
9ff40800f3f6f003400ec616eefaf1f7ef0e14edd10415f41e140bb5ecf9eef0
b401e1f2b2cf08f12017f80e0f22e2071f170bead3e7ffcd1c001f0720faca1b
0c27f80a0fe8e802ed16e611ef0e0122b1fdf1f7d6d601ecfc10feb903070add
fc1cfc0e01ef24fc0331ea0011f6072cbb1c07eb36ec19f8181724abea29ffa8
adfcfd0c1385fdfbc51dfe0d0507d614f60cfd00ccb817edf1010538f01527f8
f105fa0018d622e51906e90dd501dc24182524fb070b1af1f41309d903300df7
20231519db0116ec35f0e119f20ac434bff510e9e5070503173cdac524ecf7d3
e118f311eceaf90335081cecef0dc22adf08ee0cf4c9f9030e1bf5ec18fa03cd
0af2191cf4b8faf6eae4d6f511fff229210def09de01eeecd6fafbb6fa05eb07
d2f228dd1affe70ebf0afdf60cf828e9c6f02312cd2418ff100107c7e6f418e5
c5ee0be618f6070f48fcfaeef400cdf023f5f80c0ed504e0ec0e04bcf9141af7
58c61f032336f8ef19dbf713e620f8004309fa3d0d1af8012405f0bb1f18f316
a5f20ee72110d5f3cb0a20081d0a12c2e9db18190616051a1706d935f0f3fd1e
4f03faf50914f4ffa2fb31111efb1edec4e72ff7d215170718f1f32118ef1a25
97f3041917e3e30f9b02f01101f5defd03e8f60531fa0d1f2612e9c406e211eb
f4ef0eef05e5db0636eef91601e5f6ffd0cbeb06f9d7f1ea1009d1b000c514de
d3d2091308d6f6d32eefbf2306f102e2c1012ef3d4d2bfe512000711d8a5b101
e5f10d040822cfedc9eff10005dbe9dbf7d8d518101cfc180105d810dbd2eaf8
0efee70be749caedb00f0a0519dddb0b2cefd615d32a0df91102e4edf6e2ec0b
bdecb52003eae0090d0de523d8eff103111b0514dc2415132415e4cfff000a08
22dfe2f612e4c8f6aaf8e214e5d215ecc0f7efeff0ff03f30b1fdc3bd2da12ca
37a7f815e8e9f0a4b23402133baf34f4c0143c9ef5ed95b60eee2928aabf8ccc
f2dcfc0dfffcadf33cdd9d0310d22be2c1d6c708d0e0f30002fbd30be8d2f6df
1907a128ed43cef78603c7222d07fef70cedf31fbc1a0b192719ebd607d3f4ff
dbe31c24ef8afff84317f4ebf901e6feb60ce11eb8f8fe022000fa32000105f1
c7effa2211bcf8eab70e03f607d91ff50f0c01fa2409fc0112110844e40612fa
dcfc0e07ecf1d3f4b006cb112ae431ec47efd91501ede6011cf0e60adfd6010b
59e80e00f5f0e5fd0df1cbf30507fbf207e2e818fecdd70b1df6df2a0af7014b
35fe33dff9ee0bf99b13d3f3ff01fc03faf60bf9acd8f0fd1431f0bdf6100537
b1dc0a10e69dd8f93c1c0df031da00e70c08d816d4e0f6143d05f1d4f1e517ca
2df205f6f0d5e4f9c811fef2ffcad0cef3defb12e3d12222230fd534d2d738c9
47192ae3ec01d513e207fd17f409daf92ff90a3222c2072b382cdfc11bfd04b9
581622e60cf4eb2b350d1bd2e2dbb3eab1f30919fc13f4251b28e849d6080df6
e7f016f30e1820134e0509ece1fa06efe6001603c0e90d331e22d812c30c15ff
9f0af0dfede21dde200ce40ed21fd724a71f12d6cec7c40bce1a22a3032ff90a
ce0bf1eef6aff7ed00dd0915a704b919be1f0ce9f6efd90de217fffb021e12cc
0504e5f9e5cc04f5b7f4ef06eb1cc520f40005f414fbed01ff05e51c13ed16b2
d601e3f5f7eb0cf940040003f612e4fdaf02edec30e5ed070cf8efcc24f51aa2
9411f9fac5f3e5fbed3e18dffefe03e00816e8101e20f708f6efeedce101f4cf
4314e2dd1ecc15d916f9f107cb00cd2b001214c70aedd4f7eafd0fd11a1504fe
a1f6f8f509d20cf6d0cbee06f2efd00eda0e17eb0a000918f5fd08da071608ed
a9f7d1f6f31926f729fcf51fda3bd8f7fa02f00dd41af7f215fff6d62efe1547
4ce8fc17e004fff8d02ae109bd0ae3ed49eddf150a1ff0ed21f9dd082be409f8
fc07fffdf0f0f101e92de511f207f7fa2605070db9090c03fe07f7cf1af900f2
9e0f10e5f6ae14eeb00526f0f5c7ea26af0d02bbf4f1dae6d0fe1612fe1e1303
12120adf03121e0529f018ecfffae6f6b4eaf0e5d8e5ea07dcfc0eb413142107
14fbf202fbcf1efcd20208fdfe0cb3ead2262efcc3cf02f605fc201919080115
e8ef05fbe8c4f7f93efc08efd312cff61a0802f8d3f0f0e9f7fbdec927eff9f3
d810fbe5040a05ecea190516faf9fb09d5e911021fc2fc02071cf9e40c0e03d9
a516f4f1d7ba0ce603430efae2ebfc2620fafbe2dfb4deded51ff2dc0817f9e5
9c0ee4f0c0e808fcf32a071af608c712abf90ee7f210e6ecdf0afff71422f7dc
a918ebf3e104090bec1efefa1002d9f300fb18d8da0503f6ee07ffb706f421ed
09210fec061426022ef73213fa0cd318ec113a01ddec0017de150e1bf81e0ad5
121215d9feeb0be7eb100422daf7c1162512fdfd35f2e004b930f8b0f21de5c3
081efcefeaa215e8bc382214d2e50423c2141500e0bcd8d8ca1c17c8db2bf502
280ae80cccd703e0083e0d18da0bfa30bc080bf71c9bf7bbde020410fc0ff409
2afcc303d2e032d43bf5f024e4f80f3dc82328003be3f1ccfa2711b42629f1de
0b28ea07fee12ce814ecefffdb17ff34d63e4dfe3d13db04e62f1bdc1b16f9a3
260ed2ddedf42ad111ce033ad401d248473453f2d2f9cff4b32a3d0be444e2d6
ab00e7ac06c3ec0cbbf2070be4d10524000810ead512010efc1e10bdc9f7fe24
390deab6dcc00bfcfee3e524d70e0321b52238dddb05ff17f72422ac142bd8f3
a7f10dc5d4c60ddfebcbdd0fcfebfa12e80a28d6c8c000fe03081510f51dc7e4
b91d0beed0e615ef1f0be301e9f31a0fe61706e941ee0f10ebfe08b8df01bd01
0d1415e4c8e329c8f5f9ea00c8d2ec1fda1a1dd202ede1fbe20530fdcb25d1eb
0e0f13ca1105eafcfdf1f211d1f2f323cb101fe2030f07070a280439d80a030e
e9e429e8f5c9f504cfee160303e405fbe7040ff0bcda1c1ef70c183dd301fff1
d9fe05dbe80a10053c00f8f8ebe2e9fdfef4f8ff1a03131505fff6b9e6f7edd4
14170716fb0410fc430cdffdf2e70a1f421724f7c5080cfef50726dc0120d9e3
fb17f115d90602cc462721f8fded121fad201ae840c7eff61df32123c91dd3e9
4dfddfc22f08dadf0dede20bf7efe5000507f8ccf718ee00452ae2b2e4e80ae5
dd1ed6f2eefef7fc200b0bf9fdef06fc410629db110814061f380902fee1f9b9
97f9f436deddfbf8b2250908fcd01ffe161015dd33d404fc27141db8f3dbf2eb
0907260af0fd19089f0de91d06e602070914f9f1241ce904f4121709de0ce6fa
4b0a0bf1e1db19de35f2f6070f061010af122af118f5eee4f5f73b46ed30e0f3
c9f4f9ba4415eefdeeddc6e7fcddf0bdb50805da12d816fc04eaf243ede50426
f9f503ef22ed020cf8ede4fad2c200e840f5fcdc23211a0deff8e1c6cff008ed
03fff01df9d70fff0cf6f208f8e6fbf21b07f1f53a1701f7f816f5aed4efddcf
b4f2090704081e0dcb120a0f12f20903441314fc42fcff15f6100d3dcf25f7c3
35eaf6cafe031ef3f4feec190de432123b1d19f4f80fe41102054c06d73ed7c9
c9efcecc45bec7e2abfeecf8eee9dec22be4d2e9c5c9f7c3ded6c2bed5cd0237
c4fef4df3eeaf4fabce5eef2bdb9f1d125f600eff3c0f4dcc0f4f5d8bbfb1730
5526e4d14217f806b00d10fbabe6e7d6bd01e4f20815e105ea0ce9ffbfdd19ed
9e02efbb30f8f607e54b49fdede115eb0511fbffc3dad511f8f3e6b7c5f3f4d4
9ff6face0a092108253b421110e73e0dd8270804dcb5e101eaf32f1fbf25e0d5
081bd62b03e82af7c90d071eea22e619ee383f0526b0ce09fdfc5031196df602
43fefe1af8caf90b39fbea100222f3070f0d3216dec3e70503f914bf1d0debcb
09e6e204c6b42af418eeec08fc13e8150027170617be01f3d9e721a71e24d9c3
c8eeda16ebf82afda0eef3fef011c90f352c31fae6260208dd192d2e0d2df3dd
e9e92105e40b3a09181c2c15ed10cbef381719102ee5f6fc071015e91711fcf4
4bf5e7091aee22f3c9f3ed0f032dd11b15242c04bee7dff0ef06141e1f32fce3
aaece40c031c01012b10e72c00f2aa20cb1911ff33d2f9181b1d08bb060002cc
04cc0509e0c7fafe1aeae7f61d01d905b50cf2eb22cf0a00ffe914331124e2fc
0005e8d4e31d03f1e8f415f40904beebbd0fee12d210ed0af8f1f5cc15fce2eb
db0a0fe2f6141c050c0ff70a01f4f3fdae2215fe0e2bfef0d9160af6fe10e8d8
a2f1fcbcfdf013e3e7dad01a0828c51a3c3839fcfbecdbe1ef0d2b00171cdce8
91ef27cbe9f004efdeeae1f4e80a04ec1517efffd702f90d08ea020017e215bd
21fa1108e5d627fee4d9d309ecfbed1f2e2b42f111eef006f4eb49aa1c610bf2
bd0be2e4fde21cee2e000efafd1ae103e72307151ae2f3fde0f312ac262bd8f0
0501eddff7da0defc50addf8f8f60e092c1d090ae31af2e4ccfc06bd0904edeb
fd00e603d7d53bf83ce3da07e6140b1ee0402411f5ece7b8130a38ab212b1e2a
16e3fb07e1db06f8c1f1e21104041801170f09151fe810f21a0e060b1ef31914
3de518fffee50d05a3f3ba08fd18d3e81bfe0a131fef0701e90102ac03170b14
e40f08fdfc0e0bfb20020ff5d502e8f5b7f7070126edfb08e326ffda0a08d6f0
2ef726f3f3f90efcdc17fff9e7f1e1f8c3201afecf000813f20810dbfbfb05f1
18ff20dbc6b43deb261e232de33af6411c3f2b2421eeeebc0c2136fc354a08d8
aeed19f0d1eb35ecb22c0433f321f508e91d282a3af31be3de152abf2119e7dc
1806fbdf000f1a0310fc060c1c09dc022b1d3718c70c02f9d8101cd3081d0615
b71303da3dfdf007b70317eb0412e5ffab1d2a0be2dcfc05db1a2129fd16fddb
f9eef0ef2d07090fca10070e140be108b010ff0ab7da0315d30b054709150fe4
1b01fbcf43ba05162fe9d408fce2b705e11720ebb306230710281046e2f81bf4
bf1af0f03eabe422e4e9f3fd28b1c4f4a6fe0c06b50b2b0f17100dd4c5161d06
390ce31014dd093cb1e90021e8dad305fbfd1910b9093e13100c13e2e6221ce1
ccf1eafd270bf33611e0def7f9dfe6fb27f5f1f427e04f171300f120cf0ff1a2
c0faeddce4d50e2b47ebc4f1ebd4060c070220fae6bf3927d313180dcafafdee
2619101a3102f91d43e705e5e9b003f7211114e0b0f4290b22021328d5f91bd3
2d1804fc25df020c29efecf42ce5e3dbe01324e52f17170d08f32009f71100f3
ca02f20707ec0509fcd0ce1425d5b7e92e0819efd5351df4f3fd26d8fcf8efeb
2105e7ffec17dd0916eadbfd0ae9c2f8deecf2f6121b2f09f014e4450aead1ad
3b1b10f2ee200704fed9e21309dcf602ade1f211260f2f121f1e14c20cfff3f9
0b05fc2c0fc81c073fefe215e0d122efc52f25f62dcc05e84a013308c721fdd7
480afa1cff1cfd122fedf421ead2b6f7220e0ff7eeecffed0afa1caadf1302df
f9fe15f10ad41df1b8da00f92ed7bbd538132bce00b9ebcc02f51749e915fec4
ae0200dd0fe2f706c0f9f9e714f9d7f4c80cf6f111dc05f2f80ae744111513ae
2b1ee8ef1220070e2bf5eb0303e1e70f0901d8fa06d40f081b1bf2e213130e0f
8c11eaf4f9ba1bf5ec09fafbc3f0c100e1131a02f6ab1cf5f80a3e18e345f31a
191f020c07f4f9f8da0714fff7d8e002280e15fbff041fe90a132537e41511df
9d2511ff20d41d110503020b00d4e9f908191be5b2070af7ec210bd7e30c15b6
ba0df02508051016000515001007c102af052201c9cf051bfa19090e01190db3
de0e051914d5120d5103f90103e4e1243a0f1ff629c5fc15d6202809ef211b00
0003d2e810af2ae7c6f70e15dcefe2161c101c02f8c2ddbefc160207cd11f0f8
d5f2d1faf4b82ef9a70aec27ebf2e611f72646fac4cd1fbe1aff3037d839eff9
1c103f22f5bf22fabe191afafdce07fb450b38e9f5f5fdf8de054345bb3afdcd
111efb1c06f30605d52940fed6dbf607f60c39e1f213fcfaf21339bffa14fcbb
fc0cd0e407021f051924310ed1ed0736130d45fdf5b5fc06e10e46c7c633ef06
bc00d9fa0ce8090c4f2c121d26fbcc07fc04f91d0bc0dbfe281610e60dfa1bc4
fcfb2ec1ecbf11102d3136f406ffd20ebe0e10fa13e3040cdc031e10fc2906e6
02fb0cc3ecdd2e03d43a2ef0dbe6cc31bb373300b7e9150bbc083619d85acaf9
a8eed425cefa1aebd0081ceb090dac174205210f0de1f6f00a1718e5022ce114
9513d024c2ee3be806d1da13f02ee30331322a20eabde7f02e1032390c45e302
bdfbd811ffdc020824e1e30e0001eff3bcfcef05c3e304061204efb3f4f42be3
1adaea02efb8e4fbc5f317eeea0ecbfccbfcf6fdf8301600e00bec45011cfccf
bcd4dccfea00f2f9effa02decf0be81ab310e103dada01fecdf909e0fc19cfd4
4fefde04f9fb0702fddde60b1c1dd5033a12151730040c201408182ffb17f5ff
0708fce9d70b2f02b5b1c636e82c06f6b22d45222c09ee071e231acf201ae7ea
24f2daf3fde319e7b0d0ce0fe3f8f3ef2afae61902c4ebf6e908fa2b14fe11e1
d1e8fad8eecf07f0c0fc12efd734c306ca00ea28d73110fcabfdd4d332f108dd
38c9f0c403f405ed1d010df7c344ee07300fca1dfb3904e59ff8e6ce3d22ecea
fce312151928110d4902f407110cf8053f0b0419ca00f520f61a1bb01a1ff9c0
3bea19e9f4ed2fffbcdcef15e302f000121a17261612ed16ef2b32cb1321ffb5
efe9fe0523ea21e94202f323fb00e6f1211e03f9ecd3e9ec27020245ff0e15e6
f5f7f1df040619f5431e1b03e616d8f702f9020de845ff00f404fd45240c13d6
00efc1dc131517fdd51222e0c404df00fa06e111190000f7d0f3fa40142712f0
c9fbf105f7f739173f20271028092114b7052408fdd7f214131b26cbfd2aead5
dfe3e2e410fe1efebfebff230408e40cf7121e0e3afbdb18241f0dc41321ecc1
570fc5d107cf22f2ab12240d1b1d0112b71b2918c0dfeae21d2d23de082ef712
200e13bd06fd3b17e92437f2f2f5031ee31d3e0d1ae41b05e72d3327fc271f39
d7e1eddb14245409b51a47feedf7e22ed9312f0a160a11f0d7024ff8fa4d2a06
b911b9dd01ed32eef8163f01fc22ff313dff2d1012e2d3f813fd25de1c14f9f1
a70cd3e7fef945e3befc031b0716f227e0416e0de0baaaf815184448184109d4
14feecdc0a030f11af1c0b2cffe7e61bde1531112c2f0c0720192807ee2a23d2
d2e2e7be05d70d12e7170eddd9f19511ba1d1f21f3160b18ce0713bac31420f0
aaeaefff20151b0aa4110bc805eeb315da223b03ff302b15f4e828c8dc1f12f5
d2ed041bf907070ed50df91a1f12f5ecd93545fa0bde1d242be623f206131317
c7cdd430e51d1be4f2d5a71518e8f8c01e3b3a062a01f20f30e11fe4dcfb030f
99f1f2ea0c04020709300c1008efc1173dfb1804ec020c040b1d2233ef0c03fa
c8e3e2cefefbf80c491214bcd80ebdfeeefef20df41b10ffb6dd0922f5ee00f8
1aefee111328230dcb0c01d7f817d2fb35050212bb121df810e913c205ee112b
3ce9f428e9f6d0f9d5fcc5301519bce33bfb280607e5ede946fe05f70fadeefa
cbc4d524f0e4e8ebd9da9d1efff5dadcc703390115c306ef22fc02d609d40dd4
0beff60c001df3083b2d09ff3bffe818cbf9edfc16d90ffd350f020fe8e30ede
e8ebd6090ad2e70fb11f23c7e31fd203bae5df16151123f9b0d4d5040cee1401
dafedf282eed12191e3227ef06fae7f4adf90f1b22eb1f050bedf6200fe50c45
15f1175a18f9e5ff3801e64f29089aedf1182ff2ecbaea0241f92540e4acefdf
f4d8f53d1d0eecdbdc16e72fd404cbfb1a1f09eef0f8f10512fd361703e0f4ec
3803ed1210fdf80c0a0500e92df7fb11b1f904e8f81610024c1107d2f7f612c6
c6ddde3c12e9ef09bffbfaec03150e12d605020ef90e1307dbeff3e307ea10f4
efe1bf2f1bcdf407c9fbebfe0cf8f219fd040efbc1de1e13f4ebf4f30af514ec
d8ef064302f408e42dd6fa3e180bd407fcf92fe8efcdfa1230dc2611e2e1eef5
f5d7ef391bd3f7c8b1ef0541f318eafd302411e924acdd0e0fd539da0d0401ad
efe4f5063312e2fbd5e6d3d01deab31cc7e6e7ebe513030c480bdaeffddb03bf
c1bb04192a2a260ff3fee1ff06d70f10341f3df21a3c17130ee610b6d820269e
1eb2fd371a1b161cc6f3e00f2af0dd13d91237f4e6301d1a31011537edf622dd
25d10d6f23e237151ac7e63c5b25bd1bfa0e6e0532180a1765db3fd6140305ef
2caa097f14c63eebdce3ff43551afceac71c70f6cdc3f42b44c95b260f2cf8e5
1fff02daf1c40b0304e0dbfdd0d13f0e240f1dcbdff0fa0ce1220609ee06f8eb
5e11f4ede8e400edd9effd12dac3040e31f803bac507e10e031bf313dbfb0fcb
0d1ce7ee14c204f3450403fbfad624024814f5c7d01acbfe0813f1a4d708de0b
4d03e1e6ff0afefe300df4fb16ce18e23921f6f414ef01fb050cee27e212fadf
d40d08d4f2eb21e92535020eedd4112b173548e3f8e1ef12cc14360ac943e1f4
eaed03d9fdf91c0bd3dcca14cec92511dc210fd4bd121318241a0a1dfe0516e6
94ff02f8d0f324fb27fff21ad9c4010b0b112cd1bdc50a1314161aedd917fd01
1bf3f0f6ec070ef618faf610d3f9e902de1d06e823fcf9f115fffcf9f80acb05
10f608f01cf708ffc803e812dbcee6fcaf2e04f4d50b08011ee41434e918e311
ce16edf9f3f230fdbf1eeb13c5d0f41fed3c31f02804050305fa3811d639fe1e
d701d9d308ddfd0226f2fc26d7ff2e07e22dfbe1cb04eb0e1b2c02eb151506bf
11ffffd7ceda1f06050a09301cd902efd22641e0bdfbfa03041f25edfa09f5e2
cce500decfe24bf3170109141be5f710b95154dd0decf9e601f948fb171ad3cd
d80808c20dce09e8a704fd0d0d091bfc3f13f6ed34d5fbf5f7fdf61c200ad501
c11ceac60ff525ee11150f26f3e10931d3323ef5d5daf805060a2f50de4000f9
02fdfcef0c18020ccb140b12d0f4d50eaf1a08eefd0e01010127fabc0a0009e2
3b06eaf4eef8090d33390e1605e00e07bb1326ea2b22f6fffb0e1243f90a05f5
9ae4fbcfdde81f0225fa0a0b0de830101d2131da03bd02ff0dfb0ee30c02f3e0
bef51eb400bd12fb00f7fe1d00141408d40f0bf2f30df7fbdf1ef81f0b18f114
1d0a13b1f7b136e70ffad919ecd1113fe41826f01fe2da0ceb3331d1e049efcb
1f17eaf3fde216f4d813f520ebe6dbfff5351311eaeb01fad5211c10e6310827
3fffe8effefa24f0c51d0d16ded70c163f302e03d8dc0aece60923380a281609
b005f0e705d529ec1afcf31fe9f31c19d11e1bf3d517d90c012b1139fd27f6bb
f40c03c11b1126f0e20b0114ef04231743282afedebad30ad01e01d1e927f9f8
c9fa0bd00be32cf0abe7eb18e7e00146c2312bed0d11ba08cc162126b23ffbe5
2a06f501e5b537d33e09f714f009e2182b3e4afbccadbdfb00243d4dee47e0b7
fb23f8d7f2e31ceb4f2804f6d8fdf30717131c02c8dbc6000d0326b20522e0bd
33131ebad8a147fab0421efddbf0c310ed2f16ed040eddfcdd144beaf73cccc2
9a021fcde2bd26020d3852e206facb19d91f12e1f1d7fe0acd12213e0326dc16
e205f6e8c5f02be0b30d3c0d0201ea24e41c19f02613ded1ebf61bf70829cbe5
3d05cdedddd804e401f6c806f719c9234a271b19b3f9eef2fd260b090922e2d9
3f04fc0debba14db1cf8ef1ef8f30512b62e30f51fd1cefb21091044fb2de9c2
dbe7f9fbf9cf07f527e41506e8fcc10f0b1f23f407eaf104ddfc03a9f627e9c3
25f7e6e006da2506220210f4d00db116c12219f840fbfbf2b612092c1d15f3fc
0605f2f6fcd626fce0ee1401d028ec0d3e11fa152a0e19f2ca0d01b91e1de80b
9503d719e2f218db27d0e202e40de51807371ef81f0de2e930112505ff2dfec2
2010dd15eafa19ddcbf8f323f90ce80bc11d1affd8d5edf7050618c4042f0cd3
25f50401eada11e8bc0b0709ee24d4f8241a1d1826f1efd8f5fc12212124f8c7
1d010f09dde011f3df11effed01f070d391c0f0bd2e7f7d6de030dd21e18efc3
2f0eeff7d8c121fcdbfbf414f009f612c1121403c100faea01251c140e14d6f3
e7e6df1eebc123e9fc14de12fb0b1500c7260cfee1bff2ed3efe1cd005271bb8
4ef4fb1dead42201342ff315010ee4fa3d241312bee6050a22030d401f2b05de
e7dffcf4e9ec17fdaf1b27fb0021beee1a0f0916ca14f004f50314bc2a15ecc1
c5e3effdda0a05001b1b18f5031bef061d0120fd070c06fbf1fe17050815dfdf
a3e0f816dced1e01db17f10f3212f6ea320c3404b6d2f804330f24040c0eeeee
2dcee2fa07f61cdeb70f0c1f0812060b051c080303f8eddc1bf40a19132d15e2
3ae3e10113d00508c00d1a0bf508ddff2509fb140a1a120a100004470d0513f5
0ce9f001fee01d182d182fefff0bce16f31e251034131716012125d20e3512d6
110126281cd611181b2245ee2a04c204cd221f00cc06230101081ff1ff3417db
01f1010606cb070829091ff221fadbfcba090cfdbad1f4f600f30e440f0502e4
e907e3ef06e40bfe14c7e20ccde901251f0a26f6f7caeeefccf12850eb231acd
b90f17c2efc230083f05d817dbf7bc0c45132aefd905f5fcc3ff41d2f81f0fd1
dde3ccd1bfd142ff04cbbbf1bde0ce31062528e616cc0f07ceee37b2eb2bf9f0
f8e9e0fcaa0625f6b9d2cfefcff8de260e1b30fa05f40d1cd0fb1a4aee1edcdc
b3f6fd04ace53cd5e2cfdd05fad6fd15b42e3df616e2c813e0ef4044e23cb7e5
41f5c9d626cd1a0e0dd1cc20d40e1128f02e3afc0bc81803f4fd2aeadf2626ee
5e060deadfe7080c16f69e1105fee610271529e7aac22902071f2815f12105b6
0bfcebebedbc110148dad8f7e20ae526ef0c1400cf062b14e60602c9072d00ba
91faf417d6180af226d8f5f2da0fca12cd051bfe4237ec15f2fb1109131cdfc0
0ff7de13dd0127f7b2c4c01ac9f7e20efb382cf6dc080109caff352bf936c8dc
bf01e8eb26d02a0ed1dee211d9f2ca27042432e92eb10bf308ff29470b3a2cd0
c30ce3ff05fd130bcbefab111409ce19e30a13f2b2c10def0d2b1504091219ca
b805f90cedfd1b06b201df0b3c09e7002cfff70227f910fd0e240ee3141aecb7
480ee91ee1f508002f02d812fd05cbf6df0b2cf1d205e7fafa1a17471a18dfd4
b7f0d022c2e132fe09d6cd15dce7e22c0a3c36e0010cf3f9e01a4e04fb4cbdbb
c2ee05c71dda310acee9e3f2efef0c0cb23a0efdc8e20fe2f9fe2baff71f24d0
4dead80e29e7110bd4e39e04ef12e80a421e11f3e3030cd82f1a25220c13082c
bdf7fbfa11f4101cd3ebdae51404d6fbbd05041e20f711f2f5e214ab1d0521e9
b7e8fd0e08fe0315a3f9e8ef0613ee0823140b092d0f09edfedc0b1c08250cdc
5acaf01201d32f083ad0cb130cf9e028cb3f23f1e3e3f6ffeae74753ed44fbb3
1eeaf6c807cc33f6b8eefb16e8eb0308e9211cf513c40ddbe0fc27e9cb3007d6
26e100f91dce2906e6fef90fe1072902482f2e00daadf8cae8191707fb211210
42fbe4f30df13019d0d5fbdbeff604fe171c1100ede210d6f6092219081d31d3
5cf9ee011bd0180a21ddfdda0908d81d4b111207c1ed00df04f125c9fe2413e3
30ed08f802e311f7c7dceeed2203f805381e0b08ffc6e9fae6d61eff012810d5
03fadaf1191016f7dbf8dde5f7d5bdfbba1419e5c4f710ef10070c3dc2eb0fc1
ac19ff2734f6fcfbf213d30b19e2aefff30623d7a41212fe06f906a2e4f30dce
9b2ffe0c01d9f5fb33faebfef9d3d410d20117da2738f002e316ef0dcaf001c9
a808010f10edec10f5f900e6f2d40d04d60317e81df80e0a110b061dc8f40201
c1dede0609fb16f1f8f900e900d9faf6fa2d24de03f41204fefc45d5ca23f302
fedec11d2511121aa6f00cf809c8f0e4a90904f0d82c1c0914f303a8c3ff07a4
bcebe206171600fad7ee07f7f30cdbe033041de6b0101407f8f6fee702fc06ba
29080215fbdefeef19dffe0732e8defee90220f1131802f906060f21f0f3efed
ba061917f9170604840d020d2bf81febc8f31802eced03fd061901d3d4eaefed
a109341e0e15ff0ed61e120d2ed12aebe3111cea9c2e1721f42a16e9c103fdcd
44fdfa0512a41c02db0c0d0beac711f6ebf80ed6d208f3f6f70104a6ca1fffe6
c6e4e7e601c305f41a0e1b04e8c8d000d00417d6d1c0f906deed169ecc16facb
3f17f5e909eef2ebb3f307ceeab8c5fe47f214e815030703e0091436c8100bad
4b0b0e06eed115f5cb081a0324edd6f80af714faddfeefec0004ffe2cc22efd7
40080e330bf80605c119230a44b6fc0de20a2ad5dbfef40ef31810e3aa1706cc
4c0d0ef406ae01f52e0a2efcd6da1100051bebd9109be1fafffc11f5da0013e4
51ff03e710aa21fbdb0b35eef5cbeafeed1b16d3fb01e70aecf617c9e01217d0
ea2902e921f71303a80626ddccbfd50ff5fa21e40ff40c04e4dc0de1cd131fc6
ad20eaf514bc0a01f51529ebdac9e004c1e51de4d5c2f503c1df0814d1130ea8
9bf6ed2914c1ef0d2f133ee10cc1d419aa0116e51a0e18e0d9d915b7cf0d19c3
9cf9f2f1dac3100714ea291cf7cace1cda2c26e00081daf9fd182733c62f0ed3
b403f6140f9004133e062ee213ecd1ffa41d10dfe0b60a13e710fef6f21d0bba
471214d40ff807f80e1d10ebeac202031119fbf034d8fffdd0e30dd9d31501ae
911d0edbfcea13f1073d2dfdbbc7e6ee04eaf100f5d60308bbd2f532cef510de
c3fe0416fcd41fdfd14355f3d7b3d711172529cfe204e6f1bce120f1ce1603bf
b21edef30cde19f0e6f8e1fd050bc81df105f8f515d6e3fadd131bfff3faede2
be0ad9dd00b1fbe7c4fdfc113d04d10e0bfaf1e4f3f3d200dd0722010120e4d1
f41de7fae4ad11ec09130d1adefdd823ff000d0e3115f7f8c80407f0fb16dfc6
bb1dfa30cbf216deb8220af9ff06141a48fcf9fc35ececf3edf800d0f401e8c2
a9240319b9ef2be4cb03da0feffdee16d4160afff913cdff30f62dbffd2ebf1b
3108f10102cc01f946f9d1f20f13c20a14effae3dbf2eb0306f8ed0013dcfad0
141cf7edf8d2eaf8373c0124240ab00af6e3c7ef360df307f122e6d400ddf6b4
490d4305f1e90ceedd2f03f8fa04efeebaf711fbd0fcdd0ee50f13b213dacefd
31282c25e13a1d07a107fe0621f5d90c38122a03250efef412ff41ec0211effc
121cf3fdc809fcf621d4ddeee2f3f5e5fa10f817bd0cfdee0f0c0c45fd08e318
fc00f7e7f0e5fdf5021fe81de017d73a3e170cf7d191fae3201ffd3e1a09eaac
fc0d0be5fdcd05fa8329f50a2f0dd6f01112f1dfb40b01d91c3924ef00d2fcc9
8f073701ef0716ecac24fe2018f009fab22b14dd34e5d0fc1c1e31000a0fe611
fafd1c39f0ef21fbce03da2c2eebc7fc362c40f81a02fa011d0627870836fb03
b000d90bcbca0ce712c3df1331021c11202a0b00ddffcbf024271d2c0315e90f
0910eb1af6e112f2b7201af9f5e7dc18d8081df91bc4ede60a1328eaebfcf81f
fa1ceb0bf0cefaf6f7fefc000ffaddf132ede4f7c603fbd12d2d132801fff7ef
1a042223f21213f7eaeb070913eaa5f3b212f70a04fbccfd160f13aef509eca4
0bff3f2ef9d816044013fc0c16ecf704ac3031f511dbe4fbfb0d21a5f634f9cc
16ffc9fdccd722ed9ee3edfe021a3327f31b2bf8c4cbe31b061622f5fe30e9cb
46e8fb0de2caf9f2a71b2b04cffae103e5022306f0ffe3b6e1dffa0700ec0beb
2401f5e2cf05f9fd02f8eef4d3e4e0eafeedf6fa37f9e8e9df130ebaf401f819
fd0808f4f1d3000cb611e9e5fef0dbfdcc1208f90ce6daf4cd051fe7f003efd7
14ee1e2b09dd06eb1a1403f71d000816de1e1eef19d4c202b4f12f2af62cfaac
af16f8ee14b52ce5f91bf624090b13373e324ae911b7c804eb1951360d38d1d6
2a0f02d305b829f9c5eff20bd8a9d517cf1b28e51410e9f7d5172a07bd2f06da
b81105f3f4e613fee01e27f10fc3d9feab061dde0003e3010316202eb3f70cf1
090e03f4faea0eef2e2b41fc02e7e0f6332015d6b4b8d80aff1e0cd0e407f1d0
4e07d1d9fe111cf1492fe90f0cc105e7002c0ef4d30fe2fafb0f05ccd104e5d7
9001c5e8b90212e2d608e705dab9dc0420243de62ce4ddffec0f10e2b913c902
11fbf3dd04d315fe39e0d00ad2b40122151426c91a13f1f3f80d1eaad831fa0d
e70200fcfdc52308eafff60912b2ca1235ff23c51005180609050a47af0cf300
52fc1503f79f280f0f25f11307dfb3f1d4101ded1cc511eef10b07f7eae6d5f1
ca0809ecfbce14f2b930ed14eaa9ba16d9190bf2f1c8f7feec1408cbbbefc9e7
27020700d12ef5e429dbde07e2c2f4f5bafa060026f3e9f51710f9dac3f2d515
3a060c04ef011c02f8f9d431f2e70522d32202be1bc8dde410f70e3e061c01e5
9b0cffe000f01d08b504db081b98e6fbcffc35b9c3f50e03d90e16bcbffffac5
33ebf7db0edf32141df9eafc0dbef6e7ba1930dff1e43300e0061723efdf02ed
240d05fc17d50bf4e22dfd0f07b001f0480ffee4dafe0af3f51909c3ccd8f2cc
480e2a28f4e510d7e71000221bb60f03d7030fe018d7dfe563202502a200e4d1
c6020103f1d616f8def7e316dbc8c31fe70508e721c9fef4ebf815ede32203ce
ee03e4f103e717071fe9e90bfab0fefe0aed1ad81d0c0a04d4f5001cd4fe09ee
3916fdec0fd43102acf1e70b05c1c7fee81a35d7d1fa1002e017133dd7fe0cd2
f614eff40be7f3f32afd02fa03d6c700befb03ff2c180601e82d0229ba0c07de
4110060800e81efcdad9e50bffbceb02d5021ee535f3f32521170ebbae2103f3
ae07ba03f4fa1af83ef0f713e8caef07ec1208f728ee05e8e9f90ad1b31e0303
3303fa18fde418f7281efe1c06d01f131e1e22fe23de0be80a08150cdb1f09e2
4f17fa14072129f737f6f7ff05d6e70ecd1317f307e0e805f82f23dfed190dbc
a5f5ccf31ef915fdbcde07f0eed2e003450d17faf7dae90de71611a5c11c18db
a4e0ff07fc0521f5b3d800fdf3d4fe30b3232beb01c0e510e9002429ab3c0917
d105fd0e2229e11ff009e7f8f6f2001b32ebb900da181b08fbf4e3d3e3fd0cea
4ccb0a2a0b2ffb18fb00c91f2ae6ed37cf06fc0aaa101a03d416feeef0eef0d7
e6a2f7220310050e0af8d33538f6f42ecdfe0a13e70020f5f11cff12fae1fdd9
0cd2f42ffb1c05122f01f93b1bfb052a0cfd2f1ad8ea25dd261bee0af5fef8f6
d4ce11390a292505b431232b20c6f2033422131a2fe81df31ce82616d008021d
9af61c18fd0a1123ec2c0d070ef5ec2424fef503272f362501f2f2bf0e1319e4
10daf113f44a1b0cc60af40e17edde22050f11f814101c0af0f3f6d6ff10f4ef
fbd7c7ef01f8fe0fdaedca1e12f20e1540091302d02917f3dcfe00d2131bf00a
e0f3de0bf9e8fc0d2c100d2914ef0b0d11f90308cbc2fee727e80d2e0212db13
56c1da300a34170db4fd313205df27011520f62113e506e518e8083ee6fcf0f5
14e6272ab3d7241d1d2d360006ecf31dd303ee080bfe1c15f5f0fad9041b16e6
d1f416e5e7ff1515412a1fcee1dae814b6f8f2080daf28f8bee30125191c02c3
35f1fabfebd6f90c1a02040bdae2be11eafce40a17ae07efebf902ef202cf4d2
45dfb1f800f8ec0ec4cf1202d7e0dcf41ae5b8f3f103f5f10613c6f2f7f5f401
faafb22e0d1f050e21bef42ffce5e81523fe1a06f3c1f6053b081502e9f50b00
a0d5f31dc7e4140cf9283b1b09ec0d2cea08f31e36050c14f5e5f6e7e7240fbf
22d6fcf2e4f31209ad2d31fbf2e1fb14c009d415bfc41e0fb40ceecbf80c02d9
0df2f7c7fbe6ffffbe1a25ffe4daeefc0f06db012bd71fffbf07edaef218fef7
25ddc8b7f61cd50f1abee5f4a3cfeffb0dd2b7bdded7e0ffc80bdcdd07e604d9
99caa8d41a230b0fcbc4fb08e1edf52c361542d910ff07030713082ed62b29cc
e4ef070bdc0d37f6a82d4b1a0be6f131db2b150d11e8ff11eeeb202ee11dfaca
12df0df4f0e53cf244535c1eebb91510c91cf50937ed0c06ca01f2f1c10319e6
36ec1ca4db3056f4c8232efbb0d123252020f2fbf8f415f1a5f41cd6eb321317
c3f4e290fcf326f3e0e60cd7b0f219151005080406c7fafac8ebf3cffa0bca16
5925e7c60cde19caaad3fecf01eff11dc80d1f0933a9c1f7e00501ead701f9e9
d3d417fafeb2e6e7a74006e11f14d1d5a6e4db15e0d7051116f1f0da09c1f6f3
a1fe2002e4bbe2ffcf1209ce090ddae3f6e8f80fc6070ceb07e0f1ce0adad1ca
1cff0dd6fbcaed03e5f710b92517d8d0bcbde70eeb15f9feceb4fb201cf9f0e7
e21112e10ef1f9f6dcf509be0d03f9cf10e5f40cf9eae7f5f6c909c50d0920f9
cdee1008d408d4dec02b20d31c0aeec5e8c6c01a81efeedb28f9ed0503c2fae1
0ae90b1705b9f9fb2118eddcf30de7c981f0d710f7b412f2eee4eadb0dcfe0e8
e0f828fdefb401fa260d02e016faede1e0fcf60c22d2fcfbe9e2e9d5f1d8f621
81011ae3fde5f0fdddec09d106fdc6e1b7fbe106dddcfa06dbf2dab900d20fda
15140908fcfbf3f9e1fb08fd2ee7abe631fdeafe01ecfdfaf9e607e4f8d103c9
011a1317041ecdfed01e06f726fac9dfc1d9e10ba5d8ecd407fdfdb6fac612db
f3f91524e4e6f1f7c607d2e1fc1007d721dac808e71a08eeecdf17081eade00d
24f8f213e2edfcf7c4f9dcfefaf9e1dd3efdf8fcfbd7f4f409d7f8e704d7edf2
da0ac1f4130cc8102dbfdbdfbf09d0d8aed1dd051040120dd7efc218fbd518f7
f5fbdf0305cfe4f5e4e4d11718f29fdff3fce801bfccf7f415f7f8b9f5ddf833
92d3032402e0e405e0d5c8020d18d5dcb000e315fe08fffefed90de50ddf06fc
96f0161ccddbda050ad9f00410ff23f9e5eae707acfa04e406f5ff0009b9ef37
f8030c19cadb060012eedbf016d906f4180c03fd0de4f6f0fbee19f5e8ddeadd
280a22f6f6ec05ffbdecfae2f3fa09e4ace9fa00e90afbffe8edf71eedd5ef20
2702090cf9b703f323e7eff034e808e5effc1b0bc602fbf70bec1ae8f1edeb00
dede0d13fd0afaf6120501dbf506a1db010a10fa2311f40500d6fd9b03d1edc4
09d0101de819c80126edd9fe261903f3e1cbcc10e3fdfddd420ebea3138216fa
ddef131ed812dc0d31ecceeb0ff7faf911ebf71e2521fcf718fefea901c1f820
e2e7fc04fefbd701b9dde5bc191b29e53ecc0a13bb09ffec03d1e53016cada03
bfd9db021293ebef18c8d0e4120c09dc11e6fff9ebe501fa2cc5f12e05d8d2fb
01e9132a38e3d8ea25fbfde0160ad3c0dfcfe002b00802182fd1dc2c05ceeafe
b30316eaffb3fc0c2e11edf6fbdcef0df3f9041425f9140c0120e0eeeae5fbb0
421100ed0dfffc0dd6040b09fcd1feff200100f4f312090d161ce3a0f4f916e2
c10e07e91208defc3ef0fffdfbc3eee2aceff7f013170a0b2119e6cbe0fc0cd5
bdf4f8f825f8ef02ecf2e8050bebfafa0a06020db5141804251df43ada0bfaae
d51905ff09d3fc00c7f4ede5f5fa3f0c430733ede4bf0005f40f0909d908f6f8
d6fc02e2fa0ff716bfee0bfdf5ede016e2f6f4f0e60ef518fe1adbabfeff00bf
c01511f101af150527ff11f51ec8baf100102bd728f2eb12f60af505e514fcc7
390711fdd0e22fecd6e6d61e08d8d1eeba183dc6d2dde2d902112033e328dbe6
f02022f6eedc12f2f5e4ff08fcf1d6313e1832f9bbbafcfc0e2a1ffcf435c9d4
9b1900e80de0efed1be914f1d3e3e3180c040decd8ef00edf50afc22f9090846
4103f60004ded2094bfe2006ecccd00fc0f7ca01de12000e0a05f123f0df01f4
02f508dd0a000000310501011fc5d9021f082ad1270aed09e70002b8e4f4f4bb
f2fb1febdf9f2eb8e807fa114ab616f0fd2c4fa8bfc2a7b908fd46edefe9a0a7
41231312fcd80debf90ff90e35c61b140d2628f128b4edf70b281cc5fe01db04
3618f6e810faf9f6e816fefb12de01fadf11fddb24160bfa2b0df802ed09ee10
130606f0ffc5deee22f50900f4e7a415a200fe0a2d160b0bf21e0ebade0811ed
2806ffda0d12f2efac1519f8fef1c60d95ed18f0e3e4ee02ec060cacdd0116f6
2b061dd917f7edf809ded3f81ef20a0ef81205e638bbf1ec1313f13c01fb01c2
5513131702c707f8a50b14081bea1605d40c2ffd029fddf4283e0c43f604ef1b
3cfc2af506c83116d6f0f7edd8e11314f7f90ef80fa1fbf0072a1317d91a1410
bbffdaf819a9d7081a0a14f505e8eddf12f9d607c01a24121306eb03cee0140e
e706f7e50cb8d0faab0411f80ee1050200e80ce1bab7160a140af6d3e5f415f3
0a0c2ceaeecbd401bf0c01e302f8ea08a5f10cedb1b8f6f60d0a09f8f211f093
2df0d1fd11faec03b61d15e9f2ddf90517f109edc1e6f50d2a0bfcf6e004f29d
39f5f51622c7e01db10206cfe21e2919c6e7e8f902c9f7161012f3bad9f21612
2bccfc0ddf9cef0cb4edb8a3cd04dacb83d8b5ffebdc0000fac9b813fef0f3ed
d6190e200bc70402dcd8e5d9c300e3f718140c040a0efbfcc7e9e705f817e8c6
230c0bd01de7f70eb8fb060a0a171afdafd5fc0b101708f1c3dff9e70c0efed8
ebf414e3fc23e50d920403f90c044cf8bceede01df091cdff5d113040d0a171c
0de10bf7df32f70c03101f09ee1645f9f0f6f013df0d18f20cf3df980a0dff1a
84e9cb39ffe915182afeedf4ba0304f7e108e2f74ba905efe803d19efe1109ca
19000021e7d3fb09f8090def06060ef2c4e6f30925b2fefff2e7db22f6d805e3
b0ef0feaef0afe080f0314fa0c03ecf3b5e9e500abf70100d1e7e7edfbed18e8
37d7e3e3dcfd100de20d05060cf40400da01eefc9e0b11f1e7e3eda6fae813f9
e3e1eefe03dbff13c30def0d000ff600afffe90587f70ef5f5d8ecc915f90d0b
2addd63a14040305cc17f214fe14fe001ef1f70f2c0f110c11fdf79c0af016f4
d6e4ac00e9e3d606030ae6e6ea02e2f013e3e2120de40f00f2d7e8c009e209f3
c502a4d2f83eaa1009c7dcc5a013b6ebbbabb216b0d8190ed8fea40308cd16fb
97eec6f8fabee60ac6f9de110100bb083cf3ea09a90c09020af4db2cf6e00f23
0ba1b9071111f605d4f9d01efd19dee7fbf8ee059eda05fa1fc8f2ac1106f906
3ddbf735dde6ec07d50bff1d180a0d131c080201c4fb09fc14f403de09e31712
d5e2130abc0fef0925fdf6fc02e5180e070af408281504fff0f1f6c002f209fb
e2f52cebedcfe30cdd01f1dee20025ffc9dbdf09b0f70b01e1f6d9c906e6ff0c
1d020c0c0cb0fd01e2faf70403f733fa16e60e0ec81d02060eecf7c905e1041f
a6bfe9fffadaec03a8d8d1dbcb0bc6dff5d6f0e70410e2f405e2eaf40df4f1e6
afdc0a24e8dfe9031f03ee161c1d051b1905ef060ed1fbf72505e3f811f02b06
29c71febdeffeb0cc80ae110fa122502cb06fa15f904100704fdfd2a10ec1b02
eac533ec1208fdfcc5f8cc17fc1a38f2c3080b0ddc0d1006c7d5ef0412f80bee
d2f11cc30aae13eebce2e7e7e30337e7bb0616f5f6f101f9ead7feba050cfa1b
f3eb15e610eae9d2f6dedca6e406f0e9f2c3c3f70becf5ec03e1d0fa04f0e6e2
f22ae13acfcee9e3083e47fe1ec4f61b0af5e5f5ece4d3eb1d13e7e3c6fbebc6
2323f80609d4f5f9cf314502f6f6e71bf6fce3fa00b10604ed1ce2d0fae2ebdb
4417f5f7eeda04ede60d1e15e9e8d52ede15eefaf804ebfbee0c16dee9fcdc11
fffff0f3c9ddfdf3ba060d0403f7ee09b6250202dafec3eeea06f11ce9f9e303
db15eff7c0ba1cd7020d2719f7df1525ec2d08e7050aa7dee8f31abbe325d2d2
0b220323e6bd07f4d11902153204e71ad4e713091ac1fcfb1a2decdff4efddcd
f0fde4f7feaae5f82c331bfcff20d208c6e11403070cf711e51ff3ac02edfceb
ecfadfebfabed4ea130222e9f102c611aee6f8fe33cae507db0604e2ecfcf9be
12edf202dbfff003aff50d06320ee40719ebfb133c0be3f32bf3f43cf0fcfc05
f0f3fd01fae60eeaf5e026191cf611ffb62c06fef40ec8e7ecf90aaef609df21
4a27f204d1b7fde9c2e7120409dc0a1d19f2e8e0fccbddf1131d001ef9f1ecfd
c706ebfcf7b0d8e7aafb2dfa1510e3fac4e8f90614f5ed02fd1df1a50be5f1e2
ea1c1bfc04a6f0dcb6f22deeea05d0062ad4e5ffccfff714e420f6eaf6f7f9b6
30f5f905eaffebf11b031bfdf310cf0917d6f7f9e5caebf80a06e326f2fbf2c4
37e5ef02d4c100d7b7dc290cece3f32d2f010ae8b7b2cdeb20f6f3ece80df408
3508e8f9e401fa082ff1f40f03eb0401d4fedcf3d10e00dbf9e7f2e6fcfcfb24
e1fcee18f1f9dbffcef80f17091ab1eab2f1d719f1160007d616e90e21ebd3ea
dce80824e6f6fdf705f8000f2512e3f221fa1225b32009fce5eb082711fdefea
a3e9f7fde0d4e3f8bdfdf709f31cf201ebe2f8043dbdea02d8dbf6ce0be50acc
57f8f2f3f5e5fcf034262915d0fbf02e2208f90302cd0a02eaddfa2bef0c0bea
3f00eef4f4e2faf6ddeadf22f1d6fd124008fbe91cf2d6df23e730c4d70efbe5
37f013fcf4da0ef842f7fb2a06fcb0174cf4f4f6201ff0eee10bf3c4f801f2f0
e604eeffd6e912fb17ea0a2604f2c433eb0e00e6afe9f7e5dbfdf007fc18e7e3
e5e2e616dd08f7eeb4d6032003fbdd1638fcdefdcd15e4e5fcd3f138f8f5e5aa
a9e9f111ebebfaee11030b30e0c9ef110315f4f0f2edf1f0f3c5ee3eddfbe1b8
39152e3b1bf1fdc7b56d1e1a61122515d634420af70aebe8735c280ff21605e6
27472d1a1ceb22da086fdd1c683bf2fbf9501408c1d5f5fa526556171a3119eb
ca0dfd26f6c6f5fed011fafd31fb00dc29f4f20ab703010008051a2f0ff019ee
4bf7e204e6ece2ff30e5cdd91df0c4ee34c7ec11fabd0b0002cefe3bf3fa16ee
c212053410b4ba0e43d6d0b41bf4f5b6a7cdda0412d60a0f3dd9fbafeaad19f7
a70c012fe7c1d4e64833352512191e1fdf063122b8e0eeeb162b204109fcf5d9
a803144df9bf2adb103812433f0f1e05312b180a0afcdbf1313a1cc426d2f4e1
2d09fe1400e30010390809db11e404f72cd6dd01cce401fceae2fed7e4d3000a
420bdccbf5fdeb041ee9f5cc1aebfa12f9d6e90af50f010ce6f4eca5f0ef01d8
f100f81701cddd1501c7c7cb23f4f804cdebda11f7e5ff150edd040813b80ff4
5110f31be3bedcdca31a0442e8f91d3633fa0b07dd000bf1fc3e09eeefd606af
2cd92e5af5be11f6205e166a46e22e1fe03e2be5e8d9ede03e4b50d8b7b10cf0
2210181012d3f406e50501db10d731e3dbdae900ca2200f9f2d1f2ceb6c5ff97
ff29e1f11001d3071ec8e4cef200def5f8aede0b1b23040cbdecd4fbccd4031b
fb29e3300bd4d11033d4c8cc32efdcf1f3d8e3fdca330817ecefecfa13d3f232
16e81a3bdde9f1d0d71afa0c112112f9be011f13ddb7f9f82939f8b309d7f61f
31e80f48edcbf4f3011a1725280f2d143c1937f4bfa5f6e837435537eede0219
0a1a0b160a0be5f400fbf3f917ecfc1d36e4fd0525f508f5fff5152bdd0002cf
b020fd1a08ce020122e3e0ebeaf721edb6c92608d4180c05ebefffb8d7f50634
3537073100e8f908f1e1cdb50deb18d0d5e41afbcc28020b19eef328f0cfef45
a4ef3858d99225cdaf08d90d41f9e5dd1c4e5c19c6ced5e3543f2f04e103dc07
30e44e30cfb717fd22e5d525432ef0d8052a58f40fc3e9f1403f2fd22412f9eb
f10811d02e02f40af5fbf1f5f8f5c0e43314fc14cff82601f907ff0dfa282bb5
020ee3f22debf610e2e4f1dbe4e91bdff2dfcf042932130b0ec9d63dd9fe39bb
142df3391c22f01033e7d9c00fdd23c5c6e6fe07e2f3030b3fd6cda7ecd909d8
cc08e8f3dca70ee8afe2cf100b19030520f9f613b9e6d2f9de0805330600deb6
d611fec6dce5f1eeb7fa0a02ef26ca1bebe8f1ffd3faed039e0df2c31c08d7b5
e218f4dbd4ed08d721000400e225e01cbefd060aec17d1e7d005fc2e2c08d3fe
100608ebace11ae238faf0f3fd18ee05f1fa1508d512d200f7f10231180ac3d6
af1dfafe81ca0dd4f0f9d8faf50c02092c2005fe00deae06f5d52d350830adfa
0b04ece9ebf008db1ae3e9eff922de07b5efeef2d1d29af809efeccb0a0bf5f2
431bf8e9dccff6f6ee20f3f3332dd51506ff0208fbd0e5f1f71213b8180dded9
ae2613ff02c103f60f08f5f71028da051ef7eb14e80ae2fcdf2114b72915e601
ec0a0af105f103e8cf01dc0ee117eff042fdf710de36e70f321418091ffefdf0
03070f08d6e2fad9bacdc901f20b0704fe19fcfd15c3a8063fe226a4190fe6fb
f4ecf3ca02c9ffe140fe1a00cf12e3f1bd06dc0eefd8bdebefe7e12607eb0ff2
00fb0e00fed504f60b0f0cf5eb30cc05ff09ea0836d7bdeffb0c2aca1309f1e4
ce201826f20b20e518dbe1170822eb01cd08f908c00de7ffe31314ae2911f7df
b2f2dd1205f6f9df27d8c316e921b9efe6feef14e6d8dcf6220b01fd2cfa1de7
4bcaf6ebdad303c92ad4dc00be11e10cdef4eff236c5b9fcf2e1040e31f806d6
2c09ebdaec0502e0afe6fc12c811adf4b2f3de02c3a5d4dfec0a052c070a041f
3f100210090412e50ef1f911e303a2e6d7ef1111cef4ddeedefe1b180404ee0d
4eec221ee81c33f8c8f0ebfef41ce8fcc4122c02e0c9c8eac0ef3ca72408f40a
caf9f00ff7ef1fee15fcfdee1a2ecd08ae021811bef3ddf3ede901ed2302f106
dad4de01e80efdc7eadee8f6ce13ce1aa5fede0530dad8eaccd015021503f907
bffd0acdd0e31de20812f52bdb2cd1241b1d4e0ccfefbbdeeb0132040d0d02f6
3511fdccec3019f4ed040a1bf80fdf0ca914150316dac5ddcc19fa430205d61b
fdfcd5f8e6fc17df15e203def615e6fd46fd1bf314ce9ccadfde13c818ffe10c
5ff1d7080ad609bbe5f3f5edfb23ec15cdf30cef1bd9a1f7fbee0f3a1fe5ded4
05f6e6fbddd1fbbc1ef7f20ef30ed502dd02f30439faa4f2eae3f12a0cdfece8
f0d8010c1207bbf736beafe5e5d3dede26c5cdf60fdadcfde5e5b62ce6a61ad4
ffe20ff4ef10d6010bcd110b12acbec9cfe4bacf20fce00cf1ebc8dabeca1ae9
40da0616ec18db02a3d1060f118be0cceccbd2abfb02fe08fee7ba0281a513c5
a5eaea09f230cfea2403fdfa1ba8ecc12bb5c1e602c6020aeeeb86d8a8a013d2
41e6da11d60dacf1fae6d6ebf8c7c5a3f4b8bd0be425020c0ae5a708b9990a12
0df410e229edd0ebd4c9cdec0fcdd6b943d3b7d8ae13e8e7f1cfbd0ccbc120e1
dbe216d20ef9fdfd3fc6df1014dee3d02ee0dbdc3a0dfaf1f5cce1c6c7ca0fce
f2aa061d1210e306b4d9fa1a44ccabc7ffc7d2c7041a17fd1fe2d0aac5abe9e5
2ee1101ff50cfaf307e6f11c17ddd3d329f4e201c8220d0f0ddbc42cd4c607dc
4cf2fe13d008b9f6b6f1d70905e0feb6f7c6bf19180dfe111df0b002b7a10209
45e70be318ded3e61efbede82aaaebb8faebc3d032c4d5cff3ccd22aabdc25c5
a2d40fc8f1f0ec0004d6d5f012dffec1d0e5d7bb0e0f07ddcfcde6efc8d70cde
a9db17e4fdde302417e2d60a1ce5e2d2d9051fd5020d43fbf0ee1c16db1913f4
32f43c130dd507070df2edfe1ee0d7d345e3e30233b517f8dafae2fce9e608dd
07f53604f6eed3f210fcf30a12bf03a9eec0af0a311efb05010acd33becbfdfa
4eec0ae7fbeaecdab8f6f000f8cedbc3dfecc8e33ef0eec70bd7dd2ab0b413ea
b5f022f0fc0de202bd08e4f8f4ecfec83bdde110fcce19cdf7ccdc04e5c4fbda
c2f7f2ec100dd91185d9eae915ecc8a734dcc80ec0cd3cdfeee7b7aa01cb0fda
d9040ce525d9fefcb5e7f40008eac7d222edc21de8aa01f3f1fdcf11e5d606b0
bceb08f708e9ecfed0dcd8f716ceeca44acebc163fc8df0020eec8ddbfce05ff
37e005d7d605c803c50a03fde1dad5a108d6af031a2dfac4f4cab2f29397f4d7
a8eb0aedf522baf7e3fb07f804c213c513ddd505e50e04c8e7e5e11da4baf1f3
230708f90217dff4a9f623f3fda4fbbbcdddc203fef5ebcef00dd9c1a1c7fdbe
25f200e41edbe1ee1be614da07bfd6c81dbbb310c9d6d3e2e501beb7b1cc0ae6
21f0e4fb08e2eef342c5d3e9f5e0fac0f8c4bb07e422e2f5e6e2c0e1d8bf1515
063f10fff8e50bcdd3faf30004150cfb2a1a29332bd6e529f2431444fbf7c6eb
0c1917f2faf71dcdad1c48edff25dafc36133122fad0c2f4f422e8e712e2dc0d
df28e8c6ee10fed613e80bf3ce2007e2cd072210e6e6c1dadae9fbaa1ceaf8c9
e815efc0e7270fdfc5fd20efdb2ae7dede232336f3d8d3f916ecf3cc30fef8eb
4824ced4f3152fec33f3cc2bc12bf9f4de110612c0edf3d6e8f0171b4523fb22
ba071af904cdf3c9db0301fbfe0edaf9db0a1416151ab914f0090bc0fffdd2e5
5d0d0809f2e10af737e903e61617c2f2c8061215b3b0d0ec1414e11309e4f9d3
9f24f9ebe600fc001cfbfbe10e17f9f74afd1412c1c4ecdfc8fafed812d30fce
120af50bc6d3fafa4a0d10e41dfce7e5d0050f23f605e40b01ce080813f400f2
c7e8fde8de290bfeff03dd0fbe1be706fc110d2b1f02e9ec03f215e921f7e700
01f2fad6eeea00e5cbeceee6b410d8d50a00f71820eac11c07f9031c1511e611
9a140d14e4110804a8e7ecf3e41905eef907141cf307d7ea011903ed13e208bb
43ff222603f30106d6f0ca02e70706f40003061523d9efdbf9f300ee11c300e3
cef4104b011be6efcefebdf906fedecdd7f6f327b2e6e7e127db030a09c6fcf7
a9bc080fd80912e4f7f2cf01da1aedc3f3032020cbb1c8f221f31c1420f5f700
dedee8e2fa0515f61104f808b816b2d6ef01f11ae91cedf300dfdfbaff0115ce
99d3eb02e8fe0ce5be22fb07e62cf002c4ec0515292af40213ea1208220bf0d7
4d091118e1290fe5e003d7f60b07d4f84aecfa1423d3d410ebfc00ae05dbd7f7
94fff21ad70a07f0e5f6f1023603f3df1afe1511b00fd1ef05f80f52fcf3ce15
36d904faea0708dc2e07fe150c1211fb37012f04c0e3c6f711e631481b2edcd6
1adef3e8ff0bf7f2aefadefadb24efe615f8ea1db50eef00e1d8efbd2ddd06cc
2615f412ea4ef1ef1b171de71f1ef5f02bdbfe13b021ebfbe1ea04d12cead3d8
c210f204eafffcfcc30412f3e917cbf640eb011035f1f8fbe1f9f6b210ded8e3
c2ecdeebf1d70ced46f70cf9271d071dc20a1a03f1d6be0506ee06c716dbb3fe
cbedf1effdef20cf48cfe81b0b300301362228ffeddbd3110a06191b3e01ecf5
0f0610ed0eddbaff03d1f2dedbef13e4ecdbd2fbffedf30fcfebcd02eebe02c4
be2019f60d06f9f9bd00effb1eee17f3bceae7f9da2af007ed07081be6e105cf
ce0838f11314ed03a0e3c30227e4130704ea01fa0df30105fc0c0413e6f40ee7
29e624ebfe09f4003be5ed0500ebe2fc17150204cd3701f7f5ef0714fdf5f9e2
21e12002fbe5fef51531201604f6ea00cdfbdf0020defee0fb0d030ddee7ffeb
49f0d5e33944ee1bc6f7d2ebdbf9020eb1f5f315a6212216e2e6f301e0fc34e2
95f9c6f30f29f70630e9c10cf4071a27abf7fe16d0de1905ffe4f4aa080a17cf
0a15c2e70b38d400eac9befdd300fe15cfe2dcfd382304ff00e8decd03ea17ac
b808e1dbfced01fae10ed1fef2f60c0fb0f4fbfeef0107f2faf2e5cbed000dc9
dec5cbf300bd01fbc2090b05eef3ebf32305ea1cb8ea11f1f6ebf02ac9f816de
b2eb13ddec3002170203e2f2f71d09fdd3fbfe13e4202f16e5e7ebad0f0221e1
f5e40be4df190c172500efebf7131304b5050011d9120e0df2e7f0050f07112f
d5100c01feedeb10f9f8d50613ff2c11c1ee1200e22a01072bfafe27f8d118c7
b703eaf7f9c6f411b604c719f10c220de50416ef2fcd11ec070609c7f6e417bd
09c8ee0beadf0d04f7effe0bf90a1ad01c1b1104c6a704fcfde0070bf214f7cb
bdd451d4d51c16220d2913f70d09baf92805001117ed3223f3e0fdcd0c100fdb
93ef2c05e20cf21a982906feef0b2bebfeffcafbe5e91b0ec1caffaf1004f2dc
410432fddca904142c442ffe38f323ac1812f1e8121ef0f7c5e60bf1ec1bd4d0
ae1914e9e1c71efff9321a182dfc25d9ad20f2d2b1c8c2e0f707061af70cc1f2
19bbf7ffe8fc2a04b1f816f82a1707ced6360ff3d9b2dcf61ddc24fe0b25e024
99f651cfbdce431fcb37330b2be023de1d25150112eb1821f9c62c35e738080b
ef0414eac0131011be2b1ae9070748c8bbf7c704d20d010edda503e801f3dce4
a229ddc8b8272902fa3038e7f1e77ff202f8deeb0df9fef3c7c8052ffb0fbfc6
a4fdf9c4de3a26eace1135b7e0fa37f9dcf4fde929dafbf5dfb206caf01fd8ec
96d801e9f50803ebf5f831900cee05c91f040903d5ebf5f8e9970bcfd3eaf006
002d1ff705c6d912cbfbe60ef1dae4d3b1d8e22310d224fdfb01c2dfd4b518ad
941f02e611ddca17a00902d3e6c1e7e20ed0e2211ae71dfbe409e8e9ded80bfc
ae0c0e040dfbe103fbf9e6f9faeefe02c9f705230230f7012b14e54cea0b0b19
0109fde233e7d6130af3d210ecb209e3c4fd08f8c4f7201b03f1faaacdfd15c9
4218ecf828b4e8171cf300f705e243fd35f30bf0d9220503ff04f8efc8f30702
574713daf9c6f705d5f306f205f3b814d5f0f114e5cd07f9fc10f63af4f6fac1
1f1f1c0406daf400271c05f109ead0edff0af4f5fbbd08eaf9eb0bfff7ecfbdd
b31c1b39dde702f23435031f28c1a61003271bb0c402f3e73b163841ac18ff1d
421912fee80afcda2f36072e04dfd329bc2911e32503f200fc141906fdf4f7da
3e1132011c19220033e41af8d4d4f6fd221719f507d0ffe803f71006ec311c34
ac1fe21ff8ccea0ee7ffe20e0de2f40ec80a0900e21908ff1ffc192df6f307ab
56fdf8fa0bd0ec0011e7d3fdede3dcfcdcebfaf115e2fff9f60d0013fae90ac1
9df0162de7bb01e1233b0f1943d6cf09a81e4ca5e6ecc2ec36fc5a48ddbad610
1003f022fce5ede6e31a001511d4160fe22110e408b8ebf7e707272befccfee5
b1f9ed2f18ec0003f301f91be8db12ed011402fb2cd71d141ef2f7f8f9f603de
2a1422f603cce302e3e3dcef22e28d0407f2e81ae9cd0a081300f72de3f70bce
4e1520e720e6deffeadfefed0cedcff70dda02efdd0104fef421f0f3dafa0fd5
9512f629dddc04dd1000f31e2ed91a01d12057ed24e6cfec1e0546f6e826e1d9
bf2f161eef0de4f81f0beb270ef7061014262309e09fecfaeb073cd6060f0039
d202f0191ccff11528ebf21ce6ee0ff1d810d7ff22db19f9fef5f9e3ee012a1d
91eefdd00fbac9fc20f703effad4cef738f1d5f0eec10517f60bbae7deef17eb
c50005d12499acfa3a02ede1fdefe5ecc2c9d3f9ca06201fe617c8bee7d42bff
b81104ee04c4c9fe06f2150b01f3eb01dce70df535c304010e1dc62aebe3efad
1fe1f7f1f5c8fe071ce6f00f03ddbde9e8f3d306eeb90ff4fff4e4e4fae315a5
c5c40e090108e50af5f4dadcebe501e71cdbc20324ed08fef9efb628eac92522
a3f403ceffb01eff1ccdd214eba81005d61b23ce1804f2fbd714230db021eef4
c2fe0007f3f52109c2dfe117fb9e0211bb1034eeb6fbee070afc1015b3f7ee05
400021f5ead8f7f0ee050b08feefd4f00d03efe4feeffe0508f7f04605d8cef6
ff11f4f9f0e20fe1071eee130bd9d4f8310af9c12b11cf0510fc04cad3f8c1ef
390a04f5d9fa11faad0ad72bdce105fbb60515db25080d090d060a01b4f0ecbe
0906fefaf3ea16f9c1dad508ecb61306e2291eb93ad3cff3061209bdbe06efee
09f7efd900100a10ede6da0efbb7f311e608f1e2b8dc0614e3f41037c2f1ebe8
08fb15fdebd5f6f02effe20f28dfb3e537f6e8ca16ef0a09fbfdeaefe4bcd1c5
4d0316f9f6f8e8f9dc0fd917e2bc02e308dddcc4b82bf3f3f0f2e21cdbcad0dc
5503191ef11efafab7e4d625f9dd0ff4b2f7f9d4b61c030121f3f03fd7ebd6db
42171928e70215d7ac0eda08f8d3fcea471f09b3d0fcb6e126ff22ecd50fe5bf
94fe0bfb0402f50cc1fcdb01ead3f3d8e4f1eedcebc9f80fe1f2f4d3ddf4ebb8
c0e906fb03df1efbba03d3fd13daccd3b3082ece0a13f2f2fafd181bf3dceade
e5f10903180af30414f1cff3f5b201d249f4e6cfce010800d2ffd7d0d1c303cb
1017110e0c02e2ef4cebe12024f4fddaeac0bcfbde1ced062e04e71709caf2e0
92f708ff04c829d52f0cd918e0cffdf5192104dab8ad0ee9f3062bd9c11102fc
520304100fdefbfcc2e3d9fd08dd01d000efe8d0150e23fffce7f541dedc04c8
a1ff1a1ffd11fff9f0f0ede331d4f7ce2ae1f0d1ef23030423fad8f3dbc8e7ea
0feaf92d0d0500f4c1df03f227be0ee6d6f507e8f9efee0ff609e123c5e0fdd2
c80229ff1b041205edcdddff13c427e5d0e1dc05130aef18e90eeee0b2ef25e8
450bbfd602c325e1d200051a00cbf9f6cf2834effcb5fccff61a1014b206fb17
9500d8f3ffbf1df1b7ff1a021cbf08d2cd201ae72cdc09edfee61935a50401fb
3f1319fffc0df6f7e6ff1ed82fc50cdac8f0f5decae1e9f619f0eaacd2df01d5
b505cd161513fcff391320d217d5fbed32f4fbfe15e2dd01210df542d0d003ce
4fe10b01ffef0603b5fd0efa41c6dee4c3f810fa34bee8fafb0115b7aee50af3
0d0713160ef5f1f2f829dc072d10b20f8f06ff090d1009104c20f92708f307df
2a00022b02c30ffe370cdff7160ec9fed7080909ebe301ec1b0d01cc0ee5f5e5
f6fe00feffe2000f2c0210e70a0dadfa45fdf90bb1cb10efe5ee08f90df8d9db
c5ff1d1e030cecfef2f8e0d112020ee2dffdf3f42dd108eb44e33cf10a051b44
f3fb1529db1be5fe01f60af523040bf5d9032c07891ae1fb4b0920acf2f4f623
4e11091502c520f8b203f1fdf7f7da02c2fffbfa48ce05fefd14ee290ef3f5c4
2e130b0ffdb3fdfcf5160a042e04def9ec18fff911eefaf4fffe099d04ebfdef
1a040cd608ebe507e6f3f4d0f504ccee11d7e50a241a0b0ceaf1dbc4ffe10eeb
241311090605f906f505f3e727fec9fa36fb0a011516090c0102052706d410bf
a5170310d428f90ab60a25f32110deffbe1018ee0eecd1fcf61920b809d9fee8
230afa35f6ec1b0c3012eb15fc06ee0f00082006a4e61bf8120a3ae21b01e0dd
8a05c4160f06fd04d304e7170bfecef5f1fbfb0ed4c3000002f3098b0ce102e8
a5079ac3302b81178193c2818110c1c4af818117d1fc212381dc8181099f26c5
fc0ec7f308bfe40648fce7eb00facefbe5e9dc04eb1103030908f2f205e2021c
23edf8180ed20a014103e2131b18bd010a1516f9cce9d9e8ffe826e2120dd3ce
9d05170dbe08070228dff81815fa280a23fb1bffcfd50ae705032ac910fce315
ff2103080a060e0939f70e02180522f1f9051e0fb6d10a00f4160f240f061000
1818f7e10d06e903c1ea09bfd701f2f9bce0eb0807f70a0ab3ffeefeffef0709
ee1cfafa00fd0003eb1108e90c0323f7e8ea1a0ac91f000007fa25a302f0f825
4ffc1306f5e90a02f92a1bde081ec805280d19ef2be2edfa0dfb37ac1200db88
d60704e4d718f80223d4f20227fec30e1304fd09dd8fece03835f80f01eef4ea
100aece6e92f0bfe010014f60d0b07f4b61a29fb4dcbfffa092a2ad70b3fefe0
23f304fd020927f7f11808f013f8eb12fd2644ff013208f6d7e62a0f0a3409a4
1a0efce00ad129f5080c07f309f9fffae91842f7eef501ff1fc412f60914040f
000a0c091e341cf1ba0a17e719f9f01e0011270612d2fef629ed2f11072ce8eb
b0fd1ce2ef0b29fde8181116dffdba2ef91f3f10a1fafc02ed080dbbfc1cf0cd
f5111022f5ee00f1f501fb05f10ee020cb0624fee30ffcfd0a0e05ba18f3e6dd
32290cfff2ba1be4f61e3b031d11f9fcf60023e51807ee03f00625a8101ebae1
4f1d35f8fb200ff6dceee0fad50a09f8381d19e7e7fdeae8f7f834ec0a230f08
5c0433f9e6f221f70ffa1600cdfc011ff12055f8d1fde10def113b30f81e0813
1cf41bfaffd02fffcb050906f107d70c10190f0b2cee0116f511fcbc1519efb7
030209fcfce40df8a7fbf5011415fd07f11c300722dfe60306ec23c00e19fdd4
210f1fe60ff4f7f1effbefeddc0b06f305f30a0cb0f9f613ef0ff2ef05090aac
450d1108f7fb0f002be2eaea0410c8feea0523061cd4040f031202110afa0983
bd06e6f2d0f40605c10d1af4f804be0b141e06f302bcf3edfa2108ebf6f6110d
c8f9052308e62100f115e720f908f3f6dc1a2307e327fc1112f72e370222d6eb
0ff3a4170e11f0f4dedbb915ff0ac3f248f6180dd9eff00920f10c1f0a00f20b
d20881c82936980fb181a19d9526ced03594951ccd241c23bcea9bf518c41ce0
fefbb6f505bef4fa14e5cc02070ce204f809ff06b8a0fb071b0bf3ae10f7fd0d
37d2000efa0614ff0aefd8110511e8edc91e11fae2d1f3ee16fe0629fd31ffde
93f51c08f2e80efff0fcf510fb0117f0121836fddb02010ff8e62605091adc0f
4a081d22ebf3eff8c2ebdcef041012efef0e2514d0d2ef0cfe10171a1318f512
c10320f2f5e0f0f9a5f603cae41ad7f9b1f7ff020814fa02e6000cf50d03ea11
a804090b01cc03f9b801fbdb1b1306fb00fa0a0d31c6fc0c0af60cb118f804f0
d3d136f1f2f1ff07332f0eeafb12def3bc050fea1a07f8fcfef409a913051494
adfe0fcdfa08260bf8dd00050004b20fe02322f827b3f8d4fc0d1e27fc2f18fa
b3110600b50300f82efaec04ef100202b80329fb3b0d04f4081136b51431e9e5
96030f15fed109d7ca20f9fe000cce112d043aece4d9e5dad4f714c10e1dcad6
4c0a06fa19c804f0fdeefb030d10d1f717171bef31dd01f40ef101081c00fffe
0c0d32f9151c1005d7232e03f9fdc72dc62f1605cdce1b02020837e4035502c3
361e0208cb042a00dbf1ff0d03fad10c29292bc9c0e20cfaf81823d40839ffd3
501bfbdec909110815f11f1af9eae518ba0d3fe9f01ee7f1110118d8ef2cfaf1
9c041a1aff0c39fca41b38343ae60714ff3e57e6d5d4f6023a183506e71defea
fdfede1c0ae13803e829382521d91209ae3a1ff2fee30504480c1a41f430faee
370ff51d16f42dfe1c18360f24e42b211b292cde1f10fb0e2bf62200ec0cf2f3
dd06eef2f3ca24f93ee415fff3f6f027cb2418d432c2f3f2e70cfb48011918d9
eedc1116c6f519fde91c3211eac2f01bda0807d728fbeeed39021ff4cf33ecf7
4aea00ebfaf818f4a70f2423e5f0ff0f0b03fddf0ec6050b1507fcaa000bec04
28ebe828f9180305f3011d0014d7df01a0f0faf72b03fe044b05fcdcfc24da3c
a612fb1c0fef10f9cc241305f3ecdf261ffdf4f904c8fbfd18ee0b41ea0ef6ef
0024fa1104f20dfb00112d0bf3fa152bfe270debccd7e2091f2038af1229fdd9
c20d25fbefc9f9eebc1a1e08ffd4ee2bc013fbda02b3fdf00d0aeafefb19fbcb
c0e22716c9a145b5b918171524b7d922e03a46bb09e0b6c234f24f40ff27ce15
16ee0ffceb03f3f7f5182008efd4ce08b51119ea29b7eada09f0ebbe0b16ebe1
b51d02fc2d1ce9ffbe172421e9eed21d03f6ea07efec13fb1ae5f0e4050d23c7
9d08fc0406ecfef83e0d0ef0e702db20031700efbfe302f10d2a1dc3141101b5
96f803f80ad7fd11e71d2702c1e70232a423060df9140ee800fa07b6151706c4
55c8d61104e112ef3cebfa2ef8f6331f22461fefd1def6f237eb19f01f3213bc
1afeede704f80609c0112102e9f31e0bcf24fae3e8b6ede616f4f7d3072b15d5
090e06dd11eef71534e0fa12030903f33befdafbd3c00b0404eff8d608fc17d8
d01619f309ccf106a530f0db19f326feeae1d3f2ed151300e10ff62f06eb0ac1
d902deee29a404062c1f03f2f0ed3607fd0eedfe10d01ff8e5eef91f0cff0bc7
a7e5e4e70ed3010802f3fd06fcfe38f6c007d90becd10e23f502d62615062bba
0009e7cbf5e5020dbd0904ebf80819d0e504c422deef0c0dd512c31519ec21f1
a60de7e2e80ce3130de5c0e2000d1008e1d6b517c51d14f2e505d91b11ca0ed1
a7ee03fd20ebe2fea61eec2a12eaeadcdf11100adbf0ff132f2be335ecf20cc3
10ee15f90e06e607f32a31f90bead1eed012f302ea1b00fe131af7eadc080fe9
110443ca0af604f91c3d3bdee5cfead6fd03e3e9e30813120907fbd9e2f001aa
b5f5edeb09defbfc052a34f0e2d7ffd2a909160afb0900070d12ffa0d101ea0d
1efee40921d3edfef013f3f812e601efcbec3ff815d10d041110053ad2d81ce3
311cfeff03d7e9fe18f116060ef315ebdc01fc1509bee3183012fee30df1f3c5
fbff1a0f05f9ebf5e7021cfc34fee1ecfefbfedb0deac100230ff5fc0cf905db
bdf01200f6ddffdab9fbfa0afaf203cac1fed8de39e6ebedfbfdd707f4e4f0cf
87170cfde7ccd2d9b40e14e000ede0d7cff7eff5d8ccf0ee160bd609eafaf0c6
43f1d30612f0dcfb1d05230103e9e7f200dadefe2af51bfd161bf945ecd9fe0b
0d15dd26e6e4d6fae80bfdffecf801d3fee8e914ba0be3f730dd17200b00ee0e
59eef3030700f2db26120c230cefcae4f70309e1fecbbcdb110af8afea23f0cf
29c311daf3d9e999a0eae3f70903fdacb7d9ded1e3a0899cd2c906e105c193a3
efed0fede5ece9b9cd0ef1fcfbfe47e52cf4dbee2ee8b0d8efffe60800d2bee7
d207dbfc1910c8f6d71d0d0ffffe0bf8dbefd70bff370dfb2829d63ffbcfef1b
34130613f9a3e9e22afff50df8c6e1d8bee9e91231a922111cf607d7df01f904
d211f42713aed4ddbf2620f8fce1ccf115ddfbfebab8f2f3f7ef05f7ec0a01f7
aa00edd9160beadcb5e30e09fff6fceef3fffdf3c919dbd1ddeb0fd60911e3b0
1d0ae3f3fb39f7f6fafe101b09f726d5ee18f60aeffadbec121b02eff7f2ec04
4bfc3aff01edff1ab927130702fbccfea4ef0014f212fde5171805e4f7e60e1e
abf915f8f78ce4e53f160a080de6fdcac1ecdb1914dc1d0c2cfbd41de8dbf3ef
290ff2120491e7020a2939ed0ce91ae71bfafbf7dca21ffcfff0f04bdd0814ca
06130cd2f0d8e506b32d23d9f8fcefefc9e9fe0736e710f3bbfbf216fee90bc6
ab0be1f2010cf11a202a1fedf0cfb3cdb0d70403f8efed0b0516f42dffd609d3
1ae1061de400e621f21013f9fbe6d2df19e1f817b411fb050f0ae73ce1c90efd
984379061cd720efdd7942c35f0ce10ab5225e06e5f81427ec143db00d3210ea
f12812d416bcf3e6fb3f29c206fdd9fb18ff1b0619f6f61001100143f21c16f5
d42ffec726d4efe9cd4849b0d1f0dc1fcae505f91e2aea0bf016f739f6130a01
f2000a9cffe406f2d81c1ea4c6e7cd090dede9e62bc1fffdafd6eb9aff081cf4
13fa42e2abf1ecd1ea130885faf1efd0f501effa2fadaf1cbccbd2dad4da1222
235054c826dd3901125d23e85b0ffa2611ff4cfca8ecfd21b3452ed2170e0f1d
c34e37f003eb0ff01d280ae744fcd10402fe48e8d815fe0efb2d3ee106fa03e2
ae6d52f90cc81fddd76760ea44fbfbf9e8f256ce15d3cbef032f4b40ff2aefd8
05391cc9e5ea13d63d344c00091a011b47071aedea08defff7092cde013b01fe
dc0401f6c7ec14f4d4e203dadb171bddba2d181318c3e3240e0218d0123f072c
b60f3fe720112d10c313ddcd0ef906e6bde2fc0d21fc191dc6ef169e05f425fe
230612da1ff61403eef3c1f20bfd0604f2ea06040900140bf8e310e405f90aff
b1ef13f71b0a040b09e2dae400fbf6dcb9eaf81027f112161cec22e8f2e80be6
48e204fd06f61c08d3efe5efe605ccf4c801eb23bbe21b0206da17e5fef01f01
14e0f319f6041af4c3cab91cfff0f614d20d1226c6f113190b0723de001911d3
a8ee16ec1945051a2a06c0d2f5fb16efc1ede900221c1616cae217d4fbfa16f1
9c0bcfd00bec121409e48701f6040c0be7160613e2230ffe05d81eec031ffe11
b5ffbaedf428f812c5a081efe00b0cf8c8e9e918201410fff9fbd92d00effe0c
e6f305e7f8e60608e09f94f6e8f5f7f149fdde1401fa0df5f8f1fad1f214ff03
e5c3080515e21408b8e0cf23f501fffbfa2010181f090c2006d91806e91c24d5
4a0036ef1029ecf913fad8c7f1f433e944b1dcf6ab34ecf7c5f6d2affdcaecef
b01646de11e00806b912eceaf8ef09010dff0703f7f400eadffcf7a9f1fdf32b
db0e51100c040e0a9dd2b6dc1ee00712efeaf907f90e0bebd9f3f817f706f4f1
95ed331a16d9120cb2d0c70afeca160f03fe0a01b8cc0bfdf30418f5eb1cf0c2
46bd290f24cafa01b5f1011dfbe6cb02cd2835f0d305021509e112fded1223b5
50040aea09e5f70c1cffe3f4f0cef4c9c2edca27eedc0cfdebf6cc9ff0ed0df7
200d08e4f81805eff7edd8ef05f5251119d2ed0f18eae5f2ec1ad3b700fc07e2
a3252c0214f8def62e06e8d90feb03dbf0b7bc1bfff8fc17f4f4d6b503d110b5
adf7280e0ee1f0f13d0d0efe080bccf4fef0c517e4eafd12f4f5d9b505040fc6
95f7fb0124cadb2ba2ecf0fafde201fdef06ea26cbd10d2600f0ce18daa818e6
ac11e5eabdede9043507df21f510efe939e8c02a08fef3fe060bdca206fef9bb
d524ffe7eec50009f9f5fbfc0be01b03a9cdf900bcfce4f508ebe4d301d701f4
3f1804030de4f60d20f615f70de1d7e5c5cff8f43bc20114eeeaf9c7fbb70fda
e30efd2bfcbedafb2f151b040f01fbf1cdd7fb1127fd0d1dfe06f5e206e508b7
42011d02100dc2161312f702f8fa1206df05d0143de80324f5fbe1b2f7f7fcc0
fb21f9e7dce9e2e906d3e50f00f7fffd3bf8ec0838ebcbfa0816e2a405f4fdfb
35381701dadcf9edbf0bea0429e9ca17300237e70ff3f4cb1b2e2118cf14f8e8
b81214eff3d607e9440de7152bd7ed13b9020adece0a01cffa02080cd8f406d0
da051d34e3e608fd1a0bef1c13d00119db0df7ec24fef1f60bf20ba3d0ed051d
8ef626f530fdef1838010c122b0121f534e7e42836280c2c1a1df23208dd07c3
d92726f4f9deeaeeb3f81afefb0acdf0b6e4d80814fedff12ef6daeffbe2ec16
59230de9ece02cd91cfb23110e00dd0efef72ed201c0efd71a114923e421e206
b91217e5dddcffd6a20a3a0529e5d11b13e51ed5e4bed5d4fdf821d9e72adb10
b005111fd3f60dcbbe061d0735f3e5481c18fbfce1e1c2b4040c173efa40e067
52132af5f3e80c0dd022190b20fff21d2dede920eae8d6f60224ddd91b09ec02
a50cec010a97c6121e15141007f5c7e225c8c407b5dd041604f8bd09f4bd0519
c5f1d50306a1e505c0f71402070202d209fdfb1307d3fb0b29f8e8de02d70d03
0bfde6e800f3ee04c70c19eff8f5e0dda2f9f424a918f0ee0d10e3f6f9ddffb5
13dcf5fce30d1f06d60e0e1a09f8c7fcce20002df4b705e51424f9160c24fb4d
44ea1712e90f190b251c19fb04e5f600df020517bb0a01f4fe3900a3dcd2fe5a
4914e718f4ee0fd6c90df7f01007fdfeb312190bb8cbc900fd0514d7f41706f6
c505fecae7e206dfd40cfd03e612f910cf081cffd1eacb0402f6024d2327f5d9
bc10cdd5d4b71ff01abecdebb90ab7100b0b09101919dbefdaee152f0f2edcd0
ce08d4cfd3effae9d7d8fad5e7ffe4e7ddf8f5fef012b21000e1f62519f3fbf1
2601caedc4c716d1bacecff8f30bd7c70a01fb05cf14bdf1f8c202161efce1fc
980bf8f309c70cdc12ebfef6fe15fd0c1a1408ff0eefd7f005fbed3b0308e9f2
a9f504f1fcceffee2bf1e6f5f616c9152511080cfb0be404f014fcb2121b0cf1
e6f7fd04cbdaf5e6c1c9dfedd823cc17bd1ae3171122d9feee07fcaa2d18fac1
4302f9f300e3f1e81ddbe5e4e50ccff946fedb172735ccfc16daf2192adffacd
ade6daf8f2dc0dd845b8e1f9dc0e08f01d0c02ffd01ac0f9f4d00b2e22fad3df
ade9ecb5eada0eceefd305dede0fe2140417f407c39dcbe3fbebf12e0d1bfa0d
f0f3f400fc000dd0cef5fcfcc21413fce53116143110d3f8e00b0fe4260e14d7
bdecf051f7d02fccd4ccd620d72efadce32e2a0c27dec305eee321233017f00f
39c9f3251ce011df92eee7fece23d7e702fbfa080e06d1fe0cdd020b33e90dca
3fc406e4db0c28d2addff1f0aa0e140ef6171a0434d1bb09e4db23012528fad4
90e9fae9e5e406d7cb03ee040e181cfcb016e50afbbdb7f321f0f01e0c060806
1ddf061a0622f7ca2704fb40f920f50d0a0900100bd1e4fe060e03060904f306
91d1e9fb0f2a18ef29e5f6fb0720caf4c6020f251c12dc24d4c206d913f70ffe
b6dc1218ff19fcd72ffd0dd72d1aedf7b7fb00060ae9b90cf7d30df10ffaeccb
bbe4fdfdeae413cc34f608f2ee18ecf52a050d0e00ecb31ce1c711481225f9ef
b6d800cad2de33e3350cef20f210f323ef3b1e18f4aed8f0f4db212cf22723b7
a4ece6e6f30ff9ddcaf5110cfa1fe106e7f7e614261fdbf1eaebf83507e0fef5
d3ed9fe4f41714f00eca08f4fc110a0ff110fc08f4dfcff3efd70eb2fe02edeb
1cdfd70d150914e1bce01cf0191e0022d8010e0118e9c3ea09bc1bef0803d4ba
d803d5fc05ec0fcafbed110c351eeddf201a1b07e01cb60ce4b40b031aeefad1
27e82014fc1209fdd620fae412f602c8f5fdf8d62fef21fd1bee081fd8e916f1
d314f6f500dd0df7220304f1d6d2eed8d50af8e027c6060511ea1dc5eb021ae3
a720cf16180609e643fd08e6f2d9d6ea46fa08f4d30fee14010b142cfaec1af3
c011edef10c713f1dc291be308f3ebe53418ecff1edb0e1d0be30e2df50f0bdb
dfd7170bfce0e406cd1007fa02f5ede232ffd2e9f9e40c391cdde23fdae90df7
b3270a0920d5f1fda9f9f8e3f3ed06e6a5f0f10510cc0df51420feba0aef0ef2
5b26170ee20d32edf512f6effda8ddef082b21cbfe0cdef80c0b38f4d80908da
cc030b11edef09e6f2fa06f00e8bd6f8ff2f10a6bcb1d3de281608cbae08e50b
c22c152304dc1ff0c41416f706b6c0173c3e16d0c2c608171bee3518d900efe3
4808f617fd16eefb46ef29ef0de003f30b23ed02ccf1f525f80c1aaced11f6c7
2a1408fe18d4ebffa9fa23d8eeeb01e204fee201ddb00309f7fcfbe5eadcfff6
3d241bef00cd16f90d37e9f5f5b4e5ee2a2d2ab2bbf1e8f0ecf33feca5f110c5
b502272fdeda15dc1e0dfaf82681c4df1330518133b1e3d10dcf34a584f40455
a7231a07f219fee7341d1bfb2594de0ba13a169cf8b901d3d4ec37e59b0b1003
d318f0dcf00ded0d2b060f04e3e3e4e2a2f7f305b4f7062c05ea00a1c801f30b
46fbf81e15c20908cae5000015ff2305c4fb1ed705b30b0127fb0df7fcddfe1e
3816070910da11f934eef5dddeca30eee0fd35ddc5e8eaf61ef03634e40518d3
b9ef0207f2ca23f835d2d4f4e0d1d708ff114dd203dae5eb10ed1af5db06003a
9813fdcaef2300f6eae9cef1fbcfc00124262b0827f3fbefe9e81ae7d801ee03
b4050aece0e2051bc8eafbe8f9fad40ea5f42a1137d2080adeea0e0fe629f7d3
f00c1e1e27d2f11c23dd00102fc9e6bfe402fcea14de061033f8e214dcfa01f9
b810eb000db2fe0434f3f7fd07dadae5ad061de6c4bbedf63114f7e8f614fade
ab27f2e9e2d5e30a40edf9eeeafec8e133f0f91afbe2edf70912fb48fb03dcfc
b411e5d0feff12130fc5f1e308e5d5e3220b11142006fee9011d08d2fa12f3e7
35e8f4dfecd9e92f0bee0fee1bdbe1fe1802ff141ac2faf9fd0bf400d90b07f3
09c60f210eea0d09a7ff3528130ec51ce914fd05eced06091afd04e7041012f5
9dc70dfc18e9eb0c300a322415f1be0abe0f05ffbf170e131ef5ec9e0c041dfa
a8d30dc6150f0512dd371e221a02ae12d1feda0f02f8100def0fd7daf8ee101f
ba02f8d01d1e0a11dd2f05f8d2fd9010f4f1c20eebd30610b015d92be7fdf509
15e1c8db00edd5faaad3c3abd2e59ecef7c09beef1ee000dcacab1fbf4d8dbe5
2db4ce0ffd0ceb053efbef2217fbc108e715f612d1f10213251ef10afcea180a
368ccce20b17e007ccdbf908eff1b3fe3510d00bd2f81c1012e7db20070410f8
1881c9ad170bf011ecf20303e805a706caf3c80d252f1107fdebbaca01ec0d0d
28d1dfee19ea0015d4241e0de0f5c1182dfedb0c241809090220e01cf2100900
51debd2925baf401bdc3e2f708dad2fa10efd1fccabe0a132acddd3be5fa00ca
29c9a3251425d5fbcc08d7243004f419b71614050aa5fb083533fdd3f9daee1f
b3a7c5d919e0d507addc14ef0511ceeed4f4bc131bf0201128e2bd1ffbd7e4f6
999cf8ba25d0f014ca0625f8ce129a06c7f2ac1298df2507fbe3b53208f20259
c5bae7af1d98f60d9b102bfeaf00ec15f3f2ba09250f1e10e9f5ca4800080eed
b0d9120b12d0fa0cb9dcf70c1df212001cf0d202e6ac141427dfe605ecf40cbd
c8e1c42037e9fae128bfc70214f90e331aea0ff2dea80ff6f71100b8f9040c15
c2d7ebf622f0ecff9cc5fbfcf8f1c910d7d6c5ecffb90e0bf500e3fbfef3f0ff
04922bea19cd0100c8fafa1fda10bff637eda90c16d10b04f1e8d4ca0b0cfc2a
9094f8ae1481f4fc09041e24b7fbe0161df6b0f137ff110bcfffcbf4f9051900
53c105fe0cb00005dbfb152d13f3100109f9bafa07af141212e3f82af1e30fcd
dadfebcf21d3f1e5f590c8b0eff819c3acd4d10defc809d2d0a5c814fdd72d04
c0f303c229c713ea8fa0e4cfc3e6f4f4a4ec06fac2e7daf5aeb1f627e503fc09
8ee247eb24041a09f4f71df2c700d30114f90cfcb60bfb10ada90dffee21fec7
31c317d903f105020b1d3011e9fc0ee818ede5faccd5f013d5daf2f8e80f14a6
90d300ebf00c240e123d2832f91e0305cc12d21a0be700070ac824b70d0016bd
b119c018f8c82ef9cd1f0513f030ea39b70d19eccdb4d2fff12529b33341f1dd
cef7f1defad61eef4d0605020212e412f92e06e401c7fd03ef113dfc2654e9d1
0b15daecc5cd39ee080c0205e817fe17b01a25f210f8e8f2e0f727521132ce1b
d41ff1f9c60a37f3c305d701cf33d51d322817f83eb7dff2d81f3325242ecc10
c31ae5dec0c373dc2516e737be36d7152631590ff0f7d6e3e71a5fd8327fd1ea
cef3f41813e109102b1210060e28bc1712203104dda2fa030b0313c91421fed3
5ad416fcf6c30cf4053a061c1609b30ec312f3f4c8d60504081001ab160ee9b8
180e16f3faba09fcce28fbdcfa10de11f20bf8ff19c00014f2fa15011409e3f7
e91cf6edf7e60efd4805eff5ea14ce10d31527f7d9d3000bf90705311f02fa0f
9f00f6cfe00211dadf07f92eb52a07fe211a170ae122edefdd0909de250becb6
1ed7f3f30716e9f44afceeff1119b5124a10050b2bf70af0180b1ba80d09eccd
3fe142e6f301e5f73c0105161119dbf900fde00dfbd011f6ed1e0c3b10cdfdca
cbde1d06dcc002061814040c1a0a150ae722f2f9c7ebf30fe4d5172a2a1b02ca
ccfc1706f5e6f1f01d0a18eff912f40635030c04f0e4f6fcd9e6feaf300e00ed
0f10e4e0e6e311d5eceff0feea261a1ce928150fc315f5e8c412f42c3510ddd4
fcdce7fdfacc24f9b3f4f3e5e511c7ffd5ef1209c2f205d4001deec1200209e8
e8ff192603fdf5f7e6060b000227d0f4b7e7f6f7fce220eb010ff9c318f0fbf7
ae08411aefed23f3f02607fc1a24dff006181206aee8e907f30300b0290c08d2
ddf33d100af716fa1f301ff8221120fc3901fef0e4d6eb07180308131003f7c7
ac0418b8fedf21ef0e120507d62a0a0f2a1c0c13e5ccf51bc718122e3022dada
fde528d7e4cc310f4b0913e5d432d60b1a0afb1bbc1210d0cffc08c81f040215
cef4eeeee70b2eef13001c02dffdd111351008fbbd2d02c5bd060de50702f9f1
2011cdfe0cef03f4a70b37f1f917dbf6bbfd060731cebee5d5fd09e7150df6ca
07f408013011e2f3f21f29e61d2d1a0b4cecef11cec8ba12d3f9f9cf17fc049a
42ff13b604d20ff5322e05141732350ddb1a120e330ef719d70e0a343e2ae3df
e514052600162a0101d445f4ee28c5f4df0e0bf1ee36c61fe21ca9cd1e20fdf7
ccf0021108c40b0102d5fff6c5060addedea05f1e315fc0cf109f608e805c210
c4f3051911df00f8ece0bf01d3050eec05171fdff31c03df08ed25edeb05fa02
09ce130725d8f204f2e8161cf9f72bfbeefcddd60e11cedff305d224e60907fc
22fbf814d52104ebdf0bf513cf0fb90706fa32040cfbcb08fa0eb03eed1ece03
cd28fe2e18da22f81aec3bfbd01faddaef1c53e0e81fb522ca04cb1e000c0126
d30d020dbf0615f7220b17f1d4fdcae2eefe05e700ffdb0c030ed33707e7223d
dfd9fc00b341f7f012f0b2e8cbe6c3ff09eadee506e5fffa00f7f828f0deaf30
ffee060aefb6effa0901c0dd08f1fbf106e2bedff0f7fffd0502e6e6d1fbad15
fcdcfcebf1eef6fe02f203e1bdedabec0ada03f6e5fde1feff04c216b0071f13
bc43fd2fc3e240db0ddc2c05e24398eff745fed1c727d840d90fe4f4cb07ea40
f6090e16d3fd18e903ea27fed406b8f7fd0908d8fffd1d13ee09d92bf1f7cc1f
cb01231e17e00cef03032ad10df2fd0d0209d31922f43312eeff22a9cbe6c234
2412f70edbd70212ff25fef90e04f8011ef5f0000bf8fc031cfd17b9f9f0d5f6
adeaf0fee31ce8eff205f30bfffae7ef26e3f0fdf5f8cbea0a1313480002ddf7
cfff15200bd831cc06c6b9fcff24f0fa07120afcc8fbf435e70bfef7280a1c23
d428f420112409edeef0f3e9ec05200517140ddc08eb133fc90002150e02e80f
ecfc020c07cfe8e4ce0c3fde15edca091dee1ada16ea3e25d010e9360af9b407
f8f3f0fae1f6f1dde604d0fcfde4b40efb00dbd9fcfb10052904170803f5dbfc
12ddd0e51ec9d4edee0fd902e6d9bd0f11e1e02e0ff8f7e123fd09c0f6fd2ce4
f0142e1aee031e0cf9babaf1dd2b22e2fe1b0506f504fc53e1eb1a274836e7fc
11200834ef0e15fe0ef1a807d612b2131927edef0413274fc4e903c5023722f5
d73a0c20b1390e030aedd1f7d71307e1fc251ca9f5153c25e0e60b01ee06c60e
a906fb0af2c0034200d705f9c90cb3d8de08d2fcedf515f316d303dfefe405f3
f1f2e0000edbf01ffdd43f17f0ed01f5fdf6bf1407f40d290cf40a25f1ed3ae6
d6e20002ecefdb033a1a2820e6ce492029d6f3e506caf1f23210102b394317e3
02eafb0302bafa09312f042ac4ec293a48fdf2ee18f6e3fe07121cf1020731f8
2cf811faecf1f5110f2fbffef6fce33148f4bae12214acd3f6fa0ad51321c1ff
f5120109f6e40035102a4f10c2fe262613eccdb92001aee3e20a000fe123da14
ddeefff1f3fdeaed10243a18e9d5462926d2fb0d24d6ab01f6ff21e912181a28
eff7111e1a1d000319361b3dd7021f461f10cacb23f6f7e00bfffe20323ba2f0
db0a050813091ff51205b817e00ae606fd250bc30f14d10e060cf1af3f15aeee
b32f0ee8171d410e0b223d1fe62842020702e7d9121cd30bfbc3dc2dc5e8cdfa
053e062a0e0422010621201a04173c2f39170aca1f15ce03dbec07f6d415ce0a
f7e50aee04dcfad7092813fc17f8a24f13f3d4e41bd9e1dfdaf32df6d313a71f
0a000a0c2015ee351327a23ddb04ea2d2ae8cdc71f02d4ff04ecedb41c1cd0fa
e9e9fde90ebff71efa05bcf9bcfc0707360905f90201d218e5f3fb23fbf8cef0
ece2e702d6bd1b18fffbdb14ebfda5fdff07dcdd0604df09e4e31639d5f6e3ed
131f1504ecbb270afd1ac815f01e4b19fe0cffca1df90312e6ef0d12f70b1ef9
09ce0be6d4f308f50354bef6d6f4f34410e00dfd29edfcede4f330c1d605e60c
0cf2e9f9bfd3e726fe260e10d0e4fd1610d8f0f21df2e505f5fe062c1e0addfe
08fbedf1f9ee03190425391bc102de1b4b1df2f022f6e109ec0e0ab8d8fac41b
d1ed07f4bd2ef209f4fabe1ac708ac011207ed02fe13e1e5ea18281eff20de14
09f7f0e91ff4e01df707abf606e89a0a0df2cbf800f316f8b8132bc94ccf08f1
f4db0ecd37fed1150420a5f912cfcc1a04d1bef90fd7df19e10cfb1d08e39d15
eded04fa29ddfa16fb14f31c16f5bc2917d9e8bf11f80406fbfc23fc04339b16
eecff8dc09c805ff0326c8f2d4db121025d8f9c912db0b06f60128eee9020416
f8d8ff093419ea15f42f4015c6e006311ef015e624d903e0d6fd1fb9bc0f1ae8
b7ed07f23ad1d80cf533a400fada181f07e9e1d5fce2e2f3d9f51e141908ee00
f8eb12d9ebefc2e5033a09f814d3c9031fc2b1e309d9d405bf01ebf9d9f3d72f
c61cebfed330f9fcf303fbef0902eee6eb0fe2000802f23e0af81bb62d06cf03
a72aecf8eaff14f5fb04f7e90d0c00f6fd02d6282002f01f150eeedcebd4faf0
f22ceafe00090fe50df4e4ef2dfadaf50f0de10807fc06080b12e9dbf9dfd410
e42cf209fa1707e9021aebf2e905c70c230ff2b4f104321e061a04352501ac21
b517e50c01f1070cd82450db18feff232bfbefe8ff161e0c131219423c0d1cfa
b32dc60ff3fe090ff910421ad6063b0e010df71f1f0fff1b0c043a2c1ffadc05
c2f5f00bb822f914f60cff21e505e0ff1512041501f7f3f71912feb12becd6d4
fb3ef413d9380308080d28f5131206f2ea12f5e0121ce207fcfdd4010fde14f3
f62ae005f9f106000c191df7e0020b1a000cfcc8fc0e09f2ff13f42a11f9ccf0
b613e819fb020eff02fb2802d50ac127171cf7d40f1c1313f3110bdf4223cf09
c8eeed03060f00eafd022f11dbfe40150705c1fd0ced050910fe18094c101109
c822f734cc11262d07eedf17c718cf02fa14f1f5f129d117e80114dd21122801
0449fc2ac52742232fe4fb25f32dcfc7e237ebe3e642e31af7ee17a904ad0224
f904e50dd71111180a03a3eeed0ee8fdfaf3d6d40105f605f5e90a231cfcfdef
cd0bf90d02ff12edfcf72bfbc212b40a0b0300c1fd0f0effdbf216d139381ef9
e70cf32703050c190eeedb1ee22a9e11f40df40202fe0a3eff1903182622b43e
daf8f216eb2cf72112e01915030636e2cd1807f3f4f3f729c1fa4b9b1c0de724
08eede0db0fcecff08efe12dfd1795ebf111c1e90404d012e7f52cc814f7c706
f60bd50dbbc10313fc0d1ff30b10bcfe0f05d2e41eee02f2eb02081e3af4dafa
d10be216d4c40a21f206eaf8e6f825fef10d08eb0e05ef0cfbf80417521cb1d6
a049192123d40d2bebe3a6eeee2a1af6e325e908f8132769e30cd0fa2624f825
ef330e18bb181ffffddddbf6cd1d34eeee1b17daf8f6ea5fe603ea280219b72d
ee08ebf9eb030ef3ddfda2f8fa0ab0ecf50cf0da1118c51e05f605cd1f240202
d01fe81cc2da07f5dcfeaae0dc1308fb1305b3030312d738f604241a5018efff
cdfcf209cc25f00ff4e7b2ef1009d5e1fbebd613e8f8df311efc12c475fc2a05
e9f3ece335efcb16e9e7d2f2e5e73ae509e4f8f1f4e1ee2ce7fffc31151bd508
e3f9fe0c26b7fdf2e6ed21e9dde528fc18e1e0f9f40cf41deb1cfd130b06fc19
ee361d25ee2711daf6f13cddf60935073620fee50020a937ff14003c1716bb21
c1fef9f703dce8bfcf0408d2fbe40c0d2700f709f0df98210702bff72720c2f8
0e09fe1ed42303efc5f8d0b4f302adf7d0fd01cedeea843fc9f5cde93d53a8eb
1cebf1f02013e4e5f7fed8fadbffc0fa37f8f6ff07fcee1eef0ed51301fbc818
eff7e9f329cceacef0febad8fbf0d4fa1ae6e8d7fed9041cf81acccc27fe14fd
e909f7fcfd2ce6e319063edcf51423081be0a1f6020cd12b150cdc44470e9b19
c3e8e912e132f8e9161baff8c60f3408fcf5b7cc070b9a18180abab81a0625f5
2ee60a3fbceff54208e335f9191ad0fdde1baab7f9f7be31c2fcb9b21510e6dd
d3e70a100dfeeac20f12f419acfcae101dd4f2f408f831e4040fc8064328000c
eaf0e925a2edebcdef180ee4a5ea2d0b0be0d6e122f310150908acea39112ef5
a5ee0a06d1d2e4ccee0cbbfbcdfcc30920e1e8fc12def20d111701f5590fb011
fd1f2911cd25fff503fdbb0dee113d0bf305cfff071acd0cf60af5aaf92acf01
242af521eb0a1d63e5fe20e3e317ea1d2c2be2200f181d0bcfe8b8f3ee12c6e4
f2d9f0f1dc1cdfd7c61cd5e4d9f4240d18d1dce909e739f1f206e0d9120eb8aa
d805e61cddd014eee813f1d8e1fcbdfefd0ae0f60d1ff50603ffda070e098702
ea11f72524cb02ea000ba8e5d215f6e5fc1cd099f911e5fcf9df01cd431a13f5
1628f61bd1ee0316fae43712de192cf7fd199de6f1fdf31bfdf301fdf723e3e6
21461108b22b1a3df3f631fbdb3d48fd0830e21f031a2948ebf3e1bbc119d6d5
eceff6e8e1ebe1d4c30ae594eae9d7fbf9d8c2c4f003f305daecf9951624e1e0
eefcfb17f9330fdfe4eaaebad01115e80809e4f9ec11fa12d1090fbb160faf19
cd2ae91ec7ed0c10f8090407de18c6f01b2432c2f50a0619d602fb26f01cd0ed
1049e83cf5cd2724fbf01107e047faf40a233cd2fa1e113ae6fff740183a1204
b833f036d0f62e1ed00787ccf0292e02fc1a4eec0428073feaf502d60932a5e7
c661104d06f94bd81db7042ecc171bd4092accdef13ee8eff11eb8480f42ff28
f12e1c34f10b2dd722c6fc3aeb0f3db71f35bfddee2be8e7ee09ddc63637c213
d3421345dac734ec27e4f828c727f3e23727cfed0632dbbd0311fb1d4d39ae0c
183f1126d4bf27d91ef2312cba1dfbe63a30fbfcf543b9e12506fc06482f0206
bd381239ca2f20e70ec6a535e01a21c2183605f6e22da707150baee70f38e626
dd2312221b2a1bee23ddf83daf0a4ae71211dff5010ccce8090dbde0fa3fd314
ad1011fec41e10e539da082bf30f2ef01f1804eb1008bf030205c1c90315fc1d
ff0a17101b2006fd17cc3420cb0599e43011c6c5f51ee1d9f60ede450b181ef9
edf3140ac2fff7ea1bfb9d2a1ffdccef2b05dae70015e9eb16168cb9002ec512
e01ffe170a080fe90bd6e11c151aaed4211527cce32c9efbed17c0d8002d1600
0530253cf705380716d5e219ea11c8ea351914f9da15a40d0110d2e7f51d360f
e0f90611f3d8060b1bbee909b9070cf7250903f1eb0fe0ef0bf6eb42eb02b21c
e324ff08bef7101717ad060de70817c20a15d8f4db19f9eaf8040dbee81aa90c
1e33ff13e4cc1b2b24d62a30f20d0fdb1211dd05ef16eb1901052cbdf20d0f28
c434191ee41c22081cd4b81fee1fdad9081ddf08d73f0017ff22fdddd712ec0d
c60e121a37bb06f6fad1fb20f601e0e94c0a36ede5f9e1e00b0fd640de1d4315
b8f90e13b501f0f6f2d83914b2f6a0e83516e83bef1108ebf30dd8ece3081e19
c1031a1ce5f609060be1d41ffcf82bf30509e223ed13eb0e14f8451df411eb2a
af18f9fde2efef0026d6de2a0cf4bc0af106eef6ef0dc3ea19e9290a010bcc1f
d121ed15eed7230907c6fa39ed22bfc5fa15f217bd290ff31bfb0fd0fd2aecfb
fc2c0c2dfb0c39d9f6fbb920c622b3fb2f161133002fcfecf9ffccea1b4b0b04
f8030d1dce26f9e204cffe06011234d41f083a38e214c8eedefcd93f0a21a6f4
da190914f2e1ffeb0be41e0ae505eceb2bff38e9d922b7fdfc0447e00528f9f2
da17f514d2180ce90cc7192205f6b8fbf11824fadb34dce61df30e0bf630b5f8
a81ede1936ed16f9eedc3847fc1ee1aae0135bffe2233af140def1d8201a311c
dcdefdede6eded050520c4fe15f3a52629e6e1f2fee3f3d8fc1be9ffbaacdedd
d714150236031bf61a0df50ed915c3120f12d8f2fe0ddfedf711efaab3e4aefa
c4d406fcdbb2f805040df30cf1fafe0c08fae1f003f3f1f4fcfae3ceaae4a4fe
caf606f4e623f4fd0f08c70bd900ce090c04d3e10602eed6fbfaf3dfacafb408
b3fe12ecd413fee7050a29f304fb18071bfbddea14dcf1c8f6fe03f091bbb410
ecfc160aa7fd04131719381bf30eb01b0c0be5f3020af200e8fae81de9ccac0d
dc472926bb133b0d1d074819d3399f02f031d8dbf246ec08f4efe91addf8cbf8
ecf119f5e5d81b06def13f070efee4dada1be704e10bf102fd11f59fbf03eff6
26f70907ffec1906f1eb040be209b2f0f8240bf00c09f7efeb010d9fedee35f7
bc100fee0f1013fc170c9901ee0938fa040704f025fae9e9c6ee1418e6d4a913
d7e60af7c4d0041410f4e31303fd28f50304f2f1fbfde110fefcef18ebcaf92a
d30a23fb1bbe0a070ce39f0ef00ddde4f10cf1f1f813f219f7faefae04020117
ca5d284caa10643310a49a2d1467c199f05d23b98b6ddb23cdedcb27be0ae425
cc312421ded25b1209ae1a310f51fbcf045530f8d957fb22f701f01efa1730fb
d9f309f004ca0f012019b619bef7d8fcf3fbdade15ef0102c7f7dffff1d5c10f
d518061b0cc51a1906f2d6ff061dc40b051819d6e608c5fffcf6f6bffee0a612
c6321e200d04210c0be39f0cc4322cfb091ee4e5f727d60eecf2f5c3f90c1c23
ae03242813ac01100dd2fa19d209f8d4eb3b08dde331be1dd6f9e8fab7050a39
f7161d26db152d130cf0d100e423e4ee093a2e04e226b70b0610fee8e713ae16
e5070b0914af2dff120a2605d804a9fcfc2ee7e70a15ed11f7fec31c13fbf824
d2f110f9fabffc170d0eb906d6edd12a33f20fc8f2eedbe9fe040dbde5c414ef
e40c0b06c7f3221320032b1a0710b00d0918f8afee20d70fe7e8fdf0f2e2e107
bb090f16d8e6101717e4e126e101d1e1f20807d2ef0df70ec7fded1bebe6cd0d
bc001419e9f5170518f20508ba0c20f20f1f0a0eee1efa01defabfd908f21d06
cd000202c4b71bfa030ed404b00dfcff081e17ebf911fef7cc029baefff5f517
d7f5ed030fce07f9df0ea8ffeeffc10507f608e7fe09f90bd3060f1c1ff1ad0f
df19ef0ef3c10f1beaffb9f2d213090f120de4f4f31af00cf40ae7bff1d7f608
e600eeed18d6f01ce90ecff2eb0ab51f0afbf8d40c0113d2cc07e7fcd6cee0f9
0af2ebfae1ed101be70636f5f703f214020013eb0813f0e6f712f110b8d4e5f4
dbd4f3d82023f625eb1e11d6d0ec0b2fffe6f8001608e5e02f09ccf3cbce2bf1
e523ff0ce2f81ffeee0feed31b24e61be400f3f0140feb1ee7031f28eed20613
cc1005ebc7000309fe0cc508281d280af101e3ec08f7fb0101fc0aeaccdbed0b
e0e6dbd5ebddf406fe1cf5100ee8071a0ee9f5cf19ee15ebe908eea4c9bb9e00
eafe04101c401c04f91f3a040f0b522b0704def22111fdeafe0fd837ebb3c0fd
d4d6e9f906fef314dd20230e21ed07361fecb60224122bd6270efcd9d6af94e2
04150018f7ec1df6f411db04191c0d16ee15eed11106ff02fe06190df2fdfb03
c7f8f9f8fc09f80bef0e34f8f70dbaf9eeebeae503ec0ffbe00a1b9ec2e01f0a
f1eeefe52b2ef4f6e007edf607e6d603eaeac4c40cd8fdf2030722d3d9d50f06
f8fc011af3d401fdfd25f9ddff0fad260bfb14d50cf80af6fa072b02f9ec0100
dc15111b2d0605e20137070c031de82636faedc41d0506ecd91416290ef918ea
0029f8fa18eb1fdd030dfd02ee185018b12cf70b1310fe04fafaddbe130be1e7
ee2305ebb9c324f0300b9f4a0f1f20f7a92704d51909f23cfcf11702f2ef2b05
db491808bbe229164004e347d933c5efbe3dd2e10926e03df2e1fec5c7e3c60c
c3431718e135fefb2c14a74ccd25c506033ad8be1520f12df0fd1ddee7ed181a
b91a2ded03cc15ad241f3625c5291f2c1025fd842331d40081fb17b4e213dedb
2412fb18c2cd21bf0410d712ce1b0e19d916d3e7091704eae3edfb34271ec9f9
ff0900e2e5c308cd1d21e82eaa0fa51ce817b6e52bf1fb2904eb05bc1702a51c
f61b07f5e9f80cef342f063da30ff922e719a7cd30000a06effe0ad119ead20b
bb290620d00e18d30e13a300db0b121b0d1ee5d32020ec0beaf227bf37ebc602
f1430e40e4ca43c42717dc0dea1f57334c24119f274fe310a80021dcfa19c4ed
cf22fe03292b1114e0fe370de40933f51b0ae2f2fb172b0efc0b11fa34f5fc0a
c456e910e62f2e12e8f3cd1b0138def8193800bff4132511ed0a14380eceda04
ef26e501e4e82a3af1d6d039b82612e8d4121ac9e729f631d40225f6fdf0b512
da08d808b6dc1e10fad9f438de0ef4cad6fdd5d2da0f1e1ffa052afd20d70dd3
cdeefc0cfb0ff51708edd00cb603c2fde7ed21cbf00d0b22f9f815abdeddd8f8
e840fa0010ba244bf7ffb803f619f005192613fb07123d0913f70acc35e82117
c834f312fa211032e6ed9838f11ea9f0fb1b03e8ff1d2f1dd9fb3aeaf8baa208
c425eb1bc9f61322edc7a51df92030ccdd18edc9ea14241ce30237eaf1d7ef03
d41d02fae0c0161e06c10312db1544add800f6d9d3113af4eef51dec04f9e00a
1c04fb0917fc111c06e4cf08ae1842e1f7fef2d7dd1703fb0904270014ddcc03
fe33f71be4111a4218dadefbe713fbd9fb2ffc04f8f81811e2f702fdfee00d30
ba31ee08d007253f12f3a50e0d249ee6e00fe2f2f9f82513ceeef8efe0c3d615
e00ccbfae2e0f82a1fd20851f501bfbed401eec0cbed1623e7fa1ffcbdaae426
ee110cf6de35102908c83c2abd0de0bcdd18f7aacf133a1af8f71bb2e3facd20
e515ee0fbec70f3f05e2002605210ae1f9090b07e6041b012c101dc629efedd3
15f90d110ff40d3611f532ffde019502f91d1eeef2061122dcf0d4f9f9e32809
e61c0104bb202c422315e717ec1b22fdf2fb7605060cff0bed04d326e7efb81b
de28141bacfd19181be63617db2508ddff3406f0f50509f0f200ed08d2fb3108
ec0f1119e52f0f0d00da0b29f4190bf00f1621c9fbf718f306f808d9e8fce201
e6080508b6270b4b0ff72914051439fffc0e15e9f9fb270bf2fb1be8f1e1fa17
e310f514c1fa00c1fb02deec000322face2224dee5f2160ed6edcec029f0070f
eef7f30401c40dda1befbb1b03114c09241405efe80af2381812cfed1adfc212
d11bf817123c270b27e1e949f210fce10514eaa5e90fee230c04e5f7dfeffb0b
de20eb13fdc6f8191bcfaf30eff4a8e9fe180d93f501ec02c4fdf3dac2c0c11f
f8f0ecfba2bdf6301f00d6f40bf9daf5defcf1b901d4d80dc1d83aeec9c92717
16bed0c0ebb4dcea81d3b8bb0dd4b0ebf1da0ab903c8f581ab15b5e8d0c1fa85
d6c5f0f5f618dbedb1f6acdfe904bafe09f203cf03eb19c8da0b0930f2e5f5ae
24b4eef3fb18dfe0e4e51724bbefcecb0cdf13f7edde08f20400eec4f9fcecf2
c2cff1e2c9aae5baeb00cb17dbe8e2f42ade06d7dbd5efe8ff0de0edec0025e2
ceb0f7e42831d9d1cce401f4abd7ebfafdd7039feac7d4e4e80aac2ff5e739cb
11ecfcdad525dd12c0dcb9c0ddde92fbefe70bd9e8e311b2df0dd2b4e8f4b2d8
dade08e4e021dceeef0037f6eaf5900403ddf9fbfde1fdb9d902fdc2eff0bce6
05d809d21814eaedd00918f4ade42deb11ed1af710deecf202fa009deef0f800
81d40cd91eefebc9e30306d6edf3d4001ae2189af3d706dd0706e0afe721f4e0
1cd9fed7ffc3f1e0d906e7e8d4f4c6040ded07d1f9dae7d50a0abcf4ea00c1df
dbcb05d21dd7caf4eae544ca1ec6f9f6f1d4fdcfe3cf2ee2f001c00304091fe2
deea07e6e9d9daeee0f8ad0919facdeff6e803dcf4ec13d0fcfcf405ff0c1cd6
a8dc08c71c05e9d9c70c0ad3b4f409e815f910040ed7fcd5080e0ab8e8f9a7c3
dee0fdd80c2701d1f6f72cd7b3f0b7ed12e0d201f6eef4cafc00f7d2fc0dbed6
12eaf9d60d34ef10bdec97ccf3e9aef0f9cffe10f2cd07ca1afdfc13fa06efd5
d9e807f3d42efddbedeeb3e110df360e080bd7cff5e84bfe00ffe2321108cfda
e60e1cf2fb25fbe0f8fa30ea31fed70c0a03e2fffdf822df0102fb1ae01adfc5
d0e51ad1ec1506d704f8f2eef2fc1eff03f7f3cc07e60beb05070bcbda01f9cb
ddec07d715d703caef02df14baecb20c00f6fbe000eef5f5eff81134f714bbc4
18daede0ec1af2e2c9fef8d6e6e7e2f805e3e02108d420c1150213b3e4fb0fb2
39b0ede715a6e3d8bef942cbfdbfbd0512d5c4c6eec930c60a0deea80dd8b4be
c5e605e938f3eac4e00948db26e2cf0df2e9f6e5fbe815c7000ef0cee9f4e2d0
fbe1ffce2c1de1ce0c06edf6dadb2604e6d1dbdaecdfead914050000e1f004da
28d7f4cca8dbe9dfee11efed11e1ba1bf2ddf510e9ddf9cf10f606a4ced841a0
06aed1c9d2cfe2debafb16a803d7e0f3fec4092dfabe0f9c1ffe1092c8c82d81
f03f1a28030013e5fd96ab18d71ae8b4d12e56e7c529e604bbfaebc71521e003
fde12704e8c0f0ed15c62c01efff09d9b3e627edebea22e5bff2f1e6f8180c01
05e612eda5d009fdeba8b912daedf8bea8ecf6f1d5f6e21ddceb15aef60ef501
ea04f7f8b20c0ce0fea519ebb70227afc3e406ddc60bbc0ffdf916f8ec0c0d09
f606e6f4a7d413ecd8b032b0a312ac99c00756c8c509bcdfffeac508f605cef9
eff813f6a7dbfff0f9d5def0d0f1bedbdefb32f9e50518fadaf0fcdeff06fdfd
e20b39fee7c110d4dac709f3d208faccd7061deaf0003ff0f0f82ec90035fbda
eaff2ffbcdc8fce7d0befe05e80732c9e90afffddb0834fcd71221b2e12afdeb
bf091f043302f0dbe2e69efcbbfdb1e7f6fcd8d6ec03fa00f10f1a20e7111013
e1ecfbeb211802f2e8e2b6e4cf0699daddf6faf1e104d8e209f802bbf50ceadc
fbf700fff6eff3ede9b4bce50f02c6c8e201e800c20438f5eeef07f71715e2f4
fd06070ad60a12e9d4e143f62b120ecaee12fde4e1fa3ee2e90c13e90e3114d3
e80d14f3d1ecf5f9daa91108e4062898ed03f0edac0543d7ea091226f81bcae8
d6101d0cf9c7ffe3e3cccb09e00fb3d2dc01d4cddc140cd1e9ff1437fb1df8e1
22eaf3e81b31f308dcc60701c5f3d6bbdee110cdd3eefbf407f10c1807f80cdd
2d0402f3bc1b08f6cdcde8d2d603bfc2f10d29d8c30b32e4daf70ae50d0f24e8
d8001cfd070c04e4e6f539cbf81137d61105e4f8f7fc17fcef0919f7d120cfe4
d6eb1c05bf0407fdfbd844c7f8f7b9cb0a0af2e1da02240bf6f2f78abc0bc3e5
f3d916fa03fffff501e93beb15eef4e8fffb28a2fafa16ddddf71994d902c4de
1ff8f0fb02c60a0ae5dab7d1d80249dde9143aa5e30012fee4000914ef09d3f8
f3feefe91eb521f0d6a819c7f129d7aadb14fae1b80a1cd70cfcd30e08fb0fd3
d0ea0ae62be2fbf70cc9dcd8f007b7baf5fbf900daeb2bfe12f6fc83e6f5d602
f6dafdf5badaeddc15baddf2e2d293baf7f110cdd6f817fd0cdd09e1d8d3e91b
09ed0c0bf30003e51fd25107e1f4adb8cd0c1ad3be190bfadef824a7f6fffe0e
10e300f6cebc09f801aeedd2d0f9bca3c5013c03cefbfde2eb15f8dee70ebde8
ed91f4bff601ceeef202eff4cfa328fe18ae02e701c5e011d80ee5deb80ce90a
dabd19daef18e3fb04131ee4cbc4be06fee3020309c2feebdcf9dcf8bd213311
c6d510e6fa11f4ef0c26c40302e7370fd5eef7ff1ce6a6d0f6f5ff3dc103d116
bedb0efabcd6f9fef00b511704ea2a0de206f3f613ffcbdf101118aeb104a9fe
fa87f9ccb2dbc8f4e9f4fa0919c6b7cab9b21decefcaba03f300ff19c6e7e8fb
bceefdf70cd0ff0206110111c0c7dc2419e2e7ea15edd7f8e0fcc6bc8af4b7ff
d8d320d72a38db1eef29dfe2cad4d629e7cf130113cae1fbfde9ddf4ac009b07
f0ba1bddc0bdebfdf20af7e1f8ea2921c8e1d90f08dbc4d417e3eb00c4e5f303
f9f018eaddcaf20ee80b12f4d3ecd624faffefe215fccbe30ee0f9d6c4f4ca08
fccf08f4b711e8f7eef30f10e9f1b7ea00f9d9010001c7c9e1dc13f3d8eda7eb
f8e50bdced29f3fe0cf0d017d1e41feddfdd0fdeffd4a2d1eb091dff9af30316
eae51ee20ef3da28f618f9fa09e0c100e1ea2ef0fecde2e902ec06c7aae40c1e
11ac18d206c6d303f905e0dde1e601eff7dbc5e800dcf8f50ef2d2cee7d81701
09a210bda1d6d20b00ffb6fae5dfe812d8e3e1e6fcd00ce607d5ebedcee0df09
f4db14d72333ef000716b501f9014805eaed11edfcdff2c2f3e4fe03c10cda05
dbde15eab7c6dd01fefcda27c8f50a0e00ecb4f7f7dfb6e90d1a200eb8f4d921
14190d07e4d4110af118c500f7fee308f1f3d9de14f1c0e105ed1addee26cd03
08c915ceda0ed9181d1a4115d6cfde22fbca1beb10e38aca13d8ea1fc1e8e61e
f6aa09e1b9d9cf2b041bfc17f9e6a82df0e2c1f818c7e5cef3fdc6e2e4f90f10
e4b2fbd6bbbdca0f0a061d2419f6c01803ceb40612c913d4f2ebe5f1f0132802
c3b009b3bbb9bc1109dbac24f8d4b11105ac0ef4e1b8d1e700051ca196ebd805
e1f7ffe52d33e9fa0eed131ddfd41cfbe6d92aeff4c8f7faccd0f3baf016dafe
0de1fff5cce6f40d0b0bce270ce80a0cede723fe0ae2f6cfcbe0f7cbd028ad1d
e5db10082cd1ee0b03171c1c12e39f2b22eacddf02d5c8cda4e9bc07ca1e0800
e1a7fbc21429a4010dfdb70ed9be0c0cd8ba9cfa07ae05d9b2eac63aed05d0f5
c8cef8f90ebce80903fcb5f4c9c98b2514ebf0fb0eda1f181102f5b221e11504
d40c1205dfb80ef4f8f90c06e6f6a1fb10f812e11a0e17460cf83f3238ffdf01
d50d040d2bc5fc0902ef2518f6fc0a06040d2aeef71c17fd1e010d001efb1f0a
3df617fdef30fa1a0012f5f202faa31914f6dde4ff04fd061a0a3b451de2dd27
d703df01dcc2020ae5130f15c911f112131aade40afaac0c1a091fff0adef0e0
f0e3faf5e23af20102f2b419f0f0c101ebf4d1a413f4150017063939d4041703
02b009cd2a2bdd071aeb371205c5bf02ebd104e71cdc230dfdfd0230eae4a907
f3d51dfdbc33eb190b022d1bd00bd2000302cce6dff70f1f0a05e01f07ecc1f8
08f70a02e7c9e1ebf11cfd1ce8f0e10afe0600e8f0090616101112b12311a5dc
c4eae5f53104d50306fc9a0911e4acf711f8eae9f6e1ec18ea1c03e0f6de29ee
11c8f2ef06f2ff2b03fe0342d3fa16f8e5fee4cb0dede8e9200528fbd91509e8
3fd611d9050eff070205a01404eba4f9e10216ef02f2fe02f8f9e3bbeb0ae9e9
e8271936901e3defe5d59cdcd644accf833ec0e5df42f32c0a81a0cc11ff9eee
f508f21fd4f50ebff5df0af7f202fedd9e16facde707f7161ac5f7df1c0caede
d1b7f813003ee3eb14f801fddcc2de0be103e2a806e0e4fde404e502da140e18
f304eefc1b08fe1e05fcbf15dc15f112130ecbedfae1d3fe2f1504b2eae7b30e
2ce7fd07d53503f21303f51cd7eb90062d05db24091bd703f7fc0aedff0e01f5
cfe70b0ecae0ebd70d050113fcee2f01efedf80ef606fdf606e2e1f103dec4fd
d5d5f8fec2b6e8f5ff0fc8ed05ebe408e4f236fe0bf1e4f72c0001ea191af4f7
d6f3e8fe21beeddf0505db18d7e7c7fd1ae9fcdb1beb16fcef16c7d715f237e2
17050c1e1613ff14f10a9d13f307f01d0af73b1605f3c20b2315e8b802f49411
27eef70af41103100604fe0ef5f8d4f2160be6020bfcf12edbfa1ad605e6d2ed
ccd1f929b1eb07070806c913c0e5e1f60301e50ee806c6eae215ee470ffec3ff
d6c609200926f208151319f6b8e8cd0508ecb3ff16dce4fdee0b1c12250fb60d
dee6f3f4f214ccf10cf04924bfc9f40c1fe411f80ee50e12b616d2392ef6e5fd
df1cf2f8e82dfd20fbeb3322f0ee20fc0ffe201900ee2944f0e904130aeb0511
b3220400b8b5ff2305f52047080939f5e613fbe2000d141c11e60f32f9063413
b42303051713f22704ff30fbfb08e2f7effaeffce610f3e10a03f6b4da0d3ff8
d3f1f2f120260650fbf004fdf6ec91e2edecd8d8f8f5de08260711ce20e6e121
f2c1db04c222f12ee202d60ef3db0bf7dce8def111f5b92122feface27fcb406
cb1afd28abea101807e21710bd25f5f3db0eda280101083a03fce9ee2aed4300
a9070322d8d7e5f91cf8bbf9bafffcfa0105ece90e051314fb04e81ae7f9ee17
dc16060cc91000fb10f8201ade123a121bf6c1c2f1f3060ffc05f6c3c4e52d13
aefe171fbfe5fd160bf3e90efcff16fc0cfee5e7faf5f019e50d151b10e6ca0d
d11bf62cbe1f1b1df2f9e1f4c0f9a2f4e5edc4e7fe0de62c0902dbc51715340f
ea1afb1ac7c81a0e10d7b312e411addcea191afef00700361814010ad8cbcbfe
1419fc0f11ee04fafb1293def6033202ee1023d21201cf040df3e791c4c14afa
dd52093ca6073efc0a082de6003611ffce33ccd7111fd01010b1a7beece9c2eb
fc02ea19ae0708fe11ff2617f6100ff4ff12c5e20bf3fb021cfb1bdae1c9ca1d
ef3a2a402ff81a0d05e4e60ee215ffe0d91cebaef515093f1b020f4600eccc19
d42ef613c13123fdf4f04006d327a5daff1e03b3da01d3161306f6c11ae13e1f
c920fa16e91613e8f005f1f7dcf4dd0612f405eae8fec21304f9dec1e9d00df5
da120123eee91611eb151ffc0f0ea223e11707e5121ce41d09c8d50dc8cabffb
b210e9080d2f001af901d5e5b507aa17f2f4278cfaee081929f21df1cfc02614
df10f746d73b220df3f337fdf31be9ebbf074ad106ff072f17ebeffa0bda3efd
1a0be80cf331121de0fb45f6a0131b111900f031fef00e2115fb10fef6f50e1a
141b0f1ee20a180de700c5eaeb09430d19f81537160de91106ea1f9a050b07f9
dcfa0c1aae2c083ce9e3ecead8022201ed0eca0b13ede314e8f2eff9faf41c16
e4fa091e1d11f033f5de0dfaf0fbf706fe03b1e515f24a1e0202ff1e1ddc26fa
f51dfaf2b3eef528eef90b1bfdff10ffe803d5d719f94f28beeddd930bf308d9
d9ed0dfbbc3608dbf6184107f7f41e114308f4e40402b4f40205f9edd9e3bc12
f5f51eefedd404cdf80c36f814f93222361bd0010515fff2ff0d17c6000c31f9
f61236cfc9c0f7cc2234fde6f2f9124d0919f8f54bf313f8fbe8ff299d14a237
2fcb18f21ad0f9efe41a3ef309f30d13090c24ee1ef9e52ff7071c30fdf0b527
04e11124cf041ec2ee182cf9ce16132eeee7d3e83202b832ea09e5ffdfd9ec02
26e60a05f127d5dbfd25e5d409e6db2608e1d9001a0bfe05e7fc2fbbfff31f20
e2061ae7d727dfd2f0f2c0d9e1df10020ed919eceee7f6fadd080a22deef082f
f3032605fb1100d911b10cfa131207b9acfbc3e5c8fdfe2df4d5c8dd8617d0fb
39d10aea1ed5ded8110abbd11fc8d6eee7c9b31b09dd0d10ea04f9f1ef12a603
f7ef22efd31006f711404fee0ee5a12bdebcf5ea340216f4e60cbfd8e902acee
35f521e90dcf06fa1130e0d7ebdca2101d1a23da1ffcb720eb0f1e40e2e43130
06df19e02bd3f2cf09fff7cdccd7e4f703f100ece3e2bcdeee0c150bc9e61937
c9e31f1ed6c704ed0ca1fef00918c9a48710c0eca11de20c18a2c41b090c28e7
edd6f3de25d7c9e6fe100fdc19c7fbf9f5e496fce5bcfdef1cfde0f2ccf4f21d
b3db1ceff809ecf9fc41c4ef0fced921e90807e82be9161b280ef8ec9eddc526
030022f211cbffef121a11f3c8ffda0319012509f7fef8f50c050f07dedbbfff
4d04251bcc31fbeb0cf8acd30fdab210f4011719fe17bb1605e9f0fd01ec3703
e8d706efde0ae1ddec09faabfbe51f1007e5b609ddfa37eb14f2efbcdedde6dc
abd800ebbffacfdf0d22f2dafde3da060cdec7e6ffd72aea03fbd635d7e8d00b
d3dc20fdf417e3ca101bd70824e4450d13ec23134def2f0ceaf201baceeade08
0c050fddc7d2f5081c03210defe845f710080025ffe90cfcfe0522f4e8b6bf01
fbf80cdff7e6ebec28083d0ef0cef2052bf318f2fae3d2fee9fffc44d5e1fff2
e40617de2aedf3e6072e18e715e5a73d49f6dcef3de2d40fcf1207b0dc010514
ce11fdefd40f02f919f4fb02cef310063a00dce51a063020e81c01c5d5f11618
183626ecc3d302f01ef63627f1e409211e36c2fd230e110fa6172219f9fdc4e5
d3240b170c4015f621faf32cf51cc4e6dd2fdd1d060d072509dff9d81729b620
e304eef80ab60a0f06e6e510aa01f7ebfe0321dcff08fd2205e80b3f2113fbfe
e7eff619bd24f7f0f4f307fc0efcc9080df3e41302f1fa230b04e70e10fb1df5
d8f3020ee238eaf504ddbef9deda290cf5decad000efe80c0a2401d3ce08cf17
b3e3ebfdf014efd0031bb6f8d5f0d4ecd4f5d6fc00edda09090a36abec1efdff
c0080019e1db090204f5c134c825a408e52531fcfc0310fafde90f07000fdf07
c00dcf141afc0201f703f014d615c80dfc0612eafc0e1e0b17f2f2fef8f62ff8
c8fcdcfddabdfc04f0fc32ebebfce41d15fa1e0719eefc1313f7d30aece409f0
e0d808e524c7cedc0007ecfbb5e61b2b0be1bcc9f9da09f1ea01e7b8c5f00613
c2fc0dfb13d300e30b200bec03f8520bf3f322d4f2fc1308e6160820cf113a18
e8feeb02172d04fc0bda4f20aff31e010905d0ebe0ff030e14f4ec22150db223
f6f6d2ed22b8ed4006f9be28d90946edf9fcf4f0f50af5f609f0bc030efad405
e510f50eaae410100ecba310d928abde012916dcd72ff3fdc7f3fe1aa9d1132a
f0f9f0defabaf6e6fe0ad11dd000c40718ede1f0e9ea23eafd10e9dfd0e01ef4
ac160514f1f2fd02192c1ffcbc0edc01ef06d1c2080c6223eef324d90517c216
e206fa0ebfc1090dfde71d09f30a17fbd407a7daddf8db1e0bfa09e83704230d
c403fd0cafd9142208f9031ef6fa22e5cffef9ea0619f32ddef7ff1303ddff13
2305f30ccf2af9020becd813fc1bcdedf408dae5f50c0707f00901d0f2c5a02b
be3df0131ec5270f0b0d162b0535ebe70236e9fbef16e5051dff101804fea313
f01cf30cf4dd0c1115002506cadf42dcdf18f50aea003610faecffe3210b1eff
ca150203a6de0f2006e6ba00bc0f2dfbe50a9527d6230d3a15e616292a33cc1a
0e1ffb12f318133d0f03ba04c0f9b518d30ccdef000c014d00ea120e1a0dee19
de2bf422d5f30a1cf70d39f5e91608f8d1382ccbf715f94407eb081024100b24
d73afd3120be2d3705f6120cf21bdfe3d440f922051aeb0de4d9e646fb0fdd05
dc4a113f05de20202005ae15da1222dbbe2fd9eeea214624cbd3fb040c28d10f
e216f81de02117f710c42af1df113ed8cd0409e5d8043a25f80de0f5ff0d090b
d8470e29eb29370322ead92ad827abe1dd4be0e30b22dae700ebf9c0e02fed09
df031c10fb2411dd0ce9d018c80d9ad1c006ebed0d07d3c00eeae8b70221cb11
d40cf820eb122009f6d0cc13d10540cce9f8dde51605cdf00a05f3e6ff08fe0f
1037fe3ff9f32e0e00c9fa27c211e4a5c412f508e534d210eecf112bed4027ee
ec100d19eae720df13d14201eb0221fdd919f9efdceff711f1f30949cdece72e
f205fa01f102140a0ac2171ad200ebf5f019e9cecd12cbe504fcdcdbf6faeddf
e201f604c326f21102d12404e2fafdddf5f71ed7de0ce1e30f03de45de0302fd
0c15ff112b32121501d92d230b1952dc160804cef4f4cc05fc0ee4d0eaf7d825
e327041df20616f905f1d0160517decdf003f0c5f319edffd9f30ac32afa3a09
d4f301ed2ffbebc905e39ef807da2a05eaf9dbf2f2d0fadcec0417b396cffd32
c50013f718f8fc0519c2e61fcff9f2c1c7ffb9bce50903e518fc070ad3ce1733
e5f30ae5b9f1f42c16cc37eae0072c91d2fabbdacd2707fd1c161aeecce22938
f50012f4d01a0601fbd8c5e3d019f9bc0f05c8b7be06e9e4040df837cf171422
dc140b160d1124f90a0b2b1409201dd7ca1b0fd7e312e1dbd6ed07faed160b02
d5e3fbe70609f1bcf6c8a0e700ee45021fe003eceeede6b7062050f48dd3f128
d4e7f4f5f9d6ecdcf0ab02eed703d0e01de4b4cdd4fa10c4f3ed2539cbe7b01a
13f51befed0bedf10cbcc421daef03a2f50dacfbea0b00ee17f029ffa6ead62f
e8131907df1c0a0126e8e202e024fcc8101dabf7d10bfbe1160217f1bf04e220
e4250f3228c328f81fe2462be828d7cceb30edfbd825e2e4d9dc1bf5d828f00c
d1c6efc21c2adfdae1e200dffcebf9fee7d8caf9d8bee4b70bfe372697cba7f0
21e8fddffb3bf2dff6d5d70dc4febaeef7f81dd3c8e309afeefe3b30af040008
21fd21e0fa29f0f91cd80a2bf90cacf01af1e9dddb06d8bf0f141fc0cf04aa35
0514fb05c0d2f7f22ef1fb320704cb041ceea20eeb0deade14031bb5210306f4
2133090ad5030ce51cf3e631e83423e7d129a1eadb290002cada1147333cdce1
ba3e0833e43339ea1d363919ce4238240b3df6e63f56cff7eaf3f1f6074dc86a
a218f50cd72216f4f93322f0b41ac93b2113c7d73314cf09e1f0dae4321d3d30
be3e0915f7312aec071e05d4d929a839104114e71823da05ebebd5ce2814cff8
db3fff2c1ad233e8241ca1001034cb22164cffbdfd26161d0e02fdaa000f080c
c00c0523c91c23e5232c3a05de0d3625150904ab040df802fa12e5d20f11e517
c3291126b7ca27fbf52f1e0cd831b7262332bfed2d3af41e19f8fb2dea212329
c1f2edffd3f01d0de40035f3c80fe7082e1428dbf70cf31a0d02e5022206021e
adfe0306d3280adff6ed3fe2db24f7142c1332f5fc20e70ff0fbd9b7fb2614de
f20bfe0912e60af71afff602d5f6bf040113facef81fe7241914f60c1208b3e8
d010e815ee3515e821000cf7b313040af610e4bde92ee51b0819d6a42cfde104
ba250630092826e9fc1827fec93a081bd42ce2e30827e92918e70301281bcdfc
db0607fb1c2e00ed0c0ef10cc4031cfb160331ecf90aedf20913cecef5f73514
e33d082b291c32e9f90246080f42f411095151170c40b6ef0614eac01e19e102
e122041a1af61003f3154bead8139f14fd11b5201a3d0a0516f7111d131721fb
e618dbfaf0e812f4f50dedc5cf1105fefefaf8f8fb0d1fff01eb0f18fe03d10b
be45fc3ae4042ce5ec2e2d07f93f05150d2bdad81443dc26e7f4bcff122ad70d
efff0c0d1d340807071b2607c306e61702fe08bc0308f517140fc616f703ee18
c7fcf0fdc5db0dcf01220503d10ebe1d010667f5fe09e4041ef413ee11063feb
ddeef6eee1f700e81af8ee11e9efa805e20fc3f4ff0200e415e6dccd08f8c5fe
ce18eb0dbd130dfa0df5e2dcd122b0fa0d07f627f4fc0ffc18e8e5ae04ef16ef
e6570b250d293fd11a41001bf739ab300d4630f82051c402dffcbdef1e28ff0c
c11e0f1ac8311a06143106f5d3144a16f1182cca1d16c90a0405a4df3d16aaed
fd26d817bf3034e70825b815fa17fe0def0e0fcb10351511ffe5e4015909dbf5
c810f3f115d72de2f820ca2ad5214403f82e0103032411f316ecdd153503b613
b026f6febf1110ed021ecbe30023da05fefa06f50701fbfe17f30e33f4ecd809
c5f2110bcbc516fc14e3d10fd00619f81f121ad7070fb3e3fa0becf3ed0fdd16
f5f501ebb9d90cfe02e9de17baf1f3f5270403e8f310fcf2f90cf8d0ff1104ef
f0210117d7b508e800e43d1dd309e4ee2205fce901010ce1031af31713fdf4fb
fbf2e3f22b15e7def6e54808faf615ec27eaccd4fef3d0c70f16020cf0fb0a14
d40fe3f6ba3c13f0eeeec92ccf1ef7d42c0fe0f3f608e7ddff2002b8e8f7eb0a
d2160e120f3a07f524dbbe03d1029d041015f9d2f609d3dde208fdb1f3f9e91c
161911fd21043024fecc1219f119cff31e2323f4e721bcfb08fc09101b03e9f1
e80b030df0d02725f4eaa4f6ea23d8e70f1ee6cfe61efc03f1061d37e2fbefee
e3d7f2eae0fad8fdfce221faeaf11fe511dd17e3f4f0f50606fee82fe1efcdde
f500fef6d513020f08fda7fbddfdb8d917f3f5c5ee1514f5f304053daef599fc
122b090b0bce301107c4e2feda14b2f00128ebe8e117a8e9f8f918f7e6072d18
cb191b11c9c92a0c1ed8af21fe154ee61f2601f6f123e7eaf8f1f3cdc9fb2b10
f40b1a28f31424fc05c3dd07bc14a5e0e21cd8c7cc3e0becf9e000c5e3010cff
bafff70ff7ea1df11aea1212121521e0fbfef9d1f214e2e7fee929f5160cd8ff
b1f70d0b14e9fdf41ff9f117bdefd6ca0316e9e3050c19fc05032918050ced23
e535f417de2d161508f3ab09ff31fff6f020e804f611a0f51306f3b4e00e1d15
f503f42eb9e216272dfd101f001024fd1407db0b080ec415efe90aafeaf81a02
130f0f120d052f1613ea022fd70ff407101bc4e7eb2dc3f803eef2daf5efdafb
cb2df90e09f1120d18f4d91bfb193dfcf83ee1f5e826d7eee7e823fd1705ff03
ac3a0b2ad3e529ed1400f23518154005ff1bd4dffe30141dfef920db0a03e40b
f3063701e4f508e915da3618b717c8dcdc340c17f11fdb122cdd011fd723bc04
23400b1ceaef29fb03f6d80cf72c12e3f63a3b1aed40e32c02f0ee04f831fd0e
d43c0e3d19e7362809db221fdb32bad6e3482acdd05edff0e7f7ead92e38ffe3
030ffe34ef0d18091bd93825082545e9e01f05f3eb22d003d4e30ce90a18beeb
a042112eb33a1eea24fc1428da2dddfded27cae2ee2be009e6f12036101adc06
d2000bfe1b2112cc260cf6d3edfad80c1cf40bd80004caf2ce03b6103709d20c
dd2402151ec10fe613fa2afae6021802020c27e7f807cbfbe121c301431db00c
eb3c012fc73728f326fc9e19084411e20b2df0dbe71ec204fc1ddd35491ed408
fb11ff2119df1efa0204f70c1007ba0b0200e6d80114c2062d03f7d6260f23e7
11272217bfea21151a13ce130c31d11fe03316d6171cb61a05f31931ff3004f8
d201fbf0d926e9f60bfbcae8b4ebabf813e6fbd5fffcc4fced10bdfce2011908
1c09f3ecfec6f7e9fcf73ae7cae71c0205f228e8fafde7de0c18cae8070dfcf2
e710fdf4f10afbd8050bdcf3e50b3f0213fe39c50a01cde61009e7c51c1c98f7
e61106002f051403ea21c5fcf709c012022109e0030da5f80f023bc2e21407f1
e51d2108d4ba1fdb1f0f152908322b0a042e16e90f28b012dff413c2d907480f
e3e90600dbc905dc0125cdf8d0e92112faf6f5d407fcb2f9050cf8cef2e7131a
23edeeed1e23e1ceeb2fb4e3d8e3af3d2be0ceeb27e9e1ee1307020514f1fffd
f3ec0efaf402f1c3fb43e4d4fa07f63b38f1f2cf44f0d0d406f3d7d41c201ef6
f3120902f7e112da0314bbffd503df200d0bf7e5061cefeee60d0b0ccb0c240f
f81c1c05251e2bb4190f0f0c1c222a17f81414c5052ab600d6fcfd11d00ba21d
c11716220cb71cd810f4f303d00e1decf826feddf30fb1f303020fdffdfbc818
eef9f0fa1710f8de0814f1f6e602242307e7c8df140acfd7060905f42d00da0a
f306f80afccfffe7f71f3ef1d9f6d01f140100e62e01e6da03f6fc042318bb0a
c52e2019a2df12fb0af12bfdf2290a00f923daf0fe20f7ef160d090311111410
b21729fee202fdd8160f50020f032014050dc4a50813d5f1fbeafbf9eb03bc2d
d8142418cbcd1ac31e15d605c60bd8effc29fdf20927e4e106ebe1c61718a833
dc1a031bc8c720ca09fdd01f041fcb0b06400505ff41f1ba04fedbd7372a040a
e0310c45e40644b8f10223fcf73fd8050535d30efc40eaeaffeffbd65150ed07
f12f0b00ede412d423244111d018d513f31bb1db0a0df4020ff036dd57453411
fb4b31321a0131f83624b225f749b70de136d4db07350303d3ccfe032644d82f
1a0e1c1435b523fbf1d60510ca1bf9e7101223e4ee17d11b0608dd2d0d0ffc14
e219e0130af318e0d8e8f1e6f1090bfa230a1dd2ef1df313fb1aeab7fd00cfd1
e132e71adaa412f4f9efbbd8c920d7fe2d1a1ad6f934da18141814aa01e69ed9
c4610a0cd60e21111701a3f5b924c9150d31f5f315399917fa07402efffbf7e9
dc45051acd2d241804d641ccbe1db2f7f23821d3f40db614d4fb0bd6cbbab3f4
eefb021221220a0df8e9f21403074e030c05bbd5f415eff3fe0d18440bfc9bf5
fb00ec1018eaf204edfa18e998f1e80411fdd3cdf3fbdee80006fe231beff1c6
cf18fd022709031404fb1a00cd082c0e0d0cf8cb031bacdcfb0ae5d20300a8e0
eb310de6c1c4f82a1ef62ffbb0da00f80519c0c4f402b906fae0e11ff0f2f310
200d05f5dff7fd07d6fe30aee1efc21f0418e5ddf2decf09dde0ed2ee6d318f6
c1f1e90b1e0bf013ef06c405dbfcec0d12fcebf4f012f819f30814b211e9d7d6
b6f0d3f706f8d31ad721c6edc8e72c171ae2edd00bf8d8e4fb100eab11f3b5b1
c920080a40d10f09f71c2314d1202f0c0d18eab71e108fd8eb18093910febbf6
ef1b1dfbdfe20e540fcc2f15b91911d6e51fe6dafbeed126f0f709cac6e8c624
ea1e06fdd0ceea22e9f1acefb4e94614152de3ba02fae046f8f63af5dcd6f9ff
c90bf2fa32d0ff0ef1003200ed0cca0afb002006ed0c070a1012febbfafa81ed
c6f2f20fe40b0409ca198ed0b80f1e1b0bfad4fff803faec160a1ab2f5f4adbe
de0ef1150b300816d803e7f5c81e9e150f0bdcbe0ff886ee0f03ea1a0800f7b5
b8ed1908c2fbfc37eed4ccf5d81bc4d0e622d1c3f7c4d421d8e3030df501ec06
c133f612d0f30129e9ee12dfc91212161316e1e80ae90a51f9ea36af02e5b8f1
0305f7dcf70bd6f0f0e8b5dadfdf31f9efdec716dacffc0e20fff80bcdd785fd
111cfd1f1e1b1cc8dffbf5cfc30c5a14070fe5e4d311d80e0b030742f704e0e5
fb181237ee191107f005c5d60d1eaf001814e7d0fafa990beffe18eecf0ec0ca
1c03012b27ce1f4edc07b6d0cb2d2feefb34ffc70ee6ba29a0f6163da50ee3d8
e33e094404d83446bdffb1d7ee3aa51b0d31fada1106194dc3ea12c1def018bf
e11a04f1ea2a09f718e5f1f0f51cccf6070219eef6fd14080bf206c3d401de18
fe01f8fa0d26ee0711d5d119b90629e2f0f9ecdcd8fbea02fc010a332907f509
ec110923d615feff03bc020bd0072cd7cb0de4b9d4fc9fda10f9130b390c2514
c5f801141cf5f4fb0ae7c213f7f9afec0f0324f5f214b90001152fee091a290e
f62916420fca30d816ee142b0229b9dfd5311106e821d4360afb1510343c0e19
e42a0cfc232102e10dd83be9af1dcb070a182fdbdafcf70f0805fcc0e7f9bf18
d02e130c06bc1d0c03d2c9f9d327c1e6ff0d49e7da11f11ff716e90a241535e3
1efaff19fafe010cfcebe1f6ed1fe3ebe82213e0e00cf8fa00f5012100039a0a
ff28121d2ada0dedf5ec0ef3ee1f22f11a3535e3ef13d8eceefdf32a0618f10a
e857283d16ca38e70efad725cf3342e9f7361ed2e63aed11e500152d1b23cb01
d22107fb2bc60ee810002e06fbffab24ec1037e1ecfae9fa18f90a3de903062a
01151af322f81dd303dc3c0cdf28cadad82135c4db33e90105fdd2e70a0d32ed
e52c10160cf941d3fbdeb8e4ff43b6bbd43d0cb9e453de13f2ee07301023e808
f7f90d0eac2e07fc0bfdb1f41c07c4fada140bf8fb17f21c09f8fede0b032a1c
f1452a270f0330181df2d319171f9ececc290deccf27fd13f2ff3ed8f510032d
f7110a1fe1e006e50bfcdae9fc15ef1e071cdde1f2f1dc10030114efccfd0a26
f813151db2030ee5e3d8fcf4cb2429f2f220c6dcfc07effbfff9e2fbfef9dd0c
ab1c12fbc4f10bdee0eebed0e5182ae7ca1c07bdd81bdc0b18f91bf6f9151009
d1220405292918f300181fe4e80df8f308290407f720e004210e19e70c23d019
d9211d3405de2c0822ff0a0edc1731c9da24fa32d51d091f2df329fb00170e24
d23a0f0bd2f418f312df190feb3543170928dfe8e50f1bfcf40520dcaf25d330
05302116132f161008f60505bd234311e82be2eef61de0fbf2fcf6b51420ad0b
f81c201e10070a020b0ab3f7ed25fdfed525d4e3ec2408f1080a11230512102a
e73f112ee1010cfb141aab20f224c100ff40f5eefc1a16010dfd0b041718ad10
cc560c1726213a021f02b312f416cdc0ce17e3d6d2245a2c18e8242519230d2d
e06bfd48e62948e41600e115f15ac7eff04717ec0854de18e40d90d11239ab23
0033f82620e61e0e190af60df11a2e0bfd0711c5ff25d8f4d502b438352acf06
ef4e0431dfe132ef08060008ca2c3d06da38f7ca0136e9fbecf9dfbc3f190df2
c62bf535e7371de8021100ffe319fffbd225f5d3ff179ef50e080f3b4505d6d9
ef0ef44015c422f0e108f1f2e3100e08e82af8d5092aac09fe00edb95c2704b4
d81b0211e2d319fe002adbfdc00e3d100402ebd40e10b325d9f7aa47dd0be005
d62c0521e6e2140b1c08ab16e71bedf9e81613edf424eef6c609b93a0a281921
e8230916bcd108ef0cfe1b11e3079f0df6251eda091df3f6fc1201390efcbdfc
e72200121c0812090114be05db0e0909f80fefd81326efd4ed151e4625132ff7
d504e912ba1b00f5e11f98fddff1b8282407d7011512c9eaed12f4c20c0b0401
e81d033ceac32df9f91c29e2cd242efaf120eace021fe217cbfbdcbef5024b20
e111162d0bcb1e021c241605e21b0603f50910cf0321e90ef706d90d0710bf1c
e3140c2811bf19db1c0cc2ded915f427051ccddf24080f190df9d2f3ebf3351e
c7090e1414c304d40316f8ebfd0d9b1b1b0ef2b3140515e30cf7001eebff1519
280203111fc20cf4f61a24f6ccffd0110c05f1020516d9010a041b07da113df6
f31f1b1fbc081ebef4083ccc002440f40426d3cbf912e8f8fd11e3cce8ecee1b
cf0d001c061a05edfd22fce7d4f6cc0c070b09c12607f60c12fce01714ebc009
e9f1ef20da0703d40826c5edcb034b151b04a1ee2b0afe0a05fda7cb10dbe913
2602040cef3301d7fb0f10f1d5119b001104cc081100f6eb1802af36efee1c10
f4290c1003cb1ff4fbfad3f7f21db2f403220ddafa21faf9100edf0ebae932fb
f6050511cf3315eade1849d2fc0aeef3ea0112e40a07f0f6040be0231ff71309
d8f60400110cf0ddfefec1ebcbf3fc051ef316dc29e81106fc0ff11e24f9f703
cc0c0e1ce0bb07ccfa0517d7e904d909051dfad9231528fcf001ce1b290daa17
f3261118b1381cee0feddef6c629a9e9012cc7b7fa2c23ed22f7c4b4241f281a
f419f80becfa1f1219ecedf7ce153800f40ed6dcfa140ef80ffabef9121b20f1
f01bff1bd025080adce7e9dae82befdc011032fee30ae528df0ba334200345ea
fc0cf81328bc2308f8ddc7f0f61d0f020a1e10fce928d914f71accb52308c8ee
f329f92bba0737e3f7010defd438021a0f24f8e9f824c4ee180fd7261414a7d0
b626f0101c2b270ef1fc340ade23b6fbd739d5ce021bbadc240bf81b31180def
f229fa2eff2a2f10d5e840eac52f03e5d82703d1f618d4f1e506eff8222121e4
e82e041907bf210bfeff25cac02dbb033c2bd1f1f91d02f6e220cccbc2eacfe9
f115f80c12021d0700fbf4ddca21210a2225efe1e312fc0b0e26d043d70aae02
de0af817f8251cfc0614a8e8cf0ee2070c1017d4100bf0d31016d2d8eb03e6fc
cd13f0001fff0d0d0d063f00f0002201ee15fad7fef3c0d90f12d4d7fa091ffc
3f28031ee0102aeaf4f5f6f2d01b35eee520f306e90ada030405ef40ef08b9f2
df34eb2a0ed82af00cef27f9b13912f92f37bad2e931cb03fe18deb9daf8c80d
d41bea10c3dc20e507fee1f3f81db500311bf5dff80fedfb0c0cf03ce0fdb70d
92f90c0dd0d613ff080df0f7f21e2c0325060ad21414e4fd1908f4dcd10335fd
1a090913dc38090114fb35dae110d4f6fd0a0ed7fb07effd16f5f8a9e505d60f
2653ff28ffc436f0f4e41ae6e52decdfdb4002f9d519c02c2eebe2c6e31013f6
c427fe0c202126d20b090d1ae423c30f2f2820f3001bf4de1228f9bde2f8c109
dc29ed0800dc18eefb100606c614300f0c0ef7d41107eddc13020513d106b115
fd00dd1217c004ebecf5cef3f40bb9062a03f0fa0611f2db0df8e1e90b17e9e1
d806e40c23d907f3f302a8fffd1e34071607dcb9090912f11cfbf301f8f5f5e0
e04fe316ecc43ce9e80541f1ee27e90aff31cdefed320a2720d9f8b6d2090ce5
2c1d0d16e40d27ea06e6f003053522f1181c4bfee31afbdc081422c7ccfef211
c0100725e8fa0cea0a05b1eff62b070efc252de5061815d3ffe61610e31cfb01
e127f732a71827eef7f3bf12142620fd192dfad8102bdee711e8fc1a1028bdd0
0a2bf721c2f11df5eefa240ccb2fbcfef520b20dff2929e814ee0ec6211e3dd8
f221eb090b131ae3f7fb0103d610c60cd7fae801f32802fd03cd22f11a1d1fcb
ec22fcf406000df6dad1adc4cc0e13dd160affddd907df139df6e9cffbddc1e3
c31802fec9e01834f9d24bfbd90daef80f0235d7e0f20102d2f6fdf9f2e3fbf1
cafffae1ee330a21fbd02136b5f02decf50c26c7e0fbe622eeede7e7dfcb1418
d706ee0bf03509fae0d9c9f7e7f324f60109e9bce616f21903f6d71b0defafee
eb0be32ccce63110e8db2ff4e71a28d5e02916ced430bfd709fedbbc310edfe3
c12de7f8e8331204dfe3c5e0f6080fe7310514e4e618ea05ceff06b9ecefb505
da27eff3921c2216f9fddbff080f9df7221a310501f20a0cf4f83914f7fbc71b
f90e08f9eb211428eef4eef6bc052104eb01d501e209f115eff7050acfea120c
a513040f1a1cff1c07e616d49401e2f902ffdaeedb0bcfff0c090befe4e9da03
f700e81bee1b051eead699d2b00823cafc0d3cf8cb14b110330d100f0ee8c4f3
d40fda031aba12fc15c5e10ce50a39ce1a16fcffd81e28f50e021ab4e2041124
c715ea030cba0e160fcae0191a0413da0016dee3e50d3120fdfc201f1b142bf8
d70be7f4ffd5f82000bd211702f0efc3eaf8f6e3c1fb2b02fe0b29cd21023cfb
cb230f0d0c1a0d0f0cd6361fd30d0ae8d41916bbdb0f08f709022c2ff810dffd
2c2ae926eec11f1df6c24b32b222fbcedd11fcc0c60bf12723042ce72aff22ee
effaf4fdd6c505f510bf32180cff3dc6000b41fbe01836fde4ec271bfbfc2009
ce0af5280af5f3fdf9d1d01108f91fcde71212f5e6133b07bc0113ed1622aeee
de22f91db0e01713fecab516d70c00c30c1b0fc8d40b23f0e1072a1f1d2fd0f6
fa110cfacaec101015c78b22df0d1ee80d03059de81c32e0f0042cba0afb1605
bc24fb09201d0b1b06ca2829d20506e7ff020ee7de0e21ed07f9292c2e0921e3
13070829e2fd12ee11c5bf27fb13f3c0fa270bfcce242005e9e7d9e02a100dfe
c612050fc724fec9f9daa92a0e2033d8e5131ff6f805242e06f307c6f6f9080e
de0ff413dd1608f1feb1e0130807a6d9170f48d8e2251507150307a628093f05
190aeb0cc9c013cd13c4b709d5f5bfd019f4ede2ed090aeaf11014ca1d05d618
0a20f916e2c611f133d097fafc04e9c4ee1205eed016f9e4e4f60b1e2d080e0f
c81eeafbfc111115e900ace4fb2215fafc1303dcf01cf2f9e605f3ddeb0af500
d30f070011fc0712070ab9e0df04cc01d50ad0cf07f0ed101501ec04ddebe6fa
fc09ffff0dc1191e03031b14df1923efcf1a00cb1205d222e9fdeb1811f3b115
f2f6fb1e16ff0712f40beb1bdeff1dd1e10d02b2fd03fc3000f7f839e807c2f5
04120827b3d304310f08fd47071ea4edb0261cb7ef200749cee9e513c4070e07
0012ec00eade0206df0110e6e6f04ff50a071cdaf8fd080e09ebdc43fee9cf13
f9f309e5081edf30f6e2a7efbdf7bde1f50124d0fcf3130afff607a8e6e2d201
ddf7f6ffabd60a3ee8fba9dfc1161efaef14f0d2e810d2fbeef1e50fd8e5b4fc
471ff50bc6132733f3f7e80ed0264cddd81415e0e2340b20ea05e613d8f402f0
22f8ff07d3f6051e0c02ae1ae50aa4facedbf4c2f51b0818f5f8eb1700f323fe
db37fdffb500200af0fa2be4daf3dae4ea1febd2f403130a13eae1bbf9d90137
ed0f09fcf3fe121ae6ef94e3d201cf02e914ddc104030eeeebe2eeddd5c4cd24
f90ffbf9c81c0d40f1c7c705cc21b8c7da2ed8d6d82601f70be3dacb01cead18
d42d090710fe3d2aefefa108e02ec1d2c93c240aea342c05e5e805ab020c040c
f315ef22e100284ffefef908f41417e0c30ad9addf0c1f22fddc05fbf3eee4f7
c92ff61b09f6021105e5c8f600f846e5f20ff8cdf809d11ecee4f3cce8f2f127
0df0eaf707b90819f6ee1001f50905f2fce7d4d0f600f901dffaf3bfeae90025
c61af509dabb0a1301f9acf3d00dfeeae812d9b0e21a12ff13f1ebe405e6be03
ae260f31f2f932090a03390cc137fcf8db31d5e8f62647eb09eefaed0d0824e9
010ae414d0da24331c14fdfd1126eaf7ee10a3e40f08ed0319c9faf81409def5
d8f4d9f0c9dfe0ef0808cc08f7ce2ee4edf3dee0f3f7ec07cefffccce1d69dfd
c8eeecee1cf0fe28f4f5e2f1d2ed59d0fdf9bfdad702d00efcfac7e3fafad5cf
b129e51ee316130e05f6ef03fd113eecbe10e9c7f819282e23f100c516f41ce5
db46012faf0b1b05050cb91ed3373efdd62edec6f62a2e250dcd0ad4180305f0
d7450121faf7392d2e0e2c270832aaddc926f3b30a30f547dbb011acff0f362d
e83b142d281b2f0513d0c115d12546e4df2e06d2e423070af7f2e6e5272cff09
ed13fa13ecd9060007c6481add0fb6d5ed20f5f7e7fbef150afbf51c47f4c8f6
ee180c202336142814cfb60ef720f2dcd72fe4e40f0dcae90efd16ce410c0412
f9250719b31f23dcfde2ef1ae80f0ccaf92cecf50925b2ddf4f6273b1f2dec05
d6210726cf1a27d0f3d31726f31513b9de2319ebea1faf0de3edf4160024defe
cd07151ae02b0c030ad8d914c9143203ed3403e7d514f5011700d6d6fb1ae703
bb050e00e3de080011bfebff0619a9d70413feedc90b03271c0d07e316f7baf9
0e0e0c08aad3220208d9ecfcfa192bda132ce1e3d501020a06fbf11d03f2e717
12191b14c6bf0ddb10cf0efdef0401d11f2f22e4d410f718e6fcfa20c2fbc40d
181403f6e6de11db05f902fae20358bbe7e9c5dfe2fdeffde2e7eecaa5e1ef0f
0dff140ec6ff130e09c50921c107b8f8001c31f8d10be1160ffdcee81710dcfd
e50e00f4ffbf1c03efa43b08ea179ccfff1a43ccad2f9507ff0911c80ffeb5f7
f513f4fcc61e32fae4dbe7eac10eb6c1051e01bbd219d9100b0b11fa0afaf70c
27e803e9fbea06f801defaeae10534a8e3051004cb13092906f31600d9f6e620
0c0c1ff92405050d20dcbee3f3eeeb9aa91cf9e9bd16f73af7db33b7b3d0fa1a
050f1611ed090a16f3f40902ae1ab114fd19dbfae3f9eb1809fde623e913d609
d30404feb3bf0e0df0bd190aef19be0eea0706f6dd1bbdffee05f8eae803280b
dc290808e8ed1410f3c8dd0b0e2533d4c718f713bb22f5111fed2ff2fd0fcb21
d412080322bb200d02f9d6fdfdfddcd2f4200800d20f131218f81bc3091b3afd
d9fb1cffc7c926251bf933f3e7ff17b9e90fcb06d01a271f12ef180abced34f5
fe290e13db3913f704e6140ebe03de0aef1c1406e3291816f709e4f8f941b4fb
ed0a1213d30e1e1604092c0cc812a619d521ebe5e724f92adeeef91f2627c704
d112102ce91b171707ffed09d0213d00cd2adfe1cd2406ff0fed18d3120aeeff
10210424f5c41406fa08bd0b041ae6e7f527e9e8d31eff0a0ff51518162aacea
f64c090deaca160610fd25030f18b9acd328caeed5221d310ee124bd2920a8f9
d2e2f0c00606d40e0df60eec00eae0f00dcc1600e8f701121c072603ebd9b2f5
ed0af5f2272b0813dffdbbbbe400fa1124ff1cf4f0ecf91a051311fdb0d4e81a
1afc1cf9f03bfae8df03bfc9d001ed172303f8dff20dfc27fb1405cbcbcdfc48
edf6080de6e4f9f8dfed01f51bfca9f7150c1df3f9f906411902e5caf5d7e007
0003ff2134360014efdff1d1da13f3d40d0d0cb2d7faf25bf1fbca333afd1fce
f40804f92cb800f61500b3180a1d34042c02f0ec03182c10280efedf301cac0b
1a0701fbe92707ede9ffdde7ea12f1001a0a0509fff80702e90de3bc08ebe211
e9fa0dff05d201d4fb183ad51004b10a1bf9df0d10f2f010fa0bddfdefdd8b32
fdf4fb13da1205f2ee13b8de14ff430101fa30e8fcddf72f14fbcdd403ea2be3
20e9ff45c0dafe16df01dedaea0b50e3f7121813e6ff19420316be1522f0dce8
ff0021f620e0f1de31dfa218dafa25e52fe01007f91933071619cb0cff0a9025
ff0f0aee1912fcec17f7be18e4ee570307f91cf609fb1c0f12f9a9060dfee019
dbdb35099cbf03e00c01cd12d1f4c2f006fd0712fde0321520edb7f4f007d030
eabc01eeecf7d2ebf1fc4cf70cd1b9f90ecfb922f3d543202af5c010f914a70f
2fdd1b0fd8e90126e7eb0af3ea13dacaf808fa1edd1042350f04b940e0fce1d2
fb06031de00110c91d05aeedf9fd4bf30503e203f10f1f250201c1032d1de80e
dcfbf10b22e206e31a161decd2fdc5ff07eb010bf6141f170cf7cec830f6e31c
c4f01507baf50bda26fad21cd0dd46f301f00ff5faf82aef2105000dfe06df1b
25def0c1df2ed3ebfacebcddf3d9c1f011d52202f9d151001af5d6b2d3f72d22
2317fe110f161107f0c6f0eee9271fea4d0d2537ed2a502b1b0502b1d417e9dc
3523f913ee231db10bfbbde10f0f1fcff3332218e7292231d8f8be296330f113
fd0f091eb8e318c70ef72de6000435dd071235f9cf19380feb0ddbf62a18ec29
d2420324e10d32cf2ed8232ce434d4dc092a37cad21107e91708abf00639a811
1c1cecfbd81512ed11069c39e71215fe1e051818f2fa12bf220adca1012ccb06
1519f4ffe9c6251efdf0fd0f171b3008050a4501f0fc19f2f7d0df2f1a1d04cf
18e1e9e9f7b5ebdae10aa1dbfced0a172befebd80ee894d5c7f21eb300d9c4da
3b11cbf4c724fcf8cc16c80f1816201a23110afd15edc5f0eef902df14e9b9c9
c3d6cee928d002edd424230de3fc08251ff300e419f1d9fbe7f1f229f4f5e5c2
c5f4e6f2c320f2dbef13cf15ce04c41ef7ce23ca06f5e2f7cffcbb1a1d03249e
2dd6f2e5112fd2f2ec08f0c204d7ea240cbddbeffcc5ee02ba03cdbd47d04da4
e4f5e6cc08eadaffb61af8ce9bfcde05f706e7d90ee8a1d2cce7fa2519dcadd5
dc10e4f1fbb2eb05eb03df07db03bc051105caf20804a905ccfe0fcbffe83af8
d3e6e5ef38d9feff0b031308aef5b9020deb00d5fbf104ecd2f910ae05102aeb
c3e9e9fbeecb1105e5f5c9f6eae8adf9e9e4eadaf70a2216f2fd00fafbe6c0cc
9cf902e9e8d00514e004d6b5c1edef1a02f8e7e603ebdf0efafab2112ae3d8ef
12c9e7d7e3fcd70bb6240dc8d6cda816fad1cef019d3ccced0e7eff70fe3cad3
c3fef0ecc6efed06f403b9060bfba3fb05f1d3dd0ae4e2f8defc1af1ebd4e7f0
b7dec5c107abd0061104261ed5d0920920ded5b802cb01ccdb0b1a2aede725ff
b7d600e9d9b0ee01e5f917ef81fc96fc0df2deb7fdf8faf9e9faffd8f7d6c7f2
bb11fbf4d4c1fc19ca03f8c5c3ef3c262af42bfa0fdf04e9fbfacec6f9df8ded
3eea01e3f720d40aeb1a22ce18de19fb21f10af415f9b601cdf2c5fdf2e0f0ca
eae2df01f2ed19ffe9f5ff00db182de2fa1212d9f207d003edfdd90e09d0e6d0
ccf2cff018bdf7fee4fcfb13f9f6e4f30903cae9fdf8e3eb1901ea0b0be3c0ea
d614e2fcbbd4000fe5feacf1e513a2f9171cd8cafe17d2ed0900e108f9e41eef
0504f8f3d1ecee17d5fed8eaeefce717240918c003fad1eaed030a1701ecb7ea
efbee8defeaacaf4ed0344a407d3140b01d1d6e10cdcea06dcfb9f28edc6c6db
f9d7e1e9bf18ea20f7fa14f5d3fd25f010dae0ea0209a5031f05bab6f8da0dd0
c2d1e1d910efdd1fe415171611f3ac1802d0ca0a0fe5a3ef2cfeccdbcecc0ec2
a102e4e1ee32e40cc70e3ce75010271d19f7b1fb10e8cbefe701e637e8cbbfc6
dae9edd411d9ccf5c311b4d905d9451b28e5f3d90acbb4fef00b28e0d19f1ae5
c4f70009d5fb050306fefc14bdf224111d04fab4110128fdfc06ccd02ce2be14
00f3fe123c05f90608f6dd1803069efd0504c4e2f7ebf80ff016f1da0ee1fd03
d7fa14111ebfe8170be7c10a06fa17eff501e9ecf7f90be5170f0cdd2f098e0c
40f40711f0c9fc1af308fd120e0223121808d9e60dfedce3090d473c21fbf012
c4f7f82413d9121701fd313ce711260d040ee0e00b12cd02ff0810d4dc1b1a04
e0ea0517da20d4e518d3b11eddda3500edf911bd09fd0cfdf316f59f2bebc525
dc080afce9fd100712cda51ae90737d5f61f13f0d808e207f308cee114f5fcfe
0b031818ac292c0406defd1cd33023d0d134d3f2d018062301ecb2f2fa1e0e13
1815183006dc29f30ffcc9212d2ce4dcf631160a0809fc17e0ed1e0405351f14
0dea0b0dbd24fdf61bff3621fe0448f3fbfae0fc0002f9f4d2f51a1ed8f8ec04
17e10ae514e5da061cf0da0802db9df2fef75de8f0d5d0fd05180bd5e9ef03fc
fa191307f9d222e6fedb38f4e908ccdfe61c41facc21a1eff1f9cd1a18ee0bf0
ca040d2981993dd7efb0c0e6eb31faac811b03febd38dd1f1aace1e3dd28d500
f718142306c221de27fceb1ddc2795ccb31808dce3011016f6d231e6d90b0b37
11d21d19b001fafc29e5a11ce5e1b1d4c12723fbed11ecfde4f341b001f1140b
f40a1107c5bbf60f05f7b300db0c44011806d7e9eaf5f8ff02072133d5f2af0e
cf0f001bf5db11f608efbc00e5f4dd08e6090200ff22c907e0f11dd315e8acff
b9f4ff19f1f1f4efececf1efe6fc13ebccfef127e00017090fe2f8d2ddeaff10
d821100cf9ee02053cf9b918d4f945e1cd1608fde1ff272ce8ec05e1f0ef2d23
d5021f131c2f15eb33e8a0260ded17ce0204dfdb01132cf6c90a331ceef7eef2
2aea0ce9f1d7dc0e05fe2bfeebe1b2fd1cf3da060df9f9ea14043af7ceef2200
dbe206f1f7cdee0d0e0c3cf6f8f1b4fc0209f7fefeffde05c3fd41def0ee03e1
b3bf021ec31b0104ffeb950bf3e317dfcbfdd8d5d305b7f4f10807caedf2c3ea
f007120dc0dd041f16feaf1de4fd27e7fa13cccafcf90913d600030013f1b20e
b30d00e104d8e10c1bfd2c36afdbc0d610ff08ea02ee3610db15fab20ae7c0fa
f1efc0d4effbc5eedee80dd0f2e0f6fdffcddfc9f0d8d7baea13cb28f008aee0
dd15d2fbb1eef01de9f3cb380ff92607ef0a2be1fd01f2c3fcf40001f710ce0c
bae5f7f6c7c4e5eccb0ecafcd1dbf71cf3e6c8cefcfff013e9fb04acfdfac9fa
e5ed100027cedfaee9fd84e2dff8a40cf8e6ec02fdf2ba0aec11e5030d0fe2e3
a10f02051fc5e9c3e90034e1c1ea130efefcbefaffe09104dd14d4d4223615e8
d81cefee04dded0ee5ef11bec3efb0f4f2ebede7faf3d1e3d8e8ddf5150e351a
e9e5eef7ccd4daf0eef8360dc4e717f8fedcc8edfadeeff8da02ebb505ff3617
ebdbebfeca0ae2defe05f7eda6ec810206dcd5e3fbf82a17e4fff7e7230de404
f0fbf90dc2f6f1d0e2ef37cdedf90bf6f6ded501f4fb1614f405f7f126122bdb
ac090a00fcf60bd8d60418babcfb0809f8edb89e02ebb0fde40699193239ea0a
c6f81efb0fe7f7f8e400a3b6fdf80ffc0ee5e9ed0af10d00d9fdf7b3090211f8
dddcf4ecc9bbdde4e502dee223ead3fe11c7e8ed0ece020def10f9300cebb8e3
ccb9adb230f1ace6011c96fba4b3061226a9d3c318a216dbf71616c7e8cce2fb
8cf1fbf62922dbf2d1fdddea98e6e7fd17dee8bb00dc0603050a0bac0ade24e4
0a06f916f32cff06d8f629e7e8efb207f7f9c5470efd12ef0b06d3e8281321d9
e8e82809e3bbeef1ed03ceb22af4c0fa20ef2ec90ff4081af908c4c21e1a21ea
dee1fd05f3c0f9dcd1f72bc32600cdf406f7d6d607f30012fd0ab702241012f3
e4e0e3e6d635d0d3d612a0dce7d94f050fd79ae20fe501031315f6d6eef61f01
e2f0e9f9f7e4daf4fafca2f8dfebb60310e5befb0ee5f6ec28121bb3c80bb40e
40e0ecec30d5cc17dced0eedd9ddb5f4f8dbe44805d6eaf81d0e0ff2eb09050f
d4d9090a0d02ecf4dc171bd10af2d80305e59dd705ff1a07f905b81d3030bbc9
fde9fff8e0bcfbeee10113ced1120af608fdbbcc07050202e200effa0e21d7ec
aaf40c10fbf2f5eaf00c9b03edf1f00f0ceeca000cf80601fe05ecb3d60ce6e9
fe0dedfea2e5e7fbfdf80d11430daf0fec08ef24fcfffcfb10eafebeedff1ffb
29beaabebb15d6f8c4f7d1bf10ceedfef5bd0a3bfbc8faef18e70d1aaed9ffcb
e0f9dd09f8bae314d0fc21f9cef54be3fae835f8eb0b0838daea27433717bf0d
e30df2fd15bff606f60d2b00ecf82a03dddc10f202ed222af8eb2cd91909e201
c916030cb1001902fcf5c501cafb3cecc4fff7d3f2fbeb30f7e110131b0cbbf3
d813f214d71f1d01f3e9d61ccf08f0e7c8faebf1fdf8d247ece813224823c1e8
f9090327b828fd17e5debaedc71c27e1a8032dd0d61dd62500e6ea1a5538f3ec
051502f9bbe20413e80715f2eb01d9060f050ae40c081911fcd319e7240e1d03
05fb07ec02e8f50fedffea08f903cc12ecfa02ff11fd3efffeda3e0c190d3104
deef04fadedaea14dfeeec15e2f42cfcd4e7edea02ed2eeaecf525cc1b0bafe0
df030befd9cef1fde5f2f203e2ece603c0dfe1f109faf8fae7ff11b21916d5d6
e7eeef10190fff07e8daf912f50730f1c113fec4ec03e8feedea1c0e2925e8d5
0bebfa10c0fff71701d9aff4b5fabdd7ccf50208ef0133140ed71cbf3a09d017
05cd0711edb1e910ff0c12e5cbf7f320f8e614091ae64405f8e91fc7161c1c0b
e7eb0200cbe1d814fbf80afadee7cbfad5e4ebddfed538ffeafd28b5fc11bdee
c3db08f1d3f3ecffeaec1ee3f1dc21f0d4e1b5edfdf41bf4d9ff45bdf202d6d6
1bfbfaf9aebe0207e2f0c8f5bffe4be7c8f523f4eafd070ff8ed241644351fca
f6fd00f404faf7ffebeef5f1ccf8b5fbe6fcfde8ebf82216fcfdf00b20ef30fb
02e211f6252cee2106243a05eee2bd26dacb290521e2131ff5f30ee11708e3fe
ecf21219d5ea1210fd161e000e0cfb1101ff03eb1df30816eaeb08fd0a10c0f9
f5f20510cef0fd0cf5fc231007f2f72cf8f3e4c417d722f800fe28b62103c8e1
00ee0bebb7350511f323def3f204c30b00fa33d300e4101e01fc0daa2709c9cf
1406f718fb0217f5e2e525001c1447d6e102f2d8cbf61321e9f6c6f821021d03
1cfa0c0b111a07fff6e1b40c191124f6ffeb070bf1000e44fef5eea720049f07
dc120d280ce11de002ebb905ddffe7f0ee1604bce9070849fbe5e3923a20c00c
e7fd171dedbcf9dff8f1fde9caf3c809d8f30bd3ef0a162912e2f7e530fca703
effd0b15cd3afc0f01e502dcf8f718e7c6ecf408e3f4f22bf6f5f0b4230bcdeb
1338fd1fe2eb2342c90d09d0082b0a070b3803fb0121be03f8d224eb2505b839
f05c2518eeee37441a1ac41dee5bdf01da4d30e91b58e40ae5eb18f8c91aeb2e
f10be8ccf0ad19220c12410bc10c980b10ee32db0206ea03ea0bf80cb3cb1c13
d1f3d7e4ffe11119cd09b7f6f4fb020317f0e3ece5f1ce15d70ee3e5e1da98cc
e3acd1c90107ee46dbf9411afffbc6fa16d9baf3f2e7f5e8ce0afa27b4aaa5bc
c824ff37063c0134db38a4c8ecfabe07001106f114ead813f9e438cb461efd38
d824171cc8c51a24ff06c9f9f32ac2fedd381ff41623f148faf00feee2f2b7f6
e1dde8d0ce10f627f9fbd6f002faf0f208e615e2e8fd1503fa0c0109fed7d6d2
d8f0cedd1303fd44ef0bf909cf072d0bfeeff1e3fb023de3d4ffd6ebf2e614ef
f803e7de0dba0f41e016db0fdbfae5040101f2d707f520d6e1f8e2f9cccdf3dd
c5ed021fcafaf02def0c17bb11c0b5e20b08edcf10e5021a09ed09131d13fe45
07162a34d93e28040ec9d7e3d33910d9f72dddf8d225d95812f21c24cfeee605
e1e2e2c2f025ef1810eb0624ccfe3ee40cefb0e2c2fe0ef5fc06e9b2fcd1c2e9
dbcaa4d30adacb3af5023b30bed7a305fce8d0e8f4cc10d3ecfed006ded62015
b9d6d9ea12c5e43dcff8b921e9e3eb17f7ffcdbc0bd101cd0d01e7cdd9d0a60e
dfec021ab70101f8de2898ccd6ced203131d26eb19f2eaf90102deca19ef2a04
e6320c36cb12250903f71211220daa0adf33dafefb24e71efef40504bce59f0b
eb03dfe2f8150700f4fdec04d810abf20ff48c0ada01ff0ee4050d07cef8b3f7
0a07d4efcbdcfa18f0072f07dc07dd0105f9dadbf7e5030bed0bf831cf09aefb
c4fef1e91dc3e833fadccb02d4f7fe09ff06c9c202d2e5f8f30af209dfbdf513
ea5d1555b40624f3e70c0ee8dc364dfef53fdcfe024118f80912e5f1f0eac62c
00520b371ff334ce1308b4f9e140db17f3441df8203fb2dc1509f7d1b21adb0a
3d33e0d71bb709eb090a3817c7f7aa12130bb811e9fbf4f1dc130ee8d3e6c7ee
0508e6cbc5ade828f7fec4fed8dce90a0fdf9d08e6d3ee0ad91212b7dcf4b8cc
0f08f5da29f7e13b0beafc16ffff05f6ff00bbbfe6dad205fc0ef8acd5d7cdef
c3f2f8ebfd1201f6e72413d60a060816e9e801c50ceff105d3efda280f09c0f3
c4e4f7eac438ed12021516efdefa230ceef10bea13ecf7e909fee142f3efbdf1
d2ecf9fb02d305e0fb2b1812effd2f11c7f5c2bf1306ef0a12deface15f311e5
c4e819f2230207ecf413d00400000515c206fabcf816e3f219f8ecb8eb1ba6f5
bc050609c3f20015f80f44f5c8feb516ad124bd70812ef25c8f4f3bcf11d9705
d907e8e8adbce310e914abe3d60fb41bd6fe30cf16fd28ede8e0dd2207fffd02
cc0503fb00240736fe19fdfef121b902c91227d00c0b2d02fdeeeb02fb060ef1
c701f60ce5b70c44031532fbd51db329ea08fff82b1ae0ebf2e3f63cf7f51ae2
0cec14f5ee19fe1901201307b7f5c415d70d05af1b03d6f1fdee1c2bea0a1afa
32fc0df9ac05130dfafde001ddfd1603af1720ef0402fc18fee1f8d5eeff34f8
c9fcfaec902ff400ec17e1fcf7fc260ce9f2f5cd0bfc2ff813e606250afce205
e202ede8c50e0830e913e30ae50f4a0dfffd06ec0c0a26e711f8fcff12ff31fa
e407f2f5bc040d2de608fff60203b718cd051bd1102bf3cff9f20ac10312e7e0
1912fff2b72e0519f41cb3f3d1fa0a27def2f0d22211eff3f6df2c2b0104b0f4
3af40bf229371015eafe0d0d0c1da212d0f102bd0e0212fd1ed909a20d11b3d7
1112f411f91e0f03f3fbf9f5fef3070aa6014bcdf9021514fde210312418bf04
cd14f2f01be4002afc024400da04caf2bbf407eefd11fe04f3ef2803020bed0d
f91dec13e9ce0e05040a4a0b171ef201e226d99f031ff2dd07e1f4ca271cdaeb
190d0b11f20f0702ff04080dc30f5417d708d4d51e1005e70fe4201f050beada
c71ef6e6fff1fdf804093eede8fef025e2030a0703f7edf225c7fde61007b8df
cc2dfd1ef9ba1df101fab303c81f09f3d62234f719233721def9f02f061f9120
d30bde08ebe316e317f51e09bd0df5f2c20ef0ea052824f909dffd8a0afeb616
ea10e00fdcf7200cf906c1061605020cc1050ea71222f80224caf2d21f00fedf
0b00000bbe310903f30b41f1ec0ba71fdaf0fef60c0bf7f80dbf24fbf901d1ee
dce90afbae12fee8f018cfdae8fdf2f5b7d9ec0c02ff0f0afaba1ee90c0af4ee
fb95f7d6e904dacdf1e030f113becbe6f7cbd1fee5cb0fefe9f42fe6f2fbd7d1
faacffdcdf04cfccf0a4b3dfdac212d3fcc5ececdfd8dbeef30232c90a0ce8cd
f6a20ad3b229cdc2f793e0d4f8c1a2b5e8b5a5e5d9cbfbc0f00b0ff709ef2eef
d49effdec3d3d0ccf5cdeffc04bab4b4d3c2e1f1fee7d2b6141d17010a0e0107
ca97eec3ca2ecaccf309d5f4fec4deaed2b2f90007bb21be17130d15d5060a07
c5ae10e00119cac8ffd229f700bef71b19d4f8f0dbdb1be0f10c3b34c5060fd7
e2bf19d5e3f0d7c6e6d635e5d6d905180feee8f1e3e3f4d8f80f02b9e71df8cc
cdcd0ac8dc0bc4e2f6c3d9c0eee0fcdf14d4d1e5f5d1bde2ee09c8ba07f702e2
eacc05d4e0fecfd5f1041eda04e9c5cf15e5f3e600eaedcff80bf4b7ee2a01ef
37bbf4bd1bd0c4bbef07dfe2e4d2d1a2e7b6e0eff1de22c817fa1a17a5fc16f7
e7b013deee26cdcd0f810f030bd0a10c0ad3f8f9bdbed8d3f90f23d1cc06f7e6
04d114d81406defdeca02ef8e0f0e02920f239f1c6e1f2b5fd09ffe0c71134ee
1610f5f4fb2e15fc03e451e00720daf13932e5f1e61a97b8e503ce17f835cefe
35e0fdb8b52dd0fefbfe09d1e7d7add006e5fed9d9ef1bcb05030539e426d6f5
07cd0db5fbfdc9d0f20b0de2e1d20181a9c5fceac3cc1fc20aed4011ab0cd613
f3ae19e12433d6c902bae816efe4e014eed6d7f4c8d9dee101240ddcbf05edf5
e2e705dcd6c7e7f0f4ed45fec9e1314426e5ec07f0f6dfbde7eacb44e11336e3
dbc9fbbf1ae9d9dbeae4f1ed0cce281944e7aa02e7dab9acfdf211b0b60c36e7
f7ee09ce13d3e3dde731f3f3f1e640dff9e8b80aedd4e7a11ee81bf40030d4e9
dabdf9c9f6f1d9e2f232d1e70fc4e5d2cdcae2f5bfc107c3e3dd35e1b906e1e9
2db40eaf280cb2b9ffdb18ffe8b93207fdb4fe01e1bafcc01e182426ac0cf0db
f7dc06cf1832d0c3ffe32f07ddc349070ad5f5fed6ef1ed5e1ebd7b2ef0bb0da
b6e0fddd26d7d9d5eada160ef3dde3eaf1df0af8a0d3eacfdaeb26bf1503e1f8
c0d404e20724c6cfe915fbf915d047fce1cde404c9c108b4c9e831b51107fadc
e1b4f4b912c4a7ec031ea909efa852dfd9baf7f6d4c945aeb7e925b2d8f1cad2
e72208fae4ff24f61b26152fc119b20ce80e34fa191e0ee5b6e69a01f520ea34
f42d091be1db1aeb33110230b7084d0dcc1defe51b1e08ee09dae404060bfa04
d0fa01fcaccefee70720250ef4f95813d218f8dc1c04dcdb04de1215eaf82800
e6070805e3d7fdc8f62ea71c0cff5d36ed1534ec3a10afe80302f819cf16a1f2
f00932160ae5f8dc0d14c410e90318640c0836ee3311c2fdec0bd504f533b8f9
c4fafbc8f0c80d07fe1e1f0be810420eb5f631e21915e0e90ce621f6e4040115
c71b0df401f001161312250efb12acf5d4fa06d90614d2f500f7fd10cb0814fd
d604fce8f42fee1af4120f1cc4fe421dfe000fee110defdefc0af933c1ed0cff
0fe9f0f3c7190f3fcf1910fbe8022c17d4f615ef1e13e0dffcff2642e1e5ec0d
cffa0beedcebfce9013510f7f7f9f2601c173ddb3114bee8e8f1fa14ef141a0d
ca0802dae6320ee0f118cfffb907011ad2fc36e01209b8f7fd0002020effdd0b
dc120bf1da05f1170219bf05c302c212d00903e20e19c41ee012f804d4e2fa1f
04f309d7c4e4f815e51fddfadff1ba0dcf042fdf0bedf0ca0e15d7f3d2c82007
07d10cead422f425001ecafc03eb2918d324f6ea111ae0d6f910c7dbaccdcc03
cc0303fecdb702e4f02ed7ef1a102036e40b37f01114ccfaf7eec7ade1eec2fb
d91603d6e4d904e4eb11a7e6d9f532340df007f2120d8ffb001b0014dafddaf7
29071aed3017f101031e42fcc0ffd916d1e9e1e21e0da521fb220f16e107a80c
04e6feece4ede706070f07fe02e65508c9e0c3e008fcc2ee0e0905e8e2eb1004
14faf5f4fa20f80a1811ee050a0f06ffe90f30fa031ded130f1cc541e9e73210
0433ff1606251df805f8fe19d842b50704081dd4181cd12210d9c4b1f408b9f1
dde3f8e73411f0fcde1edcd7eef5dc340af102f422d2c9c4cf0bf9170b0913d9
14e710ed23c8f7010226a30adde3ff3a08ddf1df18f4f5ecfbf60013e90216ef
f6f907e1aadcf21600259e0af50dbf16f4d7e1e216ecc6f2030cefb6ea0eb40a
cb29f205bdd107f70716cee0c024f5fdee1229d0080ab0fffafedd11daffec15
d327ff08bf38211504121af719312e2ddb1d18c81c2fcd0cd1c4f7ccd21ee601
c9edeebeedf3c91df7d394e8c4d82ae0ddd0eeeeeacb0ae8f20305bbbbd71802
dde602ea3d19e905ffebfd1bf7fcdaf9f4eef4f001fa23f10a0018b4b5ef3b02
dfe4100f2c26f4f4f10512f4cce2470cfcf2bfde00fa3606f30e18f8c5feb714
030518f8bc130cf1eef409fff1f8e6e5f1ede2f002071ef3250bd71afb0ee817
9c1108f8c81f05ebefd297e110f958d1e2e61ab6eb0ce2211eff99f635fdf206
c2eaf6eb1be5f5f0f9e5ceee17fbc31418ffd1e1f5e6fbf20107eeb1d602dce1
e8f2f7eee11df5dff41500db02014c2100ecc9e126f6f4e9080724f1d904f2f2
c5dae4dc44ebda06f327bafce5c3c41d10d8efde21d800ee0fff11c5eae0b4ff
f7ec11e427d7e9feef1ccc1011063e1001e316e913e312f61cffedcbfc029e04
f400f1040cbafa12e1f715fe250857f300e50113f5080ffb1c12e9f4ffeeeed8
f1fe13edef13fab60df94ffd1cf744162f0301ee04eafcd31d25c5f1d3281fe1
f8f60cf9fab8f1defcedf8f0f10499010afd070f01f4fece1b17edbbf02126dd
c0f5030532fcf9ede7f216d3f203d7dbebecb0d6e7dfe0090b0706cbdd00f9f8
14f409efc132f2d20912b0f2d507e30005e6dc0ae3f0e6091b0900f4e6f1f31d
f50912122b1b01f9db25a7b8e00b25edfe06ed16fd00100f1d1ceee9030ee9d9
cbfe14f7d7d412b816eebf1fd8fa0efb3814e8080c022fd51123dfbbea160df4
f3f610ddf7b2f1d328e5c515eafa45e50eeda629faeb1cf61704ca1af1f8dffa
d41618dde22109f251dda442d6ff13bdc7ffc02ed007150529f2dcdfd3deff1a
fd0d1804de2d08e725c59c37f413f1d5a923fd2de22110131fefc2c9df040ff8
fc17040836d139f5f0f8e3d4d836d0ccd72c162f082059111608c5beed1bd7be
f410eb0c0afd31a616fcf92dd426efc5212ceaa5eb2408dcee10bcab1a21d3fd
160cf6f8d8b808be15f39735a0fedfd3f7f8e008fd190ed8f41096b7240a31ec
f824faf6fd2400d02aeb954cb904a1ddd8f7d919f61317ec29069dd73ff3bf01
f411f8fdbff110c70ae3f92ebd1706da09fbfd35ff211bc91dfaadd53c0bbad0
100be205be241cfbebd320fcb817ffdc13fe4609f7182cb008e0a5072902279c
d4cbecf010ffd7110afaa01e1bc1a8f416c41ac7e7ee08f41117c3ad07eafc24
dcf2d9ebf301d621f1d70c20d5dcbafc15df22d8dfda0def141de31bf0c50803
f214fefe1e1df0500bd82706e710f9f7ea04dbe20214ef4725f2f92203d4d71d
f10bf3050fecfa39fac9e40fdf0410f62b02ffe0deffaa0f0cfe45f8fcc7b71e
10e9f5f1d228ecf4fedf1a0d0503fb23fddefaccfee6f718f7f730d7bcd9b125
ebf4f521b3adfe1200ee271cd90b9c02f3f912ab0416f1e7f3011915321adf09
0af5f6f3fe2908f709e6b80a03eeb1fae6eeddf7f312e4ffe91013eed7d4e106
b8471a26d4bb3f2125c69e281a45e0b9e62bec05cf24e12b12f81df9e2baf925
d9172731fbc316fe1bed4d22f2280ae8df1ffe1bf507034f06eee823ecdf0bf4
0e070c250a23142002fe3705ee2fb227050e1b0b0717f4fdf9f9ff1de8039fe8
13f212eeebe8091015123804d40df518280e2dd404f8bdfe140735cadddde819
36ea15ea39dbf1fb05e9040dc6f24bfb0fef11edd5ff81eff209eb39a7e2f9fe
b30d1447dcc42f2c0bb23602c84740a3ae4aecc3b22dc33e09cce5cca0de0409
ec290a21b33c1f0819e83e12e317b5cec71ef7e8e2f7e2181cf4e218abce1508
e8150f1e12cdf01c0e03d9fd03ecdd07ea1520f518f3f82b101002dbe2cbc8fa
1cd9f4e6f7e3ff260e11c2f4d1e2fa101de106f0e0d9d4fb131205e9d8e00622
10e9f2f2cc1f06130ef6b900d3d7ea0611e809d4f9f4a701e40b030cc0eddafe
e1151b3ab40a26571cc2cffe152db2d1b42cdeedd30fdb26d0dbd7e4cbf3f918
9c38f22bdf0723371afdaa04f41746ecd617f9e7e706fd1700faf219c3ca251a
d4ec050dc100ec0ffefc03f3dfee45f5ebf0eaf5f0fcfe050e15fdbae7c2f905
2cdcf0d20fded906fcf3d2fdd1d6461300e3e42aeed605002bfd18c9e7d39319
17c9f2df0012d7f60a12aaece1bdba0e1fc922210ecab8e7ec0222c8d0f2e7e6
e2da0e0be639fd1002da25fdc3d4dcf6f8f1eed9ebdcc0f4ccfe03a9eae2b4f8
e4cdfb00f42ce2fcedf49dd7f7e11c06eee5c6d4f4dfff1ad704e3ee0709e6e5
d1d408d13beed5f0fae2c3f9b6c5e7f6f7d716dc07c72812cd1a00f7bdd0b4d4
db243125c935141421cded09b4213fc9dc2815eed410be17f3f7a9b12a223e10
c0212002243819f704cd020bdb133ee2021426f7ef13f0011bfdca044619e1eb
d4f211ee310af8030ed9cd0706ffaed2d8f60cee0de2ecc51aeee4fe370437fc
140b24152e1b10ff1cd4ca170b162da5c521dfe20e1ae6cf02e7fbc01f1e2c19
341e0df9bbf52ff807e11b1bcb1e0ea3fa1406f704fddaf8f314f3aeba17cb0e
d00b2916c7e2091a1ed0270be61dc7fae02eefe6d10be4f7fd03db3fe410140b
e7fc0ef816eff80524c349fac90e09e103200b05d20eea031919b42130ed13ec
d5f211dcddf3051716d5dee9ccff44c9fd041de2def9e906f807d8cc0ce9d8ee
0bdb19e80835ee1113c2ec00e1e5bbb7eafa16f2f1e311f5f0f7d2ffc2fde7f8
3cfe23cec32601ec1de6d6fd17fe2abaf9f619e3f7f4fe0febf5e81781f5c118
ef07170abc3208160ac42c08011c20eada0deffcc6f4bcfb0fe1c4e4ebfd1e17
fced04dbc9c0fd2403992406e20208f611f93aeec8fbbaf206f3b127ccecd3f1
c80710f0faec28fafbcb02ecd6113cd7ed15fcdae130d8ee13f12006f1f4e101
23cb09d0fd0b01d909ddf7d4e0e906c0f2ec26f4c711e5df13080d12cafed606
09bd16cfc8fddaf2100247eaf5d737dfdbe735c501f305f1fede121e91ead114
ea161413b6cc1410fec85305d12cb7fede18c9e5dbf9b7f00ff1f0cbda0cea11
f6ee0d00d7c6ff29f4d0f503d0f4cb0b11ebe4f9def6e8e6f3edcff1d2f82708
e3ca0bdc14b9db18f5c21604d2f627eed8dfbd01cbdad3ef13d8f127f6db0600
c10219eac73df8ed0df532f8d602abd4fb0ed204c9eadee714f81933ee0f0908
eee90ce2c7290f0a07fcd0ef19e5e7cc0afb01e1cee401fe13fbef01ccf7bafb
f927290ddff017f50ebbae22c62cf9f0d42f0ffed839efef0bfaf1c5e43cc712
ec1b0ef5bcf71cf205ebf10fbe20ecf6f21d10c7de1705ccf8ece0ee2422c1ff
02ca16e8e706f31705eef300c6001eefe9f719dfcd0defd914f6feb21ffac6e3
fdf6180c12eefefa0ae5be06d905f8e8fffdc304d80400d814f30918240cd2f8
f5202b0ec80000f911f5f705f402bbbee714d2fec10ef3ec03e0000f0b19c8e8
d022f300f02efd0d0c0719fcd700fdfe1dfad9df02efee09fdeb03f2e3d33b14
1123e9f1beee1121ec10fff4d401f3fdf20dfb01ffddd7faf7ebf412eec1081d
cf17e1e2ebe30a13f00ec0f7e30ed10d1104f4f5fe0df107f4fbfa38efe0e2f8
d109ffe9fd180e1d07f3291fbc18d503e20308cd021ad6ffe506d2caf8d3b2d5
d020effa13c50a2eedf53c1c021910fdf524c1fff815a607f101f32e16e519bc
c71fedf0abfcfa05e013eed5bbfe2b01efffe2e70cf5e6ffdce9fdcb0ed01b0a
0912ecfec5d4fb0bedffd910ee10dd02031ed3fb0214f50ef9ef0bddedc4ec01
09e0d0e9ae00e50af1ff16fff7e1ee091ceb1bc9fe002aefebfd17eaf9d61cef
f0f9eafcc1051c1ef301d1fa0105af0404e031c4fb1427f4ea090c89e0e5a9ea
bd24f806d9d9151de3fdffdbe602c9f9fa1febf4ff25a5021cf1e11342dc1605
200d0006debc1419e4132ed8dc043a0df706e7c90703dcfee5f2f4ffe4eea1fa
ecf7f0fa0add051503059407e0052c0024fed6cb00f2fc13f5fb05c1dfbf02ed
db81818128cc81eefc1ca3feb281f2213e81c3d2088111a904121ddfcc81d1dc
c8e1fae208e1ee09f40ee011d2f7e4110af70aa304eefce50305fcade8bef7f9
d01dfe1cbeeb1318e5049a09d40ad20f111915e5020111060beedee8f4baa9f8
ed1fedfab7ddfd120f0a25e3f114bfe5010751180b0eb2fa1304e525dad20bfd
d7fce90cd6d91216fc0da7ffd51beb050cff01fb0dfff7fdef0bf90bf6e4c5fa
daebc0fbc6c3e906e70dc311d2eef00b0cebd5d108f507e5ee000a07f9d023f8
e7fae7f4efef151007f815191413aefc011010ac090dd4eefafcf5fde8ec1b01
2d0efe28f8c109241104f00ec11e2b030a001aa806fad801ddf3211300e9d016
d705de0ea9d300ff18f39b04dc0328f4dd13e80dfe0cec1026f9a8e203e1bc0c
d933ede6efe023000403240ad924c6f9f11ffaf00122c90314f703811bf9de12
d3300913f4c71a0ffc06c718af080405fc19d00e0428d90a0104ecc701fca5e7
cd31080ccfcb260e11ee410cff292f0a1324e1810120db14eb0021ba15062107
c525f318ead91212fdf420fff716aefe0c15e8a0fb192303d5f208bae9e8cc06
df390a30bffd17fb16fec417c823a3fc2124feecf72ce61ffe0ac62816f8e40d
29130507c702091b0615c414c311f600ed1301e708edddf9f3e3eacb09e4cb23
d307120aaaf20f210d0da922da2d2dfcd62ed6d5032df8fef5d1f3d50e10ad0a
f92710f1dae80c1007f5d81ec82bccffdd101ce10e23cc0afef0eac5e3f816e3
d33bfd25dc1a2f02faf10c19e3344afe0a39b4eafa30961fdb03ecf9110bf7de
e01514fe212e14eafd0a31ddab06d1fbdef811c40302e119e8ecd62c06eaed19
0c170006f5f809fe000a2908c1103414161bd9d91017f2fbf8f1ddc0ece2ff18
d402e10906190df608febb11ebfa090d1202ebd9021115e9f2f2ef19faf11b0f
f308ff04ad0a1ff3ef04aceeca0df01904f8fdc70c1bf2fbfe00ff11bee3daf0
e3180600bf2c19f7eef7d1d8b808e703fa081a03f228b3291df9f0b213edf20c
3b1b0b1ea6d93101ed06dcf1ca0cfa0bdb16f3c2f118fafcdff1ce03ddeba6f4
d202f8f5f2d60c06f412ddfc0ef0dc061609ca920cf8f305f9f9f4f1becebb00
c9a7929b3d1ba5edf11d1ef79c89ec273b9bc7d41999fa9b0c1121e5b8a2b6f7
e600060512cb00f1ea11dffec7feed1c0cf9f6c210fff4f40afa15bbcdc09900
befb27241bf520ecfbf9ebefd40fb1ff050005f7f3020f0cfdff09f5e2bf270b
ed53f30ed4110d03030af101e121d8f1fb1f3d05011adbee02f60ad6e7f7f90b
b208e402c1bb1a05fe0fb60ed003040a0c1ae50a1001ebf5fbfefce2e7e4a518
dbfed8f3a9bbfb03ee0d291af1000b050301f2b80e0dfae904ff13bbeadede08
b903f60ba4f7160001fde302f51336080b0cf8b0171ec6eceef8f9dedcf31cf7
0f12101bcd12fad606fc340cb715410118fbf0c70607e2ffda062e30f4f0f110
db3adf27bbd83cfa1de5a519ca289ef0fb41ef07fb39ee18e5030eb40f163e11
2e0cf5e4e6d50fff0d0ee206e61f43f0130d0f060715e60002f60ffef0f3c320
c2071418ecdf000814ffad17affb33f2dd12eaeb111800ec1be90ae6dbe61ff2
c32c180600050b0f05f3cf0b021dc715130fe0e61a1b0e24dfe42bd7dae43c0e
c5310821c60e1ede03001710d324a9131a27eb9d082e2226d2ed2ce0fb131c14
dc211c2bb226232612e2f90dce1dc8f1da32290ff419022cf604c3f306f9f01f
ea1e1515e1fc0b0fffed08f4ee0c48dfde1f1aa9fc1aff35e501efaf2af5d602
b22a2050f6c12122f1ee09d9e334cedcfa0a14d9d4361835ec020ead00fe0c15
073b1f2b10ba2510ffea2ce2c12a3fef090826eee941b62b04fd49dd2405e809
d32c190fc1e42803f2e3e6e7d329b9e0eb2719e9eb1ec13122f41f0e220b37ee
d1220e29efaf071021e4be07f3030b16ed0e39e6fa09160fed01afca10f01623
e3111217f4ca10fd15e61a02dd05b1edc7040b10fd054240ea0ecb323eeca91b
dc20060300fdfc1e00e21bf6e41133eed8ede1dfe4e83942fcfffed714eaeb1e
c8221ef116b0fcf7f3ecbeefe012cbf703fef2d6e1eee31f04010f0d5cead4fb
b6190ffa19d6030eedef49080614e6de0511efa2e6f0daf3e70518a70af921e8
ed212621b3e20bfe1cee0e1dec07f819dc2445d9f916b210f5fe09030c15c332
d6fd13e3c134f4f731e0a52307f59cf5cef626f2e509e729e4ffe1073605e113
c7402c2302143ae111a705dabd2aedb18e289aa3ab2ebb42e5d5eb331f09060a
ee001807e71001c00fbfb4f0170fd5ced607e3d6d6f8cb03f503e41a260fedfd
dc00280ee4eaf301f2f4d10e01009fefee0ef2c4f9ece5f3bd0503f21e059fe4
ee0afe0b0bc3fc0c12fba8e4dcfd4000e50bf2f1f7f4a0000d060ff50ae61b03
d10904f8e80df7f50d06bfdcb6091816fb1103e20c0a881aee0715f5fef503eb
d3301b1d04e516f2f1f906d2ed24400edd35d8dbf134c60df6f6182bf8d8ac00
2b1d0806272410e300ebdcd1d214bcfae528dceede01c6f0fffef6ac0e20dcda
deeff90fccee0618fa063aedcff8bbe8f6fee53007eddec8e00e2120f4f4bff6
e9cddeec1b2cd927e613fedfd8e3280d0cd2cecbe9fca0ed1012dfb7efcd1404
f4f2f8fb2fb5f41ff61ef7e4f6fb3f0eecfcddf81100a9df02011e1a09d6b9e7
d1e5f70a2918ef08eb28f9e2f2e8021ff3f8f1a6faf9a2daf2151dde04cdca02
fbec000004c7db36fd15acf1eee0241611f1ceeb19ddccd2001913d5f3d724fa
eceeebd426b9ee23d21ac9faace6e9fef1e720d412d9e9e1e50cc1d4dcd836dc
e90d240ebde223e41f0c2a0ad1e51611230ad0e426051e2207fcfd1df5e6a611
c80b21f531e21dc6151a281eeefa020d2414adf228070010edff3700eaf528fa
eb001bf9360df6f134f9f31d0eded3f21717010608fbfae509fe0ccd1b1b34fa
e5fa2dff281005fa1bf3c0feee02f0f9fef9c6dffc16f2ec060927b507f6ba1a
db0df1f9ebb8f5efec0f420dd81b4d1a1102b70c1213aee11412ef46f5e7d5d6
f5f5241ab9c313e310fedb1bf2e24411db10e9c119e70a05f80f00c6dbff2b20
f8f829eefb19eff217e30e08e7e5aef9e50b09fd11012c12ffff03ccb0e004f8
e5e114f010bae4e408092600fdf93300f402e216f1e8f1df0ff9dbf70c1838cd
f9f309f5e223e6d60801eb12d9e81bf2e2060cf0fdedf41002f512f309fbd0fc
bfde11efdcf8dbe719023b01cef546f702ded6050d01c8fffd11f600d1ddb009
22e131e7f7bbf0f00e130a1dd2e5da10f4060ee817d79cf7fe04ebb2bceeebf0
10042b0ef104efef1efa40ead1e808efed1a5c03eaf4b214fcf0d62dc80ac90c
e0d216f69ff0d9b1e6f2b6beb4e49cfbb1deeb19ede9e9e9288b81afef111ec3
f5041018d4cfe6affd05bdf4f5ea2703b8f6e20300e4d0081fb9f1b9fd0bf0e6
ccc52ff426efdcda24113feccdc3c50edce601ee1bf4eb13f2fa0ee6a1e8cd26
0a28fffbeb0af4e9f3093bf9d60b1c0e0306ecfcf1e5c8ef180c21beadec0a0c
3e010c09ebc7f8f21feecb080edba21101f4f025ee01a302f7eff8f2dff0acf2
e6e21110d2b7e7e116fb0819ebfd200fc2ea1315f7f513f124c9a2f801fae7ee
c0ea1f0dc0f7ec01feecc709ca0fc7f2cbff2603fc0d07042ae9da3c242ee10c
9ddc08ee1af602dc1203f62ddde6baf708fd070609fb0e10eb0ff3b4b2e1a6e3
290012dd2134db11fa27d703d2dd990b07180e2320ff00da0706ff1199dbdd04
28cf04e8c1f1f5e50716261ab70720062b03dd1c0d06ddf3e3fe071d0bf5c5d8
e3cffef5f613eee4060ce805b1de360cedeb23e6ecf4cad6edfebeb2160dd4ec
bfd715f906c7f7ce04eb4207cbfcfffcf50ef1f30be3e8e6d7fe00091b0f3efc
f7fa15e4facbe1dd13fbdf31b2f0f6023206f4fa05f714d0a823d741ee12bfdf
f0e9eb32bd0c27ead3faec1ee733aaf5004307edfe4adeedcf0829bd270da7b6
e8d8de2c0b02eef9ebfb3b27b90422fbf20215fdfb12040cf1ed273345f69a90
ccf2d316b8c4f31aff01ef79d8ff05f010f638df0309ec0002e22fe446ec09bd
f3e2de031e10f0f2d4f8003be8e9e2fa20e21ee2f301c5c6f7f8f6d812f4f3ab
19e1d1f526c3f807d4e12c2ad5efc4ee02ef07c8e5eccecdc8fbdc42f2c41983
c50d0e28c3e3190fe9071d36e827b5f3052ad6060638bfe9e810fd371a2b46f5
dee6eb27d4272131eaffc54cc72adff8ee0ceef8001adcfef6fe0e19fffc0efc
09e3ea42971d203704ef1e7ff12fcfe5ef2633f60236e614fedd1ad4effece07
06050c07c4ea140c1006b156eb1b2ef1f22638e81c1dda15e9e3ef38f40c2400
ed18030400d92908f60a39eff432ccfbe12b40e81a2fdfd6f2f0f309e20350f3
c30aee02d511fb0ce6f5a7f8d60a36ff29ecf4f400f9d9e5e50fd94536fbf5cd
d2e9e0fcc2e80f2ad708eaffbbf6df091cecf3e31ff3dcf3f4fef0fbf6ff1ee5
230af9efd0d40b10ed089805ca0af8f71e0b0fec0bfcf9e7d518f70dcbdb24e9
1ff9f7f215ef0203120525fff81b9e041d10f0f50ee50bfbc5082003dbef03bd
cc49f40acb221a22e41226bcb127a5fa0921f5e01716ed13bffb1e2de4d7d7bf
060ce1dff1d1090be500fcc4e908292000f7e1ea0302d7ede00df218c9dcc89b
b717f7d7ccd01a06e11afc16da1b1f11020be5c01df7bbf3e404f8e5de00b7c8
330adcd1ebdcfc05eb1d3108d8e2d20623f50ae315d3d2dec917dff4d4d7bce3
12fff5f2faddf2efe007b0039e01e3f40df523c8fff4ebf5cb0b09c4d0dfbcdf
f13d0c29d5e02a03d0fda5e308184a001d1105c208180818e00a1bd3fdd6d3ed
f8c7f5d128d4ce35fcf5d4071dd10d0aedd819ffe3da0febf4fd05b7a7dab5e0
dfedfde3fbbe061308f9de0e2c112bfe11fa1d1806e5f3f2fafbfd3acaebf1ef
f602dcfac10ff112e8fbaefc3504b5ec081419ebf3efef0c1208ef05d0d604ef
0e1f0c17c0c813f9e8f321fbf207f8e60d0a43b1f9ff2624ec0301eedffe00e8
14201a2226f11116e5ebc1e1220418e01320ddd3eb1b1034f7082d1b13f1dc0d
f2d6f5f0f1b7f50ffb08f3f3fee0b81908f8c2eb07d0e6e212150532c0d9c9f2
dde806e6d7b5fd0cebfee8f4ffe01efcdd02ebfc1bde1cec0af20aa6d5f60202
d5bcffe8e92fdc01f511fefa19c9b21ef9e1fd1311db11cbf6f81a25f1ec3403
41d60df31e35df0bf8143426ee039f2306f70feb13d605c3f4fc38aeb708b4f5
f9a9f1e5e022f600f8111adaf600fa0f1fe3e71728dc0e0808160ccacac911f8
e5cd0c03f2c1e31bff0dd611ecdbfd06e2dbc3e905f9f5fd0416140de0f315f5
10f1e9db2a07ec10cfc037dcf4c93fd8f4e705f7f5fef8dfe812ef35e9b12ce0
1ad602fbdadcf429f5003f08e9e9db00eadc01e703f605dcf0001bb9f1d0d4e9
2edb0504122ef202f30ebff9d5e8461d0ef443f507f00cd8e2fa16d8f809dff9
e1ca06e5e0c1dfed1612db08e2f01720ffcb42fc18bd1af4dbff32b9b2cf270a
f3c00febe2d0fafb0a03ae1a01d8fd07e9e2f6dd06e2ed0218ff19d1daf2cb1f
f6160ae0da2c09e707ccc42e1c1a0df7ec113bdde82bc804effaf3c7a7d6b923
c2ee13fab7de0bfcedcf2910e413acb9cd042af4bb2aed26f800e5d2f5e915eb
ec10fc1609bc0bdef1e80de9d50bc9e6ce051eecdb0d111edfecb7f2ef05a8f0
efeb1011f713e5ee2d2dec16c2dc2d3b13ece8f220c721f5c9091fc4d303c018
1dd30dfc17daf72521fb3a2113f62b040eedf8f510d2da07f7faea2ae716bd45
140b041dcab51f1628e9162ce415b4e6ce1c3006fb44ac26d3e41eedf7f90938
d10b0b38c31a26fe0ce4c8200500b4d6ef34cff7e92cde0affd8f5f3f4eecb32
adf1fe451ac21b0d1b0b22fdee1535fcf806e7f4f414262609d6fb1923fcf409
f9d10a08b9cf1ef3311ab00ec504bf031fd2da000703f1e3db00c3df273dcf0b
10f7fbe31ad4c6071bf8a522dbbc27ff30ecf30520d700fdfc0a041fd0df9c2f
ebf1f0e313d3e8e6031eedf7d5edaa092d01f0070ee111f3f90a0331a9f2d728
c6c31903fd24d2f01a08bb03fbce020b2bd80e16f8eab5d9e103ed0add27ef10
1611262ccfcb16fd2b2d2704032038372719ccdd1b15e7dad7fce7e8ff3b3201
011117eb29f51f053501d508c021cdf222fcb5ebf4f2f909c020bf041a16ecef
f1fef312ce1f13ecdd13b3fcd61edcf9f41800f90c2ce800b2eb0dc204070e0a
f8060d07e6e117f7f6090edab60eb614de041bf2091d1006dee40ffd250ecbed
f508fa08dbea0cd2f31b25dfc10e0b0ed70afeee041aeb0305ec152b2a1ae0ce
cbedeff2cc36faf9ea06a903fef1060aac00e3de04fef0f816ef15bc0f15d5c3
10e7fbf904c5f0000a00bfe6d3f0cd0de5fd1ed2fe03fcfefd03d43bf91226e3
de14f2f103010405e01cd5e60215a005070317e8fc12fff5f0f108e9fff4fa00
c813fc06c7ed1705ec0f3ef4c924f109f4fc31ef0a220f04e0081d101a0b27e4
f8f600edc537fdf0e22ae8dcda1a202c0afe3e052024e6d2fcfe1900f91307b9
caf903edfc05f327d91945ebecddd924b0eefcee14fdd1fe08f8053d0b05eabe
0603ecfc13c1fddedc04b5e5bb012113c40fefebfe05f20d1ff2d3d92020cae1
c73c040c97b914dbe509cef0c818de1fde091af6fa1c0b0bf8ee0af7300e2e03
1f3e100bda2d1bf6fc24df00b81bff13e9141be0171204d8f9fcfae3180faa0e
092c190a141f3807f92a3608e41c3324e4264be92630fab4fc03cd000b26bdf1
28040dfee2d805f9d814dcc9dff5dd2beaf9c7f0201518e00d0c01c7fa0ebaca
c82af90817e71ef2d41507eee522d224eb0cef16070afd162bddd83721272dc9
fa0c0c03d81604fbdb2736dae20dc726da0853f4ff18e410fe051e1701face0e
eb011cfec6370b1a061ce6eeddfc0705bffe39c5f507f82bf9030bed130fd206
ff04edfde41f01d5111f3311c7039e1ade0102bd1cfef10008fdffd6302e2ade
dc11ee04c235f5e70505cef40d1521f4e2f8d6130b0803de1b1004f9210be2ea
d322f5ed1ad118fae3103ecdfd0ead21f001e70a13fef00122c9d6e01f03b9d6
ee200509132027fb0c28f4e8ff25c710e13722f3002fefe2f519f3b90608a4f2
0be3f6f42124e0e4e022c4debef73723e3e114e704ff3f0212f1eb2b3e10dcd6
dafcf0f8ebd304d1fa0235f8fd1619f8bf0a26e5fb16042010ebecdc3224c4eb
e01ff609fcf517eaedf70ef0b7250de9db0b0dc8f124ece105e8f6111f162ae1
b6120012f2d91e05020e2dd4f01cf62fe104e8e50212f0f5e9cbf5a80c3023c7
f5fb00ebcc3016e808f40ee4de080d1e3006810af01608e71a06122ede37cee9
e728f8e101b813070e0829fd09fdeb100b19d3e2f119f2e30ef925d6b01007f2
e805ed17f2c7123321eae119d81f4307f613d4e3ec0cd4f3eef10519f9079d1c
14f3f5f5d2ff0b001503e80ae217bd07ff18e0ebe925aaf9f6f710d6e41d23f6
cbf2fae339cafce8f0071fd5feefe9021cef53d2faf1d2e4ec06e716be26adb9
e7efebeaf1c9fe0c1bffe6f2b7ff453723fb08e1080cf9d7f5043dc5d82a97f1
f92e03eab6bc200702d3171ac51b1ae1d8341be2c43009cf060d13a7fc1933d9
f53a051009311906edc328140738dab7c82842f19b2a0403f2f1e702fa058cf8
0a30f53bed21390d0bba2856e44537ced33405d9df2314fad1f305c207efb4ee
f52b070f30fc092a26f125fe05190be3e30e1cebfd03ebebc901f421ef10a4f0
cdd6d6e2bd0ff41b0de099fbf4f32afc15fc09e601dce2e9100c3ffdf805d2fb
db16f60efbe51311dea5bf35cb2618a7e43b0404ab3007f6f0e60dfb220537d4
da28d924ccfc4406f2a3bb01ca1ea1a4dc3909c38131ec28fdd123efcebac615
d12cef1bea2e3b04f984eb1cd14033a3c0281aecaa342c2a02e71111f30b27eb
0c07d702f4f2fc1a09fa0e04f909a8f2f30bc6e802ec12f0d802e93bc0e9c1fd
07f8e6f7e02b04f3ed04aedc0010ed1c1eef17dc0402e71615130333edf11301
e702fd0b061c2e14e9c93303e704deee131643f7ee14b712e8faedb4f9039e1c
d203ed18e00b010afdb3150b1102bad1e12ccfd0ca19c7f80301ed27f225c31a
d611d518d31d1c11fae8cef4cb0f33fb0614c6efc90219e3f208d42f2a2cacf7
fb02f0f4c0e630fff71a19f8e801ecf9090deee9ee0c23dbda0a9acb0c0149f8
17dc13f0092f02e50be636cef006401035f315c8e7150ef4eb0f1bb4e908edf6
ece4e50208f22d0e10f4ee06d60c24fdf80a02e1ee00d423e305f1a3ef1aea0a
dcc3f503f40bf70c1de9e049abe2b9f2f1dcf4d8f7e50ff1fa0dd5f7ee07ca16
220d0b0bf90d08da1df5ce19cc1cc9081c10dbe6e5161906cb0ba4d90233d9f1
e80efbe7d3131dd8010ed105b10b120114ebffd0e10e2be4b21be322080cf4e0
fbea102c12e407afe1ed81bbe9029805130f02e0071fd42ab710b4ba3246ad01
f2ce190bdae8eca9e7ee38c5ede3320611fdcdf411eacc1fe4229cca131ca1ea
d6e002f60714f3b8e2f49ac9f6e2aaf619e4ccc7f8e9b426f019c0a8f126b1fc
bc0fe3e4c1e8e7dad605fac4efd81ddf5dcffddefbedc4f6d30af5e9ba1f0512
f1dac0a0270acafacaf6dd91efbaecd63da5e2f8f4c5cac5e2e4eae0d4d80bbf
16e70d18fef5e9b0f5f70ecffee836f31bf00edcf0f3f222f110a3fb03031802
c8df04f931e4dd8bfefc13c404d9f90611d8c9e20ddeda1aee0cc4b81f0bedd0
e6d604e74602d4910514ca97eadf2c101ec7b2fe10dbb12bd8fdf4c6170dc6dc
0cfe0bf4dcf4cdbc0819deb403f2b9033dc8b6e6f7e29423caff25bf020bc300
e0fe0bce2dc1d91ae0f994be0beb29d337e1e2e9f3c4ceede9f325f9cde3bfc1
fe06fc2c0a11f0f8e2fbe6dc02ffe1fe1cffccdafcfffe04d608ef03e00c25fa
e6bffaf6261ed4b2e91ecef912d9cc0b1dced9ec10d8fa12e806092210fdc3c0
f3a405e12adfc99c0b1c31b9fad6b22b28bbb7dd2be2da27befe23c0320736b7
f6c114ecebf5bc910f1a00a7f6da9c182cc3d6ba0ed3cc08ce0717464a1a23c7
dddd3b08e4c3eaf2f602adddebe9ebee0ff3b7b5fed2d5f6a80629011f03ade9
f5f9dd09c981f72cd00bacd6ff0ba4fc02089de8fdf3f7dcc4fb09ccfe2449d3
c7caeb01d4fddc04dcf7bde905e2f9ecf4d0c7faf1da06f4db092b0bee10cee8
d5b905dcd1ffe2b4edffb0cd0cdecc0c27bae4fa06f1ff16d3061737160ce4d1
0dc40ee506fbe881ecf9c4b7fad5aa1b19d8edb200e9e902b70026b8412010b2
dec727fde52de8d5ecf725c4e7dea802faf1e9bdf3deeb1581102728512bfcd9
11b5bed2adebe0d3baf0e0a9bce5f51705e0b0e2f3e9f3aec6dbe42d08f6ada0
d4fdcbedd8dd08f3f0d30b028df317e3d0efbeeceb00eecbf0ed20ad1a080dd6
dcf9f3ecd50c0d0d07080114a1061200f2e6ace3021cf3f7f00521b01bfdc501
f9e814ef0b33e5c3fa0effeaa6f91c03fcdabbcdf8ffeef3c9002adc2d12a6fb
e5082c09d11310c4f10fa0eeb0051ff7f70101d6f715e1098b0a24e14832e7da
c63bf528eef927f6f52b9cf5ec214519dd152aff241efc040ce126c852311c4a
e640fc2101b52c1a110cdd15d81a29fbdf25d0ed1729ca0e0cf0ef0b34192f1b
0b47fe1202242cfee0ff2e05d52d00efc23ac1e40126ca2d07d5d71c441a32e7
f242f21afb2d3300fb12b8071223c319ef3a06dc0e340a27fd01dde4191e21f6
e379183ef3c665250c332c1e064e331cf5621fe61052f02dfff5133e1f3da708
cc3102162604211ef81df6fa041111141a0de4dc12201f200bfdedccfdfe430b
b013ff0ce50411faf707a7020d17150f0000e0bffc0d0a190601e9d335ffc8f1
f81bf80caee00316eff8f8130e0da5fde527e4cdf918ca03f103d6d50cf5e4f6
fb3afc12b41f0214ff02ae1fc60fea0eda26d3d4082af014ef06021717efdfe2
c519fd0ee71e18f3f624f4181525ff25121dc0cc1a20fe1b0dfbea2427112612
df20e70504fe1108f525fee4b2003e15f110b9bf1b14ff2208eed5cafccdfa07
e5f1f8f91a18fefc141f0806d8f0e523fbefecc207f819fdf406e920f9e61401
13041004b4bc1901f118d304c616132de4071dcc1c14fc06f610c9fdf30ff3e5
d316fdfc1c14020d120d07ecbff9b914edf6b0d9101bc404f4f6320616ee09f7
c029fb0324f8100900263915e517c0310e12dbb7191405f5e6e215d42217120a
e90bf0fcc0cd07f2fe10d1f0c5feca0bee07adbe080dff2404fab642f9e9a313
cbf5e2f6ec28f20a270bdd28cef31405f4e5c5c80afd1ef5080503d908defb10
e20a03f93617120b1c11d116cd1ba2160f291afe150f0a0005fb03d705e4f102
ab042b0edf0d0fe92614fdfdcb2cc310f721a60b190605f6f9ff2dcff2e1a200
ce1d0f01bf3718f20e21a7fc10111c250121d7ca1511cceff3d9f5340c132106
df1beae0e0c209e20e28d4e9001a9e03fd03d5ce0c13c7f5fe10b5b8ecf0ec0d
ce1efe06e0fbfd1824f3aa1fd70ecef7f0f6aaf3ff07e91f2dfedbbd26f2200a
c2edec0400ce0d1e150f041dd30f25fdd8fabcfefefc102623e025bf5fedeaf9
dafdf8e720ebf2d2e825b7f6d7ef3b0d09f6d50f1aed1e0a09e71ac44bd918ec
de2e0a1100c125fb143621f4f70ac8251f0999bf1e17ea05d6e7171609ebf119
3cf0d328e325fe3af330e1f2ed284be9d6ef02f8fe0d0e3e1323fc202425f2e9
13f41c19e5ef471bf900f905eb14dc06cf0dfbf7e7fdff10ef2bfe17061501f1
0e36bb12f6edf521fefbfd1ee4f2f50e01fbfa1213eb1208150dfe09071eda17
ec201df1f9f94213f4f5080ad7f0f80be2f40308ed0003d820ee07f2f417ea07
e1f603e20ef4281605080b180b032b0ae207eff103eb05fe1901f613fc12e701
151ab20ff525d72d05330714f8f71ff6dbfe02191653012bf402300f2a19f309
06089f2efd0cff1fef1cf8fefef8f906d0e80404134ff90c01f332fefbda14f7
d915f706f6eeb002ee00f407ffd7ee08d8f20101eb1ed6f80f0411e8e8d9ff1a
e0fff004e2e3cb08fef3082126160f1adaf2f5eae401e9fcf62207f6e507f5f4
dc0ed209f1e6ef020af0123121141032bcdb08cf10efe5ebec28cffce53df6f3
471e51f91826fb12003b1e0ff5cb4d00cadaf5eb1132262ef5f40a4430dc13bf
0d17cc19050eaff60c070c020fc338ffe407facbf8160d0c05edf70f26b211e9
0a092d1ffc06f4e61c152c04129339eeb70de4daf8191cff1afff20a0a8d05da
edf1cc0ce5ed1de913ee0b1c1bf33a06cf1edfbecfea1417f61ef10df1f4ddc6
f7f39c2305f131e3feeafe4731e55433bde3f3aee0f40d03ed300a04df4ae7c6
150426ffed151115122b10fbeb0f4103e5f2ee0f0e221112f6ea012322b0ffd3
23fa24f70808d6f2fc101e0805003306f7c6f7def923132f1be9ff1c2cbafae0
f400ef0906f43dcffbef040c19bb190ce6f3edd01afff50c271112f900ad0ee8
d501481af5e3ecce0eec060813031f0ee5d4ebd9e4f8ef160e0de7f9f1f609ef
d3f54b1e03de05defcedec2a2bf11313d121ffee13f90111e12edd04e324f4f7
291c1c1aca252223322a26d8de2868e205e01503ff002e4fedddda3c1caaf8f9
1ffc3303e416cf150a2b11ef0b1c270814fe0f05e4df1946e30af2261c9a1aff
1b020100d11bb111f81d08f4f1fd100af3042025360cfa21f7fe162621d81e1a
ff0729e7b5fb481a120ffdf20c23fc0604cd120b2b14ff05c6050c0002f31932
ebe8fc22e9f9ede400f50a090f43fcfcebc9170d26010407c119faf2f52f2328
ee17244238e631de07edf7032903fa1222ab111b28ea06fe0c24e6f1db2b0b28
fe1afc2837ece6e5eded02fe2be8eb1314f21b0d0ee9e911293ee9fe18e9ed1e
f70ba2133df911f7f8faf7d40706def82cce0e1dfafdf4fa1639eb03fe9ec60d
0d11d1082411bffef41b0f040309ecf817d3051ae6f3fb01ea16fc0af6c9f809
e702030238eae4e301eaedf31902fd14081b0508efdde5ca0a12f2f9e1ff0112
0f21bc2129fdf8e9ff020aec100ee7f11c042d1c0de82933041d1908f305ed0b
fd0ac9072512af200c13fbf81118e0f8d9f20afa2e09ed10021d101501f3e916
2b22270ff021c30e132620d9f11c04c4efd91be83249b518faf9130913a1dcf2
1216c90a2103a61c11f31e12071bfde30703f7012c040d31e227f50e2aa8050a
eb01e7ee12eee0e1e909eb010ff4e706140bef1027fed30d1f33f5f0f0dae1f8
f719aa0420e6d2f6ef1624ebfefdcdef05241527f9d3101d3b1fecf5f9051032
f80fee1615f3e6f3fbf9eafc04e3c7fadcbdf40bf009f4d5d0f826e9c02e1e18
0e059a0007f9e91a09f20cf805f8cfe7e2e80eeb022bbff9e8ee2305eb20daf1
041d37f12704db2811021ceef919e0ec0326edfcff0ce20be41404fa18d6f1f7
e43731f340e109e1e7eee5e819dabbf52df3e71afc01e41ff6331dd804ec0ffc
e91013ff28f426db160d1be7fdebe501fbff1124f2d408f80e09d4e6e709ff3b
0b0ec7dd29f0c5fdfbe509ff1804d304f9f40601ea340ddaf31affdcfd220bff
0dffedfa03ea131601fa020306d5b90209ce070cd43804edd1e3271f0828f208
0517eafe00ef4ae501001cf8e3f7bc26e6dcedfa0c09dee3e9fe14eed6f93501
c82d2e0432d520e90aea1de9f7edb7101bdcf22cfbe8f9dbef1ae2d4e3f62510
d823b20a21faccc309e126e9efc904fb2101171c03da0317f9ffc5dff314021d
e6f7aaea1ae403dae6c61df2eec4bce42a11031ae20ae9ce0be7ede4ef17f60e
e0f34bf314d8c1e402fc04e2fdc7c9fa21e50405d5fc04e907fdfd02e908fdf8
fb07b5f625ed00c304e7fccce7d3da0118ea0632f9e1f9e414f2e5f5eada0712
c40f342c22e516d30cd807dce4d1cb0c2525073720edfcdb081cd6dae8130317
0bdec00ef5112d090f0adbf4fbfc45f0d41ef1eeedfffb21a9e50803fdfdfdf4
0ddeef140c0b120a1b06f1f610271e19e60910000c2d0326acfbfb151e05f700
1ee8c3001812f8f91117eff719d82309dfe50802f2fbf3229a1fdc0f0efd110c
38ebf10227139afa061cfc3136dd5919d8ab08fae4fd1e13af1fde28f9151bfd
23e4d5ff1f22d9fc0cfbd0292bfb4318d11aedc1e6fd3902ae16251be52504e1
1ed448dd19f8fc020112ec0a03ea14feece4ecf0e3f6fe1acb11071916e0170e
f0eda9ee0aff1007130900f9020f2708fbfa01fa09fcee22f4f501140213e721
330d0005072d39001c3f0fe60d0728ec0bd909ff220b073c02f1dc1e1dd4e900
21ebefee1e10ec160316e11d2dd41703ebeb1ce4e5f71e19f50bdb26fbe90002
2ad516f1191b2430f50ee7201fc73210dded13c2d2ff250dc21bf939070cfeea
00ddd6eefa02f2f9100bf20ad71f13ed271a14101bd0211be201f41200ee1701
34211507e22ff427271f16f1d91d04e132e61b2635e3144e0bca1f270fdf182e
5921a20bd137b8420b423d18f53b10ff0ff80e263627ea4820deeb2c26e2051a
13dcc403fa092123170f020802031eeffee115f61a140e05dce911190de6eb2a
2fc5eb200f21eb16fb20f10e0fe53af50b0421dcfaf61e1ec61e222c132005fb
30cc1b0ef0171c170d2203061de70f0cef111b0e0735070ae6093627162dff0d
01f04c07d809af0701f0f203f80a1bf5270314310905ef14f6d5380af710f70a
160bfc18c703f3170efc0a0d06e91a0f1ae60006230ee5ff17f62e1b11e5e62b
1df838fe15fdd0220702121013cf4405ecfdf4fff8040ffbd103101713da0615
1cbae90cef1cab030d11e2010ccf47f4f9e2f4dfefe22d0ecd0634201b010c1f
34fa1127f022b8292e1006dfebdd52edcdf000ed2a201541e5cb2f3b3121f611
3fd00015ee13bb16051ef0fb09e143f1ff120a15e20b052ed5f5181c2232fdfa
13f6aa01e806fd1aff09fe101e973416dd1decf6d3f81a1dca0fee20111df6fb
09f2b604020e0c22050efd282ad64dffe404dfe31af1420cd5192a1f1a0312eb
1be29c1fe91c03141d0adc0c16df66e5f205f3ec13d440fdd91611f91dfc10f2
d01f351414d631d015d00bfaf0131bf5daddf9f904200df8c61d31e5ea0f39f9
082511fa16e3dffd1bd714241b031f05ccd1feb5e938fefde8163409f1372cc9
33170d18f910b216180209162137401cd7f319cbee28041b02132419173a07d8
08dca20b17f6cddef7ff030111bc350b06ddf9cdc7ff1a15c20b200bf129ccf1
fd10ebcee5ebbcfd1a181fe5d8a524f1f7c0e0edd30b2540c6cc0a23ffeafdcc
11e9f2e622f6f301ffec012006120c0be1dbf0b4191e09c7ef05191ee81b15cb
f6e51a25f9f00aea08edf513180a1607dde8dfc3fe01f3e1ee0913ffdfde34d4
f7f5c81ffbf918120807fdf91def400abbe3efbcdd1c0ffd10032c0cf8fa04db
0df21701fbeadb04f30109effebb1e0ed8e4e7cfeef7070eebeeeb130120c503
1f55c6f7dd0b260f391f50e4c4c43d09f21edde90aff1f34cfb6042309081a11
f611e6f705ef1dfb00e3160e080e171afeda04c6fbe522dd1c01c80af4eb42e0
fe0ac61f090026f81df820f7fef82304d4c0deaff9cf2c1e1e06d607f7c519c9
ea1dfb271be5baff0ffa1cf7fdde15f5c9d8ddd6edf4ff01340618f7f6ec05cb
2f2dbd0f05140afc200419e50ae8fe02d8d824f82a250e432bf738091c13ef0d
320c38dd0c0dad0405172a04079ae101dfd926372a443b3ab12140132ae9055f
e406beff10e6bfbcfcf2050124e2021b131be0ccf0bc1ff9ed0dade5e9e30ee4
0efc1e041407b8ee0f2e04111504f21b0600f2d6dbad2f23171aa60419b5f4dd
25f5a3f51507cf1d2225efea0eeaf6f504b8f1f019e01e532114f3092debbfd0
1c110f14fc1e00141d270bdf03dbf2f3ebd9fce90e061b282d00020118e2e2f8
2532d402ed45e129f0332b06f5cb07ffe4dd2ae80c082251f008dc142c990225
ebf3ad14eadbd7ef090ff5080bec3a15dcdce2cc19f702f2b414f903dc09fa93
12f8cc03f5f79d0d211d000b00012b1edbf0ead020071de2ff04dd0ef116e8cd
33dbbff30a07ca1e2c0a120514f8f91904f805fb17081f1006041a20183bd920
6112def600240343013c1d061ddd010df7070ade12ef1d35e9191b26371be216
3a2bbe13ed2d3f1529272405fcf32b0ff6e7f1b7ed0a2341e10e042938e40ddb
3b0be4230a1c2625042efee11db72cfb050a2d2c09ce19412725d32e3d0e0ffc
1c211b0e0121c1280d17f8070a0c0c0a15e3022201091c272c1bf22510eb0d09
231a1bfd07221c40f615122f10181424ff09f8f4cd1d1022110f2821143908eb
2c13e005fd22f42fff070a23fe0c2015e8e50d0eeb0b0230110839232847f2f0
42fef228ee113f25f816132500e23dfdf6e531350d23064afb14ec373515dffe
2615e91310060214fa110a0e12df0bf50de717291de5fd1c2d13bfff0df4080c
1d2ec2140afce21ef1f20af8180125e314e52205ee0bf6132025e70714002925
1c1cbe03f705a23eff040116fe26f9faf409150ce9fafb061016ea1117290e09
fb0b3c140ff6e52cfbf9f807f750f80dde281218f625fdfd191822fcf336070d
27fe2c06d91b3330eb2209360bd2091aee0e161de305f932040fe91a2310f010
22439efa0318fd290b1ff51c33141e0c08fcf4f6fe120c1a1d230f1e220dfbe8
0220e918f6f7b711f4f60d0f1e1add00f9140cfcfe09ea0a2918f6f1f9e02637
0a2af00be2f7fc3cf10afc22f601b314edc1120bcd07001b1c090f061e16ef26
0d1d4405e902bd2dfb0c031a043de121f0fb0115eb0502141cfd1a161729d70d
1d2fc2ff002bce43031a02250211f60b0d22f5f7e02202181e06fb092fd5e9fb
2218e500e7fdc615eb08f53241dd081bfa04f90dd8fafb222832041212e9f6e8
0717e2ffdaf8b315ff01083135d5f812f82608facb1afe1c242606f510d30610
0a3fba0ee5f4b223020900261718e41a0e101209bf1afe2a3e182801f8d6f218
1a15bb0b11eed107f6faf0241335e50f0dc30727fa1df31c3411e6f71102ea24
22ffd724d0fd021d0019f13430f2170d02e71d2b0a0b06350836fa1718e6eb17
28f6de24e01c092b082e0d182ccc2104fdf6272ed4d019480647d41034d4fee4
090d3b02acffed2b07f7f12836e01810eee61c04f7fb05141436f80527befee8
032cfdfee0f4cc21270fda4d3c03fb24ddedfef1ee06061b3427f8040aebfecb
18135403f801e8100907e32d4fed021df802160607ef033b2c43d5ed13f3fbfa
21ecd024b3f6f60eff1dff294acd260cf1f53619f20a033f212af20115cfff07
ca10161221f19cd9fadd160d1e13e71715f60dfa27c7e8a1171b30eceffd0a0e
ff2687161d0e0afa0c1614090deae11107df16f32fd5f5d42f083a0d08fbeef1
f025000e11ed06010be617000bf8d90511fa080d2ae4ead21108210002dffb09
f11096061af4e400f6f709f31206e1090be8070d2e03e2c413072bfa03b6f6f9
fc0f29fd1df1b4f5ebe8f907210ae30c0cdf050b1f08e0bd142023e7fed20f04
f82fed290616e40902ec1001092721fa10fe201327e407e91c031ffdfdf6d7fd
35388e2af13f30450d3225fcf82239f509f3231433f02c3138f6301b2c08dd01
2115ae12ce063a201b1317faf02502fa32f31c3443e30ce8fadc0e1605ec1426
25fe0d1fee0945210a1c0cf9f5fe17072b05161c3dfc1efb0ff41a101ed50218
040f190a1709a32005080efb120cea022a0d071134feeef21bfd27ed10af040a
f92a040af5f2ae03f7e105fdfd12090405121b123106f2bb0ef52600e40ae3ff
1206ff24dd16260e08f7eb0b08311e0415dc2331432406d922f63c13f127e328
731e1b02aa531c6b1a4727e7d668faee2af4313645281efa33b1593c4db10a25
2b21a703e33dd15e1b2612f8fa3035e92dfc1b27391d273924e42f3f43f7dc25
ff11b5221a01060911de06e5f81ce90d33fe0e183decc8c33bf514e8f8bc151b
1728fd10e804ba1e101018fb03020b0511e805081afe17db18f60e160ef2f2fa
291f1e22eb13f43d0d1111fcea1317fb16262b2a501f081725ed3c201d0bee14
1b1cf3fee913c43915032101c6fe03fb2ddb3b495137f3e01dd77f2516301b39
1822241c060faa24132c0b0dfee62f062ae20a33452015f543fc552c15361b33
03272a290823291d220619f00c3a210d14c80702400b05f147f83b2015e114f8
dc2dbc0c09e9e2f80cf9140f23f0d80d221df90229f916d21d2208eee7ff150c
0d34ff0dee08b71f24111cfc02fc07090eec180a311c210f2201350bff05f50a
06242d12e405f71b0feb10eff3f9f4f31d201f22452706e311f03c1310130d21
0c2a371ffc1601170e1007f3fce618f70fde13104b1b190928fd4216fff30608
0317d9180211e00e0fffea0d1e0d150b1911f2fd312518ee330f1c09ff170d00
12e604dc0a182b1aeb0bf6fb084ce50fe705fafef41ed2faef0a17021ad20acb
f9ae39e3ff19e60bde03ef040e05cd11fbe30809ff1ae304d80f22fc21c9f017
e7cb9cfa0b00bef3d509f40e11f1bf0203b5140ae812ff12bc1b23e103b7ed14
e8d9fddf0cf2cb06e2120efb0520bb0cebd800f7d4fbfbf5090aefe808f6fbed
c4fba7e42be2ccd3eeda05ff0b55e105b90009e6f1e8dec62616adcffd31f6ea
06edd1e32121bc300d3509fff71c15f9e1bff5f8f128f11502f748fe18051bce
f5d703db1203d2120501fefcfbfffefcf1b505fbd21ce400d2f916ef00eff70a
cddf4aea10e2cfebcef5f40012c4ee05f3e60011fb02e7fabc0f0fd3eed2df0f
f606bf0e1303e905e4040bf701ea17f6d30dfcec040c08fae40bf3f607c2ebe8
f0f2e9ef37f438d9cdeaf81521061c01e805f7e0ec21ffe7fe20bf05df36f5ea
1ff050002a122628ff2ff70701d623f0cdc8edeaab011d23fbeefc0423ff1bd2
eb139ce005f2dbf30cf7fef803edfff3e510ed00affff41907f9fee7f0d8f7fc
d2fdb4e8faeab8e5dee6e706f8e1ea0eec2ff414bb0fe8f4f80cfad4d7f8e410
0ff11def0c04b5030e0e16f5f9ca1107dec5f8f1e1191f0cdcfcf31308f4ddf8
23f60dee3b07cefef011f50618c6fc06e607fcd0de301710fd0fc623102abfdf
05e5ec052829b217f112f702df1f09e0c8cb160709e51e32fdcbf304f60cddcf
1b1114090d0ee928161f11fbde590efce2db3d25e34219d105c1e41dee1b08cb
14dfb0eefe259a4f350c21dfc25be3e70fac43f1192d02b611963e2d1c671c00
16dfe8df0910f64521160bdbce1bfb02c8fc0eff04edfaf104d42417161b0604
1001e1e61e1cce2df7170ce4c82de100a4c8f6b517dbf9fe23c9f720051de9cb
fef937cd3323ca39c4f9dee5f070cfeee1c7e5c200eb041308e92514fb4ac4b1
f1fee00a41000223f0f1d9fdf13c0ef3c2e5fc09e1effef00af61a1edf42e0f6
0acbf50245ee200ce7e0f5eac719f9e8dba21d10f2e0fff313d74627013b12e4
11f8a5e034fd241411ee1bd4a932f5c8c4b0eee504cc0bfecfc3170f1d8116e0
2d1ff8ee3725d723121230d5d4441307ecfedebb1ae21a20facf211d289f17e1
1708b5f5ea0eb718211a0c080d1c11fabe1fecd2311c1cfe09f6ea0a060a1ec0
24f09ceffb2d0a310d28182123f80f17bbd414f0f42c28060604011b131714eb
15edfdf1d82e0c2b0a1628edeb07f2def8ed1905fc071f1820eb040417060604
e7eaedf8c20debf806fb14fbe5faf0e5f1e115ef1804081dede8bafefde80a21
f30ea1e1ed00c2e62ae82702ff20f907e8e913e62ed9daf70dffc9ecf00a1a18
30e22ac9ed28ad2f0f17051a190be6fbe4cf1efe09271e08e10ee21c21f007dd
09e8e4eee7098c1c091f14fe0412b9f6fcbe1b3cf63b03f309fafcf6fcd5020b
1be40fe8e70ba821151b1bfce016dbfd02f32821e00b0cf6f5f1e30901edff04
fff80707d600b71c0ef405fde638e5f911da04fdee22fd00edf4b20620f10c17
e7f9c6f801fcb2df0bf7fe03fe14d5fee4f2fced31f10501f904a9eb0cd30dfa
1fe62be8d618af2d02f7e3fafdd7f8e6ffca2c2fb9010613da01221903d3e5e2
08f4caf8d8188a2e0b1afbfee1e8cdee12f60329e23debe0d4d5290bf8c0dd0b
01ff45dec8fca71ce3f1250803e4ae0903042c0ef124e7cbfadd12f7f90109fd
27f015f3dd0de611d6f812f3fce0c7ff10221c1d3af3fcfdd5ebecf9290a17fe
0fec46f0e3011d0f020427ebfbeddff020d3200bfeccf90ff5f2dc072cf3f408
0be217e2e51fcd09071bdef1f6ddcaf5f4c9120ef519e9e9f6e164fe05f7f7ec
0cf642010623c1fe0f09110df10a02fc010c1215da26e9eec6d5121003d7e2f6
21e7d1d8e80c190ff8190dfd0ee5b1f008ae1716042dfb13d4ed3c1d180808f9
1eeae5cbe70dde06c2061b03edfda8ec19150e370d0edffee3f11d030a0c2a21
261547d2f713c10bf00a33ecdacace0904da1ffcefbbe50be0d1def50f0c1727
0ef3c0eef0230bf71708f1e7da0e01e8d8feeed9d0121603f7d8181024fc09c9
02e91ef50e09c4011612242118ecfc02ca0cf5e9021c0cc1f31640f0e30c1bd2
1ed5e0d7ec139234ff091afe14f0e8f6eed52af7e521eddbcbf576151cf901e6
15e3b1cae50df429ebfd18fdebe5dce7e9f8280af4dbcac3e6012301ff26050d
ff23c4eef507aa1417f938e4be0ddff72a261ceb37c6f410e4c6def105020409
c981028108dd1eb3a6d9810df3f38614c9d981b8a902bfbbba1ad8c0dcf3e685
d8e1f2cf1cf145ead8059708faf4cd05dad7a2bccbe4f1f7e911f8e0f51807b8
c7e2b1dc07ec1de4e1e9c9fce509e709dce6ccd8119ef1f022000dd9e71f11d2
d108c2cf21f116e3e6e6da0204dad720d6d2d5ec0a87e2e00f131ad9e0332bd3
c9e0fe9ef5efced2d6d5c9fefe15bf16ade09ed40bd5d7db0dfa25dae00affa1
efc1efb926e6e2dab9e2b80bfaf8d602e6cdc9e3fa1bd3d6f225ddeaf9ee0bdd
e90543e91be6e4dbb9f3d40806f6ef0502bbd1e20d15d4e40f18fadaec08fe04
d6e8cae212f5c1ded704ecff0005eefe03c6d0db1014dfed1ffe05e0f710fced
d7fce0ee22f4e7e5edf2d6f405e2e51303cdd0e3faacf1d90e0a1aeeec3101d6
d0e921d90df3f3e0e9e5e00512f6fa0ad6ccd7f513bbfddff51c0feffb1df4df
c5e7d4c81ad846cccde09b16f3e1ec06e5cee6f3041dd6ceda12fcdcccc60ce9
e2f3fee3f9fb1fe6cff0bc050226f2fff4d2e603f70af0da1207fff0e5dc0d19
ecf42ef712efdee4d1f8cb111719cc0fe8d5dafaf61ac6dd1c071adcfc0efbf5
ebe43e01f8f9f1e6ecf7d8fe0f1eec03ebf9e8f8ebf7f4d3f4f726eceb17f7ee
d8d804f8f0eec9c3ece3ea10190802faeacbedf2d8a30ad7f415eeebed13f6f9
e7db05cd18ecabe4e6eab810fdd1f308dce4c9c5ee0fe4fdd7030beeecd920c7
fc0812ee0dfcf3ebe807d30c04dcf80bfadff3f0e906f2fef918f4fcf2db120a
f403c7e9fbfd4805e308d8080cd1ee06f5deea03290fdaf40906f2e402ede6ff
00dedeecf90530e2e6fedf0a12f9cf0501d805f716f0f9ea020dece2fd12e907
e7cd0edf0cf035b7d5ece20a1619da08edb8efff00a204e6e617e7e1e30ef2e8
c6a7109fe9c53fc5d6cc9d0ffe01e40ccaafafafc722bfbdaeeb28cfdbef0181
ddd70ae3edd9f7c8f2d9c2100ff7fa09e3a5d7b4dd07ddeacb1f0adadcf0f5b9
cdce1fdaddecc4c3e9e0b00b0feaeb0cf3d7d5e503f6e304c30fe7cfe1d8d1e6
f2d5f7c6e7e9e6b3c9eda9091ce5bd110192d8f10be4e3e1c331fad8ed07dd09
c6aabf9b0cdba99da5ceaf0501078607c6eb9bd4f7bad6aeb209e8c8e5e4ecac
162dcf29ae1cbe070e2609ded2f10bffe708d1d7dcf11a2752d0f5261bc6f6fe
de32e830bbff06f110001ae0e81ee3fafd17eaf001bef30b21daf5fdf3e80904
d32a4821acedc6f424f505d4b153e1e4dde4edea1ae5fb0a3ad9eaf8fafe0ce1
f00dbf00aef3f8f61d07ecd5cc13f1fec8fcf0e004f3f3e721df0313e7f8fb0d
fcf10dc09e01ade10909e0cecff7ece7e600dff602f4f40e09cb1feafddbe225
e41fdd2becf9ece711ef0702e9090e05ecfadff93313f6f118f80213feda16e0
07123d13e502c90af302fcdbd8e6ec0401e8f405d4e60af400c502fc0ff81dfa
1417f105e002b00cea08f6fef01aeb0c18ee10f41dfe0cf70cf900fd0e1b05f1
030f370dee0909feea01040cffeaf4050d0af6e701f9f9ec1404ef0bf00d1ad6
f605e21ed7fdafdb02eff0d6e6c0f8e2e0e0e4deeadcff01e4e013e6eff50925
e029c322cff6e2e213f0ff04cd1717fdf601f2f3c2020e01f4e7fe0ff6f808cb
0526ae11d509a909e2f8edf3e4f3ea02fcc2f8f4c6e4fff8ebe2fb07ecfd1bef
0d081206b7ffc211bc04e6e907d9f90327e30717dcf1fdeedeef03040a1c2507
fc19ae0ddf08ad1aeefd02fce3d50606f5d7f7fae6030bfcfeebe51f13101ed9
e401d110d1e0c1ce1dd508d8d8b008fdb9ece905ced8f5eee5e9e3f8e807080e
f9150cebcb1426de0b1303faefd8f805dde9d7e6fc1210fad1f502ed0f0403ca
05284bee06ff0bfa0118f5def60ffc0405dee7d9f2e3faf8e81305000a1812ab
f3224df4d1f6d6fbfe1c06ede2f5ddf21ffffdf3ee02e107e3e209fe0b050dda
de0bac0af0ef11e60df802d8d6ff0207f2eee5e6f0f7e7f602eae9f9100dfcd7
060d3702d807b8d60f0008c7cfcf0713c10bdcebe3f40402f1dff2f216fce1f5
eff4c6c3b810d7e6d21bf5ead9f7f6ede4daceedd8f6111ebbd914f013bff1be
dc14a913d6ed2fd3edf8fed6df15eff107e4f7fbffebeaf7d4fa1feaf0e01bb2
d91ee204bef641d012f604e2eaf3d0f5e5f3160106ead6f0c107f0ebeb1012dc
0508a306bc001def28fd07d9dd00d914c796f80d192eff03e7dc0af71115defb
fd083906bdfba9f3f801f2d9d1f9dc1ad4eecfc631160a0ee2d2ee0713f3f5d7
a604400405b8a9a906c2e2f5ebfeb4df1316ff034ae0cbbafdf1ecbcb03aeaeb
d422271df7d4cdee10dd0df7e41ccf0702f814062bf9cbe50ae4f3c5de36cff7
ef49dc0616e713fd05f109f1f265a407f9e7161f2e0cd1dcf5db0fe1e601f01c
e727aa0a25e8f2eb0de80e00f81fc4ffe00e10172b0be6e30aca34e8dbe00914
a5fc421715c2e4bb20b5fef3fc1ffdfa04af0a0338ebc2dc22ca54cdaab70524
de16d50700dfc8e824dff80ae036c7e8edd30b126016ebe00b0102c2ea29f6e1
c50f4cedf2d3e6b31ddaf500f921cafe13d9f00d362dd9f5050004c1d146dbea
c43129ef15cde3e50ad61ecddc1aa7f231ee0f1d141ab9cc11f30ae9d3cdf01c
fc12d71929ddd5e80ce739e6f732f5e906d6112b23f2eec40c0318e2ec88ed31
ee03141e16ea36ecffda06032525d8f909fd00031904f5ea0ee60cd0eaaf091b
d8340d0a09f628cf07f107dcac1cabe5f8171311193dd3f11edc1ae2d90bedfd
da1652f90dec17d1fad8eee8cdfd9fff1b1ff4174349b8d711d073cee119b1eb
d411a5f7f7dfa8b2f3d205cddfefbae21926eb2a14f9b3e7fbfe19eadde9f50d
cd2dfdf408e4f4ca0ac818bbc6f8feec3afbfb2f31f8b7ea05ecfdd7e1c4053c
d135c20423f3fcdcfde0f2eae308b9f50edef81842ebdfdd0cea01e804d0f846
f029c6090df123c404fa28f0c0ece0e90af61a1dfb1fd8ca21e61debe9d7f307
0e1740fe2a174101e605e9e6f5f2d9ec2af6f40a0548ffc3171955fe1edbe5f1
e739520821e5d6d001d216e1cb1ddbe82ed40d35412fcfa40e0940d4e7edf21f
bd34372725d903c9f4b2fdd0c3f3def12403002b41fabba40fea16e7dbfef223
b827c7f51be121c4eccff6e6f6ccc611ffe8f70740e9deca0bf30ad6eeec0d31
b40ae2f0ebbb08ab1bca06dcdcfcd0042015152bfef5c59b15cad7a0c0afe8e3
d525b50f03cd4bddeddeeee3ed09f90308040d0e142be9aa19df4be6ed00dcfb
e142341028d5aae3dce216d6be0bb80007eb1933190ddaae4ad159eff007f109
d63c9f091fe7dbdb01ee21e3e5e2be0a08e217042cd100de09d817e3e244f01d
b60c1c1512aa3597ebabfaf9d3dbc70b35140b0024d8edaafbb406afbe0c0f3d
dccd0d0cfaecf6fb19e2feec1300091a2113fce53af004ebc90c00f1d5d6f016
0cece91b0704090b221901f6ef0550070a1902fd19182c0eedeae104f7d8ebea
eb1812fdfaeb1bf128f32f14112c0b0afac0fdf905ec28f30dfaf429e7eceb11
012299f90906dae62afe0502130d1c0c1afb04eaf911fbe908fc1212dec81806
140632fcfa0ed0f30d09edf0040cf51310f4010a09f305dae407100507ef0611
f3fc9d0ceff037fd1ff20af0ff2cfd0b1d090af9210512f1240901e1efedf021
c9f8dbff01d202fb17e8f6e6f02321f607d2f4fc0c1d16db1becd2eaed19e60f
d0170a19fbfd1bfe06e223ec07f00bf5e8f301e4d5cd06cd13f9ec14ea04f7f0
d601e202f1ed02fb25def4f50a25fa0cfb18eaf1bce8dac6f4f20d02d7fc06e2
d603a502fbfbe5ce0ddff7f61105ac1ffbd2081303e7facff91e06dcebdc092d
e410f9fdf0eca2feedfe11e3ee16d2010a0d09f51d0efac826df48e7fb15dd4a
fdf6c3f8ff12f90c11ecfad5ed0be9e509f0001702e8fde812e6ec06f705e632
2c00e6ffaa46e4452f2c209e812f1981e0e4dfd4e50f34d8dc81ee524290b8ca
f80cf8ffc3000a072e0ef5bacb27f1c0dcd9e2d9d2dfede706de27390ad1e9ef
db09db0e20f227dff4c6efd6e911cdf1fd1af10d26ddf0e2fd0d08e6cb960c23
2df9d21403dbeaf2f1fc04de0e20f3282615eafe101cf9de15ef45fefb01061b
fdfbac15fde7111000eefbdaf30ddd0dedfef8e844fb05f2f8e90202dd091019
dd0bf9fee9e831f604df24faf9082dfaeaf30bf0cbcbd2d0e102d620e8f00508
f708b0fefef0c4d907f40605160d04e3ef0bf0f9eb13ebd7f500de11eddd0bf7
000a0a1324e4aff4fde402f806fe36f3031bfa020fe100cceb170aedd9d9040c
1ce1d316fc0007071200faeb48fffa291fdf0e151e0b17e1f4211cfaf5181613
ed02ff0804f2f5171b0027f20903fc29efd80805070b04e3f70d280bf905fe0c
d40731fd06dc1f1f04ef1b0b0e3502100c2312030c02fed838f20c13f5251910
e10fb70710f3f5ea04f6f3140c2210f502e91209ee070fe914ffede4f4faffe4
f6d993130ce8f1e005d8f80605fbf503190df0efdfe0d1b6ebfef1d7c8fe0de2
0ed8c129f6f30d0b0a0c0dd9f6f70afd03f01a181104f51b12ffb9ff113c051b
f9fcc21606e4fd17f812feefee01d8141af935301c26e52207f9b8ffe728f329
1c043907fb0ad328fd0cfff6f0f8e4f21be112141425f2f6a8ffbfe9d1d61030
092a26f5ede82ffd17ff18fcfd13f30524eb14ebf31104e7d1eac6e1f7c7f227
eafdc9ffe9f5bef70de5fafcdf1221001bcc22fa0de817fffa01e8f2eff2231b
15dca708e917101b17250efcde050c000ed51a10fe430f2ff4cbfb141f0e1dfd
15153709fd06c40f16ef14ecee19d7f706ef0a05f924f716eef0ed201310e61d
110119f01107e72ff4060df8fb11e8010ee3100e2719ddf7e61518fb09c2d839
261837eff50af127120c22f4140d1609fcfe08e2eb2003fbe1f40bf908efef13
0fdf4be002232a12150322f8ef085ceb02100bec0bdc2c0c0102e22701ebfa1e
0a0d521de01ffd4111341a15fbca29ffeeff0ae8ffff221d03e8e9091b2b0f03
070cd8051709b00b1520f9e012df18def3f6ffd9cbfff62300ff10010de018fb
2e16970ee12ede3f16271597c8150d9debd1f8dcf20e0f0ffbe72d232bb8abe7
121447f103f81833fb07050f0ec50b0cef0e07e1caf7062c03172b1bf531eefa
361ba909ec29e82d04082319e7d04202f5faf9dcf9232754ffe2c71b241204f6
340ae410f413d630111e170a0a2c0cf3e8cff7d81b5f09241200350c12ef01f2
06091aff1208e31c06fdf2fc0d0210eee5daecd9f51fe51ef60c1006fed207e8
1127e301072e3a101f262ed00ceb01dbf20ff6f40a09d7120e011b1a14d2e1fa
1a22b1fefdf9d903120e1e0d18b11202f2ebff06f9fa0400d908000deb21ee18
2009ec1cf720e4220f111306f1f23df30d0809e1090e140cdbe7ea0d0b2af312
12e6bc0805f8ea14fc2303e205140efdfa25fc00de22eb11ed1afa0ffdf1fcf5
1807f212061af23912171ff013fc1f080a070f1aedfdeb40f70f02fe21effb04
1b28edeffaf5cd13151710deebd1fbfdf50e141b24f8cf0ceaf619f006d5191f
07083b0ef5eda10b280b0dfdf3cdf40eef06ff1412feeb10d2f414dff9070f15
14e4d71100f327321ff8ebf9fdf12bf6f70b15f01af4ec26b905eff8f7e5160c
fce1adf80707d63201050b061bffd713f206f209f804dad93505c4fc031801e3
070d1f1814fb1c13f7f606f303dcfbf905d3f411cdde04011224d4def9f1f0eb
0735d02845e0ae0604031ef520c8e81b1c0c10ed1d03c102283400e0f0f5e4e5
c03907261efa121c11fa110902d9d2ff2ef3da1e10f6e1f945180deae9e102fa
b0089deb1b21dd2c22322b09f6fafb20ffe7fc080dcb13ef540406f30fc902f2
d8f8d6df19f1a902091a00fe15eaab00f4d5fafcb120eb02fe07b7df0700ede3
d0f640d704e4d90204f4f4e5fdeddbede8f9f81db01fd8ffe106dad3ea1017f1
f903ab14d50bb01b12fe1dc6bdc3d7d8f1df2026ebf3a7ef1cf3e0090ae7f8f4
db1b2d1c09d435da0ff0292104e2b709090fef08dcd5cd092021cbc6eb160e0d
bd1ba81808f645d70dfd130f120cd20ae007f5f9f0000f023f0dffb70500ffee
ef20defc1401d41214f601030de7c900e9e308f7a630d01d03fbe2f9140ff200
d70211e90dd92decfcd5eae308c9b1fd04dffe0ea20baffaef01d8deeefa09ec
09e51607b824d42923110d819ad0d38eed11f4dbc810a9bd05bdf12c22eac9e5
e12509f110ceeedcf4e1e5060dd9cef5f112edfec8ebacf02515d4f9e1312101
ec3ba1f006dfba0300e7f4f9f8d1b207d70ffdf1cc26e3071406b9e7fb1e1bdb
0809b9130dd2d40b11c007fdfe22defcfbe40c1c1623cc0427fdf3f6f5cefa0d
fffde931ebe6cd2001e9fee9f313e9fd1be0ec204113d4fcf7f20e07d8eef011
0a04fe070c1546f60200fae0f8ebcdfafd0cceebf1fac0e405f10e0ef43d220b
f80448e005e0e1f2fee8f0f71027e1ea05e9eb222c0be5effb02ee00ec160f1f
fb091dfb13ebc70cf7f5f8faeb46ccfdeeeaf50ff842d2e50a08dbf7ed2ff9fd
dde1c5e9fedeb1d12fcaf6e81dffe627ece2ffebfa3495cdff012becfa08e5f5
c6eff61613d7e8dd2002e1daf80bbf2a03c3f4ec1a19acd4172009e6e01af0f4
f11cdd193fe01a0f190e20f8fff3d51bfbd4fbf97318c8ed3a0e19e2f32a17f4
01f62b0421f7120112e3ff0d1111b41710cf1b1a250cd3c80cf70ef5e527161e
f11b0cfd1c1616191dec1314071ee82207eb030e16f1d7eb1b12eefefae2ff0a
2ff0c121e71ba514fe200ad6e8e050dcfbd6160214172033f0db292f1727e91a
fcf41607fb0c2be70a14efe5e2bf05f4e1de03ee07f5021d01e8e10909230a03
ea0635031ef3e7eb0bf2f5daf8f506f7e7df05f9ff01f20f0bf7d7eaf32de907
eef4cdfa26f61ff307f31a0300fa1ff8f3080b04bf010efcf00ad0e4ee221207
f7ffaf000708d9f5ebf9f81b0a053204e3e4e9e3e9e8fbfb020202f6e9f62113
fdee12fde617cc11fd0901e4d7bb1fe905ff060defe30a31f2f4e5061627f82f
f906d40a2603f5f6eefc090defd3060707f7fa02f8e10422e1ffdaf9020d0024
fd0aa1110feeb0f0fcfe0c1222d406fb21ebfcf420fbf92ae305de0d0f25e506
fcf2f10f17e1f5da10d1f61b16e412fe2d250514060b1210ef12adebeb49e71e
f7041c052aefdc09faff0d200de71b03efeaf5f5e2da1014e412e7fd0403e90b
0bf5f00ce1fcb9fcf20df8e8c5ef1af7e5e3fef611dc1417edeae51808ea1824
0d0cf319fa0037fa03ffff0409e710ee21af0c062ade141bf1f6dafc05da143b
1ef94410ea13e90e171d210a0dd6efed361a021b52fd3622f4ffdbfb0bf8f10a
01fcee28f306cef2fdf4070c21e11a062f02fa1b15d1f516fb17bbf7f136ee15
12093a1018fcf01af6081ef906df3900032610fd06b80412fc08fe011cf20a00
24d62c1dde1537eff7210ce2d5f32de9f1e1f80ff908141fece9ff0b0208f81e
16f9020bf6f5eefb0d1015e4dec4f8e3ffde15fb1cebf01924c6f6f909e5141f
f70e070302faf00518f5102c0adceb0503defd244ae2fbfe13120cf6fef6f427
252fdf1b10303f061b1f120506fb070609fa140714e5022a1e09f42929de1219
1720cf18f208ca021301ffede5fd17f9fdcf0306ffdb1b0601e403201cf016f5
18f43b1ec7182d091c2d07c1cccb4ce903030a0e09fd30351ab3db3d1a081819
26f23e18f5fdc2fd1a111cc5d3aa4cf6daed13fbed021b240fbd23190d0c0125
3cfe0905ef1fae34111d01d1ddb249fbf0d11e2400030b42d5d51522111f0610
3d0403feed28cb28ff3710e6f3ba32ed07e0180f15fd2f50eadb0c3929ef302a
3f20be24cd30c934113af5f1d3ec3ad7ed0c1429fefa333c12d5ff4435111f0b
2905271ff012de1b150cf2f3dafd09e1d21300140e110b131debd41828201a00
3d04fd2e01263a3c081efffc0fef01f3e20b1e11e502f838180fd02434f5f20f
06f6292f1401e312f41f03faf8cffcf818dd1512f808f812fa0200130208fcff
20ef251cee19f612f2241011e7e80efaef12210607f707f8fbee051c0310f916
33f13d25b51c1a1a02370de9b6d563db2a10101429c8394318be31261800ec11
0c10e108ef231e1b080cf305e0fe05f5d1f1011b2321e3110beefc0a1a410506
08f527f7ec15412ef6ebe10b0335cc13e406ff0bec10e4181d0df3262b34f3e4
e2e41209f00207fc07f2050321eee6faec1d0b19060c0b16f10ceae60418e02f
10e24d15e807e723ff0e1206fbd62409f1041207e1f42b24f4f4e9ebfc27eb13
31ee40170309f719fa1a09e1e7e51501f91106ebeeeb2e2b17dcef0402fdfd11
cd2014e2def6bbcce2ffdd05baf2ccf0eedbef13f849dde61ae7f8f4ec23dc1e
08fc3508dd150afc0fffef17e615fa0c0e10fa0e0756d9f225d6fc02fe22d7fa
f1f81410b7020afe11f614140b01e6e3ee0912031f40ccdb13f0e1f8fe17db15
18fcd80ce402c1000e1a040f09dcf7f2192a11f402e9061ceb0b04020b3d0733
120a0b08fc17c131de16eee3dae014eb10f511dfefd817240ff2ea061df7db1a
ecf8d2eaec00d9e3d603f226ece7a313f1e902f8f426dcf22519fbdcef1206f9
120bac01ba01f9edebed050e0cf9e90211eaef04fc0cfce8231216e8ed04f40b
26195219d5ff0bf7f50f19f80302d4fefb0d0507f2f7e5e311e809fa0f240814
2a121b1df813e2090605f00b15e9ed0cf7f61d1323faefe4f30f12081d061a3d
3d020518bf31b01fec1feef00fb033f5d72328f823f81139110b161f13f31210
bed8c7ddd6ddf1cfdbdbf905f7e1c711f7c7e7f0b904bbbf15dd15c6d8d606e1
f1f9bbebd5f4f6e2c9df1309fcd7b31df7e7f8fbea0ddfe53ff423eff6fb04eb
f4384b08f0e7faf9d6e11df91605bc22c7e31c010eebccd42b102506fb091017
00f89f0ce5e4f606f3ea040622f8cd09d3fb0eff27ccf3e7fa15f4e7fe42201e
23fc4c1ce015af13110408f001f7150ad7c3fcdf14d91c1509f0ef1a20fa3b07
4e110c121a2a264dfa4a08d1cfdc49a2d6da0735e9124236fdd7034133e3d3e2
23fde7fc24041f0bf818fdd5f7cf13caf5ecedeff5fe070ed2eaea0b17caf1e9
1afc44181e304733f50517f2ffc80c04da0c11ee08d31b28c81bf21a30e2e202
39f6b603192def22023410fd1217f309d6e10a02f2081432d8310f1e1d0ae8f1
180ea805191aac100c2f1a191a15f5fadc12f5ebd3fb0b27ee25241e0fe203f0
61f4bcfb2d241639f43815edf1e13bd0ec01ebf1e40f271ee809f02843facefb
272347f016fac3190429f2040acb04e910edf9e5b4fc16fe1003df0c26e2f102
ff05cf003511340ae8140ef7f9f7140d14e005010703030c0e21ea151c00e1e4
fcfb4b0b05fdd90609fa15f40120fc06eed9151712fafbfa232ad404ffd1dbf3
1205b90cfa11c2270c1d1c0d17eb0003e3e002f5e01d070c0f21021016f3f1f8
4e01fbf90734081dec4cfde3edcb2ad9edad111722f11f35e009d9213dabf2fa
100f05cc1207cf13da16d2e008d8c702e489040fe2f503fc1318f101fed612ce
41fdd7e4202b1a28e9360d031ce4f70f00da1510ffef2e4d1609ff402902bcd2
2b084304102231f60d21230c0ce507fcf1ea1b0ffde81420130da70a0cd7d410
0cf6ad03dd103d0f1718fc1808dbe80101120beaf51f0015df20eb0bffefc5fd
50f5c107084337311e3e16e10dee2cf1e7df09050cd7246cec02eb2340ebdcfa
1bd72cecea16c506f81be7fb1ce7d1f3f2bc24fc0cfef10be0230bfb19eefae4
08e836e01203cf070020ed0310e3c50b23cd102517f80b240a25f8fb10cad8e8
120aa7fef503edf5f9fd0bf904e5f9030cf81b1701010d06f4f5d0010ef9f1e9
13fb3ee8e518d705f41d0509120afefce4dafbeed917fb16e1040e1c18ebf6e8
4414fd3e043e023d2e2d1de7e80259ecbdd31d0fd3f5374a01e2e04833f6f1fd
2aee5126fd1e09051615e9f70bfe19eddfd50bdf0b161c2efd10f5101be7f3db
07d52b0809301416f803e5e40d021802d5ecfefbe5f72b26fbffbe1b0bdde0f5
11f5e0eeed27e928000b060207110cf1f2e40201e008291718fff71b21faf8ef
1ade09fb09161a0bed04ed15271129e6bffde2d6cb0c1808e11603121b080fd1
1aded0fe01fd240101f7ec1923d90c1bfc21230d0114e605061605f7ff040411
0ff7d71004f10d0cea11f11027e3dc0b02f2f9fdfc1cef0eff1213fff6e018f6
f83adf0b0df5b6210c0b244445caf71be1ff1000f2e8020b0322dc06f3e82c0a
f60cb3020cf2dcfcf1f3f03829e6e1140bd80f13d506fff8011a0cf3ff2033ed
09e7e3fd12162cfccf02f62018ffd80e0c062111fae3eafae120e31418150706
070de712c603eaf0f1f2e9fd030ce628e7e1f700f9f1ef02f8f8f0df0e0d14ff
210be1f4e61a0914f90def0f011ff0eb0917eef2010bff05fcfdddfa0be2f2f6
ff22f6f0030e3e380d13171f00e8d3dfdbf10ee7c3e31211def5e40b16d80bde
d9069d0cf7eb10db02f70c190bf70b09d8e701e9cdeaf3eef129e3fdfb071adf
f1f4d802fd0125f8e007fe2a11e8000b010c170701dfcffd011a0bea0611fd09
1e284205ba23361aef1f1200e9f6e705fc1cf0071120fafe07d615152de4f118
1412bfecd7120717ee010ef30605d2ef02f411f8f300dd1223e0d40018e80925
f705d4e4d01707291e01fa07cc3ecbd4ddf2f8f1c7e9070406dbb5121aa6e60c
0a17fde6e514fbe407f1f9fff623e2f8bf16fff6b2e8e4f80806d51c0ad0e90c
111ba40bf800c1fbf2edeb0eeef5ea06edec0816eef7caf5fa10ed0402f809fe
30f20702df0dfb25dd2503fef102f9261df11130f7090d251ef6de1d1c01e71d
0b050f08c2f3c420e404251ff4e4f60cffea100cf3f3f62535f1061f0d0c0b2b
180dbceeda0ef01ff5020f2aff32d60e07fd181ef1efe2281afbe5120d0a2a1f
23fdbef4eb171419040a05fdfd1de6e8faec0c2104ff0e150101e41726c80925
4904bd26e22606021114210d080be80aefe11432fc02f819f61508180cfd0a05
10fd0317b11bbb12150f30c5d2c940de1a14311c200315220fc1b9151dec1703
2afdd3f5ca3ab32df13d0b0bf9bd20fee2bc220def01292612f30a314af90700
0317d5eca126e9640b240801ed4111fbf5000ffc04ff22233acb1c423ddf11fc
230ee2fec524bd6703051af5e0250efcf8e22c16110b190b22cf16223af51510
39f4193dd8330c33002e0f090401f80709f1304a3be7023f13fb230513131a1f
0ff8f10913fe31001b06dbd10f09dcf9eaf310fae01a13160705e30e101a08cc
37fd0af2151b072d2003fa14102a09ebe7dc07091411340e100af2280e2a1cd1
3c1238080a390357f81916fc150724e8ffe41beeffe6471ffefadb3f1b2217f2
1a1008fb0c1eec241a2a05f1e8ef340bead1f3ea05ca310f0c0efb0f19f80d1a
2d150e021023cc29123e190506d3220cf7fa0813f9e52743300b023022ef0b0c
f60916f3f9f1b6e715f4f20f00b7cd03e3d808f5fcf8ff1dff13d7ed060d1efc
f8f3b40320ed99f009f4e60df7f52af011f8f101fb130e18200ad90ff11807d1
0fe3fc0219070de3fcf8f7e804ec21de1fd703f2cce2100803fbe30aec150cf0
25fe25e1210202f8fc120dff1b040426ebd2f1fbf0e00703f221ec11171b07f8
193809071f0f18150e3919f80fd4c90b0fdf1f1adde9f526260e121436cb11d8
ff11f7f50ff831f4fef2e91017bad9edc5dc0bfb181efa040e0cc5f5fbfcf3f2
d8ef35013ff3f8ca0ff3ec0a0cec1afeedfbd9cbe5f81de20626e5e1df0703bf
fc10170541f505ee0707e2f20b020edce50ce9abc3ca1009fd1cd8f8f7e2fcbd
011324d72929f70ae90de7f41bf2e11ae822042536e2ec03f80d0506063107f6
2622b2f322273a1fe54afeef23d1d40f1f25112706e702232413190530be02ef
1e0b9f03fa1ec915f516f1fd11eef70cf202f3faeb01ff100df9d70724030513
00f3a6012005e4f0f80ef40b1b0110f6ebd9f5e9f0f72ad41c15ecfaf2e3fe05
f40d550225f1d703000efd11120a3debfad4e7e9d4ea28fd1914d405f2ecebd3
100af3f81816f628fb03fc0e1a0df400ebf009042fe2f81510071517254cfdd9
ec21cdfe29083419ed0612032bc3eb1815101306ca1cff2218330bec10e911ed
32eafefd0324cd43ea280feaea130c04e5f42019ee00251e2cf0f13015ac0706
2200e906f6340938f62d120517fa0408d9e804dce0f3441f3bf7c32219ba00eb
3308280ef435fb440b560f0e19344316cb1200e3a6e34c3952fee6392dfad6b8
1ff5d40d162a1d141330fafc09ff2eeeca0d07fcc2d4321923f9291a0246dde0
4824e10c02412f55025111ebf2ec0dee0ae22212fdf03d5a32f32f3f35070317
49fd3212ff1bb0290312fd080bfd1f15c70df0dbeb0c132cfff20a18002c1fd0
16e505011a10281e1502e41d0af5271fdc08d4badb010e21faebe4140c3c3794
1ce70de0ff19a93b150af60711022b13c5fc05cf11fc0c2ff705221f12022ba0
5520b5c11e1aaf2818200c271022fe15bf1b03ef2afdea2bf729263427dd2dcc
3815dabfec25b31ff1281414fbf1c5efd3080cf8ecf1d346a112162e34da08dc
0eda3f05f508e50cf9fcdefd1406041100f61afe1c3a01f911ffde12050006e0
00dfb0fe08f1bdfcf7e1d908092c1509099cf8fde1e107e8ecf1d60cefff19db
1310c30c110ebb24fafc020f060e0c031de4f7f8e7c406f3faf92405ffd714d1
1820dd08dbfdfffc1c183b03f1d4fbfd12f611261100d2f0e0db0bf305d712f3
001620c2e4e73709ef0f1c14f2c3c6dbd702f92cf5e2e310a90b09ee00c70810
d2d8cee90709e3f7e5f5ec090410ef0316131c040c5de4cbf3f11b00f606ef1f
f8cad0fd18ece3dbdce5de12172bfd1008a502fcf8d1f4cee514d6f9d9fd0007
1ae7a1071508f018eefdf8161115f6130c14060aeef40ce72708e40002c915f0
4339c1faaf0a392a1f305ff1c2f1f0f91bf92419fc15dbf720c10c0718cf1be3
fb1f9ac6c5ebcc22f80635f788d6e2c9e2e21d250febcd22d8e0ede514ca1f44
fbcd05f5eafeb1f2e205fc0d04ebfcf822de05151d46e4d2070b390010f8e11e
03c802ff09efe1f2e10dfd1c13f907011107edfed9cb05e1e6190bf5f3e3c4f8
0acbb4f40dff02facefb011208d21f0b10c1f2f5e5c910f1d71edffd0abbc7e1
1821a9f4d00c441de30e29dcd5ffcc0715dd210cf716d8df1bbd28fa12fd0be7
1a12e7c10301ac1b071521efa3c905eaf6e50d0608f3e836ecf1260a18ce0df8
05b91c1eccefe9ebdfe3030106c00501e10902f01138e09fef0313ecdfdfc3c5
30e4e520de24cef9ff2f151826ed2a18eb0fd8aeee0e11f6e223ff1207c9aebf
28f3e006f01fb022062d16191d152813f118d8a315d4040cf01dfc031ba4b8aa
52fe35d0f8352b53de3c3300f0d0f70b09f915d3fdc2fb1936d5292d2be508d2
5e3ab7c707311b6c144844ebd2e71901112302fbd0e5173725e2ee343abc0de3
10dad310050ee6faf819f6fefce021f2e41d0110fc12f0020802cb1c1726f303
f40df815fb07ea04fefd1501feec18f001fe000de502fb0006f5cc02f62e05ff
0d36e710f0fe0d01f10403e4ef0300ee0df7fbfdf3230af200efc504040f2206
1019f51a0306d909041204effdebf708f6f703fc02f70fe31611ea1612361dfd
3520b13acf36e2340f4529fede086b090af020f53ce73f304a13c8442ffe24fb
0df8e220161e0cfe0507010ef20d1218ea2bf4fd152ff412fd16bdf023e218fa
091419100a1ff71f0211f906fa052704001900fc02050623f4ffc8110c0e0a11
fff43b0bf0ffbe1afd160af6f4d21ffc05f70f02ff04f214eaf0b10506372a20
18ea25340017b406021908f8fefd3afc0c1e021616f423160118ed0c1e102404
421ff423f93fdb32073f2b0ae8fd4efa0de0140326e956422307ed2c3508080c
101d231b1eff0e04fb0bf5fef4d513f8e708000bfa09050df605ceff0cd61e14
1c093e0ff12c0020fc14e9f7f3da23eaf006f004fa00000bffead42410d11908
21e5ca04e536ea32f93cfbe6e5e52edd07d1f2f408f01732dfdde92b3942ec11
ffecfb16f41914ebf30dfdfce5eb51f32226140debd60b2ff400f3fb001f000f
342a141ae7272b39f5231108f8ee431113d416f207f32d4c2ff0e22b34090901
2818081a08f2b908131308faedc8050de5e804f80e1cfa072c08c52015f12af1
29000f0df7232b191e1b1df608c71ef7ee17e1dcf4fb001b0810c41803e61aff
10fb4bf50321fd040f21f9fa0af81bfdf20adae6f3ff0d09f00ccd06141d07fe
15000f10131e14f00d25ef0d2ae0310d110802fbd5e2fe19e414eb11083f1bf0
362b361ce12fce1bef272beffe05420f17d71afff503283d0ef6e9441a1f19fa
2af8fb2adb243812f92d21cffcce292901ea0d09fc301f202e02df3214df1e1a
181bf50fdb233619fc191ac8f6d02e17f4da0decf7f81d1e2011f730280320fa
3238c2fdf111aa1b03132adef7e11c04fbce1302fc0602031aea1228250a2117
3404c81601181b1f0d251df801e21afcfdef171b1208231ff4f60d26111f1af3
45052721cc33b120f73c13e4f7da53e62ae9141d180f25541bd2fc3f25052900
54283ae9fc50cd55f83c0690c7f1d59d0bfb171dcff4344e260efa5a5601b0f9
291d2af8fc10f61cfd20fac9eb29e7daffd5310febdc2423fc0fd32a13f0ddfa
311f47f3fd21e74c051b18f2f832f0e9bdce03fdd703391a0bf8ff2f22e6c9e7
0a2ca5ecfe13d11d221a20f9f651fc00c9fef5d8020f29061e08ce2d0412bccf
3f2030ee08152a2e0e250ae1e0fa3af9f421e3e9ddeb361d1eec013a1716d2f7
1ffba5efff1ab0110417dfbe0ef1e8bfebad020ac9170a35091df412300ef6f7
250639f0fa2230380119f1d9dafdfce017fa1719ec011a1814efed182c1ef80b
381251e50708fc21f006180ce20b0ff8d6d40bf5f504190111f4d5110e0aeadc
1ff644e8150504fd0b0711130422fe06bd1a02e3a82a19f4120ef0fd0630f5ea
18f1ca062c01a810020905fb06180e17e1eb03e1e1ec290f0a1fd31afb410605
2df211efe62bf80ef43503cce1d6fae0ebca031af9042038f7e21a2b3debd5fa
120f06fa2027c72bf22506dd08bfe30106d81b3805021432020811171c0fd903
16ffa4f51d140707031610f9fae415f1ccdff7e80904120cfc10e60600dacfd2
14f6d1ec130c060bf31608080011faeeb4fff5e1f319050ef624d90f09fbebcf
0ffba80b021fee0f0b21f10a28100b19e7daf2090e0e1d2e061fe2141648e7f7
21f0d0f1f42de611ff2301eff4c9140bbbc3f5d8fc311a15f2da32202cf7d2ee
0dffdefc1b16dd270e22f7f116ec0415bfdcf2d3f8253420f80c0c0d22f0edc9
020713fc21051a11060b0ff9101318dbbbe2f1cee90f0ffeee11231602abdcb8
140521f00903ee0808050708fe1817f3edc700f1ca1d05020116f4150df4f8da
2112baf6fb08d40d031afe1a12d8e223ddf5fcf104241226f702fe19344909ed
13ea0914001342180d10f7d7ddfe3cf0d2efeee2ca2f2b34e0e8f4221db4e0ee
01f9d10321fafbf0ff040ce60edc1508d9d1f6e0bc191904041ade0d019c0dec
15fc16130d0b060d1410010317f11718c72107e5b9071f031c02de160fa805df
20fa43faea1cc421171e05051c2c1a0af5f80f07d8021b111a09122112f80101
26e5a0fafe0dc90e090dfbff08e80e01ccd10710fd040d09ee0dfb120dfa1807
25efcf0ee706aa01f50fe3d7ede624daf7f60802b8d2221af4f1ea151cf704e0
29f43fffe810f3230619edf1fc0ed6f6e7ec0de5e9e7231be706ea2a1407ee02
33dd09edfe36dc33f02114ec1111e8fcd2e11df4f3e83b20cd20124517dad604
1ffb38ec0f1e1417043727010a10e1fcede51605f3b31612d51f032b1fdce7fb
2af1dee7f929f727043a1cecdd0e0cef1ed31b00e8aa311e09f1f63235d7df07
20eaa6fb0a2bb311f127fe0519da01f9daea0be0c4f83630f2f9ed163005fdde
18eb23d6fa1c1d1ff920e6000d1304ece7bf05f91421152cf9e8f529311df3e8
1aeb48cc0a1b011eef160804111aea07ed2b17110a031a18da0900311c10dbf5
25dd27eafa03b3faf518281909e505e4de12f5f902b310f5f812010c0bfde0f4
1c02d1f1ee1a0225f5311610f2d6edf2f806fae6f4b62a30f9110c0e24e1e7fa
2ef1a3f1e539b425fd2d1a0b06ceed05d8ce2502fd3a36340406f31538f9f0f2
20e719f7e3240f24e929f0f814f203df11bc1a12191e0e23eff408252702eef6
0de522e902162f12181af8fa13fdf90eedfffe2bef16130200ecea1c17fbe4fc
12fd37f60f1aab081507300f00db08f2fad3fc1dfaf518fcf41311051705eaf6
36f4d2f1f4311c30f9401e0cf6b403e603f7110acad72732f4112b1f2bfcd010
1ed039e2f4289a1ae71a11ff25fcee0c080e1214fd2b0d3bed1e1e0e1dfee901
30d7afe0ea1e0f1dd83203fc00dce4e51dbb22fc031e0d26e105f8091cf6e709
0ce44bfb1b110007db1a00ec1cf0eeef00d3f40603fb1e04e31ae50807dfde0c
0ef7adef0a0e270c03101b2a1dbf1508e61f0a0ad9e71f0def16f90c0ef0d112
2cf1da04f2311e25fb3c18271db12106d8061604dde02a46e81d143921dedf00
1e0010e4dc1fe82de31e15ef0c091116faf3152fce12131ee11a302126acdeda
1209f2fff22bae1bee1904f602eeda19fed51301cf312b1ef7fc0a1811d7fafd
2a114ef60728dd22e51818ec01c6cd13ed0b08141a01421ff6f7fb1622decc1f
160616e60816d318f12b13fb1da3eb0beffb2601d8c23828faf5151913f4e6e7
14d944f9f703e3fd1532f2f40ac0fffee6ceffe9ecd42c22d0f81f0c1adce7ee
0ef2b9f6d506effc050ddae311eae502e2e8d3bab711ff1acc08f0eb05c929cf
1c0e11f0e00a9a200709f2fd29f7bd07dc17f4de1016001fce0fe10210fc1d06
001830f4fbeceb2c13eb2201fddcd8fbf6de1bed1a12ff25d213efed17131502
fc00f2dff60dab131700fd0707c7f313df02fad51ae810f4f811da02fc171313
1e18c2c2e52ddd291531e211f7f0f00fc21ee5bb23da162b05faf21a1d23fcf9
fb0527fcf5012cfa0309f71615e8d8ffd6e1e0c611090d08d5ef24f80be72ac0
0308a301e20f0e020b01fef4feeaf6f5ed09f7f70d0fff07e1e53df811fd1aec
0cfeeefdf0098c2e1b0c1202dc1be5f5ecfa1808f023fe02e2012cfbfc06f3fe
fb0d3dedf60f23f804050006f5fbe618dedcfee52530e9fade15ec00ec0f0aec
fd12e7e6ef1017f21bfff6070dde080ccbd2e9de0bf9ff09fd190201010e10e2
0c11f8fdca0881f418fafefcf131e4fdf7ca221b1201f019de0dff0bfcf604e9
0a0e1103b70aea1af6fa1bf5d9dfe20705e314f6dc10f9fed4ec1202ff0702f6
f5ed4306d0ffa41bd800f800f1f4f3161bfb180b050bf8e9f4f5fe0808300805
00fbb105e10cfb34f90b0b11000f0bfdebca200ae12f0bf5eef609211c2403f3
1feaeefbd108e928170c1903f30d0004e7cc2d2ac9350cfefd0f12190a150c1f
02071fdfcdf4eafa10010ce7e211e517f0b429201be00400db28f913f60112d5
1705bff2c3f89a17031001ebd8fdec0a05d50303e5de001adfe1031b010309ea
23e6cef7b3173e1df117e020f6f209130ad2fcf60add0822eee3f41d12130c04
0df816fdd3032a1009fef917ef0c080ae6e2f81c0a04f6051aeb000e0c1a250c
1f0110f8c2fa13f91cf30bfee5e60308b9a90003fece1010f70be3030c1cfd19
202f2f04da10fd11061f1fdeec0017f5eaea10eb0be22930f1e8ee1d159417ca
0003ebe1fe0cfd1d070efa090717fa04f9ea1c21fde6fadbdf0d20f600fc1fdd
1a02dde6e51e0e191627cf11ee2bed0ff9c719f4fb06e601dbf51d1a06fe0f08
0d07aaeee8fc1d150bfde413c3470d12bff500e50e1af5d30ada1efbf6eb050d
1a01c0fcd60d2a23e711fde1d608fcfdc7c109ed04ee180ff2f01511252e1cf7
19f7e5f9e00ad22e0405e2ecd6e607d5f304ff01de0e0113d5d1cc150bf0cd15
14faaef2e108f50d0cf320e3d00512d8dce010ec0d19040bd6e4ccfedefbbf2a
1105ae09fe20e60e081036d4ccd7fdecfa201aebecd7131203e4c4f703e40a26
e9f2d207ea0b26ff130af5e8d8de05e808c80003f30420021dd5e0eeeed41802
0df71802df16f31f32191de9e0e515f129d2191463ef29183ee0d4190abf1915
08eb4801f706ddfefff6e9f8ec1615d2d9eef4f401240a1fdde7d6f20815d803
e10a34eee8fea7e916eaf3071126f9e623ce0b080f46e5f3fdf8e901e9f1f424
ed05fdffff05e1d9061b1ce4f434d8ee2d0802f4fd1417090be9d5f702d1050f
f50c1504fe13fd12181824050140fffb1bf9e6ec1cef222412f8e00b1dc30103
f2f42712f101a5eefc050aed0017101102f705e512e8051f34eddff2feba1311
14e03bfff51333fd0702db03dff229cec6fd11f4ef23f41eededed0011e6fcee
0ae1c0ece11a2809fa1bcdf4ef1ed2fc0ca6ed1dff66afe3f0e828f7fbecc9f7
2ff7f6e8b22ae927fa17fcfcf529e5f723d20112155f151ceedcf31027f20004
3e06c3e3e630172efa2710020a0bebf12c18fe041310212cdbdcd20535f90af9
170fa103d70ef61912082ff2dede0df4eb1623f2f6f31a0befd2c41b1eebdd27
2cddfd00e506e5160f10d403e0d603f4b50e03e3e03ce31e21ea450816f107d7
03d9acf2e515d4f1f60de9fd0318ecf8f7ac060ef25acdeafdfe60f211e5e105
1ff442ecf600ee0dda11f204fdc8dcfd1ccd0c153f191f1bd5e42316181a0318
22f21de009273a370838071600ed03f9f8ecfb08040e0b3ac7d2fe272e0d00ed
350d9efcf729250ffd2d35f9efcb1ce0dee515dfe6f0133101e3041c27f6f61e
0cdb0df2f50ceceefce1f6c4eed2eaf8d09a05edcf1df0cef2db2604f8fb0ee0
f1dd2ef5fdfd16f4f8efeed3e603e300e8e1f204fd1df5dc08e840e5f72b111e
18f713f1dc13f312edf5fad6e9f2fc00f8cdf0010c1412fde7d7351a06f5ef1f
29ebaae7f330dc2a142013f3fc151ae1e20207f107f61022d5ec1c0f3403dcf1
4413ac18f51dcb3116263ceb00f106c7e79526df1ce63644fdd317303ec10f10
2be7b2200423bd130035e1e4d1fe1bef030505262cf80b081ce8f52f17e50816
ff1dad0ef5fcaa00070afaead6250bf6081af70fe6030a0b2dd41c12eef500ec
0521eaf8e610d52501170cdfc64beee1f617060fe03703ef25d7d92501ecf10f
230feb0de319061ff813faf3d32a11fc0df80004f4fbf10304d6f413190410fb
23eb1b11d51fe424ed2203f1dd0f51fe17cc030b13ea14272fdcd4130dcaf7f7
170e20210115ec06fa110debd00c30e00cd70e04fcfe051ef4e1e6eb0703111a
07181efff70ff91f09011b09fc0e3bf1feeffbf8b9fbfa21f60de20001281eeb
0606b4fad412ee141a0a140af9f31ffcc9fa16f2a502d106f5f3ce1b122411eb
08ff4b17d202ac1a1afa0716f716100be9e60306fc00fc170b02091008371907
e3f4d907cbfcf708e806f10ff2140807032afc0c0ae3e60f1ae6e5e41905fc0f
0b2bbe0ce418bd18061400d4d61f25ccf61411f5d608180dfdc706f320ef0e2e
14fdb0f0e61c03260a0bdeff050d13e1dde8ee09bbf0fa1fedf6ef0306ff1711
12f93fe9cb143c142019ef140510fd02c2eecfecbceafb01f3f7d31b203cfbf2
f605f2fdc5fae30314faf50af3130707eb20ebf2dadae41012efeef4182efa04
fe24bb00ab0be222edf6e601e1150cf31b22f4070617cb1522b301ea2ceccf00
1a0ba915e5f7bb1bfc1909e5e5061702f8eafcf2e9ec101a1edbed0609e5020f
18eb3ffecaf4041a010b061612ee1010ef1debe9d9eeedeafc09edf5f4f209f6
2119b5f3b107461b1220041402060a0cf3fee4fad615fefcfcffee101607ef0e
12fe2e0cea0800ebfa1ef20bfbfd0312021cfc05f4ec04f509df01040508f20a
0331c2fed714b222f90e09f4f7fb03032e18060f1119ea161fde0b0315da03f4
11e4f60fb816da20f9240bd3ffb23723090a0b1dcfe53a3717f3aa281fe40b16
1107e31dbd230f25181d11e8fbe23217fef8ff09def1280d10f3d9211ee905fc
1912a311d20a292d102d0e08fa030afc02ef061a131212f82dcf161c1ae3f109
29e23106e125db24f919e60b13d60de60ef6061a15e7222711f7230815ebe7f1
25ebf60bcf13c336f522f8e804f90be724df0d1b22fd0c4023d5001419def913
f1d6a3f61de312cb01d2130719f50af5f5160df00a0235f8df2933cedc183cea
2eef06ed1418e8e7130e34241ae32c0f06cf11ebca15fffcbf3224011b332ded
150ae30d0826d4f50e1931131a02221b0dd822e2d3210119db191407174525f7
0e00121dfb0829040412160f14ec1e1e010ff4bf06f90b23fa0a0906123909cc
0d26d5f9dc0f3d2e233110020b352128f2eec0c305241b3b0aecf81d070d22cf
0cf7d7112e0be90e06fb260b1a033003ed0f1bdadc0e27ed00300919fcee44e8
1003351c0315cd06081a430b20dd26fae2d70fe9d6fd1818e90aff18fdf81606
1506b81d140efc06ee0b14fb1cd8190eec2cfffbc5f3051eef19230af12402f7
0013f9f800f700e810ef15f606cb110a07ffd7e2d5f5121bfa00160c0a0edbf5
0d419beffc1444eb490f32f3fb0d2529ef03e0d8f00027360de1e6121af82cef
fe13a4fe0806e0151cf910fe1f360417000329e0c518070b061adf1afdd623c4
f7fdfc0af1e9bbe410e304021ef71c03dee01ae9bddf020ef81dd520ebad0fdb
e9262f1d01ea11f5fd080d0d17f70af7f30c0cfaf4e3fa172522eb0be4e3f4e7
e92998f5f3ee32baeef7f9061bb0f4f002e8e801120109042903d9e4d20d0902
f31c49dce81cfd110f1a330e06f1fefcf1d613130522202e22dd0a1611f02924
12e8b202f2f7ea1410fa0efe1b092e0ff9e003d5d7fa0d09f1ffef18f9d511db
02faca0ae7e412e90be8090d19f31409e7b603e2e7e9fef60e10d209ef8ee4d4
f500d21f02e635eb04d80bfd29f12f0dd9be09f41615ecff1327f8fde3cce8ca
e01430ee00da16bee9d7f1f5278bf7e236f6faef161209021c27c9d5d9fbfae1
3209efebf820f018eb29212936c0fa22f2fc23c5022e144c0a1ef8141c030fef
1bd4a5faeb2ce52b3524fafce82f6508d7280ad4da2941140ae5fe4c060eeeaa
11f03beff606af084d130df3e6162a1bc7ce00c103112fdb1ee6df2ffef5eca9
30dad7e0f711dc281607e7f40c2006fef3f31ae20b271c1ff00e240df923e0ed
1cdb13d30c0dc1f8daf8c70f3406c60108d408f5f00f090aff3af8ddee1de50e
06eab2c5d40f3108d8fce808fb16fb12f6b4ffd1c9fcf40e01f20fe9f715f8f7
08ed08952708b8f4f105dada0029a70eaff9aa9fa40fedc10a0c03f7eda40eb7
fde5a2b711033ff2eff7bfd82020c6ffe80493daa6e8f3ecfa1a15f900ed13e4
d0b4a0c91deec5ccecdcaff018edf8f00ed4c507d5c4e4f0ee1dfef4eb00f106
d8d7fcb21ef4c4eafbecc0ff05e1d7edf9ccd2e8f3b304ec2516070aeff7f0d6
af0ea4eb0fcda9da1dd1bafdfc25c7facf15accd2f11e7b51902d8d7e15fdbb7
18cab7b90c1225dff70fd1f0153cc0e7f8c5caf5c701ece8f905fce007c5e7d5
01e6fce2f911abe70c10d3fa0317d70cf9a9e1fcebeeec04060aee0a0bf1fce6
09ed11e1fbf690eafddbd5fd02f7dd07f9d50012f8e2e3ede005ddfbf903f308
e803eeedf0f4fff30beaef04fafeeff3f0f2f2f9f3ece1e70402c9f5f8e5f8fc
f21591fc01df2dff1606e50af121d8dff4f1e4f9e611fbe40104d2e7f4f0edf0
e99e3abc14d606ceeaefd0ddfb17a7f808e0e421c80ad9c7c50bf6d2eff6d516
f2daffe810f49fe1fffbf7fbfef9ee000ca1f206e4e7f0fbf90fdbf0060cf200
dcf9f5d314cd8cc3c1dde6131ed2cb200bd00d23e5c4b9ece721c7c0cc321118
eef385d904f7e7d8f7f904fd07d6cbfa00bcf70afb0dc9eabf02c7e7f00011ff
19f02dde150018e7f8fdfb090af3b0f61cf3fe19b0eafbeca714d3ed04eb0b21
decbbee018e1b5e903deb4f2f4ef9f04f592f912de09cbd6c920f5d6e120f5fb
fdd5b7ddfb038ef00108edf9ffe0d0fffde2ee05f60bf3fcef09fb00021ae6f3
f4e308ed04f7ddeaf303d3050325e6fcfdd40105cdece4e80e0dd7ebe50d08fe
12c429e4060813070117ed0903fddaf30006f7fce308f40bfd0b030704e309ff
0bc513b81400ad0fe7eae2ee03e8a4e5f617f2edfac803f2b40c3bfe0cf50f0d
cef8900614dff1c60ccdad1208f98cfcdfa0bae71429ab9fe90a18c0d91ae2da
e6e33bd60cf9c1e5e6dbacfe0aefc5f3f418def0e505e1bed4f130e6eb17ecf0
d4ab9bcf21d8b6c9dde0cb1728f8d3df1bdfdd01efdcc5ebaf1516f2e3f1ed08
e1cebbc218f2d7e4e4eedf1b0dd9dae205e1ccff0cefe7f1c616f3f5fdd2fff6
d9eeb5b011e7f7dbebcef8fcf6f0c008edd5c4c7f4e6cfcff50014e2e603f5e5
04cbf8e91302ff0107f9f3f60a0101091804000e0010df060c18d316f0ecf6fe
fc120e060cea260208e915060608fe150f200220fd0ddefc2300dffbd41a0509
dc259a0df3e436e605ff06080d20f3fd1be3f61cfa1303d810e2c816cb120526
0d271b1af0203ef50303fafa04e2e20f1d22fa211003030917f902160c0b121d
f40e2009f6081c16e6060c03e415fa0b13ce182824e5f2de290ae61e03fe152b
d8ff0c0118ee35fb0f0011f6fd41f90d13f1060b1607fcf9130dc8e9d7f4170c
ef059f08e90040260f1bfde1f01af1fb1dd2f2130915e7f12eebf706fcec1714
f11c1105d126d04f0f2113d9d7f200e1eafb1c08c0f9e908fbdaed1b111a080a
1f19e614e535d7110d15e702f6f21f1a09f81008e5f0033029fe0e2813f8f30d
ec19a80ae81af507f00cdc0cfe20fc0ffdfe11040cf3ff113a04daf502060416
e61ef5f8fcda100007e6f1f7fd04effd00e814fd03f9d5e619ebe6e4f41e1f1e
08ed2ef6f716032915fbefd3e216e8d207e5f5f2d2e4e80103ebe5120bca1303
1c04f8feac3bfc603338fabd8e2cddad0505e6fcdb0d05ebf1a7063036d3bbf8
3320fdf1e527fa1c0c21e502f7ff0106fd1e05fee5ffef0d2afd001d2d1fed00
07222800db0d1027eaf8c8fffbfdff050adff5fcfbf8e20f31d4b105070cf9fc
f810b1070bd60cf7fd0503faedf90a121e1e0a102400f00637e9f01205e41718
0aeca5faeff60b0f0af9fc0ce417ee00020d03ed11fee3f502fbf10a05f4070c
1b0ebfe9e9f2c3030a160309fb13d1f701de0208e326dee5f0e8e918040e0313
2b02a815f50507010607080300050bf812e10830ee12ebdc22e6e821f209f235
1913bf0ff9170315eb0603fd041f1a031f110e10fbe1e5ec02e5eb1608270919
efe9ff0401f2bfdc00ea01fa19ec082b19fa0803fa25e2da040ff5f5f0e42207
ec09f1f0e9f82bfb04eef8f3f9f1e70d00bf0700e71ae2ee300403080b00ff0b
e105c4e9dfe92324fffd02f9ee16e1f30ef41312011ed3d51bd41716fc271515
1804bff602fcbf13fbfb0c0cecf2ede805001719f2ecf3f00ddefdfffdfd0807
f6f5bf07e9eccce607d8171b00f8d7061eee030e1804cac401edfee8e4261f2c
e7fcb0c724f51cdfcff1dcf906f3b6e9e0bbd9ea1ddf18e1d73318d4e6b42ed3
1717d0d014f5dbe7eae9f6f20104fc0509e8f72723b62a2fd7321a03fbfe1707
ec0c23dd27d8bbeb07dcf10a0af618ff04c0f0f8d8c100f8e927faeff10601e1
e9000eef16e9f7d8fcedd91000010415e3f3e3bbc0f504f515180301e72301b7
f12904f00dd1eff013f9d70312110d10b70ee4c7dffc08fafd1cfe0fff210a9f
0d1233d40dfe9cfb00e8d90d0ee0fef802d2ff181b0b0c1ac81754fefdba1fe1
f5e5c60004faf8e106ebff10fa01041508d8f305edf2efedc61ef6f7ef0010f1
e8e517f902f009ed0deee90203160c0c0581f2fd02de03e8cc0cd7ffe9e1eeec
f2e7f3eff1fd28eafff9e806091c020bdfe9e4c1edfe19fdd204dd1103efefbc
f01c2feb02f0bdf91412f50c11120111bc3ed8d8cd000ffbf812c5110d0808b0
f8d639d804f537f6fef2e1fe04ad190af6bae6f1c51908f3d6141210f5d70bd0
d8d998ef10e835dc08edf91b15c1141203c5dae0ede803e9db1df9f9ef10fee6
c3e7d8de23af93a1b7b0e01e35bfe9210dc3f71a17ccd2cfe930f6b7a1201f0d
ececaff106ec1fedfbe9031218e0f910f6b7e2fe26eef0efd61402f0ece924e0
20262b1b01f6aeee180805110ce61a11f9e4f0fdd7e31a07eb20d10816f9f7f6
fcf9b303061136070b02f1040aca0e17eadce4dae4061011e305de100be20ac8
05f0c6f104fcb8eb070109090adf2a0eebf0dee4cef50e25d706f61805faffdb
e1d1b7fc18d9a5e7f3e6d71413080607fe08e807e8e4ebf0fc1df3e4da1411fd
eddffb010de824ec17f8e81004fcd00509c7fb0330dc02feea27f3f1dbf70c0a
ecf8b1c7f1e73af8f7e2ef0718c6d6f9e8be07f61ff51cfdda3009faeef6eb19
030f0e180d05180f0e02e2fb0efb1e02e5b2d3c518f50527c8f5c50ef5fbf7cc
00f5cd07fc08fe051810e70407012e07d8a9d9db05e7170bd7f9c20ffce0ffbe
01b4defa08edfff41ef7c60e12ee0e03fde4f6e909eff7edb813dd0303f2e2eb
eedea4daf6f2d8090efde2ef10f6e6f3edc300023b0f1211e712f6ed0aede82c
b1cebdc1eed906b8cac7dc0614f1bf02d5cbe0b637050beac31800c0ced4d1f9
f801fc12cdeb2efa21ecd6ced63210c3eee2d3d8fcf716f9f0e2faf4f2d113de
e7133506e8f5f3e81cecf90aee0823f4e00c00eef7f701ed04e9f8eff9e42ffe
04084cebe600ca16181c15e0e81f0fe8fa0a18f8ffe40f1eebe9f10507fc1e09
ff03bbf8d4f3812d1b0e0adbe2fc10e7dde0f4c000f60417f2ddee0c01e4f813
112712d2c20dc10f2c1c14d7b2f917e300dffbd70af80f2c19be030a1507e924
1c02ab0be4f1c5211206e9efd11510e2e114fb0506080909d9e625f40bf21dbf
fdf62eec02eefb0112f203ffd1bce7fb03d7fcf4ce02f4ea02c50be0e70716e7
ecfa2de8f3f19ef50cea0de3d8d607ff12ddffee07dbfef3fcdcf0ede40504f9
f3033cf9f800fd150aed0ceedfdcf6f6fd2efdd20fee0b02e4efbdfbf30109fd
1713c4f2f30df818151cf5d6c9b70ee2e1e4f8c8efee0c14fecae0090bed1f21
fcf42813c504c0fe10fcf8e8c90528e8e9b40a2ef3f6050ef2cff9f7e5f010d8
eb0a9d0c00e600ed0fe4f4e9e8cfdeed090dfcf7fdfaf5f9ebd4f5ede0e10ede
e007e801eceb0ceff4d00aeae4e20606151b0803fcd3fce705d3f3fbdfe9040b
eff9290cfdef1beb03db12fce5c81afdf1e8f5d91e03fcf9e4e3b7f8e907fdf1
02fdd7f0fcfdbc011ce80fc8d7d014f8e70903ddf9d81217f7d5cf0c15fb021c
f7ef191903f7e4f7090700fdf8d921f6caf9ff060416130ac81027e7ed3108e6
cff44c151fed9dd80aeeecf1f20414ef0d0b14fe0e09f8d7c4fd03dee0050bdf
f607a7f50d01890a130a04f1edee0eeb0dd00de91308fcfcf3e71b050efcf7f2
e116270707eea4e71ad50bf8e6fa1ddf0ae2f0e22c07fef5ecd3d5f60607ece8
fc07371f040817ff1ff10502e9f73200ecd7ebc2defc1604f7eee4050417090c
1006d20ff906e70413fd00d4d7d62cfcc0eee4eef62b302ec3d5650d1501fbec
04ff4e0900fe07030bf70de9e7152be1e8d008000c180800b5e44504f73504f7
18edd007fc12cb07fd0c14daef0d3ee2f4dd15f104f80c14d0fd251c1a12edee
04f5ec0cef0128e51d021be2eb0b36e7f804f0f8f6e4fe10a3e0db0c0e071201
07ffa21bd0ff20f62e0810f1dc1538eeec0a03c8f3eb2316c1cfe31004e01b08
43ccc1dbe12ba83d1f2bb4e5df50a0f726dddae00b59d711e9b0f4303dfabfe7
47f92ac8cb3bff71474904fbf04aaf0648072d113163b13505a5e93e2a06cb01
26e4a3d8101bfb02091615fc03edf1030dc71600e738cd0bf8f7fb0cf92ef417
ffe091d0201244f0f50ffcfc01d022f822b50104cffa20f6e501e9e9eb310f23
c3c30fe716ecb7e8dedddff3fbfc890f37c40a1ef3f9eaa9de0414b0e3fc202a
0df119c2def833303812e01deef7bb0ee1c70a17f01de712f5c6e91e09f5ccf0
0be640d4d42939633620eef3d840c5eef7d5223d12368a0201bfff340f17b1e9
faadabe50cfe06f319f80d11041606090bc00412fb07f6ea0204fdfbf508051c
f5e9f1e50e13d1e208fef9f5fff5e2f31598161adce319d7d1feefe3e2d2ff1a
eebe15d505fce5eaee02dde00007c50813c41211e8d10ee4e210fbdefbb70b1d
ec03cfe5d2da06282707e20de8e8d92fe6ca292e1a16e1f3fecb1af7fff6d61e
e5e00306cb22bc4f3f35070cce20b5f30f172e4a3b3981a108ce5b371f11d6eb
d1e3a9e1f7ebde02efdd0b090128b8fe0fe6f91e44fdf3af15f431e103c80624
d6da81bef5d9aedccfc8f6f706eba8fb189c2223dbbafcb5e70914d3c6ad0a31
dcca00daf6efedcfd3c7efd203f0bcee1fb32422e7a1f1bedb0e0dd4d09d1b34
18da39eeeee61527f8edbf00e206d11af6edfef0372dafe6fbf943020e24cbf5
06e14323f32b13441532ecefd024fcee13c00a290917b8d008db531812eef0fc
fef30c0cff14ff0815f8fb08f90eef07170bfa170323e6cd0cf5460118a7e61f
fbf4d3d7f4fbc4160d0bf509fb16e1030ebe0317fdeef6caff0808fff8bd011b
f3c7ebe009f6d208da00fbdfeef7ccfa1fff212012ead093e7031ef5efcf1726
35b81df2e4473838ff2eb4f7f03fd70bcfdcf7bf2659bc1df4fa4b343e24cec3
2af7a9f0ff3d094bfc36cef2fa3dccf1f6e7e1f50d2bce262edf37130a69f2cb
28f8a2f2030af210fbf9dd0a09ef0b29eed914ece119e3d900ff24020437e3e8
05dbae00f7eba8fc0ed4f1180bfc062aefe707d22308f7bbeb27f2fdeb22e0ee
fae2b6c4f9ea1b11f0dcf70cfdf7a8111eeb16ef4a1cd081011504e2f2ddfcf9
03eca804fef5d4e5f509e3dfddeefde7cf01f6e1ee0701f4d4c7cafbf5fdeadf
fdf5f80cff0705dc0cecf3e3dfeae9edd4ed18f613d402e4d405cefcee13f2f5
07eac4f90c08cef1ff05f8c0cfceedddcee303e817eb18fde4e5e105e2fb0525
f7092bed04000e040f0f01d9e4ecd5f9cdd5f9e8f1e70cf706dbea03e7f31603
fc1a4dd5071b4004180619efc8f42bdf0fd5040b19fa032313d5030c12cb0a26
fbe14808f80814ef0803e4ceb3fc02d6c6e2f5fbe9020611dcd0dcdf0f13fa14
09fff8f60714f5090e1107ede21520efc6f516ee08140c0606dce2fef9d6d904
f904210417febf00fc0e0bc4e018de0ade1114f009020c0202ecce06f8cfe01a
e819231206031af310fefff3f911f6fff70000e0f7f4fcee19f1bcf512da000d
f80ec906fc0523170cfc0fcec8eef8d3fcf8fbe1fde4051407c6effd18960007
f9f335ecfe00cce4fb06f9e5c5bc11e0bdd90505ccee0715d3e9f6f8f2c407ea
1213dcff0c0ee3ff0007f8e8d90d03fce109f9edf0260c0af2f61310facde6f6
09eba809fd1907fdfe06fcd6fd280a0de6e21ae5260e0401e5dec8000bdf0210
080550fc1a02efedee0604edf1a6f50bddfa14e70cec0109d9e5d5010b09e827
0600e90a180807f1fbfb16d2dbb512db072807ecedc40606f3eadb0b16e8f833
fcf3f2edee0246f3010ceae6bfe30ef4d1e71a04b5e508faebecec06f7eb13f9
0bdd19e0f8060619f110d3d5d6eff90ef3f70901fc17faffe4d4200cfc1b09ef
23f41fde140fc231e21adfd0d7e612f6efae0af819202010cecb041419fcf0fb
e8fd44041c02aefef20e13c8e5b0fe01e51d10ebd6f1f506e0ced7ff1919fefc
f6ede2fb0c0917e505ef04ebea8521fdc9f0ffe6b4e50212ebcedff609d3f429
0d0f18f804201117fb1b16b1af111eeed8dd2330f7e23513ddb90c181bda0404
04ee20e5fe0f9010e405e4acc41e09f4cee20a22f10f23f2eaac2206f7260a19
fad8d7caf7168807e5fdffadcd1207dceedb0121e4f213fcc4af220ffb12eb30
fcfa2def0f03f203f60d19dbdad332cefd2217fdd0c802f4c5d703f30e100405
e609f913180146d2091104f0d1cf19f90bfbfd08e4ec2607f3d8f9f910dc0b02
c8ec2407f5d0b0cfebd8d2efe004d20626ee00f420e7b5c7fbe0ebcbc21b14be
d0095204fcc6cbc2f6d1e3b8c8fee3fc1523f81442dbaae9f1ebf7ccbd0bf1ec
b22411030cce30d101d901fdd612c3fdf3b0f619030db3d1e3dabcd3c90802f5
b1042b061ecb3ac608b600fbbf23d5f702edf6190ce8a5c401da04cac3081de7
a8e7effb16c92cbce591e8fee61ed8f60eeeff0922c6bbb915fd27c2c5c81feb
c0ff32040cd939c1fcbfdddfdb21d9e3020eea0606d1b9d812fa05bcdeff1ad7
cc031bdd23e30dd0f2c1fceedd0613d338f1de0344d3d2f2021908e3cffc0ee1
cf033fd603d53bccf8e10d2df2e5cbeb20e6f51e0801d102f022e4e7fc0a25d8
e2fcc20522d81cd7fde5ee03f02d17080d08f22a03e4d3ec020701d2e7ea05ef
b1f005fc13c5b5d9f0bdc6ecfc1fe5fb070ee7fd10c3cbe31102d4bde5f103f7
aa12eb10ead2cbc2f9cd05c8ca11f6c5d6c7f5fc08edcbd41ecbe5e9d8df18fc
c7094bf5e2edcfe2eae3f5ff10ed0ad937efe41353e8f801012110e0dee51b0b
2900fbf6c9260923ec2bf3376fd4e0fc7ff5e63365f504532a391a1f1c1635ef
e611e5fddff90af5ebf0d60a3611da106af6e62259c4d1f81a2bf9e1e10d23f5
bb081b0af7cffacbd8cfc4f3e135fef1280ae5f936c3b3d229f7f7c1e60306db
c400cd1fdce2efc7f9d903e1e1f7050b1505fbf90cf2caf00ddcecf5e3ea0def
dcf3f917daeb04f7eeecfeef13e7f5f737dfe5f425e8daec070c11edd5df1709
d70bb723eeceeec5f2e1e22c3adef70739dcdd084fe6c8d6f9391ad9d60115ff
e00f0111fdf9c2e3e6cedb0618b9ee0151dedc0425aed0f80023f7ebdd0110f8
bb080e0ff8e8afc8ddb7d8deecd905012cdadeea24bebed112db1ccde00c07e9
a9e3bff3b9cbdda1eaaff0daddde0a0901eeeb0d16f8c2ae08d2ddbdba0008d6
cff52e0ebbd942ccefd8f4e1f20ce810f006f103fb0cc4be02d5f0e1ca3005fd
bf1c2717a2d434d6f8dcf7f3e30ae105fddcf1082e06cdda08e2e8decb2b0f0d
c8fc3706cbe4fbc6f5c9f9f2e7eff2f10de5f00836c1ecd913dadfd3ca2c10f8
cbfedb07e6cdecb7e1b7e1dcd9e1c6f446cafcf332c2c7d116b1ffc4bc381a06
3e1d4504ea17d21af40b07c7b51fefedf7190e18570cf4f710cfe2181c1ab811
2b0b400ee611f122f91700d6be37e9f2dd1d08f10503ffde2bcbde080df9c20b
090a1702fc0a330df4ff05d4c01ffff3fc2d001421f2f1ee0ee116faf8069f16
e92719f92cfb3230eaf800edbae2eaf1e5d7e90610fcf5f315e3300ffc0eeb06
001bb702460e140cf9070807e7ea19e0ed19ed410ff60c283c01fc120af6d50f
06fef103f415d314e83118d9bb0bf1d0f71eeff92d23edfc08d90adf1aeac90a
f7f2c0eaf5f8fb1af1f908e7e32effed0000fafdd7f8f6fb06f2f9e5f91de804
e80506eb09ebe6f9d2d711ed0019e50eedea05fff31addf2f70206f3f444e716
f20211f12ff5f6e3fde819f9e531d402dc09e2fc00e203effcd91ff001faed10
190e3f0f3a1141f9f901f9e215eb0e0bff26ed42ee0afc1421f3e3fa02ffd005
f50ddbf13111b8fcf50e18f6ef09d1e9d5bceef703fdde021cf5e6f7fddf16f5
f51537f21015f8040af71d01eff9dcf3d0c5f0fbf11ee20617e445f2f932c9f0
fdeb3aee01fdd9dfcff402e904fdc81afdfd0808ef06cbf6e5d926e8f632f915
070327f1170ea7ebe60601d1ead4ed0a22bbf8233a29d9f4e8aee0e7160b2061
0f0c4ce32217c503e721d9b7eba2dbf12901e5240d12ec05e9cfe7ef27b2f731
d419f503330af4ef0a02f709f7eb08ebeffefe17dad1e6f90c0215defce802e3
e40fef01130cf21b07fef70fecf2f4ebd7b900fdee29dbd705f04dfc1a14f5bb
fe031e0d13f4bbe6fcee00edfd08e309e51c1a0c3af0efe1f7d527fb0d041235
08f2ebe000f2e20edffa03d605c1eaf6ebd607172a1bd8f2edd515fa1808080e
2affb2d8032c060fe60a19c5d5c806cdfffdf6fa1ce9071ee7c723ff3c9e2213
c7102bdf39e61de4dae1efe1e7c7fcfff3fbfa0cc1e1f7ce240dece607ffead6
d10ddd1535dbf3e8f2efc5e3e8fef3f0f6b1fe15d9f3ffc81cfb31e1f302d8f5
ef13c5f520eebdeef1efe10405dafae7dbf5eef3edd0f7f100ea37f90703f70f
08fe1efb2e1220f8081ae9f5cae3f4d1f0eefff6ffedcf1ad6d72d071eebf7f0
4827c8ff2621dc00f81814c2b1cb0be8120a0b2b0be00a2effb938080c97315b
c7e4b7c41ee2fac9efc002ef0426ebfe0ce12d2536e6e2e7cd2c0eb4d3fd26ec
f0f8cff707f7000101f91cfcf823ea0014ac1e170edee805ff1403e0f80d020d
f6ffbef3fb05d2fbe8f110160d10fafa16a12012dbf8ed06cc06f0f50d03fa19
0fedc108fb0b43ee040514091212110607f20ffa06e1fd10cdfe110105eaeae7
0309d50ff515e0f510000807032d260ce726f3e1e800ee0df304270a1013dec4
f6e2b8e33cebdbd9ebe2e80d1ebe2a060bf5040306d3100ef83d22f6efcd3dd2
f8f83df116f733f3e8f8120907cc28041eed030900ec0701e61823f70303fb0a
e1de9ee60bf210c6c8ecf918168109081cdf071ce2d6db01cb1af8d5e514d223
edf6220c06fae2dcf7f0020511a31e0a19030a0ce500f8200009ddf3fa26a5ec
09f93af21d04cce10800f81e15c8381202e7eff3d9f11108121cce050346cbc8
e5f1a7e22e06a8fae5f8f00f2a2e0f1cdfb9e1c80cdc06030f2104fef8bc36ae
f3ee9ef4f610b9f8e31113f415211d0407a9e6e7e0eb0b1103031b1518eb16de
ffff8409db04eef104131001fe04fd0a0aebea26fc04f20cfefe0df606490d17
f30fee23f5f9dbdb1707011110f60711150ef00ff900081e1615e5f2033ecee4
1e07cbe00515d3ef0e22f02521ea080dd0e5e3c6d3f03d131208d1131c29f8d0
fefc3ffc12131417f3f1eaff266fe418d71011def8fcf005fd323607ecf133a9
02ea390ce5f7d01313e706f91a3ce604e0f42bfbf3efe2fffa19e9fce2cd22e1
02e3e131c0f5ef141ff012f70537d7fb01a649201e17b3e41c07ec070a182bfb
1616e211d810b62f1ff3fdf2e412f4d3f8e024fb39d7e3ff1eed00f9170b0af0
31ed17deeb2efd17ec10e1000319f9e6af88f5d8fef6102d1aee090b11030ac5
2ac29ecdf906254ffafdc8e81975031ce5e2efd9b5010e21f0075927ff2d2891
eec90700f0f80b0d09e5b3dff646f103e29503f0d5f6f6eee7f43514f50bfbdc
02d5e204e4f501e9f3e0c3e6e221d3e00c892a0409dcdef715f219fdfd00f7fd
10ddb4d3140bfdd8dbf0c8f5e40fe4da03d702d90ad3fd1fe9f0fef8ff050dce
00a33c8ffefceaf6bbe3aafa0e22d0e0cba9d3c2bedbf608e0fe2cf9f1f619c0
dee4e7060bd9e2e2fcd2ee1e13f9f5160ee30703fefef2dd1300fef5be35190d
b6e43d01f9cd0bd400d4eefe2fedce121523fc0ae7f4f5ec1027ead3bbfe03e1
f53f33ffe2e6240c28ed240e120fdb040d1408212c1c0203fc09d8e8f2d8f013
e426ccf1d8e806f81aeb0f0124dbb1162f17ec1819f0f00cfb06e4f509f61208
d5113ceeecf5caec11d81704e90fd618e1062b1e17eed1ea10fee1eae6cc3520
efe99cf700fade1e01f1fa1e1002b3f91bd71330042a251df7fbd1e702f4f717
dbec08fcfc000e0f01fee8fdf20acff417faf018e936f3dae7100aebf705fb25
33484cf3bd2ddb4f243236f3de05ca08f70f0ced0519dbf605e3261d2aece6da
2d03c106cf1e1a2a14fe1c09f61615ef03df0213280af103e6d0f1042ebae71e
190d9b09f733d8210c041611192be803fceb001404dc1c441c1abafd0faf0433
19fba9fefd111b130009f3101bddc90df7d910f1de1700080cf5f3f20929f205
08ebe6010af6b4f9f1eae60f0ad7c5f40be520fcd915c8ef051020e9e202fe0a
292c3e0dad34f44b3b2e3bc1b3e9bad7edf6f2dd0814e0f343c20a3832b1e8eb
28380dfeeb05e130050e27ebeab9bd03fe1d1908fc08bf0726f2022810dee919
fd2af1ed0c082c14f3e60d06e3c0c709eadff0e50dfdd3102cf4caf9fade1918
f507e7f20cd5ffe5f6d2f4131615c907fde5031608fcc5d10e0716d4e117ec13
e0f913f2fae1b400e7efe21c01fce0e9231d0f131424b5ceeef907e8d701e616
381b29fecd31ef600e1b29f0cdddc3e727ff0d00152eece6efb93a3f2d150f1d
271d47f8031fd826e70d1cf8f80907f626fd080d1918d4fc05f60f1a0d050a2b
e813b4e40909ed13f6d90d08141b0802dddff6cc18f3c2dff304dae7f5f1130f
dfeef1dd03b6efd1fcd0f9f41800e1151df0000dee1fd1c1e0071dcdcceff734
c7fab0f519c2bbc60bc6d0060cfdfa111b02f323e7fdbfc7cd0211d5e1f1d913
cc03000813ddb90c06f0f007e3f8fe071dfb17111601c6dafdcd21e505191420
0f0e480d2bef08091001fc0dfed9fffd0bfbf7190cdde9f1f402ebe7f1d90e0d
d018410606dccee612d30b16030d0503ef0ee3e930c6eecee9e8debecfd70c0f
1bf9ff1fe416cb0e0f22fde8ece233fef50b25390ffd01150febee110f0e0414
1913ab1cf60c3dfdfa14f1e7f80313e9e9dd0f0de3020f121b0701120bddfaf2
e201fa0be908d4e4f103fedce14efdd3fde60515cffcf4e60df9df01f9df01fe
0d114d18d514010f08161dd5c43a09d31b102428d8f3e6f60cd6dd1e04dc1009
1603211ae71ef1f3f10714f3d14609f724f81935fff2f50a24ec140a04ec1129
1817ae1ccf132ef20c170ee1c5102cd5ee1b082af004fb0211d502ee1215f409
0617f11ffb0d0cf206fb0ef9f3152fd7e3130f01e4ecfb05f013faee02070cf2
e50aad04cd020e00fef615e60134f8dcd5091207a8e7d6da18ece5f3080818fc
e8f4321ccce52ee4fcf000ece6430be7ece00914ace5c6de0204d9eee3f522fe
fd02330ceffec102e6f8fd04e404ebfd141d0b2bd5dce30519f7fddcfffef414
0e27c801b215d00be40e1ab8b6192bb6ff11f90cf1210bf919b40f0c30dde119
d00823fccbfe23e3f101e5ee20021dcdde2af3fcdbfceeed1e04d5f00207180b
00f4b6e7cc1ef71b072ff4fdfbf5faceb116dffab3f6def903ecd8f328240fea
edf821e7baf734ecfaf8d80bfa21f904cbf3ea00b5efb3d7ea0fe7dcf7211cf7
eb1bca21fbdb15e3dcdbe6f0edf7f4f629dfff1602efabe31fe4f9cbedd6f40c
160bb804ad0fc72ae32d0ddfeaf22df8f3db0b14d701080818ebfe2019d70704
f106bc06ace310fd02f40c0518dbf80001ec01f4faf9f2f01b0d0101f01312ef
d314adf3d2eedae607f5ea0ff3fdeae6bfa8e5f7b1f8e8ca1e03e2dfe9ecfdea
eb085011d8f747ef03fdf01d07f4f1ffe3ef050fbddfdad911f9eae802e4dfed
f40fcd1fe301edefeef1fb021fd6eb1307d110141602c70c14021edbe2e6effa
141ceb0d8127de3900251bc2e3ec2f0ddf221b20d4e7281a38d4bf232aab03f9
fdf916fba627ee0aed07fee5ffda051ad5bcfd0ca3fd32fa20f8f62112e50ed0
c811e2ffd0f6e7fff8fafe05f337d6f5bdcefa00d80ef9ad2ddb17f6f0d7e9e0
f0f9ea11ba0ae5f8f3f303170e1ff6f2dcf6090e0201f1f028d821fcfef2dbd3
00dedd1cd612d2f9f40ae3f50513c4fcf400fe2a09e3e00421da34f5fcf0e9fd
2104f0b7fc16051306110df5f719ae01cf1503ef032707e004e30af60cc0fffe
39de0ee4fb081811f7fde7f306ecd9f9d6dffbf1e543f9eef1fc1d05020c0bdb
f5cf34d40b04e10305faf50e08f4ffeef807f1e2c301010af8130104f80fffe1
0ff8e4eef90ed2f3fff4011001f4b8fdfb1b0df11bec061c0f0edf130bde05f9
052ec8f9f2f2bafb14f8f6f50433810ee1090af831ff01e6e502e6f70415ecfa
0af730d1f50a3b091314e8e70c28daf205ff180416fa050cfdf114f302cbfce4
01dc23f0f60dd50a0b1507fbf904c808fec2fe0cf314f6f6f0f4e4f71df4e8fd
e5dc87dd0cecebdaffd5ec091709cb0e0daa0112eaf2f8d8e210c5f7e503f809
e9f503d9f70ff5f61201f7080a0fd4010ce20a020000fee1eb07e00003f4040b
ffeccfe1e01bb008fb16f8faf832cce5f617051d17e808f21704baf924cfe304
16e6a0e6f10aca16070703f602ecd8e6031e0e1ef017f80bfbfb420824d2ea1e
e8d9eed918f6050802fd050515e5cb0705fafcfc00f1f7d80c1601ec02fdfa09
81cbf1ad2c81c7818181c4213eb4a23113b50521d4929691cc46b981813c2925
eafa0ec005ea20f2e7eb03f60ed7ccff0cfb0821f51ad2d6cd0fffe3ef0d0f09
300091d6ed2bb91806150ae1f014ebdf1a090e29b5fbf107fd02d50e18c3d110
11ef19fd05151d22f106e6e3fc11bb02fcc213290f0f00e1041e36021202060e
fe07ddf30cff8f17f7fc02f50df2a40ffd060b0bfe06fcf5000b0008fafcfbfc
f6e28ad80beffcfbe7f5fa071316ca0e07090b05c9cfe1dd0515cbece40d0510
0ed6d5dc040b000df510010bfe17c6fafef20b0300fcfaf1150416fe01fc0d06
37d3c6c3ff104020ec0402e5dde0c9e8fa15181a01eafbf701f125151fe4ec15
13301922100bb6151506e4fa1524abffe1fe00122d17e7f1f7050107f7eff4e4
340c0cee042de325f91eea0307f8f704eadf0904f8101ef5e8ee2a0f22f5eace
3ad1b7120c2506251527f913190e0e07fec00cdcdf0812f7da12072c2deab3e0
2ce611e4fe1ee72efc13fa07f1fbfdf6e1ce01ef20131e0806020a0c1fdbd1eb
1403a4d3f9142e37e9fe09fae2eebc08d6ff1ac51ff703090ee016020ce0f601
3707a3eb0b32d938fe3020fc0310000fca2202ee09f828193811fb262aec000d
1003e010fc061e0efa08f5e0f227fef80210fcfad6fef8f02cfff007fbe4fe04
0205c3eff702f013140a0ae0d347e2cc23f1fb12c91f06fc2aec0d120d9fb118
181016fcef0ce20d160a1f01e222b5050ed2210bf9d9012c1a05f01e14b2d809
2121f4f6f015e721102c03f7f84abe11ec201b0b22fc0e19f803e91f2a05d810
0214d9060c14e811190418f7051107fbf2d4f6ea0702fc2d0ff9ff0b1ff31be4
0efacaf30c122912071007f8fe1bd80600ecf9ebece91013def1f4f733f909eb
fe079cdf07029c0bf1eee5f40214c80704d30703dc040bf3de05e6fdf9fcfd0d
ef0010e5ff0736ff0b0103f8032cd60cfdd004eae9120b14e8ffe5f904e006f6
fe01c4f4e00e3d14f814ed12fd3d03f9f92cf501172a0b1c1209c9041411d2ff
0d0aaeeff91ec427fa0a15f9eff918ebeaf1ebe3c7000e2d09ebe50e2eb30ee9
fcf909e41f08b506010003ff0ad2e10512dbfaeae5f0040cfd13e4f210000afb
96d79ab32e92e1938e9cca123395ad2d18bd0018c2b8b5bcbd3eb3939d4b301a
edf898dc00fe0f0cf8f007f601afedfb08eaf403d927eb07bd0dd0ffff0d05f7
1b1d37e3f71bcf04110c0d0bee093a020defe7f8a5320218fcf4d21c2214b2dd
1bfbfaf30d21ff28f423e5eefd18eb04f3e2fc06fe02130c090d13092dc806e8
f707c0e80b0ab11100fef6fe071bca07fdfff503f514f6fef40a21170dfd04f0
fdf817dc09f7b71ae5fafaf9f741ccf00519fafdc9f9f2031408c9fdfb200bfd
0ddf8ff00f05050d04160deef206eafe0329f8dbf30913ff0a02f41305ee01e4
26eaa2e01a01d914120b0909fc09f90ee2e2f5ebed030af2f402f2190724d1f8
301e37150923ae4e0c28f2fd073bbe09ecf90b0810040d25f605d43822edf6e2
0c29e2f70d161923f822ef04fe29cbf60214022aea07150e11050b0e13eb05eb
ffefd7030f07ae2eff07f508ef17f0c129ca0c16e90fedfcf4e4ef1821ebdf1c
0c1043f50c01121e030315f5dbfcfaff06010e27f90cf81525ece4f819f5ed16
21f21ef11715f0340c2126f4112df732d7e80dd5fffd162a01eb0c1d1ee60000
3cfad021101f1632fe1d1ae7ebff39e81ee9181316073f431409043e3d06f819
2606cd2d2afd0c0f320c0ee9fcf94ee4e504e90f1cf72d362111ef1906f61ceb
4549f017061d4437482623f1063838e8e3f9e7ff162614281dde051031f0e8f9
3310160cfa24c84917291af8020a30f1e5e307e3f739221d14e71a1a3cf500f3
310ab11df925fd2c031f271afaf933f6f9dd15f3fa022c0117fe221254c20ffc
0d0630171afcdf070cfb22eb08d32cf717d424142a06261cec170102fff4fd1f
1815c11516024107130b37f0e5ed32e202f801ed1d2024060811d106fc0b06ff
f30cc147f0e925f8fc0718010d0613fefe0e00143b0ef0f1e7fef011f606f404
eed330480b03e9e80af906f6f1161ae112fffcff224d05def5e315f9f8ff1dfb
14efbf1af40faf1bf812120b09e9ede1f9ea10f2060215e40afd150b193af612
1c24ef12010ae50dff1eea06eef82a01fbfe140d2a2119194904f61b0b00d813
082ebd1dfb0c1304041402fafdf30efb0e1006072cf7110033dee418d911f427
5310a22db145033c214527bf9b253dc607ca01152efc2d0d1593113d27e9d101
06ff0229f801e3f30717f1ecd3112de4f504ec06190006e817dd270ff60de30b
fa1add0dee09051bf8faf9140aea0c19ef05f2f71ee521e526f7100509f1e905
1d1301110704cff9ed1d031deee914fa0801e6fe082f0f071ff02a121cf4f309
240b2c212613da050617171108dd0eeef2dcf3e31ff43b361ef6ed1026f4ed0a
431ae803fa34a0030c2622faf9f12efcf017fcfffd003700ecfa18202be4cdfd
0cf006f8fa19e4e00311dff81b0826f6041ae41402002cf919ff0b1b0c08e501
e717e4effd100bebefeeeb2a230fd71bf2eef1ed29e20c0709060bf912efebf6
d6ec0f0effdf29ddf607040508f5e4fd0511e4fcff1124efeefa1de7c9d5eb25
00fea70ffbfbc2e11516171009d6200be91a06ebfcf42a3510ffe1f90ce9cefb
fa0806f70df323d2fce2161d10f31f1af0f806f006cb01ebf71cd2e7ee18e606
defa06eb22faebc60ce9e6132bf8f611fb0206090f0e0aedf21bf5e4dffcde21
d4f2d2f409ed27c9dce2cd2a261dfb060722e50c0b05e9c9ce071edeeee9d30b
0aed34fdf40fb41b030204f70406ba09f5060809472ac104f524cd0af8e000f1
06f0dd0313f8e116ee01f9e2fe23d60eefdf03151e06dbe3130aebecf3eee904
f51b32f2fff216ec0add130c0b45bbeaff1802fa0fe2e3d137e8e3ffe600e614
fe11daf1fff3090309f3fdf7ed10e4f611f9eefd07dfdee32dd0fbfcf6e8fbf9
fef6ace50b08f6fbe6fc0501edf6e61a0116eb03d4fdcfc9fb0500f8ef1ff504
021b1af60dfad10e140a29dbfeffc701f704fafcf802e7fe1b07cae70bed0df5
f71250ef01dee2140c0008cdee24b6f3f606f8ff0110e1e823fce6dd06f3f10d
d6ffd9ecf0f839faf6ee07e5f31bc8e8e1dde8ca8adae6dc1eefd5e1e61f04e4
df0827e904ea44eb0cede8ebeb20bef60de1e50ba1d9d8c30bde01e7e6fdfded
beffd0fcfc00d4cf01ecf20bfdfea91afc22fe10ed14e4c810fee7cae437f504
c235d71706ecda02fd0119cff9d0b8f1e80bebd6ea05e6df39e4f0e01204ff0d
011de9f4fc06c9250ef6fdb8e5fa84cadad8edf79b0ed1042be4c4030d14ef0e
cbe5dcdd04e61c0805def4acaf06849faff7d38181dad8b1ece5d809f1efeab5
d52201ddffe137e712e7ebbee210becccafde9c499e3cce01d05e60cf6fbe8e9
b324fc0309f9e2e1f0ddd7f5f6cfb6fffe00e9050932bdde36e6d4c1e32405ff
f71a1a1321cabef903f70aecfe1bf120f0daeefd2f02c6de2800ddf3f2d2f807
d00cd604e3e34b1110f60de1c6ffabeee71b03eb1406b3cafecad908f1f50104
dd1930ebdde9ce0409ed2fece706d6ddead707d496c8b3dd0eedc11900faffe8
19092ce6d2e71f0606f20df7ff1fd0eae8ffe4e8dc00e0d212dcd616f6f2ffef
0f0dd8f4f4e7b103f4f4f6140728e60201eaf811232ad0daebeb00e9000a0006
09e045ed1acec1da0ee4f6f42312b91e02eafc10191fb2c5fd01e1e5de14fbec
def4e2f718e408f51b1e08f80706defaf1d8050116fbdad70f0c1710faf1f6f9
be03c1e7f4dbb3fef0f208090823cef00f1905fad9dacac23deaf6fffa1004fa
00fab8f409efcdf1f9deeb0e0818d4fd0f09f108f7eed9df23e0f7d8e713e5df
19e7faf714e7f8f5f3e4ea1c072dbf141f1efd1ff700a8b3fffb17cedb3011e9
2dd5f5d1fc1cf64f0b0fb8f81954d61ed1ed868ecd3c07e245f9fa4010d3eec9
04f423cbe6f8c128e7ebb4e5d11cd60aee03a7e3f201f2dc36d9171bd8ebdcea
e6da11c5d3daca38ddd9bdd5d623f6f61521e92ae6e6ece729e51f1df0ebc41d
efa99babede11d23d8c9a7f5fb05e50fdf0fd2f7e810eecf2214fb02eaf181d8
ce9c4a85f5e8e40cc6e4a2e72650c903c429b9c1d305cfd4f809fbf9dce2a1aa
2e0ac5f9f9291d2cf93507021763d612f0e5d0ab11e0060264fe1a2824d2f7f0
0b11f215e60a0834041bf4e4df3baa06f20ac7cafed4fe0c55d3430c04f1deff
d429cdfcae08df5a2c13f3e1aa60b0f0efedd7f117f9fe117fab2e2c10f5cfda
f1199ae7e41229302def0be2b721dfe50309f5104713fffd47e8031518e2d4d6
0b0ef2b7051b044a0116ecf50a09d00ae130f0f224dd0032f405f81c2af7cec4
f5cfd4fa070bdbfe0003effe2965f516f61bf6bff0f90af7e41411fdfb871ddd
05df0c12040df8eaff1718042028000d0106f2f7eadc0701b703f5ee01d60808
fee84c0001f91d0110070a050e39c21521b3f11b07f41509b8ff10f217070116
f6ed050c1102d8f9f81307ff0ef30b1421cff8fae0da2520eefc02f2f718f5e8
1ef6e6fc011e2a1d023e1307fedc2116d8e8e7d5f7f2232eb5fa14161a01ccd8
07b1e9e824f6f9e7f4f4e3030e0c240201e3f2e6f2c511fcaf180d00f98527e8
1ecb9e001512c6ee0820f20910e4030e1af51efe14e01b16860a0a10080e0930
fcc7d8ec26e9b2e0dfe1e6061cb6e5142dd00b1cfad50cfaa317f6dcfd2d1732
eee817070af931cefdf006020ace0a0623eb0207e0f51106d102b3f3051ffef0
2f0718160e21c70c161a151409b73b0be9fdfccbcaf6301ac904bd231a14ddcb
c9d22ff20dd417cdd6e30504e430c0fc0dfc11f9eefaedc5d9ff08e4e9c01af2
fde5fdeb0bf9c6f1f6fee9170257bf0922d7fa06fc0bfafcb6fd1703f11f1627
01ce06ea07ed0f1bd0d0f90e121be2fd18180f18e6e110f9a80a2b05f0141c1a
16dde8fe03f9ae1aeeec010b051413f714f61007e2f6040bc8060611090f10f1
26fba6070213ac111c0810f2ff350007ed1d0ae912ee320af1fcec260d18e3d5
f0f59c121ff7aad417fffd0c04f9dc0d28e8e700fef8ebda09ef22f9f2f51125
ef06461406f3f5efe8f1fd02e8ebe6f518cd210edbeef7df12ed230de7caec22
c80d41f408c407dbf1cc03fdfc0edb0817bdfe10c8defd8817ec17ecd4bb0127
d127c8f702ef27ebdfd807e7eee8e60914fafa070cf9fcc22af74b07f2ddfe0e
c408c8e80e07f0ecf1f6f80a19dadc1d17c2e7fef6f5dbc5f10b2de8e212ff0c
d216f0f200ed23ef14f4fd020407bd10f2f10e11e20fe3db12f601ecee04e819
000040f6d506b3e204f4e4ebf003defdccecf2ddec01f3cdfee520e8eeedfb04
f40cbef5f7f724fbfdde0a001513af13f7f10afdd6eb02b8200516f9ddec0b01
f521c9fd0eeb0ffe01c31401fc1bccf505daed10e2d3f5be130632ffeb04de0b
f033e300fe05a6f8f7d50cf8fd1ab91204f8f109e5e3e1df090203dcebe60615
e12be8fd03debd020ffbfff0f132eff8f82e1508e52907f339ece4dcee2fe71b
2229bcfedd13df1f13010eef0415dce0ea0e1d11d440e908f2e7e70e071eec11
f7ffb80fc40bad1522f408f1d701d2fff9f81cfc000ff9b400beec1e0ee50304
0f15d029d9102525220523e5dde9def5e7e9f5ea10f4e4cd09e6e625eed4e9fe
cd4c980129f2c8fa12e40aeb121c902e01d4f5fa03e8d8e45a0cd1e1e2b03212
e136bb3215d3e4da00f73dd2e837020129e104132802e8d520f926fad440cb1c
492d2ef2d91a2533f6fb04d7d411fcdcfb1e1b250e2cf3fc30c30b351105b109
fe0e211fd0fed722fee7ffebbf0adadbeb020a01fb07b7cc11c1234411fce0f5
2010bc2fe602fe23221636dcc1103ad9dbedf8da190bea1531cbed4101b8dfd3
fa1836343515d608130113da130abd16090f02ed1303031c431f1e01f31625e9
c80e1c0018d3cccc10e815020b0cc81d150c180e04fcefb234082cf4d40d110a
f319b5083dd5b3f90ceaf3f60fddb627f91002f71527eddcfe0d5900e12a20ed
ea063d1221e427f003d4faf40fe4af181adcf709060ddcd8361225fff13f32ee
251f2d33323cc702120a18f309f0ea0901dcfef91f101c22351b1a06131a0ce4
22f3db49191ad11219051b0a1a21ca25e91809f405f900df0e121c08023a1af4
4209b0e7ed06a40d0719d1c8bcdb0dd8db05d4fad3f0280f10b7fb1b12eadbeb
2207d8e3f90831000a17d6bf9aed17e2ef03f9f0d0ce11050f9ddb1f0ce5f009
0ce633e7fa113423effad9e0c3e114edd2ee081306c1170fdada041efd16060d
e30311f4fbf60aeeeeefe5d9cafadeeff9e0e60c1bb704e7eee3ec02f3f9031f
e2ff1ec00401edeaf3fa00f0d3def7f6fef6daffcfa4080a1edaecf00917ed06
14f328e2f312cc23f719e4d9c2d300e7cefcf00bdaf81211f0dfe3f629f9eee7
1bf5d9ddfa0d1507ff11dde7d0f001f3f9ffe405d6dc1d1518b1f50511fafce9
f6f6b0dd24fbd0f7effbfad7d2ec06f4dbe9fcf504fe000de4f1f6f8032b01f0
edf80e0001f01ac911e612e7c6fe06e3e2fef41805c407dcf1d6d2ee01f3ea38
10e7baf10c01bdeeed0109dfecb409e40117e5fdc0c4140af3e5bff713fff419
1bd9f5f508232dfbe92be9cfc4cc0be9ba0aeb13f6d21f31e7e3cc0826ddf8c9
1ff7ebe6081e2905e410e9deecdbd2f3cecafa0de6e62b2ee2d3ed1203fef9ee
330c47e82229eb02ee3104d1e0ef08f805f0021418b42632f7c6de052fc9e4fc
0510c6fe260eeed9f90c24e0e2b62afae3e8fa17e0d00af9d9dcb60e0ae0ea22
14dea0db17113723f01cf2dceeaf0ddcea0c001ddea21c18e1f8c50f1c03f03f
09f94a02001daa06210df4e9c7053cfcba06fa2214ee0829ddd4e1f8f60df2f5
f6ebc91def16d90e150deff9b3f606e0e7d4140a1517f90ae8cb2703002ef8e4
f6ebf8f13106fa01e0180ef0e9c0f109f5c4050812c8351eeacacdfe0af7f106
06f733df1505e614d80c1be3e0c60ae71300fc02ecbb01f9ebc900100901f6d9
f90600d21404f7e7ef01fdd2e2e902c6f5e5ecefb29d0813fce5e5fd16ee1b0c
15fffffd0e32aa290b1cdad9c9ef4f02dd260027ccd9403c06dddf1b2df4de13
e101c812f6e307e701f7d3e5c9e10ce5e809ef15e4da2afbe2e2d0e1e807eb1e
f9edb2fcf80d4a03d607f4d7d8c207f1d8fef819cbb91919d0d5ec0101f1dded
12d73af8001e2916f226f1cfcfc913e605230afad2c41304e3b00c180c0c01e8
320938df1519f70e1421facfd01003f718d3ecfdd0cc2b3aecb2ea0a1ab72201
04f627f8091cbdeb04f3141e251cfa1925fbeee357e403df0327ecfa1413f9f3
0010350520fbf1f2ef02092918f3e4181314f50606ca0fe8f70e09f00919f5e3
edfcd0f50affb80ff212001610e6e4011fb7fe2e19ff25faec18dcff11fcf91b
00ed30e42800ba05ebf710fc1cf5e90313cde71634f415d6e5feff060cc8f10c
e3fe28ff1dee01e7ef0e00f930ffe5161cbee1e555ef1ac30026e6d6fd0a19f8
f607b8f31b12c7f8e4ff08261d1ae10e0f19140b34e0eaf6f913e0e1042adc17
1309d3eacc16b42cfb2e1b19eb22c1fe11f4243d09ed070b2add18fc1f3cde32
3a052be1a421eb2a0925fb04d60711d4031f0305fa1fedf102c5ec1e2c0ffe02
29e28fe0d22db91ae01b0d00ece529e9171e143127060b3800e8e03b4e1e1045
f10b22f10c123d1fe11019e218f7bff624d9fa09470514041501ede305b12821
dc010ef209dd3fffeed202120b2dda0306e10a132aebe6c6f30d2ff0db08da1c
13d3d0dbab24b330f413e100ee09d6edfffef510f8ffe7e305f426010909fb1d
2609f6ce8d23012be61103fdd036dae1f2fdf4f1ce0ab807f3d2fc2414e1d4dc
f6ccc7dbad1aee28081b080fd91d0feefecdf3fffbf7fa43e2d5f23a2b11d415
10f6bf020b0b4bf9daf1fef90516c5fe3afe19054eedeefe010ce6f1fec11e30
eb0815f60cf7e0fd0e0f020835f6fc06ff0be3f7361b06e40d1001fae31eefee
f1f6f0dede0fb41b0a0af8e7fa11d6f9f2e2030b212fccef06e1260bf3052307
22ff28d9e90be931f01300d7d8fbdbf30acf070808ffe7dddde6512c1b30fe0c
00dffadc0a1719f6e20105f9ffeff1fa0c0d14110f001c0305fcfb3a1410122a
f7e1abfe1e24e4f9ccfa18012135bdfe182704012deefc0efb170423ea021e11
df36b608fff33c02120b1c0d42eacc16222fe0ec30fefff829201bfbf233220a
f90ffde4eefbf50d0ff204e911e4d4140c20000a091b01e21c082416ea450c10
de1026f10dd9b718f4d4f8d60d07bdef13f21e2124e5f1d41df2f2e6e529322a
1dfdf7000fffb40be2fd06e821efe0020ffafdee2ae510052e19ea08fc0c23fb
e6e1f4f7050512fdfdfcdc053b26e20c32e1d0f823fd03f43225e00ff90d26fe
ee0409180cfbfcf530ffe81b00db5a12c6f5e1a6160516171404cc2c17ee07a6
d7f9ee1127f70cfa29ecf5fc110d511bbcddf5c3e804f10a1008ec0ffbe01bb0
e5011f2218f1d4e62fe9d4f714423b1ab8cef1bcf704f6f82008e80ae1250cbe
eddc2ef30df116cbf2e4cffe123c0e13e2cb11d7171ef7f002f116f3d64d0fe8
de8a39e2dadd008ca9cac00507ea1be7cf12ecd0370f03de96f326a4cf49dd07
dc04901b02f6b0ea2ce1ea1202c41f18dfc7d9bdf10afc13e0f9cd0603e31bac
c5ec2c1f0ae40bdb12d4f20118b61514c3e3f3ad05dfe911d105afefe6b117d6
cef0a81d0edddfb40fe0f5f922de3900bbfbdbbdfae9f3fbe40ed600d1e503bf
f2eeb52a04f73ec80ff6fe0d0feb37f9d504e2cb023cf305da012304e03c01c5
fceda3f4f6f6c8bbe8e22416f5881cffc4e8f5c6034009f684ed18dad65bece2
0030aa14edeab1f23006e71afd900efbed97e4dfdd220d07f9fee5f2ffd6ffa5
b909083c00d5f1c31cde081906b10f07d60ae1ab15e10e0505039fcbe3b71adb
bd0afc3219d5c7ac26f2e50e06e244fc99b5c58125fb09020719c1f8cff1f8b3
b8ed932d14e9abb214d8b91608f63705aec9b6a20bed05f80d1a05fecd1bdf94
e71c281e090013e524e6072109db290eb90fdba8ca1ff6fae9feedf4f439aca6
fa010ddce8fefae1f416cb2801a2fc05f1e6f11eecfb2720e51afeebeaedcee6
cb37ec16e6dee9dcf3fff012efee1c02dedaec0007c72b0e0f04cce1d6f40be8
d438c4270fe242bb04f6f615071a3406d4e3e0980de91cf900109ef1e70df5b9
cffbf72f06fa0bc707efc81902162611d4aaddaed4d40cf9de1ee3f8d30aa393
e6063c21fcf3d0d433f4fd1205f52823b6f5c0a6e6defe02e1f90206e609a99f
ddacb082f1e8b0c591cc8c1b010babe9cfd3ae05daa306f3bbfa19c1ca9cedc7
13f50cf4e4eda9e9b5f9c61df51104e3f7cfda2103813e29c2fc02e5f7b0f2ce
0613ac14f2f90000eaee2117fe471509f0cb0cc50e9d392ad110b5000209e1bb
e4199228efefc3e0f2dffa060952131de2ccf7af0ae00cf4d508e501ed08d184
fa18111cfd1147e41f06f002fc213f1fc8c6d8bc13fc252ad3e9da1406facfab
2ffc52fc131aa531fd25ece6ebb751d1baf517f3dc042d2d07f3fd3119f8dff5
2de2b5f70b19ce2f022a0feaf6dd29d6d10c20f3f71b1b20eaedd5301901f5fe
3be7bf13db2dc2152c3718dcd5f227eecbf91bf00bd31d23d6ce04342fbffd1c
1cdd251eff13243a21300702f3f821f0d1f707f1ecfd1637cd00f7202adad9ec
6ff5a820034e3e47035a18f9f1d34adbf0231c084ef95f7526fa335b41daf305
2efadd050514ef31153cf1f4dff62cd7ecbc0814fbfe1b1915f3dc052fd923f6
eef5b0defff69e110e0ae304f50e05d80dcb04ecdc3f02e8f7fdc8060b2a10f3
0ffff5f7ff01271bf2121ae9fc33eefeede312f203e4fc010912e70412f505f4
0f07f603fb120cf918032311133001f4e30e151814f40212f80edef524deef01
20ff251a270fc2110616220d04e926f2e81211d1e82b21441f13f3130305e5f7
25f1f1ff050a16e9042d15efcaeb2fcdc3c6fb16fcf11115eef3d8101fcffcec
eaf72ce71bf822d004faf0f9fd1101ed03c1080e1dfef3ed070106eefbf102ef
0af6cfe824fd3602ee1408dfee020cf016edf5da3cfe060cf90dd6fc13f907ea
12f420f11cf3baffeaf61b06f2fdfdef08f91f150edbecfcecf8ade40402d80e
2b00c6fd1703441aff330600f6c336e1e6e91804000a131e00f5080210f6c611
0bdbd315fe0faf0eff1515fcf1e7faf0e7ce00f81e140408e703e4f308031502
05ecb80310f8d6f0e906fdf4ed0fd0dc03d62a150ff1e2e70cf11a0702fe1300
05f1bb030a19c0eeef08fafcd72ef9ed26c7221115fafae1ffe81cfb26f4030c
080dd9f4161a0209fc0526fadef829f3f9ce220bfdddc8e0c4e9d30217e5f1fb
2017d9ec110dd716e82f0cf2fde610ecdb040401e703fe100ded2f0906caf9ff
fac62c1003194214f004fcf304c819fabe0afecef03b05f800ff29120a1deae3
1dda2e06f1fdac19ed0613e7dfed09ccf1001df6160e19160bee200f16ebeb10
0be2a2fdd80036e5ed0012ead4011ed8eec507f2e3fb1ff90fd415120ae5e310
f0ce16ef0d0513eb01f71004f6ea2fece5baf2f1cee00dd1c8f21010fceef4d7
22fce2f92a2dd825f51f0cf3fc042ecac1ec12f4cceb1805ffff19281ae10ae0
00000000000000000000000000000000000000000000000000000000000000fc
000000000000000000000000000000000000000000000000000000000000003c
00000000000000000000000000000000000000000000000000000000000000f7
0000000000000000000000000000000000000000000000000000000000000045
0000000000000000000000000000000000000000000000000000000000000002
00000000000000000000000000000000000000000000000000000000000000fa
00000000000000000000000000000000000000000000000000000000000000e7
00000000000000000000000000000000000000000000000000000000000000cb
000000000000000000000000000000000000000000000000000000000000002f
000000000000000000000000000000000000000000000000000000000000005a
0000000000000000000000000000000000000000000000000000000000000013
0000000000000000000000000000000000000000000000000000000000000019
000000000000000000000000000000000000000000000000000000000000002e
00000000000000000000000000000000000000000000000000000000000000f8
00000000000000000000000000000000000000000000000000000000000000fa
0000000000000000000000000000000000000000000000000000000000000012
00000000000000000000000000000000000000000000000000000000000000e0
00000000000000000000000000000000000000000000000000000000000000f8
000000000000000000000000000000000000000000000000000000000000005b
00000000000000000000000000000000000000000000000000000000000000da
00000000000000000000000000000000000000000000000000000000000000f4
00000000000000000000000000000000000000000000000000000000000000d4
00000000000000000000000000000000000000000000000000000000000000e5
0000000000000000000000000000000000000000000000000000000000000001
0000000000000000000000000000000000000000000000000000000000000050
00000000000000000000000000000000000000000000000000000000000000f8
000000000000000000000000000000000000000000000000000000000000000b
0000000000000000000000000000000000000000000000000000000000000031
00000000000000000000000000000000000000000000000000000000000000d4
00000000000000000000000000000000000000000000000000000000000000ce
00000000000000000000000000000000000000000000000000000000000000e2
000000000000000000000000000000000000000000000000000000000000000c
00000000000000000000000000000000000000000000000000000000000000e0
0000000000000000000000000000000000000000000000000000000000000000
00000000000000000000000000000000000000000000000000000000000000e6
00000000000000000000000000000000000000000000000000000000000000da
000000000000000000000000000000000000000000000000000000000000000b
0000000000000000000000000000000000000000000000000000000000000039
000000000000000000000000000000000000000000000000000000000000003c
000000000000000000000000000000000000000000000000000000000000003d
00000000000000000000000000000000000000000000000000000000000000e3
0000000000000000000000000000000000000000000000000000000000000027
00000000000000000000000000000000000000000000000000000000000000f9
0000000000000000000000000000000000000000000000000000000000000039
0000000000000000000000000000000000000000000000000000000000000006
0000000000000000000000000000000000000000000000000000000000000001
00000000000000000000000000000000000000000000000000000000000000fa
000000000000000000000000000000000000000000000000000000000000001c
000000000000000000000000000000000000000000000000000000000000002e
000000000000000000000000000000000000000000000000000000000000000b
00000000000000000000000000000000000000000000000000000000000000fa
00000000000000000000000000000000000000000000000000000000000000fa
00000000000000000000000000000000000000000000000000000000000000e8
0000000000000000000000000000000000000000000000000000000000000018
0000000000000000000000000000000000000000000000000000000000000033
00000000000000000000000000000000000000000000000000000000000000e6
00000000000000000000000000000000000000000000000000000000000000ce
00000000000000000000000000000000000000000000000000000000000000fa
000000000000000000000000000000000000000000000000000000000000000f
000000000000000000000000000000000000000000000000000000000000001f
00000000000000000000000000000000000000000000000000000000000000f9
00000000000000000000000000000000000000000000000000000000000000f0
00000000000000000000000000000000000000000000000000000000000000f8
0000000000000000000000000000000000000000000000000000000000000004
00000000000000000000000000000000000000000000000000000000000000d3
0000000000000000000000000000000000000000000000000000000000000035
000000000000000000000000000000000000000000000000000000000000003b
00000000000000000000000000000000000000000000000000000000000000fa
00000000000000000000000000000000000000000000000000000000000000f9
00000000000000000000000000000000000000000000000000000000000000d9
000000000000000000000000000000000000000000000000000000000000001e
00000000000000000000000000000000000000000000000000000000000000e2
00000000000000000000000000000000000000000000000000000000000000f7
00000000000000000000000000000000000000000000000000000000000000ee
00000000000000000000000000000000000000000000000000000000000000da
00000000000000000000000000000000000000000000000000000000000000c7
00000000000000000000000000000000000000000000000000000000000000db
00000000000000000000000000000000000000000000000000000000000000ef
0000000000000000000000000000000000000000000000000000000000000000
0000000000000000000000000000000000000000000000000000000000000081
0000000000000000000000000000000000000000000000000000000000000029
00000000000000000000000000000000000000000000000000000000000000c5
00000000000000000000000000000000000000000000000000000000000000cb
000000000000000000000000000000000000000000000000000000000000001a
0000000000000000000000000000000000000000000000000000000000000049
00000000000000000000000000000000000000000000000000000000000000ed
00000000000000000000000000000000000000000000000000000000000000f9
00000000000000000000000000000000000000000000000000000000000000e0
00000000000000000000000000000000000000000000000000000000000000fa
0000000000000000000000000000000000000000000000000000000000000005
00000000000000000000000000000000000000000000000000000000000000fa
0000000000000000000000000000000000000000000000000000000000000021
00000000000000000000000000000000000000000000000000000000000000ac
0000000000000000000000000000000000000000000000000000000000000013
00000000000000000000000000000000000000000000000000000000000000e5
00000000000000000000000000000000000000000000000000000000000000f9
