% lognormal_delta_lut : 16384 entries
% Format: signed Q4.11 (16-bit), scale = 2^11 = 2048, resolution = 4.882812e-04
% Quantisation error: max |e| = 2.441314e-04, RMS = 1.405029e-04
% addr_var = c2
% addr_min = 0
% addr_max = 3.99999994
% entries_per_pfa = 4096
% n_pfa = 4
% Pfa_options = [0.001 0.0001 1e-05 1e-06]
% SigmaMin = 0.05
% SigmaMax = 2
% expr = z(Pfa)*clamp(sqrt(c2),SigmaMin,SigmaMax)
% sli = 17
% guard = 13
% Columns: addr  exact_value  code(dec)  requantized  error
     0  +0.1545116153       316  +0.1542968750  -2.147e-04
     1  +0.1545116153       316  +0.1542968750  -2.147e-04
     2  +0.1545116153       316  +0.1542968750  -2.147e-04
     3  +0.1672841505       343  +0.1674804688  +1.963e-04
     4  +0.1931630986       396  +0.1933593750  +1.963e-04
     5  +0.2159629096       442  +0.2158203125  -1.426e-04
     6  +0.2365755144       485  +0.2368164062  +2.409e-04
     7  +0.2555307607       523  +0.2553710938  -1.597e-04
     8  +0.2731738738       559  +0.2729492188  -2.247e-04
     9  +0.2897446479       593  +0.2895507812  -1.939e-04
    10  +0.3054176758       625  +0.3051757812  -2.419e-04
    11  +0.3203247607       656  +0.3203125000  -1.226e-05
    12  +0.3345683009       685  +0.3344726562  -9.564e-05
    13  +0.3482297283       713  +0.3481445312  -8.520e-05
    14  +0.3613750674       740  +0.3613281250  -4.694e-05
    15  +0.3740587320       766  +0.3740234375  -3.529e-05
    16  +0.3863261972       791  +0.3862304688  -9.573e-05
    17  +0.3982159293       816  +0.3984375000  +2.216e-04
    18  +0.4097608107       839  +0.4096679688  -9.284e-05
    19  +0.4209892132       862  +0.4208984375  -9.078e-05
    20  +0.4319258192       885  +0.4321289062  +2.031e-04
    21  +0.4425922604       906  +0.4423828125  -2.094e-04
    22  +0.4530076210       928  +0.4531250000  +1.174e-04
    23  +0.4631888387       949  +0.4633789062  +1.901e-04
    24  +0.4731510287       969  +0.4731445312  -6.497e-06
    25  +0.4829077465       989  +0.4829101562  +2.410e-06
    26  +0.4924712046      1009  +0.4926757812  +2.046e-04
    27  +0.5018524514      1028  +0.5019531250  +1.007e-04
    28  +0.5110615214      1047  +0.5112304688  +1.689e-04
    29  +0.5201075604      1065  +0.5200195312  -8.803e-05
    30  +0.5289989319      1083  +0.5288085938  -1.903e-04
    31  +0.5377433083      1101  +0.5375976562  -1.457e-04
    32  +0.5463477476      1119  +0.5463867188  +3.897e-05
    33  +0.5548187605      1136  +0.5546875000  -1.313e-04
    34  +0.5631623679      1153  +0.5629882812  -1.741e-04
    35  +0.5713841513      1170  +0.5712890625  -9.509e-05
    36  +0.5794892958      1187  +0.5795898438  +1.005e-04
    37  +0.5874826292      1203  +0.5874023438  -8.029e-05
    38  +0.5953686550      1219  +0.5952148438  -1.538e-04
    39  +0.6031515821      1235  +0.6030273438  -1.242e-04
    40  +0.6108353515      1251  +0.6108398438  +4.492e-06
    41  +0.6184236593      1267  +0.6186523438  +2.287e-04
    42  +0.6259199773      1282  +0.6259765625  +5.659e-05
    43  +0.6333275722      1297  +0.6333007812  -2.679e-05
    44  +0.6406495215      1312  +0.6406250000  -2.452e-05
    45  +0.6478887289      1327  +0.6479492188  +6.049e-05
    46  +0.6550479377      1342  +0.6552734375  +2.255e-04
    47  +0.6621297428      1356  +0.6621093750  -2.037e-05
    48  +0.6691366019      1370  +0.6689453125  -1.913e-04
    49  +0.6760708452      1385  +0.6762695312  +1.987e-04
    50  +0.6829346845      1399  +0.6831054688  +1.708e-04
    51  +0.6897302219      1413  +0.6899414062  +2.112e-04
    52  +0.6964594566      1426  +0.6962890625  -1.704e-04
    53  +0.7031242922      1440  +0.7031250000  +7.078e-07
    54  +0.7097265431      1454  +0.7099609375  +2.344e-04
    55  +0.7162679399      1467  +0.7163085938  +4.065e-05
    56  +0.7227501348      1480  +0.7226562500  -9.388e-05
    57  +0.7291747068      1493  +0.7290039062  -1.708e-04
    58  +0.7355431657      1506  +0.7353515625  -1.916e-04
    59  +0.7418569568      1519  +0.7416992188  -1.577e-04
    60  +0.7481174640      1532  +0.7480468750  -7.059e-05
    61  +0.7543260142      1545  +0.7543945312  +6.852e-05
    62  +0.7604838797      1557  +0.7602539062  -2.300e-04
    63  +0.7665922821      1570  +0.7666015625  +9.280e-06
    64  +0.7726523945      1582  +0.7724609375  -1.915e-04
    65  +0.7786653442      1595  +0.7788085938  +1.432e-04
    66  +0.7846322158      1607  +0.7846679688  +3.575e-05
    67  +0.7905540523      1619  +0.7905273438  -2.671e-05
    68  +0.7964318586      1631  +0.7963867188  -4.514e-05
    69  +0.8022666022      1643  +0.8022460938  -2.051e-05
    70  +0.8080592161      1655  +0.8081054688  +4.625e-05
    71  +0.8138105998      1667  +0.8139648438  +1.542e-04
    72  +0.8195216214      1678  +0.8193359375  -1.857e-04
    73  +0.8251931190      1690  +0.8251953125  +2.193e-06
    74  +0.8308259019      1702  +0.8310546875  +2.288e-04
    75  +0.8364207524      1713  +0.8364257812  +5.029e-06
    76  +0.8419784265      1724  +0.8417968750  -1.816e-04
    77  +0.8474996557      1736  +0.8476562500  +1.566e-04
    78  +0.8529851476      1747  +0.8530273438  +4.220e-05
    79  +0.8584355874      1758  +0.8583984375  -3.715e-05
    80  +0.8638516385      1769  +0.8637695312  -8.211e-05
    81  +0.8692339438      1780  +0.8691406250  -9.332e-05
    82  +0.8745831262      1791  +0.8745117188  -7.141e-05
    83  +0.8798997899      1802  +0.8798828125  -1.698e-05
    84  +0.8851845209      1813  +0.8852539062  +6.939e-05
    85  +0.8904378876      1824  +0.8906250000  +1.871e-04
    86  +0.8956604420      1834  +0.8955078125  -1.526e-04
    87  +0.9008527199      1845  +0.9008789062  +2.619e-05
    88  +0.9060152420      1856  +0.9062500000  +2.348e-04
    89  +0.9111485139      1866  +0.9111328125  -1.570e-05
    90  +0.9162530273      1876  +0.9160156250  -2.374e-04
    91  +0.9213292602      1887  +0.9213867188  +5.746e-05
    92  +0.9263776775      1897  +0.9262695312  -1.081e-04
    93  +0.9313987315      1908  +0.9316406250  +2.419e-04
    94  +0.9363928624      1918  +0.9365234375  +1.306e-04
    95  +0.9413604986      1928  +0.9414062500  +4.575e-05
    96  +0.9463020575      1938  +0.9462890625  -1.299e-05
    97  +0.9512179454      1948  +0.9511718750  -4.607e-05
    98  +0.9561085583      1958  +0.9560546875  -5.387e-05
    99  +0.9609742822      1968  +0.9609375000  -3.678e-05
   100  +0.9658154931      1978  +0.9658203125  +4.819e-06
   101  +0.9706325578      1988  +0.9707031250  +7.057e-05
   102  +0.9754258342      1998  +0.9755859375  +1.601e-04
   103  +0.9801956711      2007  +0.9799804688  -2.152e-04
   104  +0.9849424091      2017  +0.9848632812  -7.913e-05
   105  +0.9896663807      2027  +0.9897460938  +7.971e-05
   106  +0.9943679101      2036  +0.9941406250  -2.273e-04
   107  +0.9990473144      2046  +0.9990234375  -2.388e-05
   108  +1.0037049028      2056  +1.0039062500  +2.013e-04
   109  +1.0083409779      2065  +1.0083007812  -4.020e-05
   110  +1.0129558348      2075  +1.0131835938  +2.278e-04
   111  +1.0175497624      2084  +1.0175781250  +2.836e-05
   112  +1.0221230428      2093  +1.0219726562  -1.504e-04
   113  +1.0266759520      2103  +1.0268554688  +1.795e-04
   114  +1.0312087597      2112  +1.0312500000  +4.124e-05
   115  +1.0357217298      2121  +1.0356445312  -7.720e-05
   116  +1.0402151207      2130  +1.0400390625  -1.761e-04
   117  +1.0446891849      2140  +1.0449218750  +2.327e-04
   118  +1.0491441696      2149  +1.0493164062  +1.722e-04
   119  +1.0535803170      2158  +1.0537109375  +1.306e-04
   120  +1.0579978639      2167  +1.0581054688  +1.076e-04
   121  +1.0623970424      2176  +1.0625000000  +1.030e-04
   122  +1.0667780797      2185  +1.0668945312  +1.165e-04
   123  +1.0711411984      2194  +1.0712890625  +1.479e-04
   124  +1.0754866167      2203  +1.0756835938  +1.970e-04
   125  +1.0798145481      2211  +1.0795898438  -2.247e-04
   126  +1.0841252022      2220  +1.0839843750  -1.408e-04
   127  +1.0884187841      2229  +1.0883789062  -3.988e-05
   128  +1.0926954952      2238  +1.0927734375  +7.794e-05
   129  +1.0969555328      2247  +1.0971679688  +2.124e-04
   130  +1.1011990904      2255  +1.1010742188  -1.249e-04
   131  +1.1054263577      2264  +1.1054687500  +4.239e-05
   132  +1.1096375210      2273  +1.1098632812  +2.258e-04
   133  +1.1138327629      2281  +1.1137695312  -6.323e-05
   134  +1.1180122626      2290  +1.1181640625  +1.518e-04
   135  +1.1221761961      2298  +1.1220703125  -1.059e-04
   136  +1.1263247359      2307  +1.1264648438  +1.401e-04
   137  +1.1304580516      2315  +1.1303710938  -8.696e-05
   138  +1.1345763095      2324  +1.1347656250  +1.893e-04
   139  +1.1386796730      2332  +1.1386718750  -7.798e-06
   140  +1.1427683026      2340  +1.1425781250  -1.902e-04
   141  +1.1468423558      2349  +1.1469726562  +1.303e-04
   142  +1.1509019874      2357  +1.1508789062  -2.308e-05
   143  +1.1549473496      2365  +1.1547851562  -1.622e-04
   144  +1.1589785917      2374  +1.1591796875  +2.011e-04
   145  +1.1629958606      2382  +1.1630859375  +9.008e-05
   146  +1.1669993005      2390  +1.1669921875  -7.113e-06
   147  +1.1709890533      2398  +1.1708984375  -9.062e-05
   148  +1.1749652585      2406  +1.1748046875  -1.606e-04
   149  +1.1789280531      2414  +1.1787109375  -2.171e-04
   150  +1.1828775719      2423  +1.1831054688  +2.279e-04
   151  +1.1868139474      2431  +1.1870117188  +1.978e-04
   152  +1.1907373100      2439  +1.1909179688  +1.807e-04
   153  +1.1946477878      2447  +1.1948242188  +1.764e-04
   154  +1.1985455071      2455  +1.1987304688  +1.850e-04
   155  +1.2024305919      2463  +1.2026367188  +2.061e-04
   156  +1.2063031642      2471  +1.2065429688  +2.398e-04
   157  +1.2101633442      2478  +1.2099609375  -2.024e-04
   158  +1.2140112501      2486  +1.2138671875  -1.441e-04
   159  +1.2178469982      2494  +1.2177734375  -7.356e-05
   160  +1.2216707030      2502  +1.2216796875  +8.984e-06
   161  +1.2254824774      2510  +1.2255859375  +1.035e-04
   162  +1.2292824322      2518  +1.2294921875  +2.098e-04
   163  +1.2330706767      2525  +1.2329101562  -1.605e-04
   164  +1.2368473185      2533  +1.2368164062  -3.091e-05
   165  +1.2406124637      2541  +1.2407226562  +1.102e-04
   166  +1.2443662165      2548  +1.2441406250  -2.256e-04
   167  +1.2481086797      2556  +1.2480468750  -6.180e-05
   168  +1.2518399546      2564  +1.2519531250  +1.132e-04
   169  +1.2555601410      2571  +1.2553710938  -1.890e-04
   170  +1.2592693371      2579  +1.2592773438  +8.007e-06
   171  +1.2629676397      2587  +1.2631835938  +2.160e-04
   172  +1.2666551443      2594  +1.2666015625  -5.358e-05
   173  +1.2703319449      2602  +1.2705078125  +1.759e-04
   174  +1.2739981342      2609  +1.2739257812  -7.235e-05
   175  +1.2776538035      2617  +1.2778320312  +1.782e-04
   176  +1.2812990429      2624  +1.2812500000  -4.904e-05
   177  +1.2849339411      2632  +1.2851562500  +2.223e-04
   178  +1.2885585857      2639  +1.2885742188  +1.563e-05
   179  +1.2921730628      2646  +1.2919921875  -1.809e-04
   180  +1.2957774577      2654  +1.2958984375  +1.210e-04
   181  +1.2993718543      2661  +1.2993164062  -5.545e-05
   182  +1.3029563352      2668  +1.3027343750  -2.220e-04
   183  +1.3065309820      2676  +1.3066406250  +1.096e-04
   184  +1.3100958754      2683  +1.3100585938  -3.728e-05
   185  +1.3136510946      2690  +1.3134765625  -1.745e-04
   186  +1.3171967180      2698  +1.3173828125  +1.861e-04
   187  +1.3207328230      2705  +1.3208007812  +6.796e-05
   188  +1.3242594857      2712  +1.3242187500  -4.074e-05
   189  +1.3277767813      2719  +1.3276367188  -1.401e-04
   190  +1.3312847842      2726  +1.3310546875  -2.301e-04
   191  +1.3347835676      2734  +1.3349609375  +1.774e-04
   192  +1.3382732038      2741  +1.3383789062  +1.057e-04
   193  +1.3417537642      2748  +1.3417968750  +4.311e-05
   194  +1.3452253192      2755  +1.3452148438  -1.048e-05
   195  +1.3486879383      2762  +1.3486328125  -5.513e-05
   196  +1.3521416903      2769  +1.3520507812  -9.091e-05
   197  +1.3555866429      2776  +1.3554687500  -1.179e-04
   198  +1.3590228629      2783  +1.3588867188  -1.361e-04
   199  +1.3624504166      2790  +1.3623046875  -1.457e-04
   200  +1.3658693691      2797  +1.3657226562  -1.467e-04
   201  +1.3692797848      2804  +1.3691406250  -1.392e-04
   202  +1.3726817274      2811  +1.3725585938  -1.231e-04
   203  +1.3760752597      2818  +1.3759765625  -9.870e-05
   204  +1.3794604438      2825  +1.3793945312  -6.591e-05
   205  +1.3828373410      2832  +1.3828125000  -2.484e-05
   206  +1.3862060119      2839  +1.3862304688  +2.446e-05
   207  +1.3895665162      2846  +1.3896484375  +8.192e-05
   208  +1.3929189132      2853  +1.3930664062  +1.475e-04
   209  +1.3962632611      2860  +1.3964843750  +2.211e-04
   210  +1.3995996178      2866  +1.3994140625  -1.856e-04
   211  +1.4029280401      2873  +1.4028320312  -9.601e-05
   212  +1.4062485845      2880  +1.4062500000  +1.416e-06
   213  +1.4095613066      2887  +1.4096679688  +1.067e-04
   214  +1.4128662614      2894  +1.4130859375  +2.197e-04
   215  +1.4161635034      2900  +1.4160156250  -1.479e-04
   216  +1.4194530862      2907  +1.4194335938  -1.949e-05
   217  +1.4227350631      2914  +1.4228515625  +1.165e-04
   218  +1.4260094864      2920  +1.4257812500  -2.282e-04
   219  +1.4292764082      2927  +1.4291992188  -7.719e-05
   220  +1.4325358797      2934  +1.4326171875  +8.131e-05
   221  +1.4357879517      2940  +1.4355468750  -2.411e-04
   222  +1.4390326744      2947  +1.4389648438  -6.783e-05
   223  +1.4422700973      2954  +1.4423828125  +1.127e-04
   224  +1.4455002696      2960  +1.4453125000  -1.878e-04
   225  +1.4487232396      2967  +1.4487304688  +7.229e-06
   226  +1.4519390554      2974  +1.4521484375  +2.094e-04
   227  +1.4551477644      2980  +1.4550781250  -6.964e-05
   228  +1.4583494136      2987  +1.4584960938  +1.467e-04
   229  +1.4615440492      2993  +1.4614257812  -1.183e-04
   230  +1.4647317172      3000  +1.4648437500  +1.120e-04
   231  +1.4679124630      3006  +1.4677734375  -1.390e-04
   232  +1.4710863315      3013  +1.4711914062  +1.051e-04
   233  +1.4742533671      3019  +1.4741210938  -1.323e-04
   234  +1.4774136137      3026  +1.4775390625  +1.254e-04
   235  +1.4805671149      3032  +1.4804687500  -9.836e-05
   236  +1.4837139136      3039  +1.4838867188  +1.728e-04
   237  +1.4868540524      3045  +1.4868164062  -3.765e-05
   238  +1.4899875733      3051  +1.4897460938  -2.415e-04
   239  +1.4931145182      3058  +1.4931640625  +4.954e-05
   240  +1.4962349281      3064  +1.4960937500  -1.412e-04
   241  +1.4993488439      3071  +1.4995117188  +1.629e-04
   242  +1.5024563060      3077  +1.5024414062  -1.490e-05
   243  +1.5055573543      3083  +1.5053710938  -1.863e-04
   244  +1.5086520284      3090  +1.5087890625  +1.370e-04
   245  +1.5117403674      3096  +1.5117187500  -2.162e-05
   246  +1.5148224101      3102  +1.5146484375  -1.740e-04
   247  +1.5178981948      3109  +1.5180664062  +1.682e-04
   248  +1.5209677595      3115  +1.5209960938  +2.833e-05
   249  +1.5240311417      3121  +1.5239257812  -1.054e-04
   250  +1.5270883788      3127  +1.5268554688  -2.329e-04
   251  +1.5301395075      3134  +1.5302734375  +1.339e-04
   252  +1.5331845642      3140  +1.5332031250  +1.856e-05
   253  +1.5362235852      3146  +1.5361328125  -9.077e-05
   254  +1.5392566061      3152  +1.5390625000  -1.941e-04
   255  +1.5422836623      3159  +1.5424804688  +1.968e-04
   256  +1.5453047889      3165  +1.5454101562  +1.054e-04
   257  +1.5483200206      3171  +1.5483398438  +1.982e-05
   258  +1.5513293918      3177  +1.5512695312  -5.986e-05
   259  +1.5543329366      3183  +1.5541992188  -1.337e-04
   260  +1.5573306885      3189  +1.5571289062  -2.018e-04
   261  +1.5603226811      3196  +1.5605468750  +2.242e-04
   262  +1.5633089473      3202  +1.5634765625  +1.676e-04
   263  +1.5662895200      3208  +1.5664062500  +1.167e-04
   264  +1.5692644315      3214  +1.5693359375  +7.151e-05
   265  +1.5722337141      3220  +1.5722656250  +3.191e-05
   266  +1.5751973995      3226  +1.5751953125  -2.087e-06
   267  +1.5781555193      3232  +1.5781250000  -3.052e-05
   268  +1.5811081047      3238  +1.5810546875  -5.342e-05
   269  +1.5840551866      3244  +1.5839843750  -7.081e-05
   270  +1.5869967958      3250  +1.5869140625  -8.273e-05
   271  +1.5899329626      3256  +1.5898437500  -8.921e-05
   272  +1.5928637171      3262  +1.5927734375  -9.028e-05
   273  +1.5957890891      3268  +1.5957031250  -8.596e-05
   274  +1.5987091082      3274  +1.5986328125  -7.630e-05
   275  +1.6016238036      3280  +1.6015625000  -6.130e-05
   276  +1.6045332044      3286  +1.6044921875  -4.102e-05
   277  +1.6074373393      3292  +1.6074218750  -1.546e-05
   278  +1.6103362367      3298  +1.6103515625  +1.533e-05
   279  +1.6132299250      3304  +1.6132812500  +5.132e-05
   280  +1.6161184321      3310  +1.6162109375  +9.251e-05
   281  +1.6190017858      3316  +1.6191406250  +1.388e-04
   282  +1.6218800134      3322  +1.6220703125  +1.903e-04
   283  +1.6247531424      3327  +1.6245117188  -2.414e-04
   284  +1.6276211996      3333  +1.6274414062  -1.798e-04
   285  +1.6304842118      3339  +1.6303710938  -1.131e-04
   286  +1.6333422056      3345  +1.6333007812  -4.142e-05
   287  +1.6361952073      3351  +1.6362304688  +3.526e-05
   288  +1.6390432429      3357  +1.6391601562  +1.169e-04
   289  +1.6418863382      3363  +1.6420898438  +2.035e-04
   290  +1.6447245190      3368  +1.6445312500  -1.933e-04
   291  +1.6475578105      3374  +1.6474609375  -9.687e-05
   292  +1.6503862380      3380  +1.6503906250  +4.387e-06
   293  +1.6532098265      3386  +1.6533203125  +1.105e-04
   294  +1.6560286006      3392  +1.6562500000  +2.214e-04
   295  +1.6588425850      3397  +1.6586914062  -1.512e-04
   296  +1.6616518039      3403  +1.6616210938  -3.071e-05
   297  +1.6644562815      3409  +1.6645507812  +9.450e-05
   298  +1.6672560417      3415  +1.6674804688  +2.244e-04
   299  +1.6700511083      3420  +1.6699218750  -1.292e-04
   300  +1.6728415047      3426  +1.6728515625  +1.006e-05
   301  +1.6756272544      3432  +1.6757812500  +1.540e-04
   302  +1.6784083804      3437  +1.6782226562  -1.857e-04
   303  +1.6811849057      3443  +1.6811523438  -3.256e-05
   304  +1.6839568530      3449  +1.6840820312  +1.252e-04
   305  +1.6867242449      3454  +1.6865234375  -2.008e-04
   306  +1.6894871038      3460  +1.6894531250  -3.398e-05
   307  +1.6922454520      3466  +1.6923828125  +1.374e-04
   308  +1.6949993113      3471  +1.6948242188  -1.751e-04
   309  +1.6977487037      3477  +1.6977539062  +5.203e-06
   310  +1.7004936509      3483  +1.7006835938  +1.899e-04
   311  +1.7032341743      3488  +1.7031250000  -1.092e-04
   312  +1.7059702952      3494  +1.7060546875  +8.439e-05
   313  +1.7087020348      3499  +1.7084960938  -2.059e-04
   314  +1.7114294141      3505  +1.7114257812  -3.633e-06
   315  +1.7141524538      3511  +1.7143554688  +2.030e-04
   316  +1.7168711747      3516  +1.7167968750  -7.430e-05
   317  +1.7195855973      3522  +1.7197265625  +1.410e-04
   318  +1.7222957417      3527  +1.7221679688  -1.278e-04
   319  +1.7250016283      3533  +1.7250976562  +9.603e-05
   320  +1.7277032770      3538  +1.7275390625  -1.642e-04
   321  +1.7304007076      3544  +1.7304687500  +6.804e-05
   322  +1.7330939399      3549  +1.7329101562  -1.838e-04
   323  +1.7357829934      3555  +1.7358398438  +5.685e-05
   324  +1.7384678875      3560  +1.7382812500  -1.866e-04
   325  +1.7411486415      3566  +1.7412109375  +6.230e-05
   326  +1.7438252743      3571  +1.7436523438  -1.729e-04
   327  +1.7464978050      3577  +1.7465820312  +8.423e-05
   328  +1.7491662524      3582  +1.7490234375  -1.428e-04
   329  +1.7518306352      3588  +1.7519531250  +1.225e-04
   330  +1.7544909718      3593  +1.7543945312  -9.644e-05
   331  +1.7571472806      3599  +1.7573242188  +1.769e-04
   332  +1.7597995799      3604  +1.7597656250  -3.395e-05
   333  +1.7624478877      3609  +1.7622070312  -2.409e-04
   334  +1.7650922221      3615  +1.7651367188  +4.450e-05
   335  +1.7677326009      3620  +1.7675781250  -1.545e-04
   336  +1.7703690418      3626  +1.7705078125  +1.388e-04
   337  +1.7730015622      3631  +1.7729492188  -5.234e-05
   338  +1.7756301798      3636  +1.7753906250  -2.396e-04
   339  +1.7782549117      3642  +1.7783203125  +6.540e-05
   340  +1.7808757752      3647  +1.7807617188  -1.141e-04
   341  +1.7834927873      3653  +1.7836914062  +1.986e-04
   342  +1.7861059649      3658  +1.7861328125  +2.685e-05
   343  +1.7887153249      3663  +1.7885742188  -1.411e-04
   344  +1.7913208840      3669  +1.7915039062  +1.830e-04
   345  +1.7939226586      3674  +1.7939453125  +2.265e-05
   346  +1.7965206653      3679  +1.7963867188  -1.339e-04
   347  +1.7991149203      3685  +1.7993164062  +2.015e-04
   348  +1.8017054399      3690  +1.8017578125  +5.237e-05
   349  +1.8042922401      3695  +1.8041992188  -9.302e-05
   350  +1.8068753370      3700  +1.8066406250  -2.347e-04
   351  +1.8094547463      3706  +1.8095703125  +1.156e-04
   352  +1.8120304839      3711  +1.8120117188  -1.877e-05
   353  +1.8146025654      3716  +1.8144531250  -1.494e-04
   354  +1.8171710063      3722  +1.8173828125  +2.118e-04
   355  +1.8197358219      3727  +1.8198242188  +8.840e-05
   356  +1.8222970277      3732  +1.8222656250  -3.140e-05
   357  +1.8248546389      3737  +1.8247070312  -1.476e-04
   358  +1.8274086704      3743  +1.8276367188  +2.280e-04
   359  +1.8299591373      3748  +1.8300781250  +1.190e-04
   360  +1.8325060546      3753  +1.8325195312  +1.348e-05
   361  +1.8350494368      3758  +1.8349609375  -8.850e-05
   362  +1.8375892989      3763  +1.8374023438  -1.870e-04
   363  +1.8401256552      3769  +1.8403320312  +2.064e-04
   364  +1.8426585204      3774  +1.8427734375  +1.149e-04
   365  +1.8451879087      3779  +1.8452148438  +2.694e-05
   366  +1.8477138344      3784  +1.8476562500  -5.758e-05
   367  +1.8502363118      3789  +1.8500976562  -1.387e-04
   368  +1.8527553550      3794  +1.8525390625  -2.163e-04
   369  +1.8552709778      3800  +1.8554687500  +1.978e-04
   370  +1.8577831942      3805  +1.8579101562  +1.270e-04
   371  +1.8602920180      3810  +1.8603515625  +5.954e-05
   372  +1.8627974630      3815  +1.8627929688  -4.494e-06
   373  +1.8652995426      3820  +1.8652343750  -6.517e-05
   374  +1.8677982705      3825  +1.8676757812  -1.225e-04
   375  +1.8702936601      3830  +1.8701171875  -1.765e-04
   376  +1.8727857247      3835  +1.8725585938  -2.271e-04
   377  +1.8752744776      3841  +1.8754882812  +2.138e-04
   378  +1.8777599319      3846  +1.8779296875  +1.698e-04
   379  +1.8802421008      3851  +1.8803710938  +1.290e-04
   380  +1.8827209972      3856  +1.8828125000  +9.150e-05
   381  +1.8851966340      3861  +1.8852539062  +5.727e-05
   382  +1.8876690241      3866  +1.8876953125  +2.629e-05
   383  +1.8901381802      3871  +1.8901367188  -1.461e-06
   384  +1.8926041150      3876  +1.8925781250  -2.599e-05
   385  +1.8950668410      3881  +1.8950195312  -4.731e-05
   386  +1.8975263707      3886  +1.8974609375  -6.543e-05
   387  +1.8999827165      3891  +1.8999023438  -8.037e-05
   388  +1.9024358908      3896  +1.9023437500  -9.214e-05
   389  +1.9048859059      3901  +1.9047851562  -1.007e-04
   390  +1.9073327738      3906  +1.9072265625  -1.062e-04
   391  +1.9097765067      3911  +1.9096679688  -1.085e-04
   392  +1.9122171167      3916  +1.9121093750  -1.077e-04
   393  +1.9146546156      3921  +1.9145507812  -1.038e-04
   394  +1.9170890153      3926  +1.9169921875  -9.683e-05
   395  +1.9195203277      3931  +1.9194335938  -8.673e-05
   396  +1.9219485644      3936  +1.9218750000  -7.356e-05
   397  +1.9243737370      3941  +1.9243164062  -5.733e-05
   398  +1.9267958572      3946  +1.9267578125  -3.804e-05
   399  +1.9292149364      3951  +1.9291992188  -1.572e-05
   400  +1.9316309862      3956  +1.9316406250  +9.639e-06
   401  +1.9340440177      3961  +1.9340820312  +3.801e-05
   402  +1.9364540423      3966  +1.9365234375  +6.940e-05
   403  +1.9388610713      3971  +1.9389648438  +1.038e-04
   404  +1.9412651157      3976  +1.9414062500  +1.411e-04
   405  +1.9436661866      3981  +1.9438476562  +1.815e-04
   406  +1.9460642951      3986  +1.9462890625  +2.248e-04
   407  +1.9484594521      3990  +1.9482421875  -2.173e-04
   408  +1.9508516684      3995  +1.9506835938  -1.681e-04
   409  +1.9532409548      4000  +1.9531250000  -1.160e-04
   410  +1.9556273222      4005  +1.9555664062  -6.092e-05
   411  +1.9580107811      4010  +1.9580078125  -2.969e-06
   412  +1.9603913422      4015  +1.9604492188  +5.788e-05
   413  +1.9627690160      4020  +1.9628906250  +1.216e-04
   414  +1.9651438131      4025  +1.9653320312  +1.882e-04
   415  +1.9675157437      4029  +1.9672851562  -2.306e-04
   416  +1.9698848183      4034  +1.9697265625  -1.583e-04
   417  +1.9722510472      4039  +1.9721679688  -8.308e-05
   418  +1.9746144405      4044  +1.9746093750  -5.066e-06
   419  +1.9769750085      4049  +1.9770507812  +7.577e-05
   420  +1.9793327613      4054  +1.9794921875  +1.594e-04
   421  +1.9816877089      4058  +1.9814453125  -2.424e-04
   422  +1.9840398613      4063  +1.9838867188  -1.531e-04
   423  +1.9863892285      4068  +1.9863281250  -6.110e-05
   424  +1.9887358202      4073  +1.9887695312  +3.371e-05
   425  +1.9910796464      4078  +1.9912109375  +1.313e-04
   426  +1.9934207168      4083  +1.9936523438  +2.316e-04
   427  +1.9957590410      4087  +1.9956054688  -1.536e-04
   428  +1.9980946287      4092  +1.9980468750  -4.775e-05
   429  +2.0004274896      4097  +2.0004882812  +6.079e-05
   430  +2.0027576330      4102  +2.0029296875  +1.721e-04
   431  +2.0050850686      4106  +2.0048828125  -2.023e-04
   432  +2.0074098057      4111  +2.0073242188  -8.559e-05
   433  +2.0097318537      4116  +2.0097656250  +3.377e-05
   434  +2.0120512218      4121  +2.0122070312  +1.558e-04
   435  +2.0143679195      4125  +2.0141601562  -2.078e-04
   436  +2.0166819558      4130  +2.0166015625  -8.039e-05
   437  +2.0189933398      4135  +2.0190429688  +4.963e-05
   438  +2.0213020808      4140  +2.0214843750  +1.823e-04
   439  +2.0236081878      4144  +2.0234375000  -1.707e-04
   440  +2.0259116697      4149  +2.0258789062  -3.276e-05
   441  +2.0282125355      4154  +2.0283203125  +1.078e-04
   442  +2.0305107940      4158  +2.0302734375  -2.374e-04
   443  +2.0328064542      4163  +2.0327148438  -9.161e-05
   444  +2.0350995248      4168  +2.0351562500  +5.673e-05
   445  +2.0373900146      4173  +2.0375976562  +2.076e-04
   446  +2.0396779323      4177  +2.0395507812  -1.272e-04
   447  +2.0419632864      4182  +2.0419921875  +2.890e-05
   448  +2.0442460856      4187  +2.0444335938  +1.875e-04
   449  +2.0465263385      4191  +2.0463867188  -1.396e-04
   450  +2.0488040536      4196  +2.0488281250  +2.407e-05
   451  +2.0510792392      4201  +2.0512695312  +1.903e-04
   452  +2.0533519039      4205  +2.0532226562  -1.292e-04
   453  +2.0556220560      4210  +2.0556640625  +4.201e-05
   454  +2.0578897037      4215  +2.0581054688  +2.158e-04
   455  +2.0601548554      4219  +2.0600585938  -9.626e-05
   456  +2.0624175193      4224  +2.0625000000  +8.248e-05
   457  +2.0646777036      4228  +2.0644531250  -2.246e-04
   458  +2.0669354163      4233  +2.0668945312  -4.089e-05
   459  +2.0691906657      4238  +2.0693359375  +1.453e-04
   460  +2.0714434597      4242  +2.0712890625  -1.544e-04
   461  +2.0736938063      4247  +2.0737304688  +3.666e-05
   462  +2.0759417135      4252  +2.0761718750  +2.302e-04
   463  +2.0781871893      4256  +2.0781250000  -6.219e-05
   464  +2.0804302414      4261  +2.0805664062  +1.362e-04
   465  +2.0826708777      4265  +2.0825195312  -1.513e-04
   466  +2.0849091061      4270  +2.0849609375  +5.183e-05
   467  +2.0871449342      4274  +2.0869140625  -2.309e-04
   468  +2.0893783698      4279  +2.0893554688  -2.290e-05
   469  +2.0916094204      4284  +2.0917968750  +1.875e-04
   470  +2.0938380939      4288  +2.0937500000  -8.809e-05
   471  +2.0960643976      4293  +2.0961914062  +1.270e-04
   472  +2.0982883393      4297  +2.0981445312  -1.438e-04
   473  +2.1005099263      4302  +2.1005859375  +7.601e-05
   474  +2.1027291661      4306  +2.1025390625  -1.901e-04
   475  +2.1049460662      4311  +2.1049804688  +3.440e-05
   476  +2.1071606340      4315  +2.1069335938  -2.270e-04
   477  +2.1093728767      4320  +2.1093750000  +2.123e-06
   478  +2.1115828018      4325  +2.1118164062  +2.336e-04
   479  +2.1137904164      4329  +2.1137695312  -2.089e-05
   480  +2.1159957278      4334  +2.1162109375  +2.152e-04
   481  +2.1181987432      4338  +2.1181640625  -3.468e-05
   482  +2.1203994698      4343  +2.1206054688  +2.060e-04
   483  +2.1225979146      4347  +2.1225585938  -3.932e-05
   484  +2.1247940848      4352  +2.1250000000  +2.059e-04
   485  +2.1269879874      4356  +2.1269531250  -3.486e-05
   486  +2.1291796293      4361  +2.1293945312  +2.149e-04
   487  +2.1313690177      4365  +2.1313476562  -2.136e-05
   488  +2.1335561594      4370  +2.1337890625  +2.329e-04
   489  +2.1357410613      4374  +2.1357421875  +1.126e-06
   490  +2.1379237303      4378  +2.1376953125  -2.284e-04
   491  +2.1401041732      4383  +2.1401367188  +3.255e-05
   492  +2.1422823969      4387  +2.1420898438  -1.926e-04
   493  +2.1444584080      4392  +2.1445312500  +7.284e-05
   494  +2.1466322133      4396  +2.1464843750  -1.478e-04
   495  +2.1488038196      4401  +2.1489257812  +1.220e-04
   496  +2.1509732334      4405  +2.1508789062  -9.433e-05
   497  +2.1531404614      4410  +2.1533203125  +1.799e-04
   498  +2.1553055101      4414  +2.1552734375  -3.207e-05
   499  +2.1574683863      4418  +2.1572265625  -2.418e-04
   500  +2.1596290962      4423  +2.1596679688  +3.887e-05
   501  +2.1617876466      4427  +2.1616210938  -1.666e-04
   502  +2.1639440438      4432  +2.1640625000  +1.185e-04
   503  +2.1660982942      4436  +2.1660156250  -8.267e-05
   504  +2.1682504044      4441  +2.1684570312  +2.066e-04
   505  +2.1704003805      4445  +2.1704101562  +9.776e-06
   506  +2.1725482290      4449  +2.1723632812  -1.849e-04
   507  +2.1746939562      4454  +2.1748046875  +1.107e-04
   508  +2.1768375683      4458  +2.1767578125  -7.976e-05
   509  +2.1789790716      4463  +2.1791992188  +2.201e-04
   510  +2.1811184723      4467  +2.1811523438  +3.387e-05
   511  +2.1832557765      4471  +2.1831054688  -1.503e-04
   512  +2.1853909905      4476  +2.1855468750  +1.559e-04
   513  +2.1875241203      4480  +2.1875000000  -2.412e-05
   514  +2.1896551721      4484  +2.1894531250  -2.020e-04
   515  +2.1917841519      4489  +2.1918945312  +1.104e-04
   516  +2.1939110657      4493  +2.1938476562  -6.341e-05
   517  +2.1960359195      4497  +2.1958007812  -2.351e-04
   518  +2.1981587193      4502  +2.1982421875  +8.347e-05
   519  +2.2002794711      4506  +2.2001953125  -8.416e-05
   520  +2.2023981808      4511  +2.2026367188  +2.385e-04
   521  +2.2045148542      4515  +2.2045898438  +7.499e-05
   522  +2.2066294972      4519  +2.2065429688  -8.653e-05
   523  +2.2087421157      4524  +2.2089843750  +2.423e-04
   524  +2.2108527154      4528  +2.2109375000  +8.478e-05
   525  +2.2129613022      4532  +2.2128906250  -7.068e-05
   526  +2.2150678817      4536  +2.2148437500  -2.241e-04
   527  +2.2171724598      4541  +2.2172851562  +1.127e-04
   528  +2.2192750420      4545  +2.2192382812  -3.676e-05
   529  +2.2213756341      4549  +2.2211914062  -1.842e-04
   530  +2.2234742417      4554  +2.2236328125  +1.586e-04
   531  +2.2255708704      4558  +2.2255859375  +1.507e-05
   532  +2.2276655258      4562  +2.2275390625  -1.265e-04
   533  +2.2297582134      4567  +2.2299804688  +2.223e-04
   534  +2.2318489389      4571  +2.2319335938  +8.465e-05
   535  +2.2339377077      4575  +2.2338867188  -5.099e-05
   536  +2.2360245252      4579  +2.2358398438  -1.847e-04
   537  +2.2381093970      4584  +2.2382812500  +1.719e-04
   538  +2.2401923285      4588  +2.2402343750  +4.205e-05
   539  +2.2422733251      4592  +2.2421875000  -8.583e-05
   540  +2.2443523921      4596  +2.2441406250  -2.118e-04
   541  +2.2464295350      4601  +2.2465820312  +1.525e-04
   542  +2.2485047590      4605  +2.2485351562  +3.040e-05
   543  +2.2505780695      4609  +2.2504882812  -8.979e-05
   544  +2.2526494718      4613  +2.2524414062  -2.081e-04
   545  +2.2547189710      4618  +2.2548828125  +1.638e-04
   546  +2.2567865725      4622  +2.2568359375  +4.936e-05
   547  +2.2588522815      4626  +2.2587890625  -6.322e-05
   548  +2.2609161031      4630  +2.2607421875  -1.739e-04
   549  +2.2629780425      4635  +2.2631835938  +2.056e-04
   550  +2.2650381049      4639  +2.2651367188  +9.861e-05
   551  +2.2670962953      4643  +2.2670898438  -6.452e-06
   552  +2.2691526189      4647  +2.2690429688  -1.097e-04
   553  +2.2712070808      4651  +2.2709960938  -2.110e-04
   554  +2.2732596859      4656  +2.2734375000  +1.778e-04
   555  +2.2753104393      4660  +2.2753906250  +8.019e-05
   556  +2.2773593460      4664  +2.2773437500  -1.560e-05
   557  +2.2794064110      4668  +2.2792968750  -1.095e-04
   558  +2.2814516392      4672  +2.2812500000  -2.016e-04
   559  +2.2834950356      4677  +2.2836914062  +1.964e-04
   560  +2.2855366051      4681  +2.2856445312  +1.079e-04
   561  +2.2875763526      4685  +2.2875976562  +2.130e-05
   562  +2.2896142829      4689  +2.2895507812  -6.350e-05
   563  +2.2916504010      4693  +2.2915039062  -1.465e-04
   564  +2.2936847116      4697  +2.2934570312  -2.277e-04
   565  +2.2957172195      4702  +2.2958984375  +1.812e-04
   566  +2.2977479295      4706  +2.2978515625  +1.036e-04
   567  +2.2997768464      4710  +2.2998046875  +2.784e-05
   568  +2.3018039749      4714  +2.3017578125  -4.616e-05
   569  +2.3038293197      4718  +2.3037109375  -1.184e-04
   570  +2.3058528856      4722  +2.3056640625  -1.888e-04
   571  +2.3078746772      4727  +2.3081054688  +2.308e-04
   572  +2.3098946992      4731  +2.3100585938  +1.639e-04
   573  +2.3119129562      4735  +2.3120117188  +9.876e-05
   574  +2.3139294528      4739  +2.3139648438  +3.539e-05
   575  +2.3159441937      4743  +2.3159179688  -2.622e-05
   576  +2.3179571834      4747  +2.3178710938  -8.609e-05
   577  +2.3199684264      4751  +2.3198242188  -1.442e-04
   578  +2.3219779274      4755  +2.3217773438  -2.006e-04
   579  +2.3239856908      4760  +2.3242187500  +2.331e-04
   580  +2.3259917211      4764  +2.3261718750  +1.802e-04
   581  +2.3279960228      4768  +2.3281250000  +1.290e-04
   582  +2.3299986004      4772  +2.3300781250  +7.952e-05
   583  +2.3319994583      4776  +2.3320312500  +3.179e-05
   584  +2.3339986010      4780  +2.3339843750  -1.423e-05
   585  +2.3359960327      4784  +2.3359375000  -5.853e-05
   586  +2.3379917580      4788  +2.3378906250  -1.011e-04
   587  +2.3399857812      4792  +2.3398437500  -1.420e-04
   588  +2.3419781066      4796  +2.3417968750  -1.812e-04
   589  +2.3439687386      4800  +2.3437500000  -2.187e-04
   590  +2.3459576815      4805  +2.3461914062  +2.337e-04
   591  +2.3479449395      4809  +2.3481445312  +1.996e-04
   592  +2.3499305170      4813  +2.3500976562  +1.671e-04
   593  +2.3519144182      4817  +2.3520507812  +1.364e-04
   594  +2.3538966473      4821  +2.3540039062  +1.073e-04
   595  +2.3558772085      4825  +2.3559570312  +7.982e-05
   596  +2.3578561062      4829  +2.3579101562  +5.405e-05
   597  +2.3598333443      4833  +2.3598632812  +2.994e-05
   598  +2.3618089272      4837  +2.3618164062  +7.479e-06
   599  +2.3637828590      4841  +2.3637695312  -1.333e-05
   600  +2.3657551437      4845  +2.3657226562  -3.249e-05
   601  +2.3677257856      4849  +2.3676757812  -5.000e-05
   602  +2.3696947886      4853  +2.3696289062  -6.588e-05
   603  +2.3716621570      4857  +2.3715820312  -8.013e-05
   604  +2.3736278947      4861  +2.3735351562  -9.274e-05
   605  +2.3755920059      4865  +2.3754882812  -1.037e-04
   606  +2.3775544944      4869  +2.3774414062  -1.131e-04
   607  +2.3795153645      4873  +2.3793945312  -1.208e-04
   608  +2.3814746199      4877  +2.3813476562  -1.270e-04
   609  +2.3834322648      4881  +2.3833007812  -1.315e-04
   610  +2.3853883031      4885  +2.3852539062  -1.344e-04
   611  +2.3873427388      4889  +2.3872070312  -1.357e-04
   612  +2.3892955757      4893  +2.3891601562  -1.354e-04
   613  +2.3912468178      4897  +2.3911132812  -1.335e-04
   614  +2.3931964690      4901  +2.3930664062  -1.301e-04
   615  +2.3951445332      4905  +2.3950195312  -1.250e-04
   616  +2.3970910143      4909  +2.3969726562  -1.184e-04
   617  +2.3990359160      4913  +2.3989257812  -1.101e-04
   618  +2.4009792423      4917  +2.4008789062  -1.003e-04
   619  +2.4029209970      4921  +2.4028320312  -8.897e-05
   620  +2.4048611838      4925  +2.4047851562  -7.603e-05
   621  +2.4067998066      4929  +2.4067382812  -6.153e-05
   622  +2.4087368691      4933  +2.4086914062  -4.546e-05
   623  +2.4106723752      4937  +2.4106445312  -2.784e-05
   624  +2.4126063284      4941  +2.4125976562  -8.672e-06
   625  +2.4145387327      4945  +2.4145507812  +1.205e-05
   626  +2.4164695916      4949  +2.4165039062  +3.431e-05
   627  +2.4183989090      4953  +2.4184570312  +5.812e-05
   628  +2.4203266884      4957  +2.4204101562  +8.347e-05
   629  +2.4222529336      4961  +2.4223632812  +1.103e-04
   630  +2.4241776482      4965  +2.4243164062  +1.388e-04
   631  +2.4261008358      4969  +2.4262695312  +1.687e-04
   632  +2.4280225002      4973  +2.4282226562  +2.002e-04
   633  +2.4299426448      4977  +2.4301757812  +2.331e-04
   634  +2.4318612733      4980  +2.4316406250  -2.206e-04
   635  +2.4337783893      4984  +2.4335937500  -1.846e-04
   636  +2.4356939964      4988  +2.4355468750  -1.471e-04
   637  +2.4376080981      4992  +2.4375000000  -1.081e-04
   638  +2.4395206979      4996  +2.4394531250  -6.757e-05
   639  +2.4414317994      5000  +2.4414062500  -2.555e-05
   640  +2.4433414061      5004  +2.4433593750  +1.797e-05
   641  +2.4452495215      5008  +2.4453125000  +6.298e-05
   642  +2.4471561491      5012  +2.4472656250  +1.095e-04
   643  +2.4490612924      5016  +2.4492187500  +1.575e-04
   644  +2.4509649547      5020  +2.4511718750  +2.069e-04
   645  +2.4528671397      5023  +2.4526367188  -2.304e-04
   646  +2.4547678507      5027  +2.4545898438  -1.780e-04
   647  +2.4566670911      5031  +2.4565429688  -1.241e-04
   648  +2.4585648643      5035  +2.4584960938  -6.877e-05
   649  +2.4604611738      5039  +2.4604492188  -1.196e-05
   650  +2.4623560229      5043  +2.4624023438  +4.632e-05
   651  +2.4642494149      5047  +2.4643554688  +1.061e-04
   652  +2.4661413533      5051  +2.4663085938  +1.672e-04
   653  +2.4680318414      5055  +2.4682617188  +2.299e-04
   654  +2.4699208825      5058  +2.4697265625  -1.943e-04
   655  +2.4718084800      5062  +2.4716796875  -1.288e-04
   656  +2.4736946370      5066  +2.4736328125  -6.182e-05
   657  +2.4755793570      5070  +2.4755859375  +6.580e-06
   658  +2.4774626432      5074  +2.4775390625  +7.642e-05
   659  +2.4793444989      5078  +2.4794921875  +1.477e-04
   660  +2.4812249273      5082  +2.4814453125  +2.204e-04
   661  +2.4831039317      5085  +2.4829101562  -1.938e-04
   662  +2.4849815153      5089  +2.4848632812  -1.182e-04
   663  +2.4868576813      5093  +2.4868164062  -4.128e-05
   664  +2.4887324329      5097  +2.4887695312  +3.710e-05
   665  +2.4906057734      5101  +2.4907226562  +1.169e-04
   666  +2.4924777058      5105  +2.4926757812  +1.981e-04
   667  +2.4943482334      5108  +2.4941406250  -2.076e-04
   668  +2.4962173594      5112  +2.4960937500  -1.236e-04
   669  +2.4980850868      5116  +2.4980468750  -3.821e-05
   670  +2.4999514189      5120  +2.5000000000  +4.858e-05
   671  +2.5018163586      5124  +2.5019531250  +1.368e-04
   672  +2.5036799093      5128  +2.5039062500  +2.263e-04
   673  +2.5055420738      5131  +2.5053710938  -1.710e-04
   674  +2.5074028554      5135  +2.5073242188  -7.864e-05
   675  +2.5092622571      5139  +2.5092773438  +1.509e-05
   676  +2.5111202820      5143  +2.5112304688  +1.102e-04
   677  +2.5129769331      5147  +2.5131835938  +2.067e-04
   678  +2.5148322135      5150  +2.5146484375  -1.838e-04
   679  +2.5166861262      5154  +2.5166015625  -8.456e-05
   680  +2.5185386742      5158  +2.5185546875  +1.601e-05
   681  +2.5203898605      5162  +2.5205078125  +1.180e-04
   682  +2.5222396882      5166  +2.5224609375  +2.212e-04
   683  +2.5240881602      5169  +2.5239257812  -1.624e-04
   684  +2.5259352795      5173  +2.5258789062  -5.637e-05
   685  +2.5277810490      5177  +2.5278320312  +5.098e-05
   686  +2.5296254718      5181  +2.5297851562  +1.597e-04
   687  +2.5314685507      5184  +2.5312500000  -2.186e-04
   688  +2.5333102887      5188  +2.5332031250  -1.072e-04
   689  +2.5351506887      5192  +2.5351562500  +5.561e-06
   690  +2.5369897536      5196  +2.5371093750  +1.196e-04
   691  +2.5388274864      5200  +2.5390625000  +2.350e-04
   692  +2.5406638899      5203  +2.5405273438  -1.365e-04
   693  +2.5424989670      5207  +2.5424804688  -1.850e-05
   694  +2.5443327205      5211  +2.5444335938  +1.009e-04
   695  +2.5461651534      5215  +2.5463867188  +2.216e-04
   696  +2.5479962684      5218  +2.5478515625  -1.447e-04
   697  +2.5498260685      5222  +2.5498046875  -2.138e-05
   698  +2.5516545564      5226  +2.5517578125  +1.033e-04
   699  +2.5534817350      5230  +2.5537109375  +2.292e-04
   700  +2.5553076071      5233  +2.5551757812  -1.318e-04
   701  +2.5571321754      5237  +2.5571289062  -3.269e-06
   702  +2.5589554428      5241  +2.5590820312  +1.266e-04
   703  +2.5607774120      5244  +2.5605468750  -2.305e-04
   704  +2.5625980858      5248  +2.5625000000  -9.809e-05
   705  +2.5644174670      5252  +2.5644531250  +3.566e-05
   706  +2.5662355583      5256  +2.5664062500  +1.707e-04
   707  +2.5680523625      5259  +2.5678710938  -1.813e-04
   708  +2.5698678822      5263  +2.5698242188  -4.366e-05
   709  +2.5716821203      5267  +2.5717773438  +9.522e-05
   710  +2.5734950793      5271  +2.5737304688  +2.354e-04
   711  +2.5753067621      5274  +2.5751953125  -1.114e-04
   712  +2.5771171713      5278  +2.5771484375  +3.127e-05
   713  +2.5789263096      5282  +2.5791015625  +1.753e-04
   714  +2.5807341797      5285  +2.5805664062  -1.678e-04
   715  +2.5825407841      5289  +2.5825195312  -2.125e-05
   716  +2.5843461257      5293  +2.5844726562  +1.265e-04
   717  +2.5861502070      5296  +2.5859375000  -2.127e-04
   718  +2.5879530306      5300  +2.5878906250  -6.241e-05
   719  +2.5897545993      5304  +2.5898437500  +8.915e-05
   720  +2.5915549155      5308  +2.5917968750  +2.420e-04
   721  +2.5933539819      5311  +2.5932617188  -9.226e-05
   722  +2.5951518012      5315  +2.5952148438  +6.304e-05
   723  +2.5969483759      5319  +2.5971679688  +2.196e-04
   724  +2.5987437085      5322  +2.5986328125  -1.109e-04
   725  +2.6005378018      5326  +2.6005859375  +4.814e-05
   726  +2.6023306581      5330  +2.6025390625  +2.084e-04
   727  +2.6041222801      5333  +2.6040039062  -1.184e-04
   728  +2.6059126703      5337  +2.6059570312  +4.436e-05
   729  +2.6077018313      5341  +2.6079101562  +2.083e-04
   730  +2.6094897656      5344  +2.6093750000  -1.148e-04
   731  +2.6112764757      5348  +2.6113281250  +5.165e-05
   732  +2.6130619641      5352  +2.6132812500  +2.193e-04
   733  +2.6148462333      5355  +2.6147460938  -1.001e-04
   734  +2.6166292858      5359  +2.6166992188  +6.993e-05
   735  +2.6184111241      5363  +2.6186523438  +2.412e-04
   736  +2.6201917507      5366  +2.6201171875  -7.456e-05
   737  +2.6219711681      5370  +2.6220703125  +9.914e-05
   738  +2.6237493787      5373  +2.6235351562  -2.142e-04
   739  +2.6255263849      5377  +2.6254882812  -3.810e-05
   740  +2.6273021892      5381  +2.6274414062  +1.392e-04
   741  +2.6290767941      5384  +2.6289062500  -1.705e-04
   742  +2.6308502019      5388  +2.6308593750  +9.173e-06
   743  +2.6326224151      5392  +2.6328125000  +1.901e-04
   744  +2.6343934361      5395  +2.6342773438  -1.161e-04
   745  +2.6361632673      5399  +2.6362304688  +6.720e-05
   746  +2.6379319111      5402  +2.6376953125  -2.366e-04
   747  +2.6396993698      5406  +2.6396484375  -5.093e-05
   748  +2.6414656459      5410  +2.6416015625  +1.359e-04
   749  +2.6432307418      5413  +2.6430664062  -1.643e-04
   750  +2.6449946597      5417  +2.6450195312  +2.487e-05
   751  +2.6467574021      5421  +2.6469726562  +2.153e-04
   752  +2.6485189713      5424  +2.6484375000  -8.147e-05
   753  +2.6502793696      5428  +2.6503906250  +1.113e-04
   754  +2.6520385994      5431  +2.6518554688  -1.831e-04
   755  +2.6537966630      5435  +2.6538085938  +1.193e-05
   756  +2.6555535626      5439  +2.6557617188  +2.082e-04
   757  +2.6573093007      5442  +2.6572265625  -8.274e-05
   758  +2.6590638795      5446  +2.6591796875  +1.158e-04
   759  +2.6608173013      5449  +2.6606445312  -1.728e-04
   760  +2.6625695684      5453  +2.6625976562  +2.809e-05
   761  +2.6643206831      5457  +2.6645507812  +2.301e-04
   762  +2.6660706476      5460  +2.6660156250  -5.502e-05
   763  +2.6678194642      5464  +2.6679687500  +1.493e-04
   764  +2.6695671352      5467  +2.6694335938  -1.335e-04
   765  +2.6713136628      5471  +2.6713867188  +7.306e-05
   766  +2.6730590492      5474  +2.6728515625  -2.075e-04
   767  +2.6748032968      5478  +2.6748046875  +1.391e-06
   768  +2.6765464076      5482  +2.6767578125  +2.114e-04
   769  +2.6782883840      5485  +2.6782226562  -6.573e-05
   770  +2.6800292281      5489  +2.6801757812  +1.466e-04
   771  +2.6817689421      5492  +2.6816406250  -1.283e-04
   772  +2.6835075283      5496  +2.6835937500  +8.622e-05
   773  +2.6852449889      5499  +2.6850585938  -1.864e-04
   774  +2.6869813260      5503  +2.6870117188  +3.039e-05
   775  +2.6887165417      5506  +2.6884765625  -2.400e-04
   776  +2.6904506383      5510  +2.6904296875  -2.095e-05
   777  +2.6921836180      5514  +2.6923828125  +1.992e-04
   778  +2.6939154828      5517  +2.6938476562  -6.783e-05
   779  +2.6956462350      5521  +2.6958007812  +1.545e-04
   780  +2.6973758767      5524  +2.6972656250  -1.103e-04
   781  +2.6991044099      5528  +2.6992187500  +1.143e-04
   782  +2.7008318369      5531  +2.7006835938  -1.482e-04
   783  +2.7025581598      5535  +2.7026367188  +7.856e-05
   784  +2.7042833806      5538  +2.7041015625  -1.818e-04
   785  +2.7060075015      5542  +2.7060546875  +4.719e-05
   786  +2.7077305246      5545  +2.7075195312  -2.110e-04
   787  +2.7094524520      5549  +2.7094726562  +2.020e-05
   788  +2.7111732857      5552  +2.7109375000  -2.358e-04
   789  +2.7128930279      5556  +2.7128906250  -2.403e-06
   790  +2.7146116806      5560  +2.7148437500  +2.321e-04
   791  +2.7163292459      5563  +2.7163085938  -2.065e-05
   792  +2.7180457259      5567  +2.7182617188  +2.160e-04
   793  +2.7197611225      5570  +2.7197265625  -3.456e-05
   794  +2.7214754379      5574  +2.7216796875  +2.042e-04
   795  +2.7231886742      5577  +2.7231445312  -4.414e-05
   796  +2.7249008332      5581  +2.7250976562  +1.968e-04
   797  +2.7266119171      5584  +2.7265625000  -4.942e-05
   798  +2.7283219279      5588  +2.7285156250  +1.937e-04
   799  +2.7300308675      5591  +2.7299804688  -5.040e-05
   800  +2.7317387381      5595  +2.7319335938  +1.949e-04
   801  +2.7334455416      5598  +2.7333984375  -4.710e-05
   802  +2.7351512800      5602  +2.7353515625  +2.003e-04
   803  +2.7368559554      5605  +2.7368164062  -3.955e-05
   804  +2.7385595696      5609  +2.7387695312  +2.100e-04
   805  +2.7402621246      5612  +2.7402343750  -2.775e-05
   806  +2.7419636225      5616  +2.7421875000  +2.239e-04
   807  +2.7436640653      5619  +2.7436523438  -1.172e-05
   808  +2.7453634548      5623  +2.7456054688  +2.420e-04
   809  +2.7470617930      5626  +2.7470703125  +8.520e-06
   810  +2.7487590818      5629  +2.7485351562  -2.239e-04
   811  +2.7504553233      5633  +2.7504882812  +3.296e-05
   812  +2.7521505194      5636  +2.7519531250  -1.974e-04
   813  +2.7538446719      5640  +2.7539062500  +6.158e-05
   814  +2.7555377828      5643  +2.7553710938  -1.667e-04
   815  +2.7572298541      5647  +2.7573242188  +9.436e-05
   816  +2.7589208876      5650  +2.7587890625  -1.318e-04
   817  +2.7606108852      5654  +2.7607421875  +1.313e-04
   818  +2.7622998489      5657  +2.7622070312  -9.282e-05
   819  +2.7639877805      5661  +2.7641601562  +1.724e-04
   820  +2.7656746820      5664  +2.7656250000  -4.968e-05
   821  +2.7673605552      5668  +2.7675781250  +2.176e-04
   822  +2.7690454019      5671  +2.7690429688  -2.433e-06
   823  +2.7707292242      5674  +2.7705078125  -2.214e-04
   824  +2.7724120237      5678  +2.7724609375  +4.891e-05
   825  +2.7740938025      5681  +2.7739257812  -1.680e-04
   826  +2.7757745623      5685  +2.7758789062  +1.043e-04
   827  +2.7774543050      5688  +2.7773437500  -1.106e-04
   828  +2.7791330324      5692  +2.7792968750  +1.638e-04
   829  +2.7808107465      5695  +2.7807617188  -4.903e-05
   830  +2.7824874489      5699  +2.7827148438  +2.274e-04
   831  +2.7841631416      5702  +2.7841796875  +1.655e-05
   832  +2.7858378263      5705  +2.7856445312  -1.933e-04
   833  +2.7875115050      5709  +2.7875976562  +8.615e-05
   834  +2.7891841793      5712  +2.7890625000  -1.217e-04
   835  +2.7908558511      5716  +2.7910156250  +1.598e-04
   836  +2.7925265222      5719  +2.7924804688  -4.605e-05
   837  +2.7941961944      5723  +2.7944335938  +2.374e-04
   838  +2.7958648695      5726  +2.7958984375  +3.357e-05
   839  +2.7975325493      5729  +2.7973632812  -1.693e-04
   840  +2.7991992355      5733  +2.7993164062  +1.172e-04
   841  +2.8008649299      5736  +2.8007812500  -8.368e-05
   842  +2.8025296343      5740  +2.8027343750  +2.047e-04
   843  +2.8041933505      5743  +2.8041992188  +5.868e-06
   844  +2.8058560802      5746  +2.8056640625  -1.920e-04
   845  +2.8075178251      5750  +2.8076171875  +9.936e-05
   846  +2.8091785871      5753  +2.8090820312  -9.656e-05
   847  +2.8108383678      5757  +2.8110351562  +1.968e-04
   848  +2.8124971690      5760  +2.8125000000  +2.831e-06
   849  +2.8141549924      5763  +2.8139648438  -1.901e-04
   850  +2.8158118397      5767  +2.8159179688  +1.061e-04
   851  +2.8174677127      5770  +2.8173828125  -8.490e-05
   852  +2.8191226132      5774  +2.8193359375  +2.133e-04
   853  +2.8207765427      5777  +2.8208007812  +2.424e-05
   854  +2.8224295030      5780  +2.8222656250  -1.639e-04
   855  +2.8240814958      5784  +2.8242187500  +1.373e-04
   856  +2.8257325229      5787  +2.8256835938  -4.893e-05
   857  +2.8273825858      5790  +2.8271484375  -2.341e-04
   858  +2.8290316863      5794  +2.8291015625  +6.988e-05
   859  +2.8306798261      5797  +2.8305664062  -1.134e-04
   860  +2.8323270068      5801  +2.8325195312  +1.925e-04
   861  +2.8339732301      5804  +2.8339843750  +1.114e-05
   862  +2.8356184977      5807  +2.8354492188  -1.693e-04
   863  +2.8372628113      5811  +2.8374023438  +1.395e-04
   864  +2.8389061725      5814  +2.8388671875  -3.898e-05
   865  +2.8405485829      5817  +2.8403320312  -2.166e-04
   866  +2.8421900442      5821  +2.8422851562  +9.511e-05
   867  +2.8438305581      5824  +2.8437500000  -8.056e-05
   868  +2.8454701261      5828  +2.8457031250  +2.330e-04
   869  +2.8471087500      5831  +2.8471679688  +5.922e-05
   870  +2.8487464313      5834  +2.8486328125  -1.136e-04
   871  +2.8503831717      5838  +2.8505859375  +2.028e-04
   872  +2.8520189728      5841  +2.8520507812  +3.181e-05
   873  +2.8536538362      5844  +2.8535156250  -1.382e-04
   874  +2.8552877636      5848  +2.8554687500  +1.810e-04
   875  +2.8569207564      5851  +2.8569335938  +1.284e-05
   876  +2.8585528164      5854  +2.8583984375  -1.544e-04
   877  +2.8601839451      5858  +2.8603515625  +1.676e-04
   878  +2.8618141441      5861  +2.8618164062  +2.262e-06
   879  +2.8634434150      5864  +2.8632812500  -1.622e-04
   880  +2.8650717594      5868  +2.8652343750  +1.626e-04
   881  +2.8666991789      5871  +2.8666992188  +3.984e-08
   882  +2.8683256750      5874  +2.8681640625  -1.616e-04
   883  +2.8699512494      5878  +2.8701171875  +1.659e-04
   884  +2.8715759035      5881  +2.8715820312  +6.128e-06
   885  +2.8731996389      5884  +2.8730468750  -1.528e-04
   886  +2.8748224572      5888  +2.8750000000  +1.775e-04
   887  +2.8764443600      5891  +2.8764648438  +2.048e-05
   888  +2.8780653488      5894  +2.8779296875  -1.357e-04
   889  +2.8796854251      5898  +2.8798828125  +1.974e-04
   890  +2.8813045905      5901  +2.8813476562  +4.307e-05
   891  +2.8829228465      5904  +2.8828125000  -1.103e-04
   892  +2.8845401947      5908  +2.8847656250  +2.254e-04
   893  +2.8861566365      5911  +2.8862304688  +7.383e-05
   894  +2.8877721735      5914  +2.8876953125  -7.686e-05
   895  +2.8893868072      5917  +2.8891601562  -2.267e-04
   896  +2.8910005391      5921  +2.8911132812  +1.127e-04
   897  +2.8926133708      5924  +2.8925781250  -3.525e-05
   898  +2.8942253037      5927  +2.8940429688  -1.823e-04
   899  +2.8958363394      5931  +2.8959960938  +1.598e-04
   900  +2.8974464792      5934  +2.8974609375  +1.446e-05
   901  +2.8990557248      5937  +2.8989257812  -1.299e-04
   902  +2.9006640776      5941  +2.9008789062  +2.148e-04
   903  +2.9022715392      5944  +2.9023437500  +7.221e-05
   904  +2.9038781109      5947  +2.9038085938  -6.952e-05
   905  +2.9054837942      5950  +2.9052734375  -2.104e-04
   906  +2.9070885907      5954  +2.9072265625  +1.380e-04
   907  +2.9086925017      5957  +2.9086914062  -1.095e-06
   908  +2.9102955289      5960  +2.9101562500  -1.393e-04
   909  +2.9118976735      5964  +2.9121093750  +2.117e-04
   910  +2.9134989371      5967  +2.9135742188  +7.528e-05
   911  +2.9150993212      5970  +2.9150390625  -6.026e-05
   912  +2.9166988271      5973  +2.9165039062  -1.949e-04
   913  +2.9182974563      5977  +2.9184570312  +1.596e-04
   914  +2.9198952103      5980  +2.9199218750  +2.666e-05
   915  +2.9214920905      5983  +2.9213867188  -1.054e-04
   916  +2.9230880983      5986  +2.9228515625  -2.365e-04
   917  +2.9246832352      5990  +2.9248046875  +1.215e-04
   918  +2.9262775026      5993  +2.9262695312  -7.971e-06
   919  +2.9278709018      5996  +2.9277343750  -1.365e-04
   920  +2.9294634344      6000  +2.9296875000  +2.241e-04
   921  +2.9310551017      6003  +2.9311523438  +9.724e-05
   922  +2.9326459051      6006  +2.9326171875  -2.872e-05
   923  +2.9342358461      6009  +2.9340820312  -1.538e-04
   924  +2.9358249260      6013  +2.9360351562  +2.102e-04
   925  +2.9374131462      6016  +2.9375000000  +8.685e-05
   926  +2.9390005082      6019  +2.9389648438  -3.566e-05
   927  +2.9405870133      6022  +2.9404296875  -1.573e-04
   928  +2.9421726630      6026  +2.9423828125  +2.101e-04
   929  +2.9437574585      6029  +2.9438476562  +9.020e-05
   930  +2.9453414013      6032  +2.9453125000  -2.890e-05
   931  +2.9469244927      6035  +2.9467773438  -1.471e-04
   932  +2.9485067342      6039  +2.9487304688  +2.237e-04
   933  +2.9500881270      6042  +2.9501953125  +1.072e-04
   934  +2.9516686726      6045  +2.9516601562  -8.516e-06
   935  +2.9532483723      6048  +2.9531250000  -1.234e-04
   936  +2.9548272274      6051  +2.9545898438  -2.374e-04
   937  +2.9564052394      6055  +2.9565429688  +1.377e-04
   938  +2.9579824096      6058  +2.9580078125  +2.540e-05
   939  +2.9595587392      6061  +2.9594726562  -8.608e-05
   940  +2.9611342298      6064  +2.9609375000  -1.967e-04
   941  +2.9627088825      6068  +2.9628906250  +1.817e-04
   942  +2.9642826987      6071  +2.9643554688  +7.277e-05
   943  +2.9658556798      6074  +2.9658203125  -3.537e-05
   944  +2.9674278272      6077  +2.9672851562  -1.427e-04
   945  +2.9689991420      6081  +2.9692382812  +2.391e-04
   946  +2.9705696256      6084  +2.9707031250  +1.335e-04
   947  +2.9721392794      6087  +2.9721679688  +2.869e-05
   948  +2.9737081047      6090  +2.9736328125  -7.529e-05
   949  +2.9752761028      6093  +2.9750976562  -1.784e-04
   950  +2.9768432749      6097  +2.9770507812  +2.075e-04
   951  +2.9784096224      6100  +2.9785156250  +1.060e-04
   952  +2.9799751467      6103  +2.9799804688  +5.322e-06
   953  +2.9815398489      6106  +2.9814453125  -9.454e-05
   954  +2.9831037304      6109  +2.9829101562  -1.936e-04
   955  +2.9846667924      6113  +2.9848632812  +1.965e-04
   956  +2.9862290363      6116  +2.9863281250  +9.909e-05
   957  +2.9877904634      6119  +2.9877929688  +2.505e-06
   958  +2.9893510748      6122  +2.9892578125  -9.326e-05
   959  +2.9909108720      6125  +2.9907226562  -1.882e-04
   960  +2.9924698562      6129  +2.9926757812  +2.059e-04
   961  +2.9940280285      6132  +2.9941406250  +1.126e-04
   962  +2.9955853904      6135  +2.9956054688  +2.008e-05
   963  +2.9971419431      6138  +2.9970703125  -7.163e-05
   964  +2.9986976878      6141  +2.9985351562  -1.625e-04
   965  +3.0002526258      6145  +3.0004882812  +2.357e-04
   966  +3.0018067583      6148  +3.0019531250  +1.464e-04
   967  +3.0033600866      6151  +3.0034179688  +5.788e-05
   968  +3.0049126119      6154  +3.0048828125  -2.980e-05
   969  +3.0064643356      6157  +3.0063476562  -1.167e-04
   970  +3.0080152587      6160  +3.0078125000  -2.028e-04
   971  +3.0095653826      6164  +3.0097656250  +2.002e-04
   972  +3.0111147085      6167  +3.0112304688  +1.158e-04
   973  +3.0126632377      6170  +3.0126953125  +3.207e-05
   974  +3.0142109713      6173  +3.0141601562  -5.082e-05
   975  +3.0157579105      6176  +3.0156250000  -1.329e-04
   976  +3.0173040567      6179  +3.0170898438  -2.142e-04
   977  +3.0188494110      6183  +3.0190429688  +1.936e-04
   978  +3.0203939746      6186  +3.0205078125  +1.138e-04
   979  +3.0219377488      6189  +3.0219726562  +3.491e-05
   980  +3.0234807347      6192  +3.0234375000  -4.323e-05
   981  +3.0250229336      6195  +3.0249023438  -1.206e-04
   982  +3.0265643467      6198  +3.0263671875  -1.972e-04
   983  +3.0281049751      6202  +3.0283203125  +2.153e-04
   984  +3.0296448201      6205  +3.0297851562  +1.403e-04
   985  +3.0311838829      6208  +3.0312500000  +6.612e-05
   986  +3.0327221646      6211  +3.0327148438  -7.321e-06
   987  +3.0342596664      6214  +3.0341796875  -7.998e-05
   988  +3.0357963895      6217  +3.0356445312  -1.519e-04
   989  +3.0373323352      6220  +3.0371093750  -2.230e-04
   990  +3.0388675045      6224  +3.0390625000  +1.950e-04
   991  +3.0404018987      6227  +3.0405273438  +1.254e-04
   992  +3.0419355189      6230  +3.0419921875  +5.667e-05
   993  +3.0434683664      6233  +3.0434570312  -1.134e-05
   994  +3.0450004422      6236  +3.0449218750  -7.857e-05
   995  +3.0465317475      6239  +3.0463867188  -1.450e-04
   996  +3.0480622835      6242  +3.0478515625  -2.107e-04
   997  +3.0495920514      6246  +3.0498046875  +2.126e-04
   998  +3.0511210522      6249  +3.0512695312  +1.485e-04
   999  +3.0526492873      6252  +3.0527343750  +8.509e-05
  1000  +3.0541767576      6255  +3.0541992188  +2.246e-05
  1001  +3.0557034644      6258  +3.0556640625  -3.940e-05
  1002  +3.0572294088      6261  +3.0571289062  -1.005e-04
  1003  +3.0587545919      6264  +3.0585937500  -1.608e-04
  1004  +3.0602790150      6267  +3.0600585938  -2.204e-04
  1005  +3.0618026790      6271  +3.0620117188  +2.090e-04
  1006  +3.0633255852      6274  +3.0634765625  +1.510e-04
  1007  +3.0648477346      6277  +3.0649414062  +9.367e-05
  1008  +3.0663691285      6280  +3.0664062500  +3.712e-05
  1009  +3.0678897679      6283  +3.0678710938  -1.867e-05
  1010  +3.0694096539      6286  +3.0693359375  -7.372e-05
  1011  +3.0709287877      6289  +3.0708007812  -1.280e-04
  1012  +3.0724471704      6292  +3.0722656250  -1.815e-04
  1013  +3.0739648030      6295  +3.0737304688  -2.343e-04
  1014  +3.0754816868      6299  +3.0756835938  +2.019e-04
  1015  +3.0769978228      6302  +3.0771484375  +1.506e-04
  1016  +3.0785132121      6305  +3.0786132812  +1.001e-04
  1017  +3.0800278559      6308  +3.0800781250  +5.027e-05
  1018  +3.0815417551      6311  +3.0815429688  +1.214e-06
  1019  +3.0830549110      6314  +3.0830078125  -4.710e-05
  1020  +3.0845673246      6317  +3.0844726562  -9.467e-05
  1021  +3.0860789970      6320  +3.0859375000  -1.415e-04
  1022  +3.0875899293      6323  +3.0874023438  -1.876e-04
  1023  +3.0891001225      6326  +3.0888671875  -2.329e-04
  1024  +3.0906095779      6330  +3.0908203125  +2.107e-04
  1025  +3.0921182963      6333  +3.0922851562  +1.669e-04
  1026  +3.0936262790      6336  +3.0937500000  +1.237e-04
  1027  +3.0951335270      6339  +3.0952148438  +8.132e-05
  1028  +3.0966400413      6342  +3.0966796875  +3.965e-05
  1029  +3.0981458231      6345  +3.0981445312  -1.292e-06
  1030  +3.0996508734      6348  +3.0996093750  -4.150e-05
  1031  +3.1011551932      6351  +3.1010742188  -8.097e-05
  1032  +3.1026587837      6354  +3.1025390625  -1.197e-04
  1033  +3.1041616459      6357  +3.1040039062  -1.577e-04
  1034  +3.1056637808      6360  +3.1054687500  -1.950e-04
  1035  +3.1071651895      6363  +3.1069335938  -2.316e-04
  1036  +3.1086658731      6367  +3.1088867188  +2.208e-04
  1037  +3.1101658326      6370  +3.1103515625  +1.857e-04
  1038  +3.1116650691      6373  +3.1118164062  +1.513e-04
  1039  +3.1131635835      6376  +3.1132812500  +1.177e-04
  1040  +3.1146613770      6379  +3.1147460938  +8.472e-05
  1041  +3.1161584506      6382  +3.1162109375  +5.249e-05
  1042  +3.1176548053      6385  +3.1176757812  +2.098e-05
  1043  +3.1191504421      6388  +3.1191406250  -9.817e-06
  1044  +3.1206453621      6391  +3.1206054688  -3.989e-05
  1045  +3.1221395663      6394  +3.1220703125  -6.925e-05
  1046  +3.1236330558      6397  +3.1235351562  -9.790e-05
  1047  +3.1251258316      6400  +3.1250000000  -1.258e-04
  1048  +3.1266178946      6403  +3.1264648438  -1.531e-04
  1049  +3.1281092459      6406  +3.1279296875  -1.796e-04
  1050  +3.1295998866      6409  +3.1293945312  -2.054e-04
  1051  +3.1310898176      6412  +3.1308593750  -2.304e-04
  1052  +3.1325790399      6416  +3.1328125000  +2.335e-04
  1053  +3.1340675546      6419  +3.1342773438  +2.098e-04
  1054  +3.1355553627      6422  +3.1357421875  +1.868e-04
  1055  +3.1370424652      6425  +3.1372070312  +1.646e-04
  1056  +3.1385288630      6428  +3.1386718750  +1.430e-04
  1057  +3.1400145572      6431  +3.1401367188  +1.222e-04
  1058  +3.1414995488      6434  +3.1416015625  +1.020e-04
  1059  +3.1429838388      6437  +3.1430664062  +8.257e-05
  1060  +3.1444674282      6440  +3.1445312500  +6.382e-05
  1061  +3.1459503178      6443  +3.1459960938  +4.578e-05
  1062  +3.1474325089      6446  +3.1474609375  +2.843e-05
  1063  +3.1489140023      6449  +3.1489257812  +1.178e-05
  1064  +3.1503947990      6452  +3.1503906250  -4.174e-06
  1065  +3.1518749000      6455  +3.1518554688  -1.943e-05
  1066  +3.1533543062      6458  +3.1533203125  -3.399e-05
  1067  +3.1548330188      6461  +3.1547851562  -4.786e-05
  1068  +3.1563110385      6464  +3.1562500000  -6.104e-05
  1069  +3.1577883665      6467  +3.1577148438  -7.352e-05
  1070  +3.1592650037      6470  +3.1591796875  -8.532e-05
  1071  +3.1607409510      6473  +3.1606445312  -9.642e-05
  1072  +3.1622162094      6476  +3.1621093750  -1.068e-04
  1073  +3.1636907798      6479  +3.1635742188  -1.166e-04
  1074  +3.1651646633      6482  +3.1650390625  -1.256e-04
  1075  +3.1666378608      6485  +3.1665039062  -1.340e-04
  1076  +3.1681103733      6488  +3.1679687500  -1.416e-04
  1077  +3.1695822017      6491  +3.1694335938  -1.486e-04
  1078  +3.1710533469      6494  +3.1708984375  -1.549e-04
  1079  +3.1725238099      6497  +3.1723632812  -1.605e-04
  1080  +3.1739935917      6500  +3.1738281250  -1.655e-04
  1081  +3.1754626932      6503  +3.1752929688  -1.697e-04
  1082  +3.1769311153      6506  +3.1767578125  -1.733e-04
  1083  +3.1783988590      6509  +3.1782226562  -1.762e-04
  1084  +3.1798659253      6512  +3.1796875000  -1.784e-04
  1085  +3.1813323150      6515  +3.1811523438  -1.800e-04
  1086  +3.1827980291      6518  +3.1826171875  -1.808e-04
  1087  +3.1842630685      6521  +3.1840820312  -1.810e-04
  1088  +3.1857274343      6524  +3.1855468750  -1.806e-04
  1089  +3.1871911272      6527  +3.1870117188  -1.794e-04
  1090  +3.1886541482      6530  +3.1884765625  -1.776e-04
  1091  +3.1901164982      6533  +3.1899414062  -1.751e-04
  1092  +3.1915781783      6536  +3.1914062500  -1.719e-04
  1093  +3.1930391892      6539  +3.1928710938  -1.681e-04
  1094  +3.1944995319      6542  +3.1943359375  -1.636e-04
  1095  +3.1959592073      6545  +3.1958007812  -1.584e-04
  1096  +3.1974182164      6548  +3.1972656250  -1.526e-04
  1097  +3.1988765600      6551  +3.1987304688  -1.461e-04
  1098  +3.2003342391      6554  +3.2001953125  -1.389e-04
  1099  +3.2017912545      6557  +3.2016601562  -1.311e-04
  1100  +3.2032476073      6560  +3.2031250000  -1.226e-04
  1101  +3.2047032981      6563  +3.2045898438  -1.135e-04
  1102  +3.2061583281      6566  +3.2060546875  -1.036e-04
  1103  +3.2076126980      6569  +3.2075195312  -9.317e-05
  1104  +3.2090664088      6572  +3.2089843750  -8.203e-05
  1105  +3.2105194613      6575  +3.2104492188  -7.024e-05
  1106  +3.2119718566      6578  +3.2119140625  -5.779e-05
  1107  +3.2134235953      6581  +3.2133789062  -4.469e-05
  1108  +3.2148746785      6584  +3.2148437500  -3.093e-05
  1109  +3.2163251071      6587  +3.2163085938  -1.651e-05
  1110  +3.2177748818      6590  +3.2177734375  -1.444e-06
  1111  +3.2192240037      6593  +3.2192382812  +1.428e-05
  1112  +3.2206724735      6596  +3.2207031250  +3.065e-05
  1113  +3.2221202921      6599  +3.2221679688  +4.768e-05
  1114  +3.2235674605      6602  +3.2236328125  +6.535e-05
  1115  +3.2250139796      6605  +3.2250976562  +8.368e-05
  1116  +3.2264598501      6608  +3.2265625000  +1.026e-04
  1117  +3.2279050729      6611  +3.2280273438  +1.223e-04
  1118  +3.2293496490      6614  +3.2294921875  +1.425e-04
  1119  +3.2307935791      6617  +3.2309570312  +1.635e-04
  1120  +3.2322368643      6620  +3.2324218750  +1.850e-04
  1121  +3.2336795052      6623  +3.2338867188  +2.072e-04
  1122  +3.2351215028      6626  +3.2353515625  +2.301e-04
  1123  +3.2365628580      6628  +3.2363281250  -2.347e-04
  1124  +3.2380035716      6631  +3.2377929688  -2.106e-04
  1125  +3.2394436444      6634  +3.2392578125  -1.858e-04
  1126  +3.2408830773      6637  +3.2407226562  -1.604e-04
  1127  +3.2423218712      6640  +3.2421875000  -1.344e-04
  1128  +3.2437600269      6643  +3.2436523438  -1.077e-04
  1129  +3.2451975453      6646  +3.2451171875  -8.036e-05
  1130  +3.2466344271      6649  +3.2465820312  -5.240e-05
  1131  +3.2480706733      6652  +3.2480468750  -2.380e-05
  1132  +3.2495062848      6655  +3.2495117188  +5.434e-06
  1133  +3.2509412622      6658  +3.2509765625  +3.530e-05
  1134  +3.2523756065      6661  +3.2524414062  +6.580e-05
  1135  +3.2538093186      6664  +3.2539062500  +9.693e-05
  1136  +3.2552423992      6667  +3.2553710938  +1.287e-04
  1137  +3.2566748491      6670  +3.2568359375  +1.611e-04
  1138  +3.2581066693      6673  +3.2583007812  +1.941e-04
  1139  +3.2595378606      6676  +3.2597656250  +2.278e-04
  1140  +3.2609684236      6678  +3.2607421875  -2.262e-04
  1141  +3.2623983594      6681  +3.2622070312  -1.913e-04
  1142  +3.2638276688      6684  +3.2636718750  -1.558e-04
  1143  +3.2652563524      6687  +3.2651367188  -1.196e-04
  1144  +3.2666844113      6690  +3.2666015625  -8.285e-05
  1145  +3.2681118461      6693  +3.2680664062  -4.544e-05
  1146  +3.2695386577      6696  +3.2695312500  -7.408e-06
  1147  +3.2709648469      6699  +3.2709960938  +3.125e-05
  1148  +3.2723904146      6702  +3.2724609375  +7.052e-05
  1149  +3.2738153615      6705  +3.2739257812  +1.104e-04
  1150  +3.2752396884      6708  +3.2753906250  +1.509e-04
  1151  +3.2766633963      6711  +3.2768554688  +1.921e-04
  1152  +3.2780864857      6714  +3.2783203125  +2.338e-04
  1153  +3.2795089577      6716  +3.2792968750  -2.121e-04
  1154  +3.2809308130      6719  +3.2807617188  -1.691e-04
  1155  +3.2823520523      6722  +3.2822265625  -1.255e-04
  1156  +3.2837726765      6725  +3.2836914062  -8.127e-05
  1157  +3.2851926863      6728  +3.2851562500  -3.644e-05
  1158  +3.2866120827      6731  +3.2866210938  +9.011e-06
  1159  +3.2880308663      6734  +3.2880859375  +5.507e-05
  1160  +3.2894490380      6737  +3.2895507812  +1.017e-04
  1161  +3.2908665985      6740  +3.2910156250  +1.490e-04
  1162  +3.2922835486      6743  +3.2924804688  +1.969e-04
  1163  +3.2936998892      6745  +3.2934570312  -2.429e-04
  1164  +3.2951156210      6748  +3.2949218750  -1.937e-04
  1165  +3.2965307448      6751  +3.2963867188  -1.440e-04
  1166  +3.2979452614      6754  +3.2978515625  -9.370e-05
  1167  +3.2993591716      6757  +3.2993164062  -4.277e-05
  1168  +3.3007724761      6760  +3.3007812500  +8.774e-06
  1169  +3.3021851757      6763  +3.3022460938  +6.092e-05
  1170  +3.3035972712      6766  +3.3037109375  +1.137e-04
  1171  +3.3050087633      6769  +3.3051757812  +1.670e-04
  1172  +3.3064196529      6772  +3.3066406250  +2.210e-04
  1173  +3.3078299408      6774  +3.3076171875  -2.128e-04
  1174  +3.3092396276      6777  +3.3090820312  -1.576e-04
  1175  +3.3106487141      6780  +3.3105468750  -1.018e-04
  1176  +3.3120572012      6783  +3.3120117188  -4.548e-05
  1177  +3.3134650896      6786  +3.3134765625  +1.147e-05
  1178  +3.3148723800      6789  +3.3149414062  +6.903e-05
  1179  +3.3162790732      6792  +3.3164062500  +1.272e-04
  1180  +3.3176851699      6795  +3.3178710938  +1.859e-04
  1181  +3.3190906710      6797  +3.3188476562  -2.430e-04
  1182  +3.3204955772      6800  +3.3203125000  -1.831e-04
  1183  +3.3218998892      6803  +3.3217773438  -1.225e-04
  1184  +3.3233036078      6806  +3.3232421875  -6.142e-05
  1185  +3.3247067337      6809  +3.3247070312  +2.976e-07
  1186  +3.3261092677      6812  +3.3261718750  +6.261e-05
  1187  +3.3275112106      6815  +3.3276367188  +1.255e-04
  1188  +3.3289125630      6818  +3.3291015625  +1.890e-04
  1189  +3.3303133258      6820  +3.3300781250  -2.352e-04
  1190  +3.3317134996      6823  +3.3315429688  -1.705e-04
  1191  +3.3331130852      6826  +3.3330078125  -1.053e-04
  1192  +3.3345120835      6829  +3.3344726562  -3.943e-05
  1193  +3.3359104950      6832  +3.3359375000  +2.701e-05
  1194  +3.3373083205      6835  +3.3374023438  +9.402e-05
  1195  +3.3387055608      6838  +3.3388671875  +1.616e-04
  1196  +3.3401022166      6841  +3.3403320312  +2.298e-04
  1197  +3.3414982886      6843  +3.3413085938  -1.897e-04
  1198  +3.3428937777      6846  +3.3427734375  -1.203e-04
  1199  +3.3442886844      6849  +3.3442382812  -5.040e-05
  1200  +3.3456830095      6852  +3.3457031250  +2.012e-05
  1201  +3.3470767538      6855  +3.3471679688  +9.121e-05
  1202  +3.3484699179      6858  +3.3486328125  +1.629e-04
  1203  +3.3498625027      6861  +3.3500976562  +2.352e-04
  1204  +3.3512545088      6863  +3.3510742188  -1.803e-04
  1205  +3.3526459369      6866  +3.3525390625  -1.069e-04
  1206  +3.3540367878      6869  +3.3540039062  -3.288e-05
  1207  +3.3554270622      6872  +3.3554687500  +4.169e-05
  1208  +3.3568167608      6875  +3.3569335938  +1.168e-04
  1209  +3.3582058843      6878  +3.3583984375  +1.926e-04
  1210  +3.3595944334      6880  +3.3593750000  -2.194e-04
  1211  +3.3609824088      6883  +3.3608398438  -1.426e-04
  1212  +3.3623698113      6886  +3.3623046875  -6.512e-05
  1213  +3.3637566416      6889  +3.3637695312  +1.289e-05
  1214  +3.3651429003      6892  +3.3652343750  +9.147e-05
  1215  +3.3665285882      6895  +3.3666992188  +1.706e-04
  1216  +3.3679137059      6897  +3.3676757812  -2.379e-04
  1217  +3.3692982543      6900  +3.3691406250  -1.576e-04
  1218  +3.3706822339      6903  +3.3706054688  -7.677e-05
  1219  +3.3720656455      6906  +3.3720703125  +4.667e-06
  1220  +3.3734484898      6909  +3.3735351562  +8.667e-05
  1221  +3.3748307675      6912  +3.3750000000  +1.692e-04
  1222  +3.3762124792      6914  +3.3759765625  -2.359e-04
  1223  +3.3775936257      6917  +3.3774414062  -1.522e-04
  1224  +3.3789742077      6920  +3.3789062500  -6.796e-05
  1225  +3.3803542258      6923  +3.3803710938  +1.687e-05
  1226  +3.3817336807      6926  +3.3818359375  +1.023e-04
  1227  +3.3831125732      6929  +3.3833007812  +1.882e-04
  1228  +3.3844909039      6931  +3.3842773438  -2.136e-04
  1229  +3.3858686735      6934  +3.3857421875  -1.265e-04
  1230  +3.3872458827      6937  +3.3872070312  -3.885e-05
  1231  +3.3886225322      6940  +3.3886718750  +4.934e-05
  1232  +3.3899986226      6943  +3.3901367188  +1.381e-04
  1233  +3.3913741547      6946  +3.3916015625  +2.274e-04
  1234  +3.3927491291      6948  +3.3925781250  -1.710e-04
  1235  +3.3941235464      6951  +3.3940429688  -8.058e-05
  1236  +3.3954974075      6954  +3.3955078125  +1.041e-05
  1237  +3.3968707128      6957  +3.3969726562  +1.019e-04
  1238  +3.3982434632      6960  +3.3984375000  +1.940e-04
  1239  +3.3996156593      6962  +3.3994140625  -2.016e-04
  1240  +3.4009873018      6965  +3.4008789062  -1.084e-04
  1241  +3.4023583912      6968  +3.4023437500  -1.464e-05
  1242  +3.4037289284      6971  +3.4038085938  +7.967e-05
  1243  +3.4050989139      6974  +3.4052734375  +1.745e-04
  1244  +3.4064683485      6976  +3.4062500000  -2.183e-04
  1245  +3.4078372328      6979  +3.4077148438  -1.224e-04
  1246  +3.4092055674      6982  +3.4091796875  -2.588e-05
  1247  +3.4105733530      6985  +3.4106445312  +7.118e-05
  1248  +3.4119405903      6988  +3.4121093750  +1.688e-04
  1249  +3.4133072800      6990  +3.4130859375  -2.213e-04
  1250  +3.4146734227      6993  +3.4145507812  -1.226e-04
  1251  +3.4160390190      6996  +3.4160156250  -2.339e-05
  1252  +3.4174040696      6999  +3.4174804688  +7.640e-05
  1253  +3.4187685751      7002  +3.4189453125  +1.767e-04
  1254  +3.4201325363      7004  +3.4199218750  -2.107e-04
  1255  +3.4214959538      7007  +3.4213867188  -1.092e-04
  1256  +3.4228588281      7010  +3.4228515625  -7.266e-06
  1257  +3.4242211601      7013  +3.4243164062  +9.525e-05
  1258  +3.4255829502      7016  +3.4257812500  +1.983e-04
  1259  +3.4269441992      7018  +3.4267578125  -1.864e-04
  1260  +3.4283049077      7021  +3.4282226562  -8.225e-05
  1261  +3.4296650763      7024  +3.4296875000  +2.242e-05
  1262  +3.4310247057      7027  +3.4311523438  +1.276e-04
  1263  +3.4323837966      7030  +3.4326171875  +2.334e-04
  1264  +3.4337423495      7032  +3.4335937500  -1.486e-04
  1265  +3.4351003651      7035  +3.4350585938  -4.177e-05
  1266  +3.4364578441      7038  +3.4365234375  +6.559e-05
  1267  +3.4378147870      7041  +3.4379882812  +1.735e-04
  1268  +3.4391711945      7043  +3.4389648438  -2.064e-04
  1269  +3.4405270673      7046  +3.4404296875  -9.738e-05
  1270  +3.4418824060      7049  +3.4418945312  +1.213e-05
  1271  +3.4432372112      7052  +3.4433593750  +1.222e-04
  1272  +3.4445914835      7055  +3.4448242188  +2.327e-04
  1273  +3.4459452236      7057  +3.4458007812  -1.444e-04
  1274  +3.4472984320      7060  +3.4472656250  -3.281e-05
  1275  +3.4486511095      7063  +3.4487304688  +7.936e-05
  1276  +3.4500032566      7066  +3.4501953125  +1.921e-04
  1277  +3.4513548740      7068  +3.4511718750  -1.830e-04
  1278  +3.4527059623      7071  +3.4526367188  -6.924e-05
  1279  +3.4540565221      7074  +3.4541015625  +4.504e-05
  1280  +3.4554065540      7077  +3.4555664062  +1.599e-04
  1281  +3.4567560587      7079  +3.4565429688  -2.131e-04
  1282  +3.4581050367      7082  +3.4580078125  -9.722e-05
  1283  +3.4594534887      7085  +3.4594726562  +1.917e-05
  1284  +3.4608014153      7088  +3.4609375000  +1.361e-04
  1285  +3.4621488171      7090  +3.4619140625  -2.348e-04
  1286  +3.4634956947      7093  +3.4633789062  -1.168e-04
  1287  +3.4648420488      7096  +3.4648437500  +1.701e-06
  1288  +3.4661878799      7099  +3.4663085938  +1.207e-04
  1289  +3.4675331886      7102  +3.4677734375  +2.402e-04
  1290  +3.4688779757      7104  +3.4687500000  -1.280e-04
  1291  +3.4702222415      7107  +3.4702148438  -7.398e-06
  1292  +3.4715659869      7110  +3.4716796875  +1.137e-04
  1293  +3.4729092123      7113  +3.4731445312  +2.353e-04
  1294  +3.4742519184      7115  +3.4741210938  -1.308e-04
  1295  +3.4755941058      7118  +3.4755859375  -8.168e-06
  1296  +3.4769357751      7121  +3.4770507812  +1.150e-04
  1297  +3.4782769268      7124  +3.4785156250  +2.387e-04
  1298  +3.4796175617      7126  +3.4794921875  -1.254e-04
  1299  +3.4809576802      7129  +3.4809570312  -6.489e-07
  1300  +3.4822972829      7132  +3.4824218750  +1.246e-04
  1301  +3.4836363706      7134  +3.4833984375  -2.379e-04
  1302  +3.4849749437      7137  +3.4848632812  -1.117e-04
  1303  +3.4863130028      7140  +3.4863281250  +1.512e-05
  1304  +3.4876505486      7143  +3.4877929688  +1.424e-04
  1305  +3.4889875817      7145  +3.4887695312  -2.181e-04
  1306  +3.4903241025      7148  +3.4902343750  -8.973e-05
  1307  +3.4916601118      7151  +3.4916992188  +3.911e-05
  1308  +3.4929956101      7154  +3.4931640625  +1.685e-04
  1309  +3.4943305979      7156  +3.4941406250  -1.900e-04
  1310  +3.4956650760      7159  +3.4956054688  -5.961e-05
  1311  +3.4969990448      7162  +3.4970703125  +7.127e-05
  1312  +3.4983325049      7165  +3.4985351562  +2.027e-04
  1313  +3.4996654569      7167  +3.4995117188  -1.537e-04
  1314  +3.5009979015      7170  +3.5009765625  -2.134e-05
  1315  +3.5023298391      7173  +3.5024414062  +1.116e-04
  1316  +3.5036612704      7175  +3.5034179688  -2.433e-04
  1317  +3.5049921959      7178  +3.5048828125  -1.094e-04
  1318  +3.5063226162      7181  +3.5063476562  +2.504e-05
  1319  +3.5076525319      7184  +3.5078125000  +1.600e-04
  1320  +3.5089819435      7186  +3.5087890625  -1.929e-04
  1321  +3.5103108517      7189  +3.5102539062  -5.695e-05
  1322  +3.5116392570      7192  +3.5117187500  +7.949e-05
  1323  +3.5129671600      7195  +3.5131835938  +2.164e-04
  1324  +3.5142945612      7197  +3.5141601562  -1.344e-04
  1325  +3.5156214612      7200  +3.5156250000  +3.539e-06
  1326  +3.5169478606      7203  +3.5170898438  +1.420e-04
  1327  +3.5182737599      7205  +3.5180664062  -2.074e-04
  1328  +3.5195991598      7208  +3.5195312500  -6.791e-05
  1329  +3.5209240607      7211  +3.5209960938  +7.203e-05
  1330  +3.5222484632      7214  +3.5224609375  +2.125e-04
  1331  +3.5235723680      7216  +3.5234375000  -1.349e-04
  1332  +3.5248957755      7219  +3.5249023438  +6.568e-06
  1333  +3.5262186863      7222  +3.5263671875  +1.485e-04
  1334  +3.5275411010      7224  +3.5273437500  -1.974e-04
  1335  +3.5288630202      7227  +3.5288085938  -5.443e-05
  1336  +3.5301844443      7230  +3.5302734375  +8.899e-05
  1337  +3.5315053740      7233  +3.5317382812  +2.329e-04
  1338  +3.5328258098      7235  +3.5327148438  -1.110e-04
  1339  +3.5341457522      7238  +3.5341796875  +3.394e-05
  1340  +3.5354652018      7241  +3.5356445312  +1.793e-04
  1341  +3.5367841592      7243  +3.5366210938  -1.631e-04
  1342  +3.5381026250      7246  +3.5380859375  -1.669e-05
  1343  +3.5394205995      7249  +3.5395507812  +1.302e-04
  1344  +3.5407380835      7251  +3.5405273438  -2.107e-04
  1345  +3.5420550775      7254  +3.5419921875  -6.289e-05
  1346  +3.5433715819      7257  +3.5434570312  +8.545e-05
  1347  +3.5446875974      7260  +3.5449218750  +2.343e-04
  1348  +3.5460031245      7262  +3.5458984375  -1.047e-04
  1349  +3.5473181637      7265  +3.5473632812  +4.512e-05
  1350  +3.5486327156      7268  +3.5488281250  +1.954e-04
  1351  +3.5499467807      7270  +3.5498046875  -1.421e-04
  1352  +3.5512603596      7273  +3.5512695312  +9.172e-06
  1353  +3.5525734527      7276  +3.5527343750  +1.609e-04
  1354  +3.5538860607      7278  +3.5537109375  -1.751e-04
  1355  +3.5551981841      7281  +3.5551757812  -2.240e-05
  1356  +3.5565098234      7284  +3.5566406250  +1.308e-04
  1357  +3.5578209792      7286  +3.5576171875  -2.038e-04
  1358  +3.5591316519      7289  +3.5590820312  -4.962e-05
  1359  +3.5604418421      7292  +3.5605468750  +1.050e-04
  1360  +3.5617515504      7294  +3.5615234375  -2.281e-04
  1361  +3.5630607773      7297  +3.5629882812  -7.250e-05
  1362  +3.5643695232      7300  +3.5644531250  +8.360e-05
  1363  +3.5656777888      7303  +3.5659179688  +2.402e-04
  1364  +3.5669855746      7305  +3.5668945312  -9.104e-05
  1365  +3.5682928811      7308  +3.5683593750  +6.649e-05
  1366  +3.5695997088      7311  +3.5698242188  +2.245e-04
  1367  +3.5709060582      7313  +3.5708007812  -1.053e-04
  1368  +3.5722119299      7316  +3.5722656250  +5.370e-05
  1369  +3.5735173244      7319  +3.5737304688  +2.131e-04
  1370  +3.5748222422      7321  +3.5747070312  -1.152e-04
  1371  +3.5761266839      7324  +3.5761718750  +4.519e-05
  1372  +3.5774306499      7327  +3.5776367188  +2.061e-04
  1373  +3.5787341408      7329  +3.5786132812  -1.209e-04
  1374  +3.5800371571      7332  +3.5800781250  +4.097e-05
  1375  +3.5813396993      7335  +3.5815429688  +2.033e-04
  1376  +3.5826417679      7337  +3.5825195312  -1.222e-04
  1377  +3.5839433635      7340  +3.5839843750  +4.101e-05
  1378  +3.5852444866      7343  +3.5854492188  +2.047e-04
  1379  +3.5865451376      7345  +3.5864257812  -1.194e-04
  1380  +3.5878453172      7348  +3.5878906250  +4.531e-05
  1381  +3.5891450257      7351  +3.5893554688  +2.104e-04
  1382  +3.5904442638      7353  +3.5903320312  -1.122e-04
  1383  +3.5917430319      7356  +3.5917968750  +5.384e-05
  1384  +3.5930413305      7359  +3.5932617188  +2.204e-04
  1385  +3.5943391602      7361  +3.5942382812  -1.009e-04
  1386  +3.5956365214      7364  +3.5957031250  +6.660e-05
  1387  +3.5969334147      7367  +3.5971679688  +2.346e-04
  1388  +3.5982298405      7369  +3.5981445312  -8.531e-05
  1389  +3.5995257995      7372  +3.5996093750  +8.358e-05
  1390  +3.6008212920      7374  +3.6005859375  -2.354e-04
  1391  +3.6021163186      7377  +3.6020507812  -6.554e-05
  1392  +3.6034108797      7380  +3.6035156250  +1.047e-04
  1393  +3.6047049760      7382  +3.6044921875  -2.128e-04
  1394  +3.6059986078      7385  +3.6059570312  -4.158e-05
  1395  +3.6072917757      7388  +3.6074218750  +1.301e-04
  1396  +3.6085844802      7390  +3.6083984375  -1.860e-04
  1397  +3.6098767218      7393  +3.6098632812  -1.344e-05
  1398  +3.6111685009      7396  +3.6113281250  +1.596e-04
  1399  +3.6124598181      7398  +3.6123046875  -1.551e-04
  1400  +3.6137506739      7401  +3.6137695312  +1.886e-05
  1401  +3.6150410688      7404  +3.6152343750  +1.933e-04
  1402  +3.6163310032      7406  +3.6162109375  -1.201e-04
  1403  +3.6176204777      7409  +3.6176757812  +5.530e-05
  1404  +3.6189094927      7412  +3.6191406250  +2.311e-04
  1405  +3.6201980487      7414  +3.6201171875  -8.086e-05
  1406  +3.6214861462      7417  +3.6215820312  +9.589e-05
  1407  +3.6227737858      7419  +3.6225585938  -2.152e-04
  1408  +3.6240609679      7422  +3.6240234375  -3.753e-05
  1409  +3.6253476929      7425  +3.6254882812  +1.406e-04
  1410  +3.6266339614      7427  +3.6264648438  -1.691e-04
  1411  +3.6279197739      7430  +3.6279296875  +9.914e-06
  1412  +3.6292051308      7433  +3.6293945312  +1.894e-04
  1413  +3.6304900326      7435  +3.6303710938  -1.189e-04
  1414  +3.6317744799      7438  +3.6318359375  +6.146e-05
  1415  +3.6330584730      7441  +3.6333007812  +2.423e-04
  1416  +3.6343420125      7443  +3.6342773438  -6.467e-05
  1417  +3.6356250989      7446  +3.6357421875  +1.171e-04
  1418  +3.6369077326      7448  +3.6367187500  -1.890e-04
  1419  +3.6381899141      7451  +3.6381835938  -6.320e-06
  1420  +3.6394716439      7454  +3.6396484375  +1.768e-04
  1421  +3.6407529225      7456  +3.6406250000  -1.279e-04
  1422  +3.6420337503      7459  +3.6420898438  +5.609e-05
  1423  +3.6433141278      7462  +3.6435546875  +2.406e-04
  1424  +3.6445940555      7464  +3.6445312500  -6.281e-05
  1425  +3.6458735339      7467  +3.6459960938  +1.226e-04
  1426  +3.6471525634      7469  +3.6469726562  -1.799e-04
  1427  +3.6484311445      7472  +3.6484375000  +6.355e-06
  1428  +3.6497092777      7475  +3.6499023438  +1.931e-04
  1429  +3.6509869635      7477  +3.6508789062  -1.081e-04
  1430  +3.6522642023      7480  +3.6523437500  +7.955e-05
  1431  +3.6535409946      7482  +3.6533203125  -2.207e-04
  1432  +3.6548173408      7485  +3.6547851562  -3.218e-05
  1433  +3.6560932415      7488  +3.6562500000  +1.568e-04
  1434  +3.6573686970      7490  +3.6572265625  -1.421e-04
  1435  +3.6586437079      7493  +3.6586914062  +4.770e-05
  1436  +3.6599182747      7496  +3.6601562500  +2.380e-04
  1437  +3.6611923977      7498  +3.6611328125  -5.959e-05
  1438  +3.6624660775      7501  +3.6625976562  +1.316e-04
  1439  +3.6637393145      7503  +3.6635742188  -1.651e-04
  1440  +3.6650121091      7506  +3.6650390625  +2.695e-05
  1441  +3.6662844619      7509  +3.6665039062  +2.194e-04
  1442  +3.6675563733      7511  +3.6674804688  -7.590e-05
  1443  +3.6688278437      7514  +3.6689453125  +1.175e-04
  1444  +3.6700988737      7516  +3.6699218750  -1.770e-04
  1445  +3.6713694636      7519  +3.6713867188  +1.726e-05
  1446  +3.6726396140      7522  +3.6728515625  +2.119e-04
  1447  +3.6739093252      7524  +3.6738281250  -8.120e-05
  1448  +3.6751785978      7527  +3.6752929688  +1.144e-04
  1449  +3.6764474321      7529  +3.6762695312  -1.779e-04
  1450  +3.6777158287      7532  +3.6777343750  +1.855e-05
  1451  +3.6789837880      7535  +3.6791992188  +2.154e-04
  1452  +3.6802513104      7537  +3.6801757812  -7.553e-05
  1453  +3.6815183965      7540  +3.6816406250  +1.222e-04
  1454  +3.6827850466      7542  +3.6826171875  -1.679e-04
  1455  +3.6840512612      7545  +3.6840820312  +3.077e-05
  1456  +3.6853170407      7548  +3.6855468750  +2.298e-04
  1457  +3.6865823857      7550  +3.6865234375  -5.895e-05
  1458  +3.6878472965      7553  +3.6879882812  +1.410e-04
  1459  +3.6891117735      7555  +3.6889648438  -1.469e-04
  1460  +3.6903758174      7558  +3.6904296875  +5.387e-05
  1461  +3.6916394284      7560  +3.6914062500  -2.332e-04
  1462  +3.6929026070      7563  +3.6928710938  -3.151e-05
  1463  +3.6941653537      7566  +3.6943359375  +1.706e-04
  1464  +3.6954276689      7568  +3.6953125000  -1.152e-04
  1465  +3.6966895531      7571  +3.6967773438  +8.779e-05
  1466  +3.6979510066      7573  +3.6977539062  -1.971e-04
  1467  +3.6992120300      7576  +3.6992187500  +6.720e-06
  1468  +3.7004726237      7579  +3.7006835938  +2.110e-04
  1469  +3.7017327881      7581  +3.7016601562  -7.263e-05
  1470  +3.7029925236      7584  +3.7031250000  +1.325e-04
  1471  +3.7042518308      7586  +3.7041015625  -1.503e-04
  1472  +3.7055107099      7589  +3.7055664062  +5.570e-05
  1473  +3.7067691616      7591  +3.7065429688  -2.262e-04
  1474  +3.7080271861      7594  +3.7080078125  -1.937e-05
  1475  +3.7092847839      7597  +3.7094726562  +1.879e-04
  1476  +3.7105419556      7599  +3.7104492188  -9.274e-05
  1477  +3.7117987014      7602  +3.7119140625  +1.154e-04
  1478  +3.7130550219      7604  +3.7128906250  -1.644e-04
  1479  +3.7143109174      7607  +3.7143554688  +4.455e-05
  1480  +3.7155663884      7609  +3.7153320312  -2.344e-04
  1481  +3.7168214354      7612  +3.7167968750  -2.456e-05
  1482  +3.7180760587      7615  +3.7182617188  +1.857e-04
  1483  +3.7193302588      7617  +3.7192382812  -9.198e-05
  1484  +3.7205840361      7620  +3.7207031250  +1.191e-04
  1485  +3.7218373910      7622  +3.7216796875  -1.577e-04
  1486  +3.7230903240      7625  +3.7231445312  +5.421e-05
  1487  +3.7243428355      7627  +3.7241210938  -2.217e-04
  1488  +3.7255949259      7630  +3.7255859375  -8.988e-06
  1489  +3.7268465957      7633  +3.7270507812  +2.042e-04
  1490  +3.7280978452      7635  +3.7280273438  -7.050e-05
  1491  +3.7293486749      7638  +3.7294921875  +1.435e-04
  1492  +3.7305990852      7640  +3.7304687500  -1.303e-04
  1493  +3.7318490766      7643  +3.7319335938  +8.452e-05
  1494  +3.7330986494      7645  +3.7329101562  -1.885e-04
  1495  +3.7343478041      7648  +3.7343750000  +2.720e-05
  1496  +3.7355965410      7651  +3.7358398438  +2.433e-04
  1497  +3.7368448607      7653  +3.7368164062  -2.845e-05
  1498  +3.7380927635      7656  +3.7382812500  +1.885e-04
  1499  +3.7393402499      7658  +3.7392578125  -8.244e-05
  1500  +3.7405873202      7661  +3.7407226562  +1.353e-04
  1501  +3.7418339749      7663  +3.7416992188  -1.348e-04
  1502  +3.7430802144      7666  +3.7431640625  +8.385e-05
  1503  +3.7443260391      7668  +3.7441406250  -1.854e-04
  1504  +3.7455714494      7671  +3.7456054688  +3.402e-05
  1505  +3.7468164458      7673  +3.7465820312  -2.344e-04
  1506  +3.7480610286      7676  +3.7480468750  -1.415e-05
  1507  +3.7493051983      7679  +3.7495117188  +2.065e-04
  1508  +3.7505489552      7681  +3.7504882812  -6.067e-05
  1509  +3.7517922998      7684  +3.7519531250  +1.608e-04
  1510  +3.7530352325      7686  +3.7529296875  -1.055e-04
  1511  +3.7542777538      7689  +3.7543945312  +1.168e-04
  1512  +3.7555198639      7691  +3.7553710938  -1.488e-04
  1513  +3.7567615633      7694  +3.7568359375  +7.437e-05
  1514  +3.7580028525      7696  +3.7578125000  -1.904e-04
  1515  +3.7592437318      7699  +3.7592773438  +3.361e-05
  1516  +3.7604842016      7701  +3.7602539062  -2.303e-04
  1517  +3.7617242624      7704  +3.7617187500  -5.512e-06
  1518  +3.7629639145      7707  +3.7631835938  +2.197e-04
  1519  +3.7642031584      7709  +3.7641601562  -4.300e-05
  1520  +3.7654419944      7712  +3.7656250000  +1.830e-04
  1521  +3.7666804230      7714  +3.7666015625  -7.886e-05
  1522  +3.7679184445      7717  +3.7680664062  +1.480e-04
  1523  +3.7691560594      7719  +3.7690429688  -1.131e-04
  1524  +3.7703932681      7722  +3.7705078125  +1.145e-04
  1525  +3.7716300709      7724  +3.7714843750  -1.457e-04
  1526  +3.7728664683      7727  +3.7729492188  +8.275e-05
  1527  +3.7741024606      7729  +3.7739257812  -1.767e-04
  1528  +3.7753380483      7732  +3.7753906250  +5.258e-05
  1529  +3.7765732317      7734  +3.7763671875  -2.060e-04
  1530  +3.7778080113      7737  +3.7778320312  +2.402e-05
  1531  +3.7790423874      7739  +3.7788085938  -2.338e-04
  1532  +3.7802763605      7742  +3.7802734375  -2.923e-06
  1533  +3.7815099308      7745  +3.7817382812  +2.284e-04
  1534  +3.7827430990      7747  +3.7827148438  -2.826e-05
  1535  +3.7839758652      7750  +3.7841796875  +2.038e-04
  1536  +3.7852082299      7752  +3.7851562500  -5.198e-05
  1537  +3.7864401936      7755  +3.7866210938  +1.809e-04
  1538  +3.7876717566      7757  +3.7875976562  -7.410e-05
  1539  +3.7889029192      7760  +3.7890625000  +1.596e-04
  1540  +3.7901336819      7762  +3.7900390625  -9.462e-05
  1541  +3.7913640451      7765  +3.7915039062  +1.399e-04
  1542  +3.7925940091      7767  +3.7924804688  -1.135e-04
  1543  +3.7938235744      7770  +3.7939453125  +1.217e-04
  1544  +3.7950527413      7772  +3.7949218750  -1.309e-04
  1545  +3.7962815102      7775  +3.7963867188  +1.052e-04
  1546  +3.7975098816      7777  +3.7973632812  -1.466e-04
  1547  +3.7987378557      7780  +3.7988281250  +9.027e-05
  1548  +3.7999654330      7782  +3.7998046875  -1.607e-04
  1549  +3.8011926139      7785  +3.8012695312  +7.692e-05
  1550  +3.8024193987      7787  +3.8022460938  -1.733e-04
  1551  +3.8036457878      7790  +3.8037109375  +6.515e-05
  1552  +3.8048717816      7792  +3.8046875000  -1.843e-04
  1553  +3.8060973806      7795  +3.8061523438  +5.496e-05
  1554  +3.8073225850      7797  +3.8071289062  -1.937e-04
  1555  +3.8085473952      7800  +3.8085937500  +4.635e-05
  1556  +3.8097718117      7802  +3.8095703125  -2.015e-04
  1557  +3.8109958348      7805  +3.8110351562  +3.932e-05
  1558  +3.8122194649      7807  +3.8120117188  -2.077e-04
  1559  +3.8134427024      7810  +3.8134765625  +3.386e-05
  1560  +3.8146655476      7812  +3.8144531250  -2.124e-04
  1561  +3.8158880009      7815  +3.8159179688  +2.997e-05
  1562  +3.8171100628      7817  +3.8168945312  -2.155e-04
  1563  +3.8183317335      7820  +3.8183593750  +2.764e-05
  1564  +3.8195530135      7822  +3.8193359375  -2.171e-04
  1565  +3.8207739031      7825  +3.8208007812  +2.688e-05
  1566  +3.8219944027      7827  +3.8217773438  -2.171e-04
  1567  +3.8232145126      7830  +3.8232421875  +2.767e-05
  1568  +3.8244342334      7832  +3.8242187500  -2.155e-04
  1569  +3.8256535652      7835  +3.8256835938  +3.003e-05
  1570  +3.8268725086      7837  +3.8266601562  -2.124e-04
  1571  +3.8280910638      7840  +3.8281250000  +3.394e-05
  1572  +3.8293092312      7842  +3.8291015625  -2.077e-04
  1573  +3.8305270112      7845  +3.8305664062  +3.940e-05
  1574  +3.8317444042      7847  +3.8315429688  -2.014e-04
  1575  +3.8329614106      7850  +3.8330078125  +4.640e-05
  1576  +3.8341780307      7852  +3.8339843750  -1.937e-04
  1577  +3.8353942648      7855  +3.8354492188  +5.495e-05
  1578  +3.8366101134      7857  +3.8364257812  -1.843e-04
  1579  +3.8378255768      7860  +3.8378906250  +6.505e-05
  1580  +3.8390406553      7862  +3.8388671875  -1.735e-04
  1581  +3.8402553495      7865  +3.8403320312  +7.668e-05
  1582  +3.8414696595      7867  +3.8413085938  -1.611e-04
  1583  +3.8426835858      7870  +3.8427734375  +8.985e-05
  1584  +3.8438971287      7872  +3.8437500000  -1.471e-04
  1585  +3.8451102886      7875  +3.8452148438  +1.046e-04
  1586  +3.8463230659      7877  +3.8461914062  -1.317e-04
  1587  +3.8475354609      7880  +3.8476562500  +1.208e-04
  1588  +3.8487474740      7882  +3.8486328125  -1.147e-04
  1589  +3.8499591055      7885  +3.8500976562  +1.386e-04
  1590  +3.8511703559      7887  +3.8510742188  -9.614e-05
  1591  +3.8523812254      7890  +3.8525390625  +1.578e-04
  1592  +3.8535917144      7892  +3.8535156250  -7.609e-05
  1593  +3.8548018233      7895  +3.8549804688  +1.786e-04
  1594  +3.8560115525      7897  +3.8559570312  -5.452e-05
  1595  +3.8572209022      7900  +3.8574218750  +2.010e-04
  1596  +3.8584298729      7902  +3.8583984375  -3.144e-05
  1597  +3.8596384649      7905  +3.8598632812  +2.248e-04
  1598  +3.8608466786      7907  +3.8608398438  -6.835e-06
  1599  +3.8620545143      7909  +3.8618164062  -2.381e-04
  1600  +3.8632619723      7912  +3.8632812500  +1.928e-05
  1601  +3.8644690531      7914  +3.8642578125  -2.112e-04
  1602  +3.8656757570      7917  +3.8657226562  +4.690e-05
  1603  +3.8668820843      7919  +3.8666992188  -1.829e-04
  1604  +3.8680880354      7922  +3.8681640625  +7.603e-05
  1605  +3.8692936106      7924  +3.8691406250  -1.530e-04
  1606  +3.8704988103      7927  +3.8706054688  +1.067e-04
  1607  +3.8717036349      7929  +3.8715820312  -1.216e-04
  1608  +3.8729080846      7932  +3.8730468750  +1.388e-04
  1609  +3.8741121599      7934  +3.8740234375  -8.872e-05
  1610  +3.8753158611      7937  +3.8754882812  +1.724e-04
  1611  +3.8765191885      7939  +3.8764648438  -5.434e-05
  1612  +3.8777221425      7942  +3.8779296875  +2.075e-04
  1613  +3.8789247235      7944  +3.8789062500  -1.847e-05
  1614  +3.8801269317      7946  +3.8798828125  -2.441e-04
  1615  +3.8813287675      7949  +3.8813476562  +1.889e-05
  1616  +3.8825302314      7951  +3.8823242188  -2.060e-04
  1617  +3.8837313235      7954  +3.8837890625  +5.774e-05
  1618  +3.8849320443      7956  +3.8847656250  -1.664e-04
  1619  +3.8861323941      7959  +3.8862304688  +9.807e-05
  1620  +3.8873323732      7961  +3.8872070312  -1.253e-04
  1621  +3.8885319821      7964  +3.8886718750  +1.399e-04
  1622  +3.8897312210      7966  +3.8896484375  -8.278e-05
  1623  +3.8909300902      7969  +3.8911132812  +1.832e-04
  1624  +3.8921285902      7971  +3.8920898438  -3.875e-05
  1625  +3.8933267212      7974  +3.8935546875  +2.280e-04
  1626  +3.8945244837      7976  +3.8945312500  +6.766e-06
  1627  +3.8957218779      7978  +3.8955078125  -2.141e-04
  1628  +3.8969189041      7981  +3.8969726562  +5.375e-05
  1629  +3.8981155628      7983  +3.8979492188  -1.663e-04
  1630  +3.8993118543      7986  +3.8994140625  +1.022e-04
  1631  +3.9005077788      7988  +3.9003906250  -1.172e-04
  1632  +3.9017033368      7991  +3.9018554688  +1.521e-04
  1633  +3.9028985285      7993  +3.9028320312  -6.650e-05
  1634  +3.9040933543      7996  +3.9042968750  +2.035e-04
  1635  +3.9052878146      7998  +3.9052734375  -1.438e-05
  1636  +3.9064819097      8000  +3.9062500000  -2.319e-04
  1637  +3.9076756399      8003  +3.9077148438  +3.920e-05
  1638  +3.9088690055      8005  +3.9086914062  -1.776e-04
  1639  +3.9100620069      8008  +3.9101562500  +9.424e-05
  1640  +3.9112546444      8010  +3.9111328125  -1.218e-04
  1641  +3.9124469184      8013  +3.9125976562  +1.507e-04
  1642  +3.9136388291      8015  +3.9135742188  -6.461e-05
  1643  +3.9148303770      8018  +3.9150390625  +2.087e-04
  1644  +3.9160215623      8020  +3.9160156250  -5.937e-06
  1645  +3.9172123853      8022  +3.9169921875  -2.202e-04
  1646  +3.9184028465      8025  +3.9184570312  +5.418e-05
  1647  +3.9195929461      8027  +3.9194335938  -1.594e-04
  1648  +3.9207826845      8030  +3.9208984375  +1.158e-04
  1649  +3.9219720619      8032  +3.9218750000  -9.706e-05
  1650  +3.9231610788      8035  +3.9233398438  +1.788e-04
  1651  +3.9243497354      8037  +3.9243164062  -3.333e-05
  1652  +3.9255380321      8040  +3.9257812500  +2.432e-04
  1653  +3.9267259692      8042  +3.9267578125  +3.184e-05
  1654  +3.9279135470      8044  +3.9277343750  -1.792e-04
  1655  +3.9291007659      8047  +3.9291992188  +9.845e-05
  1656  +3.9302876261      8049  +3.9301757812  -1.118e-04
  1657  +3.9314741281      8052  +3.9316406250  +1.665e-04
  1658  +3.9326602721      8054  +3.9326171875  -4.308e-05
  1659  +3.9338460584      8057  +3.9340820312  +2.360e-04
  1660  +3.9350314874      8059  +3.9350585938  +2.711e-05
  1661  +3.9362165594      8061  +3.9360351562  -1.814e-04
  1662  +3.9374012747      8064  +3.9375000000  +9.873e-05
  1663  +3.9385856337      8066  +3.9384765625  -1.091e-04
  1664  +3.9397696366      8069  +3.9399414062  +1.718e-04
  1665  +3.9409532838      8071  +3.9409179688  -3.532e-05
  1666  +3.9421365756      8073  +3.9418945312  -2.420e-04
  1667  +3.9433195123      8076  +3.9433593750  +3.986e-05
  1668  +3.9445020943      8078  +3.9443359375  -1.662e-04
  1669  +3.9456843219      8081  +3.9458007812  +1.165e-04
  1670  +3.9468661953      8083  +3.9467773438  -8.885e-05
  1671  +3.9480477149      8086  +3.9482421875  +1.945e-04
  1672  +3.9492288810      8088  +3.9492187500  -1.013e-05
  1673  +3.9504096940      8090  +3.9501953125  -2.144e-04
  1674  +3.9515901541      8093  +3.9516601562  +7.000e-05
  1675  +3.9527702617      8095  +3.9526367188  -1.335e-04
  1676  +3.9539500171      8098  +3.9541015625  +1.515e-04
  1677  +3.9551294205      8100  +3.9550781250  -5.130e-05
  1678  +3.9563084724      8103  +3.9565429688  +2.345e-04
  1679  +3.9574871730      8105  +3.9575195312  +3.236e-05
  1680  +3.9586655226      8107  +3.9584960938  -1.694e-04
  1681  +3.9598435216      8110  +3.9599609375  +1.174e-04
  1682  +3.9610211703      8112  +3.9609375000  -8.367e-05
  1683  +3.9621984689      8115  +3.9624023438  +2.039e-04
  1684  +3.9633754178      8117  +3.9633789062  +3.488e-06
  1685  +3.9645520174      8119  +3.9643554688  -1.965e-04
  1686  +3.9657282678      8122  +3.9658203125  +9.204e-05
  1687  +3.9669041695      8124  +3.9667968750  -1.073e-04
  1688  +3.9680797227      8127  +3.9682617188  +1.820e-04
  1689  +3.9692549277      8129  +3.9692382812  -1.665e-05
  1690  +3.9704297849      8131  +3.9702148438  -2.149e-04
  1691  +3.9716042945      8134  +3.9716796875  +7.539e-05
  1692  +3.9727784570      8136  +3.9726562500  -1.222e-04
  1693  +3.9739522725      8139  +3.9741210938  +1.688e-04
  1694  +3.9751257413      8141  +3.9750976562  -2.809e-05
  1695  +3.9762988639      8143  +3.9760742188  -2.246e-04
  1696  +3.9774716405      8146  +3.9775390625  +6.742e-05
  1697  +3.9786440713      8148  +3.9785156250  -1.284e-04
  1698  +3.9798161568      8151  +3.9799804688  +1.643e-04
  1699  +3.9809878972      8153  +3.9809570312  -3.087e-05
  1700  +3.9821592928      8155  +3.9819335938  -2.257e-04
  1701  +3.9833303440      8158  +3.9833984375  +6.809e-05
  1702  +3.9845010509      8160  +3.9843750000  -1.261e-04
  1703  +3.9856714140      8163  +3.9858398438  +1.684e-04
  1704  +3.9868414335      8165  +3.9868164062  -2.503e-05
  1705  +3.9880111098      8167  +3.9877929688  -2.181e-04
  1706  +3.9891804431      8170  +3.9892578125  +7.737e-05
  1707  +3.9903494337      8172  +3.9902343750  -1.151e-04
  1708  +3.9915180820      8175  +3.9916992188  +1.811e-04
  1709  +3.9926863882      8177  +3.9926757812  -1.061e-05
  1710  +3.9938543526      8179  +3.9936523438  -2.020e-04
  1711  +3.9950219756      8182  +3.9951171875  +9.521e-05
  1712  +3.9961892575      8184  +3.9960937500  -9.551e-05
  1713  +3.9973561984      8187  +3.9975585938  +2.024e-04
  1714  +3.9985227988      8189  +3.9985351562  +1.236e-05
  1715  +3.9996890590      8191  +3.9995117188  -1.773e-04
  1716  +4.0008549791      8194  +4.0009765625  +1.216e-04
  1717  +4.0020205596      8196  +4.0019531250  -6.743e-05
  1718  +4.0031858008      8199  +4.0034179688  +2.322e-04
  1719  +4.0043507028      8201  +4.0043945312  +4.383e-05
  1720  +4.0055152661      8203  +4.0053710938  -1.442e-04
  1721  +4.0066794908      8206  +4.0068359375  +1.564e-04
  1722  +4.0078433774      8208  +4.0078125000  -3.088e-05
  1723  +4.0090069261      8210  +4.0087890625  -2.179e-04
  1724  +4.0101701372      8213  +4.0102539062  +8.377e-05
  1725  +4.0113330110      8215  +4.0112304688  -1.025e-04
  1726  +4.0124955478      8218  +4.0126953125  +1.998e-04
  1727  +4.0136577478      8220  +4.0136718750  +1.413e-05
  1728  +4.0148196114      8222  +4.0146484375  -1.712e-04
  1729  +4.0159811389      8225  +4.0161132812  +1.321e-04
  1730  +4.0171423305      8227  +4.0170898438  -5.249e-05
  1731  +4.0183031866      8229  +4.0180664062  -2.368e-04
  1732  +4.0194637074      8232  +4.0195312500  +6.754e-05
  1733  +4.0206238932      8234  +4.0205078125  -1.161e-04
  1734  +4.0217837443      8237  +4.0219726562  +1.889e-04
  1735  +4.0229432611      8239  +4.0229492188  +5.958e-06
  1736  +4.0241024437      8241  +4.0239257812  -1.767e-04
  1737  +4.0252612925      8244  +4.0253906250  +1.293e-04
  1738  +4.0264198078      8246  +4.0263671875  -5.262e-05
  1739  +4.0275779899      8248  +4.0273437500  -2.342e-04
  1740  +4.0287358390      8251  +4.0288085938  +7.275e-05
  1741  +4.0298933554      8253  +4.0297851562  -1.082e-04
  1742  +4.0310505394      8256  +4.0312500000  +1.995e-04
  1743  +4.0322073914      8258  +4.0322265625  +1.917e-05
  1744  +4.0333639115      8260  +4.0332031250  -1.608e-04
  1745  +4.0345201001      8263  +4.0346679688  +1.479e-04
  1746  +4.0356759575      8265  +4.0356445312  -3.143e-05
  1747  +4.0368314839      8267  +4.0366210938  -2.104e-04
  1748  +4.0379866797      8270  +4.0380859375  +9.926e-05
  1749  +4.0391415451      8272  +4.0390625000  -7.905e-05
  1750  +4.0402960803      8275  +4.0405273438  +2.313e-04
  1751  +4.0414502858      8277  +4.0415039062  +5.362e-05
  1752  +4.0426041617      8279  +4.0424804688  -1.237e-04
  1753  +4.0437577083      8282  +4.0439453125  +1.876e-04
  1754  +4.0449109260      8284  +4.0449218750  +1.095e-05
  1755  +4.0460638150      8286  +4.0458984375  -1.654e-04
  1756  +4.0472163756      8289  +4.0473632812  +1.469e-04
  1757  +4.0483686080      8291  +4.0483398438  -2.876e-05
  1758  +4.0495205126      8293  +4.0493164062  -2.041e-04
  1759  +4.0506720896      8296  +4.0507812500  +1.092e-04
  1760  +4.0518233394      8298  +4.0517578125  -6.553e-05
  1761  +4.0529742621      8300  +4.0527343750  -2.399e-04
  1762  +4.0541248581      8303  +4.0541992188  +7.436e-05
  1763  +4.0552751276      8305  +4.0551757812  -9.935e-05
  1764  +4.0564250709      8308  +4.0566406250  +2.156e-04
  1765  +4.0575746884      8310  +4.0576171875  +4.250e-05
  1766  +4.0587239802      8312  +4.0585937500  -1.302e-04
  1767  +4.0598729467      8315  +4.0600585938  +1.856e-04
  1768  +4.0610215881      8317  +4.0610351562  +1.357e-05
  1769  +4.0621699047      8319  +4.0620117188  -1.582e-04
  1770  +4.0633178968      8322  +4.0634765625  +1.587e-04
  1771  +4.0644655646      8324  +4.0644531250  -1.244e-05
  1772  +4.0656129085      8326  +4.0654296875  -1.832e-04
  1773  +4.0667599286      8329  +4.0668945312  +1.346e-04
  1774  +4.0679066254      8331  +4.0678710938  -3.553e-05
  1775  +4.0690529990      8333  +4.0688476562  -2.053e-04
  1776  +4.0701990497      8336  +4.0703125000  +1.135e-04
  1777  +4.0713447778      8338  +4.0712890625  -5.572e-05
  1778  +4.0724901836      8340  +4.0722656250  -2.246e-04
  1779  +4.0736352673      8343  +4.0737304688  +9.520e-05
  1780  +4.0747800292      8345  +4.0747070312  -7.300e-05
  1781  +4.0759244697      8347  +4.0756835938  -2.409e-04
  1782  +4.0770685888      8350  +4.0771484375  +7.985e-05
  1783  +4.0782123870      8352  +4.0781250000  -8.739e-05
  1784  +4.0793558645      8355  +4.0795898438  +2.340e-04
  1785  +4.0804990216      8357  +4.0805664062  +6.738e-05
  1786  +4.0816418585      8359  +4.0815429688  -9.889e-05
  1787  +4.0827843754      8362  +4.0830078125  +2.234e-04
  1788  +4.0839265728      8364  +4.0839843750  +5.780e-05
  1789  +4.0850684508      8366  +4.0849609375  -1.075e-04
  1790  +4.0862100097      8369  +4.0864257812  +2.158e-04
  1791  +4.0873512498      8371  +4.0874023438  +5.109e-05
  1792  +4.0884921713      8373  +4.0883789062  -1.133e-04
  1793  +4.0896327745      8376  +4.0898437500  +2.110e-04
  1794  +4.0907730597      8378  +4.0908203125  +4.725e-05
  1795  +4.0919130271      8380  +4.0917968750  -1.162e-04
  1796  +4.0930526771      8383  +4.0932617188  +2.090e-04
  1797  +4.0941920098      8385  +4.0942382812  +4.627e-05
  1798  +4.0953310255      8387  +4.0952148438  -1.162e-04
  1799  +4.0964697246      8390  +4.0966796875  +2.100e-04
  1800  +4.0976081072      8392  +4.0976562500  +4.814e-05
  1801  +4.0987461736      8394  +4.0986328125  -1.134e-04
  1802  +4.0998839241      8397  +4.1000976562  +2.137e-04
  1803  +4.1010213590      8399  +4.1010742188  +5.286e-05
  1804  +4.1021584785      8401  +4.1020507812  -1.077e-04
  1805  +4.1032952829      8404  +4.1035156250  +2.203e-04
  1806  +4.1044317724      8406  +4.1044921875  +6.042e-05
  1807  +4.1055679473      8408  +4.1054687500  -9.920e-05
  1808  +4.1067038078      8411  +4.1069335938  +2.298e-04
  1809  +4.1078393543      8413  +4.1079101562  +7.080e-05
  1810  +4.1089745870      8415  +4.1088867188  -8.787e-05
  1811  +4.1101095061      8418  +4.1103515625  +2.421e-04
  1812  +4.1112441120      8420  +4.1113281250  +8.401e-05
  1813  +4.1123784047      8422  +4.1123046875  -7.372e-05
  1814  +4.1135123847      8424  +4.1132812500  -2.311e-04
  1815  +4.1146460522      8427  +4.1147460938  +1.000e-04
  1816  +4.1157794074      8429  +4.1157226562  -5.675e-05
  1817  +4.1169124507      8431  +4.1166992188  -2.132e-04
  1818  +4.1180451821      8434  +4.1181640625  +1.189e-04
  1819  +4.1191776021      8436  +4.1191406250  -3.698e-05
  1820  +4.1203097109      8438  +4.1201171875  -1.925e-04
  1821  +4.1214415086      8441  +4.1215820312  +1.405e-04
  1822  +4.1225729957      8443  +4.1225585938  -1.440e-05
  1823  +4.1237041723      8445  +4.1235351562  -1.690e-04
  1824  +4.1248350386      8448  +4.1250000000  +1.650e-04
  1825  +4.1259655951      8450  +4.1259765625  +1.097e-05
  1826  +4.1270958418      8452  +4.1269531250  -1.427e-04
  1827  +4.1282257791      8455  +4.1284179688  +1.922e-04
  1828  +4.1293554072      8457  +4.1293945312  +3.912e-05
  1829  +4.1304847263      8459  +4.1303710938  -1.136e-04
  1830  +4.1316137368      8462  +4.1318359375  +2.222e-04
  1831  +4.1327424388      8464  +4.1328125000  +7.006e-05
  1832  +4.1338708327      8466  +4.1337890625  -8.177e-05
  1833  +4.1349989186      8468  +4.1347656250  -2.333e-04
  1834  +4.1361266969      8471  +4.1362304688  +1.038e-04
  1835  +4.1372541677      8473  +4.1372070312  -4.714e-05
  1836  +4.1383813314      8475  +4.1381835938  -1.977e-04
  1837  +4.1395081881      8478  +4.1396484375  +1.402e-04
  1838  +4.1406347382      8480  +4.1406250000  -9.738e-06
  1839  +4.1417609819      8482  +4.1416015625  -1.594e-04
  1840  +4.1428869194      8485  +4.1430664062  +1.795e-04
  1841  +4.1440125509      8487  +4.1440429688  +3.042e-05
  1842  +4.1451378768      8489  +4.1450195312  -1.183e-04
  1843  +4.1462628973      8492  +4.1464843750  +2.215e-04
  1844  +4.1473876126      8494  +4.1474609375  +7.332e-05
  1845  +4.1485120230      8496  +4.1484375000  -7.452e-05
  1846  +4.1496361287      8498  +4.1494140625  -2.221e-04
  1847  +4.1507599300      8501  +4.1508789062  +1.190e-04
  1848  +4.1518834271      8503  +4.1518554688  -2.796e-05
  1849  +4.1530066202      8505  +4.1528320312  -1.746e-04
  1850  +4.1541295097      8508  +4.1542968750  +1.674e-04
  1851  +4.1552520957      8510  +4.1552734375  +2.134e-05
  1852  +4.1563743786      8512  +4.1562500000  -1.244e-04
  1853  +4.1574963584      8515  +4.1577148438  +2.185e-04
  1854  +4.1586180356      8517  +4.1586914062  +7.337e-05
  1855  +4.1597394103      8519  +4.1596679688  -7.144e-05
  1856  +4.1608604828      8521  +4.1606445312  -2.160e-04
  1857  +4.1619812533      8524  +4.1621093750  +1.281e-04
  1858  +4.1631017221      8526  +4.1630859375  -1.578e-05
  1859  +4.1642218894      8528  +4.1640625000  -1.594e-04
  1860  +4.1653417555      8531  +4.1655273438  +1.856e-04
  1861  +4.1664613206      8533  +4.1665039062  +4.259e-05
  1862  +4.1675805849      8535  +4.1674804688  -1.001e-04
  1863  +4.1686995487      8537  +4.1684570312  -2.425e-04
  1864  +4.1698182122      8540  +4.1699218750  +1.037e-04
  1865  +4.1709365757      8542  +4.1708984375  -3.814e-05
  1866  +4.1720546394      8544  +4.1718750000  -1.796e-04
  1867  +4.1731724035      8547  +4.1733398438  +1.674e-04
  1868  +4.1742898684      8549  +4.1743164062  +2.654e-05
  1869  +4.1754070342      8551  +4.1752929688  -1.141e-04
  1870  +4.1765239011      8554  +4.1767578125  +2.339e-04
  1871  +4.1776404695      8556  +4.1777343750  +9.391e-05
  1872  +4.1787567395      8558  +4.1787109375  -4.580e-05
  1873  +4.1798727114      8560  +4.1796875000  -1.852e-04
  1874  +4.1809883855      8563  +4.1811523438  +1.640e-04
  1875  +4.1821037619      8565  +4.1821289062  +2.514e-05
  1876  +4.1832188409      8567  +4.1831054688  -1.134e-04
  1877  +4.1843336227      8570  +4.1845703125  +2.367e-04
  1878  +4.1854481077      8572  +4.1855468750  +9.877e-05
  1879  +4.1865622959      8574  +4.1865234375  -3.886e-05
  1880  +4.1876761877      8576  +4.1875000000  -1.762e-04
  1881  +4.1887897833      8579  +4.1889648438  +1.751e-04
  1882  +4.1899030830      8581  +4.1899414062  +3.832e-05
  1883  +4.1910160869      8583  +4.1909179688  -9.812e-05
  1884  +4.1921287953      8585  +4.1918945312  -2.343e-04
  1885  +4.1932412084      8588  +4.1933593750  +1.182e-04
  1886  +4.1943533265      8590  +4.1943359375  -1.739e-05
  1887  +4.1954651498      8592  +4.1953125000  -1.526e-04
  1888  +4.1965766785      8595  +4.1967773438  +2.007e-04
  1889  +4.1976879129      8597  +4.1977539062  +6.599e-05
  1890  +4.1987988533      8599  +4.1987304688  -6.838e-05
  1891  +4.1999094997      8601  +4.1997070312  -2.025e-04
  1892  +4.2010198525      8604  +4.2011718750  +1.520e-04
  1893  +4.2021299120      8606  +4.2021484375  +1.853e-05
  1894  +4.2032396782      8608  +4.2031250000  -1.147e-04
  1895  +4.2043491516      8611  +4.2045898438  +2.407e-04
  1896  +4.2054583322      8613  +4.2055664062  +1.081e-04
  1897  +4.2065672204      8615  +4.2065429688  -2.425e-05
  1898  +4.2076758163      8617  +4.2075195312  -1.563e-04
  1899  +4.2087841203      8620  +4.2089843750  +2.003e-04
  1900  +4.2098921324      8622  +4.2099609375  +6.881e-05
  1901  +4.2109998531      8624  +4.2109375000  -6.235e-05
  1902  +4.2121072824      8626  +4.2119140625  -1.932e-04
  1903  +4.2132144206      8629  +4.2133789062  +1.645e-04
  1904  +4.2143212679      8631  +4.2143554688  +3.420e-05
  1905  +4.2154278247      8633  +4.2153320312  -9.579e-05
  1906  +4.2165340910      8635  +4.2163085938  -2.255e-04
  1907  +4.2176400672      8638  +4.2177734375  +1.334e-04
  1908  +4.2187457534      8640  +4.2187500000  +4.247e-06
  1909  +4.2198511499      8642  +4.2197265625  -1.246e-04
  1910  +4.2209562570      8645  +4.2211914062  +2.351e-04
  1911  +4.2220610748      8647  +4.2221679688  +1.069e-04
  1912  +4.2231656035      8649  +4.2231445312  -2.107e-05
  1913  +4.2242698435      8651  +4.2241210938  -1.487e-04
  1914  +4.2253737948      8654  +4.2255859375  +2.121e-04
  1915  +4.2264774579      8656  +4.2265625000  +8.504e-05
  1916  +4.2275808327      8658  +4.2275390625  -4.177e-05
  1917  +4.2286839197      8660  +4.2285156250  -1.683e-04
  1918  +4.2297867191      8663  +4.2299804688  +1.937e-04
  1919  +4.2308892309      8665  +4.2309570312  +6.780e-05
  1920  +4.2319914556      8667  +4.2319335938  -5.786e-05
  1921  +4.2330933932      8669  +4.2329101562  -1.832e-04
  1922  +4.2341950441      8672  +4.2343750000  +1.800e-04
  1923  +4.2352964084      8674  +4.2353515625  +5.515e-05
  1924  +4.2363974864      8676  +4.2363281250  -6.936e-05
  1925  +4.2374982783      8678  +4.2373046875  -1.936e-04
  1926  +4.2385987843      8681  +4.2387695312  +1.707e-04
  1927  +4.2396990046      8683  +4.2397460938  +4.709e-05
  1928  +4.2407989395      8685  +4.2407226562  -7.628e-05
  1929  +4.2418985892      8687  +4.2416992188  -1.994e-04
  1930  +4.2429979539      8690  +4.2431640625  +1.661e-04
  1931  +4.2440970338      8692  +4.2441406250  +4.359e-05
  1932  +4.2451958292      8694  +4.2451171875  -7.864e-05
  1933  +4.2462943402      8696  +4.2460937500  -2.006e-04
  1934  +4.2473925671      8699  +4.2475585938  +1.660e-04
  1935  +4.2484905102      8701  +4.2485351562  +4.465e-05
  1936  +4.2495881695      8703  +4.2495117188  -7.645e-05
  1937  +4.2506855455      8705  +4.2504882812  -1.973e-04
  1938  +4.2517826381      8708  +4.2519531250  +1.705e-04
  1939  +4.2528794478      8710  +4.2529296875  +5.024e-05
  1940  +4.2539759747      8712  +4.2539062500  -6.972e-05
  1941  +4.2550722190      8714  +4.2548828125  -1.894e-04
  1942  +4.2561681810      8717  +4.2563476562  +1.795e-04
  1943  +4.2572638608      8719  +4.2573242188  +6.036e-05
  1944  +4.2583592587      8721  +4.2583007812  -5.848e-05
  1945  +4.2594543749      8723  +4.2592773438  -1.770e-04
  1946  +4.2605492096      8726  +4.2607421875  +1.930e-04
  1947  +4.2616437630      8728  +4.2617187500  +7.499e-05
  1948  +4.2627380354      8730  +4.2626953125  -4.272e-05
  1949  +4.2638320270      8732  +4.2636718750  -1.602e-04
  1950  +4.2649257379      8735  +4.2651367188  +2.110e-04
  1951  +4.2660191685      8737  +4.2661132812  +9.411e-05
  1952  +4.2671123188      8739  +4.2670898438  -2.248e-05
  1953  +4.2682051892      8741  +4.2680664062  -1.388e-04
  1954  +4.2692977798      8744  +4.2695312500  +2.335e-04
  1955  +4.2703900909      8746  +4.2705078125  +1.177e-04
  1956  +4.2714821226      8748  +4.2714843750  +2.252e-06
  1957  +4.2725738753      8750  +4.2724609375  -1.129e-04
  1958  +4.2736653490      8752  +4.2734375000  -2.278e-04
  1959  +4.2747565441      8755  +4.2749023438  +1.458e-04
  1960  +4.2758474606      8757  +4.2758789062  +3.145e-05
  1961  +4.2769380990      8759  +4.2768554688  -8.263e-05
  1962  +4.2780284592      8761  +4.2778320312  -1.964e-04
  1963  +4.2791185417      8764  +4.2792968750  +1.783e-04
  1964  +4.2802083465      8766  +4.2802734375  +6.509e-05
  1965  +4.2812978739      8768  +4.2812500000  -4.787e-05
  1966  +4.2823871241      8770  +4.2822265625  -1.606e-04
  1967  +4.2834760973      8773  +4.2836914062  +2.153e-04
  1968  +4.2845647938      8775  +4.2846679688  +1.032e-04
  1969  +4.2856532137      8777  +4.2856445312  -8.682e-06
  1970  +4.2867413572      8779  +4.2866210938  -1.203e-04
  1971  +4.2878292246      8781  +4.2875976562  -2.316e-04
  1972  +4.2889168160      8784  +4.2890625000  +1.457e-04
  1973  +4.2900041317      8786  +4.2900390625  +3.493e-05
  1974  +4.2910911720      8788  +4.2910156250  -7.555e-05
  1975  +4.2921779369      8790  +4.2919921875  -1.857e-04
  1976  +4.2932644267      8793  +4.2934570312  +1.926e-04
  1977  +4.2943506416      8795  +4.2944335938  +8.295e-05
  1978  +4.2954365819      8797  +4.2954101562  -2.643e-05
  1979  +4.2965222476      8799  +4.2963867188  -1.355e-04
  1980  +4.2976076391      8802  +4.2978515625  +2.439e-04
  1981  +4.2986927566      8804  +4.2988281250  +1.354e-04
  1982  +4.2997776002      8806  +4.2998046875  +2.709e-05
  1983  +4.3008621702      8808  +4.3007812500  -8.092e-05
  1984  +4.3019464667      8810  +4.3017578125  -1.887e-04
  1985  +4.3030304901      8813  +4.3032226562  +1.922e-04
  1986  +4.3041142404      8815  +4.3041992188  +8.498e-05
  1987  +4.3051977178      8817  +4.3051757812  -2.194e-05
  1988  +4.3062809227      8819  +4.3061523438  -1.286e-04
  1989  +4.3073638552      8821  +4.3071289062  -2.349e-04
  1990  +4.3084465155      8824  +4.3085937500  +1.472e-04
  1991  +4.3095289038      8826  +4.3095703125  +4.141e-05
  1992  +4.3106110203      8828  +4.3105468750  -6.415e-05
  1993  +4.3116928652      8830  +4.3115234375  -1.694e-04
  1994  +4.3127744387      8833  +4.3129882812  +2.138e-04
  1995  +4.3138557411      8835  +4.3139648438  +1.091e-04
  1996  +4.3149367725      8837  +4.3149414062  +4.634e-06
  1997  +4.3160175331      8839  +4.3159179688  -9.956e-05
  1998  +4.3170980232      8841  +4.3168945312  -2.035e-04
  1999  +4.3181782429      8844  +4.3183593750  +1.811e-04
  2000  +4.3192581925      8846  +4.3193359375  +7.775e-05
  2001  +4.3203378721      8848  +4.3203125000  -2.537e-05
  2002  +4.3214172819      8850  +4.3212890625  -1.282e-04
  2003  +4.3224964223      8852  +4.3222656250  -2.308e-04
  2004  +4.3235752932      8855  +4.3237304688  +1.552e-04
  2005  +4.3246538950      8857  +4.3247070312  +5.314e-05
  2006  +4.3257322279      8859  +4.3256835938  -4.863e-05
  2007  +4.3268102920      8861  +4.3266601562  -1.501e-04
  2008  +4.3278880876      8864  +4.3281250000  +2.369e-04
  2009  +4.3289656148      8866  +4.3291015625  +1.359e-04
  2010  +4.3300428739      8868  +4.3300781250  +3.525e-05
  2011  +4.3311198651      8870  +4.3310546875  -6.518e-05
  2012  +4.3321965885      8872  +4.3320312500  -1.653e-04
  2013  +4.3332730444      8875  +4.3334960938  +2.230e-04
  2014  +4.3343492329      8877  +4.3344726562  +1.234e-04
  2015  +4.3354251543      8879  +4.3354492188  +2.406e-05
  2016  +4.3365008087      8881  +4.3364257812  -7.503e-05
  2017  +4.3375761964      8883  +4.3374023438  -1.739e-04
  2018  +4.3386513176      8886  +4.3388671875  +2.159e-04
  2019  +4.3397261724      8888  +4.3398437500  +1.176e-04
  2020  +4.3408007610      8890  +4.3408203125  +1.955e-05
  2021  +4.3418750837      8892  +4.3417968750  -7.821e-05
  2022  +4.3429491406      8894  +4.3427734375  -1.757e-04
  2023  +4.3440229320      8897  +4.3442382812  +2.153e-04
  2024  +4.3450964580      8899  +4.3452148438  +1.184e-04
  2025  +4.3461697189      8901  +4.3461914062  +2.169e-05
  2026  +4.3472427147      8903  +4.3471679688  -7.475e-05
  2027  +4.3483154458      8905  +4.3481445312  -1.709e-04
  2028  +4.3493879123      8908  +4.3496093750  +2.215e-04
  2029  +4.3504601145      8910  +4.3505859375  +1.258e-04
  2030  +4.3515320524      8912  +4.3515625000  +3.045e-05
  2031  +4.3526037264      8914  +4.3525390625  -6.466e-05
  2032  +4.3536751366      8916  +4.3535156250  -1.595e-04
  2033  +4.3547462831      8919  +4.3549804688  +2.342e-04
  2034  +4.3558171663      8921  +4.3559570312  +1.399e-04
  2035  +4.3568877862      8923  +4.3569335938  +4.581e-05
  2036  +4.3579581431      8925  +4.3579101562  -4.799e-05
  2037  +4.3590282372      8927  +4.3588867188  -1.415e-04
  2038  +4.3600980687      8929  +4.3598632812  -2.348e-04
  2039  +4.3611676377      8932  +4.3613281250  +1.605e-04
  2040  +4.3622369445      8934  +4.3623046875  +6.774e-05
  2041  +4.3633059892      8936  +4.3632812500  -2.474e-05
  2042  +4.3643747721      8938  +4.3642578125  -1.170e-04
  2043  +4.3654432933      8940  +4.3652343750  -2.089e-04
  2044  +4.3665115530      8943  +4.3666992188  +1.877e-04
  2045  +4.3675795515      8945  +4.3676757812  +9.623e-05
  2046  +4.3686472888      8947  +4.3686523438  +5.055e-06
  2047  +4.3697147653      8949  +4.3696289062  -8.586e-05
  2048  +4.3707819810      8951  +4.3706054688  -1.765e-04
  2049  +4.3718489362      8954  +4.3720703125  +2.214e-04
  2050  +4.3729156311      8956  +4.3730468750  +1.312e-04
  2051  +4.3739820659      8958  +4.3740234375  +4.137e-05
  2052  +4.3750482407      8960  +4.3750000000  -4.824e-05
  2053  +4.3761141557      8962  +4.3759765625  -1.376e-04
  2054  +4.3771798112      8964  +4.3769531250  -2.267e-04
  2055  +4.3782452073      8967  +4.3784179688  +1.728e-04
  2056  +4.3793103442      8969  +4.3793945312  +8.419e-05
  2057  +4.3803752221      8971  +4.3803710938  -4.128e-06
  2058  +4.3814398412      8973  +4.3813476562  -9.218e-05
  2059  +4.3825042017      8975  +4.3823242188  -1.800e-04
  2060  +4.3835683037      8978  +4.3837890625  +2.208e-04
  2061  +4.3846321475      8980  +4.3847656250  +1.335e-04
  2062  +4.3856957333      8982  +4.3857421875  +4.645e-05
  2063  +4.3867590611      8984  +4.3867187500  -4.031e-05
  2064  +4.3878221313      8986  +4.3876953125  -1.268e-04
  2065  +4.3888849440      8988  +4.3886718750  -2.131e-04
  2066  +4.3899474994      8991  +4.3901367188  +1.892e-04
  2067  +4.3910097977      8993  +4.3911132812  +1.035e-04
  2068  +4.3920718390      8995  +4.3920898438  +1.800e-05
  2069  +4.3931336236      8997  +4.3930664062  -6.722e-05
  2070  +4.3941951516      8999  +4.3940429688  -1.522e-04
  2071  +4.3952564232      9001  +4.3950195312  -2.369e-04
  2072  +4.3963174387      9004  +4.3964843750  +1.669e-04
  2073  +4.3973781981      9006  +4.3974609375  +8.274e-05
  2074  +4.3984387017      9008  +4.3984375000  -1.202e-06
  2075  +4.3994989497      9010  +4.3994140625  -8.489e-05
  2076  +4.4005589422      9012  +4.4003906250  -1.683e-04
  2077  +4.4016186795      9015  +4.4018554688  +2.368e-04
  2078  +4.4026781617      9017  +4.4028320312  +1.539e-04
  2079  +4.4037373890      9019  +4.4038085938  +7.120e-05
  2080  +4.4047963616      9021  +4.4047851562  -1.121e-05
  2081  +4.4058550796      9023  +4.4057617188  -9.336e-05
  2082  +4.4069135433      9025  +4.4067382812  -1.753e-04
  2083  +4.4079717528      9028  +4.4082031250  +2.314e-04
  2084  +4.4090297084      9030  +4.4091796875  +1.500e-04
  2085  +4.4100874101      9032  +4.4101562500  +6.884e-05
  2086  +4.4111448583      9034  +4.4111328125  -1.205e-05
  2087  +4.4122020530      9036  +4.4121093750  -9.268e-05
  2088  +4.4132589944      9038  +4.4130859375  -1.731e-04
  2089  +4.4143156828      9041  +4.4145507812  +2.351e-04
  2090  +4.4153721183      9043  +4.4155273438  +1.552e-04
  2091  +4.4164283011      9045  +4.4165039062  +7.561e-05
  2092  +4.4174842314      9047  +4.4174804688  -3.763e-06
  2093  +4.4185399093      9049  +4.4184570312  -8.288e-05
  2094  +4.4195953351      9051  +4.4194335938  -1.617e-04
  2095  +4.4206505089      9053  +4.4204101562  -2.404e-04
  2096  +4.4217054309      9056  +4.4218750000  +1.696e-04
  2097  +4.4227601012      9058  +4.4228515625  +9.146e-05
  2098  +4.4238145202      9060  +4.4238281250  +1.360e-05
  2099  +4.4248686878      9062  +4.4248046875  -6.400e-05
  2100  +4.4259226044      9064  +4.4257812500  -1.414e-04
  2101  +4.4269762701      9066  +4.4267578125  -2.185e-04
  2102  +4.4280296850      9069  +4.4282226562  +1.930e-04
  2103  +4.4290828494      9071  +4.4291992188  +1.164e-04
  2104  +4.4301357635      9073  +4.4301757812  +4.002e-05
  2105  +4.4311884273      9075  +4.4311523438  -3.608e-05
  2106  +4.4322408412      9077  +4.4321289062  -1.119e-04
  2107  +4.4332930052      9079  +4.4331054688  -1.875e-04
  2108  +4.4343449195      9082  +4.4345703125  +2.254e-04
  2109  +4.4353965844      9084  +4.4355468750  +1.503e-04
  2110  +4.4364480000      9086  +4.4365234375  +7.544e-05
  2111  +4.4374991665      9088  +4.4375000000  +8.335e-07
  2112  +4.4385500840      9090  +4.4384765625  -7.352e-05
  2113  +4.4396007527      9092  +4.4394531250  -1.476e-04
  2114  +4.4406511729      9094  +4.4404296875  -2.215e-04
  2115  +4.4417013447      9097  +4.4418945312  +1.932e-04
  2116  +4.4427512682      9099  +4.4428710938  +1.198e-04
  2117  +4.4438009436      9101  +4.4438476562  +4.671e-05
  2118  +4.4448503712      9103  +4.4448242188  -2.615e-05
  2119  +4.4458995510      9105  +4.4458007812  -9.877e-05
  2120  +4.4469484833      9107  +4.4467773438  -1.711e-04
  2121  +4.4479971683      9109  +4.4477539062  -2.433e-04
  2122  +4.4490456061      9112  +4.4492187500  +1.731e-04
  2123  +4.4500937968      9114  +4.4501953125  +1.015e-04
  2124  +4.4511417407      9116  +4.4511718750  +3.013e-05
  2125  +4.4521894380      9118  +4.4521484375  -4.100e-05
  2126  +4.4532368888      9120  +4.4531250000  -1.119e-04
  2127  +4.4542840932      9122  +4.4541015625  -1.825e-04
  2128  +4.4553310515      9125  +4.4555664062  +2.354e-04
  2129  +4.4563777639      9127  +4.4565429688  +1.652e-04
  2130  +4.4574242304      9129  +4.4575195312  +9.530e-05
  2131  +4.4584704514      9131  +4.4584960938  +2.564e-05
  2132  +4.4595164269      9133  +4.4594726562  -4.377e-05
  2133  +4.4605621571      9135  +4.4604492188  -1.129e-04
  2134  +4.4616076422      9137  +4.4614257812  -1.819e-04
  2135  +4.4626528824      9140  +4.4628906250  +2.377e-04
  2136  +4.4636978778      9142  +4.4638671875  +1.693e-04
  2137  +4.4647426286      9144  +4.4648437500  +1.011e-04
  2138  +4.4657871350      9146  +4.4658203125  +3.318e-05
  2139  +4.4668313972      9148  +4.4667968750  -3.452e-05
  2140  +4.4678754153      9150  +4.4677734375  -1.020e-04
  2141  +4.4689191895      9152  +4.4687500000  -1.692e-04
  2142  +4.4699627200      9154  +4.4697265625  -2.362e-04
  2143  +4.4710060069      9157  +4.4711914062  +1.854e-04
  2144  +4.4720490504      9159  +4.4721679688  +1.189e-04
  2145  +4.4730918507      9161  +4.4731445312  +5.268e-05
  2146  +4.4741344080      9163  +4.4741210938  -1.331e-05
  2147  +4.4751767224      9165  +4.4750976562  -7.907e-05
  2148  +4.4762187940      9167  +4.4760742188  -1.446e-04
  2149  +4.4772606232      9169  +4.4770507812  -2.098e-04
  2150  +4.4783022099      9172  +4.4785156250  +2.134e-04
  2151  +4.4793435545      9174  +4.4794921875  +1.486e-04
  2152  +4.4803846570      9176  +4.4804687500  +8.409e-05
  2153  +4.4814255177      9178  +4.4814453125  +1.979e-05
  2154  +4.4824661366      9180  +4.4824218750  -4.426e-05
  2155  +4.4835065141      9182  +4.4833984375  -1.081e-04
  2156  +4.4845466502      9184  +4.4843750000  -1.717e-04
  2157  +4.4855865450      9186  +4.4853515625  -2.350e-04
  2158  +4.4866261989      9189  +4.4868164062  +1.902e-04
  2159  +4.4876656119      9191  +4.4877929688  +1.274e-04
  2160  +4.4887047842      9193  +4.4887695312  +6.475e-05
  2161  +4.4897437160      9195  +4.4897460938  +2.378e-06
  2162  +4.4907824075      9197  +4.4907226562  -5.975e-05
  2163  +4.4918208587      9199  +4.4916992188  -1.216e-04
  2164  +4.4928590700      9201  +4.4926757812  -1.833e-04
  2165  +4.4938970414      9204  +4.4941406250  +2.436e-04
  2166  +4.4949347731      9206  +4.4951171875  +1.824e-04
  2167  +4.4959722652      9208  +4.4960937500  +1.215e-04
  2168  +4.4970095180      9210  +4.4970703125  +6.079e-05
  2169  +4.4980465317      9212  +4.4980468750  +3.433e-07
  2170  +4.4990833063      9214  +4.4990234375  -5.987e-05
  2171  +4.5001198420      9216  +4.5000000000  -1.198e-04
  2172  +4.5011561390      9218  +4.5009765625  -1.796e-04
  2173  +4.5021921976      9220  +4.5019531250  -2.391e-04
  2174  +4.5032280177      9223  +4.5034179688  +1.900e-04
  2175  +4.5042635996      9225  +4.5043945312  +1.309e-04
  2176  +4.5052989435      9227  +4.5053710938  +7.215e-05
  2177  +4.5063340496      9229  +4.5063476562  +1.361e-05
  2178  +4.5073689179      9231  +4.5073242188  -4.470e-05
  2179  +4.5084035487      9233  +4.5083007812  -1.028e-04
  2180  +4.5094379421      9235  +4.5092773438  -1.606e-04
  2181  +4.5104720982      9237  +4.5102539062  -2.182e-04
  2182  +4.5115060174      9240  +4.5117187500  +2.127e-04
  2183  +4.5125396996      9242  +4.5126953125  +1.556e-04
  2184  +4.5135731451      9244  +4.5136718750  +9.873e-05
  2185  +4.5146063540      9246  +4.5146484375  +4.208e-05
  2186  +4.5156393265      9248  +4.5156250000  -1.433e-05
  2187  +4.5166720628      9250  +4.5166015625  -7.050e-05
  2188  +4.5177045630      9252  +4.5175781250  -1.264e-04
  2189  +4.5187368273      9254  +4.5185546875  -1.821e-04
  2190  +4.5197688558      9256  +4.5195312500  -2.376e-04
  2191  +4.5208006488      9259  +4.5209960938  +1.954e-04
  2192  +4.5218322062      9261  +4.5219726562  +1.405e-04
  2193  +4.5228635285      9263  +4.5229492188  +8.569e-05
  2194  +4.5238946156      9265  +4.5239257812  +3.117e-05
  2195  +4.5249254677      9267  +4.5249023438  -2.312e-05
  2196  +4.5259560851      9269  +4.5258789062  -7.718e-05
  2197  +4.5269864678      9271  +4.5268554688  -1.310e-04
  2198  +4.5280166161      9273  +4.5278320312  -1.846e-04
  2199  +4.5290465300      9275  +4.5288085938  -2.379e-04
  2200  +4.5300762098      9278  +4.5302734375  +1.972e-04
  2201  +4.5311056556      9280  +4.5312500000  +1.443e-04
  2202  +4.5321348676      9282  +4.5322265625  +9.169e-05
  2203  +4.5331638459      9284  +4.5332031250  +3.928e-05
  2204  +4.5341925907      9286  +4.5341796875  -1.290e-05
  2205  +4.5352211021      9288  +4.5351562500  -6.485e-05
  2206  +4.5362493804      9290  +4.5361328125  -1.166e-04
  2207  +4.5372774256      9292  +4.5371093750  -1.681e-04
  2208  +4.5383052379      9294  +4.5380859375  -2.193e-04
  2209  +4.5393328175      9297  +4.5395507812  +2.180e-04
  2210  +4.5403601645      9299  +4.5405273438  +1.672e-04
  2211  +4.5413872791      9301  +4.5415039062  +1.166e-04
  2212  +4.5424141615      9303  +4.5424804688  +6.631e-05
  2213  +4.5434408118      9305  +4.5434570312  +1.622e-05
  2214  +4.5444672302      9307  +4.5444335938  -3.364e-05
  2215  +4.5454934168      9309  +4.5454101562  -8.326e-05
  2216  +4.5465193717      9311  +4.5463867188  -1.327e-04
  2217  +4.5475450952      9313  +4.5473632812  -1.818e-04
  2218  +4.5485705874      9315  +4.5483398438  -2.307e-04
  2219  +4.5495958485      9318  +4.5498046875  +2.088e-04
  2220  +4.5506208785      9320  +4.5507812500  +1.604e-04
  2221  +4.5516456777      9322  +4.5517578125  +1.121e-04
  2222  +4.5526702463      9324  +4.5527343750  +6.413e-05
  2223  +4.5536945843      9326  +4.5537109375  +1.635e-05
  2224  +4.5547186919      9328  +4.5546875000  -3.119e-05
  2225  +4.5557425694      9330  +4.5556640625  -7.851e-05
  2226  +4.5567662167      9332  +4.5566406250  -1.256e-04
  2227  +4.5577896342      9334  +4.5576171875  -1.724e-04
  2228  +4.5588128219      9336  +4.5585937500  -2.191e-04
  2229  +4.5598357801      9339  +4.5600585938  +2.228e-04
  2230  +4.5608585087      9341  +4.5610351562  +1.766e-04
  2231  +4.5618810081      9343  +4.5620117188  +1.307e-04
  2232  +4.5629032784      9345  +4.5629882812  +8.500e-05
  2233  +4.5639253197      9347  +4.5639648438  +3.952e-05
  2234  +4.5649471322      9349  +4.5649414062  -5.726e-06
  2235  +4.5659687160      9351  +4.5659179688  -5.075e-05
  2236  +4.5669900712      9353  +4.5668945312  -9.554e-05
  2237  +4.5680111981      9355  +4.5678710938  -1.401e-04
  2238  +4.5690320969      9357  +4.5688476562  -1.844e-04
  2239  +4.5700527675      9359  +4.5698242188  -2.285e-04
  2240  +4.5710732102      9362  +4.5712890625  +2.159e-04
  2241  +4.5720934252      9364  +4.5722656250  +1.722e-04
  2242  +4.5731134126      9366  +4.5732421875  +1.288e-04
  2243  +4.5741331726      9368  +4.5742187500  +8.558e-05
  2244  +4.5751527052      9370  +4.5751953125  +4.261e-05
  2245  +4.5761720107      9372  +4.5761718750  -1.357e-07
  2246  +4.5771910892      9374  +4.5771484375  -4.265e-05
  2247  +4.5782099409      9376  +4.5781250000  -8.494e-05
  2248  +4.5792285659      9378  +4.5791015625  -1.270e-04
  2249  +4.5802469643      9380  +4.5800781250  -1.688e-04
  2250  +4.5812651364      9382  +4.5810546875  -2.104e-04
  2251  +4.5822830822      9385  +4.5825195312  +2.364e-04
  2252  +4.5833008020      9387  +4.5834960938  +1.953e-04
  2253  +4.5843182958      9389  +4.5844726562  +1.544e-04
  2254  +4.5853355638      9391  +4.5854492188  +1.137e-04
  2255  +4.5863526062      9393  +4.5864257812  +7.318e-05
  2256  +4.5873694231      9395  +4.5874023438  +3.292e-05
  2257  +4.5883860147      9397  +4.5883789062  -7.108e-06
  2258  +4.5894023811      9399  +4.5893554688  -4.691e-05
  2259  +4.5904185224      9401  +4.5903320312  -8.649e-05
  2260  +4.5914344389      9403  +4.5913085938  -1.258e-04
  2261  +4.5924501306      9405  +4.5922851562  -1.650e-04
  2262  +4.5934655978      9407  +4.5932617188  -2.039e-04
  2263  +4.5944808405      9409  +4.5942382812  -2.426e-04
  2264  +4.5954958589      9412  +4.5957031250  +2.073e-04
  2265  +4.5965106532      9414  +4.5966796875  +1.690e-04
  2266  +4.5975252235      9416  +4.5976562500  +1.310e-04
  2267  +4.5985395700      9418  +4.5986328125  +9.324e-05
  2268  +4.5995536927      9420  +4.5996093750  +5.568e-05
  2269  +4.6005675919      9422  +4.6005859375  +1.835e-05
  2270  +4.6015812677      9424  +4.6015625000  -1.877e-05
  2271  +4.6025947203      9426  +4.6025390625  -5.566e-05
  2272  +4.6036079497      9428  +4.6035156250  -9.232e-05
  2273  +4.6046209562      9430  +4.6044921875  -1.288e-04
  2274  +4.6056337399      9432  +4.6054687500  -1.650e-04
  2275  +4.6066463009      9434  +4.6064453125  -2.010e-04
  2276  +4.6076586394      9436  +4.6074218750  -2.368e-04
  2277  +4.6086707556      9439  +4.6088867188  +2.160e-04
  2278  +4.6096826495      9441  +4.6098632812  +1.806e-04
  2279  +4.6106943213      9443  +4.6108398438  +1.455e-04
  2280  +4.6117057712      9445  +4.6118164062  +1.106e-04
  2281  +4.6127169993      9447  +4.6127929688  +7.597e-05
  2282  +4.6137280058      9449  +4.6137695312  +4.153e-05
  2283  +4.6147387908      9451  +4.6147460938  +7.303e-06
  2284  +4.6157493544      9453  +4.6157226562  -2.670e-05
  2285  +4.6167596968      9455  +4.6166992188  -6.048e-05
  2286  +4.6177698182      9457  +4.6176757812  -9.404e-05
  2287  +4.6187797187      9459  +4.6186523438  -1.274e-04
  2288  +4.6197893984      9461  +4.6196289062  -1.605e-04
  2289  +4.6207988575      9463  +4.6206054688  -1.934e-04
  2290  +4.6218080961      9465  +4.6215820312  -2.261e-04
  2291  +4.6228171143      9468  +4.6230468750  +2.298e-04
  2292  +4.6238259124      9470  +4.6240234375  +1.975e-04
  2293  +4.6248344904      9472  +4.6250000000  +1.655e-04
  2294  +4.6258428485      9474  +4.6259765625  +1.337e-04
  2295  +4.6268509869      9476  +4.6269531250  +1.021e-04
  2296  +4.6278589057      9478  +4.6279296875  +7.078e-05
  2297  +4.6288666049      9480  +4.6289062500  +3.965e-05
  2298  +4.6298740849      9482  +4.6298828125  +8.728e-06
  2299  +4.6308813457      9484  +4.6308593750  -2.197e-05
  2300  +4.6318883874      9486  +4.6318359375  -5.245e-05
  2301  +4.6328952102      9488  +4.6328125000  -8.271e-05
  2302  +4.6339018143      9490  +4.6337890625  -1.128e-04
  2303  +4.6349081998      9492  +4.6347656250  -1.426e-04
  2304  +4.6359143668      9494  +4.6357421875  -1.722e-04
  2305  +4.6369203154      9496  +4.6367187500  -2.016e-04
  2306  +4.6379260459      9498  +4.6376953125  -2.307e-04
  2307  +4.6389315584      9501  +4.6391601562  +2.286e-04
  2308  +4.6399368529      9503  +4.6401367188  +1.999e-04
  2309  +4.6409419297      9505  +4.6411132812  +1.714e-04
  2310  +4.6419467888      9507  +4.6420898438  +1.431e-04
  2311  +4.6429514305      9509  +4.6430664062  +1.150e-04
  2312  +4.6439558548      9511  +4.6440429688  +8.711e-05
  2313  +4.6449600619      9513  +4.6450195312  +5.947e-05
  2314  +4.6459640520      9515  +4.6459960938  +3.204e-05
  2315  +4.6469678252      9517  +4.6469726562  +4.831e-06
  2316  +4.6479713816      9519  +4.6479492188  -2.216e-05
  2317  +4.6489747213      9521  +4.6489257812  -4.894e-05
  2318  +4.6499778446      9523  +4.6499023438  -7.550e-05
  2319  +4.6509807515      9525  +4.6508789062  -1.018e-04
  2320  +4.6519834422      9527  +4.6518554688  -1.280e-04
  2321  +4.6529859169      9529  +4.6528320312  -1.539e-04
  2322  +4.6539881755      9531  +4.6538085938  -1.796e-04
  2323  +4.6549902184      9533  +4.6547851562  -2.051e-04
  2324  +4.6559920457      9535  +4.6557617188  -2.303e-04
  2325  +4.6569936574      9538  +4.6572265625  +2.329e-04
  2326  +4.6579950537      9540  +4.6582031250  +2.081e-04
  2327  +4.6589962349      9542  +4.6591796875  +1.835e-04
  2328  +4.6599972009      9544  +4.6601562500  +1.590e-04
  2329  +4.6609979519      9546  +4.6611328125  +1.349e-04
  2330  +4.6619984881      9548  +4.6621093750  +1.109e-04
  2331  +4.6629988097      9550  +4.6630859375  +8.713e-05
  2332  +4.6639989167      9552  +4.6640625000  +6.358e-05
  2333  +4.6649988093      9554  +4.6650390625  +4.025e-05
  2334  +4.6659984876      9556  +4.6660156250  +1.714e-05
  2335  +4.6669979518      9558  +4.6669921875  -5.764e-06
  2336  +4.6679972019      9560  +4.6679687500  -2.845e-05
  2337  +4.6689962383      9562  +4.6689453125  -5.093e-05
  2338  +4.6699950609      9564  +4.6699218750  -7.319e-05
  2339  +4.6709936699      9566  +4.6708984375  -9.523e-05
  2340  +4.6719920655      9568  +4.6718750000  -1.171e-04
  2341  +4.6729902478      9570  +4.6728515625  -1.387e-04
  2342  +4.6739882169      9572  +4.6738281250  -1.601e-04
  2343  +4.6749859729      9574  +4.6748046875  -1.813e-04
  2344  +4.6759835161      9576  +4.6757812500  -2.023e-04
  2345  +4.6769808465      9578  +4.6767578125  -2.230e-04
  2346  +4.6779779643      9580  +4.6777343750  -2.436e-04
  2347  +4.6789748695      9583  +4.6791992188  +2.243e-04
  2348  +4.6799715625      9585  +4.6801757812  +2.042e-04
  2349  +4.6809680432      9587  +4.6811523438  +1.843e-04
  2350  +4.6819643118      9589  +4.6821289062  +1.646e-04
  2351  +4.6829603684      9591  +4.6831054688  +1.451e-04
  2352  +4.6839562133      9593  +4.6840820312  +1.258e-04
  2353  +4.6849518465      9595  +4.6850585938  +1.067e-04
  2354  +4.6859472681      9597  +4.6860351562  +8.789e-05
  2355  +4.6869424783      9599  +4.6870117188  +6.924e-05
  2356  +4.6879374773      9601  +4.6879882812  +5.080e-05
  2357  +4.6889322651      9603  +4.6889648438  +3.258e-05
  2358  +4.6899268419      9605  +4.6899414062  +1.456e-05
  2359  +4.6909212078      9607  +4.6909179688  -3.239e-06
  2360  +4.6919153630      9609  +4.6918945312  -2.083e-05
  2361  +4.6929093076      9611  +4.6928710938  -3.821e-05
  2362  +4.6939030417      9613  +4.6938476562  -5.539e-05
  2363  +4.6948965655      9615  +4.6948242188  -7.235e-05
  2364  +4.6958898790      9617  +4.6958007812  -8.910e-05
  2365  +4.6968829825      9619  +4.6967773438  -1.056e-04
  2366  +4.6978758761      9621  +4.6977539062  -1.220e-04
  2367  +4.6988685599      9623  +4.6987304688  -1.381e-04
  2368  +4.6998610340      9625  +4.6997070312  -1.540e-04
  2369  +4.7008532985      9627  +4.7006835938  -1.697e-04
  2370  +4.7018453537      9629  +4.7016601562  -1.852e-04
  2371  +4.7028371996      9631  +4.7026367188  -2.005e-04
  2372  +4.7038288363      9633  +4.7036132812  -2.156e-04
  2373  +4.7048202641      9635  +4.7045898438  -2.304e-04
  2374  +4.7058114829      9638  +4.7060546875  +2.432e-04
  2375  +4.7068024930      9640  +4.7070312500  +2.288e-04
  2376  +4.7077932945      9642  +4.7080078125  +2.145e-04
  2377  +4.7087838876      9644  +4.7089843750  +2.005e-04
  2378  +4.7097742722      9646  +4.7099609375  +1.867e-04
  2379  +4.7107644487      9648  +4.7109375000  +1.731e-04
  2380  +4.7117544171      9650  +4.7119140625  +1.596e-04
  2381  +4.7127441775      9652  +4.7128906250  +1.464e-04
  2382  +4.7137337301      9654  +4.7138671875  +1.335e-04
  2383  +4.7147230750      9656  +4.7148437500  +1.207e-04
  2384  +4.7157122123      9658  +4.7158203125  +1.081e-04
  2385  +4.7167011422      9660  +4.7167968750  +9.573e-05
  2386  +4.7176898648      9662  +4.7177734375  +8.357e-05
  2387  +4.7186783803      9664  +4.7187500000  +7.162e-05
  2388  +4.7196666887      9666  +4.7197265625  +5.987e-05
  2389  +4.7206547901      9668  +4.7207031250  +4.833e-05
  2390  +4.7216426849      9670  +4.7216796875  +3.700e-05
  2391  +4.7226303729      9672  +4.7226562500  +2.588e-05
  2392  +4.7236178544      9674  +4.7236328125  +1.496e-05
  2393  +4.7246051296      9676  +4.7246093750  +4.245e-06
  2394  +4.7255921985      9678  +4.7255859375  -6.261e-06
  2395  +4.7265790612      9680  +4.7265625000  -1.656e-05
  2396  +4.7275657179      9682  +4.7275390625  -2.666e-05
  2397  +4.7285521688      9684  +4.7285156250  -3.654e-05
  2398  +4.7295384139      9686  +4.7294921875  -4.623e-05
  2399  +4.7305244534      9688  +4.7304687500  -5.570e-05
  2400  +4.7315102874      9690  +4.7314453125  -6.497e-05
  2401  +4.7324959161      9692  +4.7324218750  -7.404e-05
  2402  +4.7334813395      9694  +4.7333984375  -8.290e-05
  2403  +4.7344665578      9696  +4.7343750000  -9.156e-05
  2404  +4.7354515712      9698  +4.7353515625  -1.000e-04
  2405  +4.7364363796      9700  +4.7363281250  -1.083e-04
  2406  +4.7374209834      9702  +4.7373046875  -1.163e-04
  2407  +4.7384053826      9704  +4.7382812500  -1.241e-04
  2408  +4.7393895773      9706  +4.7392578125  -1.318e-04
  2409  +4.7403735677      9708  +4.7402343750  -1.392e-04
  2410  +4.7413573538      9710  +4.7412109375  -1.464e-04
  2411  +4.7423409359      9712  +4.7421875000  -1.534e-04
  2412  +4.7433243140      9714  +4.7431640625  -1.603e-04
  2413  +4.7443074883      9716  +4.7441406250  -1.669e-04
  2414  +4.7452904589      9718  +4.7451171875  -1.733e-04
  2415  +4.7462732259      9720  +4.7460937500  -1.795e-04
  2416  +4.7472557895      9722  +4.7470703125  -1.855e-04
  2417  +4.7482381497      9724  +4.7480468750  -1.913e-04
  2418  +4.7492203068      9726  +4.7490234375  -1.969e-04
  2419  +4.7502022607      9728  +4.7500000000  -2.023e-04
  2420  +4.7511840117      9730  +4.7509765625  -2.074e-04
  2421  +4.7521655599      9732  +4.7519531250  -2.124e-04
  2422  +4.7531469054      9734  +4.7529296875  -2.172e-04
  2423  +4.7541280484      9736  +4.7539062500  -2.218e-04
  2424  +4.7551089889      9738  +4.7548828125  -2.262e-04
  2425  +4.7560897270      9740  +4.7558593750  -2.304e-04
  2426  +4.7570702630      9742  +4.7568359375  -2.343e-04
  2427  +4.7580505969      9744  +4.7578125000  -2.381e-04
  2428  +4.7590307289      9746  +4.7587890625  -2.417e-04
  2429  +4.7600106591      9749  +4.7602539062  +2.432e-04
  2430  +4.7609903875      9751  +4.7612304688  +2.401e-04
  2431  +4.7619699144      9753  +4.7622070312  +2.371e-04
  2432  +4.7629492399      9755  +4.7631835938  +2.344e-04
  2433  +4.7639283640      9757  +4.7641601562  +2.318e-04
  2434  +4.7649072869      9759  +4.7651367188  +2.294e-04
  2435  +4.7658860088      9761  +4.7661132812  +2.273e-04
  2436  +4.7668645297      9763  +4.7670898438  +2.253e-04
  2437  +4.7678428497      9765  +4.7680664062  +2.236e-04
  2438  +4.7688209691      9767  +4.7690429688  +2.220e-04
  2439  +4.7697988879      9769  +4.7700195312  +2.206e-04
  2440  +4.7707766063      9771  +4.7709960938  +2.195e-04
  2441  +4.7717541243      9773  +4.7719726562  +2.185e-04
  2442  +4.7727314421      9775  +4.7729492188  +2.178e-04
  2443  +4.7737085598      9777  +4.7739257812  +2.172e-04
  2444  +4.7746854775      9779  +4.7749023438  +2.169e-04
  2445  +4.7756621955      9781  +4.7758789062  +2.167e-04
  2446  +4.7766387137      9783  +4.7768554688  +2.168e-04
  2447  +4.7776150323      9785  +4.7778320312  +2.170e-04
  2448  +4.7785911514      9787  +4.7788085938  +2.174e-04
  2449  +4.7795670712      9789  +4.7797851562  +2.181e-04
  2450  +4.7805427917      9791  +4.7807617188  +2.189e-04
  2451  +4.7815183132      9793  +4.7817382812  +2.200e-04
  2452  +4.7824936356      9795  +4.7827148438  +2.212e-04
  2453  +4.7834687592      9797  +4.7836914062  +2.226e-04
  2454  +4.7844436841      9799  +4.7846679688  +2.243e-04
  2455  +4.7854184103      9801  +4.7856445312  +2.261e-04
  2456  +4.7863929381      9803  +4.7866210938  +2.282e-04
  2457  +4.7873672674      9805  +4.7875976562  +2.304e-04
  2458  +4.7883413985      9807  +4.7885742188  +2.328e-04
  2459  +4.7893153315      9809  +4.7895507812  +2.354e-04
  2460  +4.7902890664      9811  +4.7905273438  +2.383e-04
  2461  +4.7912626035      9813  +4.7915039062  +2.413e-04
  2462  +4.7922359428      9814  +4.7919921875  -2.438e-04
  2463  +4.7932090844      9816  +4.7929687500  -2.403e-04
  2464  +4.7941820285      9818  +4.7939453125  -2.367e-04
  2465  +4.7951547752      9820  +4.7949218750  -2.329e-04
  2466  +4.7961273246      9822  +4.7958984375  -2.289e-04
  2467  +4.7970996769      9824  +4.7968750000  -2.247e-04
  2468  +4.7980718320      9826  +4.7978515625  -2.203e-04
  2469  +4.7990437903      9828  +4.7988281250  -2.157e-04
  2470  +4.8000155517      9830  +4.7998046875  -2.109e-04
  2471  +4.8009871165      9832  +4.8007812500  -2.059e-04
  2472  +4.8019584846      9834  +4.8017578125  -2.007e-04
  2473  +4.8029296563      9836  +4.8027343750  -1.953e-04
  2474  +4.8039006317      9838  +4.8037109375  -1.897e-04
  2475  +4.8048714109      9840  +4.8046875000  -1.839e-04
  2476  +4.8058419939      9842  +4.8056640625  -1.779e-04
  2477  +4.8068123810      9844  +4.8066406250  -1.718e-04
  2478  +4.8077825723      9846  +4.8076171875  -1.654e-04
  2479  +4.8087525677      9848  +4.8085937500  -1.588e-04
  2480  +4.8097223676      9850  +4.8095703125  -1.521e-04
  2481  +4.8106919720      9852  +4.8105468750  -1.451e-04
  2482  +4.8116613809      9854  +4.8115234375  -1.379e-04
  2483  +4.8126305946      9856  +4.8125000000  -1.306e-04
  2484  +4.8135996132      9858  +4.8134765625  -1.231e-04
  2485  +4.8145684367      9860  +4.8144531250  -1.153e-04
  2486  +4.8155370653      9862  +4.8154296875  -1.074e-04
  2487  +4.8165054991      9864  +4.8164062500  -9.925e-05
  2488  +4.8174737383      9866  +4.8173828125  -9.093e-05
  2489  +4.8184417828      9868  +4.8183593750  -8.241e-05
  2490  +4.8194096329      9870  +4.8193359375  -7.370e-05
  2491  +4.8203772887      9872  +4.8203125000  -6.479e-05
  2492  +4.8213447503      9874  +4.8212890625  -5.569e-05
  2493  +4.8223120178      9876  +4.8222656250  -4.639e-05
  2494  +4.8232790913      9878  +4.8232421875  -3.690e-05
  2495  +4.8242459710      9880  +4.8242187500  -2.722e-05
  2496  +4.8252126569      9882  +4.8251953125  -1.734e-05
  2497  +4.8261791492      9884  +4.8261718750  -7.274e-06
  2498  +4.8271454479      9886  +4.8271484375  +2.990e-06
  2499  +4.8281115533      9888  +4.8281250000  +1.345e-05
  2500  +4.8290774654      9890  +4.8291015625  +2.410e-05
  2501  +4.8300431843      9892  +4.8300781250  +3.494e-05
  2502  +4.8310087102      9894  +4.8310546875  +4.598e-05
  2503  +4.8319740432      9896  +4.8320312500  +5.721e-05
  2504  +4.8329391833      9898  +4.8330078125  +6.863e-05
  2505  +4.8339041307      9900  +4.8339843750  +8.024e-05
  2506  +4.8348688856      9902  +4.8349609375  +9.205e-05
  2507  +4.8358334480      9904  +4.8359375000  +1.041e-04
  2508  +4.8367978180      9906  +4.8369140625  +1.162e-04
  2509  +4.8377619958      9908  +4.8378906250  +1.286e-04
  2510  +4.8387259814      9910  +4.8388671875  +1.412e-04
  2511  +4.8396897751      9912  +4.8398437500  +1.540e-04
  2512  +4.8406533768      9914  +4.8408203125  +1.669e-04
  2513  +4.8416167868      9916  +4.8417968750  +1.801e-04
  2514  +4.8425800051      9918  +4.8427734375  +1.934e-04
  2515  +4.8435430319      9920  +4.8437500000  +2.070e-04
  2516  +4.8445058672      9922  +4.8447265625  +2.207e-04
  2517  +4.8454685112      9924  +4.8457031250  +2.346e-04
  2518  +4.8464309640      9925  +4.8461914062  -2.396e-04
  2519  +4.8473932257      9927  +4.8471679688  -2.253e-04
  2520  +4.8483552964      9929  +4.8481445312  -2.108e-04
  2521  +4.8493171762      9931  +4.8491210938  -1.961e-04
  2522  +4.8502788653      9933  +4.8500976562  -1.812e-04
  2523  +4.8512403638      9935  +4.8510742188  -1.661e-04
  2524  +4.8522016717      9937  +4.8520507812  -1.509e-04
  2525  +4.8531627892      9939  +4.8530273438  -1.354e-04
  2526  +4.8541237164      9941  +4.8540039062  -1.198e-04
  2527  +4.8550844534      9943  +4.8549804688  -1.040e-04
  2528  +4.8560450003      9945  +4.8559570312  -8.797e-05
  2529  +4.8570053573      9947  +4.8569335938  -7.176e-05
  2530  +4.8579655245      9949  +4.8579101562  -5.537e-05
  2531  +4.8589255018      9951  +4.8588867188  -3.878e-05
  2532  +4.8598852896      9953  +4.8598632812  -2.201e-05
  2533  +4.8608448879      9955  +4.8608398438  -5.044e-06
  2534  +4.8618042967      9957  +4.8618164062  +1.211e-05
  2535  +4.8627635163      9959  +4.8627929688  +2.945e-05
  2536  +4.8637225466      9961  +4.8637695312  +4.698e-05
  2537  +4.8646813880      9963  +4.8647460938  +6.471e-05
  2538  +4.8656400403      9965  +4.8657226562  +8.262e-05
  2539  +4.8665985039      9967  +4.8666992188  +1.007e-04
  2540  +4.8675567787      9969  +4.8676757812  +1.190e-04
  2541  +4.8685148648      9971  +4.8686523438  +1.375e-04
  2542  +4.8694727625      9973  +4.8696289062  +1.561e-04
  2543  +4.8704304718      9975  +4.8706054688  +1.750e-04
  2544  +4.8713879928      9977  +4.8715820312  +1.940e-04
  2545  +4.8723453256      9979  +4.8725585938  +2.133e-04
  2546  +4.8733024703      9981  +4.8735351562  +2.327e-04
  2547  +4.8742594271      9982  +4.8740234375  -2.360e-04
  2548  +4.8752161961      9984  +4.8750000000  -2.162e-04
  2549  +4.8761727773      9986  +4.8759765625  -1.962e-04
  2550  +4.8771291709      9988  +4.8769531250  -1.760e-04
  2551  +4.8780853770      9990  +4.8779296875  -1.557e-04
  2552  +4.8790413957      9992  +4.8789062500  -1.351e-04
  2553  +4.8799972272      9994  +4.8798828125  -1.144e-04
  2554  +4.8809528714      9996  +4.8808593750  -9.350e-05
  2555  +4.8819083286      9998  +4.8818359375  -7.239e-05
  2556  +4.8828635988     10000  +4.8828125000  -5.110e-05
  2557  +4.8838186821     10002  +4.8837890625  -2.962e-05
  2558  +4.8847735787     10004  +4.8847656250  -7.954e-06
  2559  +4.8857282887     10006  +4.8857421875  +1.390e-05
  2560  +4.8866828122     10008  +4.8867187500  +3.594e-05
  2561  +4.8876371492     10010  +4.8876953125  +5.816e-05
  2562  +4.8885913000     10012  +4.8886718750  +8.058e-05
  2563  +4.8895452645     10014  +4.8896484375  +1.032e-04
  2564  +4.8904990430     10016  +4.8906250000  +1.260e-04
  2565  +4.8914526355     10018  +4.8916015625  +1.489e-04
  2566  +4.8924060421     10020  +4.8925781250  +1.721e-04
  2567  +4.8933592630     10022  +4.8935546875  +1.954e-04
  2568  +4.8943122982     10024  +4.8945312500  +2.190e-04
  2569  +4.8952651478     10026  +4.8955078125  +2.427e-04
  2570  +4.8962178121     10027  +4.8959960938  -2.217e-04
  2571  +4.8971702910     10029  +4.8969726562  -1.976e-04
  2572  +4.8981225847     10031  +4.8979492188  -1.734e-04
  2573  +4.8990746933     10033  +4.8989257812  -1.489e-04
  2574  +4.9000266169     10035  +4.8999023438  -1.243e-04
  2575  +4.9009783556     10037  +4.9008789062  -9.945e-05
  2576  +4.9019299095     10039  +4.9018554688  -7.444e-05
  2577  +4.9028812787     10041  +4.9028320312  -4.925e-05
  2578  +4.9038324634     10043  +4.9038085938  -2.387e-05
  2579  +4.9047834636     10045  +4.9047851562  +1.693e-06
  2580  +4.9057342794     10047  +4.9057617188  +2.744e-05
  2581  +4.9066849110     10049  +4.9067382812  +5.337e-05
  2582  +4.9076353584     10051  +4.9077148438  +7.949e-05
  2583  +4.9085856219     10053  +4.9086914062  +1.058e-04
  2584  +4.9095357013     10055  +4.9096679688  +1.323e-04
  2585  +4.9104855970     10057  +4.9106445312  +1.589e-04
  2586  +4.9114353090     10059  +4.9116210938  +1.858e-04
  2587  +4.9123848373     10061  +4.9125976562  +2.128e-04
  2588  +4.9133341821     10063  +4.9135742188  +2.400e-04
  2589  +4.9142833436     10064  +4.9140625000  -2.208e-04
  2590  +4.9152323217     10066  +4.9150390625  -1.933e-04
  2591  +4.9161811167     10068  +4.9160156250  -1.655e-04
  2592  +4.9171297286     10070  +4.9169921875  -1.375e-04
  2593  +4.9180781575     10072  +4.9179687500  -1.094e-04
  2594  +4.9190264036     10074  +4.9189453125  -8.109e-05
  2595  +4.9199744669     10076  +4.9199218750  -5.259e-05
  2596  +4.9209223476     10078  +4.9208984375  -2.391e-05
  2597  +4.9218700457     10080  +4.9218750000  +4.954e-06
  2598  +4.9228175613     10082  +4.9228515625  +3.400e-05
  2599  +4.9237648946     10084  +4.9238281250  +6.323e-05
  2600  +4.9247120457     10086  +4.9248046875  +9.264e-05
  2601  +4.9256590147     10088  +4.9257812500  +1.222e-04
  2602  +4.9266058016     10090  +4.9267578125  +1.520e-04
  2603  +4.9275524067     10092  +4.9277343750  +1.820e-04
  2604  +4.9284988299     10094  +4.9287109375  +2.121e-04
  2605  +4.9294450714     10096  +4.9296875000  +2.424e-04
  2606  +4.9303911313     10097  +4.9301757812  -2.154e-04
  2607  +4.9313370097     10099  +4.9311523438  -1.847e-04
  2608  +4.9322827067     10101  +4.9321289062  -1.538e-04
  2609  +4.9332282224     10103  +4.9331054688  -1.228e-04
  2610  +4.9341735569     10105  +4.9340820312  -9.153e-05
  2611  +4.9351187104     10107  +4.9350585938  -6.012e-05
  2612  +4.9360636829     10109  +4.9360351562  -2.853e-05
  2613  +4.9370084745     10111  +4.9370117188  +3.244e-06
  2614  +4.9379530853     10113  +4.9379882812  +3.520e-05
  2615  +4.9388975155     10115  +4.9389648438  +6.733e-05
  2616  +4.9398417651     10117  +4.9399414062  +9.964e-05
  2617  +4.9407858342     10119  +4.9409179688  +1.321e-04
  2618  +4.9417297230     10121  +4.9418945312  +1.648e-04
  2619  +4.9426734316     10123  +4.9428710938  +1.977e-04
  2620  +4.9436169600     10125  +4.9438476562  +2.307e-04
  2621  +4.9445603083     10126  +4.9443359375  -2.244e-04
  2622  +4.9455034767     10128  +4.9453125000  -1.910e-04
  2623  +4.9464464653     10130  +4.9462890625  -1.574e-04
  2624  +4.9473892741     10132  +4.9472656250  -1.236e-04
  2625  +4.9483319033     10134  +4.9482421875  -8.972e-05
  2626  +4.9492743529     10136  +4.9492187500  -5.560e-05
  2627  +4.9502166232     10138  +4.9501953125  -2.131e-05
  2628  +4.9511587141     10140  +4.9511718750  +1.316e-05
  2629  +4.9521006258     10142  +4.9521484375  +4.781e-05
  2630  +4.9530423583     10144  +4.9531250000  +8.264e-05
  2631  +4.9539839119     10146  +4.9541015625  +1.177e-04
  2632  +4.9549252865     10148  +4.9550781250  +1.528e-04
  2633  +4.9558664823     10150  +4.9560546875  +1.882e-04
  2634  +4.9568074994     10152  +4.9570312500  +2.238e-04
  2635  +4.9577483379     10153  +4.9575195312  -2.288e-04
  2636  +4.9586889979     10155  +4.9584960938  -1.929e-04
  2637  +4.9596294794     10157  +4.9594726562  -1.568e-04
  2638  +4.9605697827     10159  +4.9604492188  -1.206e-04
  2639  +4.9615099077     10161  +4.9614257812  -8.413e-05
  2640  +4.9624498547     10163  +4.9624023438  -4.751e-05
  2641  +4.9633896236     10165  +4.9633789062  -1.072e-05
  2642  +4.9643292146     10167  +4.9643554688  +2.625e-05
  2643  +4.9652686279     10169  +4.9653320312  +6.340e-05
  2644  +4.9662078634     10171  +4.9663085938  +1.007e-04
  2645  +4.9671469214     10173  +4.9672851562  +1.382e-04
  2646  +4.9680858018     10175  +4.9682617188  +1.759e-04
  2647  +4.9690245048     10177  +4.9692382812  +2.138e-04
  2648  +4.9699630306     10178  +4.9697265625  -2.365e-04
  2649  +4.9709013791     10180  +4.9707031250  -1.983e-04
  2650  +4.9718395506     10182  +4.9716796875  -1.599e-04
  2651  +4.9727775450     10184  +4.9726562500  -1.213e-04
  2652  +4.9737153626     10186  +4.9736328125  -8.255e-05
  2653  +4.9746530034     10188  +4.9746093750  -4.363e-05
  2654  +4.9755904674     10190  +4.9755859375  -4.530e-06
  2655  +4.9765277549     10192  +4.9765625000  +3.475e-05
  2656  +4.9774648658     10194  +4.9775390625  +7.420e-05
  2657  +4.9784018004     10196  +4.9785156250  +1.138e-04
  2658  +4.9793385587     10198  +4.9794921875  +1.536e-04
  2659  +4.9802751408     10200  +4.9804687500  +1.936e-04
  2660  +4.9812115467     10202  +4.9814453125  +2.338e-04
  2661  +4.9821477767     10203  +4.9819335938  -2.142e-04
  2662  +4.9830838308     10205  +4.9829101562  -1.737e-04
  2663  +4.9840197091     10207  +4.9838867188  -1.330e-04
  2664  +4.9849554116     10209  +4.9848632812  -9.213e-05
  2665  +4.9858909386     10211  +4.9858398438  -5.109e-05
  2666  +4.9868262901     10213  +4.9868164062  -9.884e-06
  2667  +4.9877614661     10215  +4.9877929688  +3.150e-05
  2668  +4.9886964669     10217  +4.9887695312  +7.306e-05
  2669  +4.9896312924     10219  +4.9897460938  +1.148e-04
  2670  +4.9905659429     10221  +4.9907226562  +1.567e-04
  2671  +4.9915004183     10223  +4.9916992188  +1.988e-04
  2672  +4.9924347188     10225  +4.9926757812  +2.411e-04
  2673  +4.9933688445     10226  +4.9931640625  -2.048e-04
  2674  +4.9943027955     10228  +4.9941406250  -1.622e-04
  2675  +4.9952365718     10230  +4.9951171875  -1.194e-04
  2676  +4.9961701737     10232  +4.9960937500  -7.642e-05
  2677  +4.9971036011     10234  +4.9970703125  -3.329e-05
  2678  +4.9980368541     10236  +4.9980468750  +1.002e-05
  2679  +4.9989699330     10238  +4.9990234375  +5.350e-05
  2680  +4.9999028377     10240  +5.0000000000  +9.716e-05
  2681  +5.0008355684     10242  +5.0009765625  +1.410e-04
  2682  +5.0017681252     10244  +5.0019531250  +1.850e-04
  2683  +5.0027005081     10246  +5.0029296875  +2.292e-04
  2684  +5.0036327173     10247  +5.0034179688  -2.147e-04
  2685  +5.0045647528     10249  +5.0043945312  -1.702e-04
  2686  +5.0054966148     10251  +5.0053710938  -1.255e-04
  2687  +5.0064283033     10253  +5.0063476562  -8.065e-05
  2688  +5.0073598185     10255  +5.0073242188  -3.560e-05
  2689  +5.0082911604     10257  +5.0083007812  +9.621e-06
  2690  +5.0092223292     10259  +5.0092773438  +5.501e-05
  2691  +5.0101533249     10261  +5.0102539062  +1.006e-04
  2692  +5.0110841476     10263  +5.0112304688  +1.463e-04
  2693  +5.0120147975     10265  +5.0122070312  +1.922e-04
  2694  +5.0129452746     10267  +5.0131835938  +2.383e-04
  2695  +5.0138755790     10268  +5.0136718750  -2.037e-04
  2696  +5.0148057108     10270  +5.0146484375  -1.573e-04
  2697  +5.0157356702     10272  +5.0156250000  -1.107e-04
  2698  +5.0166654571     10274  +5.0166015625  -6.389e-05
  2699  +5.0175950718     10276  +5.0175781250  -1.695e-05
  2700  +5.0185245142     10278  +5.0185546875  +3.017e-05
  2701  +5.0194537846     10280  +5.0195312500  +7.747e-05
  2702  +5.0203828830     10282  +5.0205078125  +1.249e-04
  2703  +5.0213118094     10284  +5.0214843750  +1.726e-04
  2704  +5.0222405640     10286  +5.0224609375  +2.204e-04
  2705  +5.0231691469     10287  +5.0229492188  -2.199e-04
  2706  +5.0240975582     10289  +5.0239257812  -1.718e-04
  2707  +5.0250257979     10291  +5.0249023438  -1.235e-04
  2708  +5.0259538662     10293  +5.0258789062  -7.496e-05
  2709  +5.0268817632     10295  +5.0268554688  -2.629e-05
  2710  +5.0278094889     10297  +5.0278320312  +2.254e-05
  2711  +5.0287370435     10299  +5.0288085938  +7.155e-05
  2712  +5.0296644270     10301  +5.0297851562  +1.207e-04
  2713  +5.0305916395     10303  +5.0307617188  +1.701e-04
  2714  +5.0315186812     10305  +5.0317382812  +2.196e-04
  2715  +5.0324455521     10306  +5.0322265625  -2.190e-04
  2716  +5.0333722524     10308  +5.0332031250  -1.691e-04
  2717  +5.0342987820     10310  +5.0341796875  -1.191e-04
  2718  +5.0352251412     10312  +5.0351562500  -6.889e-05
  2719  +5.0361513299     10314  +5.0361328125  -1.852e-05
  2720  +5.0370773484     10316  +5.0371093750  +3.203e-05
  2721  +5.0380031966     10318  +5.0380859375  +8.274e-05
  2722  +5.0389288747     10320  +5.0390625000  +1.336e-04
  2723  +5.0398543829     10322  +5.0400390625  +1.847e-04
  2724  +5.0407797210     10324  +5.0410156250  +2.359e-04
  2725  +5.0417048894     10325  +5.0415039062  -2.010e-04
  2726  +5.0426298880     10327  +5.0424804688  -1.494e-04
  2727  +5.0435547170     10329  +5.0434570312  -9.769e-05
  2728  +5.0444793764     10331  +5.0444335938  -4.578e-05
  2729  +5.0454038663     10333  +5.0454101562  +6.290e-06
  2730  +5.0463281869     10335  +5.0463867188  +5.853e-05
  2731  +5.0472523382     10337  +5.0473632812  +1.109e-04
  2732  +5.0481763204     10339  +5.0483398438  +1.635e-04
  2733  +5.0491001334     10341  +5.0493164062  +2.163e-04
  2734  +5.0500237774     10342  +5.0498046875  -2.191e-04
  2735  +5.0509472526     10344  +5.0507812500  -1.660e-04
  2736  +5.0518705589     10346  +5.0517578125  -1.127e-04
  2737  +5.0527936965     10348  +5.0527343750  -5.932e-05
  2738  +5.0537166655     10350  +5.0537109375  -5.728e-06
  2739  +5.0546394660     10352  +5.0546875000  +4.803e-05
  2740  +5.0555620980     10354  +5.0556640625  +1.020e-04
  2741  +5.0564845617     10356  +5.0566406250  +1.561e-04
  2742  +5.0574068571     10358  +5.0576171875  +2.103e-04
  2743  +5.0583289843     10359  +5.0581054688  -2.235e-04
  2744  +5.0592509435     10361  +5.0590820312  -1.689e-04
  2745  +5.0601727347     10363  +5.0600585938  -1.141e-04
  2746  +5.0610943580     10365  +5.0610351562  -5.920e-05
  2747  +5.0620158135     10367  +5.0620117188  -4.095e-06
  2748  +5.0629371013     10369  +5.0629882812  +5.118e-05
  2749  +5.0638582215     10371  +5.0639648438  +1.066e-04
  2750  +5.0647791742     10373  +5.0649414062  +1.622e-04
  2751  +5.0656999594     10375  +5.0659179688  +2.180e-04
  2752  +5.0666205773     10376  +5.0664062500  -2.143e-04
  2753  +5.0675410280     10378  +5.0673828125  -1.582e-04
  2754  +5.0684613115     10380  +5.0683593750  -1.019e-04
  2755  +5.0693814279     10382  +5.0693359375  -4.549e-05
  2756  +5.0703013774     10384  +5.0703125000  +1.112e-05
  2757  +5.0712211599     10386  +5.0712890625  +6.790e-05
  2758  +5.0721407757     10388  +5.0722656250  +1.248e-04
  2759  +5.0730602248     10390  +5.0732421875  +1.820e-04
  2760  +5.0739795073     10392  +5.0742187500  +2.392e-04
  2761  +5.0748986232     10393  +5.0747070312  -1.916e-04
  2762  +5.0758175727     10395  +5.0756835938  -1.340e-04
  2763  +5.0767363559     10397  +5.0766601562  -7.620e-05
  2764  +5.0776549728     10399  +5.0776367188  -1.825e-05
  2765  +5.0785734236     10401  +5.0786132812  +3.986e-05
  2766  +5.0794917082     10403  +5.0795898438  +9.814e-05
  2767  +5.0804098269     10405  +5.0805664062  +1.566e-04
  2768  +5.0813277798     10407  +5.0815429688  +2.152e-04
  2769  +5.0822455668     10408  +5.0820312500  -2.143e-04
  2770  +5.0831631881     10410  +5.0830078125  -1.554e-04
  2771  +5.0840806438     10412  +5.0839843750  -9.627e-05
  2772  +5.0849979339     10414  +5.0849609375  -3.700e-05
  2773  +5.0859150586     10416  +5.0859375000  +2.244e-05
  2774  +5.0868320180     10418  +5.0869140625  +8.204e-05
  2775  +5.0877488121     10420  +5.0878906250  +1.418e-04
  2776  +5.0886654410     10422  +5.0888671875  +2.017e-04
  2777  +5.0895819049     10423  +5.0893554688  -2.264e-04
  2778  +5.0904982037     10425  +5.0903320312  -1.662e-04
  2779  +5.0914143377     10427  +5.0913085938  -1.057e-04
  2780  +5.0923303068     10429  +5.0922851562  -4.515e-05
  2781  +5.0932461112     10431  +5.0932617188  +1.561e-05
  2782  +5.0941617509     10433  +5.0942382812  +7.653e-05
  2783  +5.0950772261     10435  +5.0952148438  +1.376e-04
  2784  +5.0959925369     10437  +5.0961914062  +1.989e-04
  2785  +5.0969076833     10438  +5.0966796875  -2.280e-04
  2786  +5.0978226654     10440  +5.0976562500  -1.664e-04
  2787  +5.0987374832     10442  +5.0986328125  -1.047e-04
  2788  +5.0996521370     10444  +5.0996093750  -4.276e-05
  2789  +5.1005666268     10446  +5.1005859375  +1.931e-05
  2790  +5.1014809526     10448  +5.1015625000  +8.155e-05
  2791  +5.1023951146     10450  +5.1025390625  +1.439e-04
  2792  +5.1033091129     10452  +5.1035156250  +2.065e-04
  2793  +5.1042229474     10453  +5.1040039062  -2.190e-04
  2794  +5.1051366184     10455  +5.1049804688  -1.561e-04
  2795  +5.1060501259     10457  +5.1059570312  -9.309e-05
  2796  +5.1069634700     10459  +5.1069335938  -2.988e-05
  2797  +5.1078766508     10461  +5.1079101562  +3.351e-05
  2798  +5.1087896683     10463  +5.1088867188  +9.705e-05
  2799  +5.1097025228     10465  +5.1098632812  +1.608e-04
  2800  +5.1106152141     10467  +5.1108398438  +2.246e-04
  2801  +5.1115277425     10468  +5.1113281250  -1.996e-04
  2802  +5.1124401080     10470  +5.1123046875  -1.354e-04
  2803  +5.1133523107     10472  +5.1132812500  -7.106e-05
  2804  +5.1142643508     10474  +5.1142578125  -6.538e-06
  2805  +5.1151762282     10476  +5.1152343750  +5.815e-05
  2806  +5.1160879430     10478  +5.1162109375  +1.230e-04
  2807  +5.1169994954     10480  +5.1171875000  +1.880e-04
  2808  +5.1179108855     10481  +5.1176757812  -2.351e-04
  2809  +5.1188221133     10483  +5.1186523438  -1.698e-04
  2810  +5.1197331789     10485  +5.1196289062  -1.043e-04
  2811  +5.1206440824     10487  +5.1206054688  -3.861e-05
  2812  +5.1215548240     10489  +5.1215820312  +2.721e-05
  2813  +5.1224654035     10491  +5.1225585938  +9.319e-05
  2814  +5.1233758213     10493  +5.1235351562  +1.593e-04
  2815  +5.1242860773     10495  +5.1245117188  +2.256e-04
  2816  +5.1251961716     10496  +5.1250000000  -1.962e-04
  2817  +5.1261061044     10498  +5.1259765625  -1.295e-04
  2818  +5.1270158756     10500  +5.1269531250  -6.275e-05
  2819  +5.1279254855     10502  +5.1279296875  +4.202e-06
  2820  +5.1288349340     10504  +5.1289062500  +7.132e-05
  2821  +5.1297442213     10506  +5.1298828125  +1.386e-04
  2822  +5.1306533474     10508  +5.1308593750  +2.060e-04
  2823  +5.1315623125     10509  +5.1313476562  -2.147e-04
  2824  +5.1324711166     10511  +5.1323242188  -1.469e-04
  2825  +5.1333797598     10513  +5.1333007812  -7.898e-05
  2826  +5.1342882422     10515  +5.1342773438  -1.090e-05
  2827  +5.1351965639     10517  +5.1352539062  +5.734e-05
  2828  +5.1361047249     10519  +5.1362304688  +1.257e-04
  2829  +5.1370127254     10521  +5.1372070312  +1.943e-04
  2830  +5.1379205654     10522  +5.1376953125  -2.253e-04
  2831  +5.1388282451     10524  +5.1386718750  -1.564e-04
  2832  +5.1397357644     10526  +5.1396484375  -8.733e-05
  2833  +5.1406431236     10528  +5.1406250000  -1.812e-05
  2834  +5.1415503226     10530  +5.1416015625  +5.124e-05
  2835  +5.1424573615     10532  +5.1425781250  +1.208e-04
  2836  +5.1433642405     10534  +5.1435546875  +1.904e-04
  2837  +5.1442709597     10535  +5.1440429688  -2.280e-04
  2838  +5.1451775190     10537  +5.1450195312  -1.580e-04
  2839  +5.1460839186     10539  +5.1459960938  -8.782e-05
  2840  +5.1469901587     10541  +5.1469726562  -1.750e-05
  2841  +5.1478962392     10543  +5.1479492188  +5.298e-05
  2842  +5.1488021602     10545  +5.1489257812  +1.236e-04
  2843  +5.1497079219     10547  +5.1499023438  +1.944e-04
  2844  +5.1506135242     10548  +5.1503906250  -2.229e-04
  2845  +5.1515189674     10550  +5.1513671875  -1.518e-04
  2846  +5.1524242515     10552  +5.1523437500  -8.050e-05
  2847  +5.1533293765     10554  +5.1533203125  -9.064e-06
  2848  +5.1542343426     10556  +5.1542968750  +6.253e-05
  2849  +5.1551391499     10558  +5.1552734375  +1.343e-04
  2850  +5.1560437983     10560  +5.1562500000  +2.062e-04
  2851  +5.1569482881     10561  +5.1567382812  -2.100e-04
  2852  +5.1578526192     10563  +5.1577148438  -1.378e-04
  2853  +5.1587567918     10565  +5.1586914062  -6.539e-05
  2854  +5.1596608060     10567  +5.1596679688  +7.163e-06
  2855  +5.1605646618     10569  +5.1606445312  +7.987e-05
  2856  +5.1614683593     10571  +5.1616210938  +1.527e-04
  2857  +5.1623718986     10573  +5.1625976562  +2.258e-04
  2858  +5.1632752798     10574  +5.1630859375  -1.893e-04
  2859  +5.1641785030     10576  +5.1640625000  -1.160e-04
  2860  +5.1650815683     10578  +5.1650390625  -4.251e-05
  2861  +5.1659844756     10580  +5.1660156250  +3.115e-05
  2862  +5.1668872252     10582  +5.1669921875  +1.050e-04
  2863  +5.1677898171     10584  +5.1679687500  +1.789e-04
  2864  +5.1686922514     10585  +5.1684570312  -2.352e-04
  2865  +5.1695945281     10587  +5.1694335938  -1.609e-04
  2866  +5.1704966474     10589  +5.1704101562  -8.649e-05
  2867  +5.1713986093     10591  +5.1713867188  -1.189e-05
  2868  +5.1723004139     10593  +5.1723632812  +6.287e-05
  2869  +5.1732020614     10595  +5.1733398438  +1.378e-04
  2870  +5.1741035517     10597  +5.1743164062  +2.129e-04
  2871  +5.1750048849     10598  +5.1748046875  -2.002e-04
  2872  +5.1759060612     10600  +5.1757812500  -1.248e-04
  2873  +5.1768070807     10602  +5.1767578125  -4.927e-05
  2874  +5.1777079433     10604  +5.1777343750  +2.643e-05
  2875  +5.1786086492     10606  +5.1787109375  +1.023e-04
  2876  +5.1795091985     10608  +5.1796875000  +1.783e-04
  2877  +5.1804095912     10609  +5.1801757812  -2.338e-04
  2878  +5.1813098275     10611  +5.1811523438  -1.575e-04
  2879  +5.1822099074     10613  +5.1821289062  -8.100e-05
  2880  +5.1831098310     10615  +5.1831054688  -4.362e-06
  2881  +5.1840095983     10617  +5.1840820312  +7.243e-05
  2882  +5.1849092096     10619  +5.1850585938  +1.494e-04
  2883  +5.1858086647     10621  +5.1860351562  +2.265e-04
  2884  +5.1867079639     10622  +5.1865234375  -1.845e-04
  2885  +5.1876071072     10624  +5.1875000000  -1.071e-04
  2886  +5.1885060946     10626  +5.1884765625  -2.953e-05
  2887  +5.1894049264     10628  +5.1894531250  +4.820e-05
  2888  +5.1903036024     10630  +5.1904296875  +1.261e-04
  2889  +5.1912021229     10632  +5.1914062500  +2.041e-04
  2890  +5.1921004879     10633  +5.1918945312  -2.060e-04
  2891  +5.1929986975     10635  +5.1928710938  -1.276e-04
  2892  +5.1938967518     10637  +5.1938476562  -4.910e-05
  2893  +5.1947946508     10639  +5.1948242188  +2.957e-05
  2894  +5.1956923946     10641  +5.1958007812  +1.084e-04
  2895  +5.1965899834     10643  +5.1967773438  +1.874e-04
  2896  +5.1974874171     10644  +5.1972656250  -2.218e-04
  2897  +5.1983846959     10646  +5.1982421875  -1.425e-04
  2898  +5.1992818198     10648  +5.1992187500  -6.307e-05
  2899  +5.2001787890     10650  +5.2001953125  +1.652e-05
  2900  +5.2010756035     10652  +5.2011718750  +9.627e-05
  2901  +5.2019722634     10654  +5.2021484375  +1.762e-04
  2902  +5.2028687687     10655  +5.2026367188  -2.320e-04
  2903  +5.2037651196     10657  +5.2036132812  -1.518e-04
  2904  +5.2046613162     10659  +5.2045898438  -7.147e-05
  2905  +5.2055573584     10661  +5.2055664062  +9.048e-06
  2906  +5.2064532464     10663  +5.2065429688  +8.972e-05
  2907  +5.2073489803     10665  +5.2075195312  +1.706e-04
  2908  +5.2082445602     10666  +5.2080078125  -2.367e-04
  2909  +5.2091399861     10668  +5.2089843750  -1.556e-04
  2910  +5.2100352580     10670  +5.2099609375  -7.432e-05
  2911  +5.2109303762     10672  +5.2109375000  +7.124e-06
  2912  +5.2118253406     10674  +5.2119140625  +8.872e-05
  2913  +5.2127201514     10676  +5.2128906250  +1.705e-04
  2914  +5.2136148086     10677  +5.2133789062  -2.359e-04
  2915  +5.2145093123     10679  +5.2143554688  -1.538e-04
  2916  +5.2154036626     10681  +5.2153320312  -7.163e-05
  2917  +5.2162978596     10683  +5.2163085938  +1.073e-05
  2918  +5.2171919033     10685  +5.2172851562  +9.325e-05
  2919  +5.2180857938     10687  +5.2182617188  +1.759e-04
  2920  +5.2189795312     10688  +5.2187500000  -2.295e-04
  2921  +5.2198731155     10690  +5.2197265625  -1.466e-04
  2922  +5.2207665470     10692  +5.2207031250  -6.342e-05
  2923  +5.2216598256     10694  +5.2216796875  +1.986e-05
  2924  +5.2225529513     10696  +5.2226562500  +1.033e-04
  2925  +5.2234459244     10698  +5.2236328125  +1.869e-04
  2926  +5.2243387448     10699  +5.2241210938  -2.177e-04
  2927  +5.2252314127     10701  +5.2250976562  -1.338e-04
  2928  +5.2261239281     10703  +5.2260742188  -4.971e-05
  2929  +5.2270162911     10705  +5.2270507812  +3.449e-05
  2930  +5.2279085018     10707  +5.2280273438  +1.188e-04
  2931  +5.2288005603     10709  +5.2290039062  +2.033e-04
  2932  +5.2296924666     10710  +5.2294921875  -2.003e-04
  2933  +5.2305842208     10712  +5.2304687500  -1.155e-04
  2934  +5.2314758229     10714  +5.2314453125  -3.051e-05
  2935  +5.2323672732     10716  +5.2324218750  +5.460e-05
  2936  +5.2332585716     10718  +5.2333984375  +1.399e-04
  2937  +5.2341497183     10720  +5.2343750000  +2.253e-04
  2938  +5.2350407132     10721  +5.2348632812  -1.774e-04
  2939  +5.2359315565     10723  +5.2358398438  -9.171e-05
  2940  +5.2368222483     10725  +5.2368164062  -5.842e-06
  2941  +5.2377127886     10727  +5.2377929688  +8.018e-05
  2942  +5.2386031775     10729  +5.2387695312  +1.664e-04
  2943  +5.2394934151     10730  +5.2392578125  -2.356e-04
  2944  +5.2403835015     10732  +5.2402343750  -1.491e-04
  2945  +5.2412734367     10734  +5.2412109375  -6.250e-05
  2946  +5.2421632209     10736  +5.2421875000  +2.428e-05
  2947  +5.2430528540     10738  +5.2431640625  +1.112e-04
  2948  +5.2439423362     10740  +5.2441406250  +1.983e-04
  2949  +5.2448316676     10741  +5.2446289062  -2.028e-04
  2950  +5.2457208482     10743  +5.2456054688  -1.154e-04
  2951  +5.2466098780     10745  +5.2465820312  -2.785e-05
  2952  +5.2474987573     10747  +5.2475585938  +5.984e-05
  2953  +5.2483874861     10749  +5.2485351562  +1.477e-04
  2954  +5.2492760643     10751  +5.2495117188  +2.357e-04
  2955  +5.2501644922     10752  +5.2500000000  -1.645e-04
  2956  +5.2510527698     10754  +5.2509765625  -7.621e-05
  2957  +5.2519408971     10756  +5.2519531250  +1.223e-05
  2958  +5.2528288742     10758  +5.2529296875  +1.008e-04
  2959  +5.2537167013     10760  +5.2539062500  +1.895e-04
  2960  +5.2546043784     10761  +5.2543945312  -2.098e-04
  2961  +5.2554919055     10763  +5.2553710938  -1.208e-04
  2962  +5.2563792828     10765  +5.2563476562  -3.163e-05
  2963  +5.2572665103     10767  +5.2573242188  +5.771e-05
  2964  +5.2581535881     10769  +5.2583007812  +1.472e-04
  2965  +5.2590405163     10771  +5.2592773438  +2.368e-04
  2966  +5.2599272949     10772  +5.2597656250  -1.617e-04
  2967  +5.2608139240     10774  +5.2607421875  -7.174e-05
  2968  +5.2617004037     10776  +5.2617187500  +1.835e-05
  2969  +5.2625867341     10778  +5.2626953125  +1.086e-04
  2970  +5.2634729153     10780  +5.2636718750  +1.990e-04
  2971  +5.2643589473     10781  +5.2641601562  -1.988e-04
  2972  +5.2652448302     10783  +5.2651367188  -1.081e-04
  2973  +5.2661305640     10785  +5.2661132812  -1.728e-05
  2974  +5.2670161489     10787  +5.2670898438  +7.369e-05
  2975  +5.2679015849     10789  +5.2680664062  +1.648e-04
  2976  +5.2687868721     10790  +5.2685546875  -2.322e-04
  2977  +5.2696720106     10792  +5.2695312500  -1.408e-04
  2978  +5.2705570005     10794  +5.2705078125  -4.919e-05
  2979  +5.2714418418     10796  +5.2714843750  +4.253e-05
  2980  +5.2723265345     10798  +5.2724609375  +1.344e-04
  2981  +5.2732110789     10800  +5.2734375000  +2.264e-04
  2982  +5.2740954749     10801  +5.2739257812  -1.697e-04
  2983  +5.2749797226     10803  +5.2749023438  -7.738e-05
  2984  +5.2758638221     10805  +5.2758789062  +1.508e-05
  2985  +5.2767477735     10807  +5.2768554688  +1.077e-04
  2986  +5.2776315768     10809  +5.2778320312  +2.005e-04
  2987  +5.2785152322     10810  +5.2783203125  -1.949e-04
  2988  +5.2793987396     10812  +5.2792968750  -1.019e-04
  2989  +5.2802820993     10814  +5.2802734375  -8.662e-06
  2990  +5.2811653111     10816  +5.2812500000  +8.469e-05
  2991  +5.2820483753     10818  +5.2822265625  +1.782e-04
  2992  +5.2829312919     10819  +5.2827148438  -2.164e-04
  2993  +5.2838140609     10821  +5.2836914062  -1.227e-04
  2994  +5.2846966825     10823  +5.2846679688  -2.871e-05
  2995  +5.2855791567     10825  +5.2856445312  +6.537e-05
  2996  +5.2864614836     10827  +5.2866210938  +1.596e-04
  2997  +5.2873436632     10828  +5.2871093750  -2.343e-04
  2998  +5.2882256957     10830  +5.2880859375  -1.398e-04
  2999  +5.2891075811     10832  +5.2890625000  -4.508e-05
  3000  +5.2899893195     10834  +5.2900390625  +4.974e-05
  3001  +5.2908709109     10836  +5.2910156250  +1.447e-04
  3002  +5.2917523555     10838  +5.2919921875  +2.398e-04
  3003  +5.2926336532     10839  +5.2924804688  -1.532e-04
  3004  +5.2935148042     10841  +5.2934570312  -5.777e-05
  3005  +5.2943958086     10843  +5.2944335938  +3.779e-05
  3006  +5.2952766664     10845  +5.2954101562  +1.335e-04
  3007  +5.2961573777     10847  +5.2963867188  +2.293e-04
  3008  +5.2970379426     10848  +5.2968750000  -1.629e-04
  3009  +5.2979183611     10850  +5.2978515625  -6.680e-05
  3010  +5.2987986333     10852  +5.2988281250  +2.949e-05
  3011  +5.2996787594     10854  +5.2998046875  +1.259e-04
  3012  +5.3005587392     10856  +5.3007812500  +2.225e-04
  3013  +5.3014385730     10857  +5.3012695312  -1.690e-04
  3014  +5.3023182609     10859  +5.3022460938  -7.217e-05
  3015  +5.3031978028     10861  +5.3032226562  +2.485e-05
  3016  +5.3040771988     10863  +5.3041992188  +1.220e-04
  3017  +5.3049564491     10865  +5.3051757812  +2.193e-04
  3018  +5.3058355536     10866  +5.3056640625  -1.715e-04
  3019  +5.3067145126     10868  +5.3066406250  -7.389e-05
  3020  +5.3075933259     10870  +5.3076171875  +2.386e-05
  3021  +5.3084719938     10872  +5.3085937500  +1.218e-04
  3022  +5.3093505163     10874  +5.3095703125  +2.198e-04
  3023  +5.3102288934     10875  +5.3100585938  -1.703e-04
  3024  +5.3111071253     10877  +5.3110351562  -7.197e-05
  3025  +5.3119852119     10879  +5.3120117188  +2.651e-05
  3026  +5.3128631535     10881  +5.3129882812  +1.251e-04
  3027  +5.3137409499     10883  +5.3139648438  +2.239e-04
  3028  +5.3146186014     10884  +5.3144531250  -1.655e-04
  3029  +5.3154961080     10886  +5.3154296875  -6.642e-05
  3030  +5.3163734698     10888  +5.3164062500  +3.278e-05
  3031  +5.3172506868     10890  +5.3173828125  +1.321e-04
  3032  +5.3181277590     10892  +5.3183593750  +2.316e-04
  3033  +5.3190046867     10893  +5.3188476562  -1.570e-04
  3034  +5.3198814698     10895  +5.3198242188  -5.725e-05
  3035  +5.3207581084     10897  +5.3208007812  +4.267e-05
  3036  +5.3216346026     10899  +5.3217773438  +1.427e-04
  3037  +5.3225109525     10901  +5.3227539062  +2.430e-04
  3038  +5.3233871581     10902  +5.3232421875  -1.450e-04
  3039  +5.3242632196     10904  +5.3242187500  -4.447e-05
  3040  +5.3251391368     10906  +5.3251953125  +5.618e-05
  3041  +5.3260149101     10908  +5.3261718750  +1.570e-04
  3042  +5.3268905393     10909  +5.3266601562  -2.304e-04
  3043  +5.3277660247     10911  +5.3276367188  -1.293e-04
  3044  +5.3286413662     10913  +5.3286132812  -2.808e-05
  3045  +5.3295165639     10915  +5.3295898438  +7.328e-05
  3046  +5.3303916180     10917  +5.3305664062  +1.748e-04
  3047  +5.3312665284     10918  +5.3310546875  -2.118e-04
  3048  +5.3321412952     10920  +5.3320312500  -1.100e-04
  3049  +5.3330159186     10922  +5.3330078125  -8.106e-06
  3050  +5.3338903985     10924  +5.3339843750  +9.398e-05
  3051  +5.3347647351     10926  +5.3349609375  +1.962e-04
  3052  +5.3356389284     10927  +5.3354492188  -1.897e-04
  3053  +5.3365129786     10929  +5.3364257812  -8.720e-05
  3054  +5.3373868856     10931  +5.3374023438  +1.546e-05
  3055  +5.3382606495     10933  +5.3383789062  +1.183e-04
  3056  +5.3391342704     10935  +5.3393554688  +2.212e-04
  3057  +5.3400077484     10936  +5.3398437500  -1.640e-04
  3058  +5.3408810836     10938  +5.3408203125  -6.077e-05
  3059  +5.3417542759     10940  +5.3417968750  +4.260e-05
  3060  +5.3426273256     10942  +5.3427734375  +1.461e-04
  3061  +5.3435002326     10943  +5.3432617188  -2.385e-04
  3062  +5.3443729970     10945  +5.3442382812  -1.347e-04
  3063  +5.3452456190     10947  +5.3452148438  -3.078e-05
  3064  +5.3461180985     10949  +5.3461914062  +7.331e-05
  3065  +5.3469904356     10951  +5.3471679688  +1.775e-04
  3066  +5.3478626304     10952  +5.3476562500  -2.064e-04
  3067  +5.3487346831     10954  +5.3486328125  -1.019e-04
  3068  +5.3496065935     10956  +5.3496093750  +2.781e-06
  3069  +5.3504783619     10958  +5.3505859375  +1.076e-04
  3070  +5.3513499883     10960  +5.3515625000  +2.125e-04
  3071  +5.3522214727     10961  +5.3520507812  -1.707e-04
  3072  +5.3530928152     10963  +5.3530273438  -6.547e-05
  3073  +5.3539640159     10965  +5.3540039062  +3.989e-05
  3074  +5.3548350749     10967  +5.3549804688  +1.454e-04
  3075  +5.3557059922     10968  +5.3554687500  -2.372e-04
  3076  +5.3565767679     10970  +5.3564453125  -1.315e-04
  3077  +5.3574474021     10972  +5.3574218750  -2.553e-05
  3078  +5.3583178948     10974  +5.3583984375  +8.054e-05
  3079  +5.3591882462     10976  +5.3593750000  +1.868e-04
  3080  +5.3600584562     10977  +5.3598632812  -1.952e-04
  3081  +5.3609285249     10979  +5.3608398438  -8.868e-05
  3082  +5.3617984525     10981  +5.3618164062  +1.795e-05
  3083  +5.3626682389     10983  +5.3627929688  +1.247e-04
  3084  +5.3635378843     10985  +5.3637695312  +2.316e-04
  3085  +5.3644073887     10986  +5.3642578125  -1.496e-04
  3086  +5.3652767522     10988  +5.3652343750  -4.238e-05
  3087  +5.3661459748     10990  +5.3662109375  +6.496e-05
  3088  +5.3670150567     10992  +5.3671875000  +1.724e-04
  3089  +5.3678839979     10993  +5.3676757812  -2.082e-04
  3090  +5.3687527984     10995  +5.3686523438  -1.005e-04
  3091  +5.3696214583     10997  +5.3696289062  +7.448e-06
  3092  +5.3704899778     10999  +5.3706054688  +1.155e-04
  3093  +5.3713583568     11001  +5.3715820312  +2.237e-04
  3094  +5.3722265954     11002  +5.3720703125  -1.563e-04
  3095  +5.3730946938     11004  +5.3730468750  -4.782e-05
  3096  +5.3739626519     11006  +5.3740234375  +6.079e-05
  3097  +5.3748304699     11008  +5.3750000000  +1.695e-04
  3098  +5.3756981477     11009  +5.3754882812  -2.099e-04
  3099  +5.3765656856     11011  +5.3764648438  -1.008e-04
  3100  +5.3774330834     11013  +5.3774414062  +8.323e-06
  3101  +5.3783003414     11015  +5.3784179688  +1.176e-04
  3102  +5.3791674596     11017  +5.3793945312  +2.271e-04
  3103  +5.3800344380     11018  +5.3798828125  -1.516e-04
  3104  +5.3809012767     11020  +5.3808593750  -4.190e-05
  3105  +5.3817679758     11022  +5.3818359375  +6.796e-05
  3106  +5.3826345353     11024  +5.3828125000  +1.780e-04
  3107  +5.3835009554     11025  +5.3833007812  -2.002e-04
  3108  +5.3843672360     11027  +5.3842773438  -8.989e-05
  3109  +5.3852333773     11029  +5.3852539062  +2.053e-05
  3110  +5.3860993793     11031  +5.3862304688  +1.311e-04
  3111  +5.3869652421     11033  +5.3872070312  +2.418e-04
  3112  +5.3878309657     11034  +5.3876953125  -1.357e-04
  3113  +5.3886965502     11036  +5.3886718750  -2.468e-05
  3114  +5.3895619958     11038  +5.3896484375  +8.644e-05
  3115  +5.3904273023     11040  +5.3906250000  +1.977e-04
  3116  +5.3912924700     11041  +5.3911132812  -1.792e-04
  3117  +5.3921574989     11043  +5.3920898438  -6.766e-05
  3118  +5.3930223890     11045  +5.3930664062  +4.402e-05
  3119  +5.3938871405     11047  +5.3940429688  +1.558e-04
  3120  +5.3947517533     11048  +5.3945312500  -2.205e-04
  3121  +5.3956162276     11050  +5.3955078125  -1.084e-04
  3122  +5.3964805634     11052  +5.3964843750  +3.812e-06
  3123  +5.3973447608     11054  +5.3974609375  +1.162e-04
  3124  +5.3982088199     11056  +5.3984375000  +2.287e-04
  3125  +5.3990727406     11057  +5.3989257812  -1.470e-04
  3126  +5.3999365232     11059  +5.3999023438  -3.418e-05
  3127  +5.4008001675     11061  +5.4008789062  +7.874e-05
  3128  +5.4016636739     11063  +5.4018554688  +1.918e-04
  3129  +5.4025270421     11064  +5.4023437500  -1.833e-04
  3130  +5.4033902725     11066  +5.4033203125  -6.996e-05
  3131  +5.4042533649     11068  +5.4042968750  +4.351e-05
  3132  +5.4051163196     11070  +5.4052734375  +1.571e-04
  3133  +5.4059791365     11071  +5.4057617188  -2.174e-04
  3134  +5.4068418156     11073  +5.4067382812  -1.035e-04
  3135  +5.4077043572     11075  +5.4077148438  +1.049e-05
  3136  +5.4085667612     11077  +5.4086914062  +1.246e-04
  3137  +5.4094290278     11079  +5.4096679688  +2.389e-04
  3138  +5.4102911569     11080  +5.4101562500  -1.349e-04
  3139  +5.4111531486     11082  +5.4111328125  -2.034e-05
  3140  +5.4120150031     11084  +5.4121093750  +9.437e-05
  3141  +5.4128767203     11086  +5.4130859375  +2.092e-04
  3142  +5.4137383004     11087  +5.4135742188  -1.641e-04
  3143  +5.4145997433     11089  +5.4145507812  -4.896e-05
  3144  +5.4154610493     11091  +5.4155273438  +6.629e-05
  3145  +5.4163222182     11093  +5.4165039062  +1.817e-04
  3146  +5.4171832503     11094  +5.4169921875  -1.911e-04
  3147  +5.4180441455     11096  +5.4179687500  -7.540e-05
  3148  +5.4189049040     11098  +5.4189453125  +4.041e-05
  3149  +5.4197655258     11100  +5.4199218750  +1.563e-04
  3150  +5.4206260109     11101  +5.4204101562  -2.159e-04
  3151  +5.4214863595     11103  +5.4213867188  -9.964e-05
  3152  +5.4223465715     11105  +5.4223632812  +1.671e-05
  3153  +5.4232066471     11107  +5.4233398438  +1.332e-04
  3154  +5.4240665863     11108  +5.4238281250  -2.385e-04
  3155  +5.4249263892     11110  +5.4248046875  -1.217e-04
  3156  +5.4257860559     11112  +5.4257812500  -4.806e-06
  3157  +5.4266455863     11114  +5.4267578125  +1.122e-04
  3158  +5.4275049807     11116  +5.4277343750  +2.294e-04
  3159  +5.4283642390     11117  +5.4282226562  -1.416e-04
  3160  +5.4292233613     11119  +5.4291992188  -2.414e-05
  3161  +5.4300823477     11121  +5.4301757812  +9.343e-05
  3162  +5.4309411982     11123  +5.4311523438  +2.111e-04
  3163  +5.4317999129     11124  +5.4316406250  -1.593e-04
  3164  +5.4326584919     11126  +5.4326171875  -4.130e-05
  3165  +5.4335169352     11128  +5.4335937500  +7.681e-05
  3166  +5.4343752429     11130  +5.4345703125  +1.951e-04
  3167  +5.4352334151     11131  +5.4350585938  -1.748e-04
  3168  +5.4360914518     11133  +5.4360351562  -5.630e-05
  3169  +5.4369493531     11135  +5.4370117188  +6.237e-05
  3170  +5.4378071190     11137  +5.4379882812  +1.812e-04
  3171  +5.4386647497     11138  +5.4384765625  -1.882e-04
  3172  +5.4395222451     11140  +5.4394531250  -6.912e-05
  3173  +5.4403796054     11142  +5.4404296875  +5.008e-05
  3174  +5.4412368305     11144  +5.4414062500  +1.694e-04
  3175  +5.4420939207     11145  +5.4418945312  -1.994e-04
  3176  +5.4429508759     11147  +5.4428710938  -7.978e-05
  3177  +5.4438076962     11149  +5.4438476562  +3.996e-05
  3178  +5.4446643816     11151  +5.4448242188  +1.598e-04
  3179  +5.4455209323     11152  +5.4453125000  -2.084e-04
  3180  +5.4463773483     11154  +5.4462890625  -8.829e-05
  3181  +5.4472336296     11156  +5.4472656250  +3.200e-05
  3182  +5.4480897764     11158  +5.4482421875  +1.524e-04
  3183  +5.4489457886     11159  +5.4487304688  -2.153e-04
  3184  +5.4498016664     11161  +5.4497070312  -9.464e-05
  3185  +5.4506574097     11163  +5.4506835938  +2.618e-05
  3186  +5.4515130188     11165  +5.4516601562  +1.471e-04
  3187  +5.4523684936     11166  +5.4521484375  -2.201e-04
  3188  +5.4532238342     11168  +5.4531250000  -9.883e-05
  3189  +5.4540790406     11170  +5.4541015625  +2.252e-05
  3190  +5.4549341130     11172  +5.4550781250  +1.440e-04
  3191  +5.4557890513     11173  +5.4555664062  -2.226e-04
  3192  +5.4566438557     11175  +5.4565429688  -1.009e-04
  3193  +5.4574985262     11177  +5.4575195312  +2.101e-05
  3194  +5.4583530629     11179  +5.4584960938  +1.430e-04
  3195  +5.4592074658     11180  +5.4589843750  -2.231e-04
  3196  +5.4600617351     11182  +5.4599609375  -1.008e-04
  3197  +5.4609158707     11184  +5.4609375000  +2.163e-05
  3198  +5.4617698727     11186  +5.4619140625  +1.442e-04
  3199  +5.4626237412     11187  +5.4624023438  -2.214e-04
  3200  +5.4634774762     11189  +5.4633789062  -9.857e-05
  3201  +5.4643310779     11191  +5.4643554688  +2.439e-05
  3202  +5.4651845463     11193  +5.4653320312  +1.475e-04
  3203  +5.4660378814     11194  +5.4658203125  -2.176e-04
  3204  +5.4668910832     11196  +5.4667968750  -9.421e-05
  3205  +5.4677441520     11198  +5.4677734375  +2.929e-05
  3206  +5.4685970877     11200  +5.4687500000  +1.529e-04
  3207  +5.4694498904     11201  +5.4692382812  -2.116e-04
  3208  +5.4703025601     11203  +5.4702148438  -8.772e-05
  3209  +5.4711550969     11205  +5.4711914062  +3.631e-05
  3210  +5.4720075009     11207  +5.4721679688  +1.605e-04
  3211  +5.4728597722     11208  +5.4726562500  -2.035e-04
  3212  +5.4737119107     11210  +5.4736328125  -7.910e-05
  3213  +5.4745639166     11212  +5.4746093750  +4.546e-05
  3214  +5.4754157899     11214  +5.4755859375  +1.701e-04
  3215  +5.4762675308     11215  +5.4760742188  -1.933e-04
  3216  +5.4771191391     11217  +5.4770507812  -6.836e-05
  3217  +5.4779706151     11219  +5.4780273438  +5.673e-05
  3218  +5.4788219587     11221  +5.4790039062  +1.819e-04
  3219  +5.4796731701     11222  +5.4794921875  -1.810e-04
  3220  +5.4805242493     11224  +5.4804687500  -5.550e-05
  3221  +5.4813751963     11226  +5.4814453125  +7.012e-05
  3222  +5.4822260112     11228  +5.4824218750  +1.959e-04
  3223  +5.4830766941     11229  +5.4829101562  -1.665e-04
  3224  +5.4839272451     11231  +5.4838867188  -4.053e-05
  3225  +5.4847776641     11233  +5.4848632812  +8.562e-05
  3226  +5.4856279514     11235  +5.4858398438  +2.119e-04
  3227  +5.4864781068     11236  +5.4863281250  -1.500e-04
  3228  +5.4873281305     11238  +5.4873046875  -2.344e-05
  3229  +5.4881780226     11240  +5.4882812500  +1.032e-04
  3230  +5.4890277831     11242  +5.4892578125  +2.300e-04
  3231  +5.4898774120     11243  +5.4897460938  -1.313e-04
  3232  +5.4907269095     11245  +5.4907226562  -4.253e-06
  3233  +5.4915762756     11247  +5.4916992188  +1.229e-04
  3234  +5.4924255103     11248  +5.4921875000  -2.380e-04
  3235  +5.4932746137     11250  +5.4931640625  -1.106e-04
  3236  +5.4941235859     11252  +5.4941406250  +1.704e-05
  3237  +5.4949724270     11254  +5.4951171875  +1.448e-04
  3238  +5.4958211369     11255  +5.4956054688  -2.157e-04
  3239  +5.4966697158     11257  +5.4965820312  -8.768e-05
  3240  +5.4975181637     11259  +5.4975585938  +4.043e-05
  3241  +5.4983664807     11261  +5.4985351562  +1.687e-04
  3242  +5.4992146668     11262  +5.4990234375  -1.912e-04
  3243  +5.5000627221     11264  +5.5000000000  -6.272e-05
  3244  +5.5009106467     11266  +5.5009765625  +6.592e-05
  3245  +5.5017584406     11268  +5.5019531250  +1.947e-04
  3246  +5.5026061038     11269  +5.5024414062  -1.647e-04
  3247  +5.5034536366     11271  +5.5034179688  -3.567e-05
  3248  +5.5043010388     11273  +5.5043945312  +9.349e-05
  3249  +5.5051483105     11275  +5.5053710938  +2.228e-04
  3250  +5.5059954519     11276  +5.5058593750  -1.361e-04
  3251  +5.5068424630     11278  +5.5068359375  -6.526e-06
  3252  +5.5076893438     11280  +5.5078125000  +1.232e-04
  3253  +5.5085360944     11281  +5.5083007812  -2.353e-04
  3254  +5.5093827149     11283  +5.5092773438  -1.054e-04
  3255  +5.5102292053     11285  +5.5102539062  +2.470e-05
  3256  +5.5110755657     11287  +5.5112304688  +1.549e-04
  3257  +5.5119217961     11288  +5.5117187500  -2.030e-04
  3258  +5.5127678966     11290  +5.5126953125  -7.258e-05
  3259  +5.5136138673     11292  +5.5136718750  +5.801e-05
  3260  +5.5144597082     11294  +5.5146484375  +1.887e-04
  3261  +5.5153054194     11295  +5.5151367188  -1.687e-04
  3262  +5.5161510009     11297  +5.5161132812  -3.772e-05
  3263  +5.5169964528     11299  +5.5170898438  +9.339e-05
  3264  +5.5178417752     11301  +5.5180664062  +2.246e-04
  3265  +5.5186869681     11302  +5.5185546875  -1.323e-04
  3266  +5.5195320316     11304  +5.5195312500  -7.816e-07
  3267  +5.5203769657     11306  +5.5205078125  +1.308e-04
  3268  +5.5212217705     11307  +5.5209960938  -2.257e-04
  3269  +5.5220664460     11309  +5.5219726562  -9.379e-05
  3270  +5.5229109924     11311  +5.5229492188  +3.823e-05
  3271  +5.5237554097     11313  +5.5239257812  +1.704e-04
  3272  +5.5245996978     11314  +5.5244140625  -1.856e-04
  3273  +5.5254438570     11316  +5.5253906250  -5.323e-05
  3274  +5.5262878873     11318  +5.5263671875  +7.930e-05
  3275  +5.5271317886     11320  +5.5273437500  +2.120e-04
  3276  +5.5279755611     11321  +5.5278320312  -1.435e-04
  3277  +5.5288192048     11323  +5.5288085938  -1.061e-05
  3278  +5.5296627199     11325  +5.5297851562  +1.224e-04
  3279  +5.5305061062     11326  +5.5302734375  -2.327e-04
  3280  +5.5313493640     11328  +5.5312500000  -9.936e-05
  3281  +5.5321924933     11330  +5.5322265625  +3.407e-05
  3282  +5.5330354940     11332  +5.5332031250  +1.676e-04
  3283  +5.5338783664     11333  +5.5336914062  -1.870e-04
  3284  +5.5347211104     11335  +5.5346679688  -5.314e-05
  3285  +5.5355637260     11337  +5.5356445312  +8.081e-05
  3286  +5.5364062135     11339  +5.5366210938  +2.149e-04
  3287  +5.5372485728     11340  +5.5371093750  -1.392e-04
  3288  +5.5380908039     11342  +5.5380859375  -4.866e-06
  3289  +5.5389329070     11344  +5.5390625000  +1.296e-04
  3290  +5.5397748820     11345  +5.5395507812  -2.241e-04
  3291  +5.5406167291     11347  +5.5405273438  -8.939e-05
  3292  +5.5414584483     11349  +5.5415039062  +4.546e-05
  3293  +5.5423000397     11351  +5.5424804688  +1.804e-04
  3294  +5.5431415033     11352  +5.5429687500  -1.728e-04
  3295  +5.5439828392     11354  +5.5439453125  -3.753e-05
  3296  +5.5448240475     11356  +5.5449218750  +9.783e-05
  3297  +5.5456651281     11358  +5.5458984375  +2.333e-04
  3298  +5.5465060812     11359  +5.5463867188  -1.194e-04
  3299  +5.5473469068     11361  +5.5473632812  +1.637e-05
  3300  +5.5481876050     11363  +5.5483398438  +1.522e-04
  3301  +5.5490281758     11364  +5.5488281250  -2.001e-04
  3302  +5.5498686193     11366  +5.5498046875  -6.393e-05
  3303  +5.5507089355     11368  +5.5507812500  +7.231e-05
  3304  +5.5515491246     11370  +5.5517578125  +2.087e-04
  3305  +5.5523891865     11371  +5.5522460938  -1.431e-04
  3306  +5.5532291213     11373  +5.5532226562  -6.465e-06
  3307  +5.5540689292     11375  +5.5541992188  +1.303e-04
  3308  +5.5549086100     11376  +5.5546875000  -2.211e-04
  3309  +5.5557481639     11378  +5.5556640625  -8.410e-05
  3310  +5.5565875910     11380  +5.5566406250  +5.303e-05
  3311  +5.5574268913     11382  +5.5576171875  +1.903e-04
  3312  +5.5582660649     11383  +5.5581054688  -1.606e-04
  3313  +5.5591051118     11385  +5.5590820312  -2.308e-05
  3314  +5.5599440320     11387  +5.5600585938  +1.146e-04
  3315  +5.5607828257     11388  +5.5605468750  -2.360e-04
  3316  +5.5616214929     11390  +5.5615234375  -9.806e-05
  3317  +5.5624600337     11392  +5.5625000000  +3.997e-05
  3318  +5.5632984481     11394  +5.5634765625  +1.781e-04
  3319  +5.5641367361     11395  +5.5639648438  -1.719e-04
  3320  +5.5649748978     11397  +5.5649414062  -3.349e-05
  3321  +5.5658129334     11399  +5.5659179688  +1.050e-04
  3322  +5.5666508427     11401  +5.5668945312  +2.437e-04
  3323  +5.5674886260     11402  +5.5673828125  -1.058e-04
  3324  +5.5683262832     11404  +5.5683593750  +3.309e-05
  3325  +5.5691638144     11406  +5.5693359375  +1.721e-04
  3326  +5.5700012197     11407  +5.5698242188  -1.770e-04
  3327  +5.5708384991     11409  +5.5708007812  -3.772e-05
  3328  +5.5716756527     11411  +5.5717773438  +1.017e-04
  3329  +5.5725126805     11413  +5.5727539062  +2.412e-04
  3330  +5.5733495826     11414  +5.5732421875  -1.074e-04
  3331  +5.5741863591     11416  +5.5742187500  +3.239e-05
  3332  +5.5750230099     11418  +5.5751953125  +1.723e-04
  3333  +5.5758595353     11419  +5.5756835938  -1.759e-04
  3334  +5.5766959351     11421  +5.5766601562  -3.578e-05
  3335  +5.5775322095     11423  +5.5776367188  +1.045e-04
  3336  +5.5783683586     11424  +5.5781250000  -2.434e-04
  3337  +5.5792043823     11426  +5.5791015625  -1.028e-04
  3338  +5.5800402808     11428  +5.5800781250  +3.784e-05
  3339  +5.5808760541     11430  +5.5810546875  +1.786e-04
  3340  +5.5817117022     11431  +5.5815429688  -1.687e-04
  3341  +5.5825472253     11433  +5.5825195312  -2.769e-05
  3342  +5.5833826233     11435  +5.5834960938  +1.135e-04
  3343  +5.5842178963     11436  +5.5839843750  -2.335e-04
  3344  +5.5850530445     11438  +5.5849609375  -9.211e-05
  3345  +5.5858880677     11440  +5.5859375000  +4.943e-05
  3346  +5.5867229662     11442  +5.5869140625  +1.911e-04
  3347  +5.5875577399     11443  +5.5874023438  -1.554e-04
  3348  +5.5883923889     11445  +5.5883789062  -1.348e-05
  3349  +5.5892269132     11447  +5.5893554688  +1.286e-04
  3350  +5.5900613130     11448  +5.5898437500  -2.176e-04
  3351  +5.5908955883     11450  +5.5908203125  -7.528e-05
  3352  +5.5917297391     11452  +5.5917968750  +6.714e-05
  3353  +5.5925637654     11454  +5.5927734375  +2.097e-04
  3354  +5.5933976674     11455  +5.5932617188  -1.359e-04
  3355  +5.5942314451     11457  +5.5942382812  +6.836e-06
  3356  +5.5950650986     11459  +5.5952148438  +1.497e-04
  3357  +5.5958986278     11460  +5.5957031250  -1.955e-04
  3358  +5.5967320330     11462  +5.5966796875  -5.235e-05
  3359  +5.5975653140     11464  +5.5976562500  +9.094e-05
  3360  +5.5983984710     11466  +5.5986328125  +2.343e-04
  3361  +5.5992315040     11467  +5.5991210938  -1.104e-04
  3362  +5.6000644132     11469  +5.6000976562  +3.324e-05
  3363  +5.6008971984     11471  +5.6010742188  +1.770e-04
  3364  +5.6017298599     11472  +5.6015625000  -1.674e-04
  3365  +5.6025623976     11474  +5.6025390625  -2.334e-05
  3366  +5.6033948116     11476  +5.6035156250  +1.208e-04
  3367  +5.6042271019     11477  +5.6040039062  -2.232e-04
  3368  +5.6050592687     11479  +5.6049804688  -7.880e-05
  3369  +5.6058913119     11481  +5.6059570312  +6.572e-05
  3370  +5.6067232317     11483  +5.6069335938  +2.104e-04
  3371  +5.6075550280     11484  +5.6074218750  -1.332e-04
  3372  +5.6083867010     11486  +5.6083984375  +1.174e-05
  3373  +5.6092182507     11488  +5.6093750000  +1.567e-04
  3374  +5.6100496771     11489  +5.6098632812  -1.864e-04
  3375  +5.6108809803     11491  +5.6108398438  -4.114e-05
  3376  +5.6117121604     11493  +5.6118164062  +1.042e-04
  3377  +5.6125432173     11494  +5.6123046875  -2.385e-04
  3378  +5.6133741513     11496  +5.6132812500  -9.290e-05
  3379  +5.6142049622     11498  +5.6142578125  +5.285e-05
  3380  +5.6150356502     11500  +5.6152343750  +1.987e-04
  3381  +5.6158662154     11501  +5.6157226562  -1.436e-04
  3382  +5.6166966577     11503  +5.6166992188  +2.561e-06
  3383  +5.6175269773     11505  +5.6176757812  +1.488e-04
  3384  +5.6183571741     11506  +5.6181640625  -1.931e-04
  3385  +5.6191872483     11508  +5.6191406250  -4.662e-05
  3386  +5.6200171999     11510  +5.6201171875  +9.999e-05
  3387  +5.6208470290     11511  +5.6206054688  -2.416e-04
  3388  +5.6216767355     11513  +5.6215820312  -9.470e-05
  3389  +5.6225063196     11515  +5.6225585938  +5.227e-05
  3390  +5.6233357814     11517  +5.6235351562  +1.994e-04
  3391  +5.6241651208     11518  +5.6240234375  -1.417e-04
  3392  +5.6249943379     11520  +5.6250000000  +5.662e-06
  3393  +5.6258234328     11522  +5.6259765625  +1.531e-04
  3394  +5.6266524055     11523  +5.6264648438  -1.876e-04
  3395  +5.6274812562     11525  +5.6274414062  -3.985e-05
  3396  +5.6283099847     11527  +5.6284179688  +1.080e-04
  3397  +5.6291385913     11528  +5.6289062500  -2.323e-04
  3398  +5.6299670759     11530  +5.6298828125  -8.426e-05
  3399  +5.6307954386     11532  +5.6308593750  +6.394e-05
  3400  +5.6316236794     11534  +5.6318359375  +2.123e-04
  3401  +5.6324517985     11535  +5.6323242188  -1.276e-04
  3402  +5.6332797958     11537  +5.6333007812  +2.099e-05
  3403  +5.6341076715     11539  +5.6342773438  +1.697e-04
  3404  +5.6349354255     11540  +5.6347656250  -1.698e-04
  3405  +5.6357630579     11542  +5.6357421875  -2.087e-05
  3406  +5.6365905688     11544  +5.6367187500  +1.282e-04
  3407  +5.6374179583     11545  +5.6372070312  -2.109e-04
  3408  +5.6382452263     11547  +5.6381835938  -6.163e-05
  3409  +5.6390723730     11549  +5.6391601562  +8.778e-05
  3410  +5.6398993983     11551  +5.6401367188  +2.373e-04
  3411  +5.6407263024     11552  +5.6406250000  -1.013e-04
  3412  +5.6415530853     11554  +5.6416015625  +4.848e-05
  3413  +5.6423797471     11556  +5.6425781250  +1.984e-04
  3414  +5.6432062878     11557  +5.6430664062  -1.399e-04
  3415  +5.6440327074     11559  +5.6440429688  +1.026e-05
  3416  +5.6448590060     11561  +5.6450195312  +1.605e-04
  3417  +5.6456851837     11562  +5.6455078125  -1.774e-04
  3418  +5.6465112405     11564  +5.6464843750  -2.687e-05
  3419  +5.6473371764     11566  +5.6474609375  +1.238e-04
  3420  +5.6481629916     11567  +5.6479492188  -2.138e-04
  3421  +5.6489886861     11569  +5.6489257812  -6.290e-05
  3422  +5.6498142599     11571  +5.6499023438  +8.808e-05
  3423  +5.6506397131     11573  +5.6508789062  +2.392e-04
  3424  +5.6514650457     11574  +5.6513671875  -9.786e-05
  3425  +5.6522902578     11576  +5.6523437500  +5.349e-05
  3426  +5.6531153494     11578  +5.6533203125  +2.050e-04
  3427  +5.6539403207     11579  +5.6538085938  -1.317e-04
  3428  +5.6547651716     11581  +5.6547851562  +1.998e-05
  3429  +5.6555899021     11583  +5.6557617188  +1.718e-04
  3430  +5.6564145125     11584  +5.6562500000  -1.645e-04
  3431  +5.6572390026     11586  +5.6572265625  -1.244e-05
  3432  +5.6580633726     11588  +5.6582031250  +1.398e-04
  3433  +5.6588876225     11589  +5.6586914062  -1.962e-04
  3434  +5.6597117523     11591  +5.6596679688  -4.378e-05
  3435  +5.6605357622     11593  +5.6606445312  +1.088e-04
  3436  +5.6613596521     11594  +5.6611328125  -2.268e-04
  3437  +5.6621834222     11596  +5.6621093750  -7.405e-05
  3438  +5.6630070724     11598  +5.6630859375  +7.887e-05
  3439  +5.6638306029     11600  +5.6640625000  +2.319e-04
  3440  +5.6646540136     11601  +5.6645507812  -1.032e-04
  3441  +5.6654773046     11603  +5.6655273438  +5.004e-05
  3442  +5.6663004760     11605  +5.6665039062  +2.034e-04
  3443  +5.6671235279     11606  +5.6669921875  -1.313e-04
  3444  +5.6679464602     11608  +5.6679687500  +2.229e-05
  3445  +5.6687692731     11610  +5.6689453125  +1.760e-04
  3446  +5.6695919666     11611  +5.6694335938  -1.584e-04
  3447  +5.6704145407     11613  +5.6704101562  -4.384e-06
  3448  +5.6712369955     11615  +5.6713867188  +1.497e-04
  3449  +5.6720593310     11616  +5.6718750000  -1.843e-04
  3450  +5.6728815473     11618  +5.6728515625  -2.998e-05
  3451  +5.6737036445     11620  +5.6738281250  +1.245e-04
  3452  +5.6745256226     11621  +5.6743164062  -2.092e-04
  3453  +5.6753474816     11623  +5.6752929688  -5.451e-05
  3454  +5.6761692216     11625  +5.6762695312  +1.003e-04
  3455  +5.6769908427     11626  +5.6767578125  -2.330e-04
  3456  +5.6778123449     11628  +5.6777343750  -7.797e-05
  3457  +5.6786337283     11630  +5.6787109375  +7.721e-05
  3458  +5.6794549928     11632  +5.6796875000  +2.325e-04
  3459  +5.6802761386     11633  +5.6801757812  -1.004e-04
  3460  +5.6810971658     11635  +5.6811523438  +5.518e-05
  3461  +5.6819180742     11637  +5.6821289062  +2.108e-04
  3462  +5.6827388641     11638  +5.6826171875  -1.217e-04
  3463  +5.6835595355     11640  +5.6835937500  +3.421e-05
  3464  +5.6843800884     11642  +5.6845703125  +1.902e-04
  3465  +5.6852005229     11643  +5.6850585938  -1.419e-04
  3466  +5.6860208389     11645  +5.6860351562  +1.432e-05
  3467  +5.6868410367     11647  +5.6870117188  +1.707e-04
  3468  +5.6876611161     11648  +5.6875000000  -1.611e-04
  3469  +5.6884810774     11650  +5.6884765625  -4.515e-06
  3470  +5.6893009205     11652  +5.6894531250  +1.522e-04
  3471  +5.6901206454     11653  +5.6899414062  -1.792e-04
  3472  +5.6909402523     11655  +5.6909179688  -2.228e-05
  3473  +5.6917597411     11657  +5.6918945312  +1.348e-04
  3474  +5.6925791120     11658  +5.6923828125  -1.963e-04
  3475  +5.6933983649     11660  +5.6933593750  -3.899e-05
  3476  +5.6942175000     11662  +5.6943359375  +1.184e-04
  3477  +5.6950365173     11663  +5.6948242188  -2.123e-04
  3478  +5.6958554168     11665  +5.6958007812  -5.464e-05
  3479  +5.6966741986     11667  +5.6967773438  +1.031e-04
  3480  +5.6974928627     11668  +5.6972656250  -2.272e-04
  3481  +5.6983114092     11670  +5.6982421875  -6.922e-05
  3482  +5.6991298381     11672  +5.6992187500  +8.891e-05
  3483  +5.6999481495     11673  +5.6997070312  -2.411e-04
  3484  +5.7007663435     11675  +5.7006835938  -8.275e-05
  3485  +5.7015844200     11677  +5.7016601562  +7.574e-05
  3486  +5.7024023792     11679  +5.7026367188  +2.343e-04
  3487  +5.7032202210     11680  +5.7031250000  -9.522e-05
  3488  +5.7040379457     11682  +5.7041015625  +6.362e-05
  3489  +5.7048555530     11684  +5.7050781250  +2.226e-04
  3490  +5.7056730433     11685  +5.7055664062  -1.066e-04
  3491  +5.7064904164     11687  +5.7065429688  +5.255e-05
  3492  +5.7073076725     11689  +5.7075195312  +2.119e-04
  3493  +5.7081248115     11690  +5.7080078125  -1.170e-04
  3494  +5.7089418336     11692  +5.7089843750  +4.254e-05
  3495  +5.7097587388     11694  +5.7099609375  +2.022e-04
  3496  +5.7105755271     11695  +5.7104492188  -1.263e-04
  3497  +5.7113921986     11697  +5.7114257812  +3.358e-05
  3498  +5.7122087534     11699  +5.7124023438  +1.936e-04
  3499  +5.7130251914     11700  +5.7128906250  -1.346e-04
  3500  +5.7138415128     11702  +5.7138671875  +2.567e-05
  3501  +5.7146577176     11704  +5.7148437500  +1.860e-04
  3502  +5.7154738058     11705  +5.7153320312  -1.418e-04
  3503  +5.7162897775     11707  +5.7163085938  +1.882e-05
  3504  +5.7171056328     11709  +5.7172851562  +1.795e-04
  3505  +5.7179213716     11710  +5.7177734375  -1.479e-04
  3506  +5.7187369941     11712  +5.7187500000  +1.301e-05
  3507  +5.7195525003     11714  +5.7197265625  +1.741e-04
  3508  +5.7203678902     11715  +5.7202148438  -1.530e-04
  3509  +5.7211831639     11717  +5.7211914062  +8.242e-06
  3510  +5.7219983214     11719  +5.7221679688  +1.696e-04
  3511  +5.7228133628     11720  +5.7226562500  -1.571e-04
  3512  +5.7236282882     11722  +5.7236328125  +4.524e-06
  3513  +5.7244430976     11724  +5.7246093750  +1.663e-04
  3514  +5.7252577909     11725  +5.7250976562  -1.601e-04
  3515  +5.7260723684     11727  +5.7260742188  +1.850e-06
  3516  +5.7268868300     11729  +5.7270507812  +1.640e-04
  3517  +5.7277011758     11730  +5.7275390625  -1.621e-04
  3518  +5.7285154059     11732  +5.7285156250  +2.191e-07
  3519  +5.7293295202     11734  +5.7294921875  +1.627e-04
  3520  +5.7301435189     11735  +5.7299804688  -1.631e-04
  3521  +5.7309574019     11737  +5.7309570312  -3.707e-07
  3522  +5.7317711694     11739  +5.7319335938  +1.624e-04
  3523  +5.7325848213     11740  +5.7324218750  -1.629e-04
  3524  +5.7333983578     11742  +5.7333984375  +7.968e-08
  3525  +5.7342117789     11744  +5.7343750000  +1.632e-04
  3526  +5.7350250846     11745  +5.7348632812  -1.618e-04
  3527  +5.7358382750     11747  +5.7358398438  +1.569e-06
  3528  +5.7366513501     11749  +5.7368164062  +1.651e-04
  3529  +5.7374643099     11750  +5.7373046875  -1.596e-04
  3530  +5.7382771546     11752  +5.7382812500  +4.095e-06
  3531  +5.7390898842     11754  +5.7392578125  +1.679e-04
  3532  +5.7399024987     11755  +5.7397460938  -1.564e-04
  3533  +5.7407149982     11757  +5.7407226562  +7.658e-06
  3534  +5.7415273827     11759  +5.7416992188  +1.718e-04
  3535  +5.7423396522     11760  +5.7421875000  -1.522e-04
  3536  +5.7431518069     11762  +5.7431640625  +1.226e-05
  3537  +5.7439638468     11764  +5.7441406250  +1.768e-04
  3538  +5.7447757718     11765  +5.7446289062  -1.469e-04
  3539  +5.7455875822     11767  +5.7456054688  +1.789e-05
  3540  +5.7463992778     11769  +5.7465820312  +1.828e-04
  3541  +5.7472108588     11770  +5.7470703125  -1.405e-04
  3542  +5.7480223252     11772  +5.7480468750  +2.455e-05
  3543  +5.7488336771     11774  +5.7490234375  +1.898e-04
  3544  +5.7496449145     11775  +5.7495117188  -1.332e-04
  3545  +5.7504560374     11777  +5.7504882812  +3.224e-05
  3546  +5.7512670460     11779  +5.7514648438  +1.978e-04
  3547  +5.7520779402     11780  +5.7519531250  -1.248e-04
  3548  +5.7528887201     11782  +5.7529296875  +4.097e-05
  3549  +5.7536993857     11784  +5.7539062500  +2.069e-04
  3550  +5.7545099372     11785  +5.7543945312  -1.154e-04
  3551  +5.7553203744     11787  +5.7553710938  +5.072e-05
  3552  +5.7561306976     11789  +5.7563476562  +2.170e-04
  3553  +5.7569409067     11790  +5.7568359375  -1.050e-04
  3554  +5.7577510019     11792  +5.7578125000  +6.150e-05
  3555  +5.7585609830     11794  +5.7587890625  +2.281e-04
  3556  +5.7593708503     11795  +5.7592773438  -9.351e-05
  3557  +5.7601806036     11797  +5.7602539062  +7.330e-05
  3558  +5.7609902432     11799  +5.7612304688  +2.402e-04
  3559  +5.7617997690     11800  +5.7617187500  -8.102e-05
  3560  +5.7626091810     11802  +5.7626953125  +8.613e-05
  3561  +5.7634184794     11803  +5.7631835938  -2.349e-04
  3562  +5.7642276642     11805  +5.7641601562  -6.751e-05
  3563  +5.7650367354     11807  +5.7651367188  +9.998e-05
  3564  +5.7658456931     11808  +5.7656250000  -2.207e-04
  3565  +5.7666545372     11810  +5.7666015625  -5.297e-05
  3566  +5.7674632680     11812  +5.7675781250  +1.149e-04
  3567  +5.7682718853     11813  +5.7680664062  -2.055e-04
  3568  +5.7690803894     11815  +5.7690429688  -3.742e-05
  3569  +5.7698887801     11817  +5.7700195312  +1.308e-04
  3570  +5.7706970576     11818  +5.7705078125  -1.892e-04
  3571  +5.7715052218     11820  +5.7714843750  -2.085e-05
  3572  +5.7723132730     11822  +5.7724609375  +1.477e-04
  3573  +5.7731212110     11823  +5.7729492188  -1.720e-04
  3574  +5.7739290360     11825  +5.7739257812  -3.255e-06
  3575  +5.7747367480     11827  +5.7749023438  +1.656e-04
  3576  +5.7755443470     11828  +5.7753906250  -1.537e-04
  3577  +5.7763518331     11830  +5.7763671875  +1.535e-05
  3578  +5.7771592063     11832  +5.7773437500  +1.845e-04
  3579  +5.7779664668     11833  +5.7778320312  -1.344e-04
  3580  +5.7787736144     11835  +5.7788085938  +3.498e-05
  3581  +5.7795806494     11837  +5.7797851562  +2.045e-04
  3582  +5.7803875716     11838  +5.7802734375  -1.141e-04
  3583  +5.7811943812     11840  +5.7812500000  +5.562e-05
  3584  +5.7820010783     11842  +5.7822265625  +2.255e-04
  3585  +5.7828076628     11843  +5.7827148438  -9.282e-05
  3586  +5.7836141348     11845  +5.7836914062  +7.727e-05
  3587  +5.7844204944     11846  +5.7841796875  -2.408e-04
  3588  +5.7852267416     11848  +5.7851562500  -7.049e-05
  3589  +5.7860328765     11850  +5.7861328125  +9.994e-05
  3590  +5.7868388990     11851  +5.7866210938  -2.178e-04
  3591  +5.7876448093     11853  +5.7875976562  -4.715e-05
  3592  +5.7884506074     11855  +5.7885742188  +1.236e-04
  3593  +5.7892562934     11856  +5.7890625000  -1.938e-04
  3594  +5.7900618672     11858  +5.7900390625  -2.280e-05
  3595  +5.7908673290     11860  +5.7910156250  +1.483e-04
  3596  +5.7916726787     11861  +5.7915039062  -1.688e-04
  3597  +5.7924779165     11863  +5.7924804688  +2.552e-06
  3598  +5.7932830424     11865  +5.7934570312  +1.740e-04
  3599  +5.7940880563     11866  +5.7939453125  -1.427e-04
  3600  +5.7948929585     11868  +5.7949218750  +2.892e-05
  3601  +5.7956977488     11870  +5.7958984375  +2.007e-04
  3602  +5.7965024275     11871  +5.7963867188  -1.157e-04
  3603  +5.7973069944     11873  +5.7973632812  +5.629e-05
  3604  +5.7981114497     11875  +5.7983398438  +2.284e-04
  3605  +5.7989157934     11876  +5.7988281250  -8.767e-05
  3606  +5.7997200255     11878  +5.7998046875  +8.466e-05
  3607  +5.8005241461     11879  +5.8002929688  -2.312e-04
  3608  +5.8013281553     11881  +5.8012695312  -5.862e-05
  3609  +5.8021320531     11883  +5.8022460938  +1.140e-04
  3610  +5.8029358395     11884  +5.8027343750  -2.015e-04
  3611  +5.8037395145     11886  +5.8037109375  -2.858e-05
  3612  +5.8045430783     11888  +5.8046875000  +1.444e-04
  3613  +5.8053465309     11889  +5.8051757812  -1.707e-04
  3614  +5.8061498723     11891  +5.8061523438  +2.471e-06
  3615  +5.8069531025     11893  +5.8071289062  +1.758e-04
  3616  +5.8077562217     11894  +5.8076171875  -1.390e-04
  3617  +5.8085592298     11896  +5.8085937500  +3.452e-05
  3618  +5.8093621270     11898  +5.8095703125  +2.082e-04
  3619  +5.8101649131     11899  +5.8100585938  -1.063e-04
  3620  +5.8109675884     11901  +5.8110351562  +6.757e-05
  3621  +5.8117701528     11903  +5.8120117188  +2.416e-04
  3622  +5.8125726064     11904  +5.8125000000  -7.261e-05
  3623  +5.8133749492     11906  +5.8134765625  +1.016e-04
  3624  +5.8141771813     11907  +5.8139648438  -2.123e-04
  3625  +5.8149793028     11909  +5.8149414062  -3.790e-05
  3626  +5.8157813136     11911  +5.8159179688  +1.367e-04
  3627  +5.8165832138     11912  +5.8164062500  -1.770e-04
  3628  +5.8173850035     11914  +5.8173828125  -2.191e-06
  3629  +5.8181866827     11916  +5.8183593750  +1.727e-04
  3630  +5.8189882514     11917  +5.8188476562  -1.406e-04
  3631  +5.8197897098     11919  +5.8198242188  +3.451e-05
  3632  +5.8205910577     11921  +5.8208007812  +2.097e-04
  3633  +5.8213922954     11922  +5.8212890625  -1.032e-04
  3634  +5.8221934228     11924  +5.8222656250  +7.220e-05
  3635  +5.8229944400     11925  +5.8227539062  -2.405e-04
  3636  +5.8237953470     11927  +5.8237304688  -6.488e-05
  3637  +5.8245961439     11929  +5.8247070312  +1.109e-04
  3638  +5.8253968307     11930  +5.8251953125  -2.015e-04
  3639  +5.8261974075     11932  +5.8261718750  -2.553e-05
  3640  +5.8269978743     11934  +5.8271484375  +1.506e-04
  3641  +5.8277982311     11935  +5.8276367188  -1.615e-04
  3642  +5.8285984780     11937  +5.8286132812  +1.480e-05
  3643  +5.8293986151     11939  +5.8295898438  +1.912e-04
  3644  +5.8301986424     11940  +5.8300781250  -1.205e-04
  3645  +5.8309985599     11942  +5.8310546875  +5.613e-05
  3646  +5.8317983676     11944  +5.8320312500  +2.329e-04
  3647  +5.8325980657     11945  +5.8325195312  -7.853e-05
  3648  +5.8333976542     11947  +5.8334960938  +9.844e-05
  3649  +5.8341971331     11948  +5.8339843750  -2.128e-04
  3650  +5.8349965024     11950  +5.8349609375  -3.556e-05
  3651  +5.8357957623     11952  +5.8359375000  +1.417e-04
  3652  +5.8365949127     11953  +5.8364257812  -1.691e-04
  3653  +5.8373939537     11955  +5.8374023438  +8.390e-06
  3654  +5.8381928853     11957  +5.8383789062  +1.860e-04
  3655  +5.8389917076     11958  +5.8388671875  -1.245e-04
  3656  +5.8397904207     11960  +5.8398437500  +5.333e-05
  3657  +5.8405890245     11962  +5.8408203125  +2.313e-04
  3658  +5.8413875191     11963  +5.8413085938  -7.893e-05
  3659  +5.8421859046     11965  +5.8422851562  +9.925e-05
  3660  +5.8429841811     11966  +5.8427734375  -2.107e-04
  3661  +5.8437823484     11968  +5.8437500000  -3.235e-05
  3662  +5.8445804068     11970  +5.8447265625  +1.462e-04
  3663  +5.8453783562     11971  +5.8452148438  -1.635e-04
  3664  +5.8461761967     11973  +5.8461914062  +1.521e-05
  3665  +5.8469739283     11975  +5.8471679688  +1.940e-04
  3666  +5.8477715511     11976  +5.8476562500  -1.153e-04
  3667  +5.8485690651     11978  +5.8486328125  +6.375e-05
  3668  +5.8493664704     11980  +5.8496093750  +2.429e-04
  3669  +5.8501637670     11981  +5.8500976562  -6.611e-05
  3670  +5.8509609550     11983  +5.8510742188  +1.133e-04
  3671  +5.8517580343     11984  +5.8515625000  -1.955e-04
  3672  +5.8525550051     11986  +5.8525390625  -1.594e-05
  3673  +5.8533518674     11988  +5.8535156250  +1.638e-04
  3674  +5.8541486212     11989  +5.8540039062  -1.447e-04
  3675  +5.8549452666     11991  +5.8549804688  +3.520e-05
  3676  +5.8557418036     11993  +5.8559570312  +2.152e-04
  3677  +5.8565382323     11994  +5.8564453125  -9.292e-05
  3678  +5.8573345527     11996  +5.8574218750  +8.732e-05
  3679  +5.8581307648     11997  +5.8579101562  -2.206e-04
  3680  +5.8589268688     11999  +5.8588867188  -4.015e-05
  3681  +5.8597228645     12001  +5.8598632812  +1.404e-04
  3682  +5.8605187522     12002  +5.8603515625  -1.672e-04
  3683  +5.8613145318     12004  +5.8613281250  +1.359e-05
  3684  +5.8621102033     12006  +5.8623046875  +1.945e-04
  3685  +5.8629057669     12007  +5.8627929688  -1.128e-04
  3686  +5.8637012226     12009  +5.8637695312  +6.831e-05
  3687  +5.8644965703     12010  +5.8642578125  -2.388e-04
  3688  +5.8652918102     12012  +5.8652343750  -5.744e-05
  3689  +5.8660869423     12014  +5.8662109375  +1.240e-04
  3690  +5.8668819666     12015  +5.8666992188  -1.827e-04
  3691  +5.8676768832     12017  +5.8676757812  -1.102e-06
  3692  +5.8684716921     12019  +5.8686523438  +1.807e-04
  3693  +5.8692663934     12020  +5.8691406250  -1.258e-04
  3694  +5.8700609871     12022  +5.8701171875  +5.620e-05
  3695  +5.8708554733     12024  +5.8710937500  +2.383e-04
  3696  +5.8716498520     12025  +5.8715820312  -6.782e-05
  3697  +5.8724441232     12027  +5.8725585938  +1.145e-04
  3698  +5.8732382870     12028  +5.8730468750  -1.914e-04
  3699  +5.8740323434     12030  +5.8740234375  -8.906e-06
  3700  +5.8748262925     12032  +5.8750000000  +1.737e-04
  3701  +5.8756201343     12033  +5.8754882812  -1.319e-04
  3702  +5.8764138689     12035  +5.8764648438  +5.097e-05
  3703  +5.8772074962     12037  +5.8774414062  +2.339e-04
  3704  +5.8780010165     12038  +5.8779296875  -7.133e-05
  3705  +5.8787944296     12040  +5.8789062500  +1.118e-04
  3706  +5.8795877356     12041  +5.8793945312  -1.932e-04
  3707  +5.8803809346     12043  +5.8803710938  -9.841e-06
  3708  +5.8811740267     12045  +5.8813476562  +1.736e-04
  3709  +5.8819670118     12046  +5.8818359375  -1.311e-04
  3710  +5.8827598900     12048  +5.8828125000  +5.261e-05
  3711  +5.8835526614     12050  +5.8837890625  +2.364e-04
  3712  +5.8843453259     12051  +5.8842773438  -6.798e-05
  3713  +5.8851378837     12053  +5.8852539062  +1.160e-04
  3714  +5.8859303348     12054  +5.8857421875  -1.881e-04
  3715  +5.8867226792     12056  +5.8867187500  -3.929e-06
  3716  +5.8875149170     12058  +5.8876953125  +1.804e-04
  3717  +5.8883070481     12059  +5.8881835938  -1.235e-04
  3718  +5.8890990728     12061  +5.8891601562  +6.108e-05
  3719  +5.8898909909     12062  +5.8896484375  -2.426e-04
  3720  +5.8906828025     12064  +5.8906250000  -5.780e-05
  3721  +5.8914745078     12066  +5.8916015625  +1.271e-04
  3722  +5.8922661066     12067  +5.8920898438  -1.763e-04
  3723  +5.8930575992     12069  +5.8930664062  +8.807e-06
  3724  +5.8938489854     12071  +5.8940429688  +1.940e-04
  3725  +5.8946402654     12072  +5.8945312500  -1.090e-04
  3726  +5.8954314392     12074  +5.8955078125  +7.637e-05
  3727  +5.8962225068     12075  +5.8959960938  -2.264e-04
  3728  +5.8970134683     12077  +5.8969726562  -4.081e-05
  3729  +5.8978043237     12079  +5.8979492188  +1.449e-04
  3730  +5.8985950731     12080  +5.8984375000  -1.576e-04
  3731  +5.8993857165     12082  +5.8994140625  +2.835e-05
  3732  +5.9001762540     12084  +5.9003906250  +2.144e-04
  3733  +5.9009666855     12085  +5.9008789062  -8.778e-05
  3734  +5.9017570112     12087  +5.9018554688  +9.846e-05
  3735  +5.9025472311     12088  +5.9023437500  -2.035e-04
  3736  +5.9033373452     12090  +5.9033203125  -1.703e-05
  3737  +5.9041273535     12092  +5.9042968750  +1.695e-04
  3738  +5.9049172562     12093  +5.9047851562  -1.321e-04
  3739  +5.9057070532     12095  +5.9057617188  +5.467e-05
  3740  +5.9064967446     12097  +5.9067382812  +2.415e-04
  3741  +5.9072863304     12098  +5.9072265625  -5.977e-05
  3742  +5.9080758107     12100  +5.9082031250  +1.273e-04
  3743  +5.9088651855     12101  +5.9086914062  -1.738e-04
  3744  +5.9096544549     12103  +5.9096679688  +1.351e-05
  3745  +5.9104436189     12105  +5.9106445312  +2.009e-04
  3746  +5.9112326775     12106  +5.9111328125  -9.986e-05
  3747  +5.9120216308     12108  +5.9121093750  +8.774e-05
  3748  +5.9128104788     12109  +5.9125976562  -2.128e-04
  3749  +5.9135992217     12111  +5.9135742188  -2.500e-05
  3750  +5.9143878593     12113  +5.9145507812  +1.629e-04
  3751  +5.9151763918     12114  +5.9150390625  -1.373e-04
  3752  +5.9159648192     12116  +5.9160156250  +5.081e-05
  3753  +5.9167531415     12118  +5.9169921875  +2.390e-04
  3754  +5.9175413588     12119  +5.9174804688  -6.089e-05
  3755  +5.9183294711     12121  +5.9184570312  +1.276e-04
  3756  +5.9191174785     12122  +5.9189453125  -1.722e-04
  3757  +5.9199053810     12124  +5.9199218750  +1.649e-05
  3758  +5.9206931786     12126  +5.9208984375  +2.053e-04
  3759  +5.9214808715     12127  +5.9213867188  -9.415e-05
  3760  +5.9222684595     12129  +5.9223632812  +9.482e-05
  3761  +5.9230559429     12130  +5.9228515625  -2.044e-04
  3762  +5.9238433215     12132  +5.9238281250  -1.520e-05
  3763  +5.9246305956     12134  +5.9248046875  +1.741e-04
  3764  +5.9254177650     12135  +5.9252929688  -1.248e-04
  3765  +5.9262048298     12137  +5.9262695312  +6.470e-05
  3766  +5.9269917902     12138  +5.9267578125  -2.340e-04
  3767  +5.9277786460     12140  +5.9277343750  -4.427e-05
  3768  +5.9285653975     12142  +5.9287109375  +1.455e-04
  3769  +5.9293520445     12143  +5.9291992188  -1.528e-04
  3770  +5.9301385872     12145  +5.9301757812  +3.719e-05
  3771  +5.9309250256     12147  +5.9311523438  +2.273e-04
  3772  +5.9317113597     12148  +5.9316406250  -7.073e-05
  3773  +5.9324975896     12150  +5.9326171875  +1.196e-04
  3774  +5.9332837153     12151  +5.9331054688  -1.782e-04
  3775  +5.9340697368     12153  +5.9340820312  +1.229e-05
  3776  +5.9348556543     12155  +5.9350585938  +2.029e-04
  3777  +5.9356414677     12156  +5.9355468750  -9.459e-05
  3778  +5.9364271771     12158  +5.9365234375  +9.626e-05
  3779  +5.9372127825     12159  +5.9370117188  -2.011e-04
  3780  +5.9379982839     12161  +5.9379882812  -1.000e-05
  3781  +5.9387836815     12163  +5.9389648438  +1.812e-04
  3782  +5.9395689752     12164  +5.9394531250  -1.159e-04
  3783  +5.9403541651     12166  +5.9404296875  +7.552e-05
  3784  +5.9411392513     12167  +5.9409179688  -2.213e-04
  3785  +5.9419242337     12169  +5.9418945312  -2.970e-05
  3786  +5.9427091124     12171  +5.9428710938  +1.620e-04
  3787  +5.9434938874     12172  +5.9433593750  -1.345e-04
  3788  +5.9442785589     12174  +5.9443359375  +5.738e-05
  3789  +5.9450631268     12175  +5.9448242188  -2.389e-04
  3790  +5.9458475911     12177  +5.9458007812  -4.681e-05
  3791  +5.9466319520     12179  +5.9467773438  +1.454e-04
  3792  +5.9474162094     12180  +5.9472656250  -1.506e-04
  3793  +5.9482003635     12182  +5.9482421875  +4.182e-05
  3794  +5.9489844141     12184  +5.9492187500  +2.343e-04
  3795  +5.9497683615     12185  +5.9497070312  -6.133e-05
  3796  +5.9505522055     12187  +5.9506835938  +1.314e-04
  3797  +5.9513359464     12188  +5.9511718750  -1.641e-04
  3798  +5.9521195840     12190  +5.9521484375  +2.885e-05
  3799  +5.9529031185     12192  +5.9531250000  +2.219e-04
  3800  +5.9536865498     12193  +5.9536132812  -7.327e-05
  3801  +5.9544698781     12195  +5.9545898438  +1.200e-04
  3802  +5.9552531033     12196  +5.9550781250  -1.750e-04
  3803  +5.9560362256     12198  +5.9560546875  +1.846e-05
  3804  +5.9568192449     12200  +5.9570312500  +2.120e-04
  3805  +5.9576021613     12201  +5.9575195312  -8.263e-05
  3806  +5.9583849748     12203  +5.9584960938  +1.111e-04
  3807  +5.9591676854     12204  +5.9589843750  -1.833e-04
  3808  +5.9599502933     12206  +5.9599609375  +1.064e-05
  3809  +5.9607327984     12208  +5.9609375000  +2.047e-04
  3810  +5.9615152009     12209  +5.9614257812  -8.942e-05
  3811  +5.9622975006     12211  +5.9624023438  +1.048e-04
  3812  +5.9630796977     12212  +5.9628906250  -1.891e-04
  3813  +5.9638617923     12214  +5.9638671875  +5.395e-06
  3814  +5.9646437842     12216  +5.9648437500  +2.000e-04
  3815  +5.9654256737     12217  +5.9653320312  -9.364e-05
  3816  +5.9662074607     12219  +5.9663085938  +1.011e-04
  3817  +5.9669891453     12220  +5.9667968750  -1.923e-04
  3818  +5.9677707275     12222  +5.9677734375  +2.710e-06
  3819  +5.9685522073     12224  +5.9687500000  +1.978e-04
  3820  +5.9693335848     12225  +5.9692382812  -9.530e-05
  3821  +5.9701148601     12227  +5.9702148438  +9.998e-05
  3822  +5.9708960331     12228  +5.9707031250  -1.929e-04
  3823  +5.9716771039     12230  +5.9716796875  +2.584e-06
  3824  +5.9724580726     12232  +5.9726562500  +1.982e-04
  3825  +5.9732389392     12233  +5.9731445312  -9.441e-05
  3826  +5.9740197038     12235  +5.9741210938  +1.014e-04
  3827  +5.9748003662     12236  +5.9746093750  -1.910e-04
  3828  +5.9755809267     12238  +5.9755859375  +5.011e-06
  3829  +5.9763613853     12240  +5.9765625000  +2.011e-04
  3830  +5.9771417420     12241  +5.9770507812  -9.096e-05
  3831  +5.9779219967     12243  +5.9780273438  +1.053e-04
  3832  +5.9787021497     12244  +5.9785156250  -1.865e-04
  3833  +5.9794822009     12246  +5.9794921875  +9.987e-06
  3834  +5.9802621503     12248  +5.9804687500  +2.066e-04
  3835  +5.9810419980     12249  +5.9809570312  -8.497e-05
  3836  +5.9818217440     12251  +5.9819335938  +1.118e-04
  3837  +5.9826013885     12252  +5.9824218750  -1.795e-04
  3838  +5.9833809313     12254  +5.9833984375  +1.751e-05
  3839  +5.9841603726     12256  +5.9843750000  +2.146e-04
  3840  +5.9849397123     12257  +5.9848632812  -7.643e-05
  3841  +5.9857189506     12259  +5.9858398438  +1.209e-04
  3842  +5.9864980875     12260  +5.9863281250  -1.700e-04
  3843  +5.9872771230     12262  +5.9873046875  +2.756e-05
  3844  +5.9880560571     12264  +5.9882812500  +2.252e-04
  3845  +5.9888348899     12265  +5.9887695312  -6.536e-05
  3846  +5.9896136214     12267  +5.9897460938  +1.325e-04
  3847  +5.9903922517     12268  +5.9902343750  -1.579e-04
  3848  +5.9911707809     12270  +5.9912109375  +4.016e-05
  3849  +5.9919492088     12272  +5.9921875000  +2.383e-04
  3850  +5.9927275357     12273  +5.9926757812  -5.175e-05
  3851  +5.9935057614     12275  +5.9936523438  +1.466e-04
  3852  +5.9942838862     12276  +5.9941406250  -1.433e-04
  3853  +5.9950619099     12278  +5.9951171875  +5.528e-05
  3854  +5.9958398327     12279  +5.9956054688  -2.344e-04
  3855  +5.9966176546     12281  +5.9965820312  -3.562e-05
  3856  +5.9973953756     12283  +5.9975585938  +1.632e-04
  3857  +5.9981729957     12284  +5.9980468750  -1.261e-04
  3858  +5.9989505151     12286  +5.9990234375  +7.292e-05
  3859  +5.9997279336     12287  +5.9995117188  -2.162e-04
  3860  +6.0005052515     12289  +6.0004882812  -1.697e-05
  3861  +6.0012824687     12291  +6.0014648438  +1.824e-04
  3862  +6.0020595852     12292  +6.0019531250  -1.065e-04
  3863  +6.0028366012     12294  +6.0029296875  +9.309e-05
  3864  +6.0036135166     12295  +6.0034179688  -1.955e-04
  3865  +6.0043903314     12297  +6.0043945312  +4.200e-06
  3866  +6.0051670458     12299  +6.0053710938  +2.040e-04
  3867  +6.0059436597     12300  +6.0058593750  -8.428e-05
  3868  +6.0067201732     12302  +6.0068359375  +1.158e-04
  3869  +6.0074965863     12303  +6.0073242188  -1.724e-04
  3870  +6.0082728991     12305  +6.0083007812  +2.788e-05
  3871  +6.0090491116     12307  +6.0092773438  +2.282e-04
  3872  +6.0098252239     12308  +6.0097656250  -5.960e-05
  3873  +6.0106012359     12310  +6.0107421875  +1.410e-04
  3874  +6.0113771478     12311  +6.0112304688  -1.467e-04
  3875  +6.0121529595     12313  +6.0122070312  +5.407e-05
  3876  +6.0129286711     12314  +6.0126953125  -2.334e-04
  3877  +6.0137042827     12316  +6.0136718750  -3.241e-05
  3878  +6.0144797943     12318  +6.0146484375  +1.686e-04
  3879  +6.0152552058     12319  +6.0151367188  -1.185e-04
  3880  +6.0160305174     12321  +6.0161132812  +8.276e-05
  3881  +6.0168057292     12322  +6.0166015625  -2.042e-04
  3882  +6.0175808410     12324  +6.0175781250  -2.716e-06
  3883  +6.0183558530     12326  +6.0185546875  +1.988e-04
  3884  +6.0191307653     12327  +6.0190429688  -8.780e-05
  3885  +6.0199055778     12329  +6.0200195312  +1.140e-04
  3886  +6.0206802905     12330  +6.0205078125  -1.725e-04
  3887  +6.0214549036     12332  +6.0214843750  +2.947e-05
  3888  +6.0222294171     12334  +6.0224609375  +2.315e-04
  3889  +6.0230038310     12335  +6.0229492188  -5.461e-05
  3890  +6.0237781453     12337  +6.0239257812  +1.476e-04
  3891  +6.0245523601     12338  +6.0244140625  -1.383e-04
  3892  +6.0253264754     12340  +6.0253906250  +6.415e-05
  3893  +6.0261004912     12341  +6.0258789062  -2.216e-04
  3894  +6.0268744077     12343  +6.0268554688  -1.894e-05
  3895  +6.0276482248     12345  +6.0278320312  +1.838e-04
  3896  +6.0284219426     12346  +6.0283203125  -1.016e-04
  3897  +6.0291955610     12348  +6.0292968750  +1.013e-04
  3898  +6.0299690803     12349  +6.0297851562  -1.839e-04
  3899  +6.0307425003     12351  +6.0307617188  +1.922e-05
  3900  +6.0315158211     12353  +6.0317382812  +2.225e-04
  3901  +6.0322890428     12354  +6.0322265625  -6.248e-05
  3902  +6.0330621654     12356  +6.0332031250  +1.410e-04
  3903  +6.0338351889     12357  +6.0336914062  -1.438e-04
  3904  +6.0346081134     12359  +6.0346679688  +5.986e-05
  3905  +6.0353809390     12360  +6.0351562500  -2.247e-04
  3906  +6.0361536655     12362  +6.0361328125  -2.085e-05
  3907  +6.0369262932     12364  +6.0371093750  +1.831e-04
  3908  +6.0376988220     12365  +6.0375976562  -1.012e-04
  3909  +6.0384712520     12367  +6.0385742188  +1.030e-04
  3910  +6.0392435832     12368  +6.0390625000  -1.811e-04
  3911  +6.0400158156     12370  +6.0400390625  +2.325e-05
  3912  +6.0407879493     12372  +6.0410156250  +2.277e-04
  3913  +6.0415599843     12373  +6.0415039062  -5.608e-05
  3914  +6.0423319207     12375  +6.0424804688  +1.485e-04
  3915  +6.0431037584     12376  +6.0429687500  -1.350e-04
  3916  +6.0438754976     12378  +6.0439453125  +6.981e-05
  3917  +6.0446471383     12379  +6.0444335938  -2.135e-04
  3918  +6.0454186805     12381  +6.0454101562  -8.524e-06
  3919  +6.0461901242     12383  +6.0463867188  +1.966e-04
  3920  +6.0469614695     12384  +6.0468750000  -8.647e-05
  3921  +6.0477327164     12386  +6.0478515625  +1.188e-04
  3922  +6.0485038650     12387  +6.0483398438  -1.640e-04
  3923  +6.0492749153     12389  +6.0493164062  +4.149e-05
  3924  +6.0500458673     12390  +6.0498046875  -2.412e-04
  3925  +6.0508167211     12392  +6.0507812500  -3.547e-05
  3926  +6.0515874766     12394  +6.0517578125  +1.703e-04
  3927  +6.0523581341     12395  +6.0522460938  -1.120e-04
  3928  +6.0531286934     12397  +6.0532226562  +9.396e-05
  3929  +6.0538991546     12398  +6.0537109375  -1.882e-04
  3930  +6.0546695178     12400  +6.0546875000  +1.798e-05
  3931  +6.0554397830     12402  +6.0556640625  +2.243e-04
  3932  +6.0562099502     12403  +6.0561523438  -5.761e-05
  3933  +6.0569800195     12405  +6.0571289062  +1.489e-04
  3934  +6.0577499909     12406  +6.0576171875  -1.328e-04
  3935  +6.0585198645     12408  +6.0585937500  +7.389e-05
  3936  +6.0592896402     12409  +6.0590820312  -2.076e-04
  3937  +6.0600593182     12411  +6.0600585938  -7.244e-07
  3938  +6.0608288984     12413  +6.0610351562  +2.063e-04
  3939  +6.0615983809     12414  +6.0615234375  -7.494e-05
  3940  +6.0623677657     12416  +6.0625000000  +1.322e-04
  3941  +6.0631370529     12417  +6.0629882812  -1.488e-04
  3942  +6.0639062425     12419  +6.0639648438  +5.860e-05
  3943  +6.0646753346     12420  +6.0644531250  -2.222e-04
  3944  +6.0654443291     12422  +6.0654296875  -1.464e-05
  3945  +6.0662132262     12424  +6.0664062500  +1.930e-04
  3946  +6.0669820258     12425  +6.0668945312  -8.749e-05
  3947  +6.0677507279     12427  +6.0678710938  +1.204e-04
  3948  +6.0685193328     12428  +6.0683593750  -1.600e-04
  3949  +6.0692878402     12430  +6.0693359375  +4.810e-05
  3950  +6.0700562504     12431  +6.0698242188  -2.320e-04
  3951  +6.0708245634     12433  +6.0708007812  -2.378e-05
  3952  +6.0715927791     12435  +6.0717773438  +1.846e-04
  3953  +6.0723608976     12436  +6.0722656250  -9.527e-05
  3954  +6.0731289189     12438  +6.0732421875  +1.133e-04
  3955  +6.0738968432     12439  +6.0737304688  -1.664e-04
  3956  +6.0746646704     12441  +6.0747070312  +4.236e-05
  3957  +6.0754324005     12442  +6.0751953125  -2.371e-04
  3958  +6.0762000336     12444  +6.0761718750  -2.816e-05
  3959  +6.0769675698     12446  +6.0771484375  +1.809e-04
  3960  +6.0777350090     12447  +6.0776367188  -9.829e-05
  3961  +6.0785023514     12449  +6.0786132812  +1.109e-04
  3962  +6.0792695969     12450  +6.0791015625  -1.680e-04
  3963  +6.0800367455     12452  +6.0800781250  +4.138e-05
  3964  +6.0808037974     12453  +6.0805664062  -2.374e-04
  3965  +6.0815707526     12455  +6.0815429688  -2.778e-05
  3966  +6.0823376110     12457  +6.0825195312  +1.819e-04
  3967  +6.0831043728     12458  +6.0830078125  -9.656e-05
  3968  +6.0838710379     12460  +6.0839843750  +1.133e-04
  3969  +6.0846376064     12461  +6.0844726562  -1.650e-04
  3970  +6.0854040783     12463  +6.0854492188  +4.514e-05
  3971  +6.0861704538     12464  +6.0859375000  -2.330e-04
  3972  +6.0869367327     12466  +6.0869140625  -2.267e-05
  3973  +6.0877029152     12468  +6.0878906250  +1.877e-04
  3974  +6.0884690013     12469  +6.0883789062  -9.010e-05
  3975  +6.0892349910     12471  +6.0893554688  +1.205e-04
  3976  +6.0900008843     12472  +6.0898437500  -1.571e-04
  3977  +6.0907666813     12474  +6.0908203125  +5.363e-05
  3978  +6.0915323821     12475  +6.0913085938  -2.238e-04
  3979  +6.0922979866     12477  +6.0922851562  -1.283e-05
  3980  +6.0930634949     12479  +6.0932617188  +1.982e-04
  3981  +6.0938289071     12480  +6.0937500000  -7.891e-05
  3982  +6.0945942231     12482  +6.0947265625  +1.323e-04
  3983  +6.0953594431     12483  +6.0952148438  -1.446e-04
  3984  +6.0961245670     12485  +6.0961914062  +6.684e-05
  3985  +6.0968895949     12486  +6.0966796875  -2.099e-04
  3986  +6.0976545267     12488  +6.0976562500  +1.723e-06
  3987  +6.0984193627     12490  +6.0986328125  +2.134e-04
  3988  +6.0991841027     12491  +6.0991210938  -6.301e-05
  3989  +6.0999487469     12493  +6.1000976562  +1.489e-04
  3990  +6.1007132952     12494  +6.1005859375  -1.274e-04
  3991  +6.1014777477     12496  +6.1015625000  +8.475e-05
  3992  +6.1022421045     12497  +6.1020507812  -1.913e-04
  3993  +6.1030063655     12499  +6.1030273438  +2.098e-05
  3994  +6.1037705308     12501  +6.1040039062  +2.334e-04
  3995  +6.1045346005     12502  +6.1044921875  -4.241e-05
  3996  +6.1052985745     12504  +6.1054687500  +1.702e-04
  3997  +6.1060624530     12505  +6.1059570312  -1.054e-04
  3998  +6.1068262359     12507  +6.1069335938  +1.074e-04
  3999  +6.1075899233     12508  +6.1074218750  -1.680e-04
  4000  +6.1083535152     12510  +6.1083984375  +4.492e-05
  4001  +6.1091170117     12511  +6.1088867188  -2.303e-04
  4002  +6.1098804128     12513  +6.1098632812  -1.713e-05
  4003  +6.1106437184     12515  +6.1108398438  +1.961e-04
  4004  +6.1114069288     12516  +6.1113281250  -7.880e-05
  4005  +6.1121700439     12518  +6.1123046875  +1.346e-04
  4006  +6.1129330637     12519  +6.1127929688  -1.401e-04
  4007  +6.1136959882     12521  +6.1137695312  +7.354e-05
  4008  +6.1144588176     12522  +6.1142578125  -2.010e-04
  4009  +6.1152215518     12524  +6.1152343750  +1.282e-05
  4010  +6.1159841909     12526  +6.1162109375  +2.267e-04
  4011  +6.1167467349     12527  +6.1166992188  -4.752e-05
  4012  +6.1175091839     12529  +6.1176757812  +1.666e-04
  4013  +6.1182715378     12530  +6.1181640625  -1.075e-04
  4014  +6.1190337968     12532  +6.1191406250  +1.068e-04
  4015  +6.1197959608     12533  +6.1196289062  -1.671e-04
  4016  +6.1205580299     12535  +6.1206054688  +4.744e-05
  4017  +6.1213200041     12536  +6.1210937500  -2.263e-04
  4018  +6.1220818835     12538  +6.1220703125  -1.157e-05
  4019  +6.1228436681     12540  +6.1230468750  +2.032e-04
  4020  +6.1236053580     12541  +6.1235351562  -7.020e-05
  4021  +6.1243669531     12543  +6.1245117188  +1.448e-04
  4022  +6.1251284535     12544  +6.1250000000  -1.285e-04
  4023  +6.1258898592     12546  +6.1259765625  +8.670e-05
  4024  +6.1266511703     12547  +6.1264648438  -1.863e-04
  4025  +6.1274123868     12549  +6.1274414062  +2.902e-05
  4026  +6.1281735088     12550  +6.1279296875  -2.438e-04
  4027  +6.1289345363     12552  +6.1289062500  -2.829e-05
  4028  +6.1296954692     12554  +6.1298828125  +1.873e-04
  4029  +6.1304563077     12555  +6.1303710938  -8.521e-05
  4030  +6.1312170518     12557  +6.1313476562  +1.306e-04
  4031  +6.1319777016     12558  +6.1318359375  -1.418e-04
  4032  +6.1327382569     12560  +6.1328125000  +7.424e-05
  4033  +6.1334987180     12561  +6.1333007812  -1.979e-04
  4034  +6.1342590848     12563  +6.1342773438  +1.826e-05
  4035  +6.1350193574     12565  +6.1352539062  +2.345e-04
  4036  +6.1357795357     12566  +6.1357421875  -3.735e-05
  4037  +6.1365396199     12568  +6.1367187500  +1.791e-04
  4038  +6.1372996099     12569  +6.1372070312  -9.258e-05
  4039  +6.1380595059     12571  +6.1381835938  +1.241e-04
  4040  +6.1388193078     12572  +6.1386718750  -1.474e-04
  4041  +6.1395790156     12574  +6.1396484375  +6.942e-05
  4042  +6.1403386295     12575  +6.1401367188  -2.019e-04
  4043  +6.1410981494     12577  +6.1411132812  +1.513e-05
  4044  +6.1418575754     12579  +6.1420898438  +2.323e-04
  4045  +6.1426169075     12580  +6.1425781250  -3.878e-05
  4046  +6.1433761457     12582  +6.1435546875  +1.785e-04
  4047  +6.1441352901     12583  +6.1440429688  -9.232e-05
  4048  +6.1448943407     12585  +6.1450195312  +1.252e-04
  4049  +6.1456532976     12586  +6.1455078125  -1.455e-04
  4050  +6.1464121608     12588  +6.1464843750  +7.221e-05
  4051  +6.1471709303     12589  +6.1469726562  -1.983e-04
  4052  +6.1479296061     12591  +6.1479492188  +1.961e-05
  4053  +6.1486881883     12593  +6.1489257812  +2.376e-04
  4054  +6.1494466770     12594  +6.1494140625  -3.261e-05
  4055  +6.1502050721     12596  +6.1503906250  +1.856e-04
  4056  +6.1509633737     12597  +6.1508789062  -8.447e-05
  4057  +6.1517215818     12599  +6.1518554688  +1.339e-04
  4058  +6.1524796965     12600  +6.1523437500  -1.359e-04
  4059  +6.1532377177     12602  +6.1533203125  +8.259e-05
  4060  +6.1539956457     12603  +6.1538085938  -1.871e-04
  4061  +6.1547534802     12605  +6.1547851562  +3.168e-05
  4062  +6.1555112215     12606  +6.1552734375  -2.378e-04
  4063  +6.1562688695     12608  +6.1562500000  -1.887e-05
  4064  +6.1570264243     12610  +6.1572265625  +2.001e-04
  4065  +6.1577838859     12611  +6.1577148438  -6.904e-05
  4066  +6.1585412543     12613  +6.1586914062  +1.502e-04
  4067  +6.1592985296     12614  +6.1591796875  -1.188e-04
  4068  +6.1600557118     12616  +6.1601562500  +1.005e-04
  4069  +6.1608128009     12617  +6.1606445312  -1.683e-04
  4070  +6.1615697970     12619  +6.1616210938  +5.130e-05
  4071  +6.1623267001     12620  +6.1621093750  -2.173e-04
  4072  +6.1630835103     12622  +6.1630859375  +2.427e-06
  4073  +6.1638402275     12624  +6.1640625000  +2.223e-04
  4074  +6.1645968519     12625  +6.1645507812  -4.607e-05
  4075  +6.1653533834     12627  +6.1655273438  +1.740e-04
  4076  +6.1661098220     12628  +6.1660156250  -9.420e-05
  4077  +6.1668661679     12630  +6.1669921875  +1.260e-04
  4078  +6.1676224211     12631  +6.1674804688  -1.420e-04
  4079  +6.1683785815     12633  +6.1684570312  +7.845e-05
  4080  +6.1691346492     12634  +6.1689453125  -1.893e-04
  4081  +6.1698906243     12636  +6.1699218750  +3.125e-05
  4082  +6.1706465068     12637  +6.1704101562  -2.364e-04
  4083  +6.1714022967     12639  +6.1713867188  -1.558e-05
  4084  +6.1721579940     12641  +6.1723632812  +2.053e-04
  4085  +6.1729135988     12642  +6.1728515625  -6.204e-05
  4086  +6.1736691112     12644  +6.1738281250  +1.590e-04
  4087  +6.1744245311     12645  +6.1743164062  -1.081e-04
  4088  +6.1751798586     12647  +6.1752929688  +1.131e-04
  4089  +6.1759350937     12648  +6.1757812500  -1.538e-04
  4090  +6.1766902364     12650  +6.1767578125  +6.758e-05
  4091  +6.1774452869     12651  +6.1772460938  -1.992e-04
  4092  +6.1782002451     12653  +6.1782226562  +2.241e-05
  4093  +6.1789551110     12655  +6.1791992188  +2.441e-04
  4094  +6.1797098847     12656  +6.1796875000  -2.238e-05
  4095  +6.1804645663     12658  +6.1806640625  +1.995e-04
  4096  +0.1859508243       381  +0.1860351562  +8.433e-05
  4097  +0.1859508243       381  +0.1860351562  +8.433e-05
  4098  +0.1859508243       381  +0.1860351562  +8.433e-05
  4099  +0.2013222476       412  +0.2011718750  -1.504e-04
  4100  +0.2324669076       476  +0.2324218750  -4.503e-05
  4101  +0.2599059040       532  +0.2597656250  -1.403e-04
  4102  +0.2847126529       583  +0.2846679688  -4.468e-05
  4103  +0.3075248128       630  +0.3076171875  +9.237e-05
  4104  +0.3287578536       673  +0.3286132812  -1.446e-04
  4105  +0.3487003615       714  +0.3486328125  -6.755e-05
  4106  +0.3675624544       753  +0.3676757812  +1.133e-04
  4107  +0.3855027544       790  +0.3857421875  +2.394e-04
  4108  +0.4026444951       825  +0.4028320312  +1.875e-04
  4109  +0.4190856777       858  +0.4189453125  -1.404e-04
  4110  +0.4349057611       891  +0.4350585938  +1.528e-04
  4111  +0.4501702309       922  +0.4501953125  +2.508e-05
  4112  +0.4649338153       952  +0.4648437500  -9.007e-05
  4113  +0.4792428073       981  +0.4790039062  -2.389e-04
  4114  +0.4931367804      1010  +0.4931640625  +2.728e-05
  4115  +0.5066498791      1038  +0.5068359375  +1.861e-04
  4116  +0.5198118080      1065  +0.5200195312  +2.077e-04
  4117  +0.5326486004      1091  +0.5327148438  +6.624e-05
  4118  +0.5451832236      1117  +0.5454101562  +2.269e-04
  4119  +0.5574360619      1142  +0.5576171875  +1.811e-04
  4120  +0.5694253058      1166  +0.5693359375  -8.937e-05
  4121  +0.5811672691      1190  +0.5810546875  -1.126e-04
  4122  +0.5926766492      1214  +0.5927734375  +9.679e-05
  4123  +0.6039667427      1237  +0.6040039062  +3.716e-05
  4124  +0.6150496257      1260  +0.6152343750  +1.847e-04
  4125  +0.6259363049      1282  +0.6259765625  +4.026e-05
  4126  +0.6366368460      1304  +0.6367187500  +8.190e-05
  4127  +0.6471604820      1325  +0.6469726562  -1.878e-04
  4128  +0.6575157072      1347  +0.6577148438  +1.991e-04
  4129  +0.6677103571      1367  +0.6674804688  -2.299e-04
  4130  +0.6777516778      1388  +0.6777343750  -1.730e-05
  4131  +0.6876463863      1408  +0.6875000000  -1.464e-04
  4132  +0.6974007229      1428  +0.6972656250  -1.351e-04
  4133  +0.7070204977      1448  +0.7070312500  +1.075e-05
  4134  +0.7165111304      1467  +0.7163085938  -2.025e-04
  4135  +0.7258776865      1487  +0.7260742188  +1.965e-04
  4136  +0.7351249088      1506  +0.7353515625  +2.267e-04
  4137  +0.7442572454      1524  +0.7441406250  -1.166e-04
  4138  +0.7532788747      1543  +0.7534179688  +1.391e-04
  4139  +0.7621937279      1561  +0.7622070312  +1.330e-05
  4140  +0.7710055088      1579  +0.7709960938  -9.415e-06
  4141  +0.7797177120      1597  +0.7797851562  +6.744e-05
  4142  +0.7883336389      1615  +0.7885742188  +2.406e-04
  4143  +0.7968564124      1632  +0.7968750000  +1.859e-05
  4144  +0.8052889903      1649  +0.8051757812  -1.132e-04
  4145  +0.8136341768      1666  +0.8134765625  -1.576e-04
  4146  +0.8218946340      1683  +0.8217773438  -1.173e-04
  4147  +0.8300728915      1700  +0.8300781250  +5.234e-06
  4148  +0.8381713554      1717  +0.8383789062  +2.076e-04
  4149  +0.8461923167      1733  +0.8461914062  -9.104e-07
  4150  +0.8541379587      1749  +0.8540039062  -1.341e-04
  4151  +0.8620103644      1765  +0.8618164062  -1.940e-04
  4152  +0.8698115222      1781  +0.8696289062  -1.826e-04
  4153  +0.8775433322      1797  +0.8774414062  -1.019e-04
  4154  +0.8852076116      1813  +0.8852539062  +4.629e-05
  4155  +0.8928060996      1828  +0.8925781250  -2.280e-04
  4156  +0.9003404619      1844  +0.9003906250  +5.016e-05
  4157  +0.9078122951      1859  +0.9077148438  -9.745e-05
  4158  +0.9152231306      1874  +0.9150390625  -1.841e-04
  4159  +0.9225744385      1889  +0.9223632812  -2.112e-04
  4160  +0.9298676306      1904  +0.9296875000  -1.801e-04
  4161  +0.9371040637      1919  +0.9370117188  -9.234e-05
  4162  +0.9442850428      1934  +0.9443359375  +5.089e-05
  4163  +0.9514118234      1948  +0.9511718750  -2.399e-04
  4164  +0.9584856147      1963  +0.9584960938  +1.048e-05
  4165  +0.9655075812      1977  +0.9653320312  -1.755e-04
  4166  +0.9724788456      1992  +0.9726562500  +1.774e-04
  4167  +0.9794004906      2006  +0.9794921875  +9.170e-05
  4168  +0.9862735608      2020  +0.9863281250  +5.456e-05
  4169  +0.9930990648      2034  +0.9931640625  +6.500e-05
  4170  +0.9998779767      2048  +1.0000000000  +1.220e-04
  4171  +1.0066112378      2062  +1.0068359375  +2.247e-04
  4172  +1.0132997582      2075  +1.0131835938  -1.162e-04
  4173  +1.0199444179      2089  +1.0200195312  +7.511e-05
  4174  +1.0265460688      2102  +1.0263671875  -1.789e-04
  4175  +1.0331055354      2116  +1.0332031250  +9.759e-05
  4176  +1.0396236160      2129  +1.0395507812  -7.283e-05
  4177  +1.0461010844      2142  +1.0458984375  -2.026e-04
  4178  +1.0525386903      2156  +1.0527343750  +1.957e-04
  4179  +1.0589371607      2169  +1.0590820312  +1.449e-04
  4180  +1.0652972009      2182  +1.0654296875  +1.325e-04
  4181  +1.0716194950      2195  +1.0717773438  +1.578e-04
  4182  +1.0779047072      2208  +1.0781250000  +2.203e-04
  4183  +1.0841534825      2220  +1.0839843750  -1.691e-04
  4184  +1.0903664473      2233  +1.0903320312  -3.442e-05
  4185  +1.0965442103      2246  +1.0966796875  +1.355e-04
  4186  +1.1026873632      2258  +1.1025390625  -1.483e-04
  4187  +1.1087964812      2271  +1.1088867188  +9.024e-05
  4188  +1.1148721238      2283  +1.1147460938  -1.260e-04
  4189  +1.1209148354      2296  +1.1210937500  +1.789e-04
  4190  +1.1269251457      2308  +1.1269531250  +2.798e-05
  4191  +1.1329035704      2320  +1.1328125000  -9.107e-05
  4192  +1.1388506116      2332  +1.1386718750  -1.787e-04
  4193  +1.1447667585      2344  +1.1445312500  -2.355e-04
  4194  +1.1506524876      2357  +1.1508789062  +2.264e-04
  4195  +1.1565082633      2369  +1.1567382812  +2.300e-04
  4196  +1.1623345382      2380  +1.1621093750  -2.252e-04
  4197  +1.1681317540      2392  +1.1679687500  -1.630e-04
  4198  +1.1739003409      2404  +1.1738281250  -7.222e-05
  4199  +1.1796407191      2416  +1.1796875000  +4.678e-05
  4200  +1.1853532984      2428  +1.1855468750  +1.936e-04
  4201  +1.1910384787      2439  +1.1909179688  -1.205e-04
  4202  +1.1966966506      2451  +1.1967773438  +8.069e-05
  4203  +1.2023281953      2462  +1.2021484375  -1.798e-04
  4204  +1.2079334854      2474  +1.2080078125  +7.433e-05
  4205  +1.2135128845      2485  +1.2133789062  -1.340e-04
  4206  +1.2190667482      2497  +1.2192382812  +1.715e-04
  4207  +1.2245954240      2508  +1.2246093750  +1.395e-05
  4208  +1.2300992514      2519  +1.2299804688  -1.188e-04
  4209  +1.2355785625      2530  +1.2353515625  -2.270e-04
  4210  +1.2410336820      2542  +1.2412109375  +1.773e-04
  4211  +1.2464649276      2553  +1.2465820312  +1.171e-04
  4212  +1.2518726099      2564  +1.2519531250  +8.052e-05
  4213  +1.2572570331      2575  +1.2573242188  +6.719e-05
  4214  +1.2626184946      2586  +1.2626953125  +7.682e-05
  4215  +1.2679572859      2597  +1.2680664062  +1.091e-04
  4216  +1.2732736919      2608  +1.2734375000  +1.638e-04
  4217  +1.2785679921      2619  +1.2788085938  +2.406e-04
  4218  +1.2838404598      2629  +1.2836914062  -1.491e-04
  4219  +1.2890913629      2640  +1.2890625000  -2.886e-05
  4220  +1.2943209639      2651  +1.2944335938  +1.126e-04
  4221  +1.2995295201      2661  +1.2993164062  -2.131e-04
  4222  +1.3047172833      2672  +1.3046875000  -2.978e-05
  4223  +1.3098845007      2683  +1.3100585938  +1.741e-04
  4224  +1.3150314144      2693  +1.3149414062  -9.001e-05
  4225  +1.3201582620      2704  +1.3203125000  +1.542e-04
  4226  +1.3252652763      2714  +1.3251953125  -6.996e-05
  4227  +1.3303526857      2725  +1.3305664062  +2.137e-04
  4228  +1.3354207142      2735  +1.3354492188  +2.850e-05
  4229  +1.3404695818      2745  +1.3403320312  -1.376e-04
  4230  +1.3454995041      2756  +1.3457031250  +2.036e-04
  4231  +1.3505106928      2766  +1.3505859375  +7.524e-05
  4232  +1.3555033556      2776  +1.3554687500  -3.461e-05
  4233  +1.3604776966      2786  +1.3603515625  -1.261e-04
  4234  +1.3654339159      2796  +1.3652343750  -1.995e-04
  4235  +1.3703722102      2807  +1.3706054688  +2.333e-04
  4236  +1.3752927726      2817  +1.3754882812  +1.955e-04
  4237  +1.3801957927      2827  +1.3803710938  +1.753e-04
  4238  +1.3850814568      2837  +1.3852539062  +1.724e-04
  4239  +1.3899499479      2847  +1.3901367188  +1.868e-04
  4240  +1.3948014459      2857  +1.3950195312  +2.181e-04
  4241  +1.3996361275      2866  +1.3994140625  -2.221e-04
  4242  +1.4044541662      2876  +1.4042968750  -1.573e-04
  4243  +1.4092557329      2886  +1.4091796875  -7.605e-05
  4244  +1.4140409954      2896  +1.4140625000  +2.150e-05
  4245  +1.4188101185      2906  +1.4189453125  +1.352e-04
  4246  +1.4235632646      2915  +1.4233398438  -2.234e-04
  4247  +1.4283005930      2925  +1.4282226562  -7.794e-05
  4248  +1.4330222607      2935  +1.4331054688  +8.321e-05
  4249  +1.4377284220      2944  +1.4375000000  -2.284e-04
  4250  +1.4424192287      2954  +1.4423828125  -3.642e-05
  4251  +1.4470948300      2964  +1.4472656250  +1.708e-04
  4252  +1.4517553730      2973  +1.4516601562  -9.522e-05
  4253  +1.4564010020      2983  +1.4565429688  +1.420e-04
  4254  +1.4610318595      2992  +1.4609375000  -9.436e-05
  4255  +1.4656480854      3002  +1.4658203125  +1.722e-04
  4256  +1.4702498176      3011  +1.4702148438  -3.497e-05
  4257  +1.4748371916      3020  +1.4746093750  -2.278e-04
  4258  +1.4794103412      3030  +1.4794921875  +8.185e-05
  4259  +1.4839693977      3039  +1.4838867188  -8.268e-05
  4260  +1.4885144908      3048  +1.4882812500  -2.332e-04
  4261  +1.4930457478      3058  +1.4931640625  +1.183e-04
  4262  +1.4975632944      3067  +1.4975585938  -4.701e-06
  4263  +1.5020672544      3076  +1.5019531250  -1.141e-04
  4264  +1.5065577494      3085  +1.5063476562  -2.101e-04
  4265  +1.5110348997      3095  +1.5112304688  +1.956e-04
  4266  +1.5154988235      3104  +1.5156250000  +1.262e-04
  4267  +1.5199496372      3113  +1.5200195312  +6.989e-05
  4268  +1.5243874558      3122  +1.5244140625  +2.661e-05
  4269  +1.5288123925      3131  +1.5288085938  -3.799e-06
  4270  +1.5332245586      3140  +1.5332031250  -2.143e-05
  4271  +1.5376240642      3149  +1.5375976562  -2.641e-05
  4272  +1.5420110177      3158  +1.5419921875  -1.883e-05
  4273  +1.5463855258      3167  +1.5463867188  +1.193e-06
  4274  +1.5507476939      3176  +1.5507812500  +3.356e-05
  4275  +1.5550976259      3185  +1.5551757812  +7.816e-05
  4276  +1.5594354241      3194  +1.5595703125  +1.349e-04
  4277  +1.5637611895      3203  +1.5639648438  +2.037e-04
  4278  +1.5680750216      3211  +1.5678710938  -2.039e-04
  4279  +1.5723770188      3220  +1.5722656250  -1.114e-04
  4280  +1.5766672778      3229  +1.5766601562  -7.122e-06
  4281  +1.5809458943      3238  +1.5810546875  +1.088e-04
  4282  +1.5852129625      3247  +1.5854492188  +2.363e-04
  4283  +1.5894685755      3255  +1.5893554688  -1.131e-04
  4284  +1.5937128249      3264  +1.5937500000  +3.718e-05
  4285  +1.5979458013      3273  +1.5981445312  +1.987e-04
  4286  +1.6021675941      3281  +1.6020507812  -1.168e-04
  4287  +1.6063782915      3290  +1.6064453125  +6.702e-05
  4288  +1.6105779805      3298  +1.6103515625  -2.264e-04
  4289  +1.6147667470      3307  +1.6147460938  -2.065e-05
  4290  +1.6189446757      3316  +1.6191406250  +1.959e-04
  4291  +1.6231118503      3324  +1.6230468750  -6.498e-05
  4292  +1.6272683535      3333  +1.6274414062  +1.731e-04
  4293  +1.6314142669      3341  +1.6313476562  -6.661e-05
  4294  +1.6355496709      3350  +1.6357421875  +1.925e-04
  4295  +1.6396746451      3358  +1.6396484375  -2.621e-05
  4296  +1.6437892680      3366  +1.6435546875  -2.346e-04
  4297  +1.6478936171      3375  +1.6479492188  +5.560e-05
  4298  +1.6519877691      3383  +1.6518554688  -1.323e-04
  4299  +1.6560717995      3392  +1.6562500000  +1.782e-04
  4300  +1.6601457830      3400  +1.6601562500  +1.047e-05
  4301  +1.6642097934      3408  +1.6640625000  -1.473e-04
  4302  +1.6682639037      3417  +1.6684570312  +1.931e-04
  4303  +1.6723081857      3425  +1.6723632812  +5.510e-05
  4304  +1.6763427108      3433  +1.6762695312  -7.318e-05
  4305  +1.6803675490      3441  +1.6801757812  -1.918e-04
  4306  +1.6843827699      3450  +1.6845703125  +1.875e-04
  4307  +1.6883884421      3458  +1.6884765625  +8.812e-05
  4308  +1.6923846333      3466  +1.6923828125  -1.821e-06
  4309  +1.6963714106      3474  +1.6962890625  -8.235e-05
  4310  +1.7003488403      3482  +1.7001953125  -1.535e-04
  4311  +1.7043169877      3490  +1.7041015625  -2.154e-04
  4312  +1.7082759175      3499  +1.7084960938  +2.202e-04
  4313  +1.7122256937      3507  +1.7124023438  +1.767e-04
  4314  +1.7161663794      3515  +1.7163085938  +1.422e-04
  4315  +1.7200980372      3523  +1.7202148438  +1.168e-04
  4316  +1.7240207288      3531  +1.7241210938  +1.004e-04
  4317  +1.7279345153      3539  +1.7280273438  +9.283e-05
  4318  +1.7318394570      3547  +1.7319335938  +9.414e-05
  4319  +1.7357356137      3555  +1.7358398438  +1.042e-04
  4320  +1.7396230444      3563  +1.7397460938  +1.230e-04
  4321  +1.7435018074      3571  +1.7436523438  +1.505e-04
  4322  +1.7473719604      3579  +1.7475585938  +1.866e-04
  4323  +1.7512335606      3587  +1.7514648438  +2.313e-04
  4324  +1.7550866644      3594  +1.7548828125  -2.039e-04
  4325  +1.7589313277      3602  +1.7587890625  -1.423e-04
  4326  +1.7627676056      3610  +1.7626953125  -7.229e-05
  4327  +1.7665955528      3618  +1.7666015625  +6.010e-06
  4328  +1.7704152233      3626  +1.7705078125  +9.259e-05
  4329  +1.7742266706      3634  +1.7744140625  +1.874e-04
  4330  +1.7780299476      3641  +1.7778320312  -1.979e-04
  4331  +1.7818251065      3649  +1.7817382812  -8.683e-05
  4332  +1.7856121992      3657  +1.7856445312  +3.233e-05
  4333  +1.7893912769      3665  +1.7895507812  +1.595e-04
  4334  +1.7931623902      3672  +1.7929687500  -1.936e-04
  4335  +1.7969255893      3680  +1.7968750000  -5.059e-05
  4336  +1.8006809237      3688  +1.8007812500  +1.003e-04
  4337  +1.8044284427      3695  +1.8041992188  -2.292e-04
  4338  +1.8081681948      3703  +1.8081054688  -6.273e-05
  4339  +1.8119002281      3711  +1.8120117188  +1.115e-04
  4340  +1.8156245901      3718  +1.8154296875  -1.949e-04
  4341  +1.8193413281      3726  +1.8193359375  -5.391e-06
  4342  +1.8230504886      3734  +1.8232421875  +1.917e-04
  4343  +1.8267521177      3741  +1.8266601562  -9.196e-05
  4344  +1.8304462613      3749  +1.8305664062  +1.201e-04
  4345  +1.8341329644      3756  +1.8339843750  -1.486e-04
  4346  +1.8378122720      3764  +1.8378906250  +7.835e-05
  4347  +1.8414842282      3771  +1.8413085938  -1.756e-04
  4348  +1.8451488771      3779  +1.8452148438  +6.597e-05
  4349  +1.8488062620      3786  +1.8486328125  -1.734e-04
  4350  +1.8524564260      3794  +1.8525390625  +8.264e-05
  4351  +1.8560994117      3801  +1.8559570312  -1.424e-04
  4352  +1.8597352612      3809  +1.8598632812  +1.280e-04
  4353  +1.8633640164      3816  +1.8632812500  -8.277e-05
  4354  +1.8669857186      3824  +1.8671875000  +2.018e-04
  4355  +1.8706004087      3831  +1.8706054688  +5.060e-06
  4356  +1.8742081274      3838  +1.8740234375  -1.847e-04
  4357  +1.8778089148      3846  +1.8779296875  +1.208e-04
  4358  +1.8814028108      3853  +1.8813476562  -5.515e-05
  4359  +1.8849898547      3860  +1.8847656250  -2.242e-04
  4360  +1.8885700856      3868  +1.8886718750  +1.018e-04
  4361  +1.8921435421      3875  +1.8920898438  -5.370e-05
  4362  +1.8957102626      3882  +1.8955078125  -2.025e-04
  4363  +1.8992702850      3890  +1.8994140625  +1.438e-04
  4364  +1.9028236469      3897  +1.9028320312  +8.384e-06
  4365  +1.9063703856      3904  +1.9062500000  -1.204e-04
  4366  +1.9099105379      3911  +1.9096679688  -2.426e-04
  4367  +1.9134441404      3919  +1.9135742188  +1.301e-04
  4368  +1.9169712294      3926  +1.9169921875  +2.096e-05
  4369  +1.9204918407      3933  +1.9204101562  -8.168e-05
  4370  +1.9240060098      3940  +1.9238281250  -1.779e-04
  4371  +1.9275137721      3948  +1.9277343750  +2.206e-04
  4372  +1.9310151624      3955  +1.9311523438  +1.372e-04
  4373  +1.9345102153      3962  +1.9345703125  +6.010e-05
  4374  +1.9379989652      3969  +1.9379882812  -1.068e-05
  4375  +1.9414814459      3976  +1.9414062500  -7.520e-05
  4376  +1.9449576912      3983  +1.9448242188  -1.335e-04
  4377  +1.9484277345      3990  +1.9482421875  -1.855e-04
  4378  +1.9518916087      3997  +1.9516601562  -2.315e-04
  4379  +1.9553493468      4005  +1.9555664062  +2.171e-04
  4380  +1.9588009812      4012  +1.9589843750  +1.834e-04
  4381  +1.9622465440      4019  +1.9624023438  +1.558e-04
  4382  +1.9656860674      4026  +1.9658203125  +1.342e-04
  4383  +1.9691195827      4033  +1.9692382812  +1.187e-04
  4384  +1.9725471216      4040  +1.9726562500  +1.091e-04
  4385  +1.9759687150      4047  +1.9760742188  +1.055e-04
  4386  +1.9793843938      4054  +1.9794921875  +1.078e-04
  4387  +1.9827941886      4061  +1.9829101562  +1.160e-04
  4388  +1.9861981296      4068  +1.9863281250  +1.300e-04
  4389  +1.9895962470      4075  +1.9897460938  +1.498e-04
  4390  +1.9929885704      4082  +1.9931640625  +1.755e-04
  4391  +1.9963751294      4089  +1.9965820312  +2.069e-04
  4392  +1.9997559534      4096  +2.0000000000  +2.440e-04
  4393  +2.0031310714      4102  +2.0029296875  -2.014e-04
  4394  +2.0065005120      4109  +2.0063476562  -1.529e-04
  4395  +2.0098643040      4116  +2.0097656250  -9.868e-05
  4396  +2.0132224756      4123  +2.0131835938  -3.888e-05
  4397  +2.0165750549      4130  +2.0166015625  +2.651e-05
  4398  +2.0199220698      4137  +2.0200195312  +9.746e-05
  4399  +2.0232635478      4144  +2.0234375000  +1.740e-04
  4400  +2.0265995163      4150  +2.0263671875  -2.323e-04
  4401  +2.0299300026      4157  +2.0297851562  -1.448e-04
  4402  +2.0332550335      4164  +2.0332031250  -5.191e-05
  4403  +2.0365746357      4171  +2.0366210938  +4.646e-05
  4404  +2.0398888359      4178  +2.0400390625  +1.502e-04
  4405  +2.0431976602      4184  +2.0429687500  -2.289e-04
  4406  +2.0465011347      4191  +2.0463867188  -1.144e-04
  4407  +2.0497992853      4198  +2.0498046875  +5.402e-06
  4408  +2.0530921377      4205  +2.0532226562  +1.305e-04
  4409  +2.0563797173      4211  +2.0561523438  -2.274e-04
  4410  +2.0596620493      4218  +2.0595703125  -9.174e-05
  4411  +2.0629391589      4225  +2.0629882812  +4.912e-05
  4412  +2.0662110708      4232  +2.0664062500  +1.952e-04
  4413  +2.0694778097      4238  +2.0693359375  -1.419e-04
  4414  +2.0727394001      4245  +2.0727539062  +1.451e-05
  4415  +2.0759958662      4252  +2.0761718750  +1.760e-04
  4416  +2.0792472321      4258  +2.0791015625  -1.457e-04
  4417  +2.0824935217      4265  +2.0825195312  +2.601e-05
  4418  +2.0857347587      4272  +2.0859375000  +2.027e-04
  4419  +2.0889709667      4278  +2.0888671875  -1.038e-04
  4420  +2.0922021688      4285  +2.0922851562  +8.299e-05
  4421  +2.0954283884      4291  +2.0952148438  -2.135e-04
  4422  +2.0986496484      4298  +2.0986328125  -1.684e-05
  4423  +2.1018659716      4305  +2.1020507812  +1.848e-04
  4424  +2.1050773806      4311  +2.1049804688  -9.691e-05
  4425  +2.1082838979      4318  +2.1083984375  +1.145e-04
  4426  +2.1114855458      4324  +2.1113281250  -1.574e-04
  4427  +2.1146823463      4331  +2.1147460938  +6.375e-05
  4428  +2.1178743215      4337  +2.1176757812  -1.985e-04
  4429  +2.1210614931      4344  +2.1210937500  +3.226e-05
  4430  +2.1242438827      4350  +2.1240234375  -2.204e-04
  4431  +2.1274215118      4357  +2.1274414062  +1.989e-05
  4432  +2.1305944018      4363  +2.1303710938  -2.233e-04
  4433  +2.1337625736      4370  +2.1337890625  +2.649e-05
  4434  +2.1369260484      4376  +2.1367187500  -2.073e-04
  4435  +2.1400848469      4383  +2.1401367188  +5.187e-05
  4436  +2.1432389899      4389  +2.1430664062  -1.726e-04
  4437  +2.1463884979      4396  +2.1464843750  +9.588e-05
  4438  +2.1495333911      4402  +2.1494140625  -1.193e-04
  4439  +2.1526736899      4409  +2.1528320312  +1.583e-04
  4440  +2.1558094144      4415  +2.1557617188  -4.770e-05
  4441  +2.1589405844      4422  +2.1591796875  +2.391e-04
  4442  +2.1620672197      4428  +2.1621093750  +4.216e-05
  4443  +2.1651893401      4434  +2.1650390625  -1.503e-04
  4444  +2.1683069649      4441  +2.1684570312  +1.501e-04
  4445  +2.1714201137      4447  +2.1713867188  -3.339e-05
  4446  +2.1745288055      4453  +2.1743164062  -2.124e-04
  4447  +2.1776330594      4460  +2.1777343750  +1.013e-04
  4448  +2.1807328946      4466  +2.1806640625  -6.883e-05
  4449  +2.1838283296      4472  +2.1835937500  -2.346e-04
  4450  +2.1869193833      4479  +2.1870117188  +9.234e-05
  4451  +2.1900060741      4485  +2.1899414062  -6.467e-05
  4452  +2.1930884206      4491  +2.1928710938  -2.173e-04
  4453  +2.1961664409      4498  +2.1962890625  +1.226e-04
  4454  +2.1992401534      4504  +2.1992187500  -2.140e-05
  4455  +2.2023095759      4510  +2.2021484375  -1.611e-04
  4456  +2.2053747264      4517  +2.2055664062  +1.917e-04
  4457  +2.2084356227      4523  +2.2084960938  +6.047e-05
  4458  +2.2114922824      4529  +2.2114257812  -6.650e-05
  4459  +2.2145447232      4535  +2.2143554688  -1.893e-04
  4460  +2.2175929624      4542  +2.2177734375  +1.805e-04
  4461  +2.2206370173      4548  +2.2207031250  +6.611e-05
  4462  +2.2236769051      4554  +2.2236328125  -4.409e-05
  4463  +2.2267126429      4560  +2.2265625000  -1.501e-04
  4464  +2.2297442477      4567  +2.2299804688  +2.362e-04
  4465  +2.2327717362      4573  +2.2329101562  +1.384e-04
  4466  +2.2357951251      4579  +2.2358398438  +4.472e-05
  4467  +2.2388144312      4585  +2.2387695312  -4.490e-05
  4468  +2.2418296709      4591  +2.2416992188  -1.305e-04
  4469  +2.2448408605      4597  +2.2446289062  -2.120e-04
  4470  +2.2478480164      4604  +2.2480468750  +1.989e-04
  4471  +2.2508511547      4610  +2.2509765625  +1.254e-04
  4472  +2.2538502915      4616  +2.2539062500  +5.596e-05
  4473  +2.2568454427      4622  +2.2568359375  -9.505e-06
  4474  +2.2598366242      4628  +2.2597656250  -7.100e-05
  4475  +2.2628238517      4634  +2.2626953125  -1.285e-04
  4476  +2.2658071408      4640  +2.2656250000  -1.821e-04
  4477  +2.2687865072      4646  +2.2685546875  -2.318e-04
  4478  +2.2717619662      4653  +2.2719726562  +2.107e-04
  4479  +2.2747335331      4659  +2.2749023438  +1.688e-04
  4480  +2.2777012233      4665  +2.2778320312  +1.308e-04
  4481  +2.2806650518      4671  +2.2807617188  +9.667e-05
  4482  +2.2836250336      4677  +2.2836914062  +6.637e-05
  4483  +2.2865811838      4683  +2.2866210938  +3.991e-05
  4484  +2.2895335171      4689  +2.2895507812  +1.726e-05
  4485  +2.2924820482      4695  +2.2924804688  -1.579e-06
  4486  +2.2954267920      4701  +2.2954101562  -1.664e-05
  4487  +2.2983677628      4707  +2.2983398438  -2.792e-05
  4488  +2.3013049752      4713  +2.3012695312  -3.544e-05
  4489  +2.3042384435      4719  +2.3041992188  -3.922e-05
  4490  +2.3071681821      4725  +2.3071289062  -3.928e-05
  4491  +2.3100942051      4731  +2.3100585938  -3.561e-05
  4492  +2.3130165265      4737  +2.3129882812  -2.825e-05
  4493  +2.3159351605      4743  +2.3159179688  -1.719e-05
  4494  +2.3188501210      4749  +2.3188476562  -2.465e-06
  4495  +2.3217614217      4755  +2.3217773438  +1.592e-05
  4496  +2.3246690765      4761  +2.3247070312  +3.795e-05
  4497  +2.3275730990      4767  +2.3276367188  +6.362e-05
  4498  +2.3304735027      4773  +2.3305664062  +9.290e-05
  4499  +2.3333703012      4779  +2.3334960938  +1.258e-04
  4500  +2.3362635079      4785  +2.3364257812  +1.623e-04
  4501  +2.3391531361      4791  +2.3393554688  +2.023e-04
  4502  +2.3420391991      4796  +2.3417968750  -2.423e-04
  4503  +2.3449217099      4802  +2.3447265625  -1.951e-04
  4504  +2.3478006818      4808  +2.3476562500  -1.444e-04
  4505  +2.3506761277      4814  +2.3505859375  -9.019e-05
  4506  +2.3535480605      4820  +2.3535156250  -3.244e-05
  4507  +2.3564164931      4826  +2.3564453125  +2.882e-05
  4508  +2.3592814382      4832  +2.3593750000  +9.356e-05
  4509  +2.3621429086      4838  +2.3623046875  +1.618e-04
  4510  +2.3650009168      4844  +2.3652343750  +2.335e-04
  4511  +2.3678554753      4849  +2.3676757812  -1.797e-04
  4512  +2.3707065967      4855  +2.3706054688  -1.011e-04
  4513  +2.3735542934      4861  +2.3735351562  -1.914e-05
  4514  +2.3763985776      4867  +2.3764648438  +6.627e-05
  4515  +2.3792394615      4873  +2.3793945312  +1.551e-04
  4516  +2.3820769574      4878  +2.3818359375  -2.410e-04
  4517  +2.3849110773      4884  +2.3847656250  -1.455e-04
  4518  +2.3877418333      4890  +2.3876953125  -4.652e-05
  4519  +2.3905692373      4896  +2.3906250000  +5.576e-05
  4520  +2.3933933012      4902  +2.3935546875  +1.614e-04
  4521  +2.3962140367      4907  +2.3959960938  -2.179e-04
  4522  +2.3990314558      4913  +2.3989257812  -1.057e-04
  4523  +2.4018455699      4919  +2.4018554688  +9.899e-06
  4524  +2.4046563907      4925  +2.4047851562  +1.288e-04
  4525  +2.4074639298      4930  +2.4072265625  -2.374e-04
  4526  +2.4102681985      4936  +2.4101562500  -1.119e-04
  4527  +2.4130692084      4942  +2.4130859375  +1.673e-05
  4528  +2.4158669708      4948  +2.4160156250  +1.487e-04
  4529  +2.4186614968      4953  +2.4184570312  -2.045e-04
  4530  +2.4214527978      4959  +2.4213867188  -6.608e-05
  4531  +2.4242408849      4965  +2.4243164062  +7.552e-05
  4532  +2.4270257690      4971  +2.4272460938  +2.203e-04
  4533  +2.4298074614      4976  +2.4296875000  -1.200e-04
  4534  +2.4325859728      4982  +2.4326171875  +3.121e-05
  4535  +2.4353613142      4988  +2.4355468750  +1.856e-04
  4536  +2.4381334965      4993  +2.4379882812  -1.452e-04
  4537  +2.4409025303      4999  +2.4409179688  +1.544e-05
  4538  +2.4436684264      5005  +2.4438476562  +1.792e-04
  4539  +2.4464311955      5010  +2.4462890625  -1.421e-04
  4540  +2.4491908480      5016  +2.4492187500  +2.790e-05
  4541  +2.4519473946      5022  +2.4521484375  +2.010e-04
  4542  +2.4547008456      5027  +2.4545898438  -1.110e-04
  4543  +2.4574512116      5033  +2.4575195312  +6.832e-05
  4544  +2.4601985028      5038  +2.4599609375  -2.376e-04
  4545  +2.4629427295      5044  +2.4628906250  -5.210e-05
  4546  +2.4656839020      5050  +2.4658203125  +1.364e-04
  4547  +2.4684220304      5055  +2.4682617188  -1.603e-04
  4548  +2.4711571249      5061  +2.4711914062  +3.428e-05
  4549  +2.4738891956      5067  +2.4741210938  +2.319e-04
  4550  +2.4766182523      5072  +2.4765625000  -5.575e-05
  4551  +2.4793443052      5078  +2.4794921875  +1.479e-04
  4552  +2.4820673640      5083  +2.4819335938  -1.338e-04
  4553  +2.4847874386      5089  +2.4848632812  +7.584e-05
  4554  +2.4875045389      5094  +2.4873046875  -1.999e-04
  4555  +2.4902186745      5100  +2.4902343750  +1.570e-05
  4556  +2.4929298551      5106  +2.4931640625  +2.342e-04
  4557  +2.4956380904      5111  +2.4956054688  -3.262e-05
  4558  +2.4983433899      5117  +2.4985351562  +1.918e-04
  4559  +2.5010457632      5122  +2.5009765625  -6.920e-05
  4560  +2.5037452198      5128  +2.5039062500  +1.610e-04
  4561  +2.5064417690      5133  +2.5063476562  -9.411e-05
  4562  +2.5091354203      5139  +2.5092773438  +1.419e-04
  4563  +2.5118261829      5144  +2.5117187500  -1.074e-04
  4564  +2.5145140661      5150  +2.5146484375  +1.344e-04
  4565  +2.5171990793      5155  +2.5170898438  -1.092e-04
  4566  +2.5198812314      5161  +2.5200195312  +1.383e-04
  4567  +2.5225605317      5166  +2.5224609375  -9.959e-05
  4568  +2.5252369893      5172  +2.5253906250  +1.536e-04
  4569  +2.5279106131      5177  +2.5278320312  -7.858e-05
  4570  +2.5305814122      5183  +2.5307617188  +1.803e-04
  4571  +2.5332493954      5188  +2.5332031250  -4.627e-05
  4572  +2.5359145717      5194  +2.5361328125  +2.182e-04
  4573  +2.5385769500      5199  +2.5385742188  -2.731e-06
  4574  +2.5412365389      5204  +2.5410156250  -2.209e-04
  4575  +2.5438933473      5210  +2.5439453125  +5.197e-05
  4576  +2.5465473839      5215  +2.5463867188  -1.607e-04
  4577  +2.5491986572      5221  +2.5493164062  +1.177e-04
  4578  +2.5518471760      5226  +2.5517578125  -8.936e-05
  4579  +2.5544929488      5232  +2.5546875000  +1.946e-04
  4580  +2.5571359841      5237  +2.5571289062  -7.078e-06
  4581  +2.5597762905      5242  +2.5595703125  -2.060e-04
  4582  +2.5624138762      5248  +2.5625000000  +8.612e-05
  4583  +2.5650487498      5253  +2.5649414062  -1.073e-04
  4584  +2.5676809195      5259  +2.5678710938  +1.902e-04
  4585  +2.5703103938      5264  +2.5703125000  +2.106e-06
  4586  +2.5729371808      5269  +2.5727539062  -1.833e-04
  4587  +2.5755612887      5275  +2.5756835938  +1.223e-04
  4588  +2.5781827258      5280  +2.5781250000  -5.773e-05
  4589  +2.5808015002      5285  +2.5805664062  -2.351e-04
  4590  +2.5834176200      5291  +2.5834960938  +7.847e-05
  4591  +2.5860310932      5296  +2.5859375000  -9.359e-05
  4592  +2.5886419279      5302  +2.5888671875  +2.253e-04
  4593  +2.5912501320      5307  +2.5913085938  +5.846e-05
  4594  +2.5938557135      5312  +2.5937500000  -1.057e-04
  4595  +2.5964586802      5318  +2.5966796875  +2.210e-04
  4596  +2.5990590401      5323  +2.5991210938  +6.205e-05
  4597  +2.6016568009      5328  +2.6015625000  -9.430e-05
  4598  +2.6042519704      5334  +2.6044921875  +2.402e-04
  4599  +2.6068445564      5339  +2.6069335938  +8.904e-05
  4600  +2.6094345666      5344  +2.6093750000  -5.957e-05
  4601  +2.6120220085      5349  +2.6118164062  -2.056e-04
  4602  +2.6146068899      5355  +2.6147460938  +1.392e-04
  4603  +2.6171892183      5360  +2.6171875000  -1.718e-06
  4604  +2.6197690013      5365  +2.6196289062  -1.401e-04
  4605  +2.6223462464      5371  +2.6225585938  +2.123e-04
  4606  +2.6249209611      5376  +2.6250000000  +7.904e-05
  4607  +2.6274931527      5381  +2.6274414062  -5.175e-05
  4608  +2.6300628288      5386  +2.6298828125  -1.800e-04
  4609  +2.6326299966      5392  +2.6328125000  +1.825e-04
  4610  +2.6351946636      5397  +2.6352539062  +5.924e-05
  4611  +2.6377568369      5402  +2.6376953125  -6.152e-05
  4612  +2.6403165239      5407  +2.6401367188  -1.798e-04
  4613  +2.6428737318      5413  +2.6430664062  +1.927e-04
  4614  +2.6454284678      5418  +2.6455078125  +7.934e-05
  4615  +2.6479807390      5423  +2.6479492188  -3.152e-05
  4616  +2.6505305525      5428  +2.6503906250  -1.399e-04
  4617  +2.6530779155      5434  +2.6533203125  +2.424e-04
  4618  +2.6556228349      5439  +2.6557617188  +1.389e-04
  4619  +2.6581653179      5444  +2.6582031250  +3.781e-05
  4620  +2.6607053713      5449  +2.6606445312  -6.084e-05
  4621  +2.6632430022      5454  +2.6630859375  -1.571e-04
  4622  +2.6657782174      5460  +2.6660156250  +2.374e-04
  4623  +2.6683110239      5465  +2.6684570312  +1.460e-04
  4624  +2.6708414285      5470  +2.6708984375  +5.701e-05
  4625  +2.6733694380      5475  +2.6733398438  -2.959e-05
  4626  +2.6758950592      5480  +2.6757812500  -1.138e-04
  4627  +2.6784182988      5485  +2.6782226562  -1.956e-04
  4628  +2.6809391637      5491  +2.6811523438  +2.132e-04
  4629  +2.6834576604      5496  +2.6835937500  +1.361e-04
  4630  +2.6859737956      5501  +2.6860351562  +6.136e-05
  4631  +2.6884875761      5506  +2.6884765625  -1.101e-05
  4632  +2.6909990082      5511  +2.6909179688  -8.104e-05
  4633  +2.6935080988      5516  +2.6933593750  -1.487e-04
  4634  +2.6960148542      5521  +2.6958007812  -2.141e-04
  4635  +2.6985192810      5527  +2.6987304688  +2.112e-04
  4636  +2.7010213856      5532  +2.7011718750  +1.505e-04
  4637  +2.7035211746      5537  +2.7036132812  +9.211e-05
  4638  +2.7060186542      5542  +2.7060546875  +3.603e-05
  4639  +2.7085138310      5547  +2.7084960938  -1.774e-05
  4640  +2.7110067113      5552  +2.7109375000  -6.921e-05
  4641  +2.7134973014      5557  +2.7133789062  -1.184e-04
  4642  +2.7159856075      5562  +2.7158203125  -1.653e-04
  4643  +2.7184716361      5567  +2.7182617188  -2.099e-04
  4644  +2.7209553932      5573  +2.7211914062  +2.360e-04
  4645  +2.7234368852      5578  +2.7236328125  +1.959e-04
  4646  +2.7259161182      5583  +2.7260742188  +1.581e-04
  4647  +2.7283930984      5588  +2.7285156250  +1.225e-04
  4648  +2.7308678318      5593  +2.7309570312  +8.920e-05
  4649  +2.7333403247      5598  +2.7333984375  +5.811e-05
  4650  +2.7358105831      5603  +2.7358398438  +2.926e-05
  4651  +2.7382786130      5608  +2.7382812500  +2.637e-06
  4652  +2.7407444204      5613  +2.7407226562  -2.176e-05
  4653  +2.7432080114      5618  +2.7431640625  -4.395e-05
  4654  +2.7456693919      5623  +2.7456054688  -6.392e-05
  4655  +2.7481285679      5628  +2.7480468750  -8.169e-05
  4656  +2.7505855452      5633  +2.7504882812  -9.726e-05
  4657  +2.7530403297      5638  +2.7529296875  -1.106e-04
  4658  +2.7554929274      5643  +2.7553710938  -1.218e-04
  4659  +2.7579433440      5648  +2.7578125000  -1.308e-04
  4660  +2.7603915853      5653  +2.7602539062  -1.377e-04
  4661  +2.7628376572      5658  +2.7626953125  -1.423e-04
  4662  +2.7652815654      5663  +2.7651367188  -1.448e-04
  4663  +2.7677233156      5668  +2.7675781250  -1.452e-04
  4664  +2.7701629135      5673  +2.7700195312  -1.434e-04
  4665  +2.7726003649      5678  +2.7724609375  -1.394e-04
  4666  +2.7750356753      5683  +2.7749023438  -1.333e-04
  4667  +2.7774688504      5688  +2.7773437500  -1.251e-04
  4668  +2.7798998958      5693  +2.7797851562  -1.147e-04
  4669  +2.7823288171      5698  +2.7822265625  -1.023e-04
  4670  +2.7847556199      5703  +2.7846679688  -8.765e-05
  4671  +2.7871803096      5708  +2.7871093750  -7.093e-05
  4672  +2.7896028918      5713  +2.7895507812  -5.211e-05
  4673  +2.7920233720      5718  +2.7919921875  -3.118e-05
  4674  +2.7944417556      5723  +2.7944335938  -8.162e-06
  4675  +2.7968580481      5728  +2.7968750000  +1.695e-05
  4676  +2.7992722549      5733  +2.7993164062  +4.415e-05
  4677  +2.8016843814      5738  +2.8017578125  +7.343e-05
  4678  +2.8040944329      5743  +2.8041992188  +1.048e-04
  4679  +2.8065024148      5748  +2.8066406250  +1.382e-04
  4680  +2.8089083325      5753  +2.8090820312  +1.737e-04
  4681  +2.8113121911      5758  +2.8115234375  +2.112e-04
  4682  +2.8137139961      5762  +2.8134765625  -2.374e-04
  4683  +2.8161137526      5767  +2.8159179688  -1.958e-04
  4684  +2.8185114659      5772  +2.8183593750  -1.521e-04
  4685  +2.8209071412      5777  +2.8208007812  -1.064e-04
  4686  +2.8233007836      5782  +2.8232421875  -5.860e-05
  4687  +2.8256923985      5787  +2.8256835938  -8.805e-06
  4688  +2.8280819908      5792  +2.8281250000  +4.301e-05
  4689  +2.8304695657      5797  +2.8305664062  +9.684e-05
  4690  +2.8328551283      5802  +2.8330078125  +1.527e-04
  4691  +2.8352386838      5807  +2.8354492188  +2.105e-04
  4692  +2.8376202370      5811  +2.8374023438  -2.179e-04
  4693  +2.8399997932      5816  +2.8398437500  -1.560e-04
  4694  +2.8423773573      5821  +2.8422851562  -9.220e-05
  4695  +2.8447529343      5826  +2.8447265625  -2.637e-05
  4696  +2.8471265291      5831  +2.8471679688  +4.144e-05
  4697  +2.8494981468      5836  +2.8496093750  +1.112e-04
  4698  +2.8518677922      5841  +2.8520507812  +1.830e-04
  4699  +2.8542354703      5845  +2.8540039062  -2.316e-04
  4700  +2.8566011860      5850  +2.8564453125  -1.559e-04
  4701  +2.8589649441      5855  +2.8588867188  -7.823e-05
  4702  +2.8613267495      5860  +2.8613281250  +1.375e-06
  4703  +2.8636866070      5865  +2.8637695312  +8.292e-05
  4704  +2.8660445215      5870  +2.8662109375  +1.664e-04
  4705  +2.8684004976      5874  +2.8681640625  -2.364e-04
  4706  +2.8707545403      5879  +2.8706054688  -1.491e-04
  4707  +2.8731066542      5884  +2.8730468750  -5.978e-05
  4708  +2.8754568441      5889  +2.8754882812  +3.144e-05
  4709  +2.8778051147      5894  +2.8779296875  +1.246e-04
  4710  +2.8801514706      5899  +2.8803710938  +2.196e-04
  4711  +2.8824959167      5903  +2.8823242188  -1.717e-04
  4712  +2.8848384574      5908  +2.8847656250  -7.283e-05
  4713  +2.8871790975      5913  +2.8872070312  +2.793e-05
  4714  +2.8895178416      5918  +2.8896484375  +1.306e-04
  4715  +2.8918546943      5923  +2.8920898438  +2.351e-04
  4716  +2.8941896601      5927  +2.8940429688  -1.467e-04
  4717  +2.8965227436      5932  +2.8964843750  -3.837e-05
  4718  +2.8988539494      5937  +2.8989257812  +7.183e-05
  4719  +2.9011832820      5942  +2.9013671875  +1.839e-04
  4720  +2.9035107459      5946  +2.9033203125  -1.904e-04
  4721  +2.9058363456      5951  +2.9057617188  -7.463e-05
  4722  +2.9081600856      5956  +2.9082031250  +4.304e-05
  4723  +2.9104819702      5961  +2.9106445312  +1.626e-04
  4724  +2.9128020041      5965  +2.9125976562  -2.043e-04
  4725  +2.9151201915      5970  +2.9150390625  -8.113e-05
  4726  +2.9174365368      5975  +2.9174804688  +4.393e-05
  4727  +2.9197510446      5980  +2.9199218750  +1.708e-04
  4728  +2.9220637190      5984  +2.9218750000  -1.887e-04
  4729  +2.9243745646      5989  +2.9243164062  -5.816e-05
  4730  +2.9266835855      5994  +2.9267578125  +7.423e-05
  4731  +2.9289907862      5999  +2.9291992188  +2.084e-04
  4732  +2.9312961708      6003  +2.9311523438  -1.438e-04
  4733  +2.9335997438      6008  +2.9335937500  -5.994e-06
  4734  +2.9359015094      6013  +2.9360351562  +1.336e-04
  4735  +2.9382014717      6017  +2.9379882812  -2.132e-04
  4736  +2.9404996352      6022  +2.9404296875  -6.995e-05
  4737  +2.9427960038      6027  +2.9428710938  +7.509e-05
  4738  +2.9450905820      6032  +2.9453125000  +2.219e-04
  4739  +2.9473833737      6036  +2.9472656250  -1.177e-04
  4740  +2.9496743833      6041  +2.9497070312  +3.265e-05
  4741  +2.9519636148      6046  +2.9521484375  +1.848e-04
  4742  +2.9542510724      6050  +2.9541015625  -1.495e-04
  4743  +2.9565367603      6055  +2.9565429688  +6.208e-06
  4744  +2.9588206824      6060  +2.9589843750  +1.637e-04
  4745  +2.9611028429      6064  +2.9609375000  -1.653e-04
  4746  +2.9633832459      6069  +2.9633789062  -4.340e-06
  4747  +2.9656618954      6074  +2.9658203125  +1.584e-04
  4748  +2.9679387955      6078  +2.9677734375  -1.654e-04
  4749  +2.9702139501      6083  +2.9702148438  +8.936e-07
  4750  +2.9724873634      6088  +2.9726562500  +1.689e-04
  4751  +2.9747590392      6092  +2.9746093750  -1.497e-04
  4752  +2.9770289815      6097  +2.9770507812  +2.180e-05
  4753  +2.9792971944      6102  +2.9794921875  +1.950e-04
  4754  +2.9815636818      6106  +2.9814453125  -1.184e-04
  4755  +2.9838284475      6111  +2.9838867188  +5.827e-05
  4756  +2.9860914956      6116  +2.9863281250  +2.366e-04
  4757  +2.9883528299      6120  +2.9882812500  -7.158e-05
  4758  +2.9906124543      6125  +2.9907226562  +1.102e-04
  4759  +2.9928703726      6129  +2.9926757812  -1.946e-04
  4760  +2.9951265889      6134  +2.9951171875  -9.401e-06
  4761  +2.9973811067      6139  +2.9975585938  +1.775e-04
  4762  +2.9996339301      6143  +2.9995117188  -1.222e-04
  4763  +3.0018850629      6148  +3.0019531250  +6.806e-05
  4764  +3.0041345087      6152  +3.0039062500  -2.283e-04
  4765  +3.0063822715      6157  +3.0063476562  -3.462e-05
  4766  +3.0086283549      6162  +3.0087890625  +1.607e-04
  4767  +3.0108727628      6166  +3.0107421875  -1.306e-04
  4768  +3.0131154989      6171  +3.0131835938  +6.809e-05
  4769  +3.0153565669      6175  +3.0151367188  -2.198e-04
  4770  +3.0175959705      6180  +3.0175781250  -1.785e-05
  4771  +3.0198337135      6185  +3.0200195312  +1.858e-04
  4772  +3.0220697994      6189  +3.0219726562  -9.714e-05
  4773  +3.0243042321      6194  +3.0244140625  +1.098e-04
  4774  +3.0265370152      6198  +3.0263671875  -1.698e-04
  4775  +3.0287681522      6203  +3.0288085938  +4.044e-05
  4776  +3.0309976470      6207  +3.0307617188  -2.359e-04
  4777  +3.0332255029      6212  +3.0332031250  -2.238e-05
  4778  +3.0354517238      6217  +3.0356445312  +1.928e-04
  4779  +3.0376763131      6221  +3.0375976562  -7.866e-05
  4780  +3.0398992745      6226  +3.0400390625  +1.398e-04
  4781  +3.0421206115      6230  +3.0419921875  -1.284e-04
  4782  +3.0443403277      6235  +3.0444335938  +9.327e-05
  4783  +3.0465584265      6239  +3.0463867188  -1.717e-04
  4784  +3.0487749117      6244  +3.0488281250  +5.321e-05
  4785  +3.0509897866      6248  +3.0507812500  -2.085e-04
  4786  +3.0532030548      6253  +3.0532226562  +1.960e-05
  4787  +3.0554147197      6257  +3.0551757812  -2.389e-04
  4788  +3.0576247849      6262  +3.0576171875  -7.597e-06
  4789  +3.0598332538      6267  +3.0600585938  +2.253e-04
  4790  +3.0620401299      6271  +3.0620117188  -2.841e-05
  4791  +3.0642454165      6276  +3.0644531250  +2.077e-04
  4792  +3.0664491172      6280  +3.0664062500  -4.287e-05
  4793  +3.0686512354      6285  +3.0688476562  +1.964e-04
  4794  +3.0708517744      6289  +3.0708007812  -5.099e-05
  4795  +3.0730507376      6294  +3.0732421875  +1.914e-04
  4796  +3.0752481285      6298  +3.0751953125  -5.282e-05
  4797  +3.0774439503      6303  +3.0776367188  +1.928e-04
  4798  +3.0796382065      6307  +3.0795898438  -4.836e-05
  4799  +3.0818309005      6312  +3.0820312500  +2.003e-04
  4800  +3.0840220354      6316  +3.0839843750  -3.766e-05
  4801  +3.0862116147      6321  +3.0864257812  +2.142e-04
  4802  +3.0883996416      6325  +3.0883789062  -2.074e-05
  4803  +3.0905861195      6330  +3.0908203125  +2.342e-04
  4804  +3.0927710516      6334  +3.0927734375  +2.386e-06
  4805  +3.0949544413      6338  +3.0947265625  -2.279e-04
  4806  +3.0971362917      6343  +3.0971679688  +3.168e-05
  4807  +3.0993166062      6347  +3.0991210938  -1.955e-04
  4808  +3.1014953879      6352  +3.1015625000  +6.711e-05
  4809  +3.1036726401      6356  +3.1035156250  -1.570e-04
  4810  +3.1058483660      6361  +3.1059570312  +1.087e-04
  4811  +3.1080225688      6365  +3.1079101562  -1.124e-04
  4812  +3.1101952518      6370  +3.1103515625  +1.563e-04
  4813  +3.1123664180      6374  +3.1123046875  -6.173e-05
  4814  +3.1145360707      6379  +3.1147460938  +2.100e-04
  4815  +3.1167042130      6383  +3.1166992188  -4.994e-06
  4816  +3.1188708481      6387  +3.1186523438  -2.185e-04
  4817  +3.1210359792      6392  +3.1210937500  +5.777e-05
  4818  +3.1231996092      6396  +3.1230468750  -1.527e-04
  4819  +3.1253617414      6401  +3.1254882812  +1.265e-04
  4820  +3.1275223789      6405  +3.1274414062  -8.097e-05
  4821  +3.1296815247      6410  +3.1298828125  +2.013e-04
  4822  +3.1318391820      6414  +3.1318359375  -3.245e-06
  4823  +3.1339953538      6418  +3.1337890625  -2.063e-04
  4824  +3.1361500432      6423  +3.1362304688  +8.043e-05
  4825  +3.1383032533      6427  +3.1381835938  -1.197e-04
  4826  +3.1404549870      6432  +3.1406250000  +1.700e-04
  4827  +3.1426052474      6436  +3.1425781250  -2.712e-05
  4828  +3.1447540376      6440  +3.1445312500  -2.228e-04
  4829  +3.1469013605      6445  +3.1469726562  +7.130e-05
  4830  +3.1490472191      6449  +3.1489257812  -1.214e-04
  4831  +3.1511916165      6454  +3.1513671875  +1.756e-04
  4832  +3.1533345557      6458  +3.1533203125  -1.424e-05
  4833  +3.1554760395      6462  +3.1552734375  -2.026e-04
  4834  +3.1576160710      6467  +3.1577148438  +9.877e-05
  4835  +3.1597546530      6471  +3.1596679688  -8.668e-05
  4836  +3.1618917887      6476  +3.1621093750  +2.176e-04
  4837  +3.1640274807      6480  +3.1640625000  +3.502e-05
  4838  +3.1661617322      6484  +3.1660156250  -1.461e-04
  4839  +3.1682945460      6489  +3.1684570312  +1.625e-04
  4840  +3.1704259251      6493  +3.1704101562  -1.577e-05
  4841  +3.1725558722      6497  +3.1723632812  -1.926e-04
  4842  +3.1746843903      6502  +3.1748046875  +1.203e-04
  4843  +3.1768114822      6506  +3.1767578125  -5.367e-05
  4844  +3.1789371509      6510  +3.1787109375  -2.262e-04
  4845  +3.1810613992      6515  +3.1811523438  +9.094e-05
  4846  +3.1831842298      6519  +3.1831054688  -7.876e-05
  4847  +3.1853056457      6524  +3.1855468750  +2.412e-04
  4848  +3.1874256497      6528  +3.1875000000  +7.435e-05
  4849  +3.1895442446      6532  +3.1894531250  -9.112e-05
  4850  +3.1916614332      6537  +3.1918945312  +2.331e-04
  4851  +3.1937772183      6541  +3.1938476562  +7.044e-05
  4852  +3.1958916026      6545  +3.1958007812  -9.082e-05
  4853  +3.1980045890      6550  +3.1982421875  +2.376e-04
  4854  +3.2001161803      6554  +3.2001953125  +7.913e-05
  4855  +3.2022263791      6558  +3.2021484375  -7.794e-05
  4856  +3.2043351883      6562  +3.2041015625  -2.336e-04
  4857  +3.2064426105      6567  +3.2065429688  +1.004e-04
  4858  +3.2085486486      6571  +3.2084960938  -5.255e-05
  4859  +3.2106533052      6575  +3.2104492188  -2.041e-04
  4860  +3.2127565831      6580  +3.2128906250  +1.340e-04
  4861  +3.2148584849      6584  +3.2148437500  -1.473e-05
  4862  +3.2169590134      6588  +3.2167968750  -1.621e-04
  4863  +3.2190581712      6593  +3.2192382812  +1.801e-04
  4864  +3.2211559610      6597  +3.2211914062  +3.545e-05
  4865  +3.2232523856      6601  +3.2231445312  -1.079e-04
  4866  +3.2253474475      6606  +3.2255859375  +2.385e-04
  4867  +3.2274411494      6610  +3.2275390625  +9.791e-05
  4868  +3.2295334939      6614  +3.2294921875  -4.131e-05
  4869  +3.2316244838      6618  +3.2314453125  -1.792e-04
  4870  +3.2337141216      6623  +3.2338867188  +1.726e-04
  4871  +3.2358024099      6627  +3.2358398438  +3.743e-05
  4872  +3.2378893513      6631  +3.2377929688  -9.638e-05
  4873  +3.2399749486      6635  +3.2397460938  -2.289e-04
  4874  +3.2420592041      6640  +3.2421875000  +1.283e-04
  4875  +3.2441421206      6644  +3.2441406250  -1.496e-06
  4876  +3.2462237006      6648  +3.2460937500  -1.300e-04
  4877  +3.2483039467      6653  +3.2485351562  +2.312e-04
  4878  +3.2503828615      6657  +3.2504882812  +1.054e-04
  4879  +3.2524604474      6661  +3.2524414062  -1.904e-05
  4880  +3.2545367071      6665  +3.2543945312  -1.422e-04
  4881  +3.2566116430      6670  +3.2568359375  +2.243e-04
  4882  +3.2586852578      6674  +3.2587890625  +1.038e-04
  4883  +3.2607575539      6678  +3.2607421875  -1.537e-05
  4884  +3.2628285338      6682  +3.2626953125  -1.332e-04
  4885  +3.2648982001      6687  +3.2651367188  +2.385e-04
  4886  +3.2669665552      6691  +3.2670898438  +1.233e-04
  4887  +3.2690336016      6695  +3.2690429688  +9.367e-06
  4888  +3.2710993418      6699  +3.2709960938  -1.032e-04
  4889  +3.2731637784      6703  +3.2729492188  -2.146e-04
  4890  +3.2752269136      6708  +3.2753906250  +1.637e-04
  4891  +3.2772887501      6712  +3.2773437500  +5.500e-05
  4892  +3.2793492902      6716  +3.2792968750  -5.242e-05
  4893  +3.2814085364      6720  +3.2812500000  -1.585e-04
  4894  +3.2834664912      6725  +3.2836914062  +2.249e-04
  4895  +3.2855231569      6729  +3.2856445312  +1.214e-04
  4896  +3.2875785360      6733  +3.2875976562  +1.912e-05
  4897  +3.2896326309      6737  +3.2895507812  -8.185e-05
  4898  +3.2916854440      6741  +3.2915039062  -1.815e-04
  4899  +3.2937369776      6746  +3.2939453125  +2.083e-04
  4900  +3.2957872343      6750  +3.2958984375  +1.112e-04
  4901  +3.2978362163      6754  +3.2978515625  +1.535e-05
  4902  +3.2998839260      6758  +3.2998046875  -7.924e-05
  4903  +3.3019303659      6762  +3.3017578125  -1.726e-04
  4904  +3.3039755382      6767  +3.3041992188  +2.237e-04
  4905  +3.3060194453      6771  +3.3061523438  +1.329e-04
  4906  +3.3080620895      6775  +3.3081054688  +4.338e-05
  4907  +3.3101034733      6779  +3.3100585938  -4.488e-05
  4908  +3.3121435989      6783  +3.3120117188  -1.319e-04
  4909  +3.3141824687      6787  +3.3139648438  -2.176e-04
  4910  +3.3162200849      6792  +3.3164062500  +1.862e-04
  4911  +3.3182564499      6796  +3.3183593750  +1.029e-04
  4912  +3.3202915660      6800  +3.3203125000  +2.093e-05
  4913  +3.3223254354      6804  +3.3222656250  -5.981e-05
  4914  +3.3243580605      6808  +3.3242187500  -1.393e-04
  4915  +3.3263894436      6812  +3.3261718750  -2.176e-04
  4916  +3.3284195869      6817  +3.3286132812  +1.937e-04
  4917  +3.3304484926      6821  +3.3305664062  +1.179e-04
  4918  +3.3324761631      6825  +3.3325195312  +4.337e-05
  4919  +3.3345026006      6829  +3.3344726562  -2.994e-05
  4920  +3.3365278074      6833  +3.3364257812  -1.020e-04
  4921  +3.3385517856      6837  +3.3383789062  -1.729e-04
  4922  +3.3405745375      6841  +3.3403320312  -2.425e-04
  4923  +3.3425960654      6846  +3.3427734375  +1.774e-04
  4924  +3.3446163715      6850  +3.3447265625  +1.102e-04
  4925  +3.3466354579      6854  +3.3466796875  +4.423e-05
  4926  +3.3486533269      6858  +3.3486328125  -2.051e-05
  4927  +3.3506699807      6862  +3.3505859375  -8.404e-05
  4928  +3.3526854215      6866  +3.3525390625  -1.464e-04
  4929  +3.3546996514      6870  +3.3544921875  -2.075e-04
  4930  +3.3567126727      6875  +3.3569335938  +2.209e-04
  4931  +3.3587244875      6879  +3.3588867188  +1.622e-04
  4932  +3.3607350980      6883  +3.3608398438  +1.047e-04
  4933  +3.3627445063      6887  +3.3627929688  +4.846e-05
  4934  +3.3647527146      6891  +3.3647460938  -6.621e-06
  4935  +3.3667597250      6895  +3.3666992188  -6.051e-05
  4936  +3.3687655398      6899  +3.3686523438  -1.132e-04
  4937  +3.3707701609      6903  +3.3706054688  -1.647e-04
  4938  +3.3727735906      6907  +3.3725585938  -2.150e-04
  4939  +3.3747758310      6912  +3.3750000000  +2.242e-04
  4940  +3.3767768841      6916  +3.3769531250  +1.762e-04
  4941  +3.3787767522      6920  +3.3789062500  +1.295e-04
  4942  +3.3807754372      6924  +3.3808593750  +8.394e-05
  4943  +3.3827729413      6928  +3.3828125000  +3.956e-05
  4944  +3.3847692666      6932  +3.3847656250  -3.642e-06
  4945  +3.3867644152      6936  +3.3867187500  -4.567e-05
  4946  +3.3887583891      6940  +3.3886718750  -8.651e-05
  4947  +3.3907511905      6944  +3.3906250000  -1.262e-04
  4948  +3.3927428213      6948  +3.3925781250  -1.647e-04
  4949  +3.3947332837      6952  +3.3945312500  -2.020e-04
  4950  +3.3967225796      6956  +3.3964843750  -2.382e-04
  4951  +3.3987107112      6961  +3.3989257812  +2.151e-04
  4952  +3.4006976806      6965  +3.4008789062  +1.812e-04
  4953  +3.4026834896      6969  +3.4028320312  +1.485e-04
  4954  +3.4046681404      6973  +3.4047851562  +1.170e-04
  4955  +3.4066516350      6977  +3.4067382812  +8.665e-05
  4956  +3.4086339753      6981  +3.4086914062  +5.743e-05
  4957  +3.4106151635      6985  +3.4106445312  +2.937e-05
  4958  +3.4125952015      6989  +3.4125976562  +2.455e-06
  4959  +3.4145740913      6993  +3.4145507812  -2.331e-05
  4960  +3.4165518349      6997  +3.4165039062  -4.793e-05
  4961  +3.4185284344      7001  +3.4184570312  -7.140e-05
  4962  +3.4205038916      7005  +3.4204101562  -9.374e-05
  4963  +3.4224782086      7009  +3.4223632812  -1.149e-04
  4964  +3.4244513873      7013  +3.4243164062  -1.350e-04
  4965  +3.4264234297      7017  +3.4262695312  -1.539e-04
  4966  +3.4283943378      7021  +3.4282226562  -1.717e-04
  4967  +3.4303641135      7025  +3.4301757812  -1.883e-04
  4968  +3.4323327588      7029  +3.4321289062  -2.039e-04
  4969  +3.4343002756      7033  +3.4340820312  -2.182e-04
  4970  +3.4362666658      7037  +3.4360351562  -2.315e-04
  4971  +3.4382319315      7041  +3.4379882812  -2.437e-04
  4972  +3.4401960744      7046  +3.4404296875  +2.336e-04
  4973  +3.4421590966      7050  +3.4423828125  +2.237e-04
  4974  +3.4441209999      7054  +3.4443359375  +2.149e-04
  4975  +3.4460817863      7058  +3.4462890625  +2.073e-04
  4976  +3.4480414576      7062  +3.4482421875  +2.007e-04
  4977  +3.4500000158      7066  +3.4501953125  +1.953e-04
  4978  +3.4519574628      7070  +3.4521484375  +1.910e-04
  4979  +3.4539138004      7074  +3.4541015625  +1.878e-04
  4980  +3.4558690306      7078  +3.4560546875  +1.857e-04
  4981  +3.4578231552      7082  +3.4580078125  +1.847e-04
  4982  +3.4597761760      7086  +3.4599609375  +1.848e-04
  4983  +3.4617280950      7090  +3.4619140625  +1.860e-04
  4984  +3.4636789141      7094  +3.4638671875  +1.883e-04
  4985  +3.4656286350      7098  +3.4658203125  +1.917e-04
  4986  +3.4675772596      7102  +3.4677734375  +1.962e-04
  4987  +3.4695247898      7106  +3.4697265625  +2.018e-04
  4988  +3.4714712274      7110  +3.4716796875  +2.085e-04
  4989  +3.4734165743      7114  +3.4736328125  +2.162e-04
  4990  +3.4753608323      7118  +3.4755859375  +2.251e-04
  4991  +3.4773040031      7122  +3.4775390625  +2.351e-04
  4992  +3.4792460887      7125  +3.4790039062  -2.422e-04
  4993  +3.4811870909      7129  +3.4809570312  -2.301e-04
  4994  +3.4831270114      7133  +3.4829101562  -2.169e-04
  4995  +3.4850658521      7137  +3.4848632812  -2.026e-04
  4996  +3.4870036147      7141  +3.4868164062  -1.872e-04
  4997  +3.4889403012      7145  +3.4887695312  -1.708e-04
  4998  +3.4908759131      7149  +3.4907226562  -1.533e-04
  4999  +3.4928104524      7153  +3.4926757812  -1.347e-04
  5000  +3.4947439209      7157  +3.4946289062  -1.150e-04
  5001  +3.4966763202      7161  +3.4965820312  -9.429e-05
  5002  +3.4986076522      7165  +3.4985351562  -7.250e-05
  5003  +3.5005379186      7169  +3.5004882812  -4.964e-05
  5004  +3.5024671213      7173  +3.5024414062  -2.572e-05
  5005  +3.5043952619      7177  +3.5043945312  -7.306e-07
  5006  +3.5063223422      7181  +3.5063476562  +2.531e-05
  5007  +3.5082483639      7185  +3.5083007812  +5.242e-05
  5008  +3.5101733289      7189  +3.5102539062  +8.058e-05
  5009  +3.5120972388      7193  +3.5122070312  +1.098e-04
  5010  +3.5140200953      7197  +3.5141601562  +1.401e-04
  5011  +3.5159419003      7201  +3.5161132812  +1.714e-04
  5012  +3.5178626553      7205  +3.5180664062  +2.038e-04
  5013  +3.5197823623      7209  +3.5200195312  +2.372e-04
  5014  +3.5217010227      7212  +3.5214843750  -2.166e-04
  5015  +3.5236186384      7216  +3.5234375000  -1.811e-04
  5016  +3.5255352111      7220  +3.5253906250  -1.446e-04
  5017  +3.5274507425      7224  +3.5273437500  -1.070e-04
  5018  +3.5293652342      7228  +3.5292968750  -6.836e-05
  5019  +3.5312786880      7232  +3.5312500000  -2.869e-05
  5020  +3.5331911055      7236  +3.5332031250  +1.202e-05
  5021  +3.5351024885      7240  +3.5351562500  +5.376e-05
  5022  +3.5370128385      7244  +3.5371093750  +9.654e-05
  5023  +3.5389221573      7248  +3.5390625000  +1.403e-04
  5024  +3.5408304466      7252  +3.5410156250  +1.852e-04
  5025  +3.5427377079      7256  +3.5429687500  +2.310e-04
  5026  +3.5446439430      7259  +3.5444335938  -2.103e-04
  5027  +3.5465491536      7263  +3.5463867188  -1.624e-04
  5028  +3.5484533412      7267  +3.5483398438  -1.135e-04
  5029  +3.5503565075      7271  +3.5502929688  -6.354e-05
  5030  +3.5522586542      7275  +3.5522460938  -1.256e-05
  5031  +3.5541597828      7279  +3.5541992188  +3.944e-05
  5032  +3.5560598951      7283  +3.5561523438  +9.245e-05
  5033  +3.5579589927      7287  +3.5581054688  +1.465e-04
  5034  +3.5598570771      7291  +3.5600585938  +2.015e-04
  5035  +3.5617541500      7294  +3.5615234375  -2.307e-04
  5036  +3.5636502130      7298  +3.5634765625  -1.737e-04
  5037  +3.5655452678      7302  +3.5654296875  -1.156e-04
  5038  +3.5674393159      7306  +3.5673828125  -5.650e-05
  5039  +3.5693323589      7310  +3.5693359375  +3.579e-06
  5040  +3.5712243984      7314  +3.5712890625  +6.466e-05
  5041  +3.5731154361      7318  +3.5732421875  +1.268e-04
  5042  +3.5750054735      7322  +3.5751953125  +1.898e-04
  5043  +3.5768945122      7325  +3.5766601562  -2.344e-04
  5044  +3.5787825538      7329  +3.5786132812  -1.693e-04
  5045  +3.5806695998      7333  +3.5805664062  -1.032e-04
  5046  +3.5825556519      7337  +3.5825195312  -3.612e-05
  5047  +3.5844407115      7341  +3.5844726562  +3.194e-05
  5048  +3.5863247804      7345  +3.5864257812  +1.010e-04
  5049  +3.5882078599      7349  +3.5883789062  +1.710e-04
  5050  +3.5900899518      7353  +3.5903320312  +2.421e-04
  5051  +3.5919710575      7356  +3.5917968750  -1.742e-04
  5052  +3.5938511785      7360  +3.5937500000  -1.012e-04
  5053  +3.5957303165      7364  +3.5957031250  -2.719e-05
  5054  +3.5976084730      7368  +3.5976562500  +4.778e-05
  5055  +3.5994856495      7372  +3.5996093750  +1.237e-04
  5056  +3.6013618475      7376  +3.6015625000  +2.007e-04
  5057  +3.6032370686      7379  +3.6030273438  -2.097e-04
  5058  +3.6051113142      7383  +3.6049804688  -1.308e-04
  5059  +3.6069845860      7387  +3.6069335938  -5.099e-05
  5060  +3.6088568854      7391  +3.6088867188  +2.983e-05
  5061  +3.6107282140      7395  +3.6108398438  +1.116e-04
  5062  +3.6125985732      7399  +3.6127929688  +1.944e-04
  5063  +3.6144679646      7402  +3.6142578125  -2.102e-04
  5064  +3.6163363896      7406  +3.6162109375  -1.255e-04
  5065  +3.6182038498      7410  +3.6181640625  -3.979e-05
  5066  +3.6200703466      7414  +3.6201171875  +4.684e-05
  5067  +3.6219358816      7418  +3.6220703125  +1.344e-04
  5068  +3.6238004561      7422  +3.6240234375  +2.230e-04
  5069  +3.6256640718      7425  +3.6254882812  -1.758e-04
  5070  +3.6275267301      7429  +3.6274414062  -8.532e-05
  5071  +3.6293884324      7433  +3.6293945312  +6.099e-06
  5072  +3.6312491803      7437  +3.6313476562  +9.848e-05
  5073  +3.6331089751      7441  +3.6333007812  +1.918e-04
  5074  +3.6349678184      7444  +3.6347656250  -2.022e-04
  5075  +3.6368257116      7448  +3.6367187500  -1.070e-04
  5076  +3.6386826562      7452  +3.6386718750  -1.078e-05
  5077  +3.6405386536      7456  +3.6406250000  +8.635e-05
  5078  +3.6423937052      7460  +3.6425781250  +1.844e-04
  5079  +3.6442478126      7463  +3.6440429688  -2.048e-04
  5080  +3.6461009771      7467  +3.6459960938  -1.049e-04
  5081  +3.6479532002      7471  +3.6479492188  -3.981e-06
  5082  +3.6498044834      7475  +3.6499023438  +9.786e-05
  5083  +3.6516548280      7479  +3.6518554688  +2.006e-04
  5084  +3.6535042355      7482  +3.6533203125  -1.839e-04
  5085  +3.6553527072      7486  +3.6552734375  -7.927e-05
  5086  +3.6572002447      7490  +3.6572265625  +2.632e-05
  5087  +3.6590468494      7494  +3.6591796875  +1.328e-04
  5088  +3.6608925226      7498  +3.6611328125  +2.403e-04
  5089  +3.6627372657      7501  +3.6625976562  -1.396e-04
  5090  +3.6645810802      7505  +3.6645507812  -3.030e-05
  5091  +3.6664239674      7509  +3.6665039062  +7.994e-05
  5092  +3.6682659289      7513  +3.6684570312  +1.911e-04
  5093  +3.6701069658      7516  +3.6699218750  -1.851e-04
  5094  +3.6719470797      7520  +3.6718750000  -7.208e-05
  5095  +3.6737862720      7524  +3.6738281250  +4.185e-05
  5096  +3.6756245439      7528  +3.6757812500  +1.567e-04
  5097  +3.6774618970      7531  +3.6772460938  -2.158e-04
  5098  +3.6792983325      7535  +3.6791992188  -9.911e-05
  5099  +3.6811338519      7539  +3.6811523438  +1.849e-05
  5100  +3.6829684564      7543  +3.6831054688  +1.370e-04
  5101  +3.6848021476      7546  +3.6845703125  -2.318e-04
  5102  +3.6866349267      7550  +3.6865234375  -1.115e-04
  5103  +3.6884667951      7554  +3.6884765625  +9.767e-06
  5104  +3.6902977542      7558  +3.6904296875  +1.319e-04
  5105  +3.6921278052      7561  +3.6918945312  -2.333e-04
  5106  +3.6939569497      7565  +3.6938476562  -1.093e-04
  5107  +3.6957851888      7569  +3.6958007812  +1.559e-05
  5108  +3.6976125240      7573  +3.6977539062  +1.414e-04
  5109  +3.6994389566      7576  +3.6992187500  -2.202e-04
  5110  +3.7012644879      7580  +3.7011718750  -9.261e-05
  5111  +3.7030891192      7584  +3.7031250000  +3.588e-05
  5112  +3.7049128520      7588  +3.7050781250  +1.653e-04
  5113  +3.7067356874      7591  +3.7065429688  -1.927e-04
  5114  +3.7085576269      7595  +3.7084960938  -6.153e-05
  5115  +3.7103786718      7599  +3.7104492188  +7.055e-05
  5116  +3.7121988233      7603  +3.7124023438  +2.035e-04
  5117  +3.7140180828      7606  +3.7138671875  -1.509e-04
  5118  +3.7158364516      7610  +3.7158203125  -1.614e-05
  5119  +3.7176539311      7614  +3.7177734375  +1.195e-04
  5120  +3.7194705224      7617  +3.7192382812  -2.322e-04
  5121  +3.7212862269      7621  +3.7211914062  -9.482e-05
  5122  +3.7231010460      7625  +3.7231445312  +4.349e-05
  5123  +3.7249149808      7629  +3.7250976562  +1.827e-04
  5124  +3.7267280328      7632  +3.7265625000  -1.655e-04
  5125  +3.7285402031      7636  +3.7285156250  -2.458e-05
  5126  +3.7303514930      7640  +3.7304687500  +1.173e-04
  5127  +3.7321619040      7643  +3.7319335938  -2.283e-04
  5128  +3.7339714371      7647  +3.7338867188  -8.472e-05
  5129  +3.7357800938      7651  +3.7358398438  +5.975e-05
  5130  +3.7375878752      7655  +3.7377929688  +2.051e-04
  5131  +3.7393947827      7658  +3.7392578125  -1.370e-04
  5132  +3.7412008174      7662  +3.7412109375  +1.012e-05
  5133  +3.7430059808      7666  +3.7431640625  +1.581e-04
  5134  +3.7448102740      7669  +3.7446289062  -1.814e-04
  5135  +3.7466136982      7673  +3.7465820312  -3.167e-05
  5136  +3.7484162548      7677  +3.7485351562  +1.189e-04
  5137  +3.7502179450      7680  +3.7500000000  -2.179e-04
  5138  +3.7520187701      7684  +3.7519531250  -6.565e-05
  5139  +3.7538187312      7688  +3.7539062500  +8.752e-05
  5140  +3.7556178297      7692  +3.7558593750  +2.415e-04
  5141  +3.7574160667      7695  +3.7573242188  -9.185e-05
  5142  +3.7592134436      7699  +3.7592773438  +6.390e-05
  5143  +3.7610099614      7703  +3.7612304688  +2.205e-04
  5144  +3.7628056216      7706  +3.7626953125  -1.103e-04
  5145  +3.7646004252      7710  +3.7646484375  +4.801e-05
  5146  +3.7663943736      7714  +3.7666015625  +2.072e-04
  5147  +3.7681874679      7717  +3.7680664062  -1.211e-04
  5148  +3.7699797094      7721  +3.7700195312  +3.982e-05
  5149  +3.7717710992      7725  +3.7719726562  +2.016e-04
  5150  +3.7735616386      7728  +3.7734375000  -1.241e-04
  5151  +3.7753513289      7732  +3.7753906250  +3.930e-05
  5152  +3.7771401711      7736  +3.7773437500  +2.036e-04
  5153  +3.7789281665      7739  +3.7788085938  -1.196e-04
  5154  +3.7807153164      7743  +3.7807617188  +4.640e-05
  5155  +3.7825016219      7747  +3.7827148438  +2.132e-04
  5156  +3.7842870842      7750  +3.7841796875  -1.074e-04
  5157  +3.7860717044      7754  +3.7861328125  +6.111e-05
  5158  +3.7878554839      7758  +3.7880859375  +2.305e-04
  5159  +3.7896384237      7761  +3.7895507812  -8.764e-05
  5160  +3.7914205251      7765  +3.7915039062  +8.338e-05
  5161  +3.7932017893      7768  +3.7929687500  -2.330e-04
  5162  +3.7949822174      7772  +3.7949218750  -6.034e-05
  5163  +3.7967618105      7776  +3.7968750000  +1.132e-04
  5164  +3.7985405700      7779  +3.7983398438  -2.007e-04
  5165  +3.8003184968      7783  +3.8002929688  -2.553e-05
  5166  +3.8020955923      7787  +3.8022460938  +1.505e-04
  5167  +3.8038718576      7790  +3.8037109375  -1.609e-04
  5168  +3.8056472938      7794  +3.8056640625  +1.677e-05
  5169  +3.8074219021      7798  +3.8076171875  +1.953e-04
  5170  +3.8091956837      7801  +3.8090820312  -1.137e-04
  5171  +3.8109686396      7805  +3.8110351562  +6.652e-05
  5172  +3.8127407711      7808  +3.8125000000  -2.408e-04
  5173  +3.8145120794      7812  +3.8144531250  -5.895e-05
  5174  +3.8162825655      7816  +3.8164062500  +1.237e-04
  5175  +3.8180522306      7819  +3.8178710938  -1.811e-04
  5176  +3.8198210758      7823  +3.8198242188  +3.143e-06
  5177  +3.8215891023      7827  +3.8217773438  +1.882e-04
  5178  +3.8233563112      7830  +3.8232421875  -1.141e-04
  5179  +3.8251227037      7834  +3.8251953125  +7.261e-05
  5180  +3.8268882809      7837  +3.8266601562  -2.281e-04
  5181  +3.8286530438      7841  +3.8286132812  -3.976e-05
  5182  +3.8304169937      7845  +3.8305664062  +1.494e-04
  5183  +3.8321801317      7848  +3.8320312500  -1.489e-04
  5184  +3.8339424588      7852  +3.8339843750  +4.192e-05
  5185  +3.8357039762      7856  +3.8359375000  +2.335e-04
  5186  +3.8374646850      7859  +3.8374023438  -6.234e-05
  5187  +3.8392245864      7863  +3.8393554688  +1.309e-04
  5188  +3.8409836814      7866  +3.8408203125  -1.634e-04
  5189  +3.8427419711      7870  +3.8427734375  +3.147e-05
  5190  +3.8444994566      7874  +3.8447265625  +2.271e-04
  5191  +3.8462561391      7877  +3.8461914062  -6.473e-05
  5192  +3.8480120197      7881  +3.8481445312  +1.325e-04
  5193  +3.8497670994      7884  +3.8496093750  -1.577e-04
  5194  +3.8515213793      7888  +3.8515625000  +4.112e-05
  5195  +3.8532748606      7892  +3.8535156250  +2.408e-04
  5196  +3.8550275442      7895  +3.8549804688  -4.708e-05
  5197  +3.8567794314      7899  +3.8569335938  +1.542e-04
  5198  +3.8585305232      7902  +3.8583984375  -1.321e-04
  5199  +3.8602808206      7906  +3.8603515625  +7.074e-05
  5200  +3.8620303248      7909  +3.8618164062  -2.139e-04
  5201  +3.8637790369      7913  +3.8637695312  -9.506e-06
  5202  +3.8655269578      7917  +3.8657226562  +1.957e-04
  5203  +3.8672740887      7920  +3.8671875000  -8.659e-05
  5204  +3.8690204307      7924  +3.8691406250  +1.202e-04
  5205  +3.8707659848      7927  +3.8706054688  -1.605e-04
  5206  +3.8725107520      7931  +3.8725585938  +4.784e-05
  5207  +3.8742547336      7934  +3.8740234375  -2.313e-04
  5208  +3.8759979304      7938  +3.8759765625  -2.137e-05
  5209  +3.8777403436      7942  +3.8779296875  +1.893e-04
  5210  +3.8794819742      7945  +3.8793945312  -8.744e-05
  5211  +3.8812228232      7949  +3.8813476562  +1.248e-04
  5212  +3.8829628918      7952  +3.8828125000  -1.504e-04
  5213  +3.8847021810      7956  +3.8847656250  +6.344e-05
  5214  +3.8864406918      7959  +3.8862304688  -2.102e-04
  5215  +3.8881784253      7963  +3.8881835938  +5.168e-06
  5216  +3.8899153824      7967  +3.8901367188  +2.213e-04
  5217  +3.8916515644      7970  +3.8916015625  -5.000e-05
  5218  +3.8933869721      7974  +3.8935546875  +1.677e-04
  5219  +3.8951216066      7977  +3.8950195312  -1.021e-04
  5220  +3.8968554689      7981  +3.8969726562  +1.172e-04
  5221  +3.8985885602      7984  +3.8984375000  -1.511e-04
  5222  +3.9003208813      7988  +3.9003906250  +6.974e-05
  5223  +3.9020524334      7991  +3.9018554688  -1.970e-04
  5224  +3.9037832175      7995  +3.9038085938  +2.538e-05
  5225  +3.9055132345      7998  +3.9052734375  -2.398e-04
  5226  +3.9072424855      8002  +3.9072265625  -1.592e-05
  5227  +3.9089709715      8006  +3.9091796875  +2.087e-04
  5228  +3.9106986936      8009  +3.9106445312  -5.416e-05
  5229  +3.9124256527      8013  +3.9125976562  +1.720e-04
  5230  +3.9141518498      8016  +3.9140625000  -8.935e-05
  5231  +3.9158772861      8020  +3.9160156250  +1.383e-04
  5232  +3.9176019623      8023  +3.9174804688  -1.215e-04
  5233  +3.9193258797      8027  +3.9194335938  +1.077e-04
  5234  +3.9210490391      8030  +3.9208984375  -1.506e-04
  5235  +3.9227714415      8034  +3.9228515625  +8.012e-05
  5236  +3.9244930881      8037  +3.9243164062  -1.767e-04
  5237  +3.9262139797      8041  +3.9262695312  +5.555e-05
  5238  +3.9279341173      8044  +3.9277343750  -1.997e-04
  5239  +3.9296535020      8048  +3.9296875000  +3.400e-05
  5240  +3.9313721347      8051  +3.9311523438  -2.198e-04
  5241  +3.9330900164      8055  +3.9331054688  +1.545e-05
  5242  +3.9348071481      8058  +3.9345703125  -2.368e-04
  5243  +3.9365235308      8062  +3.9365234375  -9.334e-08
  5244  +3.9382391655      8066  +3.9384765625  +2.374e-04
  5245  +3.9399540531      8069  +3.9399414062  -1.265e-05
  5246  +3.9416681946      8073  +3.9418945312  +2.263e-04
  5247  +3.9433815910      8076  +3.9433593750  -2.222e-05
  5248  +3.9450942432      8080  +3.9453125000  +2.183e-04
  5249  +3.9468061523      8083  +3.9467773438  -2.881e-05
  5250  +3.9485173191      8087  +3.9487304688  +2.131e-04
  5251  +3.9502277447      8090  +3.9501953125  -3.243e-05
  5252  +3.9519374300      8094  +3.9521484375  +2.110e-04
  5253  +3.9536463760      8097  +3.9536132812  -3.309e-05
  5254  +3.9553545837      8101  +3.9555664062  +2.118e-04
  5255  +3.9570620539      8104  +3.9570312500  -3.080e-05
  5256  +3.9587687877      8108  +3.9589843750  +2.156e-04
  5257  +3.9604747859      8111  +3.9604492188  -2.557e-05
  5258  +3.9621800496      8115  +3.9624023438  +2.223e-04
  5259  +3.9638845797      8118  +3.9638671875  -1.739e-05
  5260  +3.9655883772      8122  +3.9658203125  +2.319e-04
  5261  +3.9672914429      8125  +3.9672851562  -6.287e-06
  5262  +3.9689937779      8128  +3.9687500000  -2.438e-04
  5263  +3.9706953830      8132  +3.9707031250  +7.742e-06
  5264  +3.9723962592      8135  +3.9721679688  -2.283e-04
  5265  +3.9740964075      8139  +3.9741210938  +2.469e-05
  5266  +3.9757958288      8142  +3.9755859375  -2.099e-04
  5267  +3.9774945239      8146  +3.9775390625  +4.454e-05
  5268  +3.9791924939      8149  +3.9790039062  -1.886e-04
  5269  +3.9808897397      8153  +3.9809570312  +6.729e-05
  5270  +3.9825862621      8156  +3.9824218750  -1.644e-04
  5271  +3.9842820622      8160  +3.9843750000  +9.294e-05
  5272  +3.9859771408      8163  +3.9858398438  -1.373e-04
  5273  +3.9876714988      8167  +3.9877929688  +1.215e-04
  5274  +3.9893651372      8170  +3.9892578125  -1.073e-04
  5275  +3.9910580570      8174  +3.9912109375  +1.529e-04
  5276  +3.9927502589      8177  +3.9926757812  -7.448e-05
  5277  +3.9944417439      8181  +3.9946289062  +1.872e-04
  5278  +3.9961325130      8184  +3.9960937500  -3.876e-05
  5279  +3.9978225670      8188  +3.9980468750  +2.243e-04
  5280  +3.9995119068      8191  +3.9995117188  -1.881e-07
  5281  +4.0012005334      8194  +4.0009765625  -2.240e-04
  5282  +4.0028884477      8198  +4.0029296875  +4.124e-05
  5283  +4.0045756505      8201  +4.0043945312  -1.811e-04
  5284  +4.0062621427      8205  +4.0063476562  +8.551e-05
  5285  +4.0079479253      8208  +4.0078125000  -1.354e-04
  5286  +4.0096329991      8212  +4.0097656250  +1.326e-04
  5287  +4.0113173651      8215  +4.0112304688  -8.690e-05
  5288  +4.0130010241      8219  +4.0131835938  +1.826e-04
  5289  +4.0146839770      8222  +4.0146484375  -3.554e-05
  5290  +4.0163662247      8226  +4.0166015625  +2.353e-04
  5291  +4.0180477681      8229  +4.0180664062  +1.864e-05
  5292  +4.0197286081      8232  +4.0195312500  -1.974e-04
  5293  +4.0214087455      8236  +4.0214843750  +7.563e-05
  5294  +4.0230881812      8239  +4.0229492188  -1.390e-04
  5295  +4.0247669162      8243  +4.0249023438  +1.354e-04
  5296  +4.0264449513      8246  +4.0263671875  -7.776e-05
  5297  +4.0281222873      8250  +4.0283203125  +1.980e-04
  5298  +4.0297989252      8253  +4.0297851562  -1.377e-05
  5299  +4.0314748657      8256  +4.0312500000  -2.249e-04
  5300  +4.0331501099      8260  +4.0332031250  +5.302e-05
  5301  +4.0348246585      8263  +4.0346679688  -1.567e-04
  5302  +4.0364985124      8267  +4.0366210938  +1.226e-04
  5303  +4.0381716724      8270  +4.0380859375  -8.573e-05
  5304  +4.0398441396      8274  +4.0400390625  +1.949e-04
  5305  +4.0415159146      8277  +4.0415039062  -1.201e-05
  5306  +4.0431869983      8280  +4.0429687500  -2.182e-04
  5307  +4.0448573917      8284  +4.0449218750  +6.448e-05
  5308  +4.0465270956      8287  +4.0463867188  -1.404e-04
  5309  +4.0481961107      8291  +4.0483398438  +1.437e-04
  5310  +4.0498644381      8294  +4.0498046875  -5.975e-05
  5311  +4.0515320784      8298  +4.0517578125  +2.257e-04
  5312  +4.0531990326      8301  +4.0532226562  +2.362e-05
  5313  +4.0548653016      8304  +4.0546875000  -1.778e-04
  5314  +4.0565308861      8308  +4.0566406250  +1.097e-04
  5315  +4.0581957870      8311  +4.0581054688  -9.032e-05
  5316  +4.0598600051      8315  +4.0600585938  +1.986e-04
  5317  +4.0615235414      8318  +4.0615234375  -1.039e-07
  5318  +4.0631863965      8321  +4.0629882812  -1.981e-04
  5319  +4.0648485714      8325  +4.0649414062  +9.283e-05
  5320  +4.0665100669      8328  +4.0664062500  -1.038e-04
  5321  +4.0681708839      8332  +4.0683593750  +1.885e-04
  5322  +4.0698310230      8335  +4.0698242188  -6.804e-06
  5323  +4.0714904853      8338  +4.0712890625  -2.014e-04
  5324  +4.0731492715      8342  +4.0732421875  +9.292e-05
  5325  +4.0748073824      8345  +4.0747070312  -1.004e-04
  5326  +4.0764648188      8349  +4.0766601562  +1.953e-04
  5327  +4.0781215817      8352  +4.0781250000  +3.418e-06
  5328  +4.0797776717      8355  +4.0795898438  -1.878e-04
  5329  +4.0814330898      8359  +4.0815429688  +1.099e-04
  5330  +4.0830878367      8362  +4.0830078125  -8.002e-05
  5331  +4.0847419133      8366  +4.0849609375  +2.190e-04
  5332  +4.0863953203      8369  +4.0864257812  +3.046e-05
  5333  +4.0880480586      8372  +4.0878906250  -1.574e-04
  5334  +4.0897001291      8376  +4.0898437500  +1.436e-04
  5335  +4.0913515324      8379  +4.0913085938  -4.294e-05
  5336  +4.0930022694      8382  +4.0927734375  -2.288e-04
  5337  +4.0946523409      8386  +4.0947265625  +7.422e-05
  5338  +4.0963017478      8389  +4.0961914062  -1.103e-04
  5339  +4.0979504907      8393  +4.0981445312  +1.940e-04
  5340  +4.0995985706      8396  +4.0996093750  +1.080e-05
  5341  +4.1012459882      8399  +4.1010742188  -1.718e-04
  5342  +4.1028927444      8403  +4.1030273438  +1.346e-04
  5343  +4.1045388398      8406  +4.1044921875  -4.665e-05
  5344  +4.1061842754      8409  +4.1059570312  -2.272e-04
  5345  +4.1078290519      8413  +4.1079101562  +8.110e-05
  5346  +4.1094731700      8416  +4.1093750000  -9.817e-05
  5347  +4.1111166307      8420  +4.1113281250  +2.115e-04
  5348  +4.1127594346      8423  +4.1127929688  +3.353e-05
  5349  +4.1144015825      8426  +4.1142578125  -1.438e-04
  5350  +4.1160430754      8430  +4.1162109375  +1.679e-04
  5351  +4.1176839138      8433  +4.1176757812  -8.133e-06
  5352  +4.1193240987      8436  +4.1191406250  -1.835e-04
  5353  +4.1209636307      8440  +4.1210937500  +1.301e-04
  5354  +4.1226025107      8443  +4.1225585938  -4.392e-05
  5355  +4.1242407395      8446  +4.1240234375  -2.173e-04
  5356  +4.1258783178      8450  +4.1259765625  +9.824e-05
  5357  +4.1275152463      8453  +4.1274414062  -7.384e-05
  5358  +4.1291515260      8457  +4.1293945312  +2.430e-04
  5359  +4.1307871575      8460  +4.1308593750  +7.222e-05
  5360  +4.1324221416      8463  +4.1323242188  -9.792e-05
  5361  +4.1340564790      8467  +4.1342773438  +2.209e-04
  5362  +4.1356901707      8470  +4.1357421875  +5.202e-05
  5363  +4.1373232172      8473  +4.1372070312  -1.162e-04
  5364  +4.1389556194      8477  +4.1391601562  +2.045e-04
  5365  +4.1405873780      8480  +4.1406250000  +3.762e-05
  5366  +4.1422184939      8483  +4.1420898438  -1.287e-04
  5367  +4.1438489676      8487  +4.1440429688  +1.940e-04
  5368  +4.1454788001      8490  +4.1455078125  +2.901e-05
  5369  +4.1471079921      8493  +4.1469726562  -1.353e-04
  5370  +4.1487365443      8497  +4.1489257812  +1.892e-04
  5371  +4.1503644575      8500  +4.1503906250  +2.617e-05
  5372  +4.1519917324      8503  +4.1518554688  -1.363e-04
  5373  +4.1536183697      8507  +4.1538085938  +1.902e-04
  5374  +4.1552443703      8510  +4.1552734375  +2.907e-05
  5375  +4.1568697349      8513  +4.1567382812  -1.315e-04
  5376  +4.1584944642      8517  +4.1586914062  +1.969e-04
  5377  +4.1601185589      8520  +4.1601562500  +3.769e-05
  5378  +4.1617420199      8523  +4.1616210938  -1.209e-04
  5379  +4.1633648478      8527  +4.1635742188  +2.094e-04
  5380  +4.1649870434      8530  +4.1650390625  +5.202e-05
  5381  +4.1666086074      8533  +4.1665039062  -1.047e-04
  5382  +4.1682295406      8537  +4.1684570312  +2.275e-04
  5383  +4.1698498437      8540  +4.1699218750  +7.203e-05
  5384  +4.1714695174      8543  +4.1713867188  -8.280e-05
  5385  +4.1730885625      8546  +4.1728515625  -2.370e-04
  5386  +4.1747069797      8550  +4.1748046875  +9.771e-05
  5387  +4.1763247697      8553  +4.1762695312  -5.524e-05
  5388  +4.1779419333      8556  +4.1777343750  -2.076e-04
  5389  +4.1795584712      8560  +4.1796875000  +1.290e-04
  5390  +4.1811743840      8563  +4.1811523438  -2.204e-05
  5391  +4.1827896726      8566  +4.1826171875  -1.725e-04
  5392  +4.1844043377      8570  +4.1845703125  +1.660e-04
  5393  +4.1860183799      8573  +4.1860351562  +1.678e-05
  5394  +4.1876318001      8576  +4.1875000000  -1.318e-04
  5395  +4.1892445988      8580  +4.1894531250  +2.085e-04
  5396  +4.1908567769      8583  +4.1909179688  +6.119e-05
  5397  +4.1924683350      8586  +4.1923828125  -8.552e-05
  5398  +4.1940792739      8589  +4.1938476562  -2.316e-04
  5399  +4.1956895943      8593  +4.1958007812  +1.112e-04
  5400  +4.1972992969      8596  +4.1972656250  -3.367e-05
  5401  +4.1989083824      8599  +4.1987304688  -1.779e-04
  5402  +4.2005168514      8603  +4.2006835938  +1.667e-04
  5403  +4.2021247048      8606  +4.2021484375  +2.373e-05
  5404  +4.2037319433      8609  +4.2036132812  -1.187e-04
  5405  +4.2053385674      8613  +4.2055664062  +2.278e-04
  5406  +4.2069445780      8616  +4.2070312500  +8.667e-05
  5407  +4.2085499757      8619  +4.2084960938  -5.388e-05
  5408  +4.2101547613      8622  +4.2099609375  -1.938e-04
  5409  +4.2117589354      8626  +4.2119140625  +1.551e-04
  5410  +4.2133624987      8629  +4.2133789062  +1.641e-05
  5411  +4.2149654520      8632  +4.2148437500  -1.217e-04
  5412  +4.2165677959      8636  +4.2167968750  +2.291e-04
  5413  +4.2181695311      8639  +4.2182617188  +9.219e-05
  5414  +4.2197706583      8642  +4.2197265625  -4.410e-05
  5415  +4.2213711782      8645  +4.2211914062  -1.798e-04
  5416  +4.2229710916      8649  +4.2231445312  +1.734e-04
  5417  +4.2245703990      8652  +4.2246093750  +3.898e-05
  5418  +4.2261691012      8655  +4.2260742188  -9.488e-05
  5419  +4.2277671988      8658  +4.2275390625  -2.281e-04
  5420  +4.2293646926      8662  +4.2294921875  +1.275e-04
  5421  +4.2309615833      8665  +4.2309570312  -4.552e-06
  5422  +4.2325578714      8668  +4.2324218750  -1.360e-04
  5423  +4.2341535578      8672  +4.2343750000  +2.214e-04
  5424  +4.2357486430      8675  +4.2358398438  +9.120e-05
  5425  +4.2373431277      8678  +4.2373046875  -3.844e-05
  5426  +4.2389370128      8681  +4.2387695312  -1.675e-04
  5427  +4.2405302987      8685  +4.2407226562  +1.924e-04
  5428  +4.2421229862      8688  +4.2421875000  +6.451e-05
  5429  +4.2437150759      8691  +4.2436523438  -6.273e-05
  5430  +4.2453065686      8694  +4.2451171875  -1.894e-04
  5431  +4.2468974649      8698  +4.2470703125  +1.728e-04
  5432  +4.2484877654      8701  +4.2485351562  +4.739e-05
  5433  +4.2500774709      8704  +4.2500000000  -7.747e-05
  5434  +4.2516665820      8707  +4.2514648438  -2.017e-04
  5435  +4.2532550994      8711  +4.2534179688  +1.629e-04
  5436  +4.2548430237      8714  +4.2548828125  +3.979e-05
  5437  +4.2564303556      8717  +4.2563476562  -8.270e-05
  5438  +4.2580170957      8720  +4.2578125000  -2.046e-04
  5439  +4.2596032448      8724  +4.2597656250  +1.624e-04
  5440  +4.2611888035      8727  +4.2612304688  +4.167e-05
  5441  +4.2627737724      8730  +4.2626953125  -7.846e-05
  5442  +4.2643581523      8733  +4.2641601562  -1.980e-04
  5443  +4.2659419436      8737  +4.2661132812  +1.713e-04
  5444  +4.2675251472      8740  +4.2675781250  +5.298e-05
  5445  +4.2691077637      8743  +4.2690429688  -6.479e-05
  5446  +4.2706897937      8746  +4.2705078125  -1.820e-04
  5447  +4.2722712378      8750  +4.2724609375  +1.897e-04
  5448  +4.2738520968      8753  +4.2739257812  +7.368e-05
  5449  +4.2754323713      8756  +4.2753906250  -4.175e-05
  5450  +4.2770120618      8759  +4.2768554688  -1.566e-04
  5451  +4.2785911692      8763  +4.2788085938  +2.174e-04
  5452  +4.2801696939      8766  +4.2802734375  +1.037e-04
  5453  +4.2817476367      8769  +4.2817382812  -9.355e-06
  5454  +4.2833249982      8772  +4.2832031250  -1.219e-04
  5455  +4.2849017790      8775  +4.2846679688  -2.338e-04
  5456  +4.2864779798      8779  +4.2866210938  +1.431e-04
  5457  +4.2880536013      8782  +4.2880859375  +3.234e-05
  5458  +4.2896286440      8785  +4.2895507812  -7.786e-05
  5459  +4.2912031086      8788  +4.2910156250  -1.875e-04
  5460  +4.2927769957      8792  +4.2929687500  +1.918e-04
  5461  +4.2943503060      8795  +4.2944335938  +8.329e-05
  5462  +4.2959230401      8798  +4.2958984375  -2.460e-05
  5463  +4.2974951986      8801  +4.2973632812  -1.319e-04
  5464  +4.2990667822      8804  +4.2988281250  -2.387e-04
  5465  +4.3006377915      8808  +4.3007812500  +1.435e-04
  5466  +4.3022082271      8811  +4.3022460938  +3.787e-05
  5467  +4.3037780897      8814  +4.3037109375  -6.715e-05
  5468  +4.3053473798      8817  +4.3051757812  -1.716e-04
  5469  +4.3069160982      8821  +4.3071289062  +2.128e-04
  5470  +4.3084842454      8824  +4.3085937500  +1.095e-04
  5471  +4.3100518220      8827  +4.3100585938  +6.772e-06
  5472  +4.3116188287      8830  +4.3115234375  -9.539e-05
  5473  +4.3131852661      8833  +4.3129882812  -1.970e-04
  5474  +4.3147511349      8837  +4.3149414062  +1.903e-04
  5475  +4.3163164355      8840  +4.3164062500  +8.981e-05
  5476  +4.3178811688      8843  +4.3178710938  -1.008e-05
  5477  +4.3194453351      8846  +4.3193359375  -1.094e-04
  5478  +4.3210089353      8849  +4.3208007812  -2.082e-04
  5479  +4.3225719699      8853  +4.3227539062  +1.819e-04
  5480  +4.3241344395      8856  +4.3242187500  +8.431e-05
  5481  +4.3256963447      8859  +4.3256835938  -1.275e-05
  5482  +4.3272576861      8862  +4.3271484375  -1.092e-04
  5483  +4.3288184644      8865  +4.3286132812  -2.052e-04
  5484  +4.3303786802      8869  +4.3305664062  +1.877e-04
  5485  +4.3319383340      8872  +4.3320312500  +9.292e-05
  5486  +4.3334974265      8875  +4.3334960938  -1.333e-06
  5487  +4.3350559582      8878  +4.3349609375  -9.502e-05
  5488  +4.3366139299      8881  +4.3364257812  -1.881e-04
  5489  +4.3381713420      8885  +4.3383789062  +2.076e-04
  5490  +4.3397281952      8888  +4.3398437500  +1.156e-04
  5491  +4.3412844901      8891  +4.3413085938  +2.410e-05
  5492  +4.3428402273      8894  +4.3427734375  -6.679e-05
  5493  +4.3443954074      8897  +4.3442382812  -1.571e-04
  5494  +4.3459500310      8901  +4.3461914062  +2.414e-04
  5495  +4.3475040986      8904  +4.3476562500  +1.522e-04
  5496  +4.3490576109      8907  +4.3491210938  +6.348e-05
  5497  +4.3506105685      8910  +4.3505859375  -2.463e-05
  5498  +4.3521629720      8913  +4.3520507812  -1.122e-04
  5499  +4.3537148219      8916  +4.3535156250  -1.992e-04
  5500  +4.3552661189      8920  +4.3554687500  +2.026e-04
  5501  +4.3568168635      8923  +4.3569335938  +1.167e-04
  5502  +4.3583670564      8926  +4.3583984375  +3.138e-05
  5503  +4.3599166980      8929  +4.3598632812  -5.342e-05
  5504  +4.3614657891      8932  +4.3613281250  -1.377e-04
  5505  +4.3630143302      8935  +4.3627929688  -2.214e-04
  5506  +4.3645623218      8939  +4.3647460938  +1.838e-04
  5507  +4.3661097646      8942  +4.3662109375  +1.012e-04
  5508  +4.3676566592      8945  +4.3676757812  +1.912e-05
  5509  +4.3692030061      8948  +4.3691406250  -6.238e-05
  5510  +4.3707488059      8951  +4.3706054688  -1.433e-04
  5511  +4.3722940592      8954  +4.3720703125  -2.237e-04
  5512  +4.3738387666      8958  +4.3740234375  +1.847e-04
  5513  +4.3753829286      8961  +4.3754882812  +1.054e-04
  5514  +4.3769265458      8964  +4.3769531250  +2.658e-05
  5515  +4.3784696189      8967  +4.3784179688  -5.165e-05
  5516  +4.3800121483      8970  +4.3798828125  -1.293e-04
  5517  +4.3815541346      8973  +4.3813476562  -2.065e-04
  5518  +4.3830955785      8977  +4.3833007812  +2.052e-04
  5519  +4.3846364805      8980  +4.3847656250  +1.291e-04
  5520  +4.3861768412      8983  +4.3862304688  +5.363e-05
  5521  +4.3877166611      8986  +4.3876953125  -2.135e-05
  5522  +4.3892559408      8989  +4.3891601562  -9.578e-05
  5523  +4.3907946809      8992  +4.3906250000  -1.697e-04
  5524  +4.3923328819      8995  +4.3920898438  -2.430e-04
  5525  +4.3938705444      8999  +4.3940429688  +1.724e-04
  5526  +4.3954076690      9002  +4.3955078125  +1.001e-04
  5527  +4.3969442563      9005  +4.3969726562  +2.840e-05
  5528  +4.3984803067      9008  +4.3984375000  -4.281e-05
  5529  +4.4000158209      9011  +4.3999023438  -1.135e-04
  5530  +4.4015507994      9014  +4.4013671875  -1.836e-04
  5531  +4.4030852429      9018  +4.4033203125  +2.351e-04
  5532  +4.4046191517      9021  +4.4047851562  +1.660e-04
  5533  +4.4061525266      9024  +4.4062500000  +9.747e-05
  5534  +4.4076853680      9027  +4.4077148438  +2.948e-05
  5535  +4.4092176765      9030  +4.4091796875  -3.799e-05
  5536  +4.4107494527      9033  +4.4106445312  -1.049e-04
  5537  +4.4122806972      9036  +4.4121093750  -1.713e-04
  5538  +4.4138114104      9039  +4.4135742188  -2.372e-04
  5539  +4.4153415929      9043  +4.4155273438  +1.858e-04
  5540  +4.4168712453      9046  +4.4169921875  +1.209e-04
  5541  +4.4184003682      9049  +4.4184570312  +5.666e-05
  5542  +4.4199289620      9052  +4.4199218750  -7.087e-06
  5543  +4.4214570274      9055  +4.4213867188  -7.031e-05
  5544  +4.4229845649      9058  +4.4228515625  -1.330e-04
  5545  +4.4245115749      9061  +4.4243164062  -1.952e-04
  5546  +4.4260380582      9065  +4.4262695312  +2.315e-04
  5547  +4.4275640152      9068  +4.4277343750  +1.704e-04
  5548  +4.4290894464      9071  +4.4291992188  +1.098e-04
  5549  +4.4306143524      9074  +4.4306640625  +4.971e-05
  5550  +4.4321387338      9077  +4.4321289062  -9.828e-06
  5551  +4.4336625911      9080  +4.4335937500  -6.884e-05
  5552  +4.4351859248      9083  +4.4350585938  -1.273e-04
  5553  +4.4367087354      9086  +4.4365234375  -1.853e-04
  5554  +4.4382310236      9089  +4.4379882812  -2.427e-04
  5555  +4.4397527898      9093  +4.4399414062  +1.886e-04
  5556  +4.4412740346      9096  +4.4414062500  +1.322e-04
  5557  +4.4427947585      9099  +4.4428710938  +7.634e-05
  5558  +4.4443149621      9102  +4.4443359375  +2.098e-05
  5559  +4.4458346458      9105  +4.4458007812  -3.386e-05
  5560  +4.4473538103      9108  +4.4472656250  -8.819e-05
  5561  +4.4488724560      9111  +4.4487304688  -1.420e-04
  5562  +4.4503905834      9114  +4.4501953125  -1.953e-04
  5563  +4.4519081932      9118  +4.4521484375  +2.402e-04
  5564  +4.4534252859      9121  +4.4536132812  +1.880e-04
  5565  +4.4549418619      9124  +4.4550781250  +1.363e-04
  5566  +4.4564579218      9127  +4.4565429688  +8.505e-05
  5567  +4.4579734661      9130  +4.4580078125  +3.435e-05
  5568  +4.4594884953      9133  +4.4594726562  -1.584e-05
  5569  +4.4610030101      9136  +4.4609375000  -6.551e-05
  5570  +4.4625170108      9139  +4.4624023438  -1.147e-04
  5571  +4.4640304980      9142  +4.4638671875  -1.633e-04
  5572  +4.4655434723      9145  +4.4653320312  -2.114e-04
  5573  +4.4670559342      9149  +4.4672851562  +2.292e-04
  5574  +4.4685678841      9152  +4.4687500000  +1.821e-04
  5575  +4.4700793226      9155  +4.4702148438  +1.355e-04
  5576  +4.4715902503      9158  +4.4716796875  +8.944e-05
  5577  +4.4731006676      9161  +4.4731445312  +4.386e-05
  5578  +4.4746105750      9164  +4.4746093750  -1.200e-06
  5579  +4.4761199731      9167  +4.4760742188  -4.575e-05
  5580  +4.4776288624      9170  +4.4775390625  -8.980e-05
  5581  +4.4791372434      9173  +4.4790039062  -1.333e-04
  5582  +4.4806451166      9176  +4.4804687500  -1.764e-04
  5583  +4.4821524825      9179  +4.4819335938  -2.189e-04
  5584  +4.4836593417      9183  +4.4838867188  +2.274e-04
  5585  +4.4851656946      9186  +4.4853515625  +1.859e-04
  5586  +4.4866715418      9189  +4.4868164062  +1.449e-04
  5587  +4.4881768838      9192  +4.4882812500  +1.044e-04
  5588  +4.4896817210      9195  +4.4897460938  +6.437e-05
  5589  +4.4911860540      9198  +4.4912109375  +2.488e-05
  5590  +4.4926898833      9201  +4.4926757812  -1.410e-05
  5591  +4.4941932094      9204  +4.4941406250  -5.258e-05
  5592  +4.4956960328      9207  +4.4956054688  -9.056e-05
  5593  +4.4971983539      9210  +4.4970703125  -1.280e-04
  5594  +4.4987001734      9213  +4.4985351562  -1.650e-04
  5595  +4.5002014917      9216  +4.5000000000  -2.015e-04
  5596  +4.5017023094      9219  +4.5014648438  -2.375e-04
  5597  +4.5032026268      9223  +4.5034179688  +2.153e-04
  5598  +4.5047024445      9226  +4.5048828125  +1.804e-04
  5599  +4.5062017631      9229  +4.5063476562  +1.459e-04
  5600  +4.5077005829      9232  +4.5078125000  +1.119e-04
  5601  +4.5091989046      9235  +4.5092773438  +7.844e-05
  5602  +4.5106967285      9238  +4.5107421875  +4.546e-05
  5603  +4.5121940553      9241  +4.5122070312  +1.298e-05
  5604  +4.5136908853      9244  +4.5136718750  -1.901e-05
  5605  +4.5151872192      9247  +4.5151367188  -5.050e-05
  5606  +4.5166830573      9250  +4.5166015625  -8.149e-05
  5607  +4.5181784002      9253  +4.5180664062  -1.120e-04
  5608  +4.5196732483      9256  +4.5195312500  -1.420e-04
  5609  +4.5211676022      9259  +4.5209960938  -1.715e-04
  5610  +4.5226614624      9262  +4.5224609375  -2.005e-04
  5611  +4.5241548292      9265  +4.5239257812  -2.290e-04
  5612  +4.5256477033      9269  +4.5258789062  +2.312e-04
  5613  +4.5271400851      9272  +4.5273437500  +2.037e-04
  5614  +4.5286319751      9275  +4.5288085938  +1.766e-04
  5615  +4.5301233738      9278  +4.5302734375  +1.501e-04
  5616  +4.5316142817      9281  +4.5317382812  +1.240e-04
  5617  +4.5331046992      9284  +4.5332031250  +9.843e-05
  5618  +4.5345946268      9287  +4.5346679688  +7.334e-05
  5619  +4.5360840650      9290  +4.5361328125  +4.875e-05
  5620  +4.5375730144      9293  +4.5375976562  +2.464e-05
  5621  +4.5390614753      9296  +4.5390625000  +1.025e-06
  5622  +4.5405494483      9299  +4.5405273438  -2.210e-05
  5623  +4.5420369338      9302  +4.5419921875  -4.475e-05
  5624  +4.5435239324      9305  +4.5434570312  -6.690e-05
  5625  +4.5450104444      9308  +4.5449218750  -8.857e-05
  5626  +4.5464964704      9311  +4.5463867188  -1.098e-04
  5627  +4.5479820109      9314  +4.5478515625  -1.304e-04
  5628  +4.5494670663      9317  +4.5493164062  -1.507e-04
  5629  +4.5509516371      9320  +4.5507812500  -1.704e-04
  5630  +4.5524357237      9323  +4.5522460938  -1.896e-04
  5631  +4.5539193268      9326  +4.5537109375  -2.084e-04
  5632  +4.5554024466      9329  +4.5551757812  -2.267e-04
  5633  +4.5568850837      9333  +4.5571289062  +2.438e-04
  5634  +4.5583672386      9336  +4.5585937500  +2.265e-04
  5635  +4.5598489117      9339  +4.5600585938  +2.097e-04
  5636  +4.5613301036      9342  +4.5615234375  +1.933e-04
  5637  +4.5628108145      9345  +4.5629882812  +1.775e-04
  5638  +4.5642910452      9348  +4.5644531250  +1.621e-04
  5639  +4.5657707959      9351  +4.5659179688  +1.472e-04
  5640  +4.5672500672      9354  +4.5673828125  +1.327e-04
  5641  +4.5687288596      9357  +4.5688476562  +1.188e-04
  5642  +4.5702071735      9360  +4.5703125000  +1.053e-04
  5643  +4.5716850093      9363  +4.5717773438  +9.233e-05
  5644  +4.5731623675      9366  +4.5732421875  +7.982e-05
  5645  +4.5746392487      9369  +4.5747070312  +6.778e-05
  5646  +4.5761156532      9372  +4.5761718750  +5.622e-05
  5647  +4.5775915815      9375  +4.5776367188  +4.514e-05
  5648  +4.5790670341      9378  +4.5791015625  +3.453e-05
  5649  +4.5805420115      9381  +4.5805664062  +2.439e-05
  5650  +4.5820165140      9384  +4.5820312500  +1.474e-05
  5651  +4.5834905422      9387  +4.5834960938  +5.552e-06
  5652  +4.5849640965      9390  +4.5849609375  -3.159e-06
  5653  +4.5864371774      9393  +4.5864257812  -1.140e-05
  5654  +4.5879097853      9396  +4.5878906250  -1.916e-05
  5655  +4.5893819206      9399  +4.5893554688  -2.645e-05
  5656  +4.5908535840      9402  +4.5908203125  -3.327e-05
  5657  +4.5923247757      9405  +4.5922851562  -3.962e-05
  5658  +4.5937954962      9408  +4.5937500000  -4.550e-05
  5659  +4.5952657460      9411  +4.5952148438  -5.090e-05
  5660  +4.5967355256      9414  +4.5966796875  -5.584e-05
  5661  +4.5982048354      9417  +4.5981445312  -6.030e-05
  5662  +4.5996736758      9420  +4.5996093750  -6.430e-05
  5663  +4.6011420473      9423  +4.6010742188  -6.783e-05
  5664  +4.6026099504      9426  +4.6025390625  -7.089e-05
  5665  +4.6040773855      9429  +4.6040039062  -7.348e-05
  5666  +4.6055443530      9432  +4.6054687500  -7.560e-05
  5667  +4.6070108534      9435  +4.6069335938  -7.726e-05
  5668  +4.6084768871      9438  +4.6083984375  -7.845e-05
  5669  +4.6099424546      9441  +4.6098632812  -7.917e-05
  5670  +4.6114075563      9444  +4.6113281250  -7.943e-05
  5671  +4.6128721927      9447  +4.6127929688  -7.922e-05
  5672  +4.6143363642      9450  +4.6142578125  -7.855e-05
  5673  +4.6158000712      9453  +4.6157226562  -7.741e-05
  5674  +4.6172633143      9456  +4.6171875000  -7.581e-05
  5675  +4.6187260938      9459  +4.6186523438  -7.375e-05
  5676  +4.6201884101      9462  +4.6201171875  -7.122e-05
  5677  +4.6216502638      9465  +4.6215820312  -6.823e-05
  5678  +4.6231116552      9468  +4.6230468750  -6.478e-05
  5679  +4.6245725848      9471  +4.6245117188  -6.087e-05
  5680  +4.6260330531      9474  +4.6259765625  -5.649e-05
  5681  +4.6274930604      9477  +4.6274414062  -5.165e-05
  5682  +4.6289526072      9480  +4.6289062500  -4.636e-05
  5683  +4.6304116940      9483  +4.6303710938  -4.060e-05
  5684  +4.6318703211      9486  +4.6318359375  -3.438e-05
  5685  +4.6333284890      9489  +4.6333007812  -2.771e-05
  5686  +4.6347861982      9492  +4.6347656250  -2.057e-05
  5687  +4.6362434490      9495  +4.6362304688  -1.298e-05
  5688  +4.6377002420      9498  +4.6376953125  -4.929e-06
  5689  +4.6391565775      9501  +4.6391601562  +3.579e-06
  5690  +4.6406124559      9504  +4.6406250000  +1.254e-05
  5691  +4.6420678778      9507  +4.6420898438  +2.197e-05
  5692  +4.6435228435      9510  +4.6435546875  +3.184e-05
  5693  +4.6449773534      9513  +4.6450195312  +4.218e-05
  5694  +4.6464314080      9516  +4.6464843750  +5.297e-05
  5695  +4.6478850077      9519  +4.6479492188  +6.421e-05
  5696  +4.6493381530      9522  +4.6494140625  +7.591e-05
  5697  +4.6507908442      9525  +4.6508789062  +8.806e-05
  5698  +4.6522430818      9528  +4.6523437500  +1.007e-04
  5699  +4.6536948663      9531  +4.6538085938  +1.137e-04
  5700  +4.6551461979      9534  +4.6552734375  +1.272e-04
  5701  +4.6565970772      9537  +4.6567382812  +1.412e-04
  5702  +4.6580475046      9540  +4.6582031250  +1.556e-04
  5703  +4.6594974806      9543  +4.6596679688  +1.705e-04
  5704  +4.6609470054      9546  +4.6611328125  +1.858e-04
  5705  +4.6623960796      9549  +4.6625976562  +2.016e-04
  5706  +4.6638447035      9552  +4.6640625000  +2.178e-04
  5707  +4.6652928777      9555  +4.6655273438  +2.345e-04
  5708  +4.6667406024      9557  +4.6665039062  -2.367e-04
  5709  +4.6681878782      9560  +4.6679687500  -2.191e-04
  5710  +4.6696347054      9563  +4.6694335938  -2.011e-04
  5711  +4.6710810845      9566  +4.6708984375  -1.826e-04
  5712  +4.6725270158      9569  +4.6723632812  -1.637e-04
  5713  +4.6739724998      9572  +4.6738281250  -1.444e-04
  5714  +4.6754175370      9575  +4.6752929688  -1.246e-04
  5715  +4.6768621276      9578  +4.6767578125  -1.043e-04
  5716  +4.6783062722      9581  +4.6782226562  -8.362e-05
  5717  +4.6797499711      9584  +4.6796875000  -6.247e-05
  5718  +4.6811932248      9587  +4.6811523438  -4.088e-05
  5719  +4.6826360337      9590  +4.6826171875  -1.885e-05
  5720  +4.6840783981      9593  +4.6840820312  +3.633e-06
  5721  +4.6855203185      9596  +4.6855468750  +2.656e-05
  5722  +4.6869617954      9599  +4.6870117188  +4.992e-05
  5723  +4.6884028290      9602  +4.6884765625  +7.373e-05
  5724  +4.6898434199      9605  +4.6899414062  +9.799e-05
  5725  +4.6912835684      9608  +4.6914062500  +1.227e-04
  5726  +4.6927232749      9611  +4.6928710938  +1.478e-04
  5727  +4.6941625398      9614  +4.6943359375  +1.734e-04
  5728  +4.6956013636      9617  +4.6958007812  +1.994e-04
  5729  +4.6970397467      9620  +4.6972656250  +2.259e-04
  5730  +4.6984776894      9622  +4.6982421875  -2.355e-04
  5731  +4.6999151922      9625  +4.6997070312  -2.082e-04
  5732  +4.7013522554      9628  +4.7011718750  -1.804e-04
  5733  +4.7027888795      9631  +4.7026367188  -1.522e-04
  5734  +4.7042250649      9634  +4.7041015625  -1.235e-04
  5735  +4.7056608119      9637  +4.7055664062  -9.441e-05
  5736  +4.7070961210      9640  +4.7070312500  -6.487e-05
  5737  +4.7085309926      9643  +4.7084960938  -3.490e-05
  5738  +4.7099654270      9646  +4.7099609375  -4.490e-06
  5739  +4.7113994248      9649  +4.7114257812  +2.636e-05
  5740  +4.7128329862      9652  +4.7128906250  +5.764e-05
  5741  +4.7142661116      9655  +4.7143554688  +8.936e-05
  5742  +4.7156988016      9658  +4.7158203125  +1.215e-04
  5743  +4.7171310564      9661  +4.7172851562  +1.541e-04
  5744  +4.7185628764      9664  +4.7187500000  +1.871e-04
  5745  +4.7199942621      9667  +4.7202148438  +2.206e-04
  5746  +4.7214252139      9669  +4.7211914062  -2.338e-04
  5747  +4.7228557321      9672  +4.7226562500  -1.995e-04
  5748  +4.7242858171      9675  +4.7241210938  -1.647e-04
  5749  +4.7257154694      9678  +4.7255859375  -1.295e-04
  5750  +4.7271446893      9681  +4.7270507812  -9.391e-05
  5751  +4.7285734772      9684  +4.7285156250  -5.785e-05
  5752  +4.7300018335      9687  +4.7299804688  -2.136e-05
  5753  +4.7314297586      9690  +4.7314453125  +1.555e-05
  5754  +4.7328572529      9693  +4.7329101562  +5.290e-05
  5755  +4.7342843168      9696  +4.7343750000  +9.068e-05
  5756  +4.7357109507      9699  +4.7358398438  +1.289e-04
  5757  +4.7371371549      9702  +4.7373046875  +1.675e-04
  5758  +4.7385629298      9705  +4.7387695312  +2.066e-04
  5759  +4.7399882759      9707  +4.7397460938  -2.422e-04
  5760  +4.7414131935      9710  +4.7412109375  -2.023e-04
  5761  +4.7428376830      9713  +4.7426757812  -1.619e-04
  5762  +4.7442617448      9716  +4.7441406250  -1.211e-04
  5763  +4.7456853792      9719  +4.7456054688  -7.991e-05
  5764  +4.7471085868      9722  +4.7470703125  -3.827e-05
  5765  +4.7485313677      9725  +4.7485351562  +3.789e-06
  5766  +4.7499537225      9728  +4.7500000000  +4.628e-05
  5767  +4.7513756515      9731  +4.7514648438  +8.919e-05
  5768  +4.7527971551      9734  +4.7529296875  +1.325e-04
  5769  +4.7542182337      9737  +4.7543945312  +1.763e-04
  5770  +4.7556388876      9740  +4.7558593750  +2.205e-04
  5771  +4.7570591172      9742  +4.7568359375  -2.232e-04
  5772  +4.7584789230      9745  +4.7583007812  -1.781e-04
  5773  +4.7598983053      9748  +4.7597656250  -1.327e-04
  5774  +4.7613172644      9751  +4.7612304688  -8.680e-05
  5775  +4.7627358008      9754  +4.7626953125  -4.049e-05
  5776  +4.7641539148      9757  +4.7641601562  +6.241e-06
  5777  +4.7655716068      9760  +4.7656250000  +5.339e-05
  5778  +4.7669888772      9763  +4.7670898438  +1.010e-04
  5779  +4.7684057264      9766  +4.7685546875  +1.490e-04
  5780  +4.7698221547      9769  +4.7700195312  +1.974e-04
  5781  +4.7712381625      9771  +4.7709960938  -2.421e-04
  5782  +4.7726537501      9774  +4.7724609375  -1.928e-04
  5783  +4.7740689181      9777  +4.7739257812  -1.431e-04
  5784  +4.7754836666      9780  +4.7753906250  -9.304e-05
  5785  +4.7768979962      9783  +4.7768554688  -4.253e-05
  5786  +4.7783119071      9786  +4.7783203125  +8.405e-06
  5787  +4.7797253998      9789  +4.7797851562  +5.976e-05
  5788  +4.7811384746      9792  +4.7812500000  +1.115e-04
  5789  +4.7825511319      9795  +4.7827148438  +1.637e-04
  5790  +4.7839633720      9798  +4.7841796875  +2.163e-04
  5791  +4.7853751954      9800  +4.7851562500  -2.189e-04
  5792  +4.7867866024      9803  +4.7866210938  -1.655e-04
  5793  +4.7881975933      9806  +4.7880859375  -1.117e-04
  5794  +4.7896081685      9809  +4.7895507812  -5.739e-05
  5795  +4.7910183285      9812  +4.7910156250  -2.703e-06
  5796  +4.7924280735      9815  +4.7924804688  +5.240e-05
  5797  +4.7938374039      9818  +4.7939453125  +1.079e-04
  5798  +4.7952463202      9821  +4.7954101562  +1.638e-04
  5799  +4.7966548226      9824  +4.7968750000  +2.202e-04
  5800  +4.7980629115      9826  +4.7978515625  -2.113e-04
  5801  +4.7994705873      9829  +4.7993164062  -1.542e-04
  5802  +4.8008778504      9832  +4.8007812500  -9.660e-05
  5803  +4.8022847011      9835  +4.8022460938  -3.861e-05
  5804  +4.8036911397      9838  +4.8037109375  +1.980e-05
  5805  +4.8050971667      9841  +4.8051757812  +7.861e-05
  5806  +4.8065027824      9844  +4.8066406250  +1.378e-04
  5807  +4.8079079872      9847  +4.8081054688  +1.975e-04
  5808  +4.8093127814      9849  +4.8090820312  -2.308e-04
  5809  +4.8107171653      9852  +4.8105468750  -1.703e-04
  5810  +4.8121211394      9855  +4.8120117188  -1.094e-04
  5811  +4.8135247040      9858  +4.8134765625  -4.814e-05
  5812  +4.8149278595      9861  +4.8149414062  +1.355e-05
  5813  +4.8163306062      9864  +4.8164062500  +7.564e-05
  5814  +4.8177329444      9867  +4.8178710938  +1.381e-04
  5815  +4.8191348746      9870  +4.8193359375  +2.011e-04
  5816  +4.8205363971      9872  +4.8203125000  -2.239e-04
  5817  +4.8219375122      9875  +4.8217773438  -1.602e-04
  5818  +4.8233382203      9878  +4.8232421875  -9.603e-05
  5819  +4.8247385217      9881  +4.8247070312  -3.149e-05
  5820  +4.8261384168      9884  +4.8261718750  +3.346e-05
  5821  +4.8275379060      9887  +4.8276367188  +9.881e-05
  5822  +4.8289369897      9890  +4.8291015625  +1.646e-04
  5823  +4.8303356680      9893  +4.8305664062  +2.307e-04
  5824  +4.8317339415      9895  +4.8315429688  -1.910e-04
  5825  +4.8331318105      9898  +4.8330078125  -1.240e-04
  5826  +4.8345292753      9901  +4.8344726562  -5.662e-05
  5827  +4.8359263362      9904  +4.8359375000  +1.116e-05
  5828  +4.8373229936      9907  +4.8374023438  +7.935e-05
  5829  +4.8387192480      9910  +4.8388671875  +1.479e-04
  5830  +4.8401150995      9913  +4.8403320312  +2.169e-04
  5831  +4.8415105486      9915  +4.8413085938  -2.020e-04
  5832  +4.8429055956      9918  +4.8427734375  -1.322e-04
  5833  +4.8443002409      9921  +4.8442382812  -6.196e-05
  5834  +4.8456944848      9924  +4.8457031250  +8.640e-06
  5835  +4.8470883276      9927  +4.8471679688  +7.964e-05
  5836  +4.8484817697      9930  +4.8486328125  +1.510e-04
  5837  +4.8498748115      9933  +4.8500976562  +2.228e-04
  5838  +4.8512674532      9935  +4.8510742188  -1.932e-04
  5839  +4.8526596953      9938  +4.8525390625  -1.206e-04
  5840  +4.8540515381      9941  +4.8540039062  -4.763e-05
  5841  +4.8554429819      9944  +4.8554687500  +2.577e-05
  5842  +4.8568340270      9947  +4.8569335938  +9.957e-05
  5843  +4.8582246739      9950  +4.8583984375  +1.738e-04
  5844  +4.8596149228      9952  +4.8593750000  -2.399e-04
  5845  +4.8610047740      9955  +4.8608398438  -1.649e-04
  5846  +4.8623942281      9958  +4.8623046875  -8.954e-05
  5847  +4.8637832851      9961  +4.8637695312  -1.375e-05
  5848  +4.8651719456      9964  +4.8652343750  +6.243e-05
  5849  +4.8665602099      9967  +4.8666992188  +1.390e-04
  5850  +4.8679480782      9970  +4.8681640625  +2.160e-04
  5851  +4.8693355510      9972  +4.8691406250  -1.949e-04
  5852  +4.8707226285      9975  +4.8706054688  -1.172e-04
  5853  +4.8721093111      9978  +4.8720703125  -3.900e-05
  5854  +4.8734955992      9981  +4.8735351562  +3.956e-05
  5855  +4.8748814930      9984  +4.8750000000  +1.185e-04
  5856  +4.8762669930      9987  +4.8764648438  +1.979e-04
  5857  +4.8776520994      9989  +4.8774414062  -2.107e-04
  5858  +4.8790368126      9992  +4.8789062500  -1.306e-04
  5859  +4.8804211329      9995  +4.8803710938  -5.004e-05
  5860  +4.8818050606      9998  +4.8818359375  +3.088e-05
  5861  +4.8831885962     10001  +4.8833007812  +1.122e-04
  5862  +4.8845717398     10004  +4.8847656250  +1.939e-04
  5863  +4.8859544920     10006  +4.8857421875  -2.123e-04
  5864  +4.8873368529     10009  +4.8872070312  -1.298e-04
  5865  +4.8887188229     10012  +4.8886718750  -4.695e-05
  5866  +4.8901004023     10015  +4.8901367188  +3.632e-05
  5867  +4.8914815916     10018  +4.8916015625  +1.200e-04
  5868  +4.8928623909     10021  +4.8930664062  +2.040e-04
  5869  +4.8942428007     10023  +4.8940429688  -1.998e-04
  5870  +4.8956228213     10026  +4.8955078125  -1.150e-04
  5871  +4.8970024529     10029  +4.8969726562  -2.980e-05
  5872  +4.8983816960     10032  +4.8984375000  +5.580e-05
  5873  +4.8997605508     10035  +4.8999023438  +1.418e-04
  5874  +4.9011390177     10038  +4.9013671875  +2.282e-04
  5875  +4.9025170971     10040  +4.9023437500  -1.733e-04
  5876  +4.9038947891     10043  +4.9038085938  -8.620e-05
  5877  +4.9052720942     10046  +4.9052734375  +1.343e-06
  5878  +4.9066490127     10049  +4.9067382812  +8.927e-05
  5879  +4.9080255450     10052  +4.9082031250  +1.776e-04
  5880  +4.9094016912     10054  +4.9091796875  -2.220e-04
  5881  +4.9107774519     10057  +4.9106445312  -1.329e-04
  5882  +4.9121528272     10060  +4.9121093750  -4.345e-05
  5883  +4.9135278175     10063  +4.9135742188  +4.640e-05
  5884  +4.9149024231     10066  +4.9150390625  +1.366e-04
  5885  +4.9162766445     10069  +4.9165039062  +2.273e-04
  5886  +4.9176504817     10071  +4.9174804688  -1.700e-04
  5887  +4.9190239353     10074  +4.9189453125  -7.862e-05
  5888  +4.9203970055     10077  +4.9204101562  +1.315e-05
  5889  +4.9217696927     10080  +4.9218750000  +1.053e-04
  5890  +4.9231419971     10083  +4.9233398438  +1.978e-04
  5891  +4.9245139191     10085  +4.9243164062  -1.975e-04
  5892  +4.9258854590     10088  +4.9257812500  -1.042e-04
  5893  +4.9272566171     10091  +4.9272460938  -1.052e-05
  5894  +4.9286273938     10094  +4.9287109375  +8.354e-05
  5895  +4.9299977893     10097  +4.9301757812  +1.780e-04
  5896  +4.9313678040     10099  +4.9311523438  -2.155e-04
  5897  +4.9327374382     10102  +4.9326171875  -1.203e-04
  5898  +4.9341066922     10105  +4.9340820312  -2.466e-05
  5899  +4.9354755663     10108  +4.9355468750  +7.131e-05
  5900  +4.9368440609     10111  +4.9370117188  +1.677e-04
  5901  +4.9382121762     10113  +4.9379882812  -2.239e-04
  5902  +4.9395799126     10116  +4.9394531250  -1.268e-04
  5903  +4.9409472704     10119  +4.9409179688  -2.930e-05
  5904  +4.9423142499     10122  +4.9423828125  +6.856e-05
  5905  +4.9436808514     10125  +4.9438476562  +1.668e-04
  5906  +4.9450470752     10127  +4.9448242188  -2.229e-04
  5907  +4.9464129217     10130  +4.9462890625  -1.239e-04
  5908  +4.9477783911     10133  +4.9477539062  -2.448e-05
  5909  +4.9491434838     10136  +4.9492187500  +7.527e-05
  5910  +4.9505082001     10139  +4.9506835938  +1.754e-04
  5911  +4.9518725403     10141  +4.9516601562  -2.124e-04
  5912  +4.9532365047     10144  +4.9531250000  -1.115e-04
  5913  +4.9546000935     10147  +4.9545898438  -1.025e-05
  5914  +4.9559633072     10150  +4.9560546875  +9.138e-05
  5915  +4.9573261461     10153  +4.9575195312  +1.934e-04
  5916  +4.9586886103     10155  +4.9584960938  -1.925e-04
  5917  +4.9600507003     10158  +4.9599609375  -8.976e-05
  5918  +4.9614124164     10161  +4.9614257812  +1.336e-05
  5919  +4.9627737589     10164  +4.9628906250  +1.169e-04
  5920  +4.9641347280     10167  +4.9643554688  +2.207e-04
  5921  +4.9654953240     10169  +4.9653320312  -1.633e-04
  5922  +4.9668555474     10172  +4.9667968750  -5.867e-05
  5923  +4.9682153984     10175  +4.9682617188  +4.632e-05
  5924  +4.9695748772     10178  +4.9697265625  +1.517e-04
  5925  +4.9709339843     10180  +4.9707031250  -2.309e-04
  5926  +4.9722927199     10183  +4.9721679688  -1.248e-04
  5927  +4.9736510843     10186  +4.9736328125  -1.827e-05
  5928  +4.9750090777     10189  +4.9750976562  +8.858e-05
  5929  +4.9763667007     10192  +4.9765625000  +1.958e-04
  5930  +4.9777239533     10194  +4.9775390625  -1.849e-04
  5931  +4.9790808360     10197  +4.9790039062  -7.693e-05
  5932  +4.9804373490     10200  +4.9804687500  +3.140e-05
  5933  +4.9817934926     10203  +4.9819335938  +1.401e-04
  5934  +4.9831492671     10205  +4.9829101562  -2.391e-04
  5935  +4.9845046729     10208  +4.9843750000  -1.297e-04
  5936  +4.9858597102     10211  +4.9858398438  -1.987e-05
  5937  +4.9872143794     10214  +4.9873046875  +9.031e-05
  5938  +4.9885686806     10217  +4.9887695312  +2.009e-04
  5939  +4.9899226144     10219  +4.9897460938  -1.765e-04
  5940  +4.9912761808     10222  +4.9912109375  -6.524e-05
  5941  +4.9926293803     10225  +4.9926757812  +4.640e-05
  5942  +4.9939822131     10228  +4.9941406250  +1.584e-04
  5943  +4.9953346795     10230  +4.9951171875  -2.175e-04
  5944  +4.9966867799     10233  +4.9965820312  -1.047e-04
  5945  +4.9980385145     10236  +4.9980468750  +8.361e-06
  5946  +4.9993898836     10239  +4.9995117188  +1.218e-04
  5947  +5.0007408875     10242  +5.0009765625  +2.357e-04
  5948  +5.0020915265     10244  +5.0019531250  -1.384e-04
  5949  +5.0034418009     10247  +5.0034179688  -2.383e-05
  5950  +5.0047917111     10250  +5.0048828125  +9.110e-05
  5951  +5.0061412572     10253  +5.0063476562  +2.064e-04
  5952  +5.0074904396     10255  +5.0073242188  -1.662e-04
  5953  +5.0088392586     10258  +5.0087890625  -5.020e-05
  5954  +5.0101877145     10261  +5.0102539062  +6.619e-05
  5955  +5.0115358075     10264  +5.0117187500  +1.829e-04
  5956  +5.0128835380     10266  +5.0126953125  -1.882e-04
  5957  +5.0142309063     10269  +5.0141601562  -7.075e-05
  5958  +5.0155779126     10272  +5.0156250000  +4.709e-05
  5959  +5.0169245572     10275  +5.0170898438  +1.653e-04
  5960  +5.0182708405     10277  +5.0180664062  -2.044e-04
  5961  +5.0196167627     10280  +5.0195312500  -8.551e-05
  5962  +5.0209623241     10283  +5.0209960938  +3.377e-05
  5963  +5.0223075251     10286  +5.0224609375  +1.534e-04
  5964  +5.0236523658     10288  +5.0234375000  -2.149e-04
  5965  +5.0249968465     10291  +5.0249023438  -9.450e-05
  5966  +5.0263409677     10294  +5.0263671875  +2.622e-05
  5967  +5.0276847295     10297  +5.0278320312  +1.473e-04
  5968  +5.0290281323     10299  +5.0288085938  -2.195e-04
  5969  +5.0303711763     10302  +5.0302734375  -9.774e-05
  5970  +5.0317138618     10305  +5.0317382812  +2.442e-05
  5971  +5.0330561891     10308  +5.0332031250  +1.469e-04
  5972  +5.0343981585     10310  +5.0341796875  -2.185e-04
  5973  +5.0357397703     10313  +5.0356445312  -9.524e-05
  5974  +5.0370810248     10316  +5.0371093750  +2.835e-05
  5975  +5.0384219222     10319  +5.0385742188  +1.523e-04
  5976  +5.0397624628     10321  +5.0395507812  -2.117e-04
  5977  +5.0411026470     10324  +5.0410156250  -8.702e-05
  5978  +5.0424424749     10327  +5.0424804688  +3.799e-05
  5979  +5.0437819470     10330  +5.0439453125  +1.634e-04
  5980  +5.0451210634     10332  +5.0449218750  -1.992e-04
  5981  +5.0464598245     10335  +5.0463867188  -7.311e-05
  5982  +5.0477982305     10338  +5.0478515625  +5.333e-05
  5983  +5.0491362818     10341  +5.0493164062  +1.801e-04
  5984  +5.0504739785     10343  +5.0502929688  -1.810e-04
  5985  +5.0518113211     10346  +5.0517578125  -5.351e-05
  5986  +5.0531483097     10349  +5.0532226562  +7.435e-05
  5987  +5.0544849446     10352  +5.0546875000  +2.026e-04
  5988  +5.0558212262     10354  +5.0556640625  -1.572e-04
  5989  +5.0571571546     10357  +5.0571289062  -2.825e-05
  5990  +5.0584927303     10360  +5.0585937500  +1.010e-04
  5991  +5.0598279534     10363  +5.0600585938  +2.306e-04
  5992  +5.0611628243     10365  +5.0610351562  -1.277e-04
  5993  +5.0624973432     10368  +5.0625000000  +2.657e-06
  5994  +5.0638315104     10371  +5.0639648438  +1.333e-04
  5995  +5.0651653262     10373  +5.0649414062  -2.239e-04
  5996  +5.0664987908     10376  +5.0664062500  -9.254e-05
  5997  +5.0678319046     10379  +5.0678710938  +3.919e-05
  5998  +5.0691646678     10382  +5.0693359375  +1.713e-04
  5999  +5.0704970806     10384  +5.0703125000  -1.846e-04
  6000  +5.0718291435     10387  +5.0717773438  -5.180e-05
  6001  +5.0731608565     10390  +5.0732421875  +8.133e-05
  6002  +5.0744922201     10393  +5.0747070312  +2.148e-04
  6003  +5.0758232345     10395  +5.0756835938  -1.396e-04
  6004  +5.0771538999     10398  +5.0771484375  -5.462e-06
  6005  +5.0784842167     10401  +5.0786132812  +1.291e-04
  6006  +5.0798141851     10403  +5.0795898438  -2.243e-04
  6007  +5.0811438054     10406  +5.0810546875  -8.912e-05
  6008  +5.0824730778     10409  +5.0825195312  +4.645e-05
  6009  +5.0838020027     10412  +5.0839843750  +1.824e-04
  6010  +5.0851305803     10414  +5.0849609375  -1.696e-04
  6011  +5.0864588108     10417  +5.0864257812  -3.303e-05
  6012  +5.0877866946     10420  +5.0878906250  +1.039e-04
  6013  +5.0891142319     10423  +5.0893554688  +2.412e-04
  6014  +5.0904414230     10425  +5.0903320312  -1.094e-04
  6015  +5.0917682682     10428  +5.0917968750  +2.861e-05
  6016  +5.0930947677     10431  +5.0932617188  +1.670e-04
  6017  +5.0944209218     10433  +5.0942382812  -1.826e-04
  6018  +5.0957467308     10436  +5.0957031250  -4.361e-05
  6019  +5.0970721949     10439  +5.0971679688  +9.577e-05
  6020  +5.0983973145     10442  +5.0986328125  +2.355e-04
  6021  +5.0997220897     10444  +5.0996093750  -1.127e-04
  6022  +5.1010465208     10447  +5.1010742188  +2.770e-05
  6023  +5.1023706082     10450  +5.1025390625  +1.685e-04
  6024  +5.1036943521     10452  +5.1035156250  -1.787e-04
  6025  +5.1050177527     10455  +5.1049804688  -3.728e-05
  6026  +5.1063408103     10458  +5.1064453125  +1.045e-04
  6027  +5.1076635252     10460  +5.1074218750  -2.417e-04
  6028  +5.1089858977     10463  +5.1088867188  -9.918e-05
  6029  +5.1103079279     10466  +5.1103515625  +4.363e-05
  6030  +5.1116296163     10469  +5.1118164062  +1.868e-04
  6031  +5.1129509630     10471  +5.1127929688  -1.580e-04
  6032  +5.1142719683     10474  +5.1142578125  -1.416e-05
  6033  +5.1155926325     10477  +5.1157226562  +1.300e-04
  6034  +5.1169129558     10479  +5.1166992188  -2.137e-04
  6035  +5.1182329385     10482  +5.1181640625  -6.888e-05
  6036  +5.1195525809     10485  +5.1196289062  +7.633e-05
  6037  +5.1208718832     10488  +5.1210937500  +2.219e-04
  6038  +5.1221908458     10490  +5.1220703125  -1.205e-04
  6039  +5.1235094687     10493  +5.1235351562  +2.569e-05
  6040  +5.1248277524     10496  +5.1250000000  +1.722e-04
  6041  +5.1261456971     10498  +5.1259765625  -1.691e-04
  6042  +5.1274633030     10501  +5.1274414062  -2.190e-05
  6043  +5.1287805704     10504  +5.1289062500  +1.257e-04
  6044  +5.1300974996     10506  +5.1298828125  -2.147e-04
  6045  +5.1314140908     10509  +5.1313476562  -6.643e-05
  6046  +5.1327303442     10512  +5.1328125000  +8.216e-05
  6047  +5.1340462603     10515  +5.1342773438  +2.311e-04
  6048  +5.1353618391     10517  +5.1352539062  -1.079e-04
  6049  +5.1366770810     10520  +5.1367187500  +4.167e-05
  6050  +5.1379919862     10523  +5.1381835938  +1.916e-04
  6051  +5.1393065549     10525  +5.1391601562  -1.464e-04
  6052  +5.1406207875     10528  +5.1406250000  +4.212e-06
  6053  +5.1419346843     10531  +5.1420898438  +1.552e-04
  6054  +5.1432482453     10533  +5.1430664062  -1.818e-04
  6055  +5.1445614710     10536  +5.1445312500  -3.022e-05
  6056  +5.1458743615     10539  +5.1459960938  +1.217e-04
  6057  +5.1471869172     10541  +5.1469726562  -2.143e-04
  6058  +5.1484991382     10544  +5.1484375000  -6.164e-05
  6059  +5.1498110249     10547  +5.1499023438  +9.132e-05
  6060  +5.1511225774     10549  +5.1508789062  -2.437e-04
  6061  +5.1524337961     10552  +5.1523437500  -9.005e-05
  6062  +5.1537446812     10555  +5.1538085938  +6.391e-05
  6063  +5.1550552330     10558  +5.1552734375  +2.182e-04
  6064  +5.1563654516     10560  +5.1562500000  -1.155e-04
  6065  +5.1576753375     10563  +5.1577148438  +3.951e-05
  6066  +5.1589848907     10566  +5.1591796875  +1.948e-04
  6067  +5.1602941116     10568  +5.1601562500  -1.379e-04
  6068  +5.1616030004     10571  +5.1616210938  +1.809e-05
  6069  +5.1629115574     10574  +5.1630859375  +1.744e-04
  6070  +5.1642197828     10576  +5.1640625000  -1.573e-04
  6071  +5.1655276770     10579  +5.1655273438  -3.332e-07
  6072  +5.1668352400     10582  +5.1669921875  +1.569e-04
  6073  +5.1681424722     10584  +5.1679687500  -1.737e-04
  6074  +5.1694493738     10587  +5.1694335938  -1.578e-05
  6075  +5.1707559452     10590  +5.1708984375  +1.425e-04
  6076  +5.1720621864     10592  +5.1718750000  -1.872e-04
  6077  +5.1733680979     10595  +5.1733398438  -2.825e-05
  6078  +5.1746736797     10598  +5.1748046875  +1.310e-04
  6079  +5.1759789323     10600  +5.1757812500  -1.977e-04
  6080  +5.1772838558     10603  +5.1772460938  -3.776e-05
  6081  +5.1785884505     10606  +5.1787109375  +1.225e-04
  6082  +5.1798927166     10608  +5.1796875000  -2.052e-04
  6083  +5.1811966543     10611  +5.1811523438  -4.431e-05
  6084  +5.1825002640     10614  +5.1826171875  +1.169e-04
  6085  +5.1838035459     10616  +5.1835937500  -2.098e-04
  6086  +5.1851065002     10619  +5.1850585938  -4.791e-05
  6087  +5.1864091271     10622  +5.1865234375  +1.143e-04
  6088  +5.1877114270     10624  +5.1875000000  -2.114e-04
  6089  +5.1890134000     10627  +5.1889648438  -4.856e-05
  6090  +5.1903150464     10630  +5.1904296875  +1.146e-04
  6091  +5.1916163665     10632  +5.1914062500  -2.101e-04
  6092  +5.1929173605     10635  +5.1928710938  -4.627e-05
  6093  +5.1942180286     10638  +5.1943359375  +1.179e-04
  6094  +5.1955183711     10640  +5.1953125000  -2.059e-04
  6095  +5.1968183882     10643  +5.1967773438  -4.104e-05
  6096  +5.1981180802     10646  +5.1982421875  +1.241e-04
  6097  +5.1994174474     10648  +5.1992187500  -1.987e-04
  6098  +5.2007164898     10651  +5.2006835938  -3.290e-05
  6099  +5.2020152079     10654  +5.2021484375  +1.332e-04
  6100  +5.2033136019     10656  +5.2031250000  -1.886e-04
  6101  +5.2046116719     10659  +5.2045898438  -2.183e-05
  6102  +5.2059094182     10662  +5.2060546875  +1.453e-04
  6103  +5.2072068412     10664  +5.2070312500  -1.756e-04
  6104  +5.2085039409     10667  +5.2084960938  -7.847e-06
  6105  +5.2098007177     10670  +5.2099609375  +1.602e-04
  6106  +5.2110971718     10672  +5.2109375000  -1.597e-04
  6107  +5.2123933034     10675  +5.2124023438  +9.040e-06
  6108  +5.2136891129     10678  +5.2138671875  +1.781e-04
  6109  +5.2149846003     10680  +5.2148437500  -1.409e-04
  6110  +5.2162797660     10683  +5.2163085938  +2.883e-05
  6111  +5.2175746102     10686  +5.2177734375  +1.988e-04
  6112  +5.2188691331     10688  +5.2187500000  -1.191e-04
  6113  +5.2201633350     10691  +5.2202148438  +5.151e-05
  6114  +5.2214572162     10694  +5.2216796875  +2.225e-04
  6115  +5.2227507767     10696  +5.2226562500  -9.453e-05
  6116  +5.2240440170     10699  +5.2241210938  +7.708e-05
  6117  +5.2253369372     10701  +5.2250976562  -2.393e-04
  6118  +5.2266295376     10704  +5.2265625000  -6.704e-05
  6119  +5.2279218184     10707  +5.2280273438  +1.055e-04
  6120  +5.2292137798     10709  +5.2290039062  -2.099e-04
  6121  +5.2305054221     10712  +5.2304687500  -3.667e-05
  6122  +5.2317967455     10715  +5.2319335938  +1.368e-04
  6123  +5.2330877503     10717  +5.2329101562  -1.776e-04
  6124  +5.2343784367     10720  +5.2343750000  -3.437e-06
  6125  +5.2356688048     10723  +5.2358398438  +1.710e-04
  6126  +5.2369588551     10725  +5.2368164062  -1.424e-04
  6127  +5.2382485876     10728  +5.2382812500  +3.266e-05
  6128  +5.2395380027     10731  +5.2397460938  +2.081e-04
  6129  +5.2408271005     10733  +5.2407226562  -1.044e-04
  6130  +5.2421158813     10736  +5.2421875000  +7.162e-05
  6131  +5.2434043453     10738  +5.2431640625  -2.403e-04
  6132  +5.2446924928     10741  +5.2446289062  -6.359e-05
  6133  +5.2459803240     10744  +5.2460937500  +1.134e-04
  6134  +5.2472678392     10746  +5.2470703125  -1.975e-04
  6135  +5.2485550385     10749  +5.2485351562  -1.988e-05
  6136  +5.2498419222     10752  +5.2500000000  +1.581e-04
  6137  +5.2511284905     10754  +5.2509765625  -1.519e-04
  6138  +5.2524147436     10757  +5.2524414062  +2.666e-05
  6139  +5.2537006819     10760  +5.2539062500  +2.056e-04
  6140  +5.2549863055     10762  +5.2548828125  -1.035e-04
  6141  +5.2562716146     10765  +5.2563476562  +7.604e-05
  6142  +5.2575566095     10767  +5.2573242188  -2.324e-04
  6143  +5.2588412904     10770  +5.2587890625  -5.223e-05
  6144  +5.2601256576     10773  +5.2602539062  +1.282e-04
  6145  +5.2614097113     10775  +5.2612304688  -1.792e-04
  6146  +5.2626934516     10778  +5.2626953125  +1.861e-06
  6147  +5.2639768789     10781  +5.2641601562  +1.833e-04
  6148  +5.2652599933     10783  +5.2651367188  -1.233e-04
  6149  +5.2665427951     10786  +5.2666015625  +5.877e-05
  6150  +5.2678252846     10789  +5.2680664062  +2.411e-04
  6151  +5.2691074618     10791  +5.2690429688  -6.449e-05
  6152  +5.2703893272     10794  +5.2705078125  +1.185e-04
  6153  +5.2716708808     10796  +5.2714843750  -1.865e-04
  6154  +5.2729521230     10799  +5.2729492188  -2.904e-06
  6155  +5.2742330540     10802  +5.2744140625  +1.810e-04
  6156  +5.2755136739     10804  +5.2753906250  -1.230e-04
  6157  +5.2767939830     10807  +5.2768554688  +6.149e-05
  6158  +5.2780739816     10809  +5.2778320312  -2.420e-04
  6159  +5.2793536698     10812  +5.2792968750  -5.679e-05
  6160  +5.2806330479     10815  +5.2807617188  +1.287e-04
  6161  +5.2819121161     10817  +5.2817382812  -1.738e-04
  6162  +5.2831908747     10820  +5.2832031250  +1.225e-05
  6163  +5.2844693238     10823  +5.2846679688  +1.986e-04
  6164  +5.2857474637     10825  +5.2856445312  -1.029e-04
  6165  +5.2870252946     10828  +5.2871093750  +8.408e-05
  6166  +5.2883028167     10830  +5.2880859375  -2.169e-04
  6167  +5.2895800303     10833  +5.2895507812  -2.925e-05
  6168  +5.2908569356     10836  +5.2910156250  +1.587e-04
  6169  +5.2921335328     10838  +5.2919921875  -1.413e-04
  6170  +5.2934098221     10841  +5.2934570312  +4.721e-05
  6171  +5.2946858037     10844  +5.2949218750  +2.361e-04
  6172  +5.2959614780     10846  +5.2958984375  -6.304e-05
  6173  +5.2972368450     10849  +5.2973632812  +1.264e-04
  6174  +5.2985119050     10851  +5.2983398438  -1.721e-04
  6175  +5.2997866583     10854  +5.2998046875  +1.803e-05
  6176  +5.3010611050     10857  +5.3012695312  +2.084e-04
  6177  +5.3023352454     10859  +5.3022460938  -8.915e-05
  6178  +5.3036090797     10862  +5.3037109375  +1.019e-04
  6179  +5.3048826082     10864  +5.3046875000  -1.951e-04
  6180  +5.3061558309     10867  +5.3061523438  -3.487e-06
  6181  +5.3074287483     10870  +5.3076171875  +1.884e-04
  6182  +5.3087013604     10872  +5.3085937500  -1.076e-04
  6183  +5.3099736675     10875  +5.3100585938  +8.493e-05
  6184  +5.3112456698     10877  +5.3110351562  -2.105e-04
  6185  +5.3125173676     10880  +5.3125000000  -1.737e-05
  6186  +5.3137887610     10883  +5.3139648438  +1.761e-04
  6187  +5.3150598503     10885  +5.3149414062  -1.184e-04
  6188  +5.3163306357     10888  +5.3164062500  +7.561e-05
  6189  +5.3176011175     10890  +5.3173828125  -2.183e-04
  6190  +5.3188712957     10893  +5.3188476562  -2.364e-05
  6191  +5.3201411707     10896  +5.3203125000  +1.713e-04
  6192  +5.3214107426     10898  +5.3212890625  -1.217e-04
  6193  +5.3226800118     10901  +5.3227539062  +7.389e-05
  6194  +5.3239489783     10903  +5.3237304688  -2.185e-04
  6195  +5.3252176424     10906  +5.3251953125  -2.233e-05
  6196  +5.3264860044     10909  +5.3266601562  +1.742e-04
  6197  +5.3277540644     10911  +5.3276367188  -1.173e-04
  6198  +5.3290218227     10914  +5.3291015625  +7.974e-05
  6199  +5.3302892794     10916  +5.3300781250  -2.112e-04
  6200  +5.3315564349     10919  +5.3315429688  -1.347e-05
  6201  +5.3328232892     10922  +5.3330078125  +1.845e-04
  6202  +5.3340898427     10924  +5.3339843750  -1.055e-04
  6203  +5.3353560955     10927  +5.3354492188  +9.312e-05
  6204  +5.3366220478     10929  +5.3364257812  -1.963e-04
  6205  +5.3378876999     10932  +5.3378906250  +2.925e-06
  6206  +5.3391530520     10935  +5.3393554688  +2.024e-04
  6207  +5.3404181043     10937  +5.3403320312  -8.607e-05
  6208  +5.3416828570     10940  +5.3417968750  +1.140e-04
  6209  +5.3429473102     10942  +5.3427734375  -1.739e-04
  6210  +5.3442114644     10945  +5.3442382812  +2.682e-05
  6211  +5.3454753195     10948  +5.3457031250  +2.278e-04
  6212  +5.3467388759     10950  +5.3466796875  -5.919e-05
  6213  +5.3480021338     10953  +5.3481445312  +1.424e-04
  6214  +5.3492650934     10955  +5.3491210938  -1.440e-04
  6215  +5.3505277548     10958  +5.3505859375  +5.818e-05
  6216  +5.3517901183     10960  +5.3515625000  -2.276e-04
  6217  +5.3530521842     10963  +5.3530273438  -2.484e-05
  6218  +5.3543139525     10966  +5.3544921875  +1.782e-04
  6219  +5.3555754236     10968  +5.3554687500  -1.067e-04
  6220  +5.3568365976     10971  +5.3569335938  +9.700e-05
  6221  +5.3580974748     10973  +5.3579101562  -1.873e-04
  6222  +5.3593580553     10976  +5.3593750000  +1.694e-05
  6223  +5.3606183394     10979  +5.3608398438  +2.215e-04
  6224  +5.3618783273     10981  +5.3618164062  -6.192e-05
  6225  +5.3631380192     10984  +5.3632812500  +1.432e-04
  6226  +5.3643974152     10986  +5.3642578125  -1.396e-04
  6227  +5.3656565157     10989  +5.3657226562  +6.614e-05
  6228  +5.3669153207     10991  +5.3666992188  -2.161e-04
  6229  +5.3681738306     10994  +5.3681640625  -9.768e-06
  6230  +5.3694320455     10997  +5.3696289062  +1.969e-04
  6231  +5.3706899657     10999  +5.3706054688  -8.450e-05
  6232  +5.3719475913     11002  +5.3720703125  +1.227e-04
  6233  +5.3732049225     11004  +5.3730468750  -1.580e-04
  6234  +5.3744619596     11007  +5.3745117188  +4.976e-05
  6235  +5.3757187027     11009  +5.3754882812  -2.304e-04
  6236  +5.3769751521     11012  +5.3769531250  -2.203e-05
  6237  +5.3782313080     11015  +5.3784179688  +1.867e-04
  6238  +5.3794871705     11017  +5.3793945312  -9.264e-05
  6239  +5.3807427400     11020  +5.3808593750  +1.166e-04
  6240  +5.3819980165     11022  +5.3818359375  -1.621e-04
  6241  +5.3832530003     11025  +5.3833007812  +4.778e-05
  6242  +5.3845076916     11027  +5.3842773438  -2.303e-04
  6243  +5.3857620906     11030  +5.3857421875  -1.990e-05
  6244  +5.3870161976     11033  +5.3872070312  +1.908e-04
  6245  +5.3882700126     11035  +5.3881835938  -8.642e-05
  6246  +5.3895235359     11038  +5.3896484375  +1.249e-04
  6247  +5.3907767678     11040  +5.3906250000  -1.518e-04
  6248  +5.3920297084     11043  +5.3920898438  +6.014e-05
  6249  +5.3932823579     11045  +5.3930664062  -2.160e-04
  6250  +5.3945347165     11048  +5.3945312500  -3.466e-06
  6251  +5.3957867844     11051  +5.3959960938  +2.093e-04
  6252  +5.3970385619     11053  +5.3969726562  -6.591e-05
  6253  +5.3982900492     11056  +5.3984375000  +1.475e-04
  6254  +5.3995412463     11058  +5.3994140625  -1.272e-04
  6255  +5.4007921536     11061  +5.4008789062  +8.675e-05
  6256  +5.4020427712     11063  +5.4018554688  -1.873e-04
  6257  +5.4032930994     11066  +5.4033203125  +2.721e-05
  6258  +5.4045431383     11069  +5.4047851562  +2.420e-04
  6259  +5.4057928881     11071  +5.4057617188  -3.117e-05
  6260  +5.4070423491     11074  +5.4072265625  +1.842e-04
  6261  +5.4082915215     11076  +5.4082031250  -8.840e-05
  6262  +5.4095404053     11079  +5.4096679688  +1.276e-04
  6263  +5.4107890009     11081  +5.4106445312  -1.445e-04
  6264  +5.4120373085     11084  +5.4121093750  +7.207e-05
  6265  +5.4132853282     11086  +5.4130859375  -1.994e-04
  6266  +5.4145330602     11089  +5.4145507812  +1.772e-05
  6267  +5.4157805048     11092  +5.4160156250  +2.351e-04
  6268  +5.4170276621     11094  +5.4169921875  -3.547e-05
  6269  +5.4182745323     11097  +5.4184570312  +1.825e-04
  6270  +5.4195211157     11099  +5.4194335938  -8.752e-05
  6271  +5.4207674124     11102  +5.4208984375  +1.310e-04
  6272  +5.4220134226     11104  +5.4218750000  -1.384e-04
  6273  +5.4232591465     11107  +5.4233398438  +8.070e-05
  6274  +5.4245045844     11109  +5.4243164062  -1.882e-04
  6275  +5.4257497364     11112  +5.4257812500  +3.151e-05
  6276  +5.4269946027     11114  +5.4267578125  -2.368e-04
  6277  +5.4282391835     11117  +5.4282226562  -1.653e-05
  6278  +5.4294834791     11120  +5.4296875000  +2.040e-04
  6279  +5.4307274895     11122  +5.4306640625  -6.343e-05
  6280  +5.4319712150     11125  +5.4321289062  +1.577e-04
  6281  +5.4332146559     11127  +5.4331054688  -1.092e-04
  6282  +5.4344578122     11130  +5.4345703125  +1.125e-04
  6283  +5.4357006842     11132  +5.4355468750  -1.538e-04
  6284  +5.4369432721     11135  +5.4370117188  +6.845e-05
  6285  +5.4381855761     11137  +5.4379882812  -1.973e-04
  6286  +5.4394275963     11140  +5.4394531250  +2.553e-05
  6287  +5.4406693330     11142  +5.4404296875  -2.396e-04
  6288  +5.4419107864     11145  +5.4418945312  -1.626e-05
  6289  +5.4431519566     11148  +5.4433593750  +2.074e-04
  6290  +5.4443928439     11150  +5.4443359375  -5.691e-05
  6291  +5.4456334484     11153  +5.4458007812  +1.673e-04
  6292  +5.4468737704     11155  +5.4467773438  -9.643e-05
  6293  +5.4481138100     11158  +5.4482421875  +1.284e-04
  6294  +5.4493535674     11160  +5.4492187500  -1.348e-04
  6295  +5.4505930428     11163  +5.4506835938  +9.055e-05
  6296  +5.4518322364     11165  +5.4516601562  -1.721e-04
  6297  +5.4530711484     11168  +5.4531250000  +5.385e-05
  6298  +5.4543097790     11170  +5.4541015625  -2.082e-04
  6299  +5.4555481284     11173  +5.4555664062  +1.828e-05
  6300  +5.4567861967     11175  +5.4565429688  -2.432e-04
  6301  +5.4580239842     11178  +5.4580078125  -1.617e-05
  6302  +5.4592614911     11181  +5.4594726562  +2.112e-04
  6303  +5.4604987175     11183  +5.4604492188  -4.950e-05
  6304  +5.4617356637     11186  +5.4619140625  +1.784e-04
  6305  +5.4629723298     11188  +5.4628906250  -8.170e-05
  6306  +5.4642087160     11191  +5.4643554688  +1.468e-04
  6307  +5.4654448225     11193  +5.4653320312  -1.128e-04
  6308  +5.4666806495     11196  +5.4667968750  +1.162e-04
  6309  +5.4679161971     11198  +5.4677734375  -1.428e-04
  6310  +5.4691514657     11201  +5.4692382812  +8.682e-05
  6311  +5.4703864553     11203  +5.4702148438  -1.716e-04
  6312  +5.4716211662     11206  +5.4716796875  +5.852e-05
  6313  +5.4728555985     11208  +5.4726562500  -1.993e-04
  6314  +5.4740897524     11211  +5.4741210938  +3.134e-05
  6315  +5.4753236282     11213  +5.4750976562  -2.260e-04
  6316  +5.4765572260     11216  +5.4765625000  +5.274e-06
  6317  +5.4777905459     11219  +5.4780273438  +2.368e-04
  6318  +5.4790235883     11221  +5.4790039062  -1.968e-05
  6319  +5.4802563532     11224  +5.4804687500  +2.124e-04
  6320  +5.4814888409     11226  +5.4814453125  -4.353e-05
  6321  +5.4827210515     11229  +5.4829101562  +1.891e-04
  6322  +5.4839529852     11231  +5.4838867188  -6.627e-05
  6323  +5.4851846423     11234  +5.4853515625  +1.669e-04
  6324  +5.4864160228     11236  +5.4863281250  -8.790e-05
  6325  +5.4876471271     11239  +5.4877929688  +1.458e-04
  6326  +5.4888779552     11241  +5.4887695312  -1.084e-04
  6327  +5.4901085074     11244  +5.4902343750  +1.259e-04
  6328  +5.4913387838     11246  +5.4912109375  -1.278e-04
  6329  +5.4925687847     11249  +5.4926757812  +1.070e-04
  6330  +5.4937985102     11251  +5.4936523438  -1.462e-04
  6331  +5.4950279605     11254  +5.4951171875  +8.923e-05
  6332  +5.4962571357     11256  +5.4960937500  -1.634e-04
  6333  +5.4974860362     11259  +5.4975585938  +7.256e-05
  6334  +5.4987146620     11261  +5.4985351562  -1.795e-04
  6335  +5.4999430133     11264  +5.5000000000  +5.699e-05
  6336  +5.5011710903     11266  +5.5009765625  -1.945e-04
  6337  +5.5023988933     11269  +5.5024414062  +4.251e-05
  6338  +5.5036264223     11271  +5.5034179688  -2.085e-04
  6339  +5.5048536777     11274  +5.5048828125  +2.913e-05
  6340  +5.5060806594     11276  +5.5058593750  -2.213e-04
  6341  +5.5073073679     11279  +5.5073242188  +1.685e-05
  6342  +5.5085338031     11281  +5.5083007812  -2.330e-04
  6343  +5.5097599653     11284  +5.5097656250  +5.660e-06
  6344  +5.5109858548     11286  +5.5107421875  -2.437e-04
  6345  +5.5122114716     11289  +5.5122070312  -4.440e-06
  6346  +5.5134368159     11292  +5.5136718750  +2.351e-04
  6347  +5.5146618880     11294  +5.5146484375  -1.345e-05
  6348  +5.5158866880     11297  +5.5161132812  +2.266e-04
  6349  +5.5171112161     11299  +5.5170898438  -2.137e-05
  6350  +5.5183354724     11302  +5.5185546875  +2.192e-04
  6351  +5.5195594572     11304  +5.5195312500  -2.821e-05
  6352  +5.5207831707     11307  +5.5209960938  +2.129e-04
  6353  +5.5220066130     11309  +5.5219726562  -3.396e-05
  6354  +5.5232297842     11312  +5.5234375000  +2.077e-04
  6355  +5.5244526847     11314  +5.5244140625  -3.862e-05
  6356  +5.5256753145     11317  +5.5258789062  +2.036e-04
  6357  +5.5268976738     11319  +5.5268554688  -4.221e-05
  6358  +5.5281197629     11322  +5.5283203125  +2.005e-04
  6359  +5.5293415818     11324  +5.5292968750  -4.471e-05
  6360  +5.5305631308     11327  +5.5307617188  +1.986e-04
  6361  +5.5317844101     11329  +5.5317382812  -4.613e-05
  6362  +5.5330054198     11332  +5.5332031250  +1.977e-04
  6363  +5.5342261601     11334  +5.5341796875  -4.647e-05
  6364  +5.5354466312     11337  +5.5356445312  +1.979e-04
  6365  +5.5366668333     11339  +5.5366210938  -4.574e-05
  6366  +5.5378867665     11342  +5.5380859375  +1.992e-04
  6367  +5.5391064311     11344  +5.5390625000  -4.393e-05
  6368  +5.5403258271     11347  +5.5405273438  +2.015e-04
  6369  +5.5415449548     11349  +5.5415039062  -4.105e-05
  6370  +5.5427638144     11352  +5.5429687500  +2.049e-04
  6371  +5.5439824060     11354  +5.5439453125  -3.709e-05
  6372  +5.5452007298     11357  +5.5454101562  +2.094e-04
  6373  +5.5464187860     11359  +5.5463867188  -3.207e-05
  6374  +5.5476365747     11362  +5.5478515625  +2.150e-04
  6375  +5.5488540962     11364  +5.5488281250  -2.597e-05
  6376  +5.5500713506     11367  +5.5502929688  +2.216e-04
  6377  +5.5512883381     11369  +5.5512695312  -1.881e-05
  6378  +5.5525050588     11372  +5.5527343750  +2.293e-04
  6379  +5.5537215130     11374  +5.5537109375  -1.058e-05
  6380  +5.5549377008     11377  +5.5551757812  +2.381e-04
  6381  +5.5561536224     11379  +5.5561523438  -1.279e-06
  6382  +5.5573692779     11381  +5.5571289062  -2.404e-04
  6383  +5.5585846676     11384  +5.5585937500  +9.082e-06
  6384  +5.5597997916     11386  +5.5595703125  -2.295e-04
  6385  +5.5610146501     11389  +5.5610351562  +2.051e-05
  6386  +5.5622292433     11391  +5.5620117188  -2.175e-04
  6387  +5.5634435712     11394  +5.5634765625  +3.299e-05
  6388  +5.5646576342     11396  +5.5644531250  -2.045e-04
  6389  +5.5658714324     11399  +5.5659179688  +4.654e-05
  6390  +5.5670849659     11401  +5.5668945312  -1.904e-04
  6391  +5.5682982350     11404  +5.5683593750  +6.114e-05
  6392  +5.5695112397     11406  +5.5693359375  -1.753e-04
  6393  +5.5707239803     11409  +5.5708007812  +7.680e-05
  6394  +5.5719364570     11411  +5.5717773438  -1.591e-04
  6395  +5.5731486699     11414  +5.5732421875  +9.352e-05
  6396  +5.5743606192     11416  +5.5742187500  -1.419e-04
  6397  +5.5755723050     11419  +5.5756835938  +1.113e-04
  6398  +5.5767837276     11421  +5.5766601562  -1.236e-04
  6399  +5.5779948870     11424  +5.5781250000  +1.301e-04
  6400  +5.5792057836     11426  +5.5791015625  -1.042e-04
  6401  +5.5804164174     11429  +5.5805664062  +1.500e-04
  6402  +5.5816267886     11431  +5.5815429688  -8.382e-05
  6403  +5.5828368974     11434  +5.5830078125  +1.709e-04
  6404  +5.5840467440     11436  +5.5839843750  -6.237e-05
  6405  +5.5852563285     11439  +5.5854492188  +1.929e-04
  6406  +5.5864656510     11441  +5.5864257812  -3.987e-05
  6407  +5.5876747119     11444  +5.5878906250  +2.159e-04
  6408  +5.5888835112     11446  +5.5888671875  -1.632e-05
  6409  +5.5900920491     11449  +5.5903320312  +2.400e-04
  6410  +5.5913003258     11451  +5.5913085938  +8.268e-06
  6411  +5.5925083415     11453  +5.5922851562  -2.232e-04
  6412  +5.5937160962     11456  +5.5937500000  +3.390e-05
  6413  +5.5949235903     11458  +5.5947265625  -1.970e-04
  6414  +5.5961308238     11461  +5.5961914062  +6.058e-05
  6415  +5.5973377969     11463  +5.5971679688  -1.698e-04
  6416  +5.5985445098     11466  +5.5986328125  +8.830e-05
  6417  +5.5997509627     11468  +5.5996093750  -1.416e-04
  6418  +5.6009571557     11471  +5.6010742188  +1.171e-04
  6419  +5.6021630890     11473  +5.6020507812  -1.123e-04
  6420  +5.6033687628     11476  +5.6035156250  +1.469e-04
  6421  +5.6045741771     11478  +5.6044921875  -8.199e-05
  6422  +5.6057793323     11481  +5.6059570312  +1.777e-04
  6423  +5.6069842285     11483  +5.6069335938  -5.063e-05
  6424  +5.6081888658     11486  +5.6083984375  +2.096e-04
  6425  +5.6093932444     11488  +5.6093750000  -1.824e-05
  6426  +5.6105973645     11491  +5.6108398438  +2.425e-04
  6427  +5.6118012262     11493  +5.6118164062  +1.518e-05
  6428  +5.6130048297     11495  +5.6127929688  -2.119e-04
  6429  +5.6142081751     11498  +5.6142578125  +4.964e-05
  6430  +5.6154112627     11500  +5.6152343750  -1.769e-04
  6431  +5.6166140926     11503  +5.6166992188  +8.513e-05
  6432  +5.6178166649     11505  +5.6176757812  -1.409e-04
  6433  +5.6190189799     11508  +5.6191406250  +1.216e-04
  6434  +5.6202210377     11510  +5.6201171875  -1.039e-04
  6435  +5.6214228384     11513  +5.6215820312  +1.592e-04
  6436  +5.6226243823     11515  +5.6225585938  -6.579e-05
  6437  +5.6238256694     11518  +5.6240234375  +1.978e-04
  6438  +5.6250267000     11520  +5.6250000000  -2.670e-05
  6439  +5.6262274742     11523  +5.6264648438  +2.374e-04
  6440  +5.6274279922     11525  +5.6274414062  +1.341e-05
  6441  +5.6286282541     11527  +5.6284179688  -2.103e-04
  6442  +5.6298282601     11530  +5.6298828125  +5.455e-05
  6443  +5.6310280105     11532  +5.6308593750  -1.686e-04
  6444  +5.6322275052     11535  +5.6323242188  +9.671e-05
  6445  +5.6334267445     11537  +5.6333007812  -1.260e-04
  6446  +5.6346257286     11540  +5.6347656250  +1.399e-04
  6447  +5.6358244577     11542  +5.6357421875  -8.227e-05
  6448  +5.6370229318     11545  +5.6372070312  +1.841e-04
  6449  +5.6382211511     11547  +5.6381835938  -3.756e-05
  6450  +5.6394191159     11550  +5.6396484375  +2.293e-04
  6451  +5.6406168263     11552  +5.6406250000  +8.174e-06
  6452  +5.6418142824     11554  +5.6416015625  -2.127e-04
  6453  +5.6430114843     11557  +5.6430664062  +5.492e-05
  6454  +5.6442084324     11559  +5.6440429688  -1.655e-04
  6455  +5.6454051266     11562  +5.6455078125  +1.027e-04
  6456  +5.6466015673     11564  +5.6464843750  -1.172e-04
  6457  +5.6477977545     11567  +5.6479492188  +1.515e-04
  6458  +5.6489936884     11569  +5.6489257812  -6.791e-05
  6459  +5.6501893691     11572  +5.6503906250  +2.013e-04
  6460  +5.6513847969     11574  +5.6513671875  -1.761e-05
  6461  +5.6525799719     11576  +5.6523437500  -2.362e-04
  6462  +5.6537748942     11579  +5.6538085938  +3.370e-05
  6463  +5.6549695640     11581  +5.6547851562  -1.844e-04
  6464  +5.6561639815     11584  +5.6562500000  +8.602e-05
  6465  +5.6573581469     11586  +5.6572265625  -1.316e-04
  6466  +5.6585520602     11589  +5.6586914062  +1.393e-04
  6467  +5.6597457216     11591  +5.6596679688  -7.775e-05
  6468  +5.6609391314     11594  +5.6611328125  +1.937e-04
  6469  +5.6621322896     11596  +5.6621093750  -2.291e-05
  6470  +5.6633251965     11598  +5.6630859375  -2.393e-04
  6471  +5.6645178521     11601  +5.6645507812  +3.293e-05
  6472  +5.6657102567     11603  +5.6655273438  -1.829e-04
  6473  +5.6669024103     11606  +5.6669921875  +8.978e-05
  6474  +5.6680943133     11608  +5.6679687500  -1.256e-04
  6475  +5.6692859656     11611  +5.6694335938  +1.476e-04
  6476  +5.6704773675     11613  +5.6704101562  -6.721e-05
  6477  +5.6716685192     11616  +5.6718750000  +2.065e-04
  6478  +5.6728594207     11618  +5.6728515625  -7.858e-06
  6479  +5.6740500723     11620  +5.6738281250  -2.219e-04
  6480  +5.6752404741     11623  +5.6752929688  +5.249e-05
  6481  +5.6764306262     11625  +5.6762695312  -1.611e-04
  6482  +5.6776205289     11628  +5.6777343750  +1.138e-04
  6483  +5.6788101822     11630  +5.6787109375  -9.924e-05
  6484  +5.6799995864     11633  +5.6801757812  +1.762e-04
  6485  +5.6811887416     11635  +5.6811523438  -3.640e-05
  6486  +5.6823776479     11638  +5.6826171875  +2.395e-04
  6487  +5.6835663055     11640  +5.6835937500  +2.744e-05
  6488  +5.6847547146     11642  +5.6845703125  -1.844e-04
  6489  +5.6859428753     11645  +5.6860351562  +9.228e-05
  6490  +5.6871307877     11647  +5.6870117188  -1.191e-04
  6491  +5.6883184521     11650  +5.6884765625  +1.581e-04
  6492  +5.6895058685     11652  +5.6894531250  -5.274e-05
  6493  +5.6906930372     11655  +5.6909179688  +2.249e-04
  6494  +5.6918799583     11657  +5.6918945312  +1.457e-05
  6495  +5.6930666319     11659  +5.6928710938  -1.955e-04
  6496  +5.6942530582     11662  +5.6943359375  +8.288e-05
  6497  +5.6954392374     11664  +5.6953125000  -1.267e-04
  6498  +5.6966251696     11667  +5.6967773438  +1.522e-04
  6499  +5.6978108549     11669  +5.6977539062  -5.695e-05
  6500  +5.6989962936     11672  +5.6992187500  +2.225e-04
  6501  +5.7001814857     11674  +5.7001953125  +1.383e-05
  6502  +5.7013664315     11676  +5.7011718750  -1.946e-04
  6503  +5.7025511310     11679  +5.7026367188  +8.559e-05
  6504  +5.7037355845     11681  +5.7036132812  -1.223e-04
  6505  +5.7049197920     11684  +5.7050781250  +1.583e-04
  6506  +5.7061037538     11686  +5.7060546875  -4.907e-05
  6507  +5.7072874700     11689  +5.7075195312  +2.321e-04
  6508  +5.7084709407     11691  +5.7084960938  +2.515e-05
  6509  +5.7096541661     11693  +5.7094726562  -1.815e-04
  6510  +5.7108371464     11696  +5.7109375000  +1.004e-04
  6511  +5.7120198816     11698  +5.7119140625  -1.058e-04
  6512  +5.7132023720     11701  +5.7133789062  +1.765e-04
  6513  +5.7143846178     11703  +5.7143554688  -2.915e-05
  6514  +5.7155666189     11705  +5.7153320312  -2.346e-04
  6515  +5.7167483757     11708  +5.7167968750  +4.850e-05
  6516  +5.7179298883     11710  +5.7177734375  -1.565e-04
  6517  +5.7191111567     11713  +5.7192382812  +1.271e-04
  6518  +5.7202921812     11715  +5.7202148438  -7.734e-05
  6519  +5.7214729620     11718  +5.7216796875  +2.067e-04
  6520  +5.7226534990     11720  +5.7226562500  +2.751e-06
  6521  +5.7238337927     11722  +5.7236328125  -2.010e-04
  6522  +5.7250138429     11725  +5.7250976562  +8.381e-05
  6523  +5.7261936500     11727  +5.7260742188  -1.194e-04
  6524  +5.7273732141     11730  +5.7275390625  +1.658e-04
  6525  +5.7285525352     11732  +5.7285156250  -3.691e-05
  6526  +5.7297316137     11734  +5.7294921875  -2.394e-04
  6527  +5.7309104495     11737  +5.7309570312  +4.658e-05
  6528  +5.7320890430     11739  +5.7319335938  -1.554e-04
  6529  +5.7332673941     11742  +5.7333984375  +1.310e-04
  6530  +5.7344455031     11744  +5.7343750000  -7.050e-05
  6531  +5.7356233701     11747  +5.7358398438  +2.165e-04
  6532  +5.7368009953     11749  +5.7368164062  +1.541e-05
  6533  +5.7379783788     11751  +5.7377929688  -1.854e-04
  6534  +5.7391555207     11754  +5.7392578125  +1.023e-04
  6535  +5.7403324213     11756  +5.7402343750  -9.805e-05
  6536  +5.7415090806     11759  +5.7416992188  +1.901e-04
  6537  +5.7426854988     11761  +5.7426757812  -9.718e-06
  6538  +5.7438616761     11763  +5.7436523438  -2.093e-04
  6539  +5.7450376126     11766  +5.7451171875  +7.957e-05
  6540  +5.7462133084     11768  +5.7460937500  -1.196e-04
  6541  +5.7473887638     11771  +5.7475585938  +1.698e-04
  6542  +5.7485639787     11773  +5.7485351562  -2.882e-05
  6543  +5.7497389535     11775  +5.7495117188  -2.272e-04
  6544  +5.7509136882     11778  +5.7509765625  +6.287e-05
  6545  +5.7520881830     11780  +5.7519531250  -1.351e-04
  6546  +5.7532624380     11783  +5.7534179688  +1.555e-04
  6547  +5.7544364534     11785  +5.7543945312  -4.192e-05
  6548  +5.7556102294     11787  +5.7553710938  -2.391e-04
  6549  +5.7567837660     11790  +5.7568359375  +5.217e-05
  6550  +5.7579570634     11792  +5.7578125000  -1.446e-04
  6551  +5.7591301218     11795  +5.7592773438  +1.472e-04
  6552  +5.7603029413     11797  +5.7602539062  -4.904e-05
  6553  +5.7614755220     11800  +5.7617187500  +2.432e-04
  6554  +5.7626478642     11802  +5.7626953125  +4.745e-05
  6555  +5.7638199679     11804  +5.7636718750  -1.481e-04
  6556  +5.7649918333     11807  +5.7651367188  +1.449e-04
  6557  +5.7661634606     11809  +5.7661132812  -5.018e-05
  6558  +5.7673348498     11812  +5.7675781250  +2.433e-04
  6559  +5.7685060012     11814  +5.7685546875  +4.869e-05
  6560  +5.7696769148     11816  +5.7695312500  -1.457e-04
  6561  +5.7708475909     11819  +5.7709960938  +1.485e-04
  6562  +5.7720180295     11821  +5.7719726562  -4.537e-05
  6563  +5.7731882309     11823  +5.7729492188  -2.390e-04
  6564  +5.7743581951     11826  +5.7744140625  +5.587e-05
  6565  +5.7755279222     11828  +5.7753906250  -1.373e-04
  6566  +5.7766974126     11831  +5.7768554688  +1.581e-04
  6567  +5.7778666662     11833  +5.7778320312  -3.463e-05
  6568  +5.7790356832     11835  +5.7788085938  -2.271e-04
  6569  +5.7802044638     11838  +5.7802734375  +6.897e-05
  6570  +5.7813730082     11840  +5.7812500000  -1.230e-04
  6571  +5.7825413164     11843  +5.7827148438  +1.735e-04
  6572  +5.7837093885     11845  +5.7836914062  -1.798e-05
  6573  +5.7848772249     11847  +5.7846679688  -2.093e-04
  6574  +5.7860448255     11850  +5.7861328125  +8.799e-05
  6575  +5.7872121906     11852  +5.7871093750  -1.028e-04
  6576  +5.7883793202     11855  +5.7885742188  +1.949e-04
  6577  +5.7895462145     11857  +5.7895507812  +4.567e-06
  6578  +5.7907128737     11859  +5.7905273438  -1.855e-04
  6579  +5.7918792979     11862  +5.7919921875  +1.129e-04
  6580  +5.7930454873     11864  +5.7929687500  -7.674e-05
  6581  +5.7942114419     11867  +5.7944335938  +2.222e-04
  6582  +5.7953771619     11869  +5.7954101562  +3.299e-05
  6583  +5.7965426475     11871  +5.7963867188  -1.559e-04
  6584  +5.7977078989     11874  +5.7978515625  +1.437e-04
  6585  +5.7988729160     11876  +5.7988281250  -4.479e-05
  6586  +5.8000376992     11878  +5.7998046875  -2.330e-04
  6587  +5.8012022485     11881  +5.8012695312  +6.728e-05
  6588  +5.8023665641     11883  +5.8022460938  -1.205e-04
  6589  +5.8035306460     11886  +5.8037109375  +1.803e-04
  6590  +5.8046944946     11888  +5.8046875000  -6.995e-06
  6591  +5.8058581098     11890  +5.8056640625  -1.940e-04
  6592  +5.8070214919     11893  +5.8071289062  +1.074e-04
  6593  +5.8081846409     11895  +5.8081054688  -7.917e-05
  6594  +5.8093475570     11898  +5.8095703125  +2.228e-04
  6595  +5.8105102404     11900  +5.8105468750  +3.663e-05
  6596  +5.8116726912     11902  +5.8115234375  -1.493e-04
  6597  +5.8128349096     11905  +5.8129882812  +1.534e-04
  6598  +5.8139968956     11907  +5.8139648438  -3.205e-05
  6599  +5.8151586494     11909  +5.8149414062  -2.172e-04
  6600  +5.8163201711     11912  +5.8164062500  +8.608e-05
  6601  +5.8174814610     11914  +5.8173828125  -9.865e-05
  6602  +5.8186425191     11917  +5.8188476562  +2.051e-04
  6603  +5.8198033455     11919  +5.8198242188  +2.087e-05
  6604  +5.8209639405     11921  +5.8208007812  -1.632e-04
  6605  +5.8221243041     11924  +5.8222656250  +1.413e-04
  6606  +5.8232844365     11926  +5.8232421875  -4.225e-05
  6607  +5.8244443378     11928  +5.8242187500  -2.256e-04
  6608  +5.8256040081     11931  +5.8256835938  +7.959e-05
  6609  +5.8267634477     11933  +5.8266601562  -1.033e-04
  6610  +5.8279226566     11936  +5.8281250000  +2.023e-04
  6611  +5.8290816349     11938  +5.8291015625  +1.993e-05
  6612  +5.8302403829     11940  +5.8300781250  -1.623e-04
  6613  +5.8313989006     11943  +5.8315429688  +1.441e-04
  6614  +5.8325571883     11945  +5.8325195312  -3.766e-05
  6615  +5.8337152459     11947  +5.8334960938  -2.192e-04
  6616  +5.8348730737     11950  +5.8349609375  +8.786e-05
  6617  +5.8360306718     11952  +5.8359375000  -9.317e-05
  6618  +5.8371880403     11955  +5.8374023438  +2.143e-04
  6619  +5.8383451793     11957  +5.8383789062  +3.373e-05
  6620  +5.8395020891     11959  +5.8393554688  -1.466e-04
  6621  +5.8406587698     11962  +5.8408203125  +1.615e-04
  6622  +5.8418152214     11964  +5.8417968750  -1.835e-05
  6623  +5.8429714441     11966  +5.8427734375  -1.980e-04
  6624  +5.8441274380     11969  +5.8442382812  +1.108e-04
  6625  +5.8452832034     11971  +5.8452148438  -6.836e-05
  6626  +5.8464387403     11974  +5.8466796875  +2.409e-04
  6627  +5.8475940488     11976  +5.8476562500  +6.220e-05
  6628  +5.8487491291     11978  +5.8486328125  -1.163e-04
  6629  +5.8499039814     11981  +5.8500976562  +1.937e-04
  6630  +5.8510586057     11983  +5.8510742188  +1.561e-05
  6631  +5.8522130022     11985  +5.8520507812  -1.622e-04
  6632  +5.8533671710     11988  +5.8535156250  +1.485e-04
  6633  +5.8545211123     11990  +5.8544921875  -2.892e-05
  6634  +5.8556748262     11992  +5.8554687500  -2.061e-04
  6635  +5.8568283128     11995  +5.8569335938  +1.053e-04
  6636  +5.8579815723     11997  +5.8579101562  -7.142e-05
  6637  +5.8591346048     12000  +5.8593750000  +2.404e-04
  6638  +5.8602874105     12002  +5.8603515625  +6.415e-05
  6639  +5.8614399894     12004  +5.8613281250  -1.119e-04
  6640  +5.8625923417     12007  +5.8627929688  +2.006e-04
  6641  +5.8637444675     12009  +5.8637695312  +2.506e-05
  6642  +5.8648963671     12011  +5.8647460938  -1.503e-04
  6643  +5.8660480404     12014  +5.8662109375  +1.629e-04
  6644  +5.8671994877     12016  +5.8671875000  -1.199e-05
  6645  +5.8683507090     12018  +5.8681640625  -1.866e-04
  6646  +5.8695017045     12021  +5.8696289062  +1.272e-04
  6647  +5.8706524744     12023  +5.8706054688  -4.701e-05
  6648  +5.8718030188     12025  +5.8715820312  -2.210e-04
  6649  +5.8729533377     12028  +5.8730468750  +9.354e-05
  6650  +5.8741034314     12030  +5.8740234375  -7.999e-05
  6651  +5.8752532999     12033  +5.8754882812  +2.350e-04
  6652  +5.8764029435     12035  +5.8764648438  +6.190e-05
  6653  +5.8775523622     12037  +5.8774414062  -1.110e-04
  6654  +5.8787015561     12040  +5.8789062500  +2.047e-04
  6655  +5.8798505254     12042  +5.8798828125  +3.229e-05
  6656  +5.8809992703     12044  +5.8808593750  -1.399e-04
  6657  +5.8821477908     12047  +5.8823242188  +1.764e-04
  6658  +5.8832960871     12049  +5.8833007812  +4.694e-06
  6659  +5.8844441594     12051  +5.8842773438  -1.668e-04
  6660  +5.8855920076     12054  +5.8857421875  +1.502e-04
  6661  +5.8867396321     12056  +5.8867187500  -2.088e-05
  6662  +5.8878870329     12058  +5.8876953125  -1.917e-04
  6663  +5.8890342101     12061  +5.8891601562  +1.259e-04
  6664  +5.8901811639     12063  +5.8901367188  -4.445e-05
  6665  +5.8913278944     12065  +5.8911132812  -2.146e-04
  6666  +5.8924744017     12068  +5.8925781250  +1.037e-04
  6667  +5.8936206860     12070  +5.8935546875  -6.600e-05
  6668  +5.8947667474     12072  +5.8945312500  -2.355e-04
  6669  +5.8959125861     12075  +5.8959960938  +8.351e-05
  6670  +5.8970582021     12077  +5.8969726562  -8.555e-05
  6671  +5.8982035955     12080  +5.8984375000  +2.339e-04
  6672  +5.8993487666     12082  +5.8994140625  +6.530e-05
  6673  +5.9004937154     12084  +5.9003906250  -1.031e-04
  6674  +5.9016384421     12087  +5.9018554688  +2.170e-04
  6675  +5.9027829468     12089  +5.9028320312  +4.908e-05
  6676  +5.9039272297     12091  +5.9038085938  -1.186e-04
  6677  +5.9050712908     12094  +5.9052734375  +2.021e-04
  6678  +5.9062151302     12096  +5.9062500000  +3.487e-05
  6679  +5.9073587482     12098  +5.9072265625  -1.322e-04
  6680  +5.9085021449     12101  +5.9086914062  +1.893e-04
  6681  +5.9096453203     12103  +5.9096679688  +2.265e-05
  6682  +5.9107882747     12105  +5.9106445312  -1.437e-04
  6683  +5.9119310080     12108  +5.9121093750  +1.784e-04
  6684  +5.9130735205     12110  +5.9130859375  +1.242e-05
  6685  +5.9142158124     12112  +5.9140625000  -1.533e-04
  6686  +5.9153578836     12115  +5.9155273438  +1.695e-04
  6687  +5.9164997344     12117  +5.9165039062  +4.172e-06
  6688  +5.9176413648     12119  +5.9174804688  -1.609e-04
  6689  +5.9187827751     12122  +5.9189453125  +1.625e-04
  6690  +5.9199239652     12124  +5.9199218750  -2.090e-06
  6691  +5.9210649355     12126  +5.9208984375  -1.665e-04
  6692  +5.9222056859     12129  +5.9223632812  +1.576e-04
  6693  +5.9233462166     12131  +5.9233398438  -6.373e-06
  6694  +5.9244865277     12133  +5.9243164062  -1.701e-04
  6695  +5.9256266194     12136  +5.9257812500  +1.546e-04
  6696  +5.9267664918     12138  +5.9267578125  -8.679e-06
  6697  +5.9279061451     12140  +5.9277343750  -1.718e-04
  6698  +5.9290455792     12143  +5.9291992188  +1.536e-04
  6699  +5.9301847944     12145  +5.9301757812  -9.013e-06
  6700  +5.9313237909     12147  +5.9311523438  -1.714e-04
  6701  +5.9324625686     12150  +5.9326171875  +1.546e-04
  6702  +5.9336011278     12152  +5.9335937500  -7.378e-06
  6703  +5.9347394685     12154  +5.9345703125  -1.692e-04
  6704  +5.9358775910     12157  +5.9360351562  +1.576e-04
  6705  +5.9370154953     12159  +5.9370117188  -3.777e-06
  6706  +5.9381531815     12161  +5.9379882812  -1.649e-04
  6707  +5.9392906498     12164  +5.9394531250  +1.625e-04
  6708  +5.9404279003     12166  +5.9404296875  +1.787e-06
  6709  +5.9415649331     12168  +5.9414062500  -1.587e-04
  6710  +5.9427017484     12171  +5.9428710938  +1.693e-04
  6711  +5.9438383462     12173  +5.9438476562  +9.310e-06
  6712  +5.9449747267     12175  +5.9448242188  -1.505e-04
  6713  +5.9461108901     12178  +5.9462890625  +1.782e-04
  6714  +5.9472468364     12180  +5.9472656250  +1.879e-05
  6715  +5.9483825658     12182  +5.9482421875  -1.404e-04
  6716  +5.9495180784     12185  +5.9497070312  +1.890e-04
  6717  +5.9506533742     12187  +5.9506835938  +3.022e-05
  6718  +5.9517884536     12189  +5.9516601562  -1.283e-04
  6719  +5.9529233165     12192  +5.9531250000  +2.017e-04
  6720  +5.9540579631     12194  +5.9541015625  +4.360e-05
  6721  +5.9551923935     12196  +5.9550781250  -1.143e-04
  6722  +5.9563266078     12199  +5.9565429688  +2.164e-04
  6723  +5.9574606063     12201  +5.9575195312  +5.892e-05
  6724  +5.9585943889     12203  +5.9584960938  -9.830e-05
  6725  +5.9597279558     12206  +5.9599609375  +2.330e-04
  6726  +5.9608613071     12208  +5.9609375000  +7.619e-05
  6727  +5.9619944430     12210  +5.9619140625  -8.038e-05
  6728  +5.9631273636     12212  +5.9628906250  -2.367e-04
  6729  +5.9642600689     12215  +5.9643554688  +9.540e-05
  6730  +5.9653925592     12217  +5.9653320312  -6.053e-05
  6731  +5.9665248346     12219  +5.9663085938  -2.162e-04
  6732  +5.9676568951     12222  +5.9677734375  +1.165e-04
  6733  +5.9687887409     12224  +5.9687500000  -3.874e-05
  6734  +5.9699203721     12226  +5.9697265625  -1.938e-04
  6735  +5.9710517888     12229  +5.9711914062  +1.396e-04
  6736  +5.9721829912     12231  +5.9721679688  -1.502e-05
  6737  +5.9733139794     12233  +5.9731445312  -1.694e-04
  6738  +5.9744447534     12236  +5.9746093750  +1.646e-04
  6739  +5.9755753135     12238  +5.9755859375  +1.062e-05
  6740  +5.9767056598     12240  +5.9765625000  -1.432e-04
  6741  +5.9778357923     12243  +5.9780273438  +1.916e-04
  6742  +5.9789657112     12245  +5.9790039062  +3.820e-05
  6743  +5.9800954165     12247  +5.9799804688  -1.149e-04
  6744  +5.9812249086     12250  +5.9814453125  +2.204e-04
  6745  +5.9823541873     12252  +5.9824218750  +6.769e-05
  6746  +5.9834832529     12254  +5.9833984375  -8.482e-05
  6747  +5.9846121056     12256  +5.9843750000  -2.371e-04
  6748  +5.9857407453     12259  +5.9858398438  +9.910e-05
  6749  +5.9868691722     12261  +5.9868164062  -5.277e-05
  6750  +5.9879973866     12263  +5.9877929688  -2.044e-04
  6751  +5.9891253883     12266  +5.9892578125  +1.324e-04
  6752  +5.9902531777     12268  +5.9902343750  -1.880e-05
  6753  +5.9913807548     12270  +5.9912109375  -1.698e-04
  6754  +5.9925081197     12273  +5.9926757812  +1.677e-04
  6755  +5.9936352726     12275  +5.9936523438  +1.707e-05
  6756  +5.9947622135     12277  +5.9946289062  -1.333e-04
  6757  +5.9958889426     12280  +5.9960937500  +2.048e-04
  6758  +5.9970154600     12282  +5.9970703125  +5.485e-05
  6759  +5.9981417659     12284  +5.9980468750  -9.489e-05
  6760  +5.9992678603     12287  +5.9995117188  +2.439e-04
  6761  +6.0003937433     12289  +6.0004882812  +9.454e-05
  6762  +6.0015194152     12291  +6.0014648438  -5.457e-05
  6763  +6.0026448759     12293  +6.0024414062  -2.035e-04
  6764  +6.0037701257     12296  +6.0039062500  +1.361e-04
  6765  +6.0048951646     12298  +6.0048828125  -1.235e-05
  6766  +6.0060199928     12300  +6.0058593750  -1.606e-04
  6767  +6.0071446104     12303  +6.0073242188  +1.796e-04
  6768  +6.0082690174     12305  +6.0083007812  +3.176e-05
  6769  +6.0093932141     12307  +6.0092773438  -1.159e-04
  6770  +6.0105172005     12310  +6.0107421875  +2.250e-04
  6771  +6.0116409767     12312  +6.0117187500  +7.777e-05
  6772  +6.0127645429     12314  +6.0126953125  -6.923e-05
  6773  +6.0138878992     12316  +6.0136718750  -2.160e-04
  6774  +6.0150110457     12319  +6.0151367188  +1.257e-04
  6775  +6.0161339826     12321  +6.0161132812  -2.070e-05
  6776  +6.0172567098     12323  +6.0170898438  -1.669e-04
  6777  +6.0183792276     12326  +6.0185546875  +1.755e-04
  6778  +6.0195015361     12328  +6.0195312500  +2.971e-05
  6779  +6.0206236354     12330  +6.0205078125  -1.158e-04
  6780  +6.0217455256     12333  +6.0219726562  +2.271e-04
  6781  +6.0228672068     12335  +6.0229492188  +8.201e-05
  6782  +6.0239886792     12337  +6.0239257812  -6.290e-05
  6783  +6.0251099428     12339  +6.0249023438  -2.076e-04
  6784  +6.0262309977     12342  +6.0263671875  +1.362e-04
  6785  +6.0273518442     12344  +6.0273437500  -8.094e-06
  6786  +6.0284724823     12346  +6.0283203125  -1.522e-04
  6787  +6.0295929121     12349  +6.0297851562  +1.922e-04
  6788  +6.0307131337     12351  +6.0307617188  +4.859e-05
  6789  +6.0318331473     12353  +6.0317382812  -9.487e-05
  6790  +6.0329529530     12355  +6.0327148438  -2.381e-04
  6791  +6.0340725508     12358  +6.0341796875  +1.071e-04
  6792  +6.0351919410     12360  +6.0351562500  -3.569e-05
  6793  +6.0363111236     12362  +6.0361328125  -1.783e-04
  6794  +6.0374300987     12365  +6.0375976562  +1.676e-04
  6795  +6.0385488664     12367  +6.0385742188  +2.535e-05
  6796  +6.0396674269     12369  +6.0395507812  -1.166e-04
  6797  +6.0407857803     12372  +6.0410156250  +2.298e-04
  6798  +6.0419039267     12374  +6.0419921875  +8.826e-05
  6799  +6.0430218662     12376  +6.0429687500  -5.312e-05
  6800  +6.0441395989     12378  +6.0439453125  -1.943e-04
  6801  +6.0452571249     12381  +6.0454101562  +1.530e-04
  6802  +6.0463744444     12383  +6.0463867188  +1.227e-05
  6803  +6.0474915575     12385  +6.0473632812  -1.283e-04
  6804  +6.0486084643     12388  +6.0488281250  +2.197e-04
  6805  +6.0497251648     12390  +6.0498046875  +7.952e-05
  6806  +6.0508416593     12392  +6.0507812500  -6.041e-05
  6807  +6.0519579478     12394  +6.0517578125  -2.001e-04
  6808  +6.0530740304     12397  +6.0532226562  +1.486e-04
  6809  +6.0541899072     12399  +6.0541992188  +9.312e-06
  6810  +6.0553055785     12401  +6.0551757812  -1.298e-04
  6811  +6.0564210442     12404  +6.0566406250  +2.196e-04
  6812  +6.0575363045     12406  +6.0576171875  +8.088e-05
  6813  +6.0586513595     12408  +6.0585937500  -5.761e-05
  6814  +6.0597662093     12410  +6.0595703125  -1.959e-04
  6815  +6.0608808541     12413  +6.0610351562  +1.543e-04
  6816  +6.0619952939     12415  +6.0620117188  +1.642e-05
  6817  +6.0631095289     12417  +6.0629882812  -1.212e-04
  6818  +6.0642235591     12420  +6.0644531250  +2.296e-04
  6819  +6.0653373847     12422  +6.0654296875  +9.230e-05
  6820  +6.0664510059     12424  +6.0664062500  -4.476e-05
  6821  +6.0675644226     12426  +6.0673828125  -1.816e-04
  6822  +6.0686776351     12429  +6.0688476562  +1.700e-04
  6823  +6.0697906433     12431  +6.0698242188  +3.358e-05
  6824  +6.0709034476     12433  +6.0708007812  -1.027e-04
  6825  +6.0720160479     12435  +6.0717773438  -2.387e-04
  6826  +6.0731284443     12438  +6.0732421875  +1.137e-04
  6827  +6.0742406371     12440  +6.0742187500  -2.189e-05
  6828  +6.0753526262     12442  +6.0751953125  -1.573e-04
  6829  +6.0764644119     12445  +6.0766601562  +1.957e-04
  6830  +6.0775759941     12447  +6.0776367188  +6.072e-05
  6831  +6.0786873731     12449  +6.0786132812  -7.409e-05
  6832  +6.0797985490     12451  +6.0795898438  -2.087e-04
  6833  +6.0809095218     12454  +6.0810546875  +1.452e-04
  6834  +6.0820202916     12456  +6.0820312500  +1.096e-05
  6835  +6.0831308586     12458  +6.0830078125  -1.230e-04
  6836  +6.0842412230     12461  +6.0844726562  +2.314e-04
  6837  +6.0853513847     12463  +6.0854492188  +9.783e-05
  6838  +6.0864613439     12465  +6.0864257812  -3.556e-05
  6839  +6.0875711007     12467  +6.0874023438  -1.688e-04
  6840  +6.0886806553     12470  +6.0888671875  +1.865e-04
  6841  +6.0897900077     12472  +6.0898437500  +5.374e-05
  6842  +6.0908991581     12474  +6.0908203125  -7.885e-05
  6843  +6.0920081065     12476  +6.0917968750  -2.112e-04
  6844  +6.0931168531     12479  +6.0932617188  +1.449e-04
  6845  +6.0942253980     12481  +6.0942382812  +1.288e-05
  6846  +6.0953337412     12483  +6.0952148438  -1.189e-04
  6847  +6.0964418830     12486  +6.0966796875  +2.378e-04
  6848  +6.0975498234     12488  +6.0976562500  +1.064e-04
  6849  +6.0986575625     12490  +6.0986328125  -2.475e-05
  6850  +6.0997651004     12492  +6.0996093750  -1.557e-04
  6851  +6.1008724373     12495  +6.1010742188  +2.018e-04
  6852  +6.1019795732     12497  +6.1020507812  +7.121e-05
  6853  +6.1030865083     12499  +6.1030273438  -5.916e-05
  6854  +6.1041932426     12501  +6.1040039062  -1.893e-04
  6855  +6.1052997764     12504  +6.1054687500  +1.690e-04
  6856  +6.1064061096     12506  +6.1064453125  +3.920e-05
  6857  +6.1075122424     12508  +6.1074218750  -9.037e-05
  6858  +6.1086181749     12510  +6.1083984375  -2.197e-04
  6859  +6.1097239072     12513  +6.1098632812  +1.394e-04
  6860  +6.1108294395     12515  +6.1108398438  +1.040e-05
  6861  +6.1119347717     12517  +6.1118164062  -1.184e-04
  6862  +6.1130399041     12520  +6.1132812500  +2.413e-04
  6863  +6.1141448368     12522  +6.1142578125  +1.130e-04
  6864  +6.1152495698     12524  +6.1152343750  -1.519e-05
  6865  +6.1163541033     12526  +6.1162109375  -1.432e-04
  6866  +6.1174584374     12529  +6.1176757812  +2.173e-04
  6867  +6.1185625721     12531  +6.1186523438  +8.977e-05
  6868  +6.1196665076     12533  +6.1196289062  -3.760e-05
  6869  +6.1207702440     12535  +6.1206054688  -1.648e-04
  6870  +6.1218737814     12538  +6.1220703125  +1.965e-04
  6871  +6.1229771200     12540  +6.1230468750  +6.976e-05
  6872  +6.1240802597     12542  +6.1240234375  -5.682e-05
  6873  +6.1251832008     12544  +6.1250000000  -1.832e-04
  6874  +6.1262859433     12547  +6.1264648438  +1.789e-04
  6875  +6.1273884874     12549  +6.1274414062  +5.292e-05
  6876  +6.1284908330     12551  +6.1284179688  -7.286e-05
  6877  +6.1295929805     12553  +6.1293945312  -1.984e-04
  6878  +6.1306949298     12556  +6.1308593750  +1.644e-04
  6879  +6.1317966811     12558  +6.1318359375  +3.926e-05
  6880  +6.1328982344     12560  +6.1328125000  -8.573e-05
  6881  +6.1339995900     12562  +6.1337890625  -2.105e-04
  6882  +6.1351007478     12565  +6.1352539062  +1.532e-04
  6883  +6.1362017080     12567  +6.1362304688  +2.876e-05
  6884  +6.1373024707     12569  +6.1372070312  -9.544e-05
  6885  +6.1384030360     12571  +6.1381835938  -2.194e-04
  6886  +6.1395034041     12574  +6.1396484375  +1.450e-04
  6887  +6.1406035749     12576  +6.1406250000  +2.143e-05
  6888  +6.1417035487     12578  +6.1416015625  -1.020e-04
  6889  +6.1428033255     12580  +6.1425781250  -2.252e-04
  6890  +6.1439029055     12583  +6.1440429688  +1.401e-04
  6891  +6.1450022887     12585  +6.1450195312  +1.724e-05
  6892  +6.1461014752     12587  +6.1459960938  -1.054e-04
  6893  +6.1472004652     12589  +6.1469726562  -2.278e-04
  6894  +6.1482992587     12592  +6.1484375000  +1.382e-04
  6895  +6.1493978559     12594  +6.1494140625  +1.621e-05
  6896  +6.1504962569     12596  +6.1503906250  -1.056e-04
  6897  +6.1515944618     12598  +6.1513671875  -2.273e-04
  6898  +6.1526924706     12601  +6.1528320312  +1.396e-04
  6899  +6.1537902835     12603  +6.1538085938  +1.831e-05
  6900  +6.1548879007     12605  +6.1547851562  -1.027e-04
  6901  +6.1559853221     12607  +6.1557617188  -2.236e-04
  6902  +6.1570825479     12610  +6.1572265625  +1.440e-04
  6903  +6.1581795782     12612  +6.1582031250  +2.355e-05
  6904  +6.1592764131     12614  +6.1591796875  -9.673e-05
  6905  +6.1603730527     12616  +6.1601562500  -2.168e-04
  6906  +6.1614694972     12619  +6.1616210938  +1.516e-04
  6907  +6.1625657465     12621  +6.1625976562  +3.191e-05
  6908  +6.1636618009     12623  +6.1635742188  -8.758e-05
  6909  +6.1647576604     12625  +6.1645507812  -2.069e-04
  6910  +6.1658533252     12628  +6.1660156250  +1.623e-04
  6911  +6.1669487953     12630  +6.1669921875  +4.339e-05
  6912  +6.1680440708     12632  +6.1679687500  -7.532e-05
  6913  +6.1691391518     12634  +6.1689453125  -1.938e-04
  6914  +6.1702340386     12637  +6.1704101562  +1.761e-04
  6915  +6.1713287310     12639  +6.1713867188  +5.799e-05
  6916  +6.1724232294     12641  +6.1723632812  -5.995e-05
  6917  +6.1735175336     12643  +6.1733398438  -1.777e-04
  6918  +6.1746116440     12646  +6.1748046875  +1.930e-04
  6919  +6.1757055605     12648  +6.1757812500  +7.569e-05
  6920  +6.1767992832     12650  +6.1767578125  -4.147e-05
  6921  +6.1778928124     12652  +6.1777343750  -1.584e-04
  6922  +6.1789861480     12655  +6.1791992188  +2.131e-04
  6923  +6.1800792902     12657  +6.1801757812  +9.649e-05
  6924  +6.1811722390     12659  +6.1811523438  -1.990e-05
  6925  +6.1822649947     12661  +6.1821289062  -1.361e-04
  6926  +6.1833575572     12664  +6.1835937500  +2.362e-04
  6927  +6.1844499267     12666  +6.1845703125  +1.204e-04
  6928  +6.1855421033     12668  +6.1855468750  +4.772e-06
  6929  +6.1866340871     12670  +6.1865234375  -1.106e-04
  6930  +6.1877258782     12672  +6.1875000000  -2.259e-04
  6931  +6.1888174766     12675  +6.1889648438  +1.474e-04
  6932  +6.1899088826     12677  +6.1899414062  +3.252e-05
  6933  +6.1910000962     12679  +6.1909179688  -8.213e-05
  6934  +6.1920911174     12681  +6.1918945312  -1.966e-04
  6935  +6.1931819465     12684  +6.1933593750  +1.774e-04
  6936  +6.1942725834     12686  +6.1943359375  +6.335e-05
  6937  +6.1953630284     12688  +6.1953125000  -5.053e-05
  6938  +6.1964532815     12690  +6.1962890625  -1.642e-04
  6939  +6.1975433428     12693  +6.1977539062  +2.106e-04
  6940  +6.1986332123     12695  +6.1987304688  +9.726e-05
  6941  +6.1997228903     12697  +6.1997070312  -1.586e-05
  6942  +6.2008123768     12699  +6.2006835938  -1.288e-04
  6943  +6.2019016719     12701  +6.2016601562  -2.415e-04
  6944  +6.2029907758     12704  +6.2031250000  +1.342e-04
  6945  +6.2040796884     12706  +6.2041015625  +2.187e-05
  6946  +6.2051684100     12708  +6.2050781250  -9.028e-05
  6947  +6.2062569405     12710  +6.2060546875  -2.023e-04
  6948  +6.2073452802     12713  +6.2075195312  +1.743e-04
  6949  +6.2084334291     12715  +6.2084960938  +6.266e-05
  6950  +6.2095213873     12717  +6.2094726562  -4.873e-05
  6951  +6.2106091549     12719  +6.2104492188  -1.599e-04
  6952  +6.2116967320     12722  +6.2119140625  +2.173e-04
  6953  +6.2127841188     12724  +6.2128906250  +1.065e-04
  6954  +6.2138713152     12726  +6.2138671875  -4.128e-06
  6955  +6.2149583215     12728  +6.2148437500  -1.146e-04
  6956  +6.2160451377     12730  +6.2158203125  -2.248e-04
  6957  +6.2171317639     12733  +6.2172851562  +1.534e-04
  6958  +6.2182182002     12735  +6.2182617188  +4.352e-05
  6959  +6.2193044467     12737  +6.2192382812  -6.617e-05
  6960  +6.2203905036     12739  +6.2202148438  -1.757e-04
  6961  +6.2214763708     12742  +6.2216796875  +2.033e-04
  6962  +6.2225620486     12744  +6.2226562500  +9.420e-05
  6963  +6.2236475370     12746  +6.2236328125  -1.472e-05
  6964  +6.2247328360     12748  +6.2246093750  -1.235e-04
  6965  +6.2258179459     12750  +6.2255859375  -2.320e-04
  6966  +6.2269028667     12753  +6.2270507812  +1.479e-04
  6967  +6.2279875985     12755  +6.2280273438  +3.975e-05
  6968  +6.2290721414     12757  +6.2290039062  -6.824e-05
  6969  +6.2301564955     12759  +6.2299804688  -1.760e-04
  6970  +6.2312406610     12762  +6.2314453125  +2.047e-04
  6971  +6.2323246378     12764  +6.2324218750  +9.724e-05
  6972  +6.2334084261     12766  +6.2333984375  -9.989e-06
  6973  +6.2344920260     12768  +6.2343750000  -1.170e-04
  6974  +6.2355754376     12770  +6.2353515625  -2.239e-04
  6975  +6.2366586610     12773  +6.2368164062  +1.577e-04
  6976  +6.2377416963     12775  +6.2377929688  +5.127e-05
  6977  +6.2388245436     12777  +6.2387695312  -5.501e-05
  6978  +6.2399072029     12779  +6.2397460938  -1.611e-04
  6979  +6.2409896745     12782  +6.2412109375  +2.213e-04
  6980  +6.2420719583     12784  +6.2421875000  +1.155e-04
  6981  +6.2431540545     12786  +6.2431640625  +1.001e-05
  6982  +6.2442359632     12788  +6.2441406250  -9.534e-05
  6983  +6.2453176845     12790  +6.2451171875  -2.005e-04
  6984  +6.2463992184     12793  +6.2465820312  +1.828e-04
  6985  +6.2474805651     12795  +6.2475585938  +7.803e-05
  6986  +6.2485617247     12797  +6.2485351562  -2.657e-05
  6987  +6.2496426972     12799  +6.2495117188  -1.310e-04
  6988  +6.2507234828     12801  +6.2504882812  -2.352e-04
  6989  +6.2518040816     12804  +6.2519531250  +1.490e-04
  6990  +6.2528844936     12806  +6.2529296875  +4.519e-05
  6991  +6.2539647190     12808  +6.2539062500  -5.847e-05
  6992  +6.2550447578     12810  +6.2548828125  -1.619e-04
  6993  +6.2561246102     12813  +6.2563476562  +2.230e-04
  6994  +6.2572042762     12815  +6.2573242188  +1.199e-04
  6995  +6.2582837559     12817  +6.2583007812  +1.703e-05
  6996  +6.2593630495     12819  +6.2592773438  -8.571e-05
  6997  +6.2604421570     12821  +6.2602539062  -1.883e-04
  6998  +6.2615210785     12824  +6.2617187500  +1.977e-04
  6999  +6.2625998142     12826  +6.2626953125  +9.550e-05
  7000  +6.2636783641     12828  +6.2636718750  -6.489e-06
  7001  +6.2647567283     12830  +6.2646484375  -1.083e-04
  7002  +6.2658349069     12832  +6.2656250000  -2.099e-04
  7003  +6.2669129000     12835  +6.2670898438  +1.769e-04
  7004  +6.2679907077     12837  +6.2680664062  +7.570e-05
  7005  +6.2690683301     12839  +6.2690429688  -2.536e-05
  7006  +6.2701457673     12841  +6.2700195312  -1.262e-04
  7007  +6.2712230194     12843  +6.2709960938  -2.269e-04
  7008  +6.2723000865     12846  +6.2724609375  +1.609e-04
  7009  +6.2733769686     12848  +6.2734375000  +6.053e-05
  7010  +6.2744536660     12850  +6.2744140625  -3.960e-05
  7011  +6.2755301786     12852  +6.2753906250  -1.396e-04
  7012  +6.2766065065     12854  +6.2763671875  -2.393e-04
  7013  +6.2776826500     12857  +6.2778320312  +1.494e-04
  7014  +6.2787586089     12859  +6.2788085938  +4.998e-05
  7015  +6.2798343836     12861  +6.2797851562  -4.923e-05
  7016  +6.2809099740     12863  +6.2807617188  -1.483e-04
  7017  +6.2819853802     12866  +6.2822265625  +2.412e-04
  7018  +6.2830606023     12868  +6.2832031250  +1.425e-04
  7019  +6.2841356405     12870  +6.2841796875  +4.405e-05
  7020  +6.2852104948     12872  +6.2851562500  -5.424e-05
  7021  +6.2862851653     12874  +6.2861328125  -1.524e-04
  7022  +6.2873596522     12877  +6.2875976562  +2.380e-04
  7023  +6.2884339554     12879  +6.2885742188  +1.403e-04
  7024  +6.2895080751     12881  +6.2895507812  +4.271e-05
  7025  +6.2905820115     12883  +6.2905273438  -5.467e-05
  7026  +6.2916557645     12885  +6.2915039062  -1.519e-04
  7027  +6.2927293343     12888  +6.2929687500  +2.394e-04
  7028  +6.2938027210     12890  +6.2939453125  +1.426e-04
  7029  +6.2948759246     12892  +6.2949218750  +4.595e-05
  7030  +6.2959489453     12894  +6.2958984375  -5.051e-05
  7031  +6.2970217832     12896  +6.2968750000  -1.468e-04
  7032  +6.2980944383     12898  +6.2978515625  -2.429e-04
  7033  +6.2991669107     12901  +6.2993164062  +1.495e-04
  7034  +6.3002392006     12903  +6.3002929688  +5.377e-05
  7035  +6.3013113081     12905  +6.3012695312  -4.178e-05
  7036  +6.3023832331     12907  +6.3022460938  -1.371e-04
  7037  +6.3034549759     12909  +6.3032226562  -2.323e-04
  7038  +6.3045265364     12912  +6.3046875000  +1.610e-04
  7039  +6.3055979149     12914  +6.3056640625  +6.615e-05
  7040  +6.3066691113     12916  +6.3066406250  -2.849e-05
  7041  +6.3077401259     12918  +6.3076171875  -1.229e-04
  7042  +6.3088109586     12920  +6.3085937500  -2.172e-04
  7043  +6.3098816096     12923  +6.3100585938  +1.770e-04
  7044  +6.3109520790     12925  +6.3110351562  +8.308e-05
  7045  +6.3120223668     12927  +6.3120117188  -1.065e-05
  7046  +6.3130924732     12929  +6.3129882812  -1.042e-04
  7047  +6.3141623982     12931  +6.3139648438  -1.976e-04
  7048  +6.3152321419     12934  +6.3154296875  +1.975e-04
  7049  +6.3163017045     12936  +6.3164062500  +1.045e-04
  7050  +6.3173710860     12938  +6.3173828125  +1.173e-05
  7051  +6.3184402865     12940  +6.3183593750  -8.091e-05
  7052  +6.3195093061     12942  +6.3193359375  -1.734e-04
  7053  +6.3205781449     12945  +6.3208007812  +2.226e-04
  7054  +6.3216468029     12947  +6.3217773438  +1.305e-04
  7055  +6.3227152804     12949  +6.3227539062  +3.863e-05
  7056  +6.3237835773     12951  +6.3237304688  -5.311e-05
  7057  +6.3248516938     12953  +6.3247070312  -1.447e-04
  7058  +6.3259196299     12955  +6.3256835938  -2.360e-04
  7059  +6.3269873858     12958  +6.3271484375  +1.611e-04
  7060  +6.3280549615     12960  +6.3281250000  +7.004e-05
  7061  +6.3291223571     12962  +6.3291015625  -2.079e-05
  7062  +6.3301895728     12964  +6.3300781250  -1.114e-04
  7063  +6.3312566085     12966  +6.3310546875  -2.019e-04
  7064  +6.3323234645     12969  +6.3325195312  +1.961e-04
  7065  +6.3333901407     12971  +6.3334960938  +1.060e-04
  7066  +6.3344566373     12973  +6.3344726562  +1.602e-05
  7067  +6.3355229544     12975  +6.3354492188  -7.374e-05
  7068  +6.3365890921     12977  +6.3364257812  -1.633e-04
  7069  +6.3376550504     12980  +6.3378906250  +2.356e-04
  7070  +6.3387208294     12982  +6.3388671875  +1.464e-04
  7071  +6.3397864293     12984  +6.3398437500  +5.732e-05
  7072  +6.3408518501     12986  +6.3408203125  -3.154e-05
  7073  +6.3419170919     12988  +6.3417968750  -1.202e-04
  7074  +6.3429821548     12990  +6.3427734375  -2.087e-04
  7075  +6.3440470390     12993  +6.3442382812  +1.912e-04
  7076  +6.3451117444     12995  +6.3452148438  +1.031e-04
  7077  +6.3461762711     12997  +6.3461914062  +1.514e-05
  7078  +6.3472406193     12999  +6.3471679688  -7.265e-05
  7079  +6.3483047891     13001  +6.3481445312  -1.603e-04
  7080  +6.3493687806     13004  +6.3496093750  +2.406e-04
  7081  +6.3504325937     13006  +6.3505859375  +1.533e-04
  7082  +6.3514962287     13008  +6.3515625000  +6.627e-05
  7083  +6.3525596856     13010  +6.3525390625  -2.062e-05
  7084  +6.3536229645     13012  +6.3535156250  -1.073e-04
  7085  +6.3546860654     13014  +6.3544921875  -1.939e-04
  7086  +6.3557489886     13017  +6.3559570312  +2.080e-04
  7087  +6.3568117340     13019  +6.3569335938  +1.219e-04
  7088  +6.3578743018     13021  +6.3579101562  +3.585e-05
  7089  +6.3589366921     13023  +6.3588867188  -4.997e-05
  7090  +6.3599989048     13025  +6.3598632812  -1.356e-04
  7091  +6.3610609402     13027  +6.3608398438  -2.211e-04
  7092  +6.3621227983     13030  +6.3623046875  +1.819e-04
  7093  +6.3631844792     13032  +6.3632812500  +9.677e-05
  7094  +6.3642459830     13034  +6.3642578125  +1.183e-05
  7095  +6.3653073098     13036  +6.3652343750  -7.293e-05
  7096  +6.3663684597     13038  +6.3662109375  -1.575e-04
  7097  +6.3674294327     13040  +6.3671875000  -2.419e-04
  7098  +6.3684902289     13043  +6.3686523438  +1.621e-04
  7099  +6.3695508485     13045  +6.3696289062  +7.806e-05
  7100  +6.3706112915     13047  +6.3706054688  -5.823e-06
  7101  +6.3716715580     13049  +6.3715820312  -8.953e-05
  7102  +6.3727316481     13051  +6.3725585938  -1.731e-04
  7103  +6.3737915619     13054  +6.3740234375  +2.319e-04
  7104  +6.3748512995     13056  +6.3750000000  +1.487e-04
  7105  +6.3759108609     13058  +6.3759765625  +6.570e-05
  7106  +6.3769702463     13060  +6.3769531250  -1.712e-05
  7107  +6.3780294557     13062  +6.3779296875  -9.977e-05
  7108  +6.3790884892     13064  +6.3789062500  -1.822e-04
  7109  +6.3801473470     13067  +6.3803710938  +2.237e-04
  7110  +6.3812060290     13069  +6.3813476562  +1.416e-04
  7111  +6.3822645355     13071  +6.3823242188  +5.968e-05
  7112  +6.3833228664     13073  +6.3833007812  -2.209e-05
  7113  +6.3843810219     13075  +6.3842773438  -1.037e-04
  7114  +6.3854390020     13077  +6.3852539062  -1.851e-04
  7115  +6.3864968069     13080  +6.3867187500  +2.219e-04
  7116  +6.3875544365     13082  +6.3876953125  +1.409e-04
  7117  +6.3886118911     13084  +6.3886718750  +5.998e-05
  7118  +6.3896691707     13086  +6.3896484375  -2.073e-05
  7119  +6.3907262754     13088  +6.3906250000  -1.013e-04
  7120  +6.3917832053     13090  +6.3916015625  -1.816e-04
  7121  +6.3928399604     13093  +6.3930664062  +2.264e-04
  7122  +6.3938965408     13095  +6.3940429688  +1.464e-04
  7123  +6.3949529467     13097  +6.3950195312  +6.658e-05
  7124  +6.3960091781     13099  +6.3959960938  -1.308e-05
  7125  +6.3970652351     13101  +6.3969726562  -9.258e-05
  7126  +6.3981211178     13103  +6.3979492188  -1.719e-04
  7127  +6.3991768262     13106  +6.3994140625  +2.372e-04
  7128  +6.4002323606     13108  +6.4003906250  +1.583e-04
  7129  +6.4012877208     13110  +6.4013671875  +7.947e-05
  7130  +6.4023429072     13112  +6.4023437500  +8.428e-07
  7131  +6.4033979196     13114  +6.4033203125  -7.761e-05
  7132  +6.4044527582     13116  +6.4042968750  -1.559e-04
  7133  +6.4055074232     13118  +6.4052734375  -2.340e-04
  7134  +6.4065619145     13121  +6.4067382812  +1.764e-04
  7135  +6.4076162323     13123  +6.4077148438  +9.861e-05
  7136  +6.4086703766     13125  +6.4086914062  +2.103e-05
  7137  +6.4097243475     13127  +6.4096679688  -5.638e-05
  7138  +6.4107781452     13129  +6.4106445312  -1.336e-04
  7139  +6.4118317697     13131  +6.4116210938  -2.107e-04
  7140  +6.4128852211     13134  +6.4130859375  +2.007e-04
  7141  +6.4139384994     13136  +6.4140625000  +1.240e-04
  7142  +6.4149916049     13138  +6.4150390625  +4.746e-05
  7143  +6.4160445374     13140  +6.4160156250  -2.891e-05
  7144  +6.4170972972     13142  +6.4169921875  -1.051e-04
  7145  +6.4181498843     13144  +6.4179687500  -1.811e-04
  7146  +6.4192022988     13147  +6.4194335938  +2.313e-04
  7147  +6.4202545408     13149  +6.4204101562  +1.556e-04
  7148  +6.4213066104     13151  +6.4213867188  +8.011e-05
  7149  +6.4223585077     13153  +6.4223632812  +4.774e-06
  7150  +6.4234102326     13155  +6.4233398438  -7.039e-05
  7151  +6.4244617854     13157  +6.4243164062  -1.454e-04
  7152  +6.4255131661     13159  +6.4252929688  -2.202e-04
  7153  +6.4265643748     13162  +6.4267578125  +1.934e-04
  7154  +6.4276154116     13164  +6.4277343750  +1.190e-04
  7155  +6.4286662766     13166  +6.4287109375  +4.466e-05
  7156  +6.4297169698     13168  +6.4296875000  -2.947e-05
  7157  +6.4307674913     13170  +6.4306640625  -1.034e-04
  7158  +6.4318178412     13172  +6.4316406250  -1.772e-04
  7159  +6.4328680197     13175  +6.4331054688  +2.374e-04
  7160  +6.4339180267     13177  +6.4340820312  +1.640e-04
  7161  +6.4349678624     13179  +6.4350585938  +9.073e-05
  7162  +6.4360175269     13181  +6.4360351562  +1.763e-05
  7163  +6.4370670201     13183  +6.4370117188  -5.530e-05
  7164  +6.4381163424     13185  +6.4379882812  -1.281e-04
  7165  +6.4391654936     13187  +6.4389648438  -2.006e-04
  7166  +6.4402144739     13190  +6.4404296875  +2.152e-04
  7167  +6.4412632833     13192  +6.4414062500  +1.430e-04
  7168  +6.4423119220     13194  +6.4423828125  +7.089e-05
  7169  +6.4433603901     13196  +6.4433593750  -1.015e-06
  7170  +6.4444086876     13198  +6.4443359375  -7.275e-05
  7171  +6.4454568145     13200  +6.4453125000  -1.443e-04
  7172  +6.4465047711     13202  +6.4462890625  -2.157e-04
  7173  +6.4475525573     13205  +6.4477539062  +2.013e-04
  7174  +6.4486001733     13207  +6.4487304688  +1.303e-04
  7175  +6.4496476192     13209  +6.4497070312  +5.941e-05
  7176  +6.4506948949     13211  +6.4506835938  -1.130e-05
  7177  +6.4517420006     13213  +6.4516601562  -8.184e-05
  7178  +6.4527889365     13215  +6.4526367188  -1.522e-04
  7179  +6.4538357025     13217  +6.4536132812  -2.224e-04
  7180  +6.4548822987     13220  +6.4550781250  +1.958e-04
  7181  +6.4559287253     13222  +6.4560546875  +1.260e-04
  7182  +6.4569749823     13224  +6.4570312500  +5.627e-05
  7183  +6.4580210698     13226  +6.4580078125  -1.326e-05
  7184  +6.4590669878     13228  +6.4589843750  -8.261e-05
  7185  +6.4601127366     13230  +6.4599609375  -1.518e-04
  7186  +6.4611583160     13232  +6.4609375000  -2.208e-04
  7187  +6.4622037263     13235  +6.4624023438  +1.986e-04
  7188  +6.4632489676     13237  +6.4633789062  +1.299e-04
  7189  +6.4642940398     13239  +6.4643554688  +6.143e-05
  7190  +6.4653389430     13241  +6.4653320312  -6.912e-06
  7191  +6.4663836774     13243  +6.4663085938  -7.508e-05
  7192  +6.4674282431     13245  +6.4672851562  -1.431e-04
  7193  +6.4684726401     13247  +6.4682617188  -2.109e-04
  7194  +6.4695168685     13250  +6.4697265625  +2.097e-04
  7195  +6.4705609283     13252  +6.4707031250  +1.422e-04
  7196  +6.4716048197     13254  +6.4716796875  +7.487e-05
  7197  +6.4726485428     13256  +6.4726562500  +7.707e-06
  7198  +6.4736920976     13258  +6.4736328125  -5.929e-05
  7199  +6.4747354842     13260  +6.4746093750  -1.261e-04
  7200  +6.4757787027     13262  +6.4755859375  -1.928e-04
  7201  +6.4768217531     13265  +6.4770507812  +2.290e-04
  7202  +6.4778646356     13267  +6.4780273438  +1.627e-04
  7203  +6.4789073503     13269  +6.4790039062  +9.656e-05
  7204  +6.4799498971     13271  +6.4799804688  +3.057e-05
  7205  +6.4809922763     13273  +6.4809570312  -3.525e-05
  7206  +6.4820344878     13275  +6.4819335938  -1.009e-04
  7207  +6.4830765318     13277  +6.4829101562  -1.664e-04
  7208  +6.4841184083     13279  +6.4838867188  -2.317e-04
  7209  +6.4851601174     13282  +6.4853515625  +1.914e-04
  7210  +6.4862016592     13284  +6.4863281250  +1.265e-04
  7211  +6.4872430338     13286  +6.4873046875  +6.165e-05
  7212  +6.4882842413     13288  +6.4882812500  -2.991e-06
  7213  +6.4893252817     13290  +6.4892578125  -6.747e-05
  7214  +6.4903661551     13292  +6.4902343750  -1.318e-04
  7215  +6.4914068616     13294  +6.4912109375  -1.959e-04
  7216  +6.4924474013     13297  +6.4926757812  +2.284e-04
  7217  +6.4934877743     13299  +6.4936523438  +1.646e-04
  7218  +6.4945279806     13301  +6.4946289062  +1.009e-04
  7219  +6.4955680203     13303  +6.4956054688  +3.745e-05
  7220  +6.4966078935     13305  +6.4965820312  -2.586e-05
  7221  +6.4976476003     13307  +6.4975585938  -8.901e-05
  7222  +6.4986871408     13309  +6.4985351562  -1.520e-04
  7223  +6.4997265150     13311  +6.4995117188  -2.148e-04
  7224  +6.5007657230     13314  +6.5009765625  +2.108e-04
  7225  +6.5018047649     13316  +6.5019531250  +1.484e-04
  7226  +6.5028436408     13318  +6.5029296875  +8.605e-05
  7227  +6.5038823507     13320  +6.5039062500  +2.390e-05
  7228  +6.5049208948     13322  +6.5048828125  -3.808e-05
  7229  +6.5059592731     13324  +6.5058593750  -9.990e-05
  7230  +6.5069974858     13326  +6.5068359375  -1.615e-04
  7231  +6.5080355327     13328  +6.5078125000  -2.230e-04
  7232  +6.5090734142     13331  +6.5092773438  +2.039e-04
  7233  +6.5101111302     13333  +6.5102539062  +1.428e-04
  7234  +6.5111486807     13335  +6.5112304688  +8.179e-05
  7235  +6.5121860660     13337  +6.5122070312  +2.097e-05
  7236  +6.5132232861     13339  +6.5131835938  -3.969e-05
  7237  +6.5142603410     13341  +6.5141601562  -1.002e-04
  7238  +6.5152972308     13343  +6.5151367188  -1.605e-04
  7239  +6.5163339557     13345  +6.5161132812  -2.207e-04
  7240  +6.5173705156     13348  +6.5175781250  +2.076e-04
  7241  +6.5184069107     13350  +6.5185546875  +1.478e-04
  7242  +6.5194431410     13352  +6.5195312500  +8.811e-05
  7243  +6.5204792067     13354  +6.5205078125  +2.861e-05
  7244  +6.5215151078     13356  +6.5214843750  -3.073e-05
  7245  +6.5225508443     13358  +6.5224609375  -8.991e-05
  7246  +6.5235864164     13360  +6.5234375000  -1.489e-04
  7247  +6.5246218241     13362  +6.5244140625  -2.078e-04
  7248  +6.5256570676     13365  +6.5258789062  +2.218e-04
  7249  +6.5266921468     13367  +6.5268554688  +1.633e-04
  7250  +6.5277270620     13369  +6.5278320312  +1.050e-04
  7251  +6.5287618130     13371  +6.5288085938  +4.678e-05
  7252  +6.5297964001     13373  +6.5297851562  -1.124e-05
  7253  +6.5308308233     13375  +6.5307617188  -6.910e-05
  7254  +6.5318650827     13377  +6.5317382812  -1.268e-04
  7255  +6.5328991783     13379  +6.5327148438  -1.843e-04
  7256  +6.5339331103     13381  +6.5336914062  -2.417e-04
  7257  +6.5349668787     13384  +6.5351562500  +1.894e-04
  7258  +6.5360004836     13386  +6.5361328125  +1.323e-04
  7259  +6.5370339251     13388  +6.5371093750  +7.545e-05
  7260  +6.5380672032     13390  +6.5380859375  +1.873e-05
  7261  +6.5391003180     13392  +6.5390625000  -3.782e-05
  7262  +6.5401332697     13394  +6.5400390625  -9.421e-05
  7263  +6.5411660582     13396  +6.5410156250  -1.504e-04
  7264  +6.5421986837     13398  +6.5419921875  -2.065e-04
  7265  +6.5432311462     13401  +6.5434570312  +2.259e-04
  7266  +6.5442634458     13403  +6.5444335938  +1.701e-04
  7267  +6.5452955826     13405  +6.5454101562  +1.146e-04
  7268  +6.5463275567     13407  +6.5463867188  +5.916e-05
  7269  +6.5473593681     13409  +6.5473632812  +3.913e-06
  7270  +6.5483910170     13411  +6.5483398438  -5.117e-05
  7271  +6.5494225033     13413  +6.5493164062  -1.061e-04
  7272  +6.5504538272     13415  +6.5502929688  -1.609e-04
  7273  +6.5514849888     13417  +6.5512695312  -2.155e-04
  7274  +6.5525159881     13420  +6.5527343750  +2.184e-04
  7275  +6.5535468252     13422  +6.5537109375  +1.641e-04
  7276  +6.5545775002     13424  +6.5546875000  +1.100e-04
  7277  +6.5556080131     13426  +6.5556640625  +5.605e-05
  7278  +6.5566383641     13428  +6.5566406250  +2.261e-06
  7279  +6.5576685532     13430  +6.5576171875  -5.137e-05
  7280  +6.5586985804     13432  +6.5585937500  -1.048e-04
  7281  +6.5597284460     13434  +6.5595703125  -1.581e-04
  7282  +6.5607581498     13436  +6.5605468750  -2.113e-04
  7283  +6.5617876921     13439  +6.5620117188  +2.240e-04
  7284  +6.5628170729     13441  +6.5629882812  +1.712e-04
  7285  +6.5638462922     13443  +6.5639648438  +1.186e-04
  7286  +6.5648753502     13445  +6.5649414062  +6.606e-05
  7287  +6.5659042469     13447  +6.5659179688  +1.372e-05
  7288  +6.5669329824     13449  +6.5668945312  -3.845e-05
  7289  +6.5679615568     13451  +6.5678710938  -9.046e-05
  7290  +6.5689899701     13453  +6.5688476562  -1.423e-04
  7291  +6.5700182224     13455  +6.5698242188  -1.940e-04
  7292  +6.5710463138     13458  +6.5712890625  +2.427e-04
  7293  +6.5720742444     13460  +6.5722656250  +1.914e-04
  7294  +6.5731020143     13462  +6.5732421875  +1.402e-04
  7295  +6.5741296234     13464  +6.5742187500  +8.913e-05
  7296  +6.5751570720     13466  +6.5751953125  +3.824e-05
  7297  +6.5761843601     13468  +6.5761718750  -1.249e-05
  7298  +6.5772114876     13470  +6.5771484375  -6.305e-05
  7299  +6.5782384549     13472  +6.5781250000  -1.135e-04
  7300  +6.5792652618     13474  +6.5791015625  -1.637e-04
  7301  +6.5802919085     13476  +6.5800781250  -2.138e-04
  7302  +6.5813183950     13479  +6.5815429688  +2.246e-04
  7303  +6.5823447215     13481  +6.5825195312  +1.748e-04
  7304  +6.5833708879     13483  +6.5834960938  +1.252e-04
  7305  +6.5843968945     13485  +6.5844726562  +7.576e-05
  7306  +6.5854227411     13487  +6.5854492188  +2.648e-05
  7307  +6.5864484280     13489  +6.5864257812  -2.265e-05
  7308  +6.5874739553     13491  +6.5874023438  -7.161e-05
  7309  +6.5884993228     13493  +6.5883789062  -1.204e-04
  7310  +6.5895245309     13495  +6.5893554688  -1.691e-04
  7311  +6.5905495794     13497  +6.5903320312  -2.175e-04
  7312  +6.5915744685     13500  +6.5917968750  +2.224e-04
  7313  +6.5925991983     13502  +6.5927734375  +1.742e-04
  7314  +6.5936237689     13504  +6.5937500000  +1.262e-04
  7315  +6.5946481803     13506  +6.5947265625  +7.838e-05
  7316  +6.5956724325     13508  +6.5957031250  +3.069e-05
  7317  +6.5966965258     13510  +6.5966796875  -1.684e-05
  7318  +6.5977204601     13512  +6.5976562500  -6.421e-05
  7319  +6.5987442354     13514  +6.5986328125  -1.114e-04
  7320  +6.5997678520     13516  +6.5996093750  -1.585e-04
  7321  +6.6007913099     13518  +6.6005859375  -2.054e-04
  7322  +6.6018146090     13521  +6.6020507812  +2.362e-04
  7323  +6.6028377496     13523  +6.6030273438  +1.896e-04
  7324  +6.6038607317     13525  +6.6040039062  +1.432e-04
  7325  +6.6048835553     13527  +6.6049804688  +9.691e-05
  7326  +6.6059062206     13529  +6.6059570312  +5.081e-05
  7327  +6.6069287276     13531  +6.6069335938  +4.866e-06
  7328  +6.6079510763     13533  +6.6079101562  -4.092e-05
  7329  +6.6089732669     13535  +6.6088867188  -8.655e-05
  7330  +6.6099952994     13537  +6.6098632812  -1.320e-04
  7331  +6.6110171740     13539  +6.6108398438  -1.773e-04
  7332  +6.6120388905     13541  +6.6118164062  -2.225e-04
  7333  +6.6130604493     13544  +6.6132812500  +2.208e-04
  7334  +6.6140818502     13546  +6.6142578125  +1.760e-04
  7335  +6.6151030935     13548  +6.6152343750  +1.313e-04
  7336  +6.6161241791     13550  +6.6162109375  +8.676e-05
  7337  +6.6171451071     13552  +6.6171875000  +4.239e-05
  7338  +6.6181658777     13554  +6.6181640625  -1.815e-06
  7339  +6.6191864908     13556  +6.6191406250  -4.587e-05
  7340  +6.6202069466     13558  +6.6201171875  -8.976e-05
  7341  +6.6212272452     13560  +6.6210937500  -1.335e-04
  7342  +6.6222473865     13562  +6.6220703125  -1.771e-04
  7343  +6.6232673707     13564  +6.6230468750  -2.205e-04
  7344  +6.6242871978     13567  +6.6245117188  +2.245e-04
  7345  +6.6253068680     13569  +6.6254882812  +1.814e-04
  7346  +6.6263263813     13571  +6.6264648438  +1.385e-04
  7347  +6.6273457377     13573  +6.6274414062  +9.567e-05
  7348  +6.6283649373     13575  +6.6284179688  +5.303e-05
  7349  +6.6293839803     13577  +6.6293945312  +1.055e-05
  7350  +6.6304028667     13579  +6.6303710938  -3.177e-05
  7351  +6.6314215965     13581  +6.6313476562  -7.394e-05
  7352  +6.6324401698     13583  +6.6323242188  -1.160e-04
  7353  +6.6334585867     13585  +6.6333007812  -1.578e-04
  7354  +6.6344768473     13587  +6.6342773438  -1.995e-04
  7355  +6.6354949516     13589  +6.6352539062  -2.410e-04
  7356  +6.6365128998     13592  +6.6367187500  +2.059e-04
  7357  +6.6375306918     13594  +6.6376953125  +1.646e-04
  7358  +6.6385483278     13596  +6.6386718750  +1.235e-04
  7359  +6.6395658078     13598  +6.6396484375  +8.263e-05
  7360  +6.6405831319     13600  +6.6406250000  +4.187e-05
  7361  +6.6416003002     13602  +6.6416015625  +1.262e-06
  7362  +6.6426173128     13604  +6.6425781250  -3.919e-05
  7363  +6.6436341696     13606  +6.6435546875  -7.948e-05
  7364  +6.6446508708     13608  +6.6445312500  -1.196e-04
  7365  +6.6456674165     13610  +6.6455078125  -1.596e-04
  7366  +6.6466838067     13612  +6.6464843750  -1.994e-04
  7367  +6.6477000416     13614  +6.6474609375  -2.391e-04
  7368  +6.6487161211     13617  +6.6489257812  +2.097e-04
  7369  +6.6497320453     13619  +6.6499023438  +1.703e-04
  7370  +6.6507478143     13621  +6.6508789062  +1.311e-04
  7371  +6.6517634283     13623  +6.6518554688  +9.204e-05
  7372  +6.6527788872     13625  +6.6528320312  +5.314e-05
  7373  +6.6537941911     13627  +6.6538085938  +1.440e-05
  7374  +6.6548093401     13629  +6.6547851562  -2.418e-05
  7375  +6.6558243343     13631  +6.6557617188  -6.262e-05
  7376  +6.6568391737     13633  +6.6567382812  -1.009e-04
  7377  +6.6578538585     13635  +6.6577148438  -1.390e-04
  7378  +6.6588683886     13637  +6.6586914062  -1.770e-04
  7379  +6.6598827641     13639  +6.6596679688  -2.148e-04
  7380  +6.6608969852     13642  +6.6611328125  +2.358e-04
  7381  +6.6619110519     13644  +6.6621093750  +1.983e-04
  7382  +6.6629249643     13646  +6.6630859375  +1.610e-04
  7383  +6.6639387224     13648  +6.6640625000  +1.238e-04
  7384  +6.6649523262     13650  +6.6650390625  +8.674e-05
  7385  +6.6659657760     13652  +6.6660156250  +4.985e-05
  7386  +6.6669790717     13654  +6.6669921875  +1.312e-05
  7387  +6.6679922134     13656  +6.6679687500  -2.346e-05
  7388  +6.6690052012     13658  +6.6689453125  -5.989e-05
  7389  +6.6700180352     13660  +6.6699218750  -9.616e-05
  7390  +6.6710307154     13662  +6.6708984375  -1.323e-04
  7391  +6.6720432419     13664  +6.6718750000  -1.682e-04
  7392  +6.6730556147     13666  +6.6728515625  -2.041e-04
  7393  +6.6740678340     13668  +6.6738281250  -2.397e-04
  7394  +6.6750798998     13671  +6.6752929688  +2.131e-04
  7395  +6.6760918122     13673  +6.6762695312  +1.777e-04
  7396  +6.6771035712     13675  +6.6772460938  +1.425e-04
  7397  +6.6781151769     13677  +6.6782226562  +1.075e-04
  7398  +6.6791266294     13679  +6.6791992188  +7.259e-05
  7399  +6.6801379288     13681  +6.6801757812  +3.785e-05
  7400  +6.6811490751     13683  +6.6811523438  +3.269e-06
  7401  +6.6821600684     13685  +6.6821289062  -3.116e-05
  7402  +6.6831709087     13687  +6.6831054688  -6.544e-05
  7403  +6.6841815962     13689  +6.6840820312  -9.956e-05
  7404  +6.6851921309     13691  +6.6850585938  -1.335e-04
  7405  +6.6862025128     13693  +6.6860351562  -1.674e-04
  7406  +6.6872127421     13695  +6.6870117188  -2.010e-04
  7407  +6.6882228188     13697  +6.6879882812  -2.345e-04
  7408  +6.6892327430     13700  +6.6894531250  +2.204e-04
  7409  +6.6902425147     13702  +6.6904296875  +1.872e-04
  7410  +6.6912521341     13704  +6.6914062500  +1.541e-04
  7411  +6.6922616011     13706  +6.6923828125  +1.212e-04
  7412  +6.6932709159     13708  +6.6933593750  +8.846e-05
  7413  +6.6942800785     13710  +6.6943359375  +5.586e-05
  7414  +6.6952890890     13712  +6.6953125000  +2.341e-05
  7415  +6.6962979474     13714  +6.6962890625  -8.885e-06
  7416  +6.6973066539     13716  +6.6972656250  -4.103e-05
  7417  +6.6983152085     13718  +6.6982421875  -7.302e-05
  7418  +6.6993236112     13720  +6.6992187500  -1.049e-04
  7419  +6.7003318622     13722  +6.7001953125  -1.365e-04
  7420  +6.7013399615     13724  +6.7011718750  -1.681e-04
  7421  +6.7023479091     13726  +6.7021484375  -1.995e-04
  7422  +6.7033557052     13728  +6.7031250000  -2.307e-04
  7423  +6.7043633498     13731  +6.7045898438  +2.265e-04
  7424  +6.7053708430     13733  +6.7055664062  +1.956e-04
  7425  +6.7063781849     13735  +6.7065429688  +1.648e-04
  7426  +6.7073853754     13737  +6.7075195312  +1.342e-04
  7427  +6.7083924147     13739  +6.7084960938  +1.037e-04
  7428  +6.7093993029     13741  +6.7094726562  +7.335e-05
  7429  +6.7104060400     13743  +6.7104492188  +4.318e-05
  7430  +6.7114126261     13745  +6.7114257812  +1.316e-05
  7431  +6.7124190612     13747  +6.7124023438  -1.672e-05
  7432  +6.7134253454     13749  +6.7133789062  -4.644e-05
  7433  +6.7144314789     13751  +6.7143554688  -7.601e-05
  7434  +6.7154374616     13753  +6.7153320312  -1.054e-04
  7435  +6.7164432936     13755  +6.7163085938  -1.347e-04
  7436  +6.7174489750     13757  +6.7172851562  -1.638e-04
  7437  +6.7184545059     13759  +6.7182617188  -1.928e-04
  7438  +6.7194598863     13761  +6.7192382812  -2.216e-04
  7439  +6.7204651163     13764  +6.7207031250  +2.380e-04
  7440  +6.7214701960     13766  +6.7216796875  +2.095e-04
  7441  +6.7224751253     13768  +6.7226562500  +1.811e-04
  7442  +6.7234799045     13770  +6.7236328125  +1.529e-04
  7443  +6.7244845336     13772  +6.7246093750  +1.248e-04
  7444  +6.7254890126     13774  +6.7255859375  +9.692e-05
  7445  +6.7264933416     13776  +6.7265625000  +6.916e-05
  7446  +6.7274975206     13778  +6.7275390625  +4.154e-05
  7447  +6.7285015498     13780  +6.7285156250  +1.408e-05
  7448  +6.7295054292     13782  +6.7294921875  -1.324e-05
  7449  +6.7305091588     13784  +6.7304687500  -4.041e-05
  7450  +6.7315127388     13786  +6.7314453125  -6.743e-05
  7451  +6.7325161692     13788  +6.7324218750  -9.429e-05
  7452  +6.7335194501     13790  +6.7333984375  -1.210e-04
  7453  +6.7345225815     13792  +6.7343750000  -1.476e-04
  7454  +6.7355255635     13794  +6.7353515625  -1.740e-04
  7455  +6.7365283961     13796  +6.7363281250  -2.003e-04
  7456  +6.7375310795     13798  +6.7373046875  -2.264e-04
  7457  +6.7385336137     13801  +6.7387695312  +2.359e-04
  7458  +6.7395359988     13803  +6.7397460938  +2.101e-04
  7459  +6.7405382348     13805  +6.7407226562  +1.844e-04
  7460  +6.7415403218     13807  +6.7416992188  +1.589e-04
  7461  +6.7425422599     13809  +6.7426757812  +1.335e-04
  7462  +6.7435440491     13811  +6.7436523438  +1.083e-04
  7463  +6.7445456895     13813  +6.7446289062  +8.322e-05
  7464  +6.7455471812     13815  +6.7456054688  +5.829e-05
  7465  +6.7465485242     13817  +6.7465820312  +3.351e-05
  7466  +6.7475497186     13819  +6.7475585938  +8.875e-06
  7467  +6.7485507645     13821  +6.7485351562  -1.561e-05
  7468  +6.7495516619     13823  +6.7495117188  -3.994e-05
  7469  +6.7505524110     13825  +6.7504882812  -6.413e-05
  7470  +6.7515530116     13827  +6.7514648438  -8.817e-05
  7471  +6.7525534640     13829  +6.7524414062  -1.121e-04
  7472  +6.7535537682     13831  +6.7534179688  -1.358e-04
  7473  +6.7545539243     13833  +6.7543945312  -1.594e-04
  7474  +6.7555539323     13835  +6.7553710938  -1.828e-04
  7475  +6.7565537923     13837  +6.7563476562  -2.061e-04
  7476  +6.7575535043     13839  +6.7573242188  -2.293e-04
  7477  +6.7585530685     13842  +6.7587890625  +2.360e-04
  7478  +6.7595524848     13844  +6.7597656250  +2.131e-04
  7479  +6.7605517534     13846  +6.7607421875  +1.904e-04
  7480  +6.7615508744     13848  +6.7617187500  +1.679e-04
  7481  +6.7625498477     13850  +6.7626953125  +1.455e-04
  7482  +6.7635486735     13852  +6.7636718750  +1.232e-04
  7483  +6.7645473517     13854  +6.7646484375  +1.011e-04
  7484  +6.7655458826     13856  +6.7656250000  +7.912e-05
  7485  +6.7665442661     13858  +6.7666015625  +5.730e-05
  7486  +6.7675425024     13860  +6.7675781250  +3.562e-05
  7487  +6.7685405914     13862  +6.7685546875  +1.410e-05
  7488  +6.7695385332     13864  +6.7695312500  -7.283e-06
  7489  +6.7705363280     13866  +6.7705078125  -2.852e-05
  7490  +6.7715339757     13868  +6.7714843750  -4.960e-05
  7491  +6.7725314765     13870  +6.7724609375  -7.054e-05
  7492  +6.7735288304     13872  +6.7734375000  -9.133e-05
  7493  +6.7745260374     13874  +6.7744140625  -1.120e-04
  7494  +6.7755230977     13876  +6.7753906250  -1.325e-04
  7495  +6.7765200113     13878  +6.7763671875  -1.528e-04
  7496  +6.7775167782     13880  +6.7773437500  -1.730e-04
  7497  +6.7785133986     13882  +6.7783203125  -1.931e-04
  7498  +6.7795098725     13884  +6.7792968750  -2.130e-04
  7499  +6.7805061999     13886  +6.7802734375  -2.328e-04
  7500  +6.7815023809     13889  +6.7817382812  +2.359e-04
  7501  +6.7824984156     13891  +6.7827148438  +2.164e-04
  7502  +6.7834943041     13893  +6.7836914062  +1.971e-04
  7503  +6.7844900464     13895  +6.7846679688  +1.779e-04
  7504  +6.7854856426     13897  +6.7856445312  +1.589e-04
  7505  +6.7864810927     13899  +6.7866210938  +1.400e-04
  7506  +6.7874763968     13901  +6.7875976562  +1.213e-04
  7507  +6.7884715550     13903  +6.7885742188  +1.027e-04
  7508  +6.7894665673     13905  +6.7895507812  +8.421e-05
  7509  +6.7904614338     13907  +6.7905273438  +6.591e-05
  7510  +6.7914561546     13909  +6.7915039062  +4.775e-05
  7511  +6.7924507298     13911  +6.7924804688  +2.974e-05
  7512  +6.7934451593     13913  +6.7934570312  +1.187e-05
  7513  +6.7944394432     13915  +6.7944335938  -5.849e-06
  7514  +6.7954335817     13917  +6.7954101562  -2.343e-05
  7515  +6.7964275748     13919  +6.7963867188  -4.086e-05
  7516  +6.7974214225     13921  +6.7973632812  -5.814e-05
  7517  +6.7984151249     13923  +6.7983398438  -7.528e-05
  7518  +6.7994086821     13925  +6.7993164062  -9.228e-05
  7519  +6.8004020942     13927  +6.8002929688  -1.091e-04
  7520  +6.8013953611     13929  +6.8012695312  -1.258e-04
  7521  +6.8023884830     13931  +6.8022460938  -1.424e-04
  7522  +6.8033814600     13933  +6.8032226562  -1.588e-04
  7523  +6.8043742920     13935  +6.8041992188  -1.751e-04
  7524  +6.8053669792     13937  +6.8051757812  -1.912e-04
  7525  +6.8063595216     13939  +6.8061523438  -2.072e-04
  7526  +6.8073519193     13941  +6.8071289062  -2.230e-04
  7527  +6.8083441723     13943  +6.8081054688  -2.387e-04
  7528  +6.8093362808     13946  +6.8095703125  +2.340e-04
  7529  +6.8103282447     13948  +6.8105468750  +2.186e-04
  7530  +6.8113200641     13950  +6.8115234375  +2.034e-04
  7531  +6.8123117392     13952  +6.8125000000  +1.883e-04
  7532  +6.8133032699     13954  +6.8134765625  +1.733e-04
  7533  +6.8142946563     13956  +6.8144531250  +1.585e-04
  7534  +6.8152858986     13958  +6.8154296875  +1.438e-04
  7535  +6.8162769966     13960  +6.8164062500  +1.293e-04
  7536  +6.8172679506     13962  +6.8173828125  +1.149e-04
  7537  +6.8182587606     13964  +6.8183593750  +1.006e-04
  7538  +6.8192494266     13966  +6.8193359375  +8.651e-05
  7539  +6.8202399487     13968  +6.8203125000  +7.255e-05
  7540  +6.8212303270     13970  +6.8212890625  +5.874e-05
  7541  +6.8222205615     13972  +6.8222656250  +4.506e-05
  7542  +6.8232106523     13974  +6.8232421875  +3.154e-05
  7543  +6.8242005994     13976  +6.8242187500  +1.815e-05
  7544  +6.8251904030     13978  +6.8251953125  +4.910e-06
  7545  +6.8261800630     13980  +6.8261718750  -8.188e-06
  7546  +6.8271695796     13982  +6.8271484375  -2.114e-05
  7547  +6.8281589528     13984  +6.8281250000  -3.395e-05
  7548  +6.8291481826     13986  +6.8291015625  -4.662e-05
  7549  +6.8301372692     13988  +6.8300781250  -5.914e-05
  7550  +6.8311262126     13990  +6.8310546875  -7.153e-05
  7551  +6.8321150128     13992  +6.8320312500  -8.376e-05
  7552  +6.8331036699     13994  +6.8330078125  -9.586e-05
  7553  +6.8340921840     13996  +6.8339843750  -1.078e-04
  7554  +6.8350805551     13998  +6.8349609375  -1.196e-04
  7555  +6.8360687834     14000  +6.8359375000  -1.313e-04
  7556  +6.8370568688     14002  +6.8369140625  -1.428e-04
  7557  +6.8380448114     14004  +6.8378906250  -1.542e-04
  7558  +6.8390326113     14006  +6.8388671875  -1.654e-04
  7559  +6.8400202685     14008  +6.8398437500  -1.765e-04
  7560  +6.8410077832     14010  +6.8408203125  -1.875e-04
  7561  +6.8419951553     14012  +6.8417968750  -1.983e-04
  7562  +6.8429823850     14014  +6.8427734375  -2.089e-04
  7563  +6.8439694722     14016  +6.8437500000  -2.195e-04
  7564  +6.8449564172     14018  +6.8447265625  -2.299e-04
  7565  +6.8459432198     14020  +6.8457031250  -2.401e-04
  7566  +6.8469298802     14023  +6.8471679688  +2.381e-04
  7567  +6.8479163985     14025  +6.8481445312  +2.281e-04
  7568  +6.8489027746     14027  +6.8491210938  +2.183e-04
  7569  +6.8498890087     14029  +6.8500976562  +2.086e-04
  7570  +6.8508751009     14031  +6.8510742188  +1.991e-04
  7571  +6.8518610511     14033  +6.8520507812  +1.897e-04
  7572  +6.8528468595     14035  +6.8530273438  +1.805e-04
  7573  +6.8538325260     14037  +6.8540039062  +1.714e-04
  7574  +6.8548180509     14039  +6.8549804688  +1.624e-04
  7575  +6.8558034341     14041  +6.8559570312  +1.536e-04
  7576  +6.8567886756     14043  +6.8569335938  +1.449e-04
  7577  +6.8577737757     14045  +6.8579101562  +1.364e-04
  7578  +6.8587587342     14047  +6.8588867188  +1.280e-04
  7579  +6.8597435513     14049  +6.8598632812  +1.197e-04
  7580  +6.8607282271     14051  +6.8608398438  +1.116e-04
  7581  +6.8617127615     14053  +6.8618164062  +1.036e-04
  7582  +6.8626971547     14055  +6.8627929688  +9.581e-05
  7583  +6.8636814067     14057  +6.8637695312  +8.812e-05
  7584  +6.8646655176     14059  +6.8647460938  +8.058e-05
  7585  +6.8656494874     14061  +6.8657226562  +7.317e-05
  7586  +6.8666333163     14063  +6.8666992188  +6.590e-05
  7587  +6.8676170042     14065  +6.8676757812  +5.878e-05
  7588  +6.8686005512     14067  +6.8686523438  +5.179e-05
  7589  +6.8695839574     14069  +6.8696289062  +4.495e-05
  7590  +6.8705672228     14071  +6.8706054688  +3.825e-05
  7591  +6.8715503476     14073  +6.8715820312  +3.168e-05
  7592  +6.8725333317     14075  +6.8725585938  +2.526e-05
  7593  +6.8735161752     14077  +6.8735351562  +1.898e-05
  7594  +6.8744988782     14079  +6.8745117188  +1.284e-05
  7595  +6.8754814408     14081  +6.8754882812  +6.840e-06
  7596  +6.8764638629     14083  +6.8764648438  +9.808e-07
  7597  +6.8774461447     14085  +6.8774414062  -4.738e-06
  7598  +6.8784282863     14087  +6.8784179688  -1.032e-05
  7599  +6.8794102876     14089  +6.8793945312  -1.576e-05
  7600  +6.8803921488     14091  +6.8803710938  -2.106e-05
  7601  +6.8813738699     14093  +6.8813476562  -2.621e-05
  7602  +6.8823554509     14095  +6.8823242188  -3.123e-05
  7603  +6.8833368920     14097  +6.8833007812  -3.611e-05
  7604  +6.8843181931     14099  +6.8842773438  -4.085e-05
  7605  +6.8852993544     14101  +6.8852539062  -4.545e-05
  7606  +6.8862803759     14103  +6.8862304688  -4.991e-05
  7607  +6.8872612577     14105  +6.8872070312  -5.423e-05
  7608  +6.8882419998     14107  +6.8881835938  -5.841e-05
  7609  +6.8892226022     14109  +6.8891601562  -6.245e-05
  7610  +6.8902030652     14111  +6.8901367188  -6.635e-05
  7611  +6.8911833886     14113  +6.8911132812  -7.011e-05
  7612  +6.8921635725     14115  +6.8920898438  -7.373e-05
  7613  +6.8931436171     14117  +6.8930664062  -7.721e-05
  7614  +6.8941235224     14119  +6.8940429688  -8.055e-05
  7615  +6.8951032884     14121  +6.8950195312  -8.376e-05
  7616  +6.8960829152     14123  +6.8959960938  -8.682e-05
  7617  +6.8970624029     14125  +6.8969726562  -8.975e-05
  7618  +6.8980417515     14127  +6.8979492188  -9.253e-05
  7619  +6.8990209611     14129  +6.8989257812  -9.518e-05
  7620  +6.9000000317     14131  +6.8999023438  -9.769e-05
  7621  +6.9009789634     14133  +6.9008789062  -1.001e-04
  7622  +6.9019577562     14135  +6.9018554688  -1.023e-04
  7623  +6.9029364103     14137  +6.9028320312  -1.044e-04
  7624  +6.9039149256     14139  +6.9038085938  -1.063e-04
  7625  +6.9048933023     14141  +6.9047851562  -1.081e-04
  7626  +6.9058715403     14143  +6.9057617188  -1.098e-04
  7627  +6.9068496399     14145  +6.9067382812  -1.114e-04
  7628  +6.9078276009     14147  +6.9077148438  -1.128e-04
  7629  +6.9088054235     14149  +6.9086914062  -1.140e-04
  7630  +6.9097831077     14151  +6.9096679688  -1.151e-04
  7631  +6.9107606536     14153  +6.9106445312  -1.161e-04
  7632  +6.9117380612     14155  +6.9116210938  -1.170e-04
  7633  +6.9127153306     14157  +6.9125976562  -1.177e-04
  7634  +6.9136924619     14159  +6.9135742188  -1.182e-04
  7635  +6.9146694551     14161  +6.9145507812  -1.187e-04
  7636  +6.9156463103     14163  +6.9155273438  -1.190e-04
  7637  +6.9166230276     14165  +6.9165039062  -1.191e-04
  7638  +6.9175996069     14167  +6.9174804688  -1.191e-04
  7639  +6.9185760484     14169  +6.9184570312  -1.190e-04
  7640  +6.9195523521     14171  +6.9194335938  -1.188e-04
  7641  +6.9205285180     14173  +6.9204101562  -1.184e-04
  7642  +6.9215045463     14175  +6.9213867188  -1.178e-04
  7643  +6.9224804370     14177  +6.9223632812  -1.172e-04
  7644  +6.9234561901     14179  +6.9233398438  -1.163e-04
  7645  +6.9244318057     14181  +6.9243164062  -1.154e-04
  7646  +6.9254072839     14183  +6.9252929688  -1.143e-04
  7647  +6.9263826247     14185  +6.9262695312  -1.131e-04
  7648  +6.9273578281     14187  +6.9272460938  -1.117e-04
  7649  +6.9283328943     14189  +6.9282226562  -1.102e-04
  7650  +6.9293078233     14191  +6.9291992188  -1.086e-04
  7651  +6.9302826152     14193  +6.9301757812  -1.068e-04
  7652  +6.9312572699     14195  +6.9311523438  -1.049e-04
  7653  +6.9322317877     14197  +6.9321289062  -1.029e-04
  7654  +6.9332061684     14199  +6.9331054688  -1.007e-04
  7655  +6.9341804122     14201  +6.9340820312  -9.838e-05
  7656  +6.9351545192     14203  +6.9350585938  -9.593e-05
  7657  +6.9361284894     14205  +6.9360351562  -9.333e-05
  7658  +6.9371023228     14207  +6.9370117188  -9.060e-05
  7659  +6.9380760195     14209  +6.9379882812  -8.774e-05
  7660  +6.9390495796     14211  +6.9389648438  -8.474e-05
  7661  +6.9400230032     14213  +6.9399414062  -8.160e-05
  7662  +6.9409962902     14215  +6.9409179688  -7.832e-05
  7663  +6.9419694407     14217  +6.9418945312  -7.491e-05
  7664  +6.9429424549     14219  +6.9428710938  -7.136e-05
  7665  +6.9439153327     14221  +6.9438476562  -6.768e-05
  7666  +6.9448880742     14223  +6.9448242188  -6.386e-05
  7667  +6.9458606795     14225  +6.9458007812  -5.990e-05
  7668  +6.9468331486     14227  +6.9467773438  -5.580e-05
  7669  +6.9478054816     14229  +6.9477539062  -5.158e-05
  7670  +6.9487776786     14231  +6.9487304688  -4.721e-05
  7671  +6.9497497395     14233  +6.9497070312  -4.271e-05
  7672  +6.9507216645     14235  +6.9506835938  -3.807e-05
  7673  +6.9516934537     14237  +6.9516601562  -3.330e-05
  7674  +6.9526651070     14239  +6.9526367188  -2.839e-05
  7675  +6.9536366245     14241  +6.9536132812  -2.334e-05
  7676  +6.9546080063     14243  +6.9545898438  -1.816e-05
  7677  +6.9555792524     14245  +6.9555664062  -1.285e-05
  7678  +6.9565503630     14247  +6.9565429688  -7.394e-06
  7679  +6.9575213380     14249  +6.9575195312  -1.807e-06
  7680  +6.9584921775     14251  +6.9584960938  +3.916e-06
  7681  +6.9594628816     14253  +6.9594726562  +9.775e-06
  7682  +6.9604334503     14255  +6.9604492188  +1.577e-05
  7683  +6.9614038837     14257  +6.9614257812  +2.190e-05
  7684  +6.9623741818     14259  +6.9624023438  +2.816e-05
  7685  +6.9633443447     14261  +6.9633789062  +3.456e-05
  7686  +6.9643143725     14263  +6.9643554688  +4.110e-05
  7687  +6.9652842652     14265  +6.9653320312  +4.777e-05
  7688  +6.9662540228     14267  +6.9663085938  +5.457e-05
  7689  +6.9672236455     14269  +6.9672851562  +6.151e-05
  7690  +6.9681931332     14271  +6.9682617188  +6.859e-05
  7691  +6.9691624861     14273  +6.9692382812  +7.580e-05
  7692  +6.9701317042     14275  +6.9702148438  +8.314e-05
  7693  +6.9711007875     14277  +6.9711914062  +9.062e-05
  7694  +6.9720697361     14279  +6.9721679688  +9.823e-05
  7695  +6.9730385501     14281  +6.9731445312  +1.060e-04
  7696  +6.9740072295     14283  +6.9741210938  +1.139e-04
  7697  +6.9749757743     14285  +6.9750976562  +1.219e-04
  7698  +6.9759441847     14287  +6.9760742188  +1.300e-04
  7699  +6.9769124607     14289  +6.9770507812  +1.383e-04
  7700  +6.9778806023     14291  +6.9780273438  +1.467e-04
  7701  +6.9788486096     14293  +6.9790039062  +1.553e-04
  7702  +6.9798164827     14295  +6.9799804688  +1.640e-04
  7703  +6.9807842215     14297  +6.9809570312  +1.728e-04
  7704  +6.9817518262     14299  +6.9819335938  +1.818e-04
  7705  +6.9827192969     14301  +6.9829101562  +1.909e-04
  7706  +6.9836866335     14303  +6.9838867188  +2.001e-04
  7707  +6.9846538361     14305  +6.9848632812  +2.094e-04
  7708  +6.9856209049     14307  +6.9858398438  +2.189e-04
  7709  +6.9865878397     14309  +6.9868164062  +2.286e-04
  7710  +6.9875546408     14311  +6.9877929688  +2.383e-04
  7711  +6.9885213081     14312  +6.9882812500  -2.401e-04
  7712  +6.9894878417     14314  +6.9892578125  -2.300e-04
  7713  +6.9904542417     14316  +6.9902343750  -2.199e-04
  7714  +6.9914205081     14318  +6.9912109375  -2.096e-04
  7715  +6.9923866410     14320  +6.9921875000  -1.991e-04
  7716  +6.9933526404     14322  +6.9931640625  -1.886e-04
  7717  +6.9943185064     14324  +6.9941406250  -1.779e-04
  7718  +6.9952842390     14326  +6.9951171875  -1.671e-04
  7719  +6.9962498383     14328  +6.9960937500  -1.561e-04
  7720  +6.9972153044     14330  +6.9970703125  -1.450e-04
  7721  +6.9981806373     14332  +6.9980468750  -1.338e-04
  7722  +6.9991458370     14334  +6.9990234375  -1.224e-04
  7723  +7.0001109036     14336  +7.0000000000  -1.109e-04
  7724  +7.0010758373     14338  +7.0009765625  -9.927e-05
  7725  +7.0020406379     14340  +7.0019531250  -8.751e-05
  7726  +7.0030053056     14342  +7.0029296875  -7.562e-05
  7727  +7.0039698405     14344  +7.0039062500  -6.359e-05
  7728  +7.0049342425     14346  +7.0048828125  -5.143e-05
  7729  +7.0058985118     14348  +7.0058593750  -3.914e-05
  7730  +7.0068626484     14350  +7.0068359375  -2.671e-05
  7731  +7.0078266524     14352  +7.0078125000  -1.415e-05
  7732  +7.0087905237     14354  +7.0087890625  -1.461e-06
  7733  +7.0097542625     14356  +7.0097656250  +1.136e-05
  7734  +7.0107178689     14358  +7.0107421875  +2.432e-05
  7735  +7.0116813428     14360  +7.0117187500  +3.741e-05
  7736  +7.0126446843     14362  +7.0126953125  +5.063e-05
  7737  +7.0136078935     14364  +7.0136718750  +6.398e-05
  7738  +7.0145709705     14366  +7.0146484375  +7.747e-05
  7739  +7.0155339152     14368  +7.0156250000  +9.108e-05
  7740  +7.0164967278     14370  +7.0166015625  +1.048e-04
  7741  +7.0174594083     14372  +7.0175781250  +1.187e-04
  7742  +7.0184219568     14374  +7.0185546875  +1.327e-04
  7743  +7.0193843732     14376  +7.0195312500  +1.469e-04
  7744  +7.0203466577     14378  +7.0205078125  +1.612e-04
  7745  +7.0213088104     14380  +7.0214843750  +1.756e-04
  7746  +7.0222708312     14382  +7.0224609375  +1.901e-04
  7747  +7.0232327202     14384  +7.0234375000  +2.048e-04
  7748  +7.0241944775     14386  +7.0244140625  +2.196e-04
  7749  +7.0251561032     14388  +7.0253906250  +2.345e-04
  7750  +7.0261175972     14389  +7.0258789062  -2.387e-04
  7751  +7.0270789597     14391  +7.0268554688  -2.235e-04
  7752  +7.0280401906     14393  +7.0278320312  -2.082e-04
  7753  +7.0290012901     14395  +7.0288085938  -1.927e-04
  7754  +7.0299622583     14397  +7.0297851562  -1.771e-04
  7755  +7.0309230950     14399  +7.0307617188  -1.614e-04
  7756  +7.0318838005     14401  +7.0317382812  -1.455e-04
  7757  +7.0328443748     14403  +7.0327148438  -1.295e-04
  7758  +7.0338048179     14405  +7.0336914062  -1.134e-04
  7759  +7.0347651298     14407  +7.0346679688  -9.716e-05
  7760  +7.0357253107     14409  +7.0356445312  -8.078e-05
  7761  +7.0366853605     14411  +7.0366210938  -6.427e-05
  7762  +7.0376452794     14413  +7.0375976562  -4.762e-05
  7763  +7.0386050674     14415  +7.0385742188  -3.085e-05
  7764  +7.0395647245     14417  +7.0395507812  -1.394e-05
  7765  +7.0405242508     14419  +7.0405273438  +3.093e-06
  7766  +7.0414836464     14421  +7.0415039062  +2.026e-05
  7767  +7.0424429112     14423  +7.0424804688  +3.756e-05
  7768  +7.0434020454     14425  +7.0434570312  +5.499e-05
  7769  +7.0443610491     14427  +7.0444335938  +7.254e-05
  7770  +7.0453199221     14429  +7.0454101562  +9.023e-05
  7771  +7.0462786647     14431  +7.0463867188  +1.081e-04
  7772  +7.0472372769     14433  +7.0473632812  +1.260e-04
  7773  +7.0481957587     14435  +7.0483398438  +1.441e-04
  7774  +7.0491541101     14437  +7.0493164062  +1.623e-04
  7775  +7.0501123313     14439  +7.0502929688  +1.806e-04
  7776  +7.0510704223     14441  +7.0512695312  +1.991e-04
  7777  +7.0520283831     14443  +7.0522460938  +2.177e-04
  7778  +7.0529862138     14445  +7.0532226562  +2.364e-04
  7779  +7.0539439144     14446  +7.0537109375  -2.330e-04
  7780  +7.0549014850     14448  +7.0546875000  -2.140e-04
  7781  +7.0558589257     14450  +7.0556640625  -1.949e-04
  7782  +7.0568162364     14452  +7.0566406250  -1.756e-04
  7783  +7.0577734173     14454  +7.0576171875  -1.562e-04
  7784  +7.0587304685     14456  +7.0585937500  -1.367e-04
  7785  +7.0596873898     14458  +7.0595703125  -1.171e-04
  7786  +7.0606441815     14460  +7.0605468750  -9.731e-05
  7787  +7.0616008435     14462  +7.0615234375  -7.741e-05
  7788  +7.0625573760     14464  +7.0625000000  -5.738e-05
  7789  +7.0635137789     14466  +7.0634765625  -3.722e-05
  7790  +7.0644700524     14468  +7.0644531250  -1.693e-05
  7791  +7.0654261964     14470  +7.0654296875  +3.491e-06
  7792  +7.0663822110     14472  +7.0664062500  +2.404e-05
  7793  +7.0673380964     14474  +7.0673828125  +4.472e-05
  7794  +7.0682938524     14476  +7.0683593750  +6.552e-05
  7795  +7.0692494793     14478  +7.0693359375  +8.646e-05
  7796  +7.0702049769     14480  +7.0703125000  +1.075e-04
  7797  +7.0711603455     14482  +7.0712890625  +1.287e-04
  7798  +7.0721155850     14484  +7.0722656250  +1.500e-04
  7799  +7.0730706955     14486  +7.0732421875  +1.715e-04
  7800  +7.0740256770     14488  +7.0742187500  +1.931e-04
  7801  +7.0749805296     14490  +7.0751953125  +2.148e-04
  7802  +7.0759352534     14492  +7.0761718750  +2.366e-04
  7803  +7.0768898484     14493  +7.0766601562  -2.297e-04
  7804  +7.0778443146     14495  +7.0776367188  -2.076e-04
  7805  +7.0787986522     14497  +7.0786132812  -1.854e-04
  7806  +7.0797528611     14499  +7.0795898438  -1.630e-04
  7807  +7.0807069414     14501  +7.0805664062  -1.405e-04
  7808  +7.0816608931     14503  +7.0815429688  -1.179e-04
  7809  +7.0826147164     14505  +7.0825195312  -9.519e-05
  7810  +7.0835684112     14507  +7.0834960938  -7.232e-05
  7811  +7.0845219777     14509  +7.0844726562  -4.932e-05
  7812  +7.0854754158     14511  +7.0854492188  -2.620e-05
  7813  +7.0864287257     14513  +7.0864257812  -2.944e-06
  7814  +7.0873819073     14515  +7.0874023438  +2.044e-05
  7815  +7.0883349607     14517  +7.0883789062  +4.395e-05
  7816  +7.0892878861     14519  +7.0893554688  +6.758e-05
  7817  +7.0902406833     14521  +7.0903320312  +9.135e-05
  7818  +7.0911933525     14523  +7.0913085938  +1.152e-04
  7819  +7.0921458938     14525  +7.0922851562  +1.393e-04
  7820  +7.0930983071     14527  +7.0932617188  +1.634e-04
  7821  +7.0940505926     14529  +7.0942382812  +1.877e-04
  7822  +7.0950027503     14531  +7.0952148438  +2.121e-04
  7823  +7.0959547802     14533  +7.0961914062  +2.366e-04
  7824  +7.0969066823     14534  +7.0966796875  -2.270e-04
  7825  +7.0978584569     14536  +7.0976562500  -2.022e-04
  7826  +7.0988101038     14538  +7.0986328125  -1.773e-04
  7827  +7.0997616231     14540  +7.0996093750  -1.522e-04
  7828  +7.1007130150     14542  +7.1005859375  -1.271e-04
  7829  +7.1016642794     14544  +7.1015625000  -1.018e-04
  7830  +7.1026154163     14546  +7.1025390625  -7.635e-05
  7831  +7.1035664260     14548  +7.1035156250  -5.080e-05
  7832  +7.1045173083     14550  +7.1044921875  -2.512e-05
  7833  +7.1054680634     14552  +7.1054687500  +6.866e-07
  7834  +7.1064186913     14554  +7.1064453125  +2.662e-05
  7835  +7.1073691920     14556  +7.1074218750  +5.268e-05
  7836  +7.1083195656     14558  +7.1083984375  +7.887e-05
  7837  +7.1092698122     14560  +7.1093750000  +1.052e-04
  7838  +7.1102199318     14562  +7.1103515625  +1.316e-04
  7839  +7.1111699245     14564  +7.1113281250  +1.582e-04
  7840  +7.1121197902     14566  +7.1123046875  +1.849e-04
  7841  +7.1130695291     14568  +7.1132812500  +2.117e-04
  7842  +7.1140191412     14570  +7.1142578125  +2.387e-04
  7843  +7.1149686266     14571  +7.1147460938  -2.225e-04
  7844  +7.1159179853     14573  +7.1157226562  -1.953e-04
  7845  +7.1168672173     14575  +7.1166992188  -1.680e-04
  7846  +7.1178163228     14577  +7.1176757812  -1.405e-04
  7847  +7.1187653017     14579  +7.1186523438  -1.130e-04
  7848  +7.1197141541     14581  +7.1196289062  -8.525e-05
  7849  +7.1206628801     14583  +7.1206054688  -5.741e-05
  7850  +7.1216114797     14585  +7.1215820312  -2.945e-05
  7851  +7.1225599530     14587  +7.1225585938  -1.359e-06
  7852  +7.1235083000     14589  +7.1235351562  +2.686e-05
  7853  +7.1244565207     14591  +7.1245117188  +5.520e-05
  7854  +7.1254046153     14593  +7.1254882812  +8.367e-05
  7855  +7.1263525837     14595  +7.1264648438  +1.123e-04
  7856  +7.1273004260     14597  +7.1274414062  +1.410e-04
  7857  +7.1282481423     14599  +7.1284179688  +1.698e-04
  7858  +7.1291957327     14601  +7.1293945312  +1.988e-04
  7859  +7.1301431970     14603  +7.1303710938  +2.279e-04
  7860  +7.1310905355     14604  +7.1308593750  -2.312e-04
  7861  +7.1320377482     14606  +7.1318359375  -2.018e-04
  7862  +7.1329848351     14608  +7.1328125000  -1.723e-04
  7863  +7.1339317962     14610  +7.1337890625  -1.427e-04
  7864  +7.1348786317     14612  +7.1347656250  -1.130e-04
  7865  +7.1358253415     14614  +7.1357421875  -8.315e-05
  7866  +7.1367719258     14616  +7.1367187500  -5.318e-05
  7867  +7.1377183845     14618  +7.1376953125  -2.307e-05
  7868  +7.1386647177     14620  +7.1386718750  +7.157e-06
  7869  +7.1396109255     14622  +7.1396484375  +3.751e-05
  7870  +7.1405570080     14624  +7.1406250000  +6.799e-05
  7871  +7.1415029650     14626  +7.1416015625  +9.860e-05
  7872  +7.1424487968     14628  +7.1425781250  +1.293e-04
  7873  +7.1433945034     14630  +7.1435546875  +1.602e-04
  7874  +7.1443400848     14632  +7.1445312500  +1.912e-04
  7875  +7.1452855410     14634  +7.1455078125  +2.223e-04
  7876  +7.1462308722     14635  +7.1459960938  -2.348e-04
  7877  +7.1471760783     14637  +7.1469726562  -2.034e-04
  7878  +7.1481211595     14639  +7.1479492188  -1.719e-04
  7879  +7.1490661157     14641  +7.1489257812  -1.403e-04
  7880  +7.1500109470     14643  +7.1499023438  -1.086e-04
  7881  +7.1509556535     14645  +7.1508789062  -7.675e-05
  7882  +7.1519002351     14647  +7.1518554688  -4.477e-05
  7883  +7.1528446921     14649  +7.1528320312  -1.266e-05
  7884  +7.1537890244     14651  +7.1538085938  +1.957e-05
  7885  +7.1547332320     14653  +7.1547851562  +5.192e-05
  7886  +7.1556773150     14655  +7.1557617188  +8.440e-05
  7887  +7.1566212735     14657  +7.1567382812  +1.170e-04
  7888  +7.1575651075     14659  +7.1577148438  +1.497e-04
  7889  +7.1585088171     14661  +7.1586914062  +1.826e-04
  7890  +7.1594524022     14663  +7.1596679688  +2.156e-04
  7891  +7.1603958630     14664  +7.1601562500  -2.396e-04
  7892  +7.1613391996     14666  +7.1611328125  -2.064e-04
  7893  +7.1622824119     14668  +7.1621093750  -1.730e-04
  7894  +7.1632254999     14670  +7.1630859375  -1.396e-04
  7895  +7.1641684639     14672  +7.1640625000  -1.060e-04
  7896  +7.1651113037     14674  +7.1650390625  -7.224e-05
  7897  +7.1660540195     14676  +7.1660156250  -3.839e-05
  7898  +7.1669966113     14678  +7.1669921875  -4.424e-06
  7899  +7.1679390791     14680  +7.1679687500  +2.967e-05
  7900  +7.1688814230     14682  +7.1689453125  +6.389e-05
  7901  +7.1698236431     14684  +7.1699218750  +9.823e-05
  7902  +7.1707657394     14686  +7.1708984375  +1.327e-04
  7903  +7.1717077119     14688  +7.1718750000  +1.673e-04
  7904  +7.1726495607     14690  +7.1728515625  +2.020e-04
  7905  +7.1735912859     14692  +7.1738281250  +2.368e-04
  7906  +7.1745328874     14693  +7.1743164062  -2.165e-04
  7907  +7.1754743654     14695  +7.1752929688  -1.814e-04
  7908  +7.1764157198     14697  +7.1762695312  -1.462e-04
  7909  +7.1773569508     14699  +7.1772460938  -1.109e-04
  7910  +7.1782980584     14701  +7.1782226562  -7.540e-05
  7911  +7.1792390426     14703  +7.1791992188  -3.982e-05
  7912  +7.1801799035     14705  +7.1801757812  -4.122e-06
  7913  +7.1811206412     14707  +7.1811523438  +3.170e-05
  7914  +7.1820612556     14709  +7.1821289062  +6.765e-05
  7915  +7.1830017468     14711  +7.1831054688  +1.037e-04
  7916  +7.1839421149     14713  +7.1840820312  +1.399e-04
  7917  +7.1848823599     14715  +7.1850585938  +1.762e-04
  7918  +7.1858224819     14717  +7.1860351562  +2.127e-04
  7919  +7.1867624810     14718  +7.1865234375  -2.390e-04
  7920  +7.1877023570     14720  +7.1875000000  -2.024e-04
  7921  +7.1886421102     14722  +7.1884765625  -1.655e-04
  7922  +7.1895817406     14724  +7.1894531250  -1.286e-04
  7923  +7.1905212482     14726  +7.1904296875  -9.156e-05
  7924  +7.1914606330     14728  +7.1914062500  -5.438e-05
  7925  +7.1923998952     14730  +7.1923828125  -1.708e-05
  7926  +7.1933390347     14732  +7.1933593750  +2.034e-05
  7927  +7.1942780516     14734  +7.1943359375  +5.789e-05
  7928  +7.1952169460     14736  +7.1953125000  +9.555e-05
  7929  +7.1961557178     14738  +7.1962890625  +1.333e-04
  7930  +7.1970943673     14740  +7.1972656250  +1.713e-04
  7931  +7.1980328943     14742  +7.1982421875  +2.093e-04
  7932  +7.1989712989     14743  +7.1987304688  -2.408e-04
  7933  +7.1999095813     14745  +7.1997070312  -2.026e-04
  7934  +7.2008477414     14747  +7.2006835938  -1.641e-04
  7935  +7.2017857793     14749  +7.2016601562  -1.256e-04
  7936  +7.2027236950     14751  +7.2026367188  -8.698e-05
  7937  +7.2036614886     14753  +7.2036132812  -4.821e-05
  7938  +7.2045991601     14755  +7.2045898438  -9.316e-06
  7939  +7.2055367096     14757  +7.2055664062  +2.970e-05
  7940  +7.2064741371     14759  +7.2065429688  +6.883e-05
  7941  +7.2074114427     14761  +7.2075195312  +1.081e-04
  7942  +7.2083486265     14763  +7.2084960938  +1.475e-04
  7943  +7.2092856884     14765  +7.2094726562  +1.870e-04
  7944  +7.2102226285     14767  +7.2104492188  +2.266e-04
  7945  +7.2111594469     14768  +7.2109375000  -2.219e-04
  7946  +7.2120961436     14770  +7.2119140625  -1.821e-04
  7947  +7.2130327186     14772  +7.2128906250  -1.421e-04
  7948  +7.2139691721     14774  +7.2138671875  -1.020e-04
  7949  +7.2149055040     14776  +7.2148437500  -6.175e-05
  7950  +7.2158417144     14778  +7.2158203125  -2.140e-05
  7951  +7.2167778033     14780  +7.2167968750  +1.907e-05
  7952  +7.2177137709     14782  +7.2177734375  +5.967e-05
  7953  +7.2186496171     14784  +7.2187500000  +1.004e-04
  7954  +7.2195853420     14786  +7.2197265625  +1.412e-04
  7955  +7.2205209456     14788  +7.2207031250  +1.822e-04
  7956  +7.2214564280     14790  +7.2216796875  +2.233e-04
  7957  +7.2223917893     14791  +7.2221679688  -2.238e-04
  7958  +7.2233270294     14793  +7.2231445312  -1.825e-04
  7959  +7.2242621484     14795  +7.2241210938  -1.411e-04
  7960  +7.2251971464     14797  +7.2250976562  -9.949e-05
  7961  +7.2261320235     14799  +7.2260742188  -5.780e-05
  7962  +7.2270667796     14801  +7.2270507812  -1.600e-05
  7963  +7.2280014148     14803  +7.2280273438  +2.593e-05
  7964  +7.2289359292     14805  +7.2290039062  +6.798e-05
  7965  +7.2298703228     14807  +7.2299804688  +1.101e-04
  7966  +7.2308045956     14809  +7.2309570312  +1.524e-04
  7967  +7.2317387477     14811  +7.2319335938  +1.948e-04
  7968  +7.2326727792     14813  +7.2329101562  +2.374e-04
  7969  +7.2336066901     14814  +7.2333984375  -2.083e-04
  7970  +7.2345404804     14816  +7.2343750000  -1.655e-04
  7971  +7.2354741502     14818  +7.2353515625  -1.226e-04
  7972  +7.2364076996     14820  +7.2363281250  -7.957e-05
  7973  +7.2373411285     14822  +7.2373046875  -3.644e-05
  7974  +7.2382744370     14824  +7.2382812500  +6.813e-06
  7975  +7.2392076253     14826  +7.2392578125  +5.019e-05
  7976  +7.2401406932     14828  +7.2402343750  +9.368e-05
  7977  +7.2410736409     14830  +7.2412109375  +1.373e-04
  7978  +7.2420064685     14832  +7.2421875000  +1.810e-04
  7979  +7.2429391758     14834  +7.2431640625  +2.249e-04
  7980  +7.2438717631     14835  +7.2436523438  -2.194e-04
  7981  +7.2448042304     14837  +7.2446289062  -1.753e-04
  7982  +7.2457365776     14839  +7.2456054688  -1.311e-04
  7983  +7.2466688049     14841  +7.2465820312  -8.677e-05
  7984  +7.2476009123     14843  +7.2475585938  -4.232e-05
  7985  +7.2485328998     14845  +7.2485351562  +2.256e-06
  7986  +7.2494647675     14847  +7.2495117188  +4.695e-05
  7987  +7.2503965154     14849  +7.2504882812  +9.177e-05
  7988  +7.2513281437     14851  +7.2514648438  +1.367e-04
  7989  +7.2522596522     14853  +7.2524414062  +1.818e-04
  7990  +7.2531910411     14855  +7.2534179688  +2.269e-04
  7991  +7.2541223104     14856  +7.2539062500  -2.161e-04
  7992  +7.2550534602     14858  +7.2548828125  -1.706e-04
  7993  +7.2559844905     14860  +7.2558593750  -1.251e-04
  7994  +7.2569154013     14862  +7.2568359375  -7.946e-05
  7995  +7.2578461927     14864  +7.2578125000  -3.369e-05
  7996  +7.2587768648     14866  +7.2587890625  +1.220e-05
  7997  +7.2597074176     14868  +7.2597656250  +5.821e-05
  7998  +7.2606378511     14870  +7.2607421875  +1.043e-04
  7999  +7.2615681654     14872  +7.2617187500  +1.506e-04
  8000  +7.2624983605     14874  +7.2626953125  +1.970e-04
  8001  +7.2634284365     14876  +7.2636718750  +2.434e-04
  8002  +7.2643583934     14877  +7.2641601562  -1.982e-04
  8003  +7.2652882313     14879  +7.2651367188  -1.515e-04
  8004  +7.2662179502     14881  +7.2661132812  -1.047e-04
  8005  +7.2671475501     14883  +7.2670898438  -5.771e-05
  8006  +7.2680770312     14885  +7.2680664062  -1.062e-05
  8007  +7.2690063934     14887  +7.2690429688  +3.658e-05
  8008  +7.2699356368     14889  +7.2700195312  +8.389e-05
  8009  +7.2708647614     14891  +7.2709960938  +1.313e-04
  8010  +7.2717937673     14893  +7.2719726562  +1.789e-04
  8011  +7.2727226546     14895  +7.2729492188  +2.266e-04
  8012  +7.2736514232     14896  +7.2734375000  -2.139e-04
  8013  +7.2745800732     14898  +7.2744140625  -1.660e-04
  8014  +7.2755086047     14900  +7.2753906250  -1.180e-04
  8015  +7.2764370177     14902  +7.2763671875  -6.983e-05
  8016  +7.2773653123     14904  +7.2773437500  -2.156e-05
  8017  +7.2782934885     14906  +7.2783203125  +2.682e-05
  8018  +7.2792215463     14908  +7.2792968750  +7.533e-05
  8019  +7.2801494859     14910  +7.2802734375  +1.240e-04
  8020  +7.2810773071     14912  +7.2812500000  +1.727e-04
  8021  +7.2820050102     14914  +7.2822265625  +2.216e-04
  8022  +7.2829325950     14915  +7.2827148438  -2.178e-04
  8023  +7.2838600618     14917  +7.2836914062  -1.687e-04
  8024  +7.2847874104     14919  +7.2846679688  -1.194e-04
  8025  +7.2857146411     14921  +7.2856445312  -7.011e-05
  8026  +7.2866417537     14923  +7.2866210938  -2.066e-05
  8027  +7.2875687484     14925  +7.2875976562  +2.891e-05
  8028  +7.2884956252     14927  +7.2885742188  +7.859e-05
  8029  +7.2894223841     14929  +7.2895507812  +1.284e-04
  8030  +7.2903490253     14931  +7.2905273438  +1.783e-04
  8031  +7.2912755486     14933  +7.2915039062  +2.284e-04
  8032  +7.2922019543     14934  +7.2919921875  -2.098e-04
  8033  +7.2931282422     14936  +7.2929687500  -1.595e-04
  8034  +7.2940544126     14938  +7.2939453125  -1.091e-04
  8035  +7.2949804653     14940  +7.2949218750  -5.859e-05
  8036  +7.2959064005     14942  +7.2958984375  -7.963e-06
  8037  +7.2968322182     14944  +7.2968750000  +4.278e-05
  8038  +7.2977579185     14946  +7.2978515625  +9.364e-05
  8039  +7.2986835013     14948  +7.2988281250  +1.446e-04
  8040  +7.2996089668     14950  +7.2998046875  +1.957e-04
  8041  +7.3005343150     14951  +7.3002929688  -2.413e-04
  8042  +7.3014595458     14953  +7.3012695312  -1.900e-04
  8043  +7.3023846595     14955  +7.3022460938  -1.386e-04
  8044  +7.3033096560     14957  +7.3032226562  -8.700e-05
  8045  +7.3042345353     14959  +7.3041992188  -3.532e-05
  8046  +7.3051592976     14961  +7.3051757812  +1.648e-05
  8047  +7.3060839427     14963  +7.3061523438  +6.840e-05
  8048  +7.3070084709     14965  +7.3071289062  +1.204e-04
  8049  +7.3079328822     14967  +7.3081054688  +1.726e-04
  8050  +7.3088571765     14969  +7.3090820312  +2.249e-04
  8051  +7.3097813539     14970  +7.3095703125  -2.110e-04
  8052  +7.3107054145     14972  +7.3105468750  -1.585e-04
  8053  +7.3116293583     14974  +7.3115234375  -1.059e-04
  8054  +7.3125531854     14976  +7.3125000000  -5.319e-05
  8055  +7.3134768958     14978  +7.3134765625  -3.333e-07
  8056  +7.3144004895     14980  +7.3144531250  +5.264e-05
  8057  +7.3153239666     14982  +7.3154296875  +1.057e-04
  8058  +7.3162473272     14984  +7.3164062500  +1.589e-04
  8059  +7.3171705712     14986  +7.3173828125  +2.122e-04
  8060  +7.3180936988     14987  +7.3178710938  -2.226e-04
  8061  +7.3190167099     14989  +7.3188476562  -1.691e-04
  8062  +7.3199396046     14991  +7.3198242188  -1.154e-04
  8063  +7.3208623830     14993  +7.3208007812  -6.160e-05
  8064  +7.3217850451     14995  +7.3217773438  -7.701e-06
  8065  +7.3227075910     14997  +7.3227539062  +4.632e-05
  8066  +7.3236300206     14999  +7.3237304688  +1.004e-04
  8067  +7.3245523341     15001  +7.3247070312  +1.547e-04
  8068  +7.3254745314     15003  +7.3256835938  +2.091e-04
  8069  +7.3263966126     15004  +7.3261718750  -2.247e-04
  8070  +7.3273185779     15006  +7.3271484375  -1.701e-04
  8071  +7.3282404271     15008  +7.3281250000  -1.154e-04
  8072  +7.3291621604     15010  +7.3291015625  -6.060e-05
  8073  +7.3300837778     15012  +7.3300781250  -5.653e-06
  8074  +7.3310052793     15014  +7.3310546875  +4.941e-05
  8075  +7.3319266650     15016  +7.3320312500  +1.046e-04
  8076  +7.3328479349     15018  +7.3330078125  +1.599e-04
  8077  +7.3337690891     15020  +7.3339843750  +2.153e-04
  8078  +7.3346901276     15021  +7.3344726562  -2.175e-04
  8079  +7.3356110505     15023  +7.3354492188  -1.618e-04
  8080  +7.3365318577     15025  +7.3364257812  -1.061e-04
  8081  +7.3374525494     15027  +7.3374023438  -5.021e-05
  8082  +7.3383731256     15029  +7.3383789062  +5.781e-06
  8083  +7.3392935864     15031  +7.3393554688  +6.188e-05
  8084  +7.3402139317     15033  +7.3403320312  +1.181e-04
  8085  +7.3411341616     15035  +7.3413085938  +1.744e-04
  8086  +7.3420542762     15037  +7.3422851562  +2.309e-04
  8087  +7.3429742755     15038  +7.3427734375  -2.008e-04
  8088  +7.3438941595     15040  +7.3437500000  -1.442e-04
  8089  +7.3448139283     15042  +7.3447265625  -8.737e-05
  8090  +7.3457335820     15044  +7.3457031250  -3.046e-05
  8091  +7.3466531205     15046  +7.3466796875  +2.657e-05
  8092  +7.3475725440     15048  +7.3476562500  +8.371e-05
  8093  +7.3484918524     15050  +7.3486328125  +1.410e-04
  8094  +7.3494110458     15052  +7.3496093750  +1.983e-04
  8095  +7.3503301243     15053  +7.3500976562  -2.325e-04
  8096  +7.3512490879     15055  +7.3510742188  -1.749e-04
  8097  +7.3521679366     15057  +7.3520507812  -1.172e-04
  8098  +7.3530866705     15059  +7.3530273438  -5.933e-05
  8099  +7.3540052896     15061  +7.3540039062  -1.383e-06
  8100  +7.3549237940     15063  +7.3549804688  +5.667e-05
  8101  +7.3558421837     15065  +7.3559570312  +1.148e-04
  8102  +7.3567604587     15067  +7.3569335938  +1.731e-04
  8103  +7.3576786191     15069  +7.3579101562  +2.315e-04
  8104  +7.3585966650     15070  +7.3583984375  -1.982e-04
  8105  +7.3595145964     15072  +7.3593750000  -1.396e-04
  8106  +7.3604324132     15074  +7.3603515625  -8.085e-05
  8107  +7.3613501157     15076  +7.3613281250  -2.199e-05
  8108  +7.3622677037     15078  +7.3623046875  +3.698e-05
  8109  +7.3631851774     15080  +7.3632812500  +9.607e-05
  8110  +7.3641025368     15082  +7.3642578125  +1.553e-04
  8111  +7.3650197820     15084  +7.3652343750  +2.146e-04
  8112  +7.3659369129     15085  +7.3657226562  -2.143e-04
  8113  +7.3668539296     15087  +7.3666992188  -1.547e-04
  8114  +7.3677708322     15089  +7.3676757812  -9.505e-05
  8115  +7.3686876207     15091  +7.3686523438  -3.528e-05
  8116  +7.3696042952     15093  +7.3696289062  +2.461e-05
  8117  +7.3705208557     15095  +7.3706054688  +8.461e-05
  8118  +7.3714373021     15097  +7.3715820312  +1.447e-04
  8119  +7.3723536347     15099  +7.3725585938  +2.050e-04
  8120  +7.3732698534     15100  +7.3730468750  -2.230e-04
  8121  +7.3741859582     15102  +7.3740234375  -1.625e-04
  8122  +7.3751019493     15104  +7.3750000000  -1.019e-04
  8123  +7.3760178266     15106  +7.3759765625  -4.126e-05
  8124  +7.3769335902     15108  +7.3769531250  +1.953e-05
  8125  +7.3778492401     15110  +7.3779296875  +8.045e-05
  8126  +7.3787647764     15112  +7.3789062500  +1.415e-04
  8127  +7.3796801991     15114  +7.3798828125  +2.026e-04
  8128  +7.3805955083     15115  +7.3803710938  -2.244e-04
  8129  +7.3815107040     15117  +7.3813476562  -1.630e-04
  8130  +7.3824257862     15119  +7.3823242188  -1.016e-04
  8131  +7.3833407550     15121  +7.3833007812  -3.997e-05
  8132  +7.3842556105     15123  +7.3842773438  +2.173e-05
  8133  +7.3851703526     15125  +7.3852539062  +8.355e-05
  8134  +7.3860849814     15127  +7.3862304688  +1.455e-04
  8135  +7.3869994969     15129  +7.3872070312  +2.075e-04
  8136  +7.3879138993     15130  +7.3876953125  -2.186e-04
  8137  +7.3888281885     15132  +7.3886718750  -1.563e-04
  8138  +7.3897423646     15134  +7.3896484375  -9.393e-05
  8139  +7.3906564276     15136  +7.3906250000  -3.143e-05
  8140  +7.3915703776     15138  +7.3916015625  +3.118e-05
  8141  +7.3924842146     15140  +7.3925781250  +9.391e-05
  8142  +7.3933979386     15142  +7.3935546875  +1.567e-04
  8143  +7.3943115497     15144  +7.3945312500  +2.197e-04
  8144  +7.3952250480     15145  +7.3950195312  -2.055e-04
  8145  +7.3961384334     15147  +7.3959960938  -1.423e-04
  8146  +7.3970517060     15149  +7.3969726562  -7.905e-05
  8147  +7.3979648659     15151  +7.3979492188  -1.565e-05
  8148  +7.3988779131     15153  +7.3989257812  +4.787e-05
  8149  +7.3997908476     15155  +7.3999023438  +1.115e-04
  8150  +7.4007036696     15157  +7.4008789062  +1.752e-04
  8151  +7.4016163789     15159  +7.4018554688  +2.391e-04
  8152  +7.4025289757     15160  +7.4023437500  -1.852e-04
  8153  +7.4034414600     15162  +7.4033203125  -1.211e-04
  8154  +7.4043538319     15164  +7.4042968750  -5.696e-05
  8155  +7.4052660913     15166  +7.4052734375  +7.346e-06
  8156  +7.4061782384     15168  +7.4062500000  +7.176e-05
  8157  +7.4070902732     15170  +7.4072265625  +1.363e-04
  8158  +7.4080021957     15172  +7.4082031250  +2.009e-04
  8159  +7.4089140059     15173  +7.4086914062  -2.226e-04
  8160  +7.4098257039     15175  +7.4096679688  -1.577e-04
  8161  +7.4107372898     15177  +7.4106445312  -9.276e-05
  8162  +7.4116487635     15179  +7.4116210938  -2.767e-05
  8163  +7.4125601252     15181  +7.4125976562  +3.753e-05
  8164  +7.4134713748     15183  +7.4135742188  +1.028e-04
  8165  +7.4143825125     15185  +7.4145507812  +1.683e-04
  8166  +7.4152935382     15187  +7.4155273438  +2.338e-04
  8167  +7.4162044519     15188  +7.4160156250  -1.888e-04
  8168  +7.4171152538     15190  +7.4169921875  -1.231e-04
  8169  +7.4180259439     15192  +7.4179687500  -5.719e-05
  8170  +7.4189365222     15194  +7.4189453125  +8.790e-06
  8171  +7.4198469887     15196  +7.4199218750  +7.489e-05
  8172  +7.4207573436     15198  +7.4208984375  +1.411e-04
  8173  +7.4216675867     15200  +7.4218750000  +2.074e-04
  8174  +7.4225777183     15201  +7.4223632812  -2.144e-04
  8175  +7.4234877382     15203  +7.4233398438  -1.479e-04
  8176  +7.4243976466     15205  +7.4243164062  -8.124e-05
  8177  +7.4253074435     15207  +7.4252929688  -1.447e-05
  8178  +7.4262171290     15209  +7.4262695312  +5.240e-05
  8179  +7.4271267030     15211  +7.4272460938  +1.194e-04
  8180  +7.4280361657     15213  +7.4282226562  +1.865e-04
  8181  +7.4289455170     15214  +7.4287109375  -2.346e-04
  8182  +7.4298547570     15216  +7.4296875000  -1.673e-04
  8183  +7.4307638857     15218  +7.4306640625  -9.982e-05
  8184  +7.4316729033     15220  +7.4316406250  -3.228e-05
  8185  +7.4325818097     15222  +7.4326171875  +3.538e-05
  8186  +7.4334906049     15224  +7.4335937500  +1.031e-04
  8187  +7.4343992890     15226  +7.4345703125  +1.710e-04
  8188  +7.4353078621     15228  +7.4355468750  +2.390e-04
  8189  +7.4362163242     15229  +7.4360351562  -1.812e-04
  8190  +7.4371246753     15231  +7.4370117188  -1.130e-04
  8191  +7.4380329155     15233  +7.4379882812  -4.463e-05
  8192  +0.2132445397       437  +0.2133789062  +1.344e-04
  8193  +0.2132445397       437  +0.2133789062  +1.344e-04
  8194  +0.2132445397       437  +0.2133789062  +1.344e-04
  8195  +0.2308721684       473  +0.2309570312  +8.486e-05
  8196  +0.2665882171       546  +0.2666015625  +1.335e-05
  8197  +0.2980546877       610  +0.2978515625  -2.031e-04
  8198  +0.3265025517       669  +0.3266601562  +1.576e-04
  8199  +0.3526630625       722  +0.3525390625  -1.240e-04
  8200  +0.3770126722       772  +0.3769531250  -5.955e-05
  8201  +0.3998823257       819  +0.3999023438  +2.002e-05
  8202  +0.4215129817       863  +0.4213867188  -1.263e-04
  8203  +0.4420865449       905  +0.4418945312  -1.920e-04
  8204  +0.4617443368       946  +0.4619140625  +1.697e-04
  8205  +0.4805987431       984  +0.4804687500  -1.300e-04
  8206  +0.4987408859      1021  +0.4985351562  -2.057e-04
  8207  +0.5162458626      1057  +0.5161132812  -1.326e-04
  8208  +0.5331764343      1092  +0.5332031250  +2.669e-05
  8209  +0.5495856889      1126  +0.5498046875  +2.190e-04
  8210  +0.5655190083      1158  +0.5654296875  -8.932e-05
  8211  +0.5810155490      1190  +0.5810546875  +3.914e-05
  8212  +0.5961093755      1221  +0.5961914062  +8.203e-05
  8213  +0.6108303422      1251  +0.6108398438  +9.502e-06
  8214  +0.6252047875      1280  +0.6250000000  -2.048e-04
  8215  +0.6392560877      1309  +0.6391601562  -9.593e-05
  8216  +0.6530051034      1337  +0.6528320312  -1.731e-04
  8217  +0.6664705428      1365  +0.6665039062  +3.336e-05
  8218  +0.6796692606      1392  +0.6796875000  +1.824e-05
  8219  +0.6926165051      1418  +0.6923828125  -2.337e-04
  8220  +0.7053261250      1445  +0.7055664062  +2.403e-04
  8221  +0.7178107424      1470  +0.7177734375  -3.730e-05
  8222  +0.7300819004      1495  +0.7299804688  -1.014e-04
  8223  +0.7421501874      1520  +0.7421875000  +3.731e-05
  8224  +0.7540253445      1544  +0.7539062500  -1.191e-04
  8225  +0.7657163571      1568  +0.7656250000  -9.136e-05
  8226  +0.7772315349      1592  +0.7773437500  +1.122e-04
  8227  +0.7885785809      1615  +0.7885742188  -4.362e-06
  8228  +0.7997646514      1638  +0.7998046875  +4.004e-05
  8229  +0.8107964091      1661  +0.8110351562  +2.387e-04
  8230  +0.8216800693      1683  +0.8217773438  +9.727e-05
  8231  +0.8324214412      1705  +0.8325195312  +9.809e-05
  8232  +0.8430259635      1727  +0.8432617188  +2.358e-04
  8233  +0.8534987373      1748  +0.8535156250  +1.689e-05
  8234  +0.8638445542      1769  +0.8637695312  -7.502e-05
  8235  +0.8740679226      1790  +0.8740234375  -4.449e-05
  8236  +0.8841730897      1811  +0.8842773438  +1.043e-04
  8237  +0.8941640632      1831  +0.8940429688  -1.211e-04
  8238  +0.9040446291      1851  +0.9038085938  -2.360e-04
  8239  +0.9138183686      1872  +0.9140625000  +2.441e-04
  8240  +0.9234886735      1891  +0.9233398438  -1.488e-04
  8241  +0.9330587599      1911  +0.9331054688  +4.671e-05
  8242  +0.9425316806      1930  +0.9423828125  -1.489e-04
  8243  +0.9519103363      1950  +0.9521484375  +2.381e-04
  8244  +0.9611974863      1969  +0.9614257812  +2.283e-04
  8245  +0.9703957579      1987  +0.9702148438  -1.809e-04
  8246  +0.9795076551      2006  +0.9794921875  -1.547e-05
  8247  +0.9885355663      2025  +0.9887695312  +2.340e-04
  8248  +0.9974817718      2043  +0.9975585938  +7.682e-05
  8249  +1.0063484509      2061  +1.0063476562  -7.946e-07
  8250  +1.0151376872      2079  +1.0151367188  -9.684e-07
  8251  +1.0238514752      2097  +1.0239257812  +7.431e-05
  8252  +1.0324917252      2115  +1.0327148438  +2.231e-04
  8253  +1.0410602682      2132  +1.0410156250  -4.464e-05
  8254  +1.0495588604      2149  +1.0493164062  -2.425e-04
  8255  +1.0579891875      2167  +1.0581054688  +1.163e-04
  8256  +1.0663528685      2184  +1.0664062500  +5.338e-05
  8257  +1.0746514596      2201  +1.0747070312  +5.557e-05
  8258  +1.0828864571      2218  +1.0830078125  +1.214e-04
  8259  +1.0910593010      2234  +1.0908203125  -2.390e-04
  8260  +1.0991713778      2251  +1.0991210938  -5.028e-05
  8261  +1.1072240230      2268  +1.1074218750  +1.979e-04
  8262  +1.1152185241      2284  +1.1152343750  +1.585e-05
  8263  +1.1231561226      2300  +1.1230468750  -1.092e-04
  8264  +1.1310380167      2316  +1.1308593750  -1.786e-04
  8265  +1.1388653628      2332  +1.1386718750  -1.935e-04
  8266  +1.1466392780      2348  +1.1464843750  -1.549e-04
  8267  +1.1543608419      2364  +1.1542968750  -6.397e-05
  8268  +1.1620310980      2380  +1.1621093750  +7.828e-05
  8269  +1.1696510557      2395  +1.1694335938  -2.175e-04
  8270  +1.1772216917      2411  +1.1772460938  +2.440e-05
  8271  +1.1847439516      2426  +1.1845703125  -1.736e-04
  8272  +1.1922187510      2442  +1.1923828125  +1.641e-04
  8273  +1.1996469771      2457  +1.1997070312  +6.005e-05
  8274  +1.2070294897      2472  +1.2070312500  +1.760e-06
  8275  +1.2143671226      2487  +1.2143554688  -1.165e-05
  8276  +1.2216606844      2502  +1.2216796875  +1.900e-05
  8277  +1.2289109598      2517  +1.2290039062  +9.295e-05
  8278  +1.2361187105      2532  +1.2363281250  +2.094e-04
  8279  +1.2432846761      2546  +1.2431640625  -1.206e-04
  8280  +1.2504095750      2561  +1.2504882812  +7.871e-05
  8281  +1.2574941052      2575  +1.2573242188  -1.699e-04
  8282  +1.2645389452      2590  +1.2646484375  +1.095e-04
  8283  +1.2715447548      2604  +1.2714843750  -6.038e-05
  8284  +1.2785121754      2618  +1.2783203125  -1.919e-04
  8285  +1.2854418315      2633  +1.2856445312  +2.027e-04
  8286  +1.2923343304      2647  +1.2924804688  +1.461e-04
  8287  +1.2991902635      2661  +1.2993164062  +1.261e-04
  8288  +1.3060102068      2675  +1.3061523438  +1.421e-04
  8289  +1.3127947211      2689  +1.3129882812  +1.936e-04
  8290  +1.3195443528      2702  +1.3193359375  -2.084e-04
  8291  +1.3262596346      2716  +1.3261718750  -8.776e-05
  8292  +1.3329410856      2730  +1.3330078125  +6.673e-05
  8293  +1.3395892121      2743  +1.3393554688  -2.337e-04
  8294  +1.3462045077      2757  +1.3461914062  -1.310e-05
  8295  +1.3527874541      2771  +1.3530273438  +2.399e-04
  8296  +1.3593385212      2784  +1.3593750000  +3.648e-05
  8297  +1.3658581678      2797  +1.3657226562  -1.355e-04
  8298  +1.3723468417      2811  +1.3725585938  +2.118e-04
  8299  +1.3788049802      2824  +1.3789062500  +1.013e-04
  8300  +1.3852330103      2837  +1.3852539062  +2.090e-05
  8301  +1.3916313492      2850  +1.3916015625  -2.979e-05
  8302  +1.3980004047      2863  +1.3979492188  -5.119e-05
  8303  +1.4043405751      2876  +1.4042968750  -4.370e-05
  8304  +1.4106522500      2889  +1.4106445312  -7.719e-06
  8305  +1.4169358100      2902  +1.4169921875  +5.638e-05
  8306  +1.4231916277      2915  +1.4233398438  +1.482e-04
  8307  +1.4294200672      2927  +1.4291992188  -2.208e-04
  8308  +1.4356214849      2940  +1.4355468750  -7.461e-05
  8309  +1.4417962294      2953  +1.4418945312  +9.830e-05
  8310  +1.4479446421      2965  +1.4477539062  -1.907e-04
  8311  +1.4540670569      2978  +1.4541015625  +3.451e-05
  8312  +1.4601638009      2990  +1.4599609375  -2.029e-04
  8313  +1.4662351942      3003  +1.4663085938  +7.340e-05
  8314  +1.4722815506      3015  +1.4721679688  -1.136e-04
  8315  +1.4783031771      3028  +1.4785156250  +2.124e-04
  8316  +1.4843003749      3040  +1.4843750000  +7.463e-05
  8317  +1.4902734387      3052  +1.4902343750  -3.906e-05
  8318  +1.4962226578      3064  +1.4960937500  -1.289e-04
  8319  +1.5021483152      3076  +1.5019531250  -1.952e-04
  8320  +1.5080506889      3088  +1.5078125000  -2.382e-04
  8321  +1.5139300511      3101  +1.5141601562  +2.301e-04
  8322  +1.5197866689      3113  +1.5200195312  +2.329e-04
  8323  +1.5256208043      3124  +1.5253906250  -2.302e-04
  8324  +1.5314327141      3136  +1.5312500000  -1.827e-04
  8325  +1.5372226505      3148  +1.5371093750  -1.133e-04
  8326  +1.5429908608      3160  +1.5429687500  -2.211e-05
  8327  +1.5487375878      3172  +1.5488281250  +9.054e-05
  8328  +1.5544630698      3184  +1.5546875000  +2.244e-04
  8329  +1.5601675406      3195  +1.5600585938  -1.089e-04
  8330  +1.5658512299      3207  +1.5659179688  +6.674e-05
  8331  +1.5715143631      3218  +1.5712890625  -2.253e-04
  8332  +1.5771571618      3230  +1.5771484375  -8.724e-06
  8333  +1.5827798433      3242  +1.5830078125  +2.280e-04
  8334  +1.5883826213      3253  +1.5883789062  -3.715e-06
  8335  +1.5939657057      3264  +1.5937500000  -2.157e-04
  8336  +1.5995293028      3276  +1.5996093750  +8.007e-05
  8337  +1.6050736151      3287  +1.6049804688  -9.315e-05
  8338  +1.6105988418      3299  +1.6108398438  +2.410e-04
  8339  +1.6161051787      3310  +1.6162109375  +1.058e-04
  8340  +1.6215928182      3321  +1.6215820312  -1.079e-05
  8341  +1.6270619494      3332  +1.6269531250  -1.088e-04
  8342  +1.6325127585      3343  +1.6323242188  -1.885e-04
  8343  +1.6379454283      3355  +1.6381835938  +2.382e-04
  8344  +1.6433601387      3366  +1.6435546875  +1.945e-04
  8345  +1.6487570666      3377  +1.6489257812  +1.687e-04
  8346  +1.6541363862      3388  +1.6542968750  +1.605e-04
  8347  +1.6594982686      3399  +1.6596679688  +1.697e-04
  8348  +1.6648428824      3410  +1.6650390625  +1.962e-04
  8349  +1.6701703932      3421  +1.6704101562  +2.398e-04
  8350  +1.6754809643      3431  +1.6752929688  -1.880e-04
  8351  +1.6807747562      3442  +1.6806640625  -1.107e-04
  8352  +1.6860519270      3453  +1.6860351562  -1.677e-05
  8353  +1.6913126322      3464  +1.6914062500  +9.362e-05
  8354  +1.6965570250      3475  +1.6967773438  +2.203e-04
  8355  +1.7017852563      3485  +1.7016601562  -1.251e-04
  8356  +1.7069974745      3496  +1.7070312500  +3.378e-05
  8357  +1.7121938259      3507  +1.7124023438  +2.085e-04
  8358  +1.7173744544      3517  +1.7172851562  -8.930e-05
  8359  +1.7225395020      3528  +1.7226562500  +1.167e-04
  8360  +1.7276891085      3538  +1.7275390625  -1.500e-04
  8361  +1.7328234113      3549  +1.7329101562  +8.674e-05
  8362  +1.7379425463      3559  +1.7377929688  -1.496e-04
  8363  +1.7430466470      3570  +1.7431640625  +1.174e-04
  8364  +1.7481358451      3580  +1.7480468750  -8.897e-05
  8365  +1.7532102704      3591  +1.7534179688  +2.077e-04
  8366  +1.7582700509      3601  +1.7583007812  +3.073e-05
  8367  +1.7633153124      3611  +1.7631835938  -1.317e-04
  8368  +1.7683461795      3622  +1.7685546875  +2.085e-04
  8369  +1.7733627745      3632  +1.7734375000  +7.473e-05
  8370  +1.7783652182      3642  +1.7783203125  -4.491e-05
  8371  +1.7833536297      3652  +1.7832031250  -1.505e-04
  8372  +1.7883281265      3662  +1.7880859375  -2.422e-04
  8373  +1.7932888243      3673  +1.7934570312  +1.682e-04
  8374  +1.7982358374      3683  +1.7983398438  +1.040e-04
  8375  +1.8031692783      3693  +1.8032226562  +5.338e-05
  8376  +1.8080892582      3703  +1.8081054688  +1.621e-05
  8377  +1.8129958866      3713  +1.8129882812  -7.605e-06
  8378  +1.8178892717      3723  +1.8178710938  -1.818e-05
  8379  +1.8227695202      3733  +1.8227539062  -1.561e-05
  8380  +1.8276367372      3743  +1.8276367188  -1.841e-08
  8381  +1.8324910266      3753  +1.8325195312  +2.850e-05
  8382  +1.8373324908      3763  +1.8374023438  +6.985e-05
  8383  +1.8421612310      3773  +1.8422851562  +1.239e-04
  8384  +1.8469773471      3783  +1.8471679688  +1.906e-04
  8385  +1.8517809373      3792  +1.8515625000  -2.184e-04
  8386  +1.8565720991      3802  +1.8564453125  -1.268e-04
  8387  +1.8613509284      3812  +1.8613281250  -2.280e-05
  8388  +1.8661175199      3822  +1.8662109375  +9.342e-05
  8389  +1.8708719671      3832  +1.8710937500  +2.218e-04
  8390  +1.8756143625      3841  +1.8754882812  -1.261e-04
  8391  +1.8803447972      3851  +1.8803710938  +2.630e-05
  8392  +1.8850633612      3861  +1.8852539062  +1.905e-04
  8393  +1.8897701434      3870  +1.8896484375  -1.217e-04
  8394  +1.8944652318      3880  +1.8945312500  +6.602e-05
  8395  +1.8991487129      3889  +1.8989257812  -2.229e-04
  8396  +1.9038206725      3899  +1.9038085938  -1.208e-05
  8397  +1.9084811952      3909  +1.9086914062  +2.102e-04
  8398  +1.9131303646      3918  +1.9130859375  -4.443e-05
  8399  +1.9177682632      3928  +1.9179687500  +2.005e-04
  8400  +1.9223949726      3937  +1.9223632812  -3.169e-05
  8401  +1.9270105734      3947  +1.9272460938  +2.355e-04
  8402  +1.9316151452      3956  +1.9316406250  +2.548e-05
  8403  +1.9362087668      3965  +1.9360351562  -1.736e-04
  8404  +1.9407915159      3975  +1.9409179688  +1.265e-04
  8405  +1.9453634692      3984  +1.9453125000  -5.097e-05
  8406  +1.9499247029      3993  +1.9497070312  -2.177e-04
  8407  +1.9544752918      4003  +1.9545898438  +1.146e-04
  8408  +1.9590153102      4012  +1.9589843750  -3.094e-05
  8409  +1.9635448314      4021  +1.9633789062  -1.659e-04
  8410  +1.9680639279      4031  +1.9682617188  +1.978e-04
  8411  +1.9725726713      4040  +1.9726562500  +8.358e-05
  8412  +1.9770711325      4049  +1.9770507812  -2.035e-05
  8413  +1.9815593815      4058  +1.9814453125  -1.141e-04
  8414  +1.9860374875      4067  +1.9858398438  -1.976e-04
  8415  +1.9905055190      4077  +1.9907226562  +2.171e-04
  8416  +1.9949635437      4086  +1.9951171875  +1.536e-04
  8417  +1.9994116285      4095  +1.9995117188  +1.001e-04
  8418  +2.0038498395      4104  +2.0039062500  +5.641e-05
  8419  +2.0082782424      4113  +2.0083007812  +2.254e-05
  8420  +2.0126969017      4122  +2.0126953125  -1.589e-06
  8421  +2.0171058816      4131  +2.0170898438  -1.604e-05
  8422  +2.0215052453      4140  +2.0214843750  -2.087e-05
  8423  +2.0258950556      4149  +2.0258789062  -1.615e-05
  8424  +2.0302753743      4158  +2.0302734375  -1.937e-06
  8425  +2.0346462629      4167  +2.0346679688  +2.171e-05
  8426  +2.0390077818      4176  +2.0390625000  +5.472e-05
  8427  +2.0433599912      4185  +2.0434570312  +9.704e-05
  8428  +2.0477029504      4194  +2.0478515625  +1.486e-04
  8429  +2.0520367181      4203  +2.0522460938  +2.094e-04
  8430  +2.0563613525      4211  +2.0561523438  -2.090e-04
  8431  +2.0606769109      4220  +2.0605468750  -1.300e-04
  8432  +2.0649834505      4229  +2.0649414062  -4.204e-05
  8433  +2.0692810273      4238  +2.0693359375  +5.491e-05
  8434  +2.0735696973      4247  +2.0737304688  +1.608e-04
  8435  +2.0778495154      4255  +2.0776367188  -2.128e-04
  8436  +2.0821205364      4264  +2.0820312500  -8.929e-05
  8437  +2.0863828142      4273  +2.0864257812  +4.297e-05
  8438  +2.0906364024      4282  +2.0908203125  +1.839e-04
  8439  +2.0948813538      4290  +2.0947265625  -1.548e-04
  8440  +2.0991177208      4299  +2.0991210938  +3.373e-06
  8441  +2.1033455553      4308  +2.1035156250  +1.701e-04
  8442  +2.1075649087      4316  +2.1074218750  -1.430e-04
  8443  +2.1117758318      4325  +2.1118164062  +4.057e-05
  8444  +2.1159783749      4334  +2.1162109375  +2.326e-04
  8445  +2.1201725879      4342  +2.1201171875  -5.540e-05
  8446  +2.1243585201      4351  +2.1245117188  +1.532e-04
  8447  +2.1285362204      4359  +2.1284179688  -1.183e-04
  8448  +2.1327057370      4368  +2.1328125000  +1.068e-04
  8449  +2.1368671180      4376  +2.1367187500  -1.484e-04
  8450  +2.1410204108      4385  +2.1411132812  +9.287e-05
  8451  +2.1451656623      4393  +2.1450195312  -1.461e-04
  8452  +2.1493029191      4402  +2.1494140625  +1.111e-04
  8453  +2.1534322273      4410  +2.1533203125  -1.119e-04
  8454  +2.1575536325      4419  +2.1577148438  +1.612e-04
  8455  +2.1616671798      4427  +2.1616210938  -4.609e-05
  8456  +2.1657729142      4436  +2.1660156250  +2.427e-04
  8457  +2.1698708798      4444  +2.1699218750  +5.100e-05
  8458  +2.1739611207      4452  +2.1738281250  -1.330e-04
  8459  +2.1780436804      4461  +2.1782226562  +1.790e-04
  8460  +2.1821186020      4469  +2.1821289062  +1.030e-05
  8461  +2.1861859282      4477  +2.1860351562  -1.508e-04
  8462  +2.1902457013      4486  +2.1904296875  +1.840e-04
  8463  +2.1942979632      4494  +2.1943359375  +3.797e-05
  8464  +2.1983427555      4502  +2.1982421875  -1.006e-04
  8465  +2.2023801194      4510  +2.2021484375  -2.317e-04
  8466  +2.2064100955      4519  +2.2065429688  +1.329e-04
  8467  +2.2104327244      4527  +2.2104492188  +1.649e-05
  8468  +2.2144480460      4535  +2.2143554688  -9.258e-05
  8469  +2.2184561000      4543  +2.2182617188  -1.944e-04
  8470  +2.2224569258      4552  +2.2226562500  +1.993e-04
  8471  +2.2264505623      4560  +2.2265625000  +1.119e-04
  8472  +2.2304370482      4568  +2.2304687500  +3.170e-05
  8473  +2.2344164216      4576  +2.2343750000  -4.142e-05
  8474  +2.2383887206      4584  +2.2382812500  -1.075e-04
  8475  +2.2423539827      4592  +2.2421875000  -1.665e-04
  8476  +2.2463122453      4600  +2.2460937500  -2.185e-04
  8477  +2.2502635452      4609  +2.2504882812  +2.247e-04
  8478  +2.2542079190      4617  +2.2543945312  +1.866e-04
  8479  +2.2581454031      4625  +2.2583007812  +1.554e-04
  8480  +2.2620760334      4633  +2.2622070312  +1.310e-04
  8481  +2.2659998456      4641  +2.2661132812  +1.134e-04
  8482  +2.2699168750      4649  +2.2700195312  +1.027e-04
  8483  +2.2738271568      4657  +2.2739257812  +9.862e-05
  8484  +2.2777307256      4665  +2.2778320312  +1.013e-04
  8485  +2.2816276159      4673  +2.2817382812  +1.107e-04
  8486  +2.2855178619      4681  +2.2856445312  +1.267e-04
  8487  +2.2894014974      4689  +2.2895507812  +1.493e-04
  8488  +2.2932785561      4697  +2.2934570312  +1.785e-04
  8489  +2.2971490712      4705  +2.2973632812  +2.142e-04
  8490  +2.3010130757      4712  +2.3007812500  -2.318e-04
  8491  +2.3048706024      4720  +2.3046875000  -1.831e-04
  8492  +2.3087216838      4728  +2.3085937500  -1.279e-04
  8493  +2.3125663521      4736  +2.3125000000  -6.635e-05
  8494  +2.3164046391      4744  +2.3164062500  +1.611e-06
  8495  +2.3202365766      4752  +2.3203125000  +7.592e-05
  8496  +2.3240621960      4760  +2.3242187500  +1.566e-04
  8497  +2.3278815284      4768  +2.3281250000  +2.435e-04
  8498  +2.3316946047      4775  +2.3315429688  -1.516e-04
  8499  +2.3355014556      4783  +2.3354492188  -5.224e-05
  8500  +2.3393021114      4791  +2.3393554688  +5.336e-05
  8501  +2.3430966023      4799  +2.3432617188  +1.651e-04
  8502  +2.3468849582      4806  +2.3466796875  -2.053e-04
  8503  +2.3506672088      4814  +2.3505859375  -8.127e-05
  8504  +2.3544433835      4822  +2.3544921875  +4.880e-05
  8505  +2.3582135114      4830  +2.3583984375  +1.849e-04
  8506  +2.3619776215      4837  +2.3618164062  -1.612e-04
  8507  +2.3657357426      4845  +2.3657226562  -1.309e-05
  8508  +2.3694879032      4853  +2.3696289062  +1.410e-04
  8509  +2.3732341315      4860  +2.3730468750  -1.873e-04
  8510  +2.3769744555      4868  +2.3769531250  -2.133e-05
  8511  +2.3807089031      4876  +2.3808593750  +1.505e-04
  8512  +2.3844375020      4883  +2.3842773438  -1.602e-04
  8513  +2.3881602794      4891  +2.3881835938  +2.331e-05
  8514  +2.3918772627      4899  +2.3920898438  +2.126e-04
  8515  +2.3955884786      4906  +2.3955078125  -8.067e-05
  8516  +2.3992939541      4914  +2.3994140625  +1.201e-04
  8517  +2.4029937157      4921  +2.4028320312  -1.617e-04
  8518  +2.4066877897      4929  +2.4067382812  +5.049e-05
  8519  +2.4103762023      4936  +2.4101562500  -2.200e-04
  8520  +2.4140589794      4944  +2.4140625000  +3.521e-06
  8521  +2.4177361468      4952  +2.4179687500  +2.326e-04
  8522  +2.4214077300      4959  +2.4213867188  -2.101e-05
  8523  +2.4250737544      4967  +2.4252929688  +2.192e-04
  8524  +2.4287342451      4974  +2.4287109375  -2.331e-05
  8525  +2.4323892272      4982  +2.4326171875  +2.280e-04
  8526  +2.4360387255      4989  +2.4360351562  -3.569e-06
  8527  +2.4396827645      4996  +2.4394531250  -2.296e-04
  8528  +2.4433213687      5004  +2.4433593750  +3.801e-05
  8529  +2.4469545624      5011  +2.4467773438  -1.772e-04
  8530  +2.4505823695      5019  +2.4506835938  +1.012e-04
  8531  +2.4542048140      5026  +2.4541015625  -1.033e-04
  8532  +2.4578219196      5034  +2.4580078125  +1.859e-04
  8533  +2.4614337098      5041  +2.4614257812  -7.929e-06
  8534  +2.4650402080      5048  +2.4648437500  -1.965e-04
  8535  +2.4686414374      5056  +2.4687500000  +1.086e-04
  8536  +2.4722374210      5063  +2.4721679688  -6.945e-05
  8537  +2.4758281817      5070  +2.4755859375  -2.422e-04
  8538  +2.4794137421      5078  +2.4794921875  +7.845e-05
  8539  +2.4829941249      5085  +2.4829101562  -8.397e-05
  8540  +2.4865693522      5092  +2.4863281250  -2.412e-04
  8541  +2.4901394465      5100  +2.4902343750  +9.493e-05
  8542  +2.4937044296      5107  +2.4936523438  -5.209e-05
  8543  +2.4972643235      5114  +2.4970703125  -1.940e-04
  8544  +2.5008191500      5122  +2.5009765625  +1.574e-04
  8545  +2.5043689306      5129  +2.5043945312  +2.560e-05
  8546  +2.5079136867      5136  +2.5078125000  -1.012e-04
  8547  +2.5114534396      5143  +2.5112304688  -2.230e-04
  8548  +2.5149882104      5151  +2.5151367188  +1.485e-04
  8549  +2.5185180202      5158  +2.5185546875  +3.667e-05
  8550  +2.5220428897      5165  +2.5219726562  -7.023e-05
  8551  +2.5255628396      5172  +2.5253906250  -1.722e-04
  8552  +2.5290778905      5180  +2.5292968750  +2.190e-04
  8553  +2.5325880627      5187  +2.5327148438  +1.268e-04
  8554  +2.5360933766      5194  +2.5361328125  +3.944e-05
  8555  +2.5395938522      5201  +2.5395507812  -4.307e-05
  8556  +2.5430895095      5208  +2.5429687500  -1.208e-04
  8557  +2.5465803684      5215  +2.5463867188  -1.936e-04
  8558  +2.5500664486      5223  +2.5502929688  +2.265e-04
  8559  +2.5535477696      5230  +2.5537109375  +1.632e-04
  8560  +2.5570243509      5237  +2.5571289062  +1.046e-04
  8561  +2.5604962118      5244  +2.5605468750  +5.066e-05
  8562  +2.5639633714      5251  +2.5639648438  +1.472e-06
  8563  +2.5674258488      5258  +2.5673828125  -4.304e-05
  8564  +2.5708836630      5265  +2.5708007812  -8.288e-05
  8565  +2.5743368326      5272  +2.5742187500  -1.181e-04
  8566  +2.5777853765      5279  +2.5776367188  -1.487e-04
  8567  +2.5812293131      5286  +2.5810546875  -1.746e-04
  8568  +2.5846686608      5293  +2.5844726562  -1.960e-04
  8569  +2.5881034379      5300  +2.5878906250  -2.128e-04
  8570  +2.5915336627      5307  +2.5913085938  -2.251e-04
  8571  +2.5949593531      5314  +2.5947265625  -2.328e-04
  8572  +2.5983805271      5321  +2.5981445312  -2.360e-04
  8573  +2.6017972025      5328  +2.6015625000  -2.347e-04
  8574  +2.6052093970      5335  +2.6049804688  -2.289e-04
  8575  +2.6086171282      5342  +2.6083984375  -2.187e-04
  8576  +2.6120204136      5349  +2.6118164062  -2.040e-04
  8577  +2.6154192705      5356  +2.6152343750  -1.849e-04
  8578  +2.6188137161      5363  +2.6186523438  -1.614e-04
  8579  +2.6222037677      5370  +2.6220703125  -1.335e-04
  8580  +2.6255894421      5377  +2.6254882812  -1.012e-04
  8581  +2.6289707564      5384  +2.6289062500  -6.451e-05
  8582  +2.6323477273      5391  +2.6323242188  -2.351e-05
  8583  +2.6357203715      5398  +2.6357421875  +2.182e-05
  8584  +2.6390887056      5405  +2.6391601562  +7.145e-05
  8585  +2.6424527461      5412  +2.6425781250  +1.254e-04
  8586  +2.6458125094      5419  +2.6459960938  +1.836e-04
  8587  +2.6491680117      5425  +2.6489257812  -2.422e-04
  8588  +2.6525192692      5432  +2.6523437500  -1.755e-04
  8589  +2.6558662980      5439  +2.6557617188  -1.046e-04
  8590  +2.6592091141      5446  +2.6591796875  -2.943e-05
  8591  +2.6625477332      5453  +2.6625976562  +4.992e-05
  8592  +2.6658821713      5460  +2.6660156250  +1.335e-04
  8593  +2.6692124439      5467  +2.6694335938  +2.211e-04
  8594  +2.6725385666      5473  +2.6723632812  -1.753e-04
  8595  +2.6758605549      5480  +2.6757812500  -7.930e-05
  8596  +2.6791784242      5487  +2.6791992188  +2.079e-05
  8597  +2.6824921897      5494  +2.6826171875  +1.250e-04
  8598  +2.6858018667      5501  +2.6860351562  +2.333e-04
  8599  +2.6891074703      5507  +2.6889648438  -1.426e-04
  8600  +2.6924090154      5514  +2.6923828125  -2.620e-05
  8601  +2.6957065170      5521  +2.6958007812  +9.426e-05
  8602  +2.6989999898      5528  +2.6992187500  +2.188e-04
  8603  +2.7022894487      5534  +2.7021484375  -1.410e-04
  8604  +2.7055749082      5541  +2.7055664062  -8.502e-06
  8605  +2.7088563829      5548  +2.7089843750  +1.280e-04
  8606  +2.7121338873      5554  +2.7119140625  -2.198e-04
  8607  +2.7154074357      5561  +2.7153320312  -7.540e-05
  8608  +2.7186770425      5568  +2.7187500000  +7.296e-05
  8609  +2.7219427218      5575  +2.7221679688  +2.252e-04
  8610  +2.7252044877      5581  +2.7250976562  -1.068e-04
  8611  +2.7284623544      5588  +2.7285156250  +5.327e-05
  8612  +2.7317163357      5595  +2.7319335938  +2.173e-04
  8613  +2.7349664455      5601  +2.7348632812  -1.032e-04
  8614  +2.7382126976      5608  +2.7382812500  +6.855e-05
  8615  +2.7414551057      5615  +2.7416992188  +2.441e-04
  8616  +2.7446936835      5621  +2.7446289062  -6.478e-05
  8617  +2.7479284444      5628  +2.7480468750  +1.184e-04
  8618  +2.7511594020      5634  +2.7509765625  -1.828e-04
  8619  +2.7543865695      5641  +2.7543945312  +7.962e-06
  8620  +2.7576099604      5648  +2.7578125000  +2.025e-04
  8621  +2.7608295878      5654  +2.7607421875  -8.740e-05
  8622  +2.7640454650      5661  +2.7641601562  +1.147e-04
  8623  +2.7672576049      5667  +2.7670898438  -1.678e-04
  8624  +2.7704660206      5674  +2.7705078125  +4.179e-05
  8625  +2.7736707250      5680  +2.7734375000  -2.332e-04
  8626  +2.7768717309      5687  +2.7768554688  -1.626e-05
  8627  +2.7800690512      5694  +2.7802734375  +2.044e-04
  8628  +2.7832626985      5700  +2.7832031250  -5.957e-05
  8629  +2.7864526854      5707  +2.7866210938  +1.684e-04
  8630  +2.7896390246      5713  +2.7895507812  -8.824e-05
  8631  +2.7928217284      5720  +2.7929687500  +1.470e-04
  8632  +2.7960008094      5726  +2.7958984375  -1.024e-04
  8633  +2.7991762798      5733  +2.7993164062  +1.401e-04
  8634  +2.8023481520      5739  +2.8022460938  -1.021e-04
  8635  +2.8055164381      5746  +2.8056640625  +1.476e-04
  8636  +2.8086811502      5752  +2.8085937500  -8.740e-05
  8637  +2.8118423005      5759  +2.8120117188  +1.694e-04
  8638  +2.8149999010      5765  +2.8149414062  -5.849e-05
  8639  +2.8181539635      5772  +2.8183593750  +2.054e-04
  8640  +2.8213044999      5778  +2.8212890625  -1.544e-05
  8641  +2.8244515221      5784  +2.8242187500  -2.328e-04
  8642  +2.8275950417      5791  +2.8276367188  +4.168e-05
  8643  +2.8307350705      5797  +2.8305664062  -1.687e-04
  8644  +2.8338716200      5804  +2.8339843750  +1.128e-04
  8645  +2.8370047018      5810  +2.8369140625  -9.064e-05
  8646  +2.8401343274      5817  +2.8403320312  +1.977e-04
  8647  +2.8432605081      5823  +2.8432617188  +1.211e-06
  8648  +2.8463832553      5829  +2.8461914062  -1.918e-04
  8649  +2.8495025804      5836  +2.8496093750  +1.068e-04
  8650  +2.8526184945      5842  +2.8525390625  -7.943e-05
  8651  +2.8557310088      5849  +2.8559570312  +2.260e-04
  8652  +2.8588401344      5855  +2.8588867188  +4.658e-05
  8653  +2.8619458823      5861  +2.8618164062  -1.295e-04
  8654  +2.8650482636      5868  +2.8652343750  +1.861e-04
  8655  +2.8681472891      5874  +2.8681640625  +1.677e-05
  8656  +2.8712429697      5880  +2.8710937500  -1.492e-04
  8657  +2.8743353163      5887  +2.8745117188  +1.764e-04
  8658  +2.8774243396      5893  +2.8774414062  +1.707e-05
  8659  +2.8805100502      5899  +2.8803710938  -1.390e-04
  8660  +2.8835924589      5906  +2.8837890625  +1.966e-04
  8661  +2.8866715761      5912  +2.8867187500  +4.717e-05
  8662  +2.8897474124      5918  +2.8896484375  -9.897e-05
  8663  +2.8928199783      5924  +2.8925781250  -2.419e-04
  8664  +2.8958892842      5931  +2.8959960938  +1.068e-04
  8665  +2.8989553404      5937  +2.8989257812  -2.956e-05
  8666  +2.9020181573      5943  +2.9018554688  -1.627e-04
  8667  +2.9050777450      5950  +2.9052734375  +1.957e-04
  8668  +2.9081341138      5956  +2.9082031250  +6.901e-05
  8669  +2.9111872738      5962  +2.9111328125  -5.446e-05
  8670  +2.9142372351      5968  +2.9140625000  -1.747e-04
  8671  +2.9172840078      5975  +2.9174804688  +1.965e-04
  8672  +2.9203276017      5981  +2.9204101562  +8.255e-05
  8673  +2.9233680269      5987  +2.9233398438  -2.818e-05
  8674  +2.9264052932      5993  +2.9262695312  -1.358e-04
  8675  +2.9294394104      5999  +2.9291992188  -2.402e-04
  8676  +2.9324703884      6006  +2.9326171875  +1.468e-04
  8677  +2.9354982368      6012  +2.9355468750  +4.864e-05
  8678  +2.9385229653      6018  +2.9384765625  -4.640e-05
  8679  +2.9415445835      6024  +2.9414062500  -1.383e-04
  8680  +2.9445631011      6030  +2.9443359375  -2.272e-04
  8681  +2.9475785275      6037  +2.9477539062  +1.754e-04
  8682  +2.9505908722      6043  +2.9506835938  +9.272e-05
  8683  +2.9536001447      6049  +2.9536132812  +1.314e-05
  8684  +2.9566063542      6055  +2.9565429688  -6.339e-05
  8685  +2.9596095103      6061  +2.9594726562  -1.369e-04
  8686  +2.9626096220      6067  +2.9624023438  -2.073e-04
  8687  +2.9656066988      6074  +2.9658203125  +2.136e-04
  8688  +2.9686007497      6080  +2.9687500000  +1.493e-04
  8689  +2.9715917840      6086  +2.9716796875  +8.790e-05
  8690  +2.9745798107      6092  +2.9746093750  +2.956e-05
  8691  +2.9775648388      6098  +2.9775390625  -2.578e-05
  8692  +2.9805468775      6104  +2.9804687500  -7.813e-05
  8693  +2.9835259356      6110  +2.9833984375  -1.275e-04
  8694  +2.9865020220      6116  +2.9863281250  -1.739e-04
  8695  +2.9894751457      6122  +2.9892578125  -2.173e-04
  8696  +2.9924453155      6129  +2.9926757812  +2.305e-04
  8697  +2.9954125402      6135  +2.9956054688  +1.929e-04
  8698  +2.9983768284      6141  +2.9985351562  +1.583e-04
  8699  +3.0013381890      6147  +3.0014648438  +1.267e-04
  8700  +3.0042966305      6153  +3.0043945312  +9.790e-05
  8701  +3.0072521616      6159  +3.0073242188  +7.206e-05
  8702  +3.0102047908      6165  +3.0102539062  +4.912e-05
  8703  +3.0131545267      6171  +3.0131835938  +2.907e-05
  8704  +3.0161013778      6177  +3.0161132812  +1.190e-05
  8705  +3.0190453526      6183  +3.0190429688  -2.384e-06
  8706  +3.0219864593      6189  +3.0219726562  -1.380e-05
  8707  +3.0249247064      6195  +3.0249023438  -2.236e-05
  8708  +3.0278601023      6201  +3.0278320312  -2.807e-05
  8709  +3.0307926551      6207  +3.0307617188  -3.094e-05
  8710  +3.0337223732      6213  +3.0336914062  -3.097e-05
  8711  +3.0366492647      6219  +3.0366210938  -2.817e-05
  8712  +3.0395733379      6225  +3.0395507812  -2.256e-05
  8713  +3.0424946008      6231  +3.0424804688  -1.413e-05
  8714  +3.0454130615      6237  +3.0454101562  -2.905e-06
  8715  +3.0483287281      6243  +3.0483398438  +1.112e-05
  8716  +3.0512416086      6249  +3.0512695312  +2.792e-05
  8717  +3.0541517109      6255  +3.0541992188  +4.751e-05
  8718  +3.0570590431      6261  +3.0571289062  +6.986e-05
  8719  +3.0599636129      6267  +3.0600585938  +9.498e-05
  8720  +3.0628654282      6273  +3.0629882812  +1.229e-04
  8721  +3.0657644970      6279  +3.0659179688  +1.535e-04
  8722  +3.0686608269      6285  +3.0688476562  +1.868e-04
  8723  +3.0715544256      6291  +3.0717773438  +2.229e-04
  8724  +3.0744453010      6296  +3.0742187500  -2.266e-04
  8725  +3.0773334607      6302  +3.0771484375  -1.850e-04
  8726  +3.0802189123      6308  +3.0800781250  -1.408e-04
  8727  +3.0831016634      6314  +3.0830078125  -9.385e-05
  8728  +3.0859817217      6320  +3.0859375000  -4.422e-05
  8729  +3.0888590945      6326  +3.0888671875  +8.093e-06
  8730  +3.0917337895      6332  +3.0917968750  +6.309e-05
  8731  +3.0946058141      6338  +3.0947265625  +1.207e-04
  8732  +3.0974751757      6344  +3.0976562500  +1.811e-04
  8733  +3.1003418817      6350  +3.1005859375  +2.441e-04
  8734  +3.1032059395      6355  +3.1030273438  -1.786e-04
  8735  +3.1060673563      6361  +3.1059570312  -1.103e-04
  8736  +3.1089261396      6367  +3.1088867188  -3.942e-05
  8737  +3.1117822965      6373  +3.1118164062  +3.411e-05
  8738  +3.1146358343      6379  +3.1147460938  +1.103e-04
  8739  +3.1174867601      6385  +3.1176757812  +1.890e-04
  8740  +3.1203350812      6390  +3.1201171875  -2.179e-04
  8741  +3.1231808046      6396  +3.1230468750  -1.339e-04
  8742  +3.1260239375      6402  +3.1259765625  -4.737e-05
  8743  +3.1288644869      6408  +3.1289062500  +4.176e-05
  8744  +3.1317024598      6414  +3.1318359375  +1.335e-04
  8745  +3.1345378632      6420  +3.1347656250  +2.278e-04
  8746  +3.1373707042      6425  +3.1372070312  -1.637e-04
  8747  +3.1402009895      6431  +3.1401367188  -6.427e-05
  8748  +3.1430287263      6437  +3.1430664062  +3.768e-05
  8749  +3.1458539212      6443  +3.1459960938  +1.422e-04
  8750  +3.1486765812      6448  +3.1484375000  -2.391e-04
  8751  +3.1514967130      6454  +3.1513671875  -1.295e-04
  8752  +3.1543143235      6460  +3.1542968750  -1.745e-05
  8753  +3.1571294194      6466  +3.1572265625  +9.714e-05
  8754  +3.1599420074      6472  +3.1601562500  +2.142e-04
  8755  +3.1627520943      6477  +3.1625976562  -1.544e-04
  8756  +3.1655596865      6483  +3.1655273438  -3.234e-05
  8757  +3.1683647909      6489  +3.1684570312  +9.224e-05
  8758  +3.1711674140      6495  +3.1713867188  +2.193e-04
  8759  +3.1739675624      6500  +3.1738281250  -1.394e-04
  8760  +3.1767652426      6506  +3.1767578125  -7.430e-06
  8761  +3.1795604611      6512  +3.1796875000  +1.270e-04
  8762  +3.1823532245      6517  +3.1821289062  -2.243e-04
  8763  +3.1851435391      6523  +3.1850585938  -8.495e-05
  8764  +3.1879314115      6529  +3.1879882812  +5.687e-05
  8765  +3.1907168479      6535  +3.1909179688  +2.011e-04
  8766  +3.1934998548      6540  +3.1933593750  -1.405e-04
  8767  +3.1962804386      6546  +3.1962890625  +8.624e-06
  8768  +3.1990586055      6552  +3.1992187500  +1.601e-04
  8769  +3.2018343619      6557  +3.2016601562  -1.742e-04
  8770  +3.2046077140      6563  +3.2045898438  -1.787e-05
  8771  +3.2073786680      6569  +3.2075195312  +1.409e-04
  8772  +3.2101472301      6574  +3.2099609375  -1.863e-04
  8773  +3.2129134066      6580  +3.2128906250  -2.278e-05
  8774  +3.2156772036      6586  +3.2158203125  +1.431e-04
  8775  +3.2184386272      6591  +3.2182617188  -1.769e-04
  8776  +3.2211976836      6597  +3.2211914062  -6.277e-06
  8777  +3.2239543787      6603  +3.2241210938  +1.667e-04
  8778  +3.2267087187      6608  +3.2265625000  -1.462e-04
  8779  +3.2294607096      6614  +3.2294921875  +3.148e-05
  8780  +3.2322103573      6620  +3.2324218750  +2.115e-04
  8781  +3.2349576680      6625  +3.2348632812  -9.439e-05
  8782  +3.2377026474      6631  +3.2377929688  +9.032e-05
  8783  +3.2404453015      6636  +3.2402343750  -2.109e-04
  8784  +3.2431856363      6642  +3.2431640625  -2.157e-05
  8785  +3.2459236576      6648  +3.2460937500  +1.701e-04
  8786  +3.2486593713      6653  +3.2485351562  -1.242e-04
  8787  +3.2513927831      6659  +3.2514648438  +7.206e-05
  8788  +3.2541238989      6664  +3.2539062500  -2.176e-04
  8789  +3.2568527244      6670  +3.2568359375  -1.679e-05
  8790  +3.2595792655      6676  +3.2597656250  +1.864e-04
  8791  +3.2623035278      6681  +3.2622070312  -9.650e-05
  8792  +3.2650255170      6687  +3.2651367188  +1.112e-04
  8793  +3.2677452389      6692  +3.2675781250  -1.671e-04
  8794  +3.2704626990      6698  +3.2705078125  +4.511e-05
  8795  +3.2731779030      6703  +3.2729492188  -2.287e-04
  8796  +3.2758908566      6709  +3.2758789062  -1.195e-05
  8797  +3.2786015652      6715  +3.2788085938  +2.070e-04
  8798  +3.2813100346      6720  +3.2812500000  -6.003e-05
  8799  +3.2840162701      6726  +3.2841796875  +1.634e-04
  8800  +3.2867202774      6731  +3.2866210938  -9.918e-05
  8801  +3.2894220619      6737  +3.2895507812  +1.287e-04
  8802  +3.2921216291      6742  +3.2919921875  -1.294e-04
  8803  +3.2948189844      6748  +3.2949218750  +1.029e-04
  8804  +3.2975141333      6753  +3.2973632812  -1.509e-04
  8805  +3.3002070812      6759  +3.3002929688  +8.589e-05
  8806  +3.3028978334      6764  +3.3027343750  -1.635e-04
  8807  +3.3055863954      6770  +3.3056640625  +7.767e-05
  8808  +3.3082727724      6775  +3.3081054688  -1.673e-04
  8809  +3.3109569698      6781  +3.3110351562  +7.819e-05
  8810  +3.3136389929      6786  +3.3134765625  -1.624e-04
  8811  +3.3163188470      6792  +3.3164062500  +8.740e-05
  8812  +3.3189965372      6797  +3.3188476562  -1.489e-04
  8813  +3.3216720689      6803  +3.3217773438  +1.053e-04
  8814  +3.3243454473      6808  +3.3242187500  -1.267e-04
  8815  +3.3270166775      6814  +3.3271484375  +1.318e-04
  8816  +3.3296857647      6819  +3.3295898438  -9.592e-05
  8817  +3.3323527141      6825  +3.3325195312  +1.668e-04
  8818  +3.3350175308      6830  +3.3349609375  -5.659e-05
  8819  +3.3376802198      6836  +3.3378906250  +2.104e-04
  8820  +3.3403407864      6841  +3.3403320312  -8.755e-06
  8821  +3.3429992355      6846  +3.3427734375  -2.258e-04
  8822  +3.3456555722      6852  +3.3457031250  +4.755e-05
  8823  +3.3483098016      6857  +3.3481445312  -1.653e-04
  8824  +3.3509619286      6863  +3.3510742188  +1.123e-04
  8825  +3.3536119582      6868  +3.3535156250  -9.633e-05
  8826  +3.3562598954      6874  +3.3564453125  +1.854e-04
  8827  +3.3589057452      6879  +3.3588867188  -1.903e-05
  8828  +3.3615495124      6884  +3.3613281250  -2.214e-04
  8829  +3.3641912020      6890  +3.3642578125  +6.661e-05
  8830  +3.3668308189      6895  +3.3666992188  -1.316e-04
  8831  +3.3694683679      6901  +3.3696289062  +1.605e-04
  8832  +3.3721038539      6906  +3.3720703125  -3.354e-05
  8833  +3.3747372818      6911  +3.3745117188  -2.256e-04
  8834  +3.3773686563      6917  +3.3774414062  +7.275e-05
  8835  +3.3799979822      6922  +3.3798828125  -1.152e-04
  8836  +3.3826252644      6928  +3.3828125000  +1.872e-04
  8837  +3.3852505075      6933  +3.3852539062  +3.399e-06
  8838  +3.3878737164      6938  +3.3876953125  -1.784e-04
  8839  +3.3904948957      6944  +3.3906250000  +1.301e-04
  8840  +3.3931140501      6949  +3.3930664062  -4.764e-05
  8841  +3.3957311843      6954  +3.3955078125  -2.234e-04
  8842  +3.3983463031      6960  +3.3984375000  +9.120e-05
  8843  +3.4009594110      6965  +3.4008789062  -8.050e-05
  8844  +3.4035705126      6971  +3.4038085938  +2.381e-04
  8845  +3.4061796127      6976  +3.4062500000  +7.039e-05
  8846  +3.4087867157      6981  +3.4086914062  -9.531e-05
  8847  +3.4113918263      6987  +3.4116210938  +2.293e-04
  8848  +3.4139949490      6992  +3.4140625000  +6.755e-05
  8849  +3.4165960884      6997  +3.4165039062  -9.218e-05
  8850  +3.4191952490      7003  +3.4194335938  +2.383e-04
  8851  +3.4217924353      7008  +3.4218750000  +8.256e-05
  8852  +3.4243876517      7013  +3.4243164062  -7.125e-05
  8853  +3.4269809029      7018  +3.4267578125  -2.231e-04
  8854  +3.4295721932      7024  +3.4296875000  +1.153e-04
  8855  +3.4321615270      7029  +3.4321289062  -3.262e-05
  8856  +3.4347489089      7034  +3.4345703125  -1.786e-04
  8857  +3.4373343431      7040  +3.4375000000  +1.657e-04
  8858  +3.4399178341      7045  +3.4399414062  +2.357e-05
  8859  +3.4424993863      7050  +3.4423828125  -1.166e-04
  8860  +3.4450790041      7056  +3.4453125000  +2.335e-04
  8861  +3.4476566917      7061  +3.4477539062  +9.721e-05
  8862  +3.4502324535      7066  +3.4501953125  -3.714e-05
  8863  +3.4528062938      7071  +3.4526367188  -1.696e-04
  8864  +3.4553782169      7077  +3.4555664062  +1.882e-04
  8865  +3.4579482271      7082  +3.4580078125  +5.959e-05
  8866  +3.4605163286      7087  +3.4604492188  -6.711e-05
  8867  +3.4630825257      7092  +3.4628906250  -1.919e-04
  8868  +3.4656468227      7098  +3.4658203125  +1.735e-04
  8869  +3.4682092236      7103  +3.4682617188  +5.250e-05
  8870  +3.4707697328      7108  +3.4707031250  -6.661e-05
  8871  +3.4733283544      7113  +3.4731445312  -1.838e-04
  8872  +3.4758850926      7119  +3.4760742188  +1.891e-04
  8873  +3.4784399515      7124  +3.4785156250  +7.567e-05
  8874  +3.4809929353      7129  +3.4809570312  -3.590e-05
  8875  +3.4835440481      7134  +3.4833984375  -1.456e-04
  8876  +3.4860932940      7140  +3.4863281250  +2.348e-04
  8877  +3.4886406771      7145  +3.4887695312  +1.289e-04
  8878  +3.4911862014      7150  +3.4912109375  +2.474e-05
  8879  +3.4937298711      7155  +3.4936523438  -7.753e-05
  8880  +3.4962716902      7160  +3.4960937500  -1.779e-04
  8881  +3.4988116627      7166  +3.4990234375  +2.118e-04
  8882  +3.5013497927      7171  +3.5014648438  +1.151e-04
  8883  +3.5038860841      7176  +3.5039062500  +2.017e-05
  8884  +3.5064205409      7181  +3.5063476562  -7.288e-05
  8885  +3.5089531671      7186  +3.5087890625  -1.641e-04
  8886  +3.5114839667      7192  +3.5117187500  +2.348e-04
  8887  +3.5140129436      7197  +3.5141601562  +1.472e-04
  8888  +3.5165401017      7202  +3.5166015625  +6.146e-05
  8889  +3.5190654450      7207  +3.5190429688  -2.248e-05
  8890  +3.5215889774      7212  +3.5214843750  -1.046e-04
  8891  +3.5241107027      7217  +3.5239257812  -1.849e-04
  8892  +3.5266306249      7223  +3.5268554688  +2.248e-04
  8893  +3.5291487478      7228  +3.5292968750  +1.481e-04
  8894  +3.5316650752      7233  +3.5317382812  +7.321e-05
  8895  +3.5341796110      7238  +3.5341796875  +7.653e-08
  8896  +3.5366923590      7243  +3.5366210938  -7.127e-05
  8897  +3.5392033230      7248  +3.5390625000  -1.408e-04
  8898  +3.5417125068      7253  +3.5415039062  -2.086e-04
  8899  +3.5442199142      7259  +3.5444335938  +2.137e-04
  8900  +3.5467255489      7264  +3.5468750000  +1.495e-04
  8901  +3.5492294148      7269  +3.5493164062  +8.699e-05
  8902  +3.5517315155      7274  +3.5517578125  +2.630e-05
  8903  +3.5542318548      7279  +3.5541992188  -3.264e-05
  8904  +3.5567304364      7284  +3.5566406250  -8.981e-05
  8905  +3.5592272639      7289  +3.5590820312  -1.452e-04
  8906  +3.5617223412      7294  +3.5615234375  -1.989e-04
  8907  +3.5642156718      7300  +3.5644531250  +2.375e-04
  8908  +3.5667072594      7305  +3.5668945312  +1.873e-04
  8909  +3.5691971077      7310  +3.5693359375  +1.388e-04
  8910  +3.5716852204      7315  +3.5717773438  +9.212e-05
  8911  +3.5741716009      7320  +3.5742187500  +4.715e-05
  8912  +3.5766562530      7325  +3.5766601562  +3.903e-06
  8913  +3.5791391802      7330  +3.5791015625  -3.762e-05
  8914  +3.5816203862      7335  +3.5815429688  -7.742e-05
  8915  +3.5840998745      7340  +3.5839843750  -1.155e-04
  8916  +3.5865776486      7345  +3.5864257812  -1.519e-04
  8917  +3.5890537122      7350  +3.5888671875  -1.865e-04
  8918  +3.5915280687      7355  +3.5913085938  -2.195e-04
  8919  +3.5940007217      7361  +3.5942382812  +2.376e-04
  8920  +3.5964716747      7366  +3.5966796875  +2.080e-04
  8921  +3.5989409312      7371  +3.5991210938  +1.802e-04
  8922  +3.6014084947      7376  +3.6015625000  +1.540e-04
  8923  +3.6038743687      7381  +3.6040039062  +1.295e-04
  8924  +3.6063385566      7386  +3.6064453125  +1.068e-04
  8925  +3.6088010618      7391  +3.6088867188  +8.566e-05
  8926  +3.6112618879      7396  +3.6113281250  +6.624e-05
  8927  +3.6137210383      7401  +3.6137695312  +4.849e-05
  8928  +3.6161785163      7406  +3.6162109375  +3.242e-05
  8929  +3.6186343255      7411  +3.6186523438  +1.802e-05
  8930  +3.6210884691      7416  +3.6210937500  +5.281e-06
  8931  +3.6235409505      7421  +3.6235351562  -5.794e-06
  8932  +3.6259917732      7426  +3.6259765625  -1.521e-05
  8933  +3.6284409405      7431  +3.6284179688  -2.297e-05
  8934  +3.6308884558      7436  +3.6308593750  -2.908e-05
  8935  +3.6333343223      7441  +3.6333007812  -3.354e-05
  8936  +3.6357785435      7446  +3.6357421875  -3.636e-05
  8937  +3.6382211225      7451  +3.6381835938  -3.753e-05
  8938  +3.6406620628      7456  +3.6406250000  -3.706e-05
  8939  +3.6431013677      7461  +3.6430664062  -3.496e-05
  8940  +3.6455390403      7466  +3.6455078125  -3.123e-05
  8941  +3.6479750841      7471  +3.6479492188  -2.587e-05
  8942  +3.6504095021      7476  +3.6503906250  -1.888e-05
  8943  +3.6528422978      7481  +3.6528320312  -1.027e-05
  8944  +3.6552734743      7486  +3.6552734375  -3.683e-08
  8945  +3.6577030349      7491  +3.6577148438  +1.181e-05
  8946  +3.6601309827      7496  +3.6601562500  +2.527e-05
  8947  +3.6625573211      7501  +3.6625976562  +4.034e-05
  8948  +3.6649820531      7506  +3.6650390625  +5.701e-05
  8949  +3.6674051820      7511  +3.6674804688  +7.529e-05
  8950  +3.6698267109      7516  +3.6699218750  +9.516e-05
  8951  +3.6722466431      7521  +3.6723632812  +1.166e-04
  8952  +3.6746649816      7526  +3.6748046875  +1.397e-04
  8953  +3.6770817296      7531  +3.6772460938  +1.644e-04
  8954  +3.6794968903      7536  +3.6796875000  +1.906e-04
  8955  +3.6819104668      7541  +3.6821289062  +2.184e-04
  8956  +3.6843224621      7545  +3.6840820312  -2.404e-04
  8957  +3.6867328794      7550  +3.6865234375  -2.094e-04
  8958  +3.6891417218      7555  +3.6889648438  -1.769e-04
  8959  +3.6915489923      7560  +3.6914062500  -1.427e-04
  8960  +3.6939546941      7565  +3.6938476562  -1.070e-04
  8961  +3.6963588302      7570  +3.6962890625  -6.977e-05
  8962  +3.6987614036      7575  +3.6987304688  -3.093e-05
  8963  +3.7011624174      7580  +3.7011718750  +9.458e-06
  8964  +3.7035618747      7585  +3.7036132812  +5.141e-05
  8965  +3.7059597784      7590  +3.7060546875  +9.491e-05
  8966  +3.7083561316      7595  +3.7084960938  +1.400e-04
  8967  +3.7107509372      7600  +3.7109375000  +1.866e-04
  8968  +3.7131441983      7605  +3.7133789062  +2.347e-04
  8969  +3.7155359178      7609  +3.7153320312  -2.039e-04
  8970  +3.7179260988      7614  +3.7177734375  -1.527e-04
  8971  +3.7203147441      7619  +3.7202148438  -9.990e-05
  8972  +3.7227018568      7624  +3.7226562500  -4.561e-05
  8973  +3.7250874398      7629  +3.7250976562  +1.022e-05
  8974  +3.7274714960      7634  +3.7275390625  +6.757e-05
  8975  +3.7298540284      7639  +3.7299804688  +1.264e-04
  8976  +3.7322350398      7644  +3.7324218750  +1.868e-04
  8977  +3.7346145332      7648  +3.7343750000  -2.395e-04
  8978  +3.7369925115      7653  +3.7368164062  -1.761e-04
  8979  +3.7393689776      7658  +3.7392578125  -1.112e-04
  8980  +3.7417439343      7663  +3.7416992188  -4.472e-05
  8981  +3.7441173845      7668  +3.7441406250  +2.324e-05
  8982  +3.7464893312      7673  +3.7465820312  +9.270e-05
  8983  +3.7488597770      7678  +3.7490234375  +1.637e-04
  8984  +3.7512287250      7683  +3.7514648438  +2.361e-04
  8985  +3.7535961779      7687  +3.7534179688  -1.782e-04
  8986  +3.7559621385      7692  +3.7558593750  -1.028e-04
  8987  +3.7583266097      7697  +3.7583007812  -2.583e-05
  8988  +3.7606895943      7702  +3.7607421875  +5.259e-05
  8989  +3.7630510951      7707  +3.7631835938  +1.325e-04
  8990  +3.7654111148      7712  +3.7656250000  +2.139e-04
  8991  +3.7677696563      7716  +3.7675781250  -1.915e-04
  8992  +3.7701267223      7721  +3.7700195312  -1.072e-04
  8993  +3.7724823156      7726  +3.7724609375  -2.138e-05
  8994  +3.7748364390      7731  +3.7749023438  +6.590e-05
  8995  +3.7771890951      7736  +3.7773437500  +1.547e-04
  8996  +3.7795402868      7740  +3.7792968750  -2.434e-04
  8997  +3.7818900168      7745  +3.7817382812  -1.517e-04
  8998  +3.7842382878      7750  +3.7841796875  -5.860e-05
  8999  +3.7865851024      7755  +3.7866210938  +3.599e-05
  9000  +3.7889304635      7760  +3.7890625000  +1.320e-04
  9001  +3.7912743737      7765  +3.7915039062  +2.295e-04
  9002  +3.7936168357      7769  +3.7934570312  -1.598e-04
  9003  +3.7959578522      7774  +3.7958984375  -5.941e-05
  9004  +3.7982974258      7779  +3.7983398438  +4.242e-05
  9005  +3.8006355592      7784  +3.8007812500  +1.457e-04
  9006  +3.8029722552      7788  +3.8027343750  -2.379e-04
  9007  +3.8053075162      7793  +3.8051757812  -1.317e-04
  9008  +3.8076413450      7798  +3.8076171875  -2.416e-05
  9009  +3.8099737442      7803  +3.8100585938  +8.485e-05
  9010  +3.8123047164      7808  +3.8125000000  +1.953e-04
  9011  +3.8146342643      7812  +3.8144531250  -1.811e-04
  9012  +3.8169623904      7817  +3.8168945312  -6.786e-05
  9013  +3.8192890974      7822  +3.8193359375  +4.684e-05
  9014  +3.8216143877      7827  +3.8217773438  +1.630e-04
  9015  +3.8239382641      7831  +3.8237304688  -2.078e-04
  9016  +3.8262607291      7836  +3.8261718750  -8.885e-05
  9017  +3.8285817853      7841  +3.8286132812  +3.150e-05
  9018  +3.8309014352      7846  +3.8310546875  +1.533e-04
  9019  +3.8332196813      7850  +3.8330078125  -2.119e-04
  9020  +3.8355365263      7855  +3.8354492188  -8.731e-05
  9021  +3.8378519727      7860  +3.8378906250  +3.865e-05
  9022  +3.8401660229      7865  +3.8403320312  +1.660e-04
  9023  +3.8424786796      7869  +3.8422851562  -1.935e-04
  9024  +3.8447899452      7874  +3.8447265625  -6.338e-05
  9025  +3.8470998222      7879  +3.8471679688  +6.815e-05
  9026  +3.8494083131      7884  +3.8496093750  +2.011e-04
  9027  +3.8517154205      7888  +3.8515625000  -1.529e-04
  9028  +3.8540211468      7893  +3.8540039062  -1.724e-05
  9029  +3.8563254945      7898  +3.8564453125  +1.198e-04
  9030  +3.8586284660      7902  +3.8583984375  -2.300e-04
  9031  +3.8609300639      7907  +3.8608398438  -9.022e-05
  9032  +3.8632302905      7912  +3.8632812500  +5.096e-05
  9033  +3.8655291484      7917  +3.8657226562  +1.935e-04
  9034  +3.8678266399      7921  +3.8676757812  -1.509e-04
  9035  +3.8701227675      7926  +3.8701171875  -5.580e-06
  9036  +3.8724175336      7931  +3.8725585938  +1.411e-04
  9037  +3.8747109407      7935  +3.8745117188  -1.992e-04
  9038  +3.8770029912      7940  +3.8769531250  -4.987e-05
  9039  +3.8792936874      7945  +3.8793945312  +1.008e-04
  9040  +3.8815830318      7949  +3.8813476562  -2.354e-04
  9041  +3.8838710267      7954  +3.8837890625  -8.196e-05
  9042  +3.8861576745      7959  +3.8862304688  +7.279e-05
  9043  +3.8884429777      7964  +3.8886718750  +2.289e-04
  9044  +3.8907269385      7968  +3.8906250000  -1.019e-04
  9045  +3.8930095594      7973  +3.8930664062  +5.685e-05
  9046  +3.8952908426      7978  +3.8955078125  +2.170e-04
  9047  +3.8975707906      7982  +3.8974609375  -1.099e-04
  9048  +3.8998494057      7987  +3.8999023438  +5.294e-05
  9049  +3.9021266903      7992  +3.9023437500  +2.171e-04
  9050  +3.9044026465      7996  +3.9042968750  -1.058e-04
  9051  +3.9066772769      8001  +3.9067382812  +6.100e-05
  9052  +3.9089505836      8006  +3.9091796875  +2.291e-04
  9053  +3.9112225690      8010  +3.9111328125  -8.976e-05
  9054  +3.9134932354      8015  +3.9135742188  +8.098e-05
  9055  +3.9157625851      8019  +3.9155273438  -2.352e-04
  9056  +3.9180306204      8024  +3.9179687500  -6.187e-05
  9057  +3.9202973435      8029  +3.9204101562  +1.128e-04
  9058  +3.9225627568      8033  +3.9223632812  -1.995e-04
  9059  +3.9248268625      8038  +3.9248046875  -2.217e-05
  9060  +3.9270896628      8043  +3.9272460938  +1.564e-04
  9061  +3.9293511601      8047  +3.9291992188  -1.519e-04
  9062  +3.9316113565      8052  +3.9316406250  +2.927e-05
  9063  +3.9338702544      8057  +3.9340820312  +2.118e-04
  9064  +3.9361278558      8061  +3.9360351562  -9.270e-05
  9065  +3.9383841632      8066  +3.9384765625  +9.240e-05
  9066  +3.9406391786      8070  +3.9404296875  -2.095e-04
  9067  +3.9428929044      8075  +3.9428710938  -2.181e-05
  9068  +3.9451453427      8080  +3.9453125000  +1.672e-04
  9069  +3.9473964957      8084  +3.9472656250  -1.309e-04
  9070  +3.9496463657      8089  +3.9497070312  +6.067e-05
  9071  +3.9518949547      8093  +3.9516601562  -2.348e-04
  9072  +3.9541422651      8098  +3.9541015625  -4.070e-05
  9073  +3.9563882989      8103  +3.9565429688  +1.547e-04
  9074  +3.9586330584      8107  +3.9584960938  -1.370e-04
  9075  +3.9608765457      8112  +3.9609375000  +6.095e-05
  9076  +3.9631187630      8116  +3.9628906250  -2.281e-04
  9077  +3.9653597125      8121  +3.9653320312  -2.768e-05
  9078  +3.9675993962      8126  +3.9677734375  +1.740e-04
  9079  +3.9698378164      8130  +3.9697265625  -1.113e-04
  9080  +3.9720749751      8135  +3.9721679688  +9.299e-05
  9081  +3.9743108745      8139  +3.9741210938  -1.898e-04
  9082  +3.9765455167      8144  +3.9765625000  +1.698e-05
  9083  +3.9787789038      8149  +3.9790039062  +2.250e-04
  9084  +3.9810110380      8153  +3.9809570312  -5.401e-05
  9085  +3.9832419214      8158  +3.9833984375  +1.565e-04
  9086  +3.9854715560      8162  +3.9853515625  -1.200e-04
  9087  +3.9876999440      8167  +3.9877929688  +9.302e-05
  9088  +3.9899270874      8171  +3.9897460938  -1.810e-04
  9089  +3.9921529883      8176  +3.9921875000  +3.451e-05
  9090  +3.9943776488      8180  +3.9941406250  -2.370e-04
  9091  +3.9966010710      8185  +3.9965820312  -1.904e-05
  9092  +3.9988232569      8190  +3.9990234375  +2.002e-04
  9093  +4.0010442086      8194  +4.0009765625  -6.765e-05
  9094  +4.0032639282      8199  +4.0034179688  +1.540e-04
  9095  +4.0054824177      8203  +4.0053710938  -1.113e-04
  9096  +4.0076996791      8208  +4.0078125000  +1.128e-04
  9097  +4.0099157144      8212  +4.0097656250  -1.501e-04
  9098  +4.0121305258      8217  +4.0122070312  +7.651e-05
  9099  +4.0143441153      8221  +4.0141601562  -1.840e-04
  9100  +4.0165564847      8226  +4.0166015625  +4.508e-05
  9101  +4.0187676363      8230  +4.0185546875  -2.129e-04
  9102  +4.0209775719      8235  +4.0209960938  +1.852e-05
  9103  +4.0231862936      8239  +4.0229492188  -2.371e-04
  9104  +4.0253938034      8244  +4.0253906250  -3.178e-06
  9105  +4.0276001033      8249  +4.0278320312  +2.319e-04
  9106  +4.0298051952      8253  +4.0297851562  -2.004e-05
  9107  +4.0320090812      8258  +4.0322265625  +2.175e-04
  9108  +4.0342117632      8262  +4.0341796875  -3.208e-05
  9109  +4.0364132431      8267  +4.0366210938  +2.079e-04
  9110  +4.0386135231      8271  +4.0385742188  -3.930e-05
  9111  +4.0408126049      8276  +4.0410156250  +2.030e-04
  9112  +4.0430104907      8280  +4.0429687500  -4.174e-05
  9113  +4.0452071822      8285  +4.0454101562  +2.030e-04
  9114  +4.0474026815      8289  +4.0473632812  -3.940e-05
  9115  +4.0495969905      8294  +4.0498046875  +2.077e-04
  9116  +4.0517901112      8298  +4.0517578125  -3.230e-05
  9117  +4.0539820454      8303  +4.0541992188  +2.172e-04
  9118  +4.0561727951      8307  +4.0561523438  -2.045e-05
  9119  +4.0583623622      8312  +4.0585937500  +2.314e-04
  9120  +4.0605507487      8316  +4.0605468750  -3.874e-06
  9121  +4.0627379564      8320  +4.0625000000  -2.380e-04
  9122  +4.0649239872      8325  +4.0649414062  +1.742e-05
  9123  +4.0671088430      8329  +4.0668945312  -2.143e-04
  9124  +4.0692925258      8334  +4.0693359375  +4.341e-05
  9125  +4.0714750373      8338  +4.0712890625  -1.860e-04
  9126  +4.0736563796      8343  +4.0737304688  +7.409e-05
  9127  +4.0758365544      8347  +4.0756835938  -1.530e-04
  9128  +4.0780155637      8352  +4.0781250000  +1.094e-04
  9129  +4.0801934093      8356  +4.0800781250  -1.153e-04
  9130  +4.0823700930      8361  +4.0825195312  +1.494e-04
  9131  +4.0845456168      8365  +4.0844726562  -7.296e-05
  9132  +4.0867199825      8370  +4.0869140625  +1.941e-04
  9133  +4.0888931919      8374  +4.0888671875  -2.600e-05
  9134  +4.0910652468      8379  +4.0913085938  +2.433e-04
  9135  +4.0932361492      8383  +4.0932617188  +2.557e-05
  9136  +4.0954059008      8387  +4.0952148438  -1.911e-04
  9137  +4.0975745035      8392  +4.0976562500  +8.175e-05
  9138  +4.0997419591      8396  +4.0996093750  -1.326e-04
  9139  +4.1019082694      8401  +4.1020507812  +1.425e-04
  9140  +4.1040734363      8405  +4.1040039062  -6.953e-05
  9141  +4.1062374614      8410  +4.1064453125  +2.079e-04
  9142  +4.1084003467      8414  +4.1083984375  -1.909e-06
  9143  +4.1105620940      8418  +4.1103515625  -2.105e-04
  9144  +4.1127227049      8423  +4.1127929688  +7.026e-05
  9145  +4.1148821814      8427  +4.1147460938  -1.361e-04
  9146  +4.1170405252      8432  +4.1171875000  +1.470e-04
  9147  +4.1191977381      8436  +4.1191406250  -5.711e-05
  9148  +4.1213538219      8441  +4.1215820312  +2.282e-04
  9149  +4.1235087783      8445  +4.1235351562  +2.638e-05
  9150  +4.1256626091      8449  +4.1254882812  -1.743e-04
  9151  +4.1278153160      8454  +4.1279296875  +1.144e-04
  9152  +4.1299669009      8458  +4.1298828125  -8.409e-05
  9153  +4.1321173655      8463  +4.1323242188  +2.069e-04
  9154  +4.1342667115      8467  +4.1342773438  +1.063e-05
  9155  +4.1364149406      8471  +4.1362304688  -1.845e-04
  9156  +4.1385620547      8476  +4.1386718750  +1.098e-04
  9157  +4.1407080553      8480  +4.1406250000  -8.306e-05
  9158  +4.1428529444      8485  +4.1430664062  +2.135e-04
  9159  +4.1449967236      8489  +4.1450195312  +2.281e-05
  9160  +4.1471393945      8493  +4.1469726562  -1.667e-04
  9161  +4.1492809590      8498  +4.1494140625  +1.331e-04
  9162  +4.1514214188      8502  +4.1513671875  -5.423e-05
  9163  +4.1535607755      8506  +4.1533203125  -2.405e-04
  9164  +4.1556990309      8511  +4.1557617188  +6.269e-05
  9165  +4.1578361866      8515  +4.1577148438  -1.213e-04
  9166  +4.1599722444      8520  +4.1601562500  +1.840e-04
  9167  +4.1621072059      8524  +4.1621093750  +2.169e-06
  9168  +4.1642410728      8528  +4.1640625000  -1.786e-04
  9169  +4.1663738469      8533  +4.1665039062  +1.301e-04
  9170  +4.1685055297      8537  +4.1684570312  -4.850e-05
  9171  +4.1706361230      8541  +4.1704101562  -2.260e-04
  9172  +4.1727656285      8546  +4.1728515625  +8.593e-05
  9173  +4.1748940477      8550  +4.1748046875  -8.936e-05
  9174  +4.1770213824      8555  +4.1772460938  +2.247e-04
  9175  +4.1791476342      8559  +4.1791992188  +5.158e-05
  9176  +4.1812728048      8563  +4.1811523438  -1.205e-04
  9177  +4.1833968957      8568  +4.1835937500  +1.969e-04
  9178  +4.1855199087      8572  +4.1855468750  +2.697e-05
  9179  +4.1876418455      8576  +4.1875000000  -1.418e-04
  9180  +4.1897627075      8581  +4.1899414062  +1.787e-04
  9181  +4.1918824965      8585  +4.1918945312  +1.203e-05
  9182  +4.1940012141      8589  +4.1938476562  -1.536e-04
  9183  +4.1961188619      8594  +4.1962890625  +1.702e-04
  9184  +4.1982354416      8598  +4.1982421875  +6.746e-06
  9185  +4.2003509546      8602  +4.2001953125  -1.556e-04
  9186  +4.2024654028      8607  +4.2026367188  +1.713e-04
  9187  +4.2045787876      8611  +4.2045898438  +1.106e-05
  9188  +4.2066911106      8615  +4.2065429688  -1.481e-04
  9189  +4.2088023736      8620  +4.2089843750  +1.820e-04
  9190  +4.2109125779      8624  +4.2109375000  +2.492e-05
  9191  +4.2130217254      8628  +4.2128906250  -1.311e-04
  9192  +4.2151298174      8633  +4.2153320312  +2.022e-04
  9193  +4.2172368557      8637  +4.2172851562  +4.830e-05
  9194  +4.2193428418      8641  +4.2192382812  -1.046e-04
  9195  +4.2214477772      8646  +4.2216796875  +2.319e-04
  9196  +4.2235516636      8650  +4.2236328125  +8.115e-05
  9197  +4.2256545025      8654  +4.2255859375  -6.857e-05
  9198  +4.2277562955      8658  +4.2275390625  -2.172e-04
  9199  +4.2298570441      8663  +4.2299804688  +1.234e-04
  9200  +4.2319567499      8667  +4.2319335938  -2.316e-05
  9201  +4.2340554144      8671  +4.2338867188  -1.687e-04
  9202  +4.2361530392      8676  +4.2363281250  +1.751e-04
  9203  +4.2382496258      8680  +4.2382812500  +3.162e-05
  9204  +4.2403451759      8684  +4.2402343750  -1.108e-04
  9205  +4.2424396908      8689  +4.2426757812  +2.361e-04
  9206  +4.2445331721      8693  +4.2446289062  +9.573e-05
  9207  +4.2466256214      8697  +4.2465820312  -4.359e-05
  9208  +4.2487170402      8701  +4.2485351562  -1.819e-04
  9209  +4.2508074300      8706  +4.2509765625  +1.691e-04
  9210  +4.2528967924      8710  +4.2529296875  +3.290e-05
  9211  +4.2549851288      8714  +4.2548828125  -1.023e-04
  9212  +4.2570724407      8718  +4.2568359375  -2.365e-04
  9213  +4.2591587297      8723  +4.2592773438  +1.186e-04
  9214  +4.2612439973      8727  +4.2612304688  -1.353e-05
  9215  +4.2633282449      8731  +4.2631835938  -1.447e-04
  9216  +4.2654114740      8736  +4.2656250000  +2.135e-04
  9217  +4.2674936863      8740  +4.2675781250  +8.444e-05
  9218  +4.2695748830      8744  +4.2695312500  -4.363e-05
  9219  +4.2716550658      8748  +4.2714843750  -1.707e-04
  9220  +4.2737342361      8753  +4.2739257812  +1.915e-04
  9221  +4.2758123953      8757  +4.2758789062  +6.651e-05
  9222  +4.2778895450      8761  +4.2778320312  -5.751e-05
  9223  +4.2799656866      8765  +4.2797851562  -1.805e-04
  9224  +4.2820408216      8770  +4.2822265625  +1.857e-04
  9225  +4.2841149515      8774  +4.2841796875  +6.474e-05
  9226  +4.2861880776      8778  +4.2861328125  -5.527e-05
  9227  +4.2882602015      8782  +4.2880859375  -1.743e-04
  9228  +4.2903313247      8787  +4.2905273438  +1.960e-04
  9229  +4.2924014485      8791  +4.2924804688  +7.902e-05
  9230  +4.2944705744      8795  +4.2944335938  -3.698e-05
  9231  +4.2965387038      8799  +4.2963867188  -1.520e-04
  9232  +4.2986058383      8804  +4.2988281250  +2.223e-04
  9233  +4.3006719792      8808  +4.3007812500  +1.093e-04
  9234  +4.3027371279      8812  +4.3027343750  -2.753e-06
  9235  +4.3048012859      8816  +4.3046875000  -1.138e-04
  9236  +4.3068644546      8820  +4.3066406250  -2.238e-04
  9237  +4.3089266355      8825  +4.3090820312  +1.554e-04
  9238  +4.3109878299      8829  +4.3110351562  +4.733e-05
  9239  +4.3130480392      8833  +4.3129882812  -5.976e-05
  9240  +4.3151072649      8837  +4.3149414062  -1.659e-04
  9241  +4.3171655084      8842  +4.3173828125  +2.173e-04
  9242  +4.3192227711      8846  +4.3193359375  +1.132e-04
  9243  +4.3212790544      8850  +4.3212890625  +1.001e-05
  9244  +4.3233343597      8854  +4.3232421875  -9.217e-05
  9245  +4.3253886883      8858  +4.3251953125  -1.934e-04
  9246  +4.3274420417      8863  +4.3276367188  +1.947e-04
  9247  +4.3294944212      8867  +4.3295898438  +9.542e-05
  9248  +4.3315458283      8871  +4.3315429688  -2.860e-06
  9249  +4.3335962643      8875  +4.3334960938  -1.002e-04
  9250  +4.3356457307      8879  +4.3354492188  -1.965e-04
  9251  +4.3376942286      8884  +4.3378906250  +1.964e-04
  9252  +4.3397417597      8888  +4.3398437500  +1.020e-04
  9253  +4.3417883251      8892  +4.3417968750  +8.550e-06
  9254  +4.3438339263      8896  +4.3437500000  -8.393e-05
  9255  +4.3458785646      8900  +4.3457031250  -1.754e-04
  9256  +4.3479222415      8905  +4.3481445312  +2.223e-04
  9257  +4.3499649582      8909  +4.3500976562  +1.327e-04
  9258  +4.3520067161      8913  +4.3520507812  +4.407e-05
  9259  +4.3540475165      8917  +4.3540039062  -4.361e-05
  9260  +4.3560873609      8921  +4.3559570312  -1.303e-04
  9261  +4.3581262505      8925  +4.3579101562  -2.161e-04
  9262  +4.3601641866      8930  +4.3603515625  +1.874e-04
  9263  +4.3622011707      8934  +4.3623046875  +1.035e-04
  9264  +4.3642372040      8938  +4.3642578125  +2.061e-05
  9265  +4.3662722879      8942  +4.3662109375  -6.135e-05
  9266  +4.3683064238      8946  +4.3681640625  -1.424e-04
  9267  +4.3703396128      8950  +4.3701171875  -2.224e-04
  9268  +4.3723718564      8955  +4.3725585938  +1.867e-04
  9269  +4.3744031559      8959  +4.3745117188  +1.086e-04
  9270  +4.3764335125      8963  +4.3764648438  +3.133e-05
  9271  +4.3784629276      8967  +4.3784179688  -4.496e-05
  9272  +4.3804914026      8971  +4.3803710938  -1.203e-04
  9273  +4.3825189386      8975  +4.3823242188  -1.947e-04
  9274  +4.3845455371      8980  +4.3847656250  +2.201e-04
  9275  +4.3865711993      8984  +4.3867187500  +1.476e-04
  9276  +4.3885959264      8988  +4.3886718750  +7.595e-05
  9277  +4.3906197199      8992  +4.3906250000  +5.280e-06
  9278  +4.3926425810      8996  +4.3925781250  -6.446e-05
  9279  +4.3946645109      9000  +4.3945312500  -1.333e-04
  9280  +4.3966855110      9004  +4.3964843750  -2.011e-04
  9281  +4.3987055826      9009  +4.3989257812  +2.202e-04
  9282  +4.4007247269      9013  +4.4008789062  +1.542e-04
  9283  +4.4027429452      9017  +4.4028320312  +8.909e-05
  9284  +4.4047602387      9021  +4.4047851562  +2.492e-05
  9285  +4.4067766088      9025  +4.4067382812  -3.833e-05
  9286  +4.4087920567      9029  +4.4086914062  -1.007e-04
  9287  +4.4108065837      9033  +4.4106445312  -1.621e-04
  9288  +4.4128201910      9037  +4.4125976562  -2.225e-04
  9289  +4.4148328799      9042  +4.4150390625  +2.062e-04
  9290  +4.4168446517      9046  +4.4169921875  +1.475e-04
  9291  +4.4188555075      9050  +4.4189453125  +8.980e-05
  9292  +4.4208654487      9054  +4.4208984375  +3.299e-05
  9293  +4.4228744765      9058  +4.4228515625  -2.291e-05
  9294  +4.4248825922      9062  +4.4248046875  -7.790e-05
  9295  +4.4268897969      9066  +4.4267578125  -1.320e-04
  9296  +4.4288960919      9070  +4.4287109375  -1.852e-04
  9297  +4.4309014785      9074  +4.4306640625  -2.374e-04
  9298  +4.4329059579      9079  +4.4331054688  +1.995e-04
  9299  +4.4349095313      9083  +4.4350585938  +1.491e-04
  9300  +4.4369122000      9087  +4.4370117188  +9.952e-05
  9301  +4.4389139652      9091  +4.4389648438  +5.088e-05
  9302  +4.4409148280      9095  +4.4409179688  +3.141e-06
  9303  +4.4429147897      9099  +4.4428710938  -4.370e-05
  9304  +4.4449138516      9103  +4.4448242188  -8.963e-05
  9305  +4.4469120148      9107  +4.4467773438  -1.347e-04
  9306  +4.4489092806      9111  +4.4487304688  -1.788e-04
  9307  +4.4509056501      9115  +4.4506835938  -2.221e-04
  9308  +4.4529011246      9120  +4.4531250000  +2.239e-04
  9309  +4.4548957053      9124  +4.4550781250  +1.824e-04
  9310  +4.4568893933      9128  +4.4570312500  +1.419e-04
  9311  +4.4588821899      9132  +4.4589843750  +1.022e-04
  9312  +4.4608740963      9136  +4.4609375000  +6.340e-05
  9313  +4.4628651136      9140  +4.4628906250  +2.551e-05
  9314  +4.4648552431      9144  +4.4648437500  -1.149e-05
  9315  +4.4668444859      9148  +4.4667968750  -4.761e-05
  9316  +4.4688328432      9152  +4.4687500000  -8.284e-05
  9317  +4.4708203162      9156  +4.4707031250  -1.172e-04
  9318  +4.4728069061      9160  +4.4726562500  -1.507e-04
  9319  +4.4747926141      9164  +4.4746093750  -1.832e-04
  9320  +4.4767774412      9168  +4.4765625000  -2.149e-04
  9321  +4.4787613888      9173  +4.4790039062  +2.425e-04
  9322  +4.4807444579      9177  +4.4809570312  +2.126e-04
  9323  +4.4827266497      9181  +4.4829101562  +1.835e-04
  9324  +4.4847079655      9185  +4.4848632812  +1.553e-04
  9325  +4.4866884063      9189  +4.4868164062  +1.280e-04
  9326  +4.4886679733      9193  +4.4887695312  +1.016e-04
  9327  +4.4906466677      9197  +4.4907226562  +7.599e-05
  9328  +4.4926244906      9201  +4.4926757812  +5.129e-05
  9329  +4.4946014431      9205  +4.4946289062  +2.746e-05
  9330  +4.4965775265      9209  +4.4965820312  +4.505e-06
  9331  +4.4985527419      9213  +4.4985351562  -1.759e-05
  9332  +4.5005270903      9217  +4.5004882812  -3.881e-05
  9333  +4.5025005730      9221  +4.5024414062  -5.917e-05
  9334  +4.5044731911      9225  +4.5043945312  -7.866e-05
  9335  +4.5064449457      9229  +4.5063476562  -9.729e-05
  9336  +4.5084158380      9233  +4.5083007812  -1.151e-04
  9337  +4.5103858690      9237  +4.5102539062  -1.320e-04
  9338  +4.5123550400      9241  +4.5122070312  -1.480e-04
  9339  +4.5143233520      9245  +4.5141601562  -1.632e-04
  9340  +4.5162908062      9249  +4.5161132812  -1.775e-04
  9341  +4.5182574036      9253  +4.5180664062  -1.910e-04
  9342  +4.5202231454      9257  +4.5200195312  -2.036e-04
  9343  +4.5221880328      9261  +4.5219726562  -2.154e-04
  9344  +4.5241520668      9265  +4.5239257812  -2.263e-04
  9345  +4.5261152485      9269  +4.5258789062  -2.363e-04
  9346  +4.5280775791      9274  +4.5283203125  +2.427e-04
  9347  +4.5300390596      9278  +4.5302734375  +2.344e-04
  9348  +4.5319996912      9282  +4.5322265625  +2.269e-04
  9349  +4.5339594749      9286  +4.5341796875  +2.202e-04
  9350  +4.5359184119      9290  +4.5361328125  +2.144e-04
  9351  +4.5378765033      9294  +4.5380859375  +2.094e-04
  9352  +4.5398337501      9298  +4.5400390625  +2.053e-04
  9353  +4.5417901534      9302  +4.5419921875  +2.020e-04
  9354  +4.5437457144      9306  +4.5439453125  +1.996e-04
  9355  +4.5457004341      9310  +4.5458984375  +1.980e-04
  9356  +4.5476543136      9314  +4.5478515625  +1.972e-04
  9357  +4.5496073540      9318  +4.5498046875  +1.973e-04
  9358  +4.5515595563      9322  +4.5517578125  +1.983e-04
  9359  +4.5535109217      9326  +4.5537109375  +2.000e-04
  9360  +4.5554614512      9330  +4.5556640625  +2.026e-04
  9361  +4.5574111459      9334  +4.5576171875  +2.060e-04
  9362  +4.5593600068      9338  +4.5595703125  +2.103e-04
  9363  +4.5613080351      9342  +4.5615234375  +2.154e-04
  9364  +4.5632552318      9346  +4.5634765625  +2.213e-04
  9365  +4.5652015980      9350  +4.5654296875  +2.281e-04
  9366  +4.5671471347      9354  +4.5673828125  +2.357e-04
  9367  +4.5690918429      9358  +4.5693359375  +2.441e-04
  9368  +4.5710357238      9361  +4.5708007812  -2.349e-04
  9369  +4.5729787784      9365  +4.5727539062  -2.249e-04
  9370  +4.5749210077      9369  +4.5747070312  -2.140e-04
  9371  +4.5768624129      9373  +4.5766601562  -2.023e-04
  9372  +4.5788029949      9377  +4.5786132812  -1.897e-04
  9373  +4.5807427548      9381  +4.5805664062  -1.763e-04
  9374  +4.5826816936      9385  +4.5825195312  -1.622e-04
  9375  +4.5846198124      9389  +4.5844726562  -1.472e-04
  9376  +4.5865571122      9393  +4.5864257812  -1.313e-04
  9377  +4.5884935941      9397  +4.5883789062  -1.147e-04
  9378  +4.5904292590      9401  +4.5903320312  -9.723e-05
  9379  +4.5923641081      9405  +4.5922851562  -7.895e-05
  9380  +4.5942981424      9409  +4.5942382812  -5.986e-05
  9381  +4.5962313628      9413  +4.5961914062  -3.996e-05
  9382  +4.5981637704      9417  +4.5981445312  -1.924e-05
  9383  +4.6000953663      9421  +4.6000976562  +2.290e-06
  9384  +4.6020261514      9425  +4.6020507812  +2.463e-05
  9385  +4.6039561268      9429  +4.6040039062  +4.778e-05
  9386  +4.6058852935      9433  +4.6059570312  +7.174e-05
  9387  +4.6078136525      9437  +4.6079101562  +9.650e-05
  9388  +4.6097412049      9441  +4.6098632812  +1.221e-04
  9389  +4.6116679515      9445  +4.6118164062  +1.485e-04
  9390  +4.6135938936      9449  +4.6137695312  +1.756e-04
  9391  +4.6155190319      9453  +4.6157226562  +2.036e-04
  9392  +4.6174433676      9457  +4.6176757812  +2.324e-04
  9393  +4.6193669017      9460  +4.6191406250  -2.263e-04
  9394  +4.6212896352      9464  +4.6210937500  -1.959e-04
  9395  +4.6232115690      9468  +4.6230468750  -1.647e-04
  9396  +4.6251327041      9472  +4.6250000000  -1.327e-04
  9397  +4.6270530417      9476  +4.6269531250  -9.992e-05
  9398  +4.6289725825      9480  +4.6289062500  -6.633e-05
  9399  +4.6308913277      9484  +4.6308593750  -3.195e-05
  9400  +4.6328092782      9488  +4.6328125000  +3.222e-06
  9401  +4.6347264351      9492  +4.6347656250  +3.919e-05
  9402  +4.6366427992      9496  +4.6367187500  +7.595e-05
  9403  +4.6385583716      9500  +4.6386718750  +1.135e-04
  9404  +4.6404731532      9504  +4.6406250000  +1.518e-04
  9405  +4.6423871451      9508  +4.6425781250  +1.910e-04
  9406  +4.6443003482      9512  +4.6445312500  +2.309e-04
  9407  +4.6462127635      9515  +4.6459960938  -2.167e-04
  9408  +4.6481243920      9519  +4.6479492188  -1.752e-04
  9409  +4.6500352346      9523  +4.6499023438  -1.329e-04
  9410  +4.6519452923      9527  +4.6518554688  -8.982e-05
  9411  +4.6538545660      9531  +4.6538085938  -4.597e-05
  9412  +4.6557630568      9535  +4.6557617188  -1.338e-06
  9413  +4.6576707656      9539  +4.6577148438  +4.408e-05
  9414  +4.6595776933      9543  +4.6596679688  +9.028e-05
  9415  +4.6614838409      9547  +4.6616210938  +1.373e-04
  9416  +4.6633892094      9551  +4.6635742188  +1.850e-04
  9417  +4.6652937997      9555  +4.6655273438  +2.335e-04
  9418  +4.6671976128      9558  +4.6669921875  -2.054e-04
  9419  +4.6691006497      9562  +4.6689453125  -1.553e-04
  9420  +4.6710029111      9566  +4.6708984375  -1.045e-04
  9421  +4.6729043983      9570  +4.6728515625  -5.284e-05
  9422  +4.6748051120      9574  +4.6748046875  -4.245e-07
  9423  +4.6767050531      9578  +4.6767578125  +5.276e-05
  9424  +4.6786042228      9582  +4.6787109375  +1.067e-04
  9425  +4.6805026218      9586  +4.6806640625  +1.614e-04
  9426  +4.6824002512      9590  +4.6826171875  +2.169e-04
  9427  +4.6842971118      9593  +4.6840820312  -2.151e-04
  9428  +4.6861932046      9597  +4.6860351562  -1.580e-04
  9429  +4.6880885306      9601  +4.6879882812  -1.002e-04
  9430  +4.6899830906      9605  +4.6899414062  -4.168e-05
  9431  +4.6918768855      9609  +4.6918945312  +1.765e-05
  9432  +4.6937699164      9613  +4.6938476562  +7.774e-05
  9433  +4.6956621842      9617  +4.6958007812  +1.386e-04
  9434  +4.6975536897      9621  +4.6977539062  +2.002e-04
  9435  +4.6994444338      9624  +4.6992187500  -2.257e-04
  9436  +4.7013344176      9628  +4.7011718750  -1.625e-04
  9437  +4.7032236419      9632  +4.7031250000  -9.864e-05
  9438  +4.7051121076      9636  +4.7050781250  -3.398e-05
  9439  +4.7069998156      9640  +4.7070312500  +3.143e-05
  9440  +4.7088867669      9644  +4.7089843750  +9.761e-05
  9441  +4.7107729624      9648  +4.7109375000  +1.645e-04
  9442  +4.7126584029      9652  +4.7128906250  +2.322e-04
  9443  +4.7145430894      9655  +4.7143554688  -1.876e-04
  9444  +4.7164270228      9659  +4.7163085938  -1.184e-04
  9445  +4.7183102039      9663  +4.7182617188  -4.849e-05
  9446  +4.7201926338      9667  +4.7202148438  +2.221e-05
  9447  +4.7220743132      9671  +4.7221679688  +9.366e-05
  9448  +4.7239552431      9675  +4.7241210938  +1.659e-04
  9449  +4.7258354243      9679  +4.7260742188  +2.388e-04
  9450  +4.7277148579      9682  +4.7275390625  -1.758e-04
  9451  +4.7295935446      9686  +4.7294921875  -1.014e-04
  9452  +4.7314714853      9690  +4.7314453125  -2.617e-05
  9453  +4.7333486809      9694  +4.7333984375  +4.976e-05
  9454  +4.7352251324      9698  +4.7353515625  +1.264e-04
  9455  +4.7371008406      9702  +4.7373046875  +2.038e-04
  9456  +4.7389758064      9705  +4.7387695312  -2.063e-04
  9457  +4.7408500306      9709  +4.7407226562  -1.274e-04
  9458  +4.7427235142      9713  +4.7426757812  -4.773e-05
  9459  +4.7445962580      9717  +4.7446289062  +3.265e-05
  9460  +4.7464682629      9721  +4.7465820312  +1.138e-04
  9461  +4.7483395298      9725  +4.7485351562  +1.956e-04
  9462  +4.7502100595      9728  +4.7500000000  -2.101e-04
  9463  +4.7520798530      9732  +4.7519531250  -1.267e-04
  9464  +4.7539489110      9736  +4.7539062500  -4.266e-05
  9465  +4.7558172345      9740  +4.7558593750  +4.214e-05
  9466  +4.7576848243      9744  +4.7578125000  +1.277e-04
  9467  +4.7595516813      9748  +4.7597656250  +2.139e-04
  9468  +4.7614178063      9751  +4.7612304688  -1.873e-04
  9469  +4.7632832002      9755  +4.7631835938  -9.961e-05
  9470  +4.7651478639      9759  +4.7651367188  -1.115e-05
  9471  +4.7670117982      9763  +4.7670898438  +7.805e-05
  9472  +4.7688750040      9767  +4.7690429688  +1.680e-04
  9473  +4.7707374821      9770  +4.7705078125  -2.297e-04
  9474  +4.7725992334      9774  +4.7724609375  -1.383e-04
  9475  +4.7744602587      9778  +4.7744140625  -4.620e-05
  9476  +4.7763205589      9782  +4.7763671875  +4.663e-05
  9477  +4.7781801348      9786  +4.7783203125  +1.402e-04
  9478  +4.7800389873      9790  +4.7802734375  +2.345e-04
  9479  +4.7818971172      9793  +4.7817382812  -1.588e-04
  9480  +4.7837545253      9797  +4.7836914062  -6.312e-05
  9481  +4.7856112126      9801  +4.7856445312  +3.332e-05
  9482  +4.7874671798      9805  +4.7875976562  +1.305e-04
  9483  +4.7893224277      9809  +4.7895507812  +2.284e-04
  9484  +4.7911769573      9812  +4.7910156250  -1.613e-04
  9485  +4.7930307693      9816  +4.7929687500  -6.202e-05
  9486  +4.7948838646      9820  +4.7949218750  +3.801e-05
  9487  +4.7967362440      9824  +4.7968750000  +1.388e-04
  9488  +4.7985879083      9828  +4.7988281250  +2.402e-04
  9489  +4.8004388584      9831  +4.8002929688  -1.459e-04
  9490  +4.8022890950      9835  +4.8022460938  -4.300e-05
  9491  +4.8041386191      9839  +4.8041992188  +6.060e-05
  9492  +4.8059874314      9843  +4.8061523438  +1.649e-04
  9493  +4.8078355328      9846  +4.8076171875  -2.183e-04
  9494  +4.8096829241      9850  +4.8095703125  -1.126e-04
  9495  +4.8115296060      9854  +4.8115234375  -6.168e-06
  9496  +4.8133755794      9858  +4.8134765625  +1.010e-04
  9497  +4.8152208452      9862  +4.8154296875  +2.088e-04
  9498  +4.8170654041      9865  +4.8168945312  -1.709e-04
  9499  +4.8189092570      9869  +4.8188476562  -6.160e-05
  9500  +4.8207524046      9873  +4.8208007812  +4.838e-05
  9501  +4.8225948478      9877  +4.8227539062  +1.591e-04
  9502  +4.8244365873      9880  +4.8242187500  -2.178e-04
  9503  +4.8262776240      9884  +4.8261718750  -1.057e-04
  9504  +4.8281179588      9888  +4.8281250000  +7.041e-06
  9505  +4.8299575923      9892  +4.8300781250  +1.205e-04
  9506  +4.8317965254      9896  +4.8320312500  +2.347e-04
  9507  +4.8336347588      9899  +4.8334960938  -1.387e-04
  9508  +4.8354722935      9903  +4.8354492188  -2.307e-05
  9509  +4.8373091301      9907  +4.8374023438  +9.321e-05
  9510  +4.8391452696      9911  +4.8393554688  +2.102e-04
  9511  +4.8409807126      9914  +4.8408203125  -1.604e-04
  9512  +4.8428154599      9918  +4.8427734375  -4.202e-05
  9513  +4.8446495124      9922  +4.8447265625  +7.705e-05
  9514  +4.8464828709      9926  +4.8466796875  +1.968e-04
  9515  +4.8483155360      9929  +4.8481445312  -1.710e-04
  9516  +4.8501475087      9933  +4.8500976562  -4.985e-05
  9517  +4.8519787897      9937  +4.8520507812  +7.199e-05
  9518  +4.8538093798      9941  +4.8540039062  +1.945e-04
  9519  +4.8556392797      9944  +4.8554687500  -1.705e-04
  9520  +4.8574684902      9948  +4.8574218750  -4.662e-05
  9521  +4.8592970122      9952  +4.8593750000  +7.799e-05
  9522  +4.8611248464      9956  +4.8613281250  +2.033e-04
  9523  +4.8629519936      9959  +4.8627929688  -1.590e-04
  9524  +4.8647784545      9963  +4.8647460938  -3.236e-05
  9525  +4.8666042299      9967  +4.8666992188  +9.499e-05
  9526  +4.8684293206      9971  +4.8686523438  +2.230e-04
  9527  +4.8702537274      9974  +4.8701171875  -1.365e-04
  9528  +4.8720774510      9978  +4.8720703125  -7.139e-06
  9529  +4.8739004922      9982  +4.8740234375  +1.229e-04
  9530  +4.8757228518      9985  +4.8754882812  -2.346e-04
  9531  +4.8775445305      9989  +4.8774414062  -1.031e-04
  9532  +4.8793655291      9993  +4.8793945312  +2.900e-05
  9533  +4.8811858483      9997  +4.8813476562  +1.618e-04
  9534  +4.8830054889     10000  +4.8828125000  -1.930e-04
  9535  +4.8848244518     10004  +4.8847656250  -5.883e-05
  9536  +4.8866427375     10008  +4.8867187500  +7.601e-05
  9537  +4.8884603469     10012  +4.8886718750  +2.115e-04
  9538  +4.8902772807     10015  +4.8901367188  -1.406e-04
  9539  +4.8920935398     10019  +4.8920898438  -3.696e-06
  9540  +4.8939091247     10023  +4.8940429688  +1.338e-04
  9541  +4.8957240364     10026  +4.8955078125  -2.162e-04
  9542  +4.8975382755     10030  +4.8974609375  -7.734e-05
  9543  +4.8993518428     10034  +4.8994140625  +6.222e-05
  9544  +4.9011647390     10038  +4.9013671875  +2.024e-04
  9545  +4.9029769649     10041  +4.9028320312  -1.449e-04
  9546  +4.9047885212     10045  +4.9047851562  -3.365e-06
  9547  +4.9065994086     10049  +4.9067382812  +1.389e-04
  9548  +4.9084096280     10052  +4.9082031250  -2.065e-04
  9549  +4.9102191800     10056  +4.9101562500  -6.293e-05
  9550  +4.9120280654     10060  +4.9121093750  +8.131e-05
  9551  +4.9138362849     10064  +4.9140625000  +2.262e-04
  9552  +4.9156438392     10067  +4.9155273438  -1.165e-04
  9553  +4.9174507291     10071  +4.9174804688  +2.974e-05
  9554  +4.9192569553     10075  +4.9194335938  +1.766e-04
  9555  +4.9210625186     10078  +4.9208984375  -1.641e-04
  9556  +4.9228674196     10082  +4.9228515625  -1.586e-05
  9557  +4.9246716592     10086  +4.9248046875  +1.330e-04
  9558  +4.9264752379     10089  +4.9262695312  -2.057e-04
  9559  +4.9282781567     10093  +4.9282226562  -5.550e-05
  9560  +4.9300804161     10097  +4.9301757812  +9.537e-05
  9561  +4.9318820169     10100  +4.9316406250  -2.414e-04
  9562  +4.9336829598     10104  +4.9335937500  -8.921e-05
  9563  +4.9354832455     10108  +4.9355468750  +6.363e-05
  9564  +4.9372828749     10112  +4.9375000000  +2.171e-04
  9565  +4.9390818485     10115  +4.9389648438  -1.170e-04
  9566  +4.9408801670     10119  +4.9409179688  +3.780e-05
  9567  +4.9426778313     10123  +4.9428710938  +1.933e-04
  9568  +4.9444748421     10126  +4.9443359375  -1.389e-04
  9569  +4.9462711999     10130  +4.9462890625  +1.786e-05
  9570  +4.9480669056     10134  +4.9482421875  +1.753e-04
  9571  +4.9498619599     10137  +4.9497070312  -1.549e-04
  9572  +4.9516563634     10141  +4.9516601562  +3.793e-06
  9573  +4.9534501169     10145  +4.9536132812  +1.632e-04
  9574  +4.9552432211     10148  +4.9550781250  -1.651e-04
  9575  +4.9570356766     10152  +4.9570312500  -4.427e-06
  9576  +4.9588274843     10156  +4.9589843750  +1.569e-04
  9577  +4.9606186447     10159  +4.9604492188  -1.694e-04
  9578  +4.9624091586     10163  +4.9624023438  -6.815e-06
  9579  +4.9641990267     10167  +4.9643554688  +1.564e-04
  9580  +4.9659882497     10170  +4.9658203125  -1.679e-04
  9581  +4.9677768283     10174  +4.9677734375  -3.391e-06
  9582  +4.9695647632     10178  +4.9697265625  +1.618e-04
  9583  +4.9713520550     10181  +4.9711914062  -1.606e-04
  9584  +4.9731387045     10185  +4.9731445312  +5.827e-06
  9585  +4.9749247123     10189  +4.9750976562  +1.729e-04
  9586  +4.9767100792     10192  +4.9765625000  -1.476e-04
  9587  +4.9784948059     10196  +4.9785156250  +2.082e-05
  9588  +4.9802788929     10200  +4.9804687500  +1.899e-04
  9589  +4.9820623411     10203  +4.9819335938  -1.287e-04
  9590  +4.9838451511     10207  +4.9838867188  +4.157e-05
  9591  +4.9856273236     10211  +4.9858398438  +2.125e-04
  9592  +4.9874088592     10214  +4.9873046875  -1.042e-04
  9593  +4.9891897587     10218  +4.9892578125  +6.805e-05
  9594  +4.9909700227     10222  +4.9912109375  +2.409e-04
  9595  +4.9927496520     10225  +4.9926757812  -7.387e-05
  9596  +4.9945286471     10229  +4.9946289062  +1.003e-04
  9597  +4.9963070088     10232  +4.9960937500  -2.133e-04
  9598  +4.9980847377     10236  +4.9980468750  -3.786e-05
  9599  +4.9998618346     10240  +5.0000000000  +1.382e-04
  9600  +5.0016383000     10243  +5.0014648438  -1.735e-04
  9601  +5.0034141347     10247  +5.0034179688  +3.834e-06
  9602  +5.0051893393     10251  +5.0053710938  +1.818e-04
  9603  +5.0069639146     10254  +5.0068359375  -1.280e-04
  9604  +5.0087378611     10258  +5.0087890625  +5.120e-05
  9605  +5.0105111796     10262  +5.0107421875  +2.310e-04
  9606  +5.0122838707     10265  +5.0122070312  -7.684e-05
  9607  +5.0140559350     10269  +5.0141601562  +1.042e-04
  9608  +5.0158273733     10272  +5.0156250000  -2.024e-04
  9609  +5.0175981862     10276  +5.0175781250  -2.006e-05
  9610  +5.0193683744     10280  +5.0195312500  +1.629e-04
  9611  +5.0211379385     10283  +5.0209960938  -1.418e-04
  9612  +5.0229068791     10287  +5.0229492188  +4.234e-05
  9613  +5.0246751971     10291  +5.0249023438  +2.271e-04
  9614  +5.0264428929     10294  +5.0263671875  -7.571e-05
  9615  +5.0282099672     10298  +5.0283203125  +1.103e-04
  9616  +5.0299764208     10301  +5.0297851562  -1.913e-04
  9617  +5.0317422543     10305  +5.0317382812  -3.973e-06
  9618  +5.0335074682     10309  +5.0336914062  +1.839e-04
  9619  +5.0352720634     10312  +5.0351562500  -1.158e-04
  9620  +5.0370360403     10316  +5.0371093750  +7.333e-05
  9621  +5.0387993997     10319  +5.0385742188  -2.252e-04
  9622  +5.0405621423     10323  +5.0405273438  -3.480e-05
  9623  +5.0423242686     10327  +5.0424804688  +1.562e-04
  9624  +5.0440857793     10330  +5.0439453125  -1.405e-04
  9625  +5.0458466751     10334  +5.0458984375  +5.176e-05
  9626  +5.0476069565     10337  +5.0473632812  -2.437e-04
  9627  +5.0493666244     10341  +5.0493164062  -5.022e-05
  9628  +5.0511256791     10345  +5.0512695312  +1.439e-04
  9629  +5.0528841216     10348  +5.0527343750  -1.497e-04
  9630  +5.0546419522     10352  +5.0546875000  +4.555e-05
  9631  +5.0563991718     10356  +5.0566406250  +2.415e-04
  9632  +5.0581557809     10359  +5.0581054688  -5.031e-05
  9633  +5.0599117802     10363  +5.0600585938  +1.468e-04
  9634  +5.0616671703     10366  +5.0615234375  -1.437e-04
  9635  +5.0634219518     10370  +5.0634765625  +5.461e-05
  9636  +5.0651761254     10373  +5.0649414062  -2.347e-04
  9637  +5.0669296917     10377  +5.0668945312  -3.516e-05
  9638  +5.0686826514     10381  +5.0688476562  +1.650e-04
  9639  +5.0704350050     10384  +5.0703125000  -1.225e-04
  9640  +5.0721867532     10388  +5.0722656250  +7.887e-05
  9641  +5.0739378966     10391  +5.0737304688  -2.074e-04
  9642  +5.0756884359     10395  +5.0756835938  -4.842e-06
  9643  +5.0774383716     10399  +5.0776367188  +1.983e-04
  9644  +5.0791877044     10402  +5.0791015625  -8.614e-05
  9645  +5.0809364349     10406  +5.0810546875  +1.183e-04
  9646  +5.0826845638     10409  +5.0825195312  -1.650e-04
  9647  +5.0844320917     10413  +5.0844726562  +4.056e-05
  9648  +5.0861790191     10416  +5.0859375000  -2.415e-04
  9649  +5.0879253467     10420  +5.0878906250  -3.472e-05
  9650  +5.0896710751     10424  +5.0898437500  +1.727e-04
  9651  +5.0914162050     10427  +5.0913085938  -1.076e-04
  9652  +5.0931607369     10431  +5.0932617188  +1.010e-04
  9653  +5.0949046714     10434  +5.0947265625  -1.781e-04
  9654  +5.0966480093     10438  +5.0966796875  +3.168e-05
  9655  +5.0983907510     10442  +5.0986328125  +2.421e-04
  9656  +5.1001328972     10445  +5.1000976562  -3.524e-05
  9657  +5.1018744485     10449  +5.1020507812  +1.763e-04
  9658  +5.1036154056     10452  +5.1035156250  -9.978e-05
  9659  +5.1053557689     10456  +5.1054687500  +1.130e-04
  9660  +5.1070955392     10459  +5.1069335938  -1.619e-04
  9661  +5.1088347170     10463  +5.1088867188  +5.200e-05
  9662  +5.1105733030     10466  +5.1103515625  -2.217e-04
  9663  +5.1123112977     10470  +5.1123046875  -6.610e-06
  9664  +5.1140487018     10474  +5.1142578125  +2.091e-04
  9665  +5.1157855158     10477  +5.1157226562  -6.286e-05
  9666  +5.1175217403     10481  +5.1176757812  +1.540e-04
  9667  +5.1192573761     10484  +5.1191406250  -1.168e-04
  9668  +5.1209924235     10488  +5.1210937500  +1.013e-04
  9669  +5.1227268833     10491  +5.1225585938  -1.683e-04
  9670  +5.1244607561     10495  +5.1245117188  +5.096e-05
  9671  +5.1261940423     10498  +5.1259765625  -2.175e-04
  9672  +5.1279267428     10502  +5.1279296875  +2.945e-06
  9673  +5.1296588579     10506  +5.1298828125  +2.240e-04
  9674  +5.1313903884     10509  +5.1313476562  -4.273e-05
  9675  +5.1331213348     10513  +5.1333007812  +1.794e-04
  9676  +5.1348516976     10516  +5.1347656250  -8.607e-05
  9677  +5.1365814776     10520  +5.1367187500  +1.373e-04
  9678  +5.1383106753     10523  +5.1381835938  -1.271e-04
  9679  +5.1400392912     10527  +5.1401367188  +9.743e-05
  9680  +5.1417673259     10530  +5.1416015625  -1.658e-04
  9681  +5.1434947802     10534  +5.1435546875  +5.991e-05
  9682  +5.1452216544     10537  +5.1450195312  -2.021e-04
  9683  +5.1469479493     10541  +5.1469726562  +2.471e-05
  9684  +5.1486736653     10544  +5.1484375000  -2.362e-04
  9685  +5.1503988031     10548  +5.1503906250  -8.178e-06
  9686  +5.1521233633     10552  +5.1523437500  +2.204e-04
  9687  +5.1538473464     10555  +5.1538085938  -3.875e-05
  9688  +5.1555707530     10559  +5.1557617188  +1.910e-04
  9689  +5.1572935837     10562  +5.1572265625  -6.702e-05
  9690  +5.1590158391     10566  +5.1591796875  +1.638e-04
  9691  +5.1607375197     10569  +5.1606445312  -9.299e-05
  9692  +5.1624586262     10573  +5.1625976562  +1.390e-04
  9693  +5.1641791590     10576  +5.1640625000  -1.167e-04
  9694  +5.1658991188     10580  +5.1660156250  +1.165e-04
  9695  +5.1676185061     10583  +5.1674804688  -1.380e-04
  9696  +5.1693373216     10587  +5.1694335938  +9.627e-05
  9697  +5.1710555657     10590  +5.1708984375  -1.571e-04
  9698  +5.1727732391     10594  +5.1728515625  +7.832e-05
  9699  +5.1744903423     10597  +5.1743164062  -1.739e-04
  9700  +5.1762068759     10601  +5.1762695312  +6.266e-05
  9701  +5.1779228404     10604  +5.1777343750  -1.885e-04
  9702  +5.1796382365     10608  +5.1796875000  +4.926e-05
  9703  +5.1813530646     10611  +5.1811523438  -2.007e-04
  9704  +5.1830673254     10615  +5.1831054688  +3.814e-05
  9705  +5.1847810194     10618  +5.1845703125  -2.107e-04
  9706  +5.1864941471     10622  +5.1865234375  +2.929e-05
  9707  +5.1882067092     10625  +5.1879882812  -2.184e-04
  9708  +5.1899187062     10629  +5.1899414062  +2.270e-05
  9709  +5.1916301386     10632  +5.1914062500  -2.239e-04
  9710  +5.1933410071     10636  +5.1933593750  +1.837e-05
  9711  +5.1950513121     10639  +5.1948242188  -2.271e-04
  9712  +5.1967610542     10643  +5.1967773438  +1.629e-05
  9713  +5.1984702340     10646  +5.1982421875  -2.280e-04
  9714  +5.2001788520     10650  +5.2001953125  +1.646e-05
  9715  +5.2018869088     10653  +5.2016601562  -2.268e-04
  9716  +5.2035944050     10657  +5.2036132812  +1.888e-05
  9717  +5.2053013411     10660  +5.2050781250  -2.232e-04
  9718  +5.2070077175     10664  +5.2070312500  +2.353e-05
  9719  +5.2087135350     10667  +5.2084960938  -2.174e-04
  9720  +5.2104187940     10671  +5.2104492188  +3.042e-05
  9721  +5.2121234951     10674  +5.2119140625  -2.094e-04
  9722  +5.2138276389     10678  +5.2138671875  +3.955e-05
  9723  +5.2155312258     10681  +5.2153320312  -1.992e-04
  9724  +5.2172342565     10685  +5.2172851562  +5.090e-05
  9725  +5.2189367314     10688  +5.2187500000  -1.867e-04
  9726  +5.2206386511     10692  +5.2207031250  +6.447e-05
  9727  +5.2223400162     10695  +5.2221679688  -1.720e-04
  9728  +5.2240408272     10699  +5.2241210938  +8.027e-05
  9729  +5.2257410846     10702  +5.2255859375  -1.551e-04
  9730  +5.2274407891     10706  +5.2275390625  +9.827e-05
  9731  +5.2291399410     10709  +5.2290039062  -1.360e-04
  9732  +5.2308385410     10713  +5.2309570312  +1.185e-04
  9733  +5.2325365896     10716  +5.2324218750  -1.147e-04
  9734  +5.2342340873     10720  +5.2343750000  +1.409e-04
  9735  +5.2359310347     10723  +5.2358398438  -9.119e-05
  9736  +5.2376274323     10727  +5.2377929688  +1.655e-04
  9737  +5.2393232806     10730  +5.2392578125  -6.547e-05
  9738  +5.2410185802     10734  +5.2412109375  +1.924e-04
  9739  +5.2427133316     10737  +5.2426757812  -3.755e-05
  9740  +5.2444075354     10741  +5.2446289062  +2.214e-04
  9741  +5.2461011920     10744  +5.2460937500  -7.442e-06
  9742  +5.2477943020     10747  +5.2475585938  -2.357e-04
  9743  +5.2494868659     10751  +5.2495117188  +2.485e-05
  9744  +5.2511788842     10754  +5.2509765625  -2.023e-04
  9745  +5.2528703576     10758  +5.2529296875  +5.933e-05
  9746  +5.2545612865     10761  +5.2543945312  -1.668e-04
  9747  +5.2562516713     10765  +5.2563476562  +9.598e-05
  9748  +5.2579415128     10768  +5.2578125000  -1.290e-04
  9749  +5.2596308113     10772  +5.2597656250  +1.348e-04
  9750  +5.2613195674     10775  +5.2612304688  -8.910e-05
  9751  +5.2630077817     10779  +5.2631835938  +1.758e-04
  9752  +5.2646954546     10782  +5.2646484375  -4.702e-05
  9753  +5.2663825866     10786  +5.2666015625  +2.190e-04
  9754  +5.2680691784     10789  +5.2680664062  -2.772e-06
  9755  +5.2697552303     10792  +5.2695312500  -2.240e-04
  9756  +5.2714407430     10796  +5.2714843750  +4.363e-05
  9757  +5.2731257169     10799  +5.2729492188  -1.765e-04
  9758  +5.2748101526     10803  +5.2749023438  +9.219e-05
  9759  +5.2764940505     10806  +5.2763671875  -1.269e-04
  9760  +5.2781774112     10810  +5.2783203125  +1.429e-04
  9761  +5.2798602353     10813  +5.2797851562  -7.508e-05
  9762  +5.2815425231     10817  +5.2817382812  +1.958e-04
  9763  +5.2832242752     10820  +5.2832031250  -2.115e-05
  9764  +5.2849054922     10823  +5.2846679688  -2.375e-04
  9765  +5.2865861746     10827  +5.2866210938  +3.492e-05
  9766  +5.2882663228     10830  +5.2880859375  -1.804e-04
  9767  +5.2899459373     10834  +5.2900390625  +9.313e-05
  9768  +5.2916250188     10837  +5.2915039062  -1.211e-04
  9769  +5.2933035676     10841  +5.2934570312  +1.535e-04
  9770  +5.2949815843     10844  +5.2949218750  -5.971e-05
  9771  +5.2966590694     10848  +5.2968750000  +2.159e-04
  9772  +5.2983360234     10851  +5.2983398438  +3.820e-06
  9773  +5.3000124468     10854  +5.2998046875  -2.078e-04
  9774  +5.3016883401     10858  +5.3017578125  +6.947e-05
  9775  +5.3033637038     10861  +5.3032226562  -1.410e-04
  9776  +5.3050385385     10865  +5.3051757812  +1.372e-04
  9777  +5.3067128445     10868  +5.3066406250  -7.222e-05
  9778  +5.3083866224     10872  +5.3085937500  +2.071e-04
  9779  +5.3100598728     10875  +5.3100585938  -1.279e-06
  9780  +5.3117325961     10878  +5.3115234375  -2.092e-04
  9781  +5.3134047927     10882  +5.3134765625  +7.177e-05
  9782  +5.3150764633     10885  +5.3149414062  -1.351e-04
  9783  +5.3167476083     10889  +5.3168945312  +1.469e-04
  9784  +5.3184182281     10892  +5.3183593750  -5.885e-05
  9785  +5.3200883234     10896  +5.3203125000  +2.242e-04
  9786  +5.3217578946     10899  +5.3217773438  +1.945e-05
  9787  +5.3234269421     10902  +5.3232421875  -1.848e-04
  9788  +5.3250954665     10906  +5.3251953125  +9.985e-05
  9789  +5.3267634682     10909  +5.3266601562  -1.033e-04
  9790  +5.3284309478     10913  +5.3286132812  +1.823e-04
  9791  +5.3300979058     10916  +5.3300781250  -1.978e-05
  9792  +5.3317643426     10919  +5.3315429688  -2.214e-04
  9793  +5.3334302587     10923  +5.3334960938  +6.584e-05
  9794  +5.3350956546     10926  +5.3349609375  -1.347e-04
  9795  +5.3367605308     10930  +5.3369140625  +1.535e-04
  9796  +5.3384248877     10933  +5.3383789062  -4.598e-05
  9797  +5.3400887260     10937  +5.3403320312  +2.433e-04
  9798  +5.3417520460     10940  +5.3417968750  +4.483e-05
  9799  +5.3434148482     10943  +5.3432617188  -1.531e-04
  9800  +5.3450771332     10947  +5.3452148438  +1.377e-04
  9801  +5.3467389013     10950  +5.3466796875  -5.921e-05
  9802  +5.3484001532     10954  +5.3486328125  +2.327e-04
  9803  +5.3500608892     10957  +5.3500976562  +3.677e-05
  9804  +5.3517211098     10960  +5.3515625000  -1.586e-04
  9805  +5.3533808156     10964  +5.3535156250  +1.348e-04
  9806  +5.3550400069     10967  +5.3549804688  -5.954e-05
  9807  +5.3566986844     10971  +5.3569335938  +2.349e-04
  9808  +5.3583568484     10974  +5.3583984375  +4.159e-05
  9809  +5.3600144994     10977  +5.3598632812  -1.512e-04
  9810  +5.3616716380     10981  +5.3618164062  +1.448e-04
  9811  +5.3633282645     10984  +5.3632812500  -4.701e-05
  9812  +5.3649843795     10987  +5.3647460938  -2.383e-04
  9813  +5.3666399834     10991  +5.3666992188  +5.924e-05
  9814  +5.3682950767     10994  +5.3681640625  -1.310e-04
  9815  +5.3699496599     10998  +5.3701171875  +1.675e-04
  9816  +5.3716037335     11001  +5.3715820312  -2.170e-05
  9817  +5.3732572979     11004  +5.3730468750  -2.104e-04
  9818  +5.3749103535     11008  +5.3750000000  +8.965e-05
  9819  +5.3765629009     11011  +5.3764648438  -9.806e-05
  9820  +5.3782149406     11015  +5.3784179688  +2.030e-04
  9821  +5.3798664729     11018  +5.3798828125  +1.634e-05
  9822  +5.3815174984     11021  +5.3813476562  -1.698e-04
  9823  +5.3831680176     11025  +5.3833007812  +1.328e-04
  9824  +5.3848180308     11028  +5.3847656250  -5.241e-05
  9825  +5.3864675386     11031  +5.3862304688  -2.371e-04
  9826  +5.3881165414     11035  +5.3881835938  +6.705e-05
  9827  +5.3897650397     11038  +5.3896484375  -1.166e-04
  9828  +5.3914130339     11042  +5.3916015625  +1.885e-04
  9829  +5.3930605246     11045  +5.3930664062  +5.882e-06
  9830  +5.3947075121     11048  +5.3945312500  -1.763e-04
  9831  +5.3963539969     11052  +5.3964843750  +1.304e-04
  9832  +5.3979999796     11055  +5.3979492188  -5.076e-05
  9833  +5.3996454605     11058  +5.3994140625  -2.314e-04
  9834  +5.4012904401     11062  +5.4013671875  +7.675e-05
  9835  +5.4029349189     11065  +5.4028320312  -1.029e-04
  9836  +5.4045788973     11069  +5.4047851562  +2.063e-04
  9837  +5.4062223758     11072  +5.4062500000  +2.762e-05
  9838  +5.4078653548     11075  +5.4077148438  -1.505e-04
  9839  +5.4095078348     11079  +5.4096679688  +1.601e-04
  9840  +5.4111498163     11082  +5.4111328125  -1.700e-05
  9841  +5.4127912997     11085  +5.4125976562  -1.936e-04
  9842  +5.4144322854     11089  +5.4145507812  +1.185e-04
  9843  +5.4160727740     11092  +5.4160156250  -5.715e-05
  9844  +5.4177127657     11095  +5.4174804688  -2.323e-04
  9845  +5.4193522613     11099  +5.4194335938  +8.133e-05
  9846  +5.4209912609     11102  +5.4208984375  -9.282e-05
  9847  +5.4226297652     11106  +5.4228515625  +2.218e-04
  9848  +5.4242677745     11109  +5.4243164062  +4.863e-05
  9849  +5.4259052894     11112  +5.4257812500  -1.240e-04
  9850  +5.4275423101     11116  +5.4277343750  +1.921e-04
  9851  +5.4291788373     11119  +5.4291992188  +2.038e-05
  9852  +5.4308148714     11122  +5.4306640625  -1.508e-04
  9853  +5.4324504127     11126  +5.4326171875  +1.668e-04
  9854  +5.4340854618     11129  +5.4340820312  -3.431e-06
  9855  +5.4357200190     11132  +5.4355468750  -1.731e-04
  9856  +5.4373540849     11136  +5.4375000000  +1.459e-04
  9857  +5.4389876599     11139  +5.4389648438  -2.282e-05
  9858  +5.4406207443     11142  +5.4404296875  -1.911e-04
  9859  +5.4422533387     11146  +5.4423828125  +1.295e-04
  9860  +5.4438854435     11149  +5.4438476562  -3.779e-05
  9861  +5.4455170592     11152  +5.4453125000  -2.046e-04
  9862  +5.4471481861     11156  +5.4472656250  +1.174e-04
  9863  +5.4487788247     11159  +5.4487304688  -4.836e-05
  9864  +5.4504089755     11162  +5.4501953125  -2.137e-04
  9865  +5.4520386388     11166  +5.4521484375  +1.098e-04
  9866  +5.4536678152     11169  +5.4536132812  -5.453e-05
  9867  +5.4552965050     11172  +5.4550781250  -2.184e-04
  9868  +5.4569247088     11176  +5.4570312500  +1.065e-04
  9869  +5.4585524268     11179  +5.4584960938  -5.633e-05
  9870  +5.4601796597     11182  +5.4599609375  -2.187e-04
  9871  +5.4618064077     11186  +5.4619140625  +1.077e-04
  9872  +5.4634326714     11189  +5.4633789062  -5.377e-05
  9873  +5.4650584511     11192  +5.4648437500  -2.147e-04
  9874  +5.4666837473     11196  +5.4667968750  +1.131e-04
  9875  +5.4683085605     11199  +5.4682617188  -4.684e-05
  9876  +5.4699328910     11202  +5.4697265625  -2.063e-04
  9877  +5.4715567393     11206  +5.4716796875  +1.229e-04
  9878  +5.4731801058     11209  +5.4731445312  -3.557e-05
  9879  +5.4748029910     11212  +5.4746093750  -1.936e-04
  9880  +5.4764253953     11216  +5.4765625000  +1.371e-04
  9881  +5.4780473190     11219  +5.4780273438  -1.998e-05
  9882  +5.4796687627     11222  +5.4794921875  -1.766e-04
  9883  +5.4812897267     11226  +5.4814453125  +1.556e-04
  9884  +5.4829102115     11229  +5.4829101562  -5.524e-08
  9885  +5.4845302175     11232  +5.4843750000  -1.552e-04
  9886  +5.4861497451     11236  +5.4863281250  +1.784e-04
  9887  +5.4877687948     11239  +5.4877929688  +2.417e-05
  9888  +5.4893873670     11242  +5.4892578125  -1.296e-04
  9889  +5.4910054620     11246  +5.4912109375  +2.055e-04
  9890  +5.4926230804     11249  +5.4926757812  +5.270e-05
  9891  +5.4942402225     11252  +5.4941406250  -9.960e-05
  9892  +5.4958568888     11256  +5.4960937500  +2.369e-04
  9893  +5.4974730797     11259  +5.4975585938  +8.551e-05
  9894  +5.4990887955     11262  +5.4990234375  -6.536e-05
  9895  +5.5007040368     11265  +5.5004882812  -2.158e-04
  9896  +5.5023188039     11269  +5.5024414062  +1.226e-04
  9897  +5.5039330973     11272  +5.5039062500  -2.685e-05
  9898  +5.5055469173     11275  +5.5053710938  -1.758e-04
  9899  +5.5071602644     11279  +5.5073242188  +1.640e-04
  9900  +5.5087731390     11282  +5.5087890625  +1.592e-05
  9901  +5.5103855416     11285  +5.5102539062  -1.316e-04
  9902  +5.5119974724     11289  +5.5122070312  +2.096e-04
  9903  +5.5136089320     11292  +5.5136718750  +6.294e-05
  9904  +5.5152199208     11295  +5.5151367188  -8.320e-05
  9905  +5.5168304391     11298  +5.5166015625  -2.289e-04
  9906  +5.5184404875     11302  +5.5185546875  +1.142e-04
  9907  +5.5200500662     11305  +5.5200195312  -3.053e-05
  9908  +5.5216591757     11308  +5.5214843750  -1.748e-04
  9909  +5.5232678164     11312  +5.5234375000  +1.697e-04
  9910  +5.5248759888     11315  +5.5249023438  +2.635e-05
  9911  +5.5264836931     11318  +5.5263671875  -1.165e-04
  9912  +5.5280909300     11322  +5.5283203125  +2.294e-04
  9913  +5.5296976996     11325  +5.5297851562  +8.746e-05
  9914  +5.5313040025     11328  +5.5312500000  -5.400e-05
  9915  +5.5329098391     11331  +5.5327148438  -1.950e-04
  9916  +5.5345152098     11335  +5.5346679688  +1.528e-04
  9917  +5.5361201149     11338  +5.5361328125  +1.270e-05
  9918  +5.5377245549     11341  +5.5375976562  -1.269e-04
  9919  +5.5393285302     11345  +5.5395507812  +2.223e-04
  9920  +5.5409320412     11348  +5.5410156250  +8.358e-05
  9921  +5.5425350882     11351  +5.5424804688  -5.462e-05
  9922  +5.5441376718     11354  +5.5439453125  -1.924e-04
  9923  +5.5457397922     11358  +5.5458984375  +1.586e-04
  9924  +5.5473414500     11361  +5.5473632812  +2.183e-05
  9925  +5.5489426454     11364  +5.5488281250  -1.145e-04
  9926  +5.5505433789     11368  +5.5507812500  +2.379e-04
  9927  +5.5521436509     11371  +5.5522460938  +1.024e-04
  9928  +5.5537434618     11374  +5.5537109375  -3.252e-05
  9929  +5.5553428120     11377  +5.5551757812  -1.670e-04
  9930  +5.5569417019     11381  +5.5571289062  +1.872e-04
  9931  +5.5585401319     11384  +5.5585937500  +5.362e-05
  9932  +5.5601381024     11387  +5.5600585938  -7.951e-05
  9933  +5.5617356137     11390  +5.5615234375  -2.122e-04
  9934  +5.5633326663     11394  +5.5634765625  +1.439e-04
  9935  +5.5649292606     11397  +5.5649414062  +1.215e-05
  9936  +5.5665253970     11400  +5.5664062500  -1.191e-04
  9937  +5.5681210758     11404  +5.5683593750  +2.383e-04
  9938  +5.5697162974     11407  +5.5698242188  +1.079e-04
  9939  +5.5713110623     11410  +5.5712890625  -2.200e-05
  9940  +5.5729053708     11413  +5.5727539062  -1.515e-04
  9941  +5.5744992234     11417  +5.5747070312  +2.078e-04
  9942  +5.5760926204     11420  +5.5761718750  +7.925e-05
  9943  +5.5776855622     11423  +5.5776367188  -4.884e-05
  9944  +5.5792780492     11426  +5.5791015625  -1.765e-04
  9945  +5.5808700817     11430  +5.5810546875  +1.846e-04
  9946  +5.5824616603     11433  +5.5825195312  +5.787e-05
  9947  +5.5840527852     11436  +5.5839843750  -6.841e-05
  9948  +5.5856434569     11439  +5.5854492188  -1.942e-04
  9949  +5.5872336757     11443  +5.5874023438  +1.687e-04
  9950  +5.5888234420     11446  +5.5888671875  +4.375e-05
  9951  +5.5904127563     11449  +5.5903320312  -8.073e-05
  9952  +5.5920016188     11452  +5.5917968750  -2.047e-04
  9953  +5.5935900301     11456  +5.5937500000  +1.600e-04
  9954  +5.5951779904     11459  +5.5952148438  +3.685e-05
  9955  +5.5967655001     11462  +5.5966796875  -8.581e-05
  9956  +5.5983525597     11465  +5.5981445312  -2.080e-04
  9957  +5.5999391695     11469  +5.6000976562  +1.585e-04
  9958  +5.6015253299     11472  +5.6015625000  +3.717e-05
  9959  +5.6031110413     11475  +5.6030273438  -8.370e-05
  9960  +5.6046963040     11478  +5.6044921875  -2.041e-04
  9961  +5.6062811185     11482  +5.6064453125  +1.642e-04
  9962  +5.6078654851     11485  +5.6079101562  +4.467e-05
  9963  +5.6094494042     11488  +5.6093750000  -7.440e-05
  9964  +5.6110328762     11491  +5.6108398438  -1.930e-04
  9965  +5.6126159014     11495  +5.6127929688  +1.771e-04
  9966  +5.6141984803     11498  +5.6142578125  +5.933e-05
  9967  +5.6157806132     11501  +5.6157226562  -5.796e-05
  9968  +5.6173623005     11504  +5.6171875000  -1.748e-04
  9969  +5.6189435426     11508  +5.6191406250  +1.971e-04
  9970  +5.6205243398     11511  +5.6206054688  +8.113e-05
  9971  +5.6221046925     11514  +5.6220703125  -3.438e-05
  9972  +5.6236846011     11517  +5.6235351562  -1.494e-04
  9973  +5.6252640660     11521  +5.6254882812  +2.242e-04
  9974  +5.6268430875     11524  +5.6269531250  +1.100e-04
  9975  +5.6284216660     11527  +5.6284179688  -3.697e-06
  9976  +5.6299998020     11530  +5.6298828125  -1.170e-04
  9977  +5.6315774956     11533  +5.6313476562  -2.298e-04
  9978  +5.6331547475     11537  +5.6333007812  +1.460e-04
  9979  +5.6347315578     11540  +5.6347656250  +3.407e-05
  9980  +5.6363079270     11543  +5.6362304688  -7.746e-05
  9981  +5.6378838554     11546  +5.6376953125  -1.885e-04
  9982  +5.6394593434     11550  +5.6396484375  +1.891e-04
  9983  +5.6410343915     11553  +5.6411132812  +7.889e-05
  9984  +5.6426089998     11556  +5.6425781250  -3.087e-05
  9985  +5.6441831689     11559  +5.6440429688  -1.402e-04
  9986  +5.6457568991     11563  +5.6459960938  +2.392e-04
  9987  +5.6473301907     11566  +5.6474609375  +1.307e-04
  9988  +5.6489030442     11569  +5.6489257812  +2.274e-05
  9989  +5.6504754598     11572  +5.6503906250  -8.483e-05
  9990  +5.6520474380     11575  +5.6518554688  -1.920e-04
  9991  +5.6536189791     11579  +5.6538085938  +1.896e-04
  9992  +5.6551900835     11582  +5.6552734375  +8.335e-05
  9993  +5.6567607515     11585  +5.6567382812  -2.247e-05
  9994  +5.6583309835     11588  +5.6582031250  -1.279e-04
  9995  +5.6599007799     11591  +5.6596679688  -2.328e-04
  9996  +5.6614701410     11595  +5.6616210938  +1.510e-04
  9997  +5.6630390672     11598  +5.6630859375  +4.687e-05
  9998  +5.6646075589     11601  +5.6645507812  -5.678e-05
  9999  +5.6661756164     11604  +5.6660156250  -1.600e-04
 10000  +5.6677432400     11608  +5.6679687500  +2.255e-04
 10001  +5.6693104302     11611  +5.6694335938  +1.232e-04
 10002  +5.6708771873     11614  +5.6708984375  +2.125e-05
 10003  +5.6724435117     11617  +5.6723632812  -8.023e-05
 10004  +5.6740094036     11620  +5.6738281250  -1.813e-04
 10005  +5.6755748636     11624  +5.6757812500  +2.064e-04
 10006  +5.6771398918     11627  +5.6772460938  +1.062e-04
 10007  +5.6787044888     11630  +5.6787109375  +6.449e-06
 10008  +5.6802686547     11633  +5.6801757812  -9.287e-05
 10009  +5.6818323901     11636  +5.6816406250  -1.918e-04
 10010  +5.6833956953     11640  +5.6835937500  +1.981e-04
 10011  +5.6849585705     11643  +5.6850585938  +1.000e-04
 10012  +5.6865210162     11646  +5.6865234375  +2.421e-06
 10013  +5.6880830327     11649  +5.6879882812  -9.475e-05
 10014  +5.6896446204     11652  +5.6894531250  -1.915e-04
 10015  +5.6912057796     11656  +5.6914062500  +2.005e-04
 10016  +5.6927665107     11659  +5.6928710938  +1.046e-04
 10017  +5.6943268140     11662  +5.6943359375  +9.124e-06
 10018  +5.6958866899     11665  +5.6958007812  -8.591e-05
 10019  +5.6974461387     11668  +5.6972656250  -1.805e-04
 10020  +5.6990051608     11672  +5.6992187500  +2.136e-04
 10021  +5.7005637565     11675  +5.7006835938  +1.198e-04
 10022  +5.7021219262     11678  +5.7021484375  +2.651e-05
 10023  +5.7036796702     11681  +5.7036132812  -6.639e-05
 10024  +5.7052369890     11684  +5.7050781250  -1.589e-04
 10025  +5.7067938827     11688  +5.7070312500  +2.374e-04
 10026  +5.7083503518     11691  +5.7084960938  +1.457e-04
 10027  +5.7099063966     11694  +5.7099609375  +5.454e-05
 10028  +5.7114620175     11697  +5.7114257812  -3.624e-05
 10029  +5.7130172148     11700  +5.7128906250  -1.266e-04
 10030  +5.7145719889     11703  +5.7143554688  -2.165e-04
 10031  +5.7161263401     11707  +5.7163085938  +1.823e-04
 10032  +5.7176802687     11710  +5.7177734375  +9.317e-05
 10033  +5.7192337751     11713  +5.7192382812  +4.506e-06
 10034  +5.7207868597     11716  +5.7207031250  -8.373e-05
 10035  +5.7223395227     11719  +5.7221679688  -1.716e-04
 10036  +5.7238917646     11723  +5.7241210938  +2.293e-04
 10037  +5.7254435856     11726  +5.7255859375  +1.424e-04
 10038  +5.7269949862     11729  +5.7270507812  +5.580e-05
 10039  +5.7285459665     11732  +5.7285156250  -3.034e-05
 10040  +5.7300965271     11735  +5.7299804688  -1.161e-04
 10041  +5.7316466682     11738  +5.7314453125  -2.014e-04
 10042  +5.7331963902     11742  +5.7333984375  +2.020e-04
 10043  +5.7347456934     11745  +5.7348632812  +1.176e-04
 10044  +5.7362945782     11748  +5.7363281250  +3.355e-05
 10045  +5.7378430448     11751  +5.7377929688  -5.008e-05
 10046  +5.7393910937     11754  +5.7392578125  -1.333e-04
 10047  +5.7409387251     11757  +5.7407226562  -2.161e-04
 10048  +5.7424859395     11761  +5.7426757812  +1.898e-04
 10049  +5.7440327371     11764  +5.7441406250  +1.079e-04
 10050  +5.7455791182     11767  +5.7456054688  +2.635e-05
 10051  +5.7471250833     11770  +5.7470703125  -5.477e-05
 10052  +5.7486706327     11773  +5.7485351562  -1.355e-04
 10053  +5.7502157666     11776  +5.7500000000  -2.158e-04
 10054  +5.7517604854     11780  +5.7519531250  +1.926e-04
 10055  +5.7533047895     11783  +5.7534179688  +1.132e-04
 10056  +5.7548486792     11786  +5.7548828125  +3.413e-05
 10057  +5.7563921548     11789  +5.7563476562  -4.450e-05
 10058  +5.7579352166     11792  +5.7578125000  -1.227e-04
 10059  +5.7594778651     11795  +5.7592773438  -2.005e-04
 10060  +5.7610201004     11799  +5.7612304688  +2.104e-04
 10061  +5.7625619231     11802  +5.7626953125  +1.334e-04
 10062  +5.7641033333     11805  +5.7641601562  +5.682e-05
 10063  +5.7656443314     11808  +5.7656250000  -1.933e-05
 10064  +5.7671849177     11811  +5.7670898438  -9.507e-05
 10065  +5.7687250927     11814  +5.7685546875  -1.704e-04
 10066  +5.7702648565     11818  +5.7705078125  +2.430e-04
 10067  +5.7718042096     11821  +5.7719726562  +1.684e-04
 10068  +5.7733431522     11824  +5.7734375000  +9.435e-05
 10069  +5.7748816847     11827  +5.7749023438  +2.066e-05
 10070  +5.7764198074     11830  +5.7763671875  -5.262e-05
 10071  +5.7779575207     11833  +5.7778320312  -1.255e-04
 10072  +5.7794948248     11836  +5.7792968750  -1.979e-04
 10073  +5.7810317202     11840  +5.7812500000  +2.183e-04
 10074  +5.7825682070     11843  +5.7827148438  +1.466e-04
 10075  +5.7841042858     11846  +5.7841796875  +7.540e-05
 10076  +5.7856399566     11849  +5.7856445312  +4.575e-06
 10077  +5.7871752200     11852  +5.7871093750  -6.585e-05
 10078  +5.7887100762     11855  +5.7885742188  -1.359e-04
 10079  +5.7902445256     11858  +5.7900390625  -2.055e-04
 10080  +5.7917785684     11862  +5.7919921875  +2.136e-04
 10081  +5.7933122050     11865  +5.7934570312  +1.448e-04
 10082  +5.7948454357     11868  +5.7949218750  +7.644e-05
 10083  +5.7963782609     11871  +5.7963867188  +8.458e-06
 10084  +5.7979106808     11874  +5.7978515625  -5.912e-05
 10085  +5.7994426958     11877  +5.7993164062  -1.263e-04
 10086  +5.8009743062     11880  +5.8007812500  -1.931e-04
 10087  +5.8025055124     11884  +5.8027343750  +2.289e-04
 10088  +5.8040363145     11887  +5.8041992188  +1.629e-04
 10089  +5.8055667131     11890  +5.8056640625  +9.735e-05
 10090  +5.8070967083     11893  +5.8071289062  +3.220e-05
 10091  +5.8086263005     11896  +5.8085937500  -3.255e-05
 10092  +5.8101554900     11899  +5.8100585938  -9.690e-05
 10093  +5.8116842771     11902  +5.8115234375  -1.608e-04
 10094  +5.8132126623     11905  +5.8129882812  -2.244e-04
 10095  +5.8147406456     11909  +5.8149414062  +2.008e-04
 10096  +5.8162682276     11912  +5.8164062500  +1.380e-04
 10097  +5.8177954085     11915  +5.8178710938  +7.569e-05
 10098  +5.8193221885     11918  +5.8193359375  +1.375e-05
 10099  +5.8208485682     11921  +5.8208007812  -4.779e-05
 10100  +5.8223745476     11924  +5.8222656250  -1.089e-04
 10101  +5.8239001273     11927  +5.8237304688  -1.697e-04
 10102  +5.8254253074     11930  +5.8251953125  -2.300e-04
 10103  +5.8269500883     11934  +5.8271484375  +1.983e-04
 10104  +5.8284744703     11937  +5.8286132812  +1.388e-04
 10105  +5.8299984537     11940  +5.8300781250  +7.967e-05
 10106  +5.8315220388     11943  +5.8315429688  +2.093e-05
 10107  +5.8330452260     11946  +5.8330078125  -3.741e-05
 10108  +5.8345680155     11949  +5.8344726562  -9.536e-05
 10109  +5.8360904077     11952  +5.8359375000  -1.529e-04
 10110  +5.8376124029     11955  +5.8374023438  -2.101e-04
 10111  +5.8391340014     11959  +5.8393554688  +2.215e-04
 10112  +5.8406552034     11962  +5.8408203125  +1.651e-04
 10113  +5.8421760094     11965  +5.8422851562  +1.091e-04
 10114  +5.8436964196     11968  +5.8437500000  +5.358e-05
 10115  +5.8452164343     11971  +5.8452148438  -1.591e-06
 10116  +5.8467360538     11974  +5.8466796875  -5.637e-05
 10117  +5.8482552785     11977  +5.8481445312  -1.107e-04
 10118  +5.8497741086     11980  +5.8496093750  -1.647e-04
 10119  +5.8512925445     11983  +5.8510742188  -2.183e-04
 10120  +5.8528105864     11987  +5.8530273438  +2.168e-04
 10121  +5.8543282347     11990  +5.8544921875  +1.640e-04
 10122  +5.8558454897     11993  +5.8559570312  +1.115e-04
 10123  +5.8573623517     11996  +5.8574218750  +5.952e-05
 10124  +5.8588788209     11999  +5.8588867188  +7.898e-06
 10125  +5.8603948977     12002  +5.8603515625  -4.334e-05
 10126  +5.8619105825     12005  +5.8618164062  -9.418e-05
 10127  +5.8634258754     12008  +5.8632812500  -1.446e-04
 10128  +5.8649407768     12011  +5.8647460938  -1.947e-04
 10129  +5.8664552870     12015  +5.8666992188  +2.439e-04
 10130  +5.8679694064     12018  +5.8681640625  +1.947e-04
 10131  +5.8694831351     12021  +5.8696289062  +1.458e-04
 10132  +5.8709964736     12024  +5.8710937500  +9.728e-05
 10133  +5.8725094221     12027  +5.8725585938  +4.917e-05
 10134  +5.8740219809     12030  +5.8740234375  +1.457e-06
 10135  +5.8755341503     12033  +5.8754882812  -4.587e-05
 10136  +5.8770459306     12036  +5.8769531250  -9.281e-05
 10137  +5.8785573222     12039  +5.8784179688  -1.394e-04
 10138  +5.8800683252     12042  +5.8798828125  -1.855e-04
 10139  +5.8815789401     12045  +5.8813476562  -2.313e-04
 10140  +5.8830891671     12049  +5.8833007812  +2.116e-04
 10141  +5.8845990065     12052  +5.8847656250  +1.666e-04
 10142  +5.8861084586     12055  +5.8862304688  +1.220e-04
 10143  +5.8876175238     12058  +5.8876953125  +7.779e-05
 10144  +5.8891262022     12061  +5.8891601562  +3.395e-05
 10145  +5.8906344943     12064  +5.8906250000  -9.494e-06
 10146  +5.8921424002     12067  +5.8920898438  -5.256e-05
 10147  +5.8936499204     12070  +5.8935546875  -9.523e-05
 10148  +5.8951570550     12073  +5.8950195312  -1.375e-04
 10149  +5.8966638044     12076  +5.8964843750  -1.794e-04
 10150  +5.8981701689     12079  +5.8979492188  -2.210e-04
 10151  +5.8996761488     12083  +5.8999023438  +2.262e-04
 10152  +5.9011817444     12086  +5.9013671875  +1.854e-04
 10153  +5.9026869559     12089  +5.9028320312  +1.451e-04
 10154  +5.9041917837     12092  +5.9042968750  +1.051e-04
 10155  +5.9056962281     12095  +5.9057617188  +6.549e-05
 10156  +5.9072002893     12098  +5.9072265625  +2.627e-05
 10157  +5.9087039677     12101  +5.9086914062  -1.256e-05
 10158  +5.9102072634     12104  +5.9101562500  -5.101e-05
 10159  +5.9117101769     12107  +5.9116210938  -8.908e-05
 10160  +5.9132127085     12110  +5.9130859375  -1.268e-04
 10161  +5.9147148583     12113  +5.9145507812  -1.641e-04
 10162  +5.9162166267     12116  +5.9160156250  -2.010e-04
 10163  +5.9177180140     12119  +5.9174804688  -2.375e-04
 10164  +5.9192190205     12123  +5.9194335938  +2.146e-04
 10165  +5.9207196465     12126  +5.9208984375  +1.788e-04
 10166  +5.9222198922     12129  +5.9223632812  +1.434e-04
 10167  +5.9237197580     12132  +5.9238281250  +1.084e-04
 10168  +5.9252192441     12135  +5.9252929688  +7.372e-05
 10169  +5.9267183508     12138  +5.9267578125  +3.946e-05
 10170  +5.9282170785     12141  +5.9282226562  +5.578e-06
 10171  +5.9297154273     12144  +5.9296875000  -2.793e-05
 10172  +5.9312133976     12147  +5.9311523438  -6.105e-05
 10173  +5.9327109897     12150  +5.9326171875  -9.380e-05
 10174  +5.9342082039     12153  +5.9340820312  -1.262e-04
 10175  +5.9357050404     12156  +5.9355468750  -1.582e-04
 10176  +5.9372014995     12159  +5.9370117188  -1.898e-04
 10177  +5.9386975815     12162  +5.9384765625  -2.210e-04
 10178  +5.9401932868     12166  +5.9404296875  +2.364e-04
 10179  +5.9416886155     12169  +5.9418945312  +2.059e-04
 10180  +5.9431835680     12172  +5.9433593750  +1.758e-04
 10181  +5.9446781446     12175  +5.9448242188  +1.461e-04
 10182  +5.9461723455     12178  +5.9462890625  +1.167e-04
 10183  +5.9476661710     12181  +5.9477539062  +8.774e-05
 10184  +5.9491596214     12184  +5.9492187500  +5.913e-05
 10185  +5.9506526970     12187  +5.9506835938  +3.090e-05
 10186  +5.9521453980     12190  +5.9521484375  +3.039e-06
 10187  +5.9536377248     12193  +5.9536132812  -2.444e-05
 10188  +5.9551296777     12196  +5.9550781250  -5.155e-05
 10189  +5.9566212568     12199  +5.9565429688  -7.829e-05
 10190  +5.9581124626     12202  +5.9580078125  -1.047e-04
 10191  +5.9596032952     12205  +5.9594726562  -1.306e-04
 10192  +5.9610937550     12208  +5.9609375000  -1.563e-04
 10193  +5.9625838422     12211  +5.9624023438  -1.815e-04
 10194  +5.9640735571     12214  +5.9638671875  -2.064e-04
 10195  +5.9655629000     12217  +5.9653320312  -2.309e-04
 10196  +5.9670518712     12221  +5.9672851562  +2.333e-04
 10197  +5.9685404709     12224  +5.9687500000  +2.095e-04
 10198  +5.9700286994     12227  +5.9702148438  +1.861e-04
 10199  +5.9715165571     12230  +5.9716796875  +1.631e-04
 10200  +5.9730040441     12233  +5.9731445312  +1.405e-04
 10201  +5.9744911608     12236  +5.9746093750  +1.182e-04
 10202  +5.9759779074     12239  +5.9760742188  +9.631e-05
 10203  +5.9774642842     12242  +5.9775390625  +7.478e-05
 10204  +5.9789502915     12245  +5.9790039062  +5.361e-05
 10205  +5.9804359296     12248  +5.9804687500  +3.282e-05
 10206  +5.9819211987     12251  +5.9819335938  +1.240e-05
 10207  +5.9834060991     12254  +5.9833984375  -7.662e-06
 10208  +5.9848906311     12257  +5.9848632812  -2.735e-05
 10209  +5.9863747949     12260  +5.9863281250  -4.667e-05
 10210  +5.9878585909     12263  +5.9877929688  -6.562e-05
 10211  +5.9893420193     12266  +5.9892578125  -8.421e-05
 10212  +5.9908250803     12269  +5.9907226562  -1.024e-04
 10213  +5.9923077744     12272  +5.9921875000  -1.203e-04
 10214  +5.9937901016     12275  +5.9936523438  -1.378e-04
 10215  +5.9952720623     12278  +5.9951171875  -1.549e-04
 10216  +5.9967536568     12281  +5.9965820312  -1.716e-04
 10217  +5.9982348854     12284  +5.9980468750  -1.880e-04
 10218  +5.9997157482     12287  +5.9995117188  -2.040e-04
 10219  +6.0011962457     12290  +6.0009765625  -2.197e-04
 10220  +6.0026763779     12293  +6.0024414062  -2.350e-04
 10221  +6.0041561453     12297  +6.0043945312  +2.384e-04
 10222  +6.0056355481     12300  +6.0058593750  +2.238e-04
 10223  +6.0071145866     12303  +6.0073242188  +2.096e-04
 10224  +6.0085932610     12306  +6.0087890625  +1.958e-04
 10225  +6.0100715715     12309  +6.0102539062  +1.823e-04
 10226  +6.0115495186     12312  +6.0117187500  +1.692e-04
 10227  +6.0130271024     12315  +6.0131835938  +1.565e-04
 10228  +6.0145043232     12318  +6.0146484375  +1.441e-04
 10229  +6.0159811812     12321  +6.0161132812  +1.321e-04
 10230  +6.0174576768     12324  +6.0175781250  +1.204e-04
 10231  +6.0189338102     12327  +6.0190429688  +1.092e-04
 10232  +6.0204095816     12330  +6.0205078125  +9.823e-05
 10233  +6.0218849914     12333  +6.0219726562  +8.766e-05
 10234  +6.0233600398     12336  +6.0234375000  +7.746e-05
 10235  +6.0248347271     12339  +6.0249023438  +6.762e-05
 10236  +6.0263090535     12342  +6.0263671875  +5.813e-05
 10237  +6.0277830193     12345  +6.0278320312  +4.901e-05
 10238  +6.0292566247     12348  +6.0292968750  +4.025e-05
 10239  +6.0307298701     12351  +6.0307617188  +3.185e-05
 10240  +6.0322027557     12354  +6.0322265625  +2.381e-05
 10241  +6.0336752817     12357  +6.0336914062  +1.612e-05
 10242  +6.0351474485     12360  +6.0351562500  +8.802e-06
 10243  +6.0366192562     12363  +6.0366210938  +1.838e-06
 10244  +6.0380907051     12366  +6.0380859375  -4.768e-06
 10245  +6.0395617956     12369  +6.0395507812  -1.101e-05
 10246  +6.0410325278     12372  +6.0410156250  -1.690e-05
 10247  +6.0425029021     12375  +6.0424804688  -2.243e-05
 10248  +6.0439729186     12378  +6.0439453125  -2.761e-05
 10249  +6.0454425777     12381  +6.0454101562  -3.242e-05
 10250  +6.0469118796     12384  +6.0468750000  -3.688e-05
 10251  +6.0483808246     12387  +6.0483398438  -4.098e-05
 10252  +6.0498494129     12390  +6.0498046875  -4.473e-05
 10253  +6.0513176448     12393  +6.0512695312  -4.811e-05
 10254  +6.0527855205     12396  +6.0527343750  -5.115e-05
 10255  +6.0542530403     12399  +6.0541992188  -5.382e-05
 10256  +6.0557202046     12402  +6.0556640625  -5.614e-05
 10257  +6.0571870134     12405  +6.0571289062  -5.811e-05
 10258  +6.0586534671     12408  +6.0585937500  -5.972e-05
 10259  +6.0601195660     12411  +6.0600585938  -6.097e-05
 10260  +6.0615853102     12414  +6.0615234375  -6.187e-05
 10261  +6.0630507002     12417  +6.0629882812  -6.242e-05
 10262  +6.0645157360     12420  +6.0644531250  -6.261e-05
 10263  +6.0659804180     12423  +6.0659179688  -6.245e-05
 10264  +6.0674447464     12426  +6.0673828125  -6.193e-05
 10265  +6.0689087215     12429  +6.0688476562  -6.107e-05
 10266  +6.0703723436     12432  +6.0703125000  -5.984e-05
 10267  +6.0718356128     12435  +6.0717773438  -5.827e-05
 10268  +6.0732985295     12438  +6.0732421875  -5.634e-05
 10269  +6.0747610939     12441  +6.0747070312  -5.406e-05
 10270  +6.0762233062     12444  +6.0761718750  -5.143e-05
 10271  +6.0776851668     12447  +6.0776367188  -4.845e-05
 10272  +6.0791466758     12450  +6.0791015625  -4.511e-05
 10273  +6.0806078335     12453  +6.0805664062  -4.143e-05
 10274  +6.0820686402     12456  +6.0820312500  -3.739e-05
 10275  +6.0835290962     12459  +6.0834960938  -3.300e-05
 10276  +6.0849892016     12462  +6.0849609375  -2.826e-05
 10277  +6.0864489567     12465  +6.0864257812  -2.318e-05
 10278  +6.0879083618     12468  +6.0878906250  -1.774e-05
 10279  +6.0893674172     12471  +6.0893554688  -1.195e-05
 10280  +6.0908261230     12474  +6.0908203125  -5.811e-06
 10281  +6.0922844796     12477  +6.0922851562  +6.767e-07
 10282  +6.0937424871     12480  +6.0937500000  +7.513e-06
 10283  +6.0952001459     12483  +6.0952148438  +1.470e-05
 10284  +6.0966574562     12486  +6.0966796875  +2.223e-05
 10285  +6.0981144182     12489  +6.0981445312  +3.011e-05
 10286  +6.0995710322     12492  +6.0996093750  +3.834e-05
 10287  +6.1010272985     12495  +6.1010742188  +4.692e-05
 10288  +6.1024832172     12498  +6.1025390625  +5.585e-05
 10289  +6.1039387886     12501  +6.1040039062  +6.512e-05
 10290  +6.1053940131     12504  +6.1054687500  +7.474e-05
 10291  +6.1068488907     12507  +6.1069335938  +8.470e-05
 10292  +6.1083034219     12510  +6.1083984375  +9.502e-05
 10293  +6.1097576067     12513  +6.1098632812  +1.057e-04
 10294  +6.1112114455     12516  +6.1113281250  +1.167e-04
 10295  +6.1126649386     12519  +6.1127929688  +1.280e-04
 10296  +6.1141180861     12522  +6.1142578125  +1.397e-04
 10297  +6.1155708883     12525  +6.1157226562  +1.518e-04
 10298  +6.1170233455     12528  +6.1171875000  +1.642e-04
 10299  +6.1184754579     12531  +6.1186523438  +1.769e-04
 10300  +6.1199272257     12534  +6.1201171875  +1.900e-04
 10301  +6.1213786493     12537  +6.1215820312  +2.034e-04
 10302  +6.1228297287     12540  +6.1230468750  +2.171e-04
 10303  +6.1242804644     12543  +6.1245117188  +2.313e-04
 10304  +6.1257308565     12545  +6.1254882812  -2.426e-04
 10305  +6.1271809052     12548  +6.1269531250  -2.278e-04
 10306  +6.1286306109     12551  +6.1284179688  -2.126e-04
 10307  +6.1300799737     12554  +6.1298828125  -1.972e-04
 10308  +6.1315289939     12557  +6.1313476562  -1.813e-04
 10309  +6.1329776718     12560  +6.1328125000  -1.652e-04
 10310  +6.1344260076     12563  +6.1342773438  -1.487e-04
 10311  +6.1358740014     12566  +6.1357421875  -1.318e-04
 10312  +6.1373216537     12569  +6.1372070312  -1.146e-04
 10313  +6.1387689646     12572  +6.1386718750  -9.709e-05
 10314  +6.1402159343     12575  +6.1401367188  -7.922e-05
 10315  +6.1416625631     12578  +6.1416015625  -6.100e-05
 10316  +6.1431088513     12581  +6.1430664062  -4.245e-05
 10317  +6.1445547990     12584  +6.1445312500  -2.355e-05
 10318  +6.1460004065     12587  +6.1459960938  -4.313e-06
 10319  +6.1474456742     12590  +6.1474609375  +1.526e-05
 10320  +6.1488906021     12593  +6.1489257812  +3.518e-05
 10321  +6.1503351905     12596  +6.1503906250  +5.543e-05
 10322  +6.1517794397     12599  +6.1518554688  +7.603e-05
 10323  +6.1532233499     12602  +6.1533203125  +9.696e-05
 10324  +6.1546669214     12605  +6.1547851562  +1.182e-04
 10325  +6.1561101544     12608  +6.1562500000  +1.398e-04
 10326  +6.1575530491     12611  +6.1577148438  +1.618e-04
 10327  +6.1589956058     12614  +6.1591796875  +1.841e-04
 10328  +6.1604378246     12617  +6.1606445312  +2.067e-04
 10329  +6.1618797059     12620  +6.1621093750  +2.297e-04
 10330  +6.1633212499     12622  +6.1630859375  -2.353e-04
 10331  +6.1647624568     12625  +6.1645507812  -2.117e-04
 10332  +6.1662033269     12628  +6.1660156250  -1.877e-04
 10333  +6.1676438603     12631  +6.1674804688  -1.634e-04
 10334  +6.1690840574     12634  +6.1689453125  -1.387e-04
 10335  +6.1705239183     12637  +6.1704101562  -1.138e-04
 10336  +6.1719634434     12640  +6.1718750000  -8.844e-05
 10337  +6.1734026327     12643  +6.1733398438  -6.279e-05
 10338  +6.1748414866     12646  +6.1748046875  -3.680e-05
 10339  +6.1762800053     12649  +6.1762695312  -1.047e-05
 10340  +6.1777181891     12652  +6.1777343750  +1.619e-05
 10341  +6.1791560381     12655  +6.1791992188  +4.318e-05
 10342  +6.1805935526     12658  +6.1806640625  +7.051e-05
 10343  +6.1820307328     12661  +6.1821289062  +9.817e-05
 10344  +6.1834675790     12664  +6.1835937500  +1.262e-04
 10345  +6.1849040915     12667  +6.1850585938  +1.545e-04
 10346  +6.1863402703     12670  +6.1865234375  +1.832e-04
 10347  +6.1877761158     12673  +6.1879882812  +2.122e-04
 10348  +6.1892116282     12676  +6.1894531250  +2.415e-04
 10349  +6.1906468077     12678  +6.1904296875  -2.171e-04
 10350  +6.1920816546     12681  +6.1918945312  -1.871e-04
 10351  +6.1935161691     12684  +6.1933593750  -1.568e-04
 10352  +6.1949503514     12687  +6.1948242188  -1.261e-04
 10353  +6.1963842017     12690  +6.1962890625  -9.514e-05
 10354  +6.1978177204     12693  +6.1977539062  -6.381e-05
 10355  +6.1992509075     12696  +6.1992187500  -3.216e-05
 10356  +6.2006837634     12699  +6.2006835938  -1.696e-07
 10357  +6.2021162883     12702  +6.2021484375  +3.215e-05
 10358  +6.2035484823     12705  +6.2036132812  +6.480e-05
 10359  +6.2049803458     12708  +6.2050781250  +9.778e-05
 10360  +6.2064118789     12711  +6.2065429688  +1.311e-04
 10361  +6.2078430820     12714  +6.2080078125  +1.647e-04
 10362  +6.2092739551     12717  +6.2094726562  +1.987e-04
 10363  +6.2107044986     12720  +6.2109375000  +2.330e-04
 10364  +6.2121347127     12722  +6.2119140625  -2.207e-04
 10365  +6.2135645976     12725  +6.2133789062  -1.857e-04
 10366  +6.2149941534     12728  +6.2148437500  -1.504e-04
 10367  +6.2164233806     12731  +6.2163085938  -1.148e-04
 10368  +6.2178522792     12734  +6.2177734375  -7.884e-05
 10369  +6.2192808495     12737  +6.2192382812  -4.257e-05
 10370  +6.2207090918     12740  +6.2207031250  -5.967e-06
 10371  +6.2221370062     12743  +6.2221679688  +3.096e-05
 10372  +6.2235645930     12746  +6.2236328125  +6.822e-05
 10373  +6.2249918524     12749  +6.2250976562  +1.058e-04
 10374  +6.2264187847     12752  +6.2265625000  +1.437e-04
 10375  +6.2278453900     12755  +6.2280273438  +1.820e-04
 10376  +6.2292716686     12758  +6.2294921875  +2.205e-04
 10377  +6.2306976207     12760  +6.2304687500  -2.289e-04
 10378  +6.2321232465     12763  +6.2319335938  -1.897e-04
 10379  +6.2335485463     12766  +6.2333984375  -1.501e-04
 10380  +6.2349735203     12769  +6.2348632812  -1.102e-04
 10381  +6.2363981687     12772  +6.2363281250  -7.004e-05
 10382  +6.2378224917     12775  +6.2377929688  -2.952e-05
 10383  +6.2392464895     12778  +6.2392578125  +1.132e-05
 10384  +6.2406701624     12781  +6.2407226562  +5.249e-05
 10385  +6.2420935106     12784  +6.2421875000  +9.399e-05
 10386  +6.2435165344     12787  +6.2436523438  +1.358e-04
 10387  +6.2449392338     12790  +6.2451171875  +1.780e-04
 10388  +6.2463616093     12793  +6.2465820312  +2.204e-04
 10389  +6.2477836609     12795  +6.2475585938  -2.251e-04
 10390  +6.2492053889     12798  +6.2490234375  -1.820e-04
 10391  +6.2506267935     12801  +6.2504882812  -1.385e-04
 10392  +6.2520478750     12804  +6.2519531250  -9.475e-05
 10393  +6.2534686335     12807  +6.2534179688  -5.066e-05
 10394  +6.2548890694     12810  +6.2548828125  -6.257e-06
 10395  +6.2563091827     12813  +6.2563476562  +3.847e-05
 10396  +6.2577289737     12816  +6.2578125000  +8.353e-05
 10397  +6.2591484427     12819  +6.2592773438  +1.289e-04
 10398  +6.2605675899     12822  +6.2607421875  +1.746e-04
 10399  +6.2619864154     12825  +6.2622070312  +2.206e-04
 10400  +6.2634049195     12827  +6.2631835938  -2.213e-04
 10401  +6.2648231025     12830  +6.2646484375  -1.747e-04
 10402  +6.2662409645     12833  +6.2661132812  -1.277e-04
 10403  +6.2676585057     12836  +6.2675781250  -8.038e-05
 10404  +6.2690757264     12839  +6.2690429688  -3.276e-05
 10405  +6.2704926268     12842  +6.2705078125  +1.519e-05
 10406  +6.2719092071     12845  +6.2719726562  +6.345e-05
 10407  +6.2733254676     12848  +6.2734375000  +1.120e-04
 10408  +6.2747414083     12851  +6.2749023438  +1.609e-04
 10409  +6.2761570296     12854  +6.2763671875  +2.102e-04
 10410  +6.2775723317     12856  +6.2773437500  -2.286e-04
 10411  +6.2789873148     12859  +6.2788085938  -1.787e-04
 10412  +6.2804019791     12862  +6.2802734375  -1.285e-04
 10413  +6.2818163248     12865  +6.2817382812  -7.804e-05
 10414  +6.2832303521     12868  +6.2832031250  -2.723e-05
 10415  +6.2846440613     12871  +6.2846679688  +2.391e-05
 10416  +6.2860574525     12874  +6.2861328125  +7.536e-05
 10417  +6.2874705260     12877  +6.2875976562  +1.271e-04
 10418  +6.2888832820     12880  +6.2890625000  +1.792e-04
 10419  +6.2902957207     12883  +6.2905273438  +2.316e-04
 10420  +6.2917078424     12885  +6.2915039062  -2.039e-04
 10421  +6.2931196471     12888  +6.2929687500  -1.509e-04
 10422  +6.2945311352     12891  +6.2944335938  -9.754e-05
 10423  +6.2959423069     12894  +6.2958984375  -4.387e-05
 10424  +6.2973531623     12897  +6.2973632812  +1.012e-05
 10425  +6.2987637018     12900  +6.2988281250  +6.442e-05
 10426  +6.3001739254     12903  +6.3002929688  +1.190e-04
 10427  +6.3015838334     12906  +6.3017578125  +1.740e-04
 10428  +6.3029934260     12909  +6.3032226562  +2.292e-04
 10429  +6.3044027035     12911  +6.3041992188  -2.035e-04
 10430  +6.3058116660     12914  +6.3056640625  -1.476e-04
 10431  +6.3072203138     12917  +6.3071289062  -9.141e-05
 10432  +6.3086286470     12920  +6.3085937500  -3.490e-05
 10433  +6.3100366660     12923  +6.3100585938  +2.193e-05
 10434  +6.3114443708     12926  +6.3115234375  +7.907e-05
 10435  +6.3128517616     12929  +6.3129882812  +1.365e-04
 10436  +6.3142588388     12932  +6.3144531250  +1.943e-04
 10437  +6.3156656025     12934  +6.3154296875  -2.359e-04
 10438  +6.3170720530     12937  +6.3168945312  -1.775e-04
 10439  +6.3184781904     12940  +6.3183593750  -1.188e-04
 10440  +6.3198840149     12943  +6.3198242188  -5.980e-05
 10441  +6.3212895267     12946  +6.3212890625  -4.642e-07
 10442  +6.3226947262     12949  +6.3227539062  +5.918e-05
 10443  +6.3240996133     12952  +6.3242187500  +1.191e-04
 10444  +6.3255041885     12955  +6.3256835938  +1.794e-04
 10445  +6.3269084519     12958  +6.3271484375  +2.400e-04
 10446  +6.3283124036     12960  +6.3281250000  -1.874e-04
 10447  +6.3297160439     12963  +6.3295898438  -1.262e-04
 10448  +6.3311193731     12966  +6.3310546875  -6.469e-05
 10449  +6.3325223913     12969  +6.3325195312  -2.860e-06
 10450  +6.3339250986     12972  +6.3339843750  +5.928e-05
 10451  +6.3353274954     12975  +6.3354492188  +1.217e-04
 10452  +6.3367295819     12978  +6.3369140625  +1.845e-04
 10453  +6.3381313582     12980  +6.3378906250  -2.407e-04
 10454  +6.3395328245     12983  +6.3393554688  -1.774e-04
 10455  +6.3409339810     12986  +6.3408203125  -1.137e-04
 10456  +6.3423348281     12989  +6.3422851562  -4.967e-05
 10457  +6.3437353658     12992  +6.3437500000  +1.463e-05
 10458  +6.3451355943     12995  +6.3452148438  +7.925e-05
 10459  +6.3465355139     12998  +6.3466796875  +1.442e-04
 10460  +6.3479351248     13001  +6.3481445312  +2.094e-04
 10461  +6.3493344272     13003  +6.3491210938  -2.133e-04
 10462  +6.3507334212     13006  +6.3505859375  -1.475e-04
 10463  +6.3521321072     13009  +6.3520507812  -8.133e-05
 10464  +6.3535304852     13012  +6.3535156250  -1.486e-05
 10465  +6.3549285555     13015  +6.3549804688  +5.191e-05
 10466  +6.3563263183     13018  +6.3564453125  +1.190e-04
 10467  +6.3577237738     13021  +6.3579101562  +1.864e-04
 10468  +6.3591209223     13023  +6.3588867188  -2.342e-04
 10469  +6.3605177638     13026  +6.3603515625  -1.662e-04
 10470  +6.3619142986     13029  +6.3618164062  -9.789e-05
 10471  +6.3633105269     13032  +6.3632812500  -2.928e-05
 10472  +6.3647064490     13035  +6.3647460938  +3.964e-05
 10473  +6.3661020649     13038  +6.3662109375  +1.089e-04
 10474  +6.3674973750     13041  +6.3676757812  +1.784e-04
 10475  +6.3688923793     13043  +6.3686523438  -2.400e-04
 10476  +6.3702870782     13046  +6.3701171875  -1.699e-04
 10477  +6.3716814718     13049  +6.3715820312  -9.944e-05
 10478  +6.3730755603     13052  +6.3730468750  -2.869e-05
 10479  +6.3744693440     13055  +6.3745117188  +4.237e-05
 10480  +6.3758628229     13058  +6.3759765625  +1.137e-04
 10481  +6.3772559974     13061  +6.3774414062  +1.854e-04
 10482  +6.3786488675     13063  +6.3784179688  -2.309e-04
 10483  +6.3800414336     13066  +6.3798828125  -1.586e-04
 10484  +6.3814336958     13069  +6.3813476562  -8.604e-05
 10485  +6.3828256543     13072  +6.3828125000  -1.315e-05
 10486  +6.3842173093     13075  +6.3842773438  +6.003e-05
 10487  +6.3856086611     13078  +6.3857421875  +1.335e-04
 10488  +6.3869997097     13081  +6.3872070312  +2.073e-04
 10489  +6.3883904554     13083  +6.3881835938  -2.069e-04
 10490  +6.3897808985     13086  +6.3896484375  -1.325e-04
 10491  +6.3911710390     13089  +6.3911132812  -5.776e-05
 10492  +6.3925608772     13092  +6.3925781250  +1.725e-05
 10493  +6.3939504133     13095  +6.3940429688  +9.256e-05
 10494  +6.3953396476     13098  +6.3955078125  +1.682e-04
 10495  +6.3967285801     13101  +6.3969726562  +2.441e-04
 10496  +6.3981172111     13103  +6.3979492188  -1.680e-04
 10497  +6.3995055407     13106  +6.3994140625  -9.148e-05
 10498  +6.4008935693     13109  +6.4008789062  -1.466e-05
 10499  +6.4022812969     13112  +6.4023437500  +6.245e-05
 10500  +6.4036687238     13115  +6.4038085938  +1.399e-04
 10501  +6.4050558501     13118  +6.4052734375  +2.176e-04
 10502  +6.4064426761     13120  +6.4062500000  -1.927e-04
 10503  +6.4078292020     13123  +6.4077148438  -1.144e-04
 10504  +6.4092154279     13126  +6.4091796875  -3.574e-05
 10505  +6.4106013541     13129  +6.4106445312  +4.318e-05
 10506  +6.4119869807     13132  +6.4121093750  +1.224e-04
 10507  +6.4133723079     13135  +6.4135742188  +2.019e-04
 10508  +6.4147573359     13137  +6.4145507812  -2.066e-04
 10509  +6.4161420650     13140  +6.4160156250  -1.264e-04
 10510  +6.4175264953     13143  +6.4174804688  -4.603e-05
 10511  +6.4189106270     13146  +6.4189453125  +3.469e-05
 10512  +6.4202944603     13149  +6.4204101562  +1.157e-04
 10513  +6.4216779953     13152  +6.4218750000  +1.970e-04
 10514  +6.4230612324     13154  +6.4228515625  -2.097e-04
 10515  +6.4244441717     13157  +6.4243164062  -1.278e-04
 10516  +6.4258268133     13160  +6.4257812500  -4.556e-05
 10517  +6.4272091574     13163  +6.4272460938  +3.694e-05
 10518  +6.4285912044     13166  +6.4287109375  +1.197e-04
 10519  +6.4299729542     13169  +6.4301757812  +2.028e-04
 10520  +6.4313544072     13171  +6.4311523438  -2.021e-04
 10521  +6.4327355636     13174  +6.4326171875  -1.184e-04
 10522  +6.4341164234     13177  +6.4340820312  -3.439e-05
 10523  +6.4354969870     13180  +6.4355468750  +4.989e-05
 10524  +6.4368772545     13183  +6.4370117188  +1.345e-04
 10525  +6.4382572260     13186  +6.4384765625  +2.193e-04
 10526  +6.4396369019     13188  +6.4394531250  -1.838e-04
 10527  +6.4410162822     13191  +6.4409179688  -9.831e-05
 10528  +6.4423953671     13194  +6.4423828125  -1.255e-05
 10529  +6.4437741570     13197  +6.4438476562  +7.350e-05
 10530  +6.4451526518     13200  +6.4453125000  +1.598e-04
 10531  +6.4465308519     13202  +6.4462890625  -2.418e-04
 10532  +6.4479087574     13205  +6.4477539062  -1.549e-04
 10533  +6.4492863685     13208  +6.4492187500  -6.762e-05
 10534  +6.4506636855     13211  +6.4506835938  +1.991e-05
 10535  +6.4520407084     13214  +6.4521484375  +1.077e-04
 10536  +6.4534174374     13217  +6.4536132812  +1.958e-04
 10537  +6.4547938729     13219  +6.4545898438  -2.040e-04
 10538  +6.4561700148     13222  +6.4560546875  -1.153e-04
 10539  +6.4575458635     13225  +6.4575195312  -2.633e-05
 10540  +6.4589214192     13228  +6.4589843750  +6.296e-05
 10541  +6.4602966819     13231  +6.4604492188  +1.525e-04
 10542  +6.4616716520     13234  +6.4619140625  +2.424e-04
 10543  +6.4630463295     13236  +6.4628906250  -1.557e-04
 10544  +6.4644207147     13239  +6.4643554688  -6.525e-05
 10545  +6.4657948078     13242  +6.4658203125  +2.550e-05
 10546  +6.4671686089     13245  +6.4672851562  +1.165e-04
 10547  +6.4685421182     13248  +6.4687500000  +2.079e-04
 10548  +6.4699153359     13250  +6.4697265625  -1.888e-04
 10549  +6.4712882623     13253  +6.4711914062  -9.686e-05
 10550  +6.4726608974     13256  +6.4726562500  -4.647e-06
 10551  +6.4740332415     13259  +6.4741210938  +8.785e-05
 10552  +6.4754052948     13262  +6.4755859375  +1.806e-04
 10553  +6.4767770574     13264  +6.4765625000  -2.146e-04
 10554  +6.4781485295     13267  +6.4780273438  -1.212e-04
 10555  +6.4795197114     13270  +6.4794921875  -2.752e-05
 10556  +6.4808906031     13273  +6.4809570312  +6.643e-05
 10557  +6.4822612049     13276  +6.4824218750  +1.607e-04
 10558  +6.4836315170     13278  +6.4833984375  -2.331e-04
 10559  +6.4850015395     13281  +6.4848632812  -1.383e-04
 10560  +6.4863712727     13284  +6.4863281250  -4.315e-05
 10561  +6.4877407166     13287  +6.4877929688  +5.225e-05
 10562  +6.4891098716     13290  +6.4892578125  +1.479e-04
 10563  +6.4904787377     13293  +6.4907226562  +2.439e-04
 10564  +6.4918473152     13295  +6.4916992188  -1.481e-04
 10565  +6.4932156043     13298  +6.4931640625  -5.154e-05
 10566  +6.4945836050     13301  +6.4946289062  +4.530e-05
 10567  +6.4959513177     13304  +6.4960937500  +1.424e-04
 10568  +6.4973187425     13307  +6.4975585938  +2.399e-04
 10569  +6.4986858796     13309  +6.4985351562  -1.507e-04
 10570  +6.5000527291     13312  +6.5000000000  -5.273e-05
 10571  +6.5014192912     13315  +6.5014648438  +4.555e-05
 10572  +6.5027855661     13318  +6.5029296875  +1.441e-04
 10573  +6.5041515541     13321  +6.5043945312  +2.430e-04
 10574  +6.5055172552     13323  +6.5053710938  -1.462e-04
 10575  +6.5068826697     13326  +6.5068359375  -4.673e-05
 10576  +6.5082477977     13329  +6.5083007812  +5.298e-05
 10577  +6.5096126395     13332  +6.5097656250  +1.530e-04
 10578  +6.5109771951     13334  +6.5107421875  -2.350e-04
 10579  +6.5123414649     13337  +6.5122070312  -1.344e-04
 10580  +6.5137054488     13340  +6.5136718750  -3.357e-05
 10581  +6.5150691473     13343  +6.5151367188  +6.757e-05
 10582  +6.5164325603     13346  +6.5166015625  +1.690e-04
 10583  +6.5177956881     13348  +6.5175781250  -2.176e-04
 10584  +6.5191585310     13351  +6.5190429688  -1.156e-04
 10585  +6.5205210889     13354  +6.5205078125  -1.328e-05
 10586  +6.5218833622     13357  +6.5219726562  +8.929e-05
 10587  +6.5232453510     13360  +6.5234375000  +1.921e-04
 10588  +6.5246070555     13362  +6.5244140625  -1.930e-04
 10589  +6.5259684759     13365  +6.5258789062  -8.957e-05
 10590  +6.5273296123     13368  +6.5273437500  +1.414e-05
 10591  +6.5286904650     13371  +6.5288085938  +1.181e-04
 10592  +6.5300510340     13374  +6.5302734375  +2.224e-04
 10593  +6.5314113196     13376  +6.5312500000  -1.613e-04
 10594  +6.5327713220     13379  +6.5327148438  -5.648e-05
 10595  +6.5341310413     13382  +6.5341796875  +4.865e-05
 10596  +6.5354904777     13385  +6.5356445312  +1.541e-04
 10597  +6.5368496314     13387  +6.5366210938  -2.285e-04
 10598  +6.5382085026     13390  +6.5380859375  -1.226e-04
 10599  +6.5395670914     13393  +6.5395507812  -1.631e-05
 10600  +6.5409253980     13396  +6.5410156250  +9.023e-05
 10601  +6.5422834226     13399  +6.5424804688  +1.970e-04
 10602  +6.5436411653     13401  +6.5434570312  -1.841e-04
 10603  +6.5449986264     13404  +6.5449218750  -7.675e-05
 10604  +6.5463558060     13407  +6.5463867188  +3.091e-05
 10605  +6.5477127043     13410  +6.5478515625  +1.389e-04
 10606  +6.5490693215     13412  +6.5488281250  -2.412e-04
 10607  +6.5504256577     13415  +6.5502929688  -1.327e-04
 10608  +6.5517817132     13418  +6.5517578125  -2.390e-05
 10609  +6.5531374880     13421  +6.5532226562  +8.517e-05
 10610  +6.5544929823     13424  +6.5546875000  +1.945e-04
 10611  +6.5558481965     13426  +6.5556640625  -1.841e-04
 10612  +6.5572031305     13429  +6.5571289062  -7.422e-05
 10613  +6.5585577846     13432  +6.5585937500  +3.597e-05
 10614  +6.5599121589     13435  +6.5600585938  +1.464e-04
 10615  +6.5612662537     13437  +6.5610351562  -2.311e-04
 10616  +6.5626200691     13440  +6.5625000000  -1.201e-04
 10617  +6.5639736053     13443  +6.5639648438  -8.762e-06
 10618  +6.5653268624     13446  +6.5654296875  +1.028e-04
 10619  +6.5666798407     13449  +6.5668945312  +2.147e-04
 10620  +6.5680325402     13451  +6.5678710938  -1.614e-04
 10621  +6.5693849612     13454  +6.5693359375  -4.902e-05
 10622  +6.5707371039     13457  +6.5708007812  +6.368e-05
 10623  +6.5720889683     13460  +6.5722656250  +1.767e-04
 10624  +6.5734405548     13462  +6.5732421875  -1.984e-04
 10625  +6.5747918633     13465  +6.5747070312  -8.483e-05
 10626  +6.5761428943     13468  +6.5761718750  +2.898e-05
 10627  +6.5774936477     13471  +6.5776367188  +1.431e-04
 10628  +6.5788441237     13473  +6.5786132812  -2.308e-04
 10629  +6.5801943226     13476  +6.5800781250  -1.162e-04
 10630  +6.5815442446     13479  +6.5815429688  -1.276e-06
 10631  +6.5828938897     13482  +6.5830078125  +1.139e-04
 10632  +6.5842432581     13485  +6.5844726562  +2.294e-04
 10633  +6.5855923501     13487  +6.5854492188  -1.431e-04
 10634  +6.5869411657     13490  +6.5869140625  -2.710e-05
 10635  +6.5882897052     13493  +6.5883789062  +8.920e-05
 10636  +6.5896379688     13496  +6.5898437500  +2.058e-04
 10637  +6.5909859565     13498  +6.5908203125  -1.656e-04
 10638  +6.5923336686     13501  +6.5922851562  -4.851e-05
 10639  +6.5936811052     13504  +6.5937500000  +6.889e-05
 10640  +6.5950282666     13507  +6.5952148438  +1.866e-04
 10641  +6.5963751528     13509  +6.5961914062  -1.837e-04
 10642  +6.5977217640     13512  +6.5976562500  -6.551e-05
 10643  +6.5990681005     13515  +6.5991210938  +5.299e-05
 10644  +6.6004141623     13518  +6.6005859375  +1.718e-04
 10645  +6.6017599497     13520  +6.6015625000  -1.974e-04
 10646  +6.6031054628     13523  +6.6030273438  -7.812e-05
 10647  +6.6044507018     13526  +6.6044921875  +4.149e-05
 10648  +6.6057956668     13529  +6.6059570312  +1.614e-04
 10649  +6.6071403581     13531  +6.6069335938  -2.068e-04
 10650  +6.6084847757     13534  +6.6083984375  -8.634e-05
 10651  +6.6098289199     13537  +6.6098632812  +3.436e-05
 10652  +6.6111727908     13540  +6.6113281250  +1.553e-04
 10653  +6.6125163885     13542  +6.6123046875  -2.117e-04
 10654  +6.6138597134     13545  +6.6137695312  -9.018e-05
 10655  +6.6152027654     13548  +6.6152343750  +3.161e-05
 10656  +6.6165455448     13551  +6.6166992188  +1.537e-04
 10657  +6.6178880518     13553  +6.6176757812  -2.123e-04
 10658  +6.6192302865     13556  +6.6191406250  -8.966e-05
 10659  +6.6205722491     13559  +6.6206054688  +3.322e-05
 10660  +6.6219139397     13562  +6.6220703125  +1.564e-04
 10661  +6.6232553585     13564  +6.6230468750  -2.085e-04
 10662  +6.6245965057     13567  +6.6245117188  -8.479e-05
 10663  +6.6259373814     13570  +6.6259765625  +3.918e-05
 10664  +6.6272779859     13573  +6.6274414062  +1.634e-04
 10665  +6.6286183192     13575  +6.6284179688  -2.004e-04
 10666  +6.6299583815     13578  +6.6298828125  -7.557e-05
 10667  +6.6312981731     13581  +6.6313476562  +4.948e-05
 10668  +6.6326376940     13584  +6.6328125000  +1.748e-04
 10669  +6.6339769444     13586  +6.6337890625  -1.879e-04
 10670  +6.6353159245     13589  +6.6352539062  -6.202e-05
 10671  +6.6366546345     13592  +6.6367187500  +6.412e-05
 10672  +6.6379930745     13595  +6.6381835938  +1.905e-04
 10673  +6.6393312447     13597  +6.6391601562  -1.711e-04
 10674  +6.6406691452     13600  +6.6406250000  -4.415e-05
 10675  +6.6420067762     13603  +6.6420898438  +8.307e-05
 10676  +6.6433441379     13606  +6.6435546875  +2.105e-04
 10677  +6.6446812304     13608  +6.6445312500  -1.500e-04
 10678  +6.6460180539     13611  +6.6459960938  -2.196e-05
 10679  +6.6473546086     13614  +6.6474609375  +1.063e-04
 10680  +6.6486908946     13617  +6.6489257812  +2.349e-04
 10681  +6.6500269121     13619  +6.6499023438  -1.246e-04
 10682  +6.6513626612     13622  +6.6513671875  +4.526e-06
 10683  +6.6526981421     13625  +6.6528320312  +1.339e-04
 10684  +6.6540333550     13627  +6.6538085938  -2.248e-04
 10685  +6.6553683000     13630  +6.6552734375  -9.486e-05
 10686  +6.6567029773     13633  +6.6567382812  +3.530e-05
 10687  +6.6580373871     13636  +6.6582031250  +1.657e-04
 10688  +6.6593715294     13638  +6.6591796875  -1.918e-04
 10689  +6.6607054046     13641  +6.6606445312  -6.087e-05
 10690  +6.6620390126     13644  +6.6621093750  +7.036e-05
 10691  +6.6633723538     13647  +6.6635742188  +2.019e-04
 10692  +6.6647054282     13649  +6.6645507812  -1.546e-04
 10693  +6.6660382360     13652  +6.6660156250  -2.261e-05
 10694  +6.6673707774     13655  +6.6674804688  +1.097e-04
 10695  +6.6687030525     13658  +6.6689453125  +2.423e-04
 10696  +6.6700350615     13660  +6.6699218750  -1.132e-04
 10697  +6.6713668046     13663  +6.6713867188  +1.991e-05
 10698  +6.6726982819     13666  +6.6728515625  +1.533e-04
 10699  +6.6740294935     13668  +6.6738281250  -2.014e-04
 10700  +6.6753604397     13671  +6.6752929688  -6.747e-05
 10701  +6.6766911205     13674  +6.6767578125  +6.669e-05
 10702  +6.6780215362     13677  +6.6782226562  +2.011e-04
 10703  +6.6793516869     13679  +6.6791992188  -1.525e-04
 10704  +6.6806815728     13682  +6.6806640625  -1.751e-05
 10705  +6.6820111940     13685  +6.6821289062  +1.177e-04
 10706  +6.6833405506     13687  +6.6831054688  -2.351e-04
 10707  +6.6846696429     13690  +6.6845703125  -9.933e-05
 10708  +6.6859984710     13693  +6.6860351562  +3.669e-05
 10709  +6.6873270351     13696  +6.6875000000  +1.730e-04
 10710  +6.6886553352     13698  +6.6884765625  -1.788e-04
 10711  +6.6899833716     13701  +6.6899414062  -4.197e-05
 10712  +6.6913111445     13704  +6.6914062500  +9.511e-05
 10713  +6.6926386539     13707  +6.6928710938  +2.324e-04
 10714  +6.6939659000     13709  +6.6938476562  -1.182e-04
 10715  +6.6952928831     13712  +6.6953125000  +1.962e-05
 10716  +6.6966196032     13715  +6.6967773438  +1.577e-04
 10717  +6.6979460605     13717  +6.6977539062  -1.922e-04
 10718  +6.6992722551     13720  +6.6992187500  -5.351e-05
 10719  +6.7005981873     13723  +6.7006835938  +8.541e-05
 10720  +6.7019238572     13726  +6.7021484375  +2.246e-04
 10721  +6.7032492648     13728  +6.7031250000  -1.243e-04
 10722  +6.7045744105     13731  +6.7045898438  +1.543e-05
 10723  +6.7058992943     13734  +6.7060546875  +1.554e-04
 10724  +6.7072239164     13736  +6.7070312500  -1.927e-04
 10725  +6.7085482769     13739  +6.7084960938  -5.218e-05
 10726  +6.7098723761     13742  +6.7099609375  +8.856e-05
 10727  +6.7111962140     13745  +6.7114257812  +2.296e-04
 10728  +6.7125197908     13747  +6.7124023438  -1.174e-04
 10729  +6.7138431067     13750  +6.7138671875  +2.408e-05
 10730  +6.7151661618     13753  +6.7153320312  +1.659e-04
 10731  +6.7164889563     13755  +6.7163085938  -1.804e-04
 10732  +6.7178114903     13758  +6.7177734375  -3.805e-05
 10733  +6.7191337640     13761  +6.7192382812  +1.045e-04
 10734  +6.7204557776     13763  +6.7202148438  -2.409e-04
 10735  +6.7217775311     13766  +6.7216796875  -9.784e-05
 10736  +6.7230990248     13769  +6.7231445312  +4.551e-05
 10737  +6.7244202588     13772  +6.7246093750  +1.891e-04
 10738  +6.7257412332     13774  +6.7255859375  -1.553e-04
 10739  +6.7270619482     13777  +6.7270507812  -1.117e-05
 10740  +6.7283824040     13780  +6.7285156250  +1.332e-04
 10741  +6.7297026007     13782  +6.7294921875  -2.104e-04
 10742  +6.7310225385     13785  +6.7309570312  -6.551e-05
 10743  +6.7323422174     13788  +6.7324218750  +7.966e-05
 10744  +6.7336616378     13791  +6.7338867188  +2.251e-04
 10745  +6.7349807996     13793  +6.7348632812  -1.175e-04
 10746  +6.7362997032     13796  +6.7363281250  +2.842e-05
 10747  +6.7376183485     13799  +6.7377929688  +1.746e-04
 10748  +6.7389367358     13801  +6.7387695312  -1.672e-04
 10749  +6.7402548653     13804  +6.7402343750  -2.049e-05
 10750  +6.7415727370     13807  +6.7416992188  +1.265e-04
 10751  +6.7428903512     13809  +6.7426757812  -2.146e-04
 10752  +6.7442077079     13812  +6.7441406250  -6.708e-05
 10753  +6.7455248074     13815  +6.7456054688  +8.066e-05
 10754  +6.7468416497     13818  +6.7470703125  +2.287e-04
 10755  +6.7481582351     13820  +6.7480468750  -1.114e-04
 10756  +6.7494745636     13823  +6.7495117188  +3.716e-05
 10757  +6.7507906355     13826  +6.7509765625  +1.859e-04
 10758  +6.7521064508     13828  +6.7519531250  -1.533e-04
 10759  +6.7534220098     13831  +6.7534179688  -4.041e-06
 10760  +6.7547373126     13834  +6.7548828125  +1.455e-04
 10761  +6.7560523593     13836  +6.7558593750  -1.930e-04
 10762  +6.7573671501     13839  +6.7573242188  -4.293e-05
 10763  +6.7586816851     13842  +6.7587890625  +1.074e-04
 10764  +6.7599959645     13844  +6.7597656250  -2.303e-04
 10765  +6.7613099884     13847  +6.7612304688  -7.952e-05
 10766  +6.7626237570     13850  +6.7626953125  +7.156e-05
 10767  +6.7639372704     13853  +6.7641601562  +2.229e-04
 10768  +6.7652505288     13855  +6.7651367188  -1.138e-04
 10769  +6.7665635323     13858  +6.7666015625  +3.803e-05
 10770  +6.7678762811     13861  +6.7680664062  +1.901e-04
 10771  +6.7691887753     13863  +6.7690429688  -1.458e-04
 10772  +6.7705010150     13866  +6.7705078125  +6.797e-06
 10773  +6.7718130005     13869  +6.7719726562  +1.597e-04
 10774  +6.7731247319     13871  +6.7729492188  -1.755e-04
 10775  +6.7744362092     13874  +6.7744140625  -2.215e-05
 10776  +6.7757474327     13877  +6.7758789062  +1.315e-04
 10777  +6.7770584026     13879  +6.7768554688  -2.029e-04
 10778  +6.7783691188     13882  +6.7783203125  -4.881e-05
 10779  +6.7796795817     13885  +6.7797851562  +1.056e-04
 10780  +6.7809897913     13887  +6.7807617188  -2.281e-04
 10781  +6.7822997478     13890  +6.7822265625  -7.319e-05
 10782  +6.7836094514     13893  +6.7836914062  +8.195e-05
 10783  +6.7849189021     13896  +6.7851562500  +2.373e-04
 10784  +6.7862281002     13898  +6.7861328125  -9.529e-05
 10785  +6.7875370457     13901  +6.7875976562  +6.061e-05
 10786  +6.7888457389     13904  +6.7890625000  +2.168e-04
 10787  +6.7901541798     13906  +6.7900390625  -1.151e-04
 10788  +6.7914623687     13909  +6.7915039062  +4.154e-05
 10789  +6.7927703056     13912  +6.7929687500  +1.984e-04
 10790  +6.7940779907     13914  +6.7939453125  -1.327e-04
 10791  +6.7953854242     13917  +6.7954101562  +2.473e-05
 10792  +6.7966926061     13920  +6.7968750000  +1.824e-04
 10793  +6.7979995368     13922  +6.7978515625  -1.480e-04
 10794  +6.7993062162     13925  +6.7993164062  +1.019e-05
 10795  +6.8006126445     13928  +6.8007812500  +1.686e-04
 10796  +6.8019188219     13930  +6.8017578125  -1.610e-04
 10797  +6.8032247485     13933  +6.8032226562  -2.092e-06
 10798  +6.8045304245     13936  +6.8046875000  +1.571e-04
 10799  +6.8058358501     13938  +6.8056640625  -1.718e-04
 10800  +6.8071410252     13941  +6.8071289062  -1.212e-05
 10801  +6.8084459502     13944  +6.8085937500  +1.478e-04
 10802  +6.8097506251     13946  +6.8095703125  -1.803e-04
 10803  +6.8110550501     13949  +6.8110351562  -1.989e-05
 10804  +6.8123592253     13952  +6.8125000000  +1.408e-04
 10805  +6.8136631509     13954  +6.8134765625  -1.866e-04
 10806  +6.8149668270     13957  +6.8149414062  -2.542e-05
 10807  +6.8162702538     13960  +6.8164062500  +1.360e-04
 10808  +6.8175734314     13962  +6.8173828125  -1.906e-04
 10809  +6.8188763599     13965  +6.8188476562  -2.870e-05
 10810  +6.8201790395     13968  +6.8203125000  +1.335e-04
 10811  +6.8214814704     13970  +6.8212890625  -1.924e-04
 10812  +6.8227836526     13973  +6.8227539062  -2.975e-05
 10813  +6.8240855863     13976  +6.8242187500  +1.332e-04
 10814  +6.8253872717     13978  +6.8251953125  -1.920e-04
 10815  +6.8266887089     13981  +6.8266601562  -2.855e-05
 10816  +6.8279898980     13984  +6.8281250000  +1.351e-04
 10817  +6.8292908392     13986  +6.8291015625  -1.893e-04
 10818  +6.8305915327     13989  +6.8305664062  -2.513e-05
 10819  +6.8318919785     13992  +6.8320312500  +1.393e-04
 10820  +6.8331921768     13994  +6.8330078125  -1.844e-04
 10821  +6.8344921278     13997  +6.8344726562  -1.947e-05
 10822  +6.8357918315     14000  +6.8359375000  +1.457e-04
 10823  +6.8370912882     14002  +6.8369140625  -1.772e-04
 10824  +6.8383904979     14005  +6.8383789062  -1.159e-05
 10825  +6.8396894609     14008  +6.8398437500  +1.543e-04
 10826  +6.8409881772     14010  +6.8408203125  -1.679e-04
 10827  +6.8422866471     14013  +6.8422851562  -1.491e-06
 10828  +6.8435848705     14016  +6.8437500000  +1.651e-04
 10829  +6.8448828477     14018  +6.8447265625  -1.563e-04
 10830  +6.8461805789     14021  +6.8461914062  +1.083e-05
 10831  +6.8474780641     14024  +6.8476562500  +1.782e-04
 10832  +6.8487753035     14026  +6.8486328125  -1.425e-04
 10833  +6.8500722972     14029  +6.8500976562  +2.536e-05
 10834  +6.8513690454     14032  +6.8515625000  +1.935e-04
 10835  +6.8526655482     14034  +6.8525390625  -1.265e-04
 10836  +6.8539618058     14037  +6.8540039062  +4.210e-05
 10837  +6.8552578182     14040  +6.8554687500  +2.109e-04
 10838  +6.8565535857     14042  +6.8564453125  -1.083e-04
 10839  +6.8578491084     14045  +6.8579101562  +6.105e-05
 10840  +6.8591443863     14048  +6.8593750000  +2.306e-04
 10841  +6.8604394197     14050  +6.8603515625  -8.786e-05
 10842  +6.8617342087     14053  +6.8618164062  +8.220e-05
 10843  +6.8630287534     14055  +6.8627929688  -2.358e-04
 10844  +6.8643230540     14058  +6.8642578125  -6.524e-05
 10845  +6.8656171106     14061  +6.8657226562  +1.055e-04
 10846  +6.8669109233     14063  +6.8666992188  -2.117e-04
 10847  +6.8682044923     14066  +6.8681640625  -4.043e-05
 10848  +6.8694978177     14069  +6.8696289062  +1.311e-04
 10849  +6.8707908997     14071  +6.8706054688  -1.854e-04
 10850  +6.8720837383     14074  +6.8720703125  -1.343e-05
 10851  +6.8733763338     14077  +6.8735351562  +1.588e-04
 10852  +6.8746686862     14079  +6.8745117188  -1.570e-04
 10853  +6.8759607957     14082  +6.8759765625  +1.577e-05
 10854  +6.8772526625     14085  +6.8774414062  +1.887e-04
 10855  +6.8785442866     14087  +6.8784179688  -1.263e-04
 10856  +6.8798356683     14090  +6.8798828125  +4.714e-05
 10857  +6.8811268076     14093  +6.8813476562  +2.208e-04
 10858  +6.8824177046     14095  +6.8823242188  -9.349e-05
 10859  +6.8837083596     14098  +6.8837890625  +8.070e-05
 10860  +6.8849987727     14100  +6.8847656250  -2.331e-04
 10861  +6.8862889439     14103  +6.8862304688  -5.848e-05
 10862  +6.8875788735     14106  +6.8876953125  +1.164e-04
 10863  +6.8888685615     14108  +6.8886718750  -1.967e-04
 10864  +6.8901580082     14111  +6.8901367188  -2.129e-05
 10865  +6.8914472135     14114  +6.8916015625  +1.543e-04
 10866  +6.8927361778     14116  +6.8925781250  -1.581e-04
 10867  +6.8940249010     14119  +6.8940429688  +1.807e-05
 10868  +6.8953133834     14122  +6.8955078125  +1.944e-04
 10869  +6.8966016250     14124  +6.8964843750  -1.173e-04
 10870  +6.8978896261     14127  +6.8979492188  +5.959e-05
 10871  +6.8991773867     14130  +6.8994140625  +2.367e-04
 10872  +6.9004649070     14132  +6.9003906250  -7.428e-05
 10873  +6.9017521871     14135  +6.9018554688  +1.033e-04
 10874  +6.9030392271     14137  +6.9028320312  -2.072e-04
 10875  +6.9043260273     14140  +6.9042968750  -2.915e-05
 10876  +6.9056125876     14143  +6.9057617188  +1.491e-04
 10877  +6.9068989083     14145  +6.9067382812  -1.606e-04
 10878  +6.9081849895     14148  +6.9082031250  +1.814e-05
 10879  +6.9094708313     14151  +6.9096679688  +1.971e-04
 10880  +6.9107564338     14153  +6.9106445312  -1.119e-04
 10881  +6.9120417973     14156  +6.9121093750  +6.758e-05
 10882  +6.9133269217     14158  +6.9130859375  -2.410e-04
 10883  +6.9146118073     14161  +6.9145507812  -6.103e-05
 10884  +6.9158964542     14164  +6.9160156250  +1.192e-04
 10885  +6.9171808625     14166  +6.9169921875  -1.887e-04
 10886  +6.9184650324     14169  +6.9184570312  -8.001e-06
 10887  +6.9197489639     14172  +6.9199218750  +1.729e-04
 10888  +6.9210326572     14174  +6.9208984375  -1.342e-04
 10889  +6.9223161125     14177  +6.9223632812  +4.717e-05
 10890  +6.9235993299     14180  +6.9238281250  +2.288e-04
 10891  +6.9248823095     14182  +6.9248046875  -7.762e-05
 10892  +6.9261650515     14185  +6.9262695312  +1.045e-04
 10893  +6.9274475559     14187  +6.9272460938  -2.015e-04
 10894  +6.9287298229     14190  +6.9287109375  -1.889e-05
 10895  +6.9300118527     14193  +6.9301757812  +1.639e-04
 10896  +6.9312936453     14195  +6.9311523438  -1.413e-04
 10897  +6.9325752010     14198  +6.9326171875  +4.199e-05
 10898  +6.9338565197     14201  +6.9340820312  +2.255e-04
 10899  +6.9351376018     14203  +6.9350585938  -7.901e-05
 10900  +6.9364184472     14206  +6.9365234375  +1.050e-04
 10901  +6.9376990562     14208  +6.9375000000  -1.991e-04
 10902  +6.9389794288     14211  +6.9389648438  -1.459e-05
 10903  +6.9402595653     14214  +6.9404296875  +1.701e-04
 10904  +6.9415394656     14216  +6.9414062500  -1.332e-04
 10905  +6.9428191300     14219  +6.9428710938  +5.196e-05
 10906  +6.9440985586     14222  +6.9443359375  +2.374e-04
 10907  +6.9453777515     14224  +6.9453125000  -6.525e-05
 10908  +6.9466567088     14227  +6.9467773438  +1.206e-04
 10909  +6.9479354307     14229  +6.9477539062  -1.815e-04
 10910  +6.9492139173     14232  +6.9492187500  +4.833e-06
 10911  +6.9504921688     14235  +6.9506835938  +1.914e-04
 10912  +6.9517701852     14237  +6.9516601562  -1.100e-04
 10913  +6.9530479667     14240  +6.9531250000  +7.703e-05
 10914  +6.9543255134     14242  +6.9541015625  -2.240e-04
 10915  +6.9556028255     14245  +6.9555664062  -3.642e-05
 10916  +6.9568799030     14248  +6.9570312500  +1.513e-04
 10917  +6.9581567462     14250  +6.9580078125  -1.489e-04
 10918  +6.9594333551     14253  +6.9594726562  +3.930e-05
 10919  +6.9607097299     14256  +6.9609375000  +2.278e-04
 10920  +6.9619858706     14258  +6.9619140625  -7.181e-05
 10921  +6.9632617775     14261  +6.9633789062  +1.171e-04
 10922  +6.9645374506     14263  +6.9643554688  -1.820e-04
 10923  +6.9658128902     14266  +6.9658203125  +7.422e-06
 10924  +6.9670880962     14269  +6.9672851562  +1.971e-04
 10925  +6.9683630689     14271  +6.9682617188  -1.014e-04
 10926  +6.9696378083     14274  +6.9697265625  +8.875e-05
 10927  +6.9709123146     14276  +6.9707031250  -2.092e-04
 10928  +6.9721865880     14279  +6.9721679688  -1.862e-05
 10929  +6.9734606285     14282  +6.9736328125  +1.722e-04
 10930  +6.9747344363     14284  +6.9746093750  -1.251e-04
 10931  +6.9760080115     14287  +6.9760742188  +6.621e-05
 10932  +6.9772813542     14289  +6.9770507812  -2.306e-04
 10933  +6.9785544645     14292  +6.9785156250  -3.884e-05
 10934  +6.9798273427     14295  +6.9799804688  +1.531e-04
 10935  +6.9810999888     14297  +6.9809570312  -1.430e-04
 10936  +6.9823724029     14300  +6.9824218750  +4.947e-05
 10937  +6.9836445852     14303  +6.9838867188  +2.421e-04
 10938  +6.9849165358     14305  +6.9848632812  -5.325e-05
 10939  +6.9861882548     14308  +6.9863281250  +1.399e-04
 10940  +6.9874597423     14310  +6.9873046875  -1.551e-04
 10941  +6.9887309985     14313  +6.9887695312  +3.853e-05
 10942  +6.9900020235     14316  +6.9902343750  +2.324e-04
 10943  +6.9912728175     14318  +6.9912109375  -6.188e-05
 10944  +6.9925433805     14321  +6.9926757812  +1.324e-04
 10945  +6.9938137126     14323  +6.9936523438  -1.614e-04
 10946  +6.9950838141     14326  +6.9951171875  +3.337e-05
 10947  +6.9963536850     14329  +6.9965820312  +2.283e-04
 10948  +6.9976233255     14331  +6.9975585938  -6.473e-05
 10949  +6.9988927356     14334  +6.9990234375  +1.307e-04
 10950  +7.0001619156     14336  +7.0000000000  -1.619e-04
 10951  +7.0014308654     14339  +7.0014648438  +3.398e-05
 10952  +7.0026995854     14342  +7.0029296875  +2.301e-04
 10953  +7.0039680755     14344  +7.0039062500  -6.183e-05
 10954  +7.0052363359     14347  +7.0053710938  +1.348e-04
 10955  +7.0065043667     14349  +7.0063476562  -1.567e-04
 10956  +7.0077721681     14352  +7.0078125000  +4.033e-05
 10957  +7.0090397402     14355  +7.0092773438  +2.376e-04
 10958  +7.0103070831     14357  +7.0102539062  -5.318e-05
 10959  +7.0115741969     14360  +7.0117187500  +1.446e-04
 10960  +7.0128410817     14362  +7.0126953125  -1.458e-04
 10961  +7.0141077378     14365  +7.0141601562  +5.242e-05
 10962  +7.0153741651     14367  +7.0151367188  -2.374e-04
 10963  +7.0166403639     14370  +7.0166015625  -3.880e-05
 10964  +7.0179063342     14373  +7.0180664062  +1.601e-04
 10965  +7.0191720762     14375  +7.0190429688  -1.291e-04
 10966  +7.0204375899     14378  +7.0205078125  +7.022e-05
 10967  +7.0217028756     14380  +7.0214843750  -2.185e-04
 10968  +7.0229679333     14383  +7.0229492188  -1.871e-05
 10969  +7.0242327632     14386  +7.0244140625  +1.813e-04
 10970  +7.0254973654     14388  +7.0253906250  -1.067e-04
 10971  +7.0267617400     14391  +7.0268554688  +9.373e-05
 10972  +7.0280258871     14393  +7.0278320312  -1.939e-04
 10973  +7.0292898069     14396  +7.0292968750  +7.068e-06
 10974  +7.0305534995     14399  +7.0307617188  +2.082e-04
 10975  +7.0318169649     14401  +7.0317382812  -7.868e-05
 10976  +7.0330802034     14404  +7.0332031250  +1.229e-04
 10977  +7.0343432151     14406  +7.0341796875  -1.635e-04
 10978  +7.0356060000     14409  +7.0356445312  +3.853e-05
 10979  +7.0368685582     14412  +7.0371093750  +2.408e-04
 10980  +7.0381308900     14414  +7.0380859375  -4.495e-05
 10981  +7.0393929955     14417  +7.0395507812  +1.578e-04
 10982  +7.0406548747     14419  +7.0405273438  -1.275e-04
 10983  +7.0419165277     14422  +7.0419921875  +7.566e-05
 10984  +7.0431779548     14424  +7.0429687500  -2.092e-04
 10985  +7.0444391560     14427  +7.0444335938  -5.562e-06
 10986  +7.0457001314     14430  +7.0458984375  +1.983e-04
 10987  +7.0469608812     14432  +7.0468750000  -8.588e-05
 10988  +7.0482214055     14435  +7.0483398438  +1.184e-04
 10989  +7.0494817043     14437  +7.0493164062  -1.653e-04
 10990  +7.0507417779     14440  +7.0507812500  +3.947e-05
 10991  +7.0520016264     14442  +7.0517578125  -2.438e-04
 10992  +7.0532612498     14445  +7.0532226562  -3.859e-05
 10993  +7.0545206483     14448  +7.0546875000  +1.669e-04
 10994  +7.0557798220     14450  +7.0556640625  -1.158e-04
 10995  +7.0570387710     14453  +7.0571289062  +9.014e-05
 10996  +7.0582974955     14455  +7.0581054688  -1.920e-04
 10997  +7.0595559956     14458  +7.0595703125  +1.432e-05
 10998  +7.0608142713     14461  +7.0610351562  +2.209e-04
 10999  +7.0620723229     14463  +7.0620117188  -6.060e-05
 11000  +7.0633301504     14466  +7.0634765625  +1.464e-04
 11001  +7.0645877539     14468  +7.0644531250  -1.346e-04
 11002  +7.0658451336     14471  +7.0659179688  +7.284e-05
 11003  +7.0671022896     14473  +7.0668945312  -2.078e-04
 11004  +7.0683592219     14476  +7.0683593750  +1.531e-07
 11005  +7.0696159309     14479  +7.0698242188  +2.083e-04
 11006  +7.0708724164     14481  +7.0708007812  -7.164e-05
 11007  +7.0721286787     14484  +7.0722656250  +1.369e-04
 11008  +7.0733847179     14486  +7.0732421875  -1.425e-04
 11009  +7.0746405341     14489  +7.0747070312  +6.650e-05
 11010  +7.0758961275     14491  +7.0756835938  -2.125e-04
 11011  +7.0771514980     14494  +7.0771484375  -3.061e-06
 11012  +7.0784066460     14497  +7.0786132812  +2.066e-04
 11013  +7.0796615713     14499  +7.0795898438  -7.173e-05
 11014  +7.0809162743     14502  +7.0810546875  +1.384e-04
 11015  +7.0821707550     14504  +7.0820312500  -1.395e-04
 11016  +7.0834250136     14507  +7.0834960938  +7.108e-05
 11017  +7.0846790501     14509  +7.0844726562  -2.064e-04
 11018  +7.0859328646     14512  +7.0859375000  +4.635e-06
 11019  +7.0871864573     14515  +7.0874023438  +2.159e-04
 11020  +7.0884398284     14517  +7.0883789062  -6.092e-05
 11021  +7.0896929778     14520  +7.0898437500  +1.508e-04
 11022  +7.0909459058     14522  +7.0908203125  -1.256e-04
 11023  +7.0921986125     14525  +7.0922851562  +8.654e-05
 11024  +7.0934510979     14527  +7.0932617188  -1.894e-04
 11025  +7.0947033622     14530  +7.0947265625  +2.320e-05
 11026  +7.0959554055     14533  +7.0961914062  +2.360e-04
 11027  +7.0972072279     14535  +7.0971679688  -3.926e-05
 11028  +7.0984588296     14538  +7.0986328125  +1.740e-04
 11029  +7.0997102106     14540  +7.0996093750  -1.008e-04
 11030  +7.1009613711     14543  +7.1010742188  +1.128e-04
 11031  +7.1022123112     14545  +7.1020507812  -1.615e-04
 11032  +7.1034630310     14548  +7.1035156250  +5.259e-05
 11033  +7.1047135306     14550  +7.1044921875  -2.213e-04
 11034  +7.1059638102     14553  +7.1059570312  -6.779e-06
 11035  +7.1072138698     14556  +7.1074218750  +2.080e-04
 11036  +7.1084637096     14558  +7.1083984375  -6.527e-05
 11037  +7.1097133297     14561  +7.1098632812  +1.500e-04
 11038  +7.1109627301     14563  +7.1108398438  -1.229e-04
 11039  +7.1122119111     14566  +7.1123046875  +9.278e-05
 11040  +7.1134608727     14568  +7.1132812500  -1.796e-04
 11041  +7.1147096151     14571  +7.1147460938  +3.648e-05
 11042  +7.1159581384     14573  +7.1157226562  -2.355e-04
 11043  +7.1172064426     14576  +7.1171875000  -1.894e-05
 11044  +7.1184545279     14579  +7.1186523438  +1.978e-04
 11045  +7.1197023944     14581  +7.1196289062  -7.349e-05
 11046  +7.1209500423     14584  +7.1210937500  +1.437e-04
 11047  +7.1221974715     14586  +7.1220703125  -1.272e-04
 11048  +7.1234446824     14589  +7.1235351562  +9.047e-05
 11049  +7.1246916749     14591  +7.1245117188  -1.800e-04
 11050  +7.1259384492     14594  +7.1259765625  +3.811e-05
 11051  +7.1271850054     14596  +7.1269531250  -2.319e-04
 11052  +7.1284313436     14599  +7.1284179688  -1.337e-05
 11053  +7.1296774639     14602  +7.1298828125  +2.053e-04
 11054  +7.1309233665     14604  +7.1308593750  -6.399e-05
 11055  +7.1321690515     14607  +7.1323242188  +1.552e-04
 11056  +7.1334145189     14609  +7.1333007812  -1.137e-04
 11057  +7.1346597689     14612  +7.1347656250  +1.059e-04
 11058  +7.1359048016     14614  +7.1357421875  -1.626e-04
 11059  +7.1371496171     14617  +7.1372070312  +5.741e-05
 11060  +7.1383942155     14619  +7.1381835938  -2.106e-04
 11061  +7.1396385969     14622  +7.1396484375  +9.841e-06
 11062  +7.1408827616     14625  +7.1411132812  +2.305e-04
 11063  +7.1421267094     14627  +7.1420898438  -3.687e-05
 11064  +7.1433704407     14630  +7.1435546875  +1.842e-04
 11065  +7.1446139555     14632  +7.1445312500  -8.271e-05
 11066  +7.1458572538     14635  +7.1459960938  +1.388e-04
 11067  +7.1471003359     14637  +7.1469726562  -1.277e-04
 11068  +7.1483432018     14640  +7.1484375000  +9.430e-05
 11069  +7.1495858516     14642  +7.1494140625  -1.718e-04
 11070  +7.1508282855     14645  +7.1508789062  +5.062e-05
 11071  +7.1520705036     14647  +7.1518554688  -2.150e-04
 11072  +7.1533125060     14650  +7.1533203125  +7.807e-06
 11073  +7.1545542927     14653  +7.1547851562  +2.309e-04
 11074  +7.1557958640     14655  +7.1557617188  -3.415e-05
 11075  +7.1570372198     14658  +7.1572265625  +1.893e-04
 11076  +7.1582783604     14660  +7.1582031250  -7.524e-05
 11077  +7.1595192859     14663  +7.1596679688  +1.487e-04
 11078  +7.1607599963     14665  +7.1606445312  -1.155e-04
 11079  +7.1620004917     14668  +7.1621093750  +1.089e-04
 11080  +7.1632407724     14670  +7.1630859375  -1.548e-04
 11081  +7.1644808383     14673  +7.1645507812  +6.994e-05
 11082  +7.1657206896     14675  +7.1655273438  -1.933e-04
 11083  +7.1669603265     14678  +7.1669921875  +3.186e-05
 11084  +7.1681997489     14680  +7.1679687500  -2.310e-04
 11085  +7.1694389571     14683  +7.1694335938  -5.363e-06
 11086  +7.1706779512     14686  +7.1708984375  +2.205e-04
 11087  +7.1719167312     14688  +7.1718750000  -4.173e-05
 11088  +7.1731552972     14691  +7.1733398438  +1.845e-04
 11089  +7.1743936495     14693  +7.1743164062  -7.724e-05
 11090  +7.1756317880     14696  +7.1757812500  +1.495e-04
 11091  +7.1768697129     14698  +7.1767578125  -1.119e-04
 11092  +7.1781074244     14701  +7.1782226562  +1.152e-04
 11093  +7.1793449224     14703  +7.1791992188  -1.457e-04
 11094  +7.1805822072     14706  +7.1806640625  +8.186e-05
 11095  +7.1818192788     14708  +7.1816406250  -1.787e-04
 11096  +7.1830561374     14711  +7.1831054688  +4.933e-05
 11097  +7.1842927830     14713  +7.1840820312  -2.108e-04
 11098  +7.1855292159     14716  +7.1855468750  +1.766e-05
 11099  +7.1867654359     14718  +7.1865234375  -2.420e-04
 11100  +7.1880014434     14721  +7.1879882812  -1.316e-05
 11101  +7.1892372384     14724  +7.1894531250  +2.159e-04
 11102  +7.1904728210     14726  +7.1904296875  -4.313e-05
 11103  +7.1917081913     14729  +7.1918945312  +1.863e-04
 11104  +7.1929433494     14731  +7.1928710938  -7.226e-05
 11105  +7.1941782955     14734  +7.1943359375  +1.576e-04
 11106  +7.1954130296     14736  +7.1953125000  -1.005e-04
 11107  +7.1966475519     14739  +7.1967773438  +1.298e-04
 11108  +7.1978818624     14741  +7.1977539062  -1.280e-04
 11109  +7.1991159614     14744  +7.1992187500  +1.028e-04
 11110  +7.2003498488     14746  +7.2001953125  -1.545e-04
 11111  +7.2015835247     14749  +7.2016601562  +7.663e-05
 11112  +7.2028169894     14751  +7.2026367188  -1.803e-04
 11113  +7.2040502429     14754  +7.2041015625  +5.132e-05
 11114  +7.2052832853     14756  +7.2050781250  -2.052e-04
 11115  +7.2065161168     14759  +7.2065429688  +2.685e-05
 11116  +7.2077487373     14761  +7.2075195312  -2.292e-04
 11117  +7.2089811472     14764  +7.2089843750  +3.228e-06
 11118  +7.2102133463     14767  +7.2104492188  +2.359e-04
 11119  +7.2114453349     14769  +7.2114257812  -1.955e-05
 11120  +7.2126771131     14772  +7.2128906250  +2.135e-04
 11121  +7.2139086810     14774  +7.2138671875  -4.149e-05
 11122  +7.2151400386     14777  +7.2153320312  +1.920e-04
 11123  +7.2163711862     14779  +7.2163085938  -6.259e-05
 11124  +7.2176021237     14782  +7.2177734375  +1.713e-04
 11125  +7.2188328513     14784  +7.2187500000  -8.285e-05
 11126  +7.2200633691     14787  +7.2202148438  +1.515e-04
 11127  +7.2212936773     14789  +7.2211914062  -1.023e-04
 11128  +7.2225237759     14792  +7.2226562500  +1.325e-04
 11129  +7.2237536650     14794  +7.2236328125  -1.209e-04
 11130  +7.2249833448     14797  +7.2250976562  +1.143e-04
 11131  +7.2262128153     14799  +7.2260742188  -1.386e-04
 11132  +7.2274420766     14802  +7.2275390625  +9.699e-05
 11133  +7.2286711289     14804  +7.2285156250  -1.555e-04
 11134  +7.2298999723     14807  +7.2299804688  +8.050e-05
 11135  +7.2311286069     14809  +7.2309570312  -1.716e-04
 11136  +7.2323570327     14812  +7.2324218750  +6.484e-05
 11137  +7.2335852499     14814  +7.2333984375  -1.868e-04
 11138  +7.2348132586     14817  +7.2348632812  +5.002e-05
 11139  +7.2360410589     14819  +7.2358398438  -2.012e-04
 11140  +7.2372686509     14822  +7.2373046875  +3.604e-05
 11141  +7.2384960348     14824  +7.2382812500  -2.148e-04
 11142  +7.2397232105     14827  +7.2397460938  +2.288e-05
 11143  +7.2409501783     14829  +7.2407226562  -2.275e-04
 11144  +7.2421769381     14832  +7.2421875000  +1.056e-05
 11145  +7.2434034903     14834  +7.2431640625  -2.394e-04
 11146  +7.2446298347     14837  +7.2446289062  -9.285e-07
 11147  +7.2458559716     14840  +7.2460937500  +2.378e-04
 11148  +7.2470819011     14842  +7.2470703125  -1.159e-05
 11149  +7.2483076232     14845  +7.2485351562  +2.275e-04
 11150  +7.2495331380     14847  +7.2495117188  -2.142e-05
 11151  +7.2507584458     14850  +7.2509765625  +2.181e-04
 11152  +7.2519835465     14852  +7.2519531250  -3.042e-05
 11153  +7.2532084403     14855  +7.2534179688  +2.095e-04
 11154  +7.2544331272     14857  +7.2543945312  -3.860e-05
 11155  +7.2556576074     14860  +7.2558593750  +2.018e-04
 11156  +7.2568818811     14862  +7.2568359375  -4.594e-05
 11157  +7.2581059482     14865  +7.2583007812  +1.948e-04
 11158  +7.2593298089     14867  +7.2592773438  -5.247e-05
 11159  +7.2605534633     14870  +7.2607421875  +1.887e-04
 11160  +7.2617769116     14872  +7.2617187500  -5.816e-05
 11161  +7.2630001537     14875  +7.2631835938  +1.834e-04
 11162  +7.2642231899     14877  +7.2641601562  -6.303e-05
 11163  +7.2654460201     14880  +7.2656250000  +1.790e-04
 11164  +7.2666686446     14882  +7.2666015625  -6.708e-05
 11165  +7.2678910635     14885  +7.2680664062  +1.753e-04
 11166  +7.2691132767     14887  +7.2690429688  -7.031e-05
 11167  +7.2703352845     14890  +7.2705078125  +1.725e-04
 11168  +7.2715570869     14892  +7.2714843750  -7.271e-05
 11169  +7.2727786841     14895  +7.2729492188  +1.705e-04
 11170  +7.2740000761     14897  +7.2739257812  -7.429e-05
 11171  +7.2752212631     14900  +7.2753906250  +1.694e-04
 11172  +7.2764422451     14902  +7.2763671875  -7.506e-05
 11173  +7.2776630222     14905  +7.2778320312  +1.690e-04
 11174  +7.2788835947     14907  +7.2788085938  -7.500e-05
 11175  +7.2801039624     14910  +7.2802734375  +1.695e-04
 11176  +7.2813241257     14912  +7.2812500000  -7.413e-05
 11177  +7.2825440845     14915  +7.2827148438  +1.708e-04
 11178  +7.2837638390     14917  +7.2836914062  -7.243e-05
 11179  +7.2849833892     14920  +7.2851562500  +1.729e-04
 11180  +7.2862027354     14922  +7.2861328125  -6.992e-05
 11181  +7.2874218775     14925  +7.2875976562  +1.758e-04
 11182  +7.2886408157     14927  +7.2885742188  -6.660e-05
 11183  +7.2898595500     14930  +7.2900390625  +1.795e-04
 11184  +7.2910780807     14932  +7.2910156250  -6.246e-05
 11185  +7.2922964077     14935  +7.2924804688  +1.841e-04
 11186  +7.2935145312     14937  +7.2934570312  -5.750e-05
 11187  +7.2947324513     14940  +7.2949218750  +1.894e-04
 11188  +7.2959501681     14942  +7.2958984375  -5.173e-05
 11189  +7.2971676817     14945  +7.2973632812  +1.956e-04
 11190  +7.2983849922     14947  +7.2983398438  -4.515e-05
 11191  +7.2996020997     14950  +7.2998046875  +2.026e-04
 11192  +7.3008190043     14952  +7.3007812500  -3.775e-05
 11193  +7.3020357061     14955  +7.3022460938  +2.104e-04
 11194  +7.3032522052     14957  +7.3032226562  -2.955e-05
 11195  +7.3044685017     14960  +7.3046875000  +2.190e-04
 11196  +7.3056845956     14962  +7.3056640625  -2.053e-05
 11197  +7.3069004872     14965  +7.3071289062  +2.284e-04
 11198  +7.3081161765     14967  +7.3081054688  -1.071e-05
 11199  +7.3093316636     14970  +7.3095703125  +2.386e-04
 11200  +7.3105469487     14972  +7.3105468750  -7.366e-08
 11201  +7.3117620317     14974  +7.3115234375  -2.386e-04
 11202  +7.3129769128     14977  +7.3129882812  +1.137e-05
 11203  +7.3141915921     14979  +7.3139648438  -2.267e-04
 11204  +7.3154060698     14982  +7.3154296875  +2.362e-05
 11205  +7.3166203459     14984  +7.3164062500  -2.141e-04
 11206  +7.3178344204     14987  +7.3178710938  +3.667e-05
 11207  +7.3190482936     14989  +7.3188476562  -2.006e-04
 11208  +7.3202619655     14992  +7.3203125000  +5.053e-05
 11209  +7.3214754362     14994  +7.3212890625  -1.864e-04
 11210  +7.3226887058     14997  +7.3227539062  +6.520e-05
 11211  +7.3239017744     14999  +7.3237304688  -1.713e-04
 11212  +7.3251146422     15002  +7.3251953125  +8.067e-05
 11213  +7.3263273091     15004  +7.3261718750  -1.554e-04
 11214  +7.3275397754     15007  +7.3276367188  +9.694e-05
 11215  +7.3287520410     15009  +7.3286132812  -1.388e-04
 11216  +7.3299641062     15012  +7.3300781250  +1.140e-04
 11217  +7.3311759710     15014  +7.3310546875  -1.213e-04
 11218  +7.3323876355     15017  +7.3325195312  +1.319e-04
 11219  +7.3335990998     15019  +7.3334960938  -1.030e-04
 11220  +7.3348103640     15022  +7.3349609375  +1.506e-04
 11221  +7.3360214282     15024  +7.3359375000  -8.393e-05
 11222  +7.3372322925     15027  +7.3374023438  +1.701e-04
 11223  +7.3384429571     15029  +7.3383789062  -6.405e-05
 11224  +7.3396534219     15032  +7.3398437500  +1.903e-04
 11225  +7.3408636871     15034  +7.3408203125  -4.337e-05
 11226  +7.3420737529     15037  +7.3422851562  +2.114e-04
 11227  +7.3432836192     15039  +7.3432617188  -2.190e-05
 11228  +7.3444932862     15042  +7.3447265625  +2.333e-04
 11229  +7.3457027540     15044  +7.3457031250  +3.710e-07
 11230  +7.3469120227     15046  +7.3466796875  -2.323e-04
 11231  +7.3481210924     15049  +7.3481445312  +2.344e-05
 11232  +7.3493299632     15051  +7.3491210938  -2.089e-04
 11233  +7.3505386352     15054  +7.3505859375  +4.730e-05
 11234  +7.3517471085     15056  +7.3515625000  -1.846e-04
 11235  +7.3529553832     15059  +7.3530273438  +7.196e-05
 11236  +7.3541634593     15061  +7.3540039062  -1.596e-04
 11237  +7.3553713370     15064  +7.3554687500  +9.741e-05
 11238  +7.3565790164     15066  +7.3564453125  -1.337e-04
 11239  +7.3577864976     15069  +7.3579101562  +1.237e-04
 11240  +7.3589937806     15071  +7.3588867188  -1.071e-04
 11241  +7.3602008657     15074  +7.3603515625  +1.507e-04
 11242  +7.3614077528     15076  +7.3613281250  -7.963e-05
 11243  +7.3626144420     15079  +7.3627929688  +1.785e-04
 11244  +7.3638209335     15081  +7.3637695312  -5.140e-05
 11245  +7.3650272274     15084  +7.3652343750  +2.071e-04
 11246  +7.3662333237     15086  +7.3662109375  -2.239e-05
 11247  +7.3674392226     15089  +7.3676757812  +2.366e-04
 11248  +7.3686449242     15091  +7.3686523438  +7.420e-06
 11249  +7.3698504285     15093  +7.3696289062  -2.215e-04
 11250  +7.3710557356     15096  +7.3710937500  +3.801e-05
 11251  +7.3722608457     15098  +7.3720703125  -1.905e-04
 11252  +7.3734657588     15101  +7.3735351562  +6.940e-05
 11253  +7.3746704750     15103  +7.3745117188  -1.588e-04
 11254  +7.3758749945     15106  +7.3759765625  +1.016e-04
 11255  +7.3770793173     15108  +7.3769531250  -1.262e-04
 11256  +7.3782834436     15111  +7.3784179688  +1.345e-04
 11257  +7.3794873733     15113  +7.3793945312  -9.284e-05
 11258  +7.3806911067     15116  +7.3808593750  +1.683e-04
 11259  +7.3818946438     15118  +7.3818359375  -5.871e-05
 11260  +7.3830979847     15121  +7.3833007812  +2.028e-04
 11261  +7.3843011295     15123  +7.3842773438  -2.379e-05
 11262  +7.3855040783     15126  +7.3857421875  +2.381e-04
 11263  +7.3867068311     15128  +7.3867187500  +1.192e-05
 11264  +7.3879093882     15130  +7.3876953125  -2.141e-04
 11265  +7.3891117496     15133  +7.3891601562  +4.841e-05
 11266  +7.3903139154     15135  +7.3901367188  -1.772e-04
 11267  +7.3915158856     15138  +7.3916015625  +8.568e-05
 11268  +7.3927176604     15140  +7.3925781250  -1.395e-04
 11269  +7.3939192399     15143  +7.3940429688  +1.237e-04
 11270  +7.3951206241     15145  +7.3950195312  -1.011e-04
 11271  +7.3963218132     15148  +7.3964843750  +1.626e-04
 11272  +7.3975228072     15150  +7.3974609375  -6.187e-05
 11273  +7.3987236063     15153  +7.3989257812  +2.022e-04
 11274  +7.3999242106     15155  +7.3999023438  -2.187e-05
 11275  +7.4011246201     15158  +7.4013671875  +2.426e-04
 11276  +7.4023248349     15160  +7.4023437500  +1.892e-05
 11277  +7.4035248551     15162  +7.4033203125  -2.045e-04
 11278  +7.4047246809     15165  +7.4047851562  +6.048e-05
 11279  +7.4059243123     15167  +7.4057617188  -1.626e-04
 11280  +7.4071237494     15170  +7.4072265625  +1.028e-04
 11281  +7.4083229923     15172  +7.4082031250  -1.199e-04
 11282  +7.4095220411     15175  +7.4096679688  +1.459e-04
 11283  +7.4107208959     15177  +7.4106445312  -7.636e-05
 11284  +7.4119195568     15180  +7.4121093750  +1.898e-04
 11285  +7.4131180239     15182  +7.4130859375  -3.209e-05
 11286  +7.4143162972     15185  +7.4145507812  +2.345e-04
 11287  +7.4155143769     15187  +7.4155273438  +1.297e-05
 11288  +7.4167122631     15189  +7.4165039062  -2.084e-04
 11289  +7.4179099559     15192  +7.4179687500  +5.879e-05
 11290  +7.4191074552     15194  +7.4189453125  -1.621e-04
 11291  +7.4203047614     15197  +7.4204101562  +1.054e-04
 11292  +7.4215018744     15199  +7.4213867188  -1.152e-04
 11293  +7.4226987943     15202  +7.4228515625  +1.528e-04
 11294  +7.4238955212     15204  +7.4238281250  -6.740e-05
 11295  +7.4250920553     15207  +7.4252929688  +2.009e-04
 11296  +7.4262883966     15209  +7.4262695312  -1.887e-05
 11297  +7.4274845451     15211  +7.4272460938  -2.385e-04
 11298  +7.4286805011     15214  +7.4287109375  +3.044e-05
 11299  +7.4298762646     15216  +7.4296875000  -1.888e-04
 11300  +7.4310718356     15219  +7.4311523438  +8.051e-05
 11301  +7.4322672144     15221  +7.4321289062  -1.383e-04
 11302  +7.4334624009     15224  +7.4335937500  +1.313e-04
 11303  +7.4346573952     15226  +7.4345703125  -8.708e-05
 11304  +7.4358521975     15229  +7.4360351562  +1.830e-04
 11305  +7.4370468079     15231  +7.4370117188  -3.509e-05
 11306  +7.4382412264     15234  +7.4384765625  +2.353e-04
 11307  +7.4394354532     15236  +7.4394531250  +1.767e-05
 11308  +7.4406294882     15238  +7.4404296875  -1.998e-04
 11309  +7.4418233317     15241  +7.4418945312  +7.120e-05
 11310  +7.4430169837     15243  +7.4428710938  -1.459e-04
 11311  +7.4442104443     15246  +7.4443359375  +1.255e-04
 11312  +7.4454037136     15248  +7.4453125000  -9.121e-05
 11313  +7.4465967917     15251  +7.4467773438  +1.806e-04
 11314  +7.4477896787     15253  +7.4477539062  -3.577e-05
 11315  +7.4489823746     15256  +7.4492187500  +2.364e-04
 11316  +7.4501748796     15258  +7.4501953125  +2.043e-05
 11317  +7.4513671937     15260  +7.4511718750  -1.953e-04
 11318  +7.4525593171     15263  +7.4526367188  +7.740e-05
 11319  +7.4537512498     15265  +7.4536132812  -1.380e-04
 11320  +7.4549429920     15268  +7.4550781250  +1.351e-04
 11321  +7.4561345437     15270  +7.4560546875  -7.986e-05
 11322  +7.4573259049     15273  +7.4575195312  +1.936e-04
 11323  +7.4585170759     15275  +7.4584960938  -2.098e-05
 11324  +7.4597080567     15277  +7.4594726562  -2.354e-04
 11325  +7.4608988474     15280  +7.4609375000  +3.865e-05
 11326  +7.4620894480     15282  +7.4619140625  -1.754e-04
 11327  +7.4632798587     15285  +7.4633789062  +9.905e-05
 11328  +7.4644700796     15287  +7.4643554688  -1.146e-04
 11329  +7.4656601107     15290  +7.4658203125  +1.602e-04
 11330  +7.4668499521     15292  +7.4667968750  -5.308e-05
 11331  +7.4680396040     15295  +7.4682617188  +2.221e-04
 11332  +7.4692290664     15297  +7.4692382812  +9.215e-06
 11333  +7.4704183394     15299  +7.4702148438  -2.035e-04
 11334  +7.4716074231     15302  +7.4716796875  +7.226e-05
 11335  +7.4727963176     15304  +7.4726562500  -1.401e-04
 11336  +7.4739850230     15307  +7.4741210938  +1.361e-04
 11337  +7.4751735393     15309  +7.4750976562  -7.588e-05
 11338  +7.4763618668     15312  +7.4765625000  +2.006e-04
 11339  +7.4775500053     15314  +7.4775390625  -1.094e-05
 11340  +7.4787379551     15316  +7.4785156250  -2.223e-04
 11341  +7.4799257163     15319  +7.4799804688  +5.475e-05
 11342  +7.4811132888     15321  +7.4809570312  -1.563e-04
 11343  +7.4823006729     15324  +7.4824218750  +1.212e-04
 11344  +7.4834878686     15326  +7.4833984375  -8.943e-05
 11345  +7.4846748759     15329  +7.4848632812  +1.884e-04
 11346  +7.4858616951     15331  +7.4858398438  -2.185e-05
 11347  +7.4870483261     15333  +7.4868164062  -2.319e-04
 11348  +7.4882347690     15336  +7.4882812500  +4.648e-05
 11349  +7.4894210241     15338  +7.4892578125  -1.632e-04
 11350  +7.4906070912     15341  +7.4907226562  +1.156e-04
 11351  +7.4917929706     15343  +7.4916992188  -9.375e-05
 11352  +7.4929786623     15346  +7.4931640625  +1.854e-04
 11353  +7.4941641664     15348  +7.4941406250  -2.354e-05
 11354  +7.4953494830     15350  +7.4951171875  -2.323e-04
 11355  +7.4965346122     15353  +7.4965820312  +4.742e-05
 11356  +7.4977195541     15355  +7.4975585938  -1.610e-04
 11357  +7.4989043087     15358  +7.4990234375  +1.191e-04
 11358  +7.5000888762     15360  +7.5000000000  -8.888e-05
 11359  +7.5012732566     15363  +7.5014648438  +1.916e-04
 11360  +7.5024574500     15365  +7.5024414062  -1.604e-05
 11361  +7.5036414565     15367  +7.5034179688  -2.235e-04
 11362  +7.5048252763     15370  +7.5048828125  +5.754e-05
 11363  +7.5060089093     15372  +7.5058593750  -1.495e-04
 11364  +7.5071923558     15375  +7.5073242188  +1.319e-04
 11365  +7.5083756157     15377  +7.5083007812  -7.483e-05
 11366  +7.5095586891     15380  +7.5097656250  +2.069e-04
 11367  +7.5107415762     15382  +7.5107421875  +6.113e-07
 11368  +7.5119242770     15384  +7.5117187500  -2.055e-04
 11369  +7.5131067917     15387  +7.5131835938  +7.680e-05
 11370  +7.5142891203     15389  +7.5141601562  -1.290e-04
 11371  +7.5154712628     15392  +7.5156250000  +1.537e-04
 11372  +7.5166532195     15394  +7.5166015625  -5.166e-05
 11373  +7.5178349903     15397  +7.5180664062  +2.314e-04
 11374  +7.5190165753     15399  +7.5190429688  +2.639e-05
 11375  +7.5201979748     15401  +7.5200195312  -1.784e-04
 11376  +7.5213791886     15404  +7.5214843750  +1.052e-04
 11377  +7.5225602170     15406  +7.5224609375  -9.928e-05
 11378  +7.5237410600     15409  +7.5239257812  +1.847e-04
 11379  +7.5249217177     15411  +7.5249023438  -1.937e-05
 11380  +7.5261021901     15413  +7.5258789062  -2.233e-04
 11381  +7.5272824775     15416  +7.5273437500  +6.127e-05
 11382  +7.5284625798     15418  +7.5283203125  -1.423e-04
 11383  +7.5296424971     15421  +7.5297851562  +1.427e-04
 11384  +7.5308222296     15423  +7.5307617188  -6.051e-05
 11385  +7.5320017773     15426  +7.5322265625  +2.248e-04
 11386  +7.5331811403     15428  +7.5332031250  +2.198e-05
 11387  +7.5343603187     15430  +7.5341796875  -1.806e-04
 11388  +7.5355393126     15433  +7.5356445312  +1.052e-04
 11389  +7.5367181220     15435  +7.5366210938  -9.703e-05
 11390  +7.5378967471     15438  +7.5380859375  +1.892e-04
 11391  +7.5390751880     15440  +7.5390625000  -1.269e-05
 11392  +7.5402534446     15442  +7.5400390625  -2.144e-04
 11393  +7.5414315172     15445  +7.5415039062  +7.239e-05
 11394  +7.5426094058     15447  +7.5424804688  -1.289e-04
 11395  +7.5437871104     15450  +7.5439453125  +1.582e-04
 11396  +7.5449646312     15452  +7.5449218750  -4.276e-05
 11397  +7.5461419683     15454  +7.5458984375  -2.435e-04
 11398  +7.5473191217     15457  +7.5473632812  +4.416e-05
 11399  +7.5484960916     15459  +7.5483398438  -1.562e-04
 11400  +7.5496728780     15462  +7.5498046875  +1.318e-04
 11401  +7.5508494809     15464  +7.5507812500  -6.823e-05
 11402  +7.5520259006     15467  +7.5522460938  +2.202e-04
 11403  +7.5532021370     15469  +7.5532226562  +2.052e-05
 11404  +7.5543781903     15471  +7.5541992188  -1.790e-04
 11405  +7.5555540605     15474  +7.5556640625  +1.100e-04
 11406  +7.5567297477     15476  +7.5566406250  -8.912e-05
 11407  +7.5579052521     15479  +7.5581054688  +2.002e-04
 11408  +7.5590805737     15481  +7.5590820312  +1.458e-06
 11409  +7.5602557125     15483  +7.5600585938  -1.971e-04
 11410  +7.5614306687     15486  +7.5615234375  +9.277e-05
 11411  +7.5626054424     15488  +7.5625000000  -1.054e-04
 11412  +7.5637800336     15491  +7.5639648438  +1.848e-04
 11413  +7.5649544424     15493  +7.5649414062  -1.304e-05
 11414  +7.5661286690     15495  +7.5659179688  -2.107e-04
 11415  +7.5673027133     15498  +7.5673828125  +8.010e-05
 11416  +7.5684765755     15500  +7.5683593750  -1.172e-04
 11417  +7.5696502557     15503  +7.5698242188  +1.740e-04
 11418  +7.5708237539     15505  +7.5708007812  -2.297e-05
 11419  +7.5719970703     15507  +7.5717773438  -2.197e-04
 11420  +7.5731702048     15510  +7.5732421875  +7.198e-05
 11421  +7.5743431577     15512  +7.5742187500  -1.244e-04
 11422  +7.5755159290     15515  +7.5756835938  +1.677e-04
 11423  +7.5766885187     15517  +7.5766601562  -2.836e-05
 11424  +7.5778609270     15519  +7.5776367188  -2.242e-04
 11425  +7.5790331539     15522  +7.5791015625  +6.841e-05
 11426  +7.5802051996     15524  +7.5800781250  -1.271e-04
 11427  +7.5813770640     15527  +7.5815429688  +1.659e-04
 11428  +7.5825487474     15529  +7.5825195312  -2.922e-05
 11429  +7.5837202497     15531  +7.5834960938  -2.242e-04
 11430  +7.5848915711     15534  +7.5849609375  +6.937e-05
 11431  +7.5860627116     15536  +7.5859375000  -1.252e-04
 11432  +7.5872336714     15539  +7.5874023438  +1.687e-04
 11433  +7.5884044504     15541  +7.5883789062  -2.554e-05
 11434  +7.5895750489     15543  +7.5893554688  -2.196e-04
 11435  +7.5907454668     15546  +7.5908203125  +7.485e-05
 11436  +7.5919157043     15548  +7.5917968750  -1.188e-04
 11437  +7.5930857615     15551  +7.5932617188  +1.760e-04
 11438  +7.5942556383     15553  +7.5942382812  -1.736e-05
 11439  +7.5954253350     15555  +7.5952148438  -2.105e-04
 11440  +7.5965948516     15558  +7.5966796875  +8.484e-05
 11441  +7.5977641881     15560  +7.5976562500  -1.079e-04
 11442  +7.5989333447     15563  +7.5991210938  +1.877e-04
 11443  +7.6001023215     15565  +7.6000976562  -4.665e-06
 11444  +7.6012711185     15567  +7.6010742188  -1.969e-04
 11445  +7.6024397358     15570  +7.6025390625  +9.933e-05
 11446  +7.6036081735     15572  +7.6035156250  -9.255e-05
 11447  +7.6047764316     15575  +7.6049804688  +2.040e-04
 11448  +7.6059445103     15577  +7.6059570312  +1.252e-05
 11449  +7.6071124097     15579  +7.6069335938  -1.788e-04
 11450  +7.6082801298     15582  +7.6083984375  +1.183e-04
 11451  +7.6094476706     15584  +7.6093750000  -7.267e-05
 11452  +7.6106150324     15587  +7.6108398438  +2.248e-04
 11453  +7.6117822152     15589  +7.6118164062  +3.419e-05
 11454  +7.6129492190     15591  +7.6127929688  -1.563e-04
 11455  +7.6141160439     15594  +7.6142578125  +1.418e-04
 11456  +7.6152826900     15596  +7.6152343750  -4.832e-05
 11457  +7.6164491575     15598  +7.6162109375  -2.382e-04
 11458  +7.6176154463     15601  +7.6176757812  +6.033e-05
 11459  +7.6187815566     15603  +7.6186523438  -1.292e-04
 11460  +7.6199474884     15606  +7.6201171875  +1.697e-04
 11461  +7.6211132419     15608  +7.6210937500  -1.949e-05
 11462  +7.6222788171     15610  +7.6220703125  -2.085e-04
 11463  +7.6234442141     15613  +7.6235351562  +9.094e-05
 11464  +7.6246094329     15615  +7.6245117188  -9.771e-05
 11465  +7.6257744737     15618  +7.6259765625  +2.021e-04
 11466  +7.6269393365     15620  +7.6269531250  +1.379e-05
 11467  +7.6281040215     15622  +7.6279296875  -1.743e-04
 11468  +7.6292685286     15625  +7.6293945312  +1.260e-04
 11469  +7.6304328580     15627  +7.6303710938  -6.176e-05
 11470  +7.6315970098     15630  +7.6318359375  +2.389e-04
 11471  +7.6327609841     15632  +7.6328125000  +5.152e-05
 11472  +7.6339247808     15634  +7.6337890625  -1.357e-04
 11473  +7.6350884002     15637  +7.6352539062  +1.655e-04
 11474  +7.6362518422     15639  +7.6362304688  -2.137e-05
 11475  +7.6374151070     15641  +7.6372070312  -2.081e-04
 11476  +7.6385781947     15644  +7.6386718750  +9.368e-05
 11477  +7.6397411053     15646  +7.6396484375  -9.267e-05
 11478  +7.6409038389     15649  +7.6411132812  +2.094e-04
 11479  +7.6420663956     15651  +7.6420898438  +2.345e-05
 11480  +7.6432287755     15653  +7.6430664062  -1.624e-04
 11481  +7.6443909786     15656  +7.6445312500  +1.403e-04
 11482  +7.6455530051     15658  +7.6455078125  -4.519e-05
 11483  +7.6467148549     15660  +7.6464843750  -2.305e-04
 11484  +7.6478765283     15663  +7.6479492188  +7.269e-05
 11485  +7.6490380252     15665  +7.6489257812  -1.122e-04
 11486  +7.6501993458     15668  +7.6503906250  +1.913e-04
 11487  +7.6513604901     15670  +7.6513671875  +6.697e-06
 11488  +7.6525214583     15672  +7.6523437500  -1.777e-04
 11489  +7.6536822503     15675  +7.6538085938  +1.263e-04
 11490  +7.6548428663     15677  +7.6547851562  -5.771e-05
 11491  +7.6560033064     15679  +7.6557617188  -2.416e-04
 11492  +7.6571635706     15682  +7.6572265625  +6.299e-05
 11493  +7.6583236590     15684  +7.6582031250  -1.205e-04
 11494  +7.6594835717     15687  +7.6596679688  +1.844e-04
 11495  +7.6606433088     15689  +7.6606445312  +1.222e-06
 11496  +7.6618028704     15691  +7.6616210938  -1.818e-04
 11497  +7.6629622564     15694  +7.6630859375  +1.237e-04
 11498  +7.6641214671     15696  +7.6640625000  -5.897e-05
 11499  +7.6652805025     15698  +7.6650390625  -2.414e-04
 11500  +7.6664393627     15701  +7.6665039062  +6.454e-05
 11501  +7.6675980477     15703  +7.6674804688  -1.176e-04
 11502  +7.6687565577     15706  +7.6689453125  +1.888e-04
 11503  +7.6699148926     15708  +7.6699218750  +6.982e-06
 11504  +7.6710730527     15710  +7.6708984375  -1.746e-04
 11505  +7.6722310379     15713  +7.6723632812  +1.322e-04
 11506  +7.6733888484     15715  +7.6733398438  -4.900e-05
 11507  +7.6745464842     15717  +7.6743164062  -2.301e-04
 11508  +7.6757039454     15720  +7.6757812500  +7.730e-05
 11509  +7.6768612321     15722  +7.6767578125  -1.034e-04
 11510  +7.6780183443     15725  +7.6782226562  +2.043e-04
 11511  +7.6791752822     15727  +7.6791992188  +2.394e-05
 11512  +7.6803320458     15729  +7.6801757812  -1.563e-04
 11513  +7.6814886353     15732  +7.6816406250  +1.520e-04
 11514  +7.6826450506     15734  +7.6826171875  -2.786e-05
 11515  +7.6838012918     15736  +7.6835937500  -2.075e-04
 11516  +7.6849573591     15739  +7.6850585938  +1.012e-04
 11517  +7.6861132526     15741  +7.6860351562  -7.810e-05
 11518  +7.6872689722     15744  +7.6875000000  +2.310e-04
 11519  +7.6884245181     15746  +7.6884765625  +5.204e-05
 11520  +7.6895798903     15748  +7.6894531250  -1.268e-04
 11521  +7.6907350890     15751  +7.6909179688  +1.829e-04
 11522  +7.6918901141     15753  +7.6918945312  +4.417e-06
 11523  +7.6930449659     15755  +7.6928710938  -1.739e-04
 11524  +7.6941996443     15758  +7.6943359375  +1.363e-04
 11525  +7.6953541495     15760  +7.6953125000  -4.165e-05
 11526  +7.6965084815     15762  +7.6962890625  -2.194e-04
 11527  +7.6976626404     15765  +7.6977539062  +9.127e-05
 11528  +7.6988166262     15767  +7.6987304688  -8.616e-05
 11529  +7.6999704392     15770  +7.7001953125  +2.249e-04
 11530  +7.7011240792     15772  +7.7011718750  +4.780e-05
 11531  +7.7022775465     15774  +7.7021484375  -1.291e-04
 11532  +7.7034308410     15777  +7.7036132812  +1.824e-04
 11533  +7.7045839629     15779  +7.7045898438  +5.881e-06
 11534  +7.7057369122     15781  +7.7055664062  -1.705e-04
 11535  +7.7068896891     15784  +7.7070312500  +1.416e-04
 11536  +7.7080422936     15786  +7.7080078125  -3.448e-05
 11537  +7.7091947257     15788  +7.7089843750  -2.104e-04
 11538  +7.7103469856     15791  +7.7104492188  +1.022e-04
 11539  +7.7114990733     15793  +7.7114257812  -7.329e-05
 11540  +7.7126509889     15796  +7.7128906250  +2.396e-04
 11541  +7.7138027325     15798  +7.7138671875  +6.445e-05
 11542  +7.7149543042     15800  +7.7148437500  -1.106e-04
 11543  +7.7161057040     15803  +7.7163085938  +2.029e-04
 11544  +7.7172569320     15805  +7.7172851562  +2.822e-05
 11545  +7.7184079883     15807  +7.7182617188  -1.463e-04
 11546  +7.7195588730     15810  +7.7197265625  +1.677e-04
 11547  +7.7207095861     15812  +7.7207031250  -6.461e-06
 11548  +7.7218601277     15814  +7.7216796875  -1.804e-04
 11549  +7.7230104979     15817  +7.7231445312  +1.340e-04
 11550  +7.7241606968     15819  +7.7241210938  -3.960e-05
 11551  +7.7253107245     15821  +7.7250976562  -2.131e-04
 11552  +7.7264605810     15824  +7.7265625000  +1.019e-04
 11553  +7.7276102664     15826  +7.7275390625  -7.120e-05
 11554  +7.7287597807     15829  +7.7290039062  +2.441e-04
 11555  +7.7299091242     15831  +7.7299804688  +7.134e-05
 11556  +7.7310582967     15833  +7.7309570312  -1.013e-04
 11557  +7.7322072985     15836  +7.7324218750  +2.146e-04
 11558  +7.7333561295     15838  +7.7333984375  +4.231e-05
 11559  +7.7345047899     15840  +7.7343750000  -1.298e-04
 11560  +7.7356532798     15843  +7.7358398438  +1.866e-04
 11561  +7.7368015991     15845  +7.7368164062  +1.481e-05
 11562  +7.7379497480     15847  +7.7377929688  -1.568e-04
 11563  +7.7390977267     15850  +7.7392578125  +1.601e-04
 11564  +7.7402455350     15852  +7.7402343750  -1.116e-05
 11565  +7.7413931732     15854  +7.7412109375  -1.822e-04
 11566  +7.7425406412     15857  +7.7426757812  +1.351e-04
 11567  +7.7436879392     15859  +7.7436523438  -3.560e-05
 11568  +7.7448350673     15861  +7.7446289062  -2.062e-04
 11569  +7.7459820255     15864  +7.7460937500  +1.117e-04
 11570  +7.7471288138     15866  +7.7470703125  -5.850e-05
 11571  +7.7482754325     15868  +7.7480468750  -2.286e-04
 11572  +7.7494218815     15871  +7.7495117188  +8.984e-05
 11573  +7.7505681609     15873  +7.7504882812  -7.988e-05
 11574  +7.7517142708     15876  +7.7519531250  +2.389e-04
 11575  +7.7528602112     15878  +7.7529296875  +6.948e-05
 11576  +7.7540059824     15880  +7.7539062500  -9.973e-05
 11577  +7.7551515842     15883  +7.7553710938  +2.195e-04
 11578  +7.7562970168     15885  +7.7563476562  +5.064e-05
 11579  +7.7574422803     15887  +7.7573242188  -1.181e-04
 11580  +7.7585873748     15890  +7.7587890625  +2.017e-04
 11581  +7.7597323002     15892  +7.7597656250  +3.332e-05
 11582  +7.7608770568     15894  +7.7607421875  -1.349e-04
 11583  +7.7620216445     15897  +7.7622070312  +1.854e-04
 11584  +7.7631660635     15899  +7.7631835938  +1.753e-05
 11585  +7.7643103138     15901  +7.7641601562  -1.502e-04
 11586  +7.7654543955     15904  +7.7656250000  +1.706e-04
 11587  +7.7665983086     15906  +7.7666015625  +3.254e-06
 11588  +7.7677420533     15908  +7.7675781250  -1.639e-04
 11589  +7.7688856296     15911  +7.7690429688  +1.573e-04
 11590  +7.7700290376     15913  +7.7700195312  -9.506e-06
 11591  +7.7711722774     15915  +7.7709960938  -1.762e-04
 11592  +7.7723153490     15918  +7.7724609375  +1.456e-04
 11593  +7.7734582525     15920  +7.7734375000  -2.075e-05
 11594  +7.7746009880     15922  +7.7744140625  -1.869e-04
 11595  +7.7757435556     15925  +7.7758789062  +1.354e-04
 11596  +7.7768859553     15927  +7.7768554688  -3.049e-05
 11597  +7.7780281872     15929  +7.7778320312  -1.962e-04
 11598  +7.7791702514     15932  +7.7792968750  +1.266e-04
 11599  +7.7803121480     15934  +7.7802734375  -3.871e-05
 11600  +7.7814538770     15936  +7.7812500000  -2.039e-04
 11601  +7.7825954385     15939  +7.7827148438  +1.194e-04
 11602  +7.7837368325     15941  +7.7836914062  -4.543e-05
 11603  +7.7848780593     15943  +7.7846679688  -2.101e-04
 11604  +7.7860191187     15946  +7.7861328125  +1.137e-04
 11605  +7.7871600110     15948  +7.7871093750  -5.064e-05
 11606  +7.7883007361     15950  +7.7880859375  -2.148e-04
 11607  +7.7894412942     15953  +7.7895507812  +1.095e-04
 11608  +7.7905816853     15955  +7.7905273438  -5.434e-05
 11609  +7.7917219094     15957  +7.7915039062  -2.180e-04
 11610  +7.7928619668     15960  +7.7929687500  +1.068e-04
 11611  +7.7940018574     15962  +7.7939453125  -5.654e-05
 11612  +7.7951415813     15964  +7.7949218750  -2.197e-04
 11613  +7.7962811386     15967  +7.7963867188  +1.056e-04
 11614  +7.7974205293     15969  +7.7973632812  -5.725e-05
 11615  +7.7985597536     15971  +7.7983398438  -2.199e-04
 11616  +7.7996988115     15974  +7.7998046875  +1.059e-04
 11617  +7.8008377030     15976  +7.8007812500  -5.645e-05
 11618  +7.8019764283     15978  +7.8017578125  -2.186e-04
 11619  +7.8031149875     15981  +7.8032226562  +1.077e-04
 11620  +7.8042533805     15983  +7.8041992188  -5.416e-05
 11621  +7.8053916075     15985  +7.8051757812  -2.158e-04
 11622  +7.8065296685     15988  +7.8066406250  +1.110e-04
 11623  +7.8076675637     15990  +7.8076171875  -5.038e-05
 11624  +7.8088052930     15992  +7.8085937500  -2.115e-04
 11625  +7.8099428566     15995  +7.8100585938  +1.157e-04
 11626  +7.8110802546     15997  +7.8110351562  -4.510e-05
 11627  +7.8122174869     15999  +7.8120117188  -2.058e-04
 11628  +7.8133545537     16002  +7.8134765625  +1.220e-04
 11629  +7.8144914551     16004  +7.8144531250  -3.833e-05
 11630  +7.8156281911     16006  +7.8154296875  -1.985e-04
 11631  +7.8167647617     16009  +7.8168945312  +1.298e-04
 11632  +7.8179011672     16011  +7.8178710938  -3.007e-05
 11633  +7.8190374074     16013  +7.8188476562  -1.898e-04
 11634  +7.8201734826     16016  +7.8203125000  +1.390e-04
 11635  +7.8213093928     16018  +7.8212890625  -2.033e-05
 11636  +7.8224451380     16020  +7.8222656250  -1.795e-04
 11637  +7.8235807184     16023  +7.8237304688  +1.498e-04
 11638  +7.8247161339     16025  +7.8247070312  -9.103e-06
 11639  +7.8258513847     16027  +7.8256835938  -1.678e-04
 11640  +7.8269864708     16030  +7.8271484375  +1.620e-04
 11641  +7.8281213924     16032  +7.8281250000  +3.608e-06
 11642  +7.8292561494     16034  +7.8291015625  -1.546e-04
 11643  +7.8303907420     16037  +7.8305664062  +1.757e-04
 11644  +7.8315251702     16039  +7.8315429688  +1.780e-05
 11645  +7.8326594342     16041  +7.8325195312  -1.399e-04
 11646  +7.8337935339     16044  +7.8339843750  +1.908e-04
 11647  +7.8349274694     16046  +7.8349609375  +3.347e-05
 11648  +7.8360612408     16048  +7.8359375000  -1.237e-04
 11649  +7.8371948482     16051  +7.8374023438  +2.075e-04
 11650  +7.8383282917     16053  +7.8383789062  +5.061e-05
 11651  +7.8394615713     16055  +7.8393554688  -1.061e-04
 11652  +7.8405946871     16058  +7.8408203125  +2.256e-04
 11653  +7.8417276392     16060  +7.8417968750  +6.924e-05
 11654  +7.8428604275     16062  +7.8427734375  -8.699e-05
 11655  +7.8439930524     16064  +7.8437500000  -2.431e-04
 11656  +7.8451255136     16067  +7.8452148438  +8.933e-05
 11657  +7.8462578115     16069  +7.8461914062  -6.641e-05
 11658  +7.8473899459     16071  +7.8471679688  -2.220e-04
 11659  +7.8485219171     16074  +7.8486328125  +1.109e-04
 11660  +7.8496537250     16076  +7.8496093750  -4.435e-05
 11661  +7.8507853697     16078  +7.8505859375  -1.994e-04
 11662  +7.8519168514     16081  +7.8520507812  +1.339e-04
 11663  +7.8530481700     16083  +7.8530273438  -2.083e-05
 11664  +7.8541793257     16085  +7.8540039062  -1.754e-04
 11665  +7.8553103185     16088  +7.8554687500  +1.584e-04
 11666  +7.8564411484     16090  +7.8564453125  +4.164e-06
 11667  +7.8575718156     16092  +7.8574218750  -1.499e-04
 11668  +7.8587023202     16095  +7.8588867188  +1.844e-04
 11669  +7.8598326621     16097  +7.8598632812  +3.062e-05
 11670  +7.8609628415     16099  +7.8608398438  -1.230e-04
 11671  +7.8620928585     16102  +7.8623046875  +2.118e-04
 11672  +7.8632227130     16104  +7.8632812500  +5.854e-05
 11673  +7.8643524053     16106  +7.8642578125  -9.459e-05
 11674  +7.8654819352     16109  +7.8657226562  +2.407e-04
 11675  +7.8666113030     16111  +7.8666992188  +8.792e-05
 11676  +7.8677405087     16113  +7.8676757812  -6.473e-05
 11677  +7.8688695523     16115  +7.8686523438  -2.172e-04
 11678  +7.8699984340     16118  +7.8701171875  +1.188e-04
 11679  +7.8711271537     16120  +7.8710937500  -3.340e-05
 11680  +7.8722557117     16122  +7.8720703125  -1.854e-04
 11681  +7.8733841078     16125  +7.8735351562  +1.510e-04
 11682  +7.8745123423     16127  +7.8745117188  -6.235e-07
 11683  +7.8756404151     16129  +7.8754882812  -1.521e-04
 11684  +7.8767683264     16132  +7.8769531250  +1.848e-04
 11685  +7.8778960762     16134  +7.8779296875  +3.361e-05
 11686  +7.8790236645     16136  +7.8789062500  -1.174e-04
 11687  +7.8801510915     16139  +7.8803710938  +2.200e-04
 11688  +7.8812783573     16141  +7.8813476562  +6.930e-05
 11689  +7.8824054618     16143  +7.8823242188  -8.124e-05
 11690  +7.8835324052     16145  +7.8833007812  -2.316e-04
 11691  +7.8846591875     16148  +7.8847656250  +1.064e-04
 11692  +7.8857858088     16150  +7.8857421875  -4.362e-05
 11693  +7.8869122692     16152  +7.8867187500  -1.935e-04
 11694  +7.8880385687     16155  +7.8881835938  +1.450e-04
 11695  +7.8891647074     16157  +7.8891601562  -4.551e-06
 11696  +7.8902906854     16159  +7.8901367188  -1.540e-04
 11697  +7.8914165027     16162  +7.8916015625  +1.851e-04
 11698  +7.8925421594     16164  +7.8925781250  +3.597e-05
 11699  +7.8936676557     16166  +7.8935546875  -1.130e-04
 11700  +7.8947929914     16169  +7.8950195312  +2.265e-04
 11701  +7.8959181668     16171  +7.8959960938  +7.793e-05
 11702  +7.8970431819     16173  +7.8969726562  -7.053e-05
 11703  +7.8981680367     16175  +7.8979492188  -2.188e-04
 11704  +7.8992927313     16178  +7.8994140625  +1.213e-04
 11705  +7.9004172658     16180  +7.9003906250  -2.664e-05
 11706  +7.9015416403     16182  +7.9013671875  -1.745e-04
 11707  +7.9026658548     16185  +7.9028320312  +1.662e-04
 11708  +7.9037899094     16187  +7.9038085938  +1.868e-05
 11709  +7.9049138042     16189  +7.9047851562  -1.286e-04
 11710  +7.9060375392     16192  +7.9062500000  +2.125e-04
 11711  +7.9071611145     16194  +7.9072265625  +6.545e-05
 11712  +7.9082845302     16196  +7.9082031250  -8.141e-05
 11713  +7.9094077863     16198  +7.9091796875  -2.281e-04
 11714  +7.9105308829     16201  +7.9106445312  +1.136e-04
 11715  +7.9116538200     16203  +7.9116210938  -3.273e-05
 11716  +7.9127765978     16205  +7.9125976562  -1.789e-04
 11717  +7.9138992164     16208  +7.9140625000  +1.633e-04
 11718  +7.9150216757     16210  +7.9150390625  +1.739e-05
 11719  +7.9161439758     16212  +7.9160156250  -1.284e-04
 11720  +7.9172661168     16215  +7.9174804688  +2.144e-04
 11721  +7.9183880989     16217  +7.9184570312  +6.893e-05
 11722  +7.9195099219     16219  +7.9194335938  -7.633e-05
 11723  +7.9206315861     16221  +7.9204101562  -2.214e-04
 11724  +7.9217530915     16224  +7.9218750000  +1.219e-04
 11725  +7.9228744381     16226  +7.9228515625  -2.288e-05
 11726  +7.9239956260     16228  +7.9238281250  -1.675e-04
 11727  +7.9251166553     16231  +7.9252929688  +1.763e-04
 11728  +7.9262375261     16233  +7.9262695312  +3.201e-05
 11729  +7.9273582384     16235  +7.9272460938  -1.121e-04
 11730  +7.9284787922     16238  +7.9287109375  +2.321e-04
 11731  +7.9295991877     16240  +7.9296875000  +8.831e-05
 11732  +7.9307194250     16242  +7.9306640625  -5.536e-05
 11733  +7.9318395040     16244  +7.9316406250  -1.989e-04
 11734  +7.9329594248     16247  +7.9331054688  +1.460e-04
 11735  +7.9340791876     16249  +7.9340820312  +2.844e-06
 11736  +7.9351987924     16251  +7.9350585938  -1.402e-04
 11737  +7.9363182392     16254  +7.9365234375  +2.052e-04
 11738  +7.9374375282     16256  +7.9375000000  +6.247e-05
 11739  +7.9385566593     16258  +7.9384765625  -8.010e-05
 11740  +7.9396756327     16260  +7.9394531250  -2.225e-04
 11741  +7.9407944484     16263  +7.9409179688  +1.235e-04
 11742  +7.9419131065     16265  +7.9418945312  -1.858e-05
 11743  +7.9430316071     16267  +7.9428710938  -1.605e-04
 11744  +7.9441499501     16270  +7.9443359375  +1.860e-04
 11745  +7.9452681358     16272  +7.9453125000  +4.436e-05
 11746  +7.9463861641     16274  +7.9462890625  -9.710e-05
 11747  +7.9475040351     16276  +7.9472656250  -2.384e-04
 11748  +7.9486217489     16279  +7.9487304688  +1.087e-04
 11749  +7.9497393056     16281  +7.9497070312  -3.227e-05
 11750  +7.9508567052     16283  +7.9506835938  -1.731e-04
 11751  +7.9519739477     16286  +7.9521484375  +1.745e-04
 11752  +7.9530910334     16288  +7.9531250000  +3.397e-05
 11753  +7.9542079621     16290  +7.9541015625  -1.064e-04
 11754  +7.9553247340     16293  +7.9555664062  +2.417e-04
 11755  +7.9564413492     16295  +7.9565429688  +1.016e-04
 11756  +7.9575578077     16297  +7.9575195312  -3.828e-05
 11757  +7.9586741095     16299  +7.9584960938  -1.780e-04
 11758  +7.9597902549     16302  +7.9599609375  +1.707e-04
 11759  +7.9609062437     16304  +7.9609375000  +3.126e-05
 11760  +7.9620220761     16306  +7.9619140625  -1.080e-04
 11761  +7.9631377521     16309  +7.9633789062  +2.412e-04
 11762  +7.9642532719     16311  +7.9643554688  +1.022e-04
 11763  +7.9653686354     16313  +7.9653320312  -3.660e-05
 11764  +7.9664838428     16315  +7.9663085938  -1.752e-04
 11765  +7.9675988941     16318  +7.9677734375  +1.745e-04
 11766  +7.9687137893     16320  +7.9687500000  +3.621e-05
 11767  +7.9698285286     16322  +7.9697265625  -1.020e-04
 11768  +7.9709431120     16324  +7.9707031250  -2.400e-04
 11769  +7.9720575396     16327  +7.9721679688  +1.104e-04
 11770  +7.9731718114     16329  +7.9731445312  -2.728e-05
 11771  +7.9742859275     16331  +7.9741210938  -1.648e-04
 11772  +7.9753998879     16334  +7.9755859375  +1.860e-04
 11773  +7.9765136928     16336  +7.9765625000  +4.881e-05
 11774  +7.9776273422     16338  +7.9775390625  -8.828e-05
 11775  +7.9787408362     16340  +7.9785156250  -2.252e-04
 11776  +7.9798541747     16343  +7.9799804688  +1.263e-04
 11777  +7.9809673580     16345  +7.9809570312  -1.033e-05
 11778  +7.9820803860     16347  +7.9819335938  -1.468e-04
 11779  +7.9831932589     16350  +7.9833984375  +2.052e-04
 11780  +7.9843059766     16352  +7.9843750000  +6.902e-05
 11781  +7.9854185393     16354  +7.9853515625  -6.698e-05
 11782  +7.9865309469     16356  +7.9863281250  -2.028e-04
 11783  +7.9876431997     16359  +7.9877929688  +1.498e-04
 11784  +7.9887552976     16361  +7.9887695312  +1.423e-05
 11785  +7.9898672407     16363  +7.9897460938  -1.211e-04
 11786  +7.9909790291     16366  +7.9912109375  +2.319e-04
 11787  +7.9920906629     16368  +7.9921875000  +9.684e-05
 11788  +7.9932021420     16370  +7.9931640625  -3.808e-05
 11789  +7.9943134666     16372  +7.9941406250  -1.728e-04
 11790  +7.9954246367     16375  +7.9956054688  +1.808e-04
 11791  +7.9965356524     16377  +7.9965820312  +4.638e-05
 11792  +7.9976465138     16379  +7.9975585938  -8.792e-05
 11793  +7.9987572209     16381  +7.9985351562  -2.221e-04
 11794  +7.9998677738     16384  +8.0000000000  +1.322e-04
 11795  +8.0009781726     16386  +8.0009765625  -1.610e-06
 11796  +8.0020884173     16388  +8.0019531250  -1.353e-04
 11797  +8.0031985079     16391  +8.0034179688  +2.195e-04
 11798  +8.0043084446     16393  +8.0043945312  +8.609e-05
 11799  +8.0054182274     16395  +8.0053710938  -4.713e-05
 11800  +8.0065278564     16397  +8.0063476562  -1.802e-04
 11801  +8.0076373316     16400  +8.0078125000  +1.752e-04
 11802  +8.0087466531     16402  +8.0087890625  +4.241e-05
 11803  +8.0098558210     16404  +8.0097656250  -9.020e-05
 11804  +8.0109648353     16406  +8.0107421875  -2.226e-04
 11805  +8.0120736961     16409  +8.0122070312  +1.333e-04
 11806  +8.0131824035     16411  +8.0131835938  +1.190e-06
 11807  +8.0142909575     16413  +8.0141601562  -1.308e-04
 11808  +8.0153993581     16416  +8.0156250000  +2.256e-04
 11809  +8.0165076055     16418  +8.0166015625  +9.396e-05
 11810  +8.0176156998     16420  +8.0175781250  -3.757e-05
 11811  +8.0187236409     16422  +8.0185546875  -1.690e-04
 11812  +8.0198314289     16425  +8.0200195312  +1.881e-04
 11813  +8.0209390639     16427  +8.0209960938  +5.703e-05
 11814  +8.0220465460     16429  +8.0219726562  -7.389e-05
 11815  +8.0231538752     16431  +8.0229492188  -2.047e-04
 11816  +8.0242610517     16434  +8.0244140625  +1.530e-04
 11817  +8.0253680753     16436  +8.0253906250  +2.255e-05
 11818  +8.0264749463     16438  +8.0263671875  -1.078e-04
 11819  +8.0275816647     16440  +8.0273437500  -2.379e-04
 11820  +8.0286882305     16443  +8.0288085938  +1.204e-04
 11821  +8.0297946438     16445  +8.0297851562  -9.488e-06
 11822  +8.0309009047     16447  +8.0307617188  -1.392e-04
 11823  +8.0320070132     16450  +8.0322265625  +2.195e-04
 11824  +8.0331129695     16452  +8.0332031250  +9.016e-05
 11825  +8.0342187734     16454  +8.0341796875  -3.909e-05
 11826  +8.0353244252     16456  +8.0351562500  -1.682e-04
 11827  +8.0364299249     16459  +8.0366210938  +1.912e-04
 11828  +8.0375352726     16461  +8.0375976562  +6.238e-05
 11829  +8.0386404682     16463  +8.0385742188  -6.625e-05
 11830  +8.0397455119     16465  +8.0395507812  -1.947e-04
 11831  +8.0408504038     16468  +8.0410156250  +1.652e-04
 11832  +8.0419551438     16470  +8.0419921875  +3.704e-05
 11833  +8.0430597321     16472  +8.0429687500  -9.098e-05
 11834  +8.0441641688     16474  +8.0439453125  -2.189e-04
 11835  +8.0452684538     16477  +8.0454101562  +1.417e-04
 11836  +8.0463725872     16479  +8.0463867188  +1.413e-05
 11837  +8.0474765692     16481  +8.0473632812  -1.133e-04
 11838  +8.0485803998     16483  +8.0483398438  -2.406e-04
 11839  +8.0496840790     16486  +8.0498046875  +1.206e-04
 11840  +8.0507876068     16488  +8.0507812500  -6.357e-06
 11841  +8.0518909835     16490  +8.0517578125  -1.332e-04
 11842  +8.0529942089     16493  +8.0532226562  +2.284e-04
 11843  +8.0540972833     16495  +8.0541992188  +1.019e-04
 11844  +8.0552002066     16497  +8.0551757812  -2.443e-05
 11845  +8.0563029789     16499  +8.0561523438  -1.506e-04
 11846  +8.0574056002     16502  +8.0576171875  +2.116e-04
 11847  +8.0585080707     16504  +8.0585937500  +8.568e-05
 11848  +8.0596103904     16506  +8.0595703125  -4.008e-05
 11849  +8.0607125594     16508  +8.0605468750  -1.657e-04
 11850  +8.0618145776     16511  +8.0620117188  +1.971e-04
 11851  +8.0629164453     16513  +8.0629882812  +7.184e-05
 11852  +8.0640181624     16515  +8.0639648438  -5.332e-05
 11853  +8.0651197289     16517  +8.0649414062  -1.783e-04
 11854  +8.0662211451     16520  +8.0664062500  +1.851e-04
 11855  +8.0673224109     16522  +8.0673828125  +6.040e-05
 11856  +8.0684235263     16524  +8.0683593750  -6.415e-05
 11857  +8.0695244915     16526  +8.0693359375  -1.886e-04
 11858  +8.0706253066     16529  +8.0708007812  +1.755e-04
 11859  +8.0717259715     16531  +8.0717773438  +5.137e-05
 11860  +8.0728264863     16533  +8.0727539062  -7.258e-05
 11861  +8.0739268511     16535  +8.0737304688  -1.964e-04
 11862  +8.0750270660     16538  +8.0751953125  +1.682e-04
 11863  +8.0761271310     16540  +8.0761718750  +4.474e-05
 11864  +8.0772270462     16542  +8.0771484375  -7.861e-05
 11865  +8.0783268116     16544  +8.0781250000  -2.018e-04
 11866  +8.0794264273     16547  +8.0795898438  +1.634e-04
 11867  +8.0805258934     16549  +8.0805664062  +4.051e-05
 11868  +8.0816252099     16551  +8.0815429688  -8.224e-05
 11869  +8.0827243769     16553  +8.0825195312  -2.048e-04
 11870  +8.0838233944     16556  +8.0839843750  +1.610e-04
 11871  +8.0849222625     16558  +8.0849609375  +3.867e-05
 11872  +8.0860209813     16560  +8.0859375000  -8.348e-05
 11873  +8.0871195509     16562  +8.0869140625  -2.055e-04
 11874  +8.0882179712     16565  +8.0883789062  +1.609e-04
 11875  +8.0893162423     16567  +8.0893554688  +3.923e-05
 11876  +8.0904143644     16569  +8.0903320312  -8.233e-05
 11877  +8.0915123375     16571  +8.0913085938  -2.037e-04
 11878  +8.0926101615     16574  +8.0927734375  +1.633e-04
 11879  +8.0937078367     16576  +8.0937500000  +4.216e-05
 11880  +8.0948053630     16578  +8.0947265625  -7.880e-05
 11881  +8.0959027406     16580  +8.0957031250  -1.996e-04
 11882  +8.0969999694     16583  +8.0971679688  +1.680e-04
 11883  +8.0980970495     16585  +8.0981445312  +4.748e-05
 11884  +8.0991939811     16587  +8.0991210938  -7.289e-05
 11885  +8.1002907641     16589  +8.1000976562  -1.931e-04
 11886  +8.1013873986     16592  +8.1015625000  +1.751e-04
 11887  +8.1024838847     16594  +8.1025390625  +5.518e-05
 11888  +8.1035802224     16596  +8.1035156250  -6.460e-05
 11889  +8.1046764118     16598  +8.1044921875  -1.842e-04
 11890  +8.1057724530     16601  +8.1059570312  +1.846e-04
 11891  +8.1068683460     16603  +8.1069335938  +6.525e-05
 11892  +8.1079640908     16605  +8.1079101562  -5.393e-05
 11893  +8.1090596876     16607  +8.1088867188  -1.730e-04
 11894  +8.1101551364     16610  +8.1103515625  +1.964e-04
 11895  +8.1112504373     16612  +8.1113281250  +7.769e-05
 11896  +8.1123455902     16614  +8.1123046875  -4.090e-05
 11897  +8.1134405954     16616  +8.1132812500  -1.593e-04
 11898  +8.1145354528     16619  +8.1147460938  +2.106e-04
 11899  +8.1156301624     16621  +8.1157226562  +9.249e-05
 11900  +8.1167247245     16623  +8.1166992188  -2.551e-05
 11901  +8.1178191389     16625  +8.1176757812  -1.434e-04
 11902  +8.1189134059     16628  +8.1191406250  +2.272e-04
 11903  +8.1200075253     16630  +8.1201171875  +1.097e-04
 11904  +8.1211014974     16632  +8.1210937500  -7.747e-06
 11905  +8.1221953221     16634  +8.1220703125  -1.250e-04
 11906  +8.1232889995     16636  +8.1230468750  -2.421e-04
 11907  +8.1243825297     16639  +8.1245117188  +1.292e-04
 11908  +8.1254759127     16641  +8.1254882812  +1.237e-05
 11909  +8.1265691486     16643  +8.1264648438  -1.043e-04
 11910  +8.1276622375     16645  +8.1274414062  -2.208e-04
 11911  +8.1287551794     16648  +8.1289062500  +1.511e-04
 11912  +8.1298479743     16650  +8.1298828125  +3.484e-05
 11913  +8.1309406224     16652  +8.1308593750  -8.125e-05
 11914  +8.1320331237     16654  +8.1318359375  -1.972e-04
 11915  +8.1331254782     16657  +8.1333007812  +1.753e-04
 11916  +8.1342176860     16659  +8.1342773438  +5.966e-05
 11917  +8.1353097472     16661  +8.1352539062  -5.584e-05
 11918  +8.1364016618     16663  +8.1362304688  -1.712e-04
 11919  +8.1374934299     16666  +8.1376953125  +2.019e-04
 11920  +8.1385850515     16668  +8.1386718750  +8.682e-05
 11921  +8.1396765267     16670  +8.1396484375  -2.809e-05
 11922  +8.1407678556     16672  +8.1406250000  -1.429e-04
 11923  +8.1418590382     16675  +8.1420898438  +2.308e-04
 11924  +8.1429500746     16677  +8.1430664062  +1.163e-04
 11925  +8.1440409649     16679  +8.1440429688  +2.004e-06
 11926  +8.1451317090     16681  +8.1450195312  -1.122e-04
 11927  +8.1462223071     16683  +8.1459960938  -2.262e-04
 11928  +8.1473127592     16686  +8.1474609375  +1.482e-04
 11929  +8.1484030653     16688  +8.1484375000  +3.443e-05
 11930  +8.1494932256     16690  +8.1494140625  -7.916e-05
 11931  +8.1505832401     16692  +8.1503906250  -1.926e-04
 11932  +8.1516731088     16695  +8.1518554688  +1.824e-04
 11933  +8.1527628319     16697  +8.1528320312  +6.920e-05
 11934  +8.1538524092     16699  +8.1538085938  -4.382e-05
 11935  +8.1549418411     16701  +8.1547851562  -1.567e-04
 11936  +8.1560311274     16704  +8.1562500000  +2.189e-04
 11937  +8.1571202682     16706  +8.1572265625  +1.063e-04
 11938  +8.1582092636     16708  +8.1582031250  -6.139e-06
 11939  +8.1592981137     16710  +8.1591796875  -1.184e-04
 11940  +8.1603868185     16712  +8.1601562500  -2.306e-04
 11941  +8.1614753781     16715  +8.1616210938  +1.457e-04
 11942  +8.1625637925     16717  +8.1625976562  +3.386e-05
 11943  +8.1636520618     16719  +8.1635742188  -7.784e-05
 11944  +8.1647401860     16721  +8.1645507812  -1.894e-04
 11945  +8.1658281653     16724  +8.1660156250  +1.875e-04
 11946  +8.1669159996     16726  +8.1669921875  +7.619e-05
 11947  +8.1680036890     16728  +8.1679687500  -3.494e-05
 11948  +8.1690912336     16730  +8.1689453125  -1.459e-04
 11949  +8.1701786334     16733  +8.1704101562  +2.315e-04
 11950  +8.1712658886     16735  +8.1713867188  +1.208e-04
 11951  +8.1723529991     16737  +8.1723632812  +1.028e-05
 11952  +8.1734399649     16739  +8.1733398438  -1.001e-04
 11953  +8.1745267863     16741  +8.1743164062  -2.104e-04
 11954  +8.1756134632     16744  +8.1757812500  +1.678e-04
 11955  +8.1766999956     16746  +8.1767578125  +5.782e-05
 11956  +8.1777863837     16748  +8.1777343750  -5.201e-05
 11957  +8.1788726275     16750  +8.1787109375  -1.617e-04
 11958  +8.1799587271     16753  +8.1801757812  +2.171e-04
 11959  +8.1810446825     16755  +8.1811523438  +1.077e-04
 11960  +8.1821304937     16757  +8.1821289062  -1.587e-06
 11961  +8.1832161608     16759  +8.1831054688  -1.107e-04
 11962  +8.1843016840     16761  +8.1840820312  -2.197e-04
 11963  +8.1853870632     16764  +8.1855468750  +1.598e-04
 11964  +8.1864722984     16766  +8.1865234375  +5.114e-05
 11965  +8.1875573899     16768  +8.1875000000  -5.739e-05
 11966  +8.1886423375     16770  +8.1884765625  -1.658e-04
 11967  +8.1897271414     16773  +8.1899414062  +2.143e-04
 11968  +8.1908118017     16775  +8.1909179688  +1.062e-04
 11969  +8.1918963183     16777  +8.1918945312  -1.787e-06
 11970  +8.1929806914     16779  +8.1928710938  -1.096e-04
 11971  +8.1940649210     16781  +8.1938476562  -2.173e-04
 11972  +8.1951490071     16784  +8.1953125000  +1.635e-04
 11973  +8.1962329498     16786  +8.1962890625  +5.611e-05
 11974  +8.1973167492     16788  +8.1972656250  -5.112e-05
 11975  +8.1984004053     16790  +8.1982421875  -1.582e-04
 11976  +8.1994839183     16793  +8.1997070312  +2.231e-04
 11977  +8.2005672880     16795  +8.2006835938  +1.163e-04
 11978  +8.2016505146     16797  +8.2016601562  +9.642e-06
 11979  +8.2027335982     16799  +8.2026367188  -9.688e-05
 11980  +8.2038165389     16801  +8.2036132812  -2.033e-04
 11981  +8.2048993365     16804  +8.2050781250  +1.788e-04
 11982  +8.2059819913     16806  +8.2060546875  +7.270e-05
 11983  +8.2070645033     16808  +8.2070312500  -3.325e-05
 11984  +8.2081468725     16810  +8.2080078125  -1.391e-04
 11985  +8.2092290990     16813  +8.2094726562  +2.436e-04
 11986  +8.2103111829     16815  +8.2104492188  +1.380e-04
 11987  +8.2113931241     16817  +8.2114257812  +3.266e-05
 11988  +8.2124749228     16819  +8.2124023438  -7.258e-05
 11989  +8.2135565791     16821  +8.2133789062  -1.777e-04
 11990  +8.2146380929     16824  +8.2148437500  +2.057e-04
 11991  +8.2157194643     16826  +8.2158203125  +1.008e-04
 11992  +8.2168006934     16828  +8.2167968750  -3.818e-06
 11993  +8.2178817803     16830  +8.2177734375  -1.083e-04
 11994  +8.2189627250     16832  +8.2187500000  -2.127e-04
 11995  +8.2200435275     16835  +8.2202148438  +1.713e-04
 11996  +8.2211241879     16837  +8.2211914062  +6.722e-05
 11997  +8.2222047063     16839  +8.2221679688  -3.674e-05
 11998  +8.2232850827     16841  +8.2231445312  -1.406e-04
 11999  +8.2243653172     16844  +8.2246093750  +2.441e-04
 12000  +8.2254454099     16846  +8.2255859375  +1.405e-04
 12001  +8.2265253607     16848  +8.2265625000  +3.714e-05
 12002  +8.2276051698     16850  +8.2275390625  -6.611e-05
 12003  +8.2286848371     16852  +8.2285156250  -1.692e-04
 12004  +8.2297643629     16855  +8.2299804688  +2.161e-04
 12005  +8.2308437470     16857  +8.2309570312  +1.133e-04
 12006  +8.2319229896     16859  +8.2319335938  +1.060e-05
 12007  +8.2330020908     16861  +8.2329101562  -9.193e-05
 12008  +8.2340810505     16863  +8.2338867188  -1.943e-04
 12009  +8.2351598688     16866  +8.2353515625  +1.917e-04
 12010  +8.2362385459     16868  +8.2363281250  +8.958e-05
 12011  +8.2373170817     16870  +8.2373046875  -1.239e-05
 12012  +8.2383954763     16872  +8.2382812500  -1.142e-04
 12013  +8.2394737297     16874  +8.2392578125  -2.159e-04
 12014  +8.2405518421     16877  +8.2407226562  +1.708e-04
 12015  +8.2416298134     16879  +8.2416992188  +6.941e-05
 12016  +8.2427076438     16881  +8.2426757812  -3.186e-05
 12017  +8.2437853332     16883  +8.2436523438  -1.330e-04
 12018  +8.2448628818     16885  +8.2446289062  -2.340e-04
 12019  +8.2459402896     16888  +8.2460937500  +1.535e-04
 12020  +8.2470175566     16890  +8.2470703125  +5.276e-05
 12021  +8.2480946829     16892  +8.2480468750  -4.781e-05
 12022  +8.2491716685     16894  +8.2490234375  -1.482e-04
 12023  +8.2502485136     16897  +8.2504882812  +2.398e-04
 12024  +8.2513252182     16899  +8.2514648438  +1.396e-04
 12025  +8.2524017822     16901  +8.2524414062  +3.962e-05
 12026  +8.2534782059     16903  +8.2534179688  -6.024e-05
 12027  +8.2545544891     16905  +8.2543945312  -1.600e-04
 12028  +8.2556306321     16908  +8.2558593750  +2.287e-04
 12029  +8.2567066348     16910  +8.2568359375  +1.293e-04
 12030  +8.2577824973     16912  +8.2578125000  +3.000e-05
 12031  +8.2588582196     16914  +8.2587890625  -6.916e-05
 12032  +8.2599338018     16916  +8.2597656250  -1.682e-04
 12033  +8.2610092440     16919  +8.2612304688  +2.212e-04
 12034  +8.2620845463     16921  +8.2622070312  +1.225e-04
 12035  +8.2631597085     16923  +8.2631835938  +2.389e-05
 12036  +8.2642347310     16925  +8.2641601562  -7.457e-05
 12037  +8.2653096135     16927  +8.2651367188  -1.729e-04
 12038  +8.2663843564     16930  +8.2666015625  +2.172e-04
 12039  +8.2674589595     16932  +8.2675781250  +1.192e-04
 12040  +8.2685334229     16934  +8.2685546875  +2.126e-05
 12041  +8.2696077468     16936  +8.2695312500  -7.650e-05
 12042  +8.2706819311     16938  +8.2705078125  -1.741e-04
 12043  +8.2717559758     16941  +8.2719726562  +2.167e-04
 12044  +8.2728298812     16943  +8.2729492188  +1.193e-04
 12045  +8.2739036472     16945  +8.2739257812  +2.213e-05
 12046  +8.2749772738     16947  +8.2749023438  -7.493e-05
 12047  +8.2760507612     16949  +8.2758789062  -1.719e-04
 12048  +8.2771241093     16952  +8.2773437500  +2.196e-04
 12049  +8.2781973183     16954  +8.2783203125  +1.230e-04
 12050  +8.2792703881     16956  +8.2792968750  +2.649e-05
 12051  +8.2803433189     16958  +8.2802734375  -6.988e-05
 12052  +8.2814161107     16960  +8.2812500000  -1.661e-04
 12053  +8.2824887635     16963  +8.2827148438  +2.261e-04
 12054  +8.2835612774     16965  +8.2836914062  +1.301e-04
 12055  +8.2846336525     16967  +8.2846679688  +3.432e-05
 12056  +8.2857058888     16969  +8.2856445312  -6.136e-05
 12057  +8.2867779864     16971  +8.2866210938  -1.569e-04
 12058  +8.2878499452     16974  +8.2880859375  +2.360e-04
 12059  +8.2889217655     16976  +8.2890625000  +1.407e-04
 12060  +8.2899934471     16978  +8.2900390625  +4.562e-05
 12061  +8.2910649903     16980  +8.2910156250  -4.937e-05
 12062  +8.2921363949     16982  +8.2919921875  -1.442e-04
 12063  +8.2932076612     16984  +8.2929687500  -2.389e-04
 12064  +8.2942787891     16987  +8.2944335938  +1.548e-04
 12065  +8.2953497787     16989  +8.2954101562  +6.038e-05
 12066  +8.2964206300     16991  +8.2963867188  -3.391e-05
 12067  +8.2974913431     16993  +8.2973632812  -1.281e-04
 12068  +8.2985619181     16995  +8.2983398438  -2.221e-04
 12069  +8.2996323550     16998  +8.2998046875  +1.723e-04
 12070  +8.3007026538     17000  +8.3007812500  +7.860e-05
 12071  +8.3017728147     17002  +8.3017578125  -1.500e-05
 12072  +8.3028428376     17004  +8.3027343750  -1.085e-04
 12073  +8.3039127226     17006  +8.3037109375  -2.018e-04
 12074  +8.3049824699     17009  +8.3051757812  +1.933e-04
 12075  +8.3060520793     17011  +8.3061523438  +1.003e-04
 12076  +8.3071215510     17013  +8.3071289062  +7.355e-06
 12077  +8.3081908851     17015  +8.3081054688  -8.542e-05
 12078  +8.3092600815     17017  +8.3090820312  -1.781e-04
 12079  +8.3103291404     17020  +8.3105468750  +2.177e-04
 12080  +8.3113980618     17022  +8.3115234375  +1.254e-04
 12081  +8.3124668457     17024  +8.3125000000  +3.315e-05
 12082  +8.3135354922     17026  +8.3134765625  -5.893e-05
 12083  +8.3146040013     17028  +8.3144531250  -1.509e-04
 12084  +8.3156723732     17030  +8.3154296875  -2.427e-04
 12085  +8.3167406078     17033  +8.3168945312  +1.539e-04
 12086  +8.3178087053     17035  +8.3178710938  +6.239e-05
 12087  +8.3188766655     17037  +8.3188476562  -2.901e-05
 12088  +8.3199444888     17039  +8.3198242188  -1.203e-04
 12089  +8.3210121749     17041  +8.3208007812  -2.114e-04
 12090  +8.3220797241     17044  +8.3222656250  +1.859e-04
 12091  +8.3231471364     17046  +8.3232421875  +9.505e-05
 12092  +8.3242144118     17048  +8.3242187500  +4.338e-06
 12093  +8.3252815504     17050  +8.3251953125  -8.624e-05
 12094  +8.3263485522     17052  +8.3261718750  -1.767e-04
 12095  +8.3274154173     17055  +8.3276367188  +2.213e-04
 12096  +8.3284821457     17057  +8.3286132812  +1.311e-04
 12097  +8.3295487375     17059  +8.3295898438  +4.111e-05
 12098  +8.3306151928     17061  +8.3305664062  -4.879e-05
 12099  +8.3316815115     17063  +8.3315429688  -1.385e-04
 12100  +8.3327476938     17065  +8.3325195312  -2.282e-04
 12101  +8.3338137397     17068  +8.3339843750  +1.706e-04
 12102  +8.3348796492     17070  +8.3349609375  +8.129e-05
 12103  +8.3359454225     17072  +8.3359375000  -7.922e-06
 12104  +8.3370110595     17074  +8.3369140625  -9.700e-05
 12105  +8.3380765603     17076  +8.3378906250  -1.859e-04
 12106  +8.3391419250     17079  +8.3393554688  +2.135e-04
 12107  +8.3402071536     17081  +8.3403320312  +1.249e-04
 12108  +8.3412722461     17083  +8.3413085938  +3.635e-05
 12109  +8.3423372027     17085  +8.3422851562  -5.205e-05
 12110  +8.3434020233     17087  +8.3432617188  -1.403e-04
 12111  +8.3444667080     17089  +8.3442382812  -2.284e-04
 12112  +8.3455312570     17092  +8.3457031250  +1.719e-04
 12113  +8.3465956701     17094  +8.3466796875  +8.402e-05
 12114  +8.3476599475     17096  +8.3476562500  -3.698e-06
 12115  +8.3487240893     17098  +8.3486328125  -9.128e-05
 12116  +8.3497880954     17100  +8.3496093750  -1.787e-04
 12117  +8.3508519660     17103  +8.3510742188  +2.223e-04
 12118  +8.3519157010     17105  +8.3520507812  +1.351e-04
 12119  +8.3529793006     17107  +8.3530273438  +4.804e-05
 12120  +8.3540427648     17109  +8.3540039062  -3.886e-05
 12121  +8.3551060936     17111  +8.3549804688  -1.256e-04
 12122  +8.3561692871     17113  +8.3559570312  -2.123e-04
 12123  +8.3572323454     17116  +8.3574218750  +1.895e-04
 12124  +8.3582952684     17118  +8.3583984375  +1.032e-04
 12125  +8.3593580563     17120  +8.3593750000  +1.694e-05
 12126  +8.3604207091     17122  +8.3603515625  -6.915e-05
 12127  +8.3614832268     17124  +8.3613281250  -1.551e-04
 12128  +8.3625456095     17126  +8.3623046875  -2.409e-04
 12129  +8.3636078573     17129  +8.3637695312  +1.617e-04
 12130  +8.3646699702     17131  +8.3647460938  +7.612e-05
 12131  +8.3657319482     17133  +8.3657226562  -9.292e-06
 12132  +8.3667937914     17135  +8.3666992188  -9.457e-05
 12133  +8.3678554999     17137  +8.3676757812  -1.797e-04
 12134  +8.3689170738     17140  +8.3691406250  +2.236e-04
 12135  +8.3699785129     17142  +8.3701171875  +1.387e-04
 12136  +8.3710398175     17144  +8.3710937500  +5.393e-05
 12137  +8.3721009875     17146  +8.3720703125  -3.068e-05
 12138  +8.3731620231     17148  +8.3730468750  -1.151e-04
 12139  +8.3742229242     17150  +8.3740234375  -1.995e-04
 12140  +8.3752836909     17153  +8.3754882812  +2.046e-04
 12141  +8.3763443233     17155  +8.3764648438  +1.205e-04
 12142  +8.3774048214     17157  +8.3774414062  +3.658e-05
 12143  +8.3784651853     17159  +8.3784179688  -4.722e-05
 12144  +8.3795254150     17161  +8.3793945312  -1.309e-04
 12145  +8.3805855106     17163  +8.3803710938  -2.144e-04
 12146  +8.3816454721     17166  +8.3818359375  +1.905e-04
 12147  +8.3827052996     17168  +8.3828125000  +1.072e-04
 12148  +8.3837649930     17170  +8.3837890625  +2.407e-05
 12149  +8.3848245526     17172  +8.3847656250  -5.893e-05
 12150  +8.3858839783     17174  +8.3857421875  -1.418e-04
 12151  +8.3869432702     17176  +8.3867187500  -2.245e-04
 12152  +8.3880024282     17179  +8.3881835938  +1.812e-04
 12153  +8.3890614526     17181  +8.3891601562  +9.870e-05
 12154  +8.3901203433     17183  +8.3901367188  +1.638e-05
 12155  +8.3911791004     17185  +8.3911132812  -6.582e-05
 12156  +8.3922377239     17187  +8.3920898438  -1.479e-04
 12157  +8.3932962138     17189  +8.3930664062  -2.298e-04
 12158  +8.3943545703     17192  +8.3945312500  +1.767e-04
 12159  +8.3954127934     17194  +8.3955078125  +9.502e-05
 12160  +8.3964708831     17196  +8.3964843750  +1.349e-05
 12161  +8.3975288395     17198  +8.3974609375  -6.790e-05
 12162  +8.3985866626     17200  +8.3984375000  -1.492e-04
 12163  +8.3996443526     17202  +8.3994140625  -2.303e-04
 12164  +8.4007019093     17205  +8.4008789062  +1.770e-04
 12165  +8.4017593329     17207  +8.4018554688  +9.614e-05
 12166  +8.4028166235     17209  +8.4028320312  +1.541e-05
 12167  +8.4038737810     17211  +8.4038085938  -6.519e-05
 12168  +8.4049308056     17213  +8.4047851562  -1.456e-04
 12169  +8.4059876972     17215  +8.4057617188  -2.260e-04
 12170  +8.4070444560     17218  +8.4072265625  +1.821e-04
 12171  +8.4081010820     17220  +8.4082031250  +1.020e-04
 12172  +8.4091575752     17222  +8.4091796875  +2.211e-05
 12173  +8.4102139356     17224  +8.4101562500  -5.769e-05
 12174  +8.4112701634     17226  +8.4111328125  -1.374e-04
 12175  +8.4123262586     17228  +8.4121093750  -2.169e-04
 12176  +8.4133822213     17231  +8.4135742188  +1.920e-04
 12177  +8.4144380514     17233  +8.4145507812  +1.127e-04
 12178  +8.4154937490     17235  +8.4155273438  +3.359e-05
 12179  +8.4165493143     17237  +8.4165039062  -4.541e-05
 12180  +8.4176047471     17239  +8.4174804688  -1.243e-04
 12181  +8.4186600477     17241  +8.4184570312  -2.030e-04
 12182  +8.4197152159     17244  +8.4199218750  +2.067e-04
 12183  +8.4207702520     17246  +8.4208984375  +1.282e-04
 12184  +8.4218251559     17248  +8.4218750000  +4.984e-05
 12185  +8.4228799277     17250  +8.4228515625  -2.837e-05
 12186  +8.4239345674     17252  +8.4238281250  -1.064e-04
 12187  +8.4249890750     17254  +8.4248046875  -1.844e-04
 12188  +8.4260434507     17257  +8.4262695312  +2.261e-04
 12189  +8.4270976945     17259  +8.4272460938  +1.484e-04
 12190  +8.4281518064     17261  +8.4282226562  +7.085e-05
 12191  +8.4292057865     17263  +8.4291992188  -6.568e-06
 12192  +8.4302596349     17265  +8.4301757812  -8.385e-05
 12193  +8.4313133515     17267  +8.4311523438  -1.610e-04
 12194  +8.4323669364     17269  +8.4321289062  -2.380e-04
 12195  +8.4334203897     17272  +8.4335937500  +1.734e-04
 12196  +8.4344737114     17274  +8.4345703125  +9.660e-05
 12197  +8.4355269016     17276  +8.4355468750  +1.997e-05
 12198  +8.4365799604     17278  +8.4365234375  -5.652e-05
 12199  +8.4376328877     17280  +8.4375000000  -1.329e-04
 12200  +8.4386856836     17282  +8.4384765625  -2.091e-04
 12201  +8.4397383482     17285  +8.4399414062  +2.031e-04
 12202  +8.4407908815     17287  +8.4409179688  +1.271e-04
 12203  +8.4418432836     17289  +8.4418945312  +5.125e-05
 12204  +8.4428955545     17291  +8.4428710938  -2.446e-05
 12205  +8.4439476942     17293  +8.4438476562  -1.000e-04
 12206  +8.4449997029     17295  +8.4448242188  -1.755e-04
 12207  +8.4460515806     17298  +8.4462890625  +2.375e-04
 12208  +8.4471033273     17300  +8.4472656250  +1.623e-04
 12209  +8.4481549430     17302  +8.4482421875  +8.724e-05
 12210  +8.4492064278     17304  +8.4492187500  +1.232e-05
 12211  +8.4502577818     17306  +8.4501953125  -6.247e-05
 12212  +8.4513090051     17308  +8.4511718750  -1.371e-04
 12213  +8.4523600975     17310  +8.4521484375  -2.117e-04
 12214  +8.4534110593     17313  +8.4536132812  +2.022e-04
 12215  +8.4544618904     17315  +8.4545898438  +1.280e-04
 12216  +8.4555125910     17317  +8.4555664062  +5.382e-05
 12217  +8.4565631610     17319  +8.4565429688  -2.019e-05
 12218  +8.4576136005     17321  +8.4575195312  -9.407e-05
 12219  +8.4586639095     17323  +8.4584960938  -1.678e-04
 12220  +8.4597140882     17325  +8.4594726562  -2.414e-04
 12221  +8.4607641365     17328  +8.4609375000  +1.734e-04
 12222  +8.4618140545     17330  +8.4619140625  +1.000e-04
 12223  +8.4628638422     17332  +8.4628906250  +2.678e-05
 12224  +8.4639134998     17334  +8.4638671875  -4.631e-05
 12225  +8.4649630271     17336  +8.4648437500  -1.193e-04
 12226  +8.4660124244     17338  +8.4658203125  -1.921e-04
 12227  +8.4670616916     17341  +8.4672851562  +2.235e-04
 12228  +8.4681108288     17343  +8.4682617188  +1.509e-04
 12229  +8.4691598360     17345  +8.4692382812  +7.845e-05
 12230  +8.4702087133     17347  +8.4702148438  +6.130e-06
 12231  +8.4712574608     17349  +8.4711914062  -6.605e-05
 12232  +8.4723060784     17351  +8.4721679688  -1.381e-04
 12233  +8.4733545663     17353  +8.4731445312  -2.100e-04
 12234  +8.4744029244     17356  +8.4746093750  +2.065e-04
 12235  +8.4754511529     17358  +8.4755859375  +1.348e-04
 12236  +8.4764992517     17360  +8.4765625000  +6.325e-05
 12237  +8.4775472209     17362  +8.4775390625  -8.158e-06
 12238  +8.4785950607     17364  +8.4785156250  -7.944e-05
 12239  +8.4796427709     17366  +8.4794921875  -1.506e-04
 12240  +8.4806903517     17368  +8.4804687500  -2.216e-04
 12241  +8.4817378031     17371  +8.4819335938  +1.958e-04
 12242  +8.4827851252     17373  +8.4829101562  +1.250e-04
 12243  +8.4838323180     17375  +8.4838867188  +5.440e-05
 12244  +8.4848793815     17377  +8.4848632812  -1.610e-05
 12245  +8.4859263159     17379  +8.4858398438  -8.647e-05
 12246  +8.4869731211     17381  +8.4868164062  -1.567e-04
 12247  +8.4880197972     17383  +8.4877929688  -2.268e-04
 12248  +8.4890663442     17386  +8.4892578125  +1.915e-04
 12249  +8.4901127623     17388  +8.4902343750  +1.216e-04
 12250  +8.4911590513     17390  +8.4912109375  +5.189e-05
 12251  +8.4922052115     17392  +8.4921875000  -1.771e-05
 12252  +8.4932512428     17394  +8.4931640625  -8.718e-05
 12253  +8.4942971453     17396  +8.4941406250  -1.565e-04
 12254  +8.4953429191     17398  +8.4951171875  -2.257e-04
 12255  +8.4963885641     17401  +8.4965820312  +1.935e-04
 12256  +8.4974340804     17403  +8.4975585938  +1.245e-04
 12257  +8.4984794682     17405  +8.4985351562  +5.569e-05
 12258  +8.4995247273     17407  +8.4995117188  -1.301e-05
 12259  +8.5005698579     17409  +8.5004882812  -8.158e-05
 12260  +8.5016148601     17411  +8.5014648438  -1.500e-04
 12261  +8.5026597338     17413  +8.5024414062  -2.183e-04
 12262  +8.5037044791     17416  +8.5039062500  +2.018e-04
 12263  +8.5047490961     17418  +8.5048828125  +1.337e-04
 12264  +8.5057935848     17420  +8.5058593750  +6.579e-05
 12265  +8.5068379452     17422  +8.5068359375  -2.008e-06
 12266  +8.5078821774     17424  +8.5078125000  -6.968e-05
 12267  +8.5089262815     17426  +8.5087890625  -1.372e-04
 12268  +8.5099702575     17428  +8.5097656250  -2.046e-04
 12269  +8.5110141055     17431  +8.5112304688  +2.164e-04
 12270  +8.5120578254     17433  +8.5122070312  +1.492e-04
 12271  +8.5131014174     17435  +8.5131835938  +8.218e-05
 12272  +8.5141448814     17437  +8.5141601562  +1.527e-05
 12273  +8.5151882176     17439  +8.5151367188  -5.150e-05
 12274  +8.5162314259     17441  +8.5161132812  -1.181e-04
 12275  +8.5172745065     17443  +8.5170898438  -1.847e-04
 12276  +8.5183174594     17446  +8.5185546875  +2.372e-04
 12277  +8.5193602846     17448  +8.5195312500  +1.710e-04
 12278  +8.5204029821     17450  +8.5205078125  +1.048e-04
 12279  +8.5214455521     17452  +8.5214843750  +3.882e-05
 12280  +8.5224879945     17454  +8.5224609375  -2.706e-05
 12281  +8.5235303094     17456  +8.5234375000  -9.281e-05
 12282  +8.5245724969     17458  +8.5244140625  -1.584e-04
 12283  +8.5256145570     17460  +8.5253906250  -2.239e-04
 12284  +8.5266564897     17463  +8.5268554688  +1.990e-04
 12285  +8.5276982952     17465  +8.5278320312  +1.337e-04
 12286  +8.5287399733     17467  +8.5288085938  +6.862e-05
 12287  +8.5297815243     17469  +8.5297851562  +3.632e-06
 12288  +0.2376712154       487  +0.2377929688  +1.218e-04
 12289  +0.2376712154       487  +0.2377929688  +1.218e-04
 12290  +0.2376712154       487  +0.2377929688  +1.218e-04
 12291  +0.2573180488       527  +0.2573242188  +6.170e-06
 12292  +0.2971252895       609  +0.2973632812  +2.380e-04
 12293  +0.3321961726       680  +0.3320312500  -1.649e-04
 12294  +0.3639026745       745  +0.3637695312  -1.331e-04
 12295  +0.3930598121       805  +0.3930664062  +6.594e-06
 12296  +0.4201986141       861  +0.4204101562  +2.115e-04
 12297  +0.4456879342       913  +0.4458007812  +1.128e-04
 12298  +0.4697963326       962  +0.4697265625  -6.977e-05
 12299  +0.4927265505      1009  +0.4926757812  -5.077e-05
 12300  +0.5146360976      1054  +0.5146484375  +1.234e-05
 12301  +0.5356502332      1097  +0.5356445312  -5.702e-06
 12302  +0.5558705171      1138  +0.5556640625  -2.065e-04
 12303  +0.5753806489      1178  +0.5751953125  -1.853e-04
 12304  +0.5942505790      1217  +0.5942382812  -1.230e-05
 12305  +0.6125394763      1254  +0.6123046875  -2.348e-04
 12306  +0.6302979212      1291  +0.6303710938  +7.317e-05
 12307  +0.6475695552      1326  +0.6474609375  -1.086e-04
 12308  +0.6643923451      1361  +0.6645507812  +1.584e-04
 12309  +0.6807995650      1394  +0.6806640625  -1.355e-04
 12310  +0.6968205702      1427  +0.6967773438  -4.323e-05
 12311  +0.7124814148      1459  +0.7124023438  -7.907e-05
 12312  +0.7278053489      1491  +0.7280273438  +2.220e-04
 12313  +0.7428132237      1521  +0.7426757812  -1.374e-04
 12314  +0.7575238245      1551  +0.7573242188  -1.996e-04
 12315  +0.7719541464      1581  +0.7719726562  +1.851e-05
 12316  +0.7861196242      1610  +0.7861328125  +1.319e-05
 12317  +0.8000343261      1638  +0.7998046875  -2.296e-04
 12318  +0.8137111173      1666  +0.8134765625  -2.346e-04
 12319  +0.8271617990      1694  +0.8271484375  -1.336e-05
 12320  +0.8403972282      1721  +0.8403320312  -6.520e-05
 12321  +0.8534274196      1748  +0.8535156250  +8.821e-05
 12322  +0.8662616348      1774  +0.8662109375  -5.070e-05
 12323  +0.8789084591      1800  +0.8789062500  -2.209e-06
 12324  +0.8913758684      1826  +0.8916015625  +2.257e-04
 12325  +0.9036712888      1851  +0.9038085938  +1.373e-04
 12326  +0.9158016476      1876  +0.9160156250  +2.140e-04
 12327  +0.9277734190      1900  +0.9277343750  -3.904e-05
 12328  +0.9395926652      1924  +0.9394531250  -1.395e-04
 12329  +0.9512650713      1948  +0.9511718750  -9.320e-05
 12330  +0.9627959780      1972  +0.9628906250  +9.465e-05
 12331  +0.9741904099      1995  +0.9741210938  -6.932e-05
 12332  +0.9854531009      2018  +0.9853515625  -1.015e-04
 12333  +0.9965885177      2041  +0.9965820312  -6.486e-06
 12334  +1.0076008798      2064  +1.0078125000  +2.116e-04
 12335  +1.0184941789      2086  +1.0185546875  +6.051e-05
 12336  +1.0292721952      2108  +1.0292968750  +2.468e-05
 12337  +1.0399385132      2130  +1.0400390625  +1.005e-04
 12338  +1.0504965353      2151  +1.0502929688  -2.036e-04
 12339  +1.0609494946      2173  +1.0610351562  +8.566e-05
 12340  +1.0713004665      2194  +1.0712890625  -1.140e-05
 12341  +1.0815523791      2215  +1.0815429688  -9.410e-06
 12342  +1.0917080234      2236  +1.0917968750  +8.885e-05
 12343  +1.1017700612      2256  +1.1015625000  -2.076e-04
 12344  +1.1117410342      2277  +1.1118164062  +7.537e-05
 12345  +1.1216233710      2297  +1.1215820312  -4.134e-05
 12346  +1.1314193943      2317  +1.1313476562  -7.174e-05
 12347  +1.1411313269      2337  +1.1411132812  -1.805e-05
 12348  +1.1507612979      2357  +1.1508789062  +1.176e-04
 12349  +1.1603113479      2376  +1.1601562500  -1.551e-04
 12350  +1.1697834345      2396  +1.1699218750  +1.384e-04
 12351  +1.1791794363      2415  +1.1791992188  +1.978e-05
 12352  +1.1885011579      2434  +1.1884765625  -2.460e-05
 12353  +1.1977503337      2453  +1.1977539062  +3.573e-06
 12354  +1.2069286314      2472  +1.2070312500  +1.026e-04
 12355  +1.2160376559      2490  +1.2158203125  -2.173e-04
 12356  +1.2250789526      2509  +1.2250976562  +1.870e-05
 12357  +1.2340540099      2527  +1.2338867188  -1.673e-04
 12358  +1.2429642629      2546  +1.2431640625  +1.998e-04
 12359  +1.2518110953      2564  +1.2519531250  +1.420e-04
 12360  +1.2605958423      2582  +1.2607421875  +1.463e-04
 12361  +1.2693197931      2600  +1.2695312500  +2.115e-04
 12362  +1.2779841926      2617  +1.2778320312  -1.522e-04
 12363  +1.2865902440      2635  +1.2866210938  +3.085e-05
 12364  +1.2951391104      2652  +1.2949218750  -2.172e-04
 12365  +1.3036319169      2670  +1.3037109375  +7.902e-05
 12366  +1.3120697520      2687  +1.3120117188  -5.803e-05
 12367  +1.3204536696      2704  +1.3203125000  -1.412e-04
 12368  +1.3287846902      2721  +1.3286132812  -1.714e-04
 12369  +1.3370638027      2738  +1.3369140625  -1.497e-04
 12370  +1.3452919653      2755  +1.3452148438  -7.712e-05
 12371  +1.3534701072      2772  +1.3535156250  +4.552e-05
 12372  +1.3615991299      2789  +1.3618164062  +2.173e-04
 12373  +1.3696799079      2805  +1.3696289062  -5.100e-05
 12374  +1.3777132900      2822  +1.3779296875  +2.164e-04
 12375  +1.3857001006      2838  +1.3857421875  +4.209e-05
 12376  +1.3936411404      2854  +1.3935546875  -8.645e-05
 12377  +1.4015371874      2870  +1.4013671875  -1.700e-04
 12378  +1.4093889978      2886  +1.4091796875  -2.093e-04
 12379  +1.4171973068      2902  +1.4169921875  -2.051e-04
 12380  +1.4249628297      2918  +1.4248046875  -1.581e-04
 12381  +1.4326862620      2934  +1.4326171875  -6.907e-05
 12382  +1.4403682809      2950  +1.4404296875  +6.141e-05
 12383  +1.4480095456      2966  +1.4482421875  +2.326e-04
 12384  +1.4556106978      2981  +1.4555664062  -4.429e-05
 12385  +1.4631723627      2997  +1.4633789062  +2.065e-04
 12386  +1.4706951494      3012  +1.4707031250  +7.976e-06
 12387  +1.4781796514      3027  +1.4780273438  -1.523e-04
 12388  +1.4856264474      3043  +1.4858398438  +2.134e-04
 12389  +1.4930361016      3058  +1.4931640625  +1.280e-04
 12390  +1.5004091642      3073  +1.5004882812  +7.912e-05
 12391  +1.5077461721      3088  +1.5078125000  +6.633e-05
 12392  +1.5150476490      3103  +1.5151367188  +8.907e-05
 12393  +1.5223141063      3118  +1.5224609375  +1.468e-04
 12394  +1.5295460430      3133  +1.5297851562  +2.391e-04
 12395  +1.5367439465      3147  +1.5366210938  -1.229e-04
 12396  +1.5439082928      3162  +1.5439453125  +3.702e-05
 12397  +1.5510395469      3177  +1.5512695312  +2.300e-04
 12398  +1.5581381631      3191  +1.5581054688  -3.269e-05
 12399  +1.5652045856      3206  +1.5654296875  +2.251e-04
 12400  +1.5722392484      3220  +1.5722656250  +2.638e-05
 12401  +1.5792425759      3234  +1.5791015625  -1.410e-04
 12402  +1.5862149832      3249  +1.5864257812  +2.108e-04
 12403  +1.5931568763      3263  +1.5932617188  +1.048e-04
 12404  +1.6000686522      3277  +1.6000976562  +2.900e-05
 12405  +1.6069506997      3291  +1.6069335938  -1.711e-05
 12406  +1.6138033990      3305  +1.6137695312  -3.387e-05
 12407  +1.6206271225      3319  +1.6206054688  -2.165e-05
 12408  +1.6274222345      3333  +1.6274414062  +1.917e-05
 12409  +1.6341890921      3347  +1.6342773438  +8.825e-05
 12410  +1.6409280448      3361  +1.6411132812  +1.852e-04
 12411  +1.6476394350      3374  +1.6474609375  -1.785e-04
 12412  +1.6543235981      3388  +1.6542968750  -2.672e-05
 12413  +1.6609808628      3402  +1.6611328125  +1.519e-04
 12414  +1.6676115513      3415  +1.6674804688  -1.311e-04
 12415  +1.6742159793      3429  +1.6743164062  +1.004e-04
 12416  +1.6807944564      3442  +1.6806640625  -1.304e-04
 12417  +1.6873472862      3456  +1.6875000000  +1.527e-04
 12418  +1.6938747662      3469  +1.6938476562  -2.711e-05
 12419  +1.7003771884      3482  +1.7001953125  -1.819e-04
 12420  +1.7068548393      3496  +1.7070312500  +1.764e-04
 12421  +1.7133079997      3509  +1.7133789062  +7.091e-05
 12422  +1.7197369454      3522  +1.7197265625  -1.038e-05
 12423  +1.7261419468      3535  +1.7260742188  -6.773e-05
 12424  +1.7325232697      3548  +1.7324218750  -1.014e-04
 12425  +1.7388811746      3561  +1.7387695312  -1.116e-04
 12426  +1.7452159175      3574  +1.7451171875  -9.873e-05
 12427  +1.7515277498      3587  +1.7514648438  -6.291e-05
 12428  +1.7578169181      3600  +1.7578125000  -4.418e-06
 12429  +1.7640836650      3613  +1.7641601562  +7.649e-05
 12430  +1.7703282285      3626  +1.7705078125  +1.796e-04
 12431  +1.7765508425      3638  +1.7763671875  -1.837e-04
 12432  +1.7827517369      3651  +1.7827148438  -3.689e-05
 12433  +1.7889311375      3664  +1.7890625000  +1.314e-04
 12434  +1.7950892663      3676  +1.7949218750  -1.674e-04
 12435  +1.8012263416      3689  +1.8012695312  +4.319e-05
 12436  +1.8073425776      3701  +1.8071289062  -2.137e-04
 12437  +1.8134381854      3714  +1.8134765625  +3.838e-05
 12438  +1.8195133723      3726  +1.8193359375  -1.774e-04
 12439  +1.8255683420      3739  +1.8256835938  +1.153e-04
 12440  +1.8316032951      3751  +1.8315429688  -6.033e-05
 12441  +1.8376184288      3763  +1.8374023438  -2.161e-04
 12442  +1.8436139372      3776  +1.8437500000  +1.361e-04
 12443  +1.8495900110      3788  +1.8496093750  +1.936e-05
 12444  +1.8555468381      3800  +1.8554687500  -7.809e-05
 12445  +1.8614846031      3812  +1.8613281250  -1.565e-04
 12446  +1.8674034880      3824  +1.8671875000  -2.160e-04
 12447  +1.8733036717      3837  +1.8735351562  +2.315e-04
 12448  +1.8791853304      3849  +1.8793945312  +2.092e-04
 12449  +1.8850486374      3861  +1.8852539062  +2.053e-04
 12450  +1.8908937635      3873  +1.8911132812  +2.195e-04
 12451  +1.8967208767      3884  +1.8964843750  -2.365e-04
 12452  +1.9025301426      3896  +1.9023437500  -1.864e-04
 12453  +1.9083217242      3908  +1.9082031250  -1.186e-04
 12454  +1.9140957819      3920  +1.9140625000  -3.328e-05
 12455  +1.9198524740      3932  +1.9199218750  +6.940e-05
 12456  +1.9255919561      3944  +1.9257812500  +1.893e-04
 12457  +1.9313143816      3955  +1.9311523438  -1.620e-04
 12458  +1.9370199018      3967  +1.9370117188  -8.183e-06
 12459  +1.9427086656      3979  +1.9428710938  +1.624e-04
 12460  +1.9483808198      3990  +1.9482421875  -1.386e-04
 12461  +1.9540365089      4002  +1.9541015625  +6.505e-05
 12462  +1.9596758757      4013  +1.9594726562  -2.032e-04
 12463  +1.9652990605      4025  +1.9653320312  +3.297e-05
 12464  +1.9709062019      4036  +1.9707031250  -2.031e-04
 12465  +1.9764974364      4048  +1.9765625000  +6.506e-05
 12466  +1.9820728986      4059  +1.9819335938  -1.393e-04
 12467  +1.9876327213      4071  +1.9877929688  +1.602e-04
 12468  +1.9931770353      4082  +1.9931640625  -1.297e-05
 12469  +1.9987059698      4093  +1.9985351562  -1.708e-04
 12470  +2.0042196519      4105  +2.0043945312  +1.749e-04
 12471  +2.0097182072      4116  +2.0097656250  +4.742e-05
 12472  +2.0152017596      4127  +2.0151367188  -6.504e-05
 12473  +2.0206704311      4138  +2.0205078125  -1.626e-04
 12474  +2.0261243423      4150  +2.0263671875  +2.428e-04
 12475  +2.0315636121      4161  +2.0317382812  +1.747e-04
 12476  +2.0369883577      4172  +2.0371093750  +1.210e-04
 12477  +2.0423986949      4183  +2.0424804688  +8.177e-05
 12478  +2.0477947378      4194  +2.0478515625  +5.682e-05
 12479  +2.0531765992      4205  +2.0532226562  +4.606e-05
 12480  +2.0585443904      4216  +2.0585937500  +4.936e-05
 12481  +2.0638982210      4227  +2.0639648438  +6.662e-05
 12482  +2.0692381994      4238  +2.0693359375  +9.774e-05
 12483  +2.0745644327      4249  +2.0747070312  +1.426e-04
 12484  +2.0798770264      4260  +2.0800781250  +2.011e-04
 12485  +2.0851760847      4270  +2.0849609375  -2.151e-04
 12486  +2.0904617106      4281  +2.0903320312  -1.297e-04
 12487  +2.0957340058      4292  +2.0957031250  -3.088e-05
 12488  +2.1009930705      4303  +2.1010742188  +8.115e-05
 12489  +2.1062390040      4314  +2.1064453125  +2.063e-04
 12490  +2.1114719040      4324  +2.1113281250  -1.438e-04
 12491  +2.1166918672      4335  +2.1166992188  +7.352e-06
 12492  +2.1218989891      4346  +2.1220703125  +1.713e-04
 12493  +2.1270933641      4356  +2.1269531250  -1.402e-04
 12494  +2.1322750852      4367  +2.1323242188  +4.913e-05
 12495  +2.1374442445      4377  +2.1372070312  -2.372e-04
 12496  +2.1426009329      4388  +2.1425781250  -2.281e-05
 12497  +2.1477452403      4399  +2.1479492188  +2.040e-04
 12498  +2.1528772553      4409  +2.1528320312  -4.522e-05
 12499  +2.1579970658      4420  +2.1582031250  +2.061e-04
 12500  +2.1631047583      4430  +2.1630859375  -1.882e-05
 12501  +2.1682004185      4440  +2.1679687500  -2.317e-04
 12502  +2.1732841310      4451  +2.1733398438  +5.571e-05
 12503  +2.1783559795      4461  +2.1782226562  -1.333e-04
 12504  +2.1834160467      4472  +2.1835937500  +1.777e-04
 12505  +2.1884644142      4482  +2.1884765625  +1.215e-05
 12506  +2.1935011629      4492  +2.1933593750  -1.418e-04
 12507  +2.1985263726      4503  +2.1987304688  +2.041e-04
 12508  +2.2035401223      4513  +2.2036132812  +7.316e-05
 12509  +2.2085424900      4523  +2.2084960938  -4.640e-05
 12510  +2.2135335528      4533  +2.2133789062  -1.546e-04
 12511  +2.2185133871      4544  +2.2187500000  +2.366e-04
 12512  +2.2234820684      4554  +2.2236328125  +1.507e-04
 12513  +2.2284396711      4564  +2.2285156250  +7.595e-05
 12514  +2.2333862691      4574  +2.2333984375  +1.217e-05
 12515  +2.2383219354      4584  +2.2382812500  -4.069e-05
 12516  +2.2432467421      4594  +2.2431640625  -8.268e-05
 12517  +2.2481607606      4604  +2.2480468750  -1.139e-04
 12518  +2.2530640614      4614  +2.2529296875  -1.344e-04
 12519  +2.2579567144      4624  +2.2578125000  -1.442e-04
 12520  +2.2628387887      4634  +2.2626953125  -1.435e-04
 12521  +2.2677103525      4644  +2.2675781250  -1.322e-04
 12522  +2.2725714736      4654  +2.2724609375  -1.105e-04
 12523  +2.2774222186      4664  +2.2773437500  -7.847e-05
 12524  +2.2822626539      4674  +2.2822265625  -3.609e-05
 12525  +2.2870928448      4684  +2.2871093750  +1.653e-05
 12526  +2.2919128561      4694  +2.2919921875  +7.933e-05
 12527  +2.2967227520      4704  +2.2968750000  +1.522e-04
 12528  +2.3015225958      4714  +2.3017578125  +2.352e-04
 12529  +2.3063124503      4723  +2.3061523438  -1.601e-04
 12530  +2.3110923776      4733  +2.3110351562  -5.722e-05
 12531  +2.3158624392      4743  +2.3159179688  +5.553e-05
 12532  +2.3206226959      4753  +2.3208007812  +1.781e-04
 12533  +2.3253732079      4762  +2.3251953125  -1.779e-04
 12534  +2.3301140348      4772  +2.3300781250  -3.591e-05
 12535  +2.3348452357      4782  +2.3349609375  +1.157e-04
 12536  +2.3395668689      4791  +2.3393554688  -2.114e-04
 12537  +2.3442789923      4801  +2.3442382812  -4.071e-05
 12538  +2.3489816630      4811  +2.3491210938  +1.394e-04
 12539  +2.3536749377      4820  +2.3535156250  -1.593e-04
 12540  +2.3583588726      4830  +2.3583984375  +3.956e-05
 12541  +2.3630335231      4839  +2.3627929688  -2.406e-04
 12542  +2.3676989443      4849  +2.3676757812  -2.316e-05
 12543  +2.3723551905      4859  +2.3725585938  +2.034e-04
 12544  +2.3770023158      4868  +2.3769531250  -4.919e-05
 12545  +2.3816403735      4878  +2.3818359375  +1.956e-04
 12546  +2.3862694165      4887  +2.3862304688  -3.895e-05
 12547  +2.3908894972      4897  +2.3911132812  +2.238e-04
 12548  +2.3955006673      4906  +2.3955078125  +7.145e-06
 12549  +2.4001029783      4915  +2.3999023438  -2.006e-04
 12550  +2.4046964810      4925  +2.4047851562  +8.868e-05
 12551  +2.4092812259      4934  +2.4091796875  -1.015e-04
 12552  +2.4138572627      4944  +2.4140625000  +2.052e-04
 12553  +2.4184246410      4953  +2.4184570312  +3.239e-05
 12554  +2.4229834097      4962  +2.4228515625  -1.318e-04
 12555  +2.4275336173      4972  +2.4277343750  +2.008e-04
 12556  +2.4320753118      4981  +2.4321289062  +5.359e-05
 12557  +2.4366085409      4990  +2.4365234375  -8.510e-05
 12558  +2.4411333518      4999  +2.4409179688  -2.154e-04
 12559  +2.4456497911      5009  +2.4458007812  +1.510e-04
 12560  +2.4501579051      5018  +2.4501953125  +3.741e-05
 12561  +2.4546577398      5027  +2.4545898438  -6.790e-05
 12562  +2.4591493405      5036  +2.4589843750  -1.650e-04
 12563  +2.4636327523      5046  +2.4638671875  +2.344e-04
 12564  +2.4681080199      5055  +2.4682617188  +1.537e-04
 12565  +2.4725751874      5064  +2.4726562500  +8.106e-05
 12566  +2.4770342986      5073  +2.4770507812  +1.648e-05
 12567  +2.4814853971      5082  +2.4814453125  -4.008e-05
 12568  +2.4859285258      5091  +2.4858398438  -8.868e-05
 12569  +2.4903637274      5100  +2.4902343750  -1.294e-04
 12570  +2.4947910442      5109  +2.4946289062  -1.621e-04
 12571  +2.4992105181      5118  +2.4990234375  -1.871e-04
 12572  +2.5036221905      5127  +2.5034179688  -2.042e-04
 12573  +2.5080261028      5136  +2.5078125000  -2.136e-04
 12574  +2.5124222957      5145  +2.5122070312  -2.153e-04
 12575  +2.5168108096      5154  +2.5166015625  -2.092e-04
 12576  +2.5211916846      5163  +2.5209960938  -1.956e-04
 12577  +2.5255649606      5172  +2.5253906250  -1.743e-04
 12578  +2.5299306768      5181  +2.5297851562  -1.455e-04
 12579  +2.5342888724      5190  +2.5341796875  -1.092e-04
 12580  +2.5386395861      5199  +2.5385742188  -6.537e-05
 12581  +2.5429828564      5208  +2.5429687500  -1.411e-05
 12582  +2.5473187212      5217  +2.5473632812  +4.456e-05
 12583  +2.5516472183      5226  +2.5517578125  +1.106e-04
 12584  +2.5559683852      5235  +2.5561523438  +1.840e-04
 12585  +2.5602822589      5243  +2.5600585938  -2.237e-04
 12586  +2.5645888764      5252  +2.5644531250  -1.358e-04
 12587  +2.5688882740      5261  +2.5688476562  -4.062e-05
 12588  +2.5731804880      5270  +2.5732421875  +6.170e-05
 12589  +2.5774655542      5279  +2.5776367188  +1.712e-04
 12590  +2.5817435083      5287  +2.5815429688  -2.005e-04
 12591  +2.5860143855      5296  +2.5859375000  -7.689e-05
 12592  +2.5902782208      5305  +2.5903320312  +5.381e-05
 12593  +2.5945350490      5314  +2.5947265625  +1.915e-04
 12594  +2.5987849045      5322  +2.5986328125  -1.521e-04
 12595  +2.6030278215      5331  +2.6030273438  -4.777e-07
 12596  +2.6072638338      5340  +2.6074218750  +1.580e-04
 12597  +2.6114929750      5348  +2.6113281250  -1.648e-04
 12598  +2.6157152784      5357  +2.6157226562  +7.378e-06
 12599  +2.6199307772      5366  +2.6201171875  +1.864e-04
 12600  +2.6241395040      5374  +2.6240234375  -1.161e-04
 12601  +2.6283414915      5383  +2.6284179688  +7.648e-05
 12602  +2.6325367719      5391  +2.6323242188  -2.126e-04
 12603  +2.6367253772      5400  +2.6367187500  -6.627e-06
 12604  +2.6409073392      5409  +2.6411132812  +2.059e-04
 12605  +2.6450826894      5417  +2.6450195312  -6.316e-05
 12606  +2.6492514590      5426  +2.6494140625  +1.626e-04
 12607  +2.6534136791      5434  +2.6533203125  -9.337e-05
 12608  +2.6575693804      5443  +2.6577148438  +1.455e-04
 12609  +2.6617185935      5451  +2.6616210938  -9.750e-05
 12610  +2.6658613487      5460  +2.6660156250  +1.543e-04
 12611  +2.6699976760      5468  +2.6699218750  -7.580e-05
 12612  +2.6741276053      5477  +2.6743164062  +1.888e-04
 12613  +2.6782511661      5485  +2.6782226562  -2.851e-05
 12614  +2.6823683879      5493  +2.6821289062  -2.395e-04
 12615  +2.6864792997      5502  +2.6865234375  +4.414e-05
 12616  +2.6905839305      5510  +2.6904296875  -1.542e-04
 12617  +2.6946823090      5519  +2.6948242188  +1.419e-04
 12618  +2.6987744637      5527  +2.6987304688  -4.399e-05
 12619  +2.7028604228      5535  +2.7026367188  -2.237e-04
 12620  +2.7069402145      5544  +2.7070312500  +9.104e-05
 12621  +2.7110138665      5552  +2.7109375000  -7.637e-05
 12622  +2.7150814064      5560  +2.7148437500  -2.377e-04
 12623  +2.7191428618      5569  +2.7192382812  +9.542e-05
 12624  +2.7231982598      5577  +2.7231445312  -5.373e-05
 12625  +2.7272476275      5585  +2.7270507812  -1.968e-04
 12626  +2.7312909917      5594  +2.7314453125  +1.543e-04
 12627  +2.7353283789      5602  +2.7353515625  +2.318e-05
 12628  +2.7393598157      5610  +2.7392578125  -1.020e-04
 12629  +2.7433853283      5618  +2.7431640625  -2.213e-04
 12630  +2.7474049427      5627  +2.7475585938  +1.537e-04
 12631  +2.7514186847      5635  +2.7514648438  +4.616e-05
 12632  +2.7554265800      5643  +2.7553710938  -5.549e-05
 12633  +2.7594286541      5651  +2.7592773438  -1.513e-04
 12634  +2.7634249323      5659  +2.7631835938  -2.413e-04
 12635  +2.7674154397      5668  +2.7675781250  +1.627e-04
 12636  +2.7714002012      5676  +2.7714843750  +8.417e-05
 12637  +2.7753792416      5684  +2.7753906250  +1.138e-05
 12638  +2.7793525854      5692  +2.7792968750  -5.571e-05
 12639  +2.7833202571      5700  +2.7832031250  -1.171e-04
 12640  +2.7872822808      5708  +2.7871093750  -1.729e-04
 12641  +2.7912386807      5716  +2.7910156250  -2.231e-04
 12642  +2.7951894805      5725  +2.7954101562  +2.207e-04
 12643  +2.7991347040      5733  +2.7993164062  +1.817e-04
 12644  +2.8030743748      5741  +2.8032226562  +1.483e-04
 12645  +2.8070085162      5749  +2.8071289062  +1.204e-04
 12646  +2.8109371515      5757  +2.8110351562  +9.800e-05
 12647  +2.8148603036      5765  +2.8149414062  +8.110e-05
 12648  +2.8187779956      5773  +2.8188476562  +6.966e-05
 12649  +2.8226902500      5781  +2.8227539062  +6.366e-05
 12650  +2.8265970896      5789  +2.8266601562  +6.307e-05
 12651  +2.8304985368      5797  +2.8305664062  +6.787e-05
 12652  +2.8343946137      5805  +2.8344726562  +7.804e-05
 12653  +2.8382853425      5813  +2.8383789062  +9.356e-05
 12654  +2.8421707452      5821  +2.8422851562  +1.144e-04
 12655  +2.8460508436      5829  +2.8461914062  +1.406e-04
 12656  +2.8499256593      5837  +2.8500976562  +1.720e-04
 12657  +2.8537952139      5845  +2.8540039062  +2.087e-04
 12658  +2.8576595288      5852  +2.8574218750  -2.377e-04
 12659  +2.8615186251      5860  +2.8613281250  -1.905e-04
 12660  +2.8653725240      5868  +2.8652343750  -1.381e-04
 12661  +2.8692212464      5876  +2.8691406250  -8.062e-05
 12662  +2.8730648131      5884  +2.8730468750  -1.794e-05
 12663  +2.8769032447      5892  +2.8769531250  +4.988e-05
 12664  +2.8807365619      5900  +2.8808593750  +1.228e-04
 12665  +2.8845647849      5908  +2.8847656250  +2.008e-04
 12666  +2.8883879341      5915  +2.8881835938  -2.043e-04
 12667  +2.8922060295      5923  +2.8920898438  -1.162e-04
 12668  +2.8960190912      5931  +2.8959960938  -2.300e-05
 12669  +2.8998271390      5939  +2.8999023438  +7.520e-05
 12670  +2.9036301926      5947  +2.9038085938  +1.784e-04
 12671  +2.9074282716      5954  +2.9072265625  -2.017e-04
 12672  +2.9112213956      5962  +2.9111328125  -8.858e-05
 12673  +2.9150095838      5970  +2.9150390625  +2.948e-05
 12674  +2.9187928554      5978  +2.9189453125  +1.525e-04
 12675  +2.9225712297      5985  +2.9223632812  -2.079e-04
 12676  +2.9263447254      5993  +2.9262695312  -7.519e-05
 12677  +2.9301133615      6001  +2.9301757812  +6.242e-05
 12678  +2.9338771567      6009  +2.9340820312  +2.049e-04
 12679  +2.9376361296      6016  +2.9375000000  -1.361e-04
 12680  +2.9413902987      6024  +2.9414062500  +1.595e-05
 12681  +2.9451396824      6032  +2.9453125000  +1.728e-04
 12682  +2.9488842989      6039  +2.9487304688  -1.538e-04
 12683  +2.9526241664      6047  +2.9526367188  +1.255e-05
 12684  +2.9563593028      6055  +2.9565429688  +1.837e-04
 12685  +2.9600897261      6062  +2.9599609375  -1.288e-04
 12686  +2.9638154541      6070  +2.9638671875  +5.173e-05
 12687  +2.9675365045      6078  +2.9677734375  +2.369e-04
 12688  +2.9712528948      6085  +2.9711914062  -6.149e-05
 12689  +2.9749646425      6093  +2.9750976562  +1.330e-04
 12690  +2.9786717650      6100  +2.9785156250  -1.561e-04
 12691  +2.9823742795      6108  +2.9824218750  +4.760e-05
 12692  +2.9860722032      6115  +2.9858398438  -2.324e-04
 12693  +2.9897655530      6123  +2.9897460938  -1.946e-05
 12694  +2.9934543459      6131  +2.9936523438  +1.980e-04
 12695  +2.9971385988      6138  +2.9970703125  -6.829e-05
 12696  +3.0008183284      6146  +3.0009765625  +1.582e-04
 12697  +3.0044935512      6153  +3.0043945312  -9.902e-05
 12698  +3.0081642839      6161  +3.0083007812  +1.365e-04
 12699  +3.0118305428      6168  +3.0117187500  -1.118e-04
 12700  +3.0154923442      6176  +3.0156250000  +1.327e-04
 12701  +3.0191497043      6183  +3.0190429688  -1.067e-04
 12702  +3.0228026394      6191  +3.0229492188  +1.466e-04
 12703  +3.0264511653      6198  +3.0263671875  -8.398e-05
 12704  +3.0300952981      6206  +3.0302734375  +1.781e-04
 12705  +3.0337350535      6213  +3.0336914062  -4.365e-05
 12706  +3.0373704473      6221  +3.0375976562  +2.272e-04
 12707  +3.0410014952      6228  +3.0410156250  +1.413e-05
 12708  +3.0446282126      6235  +3.0444335938  -1.946e-04
 12709  +3.0482506151      6243  +3.0483398438  +8.923e-05
 12710  +3.0518687180      6250  +3.0517578125  -1.109e-04
 12711  +3.0554825366      6258  +3.0556640625  +1.815e-04
 12712  +3.0590920860      6265  +3.0590820312  -1.005e-05
 12713  +3.0626973814      6272  +3.0625000000  -1.974e-04
 12714  +3.0662984378      6280  +3.0664062500  +1.078e-04
 12715  +3.0698952700      6287  +3.0698242188  -7.105e-05
 12716  +3.0734878930      6295  +3.0737304688  +2.426e-04
 12717  +3.0770763214      6302  +3.0771484375  +7.212e-05
 12718  +3.0806605699      6309  +3.0805664062  -9.416e-05
 12719  +3.0842406532      6317  +3.0844726562  +2.320e-04
 12720  +3.0878165855      6324  +3.0878906250  +7.404e-05
 12721  +3.0913883815      6331  +3.0913085938  -7.979e-05
 12722  +3.0949560554      6338  +3.0947265625  -2.295e-04
 12723  +3.0985196214      6346  +3.0986328125  +1.132e-04
 12724  +3.1020790937      6353  +3.1020507812  -2.831e-05
 12725  +3.1056344864      6360  +3.1054687500  -1.657e-04
 12726  +3.1091858134      6368  +3.1093750000  +1.892e-04
 12727  +3.1127330888      6375  +3.1127929688  +5.988e-05
 12728  +3.1162763262      6382  +3.1162109375  -6.539e-05
 12729  +3.1198155395      6389  +3.1196289062  -1.866e-04
 12730  +3.1233507424      6397  +3.1235351562  +1.844e-04
 12731  +3.1268819484      6404  +3.1269531250  +7.118e-05
 12732  +3.1304091712      6411  +3.1303710938  -3.808e-05
 12733  +3.1339324240      6418  +3.1337890625  -1.434e-04
 12734  +3.1374517204      6426  +3.1376953125  +2.436e-04
 12735  +3.1409670736      6433  +3.1411132812  +1.462e-04
 12736  +3.1444784968      6440  +3.1445312500  +5.275e-05
 12737  +3.1479860031      6447  +3.1479492188  -3.678e-05
 12738  +3.1514896058      6454  +3.1513671875  -1.224e-04
 12739  +3.1549893177      6461  +3.1547851562  -2.042e-04
 12740  +3.1584851518      6469  +3.1586914062  +2.063e-04
 12741  +3.1619771210      6476  +3.1621093750  +1.323e-04
 12742  +3.1654652380      6483  +3.1655273438  +6.211e-05
 12743  +3.1689495156      6490  +3.1689453125  -4.203e-06
 12744  +3.1724299664      6497  +3.1723632812  -6.669e-05
 12745  +3.1759066030      6504  +3.1757812500  -1.254e-04
 12746  +3.1793794380      6511  +3.1791992188  -1.802e-04
 12747  +3.1828484837      6518  +3.1826171875  -2.313e-04
 12748  +3.1863137525      6526  +3.1865234375  +2.097e-04
 12749  +3.1897752568      6533  +3.1899414062  +1.661e-04
 12750  +3.1932330088      6540  +3.1933593750  +1.264e-04
 12751  +3.1966870206      6547  +3.1967773438  +9.032e-05
 12752  +3.2001373044      6554  +3.2001953125  +5.801e-05
 12753  +3.2035838723      6561  +3.2036132812  +2.941e-05
 12754  +3.2070267361      6568  +3.2070312500  +4.514e-06
 12755  +3.2104659078      6575  +3.2104492188  -1.669e-05
 12756  +3.2139013994      6582  +3.2138671875  -3.421e-05
 12757  +3.2173332224      6589  +3.2172851562  -4.807e-05
 12758  +3.2207613888      6596  +3.2207031250  -5.826e-05
 12759  +3.2241859101      6603  +3.2241210938  -6.482e-05
 12760  +3.2276067980      6610  +3.2275390625  -6.774e-05
 12761  +3.2310240640      6617  +3.2309570312  -6.703e-05
 12762  +3.2344377195      6624  +3.2343750000  -6.272e-05
 12763  +3.2378477760      6631  +3.2377929688  -5.481e-05
 12764  +3.2412542449      6638  +3.2412109375  -4.331e-05
 12765  +3.2446571374      6645  +3.2446289062  -2.823e-05
 12766  +3.2480564649      6652  +3.2480468750  -9.590e-06
 12767  +3.2514522384      6659  +3.2514648438  +1.261e-05
 12768  +3.2548444691      6666  +3.2548828125  +3.834e-05
 12769  +3.2582331680      6673  +3.2583007812  +6.761e-05
 12770  +3.2616183462      6680  +3.2617187500  +1.004e-04
 12771  +3.2650000147      6687  +3.2651367188  +1.367e-04
 12772  +3.2683781843      6694  +3.2685546875  +1.765e-04
 12773  +3.2717528658      6701  +3.2719726562  +2.198e-04
 12774  +3.2751240701      6707  +3.2749023438  -2.217e-04
 12775  +3.2784918078      6714  +3.2783203125  -1.715e-04
 12776  +3.2818560896      6721  +3.2817382812  -1.178e-04
 12777  +3.2852169262      6728  +3.2851562500  -6.068e-05
 12778  +3.2885743282      6735  +3.2885742188  -1.094e-07
 12779  +3.2919283059      6742  +3.2919921875  +6.388e-05
 12780  +3.2952788699      6749  +3.2954101562  +1.313e-04
 12781  +3.2986260307      6756  +3.2988281250  +2.021e-04
 12782  +3.3019697984      6762  +3.3017578125  -2.120e-04
 12783  +3.3053101835      6769  +3.3051757812  -1.344e-04
 12784  +3.3086471961      6776  +3.3085937500  -5.345e-05
 12785  +3.3119808465      6783  +3.3120117188  +3.087e-05
 12786  +3.3153111449      6790  +3.3154296875  +1.185e-04
 12787  +3.3186381012      6797  +3.3188476562  +2.096e-04
 12788  +3.3219617255      6803  +3.3217773438  -1.844e-04
 12789  +3.3252820279      6810  +3.3251953125  -8.672e-05
 12790  +3.3285990183      6817  +3.3286132812  +1.426e-05
 12791  +3.3319127066      6824  +3.3320312500  +1.185e-04
 12792  +3.3352231025      6831  +3.3354492188  +2.261e-04
 12793  +3.3385302160      6837  +3.3383789062  -1.513e-04
 12794  +3.3418340567      6844  +3.3417968750  -3.718e-05
 12795  +3.3451346343      6851  +3.3452148438  +8.021e-05
 12796  +3.3484319586      6858  +3.3486328125  +2.009e-04
 12797  +3.3517260390      6864  +3.3515625000  -1.635e-04
 12798  +3.3550168852      6871  +3.3549804688  -3.642e-05
 12799  +3.3583045067      6878  +3.3583984375  +9.393e-05
 12800  +3.3615889128      6885  +3.3618164062  +2.275e-04
 12801  +3.3648701131      6891  +3.3647460938  -1.240e-04
 12802  +3.3681481170      6898  +3.3681640625  +1.595e-05
 12803  +3.3714229336      6905  +3.3715820312  +1.591e-04
 12804  +3.3746945723      6911  +3.3745117188  -1.829e-04
 12805  +3.3779630424      6918  +3.3779296875  -3.335e-05
 12806  +3.3812283530      6925  +3.3813476562  +1.193e-04
 12807  +3.3844905133      6931  +3.3842773438  -2.132e-04
 12808  +3.3877495324      6938  +3.3876953125  -5.422e-05
 12809  +3.3910054193      6945  +3.3911132812  +1.079e-04
 12810  +3.3942581830      6951  +3.3940429688  -2.152e-04
 12811  +3.3975078326      6958  +3.3974609375  -4.690e-05
 12812  +3.4007543769      6965  +3.4008789062  +1.245e-04
 12813  +3.4039978248      6971  +3.4038085938  -1.892e-04
 12814  +3.4072381852      6978  +3.4072265625  -1.162e-05
 12815  +3.4104754669      6985  +3.4106445312  +1.691e-04
 12816  +3.4137096786      6991  +3.4135742188  -1.355e-04
 12817  +3.4169408290      6998  +3.4169921875  +5.136e-05
 12818  +3.4201689269      7005  +3.4204101562  +2.412e-04
 12819  +3.4233939808      7011  +3.4233398438  -5.414e-05
 12820  +3.4266159994      7018  +3.4267578125  +1.418e-04
 12821  +3.4298349912      7024  +3.4296875000  -1.475e-04
 12822  +3.4330509647      7031  +3.4331054688  +5.450e-05
 12823  +3.4362639284      7037  +3.4360351562  -2.288e-04
 12824  +3.4394738907      7044  +3.4394531250  -2.077e-05
 12825  +3.4426808601      7051  +3.4428710938  +1.902e-04
 12826  +3.4458848448      7057  +3.4458007812  -8.406e-05
 12827  +3.4490858532      7064  +3.4492187500  +1.329e-04
 12828  +3.4522838937      7070  +3.4521484375  -1.355e-04
 12829  +3.4554789743      7077  +3.4555664062  +8.743e-05
 12830  +3.4586711034      7083  +3.4584960938  -1.750e-04
 12831  +3.4618602890      7090  +3.4619140625  +5.377e-05
 12832  +3.4650465394      7096  +3.4648437500  -2.028e-04
 12833  +3.4682298626      7103  +3.4682617188  +3.186e-05
 12834  +3.4714102666      7109  +3.4711914062  -2.189e-04
 12835  +3.4745877595      7116  +3.4746093750  +2.162e-05
 12836  +3.4777623492      7122  +3.4775390625  -2.233e-04
 12837  +3.4809340438      7129  +3.4809570312  +2.299e-05
 12838  +3.4841028510      7135  +3.4838867188  -2.161e-04
 12839  +3.4872687789      7142  +3.4873046875  +3.591e-05
 12840  +3.4904318351      7148  +3.4902343750  -1.975e-04
 12841  +3.4935920275      7155  +3.4936523438  +6.032e-05
 12842  +3.4967493639      7161  +3.4965820312  -1.673e-04
 12843  +3.4999038521      7168  +3.5000000000  +9.615e-05
 12844  +3.5030554996      7174  +3.5029296875  -1.258e-04
 12845  +3.5062043141      7181  +3.5063476562  +1.433e-04
 12846  +3.5093503034      7187  +3.5092773438  -7.296e-05
 12847  +3.5124934749      7194  +3.5126953125  +2.018e-04
 12848  +3.5156338363      7200  +3.5156250000  -8.836e-06
 12849  +3.5187713950      7206  +3.5185546875  -2.167e-04
 12850  +3.5219061585      7213  +3.5219726562  +6.650e-05
 12851  +3.5250381344      7219  +3.5249023438  -1.358e-04
 12852  +3.5281673300      7226  +3.5283203125  +1.530e-04
 12853  +3.5312937527      7232  +3.5312500000  -4.375e-05
 12854  +3.5344174099      7238  +3.5341796875  -2.377e-04
 12855  +3.5375383089      7245  +3.5375976562  +5.935e-05
 12856  +3.5406564569      7251  +3.5405273438  -1.291e-04
 12857  +3.5437718614      7258  +3.5439453125  +1.735e-04
 12858  +3.5468845294      7264  +3.5468750000  -9.529e-06
 12859  +3.5499944682      7270  +3.5498046875  -1.898e-04
 12860  +3.5531016850      7277  +3.5532226562  +1.210e-04
 12861  +3.5562061868      7283  +3.5561523438  -5.384e-05
 12862  +3.5593079808      7289  +3.5590820312  -2.259e-04
 12863  +3.5624070741      7296  +3.5625000000  +9.293e-05
 12864  +3.5655034737      7302  +3.5654296875  -7.379e-05
 12865  +3.5685971867      7308  +3.5683593750  -2.378e-04
 12866  +3.5716882199      7315  +3.5717773438  +8.912e-05
 12867  +3.5747765804      7321  +3.5747070312  -6.955e-05
 12868  +3.5778622750      7327  +3.5776367188  -2.256e-04
 12869  +3.5809453107      7334  +3.5810546875  +1.094e-04
 12870  +3.5840256944      7340  +3.5839843750  -4.132e-05
 12871  +3.5871034327      7346  +3.5869140625  -1.894e-04
 12872  +3.5901785327      7353  +3.5903320312  +1.535e-04
 12873  +3.5932510010      7359  +3.5932617188  +1.072e-05
 12874  +3.5963208443      7365  +3.5961914062  -1.294e-04
 12875  +3.5993880695      7372  +3.5996093750  +2.213e-04
 12876  +3.6024526831      7378  +3.6025390625  +8.638e-05
 12877  +3.6055146919      7384  +3.6054687500  -4.594e-05
 12878  +3.6085741025      7390  +3.6083984375  -1.757e-04
 12879  +3.6116309214      7397  +3.6118164062  +1.855e-04
 12880  +3.6146851553      7403  +3.6147460938  +6.094e-05
 12881  +3.6177368107      7409  +3.6176757812  -6.103e-05
 12882  +3.6207858941      7415  +3.6206054688  -1.804e-04
 12883  +3.6238324120      7422  +3.6240234375  +1.910e-04
 12884  +3.6268763709      7428  +3.6269531250  +7.675e-05
 12885  +3.6299177772      7434  +3.6298828125  -3.496e-05
 12886  +3.6329566373      7440  +3.6328125000  -1.441e-04
 12887  +3.6359929576      7447  +3.6362304688  +2.375e-04
 12888  +3.6390267445      7453  +3.6391601562  +1.334e-04
 12889  +3.6420580043      7459  +3.6420898438  +3.184e-05
 12890  +3.6450867433      7465  +3.6450195312  -6.721e-05
 12891  +3.6481129677      7471  +3.6479492188  -1.637e-04
 12892  +3.6511366839      7478  +3.6513671875  +2.305e-04
 12893  +3.6541578981      7484  +3.6542968750  +1.390e-04
 12894  +3.6571766164      7490  +3.6572265625  +4.995e-05
 12895  +3.6601928451      7496  +3.6601562500  -3.660e-05
 12896  +3.6632065902      7502  +3.6630859375  -1.207e-04
 12897  +3.6662178579      7508  +3.6660156250  -2.022e-04
 12898  +3.6692266544      7515  +3.6694335938  +2.069e-04
 12899  +3.6722329856      7521  +3.6723632812  +1.303e-04
 12900  +3.6752368577      7527  +3.6752929688  +5.611e-05
 12901  +3.6782382766      7533  +3.6782226562  -1.562e-05
 12902  +3.6812372484      7539  +3.6811523438  -8.490e-05
 12903  +3.6842337790      7545  +3.6840820312  -1.517e-04
 12904  +3.6872278744      7551  +3.6870117188  -2.162e-04
 12905  +3.6902195405      7558  +3.6904296875  +2.101e-04
 12906  +3.6932087832      7564  +3.6933593750  +1.506e-04
 12907  +3.6961956085      7570  +3.6962890625  +9.345e-05
 12908  +3.6991800220      7576  +3.6992187500  +3.873e-05
 12909  +3.7021620298      7582  +3.7021484375  -1.359e-05
 12910  +3.7051416375      7588  +3.7050781250  -6.351e-05
 12911  +3.7081188511      7594  +3.7080078125  -1.110e-04
 12912  +3.7110936761      7600  +3.7109375000  -1.562e-04
 12913  +3.7140661185      7606  +3.7138671875  -1.989e-04
 12914  +3.7170361838      7612  +3.7167968750  -2.393e-04
 12915  +3.7200038779      7619  +3.7202148438  +2.110e-04
 12916  +3.7229692063      7625  +3.7231445312  +1.753e-04
 12917  +3.7259321747      7631  +3.7260742188  +1.420e-04
 12918  +3.7288927887      7637  +3.7290039062  +1.111e-04
 12919  +3.7318510540      7643  +3.7319335938  +8.254e-05
 12920  +3.7348069761      7649  +3.7348632812  +5.631e-05
 12921  +3.7377605605      7655  +3.7377929688  +3.241e-05
 12922  +3.7407118129      7661  +3.7407226562  +1.084e-05
 12923  +3.7436607387      7667  +3.7436523438  -8.395e-06
 12924  +3.7466073435      7673  +3.7465820312  -2.531e-05
 12925  +3.7495516326      7679  +3.7495117188  -3.991e-05
 12926  +3.7524936116      7685  +3.7524414062  -5.221e-05
 12927  +3.7554332858      7691  +3.7553710938  -6.219e-05
 12928  +3.7583706608      7697  +3.7583007812  -6.988e-05
 12929  +3.7613057418      7703  +3.7612304688  -7.527e-05
 12930  +3.7642385342      7709  +3.7641601562  -7.838e-05
 12931  +3.7671690434      7715  +3.7670898438  -7.920e-05
 12932  +3.7700972748      7721  +3.7700195312  -7.774e-05
 12933  +3.7730232335      7727  +3.7729492188  -7.401e-05
 12934  +3.7759469250      7733  +3.7758789062  -6.802e-05
 12935  +3.7788683544      7739  +3.7788085938  -5.976e-05
 12936  +3.7817875269      7745  +3.7817382812  -4.925e-05
 12937  +3.7847044480      7751  +3.7846679688  -3.648e-05
 12938  +3.7876191226      7757  +3.7875976562  -2.147e-05
 12939  +3.7905315560      7763  +3.7905273438  -4.212e-06
 12940  +3.7934417534      7769  +3.7934570312  +1.528e-05
 12941  +3.7963497199      7775  +3.7963867188  +3.700e-05
 12942  +3.7992554607      7781  +3.7993164062  +6.095e-05
 12943  +3.8021589807      7787  +3.8022460938  +8.711e-05
 12944  +3.8050602852      7793  +3.8051757812  +1.155e-04
 12945  +3.8079593792      7799  +3.8081054688  +1.461e-04
 12946  +3.8108562677      7805  +3.8110351562  +1.789e-04
 12947  +3.8137509558      7811  +3.8139648438  +2.139e-04
 12948  +3.8166434484      7816  +3.8164062500  -2.372e-04
 12949  +3.8195337505      7822  +3.8193359375  -1.978e-04
 12950  +3.8224218672      7828  +3.8222656250  -1.562e-04
 12951  +3.8253078033      7834  +3.8251953125  -1.125e-04
 12952  +3.8281915639      7840  +3.8281250000  -6.656e-05
 12953  +3.8310731537      7846  +3.8310546875  -1.847e-05
 12954  +3.8339525777      7852  +3.8339843750  +3.180e-05
 12955  +3.8368298409      7858  +3.8369140625  +8.422e-05
 12956  +3.8397049479      7864  +3.8398437500  +1.388e-04
 12957  +3.8425779038      7870  +3.8427734375  +1.955e-04
 12958  +3.8454487132      7875  +3.8452148438  -2.339e-04
 12959  +3.8483173811      7881  +3.8481445312  -1.728e-04
 12960  +3.8511839121      7887  +3.8510742188  -1.097e-04
 12961  +3.8540483111      7893  +3.8540039062  -4.440e-05
 12962  +3.8569105828      7899  +3.8569335938  +2.301e-05
 12963  +3.8597707319      7905  +3.8598632812  +9.255e-05
 12964  +3.8626287632      7911  +3.8627929688  +1.642e-04
 12965  +3.8654846814      7917  +3.8657226562  +2.380e-04
 12966  +3.8683384910      7922  +3.8681640625  -1.744e-04
 12967  +3.8711901969      7928  +3.8710937500  -9.645e-05
 12968  +3.8740398036      7934  +3.8740234375  -1.637e-05
 12969  +3.8768873158      7940  +3.8769531250  +6.581e-05
 12970  +3.8797327381      7946  +3.8798828125  +1.501e-04
 12971  +3.8825760750      7952  +3.8828125000  +2.364e-04
 12972  +3.8854173312      7957  +3.8852539062  -1.634e-04
 12973  +3.8882565112      7963  +3.8881835938  -7.292e-05
 12974  +3.8910936196      7969  +3.8911132812  +1.966e-05
 12975  +3.8939286609      7975  +3.8940429688  +1.143e-04
 12976  +3.8967616395      7981  +3.8969726562  +2.110e-04
 12977  +3.8995925601      7986  +3.8994140625  -1.785e-04
 12978  +3.9024214270      7992  +3.9023437500  -7.768e-05
 12979  +3.9052482448      7998  +3.9052734375  +2.519e-05
 12980  +3.9080730179      8004  +3.9082031250  +1.301e-04
 12981  +3.9108957507      8010  +3.9111328125  +2.371e-04
 12982  +3.9137164476      8015  +3.9135742188  -1.422e-04
 12983  +3.9165351130      8021  +3.9165039062  -3.121e-05
 12984  +3.9193517513      8027  +3.9194335938  +8.184e-05
 12985  +3.9221663670      8033  +3.9223632812  +1.969e-04
 12986  +3.9249789642      8038  +3.9248046875  -1.743e-04
 12987  +3.9277895474      8044  +3.9277343750  -5.517e-05
 12988  +3.9305981209      8050  +3.9306640625  +6.594e-05
 12989  +3.9334046890      8056  +3.9335937500  +1.891e-04
 12990  +3.9362092560      8061  +3.9360351562  -1.741e-04
 12991  +3.9390118262      8067  +3.9389648438  -4.698e-05
 12992  +3.9418124037      8073  +3.9418945312  +8.213e-05
 12993  +3.9446109929      8079  +3.9448242188  +2.132e-04
 12994  +3.9474075980      8084  +3.9472656250  -1.420e-04
 12995  +3.9502022232      8090  +3.9501953125  -6.911e-06
 12996  +3.9529948727      8096  +3.9531250000  +1.301e-04
 12997  +3.9557855507      8101  +3.9555664062  -2.191e-04
 12998  +3.9585742613      8107  +3.9584960938  -7.817e-05
 12999  +3.9613610088      8113  +3.9614257812  +6.477e-05
 13000  +3.9641457972      8119  +3.9643554688  +2.097e-04
 13001  +3.9669286307      8124  +3.9667968750  -1.318e-04
 13002  +3.9697095133      8130  +3.9697265625  +1.705e-05
 13003  +3.9724884493      8136  +3.9726562500  +1.678e-04
 13004  +3.9752654426      8141  +3.9750976562  -1.678e-04
 13005  +3.9780404973      8147  +3.9780273438  -1.315e-05
 13006  +3.9808136176      8153  +3.9809570312  +1.434e-04
 13007  +3.9835848073      8158  +3.9833984375  -1.864e-04
 13008  +3.9863540707      8164  +3.9863281250  -2.595e-05
 13009  +3.9891214115      8170  +3.9892578125  +1.364e-04
 13010  +3.9918868340      8175  +3.9916992188  -1.876e-04
 13011  +3.9946503420      8181  +3.9946289062  -2.144e-05
 13012  +3.9974119395      8187  +3.9975585938  +1.467e-04
 13013  +4.0001716305      8192  +4.0000000000  -1.716e-04
 13014  +4.0029294190      8198  +4.0029296875  +2.685e-07
 13015  +4.0056853087      8204  +4.0058593750  +1.741e-04
 13016  +4.0084393038      8209  +4.0083007812  -1.385e-04
 13017  +4.0111914080      8215  +4.0112304688  +3.906e-05
 13018  +4.0139416252      8221  +4.0141601562  +2.185e-04
 13019  +4.0166899594      8226  +4.0166015625  -8.840e-05
 13020  +4.0194364144      8232  +4.0195312500  +9.484e-05
 13021  +4.0221809941      8237  +4.0219726562  -2.083e-04
 13022  +4.0249237022      8243  +4.0249023438  -2.136e-05
 13023  +4.0276645426      8249  +4.0278320312  +1.675e-04
 13024  +4.0304035192      8254  +4.0302734375  -1.301e-04
 13025  +4.0331406356      8260  +4.0332031250  +6.249e-05
 13026  +4.0358758958      8265  +4.0356445312  -2.314e-04
 13027  +4.0386093034      8271  +4.0385742188  -3.508e-05
 13028  +4.0413408622      8277  +4.0415039062  +1.630e-04
 13029  +4.0440705761      8282  +4.0439453125  -1.253e-04
 13030  +4.0467984486      8288  +4.0468750000  +7.655e-05
 13031  +4.0495244836      8293  +4.0493164062  -2.081e-04
 13032  +4.0522486847      8299  +4.0522460938  -2.591e-06
 13033  +4.0549710556      8305  +4.0551757812  +2.047e-04
 13034  +4.0576916001      8310  +4.0576171875  -7.441e-05
 13035  +4.0604103217      8316  +4.0605468750  +1.366e-04
 13036  +4.0631272242      8321  +4.0629882812  -1.389e-04
 13037  +4.0658423112      8327  +4.0659179688  +7.566e-05
 13038  +4.0685555863      8332  +4.0683593750  -1.962e-04
 13039  +4.0712670532      8338  +4.0712890625  +2.201e-05
 13040  +4.0739767154      8344  +4.0742187500  +2.420e-04
 13041  +4.0766845766      8349  +4.0766601562  -2.442e-05
 13042  +4.0793906404      8355  +4.0795898438  +1.992e-04
 13043  +4.0820949102      8360  +4.0820312500  -6.366e-05
 13044  +4.0847973898      8366  +4.0849609375  +1.635e-04
 13045  +4.0874980826      8371  +4.0874023438  -9.574e-05
 13046  +4.0901969921      8377  +4.0903320312  +1.350e-04
 13047  +4.0928941220      8382  +4.0927734375  -1.207e-04
 13048  +4.0955894757      8388  +4.0957031250  +1.136e-04
 13049  +4.0982830567      8393  +4.0981445312  -1.385e-04
 13050  +4.1009748685      8399  +4.1010742188  +9.935e-05
 13051  +4.1036649146      8404  +4.1035156250  -1.493e-04
 13052  +4.1063531985      8410  +4.1064453125  +9.211e-05
 13053  +4.1090397236      8415  +4.1088867188  -1.530e-04
 13054  +4.1117244934      8421  +4.1118164062  +9.191e-05
 13055  +4.1144075113      8426  +4.1142578125  -1.497e-04
 13056  +4.1170887807      8432  +4.1171875000  +9.872e-05
 13057  +4.1197683051      8437  +4.1196289062  -1.394e-04
 13058  +4.1224460878      8443  +4.1225585938  +1.125e-04
 13059  +4.1251221323      8448  +4.1250000000  -1.221e-04
 13060  +4.1277964419      8454  +4.1279296875  +1.332e-04
 13061  +4.1304690200      8459  +4.1303710938  -9.793e-05
 13062  +4.1331398700      8465  +4.1333007812  +1.609e-04
 13063  +4.1358089951      8470  +4.1357421875  -6.681e-05
 13064  +4.1384763988      8476  +4.1386718750  +1.955e-04
 13065  +4.1411420844      8481  +4.1411132812  -2.880e-05
 13066  +4.1438060551      8487  +4.1440429688  +2.369e-04
 13067  +4.1464683144      8492  +4.1464843750  +1.606e-05
 13068  +4.1491288654      8497  +4.1489257812  -2.031e-04
 13069  +4.1517877114      8503  +4.1518554688  +6.776e-05
 13070  +4.1544448558      8508  +4.1542968750  -1.480e-04
 13071  +4.1571003018      8514  +4.1572265625  +1.263e-04
 13072  +4.1597540527      8519  +4.1596679688  -8.608e-05
 13073  +4.1624061117      8525  +4.1625976562  +1.915e-04
 13074  +4.1650564819      8530  +4.1650390625  -1.742e-05
 13075  +4.1677051668      8535  +4.1674804688  -2.247e-04
 13076  +4.1703521694      8541  +4.1704101562  +5.799e-05
 13077  +4.1729974929      8546  +4.1728515625  -1.459e-04
 13078  +4.1756411406      8552  +4.1757812500  +1.401e-04
 13079  +4.1782831157      8557  +4.1782226562  -6.046e-05
 13080  +4.1809234212      8563  +4.1811523438  +2.289e-04
 13081  +4.1835620605      8568  +4.1835937500  +3.169e-05
 13082  +4.1861990365      8573  +4.1860351562  -1.639e-04
 13083  +4.1888343525      8579  +4.1889648438  +1.305e-04
 13084  +4.1914680116      8584  +4.1914062500  -6.176e-05
 13085  +4.1941000169      8590  +4.1943359375  +2.359e-04
 13086  +4.1967303715      8595  +4.1967773438  +4.697e-05
 13087  +4.1993590785      8600  +4.1992187500  -1.403e-04
 13088  +4.2019861411      8606  +4.2021484375  +1.623e-04
 13089  +4.2046115622      8611  +4.2045898438  -2.172e-05
 13090  +4.2072353450      8616  +4.2070312500  -2.041e-04
 13091  +4.2098574926      8622  +4.2099609375  +1.034e-04
 13092  +4.2124780079      8627  +4.2124023438  -7.566e-05
 13093  +4.2150968941      8633  +4.2153320312  +2.351e-04
 13094  +4.2177141541      8638  +4.2177734375  +5.928e-05
 13095  +4.2203297911      8643  +4.2202148438  -1.149e-04
 13096  +4.2229438079      8649  +4.2231445312  +2.007e-04
 13097  +4.2255562077      8654  +4.2255859375  +2.973e-05
 13098  +4.2281669934      8659  +4.2280273438  -1.396e-04
 13099  +4.2307761679      8665  +4.2309570312  +1.809e-04
 13100  +4.2333837344      8670  +4.2333984375  +1.470e-05
 13101  +4.2359896957      8675  +4.2358398438  -1.499e-04
 13102  +4.2385940548      8681  +4.2387695312  +1.755e-04
 13103  +4.2411968147      8686  +4.2412109375  +1.412e-05
 13104  +4.2437979782      8691  +4.2436523438  -1.456e-04
 13105  +4.2463975485      8697  +4.2465820312  +1.845e-04
 13106  +4.2489955282      8702  +4.2490234375  +2.791e-05
 13107  +4.2515919205      8707  +4.2514648438  -1.271e-04
 13108  +4.2541867281      8713  +4.2543945312  +2.078e-04
 13109  +4.2567799541      8718  +4.2568359375  +5.598e-05
 13110  +4.2593716011      8723  +4.2592773438  -9.426e-05
 13111  +4.2619616723      8728  +4.2617187500  -2.429e-04
 13112  +4.2645501704      8734  +4.2646484375  +9.827e-05
 13113  +4.2671370982      8739  +4.2670898438  -4.725e-05
 13114  +4.2697224587      8744  +4.2695312500  -1.912e-04
 13115  +4.2723062547      8750  +4.2724609375  +1.547e-04
 13116  +4.2748884890      8755  +4.2749023438  +1.385e-05
 13117  +4.2774691644      8760  +4.2773437500  -1.254e-04
 13118  +4.2800482838      8766  +4.2802734375  +2.252e-04
 13119  +4.2826258500      8771  +4.2827148438  +8.899e-05
 13120  +4.2852018658      8776  +4.2851562500  -4.562e-05
 13121  +4.2877763340      8781  +4.2875976562  -1.787e-04
 13122  +4.2903492573      8787  +4.2905273438  +1.781e-04
 13123  +4.2929206386      8792  +4.2929687500  +4.811e-05
 13124  +4.2954904805      8797  +4.2954101562  -8.032e-05
 13125  +4.2980587860      8802  +4.2978515625  -2.072e-04
 13126  +4.3006255577      8808  +4.3007812500  +1.557e-04
 13127  +4.3031907983      8813  +4.3032226562  +3.186e-05
 13128  +4.3057545107      8818  +4.3056640625  -9.045e-05
 13129  +4.3083166974      8823  +4.3081054688  -2.112e-04
 13130  +4.3108773614      8829  +4.3110351562  +1.578e-04
 13131  +4.3134365052      8834  +4.3134765625  +4.006e-05
 13132  +4.3159941316      8839  +4.3159179688  -7.616e-05
 13133  +4.3185502432      8844  +4.3183593750  -1.909e-04
 13134  +4.3211048428      8850  +4.3212890625  +1.842e-04
 13135  +4.3236579330      8855  +4.3237304688  +7.254e-05
 13136  +4.3262095166      8860  +4.3261718750  -3.764e-05
 13137  +4.3287595961      8865  +4.3286132812  -1.463e-04
 13138  +4.3313081742      8871  +4.3315429688  +2.348e-04
 13139  +4.3338552537      8876  +4.3339843750  +1.291e-04
 13140  +4.3364008370      8881  +4.3364257812  +2.494e-05
 13141  +4.3389449269      8886  +4.3388671875  -7.774e-05
 13142  +4.3414875259      8891  +4.3413085938  -1.789e-04
 13143  +4.3440286368      8897  +4.3442382812  +2.096e-04
 13144  +4.3465682620      8902  +4.3466796875  +1.114e-04
 13145  +4.3491064043      8907  +4.3491210938  +1.469e-05
 13146  +4.3516430662      8912  +4.3515625000  -8.057e-05
 13147  +4.3541782502      8917  +4.3540039062  -1.743e-04
 13148  +4.3567119591      8923  +4.3569335938  +2.216e-04
 13149  +4.3592441952      8928  +4.3593750000  +1.308e-04
 13150  +4.3617749613      8933  +4.3618164062  +4.144e-05
 13151  +4.3643042598      8938  +4.3642578125  -4.645e-05
 13152  +4.3668320934      8943  +4.3666992188  -1.329e-04
 13153  +4.3693584645      8948  +4.3691406250  -2.178e-04
 13154  +4.3718833757      8954  +4.3720703125  +1.869e-04
 13155  +4.3744068295      8959  +4.3745117188  +1.049e-04
 13156  +4.3769288285      8964  +4.3769531250  +2.430e-05
 13157  +4.3794493751      8969  +4.3793945312  -5.484e-05
 13158  +4.3819684719      8974  +4.3818359375  -1.325e-04
 13159  +4.3844861213      8979  +4.3842773438  -2.088e-04
 13160  +4.3870023259      8985  +4.3872070312  +2.047e-04
 13161  +4.3895170881      8990  +4.3896484375  +1.313e-04
 13162  +4.3920304104      8995  +4.3920898438  +5.943e-05
 13163  +4.3945422953      9000  +4.3945312500  -1.105e-05
 13164  +4.3970527453      9005  +4.3969726562  -8.009e-05
 13165  +4.3995617628      9010  +4.3994140625  -1.477e-04
 13166  +4.4020693502      9015  +4.4018554688  -2.139e-04
 13167  +4.4045755100      9021  +4.4047851562  +2.096e-04
 13168  +4.4070802446      9026  +4.4072265625  +1.463e-04
 13169  +4.4095835565      9031  +4.4096679688  +8.441e-05
 13170  +4.4120854481      9036  +4.4121093750  +2.393e-05
 13171  +4.4145859218      9041  +4.4145507812  -3.514e-05
 13172  +4.4170849800      9046  +4.4169921875  -9.279e-05
 13173  +4.4195826250      9051  +4.4194335938  -1.490e-04
 13174  +4.4220788594      9056  +4.4218750000  -2.039e-04
 13175  +4.4245736855      9062  +4.4248046875  +2.310e-04
 13176  +4.4270671056      9067  +4.4272460938  +1.790e-04
 13177  +4.4295591222      9072  +4.4296875000  +1.284e-04
 13178  +4.4320497376      9077  +4.4321289062  +7.917e-05
 13179  +4.4345389542      9082  +4.4345703125  +3.136e-05
 13180  +4.4370267743      9087  +4.4370117188  -1.506e-05
 13181  +4.4395132002      9092  +4.4394531250  -6.008e-05
 13182  +4.4419982344      9097  +4.4418945312  -1.037e-04
 13183  +4.4444818791      9102  +4.4443359375  -1.459e-04
 13184  +4.4469641367      9107  +4.4467773438  -1.868e-04
 13185  +4.4494450095      9112  +4.4492187500  -2.263e-04
 13186  +4.4519244998      9118  +4.4521484375  +2.239e-04
 13187  +4.4544026099      9123  +4.4545898438  +1.872e-04
 13188  +4.4568793422      9128  +4.4570312500  +1.519e-04
 13189  +4.4593546989      9133  +4.4594726562  +1.180e-04
 13190  +4.4618286822      9138  +4.4619140625  +8.538e-05
 13191  +4.4643012946      9143  +4.4643554688  +5.417e-05
 13192  +4.4667725382      9148  +4.4667968750  +2.434e-05
 13193  +4.4692424154      9153  +4.4692382812  -4.134e-06
 13194  +4.4717109284      9158  +4.4716796875  -3.124e-05
 13195  +4.4741780795      9163  +4.4741210938  -5.699e-05
 13196  +4.4766438708      9168  +4.4765625000  -8.137e-05
 13197  +4.4791083047      9173  +4.4790039062  -1.044e-04
 13198  +4.4815713834      9178  +4.4814453125  -1.261e-04
 13199  +4.4840331092      9183  +4.4838867188  -1.464e-04
 13200  +4.4864934842      9188  +4.4863281250  -1.654e-04
 13201  +4.4889525107      9193  +4.4887695312  -1.830e-04
 13202  +4.4914101909      9198  +4.4912109375  -1.993e-04
 13203  +4.4938665269      9203  +4.4936523438  -2.142e-04
 13204  +4.4963215211      9208  +4.4960937500  -2.278e-04
 13205  +4.4987751756      9213  +4.4985351562  -2.400e-04
 13206  +4.5012274926      9219  +4.5014648438  +2.374e-04
 13207  +4.5036784743      9224  +4.5039062500  +2.278e-04
 13208  +4.5061281228      9229  +4.5063476562  +2.195e-04
 13209  +4.5085764403      9234  +4.5087890625  +2.126e-04
 13210  +4.5110234291      9239  +4.5112304688  +2.070e-04
 13211  +4.5134690912      9244  +4.5136718750  +2.028e-04
 13212  +4.5159134288      9249  +4.5161132812  +1.999e-04
 13213  +4.5183564441      9254  +4.5185546875  +1.982e-04
 13214  +4.5207981392      9259  +4.5209960938  +1.980e-04
 13215  +4.5232385163      9264  +4.5234375000  +1.990e-04
 13216  +4.5256775774      9269  +4.5258789062  +2.013e-04
 13217  +4.5281153247      9274  +4.5283203125  +2.050e-04
 13218  +4.5305517603      9279  +4.5307617188  +2.100e-04
 13219  +4.5329868864      9284  +4.5332031250  +2.162e-04
 13220  +4.5354207051      9289  +4.5356445312  +2.238e-04
 13221  +4.5378532184      9294  +4.5380859375  +2.327e-04
 13222  +4.5402844284      9299  +4.5405273438  +2.429e-04
 13223  +4.5427143373      9303  +4.5424804688  -2.339e-04
 13224  +4.5451429471      9308  +4.5449218750  -2.211e-04
 13225  +4.5475702599      9313  +4.5473632812  -2.070e-04
 13226  +4.5499962778      9318  +4.5498046875  -1.916e-04
 13227  +4.5524210029      9323  +4.5522460938  -1.749e-04
 13228  +4.5548444372      9328  +4.5546875000  -1.569e-04
 13229  +4.5572665828      9333  +4.5571289062  -1.377e-04
 13230  +4.5596874417      9338  +4.5595703125  -1.171e-04
 13231  +4.5621070160      9343  +4.5620117188  -9.530e-05
 13232  +4.5645253077      9348  +4.5644531250  -7.218e-05
 13233  +4.5669423189      9353  +4.5668945312  -4.779e-05
 13234  +4.5693580516      9358  +4.5693359375  -2.211e-05
 13235  +4.5717725078      9363  +4.5717773438  +4.836e-06
 13236  +4.5741856896      9368  +4.5742187500  +3.306e-05
 13237  +4.5765975989      9373  +4.5766601562  +6.256e-05
 13238  +4.5790082378      9378  +4.5791015625  +9.332e-05
 13239  +4.5814176082      9383  +4.5815429688  +1.254e-04
 13240  +4.5838257122      9388  +4.5839843750  +1.587e-04
 13241  +4.5862325518      9393  +4.5864257812  +1.932e-04
 13242  +4.5886381290      9398  +4.5888671875  +2.291e-04
 13243  +4.5910424457      9402  +4.5908203125  -2.221e-04
 13244  +4.5934455040      9407  +4.5932617188  -1.838e-04
 13245  +4.5958473057      9412  +4.5957031250  -1.442e-04
 13246  +4.5982478529      9417  +4.5981445312  -1.033e-04
 13247  +4.6006471475      9422  +4.6005859375  -6.121e-05
 13248  +4.6030451916      9427  +4.6030273438  -1.785e-05
 13249  +4.6054419869      9432  +4.6054687500  +2.676e-05
 13250  +4.6078375356      9437  +4.6079101562  +7.262e-05
 13251  +4.6102318395      9442  +4.6103515625  +1.197e-04
 13252  +4.6126249005      9447  +4.6127929688  +1.681e-04
 13253  +4.6150167207      9452  +4.6152343750  +2.177e-04
 13254  +4.6174073019      9456  +4.6171875000  -2.198e-04
 13255  +4.6197966461      9461  +4.6196289062  -1.677e-04
 13256  +4.6221847552      9466  +4.6220703125  -1.144e-04
 13257  +4.6245716310      9471  +4.6245117188  -5.991e-05
 13258  +4.6269572755      9476  +4.6269531250  -4.151e-06
 13259  +4.6293416907      9481  +4.6293945312  +5.284e-05
 13260  +4.6317248783      9486  +4.6318359375  +1.111e-04
 13261  +4.6341068404      9491  +4.6342773438  +1.705e-04
 13262  +4.6364875787      9496  +4.6367187500  +2.312e-04
 13263  +4.6388670952      9500  +4.6386718750  -1.952e-04
 13264  +4.6412453917      9505  +4.6411132812  -1.321e-04
 13265  +4.6436224702      9510  +4.6435546875  -6.778e-05
 13266  +4.6459983324      9515  +4.6459960938  -2.239e-06
 13267  +4.6483729803      9520  +4.6484375000  +6.452e-05
 13268  +4.6507464158      9525  +4.6508789062  +1.325e-04
 13269  +4.6531186406      9530  +4.6533203125  +2.017e-04
 13270  +4.6554896566      9534  +4.6552734375  -2.162e-04
 13271  +4.6578594657      9539  +4.6577148438  -1.446e-04
 13272  +4.6602280697      9544  +4.6601562500  -7.182e-05
 13273  +4.6625954704      9549  +4.6625976562  +2.186e-06
 13274  +4.6649616697      9554  +4.6650390625  +7.739e-05
 13275  +4.6673266695      9559  +4.6674804688  +1.538e-04
 13276  +4.6696904714      9564  +4.6699218750  +2.314e-04
 13277  +4.6720530774      9568  +4.6718750000  -1.781e-04
 13278  +4.6744144893      9573  +4.6743164062  -9.808e-05
 13279  +4.6767747088      9578  +4.6767578125  -1.690e-05
 13280  +4.6791337378      9583  +4.6791992188  +6.548e-05
 13281  +4.6814915781      9588  +4.6816406250  +1.490e-04
 13282  +4.6838482315      9593  +4.6840820312  +2.338e-04
 13283  +4.6862036997      9597  +4.6860351562  -1.685e-04
 13284  +4.6885579845      9602  +4.6884765625  -8.142e-05
 13285  +4.6909110878      9607  +4.6909179688  +6.881e-06
 13286  +4.6932630113      9612  +4.6933593750  +9.636e-05
 13287  +4.6956137567      9617  +4.6958007812  +1.870e-04
 13288  +4.6979633260      9621  +4.6977539062  -2.094e-04
 13289  +4.7003117207      9626  +4.7001953125  -1.164e-04
 13290  +4.7026589426      9631  +4.7026367188  -2.222e-05
 13291  +4.7050049936      9636  +4.7050781250  +7.313e-05
 13292  +4.7073498754      9641  +4.7075195312  +1.697e-04
 13293  +4.7096935897      9645  +4.7094726562  -2.209e-04
 13294  +4.7120361383      9650  +4.7119140625  -1.221e-04
 13295  +4.7143775228      9655  +4.7143554688  -2.205e-05
 13296  +4.7167177451      9660  +4.7167968750  +7.913e-05
 13297  +4.7190568069      9665  +4.7192382812  +1.815e-04
 13298  +4.7213947098      9669  +4.7211914062  -2.033e-04
 13299  +4.7237314557      9674  +4.7236328125  -9.864e-05
 13300  +4.7260670462      9679  +4.7260742188  +7.173e-06
 13301  +4.7284014830      9684  +4.7285156250  +1.141e-04
 13302  +4.7307347679      9689  +4.7309570312  +2.223e-04
 13303  +4.7330669025      9693  +4.7329101562  -1.567e-04
 13304  +4.7353978885      9698  +4.7353515625  -4.633e-05
 13305  +4.7377277277      9703  +4.7377929688  +6.524e-05
 13306  +4.7400564218      9708  +4.7402343750  +1.780e-04
 13307  +4.7423839723      9712  +4.7421875000  -1.965e-04
 13308  +4.7447103811      9717  +4.7446289062  -8.147e-05
 13309  +4.7470356497      9722  +4.7470703125  +3.466e-05
 13310  +4.7493597799      9727  +4.7495117188  +1.519e-04
 13311  +4.7516827733      9731  +4.7514648438  -2.179e-04
 13312  +4.7540046317      9736  +4.7539062500  -9.838e-05
 13313  +4.7563253565      9741  +4.7563476562  +2.230e-05
 13314  +4.7586449496      9746  +4.7587890625  +1.441e-04
 13315  +4.7609634126      9750  +4.7607421875  -2.212e-04
 13316  +4.7632807471      9755  +4.7631835938  -9.715e-05
 13317  +4.7655969547      9760  +4.7656250000  +2.805e-05
 13318  +4.7679120372      9765  +4.7680664062  +1.544e-04
 13319  +4.7702259961      9769  +4.7700195312  -2.065e-04
 13320  +4.7725388331      9774  +4.7724609375  -7.790e-05
 13321  +4.7748505498      9779  +4.7749023438  +5.179e-05
 13322  +4.7771611478      9784  +4.7773437500  +1.826e-04
 13323  +4.7794706288      9788  +4.7792968750  -1.738e-04
 13324  +4.7817789944      9793  +4.7817382812  -4.071e-05
 13325  +4.7840862461      9798  +4.7841796875  +9.344e-05
 13326  +4.7863923857      9803  +4.7866210938  +2.287e-04
 13327  +4.7886974146      9807  +4.7885742188  -1.232e-04
 13328  +4.7910013346      9812  +4.7910156250  +1.429e-05
 13329  +4.7933041472      9817  +4.7934570312  +1.529e-04
 13330  +4.7956058540      9821  +4.7954101562  -1.957e-04
 13331  +4.7979064566      9826  +4.7978515625  -5.489e-05
 13332  +4.8002059566      9831  +4.8002929688  +8.701e-05
 13333  +4.8025043556      9836  +4.8027343750  +2.300e-04
 13334  +4.8048016551      9840  +4.8046875000  -1.142e-04
 13335  +4.8070978567      9845  +4.8071289062  +3.105e-05
 13336  +4.8093929621      9850  +4.8095703125  +1.774e-04
 13337  +4.8116869727      9854  +4.8115234375  -1.635e-04
 13338  +4.8139798901      9859  +4.8139648438  -1.505e-05
 13339  +4.8162717160      9864  +4.8164062500  +1.345e-04
 13340  +4.8185624517      9868  +4.8183593750  -2.031e-04
 13341  +4.8208520990      9873  +4.8208007812  -5.132e-05
 13342  +4.8231406594      9878  +4.8232421875  +1.015e-04
 13343  +4.8254281343      9882  +4.8251953125  -2.328e-04
 13344  +4.8277145254      9887  +4.8276367188  -7.781e-05
 13345  +4.8299998342      9892  +4.8300781250  +7.829e-05
 13346  +4.8322840622      9897  +4.8325195312  +2.355e-04
 13347  +4.8345672110      9901  +4.8344726562  -9.455e-05
 13348  +4.8368492820      9906  +4.8369140625  +6.478e-05
 13349  +4.8391302768      9911  +4.8393554688  +2.252e-04
 13350  +4.8414101970      9915  +4.8413085938  -1.016e-04
 13351  +4.8436890440      9920  +4.8437500000  +6.096e-05
 13352  +4.8459668194      9925  +4.8461914062  +2.246e-04
 13353  +4.8482435246      9929  +4.8481445312  -9.899e-05
 13354  +4.8505191612      9934  +4.8505859375  +6.678e-05
 13355  +4.8527937307      9939  +4.8530273438  +2.336e-04
 13356  +4.8550672345      9943  +4.8549804688  -8.677e-05
 13357  +4.8573396743      9948  +4.8574218750  +8.220e-05
 13358  +4.8596110514      9952  +4.8593750000  -2.361e-04
 13359  +4.8618813674      9957  +4.8618164062  -6.496e-05
 13360  +4.8641506237      9962  +4.8642578125  +1.072e-04
 13361  +4.8664188218      9966  +4.8662109375  -2.079e-04
 13362  +4.8686859632      9971  +4.8686523438  -3.362e-05
 13363  +4.8709520494      9976  +4.8710937500  +1.417e-04
 13364  +4.8732170819      9980  +4.8730468750  -1.702e-04
 13365  +4.8754810621      9985  +4.8754882812  +7.219e-06
 13366  +4.8777439914      9990  +4.8779296875  +1.857e-04
 13367  +4.8800058715      9994  +4.8798828125  -1.231e-04
 13368  +4.8822667036      9999  +4.8823242188  +5.752e-05
 13369  +4.8845264893     10004  +4.8847656250  +2.391e-04
 13370  +4.8867852300     10008  +4.8867187500  -6.648e-05
 13371  +4.8890429271     10013  +4.8891601562  +1.172e-04
 13372  +4.8912995822     10017  +4.8911132812  -1.863e-04
 13373  +4.8935551966     10022  +4.8935546875  -5.091e-07
 13374  +4.8958097718     10027  +4.8959960938  +1.863e-04
 13375  +4.8980633092     10031  +4.8979492188  -1.141e-04
 13376  +4.9003158103     10036  +4.9003906250  +7.481e-05
 13377  +4.9025672764     10040  +4.9023437500  -2.235e-04
 13378  +4.9048177091     10045  +4.9047851562  -3.255e-05
 13379  +4.9070671096     10050  +4.9072265625  +1.595e-04
 13380  +4.9093154796     10054  +4.9091796875  -1.358e-04
 13381  +4.9115628203     10059  +4.9116210938  +5.827e-05
 13382  +4.9138091331     10063  +4.9135742188  -2.349e-04
 13383  +4.9160544196     10068  +4.9160156250  -3.879e-05
 13384  +4.9182986810     10073  +4.9184570312  +1.584e-04
 13385  +4.9205419188     10077  +4.9204101562  -1.318e-04
 13386  +4.9227841344     10082  +4.9228515625  +6.743e-05
 13387  +4.9250253293     10086  +4.9248046875  -2.206e-04
 13388  +4.9272655046     10091  +4.9272460938  -1.941e-05
 13389  +4.9295046620     10096  +4.9296875000  +1.828e-04
 13390  +4.9317428027     10100  +4.9316406250  -1.022e-04
 13391  +4.9339799282     10105  +4.9340820312  +1.021e-04
 13392  +4.9362160397     10109  +4.9360351562  -1.809e-04
 13393  +4.9384511388     10114  +4.9384765625  +2.542e-05
 13394  +4.9406852267     10119  +4.9409179688  +2.327e-04
 13395  +4.9429183049     10123  +4.9428710938  -4.721e-05
 13396  +4.9451503747     10128  +4.9453125000  +1.621e-04
 13397  +4.9473814375     10132  +4.9472656250  -1.158e-04
 13398  +4.9496114946     10137  +4.9497070312  +9.554e-05
 13399  +4.9518405474     10141  +4.9516601562  -1.804e-04
 13400  +4.9540685972     10146  +4.9541015625  +3.297e-05
 13401  +4.9562956455     10150  +4.9560546875  -2.410e-04
 13402  +4.9585216935     10155  +4.9584960938  -2.560e-05
 13403  +4.9607467426     10160  +4.9609375000  +1.908e-04
 13404  +4.9629707942     10164  +4.9628906250  -8.017e-05
 13405  +4.9651938495     10169  +4.9653320312  +1.382e-04
 13406  +4.9674159100     10173  +4.9672851562  -1.308e-04
 13407  +4.9696369769     10178  +4.9697265625  +8.959e-05
 13408  +4.9718570516     10182  +4.9716796875  -1.774e-04
 13409  +4.9740761354     10187  +4.9741210938  +4.496e-05
 13410  +4.9762942297     10191  +4.9760742188  -2.200e-04
 13411  +4.9785113357     10196  +4.9785156250  +4.289e-06
 13412  +4.9807274548     10201  +4.9809570312  +2.296e-04
 13413  +4.9829425883     10205  +4.9829101562  -3.243e-05
 13414  +4.9851567375     10210  +4.9853515625  +1.948e-04
 13415  +4.9873699038     10214  +4.9873046875  -6.522e-05
 13416  +4.9895820884     10219  +4.9897460938  +1.640e-04
 13417  +4.9917932926     10223  +4.9916992188  -9.407e-05
 13418  +4.9940035178     10228  +4.9941406250  +1.371e-04
 13419  +4.9962127652     10232  +4.9960937500  -1.190e-04
 13420  +4.9984210361     10237  +4.9985351562  +1.141e-04
 13421  +5.0006283319     10241  +5.0004882812  -1.401e-04
 13422  +5.0028346538     10246  +5.0029296875  +9.503e-05
 13423  +5.0050400031     10250  +5.0048828125  -1.572e-04
 13424  +5.0072443811     10255  +5.0073242188  +7.984e-05
 13425  +5.0094477891     10259  +5.0092773438  -1.704e-04
 13426  +5.0116502283     10264  +5.0117187500  +6.852e-05
 13427  +5.0138517001     10268  +5.0136718750  -1.798e-04
 13428  +5.0160522056     10273  +5.0161132812  +6.108e-05
 13429  +5.0182517463     10277  +5.0180664062  -1.853e-04
 13430  +5.0204503233     10282  +5.0205078125  +5.749e-05
 13431  +5.0226479379     10286  +5.0224609375  -1.870e-04
 13432  +5.0248445914     10291  +5.0249023438  +5.775e-05
 13433  +5.0270402850     10295  +5.0268554688  -1.848e-04
 13434  +5.0292350200     10300  +5.0292968750  +6.186e-05
 13435  +5.0314287976     10304  +5.0312500000  -1.788e-04
 13436  +5.0336216192     10309  +5.0336914062  +6.979e-05
 13437  +5.0358134859     10313  +5.0356445312  -1.690e-04
 13438  +5.0380043989     10318  +5.0380859375  +8.154e-05
 13439  +5.0401943597     10322  +5.0400390625  -1.553e-04
 13440  +5.0423833693     10327  +5.0424804688  +9.710e-05
 13441  +5.0445714290     10331  +5.0444335938  -1.378e-04
 13442  +5.0467585400     10336  +5.0468750000  +1.165e-04
 13443  +5.0489447037     10340  +5.0488281250  -1.166e-04
 13444  +5.0511299211     10345  +5.0512695312  +1.396e-04
 13445  +5.0533141936     10349  +5.0532226562  -9.154e-05
 13446  +5.0554975224     10354  +5.0556640625  +1.665e-04
 13447  +5.0576799087     10358  +5.0576171875  -6.272e-05
 13448  +5.0598613536     10363  +5.0600585938  +1.972e-04
 13449  +5.0620418585     10367  +5.0620117188  -3.014e-05
 13450  +5.0642214245     10372  +5.0644531250  +2.317e-04
 13451  +5.0664000529     10376  +5.0664062500  +6.197e-06
 13452  +5.0685777448     10380  +5.0683593750  -2.184e-04
 13453  +5.0707545015     10385  +5.0708007812  +4.628e-05
 13454  +5.0729303242     10389  +5.0727539062  -1.764e-04
 13455  +5.0751052141     10394  +5.0751953125  +9.010e-05
 13456  +5.0772791723     10398  +5.0771484375  -1.307e-04
 13457  +5.0794522001     10403  +5.0795898438  +1.376e-04
 13458  +5.0816242986     10407  +5.0815429688  -8.133e-05
 13459  +5.0837954691     10412  +5.0839843750  +1.889e-04
 13460  +5.0859657127     10416  +5.0859375000  -2.821e-05
 13461  +5.0881350307     10421  +5.0883789062  +2.439e-04
 13462  +5.0903034241     10425  +5.0903320312  +2.861e-05
 13463  +5.0924708943     10429  +5.0922851562  -1.857e-04
 13464  +5.0946374423     10434  +5.0947265625  +8.912e-05
 13465  +5.0968030694     10438  +5.0966796875  -1.234e-04
 13466  +5.0989677766     10443  +5.0991210938  +1.533e-04
 13467  +5.1011315653     10447  +5.1010742188  -5.735e-05
 13468  +5.1032944366     10452  +5.1035156250  +2.212e-04
 13469  +5.1054563915     10456  +5.1054687500  +1.236e-05
 13470  +5.1076174313     10460  +5.1074218750  -1.956e-04
 13471  +5.1097775572     10465  +5.1098632812  +8.572e-05
 13472  +5.1119367703     10469  +5.1118164062  -1.204e-04
 13473  +5.1140950718     10474  +5.1142578125  +1.627e-04
 13474  +5.1162524628     10478  +5.1162109375  -4.153e-05
 13475  +5.1184089444     10483  +5.1186523438  +2.434e-04
 13476  +5.1205645178     10487  +5.1206054688  +4.095e-05
 13477  +5.1227191843     10491  +5.1225585938  -1.606e-04
 13478  +5.1248729448     10496  +5.1250000000  +1.271e-04
 13479  +5.1270258006     10500  +5.1269531250  -7.268e-05
 13480  +5.1291777527     10505  +5.1293945312  +2.168e-04
 13481  +5.1313288024     10509  +5.1313476562  +1.885e-05
 13482  +5.1334789508     10513  +5.1333007812  -1.782e-04
 13483  +5.1356281989     10518  +5.1357421875  +1.140e-04
 13484  +5.1377765480     10522  +5.1376953125  -8.124e-05
 13485  +5.1399239991     10527  +5.1401367188  +2.127e-04
 13486  +5.1420705533     10531  +5.1420898438  +1.929e-05
 13487  +5.1442162119     10535  +5.1440429688  -1.732e-04
 13488  +5.1463609759     10540  +5.1464843750  +1.234e-04
 13489  +5.1485048464     10544  +5.1484375000  -6.735e-05
 13490  +5.1506478246     10549  +5.1508789062  +2.311e-04
 13491  +5.1527899116     10553  +5.1528320312  +4.212e-05
 13492  +5.1549311084     10557  +5.1547851562  -1.460e-04
 13493  +5.1570714162     10562  +5.1572265625  +1.551e-04
 13494  +5.1592108361     10566  +5.1591796875  -3.115e-05
 13495  +5.1613493691     10570  +5.1611328125  -2.166e-04
 13496  +5.1634870165     10575  +5.1635742188  +8.720e-05
 13497  +5.1656237793     10579  +5.1655273438  -9.644e-05
 13498  +5.1677596585     10584  +5.1679687500  +2.091e-04
 13499  +5.1698946554     10588  +5.1699218750  +2.722e-05
 13500  +5.1720287709     10592  +5.1718750000  -1.538e-04
 13501  +5.1741620062     10597  +5.1743164062  +1.544e-04
 13502  +5.1762943624     10601  +5.1762695312  -2.483e-05
 13503  +5.1784258405     10605  +5.1782226562  -2.032e-04
 13504  +5.1805564416     10610  +5.1806640625  +1.076e-04
 13505  +5.1826861669     10614  +5.1826171875  -6.898e-05
 13506  +5.1848150173     10619  +5.1850585938  +2.436e-04
 13507  +5.1869429940     10623  +5.1870117188  +6.872e-05
 13508  +5.1890700981     10627  +5.1889648438  -1.053e-04
 13509  +5.1911963305     10632  +5.1914062500  +2.099e-04
 13510  +5.1933216925     10636  +5.1933593750  +3.768e-05
 13511  +5.1954461850     10640  +5.1953125000  -1.337e-04
 13512  +5.1975698091     10645  +5.1977539062  +1.841e-04
 13513  +5.1996925659     10649  +5.1997070312  +1.447e-05
 13514  +5.2018144564     10653  +5.2016601562  -1.543e-04
 13515  +5.2039354818     10658  +5.2041015625  +1.661e-04
 13516  +5.2060556430     10662  +5.2060546875  -9.555e-07
 13517  +5.2081749411     10666  +5.2080078125  -1.671e-04
 13518  +5.2102933772     10671  +5.2104492188  +1.558e-04
 13519  +5.2124109523     10675  +5.2124023438  -8.609e-06
 13520  +5.2145276675     10679  +5.2143554688  -1.722e-04
 13521  +5.2166435239     10684  +5.2167968750  +1.534e-04
 13522  +5.2187585223     10688  +5.2187500000  -8.522e-06
 13523  +5.2208726640     10692  +5.2207031250  -1.695e-04
 13524  +5.2229859499     10697  +5.2231445312  +1.586e-04
 13525  +5.2250983811     10701  +5.2250976562  -7.249e-07
 13526  +5.2272099587     10705  +5.2270507812  -1.592e-04
 13527  +5.2293206836     10710  +5.2294921875  +1.715e-04
 13528  +5.2314305568     10714  +5.2314453125  +1.476e-05
 13529  +5.2335395795     10718  +5.2333984375  -1.411e-04
 13530  +5.2356477526     10723  +5.2358398438  +1.921e-04
 13531  +5.2377550772     10727  +5.2377929688  +3.789e-05
 13532  +5.2398615543     10731  +5.2397460938  -1.155e-04
 13533  +5.2419671849     10736  +5.2421875000  +2.203e-04
 13534  +5.2440719701     10740  +5.2441406250  +6.865e-05
 13535  +5.2461759108     10744  +5.2460937500  -8.216e-05
 13536  +5.2482790080     10748  +5.2480468750  -2.321e-04
 13537  +5.2503812629     10753  +5.2504882812  +1.070e-04
 13538  +5.2524826763     10757  +5.2524414062  -4.127e-05
 13539  +5.2545832494     10761  +5.2543945312  -1.887e-04
 13540  +5.2566829830     10766  +5.2568359375  +1.530e-04
 13541  +5.2587818783     10770  +5.2587890625  +7.184e-06
 13542  +5.2608799362     10774  +5.2607421875  -1.377e-04
 13543  +5.2629771577     10779  +5.2631835938  +2.064e-04
 13544  +5.2650735438     10783  +5.2651367188  +6.317e-05
 13545  +5.2671690955     10787  +5.2670898438  -7.925e-05
 13546  +5.2692638139     10791  +5.2690429688  -2.208e-04
 13547  +5.2713576998     10796  +5.2714843750  +1.267e-04
 13548  +5.2734507544     10800  +5.2734375000  -1.325e-05
 13549  +5.2755429785     10804  +5.2753906250  -1.524e-04
 13550  +5.2776343733     10809  +5.2778320312  +1.977e-04
 13551  +5.2797249396     10813  +5.2797851562  +6.022e-05
 13552  +5.2818146784     10817  +5.2817382812  -7.640e-05
 13553  +5.2839035907     10821  +5.2836914062  -2.122e-04
 13554  +5.2859916776     10826  +5.2861328125  +1.411e-04
 13555  +5.2880789399     10830  +5.2880859375  +6.998e-06
 13556  +5.2901653787     10834  +5.2900390625  -1.263e-04
 13557  +5.2922509950     10839  +5.2924804688  +2.295e-04
 13558  +5.2943357896     10843  +5.2944335938  +9.780e-05
 13559  +5.2964197636     10847  +5.2963867188  -3.304e-05
 13560  +5.2985029180     10851  +5.2983398438  -1.631e-04
 13561  +5.3005852537     10856  +5.3007812500  +1.960e-04
 13562  +5.3026667716     10860  +5.3027343750  +6.760e-05
 13563  +5.3047474728     10864  +5.3046875000  -5.997e-05
 13564  +5.3068273582     10868  +5.3066406250  -1.867e-04
 13565  +5.3089064287     10873  +5.3090820312  +1.756e-04
 13566  +5.3109846854     10877  +5.3110351562  +5.047e-05
 13567  +5.3130621291     10881  +5.3129882812  -7.385e-05
 13568  +5.3151387609     10885  +5.3149414062  -1.974e-04
 13569  +5.3172145816     10890  +5.3173828125  +1.682e-04
 13570  +5.3192895922     10894  +5.3193359375  +4.635e-05
 13571  +5.3213637938     10898  +5.3212890625  -7.473e-05
 13572  +5.3234371871     10902  +5.3232421875  -1.950e-04
 13573  +5.3255097732     10907  +5.3256835938  +1.738e-04
 13574  +5.3275815530     10911  +5.3276367188  +5.517e-05
 13575  +5.3296525274     10915  +5.3295898438  -6.268e-05
 13576  +5.3317226975     10919  +5.3315429688  -1.797e-04
 13577  +5.3337920640     10924  +5.3339843750  +1.923e-04
 13578  +5.3358606280     10928  +5.3359375000  +7.687e-05
 13579  +5.3379283904     10932  +5.3378906250  -3.777e-05
 13580  +5.3399953521     10936  +5.3398437500  -1.516e-04
 13581  +5.3420615140     10941  +5.3422851562  +2.236e-04
 13582  +5.3441268772     10945  +5.3442382812  +1.114e-04
 13583  +5.3461914424     10949  +5.3461914062  -3.612e-08
 13584  +5.3482552106     10953  +5.3481445312  -1.107e-04
 13585  +5.3503181828     10957  +5.3500976562  -2.205e-04
 13586  +5.3523803599     10962  +5.3525390625  +1.587e-04
 13587  +5.3544417427     10966  +5.3544921875  +5.044e-05
 13588  +5.3565023323     10970  +5.3564453125  -5.702e-05
 13589  +5.3585621294     10974  +5.3583984375  -1.637e-04
 13590  +5.3606211351     10979  +5.3608398438  +2.187e-04
 13591  +5.3626793503     10983  +5.3627929688  +1.136e-04
 13592  +5.3647367758     10987  +5.3647460938  +9.318e-06
 13593  +5.3667934125     10991  +5.3666992188  -9.419e-05
 13594  +5.3688492614     10995  +5.3686523438  -1.969e-04
 13595  +5.3709043234     11000  +5.3710937500  +1.894e-04
 13596  +5.3729585994     11004  +5.3730468750  +8.828e-05
 13597  +5.3750120902     11008  +5.3750000000  -1.209e-05
 13598  +5.3770647969     11012  +5.3769531250  -1.117e-04
 13599  +5.3791167202     11016  +5.3789062500  -2.105e-04
 13600  +5.3811678610     11021  +5.3813476562  +1.798e-04
 13601  +5.3832182204     11025  +5.3833007812  +8.256e-05
 13602  +5.3852677990     11029  +5.3852539062  -1.389e-05
 13603  +5.3873165980     11033  +5.3872070312  -1.096e-04
 13604  +5.3893646180     11037  +5.3891601562  -2.045e-04
 13605  +5.3914118601     11042  +5.3916015625  +1.897e-04
 13606  +5.3934583251     11046  +5.3935546875  +9.636e-05
 13607  +5.3955040139     11050  +5.3955078125  +3.799e-06
 13608  +5.3975489274     11054  +5.3974609375  -8.799e-05
 13609  +5.3995930664     11058  +5.3994140625  -1.790e-04
 13610  +5.4016364319     11063  +5.4018554688  +2.190e-04
 13611  +5.4036790247     11067  +5.4038085938  +1.296e-04
 13612  +5.4057208457     11071  +5.4057617188  +4.087e-05
 13613  +5.4077618957     11075  +5.4077148438  -4.705e-05
 13614  +5.4098021757     11079  +5.4096679688  -1.342e-04
 13615  +5.4118416865     11083  +5.4116210938  -2.206e-04
 13616  +5.4138804290     11088  +5.4140625000  +1.821e-04
 13617  +5.4159184040     11092  +5.4160156250  +9.722e-05
 13618  +5.4179556124     11096  +5.4179687500  +1.314e-05
 13619  +5.4199920551     11100  +5.4199218750  -7.018e-05
 13620  +5.4220277329     11104  +5.4218750000  -1.527e-04
 13621  +5.4240626468     11108  +5.4238281250  -2.345e-04
 13622  +5.4260967975     11113  +5.4262695312  +1.727e-04
 13623  +5.4281301859     11117  +5.4282226562  +9.247e-05
 13624  +5.4301628129     11121  +5.4301757812  +1.297e-05
 13625  +5.4321946793     11125  +5.4321289062  -6.577e-05
 13626  +5.4342257860     11129  +5.4340820312  -1.438e-04
 13627  +5.4362561338     11133  +5.4360351562  -2.210e-04
 13628  +5.4382857236     11138  +5.4384765625  +1.908e-04
 13629  +5.4403145563     11142  +5.4404296875  +1.151e-04
 13630  +5.4423426326     11146  +5.4423828125  +4.018e-05
 13631  +5.4443699535     11150  +5.4443359375  -3.402e-05
 13632  +5.4463965197     11154  +5.4462890625  -1.075e-04
 13633  +5.4484223321     11158  +5.4482421875  -1.801e-04
 13634  +5.4504473916     11163  +5.4506835938  +2.362e-04
 13635  +5.4524716990     11167  +5.4526367188  +1.650e-04
 13636  +5.4544952550     11171  +5.4545898438  +9.459e-05
 13637  +5.4565180607     11175  +5.4565429688  +2.491e-05
 13638  +5.4585401168     11179  +5.4584960938  -4.402e-05
 13639  +5.4605614240     11183  +5.4604492188  -1.122e-04
 13640  +5.4625819834     11187  +5.4624023438  -1.796e-04
 13641  +5.4646017956     11192  +5.4648437500  +2.420e-04
 13642  +5.4666208615     11196  +5.4667968750  +1.760e-04
 13643  +5.4686391820     11200  +5.4687500000  +1.108e-04
 13644  +5.4706567579     11204  +5.4707031250  +4.637e-05
 13645  +5.4726735899     11208  +5.4726562500  -1.734e-05
 13646  +5.4746896790     11212  +5.4746093750  -8.030e-05
 13647  +5.4767050259     11216  +5.4765625000  -1.425e-04
 13648  +5.4787196315     11220  +5.4785156250  -2.040e-04
 13649  +5.4807334965     11225  +5.4809570312  +2.235e-04
 13650  +5.4827466218     11229  +5.4829101562  +1.635e-04
 13651  +5.4847590082     11233  +5.4848632812  +1.043e-04
 13652  +5.4867706566     11237  +5.4868164062  +4.575e-05
 13653  +5.4887815676     11241  +5.4887695312  -1.204e-05
 13654  +5.4907917423     11245  +5.4907226562  -6.909e-05
 13655  +5.4928011812     11249  +5.4926757812  -1.254e-04
 13656  +5.4948098853     11253  +5.4946289062  -1.810e-04
 13657  +5.4968178554     11257  +5.4965820312  -2.358e-04
 13658  +5.4988250922     11262  +5.4990234375  +1.983e-04
 13659  +5.5008315966     11266  +5.5009765625  +1.450e-04
 13660  +5.5028373693     11270  +5.5029296875  +9.232e-05
 13661  +5.5048424112     11274  +5.5048828125  +4.040e-05
 13662  +5.5068467231     11278  +5.5068359375  -1.079e-05
 13663  +5.5088503058     11282  +5.5087890625  -6.124e-05
 13664  +5.5108531600     11286  +5.5107421875  -1.110e-04
 13665  +5.5128552865     11290  +5.5126953125  -1.600e-04
 13666  +5.5148566862     11294  +5.5146484375  -2.082e-04
 13667  +5.5168573599     11299  +5.5170898438  +2.325e-04
 13668  +5.5188573082     11303  +5.5190429688  +1.857e-04
 13669  +5.5208565321     11307  +5.5209960938  +1.396e-04
 13670  +5.5228550323     11311  +5.5229492188  +9.419e-05
 13671  +5.5248528095     11315  +5.5249023438  +4.953e-05
 13672  +5.5268498646     11319  +5.5268554688  +5.604e-06
 13673  +5.5288461984     11323  +5.5288085938  -3.760e-05
 13674  +5.5308418116     11327  +5.5307617188  -8.009e-05
 13675  +5.5328367050     11331  +5.5327148438  -1.219e-04
 13676  +5.5348308794     11335  +5.5346679688  -1.629e-04
 13677  +5.5368243356     11339  +5.5366210938  -2.032e-04
 13678  +5.5388170743     11343  +5.5385742188  -2.429e-04
 13679  +5.5408090963     11348  +5.5410156250  +2.065e-04
 13680  +5.5428004025     11352  +5.5429687500  +1.683e-04
 13681  +5.5447909934     11356  +5.5449218750  +1.309e-04
 13682  +5.5467808700     11360  +5.5468750000  +9.413e-05
 13683  +5.5487700331     11364  +5.5488281250  +5.809e-05
 13684  +5.5507584832     11368  +5.5507812500  +2.277e-05
 13685  +5.5527462213     11372  +5.5527343750  -1.185e-05
 13686  +5.5547332481     11376  +5.5546875000  -4.575e-05
 13687  +5.5567195644     11380  +5.5566406250  -7.894e-05
 13688  +5.5587051709     11384  +5.5585937500  -1.114e-04
 13689  +5.5606900683     11388  +5.5605468750  -1.432e-04
 13690  +5.5626742575     11392  +5.5625000000  -1.743e-04
 13691  +5.5646577393     11396  +5.5644531250  -2.046e-04
 13692  +5.5666405142     11400  +5.5664062500  -2.343e-04
 13693  +5.5686225832     11405  +5.5688476562  +2.251e-04
 13694  +5.5706039469     11409  +5.5708007812  +1.968e-04
 13695  +5.5725846061     11413  +5.5727539062  +1.693e-04
 13696  +5.5745645617     11417  +5.5747070312  +1.425e-04
 13697  +5.5765438142     11421  +5.5766601562  +1.163e-04
 13698  +5.5785223645     11425  +5.5786132812  +9.092e-05
 13699  +5.5805002133     11429  +5.5805664062  +6.619e-05
 13700  +5.5824773613     11433  +5.5825195312  +4.217e-05
 13701  +5.5844538094     11437  +5.5844726562  +1.885e-05
 13702  +5.5864295582     11441  +5.5864257812  -3.777e-06
 13703  +5.5884046085     11445  +5.5883789062  -2.570e-05
 13704  +5.5903789610     11449  +5.5903320312  -4.693e-05
 13705  +5.5923526165     11453  +5.5922851562  -6.746e-05
 13706  +5.5943255756     11457  +5.5942382812  -8.729e-05
 13707  +5.5962978393     11461  +5.5961914062  -1.064e-04
 13708  +5.5982694080     11465  +5.5981445312  -1.249e-04
 13709  +5.6002402827     11469  +5.6000976562  -1.426e-04
 13710  +5.6022104641     11473  +5.6020507812  -1.597e-04
 13711  +5.6041799528     11477  +5.6040039062  -1.760e-04
 13712  +5.6061487496     11481  +5.6059570312  -1.917e-04
 13713  +5.6081168552     11485  +5.6079101562  -2.067e-04
 13714  +5.6100842704     11489  +5.6098632812  -2.210e-04
 13715  +5.6120509959     11493  +5.6118164062  -2.346e-04
 13716  +5.6140170324     11498  +5.6142578125  +2.408e-04
 13717  +5.6159823806     11502  +5.6162109375  +2.286e-04
 13718  +5.6179470413     11506  +5.6181640625  +2.170e-04
 13719  +5.6199110152     11510  +5.6201171875  +2.062e-04
 13720  +5.6218743029     11514  +5.6220703125  +1.960e-04
 13721  +5.6238369053     11518  +5.6240234375  +1.865e-04
 13722  +5.6257988230     11522  +5.6259765625  +1.777e-04
 13723  +5.6277600567     11526  +5.6279296875  +1.696e-04
 13724  +5.6297206072     11530  +5.6298828125  +1.622e-04
 13725  +5.6316804752     11534  +5.6318359375  +1.555e-04
 13726  +5.6336396614     11538  +5.6337890625  +1.494e-04
 13727  +5.6355981665     11542  +5.6357421875  +1.440e-04
 13728  +5.6375559911     11546  +5.6376953125  +1.393e-04
 13729  +5.6395131361     11550  +5.6396484375  +1.353e-04
 13730  +5.6414696022     11554  +5.6416015625  +1.320e-04
 13731  +5.6434253899     11558  +5.6435546875  +1.293e-04
 13732  +5.6453805001     11562  +5.6455078125  +1.273e-04
 13733  +5.6473349334     11566  +5.6474609375  +1.260e-04
 13734  +5.6492886906     11570  +5.6494140625  +1.254e-04
 13735  +5.6512417723     11574  +5.6513671875  +1.254e-04
 13736  +5.6531941793     11578  +5.6533203125  +1.261e-04
 13737  +5.6551459122     11582  +5.6552734375  +1.275e-04
 13738  +5.6570969717     11586  +5.6572265625  +1.296e-04
 13739  +5.6590473586     11590  +5.6591796875  +1.323e-04
 13740  +5.6609970735     11594  +5.6611328125  +1.357e-04
 13741  +5.6629461171     11598  +5.6630859375  +1.398e-04
 13742  +5.6648944902     11602  +5.6650390625  +1.446e-04
 13743  +5.6668421934     11606  +5.6669921875  +1.500e-04
 13744  +5.6687892273     11610  +5.6689453125  +1.561e-04
 13745  +5.6707355928     11614  +5.6708984375  +1.628e-04
 13746  +5.6726812904     11618  +5.6728515625  +1.703e-04
 13747  +5.6746263209     11622  +5.6748046875  +1.784e-04
 13748  +5.6765706850     11626  +5.6767578125  +1.871e-04
 13749  +5.6785143833     11630  +5.6787109375  +1.966e-04
 13750  +5.6804574165     11634  +5.6806640625  +2.066e-04
 13751  +5.6823997853     11638  +5.6826171875  +2.174e-04
 13752  +5.6843414904     11642  +5.6845703125  +2.288e-04
 13753  +5.6862825324     11646  +5.6865234375  +2.409e-04
 13754  +5.6882229121     11649  +5.6879882812  -2.346e-04
 13755  +5.6901626301     11653  +5.6899414062  -2.212e-04
 13756  +5.6921016871     11657  +5.6918945312  -2.072e-04
 13757  +5.6940400838     11661  +5.6938476562  -1.924e-04
 13758  +5.6959778208     11665  +5.6958007812  -1.770e-04
 13759  +5.6979148989     11669  +5.6977539062  -1.610e-04
 13760  +5.6998513186     11673  +5.6997070312  -1.443e-04
 13761  +5.7017870807     11677  +5.7016601562  -1.269e-04
 13762  +5.7037221858     11681  +5.7036132812  -1.089e-04
 13763  +5.7056566347     11685  +5.7055664062  -9.023e-05
 13764  +5.7075904278     11689  +5.7075195312  -7.090e-05
 13765  +5.7095235661     11693  +5.7094726562  -5.091e-05
 13766  +5.7114560500     11697  +5.7114257812  -3.027e-05
 13767  +5.7133878803     11701  +5.7133789062  -8.974e-06
 13768  +5.7153190576     11705  +5.7153320312  +1.297e-05
 13769  +5.7172495825     11709  +5.7172851562  +3.557e-05
 13770  +5.7191794559     11713  +5.7192382812  +5.883e-05
 13771  +5.7211086782     11717  +5.7211914062  +8.273e-05
 13772  +5.7230372502     11721  +5.7231445312  +1.073e-04
 13773  +5.7249651725     11725  +5.7250976562  +1.325e-04
 13774  +5.7268924458     11729  +5.7270507812  +1.583e-04
 13775  +5.7288190708     11733  +5.7290039062  +1.848e-04
 13776  +5.7307450480     11737  +5.7309570312  +2.120e-04
 13777  +5.7326703781     11741  +5.7329101562  +2.398e-04
 13778  +5.7345950619     11744  +5.7343750000  -2.201e-04
 13779  +5.7365190999     11748  +5.7363281250  -1.910e-04
 13780  +5.7384424928     11752  +5.7382812500  -1.612e-04
 13781  +5.7403652412     11756  +5.7402343750  -1.309e-04
 13782  +5.7422873458     11760  +5.7421875000  -9.985e-05
 13783  +5.7442088072     11764  +5.7441406250  -6.818e-05
 13784  +5.7461296261     11768  +5.7460937500  -3.588e-05
 13785  +5.7480498032     11772  +5.7480468750  -2.928e-06
 13786  +5.7499693390     11776  +5.7500000000  +3.066e-05
 13787  +5.7518882342     11780  +5.7519531250  +6.489e-05
 13788  +5.7538064894     11784  +5.7539062500  +9.976e-05
 13789  +5.7557241054     11788  +5.7558593750  +1.353e-04
 13790  +5.7576410827     11792  +5.7578125000  +1.714e-04
 13791  +5.7595574219     11796  +5.7597656250  +2.082e-04
 13792  +5.7614731237     11799  +5.7612304688  -2.427e-04
 13793  +5.7633881888     11803  +5.7631835938  -2.046e-04
 13794  +5.7653026178     11807  +5.7651367188  -1.659e-04
 13795  +5.7672164112     11811  +5.7670898438  -1.266e-04
 13796  +5.7691295698     11815  +5.7690429688  -8.660e-05
 13797  +5.7710420942     11819  +5.7709960938  -4.600e-05
 13798  +5.7729539849     11823  +5.7729492188  -4.766e-06
 13799  +5.7748652427     11827  +5.7749023438  +3.710e-05
 13800  +5.7767758682     11831  +5.7768554688  +7.960e-05
 13801  +5.7786858619     11835  +5.7788085938  +1.227e-04
 13802  +5.7805952245     11839  +5.7807617188  +1.665e-04
 13803  +5.7825039567     11843  +5.7827148438  +2.109e-04
 13804  +5.7844120590     11846  +5.7841796875  -2.324e-04
 13805  +5.7863195321     11850  +5.7861328125  -1.867e-04
 13806  +5.7882263767     11854  +5.7880859375  -1.404e-04
 13807  +5.7901325932     11858  +5.7900390625  -9.353e-05
 13808  +5.7920381824     11862  +5.7919921875  -4.599e-05
 13809  +5.7939431448     11866  +5.7939453125  +2.168e-06
 13810  +5.7958474812     11870  +5.7958984375  +5.096e-05
 13811  +5.7977511920     11874  +5.7978515625  +1.004e-04
 13812  +5.7996542780     11878  +5.7998046875  +1.504e-04
 13813  +5.8015567396     11882  +5.8017578125  +2.011e-04
 13814  +5.8034585777     11885  +5.8032226562  -2.359e-04
 13815  +5.8053597926     11889  +5.8051757812  -1.840e-04
 13816  +5.8072603852     11893  +5.8071289062  -1.315e-04
 13817  +5.8091603559     11897  +5.8090820312  -7.832e-05
 13818  +5.8110597055     11901  +5.8110351562  -2.455e-05
 13819  +5.8129584344     11905  +5.8129882812  +2.985e-05
 13820  +5.8148565433     11909  +5.8149414062  +8.486e-05
 13821  +5.8167540328     11913  +5.8168945312  +1.405e-04
 13822  +5.8186509036     11917  +5.8188476562  +1.968e-04
 13823  +5.8205471562     11920  +5.8203125000  -2.347e-04
 13824  +5.8224427912     11924  +5.8222656250  -1.772e-04
 13825  +5.8243378092     11928  +5.8242187500  -1.191e-04
 13826  +5.8262322109     11932  +5.8261718750  -6.034e-05
 13827  +5.8281259968     11936  +5.8281250000  -9.968e-07
 13828  +5.8300191676     11940  +5.8300781250  +5.896e-05
 13829  +5.8319117238     11944  +5.8320312500  +1.195e-04
 13830  +5.8338036660     11948  +5.8339843750  +1.807e-04
 13831  +5.8356949948     11952  +5.8359375000  +2.425e-04
 13832  +5.8375857109     11955  +5.8374023438  -1.834e-04
 13833  +5.8394758148     11959  +5.8393554688  -1.203e-04
 13834  +5.8413653071     11963  +5.8413085938  -5.671e-05
 13835  +5.8432541884     11967  +5.8432617188  +7.530e-06
 13836  +5.8451424593     11971  +5.8452148438  +7.238e-05
 13837  +5.8470301204     11975  +5.8471679688  +1.378e-04
 13838  +5.8489171723     11979  +5.8491210938  +2.039e-04
 13839  +5.8508036156     11982  +5.8505859375  -2.177e-04
 13840  +5.8526894508     11986  +5.8525390625  -1.504e-04
 13841  +5.8545746786     11990  +5.8544921875  -8.249e-05
 13842  +5.8564592995     11994  +5.8564453125  -1.399e-05
 13843  +5.8583433141     11998  +5.8583984375  +5.512e-05
 13844  +5.8602267230     12002  +5.8603515625  +1.248e-04
 13845  +5.8621095268     12006  +5.8623046875  +1.952e-04
 13846  +5.8639917261     12009  +5.8637695312  -2.222e-04
 13847  +5.8658733214     12013  +5.8657226562  -1.507e-04
 13848  +5.8677543134     12017  +5.8676757812  -7.853e-05
 13849  +5.8696347026     12021  +5.8696289062  -5.796e-06
 13850  +5.8715144896     12025  +5.8715820312  +6.754e-05
 13851  +5.8733936749     12029  +5.8735351562  +1.415e-04
 13852  +5.8752722593     12033  +5.8754882812  +2.160e-04
 13853  +5.8771502431     12036  +5.8769531250  -1.971e-04
 13854  +5.8790276270     12040  +5.8789062500  -1.214e-04
 13855  +5.8809044116     12044  +5.8808593750  -4.504e-05
 13856  +5.8827805975     12048  +5.8828125000  +3.190e-05
 13857  +5.8846561851     12052  +5.8847656250  +1.094e-04
 13858  +5.8865311752     12056  +5.8867187500  +1.876e-04
 13859  +5.8884055683     12059  +5.8881835938  -2.220e-04
 13860  +5.8902793648     12063  +5.8901367188  -1.426e-04
 13861  +5.8921525655     12067  +5.8920898438  -6.272e-05
 13862  +5.8940251708     12071  +5.8940429688  +1.780e-05
 13863  +5.8958971814     12075  +5.8959960938  +9.891e-05
 13864  +5.8977685978     12079  +5.8979492188  +1.806e-04
 13865  +5.8996394206     12082  +5.8994140625  -2.254e-04
 13866  +5.9015096503     12086  +5.9013671875  -1.425e-04
 13867  +5.9033792875     12090  +5.9033203125  -5.897e-05
 13868  +5.9052483327     12094  +5.9052734375  +2.510e-05
 13869  +5.9071167866     12098  +5.9072265625  +1.098e-04
 13870  +5.9089846496     12102  +5.9091796875  +1.950e-04
 13871  +5.9108519225     12105  +5.9106445312  -2.074e-04
 13872  +5.9127186056     12109  +5.9125976562  -1.209e-04
 13873  +5.9145846995     12113  +5.9145507812  -3.392e-05
 13874  +5.9164502049     12117  +5.9165039062  +5.370e-05
 13875  +5.9183151223     12121  +5.9184570312  +1.419e-04
 13876  +5.9201794522     12125  +5.9204101562  +2.307e-04
 13877  +5.9220431952     12128  +5.9218750000  -1.682e-04
 13878  +5.9239063518     12132  +5.9238281250  -7.823e-05
 13879  +5.9257689226     12136  +5.9257812500  +1.233e-05
 13880  +5.9276309082     12140  +5.9277343750  +1.035e-04
 13881  +5.9294923091     12144  +5.9296875000  +1.952e-04
 13882  +5.9313531258     12147  +5.9311523438  -2.008e-04
 13883  +5.9332133589     12151  +5.9331054688  -1.079e-04
 13884  +5.9350730089     12155  +5.9350585938  -1.442e-05
 13885  +5.9369320765     12159  +5.9370117188  +7.964e-05
 13886  +5.9387905621     12163  +5.9389648438  +1.743e-04
 13887  +5.9406484663     12166  +5.9404296875  -2.188e-04
 13888  +5.9425057896     12170  +5.9423828125  -1.230e-04
 13889  +5.9443625326     12174  +5.9443359375  -2.660e-05
 13890  +5.9462186958     12178  +5.9462890625  +7.037e-05
 13891  +5.9480742797     12182  +5.9482421875  +1.679e-04
 13892  +5.9499292850     12185  +5.9497070312  -2.223e-04
 13893  +5.9517837122     12189  +5.9516601562  -1.236e-04
 13894  +5.9536375617     12193  +5.9536132812  -2.428e-05
 13895  +5.9554908341     12197  +5.9555664062  +7.557e-05
 13896  +5.9573435300     12201  +5.9575195312  +1.760e-04
 13897  +5.9591956499     12204  +5.9589843750  -2.113e-04
 13898  +5.9610471944     12208  +5.9609375000  -1.097e-04
 13899  +5.9628981639     12212  +5.9628906250  -7.539e-06
 13900  +5.9647485590     12216  +5.9648437500  +9.519e-05
 13901  +5.9665983803     12220  +5.9667968750  +1.985e-04
 13902  +5.9684476282     12223  +5.9682617188  -1.859e-04
 13903  +5.9702963034     12227  +5.9702148438  -8.146e-05
 13904  +5.9721444063     12231  +5.9721679688  +2.356e-05
 13905  +5.9739919375     12235  +5.9741210938  +1.292e-04
 13906  +5.9758388975     12239  +5.9760742188  +2.353e-04
 13907  +5.9776852868     12242  +5.9775390625  -1.462e-04
 13908  +5.9795311060     12246  +5.9794921875  -3.892e-05
 13909  +5.9813763556     12250  +5.9814453125  +6.896e-05
 13910  +5.9832210361     12254  +5.9833984375  +1.774e-04
 13911  +5.9850651480     12257  +5.9848632812  -2.019e-04
 13912  +5.9869086919     12261  +5.9868164062  -9.229e-05
 13913  +5.9887516683     12265  +5.9887695312  +1.786e-05
 13914  +5.9905940777     12269  +5.9907226562  +1.286e-04
 13915  +5.9924359207     12273  +5.9926757812  +2.399e-04
 13916  +5.9942771977     12276  +5.9941406250  -1.366e-04
 13917  +5.9961179093     12280  +5.9960937500  -2.416e-05
 13918  +5.9979580560     12284  +5.9980468750  +8.882e-05
 13919  +5.9997976383     12288  +6.0000000000  +2.024e-04
 13920  +6.0016366568     12291  +6.0014648438  -1.718e-04
 13921  +6.0034751119     12295  +6.0034179688  -5.714e-05
 13922  +6.0053130043     12299  +6.0053710938  +5.809e-05
 13923  +6.0071503343     12303  +6.0073242188  +1.739e-04
 13924  +6.0089871025     12306  +6.0087890625  -1.980e-04
 13925  +6.0108233094     12310  +6.0107421875  -8.112e-05
 13926  +6.0126589556     12314  +6.0126953125  +3.636e-05
 13927  +6.0144940416     12318  +6.0146484375  +1.544e-04
 13928  +6.0163285678     12321  +6.0161132812  -2.153e-04
 13929  +6.0181625348     12325  +6.0180664062  -9.613e-05
 13930  +6.0199959431     12329  +6.0200195312  +2.359e-05
 13931  +6.0218287931     12333  +6.0219726562  +1.439e-04
 13932  +6.0236610855     12336  +6.0234375000  -2.236e-04
 13933  +6.0254928207     12340  +6.0253906250  -1.022e-04
 13934  +6.0273239993     12344  +6.0273437500  +1.975e-05
 13935  +6.0291546216     12348  +6.0292968750  +1.423e-04
 13936  +6.0309846883     12351  +6.0307617188  -2.230e-04
 13937  +6.0328141999     12355  +6.0327148438  -9.936e-05
 13938  +6.0346431568     12359  +6.0346679688  +2.481e-05
 13939  +6.0364715595     12363  +6.0366210938  +1.495e-04
 13940  +6.0382994087     12366  +6.0380859375  -2.135e-04
 13941  +6.0401267046     12370  +6.0400390625  -8.764e-05
 13942  +6.0419534480     12374  +6.0419921875  +3.874e-05
 13943  +6.0437796392     12378  +6.0439453125  +1.657e-04
 13944  +6.0456052787     12381  +6.0454101562  -1.951e-04
 13945  +6.0474303672     12385  +6.0473632812  -6.709e-05
 13946  +6.0492549050     12389  +6.0493164062  +6.150e-05
 13947  +6.0510788926     12393  +6.0512695312  +1.906e-04
 13948  +6.0529023306     12396  +6.0527343750  -1.680e-04
 13949  +6.0547252195     12400  +6.0546875000  -3.772e-05
 13950  +6.0565475597     12404  +6.0566406250  +9.307e-05
 13951  +6.0583693517     12408  +6.0585937500  +2.244e-04
 13952  +6.0601905961     12411  +6.0600585938  -1.320e-04
 13953  +6.0620112934     12415  +6.0620117188  +4.254e-07
 13954  +6.0638314439     12419  +6.0639648438  +1.334e-04
 13955  +6.0656510483     12422  +6.0654296875  -2.214e-04
 13956  +6.0674701070     12426  +6.0673828125  -8.729e-05
 13957  +6.0692886205     12430  +6.0693359375  +4.732e-05
 13958  +6.0711065892     12434  +6.0712890625  +1.825e-04
 13959  +6.0729240138     12437  +6.0727539062  -1.701e-04
 13960  +6.0747408946     12441  +6.0747070312  -3.386e-05
 13961  +6.0765572322     12445  +6.0766601562  +1.029e-04
 13962  +6.0783730270     12449  +6.0786132812  +2.403e-04
 13963  +6.0801882796     12452  +6.0800781250  -1.102e-04
 13964  +6.0820029903     12456  +6.0820312500  +2.826e-05
 13965  +6.0838171598     12460  +6.0839843750  +1.672e-04
 13966  +6.0856307884     12463  +6.0854492188  -1.816e-04
 13967  +6.0874438768     12467  +6.0874023438  -4.153e-05
 13968  +6.0892564252     12471  +6.0893554688  +9.904e-05
 13969  +6.0910684343     12475  +6.0913085938  +2.402e-04
 13970  +6.0928799045     12478  +6.0927734375  -1.065e-04
 13971  +6.0946908363     12482  +6.0947265625  +3.573e-05
 13972  +6.0965012302     12486  +6.0966796875  +1.785e-04
 13973  +6.0983110866     12489  +6.0981445312  -1.666e-04
 13974  +6.1001204061     12493  +6.1000976562  -2.275e-05
 13975  +6.1019291890     12497  +6.1020507812  +1.216e-04
 13976  +6.1037374360     12500  +6.1035156250  -2.218e-04
 13977  +6.1055451474     12504  +6.1054687500  -7.640e-05
 13978  +6.1073523237     12508  +6.1074218750  +6.955e-05
 13979  +6.1091589655     12512  +6.1093750000  +2.160e-04
 13980  +6.1109650731     12515  +6.1108398438  -1.252e-04
 13981  +6.1127706471     12519  +6.1127929688  +2.232e-05
 13982  +6.1145756880     12523  +6.1147460938  +1.704e-04
 13983  +6.1163801961     12526  +6.1162109375  -1.693e-04
 13984  +6.1181841720     12530  +6.1181640625  -2.011e-05
 13985  +6.1199876162     12534  +6.1201171875  +1.296e-04
 13986  +6.1217905290     12537  +6.1215820312  -2.085e-04
 13987  +6.1235929111     12541  +6.1235351562  -5.775e-05
 13988  +6.1253947628     12545  +6.1254882812  +9.352e-05
 13989  +6.1271960847     12548  +6.1269531250  -2.430e-04
 13990  +6.1289968771     12552  +6.1289062500  -9.063e-05
 13991  +6.1307971406     12556  +6.1308593750  +6.223e-05
 13992  +6.1325968756     12560  +6.1328125000  +2.156e-04
 13993  +6.1343960825     12563  +6.1342773438  -1.187e-04
 13994  +6.1361947620     12567  +6.1362304688  +3.571e-05
 13995  +6.1379929143     12571  +6.1381835938  +1.907e-04
 13996  +6.1397905400     12574  +6.1396484375  -1.421e-04
 13997  +6.1415876396     12578  +6.1416015625  +1.392e-05
 13998  +6.1433842135     12582  +6.1435546875  +1.705e-04
 13999  +6.1451802621     12585  +6.1450195312  -1.607e-04
 14000  +6.1469757860     12589  +6.1469726562  -3.130e-06
 14001  +6.1487707855     12593  +6.1489257812  +1.550e-04
 14002  +6.1505652612     12596  +6.1503906250  -1.746e-04
 14003  +6.1523592135     12600  +6.1523437500  -1.546e-05
 14004  +6.1541526428     12604  +6.1542968750  +1.442e-04
 14005  +6.1559455497     12607  +6.1557617188  -1.838e-04
 14006  +6.1577379345     12611  +6.1577148438  -2.309e-05
 14007  +6.1595297977     12615  +6.1596679688  +1.382e-04
 14008  +6.1613211399     12618  +6.1611328125  -1.883e-04
 14009  +6.1631119613     12622  +6.1630859375  -2.602e-05
 14010  +6.1649022626     12626  +6.1650390625  +1.368e-04
 14011  +6.1666920441     12629  +6.1665039062  -1.881e-04
 14012  +6.1684813063     12633  +6.1684570312  -2.428e-05
 14013  +6.1702700497     12637  +6.1704101562  +1.401e-04
 14014  +6.1720582746     12640  +6.1718750000  -1.833e-04
 14015  +6.1738459816     12644  +6.1738281250  -1.786e-05
 14016  +6.1756331711     12648  +6.1757812500  +1.481e-04
 14017  +6.1774198435     12651  +6.1772460938  -1.737e-04
 14018  +6.1792059994     12655  +6.1791992188  -6.781e-06
 14019  +6.1809916391     12659  +6.1811523438  +1.607e-04
 14020  +6.1827767630     12662  +6.1826171875  -1.596e-04
 14021  +6.1845613718     12666  +6.1845703125  +8.941e-06
 14022  +6.1863454657     12670  +6.1865234375  +1.780e-04
 14023  +6.1881290452     12673  +6.1879882812  -1.408e-04
 14024  +6.1899121108     12677  +6.1899414062  +2.930e-05
 14025  +6.1916946629     12681  +6.1918945312  +1.999e-04
 14026  +6.1934767020     12684  +6.1933593750  -1.173e-04
 14027  +6.1952582285     12688  +6.1953125000  +5.427e-05
 14028  +6.1970392428     12692  +6.1972656250  +2.264e-04
 14029  +6.1988197454     12695  +6.1987304688  -8.928e-05
 14030  +6.2005997368     12699  +6.2006835938  +8.386e-05
 14031  +6.2023792173     12702  +6.2021484375  -2.308e-04
 14032  +6.2041581874     12706  +6.2041015625  -5.662e-05
 14033  +6.2059366476     12710  +6.2060546875  +1.180e-04
 14034  +6.2077145982     12713  +6.2075195312  -1.951e-04
 14035  +6.2094920398     12717  +6.2094726562  -1.938e-05
 14036  +6.2112689728     12721  +6.2114257812  +1.568e-04
 14037  +6.2130453975     12724  +6.2128906250  -1.548e-04
 14038  +6.2148213145     12728  +6.2148437500  +2.244e-05
 14039  +6.2165967241     12732  +6.2167968750  +2.002e-04
 14040  +6.2183716269     12735  +6.2182617188  -1.099e-04
 14041  +6.2201460231     12739  +6.2202148438  +6.882e-05
 14042  +6.2219199134     12742  +6.2216796875  -2.402e-04
 14043  +6.2236932980     12746  +6.2236328125  -6.049e-05
 14044  +6.2254661775     12750  +6.2255859375  +1.198e-04
 14045  +6.2272385523     12753  +6.2270507812  -1.878e-04
 14046  +6.2290104227     12757  +6.2290039062  -6.516e-06
 14047  +6.2307817893     12761  +6.2309570312  +1.752e-04
 14048  +6.2325526524     12764  +6.2324218750  -1.308e-04
 14049  +6.2343230125     12768  +6.2343750000  +5.199e-05
 14050  +6.2360928701     12772  +6.2363281250  +2.353e-04
 14051  +6.2378622254     12775  +6.2377929688  -6.926e-05
 14052  +6.2396310791     12779  +6.2397460938  +1.150e-04
 14053  +6.2413994314     12782  +6.2412109375  -1.885e-04
 14054  +6.2431672828     12786  +6.2431640625  -3.220e-06
 14055  +6.2449346338     12790  +6.2451171875  +1.826e-04
 14056  +6.2467014848     12793  +6.2465820312  -1.195e-04
 14057  +6.2484678362     12797  +6.2485351562  +6.732e-05
 14058  +6.2502336884     12800  +6.2500000000  -2.337e-04
 14059  +6.2519990418     12804  +6.2519531250  -4.592e-05
 14060  +6.2537638969     12808  +6.2539062500  +1.424e-04
 14061  +6.2555282541     12811  +6.2553710938  -1.572e-04
 14062  +6.2572921138     12815  +6.2573242188  +3.210e-05
 14063  +6.2590554764     12819  +6.2592773438  +2.219e-04
 14064  +6.2608183423     12822  +6.2607421875  -7.615e-05
 14065  +6.2625807121     12826  +6.2626953125  +1.146e-04
 14066  +6.2643425860     12829  +6.2641601562  -1.824e-04
 14067  +6.2661039645     12833  +6.2661132812  +9.317e-06
 14068  +6.2678648480     12837  +6.2680664062  +2.016e-04
 14069  +6.2696252370     12840  +6.2695312500  -9.399e-05
 14070  +6.2713851319     12844  +6.2714843750  +9.924e-05
 14071  +6.2731445330     12847  +6.2729492188  -1.953e-04
 14072  +6.2749034408     12851  +6.2749023438  -1.097e-06
 14073  +6.2766618557     12855  +6.2768554688  +1.936e-04
 14074  +6.2784197781     12858  +6.2783203125  -9.947e-05
 14075  +6.2801772084     12862  +6.2802734375  +9.623e-05
 14076  +6.2819341471     12865  +6.2817382812  -1.959e-04
 14077  +6.2836905945     12869  +6.2836914062  +8.117e-07
 14078  +6.2854465512     12873  +6.2856445312  +1.980e-04
 14079  +6.2872020173     12876  +6.2871093750  -9.264e-05
 14080  +6.2889569935     12880  +6.2890625000  +1.055e-04
 14081  +6.2907114801     12883  +6.2905273438  -1.841e-04
 14082  +6.2924654775     12887  +6.2924804688  +1.499e-05
 14083  +6.2942189861     12891  +6.2944335938  +2.146e-04
 14084  +6.2959720063     12894  +6.2958984375  -7.357e-05
 14085  +6.2977245385     12898  +6.2978515625  +1.270e-04
 14086  +6.2994765832     12901  +6.2993164062  -1.602e-04
 14087  +6.3012281408     12905  +6.3012695312  +4.139e-05
 14088  +6.3029792116     12909  +6.3032226562  +2.434e-04
 14089  +6.3047297960     12912  +6.3046875000  -4.230e-05
 14090  +6.3064798946     12916  +6.3066406250  +1.607e-04
 14091  +6.3082295075     12919  +6.3081054688  -1.240e-04
 14092  +6.3099786354     12923  +6.3100585938  +7.996e-05
 14093  +6.3117272785     12926  +6.3115234375  -2.038e-04
 14094  +6.3134754374     12930  +6.3134765625  +1.125e-06
 14095  +6.3152231122     12934  +6.3154296875  +2.066e-04
 14096  +6.3169703036     12937  +6.3168945312  -7.577e-05
 14097  +6.3187170119     12941  +6.3188476562  +1.306e-04
 14098  +6.3204632374     12944  +6.3203125000  -1.507e-04
 14099  +6.3222089807     12948  +6.3222656250  +5.664e-05
 14100  +6.3239542420     12951  +6.3237304688  -2.238e-04
 14101  +6.3256990218     12955  +6.3256835938  -1.543e-05
 14102  +6.3274433204     12959  +6.3276367188  +1.934e-04
 14103  +6.3291871384     12962  +6.3291015625  -8.558e-05
 14104  +6.3309304760     12966  +6.3310546875  +1.242e-04
 14105  +6.3326733337     12969  +6.3325195312  -1.538e-04
 14106  +6.3344157119     12973  +6.3344726562  +5.694e-05
 14107  +6.3361576109     12976  +6.3359375000  -2.201e-04
 14108  +6.3378990312     12980  +6.3378906250  -8.406e-06
 14109  +6.3396399732     12984  +6.3398437500  +2.038e-04
 14110  +6.3413804371     12987  +6.3413085938  -7.184e-05
 14111  +6.3431204236     12991  +6.3432617188  +1.413e-04
 14112  +6.3448599328     12994  +6.3447265625  -1.334e-04
 14113  +6.3465989653     12998  +6.3466796875  +8.072e-05
 14114  +6.3483375215     13001  +6.3481445312  -1.930e-04
 14115  +6.3500756016     13005  +6.3500976562  +2.205e-05
 14116  +6.3518132061     13009  +6.3520507812  +2.376e-04
 14117  +6.3535503354     13012  +6.3535156250  -3.471e-05
 14118  +6.3552869899     13016  +6.3554687500  +1.818e-04
 14119  +6.3570231700     13019  +6.3569335938  -8.958e-05
 14120  +6.3587588760     13023  +6.3588867188  +1.278e-04
 14121  +6.3604941083     13026  +6.3603515625  -1.425e-04
 14122  +6.3622288674     13030  +6.3623046875  +7.582e-05
 14123  +6.3639631536     13033  +6.3637695312  -1.936e-04
 14124  +6.3656969674     13037  +6.3657226562  +2.569e-05
 14125  +6.3674303090     13040  +6.3671875000  -2.428e-04
 14126  +6.3691631789     13044  +6.3691406250  -2.255e-05
 14127  +6.3708955774     13048  +6.3710937500  +1.982e-04
 14128  +6.3726275050     13051  +6.3725585938  -6.891e-05
 14129  +6.3743589621     13055  +6.3745117188  +1.528e-04
 14130  +6.3760899489     13058  +6.3759765625  -1.134e-04
 14131  +6.3778204660     13062  +6.3779296875  +1.092e-04
 14132  +6.3795505136     13065  +6.3793945312  -1.560e-04
 14133  +6.3812800922     13069  +6.3813476562  +6.756e-05
 14134  +6.3830092021     13072  +6.3828125000  -1.967e-04
 14135  +6.3847378438     13076  +6.3847656250  +2.778e-05
 14136  +6.3864660176     13079  +6.3862304688  -2.355e-04
 14137  +6.3881937238     13083  +6.3881835938  -1.013e-05
 14138  +6.3899209629     13087  +6.3901367188  +2.158e-04
 14139  +6.3916477353     13090  +6.3916015625  -4.617e-05
 14140  +6.3933740412     13094  +6.3935546875  +1.806e-04
 14141  +6.3950998812     13097  +6.3950195312  -8.035e-05
 14142  +6.3968252555     13101  +6.3969726562  +1.474e-04
 14143  +6.3985501646     13104  +6.3984375000  -1.127e-04
 14144  +6.4002746088     13108  +6.4003906250  +1.160e-04
 14145  +6.4019985886     13111  +6.4018554688  -1.431e-04
 14146  +6.4037221042     13115  +6.4038085938  +8.649e-05
 14147  +6.4054451560     13118  +6.4052734375  -1.717e-04
 14148  +6.4071677445     13122  +6.4072265625  +5.882e-05
 14149  +6.4088898700     13125  +6.4086914062  -1.985e-04
 14150  +6.4106115329     13129  +6.4106445312  +3.300e-05
 14151  +6.4123327335     13132  +6.4121093750  -2.234e-04
 14152  +6.4140534722     13136  +6.4140625000  +9.028e-06
 14153  +6.4157737494     13140  +6.4160156250  +2.419e-04
 14154  +6.4174935655     13143  +6.4174804688  -1.310e-05
 14155  +6.4192129208     13147  +6.4194335938  +2.207e-04
 14156  +6.4209318157     13150  +6.4208984375  -3.338e-05
 14157  +6.4226502506     13154  +6.4228515625  +2.013e-04
 14158  +6.4243682258     13157  +6.4243164062  -5.182e-05
 14159  +6.4260857417     13161  +6.4262695312  +1.838e-04
 14160  +6.4278027987     13164  +6.4277343750  -6.842e-05
 14161  +6.4295193972     13168  +6.4296875000  +1.681e-04
 14162  +6.4312355374     13171  +6.4311523438  -8.319e-05
 14163  +6.4329512199     13175  +6.4331054688  +1.542e-04
 14164  +6.4346664449     13178  +6.4345703125  -9.613e-05
 14165  +6.4363812128     13182  +6.4365234375  +1.422e-04
 14166  +6.4380955240     13185  +6.4379882812  -1.072e-04
 14167  +6.4398093788     13189  +6.4399414062  +1.320e-04
 14168  +6.4415227776     13192  +6.4414062500  -1.165e-04
 14169  +6.4432357208     13196  +6.4433593750  +1.237e-04
 14170  +6.4449482087     13199  +6.4448242188  -1.240e-04
 14171  +6.4466602418     13203  +6.4467773438  +1.171e-04
 14172  +6.4483718202     13206  +6.4482421875  -1.296e-04
 14173  +6.4500829446     13210  +6.4501953125  +1.124e-04
 14174  +6.4517936150     13213  +6.4516601562  -1.335e-04
 14175  +6.4535038321     13217  +6.4536132812  +1.094e-04
 14176  +6.4552135960     13220  +6.4550781250  -1.355e-04
 14177  +6.4569229072     13224  +6.4570312500  +1.083e-04
 14178  +6.4586317660     13227  +6.4584960938  -1.357e-04
 14179  +6.4603401728     13231  +6.4604492188  +1.090e-04
 14180  +6.4620481279     13234  +6.4619140625  -1.341e-04
 14181  +6.4637556317     13238  +6.4638671875  +1.116e-04
 14182  +6.4654626846     13241  +6.4653320312  -1.307e-04
 14183  +6.4671692869     13245  +6.4672851562  +1.159e-04
 14184  +6.4688754390     13248  +6.4687500000  -1.254e-04
 14185  +6.4705811412     13252  +6.4707031250  +1.220e-04
 14186  +6.4722863938     13255  +6.4721679688  -1.184e-04
 14187  +6.4739911973     13259  +6.4741210938  +1.299e-04
 14188  +6.4756955520     13262  +6.4755859375  -1.096e-04
 14189  +6.4773994583     13266  +6.4775390625  +1.396e-04
 14190  +6.4791029164     13269  +6.4790039062  -9.901e-05
 14191  +6.4808059268     13273  +6.4809570312  +1.511e-04
 14192  +6.4825084898     13276  +6.4824218750  -8.661e-05
 14193  +6.4842106058     13280  +6.4843750000  +1.644e-04
 14194  +6.4859122750     13283  +6.4858398438  -7.243e-05
 14195  +6.4876134979     13287  +6.4877929688  +1.795e-04
 14196  +6.4893142749     13290  +6.4892578125  -5.646e-05
 14197  +6.4910146062     13294  +6.4912109375  +1.963e-04
 14198  +6.4927144922     13297  +6.4926757812  -3.871e-05
 14199  +6.4944139332     13301  +6.4946289062  +2.150e-04
 14200  +6.4961129297     13304  +6.4960937500  -1.918e-05
 14201  +6.4978114820     13308  +6.4980468750  +2.354e-04
 14202  +6.4995095903     13311  +6.4995117188  +2.128e-06
 14203  +6.5012072551     13314  +6.5009765625  -2.307e-04
 14204  +6.5029044767     13318  +6.5029296875  +2.521e-05
 14205  +6.5046012555     13321  +6.5043945312  -2.067e-04
 14206  +6.5062975917     13325  +6.5063476562  +5.006e-05
 14207  +6.5079934858     13328  +6.5078125000  -1.810e-04
 14208  +6.5096889381     13332  +6.5097656250  +7.669e-05
 14209  +6.5113839489     13335  +6.5112304688  -1.535e-04
 14210  +6.5130785186     13339  +6.5131835938  +1.051e-04
 14211  +6.5147726475     13342  +6.5146484375  -1.242e-04
 14212  +6.5164663360     13346  +6.5166015625  +1.352e-04
 14213  +6.5181595844     13349  +6.5180664062  -9.318e-05
 14214  +6.5198523931     13353  +6.5200195312  +1.671e-04
 14215  +6.5215447623     13356  +6.5214843750  -6.039e-05
 14216  +6.5232366925     13360  +6.5234375000  +2.008e-04
 14217  +6.5249281840     13363  +6.5249023438  -2.584e-05
 14218  +6.5266192370     13367  +6.5268554688  +2.362e-04
 14219  +6.5283098521     13370  +6.5283203125  +1.046e-05
 14220  +6.5300000294     13373  +6.5297851562  -2.149e-04
 14221  +6.5316897694     13377  +6.5317382812  +4.851e-05
 14222  +6.5333790723     13380  +6.5332031250  -1.759e-04
 14223  +6.5350679386     13384  +6.5351562500  +8.831e-05
 14224  +6.5367563685     13387  +6.5366210938  -1.353e-04
 14225  +6.5384443625     13391  +6.5385742188  +1.299e-04
 14226  +6.5401319207     13394  +6.5400390625  -9.286e-05
 14227  +6.5418190436     13398  +6.5419921875  +1.731e-04
 14228  +6.5435057316     13401  +6.5434570312  -4.870e-05
 14229  +6.5451919849     13405  +6.5454101562  +2.182e-04
 14230  +6.5468778038     13408  +6.5468750000  -2.804e-06
 14231  +6.5485631888     13411  +6.5483398438  -2.233e-04
 14232  +6.5502481401     13415  +6.5502929688  +4.483e-05
 14233  +6.5519326581     13418  +6.5517578125  -1.748e-04
 14234  +6.5536167431     13422  +6.5537109375  +9.419e-05
 14235  +6.5553003955     13425  +6.5551757812  -1.246e-04
 14236  +6.5569836155     13429  +6.5571289062  +1.453e-04
 14237  +6.5586664036     13432  +6.5585937500  -7.265e-05
 14238  +6.5603487600     13436  +6.5605468750  +1.981e-04
 14239  +6.5620306851     13439  +6.5620117188  -1.897e-05
 14240  +6.5637121793     13442  +6.5634765625  -2.356e-04
 14241  +6.5653932427     13446  +6.5654296875  +3.644e-05
 14242  +6.5670738759     13449  +6.5668945312  -1.793e-04
 14243  +6.5687540790     13453  +6.5688476562  +9.358e-05
 14244  +6.5704338525     13456  +6.5703125000  -1.214e-04
 14245  +6.5721131966     13460  +6.5722656250  +1.524e-04
 14246  +6.5737921118     13463  +6.5737304688  -6.164e-05
 14247  +6.5754705982     13467  +6.5756835938  +2.130e-04
 14248  +6.5771486563     13470  +6.5771484375  -2.188e-07
 14249  +6.5788262864     13473  +6.5786132812  -2.130e-04
 14250  +6.5805034888     13477  +6.5805664062  +6.292e-05
 14251  +6.5821802638     13480  +6.5820312500  -1.490e-04
 14252  +6.5838566118     13484  +6.5839843750  +1.278e-04
 14253  +6.5855325331     13487  +6.5854492188  -8.331e-05
 14254  +6.5872080280     13491  +6.5874023438  +1.943e-04
 14255  +6.5888830968     13494  +6.5888671875  -1.591e-05
 14256  +6.5905577399     13497  +6.5903320312  -2.257e-04
 14257  +6.5922319576     13501  +6.5922851562  +5.320e-05
 14258  +6.5939057501     13504  +6.5937500000  -1.558e-04
 14259  +6.5955791179     13508  +6.5957031250  +1.240e-04
 14260  +6.5972520613     13511  +6.5971679688  -8.409e-05
 14261  +6.5989245806     13515  +6.5991210938  +1.965e-04
 14262  +6.6005966760     13518  +6.6005859375  -1.074e-05
 14263  +6.6022683480     13521  +6.6020507812  -2.176e-04
 14264  +6.6039395968     13525  +6.6040039062  +6.431e-05
 14265  +6.6056104228     13528  +6.6054687500  -1.417e-04
 14266  +6.6072808262     13532  +6.6074218750  +1.410e-04
 14267  +6.6089508075     13535  +6.6088867188  -6.409e-05
 14268  +6.6106203669     13539  +6.6108398438  +2.195e-04
 14269  +6.6122895048     13542  +6.6123046875  +1.518e-05
 14270  +6.6139582214     13545  +6.6137695312  -1.887e-04
 14271  +6.6156265171     13549  +6.6157226562  +9.614e-05
 14272  +6.6172943922     13552  +6.6171875000  -1.069e-04
 14273  +6.6189618471     13556  +6.6191406250  +1.788e-04
 14274  +6.6206288819     13559  +6.6206054688  -2.341e-05
 14275  +6.6222954972     13562  +6.6220703125  -2.252e-04
 14276  +6.6239616931     13566  +6.6240234375  +6.174e-05
 14277  +6.6256274699     13569  +6.6254882812  -1.392e-04
 14278  +6.6272928281     13573  +6.6274414062  +1.486e-04
 14279  +6.6289577679     13576  +6.6289062500  -5.152e-05
 14280  +6.6306222897     13580  +6.6308593750  +2.371e-04
 14281  +6.6322863937     13583  +6.6323242188  +3.783e-05
 14282  +6.6339500803     13586  +6.6337890625  -1.610e-04
 14283  +6.6356133497     13590  +6.6357421875  +1.288e-04
 14284  +6.6372762024     13593  +6.6372070312  -6.917e-05
 14285  +6.6389386385     13597  +6.6391601562  +2.215e-04
 14286  +6.6406006585     13600  +6.6406250000  +2.434e-05
 14287  +6.6422622626     13603  +6.6420898438  -1.724e-04
 14288  +6.6439234511     13607  +6.6440429688  +1.195e-04
 14289  +6.6455842244     13610  +6.6455078125  -7.641e-05
 14290  +6.6472445827     13614  +6.6474609375  +2.164e-04
 14291  +6.6489045265     13617  +6.6489257812  +2.125e-05
 14292  +6.6505640559     13620  +6.6503906250  -1.734e-04
 14293  +6.6522231713     13624  +6.6523437500  +1.206e-04
 14294  +6.6538818730     13627  +6.6538085938  -7.328e-05
 14295  +6.6555401614     13631  +6.6557617188  +2.216e-04
 14296  +6.6571980367     13634  +6.6572265625  +2.853e-05
 14297  +6.6588554992     13637  +6.6586914062  -1.641e-04
 14298  +6.6605125492     13641  +6.6606445312  +1.320e-04
 14299  +6.6621691871     13644  +6.6621093750  -5.981e-05
 14300  +6.6638254131     13648  +6.6640625000  +2.371e-04
 14301  +6.6654812277     13651  +6.6655273438  +4.612e-05
 14302  +6.6671366309     13654  +6.6669921875  -1.444e-04
 14303  +6.6687916233     13658  +6.6689453125  +1.537e-04
 14304  +6.6704462051     13661  +6.6704101562  -3.605e-05
 14305  +6.6721003765     13664  +6.6718750000  -2.254e-04
 14306  +6.6737541379     13668  +6.6738281250  +7.399e-05
 14307  +6.6754074896     13671  +6.6752929688  -1.145e-04
 14308  +6.6770604320     13675  +6.6772460938  +1.857e-04
 14309  +6.6787129652     13678  +6.6787109375  -2.028e-06
 14310  +6.6803650897     13681  +6.6801757812  -1.893e-04
 14311  +6.6820168056     13685  +6.6821289062  +1.121e-04
 14312  +6.6836681134     13688  +6.6835937500  -7.436e-05
 14313  +6.6853190133     13692  +6.6855468750  +2.279e-04
 14314  +6.6869695056     13695  +6.6870117188  +4.221e-05
 14315  +6.6886195906     13698  +6.6884765625  -1.430e-04
 14316  +6.6902692687     13702  +6.6904296875  +1.604e-04
 14317  +6.6919185401     13705  +6.6918945312  -2.401e-05
 14318  +6.6935674051     13708  +6.6933593750  -2.080e-04
 14319  +6.6952158640     13712  +6.6953125000  +9.664e-05
 14320  +6.6968639172     13715  +6.6967773438  -8.657e-05
 14321  +6.6985115649     13719  +6.6987304688  +2.189e-04
 14322  +6.7001588074     13722  +6.7001953125  +3.651e-05
 14323  +6.7018056450     13725  +6.7016601562  -1.455e-04
 14324  +6.7034520781     13729  +6.7036132812  +1.612e-04
 14325  +6.7050981068     13732  +6.7050781250  -1.998e-05
 14326  +6.7067437316     13735  +6.7065429688  -2.008e-04
 14327  +6.7083889527     13739  +6.7084960938  +1.071e-04
 14328  +6.7100337704     13742  +6.7099609375  -7.283e-05
 14329  +6.7116781851     13746  +6.7119140625  +2.359e-04
 14330  +6.7133221969     13749  +6.7133789062  +5.671e-05
 14331  +6.7149658062     13752  +6.7148437500  -1.221e-04
 14332  +6.7166090133     13756  +6.7167968750  +1.879e-04
 14333  +6.7182518186     13759  +6.7182617188  +9.900e-06
 14334  +6.7198942222     13762  +6.7197265625  -1.677e-04
 14335  +6.7215362244     13766  +6.7216796875  +1.435e-04
 14336  +6.7231778257     13769  +6.7231445312  -3.329e-05
 14337  +6.7248190262     13772  +6.7246093750  -2.097e-04
 14338  +6.7264598263     13776  +6.7265625000  +1.027e-04
 14339  +6.7281002262     13779  +6.7280273438  -7.288e-05
 14340  +6.7297402263     13783  +6.7299804688  +2.402e-04
 14341  +6.7313798268     13786  +6.7314453125  +6.549e-05
 14342  +6.7330190281     13789  +6.7329101562  -1.089e-04
 14343  +6.7346578303     13793  +6.7348632812  +2.055e-04
 14344  +6.7362962339     13796  +6.7363281250  +3.189e-05
 14345  +6.7379342391     13799  +6.7377929688  -1.413e-04
 14346  +6.7395718462     13803  +6.7397460938  +1.742e-04
 14347  +6.7412090554     13806  +6.7412109375  +1.882e-06
 14348  +6.7428458672     13809  +6.7426757812  -1.701e-04
 14349  +6.7444822817     13813  +6.7446289062  +1.466e-04
 14350  +6.7461182993     13816  +6.7460937500  -2.455e-05
 14351  +6.7477539202     13819  +6.7475585938  -1.953e-04
 14352  +6.7493891447     13823  +6.7495117188  +1.226e-04
 14353  +6.7510239731     13826  +6.7509765625  -4.741e-05
 14354  +6.7526584058     13829  +6.7524414062  -2.170e-04
 14355  +6.7542924429     13833  +6.7543945312  +1.021e-04
 14356  +6.7559260849     13836  +6.7558593750  -6.671e-05
 14357  +6.7575593318     13839  +6.7573242188  -2.351e-04
 14358  +6.7591921842     13843  +6.7592773438  +8.516e-05
 14359  +6.7608246422     13846  +6.7607421875  -8.245e-05
 14360  +6.7624567061     13850  +6.7626953125  +2.386e-04
 14361  +6.7640883762     13853  +6.7641601562  +7.178e-05
 14362  +6.7657196528     13856  +6.7656250000  -9.465e-05
 14363  +6.7673505362     13860  +6.7675781250  +2.276e-04
 14364  +6.7689810267     13863  +6.7690429688  +6.194e-05
 14365  +6.7706111245     13866  +6.7705078125  -1.033e-04
 14366  +6.7722408299     13870  +6.7724609375  +2.201e-04
 14367  +6.7738701432     13873  +6.7739257812  +5.564e-05
 14368  +6.7754990648     13876  +6.7753906250  -1.084e-04
 14369  +6.7771275948     13880  +6.7773437500  +2.162e-04
 14370  +6.7787557336     13883  +6.7788085938  +5.286e-05
 14371  +6.7803834814     13886  +6.7802734375  -1.100e-04
 14372  +6.7820108386     13890  +6.7822265625  +2.157e-04
 14373  +6.7836378053     13893  +6.7836914062  +5.360e-05
 14374  +6.7852643820     13896  +6.7851562500  -1.081e-04
 14375  +6.7868905688     13900  +6.7871093750  +2.188e-04
 14376  +6.7885163661     13903  +6.7885742188  +5.785e-05
 14377  +6.7901417740     13906  +6.7900390625  -1.027e-04
 14378  +6.7917667930     13910  +6.7919921875  +2.254e-04
 14379  +6.7933914233     13913  +6.7934570312  +6.561e-05
 14380  +6.7950156652     13916  +6.7949218750  -9.379e-05
 14381  +6.7966395189     13920  +6.7968750000  +2.355e-04
 14382  +6.7982629847     13923  +6.7983398438  +7.686e-05
 14383  +6.7998860629     13926  +6.7998046875  -8.138e-05
 14384  +6.8015087538     13929  +6.8012695312  -2.392e-04
 14385  +6.8031310576     13933  +6.8032226562  +9.160e-05
 14386  +6.8047529747     13936  +6.8046875000  -6.547e-05
 14387  +6.8063745053     13939  +6.8061523438  -2.222e-04
 14388  +6.8079956496     13943  +6.8081054688  +1.098e-04
 14389  +6.8096164080     13946  +6.8095703125  -4.610e-05
 14390  +6.8112367808     13949  +6.8110351562  -2.016e-04
 14391  +6.8128567682     13953  +6.8129882812  +1.315e-04
 14392  +6.8144763704     13956  +6.8144531250  -2.325e-05
 14393  +6.8160955878     13959  +6.8159179688  -1.776e-04
 14394  +6.8177144207     13963  +6.8178710938  +1.567e-04
 14395  +6.8193328692     13966  +6.8193359375  +3.068e-06
 14396  +6.8209509337     13969  +6.8208007812  -1.502e-04
 14397  +6.8225686145     13973  +6.8227539062  +1.853e-04
 14398  +6.8241859118     13976  +6.8242187500  +3.284e-05
 14399  +6.8258028259     13979  +6.8256835938  -1.192e-04
 14400  +6.8274193571     13983  +6.8276367188  +2.174e-04
 14401  +6.8290355057     13986  +6.8291015625  +6.606e-05
 14402  +6.8306512718     13989  +6.8305664062  -8.487e-05
 14403  +6.8322666558     13992  +6.8320312500  -2.354e-04
 14404  +6.8338816580     13996  +6.8339843750  +1.027e-04
 14405  +6.8354962786     13999  +6.8354492188  -4.706e-05
 14406  +6.8371105179     14002  +6.8369140625  -1.965e-04
 14407  +6.8387243762     14006  +6.8388671875  +1.428e-04
 14408  +6.8403378537     14009  +6.8403320312  -5.822e-06
 14409  +6.8419509508     14012  +6.8417968750  -1.541e-04
 14410  +6.8435636676     14016  +6.8437500000  +1.863e-04
 14411  +6.8451760044     14019  +6.8452148438  +3.884e-05
 14412  +6.8467879616     14022  +6.8466796875  -1.083e-04
 14413  +6.8483995393     14026  +6.8486328125  +2.333e-04
 14414  +6.8500107379     14029  +6.8500976562  +8.692e-05
 14415  +6.8516215577     14032  +6.8515625000  -5.906e-05
 14416  +6.8532319988     14035  +6.8530273438  -2.047e-04
 14417  +6.8548420615     14039  +6.8549804688  +1.384e-04
 14418  +6.8564517462     14042  +6.8564453125  -6.434e-06
 14419  +6.8580610530     14045  +6.8579101562  -1.509e-04
 14420  +6.8596699823     14049  +6.8598632812  +1.933e-04
 14421  +6.8612785343     14052  +6.8613281250  +4.959e-05
 14422  +6.8628867093     14055  +6.8627929688  -9.374e-05
 14423  +6.8644945076     14058  +6.8642578125  -2.367e-04
 14424  +6.8661019293     14062  +6.8662109375  +1.090e-04
 14425  +6.8677089749     14065  +6.8676757812  -3.319e-05
 14426  +6.8693156444     14068  +6.8691406250  -1.750e-04
 14427  +6.8709219383     14072  +6.8710937500  +1.718e-04
 14428  +6.8725278567     14075  +6.8725585938  +3.074e-05
 14429  +6.8741334000     14078  +6.8740234375  -1.100e-04
 14430  +6.8757385684     14082  +6.8759765625  +2.380e-04
 14431  +6.8773433621     14085  +6.8774414062  +9.804e-05
 14432  +6.8789477814     14088  +6.8789062500  -4.153e-05
 14433  +6.8805518266     14091  +6.8803710938  -1.807e-04
 14434  +6.8821554980     14095  +6.8823242188  +1.687e-04
 14435  +6.8837587957     14098  +6.8837890625  +3.027e-05
 14436  +6.8853617201     14101  +6.8852539062  -1.078e-04
 14437  +6.8869642715     14105  +6.8872070312  +2.428e-04
 14438  +6.8885664500     14108  +6.8886718750  +1.054e-04
 14439  +6.8901682559     14111  +6.8901367188  -3.154e-05
 14440  +6.8917696896     14114  +6.8916015625  -1.681e-04
 14441  +6.8933707512     14118  +6.8935546875  +1.839e-04
 14442  +6.8949714411     14121  +6.8950195312  +4.809e-05
 14443  +6.8965717594     14124  +6.8964843750  -8.738e-05
 14444  +6.8981717065     14127  +6.8979492188  -2.225e-04
 14445  +6.8997712826     14131  +6.8999023438  +1.311e-04
 14446  +6.9013704879     14134  +6.9013671875  -3.300e-06
 14447  +6.9029693227     14137  +6.9028320312  -1.373e-04
 14448  +6.9045677873     14141  +6.9047851562  +2.174e-04
 14449  +6.9061658820     14144  +6.9062500000  +8.412e-05
 14450  +6.9077636069     14147  +6.9077148438  -4.876e-05
 14451  +6.9093609624     14150  +6.9091796875  -1.813e-04
 14452  +6.9109579486     14154  +6.9111328125  +1.749e-04
 14453  +6.9125545659     14157  +6.9125976562  +4.309e-05
 14454  +6.9141508146     14160  +6.9140625000  -8.831e-05
 14455  +6.9157466947     14163  +6.9155273438  -2.194e-04
 14456  +6.9173422067     14167  +6.9174804688  +1.383e-04
 14457  +6.9189373508     14170  +6.9189453125  +7.962e-06
 14458  +6.9205321272     14173  +6.9204101562  -1.220e-04
 14459  +6.9221265362     14177  +6.9223632812  +2.367e-04
 14460  +6.9237205780     14180  +6.9238281250  +1.075e-04
 14461  +6.9253142530     14183  +6.9252929688  -2.128e-05
 14462  +6.9269075612     14186  +6.9267578125  -1.497e-04
 14463  +6.9285005031     14190  +6.9287109375  +2.104e-04
 14464  +6.9300930788     14193  +6.9301757812  +8.270e-05
 14465  +6.9316852886     14196  +6.9316406250  -4.466e-05
 14466  +6.9332771327     14199  +6.9331054688  -1.717e-04
 14467  +6.9348686115     14203  +6.9350585938  +1.900e-04
 14468  +6.9364597251     14206  +6.9365234375  +6.371e-05
 14469  +6.9380504738     14209  +6.9379882812  -6.219e-05
 14470  +6.9396408579     14212  +6.9394531250  -1.877e-04
 14471  +6.9412308776     14216  +6.9414062500  +1.754e-04
 14472  +6.9428205332     14219  +6.9428710938  +5.056e-05
 14473  +6.9444098248     14222  +6.9443359375  -7.389e-05
 14474  +6.9459987528     14225  +6.9458007812  -1.980e-04
 14475  +6.9475873175     14229  +6.9477539062  +1.666e-04
 14476  +6.9491755190     14232  +6.9492187500  +4.323e-05
 14477  +6.9507633576     14235  +6.9506835938  -7.976e-05
 14478  +6.9523508335     14238  +6.9521484375  -2.024e-04
 14479  +6.9539379471     14242  +6.9541015625  +1.636e-04
 14480  +6.9555246985     14245  +6.9555664062  +4.171e-05
 14481  +6.9571110880     14248  +6.9570312500  -7.984e-05
 14482  +6.9586971158     14251  +6.9584960938  -2.010e-04
 14483  +6.9602827823     14255  +6.9604492188  +1.664e-04
 14484  +6.9618680876     14258  +6.9619140625  +4.597e-05
 14485  +6.9634530319     14261  +6.9633789062  -7.413e-05
 14486  +6.9650376157     14264  +6.9648437500  -1.939e-04
 14487  +6.9666218390     14268  +6.9667968750  +1.750e-04
 14488  +6.9682057021     14271  +6.9682617188  +5.602e-05
 14489  +6.9697892053     14274  +6.9697265625  -6.264e-05
 14490  +6.9713723488     14277  +6.9711914062  -1.809e-04
 14491  +6.9729551328     14281  +6.9731445312  +1.894e-04
 14492  +6.9745375577     14284  +6.9746093750  +7.182e-05
 14493  +6.9761196236     14287  +6.9760742188  -4.540e-05
 14494  +6.9777013309     14290  +6.9775390625  -1.623e-04
 14495  +6.9792826796     14294  +6.9794921875  +2.095e-04
 14496  +6.9808636702     14297  +6.9809570312  +9.336e-05
 14497  +6.9824443028     14300  +6.9824218750  -2.243e-05
 14498  +6.9840245776     14303  +6.9838867188  -1.379e-04
 14499  +6.9856044950     14307  +6.9858398438  +2.353e-04
 14500  +6.9871840551     14310  +6.9873046875  +1.206e-04
 14501  +6.9887632582     14313  +6.9887695312  +6.273e-06
 14502  +6.9903421045     14316  +6.9902343750  -1.077e-04
 14503  +6.9919205943     14319  +6.9916992188  -2.214e-04
 14504  +6.9934987279     14323  +6.9936523438  +1.536e-04
 14505  +6.9950765054     14326  +6.9951171875  +4.068e-05
 14506  +6.9966539271     14329  +6.9965820312  -7.190e-05
 14507  +6.9982309933     14332  +6.9980468750  -1.841e-04
 14508  +6.9998077041     14336  +7.0000000000  +1.923e-04
 14509  +7.0013840599     14339  +7.0014648438  +8.078e-05
 14510  +7.0029600608     14342  +7.0029296875  -3.037e-05
 14511  +7.0045357072     14345  +7.0043945312  -1.412e-04
 14512  +7.0061109991     14349  +7.0063476562  +2.367e-04
 14513  +7.0076859370     14352  +7.0078125000  +1.266e-04
 14514  +7.0092605210     14355  +7.0092773438  +1.682e-05
 14515  +7.0108347513     14358  +7.0107421875  -9.256e-05
 14516  +7.0124086283     14361  +7.0122070312  -2.016e-04
 14517  +7.0139821521     14365  +7.0141601562  +1.780e-04
 14518  +7.0155553229     14368  +7.0156250000  +6.968e-05
 14519  +7.0171281411     14371  +7.0170898438  -3.830e-05
 14520  +7.0187006068     14374  +7.0185546875  -1.459e-04
 14521  +7.0202727203     14378  +7.0205078125  +2.351e-04
 14522  +7.0218444818     14381  +7.0219726562  +1.282e-04
 14523  +7.0234158916     14384  +7.0234375000  +2.161e-05
 14524  +7.0249869498     14387  +7.0249023438  -8.461e-05
 14525  +7.0265576568     14390  +7.0263671875  -1.905e-04
 14526  +7.0281280128     14394  +7.0283203125  +1.923e-04
 14527  +7.0296980179     14397  +7.0297851562  +8.714e-05
 14528  +7.0312676725     14400  +7.0312500000  -1.767e-05
 14529  +7.0328369768     14403  +7.0327148438  -1.221e-04
 14530  +7.0344059310     14406  +7.0341796875  -2.262e-04
 14531  +7.0359745353     14410  +7.0361328125  +1.583e-04
 14532  +7.0375427900     14413  +7.0375976562  +5.487e-05
 14533  +7.0391106952     14416  +7.0390625000  -4.820e-05
 14534  +7.0406782514     14419  +7.0405273438  -1.509e-04
 14535  +7.0422454586     14423  +7.0424804688  +2.350e-04
 14536  +7.0438123171     14426  +7.0439453125  +1.330e-04
 14537  +7.0453788271     14429  +7.0454101562  +3.133e-05
 14538  +7.0469449889     14432  +7.0468750000  -6.999e-05
 14539  +7.0485108027     14435  +7.0483398438  -1.710e-04
 14540  +7.0500762688     14439  +7.0502929688  +2.167e-04
 14541  +7.0516413873     14442  +7.0517578125  +1.164e-04
 14542  +7.0532061585     14445  +7.0532226562  +1.650e-05
 14543  +7.0547705827     14448  +7.0546875000  -8.308e-05
 14544  +7.0563346600     14451  +7.0561523438  -1.823e-04
 14545  +7.0578983907     14455  +7.0581054688  +2.071e-04
 14546  +7.0594617750     14458  +7.0595703125  +1.085e-04
 14547  +7.0610248131     14461  +7.0610351562  +1.034e-05
 14548  +7.0625875054     14464  +7.0625000000  -8.751e-05
 14549  +7.0641498519     14467  +7.0639648438  -1.850e-04
 14550  +7.0657118530     14471  +7.0659179688  +2.061e-04
 14551  +7.0672735089     14474  +7.0673828125  +1.093e-04
 14552  +7.0688348197     14477  +7.0688476562  +1.284e-05
 14553  +7.0703957858     14480  +7.0703125000  -8.329e-05
 14554  +7.0719564074     14483  +7.0717773438  -1.791e-04
 14555  +7.0735166846     14487  +7.0737304688  +2.138e-04
 14556  +7.0750766177     14490  +7.0751953125  +1.187e-04
 14557  +7.0766362070     14493  +7.0766601562  +2.395e-05
 14558  +7.0781954526     14496  +7.0781250000  -7.045e-05
 14559  +7.0797543548     14499  +7.0795898438  -1.645e-04
 14560  +7.0813129139     14503  +7.0815429688  +2.301e-04
 14561  +7.0828711299     14506  +7.0830078125  +1.367e-04
 14562  +7.0844290033     14509  +7.0844726562  +4.365e-05
 14563  +7.0859865342     14512  +7.0859375000  -4.903e-05
 14564  +7.0875437227     14515  +7.0874023438  -1.414e-04
 14565  +7.0891005693     14518  +7.0888671875  -2.334e-04
 14566  +7.0906570740     14522  +7.0908203125  +1.632e-04
 14567  +7.0922132371     14525  +7.0922851562  +7.192e-05
 14568  +7.0937690588     14528  +7.0937500000  -1.906e-05
 14569  +7.0953245394     14531  +7.0952148438  -1.097e-04
 14570  +7.0968796790     14534  +7.0966796875  -2.000e-04
 14571  +7.0984344779     14538  +7.0986328125  +1.983e-04
 14572  +7.0999889364     14541  +7.1000976562  +1.087e-04
 14573  +7.1015430546     14544  +7.1015625000  +1.945e-05
 14574  +7.1030968328     14547  +7.1030273438  -6.949e-05
 14575  +7.1046502711     14550  +7.1044921875  -1.581e-04
 14576  +7.1062033699     14554  +7.1064453125  +2.419e-04
 14577  +7.1077561293     14557  +7.1079101562  +1.540e-04
 14578  +7.1093085496     14560  +7.1093750000  +6.645e-05
 14579  +7.1108606310     14563  +7.1108398438  -2.079e-05
 14580  +7.1124123736     14566  +7.1123046875  -1.077e-04
 14581  +7.1139637778     14569  +7.1137695312  -1.942e-04
 14582  +7.1155148437     14573  +7.1157226562  +2.078e-04
 14583  +7.1170655716     14576  +7.1171875000  +1.219e-04
 14584  +7.1186159617     14579  +7.1186523438  +3.638e-05
 14585  +7.1201660142     14582  +7.1201171875  -4.883e-05
 14586  +7.1217157293     14585  +7.1215820312  -1.337e-04
 14587  +7.1232651072     14588  +7.1230468750  -2.182e-04
 14588  +7.1248141483     14592  +7.1250000000  +1.859e-04
 14589  +7.1263628526     14595  +7.1264648438  +1.020e-04
 14590  +7.1279112204     14598  +7.1279296875  +1.847e-05
 14591  +7.1294592520     14601  +7.1293945312  -6.472e-05
 14592  +7.1310069475     14604  +7.1308593750  -1.476e-04
 14593  +7.1325543072     14607  +7.1323242188  -2.301e-04
 14594  +7.1341013312     14611  +7.1342773438  +1.760e-04
 14595  +7.1356480199     14614  +7.1357421875  +9.417e-05
 14596  +7.1371943733     14617  +7.1372070312  +1.266e-05
 14597  +7.1387403919     14620  +7.1386718750  -6.852e-05
 14598  +7.1402860756     14623  +7.1401367188  -1.494e-04
 14599  +7.1418314249     14626  +7.1416015625  -2.299e-04
 14600  +7.1433764398     14630  +7.1435546875  +1.782e-04
 14601  +7.1449211206     14633  +7.1450195312  +9.841e-05
 14602  +7.1464654676     14636  +7.1464843750  +1.891e-05
 14603  +7.1480094809     14639  +7.1479492188  -6.026e-05
 14604  +7.1495531607     14642  +7.1494140625  -1.391e-04
 14605  +7.1510965074     14645  +7.1508789062  -2.176e-04
 14606  +7.1526395210     14649  +7.1528320312  +1.925e-04
 14607  +7.1541822018     14652  +7.1542968750  +1.147e-04
 14608  +7.1557245500     14655  +7.1557617188  +3.717e-05
 14609  +7.1572665659     14658  +7.1572265625  -4.000e-05
 14610  +7.1588082496     14661  +7.1586914062  -1.168e-04
 14611  +7.1603496014     14664  +7.1601562500  -1.934e-04
 14612  +7.1618906214     14668  +7.1621093750  +2.188e-04
 14613  +7.1634313100     14671  +7.1635742188  +1.429e-04
 14614  +7.1649716672     14674  +7.1650390625  +6.740e-05
 14615  +7.1665116934     14677  +7.1665039062  -7.787e-06
 14616  +7.1680513887     14680  +7.1679687500  -8.264e-05
 14617  +7.1695907533     14683  +7.1694335938  -1.572e-04
 14618  +7.1711297876     14686  +7.1708984375  -2.314e-04
 14619  +7.1726684915     14690  +7.1728515625  +1.831e-04
 14620  +7.1742068655     14693  +7.1743164062  +1.095e-04
 14621  +7.1757449096     14696  +7.1757812500  +3.634e-05
 14622  +7.1772826242     14699  +7.1772460938  -3.653e-05
 14623  +7.1788200094     14702  +7.1787109375  -1.091e-04
 14624  +7.1803570654     14705  +7.1801757812  -1.813e-04
 14625  +7.1818937924     14709  +7.1821289062  +2.351e-04
 14626  +7.1834301907     14712  +7.1835937500  +1.636e-04
 14627  +7.1849662605     14715  +7.1850585938  +9.233e-05
 14628  +7.1865020020     14718  +7.1865234375  +2.144e-05
 14629  +7.1880374153     14721  +7.1879882812  -4.913e-05
 14630  +7.1895725007     14724  +7.1894531250  -1.194e-04
 14631  +7.1911072584     14727  +7.1909179688  -1.893e-04
 14632  +7.1926416887     14731  +7.1928710938  +2.294e-04
 14633  +7.1941757916     14734  +7.1943359375  +1.601e-04
 14634  +7.1957095675     14737  +7.1958007812  +9.121e-05
 14635  +7.1972430166     14740  +7.1972656250  +2.261e-05
 14636  +7.1987761390     14743  +7.1987304688  -4.567e-05
 14637  +7.2003089350     14746  +7.2001953125  -1.136e-04
 14638  +7.2018414047     14749  +7.2016601562  -1.812e-04
 14639  +7.2033735484     14753  +7.2036132812  +2.397e-04
 14640  +7.2049053663     14756  +7.2050781250  +1.728e-04
 14641  +7.2064368586     14759  +7.2065429688  +1.061e-04
 14642  +7.2079680254     14762  +7.2080078125  +3.979e-05
 14643  +7.2094988671     14765  +7.2094726562  -2.621e-05
 14644  +7.2110293838     14768  +7.2109375000  -9.188e-05
 14645  +7.2125595758     14771  +7.2124023438  -1.572e-04
 14646  +7.2140894431     14774  +7.2138671875  -2.223e-04
 14647  +7.2156189861     14778  +7.2158203125  +2.013e-04
 14648  +7.2171482050     14781  +7.2172851562  +1.370e-04
 14649  +7.2186770998     14784  +7.2187500000  +7.290e-05
 14650  +7.2202056710     14787  +7.2202148438  +9.173e-06
 14651  +7.2217339186     14790  +7.2216796875  -5.423e-05
 14652  +7.2232618428     14793  +7.2231445312  -1.173e-04
 14653  +7.2247894439     14796  +7.2246093750  -1.801e-04
 14654  +7.2263167221     14799  +7.2260742188  -2.425e-04
 14655  +7.2278436776     14803  +7.2280273438  +1.837e-04
 14656  +7.2293703106     14806  +7.2294921875  +1.219e-04
 14657  +7.2308966212     14809  +7.2309570312  +6.041e-05
 14658  +7.2324226098     14812  +7.2324218750  -7.348e-07
 14659  +7.2339482764     14815  +7.2338867188  -6.156e-05
 14660  +7.2354736213     14818  +7.2353515625  -1.221e-04
 14661  +7.2369986448     14821  +7.2368164062  -1.822e-04
 14662  +7.2385233469     14824  +7.2382812500  -2.421e-04
 14663  +7.2400477280     14828  +7.2402343750  +1.866e-04
 14664  +7.2415717881     14831  +7.2416992188  +1.274e-04
 14665  +7.2430955276     14834  +7.2431640625  +6.853e-05
 14666  +7.2446189466     14837  +7.2446289062  +9.960e-06
 14667  +7.2461420453     14840  +7.2460937500  -4.830e-05
 14668  +7.2476648240     14843  +7.2475585938  -1.062e-04
 14669  +7.2491872827     14846  +7.2490234375  -1.638e-04
 14670  +7.2507094218     14849  +7.2504882812  -2.211e-04
 14671  +7.2522312414     14853  +7.2524414062  +2.102e-04
 14672  +7.2537527417     14856  +7.2539062500  +1.535e-04
 14673  +7.2552739230     14859  +7.2553710938  +9.717e-05
 14674  +7.2567947854     14862  +7.2568359375  +4.115e-05
 14675  +7.2583153291     14865  +7.2583007812  -1.455e-05
 14676  +7.2598355543     14868  +7.2597656250  -6.993e-05
 14677  +7.2613554613     14871  +7.2612304688  -1.250e-04
 14678  +7.2628750502     14874  +7.2626953125  -1.797e-04
 14679  +7.2643943212     14877  +7.2641601562  -2.342e-04
 14680  +7.2659132746     14881  +7.2661132812  +2.000e-04
 14681  +7.2674319104     14884  +7.2675781250  +1.462e-04
 14682  +7.2689502290     14887  +7.2690429688  +9.274e-05
 14683  +7.2704682306     14890  +7.2705078125  +3.958e-05
 14684  +7.2719859152     14893  +7.2719726562  -1.326e-05
 14685  +7.2735032832     14896  +7.2734375000  -6.578e-05
 14686  +7.2750203347     14899  +7.2749023438  -1.180e-04
 14687  +7.2765370699     14902  +7.2763671875  -1.699e-04
 14688  +7.2780534890     14905  +7.2778320312  -2.215e-04
 14689  +7.2795695922     14909  +7.2797851562  +2.156e-04
 14690  +7.2810853798     14912  +7.2812500000  +1.646e-04
 14691  +7.2826008518     14915  +7.2827148438  +1.140e-04
 14692  +7.2841160086     14918  +7.2841796875  +6.368e-05
 14693  +7.2856308502     14921  +7.2856445312  +1.368e-05
 14694  +7.2871453770     14924  +7.2871093750  -3.600e-05
 14695  +7.2886595890     14927  +7.2885742188  -8.537e-05
 14696  +7.2901734866     14930  +7.2900390625  -1.344e-04
 14697  +7.2916870698     14933  +7.2915039062  -1.832e-04
 14698  +7.2932003389     14936  +7.2929687500  -2.316e-04
 14699  +7.2947132940     14940  +7.2949218750  +2.086e-04
 14700  +7.2962259355     14943  +7.2963867188  +1.608e-04
 14701  +7.2977382634     14946  +7.2978515625  +1.133e-04
 14702  +7.2992502780     14949  +7.2993164062  +6.613e-05
 14703  +7.3007619794     14952  +7.3007812500  +1.927e-05
 14704  +7.3022733679     14955  +7.3022460938  -2.727e-05
 14705  +7.3037844436     14958  +7.3037109375  -7.351e-05
 14706  +7.3052952068     14961  +7.3051757812  -1.194e-04
 14707  +7.3068056576     14964  +7.3066406250  -1.650e-04
 14708  +7.3083157962     14967  +7.3081054688  -2.103e-04
 14709  +7.3098256228     14971  +7.3100585938  +2.330e-04
 14710  +7.3113351377     14974  +7.3115234375  +1.883e-04
 14711  +7.3128443410     14977  +7.3129882812  +1.439e-04
 14712  +7.3143532328     14980  +7.3144531250  +9.989e-05
 14713  +7.3158618135     14983  +7.3159179688  +5.616e-05
 14714  +7.3173700831     14986  +7.3173828125  +1.273e-05
 14715  +7.3188780419     14989  +7.3188476562  -3.039e-05
 14716  +7.3203856901     14992  +7.3203125000  -7.319e-05
 14717  +7.3218930279     14995  +7.3217773438  -1.157e-04
 14718  +7.3234000554     14998  +7.3232421875  -1.579e-04
 14719  +7.3249067728     15001  +7.3247070312  -1.997e-04
 14720  +7.3264131804     15004  +7.3261718750  -2.413e-04
 14721  +7.3279192783     15008  +7.3281250000  +2.057e-04
 14722  +7.3294250667     15011  +7.3295898438  +1.648e-04
 14723  +7.3309305459     15014  +7.3310546875  +1.241e-04
 14724  +7.3324357159     15017  +7.3325195312  +8.382e-05
 14725  +7.3339405770     15020  +7.3339843750  +4.380e-05
 14726  +7.3354451294     15023  +7.3354492188  +4.089e-06
 14727  +7.3369493733     15026  +7.3369140625  -3.531e-05
 14728  +7.3384533088     15029  +7.3383789062  -7.440e-05
 14729  +7.3399569362     15032  +7.3398437500  -1.132e-04
 14730  +7.3414602556     15035  +7.3413085938  -1.517e-04
 14731  +7.3429632672     15038  +7.3427734375  -1.898e-04
 14732  +7.3444659713     15041  +7.3442382812  -2.277e-04
 14733  +7.3459683679     15045  +7.3461914062  +2.230e-04
 14734  +7.3474704574     15048  +7.3476562500  +1.858e-04
 14735  +7.3489722398     15051  +7.3491210938  +1.489e-04
 14736  +7.3504737154     15054  +7.3505859375  +1.122e-04
 14737  +7.3519748843     15057  +7.3520507812  +7.590e-05
 14738  +7.3534757468     15060  +7.3535156250  +3.988e-05
 14739  +7.3549763031     15063  +7.3549804688  +4.166e-06
 14740  +7.3564765532     15066  +7.3564453125  -3.124e-05
 14741  +7.3579764975     15069  +7.3579101562  -6.634e-05
 14742  +7.3594761360     15072  +7.3593750000  -1.011e-04
 14743  +7.3609754691     15075  +7.3608398438  -1.356e-04
 14744  +7.3624744968     15078  +7.3623046875  -1.698e-04
 14745  +7.3639732193     15081  +7.3637695312  -2.037e-04
 14746  +7.3654716369     15084  +7.3652343750  -2.373e-04
 14747  +7.3669697498     15088  +7.3671875000  +2.178e-04
 14748  +7.3684675580     15091  +7.3686523438  +1.848e-04
 14749  +7.3699650618     15094  +7.3701171875  +1.521e-04
 14750  +7.3714622615     15097  +7.3715820312  +1.198e-04
 14751  +7.3729591571     15100  +7.3730468750  +8.772e-05
 14752  +7.3744557488     15103  +7.3745117188  +5.597e-05
 14753  +7.3759520369     15106  +7.3759765625  +2.453e-05
 14754  +7.3774480215     15109  +7.3774414062  -6.615e-06
 14755  +7.3789437028     15112  +7.3789062500  -3.745e-05
 14756  +7.3804390810     15115  +7.3803710938  -6.799e-05
 14757  +7.3819341563     15118  +7.3818359375  -9.822e-05
 14758  +7.3834289289     15121  +7.3833007812  -1.281e-04
 14759  +7.3849233989     15124  +7.3847656250  -1.578e-04
 14760  +7.3864175665     15127  +7.3862304688  -1.871e-04
 14761  +7.3879114319     15130  +7.3876953125  -2.161e-04
 14762  +7.3894049953     15134  +7.3896484375  +2.434e-04
 14763  +7.3908982570     15137  +7.3911132812  +2.150e-04
 14764  +7.3923912169     15140  +7.3925781250  +1.869e-04
 14765  +7.3938838754     15143  +7.3940429688  +1.591e-04
 14766  +7.3953762327     15146  +7.3955078125  +1.316e-04
 14767  +7.3968682888     15149  +7.3969726562  +1.044e-04
 14768  +7.3983600441     15152  +7.3984375000  +7.746e-05
 14769  +7.3998514986     15155  +7.3999023438  +5.085e-05
 14770  +7.4013426526     15158  +7.4013671875  +2.453e-05
 14771  +7.4028335062     15161  +7.4028320312  -1.475e-06
 14772  +7.4043240596     15164  +7.4042968750  -2.718e-05
 14773  +7.4058143130     15167  +7.4057617188  -5.259e-05
 14774  +7.4073042666     15170  +7.4072265625  -7.770e-05
 14775  +7.4087939206     15173  +7.4086914062  -1.025e-04
 14776  +7.4102832751     15176  +7.4101562500  -1.270e-04
 14777  +7.4117723303     15179  +7.4116210938  -1.512e-04
 14778  +7.4132610864     15182  +7.4130859375  -1.751e-04
 14779  +7.4147495437     15185  +7.4145507812  -1.988e-04
 14780  +7.4162377021     15188  +7.4160156250  -2.221e-04
 14781  +7.4177255621     15192  +7.4179687500  +2.432e-04
 14782  +7.4192131236     15195  +7.4194335938  +2.205e-04
 14783  +7.4207003870     15198  +7.4208984375  +1.981e-04
 14784  +7.4221873523     15201  +7.4223632812  +1.759e-04
 14785  +7.4236740198     15204  +7.4238281250  +1.541e-04
 14786  +7.4251603896     15207  +7.4252929688  +1.326e-04
 14787  +7.4266464619     15210  +7.4267578125  +1.114e-04
 14788  +7.4281322370     15213  +7.4282226562  +9.042e-05
 14789  +7.4296177149     15216  +7.4296875000  +6.979e-05
 14790  +7.4311028959     15219  +7.4311523438  +4.945e-05
 14791  +7.4325877801     15222  +7.4326171875  +2.941e-05
 14792  +7.4340723677     15225  +7.4340820312  +9.664e-06
 14793  +7.4355566589     15228  +7.4355468750  -9.784e-06
 14794  +7.4370406538     15231  +7.4370117188  -2.894e-05
 14795  +7.4385243527     15234  +7.4384765625  -4.779e-05
 14796  +7.4400077557     15237  +7.4399414062  -6.635e-05
 14797  +7.4414908630     15240  +7.4414062500  -8.461e-05
 14798  +7.4429736748     15243  +7.4428710938  -1.026e-04
 14799  +7.4444561913     15246  +7.4443359375  -1.203e-04
 14800  +7.4459384125     15249  +7.4458007812  -1.376e-04
 14801  +7.4474203388     15252  +7.4472656250  -1.547e-04
 14802  +7.4489019702     15255  +7.4487304688  -1.715e-04
 14803  +7.4503833070     15258  +7.4501953125  -1.880e-04
 14804  +7.4518643493     15261  +7.4516601562  -2.042e-04
 14805  +7.4533450973     15264  +7.4531250000  -2.201e-04
 14806  +7.4548255512     15267  +7.4545898438  -2.357e-04
 14807  +7.4563057112     15271  +7.4565429688  +2.373e-04
 14808  +7.4577855774     15274  +7.4580078125  +2.222e-04
 14809  +7.4592651500     15277  +7.4594726562  +2.075e-04
 14810  +7.4607444291     15280  +7.4609375000  +1.931e-04
 14811  +7.4622234151     15283  +7.4624023438  +1.789e-04
 14812  +7.4637021079     15286  +7.4638671875  +1.651e-04
 14813  +7.4651805079     15289  +7.4653320312  +1.515e-04
 14814  +7.4666586151     15292  +7.4667968750  +1.383e-04
 14815  +7.4681364298     15295  +7.4682617188  +1.253e-04
 14816  +7.4696139521     15298  +7.4697265625  +1.126e-04
 14817  +7.4710911822     15301  +7.4711914062  +1.002e-04
 14818  +7.4725681203     15304  +7.4726562500  +8.813e-05
 14819  +7.4740447665     15307  +7.4741210938  +7.633e-05
 14820  +7.4755211210     15310  +7.4755859375  +6.482e-05
 14821  +7.4769971841     15313  +7.4770507812  +5.360e-05
 14822  +7.4784729558     15316  +7.4785156250  +4.267e-05
 14823  +7.4799484363     15319  +7.4799804688  +3.203e-05
 14824  +7.4814236258     15322  +7.4814453125  +2.169e-05
 14825  +7.4828985245     15325  +7.4829101562  +1.163e-05
 14826  +7.4843731326     15328  +7.4843750000  +1.867e-06
 14827  +7.4858474502     15331  +7.4858398438  -7.606e-06
 14828  +7.4873214774     15334  +7.4873046875  -1.679e-05
 14829  +7.4887952146     15337  +7.4887695312  -2.568e-05
 14830  +7.4902686618     15340  +7.4902343750  -3.429e-05
 14831  +7.4917418191     15343  +7.4916992188  -4.260e-05
 14832  +7.4932146869     15346  +7.4931640625  -5.062e-05
 14833  +7.4946872652     15349  +7.4946289062  -5.836e-05
 14834  +7.4961595543     15352  +7.4960937500  -6.580e-05
 14835  +7.4976315542     15355  +7.4975585938  -7.296e-05
 14836  +7.4991032652     15358  +7.4990234375  -7.983e-05
 14837  +7.5005746874     15361  +7.5004882812  -8.641e-05
 14838  +7.5020458210     15364  +7.5019531250  -9.270e-05
 14839  +7.5035166662     15367  +7.5034179688  -9.870e-05
 14840  +7.5049872231     15370  +7.5048828125  -1.044e-04
 14841  +7.5064574920     15373  +7.5063476562  -1.098e-04
 14842  +7.5079274729     15376  +7.5078125000  -1.150e-04
 14843  +7.5093971661     15379  +7.5092773438  -1.198e-04
 14844  +7.5108665716     15382  +7.5107421875  -1.244e-04
 14845  +7.5123356898     15385  +7.5122070312  -1.287e-04
 14846  +7.5138045207     15388  +7.5136718750  -1.326e-04
 14847  +7.5152730646     15391  +7.5151367188  -1.363e-04
 14848  +7.5167413215     15394  +7.5166015625  -1.398e-04
 14849  +7.5182092917     15397  +7.5180664062  -1.429e-04
 14850  +7.5196769753     15400  +7.5195312500  -1.457e-04
 14851  +7.5211443726     15403  +7.5209960938  -1.483e-04
 14852  +7.5226114835     15406  +7.5224609375  -1.505e-04
 14853  +7.5240783085     15409  +7.5239257812  -1.525e-04
 14854  +7.5255448475     15412  +7.5253906250  -1.542e-04
 14855  +7.5270111007     15415  +7.5268554688  -1.556e-04
 14856  +7.5284770684     15418  +7.5283203125  -1.568e-04
 14857  +7.5299427507     15421  +7.5297851562  -1.576e-04
 14858  +7.5314081478     15424  +7.5312500000  -1.581e-04
 14859  +7.5328732598     15427  +7.5327148438  -1.584e-04
 14860  +7.5343380869     15430  +7.5341796875  -1.584e-04
 14861  +7.5358026293     15433  +7.5356445312  -1.581e-04
 14862  +7.5372668870     15436  +7.5371093750  -1.575e-04
 14863  +7.5387308604     15439  +7.5385742188  -1.566e-04
 14864  +7.5401945496     15442  +7.5400390625  -1.555e-04
 14865  +7.5416579546     15445  +7.5415039062  -1.540e-04
 14866  +7.5431210758     15448  +7.5429687500  -1.523e-04
 14867  +7.5445839132     15451  +7.5444335938  -1.503e-04
 14868  +7.5460464671     15454  +7.5458984375  -1.480e-04
 14869  +7.5475087375     15457  +7.5473632812  -1.455e-04
 14870  +7.5489707247     15460  +7.5488281250  -1.426e-04
 14871  +7.5504324288     15463  +7.5502929688  -1.395e-04
 14872  +7.5518938499     15466  +7.5517578125  -1.360e-04
 14873  +7.5533549883     15469  +7.5532226562  -1.323e-04
 14874  +7.5548158442     15472  +7.5546875000  -1.283e-04
 14875  +7.5562764176     15475  +7.5561523438  -1.241e-04
 14876  +7.5577367087     15478  +7.5576171875  -1.195e-04
 14877  +7.5591967177     15481  +7.5590820312  -1.147e-04
 14878  +7.5606564448     15484  +7.5605468750  -1.096e-04
 14879  +7.5621158902     15487  +7.5620117188  -1.042e-04
 14880  +7.5635750539     15490  +7.5634765625  -9.849e-05
 14881  +7.5650339362     15493  +7.5649414062  -9.253e-05
 14882  +7.5664925371     15496  +7.5664062500  -8.629e-05
 14883  +7.5679508570     15499  +7.5678710938  -7.976e-05
 14884  +7.5694088959     15502  +7.5693359375  -7.296e-05
 14885  +7.5708666540     15505  +7.5708007812  -6.587e-05
 14886  +7.5723241315     15508  +7.5722656250  -5.851e-05
 14887  +7.5737813285     15511  +7.5737304688  -5.086e-05
 14888  +7.5752382452     15514  +7.5751953125  -4.293e-05
 14889  +7.5766948817     15517  +7.5766601562  -3.473e-05
 14890  +7.5781512383     15520  +7.5781250000  -2.624e-05
 14891  +7.5796073150     15523  +7.5795898438  -1.747e-05
 14892  +7.5810631120     15526  +7.5810546875  -8.425e-06
 14893  +7.5825186296     15529  +7.5825195312  +9.017e-07
 14894  +7.5839738678     15532  +7.5839843750  +1.051e-05
 14895  +7.5854288268     15535  +7.5854492188  +2.039e-05
 14896  +7.5868835068     15538  +7.5869140625  +3.056e-05
 14897  +7.5883379080     15541  +7.5883789062  +4.100e-05
 14898  +7.5897920304     15544  +7.5898437500  +5.172e-05
 14899  +7.5912458743     15547  +7.5913085938  +6.272e-05
 14900  +7.5926994399     15550  +7.5927734375  +7.400e-05
 14901  +7.5941527272     15553  +7.5942382812  +8.555e-05
 14902  +7.5956057364     15556  +7.5957031250  +9.739e-05
 14903  +7.5970584677     15559  +7.5971679688  +1.095e-04
 14904  +7.5985109213     15562  +7.5986328125  +1.219e-04
 14905  +7.5999630974     15565  +7.6000976562  +1.346e-04
 14906  +7.6014149959     15568  +7.6015625000  +1.475e-04
 14907  +7.6028666173     15571  +7.6030273438  +1.607e-04
 14908  +7.6043179615     15574  +7.6044921875  +1.742e-04
 14909  +7.6057690288     15577  +7.6059570312  +1.880e-04
 14910  +7.6072198192     15580  +7.6074218750  +2.021e-04
 14911  +7.6086703331     15583  +7.6088867188  +2.164e-04
 14912  +7.6101205705     15586  +7.6103515625  +2.310e-04
 14913  +7.6115705315     15588  +7.6113281250  -2.424e-04
 14914  +7.6130202164     15591  +7.6127929688  -2.272e-04
 14915  +7.6144696253     15594  +7.6142578125  -2.118e-04
 14916  +7.6159187584     15597  +7.6157226562  -1.961e-04
 14917  +7.6173676158     15600  +7.6171875000  -1.801e-04
 14918  +7.6188161976     15603  +7.6186523438  -1.639e-04
 14919  +7.6202645041     15606  +7.6201171875  -1.473e-04
 14920  +7.6217125354     15609  +7.6215820312  -1.305e-04
 14921  +7.6231602916     15612  +7.6230468750  -1.134e-04
 14922  +7.6246077729     15615  +7.6245117188  -9.605e-05
 14923  +7.6260549795     15618  +7.6259765625  -7.842e-05
 14924  +7.6275019115     15621  +7.6274414062  -6.051e-05
 14925  +7.6289485691     15624  +7.6289062500  -4.232e-05
 14926  +7.6303949523     15627  +7.6303710938  -2.386e-05
 14927  +7.6318410615     15630  +7.6318359375  -5.124e-06
 14928  +7.6332868967     15633  +7.6333007812  +1.388e-05
 14929  +7.6347324581     15636  +7.6347656250  +3.317e-05
 14930  +7.6361777459     15639  +7.6362304688  +5.272e-05
 14931  +7.6376227601     15642  +7.6376953125  +7.255e-05
 14932  +7.6390675010     15645  +7.6391601562  +9.266e-05
 14933  +7.6405119688     15648  +7.6406250000  +1.130e-04
 14934  +7.6419561635     15651  +7.6420898438  +1.337e-04
 14935  +7.6434000853     15654  +7.6435546875  +1.546e-04
 14936  +7.6448437344     15657  +7.6450195312  +1.758e-04
 14937  +7.6462871109     15660  +7.6464843750  +1.973e-04
 14938  +7.6477302150     15663  +7.6479492188  +2.190e-04
 14939  +7.6491730469     15666  +7.6494140625  +2.410e-04
 14940  +7.6506156066     15668  +7.6503906250  -2.250e-04
 14941  +7.6520578944     15671  +7.6518554688  -2.024e-04
 14942  +7.6534999105     15674  +7.6533203125  -1.796e-04
 14943  +7.6549416548     15677  +7.6547851562  -1.565e-04
 14944  +7.6563831277     15680  +7.6562500000  -1.331e-04
 14945  +7.6578243292     15683  +7.6577148438  -1.095e-04
 14946  +7.6592652596     15686  +7.6591796875  -8.557e-05
 14947  +7.6607059189     15689  +7.6606445312  -6.139e-05
 14948  +7.6621463074     15692  +7.6621093750  -3.693e-05
 14949  +7.6635864251     15695  +7.6635742188  -1.221e-05
 14950  +7.6650262723     15698  +7.6650390625  +1.279e-05
 14951  +7.6664658490     15701  +7.6665039062  +3.806e-05
 14952  +7.6679051555     15704  +7.6679687500  +6.359e-05
 14953  +7.6693441918     15707  +7.6694335938  +8.940e-05
 14954  +7.6707829582     15710  +7.6708984375  +1.155e-04
 14955  +7.6722214548     15713  +7.6723632812  +1.418e-04
 14956  +7.6736596817     15716  +7.6738281250  +1.684e-04
 14957  +7.6750976392     15719  +7.6752929688  +1.953e-04
 14958  +7.6765353272     15722  +7.6767578125  +2.225e-04
 14959  +7.6779727461     15724  +7.6777343750  -2.384e-04
 14960  +7.6794098959     15727  +7.6791992188  -2.107e-04
 14961  +7.6808467768     15730  +7.6806640625  -1.827e-04
 14962  +7.6822833889     15733  +7.6821289062  -1.545e-04
 14963  +7.6837197325     15736  +7.6835937500  -1.260e-04
 14964  +7.6851558076     15739  +7.6850585938  -9.721e-05
 14965  +7.6865916144     15742  +7.6865234375  -6.818e-05
 14966  +7.6880271530     15745  +7.6879882812  -3.887e-05
 14967  +7.6894624236     15748  +7.6894531250  -9.299e-06
 14968  +7.6908974264     15751  +7.6909179688  +2.054e-05
 14969  +7.6923321615     15754  +7.6923828125  +5.065e-05
 14970  +7.6937666291     15757  +7.6938476562  +8.103e-05
 14971  +7.6952008292     15760  +7.6953125000  +1.117e-04
 14972  +7.6966347621     15763  +7.6967773438  +1.426e-04
 14973  +7.6980684279     15766  +7.6982421875  +1.738e-04
 14974  +7.6995018268     15769  +7.6997070312  +2.052e-04
 14975  +7.7009349588     15772  +7.7011718750  +2.369e-04
 14976  +7.7023678242     15774  +7.7021484375  -2.194e-04
 14977  +7.7038004231     15777  +7.7036132812  -1.871e-04
 14978  +7.7052327556     15780  +7.7050781250  -1.546e-04
 14979  +7.7066648219     15783  +7.7065429688  -1.219e-04
 14980  +7.7080966222     15786  +7.7080078125  -8.881e-05
 14981  +7.7095281565     15789  +7.7094726562  -5.550e-05
 14982  +7.7109594251     15792  +7.7109375000  -2.193e-05
 14983  +7.7123904281     15795  +7.7124023438  +1.192e-05
 14984  +7.7138211656     15798  +7.7138671875  +4.602e-05
 14985  +7.7152516378     15801  +7.7153320312  +8.039e-05
 14986  +7.7166818448     15804  +7.7167968750  +1.150e-04
 14987  +7.7181117868     15807  +7.7182617188  +1.499e-04
 14988  +7.7195414639     15810  +7.7197265625  +1.851e-04
 14989  +7.7209708762     15813  +7.7211914062  +2.205e-04
 14990  +7.7224000240     15815  +7.7221679688  -2.321e-04
 14991  +7.7238289074     15818  +7.7236328125  -1.961e-04
 14992  +7.7252575265     15821  +7.7250976562  -1.599e-04
 14993  +7.7266858814     15824  +7.7265625000  -1.234e-04
 14994  +7.7281139723     15827  +7.7280273438  -8.663e-05
 14995  +7.7295417994     15830  +7.7294921875  -4.961e-05
 14996  +7.7309693627     15833  +7.7309570312  -1.233e-05
 14997  +7.7323966626     15836  +7.7324218750  +2.521e-05
 14998  +7.7338236990     15839  +7.7338867188  +6.302e-05
 14999  +7.7352504721     15842  +7.7353515625  +1.011e-04
 15000  +7.7366769821     15845  +7.7368164062  +1.394e-04
 15001  +7.7381032291     15848  +7.7382812500  +1.780e-04
 15002  +7.7395292133     15851  +7.7397460938  +2.169e-04
 15003  +7.7409549349     15853  +7.7407226562  -2.323e-04
 15004  +7.7423803938     15856  +7.7421875000  -1.929e-04
 15005  +7.7438055904     15859  +7.7436523438  -1.532e-04
 15006  +7.7452305248     15862  +7.7451171875  -1.133e-04
 15007  +7.7466551970     15865  +7.7465820312  -7.317e-05
 15008  +7.7480796073     15868  +7.7480468750  -3.273e-05
 15009  +7.7495037557     15871  +7.7495117188  +7.963e-06
 15010  +7.7509276425     15874  +7.7509765625  +4.892e-05
 15011  +7.7523512678     15877  +7.7524414062  +9.014e-05
 15012  +7.7537746316     15880  +7.7539062500  +1.316e-04
 15013  +7.7551977343     15883  +7.7553710938  +1.734e-04
 15014  +7.7566205758     15886  +7.7568359375  +2.154e-04
 15015  +7.7580431564     15888  +7.7578125000  -2.307e-04
 15016  +7.7594654762     15891  +7.7592773438  -1.881e-04
 15017  +7.7608875353     15894  +7.7607421875  -1.453e-04
 15018  +7.7623093339     15897  +7.7622070312  -1.023e-04
 15019  +7.7637308721     15900  +7.7636718750  -5.900e-05
 15020  +7.7651521501     15903  +7.7651367188  -1.543e-05
 15021  +7.7665731679     15906  +7.7666015625  +2.839e-05
 15022  +7.7679939259     15909  +7.7680664062  +7.248e-05
 15023  +7.7694144240     15912  +7.7695312500  +1.168e-04
 15024  +7.7708346625     15915  +7.7709960938  +1.614e-04
 15025  +7.7722546414     15918  +7.7724609375  +2.063e-04
 15026  +7.7736743609     15920  +7.7734375000  -2.369e-04
 15027  +7.7750938213     15923  +7.7749023438  -1.915e-04
 15028  +7.7765130225     15926  +7.7763671875  -1.458e-04
 15029  +7.7779319647     15929  +7.7778320312  -9.993e-05
 15030  +7.7793506482     15932  +7.7792968750  -5.377e-05
 15031  +7.7807690730     15935  +7.7807617188  -7.354e-06
 15032  +7.7821872392     15938  +7.7822265625  +3.932e-05
 15033  +7.7836051471     15941  +7.7836914062  +8.626e-05
 15034  +7.7850227967     15944  +7.7851562500  +1.335e-04
 15035  +7.7864401882     15947  +7.7866210938  +1.809e-04
 15036  +7.7878573218     15950  +7.7880859375  +2.286e-04
 15037  +7.7892741975     15952  +7.7890625000  -2.117e-04
 15038  +7.7906908155     15955  +7.7905273438  -1.635e-04
 15039  +7.7921071760     15958  +7.7919921875  -1.150e-04
 15040  +7.7935232791     15961  +7.7934570312  -6.625e-05
 15041  +7.7949391249     15964  +7.7949218750  -1.725e-05
 15042  +7.7963547136     15967  +7.7963867188  +3.201e-05
 15043  +7.7977700453     15970  +7.7978515625  +8.152e-05
 15044  +7.7991851202     15973  +7.7993164062  +1.313e-04
 15045  +7.8005999384     15976  +7.8007812500  +1.813e-04
 15046  +7.8020145000     15979  +7.8022460938  +2.316e-04
 15047  +7.8034288052     15981  +7.8032226562  -2.061e-04
 15048  +7.8048428541     15984  +7.8046875000  -1.554e-04
 15049  +7.8062566468     15987  +7.8061523438  -1.043e-04
 15050  +7.8076701836     15990  +7.8076171875  -5.300e-05
 15051  +7.8090834645     15993  +7.8090820312  -1.433e-06
 15052  +7.8104964896     15996  +7.8105468750  +5.039e-05
 15053  +7.8119092592     15999  +7.8120117188  +1.025e-04
 15054  +7.8133217733     16002  +7.8134765625  +1.548e-04
 15055  +7.8147340321     16005  +7.8149414062  +2.074e-04
 15056  +7.8161460358     16007  +7.8159179688  -2.281e-04
 15057  +7.8175577844     16010  +7.8173828125  -1.750e-04
 15058  +7.8189692781     16013  +7.8188476562  -1.216e-04
 15059  +7.8203805170     16016  +7.8203125000  -6.802e-05
 15060  +7.8217915013     16019  +7.8217773438  -1.416e-05
 15061  +7.8232022311     16022  +7.8232421875  +3.996e-05
 15062  +7.8246127066     16025  +7.8247070312  +9.432e-05
 15063  +7.8260229279     16028  +7.8261718750  +1.489e-04
 15064  +7.8274328951     16031  +7.8276367188  +2.038e-04
 15065  +7.8288426084     16033  +7.8286132812  -2.293e-04
 15066  +7.8302520679     16036  +7.8300781250  -1.739e-04
 15067  +7.8316612737     16039  +7.8315429688  -1.183e-04
 15068  +7.8330702260     16042  +7.8330078125  -6.241e-05
 15069  +7.8344789249     16045  +7.8344726562  -6.269e-06
 15070  +7.8358873706     16048  +7.8359375000  +5.013e-05
 15071  +7.8372955631     16051  +7.8374023438  +1.068e-04
 15072  +7.8387035027     16054  +7.8388671875  +1.637e-04
 15073  +7.8401111894     16057  +7.8403320312  +2.208e-04
 15074  +7.8415186234     16059  +7.8413085938  -2.100e-04
 15075  +7.8429258049     16062  +7.8427734375  -1.524e-04
 15076  +7.8443327339     16065  +7.8442382812  -9.445e-05
 15077  +7.8457394107     16068  +7.8457031250  -3.629e-05
 15078  +7.8471458352     16071  +7.8471679688  +2.213e-05
 15079  +7.8485520078     16074  +7.8486328125  +8.080e-05
 15080  +7.8499579284     16077  +7.8500976562  +1.397e-04
 15081  +7.8513635973     16080  +7.8515625000  +1.989e-04
 15082  +7.8527690146     16082  +7.8525390625  -2.300e-04
 15083  +7.8541741804     16085  +7.8540039062  -1.703e-04
 15084  +7.8555790949     16088  +7.8554687500  -1.103e-04
 15085  +7.8569837581     16091  +7.8569335938  -5.016e-05
 15086  +7.8583881703     16094  +7.8583984375  +1.027e-05
 15087  +7.8597923315     16097  +7.8598632812  +7.095e-05
 15088  +7.8611962419     16100  +7.8613281250  +1.319e-04
 15089  +7.8625999016     16103  +7.8627929688  +1.931e-04
 15090  +7.8640033108     16105  +7.8637695312  -2.338e-04
 15091  +7.8654064696     16108  +7.8652343750  -1.721e-04
 15092  +7.8668093781     16111  +7.8666992188  -1.102e-04
 15093  +7.8682120365     16114  +7.8681640625  -4.797e-05
 15094  +7.8696144448     16117  +7.8696289062  +1.446e-05
 15095  +7.8710166033     16120  +7.8710937500  +7.715e-05
 15096  +7.8724185120     16123  +7.8725585938  +1.401e-04
 15097  +7.8738201712     16126  +7.8740234375  +2.033e-04
 15098  +7.8752215809     16128  +7.8750000000  -2.216e-04
 15099  +7.8766227412     16131  +7.8764648438  -1.579e-04
 15100  +7.8780236523     16134  +7.8779296875  -9.396e-05
 15101  +7.8794243144     16137  +7.8793945312  -2.978e-05
 15102  +7.8808247275     16140  +7.8808593750  +3.465e-05
 15103  +7.8822248918     16143  +7.8823242188  +9.933e-05
 15104  +7.8836248074     16146  +7.8837890625  +1.643e-04
 15105  +7.8850244745     16149  +7.8852539062  +2.294e-04
 15106  +7.8864238932     16151  +7.8862304688  -1.934e-04
 15107  +7.8878230636     16154  +7.8876953125  -1.278e-04
 15108  +7.8892219858     16157  +7.8891601562  -6.183e-05
 15109  +7.8906206601     16160  +7.8906250000  +4.340e-06
 15110  +7.8920190864     16163  +7.8920898438  +7.076e-05
 15111  +7.8934172650     16166  +7.8935546875  +1.374e-04
 15112  +7.8948151960     16169  +7.8950195312  +2.043e-04
 15113  +7.8962128795     16171  +7.8959960938  -2.168e-04
 15114  +7.8976103157     16174  +7.8974609375  -1.494e-04
 15115  +7.8990075046     16177  +7.8989257812  -8.172e-05
 15116  +7.9004044464     16180  +7.9003906250  -1.382e-05
 15117  +7.9018011413     16183  +7.9018554688  +5.433e-05
 15118  +7.9031975893     16186  +7.9033203125  +1.227e-04
 15119  +7.9045937907     16189  +7.9047851562  +1.914e-04
 15120  +7.9059897454     16191  +7.9057617188  -2.280e-04
 15121  +7.9073854537     16194  +7.9072265625  -1.589e-04
 15122  +7.9087809158     16197  +7.9086914062  -8.951e-05
 15123  +7.9101761316     16200  +7.9101562500  -1.988e-05
 15124  +7.9115711014     16203  +7.9116210938  +4.999e-05
 15125  +7.9129658253     16206  +7.9130859375  +1.201e-04
 15126  +7.9143603033     16209  +7.9145507812  +1.905e-04
 15127  +7.9157545358     16211  +7.9155273438  -2.272e-04
 15128  +7.9171485227     16214  +7.9169921875  -1.563e-04
 15129  +7.9185422642     16217  +7.9184570312  -8.523e-05
 15130  +7.9199357604     16220  +7.9199218750  -1.389e-05
 15131  +7.9213290115     16223  +7.9213867188  +5.771e-05
 15132  +7.9227220176     16226  +7.9228515625  +1.295e-04
 15133  +7.9241147788     16229  +7.9243164062  +2.016e-04
 15134  +7.9255072952     16231  +7.9252929688  -2.143e-04
 15135  +7.9268995670     16234  +7.9267578125  -1.418e-04
 15136  +7.9282915944     16237  +7.9282226562  -6.894e-05
 15137  +7.9296833773     16240  +7.9296875000  +4.123e-06
 15138  +7.9310749161     16243  +7.9311523438  +7.743e-05
 15139  +7.9324662107     16246  +7.9326171875  +1.510e-04
 15140  +7.9338572613     16249  +7.9340820312  +2.248e-04
 15141  +7.9352480681     16251  +7.9350585938  -1.895e-04
 15142  +7.9366386312     16254  +7.9365234375  -1.152e-04
 15143  +7.9380289506     16257  +7.9379882812  -4.067e-05
 15144  +7.9394190266     16260  +7.9394531250  +3.410e-05
 15145  +7.9408088593     16263  +7.9409179688  +1.091e-04
 15146  +7.9421984488     16266  +7.9423828125  +1.844e-04
 15147  +7.9435877951     16268  +7.9433593750  -2.284e-04
 15148  +7.9449768985     16271  +7.9448242188  -1.527e-04
 15149  +7.9463657591     16274  +7.9462890625  -7.670e-05
 15150  +7.9477543770     16277  +7.9477539062  -4.707e-07
 15151  +7.9491427523     16280  +7.9492187500  +7.600e-05
 15152  +7.9505308852     16283  +7.9506835938  +1.527e-04
 15153  +7.9519187757     16286  +7.9521484375  +2.297e-04
 15154  +7.9533064240     16288  +7.9531250000  -1.814e-04
 15155  +7.9546938303     16291  +7.9545898438  -1.040e-04
 15156  +7.9560809947     16294  +7.9560546875  -2.631e-05
 15157  +7.9574679172     16297  +7.9575195312  +5.161e-05
 15158  +7.9588545980     16300  +7.9589843750  +1.298e-04
 15159  +7.9602410373     16303  +7.9604492188  +2.082e-04
 15160  +7.9616272351     16305  +7.9614257812  -2.015e-04
 15161  +7.9630131917     16308  +7.9628906250  -1.226e-04
 15162  +7.9643989070     16311  +7.9643554688  -4.344e-05
 15163  +7.9657843813     16314  +7.9658203125  +3.593e-05
 15164  +7.9671696147     16317  +7.9672851562  +1.155e-04
 15165  +7.9685546072     16320  +7.9687500000  +1.954e-04
 15166  +7.9699393591     16322  +7.9697265625  -2.128e-04
 15167  +7.9713238704     16325  +7.9711914062  -1.325e-04
 15168  +7.9727081413     16328  +7.9726562500  -5.189e-05
 15169  +7.9740921719     16331  +7.9741210938  +2.892e-05
 15170  +7.9754759623     16334  +7.9755859375  +1.100e-04
 15171  +7.9768595127     16337  +7.9770507812  +1.913e-04
 15172  +7.9782428231     16339  +7.9780273438  -2.155e-04
 15173  +7.9796258937     16342  +7.9794921875  -1.337e-04
 15174  +7.9810087247     16345  +7.9809570312  -5.169e-05
 15175  +7.9823913160     16348  +7.9824218750  +3.056e-05
 15176  +7.9837736680     16351  +7.9838867188  +1.131e-04
 15177  +7.9851557806     16354  +7.9853515625  +1.958e-04
 15178  +7.9865376541     16356  +7.9863281250  -2.095e-04
 15179  +7.9879192885     16359  +7.9877929688  -1.263e-04
 15180  +7.9893006840     16362  +7.9892578125  -4.287e-05
 15181  +7.9906818407     16365  +7.9907226562  +4.082e-05
 15182  +7.9920627587     16368  +7.9921875000  +1.247e-04
 15183  +7.9934434381     16371  +7.9936523438  +2.089e-04
 15184  +7.9948238791     16373  +7.9946289062  -1.950e-04
 15185  +7.9962040817     16376  +7.9960937500  -1.103e-04
 15186  +7.9975840462     16379  +7.9975585938  -2.545e-05
 15187  +7.9989637726     16382  +7.9990234375  +5.966e-05
 15188  +8.0003432611     16385  +8.0004882812  +1.450e-04
 15189  +8.0017225117     16388  +8.0019531250  +2.306e-04
 15190  +8.0031015246     16390  +8.0029296875  -1.718e-04
 15191  +8.0044803000     16393  +8.0043945312  -8.577e-05
 15192  +8.0058588379     16396  +8.0058593750  +5.371e-07
 15193  +8.0072371385     16399  +8.0073242188  +8.708e-05
 15194  +8.0086152018     16402  +8.0087890625  +1.739e-04
 15195  +8.0099930281     16404  +8.0097656250  -2.274e-04
 15196  +8.0113706174     16407  +8.0112304688  -1.401e-04
 15197  +8.0127479699     16410  +8.0126953125  -5.266e-05
 15198  +8.0141250857     16413  +8.0141601562  +3.507e-05
 15199  +8.0155019648     16416  +8.0156250000  +1.230e-04
 15200  +8.0168786075     16419  +8.0170898438  +2.112e-04
 15201  +8.0182550138     16421  +8.0180664062  -1.886e-04
 15202  +8.0196311839     16424  +8.0195312500  -9.993e-05
 15203  +8.0210071179     16427  +8.0209960938  -1.102e-05
 15204  +8.0223828159     16430  +8.0224609375  +7.812e-05
 15205  +8.0237582781     16433  +8.0239257812  +1.675e-04
 15206  +8.0251335044     16435  +8.0249023438  -2.312e-04
 15207  +8.0265084952     16438  +8.0263671875  -1.413e-04
 15208  +8.0278832505     16441  +8.0278320312  -5.122e-05
 15209  +8.0292577703     16444  +8.0292968750  +3.910e-05
 15210  +8.0306320549     16447  +8.0307617188  +1.297e-04
 15211  +8.0320061044     16450  +8.0322265625  +2.205e-04
 15212  +8.0333799189     16452  +8.0332031250  -1.768e-04
 15213  +8.0347534984     16455  +8.0346679688  -8.553e-05
 15214  +8.0361268432     16458  +8.0361328125  +5.969e-06
 15215  +8.0374999533     16461  +8.0375976562  +9.770e-05
 15216  +8.0388728288     16464  +8.0390625000  +1.897e-04
 15217  +8.0402454700     16466  +8.0400390625  -2.064e-04
 15218  +8.0416178768     16469  +8.0415039062  -1.140e-04
 15219  +8.0429900495     16472  +8.0429687500  -2.130e-05
 15220  +8.0443619881     16475  +8.0444335938  +7.161e-05
 15221  +8.0457336928     16478  +8.0458984375  +1.647e-04
 15222  +8.0471051636     16480  +8.0468750000  -2.302e-04
 15223  +8.0484764008     16483  +8.0483398438  -1.366e-04
 15224  +8.0498474044     16486  +8.0498046875  -4.272e-05
 15225  +8.0512181745     16489  +8.0512695312  +5.136e-05
 15226  +8.0525887112     16492  +8.0527343750  +1.457e-04
 15227  +8.0539590148     16495  +8.0541992188  +2.402e-04
 15228  +8.0553290852     16497  +8.0551757812  -1.533e-04
 15229  +8.0566989227     16500  +8.0566406250  -5.830e-05
 15230  +8.0580685273     16503  +8.0581054688  +3.694e-05
 15231  +8.0594378991     16506  +8.0595703125  +1.324e-04
 15232  +8.0608070383     16509  +8.0610351562  +2.281e-04
 15233  +8.0621759450     16511  +8.0620117188  -1.642e-04
 15234  +8.0635446193     16514  +8.0634765625  -6.806e-05
 15235  +8.0649130613     16517  +8.0649414062  +2.834e-05
 15236  +8.0662812712     16520  +8.0664062500  +1.250e-04
 15237  +8.0676492491     16523  +8.0678710938  +2.218e-04
 15238  +8.0690169950     16525  +8.0688476562  -1.693e-04
 15239  +8.0703845091     16528  +8.0703125000  -7.201e-05
 15240  +8.0717517915     16531  +8.0717773438  +2.555e-05
 15241  +8.0731188424     16534  +8.0732421875  +1.233e-04
 15242  +8.0744856618     16537  +8.0747070312  +2.214e-04
 15243  +8.0758522499     16539  +8.0756835938  -1.687e-04
 15244  +8.0772186068     16542  +8.0771484375  -7.017e-05
 15245  +8.0785847326     16545  +8.0786132812  +2.855e-05
 15246  +8.0799506274     16548  +8.0800781250  +1.275e-04
 15247  +8.0813162913     16551  +8.0815429688  +2.267e-04
 15248  +8.0826817245     16553  +8.0825195312  -1.622e-04
 15249  +8.0840469271     16556  +8.0839843750  -6.255e-05
 15250  +8.0854118991     16559  +8.0854492188  +3.732e-05
 15251  +8.0867766408     16562  +8.0869140625  +1.374e-04
 15252  +8.0881411522     16565  +8.0883789062  +2.378e-04
 15253  +8.0895054334     16567  +8.0893554688  -1.500e-04
 15254  +8.0908694845     16570  +8.0908203125  -4.917e-05
 15255  +8.0922333058     16573  +8.0922851562  +5.185e-05
 15256  +8.0935968972     16576  +8.0937500000  +1.531e-04
 15257  +8.0949602590     16578  +8.0947265625  -2.337e-04
 15258  +8.0963233911     16581  +8.0961914062  -1.320e-04
 15259  +8.0976862938     16584  +8.0976562500  -3.004e-05
 15260  +8.0990489672     16587  +8.0991210938  +7.213e-05
 15261  +8.1004114113     16590  +8.1005859375  +1.745e-04
 15262  +8.1017736263     16592  +8.1015625000  -2.111e-04
 15263  +8.1031356123     16595  +8.1030273438  -1.083e-04
 15264  +8.1044973694     16598  +8.1044921875  -5.182e-06
 15265  +8.1058588977     16601  +8.1059570312  +9.813e-05
 15266  +8.1072201974     16604  +8.1074218750  +2.017e-04
 15267  +8.1085812685     16606  +8.1083984375  -1.828e-04
 15268  +8.1099421112     16609  +8.1098632812  -7.883e-05
 15269  +8.1113027256     16612  +8.1113281250  +2.540e-05
 15270  +8.1126631119     16615  +8.1127929688  +1.299e-04
 15271  +8.1140232700     16618  +8.1142578125  +2.345e-04
 15272  +8.1153832002     16620  +8.1152343750  -1.488e-04
 15273  +8.1167429025     16623  +8.1166992188  -4.368e-05
 15274  +8.1181023770     16626  +8.1181640625  +6.169e-05
 15275  +8.1194616240     16629  +8.1196289062  +1.673e-04
 15276  +8.1208206434     16631  +8.1206054688  -2.152e-04
 15277  +8.1221794355     16634  +8.1220703125  -1.091e-04
 15278  +8.1235380003     16637  +8.1235351562  -2.844e-06
 15279  +8.1248963379     16640  +8.1250000000  +1.037e-04
 15280  +8.1262544484     16643  +8.1264648438  +2.104e-04
 15281  +8.1276123320     16645  +8.1274414062  -1.709e-04
 15282  +8.1289699888     16648  +8.1289062500  -6.374e-05
 15283  +8.1303274189     16651  +8.1303710938  +4.367e-05
 15284  +8.1316846224     16654  +8.1318359375  +1.513e-04
 15285  +8.1330415994     16656  +8.1328125000  -2.291e-04
 15286  +8.1343983500     16659  +8.1342773438  -1.210e-04
 15287  +8.1357548744     16662  +8.1357421875  -1.269e-05
 15288  +8.1371111726     16665  +8.1372070312  +9.586e-05
 15289  +8.1384672448     16668  +8.1386718750  +2.046e-04
 15290  +8.1398230911     16670  +8.1396484375  -1.747e-04
 15291  +8.1411787116     16673  +8.1411132812  -6.543e-05
 15292  +8.1425341064     16676  +8.1425781250  +4.402e-05
 15293  +8.1438892756     16679  +8.1440429688  +1.537e-04
 15294  +8.1452442193     16681  +8.1450195312  -2.247e-04
 15295  +8.1465989377     16684  +8.1464843750  -1.146e-04
 15296  +8.1479534308     16687  +8.1479492188  -4.212e-06
 15297  +8.1493076989     16690  +8.1494140625  +1.064e-04
 15298  +8.1506617419     16693  +8.1508789062  +2.172e-04
 15299  +8.1520155599     16695  +8.1518554688  -1.601e-04
 15300  +8.1533691532     16698  +8.1533203125  -4.884e-05
 15301  +8.1547225218     16701  +8.1547851562  +6.263e-05
 15302  +8.1560756659     16704  +8.1562500000  +1.743e-04
 15303  +8.1574285855     16706  +8.1572265625  -2.020e-04
 15304  +8.1587812807     16709  +8.1586914062  -8.987e-05
 15305  +8.1601337517     16712  +8.1601562500  +2.250e-05
 15306  +8.1614859986     16715  +8.1616210938  +1.351e-04
 15307  +8.1628380215     16717  +8.1625976562  -2.404e-04
 15308  +8.1641898204     16720  +8.1640625000  -1.273e-04
 15309  +8.1655413956     16723  +8.1655273438  -1.405e-05
 15310  +8.1668927471     16726  +8.1669921875  +9.944e-05
 15311  +8.1682438751     16729  +8.1684570312  +2.132e-04
 15312  +8.1695947795     16731  +8.1694335938  -1.612e-04
 15313  +8.1709454607     16734  +8.1708984375  -4.702e-05
 15314  +8.1722959186     16737  +8.1723632812  +6.736e-05
 15315  +8.1736461533     16740  +8.1738281250  +1.820e-04
 15316  +8.1749961651     16742  +8.1748046875  -1.915e-04
 15317  +8.1763459540     16745  +8.1762695312  -7.642e-05
 15318  +8.1776955200     16748  +8.1777343750  +3.885e-05
 15319  +8.1790448634     16751  +8.1791992188  +1.544e-04
 15320  +8.1803939842     16753  +8.1801757812  -2.182e-04
 15321  +8.1817428826     16756  +8.1816406250  -1.023e-04
 15322  +8.1830915586     16759  +8.1831054688  +1.391e-05
 15323  +8.1844400123     16762  +8.1845703125  +1.303e-04
 15324  +8.1857882439     16764  +8.1855468750  -2.414e-04
 15325  +8.1871362535     16767  +8.1870117188  -1.245e-04
 15326  +8.1884840412     16770  +8.1884765625  -7.479e-06
 15327  +8.1898316071     16773  +8.1899414062  +1.098e-04
 15328  +8.1911789513     16776  +8.1914062500  +2.273e-04
 15329  +8.1925260739     16778  +8.1923828125  -1.433e-04
 15330  +8.1938729750     16781  +8.1938476562  -2.532e-05
 15331  +8.1952196548     16784  +8.1953125000  +9.285e-05
 15332  +8.1965661133     16787  +8.1967773438  +2.112e-04
 15333  +8.1979123507     16789  +8.1977539062  -1.584e-04
 15334  +8.1992583670     16792  +8.1992187500  -3.962e-05
 15335  +8.2006041624     16795  +8.2006835938  +7.943e-05
 15336  +8.2019497370     16798  +8.2021484375  +1.987e-04
 15337  +8.2032950908     16800  +8.2031250000  -1.701e-04
 15338  +8.2046402241     16803  +8.2045898438  -5.038e-05
 15339  +8.2059851368     16806  +8.2060546875  +6.955e-05
 15340  +8.2073298292     16809  +8.2075195312  +1.897e-04
 15341  +8.2086743013     16811  +8.2084960938  -1.782e-04
 15342  +8.2100185532     16814  +8.2099609375  -5.762e-05
 15343  +8.2113625851     16817  +8.2114257812  +6.320e-05
 15344  +8.2127063970     16820  +8.2128906250  +1.842e-04
 15345  +8.2140499890     16822  +8.2138671875  -1.828e-04
 15346  +8.2153933614     16825  +8.2153320312  -6.133e-05
 15347  +8.2167365140     16828  +8.2167968750  +6.036e-05
 15348  +8.2180794472     16831  +8.2182617188  +1.823e-04
 15349  +8.2194221610     16833  +8.2192382812  -1.839e-04
 15350  +8.2207646554     16836  +8.2207031250  -6.153e-05
 15351  +8.2221069306     16839  +8.2221679688  +6.104e-05
 15352  +8.2234489868     16842  +8.2236328125  +1.838e-04
 15353  +8.2247908239     16844  +8.2246093750  -1.814e-04
 15354  +8.2261324422     16847  +8.2260742188  -5.822e-05
 15355  +8.2274738417     16850  +8.2275390625  +6.522e-05
 15356  +8.2288150226     16853  +8.2290039062  +1.889e-04
 15357  +8.2301559849     16855  +8.2299804688  -1.755e-04
 15358  +8.2314967287     16858  +8.2314453125  -5.142e-05
 15359  +8.2328372542     16861  +8.2329101562  +7.290e-05
 15360  +8.2341775615     16864  +8.2343750000  +1.974e-04
 15361  +8.2355176506     16866  +8.2353515625  -1.661e-04
 15362  +8.2368575217     16869  +8.2368164062  -4.112e-05
 15363  +8.2381971749     16872  +8.2382812500  +8.408e-05
 15364  +8.2395366102     16875  +8.2397460938  +2.095e-04
 15365  +8.2408758279     16877  +8.2407226562  -1.532e-04
 15366  +8.2422148280     16880  +8.2421875000  -2.733e-05
 15367  +8.2435536105     16883  +8.2436523438  +9.873e-05
 15368  +8.2448921757     16886  +8.2451171875  +2.250e-04
 15369  +8.2462305236     16888  +8.2460937500  -1.368e-04
 15370  +8.2475686543     16891  +8.2475585938  -1.006e-05
 15371  +8.2489065680     16894  +8.2490234375  +1.169e-04
 15372  +8.2502442647     16897  +8.2504882812  +2.440e-04
 15373  +8.2515817445     16899  +8.2514648438  -1.169e-04
 15374  +8.2529190076     16902  +8.2529296875  +1.068e-05
 15375  +8.2542560540     16905  +8.2543945312  +1.385e-04
 15376  +8.2555928839     16907  +8.2553710938  -2.218e-04
 15377  +8.2569294973     16910  +8.2568359375  -9.356e-05
 15378  +8.2582658944     16913  +8.2583007812  +3.489e-05
 15379  +8.2596020753     16916  +8.2597656250  +1.635e-04
 15380  +8.2609380401     16918  +8.2607421875  -1.959e-04
 15381  +8.2622737888     16921  +8.2622070312  -6.676e-05
 15382  +8.2636093216     16924  +8.2636718750  +6.255e-05
 15383  +8.2649446387     16927  +8.2651367188  +1.921e-04
 15384  +8.2662797400     16929  +8.2661132812  -1.665e-04
 15385  +8.2676146257     16932  +8.2675781250  -3.650e-05
 15386  +8.2689492959     16935  +8.2690429688  +9.367e-05
 15387  +8.2702837507     16938  +8.2705078125  +2.241e-04
 15388  +8.2716179903     16940  +8.2714843750  -1.336e-04
 15389  +8.2729520146     16943  +8.2729492188  -2.796e-06
 15390  +8.2742858239     16946  +8.2744140625  +1.282e-04
 15391  +8.2756194182     16948  +8.2753906250  -2.288e-04
 15392  +8.2769527977     16951  +8.2768554688  -9.733e-05
 15393  +8.2782859623     16954  +8.2783203125  +3.435e-05
 15394  +8.2796189123     16957  +8.2797851562  +1.662e-04
 15395  +8.2809516478     16959  +8.2807617188  -1.899e-04
 15396  +8.2822841688     16962  +8.2822265625  -5.761e-05
 15397  +8.2836164754     16965  +8.2836914062  +7.493e-05
 15398  +8.2849485678     16968  +8.2851562500  +2.077e-04
 15399  +8.2862804461     16970  +8.2861328125  -1.476e-04
 15400  +8.2876121103     16973  +8.2875976562  -1.445e-05
 15401  +8.2889435605     16976  +8.2890625000  +1.189e-04
 15402  +8.2902747969     16978  +8.2900390625  -2.357e-04
 15403  +8.2916058196     16981  +8.2915039062  -1.019e-04
 15404  +8.2929366287     16984  +8.2929687500  +3.212e-05
 15405  +8.2942672242     16987  +8.2944335938  +1.664e-04
 15406  +8.2955976064     16989  +8.2954101562  -1.875e-04
 15407  +8.2969277751     16992  +8.2968750000  -5.278e-05
 15408  +8.2982577307     16995  +8.2983398438  +8.211e-05
 15409  +8.2995874732     16998  +8.2998046875  +2.172e-04
 15410  +8.3009170026     17000  +8.3007812500  -1.358e-04
 15411  +8.3022463191     17003  +8.3022460938  -2.254e-07
 15412  +8.3035754229     17006  +8.3037109375  +1.355e-04
 15413  +8.3049043139     17008  +8.3046875000  -2.168e-04
 15414  +8.3062329923     17011  +8.3061523438  -8.065e-05
 15415  +8.3075614582     17014  +8.3076171875  +5.573e-05
 15416  +8.3088897117     17017  +8.3090820312  +1.923e-04
 15417  +8.3102177529     17019  +8.3100585938  -1.592e-04
 15418  +8.3115455819     17022  +8.3115234375  -2.214e-05
 15419  +8.3128731988     17025  +8.3129882812  +1.151e-04
 15420  +8.3142006037     17027  +8.3139648438  -2.358e-04
 15421  +8.3155277967     17030  +8.3154296875  -9.811e-05
 15422  +8.3168547779     17033  +8.3168945312  +3.975e-05
 15423  +8.3181815475     17036  +8.3183593750  +1.778e-04
 15424  +8.3195081054     17038  +8.3193359375  -1.722e-04
 15425  +8.3208344519     17041  +8.3208007812  -3.367e-05
 15426  +8.3221605869     17044  +8.3222656250  +1.050e-04
 15427  +8.3234865107     17047  +8.3237304688  +2.440e-04
 15428  +8.3248122233     17049  +8.3247070312  -1.052e-04
 15429  +8.3261377248     17052  +8.3261718750  +3.415e-05
 15430  +8.3274630154     17055  +8.3276367188  +1.737e-04
 15431  +8.3287880950     17057  +8.3286132812  -1.748e-04
 15432  +8.3301129639     17060  +8.3300781250  -3.484e-05
 15433  +8.3314376221     17063  +8.3315429688  +1.053e-04
 15434  +8.3327620697     17065  +8.3325195312  -2.425e-04
 15435  +8.3340863068     17068  +8.3339843750  -1.019e-04
 15436  +8.3354103336     17071  +8.3354492188  +3.889e-05
 15437  +8.3367341500     17074  +8.3369140625  +1.799e-04
 15438  +8.3380577563     17076  +8.3378906250  -1.671e-04
 15439  +8.3393811525     17079  +8.3393554688  -2.568e-05
 15440  +8.3407043388     17082  +8.3408203125  +1.160e-04
 15441  +8.3420273151     17084  +8.3417968750  -2.304e-04
 15442  +8.3433500817     17087  +8.3432617188  -8.836e-05
 15443  +8.3446726386     17090  +8.3447265625  +5.392e-05
 15444  +8.3459949859     17093  +8.3461914062  +1.964e-04
 15445  +8.3473171237     17095  +8.3471679688  -1.492e-04
 15446  +8.3486390521     17098  +8.3486328125  -6.240e-06
 15447  +8.3499607713     17101  +8.3500976562  +1.369e-04
 15448  +8.3512822813     17103  +8.3510742188  -2.081e-04
 15449  +8.3526035822     17106  +8.3525390625  -6.452e-05
 15450  +8.3539246741     17109  +8.3540039062  +7.923e-05
 15451  +8.3552455571     17112  +8.3554687500  +2.232e-04
 15452  +8.3565662314     17114  +8.3564453125  -1.209e-04
 15453  +8.3578866969     17117  +8.3579101562  +2.346e-05
 15454  +8.3592069539     17120  +8.3593750000  +1.680e-04
 15455  +8.3605270024     17122  +8.3603515625  -1.754e-04
 15456  +8.3618468425     17125  +8.3618164062  -3.044e-05
 15457  +8.3631664743     17128  +8.3632812500  +1.148e-04
 15458  +8.3644858979     17130  +8.3642578125  -2.281e-04
 15459  +8.3658051134     17133  +8.3657226562  -8.246e-05
 15460  +8.3671241209     17136  +8.3671875000  +6.338e-05
 15461  +8.3684429205     17139  +8.3686523438  +2.094e-04
 15462  +8.3697615124     17141  +8.3696289062  -1.326e-04
 15463  +8.3710798965     17144  +8.3710937500  +1.385e-05
 15464  +8.3723980730     17147  +8.3725585938  +1.605e-04
 15465  +8.3737160420     17149  +8.3735351562  -1.809e-04
 15466  +8.3750338036     17152  +8.3750000000  -3.380e-05
 15467  +8.3763513579     17155  +8.3764648438  +1.135e-04
 15468  +8.3776687050     17157  +8.3774414062  -2.273e-04
 15469  +8.3789858449     17160  +8.3789062500  -7.959e-05
 15470  +8.3803027779     17163  +8.3803710938  +6.832e-05
 15471  +8.3816195039     17166  +8.3818359375  +2.164e-04
 15472  +8.3829360231     17168  +8.3828125000  -1.235e-04
 15473  +8.3842523356     17171  +8.3842773438  +2.501e-05
 15474  +8.3855684415     17174  +8.3857421875  +1.737e-04
 15475  +8.3868843408     17176  +8.3867187500  -1.656e-04
 15476  +8.3882000337     17179  +8.3881835938  -1.644e-05
 15477  +8.3895155203     17182  +8.3896484375  +1.329e-04
 15478  +8.3908308006     17184  +8.3906250000  -2.058e-04
 15479  +8.3921458748     17187  +8.3920898438  -5.603e-05
 15480  +8.3934607429     17190  +8.3935546875  +9.394e-05
 15481  +8.3947754051     17193  +8.3950195312  +2.441e-04
 15482  +8.3960898615     17195  +8.3959960938  -9.377e-05
 15483  +8.3974041121     17198  +8.3974609375  +5.683e-05
 15484  +8.3987181570     17201  +8.3989257812  +2.076e-04
 15485  +8.4000319964     17203  +8.3999023438  -1.297e-04
 15486  +8.4013456303     17206  +8.4013671875  +2.156e-05
 15487  +8.4026590588     17209  +8.4028320312  +1.730e-04
 15488  +8.4039722821     17211  +8.4038085938  -1.637e-04
 15489  +8.4052853002     17214  +8.4052734375  -1.186e-05
 15490  +8.4065981132     17217  +8.4067382812  +1.402e-04
 15491  +8.4079107213     17219  +8.4077148438  -1.959e-04
 15492  +8.4092231244     17222  +8.4091796875  -4.344e-05
 15493  +8.4105353228     17225  +8.4106445312  +1.092e-04
 15494  +8.4118473164     17227  +8.4116210938  -2.262e-04
 15495  +8.4131591055     17230  +8.4130859375  -7.317e-05
 15496  +8.4144706900     17233  +8.4145507812  +8.009e-05
 15497  +8.4157820702     17236  +8.4160156250  +2.336e-04
 15498  +8.4170932460     17238  +8.4169921875  -1.011e-04
 15499  +8.4184042177     17241  +8.4184570312  +5.281e-05
 15500  +8.4197149852     17244  +8.4199218750  +2.069e-04
 15501  +8.4210255486     17246  +8.4208984375  -1.271e-04
 15502  +8.4223359082     17249  +8.4223632812  +2.737e-05
 15503  +8.4236460639     17252  +8.4238281250  +1.821e-04
 15504  +8.4249560158     17254  +8.4248046875  -1.513e-04
 15505  +8.4262657642     17257  +8.4262695312  +3.767e-06
 15506  +8.4275753089     17260  +8.4277343750  +1.591e-04
 15507  +8.4288846502     17262  +8.4287109375  -1.737e-04
 15508  +8.4301937882     17265  +8.4301757812  -1.801e-05
 15509  +8.4315027229     17268  +8.4316406250  +1.379e-04
 15510  +8.4328114544     17270  +8.4326171875  -1.943e-04
 15511  +8.4341199828     17273  +8.4340820312  -3.795e-05
 15512  +8.4354283083     17276  +8.4355468750  +1.186e-04
 15513  +8.4367364309     17278  +8.4365234375  -2.130e-04
 15514  +8.4380443506     17281  +8.4379882812  -5.607e-05
 15515  +8.4393520677     17284  +8.4394531250  +1.011e-04
 15516  +8.4406595822     17286  +8.4404296875  -2.299e-04
 15517  +8.4419668941     17289  +8.4418945312  -7.236e-05
 15518  +8.4432740036     17292  +8.4433593750  +8.537e-05
 15519  +8.4445809109     17295  +8.4448242188  +2.433e-04
 15520  +8.4458876158     17297  +8.4458007812  -8.683e-05
 15521  +8.4471941187     17300  +8.4472656250  +7.151e-05
 15522  +8.4485004195     17303  +8.4487304688  +2.300e-04
 15523  +8.4498065184     17305  +8.4497070312  -9.949e-05
 15524  +8.4511124154     17308  +8.4511718750  +5.946e-05
 15525  +8.4524181106     17311  +8.4526367188  +2.186e-04
 15526  +8.4537236042     17313  +8.4536132812  -1.103e-04
 15527  +8.4550288962     17316  +8.4550781250  +4.923e-05
 15528  +8.4563339867     17319  +8.4565429688  +2.090e-04
 15529  +8.4576388758     17321  +8.4575195312  -1.193e-04
 15530  +8.4589435637     17324  +8.4589843750  +4.081e-05
 15531  +8.4602480503     17327  +8.4604492188  +2.012e-04
 15532  +8.4615523359     17329  +8.4614257812  -1.266e-04
 15533  +8.4628564204     17332  +8.4628906250  +3.420e-05
 15534  +8.4641603040     17335  +8.4643554688  +1.952e-04
 15535  +8.4654639867     17337  +8.4653320312  -1.320e-04
 15536  +8.4667674688     17340  +8.4667968750  +2.941e-05
 15537  +8.4680707501     17343  +8.4682617188  +1.910e-04
 15538  +8.4693738310     17345  +8.4692382812  -1.355e-04
 15539  +8.4706767114     17348  +8.4707031250  +2.641e-05
 15540  +8.4719793914     17351  +8.4721679688  +1.886e-04
 15541  +8.4732818711     17353  +8.4731445312  -1.373e-04
 15542  +8.4745841507     17356  +8.4746093750  +2.522e-05
 15543  +8.4758862301     17359  +8.4760742188  +1.880e-04
 15544  +8.4771881096     17361  +8.4770507812  -1.373e-04
 15545  +8.4784897892     17364  +8.4785156250  +2.584e-05
 15546  +8.4797912689     17367  +8.4799804688  +1.892e-04
 15547  +8.4810925489     17369  +8.4809570312  -1.355e-04
 15548  +8.4823936293     17372  +8.4824218750  +2.825e-05
 15549  +8.4836945102     17375  +8.4838867188  +1.922e-04
 15550  +8.4849951916     17377  +8.4848632812  -1.319e-04
 15551  +8.4862956737     17380  +8.4863281250  +3.245e-05
 15552  +8.4875959565     17383  +8.4877929688  +1.970e-04
 15553  +8.4888960401     17385  +8.4887695312  -1.265e-04
 15554  +8.4901959247     17388  +8.4902343750  +3.845e-05
 15555  +8.4914956103     17391  +8.4916992188  +2.036e-04
 15556  +8.4927950969     17393  +8.4926757812  -1.193e-04
 15557  +8.4940943848     17396  +8.4941406250  +4.624e-05
 15558  +8.4953934739     17399  +8.4956054688  +2.120e-04
 15559  +8.4966923645     17401  +8.4965820312  -1.103e-04
 15560  +8.4979910565     17404  +8.4980468750  +5.582e-05
 15561  +8.4992895500     17407  +8.4995117188  +2.222e-04
 15562  +8.5005878453     17409  +8.5004882812  -9.956e-05
 15563  +8.5018859422     17412  +8.5019531250  +6.718e-05
 15564  +8.5031838410     17415  +8.5034179688  +2.341e-04
 15565  +8.5044815417     17417  +8.5043945312  -8.701e-05
 15566  +8.5057790444     17420  +8.5058593750  +8.033e-05
 15567  +8.5070763492     17422  +8.5068359375  -2.404e-04
 15568  +8.5083734563     17425  +8.5083007812  -7.268e-05
 15569  +8.5096703656     17428  +8.5097656250  +9.526e-05
 15570  +8.5109670773     17430  +8.5107421875  -2.249e-04
 15571  +8.5122635914     17433  +8.5122070312  -5.656e-05
 15572  +8.5135599081     17436  +8.5136718750  +1.120e-04
 15573  +8.5148560275     17438  +8.5146484375  -2.076e-04
 15574  +8.5161519495     17441  +8.5161132812  -3.867e-05
 15575  +8.5174476745     17444  +8.5175781250  +1.305e-04
 15576  +8.5187432023     17446  +8.5185546875  -1.885e-04
 15577  +8.5200385331     17449  +8.5200195312  -1.900e-05
 15578  +8.5213336671     17452  +8.5214843750  +1.507e-04
 15579  +8.5226286042     17454  +8.5224609375  -1.677e-04
 15580  +8.5239233446     17457  +8.5239257812  +2.437e-06
 15581  +8.5252178883     17460  +8.5253906250  +1.727e-04
 15582  +8.5265122356     17462  +8.5263671875  -1.450e-04
 15583  +8.5278063863     17465  +8.5278320312  +2.564e-05
 15584  +8.5291003407     17468  +8.5292968750  +1.965e-04
 15585  +8.5303940988     17470  +8.5302734375  -1.207e-04
 15586  +8.5316876608     17473  +8.5317382812  +5.062e-05
 15587  +8.5329810266     17476  +8.5332031250  +2.221e-04
 15588  +8.5342741964     17478  +8.5341796875  -9.451e-05
 15589  +8.5355671703     17481  +8.5356445312  +7.736e-05
 15590  +8.5368599484     17483  +8.5366210938  -2.389e-04
 15591  +8.5381525307     17486  +8.5380859375  -6.659e-05
 15592  +8.5394449174     17489  +8.5395507812  +1.059e-04
 15593  +8.5407371085     17491  +8.5405273438  -2.098e-04
 15594  +8.5420291041     17494  +8.5419921875  -3.692e-05
 15595  +8.5433209044     17497  +8.5434570312  +1.361e-04
 15596  +8.5446125093     17499  +8.5444335938  -1.789e-04
 15597  +8.5459039191     17502  +8.5458984375  -5.482e-06
 15598  +8.5471951337     17505  +8.5473632812  +1.681e-04
 15599  +8.5484861533     17507  +8.5483398438  -1.463e-04
 15600  +8.5497769779     17510  +8.5498046875  +2.771e-05
 15601  +8.5510676077     17513  +8.5512695312  +2.019e-04
 15602  +8.5523580427     17515  +8.5522460938  -1.119e-04
 15603  +8.5536482831     17518  +8.5537109375  +6.265e-05
 15604  +8.5549383288     17521  +8.5551757812  +2.375e-04
 15605  +8.5562281801     17523  +8.5561523438  -7.584e-05
 15606  +8.5575178369     17526  +8.5576171875  +9.935e-05
 15607  +8.5588072994     17528  +8.5585937500  -2.135e-04
 15608  +8.5600965677     17531  +8.5600585938  -3.797e-05
 15609  +8.5613856418     17534  +8.5615234375  +1.378e-04
 15610  +8.5626745218     17536  +8.5625000000  -1.745e-04
 15611  +8.5639632079     17539  +8.5639648438  +1.636e-06
 15612  +8.5652517001     17542  +8.5654296875  +1.780e-04
 15613  +8.5665399984     17544  +8.5664062500  -1.337e-04
 15614  +8.5678281031     17547  +8.5678710938  +4.299e-05
 15615  +8.5691160141     17550  +8.5693359375  +2.199e-04
 15616  +8.5704037316     17552  +8.5703125000  -9.123e-05
 15617  +8.5716912557     17555  +8.5717773438  +8.609e-05
 15618  +8.5729785863     17557  +8.5727539062  -2.247e-04
 15619  +8.5742657237     17560  +8.5742187500  -4.697e-05
 15620  +8.5755526679     17563  +8.5756835938  +1.309e-04
 15621  +8.5768394190     17565  +8.5766601562  -1.793e-04
 15622  +8.5781259771     17568  +8.5781250000  -9.771e-07
 15623  +8.5794123423     17571  +8.5795898438  +1.775e-04
 15624  +8.5806985146     17573  +8.5805664062  -1.321e-04
 15625  +8.5819844941     17576  +8.5820312500  +4.676e-05
 15626  +8.5832702810     17579  +8.5834960938  +2.258e-04
 15627  +8.5845558753     17581  +8.5844726562  -8.322e-05
 15628  +8.5858412771     17584  +8.5859375000  +9.622e-05
 15629  +8.5871264865     17586  +8.5869140625  -2.124e-04
 15630  +8.5884115036     17589  +8.5883789062  -3.260e-05
 15631  +8.5896963284     17592  +8.5898437500  +1.474e-04
 15632  +8.5909809611     17594  +8.5908203125  -1.606e-04
 15633  +8.5922654017     17597  +8.5922851562  +1.975e-05
 15634  +8.5935496503     17600  +8.5937500000  +2.003e-04
 15635  +8.5948337071     17602  +8.5947265625  -1.071e-04
 15636  +8.5961175720     17605  +8.5961914062  +7.383e-05
 15637  +8.5974012452     17607  +8.5971679688  -2.333e-04
 15638  +8.5986847268     17610  +8.5986328125  -5.191e-05
 15639  +8.5999680168     17613  +8.6000976562  +1.296e-04
 15640  +8.6012511153     17615  +8.6010742188  -1.769e-04
 15641  +8.6025340225     17618  +8.6025390625  +5.040e-06
 15642  +8.6038167384     17621  +8.6040039062  +1.872e-04
 15643  +8.6050992631     17623  +8.6049804688  -1.188e-04
 15644  +8.6063815966     17626  +8.6064453125  +6.372e-05
 15645  +8.6076637391     17628  +8.6074218750  -2.419e-04
 15646  +8.6089456907     17631  +8.6088867188  -5.897e-05
 15647  +8.6102274514     17634  +8.6103515625  +1.241e-04
 15648  +8.6115090213     17636  +8.6113281250  -1.809e-04
 15649  +8.6127904005     17639  +8.6127929688  +2.568e-06
 15650  +8.6140715892     17642  +8.6142578125  +1.862e-04
 15651  +8.6153525872     17644  +8.6152343750  -1.182e-04
 15652  +8.6166333949     17647  +8.6166992188  +6.582e-05
 15653  +8.6179140122     17649  +8.6176757812  -2.382e-04
 15654  +8.6191944392     17652  +8.6191406250  -5.381e-05
 15655  +8.6204746760     17655  +8.6206054688  +1.308e-04
 15656  +8.6217547228     17657  +8.6215820312  -1.727e-04
 15657  +8.6230345795     17660  +8.6230468750  +1.230e-05
 15658  +8.6243142463     17663  +8.6245117188  +1.975e-04
 15659  +8.6255937232     17665  +8.6254882812  -1.054e-04
 15660  +8.6268730104     17668  +8.6269531250  +8.011e-05
 15661  +8.6281521079     17670  +8.6279296875  -2.224e-04
 15662  +8.6294310158     17673  +8.6293945312  -3.648e-05
 15663  +8.6307097342     17676  +8.6308593750  +1.496e-04
 15664  +8.6319882631     17678  +8.6318359375  -1.523e-04
 15665  +8.6332666028     17681  +8.6333007812  +3.418e-05
 15666  +8.6345447531     17684  +8.6347656250  +2.209e-04
 15667  +8.6358227143     17686  +8.6357421875  -8.053e-05
 15668  +8.6371004864     17689  +8.6372070312  +1.065e-04
 15669  +8.6383780695     17691  +8.6381835938  -1.945e-04
 15670  +8.6396554637     17694  +8.6396484375  -7.026e-06
 15671  +8.6409326690     17697  +8.6411132812  +1.806e-04
 15672  +8.6422096856     17699  +8.6420898438  -1.198e-04
 15673  +8.6434865135     17702  +8.6435546875  +6.817e-05
 15674  +8.6447631529     17704  +8.6445312500  -2.319e-04
 15675  +8.6460396037     17707  +8.6459960938  -4.351e-05
 15676  +8.6473158661     17710  +8.6474609375  +1.451e-04
 15677  +8.6485919401     17712  +8.6484375000  -1.544e-04
 15678  +8.6498678260     17715  +8.6499023438  +3.452e-05
 15679  +8.6511435236     17718  +8.6513671875  +2.237e-04
 15680  +8.6524190332     17720  +8.6523437500  -7.528e-05
 15681  +8.6536943547     17723  +8.6538085938  +1.142e-04
 15682  +8.6549694883     17725  +8.6547851562  -1.843e-04
 15683  +8.6562444341     17728  +8.6562500000  +5.566e-06
 15684  +8.6575191922     17731  +8.6577148438  +1.957e-04
 15685  +8.6587937626     17733  +8.6586914062  -1.024e-04
 15686  +8.6600681453     17736  +8.6601562500  +8.810e-05
 15687  +8.6613423406     17738  +8.6611328125  -2.095e-04
 15688  +8.6626163485     17741  +8.6625976562  -1.869e-05
 15689  +8.6638901690     17744  +8.6640625000  +1.723e-04
 15690  +8.6651638022     17746  +8.6650390625  -1.247e-04
 15691  +8.6664372483     17749  +8.6665039062  +6.666e-05
 15692  +8.6677105073     17751  +8.6674804688  -2.300e-04
 15693  +8.6689835793     17754  +8.6689453125  -3.827e-05
 15694  +8.6702564643     17757  +8.6704101562  +1.537e-04
 15695  +8.6715291625     17759  +8.6713867188  -1.424e-04
 15696  +8.6728016740     17762  +8.6728515625  +4.989e-05
 15697  +8.6740739987     17765  +8.6743164062  +2.424e-04
 15698  +8.6753461369     17767  +8.6752929688  -5.317e-05
 15699  +8.6766180885     17770  +8.6767578125  +1.397e-04
 15700  +8.6778898537     17772  +8.6777343750  -1.555e-04
 15701  +8.6791614326     17775  +8.6791992188  +3.779e-05
 15702  +8.6804328252     17778  +8.6806640625  +2.312e-04
 15703  +8.6817040316     17780  +8.6816406250  -6.341e-05
 15704  +8.6829750519     17783  +8.6831054688  +1.304e-04
 15705  +8.6842458861     17785  +8.6840820312  -1.639e-04
 15706  +8.6855165344     17788  +8.6855468750  +3.034e-05
 15707  +8.6867869969     17791  +8.6870117188  +2.247e-04
 15708  +8.6880572736     17793  +8.6879882812  -6.899e-05
 15709  +8.6893273646     17796  +8.6894531250  +1.258e-04
 15710  +8.6905972699     17798  +8.6904296875  -1.676e-04
 15711  +8.6918669897     17801  +8.6918945312  +2.754e-05
 15712  +8.6931365241     17804  +8.6933593750  +2.229e-04
 15713  +8.6944058731     17806  +8.6943359375  -6.994e-05
 15714  +8.6956750368     17809  +8.6958007812  +1.257e-04
 15715  +8.6969440153     17811  +8.6967773438  -1.667e-04
 15716  +8.6982128086     17814  +8.6982421875  +2.938e-05
 15717  +8.6994814169     17817  +8.6997070312  +2.256e-04
 15718  +8.7007498403     17819  +8.7006835938  -6.625e-05
 15719  +8.7020180787     17822  +8.7021484375  +1.304e-04
 15720  +8.7032861324     17824  +8.7031250000  -1.611e-04
 15721  +8.7045540013     17827  +8.7045898438  +3.584e-05
 15722  +8.7058216856     17830  +8.7060546875  +2.330e-04
 15723  +8.7070891853     17832  +8.7070312500  -5.794e-05
 15724  +8.7083565005     17835  +8.7084960938  +1.396e-04
 15725  +8.7096236313     17837  +8.7094726562  -1.510e-04
 15726  +8.7108905778     17840  +8.7109375000  +4.692e-05
 15727  +8.7121573401     17842  +8.7119140625  -2.433e-04
 15728  +8.7134239181     17845  +8.7133789062  -4.501e-05
 15729  +8.7146903121     17848  +8.7148437500  +1.534e-04
 15730  +8.7159565222     17850  +8.7158203125  -1.362e-04
 15731  +8.7172225482     17853  +8.7172851562  +6.261e-05
 15732  +8.7184883905     17855  +8.7182617188  -2.267e-04
 15733  +8.7197540490     17858  +8.7197265625  -2.749e-05
 15734  +8.7210195238     17861  +8.7211914062  +1.719e-04
 15735  +8.7222848149     17863  +8.7221679688  -1.168e-04
 15736  +8.7235499226     17866  +8.7236328125  +8.289e-05
 15737  +8.7248148469     17868  +8.7246093750  -2.055e-04
 15738  +8.7260795877     17871  +8.7260742188  -5.369e-06
 15739  +8.7273441453     17874  +8.7275390625  +1.949e-04
 15740  +8.7286085197     17876  +8.7285156250  -9.289e-05
 15741  +8.7298727110     17879  +8.7299804688  +1.078e-04
 15742  +8.7311367192     17881  +8.7309570312  -1.797e-04
 15743  +8.7324005444     17884  +8.7324218750  +2.133e-05
 15744  +8.7336641868     17887  +8.7338867188  +2.225e-04
 15745  +8.7349276464     17889  +8.7348632812  -6.437e-05
 15746  +8.7361909232     17892  +8.7363281250  +1.372e-04
 15747  +8.7374540174     17894  +8.7373046875  -1.493e-04
 15748  +8.7387169290     17897  +8.7387695312  +5.260e-05
 15749  +8.7399796581     17899  +8.7397460938  -2.336e-04
 15750  +8.7412422049     17902  +8.7412109375  -3.127e-05
 15751  +8.7425045693     17905  +8.7426757812  +1.712e-04
 15752  +8.7437667514     17907  +8.7436523438  -1.144e-04
 15753  +8.7450287514     17910  +8.7451171875  +8.844e-05
 15754  +8.7462905693     17912  +8.7460937500  -1.968e-04
 15755  +8.7475522051     17915  +8.7475585938  +6.389e-06
 15756  +8.7488136590     17918  +8.7490234375  +2.098e-04
 15757  +8.7500749311     17920  +8.7500000000  -7.493e-05
 15758  +8.7513360214     17923  +8.7514648438  +1.288e-04
 15759  +8.7525969300     17925  +8.7524414062  -1.555e-04
 15760  +8.7538576570     17928  +8.7539062500  +4.859e-05
 15761  +8.7551182024     17930  +8.7548828125  -2.354e-04
 15762  +8.7563785663     17933  +8.7563476562  -3.091e-05
 15763  +8.7576387489     17936  +8.7578125000  +1.738e-04
 15764  +8.7588987502     17938  +8.7587890625  -1.097e-04
 15765  +8.7601585702     17941  +8.7602539062  +9.534e-05
 15766  +8.7614182091     17943  +8.7612304688  -1.877e-04
 15767  +8.7626776669     17946  +8.7626953125  +1.765e-05
 15768  +8.7639369437     17949  +8.7641601562  +2.232e-04
 15769  +8.7651960396     17951  +8.7651367188  -5.932e-05
 15770  +8.7664549547     17954  +8.7666015625  +1.466e-04
 15771  +8.7677136890     17956  +8.7675781250  -1.356e-04
 15772  +8.7689722426     17959  +8.7690429688  +7.073e-05
 15773  +8.7702306156     17961  +8.7700195312  -2.111e-04
 15774  +8.7714888081     17964  +8.7714843750  -4.433e-06
 15775  +8.7727468201     17967  +8.7729492188  +2.024e-04
 15776  +8.7740046518     17969  +8.7739257812  -7.887e-05
 15777  +8.7752623031     17972  +8.7753906250  +1.283e-04
 15778  +8.7765197743     17974  +8.7763671875  -1.526e-04
 15779  +8.7777770652     17977  +8.7778320312  +5.497e-05
 15780  +8.7790341762     17979  +8.7788085938  -2.256e-04
 15781  +8.7802911071     17982  +8.7802734375  -1.767e-05
 15782  +8.7815478582     17985  +8.7817382812  +1.904e-04
 15783  +8.7828044294     17987  +8.7827148438  -8.959e-05
 15784  +8.7840608208     17990  +8.7841796875  +1.189e-04
 15785  +8.7853170326     17992  +8.7851562500  -1.608e-04
 15786  +8.7865730648     17995  +8.7866210938  +4.803e-05
 15787  +8.7878289175     17997  +8.7875976562  -2.313e-04
 15788  +8.7890845907     18000  +8.7890625000  -2.209e-05
 15789  +8.7903400845     18003  +8.7905273438  +1.873e-04
 15790  +8.7915953991     18005  +8.7915039062  -9.149e-05
 15791  +8.7928505344     18008  +8.7929687500  +1.182e-04
 15792  +8.7941054906     18010  +8.7939453125  -1.602e-04
 15793  +8.7953602677     18013  +8.7954101562  +4.989e-05
 15794  +8.7966148659     18015  +8.7963867188  -2.281e-04
 15795  +8.7978692851     18018  +8.7978515625  -1.772e-05
 15796  +8.7991235255     18021  +8.7993164062  +1.929e-04
 15797  +8.8003775872     18023  +8.8002929688  -8.462e-05
 15798  +8.8016314701     18026  +8.8017578125  +1.263e-04
 15799  +8.8028851745     18028  +8.8027343750  -1.508e-04
 15800  +8.8041387003     18031  +8.8041992188  +6.052e-05
 15801  +8.8053920477     18033  +8.8051757812  -2.163e-04
 15802  +8.8066452167     18036  +8.8066406250  -4.592e-06
 15803  +8.8078982075     18039  +8.8081054688  +2.073e-04
 15804  +8.8091510200     18041  +8.8090820312  -6.899e-05
 15805  +8.8104036543     18044  +8.8105468750  +1.432e-04
 15806  +8.8116561106     18046  +8.8115234375  -1.327e-04
 15807  +8.8129083889     18049  +8.8129882812  +7.989e-05
 15808  +8.8141604892     18051  +8.8139648438  -1.956e-04
 15809  +8.8154124118     18054  +8.8154296875  +1.728e-05
 15810  +8.8166641565     18057  +8.8168945312  +2.304e-04
 15811  +8.8179157236     18059  +8.8178710938  -4.463e-05
 15812  +8.8191671130     18062  +8.8193359375  +1.688e-04
 15813  +8.8204183250     18064  +8.8203125000  -1.058e-04
 15814  +8.8216693594     18067  +8.8217773438  +1.080e-04
 15815  +8.8229202165     18069  +8.8227539062  -1.663e-04
 15816  +8.8241708962     18072  +8.8242187500  +4.785e-05
 15817  +8.8254213987     18074  +8.8251953125  -2.261e-04
 15818  +8.8266717241     18077  +8.8266601562  -1.157e-05
 15819  +8.8279218723     18080  +8.8281250000  +2.031e-04
 15820  +8.8291718436     18082  +8.8291015625  -7.028e-05
 15821  +8.8304216379     18085  +8.8305664062  +1.448e-04
 15822  +8.8316712553     18087  +8.8315429688  -1.283e-04
 15823  +8.8329206960     18090  +8.8330078125  +8.712e-05
 15824  +8.8341699599     18092  +8.8339843750  -1.856e-04
 15825  +8.8354190472     18095  +8.8354492188  +3.017e-05
 15826  +8.8366679580     18097  +8.8364257812  -2.422e-04
 15827  +8.8379166922     18100  +8.8378906250  -2.607e-05
 15828  +8.8391652501     18103  +8.8393554688  +1.902e-04
 15829  +8.8404136316     18105  +8.8403320312  -8.160e-05
 15830  +8.8416618369     18108  +8.8417968750  +1.350e-04
 15831  +8.8429098659     18110  +8.8427734375  -1.364e-04
 15832  +8.8441577189     18113  +8.8442382812  +8.056e-05
 15833  +8.8454053958     18115  +8.8452148438  -1.906e-04
 15834  +8.8466528967     18118  +8.8466796875  +2.679e-05
 15835  +8.8479002218     18120  +8.8476562500  -2.440e-04
 15836  +8.8491473710     18123  +8.8491210938  -2.628e-05
 15837  +8.8503943445     18126  +8.8505859375  +1.916e-04
 15838  +8.8516411423     18128  +8.8515625000  -7.864e-05
 15839  +8.8528877646     18131  +8.8530273438  +1.396e-04
 15840  +8.8541342113     18133  +8.8540039062  -1.303e-04
 15841  +8.8553804826     18136  +8.8554687500  +8.827e-05
 15842  +8.8566265785     18138  +8.8564453125  -1.813e-04
 15843  +8.8578724991     18141  +8.8579101562  +3.766e-05
 15844  +8.8591182444     18143  +8.8588867188  -2.315e-04
 15845  +8.8603638147     18146  +8.8603515625  -1.225e-05
 15846  +8.8616092098     18149  +8.8618164062  +2.072e-04
 15847  +8.8628544300     18151  +8.8627929688  -6.146e-05
 15848  +8.8640994752     18154  +8.8642578125  +1.583e-04
 15849  +8.8653443456     18156  +8.8652343750  -1.100e-04
 15850  +8.8665890412     18159  +8.8666992188  +1.102e-04
 15851  +8.8678335621     18161  +8.8676757812  -1.578e-04
 15852  +8.8690779083     18164  +8.8691406250  +6.272e-05
 15853  +8.8703220800     18166  +8.8701171875  -2.049e-04
 15854  +8.8715660773     18169  +8.8715820312  +1.595e-05
 15855  +8.8728099001     18172  +8.8730468750  +2.370e-04
 15856  +8.8740535485     18174  +8.8740234375  -3.011e-05
 15857  +8.8752970227     18177  +8.8754882812  +1.913e-04
 15858  +8.8765403227     18179  +8.8764648438  -7.548e-05
 15859  +8.8777834486     18182  +8.8779296875  +1.462e-04
 15860  +8.8790264004     18184  +8.8789062500  -1.202e-04
 15861  +8.8802691783     18187  +8.8803710938  +1.019e-04
 15862  +8.8815117823     18189  +8.8813476562  -1.641e-04
 15863  +8.8827542124     18192  +8.8828125000  +5.829e-05
 15864  +8.8839964688     18194  +8.8837890625  -2.074e-04
 15865  +8.8852385515     18197  +8.8852539062  +1.535e-05
 15866  +8.8864804606     18200  +8.8867187500  +2.383e-04
 15867  +8.8877221961     18202  +8.8876953125  -2.688e-05
 15868  +8.8889637582     18205  +8.8891601562  +1.964e-04
 15869  +8.8902051469     18207  +8.8901367188  -6.843e-05
 15870  +8.8914463623     18210  +8.8916015625  +1.552e-04
 15871  +8.8926874044     18212  +8.8925781250  -1.093e-04
 15872  +8.8939282734     18215  +8.8940429688  +1.147e-04
 15873  +8.8951689693     18217  +8.8950195312  -1.494e-04
 15874  +8.8964094921     18220  +8.8964843750  +7.488e-05
 15875  +8.8976498420     18222  +8.8974609375  -1.889e-04
 15876  +8.8988900190     18225  +8.8989257812  +3.576e-05
 15877  +8.9001300232     18227  +8.8999023438  -2.277e-04
 15878  +8.9013698546     18230  +8.9013671875  -2.667e-06
 15879  +8.9026095134     18233  +8.9028320312  +2.225e-04
 15880  +8.9038489996     18235  +8.9038085938  -4.041e-05
 15881  +8.9050883133     18238  +8.9052734375  +1.851e-04
 15882  +8.9063274545     18240  +8.9062500000  -7.745e-05
 15883  +8.9075664233     18243  +8.9077148438  +1.484e-04
 15884  +8.9088052199     18245  +8.9086914062  -1.138e-04
 15885  +8.9100438442     18248  +8.9101562500  +1.124e-04
 15886  +8.9112822963     18250  +8.9111328125  -1.495e-04
 15887  +8.9125205763     18253  +8.9125976562  +7.708e-05
 15888  +8.9137586844     18255  +8.9135742188  -1.845e-04
 15889  +8.9149966204     18258  +8.9150390625  +4.244e-05
 15890  +8.9162343846     18260  +8.9160156250  -2.188e-04
 15891  +8.9174719770     18263  +8.9174804688  +8.492e-06
 15892  +8.9187093977     18266  +8.9189453125  +2.359e-04
 15893  +8.9199466467     18268  +8.9199218750  -2.477e-05
 15894  +8.9211837241     18271  +8.9213867188  +2.030e-04
 15895  +8.9224206300     18273  +8.9223632812  -5.735e-05
 15896  +8.9236573645     18276  +8.9238281250  +1.708e-04
 15897  +8.9248939275     18278  +8.9248046875  -8.924e-05
 15898  +8.9261303193     18281  +8.9262695312  +1.392e-04
 15899  +8.9273665398     18283  +8.9272460938  -1.204e-04
 15900  +8.9286025892     18286  +8.9287109375  +1.083e-04
 15901  +8.9298384675     18288  +8.9296875000  -1.510e-04
 15902  +8.9310741748     18291  +8.9311523438  +7.817e-05
 15903  +8.9323097111     18293  +8.9321289062  -1.808e-04
 15904  +8.9335450765     18296  +8.9335937500  +4.867e-05
 15905  +8.9347802711     18298  +8.9345703125  -2.100e-04
 15906  +8.9360152950     18301  +8.9360351562  +1.986e-05
 15907  +8.9372501482     18303  +8.9370117188  -2.384e-04
 15908  +8.9384848309     18306  +8.9384765625  -8.268e-06
 15909  +8.9397193430     18309  +8.9399414062  +2.221e-04
 15910  +8.9409536846     18311  +8.9409179688  -3.572e-05
 15911  +8.9421878559     18314  +8.9423828125  +1.950e-04
 15912  +8.9434218568     18316  +8.9433593750  -6.248e-05
 15913  +8.9446556875     18319  +8.9448242188  +1.685e-04
 15914  +8.9458893481     18321  +8.9458007812  -8.857e-05
 15915  +8.9471228385     18324  +8.9472656250  +1.428e-04
 15916  +8.9483561589     18326  +8.9482421875  -1.140e-04
 15917  +8.9495893094     18329  +8.9497070312  +1.177e-04
 15918  +8.9508222899     18331  +8.9506835938  -1.387e-04
 15919  +8.9520551006     18334  +8.9521484375  +9.334e-05
 15920  +8.9532877416     18336  +8.9531250000  -1.627e-04
 15921  +8.9545202129     18339  +8.9545898438  +6.963e-05
 15922  +8.9557525146     18341  +8.9555664062  -1.861e-04
 15923  +8.9569846468     18344  +8.9570312500  +4.660e-05
 15924  +8.9582166095     18346  +8.9580078125  -2.088e-04
 15925  +8.9594484027     18349  +8.9594726562  +2.425e-05
 15926  +8.9606800267     18351  +8.9604492188  -2.308e-04
 15927  +8.9619114814     18354  +8.9619140625  +2.581e-06
 15928  +8.9631427669     18357  +8.9633789062  +2.361e-04
 15929  +8.9643738833     18359  +8.9643554688  -1.841e-05
 15930  +8.9656048306     18362  +8.9658203125  +2.155e-04
 15931  +8.9668356089     18364  +8.9667968750  -3.873e-05
 15932  +8.9680662184     18367  +8.9682617188  +1.955e-04
 15933  +8.9692966590     18369  +8.9692382812  -5.838e-05
 15934  +8.9705269308     18372  +8.9707031250  +1.762e-04
 15935  +8.9717570339     18374  +8.9716796875  -7.735e-05
 15936  +8.9729869684     18377  +8.9731445312  +1.576e-04
 15937  +8.9742167343     18379  +8.9741210938  -9.564e-05
 15938  +8.9754463317     18382  +8.9755859375  +1.396e-04
 15939  +8.9766757607     18384  +8.9765625000  -1.133e-04
 15940  +8.9779050214     18387  +8.9780273438  +1.223e-04
 15941  +8.9791341137     18389  +8.9790039062  -1.302e-04
 15942  +8.9803630378     18392  +8.9804687500  +1.057e-04
 15943  +8.9815917938     18394  +8.9814453125  -1.465e-04
 15944  +8.9828203817     18397  +8.9829101562  +8.977e-05
 15945  +8.9840488016     18399  +8.9838867188  -1.621e-04
 15946  +8.9852770535     18402  +8.9853515625  +7.451e-05
 15947  +8.9865051376     18404  +8.9863281250  -1.770e-04
 15948  +8.9877330539     18407  +8.9877929688  +5.991e-05
 15949  +8.9889608024     18409  +8.9887695312  -1.913e-04
 15950  +8.9901883833     18412  +8.9902343750  +4.599e-05
 15951  +8.9914157965     18414  +8.9912109375  -2.049e-04
 15952  +8.9926430423     18417  +8.9926757812  +3.274e-05
 15953  +8.9938701205     18419  +8.9936523438  -2.178e-04
 15954  +8.9950970314     18422  +8.9951171875  +2.016e-05
 15955  +8.9963237750     18424  +8.9960937500  -2.300e-04
 15956  +8.9975503512     18427  +8.9975585938  +8.243e-06
 15957  +8.9987767603     18429  +8.9985351562  -2.416e-04
 15958  +9.0000030023     18432  +9.0000000000  -3.002e-06
 15959  +9.0012290773     18435  +9.0014648438  +2.358e-04
 15960  +9.0024549852     18437  +9.0024414062  -1.358e-05
 15961  +9.0036807262     18440  +9.0039062500  +2.255e-04
 15962  +9.0049063004     18442  +9.0048828125  -2.349e-05
 15963  +9.0061317078     18445  +9.0063476562  +2.159e-04
 15964  +9.0073569485     18447  +9.0073242188  -3.273e-05
 15965  +9.0085820226     18450  +9.0087890625  +2.070e-04
 15966  +9.0098069301     18452  +9.0097656250  -4.131e-05
 15967  +9.0110316711     18455  +9.0112304688  +1.988e-04
 15968  +9.0122562456     18457  +9.0122070312  -4.921e-05
 15969  +9.0134806537     18460  +9.0136718750  +1.912e-04
 15970  +9.0147048956     18462  +9.0146484375  -5.646e-05
 15971  +9.0159289712     18465  +9.0161132812  +1.843e-04
 15972  +9.0171528807     18467  +9.0170898438  -6.304e-05
 15973  +9.0183766240     18470  +9.0185546875  +1.781e-04
 15974  +9.0196002014     18472  +9.0195312500  -6.895e-05
 15975  +9.0208236127     18475  +9.0209960938  +1.725e-04
 15976  +9.0220468582     18477  +9.0219726562  -7.420e-05
 15977  +9.0232699378     18480  +9.0234375000  +1.676e-04
 15978  +9.0244928517     18482  +9.0244140625  -7.879e-05
 15979  +9.0257155999     18485  +9.0258789062  +1.633e-04
 15980  +9.0269381824     18487  +9.0268554688  -8.271e-05
 15981  +9.0281605994     18490  +9.0283203125  +1.597e-04
 15982  +9.0293828509     18492  +9.0292968750  -8.598e-05
 15983  +9.0306049370     18495  +9.0307617188  +1.568e-04
 15984  +9.0318268577     18497  +9.0317382812  -8.858e-05
 15985  +9.0330486131     18500  +9.0332031250  +1.545e-04
 15986  +9.0342702033     18502  +9.0341796875  -9.052e-05
 15987  +9.0354916283     18505  +9.0356445312  +1.529e-04
 15988  +9.0367128882     18507  +9.0366210938  -9.179e-05
 15989  +9.0379339831     18510  +9.0380859375  +1.520e-04
 15990  +9.0391549131     18512  +9.0390625000  -9.241e-05
 15991  +9.0403756782     18515  +9.0405273438  +1.517e-04
 15992  +9.0415962784     18517  +9.0415039062  -9.237e-05
 15993  +9.0428167139     18520  +9.0429687500  +1.520e-04
 15994  +9.0440369847     18522  +9.0439453125  -9.167e-05
 15995  +9.0452570909     18525  +9.0454101562  +1.531e-04
 15996  +9.0464770325     18527  +9.0463867188  -9.031e-05
 15997  +9.0476968096     18530  +9.0478515625  +1.548e-04
 15998  +9.0489164223     18532  +9.0488281250  -8.830e-05
 15999  +9.0501358707     18535  +9.0502929688  +1.571e-04
 16000  +9.0513551547     18537  +9.0512695312  -8.562e-05
 16001  +9.0525742746     18540  +9.0527343750  +1.601e-04
 16002  +9.0537932302     18542  +9.0537109375  -8.229e-05
 16003  +9.0550120218     18545  +9.0551757812  +1.638e-04
 16004  +9.0562306494     18547  +9.0561523438  -7.831e-05
 16005  +9.0574491130     18550  +9.0576171875  +1.681e-04
 16006  +9.0586674127     18552  +9.0585937500  -7.366e-05
 16007  +9.0598855486     18555  +9.0600585938  +1.730e-04
 16008  +9.0611035207     18557  +9.0610351562  -6.836e-05
 16009  +9.0623213291     18560  +9.0625000000  +1.787e-04
 16010  +9.0635389739     18562  +9.0634765625  -6.241e-05
 16011  +9.0647564551     18565  +9.0649414062  +1.850e-04
 16012  +9.0659737729     18567  +9.0659179688  -5.580e-05
 16013  +9.0671909272     18570  +9.0673828125  +1.919e-04
 16014  +9.0684079181     18572  +9.0683593750  -4.854e-05
 16015  +9.0696247457     18575  +9.0698242188  +1.995e-04
 16016  +9.0708414101     18577  +9.0708007812  -4.063e-05
 16017  +9.0720579114     18580  +9.0722656250  +2.077e-04
 16018  +9.0732742495     18582  +9.0732421875  -3.206e-05
 16019  +9.0744904246     18585  +9.0747070312  +2.166e-04
 16020  +9.0757064367     18587  +9.0756835938  -2.284e-05
 16021  +9.0769222859     18590  +9.0771484375  +2.262e-04
 16022  +9.0781379723     18592  +9.0781250000  -1.297e-05
 16023  +9.0793534959     18595  +9.0795898438  +2.363e-04
 16024  +9.0805688568     18597  +9.0805664062  -2.451e-06
 16025  +9.0817840551     18599  +9.0815429688  -2.411e-04
 16026  +9.0829990907     18602  +9.0830078125  +8.722e-06
 16027  +9.0842139639     18604  +9.0839843750  -2.296e-04
 16028  +9.0854286746     18607  +9.0854492188  +2.054e-05
 16029  +9.0866432229     18609  +9.0864257812  -2.174e-04
 16030  +9.0878576089     18612  +9.0878906250  +3.302e-05
 16031  +9.0890718326     18614  +9.0888671875  -2.046e-04
 16032  +9.0902858942     18617  +9.0903320312  +4.614e-05
 16033  +9.0914997936     18619  +9.0913085938  -1.912e-04
 16034  +9.0927135310     18622  +9.0927734375  +5.991e-05
 16035  +9.0939271064     18624  +9.0937500000  -1.771e-04
 16036  +9.0951405199     18627  +9.0952148438  +7.432e-05
 16037  +9.0963537715     18629  +9.0961914062  -1.624e-04
 16038  +9.0975668613     18632  +9.0976562500  +8.939e-05
 16039  +9.0987797893     18634  +9.0986328125  -1.470e-04
 16040  +9.0999925557     18637  +9.1000976562  +1.051e-04
 16041  +9.1012051605     18639  +9.1010742188  -1.309e-04
 16042  +9.1024176037     18642  +9.1025390625  +1.215e-04
 16043  +9.1036298855     18644  +9.1035156250  -1.143e-04
 16044  +9.1048420058     18647  +9.1049804688  +1.385e-04
 16045  +9.1060539649     18649  +9.1059570312  -9.693e-05
 16046  +9.1072657626     18652  +9.1074218750  +1.561e-04
 16047  +9.1084773991     18654  +9.1083984375  -7.896e-05
 16048  +9.1096888744     18657  +9.1098632812  +1.744e-04
 16049  +9.1109001887     18659  +9.1108398438  -6.034e-05
 16050  +9.1121113419     18662  +9.1123046875  +1.933e-04
 16051  +9.1133223342     18664  +9.1132812500  -4.108e-05
 16052  +9.1145331656     18667  +9.1147460938  +2.129e-04
 16053  +9.1157438361     18669  +9.1157226562  -2.118e-05
 16054  +9.1169543459     18672  +9.1171875000  +2.332e-04
 16055  +9.1181646950     18674  +9.1181640625  -6.325e-07
 16056  +9.1193748834     18676  +9.1191406250  -2.343e-04
 16057  +9.1205849113     18679  +9.1206054688  +2.056e-05
 16058  +9.1217947786     18681  +9.1215820312  -2.127e-04
 16059  +9.1230044855     18684  +9.1230468750  +4.239e-05
 16060  +9.1242140320     18686  +9.1240234375  -1.906e-04
 16061  +9.1254234182     18689  +9.1254882812  +6.486e-05
 16062  +9.1266326441     18691  +9.1264648438  -1.678e-04
 16063  +9.1278417099     18694  +9.1279296875  +8.798e-05
 16064  +9.1290506155     18696  +9.1289062500  -1.444e-04
 16065  +9.1302593610     18699  +9.1303710938  +1.117e-04
 16066  +9.1314679465     18701  +9.1313476562  -1.203e-04
 16067  +9.1326763721     18704  +9.1328125000  +1.361e-04
 16068  +9.1338846378     18706  +9.1337890625  -9.558e-05
 16069  +9.1350927437     18709  +9.1352539062  +1.612e-04
 16070  +9.1363006899     18711  +9.1362304688  -7.022e-05
 16071  +9.1375084764     18714  +9.1376953125  +1.868e-04
 16072  +9.1387161032     18716  +9.1386718750  -4.423e-05
 16073  +9.1399235705     18719  +9.1401367188  +2.131e-04
 16074  +9.1411308783     18721  +9.1411132812  -1.760e-05
 16075  +9.1423380266     18724  +9.1425781250  +2.401e-04
 16076  +9.1435450156     18726  +9.1435546875  +9.672e-06
 16077  +9.1447518453     18728  +9.1445312500  -2.206e-04
 16078  +9.1459585157     18731  +9.1459960938  +3.758e-05
 16079  +9.1471650270     18733  +9.1469726562  -1.924e-04
 16080  +9.1483713791     18736  +9.1484375000  +6.612e-05
 16081  +9.1495775722     18738  +9.1494140625  -1.635e-04
 16082  +9.1507836063     18741  +9.1508789062  +9.530e-05
 16083  +9.1519894814     18743  +9.1518554688  -1.340e-04
 16084  +9.1531951977     18746  +9.1533203125  +1.251e-04
 16085  +9.1544007552     18748  +9.1542968750  -1.039e-04
 16086  +9.1556061540     18751  +9.1557617188  +1.556e-04
 16087  +9.1568113940     18753  +9.1567382812  -7.311e-05
 16088  +9.1580164755     18756  +9.1582031250  +1.866e-04
 16089  +9.1592213984     18758  +9.1591796875  -4.171e-05
 16090  +9.1604261628     18761  +9.1606445312  +2.184e-04
 16091  +9.1616307688     18763  +9.1616210938  -9.675e-06
 16092  +9.1628352164     18765  +9.1625976562  -2.376e-04
 16093  +9.1640395057     18768  +9.1640625000  +2.299e-05
 16094  +9.1652436368     18770  +9.1650390625  -2.046e-04
 16095  +9.1664476097     18773  +9.1665039062  +5.630e-05
 16096  +9.1676514245     18775  +9.1674804688  -1.710e-04
 16097  +9.1688550812     18778  +9.1689453125  +9.023e-05
 16098  +9.1700585799     18780  +9.1699218750  -1.367e-04
 16099  +9.1712619208     18783  +9.1713867188  +1.248e-04
 16100  +9.1724651037     18785  +9.1723632812  -1.018e-04
 16101  +9.1736681288     18788  +9.1738281250  +1.600e-04
 16102  +9.1748709962     18790  +9.1748046875  -6.631e-05
 16103  +9.1760737059     18793  +9.1762695312  +1.958e-04
 16104  +9.1772762580     18795  +9.1772460938  -3.016e-05
 16105  +9.1784786526     18798  +9.1787109375  +2.323e-04
 16106  +9.1796808896     18800  +9.1796875000  +6.610e-06
 16107  +9.1808829692     18802  +9.1806640625  -2.189e-04
 16108  +9.1820848914     18805  +9.1821289062  +4.401e-05
 16109  +9.1832866564     18807  +9.1831054688  -1.812e-04
 16110  +9.1844882641     18810  +9.1845703125  +8.205e-05
 16111  +9.1856897146     18812  +9.1855468750  -1.428e-04
 16112  +9.1868910079     18815  +9.1870117188  +1.207e-04
 16113  +9.1880921442     18817  +9.1879882812  -1.039e-04
 16114  +9.1892931235     18820  +9.1894531250  +1.600e-04
 16115  +9.1904939459     18822  +9.1904296875  -6.426e-05
 16116  +9.1916946114     18825  +9.1918945312  +1.999e-04
 16117  +9.1928951201     18827  +9.1928710938  -2.403e-05
 16118  +9.1940954720     18830  +9.1943359375  +2.405e-04
 16119  +9.1952956672     18832  +9.1953125000  +1.683e-05
 16120  +9.1964957058     18834  +9.1962890625  -2.066e-04
 16121  +9.1976955878     18837  +9.1977539062  +5.832e-05
 16122  +9.1988953133     18839  +9.1987304688  -1.648e-04
 16123  +9.2000948824     18842  +9.2001953125  +1.004e-04
 16124  +9.2012942951     18844  +9.2011718750  -1.224e-04
 16125  +9.2024935514     18847  +9.2026367188  +1.432e-04
 16126  +9.2036926515     18849  +9.2036132812  -7.937e-05
 16127  +9.2048915954     18852  +9.2050781250  +1.865e-04
 16128  +9.2060903831     18854  +9.2060546875  -3.570e-05
 16129  +9.2072890148     18857  +9.2075195312  +2.305e-04
 16130  +9.2084874904     18859  +9.2084960938  +8.603e-06
 16131  +9.2096858101     18861  +9.2094726562  -2.132e-04
 16132  +9.2108839738     18864  +9.2109375000  +5.353e-05
 16133  +9.2120819818     18866  +9.2119140625  -1.679e-04
 16134  +9.2132798339     18869  +9.2133789062  +9.907e-05
 16135  +9.2144775304     18871  +9.2143554688  -1.221e-04
 16136  +9.2156750712     18874  +9.2158203125  +1.452e-04
 16137  +9.2168724564     18876  +9.2167968750  -7.558e-05
 16138  +9.2180696860     18879  +9.2182617188  +1.920e-04
 16139  +9.2192667602     18881  +9.2192382812  -2.848e-05
 16140  +9.2204636790     18884  +9.2207031250  +2.394e-04
 16141  +9.2216604424     18886  +9.2216796875  +1.925e-05
 16142  +9.2228570505     18888  +9.2226562500  -2.008e-04
 16143  +9.2240535034     18891  +9.2241210938  +6.759e-05
 16144  +9.2252498011     18893  +9.2250976562  -1.521e-04
 16145  +9.2264459437     18896  +9.2265625000  +1.166e-04
 16146  +9.2276419313     18898  +9.2275390625  -1.029e-04
 16147  +9.2288377638     18901  +9.2290039062  +1.661e-04
 16148  +9.2300334414     18903  +9.2299804688  -5.297e-05
 16149  +9.2312289642     18906  +9.2314453125  +2.163e-04
 16150  +9.2324243322     18908  +9.2324218750  -2.457e-06
 16151  +9.2336195454     18910  +9.2333984375  -2.211e-04
 16152  +9.2348146039     18913  +9.2348632812  +4.868e-05
 16153  +9.2360095078     18915  +9.2358398438  -1.697e-04
 16154  +9.2372042571     18918  +9.2373046875  +1.004e-04
 16155  +9.2383988519     18920  +9.2382812500  -1.176e-04
 16156  +9.2395932922     18923  +9.2397460938  +1.528e-04
 16157  +9.2407875782     18925  +9.2407226562  -6.492e-05
 16158  +9.2419817098     18928  +9.2421875000  +2.058e-04
 16159  +9.2431756872     18930  +9.2431640625  -1.162e-05
 16160  +9.2443695103     18932  +9.2441406250  -2.289e-04
 16161  +9.2455631793     18935  +9.2456054688  +4.229e-05
 16162  +9.2467566942     18937  +9.2465820312  -1.747e-04
 16163  +9.2479500551     18940  +9.2480468750  +9.682e-05
 16164  +9.2491432620     18942  +9.2490234375  -1.198e-04
 16165  +9.2503363150     18945  +9.2504882812  +1.520e-04
 16166  +9.2515292141     18947  +9.2514648438  -6.437e-05
 16167  +9.2527219595     18950  +9.2529296875  +2.077e-04
 16168  +9.2539145511     18952  +9.2539062500  -8.301e-06
 16169  +9.2551069890     18954  +9.2548828125  -2.242e-04
 16170  +9.2562992733     18957  +9.2563476562  +4.838e-05
 16171  +9.2574914041     18959  +9.2573242188  -1.672e-04
 16172  +9.2586833814     18962  +9.2587890625  +1.057e-04
 16173  +9.2598752052     18964  +9.2597656250  -1.096e-04
 16174  +9.2610668756     18967  +9.2612304688  +1.636e-04
 16175  +9.2622583928     18969  +9.2622070312  -5.136e-05
 16176  +9.2634497566     18972  +9.2636718750  +2.221e-04
 16177  +9.2646409673     18974  +9.2646484375  +7.470e-06
 16178  +9.2658320248     18976  +9.2656250000  -2.070e-04
 16179  +9.2670229293     18979  +9.2670898438  +6.691e-05
 16180  +9.2682136807     18981  +9.2680664062  -1.473e-04
 16181  +9.2694042792     18984  +9.2695312500  +1.270e-04
 16182  +9.2705947247     18986  +9.2705078125  -8.691e-05
 16183  +9.2717850174     18989  +9.2719726562  +1.876e-04
 16184  +9.2729751574     18991  +9.2729492188  -2.594e-05
 16185  +9.2741651446     18993  +9.2739257812  -2.394e-04
 16186  +9.2753549791     18996  +9.2753906250  +3.565e-05
 16187  +9.2765446610     18998  +9.2763671875  -1.775e-04
 16188  +9.2777341903     19001  +9.2778320312  +9.784e-05
 16189  +9.2789235672     19003  +9.2788085938  -1.150e-04
 16190  +9.2801127916     19006  +9.2802734375  +1.606e-04
 16191  +9.2813018637     19008  +9.2812500000  -5.186e-05
 16192  +9.2824907834     19011  +9.2827148438  +2.241e-04
 16193  +9.2836795509     19013  +9.2836914062  +1.186e-05
 16194  +9.2848681662     19015  +9.2846679688  -2.002e-04
 16195  +9.2860566293     19018  +9.2861328125  +7.618e-05
 16196  +9.2872449403     19020  +9.2871093750  -1.356e-04
 16197  +9.2884330994     19023  +9.2885742188  +1.411e-04
 16198  +9.2896211064     19025  +9.2895507812  -7.033e-05
 16199  +9.2908089616     19028  +9.2910156250  +2.067e-04
 16200  +9.2919966649     19030  +9.2919921875  -4.477e-06
 16201  +9.2931842164     19032  +9.2929687500  -2.155e-04
 16202  +9.2943716161     19035  +9.2944335938  +6.198e-05
 16203  +9.2955588642     19037  +9.2954101562  -1.487e-04
 16204  +9.2967459607     19040  +9.2968750000  +1.290e-04
 16205  +9.2979329056     19042  +9.2978515625  -8.134e-05
 16206  +9.2991196990     19045  +9.2993164062  +1.967e-04
 16207  +9.3003063410     19047  +9.3002929688  -1.337e-05
 16208  +9.3014928315     19049  +9.3012695312  -2.233e-04
 16209  +9.3026791708     19052  +9.3027343750  +5.520e-05
 16210  +9.3038653588     19054  +9.3037109375  -1.544e-04
 16211  +9.3050513955     19057  +9.3051757812  +1.244e-04
 16212  +9.3062372811     19059  +9.3061523438  -8.494e-05
 16213  +9.3074230156     19062  +9.3076171875  +1.942e-04
 16214  +9.3086085991     19064  +9.3085937500  -1.485e-05
 16215  +9.3097940316     19066  +9.3095703125  -2.237e-04
 16216  +9.3109793132     19069  +9.3110351562  +5.584e-05
 16217  +9.3121644439     19071  +9.3120117188  -1.527e-04
 16218  +9.3133494238     19074  +9.3134765625  +1.271e-04
 16219  +9.3145342529     19076  +9.3144531250  -8.113e-05
 16220  +9.3157189313     19079  +9.3159179688  +1.990e-04
 16221  +9.3169034592     19081  +9.3168945312  -8.928e-06
 16222  +9.3180878364     19083  +9.3178710938  -2.167e-04
 16223  +9.3192720631     19086  +9.3193359375  +6.387e-05
 16224  +9.3204561394     19088  +9.3203125000  -1.436e-04
 16225  +9.3216400652     19091  +9.3217773438  +1.373e-04
 16226  +9.3228238407     19093  +9.3227539062  -6.993e-05
 16227  +9.3240074659     19096  +9.3242187500  +2.113e-04
 16228  +9.3251909408     19098  +9.3251953125  +4.372e-06
 16229  +9.3263742656     19100  +9.3261718750  -2.024e-04
 16230  +9.3275574403     19103  +9.3276367188  +7.928e-05
 16231  +9.3287404649     19105  +9.3286132812  -1.272e-04
 16232  +9.3299233395     19108  +9.3300781250  +1.548e-04
 16233  +9.3311060641     19110  +9.3310546875  -5.138e-05
 16234  +9.3322886389     19113  +9.3325195312  +2.309e-04
 16235  +9.3334710638     19115  +9.3334960938  +2.503e-05
 16236  +9.3346533390     19117  +9.3344726562  -1.807e-04
 16237  +9.3358354644     19120  +9.3359375000  +1.020e-04
 16238  +9.3370174401     19122  +9.3369140625  -1.034e-04
 16239  +9.3381992663     19125  +9.3383789062  +1.796e-04
 16240  +9.3393809429     19127  +9.3393554688  -2.547e-05
 16241  +9.3405624700     19129  +9.3403320312  -2.304e-04
 16242  +9.3417438476     19132  +9.3417968750  +5.303e-05
 16243  +9.3429250759     19134  +9.3427734375  -1.516e-04
 16244  +9.3441061549     19137  +9.3442382812  +1.321e-04
 16245  +9.3452870846     19139  +9.3452148438  -7.224e-05
 16246  +9.3464678651     19142  +9.3466796875  +2.118e-04
 16247  +9.3476484964     19144  +9.3476562500  +7.754e-06
 16248  +9.3488289786     19146  +9.3486328125  -1.962e-04
 16249  +9.3500093118     19149  +9.3500976562  +8.834e-05
 16250  +9.3511894960     19151  +9.3510742188  -1.153e-04
 16251  +9.3523695313     19154  +9.3525390625  +1.695e-04
 16252  +9.3535494177     19156  +9.3535156250  -3.379e-05
 16253  +9.3547291553     19158  +9.3544921875  -2.370e-04
 16254  +9.3559087441     19161  +9.3559570312  +4.829e-05
 16255  +9.3570881842     19163  +9.3569335938  -1.546e-04
 16256  +9.3582674757     19166  +9.3583984375  +1.310e-04
 16257  +9.3594466186     19168  +9.3593750000  -7.162e-05
 16258  +9.3606256129     19171  +9.3608398438  +2.142e-04
 16259  +9.3618044588     19173  +9.3618164062  +1.195e-05
 16260  +9.3629831563     19175  +9.3627929688  -1.902e-04
 16261  +9.3641617053     19178  +9.3642578125  +9.611e-05
 16262  +9.3653401061     19180  +9.3652343750  -1.057e-04
 16263  +9.3665183586     19183  +9.3666992188  +1.809e-04
 16264  +9.3676964630     19185  +9.3676757812  -2.068e-05
 16265  +9.3688744191     19187  +9.3686523438  -2.221e-04
 16266  +9.3700522272     19190  +9.3701171875  +6.496e-05
 16267  +9.3712298873     19192  +9.3710937500  -1.361e-04
 16268  +9.3724073994     19195  +9.3725585938  +1.512e-04
 16269  +9.3735847635     19197  +9.3735351562  -4.961e-05
 16270  +9.3747619798     19200  +9.3750000000  +2.380e-04
 16271  +9.3759390483     19202  +9.3759765625  +3.751e-05
 16272  +9.3771159691     19204  +9.3769531250  -1.628e-04
 16273  +9.3782927421     19207  +9.3784179688  +1.252e-04
 16274  +9.3794693675     19209  +9.3793945312  -7.484e-05
 16275  +9.3806458453     19212  +9.3808593750  +2.135e-04
 16276  +9.3818221756     19214  +9.3818359375  +1.376e-05
 16277  +9.3829983584     19216  +9.3828125000  -1.859e-04
 16278  +9.3841743938     19219  +9.3842773438  +1.029e-04
 16279  +9.3853502819     19221  +9.3852539062  -9.638e-05
 16280  +9.3865260226     19224  +9.3867187500  +1.927e-04
 16281  +9.3877016161     19226  +9.3876953125  -6.304e-06
 16282  +9.3888770623     19228  +9.3886718750  -2.052e-04
 16283  +9.3900523615     19231  +9.3901367188  +8.436e-05
 16284  +9.3912275135     19233  +9.3911132812  -1.142e-04
 16285  +9.3924025185     19236  +9.3925781250  +1.756e-04
 16286  +9.3935773765     19238  +9.3935546875  -2.269e-05
 16287  +9.3947520877     19240  +9.3945312500  -2.208e-04
 16288  +9.3959266519     19243  +9.3959960938  +6.944e-05
 16289  +9.3971010693     19245  +9.3969726562  -1.284e-04
 16290  +9.3982753400     19248  +9.3984375000  +1.622e-04
 16291  +9.3994494640     19250  +9.3994140625  -3.540e-05
 16292  +9.4006234413     19252  +9.4003906250  -2.328e-04
 16293  +9.4017972721     19255  +9.4018554688  +5.820e-05
 16294  +9.4029709563     19257  +9.4028320312  -1.389e-04
 16295  +9.4041444940     19260  +9.4042968750  +1.524e-04
 16296  +9.4053178853     19262  +9.4052734375  -4.445e-05
 16297  +9.4064911302     19264  +9.4062500000  -2.411e-04
 16298  +9.4076642288     19267  +9.4077148438  +5.061e-05
 16299  +9.4088371812     19269  +9.4086914062  -1.458e-04
 16300  +9.4100099873     19272  +9.4101562500  +1.463e-04
 16301  +9.4111826473     19274  +9.4111328125  -4.983e-05
 16302  +9.4123551612     19277  +9.4125976562  +2.425e-04
 16303  +9.4135275290     19279  +9.4135742188  +4.669e-05
 16304  +9.4146997508     19281  +9.4145507812  -1.490e-04
 16305  +9.4158718268     19284  +9.4160156250  +1.438e-04
 16306  +9.4170437568     19286  +9.4169921875  -5.157e-05
 16307  +9.4182155410     19289  +9.4184570312  +2.415e-04
 16308  +9.4193871794     19291  +9.4194335938  +4.641e-05
 16309  +9.4205586722     19293  +9.4204101562  -1.485e-04
 16310  +9.4217300192     19296  +9.4218750000  +1.450e-04
 16311  +9.4229012207     19298  +9.4228515625  -4.966e-05
 16312  +9.4240722766     19301  +9.4243164062  +2.441e-04
 16313  +9.4252431870     19303  +9.4252929688  +4.978e-05
 16314  +9.4264139519     19305  +9.4262695312  -1.444e-04
 16315  +9.4275845715     19308  +9.4277343750  +1.498e-04
 16316  +9.4287550457     19310  +9.4287109375  -4.411e-05
 16317  +9.4299253746     19312  +9.4296875000  -2.379e-04
 16318  +9.4310955583     19315  +9.4311523438  +5.679e-05
 16319  +9.4322655969     19317  +9.4321289062  -1.367e-04
 16320  +9.4334354903     19320  +9.4335937500  +1.583e-04
 16321  +9.4346052386     19322  +9.4345703125  -3.493e-05
 16322  +9.4357748419     19324  +9.4355468750  -2.280e-04
 16323  +9.4369443003     19327  +9.4370117188  +6.742e-05
 16324  +9.4381136138     19329  +9.4379882812  -1.253e-04
 16325  +9.4392827824     19332  +9.4394531250  +1.703e-04
 16326  +9.4404518062     19334  +9.4404296875  -2.212e-05
 16327  +9.4416206853     19336  +9.4414062500  -2.144e-04
 16328  +9.4427894197     19339  +9.4428710938  +8.167e-05
 16329  +9.4439580094     19341  +9.4438476562  -1.104e-04
 16330  +9.4451264546     19344  +9.4453125000  +1.860e-04
 16331  +9.4462947552     19346  +9.4462890625  -5.693e-06
 16332  +9.4474629114     19348  +9.4472656250  -1.973e-04
 16333  +9.4486309231     19351  +9.4487304688  +9.955e-05
 16334  +9.4497987905     19353  +9.4497070312  -9.176e-05
 16335  +9.4509665136     19356  +9.4511718750  +2.054e-04
 16336  +9.4521340923     19358  +9.4521484375  +1.435e-05
 16337  +9.4533015269     19360  +9.4531250000  -1.765e-04
 16338  +9.4544688174     19363  +9.4545898438  +1.210e-04
 16339  +9.4556359637     19365  +9.4555664062  -6.956e-05
 16340  +9.4568029660     19368  +9.4570312500  +2.283e-04
 16341  +9.4579698243     19370  +9.4580078125  +3.799e-05
 16342  +9.4591365386     19372  +9.4589843750  -1.522e-04
 16343  +9.4603031091     19375  +9.4604492188  +1.461e-04
 16344  +9.4614695357     19377  +9.4614257812  -4.375e-05
 16345  +9.4626358185     19379  +9.4624023438  -2.335e-04
 16346  +9.4638019577     19382  +9.4638671875  +6.523e-05
 16347  +9.4649679531     19384  +9.4648437500  -1.242e-04
 16348  +9.4661338049     19387  +9.4663085938  +1.748e-04
 16349  +9.4672995132     19389  +9.4672851562  -1.436e-05
 16350  +9.4684650779     19391  +9.4682617188  -2.034e-04
 16351  +9.4696304992     19394  +9.4697265625  +9.606e-05
 16352  +9.4707957770     19396  +9.4707031250  -9.265e-05
 16353  +9.4719609115     19399  +9.4721679688  +2.071e-04
 16354  +9.4731259027     19401  +9.4731445312  +1.863e-05
 16355  +9.4742907507     19403  +9.4741210938  -1.697e-04
 16356  +9.4754554554     19406  +9.4755859375  +1.305e-04
 16357  +9.4766200170     19408  +9.4765625000  -5.752e-05
 16358  +9.4777844356     19411  +9.4780273438  +2.429e-04
 16359  +9.4789487110     19413  +9.4790039062  +5.520e-05
 16360  +9.4801128435     19415  +9.4799804688  -1.324e-04
 16361  +9.4812768331     19418  +9.4814453125  +1.685e-04
 16362  +9.4824406797     19420  +9.4824218750  -1.880e-05
 16363  +9.4836043836     19422  +9.4833984375  -2.059e-04
 16364  +9.4847679446     19425  +9.4848632812  +9.534e-05
 16365  +9.4859313630     19427  +9.4858398438  -9.152e-05
 16366  +9.4870946386     19430  +9.4873046875  +2.100e-04
 16367  +9.4882577717     19432  +9.4882812500  +2.348e-05
 16368  +9.4894207621     19434  +9.4892578125  -1.629e-04
 16369  +9.4905836101     19437  +9.4907226562  +1.390e-04
 16370  +9.4917463156     19439  +9.4916992188  -4.710e-05
 16371  +9.4929088787     19441  +9.4926757812  -2.331e-04
 16372  +9.4940712994     19444  +9.4941406250  +6.933e-05
 16373  +9.4952335779     19446  +9.4951171875  -1.164e-04
 16374  +9.4963957140     19449  +9.4965820312  +1.863e-04
 16375  +9.4975577080     19451  +9.4975585938  +8.858e-07
 16376  +9.4987195598     19453  +9.4985351562  -1.844e-04
 16377  +9.4998812696     19456  +9.5000000000  +1.187e-04
 16378  +9.5010428372     19458  +9.5009765625  -6.627e-05
 16379  +9.5022042629     19461  +9.5024414062  +2.371e-04
 16380  +9.5033655467     19463  +9.5034179688  +5.242e-05
 16381  +9.5045266885     19465  +9.5043945312  -1.322e-04
 16382  +9.5056876886     19468  +9.5058593750  +1.717e-04
 16383  +9.5068485468     19470  +9.5068359375  -1.261e-05
