00BEEA
00BEEA
00BEEA
00BEEA
00BEEA
00BEEA
00BEEA
00BEEA
00BEEA
00BEEA
00BEEA
00BEEA
00BEEA
00BEEA
00BEEA
00BEEA
00BF5B
00C50B
00CB79
00D2B9
00DAE1
00E64E
00F7E3
010AD6
011F40
013542
014CFD
016695
018232
01A002
01C033
01E2FD
02089A
02314C
025D5D
028D1F
02C0EE
02F930
033659
0378E9
03C174
04109B
046714
04C5AC
052D41
059ECB
061B55
06A3FD
0739F3
07DE73
0892C2
095829
0A2FF3
0B1B6A
0C1BD9
0D328D
0E60DC
0FA82B
1109F0
1287C0
142351
15DE81
17BB58
19BC14
00BEEA
00BEEA
00BEEA
00BEEA
00BEEA
00BEEA
00BEEA
00BEEA
00BEEA
00BEEA
00BEEA
00BEEA
00BEEA
00BEEA
00BEEA
00BEEA
00BF5C
00C50C
00CB7A
00D2BA
00DAE3
00E64E
00F7E4
010AD6
011F41
013543
014CFE
016696
018234
01A003
01C035
01E2FF
02089C
02314E
025D60
028D23
02C0F2
02F935
03365E
0378F0
03C17B
0410A3
04671E
04C5B7
052D4E
059ED9
061B65
06A40F
073A07
07DE8A
0892DB
095845
0A3013
0B1B8D
0C1BFF
0D32B7
0E610B
0FA85D
110A27
1287FB
142391
15DEC6
17BBA3
19BC64
00BEEA
00BEEA
00BEEA
00BEEA
00BEEA
00BEEA
00BEEA
00BEEA
00BEEA
00BEEA
00BEEA
00BEEA
00BEEA
00BEEA
00BEEA
00BEEA
00BF5D
00C50E
00CB7C
00D2BC
00DAE5
00E64F
00F7E5
010AD7
011F42
013544
014CFF
016697
018235
01A005
01C037
01E301
02089E
023151
025D63
028D27
02C0F6
02F93A
033664
0378F6
03C183
0410AC
046728
04C5C2
052D5B
059EE9
061B76
06A423
073A1E
07DEA3
0892F8
095865
0A3036
0B1BB4
0C1C2A
0D32E6
0E613E
0FA895
110A64
12883E
1423D9
15DF13
17BBF7
19BCBE
00BEEA
00BEEA
00BEEA
00BEEA
00BEEA
00BEEA
00BEEA
00BEEA
00BEEA
00BEEA
00BEEA
00BEEA
00BEEA
00BEEA
00BEEA
00BEEA
00BF5F
00C50F
00CB7D
00D2BE
00DAE7
00E64F
00F7E5
010AD8
011F43
013545
014D00
016698
018237
01A006
01C039
01E303
0208A1
023155
025D67
028D2B
02C0FB
02F93F
03366A
0378FE
03C18B
0410B6
046734
04C5D0
052D6A
059EFA
061B8A
06A439
073A37
07DEC0
089318
095889
0A305D
0B1BE0
0C1C5A
0D331B
0E6178
0FA8D4
110AA8
128887
142429
15DF6A
17BC54
19BD23
00BEEA
00BEEA
00BEEA
00BEEA
00BEEA
00BEEA
00BEEA
00BEEA
00BEEA
00BEEA
00BEEA
00BEEA
00BEEA
00BEEA
00BEEA
00BEEA
00BF60
00C511
00CB7F
00D2C0
00DAE9
00E650
00F7E6
010AD8
011F44
013546
014D01
01669A
018238
01A008
01C03B
01E306
0208A4
023158
025D6B
028D30
02C101
02F946
033672
037906
03C195
0410C1
046741
04C5DF
052D7B
059F0E
061BA0
06A452
073A53
07DEE0
08933C
0958B1
0A308A
0B1C10
0C1C90
0D3356
0E61B8
0FA91A
110AF4
1288DA
142482
15DFCA
17BCBC
19BD93
00BEEA
00BEEA
00BEEA
00BEEA
00BEEA
00BEEA
00BEEA
00BEEA
00BEEA
00BEEA
00BEEA
00BEEA
00BEEA
00BEEA
00BEEA
00BEEA
00BF62
00C513
00CB81
00D2C2
00DAEC
00E651
00F7E7
010AD9
011F45
013547
014D03
01669C
01823A
01A00B
01C03E
01E309
0208A8
02315C
025D70
028D35
02C107
02F94D
03367A
037910
03C1A0
0410CE
04674F
04C5EF
052D8E
059F23
061BB9
06A46E
073A73
07DF03
089363
0958DD
0A30BB
0B1C47
0C1CCC
0D3398
0E6200
0FA968
110B48
128936
1424E6
15E036
17BD30
19BE10
00BEEA
00BEEA
00BEEA
00BEEA
00BEEA
00BEEA
00BEEA
00BEEA
00BEEA
00BEEA
00BEEA
00BEEA
00BEEA
00BEEA
00BEEA
00BEEA
00BF64
00C515
00CB84
00D2C5
00DAEF
00E651
00F7E8
010ADA
011F46
013549
014D04
01669D
01823C
01A00D
01C041
01E30C
0208AB
023161
025D75
028D3B
02C10E
02F955
033683
03791B
03C1AC
0410DC
04675F
04C602
052DA4
059F3B
061BD4
06A48E
073A96
07DF2B
089390
09590F
0A30F2
0B1C84
0C1D0F
0D33E1
0E6250
0FA9BF
110BA7
12899C
142555
15E0AE
17BDB2
19BE9C
00BEEA
00BEEA
00BEEA
00BEEA
00BEEA
00BEEA
00BEEA
00BEEA
00BEEA
00BEEA
00BEEA
00BEEA
00BEEA
00BEEA
00BEEA
00BEEA
00BF66
00C517
00CB86
00D2C8
00DAF2
00E652
00F7E9
010ADC
011F47
01354A
014D06
0166A0
01823F
01A010
01C044
01E310
0208B0
023166
025D7B
028D42
02C116
02F95E
03368D
037926
03C1BA
0410EC
046771
04C616
052DBB
059F56
061BF3
06A4B0
073ABE
07DF57
0893C1
095946
0A312F
0B1CC7
0C1D59
0D3433
0E62A9
0FAA20
110C11
128A0F
1425D1
15E134
17BE42
19BF38
00BEEA
00BEEA
00BEEA
00BEEA
00BEEA
00BEEA
00BEEA
00BEEA
00BEEA
00BEEA
00BEEA
00BEEA
00BEEA
00BEEA
00BEEA
00BEEA
00BF68
00C51A
00CB89
00D2CB
00DAF6
00E653
00F7EA
010ADD
011F49
01354C
014D08
0166A2
018241
01A013
01C047
01E314
0208B5
02316B
025D81
028D49
02C11E
02F968
033699
037934
03C1C9
0410FD
046785
04C62D
052DD6
059F75
061C15
06A4D7
073AEA
07DF88
0893F9
095984
0A3174
0B1D13
0C1DAD
0D348E
0E630D
0FAA8D
110C87
128A8F
14265B
15E1C9
17BEE4
19BFE6
00BEEA
00BEEA
00BEEA
00BEEA
00BEEA
00BEEA
00BEEA
00BEEA
00BEEA
00BEEA
00BEEA
00BEEA
00BEEA
00BEEA
00BEEA
00BEEA
00BF6B
00C51D
00CB8C
00D2CF
00DAFA
00E654
00F7EB
010ADE
011F4A
01354E
014D0A
0166A4
018244
01A017
01C04B
01E319
0208BA
023171
025D88
028D51
02C128
02F973
0336A6
037942
03C1DA
041111
04679C
04C647
052DF3
059F96
061C3C
06A503
073B1B
07DFC0
089436
0959C8
0A31C0
0B1D68
0C1E09
0D34F4
0E637C
0FAB06
110D0A
128B1E
1426F6
15E270
17BF98
19C0A9
00BEEA
00BEEA
00BEEA
00BEEA
00BEEA
00BEEA
00BEEA
00BEEA
00BEEA
00BEEA
00BEEA
00BEEA
00BEEA
00BEEA
00BEEA
00BEEA
00BF6E
00C520
00CB90
00D2D3
00DAFF
00E656
00F7EC
010AE0
011F4C
013550
014D0D
0166A7
018248
01A01A
01C050
01E31E
0208C0
023178
025D90
028D5B
02C132
02F97F
0336B4
037953
03C1ED
041126
0467B5
04C664
052E14
059FBC
061C66
06A533
073B51
07DFFD
08947B
095A15
0A3215
0B1DC6
0C1E71
0D3565
0E63F8
0FAB8D
110D9D
128BBD
1427A2
15E32B
17C061
19C182
00BEEA
00BEEA
00BEEA
00BEEA
00BEEA
00BEEA
00BEEA
00BEEA
00BEEA
00BEEA
00BEEA
00BEEA
00BEEA
00BEEA
00BEEA
00BEEA
00BF71
00C523
00CB94
00D2D8
00DB04
00E657
00F7EE
010AE2
011F4E
013552
014D10
0166AB
01824C
01A01F
01C055
01E324
0208C7
023180
025D99
028D65
02C13E
02F98D
0336C4
037965
03C202
04113F
0467D1
04C684
052E39
059FE6
061C96
06A569
073B8E
07E042
0894C8
095A6B
0A3275
0B1E2F
0C1EE5
0D35E4
0E6483
0FAC24
110E41
128C6F
142862
15E3FA
17C142
19C274
00BEEA
00BEEA
00BEEA
00BEEA
00BEEA
00BEEA
00BEEA
00BEEA
00BEEA
00BEEA
00BEEA
00BEEA
00BEEA
00BEEA
00BEEA
00BEEA
00BF74
00C528
00CB99
00D2DD
00DB0A
00E658
00F7F0
010AE4
011F51
013555
014D13
0166AE
018250
01A024
01C05A
01E32A
0208CE
023189
025DA3
028D70
02C14C
02F99C
0336D6
03797A
03C21A
04115A
0467F0
04C6A8
052E62
05A014
061CCB
06A5A6
073BD3
07E08F
08951E
095ACB
0A32DF
0B1EA4
0C1F66
0D3672
0E651E
0FACCD
110EF9
128D35
142939
15E4E3
17C23C
19C382
00BEEA
00BEEA
00BEEA
00BEEA
00BEEA
00BEEA
00BEEA
00BEEA
00BEEA
00BEEA
00BEEA
00BEEA
00BEEA
00BEEA
00BEEA
00BEEA
00BF78
00C52C
00CB9E
00D2E2
00DB10
00E65A
00F7F2
010AE6
011F53
013558
014D16
0166B2
018254
01A029
01C061
01E331
0208D6
023192
025DAE
028D7D
02C15B
02F9AD
0336E9
037990
03C234
041178
046813
04C6D0
052E90
05A049
061D07
06A5E9
073C1F
07E0E4
08957E
095B36
0A3356
0B1F28
0C1FF6
0D3710
0E65CA
0FAD89
110FC5
128E13
142A29
15E5E6
17C354
19C4B0
00BEEA
00BEEA
00BEEA
00BEEA
00BEEA
00BEEA
00BEEA
00BEEA
00BEEA
00BEEA
00BEEA
00BEEA
00BEEA
00BEEA
00BEEA
00BEEA
00BF7D
00C531
00CBA3
00D2E9
00DB17
00E65C
00F7F4
010AE8
011F56
01355B
014D1A
0166B7
01825A
01A02F
01C068
01E339
0208E0
02319D
025DBB
028D8C
02C16B
02F9C1
033700
0379AA
03C252
04119A
04683A
04C6FC
052EC3
05A083
061D49
06A634
073C74
07E144
0895E9
095BAD
0A33DA
0B1FBA
0C2097
0D37C1
0E668B
0FAE5B
1110A9
128F0A
142B35
15E707
17C48C
19C601
00BEEA
00BEEA
00BEEA
00BEEA
00BEEA
00BEEA
00BEEA
00BEEA
00BEEA
00BEEA
00BEEA
00BEEA
00BEEA
00BEEA
00BEEA
00BEEA
00BF82
00C537
00CBAA
00D2F0
00DB1F
00E65E
00F7F6
010AEB
011F59
01355F
014D1E
0166BC
01825F
01A036
01C06F
01E342
0208EA
0231A9
025DC9
028D9C
02C17E
02F9D6
033718
0379C7
03C273
0411C0
046865
04C72E
052EFC
05A0C4
061D93
06A688
073CD3
07E1AF
089661
095C32
0A346E
0B205D
0C214B
0D3885
0E6762
0FAF45
1111A8
12901E
142C5F
15E84A
17C5E9
19C778
00BEEA
00BEEA
00BEEA
00BEEA
00BEEA
00BEEA
00BEEA
00BEEA
00BEEA
00BEEA
00BEEA
00BEEA
00BEEA
00BEEA
00BEEA
00BEEA
00BF87
00C53D
00CBB1
00D2F8
00DB28
00E660
00F7F9
010AEE
011F5D
013563
014D23
0166C1
018266
01A03D
01C078
01E34C
0208F6
0231B6
025DD8
028DAE
02C192
02F9EE
033734
0379E6
03C297
0411EA
046896
04C766
052F3B
05A10D
061DE6
06A6E6
073D3C
07E226
0896E6
095CC7
0A3513
0B2114
0C2214
0D3961
0E6852
0FB04B
1112C4
129152
142DAC
15E9B2
17C76D
19C91C
00BEEA
00BEEA
00BEEA
00BEEA
00BEEA
00BEEA
00BEEA
00BEEA
00BEEA
00BEEA
00BEEA
00BEEA
00BEEA
00BEEA
00BEEA
00BEEA
00BF8D
00C544
00CBB9
00D301
00DB32
00E663
00F7FC
010AF2
011F61
013568
014D29
0166C7
01826D
01A045
01C082
01E357
020903
0231C5
025DEA
028DC2
02C1AA
02FA09
033753
037A0A
03C2C0
041219
0468CC
04C7A4
052F82
05A15E
061E42
06A74F
073DB3
07E2AB
08977B
095D6D
0A35CB
0B21DF
0C22F4
0D3A57
0E695E
0FB16E
111401
1292AA
142F20
15EB44
17C91F
19CAF0
00BEEA
00BEEA
00BEEA
00BEEA
00BEEA
00BEEA
00BEEA
00BEEA
00BEEA
00BEEA
00BEEA
00BEEA
00BEEA
00BEEA
00BEEA
00BEEA
00BF94
00C54C
00CBC2
00D30B
00DB3D
00E666
00F7FF
010AF6
011F65
01356D
014D2F
0166CE
018275
01A04F
01C08C
01E364
020911
0231D6
025DFD
028DD8
02C1C3
02FA26
033775
037A32
03C2EE
04124E
046908
04C7E9
052FD2
05A1B8
061EA9
06A7C3
073E37
07E33F
089821
095E26
0A3698
0B22C2
0C23ED
0D3B68
0E6A89
0FB2B4
111562
129429
1430BF
15ED04
17CB03
19CCFA
00BEEA
00BEEA
00BEEA
00BEEA
00BEEA
00BEEA
00BEEA
00BEEA
00BEEA
00BEEA
00BEEA
00BEEA
00BEEA
00BEEA
00BEEA
00BEEA
00BF9C
00C554
00CBCB
00D316
00DB4A
00E669
00F803
010AFA
011F6A
013573
014D35
0166D6
01827E
01A059
01C098
01E372
020921
0231E9
025E12
028DF1
02C1E0
02FA48
03379B
037A5E
03C321
041288
04694C
04C837
05302A
05A21D
061F1C
06A846
073ECA
07E3E5
0898DB
095EF5
0A377E
0B23BF
0C2504
0D3C9A
0E6BD7
0FB420
1116ED
1295D5
14328F
15EEF9
17CD20
19CF41
00BEEA
00BEEA
00BEEA
00BEEA
00BEEA
00BEEA
00BEEA
00BEEA
00BEEA
00BEEA
00BEEA
00BEEA
00BEEA
00BEEA
00BEEA
00BEEA
00BFA4
00C55E
00CBD6
00D322
00DB58
00E66D
00F807
010AFF
011F70
013579
014D3D
0166DF
018288
01A065
01C0A6
01E381
020933
0231FE
025E2A
028E0D
02C200
02FA6D
0337C6
037A8F
03C35A
0412CA
046997
04C88D
05308D
05A28E
061F9C
06A8D7
073F6E
07E49D
0899AA
095FDC
0A387E
0B24DA
0C263B
0D3DEF
0E6D4B
0FB5B5
1118A6
1297B3
143494
15F127
17CF7B
19D1CB
00BEEA
00BEEA
00BEEA
00BEEA
00BEEA
00BEEA
00BEEA
00BEEA
00BEEA
00BEEA
00BEEA
00BEEA
00BEEA
00BEEA
00BEEA
00BEEA
00BFAE
00C569
00CBE2
00D330
00DB67
00E671
00F80C
010B04
011F76
013581
014D45
0166E9
018293
01A072
01C0B5
01E393
020947
023215
025E45
028E2C
02C224
02FA96
0337F6
037AC6
03C399
041313
0469EB
04C8ED
0530FB
05A30C
06202C
06A97A
074026
07E56C
089A91
0960DD
0A399C
0B2616
0C2796
0D3F6B
0E6EEB
0FB77A
111A92
1299C8
1436D4
15F397
17D21C
19D4A1
00BEEA
00BEEA
00BEEA
00BEEA
00BEEA
00BEEA
00BEEA
00BEEA
00BEEA
00BEEA
00BEEA
00BEEA
00BEEA
00BEEA
00BEEA
00BEEA
00BFB9
00C575
00CBF0
00D33F
00DB78
00E675
00F811
010B0A
011F7D
013589
014D4F
0166F3
0182A0
01A080
01C0C6
01E3A6
02095E
02322F
025E63
028E4E
02C24C
02FAC4
03382C
037B04
03C3E0
041365
046A49
04C959
053176
05A399
0620CC
06AA2F
0740F2
07E652
089B92
0961FC
0A3ADA
0B2776
0C291A
0D4114
0E70BB
0FB973
111CB6
129C1A
143958
15F64E
17D50A
19D7CA
00BEEA
00BEEA
00BEEA
00BEEA
00BEEA
00BEEA
00BEEA
00BEEA
00BEEA
00BEEA
00BEEA
00BEEA
00BEEA
00BEEA
00BEEA
00BEEA
00BFC5
00C582
00CBFF
00D350
00DB8C
00E67A
00F817
010B11
011F85
013592
014D59
0166FF
0182AE
01A090
01C0D8
01E3BC
020977
02324C
025E85
028E75
02C279
02FAF8
033867
037B49
03C42F
0413C0
046AB2
04C9D1
053200
05A435
06217E
06AAF9
0741D7
07E753
089CB2
09633D
0A3C3E
0B28FF
0C2ACA
0D42EE
0E72C0
0FBBA6
111F1A
129EB2
143C26
15F956
17D850
19DB52
00BEEA
00BEEA
00BEEA
00BEEA
00BEEA
00BEEA
00BEEA
00BEEA
00BEEA
00BEEA
00BEEA
00BEEA
00BEEA
00BEEA
00BEEA
00BEEA
00BFD2
00C591
00CC10
00D363
00DBA1
00E680
00F81D
010B19
011F8E
01359C
014D65
01670D
0182BD
01A0A2
01C0ED
01E3D4
020993
02326C
025EAA
028EA0
02C2AB
02FB32
0338AA
037B95
03C488
041426
046B27
04CA57
053299
05A4E4
062245
06ABDB
0742D6
07E872
089DF3
0964A3
0A3DCB
0B2AB6
0C2CAD
0D44FF
0E7502
0FBE1B
1121C5
12A196
143F47
15FCB8
17DBF6
19DF41
00BEEA
00BEEA
00BEEA
00BEEA
00BEEA
00BEEA
00BEEA
00BEEA
00BEEA
00BEEA
00BEEA
00BEEA
00BEEA
00BEEA
00BEEA
00BEEA
00BFE1
00C5A2
00CC23
00D379
00DBB9
00E686
00F825
010B21
011F97
0135A7
014D72
01671C
0182CF
01A0B7
01C105
01E3EF
0209B2
023290
025ED4
028ED0
02C2E2
02FB72
0338F4
037BEB
03C4EB
041497
046BA9
04CAED
053344
05A5A8
062324
06ACD7
0743F3
07E9B2
089F5A
096632
0A3F86
0B2C9F
0C2EC7
0D474C
0E7786
0FC0D9
1124BF
12A4D0
1442C4
16007D
17E008
19E3A6
00BEEA
00BEEA
00BEEA
00BEEA
00BEEA
00BEEA
00BEEA
00BEEA
00BEEA
00BEEA
00BEEA
00BEEA
00BEEA
00BEEA
00BEEA
00BEEA
00BFF1
00C5B5
00CC38
00D391
00DBD4
00E68D
00F82D
010B2A
011FA2
0135B4
014D80
01672D
0182E2
01A0CD
01C11F
01E40D
0209D5
0232B8
025F02
028F06
02C321
02FBBA
033947
037C4B
03C559
041516
046C3B
04CB94
053404
05A682
06241C
06ADF1
074530
07EB17
08A0EA
0967F0
0A4175
0B2EC1
0C3120
0D49DF
0E7A55
0FC3E7
112811
12A869
1446A9
1604B2
17E493
19E88B
00BEEA
00BEEA
00BEEA
00BEEA
00BEEA
00BEEA
00BEEA
00BEEA
00BEEA
00BEEA
00BEEA
00BEEA
00BEEA
00BEEA
00BEEA
00BEEA
00C004
00C5CA
00CC50
00D3AB
00DBF2
00E695
00F836
010B35
011FAE
0135C2
014D90
016740
0182F8
01A0E6
01C13C
01E42F
0209FB
0232E5
025F36
028F42
02C366
02FC0A
0339A3
037CB5
03C5D4
0415A4
046CDD
04CC4E
0534D9
05A775
062531
06AF2A
074693
07ECA6
08A2A8
0969E1
0A439C
0B3122
0C33BE
0D4CBD
0E7D76
0FC750
112BC5
12AC6D
144B01
160964
17E9A4
19EE02
00BEEA
00BEEA
00BEEA
00BEEA
00BEEA
00BEEA
00BEEA
00BEEA
00BEEA
00BEEA
00BEEA
00BEEA
00BEEA
00BEEA
00BEEA
00BEEA
00C018
00C5E1
00CC6A
00D3C9
00DC13
00E69E
00F840
010B40
011FBC
0135D1
014DA2
016754
018310
01A102
01C15C
01E454
020A27
023317
025F70
028F85
02C3B4
02FC64
033A0B
037D2D
03C65D
041642
046D93
04CD1E
0535C7
05A885
062666
06B089
07481E
07EE63
08A49A
096C0C
0A4604
0B33CA
0C36A9
0D4FF0
0E80F5
0FCB1E
112FE7
12B0E7
144FD9
160EA0
17EF4A
19F41A
00BEEA
00BEEA
00BEEA
00BEEA
00BEEA
00BEEA
00BEEA
00BEEA
00BEEA
00BEEA
00BEEA
00BEEA
00BEEA
00BEEA
00BEEA
00BEEA
00C02F
00C5FB
00CC88
00D3EA
00DC38
00E6A7
00F84B
010B4D
011FCB
0135E3
014DB7
01676C
01832B
01A122
01C180
01E47E
020A57
02334F
025FB1
028FD0
02C40A
02FCC8
033A7E
037DB2
03C6F6
0416F2
046E5D
04CE07
0536D1
05A9B5
0627BF
06B210
0749D8
07F053
08A6C5
096E77
0A48B2
0B36C0
0C39EB
0D5381
0E84DA
0FCF5C
113482
12B5E5
145540
161476
17F597
19FAE5
00BEEA
00BEEA
00BEEA
00BEEA
00BEEA
00BEEA
00BEEA
00BEEA
00BEEA
00BEEA
00BEEA
00BEEA
00BEEA
00BEEA
00BEEA
00BEEA
00C049
00C618
00CCA9
00D40F
00DC62
00E6B2
00F858
010B5C
011FDC
0135F6
014DCD
016786
018349
01A144
01C1A9
01E4AD
020A8D
02338E
025FFA
029024
02C46B
02FD37
033AFF
037E46
03C7A1
0417B7
046F40
04CF0A
0537FA
05AB07
062940
06B3C4
074BC5
07F27D
08A931
09712A
0A4BB0
0B3A0E
0C3D8D
0D577C
0E8933
0FD417
1139A5
12BB77
145B46
161AF8
17FC9E
1A0279
00BEEA
00BEEA
00BEEA
00BEEA
00BEEA
00BEEA
00BEEA
00BEEA
00BEEA
00BEEA
00BEEA
00BEEA
00BEEA
00BEEA
00BEEA
00BEEA
00C066
00C639
00CCCD
00D438
00DC90
00E6BE
00F866
010B6C
011FEF
01360C
014DE6
0167A3
01836B
01A16B
01C1D6
01E4E1
020ACA
0233D4
02604A
029081
02C4D7
02FDB4
033B8E
037EEC
03C860
041892
04703C
04D02C
053945
05AC81
062AEE
06B5AB
074DEB
07F4E7
08ABE5
09742D
0A4F07
0B3DBD
0C419A
0D5BED
0E8E0B
0FD95D
113F60
12C1AC
1461FE
16223A
180473
1A0AEB
00BEEA
00BEEA
00BEEA
00BEEA
00BEEA
00BEEA
00BEEA
00BEEA
00BEEA
00BEEA
00BEEA
00BEEA
00BEEA
00BEEA
00BEEA
00BEEA
00C086
00C65D
00CCF6
00D466
00DCC4
00E6CC
00F875
010B7E
012004
013624
014E02
0167C4
018391
01A197
01C208
01E51B
020B0D
023422
0260A4
0290E9
02C54F
02FE3F
033C2F
037FA5
03C935
041988
047156
04D16F
053AB6
05AE27
062CCD
06B7CB
075050
07F799
08AEE9
097788
0A52C0
0B41DA
0C461F
0D60E0
0E9372
0FDF3F
1145C3
12C898
14697B
162A51
180D2E
1A1456
00BEEA
00BEEA
00BEEA
00BEEA
00BEEA
00BEEA
00BEEA
00BEEA
00BEEA
00BEEA
00BEEA
00BEEA
00BEEA
00BEEA
00BEEA
00BEEA
00C0A9
00C685
00CD23
00D499
00DCFD
00E6DB
00F887
010B93
01201B
01363F
014E22
0167E8
0183BB
01A1C8
01C240
01E55C
020B58
023479
026109
02915E
02C5D5
02FEDA
033CE2
038073
03CA23
041A99
047290
04D2D7
053C53
05AFFD
062EE4
06BA29
0752FD
07FA9A
08B246
097B47
0A56E7
0B466F
0C4B29
0D6664
0E9979
0FE5CE
114CE1
12D04F
1471D3
163356
1816E9
1A1ED4
00BEEA
00BEEA
00BEEA
00BEEA
00BEEA
00BEEA
00BEEA
00BEEA
00BEEA
00BEEA
00BEEA
00BEEA
00BEEA
00BEEA
00BEEA
00BEEA
00C0D1
00C6B2
00CD56
00D4D2
00DD3E
00E6EC
00F89A
010BA9
012035
01365E
014E45
016810
0183EA
01A1FE
01C27F
01E5A5
020BAC
0234DA
026179
0291E0
02C66B
02FF87
033DAA
03815A
03CB2D
041BCB
0473EF
04D46A
053E1F
05B20A
06313A
06BCCE
0755F8
07FDF4
08B606
097F74
0A5B89
0B4B8C
0C50C8
0D6C8C
0EA030
0FED1D
1154D1
12D8E8
147B20
163D62
1821C2
1A2A86
00BEEA
00BEEA
00BEEA
00BEEA
00BEEA
00BEEA
00BEEA
00BEEA
00BEEA
00BEEA
00BEEA
00BEEA
00BEEA
00BEEA
00BEEA
00BEEA
00C0FE
00C6E4
00CD8F
00D512
00DD85
00E701
00F8B0
010BC2
012052
01367F
014E6C
01683E
01841E
01A23A
01C2C5
01E5F6
020C0A
023546
0261F7
029270
02C713
030048
033E89
03825B
03CC56
041D20
047577
04D62B
054021
05B455
0633D4
06BFC1
07594C
0801B2
08BA35
09841D
0A60B2
0B513E
0C570B
0D7367
0EA7AC
0FF542
115DA9
12E27D
14857E
164894
182DD7
1A378D
00BEEA
00BEEA
00BEEA
00BEEA
00BEEA
00BEEA
00BEEA
00BEEA
00BEEA
00BEEA
00BEEA
00BEEA
00BEEA
00BEEA
00BEEA
00BEEA
00C12F
00C71C
00CDCE
00D559
00DDD5
00E75A
00F8C8
010BDE
012073
0136A5
014E97
016870
018458
01A27E
01C313
01E650
020C73
0235BF
026283
029312
02C7CE
030120
033F82
03837B
03CDA1
041E9D
04772D
04D820
05425F
05B6E3
0636BC
06C30C
075D03
0805DE
08BEDF
09894F
0A6674
0B5799
0C5E06
0D7B0C
0EB003
0FFE56
116783
12ED29
149109
16550D
183B4C
1A4611
00BEEA
00BEEA
00BEEA
00BEEA
00BEEA
00BEEA
00BEEA
00BEEA
00BEEA
00BEEA
00BEEA
00BEEA
00BEEA
00BEEA
00BEEA
00BEEA
00C166
00C75B
00CE15
00D5A9
00DE2E
00E7BE
00F8E3
010BFE
012097
0136CF
014EC8
0168A8
01849A
01A2C9
01C36B
01E6B5
020CE8
023647
02631F
0293C7
02C89E
030211
034098
0384BB
03CF12
042046
047915
04DA50
0544DF
05B9BD
0639FA
06C6B8
076127
080A85
08C413
098F19
0A6CDF
0B5EAD
0C65CE
0D8390
0EB94E
100872
11727D
12F90D
149DE6
1662F1
184A4A
1A563A
00BEEA
00BEEA
00BEEA
00BEEA
00BEEA
00BEEA
00BEEA
00BEEA
00BEEA
00BEEA
00BEEA
00BEEA
00BEEA
00BEEA
00BEEA
00BEEA
00C1A4
00C7A1
00CE63
00D601
00DE92
00E82D
00F902
010C21
0120C0
0136FE
014EFF
0168E7
0184E2
01A31E
01C3CC
01E726
020D6A
0236DD
0263CD
029491
02C987
03031E
0341CF
038621
03D0AE
042220
047B36
04DCC1
0547A9
05BCEB
063D97
06CAD0
0765C6
080FB5
08C9E0
09958E
0A7407
0B6691
0C6E79
0D8D0E
0EC3A9
1013B5
117EB6
13064B
14AC37
167269
185AFA
1A6839
00BEEA
00BEEA
00BEEA
00BEEA
00BEEA
00BEEA
00BEEA
00BEEA
00BEEA
00BEEA
00BEEA
00BEEA
00BEEA
00BEEA
00BEEA
00BEEA
00C1E9
00C7EE
00CEBB
00D664
00DF00
00E8AA
00F924
010C48
0120ED
013732
014F3B
01692E
018534
01A37C
01C439
01E7A4
020DFC
023786
026490
029572
02CA8B
03044B
03432A
0387B1
03D27B
042432
047D96
04DF7A
054AC6
05C078
0641A0
06CF62
076AED
08157E
08D058
099CC1
0A7BFF
0B6F5C
0C7822
0D979F
0ECF30
102040
118C52
131509
14BC28
1683A1
186D8E
1A7C40
00BEEA
00BEEA
00BEEA
00BEEA
00BEEA
00BEEA
00BEEA
00BEEA
00BEEA
00BEEA
00BEEA
00BEEA
00BEEA
00BEEA
00BEEA
00BEEA
00C235
00C845
00CF1C
00D6D2
00DF7C
00E934
00F949
010C74
012120
01376D
014F7F
01697C
01858E
01A3E5
01C4B3
01E831
020E9E
023842
02656A
02966D
02CBAE
03059A
0344AD
03896F
03D47D
042681
04803D
04E284
054E3F
05C46E
064621
06D47A
0770AC
081BF2
08D78E
09A4C6
0A84E2
0B7928
0C82E3
0DA364
0EDC06
102E36
119B79
132571
14CDE6
1696CA
18823A
1A9289
00BEEA
00BEEA
00BEEA
00BEEA
00BEEA
00BEEA
00BEEA
00BEEA
00BEEA
00BEEA
00BEEA
00BEEA
00BEEA
00BEEA
00BEEA
00BEEA
00C28B
00C8A5
00CF89
00D74C
00E005
00E9CE
00F974
010CA5
012158
0137AE
014FCB
0169D4
0185F4
01A45A
01C53A
01E8CE
020F54
023914
02665C
029786
02CCF2
030710
03465D
038B61
03D6BA
042915
048332
04E5E8
055220
05C8D9
064B26
06DA29
077715
082323
08DF97
09ADB6
0A8EC7
0B8411
0C8EDE
0DB07F
0EEA50
103DC0
11AC54
1337B2
14E1A3
16AC1A
189939
1AAB54
00BEEA
00BEEA
00BEEA
00BEEA
00BEEA
00BEEA
00BEEA
00BEEA
00BEEA
00BEEA
00BEEA
00BEEA
00BEEA
00BEEA
00BEEA
00BEEA
00C2EA
00C911
00D003
00D7D5
00E09F
00EA7A
00F9A3
010CDB
012197
0137F7
01501F
016A35
018665
01A4DD
01C5D2
01E97D
02101F
0239FE
02676B
0298BF
02CE5C
0308B2
03483F
038D8D
03D93B
042BF5
048680
04E9B1
055673
05CDC7
0650C0
06E080
077E39
082B27
08E88C
09B7AB
0A99CD
0B9036
0C9C33
0DBF14
0EFA37
104F09
11BF15
134C00
14F797
16C3CE
18B2CB
1AC6E4
00BEEA
00BEEA
00BEEA
00BEEA
00BEEA
00BEEA
00BEEA
00BEEA
00BEEA
00BEEA
00BEEA
00BEEA
00BEEA
00BEEA
00BEEA
00BEEA
00C354
00C989
00D08A
00D86D
00E149
00EB39
00F9D7
010D18
0121DE
013849
01507D
016AA2
0186E3
01A56F
01C67B
01EA41
021101
023B04
02689A
029A1D
02CFF0
030A85
034A59
038FFA
03DC05
042F2B
048A30
04EDEA
055B47
05D347
0656FF
06E791
078630
083417
08F286
09C2C3
0AA612
0B9DBC
0CAB0A
0DCF4E
0F0BE7
106244
11D3F0
136294
150FFF
16DE28
18CF38
1AE588
00BEEA
00BEEA
00BEEA
00BEEA
00BEEA
00BEEA
00BEEA
00BEEA
00BEEA
00BEEA
00BEEA
00BEEA
00BEEA
00BEEA
00BEEA
00BEEA
00C3CA
00CA0E
00D120
00D916
00E207
00EC0E
00FA12
010D5C
01222C
0138A4
0150E7
016B1C
018770
01A612
01C738
01EB1B
0211FE
023C28
0269EC
029BA3
02D1B3
030C8E
034CB2
0392AF
03DF23
0432C1
048E4D
04F2A0
0560A9
05D96A
065DF6
06EF72
078F10
083E0B
08FDA3
09CF1D
0AB3BC
0BACC9
0CBB8D
0DE15B
0F1F92
1077A4
11EB1F
137BAC
152B1E
16FB70
18EECD
1B0793
00BEEA
00BEEA
00BEEA
00BEEA
00BEEA
00BEEA
00BEEA
00BEEA
00BEEA
00BEEA
00BEEA
00BEEA
00BEEA
00BEEA
00BEEA
00BEEA
00C44E
00CAA3
00D1C8
00D9D3
00E2DB
00ECFB
00FA53
010DA8
012284
013909
01515C
016BA4
01880E
01A6C8
01C80A
01EC0F
021318
023D6E
026B65
029D57
02D3AB
030ED3
034F51
0395B4
03E29E
0436C1
0492E4
04F7E2
0566AB
05E041
0665BA
06F83B
0798F5
084922
090A04
09DCDC
0AC2F1
0BBD87
0CCDEA
0DF56C
0F356F
108F67
1204E1
13978D
15493F
171BF6
1911E1
1B2D61
00BEEA
00BEEA
00BEEA
00BEEA
00BEEA
00BEEA
00BEEA
00BEEA
00BEEA
00BEEA
00BEEA
00BEEA
00BEEA
00BEEA
00BEEA
00BF36
00C4E1
00CB49
00D283
00DAA5
00E3C7
00EE02
00FA9C
010DFC
0122E6
01397B
0151DF
016C3C
0188BD
01A794
01C8F6
01ED1F
021453
023EDB
026D0A
029F3E
02D5DD
03115D
03523E
039914
03E680
043B37
049803
04FDC0
056D5E
05E7E3
066E63
070205
07A3FA
08557D
0917CC
09EC2A
0AD3DB
0BD026
0CE254
0E0BBB
0F4DBB
10A9CC
12217E
13B683
156AB4
174012
1938D1
1B5757
00BEEA
00BEEA
00BEEA
00BEEA
00BEEA
00BEEA
00BEEA
00BEEA
00BEEA
00BEEA
00BEEA
00BEEA
00BEEA
00BEEA
00BEEA
00BFC6
00C584
00CC01
00D353
00DB8E
00E4CD
00EF28
00FAEE
010E5B
012353
0139F9
015272
016CE6
018982
01A877
01C9FD
01EE4F
0215B2
024071
026EE0
02A15D
02D851
031431
035582
039CD7
03EAD5
044033
049DBB
05044B
0574D8
05F065
06780A
070CEE
07B041
08633E
092723
09FD31
0AE6AC
0BE4DA
0CF905
0E2483
0F68B7
10C71B
124141
13D8E1
158FD4
176823
196405
1B85E5
00BEEA
00BEEA
00BEEA
00BEEA
00BEEA
00BEEA
00BEEA
00BEEA
00BEEA
00BEEA
00BEEA
00BEEA
00BEEA
00BEEA
00BEEA
00C067
00C63A
00CCCF
00D43A
00DC92
00E5F0
00F06E
00FC28
010EC4
0123CD
013A87
015316
016DA3
018A5D
01A975
01CB22
01EFA3
02173B
024238
0270ED
02A3BC
02DB0E
03175B
035928
03A10B
03EFAB
0445C2
04A41B
050B98
057D2D
05F9E2
0682CD
071916
07BDEE
08728E
093835
0A1021
0AFB97
0BFBDC
0D123A
0E4008
0F86AD
10E7A2
126480
13FF01
15B903
179494
1993EF
1BB985
00BEEA
00BEEA
00BEEA
00BEEA
00BEEA
00BEEA
00BEEA
00BEEA
00BEEA
00BEEA
00BEEA
00BEEA
00BEEA
00BEEA
00BEEA
00C11A
00C705
00CDB3
00D53B
00DDB3
00E734
00F1D9
00FDBD
010F3A
012456
013B25
0153CC
016E77
018B51
01AA90
01CC6A
01F11E
0218F1
024433
027338
02A661
02DE1C
031AE2
035D3A
03A5BC
03F512
044BF6
04AB39
0513BD
058679
060475
068ECA
0726A0
07CD28
088399
094B32
0A2530
0B12D7
0C156B
0D2E38
0E5E95
0FA7EB
110BB8
128B98
142947
15E6AC
17C5D6
19C909
1BF2BB
00BEEA
00BEEA
00BEEA
00BEEA
00BEEA
00BEEA
00BEEA
00BEEA
00BEEA
00BEEA
00BEEA
00BEEA
00BEEA
00BEEA
00BEEA
00C1E2
00C7E6
00CEB2
00D659
00DEF5
00E89D
00F36B
00FF7E
010FBE
0124EE
013BD5
015498
016F63
018C63
01ABCC
01CDD7
01F2C5
021ADB
024669
0275C6
02A956
02E186
031ED2
0361C5
03AAF8
03FB18
0452E2
04B329
051CD2
0590D6
06103F
069C26
0735B5
07DE1B
089690
09604F
0A3C98
0B2CAB
0C31CD
0D4D4A
0E807B
0FCCCB
1133BC
12B6ED
145822
161943
17FC69
1A03DC
1C3218
00BEEA
00BEEA
00BEEA
00BEEA
00BEEA
00BEEA
00BEEA
00BEEA
00BEEA
00BEEA
00BEEA
00BEEA
00BEEA
00BEEA
00BEEA
00C2BF
00C8E1
00CFCC
00D798
00E05A
00EA2D
00F52B
010171
011051
012598
013C9A
01557C
01706A
018D94
01AD2D
01CF70
01F49E
021CFE
0248E1
0278A1
02ACA2
02E556
032338
0366D8
03B0D0
0401D1
045A9C
04BC04
0526F3
059C64
061D61
06AB08
07467F
07F0F7
08ABA7
0977C9
0A569A
0B495A
0C514E
0D6FC3
0EA613
0FF5AD
116015
12E6F1
148C08
16514B
1838D7
1A44FC
1C783E
00BEEA
00BEEA
00BEEA
00BEEA
00BEEA
00BEEA
00BEEA
00BEEA
00BEEA
00BEEA
00BEEA
00BEEA
00BEEA
00BEEA
00BEEA
00C3B6
00C9F7
00D106
00D8F9
00E1E7
00EBE9
00F71B
01039B
011189
012656
013D75
01567A
017191
018EE9
01AEB7
01D138
01F6AD
021F60
024BA3
027BD1
02B051
02E997
032821
036C81
03B756
040952
04633A
04C5E5
05323F
05A944
062C04
06BB9B
07592F
0805F3
08C31B
0991DF
0A737C
0B6931
0C7442
0D95FD
0ECFBF
1022F9
119135
131C1C
14C57E
168F50
187BB8
1A8D0C
1CC5DA
00BEEA
00BEEA
00BEEA
00BEEA
00BEEA
00BEEA
00BEEA
00BEEA
00BEEA
00BEEA
00BEEA
00BEEA
00BEEA
00BEEA
00BF20
00C4C8
00CB2D
00D263
00DA81
00E39F
00EDD6
00F942
010602
011434
01272A
013E6B
015796
0172DA
019065
01B070
01D336
01F8FB
02220A
024EB7
027F60
02B46E
02EE57
032D9D
0372D3
03BE9E
0411B1
046CD7
04D0E9
053ED6
05B79E
063C52
06CE0E
076DFB
081D49
08DD2B
09AEDA
0A938E
0B8C86
0C9B06
0DC05E
0EFDEC
105526
11C79A
1356F7
150514
16D3EE
18C5B2
1ADCBF
1D1BAC
00BEEA
00BEEA
00BEEA
00BEEA
00BEEA
00BEEA
00BEEA
00BEEA
00BEEA
00BEEA
00BEEA
00BEEA
00BEEA
00BEEA
00C02D
00C5F9
00CC85
00D3E7
00DC35
00E588
00EFF9
00FBA5
0108AA
01172A
012817
013F7D
0158D4
017449
01920E
01B25B
01D56F
01FB8D
022503
025228
02835A
02B906
02F3A4
0333BB
0379E1
03C6BD
041B09
047790
04DD31
054CDF
05C79C
064E7A
06E298
07851E
08373B
08FA22
09CF07
0AB725
0BB3B6
0CC600
0DEF53
0F3111
108CB3
1203CE
139817
154B6B
171FD1
19177E
1B34DC
1D7A89
00BEEA
00BEEA
00BEEA
00BEEA
00BEEA
00BEEA
00BEEA
00BEEA
00BEEA
00BEEA
00BEEA
00BEEA
00BEEA
00BEEA
00C159
00C74B
00CE03
00D595
00DE18
00E7A5
00F257
00FE4A
010B9C
011A70
012AEA
0140AF
015A36
0175E3
0193E8
01B480
01D7EA
01FE6C
022856
0255FF
0287CA
02BE27
02F990
033A90
0381C1
03CFCE
042574
048385
04EAE3
055C83
05D96B
0662B0
06F972
079ED8
085411
091A4D
09F2BF
0ADEA0
0BDF29
0CF5A0
0E2357
0F69B3
10CA31
12466B
13E021
159935
1773B8
1971EA
1B963D
1DE35C
00BEEA
00BEEA
00BEEA
00BEEA
00BEEA
00BEEA
00BEEA
00BEEA
00BEEA
00BEEA
00BEEA
00BEEA
00BEEA
00BEEA
00C2A5
00C8C3
00CFAB
00D772
00E030
00E9FE
00F4F6
010137
010EDF
011E10
012EF0
014205
015BC2
0177AD
0195FA
01B6E6
01DAB0
0201A1
022C0B
025A49
028CBF
02C3E1
03002C
034230
038A8A
03D9EB
043114
0490DB
04FA26
056DF0
05ED41
067930
0712DD
07BB72
087419
093E04
0A1A62
0B0A69
0C0F53
0D2A65
0E5CF2
0FA864
110E3E
12901F
142FCF
15EF3A
17D07B
19D5DB
1C01DA
1E572E
00BEEA
00BEEA
00BEEA
00BEEA
00BEEA
00BEEA
00BEEA
00BEEA
00BEEA
00BEEA
00BEEA
00BEEA
00BEEA
00BEEA
00C416
00CA64
00D181
00D983
00E282
00EC97
00F7DD
010474
011279
012211
013361
014693
015D7B
0179AC
01984A
01B993
01DDC8
020536
02302F
025F12
029248
02CA45
03078D
034AB3
039459
03E534
043E0B
049FB9
050B29
058159
060356
069238
072F21
07DB3A
0897AD
0965A8
0A465A
0B3AF5
0C44B3
0D64D9
0E9CBE
0FEDCD
11598F
12E1AD
1487F4
164E5E
18370D
1A445A
1C78CE
1ED72E
00BEEA
00BEEA
00BEEA
00BEEA
00BEEA
00BEEA
00BEEA
00BEEA
00BEEA
00BEEA
00BEEA
00BEEA
00BEEA
00BFED
00C5B0
00CC33
00D38A
00DBCD
00E513
00EF76
00FB13
010808
011675
01267E
01384A
014C02
0161D5
017BE7
019ADF
01BC90
01E13D
020936
0234D0
02646B
029876
02D168
030FCA
035432
039F4A
03F1CA
044C80
04B04B
051E1C
0596F6
061BE9
06AE0F
074E8C
07FE88
08BF2D
0991A5
0A771D
0B70C7
0C7FDA
0DA59D
0EE367
103AAA
11ACF4
133BF5
14E986
16B7A8
18A88D
1ABE98
1CFC62
1F64BD
00BEEA
00BEEA
00BEEA
00BEEA
00BEEA
00BEEA
00BEEA
00BEEA
00BEEA
00BEEA
00BEEA
00BEEA
00BEEA
00C17F
00C776
00CE34
00D5CC
00DE55
00E7EA
00F2A4
00FE9F
010BFC
011ADA
012B60
013DB3
015200
016876
01814A
019DC2
01BFE6
01E51A
020DAD
0239FA
026A64
029F5C
02D960
0318FB
035ECC
03AB7E
03FFD3
045C9E
04C2C2
053338
05AF06
063740
06CD03
077175
0825BD
08EB03
09C270
0AAD30
0BAC70
0CC16A
0DED62
0F31B5
108FD8
12095E
13A002
1555A5
172C55
192650
1B4607
1D8E23
200186
00BEEA
00BEEA
00BEEA
00BEEA
00BEEA
00BEEA
00BEEA
00BEEA
00BEEA
00BEEA
00BEEA
00BEEA
00BEEA
00C33C
00C96E
00D06B
00D84A
00E123
00EB0E
00F626
01028A
011058
011FB4
0130C1
0143AA
01589A
016FC3
01895A
01A59C
01C4CC
01E96A
0212AB
023FBF
02710F
02A710
02E245
03233E
036A9F
03B91C
040F7A
046E94
04D754
054AB8
05C9CC
0655A7
06EF6A
07983C
085143
091BA7
09F890
0AE926
0BEE98
0D0A1C
0E3CFA
0F8891
10EE5A
126FF1
140F16
15CDB6
17ADEC
19B202
1BDC79
1E300B
20AFAB
00BEEA
00BEEA
00BEEA
00BEEA
00BEEA
00BEEA
00BEEA
00BEEA
00BEEA
00BEEA
00BEEA
00BEEA
00BF76
00C52A
00CB9B
00D2E0
00DB0D
00E43C
00EE85
00FA06
0106DC
011527
01250B
0136AE
014A3B
015FDE
0177CB
019239
01AF67
01CF99
01F31E
021A4B
024630
027881
02AFAA
02EC32
032EB1
0377D0
03C84A
0420EC
048297
04EE3C
0564E0
05E793
067772
0715A2
07C349
088190
09519D
0A3498
0B2BA8
0C37FA
0D5AC7
0E9559
0FE911
11576E
12E211
148AC5
165381
183E6A
1A4DDA
1C8460
1EE4C7
217217
00BEEA
00BEEA
00BEEA
00BEEA
00BEEA
00BEEA
00BEEA
00BEEA
00BEEA
00BEEA
00BEEA
00BEEA
00C15A
00C74C
00CE04
00D596
00DE1A
00E7A7
00F259
00FE4C
010B9E
011A73
012AED
013D34
015173
0167DA
01809E
019BF8
01BA28
01DB77
020035
0228BB
02556F
0286C0
02BD2D
02F943
033B9F
038687
03D937
04345D
0498E0
0507BB
0581F8
0608AE
069CFF
074012
07F311
08B726
098D79
0A772F
0B7572
0C8971
0DB467
0EF7A1
105485
11CC9A
136188
151523
16E96A
18E091
1AFCFD
1D414E
1FB05E
224D48
00BEEA
00BEEA
00BEEA
00BEEA
00BEEA
00BEEA
00BEEA
00BEEA
00BEEA
00BEEA
00BEEA
00BEEA
00C371
00C9A9
00D0AE
00D896
00E177
00EB6D
00F690
010300
0110DC
012046
013164
01445E
015962
0170A0
018A4E
01A6AA
01C5F6
01E87D
020E93
023895
0266EC
029A0E
02D27E
0310D0
0355A7
03A1BB
03F5D3
0452CC
04B996
052B31
05A8AE
06332A
06CBCC
0773BD
082C2A
08F63E
09D323
0AC3FF
0BC9FF
0CE654
0E1A3E
0F6711
10CE3C
12514E
13F1FA
15B221
1793D0
199945
1BC4F9
1E1998
209A12
234992
00BEEA
00BEEA
00BEEA
00BEEA
00BEEA
00BEEA
00BEEA
00BEEA
00BEEA
00BEEA
00BEEA
00BEEA
00BEEA
00BEEA
00BEEA
00BEEA
00BF49
00C4F7
00CB61
00D29E
00DAC4
00E646
00F7DB
010ACB
011F34
013534
014CED
016682
01821D
019FE9
01C017
01E2DC
020873
023120
025D2A
028CE4
02C0AA
02F8E1
0335FD
037880
03C0FB
04100F
046674
04C4F4
052C6F
059DDB
061A44
06A2C7
073895
07DCE9
089109
09563D
0A2DD1
0B190F
0C1941
0D2FB6
0E5DC2
0FA4C9
110644
1283C5
141F02
15D9D8
17B651
19B6A7
00BEEA
00BEEA
00BEEA
00BEEA
00BEEA
00BEEA
00BEEA
00BEEA
00BEEA
00BEEA
00BEEA
00BEEA
00BEEA
00BEEA
00BEEA
00BEEA
00BF48
00C4F5
00CB60
00D29D
00DAC2
00E646
00F7DA
010ACB
011F34
013534
014CEC
016681
01821C
019FE7
01C015
01E2DA
020871
02311D
025D27
028CE1
02C0A6
02F8DC
0335F8
03787A
03C0F4
041007
04666B
04C4E9
052C63
059DCD
061A34
06A2B5
073881
07DCD2
0890EF
095621
0A2DB2
0B18EC
0C191B
0D2F8C
0E5D94
0FA497
11060D
12838A
141EC2
15D993
17B606
19B657
00BEEA
00BEEA
00BEEA
00BEEA
00BEEA
00BEEA
00BEEA
00BEEA
00BEEA
00BEEA
00BEEA
00BEEA
00BEEA
00BEEA
00BEEA
00BEEA
00BF47
00C4F4
00CB5F
00D29B
00DAC0
00E645
00F7D9
010ACA
011F33
013533
014CEB
016680
01821A
019FE6
01C013
01E2D7
02086F
02311A
025D24
028CDD
02C0A1
02F8D7
0335F2
037873
03C0EC
040FFE
046661
04C4DE
052C55
059DBE
061A22
06A2A1
07386A
07DCB9
0890D3
095601
0A2D8E
0B18C5
0C18F0
0D2F5C
0E5D60
0FA45F
1105D0
128348
141E7A
15D946
17B5B3
19B5FD
00BEEA
00BEEA
00BEEA
00BEEA
00BEEA
00BEEA
00BEEA
00BEEA
00BEEA
00BEEA
00BEEA
00BEEA
00BEEA
00BEEA
00BEEA
00BEEA
00BF45
00C4F3
00CB5D
00D299
00DABE
00E645
00F7D9
010AC9
011F32
013532
014CEA
01667F
018219
019FE4
01C011
01E2D5
02086C
023117
025D20
028CD9
02C09C
02F8D2
0335EC
03786C
03C0E3
040FF4
046655
04C4D0
052C46
059DAC
061A0E
06A28B
073850
07DC9C
0890B3
0955DD
0A2D67
0B1899
0C18C0
0D2F28
0E5D27
0FA420
11058C
1282FE
141E2A
15D8EF
17B556
19B598
00BEEA
00BEEA
00BEEA
00BEEA
00BEEA
00BEEA
00BEEA
00BEEA
00BEEA
00BEEA
00BEEA
00BEEA
00BEEA
00BEEA
00BEEA
00BEEA
00BF44
00C4F1
00CB5B
00D297
00DABC
00E644
00F7D8
010AC8
011F31
013531
014CE8
01667D
018217
019FE2
01C00F
01E2D2
020869
023113
025D1C
028CD4
02C097
02F8CB
0335E4
037863
03C0D9
040FE9
046648
04C4C1
052C35
059D99
0619F8
06A271
073834
07DC7C
08908F
0955B5
0A2D3A
0B1868
0C188A
0D2EED
0E5CE6
0FA3DA
110540
1282AB
141DD1
15D88F
17B4ED
19B528
00BEEA
00BEEA
00BEEA
00BEEA
00BEEA
00BEEA
00BEEA
00BEEA
00BEEA
00BEEA
00BEEA
00BEEA
00BEEA
00BEEA
00BEEA
00BEEA
00BF42
00C4EF
00CB59
00D295
00DAB9
00E643
00F7D7
010AC7
011F30
01352F
014CE7
01667C
018215
019FE0
01C00C
01E2CF
020865
02310F
025D17
028CCE
02C091
02F8C4
0335DC
03785A
03C0CE
040FDC
04663A
04C4B1
052C22
059D83
0619E0
06A256
073815
07DC59
089067
095589
0A2D09
0B1832
0C184E
0D2EAB
0E5C9F
0FA38C
1104EB
12824F
141D6E
15D823
17B479
19B4AA
00BEEA
00BEEA
00BEEA
00BEEA
00BEEA
00BEEA
00BEEA
00BEEA
00BEEA
00BEEA
00BEEA
00BEEA
00BEEA
00BEEA
00BEEA
00BEEA
00BF40
00C4ED
00CB57
00D292
00DAB6
00E643
00F7D6
010AC6
011F2F
01352E
014CE5
01667A
018213
019FDD
01C009
01E2CC
020861
02310B
025D12
028CC8
02C08A
02F8BC
0335D3
03784F
03C0C2
040FCE
046629
04C49E
052C0D
059D6B
0619C4
06A236
0737F1
07DC31
08903B
095557
0A2CD2
0B17F5
0C180B
0D2E62
0E5C4E
0FA335
11048C
1281E8
141CFE
15D7AB
17B3F7
19B41E
00BEEA
00BEEA
00BEEA
00BEEA
00BEEA
00BEEA
00BEEA
00BEEA
00BEEA
00BEEA
00BEEA
00BEEA
00BEEA
00BEEA
00BEEA
00BEEA
00BF3E
00C4EB
00CB54
00D28F
00DAB3
00E642
00F7D5
010AC5
011F2D
01352C
014CE4
016678
018211
019FDB
01C006
01E2C8
02085D
023106
025D0C
028CC2
02C082
02F8B3
0335C9
037843
03C0B4
040FBF
046617
04C48A
052BF5
059D50
0619A5
06A213
0737CA
07DC05
089009
095520
0A2C95
0B17B1
0C17C0
0D2E10
0E5BF5
0FA2D3
110422
128175
141C82
15D725
17B366
19B382
00BEEA
00BEEA
00BEEA
00BEEA
00BEEA
00BEEA
00BEEA
00BEEA
00BEEA
00BEEA
00BEEA
00BEEA
00BEEA
00BEEA
00BEEA
00BEEA
00BF3C
00C4E8
00CB51
00D28C
00DAAF
00E641
00F7D4
010AC4
011F2C
01352B
014CE2
016675
01820E
019FD7
01C002
01E2C4
020858
023100
025D06
028CBA
02C079
02F8A9
0335BD
037836
03C0A5
040FAD
046603
04C473
052BDB
059D32
061983
06A1ED
07379E
07DBD3
088FD2
0954E2
0A2C50
0B1766
0C176D
0D2DB4
0E5B91
0FA266
1103AC
1280F5
141BF7
15D68F
17B2C5
19B2D3
00BEEA
00BEEA
00BEEA
00BEEA
00BEEA
00BEEA
00BEEA
00BEEA
00BEEA
00BEEA
00BEEA
00BEEA
00BEEA
00BEEA
00BEEA
00BEEA
00BF3A
00C4E5
00CB4E
00D288
00DAAB
00E640
00F7D3
010AC3
011F2A
013529
014CDF
016673
01820B
019FD4
01BFFE
01E2C0
020853
0230FA
025CFF
028CB2
02C070
02F89E
0335B0
037827
03C094
040F99
0465ED
04C459
052BBD
059D10
06195D
06A1C1
07376D
07DB9C
088F94
09549D
0A2C04
0B1711
0C1710
0D2D4E
0E5B22
0FA1ED
110328
128066
141B5D
15D5E7
17B210
19B210
00BEEA
00BEEA
00BEEA
00BEEA
00BEEA
00BEEA
00BEEA
00BEEA
00BEEA
00BEEA
00BEEA
00BEEA
00BEEA
00BEEA
00BEEA
00BEEA
00BF37
00C4E2
00CB4A
00D284
00DAA6
00E63F
00F7D2
010AC1
011F28
013527
014CDD
016670
018208
019FD0
01BFFA
01E2BA
02084D
0230F3
025CF7
028CA9
02C065
02F892
0335A2
037817
03C081
040F84
0465D4
04C43C
052B9C
059CEB
061932
06A191
073736
07DB5F
088F4F
095450
0A2BAE
0B16B3
0C16A8
0D2CDD
0E5AA5
0FA165
110295
127FC7
141AB0
15D52D
17B146
19B137
00BEEA
00BEEA
00BEEA
00BEEA
00BEEA
00BEEA
00BEEA
00BEEA
00BEEA
00BEEA
00BEEA
00BEEA
00BEEA
00BEEA
00BEEA
00BEEA
00BF33
00C4DE
00CB46
00D280
00DAA1
00E63D
00F7D0
010ABF
011F26
013524
014CDA
01666D
018204
019FCC
01BFF5
01E2B5
020846
0230EC
025CEE
028C9E
02C059
02F884
033592
037805
03C06C
040F6B
0465B8
04C41C
052B78
059CC1
061902
06A15B
0736F9
07DB1A
088F02
0953FB
0A2B4F
0B1649
0C1634
0D2C5D
0E5A1A
0FA0CE
1101F0
127F14
1419EF
15D45C
17B065
19B044
00BEEA
00BEEA
00BEEA
00BEEA
00BEEA
00BEEA
00BEEA
00BEEA
00BEEA
00BEEA
00BEEA
00BEEA
00BEEA
00BEEA
00BEEA
00BEEA
00BF30
00C4DA
00CB41
00D27A
00DA9B
00E63C
00F7CE
010ABD
011F24
013521
014CD7
016669
018200
019FC7
01BFEF
01E2AE
02083F
0230E3
025CE4
028C93
02C04C
02F875
033580
0377F0
03C055
040F50
046599
04C3F8
052B4F
059C92
0618CD
06A11E
0736B5
07DACD
088EAC
09539B
0A2AE4
0B15D3
0C15B3
0D2BCF
0E597F
0FA025
110139
127E4D
141917
15D373
17AF6A
19AF35
00BEEA
00BEEA
00BEEA
00BEEA
00BEEA
00BEEA
00BEEA
00BEEA
00BEEA
00BEEA
00BEEA
00BEEA
00BEEA
00BEEA
00BEEA
00BEEA
00BF2C
00C4D6
00CB3C
00D275
00DA95
00E63A
00F7CC
010ABB
011F21
01351E
014CD4
016665
0181FB
019FC2
01BFE9
01E2A7
020836
0230D9
025CD9
028C86
02C03D
02F864
03356D
0377D9
03C03A
040F32
046576
04C3D0
052B21
059C5E
061891
06A0DB
073668
07DA77
088E4C
095330
0A2A6D
0B1550
0C1522
0D2B31
0E58D2
0F9F68
11006C
127D6F
141827
15D26F
17AE51
19AE06
00BEEA
00BEEA
00BEEA
00BEEA
00BEEA
00BEEA
00BEEA
00BEEA
00BEEA
00BEEA
00BEEA
00BEEA
00BEEA
00BEEA
00BEEA
00BEEA
00BF28
00C4D1
00CB37
00D26E
00DA8E
00E638
00F7CA
010AB8
011F1E
01351B
014CD0
016661
0181F6
019FBC
01BFE2
01E29F
02082D
0230CF
025CCC
028C78
02C02C
02F850
033557
0377C0
03C01D
040F10
04654F
04C3A3
052AEE
059C23
06184F
06A08F
073613
07DA17
088DE0
0952B8
0A29E9
0B14BD
0C1481
0D2A80
0E5811
0F9E96
10FF87
127C77
14171A
15D14D
17AD18
19ACB4
00BEEA
00BEEA
00BEEA
00BEEA
00BEEA
00BEEA
00BEEA
00BEEA
00BEEA
00BEEA
00BEEA
00BEEA
00BEEA
00BEEA
00BEEA
00BEEA
00BF23
00C4CB
00CB30
00D267
00DA86
00E636
00F7C8
010AB6
011F1B
013517
014CCB
01665C
0181F0
019FB5
01BFDA
01E296
020823
0230C3
025CBE
028C68
02C01A
02F83B
03353E
0377A3
03BFFC
040EEA
046523
04C372
052AB5
059BE2
061805
06A03B
0735B4
07D9AD
088D69
095232
0A2955
0B141A
0C13CC
0D29BA
0E5739
0F9DAB
10FE87
127B62
1415EE
15D009
17ABBA
19AB3B
00BEEA
00BEEA
00BEEA
00BEEA
00BEEA
00BEEA
00BEEA
00BEEA
00BEEA
00BEEA
00BEEA
00BEEA
00BEEA
00BEEA
00BEEA
00BEEA
00BF1D
00C4C5
00CB29
00D25F
00DA7D
00E634
00F7C5
010AB2
011F18
013513
014CC6
016656
0181EA
019FAD
01BFD2
01E28C
020817
0230B5
025CAF
028C56
02C005
02F823
033522
037783
03BFD7
040EC0
0464F3
04C33A
052A75
059B9A
0617B2
069FDD
07354A
07D935
088CE3
09519D
0A28AF
0B1363
0C1303
0D28DE
0E5648
0F9CA4
10FD6A
127A2D
1414A0
15CE9F
17AA33
19A995
00BEEA
00BEEA
00BEEA
00BEEA
00BEEA
00BEEA
00BEEA
00BEEA
00BEEA
00BEEA
00BEEA
00BEEA
00BEEA
00BEEA
00BEEA
00BEEA
00BF17
00C4BE
00CB21
00D256
00DA73
00E631
00F7C2
010AAF
011F14
01350F
014CC1
016650
0181E2
019FA5
01BFC8
01E281
02080A
0230A6
025C9E
028C42
02BFEE
02F808
033503
037760
03BFAE
040E91
0464BD
04C2FC
052A2E
059B48
061756
069F75
0734D4
07D8B0
088C4E
0950F7
0A27F6
0B1297
0C1222
0D27E7
0E553B
0F9B7F
10FC2C
1278D3
14132A
15CD0B
17A87F
19A7BF
00BEEA
00BEEA
00BEEA
00BEEA
00BEEA
00BEEA
00BEEA
00BEEA
00BEEA
00BEEA
00BEEA
00BEEA
00BEEA
00BEEA
00BEEA
00BEEA
00BF10
00C4B6
00CB19
00D24C
00DA67
00E62E
00F7BF
010AAB
011F0F
013509
014CBB
016649
0181DA
019F9C
01BFBD
01E274
0207FC
023095
025C8A
028C2B
02BFD4
02F7EB
0334E1
037738
03BF81
040E5C
046480
04C2B7
0529DF
059AEE
0616EF
069F00
073450
07D81B
088BA7
09503D
0A2728
0B11B3
0C1128
0D26D4
0E540E
0F9A38
10FAC8
127751
141188
15CB48
17A698
19A5B1
00BEEA
00BEEA
00BEEA
00BEEA
00BEEA
00BEEA
00BEEA
00BEEA
00BEEA
00BEEA
00BEEA
00BEEA
00BEEA
00BEEA
00BEEA
00BEEA
00BF08
00C4AD
00CB0F
00D241
00DA5B
00E62B
00F7BB
010AA7
011F0A
013504
014CB4
016641
0181D1
019F91
01BFB1
01E266
0207EC
023083
025C75
028C13
02BFB7
02F7C9
0334BB
03770C
03BF4E
040E22
04643D
04C269
052986
059A89
06167C
069E7D
0733BC
07D775
088AED
094F6E
0A2642
0B10B4
0C1010
0D25A1
0E52BF
0F98CA
10F93B
1275A3
140FB6
15C950
17A478
19A367
00BEEA
00BEEA
00BEEA
00BEEA
00BEEA
00BEEA
00BEEA
00BEEA
00BEEA
00BEEA
00BEEA
00BEEA
00BEEA
00BEEA
00BEEA
00BEEA
00BF00
00C4A4
00CB04
00D235
00DA4D
00E627
00F7B7
010AA2
011F05
0134FD
014CAD
016638
0181C7
019F86
01BFA4
01E257
0207DA
02306E
025C5D
028BF7
02BF97
02F7A4
033490
0376DB
03BF15
040DE0
0463F1
04C213
052923
059A18
0615FB
069DEB
073318
07D6BC
088A1E
094E86
0A2541
0B0F98
0C0ED7
0D244A
0E5148
0F9732
10F77F
1273C2
140DAE
15C71D
17A218
19A0D7
00BEEA
00BEEA
00BEEA
00BEEA
00BEEA
00BEEA
00BEEA
00BEEA
00BEEA
00BEEA
00BEEA
00BEEA
00BEEA
00BEEA
00BEEA
00BEEA
00BEF6
00C499
00CAF8
00D227
00DA3E
00E623
00F7B2
010A9D
011EFE
0134F6
014CA4
01662F
0181BC
019F79
01BF95
01E245
0207C6
023057
025C42
028BD8
02BF73
02F77B
033460
0376A3
03BED5
040D97
04639D
04C1B2
0528B5
05999A
06156C
069D49
073260
07D5ED
088936
094D84
0A2422
0B0E5B
0C0D7A
0D22CB
0E4FA5
0F956A
10F590
1271A9
140B68
15C4A9
179F72
199DFC
00BEEA
00BEEA
00BEEA
00BEEA
00BEEA
00BEEA
00BEEA
00BEEA
00BEEA
00BEEA
00BEEA
00BEEA
00BEEA
00BEEA
00BEEA
00BEEA
00BEEB
00C48D
00CAEA
00D218
00DA2C
00E61F
00F7AD
010A97
011EF7
0134EE
014C9B
016624
0181B0
019F6A
01BF84
01E232
0207AF
02303D
025C24
028BB5
02BF4B
02F74D
03342B
037666
03BE8E
040D45
046340
04C147
05283A
05990D
0614CC
069C93
073193
07D506
088833
094C63
0A22E1
0B0CF9
0C0BF4
0D2120
0E4DD2
0F936D
10F367
126F51
1408DF
15C1EB
179C7C
199ACA
00BEEA
00BEEA
00BEEA
00BEEA
00BEEA
00BEEA
00BEEA
00BEEA
00BEEA
00BEEA
00BEEA
00BEEA
00BEEA
00BEEA
00BEEA
00BEEA
00BEEA
00C47F
00CADB
00D206
00DA19
00E61A
00F7A7
010A90
011EF0
0134E5
014C91
016618
0181A2
019F5A
01BF71
01E21C
020796
023020
025C02
028B8E
02BF1F
02F719
0333EF
037621
03BE3F
040CEA
0462D7
04C0CF
0527B0
059870
061419
069BC8
0730AD
07D404
088712
094B21
0A217C
0B0B6D
0C0A40
0D1F42
0E4BC8
0F9134
10F0FD
126CB3
14060A
15BEDB
17992E
19973A
00BEEA
00BEEA
00BEEA
00BEEA
00BEEA
00BEEA
00BEEA
00BEEA
00BEEA
00BEEA
00BEEA
00BEEA
00BEEA
00BEEA
00BEEA
00BEEA
00BEEA
00C470
00CACA
00D1F3
00DA03
00E614
00F7A1
010A88
011EE7
0134DB
014C85
01660A
018192
019F48
01BF5C
01E204
02077A
023000
025BDD
028B63
02BEED
02F6DF
0333AD
0375D4
03BDE7
040C84
046262
04C048
052716
0597C1
061351
069AE6
072FAD
07D2E4
0885CF
0949B9
0A1FEC
0B09B3
0C085A
0D1D2D
0E4982
0F8EBA
10EE4B
1269C7
1402E0
15BB70
17957D
19933E
00BEEA
00BEEA
00BEEA
00BEEA
00BEEA
00BEEA
00BEEA
00BEEA
00BEEA
00BEEA
00BEEA
00BEEA
00BEEA
00BEEA
00BEEA
00BEEA
00BEEA
00C45F
00CAB6
00D1DE
00D9EB
00E60E
00F799
010A80
011EDD
0134CF
014C78
0165FB
018181
019F34
01BF45
01E1E9
02075B
022FDC
025BB3
028B33
02BEB5
02F69F
033362
03757F
03BD84
040C13
0461DF
04BFB3
05266B
0596FD
061272
0699E9
072E90
07D1A3
088467
094827
0A1E2E
0B07C6
0C063B
0D1AD9
0E46F7
0F8BF4
10EB48
126683
13FF57
15B79E
17915D
198ECB
00BEEA
00BEEA
00BEEA
00BEEA
00BEEA
00BEEA
00BEEA
00BEEA
00BEEA
00BEEA
00BEEA
00BEEA
00BEEA
00BEEA
00BEEA
00BEEA
00BEEA
00C44C
00CAA1
00D1C6
00D9D0
00E607
00F791
010A77
011ED2
0134C3
014C6A
0165EA
01816D
019F1D
01BF2B
01E1CB
020738
022FB3
025B85
028AFD
02BE77
02F657
03330F
03751F
03BD16
040B94
04614E
04BF0B
0525AC
059622
06117A
0698CF
072D51
07D03C
0882D5
094666
0A1C3B
0B059F
0C03DC
0D1840
0E4420
0F88DC
10E7EB
1262DE
13FB65
15B35A
178CC2
1989D3
00BEEA
00BEEA
00BEEA
00BEEA
00BEEA
00BEEA
00BEEA
00BEEA
00BEEA
00BEEA
00BEEA
00BEEA
00BEEA
00BEEA
00BEEA
00BEEA
00BEEA
00C437
00CA89
00D1AB
00D9B2
00E5FF
00F788
010A6C
011EC6
0134B5
014C59
0165D8
018158
019F04
01BF0E
01E1AA
020711
022F86
025B51
028AC1
02BE32
02F607
0332B3
0374B4
03BC9B
040B06
0460AB
04BE51
0524D6
05952E
061064
069794
072BED
07CEAB
088114
094471
0A1A0F
0B0338
0C0137
0D1559
0E40F4
0F8567
10E42A
125ECB
13F6FC
15AE95
17879C
198445
00BEEA
00BEEA
00BEEA
00BEEA
00BEEA
00BEEA
00BEEA
00BEEA
00BEEA
00BEEA
00BEEA
00BEEA
00BEEA
00BEEA
00BEEA
00BEEA
00BEEA
00C420
00CA6F
00D18D
00D990
00E5F6
00F77E
010A60
011EB9
0134A5
014C47
0165C3
01813F
019EE8
01BEEE
01E184
0206E6
022F54
025B17
028A7E
02BDE4
02F5AE
03324C
03743D
03BC11
040A68
045FF5
04BD80
0523E7
05941E
060F2E
069634
072A5F
07CCEB
087F1E
094241
0A17A1
0B0088
0BFE42
0D121B
0E3D68
0F818B
10DFF7
125A3D
13F20E
15A942
1781DB
197E11
00BEEA
00BEEA
00BEEA
00BEEA
00BEEA
00BEEA
00BEEA
00BEEA
00BEEA
00BEEA
00BEEA
00BEEA
00BEEA
00BEEA
00BEEA
00BEEA
00BEEA
00C406
00CA51
00D16C
00D96B
00E5ED
00F773
010A53
011EAA
013494
014C33
0165AB
018124
019EC9
01BECA
01E15A
0206B6
022F1C
025AD6
028A33
02BD8E
02F54A
0331D8
0373B8
03BB78
0409B8
045F2A
04BC98
0522DD
0592EE
060DD3
0694AB
0728A3
07CAF7
087CEE
093FD0
0A14EB
0AFD88
0BFAF4
0D0E7C
0E3973
0F7D3A
10DB46
125527
13EC8C
15A34E
177B6E
197722
00BEEA
00BEEA
00BEEA
00BEEA
00BEEA
00BEEA
00BEEA
00BEEA
00BEEA
00BEEA
00BEEA
00BEEA
00BEEA
00BEEA
00BEEA
00BEEA
00BEEA
00C3E8
00CA30
00D146
00D941
00E5E2
00F766
010A45
011E99
013480
014C1D
016591
018106
019EA6
01BEA1
01E12C
020680
022EDE
025A8E
0289E0
02BD2D
02F4DA
033158
037324
03BACD
0408F3
045E48
04BB94
0521B4
05919A
060C51
0692F4
0726B3
07C8C9
087A7C
093D16
0A11E3
0AFA2F
0BF744
0D0A70
0E3506
0F7868
10D609
124F78
13E665
159CA7
17743F
196F62
00BEEA
00BEEA
00BEEA
00BEEA
00BEEA
00BEEA
00BEEA
00BEEA
00BEEA
00BEEA
00BEEA
00BEEA
00BEEA
00BEEA
00BEEA
00BEEA
00BEEA
00C3C8
00CA0B
00D11D
00D912
00E5D6
00F758
010A35
011E86
01346B
014C03
016574
0180E4
019E7F
01BE74
01E0F7
020643
022E98
025A3D
028983
02BCC1
02F45E
0330C8
03727E
03BA0E
040817
045D4B
04BA72
052068
05901F
060AA1
06910A
072489
07C659
0877C1
093A0A
0A0E81
0AF670
0BF324
0D05EA
0E3014
0F7304
10D02D
12491E
13DF84
159537
176C37
1966B8
00BEEA
00BEEA
00BEEA
00BEEA
00BEEA
00BEEA
00BEEA
00BEEA
00BEEA
00BEEA
00BEEA
00BEEA
00BEEA
00BEEA
00BEEA
00BEEA
00BEEA
00C3A3
00C9E2
00D0EE
00D8DE
00E5C8
00F749
010A23
011E71
013452
014BE7
016554
0180BF
019E54
01BE42
01E0BD
020600
022E4A
0259E3
02891A
02BC49
02F3D3
033028
0371C5
03B939
040722
045C31
04B92E
051EF5
058E78
0608BF
068EE7
07221F
07C3A1
0874B4
0936A3
0A0AB9
0AF242
0BEE89
0D00DC
0E2A8E
0F6CFE
10C9A1
124203
13D7D4
158CE7
17633D
195D09
00BEEA
00BEEA
00BEEA
00BEEA
00BEEA
00BEEA
00BEEA
00BEEA
00BEEA
00BEEA
00BEEA
00BEEA
00BEEA
00BEEA
00BEEA
00BEEA
00BEEA
00C37A
00C9B4
00D0BA
00D8A3
00E5B9
00F737
010A0E
011E5A
013437
014BC8
016530
018095
019E23
01BE0A
01E07C
0205B5
022DF3
02597F
0288A6
02BBC3
02F338
032F75
0370F7
03B84B
040610
045AF7
04B7C5
051D57
058C9F
0606A5
068C85
071F6C
07C097
08714C
0932D5
0A067F
0AED95
0BE963
0CFB36
0E2460
0F6643
10C24F
123A13
13CF3B
15839B
175934
195234
00BEEA
00BEEA
00BEEA
00BEEA
00BEEA
00BEEA
00BEEA
00BEEA
00BEEA
00BEEA
00BEEA
00BEEA
00BEEA
00BEEA
00BEEA
00BEEA
00BEEA
00C34D
00C980
00D080
00D862
00E5A8
00F724
0109F8
011E40
013419
014BA5
016507
018066
019DED
01BDCB
01E034
020561
022D92
02590E
028825
02BB2D
02F28B
032EAD
037010
03B741
0404DE
045997
04B632
051B89
058A90
06044C
0689DA
071C69
07BD32
086D7E
092E96
0A01C6
0AE85C
0BE3A2
0CF4E5
0E1D79
0F5EBB
10BA20
123132
13C59D
157936
174DFA
194618
00BEEA
00BEEA
00BEEA
00BEEA
00BEEA
00BEEA
00BEEA
00BEEA
00BEEA
00BEEA
00BEEA
00BEEA
00BEEA
00BEEA
00BEEA
00BEEA
00BEEA
00C31A
00C947
00D03F
00D819
00E596
00F70E
0109DF
011E22
0133F7
014B7E
0164DA
018032
019DB1
01BD85
01DFE3
020503
022D26
025891
028794
02BA86
02F1CA
032DCE
036F0F
03B619
040389
04580F
04B46F
051986
058843
0601AD
0686E1
07190B
07B968
08693D
0929D6
09FC80
0AE285
0BDD33
0CEDD6
0E15C0
0F5650
10B0F8
122743
13BADC
156D95
17416B
19388B
00BEEA
00BEEA
00BEEA
00BEEA
00BEEA
00BEEA
00BEEA
00BEEA
00BEEA
00BEEA
00BEEA
00BEEA
00BEEA
00BEEA
00BEEA
00BEEA
00BEEA
00C2E1
00C907
00CFF7
00D7C8
00E581
00F6F6
0109C3
011E02
0133D2
014B53
0164A8
017FF8
019D6D
01BD37
01DF89
02049B
022CAD
025806
0286F2
02B9CB
02F0F2
032CD5
036DF0
03B4CE
04020C
045659
04B279
051746
0585B1
05FEC0
06838E
071549
07B52C
08647D
092488
09F69A
0ADBFF
0BD602
0CE5F0
0E0D1D
0F4CE6
10A6BB
121C27
13AED4
156092
17335D
192961
00BEEA
00BEEA
00BEEA
00BEEA
00BEEA
00BEEA
00BEEA
00BEEA
00BEEA
00BEEA
00BEEA
00BEEA
00BEEA
00BEEA
00BEEA
00BEEA
00BEEA
00C2A1
00C8BF
00CFA6
00D76C
00E569
00F6DB
0109A3
011DDE
0133A8
014B22
01646F
017FB6
019D22
01BCE0
01DF24
020426
022C26
02576A
02863E
02B8FB
02F001
032BBF
036CAF
03B35C
040062
04546F
04B047
0514C3
0582D2
05FB7B
067FD7
071115
07B070
085F2E
091E9A
09F002
0AD4B2
0BCDF7
0CDD1C
0E0374
0F425D
109B46
120FB8
13A15D
155202
1723A3
191868
00BEEA
00BEEA
00BEEA
00BEEA
00BEEA
00BEEA
00BEEA
00BEEA
00BEEA
00BEEA
00BEEA
00BEEA
00BEEA
00BEEA
00BEEA
00BEEA
00BEEA
00C25A
00C86E
00CF4B
00D707
00E54F
00F6BC
010980
011DB5
013379
014AEC
016430
017F6E
019CCE
01BC7E
01DEB3
0203A4
022B90
0256BB
028575
02B812
02EEF5
032A89
036B49
03B1C0
03FE87
04524D
04ADD5
0511F5
057F9E
05F7D4
067BB2
070C64
07AB27
08593F
0917F9
09E8A3
0ACC89
0BC4F7
0CD33A
0DF8A4
0F3692
108E72
1201CD
139249
1541B4
171206
190567
00BEEA
00BEEA
00BEEA
00BEEA
00BEEA
00BEEA
00BEEA
00BEEA
00BEEA
00BEEA
00BEEA
00BEEA
00BEEA
00BEEA
00BEEA
00BEEA
00BEEA
00C20B
00C815
00CEE6
00D695
00E532
00F69B
010959
011D88
013344
014AAF
0163EA
017F1D
019C70
01BC12
01DE35
020313
022AE8
0255F9
028494
02B70F
02EDC9
03292F
0369BA
03AFF4
03FC75
044FEC
04AB19
050ED3
057C0A
05F3C0
067710
070726
07A53E
08529D
091090
09E064
0AC368
0BBAE6
0CC82C
0DEC8B
0F295F
108016
11F237
138167
152F71
16FE4C
18F01E
00BEEA
00BEEA
00BEEA
00BEEA
00BEEA
00BEEA
00BEEA
00BEEA
00BEEA
00BEEA
00BEEA
00BEEA
00BEEA
00BEEA
00BEEA
00BEEA
00BEEA
00C1B2
00C7B0
00CE75
00D615
00E511
00F675
01092D
011D55
01330A
014A6B
01639C
017EC2
019C07
01BB99
01DDA9
020271
022A2C
025520
028399
02B5ED
02EC7A
0327AC
0367FC
03ADF2
03FA25
044D43
04A80C
050B54
05780B
05EF32
0671E3
07014B
079EA3
084B33
090846
09D72C
0AB931
0BAFA2
0CBBCB
0DDEFE
0F1A97
107001
11E0C1
136E7C
151AFB
16E831
18D843
00BEEA
00BEEA
00BEEA
00BEEA
00BEEA
00BEEA
00BEEA
00BEEA
00BEEA
00BEEA
00BEEA
00BEEA
00BEEA
00BEEA
00BEEA
00BEEA
00BEEA
00C14F
00C740
00CDF6
00D587
00E4ED
00F64B
0108FD
011D1D
0132C9
014A20
016345
017E5D
019B92
01BB11
01DD0D
0201BB
02295B
02542E
028282
02B4A9
02EB04
0325FD
03660B
03ABB4
03F791
044A4C
04A4A3
05076D
057394
05EA1C
066C1B
06FABF
079741
0842E8
08FF01
09CCDA
0AADC2
0BA305
0CADEF
0DCFD1
0F0A07
105DFA
11CD30
135948
15040B
16CF69
18BD83
00BEEA
00BEEA
00BEEA
00BEEA
00BEEA
00BEEA
00BEEA
00BEEA
00BEEA
00BEEA
00BEEA
00BEEA
00BEEA
00BEEA
00BEEA
00BEEA
00BEEA
00C0E0
00C6C3
00CD69
00D4E8
00E4C4
00F61C
0108C6
011CDE
013280
0149CC
0162E3
017DEC
019B10
01BA7A
01DC5E
0200F1
022871
025320
028149
02B340
02E963
03241C
0363DF
03A934
03F4AF
0446FB
04A0D5
050311
056E98
05E46C
0665A5
06F36E
078F00
0839A2
08F4A2
09C14E
0AA0F5
0B94E4
0C9E67
0DBECF
0EF776
1049C5
11B73E
134181
14EA51
16B39C
189F82
00BEEA
00BEEA
00BEEA
00BEEA
00BEEA
00BEEA
00BEEA
00BEEA
00BEEA
00BEEA
00BEEA
00BEEA
00BEEA
00BEEA
00BEEA
00BEEA
00BEEA
00C064
00C636
00CCCB
00D480
00E497
00F5E8
01088A
011C98
01322F
01496E
016276
017D6E
019A7E
01B9D2
01DB9B
020010
02276C
0251F2
027FED
02B1AE
02E792
032202
036173
03A669
03F178
044349
049C96
04FE32
056907
05DE13
065E6D
06EB40
0785C5
082F43
08E907
09B461
0A929F
0B8510
0C8D00
0DABBE
0EE2A4
10331A
119EA0
1326D1
14CD70
169468
187DD2
00BEEA
00BEEA
00BEEA
00BEEA
00BEEA
00BEEA
00BEEA
00BEEA
00BEEA
00BEEA
00BEEA
00BEEA
00BEEA
00BEEA
00BEEA
00BEEA
00BEEA
00BFD9
00C59A
00CC19
00D454
00E464
00F5AD
010846
011C4A
0131D4
014905
0161FD
017CE2
0199DB
01B916
01DAC2
01FF14
022649
0250A2
027E68
02AFEC
02E58B
031FAB
035EBF
03A34B
03EDE1
043F27
0497D8
04F8C2
0562CE
05D6FA
06565B
06E21B
077B72
0823A7
08DC09
09A5E6
0A828F
0B7352
0C797C
0D965B
0ECB48
1019A9
1182FB
1308DA
14AD01
16715A
1857FA
00BEEA
00BEEA
00BEEA
00BEEA
00BEEA
00BEEA
00BEEA
00BEEA
00BEEA
00BEEA
00BEEA
00BEEA
00BEEA
00BEEA
00BEEA
00BEEA
00BEEA
00BF3E
00C4EA
00CB53
00D423
00E42C
00F56C
0107FA
011BF2
01316F
014890
016176
017C45
019926
01B844
01D9CF
01FDFB
022504
024F2A
027CB5
02ADF6
02E347
031D0D
035BBB
039FD0
03E9DF
043A8B
04928C
04F2B0
055BDC
05CF0D
064D56
06D7E1
076FE5
0816AA
08CD7C
0995AD
0A708E
0B5F6C
0C6395
0D7E58
0EB10B
0FFD14
1163EC
12E72C
14888C
1649F1
182D6D
00BEEA
00BEEA
00BEEA
00BEEA
00BEEA
00BEEA
00BEEA
00BEEA
00BEEA
00BEEA
00BEEA
00BEEA
00BEEA
00BEEA
00BEEA
00BEEA
00BEEA
00BEEA
00C425
00CA75
00D3ED
00E3ED
00F523
0107A6
011B90
0130FE
01480D
0160DE
017B96
01985B
01B75A
01D8C0
01FCC2
02239A
024D87
027AD1
02ABC6
02E0C0
031A22
03585D
039BEE
03E566
043565
048CA2
04EBE7
055419
05C631
064341
06CC71
0762F8
08081E
08BD2F
09837F
0A5C5C
0B4918
0C4AFF
0D635F
0E938F
0FDCF2
1140FE
12C148
145F87
161D98
17FD88
00BEEA
00BEEA
00BEEA
00BEEA
00BEEA
00BEEA
00BEEA
00BEEA
00BEEA
00BEEA
00BEEA
00BEEA
00BEEA
00BEEA
00BEEA
00BEEA
00BEEA
00BEEA
00C349
00C97C
00D3B0
00E3A7
00F4D1
010748
011B23
013080
01477B
016035
017AD3
01977A
01B654
01D791
01FB64
022205
024BB4
0278B4
02A956
02DDEE
0316E1
03549B
039799
03E068
042FA6
048607
04E454
054B6D
05BC4A
0637FB
06BFA5
075481
07F7D3
08AAEB
096F1A
0A45B3
0B3005
0C2F5E
0D450C
0E7265
0FB8C8
1119AC
12969E
143152
15EBA0
17C790
00BEEA
00BEEA
00BEEA
00BEEA
00BEEA
00BEEA
00BEEA
00BEEA
00BEEA
00BEEA
00BEEA
00BEEA
00BEEA
00BEEA
00BEEA
00BEEA
00BEEA
00BEEA
00C252
00C865
00D36C
00E358
00F477
0106DF
011AAA
012FF3
0146D8
015F79
0179F9
01967D
01B531
01D640
01F9DE
022042
0249AA
027659
02A69C
02DAC9
03133E
035069
0392C3
03DAD5
04293C
047EA8
04DBDE
0541BC
05B138
062B5F
06B154
07444E
07E592
08966F
095838
0A2C3F
0B13D6
0C104B
0D22EC
0E4D0C
0F900B
10ED59
126683
13FD34
15B341
178AAB
00BEEA
00BEEA
00BEEA
00BEEA
00BEEA
00BEEA
00BEEA
00BEEA
00BEEA
00BEEA
00BEEA
00BEEA
00BEEA
00BEEA
00BEEA
00BEEA
00BEEA
00BEEA
00C13E
00C72D
00D321
00E301
00F411
01066A
011A22
012F56
014623
015EA7
017906
019564
01B3EB
01D4C8
01F82B
021E4B
024763
0273B8
02A392
02D746
030F30
034BBB
038D5D
03D49C
042212
04766B
04D26A
0536E8
05A4D8
061D44
06A14E
073229
07D11C
087F74
093E86
0A0FA5
0AF423
0BED50
0CFC79
0E22F2
0F6215
10BB53
123030
13C256
157390
1745D8
00BEEA
00BEEA
00BEEA
00BEEA
00BEEA
00BEEA
00BEEA
00BEEA
00BEEA
00BEEA
00BEEA
00BEEA
00BEEA
00BEEA
00BEEA
00BEEA
00BEEA
00BEEA
00C007
00C5CE
00D2CC
00E29F
00F3A0
0105E7
01198B
012EA7
014558
015DBC
0177F6
01942A
01B280
01D324
01F645
021C19
0244DA
0270C9
02A02E
02D35B
030AAA
034682
038756
03CDAB
041A13
046D3A
04C7DB
052ACF
059702
060D7C
068F5D
071DD5
07BA29
0865A8
0921A6
09EF77
0AD071
0BC5E2
0CD119
0DF368
0F2E28
1082C5
11F2BF
137FB8
152B77
16F7EB
00BEEA
00BEEA
00BEEA
00BEEA
00BEEA
00BEEA
00BEEA
00BEEA
00BEEA
00BEEA
00BEEA
00BEEA
00BEEA
00BEEA
00BEEA
00BEEA
00BEEA
00BEEA
00BEEA
00C444
00D26E
00E232
00F322
010555
0118E2
012DE4
014476
015CB7
0176C8
0192CC
01B0EB
01D14F
01F427
0219A6
024205
026D83
029C66
02CEFC
03059E
0340AE
03809D
03C5EA
041126
0462F5
04BC10
051D49
058789
05FBD4
067B45
07070B
07A069
0848AD
09012C
09CB3C
0AA833
0B9962
0CA018
0DBDA6
0EF363
1042B7
11AD1D
133430
14D9AD
169F7E
00BEEA
00BEEA
00BEEA
00BEEA
00BEEA
00BEEA
00BEEA
00BEEA
00BEEA
00BEEA
00BEEA
00BEEA
00BEEA
00BEEA
00BEEA
00BEEA
00BEEA
00BEEA
00BEEA
00C367
00D205
00E1B8
00F295
0104B2
011825
012D09
014379
015B93
017576
019145
01AF27
01CF44
01F1CA
0216EB
023EDD
0269DD
02982E
02CA1C
02FFFC
033A2E
03791D
03BD44
040730
04577E
04AEE3
050E2B
05763B
05E811
0664C2
06ED7C
07837F
082818
08DC9C
09A264
0A7AC5
0B6715
0C68A1
0D80BC
0EB0BB
0FFA00
115E01
12DE53
147CA9
163AE1
00BEEA
00BEEA
00BEEA
00BEEA
00BEEA
00BEEA
00BEEA
00BEEA
00BEEA
00BEEA
00BEEA
00BEEA
00BEEA
00BEEA
00BEEA
00BEEA
00BEEA
00BEEA
00BEEA
00C301
00D190
00E131
00F1F8
0103FC
011753
012C16
014260
015A4D
0173FD
018F91
01AD2F
01CCFD
01EF28
0213DF
023B57
0265CA
029379
02C4AC
02F9B4
0332ED
0370BE
03B39E
03FC11
044AB1
04A02C
04FD47
0562E1
05D1F1
064B88
06D0D0
076303
08036F
08B369
097449
0A4769
0B2E1F
0C29BC
0D3B90
0E64F1
0FA73C
1103E2
127C6E
14128B
15C80B
00BEEA
00BEEA
00BEEA
00BEEA
00BEEA
00BEEA
00BEEA
00BEEA
00BEEA
00BEEA
00BEEA
00BEEA
00BEEA
00BEEA
00BEEA
00BEEA
00BEEA
00BEEA
00BEEA
00C30F
00D10D
00E099
00F149
010331
011668
012B07
014126
0158E2
017259
018DAB
01AAFC
01CA73
01EC38
021079
023769
026140
028E3A
02BE9C
02F2B3
032AD7
036769
03A8D9
03EFA7
043C66
048FBB
04EA65
054D3A
05B92A
062F41
06B09F
073E7E
07DA26
0884ED
09402C
0A0D3F
0AED7D
0BE23D
0CECCE
0E0E85
0F48BC
109CDE
120C6D
139908
154476
00BEEA
00BEEA
00BEEA
00BEEA
00BEEA
00BEEA
00BEEA
00BEEA
00BEEA
00BEEA
00BEEA
00BEEA
00BEEA
00BEEA
00BEEA
00BEEA
00BEEA
00BEEA
00BEEA
00C4F3
00D07A
00DFF0
00F085
01024F
011563
0129D8
013FC7
01574C
017084
018B8D
01A889
01C79D
01E8F1
020CAF
023308
025C30
028860
02B7D9
02EAE4
0321D2
035CFF
039CD6
03E1CE
042C71
047D5F
04D54A
053502
059D6C
060F8A
068C78
071567
07AB9C
08506A
09052B
09CB3D
0AA3FC
0B90BF
0C92DA
0DABA1
0EDC6D
1026A1
118BB6
130D42
14ACFA
00BEEA
00BEEA
00BEEA
00BEEA
00BEEA
00BEEA
00BEEA
00BEEA
00BEEA
00BEEA
00BEEA
00BEEA
00BEEA
00BEEA
00BEEA
00BEEA
00BEEA
00BEEA
00BEEA
00C70A
00D0A8
00DF33
00EFAB
010153
01143F
012886
013E41
015588
016E79
018930
01A5CE
01C475
01E54A
020876
022E26
02568B
0281DA
02B04F
02E22F
0317C3
035163
038F70
03D25B
041AA3
0468DE
04BDB5
0519EA
057E59
05EBF9
0663DA
06E725
077719
081504
08C240
09802D
0A502A
0B3393
0C2BBF
0D3A03
0E5FB8
0F9E3D
10F702
126B8F
13FD8C
00BEEA
00BEEA
00BEEA
00BEEA
00BEEA
00BEEA
00BEEA
00BEEA
00BEEA
00BEEA
00BEEA
00BEEA
00BEEA
00BEEA
00BEEA
00BEEA
00BEEA
00BEEA
00C057
00C956
00D32A
00DE61
00EEB8
010039
0112F9
01270D
013C8D
015390
016C32
01868E
01A2C2
01C0EF
01E137
0203C1
0228B5
025040
027A95
02A7E9
02D87B
030C8E
034473
038081
03C120
0406C6
0451FA
04A35B
04FB9D
055B8D
05C413
063633
06B309
073BCA
07D1BE
08763A
092A9F
09F04E
0AC8AA
0BB50E
0CB6D6
0DCF59
0EFFF5
104A13
11AF2D
1330DA
00BEEA
00BEEA
00BEEA
00BEEA
00BEEA
00BEEA
00BEEA
00BEEA
00BEEA
00BEEA
00BEEA
00BEEA
00BEEA
00BEEA
00BEEA
00BEEA
00BEEA
00BEEA
00C2A6
00CBDD
00D5EC
00E0E1
00EDA8
00FEFF
01118E
012569
013AA7
01515E
0169A8
01839E
019F5D
01BD02
01DCAE
01FE82
0222A5
02493E
02727C
029E8E
02CDAC
030013
033608
036FDD
03ADEC
03F09E
043870
0485ED
04D9BB
053496
059753
0602E2
067851
06F8C4
078576
081FB6
08C8E0
098257
0A4D83
0B2BC7
0C1E84
0D2719
0E46E3
0F7F47
10D1B6
123FB5
00BEEA
00BEEA
00BEEA
00BEEA
00BEEA
00BEEA
00BEEA
00BEEA
00BEEA
00BEEA
00BEEA
00BEEA
00BEEA
00BEEA
00BEEA
00BEEA
00BEEA
00BEEA
00C530
00CEA4
00D8F3
00E42B
00F059
00FDA1
010FF9
012394
013889
014EEC
0166D3
018059
019B94
01B8A2
01D79F
01F8AA
021BE4
024171
026977
029423
02C1A3
02F22C
0325FB
035D54
039887
03D7EE
041BF4
046515
04B3E0
0508FC
056527
05C93A
063627
06ACFF
072EE7
07BD1F
0858F8
0903D2
09BF14
0A8C2A
0B6C7F
0C617B
0D6C83
0E8EFD
0FCA55
112004
00BEEA
00BEEA
00BEEA
00BEEA
00BEEA
00BEEA
00BEEA
00BEEA
00BEEA
00BEEA
00BEEA
00BEEA
00BEEA
00BEEA
00BEEA
00BEEA
00BEEA
00BF19
00C7FA
00D1AF
00DC44
00E7C6
00F441
0101C1
011054
01218A
01362D
014C31
0163AC
017CB3
01975D
01B3C3
01D1FE
01F228
02145F
0238C1
025F6E
02888B
02B43F
02E2B5
03141F
0348B5
0380B7
03BC71
03FC39
044076
04899F
04D840
052CF8
058881
05EBAC
065767
06CCB8
074CC0
07D8BA
0871F2
0919CA
09D1AC
0A9B0A
0B775B
0C6810
0D6E9C
0E8C71
0FC304
00BEEA
00BEEA
00BEEA
00BEEA
00BEEA
00BEEA
00BEEA
00BEEA
00BEEA
00BEEA
00BEEA
00BEEA
00BEEA
00BEEA
00BEEA
00BEEA
00BEEA
00C1E5
00CB09
00D506
00DFE6
00EBB7
00F886
01065E
01154D
01255F
0136A2
014927
016029
0178A3
0192AC
01AE57
01CBB9
01EAEA
020C01
022F16
025444
027BA7
02A55B
02D184
030045
0331C9
036640
039DE1
03D8EE
0417B3
045A8C
04A1E1
04EE2F
054004
059805
05F6F0
065D98
06CCEC
0745F7
07C9DA
0859D3
08F735
09A364
0A5FD8
0B2E0E
0C0F8B
0D05D6
0E1277
00BEEA
00BEEA
00BEEA
00BEEA
00BEEA
00BEEA
00BEEA
00BEEA
00BEEA
00BEEA
00BEEA
00BEEA
00BEEA
00BEEA
00BEEA
00BEEA
00BEEA
00C4F5
00CE62
00D8AC
00E3DE
00F005
00FD2E
010B65
011AB7
012B31
013CE0
014FD0
016410
0179AA
0190AD
01A924
01C4C0
01E2DC
0202B3
022458
0247DD
026D54
0294D3
02BE6E
02EA3D
031859
0348E1
037BF7
03B1C2
03EA72
042640
04656D
04A849
04EF2E
053A89
058AD3
05E09A
063C7F
069F36
07098C
077C65
07F8BF
087FB2
091270
09B248
0A609F
0B1EF3
0BEED5
00BEEA
00BEEA
00BEEA
00BEEA
00BEEA
00BEEA
00BEEA
00BEEA
00BEEA
00BEEA
00BEEA
00BEEA
00BEEA
00BEEA
00BEEA
00BEEA
00BF66
00C84E
00D20B
00DCA8
00E832
00F4B6
010240
0110DD
01209A
013184
0143A7
015710
016BCE
0181EB
019974
01B277
01CCFD
01E914
0206C4
022619
02471C
0269D4
028E4C
02B489
02DC94
030675
033233
035FD7
038F6E
03C105
03F4AE
042A7C
04628C
049CFC
04D9F2
05199C
055C2C
05A1DC
05EAF0
0637B0
06886F
06DD85
073756
07964C
07FADA
08657F
08D6C2
094F34
00E4FC
00E4FC
00E4FC
00E4FC
00E4FC
00E4FC
00E4FC
00E4FC
00E4FC
00E4FC
00E4FC
00E4FC
00E4FC
00E4FC
00E4FC
00E4FC
00E588
00EC92
00F489
00FD87
0107A9
0115B0
012AFA
0141F0
015AB5
017570
01924D
01B17B
01D330
01F7A6
021F1F
0249E4
027847
02AAA5
02E167
031D03
035E00
03A4F5
03F292
04479A
04A4EF
050B8D
057C90
05F933
0682D2
071AE7
07C303
087CCC
0949F5
0A2C31
0B2532
0C36A1
0D621D
0EA93D
100D98
1190CC
133489
14FA97
16E4E6
18F590
1B2EE3
1D9367
2025E4
22E968
00E4FC
00E4FC
00E4FC
00E4FC
00E4FC
00E4FC
00E4FC
00E4FC
00E4FC
00E4FC
00E4FC
00E4FC
00E4FC
00E4FC
00E4FC
00E4FC
00E589
00EC94
00F48B
00FD89
0107AB
0115B1
012AFB
0141F1
015AB6
017571
01924E
01B17D
01D332
01F7A8
021F21
0249E6
02784A
02AAA9
02E16C
031D08
035E06
03A4FC
03F29A
0447A4
04A4FA
050B9A
057C9E
05F944
0682E5
071AFC
07C31B
087CE8
094A14
0A2C54
0B255A
0C36CD
0D624D
0EA972
100DD2
11910C
1334CE
14FAE2
16E537
18F5E7
1B2F41
1D93CC
202652
22E9DE
00E4FC
00E4FC
00E4FC
00E4FC
00E4FC
00E4FC
00E4FC
00E4FC
00E4FC
00E4FC
00E4FC
00E4FC
00E4FC
00E4FC
00E4FC
00E4FC
00E58B
00EC96
00F48D
00FD8B
0107AD
0115B2
012AFC
0141F2
015AB7
017572
019250
01B17E
01D334
01F7AA
021F24
0249EA
02784E
02AAAE
02E171
031D0E
035E0C
03A504
03F2A3
0447AE
04A506
050BA8
057CAE
05F956
0682FA
071B14
07C337
087D07
094A37
0A2C7C
0B2585
0C36FE
0D6283
0EA9AD
100E13
119153
13351B
14FB36
16E592
18F649
1B2FAA
1D943E
2026CC
22EA61
00E4FC
00E4FC
00E4FC
00E4FC
00E4FC
00E4FC
00E4FC
00E4FC
00E4FC
00E4FC
00E4FC
00E4FC
00E4FC
00E4FC
00E4FC
00E4FC
00E58C
00EC97
00F48F
00FD8E
0107B0
0115B2
012AFD
0141F3
015AB8
017574
019251
01B180
01D336
01F7AD
021F27
0249ED
027852
02AAB2
02E176
031D15
035E14
03A50D
03F2AD
0447BA
04A514
050BB7
057CC0
05F96B
068312
071B2F
07C355
087D2A
094A5E
0A2CA8
0B25B7
0C3734
0D62BF
0EA9EF
100E5C
1191A2
133571
14FB93
16E5F6
18F6B6
1B3020
1D94BD
202754
22EAF4
00E4FC
00E4FC
00E4FC
00E4FC
00E4FC
00E4FC
00E4FC
00E4FC
00E4FC
00E4FC
00E4FC
00E4FC
00E4FC
00E4FC
00E4FC
00E4FC
00E58E
00EC9A
00F491
00FD90
0107B3
0115B3
012AFE
0141F4
015ABA
017575
019253
01B183
01D339
01F7B0
021F2B
0249F1
027857
02AAB8
02E17D
031D1C
035E1C
03A516
03F2B8
0447C7
04A523
050BC9
057CD4
05F982
06832C
071B4D
07C378
087D51
094A8A
0A2CD9
0B25ED
0C3771
0D6302
0EAA39
100EAC
1191FA
1335D1
14FBFB
16E667
18F730
1B30A3
1D954A
2027ED
22EB98
00E4FC
00E4FC
00E4FC
00E4FC
00E4FC
00E4FC
00E4FC
00E4FC
00E4FC
00E4FC
00E4FC
00E4FC
00E4FC
00E4FC
00E4FC
00E4FC
00E590
00EC9C
00F494
00FD93
0107B6
0115B4
012AFF
0141F6
015ABB
017577
019255
01B185
01D33C
01F7B3
021F2E
0249F6
02785C
02AABE
02E184
031D24
035E26
03A521
03F2C5
0447D6
04A534
050BDC
057CEB
05F99B
06834A
071B6F
07C39E
087D7C
094ABB
0A2D0F
0B262B
0C37B5
0D634D
0EAA8C
100F07
11925C
13363C
14FC6F
16E6E5
18F7B7
1B3136
1D95E8
202897
22EC4F
00E4FC
00E4FC
00E4FC
00E4FC
00E4FC
00E4FC
00E4FC
00E4FC
00E4FC
00E4FC
00E4FC
00E4FC
00E4FC
00E4FC
00E4FC
00E4FC
00E593
00EC9E
00F497
00FD97
0107BA
0115B6
012B01
0141F7
015ABD
017579
019258
01B188
01D33F
01F7B7
021F33
0249FB
027862
02AAC5
02E18C
031D2D
035E30
03A52E
03F2D3
0447E6
04A547
050BF2
057D04
05F9B8
06836B
071B95
07C3C8
087DAC
094AF1
0A2D4D
0B266F
0C3801
0D63A1
0EAAE8
100F6B
1192CA
1336B3
14FCF1
16E771
18F84F
1B31D9
1D9698
202955
22ED1C
00E4FC
00E4FC
00E4FC
00E4FC
00E4FC
00E4FC
00E4FC
00E4FC
00E4FC
00E4FC
00E4FC
00E4FC
00E4FC
00E4FC
00E4FC
00E4FC
00E595
00ECA1
00F49A
00FD9A
0107BE
0115B7
012B02
0141F9
015ABF
01757C
01925A
01B18B
01D342
01F7BB
021F38
024A01
027869
02AACC
02E194
031D37
035E3C
03A53B
03F2E3
0447F8
04A55C
050C0A
057D20
05F9D8
06838F
071BBE
07C3F8
087DE2
094B2E
0A2D91
0B26BB
0C3855
0D63FE
0EAB4E
100FDC
119345
133738
14FD81
16E80D
18F8F8
1B3290
1D975D
202A29
22EE00
00E4FC
00E4FC
00E4FC
00E4FC
00E4FC
00E4FC
00E4FC
00E4FC
00E4FC
00E4FC
00E4FC
00E4FC
00E4FC
00E4FC
00E4FC
00E4FC
00E598
00ECA4
00F49E
00FD9E
0107C3
0115B8
012B04
0141FB
015AC1
01757E
01925E
01B18F
01D346
01F7C0
021F3D
024A07
027870
02AAD5
02E19E
031D43
035E49
03A54A
03F2F4
04480C
04A573
050C25
057D3F
05F9FC
0683B8
071BED
07C42D
087E1F
094B72
0A2DDD
0B2710
0C38B4
0D6467
0EABC1
101059
1193CE
1337CD
14FE23
16E8BC
18F9B5
1B335B
1D9839
202B15
22EEFE
00E4FC
00E4FC
00E4FC
00E4FC
00E4FC
00E4FC
00E4FC
00E4FC
00E4FC
00E4FC
00E4FC
00E4FC
00E4FC
00E4FC
00E4FC
00E4FC
00E59B
00ECA8
00F4A2
00FDA3
0107C8
0115BA
012B06
0141FD
015AC4
017581
019261
01B192
01D34B
01F7C5
021F43
024A0E
027878
02AADE
02E1A9
031D4F
035E58
03A55B
03F308
044823
04A58D
050C43
057D61
05FA24
0683E6
071C21
07C469
087E62
094BBE
0A2E32
0B276F
0C391D
0D64DB
0EAC41
1010E5
119466
133874
14FED7
16E97F
18FA88
1B343F
1D992E
202C1D
22F01B
00E4FC
00E4FC
00E4FC
00E4FC
00E4FC
00E4FC
00E4FC
00E4FC
00E4FC
00E4FC
00E4FC
00E4FC
00E4FC
00E4FC
00E4FC
00E4FC
00E59F
00ECAC
00F4A6
00FDA8
0107CE
0115BC
012B08
0141FF
015AC7
017585
019265
01B197
01D350
01F7CB
021F4A
024A16
027881
02AAE9
02E1B5
031D5D
035E68
03A56E
03F31E
04483C
04A5AA
050C65
057D88
05FA50
068419
071C5C
07C4AB
087EAD
094C13
0A2E91
0B27D9
0C3993
0D655D
0EACD0
101182
119511
13392D
14FFA0
16EA59
18FB73
1B353D
1D9A3F
202D44
22F158
00E4FC
00E4FC
00E4FC
00E4FC
00E4FC
00E4FC
00E4FC
00E4FC
00E4FC
00E4FC
00E4FC
00E4FC
00E4FC
00E4FC
00E4FC
00E4FC
00E5A3
00ECB1
00F4AB
00FDAE
0107D4
0115BE
012B0A
014202
015ACA
017588
019269
01B19C
01D356
01F7D2
021F51
024A1F
02788B
02AAF4
02E1C3
031D6D
035E7A
03A583
03F336
044858
04A5CB
050C8A
057DB3
05FA82
068452
071C9D
07C4F5
087F01
094C71
0A2EFB
0B284F
0C3A16
0D65EE
0EAD6F
101230
1195CF
1339FC
150081
16EB4C
18FC79
1B3658
1D9B71
202E8C
22F2BA
00E4FC
00E4FC
00E4FC
00E4FC
00E4FC
00E4FC
00E4FC
00E4FC
00E4FC
00E4FC
00E4FC
00E4FC
00E4FC
00E4FC
00E4FC
00E4FC
00E5A7
00ECB6
00F4B1
00FDB4
0107DB
0115C0
012B0D
014205
015ACD
01758C
01926E
01B1A1
01D35C
01F7D9
021F5A
024A28
027896
02AB01
02E1D2
031D7F
035E8F
03A59B
03F351
044878
04A5EF
050CB4
057DE4
05FAB9
068491
071CE5
07C548
087F5E
094CDB
0A2F71
0B28D3
0C3AA9
0D6690
0EAE21
1012F3
1196A4
133AE3
15017B
16EC5B
18FD9E
1B3794
1D9CC5
202FFC
22F445
00E4FC
00E4FC
00E4FC
00E4FC
00E4FC
00E4FC
00E4FC
00E4FC
00E4FC
00E4FC
00E4FC
00E4FC
00E4FC
00E4FC
00E4FC
00E4FC
00E5AC
00ECBB
00F4B7
00FDBB
0107E3
0115C2
012B10
014208
015AD1
017591
019273
01B1A7
01D363
01F7E1
021F63
024A33
0278A3
02AB10
02E1E3
031D92
035EA5
03A5B5
03F370
04489B
04A618
050CE3
057E19
05FAF7
0684D8
071D36
07C5A4
087FC7
094D50
0A2FF6
0B2967
0C3B4C
0D6745
0EAEE8
1013CD
119791
133BE5
150293
16ED8A
18FEE5
1B38F5
1D9E42
203195
22F5FE
00E4FC
00E4FC
00E4FC
00E4FC
00E4FC
00E4FC
00E4FC
00E4FC
00E4FC
00E4FC
00E4FC
00E4FC
00E4FC
00E4FC
00E4FC
00E4FC
00E5B1
00ECC1
00F4BE
00FDC3
0107EC
0115C5
012B13
01420C
015AD5
017596
019279
01B1AE
01D36B
01F7EA
021F6E
024A3F
0278B1
02AB20
02E1F6
031DA8
035EBF
03A5D2
03F392
0448C2
04A645
050D17
057E56
05FB3C
068527
071D91
07C60B
08803B
094DD4
0A3089
0B2A0B
0C3C03
0D680E
0EAFC6
1014BF
11989A
133D05
1503CB
16EEDC
190052
1B3A7F
1D9FEA
20335E
22F7EA
00E4FC
00E4FC
00E4FC
00E4FC
00E4FC
00E4FC
00E4FC
00E4FC
00E4FC
00E4FC
00E4FC
00E4FC
00E4FC
00E4FC
00E4FC
00E4FC
00E5B8
00ECC8
00F4C6
00FDCC
0107F6
0115C8
012B16
014210
015ADA
01759B
01927F
01B1B5
01D374
01F7F4
021F7A
024A4D
0278C1
02AB33
02E20B
031DC1
035EDB
03A5F3
03F3B7
0448EE
04A678
050D52
057E99
05FB89
068580
071DF6
07C67D
0880BD
094E67
0A312D
0B2AC3
0C3CCF
0D68EF
0EB0BD
1015CE
1199C1
133E46
150527
16F055
1901EA
1B3C36
1DA1C4
20355D
22FA0F
00E4FC
00E4FC
00E4FC
00E4FC
00E4FC
00E4FC
00E4FC
00E4FC
00E4FC
00E4FC
00E4FC
00E4FC
00E4FC
00E4FC
00E4FC
00E4FC
00E5BE
00ECD0
00F4CF
00FDD6
010801
0115CC
012B1B
014215
015AE0
0175A2
019286
01B1BE
01D37D
01F800
021F87
024A5C
0278D3
02AB47
02E222
031DDC
035EFB
03A618
03F3E2
04491F
04A6B0
050D93
057EE4
05FBE0
0685E2
071E66
07C6FE
08814F
094F0A
0A31E5
0B2B90
0C3DB2
0D69EB
0EB1D1
1016FC
119B0B
133FAC
1506AC
16F1F9
1903B0
1B3E21
1DA3D4
203796
22FC74
00E4FC
00E4FC
00E4FC
00E4FC
00E4FC
00E4FC
00E4FC
00E4FC
00E4FC
00E4FC
00E4FC
00E4FC
00E4FC
00E4FC
00E4FC
00E4FC
00E5C6
00ECD9
00F4D9
00FDE1
01080E
0115D0
012B1F
01421A
015AE6
0175A9
01928F
01B1C7
01D388
01F80C
021F95
024A6D
0278E6
02AB5E
02E23D
031DFA
035F1E
03A641
03F411
044956
04A6EF
050DDB
057F37
05FC40
068651
071EE4
07C78D
0881F1
094FC1
0A32B2
0B2C74
0C3EB0
0D6B03
0EB305
10184E
119C7B
13413D
15085E
16F3CF
1905AB
1B4044
1DA622
203A11
22FF20
00E4FC
00E4FC
00E4FC
00E4FC
00E4FC
00E4FC
00E4FC
00E4FC
00E4FC
00E4FC
00E4FC
00E4FC
00E4FC
00E4FC
00E4FC
00E4FC
00E5CE
00ECE2
00F4E4
00FDED
01081B
0115D4
012B24
014220
015AED
0175B1
019298
01B1D2
01D394
01F81A
021FA6
024A80
0278FC
02AB77
02E25A
031E1C
035F45
03A66E
03F446
044992
04A735
050E2D
057F95
05FCAB
0686CC
071F70
07C82D
0882A6
09508D
0A3397
0B2D74
0C3FCB
0D6C3C
0EB45D
1019C6
119E16
1342FB
150A42
16F5DB
1907E2
1B42A7
1DA8B5
203CD7
23021B
00E4FC
00E4FC
00E4FC
00E4FC
00E4FC
00E4FC
00E4FC
00E4FC
00E4FC
00E4FC
00E4FC
00E4FC
00E4FC
00E4FC
00E4FC
00E4FC
00E5D8
00ECED
00F4F0
00FDFB
01082B
0115D9
012B2A
014227
015AF4
0175B9
0192A2
01B1DE
01D3A2
01F82A
021FB8
024A95
027915
02AB93
02E27B
031E42
035F71
03A6A1
03F480
0449D6
04A784
050E87
057FFD
05FD23
068755
07200D
07C8DF
088370
095171
0A3496
0B2E91
0C4107
0D6D99
0EB5DD
101B6B
119FE0
1344ED
150C5F
16F824
190A59
1B4550
1DAB94
203FEE
23056F
00E4FC
00E4FC
00E4FC
00E4FC
00E4FC
00E4FC
00E4FC
00E4FC
00E4FC
00E4FC
00E4FC
00E4FC
00E4FC
00E4FC
00E4FC
00E4FC
00E5E3
00ECF9
00F4FD
00FE0A
01083C
0115DE
012B30
01422E
015AFD
0175C3
0192AD
01B1EB
01D3B1
01F83C
021FCC
024AAD
027930
02ABB3
02E2A0
031E6D
035FA2
03A6DA
03F4C2
044A22
04A7DC
050EEC
058071
05FDA8
0687EE
0720BC
07C9A6
088451
09526F
0A35B3
0B2FCF
0C4268
0D6F1F
0EB78A
101D40
11A1DF
134719
150EBA
16FAB0
190D1A
1B4849
1DAEC7
204361
230926
00E4FC
00E4FC
00E4FC
00E4FC
00E4FC
00E4FC
00E4FC
00E4FC
00E4FC
00E4FC
00E4FC
00E4FC
00E4FC
00E4FC
00E4FC
00E4FC
00E5EE
00ED06
00F50C
00FE1B
01084F
0115E5
012B37
014236
015B06
0175CE
0192BA
01B1F9
01D3C2
01F84F
021FE3
024AC7
02794E
02ABD6
02E2C8
031E9C
035FD9
03A719
03F50B
044A77
04A83D
050F5D
0580F3
05FE3E
068899
07217F
07CA84
08854D
09538B
0A36F2
0B3132
0C43F2
0D70D2
0EB968
101F4B
11A41A
134986
15115A
16FD88
19102D
1B4B9A
1DB25A
20473A
230D4A
00E4FC
00E4FC
00E4FC
00E4FC
00E4FC
00E4FC
00E4FC
00E4FC
00E4FC
00E4FC
00E4FC
00E4FC
00E4FC
00E4FC
00E4FC
00E4FC
00E5FC
00ED15
00F51D
00FE2E
010865
0115EB
012B3F
01423F
015B10
0175DA
0192C8
01B20A
01D3D5
01F865
021FFC
024AE4
027970
02ABFE
02E2F6
031ED1
036016
03A760
03F55D
044AD6
04A8AB
050FDB
058184
05FEE4
068958
072259
07CB7C
088666
0954C7
0A3855
0B32BE
0C45AA
0D72B7
0EBB7D
102193
11A697
134C3A
151449
1700B5
19139B
1B4F4D
1DB657
204B85
2311E9
00E4FC
00E4FC
00E4FC
00E4FC
00E4FC
00E4FC
00E4FC
00E4FC
00E4FC
00E4FC
00E4FC
00E4FC
00E4FC
00E4FC
00E4FC
00E4FC
00E60A
00ED26
00F530
00FE44
01087D
0115F3
012B48
014249
015B1C
0175E8
0192D8
01B21C
01D3EA
01F87E
022019
024B05
027996
02AC2A
02E329
031F0C
03605A
03A7AF
03F5B9
044B3F
04A925
051068
058226
05FF9E
068A2D
07234D
07CC91
08879F
095629
0A39E1
0B3478
0C4795
0D74D5
0EBDD1
10241E
11A95D
134F3F
15178F
17043F
19176E
1B536D
1DBACA
205050
231712
00E4FC
00E4FC
00E4FC
00E4FC
00E4FC
00E4FC
00E4FC
00E4FC
00E4FC
00E4FC
00E4FC
00E4FC
00E4FC
00E4FC
00E4FC
00E4FC
00E61B
00ED39
00F545
00FE5B
010897
0115FB
012B51
014255
015B29
0175F7
0192E9
01B230
01D402
01F899
022038
024B2A
0279C1
02AC5B
02E362
031F4E
0360A7
03A807
03F61F
044BB5
04A9AD
051105
0582DB
06006E
068B1B
07245C
07CDC6
0888FD
0957B3
0A3B9B
0B3665
0C49B8
0D7731
0EC069
1026F5
11AC76
13529C
151B35
170832
191BB2
1B5808
1DBFC0
2055A8
231CD2
00E4FC
00E4FC
00E4FC
00E4FC
00E4FC
00E4FC
00E4FC
00E4FC
00E4FC
00E4FC
00E4FC
00E4FC
00E4FC
00E4FC
00E4FC
00E4FC
00E62D
00ED4D
00F55D
00FE76
0108B5
011605
012B5C
014261
015B38
017608
0192FD
01B247
01D41C
01F8B7
02205B
024B53
0279F0
02AC92
02E3A1
031F97
0360FC
03A86A
03F691
044C39
04AA45
0511B4
0583A5
060156
068C24
07258B
07CF1F
088A84
09596B
0A3D89
0B388C
0C4C1B
0D79D4
0EC34E
102A21
11AFEB
13565E
151F48
170C9B
192075
1B5D2B
1DC549
205B9E
23233D
00E4FC
00E4FC
00E4FC
00E4FC
00E4FC
00E4FC
00E4FC
00E4FC
00E4FC
00E4FC
00E4FC
00E4FC
00E4FC
00E4FC
00E4FC
00E4FC
00E642
00ED65
00F577
00FE93
0108D6
01160F
012B68
01426F
015B48
01761B
019313
01B260
01D439
01F8D9
022083
024B80
027A25
02ACCF
02E3E8
031FE9
03615B
03A8D7
03F710
044CCC
04AAEE
051278
058486
060258
068D4D
0726DE
07D09F
088C37
095B56
0A3FB0
0B3AF2
0C4EC5
0D7CC4
0EC689
102DAA
11B3C5
135A8F
1523D3
171185
1925C5
1B62E5
1DCB76
206245
232A66
00E4FC
00E4FC
00E4FC
00E4FC
00E4FC
00E4FC
00E4FC
00E4FC
00E4FC
00E4FC
00E4FC
00E4FC
00E4FC
00E4FC
00E4FC
00E4FC
00E659
00ED7F
00F594
00FEB4
0108FC
01161B
012B76
01427F
015B5A
017630
01932B
01B27D
01D45A
01F8FF
0220AF
024BB3
027A60
02AD13
02E437
032045
0361C5
03A952
03F79E
044D70
04ABAC
051352
058581
060379
068E97
072858
07D24D
088E1E
095D7B
0A4216
0B3DA0
0C51BD
0D800C
0ECA24
10319B
11B812
135F3B
1528E4
171701
192BB1
1B6949
1DD259
2069B0
233262
00E4FC
00E4FC
00E4FC
00E4FC
00E4FC
00E4FC
00E4FC
00E4FC
00E4FC
00E4FC
00E4FC
00E4FC
00E4FC
00E4FC
00E4FC
00E4FC
00E672
00ED9C
00F5B5
00FED9
010925
011628
012B85
014291
015B6F
017647
019346
01B29C
01D47F
01F92A
0220E0
024BEC
027AA2
02AD5F
02E48F
0320AB
03623B
03A9DB
03F83C
044E27
04AC7F
051446
05869A
0604BC
069009
0729FD
07D42D
08903D
095FDE
0A44C4
0B409C
0C550E
0D83B5
0ECE29
103601
11BCDE
136472
152E8C
171D1F
19324C
1B706A
1DDA08
2071F6
233B49
00E4FC
00E4FC
00E4FC
00E4FC
00E4FC
00E4FC
00E4FC
00E4FC
00E4FC
00E4FC
00E4FC
00E4FC
00E4FC
00E4FC
00E4FC
00E4FC
00E68F
00EDBC
00F5D9
00FF02
010953
011637
012B96
0142A4
015B86
017662
019365
01B2BF
01D4A7
01F959
022117
024C2B
027AEB
02ADB4
02E4F2
03211D
0362BF
03AA74
03F8ED
044EF3
04AD6B
051556
0587D3
060623
0691A5
072BD4
07D644
08929B
096289
0A47C1
0B43F2
0C58C0
0D87CA
0ED2A5
103AEA
11C238
136A43
1534D9
1723F1
1939AA
1B785D
1DE299
207B2F
234537
00E4FC
00E4FC
00E4FC
00E4FC
00E4FC
00E4FC
00E4FC
00E4FC
00E4FC
00E4FC
00E4FC
00E4FC
00E4FC
00E4FC
00E4FC
00E4FC
00E6AE
00EDE0
00F602
00FF30
010987
011647
012BA9
0142BA
015B9F
01767F
019387
01B2E7
01D4D5
01F98E
022154
024C72
027B3D
02AE13
02E560
03219D
036353
03AB1F
03F9B2
044FD8
04AE73
051686
058931
0607B5
069371
072DE1
07D899
08953F
096583
0A4B17
0B47AA
0C5CE0
0D8C57
0ED7A6
104063
11C82F
1370BF
153BE1
172B8C
1941E2
1B813A
1DEC26
208578
235049
00E4FC
00E4FC
00E4FC
00E4FC
00E4FC
00E4FC
00E4FC
00E4FC
00E4FC
00E4FC
00E4FC
00E4FC
00E4FC
00E4FC
00E4FC
00E4FC
00E6D2
00EE08
00F62F
00FF63
0109C0
011659
012BBE
0142D3
015BBB
0176A0
0193AD
01B313
01D508
01F9C9
022198
024CC1
027B99
02AE7D
02E5DB
03222B
0363F7
03ABDD
03FA8F
0450D6
04AF99
0517D9
058AB8
060975
069572
07302B
07DB33
089831
0968D5
0A4ED0
0B4BD0
0C617B
0D916C
0EDD3A
10467D
11CED6
1377FA
1543B8
173407
194B0A
1B8B1B
1DF6CC
2090F0
235CA1
00E4FC
00E4FC
00E4FC
00E4FC
00E4FC
00E4FC
00E4FC
00E4FC
00E4FC
00E4FC
00E4FC
00E4FC
00E4FC
00E4FC
00E4FC
00E4FC
00E6F9
00EE35
00F662
00FF9C
010A01
01166E
012BD6
0142EE
015BDB
0176C4
0193D7
01B344
01D541
01FA0B
0221E4
024D1A
027BFF
02AEF4
02E664
0322CA
0364AF
03ACB2
03FB85
0451F3
04B0E1
051954
058C6B
060B6A
0697B0
0732B9
07DE1B
089B7B
096C8A
0A52F7
0B5071
0C669D
0D9716
0EE373
104D4B
11D642
13800A
154C75
173D7B
195540
1B961F
1E02AA
209DB8
236A63
00E4FC
00E4FC
00E4FC
00E4FC
00E4FC
00E4FC
00E4FC
00E4FC
00E4FC
00E4FC
00E4FC
00E4FC
00E4FC
00E4FC
00E4FC
00E4FC
00E726
00EE67
00F69A
00FFDC
010A48
011684
012BF0
01430C
015BFE
0176ED
019406
01B37B
01D580
01FA54
022239
024D7C
027C71
02AF78
02E6FD
03237B
03657D
03ADA0
03FC98
045330
04B250
051AFA
058E52
060D99
069A2F
073593
07E159
089F27
0970AC
0A5799
0B559B
0C6C56
0D9D67
0EEA63
1054E2
11DE87
138906
155633
174805
1960A2
1BA266
1E0FE5
20ABF7
2379B8
00E4FC
00E4FC
00E4FC
00E4FC
00E4FC
00E4FC
00E4FC
00E4FC
00E4FC
00E4FC
00E4FC
00E4FC
00E4FC
00E4FC
00E4FC
00E4FC
00E757
00EE9E
00F6D9
010023
010A98
01169E
012C0D
01432E
015C25
01771B
01943B
01B3B8
01D5C7
01FAA6
022298
024DEA
027CF1
02B00C
02E7A8
032441
036662
03AEA9
03FDCA
045493
04B3E9
051CD2
059071
061008
069CFA
0738C2
07E4F8
08A33F
097548
0A5CC4
0B5B5D
0C72B9
0DA472
0EF21F
105D58
11E7BF
13930B
15610E
1753C3
196D51
1BB014
1E1EA3
20BBD7
238ACE
00E4FC
00E4FC
00E4FC
00E4FC
00E4FC
00E4FC
00E4FC
00E4FC
00E4FC
00E4FC
00E4FC
00E4FC
00E4FC
00E4FC
00E4FC
00E4FC
00E78E
00EEDD
00F720
010072
010AF1
0116BC
012C2E
014354
015C51
01774E
019476
01B3FC
01D616
01FB02
022303
024E65
027D7F
02B0B1
02E867
03251E
036762
03AFD1
03FF21
04561F
04B5B2
051EE1
0592CF
0612C0
06A017
073C50
07E901
08A7D1
097A6D
0A6287
0B61C9
0C79D7
0DAC4C
0EFABE
1066C6
11F205
139E35
156D28
1760D9
197B73
1BBF52
1E2F10
20CD87
239DD7
00E4FC
00E4FC
00E4FC
00E4FC
00E4FC
00E4FC
00E4FC
00E4FC
00E4FC
00E4FC
00E4FC
00E4FC
00E4FC
00E4FC
00E4FC
00E4FC
00E7CB
00EF22
00F76E
0100CA
010B54
01172C
012C53
01437F
015C82
017787
0194B8
01B448
01D66E
01FB68
022379
024EEE
027E1E
02B169
02E93C
032615
03687F
03B11C
04009F
0457D9
04B7B0
05212D
059574
0615C9
06A390
074047
07ED83
08ACEA
09802B
0A68F5
0B68F3
0C81C7
0DB50D
0F045B
107148
11FD79
13AAA5
157AA2
176F6E
198B31
1BD04D
1E415C
20E13B
23B30B
00E4FC
00E4FC
00E4FC
00E4FC
00E4FC
00E4FC
00E4FC
00E4FC
00E4FC
00E4FC
00E4FC
00E4FC
00E4FC
00E4FC
00E4FC
00E4FC
00E810
00EF6F
00F7C5
01012D
010BC3
0117A8
012C7C
0143AE
015CB9
0177C6
019501
01B49D
01D6D1
01FBDA
0223FD
024F87
027ECF
02B236
02EA2A
032729
0369BE
03B28D
04024A
0459C6
04B9EA
0523BE
059867
06192D
06A771
0744B3
07F28A
08B29A
098691
0A7020
0B70EF
0C8AA1
0DBECF
0F0F11
107CFE
120A3A
13B880
1589A6
177FAB
199CBA
1BE336
1E55BC
20F72B
23CAA7
00E4FC
00E4FC
00E4FC
00E4FC
00E4FC
00E4FC
00E4FC
00E4FC
00E4FC
00E4FC
00E4FC
00E4FC
00E4FC
00E4FC
00E4FC
00E4FC
00E85C
00EFC6
00F827
01019B
010C3F
011833
012CA9
0143E3
015CF6
01780D
019554
01B4FC
01D73F
01FC5A
022491
025033
027F95
02B31C
02EB34
03285C
036B23
03B429
040427
045BED
04BC66
05269B
059BB3
061CF5
06ABC5
0749A3
07F826
08B8F2
098DB5
0A781E
0B79D6
0C947E
0DC9AF
0F1B00
108A09
121870
13C7EF
159A5F
1791C0
19B040
1BF844
1E6C6C
210F98
23E4F0
00E4FC
00E4FC
00E4FC
00E4FC
00E4FC
00E4FC
00E4FC
00E4FC
00E4FC
00E4FC
00E4FC
00E4FC
00E4FC
00E4FC
00E4FC
00E4FC
00E8B1
00F026
00F894
010215
010CC8
0118CD
012CDC
01441E
015D3B
01785C
0195AF
01B566
01D7BA
01FCE8
022536
0250F2
028073
02B41C
02EC5D
0329B4
036CB0
03B5F5
04063B
045E54
04BF2C
0529CD
059F60
06212D
06B09A
074F26
07FE68
08C005
0995AB
0A8108
0B83C2
0C9F7B
0DD5CC
0F284B
109891
122843
13D91E
15ACFD
17A5E1
19C5FC
1C0FB4
1E85AC
212AC8
240232
00E4FC
00E4FC
00E4FC
00E4FC
00E4FC
00E4FC
00E4FC
00E4FC
00E4FC
00E4FC
00E4FC
00E4FC
00E4FC
00E4FC
00E4FC
00E4FC
00E910
00F091
00F90D
01029E
010D62
01197A
012D15
014460
015D87
0178B4
019615
01B5DD
01D843
01FD87
0225EE
0251C7
02816A
02B53A
02EDA8
032B34
036E6D
03B7F7
04088E
046103
04C245
052D5F
05A37B
0625E3
06B5FE
07554B
080563
08C7EA
099E8C
0A8AF7
0B8ED1
0CABBB
0DE34C
0F3719
10A8BE
1239E1
13EC40
15C1B6
17BC49
19DE2C
1C29C8
1EA1C5
214907
2422BE
00E4FC
00E4FC
00E4FC
00E4FC
00E4FC
00E4FC
00E4FC
00E4FC
00E4FC
00E4FC
00E4FC
00E4FC
00E4FC
00E4FC
00E4FC
00E4FC
00E979
00F109
00F994
010336
010E0D
011A39
012D55
0144A9
015DDC
017917
019688
01B661
01D8DC
01FE38
0226BC
0252B5
02827E
02B67A
02EF1A
032CE0
03705D
03BA35
040B25
046402
04C5BA
05315B
05A810
062B25
06BC02
075C27
080D2D
08D0B7
09A872
0A960A
0B9B24
0CB960
0DF254
0F4796
10BAC1
124D7D
14018A
15D8C5
17D536
19F914
1C46CC
1EC106
216AAD
2446F3
00E4FC
00E4FC
00E4FC
00E4FC
00E4FC
00E4FC
00E4FC
00E4FC
00E4FC
00E4FC
00E4FC
00E4FC
00E4FC
00E4FC
00E4FC
00E4FC
00E9EF
00F18E
00FA2A
0103DF
010ECB
011B0F
012D9C
0144FB
015E3B
017985
019707
01B6F5
01D988
01FEFF
0227A1
0253BF
0283B2
02B7DE
02F0B7
032EBF
037286
03BCB6
040E0A
04675A
04C996
0535CD
05AD2E
063104
06C2B8
0763CE
0815DC
08DA88
09B37B
0AA261
0BA8DF
0CC892
0E0310
0F59F0
10CECD
12634F
141939
15F26B
17F0F0
1A1701
1C670F
1EE3C6
219016
246F34
00E4FC
00E4FC
00E4FC
00E4FC
00E4FC
00E4FC
00E4FC
00E4FC
00E4FC
00E4FC
00E4FC
00E4FC
00E4FC
00E4FC
00E4FC
00E4FC
00EA73
00F223
00FAD2
01049C
010FA0
011BFD
012DEB
014557
015EA5
017A00
019796
01B79A
01DA47
01FFDC
0228A1
0254E8
02850A
02B96D
02F285
0330D5
0374F1
03BF82
041146
046B16
04CDE5
053AC5
05B2E4
063791
06CA36
076C57
081F8C
08E579
09BFC8
0AB022
0BB82A
0CD97D
0E15B2
0F6E5D
10E51A
127B95
143390
160EF1
180FC3
1A3845
1C8AEC
1F0A67
21B9AB
249BF1
00E4FC
00E4FC
00E4FC
00E4FC
00E4FC
00E4FC
00E4FC
00E4FC
00E4FC
00E4FC
00E4FC
00E4FC
00E4FC
00E4FC
00E4FC
00E4FC
00EB05
00F2C8
00FB8D
01056F
01108C
011D07
012E43
0145BE
015F1C
017A89
019835
01B852
01DB1C
0200D3
0229C0
025634
02868A
02BB2A
02F488
03332A
0377A4
03C2A1
0414E2
046F42
04D2B5
054050
05B944
063EE0
06D292
0775DD
082A5A
08F1AC
09CD7C
0ABF73
0BC932
0CEC53
0E2A6D
0F8515
10FDE8
129692
1450D9
162EA5
183206
1A5D3E
1CB2C5
1F3553
21E7DD
24CDA5
00E4FC
00E4FC
00E4FC
00E4FC
00E4FC
00E4FC
00E4FC
00E4FC
00E4FC
00E4FC
00E4FC
00E4FC
00E4FC
00E4FC
00E4FC
00E4FC
00EBA8
00F381
00FC5D
010659
011193
011E2E
012EA6
014630
015FA0
017B23
0198E6
01B920
01DC0A
0201E7
022B00
0257A6
028837
02BD1B
02F6C8
0335C4
037AA7
03C61E
0418EA
0473EA
04D815
054680
05C061
064709
06DBE5
07807C
083666
08FF45
09DCC2
0AD083
0BDC28
0D014A
0E417E
0F9E5A
11197C
12B492
147164
1651DE
185815
1A864E
1CDF08
1F64FD
221B2A
2504D6
00E4FC
00E4FC
00E4FC
00E4FC
00E4FC
00E4FC
00E4FC
00E4FC
00E4FC
00E4FC
00E4FC
00E4FC
00E4FC
00E4FC
00E4FC
00E55A
00EC5E
00F44E
00FD45
01075E
0112B8
011F76
012F14
0146B0
016034
017BCE
0199AD
01BA06
01DD15
02031B
022C65
025944
028A16
02BF46
02F94B
0338AD
037E05
03CA03
041D6B
04791D
04DE14
054D69
05C852
065024
06E64D
078C55
0843D4
090E6C
09EDC5
0AE382
0BF142
0D189C
0E5B25
0FBA72
113822
12D5E6
14958A
1678FD
188258
1AB3E6
1D102A
1F99E6
22541B
254217
00E4FC
00E4FC
00E4FC
00E4FC
00E4FC
00E4FC
00E4FC
00E4FC
00E4FC
00E4FC
00E4FC
00E4FC
00E4FC
00E4FC
00E4FC
00E60C
00ED28
00F533
00FE47
010880
0113FF
0120E4
012F8F
01473E
0160D9
017C8D
019A8A
01BB06
01DE3E
020474
022DF4
025B12
028C2E
02C1B2
02FC19
033BEC
0381C8
03CE5C
042272
047EEC
04E4C7
055520
05D130
065A4D
06F1E8
07998B
0852CC
091F4E
0A00B7
0AF8A7
0C08BC
0D328C
0E77A9
0FD9AA
115A2F
12FAEB
14BDAE
16A46B
18B140
1AE67E
1D46AF
1FD49A
229347
25860B
00E4FC
00E4FC
00E4FC
00E4FC
00E4FC
00E4FC
00E4FC
00E4FC
00E4FC
00E4FC
00E4FC
00E4FC
00E4FC
00E4FC
00E4FC
00E6D4
00EE0A
00F632
00FF66
0109C3
011569
01227A
01311B
0147DD
016192
017D63
019B82
01BC25
01DF8A
0205F4
022FB1
025D16
028E84
02C467
02FF3B
033F8D
0385FB
03D338
042810
048568
04EC43
055DBD
05DB15
0665A3
06FEDB
07A845
08637B
09321D
0A15CF
0B1030
0C22DA
0D4F62
0E975A
0FFC58
117FFE
132403
14EA39
16D49A
18E549
1B1E9D
1D8326
2015B2
22D953
25D162
00E4FC
00E4FC
00E4FC
00E4FC
00E4FC
00E4FC
00E4FC
00E4FC
00E4FC
00E4FC
00E4FC
00E4FC
00E4FC
00E4FC
00E4FC
00E7B1
00EF05
00F74D
0100A5
010B2A
0116FD
01243E
013315
01488F
016260
017E51
019C96
01BD65
01E0FD
0207A2
0231A3
025F57
029120
02C76D
0302BC
03439B
038AAC
03D8A5
042E56
048CA7
04F49D
05675B
05E620
067249
070D4B
07B8B1
087613
094710
0A2D4A
0B2A5E
0C3FE4
0D6F6E
0EBA8D
1022D9
11A9F5
13519B
151BA3
170A0A
191EFB
1B5CD4
1DC62C
205DD8
2326F3
2624DF
00E4FC
00E4FC
00E4FC
00E4FC
00E4FC
00E4FC
00E4FC
00E4FC
00E4FC
00E4FC
00E4FC
00E4FC
00E4FC
00E4FC
00E4FC
00E8A8
00F01C
00F888
010208
010CBA
0118BD
012635
013546
014956
016346
017F5C
019DCB
01BECB
01E29B
020982
0233CF
0261DB
02940A
02CACD
0306A5
034822
038FEA
03DEB5
043558
0494BE
04FDF1
057216
05F273
068065
071D66
07CAFF
088AC9
095E62
0A476A
0B477C
0C602A
0D9308
0EE1A3
104D96
11D884
13842D
15526C
174546
195EEC
1BA1C4
1E106C
20ADC3
237CED
268155
00E4FC
00E4FC
00E4FC
00E4FC
00E4FC
00E4FC
00E4FC
00E4FC
00E4FC
00E4FC
00E4FC
00E4FC
00E4FC
00E4FC
00E4FC
00E9BA
00F152
00F9E7
010393
010E76
011AAF
012863
0137B6
014A34
016447
018086
019F24
01C05A
01E46A
020B9B
02363D
0264AB
02974C
02CE93
030B04
034D32
0395C5
03E57B
043D2C
049DC7
05085B
057E12
060034
069023
072F5A
07DF64
08A1DA
097858
0A647B
0B67DA
0C8407
0DBA90
0F0D05
107CFE
120C25
13BC3B
158F23
1786E6
19A5BF
1BEE1B
1E62A3
21063E
23DC19
26E7AC
00E4FC
00E4FC
00E4FC
00E4FC
00E4FC
00E4FC
00E4FC
00E4FC
00E4FC
00E4FC
00E4FC
00E4FC
00E4FC
00E4FC
00E4FC
00EAEC
00F2AC
00FB6D
01054A
011063
011CD9
012ACE
013A6A
014BD7
016566
0181D2
01A0A5
01C219
01E66F
020DF2
0238F3
0267D0
029AF0
02D2CB
030FE6
0352D9
039C50
03ED0C
0445EA
04A7DE
0513FC
058B72
060F8D
06A1B2
07435E
07F61F
08BB8A
09953C
0A84CD
0B8BD2
0CABDA
0DE670
0F3D24
10B190
12455F
13FA57
15D262
17CF92
19F428
1C429B
1EBD9F
216825
244566
2758E5
00E4FC
00E4FC
00E4FC
00E4FC
00E4FC
00E4FC
00E4FC
00E4FC
00E4FC
00E4FC
00E4FC
00E4FC
00E4FC
00E4FC
00E53F
00EC3F
00F42C
00FD1E
010732
011287
011F3F
012D7E
013D6A
014F30
0166A7
018346
01A254
01C40C
01E8B1
02108F
023BFB
026B52
029F02
02D781
03155B
03592B
03A39F
03F581
044FAE
04B324
0520F8
059A60
0620AD
06B547
0759AE
080F6F
08D822
09B55F
0AA8BB
0BB3C8
0CD810
0E171E
0F7281
10EBD3
1284C4
143F20
161CD6
182001
1A4AEC
1CA019
1F2245
21D46E
24B9DA
27D617
00E4FC
00E4FC
00E4FC
00E4FC
00E4FC
00E4FC
00E4FC
00E4FC
00E4FC
00E4FC
00E4FC
00E4FC
00E4FC
00E4FC
00E68C
00EDB9
00F5D6
00FEFF
01094F
0114E7
0121E9
013078
0140BE
0152E5
01680D
0184E5
01A435
01C639
01EB37
02137C
023F5E
026F3F
02A38D
02DCC6
031B75
03603A
03ABCB
03FEF3
045A98
04BFBA
052F78
05AB0A
0633C7
06CB1C
07728B
082BA1
08F7F4
09D91B
0AD0A7
0BE026
0D0920
0E4D1B
0FADA7
112C61
12CAFA
148B47
166F3D
187901
1AAAE8
1D077F
1F9191
224C27
253A95
286078
00E4FC
00E4FC
00E4FC
00E4FC
00E4FC
00E4FC
00E4FC
00E4FC
00E4FC
00E4FC
00E4FC
00E4FC
00E4FC
00E4FC
00E7FF
00EF5C
00F7B0
010115
010BA8
01178A
0124DC
0133C5
01446D
015700
016BAF
0186B5
01A64E
01C8A8
01EE09
0216C0
024327
0273A2
02A8A2
02E2A9
032246
03681E
03B4EC
040981
0466C8
04CDC9
053FA7
05BDA3
064917
06E374
078E3D
084B03
091B5A
0A00D3
0AFCFF
0C1166
0D3F8B
0E88F4
0FEF31
1173DF
1318B6
14DF8F
16CA69
18DB74
1B150F
1D79D4
200C9B
22D07D
25C8DA
28F962
00E4FC
00E4FC
00E4FC
00E4FC
00E4FC
00E4FC
00E4FC
00E4FC
00E4FC
00E4FC
00E4FC
00E4FC
00E4FC
00E4FC
00E99A
00F12E
00F9BE
010365
010E42
011A75
012821
01376D
014881
015B8C
0170BE
0188BC
01A8A7
01CB60
01F130
021A67
024763
027889
02AE51
02E93D
0329E4
0370F0
03BF20
04154C
047466
04DD7C
0551B9
05D264
0660DB
06FE94
07AD17
086DF1
0942B6
0A2CF7
0B2E3C
0C480A
0D7BE2
0ECB48
1037C9
11C308
136EC0
153CD3
172F48
194859
1B8A73
1DF83E
2094A0
2362C2
266615
29A25A
00E4FC
00E4FC
00E4FC
00E4FC
00E4FC
00E4FC
00E4FC
00E4FC
00E4FC
00E4FC
00E4FC
00E4FC
00E4FC
00E4FC
00EB63
00F333
00FC05
0105F6
011124
011DB1
012BC0
013B79
014D05
016093
017656
018E85
01AB47
01CE6B
01F4B6
021E7C
024C1E
027E05
02B4AB
02F098
033269
037ACC
03CA87
042279
04839C
04EF05
0565E5
05E98A
067B5A
071CCE
07CF6F
0894CD
096E78
0A5DFD
0B64E1
0C84A5
0DBEC5
0F14C3
10882F
121AAD
13CDFE
15A40A
179EE4
19C0D2
1C0C4E
1E840F
212B0B
24047C
2713E7
2A5D1D
00E4FC
00E4FC
00E4FC
00E4FC
00E4FC
00E4FC
00E4FC
00E4FC
00E4FC
00E4FC
00E4FC
00E4FC
00E4FC
00E63C
00ED5F
00F570
00FE8C
0108CE
011456
012146
012FC2
013FF2
015202
016621
017C83
019562
01B0FC
01D1D1
01F8A6
02230D
025168
028426
02BBC4
02F8D2
033BEF
0385D1
03D745
043132
04949A
050298
057C68
06035D
0698E4
073E7A
07F5AA
08C004
099F17
0A946B
0BA182
0CC7D7
0E08E4
0F662B
10E13A
127BB9
143770
16164F
181A73
1A462F
1C9C0B
1F1ECF
21D182
24B772
27D437
2B2BB8
00E4FC
00E4FC
00E4FC
00E4FC
00E4FC
00E4FC
00E4FC
00E4FC
00E4FC
00E4FC
00E4FC
00E4FC
00E4FC
00E82E
00EF91
00F7EC
010158
010BF4
0117DF
01253C
013430
0144E4
015785
016C43
018355
019CF4
01B963
01D8EA
01FD0D
022828
025752
028B00
02C3B5
030204
034694
039222
03E584
0441A6
04A794
051874
059587
06202A
06B9CF
0763F8
082032
08F00E
09D517
0AD0D3
0BE4C0
0D1254
0E5B08
0FC05B
1143DE
12E73C
14AC43
1694ED
18A361
1AD9FE
1D3B5E
1FCA58
228A07
257DCD
28A959
2C10AA
00E4FC
00E4FC
00E4FC
00E4FC
00E4FC
00E4FC
00E4FC
00E4FC
00E4FC
00E4FC
00E4FC
00E4FC
00E4FC
00EA55
00F201
00FAAC
010471
010F70
011BC8
01299C
013914
014A5A
015D9A
017308
018ADA
01A54D
01C2A5
01E32E
02073C
022F2F
025DEF
0292AB
02CC96
030C4C
03527B
039FE8
03F56E
045407
04BCC6
0530D9
05B18D
064045
06DE7A
078DB3
084F7F
09256F
0A110C
0B13D9
0C2F50
0D64E5
0EB60F
10244D
11B133
135E6F
152DD7
17216D
193B63
1B7E27
1DEC60
2088F8
23571E
265A4B
299645
2D0F25
00E4FC
00E4FC
00E4FC
00E4FC
00E4FC
00E4FC
00E4FC
00E4FC
00E4FC
00E4FC
00E4FC
00E4FC
00E5A9
00ECB8
00F4B4
00FDB8
0107DF
01134A
012019
012E72
013E7B
015060
01644F
017A7D
019323
01AE7F
01CCD7
01EE7B
0213C2
023D0F
026AD2
029D89
02D684
0317CC
035FCA
03AF4C
040738
046890
04D470
054C14
05D0CF
06640E
070750
07BC21
088414
0960B7
0A5396
0B5E2F
0C81FA
0DC06B
0F1AF8
109322
122A80
13E2C8
15BDD5
17BDB3
19E4A0
1C3515
1EB1CB
215DBC
243C2B
2750A8
2A9F12
2E2B9E
00E4FC
00E4FC
00E4FC
00E4FC
00E4FC
00E4FC
00E4FC
00E4FC
00E4FC
00E4FC
00E4FC
00E4FC
00E800
00EF5D
00F7B1
010116
010BA9
01178B
0124DE
0133C7
01446F
015703
016BB3
0182B4
019C41
01B89D
01D80F
01FAEA
022189
024C53
027BBD
02B04A
02EA8F
032B33
0372F6
03C2AB
041B44
047F7F
04EEDC
056A75
05F3A8
068BEA
0734C3
07EFC3
08BE7F
09A288
0A9D68
0BB09E
0CDDA1
0E25E6
0F8AE6
110E28
12B149
147606
165E47
186C1F
1AA1DB
1D0200
1F8F56
224CE8
253E0E
28666B
2BC9F8
2F6D05
00E4FC
00E4FC
00E4FC
00E4FC
00E4FC
00E4FC
00E4FC
00E4FC
00E4FC
00E4FC
00E4FC
00E4FC
00EA96
00F24B
00FAFF
0104CF
010FD9
011C3E
012A21
0139A8
014AFF
015E52
0173D4
018BBD
01A649
01C3BD
01E465
020895
0230AE
025D1B
028E57
02C4EA
030170
03449A
038F2E
03E20C
043E2D
04A4A9
0516B2
059596
0622BF
06BFA9
076DE1
082EFC
090490
09F031
0AF367
0C0FB1
0D4689
0E9968
1009CB
119942
134976
151C31
171366
19313C
1B780D
1DEA74
208B4A
235DAF
266511
29A52C
2D2212
30E02F
00E4FC
00E4FC
00E4FC
00E4FC
00E4FC
00E4FC
00E4FC
00E4FC
00E4FC
00E4FC
00E4FC
00E4FC
00E4FC
00E4FC
00E4FC
00E4FC
00E571
00EC79
00F46D
00FD67
010784
0115A5
012AED
0141E0
015AA3
01755B
019234
01B15F
01D30F
01F780
021EF3
0249B1
02780D
02AA62
02E119
031CA9
035D97
03A47C
03F206
0446F9
04A435
050AB6
057B98
05F817
06818C
071972
07C15B
087AEC
0947D7
0A29D2
0B228D
0C33B1
0D5EDE
0EA5AB
1009B0
118C89
132FE7
14F591
16DF76
18EFAF
1B288B
1D8C91
201E87
22E17B
00E4FC
00E4FC
00E4FC
00E4FC
00E4FC
00E4FC
00E4FC
00E4FC
00E4FC
00E4FC
00E4FC
00E4FC
00E4FC
00E4FC
00E4FC
00E4FC
00E570
00EC77
00F46B
00FD65
010782
0115A4
012AEC
0141DF
015AA2
01755A
019233
01B15D
01D30E
01F77E
021EF1
0249AF
02780A
02AA5E
02E115
031CA4
035D91
03A475
03F1FE
0446F0
04A42A
050AAA
057B8A
05F806
068179
07195D
07C142
087AD0
0947B8
0A29AE
0B2265
0C3385
0D5EAE
0EA576
100976
118C4A
132FA2
14F546
16DF25
18EF58
1B282D
1D8C2B
201E19
22E105
00E4FC
00E4FC
00E4FC
00E4FC
00E4FC
00E4FC
00E4FC
00E4FC
00E4FC
00E4FC
00E4FC
00E4FC
00E4FC
00E4FC
00E4FC
00E4FC
00E56F
00EC76
00F469
00FD63
010780
0115A3
012AEB
0141DE
015AA0
017558
019232
01B15C
01D30B
01F77C
021EEE
0249AB
027806
02AA5A
02E110
031C9E
035D8A
03A46E
03F1F5
0446E5
04A41E
050A9C
057B7A
05F7F4
068164
071944
07C127
087AB1
094795
0A2987
0B2239
0C3354
0D5E78
0EA53B
100935
118C03
132F55
14F4F2
16DECA
18EEF6
1B27C3
1D8BB9
201D9F
22E081
00E4FC
00E4FC
00E4FC
00E4FC
00E4FC
00E4FC
00E4FC
00E4FC
00E4FC
00E4FC
00E4FC
00E4FC
00E4FC
00E4FC
00E4FC
00E4FC
00E56D
00EC74
00F467
00FD60
01077D
0115A2
012AEA
0141DD
015A9F
017557
019230
01B15A
01D309
01F779
021EEB
0249A8
027802
02AA55
02E10A
031C97
035D83
03A465
03F1EB
0446DA
04A411
050A8C
057B68
05F7DF
06814D
07192A
07C108
087A8E
09476E
0A295B
0B2208
0C331E
0D5E3B
0EA4F9
1008EC
118BB4
132EFF
14F495
16DE65
18EE89
1B274E
1D8B3A
201D16
22DFEE
00E4FC
00E4FC
00E4FC
00E4FC
00E4FC
00E4FC
00E4FC
00E4FC
00E4FC
00E4FC
00E4FC
00E4FC
00E4FC
00E4FC
00E4FC
00E4FC
00E56B
00EC72
00F465
00FD5E
01077A
0115A1
012AE9
0141DC
015A9E
017555
01922E
01B157
01D307
01F776
021EE7
0249A4
0277FD
02AA4F
02E104
031C90
035D7A
03A45B
03F1DF
0446CC
04A402
050A7B
057B54
05F7C8
068132
07190B
07C0E6
087A67
094742
0A292A
0B21D1
0C32E1
0D5DF8
0EA4AF
10089B
118B5C
132E9E
14F42D
16DDF5
18EE0F
1B26CA
1D8AAD
201C7E
22DF4A
00E4FC
00E4FC
00E4FC
00E4FC
00E4FC
00E4FC
00E4FC
00E4FC
00E4FC
00E4FC
00E4FC
00E4FC
00E4FC
00E4FC
00E4FC
00E4FC
00E569
00EC6F
00F462
00FD5B
010777
0115A0
012AE8
0141DB
015A9C
017553
01922C
01B155
01D304
01F773
021EE3
02499F
0277F8
02AA49
02E0FD
031C88
035D71
03A450
03F1D3
0446BE
04A3F1
050A68
057B3E
05F7AE
068115
0718EA
07C0C0
087A3C
094711
0A28F3
0B2194
0C329D
0D5DAD
0EA45C
100841
118AF9
132E33
14F3B9
16DD77
18ED87
1B2638
1D8A0F
201BD4
22DE92
00E4FC
00E4FC
00E4FC
00E4FC
00E4FC
00E4FC
00E4FC
00E4FC
00E4FC
00E4FC
00E4FC
00E4FC
00E4FC
00E4FC
00E4FC
00E4FC
00E567
00EC6D
00F45F
00FD58
010773
01159F
012AE7
0141D9
015A9A
017551
019229
01B152
01D300
01F76F
021EDF
02499A
0277F2
02AA43
02E0F5
031C7F
035D66
03A444
03F1C5
0446AE
04A3DE
050A52
057B25
05F792
0680F4
0718C4
07C095
087A0C
0946DA
0A28B6
0B2150
0C3251
0D5D59
0EA400
1007DC
118A8B
132DBC
14F337
16DCEA
18ECF0
1B2594
1D895E
201B15
22DDC6
00E4FC
00E4FC
00E4FC
00E4FC
00E4FC
00E4FC
00E4FC
00E4FC
00E4FC
00E4FC
00E4FC
00E4FC
00E4FC
00E4FC
00E4FC
00E4FC
00E564
00EC6A
00F45C
00FD54
01076F
01159E
012AE5
0141D7
015A98
01754F
019227
01B14F
01D2FD
01F76B
021EDA
024994
0277EB
02AA3B
02E0EC
031C75
035D5B
03A436
03F1B5
04469B
04A3C9
050A3A
057B09
05F772
0680CF
07189A
07C065
0879D6
09469D
0A2872
0B2104
0C31FD
0D5CFC
0EA399
10076C
118A10
132D36
14F2A6
16DC4E
18EC46
1B24DD
1D8899
201A41
22DCE1
00E4FC
00E4FC
00E4FC
00E4FC
00E4FC
00E4FC
00E4FC
00E4FC
00E4FC
00E4FC
00E4FC
00E4FC
00E4FC
00E4FC
00E4FC
00E4FC
00E562
00EC67
00F458
00FD50
01076A
01159C
012AE3
0141D5
015A96
01754C
019224
01B14B
01D2F9
01F766
021ED5
02498E
0277E4
02AA33
02E0E2
031C69
035D4E
03A427
03F1A3
044687
04A3B2
050A1F
057AEA
05F74E
0680A6
07186C
07C030
087999
094659
0A2825
0B20AE
0C319E
0D5C93
0EA327
1006EE
118987
132CA1
14F204
16DB9F
18EB89
1B2411
1D87BD
201954
22DBE2
00E4FC
00E4FC
00E4FC
00E4FC
00E4FC
00E4FC
00E4FC
00E4FC
00E4FC
00E4FC
00E4FC
00E4FC
00E4FC
00E4FC
00E4FC
00E4FC
00E55E
00EC63
00F454
00FD4B
010765
01159B
012AE2
0141D3
015A93
017549
019220
01B148
01D2F4
01F761
021ECF
024987
0277DC
02AA29
02E0D8
031C5D
035D3F
03A416
03F190
044671
04A397
050A01
057AC7
05F726
068079
071837
07BFF5
087956
09460E
0A27D0
0B204F
0C3135
0D5C1F
0EA2A6
100662
1188EE
132BFA
14F150
16DADB
18EAB6
1B232D
1D86C7
20184C
22DAC5
00E4FC
00E4FC
00E4FC
00E4FC
00E4FC
00E4FC
00E4FC
00E4FC
00E4FC
00E4FC
00E4FC
00E4FC
00E4FC
00E4FC
00E4FC
00E4FC
00E55B
00EC5F
00F450
00FD46
01075F
011599
012AE0
0141D1
015A91
017546
01921C
01B143
01D2EF
01F75B
021EC8
02497F
0277D3
02AA1F
02E0CB
031C4F
035D2F
03A403
03F17A
044657
04A37A
0509DF
057AA0
05F6FA
068046
0717FD
07BFB2
08790B
0945B9
0A2771
0B1FE5
0C30BF
0D5B9D
0EA217
1005C5
118843
132B41
14F086
16DA01
18E9CA
1B222F
1D85B5
201724
22D987
00E4FC
00E4FC
00E4FC
00E4FC
00E4FC
00E4FC
00E4FC
00E4FC
00E4FC
00E4FC
00E4FC
00E4FC
00E4FC
00E4FC
00E4FC
00E4FC
00E557
00EC5B
00F44B
00FD40
010759
011597
012ADD
0141CE
015A8E
017542
019218
01B13E
01D2EA
01F754
021EC0
024977
0277C9
02AA13
02E0BE
031C3F
035D1C
03A3EE
03F162
04463B
04A35A
0509B9
057A75
05F6C8
06800D
0717BC
07BF68
0878B7
09455A
0A2707
0B1F6F
0C303B
0D5B0B
0EA178
100516
118784
132A71
14EFA5
16D90D
18E8C3
1B2113
1D8483
2015DA
22D824
00E4FC
00E4FC
00E4FC
00E4FC
00E4FC
00E4FC
00E4FC
00E4FC
00E4FC
00E4FC
00E4FC
00E4FC
00E4FC
00E4FC
00E4FC
00E4FC
00E552
00EC56
00F445
00FD3A
010752
011595
012ADB
0141CB
015A8A
01753E
019214
01B139
01D2E3
01F74D
021EB8
02496D
0277BD
02AA06
02E0AF
031C2D
035D08
03A3D7
03F146
04461C
04A335
05098F
057A45
05F691
067FCD
071774
07BF16
08785A
0944F1
0A2690
0B1EEB
0C2FA8
0D5A69
0EA0C5
100453
1186AF
132989
14EEAA
16D7FD
18E79D
1B1FD5
1D832D
20146A
22D698
00E4FC
00E4FC
00E4FC
00E4FC
00E4FC
00E4FC
00E4FC
00E4FC
00E4FC
00E4FC
00E4FC
00E4FC
00E4FC
00E4FC
00E4FC
00E4FC
00E54E
00EC50
00F43F
00FD33
01074A
011592
012AD8
0141C8
015A86
01753A
01920E
01B133
01D2DC
01F745
021EAF
024962
0277B1
02A9F7
02E09E
031C1A
035CF1
03A3BD
03F128
0445F9
04A30D
050961
057A0F
05F653
067F86
071723
07BEB9
0877F1
09447B
0A260C
0B1E57
0C2F04
0D59B4
0E9FFE
100379
1185C2
132887
14ED91
16D6CE
18E655
1B1E73
1D81AF
2012CF
22D4DD
00E4FC
00E4FC
00E4FC
00E4FC
00E4FC
00E4FC
00E4FC
00E4FC
00E4FC
00E4FC
00E4FC
00E4FC
00E4FC
00E4FC
00E4FC
00E4FC
00E548
00EC4A
00F438
00FD2B
010741
01158F
012AD4
0141C4
015A82
017535
019208
01B12C
01D2D4
01F73C
021EA4
024956
0277A3
02A9E7
02E08B
031C04
035CD8
03A39F
03F106
0445D1
04A2DF
05092C
0579D3
05F60E
067F37
0716C8
07BE53
08777C
0943F7
0A2579
0B1DB2
0C2E4E
0D58EA
0E9F20
100285
1184B8
132766
14EC58
16D57B
18E4E7
1B1CE8
1D8005
201104
22D2EF
00E4FC
00E4FC
00E4FC
00E4FC
00E4FC
00E4FC
00E4FC
00E4FC
00E4FC
00E4FC
00E4FC
00E4FC
00E4FC
00E4FC
00E4FC
00E4FC
00E542
00EC43
00F430
00FD22
010737
01158C
012AD1
0141C0
015A7D
01752F
019202
01B124
01D2CC
01F732
021E98
024948
027793
02A9D5
02E076
031BEB
035CBC
03A37E
03F0E0
0445A6
04A2AD
0508F2
057990
05F5C0
067EDF
071663
07BDE0
0876FA
094364
0A24D4
0B1CFA
0C2D81
0D5808
0E9E28
100176
118390
132624
14EAFA
16D400
18E34E
1B1B2F
1D7E2A
200F04
22D0C8
00E4FC
00E4FC
00E4FC
00E4FC
00E4FC
00E4FC
00E4FC
00E4FC
00E4FC
00E4FC
00E4FC
00E4FC
00E4FC
00E4FC
00E4FC
00E4FC
00E53B
00EC3B
00F427
00FD18
01072C
011589
012ACD
0141BB
015A77
017529
0191FB
01B11C
01D2C2
01F727
021E8B
024939
027781
02A9C0
02E05E
031BD0
035C9C
03A35A
03F0B6
044575
04A275
0508B1
057945
05F56A
067E7C
0715F2
07BD5F
087669
0942C0
0A241C
0B1C2D
0C2C9D
0D570C
0E9D13
100046
118245
1324BC
14E974
16D259
18E185
1B1942
1D7C16
200CC7
22CE60
00E4FC
00E4FC
00E4FC
00E4FC
00E4FC
00E4FC
00E4FC
00E4FC
00E4FC
00E4FC
00E4FC
00E4FC
00E4FC
00E4FC
00E4FC
00E4FC
00E533
00EC33
00F41D
00FD0D
01071F
011585
012AC8
0141B6
015A71
017522
0191F3
01B113
01D2B7
01F71A
021E7D
024928
02776E
02A9AA
02E044
031BB2
035C79
03A331
03F087
04453E
04A236
050868
0578F1
05F50A
067E0E
071574
07BCD0
0875C6
094209
0A234E
0B1B47
0C2B9E
0D55F3
0E9BDD
0FFEF3
1180D3
13232A
14E7C0
16D082
18DF87
1B171C
1D79C5
200A48
22CBB0
00E4FC
00E4FC
00E4FC
00E4FC
00E4FC
00E4FC
00E4FC
00E4FC
00E4FC
00E4FC
00E4FC
00E4FC
00E4FC
00E4FC
00E4FC
00E4FC
00E52B
00EC29
00F412
00FD01
010712
011580
012AC3
0141B0
015A6B
01751A
0191E9
01B108
01D2AB
01F70C
021E6C
024915
027758
02A990
02E026
031B90
035C52
03A304
03F052
044501
04A1EF
050817
057894
05F49F
067D93
0714E8
07BC30
087511
09413D
0A2269
0B1A47
0C2A82
0D54B9
0E9A84
0FFD79
117F36
132169
14E5D9
16CE73
18DD4D
1B14B5
1D772F
20077F
22C8B0
00E4FC
00E4FC
00E4FC
00E4FC
00E4FC
00E4FC
00E4FC
00E4FC
00E4FC
00E4FC
00E4FC
00E4FC
00E4FC
00E4FC
00E4FC
00E4FC
00E521
00EC1E
00F406
00FCF3
010702
01157C
012ABE
0141AA
015A63
017511
0191DF
01B0FC
01D29D
01F6FC
021E5A
024900
02773F
02A974
02E006
031B6A
035C26
03A2D1
03F017
0444BD
04A1A1
0507BD
05782B
05F427
067D0A
07144B
07BB7E
087447
094059
0A2169
0B192A
0C2945
0D535A
0E9902
0FFBD3
117D69
131F74
14E3B9
16CC26
18DAD2
1B1207
1D744B
200462
22C556
00E4FC
00E4FC
00E4FC
00E4FC
00E4FC
00E4FC
00E4FC
00E4FC
00E4FC
00E4FC
00E4FC
00E4FC
00E4FC
00E4FC
00E4FC
00E4FC
00E517
00EC12
00F3F8
00FCE4
0106F1
011576
012AB7
0141A2
015A5B
017508
0191D4
01B0EF
01D28E
01F6EB
021E46
0248E8
027724
02A954
02DFE1
031B3F
035BF5
03A298
03EFD6
044471
04A149
050758
0577B7
05F3A1
067C70
07139C
07BAB6
087365
093F5A
0A204B
0B17EA
0C27E2
0D51D3
0E9753
0FF9FB
117B67
131D44
14E15A
16C995
18D80C
1B0F09
1D7111
2000E9
22C198
00E4FC
00E4FC
00E4FC
00E4FC
00E4FC
00E4FC
00E4FC
00E4FC
00E4FC
00E4FC
00E4FC
00E4FC
00E4FC
00E4FC
00E4FC
00E4FC
00E50B
00EC05
00F3E9
00FCD3
0106DE
011570
012AB0
01419A
015A51
0174FD
0191C7
01B0E1
01D27D
01F6D7
021E2F
0248CE
027706
02A931
02DFB8
031B10
035BBE
03A259
03EF8C
04441D
04A0E7
0506E7
057735
05F30C
067BC5
0712D9
07B9D8
087269
093E3E
0A1F0C
0B1686
0C2657
0D501D
0E9572
0FF7EC
117928
131AD3
14DEB4
16C6B7
18D4F3
1B0BB1
1D6D76
1FFD07
22BD6B
00E4FC
00E4FC
00E4FC
00E4FC
00E4FC
00E4FC
00E4FC
00E4FC
00E4FC
00E4FC
00E4FC
00E4FC
00E4FC
00E4FC
00E4FC
00E4FC
00E4FE
00EBF6
00F3D8
00FCC0
0106C8
011569
012AA8
014191
015A47
0174F1
0191B9
01B0D0
01D26A
01F6C1
021E16
0248B1
0276E4
02A90A
02DF8B
031ADB
035B81
03A212
03EF3B
0443BE
04A07A
050669
0576A4
05F265
067B06
0711FE
07B8DF
08714F
093D00
0A1DA7
0B14F8
0C249D
0D4E35
0E9359
0FF5A0
1176A7
131819
14DBBF
16C384
18D17D
1B07F5
1D6970
1FF8B1
22B8C0
00E4FC
00E4FC
00E4FC
00E4FC
00E4FC
00E4FC
00E4FC
00E4FC
00E4FC
00E4FC
00E4FC
00E4FC
00E4FC
00E4FC
00E4FC
00E4FC
00E4FC
00EBE5
00F3C5
00FCAA
0106B0
011562
012AA0
014187
015A3B
0174E3
0191AA
01B0BE
01D255
01F6A9
021DF9
024890
0276BE
02A8DE
02DF58
031AA1
035B3D
03A1C3
03EEDF
044355
04A000
0505DC
057602
05F1AB
067A31
07110B
07B7CA
087015
093B9D
0A1C19
0B133C
0C22AF
0D4C14
0E9102
0FF310
1173DA
13150E
14D872
16BFF0
18CDA0
1B03CA
1D64F1
1FF3DA
22B389
00E4FC
00E4FC
00E4FC
00E4FC
00E4FC
00E4FC
00E4FC
00E4FC
00E4FC
00E4FC
00E4FC
00E4FC
00E4FC
00E4FC
00E4FC
00E4FC
00E4FC
00EBD2
00F3B0
00FC92
010695
011559
012A96
01417C
015A2E
0174D4
019198
01B0AA
01D23E
01F68D
021DDA
02486C
027693
02A8AD
02DF1F
031A5F
035AF1
03A16B
03EE79
0442DF
049F78
05053F
05754E
05F0DC
067943
070FFB
07B695
086EB6
093A12
0A1A5D
0B114C
0C2088
0D49B3
0E8E64
0FF032
1170BA
1311A7
14D4C1
16BBF2
18C94F
1AFF21
1D5FEC
1FEE71
22ADB7
00E4FC
00E4FC
00E4FC
00E4FC
00E4FC
00E4FC
00E4FC
00E4FC
00E4FC
00E4FC
00E4FC
00E4FC
00E4FC
00E4FC
00E4FC
00E4FC
00E4FC
00EBBD
00F399
00FC78
010677
011550
012A8B
01416F
015A1F
0174C3
019184
01B093
01D223
01F66F
021DB7
024843
027664
02A876
02DEE0
031A15
035A9C
03A109
03EE08
04425B
049EE0
050490
057484
05EFF4
067839
070ECB
07B53B
086D2E
093858
0A186D
0B0F22
0C1E21
0D470B
0E8B78
0FECFF
116D3C
130DDB
14D0A2
16B77C
18C47D
1AF9EE
1D5A50
1FE866
22A736
00E4FC
00E4FC
00E4FC
00E4FC
00E4FC
00E4FC
00E4FC
00E4FC
00E4FC
00E4FC
00E4FC
00E4FC
00E4FC
00E4FC
00E4FC
00E4FC
00E4FC
00EBA6
00F37E
00FC5A
010656
011545
012A7F
014161
015A0F
0174B0
01916F
01B07A
01D206
01F64D
021D8F
024815
02762F
02A839
02DE99
0319C3
035A3D
03A09B
03ED89
0441C9
049E37
0503CD
0573A3
05EEF1
067711
070D78
07B3B9
086B79
09366A
0A1643
0B0CB7
0C1B72
0D4414
0E8835
0FE96C
116955
13099C
14CC08
16B280
18BF1A
1AF41E
1D540C
1FE1A6
229FF2
00E4FC
00E4FC
00E4FC
00E4FC
00E4FC
00E4FC
00E4FC
00E4FC
00E4FC
00E4FC
00E4FC
00E4FC
00E4FC
00E4FC
00E4FC
00E4FC
00E4FC
00EB8C
00F361
00FC39
010630
01153A
012A71
014151
0159FD
01749B
019156
01B05E
01D1E5
01F627
021D63
0247E2
0275F5
02A7F5
02DE4A
031968
0359D3
03A020
03ECFB
044125
049D7A
0502F3
0572A7
05EDD0
0675C6
070BFE
07B20A
086991
093443
0A13D9
0B0A05
0C1873
0D40C3
0E8490
0FE56E
1164FA
1304DF
14C6E3
16ACEF
18B916
1AED9F
1D4D0C
1FDA1C
2297D3
00E4FC
00E4FC
00E4FC
00E4FC
00E4FC
00E4FC
00E4FC
00E4FC
00E4FC
00E4FC
00E4FC
00E4FC
00E4FC
00E4FC
00E4FC
00E4FC
00E4FC
00EB6F
00F340
00FC14
010606
01152D
012A62
014140
0159E9
017483
01913B
01B03E
01D1C1
01F5FD
021D32
0247AA
0275B3
02A7A9
02DDF2
031902
03595D
039F98
03EC5D
04406E
049CA6
0501FF
05718F
05EC8E
067454
070A57
07B029
08676F
0931DC
0A1126
0B0701
0C151A
0D3D10
0E807D
0FE0F8
11601C
12FF93
14C124
16A6B6
18B25D
1AE65E
1D453A
1FD1AF
228EC1
00E4FC
00E4FC
00E4FC
00E4FC
00E4FC
00E4FC
00E4FC
00E4FC
00E4FC
00E4FC
00E4FC
00E4FC
00E4FC
00E4FC
00E4FC
00E4FC
00E4FC
00EB4E
00F31B
00FBEA
0105D8
01151E
012A51
01412C
0159D2
017469
01911D
01B01B
01D198
01F5CE
021CFC
02476A
027569
02A754
02DD8F
031890
0358D9
039EFF
03EBAC
043FA2
049BBB
0500EF
057056
05EB26
0672B7
070880
07AE10
08650F
092F2D
0A0E22
0B03A4
0C115C
0D38EE
0E7BF1
0FDBFC
115AAB
12F9A9
14BAB9
169FC3
18AADA
1ADE42
1D3C7C
1FC844
22849E
00E4FC
00E4FC
00E4FC
00E4FC
00E4FC
00E4FC
00E4FC
00E4FC
00E4FC
00E4FC
00E4FC
00E4FC
00E4FC
00E4FC
00E4FC
00E4FC
00E4FC
00EB2A
00F2F2
00FBBC
0105A4
01150E
012A3E
014116
0159B9
01744C
0190FB
01AFF4
01D16A
01F599
021CBF
024724
027518
02A6F5
02DD22
031811
035846
039E55
03EAE7
043EBE
049AB4
04FFBF
056EF8
05E994
0670EA
070671
07ABB9
086267
092C2E
0A0AC5
0AFFE1
0C0D2F
0D344F
0E76DC
0FD66B
115498
12F30C
14B38C
1697FE
18A274
1AD533
1D32B7
1FBDBE
227949
00E4FC
00E4FC
00E4FC
00E4FC
00E4FC
00E4FC
00E4FC
00E4FC
00E4FC
00E4FC
00E4FC
00E4FC
00E4FC
00E4FC
00E4FC
00E4FC
00E4FC
00EB02
00F2C4
00FB88
01056A
0114FB
012A29
0140FE
01599C
01742B
0190D5
01AFC8
01D138
01F55E
021C7B
0246D5
0274BC
02A68B
02DCA7
031783
0357A1
039D97
03EA0B
043DC0
04998E
04FE6D
056D72
05E7D3
066EE8
070425
07A91B
085F70
0928D5
0A0703
0AFBAE
0C0884
0D2F27
0E712F
0FD032
114DCD
12EBA8
14AB87
168F50
189912
1ACB12
1D27CB
1FB1FA
226C9E
00E4FC
00E4FC
00E4FC
00E4FC
00E4FC
00E4FC
00E4FC
00E4FC
00E4FC
00E4FC
00E4FC
00E4FC
00E4FC
00E4FC
00E4FC
00E4FC
00E4FC
00EAD4
00F291
00FB4F
010529
0114E7
012A12
0140E3
01597D
017407
0190AA
01AF97
01D0FF
01F51C
021C2F
02467D
027456
02A615
02DC1E
0316E5
0356EA
039CC2
03E916
043CA4
049846
04FCF2
056BBE
05E5DF
066CAA
070195
07A630
085C20
092518
0A02D0
0AF6FE
0C034E
0D2963
0E6AD6
0FC93F
114636
12E366
14A291
16859B
188E94
1ABFBF
1D1B95
1FA4D3
225E75
00E4FC
00E4FC
00E4FC
00E4FC
00E4FC
00E4FC
00E4FC
00E4FC
00E4FC
00E4FC
00E4FC
00E4FC
00E4FC
00E4FC
00E4FC
00E4FC
00E4FC
00EAA2
00F258
00FB0E
0104E0
0114D0
0129F7
0140C4
01595A
0173DE
01907B
01AF60
01D0C0
01F4D3
021BDA
02461A
0273E4
02A591
02DB86
031634
03561D
039BD5
03E804
043B67
0496D8
04FB4C
0569D8
05E3B0
066A29
06FEB8
07A2ED
08586D
0920EB
09FE20
0AF1C0
0BFD7B
0D22F2
0E63BF
0FC179
113DBA
12DA2A
14988B
167AC1
1882D9
1AB315
1D0DEE
1F961D
224E9F
00E4FC
00E4FC
00E4FC
00E4FC
00E4FC
00E4FC
00E4FC
00E4FC
00E4FC
00E4FC
00E4FC
00E4FC
00E4FC
00E4FC
00E4FC
00E4FC
00E4FC
00EA69
00F218
00FAC6
01048F
0114B7
0129DA
0140A2
015932
0173B0
019047
01AF23
01D079
01F481
021B7B
0245AD
027365
02A4FE
02DADB
03156E
035539
039ACD
03E6D2
043A06
049540
04F975
0567B9
05E140
06675D
06FB86
079F49
08544C
091C42
09F8E2
0AEBE5
0BF6F8
0D1BBF
0E5BD2
0FB8C9
11343D
12CFD7
148D57
166E9E
1875BB
1AA4EC
1CFEA9
1F85AA
223CE8
00E4FC
00E4FC
00E4FC
00E4FC
00E4FC
00E4FC
00E4FC
00E4FC
00E4FC
00E4FC
00E4FC
00E4FC
00E4FC
00E4FC
00E4FC
00E4FC
00E4FC
00EA2A
00F1D1
00FA76
010434
01149B
0129B9
01407C
015906
01737E
01900C
01AEDF
01D02A
01F426
021B11
024532
0272D7
02A45A
02DA1D
031492
03543A
0399A6
03E57D
04387B
049378
04F767
05655B
05DE87
06643F
06F7F5
079B39
084FB0
09170C
09F308
0AE55B
0BEFB2
0D13B2
0E52F6
0FAF13
1129A2
12C44B
1480CE
16610B
18670E
1A9514
1CED94
1F7342
222917
00E4FC
00E4FC
00E4FC
00E4FC
00E4FC
00E4FC
00E4FC
00E4FC
00E4FC
00E4FC
00E4FC
00E4FC
00E4FC
00E4FC
00E4FC
00E4FC
00E4FC
00E9E4
00F181
00FA1C
0103CF
01147B
012995
014052
0158D5
017345
018FCA
01AE93
01CFD2
01F3C0
021A9B
0244A9
027239
02A3A2
02D949
03139D
03531D
03985D
03E400
0436C2
04917B
04F51C
0562B7
05DB7D
0660C3
06F3F9
0796AF
084A89
09113B
09EC7E
0ADE0B
0BE791
0D0AB3
0E490E
0FA436
111DC5
12B761
1472C9
1651DB
1856A3
1A835A
1CDA76
1F5EA9
2212EA
00E4FC
00E4FC
00E4FC
00E4FC
00E4FC
00E4FC
00E4FC
00E4FC
00E4FC
00E4FC
00E4FC
00E4FC
00E4FC
00E4FC
00E4FC
00E4FC
00E4FC
00E995
00F128
00F9B7
01035E
011458
01296C
014023
01589F
017306
018F81
01AE3E
01CF70
01F34E
021A18
024411
027189
02A2D6
02D85C
03128A
0351E0
0396ED
03E257
0434D7
048F43
04F28D
055FC4
05D819
065CDF
06EF86
07919D
0844C8
090ABB
09E530
0AD5DF
0BDE7A
0D00A4
0E3DF9
0F980F
11107F
12A8ED
146318
1640DC
184442
1A6F83
1CC510
1F479B
21FA17
00E4FC
00E4FC
00E4FC
00E4FC
00E4FC
00E4FC
00E4FC
00E4FC
00E4FC
00E4FC
00E4FC
00E4FC
00E4FC
00E4FC
00E4FC
00E4FC
00E4FC
00E93D
00F0C5
00F947
0102DF
011431
01293F
013FEE
015862
0172BF
018F2F
01ADE0
01CF02
01F2CF
021985
024367
0270C3
02A1F2
02D754
031158
03507E
039553
03E07C
0432B2
048CCA
04EFB2
055C79
05D450
065887
06EA8F
078BF4
083E5B
090378
09DD06
0ACCBD
0BD450
0CF564
0E3194
0F8A77
1101A4
1298C1
145188
162DD6
182FAF
1A594C
1CAD1B
1F2DCA
21DE4A
00E4FC
00E4FC
00E4FC
00E4FC
00E4FC
00E4FC
00E4FC
00E4FC
00E4FC
00E4FC
00E4FC
00E4FC
00E4FC
00E4FC
00E4FC
00E4FC
00E4FC
00E8DB
00F056
00F8C9
010252
011405
01290C
013FB3
01581E
017270
018ED4
01AD76
01CE88
01F242
0218E1
0242A9
026FE7
02A0F3
02D62D
031003
034EF2
039389
03DE6B
04304E
048A06
04EC81
0558CD
05D017
0653AE
06E503
0785A1
08372D
08FB5A
09D3E5
0AC287
0BC8F3
0CE8CE
0E23B6
0F7B40
10F104
1286A5
143DDD
161887
1818A4
1A406A
1C9244
1F10DE
21BF25
00E4FC
00E4FC
00E4FC
00E4FC
00E4FC
00E4FC
00E4FC
00E4FC
00E4FC
00E4FC
00E4FC
00E4FC
00E4FC
00E4FC
00E4FC
00E4FC
00E4FC
00E86D
00EFD9
00F83D
0101B4
0113D4
0128D3
013F72
0157D2
017218
018E6E
01AD00
01CE00
01F1A4
021829
0241D5
026EF2
029FD7
02D4E3
030E85
034D39
03918B
03DC1C
042DA3
0486F1
04E8F3
0554B3
05CB5F
064E44
06DED1
077E91
082F27
08F249
09C9B2
0AB71C
0BBC3C
0CDABA
0E1431
0F6A38
10DE66
12725D
1427D6
1600A7
17FED2
1A2488
1C7431
1EF075
219C3E
00E4FC
00E4FC
00E4FC
00E4FC
00E4FC
00E4FC
00E4FC
00E4FC
00E4FC
00E4FC
00E4FC
00E4FC
00E4FC
00E4FC
00E4FC
00E4FC
00E4FC
00E7F2
00EF4E
00F7A0
010103
01139D
012894
013F29
01577D
0171B6
018DFC
01AC7C
01CD67
01F0F3
02175D
0240E8
026DE0
029E9A
02D374
030CDC
034B4D
038F51
03D989
042AA9
048380
04E4FA
05501F
05C61B
064839
06D7E6
0776AD
082631
08E826
09BE4A
0AAA57
0BAE03
0CCAF7
0E02D0
0F5725
10C98B
125BA4
140F26
15E5E5
17E1E0
1A0545
1C5278
1ECC1D
21751A
00E4FC
00E4FC
00E4FC
00E4FC
00E4FC
00E4FC
00E4FC
00E4FC
00E4FC
00E4FC
00E4FC
00E4FC
00E4FC
00E4FC
00E4FC
00E4FC
00E4FC
00E769
00EEB3
00F6F1
01003D
011360
01284D
013ED7
01571E
017149
018D7E
01ABEA
01CCBD
01F02F
021679
023FE0
026CAF
029D38
02D1DA
030B02
034927
038CD5
03D6A9
042756
047FA9
04E08B
054B04
05C03B
06417A
06D02D
076DDD
081C2E
08DCD2
09B188
0A9C0E
0B9E18
0CB952
0DEF5A
0F41C5
10B22B
12422B
13F377
15C7E3
17C169
19E233
1C2CA3
1EA356
21492F
00E4FC
00E4FC
00E4FC
00E4FC
00E4FC
00E4FC
00E4FC
00E4FC
00E4FC
00E4FC
00E4FC
00E4FC
00E4FC
00E4FC
00E4FC
00E4FC
00E4FC
00E6CF
00EE05
00F62C
00FFB7
01131C
0127FF
013E7C
0156B5
0170CE
018CF0
01AB46
01CC00
01EF53
02157B
023EBA
026B5A
029BAD
02D011
0308F0
0346C2
038A10
03D374
0423A1
047B61
04DB99
054550
05B9AB
0639F1
06C78D
076405
0810FD
08D028
09A344
0A8C11
0B8C46
0CA58F
0DD98B
0F29D1
1097F6
122598
13D469
15A637
179CFA
19BAD6
1C022A
1E758E
2117DF
00E4FC
00E4FC
00E4FC
00E4FC
00E4FC
00E4FC
00E4FC
00E4FC
00E4FC
00E4FC
00E4FC
00E4FC
00E4FC
00E4FC
00E4FC
00E4FC
00E4FC
00E624
00ED43
00F551
00FF75
0112D0
0127A7
013E16
01563F
017046
018C52
01AA8F
01CB2C
01EE5E
02145F
023D71
0269DD
0299F4
02CE13
0306A2
034417
0386F8
03CFE1
041F7E
047699
04D615
053EF3
05B258
063188
06BDEB
075906
08047B
08C1FE
09934F
0A7A2D
0B7852
0C8F6B
0DC119
0F0EF3
107A8F
120587
13B18B
158067
17740D
198E9F
1BD273
1E421E
20E077
00E4FC
00E4FC
00E4FC
00E4FC
00E4FC
00E4FC
00E4FC
00E4FC
00E4FC
00E4FC
00E4FC
00E4FC
00E4FC
00E4FC
00E4FC
00E4FC
00E4FC
00E564
00EC69
00F45B
00FF2C
01127C
012745
013DA4
0155BC
016FAE
018BA2
01A9C3
01CA40
01ED4D
021323
023C03
026835
029809
02CBDA
03040F
03411C
038386
03CBE3
041AE1
047144
04CFEC
0537D9
05AA2B
062824
06B328
074CBC
07F680
08B227
098173
0A6624
0B61F6
0C7699
0DA5AE
0EF0CE
10598C
11E183
138A60
1555E9
17460D
195CE8
1B9CCC
1E0845
20A226
00E4FC
00E4FC
00E4FC
00E4FC
00E4FC
00E4FC
00E4FC
00E4FC
00E4FC
00E4FC
00E4FC
00E4FC
00E4FC
00E4FC
00E4FC
00E4FC
00E4FC
00E4FC
00EB76
00F347
00FEDA
01121D
0126D7
013D26
015529
016F04
018ADE
01A8E0
01C938
01EC1C
0211C2
023A6A
02665B
0295E5
02C95F
030130
033DC9
037FAD
03C770
0415BB
046B50
04C90D
052FED
05A10B
061DA8
06A724
073F01
07E6DE
08A070
096D76
0A4FB4
0B48E7
0C5AC2
0D86E9
0ECEF3
103475
11B908
135E54
15261D
17124C
1924F6
1B6067
1DC727
205BFD
00E4FC
00E4FC
00E4FC
00E4FC
00E4FC
00E4FC
00E4FC
00E4FC
00E4FC
00E4FC
00E4FC
00E4FC
00E4FC
00E4FC
00E4FC
00E4FC
00E4FC
00E4FC
00EA65
00F213
00FE7F
0111B4
01265D
013C98
015485
016E47
018A02
01A7E2
01C813
01EAC7
021038
0238A2
02644B
029381
02C69B
02FDFC
033A14
037B63
03C279
040FFD
0464AD
04C163
052715
0596DC
0611F3
0699B7
072FA9
07D564
088C9D
095714
0A368F
0B2CCE
0C3B85
0D645A
0EA8E7
100AC0
118B7C
132CBF
14F04A
16D7FF
18E5ED
1B1C59
1D7DC2
200CE7
00E4FC
00E4FC
00E4FC
00E4FC
00E4FC
00E4FC
00E4FC
00E4FC
00E4FC
00E4FC
00E4FC
00E4FC
00E4FC
00E4FC
00E4FC
00E4FC
00E4FC
00E4FC
00E933
00F0BA
00FE19
01113E
0125D5
013BFB
0153CF
016D73
01890E
01A6C7
01C6CB
01E94C
020E80
0236A5
0261FE
0290D7
02C386
02FA6A
0335F2
03769A
03BCF0
040996
045D46
04B8D6
051D38
058B7F
0604E1
068AB9
071E83
07C1D9
08766E
093E03
0A1A5F
0B0D46
0C186F
0D3D83
0E7E1C
0FDBCE
11582F
12F4E0
14B39C
16963F
189ED1
1ACF8E
1D2AEC
1FB3A2
00E4FC
00E4FC
00E4FC
00E4FC
00E4FC
00E4FC
00E4FC
00E4FC
00E4FC
00E4FC
00E4FC
00E4FC
00E4FC
00E4FC
00E4FC
00E4FC
00E4FC
00E4FC
00E7DD
00EF36
00FDA8
0110BB
01253D
013B4B
015303
016C88
0187FD
01A58B
01C55D
01E7A5
020C96
02346E
025F6E
028DDF
02C016
02F66F
033156
037144
03B6C3
040272
045505
04AF4D
051236
057ED0
05F64A
0679FB
070B59
07ABFD
085D98
0921ED
09FAC3
0AE9E1
0BF102
0D11D1
0E4DEC
0FA6E6
111E54
12B5D4
146F19
164BFB
184E77
1A78C2
1CCD46
1F4EB1
00E4FC
00E4FC
00E4FC
00E4FC
00E4FC
00E4FC
00E4FC
00E4FC
00E4FC
00E4FC
00E4FC
00E4FC
00E4FC
00E4FC
00E4FC
00E4FC
00E4FC
00E4FC
00E65D
00ED84
00FD29
011028
012493
013A86
015220
016B81
0186CC
01A42A
01C3C5
01E5CD
020A74
0231F5
025C91
028A8F
02BC40
02F1FF
032C33
036B52
03AFE2
03FA7C
044BD1
04A4AA
0505EF
0570A8
05E600
066746
06F5ED
079389
0841CA
090271
09D74A
0AC21C
0BC4A8
0CE09C
0E1799
0F6B34
10DCFD
126E92
14219E
15F7F2
17F382
1A1678
1C6335
1EDC57
00E4FC
00E4FC
00E4FC
00E4FC
00E4FC
00E4FC
00E4FC
00E4FC
00E4FC
00E4FC
00E4FC
00E4FC
00E4FC
00E4FC
00E4FC
00E4FC
00E4FC
00E4FC
00E4FC
00EB9C
00FC9C
010F85
0123D6
0139AB
015122
016A5B
018579
01A2A2
01C1FF
01E3BE
020813
022F34
025961
0286DE
02B7FA
02ED0D
032679
0364B1
03A836
03F19C
04418E
0498CE
04F83E
0560DE
05D3D2
065262
06DDFC
07782E
0822A6
08DF24
09AF75
0A9566
0B92B9
0CA923
0DDA47
0F27BC
109312
121DE1
13C9D2
1598A9
178C53
19A6ED
1BEACA
1E5A7D
00E4FC
00E4FC
00E4FC
00E4FC
00E4FC
00E4FC
00E4FC
00E4FC
00E4FC
00E4FC
00E4FC
00E4FC
00E4FC
00E4FC
00E4FC
00E4FC
00E4FC
00E4FC
00E4FC
00EA7B
00FBFE
010ECE
012303
0138B7
015008
016914
0183FF
01A0EB
01C004
01E173
02056C
022C22
0255D3
0282C1
02B337
02E789
032018
035D4E
039FAA
03E7B9
04361E
048B96
04E8FA
054F41
05BF88
063B0D
06C338
075992
07FFC2
08B78A
0982B5
0A6315
0B5A71
0C6A83
0D94F2
0EDB59
103F47
11C252
13661A
152C5B
1716F8
1927FF
1B61B6
1DC69F
00E4FC
00E4FC
00E4FC
00E4FC
00E4FC
00E4FC
00E4FC
00E4FC
00E4FC
00E4FC
00E4FC
00E4FC
00E4FC
00E4FC
00E4FC
00E4FC
00E4FC
00E4FC
00E4FC
00E9E3
00FB4F
010E03
012217
0137A7
014ECD
0167A8
018258
019F03
01BDCE
01DEE5
020277
0228B6
0251DD
027E2B
02ADE9
02E165
0318FC
035514
039624
03DCB4
042960
047CDB
04D7F5
053B9D
05A8E3
062100
06A54E
073751
07D8AA
088B18
095066
0A2A69
0B1AEE
0C23B5
0D466C
0E84B0
0FE013
115A27
12F486
14B0E4
169115
18971A
1AC528
1D1DAE
00E4FC
00E4FC
00E4FC
00E4FC
00E4FC
00E4FC
00E4FC
00E4FC
00E4FC
00E4FC
00E4FC
00E4FC
00E4FC
00E4FC
00E4FC
00E4FC
00E4FC
00E4FC
00E4FC
00E9D7
00FA8B
010D20
012111
013677
014D6D
016611
018082
019CE3
01BB59
01DC0C
01FF2B
0224E6
024D73
027910
02A7FF
02DA8E
031111
034BEA
038B8A
03D06F
041B2F
046C72
04C4FE
0525B7
058FA2
0603EA
0683E0
0710FD
07ACDA
085931
0917CD
09EA85
0AD32B
0BD387
0CED4E
0E2224
0F739D
10E349
1272BE
1423A4
15F7C4
17F10D
1A11A1
1C5BDC
00E4FC
00E4FC
00E4FC
00E4FC
00E4FC
00E4FC
00E4FC
00E4FC
00E4FC
00E4FC
00E4FC
00E4FC
00E4FC
00E4FC
00E4FC
00E4FC
00E4FC
00E4FC
00E4FC
00EC0E
00F9B0
010C23
011FEC
013524
014BE5
01644C
017E76
019A84
01B89B
01D8E0
01FB7F
0220A7
024889
027360
02A16B
02D2F0
030841
0341B7
037FBC
03C2C7
040B62
045A2C
04AFDF
050D50
057378
05E374
065E86
06E619
077BBE
082125
08D817
09A26A
0A81F8
0B788F
0C87EF
0DB1C3
0EF7A6
105B28
11DDDA
13815C
154766
1731D8
1942BD
1B7C5B
00E4FC
00E4FC
00E4FC
00E4FC
00E4FC
00E4FC
00E4FC
00E4FC
00E4FC
00E4FC
00E4FC
00E4FC
00E4FC
00E4FC
00E4FC
00E4FC
00E4FC
00E4FC
00E4FC
00EE7F
00F9BF
010B09
011EA6
0133AB
014A31
016253
017C2D
0197E0
01B58C
01D557
01F769
021BEC
024310
026D0B
029A17
02CA76
02FE72
03365E
03729B
03B396
03F9CE
0445D7
04985B
04F223
055416
05BF3E
0634CE
06B620
0744B4
07E230
089055
0950F8
0A25F7
0B1127
0C1456
0D3138
0E6972
0FBE98
11323A
12C5EF
147B62
16545D
1852D7
1A78F8
00E4FC
00E4FC
00E4FC
00E4FC
00E4FC
00E4FC
00E4FC
00E4FC
00E4FC
00E4FC
00E4FC
00E4FC
00E4FC
00E4FC
00E4FC
00E4FC
00E4FC
00E4FC
00E6A7
00F12F
00FCAD
0109CE
011D3A
013206
01484A
016020
0179A2
0194EF
01B225
01D168
01F2DB
0216A8
023CF9
026600
0291F1
02C109
02F38A
0329C0
036401
03A2B1
03E642
042F3A
047E35
04D3E6
053123
0596E2
06063F
06807D
07070A
079B79
083F7F
08F4E9
09BD95
0A9B63
0B9028
0C9DAB
0DC59E
0F099E
106B3F
11EC13
138DB8
1551E5
173A76
194976
00E4FC
00E4FC
00E4FC
00E4FC
00E4FC
00E4FC
00E4FC
00E4FC
00E4FC
00E4FC
00E4FC
00E4FC
00E4FC
00E4FC
00E4FC
00E4FC
00E4FC
00E4FC
00E95C
00F424
00FFE6
010CAF
011BA5
013031
01462C
015DAD
0176CD
0191A8
01AE5C
01CD06
01EDCA
0210CC
023633
025E2A
0288E1
02B68E
02E76A
031BBA
0353C9
038FED
03D08D
04161C
046126
04B249
050A44
0569F3
05D256
064497
06C205
074C19
07E474
088CD4
09470F
0A1507
0AF8A0
0BF3B0
0D07FC
0E3734
0F82F6
10ECD7
12766D
14215E
15EF6B
17E27D
00E4FC
00E4FC
00E4FC
00E4FC
00E4FC
00E4FC
00E4FC
00E4FC
00E4FC
00E4FC
00E4FC
00E4FC
00E4FC
00E4FC
00E4FC
00E4FC
00E4FC
00E4FC
00EC55
00F763
01036F
011085
011EB4
012E27
0143D0
015AF2
0173A5
018E03
01AA24
01C826
01E828
020A48
022EAA
025574
027ED0
02AAE9
02D9F4
030C29
0341C8
037B1B
03B876
03FA3F
0440E7
048CFA
04DF18
053800
059890
0601CD
0674E1
06F321
077E08
08173A
08C078
097B9D
0A4A8F
0B2F34
0C2B6A
0D40F9
0E719A
0FBEEE
112A92
12B620
146345
1633C5
00E4FC
00E4FC
00E4FC
00E4FC
00E4FC
00E4FC
00E4FC
00E4FC
00E4FC
00E4FC
00E4FC
00E4FC
00E4FC
00E4FC
00E4FC
00E4FC
00E4FC
00E533
00EF99
00FAF2
01074E
0114B9
01233F
0132F0
0143D8
0157E9
017023
0189F4
01A573
01C2BB
01E1E3
02030A
02264C
024BC8
0273A2
029DFE
02CB05
02FAE6
032DD3
036407
039DC7
03DB61
041D31
0463A5
04AF40
05009B
05586B
05B788
061EE9
068FAE
070B20
0792AD
0827EF
08CC9D
09828E
0A4BAA
0B29DD
0C1F11
0D2D21
0E55D4
0F9AE0
10FDEC
12809E
1424A4
00E4FC
00E4FC
00E4FC
00E4FC
00E4FC
00E4FC
00E4FC
00E4FC
00E4FC
00E4FC
00E4FC
00E4FC
00E4FC
00E4FC
00E4FC
00E4FC
00E4FC
00E879
00F32D
00FED8
010B8A
011950
012836
01384A
014999
015C30
01701C
018570
01A03C
01BCB4
01DAED
01FAFF
021D01
02410C
02673C
028FAB
02BA79
02E7C8
0317BC
034A81
038046
03B943
03F5BB
0435FC
047A64
04C362
05117B
05654C
05BF8E
06211A
068AEB
06FE23
077C07
080609
089DBE
0944E0
09FD46
0AC8DE
0BA99D
0CA17C
0DB266
0EDE39
1026C1
118DBD
00E4FC
00E4FC
00E4FC
00E4FC
00E4FC
00E4FC
00E4FC
00E4FC
00E4FC
00E4FC
00E4FC
00E4FC
00E4FC
00E4FC
00E4FC
00E4FC
00E4FC
00EC0F
00F717
01031B
01102B
011E53
012D9F
013E1F
014FDE
0162E9
01774D
018D18
01A454
01BD0D
01D74F
01F324
0212B3
023527
02597F
027FD0
02A82B
02D2A6
02FF56
032E54
035FBB
0393AA
03CA46
0403BC
04403F
048010
04C37B
050ADA
05569A
05A73D
05FD58
06599B
06BCD0
0727E1
079BD7
0819DF
08A34E
09399C
09DE6D
0A9385
0B5ACC
0C3640
0D27F4
0E31FC
00E4FC
00E4FC
00E4FC
00E4FC
00E4FC
00E4FC
00E4FC
00E4FC
00E4FC
00E4FC
00E4FC
00E4FC
00E4FC
00E4FC
00E4FC
00E4FC
00E58D
00EFFB
00FB5E
0107C2
011537
0123C8
013384
014476
0156AD
016A35
017F1B
01956B
01AD32
01C67A
01E14E
01FDBA
021BC7
023B7D
025CE5
028005
02A4E4
02CB87
02F3F2
031E2A
034A32
03780E
03A7C3
03D958
040CD4
044244
0479B5
04B33D
04EEF4
052CF9
056D73
05B08D
05F67D
063F7D
068BD0
06DBC2
072FA5
0787D4
07E4B3
0846AF
08AE3B
091BD8
09900E
0A0B70
0105E5
0105E5
0105E5
0105E5
0105E5
0105E5
0105E5
0105E5
0105E5
0105E5
0105E5
0105E5
0105E5
0105E5
0105E5
0105E5
01068A
010ECF
01182C
0122C0
012EAF
013F0E
01579F
017223
018EC5
01ADB6
01CF2B
01F35F
021A93
024513
027332
02A54D
02DBD1
031736
035808
039EE5
03EC84
0441B5
049F69
0506B1
0578C3
05F6FF
0682EF
071E45
07CADA
088AA8
095FBD
0A4C36
0B5231
0C73C3
0DB2F1
0F11B2
1091ED
123585
13FE62
15EE7C
1807E5
1A4CDB
1CBFC8
1F6356
223A70
25484B
28906F
2C16BC
0105E5
0105E5
0105E5
0105E5
0105E5
0105E5
0105E5
0105E5
0105E5
0105E5
0105E5
0105E5
0105E5
0105E5
0105E5
0105E5
01068C
010ED1
01182E
0122C3
012EB1
013F0F
0157A0
017224
018EC6
01ADB8
01CF2D
01F361
021A96
024516
027335
02A551
02DBD5
03173B
03580E
039EEC
03EC8C
0441BF
049F74
0506BD
0578D1
05F710
068303
071E5C
07CAF5
088AC5
095FDE
0A4C5C
0B525C
0C73F3
0DB327
0F11ED
10922E
1235CD
13FEB0
15EED0
180841
1A4D3E
1CC033
1F63CA
223AED
2548D1
289100
2C1757
0105E5
0105E5
0105E5
0105E5
0105E5
0105E5
0105E5
0105E5
0105E5
0105E5
0105E5
0105E5
0105E5
0105E5
0105E5
0105E5
01068D
010ED3
011830
0122C5
012EB4
013F10
0157A1
017225
018EC8
01ADBA
01CF2F
01F363
021A99
02451A
027339
02A556
02DBDA
031741
035815
039EF4
03EC95
0441CA
049F81
0506CC
0578E2
05F723
068319
071E75
07CB12
088AE7
096004
0A4C87
0B528C
0C7429
0DB363
0F122F
109277
12361C
13FF07
15EF2F
1808A8
1A4DAD
1CC0AB
1F644B
223B78
254967
2891A1
2C1804
0105E5
0105E5
0105E5
0105E5
0105E5
0105E5
0105E5
0105E5
0105E5
0105E5
0105E5
0105E5
0105E5
0105E5
0105E5
0105E5
01068F
010ED5
011833
0122C8
012EB7
013F12
0157A2
017227
018ECA
01ADBC
01CF31
01F366
021A9C
02451D
02733D
02A55B
02DBE0
031748
03581C
039EFD
03ECA0
0441D6
049F8F
0506DC
0578F5
05F739
068331
071E92
07CB32
088B0C
09602E
0A4CB7
0B52C2
0C7465
0DB3A5
0F1279
1092C8
123675
13FF68
15EF98
18091A
1A4E28
1CC131
1F64DB
223C13
254A0E
289254
2C18C6
0105E5
0105E5
0105E5
0105E5
0105E5
0105E5
0105E5
0105E5
0105E5
0105E5
0105E5
0105E5
0105E5
0105E5
0105E5
0105E5
010691
010ED7
011835
0122CB
012EBB
013F13
0157A4
017228
018ECC
01ADBE
01CF34
01F369
021A9F
024521
027342
02A560
02DBE7
03174F
035825
039F07
03ECAB
0441E3
049F9E
0506EE
057909
05F751
06834D
071EB1
07CB56
088B35
09605D
0A4CEC
0B52FE
0C74A8
0DB3F0
0F12CB
109322
1236D8
13FFD4
15F00E
18099A
1A4EB2
1CC1C6
1F657C
223CC0
254AC9
28931D
2C199E
0105E5
0105E5
0105E5
0105E5
0105E5
0105E5
0105E5
0105E5
0105E5
0105E5
0105E5
0105E5
0105E5
0105E5
0105E5
0105E5
010694
010EDA
011838
0122CE
012EBF
013F14
0157A5
01722A
018ECE
01ADC0
01CF37
01F36C
021AA3
024526
027347
02A566
02DBEE
031757
03582E
039F12
03ECB8
0441F2
049FAF
050702
057920
05F76B
06836C
071ED5
07CB7F
088B63
096092
0A4D27
0B5340
0C74F2
0DB443
0F1327
109388
123747
14004D
15F091
180A28
1A4F4D
1CC26C
1F6630
223D82
254B99
2893FD
2C1A8E
0105E5
0105E5
0105E5
0105E5
0105E5
0105E5
0105E5
0105E5
0105E5
0105E5
0105E5
0105E5
0105E5
0105E5
0105E5
0105E5
010696
010EDD
01183C
0122D2
012EC3
013F16
0157A7
01722C
018ED0
01ADC3
01CF3A
01F370
021AA8
02452B
02734D
02A56D
02DBF6
031760
035839
039F1E
03ECC6
044202
049FC2
050718
05793A
05F789
06838E
071EFC
07CBAC
088B97
0960CD
0A4D69
0B538B
0C7546
0DB49F
0F138E
1093F8
1237C3
1400D4
15F124
180AC7
1A4FF9
1CC326
1F66F8
223E5A
254C81
2894F7
2C1B9B
0105E5
0105E5
0105E5
0105E5
0105E5
0105E5
0105E5
0105E5
0105E5
0105E5
0105E5
0105E5
0105E5
0105E5
0105E5
0105E5
010699
010EE1
011840
0122D7
012EC8
013F17
0157A9
01722F
018ED3
01ADC6
01CF3E
01F374
021AAD
024531
027354
02A575
02DBFE
03176B
035845
039F2C
03ECD6
044215
049FD8
050731
057957
05F7AA
0683B4
071F28
07CBDE
088BD0
09610E
0A4DB3
0B53DE
0C75A3
0DB507
0F1400
109476
12384D
14016A
15F1C8
180B79
1A50B9
1CC3F6
1F67D8
223F4B
254D85
28960E
2C1CC7
0105E5
0105E5
0105E5
0105E5
0105E5
0105E5
0105E5
0105E5
0105E5
0105E5
0105E5
0105E5
0105E5
0105E5
0105E5
0105E5
01069D
010EE4
011844
0122DB
012ECD
013F19
0157AB
017231
018ED6
01ADCA
01CF42
01F379
021AB2
024537
02735B
02A57D
02DC08
031776
035852
039F3B
03ECE8
04422A
049FF0
05074C
057977
05F7CF
0683DF
071F59
07CC17
088C11
096157
0A4E06
0B543B
0C760B
0DB57A
0F1480
109503
1238E7
140212
15F27E
180C3F
1A518F
1CC4DD
1F68D1
224058
254EA6
289746
2C1E16
0105E5
0105E5
0105E5
0105E5
0105E5
0105E5
0105E5
0105E5
0105E5
0105E5
0105E5
0105E5
0105E5
0105E5
0105E5
0105E5
0106A0
010EE9
011849
0122E1
012ED3
013F1C
0157AE
017234
018ED9
01ADCE
01CF46
01F37E
021AB8
02453E
027363
02A587
02DC13
031783
035861
039F4C
03ECFC
044241
04A00B
05076B
05799B
05F7F9
06840F
071F90
07CC56
088C58
0961A9
0A4E62
0B54A3
0C767E
0DB5FB
0F150E
1095A0
123992
1402CE
15F34A
180D1C
1A527E
1CC5E0
1F69E8
224184
254FEA
2898A1
2C1F8C
0105E5
0105E5
0105E5
0105E5
0105E5
0105E5
0105E5
0105E5
0105E5
0105E5
0105E5
0105E5
0105E5
0105E5
0105E5
0105E5
0106A5
010EED
01184E
0122E7
012EDA
013F1E
0157B1
017237
018EDD
01ADD2
01CF4B
01F384
021ABF
024546
02736C
02A591
02DC20
031791
035871
039F60
03ED12
04425B
04A028
05078E
0579C3
05F827
068444
071FCD
07CC9C
088CA9
096204
0A4EC9
0B5516
0C7700
0DB68B
0F15AD
10964F
123A52
14039F
15F42E
180E13
1A5389
1CC700
1F6B1F
2242D3
255152
289A26
2C212E
0105E5
0105E5
0105E5
0105E5
0105E5
0105E5
0105E5
0105E5
0105E5
0105E5
0105E5
0105E5
0105E5
0105E5
0105E5
0105E5
0106A9
010EF2
011854
0122EE
012EE2
013F21
0157B4
01723B
018EE1
01ADD7
01CF51
01F38B
021AC7
02454F
027377
02A59D
02DC2D
0317A1
035884
039F75
03ED2B
044277
04A04A
0507B5
0579EF
05F85A
06847F
072012
07CCEA
088D02
096269
0A4F3C
0B5598
0C7790
0DB72C
0F165F
109712
123B28
140489
15F52C
180F26
1A54B4
1CC842
1F6C7A
224449
2552E5
289BD7
2C22FF
0105E5
0105E5
0105E5
0105E5
0105E5
0105E5
0105E5
0105E5
0105E5
0105E5
0105E5
0105E5
0105E5
0105E5
0105E5
0105E5
0106AE
010EF8
01185B
0122F5
012EEA
013F24
0157B7
01723F
018EE6
01ADDC
01CF57
01F392
021ACF
024558
027382
02A5AA
02DC3D
0317B3
035898
039F8D
03ED47
044297
04A06F
0507E0
057A21
05F894
0684C2
07205E
07CD42
088D66
0962DB
0A4FBC
0B5628
0C7832
0DB7DF
0F1725
1097EC
123C17
14058E
15F647
18105A
1A5600
1CC9A9
1F6DFE
2245EB
2554A6
289DBA
2C2507
0105E5
0105E5
0105E5
0105E5
0105E5
0105E5
0105E5
0105E5
0105E5
0105E5
0105E5
0105E5
0105E5
0105E5
0105E5
0105E5
0106B4
010EFF
011862
0122FD
012EF4
013F27
0157BB
017244
018EEB
01ADE2
01CF5E
01F39A
021AD8
024563
02738F
02A5B9
02DC4E
0317C7
0358AF
039FA7
03ED66
0442BB
04A099
050810
057A59
05F8D4
06850C
0720B3
07CDA3
088DD5
096359
0A504B
0B56C9
0C78E6
0DB8A7
0F1803
1098E0
123D22
1406B1
15F784
1811B1
1A5774
1CCB3A
1F6FAE
2247BC
25569C
289FD6
2C274B
0105E5
0105E5
0105E5
0105E5
0105E5
0105E5
0105E5
0105E5
0105E5
0105E5
0105E5
0105E5
0105E5
0105E5
0105E5
0105E5
0106BB
010F06
01186A
012307
012EFE
013F2B
0157C0
017249
018EF1
01ADE9
01CF66
01F3A3
021AE3
024570
02739D
02A5CA
02DC61
0317DD
0358C9
039FC5
03ED88
0442E3
04A0C7
050845
057A97
05F91C
06855F
072112
07CE10
088E51
0963E6
0A50EB
0B577C
0C79AE
0DB986
0F18FA
1099F0
123E4C
1407F5
15F8E5
181330
1A5912
1CCCFA
1F7191
2249C4
2558CC
28A230
2C29D3
0105E5
0105E5
0105E5
0105E5
0105E5
0105E5
0105E5
0105E5
0105E5
0105E5
0105E5
0105E5
0105E5
0105E5
0105E5
0105E5
0106C2
010F0E
011873
012311
012F0A
013F2F
0157C5
01724E
018EF8
01ADF1
01CF6F
01F3AE
021AEF
02457D
0273AD
02A5DC
02DC76
0317F5
0358E6
039FE6
03EDAF
044310
04A0FB
050881
057ADC
05F96C
0685BB
07217C
07CE8A
088EDC
096484
0A519D
0B5845
0C7A8F
0DBA80
0F1A0D
109B1F
123F98
140960
15FA6F
1814DB
1A5AE0
1CCEED
1F73AC
224C09
255B3C
28A4D0
2C2CA6
0105E5
0105E5
0105E5
0105E5
0105E5
0105E5
0105E5
0105E5
0105E5
0105E5
0105E5
0105E5
0105E5
0105E5
0105E5
0105E5
0106CA
010F17
01187E
01231D
012F17
013F34
0157CA
017255
018EFF
01ADF9
01CF79
01F3B9
021AFC
02458D
0273BE
02A5F0
02DC8E
031811
035906
03A00C
03EDDA
044342
04A134
0508C4
057B2A
05F9C5
068622
0721F3
07CF11
088F77
096534
0A5264
0B5925
0C7B89
0DBB96
0F1B41
109C72
12410B
140AF5
15FC27
1816B8
1A5CE5
1CD11B
1F7605
224E91
255DF5
28A7BE
2C2FCC
0105E5
0105E5
0105E5
0105E5
0105E5
0105E5
0105E5
0105E5
0105E5
0105E5
0105E5
0105E5
0105E5
0105E5
0105E5
0105E5
0106D3
010F22
011889
01232A
012F25
013F39
0157D0
01725C
018F07
01AE03
01CF84
01F3C6
021B0B
02459E
0273D2
02A607
02DCA8
031830
035929
03A035
03EE0A
044379
04A175
05090F
057B80
05FA29
068695
072277
07CFA9
089024
0965F9
0A5343
0B5A1F
0C7CA0
0DBCCD
0F1C98
109DEB
1242A9
140CB8
15FE12
1818CD
1A5F25
1CD389
1F78A4
225163
256100
28AB03
2C3350
0105E5
0105E5
0105E5
0105E5
0105E5
0105E5
0105E5
0105E5
0105E5
0105E5
0105E5
0105E5
0105E5
0105E5
0105E5
0105E5
0106DD
010F2D
011896
012338
012F36
013F3F
0157D7
017264
018F10
01AE0D
01CF90
01F3D4
021B1B
0245B1
0273E8
02A621
02DCC6
031852
035951
03A063
03EE3F
0443B8
04A1BD
050962
057BE1
05FA99
068715
07230B
07D052
0890E5
0966D4
0A543B
0B5B35
0C7DD8
0DBE27
0F1E18
109F91
124477
140EB0
160036
181B1F
1A61A8
1CD63F
1F7B91
22548A
256464
28AEA9
2C373D
0105E5
0105E5
0105E5
0105E5
0105E5
0105E5
0105E5
0105E5
0105E5
0105E5
0105E5
0105E5
0105E5
0105E5
0105E5
0105E5
0106E8
010F3A
0118A4
012348
012F48
013F45
0157DE
01726C
018F1A
01AE19
01CF9E
01F3E4
021B2D
0245C6
027401
02A63D
02DCE7
031879
03597E
03A097
03EE7B
0443FD
04A20D
0509C0
057C4C
05FB15
0687A5
0723AF
07D10F
0891BD
0967C9
0A5550
0B5C6D
0C7F34
0DBFAA
0F1FC3
10A168
12467A
1410E2
16029A
181DB6
1A6475
1CD946
1F7ED4
22580E
25682D
28B2BB
2C3B9D
0105E5
0105E5
0105E5
0105E5
0105E5
0105E5
0105E5
0105E5
0105E5
0105E5
0105E5
0105E5
0105E5
0105E5
0105E5
0105E5
0106F4
010F48
0118B4
01235A
012F5C
013F4D
0157E7
017276
018F26
01AE26
01CFAD
01F3F5
021B42
0245DE
02741C
02A65D
02DD0C
0318A3
0359AF
03A0D0
03EEBE
04444A
04A267
050A27
057CC4
05FBA0
068845
072467
07D1E2
0892AD
0968DA
0A5685
0B5DC8
0C80B8
0DC15A
0F21A1
10A375
1248B9
141356
160544
18209A
1A6796
1CDCA7
1F8279
225BFA
256C66
28B746
2C4080
0105E5
0105E5
0105E5
0105E5
0105E5
0105E5
0105E5
0105E5
0105E5
0105E5
0105E5
0105E5
0105E5
0105E5
0105E5
0105E5
010702
010F57
0118C6
01236E
012F73
013F55
0157F0
017281
018F32
01AE35
01CFBE
01F409
021B59
0245F8
02743B
02A681
02DD35
0318D3
0359E7
03A111
03EF09
0444A1
04A2CB
050A9B
057D4B
05FC3B
0688F7
072535
07D2CD
0893BA
096A0B
0A57DD
0B5F4C
0C826A
0DC33C
0F23B6
10A5BF
124B3B
141612
16083E
1823D4
1A6B13
1CE06B
1F8689
22605B
25711C
28BC58
2C45F3
0105E5
0105E5
0105E5
0105E5
0105E5
0105E5
0105E5
0105E5
0105E5
0105E5
0105E5
0105E5
0105E5
0105E5
0105E5
0105E5
010712
010F69
0118DA
012385
012F8C
013F5E
0157FB
01728D
018F41
01AE45
01CFD1
01F41F
021B72
024616
02745D
02A6A8
02DD63
031909
035A25
03A159
03EF5C
044501
04A33B
050B1D
057DE0
05FCE8
0689BF
07261A
07D3D3
0894E6
096B60
0A595E
0B60FD
0C844E
0DC555
0F2608
10A84D
124E08
141920
160B8F
18276D
1A6EF8
1CE4A0
1F8B12
22653E
25765E
28C200
2C4C08
0105E5
0105E5
0105E5
0105E5
0105E5
0105E5
0105E5
0105E5
0105E5
0105E5
0105E5
0105E5
0105E5
0105E5
0105E5
0105E5
010723
010F7D
0118F0
01239E
012FA8
013F68
015807
01729B
018F50
01AE58
01CFE6
01F437
021B8F
024637
027483
02A6D5
02DD97
031944
035A6A
03A1A9
03EFB9
04456D
04A3B8
050BAE
057E88
05FDA9
068A9D
07271A
07D4F9
089634
096CDC
0A5B0C
0B62E0
0C8669
0DC7AE
0F28A0
10AB27
125127
141C88
160F43
182B71
1A7350
1CE951
1F9021
226AB1
257C3C
28C84F
2C52D1
0105E5
0105E5
0105E5
0105E5
0105E5
0105E5
0105E5
0105E5
0105E5
0105E5
0105E5
0105E5
0105E5
0105E5
0105E5
0105E5
010736
010F92
011909
0123BA
012FC8
013F73
015814
0172AA
018F62
01AE6C
01CFFE
01F453
021BAE
02465B
0274AE
02A706
02DDD0
031987
035AB7
03A202
03F021
0445E6
04A443
050C4F
057F42
05FE80
068B96
072837
07D640
0897AA
096E84
0A5CEB
0B64FB
0C88C4
0DCA4B
0F2B84
10AE56
1254A3
142055
161365
182FEC
1A7828
1CEE8C
1F95C6
2270C5
2582C7
28CF59
2C5A63
0105E5
0105E5
0105E5
0105E5
0105E5
0105E5
0105E5
0105E5
0105E5
0105E5
0105E5
0105E5
0105E5
0105E5
0105E5
0105E5
01074C
010FAB
011925
0123D9
012FEB
013F80
015822
0172BB
018F76
01AE83
01D018
01F471
021BD2
024684
0274DE
02A73E
02DE10
0319D1
035B0D
03A266
03F094
04466C
04A4DF
050D03
058013
05FF71
068CAB
072976
07D7AD
08994A
09705E
0A5F03
0B6754
0C8B64
0DCD37
0F2EBE
10B1E2
125886
142492
161801
1834EB
1A7D90
1CF463
1F9C11
22778D
258A14
28D734
2C62D5
0105E5
0105E5
0105E5
0105E5
0105E5
0105E5
0105E5
0105E5
0105E5
0105E5
0105E5
0105E5
0105E5
0105E5
0105E5
0105E5
010764
010FC6
011943
0123FC
013012
013F8E
015833
0172CE
018F8C
01AE9C
01D035
01F494
021BF9
0246B2
027513
02A77B
02DE58
031A24
035B6D
03A2D6
03F116
044702
04A58D
050DCC
0580FB
06007E
068DE1
072ADA
07D945
089B1C
09726E
0A6158
0B69F3
0C8E53
0DD078
0F3258
10B5D8
125CDC
14294D
161D26
183A7F
1A8398
1CFAE6
1FA317
227F1E
259238
28DFF6
2C6C40
0105E5
0105E5
0105E5
0105E5
0105E5
0105E5
0105E5
0105E5
0105E5
0105E5
0105E5
0105E5
0105E5
0105E5
0105E5
0105E5
01077F
010FE5
011966
012423
01303E
013F9E
015845
0172E3
018FA4
01AEB8
01D056
01F4BA
021C26
0246E5
02754E
02A7C0
02DEA7
031A81
035BD9
03A352
03F1A6
0447A9
04A64F
050EAD
0581FF
0601AA
068F3A
072C67
07DB0C
089D23
0974BC
0A63F2
0B6CE1
0C9198
0DD41B
0F365C
10BA43
1261B3
142E94
1622E2
1840B7
1A8A53
1D022A
1FAAED
22878E
259B4D
28E9BB
2C76C1
0105E5
0105E5
0105E5
0105E5
0105E5
0105E5
0105E5
0105E5
0105E5
0105E5
0105E5
0105E5
0105E5
0105E5
0105E5
0105E5
01079D
011007
01198C
01244E
01306F
013FB0
015859
0172FB
018FBF
01AED8
01D07B
01F4E4
021C57
02471F
027591
02A80D
02DF01
031AE8
035C51
03A3DD
03F247
044864
04A727
050FA8
058321
0602F9
0690BC
072E23
07DD08
089F67
09774E
0A66DA
0B7025
0C953E
0DD829
0F3AD8
10BF31
126718
143477
162948
1847A7
1A91D4
1D0A44
1FB3A9
2290F7
25A56E
28F4A0
2C8278
0105E5
0105E5
0105E5
0105E5
0105E5
0105E5
0105E5
0105E5
0105E5
0105E5
0105E5
0105E5
0105E5
0105E5
0105E5
0105E5
0107BE
01102C
0119B7
01247E
0130A5
013FC3
015870
017315
018FDE
01AEFC
01D0A4
01F514
021C8E
02475E
0275DB
02A863
02DF64
031B5B
035CD7
03A478
03F2FB
044935
04A819
0510BF
058465
06046E
06926B
073012
07DF3F
08A1ED
097A2D
0A6A19
0B73CA
0C9951
0DDCAF
0F3FD8
10C4B1
126D1E
143B08
16306B
184F63
1A9A32
1D134D
1FBD67
229B76
25B0BA
2900C7
2C8F89
0105E5
0105E5
0105E5
0105E5
0105E5
0105E5
0105E5
0105E5
0105E5
0105E5
0105E5
0105E5
0105E5
0105E5
0105E5
0105E5
0107E4
011057
0119E7
0124B4
0130E2
013FD9
01588A
017332
019000
01AF23
01D0D2
01F549
021CCB
0247A6
02762D
02A8C2
02DFD3
031BDC
035D6C
03A526
03F3C4
044A1E
04A927
0511F8
0585CE
060610
06944C
07323A
07E1B8
08A4C0
097D61
0A6DB7
0B77DA
0C9DDC
0DE1BB
0F456C
10CAD3
1273D4
14425A
163861
185804
1AA386
1D1D60
1FC844
22A729
25BD52
290E52
2C9E19
0105E5
0105E5
0105E5
0105E5
0105E5
0105E5
0105E5
0105E5
0105E5
0105E5
0105E5
0105E5
0105E5
0105E5
0105E5
0105E5
01080D
011086
011A1C
0124F1
013126
013FF2
0158A6
017353
019026
01AF4F
01D105
01F584
021D10
0247F5
027689
02A92D
02E04F
031C6C
035E13
03A5E7
03F4A5
044B22
04AA54
051355
058762
0607E1
069664
0734A3
07E47A
08A7E5
0980F4
0A71C1
0B7C64
0CA2ED
0DE75D
0F4BA5
10D1AA
127B51
144A84
164141
1861A2
1AADEE
1D289C
1FD461
22B435
25CB5C
291D6D
2CAE56
0105E5
0105E5
0105E5
0105E5
0105E5
0105E5
0105E5
0105E5
0105E5
0105E5
0105E5
0105E5
0105E5
0105E5
0105E5
0105E5
01083C
0110BB
011A58
012534
013172
01400D
0158C6
017378
019051
01AF80
01D13E
01F5C6
021D5D
02484E
0276F0
02A9A5
02E0DA
031D0D
035ECD
03A6BF
03F59F
044C44
04ABA5
0514DA
058924
0609EA
0698BC
073754
07E78F
08AB69
0984F1
0A7642
0B8174
0CA895
0DEDA5
0F5295
10D94B
1283AB
14539F
164B26
186C5C
1AB987
1D3522
1FE1E1
22C2BF
25DB02
292E42
2CC070
0105E5
0105E5
0105E5
0105E5
0105E5
0105E5
0105E5
0105E5
0105E5
0105E5
0105E5
0105E5
0105E5
0105E5
0105E5
0105E5
010870
0110F5
011A9A
01257F
0131C6
01402C
0158E9
0173A1
019080
01AFB7
01D17E
01F610
021DB2
0248B1
027763
02AA2A
02E174
031DC0
035F9D
03A7B0
03F6B7
044D88
04AD1C
05168D
058B1B
060C2E
069B59
073A54
07EAFF
08AF55
098965
0A7B49
0B8719
0CAEE3
0DF4A6
0F5A52
10E1CD
128CFA
145DC5
16562D
187850
1AC675
1D4317
1FF0ED
22D2F5
25EC74
294105
2CD49C
0105E5
0105E5
0105E5
0105E5
0105E5
0105E5
0105E5
0105E5
0105E5
0105E5
0105E5
0105E5
0105E5
0105E5
0105E5
0105E5
0108AA
011137
011AE4
0125D2
013224
01404E
015910
0173CF
0190B5
01AFF5
01D1C5
01F662
021E12
024920
0277E4
02AABF
02E221
031E88
036085
03A8BE
03F7EF
044EF2
04AEC0
051873
058D4C
060EB6
069E43
073DAE
07EED5
08B3B5
098E5D
0A80E5
0B8D66
0CB5EC
0DFC76
0F62F3
10EB49
12975B
146916
166279
1885A3
1AD4DD
1D52A5
2001B2
22E504
25FFE3
2955ED
2CEB16
0105E5
0105E5
0105E5
0105E5
0105E5
0105E5
0105E5
0105E5
0105E5
0105E5
0105E5
0105E5
0105E5
0105E5
0105E5
0105E5
0108EA
011180
011B37
01262F
01328D
014076
01593C
017402
0190F0
01B039
01D214
01F6BE
021E7C
02499C
027873
02AB65
02E2E2
031F68
036189
03A9EA
03F94C
045087
04B094
051A91
058FBF
06118A
06A185
07416C
07F31E
08B897
0993E8
0A8727
0B946D
0CBDC5
0E052C
0F6C92
10F5DC
12A2ED
1475B2
16702C
18947C
1AE4EC
1D63FA
201462
22F923
26158B
296D37
2D0421
0105E5
0105E5
0105E5
0105E5
0105E5
0105E5
0105E5
0105E5
0105E5
0105E5
0105E5
0105E5
0105E5
0105E5
0105E5
0105E5
010932
0111D2
011B93
012697
013302
0140FA
01596E
01743B
019132
01B086
01D26D
01F725
021EF3
024A26
027913
02AC1F
02E3B9
032061
0362AA
03AB3A
03FAD1
04524A
04B29F
051CEE
05927B
0614B2
06A528
074599
07F7E6
08BE0A
099A17
0A8E23
0B9C43
0CC685
0E0EE2
0F774C
1101A5
12AFD2
1483C0
167F71
18A507
1AF6CF
1D7748
202932
230F8D
262DAA
298729
2D2005
0105E5
0105E5
0105E5
0105E5
0105E5
0105E5
0105E5
0105E5
0105E5
0105E5
0105E5
0105E5
0105E5
0105E5
0105E5
0105E5
010982
01122D
011BFA
01270B
013385
01418D
0159A5
01747A
01917C
01B0DB
01D2D0
01F798
021F78
024AC0
0279C6
02ACEE
02E4A9
032178
0363ED
03ACB1
03FC84
045442
04B4E7
051F92
059589
061838
06A937
074A42
07FD3B
08C41F
09A0FD
0A95EC
0BA501
0CD046
0E19B7
0F8340
110EC7
12BE30
149368
169073
18B774
1B0ABB
1D8CC9
204060
232883
264886
29A40C
2D3F14
0105E5
0105E5
0105E5
0105E5
0105E5
0105E5
0105E5
0105E5
0105E5
0105E5
0105E5
0105E5
0105E5
0105E5
0105E5
0105E5
0109DC
011292
011C6D
01278D
013416
014230
0159E2
0174C1
0191CE
01B13A
01D33E
01F818
02200D
024B6C
027A8D
02ADD5
02E5B6
0322AF
036556
03AE54
03FE6A
045675
04B773
052285
0598F1
061C27
06ADBE
074F76
080330
08CAE8
09A8B0
0A9E9C
0BAEC1
0CDB27
0E25C8
0F9093
111D69
12CE31
14A4D8
16A364
18CBFA
1B20EA
1DA4BB
205A2F
23444E
26666D
29C435
2D61A8
0105E5
0105E5
0105E5
0105E5
0105E5
0105E5
0105E5
0105E5
0105E5
0105E5
0105E5
0105E5
0105E5
0105E5
0105E5
0105E5
010A40
011303
011CEC
01281D
0134B9
0142E7
015A26
017511
01922A
01B1A5
01D3BA
01F8A7
0220B3
024C2C
027B6C
02AED8
02E6E1
03240B
0366EA
03B028
040088
0458E9
04BA4B
0525D0
059CC0
06208C
06B2CD
075545
0809D5
08D27B
09B146
0AA84C
0BB99F
0CE747
0E333C
0F9F6B
112DB7
12E005
14B844
16B87C
18E2D3
1B399D
1DBF62
2076E9
23633D
2687B6
29E801
2D8823
0105E5
0105E5
0105E5
0105E5
0105E5
0105E5
0105E5
0105E5
0105E5
0105E5
0105E5
0105E5
0105E5
0105E5
0105E5
0105E5
010AAF
011381
011D7B
0128BE
01356E
0143B2
015A73
017569
019291
01B21C
01D443
01F947
02216C
024D03
027C65
02AFF9
02E830
03258F
0368AC
03B232
0402E5
045BA7
04BD78
05297D
05A100
062573
06B873
075BC0
08113F
08DAEE
09BADA
0AB31A
0BC5BD
0CF4CB
0E423A
0FAFF5
113FE0
12F3DF
14CDE4
16CFF7
18FC41
1B551A
1DDD0C
2096E1
2385A8
26ACBF
2A0FD4
2DB2F3
0105E5
0105E5
0105E5
0105E5
0105E5
0105E5
0105E5
0105E5
0105E5
0105E5
0105E5
0105E5
0105E5
0105E5
0105E5
0105E5
010B2B
01140E
011E1A
012971
013637
014494
015AC8
0175CC
019303
01B2A1
01D4DD
01F9F9
02223B
024DF3
027D7B
02B13B
02E9A6
032741
036AA3
03B479
04058A
045EB7
04C105
052D98
05A5BE
062AED
06BEC0
0762FC
081986
08E45A
09C589
0ABF26
0BD33F
0D03DA
0E52ED
0FC260
115418
1309F9
14E5F6
16EA19
19188E
1B73AF
1DFE0B
20BA70
23ABF2
26D5F0
2A3C20
2DE292
0105E5
0105E5
0105E5
0105E5
0105E5
0105E5
0105E5
0105E5
0105E5
0105E5
0105E5
0105E5
0105E5
0105E5
0105E5
0105E5
010BB6
0114AB
011ECB
012A39
013718
014591
015B28
01763B
019383
01B335
01D589
01FAC0
022322
024EFE
027EB2
02B2A3
02EB48
032925
036CD5
03B705
04087D
046223
04C4FB
05322E
05AB0B
06310A
06C5CA
076B10
0822C2
08EEDE
09D174
0ACC94
0BE24E
0D14A2
0E6586
0FD6E3
116A9A
132292
1500BE
17072B
193809
1B95B3
1E22BE
20E1FC
23D684
2703BD
2A6D61
2E1783
0105E5
0105E5
0105E5
0105E5
0105E5
0105E5
0105E5
0105E5
0105E5
0105E5
0105E5
0105E5
0105E5
0105E5
0105E5
0105E5
010C50
011559
011F90
012B17
013812
0146AA
015B92
0176B6
019412
01B3DB
01D649
01FB9F
022423
025029
02800C
02B435
02ED1A
032B42
036F48
03B9DC
040BC9
0465F5
04C968
05374D
05B0F6
0637DD
06CDA5
077413
082D0F
08FA99
09DEBD
0ADB8D
0BF314
0D2754
0E7A3D
0FEDB8
1183A7
133DF0
151E89
172781
195B0A
1BBB85
1E4B8B
210DF2
2405D7
2736A5
2AA41E
2E525A
0105E5
0105E5
0105E5
0105E5
0105E5
0105E5
0105E5
0105E5
0105E5
0105E5
0105E5
0105E5
0105E5
0105E5
0105E5
0105E5
010CFC
01161C
01206C
012C0F
013929
0147E3
015C09
017740
0194B2
01B494
01D720
01FC97
022544
025177
028190
02B5F6
02EF23
032D9E
037205
03BD09
040F78
046A39
04CE59
053D05
05B792
063F7C
06D669
077E22
08388E
0907AE
09ED8E
0AEC3D
0C05C5
0D3C25
0E914C
100721
119F85
135C61
153FAA
174B73
1981F2
1BE58E
1E78E2
213ECA
243A6A
276F34
2AE0ED
2E93B7
0105E5
0105E5
0105E5
0105E5
0105E5
0105E5
0105E5
0105E5
0105E5
0105E5
0105E5
0105E5
0105E5
0105E5
0105E5
0105E5
010DBC
0116F5
012161
012D23
013A60
014940
015C8E
0177DA
019564
01B562
01D80F
01FDAD
022685
0252EC
028340
02B7EC
02F169
033042
037514
03C095
041395
046EFE
04D3DE
054368
05BEF3
0647FF
06E034
07895C
084562
091645
09FE12
0AFED5
0C1A97
0D5353
0EAAF6
102366
11BE84
137E39
15647D
177366
19AD2E
1C1440
1EAB3E
21750A
2474CE
27AE02
2B2473
2EDC4A
0105E5
0105E5
0105E5
0105E5
0105E5
0105E5
0105E5
0105E5
0105E5
0105E5
0105E5
0105E5
0105E5
0105E5
0105E5
010654
010E92
0117E6
012272
012E56
013BB9
014AC4
015D22
017885
01962B
01B649
01D91A
01FEE3
0227ED
02548D
028524
02BA1D
02F3F3
033334
03787F
03C48C
04182D
047451
04DA09
054A8A
05C731
06517F
06EB21
0795E3
0853B1
09268A
0A107A
0B138D
0C31C7
0D6D20
0EC784
1042D7
11E0FA
13A3D6
158D67
179FC6
19DD32
1C481B
1EE329
21B145
24B59F
27F3B9
2B6F65
2F2CD7
0105E5
0105E5
0105E5
0105E5
0105E5
0105E5
0105E5
0105E5
0105E5
0105E5
0105E5
0105E5
0105E5
0105E5
0105E5
010726
010F7F
0118F3
0123A1
012FAC
013D3A
014C74
015DC8
017945
01970A
01B74B
01DA45
02003D
02297E
02565F
028740
02BC8F
02F6CA
03367F
037C51
03C8FA
041D4F
047A44
04E0ED
055282
05D065
065C1B
06F754
07A3DE
0863A7
0938AE
0A24FE
0B2AA1
0C4B97
0D89D6
0EE747
1065CC
120746
13CDA0
15BAD9
17D10C
1A1280
1C81A9
1F2136
21F419
24FD89
28410F
2BC289
2F8630
0105E5
0105E5
0105E5
0105E5
0105E5
0105E5
0105E5
0105E5
0105E5
0105E5
0105E5
0105E5
0105E5
0105E5
0105E5
01080F
011088
011A1F
0124F3
013129
013EE6
014E54
015FA0
017A1C
019802
01B86B
01DB93
0201C0
022B3F
025867
02899B
02BF4B
02F9F6
033A2C
038095
03CDED
04230C
0480EA
04E89F
055B69
05DAAD
0667F4
0704F1
07B377
087574
094CE8
0A3BDA
0B4454
0C6851
0DA9C6
0F0A97
108CA5
1231D2
13FC09
15ED4C
1807BC
1A4DA5
1CC182
1F660A
223E37
254D48
2896D1
2C1EB7
2FE93F
0105E5
0105E5
0105E5
0105E5
0105E5
0105E5
0105E5
0105E5
0105E5
0105E5
0105E5
0105E5
0105E5
0105E5
0105E5
010914
0111AF
011B6C
01266C
0132D1
0140C2
01506A
0161F6
017B0B
019917
01B9AC
01DD08
020370
022D34
025AAD
028C3D
02C259
02FD81
033E49
03855A
03D374
042975
048858
04F139
05655B
05E628
06752E
071424
07C4DF
08894E
096372
0A5551
0B60F0
0C8848
0DCD49
0F31D6
10B7CD
126110
142F8B
162546
184466
1A8F3D
1D084E
1FB258
22905F
25A5AB
28F5DA
2C84DC
305703
0105E5
0105E5
0105E5
0105E5
0105E5
0105E5
0105E5
0105E5
0105E5
0105E5
0105E5
0105E5
0105E5
0105E5
0105E5
010A35
0112F7
011CDF
01280E
0134A8
0142D3
0152BC
01648F
017C17
019A4E
01BB14
01DEA9
020553
022F65
025D36
028F2F
02C5C3
030177
0342E1
038AAE
03D9A3
0430A0
0490A5
04FAD5
057077
05F2FB
0683F3
07251B
07D84A
089F71
097C91
0A71AD
0B80C8
0CABD6
0DF4C4
0F5D71
10E7B9
12957E
1468B1
16635C
1887A9
1AD7F2
1D56C3
2006E5
22EB63
260794
295F1D
2CF5FD
30D091
0105E5
0105E5
0105E5
0105E5
0105E5
0105E5
0105E5
0105E5
0105E5
0105E5
0105E5
0105E5
0105E5
0105E5
0105E5
010B78
011464
011E7C
0129DF
0136B3
014520
015550
016772
017D42
019BA8
01BCA5
01E07A
02076F
0231D7
02600C
029279
02C994
0305E4
034804
0390A3
03E08B
0438A2
0499EC
050592
057CE1
06014D
069471
073809
07EDF2
08B81E
09988D
0A9140
0BA436
0CD35F
0E20A2
0F8DDC
111CE9
12CFAA
14A811
16A82E
18D233
1B2881
1DADAC
206488
23502C
2673FA
29D3A4
2D7336
31571B
0105E5
0105E5
0105E5
0105E5
0105E5
0105E5
0105E5
0105E5
0105E5
0105E5
0105E5
0105E5
0105E5
0105E5
0105E5
010CDF
0115FA
012046
012BE4
0138F9
0147AD
01582C
016AA6
017F4E
019D2B
01BE66
01E283
0209CB
023492
026338
029627
02CDD8
030AD7
034DC2
03974C
03E844
044195
04A44A
051191
058ABF
06114C
06A6D9
074D29
08061A
08D3A0
09B7B9
0AB465
0BCB9D
0CFF4F
0E515B
0FC39B
1157EA
13102A
14EE50
16F470
1924C5
1B81B6
1E0DE4
20CC2F
23BFB7
26EBEE
2A5493
2DFDC1
31EBF0
0105E5
0105E5
0105E5
0105E5
0105E5
0105E5
0105E5
0105E5
0105E5
0105E5
0105E5
0105E5
0105E5
0105E5
010634
010E6E
0117BE
012244
012E23
013B7F
014A83
015B59
016E33
018346
019EDC
01C05C
01E4C8
020C6D
0237A1
0266C4
029A44
02D29E
031060
03542D
039EBE
03F0E7
044B97
04AFE1
051EFA
059A3D
06232A
06BB67
0764BB
08210A
08F246
09DA6F
0ADB80
0BF76D
0D301F
0E8772
0FFF3D
119959
1357A8
153C23
1748E5
19802F
1BE475
1E7860
213EDD
243B1D
27709C
2AE32B
2E96F4
329082
0105E5
0105E5
0105E5
0105E5
0105E5
0105E5
0105E5
0105E5
0105E5
0105E5
0105E5
0105E5
0105E5
0105E5
0107BB
011029
0119B3
01247A
0130A0
013E4D
014DA8
015EDF
017224
0187AD
01A0C0
01C28D
01E753
020F5F
023B0B
026ABA
029EDD
02D7F3
031690
035B5B
03A712
03FA8E
0456C7
04BCD6
052DF7
05AB8C
06371D
06D258
077F07
083F12
09146C
0A0112
0B06FE
0C281D
0D6654
0EC379
104160
11E1DF
13A6DC
159253
17A666
19E55D
1C51B7
1EEE2D
21BDB6
24C392
280350
2B80D0
2F404E
334667
0105E5
0105E5
0105E5
0105E5
0105E5
0105E5
0105E5
0105E5
0105E5
0105E5
0105E5
0105E5
0105E5
0105E5
01096F
011216
011BE1
0126EF
013365
014168
015125
0162C7
017683
018C8E
01A526
01C4FF
01EA2A
0212AB
023EDD
026F29
02A401
02DDEA
031D7C
036363
03B062
04055A
04634A
04CB52
053EB7
05BEE3
064D66
06EBF3
079C5D
08608B
093A74
0A2C11
0B3759
0C5E34
0DA27F
0F060E
108AAF
12323A
13FE93
15F1BE
180DE1
1A5550
1CCA95
1F7076
2249FA
255A72
28A57D
2C2F0F
2FFB78
340F68
0105E5
0105E5
0105E5
0105E5
0105E5
0105E5
0105E5
0105E5
0105E5
0105E5
0105E5
0105E5
0105E5
0105E5
010B52
011439
011E4B
0129A9
013676
0144DB
015502
01671B
017B59
0191F5
01AB2C
01C7BC
01ED56
02165A
024323
02741E
02A9C1
02E497
03253A
036C5E
03BACC
04116D
047147
04DB83
05516F
05D47D
066647
070887
07BD13
0885D7
0964CB
0A5BE5
0B6D16
0C9A43
0DE542
0F4FE1
10DBEC
128B3A
145FB2
165B5B
188063
1AD12B
1D5048
20008E
22E515
260142
2958C5
2CEFA8
30CA50
34ED85
0105E5
0105E5
0105E5
0105E5
0105E5
0105E5
0105E5
0105E5
0105E5
0105E5
0105E5
0105E5
0105E5
0105E5
010D6B
011699
0120FA
012CAE
0139DD
0148AD
01594A
016BE6
0180B4
0197EE
01B1D5
01CEAF
01F0E4
021A78
0247EB
0279A9
02B030
02EC0E
032DE3
03766A
03C673
041EEF
0480EC
04ED9E
05665B
05ECA0
06820F
072869
07E18C
08AF64
0993EA
0A9113
0BA8C9
0CDCEC
0E2F4C
0FA1B3
1135EB
12EDC7
14CB34
16D03D
18FF1A
1B5A35
1DE431
209FF3
2390A6
26B9BF
2A1F08
2DC49E
31AEFF
35E30C
0105E5
0105E5
0105E5
0105E5
0105E5
0105E5
0105E5
0105E5
0105E5
0105E5
0105E5
0105E5
0105E5
01075E
010FBF
01193B
0123F3
013008
013DA1
014CE7
015E08
017133
0186A0
019E8A
01B932
01D6E1
01F7EA
021F14
024D44
027FDE
02B763
02F468
033794
0381A8
03D37C
042E0A
04926B
0501DB
057DBD
060796
06A112
074BFB
080A32
08DDA9
09C857
0ACC2D
0BEB13
0D26E1
0E8162
0FFC5C
119996
135AE5
154237
1751A0
198B5D
1BF1E6
1E87ED
215066
244E90
2785F6
2AFA77
2EB04C
32AC0C
36F2B4
0105E5
0105E5
0105E5
0105E5
0105E5
0105E5
0105E5
0105E5
0105E5
0105E5
0105E5
0105E5
0105E5
0109A6
011254
011C27
01273E
0133BE
0141CD
015196
016346
017710
018D2C
01A5D7
01C154
01DFEF
0201FC
0227D9
02533F
0286CF
02BF71
02FDC1
03426D
038E3C
03E212
043EF1
04A5FD
05187D
0597DE
0625B3
06C3AF
0773A5
08377D
091129
0A02A2
0B0DD5
0C34A5
0D78E5
0EDC5B
1060CA
1207F7
13D3B9
15C602
17E0EB
1A26BC
1C99F7
1F3D5E
2213F8
252116
28685A
2BEDBD
2FB593
33C48F
381FCD
0105E5
0105E5
0105E5
0105E5
0105E5
0105E5
0105E5
0105E5
0105E5
0105E5
0105E5
0105E5
0105E5
010C2D
011532
011F64
012AE5
0137DA
01466A
0156C2
016911
017D8A
019466
01ADE5
01CA4D
01E9EB
020D17
023433
025FAD
029004
02C876
030838
034E90
039C50
03F264
0451D9
04BBDF
0531C9
05B510
064753
06EA4E
079FDE
0869EE
094A76
0A436C
0B56BB
0C8643
0DD3D0
0F4128
10D009
128239
145992
16580B
187FC3
1AD30D
1D5478
2006D3
22ED36
260B09
296404
2CFC3B
30D81D
34FC7F
396E9F
0105E5
0105E5
0105E5
0105E5
0105E5
0105E5
0105E5
0105E5
0105E5
0105E5
0105E5
0105E5
0106B1
010EFC
01185E
0122F9
012EEF
013C65
014B84
015C7A
016F77
0184B0
019C60
01B6C9
01D432
01F4EE
021956
0241D0
026ED0
02A0D8
02D87D
031667
035C27
03AC12
0404A8
046701
04D459
054E11
05D5AF
066CDC
071563
07D125
08A216
098A2F
0A8B65
0BA7A3
0CE0C4
0E3894
0FB0D5
114B46
1309B0
14EDF2
16FA09
19301E
1B928E
1E23F3
20E72D
23DF64
271014
2A7D0D
2E2A7C
321CF0
36595D
3AE526
0105E5
0105E5
0105E5
0105E5
0105E5
0105E5
0105E5
0105E5
0105E5
0105E5
0105E5
0105E5
010970
011217
011BE2
0126F0
013366
01416A
015127
0162CA
017686
018C91
01A52A
01C094
01DF19
02010F
0226D2
0250CE
027F7B
02B362
02ED1D
032D5D
0374EB
03C4AC
041DA2
0480F3
04EFE5
056DAD
05FA1E
0696C1
07456C
080809
08E091
09D101
0ADB4E
0C0163
0D4519
0EA83C
102C8F
11D3D8
139FE5
15929D
17AE08
19F45B
1C6800
1F0BA1
21E22C
24EEDD
283541
2BB93F
2F7F1E
338B88
37E392
3C8CC2
0105E5
0105E5
0105E5
0105E5
0105E5
0105E5
0105E5
0105E5
0105E5
0105E5
0105E5
0105E5
010C7A
011588
011FC6
012B53
013856
0146F6
01575F
0169C0
017E4D
019541
01AED9
01CB5C
01EB19
020E68
0235A9
02614E
0291D4
02C7CA
0303D2
0346A7
03911B
03E41D
0440BD
04A82D
051BC4
059CFD
062D7A
06CEFC
078362
084C9E
092CAE
0A258E
0B3935
0C698B
0DB86A
0F27A1
10B8F7
126E38
144940
164C02
187896
1AD145
1D588B
201128
22FE20
2622C7
2982C4
2D2219
31052A
3530C0
39AA13
3E76CC
0105E5
0105E5
0105E5
0105E5
0105E5
0105E5
0105E5
0105E5
0105E5
0105E5
0105E5
0105E5
0105E5
0105E5
0105E5
0105E5
010670
010EB1
01180A
01229A
012E84
013EFF
01578D
01720E
018EAD
01AD9A
01CF0B
01F339
021A68
0244E1
0272F8
02A50A
02DB82
0316DB
03579E
039E6A
03EBF6
044111
049EAA
0505D4
0577C3
05F5D8
06819B
071CBE
07C91A
0888A8
095D77
0A49A4
0B4F4D
0C7088
0DAF59
0F0DB8
108D8D
1230BB
13F928
15E8CC
1801BA
1A462E
1CB893
1F5B90
223210
253F47
2886BC
2C0C4E
0105E5
0105E5
0105E5
0105E5
0105E5
0105E5
0105E5
0105E5
0105E5
0105E5
0105E5
0105E5
0105E5
0105E5
0105E5
0105E5
01066E
010EAF
011808
012298
012E81
013EFE
01578C
01720D
018EAC
01AD99
01CF09
01F337
021A65
0244DE
0272F4
02A506
02DB7E
0316D6
035798
039E63
03EBEE
044107
049E9F
0505C7
0577B4
05F5C7
068187
071CA7
07C900
08888A
095D55
0A497E
0B4F22
0C7057
0DAF24
0F0D7D
108D4C
123073
13F8DA
15E877
18015F
1A45CB
1CB828
1F5B1C
223193
253EC1
28862C
2C0BB3
0105E5
0105E5
0105E5
0105E5
0105E5
0105E5
0105E5
0105E5
0105E5
0105E5
0105E5
0105E5
0105E5
0105E5
0105E5
0105E5
01066C
010EAD
011806
012295
012E7E
013EFD
01578B
01720B
018EAA
01AD97
01CF07
01F335
021A63
0244DB
0272F0
02A501
02DB79
0316D0
035791
039E5B
03EBE4
0440FD
049E93
0505B8
0577A4
05F5B4
068171
071C8E
07C8E3
088869
095D2F
0A4953
0B4EF2
0C7022
0DAEE8
0F0D3B
108D03
123024
13F883
15E819
1800F8
1A455C
1CB7B0
1F5A9B
223108
253E2B
28858B
2C0B05
0105E5
0105E5
0105E5
0105E5
0105E5
0105E5
0105E5
0105E5
0105E5
0105E5
0105E5
0105E5
0105E5
0105E5
0105E5
0105E5
01066A
010EAB
011803
012293
012E7B
013EFC
015789
01720A
018EA8
01AD95
01CF04
01F332
021A5F
0244D7
0272EC
02A4FC
02DB73
0316C9
035789
039E52
03EBDA
0440F1
049E85
0505A8
057791
05F59E
068158
071C72
07C8C2
088844
095D05
0A4924
0B4EBD
0C6FE6
0DAEA5
0F0CF1
108CB2
122FCB
13F822
15E7AF
180086
1A44E0
1CB72A
1F5A0B
22306D
253D84
2884D7
2C0A44
0105E5
0105E5
0105E5
0105E5
0105E5
0105E5
0105E5
0105E5
0105E5
0105E5
0105E5
0105E5
0105E5
0105E5
0105E5
0105E5
010668
010EA9
011801
01228F
012E78
013EFB
015788
017208
018EA6
01AD92
01CF02
01F32F
021A5C
0244D3
0272E7
02A4F7
02DB6D
0316C2
035781
039E48
03EBCF
0440E3
049E76
050597
05777C
05F586
06813D
071C52
07C89E
08881A
095CD6
0A48EE
0B4E81
0C6FA3
0DAE5B
0F0C9F
108C58
122F67
13F7B5
15E739
180006
1A4456
1CB695
1F596A
222FBF
253CC9
28840E
2C096C
0105E5
0105E5
0105E5
0105E5
0105E5
0105E5
0105E5
0105E5
0105E5
0105E5
0105E5
0105E5
0105E5
0105E5
0105E5
0105E5
010666
010EA6
0117FE
01228C
012E74
013EF9
015786
017206
018EA4
01AD90
01CEFF
01F32B
021A58
0244CE
0272E2
02A4F1
02DB66
0316B9
035777
039E3D
03EBC2
0440D4
049E65
050583
057765
05F56C
06811E
071C2F
07C876
0887EC
095CA2
0A48B3
0B4E3E
0C6F58
0DAE08
0F0C43
108BF2
122EF8
13F73C
15E6B6
17FF77
1A43BB
1CB5EE
1F58B6
222EFD
253BF8
28832D
2C087A
0105E5
0105E5
0105E5
0105E5
0105E5
0105E5
0105E5
0105E5
0105E5
0105E5
0105E5
0105E5
0105E5
0105E5
0105E5
0105E5
010663
010EA3
0117FA
012288
012E6F
013EF8
015784
017204
018EA2
01AD8D
01CEFB
01F328
021A54
0244C9
0272DC
02A4EA
02DB5E
0316B0
03576D
039E31
03EBB3
0440C4
049E51
05056C
05774C
05F54E
0680FC
071C07
07C849
0887B8
095C67
0A4871
0B4DF3
0C6F05
0DADAB
0F0BDC
108B81
122E7D
13F6B5
15E623
17FED8
1A430F
1CB534
1F57ED
222E25
253B10
288233
2C076D
0105E5
0105E5
0105E5
0105E5
0105E5
0105E5
0105E5
0105E5
0105E5
0105E5
0105E5
0105E5
0105E5
0105E5
0105E5
0105E5
010660
010EA0
0117F6
012284
012E6B
013EF6
015782
017202
018E9F
01AD8A
01CEF8
01F323
021A4F
0244C4
0272D6
02A4E2
02DB55
0316A6
035761
039E23
03EBA3
0440B1
049E3C
050554
05772F
05F52D
0680D5
071BDB
07C816
08877F
095C25
0A4827
0B4DA0
0C6EA8
0DAD44
0F0B6A
108B03
122DF3
13F61F
15E57F
17FE26
1A424F
1CB464
1F570D
222D34
253A0C
28811B
2C0640
0105E5
0105E5
0105E5
0105E5
0105E5
0105E5
0105E5
0105E5
0105E5
0105E5
0105E5
0105E5
0105E5
0105E5
0105E5
0105E5
01065D
010E9C
0117F2
01227F
012E65
013EF4
015780
0171FF
018E9C
01AD86
01CEF4
01F31F
021A49
0244BD
0272CE
02A4DA
02DB4B
03169B
035753
039E14
03EB92
04409D
049E24
050538
05770F
05F508
0680AB
071BAA
07C7DE
08873F
095BDC
0A47D4
0B4D43
0C6E40
0DACD0
0F0AEA
108A77
122D58
13F576
15E4C8
17FD60
1A4178
1CB37C
1F5613
222C26
2538E9
287FE3
2C04F1
0105E5
0105E5
0105E5
0105E5
0105E5
0105E5
0105E5
0105E5
0105E5
0105E5
0105E5
0105E5
0105E5
0105E5
0105E5
0105E5
010659
010E98
0117ED
01227A
012E5F
013EF2
01577E
0171FC
018E99
01AD83
01CEEF
01F319
021A43
0244B6
0272C6
02A4D0
02DB40
03168E
035745
039E03
03EB7E
044086
049E09
050519
0576EB
05F4DE
06807B
071B73
07C79F
0886F7
095B8B
0A4778
0B4CDB
0C6DCC
0DAC4F
0F0A5B
1089DA
122CAC
13F4BB
15E3FC
17FC82
1A4088
1CB279
1F54FC
222AF9
2537A6
287E87
2C037A
0105E5
0105E5
0105E5
0105E5
0105E5
0105E5
0105E5
0105E5
0105E5
0105E5
0105E5
0105E5
0105E5
0105E5
0105E5
0105E5
010655
010E93
0117E8
012274
012E58
013EEF
01577B
0171F9
018E95
01AD7E
01CEEA
01F314
021A3C
0244AE
0272BD
02A4C6
02DB34
031680
035734
039DF0
03EB67
04406C
049DEB
0504F6
0576C3
05F4B0
068046
071B36
07C759
0886A7
095B30
0A4711
0B4C68
0C6D4A
0DABBF
0F09BC
10892A
122BEC
13F3E9
15E317
17FB8B
1A3F7C
1CB158
1F53C4
2229A9
25363C
287D01
2C01D7
0105E5
0105E5
0105E5
0105E5
0105E5
0105E5
0105E5
0105E5
0105E5
0105E5
0105E5
0105E5
0105E5
0105E5
0105E5
0105E5
010650
010E8E
0117E2
01226D
012E51
013EED
015778
0171F5
018E91
01AD79
01CEE4
01F30D
021A35
0244A6
0272B3
02A4BA
02DB26
031670
035722
039DDA
03EB4F
04404F
049DCA
0504D0
057696
05F47C
06800A
071AF2
07C70A
08864D
095ACA
0A469E
0B4BE6
0C6CB9
0DAB1E
0F090A
108866
122B16
13F2FF
15E219
17FA76
1A3E51
1CB015
1F5268
222832
2534A8
287B4F
2C0004
0105E5
0105E5
0105E5
0105E5
0105E5
0105E5
0105E5
0105E5
0105E5
0105E5
0105E5
0105E5
0105E5
0105E5
0105E5
0105E5
01064B
010E88
0117DB
012265
012E48
013EEA
015774
0171F1
018E8C
01AD74
01CEDE
01F306
021A2C
02449C
0272A7
02A4AD
02DB17
03165E
03570D
039DC2
03EB33
04402F
049DA5
0504A5
057665
05F443
067FC8
071AA5
07C6B3
0885E9
095A59
0A461D
0B4B56
0C6C18
0DAA6A
0F0843
10878C
122A26
13F1F9
15E0FD
17F942
1A3D04
1CAEAD
1F50E3
22268F
2532E5
28796A
2BFDFB
0105E5
0105E5
0105E5
0105E5
0105E5
0105E5
0105E5
0105E5
0105E5
0105E5
0105E5
0105E5
0105E5
0105E5
0105E5
0105E5
010645
010E81
0117D4
01225D
012E3F
013EE6
015770
0171ED
018E87
01AD6E
01CED7
01F2FE
021A23
024491
02729B
02A49E
02DB06
03164A
0356F6
039DA8
03EB14
04400B
049D7B
050475
05762D
05F403
067F7E
071A50
07C651
08857A
0959DA
0A458E
0B4AB5
0C6B64
0DA9A2
0F0766
108698
12291B
13F0D6
15DFBF
17F7EA
1A3B8F
1CAD1A
1F4F31
2224BC
2530EE
28774D
2BFBB4
0105E5
0105E5
0105E5
0105E5
0105E5
0105E5
0105E5
0105E5
0105E5
0105E5
0105E5
0105E5
0105E5
0105E5
0105E5
0105E5
01063F
010E7A
0117CC
012254
012E34
013EE3
01576C
0171E8
018E81
01AD67
01CECF
01F2F4
021A18
024485
02728D
02A48E
02DAF2
031634
0356DC
039D8A
03EAF2
043FE3
049D4D
05043F
0575EF
05F3BB
067F2B
0719F1
07C5E4
0884FE
09594D
0A44EE
0B4A01
0C6A9A
0DA8C2
0F066E
108587
1227F0
13EF90
15DE5D
17F669
1A39EF
1CAB59
1F4D4C
2222B2
252EBC
2874F0
2BF92A
0105E5
0105E5
0105E5
0105E5
0105E5
0105E5
0105E5
0105E5
0105E5
0105E5
0105E5
0105E5
0105E5
0105E5
0105E5
0105E5
010638
010E72
0117C2
012249
012E29
013EDE
015767
0171E2
018E7A
01AD5F
01CEC6
01F2EA
021A0D
024477
02727D
02A47B
02DADD
03161B
0356C0
039D69
03EACB
043FB7
049D19
050403
0575AA
05F36B
067ECF
071987
07C56B
088473
0958AF
0A443C
0B4938
0C69BA
0DA7C8
0F055A
108457
1226A3
13EE24
15DCD1
17F4BC
1A381F
1CA964
1F4B2F
22206B
252C48
28724D
2BF654
0105E5
0105E5
0105E5
0105E5
0105E5
0105E5
0105E5
0105E5
0105E5
0105E5
0105E5
0105E5
0105E5
0105E5
0105E5
0105E5
010630
010E69
0117B8
01223E
012E1C
013EDA
015762
0171DC
018E73
01AD57
01CEBD
01F2DF
0219FF
024468
02726B
02A467
02DAC5
031600
0356A0
039D44
03EAA0
043F85
049CDF
0503C0
05755C
05F312
067E68
071911
07C4E3
0883D8
0957FE
0A4374
0B4858
0C68BF
0DA6B1
0F0425
108303
12252E
13EC8E
15DB17
17F2DD
1A3618
1CA733
1F48D3
221DE0
25298C
286F5B
2BF32A
0105E5
0105E5
0105E5
0105E5
0105E5
0105E5
0105E5
0105E5
0105E5
0105E5
0105E5
0105E5
0105E5
0105E5
0105E5
0105E5
010627
010E5F
0117AD
012231
012E0D
013ED4
01575C
0171D5
018E6B
01AD4E
01CEB2
01F2D2
0219F1
024457
027257
02A450
02DAAB
0315E1
03567C
039D1A
03EA70
043F4D
049C9F
050375
057506
05F2AE
067DF5
07188C
07C44B
08832B
09573A
0A4296
0B475D
0C67A7
0DA57A
0F02CC
108188
12238F
13EAC8
15D92A
17F0C6
1A33D5
1CA4C2
1F4631
221B09
25267D
286C11
2BEFA1
0105E5
0105E5
0105E5
0105E5
0105E5
0105E5
0105E5
0105E5
0105E5
0105E5
0105E5
0105E5
0105E5
0105E5
0105E5
0105E5
01061D
010E53
0117A0
012222
012DFD
013ECF
015755
0171CD
018E62
01AD43
01CEA6
01F2C4
0219E0
024444
027241
02A436
02DA8D
0315BF
035654
039CEC
03EA3A
043F0F
049C57
050322
0574A5
05F23E
067D75
0717F9
07C3A2
088269
09565E
0A419D
0B4646
0C666E
0DA41E
0F014C
107FE0
1221BF
13E8CE
15D703
17EE71
1A314F
1CA208
1F4340
2217DE
252314
286866
2BEBAE
0105E5
0105E5
0105E5
0105E5
0105E5
0105E5
0105E5
0105E5
0105E5
0105E5
0105E5
0105E5
0105E5
0105E5
0105E5
0105E5
010612
010E47
011791
012212
012DEA
013EC8
01574D
0171C4
018E58
01AD37
01CE98
01F2B4
0219CE
02442F
027229
02A41A
02DA6C
031598
035628
039CB8
03E9FF
043ECA
049C07
0502C5
05743A
05F1C2
067CE5
071754
07C2E5
088192
095569
0A4088
0B450E
0C6511
0DA29A
0EFF9E
107E08
121FB9
13E698
15D49C
17EBD6
1A2E7D
1C9EFC
1F3FF6
221453
251F44
28644C
2BE745
0105E5
0105E5
0105E5
0105E5
0105E5
0105E5
0105E5
0105E5
0105E5
0105E5
0105E5
0105E5
0105E5
0105E5
0105E5
0105E5
010605
010E38
011781
012200
012DD6
013EC1
015745
0171BA
018E4C
01AD2A
01CE89
01F2A3
0219BA
024417
02720D
02A3FA
02DA47
03156E
0355F6
039C7F
03E9BC
043E7C
049BAD
05025D
0573C2
05F137
067C45
07169C
07C212
0880A1
095457
0A3F52
0B43B2
0C638C
0DA0E8
0EFDBF
107BF8
121D76
13E421
15D1ED
17E8ED
1A2B57
1C9B95
1F3C4B
22105F
251B03
285FB8
2BE259
0105E5
0105E5
0105E5
0105E5
0105E5
0105E5
0105E5
0105E5
0105E5
0105E5
0105E5
0105E5
0105E5
0105E5
0105E5
0105E5
0105F7
010E29
011770
0121EC
012DBF
013EB9
01573B
0171AF
018E40
01AD1B
01CE78
01F28F
0219A3
0243FC
0271EF
02A3D7
02DA1E
03153E
0355BF
039C3F
03E971
043E26
049B49
0501E9
05733C
05F09D
067B93
0715CF
07C127
087F94
095326
0A3DF9
0B422D
0C61D9
0D9F04
0EFBA7
1079AA
121AF0
13E160
15CEEE
17E5AD
1A27D3
1C97C9
1F3832
220BF5
251642
285A9B
2BDCD9
0105E5
0105E5
0105E5
0105E5
0105E5
0105E5
0105E5
0105E5
0105E5
0105E5
0105E5
0105E5
0105E5
0105E5
0105E5
0105E5
0105E8
010E17
01175C
0121D5
012DA6
013EAF
015731
0171A3
018E31
01AD0B
01CE65
01F279
021989
0243DF
0271CC
02A3AF
02D9F0
031508
035581
039BF7
03E91E
043DC5
049AD9
050168
0572A6
05EFF0
067ACB
0714E9
07C020
087E68
0951D0
0A3C77
0B407B
0C5FF3
0D9CE8
0EF951
107718
12181F
13DE4C
15CB96
17E20C
1A23E5
1C938B
1F339F
220707
2510F3
2854E5
2BD6B5
0105E5
0105E5
0105E5
0105E5
0105E5
0105E5
0105E5
0105E5
0105E5
0105E5
0105E5
0105E5
0105E5
0105E5
0105E5
0105E5
0105E5
010E03
011745
0121BC
012D8A
013EA5
015725
017196
018E22
01ACF9
01CE50
01F261
02196D
0243BE
0271A6
02A383
02D9BD
0314CD
03553C
039BA7
03E8C1
043D5A
049A5C
0500D8
0571FF
05EF2F
0679ED
0713EA
07BEFB
087D19
095053
0A3AC8
0B3E96
0C5DD4
0D9A8C
0EF6B5
107439
1214F9
13DADD
15C7D9
17DDFE
1A1F82
1C8ECD
1F2E82
220185
250B06
284E84
2BCFD9
0105E5
0105E5
0105E5
0105E5
0105E5
0105E5
0105E5
0105E5
0105E5
0105E5
0105E5
0105E5
0105E5
0105E5
0105E5
0105E5
0105E5
010DED
01172D
0121A0
012D6A
013E9A
015718
017186
018E10
01ACE4
01CE38
01F245
02194D
024399
02717C
02A351
02D984
03148A
0354EF
039B4E
03E85A
043CE2
0499D1
050036
057144
05EE57
0678F5
0712CC
07BDB4
087BA3
094EAA
0A38E7
0B3C78
0C5B77
0D97EB
0EF3CC
107104
121176
13D707
15C3AD
17D977
1A1A9C
1C8983
1F28CD
21FB5E
250466
284764
2BC830
0105E5
0105E5
0105E5
0105E5
0105E5
0105E5
0105E5
0105E5
0105E5
0105E5
0105E5
0105E5
0105E5
0105E5
0105E5
0105E5
0105E5
010DD5
011711
012181
012D47
013E8D
015709
017175
018DFC
01ACCE
01CE1E
01F227
02192A
024370
02714C
02A31A
02D944
031440
035499
039AEA
03E7E6
043C5C
049936
04FF82
057074
05ED67
0677DF
07118D
07BC46
087A02
094CD0
0A36CE
0B3A1C
0C58D2
0D94FA
0EF08B
106D6F
120D89
13D2BE
15BF03
17D468
1A1523
1C8399
1F226C
21F47F
24FD00
283F6F
2BBFA0
0105E5
0105E5
0105E5
0105E5
0105E5
0105E5
0105E5
0105E5
0105E5
0105E5
0105E5
0105E5
0105E5
0105E5
0105E5
0105E5
0105E5
010DB9
0116F2
01215E
012D1F
013E7F
0156F9
017162
018DE7
01ACB4
01CE00
01F205
021902
024342
027117
02A2DD
02D8FC
0313EE
035439
039A7B
03E765
043BC6
049889
04FEBA
056F8C
05EC5A
0676AA
071029
07BAAE
08782F
094ABE
0A3476
0B3779
0C55DF
0D91B2
0EECE9
10696F
120926
13CDF5
15B9CE
17CEC2
1A0F06
1C7CFE
1F1B4C
21ECD2
24F4BD
28368A
2BB610
0105E5
0105E5
0105E5
0105E5
0105E5
0105E5
0105E5
0105E5
0105E5
0105E5
0105E5
0105E5
0105E5
0105E5
0105E5
0105E5
0105E5
010D9B
0116CF
012137
012CF3
013E70
0156E7
01714D
018DCE
01AC98
01CDDF
01F1DE
0218D6
02430F
0270DC
02A298
02D8AD
031391
0353CE
0399FE
03E6D5
043B1F
0497C7
04FDD9
056E89
05EB2F
067550
070E9C
07B8E6
087627
09486E
0A31D8
0B3488
0C5294
0D8E07
0EE8DA
1064F7
120441
13C89C
15B3FD
17C873
1A0831
1C759D
1F1356
21E43E
24EB81
282C9B
2BAB61
0105E5
0105E5
0105E5
0105E5
0105E5
0105E5
0105E5
0105E5
0105E5
0105E5
0105E5
0105E5
0105E5
0105E5
0105E5
0105E5
0105E5
010D79
0116A8
01210B
012CC2
013E5E
0156D2
017136
018DB3
01AC78
01CDBB
01F1B4
0218A5
0242D6
02709A
02A24B
02D854
03132A
035356
039974
03E634
043A65
0496EF
04FCDF
056D67
05E9E0
0673CF
070CE0
07B6EA
0873E2
0945D9
0A2EED
0B313E
0C4EE6
0D89EF
0EE452
105FFA
11FEC8
13C2A3
15AD7E
17C166
1A0090
1C6D5F
1F0A72
21DAA9
24E130
282181
2B9F71
0105E5
0105E5
0105E5
0105E5
0105E5
0105E5
0105E5
0105E5
0105E5
0105E5
0105E5
0105E5
0105E5
0105E5
0105E5
0105E5
0105E5
010D52
01167D
0120DA
012C8B
013E4A
0156BC
01711B
018D94
01AC55
01CD92
01F185
02186E
024297
027050
02A1F6
02D7F0
0312B7
0352D1
0398D9
03E581
043995
0495FE
04FBC8
056C24
05E86B
067220
070AF1
07B4B2
08715A
0942F7
0A2BAA
0B2D92
0C4ACA
0D855C
0EDF42
105A66
11F8AC
13BBF7
15A63B
17B985
19F809
1C6428
1F0081
21CFF3
24D5A8
281519
2B921A
0105E5
0105E5
0105E5
0105E5
0105E5
0105E5
0105E5
0105E5
0105E5
0105E5
0105E5
0105E5
0105E5
0105E5
0105E5
0105E5
0105E5
010D28
01164D
0120A4
012C4E
013E34
0156A2
0170FE
018D72
01AC2E
01CD64
01F150
021831
024250
026FFD
02A196
02D782
031237
03523C
03982C
03E4B9
0438AC
0494F1
04FA90
056ABC
05E6CB
067040
0708C9
07B238
086E85
093FC0
0A2806
0B2979
0C4633
0D8041
0ED99B
10542C
11F1D7
13B482
159E1E
17B0B7
19EE81
1C59DC
1EF566
21C3FB
24C8C5
28073C
2B8330
0105E5
0105E5
0105E5
0105E5
0105E5
0105E5
0105E5
0105E5
0105E5
0105E5
0105E5
0105E5
0105E5
0105E5
0105E5
0105E5
0105E5
010CF8
011617
012067
012C09
013E1C
015686
0170DD
018D4C
01AC02
01CD31
01F115
0217EC
024200
026FA1
02A12B
02D706
0311A7
035196
03976B
03E3D9
0437A9
0493C4
04F935
056929
05E4FA
066E28
070660
07AF75
086B5D
093C28
0A23F5
0B24E5
0C4113
0D7A8C
0ED349
104D36
11EA36
13AC2D
15950C
17A6E0
19E3DA
1C4E5A
1EE8FB
21B69A
24BA5D
27F7BC
2B7284
0105E5
0105E5
0105E5
0105E5
0105E5
0105E5
0105E5
0105E5
0105E5
0105E5
0105E5
0105E5
0105E5
0105E5
0105E5
0105E5
0105E5
010CC3
0115DB
012023
012BBC
013E01
015666
0170B9
018D22
01ABD1
01CCF8
01F0D3
0217A0
0241A8
026F3B
02A0B4
02D67C
031107
0350DC
039694
03E2DF
043688
049275
04F7B0
056768
05E2F3
066BD1
0703AF
07AC5F
0867D6
093825
0A1F6A
0B1FC8
0C3B5A
0D742C
0ECC3A
10456F
11E1AF
13A2DC
158AE9
179BE1
19D7F2
1C417C
1EDB19
21A7A4
24AA42
27E667
2B5FE1
0105E5
0105E5
0105E5
0105E5
0105E5
0105E5
0105E5
0105E5
0105E5
0105E5
0105E5
0105E5
0105E5
0105E5
0105E5
0105E5
0105E5
010C88
011598
011FD7
012B67
013DE2
015643
017090
018CF3
01AB9A
01CCB9
01F089
02174B
024145
026EC8
02A030
02D5E2
031055
03500D
0395A4
03E1C9
043545
0490FF
04F5FF
056572
05E0AF
066935
0700AE
07A8ED
0863E7
0933AB
0A1A58
0B1A12
0C34F4
0D6D0D
0EC457
103CBF
11D827
139873
157F95
178F95
19CAA2
1C3319
1ECB94
2196EA
24983F
27D306
2B4B09
0105E5
0105E5
0105E5
0105E5
0105E5
0105E5
0105E5
0105E5
0105E5
0105E5
0105E5
0105E5
0105E5
0105E5
0105E5
0105E5
0105E5
010C45
01154D
011F82
012B07
013DC0
01561C
017062
018CBE
01AB5D
01CC72
01F037
0216EC
0240D7
026E48
029F9C
02D536
030F8E
034F26
039498
03E092
0433DD
048F5D
04F41B
056343
05DE29
06664B
06FD54
07A515
085F81
092EAA
0A14AE
0B13B0
0C2DCF
0D6517
0EBB86
103308
11CD7F
138CD0
1572E9
1781D5
19BBBE
1C2303
1EBA38
218435
24841A
27BD58
2B33B9
0105E5
0105E5
0105E5
0105E5
0105E5
0105E5
0105E5
0105E5
0105E5
0105E5
0105E5
0105E5
0105E5
0105E5
0105E5
0105E5
0105E5
010BFB
0114F9
011F24
012A9D
013D9A
0155F0
01702F
018C83
01AB18
01CC23
01EFDB
021681
02405C
026DBA
029EF6
02D477
030EAF
034E24
03936D
03DF37
04324B
048D8B
04F200
0560D2
05DB57
06630B
06F996
07A0C9
085A99
092914
0A0E5A
0B0C90
0C25D3
0D5C32
0EB1AC
10282C
11C195
137FCC
1564BE
177273
19AB17
1C1104
1EA6CC
216F47
246D90
27A518
2B19A3
0105E5
0105E5
0105E5
0105E5
0105E5
0105E5
0105E5
0105E5
0105E5
0105E5
0105E5
0105E5
0105E5
0105E5
0105E5
0105E5
0105E5
010BA9
01149B
011EBA
012A25
013D70
0155BF
016FF7
018C41
01AACC
01CBCB
01EF75
02160B
023FD2
026D1B
029E3E
02D3A1
030DB7
034D04
03921F
03DDB5
04308A
048B83
04EFA5
055E19
05D831
065F6A
06F569
079BFE
08551E
0922D7
0A0749
0B049A
0C1CE7
0D5242
0EA6A8
101C07
11B443
13713E
1554E5
17613F
199875
1BFCE1
1E9112
2157DB
245458
2789F4
2AFC73
0105E5
0105E5
0105E5
0105E5
0105E5
0105E5
0105E5
0105E5
0105E5
0105E5
0105E5
0105E5
0105E5
0105E5
0105E5
0105E5
0105E5
010B4C
011433
011E44
0129A0
013D41
015588
016FB7
018BF8
01AA77
01CB68
01EF03
021587
023F39
026C69
029D70
02D2B2
030CA2
034BC3
0390AB
03DC05
042E95
04893F
04ED05
055B10
05D4AF
065B5D
06F0BF
0796A5
084F00
091BE0
09FF65
0AFBB4
0C12EE
0D4725
0E9A57
100E73
11A55C
1360F5
154329
174DFE
19839B
1BE657
1E78BF
213DA3
24381C
276B93
2ADBC5
0105E5
0105E5
0105E5
0105E5
0105E5
0105E5
0105E5
0105E5
0105E5
0105E5
0105E5
0105E5
0105E5
0105E5
0105E5
0105E5
0105E5
010AE5
0113BE
011DBF
01290B
013D0C
01554B
016F71
018BA6
01AA18
01CAFA
01EE84
0214F3
023E8E
026BA3
029C8A
02D1A7
030B6D
034A5D
038F0B
03DA23
042C67
0486B8
04EA17
0557AC
05D0C3
0656D7
06EB8B
0790AB
08482B
091418
09F693
0AF1C3
0C07C9
0D3AB9
0E8C92
0FFF43
1194B0
134EBC
152F50
173871
196C44
1BCD1B
1E5D83
212048
24187F
27498D
2AB72D
0105E5
0105E5
0105E5
0105E5
0105E5
0105E5
0105E5
0105E5
0105E5
0105E5
0105E5
0105E5
0105E5
0105E5
0105E5
0105E5
0105E5
010A71
01133B
011D2C
012864
013CD1
015507
016F22
018B4A
01A9AE
01CA80
01EDF6
02144E
023DCF
026AC5
029B89
02D07E
030A14
0348CD
038D3C
03D809
0429F7
0483E5
04E6D3
0553E3
05CC64
0651CB
06E5BB
078A00
08408A
090B67
09ECB9
0AE6A7
0BFB54
0D2CD4
0E7D2A
0FEE45
118208
133A56
151918
172050
195220
1BB0D9
1E3F02
20FF66
23F515
27236F
2A8E2D
0105E5
0105E5
0105E5
0105E5
0105E5
0105E5
0105E5
0105E5
0105E5
0105E5
0105E5
0105E5
0105E5
0105E5
0105E5
0105E5
0105E5
0109F0
0112A9
011C87
0127AA
013C90
0154BB
016ECA
018AE4
01A938
01C9F7
01ED57
021397
023CFA
0269CF
029A6B
02CF32
030894
03470F
038B37
03D5B1
042740
0480BF
04E32D
054FAB
05C783
064C29
06DF3F
07828D
083805
0901B2
09E1B7
0ADA3C
0BED66
0D1D4B
0E6BEE
0FDB40
116D25
13237F
150035
170548
1934D6
1B912E
1E1CD4
20DA8C
23CD64
26F8B7
2A6038
0105E5
0105E5
0105E5
0105E5
0105E5
0105E5
0105E5
0105E5
0105E5
0105E5
0105E5
0105E5
0105E5
0105E5
0105E5
0105E5
0105E5
010960
011206
011BCE
0126DA
013C46
015466
016E67
018A72
01A8B4
01C95E
01ECA6
0212CA
023C0C
0268BB
02992C
02CDC0
0306E7
03451E
0388F6
03D314
042438
047D3C
04DF1B
054AF5
05C210
0645E0
06D802
077A3D
082E81
08F6DA
09D56A
0ACC5B
0BDDD2
0D0BE9
0E58A4
0FC5F5
1155C2
1309E9
14E453
16E6FD
191403
1B6DAF
1DF681
20B13A
23A0E1
26C8CF
2A2CB0
0105E5
0105E5
0105E5
0105E5
0105E5
0105E5
0105E5
0105E5
0105E5
0105E5
0105E5
0105E5
0105E5
0105E5
0105E5
0105E5
0105E5
0108BF
01114F
011B00
0125F1
013BF4
015407
016DFA
0189F3
01A821
01C8B3
01EBE1
0211E5
023B03
026788
0297C8
02CC23
030508
0342F3
038672
03D02A
0420D7
047951
04DA91
0545B3
05BBFD
063EDD
06CFED
0770F5
0823E1
08EABC
09C7AA
0ABCD6
0BCC66
0CF876
0E430C
0FAE1D
113B8D
12ED3D
14C512
16C506
18EF33
1B45DE
1DCB83
2082DE
236EF1
26930E
29F2DC
0105E5
0105E5
0105E5
0105E5
0105E5
0105E5
0105E5
0105E5
0105E5
0105E5
0105E5
0105E5
0105E5
0105E5
0105E5
0105E5
0105E5
01080B
011083
011A19
01254E
013B99
01539E
016D7F
018966
01A77D
01C7F5
01EB04
0210E6
0239DC
026631
02963B
02CA57
0302F2
034087
0383A4
03CCE9
041D11
0474F2
04D580
053FD6
05B535
063709
06C6E9
076698
081803
08DD34
09B84D
0AAB7B
0BB8E8
0CE2B0
0E2ADE
0F9366
111E2F
12CD17
14A203
169EEB
18C5E3
1B192E
1D9B41
204ED3
2336E0
2656B3
29B1EC
0105E5
0105E5
0105E5
0105E5
0105E5
0105E5
0105E5
0105E5
0105E5
0105E5
0105E5
0105E5
0105E5
0105E5
0105E5
0105E5
0105E5
010741
010F9E
011916
0124F6
013B33
015328
016CF7
0188C8
01A6C6
01C721
01EA0F
020FC9
023892
0264B3
029480
02C855
03009F
033DD5
038083
03C949
0418DD
047012
04CFDA
05394C
05ADA5
062E4D
06BCD8
075B07
080AC2
08CE14
09A71F
0A9812
0BA317
0CCA4F
0E0FC6
0F7574
10FD3F
12A906
147AAC
167424
189780
1AE6FD
1D650B
20145B
22F7E0
2612E0
2968F3
0105E5
0105E5
0105E5
0105E5
0105E5
0105E5
0105E5
0105E5
0105E5
0105E5
0105E5
0105E5
0105E5
0105E5
0105E5
0105E5
0105E5
01065F
010E9F
0117F5
012494
013AC2
0152A4
016C5E
018817
01A5FA
01C635
01E8FC
020E8B
023722
026309
029291
02C618
02FE06
033AD3
037D06
03C53D
04142C
046AA2
04C98E
053201
05A535
06248E
06B19C
074E1C
07FBF4
08BD2E
0993EB
0A825B
0B8AAC
0CAF01
0DF169
0F53DF
10D84A
128089
144E7C
164414
18635F
1AAE92
1D2819
1FD29B
22B106
25C698
2916DE
0105E5
0105E5
0105E5
0105E5
0105E5
0105E5
0105E5
0105E5
0105E5
0105E5
0105E5
0105E5
0105E5
0105E5
0105E5
0105E5
0105E5
0105E5
010D80
0116B1
012426
013A43
015211
016BB4
018752
01A516
01C52D
01E7CB
020D29
023587
02612D
02906A
02C399
02FB22
033778
037922
03C0BB
040EF1
046492
04C287
0529DE
059BCC
0619AE
06A512
073FB0
07EB6C
08AA4B
097E71
0A6A0E
0B6F54
0C9067
0DCF5D
0F2E30
10AECB
12530C
141CD2
160E0A
1828BB
1A6F17
1CE381
1F8898
226143
2570B4
28BA71
0105E5
0105E5
0105E5
0105E5
0105E5
0105E5
0105E5
0105E5
0105E5
0105E5
0105E5
0105E5
0105E5
0105E5
0105E5
0105E5
0105E5
0105E5
010C40
011547
0123AC
0139B5
01516D
016AF7
018677
01A417
01C406
01E676
020B9E
0233BE
025F1B
028E04
02C0D1
02F7E8
0333BB
0374CC
03BBB3
04091D
045DD0
04BAB2
0520CC
05914C
060D8D
069715
072F97
07D8F4
089530
09666D
0A4EDC
0B50B3
0C6E1A
0DA929
0F03E0
10802B
121FE7
13E4F2
15D136
17E6B4
1A2796
1C9638
1F3530
22075B
250FE1
28523D
0105E5
0105E5
0105E5
0105E5
0105E5
0105E5
0105E5
0105E5
0105E5
0105E5
0105E5
0105E5
0105E5
0105E5
0105E5
0105E5
0105E5
0105E5
010AD9
0113B1
012324
013918
0150B7
016A23
018582
01A2FC
01C2BE
01E4F9
0209E5
0231BF
025CCB
028B56
02BDB7
02F44F
032F8F
036FF7
03B618
04029D
045647
04B1F7
0516AF
058598
060006
068779
071D9F
07C454
087D99
094B90
0A306A
0B2E60
0C479F
0D7E45
0ED453
104BBA
11E656
13A605
158CAA
179C43
19D6F0
1C3F06
1ED710
21A1E1
24A294
27DC97
0105E5
0105E5
0105E5
0105E5
0105E5
0105E5
0105E5
0105E5
0105E5
0105E5
0105E5
0105E5
0105E5
0105E5
0105E5
0105E5
0105E5
0105E5
010947
0111E9
01228B
013868
014FEB
016937
018471
01A1BF
01C14F
01E351
0207FA
022F86
025A38
02885A
02BA42
02F04D
032AEA
036A94
03AFD9
03FB5F
044DE1
04A83B
050B69
05788B
05F0EF
06760E
070990
07AD4A
08633B
092D82
0A0E52
0B07E6
0C1C71
0D4E14
0E9ED9
1010B0
11A579
135F0E
153F51
174836
197BD8
1BDC7F
1E6CAD
212F26
2426FA
275789
0105E5
0105E5
0105E5
0105E5
0105E5
0105E5
0105E5
0105E5
0105E5
0105E5
0105E5
0105E5
0105E5
0105E5
0105E5
0105E5
0105E5
0105E5
010784
010FEB
0121E2
0137A3
014F08
016830
018340
01A05F
01BFB7
01E178
0205D7
022D0C
025759
028507
02B667
02EBD6
0325BC
036493
03A8E4
03F34D
044486
049D63
04FED8
056A00
05E01D
0662A1
06F32D
07938F
0845C1
090BE0
09E820
0ADCBE
0BEBF2
0D17E4
0E62A4
0FCE25
115C4A
130EEB
14E7E6
16E928
1914C4
1B6CF5
1DF431
20AD2F
239AEE
26C0C1
0105E5
0105E5
0105E5
0105E5
0105E5
0105E5
0105E5
0105E5
0105E5
0105E5
0105E5
0105E5
0105E5
0105E5
0105E5
0105E5
0105E5
0105E5
0105E5
010DAE
012125
0136C8
014E0A
01670B
0181EC
019ED6
01BDF0
01DF69
020374
022A49
025426
028152
02B21C
02E6DC
031FF8
035DE3
03A123
03EA50
043A1B
04914F
04F0D9
0559CA
05CD5D
064CF8
06DA32
0776D4
0824CF
08E63E
09BD53
0AAC51
0BB573
0CDAE9
0E1EC8
0F830C
110998
12B445
1484EB
167D73
189FE2
1AEE6A
1D6B71
20199E
22FBE2
261579
0105E5
0105E5
0105E5
0105E5
0105E5
0105E5
0105E5
0105E5
0105E5
0105E5
0105E5
0105E5
0105E5
0105E5
0105E5
0105E5
0105E5
0105E5
0105E5
010C4C
012052
0135D4
014CF0
0165C4
018072
019D1F
01BBF4
01DD1E
0200CC
022735
025096
027D31
02AD53
02E151
03198B
035671
039881
03E04E
042E81
0483DC
04E143
0547BD
05B878
0634D1
06BE54
0756BE
07FFFB
08BC1E
098D5B
0A75F3
0B782A
0C9636
0DD236
0F2E2A
10ABFD
124D86
14149B
16031C
181B06
1A5E7A
1CCFD0
1F719D
2246BD
25525B
0105E5
0105E5
0105E5
0105E5
0105E5
0105E5
0105E5
0105E5
0105E5
0105E5
0105E5
0105E5
0105E5
0105E5
0105E5
0105E5
0105E5
0105E5
0105E5
010B81
011F66
0134C4
014BB5
016457
017ECC
019B37
01B9BF
01DA8F
01FDD6
0223C8
024C9E
027898
02A800
02DB25
031264
034E27
038EE6
03D52B
042197
0474E4
04CFE9
0533A2
05A132
0619E6
069F3F
0732ED
07D6D1
088CF9
095792
0A38E2
0B3331
0C48BD
0D7BAF
0ECE11
1041D2
11D8CE
1394D7
1577C7
17838D
19BA3E
1C1E20
1EB1B2
2177BB
24734E
0105E5
0105E5
0105E5
0105E5
0105E5
0105E5
0105E5
0105E5
0105E5
0105E5
0105E5
0105E5
0105E5
0105E5
0105E5
0105E5
0105E5
0105E5
0105E5
010B56
011E60
013394
014A55
0162C0
017CF5
019916
01B749
01D7B6
01FA8A
021FF6
024832
02737A
02A212
02D447
030A6F
0344EE
038435
03C8C7
041339
04643C
04BC9B
051D44
058749
05FBEB
067C99
070AF5
07A8D3
085835
091B44
09F444
0AE582
0BF145
0D19C1
0E610D
0FC921
1153DC
130310
14D891
16D642
18FE28
1B5275
1DD592
208A2D
23733C
0105E5
0105E5
0105E5
0105E5
0105E5
0105E5
0105E5
0105E5
0105E5
0105E5
0105E5
0105E5
0105E5
0105E5
0105E5
0105E5
0105E5
0105E5
0105E5
010DD2
011D3C
013242
0148CE
0160FB
017AE9
0196B8
01B48B
01D489
01F6DE
021BB6
024346
026DC7
029B79
02CCA2
030195
033AAD
037853
03BB00
040341
0451B9
04A725
050463
056A76
05DA8C
065600
06DE62
077574
081D2A
08D7A4
09A722
0A8DF3
0B8E67
0CAAC0
0DE521
0F3F90
10BBF5
125C23
1421EB
160F24
1825C2
1A67E2
1CD7D4
1F7827
224BB3
0105E5
0105E5
0105E5
0105E5
0105E5
0105E5
0105E5
0105E5
0105E5
0105E5
0105E5
0105E5
0105E5
0105E5
0105E5
0105E5
0105E5
0105E5
0105E5
01108E
011D26
0130C9
01471A
015F03
0178A1
019414
01B17D
01D101
01F2C7
0216FB
023DCC
026770
029422
02C423
02F7BE
032F46
036B1D
03ABB2
03F183
043D28
048F4D
04E8BF
054A6D
05B56E
062B09
06ACB4
073C1C
07DB22
088BD5
09506B
0A2B35
0B1E88
0C2CB4
0D57EE
0EA24C
100DC5
119C33
134F64
152928
172B63
195819
1BB17E
1E3A02
20F457
0105E5
0105E5
0105E5
0105E5
0105E5
0105E5
0105E5
0105E5
0105E5
0105E5
0105E5
0105E5
0105E5
0105E5
0105E5
0105E5
0105E5
0105E5
0107C5
011391
01206E
012F25
014534
015CD1
017617
019124
01AE17
01CD12
01EE3A
0211B7
0237B5
026064
028BFA
02BAB2
02ECCF
03229D
035C73
039AB4
03DDD3
042655
0474D7
04CA11
0526DB
058C34
05FB45
067568
06FC2D
07915A
0836E6
08EEF7
09BBD5
0A9FD9
0B9D5D
0CB6AB
0DEDF0
0F4536
10BE67
125B57
141DD2
1607AC
181AD2
1A595B
1CC590
1F61FA
0105E5
0105E5
0105E5
0105E5
0105E5
0105E5
0105E5
0105E5
0105E5
0105E5
0105E5
0105E5
0105E5
0105E5
0105E5
0105E5
0105E5
0105E5
010ACD
0116E0
012408
013252
014316
015A5F
017343
018DDF
01AA4F
01C8B2
01E92B
020BDD
0230F0
02588F
0282EA
02B035
02E0AC
031490
034C2E
0387DC
03C7FE
040D09
045784
04A811
04FF6E
055E7A
05C640
0637F5
06B503
073F09
07D7DF
08818B
093E43
0A1059
0AFA2D
0BFE1B
0D1E6A
0E5D43
0FBCA9
113E81
12E49D
14B0C9
16A4DE
18C2D3
1B0CC8
1D8518
0105E5
0105E5
0105E5
0105E5
0105E5
0105E5
0105E5
0105E5
0105E5
0105E5
0105E5
0105E5
0105E5
0105E5
0105E5
0105E5
0105E5
0105E5
010E22
011A83
0127FB
01369B
01466E
0157A6
01701D
018A3B
01A61A
01C3D5
01E38B
02055C
02296B
024FDD
0278DB
02A493
02D336
0304FD
033A28
0372FE
03AFD4
03F10A
043712
048274
04D3CF
052BE0
058B8A
05F3D6
0665FE
06E370
076DCF
0806F6
08B0F2
096DFC
0A406A
0B2AA1
0C2F03
0D4FDA
0E8F54
0FEF78
11722E
13194C
14E6A1
16DC08
18FB7C
1B4721
0105E5
0105E5
0105E5
0105E5
0105E5
0105E5
0105E5
0105E5
0105E5
0105E5
0105E5
0105E5
0105E5
0105E5
0105E5
0105E5
0105E5
010624
0111CA
011E7E
012C4F
013B4B
014B7E
015CF7
016FC3
01862F
01A16C
01BE6D
01DD4B
01FE23
022112
024637
026DB4
0297AE
02C44D
02F3BF
032636
035BEA
03951E
03D21D
041341
0458F2
04A3AE
04F40B
054ABC
05A896
060E97
067DEB
06F7F0
077E37
08128B
08B6EB
096D82
0A38A2
0B1AB0
0C1615
0D2D2E
0E623A
0FB758
112E85
12C9A2
148A87
167313
18853A
0105E5
0105E5
0105E5
0105E5
0105E5
0105E5
0105E5
0105E5
0105E5
0105E5
0105E5
0105E5
0105E5
0105E5
0105E5
0105E5
0105E5
0109CF
0115CB
0122DB
01310B
01406A
015106
0162EB
017628
018AC8
01A0D8
01B86C
01D65C
01F620
0217D0
023B85
026159
028967
02B3CF
02E0B0
03102F
034273
0377AB
03B00B
03EBD2
042B48
046EC4
04B6AF
050387
0555E4
05AE7A
060E23
0675DE
06E6DA
076273
07EA3C
087FFC
0925AE
09DD7D
0AA9B9
0B8CCB
0C8924
0DA12D
0ED736
102D74
11A5F6
1342B8
1505A5
0105E5
0105E5
0105E5
0105E5
0105E5
0105E5
0105E5
0105E5
0105E5
0105E5
0105E5
0105E5
0105E5
0105E5
0105E5
0105E5
0105E5
010DD3
011A2D
01279E
013636
014601
01570D
016967
017D1D
01923B
01A8CD
01C0DE
01DA7B
01F5AD
02127F
0230F8
0253AE
0279A0
02A198
02CBA9
02F7E8
03266A
035749
038AA0
03C091
03F942
0434DF
0473A2
04B5CD
04FBB2
0545B4
05944C
05E808
064192
06A1B4
070958
077990
07F398
0878DC
090AF7
09ABB9
0A5D26
0B2170
0BFAF1
0CEC21
0DF785
0F1FA0
1066E6
0105E5
0105E5
0105E5
0105E5
0105E5
0105E5
0105E5
0105E5
0105E5
0105E5
0105E5
0105E5
0105E5
0105E5
0105E5
0105E5
010689
011238
011EF6
012CD1
013BD8
014C16
015D9B
017073
0184AB
019A50
01B16D
01CA0E
01E43E
020007
021D73
023C8A
025D54
027FD7
02A418
02CA1D
02F1E8
031B7C
0346DA
037403
03A2F8
03D3BB
04064E
043AB4
0470F5
04A919
04E330
051F4B
055D84
059DFA
05E0D3
06263B
066E68
06B996
070808
075A0B
07AFF3
080A1C
0868EA
08CCCB
093634
09A5A7
0A1BAB
0A98D7
012342
012342
012342
012342
012342
012342
012342
012342
012342
012342
012342
012342
012342
012342
012342
012342
0123FE
012D67
013812
014422
0151BF
01644A
017FD6
019D99
01BDC6
01E095
020646
022F20
025B73
028B98
02BFF6
02F902
033742
037B4E
03C5D7
0417A8
0471AC
04D4F1
0542AD
05BC44
06434B
06D987
0780F3
083BB6
090C22
09F4A4
0AF7BC
0C17EB
0D57AB
0EB962
103F65
11EBF3
13C143
15C18B
17EF0A
1A4C1B
1CDB3B
1F9F1B
229AA9
25D11C
2945FD
2CFD2F
30FAFA
354410
012342
012342
012342
012342
012342
012342
012342
012342
012342
012342
012342
012342
012342
012342
012342
012342
0123FF
012D69
013814
014424
0151C2
01644C
017FD7
019D9B
01BDC8
01E097
020649
022F23
025B76
028B9C
02BFFA
02F907
033747
037B55
03C5DF
0417B1
0471B7
04D4FD
0542BB
05BC55
06435E
06D99D
07810C
083BD3
090C43
09F4CA
0AF7E7
0C181C
0D57E1
0EB99F
103FA8
11EC3E
13C195
15C1E5
17EF6C
1A4C85
1CDBAD
1F9F96
229B2F
25D1AC
294698
2CFDD6
30FBAD
3544D0
012342
012342
012342
012342
012342
012342
012342
012342
012342
012342
012342
012342
012342
012342
012342
012342
012401
012D6C
013817
014427
0151C5
01644D
017FD9
019D9C
01BDCA
01E09A
02064C
022F26
025B79
028BA0
02BFFF
02F90D
03374E
037B5C
03C5E8
0417BC
0471C3
04D50B
0542CB
05BC67
064373
06D9B6
078129
083BF4
090C69
09F4F5
0AF817
0C1852
0D581E
0EB9E3
103FF4
11EC91
13C1F1
15C249
17EFD9
1A4CFB
1CDC2D
1FA021
229BC4
25D24D
294745
2CFE90
30FC75
3545A7
012342
012342
012342
012342
012342
012342
012342
012342
012342
012342
012342
012342
012342
012342
012342
012342
012403
012D6E
013819
01442A
0151C9
01644E
017FDB
019D9E
01BDCC
01E09C
02064E
022F2A
025B7D
028BA4
02C004
02F913
033755
037B64
03C5F1
0417C7
0471D0
04D51A
0542DD
05BC7C
06438B
06D9D1
078148
083C19
090C92
09F524
0AF84D
0C188F
0D5863
0EBA2F
104048
11ECEE
13C257
15C2B8
17F052
1A4D7F
1CDCBC
1FA0BB
229C6A
25D300
294806
2CFF5F
30FD54
354697
012342
012342
012342
012342
012342
012342
012342
012342
012342
012342
012342
012342
012342
012342
012342
012342
012406
012D71
01381D
01442E
0151CD
016450
017FDC
019DA0
01BDCE
01E09F
020652
022F2D
025B82
028BA9
02C00A
02F91A
03375D
037B6E
03C5FC
0417D3
0471DE
04D52B
0542F1
05BC93
0643A5
06D9F0
07816C
083C41
090CC1
09F559
0AF88A
0C18D3
0D58AF
0EBA84
1040A6
11ED56
13C2C9
15C335
17F0DA
1A4E12
1CDD5B
1FA167
229D24
25D3C8
2948DD
2D0047
30FE4D
3547A3
012342
012342
012342
012342
012342
012342
012342
012342
012342
012342
012342
012342
012342
012342
012342
012342
012409
012D74
013820
014432
0151D1
016452
017FDE
019DA3
01BDD1
01E0A2
020655
022F32
025B87
028BAF
02C011
02F922
033766
037B78
03C608
0417E2
0471EF
04D53E
054307
05BCAC
0643C3
06DA12
078193
083C6F
090CF5
09F595
0AF8CD
0C191F
0D5904
0EBAE3
10410F
11EDCA
13C348
15C3C0
17F171
1A4EB6
1CDE0D
1FA227
229DF3
25D4A7
2949CE
2D014A
30FF63
3548CD
012342
012342
012342
012342
012342
012342
012342
012342
012342
012342
012342
012342
012342
012342
012342
012342
01240C
012D77
013824
014436
0151D6
016454
017FE1
019DA5
01BDD4
01E0A6
02065A
022F37
025B8C
028BB6
02C019
02F92A
033770
037B84
03C616
0417F1
047201
04D553
05431F
05BCC9
0643E4
06DA38
0781BF
083CA1
090D2F
09F5D7
0AF918
0C1974
0D5963
0EBB4D
104185
11EE4B
13C3D6
15C45B
17F21A
1A4F6E
1CDED4
1FA2FE
229EDA
25D5A1
294ADA
2D026A
31009A
354A1B
012342
012342
012342
012342
012342
012342
012342
012342
012342
012342
012342
012342
012342
012342
012342
012342
01240F
012D7B
013828
01443B
0151DC
016456
017FE3
019DA8
01BDD7
01E0AA
02065E
022F3C
025B93
028BBD
02C021
02F934
03377B
037B91
03C625
041803
047215
04D56B
05433B
05BCE9
064409
06DA63
0781F0
083CDA
090D70
09F621
0AF96C
0C19D2
0D59CD
0EBBC3
104208
11EEDC
13C475
15C508
17F2D7
1A503A
1CDFB1
1FA3ED
229FDD
25D6B7
294C05
2D03AC
3101F4
354B8F
012342
012342
012342
012342
012342
012342
012342
012342
012342
012342
012342
012342
012342
012342
012342
012342
012413
012D80
01382D
014441
0151E2
016458
017FE6
019DAC
01BDDB
01E0AE
020663
022F42
025B99
028BC5
02C02A
02F93F
033788
037BA0
03C636
041816
04722C
04D585
054359
05BD0C
064432
06DA93
078227
083D19
090DB8
09F673
0AF9C9
0C1A3B
0D5A43
0EBC47
10429A
11EF7D
13C526
15C5CA
17F3A9
1A511F
1CE0A9
1FA4F9
22A0FD
25D7EE
294D54
2D0514
310376
354D2E
012342
012342
012342
012342
012342
012342
012342
012342
012342
012342
012342
012342
012342
012342
012342
012342
012417
012D84
013833
014447
0151E9
01645B
017FE9
019DAF
01BDE0
01E0B3
020669
022F48
025BA1
028BCE
02C035
02F94B
033796
037BB0
03C649
04182C
047246
04D5A3
05437C
05BD34
064460
06DAC8
078265
083D5F
090E09
09F6CF
0AFA31
0C1AB1
0D5AC7
0EBCDA
10433D
11F031
13C5EB
15C6A1
17F494
1A521E
1CE1BD
1FA623
22A23F
25D948
294EC9
2D06A5
310526
354EFE
012342
012342
012342
012342
012342
012342
012342
012342
012342
012342
012342
012342
012342
012342
012342
012342
01241C
012D8A
013839
01444E
0151F1
01645E
017FED
019DB3
01BDE4
01E0B9
02066F
022F50
025BAA
028BD8
02C040
02F958
0337A6
037BC2
03C65E
041845
047262
04D5C4
0543A2
05BD60
064493
06DB03
0782A9
083DAE
090E63
09F736
0AFAA6
0C1B35
0D5B5A
0EBD7E
1043F3
11F0FA
13C6C8
15C792
17F59B
1A533B
1CE2F1
1FA770
22A3A6
25DACB
295069
2D0865
310707
355103
012342
012342
012342
012342
012342
012342
012342
012342
012342
012342
012342
012342
012342
012342
012342
012342
012421
012D90
01383F
014455
0151F9
016461
017FF1
019DB8
01BDEA
01E0BF
020677
022F58
025BB3
028BE3
02C04D
02F967
0337B7
037BD6
03C675
041860
047282
04D5E9
0543CD
05BD92
0644CD
06DB45
0782F5
083E06
090EC7
09F7A8
0AFB28
0C1BC7
0D5BFF
0EBE36
1044BF
11F1DA
13C7BE
15C89F
17F6BF
1A5478
1CE449
1FA8E4
22A537
25DC7B
29523A
2D0A59
310921
355345
012342
012342
012342
012342
012342
012342
012342
012342
012342
012342
012342
012342
012342
012342
012342
012342
012427
012D96
013847
01445E
015203
016465
017FF5
019DBD
01BDF0
01E0C6
02067F
022F61
025BBE
028BEF
02C05B
02F978
0337CA
037BED
03C68F
04187E
0472A5
04D612
0543FC
05BDC9
06450D
06DB8F
07834B
083E68
090F37
09F828
0AFBB9
0C1C6B
0D5CB7
0EBF03
1045A2
11F2D4
13C8D0
15C9CB
17F806
1A55DB
1CE5C9
1FAA82
22A6F6
25DE5D
295441
2D0C87
310B79
3555CA
012342
012342
012342
012342
012342
012342
012342
012342
012342
012342
012342
012342
012342
012342
012342
012342
01242D
012D9E
01384F
014467
01520E
01646A
017FFA
019DC3
01BDF6
01E0CD
020687
022F6C
025BCA
028BFD
02C06C
02F98B
0337E0
037C06
03C6AD
0418A0
0472CC
04D63F
054431
05BE06
064554
06DBE2
0783AA
083ED5
090FB5
09F8B7
0AFC5B
0C1D22
0D5D84
0EBFE7
10469F
11F3EC
13CA03
15CB1A
17F973
1A5767
1CE776
1FAC51
22A8EA
25E077
295684
2D0EF6
310E16
355899
012342
012342
012342
012342
012342
012342
012342
012342
012342
012342
012342
012342
012342
012342
012342
012342
012435
012DA6
013859
014472
01521A
01646E
018000
019DC9
01BDFE
01E0D6
020691
022F77
025BD7
028C0D
02C07E
02F99F
0337F8
037C22
03C6CD
0418C6
0472F8
04D673
05446D
05BE4B
0645A4
06DC3E
078414
083F4F
091041
09F957
0AFD10
0C1DEE
0D5E68
0EC0E6
1047BA
11F523
13CB59
15CC90
17FB0A
1A5921
1CE954
1FAE56
22AB17
25E2D0
29590A
2D11AD
311101
355BBC
012342
012342
012342
012342
012342
012342
012342
012342
012342
012342
012342
012342
012342
012342
012342
012342
01243D
012DAF
013863
01447E
015227
016474
018006
019DD0
01BE06
01E0DF
02069C
022F84
025BE6
028C1E
02C092
02F9B7
033813
037C41
03C6F2
0418F1
04732A
04D6AC
0544AF
05BE98
0645FD
06DCA5
07848A
083FD7
0910DD
09FA09
0AFDDA
0C1ED1
0D5F68
0EC203
1048F5
11F67F
13CCD7
15CE31
17FCD0
1A5B0E
1CEB6A
1FB097
22AD85
25E56E
295BDC
2D14B5
311443
355F3C
012342
012342
012342
012342
012342
012342
012342
012342
012342
012342
012342
012342
012342
012342
012342
012342
012446
012DBA
01386F
01448B
015236
016479
01800D
019DD8
01BE0F
01E0EA
0206A9
022F92
025BF7
028C31
02C0A8
02F9D1
033832
037C64
03C71A
041920
047360
04D6EB
0544F9
05BEEE
064660
06DD17
07850F
084070
09118B
09FACF
0AFEBB
0C1FD0
0D6085
0EC341
104A56
11F804
13CE81
15D003
17FECB
1A5D34
1CEDBD
1FB31A
22B03B
25E85A
295F00
2D1816
3117E6
356324
012342
012342
012342
012342
012342
012342
012342
012342
012342
012342
012342
012342
012342
012342
012342
012342
012450
012DC5
01387C
01449A
015247
016480
018014
019DE1
01BE19
01E0F6
0206B7
022FA2
025C0A
028C47
02C0C1
02F9EE
033853
037C8B
03C748
041955
04739E
04D733
05454B
05BF4E
0646CF
06DD98
0785A3
084119
09124D
09FBAD
0AFFB7
0C20EB
0D61C3
0EC4A3
104BDF
11F9B5
13D05D
15D20B
180101
1A5F9A
1CF056
1FB5E9
22B342
25EB9C
296283
2D1BDD
311BF4
356780
012342
012342
012342
012342
012342
012342
012342
012342
012342
012342
012342
012342
012342
012342
012342
012342
01245C
012DD2
01388B
0144AA
015259
016487
01801D
019DEB
01BE25
01E103
0206C6
022FB4
025C1E
028C5F
02C0DD
02FA0E
033879
037CB7
03C77B
041990
0473E2
04D782
0545A8
05BFB8
06474B
06DE27
078648
0841D7
091327
09FCA4
0B00CF
0C2228
0D6326
0EC62F
104D95
11FB99
13D270
15D44F
180379
1A6247
1CF33C
1FB90A
22B6A3
25EF40
29666D
2D2013
31207B
356C5E
012342
012342
012342
012342
012342
012342
012342
012342
012342
012342
012342
012342
012342
012342
012342
012342
012468
012DE1
01389B
0144BD
01526E
016490
018026
019DF6
01BE32
01E112
0206D7
022FC8
025C35
028C7A
02C0FC
02FA32
0338A3
037CE8
03C7B3
0419D1
04742F
04D7DB
05460F
05C030
0647D5
06DEC6
078700
0842AB
091419
09FDB9
0B0209
0C2389
0D64B2
0EC7E9
104F7F
11FDB5
13D4C0
15D6D6
180639
1A6544
1CF678
1FBC89
22BA68
25F34F
296ACC
2D24C6
312589
3571CC
012342
012342
012342
012342
012342
012342
012342
012342
012342
012342
012342
012342
012342
012342
012342
012342
012477
012DF1
0138AD
0144D1
015285
016499
018031
019E02
01BE40
01E123
0206EA
022FDE
025C4F
028C98
02C11F
02FA5B
0338D2
037D1E
03C7F2
041A1B
047484
04D83E
054681
05C0B5
06486F
06DF79
0787CD
084397
091527
09FEED
0B0366
0C2514
0D666C
0EC9D6
1051A2
120010
13D755
15D9A9
18094C
1A689A
1CFA14
1FC06F
22BE9C
25F7D7
296FAC
2D2A04
312B2C
3577DA
012342
012342
012342
012342
012342
012342
012342
012342
012342
012342
012342
012342
012342
012342
012342
012342
012486
012E03
0138C2
0144E8
01529F
0164A3
01803D
019E10
01BE50
01E135
020700
022FF7
025C6C
028CB9
02C146
02FA88
033906
037D5B
03C839
041A6D
0474E3
04D8AC
054702
05C14A
06491B
06E03F
0788B3
08449F
091655
0A0045
0B04ED
0C26CC
0D685A
0ECBFC
105404
1202B0
13DA37
15DCCF
180CB9
1A6C52
1CFE1B
1FC4C9
22C34D
25FCE5
29751D
2D2FDE
313176
357E9D
012342
012342
012342
012342
012342
012342
012342
012342
012342
012342
012342
012342
012342
012342
012342
012342
012498
012E17
0138D8
014502
0152BC
0164AF
01804A
019E1F
01BE62
01E14A
020718
023013
025C8C
028CDE
02C171
02FABA
033940
037D9F
03C888
041AC8
04754D
04D928
054791
05C1F0
0649DB
06E11E
0789B3
0845C5
0917A7
0A01C6
0B06A1
0C28B8
0D6A81
0ECE62
1056AC
12059E
13DD6E
15E052
18108C
1A7079
1D0299
1FC9A3
22C88A
260289
297B2E
2D3665
31387A
358627
012342
012342
012342
012342
012342
012342
012342
012342
012342
012342
012342
012342
012342
012342
012342
012342
0124AC
012E2D
0138F2
01451E
0152DC
0164BB
018059
019E31
01BE76
01E161
020733
023032
025CB0
028D08
02C1A1
02FAF2
033982
037DEB
03C8E0
041B2E
0475C4
04D9B1
054831
05C2A9
064AB2
06E216
078AD1
08470E
09191F
0A0373
0B0887
0C2ADC
0D6CE8
0ED110
1059A4
1208E4
13E105
15E43E
1814D1
1A751A
1D079D
1FCF0E
22CE61
2608D3
2981F4
2D3DAE
31404F
358E91
012342
012342
012342
012342
012342
012342
012342
012342
012342
012342
012342
012342
012342
012342
012342
012342
0124C2
012E46
01390E
01453E
015300
0164CA
01806A
019E44
01BE8C
01E17B
020750
023055
025CD8
028D37
02C1D7
02FB31
0339CA
037E3F
03C942
041BA0
047648
04DA4B
0548E3
05C378
064BA1
06E32A
078C10
08487D
091AC3
0A0551
0B0AA6
0C2D40
0D6F96
0ED40C
105CF3
120C8A
13E506
15E89E
181994
1A7A45
1D0D35
1FD519
22D4E5
260FD9
298982
2D45CE
31490B
3597F4
012342
012342
012342
012342
012342
012342
012342
012342
012342
012342
012342
012342
012342
012342
012342
012342
0124DA
012E62
01392D
014562
015328
0164DA
01807C
019E59
01BEA5
01E197
020772
02307B
025D05
028D6B
02C214
02FB77
033A1C
037E9E
03C9AF
041C20
0476DC
04DAF7
0549AA
05C45F
064CAD
06E45F
078D74
084A16
091C98
0A0768
0B0D04
0C2FEB
0D7294
0ED762
1060A5
12109D
13E97E
15ED7F
181EE4
1A8009
1D1372
1FDBD6
22DC2B
2617AD
2991F0
2D4EDE
3152C9
35A26C
012342
012342
012342
012342
012342
012342
012342
012342
012342
012342
012342
012342
012342
012342
012342
012342
0124F6
012E81
013950
01458A
015355
0164EB
018091
019E71
01BEC0
01E1B7
020797
0230A6
025D37
028DA5
02C257
02FBC5
033A76
037F07
03CA2A
041CAE
047781
04DBB6
054A88
05C560
064DD7
06E5B8
078F02
084BDF
091EA3
0A09BC
0B0FA8
0C32E6
0D75EB
0EDB1A
1064C5
121528
13EE7A
15F2F1
1824D1
1A8677
1D1A68
1FE35B
22E447
26206A
299B56
2D58FA
315DA7
35AE1A
012342
012342
012342
012342
012342
012342
012342
012342
012342
012342
012342
012342
012342
012342
012342
012342
012514
012EA3
013978
0145B6
015387
0164FF
0180A8
019E8C
01BEDF
01E1DB
0207C0
0230D7
025D6F
028DE5
02C2A2
02FC1C
033ADC
037F7D
03CAB2
041D4D
047839
04DC8C
054B81
05C680
064F24
06E73A
0790BE
084DDD
0920EB
0A0C56
0B129B
0C3639
0D79A4
0EDF41
10695E
121A3A
13F40A
15F905
182B6E
1A8DA4
1D222C
1FEBBE
22ED52
262A28
29A5D3
2D6441
3169C6
35BB20
012342
012342
012342
012342
012342
012342
012342
012342
012342
012342
012342
012342
012342
012342
012342
012342
012536
012ECA
0139A3
0145E7
0153BF
016515
0180C1
019EA9
01BF02
01E203
0207EF
02310C
025DAD
028E2E
02C2F6
02FC7E
033B4D
038000
03CB4B
041DFE
047907
04DD7B
054C96
05C7C2
065098
06E8E8
0792AE
085017
092377
0A0F3D
0B15E5
0C39EE
0D7DCD
0EE3E3
106E80
121FE2
13FA3E
15FFCB
1832CE
1A95A4
1D2AD5
1FF519
22F769
263506
29B184
2D70D5
31774B
35C9A7
012342
012342
012342
012342
012342
012342
012342
012342
012342
012342
012342
012342
012342
012342
012342
012342
01255C
012EF5
0139D4
01461E
0153FD
01652E
0180DE
019ECB
01BF28
01E230
020823
023148
025DF3
028E7F
02C354
02FCEB
033BCB
038093
03CBF5
041EC3
0479ED
04DE86
054DCB
05C928
065238
06EAC8
0794D7
085293
09264F
0A127A
0B1991
0C3E12
0D8270
0EE90E
107439
122631
14012A
16075A
183B07
1A9E91
1D347D
1FFF88
2302A9
264124
29BE8E
2D7EDB
31865E
35D9DA
012342
012342
012342
012342
012342
012342
012342
012342
012342
012342
012342
012342
012342
012342
012342
012342
012587
012F26
013A0B
01465C
015442
01654A
0180FE
019EF0
01BF53
01E262
02085C
02318B
025E41
028ED9
02C3BD
02FD64
033C58
038136
03CCB3
041FA0
047AED
04DFAF
054F25
05CAB9
065408
06ECDF
079741
085559
09297B
0A1617
0B1DAA
0C42B0
0D879D
0EEED2
107A9C
122D3B
1408E1
160FC8
184433
1AA884
1D3F42
200B29
230F34
264EA7
29CD19
2D8E7D
31972C
35EBE9
012342
012342
012342
012342
012342
012342
012342
012342
012342
012342
012342
012342
012342
012342
012342
012342
0125B6
012F5B
013A48
0146A1
015490
016569
018122
019F19
01BF83
01E299
02089D
0231D6
025E97
028F3D
02C431
02FDEC
033CF6
0381ED
03CD88
042097
047C0C
04E0FC
0550A7
05CC78
06560D
06EF36
0799F2
085871
092D06
0A1A20
0B223C
0C47D7
0D8D63
0EF540
1081BC
123514
14117D
16192E
184E6E
1AB39D
1D4B45
201822
231D30
265DB7
29DD4E
2D9FEC
31A9E9
36000C
012342
012342
012342
012342
012342
012342
012342
012342
012342
012342
012342
012342
012342
012342
012342
012342
0125EB
012F97
013A8B
0146ED
0154E6
01658B
01814A
019F47
01BFB9
01E2D7
0208E5
02322A
025EF8
028FAE
02C4B4
02FE83
033DA5
0382B9
03CE75
0421AA
047D4B
04E26F
055255
05CE6B
06584F
06F1D1
079CF4
085BE5
0930FA
0A1EA1
0B2757
0C4D97
0D93D4
0EFC6D
1089AE
123DD5
141B16
1623AA
1859D6
1ABFFC
1D58A8
202697
232CC8
266E82
29EF60
2DB35A
31BECC
36167D
012342
012342
012342
012342
012342
012342
012342
012342
012342
012342
012342
012342
012342
012342
012342
012342
012626
012FDA
013AD7
014743
015547
0165B1
018176
019F7B
01BFF4
01E31D
020935
023287
025F64
02902B
02C545
02FF2C
033E6A
03839D
03CF7E
0422DE
047EB0
04E40E
055436
05D099
065AD5
06F4BB
07A04F
085FC0
093564
0A23A8
0B2D08
0C5402
0D9B04
0F046E
10928B
124798
1425CA
162F59
18668C
1ACDC7
1D6794
2036B5
233E28
268139
2A0383
2DC902
31D613
362F80
012342
012342
012342
012342
012342
012342
012342
012342
012342
012342
012342
012342
012342
012342
012342
012342
012668
013025
013B2C
0147A2
0155B2
0165DC
0181A8
019FB5
01C037
01E36A
02098F
0232EF
025FDD
0290B7
02C5E8
02FFE9
033F45
03849C
03D0A5
042435
04803F
04E5DC
05564F
05D307
065DA5
06F7FC
07A40E
08640E
093A50
0A2943
0B3363
0C5B2A
0DA308
0F0D5A
109C6D
12527B
1431B9
163C60
1874B8
1ADD26
1D7836
2048AA
235186
269614
2A19F4
2DE123
31F002
364B5E
012342
012342
012342
012342
012342
012342
012342
012342
012342
012342
012342
012342
012342
012342
012342
012342
0126B2
013078
013B8A
01480D
01562A
01660F
0181DF
019FF5
01C082
01E3C1
0209F3
023363
026064
029154
02C69E
0300BC
03403A
0385B8
03D1EF
0425B4
0481FC
04E7E1
0558A7
05D5BE
0660CA
06FB9D
07A83D
0868DC
093FCF
0A2F85
0B3A7A
0C6326
0DABF8
0F174E
10A772
125E9D
143F06
164AE5
188484
1AEE47
1D8ABE
205CAE
236719
26AD50
2A32F4
2DFC06
320CE7
366A6A
012342
012342
012342
012342
012342
012342
012342
012342
012342
012342
012342
012342
012342
012342
012342
012342
012703
0130D5
013BF3
014883
0156B0
0166A6
01821D
01A03D
01C0D5
01E421
020A63
0233E5
0260FB
029203
02C768
0301A7
03414B
0386F5
03D360
042760
0483ED
04EA22
055B44
05D8C6
06644C
06FFAB
07ACE9
086E39
0945F1
0A3681
0B4262
0C6C0E
0DB5F1
0F2268
10B3BA
126C24
144DDA
165B14
18961D
1B015D
1D9F64
2072F9
237F22
26C732
2A4ECE
2E19F7
322D16
368CFF
012342
012342
012342
012342
012342
012342
012342
012342
012342
012342
012342
012342
012342
012342
012342
012342
01275F
01313C
013C68
014908
015745
01674D
018263
01A08D
01C132
01E48D
020AE0
023476
0261A3
0292C6
02C84B
0302AE
03427C
038858
03D4FB
04293E
048619
04ECA7
055E30
05DC29
066837
070431
07B21F
087435
094CCA
0A3E4C
0B4B35
0C75FD
0DC110
0F2EC7
10C16C
127B38
145E5F
166D1B
18A9B8
1B169F
1DB663
208BCD
2399E7
26E405
2A6DD1
2E3B50
3250ED
36B381
012342
012342
012342
012342
012342
012342
012342
012342
012342
012342
012342
012342
012342
012342
012342
012342
0127C5
0131B0
013CEB
01499B
0157EB
016808
0182B0
01A0E7
01C19A
01E505
020B6C
023518
02625F
0293A0
02C948
0303D3
0343D1
0389E3
03D6C7
042B54
048885
04EF77
056173
05DFF1
066C97
07093E
07B7F1
087AE4
09546E
0A46FD
0B550C
0C8111
0DCD75
0F3C93
10D0AF
128C04
1470C7
168131
18BF8F
1B2E4D
1DD000
20A773
23B7B5
27041D
2A9058
2E606F
3278D3
36DE5F
012342
012342
012342
012342
012342
012342
012342
012342
012342
012342
012342
012342
012342
012342
012342
012342
012837
013231
013D7C
014A40
0158A5
0168D9
018306
01A14B
01C20E
01E58C
020C08
0235CD
026330
029493
02CA62
03051B
03454E
038B9E
03D8C9
042DA9
048B39
04F29A
056518
05E429
067179
070EE3
07BE70
088259
095CF4
0A50B1
0B6007
0C8D6C
0DDB48
0F4BF3
10E1B1
129EBC
148547
16978F
18D7E1
1B48AA
1DEC83
20C63B
23D8E2
2727D6
2AB6C5
2E89C0
32A53A
370E14
012342
012342
012342
012342
012342
012342
012342
012342
012342
012342
012342
012342
012342
012342
012342
012342
0128B5
0132C1
013E1F
014AF7
015973
0169C1
018366
01A1BA
01C28F
01E622
020CB6
023697
02641B
0295A3
02CB9E
030689
0346F7
038D8B
03DB06
043043
048E3F
04F61C
056929
05E8E0
0676EE
07152F
07C5B1
088AAC
096678
0A5B83
0B6C45
0C9B32
0DEAB0
0F5D15
10F4A4
12B395
149C1C
16B076
18F2F3
1B6602
1E0C3F
20E87C
23FDCE
274F95
2AE188
2EB7B9
32D6A1
374328
012342
012342
012342
012342
012342
012342
012342
012342
012342
012342
012342
012342
012342
012342
012342
012342
012943
013361
013ED4
014BC4
015A5A
016AC5
0183D2
01A237
01C320
01E6C9
020D78
023778
026520
0296D2
02CCFE
030822
0348D2
038FB3
03DD87
04332B
04919E
04FA07
056DB4
05EE24
067D05
071C37
07CDCA
0893F6
097115
0A6795
0B79ED
0CAA8E
0DFBDC
0F702C
1109BF
12CACC
14B588
16CC30
191115
1B86AA
1E2F8E
210E98
2426E0
277BCC
2B1118
2EEADB
330D94
377E31
012342
012342
012342
012342
012342
012342
012342
012342
012342
012342
012342
012342
012342
012342
012342
012342
0129E0
013413
013F9E
014CA7
015B5A
016BE5
01844A
01A2C2
01C3C1
01E785
020E51
023874
026644
029825
02CE87
0309EB
034AE4
03921B
03E052
04366A
049563
04FE67
0572C7
05F405
0683D2
072411
07D6D4
089E54
097CED
0A750C
0B8927
0CBBAC
0E0EFF
0F8570
112140
12E4A5
14D1D3
16EB09
19329B
1BAAFE
1E56D4
2138FA
24548C
27ACF7
2B45FA
2F23B4
334AAB
37BFD2
012342
012342
012342
012342
012342
012342
012342
012342
012342
012342
012342
012342
012342
012342
012342
012342
012A90
0134DA
01407F
014DA5
015C78
016D27
0184D0
01A35E
01C476
01E856
020F44
02398D
02678B
0299A0
02D03F
030BEA
034D35
0394CB
03E372
043A0A
04999A
05034A
057873
05FA97
068B6B
072CD6
07E0EB
08A9E7
098A24
0A8411
0B9A20
0CCEC0
0E2451
0F9D1F
113B6B
13016A
14F14F
170D5B
1957E4
1BD363
1E827F
216818
248752
27E39E
2B80C1
2F62E4
338E90
3808C3
012342
012342
012342
012342
012342
012342
012342
012342
012342
012342
012342
012342
012342
012342
012342
012342
012B54
0135B8
01417A
014EC0
015DB7
016E8D
018566
01A40C
01C53F
01E93F
021052
023AC7
0268F7
029B47
02D22A
030E24
034FCB
0397CC
03E6EF
043E18
049E4E
0508C0
057EC8
0601ED
0693E7
0736A0
07EC2E
08B6D1
0998E2
0A94D0
0BAD0D
0CE403
0E3C10
0FB77E
11588C
13216C
151455
173386
198159
1C004C
1EB309
219C76
24BFBD
282056
2BC20F
2FA915
33D9FD
3859C9
012342
012342
012342
012342
012342
012342
012342
012342
012342
012342
012342
012342
012342
012342
012342
012342
012C2E
0136AF
014291
014FFB
015F1A
01701C
01860E
01A4CE
01C620
01EA44
021181
023C26
026A8E
029D20
02D44F
0310A1
0352AF
039B27
03EAD5
04429F
04A390
050EDA
0585DB
060A1E
069D60
07418E
07F8C1
08C53A
09A954
0AA77D
0BC224
0CFBB2
0E5681
0FD4D9
1178F5
134508
153B46
175DF4
19AF6D
1C3232
1EE8F5
21D6A1
24FE67
2863C7
2C0A95
2FF708
342DBD
38B3BF
012342
012342
012342
012342
012342
012342
012342
012342
012342
012342
012342
012342
012342
012342
012342
0123C0
012D21
0137C3
0143C8
01515A
0160A5
0171D8
0186C9
01A5A6
01C71B
01EB68
0212D3
023DAF
026C55
029F30
02D6B4
031369
0355E9
039EE8
03EF30
0447AE
04A970
0515AB
058DC3
061346
06A7F5
074DC3
0806CA
08D54E
09BBAC
0ABC4F
0BD9A5
0D1614
0E73F2
0FF584
119D02
136C9F
156690
178D1A
19E29D
1C699F
1F24D7
221737
2543F9
28AEA3
2C5B14
304D8C
348AAF
391797
012342
012342
012342
012342
012342
012342
012342
012342
012342
012342
012342
012342
012342
012342
012342
0124AF
012E30
0138F5
014522
0152E1
01625C
0173C6
01879A
01A699
01C834
01ECAD
02144D
023F65
026E52
02A17E
02D961
031684
035985
03A319
03F40E
044D55
04B000
051D49
059697
061D7F
06B3C7
075B63
081675
08E73F
09D021
0AD384
0BF3D5
0D3375
0E94B6
1019DA
11C518
1398A0
1596A8
17C179
1A1B75
1CA728
1F674F
225EE6
25912C
2901B3
2CB463
30AD85
34F1CB
398656
012342
012342
012342
012342
012342
012342
012342
012342
012342
012342
012342
012342
012342
012342
012342
0125B9
012F5E
013A4A
0146A4
015493
016446
0175EC
0189BB
01A7A7
01C96E
01EE19
0215F3
02414E
02708A
02A412
02DC5F
0319FD
035D8E
03A7C8
03F97F
0453A7
04B756
0525CD
05A076
0628EC
06C0FB
076A9B
0827F1
08FB44
09E6F1
0AED62
0C1100
0D5429
0EB92B
104243
11F1A7
13C984
15CC13
17FB9E
1A5A8C
1CEB70
1FB10E
22AE69
25E6CB
295DD0
2D176A
3117EF
35641B
3A011D
012342
012342
012342
012342
012342
012342
012342
012342
012342
012342
012342
012342
012342
012342
012342
0126E1
0130AE
013BC6
014851
015677
016666
01784F
018C69
01A8D5
01CACC
01EFB0
0217CA
024372
027305
02A6F3
02DFB7
031DDF
036210
03AD05
03FF94
045AB7
04BF8A
052F50
05AB7D
0635AF
06CFB9
077B99
083B75
091198
0A0060
0B0A35
0C317C
0D788E
0EE1B7
106F2F
122328
13FFD0
160760
183C25
1AA08B
1D372C
2002D4
230690
2645B5
29C3E9
2D852A
318DDB
35E2C6
3A8927
012342
012342
012342
012342
012342
012342
012342
012342
012342
012342
012342
012342
012342
012342
012342
01282B
013223
013D6D
014A2E
015891
0168C3
017AF7
018F63
01AA27
01CC54
01F176
0219D9
0245D5
0275CB
02AA2B
02E373
032236
03671B
03B2E0
040661
04629D
04C8B4
0539F3
05B7D0
0643F2
06E031
078E91
08513D
092A80
0A1CBA
0B2A51
0C55A5
0DA10C
0F0ECC
10A11A
125A23
143C16
16492D
1883B7
1AEE29
1D8B21
205D76
236840
26AEDE
2A3503
2DFEBB
321076
366F0E
3B1FCD
012342
012342
012342
012342
012342
012342
012342
012342
012342
012342
012342
012342
012342
012342
012342
01299A
0133C3
013F43
014C41
015AE7
016B64
017DEA
0192B2
01ABA1
01CE0A
01F372
021C27
024881
0278E4
02ADC4
02E7A1
032711
036CBD
03B96B
040DFC
046B72
04D2F4
0545D6
05C596
0653E1
06F297
07A3BF
08698B
094647
0A3C54
0B4E13
0C7DE4
0DCE15
0F40E7
10D88B
12972C
147EF6
169227
18D311
1B442F
1DE828
20C1DD
23D471
272351
2AB23D
2E8551
32A10A
370A54
3BC68A
012342
012342
012342
012342
012342
012342
012342
012342
012342
012342
012342
012342
012342
012342
012342
012B32
013592
01414E
014E8F
015D80
016E4F
018131
01965E
01AE15
01CFF3
01F5A9
021EB9
024B7D
027C5C
02B1CA
02EC4D
032C7E
03730B
03C0BE
04167D
047551
04DE6A
055320
05D4FB
0665AF
070723
07BB64
0884A9
096540
0A5F89
0B75E4
0CAAAA
0E0025
0F7890
111618
12DAE4
14C921
16E30C
192AFF
1BA37B
1E4F2F
213109
244C37
27A435
2B3CD3
2F1A3C
334100
37B61B
3C7EFC
012342
012342
012342
012342
012342
012342
012342
012342
012342
012342
012342
012342
012342
012342
01239C
012CF8
013794
014394
01511F
016062
01718D
0184D4
019A72
01B2A5
01D216
01F824
02219A
024ED4
02803C
02B64A
02F187
03328F
037A18
03C8EE
042000
04805C
04EB3A
0561FC
05E630
067994
071E15
07D5CA
08A2EA
0987C8
0A86C1
0BA234
0CDC75
0E37C7
0FB660
115A66
1325FF
151B58
173CAF
198C65
1C0D00
1EC13C
21AC12
24D0BF
2832CE
2BD620
2FBEF2
33F1E8
38740F
3D4AED
012342
012342
012342
012342
012342
012342
012342
012342
012342
012342
012342
012342
012342
012342
012559
012EF2
0139D0
01461A
0153F7
016396
017526
0188DE
019EF7
01B7B4
01D47A
01FAEA
0224D1
025290
028491
02BB52
02F75F
03395A
0381FB
03D217
042AA3
048CB6
04F990
057299
05F96C
068FCF
0737B7
07F340
08C4A8
09AE43
0AB26E
0BD383
0D13D0
0E7593
0FFAFA
11A629
137941
157670
179FF7
19F83A
1C81CC
1F3F71
223431
256359
28D084
2C7FA5
30750F
34B579
394608
3E2C57
012342
012342
012342
012342
012342
012342
012342
012342
012342
012342
012342
012342
012342
012342
012748
013123
013C4B
0148E7
015720
016724
017924
018D58
01A3FB
01BD4F
01D99F
01FE03
02286A
0256BD
02896B
02C0F4
02FDE9
0340F2
038ACE
03DC57
04368B
049A88
050997
05852E
060EED
06A8A6
075456
081421
08EA49
09D924
0AE30C
0C0A59
0D5152
0EBA2F
104716
11FA28
13D583
15DB54
180DE0
1A6F94
1D0308
1FCB10
22CAC1
260578
297EE6
2D3B10
313E5F
358DA2
3A2E15
3F256E
012342
012342
012342
012342
012342
012342
012342
012342
012342
012342
012342
012342
012342
012342
01296F
013392
013F0C
014C03
015AA1
016B15
017D92
01924E
01A989
01C386
01E08F
02017B
022C70
025B69
028ED8
02C741
03053B
034973
0394AE
03E7D0
0443DC
04A9FE
051B86
0599F5
0626F6
06C467
07744C
0838D1
09143D
0A08E7
0B1927
0C474F
0D95A3
0F0651
109B7C
12573D
143BB2
164B08
188788
1AF3A5
1D9203
206582
237147
26B8C2
2A3FB8
2E0A45
321CEA
367C8F
3B2E8B
4038B0
012342
012342
012342
012342
012342
012342
012342
012342
012342
012342
012342
012342
012342
012342
012BD2
013647
01421B
014F76
015E84
016F73
018279
0197CE
01AFB0
01CA66
01E83D
02098B
0230F1
0260A3
0294EA
02CE4E
030D6C
0352F6
039FBB
03F4A6
0452C5
04BB4B
052F96
05B131
0641D5
06E368
0797FB
0861BF
0942FF
0A3E14
0B5554
0C8B0D
0DE17A
0F5AC5
10F908
12BE5B
14ACD7
16C6AD
190E2A
1B85C7
1E3034
21105F
24297E
277F15
2B14FE
2EEF70
331305
3784C0
3C4A17
4168FB
012342
012342
012342
012342
012342
012342
012342
012342
012342
012342
012342
012342
012342
0124EF
012E79
013947
01457F
015349
0162D2
01744A
0187E7
019DE3
01B67E
01D201
01F0BB
021305
023942
02667D
029BB6
02D633
031697
035D9E
03AC1B
040305
046374
04CEA7
054608
05CB2E
065FDE
07060B
07BFCF
088F63
097717
0A7944
0B983C
0CD64A
0E35A2
0FB867
1160AE
13308C
152A19
174F88
19A32A
1C2781
1EDF48
21CD7D
24F566
285A9D
2C0114
2FED1C
34236C
38A926
3D83E1
42B9B0
012342
012342
012342
012342
012342
012342
012342
012342
012342
012342
012342
012342
012342
012787
01316A
013C9B
014942
015786
016797
0179A6
018DE9
01A49D
01BE05
01DA6A
01FA1E
021D7D
0244EF
0270E8
02A352
02DF0A
0320DC
03698B
03B9F6
04131D
047622
04E452
055F24
05E83D
068170
072CBB
07EC42
08C246
09B11C
0ABB1B
0BE296
0D29CF
0E92F7
10202B
11D37C
13AEFB
15B4C2
17E706
1A481E
1CDA96
1FA133
229F01
25D75C
294DF2
2D06CD
31065C
355174
39ED58
3EDFC4
442EF1
012342
012342
012342
012342
012342
012342
012342
012342
012342
012342
012342
012342
012342
012A68
0134AD
01404C
014D6C
015C38
016CDE
017F93
01948E
01AC0D
01C656
01E3B3
02047B
02290C
0251D2
027F47
02B1F4
02EA76
032C5C
0376E7
03C97B
042522
048B0C
04FC93
057B3D
0608BD
06A6F4
0757ED
081DD8
08FAFC
09F1B1
0B0450
0C3529
0D867A
0EFA6F
109320
12529D
143AF5
164E47
188ECA
1AFEDD
1DA114
207842
238783
26D242
2A5C46
2E29B2
323F10
36A157
3B55EF
4062BA
45CE1A
012342
012342
012342
012342
012342
012342
012342
012342
012342
012342
012342
012342
01242A
012D9A
01384B
014462
015208
016169
0172B4
01861F
019BE5
01B444
01CF83
01EDF3
020FEA
0235CD
02600A
028F20
02C3A0
02FE2D
033F84
038879
03DADD
043950
04A277
0517B9
059AAC
062D13
06D0DE
078826
085523
093A27
0A398B
0B55AA
0C90D2
0DED3E
0F6D16
111271
12DF61
14D5F6
16F853
1948B8
1BC98E
1E7D72
216746
248A34
27E9BA
2B89B3
2F6E5D
339C5F
3818CE
3CE938
4213A8
479EAD
012342
012342
012342
012342
012342
012342
012342
012342
012342
012342
012342
012342
01274A
013124
013C4D
0148E9
015722
016726
017927
018D5B
01A3FE
01BD53
01D9A3
01F940
021C86
0243DC
026FB6
02A09A
02D71D
0313EC
0357CA
03A399
03F859
04572E
04C165
053876
05BE04
0655B2
06FFB0
07BDF5
0892C6
09807A
0A8970
0BB004
0CF683
0E5F26
0FEC17
119F6F
137B42
1581AA
17B4D4
1A170B
1CAAC4
1F72AE
2271B9
25AB23
29227E
2CDBBA
30DB2C
352596
39C02F
3EB0A5
43FD2C
49AC7F
012342
012342
012342
012342
012342
012342
012342
012342
012342
012342
012342
012342
012AC0
013510
0140BC
014DEA
015CC6
016D7E
018046
019557
01ACEE
01C751
01E4CC
0205B4
022A6A
025358
0280FA
02B3DA
02EC96
032BE2
03728D
03C183
0419D1
047CAB
04EB6D
05679F
05F2F8
068F5A
073ED4
080398
08DFF2
09D640
0AE8E2
0C1A33
0D6C7F
0EE200
107CE0
123F3E
142B37
1642F2
1888AA
1AFEBC
1DA7B5
208658
239DB0
26F114
2A8432
2E5B19
327A3E
36E683
3BA543
40BC54
463213
4C0D69
012342
012342
012342
012342
012342
012342
012342
012342
012342
012342
012342
012342
012342
012342
012342
012342
0123DF
012D45
0137EB
0143F6
01518E
016437
017FC0
019D7F
01BDA7
01E072
02061E
022EF1
025B3C
028B58
02BFAC
02F8AC
0336DE
037ADA
03C551
04170C
0470F7
04D41F
0541B9
05BB29
064203
06D80C
077F3E
0839C0
0909E2
09F214
0AF4D3
0C14A3
0D53FC
0EB548
103AD8
11E6EE
13BBC2
15BB86
17E87D
1A44FE
1CD387
1F96C8
2291AF
25C771
293B95
2CF1FE
30EEF1
353721
012342
012342
012342
012342
012342
012342
012342
012342
012342
012342
012342
012342
012342
012342
012342
012342
0123DE
012D43
0137E9
0143F3
01518B
016436
017FBE
019D7D
01BDA6
01E070
02061B
022EEE
025B39
028B54
02BFA8
02F8A7
0336D8
037AD3
03C549
041703
0470ED
04D412
0541AB
05BB19
0641F0
06D7F6
077F24
0839A3
0909C1
09F1EE
0AF4A8
0C1472
0D53C6
0EB50A
103A94
11E6A4
13BB70
15BB2D
17E81B
1A4494
1CD314
1F964C
229129
25C6E1
293AFA
2CF157
30EE3E
353661
012342
012342
012342
012342
012342
012342
012342
012342
012342
012342
012342
012342
012342
012342
012342
012342
0123DC
012D41
0137E6
0143F1
015188
016435
017FBD
019D7C
01BDA4
01E06E
020619
022EEB
025B35
028B50
02BFA3
02F8A2
0336D2
037ACC
03C540
0416F9
0470E1
04D405
05419B
05BB07
0641DB
06D7DE
077F08
083982
09099C
09F1C3
0AF478
0C143C
0D5389
0EB4C6
103A48
11E650
13BB14
15BAC9
17E7AE
1A441E
1CD294
1F95C2
229094
25C640
293A4D
2CF09D
30ED76
35358A
012342
012342
012342
012342
012342
012342
012342
012342
012342
012342
012342
012342
012342
012342
012342
012342
0123D9
012D3F
0137E4
0143ED
015184
016433
017FBB
019D7A
01BDA2
01E06B
020616
022EE8
025B31
028B4C
02BF9E
02F89C
0336CB
037AC4
03C536
0416EE
0470D4
04D3F6
054189
05BAF2
0641C3
06D7C2
077EE8
08395E
090972
09F194
0AF442
0C13FF
0D5344
0EB47A
1039F4
11E5F3
13BAAE
15BA59
17E735
1A439A
1CD205
1F9528
228FEE
25C58C
29398B
2CEFCD
30EC97
353499
012342
012342
012342
012342
012342
012342
012342
012342
012342
012342
012342
012342
012342
012342
012342
012342
0123D7
012D3C
0137E0
0143EA
015180
016432
017FB9
019D78
01BD9F
01E068
020612
022EE4
025B2D
028B46
02BF98
02F895
0336C3
037ABA
03C52C
0416E1
0470C5
04D3E5
054176
05BADB
0641A8
06D7A4
077EC5
083935
090943
09F15E
0AF405
0C13BB
0D52F8
0EB425
103996
11E58B
13BA3C
15B9DC
17E6AD
1A4306
1CD166
1F947B
228F34
25C4C4
2938B4
2CEEE5
30EB9D
35338D
012342
012342
012342
012342
012342
012342
012342
012342
012342
012342
012342
012342
012342
012342
012342
012342
0123D4
012D39
0137DD
0143E6
01517C
016430
017FB7
019D75
01BD9C
01E065
02060F
022EE0
025B28
028B41
02BF91
02F88D
0336BA
037AB0
03C51F
0416D3
0470B5
04D3D2
054160
05BAC2
06418B
06D781
077E9E
083908
09090F
09F123
0AF3C2
0C136F
0D52A3
0EB3C6
10392C
11E517
13B9BC
15B951
17E615
1A4262
1CD0B4
1F93BB
228E64
25C3E4
2937C3
2CEDE2
30EA87
353262
012342
012342
012342
012342
012342
012342
012342
012342
012342
012342
012342
012342
012342
012342
012342
012342
0123D1
012D35
0137D9
0143E2
015177
01642E
017FB5
019D73
01BD99
01E062
02060B
022EDB
025B22
028B3A
02BF8A
02F884
0336B0
037AA4
03C512
0416C3
0470A2
04D3BC
054147
05BAA5
06416A
06D75B
077E72
0838D5
0908D5
09F0E1
0AF377
0C131A
0D5244
0EB35C
1038B7
11E496
13B92E
15B8B6
17E56C
1A41AA
1CCFED
1F92E4
228D7C
25C2EB
2936B6
2CECC1
30E950
353114
012342
012342
012342
012342
012342
012342
012342
012342
012342
012342
012342
012342
012342
012342
012342
012342
0123CE
012D31
0137D5
0143DD
015171
01642C
017FB2
019D70
01BD96
01E05E
020606
022ED6
025B1C
028B33
02BF81
02F87B
0336A4
037A97
03C503
0416B2
04708E
04D3A5
05412B
05BA85
064145
06D731
077E40
08389C
090895
09F097
0AF323
0C12BC
0D51DA
0EB2E6
103834
11E405
13B88F
15B808
17E4AF
1A40DD
1CCF0F
1F91F4
228C79
25C1D4
29358A
2CEB7E
30E7F5
352F9F
012342
012342
012342
012342
012342
012342
012342
012342
012342
012342
012342
012342
012342
012342
012342
012342
0123CA
012D2D
0137D0
0143D7
01516B
016429
017FB0
019D6C
01BD92
01E059
020601
022ED0
025B15
028B2B
02BF78
02F870
033698
037A89
03C4F2
04169E
047077
04D38A
05410D
05BA62
06411C
06D701
077E0A
08385D
09084C
09F045
0AF2C6
0C1252
0D5164
0EB262
1037A2
11E364
13B7DE
15B746
17E3DC
1A3FF8
1CCE17
1F90E8
228B59
25C09D
29343B
2CEA16
30E672
352DFF
012342
012342
012342
012342
012342
012342
012342
012342
012342
012342
012342
012342
012342
012342
012342
012342
0123C6
012D28
0137CA
0143D1
015164
016426
017FAC
019D69
01BD8E
01E054
0205FB
022EC9
025B0D
028B22
02BF6E
02F864
03368A
037A78
03C4DF
041688
04705E
04D36D
0540EB
05BA3A
0640EE
06D6CC
077DCC
083817
0907FC
09EFE9
0AF25D
0C11DC
0D50DF
0EB1CF
1036FE
11E2AF
13B718
15B66E
17E2F1
1A3EF8
1CCD02
1F8FBD
228A16
25BF41
2932C5
2CE884
30E4C2
352C2E
012342
012342
012342
012342
012342
012342
012342
012342
012342
012342
012342
012342
012342
012342
012342
012342
0123C1
012D23
0137C4
0143CA
01515C
016423
017FA9
019D65
01BD89
01E04F
0205F5
022EC2
025B05
028B18
02BF62
02F856
03367A
037A66
03C4CA
041670
047042
04D34C
0540C4
05BA0E
0640BA
06D690
077D88
0837C8
0907A2
09EF82
0AF1E9
0C1159
0D504C
0EB12A
103648
11E1E6
13B63C
15B57D
17E1EA
1A3DDB
1CCBCD
1F8E6F
2288AE
25BDBD
293124
2CE6C3
30E2DF
352A28
012342
012342
012342
012342
012342
012342
012342
012342
012342
012342
012342
012342
012342
012342
012342
012342
0123BC
012D1D
0137BE
0143C2
015154
016420
017FA5
019D60
01BD84
01E049
0205EE
022EB9
025AFB
028B0D
02BF55
02F847
033669
037A52
03C4B3
041655
047022
04D327
05409A
05B9DC
064081
06D64E
077D3C
083770
09073D
09EF0F
0AF167
0C10C6
0D4FA7
0EB072
10357C
11E106
13B545
15B46F
17E0C5
1A3C9D
1CCA74
1F8CFB
22871C
25BC0C
292F51
2CE4CD
30E0C4
3527E4
012342
012342
012342
012342
012342
012342
012342
012342
012342
012342
012342
012342
012342
012342
012342
012342
0123B6
012D16
0137B6
0143BA
01514A
01641C
017FA1
019D5B
01BD7E
01E042
0205E6
022EB0
025AF0
028B01
02BF47
02F837
033655
037A3C
03C498
041636
046FFF
04D2FE
05406A
05B9A5
064041
06D604
077CE6
08370E
0906CD
09EE8F
0AF0D6
0C1022
0D4EEF
0EAFA5
103499
11E00B
13B432
15B343
17DF7D
1A3B39
1CC8F3
1F8B5B
22855B
25BA29
292D49
2CE29D
30DE6A
35255E
012342
012342
012342
012342
012342
012342
012342
012342
012342
012342
012342
012342
012342
012342
012342
012342
0123AF
012D0F
0137AE
0143B0
01513F
016418
017F9C
019D55
01BD77
01E03A
0205DD
022EA6
025AE5
028AF3
02BF37
02F824
033640
037A22
03C47B
041614
046FD7
04D2D0
054035
05B967
063FFA
06D5B2
077C87
0836A1
09064F
09EE00
0AF033
0C0F6B
0D4E22
0EAEC1
10339B
11DEF3
13B2FE
15B1F3
17DE0F
1A39AC
1CC745
1F898A
228366
25B80D
292B04
2CE02C
30DBCA
35228C
012342
012342
012342
012342
012342
012342
012342
012342
012342
012342
012342
012342
012342
012342
012342
012342
0123A8
012D07
0137A4
0143A6
015133
016413
017F96
019D4F
01BD70
01E032
0205D3
022E9A
025AD7
028AE3
02BF25
02F80F
033628
037A06
03C45B
0415EE
046FAB
04D29D
053FFA
05B923
063FAA
06D556
077C1D
083627
0905C3
09ED61
0AEF7E
0C0E9F
0D4D3D
0EADC1
10327F
11DDBA
13B1A7
15B07C
17DC77
1A37F1
1CC565
1F8784
228137
25B5B2
29287B
2CDD73
30D8DC
351F65
012342
012342
012342
012342
012342
012342
012342
012342
012342
012342
012342
012342
012342
012342
012342
012342
0123A0
012CFD
01379A
01439A
015126
01640E
017F90
019D48
01BD68
01E028
0205C8
022E8D
025AC8
028AD2
02BF11
02F7F8
03360D
0379E7
03C436
0415C4
046F7A
04D264
053FB8
05B8D6
063F51
06D4EF
077BA6
08359F
090527
09ECAF
0AEEB4
0C0DBB
0D4C3D
0EACA4
103143
11DC5D
13B028
15AED9
17DAAF
1A3602
1CC34E
1F8541
227EC6
25B311
2925A7
2CDA67
30D596
351BE1
012342
012342
012342
012342
012342
012342
012342
012342
012342
012342
012342
012342
012342
012342
012342
012342
012397
012CF3
01378E
01438D
015117
016408
017F89
019D40
01BD5E
01E01D
0205BB
022E7F
025AB8
028ABF
02BEFA
02F7DE
0335EE
0379C4
03C40D
041595
046F43
04D224
053F6E
05B880
063EEE
06D47C
077B22
083506
090479
09EBE8
0AEDD3
0C0CBD
0D4B20
0EAB65
102FE2
11DAD8
13AE7D
15AD05
17D8B2
1A33D9
1CC0F7
1F82BA
227C0C
25B021
29227E
2CD701
30D1EF
3517F4
012342
012342
012342
012342
012342
012342
012342
012342
012342
012342
012342
012342
012342
012342
012342
012342
01238C
012CE7
013781
01437E
015106
016401
017F81
019D37
01BD54
01E011
0205AE
022E6F
025AA5
028AA9
02BEE1
02F7C1
0335CD
03799D
03C3E0
041560
046F06
04D1DD
053F1B
05B821
063E7F
06D3FC
077A8E
08345D
0903B6
09EB0A
0AECD7
0C0BA0
0D49E1
0EAA02
102E58
11D925
13AC9F
15AAFC
17D67A
1A3170
1CBE5B
1F7FE8
227901
25ACDA
291EF7
2CD336
30CDDA
351391
012342
012342
012342
012342
012342
012342
012342
012342
012342
012342
012342
012342
012342
012342
012342
012342
012381
012CDA
013772
01436D
0150F4
0163FA
017F79
019D2D
01BD49
01E004
02059E
022E5D
025A90
028A91
02BEC5
02F7A1
0335A7
037971
03C3AD
041525
046EC2
04D18E
053EBF
05B7B6
063E04
06D36D
0779E9
08339F
0902DD
09EA12
0AEBBE
0C0A63
0D487D
0EA875
102C9F
11D73F
13AA8A
15A8B5
17D3FF
1A2EBF
1CBB71
1F7CC2
22759C
25A931
291B06
2CCEF9
30C94C
350EAC
012342
012342
012342
012342
012342
012342
012342
012342
012342
012342
012342
012342
012342
012342
012342
012342
012374
012CCC
013762
01435B
0150DF
0163F2
017F6F
019D22
01BD3C
01DFF5
02058D
022E49
025A79
028A76
02BEA6
02F77C
03357D
037940
03C375
0414E4
046E75
04D135
053E58
05B73F
063D7A
06D2CE
077931
0832CB
0901EB
09E8FE
0AEA84
0C0901
0D46EF
0EA6B9
102AB4
11D521
13A836
15A62A
17D13A
1A2BBE
1CB830
1F793E
2271D1
25A51B
2916A0
2CCA3E
30C436
350935
012342
012342
012342
012342
012342
012342
012342
012342
012342
012342
012342
012342
012342
012342
012342
012342
012366
012CBC
013750
014346
0150C8
0163E9
017F65
019D16
01BD2E
01DFE5
02057A
022E33
025A5F
028A58
02BE83
02F754
03354E
03790A
03C336
04149A
046E20
04D0D3
053DE6
05B6BA
063CE0
06D21C
077864
0831DF
0900DC
09E7C9
0AE926
0C0775
0D4534
0EA4CA
10288F
11D2C3
13A59E
15A353
17CE23
1A2862
1CB48E
1F7550
226D94
25A08A
2911B6
2CC4F5
30BE87
350319
012342
012342
012342
012342
012342
012342
012342
012342
012342
012342
012342
012342
012342
012342
012342
012342
012356
012CAA
01373B
01432F
0150AE
0163DE
017F59
019D08
01BD1E
01DFD2
020564
022E1A
025A43
028A37
02BE5D
02F727
03351A
0378CD
03C2EF
041449
046DC1
04D064
053D66
05B625
063C34
06D155
07777F
0830D7
08FFAE
09E670
0AE79E
0C05BC
0D4344
0EA2A2
10262A
11D01F
13A2B7
15A028
17CAAF
1A24A3
1CB07F
1F70EE
2268D9
259B71
290C39
2CBF0E
30B82F
34FC48
012342
012342
012342
012342
012342
012342
012342
012342
012342
012342
012342
012342
012342
012342
012342
012342
012345
012C96
013725
014315
015091
0163D3
017F4C
019CF8
01BD0C
01DFBE
02054C
022DFE
025A22
028A12
02BE31
02F6F5
0334E0
03788A
03C2A1
0413ED
046D57
04CFE9
053CD7
05B57F
063B74
06D077
07767F
082FB1
08FE5C
09E4EF
0AE5EA
0C03CF
0D411B
0EA039
10237D
11CD2C
139F7A
159C9E
17C6D4
1A2074
1CABF6
1F6C08
226390
2595C0
290619
2CB876
30B119
34F4AA
012342
012342
012342
012342
012342
012342
012342
012342
012342
012342
012342
012342
012342
012342
012342
012342
012342
012C7F
01370B
0142F9
015070
0163C6
017F3D
019CE7
01BCF8
01DFA7
020532
022DDF
0259FF
0289E8
02BE01
02F6BD
03349F
03783E
03C249
041387
046CE1
04CF60
053C37
05B4C6
063A9D
06CF7F
077561
082E68
08FCE4
09E342
0AE402
0C01A9
0D3EB2
0E9D88
102081
11C9E1
139BDD
1598AA
17C286
1A1BC7
1CA6E6
1F668F
225DAA
258F64
28FF40
2CB11A
30A92F
34EC29
012342
012342
012342
012342
012342
012342
012342
012342
012342
012342
012342
012342
012342
012342
012342
012342
012342
012C66
0136EF
0142D9
01504C
0163B8
017F2C
019CD4
01BCE2
01DF8D
020514
022DBD
0259D7
0289BA
02BDCB
02F67E
033456
0377EA
03C1E7
041315
046C5C
04CEC6
053B85
05B3F8
0639AE
06CE6A
077422
082CF9
08FB3F
09E162
0AE1E2
0BFF42
0D3C00
0E9A87
101D2C
11C633
1397D3
159440
17BDB7
1A168E
1CA13F
1F6073
225712
25884A
28F79B
2CA8E0
30A057
34E2A8
012342
012342
012342
012342
012342
012342
012342
012342
012342
012342
012342
012342
012342
012342
012342
012342
012342
012C4A
0136CF
0142B5
015024
0163A8
017F1A
019CBF
01BCC9
01DF70
0204F3
022D96
0259AA
028986
02BD8F
02F638
033405
03778C
03C17A
041296
046BC9
04CE1B
053ABE
05B311
0638A3
06CD36
0772BE
082B60
08F96A
09DF4B
0ADF82
0BFC94
0D38FE
0E972C
101973
11C218
139350
158F51
17B858
1A10B9
1C9AEE
1F59A0
224FB5
25805B
28EF11
2C9FB1
309677
34D80B
012342
012342
012342
012342
012342
012342
012342
012342
012342
012342
012342
012342
012342
012342
012342
012342
012342
012C2B
0136AC
01428D
014FF7
016396
017F05
019CA7
01BCAD
01DF50
0204CE
022D6B
025978
02894C
02BD4C
02F5EA
0333AA
037722
03C0FF
041209
046B24
04CD5C
0539E0
05B210
063779
06CBDD
077130
082996
08F75E
09DCF5
0ADCDC
0BF996
0D35A3
0E936C
10154B
11BD81
138E47
1589CF
17B258
1A0A36
1C93E0
1F5200
22477B
25777E
28E586
2C956D
308B6E
34CC2F
012342
012342
012342
012342
012342
012342
012342
012342
012342
012342
012342
012342
012342
012342
012342
012342
012342
012C08
013684
014261
014FC5
016382
017EEE
019C8C
01BC8F
01DF2C
0204A4
022D3B
025940
02890B
02BD01
02F593
033345
0376AD
03C077
04116A
046A6D
04CC86
0538E9
05B0F1
06362D
06CA5D
076F74
082798
08F515
09DA5A
0AD9E6
0BF63F
0D31E3
0E8F3D
1010A6
11B862
1388A6
1583A8
17ABA5
1A02EF
1C8BFF
1F497C
223E4A
256D97
28DADD
2C89F6
307F1A
34BEEF
012342
012342
012342
012342
012342
012342
012342
012342
012342
012342
012342
012342
012342
012342
012342
012342
012342
012BE1
013658
01422F
014F8C
01636C
017ED5
019C6F
01BC6C
01DF05
020476
022D06
025902
0288C3
02BCAD
02F532
0332D5
03762A
03BFDF
0410BA
04699F
04CB98
0537D4
05AFB0
0634B9
06C8AF
076D85
08255E
08F288
09D771
0AD698
0BF284
0D2DB3
0E8A91
100B77
11B2A8
13825D
157CC9
17A428
19FACD
1C8330
1F3FF7
223406
256286
28CEF4
2C7D26
307154
34B021
012342
012342
012342
012342
012342
012342
012342
012342
012342
012342
012342
012342
012342
012342
012342
012342
012342
012BB6
013627
0141F7
014F4E
016354
017EB8
019C4E
01BC46
01DED8
020442
022CCA
0258BD
028873
02BC50
02F4C6
033257
037598
03BF35
040FF5
0468BB
04CA8E
0536A0
05AE4B
06331B
06C6D0
076B5C
0822E2
08EFAF
09D431
0AD2E8
0BEE5A
0D2905
0E8558
1005AC
11AC44
137B58
15751B
179BCA
19F1B8
1C7959
1F3555
22288C
255628
28C1A4
2C6ED4
3061EF
349F95
012342
012342
012342
012342
012342
012342
012342
012342
012342
012342
012342
012342
012342
012342
012342
012342
012342
012B85
0135F0
0141B9
014F08
016338
017E98
019C29
01BC1B
01DEA6
020409
022C87
02586F
028819
02BBE7
02F44D
0331CA
0374F5
03BE78
040F19
0467BB
04C966
053548
05ACBB
06314C
06C4B9
0768F3
08201C
08EC82
09D090
0ACEC9
0BE9B3
0D23CC
0E7F84
0FFF33
11A51F
13737F
156C86
179271
19E791
1C6E5A
1F2972
221BB9
254856
28B2C3
2C5ED3
3050B9
348D17
012342
012342
012342
012342
012342
012342
012342
012342
012342
012342
012342
012342
012342
012342
012342
012342
012342
012B4F
0135B3
014174
014EB9
016319
017E75
019BFF
01BBEB
01DE6F
0203C8
022C3C
025819
0287B4
02BB73
02F3C6
03312E
03743F
03BDA5
040E23
04669E
04C81B
0533C7
05AAFE
062F48
06C264
076642
081D04
08E8F5
09CC83
0ACA2F
0BE481
0D1DF7
0E7901
0FF7F9
119D24
136ABB
1562F0
1787FF
19DC38
1C6210
1F1C29
220D63
2538E4
28A222
2C4CEF
303D7D
34786A
012342
012342
012342
012342
012342
012342
012342
012342
012342
012342
012342
012342
012342
012342
012342
012342
012342
012B13
01356E
014126
014E62
0162F7
017E4D
019BD1
01BBB6
01DE31
020381
022BE9
0257B8
028744
02BAF1
02F32F
03307F
037374
03BCB9
040D11
046560
04C6A9
05321B
05A90C
062D08
06BFCA
076341
08198F
08E4FF
09C7FE
0AC50C
0BDEB3
0D1772
0E71BA
0FEFE5
11943A
1360EF
155839
177C52
19CF89
1C5453
1F0D4F
21FD5C
25279E
288F8A
2C38EE
3027FB
34614D
012342
012342
012342
012342
012342
012342
012342
012342
012342
012342
012342
012342
012342
012342
012342
012342
012342
012ACF
013522
0140D0
014E00
0162D1
017E20
019B9E
01BB7A
01DDEC
020331
022B8C
02574C
0286C8
02BA60
02F287
032FBB
037291
03BBB1
040BE0
0463FD
04C50D
05303C
05A6E1
062A85
06BCE2
075FE7
0815B3
08E092
09C2F1
0ABF50
0BD838
0D102B
0E699A
0FE6DF
118A43
1355FC
154C3F
176F44
19C15C
1C44F6
1EFCB4
21EB70
25144E
287ABF
2C2290
300FEE
344773
012342
012342
012342
012342
012342
012342
012342
012342
012342
012342
012342
012342
012342
012342
012342
012342
012342
012A84
0134CC
01406F
014D93
0162A6
017DEF
019B64
01BB37
01DD9F
0202D7
022B25
0256D4
02863C
02B9BE
02F1CB
032EE1
037194
03BA8C
040A8A
046271
04C341
052E26
05A476
0627B8
06B9A4
075C29
081165
08DBA2
09BD4D
0AB8E8
0BD0FB
0D0809
0E6085
0FDCCA
117F20
1349BF
153EDB
1760AC
19B181
1C33C9
1EEA22
21D766
24FEB4
28637D
2C098B
2FF507
342A89
012342
012342
012342
012342
012342
012342
012342
012342
012342
012342
012342
012342
012342
012342
012342
012342
012342
012A2F
01346D
014003
014D19
016276
017DB7
019B24
01BAED
01DD49
020273
022AB1
02564E
0285A1
02B90A
02F0FA
032DEE
03707A
03B944
04090E
0460B6
04C140
052BD2
05A1C3
062497
06B606
0757FC
080C96
08D61F
09B702
0AB1C1
0BC8E6
0CFEF4
0E565F
0FD184
1172AD
133C10
152FE2
17505A
199FC5
1C2092
1ED55C
21C0FA
24E68A
284979
2BED8D
2FD6EE
340A30
012342
012342
012342
012342
012342
012342
012342
012342
012342
012342
012342
012342
012342
012342
012342
012342
012342
0129D1
013402
013F8A
014C91
016241
017D7A
019ADD
01BA9A
01DCE9
020204
022A30
0255B8
0284F3
02B841
02F010
032CDF
036F3F
03B7D6
040765
045EC9
04BF03
052939
059EBF
062119
06B1FC
075352
080738
08CFF7
09AFFA
0AA9C3
0BBFDD
0CF4CD
0E4B08
0FC4EB
1164C1
132CC3
151F23
173E19
198BEF
1C0B13
1EBE1E
21A7E4
24CB80
282C5B
2BCE39
2FB53F
33E5FB
012342
012342
012342
012342
012342
012342
012342
012342
012342
012342
012342
012342
012342
012342
012342
012342
012342
012968
01338B
013F04
014BF9
016205
017D35
019A8D
01BA3E
01DC7D
020188
0229A0
025511
028431
02B760
02EF0B
032BB0
036DDF
03B63E
04058B
045CA3
04BC83
052653
059B63
061D34
06AD7A
074E1E
08013B
08C918
09A820
0AA0D7
0BB5C6
0CE976
0E3E5A
0FB6D5
115531
131BA6
150C67
1729AC
1975BD
1BF305
1EA41A
218BD0
24AD3B
280BC4
2BAB28
2F8F8A
33BD73
012342
012342
012342
012342
012342
012342
012342
012342
012342
012342
012342
012342
012342
012342
012342
012342
012342
0128F2
013306
013E6D
014B4F
0161C3
017CE8
019A34
01B9D7
01DC06
0200FD
0228FF
025457
028359
02B665
02EDE8
032A5E
036C57
03B477
04037A
045A3C
04B9BA
052317
0597A2
0618DB
06A872
07484F
07FA8B
08C16C
099F5C
0A96DF
0BAA80
0CDCC8
0E302F
0FA716
1143C8
130881
14F772
1712D0
195CE5
1BD817
1E86FB
216C5F
248B57
27E744
2B83E3
2F6550
33900F
012342
012342
012342
012342
012342
012342
012342
012342
012342
012342
012342
012342
012342
012342
012342
012342
012342
01286F
013271
013DC5
014A91
016179
017C92
0199D0
01B963
01DB80
020062
02284C
025387
028268
02B54D
02ECA3
0328E6
036AA2
03B27B
04012C
04578F
04B69F
051F7C
059373
061401
06A2D5
0741D4
07F314
08B8DA
099592
0A8BBC
0B9DE8
0CCE9D
0E2057
0F9578
11304F
12F315
14DFFC
16F93A
194114
1BB9EF
1E665D
214928
246560
27BE62
2B57E5
2F3600
335D34
012342
012342
012342
012342
012342
012342
012342
012342
012342
012342
012342
012342
012342
012342
012342
012342
012342
0127DC
0131CA
013D08
0149BD
016126
017C32
019961
01B8E3
01DAEB
01FFB6
022784
02529F
02815B
02B415
02EB39
032741
0368BA
03B044
03FE9A
045493
04B327
051B75
058EC8
060E98
069C92
073A98
07EABF
08AF4A
098AA2
0A7F4C
0B8FD4
0CBEC6
0E0E9F
0F81C4
111A84
12DB1A
14C5B8
16DC92
1921EB
1B9827
1E41D2
2121B3
243AD4
279090
2B2696
2F00F9
332433
012342
012342
012342
012342
012342
012342
012342
012342
012342
012342
012342
012342
012342
012342
012342
012342
012342
012738
013110
013C36
0148CF
0160CA
017BC8
0198E6
01B853
01DA45
01FEF5
0226A5
02519C
02802F
02B2B9
02E9A5
03256C
036699
03ADCC
03FBBC
04513E
04AF49
0516F8
058992
06088E
069595
073286
07E172
08A49C
097E6C
0A7166
0B8018
0CAD10
0DFACD
0F6BB8
11021F
12C040
14A84C
16BC77
18FF01
1B7249
1E18DA
20F576
240B20
275D2E
2AEF4B
2EC582
32E445
012342
012342
012342
012342
012342
012342
012342
012342
012342
012342
012342
012342
012342
012342
012342
012342
012342
012680
013040
013B4B
0147C5
016063
017B50
01985C
01B7B4
01D98C
01FE1E
0225AB
02507B
027EE0
02B134
02E7E2
032361
03643A
03AB0B
03F889
044D87
04AAF9
0511F6
0583C3
0601D1
068DC9
072983
07D711
0898B0
0970C9
0A61DE
0B6E82
0C9942
0DE4A1
0F530A
10E6CE
12A22C
148755
16987B
18D7DC
1B47D4
1DEAE8
20C3D6
23D59C
272389
2AB140
2E82C7
329C88
012342
012342
012342
012342
012342
012342
012342
012342
012342
012342
012342
012342
012342
012342
012342
012342
012342
0125B3
012F58
013A43
014706
015FF0
017ACB
0197C2
01B701
01D8BD
01FD2F
022496
024F39
027D6A
02AF83
02E5EC
03211A
036195
03A7F8
03F4F8
044963
04A629
050C60
057D47
05FA4E
068516
071F76
07CB7A
088B60
09618C
0A5084
0B5AD8
0C831B
0DCBD1
0F3768
10C835
128078
146260
167020
18ABF2
1B182F
1DB757
208C22
239988
26E2CF
2A6B96
2E37D8
324BF9
012342
012342
012342
012342
012342
012342
012342
012342
012342
012342
012342
012342
012342
012342
012342
012342
012342
0124CE
012E53
01391D
014697
015F70
017A37
019716
01B63A
01D7D6
01FC23
022360
024DD2
027BC9
02ADA0
02E3BB
031E8F
035EA1
03A48B
03F0FD
0444C4
04A0CC
050626
05760D
05F1ED
067B62
07143E
07BE8C
087C83
095088
0A3D1F
0B44DC
0C6A52
0DB00A
0F1875
10A5EB
125AAD
1438EC
1642D7
187AA7
1AE2B1
1D7D6E
204D90
235608
269A16
2A1D4E
2DE3A3
31F16F
012342
012342
012342
012342
012342
012342
012342
012342
012342
012342
012342
012342
012342
012342
012342
012342
012342
0123CD
012D30
0137D3
01461C
015EE1
017991
019656
01B55C
01D6D5
01FAF9
022206
024C41
0279F9
02AB85
02E14A
031BB9
035B57
03A0BA
03EC8E
043F9E
049AD1
04FF34
056DFE
05E894
06708F
0707BB
07B01D
086BEA
093D86
0A2773
0B2C46
0C4E96
0D90F0
0EF5C8
107F7A
123048
140A65
160FFD
184348
1AA694
1D3C56
200738
230A22
26484D
29C541
2D84EA
318B96
012342
012342
012342
012342
012342
012342
012342
012342
012342
012342
012342
012342
012342
012342
012342
012342
012342
012342
012BEA
013662
014592
015E42
0178D9
019580
01B464
01D5B6
01F9AC
022085
024A82
0277F3
02A92C
02DE91
031891
0357AC
039C78
03E79D
0439E0
049426
04F776
056502
05DE28
06647C
06F9C5
07A001
085963
09284A
0A0F39
0B10C5
0C2F8A
0D6E18
0ECEE8
105459
1200B1
13D622
15D6D8
180508
1A62F9
1CF31A
1FB80E
22B4B4
25EC3A
29621F
2D1A41
3118E5
012342
012342
012342
012342
012342
012342
012342
012342
012342
012342
012342
012342
012342
012342
012342
012342
012342
012342
012A7E
0134C5
0144F9
015D90
01780B
019491
01B350
01D476
01F839
021ED7
024890
0275B1
02A68E
02DB87
03150B
035396
0397B9
03E21A
04337A
048CB7
04EED5
055AFE
05D28A
065706
06EA33
078E08
0844B3
091091
09F423
0AF201
0C0CC7
0D470C
0EA34D
1023EF
11CB3A
139B62
159692
17BEF8
1A16DA
1CA09F
1F5EDE
22546F
258472
28F25D
2CA201
309793
012342
012342
012342
012342
012342
012342
012342
012342
012342
012342
012342
012342
012342
012342
012342
012342
012342
012342
0128E5
0132F7
01444D
015CC9
017725
019387
01B21B
01D311
01F69C
021CF7
024665
02732D
02A3A3
02D825
03111E
034F08
03926F
03DBF6
042C59
048470
04E537
054FD4
05C597
064804
06D8D5
0779FA
082D9C
08F612
09D5DC
0ACF93
0BE5D8
0D1B45
0E725E
0FED8D
118F1F
135948
154E32
17700A
19C10C
1C439A
1EFA40
21E7CB
250F4F
287434
2C1A3B
30058D
012342
012342
012342
012342
012342
012342
012342
012342
012342
012342
012342
012342
012342
012342
012342
012342
012342
012342
01271B
0130F0
01438E
015BEC
017625
01925F
01B0C4
01D183
01F4CF
021AE1
0243F9
02705F
02A063
02D460
030CBE
0349F4
038C8B
03D51F
042467
047B36
04DA81
054365
05B729
06374A
06C578
07639B
0813D5
08D878
09B401
0AA90A
0BBA38
0CEA29
0E3B6A
0FB06A
114B7A
130ED2
14FC9B
1716FD
196031
1BDA8B
1E8891
216D01
248AE1
27E58A
2B80AD
2F6061
012342
012342
012342
012342
012342
012342
012342
012342
012342
012342
012342
012342
012342
012342
012342
012342
012342
012342
01251A
012EAA
0142B9
015AF5
017507
019114
01AF45
01CFC7
01F2CD
02188E
024147
026D3F
029CC4
02D02D
0307DF
03444D
0385FB
03CD81
041B8F
0470F1
04CE93
05358B
05A717
0624A7
06AFE2
074AA8
07F710
08B766
098E26
0A7DE7
0B8952
0CB30D
0DFDA9
0F6B9F
10FF46
12BAD8
14A07F
16B261
18F2AD
1B63B0
1E07E2
20E1F5
23F4DE
2743E5
2AD2A8
2EA52B
012342
012342
012342
012342
012342
012342
012342
012342
012342
012342
012342
012342
012342
012342
012342
012342
012342
012342
012342
012C1E
0141CB
0159E2
0173C8
018FA3
01AD9A
01CDD8
01F090
0215F6
023E46
0269C4
0298BB
02CB7F
030272
033E01
037EAD
03C506
0411B6
046581
04C14C
05261F
059530
060FE4
0697D4
072ED6
07D6F5
089278
0963D2
0A4D9B
0B527F
0C7529
0DB835
0F1E23
10A951
125C00
143859
16407F
18769B
1ADCF1
1D75E9
204427
234A8D
268C50
2A0CF9
2DD076
012342
012342
012342
012342
012342
012342
012342
012342
012342
012342
012342
012342
012342
012342
012342
012342
012342
012342
012342
012A7E
0140C2
0158AF
017265
018E08
01ABBE
01CBB1
01EE11
021312
023AEE
0265E3
02943C
02C649
02FC67
0336FF
03768B
03BB95
0406C0
0458C7
04B284
0514F6
058144
05F8C6
067D09
070FD3
07B325
086939
09347D
0A1786
0B1500
0C2F9F
0D6A07
0EC6C3
10483B
11F0B5
13C25D
15BF54
17E9BD
1A43CF
1CCFE7
1F9093
2288A5
25BB3A
292BC4
2CDE16
012342
012342
012342
012342
012342
012342
012342
012342
012342
012342
012342
012342
012342
012342
012342
012342
012342
012342
012342
01297E
013F9B
015759
0170DA
018C3E
01A9AB
01C94B
01EB4A
020FDB
023734
026192
028F3B
02C07D
02F5AE
032F33
036D7F
03B116
03FA90
044AA0
04A215
0501DF
056B1A
05DF0D
065F35
06ED47
078B36
083B2D
08FF92
09DAF4
0AD001
0BE171
0D11F3
0E641E
0FDA65
117719
133C69
152C76
17495C
199548
1C1286
1EC393
21AB28
24CC49
282A4F
2BC8ED
012342
012342
012342
012342
012342
012342
012342
012342
012342
012342
012342
012342
012342
012342
012342
012342
012342
012342
012342
012934
013E51
0155DC
016F20
018A3F
01A75C
01C69F
01E832
020C46
02330E
025CC4
0289AA
02BA09
02EE33
032686
03636F
03A569
03ED03
043AE5
048FD0
04ECA8
055276
05C272
063E05
06C6D0
075EB4
0807CB
08C46D
099721
0A8292
0B897E
0CAE9F
0DF498
0F5DEC
10ECF7
12A3F2
1484FD
169230
18CDAE
1B39B2
1DD8A3
20AD22
23BA16
2702B8
2A8A9B
012342
012342
012342
012342
012342
012342
012342
012342
012342
012342
012342
012342
012342
012342
012342
012342
012342
012342
012342
012BEA
013CE2
015434
016D35
018806
01A4CA
01C3A5
01E4C1
020849
022E70
02576B
028378
02B2DB
02E5E2
031CE2
035841
039870
03DDF6
04296C
047B86
04D518
053718
05A2AA
061920
069C06
072D23
07CE7E
08825A
094B32
0A2BAB
0B2685
0C3E82
0D7657
0ED098
104FB1
11F5E6
13C55E
15C030
17E872
1A4051
1CCA1C
1F8858
227DCD
25AD90
291B0B
012342
012342
012342
012342
012342
012342
012342
012342
012342
012342
012342
012342
012342
012342
012342
012342
012342
012342
012342
012EE6
013CA5
01525A
016B12
01858D
01A1ED
01C055
01E0EB
0203D9
02294D
025179
027C95
02AAE1
02DCA4
03122C
034BD6
038A0A
03CD41
041608
046503
04BAF3
0518BA
057F64
05F029
066C7A
06F601
078EA8
083899
08F63C
09CA29
0AB71C
0BBFE1
0CE739
0E2FCE
0F9C22
112E8D
12E93F
14CE53
16DFD8
191FEA
1B90C2
1E34C7
210E9C
24212C
276FB6
012342
012342
012342
012342
012342
012342
012342
012342
012342
012342
012342
012342
012342
012342
012342
012342
012342
012342
01254E
013230
014038
01504C
0168B0
0182CC
019EBE
01BCA6
01DCA7
01FEEA
022397
024ADC
0274EE
02A205
02D260
030648
033E0E
037A10
03BABA
040089
044C10
049DFA
04F713
05584C
05C2BE
0637B9
06B8C3
0747A4
07E662
089747
095CD6
0A39BE
0B30CB
0C44CE
0D7886
0ECE90
10495F
11EB38
13B63F
15AC86
17D01A
1A231F
1CA7DB
1F60C9
2250A6
257A7D
012342
012342
012342
012342
012342
012342
012342
012342
012342
012342
012342
012342
012342
012342
012342
012342
012342
012342
01289E
0135CD
014426
0153B8
01660A
017FBB
019B32
01B88C
01D7E9
01F96D
021D3E
024385
026C6F
02982F
02C6FD
02F919
032EC8
03685D
03A635
03E8BD
043073
047DEC
04D1DA
052D0C
05907C
05FD4F
0674E3
06F8CF
078AEE
082D5B
08E276
09ACD3
0A8F32
0B8C68
0CA749
0DE293
0F40DA
10C488
126FD8
1444E7
1645C1
187475
1AD32D
1D6437
202A1E
2327B0
012342
012342
012342
012342
012342
012342
012342
012342
012342
012342
012342
012342
012342
012342
012342
012342
012342
012342
012C41
0139C4
014874
015862
01699A
017C53
019741
01B3FD
01D2A4
01F355
021632
023B5E
026301
028D47
02BA5E
02EA7D
031DDF
0354C7
038F84
03CE6F
0411F2
045A88
04A8C3
04FD51
055903
05BCD0
0629E1
06A194
072586
07B795
0859E4
090ED7
09D90A
0ABB42
0BB85B
0CD32D
0E0E7A
0F6CDB
10F0B9
129C52
1471C2
167317
18A261
1B01C9
1D93A1
205A75
012342
012342
012342
012342
012342
012342
012342
012342
012342
012342
012342
012342
012342
012342
012342
012342
012342
012386
01303F
013E1C
014D2C
015D7C
016F1B
018217
01967B
01AEEC
01CCC9
01EC91
020E60
023254
02588E
028131
02AC65
02DA54
030B2C
033F23
037677
03B16B
03F053
04338C
047B88
04C8CE
051C00
0575E0
05D758
064180
06B5A6
073552
07C24F
085EAB
090CB7
09CEFF
0AA840
0B9B55
0CAB1D
0DDA6A
0F2BEB
10A221
123F60
1405D3
15F791
1816AD
1A654C
1CE5B3
012342
012342
012342
012342
012342
012342
012342
012342
012342
012342
012342
012342
012342
012342
012342
012342
012342
012788
01349E
0142DD
015253
01630F
01751E
01888D
019D6A
01B3C0
01CB9B
01E510
0205B4
022850
024CFC
0273D3
029CF3
02C87A
02F68A
032748
035ADF
03917F
03CB5F
0408BF
0449EE
048F46
04D936
052845
057D13
05D867
063B2A
06A678
071B9F
079C2A
0829E3
08C6D3
097549
0A37CD
0B111A
0C040A
0D1383
0E4260
0F935D
11090E
12A5D8
146BFC
165DA4
187CF4
012342
012342
012342
012342
012342
012342
012342
012342
012342
012342
012342
012342
012342
012342
012342
012342
012342
012BEB
013966
01480F
0157F4
016923
017BAA
018F96
01A4F4
01BBCF
01D433
01EE2B
0209C1
0226FF
0245EB
02668F
028BE6
02B4CB
02DFD1
030D0B
033C92
036E7C
03A2E8
03D9F5
0413CB
045096
049091
04D3FF
051B33
056696
05B6A3
060BF1
066736
06C94A
07332E
07A60F
08234D
08AC82
094381
09EA5F
0AA36F
0B713F
0C568E
0D5640
0E7346
0FB090
1110F5
129729
012342
012342
012342
012342
012342
012342
012342
012342
012342
012342
012342
012342
012342
012342
012342
012342
0123F4
0130B7
013E9F
014DB9
015E16
016FC1
0182C9
01973B
01AD22
01C48C
01DD83
01F811
021442
02321C
0251A9
0272EE
0295F3
02BABA
02E147
03099C
0333BB
035FA2
038D51
03BCC7
03EE02
042102
0455C7
048C53
04C4AB
04FED8
053AE8
0578ED
05B8FF
05FB3E
063FD0
0686E3
06D0AC
071D68
076D5C
07C0D5
081827
0873B0
08D3D6
093905
09A3B6
0A1468
0A8BA7
0B0A07
