00000000000000000000000000000000e17fd6bcebf1b90e3316dd0003e9007f
00000000000000000000000000000000bd32f5c204dd1ce02913e8f807df2f03
00000000000000000000000000000000c7ed14daeee37f41f2e3f80a41d521f0
00000000000000000000000000000000cfedf30bf0e668eef1045b02d9f808d6
00000000000000000000000000000000dc15d72ef8ef26ddfed97f01337f04cd
00000000000000000000000000000000101e199caae6b70c0b06e7f7f1073124
00000000000000000000000000000000e02e06aca90ae9e2dbdbe97ffcf67f03
00000000000000000000000000000000c615f83acf405423cbce14011ef41c1b
00000000000000000000000000000000af081046100b4e19da7d52102116dced
00000000000000000000000000000000bd020e310e0cf8d7fa0a30edf606bdd4
000000000000000000000000000000003de0fdb6a50fbce229ed031fcc083509
000000000000000000000000000000002de4dccd8143c0c8b3e900080007542d
00000000000000000000000000000000e8163ad9d17fefbca90cfd3821210ffa
00000000000000000000000000000000cf16ce4d325d2f36f242fb018102bafe
00000000000000000000000000000000b60115651f10cb7f02caf0fb10d5b1ed
000000000000000000000000000000004bbfeb8ee2e5dc31f32df506200220d0
000000000000000000000000000000007fd351b1b03aa052cc0dd40ad915e4e6
000000000000000000000000000000002203811adb63b6afd7f1e0fd2115e9f3
00000000000000000000000000000000040969791a63dcba36a2fffd1af0e249
00000000000000000000000000000000dff6d52c04fffc1f3cca13f8edd8d22a
000000000000000000000000000000002ec1fdb12efbf3dbc4e9d6fde4f502cf
0000000000000000000000000000000032dfb4e5100dc05af30ae3f40f0ae0e8
000000000000000000000000000000004df56502ee199aea7f15e4012006e302
0000000000000000000000000000000033fd951e0608cbdc4dddeff5cffadcfb
0000000000000000000000000000000021e1127ff1e94001047ff9050af8e228
2a0b020f07930d2d15d9cbe0e7d1d72ccd26a2f6f5d5dc52fb022e43e212ccec
f2dcf201d6f5c31c23e00ce53b030f0ff505cd04ffd1d1f913f40df507edea06
70e72d01f5a6bbed231620ef47e71be4810515ec23f4ec33f408fd24ebaef22e
112827f61fedde2e0595e3c10906dedcb9e9e706f6fb041e26e7351ef004ddeb
0efdefae0720af01f710e3e625cb42e9a8a9e91403d5fe0e2403c806ef30fcb1
48ff31f3dcd3c70bdf1a10dd10d13002a3e0fa1508f41f2744f90b0dffc6f8f9
301422fa0820db46e3adc6812d42fafd0cb1f460d394d9ff57f40ee5f7bae40f
082b10ede903ed103130c8c8ffff1a0fb3b2cd16f3be050d18ff1804f5e4bec9
5f031313e3fe9ff8fc0feda0ecd24bdabcf18118caed12111f2d1ee3d402cac3
c00c11af29f4ff2e1395c6bd350be103c1441ffc01ca25e1272a15fbf0fe8122
051217dae8f2f11ec22f2b002a01e62afbed581bfbda14360033fc2ff0ebc0e9
0601e2e2460b02d5b52a0903f7f7f118e0980712edfb021c1e1bd2c2b5ecef1b
e0ff29bf00ff06121c81eec51e2417fcbc1b270df7d0ece07025d30054b9e505
21324af20e11f4fa00032a29a2f72d09d4ed3013dfc902163508aa10240fcfed
0019e9195d311cd6a2f7fe20b1cf1521c903de0ef5d62a181ad7a6abfc2fed03
d51c1cc3ef373ad80bc6dcbd4c050fd1cecceeeaf407c6d8723723b443812322
ec06290ceb5113cb21050126d60424d9edfdedd5fa01eb0950e0f5c321100722
dc09dc49286016d7f8d1efe3a8e5005add2a291cffe51c04e4a4c8b43d61e00f
163d0f23ee3eb31ff831cbea29f2283714ec05eb10e9e82b0ad013eaefb8f707
0f22f3002947d4c7ef9aedf409061fe5defb16ff0b27c90819ebb044fcdbe9d8
f822f32af45ece05b7b3f6d3ee1d3aced6d7fff5e63fc5fdc0deee78003a1ce0
4011f60d2003ccb581fa1c1009d811e504fbe805df01f740f8d0e8331b430dda
20e9e9e133f8f7050cb517ef10c81926e1f200bf0637ef27f1cf0b11fc0d2024
f30af3e813510425ecc8f5bf11fa3419f20324ece73a01f8a2230f1d2817e9f9
392945e1e629d3c9a2e607e9ed06f98ff2bbd5fbca03fc4c0dcc02723803d903
fc1a10d8ef0dd8e3a422c3b331c80197e6f118f9f6e1314906ef03093d34e101
0314e5f48327dfccfbececa10ef40b4bd8d803def70ef307080c1d6aee3ad3d7
c6f7f2f1db3441df284544352c2404eb261622f4defaf9f719221ada2c0b121e
ddf720c818167f14230842072a0b19f30c00e0dfe3e3eb0e640feaece2eb05f7
eb2bdec5cc2463161a012f06140211fb21da13d0f2e2e3f2fb0f20540bed1cef
0d1cf8ebfaf911dae03e091bd50832f11c3de5f1dbe20e48d4f9f3ef10f51de8
152f18c61cfc12f7dffa10f0cf0310cbef08f4f5fbe1202d20c2ffcf93ee04fb
fc37e7c4e323650432f6080c0d03f1fb181702030df51a0dc7d317fed1ff1d03
03fb03e7ded01b2414002130ec1201171e0d08cdd8072035ddd6e7cc18bef0f5
b81f09df17ec1bffff29060d040421fa15fd03e0161327e116f7efc4f0e2cc0c
da3feebbfc077bea304ff8111719f3e228e221fe1d03050f00f61bfa34d0ef24
041214d2ddf05b40002ef0d5e1f7b9eede04281ffcc7160e6b0b19a70cddbe35
2a110ce1dd091412d627f3a5080197d8ecd2090edcea1f33371d0ed0e2ead317
2a06f8c6ea05e801e73200bf0b06b7f309b090fcce19fb2922001adced09f72f
101912eeff173d371ad4e6960e0bd0c2c2d106140804e6fe6ff503052cf30215
371e20fefd0cc2f006e5e4aaf508c0dde3eed8f7defff424f702141c15fdeafa
2b191613f7fba6e89d25e0f2c516c1e2fde6ccece321f20ccdf720071134edf2
ee12050d0522334d0fcdf099070aade0d3e6d4de08f9d1e73f04fb1c2dfd1e13
19f81ef70710a034ffd9f4b80611b8d5e1fbbfc8ee14b903f10ed3f142350cfa
23fb0bfbfbfdaaeedeffe6deab0eb719fa0232f3f0fcc3ecc4f9cbd12468e3fa
07040ec9251027e2fd4a2ab635d6fbee098124d0e5130c282bf92fa3f6bcf4fb
1a1018c30d0f11f91a0df6bf2f041c1c0b9606c9ec1fe94050df30d8ce000021
ea1715cdeb23da2f260913dc1915f01a06acea818137f2122dd51e22e5182509
3f1bfffc03d6e0d116fb0cbcc7cc0a01fffd0418dbe3344720f123c9faf7dbe2
1e2914f60edfe8c2fbdafefbf4f0233213478ff4270908203fc60f09ee19041a
e519289b0f2ae72d131d0e1d1af406140b02fd92cb26b1f0a70edfefcf0312ff
1a071adbb5ccb7d91cceecd7adb101120a32d507eb092f2bcac62cce47d6d6d9
ff191d0ac5fdaecad7f0de0fdd1812ec16123320e4da061207e425ba2929d5fa
e9050581de2cbcc2f95106141701df3608f32cbbbc369b1db71fdeded904fcf1
213223ea2e360928f3e11a010bf6f6ce00d4d12e2602bd1ee9d07f3f2be5e2fe
246406fc0cf7131fe5d0080043042504ff0cd3021dff151940ef43ec0a04ec05
cb1fd5b8feec11f7ce04effcfc112ffaeee2f8e0321ae505bdf96a3c23ec0206
eb4524c6ff2bd80e16e81c2745f541b715ecf711042ee3ee32fac02742051735
d64f1c0106272203d6ec200316f93882e011fa1b21e40c3518811a1d6121fb15
ea380bd30c23f10ee09bfee731e428aef519b1fa0c0b251daeed240006ee03ff
e7521e210a38cf0fe11f0ff8290a1bcf0cb2f0fce80ef21714c0e77f02cb09fe
e57f04c602eff412009913f802023093d6f0faf51f17182b15e91870130307fe
0a31efc502f8fbeed507fcf9b40116f2f41ae5ecf430bb0bebdf5f2b2303ddf5
fa3c0bee2e18d015dcb105ecbded22350a49b6ed013fe0d5abfe28691321c2ff
e824152418f1e724cc96eff5f1ca2010eb2f19090e37cd29b20251552821ceef
db0dfdc3160bff29a7ca282512d215fdee03322a0e13bd47db37eef21f1e0905
d92d18c4fb23dbdefc19ea172dfef6d718fc1cfbf54ab9dfd51b4f2511190df6
db1c0811ffe8f902dbc8bc0bb8f6faeff31b5e3516f11305190e1424303cf9da
1225e4d80b0016fec1ec1309ec060930e811371310ce29504616d0ccddf4fdfe
bdfe22b40415ebbdecc02d0f7feff792d995002df32fbeffd3331164ec1001d8
f70df6ba190affdeecd4cf03f71bf304f3cef60027e0f6c53df7f12fcb00fff2
0e140eeefebbfdfaf3a409e2f53034ddb3d9c3f3f11532f522014b76f0aceff7
243af8241914be00cbfe23151c1314b4dde4bf260bcf0e19db9f2af7031308ee
7f54190703afda090015102dfdb64317bcdfe1001cf8db12c99df7df280cf90e
f54efc26f400ef13f73becde20d51ef2e1e5b7d21be7d133c3e33d1ce4ab0bfa
191a33e50b34e002e91024152af61fa90bbec80adcf1080919d163041dda20fb
3112350915f22540f50ce4ed0de2feb6e9e2e8d91fca0bf0128efeff4322fd12
0c2716ff06fa2219fcfc1f1e01e9f103c9c4ebf715e3ff1b0bfc4822d9cc14ef
f12b322321ffddf712bbed0502293a0201fed9cdfae8d833e0ea356c152206fb
020909f2f3f8e739e511191b65213d810d06e6f307e8dadc19e22b140722ed0a
0f341afbf528fc0cd8fd0e15191f0eb5bcc01cf3f003f50422fc652ed3e510ec
09060be90de531e1015326042de00200f7c1de05d71ad53024190ef13be80882
4203e90e0cc62aeb160bb6f240f9f81df3b2e409e6d5e2ebfc2129e4f2d91781
17d3ee133fdf162430f5cef028290b1af7f2eaf3ff81f8cd17250c08e0ab23d9
17fdfdfcb79328fbf41a0a1a08d901160fc2e619e10c2723382724fff11714b5
38030d07ebd932ede60794071c0015e909c6acee06ea17e3250c0a27ed1d04f3
fefb09151827161622ecdb0e2106060207f4d90314bbf4cfaa1ef0a2c91d0912
0de9f319f1bf06f5e611f4ffc8e4ed620b23c8feec5d361021f918d13cfbfa10
1cef271cf00df9cce512b2ebf4f51beb1f26e5fffb1221f7192412f73f18d242
e8fd2912255df7eee517fa0314dee7c430f90712f9fdc6fee711b7831525f754
1a0fe206d8f15727110af90de3d095e9f8fb391d08f424fe530cd6d31716e3f6
3720f013edeb0ce7ff0ae400d50e86db0df4fd19ecf94118f518f6f8042a0cf4
0f0d00f2e0ec02fc180e2047bafa9dd52bd0c6edde64e8f4f508ea12f4430617
1a1e091005ff342d17c2e7e210e296cefcfbdbc51b0cfaf2552218103b0902ec
1b2031130bf8e8f500e5e5eab2058ef414e3ecddfbf4ff10f12b33e93743e5e2
251926d9f6d5f4e7c0281355d11796f334ca30dbf535deeadd2822cf3059deec
ed0207e305e41225f8b60f0ef0e99eeee121198822fbadc73213f3fe363a1b01
f0fa0ee203f0c90b10d7fc1fdaff81f0cd2812c503ecd0d00411dff516761c05
ffe50b9b18d3010de1f72617fc12a0eddc0418b1d600dda1f11107fcee740fec
f6f93b00095d41e8e6f0f40cded5df36dd08dc04e322e815470ab3dc213106a2
2906381c46f71cd0fdd6af0beb01f837effafc01f01001fa1716ecc210f8e19c
3430420928061810e4e7ca10d816dd23dafdeaf601f2f24a351b0ced05f704ce
f91b3b04e9ea3207ed22f5fa01e0d849e3fded11e53ee71e4815f0e21307fbcc
073250f21fc72207f30798041f02e5fcfad6cffcea14d1fd31270e000ff2e4ca
17487f2222201717ff07a911f631c02ef2f3d4edefb6dd1641161af31df1f9e9
f406241b0bf62726ee08ee0afbeae627e6e3dfece53fe00d35fd05dd130af3f4
ec0d391b0f0a1c0cec1181ff1300ec0a04efebf2eb09dfdb51121607fcfcfe15
ef1e621b06512831f207c409ff18d1f5ebe6eff9f4cfdcd52722f3e017fadd35
00f512e5021c3887f0092fdeb28113ef220bce1cf7ff5d1eeba99bf51dc50d97
06ef18d6fbf4f9f9090a1ff8ebc010fc01f2e00000042c0ab9c6f0131409ffa3
dce906b6dfe0ef1d1c391523f9f8f4d509d7eec3e12ef9d58108f1290c1022e4
09e215ead102178ff3f630d791b4111a0621cb0ccceb171ef0cdfb0109ed05e1
0a162defeddbeae0cb0bfc02e5f627e30e270b11d7cceaf821d010120428e4bb
e50c0ec2e8e8f6e3ff35f8360e01dff9fae70bcfb80c0cc7da34f81da03d13ce
0fe6fdd681ad0bb11fb127ecedc5fa1cef3014eaeb06c441faea3be51dfe180e
0f11faebe7c404811eebdc15f6282824d04729eddceecafd3a165826db1a08cf
1ce9fba6d4f1cdc905470a264e240414c92ff5b6c03ef28113267d1c812415f3
16f9ec08c1e850f507f5e628d7f304bbe9f31df0f138f9d80f00ebfb322a16e4
36e4e104fdc02a0509dfef07bdfb0cb8ec1634fffb0a1ae103f3f8d6200c18da
3dc7e00fe1d1420b0acd1019ea01faa4050d2c030dc916c215fafbfb1a22fae4
14daf41d1ce01ef42408f423d3f103b816ea26edec0efd02f7e9f9c7281e06ea
07e20d00060a070e08ef121fe10a0fc61117ff13f70d19f402e506db0c120df5
0cd7f2f308fa46f21de3192afeff179912022e0a13f415dde7e931ed3410de11
2bd7e302bbb216161622ed1013fd139346fb3201faf6e82efaefe8f72dff0d1f
05eae92bd5b628471020f2131c1920af26ff11f4fed9ff1d15f1f50809fc0a1c
09e3cff8fff4212819fe1403e11117a21fff5b021cd930f921d6cefb2b03eb17
0e05fb99562a10b1ec4c16d7fa1ffde3d3fdfa20c20fd10032494924c907b118
2314da060020060d1944dec530f6f222d5f50502d60cf3ed62025be5e6ddf71e
2706edeef502e5310f30d8bf48e410f90208f9fcd3240fe21b0254f8eba00a16
1f0a08db1de8d7a50bfff8f3caee212ef1a1f901c418e105f2114520ec06edea
15fc1303dafd13eb04feb102ccce1cd3fa99f429ed260fcff9023a00163fe3f8
f21a1a1c0a1005f604edbadfceb907e0ff091cfb091ff7efab0f1cdafa353c36
10f7ff09edf4dc0715a4e7d5fb29fdf40e97f72fe03cc90a01ed2bc62bc1d1eb
06f2f71efeed11cf1bcdc009a58b05142836d70309380ef813d4da9646e9dd19
08072d3a1b7f1fedf318c204bac501973127edf02801dd03d5cdc4911e1afa37
2d1ef8fb55e472cd1bc2fce2dcf1e815b9be0bcd2d4bd3f759e123141ed608ce
4f14f41511bc29f2f7b1defcadb82c3bdaf6c4001d471afe21ed33e8150ae8e4
4feee13e479becedbca6cb05db872b2adc37dcfcfc12221efacc41ee12f3e2f8
ff0806080b0b0ff011a3e4c61a140401f3e9d21618ed2ae745fb300fedbe24e1
123a37f8fbe1f20d1002e7ecf5e22836eb11c90c0c02b90c3ace1710152816f3
25111cee11fd070cf42ad20ff7d92909e827420503d58115f90508d3f23cf6f5
ec040e082dfeb40006bb21d70f0f15259e2fa1cffeff4a91be03c836a828fcc7
c815450bfc11b81607d719190a1cd3c1e440ecea09d7c0f49704d9dde50419de
e20437ae401c112e36cc102afd1af2f6c920020af1bc852c8d19c1e7dcf51fca
5e2c02055572f7d52cf131f8d9ead40ce42cdafd3ed9c6d7dfc3eaf82fe7f8ef
3c23ee0f1546ca1217a006fad30005fc16f7110ff0da09f5e3d2f3f925cc0630
51f01105ebfcc7d7f4b20e2ac1f7e402e3000af7ec0d1a06c09209d8f3fe0776
1c2533fb1634b5c10429fb0981f7ddfcd50c053dfed42be8cfe8dddfda81d205
eef8fbf4e2eeac06f6d70cf5e60b12e613021f1ceb0018fef608d4ef169dacee
300522e41dddcb0d0fbef801dde4eaff04fd1ce8e8041818f0d80d04f6e8df07
f10b26091539cfea0cf31134ccf0a1fac6f71638eee313d40f95faf3feee9e2a
03e20323371bcf10fbcf100a0df2e50e25251cfef904f70601d30bf80439d7fa
10e84d0c511b1b2017cd05d8edf9f1071af6e9fdd8ff1f1525ed0b0c0a18ee02
f84623042cf700e616f65a0dfbceecd9c60fbae1c4ea099c22cd400fc8d43c0f
f8210acbe904e803d614230400e7fcf60d05fd2203cbebda36e1360fd9fd08f3
0fdfedd0dcd60ee6c90112fd0de8ee25122edb1fb9aec8eb0d201912d596fe2d
e20623ffc2f94b3bda1112dbfbd8e800b6f1e9f2c90000e8171b022db2c70212
dcfa31d7b3ee090ed70b0ce5ffebc73bddf2eafaf1fde4f211ff0327b2102aec
12e433ebaaa83dd2eee40de20904be06f6f5f203fdcdcd180903f9d5001ec522
e20702c1e71aec38a712210d420acdfce9f3e00bd80f190af2e70c08f1c20326
0ffa27ded8cf3401be0429fc18f5f017d509e6ee3420f809f3f4f9f40b1b283d
e5e81be0f3b03ad1d7111e02ebb4ef5ccb1cebd827e414dfe5fefdeefd321e4b
fcf3fb2227d703c80dff3be42408ef03eddb0ff2d501050fab2afe032337c0a7
2eb218c22af8eec902142bf22406dfcabcdd0aebe4da00e1d328f5bd1d25d5cc
349b2fef271bc1f3f8df091818021c0aecabfaf1d8fa1ddc01e3eec70506fafe
dbe6e9ec31ee22f9fa1f2efd0404ddf8d7ee02ecedfadafde8160ac9fe20f2c7
ffbd0fd2ffe911d8e015f4d40112e1e0e4fb1c07010103d8e209d5d6dc0bf4c2
20ab001f2af90d0fc40bfd200bfcfb0609ec1af2f1ef150db7f7c6d3be19f5f3
03dafe122d15f32a1dff3afb1de3c3c801ea0af1f90ff9c71bf1fdbddf1fd924
d7f4c7ff41eceb08fbf303e507cdf5052bec1226f3041fdadb1fcabbc100e11a
1fc4e9fe37eaf02fead5192b15d012edece20ad9bed72410953bced999f8bf30
b5192a00c7d81941212223df0df9251f00caed1fede23b0828341f04f5cf10d9
010214e2f0dbfce415201ae11419e5ddc1dc01f3e1e3e0e5db3b00ff1f1509b0
431b2d96f9e9efd60b170bdf35101ccbcadacb03f4d426dd0a1909100a0e44dd
f2170dd31921f21f241b081d20c4e51dd0edfb0112f21ff61ee127fe1d072207
ebf7fbbd0df92ce1301718d110f5b9faba0d0ce4fb03e7e7d6f809060d28fecd
efe1fba8050e17eb3c15d7bd1c090725fb1219f101fc3aedd6d7fcf60e1ceed7
df17cfd1514ccd4a05fdffea21d7261dca17e5d20ff90500f2fd11fc3bc83f3b
0820beee1709e30ffc00efa417fcdb04062d32010c0be5ead1e201ef2be622ef
b2e4cbfe2021e910e6f29cc443fa1c2b10171822fd3b07ffc0efe5eb1ae523eb
23e3fd2217f232ffec242a27d5fc51e9cafa10f2df00d41a08cd2c1a01c22ceb
44ded00eef15f5e8fb15021bf4fa0214ef013f091cb5cadaf0af1346dccfe90a
13df011725045808b52b11180620c506c71715e314efa9fcf99ffb19e6e3f0f0
e12edede3113c811e91406e4b1f520fbe5f6eecf17e417e411d60d2de22df907
101deb0721c0cb1bce0a0cd80d06fd01ed0906fde5fe0911ec0d12f9d6000f1d
1d001c3e2df41fc2f2f911ed290100f9d91ac819f119fbe901eeeaf306bdeffb
ea3d1cc72ab358e6813509f6fe0ef30fcf308ceceee221fe25edfafdf836381d
dc1438062eae1ceba7df11dc33101808d4f7b902cdef0cefe4150bd61ce6fce8
23e8391854b310bcd3f57fe12c0a09f11919e82c1d04ebf0f11133e42a0724bd
1511ecd9012d1fcb15380106e801f9ecc145f9f62dbad6ee092c14dcdf142754
bc0f111add01f5f7231d0cc0c9ffecccfd102affddadece7f4380cf4cffcf5eb
d1e71c0711b21b152c47e9c0e404cfdedc03120616b0daf3c854f301dfec43b6
0d0f1602f75d21fe20242ae5d602fbef1c1916dd0aff1ca4001ff5d5c01a1904
c411fd3dddfd1a2574f448d6d2e828ce27e43ff00aed35ebe115fff4810ecdeb
0709f9f4070522e757ef0aece5bcefeb16ec35fafba724dccd0301edd5d00ded
b01204e7e00a0fbeed042d05ef0bd9e5d82702ea15deedb2170309ddd8d402e2
2efcf2e7feee1eea18001f2ae00aeef0d1f70e1012ed43b7e71b0009cbf3e2e5
19cff20013092ef61d1c4fecedf2f1c906f21416279ef7dfd53719e9ede419d5
130516c91605150feffdfddde9dac9de070bfae502f5d203f90c0ad81d01eed8
2ae708d0f0e4ebf2d4ee1ff5db03c3c1c80900c507c0afb90a100d04d42432e8
31d72edce60405bcba04cc43d6feeedaa809d2c71bdbc6ebd30ef11de33525eb
09f9070f101604150e03f6d004d7edf1d907e8f2070915f501ef14d4e81d1f1e
04c7f1f31af527fe2f0902e70006e3cbe3fe05af1ec0f4d5efeed6fbcb542a00
0fb5fedef9c930e1041ab4fc121208fad0391eab05bb140ab4f8ba04086bf4ff
a30206f315090c06e109ecd0f8e8b4d0a72cee2a0ae8edd5dacff6c9d9164527
eef907fd2003160bfbd5e2de15e202b7dbf403f20fdbbc12e0b303e2d64b0fe3
e4fd12e421b01b05f600f3d21e081edfc84302e31f03f128c1d81d0d114a27ca
04052fd2133c0649e2101712d908121d1a0ad4b7d32404f701f90aff05ce1838
0a1b30261ced2a2ba8190b34c1e509e8e0f3f8c20a17d3b5e9f61f11fd12ef18
372e1b0708f3cececcfd06280be9dd151e100fd9e00ff4d01bd3f617fdfbe31d
ca1d27e3e917174aec32eb27ef191af1c1abf9d7f3e95808f7dc0ffd0ee6122d
200a2922f1c01000da1dec10fad682ecb3dc00c20de7e4b9f800dc0804f80ef0
2d001deef8dbe4c2d325ff150ffbddbff7e602deede9150c0010cbfe07020f07
a2211fb3dd2ed93b2a159d26e0df0fb4e2ba2de522fe3c00f422f81e00810635
fc25fee9d4ebf7090d32cee8fbc1c8ecf9e5eec52015ebe1beeee411e5a32d0e
2f3117d7f6f8f639fa3e19ea04ccc8a308d714f5f209ba29e61ccaf6f00f08f1
d3fd1d01dec40e05caca22ececdf0205e1022516d843f994e5180e0f31a73c29
c2f504ea1d30e7f4a5dbde07efb1d12ee807fb39fd3e15a022d8051330f3101e
d9f123f43826cb12dbed0c0a04b33bf20427ef1a0907d1e232edf11a5be02230
dffb1dfcdcba0bf9a7ebe4e0f008e015d9ec20f8fa2ee3cfe9070d0708bc250e
e1f119f4f1f107e18512cc06efffc3f0acd0e60926252acb12c7e7021ee7d606
0cd3eac91efedd02befce0f3f10f12d10915c4090cf2f7da1baecf153a1128fe
d50116acf8b8cfece2dbd8bcfe000935d223f2daf7359fe7d3bef51005b833f3
e2d31ad7daebeaf7c306c1fff71412f2ccc4023c1236cb0807a9c10cfbeef0fc
bfcdcd0d20e00effbd198ed2130828c00321fa36e134ea050aaec819fc310efe
fad4ced5f1daf6e0da03fe3425f8e8cfc5f61f30bf0ef010f9e0fcf203da0416
18abf8bb070538eaf4f2fc0608f2b0deef0531e9ebefd108f9d40cfde20332ec
49ff05da2228d2ccfcf1a02e0c1afcc4e2e1f5c4e0d738eb05c4f20700f73c0d
dbb4fbeb03191cef05d2322410e70bd51524e8fdf91cec0624aeeadbf5d6fbf6
dcc3eacf030059260ce232bf0c0fd30a3f20f6cef929b13bf4ad19ebcc09f1e0
17ddf6bf23f230061d07e1fa1132e1ed10fb1f81e5da0501e8b2ed19c2c3d8ed
e3f1110118fc17dd10e417f23618fcf030c215d222fbff3229fae6f9b0f7c61f
cbed1de5d2155b2320f83ce12126fed80ce54ed2de26fd59f62e19389daedb39
091e32e1df2b25d51805f904502eec1dffe234b9e0193bfed5000047d106c445
2c0256f8d7e8db1b24f900e4fcd8f09ef1f022f700bc0a03be483201011e1206
2303e7fc01e7a7d909f5c0120cd634cdeaf90d1ad2b8f403dc1d1c1608f51c10
f4811e0a61bee6e2fefa042dd3b9c527c91f532cd910e0cae014261107da2f1c
1f02dc3f2f17cdef1fd1ee27f4e0d1a2e3ef23042bd6c7c6d7f216faf4f51ac5
04d2f83d203ec01431d8f113f6d608c4f5ca070611d2f4ecffedffdd02f9f2dc
ebbd175c50080f2b47f4c44fe081ea1d33e736fee9f7dee5ebf403181892fe22
271add2f2effdbf0af9e0e08fb1be2d9db390ffefef2ead6b3e600e823e813c9
1df7e1131049be0fb481120811030fd405f3e3cbd50403cee12518dc23ef05dc
27d7013b31dbf61fb6fe3137e7c0b31f390115f3ff0608fcf214011733182f0b
e9f90ccf03f5ee8b0f144b2bd600b31cf1efcfffbce54bc40424fadb1319fe47
0cffe0152a2beb0df70b0514e2eeb000dccfd21fdeef3ce6152306f7d7cfbe1f
f93aec55e55afb21fede3436be08be11dbf31afdead971e6111af2e69cb1ae40
cdebf7fbf414f6e2ca09000fd1f6f4d7f416f20ae5c21513fbe8f4db0c1e1714
c0e8e1e926252d14cd00daf512d8ede5e711f21b0bfa16fec60a07f5fc1b0305
fa2fc40eff69e5fffd03d42ce00cb503090cfe1affe426e10ceee4f7bfc8f204
ddd0fe140ff2020ae112ed2ed5fd07c68dc8ff32cdda1201ef15e6e51e0818f0
c4ddf31b0d1c0612cb0e032236f9e6caabe63233c925200cbd09f516ea0c23f6
2effeb10fe6fefef18ccd74efe07ace9d8eb060fd5fa59e7fbbac532f80f3ef7
2a0cb830393b14ed21fe151011f91ce0e8e91413fff7ae0d071800f81c00271e
1dd10a184c2a02eff820cce0ff112325febdf50e38fff3d32edc11e101e01af9
64f13e0d483edff206df0b21f22efffd1dac26c9f2030bbe19e0031906bc52f3
eee509fd303e3005011c0113f6ea3bfbcaf40806f6f8c0e7131808fc171b160a
edf5341b303aee17cd2d10d7fd2612dfdeedc2f106fcf5070ae0022303ef4401
31e00a0a3f501ee6ec1bf2f7ed2ee5c11cc5f8b1cd060dfb0ec60c0e33d0f5e0
181b260f115729cd1c1bfa071e1ef83eecfd34e80901dbcf200cd119260e3319
10fb001613622cf7db22f4f3f6f83acbe5e740f4dd09da220b050a0702d1daf4
7f04152a256051fde249203a27fb1cedead42cedac1f121704ec09110d26160f
2ad713c102240318e1ea0ef743f10ab3f1ab12e01f0dc931191b0f81c5b9a228
45d2f684dbe513cfed150807f404f518d6bcd1ee13f1eb14ebe627f51deeda02
3de7fda31bfbfdcf04ebf21e0c05e40ee5d6b1b436cb1de71eb6e224d7030f18
0be8ffc81bf61d05e80f21cd24e2d5f78981f9e3fbe7f712f30f14becf22c5c9
e5def2a013150aeb04f1d4e60215cf0bcbdae9f2390a070602f1fcef080ee49d
26e3d59f2aff2d0c22f1e613ea110d1af4f0fcce0a07e429f2c9ec2de716fedb
fc10c3fc0bfaeddceeeaeeef10df96f58cbf3acb12fecea9dbe5dff1ffdd0549
d7f5d78e3416130915d60fe30a12e4fb051229f71307dd1afed8e335dc06fff6
1eecc8abf5f20e3aebcbf9ed63fd17d604f7f5e6fd27d917f1040d1bcf0db705
1df4c4c711fc15f80ef4700f40080cc118dc04deb6bd042209122d41bae2c830
1700bfeeecf747e91feb361c171000ff2bf00bb4e6b41712dc140cbcddf5e91f
6af11537dfec028216b307182514fffd10f101c0f1d5238102f221ccba1de239
01e4ec8802f7e01fe044e1120ed8fd9911a223e519c40c41170b29fe9dc2de04
e1e504cfe69513dce51fee08020329e61ffd18fe01eb0ce008271ed8f9ceefed
4207f129d6afbd9c1b010706dd07c9f8281cfbdf20e4f9eafd01fbd8d4ced615
dcc802971ac0d510ff05fdf60af9ed81018ff1cf05d813d6d60e0ad3c4d2bc23
c6c30199fabcded2e8ef09f3c7e908d5f7d7cc000ff62afad7f116fc0b16ee3a
1bdc14f2ebd6f0b8f0ecdf15e1fae3e5071ac30dee1c4b02c4e1f3fbe6fbde76
08dd003bf52dceff13e01edee207c9e6cfce620cc34716cb1612f21509ebd705
e4f11ff315dbe609e4fae8efde0db71ae00023cdd824ece1d0e803cb37050a0e
e2def6e70bf3f316e418d90e080df314bc1030a7cdec1bc0ceef00c655f8263e
02b0d62e092124150f223805110bc236d6d71ceee3372c052124f01b07e1e920
e90111ff19dd1a01fe11e2dceb15d541cb13e7dc1329eeeef01af9e14d1af9e9
0cdf01fbd3d6d90df81bbaf7fcf7faeecc0a29d6ab10e6c7fa01f4bb44e82cf4
1dbed845dd38cfcdf9f6281f1efef114f1ec53fafc2130e4fc41ee2bd8a1db07
15fbe811a525e2bd070214e0f1fcaefcfd0100cdef171ac51d16defa0ff901f7
ea08e22d811fc3d829f5e703d6ff94e2ea0828c281f601bbe4ffb7fb23f71d1f
0800ed32302d29b3d51d34bcd0fdef1a20120be9dd07ebf82b12fdfe27f805dd
1224ba26111fd6f0f50629bbc6f844052138fadfdff406ef111cf2f40bc150bf
0d271fecfa301019d805e981bf08eafc441821f221cf0a0bfa0ed6beeb3a2891
1af601221233f401c5f1f7b6fcfbc7fc2937140bf3b5f5c8d829f306f5e216d3
23f8f822f72ff1cdd219d1b9e717fdf21915f30e0c0bfee82027f4fc0708d3c6
360c2707e1f6db0cf52e45b3e7ed2cd324131f1f01dd10050d4000ffe9fb0db1
1efe23df03223d13df3de190d7e5f9da1a332b1dec8a0ff9f8cff4f4faf4048d
08f1ffedd642f1cbf3051dc2eaebda08f6192516efdd07c1ebd6e9dce61103d7
04ef190930eeeaa0de1ef2cecf32e0d3210f34e41c141f171e04fbe00f3dbcb2
1816ffff03e7303efc0301e8e41a3b2335fc220b340a01490c0bebd4e330f1dd
191dfd27e7dc1f11ebea1ed8e60f1e5a350109ee2a0d0146efeceee2e8fde415
dff8ed1eeadb4a21eb1909e3f5030a2a300d21024a27f54bfafd2005f202ffdc
220bf82c1decf41105f40a11f60d0f271eef310809e5fd203af8fdeff018eafe
1afb104de924e312ebecfd1502f3290819eb19130214192e26050fefeaccd221
fb1e11260c331a13d9071efe060c153f33dc1d18131c2f28ef1323f4d1bef0f6
3a1ff92232cb40f8181d26f7df1eff5711fdfb160cdaf4f4030ce4df0a1013d2
1e0b113c200f1d24f40100e1050f03171abff4e8e3e702fb051216ebfccef3c2
0e10ee27333f4127032f37c2021b1f0b1ade1ef60b09ec15301c2ff6ea1d18b0
f1dc13c6080031e9c7274ae6b6fb0527cb28232d2ecc23f70f0223fb3cf01cfb
12d6d2d8220507f3b3eee1f2f1092718d8ffd3110fc506baf8f027112b300206
30d40c0632230610d62000eacf20051ab13781ed31caeddf1cba12f504e601df
f3f904f3d9201fecdf25fdc1ecefdcf3b30b0f0a2ace31e0ebf5fdfd190129f1
03eeedff02f600dbd9f7d3e808ebf6210ce9fe0134b91ed1d3badde800432206
0ad52fe312e9fedef02ce7e1df250b27e733a30b1cfed80b09d5ecdc2202c017
e7df0bcbfce2111adf2eede3edd93901ad51b6262cfd2afddcec00e5281c35f0
f3e2eaf1f5f10c16ddfaf0fbf5f03bcae6ddff0718ee3af8abc8dee8052a0800
04f613db00cb401303f7bce5f723370a0e0ee51203eb0ef5baecfef149dd1fdd
230ef5fe09294323d41d0a01e0fbf414f139e90f36faba270a040509130c0c09
26eff5f9a2fc191bb51327f20e1105edbcfe1deb14e101dbdb2cf41ee04a32fd
fdcb26f612ce10d1c10107f2220714e0e62818ee0fd6b200c858000604286e08
04f2e922e9f81e2c220d46ed1406f905021220011ff8d30b2e0b070be820f1e8
19fcf00aec011d000e053d2a2313c00107e333db16b306bdf00ab70e90213a01
03bdf5f4070a10db3dec23184110e6b2f7db46000fc1d300ec3bdfe3d7433ee1
8ddcfbf4edf90823040fb7dc42dbf8e6f022c5183addf4d41b1734f0e12d55e7
33d6ed02e71df405f9d703ed29dddae004270edc26ebe311ffdaf5eead431bc5
01d60e19c91865dc2001d6d437fdfcf9d81741f139e415f12700fe04001c3fe3
1da629f72d0c18ff02da041905e1abd2aecdf0cda90226d622191acd2dddf90e
0acf1fe6f7e3f4dafad7fe1ae4ec98e4bad60bd5c9dd05c012000cb9010a1304
3e04f3d4e106dfd6edd6f82ef007ab06b009b8e7aad303adfde8d4effe21f519
fac30afa13480115f121e91402ec97d6c3d205facb0cfbb61726ecc6d8e1eaf4
09fc15eef5020011fe1febf7e605d1dadbf505d7f4edf1e9f526d8cdee2bf8cc
2ad801da061911f40e0f1b48c219e3c0b72505f9e5dad8180416b80508312916
fedcdf2d1b64cff0faf6fb18ecd7812b9f1a270cd2fd07c2fa20bed4c1ef2208
1226f30bf01dee0a1ffded06cdf7be12ac1c13c6f0f6b90efe2ad3b2b926f911
19fc2ae8e410e3063e06fa44d706d3f0b5e021f6ee08ccf6fd1cdff8d3fff630
f2fe23294508fa0118c600da0218f0fbe8de1204fa300ed521fdf8e02af8d60b
09e3d8e8140ea8fff5e5eb12beeeefcfe036ef09100916d8facdccea1692dae7
5e2604f41c06ea1e08002a2f011dddc126fbb80d051a03fd35e0d9e6fd8eefe9
d408092f0b1fefea1dcc0d06221aeffef3043dfe07111cc72dfdf9ff378de2f7
f4d5efdc1b3ec7c0f9e1ee02dada091b1c072008e9fe35d90fe9f0e00395db07
1b0e2d08112d810908d4f70a00e5f7011c1ee51ad5ea07e334dfffe80d8be610
12e8040c2f7b09020dee0a30e50fd740fc1320f4ffedfadd0ad3ecef1810d6fe
0be001ee4c6be5f2f815e023f3eaf09a06f71cf805d102e8f4d8f4dc0a8fb733
050bf4fa0d0ad00ae107f7170c0096d21c39f1c903caffce3cace6f50a8cec14
ed28fa0c24e63b17f5d63d15c304e226e4e5ff6623dae8fdf709220812cbf11b
e5fb2516c703ec1ee0090e2de90af515dbda61dd03d9d80c9ee60c10ed17e418
9df22e38c3e300fd030be3080dee21d7120e75d0e4e29514a8151beac91a2521
150fd1e9170b0a12e7c1f01eed15d3fe12e0db19e6fa1ee311290c05e3c80210
3514baf9e9ff0c11f0e01b08d4fec41cfdd1fef00cb727f7d2d3f8dad80e0fde
0af1d71f11cc0ce0081df41fdaf0051bfff9f4e6f2bafffcb1baf0001e2ee9f8
dcfcead2002ba933c6a8f913fef6ee052dfc101e0501f8161503f90584dbe501
221dd7eef223b827f0e7fc00dffbc8ee09e4e51bfb04e9fa03c3f9f2d7d90407
ecc8d722cfdfed03f6149d11e210e6040f060c200cfaedef3a82ee0716d9df02
dd04aad4e1b7f1b2d5e8e0ee1bf3eb1714dac101cfdb17ccc7dd0cf117d29d10
ebff81d02f04d4e8e4dfe60507ef05e53bf5b825eadfdaf1322307eb1206d811
dd11e9d0f0cc0111dc1b09da46f7fbff0d40970306fae71443db080dd1d38110
d3f9f2d1e5072817c408a512260cc655ea0fc614ec09e5ceb18dcf20e713c812
ddf8abd01ab92aeeeaebc4f02906e0dd2311b93b00eed60f19f0f1ef012ee801
d3121cf2dbf9ee0ff61fdf061e2729b00f43f521cdfe0b4e1deb020308f3a8ec
1695f981d2faeb350b29b50337d010e6f1fb05022045dd04aab7fe27b511b4ff
feeed4b8d9ee0627f815afd72ae9af100ff3080bfa26e7c1d191810989d2c4de
050f26caaf13081401128bcf2806dbcfd804ce0baa162bc8f081be1dcad3d0f1
1d05c7c9f17f0ffbc0e71c08cffce6131a160103090431e9cfdcedef2ff309df
14d0df240611f50ceef4f5d60801f820ee11cd141a0de7df24ee0406fd31b121
10f10e4dd61ade20d4fc11e9f604f621f239d70224211bf2fded0af1d3f5c0b7
fd2adac7ef2cf0fec2ebda020ed51016fdfdfdede7fc4906d20cea21bcc7f8be
08c9c90aed03ed1bf0f507e723f801192802f60ee80aa61310c7eb09f6e1fae7
16e908fccefd0d03ef28031c0415f717d82ef30c0825f30af1f803c9e50dd7e4
b53a0c0eb0fbdc0ed9f2fb0024120d0fe9001505fa097f02dc27e6c1c0f3c4a2
b6070b30f30eed2e0ced2cc9fcfd251eebf125fcd711082535fe14dbfef0d8c1
c8f6150eca1d1e0a190a0021e2ebfb17d53d11f2d60c4be1e1c915e633fa061c
0adcbf08e731cf17fed60022df0dcbfebec1dcce85162ce42af4f9f4e1b7b316
11e2a0e00efad00c03e63b21c602aafdb1bf0f07df1f21ec260af4ea10f3bc00
3426d40ffe00bdde2bee0b17fd0fafe7dff41603d21239d73bdfd70f13cef605
13f5d302fb2bf1f7eaed0d2de823a1ecc4d625f8b6fe16d8090debf3e006f229
dbeed9e62a0a06fbeef20c10bb14c0fbc6ee0b0e0603f5f9f919f1f90317c7ef
03401607f229f2f11c0ae50de11aeededd1e00f4f30729e02d08e9020dfa0c0e
fae0de2bde3ec1f61ecfee1be3de88e2eade29edda0ad5c126f0e913d4e7cb23
e0edfcfa1629f2f71befedf9cce3a7ebe4e914f4cff8fbd81af8f21ad4f8e7f4
112b3407f066d90d21fdabef11f0e1fef6f90030cee7e6d91ff7de16fffc0a00
c9e523fa0a12eafeeb07b4d4180ae2eef52cf516fccff2f2dba60701e5de1ce2
eaf1270126c81be4e1e98deadf1c10f13305160ce11af9dc0eb222bfccd7fa00
28f8262f08f411c5e214d4ffdf1c07d6d2f914d0fd0f99afeee804d9cbc41e2f
abd32c01daf422f60f0989e4e2e0e4a2fbf91b0003dc2bc5e91fd9ebf4ebd2d3
1e04e2fa1b05092800f614edcddcee1bff0eef03ec0cffc40a26fce9f7cfd1eb
5b1314022ef6f9d2e4ef17fdd7e7d3e1c9f8a0e9e8ef9ce1ea0802ebddf54109
05c7100df2041f0d0637f8fcede8d1d1bf26f3dbffcf0ac1fef0eaceea2f06b1
5304fb13200b2631f91d09fdc5d9ebf8e821b7d107e7f5d9172effd4f917edd6
362aff2b3b2b4cf0f702a5d4d8da9f34d513ba1aebbae2cbeb121d2bc9cd2ffe
f71745dccfe41da20728c3fbebfaaced32161c052df0040a81ffdce83a019a2b
fa1c2de618fbc4f3fc0cd4e6ebe5c40550fff209091f05e3ee2ede15212c1013
90f7d718f4d6cc04e0facdc7f3e6bed6da28ef2e011a8cdbd53fe70832242e81
f304f8f213190e083112ca08ec0bfd0b3c07f8f2e3dd0605be3ed204181eeeba
0ef10ecafc1613cd31f3b515ddf5381a2708d1e6e8f4fdcffd45c6f142e70ffd
fb0616f8eafad3e20feffb1bf3e7f8e7f6469a03c80ef0add722d7090c1d22db
a529e8cbd9dcfe4e44200412d1071538f237fc08e7af48ffb2f108ba2012ebc0
fa01d8caf3acf21033f81b2bed13f44c1909eff3caf932bc072213ece21a0b27
f60ef625e2c9c4c6e9c7172cf112acfd191401f1dfdd0fcdb0e602eddc3b1919
2835e90af406b0b1f5fd42f90806c6badef9f807edc400cf582ae3d4030be914
194515e30f0a0ce127ea63ecf701fc14fe24f00725e81df7142402def804eefc
4617da2d250b1dff1bec30fd0644f5ea01e215e91ce832e5fa15e5d9e0de11fd
fc16b513110deae615e727e9ceea049b08e3fb1cf3cdcb011141f9e4b82af7f4
fe18fae90efd20041611faf41a0f38daf614051a30e70f301f20fef4d81a3be5
182504ef21092c3529f8eed5104825cb100b3b13d301460216340bfec22e0ceb
10d5e51e3b1016b5080e0e05e8dbf495e4ec2c08ede4ddf7f729e8fabf09c611
0ff2e0172e1807d02126f1f80c0803bdd2fe6227dbf410fff439080ee817fcc9
06eb1110fb3cf9ce26ce0dec242dd2bed0d42c0cc3fa0bf1f72de0f1d721fff2
01d600f9e82b07f1db10dbe0e3f6f937d409d9fae104e8abb7f20af41ed742d9
2000e721eaf90fcbcc0ed915f0edd8f9acfad8ebd7dfea97edd6c7ee0cd9e80d
fbea04fcdfe212cddf0fb5e9e1f6e8a3c300fac1f2fde8b21a07e1f918e01128
18fc1127ede7eedb1d06e5dce5f7bd1c81e005e0dc02e6e3e7b8ed0cf51807e4
b20be227eb38101302f0e214ecebb3e4a5ebda28d5fc0e82f298d2f2f5d60123
b0f8dcebbaf124f30ef5a6eee9ebfb03e403da100f030fc52ab09dfb17ffe909
cb280fe81ff1d025ecf2fbcfd707f126be2311d910f716da030e1aa2e51f62e7
da1fdeec0b090415e4ddcd18e9f0db25ef1606fc1e173aa7f192efd5db026e20
d51ecd02cae8eef0f4ed00eedcd62e031a35fd20db05ebdd0acccaf920e15916
2d0154e5073d49e1d62ff7efde47190cd02da90204ec159b49b107d702e8ef1d
fc152c17040314ee0f15ebfeba3b1cdedee9f8e2f1ca1eb74edbdddbe0cbc03a
d40626284f4822dff20089e8eb240ed9fc1359f70ed5e09637f7dee11aab0615
0aea3c13da2a1a81f71bcd06c428e00992f9bbf9f9dd17aa31c2ecede8dfe70f
d200e527131121cb2402ca13c031f6e5d7cf040ee5e114b75ad5c5e8d4bb9e35
ca0ae80b330d37ff0e1ee1ded7373307f6e9fbcb10f024d83d05bdfcf4e3e22b
e0e81d11ec3114cbec031114cc17f6139b04f4f3f1d110d62524e4dddd0f06d8
d2fec71dfc250a1601e5080fd519f10ef7f217fdffe4e1e12e20df08c1eee02a
0401d91b17001b17d10405c9e7411a19f8163d0d11bfd7e21f0ed118e0bcf8ec
f32225c7e983fbffecf817091db6290efad6e252f60312c60a24150beb0d0133
231bfcc4f707e7dfd30725000baede16f7e0013e17ffede90520181d140508eb
18e730e10d12b6ea0bfa070007f71e0deaf0d25518c002f3bd130b1536ea0928
ce00ecc1ddcef4e5020008be03dafd2df8dfc00a0efdbbec111c1f0aedf61edf
f8f7deddf002f0dae41608ea10f2ac1dcee60a16fbdcb4e0d70af404ec110ae1
20bce8d4e6f2f4bc11fedac8051001cacdd8f11c15810ae4defe1017f8fe1aec
bf21ecea02d3e9c517f508d113f6cf3cf944dcdd1803a90509d722122dfaf4f2
ded5e8b5e20212ecee07f7effc1da6e5b12105051116aff5ddd2cff706f111fd
b49ce4acdce6f6e108e4b1bd120b1be9f0281a3106eb1effdfc2d6f70c1720be
08fab71a3d2334fddcc386f725d0f81121fffafb00ecf7b6298dabdaad2bea18
1ffdfed4273a8300ead2a9fc30b7ba1a01a3d8012c2d02c49e98d0dba9f79283
2108c2e1af9be40bade8f10d1d92aaec0fddc4081e1a0ac32d97bdedc1939dc2
fffcc018f4fea8051eebb904f1cd24141234970498fe05eac79e27fee048c00f
fb041930abd13a01bbff82ff003cb8ae0c0be4fde40a023a36e70203be18060f
fcf4b7e6b9e797f3c9d0b2f6fea0133d1603d6ee84e2f5e1e6b690e7baa4ffd1
0cf28cc6332fe4f5d3dc3efee7bffc2bf51d8cf1e324f8e70bebc5e2e0a43b18
3607382de6f603102aefc50f86df1c090737ad0dbed50fdec834b1ffd8f28233
f9ff2e23048fc60ad2e0cb04dfdefaa00a94b1f9912c0502f42b2de8d5f50afc
0404b217f5c293fa33e199ff11b3d7e922ec0afdd3f0fc0ce4abfef8bce5ebfb
fcefc4eac41511fbcefe3af51b0aeacb12dca1f3e728f618c29e03f7dc0ff836
10002f0db9f5f1f43cf723fe16388d0f16a11205c6fd070dfe9cde13e48f0036
7f728f24dea4bd7f43483578991422c97fcff47ff7cf7f3221078a7ffb0ad2c6
1d08c1358ccf9813f8faeb09e6a2f4213e05acff04e80a07ebb211fcaff6fbe1
090b88ee9fb1860b0ffb8805defba72e14f08c053ea4ffd8dc0535f3b4d9d5d7
f5f98bba3ccbbaf3e7f9e1fa89e1f0ea08aa86f6ffa0fafaad90c7fccd9bc411
ebfa3a04032adcf518f5d8f8f10698ab071f9afabe90f1f81395d6eea90e053e
26f8f3d2972136f9d9edb0fdcccaf8134106f5f4ac34fed3031fece1cbdf3ee3
dcfdc5e4c5fff604b8011cfdd7ae3d20e1aeedfef59ef8e13cc6b9edd2bcceee
1003278a9e9f2b0301f6f109f2d7fb0112aa8a059a82fd10d08d8608fc0501d7
0cefb4cf830cf7f59ecc02f3d1abfac817ac16ee9d1df6d3eeba2ae7cd17ebd6
0af8331a36fb06fcffeee8f5c7cebfb8e9a9e5f5f2c9f7eca409fffad4cad0b8
10f38517b8d6cbef9be6e3f3dbfae1d416dffaedbf19f1d5b2e5e2deafcd3ec2
faf9b5cd17b5c5032bd80bfba22fa8b5ff8928fe20abf3f70be1f4ded0edc8ac
0ef315e8ee8fe1f698d8e9f88e32a9bc0d9b2cf4939ff40df32ec7f6bcd90dd2
d50e959a933938033e2ffc0a98882ca4ca050b08c02f052191f3d714d5df03ac
0bf538ef92b99bffde0a1ffa83b0fa8bd5ffd5f934b2f5f93a8522fcdc08e015
010e2bb4f604290ca725e903b1ba142606e23c0eb2a310262b14e008b5b2c8bb
f602f62516d4e3030304f3fcaa07b7dc12043a00dae300261ec5a80ec29385d4
de04f2cee303f20cfa10e8079bfeebdbbf1c2308f99e071985161e17ea9d2186
fd0f26d3e5e5a00c31228a08fe3a3101b991380eda99061b22cdb90507280094
14020bffca103b08bdf9c2ffba87d238ef11ec060c35fde30923b1faf7c4b3cd
1cfef9231dde18ff1d04c00531b586171b34d2060b2007e08e311cf7b89a930c
fe04c128a12e24069d0b910a3fad8d3a391fb610952f070ec006b708c80d9cda
e6fbc4c328f2a4020b11b003d3cf8c86f4b599031f22fd1d16b0c020ca2984dc
0a060e1ad0edf6070513ff0a11db07fee7a6860c359c0402f1f8b1f3f2fd0821
2c06a5ee8a1f910e4ce81d0628db28881aad3a0901b503fadf1f2bfcd3aee60b
3922baf0f101da21a6fcdd1ffd27f9366dca3125e58a231034d5150cd4d3980d
0509bbc3f3992403b3052605d2edfb971f978f022620011af4b1faf9affa9908
f515f3079e84ba13c331390be1d1399101eee50edec50b478385052000268b16
0b07a5ee9c96ea09bcf1020aa6beabc2fe39060c330c01dd87d5b6f10d52bdcb
2002c707a326d20a48e19602c6c42c8d06f308fed9ffffd48f3accebc4c1ad05
1508e6b6a9fbd607b5f62c0de4ca97de29a4a00ab4bf030cb2e0c3f3ac2e119e
170c2ce4d826f50984f69e038fe10fae0c329009b6f507f4a3df31f4d3b8b2b9
07fbe688888dd400140eaeffdd8c99b0fc9fa504d70bfa0d0fbfad12d79feb8c
f30721e5e8090e0cf21dfb0e3e0898beef06f90eee3712feccebfd0d22d2e4be
0c06978a24f2eb0b47fac2018326ea17fe23fc089d18fd00e0ecad06ded93387
f10c21f222e19303950b16051ebe029809f8b708a6eafe21d605340be1ee96f7
f2132dd5c419dc14af16880c2e22f1ca0eaa14149d3a1a21b02fac1edde099b2
d60aa9ad8f2ec2091e131707c114e404f3eab00f24900606002a2b0de9bb2cd4
edfcaf34c5c30b06c712deff16171ae20dd9c50a34de09fc262bfaf7da0af132
0105ccdc1bf39d08140f0f0582c42394efa6d608989e110134f01b04df2198f3
0e24b8f107eb2a1d2920001b993c2f13c7d53420cf841e40aca20107e2228fcb
f504f8dacb8e8d06d5fafe00dcc9281f0bc80f060de802109884f7fac513bab7
f3fce81fa7d8aef9d1f58bf2368a078bfdb3c1008c83030439139cecbcfcb9ae
17073905d192a511b703100508cf93db1d1d23143ecb12e91dfaaffad5001ad1
0e0429e1b92b1d05bce420f69a1dd90c011ff4f32fe8fce33bb2baf2f1080185
0ef5d1c03dcc0a06f6e79ff6b4ba383deffebef9fa91fdd5e205b6f7de99af96
f5ff8a1dafdb1603f2f7c1f5b3e4a0aff996ef01c8defcf0078abc01efcfb836
01078ef8d03e1501b70483fca786941c1516fe028f27031a913cf0fb9d19cee1
0e1f25f5eaf10e25d61fa917c8e837f110bcb121038e21242834f919058908e5
07f687ca1a0cc2f009efc5f18ba6c9edfc0baaf1228aeee9edeffaffd3df958b
0ff83b9f238d04f791d924f6d3b58a9325a2baf19fbdf48a05fcb7bc0fef3927
fcf00adc319206f29de5b5f1cf26240306f3d8eeafb2f2d0280d210004d7afc1
0519cf02a111c6159e108f10eecd0c170334e00cb08b0f1ba0af1c08b8f0baf9
fa0bfdb7010bf80811041508f41e3d8a0bc99d03ee290219f5f2cd02d52e8fd6
07fbe8050a89d4f8a7eb27fdbd183893ea95f5f33cb5f9fb11ece9fb09a2b2df
15f6041d8927baf6fae908fe8d93b8ed0ccb07f79439f6d223193c0d191428df
07fa2e2003cabf06acf48cfa15dd18d82029abf6909800ec958d21fcfdf683ca
f304a4d2a31cb90336feecff9bfbd9971e3b94029320fe1ed60fbd01eb43fdce
da0829f9a03c170cd815cf0cb3f5acdb00ca9f0735c2032ae6e6f30ad462a51d
060cfdc3d7950412d207b00f3f1b12dcf2241107c6c210d4f6103dedc2f2de8b
0c1bb4c3f2eaf31f2806191c8a119839f923201996d41b15e9adcceae4b59a81
f30c861d958abf0f310efa09c68fe834022ea909ef2a0c13f5f036f3deb436ee
e100ad91bdb305011c119a05c5f7ffcadf88980385f8f8158fc62eecc0efeef1
1707021c81bfbf0aee1acf051237353422f83b079b05090712fcf71aefaba5e4
0a0887c93bb91308fb11b1073490f4a4eca31401f9ce1319db86822c12f38ee1
f6029687381a8a0ad51fcb049d34e5a002138f073fa20b0f139d231ef72382d9
f706d42423fcfb0a2d1cf608e5cc23e3088c9905ee950b36f903d42211e7da9d
ee069234cd0ee8023503b104e08dce090c09e701e61c02fc121cf122f6b82c87
3104c899a20abcfea90b3d04a0ecfb27f21a9b04933606f6d9bdb207eba185fb
1c16f5f8ddfa2e133e0e940bb5d3b0ec051c2c0bd51d080214ad2b0e01e8c411
ff0ec2af1103cb12320d300a912230a404dcc80c158f0a2bdc0ed906dedb0eaf
fcfb3bc721baea06b4f08cf9f0ede915fd09d4f82debf607a8398bfbc7a5d6a8
14fe9383212a3c039ff0db01e5cdbb233fb7df06bb0600f291cc1afffeb03326
1f11fac223f5c718eb23aa160fa198dce32fed1c32160ed9f1923902c7fd0b07
261523f6d4caff15ba0eaa0f9ae1080422e2b711a49d0fe1e5bcb3f7d4249aad
16112f3eebe13210e8008d08a0fe9aa31b1531083bbe080edc8e81fdaaad9a0b
1c0c38f1cbc4ea121ff8f30791c4dd1f1dca360f2b0f0a0895bfeaf5ca9c1991
240bdd94faf1a018cc031312b1f9d3e738ee1b11c0200fefb3b6fbfbc2df0f02
1918d598d53231191402a20fb6b1869a0cb6b215abb219f60e09eaf0fef322ec
150af9c7d1932b0715ecd203cfb41209271e110cf9220ae9b83899fddb29e6ef
0306ab3d988f320c03f3bd098797c2831b13ed08209a0cf29006ddf3fdb80803
1601d0e7e9b8c60ba7e9e106a385d4e00dc02cfce68c03ecf396f3fbdc9cd636
381af2c2e3e2941d10e0f016d9e4938558329b1338ec16ebf5860aebcb173d2c
fd0e1edfdd25020cbcf7d416c91ac8f611823510029f04d8afd2aeed148ce0af
01091b2af619190ba90ba6108fbdc40d1084110acd9e0816383da9220ae6ad2a
19100bafb4353d0ea009890d8a21a4982d8b290eafe50ffc32f3ab1c04f838bb
1912f990cb01b9101f09b80fb8fef9a717b3a010b7100f0c1b13c71a02f4d520
232292818d9a0c1bfa05ae1b06f2093142232119efc111df058cd416f50bf2e5
eae8d60ee63804ea27d612fc02f9f019e0222becd6c6eff4989fa8f4ce1c93d5
01e7f726a930c9ec38ca04eb0318eb22dcf1eaf1c2bbeae3abfa1cf7b01df63f
dce5d73fec3fa8d626e2c8e5e6901ac9f58491e71786e3cf13d08701c9feea0c
dfe5ec9b8215b4d4c6cddfe3e937299e10def6e0b521e2ebf0b4a4e8d0efcbfe
f3e501d1aece9cea16de8bf32fc20a000f39ede6ec32e7fce906b5e8c6f0b0e8
dbf086f2cffedbe3f6fbdef2c284aa9d0c0c37edd337e7f729d28a01c5e5bfa8
f8f73c0fafd932e406f5c1fee19bc539423baff58bdcfafcaea331ffe0e93413
3e0896dfd5879c00b60cc6048a0d92b41b2623fc21110908ea943a17df919099
e5e91a8885e50bd79feeb4f085c8aea8d59b0ae53f8bed01ed2acf17e2e5c927
e4e6e8a1d12d23e6b3eee8f103172ea1f7a4c4e9dea7ebe6a723bef2c4ea2bcc
e1e2970d1ff0a4ec38f51ff293abc3341e9a33ed9d87eee4d0c41afdc4de051d
e9f796f98edf32ecccfd0ff1342c2d13ef1aa3e5ae12f307189039f8c716d6d1
f9faf0320de892f6d6ffcdfcaa3cd7abe3fa01f58ff4f6eed1bedcfbb306e6bb
08ff130af61ef400cfff03062192fe2ac4de23003a20fceff91e0cf4c79799d6
fef0abccf21ec7eea1e7eff6c8378a2ed5f3b3ebaccbf9d3cabdfadafaa3bf9d
f1f20fa21ae4a8f0c6efc1ff8ee2c1b9efbc3af488f1f8c3cab301faade4eaa7
fe0591d7d889ad080300910a8f1f1ba9eeb21a02d4b8ffe3f8f52cf4b5103398
fcf6a4bb8e8488f4ade7bef9c20539adcacfd4f306b9f5c9af87b3e199a8393d
070cdfee8ca909142e04b310fe1bb437fecfd10cbbe40bf1aab100f3e7b39ef0
1905859dea0eea01acfcd5071ec696e328a8820c221307e692ca9ee8f738bac9
16faa6add2b989f3c0c58df8be2a9c3c2c31e6f09616fcb1eb258bd2dfd7e798
1dfd17c7c02fd7fdedd8bb02c61a380b172e9001a02c01b7b6a839d2c522d5bc
12fff03de1e1c402c9d03500b7d7b98ff49bfbfcb308018a2a32aebba824d904
09fd0bae84f1360800d6aafbf8358ebff7ad99fb8eecfac3d2ddb0dad4cb96a6
260a38a2f09ad40b00ee9909b716a5d52bf29908362f0cdd91d8abe8d516ad97
1a04cc1228ac8f0a370be40aa4d31515e9e48b0318360a0d89bafcf9ebe10c98
170e8fbc27029b12fd0ba5173ffcef3a0ea03414e6fe0c11a623910fd8d32c10
251be3930ee8cc16150ef21338cb3415fa0a1016013c0c1028cdcb0dc6022ab2
f90af4cd8c969cfdceff3603310f1e17ec0bd202abe40610cdbe92f0cab0a8f5
e90c31c813b9ba160c2f9911b99ee6eef40cb11a27d40e25ca0faa12de9f011f
f30bb6f28b3a8c0d1813a40ad5d1d2320a38321106370f36eb940f1fdab934fe
fff72a0ca224c4f72df60cfba1dac2fb0a8ff0fcb5cdfa1b3097350fd422cf8c
0b0607fedcdf290e10f6b10d88dd052703b00306b21c0a1e15bfe014dc11ffbe
1ffaadf500988705eaf02dfd8cd9cd842f96f3fd9d300226180bb216c9ead4ed
f60ae01586e98e0b9e189310c8aac01705d2060bba041344e7891830abc9f392
000aca1117d0d0123926df10badf0ebd17aa9e16bd1410493b0fba2bd4121db7
d703d737ded20a00410b36feb42df9d431a487fe999afd442ecfdf18d82c9d20
dbeb08871ec722e322fd0cf0f89a88300ca2b8f10334ee2b8a12dbfec6911b2c
eaf423fd9c14c5f8c9f8b7fed7e9b5b0d1b42cfefca4ff120705891bc1ed1787
f11336a3d4bfb219a33615172e3414ad1e359e1c9f1d1f3f16d59435a997dbe8
e4f6e2ba9818a70435148d022d0dc782f4872d04a0e2fa0a279bfe07e2ba841c
090219a7f59234fed20939fc1233c709fac20afb0f21060dc604e601d5b4cdd7
140781d9b03515069b0df3032ecb3082f2c8f0000ffe07f7cb12af1cc019a52e
0509b59005cf9005d70e2b02a7bdf5c9f5ec0ffbfa370106dc07f310afec8308
f00bb13c3ec81008bd24a909cfd7360000cbba0cf2f5110820b5d212b0083b35
ff0a9bbfa185e208dd28d20a96a4d020e037b70fef9910ffb4c8e00707f49cd0
fb09a7d50782fa07ec19f40bf68f00ea0212b90633340e1883db9d17d7a4ae3d
140ebefcb58eda1bea1ce210e5b58a32e8fa130d2be5111210e9fb22e6e6aee2
130813f7c2bfeb0ab707891505e82d0deee5da09fff002d83d220afad1c88e37
ee21d7161e0df425d5270c20c825a8d0eba82918ff371a1226c1d603e608d6ce
dffadd91ee38b1f410f8d6f22b23978ff6dccaf1c6d1f401ccf0f8fabad9a3bc
ef02189abaa2c7fadc19c302ebea2612f896cd030ca0ff208fc30c13c7198889
fd0706111df9120ea41f290511e512e7e411df128deb0d1dbce7d2fbcea2f7dd
ff0502f5afe0a71215060c05188691d1faa4930eeafa0b0fe9c5d6ed9ab0b82c
fa02a3349ba9c3fc38010efd14f88e9df308bdfcc490fff9edafd9fab1f9de88
e409163da6a7aa0ad6220b021c8136c10e1c9e05938109ffe3c2af13e49e9839
f70eb6db3b8ae31bff1ac90eaec4ce29eaf09a0e92f613098f9d2121c3c0a6f8
00ff93d6df9ea90bc0faa4fff0a004caeeb52ef53f26ffd9e43c8de7d2f62b83
f61312a4fe320a0d170db80d2489a9fffbefc30a99850dfaedaef3eecde0292b
f512978f0498da10ca23de0cb7e2c7f2fb1e280ae0db1316f6fbb70cc9ad22d7
edf81785eaa50eed0c0134f693e3f414e3bdf5fa181df9de3cedf2ecc7a78f38
05fdbfad142d2b02370e930a1fb8bc10deed250e839307d13a28def8eb4da7f0
3216c0f29f88bf28b1f2cf20eb88a73144f53723f7a520bf9336c5e2e28d048c
1708e2929bccc111cdf8cb1ae2c31bf70eeca312e2c113cc84c6bd0dd98783a8
e9020d0132abab0536130004fbf7ccd4eae639fe90af0016f3b89b15af080d88
f802d5e9398b0507edfacdfd253c128ef6ed1f0036ebfe09a7a2e809dabd879b
0f0515d2f50bf906b707a6061206e7aef0be250bccfd0a003784ec02c0ebaf00
01f7e8f4961cb3fcc3f42702d5c805891114f806232a0bd6c69e12fde6a7e337
1002812ccd26ca13a5fa930b9dbaec162e0937108f991610f8e1c804b28ba9b4
e1060be70c813b1116071701919d261516d7d108baad093437f49f18b1c02b3e
04078b813b3c20fee6072205aee49ce113dd8c00d9ca02fe90aff1fed63986d1
030ba9c7a2cbde023a17bd0339bdb8fae7d5da0bd20f0dfe06f6b709c5b89d23
ff0fb9a631c80804321c1b0cc0dcdf090aa1c50adad60f09942f840dc213f0dc
f40b25e8f23b8206c620f107b9abfb9b0e098507b8910a1b823eec0bac8f0b36
e9068c1c050adb08d31e35fb050c93a0f7f1c603dd930048b914e413acdb9ffe
01efc023be05aaed28e28eed8b048de10f85d8f1e2e1f4d3bd9ac5fbdc198232
faf8ef0bf0e9ccf61f07a6fa0f0a9f0e008399f621d7fc0f3428f90df6320bb9
0cfc1facc8d8cef9b80fc9fc219c88ab1c2481fef8bffd24e5b9d722e334afed
06fe09a42e190003b1fb1701391ccaff1d012a042bce04198dd70d08cbfde00a
f6f6f734032bfcf7a500f8f9061dfad9fe99daf8d7d4f201a0e306ffc9c4e3ee
effceaa53c84caf7b21121fabe8abdaa06942ffbf8ceff0a32e00313ca02cb9a
0408e63cdf8ab008e4403a01f0d7e390fde89110be9b1342f791883dbebfd502
051bf9311fe1f1220e2d2b132f30258a0c8eb11cae991b4c01e9c135dde5e1d4
17160330eb0b2f18f011e408d733a8bc23fc990b131c1501339ac81ce9c3e0c0
0a0b83cb36e4100eb306a30c8fd0a80312a6f70cdbe40bec1c93f517c313f4d3
0c089acbc2f98a08e123f20aaa07023306c50104d9810b2b05df2119f60da684
f405928511ddb3063a1e33fdd0f5eadadb0ed6ffb5ecff39ebe5d30ae72ee5f7
c4e819871cd9ab06bb070af1e5f9a533dc2d2df4c99bf411f990b9040766afc8
fa092fb5c738f41fd21ca017b4cec80bfbd2250b2f08120196d79617f832c9a4
04010ee5a7151efe2e17a0fd0f0d091f02230602f8c501f2828da60fd9c188d6
f6fe2c3cd3dd39fed50720fa20b7d92bf08ac5f98e3efc0a373ad0fcd3e735c1
1a15fac1349e3a1fce41ff1cc518cb25f5d18b28a4931d5c1924ed24e31b0992
0a1ca68eaa05952e0268cf1eff91bed60beea424e912266738eefe51c4d8e48e
1c150ac1078cbc1a3b1ced18fb22f8a222ebf218aace1c38f1ca2824be5fd689
0509ecdc249fce00cc039302070f9d0beea38808942e0a0eba92350e9b29fc13
f80098f5c31fb8fb180822ff07ee10b3fa8c04ff30fa0209e4c9d505ea0fc4b3
f7039acfeabbdf10fe1af202d61f05fbfdc8ae0891900f1e32b5d119f8e21ec0
06002d02b9f6ca0512212ffe0b92099923e1b40c8b8c082a2f17f428c737f614
f40eb01907a5b60ebd299a11c58a2aafe8e7911639b8131f1d20c11ba3a3d60a
121431902926a71fed2285123c3c383bcf36b6161d851b2ab189e81dbbeda92d
f90f85b60ca20b0cad1afb0a9be3a78cc9ddb10dacbf081123ac0201f4c4beb9
0010978bc2e5e0170724e0123e88f8280906111404dd1331ec823016e2c7901b
f21725fabd222b1c092de0180ed2b33b00c5941ec7f81c3a94d7fd2dc8bff39c
ee1d9cc3dbbdac1ee82f3119a927f8b2fa04151d24d51a4c3aa43c2ad6ec23aa
10112e0baf82a10de41faf108ce7a3a5251b1210c5f6101d2bc1cb16e228042b
0f1509beabf42c17ad0eca0fea080d860c881c1385d0121bb10ea1100dfc92d1
10099414f0a7e115af17d70ccb99cb31fff90b0bccaf0912ca03ba15d88ae030
e7f8e61faf399fff05f5b7f52bdb9b3adabd93f71c1ff2fdd3a61c1ad8eca4e1
0f039f2a39e42308070023fddefa1524049ba600aca302f4fb211705efed2fca
0408c3d8101fc1143211d706fd0ae3aa1828c40de209082833c49b17d0c0179a
0a1e11d88daab41c082e381696c82ab4f4d48918f5a11e4c9716c12e028f818c
01f1f2c20f891401a2ec14fcadf700cee53e3efdd2d1fd16d69a10fff0aa8b2a
02278e81c0a61231e5410b27e9fe9d30f2bee527b7b91e15da84ca18e50dd892
020ed89db1edff0fb2129a0684f3e320d9ec2f0a881909f8e2ad1c02ccefe71b
ec0dc59aa4048205d2163a012788fd03e837f0100cca073aa7f4d50fb39e840b
e9182bf532ddde1825361c11df013bf0e228d817f4d419443b97ff2fc7a097e6
150b33aa20ca0507a908170cfd949a8f038e2d06c0bb00ff0b95a6f5ee9ec51d
0200313c00b5d812e305c1012aaff2edd6989001b22c07ea2696c8e8d395e0b5
f8f6e091a82622031d00be02c3b5ea27f23abffe9c25fe101f943a09c3fc1ddb
15102e30d19e21110137dc0b9533cc93d6dd2b12dba01332d184321ed54acd21
02042596322f1608441ea400b49ee9cc27a5de07c63103143da1c212cbc3ebc1
0a0a91b4eeea010ad1122710d7d4f2ef2289ea13ba8b0f18b6c1ab07f0a53097
ef1025ffa483c611ca1ac60bb68d29cafcba8c0fe0e3143512edf01fd20be1b7
0c1392c6b9050a0fd719dc0ade2cc339ffcf8309b28b0a2e9389bf17dc12a2ee
050e8eaa95cc980619161a0681d7a3a9d3c1cc05f52f0718160a0814d9c4b1a4
070a30e42cb0be12fb1e1713043425372b2cfd140626124b12eeaf33c5bac8a6
fffe0810c7e2cc07b00f21fe20b7f9eef2a8ad04e0f305303dd1fd05a8011788
00f9922d2aa92f00f6fa2bffa4d0bcdfdd82e0f90c24fbf43523b2e9af0c9cd1
00f3d235cd24adf1b7e438fb2b9e992fee183bf73d1dfadba3a29ff9a33622b3
12ecf48b3a8791ee26e029f6fee98592fa9890e78b39edc1daf1ecefb6ad95fe
e91a1ff616b71815342c01159cb60a32f435c71acb0e0d4736f08b40da36efbe
181b9eebf9151a1c3c239f13e1e3c624fe230412c40e130bcde8bffde4d39787
1706e5c88c9111fc33f71101da12b911d7dd1a01a0d404ea992215e7024c8123
e2f8a69fb594c8eedce98af7c69c8301c233c6f51f81f1f8c0b137e1c03cbf26
04f9f203ede7ddfab9e6befad91922faf11f0df6038df6df331330f6b7cdf983
f802d1188fb2080bf400a204bc06d395e029b906dbdc01f9e42c2221ffbe14de
593c1698bcb100424432123eb2ed90a40bf82b35a8f03de9f43ca02af23cb11c
5d5fa2bdb72d9e5e033a3a5fea2fbef23885f150f0865be8c086f463051edcec
000bd4c407e186051cfab7039023a93911a4070225a7fdfa0336f1fdb2ec95bb
0bfb370c9b2581fe1ffbdafe10dc02271d9330ff1bc1fdf7eee2b8efd600ecb6
dbf107aab7c2edfea90cb302a6213ccaeb1fbffb0085f70d818a8af8f846cd3e
f90ae49901c22611d41fae0bce10cbb6ff921816c430153931a03e220dea08d6
412aa594fc38e823241a0d22952226af388cf828bf082213efee2b2d1955a5bb
fe19daa7ad3ace10451b840995009c0f24a1fb0eb1d70423f22fee143dc604fb
08fb131a3ee4cef8e2fed3fffef89c151b9518fca1e4fc14c1f039fbe3c1c32a
080a93d4a78af71db90e3116eddd89d11d341506dad0123fbb3720fdd2428f3d
04f4e4e3ed1e931ed2f633fbfcd5bc0df7faa1febfbc0100dc8995f5f3471302
f1f9bca5c50706fadbe934f2d91c10e70ff3aff12e1603f32c15ed04e4d2f2ed
e909aaeea639c60de63c9406a0e79fdb28cec1099b880c3e99edab3321f2ed38
ee038103b1288707d42dab0c1d00c02514b5e30791ea0055abf0a21df8b38c8d
010615b8049a3003bf14e1061d1186c4ec9b88053426042812dee410b7a11a38
d80db332070bf30dd62ee010fcaf138306adfa0cacbe13609a12f221e30d98bf
e2ed980ca0c0efed3613a5f0988a920f070aaaf01837f01e92c10c27dbabb006
ccfe8e9f8f95dcf2bb0e1a01f9343ab6ea9bb00305dc011ec325ac043be2f2be
140f94e5cc883719cc22e4161405d6db14da2a13d5170c23b2b89813c4f926d8
1f0b2c1de681aefc211424043e99add4dbf399092a020de6318202f6a4138a87
150d0f0de63c0213ad050217d3393e0c1aacfd16e4061323df841416e18da7d2
f702b4a3c0b9e409d11ee302188fedd9f7c1310bb320023ddbfcfa1ec8e812a4
e204b212cfe2d402200bc8febb20eb9c0226c2fdf00e0204fcb6c705de8599bd
fa0df4f4b82bfc16ce140c1ab1ea1ff021d1f1100b070eebbed8e809eaa59a9c
2b0d9e3ee9aa110ab3ee2e03c113aaa6f4e5a51419c50cf119d4d7eab341d70c
1f17d2b413a4991911fa9c152d302bc024caf80bdca310c13c2e85f0e1e6fc3b
0902a9fac7b6d203d908090292e5ccd807bad5050b16fc23a000e215f2b5b6a8
020b2330ec12ef16bb163d0ec53289890d17f20f18d30d12b1faed13e5e2f41c
3409a0213e8bff1829092a0e20bdd70542f8bc09d3d20ac3359e9cf7f19039fe
241da9e89ea4261edaffa50e04c9bb9aecb3e31cb13019dfdf179fedd98ea132
06032618be920c0ac1ece913cdafc989ff96b30c81ab09d5181f2ae2fbcbeab6
fdfbc11ffbbc0dfbf80b9004d1a1ad04113d2d012636001f86a29a0adee490c3
00fc9bdaa3be3bfabb0a1200edd03b9dea96f200c813fc1ebd39bd0ed1ac200c
1e092fba2ca7a30dc50ce8132205e8f81811ca05e30c10ea0e32ecf4a1f9b298
1d03853488b72afcb5d11201efadef9321a5f7fb03d200c813d6a7e3bfeae3a5
01048bdf37a48a01b7f9c403a7fc3fd61abaa407eb87020c89c1a910d7a52000
edf2e1f7f42c08ee2a03e7ed9f10afe7f0f7dbf883f4fd00fa2d0814e58bc3b5
dcf706d3273289fb230cd6ffbedff606023bf70016edfb0ebaccda06c516c5fb
f905c89b3703bcfbbef5bc0039250cfa03b58f07983e05efb88233f8cb05d6fb
0022bb30969ae321bc24a41dd3f40e0cd4c3b32510891a05adf716f4febcf581
10028f8634e4e809090ae90a25fa0918cf0e9efc04e207eb8e1898fada9d2bc3
b5fd279e0025d4fc00153bfd2b12e003acfcee0828b4fbef9aaa320dcdb78eec
99ef23ef2de6b4e5cef731ef2385c7f9e099fdf8f53befb7e3acccf8f8b907b5
bb1025e18db59a07e618dd0d0e873413afc1db0bca340fd2e78627f72bd3ff85
f2fe87b32591ed092d078a0ad8b605f4d8b1eaffbb300cef23cbb113f31714b4
ecf01f228e8fa5f214f283faac25ec21d3cec2e29bf1f2df2fb5f402f922bd3f
cded8d990dfec1e7f5d834f3b6adb3aed70b8fe89caeebce02da23dcd83208b9
b7dc14fd86afedd5c9ddb9ddbdda98a5dd20bde0b0e7e1bf21bad8f2dbfc9110
b6eb91a6e5fe92e73ce904ed8817b410abbeeee83615edcce3e93af2e6deb5cb
d7fdf72a14a3a5032c13db01a991c30baeb2def4d83ef9ffd9d5b508eca410dc
e0f7a482222c09f4e9f9b8fccc8b1795e804fdeeeeb5f8141533d100f8da8421
d306defe2991870615291f059fa60ea930de9406d5c60731a5c59229bca08c99
d4eab20ed33adfedb2e4e8e6e2fdb8a8d0ceedf0ad0deb0fd0e9a504bb183acb
d307e333040a820dde110dff26c49593bb00b40618f2f80389201606d499c88f
d7e713811a91b9ea2bedf2f2a18ab5e4d80c26dfe2c1edd0b8fdaefb0ed1d7b1
e8fa0aab9dfebafdaaf50df7d82ea11ed929b6ee0b11f4d2bdb3ba0acdd12418
bef0e5f61df6b1f44002faf2dee9042a98a630ea94d2f015b9e3ca1bde1b1790
e3f9ebc3351a8dfc1707c9fefed7cc01bb30f7faf9840019e53d0314c5c53012
fa0b2a8af38b2508b011c006d9ab212def84310d2eb104f1cfbc23f7feb722dd
daf1c2999901abe909f8b6f4208f1409bd0ef8f3d014fcb0f6182bfe13cfd6e4
dee3ff96220838e11de421e5ea2dc2c2f42b94e413a7e8d7d22216fac5e5bef2
d0f8902182b0e9fed011d2fac6c1b5c9c597b0f3c03c00343cd53911f117e3e7
11fdf4dbef8ada02eef7f0fd258ca209b8ddc4fa83e600e5dd21b1f0f921bb36
ec11d283b9a33319f0263e09a90f0717cabce215a21418fb2b30b304e514f68c
f4013e8a00d6dc00df1bd9fb2a22183dd234e2fcc2f8fe3dff39df300c1128cf
0910ebc2f10b380ad13baf0aafca371118038c1330341768043a1b36c9ff9224
342024f01b3ea21e0c402a1999cab4192332e01f35ef243dc6ad1840edcb9412
2c1dccc4a3dfc518d903ad1900fcdffe372e9914fc0e1002b69b3ffaf3341331
e8091edfbaf196100d0eb70791ee3bd0f5179f0eefd00adcdd0cf3e826a51ca1
0f05d1a60081d200bc0ac3f78c913da4e6fdbcf6d904fa3beb232419c21019a8
f3f6b3b4f1a8e1f60eeea4fafefaf61014a42df899bef71a00dd8efef8ffb5c4
170c0aa18624b00fb111ea0fd5bcd1861da0f910e1300f37e31ed01ac227fb3a
240ee327d0e32716c5f6e11ae324eebc552d1f1212d50efac5c42afbdab13995
270494c1b1298c0cd70bd20cc739c52819e28e119c951112fa358c17fbd9afc9
0900a2d8f1b2bbf3f1e917f4a210b1daf927f0f02a98fa051cb0f407c8a5e5de
f2f7d522a2b0d7ee98eb25f1ddff3a3efabcf6f7f390f6169c3d91e58190efcd
e5f735c4fcc1c7f7f8ffb2fa3e2f1e37f91da1faa701fd2c911496f7d9cd33b4
100ce1c6e604e10f9709df0e90128fae1fbefa0f8694061af5861708cd0bc639
0911d010f59a1a0acb362011fdb003d834de3913c329123b84182129cbffb6cf
110aa437a604110c0bf7ac0023f40c900afc1307828c0dd69f1c320bf7cfefc3
fc0188e0823ad1fe9507110028bbd3ebfcfe8302fc28fc02f0312ef9cfbc830b
c0e98ff585caabe6bd0110ebb98a9494c02129f1acb3ea1e06b7efecb5c92ddf
dbed9b9732c199f5fbf6bdf6e2b03d96d8a6e9f68131f22e94a629fcc4d112eb
fc032e2af8d4d003b2193506bfa732d520efc20339de0844209ea619c1db22ce
551305b5ade7e018a5ee241533bd05e137afec1b0adc1edab9e0cc150316beed
0f0ab325a9aaa817f1fa9c0a2f27bbb037def510b02711da2de2a8fc131f2ec3
0df8ab8b24a2fcfe9b04c5fb3cb3f28727cff1f93dfbfb0fdcf08d0fddebaa8c
dbf6eeb7ccacbcf8ea07fbf9d813c48208f5def9cfaefa3c95e4df02c829193c
fc06d096a51525062d150105cfd901df1ef2bc04cec1ff47c09d3125f7148921
0509ec17d1a9b60630191c058ae88e3b0e9dfa04933108298599bcfe04d0e03b
f20f27cd303acd1bb42bda0fedfb9af0e938c3131104123100dfe71120bcaf9c
0602f8aedef1240bdc11d605ddd4cdfb00ace00fbc04fd1bd789f30ce600eab2
fafef7a482f2f608180cf0fed3fbf8d6078b0204f33600263aafd509f8cc2e0b
090c3403baf6a811a61c0809a7a6c23906d48c0bdb82083c1ea11410f9db8ee7
090494c4cbb7c305fff9d90286fe8d2ef2aecb060097fbf0331fe6efd101f5e1
191dd6068bfdb71ac90dcb18f7baecefe5d60d18e883130121fd36061f10f213
5730280cea2a183927fcbd2f0dc50bc7f3d4112a1c2826b30516270af6109f22
14f194ffb93eeffe4803d100a7e930f0231b87f7bb28f70216dbd906f240e0e3
eefef8b138a300ff3c10edff270ab1a027e02f0a0a1b003f2e043a2eeae010e0
0c06963ac20ee7fcc8f49d01c710f99cf192f10bd8cf07f0ea32a4fbbaa2a3b5
15fc22948c8fb3fecdf7c601ea98c0b905fde4049c1300c70c31c7ee0b430692
5c3829fdb0fdc1477155e242f39bc38f75ac0432afe036cd9b8a0226de359bf4
f3091c348532ab1a241abd15a80add31ffd2b5199cbd0b0a08f10217cf1de8e8
1f0f97b1de00e90bbd2ee314d432f1e6f611a11a982a1230c6fb202ab413a702
fcfdf3d1edd6abf7cdfac2ffbac72306fe0e8702021efbd503df88fced328ca1
fafac819cef789fd07f318fcbebf3d20edf8bbfcfc1dfbe9c78884fdeebb1807
090f8dc0c6eb2107d40a3a0184a00bf028c49a12d48a04ffc88105131269cc12
f218b684efc6811c28361112fb1e02c80dffd51c273e161eb0a4eb1fcfcdab86
f718ff1bbbac261c1e39d513e9201bf2f9999b19f5ea1b4cf6aa3838dc118aeb
01ed84ecdba9fbedb1d31af3983319a907c6deeacfdcf2abdb2cb2e2d413be9a
05f82fdcd2a32def99fd2af72924aaa0dfc091fa2733fad92ad1cee0e916a302
2706053633f519161f03a9079d9f33250134bd0e39ed0405aeaffb0ddeba050a
0502ceca091ab7fcd1ebecf9d525b58e0588c3fc32d0f8efe5a024f3b3be9ff0
f4f68fdc0c031805000ecaf88bdb2a8df7e9350022a6040522a0bb0cea9edf90
d70b8acf33ea2c0fbc3a8b0e94378d9bb823a61394320c4107abf11ffa11d604
cdfa84161eaa9a0220159efd09f636a2e9f98e018afb030fddeacb06d2c1052d
f1003f2e11a51b00bffeaffbf72c3998d70791ffedc701f5aaf7feffb0a098e6
130da8b2d2ece10bf909920821d0030beda98808211808d995ffd502d4ebaad4
1b1a299e31fa97181011d816f58d93011faaa81aa4d416beaf9a8c01f0e22588
cfffb7d9bffa34fbf62ab1fe8efcc5d2d83e8800030a011609aa3a12fdd68783
c5f83186b68dc7fc910f24f62318ebfad338befd34e5fa17f6ffb502f993a283
e7f61ddb10cf06fd8ef41dfaca300404000cedfd0cc2fa05ac1799fde815971d
010104e18781f801cd08fa00d7f59dff03c42d01a03a05ffcabbda09cead00ef
ecff36b512fef2fcb00293fc0817f7abffa68bfd15a7fdd7c3e32a0ce49c2f21
c40bfd81241df211013b8102f02bdd03f9fad6fcf1a30630ca94bc2e07bc33af
ee0e0c248c02350592199804d3c5c0c7e8173301371501f9a1362e0c18fd02e1
f214d101d822bd0dc1131714bcaf28e021c0911426cd1127f6a6201000eb3838
d2eda307acee1ae4cff984edb591afb8e223cbf0182ff414d9e7bd060a99a7a9
cbfa081bb038d5f7fb06acfb20259fe7e0fc05f43de1f609011bc80ed21109e1
f1029e95b6b88306bb0ed4ffc239972deb24d7fcdfcd05ef1afeda0c1803b01e
e3fb9897b507adf5beefaaf8a93197d9e908f1f102d1f0c1962be4efffc3a511
0716c7fddf0729221e16f111ac11bc193dadc90e940a140885e7c209e811a131
f105952e3e2dc1024f01d903dde31c08f7381e0623b60ef08caf82fb113804e0
defd261ef10014ff560bd400919c9603d022f0fc878ffd19f8c21a14f5132eed
ec10f70b2aa50e14d823830895f53921c7c2950bcab311ce381f1ffc2eeb27b6
f111afb920b3df11de1be10b09f6c0d9cef6d30dddbe0ee1e028ad1609eecaf4
f603ab87fa12a00b24262505a1c39d302f2bcd09f1380407f311980f09b39698
d1fe14ef9f220201231899fa09c1d50c07d01c00991d08f1eb02c621152527e0
c703b3c482d7cb043d21d6ffea1194f0e2103607179f07f118e6e71f15b9aff9
ff19f639e7a7db1d0d1a2613febaeac2e9e2a41b17ce1816e7d0f00508cd27c0
f7fff3e317e82efedb06c50427aa24c11234fc07f9eb05f492163b01d8fb9cd3
10092f0fff32d90f381c0f0cf71dfbbb18b40c11a8ac0afeace9fc2ad0cad9df
ec05d01231c00006b6049307f1bd0a29f13dfb069e9f00cf8bac980ec545b0ea
0017cc99eab3cf1bff1a2d141bcaa381fc039c1490180fd3bb2709f8caf298d5
f513d0032cf8bb16a219e611372a1e260caeae0e90eb1009bed1e611e1c8142e
fff5fb9fb4c135f74e012df3319e078d103b8df99b83f4f816efb5f5e6228390
020af502d0cccc17550c35081d0f2ea90b389d06cc08061d29cc9d0bce3911a0
f20b2fd490899c09d818de0bfce23fe4f9f72106f1a005ecd4cd3b0cdbb51db2
ef040018f32b820a0a0b980435f10289f812a3073c3104d5a082a10dbcfd93f7
1c179e8ed2d3de0d3912101033fcc3a816e79a13001115021e37bf2006b898a8
0f11951e101dde14fe118d0990d8d6f11306fa0c94811301feaf370f0361beb1
ea0e88b03335fe113119950a30c7a98bf6bbe00ba33409151f852706ddaee632
f8161c3b11d7e61e0a22101b98c1f71fd807cd18391615250194241ed3bfad0b
080cdb0d1a841607f30cd90aba97e0fd033cec04c7b20afcc1b2b119cddaa8e9
f40b84ca0db808124625ca0925140607e9059309e1d209fd2bbb9e14e10732fe
0900318486fca7fd6008d7fa369d9d2bf2f2cafac639f7f1a10a33f0052fc4c2
061024f100a7ac18e522a90e3cb3f8ba1520cd18942b0f239a95ff15e11ef5b8
fefcc281f336f100c9f1d0f8b2e419b6fd0b9902d520f7efcfd72603bac6122b
07072bc0ce28220bd518b2051bd6a61a00fbc80aeb3d060930ce9d11b6eaf81a
fe0f081109d4b3140b25d2158935fa0fedf0ba15d9020ff0000dd40df62dad83
fc01c1ad8f86af00161c110806cc12340cb9220391f203ec25198409e52f8225
160ac43c91b1840ee21c8a0ca1dd04b113a0e30b96c70c0939d02c1ed5d203d0
f70c31ed02b6f40c3617ac0c26f5a3d70ac2e404d712061133f6071cb9428727
1202a3f1a2e0c801ad01dc011a3b2216ea89f304cdc804f3b0dc2805c8afaed1
dbfe8bbbd687b0ff3d2f8406269f9e23d2ed240d9722ff45e1133d30ce9e1fec
f4ef14940be6f0f1d5f5c7ebe5c4afbcfb89c1e6d2e1ef1c9ea6950cd5d0a006
e6f5b19ac3f1f2f524f8c5f0dac805a200e4d2fdeadcf619b33f3efcb9e1932f
0dfbabe2cdc6fbf0b7de3efab735a7e4efc805f3153dfacfdfc0dcfba4e8ddcc
f20bdef2c020090e1c06dd0bc33005f0101ab1009417ffc485199ffde6f42230
18fc113ae02bfafdbb0f87f9a708c303fae58b021b9efb0bc9cf9509b806a983
1c0da78dab02320cb80db6103ca70a841cb5050c9b92080f042a190cd58a3281
f0e712d40ee3bcea9fda08ea3b2dc202ebb6c8ed00eee7f29598b6e6d697c2f5
00f635b4b332d1edb2f122f5e9cf84e80ec490f70cf3fb18a2bedf03bcbbf93a
f1e90b350790a2e432d007ec36a993a3091c88eaefdde7ae32f116f9d29532da
341c272128f60c223131031436a22ecfefaea110862c1f168c1b1f2bcc00153d
121a3cbefe8a081727f3b213eead28c30f002412b5fe160d25349706c8e8bbe2
301af891bb3bcd12b30a14179698d3c732c21809b5041218d42b2d06fe368fdd
e9f2f0d6dabad5e298f5d8eafc0aaf20efca99ebde8fed1cd78425f2e4209184
d6f482252ff9f5eeccfb00f1e41925c8da2d9df11bf8eaf090b897f1d5f8061a
1f15088b3111161f1e10b5112bbe21aa07ac3c0f0bc914e698b89f10e8ee0da9
0302db8c3de8b6f6eed0cdef14e6cf33129a090802dbfcec9687adf0c71a012d
1909cd1ed9f38c09b8f3bb082eecd8eb32bbe5092b2e18131590baf6ce0e1cb0
ff0128102fbc0bfe1b00b7fcdee834b80ead93f91a9cfd1b1ba5f30eb90c33d3
e6fb820f109f02fbed00bef1e90783e3efdcc0fa3c95f31ee1b72605eb23f69d
e3103c042639c715c80cef0f30d30d20e7ce9d1109ec0dc0360c85e326bd1f0f
1b051a0e88e6260dc3040704258ce51a0715de0ab729feff01ffc414ebbaf9dd
e108e0f932eb3713d21dd5fe1a8b1596f5c2a60de5fe0a36a2ae061605aafaa2
eb00f617c0a83500c321ccf4ce21f7e92803d10392b0fd4af72d8b10c8e91597
c50a0b223d28df072c2f170bfbc32c1603a89c0da3ee0c5ffa3c861dd0a4c0a6
f10933d3ec32a20f3512ca0d0b100092bb8fcd14970213e0e88deaf30803ccb2
f3fba537cdb5a006bf07fcfe9b18e3cadaeff302220407debffaba00cea2fc97
e70596981a10a40ce7021efe2fbab09e09949dfdc31203f7a106b40ef69df18c
0c098ed6b90b160fe20f03093cc5b9fde4d2fa03379313069528ba15ee3ef73d
ec0d17dd212a100627079008dfdae7d6e1c91a00c03b01ccc8cdb601c8e8f0ca
fa04b611fe0cc30a0af9810aba8b38c0f7cced068fdf07be1b8e20f500ab3424
0b0708f9c494cc100c0823ff3a0d2b3a15280907b8d206f4ebda8316d519cee1
fc09c01cb32d3e0c2dfcfe0d063c06022417ab02342b08f99315ba0af81a0336
1f0fe090f68ebc162e11d30aa199363b1620fa152d8614f9f083d809e1c0bac6
f10fa29d93f9d414dd13ea0b9a19c22606e7db0e94c60ce2bb20b407ccc1aa8b
effcbae0e7a4daf5e30ebffed48a3ba9fb05c3fe8f82f8d9e3ca2402d604ede5
0d01f1b0b03a840cdf0510fe9d1bbefb0babb0032d1709f2e938de0df6d4baf4
2332070f249d91350a27002cd2fca13443ab9c29f79d2c2283b90b18c94de205
fa0b87f1ed95e10beafeaa0688d6a295d00b190cdf3904d60bd7cdf2c6ea86d1
040c930706e5a10ff00cc402d12fb2ee1e81db1183c4040619e3a708d13b8225
f30deca1c4d3c810a82da1069ea4a802b9011c15d8ae10e99e8ce60a04b3d797
0e05c39eb02bd60e24181e09e51095cc07c3c213c1920915a8d5b00bfbd610da
03fd923a27d60b0ae1e5e7fecd1bf8f71edd38fce9c3fae9cf2e83f5ee43f934
190e03d818dc320c2f0ef50cdb3af0be02b9ec0d091f13e7f23c0602f0ecad37
17f91fdff2d2d5f4fcfaf7f38ed414170efa2200dd96f6c9aceb0a03cd92d9cb
eb27b0ef313a0e24193c2c1bc093c1bbe6371622f3c922f492f1bc211007ccf9
bf04211e2501a40bad159c0c27de3238f90cd10c22a81104d1d22d1be72f2e16
d8ffc5f9971be40d3516e207c93bd2a8efc9bb06cdd7002819ec2328e61be63e
eb13383b3feb1005031ad00593f9acf6f49316081b8f0403a3c62517d01d29e5
d001e0ae9c00b2061516c5009eed928ec3e71c09b2cd04d118bd8206dd38a519
0f151affd8bd901be82ee116c4fde0cc1bf3e21db5211b481e9b271eded8e199
01ffd2078b93bcfee9180cff8c851604dcfdacf40536061622f5fa02aeb82cb2
0d0100d13485ca0a3b1fad0e38c9e3060bd9d3fe0eed07fe3009851ccdad06e2
03061236f1c11e061bffef08083a1ddc05390007382c0cf02700d421bc5188ca
01f1c7d2ee1b22eddaf623f5effe9024da8f89f39dabf0f0a1ffacf4bde9320d
f608b1c5833e0c12f135ae10d8ae1f0317bcde16a9f2092620c21c0def42e9de
020dcdeede1202070113f90dc012bc820ea7180a32891f4b82fee71510cb1a08
ee01333b2c81f0fa20eca00304b72818da2925f8e12b02d8992e23f7c9e9d9d3
0f1c18c91e8aaa145719390de99ceb36f7fb3c08f6f4140391b90c2609ff392e
04f92dc1cb811cf6b7f8e1f6c3c5a417f805b4f7c4d7f3e4d9f8d0fdb8c72127
fefdf1e29f0d8af03b00ea03f3f72600031e23010fc9f5fedbd6c702caaabcad
4141bfa4f887b859ec74fd3abbafff9b23061d4930b23e10d11d3367c126082e
1036eeb21cfdda462064f02f2c0627d70cec2f3b91a53831d62f324518c4bee6
f30f8b37ce27160ce423e91328beabb40683280729ac0b09359a170722942501
1a0e3490cd1abb08140a9f0017081af51bc53d0938c00fffd1b73309d0ca1010
f20b92d704f98df72f10ca0a26e41f27ece72807b3b50209998ea10bf30f1689
0e01a6f48a370e1124098c0de0f6e3cd01c0fcfee9840cc60d19380bdc16e31b
faf3dea781de00fbc0f7def1cbcd91b5e184dafb2ca9fac21eaac5f20705d394
08ff1e263bc107001ff80d000ff629d70886a80882d90d07109dbff7cde6c0f4
11fc10f9e1c619003b0c93fa27adbdd4f8cd8bffaee80308d79ac5f9c2f5c0e5
1e13ade8c218e608a717db0e970397030d96ce0fcffb10fa05d2c211adc318dc
f301d2ee9cb78503cb02eefd9b9e81e4f1331f0319930bed0f051f13eb99fe2c
010bf41a06f70707131dd400b10f25aa0a9e1d129e960efcfbf2320bd68c3714
07058503c28cdb04e31be906dd1384aaec3f171797280b0e8eb73012ab329c8c
06ed81269d05b7f1f8e3e3f0e2f0c6bed0c2d1f31e8aefd73ab0e4e8c6a3e61b
40f58396b5f325fe40d095f5d7e0cf94031fbae8882bf5ae2be606e6e68e0df8
0ffda6dacea9c6fe93d61601cda1f83c1205d5fc3cb802b49ad4f1e5caef33d1
02faca35bc271ef915ddcdf8a9c1f7f7131e2cffbcfdfda9e9a4a5e4f7f00bca
1ff6c88be1e2e9fdb9d3a1f3eb9c332f26cea0f7f404ffb8f39a2de8d502efa2
22f4f514bf9f2ef402f421f5e02cd29b21cfb5f0ceaaf5cef8d889fcd3bb2ea0
16f8a5a486a290f4b2f13af7b0c10f100a1428f8fb95fbb935be2af5da8d98f6
fdeec0a828b20cf000e401f5dd2b24ad0004b3f4ae04f2aefb938edaa4bb32f0
f0f38fb0e0adc9efafec06fbe1cdedf5e5392bf4d8b4f0b0301ba8d8e2058ff1
07fff121a40726f301f8fff73ae0c6f3032bcff9ddbdf6c7bd2ce2e6d11ce4cb
09eab094900207e6cadf33e92c9aad92118910e2fec1ecd2381b2fdfd1a031de
03f18cc1a1e30dee2ed79eeec3d6a51dfc2b3af69acff4b62216f9e4ea982b0c
fdf9b6301dbab0f7a6e631f817da8e22f608c2f39725f5b28399c9d9e107c51a
cfdeb2092c1dfccbdbd1b7d8cff71c06bfb9cade869edaa038fcffc9d3a3e5b0
f3f71ca220ef84e9e7ebe4eaf9d31527ec23b6f4231eedac103d1be7ddef2d8e
0ef2b613c6e11beb12e1a0eb1117c6cc1800d3eabed7efc51891c4c7f7bafb2b
08f9d6a6fb1e1af24bd3eaf43ecd910a13c230f2c5c1f6d5999a22eeecbf8188
07fdb4b73a1125f0c9e80cfd30bd82ed0a35e7f71c83f5dfe50805def9d8a492
f6ef1edef63118f0d2d8ddf4dc2e8799f6f2acec1cd1f4bcef0a8ce7fd94e6d2
0ff9eb270030e10235d9f5f7f909ed972c0b23f4e605f7cdbbab08ef10d9d926
f9ea30e1229a3de445d8b5e7079b0fb60c2dece0e61ce6d29b3c2fe5f803ec38
17e7db8cfdb824eedbdda8f081b62be51facc6e9c0e5eac4f53aedd2f02508a1
f7f1add1e50ee0e9ace1def1ae032d1f0afe9bf0e8eeefcedca1ebcec8c48df1
faf6e20402c725ea40e402f909b4b811050185f43723f4e639d630e8fb95cc93
fef6ddb2ba842af245ee0df13238c2e7f42200f4de19f6e8daa488f1e0c9a316
10ee8dcedf343ed9f5cecbdc0e372e121a1a27e5dc37deb888f41fdbeb3fa800
f7e99c3095b1baee04d71df1950fa8ee2fc13ee9dea3e6eda78f32edade6d8b9
eef32ff82c0820f3c7e305f6261ba4d311c88ff1b8fff102349dbae9f13b962d
f5efde37e7dcc6e60cf2e5f6dc8494bb100f32ef390df31a1789aa06c0ad310c
efeea8baf392b8f52aeefef5bc06d6cc09f724f3ab28fc120be48500c6bbf9b2
07e4fccf86d530e930d7cae90a2901160bd98ae4c71ce6f1a58ab9edbcfb9c96
03031ed4f8e6a401f8f0aa0197a0d7ad108cc6fcb6c1fef39706ea07b7cfa8f3
dcf6d5879cd2b2f3eef1f7fb0f081099063823f4ccacf9f306d987f9e8f1110b
0b071c0ff3f517036612deffecb118effd992402a389fa29f592f228e00fa0c4
eeeda222c4123eebfee1a9f3ece8b3eef3b583ed3626f10d3a10adfcd1e5dee7
02f5e708ce0b8feda4e0d9ef903ba2ad10dd07f41505f0f5081f09f8b6d5b78d
1001d7071308a30924fca40519d627abfb940a04de0708c6030531e7c7152f14
200aa4adf38c040dd5009309a83429cf04fb9208d19b13040b83f80fdf23f809
377f07b90834177c584f2f7fec8e32fa57350268fbf77130a734b57c216a94f8
06fc17bf19d519fb4eea1ffda71f882423dd3efdab25fbf19fbdce03d63ec9e7
0702f3cbeab5f503da068c04ac28ecfd1b9013ffcb89fbf1d3ee01fb90afe905
f2fda21aa8eee2fcfbfaf3fece030e19f9ceb2011928fd06daf1d9fbd4fcd9a2
e8f1c3d027fa3a0029ef2bf4f3d7bba9f1f994f03ecbf200a3a12ef0f61519af
280b320384dfe213dcf0910993d4e3f94704370cb6970bcde211abfad118a023
f1f8ad8c3036dd02f8d8d2009d24f5d8fee8b90016ccf7c6f9e6d8e6eca1eeb9
f4f093b90cd6cceb24ecc2efa9a7c31af4ea13ebadc5ef25a62ecaf4e6b7d19f
eb00c83c8e8339f4a206f0fb3e2eb01af488be00f783f7202393eefcbad63ba6
e2feec93dc14b4ff030ca4feb3081e08e2393b0516a1fd0cc387dd09a61f1998
1604358acbbcc40f0cf7b303c4f90abb02fca10726d301d2153f9de6aa099dce
f7fdb28493281d06c100d202a9cdd93b1e998e06c8e9fe06a0be1afbbec18717
f7fab0b5d2a63ef590ffd1f802b6840acbb4eafc1825fafeff1e8efead20af88
03fcb818980323ffece617f6de1cf0b318ae86f389baf6cfb5a09ae8abccb5cc
f9f8c5b0fb32e4f523dacefbdc2f342205d09ef0dc9bf5ebb3cf1be9ad0cddfc
0603ae0a8e1a85ffe5f8a0ff0ce0cac2e51a2702afb00219e23da20ccefad8a0
04fda21ac7c488feecfd2dfe36f4b901fec403fd0e3efb29fc348401d5ffe83d
fceda6b794a506f2a2f338f4ba17d0de21c0d8f6ae88ef0ba9301a04b8fe0432
eef2990f981536f4abeffaf1ceb8b99e200be2f09e25f5f191e8ea04f1172016
02ffdc06c523a8ff4d06e1080484f8a31dd4a903ecf80529f2f6ab10dfd20f19
14060f373bbcabfb0cf6a0fd950c3aa2f18b86fe14d906e610043df3b8373713
070dea313a362c0ff90519079c9d278808bcf20a8c221123b2b23e01cce38299
ec0a9a2807caa107ee12b80aa38210ee17373b08d7eb0e4fbf9ca617c8bf053a
0b03c001ef3a1604ca003d0201c3d23ef0c8a5fd1d320509eb1cc819f5a11aa3
140ec996e3a9e311ed07911117811196118de810e82b09f92b23f11df4ebe2c4
554b9daac72085513a27fa452592a4d93c8cb14911ac45e9093d0f3ef36213b5
2821929483c6bf26b6e8b6219b8181ebfb991724ada11fcf94a819fde6270ed3
1d0b18e23a3803082622b011042317a309b73c0f83e71620da8d1e14ca9ef51d
e5fcde302a1337ffd80181fdf110870cf0dd39f896f2f8178f3b3308c136ad03
fc08e5021f20b40ac606970bfc9ba3e12ed2ad0bff140a188d049813bfc9e5ba
3104a6b82de1df1518ffc306c6ea329d1635e6fdedf711b787c32b09c605b0b0
fb04168b32399411cb0eea0493f5a3dd2d8d1900bcf70eccf6d811efe99285ba
f9ff2facc90523fbea0712fe1bfabf8c01e09f04821c05f51a9d1d00bfe6a829
ccf614e014bd33eeefff94f52dd0e8d70981f8f0cdbeef1c14928cf6e426ea28
f608afeb90cdbf0ace2e8405a5c0d51b22a01c0e263d1134ddcd2b1bf61ee601
f70c17223328fd09b11b0b0edb8ee7960f22a10afda50dfbe5a1391ced21a1e0
ea0128832f110f04a90fe00c9f2dceb90d03adffa418001fdee68a00d8f990ce
0e223c069ede8b23ec2e381e1203b1ff0b23111deabe1b4e21d0a119dec8b7fe
f00ecad72a90320fd2142f0beb34b3abf282a1068ef908edabfc15fbe39ee229
ea04cb049ff7b4fea21cf1f825fbf2b6d2eda5f82dad01079e938a08dedf9ef9
0d072a8db3f5dc03d922f90db4dee832c1f89cfabce709031df48c08dd0f28db
eb0b1fe5c431350a3b0fd70dd7d19deec211bb071f29061cc92bad03ddabc30e
f314c3a0c7901c09511d2f0e98f3e0a9eab129150f9d0feb06aef80917d9fa13
d9fdafd92f3cc6fce90326f7eab9dc8ef5bdc4f4fe81f9f72e3820fff8088ba9
f9ea90ae03d1bedeeaddd1dc2e8cd9a2bb2fa9e0ec23e4d88c98ebeccfae87f5
11ffe7f3fb36b30584f92b02202c2332e0160700aaca01f514080ff59498f3b1
13fd91ad920c3f0733d6a1ffc0c539cfd0fb94ffab06f6d8042afbd4dee89839
0b07e39632a31c04fcf0b005c33adc221adf310a37e8fbdb30cce2eef52386c5
f3fe0921fb8136ea1801f7f29b38a2c512201dfa200bff00aea8a203fefb81e1
1c0a3e8ab7378c0692faac06efe8969115d1200cca2f09dc8406df00c9ebfdad
27132a3338a80b0e81ff10132efc1eba1d148d1311aa0ef11519ff00c20e1390
321b358b2425eb1ae8e3b91c910303c430c5ac0f8bf516c809dbe0f0e0a830bb
1811a5c8f69c2e0b17e80410eacc33383f13040b172f14c2b7af2becc92ac435
ea043dcbc135fb06a323ce07952fbbc2dcc9b904dee2ff23bb29180df495842a
e9f61228d6b52ff0c4f6e9f3addafad5a3d2aae8e71be909a894f0fcc892b3f4
1407f0a7adff1c0a150033072919cc2e1be00b12c5a30be6389e0703dbd0db86
2307c8dff2fe350d33e13e0ca9e235ed1d31150baf0c0be3d0b031ebe6c40d0a
f1fc1b91d1dfb503fefeaf05b3c0848301dcf8001b0804e2f9b3b4f1dc2413f1
dd04fe2d0e13b8162c1e9f072391173ed0befc0d218a060e0ea4292b13ddd989
d5042cb4ae2fca05bc17940929e884c8ae9eab03361e041b25c72810f130982f
f9fdfcfc2423bafec2181c01feeb33ab02e6ce0b15d7fd1535182911eb2e821c
d6f8ec8cef0218fce71201f7d01dfb22d0203b06330bfd1c0a8df20bf4e1320b
f6f59d16fd370af1bef8c7f833b939c8f4f7afff3ea303f9a5e01703fc2df2d1
1603d8b5d526290c40f03affba22db8c0fdc1605308a04c28cdd08fab23781c4
230f82ab91289017f0f8890c3639c613f799bc0eb83a0eb1d3151cefd7b4f6e2
210a3409349aca12cbe3b1050e04f91639f6e10f2ebb0cbfec0f38efb40c0cf0
fe0c8829c4f3a910d9f4a5143132c61520b93810f1fe0cfabbd210e4acee35de
fe02d8889aa500002cf4e8008e8ba40c150a930031d6fdefd9ffe006b6b124c8
ff0dd02ad1ed330fbe191213d094a4d7fecd9807baab0f0e29c8c915be17e6e9
0d1639a3160b360639fe380ddef518c7139da10acf3c16f4bbf43316a76ae5b4
14173b11a1ae2611ded808040e8389ee2c13d90a162012ab28cdd2d6d511d195
0e13d913ffa5bf0dfd0508103ff2e3283f17d51bfef30f1494ff2b09963fed33
ee051c233690d5fad819ce0335f6b2fadfbeab06fa19ff26dc00b50eaa25b126
d600aad8d393f8f92221a7f7d708011916112bfb9fccfc358abf9c29c62024c2
da00befd01e81b036a271901a09cacd0079fff03a7f90260f636a518f1e2aa25
e2f3e9bc3a0fc7f2591203f4f6cea3f516ba39ef1aeff139ef31090cc8d01229
ecfebe11ba250b02c11db30130343835ee182b0200b4fe3398ef0d22e2230b38
f4f3298f24318cecbf13b5f69a36bf0cdf359df3dca2f613c4c8361bc9eaefd0
db02dcb2cdcfd101093731012c2ac70511a4f407f1b200552d272138c0cfc29e
fd17d708d2111a10ef2a8f0ef70d13f416b0910cbe05144df421d418d9df05e5
f0fe36f4af21f2ffb71d81fef0a0a7ac2402e9fecade04353b21d213f35aecb6
0310dfcd189cc6191d2df517f19e3ef7f6832a16fed30d2fd03a2f32e2d6b6f3
ebfdf8bea087cc01c025c8ff8135b394e3c3b1fe0f10fc2dc6d83e2ad2cda0ad
0e032ca3f6e58af8df0e96f8d6fef1ab002ade0305b20013ceb5b9fde004ab97
0f000f24320c01030beb2302072cb084382ea6072533161284aeb9fab0dbd0f4
1c011913b0e1c4fef4ec93fe07b085ab0e9eebffac3202eba6ed22e7ae2cd19f
08062b91ba93820602ffeb05d0323ae2e4ec87061e3d01dadf8233efa7fea231
fe01a9d62982ac00b00eb701f4b510e4f4e927feff8bfcf1a58a1a039e398989
fef2341409ff18f9e3fd1cf5cab9263efba697ecc2c4f906c7f1b2e7d13af534
d900e4ce332103fbd61b10088bf9c63526939b02e1c2f92600aad61fd0d6a1a7
f708b2038ff62d091914191021ee258d171da204a18b0a333aec1921e48b9bd2
d5080b37ea25c3071929a910cc293d04d029b109abb60b31a9dec715cf26ba2a
f70db0db1df5ed0ed923fc0b24fcee360507aa0fc8060e3cf992881aebb41912
f9f0f712b9ccf8e924e0a0f2ed93b1d7059a0dedca20f7d6c5f4cadaddb7e8a4
fa0ec9bf97951304e715010bf5ca072f18e436072b3400301d1a1608ea261b2c
050b00cd89bef41ed61e290f259b0b8517089d1099f4092aee3e9c36b7f5c53b
f4fcfa011c24ec00ed0af2049cf738f300c823009585fd17e3c11206d1cdbb24
e908abcee2e51a0ae02a210cb414bcfde79de311c2270b283326c41ff309f8da
0c00991fc9f13d02ea0bea0bdc05e4b21c14ba01ebc30917c3929400bf253d95
e9f2aec0af0a9bf5be098cfb37ecde9ce60dcbf6c4b40012f51c0c04e7c9aee2
271cb29eae02141ec52d162407f3860efde9d014ef1b20fe2da73b17f61e9ec3
f9faab03efbe26fa15f52afa388fa1820412abf181b8fb0908adcfeaa7969fec
0002a590b4dda5ff23ffa5ff1d09b5b9f136ff05198203f1aaeaa9f2e6a991c1
080db0d63da81d0bff18a2042e3bb8aefdfcc90adae80dff04f6ecfade0ae0df
0e0d0136f4fc8206de321109fe1219b4f8333e0d2022114db3cba72eb997bb1a
0f18d70dc9a2b617d53c1a20b0d5fce4f018061a8c2e1f3312fe8130c9d1e9f7
ed03201133aab2fadb0c84fce1d3d214fb2bbcfd19cd0513beb339ebbf1729fc
15fed713d4eb3504d011a906a303901dfc02cc0ae9b00ce8b4bff008eb2e17cc
ecf7a3f29323a1fbcbf4e6fd1cb7c7ea0891f8f4babaf60cfbcaa401f2d0af94
edfbc6e233a418f64e28bf00e02d2bb10284f8f9d490f834b93af122b64a9e94
020f0bacc787af0dec30dd0d31cab2e3162f120e3103084804390e28c433ff1d
def3aed6298787ec1005a3efaec091d8d7df9cf0f0a7ef0c199c9e03f9d3c5a6
d6f496dfa0b3d1e7e1f69ef1d5db062ecd1b97f02a0eefe58ac3e1eef7543331
200cf830f4e59508f412d10ab68b3995edebeb08af8a030b88e583f0c6e18e3b
f20b9dd60226b00bdb14170715fa9d98dab9e706b13a0b2a8bdfbc10ad09a3ff
fc0c1fc081cf1307eb20a408f59e04b7eba0ea09b9070843b0dba312a0f911f5
e20c2401d9328100c70b96fd1d0e92b4f4ad0a049102041ac1e7c503ba0f88ad
ff07d1f01307d70e1c25b80b0db6c89ef73be80f9bb61511f23acd1caf0c9aa0
0309d2b60d1232061003d2008eb086f1079331fe9eb30afcb8813a0401a326e7
f0f5a81ab69ad4f43cfebcf89bc69fd1dceafdf6bc290203df330816d2f201d7
e4ffbb293cbfb3fdca03e2ff85b41b3de8e599053cc80203b2b6ad1ca88f3639
fbf2c5ca32debcf0d7fdf9f50ba12300f3a913f2ddb8f401bc9a2406c2b83d92
fbfacc35cb8a040f0a29b4060c1806fceca1c10593b9061ed42ec724edbb1fbf
051211ccab05d313072b38172f2fa131e831ea13f8fc0e2318ae0618fa292bec
eff726e620b73eff2f070900f7a9e3951ab5a80508d5fa1bd09a0521d7a0b2fc
fffbabfb869cc902e10e820bd1d587ecf61fe6022d8cf82d01920a31bb9fd7cd
f8fa2588c2308bec940202f81bd1c8adfc36fef5ba8ef013283eb01bdcf907b4
ee0d829be1e0a901a42aa6062ebc05f7e93b2a078f870139bf36c31fd1aee7be
ff00f21fd505fd04aaffd500d6ec9df6f7cb89fcd7ccfc231212e002e69437d1
efff22bd329a08f9200a9df8eba8c30922ebaaee08d9ea0c2d34e014eab808a2
dfed171793dcd5f006099ef18ff394acae87f6f0a786ea25fe96890bed251033
ebedf03d11de14f21fe2a7eae60d02c5da0d0ee8d8abe4e8a68f9e07d491242f
e708ad9193d8f80ef31cc604ff990feae4942107be960a258f2e920fe40ccfe0
f819d9e292b2cc1aab2893178cd3b2ba01c12a168cd21827f2a8a219f6203bef
fa0aebf316e9370bcb1031fcbadcb2b1e1f788028e020002ce2e960edf1dfecd
d1fb043a02b8caf8440e0afd34eae303aa82dafcb8e7f739bdb6c813e210ffb2
f8fd89b0ab038f021603f602cebc3ef4abc4fdffc137f7190dc31712fc0eda19
f91ad4ee83cfd516bd15ba1412e6c8920c901c190aba131cda958cf7f71c8117
eff6a005c31c1af3fcecc5fc9eb3c3881f28ecfe20b3fdf9a2253313d6f3aa28
23171b09f8b4e9263320b91d953b169c1488391a8ca81a16f8a4b81e07f302c4
0f0d303c0f27c60ef202f007e0e1940013e5ec09c6f00e02fc092c173b01c00b
f912dbcecd29f71b18320d0cb5e03d010621df1136e21355be9c87291bfce102
08ffd9202505a3ff0a0ffef7e9012e33f7febc06a88bfc31ac22e91ee811d8ba
dff320d3c01cbff4b0f0e8f8aba9ebe4f7d515f020c300100ccde80fd32a8cb6
532223c8f1fca22cf936162de5e9ae1f27f3d6243a943004c7e0220812ffac12
151abeb1a6b8a219c70bcc243ceef584de21b60d19c80ef016f81d21f88716ea
1f15ba21d5e08819ea11ce13e9f4f0a129fdf00d2cf711160500cd03efc4d09a
0500adbb1c09bbfea702cbfd3ed4c6cdf2e889feb8a50106932d9c18e6ce919a
fe0290f3ac949affa40312fd973bc7e8ffdc9801da8a011da3cd0c19d6db1223
2f3104b52d05ae243630102be82c1a0427df1f2af5d92208a4bdb51810c7d6b3
28570bbb8ae5f957407f3a62c9bdbea6fa35a752d78e4e05cfac996608b61c34
0d0a3dcef3ce22080af5e3013329068207d0ac06fcd9fcef05ecddfca8ee27f7
10fbcadf1e06a7f9eefff8f43e891aa621e6b6f9fd1ff5e9b8e4eff9d6a28a19
eb032fde3927a8ffcb219dfd2387a8a8f6a785068e340539841a8b16bf1f3dc0
1e303d0135fae527053d3824dc20bcc865fa8832f2e02819e4812830e0c3c18e
ff05129e3de9a7fbe201e70484f1d8e00ad5de0114cb10efa8b29506d1ede58a
e2ea9519fcdc98eeace698eb97cfcd9df198a3edc8cdf1ebf22e2fe7b32add89
fdf02b01e733dff0f5ff32f627abfb270ed896f5ad30f5fda78b9604f5120611
fcfff4070edff3faed0d13fc23eebe00f310ccf482aafb21fc201c0cacee08f9
1df51dfdb000f2f1faf512f622c8cb3e351499f0e5b9f0eb8917d8fabcaa3ccb
03f2c0d21284c6e821e519f0fbe5f8b50b253df1e0b8f102f4e8f6ecc22f8331
f6e694f7a13ed1e397e0dce6bf1407f7d9f18be907afe3ebbdbd95f9fbc5c191
11f5c518c0df9cfb91f684fb04248eebe30fe4f9d6faeecea8f7bb08d5c50190
3612d9dfa0262a162c0a8d1307189ec2eaab0c0f128613fdcf969af509ee3887
0cff98ee37d8edfc1dff260503b2b10afd95f8f8ddc1fee7ce9febf9fedda8dd
faf6f6df0d2dd1f8af10aaf989f4e59eefae3ffae309032029affc08382acec9
e6f5b10bc6859feec20cadf538daa8d6c5b69ff6282cfb2de1e9c60f1bac2e00
e0069da6b5a7dd099b40ec02bafebcc4c1ca270718a0015cc813fd3af4f11dd9
0f069794f6ec2b08eeed890a3c3db09ae887e500e4de00c0ea9824f9d591cc9e
f5fbd5fca6d41e011bfcb0ff1d85de3d06a5c800288b00faf48726f0d3eeb5c6
cbe5ebd1cb23b7e822e70ee7c2851f1abe06f7e6883eeb029ae4dde0eac127a0
f6f120070bbca6e9a0f12eeb812e95ddd5bdc5e72b8eec0fb21eeff5d398b792
e0012bee2bdb8cfedd23ddfeae22eef92b0b060791a1fc6cd436d625e3aed525
08f63307aac5f4f4f302fafeca08c8c5cadfc2faea07fdffcb000509d1029cd9
b8ede836b99e97e7d8e910e72687e2e8b59db9eab6f7edfdfa1582d9c1df818f
b5f630ae23d533eab8fbdeeeec1f179dc210d5f327a3f12915a28ae5c4c0bf2b
00ff0d063f328bf8def0a5011c97fb2afda4faff9209f5f3f4fbd5f7cafe3626
192120f0fad61121fa47021bd004e2f616e72626c4d81d550702cc2818b39029
e6f79f0f81eba7f4221906f6d80f0010e4c50efab8dbf0200cede30ee12438e9
e6f89ec89f14ebf8eafd3bf7af3c3bc2002f0efa0b8bfd1f861e3c06f8081e11
0704ce18d0e0910285dc38fdc3c0349b19ee3908b88607e9f0ad8b0723f6ee25
2218fe032d343d0ed5e214fe3a83ebe31933e2048c370cbeefb718ec4181a18e
191b168da9252b15db0c2404e6cca09afd3c1216fb850d25a7383b204d92b902
d3feb700a195f6f7cf303eff29abfb2fdcdee5fddf1ff9503d83912ddeac0491
010fb4cda52fab0ec928c506e9a90cb62f1d8e0cb6180c70a0b8ff2ee92a21dd
3421d92bc12fa82f0131c51b921ff72d3f2e3c2886d4281c37bc04333892a40c
1826a41ced0dc31dba22031199c58af521962c191731191ece12f31b1dc9342e
fe0ad2cd2ea7c4f7ec102b03d0e1d1befb23a9088903fcf89ae5dafcf8b093a0
0401f4d9aba136fa9fe185f8da97e727fed894f792adfcf0dee1efece30c0ede
eafd09fc2c0495f5d81192ff1e0ad604eab20df3ee0bfaf4e6cfaf00f807a2b5
f4eab7ebb9d52ede48d398f3f13916a1e0c78de905cfeddc33aa3bfac0f629d7
d7e721bb8f8bd4ecb5e31fe802071a07ecb928e629bdecbfa212c7e015bcbadd
e201a91a89d69b15190ecafbd1b53b39e73c0d0e9a2503112d16850deef838a0
f1f6a21839c8abeaa6e1daf789e2a3a2f13da8f317a3f70185cf0af5e6a1d0a7
fbedfdc9819fafe9eceb00f017c3df1ce4998ce40fe6f0d2f133c3d346d4ebd8
12f389f9defaace950d598fb8a159a3905aef0eb0034f4c83ae6c1f0e9d8d63e
fdedccd4e8a2ceeffbeee9e3a42c119edae18bf0a3e8facfe5b9a8fc12fbe592
d0e395e3ebb408ebded9c8e7a40035a7deabdbeec4aee8d30ae4f4f509a5b49f
e6ebeee5eb05b7dd0fd6c0ece8cf91d5eb968febdc8ff0e4a8c9f6efb641b028
dcf59eae2817c6ea1debe2ebba2ecc1de289b6ee0ed0e7cde33118dcf8d7f897
060aaf07c58dc411defeab17352434b71ff39011a705120b0318ea160af503ae
f5169b86180706112702f11293ab18323c3c390fa23c112fe1033bf8d8c3a3e7
bccbe6030886e8dfbbdedadc9988ff8ac5ce90d087e8dbe007ce0df0fd2d3d0f
faed93a5e31cf5e7a8c9cbe72785b90ef2ac33ec3dadf0d1a01be0e5e1abefc1
f6fde995d1bbcef5f00822f90adef6f2cc8cbdf897bdf4fce4f6a3f3aba435d2
fae715abb42d2ced35f314f18cccca03ddb402e716caedc9cecaa8fb1ca13dc6
0b01b83c9384e0092efb1b091dfed5fa1cbffc05d91004d1c68e81f3e8dcaaab
0af5bc9021f1f1000bf5e9ff17abf7e60e19c1f88406f9e2edf0f708ebbffb10
f7e2e70c100f14e20abba5e7d2342dd7deccf7db0018e1c8cbd695df028ad7d4
02e8f03634cc39e31df109ef838e0ed1f91f9ae6c90cead008e022e5d398063d
ffe1d2de0d822bde26ed84e28bd531e5e5183de1dbe5e7d0dcf03cefd5e10b87
f0ee92f2bf1cbdea9fdfa6e9d912c4a5f723b6e2129ce7d3c198efded5e613a7
1bf4c1f51104bdf733e936f8a202c5fd35d01efcc6a4fcfd06302cfeebc29e1b
f605b43737feaf0bd507010721d08798f69b3a01f8b105ec29c7e4070fbc1489
0615950b39868511e214a311cf8833d9d6a5c906b38512fda917a11b20b0fe26
4e21f99be7db0a27a13ff12025e8bab21b20a82bf5971628c2031d1bd111e7d8
230b1f3cef33f909ff1cf40def1cf9836223a803ad2b0733f8e9dd27e32d07f1
fa07dfb2ab93f001f6190b07c8e5b6c038249402070901409e81df24fb28df38
2c15bfab0f05f617d412e8119fa80106f82e1c0dbcac0d188d15350ffeaab20d
1809a1e7b7cbef08c902a1093d9a82affd04050597d0020023eb3cf7f210e5ba
391f010d3ee0fe20e525be2384fcd6bc322bdf18bd0a22048385ea20b4b6169c
1405a1e52537c900ee058d0b82d2cc3e18ea3e0331050524f6cecb11cf2712cf
f1faaf0bf9b219f5b5f100f435bc06fc0efd9af715b0f507e68ed8fd0cdb8faa
161b9121cba4391a2a47dc1d04ac30f5ec3dd11e1891213b3faf313fc68d2411
08160efcba9996162130d21a1c0cc9c1e0af9218dd3e1415c196c523d40ad5d8
0b0ef31cf41cae1a97199f12d7c90f21e3ac93131e910f06a61fb1f9abd1beda
ebfda0c1389ab6fb1ffb00f7f1e0fe95dd12d5f6a9d4f5082f3504e7e194a39c
e0f6ca25fcb3d3f2ff03c2f9dcf2c1e1f6dea9f7b53bf1110303c402e1a3b7e8
fa11eb8bf2daa80fce3be80c36a5cd94f9a69809bfc909303a3d382cb1d7e091
f6049fa6b6dc2cfd060da007c538d9e5e4eed101c9bb0126d214e91db4b51aa4
deefd1a302d7dfe82cf232eb11fbc004c0e09bf3103beff529a8dde4ad8c86fa
fa07bd382bbefb09a3019306b6f7cd81e9b49200b19405eb37033eebee2812da
0afe9a0c3632a2012aebc200e11f89e722ebd5f99ac6fccb2fe111f202fbd9d7
f106a2ba00121001c9209005ecec8f082626820ba4350a3eab3ac11ebab8372e
e7f9d7cdd3e6abf02ff282f616a42d37fcddfdf61ea2f90c3effd909e9cccf83
08f4afab099e2eed26e68ff5ad180fbbef83dcf49e24f6df9abb05f5df990208
1dfb25a72d1da3fd32defbffb8c7b2fe05b7bef831d3018dd2279aece6f13f27
1102f119b60b9305d3dede092cbd37a929f3e5fa81c903acebc584f3e033c2c1
0eecc7e2c7bc36f2b3ea96fb1e24a306fa2dbcf4c1a0ecf40711c2ffc0d81f02
e8f5e217bae0effdbe07e400af9f3c3bf43cb6fcc0aff9fd2995dc08ef4cf8b3
eae90f95e10adcec03dda2efc801b80ccc9cd9f19897f3c8938cdee1afde9103
05fcd3c31ddfebefa2ec8ef43ae7abb6b09306f89fb2fcc83ad1fbeb9bdeb8a3
21fd13b710128ef415e2c1fc3cf729b634a3a5f8bc08009bec048dd2d53afb8b
0ded94dc3e95b6f1d9f815f2a6df1f2f01c7c8eb9fd2e0ef2b03ebf4f0493512
e8f9dce396aa98e8c40a18eaaebaa28b07a8b7fc3eb4e805e3f904f8e03a10cc
fbf4f5ce093ec4f002f31afbf6adbbe1d3b8ccf4aa98f9ee33a9a3d58e00b9bf
0b09d638b2a10010fdebbf09ef04fddede12070fafa60fe68d2a32ddc7dbb8cd
13f6a53c3324b3f71dc0eefbb0f9f51d292023f79ffef7b02a019ec5c7bbd811
02ecc304ea89a7e21deca7e01cdbfabcd999b8dafd08e604e826ade8c80af09c
32252805bafa9b21dd33011cf6df3128c130391bafec28f294e9cd380533bad1
17ffd4f2a3dace00e7f29e03af873cedc3d51f02d0c200ba22e289e8c5fe9aa1
10fca0dda1cb93f9e1e038ffad2527dde2e20cf885f3fbaf11c085d2a720a0cc
05fbfa86bf93d5fbe9cbb0000fbfc2cb0515f6f6f727f8c7d6dd9dd3bd958f12
e6e282bba71f83e23ddd3ae911fffc88cf9cb1e2d7afe6e792fd14ece5f58ab0
fce8d70a0f9d2de1da0317f1ef9c31b29291d7f4e38eeafcf82eaf0ea4c09dcf
1afb2d35c0d9d9f922e832ffd21511c8ccc83ffa91e9f9c01a2293eaaaf2bb05
0404c7309924edfe02fe290101f1c005f53a9901199dfedb8b0ef9e7ebd4b1d7
fcefbd2ae5a1abf211cfbfefdbbb0dbb020bd1efd8f9f1abf2ebbed3d5ac96b2
01ed98bfce2c1ff3cde9dff0f5af3cb00fb629e9083ae6ce3d39d4dff09b99e4
ebeaf23f15afa1edfdee98eee013db95f12722eab221e4fd170739f4c205c70d
f2f82106b02ad5f1b5ed89fab2d6d689b3ec35f3ace3f3c302f205efdba083f2
0005cfafd01efe08e1e0020304de20acf4a7aeff9f3804d935b4cef2f7e3ba21
19023895af1ce803f9ce9a02173003b02b343af5ada106cdc50dd5d0d5202008
edee3392ade135f2b8e2b6f397909c1516ea01eedcf0f3b2ba2603fbc5d5dc90
f5ef05ebc635d5f3a3e795f2f485c900f38f99f2a5e5eadf0de6dbe5d9db90a8
07f305f11cb982fa31f886f30892cbc8f9eb1fee2889f2e4a1c296fef0e4edf7
09f8c9c7db9c30fa01ed27fb0ecdd10b039736f51528f7fb06e71209deee9aac
04ea0939bafd1ae01ae7c5ee2890de03fa2cdbe91538ee17ef32a70dbc41e8d0
18f71fffe624d000e30a16fcafc0ee3805b591f5fa8ff8d8b4b8a222b34899ae
f3dea8f225a4ccdf16cb28dfe5b01af2ffe2b1dc1038ea9c103dd9e5df3ceea2
020b3229332ccf0314281f0fa82416db25cc380abe88052c2012fa1bf8f80e96
0e16b584e225a81052378315d8f93733fceee61192fd17448af0bf30edd7b597
03fe06f23e848afc26063bfb1e8618da1e83baf611dcff0b2d0bfa1301013ed1
0cffa2a3f63a1a00f3f1e3fdaea3f318e5a1a4ff330c03b1f41520eff4030b84
1004a4a822aeba0e900789080dc615b1151fb1ffe71cfdcdfaa40801ede8a911
0e3a0eeb3e1ea529fd69ee32bd2ba5e7f095a43c2199307f0925e7640ff933d8
0717c0eca2292e1cd713bc0d92cfefaa01878f182ff014fe1f8bb20c05b4efcc
04e8a3a203a402e6f0e239f2f9199c2b0e882aeee695f4e8e98e05fce5b8a41d
fa14c391db92b51b1b1daa131e29f60d2d08a113f13e153ac78b9c0fd71b8214
fb18943bf89a1520ac219e1b88a6b3c5f7f9bd1696241d1c2b2e910bb5f9e28d
02f8a5a6e7bebefda2effaf8309dd487f1a888f5878200d63df9bfefceb28da3
f3f4b5c79b1a14eed6e20df530c4bb33e43b8af3b28bf8bf89eb1ee2aba794e9
08f43bec3ab606e527d2fde833e1aedecffa3eeae623ebdd8df238e6e72ba5d0
ea0ff523a3a53e0fd3341d0adcd63b1e10d41a1008c701470dc3342fb23b18ef
e5171b1e81d2281d8b2fab19f9a2a60d1addac19291e1b52feb3d03bccdc08cc
fffcd08191d7c3fcb0faf9fba3e3c1f7f50b00fe9af2f7ed2af9b204ac1013b6
0601dc38fb12f3fc00f9c4020a2adcc9ec08e605120400e0bcc226ffe097962d
07f9d4dbdbd4b4f4adebe4f4d803fb83ddcac0f7deeffcca388725eef1c9dfa3
f6bcf82d00f0f8fe8581e4a3be2ab8fcf9aefbeefbefe2efc5ec85e6d5009dfe
04b2061504e603f8dd9420d40eacb30605c007ed12e0d7e0b206bed59805d1fe
130c0d030ee30f038985fde3a9f8e012120f130ca1efd801fedec1c9b8131d07
082202dd0a1c0e02e2c20b95c197ef050aca0bfc31f7f1e624061716970a2105
04bb01bdf8fe0911d2f50191d3a3d4fd0ba904faf50cf7dd3ae6a91f2604a204
ed8bf8b2f004f8f6b78ac9a0b9ffb0f5effbf6f8f1eecbd1c6f7d4a1b0f02ff7
f311f691f504f8f1b237d00418ac26fbfb22efeb31eedc011e07b838fbf2eff7
10f40d3b13fa0f038cd29336e922d41314ec160501fcf10499d8c3052c11d308
0030fd1bfc04fcea9c1d299806a7f10502b7ff010702f7eabb1aa4c0abff8500
04930483fdc004f9c2cc0638f5faa8fbffbf06ffaa03fe0106cbfaf4f001cffc
f2c2f190f4e5f3e7d4a6862e0790a3f6fbe8f206260101ede0f9b8f690fa13ea
f9c5f69ffaff03f9dcf025bff4968bf001a9f4003f0f1307cdd2aa85d5fd8b02
7f286be37fc8777f21e2102a161136787f9d7a762f767f3c969f3323817f3373
00de0bc301ef01fb28ff9e99d2a9250b0edc07fae8f9fc01a9eaf18dec0ed00f
15ff1025fff00bfbc4e5ec8b09a6cb0e0531130213f7f8dfe1c72a13a015aa07
fb3bfefefbeef4edebd7e7c7eba1dcf5f812f7fc3cf5ffe614fa85b0daf4bdf2
ef31fd90fc10f2003838aaab09ee30f9fcc3f7003bfc02e6c6019b350bf5adf6
f40a01d7f5f6f7f0131acedee90b91fbf59efdfc2defe8eca4cffed700f5affa
fc2d05c3fb3ffaf0c80d0699bbf5a2fdffe0fef119f2fbebab3e200ecbf6c2f9
0aa704dc091207eecad3ea90acf6d80809e306033702eee001f5042fbf09c4fb
ec34f328f4caead0b512bbcccdb2e4ede9b8f1ec93e5dde2dd0b9c098be505f6
f3e6f3acf80ff2dcc7fa1181abeba5f4fbbef1f39800f5e29207e815e2ec92f3
f038f6bbf6e0f2d83c21f6be921d8df2f386f1ed31e4e1e81a2694c1bdec3df5
ff8efefdf90df7d93b1d0cd6e2c408f901d708ecf7e5e3f38a2d3385ac03b9f6
f710f9e6f3faf8defe1405f43ba5a2f2ec34f7ead3fce6e7a01dacba38eef7f8
09a208a7083a0313de24bb3e25ae330b04070509cb0d1ff92a408c1c1b0f8e08
fd8c0105fadcfcfc33f4e0aeaca3dff7fa1606f2a509f51a370ad3cdf1fafa01
0b8a11f8111516fea8ceefb6e63c92070b220dff16feff289dfac184e115e80e
fac3040104280301ef02d4bb2dea88fc03d3f9fd02f1f9eb231e3cda8801e502
0d8c02370439051bdf851e30b7e69f0af7180a0e36f207f71510be12d90a2806
07f211bc091d0d1bad220d99b2eab20a06d00305ee05160c1a0c94cdc10d2c03
0b8d082e06c0fdfdfc130a09ac1aef050c3507fa3df9ebfd16ccfe9be60b3dfe
09b604ff00eb090096cb3e25debcab0804d307fd8d03ebf31ae61303e20db805
0b200b2506f0101524c2e1bebc050e0a1005070d2a0401fff2bbb724aa0d8a0d
04a103a70419ff14cab10902e7200101fbc1030c3efc01e2b2fc27a3ad090ff4
0c2207fc131c0d0ec884b9b22a1d180706e804f2e3080af1231cb5d91914e506
0d000a950dc403f78b8e35b51483af090b0205fe1ef5f40515e10bef38073108
25ae24be22ca2510fd0b011bd4a30e2425902d16a00f06ecccd708afae1da520
05ae02b8060f0a05a6822a903c85c00305ec0208080707e33901b79dc10391fa
10da11000e030b1917c2c1bad8fd860f07d1180cc30b2dca0a06abc7e50b1e0c
0d96088e11f910172b00bded1c34910f04ae08f6f702f9f9fe010f029010fa03
fea303df09ba02fa87fa85bc1c36be08ffa402f3a5edeaeeb9e5a0f5a30bc402
0a370ad509d90f05158ce404ddef9e0909c60cfdb8fbfffd83eb3916f310b30d
1018042e0ae008f938f896bef6fb92030b870e02ecf300de0fe2d211040afc06
ffe505e801f5fc041aaaa9eac5a9f304f9b903093ffe14e891ec0fd2b5f68803
0fee04290e2711141929eac2f8bdf40ffd380bffa10a0cf2ed0c983df20e9607
08c6fee808fe0d0ff833eb3c30d90a01041713fc170cf90d95021a13820e1e0a
0dc9099d151e130be6068f179bdacb1509a70dfae40b0aee2119f533910fdb0c
20ee14f71216182084c6e30b9ee9d91416a51411201b1feedb180e8b1a163a13
01fb069605330a0e37d031b9d1f6bb06ff1803061b0d0a008f348f20d000c209
0819043909bafe16d9c8151d10cdd0020007040717fc0bea01b62c9b9101850b
0d3c069609eb0b11b396850d37f11dfe09c10604240511dedf96da273c091a08
218117e828e01314cc02c6a20385ee2321ab231217fb1be6fca29735b01cf120
fd8b05e503e2fbede1dcd997b6821c0001dd0803d2f306e7c5b1bea6b605c808
fadaf6c5f4c3f5f58ededb13a3c42dfaf9fffcf738fbf909e7a13ab79bf500fa
179a142213bf120d203797f6b8c79f110ef80e053905fbeabfcb3603c0119d14
fe8b0084faccf8f2bf03c808303596f9fa33fcf7ccf9f2f02183a19ef8fe20fc
000cfa82fee2fbe9f4179c8b0eab84fef30af2f312eced022cc8a1a8fe08c4f8
0187ff21fed1f6f6f22a2affa38722f9f600fa03bef2fbef87c8d89633f79bfe
0204042304c60106adc9eaaf8b17ba0600380002f6fffdec0089c9a3e005b50a
2aec18f221fb2524bbe11120d720c42d24182f182d0d09d7f5c790a509340127
ed1ef2aae5edf3f4f5bf8e14af8f9ae9f5dbeaf017f0ec021bd512e2dcf311f3
ecd6ff36ebd8f3f6b786b4e93d2b2afff9b6fce6abe2d6f4fdc38ce236f8a0fc
ed0df7f9eb05edf328210d0019cdd9f2eeedebf235f3e0f50af2cc0720e7dfec
123908ac12bf182c07999bbfb9922612120f100bfc000ee4c4b6ceedea0f8d11
031207ff07fe0b0bcffff4ab1d3cfb080c9d100f170af1eda0d2e4e729fe3308
f0b1f904f5bff8f7f00c37020be18bf0f931f9fe050b04e0fc823b9629ffc5f0
eda3f79ffccdf7028dc2f7c5e9ec86fcf71106051611f4e9cfd9dab9ecf3c9f9
eeea031afbda00f89dbdea87f68729f7fc8f0406f00beae215da2cd71104e001
0184028401b5ff112c11c32c0901fc070716030adefdf1fac091d8b214002500
0699001a06fc0e0b1218d93c84c6170a0f99080b980d03ef9b9520c7dd05f00a
0616073c09d30f0428de2e8ec830eb1012f10d043908fffb0690b5c6eb12e908
16d511e114d9261c169ff2f5ab0e261817882607d604f5ef9bc1f5351817131a
0e35063605b90d0cb0f92b90e8bf050e05fc1302ebfff3d287bdcc03c40f0412
faa4011bfe9300fd841a09e7a9a1b0f900aef7f092fd05e7368de093caff9703
070b059a05d9101d91d6fe043b08f810073014052004090e3b0bae923e0b9506
0e1802340dfc0c0d81e41211ed29880b0ec0190b3f1b16140de60c25af0ee00e
092805f90bfd081709daa2143817f70306920608851c1af0a5f4dc10ac003a0b
0b8707f20f1b0a082aabd5cfe3e21d040dc30c0e85241d1fbdf91bb0b00b0809
00c7fa95070e0b0608a10812e31220f900c00509131210258e15d9d19a0a11fa
07a4fff00af300ffd5b2a3ac17aeca0607f811059c0f0d06e3049388b2069d0e
12090db60d0f040384a7319db8d1ce1319850f041a0703f9071bc51e10171b15
0fe30d010b220e12940a10ca2729a20a0bd10f090d0716e8b000f0fdcb100202
fc00feb3f507faefc7d206c5070be5fbf814fcf0bbf8f2ea960be2aff7fc1df7
fc810203fbf201ebd42a2ce3182d2701fda002fd3f08ec10b9ff28f995009102
1ab50ec61adb160a3798a522ded1aa1b10c51900950e1323a1c6e0960b1b2b1b
1b0b1aec0fd914f48ebe398d25adf7181bbf1402dff5f3edc5ecd80fd31b3412
12a20dcf0ff90b058a10c90686d7c410080307063b0202e9a5ee21b3b00fe108
14330e02081411fef5dec3bd8c8b1807112713f791eff1dcf3ee0fa7f5122208
15cd139c1200190df2c8fa982f8c221717c20c1124f5f8e9e7e2029d211da215
1cff111a1e061902e4e81a9ff8d4d81914c11003310911fde1020a941f14e914
0e160cae0cee0b00befaa61aeb05e40c0bd510f3edfdedff91f82a93040daa08
160807e108f70d069be7100529a40a0b06f7130021fdfedd27ffdaabeb0ea00a
0c9b0f3506090409bb938b1132eb18090de90cff07fef8f1e209c4b99e0c8806
15b7170719f0182104213700953d91161bbf1711f7fcecf5330ac597d825101c
0efd06f2100811252caec03196e6d40d13240e09c900fe1fb5ec39d1d21db00b
19cc06b11702111d922cd2e99fc0db0b0eb1081ba20d0f0932031e2c04168914
0ba20c380cf10e20ec87979da135f1040dc50e24cd17fe07c7f2cefefb0a9e13
0ca3161c0ff6161b21e7f7c09bcb920f102415173e1af70bc3f1aadb2b110f11
28cb1b2718ee25250b878bf482e2c1261a0b2627271f0419861729ae0026fc1b
f482ed14ea29f4f9addef7f526bf08ebf032f0f20ef3f0211a3a3bc72ff610e1
ec31ec2bdffde7d6afceb335330228e7d5cee6dff5dfef14893c9e173ded0edf
d418d93cd7dfd9dfe9f0d3220e0235ddd90acff082edebfa39f494e021e20bde
d8bde5d9d811ece2f5f3ef8c128735d9dcb5d8eacef8dafb3c1fb6b5f3cde5eb
d729f2f8e12fe2dffbf1c6bb1609cbeedeece2d5ceedda16b9311cee1befc8e6
e8e8ea12edfaec003aab8ca7ab8dd8eaec27ecf7d4fff1fcf52aca38d0e7a9f2
f4dbf9f304eafcf90bd70c9686d08efcf5dcf4f3f0fcfa082dc1a1de82fa97f9
ff0c0f95109efa06b03ac139bb393a11079f0a14b62418d7faac0da0f3fa300e
db29e798e908e3fbcae5cdf913ede4eae688e0e8840df3e6d7d6ee21f9d4e6e6
e72ce786de18f0e903dc08b2ac2118eaefb6dce737e9e6e30fe8d6a7f6dcece2
e21ce089e5fbdeef191bc7bb2cb5c8e1e4cde9f9c5f8f5feaff9a9130bd81ae7
eefbf3eaf2f3f4e5daae83c096e638f0efa6f1f089f0f7d4bdf69dcefee397f8
fa23fa9cf8baff01930ddd8a28f432f4feaff5052b01f60abfb0b6f63af70bf3
f828fec001fdf5fcff8bc32af6f916fb0108f6fab6f105f223c5bf07f8f7ec02
ed08f8d3eefff3cefb0c3ea5e79d84f0f385f1ef24e0dbc104cbf6cfccf88cf1
f7f9f7e4f4f0f0e3bf9da3ca348729f5efe6f2fb2de6f8fb28280f922febcff5
0c38079305ec04041b9a2eb4e210ca0608ba030528ecf8dc86e790e2b8080c01
fb0df683f0e7f4f88e27cc10e7f23df3f289f6ecd3ded9ff02fe1b98b2f1caf2
138b11ac0ff61411c63085aa2ddea51714361301dce7fcf429c9e536e11abc11
093408330ce108f515bba1c01edb130b07bf130400f8f0d907e83534a80ce408
fe0bfc24f6e5fbdcafbd25d7e312d4f6f501ebddefead6f79bd8f6d0d2eb3bf3
fe8afeb9fbc6feed308da927d9ad9a010228f7ea93d6edcd33b21402ac012a03
050bfed504de04edf50ae805e5f22b0303d4feea14cedacc1be28c08e40203fe
fadffd970304ffff2bf7ec17f6398a03feebfeef91ecebd4b003d7e3ea01d9fb
04f508d60fcc1009bd0fec83dfa306140ac60804d5ebeed13ac9ede7db0b1e11
0cfe06d8061c08fc20be38bec0951305038a1000e3f808f9e53437a784ffd605
191714170f070d0b3205cd0534840c131bf11308fcf614fe3c392b33b519e512
1214163913fb110bdda619858ac5931919041a0c370f0be0a01a272e23189011
0b110691010f07ffe32f3ef70bf20f03022f09ffeefc02d01d05a3f6db03ab0a
1b150dc60c2d0d241409b3c608b9b914169a1415b1fd18da1227f8caf218370f
10220e940f27091a2eabc5088bfed30c0c98181b861a21f28220dba9080c080e
f9fdf8260214ff00ae15cc94043114f6fa83fafed6f906191904e502b9fd08fa
0735082f07e8100edaf790ae30c3e9100d32120531091114def59ef3ec048306
002a00f6fbecfff9b13d1fac13ffd2fc01d901019509f9deb61cf437a203a1f7
12fd0cb8080e0f0defd4f01c0d95d20c0bb01214241726bfee36a8d598172d09
0dbf0e1a11180b273b1a14bfe6eff61211310e1b1a282d0ebe241c31f5100e0a
00c105a1fa0500102d35fe86b6f23c0401e70608b8160ffa15f18dc4830101ff
e5d2e834e7e8ecf3cad6addaa93700edf233eae202f703ffaf00cbce85eb9cdf
ff32f98700fffc078291231e2dbf350405e703f9c20006fdf823f9c317061bf9
17e21ea61b1e211bc02bdffde0ce211d1a1e1e29072715e9a70f83d7e924c81b
053800bbfd1d080e293ca02b11ad3f0401d80407b40418ddf0143f9bba0720fe
febefdd3fa2104f799e2cafa1f22150202eef904390808f9bd16b0dcdcff9d01
09b200bf03e5060935cfdafb8baba40f0bb80c07b00e1306db01df762302c806
fea1041303f4070e00e99bb6a11997050109080ad50f050b1d05282be100c304
0e8c10f4112b130f1e9f9dc8b2bcb70d0aac1115b2070cedd132bbcd8f19cb04
14db0c81080b141716d9caa8c3ebed0d1210140ef0ff0bf79b2d19e396102b0b
14d8031103080904083dbef5dd37c9090d931508860423dc931cf1283a0dc613
0eb50ccc05101621021fa796d42f0f1c19941311360a1e0510318ab8bb20cc1a
0ec304f305200b0d26ee98c2c1feae0b09cc0e111ff0fcd52d09921b210615fe
20901cfd1c381e2637acc738038ab91822bb18210b0615e1c30cd1d71415b21d
e791f3e6f981f5fa843a2a30f91ebafdeff7effdb7f2ececdb9dd3cbb2f6eaf5
040502b005b80401f43c1ce2c315f70302830a0a3c0618e1dda4c98394f8b406
0c1d0c890dd510091faf3a8115e7840b10040e07cb0a09f9f89038ccd00f1f10
123f089e0ee9080200ad3e0c0ac0f3050dad0a05c3f9f9e516d9089b2609aa0f
ffbb07b1fcd500f69a2595e89938a3fd021804f99af2eff5f4d8048bf0fcd5ff
06b0ff9105a5030efd05a3818ee0950702c30711cb110cfd12a91a9024098a09
1712102f09f1120df1e181b4afbaf0150db0150cab0e1deda4b7c5911f182213
fee20bf800f408e0a5fe04cbe39dc60601d8fbd9e5eef21effc031001d0faafc
10f00c380af50c05ebb23d2a218e2c050e1d1001e905070020bf8cedb10dd309
1082093c0cd61121ef1b8b928f0b8f0b10c61017ad110bec3ebfad8fc813b512
f0cdf4b8f0c3f5fa9ff7eb0a81e413f8f6f4ebf7ccf9f4113ba7ea0cf8ea22f4
0ba805cd04fc11181fa410de250d180d03ca0507e90c141c0de397cbb2141001
2d0d1d2e20d62c1007a80a3ebd83ad2627bd30f8ebe6ef2107e3c4ba3c37d019
19f310d113171d0595abc28c842afb1d18031d0535ef05179de628ffb9128508
009cff9100f90514b71aa68302e2efff018af90faf0a12f9f6b8f927b1f61402
ff28fd91fbd6fe0823d0ddebacebb108fdc701ffc106f9f9becc1dc48400ac02
fd2702de0414030bfaf6db93382aa006048c070905030ef1270903f50205cd09
01d704ae0013fd1aebd42b09173dd5ff07ac0c0eb003f4eb1df0b004960a1109
12ea0aab0c241107a1b1e7e10483091614e7141dfe05f3fa9ed9182fef0d1e0e
16a1069d06e80512e2c892a5cfd282070afc0812b70707ffc6bbc8bb970fd704
0481041405b303f824ca8bc1b326c90a00360601f502fede2a98348830062605
04880b8c0be00702b8d8a71ea892f80408b50d0be20210f8049c2f89340aea0a
0a28082b0ec9111b96a7d03493d78d110dbd120e13fc06e4fcbe24d0a511ff10
082208d10cdd0a15a98da3b4a4b9270f0fc1101114030603b5a8f42eff08960f
07bfffd907b5fc0e84d538280c020f0304c602072e0d16f988a4e1fb2cfa8702
e5c1f0f6f3b3edecfb9311ccd98fefeaee09f4f4d0eee5f6fcfa0a989af0e7ef
ffa9f9b4f7cff6fa18fe13f615a7fef7fa180301f10a05eab0e8bfade2f8dbf9
ff83fdd3fee4ffff15a5e4959ce7b6fd031a020e821a0800d5b5b3eb34fcaefa
04b7fe3706e2fe0fc4ee360f1dec8d0206f3040ad403f5f509d7f302c900d206
f30efa17fbd9faffdb98cadcbdeea0f5f731f404cbfcfbf3c0cb8bfb14f8fcf7
fc8cf83af8e4f808b9a1ca943ebd16f5f32bfb08e4060df31ff42822bff89cff
1e90070c181b101aace99a098f110d1613da161327212b0228feda059d179509
1d341ba612df1a19f5a7afc6fa36a31b22a9201fb22c3b32eed9028592241a18
1ab5171e11040715f6fa88caae95a71011ec140dfa130a189dcf97969617320d
0fd8073c0ff90f1ea48539c0b7dfc00c0fac0e0dc2fcfc0282cd10a3830d9e11
020403e000e80a11ff298b080d00a20b0bf7fb13b60f1e0222e9dc9a17108e02
0485042ff6e006029fbfcf87c7d483120cba010087131e2538d8f18aff0338ff
038ff996e20106f997b8b114c1c18901f6bbfaf9d0ef132d232b1a1c1a06eff5
1dce0fc20fd60719d3cabcbae836d31214a21a19c7012744e2c1a401f020e708
faa1072607f0fe0f8cf28f2db6ab1704051fff0d0b17021bb1cca8c49b06da02
0333fdc3fbe4fb0b0393851194363efff639f7ffc7f8060ffcf419879bfe97fd
259b20bd1ff0233739bed822f2d49d281f242f32a13b33ee15e805bb8319fd24
26d729e92da92b383ea5da9a3abb0a2524c6212bc145484fedd6dc8ae626e829
25db0fe920ee1b2dbbae18918bb7871c1ae41721340c0f092dc492b8fe19ea13
0d05071408f40414f500c5dd8532de13052d0511da0e0c13e8c3a026e0081c05
020efea3ffd9f5ff89a128e6b990e201fe93f3fec0ff03f532e1c10c29f8f5fa
0f8603e908040b1b3ed52ff6d9f1c10a0bce0b0897060de4ebef080395063007
051b03b704dd08102dcbfc1f189ea406ffac0310c91e13e7e5dff18523059206
148511211cfa112ac80c3294d19da6141412181f2f0e10ea0fb2060cf3148115
173213e314121938f4a1b6d7e9a4f41916c81c239d170becd3ef18c7831b0114
0aca11cb12181217d5eb1bacdee6ff0d063b0b12e30b08d4d9f59384c70d320f
18c80ed2121c1c1cf9feefc28ced8a14153e1e15f80411f02f2435cc2112bc11
202512b91a4319261ba93719adf3d41917a92124e32224de2d2d8aae891e2516
209e193929471e20272583910721d71b1bdc201b202a23cd2b1998163420931b
11d212ef0c211114eeaa8e149f08a10b0981110dca0f12d2cdf185a7b718e714
10361a2514060d150e96863e1b29ee1611171b10131419d8320fdac4ea1bd911
101a0ee8103f1012ffdae40aa8942e1911ea130c9d1410f5bd17a6f2d51cd917
f29afad6fb00f7f29b81dda2fcc108f5ee3af9f3befbff13b8ebc4d33bf8c3f8
07d9fcf506f706f8d7be8a0c21361dfe01f3f7fe9c04f9e68d0036d1f4010206
0bda072a0f0b0815d4b4b7e9b6ae12080c340f0c2d0f1dd0d007f0e00e0ec711
18bb19d21f2a18260e37838ea58b141a222f211bbe2b25caa03aba20f4193419
f4a5fa27f31200eb28e8f5a32d23dafbfe25f1feff0feef8c9eed8da8301f000
2da431dd27c23038b986d405eefda62e2cbd381c13232134dac7d33286332625
080107be08db0df6a12586ac92038117101310051f060539e02dd7131b132506
fe0a08920d360b172b94138cb5cf8a0408930310b01e1aebc312bb031f021e0d
191818c41a3a1727aaf322310bf8111d1e1c1d1c08202ce4221528c03822d817
053b00cf070406061fe3fcb0f0f4100f09b70209320dfdfe89d7032b080b0b03
00280b2b040d0b01b4c7f7c595f68f08091e11ffe1ff020f81f83abb170dbaff
ff90fca601f40b0082b038852a8dd804fc1304039f0d0810cee9ce171a002d00
11ce113b1a1c142d1fe91685eedede1213051219ca1819fb8722e2acd010b116
ff9208dc060b050df3c8afb09b29ba0602200b04f50a08f2ae00d6920808c606
0c2b0c160ff51011e11a0ec8d0938f0d12e7100df80f04edbff3c6eef90ede0c
07b10de6130b11233e2d8dc3d1b4f40b16ad0f13321416efef228f15a90feb10
0d1c0bda0b0c0e0f38042ea8d591120f03de1210c4100afbdb0ca5153d05ae0c
078f091c11130919a0e2120d991cc2060a190705880614eb0f092ab58508040c
11ce07f00e110f1e15b2ae14f0d0d517132118229729230c36fdb7f1050f060c
ffc502a90205ff089ee3ccc5f02eb9090482fe07a71406f4f6fbcd95fd01a0fc
fd91fac5fdf1f9f30731aac787d61c01fa27fdfba4f6f30cb6e29c30c1fb24f8
f58ef29ef6f1f7f181c1adb10cbc26f2f7b4f4f4b5fd02dcf5fcfbc5eaeed7f4
ebc6eb0ce8b0f0ded8f7a5ac9f9b9ff4e6dcf2f4fffae5e020e0b4868af3e7ee
17860bbc112a112aac2381ade19ab014138c1125fe2326471f3f11c41703fb16
1b86118511f11d289481c230bc19d51313cd1a0bfb1b1b3bfe12a6c6e11a3515
fea7fc27fe01fa00fc2008dc222cf7f900fbfefc90f5f8ff37f2f39df3fc2303
ecb8ef1ceb34edf4df0716cd8a8efaede82de9f4f9e7efe72e1ea40b23ec3bee
f7cafbf0f309f6ebe597cbfeaeb7ccf3f829f4ef12fff5eac204dde0ebf622f7
0d1d06c307dc07fb932d9a0fe9f0bd0008a908fe1619082b9a37eb9f1a16a20f
53ce38d84db9464531b216c93187903e3fa64b200b22235c99e48e85e33d913c
691454b1719e5865c3fee02f35108b536fe26d51ba384b31dcc32cbe2071c75f
05b902b70522080133c9de05fda0b902fdc902fe99fff2faf31e332d1e03e307
fc8efaf7fedaf7eac30b112c27f1ebfefafafef4e8fafa0ebfd5e4d2e4fbe800
fd8c0924f5f908f1adb2c83df8ed2005faaf0dfbb40718270619c786e810f1fd
212c0c1808c41113b11908ca13e3d6191c2b24163c0e167f0febbe242b0e2e19
3ac1218e1fd6262322ae0a31e5cf11313682392a211f3af731ccafbe94269c2a
12d40ac00f12100c2388cd28cbe2f0140d980a0d010f1e06ca11d892a3101a0b
fae6f9fff9fefcf707d1ca222af48afafff4fffaf60004f813e2a4a4cffbbafb
143712d8093210092519cfc5d99b370f14371e09e8171d3dcb7f0298b21dedfe
12ee0dfa020c00ecbce8b53bfcb8a10a04041f12dffafdf8d355ded629093e02
0804febcf412fcf59899d5d7cdb1e6fdfdb5ff01ecf909fcb7559135b3fdf307
0ae40eb30b00161c2e1a92ac292cb905033c09102e283d08d5f4a8cb311b290b
099105080d1f0d1805dd98a415ad000107230e0ebb100bfd37f9ee96920df10a
08d50abd0dde0509d6e0db1d8aa11e110f100308f6040feebbf9070f2a0a07fc
0ed10d1410ea0f22fdce87c9a0f9890f14921c1f9b1b2bfe3cf5a603f70d380c
eee2f1bff6caeafb8c95cfe2abc884eaf2a6eb01361f1afc09dcb7e898de2bf0
fc99f7c9fcf1f90bd0119206811a12fef51efe090c1c0f16b9cd1ab9dffa19fc
1bc10c991adc13248aa3f639c0cfde15180b1719b21c15ea96cbd9d9081b8215
1427040309d90a06b7c7df1f0c95d811093b06f32bf506f229dee73396112d05
1118102113fe110c2d24a0dcd8adf41118f40e148307050222e5e1a3cb0f8e12
042b0003050b040f0382cae61dafae010400000ad81b22dfda0cf098af05e902
059c09b8fe10fff4c011fdd7c8848fff0b18fe059d1708eac72185c90507a4fd
1a8f143b1adb151dadd492102ce21b1811d127138b01faf7eee410a9041e9c1f
0833092f0fd512e69426958f8907d70609a304ebd7fbfc053ef7ea3dbb078f0c
20be143c15d212ede5b2e8f0b3848a1f1ffc15fabef4eff9f2cb10e8dd24ec0c
02dc003b03ed03f7bd06fc85bdff35ff0393ff03170207f939ee23f5cb00ccfd
1acd0e3211dd0e0c220610bcd9ec3e0b15b40f0e1111190393e6d93ed910f20d
0b260cb415d2171428a3e70c33d7f91113e811100201f1f20acd8e08a310ad0e
1a9314151dd52514e623838f963a8619170f19f81cfe0c269bf1c6cbed173b1b
0c9209bb0be8fe05a6ae9a9f91ea2911143710f81beff3d6a2009594dc0dbd0b
01f7fe3dffe9fe01dd11dc9602b69601fcc001101cfe05f094e6313ed2ffb0fb
0136fcb1ff1dfb050d90aa923016bdf8ffe0fa05130110e7231511d31afa2403
0fdf11b012d80a0db686bf98ecd7e40906ee1210be00eeeed2d5c6af3e04d013
fc8ffaa6f5c800fa0ecdfdc08c91da02f8bffbfd97eee71eabca3adb14fc90fb
07e601e403e60613202da99b3bd4130403d0060d00fbfdc9d1ee18c63c0c1004
f021f484f4b7ecf507bef694a1e906eaf090e802880802cb1d0714b3f5ecb0f2
00befa23020bfa0aceda382917990601fabcfcfd090505db27ecd7fb34fdbb01
03ee07040dee0206c7f03227d7cf9dfbfec00509aff3f7eec6e51f9cc403b502
2a921f3a2a402b41e932c0e3aff22a1d2cdb2216c80a0dd8392b25aa95322525
089208020c2a0b0c2ae51cfe1d3e1e09069a0608ef05f2edf021ac3ff1088907
00dbf9d6fd2df5082e1b98d6ef09f406f9ebfb0aff0809eac1471e2a2cfe9bfc
eb22ecdbef1af006d1b8fdc7eda7eeebef9ee5fc3debf6e4fc0331c09decdbef
1bb206aa0cfd091b2dd5e6aafcebf011ffd90714c0fc13fce5f8d03bbb179216
fe3004140416050d90d436fd1902d7050b330608f2100c063d1e3f86310f1703
eb96f216e903eae4c7d52015ed93b8fdebdcf3f188fcf319cef4f4ffbdf19ef0
e1abeb8aec11e9df2e3f8ab4ef35bfebe2e3e8ec98f2e61c062932e581e582e4
d817e497dcfee2f03aad24c5df8825e4debde8e6f7e9f8fc99f1df1daed9d4e8
eb95ede9ea00daec98ff25cc36fbbbece909e8fd1bf2f4efdc1b1eaebfeb9feb
00f00033f917fd0bb51c231bff183ef5f9b9020ae90809fc0c0a1da28605f101
f326f0d7f215f2f58cb311dfbdc2b9f4ed83f6ff050d00ed062503ccf5fbc1f1
feaa05f905b9011b0facaddd0c82dffdfb9b1508f62119f809052d2ffcfd2eff
e4a4ee26ea08e9e521edd7949aa687e5f03ce9ea9a08f8d9ecfeaaea86eaa7f0
ffbf028a0238fc06a607da2bdc2f1605f80b0605a9040dde9b3902918808c300
ed21f1e4e91febf8bed8fcc33386a1e9e40fe6f6e3f3f8f0d418f00face3afe5
f0b2f6d9f6f6ef0006c903c835cab1ebf611ec0722070bd69d0dc30c9bf3e2ef
eb03f292eb00f0fbf0bab9b3c390d1e8e60de6f300fd1ee1de21b40006ed1deb
fd35fdbef700fc002c1bc0e3bb0228f5f8d1fe02940710e6d91c04983cf787fa
0ded08c30a040b17b0dfb0ef1111cc0a05bf100710f6fed9d405ffe91408c20b
f5c5f68ceff7eef5203ccbb0261881f8eac3f4ff2bf5ede7da1afcb5b9edfcf1
d72ee395d9f3e3e905168dc5f9c8f9e8dfc1e6f98af2f3e6e62109e004e194e8
fa9ff3f4f414fafb84ec94bddaa0c9fdfb2af5fabc0b100e101037e494f3a4f5
fc2afc0afb0cfbfcede807f634bcd9fdfd23f6011cfa01edc02cf221c0f6d7f8
10981390133d1422fca2bcb7edd3240e0a882111940113e206532b06e01af115
f6effadd044105143633f91ae4c8b2fffb96f613242927143e24243cda02d1fc
122207db1120102cb5e5b4118ce1cb090c851f2be73221edac081d2824170616
28fb1ce11cf7232f89fce1acfa82f51b1d2f302af72c1916aff505821a23121e
1bde143d19291819cf8f0a06feeee01c16a52a0e3104f929b6369aaee11f841b
0e3601d309210f09021097aabde0ce080f1c140ac3f3f708fc52df8ab611b80c
fe0502e2fc1502fa93cf2aa5e285100102aaf502ac1112fcec2595c8cdfe1901
edc8fc8af81df7e42610a1a98d87b9f5f6b2f7fae405f7ec21198694a0f7adf7
121812b3130b0f03d5b2c33dfe98a30e0ead130db31511fb3004c1b0d2103a10
14dd10120deb18f8849007b2fbd6c81013311e0aa1ffeaf8fcee91e71c1b9b12
118d04d60d24160d8be2852c2fe8df0a08271812f81605ec8211c0c38b1bb50e
f9b5fe9ef71efde292180ea18204b2fbf90af7f28203f7d5081f8ef90efa9800
ef2cf503f31ff4ee09202cebd0f585f3f003eeec3df2f0dc1d111af0b1ed94f0
f0f5f89ffd2bf2fe93a08eab3599d0f6f9b6f2f820f7f9ead31aecde3ef71cf6
12e60d150d1a090cc397da23fe8be4010d100efe08fefe018cffca8420189510
11a412a60f261c36d335a5c001c48e0d17b81323e21b27fb9aea0eaf3e14ec0f
09130a850d1307f82dcc142f8b16d60c0e9f09fc9001f91ec80d9aaf8b13d607
ff970010fd1300fe0932a707c4b82303019c07018f050cd7af2318c89900e701
e01feae6e438e1e813a68d84a0a600e4e3c0deef8bf103cfcf1bd5d426e0b6ea
eee5f582f325f5f723eda50a3ec0c4ecf1c5f6f1ec0706cf8c0f92ea0dee2ef3
03b002e0080b061433d82996c69a9f080995050d9b151beb85fa1fb5c807c50c
1c311abd18e9262dc70aeff5d21d90231de3170ae21afd233c03a1d6dd19a418
0b930ceb09060f19cb188bba2aaadb1110f10c0e3404fdf1000b9c0898160c0c
ffd8f9a7f623fb01e1f9d4253a34f603f808fa07990409e238fe901e13f888fa
ffadfac6fe3efa0cf49d973d2bbad4fff7ddf508ee0909e2ab12b9a623fdfcf8
0cce008103251108abf52b37b605db08f7330403c01d1cd1240ebffeb9008100
0a920a920b0008071abd8cf822e52c0409320a0626040207f3fbdda3dc0dc108
0ce71c2d161b0e138e35fc2a8cd39b1a133e0d120f091f0b220fca94240da211
feac11b80c2a0a0dd6ea3a12d5023a0a16211010b21c1618b12728843d05a402
fe2201f9f63aff0696c986f62aff920406fe01061b070e241235333c8d0017fd
18c80dd11641060bf30ff2822a12080813ef1512280e091e8657cacbd6142913
09bb00e500f706fd20f5e20ed7f2080c081203f700f0fb00e2f487e4db0db507
18c919a01fe11e201ed70fccd7be1b1b16341b12e10a07ec1022ebec2e21f217
36e42ea93b032743dc31b50ca1a23d3a342f2626e10e000c1b1187d4bd43c72e
ffea00e9f81bfe0a873fab2ce63b9b020039faf7380f0810c51502ee05ff3df9
03d003e5fe2c0613ae24f8ba8f90340bff3c020cfd1e1b0dd46fc4b12107f2ff
0bf6ffd103eb070da7e5bdee01399104092cfd001afa040bc4d5a0de9408880b
ff1801adfff9fe0293f0d4eed481e8ffff0e0902eef6e82c1322eeb525059f05
3bf73e0140bf3f49cbc13b18b9f418323fc9453f2428312ac3ea2db6f34ab844
13ba1db915250f073be599e49d33061c17bf1e0ef5231df18d6fe8193815a31d
0fc51fae181c162be9e1bf940fd6201112a5121a362c30098f24a91c851d0d1d
f5290011fecffc02cbcc271ff3aac40002fd02fff7f9f6f3b3e51d24e2fb25fe
01d5faaef626f905b7cca7e9beed37faf8a2f9f7a6f8fa15f311e1a990f58afd
119307980c0b0d0c9c2416d1e70b330b022f040a3b110631c60f06c4e30a860b
1c261ec4182c121382c42f30f728c61e14e61f1ad8202bfa8e60cec6b116371a
19121c1e17091a25ed99248d3ed3241b1f0e1b222f24350bb82f2e073328f021
ef0ff5e2f0c0e6d8fa331294a7e406f4ea2ce5ea99e1d5f3e3cd338c31ea8ef5
f302f6bdf7ebf7ea12c282098e1097f9f8c4fcf022f2faf3c2c5e3ffa3f7cff3
0ba20caf10d7070cdba40423efd93a0a0bb40a098a08f70ab0e9c3bbf00cda03
f8d6f5def5eef8f303b895dd992d88fafa38f9fd1df1f3069937d8981d02edf7
f8c8fe89fae4fbfac1c5c103ecf8bcf8fd31fefcea0f0efa1ce120cea0fe0001
0cb60bae1537092ca5caaad60fbd24fe0e3d161ff01631f2bd30ae28ae023e0f
f7a800ea0337fb07f3939a0890a90efdfe8f0104010c15ee9f34cbcfc4f7ecfc
f703018b011cfffaf2c02dbfc005fdfe00eafdf7200f0f022c15cded08facf01
090c07fd09ef09fafa3721b2ddb093060dc509020e000bfe951d8f94af091f0f
25ab0fc421fe231a28a30630f6eefc2624a3221df3fa06f90839ff949824d122
03bbf9940123001ffb1b04f8fef5b4040493fc1cd921200abd04b98206fc9101
ffdff8d7f71afd0c1195370ff5a8c7fd04a5fa031d0d09f82509dde1bafcf8f2
f62af9f2fb10fe01cbe10a209f3ad3f2f61afcf4f1f6faec30018705ebf6e3f8
051108a708f70405042fea2534dd090108a90801b3fa06f020ff02fb0703f804
003cfde1fdfa0008e61c238ee7f6a201fce90700a8f9eef1f23d9811c3f92efb
09820fc612311115013dbe03d2120e0e0d29081ed71e281708170cbf1510b20a
09bc07ccfffe100a12abd6ad02bcc11006e8040bd11a1a0e8b138326ea0dab0f
151917f7110a1018298c11ffb7149d1313a613069a1b15fbabeb97eb220cd013
eec0f79bef16efefa936e5d1e7f1ebeeea3af1f486f0f4102113d21b87e8e9f3
019d013df716f6f9c4b42dee9131a6fbf5e0f3fdc7fc052bcb2936dd8bed12f6
088e03ca0a180d08f482d7d29fd9350707220605f70b040c0721bfca000b3200
faa000f7faf5fef2e394adfda38886f5f5eef7f218f4f715c7eff396dfecf2fc
18a113fb12f3101739a004ce9295fc0f15341710fbfb031dbbfeb4073b23c50f
073508040400060a35172c091938f8ff02e7080df206f915370a93c00e052301
f9acffadfd0ffc08b808822c0f949dfd082f0709050c0727d31e2b0506feb6fd
0c2d0ad90b2f0f1434c390edd69eec1315ea190e91fe0f08ef3ca7d9d311b913
17940f90121f0b0e359d0085d611c51609a81b1e011011128716dc012f152610
fd9d05870dfc0115df821704952bc80203b20b1d0111042638033313de0c9709
02c3fcc800f1030b3194e3d911399900fd08000caf140d03c627f53a05062700
ffb20137fe0d000a11d99fc1a0aa070201dc0100e60a0f059737b703a1fdf303
15ec1cd9180d192af4c9953bb112f01d1ee51421300908f8d2e4e8c83b200e18
073206b007f5050c8c13de9e13aaf60103180c119ffcfa0be3f3022f3205ef05
14fa0e2e0bd7113039d101e3e426a70c0dc60f14a6161cfaccf0cec9be0e1712
028ffec904eaff0dbcb08a879b1dc40400b3ff0ac21102d701f109980906f005
15290a2e160f111b86be0f150fc7b50e15e40d141a0a0cdd2806dec10b22ff11
0d870f8911e20c1a8ad686ebaf3ed80f142d150c211108ec82eb36fe341ae90d
f900fa07fac4f403a1defe19dd0ccbf6f092f8fb3301e51188d9b98dacf8a5fb
11b506f40ff210162433ac040e20a30d03fd0b0c820c0924e5b73e020012be0e
062d07cb0bf1090ea5f493fe38edc40809cd0707821311082df1e389b80a360e
019f02d7fffa0314ace0f7a989acb9050ad6050ed61017d2f90aecef2302d905
0b92131412ed111fcdb7d5acadbecc131ac4111c3e181a0323f3dbc33e130e17
0ba60d900ee30c14ae17fb878db98b1913cf111488190724cdb6161a2b0db013
12c90c370fc80b1bdaf92eb2edb1cd1007160c0bc508112d899c85a3f3141f07
1a8612ed17ce181437823fb83c3bff1b13f12216861f2640f7f297d2061e3115
070e07f208e60b171ab604b19e8a1e0f0bc00e1bf3201406cce802b6a30dc011
09820ae3101a080dabae8ccc09f4c40d07e70e16180d1614a7150fe71411ce0e
fd94fefa050cf5fbfdcf2190d3031e01f630f2ffb201f608b9e683cedd00a2fd
15ad11fb0f01181ce5ba3c17a3f7210f0c24121b92121519d109c38aec152a15
f8cff799eed1fff9eac29d3ea4bee8f8f1e7fafb2b05f61912d41f2ff3f7f6fb
05030bfd09f00918fe2a38b98ffb320307e7020dd6160f27d5f42f96f70cf709
1db4150c180410158ef18f89adaf1d1a0dfb131a96111615e508e4383c18af09
08dd013e04f6fa09323c84f8f13d3b05021007089d05fef627ee03f72cfdca06
078706ae09de081021ad18a7100f0a0105f60615de1817debbf20e201d0add09
0b2b000f07f60607aeba1a1bc0cbb70904b1030f090e0efa03f41d2022080805
038e022d01f5fdffabfbd6c1cf119bfe058ffd008d010a0584f20201e405e5ff
05a7fff5023b0218eadc962284d6cff700a3100da61b190bfa3e90be16f72b03
e79deddaed08ecef17b0f90cef009ee8e99ce6ff37fbfd1ec147d1bcf3e2c0ed
e8cdf58ff516edfb8ee6ff3af0c12ef3fc23f6fcc70304ffef2c90e10bef8ff5
ec3eed20eb09f3f5f1dafee4a89a10f1f62fedefaaff00f6cc2a1fd5e6f12df4
15a1fce00d01050cf5b01daf8485c70609ba0e17e1f2fcfad7f4fe0cb70f8e0a
06d601c8032c000cc8a3b98eeb0a08f9fd11ff051d0f1000d147baea8bffa804
1b3009dd070e0b0ce7d529d107af031011a60b11e60f181c85fe35ee82130712
e62fef10e51fece38599acbe0b3b28e8e732eceeb1e6e1ebd427b6ebf5e1b1ee
faebf4b2f615edf3d7fd04ecdb83f1f5f38cf6fd3b07ffdaa71a9c2c25f692f8
f0a4e6d3e80ae2eec89a06010286ece8dfa4e3eea5fae5dcb50a94b786e0c6de
1fa0192b1e30232a8c0c9aadf1af8f181d2c2010a0273622b6f4bdde371ee51d
21ea11e11b3020f4e7e81ad4bcaab22721c81df79b01f110e628f6d8fc288316
0da50fcd17f30dfd162226d4acf40a1612b51911f10302efcff638320f13bc14
e0ebe9baee0ae2e198a58c1fbdf2bbeae7f0e3f33eedee070115f491a4dd1ef0
eb1aef9eee08ebdbbca8ca9af5b31deaeec7eaeac4f0fcf5bc0aae29b6df14f3
173717231d3224252fd21714ceeab41312991e0afe140d34c02821b82319291a
00def932fb11f9ecc5d6229fd8d7cd03fd82f7eaabf9e10cbcfc293c130402fe
00080cb307070f11c320e932f506240e10240c09a50401ecf22c12ece711150b
ff8100da000af5f8dbadef38caa1e80105b10308230d07110122b718a4fefff8
f4ecfbddfa09f1f7c7a6bef4d834d2f7f9def1fb290b11f21e0c19dee2f1eaf6
112609fa1040160d350c0eb3d2003f1011e514110cf2f13f0e3cc4b2b70cc511
0ba7fdb30325070999859a89ffbbff0902970705b30bf8fd372ec8ada40fb007
11900bf00f3a0b1413d8f43addbb01020b970d0cae0b140b034cdd231f0dd80c
07bc041cfc070407c3f9cb3209e318f4ffbefd07e90f0ef92c21af05ed15ddf6
0fc0148d0935080dfdefb899891dbb0b0c9b0d0ba0162ee5dbf8829a2aff8f06
11cd0e0c1b2c1d268abe152ab6b2db1211de1d15fd0609d021389ce59a10ec10
0592ffa3ff0d030db0e5aadcc21d32fe03a309f6cff9f8f5ad3590cfa50c0d05
01fe01ee00fa0505d9c43bd80ccfdf040227ff0bfd0d09f0e61d18a2cd060004
0e0b09da11121415d7f215bafb1ee30e13c41410ab1d11e90412063708130a0c
05ff080f09060d15251008e7eed4a70d0aaa080ac20604ec1f01f8e7fb148a01
031f05d2fd0a03032c21121712f6170105d00e02bcfdffda3a39a583ab02d507
16a90bcf0af70d11feb084ed239e841113ca1008e71601f82c07a8bbf8078b0b
0ca704e20feb1006a594feb8aaaf870505b10809c508f4edc90a9b31a20f9e06
13110d0d12f80f14b423f3ffa2efd00c0d16110a371707ecf90408931219a916
0e170ec60e090f1635309104909e2c14111d0f18950f18d59929d1061f172b17
fc03f715f7faf5feaea8e388bc0fbdfffeb5f905fa0b08efd53614df20f5a4fe
06cb099806fa07fdc91c032cb4b0ce0d03a207040412130ad40216daf80c0a01
3fa72c1d35d639338cdf97dfa89fdf3d393a4323221d12150dd9a08695372123
0fcd022f01080703cac2a4a133efd20806360bfd9b020619fb28f9b80105b9fc
02e9061e13220e1723c12bc6de328c090efb041bda121bee292131d72a13d60e
0ddd0bcb0c110b2683f9acc1d8068d120dc90d10bb081101131ce9c2f00cda12
08c705a80af00e190a842be2c28a261204970a09f51015021505bdfdd6110a0f
03fa053a00fdfff6f2faa799a19517f207b2050625f8f1fbc81712fcbf06b608
1ba108e80e0e1211cdf290c8b8938c0f15e316119516070eed0d39e3f5110313
fcabff2000fcf6fd9b9c36b33eeef1fa07f1f70622fff8efcd2a9dc0a3fbfff7
21e91c872b2d2739c13a328a0683f22325c7262ca31e1dec323008f9b7302422
09cd0aef10fd120af38a3bf31488cd060dd7150f0a0713fc2917cae0150aed0b
01df04ea03030511e7b90c0294388e060de00a10c81810e1e73cf1c9c404a407
0eb20599090a0c0e81c1270d15020602fe20120ffd151803c520259df809d30a
0c1202130504060fb81a0bc195d8d3fa12230305a7060ae00f1022f3c904ad03
1b2919281f2c2226010bdf21c914cc131a241925e70e24feadf78bd1c91fd815
05f3fbcbfe17f606b836fd3206d0fcfbfcd502fd950e150c37ffdff6bdfcf8fb
043309100afe0308b1fecf2abdf0b1040df4fc0ae00f0e04b5ba203a2f0a860a
10ee03a10f0d0f0a3ef00823b18fc10d0f8c07049e0d0b1cd71137c9f50e1907
f013f625ee07f5eff621b4d2edf5b8f5f2e9ecf32ff707ea16261313d1f38cf3
122b0c050a3714090836fe01c5b2a10f13d70d10ef10190c39c2f83a8719fe0c
1e010f85182c0b1b04949f27e425fa150c2f1512c9111d021005ea81bf19cc0d
0191fda2fe16050709f9b3cc3103ae0e02c1f4012ef2e935e5468784e208a300
16050fb4081f081996d4ecddbdf6370a14880d0bbd171204df2903023e0f090f
ecd9f6f2f708edf0c50811c9c1fb20f6f32ff5eeb0f0fef7c82daad301f4f9fa
eed4f990f84dfdf33aeaeecc223931f7fcf1eafca90112181530ed9b3df83cfc
509c431f53fb416822f90cfa1b0ddf3f40e05b4da84b5332d40c349f9c4adb47
43d13a993ff344501ab6bf10d6d6944e43234c3bf12f5261f30dfee5f751383e
16d7099e090b0807000c811c19b120120db11b0fce0d223b1524c2afc2190005
01cc06ed0d150817d98bce12fa13340b06bd0b0ab80e18169702ddb9d4010602
04b50a2c092e000f9525892fea9a290309ea070d3a05100a9406cc1b880abd05
04c2071f06fd041198ec23f0f094a11108ac08078f1c110c32fc1bd8f606f508
fabffbe3fdfcfd0f012f830739268309ffa20aea9de7f220ba08cf2f31ffebf0
041b00190b16051785fc34e3c7aa2409fd0c0e0888fbf41ad906f82bd908920b
02a50088ff0f04049d3b0d03f8c824fffea60d0e06050604a805e1899700f6f9
12230f34150d091b1bca2ca1ee81371506ba0d0f2803140b29ec39ffc30f1613
0120fff3fffb02008aaf32d11930a8050a920304e806f8ff2e19c21fca01f2fd
0b1e05a5130a0c1fc0c6fef0aad5b80a03f40e12b008fbfe1f30a324b7130408
0983113a15e7112dfcbfec87b716f00812ac0c10360c0af81ae7c392a312d711
e738eda9e8dee8e429c8239ea034f4eeeacaebeec8f4dfff830afe95d4f2bced
fb35f98bf2b5f1cd16d2adcfbe9cd3f6ec86e4e02adcdaed91d685cb3df9def8
008b0b30fedcfcdaa4f8d318e1bc990202b5fdf089e3f0eecddd9a27ec0232fb
f9ddf4c2f7dffcdbc0ef1dc4fe02f3fcf7b4fbf138f0efd6e6f5f2f6a0ee33f8
f6ccfcc8fcebf5da162e9b941a8488f800c501f40debf5c206e7a89efeeffcfe
f5aefe97f5fff2eb35f7da868398e6faf9d1f5edb108fc04aee1b090dcfd33ee
f01ef6f2fcfff5dc8e242ea0f2e6d2f9fb0deef4f9e9f0dabae9fb399bf691fb
f0d1f41bf608fae6dc28e0991d1222f4f41fedecb9dee4c4900b208d0bf381f1
f423f9bff803eff8ab86c6f7fefba4f6f195f1ecbee6f1fe94f211da0fe698f4
f6faf9f0fa0cedf2b83ccd3abee18af2f332f4f909efefdf1aec980d90f4eafb
efeded05e3e8ead52ae0a41ab4a232e3eec3e2e43ff2ece6ffd5233492dfceea
e2fdf024ecdaf1dbaab0079bebf2d9eaef18e9f2ececd7e221ffa7c91aec08f2
ef8bf396fdf2f0f0a7f530d99aaea7f4f99ff2f511e9e9f8a0ec38db8ff60ff6
d1dad6d7d9c8cdd3da9c3ea0e3eb19d2cc89d1d738cfdb0f8db42e898ac9ffda
e6fef331edece8ee0fa7e4d33510b5e7e904e9ec16ede4fd0eb9d499a9e5cfeb
e6a9e51dedd0e6ee15bc21bb203dbae8e8e4ebe534f1e7d184d0fab7f5e31df5
fed6f8eff2f7f9ec2eac3295e5861df4f9a5f6e7a7f4dccd18f4f3d539f8c4f6
f7c9f71af6fbf0fc23d633c62fd0fceff716f5f1dff8e3d92704c2c6bdec90f4
eef9f5f6f2d9f2f822fcff273882ccede835e9f59901ebf7bac1e6310fe89ff0
f6c7fc0901edfaf1acde2496a29b92f3f8adf9fca3f5efdd9faea3ddf8f68ef8
dc3ce884e4e3e6ded6fdd8e4eda4a6eae0cadfdcabece8e8d9ea01b788e300ed
e4caf3d2e6eeecc63ea2ca24f02ba8edf13ee9e3a9e4e9e524e3078cc9f2e7ea
e2fdf0ede8f0f1d3f218911ea00bc7ecf22ae5e6a9e2e7f7abfbb90ecce788ef
e9e7f8b3eebaefefef94b8ea35fd1ff3f6bbf6efd6f1e9e1e9d1b7dbdbee8df0
ede0efaeed1defdb89259302a5d52cf3eb14ebef1ef7f7ee0222c68d8ce010ec
dc0fe817dfead8bce933b49edb3b99e1df2ad3d9ddd6e3fb19ffa12f8fe324df
e5ddea82e8c0e9ea988acddfa43db6eeee3eebf199eedde927c7a105d3eba4e8
efb4f3cdf4ddeefe85bec1d3e4a090f1eebfeffac503eed8f2e81a09bffb0bf3
ef85f4d7efd3e9f20dfa98e383cca7f2ee9be9fcb811f8d31fcbc9cce9efb9ee
f0baf425f5d0eff5cef519a998c7d7f2f5deeff0311203de1eb5b23487f2c1f3
de3be9f7e4a7e4da8cb5d925fca2c1dde697e4ddd9ede7e3b9a536bc86d9c2de
04d80090feb1fcfc21df13c600b3f1fdfd1efb03a0fbf7e282d3b0c9f8ff1ffe
ed90f12ff3f6f3fef3df2882f92ac6f1f8edf2fabcfef3eb86f033ea8ef986f3
0ba505c002ee0310e30c2f3a08cf9a0205c0f811f8241bdab78e8e36ec03b802
e8f5f587ebf7ece3198ea437c00482eaece9e2eca8fff8f5a2f70cc200db25f2
f7c5f38bf3d4f3f0c418fb2830f402f1f5e2f4e91cfdf3f017d6149cbaeeb9ef
0a8e04a205b70cf833c1da3a36c8e70e061b0d0839f1f1e2a5d138abbe09da03
0c03089f0f10100aa82311cd3d98ec15103c0b119f090006dee581868517030b
77a07f2372c47f76c927fceadd26867f7ae57f7f187f5f21caa623e02977a17f
f8c2f5a5fed3feec34ebe9e5b725effcfebffbf19ef2f6fbeeba8b3b9df539fe
fee50604fdca04fafa1d0e2f2b8de2fa09db04f997ffeff0faaecae809018efd
f80cff3504e901f6c8af270ad5faec000211f601fff802e284f39429e507a1fd
f19cfa2ef708f2f626ac020dfe233af6fa0cecfe09eeeefa29ece8a433f3f3f8
10e908850bd70cef253c040bce81a90f04da04063af6f1efecc0ef031b07fc0b
ff1e0114f6f1fbdfe48994a11e38a5ffff18fdedccedf1eba9cbf782c0f93cfb
eb30ecdaeaf0efe117bcface1cd98ceee9afe4eb94efe6dce0c3f0f51ee390ef
fc2700bd07e1fbf6aeb1eedaa53a0201033df401d6ff0be098be01bfa6fcbcff
01c7010dfc0b04fb26fa1fe51fcd90ff0110f900e50921e7f8dbcc8afcfe3cfe
14b60a1609b7110217f9cee60617850e12a113ff97e7e7eeb4d71b0afe081e05
0cbc00f901a105ff0688c024ac9eff0200a602edd0f8ffde12c9e530b4062403
fcfcfb3ff6b6f8f11507ebaf9d22bafff03bf3edf9f5fdf09fbe9afe35f339fe
f13cf3dafce4faf6fc1cec88fdaf9df5f538fcf8cdf3def9e1ff3e1b2b0089f7
f6fcf9a3f7e2f8e3a29891dcddf522f5f9d1f2ef30f9edefe8f4221e27f4baf9
042f02cc05fa06fafcde8127fdc4190a04e30103d50f09d0070cdb87ef0d2f01
01db02d202f903faf2e1b4c2d03503f4079f0300fa0dfbe9371f082000fc2203
f7e0f1b8ecfffce9c1eaafd7142da1edf23ef2f4dcf4edecff10bfb105ef1afa
ef82f228f4ebf6f0831fa0cac20fbaf0f60df7021204fdf930fd309826f4a1ef
060401810bf20b16d43c92adf7dc1804ffff060698150c1d87f791ee17013b03
fcbaf8f9f9f2050c999b2d0609920f04002dfefa3cfef6129a03848cbbfb21fc
04120ad817e0011af385c9f5b8178c0f12d11210e10004ccf0eab585c60fe20b
0884033408fc0d15cb9c07e9bc14f30607ae0c1a2b0c14ed150e93d99b0b020c
02e6073b00fe05fef1c432ad9edb940604a3030b12060fec1029161e26083b02
13a30e07160b1815111709ac91d9b2090e110c198518191bc21ed83ba012bf12
6191402553eb5b6b140dc4bb8c9802484fa3604aff242f40b107badd87689c4a
22f518972ec1250ef9a12c22e8cf221c293a2c152eedf01c19cbaade0422dc18
161e0a1617f10e10852c1af825c9281511a00a14ce1b0c1cc61d9becca1ef51c
f4ebffd5f519faf8b9b2f03cc59f94faf292fafe95faf9ed0229e28894fc36ff
0d3d05d51410060cb1ebb5d3a1f0f71310ad170e920814fe2b3b81a1ce07a512
0bfc101d06c01417be38fdff9f2e1a0a0eef11f9300afc1ef2e38f1b3b10030a
fc9709b904d2fe0c8ba3c8c8a0cc0a0c068d07088d0c0ae4baecf238e80d060d
08fc069b02de0705f6f489d09034d80d02d50406d50ffb09e300e797930deffb
ecb6f59bef1ceee8d80cc50dbb081bfaea1ee8f60eff0ce7321d1395fbe7f6ee
1188028c05fdfe06b7f61a8c951a35140dcc0e1cd11030eafffbe5202703ba0d
0386080c05f81111e3e4b0d534019e0c09871012de0f16e9ec08960484079009
112400d4f814050cb0ed2308eaeb2105122e060ee70304141d081b0af4022b03
1edb1ebc1d3526340f9ede381ba22a1c2087202b1b1a0f20db242214a61d3e15
020c05ce063914172f05dad8009e2a050b8d1012ab02ff15e67cfbba0114ab11
f1a002ccfb24f31bdfeb858aaad1c3f8f7f1040df3120426222ced072300e1fb
04230e2703030714ffecbad9d0f6fb0d120408082f0c0fde9af9f51ce1fafd0a
080d08c50d250518c091c8adee3bf00912e50710d6f9f5091b1ef824d31f9a02
1013071113200b1a95b5a1f382330c0519be0c12dd0c0e2f963cb383e30bf111
ecd1fafff807f309050720a395badbf2fee8fd0b2307fa1aad2fb915d6ffaf02
dd36e7acdbeae3d73a1ce2acafbdbddae3b2e2f004ebe91c01f6f49429e6d9e4
0203069c05d7fcf0819e82edb2cd830601a0fffc9202f3ecebf13e8826058102
013c00b6fdec03eec31822a384aa2c0209ab00e4e2e3d6dcaa08dc388904c4ff
060f08aa080dfaf031bfcb31e8fdc806063607fbc8eedfe908dfe8e9dfffb307
ede8f20df7fbfbf2dab208c9f788b7f4f8e6e6ffccfd071e28f29b91b0eedbf2
0cfc051f0fdf0f12c990af31d9a6c90f17d3090ba9080e12e3e2b61dc606ba0f
14b60f2e0ae00e0d81a485adb6bb221411e60afed0060d0e36e8ff3e8d12b712
1f0718b51ec2130997a20c28ed3ce71c1b3c1c00d000e6fcc1d7e82022201210
10a4113916fe0e0207fe3e8ee0a1e810132c1b0125eaefeba90c3adbd315bf0c
04e4f9bc0321fa019d219c1ae7d5befdfdc5f70b3c0f19228645128cb3faccfa
f90df6ebfc13f4f70feb9dedd9bacef7fb13e6fe2801f8f72c24d0028aecf5f5
0f88083e08f20e1dec9df5a5ae20f2150c1316050f0d0cfc04e2bf1f110c9408
083e0e0709eb1306e6d2be0190bf2c0818071f003dfaebf3cce997990a13bd08
0cf806c8060605f00723ec8307c3ce0507a205fee6f006ecc804e02fab0a1d07
0ece06970d3409078a2635ddc8d28708fb3b050ef11b23edb645e02f9b0eb106
0a29fd98011505fe2fcabe12acb90207f882070c18061cf4c51c11d3350a3604
ff1bffd5fd0df80bc4d0ee003dc88ff9033c000a32131becf9e5fdd137019909
f5bafc39fb1a0616ef3ee2d827378ffbffd4010bfa080f0babeae62b1cfc2efd
f5e4fc0dfa19f7fdf8df1b021e87f0fcf226f1fc37fc09ffa6031b3793f887ff
01c60a2803a30d01b73805cb1f8bec02ff2d02ffc5e9e7cfa8a6f808d10bd703
148910cb11a514f8011fcea103ed2c1210870d0c3ffcead39dd51095e4158910
10e3111f0df808e9cef9939af0d02e110a2a050895efe0cbb8dd9ac3be0c2d0c
16fd110710cd141da9cfc10bd982ea1610f1120d30ebe9dca9c5c08bee1a0012
038c02ff01a602040df49fcb940b3a00fa92f9010de5ede516d115fa00f9e7fd
14e108000de80e1e31a21611e5f83b11120c11129e1427e23bc61912f316c111
1e9709eb15e31805cce60b86878d9d1512d911f7ed1407ddc5db1d14e01ae412
12cc15b211bf0cf5bd818bb28ff1981416db0dea3e03ebf106e80308f81faf0e
00ad0b0111fa0a133e890cbef3af0a0a198b110bb612ffd30df0e6a7ed098d13
06dc03c906e50b0cbb223a15ef37f6fc0aea0602340713cbaed682c4d60d9f08
f898f516fcdaf8179104ee9d3adf2df8f801f50f38243709a9bfa608a1f394f4
fff5fe1a07eb0322d2db088ceeedb80000b00212e01f2e08cedb27ffb802da04
fc25f19bf0fbf400c2ffdbddc0dfdef1ead2f0f8c70213ff1100c6f3b6f3d7f7
fdc2fc88fcea030de41a249b90a82ffaf9b1f70ea91223d2b3ec2d060ff7ba03
effaf5a5f1a5f6ffb886b82bf7eb3af0f590f0fbea1a1cc5f5d290a6f6f997f3
0183fd23f8f5051e2589d9f0c23b96fa04f6fd2012213b00d4f2c11917019500
0a8c0bb00c0813193c3bfe922a222e0410ff0e18942131f894dde4b9900d9410
0632fd2b03f3fcf5bf9b200aad063aff00e9fc0aa21d23f6f21ba2090b07b308
1a8d10a51ce119371082d2d8c6cf381713901c2b9b2541e932d01e86fa19ef19
fd11fa8bfdc500089ed784bf391dcbf4fdd9f904821425eb3eab2de0a80011fe
07daff1304d403ffce90c6e1b6c3befaf6d205008afe05e02110b8ad3605d503
0f86039406b808fee19aaeaf9cf60b0a07eb1104e306f6cd11d733e6e703af0a
00ca001af6b6f7fd100bc0ba28d9edfafc21f7f5a8f7f3f6bdcb23a2b0f910ff
fee902c305b0090acdbf02cde89cb31202bd0608a4fa00ff04c133e42b06c004
fd0ffd39019df7f984cdc0fbaac6320602ae0703a8f90008cfca9a0c1400b902
efa6ed17f0fff3fa9ff885059bd121f0f2c7f4f5a8f7f20792f6918f90e997f4
fe08fbfbf4ccf60c962b95b8e4e6190003df0a122bf71115f2cce5a4210122fd
1525101815051714e63ca42f2798bc0e0cdd0d14f20e231034f4e1db1410f903
058a06830e2910259cf335c2f0fbbf0f092606181c0e24d812290fe8c0169a10
08230e380f31101a141420a4088b991a0a1c1414191a1700b6e897fd0912310e
e6fbea97ebeeefe30ce334d4a3f0bbeff038f1d7aaeae1059ee6392a00edade4
0634fd8f0fee072ca1358bf02cb1de0a052f0617150401f3e3f1eae7e007b008
12d713d10efd1920f5d8e8bd909f34150dad151e1b2423f1d8e426f3100ee718
f991050e02160305e8a6bfab83fa9d01fff705fb29020ae4d92907afc7ffa5fd
12960d9b0c2a1710c2d5b512953eea0f13cf150c390621ed04071ba53119020a
0fec00c901d9fe02ff0afff03136eb0201affd071efc0dd1ffd1b4ac81019f05
f537f499f5f905f6eaf1c5a4f0a11001fb24f1f83b00f7121ceadaac02fe85fa
201e232b13d428fd8dc210c7fc18113422ad21151d220df4d2e68c08b728b619
f68ef6cbf51af8f302b7bb96f0e11bf8f495ecfbf7e8f1f19e04ec2e37fab9f8
07b103fc010d05050dc28efd11dab60d063d06033ff809fdda21b528d501f904
0539ffd10d05000c36d98f97d438050102060511d50816dc8f0ea30bfc048c04
19b30dcf14dd112d33da9a85d0c42b0f1331181ba62520d8cbd1f6bd820e8209
233b23111ce42631feda1994eda715181ab3282fe91f3adce4019dca19238f19
02cc03c4fb1900038c860294e330e5fa01ba0302890006eeebf0112ad9f534fd
10860ade02fc0805e93cd711b2f8240b05b9070a820111f50af7971ad300fe04
f2def93df920f6ec82aedeeab28b21f7fd13faf121f0fa12cb10eb9bb6f337fb
f986fa2c0408fd09eeb43f2bf6150bf1f52ffc14061311de890af6efd6f98402
0f1314930d1411192325ce3ce3bed80f10960a0ad7192104fffa33d7cc0af90e
f289ef9bef1bf5f0cdb3fc91c6fc18e8f02bf2eb380307de2100b00b0eedadef
ec12f0f2efeee8ebc796c32c0b37a5edf2dde7ea91ebf0f7b3ee88b5dfea31e5
058e0dff0f0c0c10fda110eaa8c3bd0806ba08fee9fd07edfb34abd03c07230d
00aa0ad4091a0c0be5f6f42089cdfe030305050b900a0115c129b6c0d614e706
11350bad0a1c090991d8f635cb0906060b001002291217f3e426b08dcd14cd10
fcf4043f011b0016079e9610a501a1fe0f29030dca0208e4d21ca3951f0ebc04
15da0df2113c1323c501c0fbc6a9320a0dc312121d0625fc05473b29c5170214
00e5041b0720000489f6bc9d17942003073801ff9d0d00109322d894dd0dd2fd
f498f71cfdf8f0e89b9c1a3884a789f5f8adf7ffd90a00511a1697239fed2bf9
fceffccdfc1afc07ed281d12d6acf9f7f2d3fa07b01d17141e0cff34a501dafd
ebd3f58ce9fefd02331e1634828404f0ffd3fafed6faf6039bfdeffd9cf331f7
0aba0b01062c051404d4279a87de9505fddd0209b7050eed9e12f41989041d05
17b814211220161a8cde8e08f328d505101c1806c0061bfce80cf4b6191bcf0e
f9c8f9f4fc03ff03e3b2ae81ae8122f9013dfa1132131a2da7130099d6ef12f9
fec9fef403eef307bcaeb1a1e5a21501fe850007d92c2e3dd4f1222cb8f033fa
ed98f8ddf006e6fb00b387b9cbb035efeda1ed03a4140a00253c15cc86f8baf4
0fbf02c9023ffe060404d7110e961afefbc50709070c180a0b32e69b87ff3b05
03a102c9052f03049c02a2a30af5d3ffff8809ffb6040011c52a2f12dc018b01
f98bf30df900f6f6cbe31cac1e18baeef518f602a80e04069007e52d25e8def1
ec8af134e828eff71c1398b99b0687e7e98df2fdbdfe0cfd0a43b7e4f9e0c2e5
dca4f2a3e2fee6e7eaca8f17c5fcfae4e707dff3fa02f009ff27ca9c33d735e9
09d806290d2e130b10918ea911930f0702a109fe950c04e90112df2d06ff2706
23ba15d71c50212aa6d8dbb228d1d61f1a222217371e1802f03dbd8ea9143c16
f6b7fb37fe19fb0b1b333605dbd0e50c08d802ff910305fba34939a0e604b805
f788f82ffb31f90186b3b4b78a293efcffbdfaff1ff818ea061af800caf685ff
fb10fde0f61205fc28ae939984888c01f99ffe0781fcfd0b9624ec86b2eff8f6
17e91803205a1c251c0b26f994d2141b1b90181bcb080bd2ba271aee85269d13
f910fb93014fff0291e38615f59a9f00f3e3ff00921807161d36cef1ce058df7
259b169322141f17d8cff69f0b89392d279b2916f21225370cf2dc920d2b3a06
1eb50ab50e2513f1eb9d280e368f1315120e0d04e6071341a52dfabf2a0e08fb
123c0d3b0be9181dedf1b73e9b91391417300c23e61f3b1d10180085fc17d813
f9d0f90801d2fa0525c507cffdc5c7fa0030000e8e121b1ab6c42e052cf9f305
fbdaf602f23608f798c5f1b62efd3bfafd9105fa3d1e0b30b833f01bf905bdf5
3e3d232e30f52d17e03286bbdfa007272439351e3af5262588e900e9d7422625
19f11aa81a062012aa369484ca12f41919ce0e213302fc08cf2de3ce0527de1d
14c311e51003111c341335a8b2fc940d1020141a32fc0cfa28172eac17158a13
f982fd3afce30302d3b5a1acb9b1b4fafc17000737081401f1f4b9981efffb02
0132fe2202030c0382a7ab142898d7fafa89fa03b51e1a22ddecf1abf10daffa
38a321d416f12b359e0bb21c15cf8e2123a9211adb1e163615dd119ddf2eae27
63b444a24c1f4c4e99e3011bd6c8914d562b4a5cc6305f078f2e0eac315cb85a
06f10387fef50609d0161a1ff93520ff089b05048df4f119a6e1309b110d3c00
eec6f5c1f4bff8eff3f79e22b20d90f0f6fbf3ff0503f10cded5e6352aeba1f8
08caf53306fa0f113c8c09ae0810befe08d30a0f8a1d1f170af2072bfc09ff04
3f3d26ee2df52c4195bb0d0029b4b1262a32342b382420299fe1c2d3003bc333
03c804a9f80602f922b3f0a626dd11ff0a9bff0201f0fc2bcf229fb1b204c807
ece1eddeeb11f4e984c8aedfd58db1ebedc8f0e7cfe9dd2022288997b8ebb5ee
ed2af2ebefcbf2eb84b706c4aabbb3f2eb33e9f08cfcf60ba0b50e9e10f2abf6
fac0fb05f5eaff098b15ca18381892f60283f5feb103011f0ddbaa243d0800f5
fae0f324efdbf5ead72421391c0fe5faec2ff400a0f0e51632cd138109f5fbf3
e7dbf13aefe6e6e6858c25c5caa2d8ebec25f7f015e4f619cbe321cee7f1f7f0
e483e3cbe5e6d7e0d62316b981363ee5e004dee7c3ecf6239fd5be83e9dea9e6
f388f7f3ebcaefffb626ad9186d999edebf8f1fa93edfc08e7e9ebb9cded36f4
0f8f0a1a0c0218f2f9d3cae1241c1d161bf61704d5fafb22af1134858e15e217
f691fdcffc16f7f3cb0826de23cdebfe0435fdf30df3ff11a000933ad6f8b501
fae1fcf8fb1bf1f8ce2a14abb3ebf9000821fb078f1319fbdd1ae7b3d9f411ff
ecddf392ed27eaf2acacd63c91d005f3f824f807351214fb1a0e948987efbaf8
078b00e30936091999968991fed598fe0b3b0d0ac02333fef7f49222fa0aac06
05cd05dbfe1105f105c2ccfb93f3d30a030e0806a000ef279af6ccfda601d304
ffcafc0a0102f6faf6e6bf1b918a95fef82c0af2cafb090e9c0cfe18e1fdddf4
e1dae701ed1ed7dff90d34263407dddee21ee4e9bbecf9df9f31bbb6e3ddbee3
e88bed2eee10e3efa68493228e2cbce7e08ee9ebb4f5f8daf721d62611e2a0ea
0115fd3301290005f5c514b13615a00402060b06042724d08e0ea8b687f88302
f820f530ee1feafb9b8717209afec6f3f78df0f2370cfbe7f6051aa0e1ea1cfb
dd24e518e433dcd98734272a9328efdee2bcdedfbbe7e8ed38202e1dfbddeae6
ea2eefaded30e8f5373e8ed2fd05ddeae5fee6e9a3f2f9dbed42a12d10e9ecf0
fcb4fe26f5fefb0ffbf987a987c48604fc06fc00abf7edcee21611cee3f88301
23291a0326101e3ae9c1b9162f381e271c9f232beb2632d5f70ddee212229f25
f425f982f321eefbabb40a23a6f8c3ece612f3fe8d0b04ced90b2518b7e6c5f0
f9d3fa17fa16f8eebd3b342eccd68cf7f68cf4fa270105071d26efc9caf40ff7
0a200ad703ee0607d8cebff928eb1d070329ff031c01ee0f8e040f3e0801e404
06e30dd00af90d038c1c8df63edc931209eb0813db07ed1dcac013c7c7119a0c
11c70cd2181a1612b2902b8f0a86a024173d1719ec0b1f2c85209426c91ead17
f30cf8a0f93ef502ed9d1a29e53281f6f61cf612f8192f06982833922cf3ddf5
00e600ef01f8fe1324a3c6cd9439130606b2072010202002d8fbcb9921ff040b
22ba26e91f16273baa1107c82c041a2f231d3c3384270df68be8a4fce725252c
101a1eb016331a1bd597b48cce9d8e29260f2e1b90190417f00c98f7cb24221d
010d0608053f02060d25b527feecad0b0e3606fbaaf0001ae52630aa1e11fa01
f28dfb2800dcf709c7d3dabab4b698fbf9e0fc0114fde9e1b8ec8588eefbf9f7
fa2904ba04c9f90a2615bbdb1e36db04f989ec05d4f0f6ecdff7c6b7a201b606
e900e8e4ece2ebe49cf4acc2b822d5e7eaf6f3f537f5f00d39f4f9a8b5e8fae9
ed04f5cfea07e8f088ea85aac93de9e7ececeeece9f6f2ff141ecbe6d9f082e6
0223fa180b3a0500e82bf9be91e0f20e092b0bfef3110c268649339b9314df00
e813f017f205eaf0fbdd9c9116a297eeea30ecf2b5f1f0e68cdcfae4d4f4b9e9
ec31eb86ecdaeddad9b89fbdbfe90ceaee1ce6ecdce6def5ae1304c5d1e39ef0
ededf18df2ddf6e4d28d258c3ae4a6f0ec27f5f500f1dbeb05f8c6a829f5b7ef
e8f1f4e3e2e0e1ecf1bc00adcf2fbff5efbff7e8dcf9f6fab714c49ef7f60ee5
e6acdfc2e108e5e3d1e61f33e8198edeed00efe62ff9e0180b50e83120e3bce6
e49aebade2d2e7e739a8e490d535f0e5ea0fe9f314dbde0c81eb9fedd8e7d3e9
e9fceeb1e9f6e7e0d30335b6d0beb5eeeaa7eff0cbdee21ae5fde7a028dabff0
0df90d0013100c0be6223d1a1b9822111d9a1911e10c0008d420ce0cc020bb18
02d4102e11f0110815c8aadecd0cd01114fa0f16ef10010d1af4df97891e2c05
d80ae290dc16d2bbfab1cafa99e1b9dedb22d5d9b7f2d802a031943bb9d9b7d1
e5bdf3c2e9d1efd8a8c72c85f2c33ce7e8eceaedbae1d90695e09dc0a8e214ee
fb1af7c4f211faf1d80402e52bb69ef2f22ff2fb8cf5fb1aa325c784f8eb3bf9
f3d7e9b2e71ffbeadb19b92300b2c6e9dc3ae2e815f5f0ceb3ff263539ea35ef
f79300cdffd903f0c50c9737f8c3dafa03cd0b0086fffa0c3b070002c30ca5fe
f2ee08ec01e6f5e91c2932ad9818def5f719fcf9c904f71ce9f114a9b9f7aff9
dffde8c7e8d8e0cfa39acb3be0f92ddddb9cd6dfd4ddc1fb98edb10803dabce1
dd82e9cee5e6e2e109f031ebce2ca1e3ecf5dfeb33efe1edcb06853e22e49fee
e48ee800def9dbdf2516a7a30b10c3dedc35d8e8f5f3f2e3c8069c891de53ee2
da03ebe4e8e9e4d610240f0ed61faadce28bd9e8d4e7e9f4bbefa091c0e6dfea
f91ff905fb1fede820f32119deecbbeaf8ffe8f1bd01fb0ba60be6cb26f2f3f5
0cce0b2209390f03cffdb1f2b1bcfc1b15c11210b706022dc822f3af3a139702
22bb13b3121f180f0c10c2b12cb60525138f150ae2120d28e21bb22e3e1d070c
2b3823a4210c2638a9a690373ba68a261c352c152c1418fe31fc1d09a22b932a
048709bc080b0817a00df9c03037110703970b18b612042686ebbfc71ffe320c
098b049b0a22102194d3b13ef7ded404fd120c05d9190d24eb29afb88bfee60b
0cfd13a20e2119230acbb13709d83e1a19ea1b0ab415ff1130f4283d39290b0a
07b50fcc031d01efb3e6d71194eda40c09fb0eff2b12f41ffffcfc0fcd0a330d
2d2e22de1b0126140e95272c819fbc342ae1291ac11b1cf3f2f0208dc82a1622
0aed01a2ff0c0bff05c3bee0279a870309f4fa081406fdfd8a002516d3fbff06
f3bff601f518f600dcc5d697d33de2f4f9b5ebf82908fef68d16f9ec14ed07fb
23dc1b2c220e25509b9d23e2db99262024ba282f0b304c062f03b593e4372918
160f128213331224f73ec9d8e9871a1216931611a3181eff05460ed08a203e11
0f330ff0140f0e1a1fe49422aa35271212f80f1185080de03cf185e03d193c10
f932fbbaf325fef1d4bf8f0adca3aff6f0e6eff4d2f7f3e23213e1afe2f2d7f6
f004f7a1ef1ff7f315faea3e85cc24eae8d5e9f4c0fffdd21612b8890eea8ff2
058a07010ff80921caebe90997a3de0b0ef2092add1e332e0ff7f28a1bffdd06
fc0502860115ff0d1921d38a8b31ab00fb36fd1506100cfa9726bf8735fff6fe
ebe1f28bed1aefefc68ef2e2cddaa7f2e886eae191f0f802f31b3ef0a2ea8cf0
06db07ee04f30409bb3baa3113dde10d07c906f6f7f305eac0f6edc6360ab301
01e7fec803f5fdeec3dfe104a8a22cfcfedffef88fe6eec4e9f8f323bf0228fd
08ce05c9072a0d150d20f619263bc40b04b704159d141315fe26ff17d80fb50c
f28bfb3af60df9ff9a10be8afe19f5fcf3aaf206b80705f1e913399418f5faf9
f1d6f4bff5fafcf524c3068982ed9ff7ed87e6e6ddfa03f924fd8606ceedc5f5
f502fe0ef102fff40eb2260bfe28edf9fe90faf3f1edefd3280e33ecb3f225fd
fee603ff02f604fd8a159437a9d11bffface060309efd50afd1a2b09cd049909
f7d6e927f903e5fe1811f0b7132cc706fdc600fdbbf0e92ba60738cfc9ff38ef
f692fb1ff814f8fd041cb20201c092fdf5a9fb0a13070e118c2d2b84b7070bf7
ecfbf1c0f2ebe7e60933f7a2dc2ad2eff207eceaa9f7fde896e816c7d7ec9bee
f922f4fcf6def9e7abb1adfbf286dbf1f520f9ea21eaebef85f235961bfdfff7
f896002bfcb7f8d3fad8d7b3d2e6ddf3fe3afeebedceba032cd9dc3905f6eb02
df84eef3f1e7e0f6db3b98b6b8d324e7ea11ebf32df9ea0efe30cdbadbe6c8ed
f0ffeff9ef16eafd31bd25b0cb971be3e910e4fab408fffb1bfad9e5a4e208f1
f721f5cfefffedf12b138c3634b8c8f0f4d4f3edebebf6c9c7dab0358aef01f9
1102079c0be50e0084e88ef4b7c9ce140f870feea1e6eee517f988162d0ac409
f8c8f8d1f7c3f0d3ece6389e31e4c2f8f1e7f7e818d2bae5c2d037189bfae9f0
d9d4e592e8ecccebc2823792a983e8e5db3bd1f4beeffa1303e5271fb2d425df
23f5203933d5181e35c3369890dabb292522272cbe2224fd0fddd3cd9a133526
09e8ff35feda07fac83a3e3b1ffc2803fedd0b0082efe5fc95d086fda3050b02
0006ffe1f5defff5cf988ed1c6fd00fe02c1feeb0fd9de0ca4f5a62da0fda5f8
fba801c4f8f3fde5fa989be717c7b30005bff7f4cee0c2e00cfbef8d9d021dfa
e0a8deabe4d8dff1c52322b691c828e2df87e2f7baebfc2dcff789f613db3ee5
f1b0f0c2f1cfebead5d99f16fe3184eaf02fe502a90415e81bebdb2cbce1aef4
fd2effd2f8f3f7f22986c90699f5af00011403ebaafdf3e482f7f73a01fabcfd
0188fdca01e705f721f013a4aef88805032e0aec30ece4f38aed14f0b3098504
eb36f53beff7eedab63ceed015ec8ceaf0acece90cd7c009c3fee00a1ced83e9
ea81f1abeb0eefd4adef3887c4cbfdefebe5f1ff27ecf9ff833f92a4d6f493db
f989eb1fe405eae33287973b97f435e6eabee9031801fffde61aec24a1e893f0
f31ef8c6f2d1f8ea3784f98c0998d7f1f1d8f5ec1cf909e817eb9ca8a5f01ef2
04e4069a06ed030115d3fd8236d49efd05ee0af32ef1edd9eefa241b2b07be0b
011e04f7f8c905f6fcc9bea02e15a7fc08aafdf726e1bcf20be43a9dee018201
f33ce5eeef1bf0e6e11299930e36fceff2bfeefcd6f3f00ec10c140938e831ee
e7b4ec34f612eeed2b9a9025e6b5f6ecf1c4eeff28f8f1f91f0ad2c1a3eeb3ee
fbe7eb87ee01f0f0339cd10619f4f9fcefa9f6fec5fcf102c11999058df403f4
f911f9e9f9e6fbf7f7edb3c3e53708f1f6c6f8f8e904feff87019b9fbdfa1af8
e22be294e009e7d982fdf5882ca099e8db81e8f40801feed9f47b9b9d2e62ae5
0831ffd201e10302b6bcbf9b19c737060283fe10ae0d01fa11e61d8add11db00
da28e5d9defbdcd79cefd3909a8889e0e402d9e804f0d3202cddec1d0adbf0db
09a0058406190d0c8b8331c2aa8c3c0711ce0a1fd6141e19a5f4d990c50c0b05
0c8d10bb1d1312178aceef9817161d0f170b1817fa132923f6d1ca8a3c0f0217
f4b001bcfa09fefca61bd91fcf96c5feffa1f902e40012fac1042e28a1fce402
039e013b00cf06069e051501c00783010c1a02fdc9f0ee021ad0b7bac510f3f2
04a201c10409fe050633c42ded9fa60005ec000614f7fc21f0dae7f6c0098301
3f8c2fc0331f3547e2ee28f5e51c8a2733da3e3b3b284d2e86138dfda7349634
1538191d0af41d13168eede33dc4c3111c831617010c08252ef736fdb6121d0c
ee97f027e902ede824d3baddac9cabe6ed0cefe7e3fdf905053000ebfce5d7ef
10b817240e1f1b35ee10343489bf100a1a2016121e111412da1a8307ac129612
1f0c1fce1afc1a2ad5193112b6f1cd1d28362515cd0d18ff390dd6b09621d527
0002f8aeff11fefa28b41329b82cf9f7faddf7f084efe711d9f7de2b99f6c7f8
f101fe96ed24ffeed7dccd2403f6d6f4ea8ff6f63eebe40dfd17922f2cefcefe
e523f696eb21ecdd3605378c3e28b0ebeceeedf136ebec06040ef2c9dce4f9ef
031207d50b32031edf95d12f191eca1307950619fe21361ab40411e52c0ffa09
1e26173e1afb1e24d0cf9007b7f3b216248a1c1dd5283002a902dff49824881b
f935fedefcf4eff2a2d818d2b3081f01fabef6f2fffbf3193403a02b34f9f5fb
0237ffd009b101f8e839229aebb6270609d005f5f2f100051ef702e41009c203
f4a3faf5f7c4ebe49a16293310fce0f3f324f4fdb2fafd09ac08d995e1ef9901
000000000000000000000000000000000000000000000000000000000000000f
0000000000000000000000000000000000000000000000000000000000000018
00000000000000000000000000000000000000000000000000000000000000ed
0000000000000000000000000000000000000000000000000000000000000005
00000000000000000000000000000000000000000000000000000000000000ec
0000000000000000000000000000000000000000000000000000000000000012
00000000000000000000000000000000000000000000000000000000000000fe
0000000000000000000000000000000000000000000000000000000000000011
00000000000000000000000000000000000000000000000000000000000000a9
00000000000000000000000000000000000000000000000000000000000000f1
0000000000000000000000000000000000000000000000000000000000000017
0000000000000000000000000000000000000000000000000000000000000019
00000000000000000000000000000000000000000000000000000000000000f1
000000000000000000000000000000000000000000000000000000000000000d
0000000000000000000000000000000000000000000000000000000000000001
000000000000000000000000000000000000000000000000000000000000008f
000000000000000000000000000000000000000000000000000000000000000e
0000000000000000000000000000000000000000000000000000000000000010
000000000000000000000000000000000000000000000000000000000000000c
0000000000000000000000000000000000000000000000000000000000000010
00000000000000000000000000000000000000000000000000000000000000f0
0000000000000000000000000000000000000000000000000000000000000020
00000000000000000000000000000000000000000000000000000000000000f0
00000000000000000000000000000000000000000000000000000000000000f5
00000000000000000000000000000000000000000000000000000000000000f0
0000000000000000000000000000000000000000000000000000000000000012
0000000000000000000000000000000000000000000000000000000000000018
0000000000000000000000000000000000000000000000000000000000000004
000000000000000000000000000000000000000000000000000000000000000a
00000000000000000000000000000000000000000000000000000000000000ff
00000000000000000000000000000000000000000000000000000000000000ef
0000000000000000000000000000000000000000000000000000000000000081
00000000000000000000000000000000000000000000000000000000000000f1
00000000000000000000000000000000000000000000000000000000000000fd
00000000000000000000000000000000000000000000000000000000000000ef
0000000000000000000000000000000000000000000000000000000000000019
0000000000000000000000000000000000000000000000000000000000000021
0000000000000000000000000000000000000000000000000000000000000003
00000000000000000000000000000000000000000000000000000000000000c6
0000000000000000000000000000000000000000000000000000000000000005
00000000000000000000000000000000000000000000000000000000000000c7
00000000000000000000000000000000000000000000000000000000000000ec
00000000000000000000000000000000000000000000000000000000000000ec
000000000000000000000000000000000000000000000000000000000000001a
00000000000000000000000000000000000000000000000000000000000000f0
00000000000000000000000000000000000000000000000000000000000000ef
000000000000000000000000000000000000000000000000000000000000001f
00000000000000000000000000000000000000000000000000000000000000ef
00000000000000000000000000000000000000000000000000000000000000ed
000000000000000000000000000000000000000000000000000000000000001f
000000000000000000000000000000000000000000000000000000000000000a
0000000000000000000000000000000000000000000000000000000000000010
0000000000000000000000000000000000000000000000000000000000000016
0000000000000000000000000000000000000000000000000000000000000021
0000000000000000000000000000000000000000000000000000000000000012
000000000000000000000000000000000000000000000000000000000000000b
00000000000000000000000000000000000000000000000000000000000000ef
00000000000000000000000000000000000000000000000000000000000000ef
00000000000000000000000000000000000000000000000000000000000000b3
00000000000000000000000000000000000000000000000000000000000000ef
0000000000000000000000000000000000000000000000000000000000000004
00000000000000000000000000000000000000000000000000000000000000f0
0000000000000000000000000000000000000000000000000000000000000014
00000000000000000000000000000000000000000000000000000000000000ed
