0000000000000000000000000000000018eb0ecce5fd0c07fe28fc01d104c906
00000000000000000000000000000000000cedf822e7082700e0f0c7f820d736
000000000000000000000000000000005f818881c6dd0d81d407107f697f7f54
0000000000000000000000000000000011f4f3e7071cfa3414e4f7ddecf8e3d7
000000000000000000000000000000000d2a7fc6f9c2cd8f1875ff18e32301e6
000000000000000000000000000000008150cd8c7f7f81df60307fd47f2522ce
00000000000000000000000000000000ddfaeb04f3101409fa02fd01e50affe8
0000000000000000000000000000000013282ff312f6e124817f0ae307260581
00000000000000000000000000000000eee8feeb020a1d3515f402feee2bf304
000000000000000000000000000000000000000000000000ffc3e5b62433e6f8
000000000000000000000000000000000000000000000000de8837f54319de40
000000000000000000000000000000000000000000000000cee740b03058c85b
000000000000000000000000000000000000000000000000c6cd16f21f3dd0ce
000000000000000000000000000000000000000000000000fea2b6d6d233de2b
000000000000000000000000000000000000000000000000f02e22c231105af0
000000000000000000000000000000000000000000000000152129e37f555d4a
00000000000000000000000000000000000000000000000035b054c508355b39
0000000000000000000000000000000000000000000000000ca51a4df636e76d
000000000000000000000000000000000000000000000000dabd2efc0a5fcde3
000000000000000000000000000000000000000000000000d94707f85a253619
000000000000000000000000000000000000000000000000f3f265ff2d597f81
000000000000000000000000000000000000000000000000f82f600a993e77e1
00000000000000000000000000000000000000000000000048c00f67d6430f4f
00000000000000000000000000000000000000000000000031b5d554b25ab4e4
000000000000000000000000000000000000000000000000d459daabe5d3e9a2
000000000000000000000000000000000000000000000000d617e70ce6321623
000000000000000000000000000000000000000000000000cd331c0e9a7f04c3
0000000000000000000000000000000000000000000000001c1bcc66ca3aaf05
0000000000000000000000000000000000000000000000007f13c32df9d8af3a
000000000000000000000000000000000000000000000000037fc5840a0002e4
000000000000000000000000000000000000000000000000de14c381afc526b1
0000000000000000000000000000000000000000000000003ac8dfb0b401e80b
000000000000000000000000000000000000000000000000300b81df10f80cd6
000000000000000000000000000000000000000000000000016dade43d3730f0
0000000000000000000000000000000032acf7cebbe3251122a8c2b2330bd29e
00000000000000000000000000000000381a3c15f70323d2febec91c3dea239b
000000000000000000000000000000003616460903f6f004c8e6e42452441dc1
0000000000000000000000000000000038ebb7b710fe0b3416a9fe04e63607d1
000000000000000000000000000000003c29f4121e0f09e9faee05e731ee2ecc
000000000000000000000000000000000a39cc27eebf0c02b0efe3e827063145
000000000000000000000000000000004efde9f2481be4351a1fec0fea6b5712
000000000000000000000000000000001b0533e5dad9dab4092220cbc3390d03
00000000000000000000000000000000fc281e0fdfd9f6e7bff7f4dab4fafc3b
000000000000000000000000000000004a9e2bfafbf816dcff0ec8dc31361206
00000000000000000000000000000000f4db13efdf3ae6d5568103f50fc506c6
00000000000000000000000000000000e704e610f80be7513acf200464ce18e3
000000000000000000000000000000000bbd3881dd30d731e9cc9f02241636a2
0000000000000000000000000000000021ddd3baee1c3ef1eb28fb49dc09fd01
00000000000000000000000000000000fbeefdd9b3deebc821120de1d4d00a22
00000000000000000000000000000000b5d4e0e405ea063f07c702ed00c51dda
00000000000000000000000000000000db20196be5c2f62f23f781c1360f2cf2
0000000000000000000000000000000022cc4cf4112a1d8a302bbcfadb47f845
000000000000000000000000000000004ceab8e2f9cb7bd71fbedbe199dde8f5
000000000000000000000000000000007f09fcdd05df54b7ede91c0827f503ec
000000000000000000000000000000005320faccf18173f3b8d6eb25fc37fcf6
0000000000000000000000000000000025fccddae8db7ce93b11dd0ed0f7efff
0000000000000000000000000000000056f8efd4eac146fefd1a174500fab406
000000000000000000000000000000004b2209d5f7b16e0ae22e092c2504da28
00000000000000000000000000000000d3e18105d1f868ec1cdac31d32dbefe5
00000000000000000000000000000000f61eab3526bc6ba4f7e7e22700f6d51f
000000000000000000000000000000000f2ed60615d04db9b5ed1131c2c1080a
00000000000000000000000000000000f5a2e6f213f02bd3202d0d2f24fce061
000000000000000000000000000000003dab34c37ffbf6aa0fdeeec1e8a5417f
00000000000000000000000000000000e50111bb28e71512ded108c3c5f52908
00000000000000000000000000000000bada28083ae9252c1109cbeaeefefe24
0000000000000000000000000000000043eceaf54333e5a93123e321eb8129e2
000000000000000000000000000000000efb00830a1d0fd1eab017e2f7d3c5f8
00000000000000000000000000000000e3f51ecc52ea103101f1edd8e6eceab1
0000000000000000000000000000000005e99c3618cff120fd20b70ad4f1abfb
0000000000000000000000000000000014bf42b5ed3bf0a91640181bd6edf027
000000000000000000000000000000003c070d17b030e7f7d0ca2c2b05fb1cff
000000000000000000000000000000000e34cbc2f4f31c14f7f921adfbe4250f
00000000000000000000000000000000d3fed6f001df013c100df1c0eb022d14
000000000000000000000000000000004ff2e3e9160afc2ee12a1f1dc6e1e70f
000000000000000000000000000000000d0c0cfce5e3380d18231981fddef036
00000000000000000000000000000000dddcd4d1c9d55511f6fc0a1116d6dae2
0000000000000000000000000000000050322044141cd2fed72bebd1b40ac41b
000000000000000000000000000000000d3021fff11cf2dedfdafcf60e02c01a
000000000000000000000000000000000fe4cdecc7f77ff111f4051af6f8bcc3
0000000000000000000000000000000032d6d91706fae4c0152db3c63ef6fc1f
0000000000000000000000000000000020faf7e917db1fe6fce513bb23d535e6
000000000000000000000000000000009f2db7ec09cbd539c3f2ecef042511d3
000000000000000000000000000000001e0bd6053014dc0818fed2260feff3be
000000000000000000000000000000005908deb7270c10811dff4c11f7d4f7f3
000000000000000000000000000000001518bf0e11c7e669f0bb13ca12f4ce14
000000000000000000000000000000002b39e44f38f2185ef52ee9e52923d7bd
0000000000000000000000000000000066d3044c4ef9b1ae41562504cd210f0b
000000000000000000000000000000001f814fe9f703f40054111b0281132e08
0000000000000000000000000000000009ebe7a7042423e7211cd9ec742139da
00000000000000000000000000000000c23db3e4ec17b26822f1f62904f60108
00000000000000000000000000000000f3f9a22102f5dde019212630d9bce215
0000000000000000000000000000000038e00cc1f6212ffb26e4fdfc2c0f0e08
00000000000000000000000000000000f61cf81c1ee71f3a31e40ef02d122208
00000000000000000000000000000000b91d1a28fbb12dbc2236f9faeb18cc2d
00000000000000000000000000000000b9a2a508de1130eb40def3da12e137fa
0000000000000000000000000000000006c20317dd0c2c112bb203bef2074013
00000000000000000000000000000000b411eb2dcfde52082bf7b5d30136071e
00000000000000000000000000000000f61b52f5d152eac40e3ff93304f615e9
000000000000000000000000000000004217f2dc8909180bf288f20cffc91944
000000000000000000000000000000004806dbeb19ca110481aef001e9f22845
00000000000000000000000000000000eafff8240cf0182ce5dd061dcc44a40c
00000000000000000000000000000000090efcf20c1b291fe8e7060ccdd00c44
000000000000000000000000000000001e3a08f62beefed8c4ac0017f8e04802
00000000000000000000000000000000d4e6d64642e811171ccfd408db057f2b
00000000000000000000000000000000e503e9fa43fbeb2abbf2b71cdd1e3314
00000000000000000000000000000000bf0f0712e7fd17f1a5aeebf95db925c1
000000000000000000000000000000007de7257e9c190b03273bdf811afa4af0
00000000000000000000000000000000f2f03632921317201a230ce9d6fdf6c5
00000000000000000000000000000000c7a93c12a51e21a7be00f6d4dd11da3c
000000000000000000000000000000002d3ff31d8906ffc8f34805a90df835df
00000000000000000000000000000000f405d94199d9ebec082917cad7091d05
00000000000000000000000000000000e2df091aa01921ead7fbfcddece9f40a
00000000000000000000000000000000f72db2e7e107efe0163010e0bdf1303e
00000000000000000000000000000000e7f6ae0388ddf537163b040ccdf41c22
0000000000000000000000000000000002fefbf7a8f82b02c330fe241dffe357
00000000000000000000000000000000b9cf25e481bbff082917a9e203d7d3fc
00000000000000000000000000000000d60f08202fed1bdb1eeff804f1c4edfe
000000000000000000000000000000000daaedf613ec0ecfde3310df02eb01f3
00000000000000000000000000000000aedc08f001c4fdf64eb907ea20e7dde8
00000000000000000000000000000000a40f0ef5fc9ee204c063e2eed9a6ecfa
00000000000000000000000000000000daeb28e4ef060e1bd5f10af710cfdfec
00000000000000000000000000000000040dd61530d4fe44cef1d9c1b612ff0a
00000000000000000000000000000000eef8dbff04c7fbe30f0507f9ebdc04a2
0000000000000000000000000000000016c1360fa5d0f7338148f50bcaa415b3
00000000000000000000000000000000ac5b2e1324ed0903dbf5e61ebbd1d1dd
000000000000000000000000000000001110fdee0c170cda03e8b413f91b100a
000000000000000000000000000000006f55e3dd11fad80016750e13d6d30523
00000000000000000000000000000000e415421cfc04000a2503d20dc5cf0efc
00000000000000000000000000000000042e3c2d322a2541f31cd6d5f8d9f127
00000000000000000000000000000000421de201f41a13141f10b2ec12f90c33
00000000000000000000000000000000fc110c0a45fd2f2bfb42d9f8e4e32701
00000000000000000000000000000000ebee480702030a4af3faf4fd0c99fe48
0000000000000000000000000000000002f84cc431001612993cf3f3dacd0c04
00000000000000000000000000000000dee8ea04d85336a0fa2409d3d2e41a1e
00000000000000000000000000000000eb2cea26d84dd3cc453efae9fda6f6e5
000000000000000000000000000000005927cef42d5ddedd01d9f1b3e4ea12ec
00000000000000000000000000000000bc03cfee005dd6ee24ac25ebf8bd30f6
00000000000000000000000000000000cffe05e8f5fee2de0930e719921c10f6
00000000000000000000000000000000f207ddf8fe0c14f0b9eeffddcce1190f
0000000000000000000000000000000007c81ef34223034ceb81dfe6a8bdfde2
00000000000000000000000000000000cbfdf001f4f90325e1beebed27fff71b
00000000000000000000000000000000cfe5c1e69ed3041ee50001ffffd0ec15
0000000000000000000000000000000015dfde3005ed07072302f3e114210511
000000000000000000000000000000002106fd2cd4213d2cffe710d7f823fc0c
00000000000000000000000000000000ef00ee29da1920000ff6d92dfaf912ed
00000000000000000000000000000000180df117b70f37fa111af4dffb0332db
000000000000000000000000000000000b13ff34f6d538fdd119eb1df901f539
000000000000000000000000000000000424f42cd2f62a2a08dfccdb18f11206
00000000000000000000000000000000142ef0d6e40713f5c4d9cdefd41624f7
0000000000000000000000000000000027f9ef1dc2f50003f5edceeaccee1032
000000000000000000000000000000001217f90beb0bf72c20e20bfe051f2029
00000000000000000000000000000000b4b3f12198f7f7f1123604092827211d
00000000000000000000000000000000d7fc170a15f8d5eb2525fc222af3e711
00000000000000000000000000000000d8e5031b3422f70413e40c022a14dbdf
00000000000000000000000000000000b8c9f4fce6ba1602adf6102a187f410c
00000000000000000000000000000000042b0bd7eeecd424e55cdb134708edf4
00000000000000000000000000000000fd3002322d23051bf7ffe91d2c08ec1a
00000000000000000000000000000000b119bedb22d4e7ad8cbbe81b7f537f4e
00000000000000000000000000000000fc46e841f3c5cfe707deb92d0d453c5f
00000000000000000000000000000000da26ee020fbdf6daeda8dee31a2e0404
00000000000000000000000000000000e5ed0e2b12ef09d4bcf010ffe05e1f16
000000000000000000000000000000009a26f61ccedc0e26de4dcd29da280e14
00000000000000000000000000000000994feb1eeee4224b050bb32866173848
00000000000000000000000000000000d5bfd30dd5e71d0ac3ddf81ef4031c1b
00000000000000000000000000000000072703c4df0304330a2cc1130907f700
00000000000000000000000000000000c6100ff71101170a07f6e9390e30274d
0000000000000000000000000000000031fb14dee3ea1bafd205d90e1f0619f5
000000000000000000000000000000000316cc130e1e46eb0ae7fc50f80208e6
00000000000000000000000000000000e618e8ee47d2e6162ee71afef1fee234
00000000000000000000000000000000e0e9e41fd846e1bf3120f90603d5153a
00000000000000000000000000000000df1ff42bdb31f7032a1105081aded9f9
00000000000000000000000000000000d80dfb7feb0540cf13b701cdfd28bfed
00000000000000000000000000000000fdfbe702a819d9f236efcc0beef211e7
00000000000000000000000000000000fd180a2a9218ebf332f1ef2ed6fd18fe
0000000000000000000000000000000025f6f4e6031b27ea1f0305ec1b4ff44a
00000000000000000000000000000000fb43c7f50246dee552cfe5ca09222fef
00000000000000000000000000000000e832d4d7f51bffd02be9e6e1ddd90419
000000000000000000000000000000001a03e1b7c2ff3bcffcfbdec4f42ab563
00000000000000000000000000000000dfb1f716c90efcc4e0b616f7dcc827f6
00000000000000000000000000000000d6c4fa2f052fef103cc9102505551714
00000000000000000000000000000000d302ef5c23ea07e00e0bd41a30f5e6f7
00000000000000000000000000000000d7b51203d63603339f9628cf19cc0c17
00000000000000000000000000000000fd0e113ac911fb131ffaf011ece7ff2a
000000000000000000000000000000002bf0fffdd901221b0cb6810ce10cef2d
00000000000000000000000000000000f00204170536f7f7aa8ce1e7080c2701
000000000000000000000000000000003d0021ff0831df0808d1f010d6f9f83d
000000000000000000000000000000000426fefcfe0e36e8cf16c2f6e2be2afd
00000000000000000000000000000000fcef0bb9fecbf2c5bae91b283832a122
00000000000000000000000000000000f3d611bafaefdaf71ffdff18f94dd91e
0000000000000000000000000000000014fafaab1103d61ecfe8ee09a8411d0e
0000000000000000000000000000000007bd0e0acec5ecef9a3f1902da29cb1a
000000000000000000000000000000000998f238f20afff5fd0bedfdc902dd38
00000000000000000000000000000000e728ef0707f3ef0c0500f41209ff181d
00000000000000000000000000000000ffde27ee3116fc0be724e2ebe735a50c
00000000000000000000000000000000e7120f1901ffef03e027f41d10ecd72b
00000000000000000000000000000000be47ed1b07fab7eff3f10d4853df03ec
00000000000000000000000000000000fc84effdea1bf308f3ef27e2fb15d1e6
00000000000000000000000000000000eddae5f4f1f0db14031201d50209d33a
0000000000000000000000000000000081caed06f9e6ecebe8d6c325452fc310
0000000000000000000000000000000034810bf8f623010ffe0306dae411ddf8
000000000000000000000000000000000d17f6f82d06f80e0bf42847f70ae90a
00000000000000000000000000000000fe0e472935e4ec4a0d06f83eef412125
00000000000000000000000000000000f4cf1726d20000c7eef9e828edfdc54b
00000000000000000000000000000000f111d228e21c1cdf0de11307fc0f0b0c
00000000000000000000000000000000e80cf6eb1cb115c1cde4fcf3fd5d1069
000000000000000000000000000000002fec4feaa9392343f4fbbe1117d6174a
00000000000000000000000000000000f13703d4d50e11cf13fef807081afdcd
00000000000000000000000000000000dcf118d9c5e1f5bfe614e2fbc8ef04c1
00000000000000000000000000000000c63904f2cfff0403ddfcd60c05e3060f
00000000000000000000000000000000dc43eafc1fdc1415365ceef7e528eab8
00000000000000000000000000000000a71112ededfff00ed00c1af4e9ed19e1
00000000000000000000000000000000deffebf5d2caf5f3302ad0d5c822f2d7
00000000000000000000000000000000e72a00f2ed0de7ef674e321ff019f7f0
00000000000000000000000000000000bb183217c81237fb115413d604e62c35
00000000000000000000000000000000bdae8112d423181d46b710e81ef569c3
00000000000000000000000000000000efd9aa37a5b7e8ecc4cfd5f409df090e
00000000000000000000000000000000a8e1f80afbd713010022cc03172ef211
00000000000000000000000000000000e207fd081a2bf215c9abfded16ef29e2
000000000000000000000000000000005c0801d08a13fe2d27f81ee5f71f1c03
0000000000000000000000000000000039fafa23d6cff97f0139111d151be6fa
00000000000000000000000000000000c8df03bdd23f36e0ab14f9e922ef0d27
00000000000000000000000000000000f6cdedc0107f11f91feedafcb6fdf4d7
0000000000000000000000000000000008fe96eaae0a0ea91f32eb1deddddf03
0000000000000000000000000000000011d9e1e5b30407dd9a9d27e8f051ee28
000000000000000000000000000000005cefe111b3001e2407d80ae0dbdef82c
00000000000000000000000000000000fae0e8f4c634e81cfdd61be0dcdff30e
00000000000000000000000000000000fdc1c8d8c2fa1aa5c1b110e2fa000632
000000000000000000000000000000005213ede2d7f221e90a23ffdaea1afd4a
000000000000000000000000000000000af9f811da0effc9080a2810bdd81a0f
00000000000000000000000000000000a1ecee0bbddf17e1c1e5c02dd3dde739
00000000000000000000000000000000d102bff68af001dc1d121cfcd9d6281b
00000000000000000000000000000000e5ffc737ef020d00f0310ad0ba1d124a
00000000000000000000000000000000cedcf00a2928cdd8228aef0845e4fe10
00000000000000000000000000000000150e0ffcf2050de331f6fb04f7fde0c7
00000000000000000000000000000000dfef05179e470efb3cfc1fb7027bd2f0
00000000000000000000000000000000eb0c2f1920fcbf130af90b0652073307
00000000000000000000000000000000ac2503283c5cddf63d2211bfebee0724
0000000000000000000000000000000035e7fe29851f1015153307f92bf5b525
00000000000000000000000000000000fdfbee2910e697e4c4f8f20b08144f0b
00000000000000000000000000000000f4ec324332f981100b37e6222fee0e14
00000000000000000000000000000000f14ba8f30322d8273323fa25f4aaae09
0000000000000000000000000000000081b8c915b41cb2aa3900e0243111055c
00000000000000000000000000000000bfe9ed26f60b36f9454915f30d02e1c1
00000000000000000000000000000000ecdabf33fe361de8bbe924e2c356efc9
00000000000000000000000000000000d9dcfae4db26f0dff9eff10e1df8240f
00000000000000000000000000000000e905fadbef0bee01eed6f40f21e7ff15
00000000000000000000000000000000e3e9fef3f9f7fee6d2f0ffe9e7f6b734
00000000000000000000000000000000f50fe49fd8edf2e902d1e4db0a4776e9
00000000000000000000000000000000001c15cdf1c3c900fceee2d6381a1d64
00000000000000000000000000000000fe0fe0c1cfdced58e2e1faf32b38ba7f
00000000000000000000000000000000d2433bd9c3f9fbf40aee9c0a12e54e1f
00000000000000000000000000000000b27f39d781e013cb6d64a5ea03d343f4
00000000000000000000000000000000a0180ff4aef35b7712da041f35cc01f4
000000000000000000000000000000009edb1916d6f05bdfcc2d71f4cc24da38
00000000000000000000000000000000b40302230af468b80eec7f043b7fc6f5
00000000000000000000000000000000e51a24afbcd1fbf724079beff0162dfe
00000000000000000000000000000000ce65fea78533f1bdf6e1e27ff0f77fe3
00000000000000000000000000000000cb54ef26bd7f612ad49a37cbebe41ddb
00000000000000000000000000000000ad18d14ce9332f25d42d403e3c1bd80a
000000000000000000000000000000008ed0f64c2df2dad501ee20e3c623bce9
00000000000000000000000000000000f6a2d2cde7f7f1fe5db1111bcbec2301
0000000000000000000000000000000030cdbfd6af48e2bdc17f53e6070127dd
000000000000000000000000000000003d4db7b9c86b2399ad00f551373312cd
00000000000000000000000000000000df4de9430c7e033cea64dce88126dc17
00000000000000000000000000000000c20f1f582e03ae7603f0bd071fbdc1d5
0000000000000000000000000000000013aac5b000c50054fe40120115120949
00000000000000000000000000000000739eaab9cf4ee97fd69c0c1bbf32f80f
000000000000000000000000000000007fc6810c0665aa88dfd3ccf9f42ef11a
00000000000000000000000000000000553ceb7f3363dac03cb5fa043dc6fc7f
000000000000000000000000000000000e2e5c0b38fbef1215cf23f9bdaed520
0000000000000000000000000000000019bca4cfca03f8c5b0e402f9f40302f1
00000000000000000000000000000000749b9cddb3f9c477fc3d0aed1402dcd5
0000000000000000000000000000000078b98ae6cbf181097f1a07102becd7cb
000000000000000000000000000000004d0d0b0ee003dbd34e14f6f1cbeef506
00000000000000000000000000000000180f3d4b23fa4c2ddd32f005261b0fdc
120cba712903e90903c416721f58c2271541e7f70ff7c5c903242447063cedf6
fc02f47ff9f3e7502717176d677fc81df72aebf610ebdbfae7f50d1232f80b7c
e8fc302508240f17d5df1e392a459927a8069ddc25e4f300c71b025202e81528
f106340a28b3b536d96e3d4a3225c1462aedee220cfd12defff03a2c0e5fe146
e91c23f2e2f1ce57ed7ffb3e3a5eab04e3621efaf0d021170f2d1408f30ffa6a
ead95ec80b47f620c24624fff43c9e33c933e2ed30d5342c1de41249d1f20d47
e4f6680e09c02be2fef7fe1f11f336491213a2ea06f62afe31ec2b91e0111a24
961630d3d3d13cee2a4af0020a0de833f30907e2dab9210c1d19fed009d82269
bbe02dc8e43a55d50ed126080bf1ef2a12e5aefae9df1cc04bd8fb07e8f60606
0c0891f21a14fd491619c5eafc0704dab95318b7ba3e2a10080509ed42d3210b
24ede707f2070b2fd32d0df95800c0ddcd2cf210ad031f3ef21ffc95b52bcbd3
0e1cf6cdd41920dd3b1817df39fc1be0cff42eede7ead2235f01d1a783140713
e31bfff90437f17ef801e629eb12bedfe34e1bdaf437f3141455dd167fdc2a06
2efc1b0aec1d1b31fb041a0c0423b4d8e80dde1bcccf154fd239d4be141b91da
23bfdeeb12fc27fb3402fdb207fceed6d0ac1343a90ced4d27f9f1abd111cd24
da464582f338af7f11f9ee08fb11a0d7dfc2e6dc082281e31c61f6f23f930910
f1e87ffeeefdf13627e33bfeec04b0d31191ceec3381c71cd527c8ac2efcf30c
c68121291fcae0e42efcf9a7d6e2d8e7eb81f105f1debb4ae5d8069f0a45f001
1ce51decdf00a91c23eb18004b0104cad33008d1f5cbde181a2800eadddff8cf
2cf821cd0107d3f940fe5e0ea7f5eef21eb735e1fd06d80c2dd6f9fd1ae30722
30b840dffa43dc1a02f9d7ffb42704e47fbf06e6ef70cd41f2ae0dfe0ff2fc11
5deb4dfc1522e6cc1e141ffcf1e7fce59bf3f24cd0ebc24706d9e22306fc9ae8
49e00c452407f8ee3aeb3a18cff4da2924e10008330aff5009f5e63cecddda1f
ffdf312821f0e4160dfa401aa216ede7382d083d0337e51d0bb6f5ea050c06f5
4fc065d5ea44cf1610ea0c2ced2233fdbcc0ecd0d720e84efb541cf409f7ddcf
329362effa38db2b11141513f402ffd3efe8d82cfc4bac72dee2eddef70f81eb
dee02debced4e4f716f9cbd2e6c8d19fda2fffee0413cf26a8e9056ac456a2b6
d1280f16e7580ae4b3e4f41520fde345e4bb7f2a2c165d07e8f7ed1c0f20f9fc
f31129e6da4035fff1f406162a0bf55802b84af10c1c32470c1903e3fb390f2f
0625edb2ad7f00d3eb07c40f2c02fc63fcfe6c060e153e490bf2102010fa1c02
2f0bf20af52136e1d2e2e61bfed20a323fed3d37efb03602ff99df3a1b07e9db
3a0416f50e0630e50d12002fd4ffec2204041ff71bda000800c7091afc0bea4a
0efb0e19f2252cce002df322fceff70ffc0741051abf163f24aaf60009e30a0d
f3110ae5dd032ed30b00e632fb040b402be4371effc24a1bf2b0f73701d9f308
e83415f405001cf2e5f5eb2eec2110531df33f0f29d2090cf3c60a5ee027ec42
eb2d1513023b40040e0d041503eff64417d85200ffa920230fd514f501c5f765
1c13f1cd0c052768d245c631181702f7293112cfd7f6531cf205e9e328f9dc6b
510112bae7f62e1fdd33c70b30f9efcc0f1ed3ecf208e51b0d15edeede019b26
63eef0c7d4d511da1b47d61c03d71ce40923fcd61ff08f4b251200f1fa28ca4f
2a0e06b9120c15540f05b0f838fefbe0200602fa06f9e5430a11d1e33d03032f
46e624db02d409f01cf4c2e7350bf6b91b13e4eaeddda340e4f8e9051103e2f5
48d61a17f6bfe1dc121ca619fffb04a8ff1afbb5d2ebbe57e0fc0fe70139e3f0
1303ffe9faebde401ae0b603ba06cb0510ed06f315bcd12fea20c00232f8103d
12db3d03fdadd80ff6e3ed01e92afca008fbe9d70dd6bc16f1f3d6d63024f8de
27d20f25e7db06d909fbb701c82016e70f1704a3a5c8081ebbd6f3e2213debf2
05fa29e2ef0805f61f071fd87fdffbcfd7e6f5c4ede1ebbe422e13c3c6f7c9db
381e419bd5efedd44b1d40e106f711e812101ac3f5239d1f52f304cf21ef1306
07f033d9f1e5f9f55ce8e723ce10f6e868d817b7e67bc8182dd60a071d011d16
5ee9f5db1317e6de1a0516dad40729c7e8d3f80fbea1d4f806a9dae8f3f686cc
2ada042509e7f7c02a2423ebe510e012f4cf0afc01f1d768fef6dd3f20d8de26
e3cc093c13f305271e08073fd11b18fc26f411ec1807c716de310b23f417e9ed
f2be73ecdf0fe51342e71df310240e81ded9fddfecf2d2e4c0daf14216f8edf0
0bb94010f745d7181913170f0a3001aadc1ef321c52cc239f212ffedfa0cf31f
d6c1fbfedf17e6f9f516f913e80af3a5db4600ddc914a4f2ab3a0c2cc87fbbe9
d1080e0a084a110a1426c64f1418162e28201f2207d7fdeaf5edf673f713def8
0205e6280a0af132e2ff522f0119df3aceb60920f7f1e70afe5a1126f2f4f6f5
110f03effc2ff1f533fe22381926f7250d0937ba09f43931e304dd7002c80562
17010cc2f22c08210be8f0671cf9004111ff202c27cf1cf81181defa01c2043a
ed00e3120603fb14f5f12340bf001827fd16e94e09d3e008e30cd8f821e40440
0af10cfa011e050a40e15824f8f8edf2f14f2626e80f1d060ce7f531282b0d0b
08fe031502f335f3122e2a25de000922e330452904140a1407c10b29c2fe1f07
18ebe2dad712e7e61bfdec21b23b041d0a29f816f9df0c071116f7ce02011911
1ffae1ffe316b908011ae305eb1adc0517331909eff32ce21ecffa68d10a3700
0607141ef2098115fa08ffb8092715c5da12cc2dd3e6f22017cdfa212005050e
ff06f53811e59f3f0bcacaeedb42281339fb0527dcfc594be4e2222bfae3f407
29f40df6e806a54a06ecffe906f73c15f5fd143dbde7d32df10e0edafa74c5f6
eab8221143ebd252ff2713fdfbf6d5cfd30bfff5fb28f4f419e5f4f40e0329d9
1bd937f50dfc21151000e107c540fdd510360b39e106fd36e3baf10f17e8e0e1
10c8dafdfb36254024f922210b1af80f2f0501e181fbf542e6a20c43fb06df2e
bee1fb074358dc223af6d2d50515f3b58e21d7fcd2539b12335bea1efc1103e2
fffbf7d60cfaf9f048ffca140525dbddb22801f30b10ab26ca3010e7d6020911
e9f618fcf717f01e01da1a382d17d604faf9eb20d933e22aede3154403d3e57d
03cf44062918a8ecf1d536150205fd0ee410c301d0c70103d81b0df6e51241cc
3ce4431716f9a1d8e9f4e72015fa4e1f25d90116feb3f87fc5c0cb3f1858d1ec
08df26f513c39c30b7ddf405eb2c1cb8eae70328dee82359f8f73651e6200b02
15db24f0135fc627f40002e2ef190a1af7e3fff0f1afde400d33153df0cdf213
08f148d8e1e7ce2ac41013e116ee3d1432aae60fcd12e41bebdcb9ee203a1324
1be02fbdd401b21dbf120800053b2735ec1907f513d8312ac3fcf875ec41f4f5
e4d431ea325fbff4f8ebf304f5452ad1e8dff3eded091308e3cce72d09fd3c11
ead8c5fefb73c422dd0c27d710fc40dbfcc5fcf5db1e1222072a0901fe260ce6
07c9d9f9d230c01dd2e7ccdd4919410902200520e93f1a2ac611091828122404
0009cce813e9fc1eac1da7e554fdd1ff14171dcf0d2045c2e210150cb1ec1010
261a0093f9f20620c702ee9e6b0aafe7e6da21ff0a1cc3f11c3a07f8edbb13df
e7f5d494522611d5d6efbdca1f20b2d31bc6ff8a2824ac044cfbfd42d9e90819
1216bbc1faf3470ce810f5f016c5030f47412528d4b403def903d54be508eaed
2ae200ea211730190202f0ec1bfd170afbc700e9efe9f61d13fff363f2d9ebdc
00c6d63f51101802eadce52afff3bff8f1e8d5f33519d63528d8f92718e40411
eade42bcfae4dee5e7f936cc13d5e2e549ee21ed0ab6de1ee5e8fb2d11d2d5ce
eceb65fa2f02de1f200813c7280703080df3f5f8eaf7054ce70d241009eab704
cae7204147f1dbe6ae0022f3e3cecfc9b6e0ce13d5fcbe0706c219040120e303
3528e7d6f9fc5647da2881020ff2cdf139181beb050d401217f31df92b2cfa18
7f3b08d3f3d144e9fd24abda1b07d7f40c0fdb29fe00fc43111605e9182b0fd5
24210925dce839d92a2cc62ce0f3da01442f08bc1106ee351b051405f944f514
33260ff502f71927eaeca5e32505ccdf1706ebbd24f909370c1e0305490504fa
2924491907ce26ececf4a8da0226e40806fee1affd01ee6a142d15d2262206bb
3c082616fdef1cd713279d2fec20f30e2a33038bd8f32739c23c27da0b4aece2
2322210defdce61ad2dda107ac0caf0d09f913c125e51f171817f8d34412fa03
fc245243edd113fee7f3b319d845bff9fb41e3c512fb312f00e8fdfb37481ef6
1c142428ee1441f6d008ab25dc31e01316421b8199dc44259b181cf11f550be8
11f201f1d8f9090df00ed3e6d1e7823c0af7b9eef00a211ae245ddf50933e4fa
ffdce5fd06d7f30cf82ad9c3fe158c2f0bfc94ebee172218de5bedc218ede7fc
2ee1f3e4f1f0de1ee92cd4bdc31bcb1feb068dd7eb13fb31f670eda222f611e6
fef3f4fdb9f4141dd91be6ccc8ef852e2b36d701012c2dfeeb23f9e61138e1d9
d102c4e0e3de1133f11dd3b224178a250b0ab2f60f390307153ef8b70320fcde
ecfce706e2fef51ff817a8a91022a33e0001a4cfeafd04fa1b5aff8104051b99
13e503ffd7cd0fc518f7d0fdd8f1afff693ad4ebe8190913f2ec04e61826e9bf
f7eee908faec0c0fff08bee4130695192526e3eefffb1f021df50bdffa051bf6
08f8201710f31445030ddffa020ba017e203abd3eee119130e3af1b605fcfebd
213a0ccadc29220517e210fefde50731d2ed2421fdb618e422cfbcab1726bbdb
20ff1cedb5fb07d0f54d2aed1105ade8bdb32bf40ffc1b401bf3e3c42916deca
cbe92332d82939fffc03f015e402d6ba1fa6ee042a38f9061e4530dcb52e23cb
eb1812029821eb1afcfc0f0dd1090dfaf4da0926efea34d70aadb3c6412cdefc
ebf8141481fbf832dc4d110d152cdec4e2100c28ee0d2525cbe7e3890a45dfdf
c1ee032c8b132cfcf704c328d7ebc4b6f9d6f80c0407fd0ae75e27f89175009d
b439212d89e3ef2b27cb2e0bcee20ced0efefc3430151fd9eabff0103746f8d4
d62e032fa6f412fc172513061c20f4d20c3a1611e5e33727e51313e30b3833ec
0de8fb0b98420218d00fb6373feeedc73c29f8bef7e01fd9dd324323d26006f3
07150eeabaed070cc90de6d3c7038a1f0de3a9cced3c1514e539e9202e27d7c2
ee07dcd3ede50a15e31bcc81061a993af9f59cd5ef3a2901e64ef5d529fa09a1
10f702ebee1c120ec605dd99db0d9b2ef6f1b2e4cf100c02de7a00e1f90df581
0bffee01d3010ee2f7facbc9dbf3a2223f10d2dde8261109ea1cfa171f1a00aa
17f7f3d5f10c0ff709f8c29ffc27a22c080caeddf4362805142ffc061bf616b4
35f82afa061f0a0af9f6b4c5f5239d2de605cbd0f107ff12f45a07ea1de9ffb7
18fd2de602c4eec7eff7e2c3dcd1b8156033e4eff801f933e3d21548ee11dcb9
040a2fff21e7fe05db13dde3e7f39920360ec9bbfce71c230d0d1204fee4fcfd
29f93e0a451bfd26d907fe00bd0a8138fbe9d8befbfe2e290e2a04bb09d2e0ce
37e193ae041b0824814300d4113e31e01c1a05c9fe6204c5dccef316dc05de2f
360ed7ba09e2fa3f8e52ccdd6416c8ed9f37fcf22324bafe140dd009de2ed61a
18cdeda3f4f6e50f8225d5f1600ee5a3d303e2e31a31b30c0df707530625fd00
1ee7bbf2fbf123f0c6fcc4eb51ca31de581fe1f6e1d718f1efebd444030c1be0
400cd5e11304ebfeb309b6ec6cfa08da0b00e717fcf4fb19fef2e148082ff3fe
0ec2202f40e2dbdebcf2ce0934eccfbeedd8de0e2a0bb16be703fe742324a726
96dd1fbfcda2cd1e1def2cb53dba1ba72fadc11a02debaf6d5dee107fcea9cba
e3ee0c0304cdaddecb0b26cc46df2adb49a2df02e3c71b1ee5d6041dffe40104
0dc23be83530d9e6a3fd300a520423dd51c2b4dec0e40032c41b2722e7fcc1fe
333cfccd31cc11110010dbe7effaa806069dface22f1fffe0529c94206c314e0
39ed06f420efe802e0d1d4d80b03c7fbe183c92ef1dcd6448805de06d303d7db
13c9ab333916c0b6f6d3c0de2ce2e9c99093ce38d9c714498de6fa3cbe32bedd
2a102ecaf0c3ac0fe212f5dfbf0ee60b06f611f741efd70514248159fed2051e
effa6cf832a7c615e7fb3af4fd2be6f4eb2cf9110606ec18b9dec7453d140302
0fbf06033d1511ddd9e2f51e4435e0cbdd1a03f0b5e91b2681d8f414ec25041d
ff06fe5bf101d9e7d509a4070323bb01c0f208bf195c1ad83621c80e0301fa03
be0d0c6710e0edd0e0d7d4eab0389baab750e7de0e45dff30d3611f537051ef1
c208d13e4de829b2c9f9d40b0b3ab7c09d35feecdb0efa01ec1115f066005c22
4b6c12d6610c750f4669ffb937fa18ecedfb28e7f6d03bf4c0d526e5babc46fc
7604edb5ecfe15f9e223de0e15fd0bf61902240bdc161b28eaf9dcffeef1142c
473af8ea39f7fae31b3ff3f5cd021634ecfc11faede3d3c7c0e8ad18e7c43316
32ee26f828273c067f6508d147d1fdccf70cd01cf9bffa1fbfb0e402c8e5390d
16cf1af5e5f1bef2bccbea423109fdcf22d7a52005f1f1e8ee08dc06d207d913
4c021a0237e5d4dd3c04f0f72708fe130305c607da04f1c91307f60cc5c7fa1a
341132e710180e0740f2031829ede101ececf8f3c5e1e53923d0f701c5d90ad9
39015501d0f7fcfdf5dc0841330516dc16faf304f7ef05e602fff8fced0bf9ef
390d1acfff0e11eb473e04de13e10ee204ef0029e3f011d412d91bfee6c1e2eb
5cd00331d9e216e91604f7f6c2f5b60ad323f6d104ee0518e9c044001af2dee7
39f028dddb05ead7ecf4f419f200fe34b6281fcbeb15332aefc408e20bda0205
010824e90905d3f023e0b3e2bff81c00ff1f0fd7eb2c0035e5a800d80df13304
26b6d555e2fc1a1515ecf9c6d620d340a3ee1bd1f6defb06dbd406f6c3f6dabf
1404071e0c000400e1ebe6dde30bf55abbe4fdf7f6fa060bd5d80dddcfee02f0
b30ff7ed49f50d0e15bb0a810be9051bea10d0f6de3ad838c1cddfd0fc030009
0df9d70408d2f7f8dbadd8f3ad27bc52c8f81cbdfcfae9bcb3e215d2e81bfae9
340815f238eceee1f89ecbc1b713e65edb1207e60d07dac3d0cd0ec0f70cd6eb
bf1af419300df7ef2ecb0dbeefda0020f338bc94ffefe3d1d9a2d6b52a02f3e0
350dc9fdfb0f3c3014999e1b1a25003d02b2e602f90ef9ae94e6ffecbb1de214
19f4bde31119d211dadfb60b171e0ffcf1dfbb0ce3fedbd081be1b11db11ba08
08dbf92a1aff3aec04e0e91fff09fdf8e8f0f6f5120fdef8a801042aecdceb28
22fc092421020401f5deb107051c1523108db4f823fbde04c3e6afd3b70ef90e
2af305042714bee1f6d1bdf3f5e105c41ec697e4e3f0bb32e1b0bbede512d8d9
33f1032111e740afded6fe3100f6d2e717bbf6e50df8ce25f3b7cbef0df40213
4904181312c4cefce8e3c1d4130302dc32cab5e4da1ec3ea0fd29db3dd09ff17
38e90b2829e8ebf6f7e2e507e7e9e8ac3abebfe6b0149bed2bc8a0e6fbfa0329
2ded061e33e1f5fcd59050351df594ec24d6ffe8ef24d6fa25e4be108ae2e85e
bae6f019f72a1bd4370cdf0430b4ce0213fe1bd00d0107e2ded51222ea414cdb
efaa05dcbef6fdfdd9e8a2cef9efa0edd4b6f4da020dd510fe0dedf4d014fced
e6b421cd061e14e2f5fa81cb02f9f7baf3daf2ecff06e0091bc5b9edbe0908df
caeedaf3ea1123d905f2d8d91df9c0312bf80cccdb0135dc06bfce09edfa4a11
d7b7c6deb2f8a1f5c0e6b10407ffcfb4c4b2def2e0fa18d5d2f2df06c80dfb1d
03d2deb2081081f530efc7dcde03f9cddbeaccd6ff17c5fe09c3cdf5ce190a02
cacffcd91303f6131de3f80a2605d0452cea1f021d393ce0fedac9f2c9d52d2b
eedad5dec407dad20e11e122f6fde2e60dfae6da020330be10eeecdbe8d92d2c
1ce3c4db2122defa2613f40eef9fded110e68ae0cb20e5c900c503da203635f2
4be1130814eebfd48db91927c63006521908fd0601f2e42928020ee21bc3f2e9
360632231e00d815e1aaf6f8a817f9241cff3316f41fdbea3aca33dcef9df013
2f392d0939af1523e3fd2ba2811be0151b240e1cc5e1ff101fb129d3f6921f26
5814ffdd2befc6f2e2fbef0bc7baff14fd0eff020dead931fadf1514e9cc0619
36f6f023ec16e1fd35fef318b9c9ff0b07dd44f2e72df408f8d316121cb4e833
0aec0f153afb00051e3b0ed487c4f5edff094119e416350a0b8f0e02e098364a
f1f2dbf2dee114e6d6e4e332facbfe0501ffe9fbe602c4cbcc06e12c0a28ed2d
03f0d13c10051d1c09c1102ae5e805fbf91205f3f61dfcd214e8111e23f4f108
06e2de3afdf91a0a08ac321db0071730ecfe1e09e60ed1f922e011f520c72dfa
16099c0122191cf4d852192dc9d8041c21d5b6f2f01ae52012c329cafc46ed07
fcedddc29df40b13b9ca0729f22eda32ee0924cee3dfeff6c7fb23fed01403e3
3c1de824f7c6fde0d4c1e12cc637f10dc5fff0d6fcbce450dae0fa14853bdbe5
e91da7112d0906ff031042ebc5ebfc350402bef7f0ffe6041bc912b2d34726f3
0d0209d2e3f5f308d9ca0729e91ef528ecd3f6e21ed004e2f40d05dfe92403e0
21ecefeb07cd20d9bfe9e90e032cf1e011f9f203f0f5d73924ebfcf88619f9e0
da24e5444216e0caef2124d4b8e9ffcbfeb2bbfae5e9bee121cd1b96b125380c
1a0814c62be216e6ebdd0b0befff0bd304bfce0011dcd9ca1a38f0cee73a35de
17b012db11b026d6d0ce0d25f4d7dce8ede3d4fff4d79efc010cb3ddc1250300
dbfdecfaca05f21a02b7c42a38ecf91413f12ec6f10b06c5f1a6f84a051635d8
e8d5e414c4ecdbe4fbd5d220d713f02e02ee43eefeb90ef5dadb1f2418181705
0ed1eaed1400d702f602a1f720fdece5ebbf21fafd1301b8b2c7ed4c04481ff8
d325e603fbf20a18fec4e5b8ff01e72e0ece12d5f9e7ffca00ab0125d21bdf18
29f4f113d8f9d4ca1bc6cec1e21dea7717b00afffcb2fc2d03c1200513f8e51e
31e0cff21afbe0fcdad0c1ee33a8e82431c5c5d9f7e310b1ddade91b0833f1fc
1931ff272afdc71a12b6f5f2f10bcf3724d51d06cbf0eba103e4e6fff32eb219
12f8fff109ede504f883eabbda01ec514cede3e8ca01e0221815e5c5fce8f645
cfc6c3e625f7abd3dfbbe9d83fd2f02a5cf5eac302f40481009501e62b1c1818
eb40f31c2dc1a211acf10ecdbe08a714c612c4efcf26812fdfefd8f5ab38d281
2d3509ecf6eec4e1aa2e08dd0828c319b533cb04cdedd71d0510dbdb053fd0cd
ec4fdc1907e5b0fadd050bef37daf5020922f1e4e001f6f8ecd7b8d308eee6b3
1cfc08be01fc25e7a4b814d1fbf8ef21aee3fed9fbec08f301001900eb1e50cd
3e041707f8180edae3e8f7ccf7f8e5ffde31eb0ae107e8f9100fd2ce19f11e38
16230063201197f636120ee6380b14fd3113e500d710e5e6bfd5e8c9ed06e006
fd1404bf2b0f3ccb08f735d6e0b1fcdebe16f0d729cc16e81a1fedfb30f532cd
e7f8e6db06f632ebf53206eec0d60afafb3c03dbf9ecf907f90dacfc20eb2b16
c81eb9140a311ee53a400eafdcf703bb1a1811e3cf52bf03f10cccee25f4d1dc
04e9ee2b15fa01eedddff0c5f60228f7f7fad9b40909fdd301db1cc1d8ffd807
f3d0f5fd2a011fe0d0c4d2f3f1170e04f621d8e1f5090cf9cea4d7edc6cfda1c
1aca152223ebb301cfb9e6bf232e272cb32fe0ccce15f4acc1f80814c7bfdb15
1dccd10c01f71007f6e605c3ba0cf91511e61df60e09a4edd0b6e6e8bdd5ece4
fecdfbdc16f5fddcefeee2e5c4f90909d1f301fe1b00c5e4d59ca5e9d5f3ddfa
19d3110b1deceaf5e60515b1e81821ebeb0f08c2dffcfccadcd2d2f515dfedd2
fbcec607b5f2eee4e7d525edac06033f06d3ead7061af4e402a9b007ddea0ddd
12db01fcdfecf7d7b4fb08f0d4fc0d0a0cf9d7dffe04d3dee1e0a40bcd091d96
f6f41306e6e115ecc0f315d2f911eaeef9250a9abf21dce7def181fc290225b6
050e1cfbf20ef2e930f908fe01d110cf0d1a4704faecfbd719221f1510b1b742
f8f2ece10200e2f32e1d04fdc4de16e2fa021ed2e4f82bdd0eeafcf71ac0d31e
f5f8cfdb0f04ffd64b54cd17dde22312f6f026e8161605beede5f0e619ba0b26
1cfe04f2d5fef5e522110f1fc8ed1ea21f3e1dfbfbf1f3cd1c32fe2012c6ca3e
11efcee2ed00ff00f502171bcd0710d603130ef7fcc704b7e4defd10e8dae2eb
ede6d70e360e03ef2b1104fce0000b20f002160b23ece19deea40e13e7d00825
1a08e3c2cc020ebd4e28fe32ce1722e0f7e3ef1f1fe0cbc7fbf3e611fbd1ef60
24e6f3e2e50601c3fbf8e51ac822f6fbf6f40a1605cde3e400ce1123ebd1e9ee
d31df5f0d8e3fcc6eceffff9d3fb0207fc11e91802e0e3d3e3affd1304dbde0e
079de20ec0f5e9e2f01ddf13c805f4c725f31a07d817c8170fecf008e011d293
d3ecd52b81bf1f04f89c0a250ce4f921e61b08d9e40602f510eb0510e6f012d4
02ebd63320cb04f2c4ae14f5ed23fd59023006e7e8b81819efcb0ff3de1cf7e2
23bfea0dfd040a2caeece047080312be11e5dc0ffe09d6162d0b1916f216e50a
04e1f116ce0c3816e79df545ef150b5ae5121e16f80706f725de3106ec01de0f
2c19043612e324e60f8be7ce0234fc57dafc1b15f6a42f3330d842f42800ed18
2506cdd6320b1c0fcdd2fa23f516e2f1330eb8f702041ce9ddf70dc9d955fffd
1111dfb5cfe7d2fbea92fcd7cb52ea33e90e0c0df7ebd4ceec0cfbe14c3ce517
300700ef00c0fbfdc4abdaacf439c904f40deaf7efcea912ebb0f1d8111df118
0acad9d5bb26f1ba1234d1acc5eaedb4dfc4d1111bf6cc370aacfee2070f0b28
eeaa27a9b70ee3f8d8dcf5f014edecadd6f5e6e32ce0d32cf1f31de212f7c2ec
84bf32d793ff7501d09d18ddf3cc0bcfea1df2b63ae314421612e9dbfad30df5
3597c507e40be3d7c013df050e13c7f703d4b0e9edc92ffbe3c8f629e22cf8fe
3a81fe12f5f2e9c2d2e5eac9f12bea01dadcb4dbed81d40814f9d8bdd62af7fc
cfb51254d1efcc11b0c73693f208f3ce00dea9bfdbc4ce33fadf8481c6f4cad3
94b0062efbf300e381fc20ead2c80ef2fbe8dbebdfeb03f4e227c9dbef234ec6
e8980715f7f0b4ffbcf9e7e9e40704fbe003e91bf5c9f4e718f6ade70e1107a7
e3e7dbffdf0905cfecf0c8dcb0fd27fee6dad6e9fdf9b4ff03af95b5f5d6e5c9
34c413e5dced0c1fffda32feece71d0ced471af61d420bf80bff07e01ce3ebe2
1f03e5133501271723a7fd05cbee160e0e30d7d1181939f014f734e723f9053c
5ff7bc050f1e160d0ccf28deda06ff2a0c30f2fa0110d6012f1d1df00dd3d6c8
39faecebe1f1f310fdf7174bedfb2d47ff2523e61a35081003f900dcfceed301
1df40b1802e6043535f5243f10fded240f4e17da171d340d190e05f5c427f32e
6b02c6ed1030fc08231c0e16d61ffc20f51738f608021f203604fe0711fdca0b
2b1cd70f2be82b04e5e80f010b2d0330e43b0ae5172023f6f8e0fbdffdedf4d0
411eff2cdef6e7fade340406ed24f52af5271f0b0fff1419e6f804e00818b9ec
571df9f70add0fe3bb25eec9c9100a34e8032e12f204421ae2b50fe0fef6bdef
25f6ef05f716061f0e35024604bb1308d3041de71023ff18d3eedbe135ccef22
2dcbd7ece9143127c53ffdf6e1ba22db04e8c9ff1d03caf80ce6e4f1fea00fed
1ef5ecdff61f22f1effde3111cc10f0903f4c2cf19ffb921fa08fdf0ea810c1e
40f600e5211aef07f75c165f12c51b09ee13dbd5341f04fccff1f1f8241832f4
2eeeed01ddfff217e5550fef0598130818edf3023be3e0d4dc04e41adccbd8d2
31ec14fddcf5faff6549e8eb30c3f1f80e02f5ea39ecf836f61ab4e7ceb5ea16
171bf205f7feecd4081ad04911c109200b0909c820fcdac609c6ca192fd1100c
15ccf9ef10f1e71ce735e53920c21f231af3eab8f1e110ebfbdfff2808cf11e5
46d823c4ebfe010b2953e0c72ed20211d70430cc051bfdeff9e3e50301ad063b
47ebd5d5e1f5fcf5b74cf2e921fbe2e6ee0a05b5e8072a090f03251eb1faebbf
16e3cfe919fd1e12cf0bfbc0e6f8d521cd08ffd3d7d51204f404d320f4e71bb1
1cf8d0dc16ea08eae9ffbbef1e3be91dd62d14b9f5e90cd6bd07c80ff61d48ee
2beff0f206120511b7580dc423f3d9b8b1d101fe032217e805ffe52bbef4f3c3
2af5e43ff0f8bcf5b001bdd72d05f7e599e327f7ecc6fee2edeada21d5eb0fe4
f0e2fdf8eb0909eaeed4c1e448e9abfdf1f4e2ea05a5e1c0eae6ce0e0f1044eb
e13de81accfe37e7f7f9a715da4ae1dfb6d00ceb0ffdcac8d4f3140ec915db1c
13e41c20ea19b7f2bce3e529e524e4d4ceffbb12e6d7ea81cac61919dee4dce8
b32c1df0e1ef1604c9c7010530cbb406d317dacd2be50cc4e1f1fde1fbd1011e
8dd40e3dff02aec64a52a529443f07eb1fed310dd8231225f91202fdf3343daf
ffbbfc0102e1cd0aad2cc81227ff034b200b41e7fe28da0007faf7f5ecfbcbf4
f5d9dd0ae2ec0cf89cfcf91c0b320b42fa2e0621db2a06fa0e8105d4e3e4c507
dfb40d2c170af2e5f60ff5e91e03f8e916e7e711f40d1b0b0ffade019a1207e8
2ecfcd16ebedc4d4d50fff04f0fd1bf014040cebfc28bed0f528f620b70ecf17
f701b91c04e7e5190b452876fdf5dff21e1a281fed3cf2eaeef901dd0702012a
b19e1a1efc24ef16e425d2b825d9e9edff100b3b0529f315e90e034304291602
d5e3e80eed11d1f515f7ea0e04edf8c4f8f7f6f10a1af01b100fe333d938e601
f54add12f30a32ebf4f9cc71fb0ef4f7ff0f18250e18d443f310f6002430f853
0c01a7e8e10931c42301cc16e3ef2eaf06e41cf61114f90317dd1c1e53dfc428
0bf0cd0404f90ac73e15e306daf739ccfde427e30ef808e812d105ff49ece129
e61a04f6ed2023d75443c2fbf6e832fe17ca29df24f4f7cfe4e005fc36072938
eafbdedcb7f800b22d19d523d11526be12e01d0b07d5e4fcfbe0061e14f2e220
daedc9e4cbec08ae1c22e91df43615d411f0130006e6dbf206b1f704120acafa
c104e1ecd91609bc252fe9dfff0a25ef11e90ef600fef0efffb3df021d040a29
c803dec4ba0613b61c49f614f7ef35b30abef02e10c0f3f60ecb171506e009f1
b720cccd9d030eac3840e8fad10321ab01c9043608e5d4f305c0e21016df04f0
b552d904dc1325b52c31cde9e9ff23d304c2100806ed07f90bb8db0718ec202b
f8d2ce15de110ffde721bdf604de0141a5bb8816060eea32f9172df12b2f0ed4
0d10ef47f008f8f6fc29bff606dffa05f5e381040fd2f31af21509f9f81b01d7
04ff20f30f0b12f8e030d2022bd4f31aeb05c00415e0e73fd82ffe29d91723d8
01dbcf151f0b27fae524d6f820e2ff2181c0b8f807e5f3fdeaf818f7222821e3
e211f63ce405defed4d3b6ed03d9e816d3b1b303eff3f8e3ecf909ea062416e7
e92a2c512818fd11cdebca1327ebde44cad3c711e6ec0d14af27d60c0b211fd9
1800f9e71f121906d50dccfd2800f22edface6241ded14daed0f14fa2d3725fb
07080616f7f6ea0aec04a3db22d4d12ee294ac29edd5f7c8e4fc02e2181ce5d2
f7073220da0e16dfb91aae0828ebdb63aae3da23ebe50c06d9f7e7fb281f0505
3822d6f5f8fd0cefcd19eed99e1005f7fcfb32de01e3fbf3ce020e0ac8dc07d6
e913f8f0e7fbcbc9c205a11bc912150ce5fe1dfffbdff7bac3ded202eaee3023
3032f6e9cad31ed8e429c20ede36410f3e163022e7eb0af2e5e5d00effe43db7
6516e71801fa24ca14350b20fcfe002ed9b4b702f1e5f508cd010021de02df04
03df042e1706e0bc0ff8c4f33a0e0b2fd8ced0120701010fb5f6a2f6d03efbee
36fe0bf20cdaedfc1b05df0b46fd1020f3f4b51af1f4cdd0f1fdae11c618fade
4709ddeb17ebf2ae55183044b41c125a0d07e3f430d2e9cd07eb21f412e99e19
35fcf0f9f61ceffa3b040753171006401e0bf40b46f2fce7dcda1112f5dc0818
e01ffdd20bddb7f528b40745ff191c2212358ef41d0aced9fe162ffb0cedf30e
3411ec3102b9aa06e0201927dae4a9081b1cd805a411a5f42ef6f201c74bdaec
c42bcc1ffe818bd7def2f1238d1dd1ecf1f2f60d3323c10a1333b0e0e7fdb603
eb3d0e13ffbe9b0a1a3402addd0bf7b6ef4e020b15da9ff0f45599cdfa1fe70d
fa11befaf4dcde24160a04f1c6c9c93915d41ee8a52a17162e0c0117e625ba0d
de0981f3e9031dd1fb15d6e1b207e7f2b5e90ee901e32efe0c2604f6edb543fb
201dc102fa13faebebf4e999f20d0cf5aeea10dbe8fbe7edcdfff9f7f6e213f7
1f00b1f5f8c9cd0ce714ee27e02eadddf5f022df05fc3922113a19330024ced4
27c5a2f8dbe61bf805daeee1de34d61cad203dfa10ee1513e012c80bfff2fcec
1dd20701f0fff6c81201f2d8f5091d0d973528e5f9cdfcf4b635acff2eebe6cf
f6f8d6ccd012002ef749eb061a9b0aeb00b2f6f91409e6c50af121141a28d343
10eee1bef616090e0c0bfbb021de0604d2d813ca12d2e1f6f7feff15051a0022
c402d8f2e81118f8fc20d8122dcf2f2804efdaecfada2414fe0cabd804f0ed3f
23fbe52ced13e6fb012ae707f9c513f9fac4b1fc12f7e1f7e5d9ee0614082604
00d109f8170601e10ae2f1d222db03ebf6c2bffa08d5ef18f605f80dddfd2902
b2c1fe0f0d0513f50a09f46e39a713ebeaf1bdf803e8e33e030ba309ef120a36
ee04fe141f18f4113be2ee12fbe9070906c431ea07f609a8f6c6eeeb03d10918
2edc2e17410bfe2c19e4f5f52acbf21beacd1bed02ee29bdece3da25cede2109
dac4070d1901ee0dfa1bfd7c27931109c0db1ce9190415f4de13a01cbbe8f945
11130b3e0e07f3f213ca18f2d91a3618f342fcfd32fdc407d40fefe21cd90be6
0cecf4241ee9ec0944c717ede2dc0ad72e33d5e9eb21d6040f0cf0f11109094e
1d0fa9f41ad423de0a9f2c23f0060b271b2801d4fef0e6ec520630dc3404f2d0
0d0dfd27241729e3f7e8ecf803312f2cde10e925092b02e6040416f54110e7de
2b142316e8070816e8f22620f5d400f01014e2d6fd381a03f9000e16f432132a
2510f8f411e9ceffe4ed0f16f1043b3c0218d9e8161501f6fb0713cf04f4eeb8
32e6d1c228ed0ff5c9ee15e0f246156ed731142fed120963030748e0110cc8d4
3804e3c609fe080b2d1c0e200507f33f13480e14f7071b32bedf26143122b8fd
44e2d00fedfc19eb2b220b13e8320449da32142017dc1431eae839e720b9fae5
4b36da2640fea1013e60ff150af80a1327d3b515b6eae6fd0ad5ff2cf425f3f6
faf9eb321aee86f8dc43db32cbfee02e03e3b0fff5c9b718f9eeed33a1c2ffcb
09f53f0937f5db070f7fd931f623ddd3f1e62216e2cf8e3bfe20f73c810100f6
3de9f51600ffeb044219defa27ed10f043949cffc9f330f521d3d8020327b20d
feb6ffe2eb0bfca1e8a9ccf0e8edfa1a08c9f0e70cd60810f6c8f013e6c412f1
00d20fe2e40840b00eace203ef0a08cce2deece709acd50714ff0805c7faf21e
57260f4012e40e02fe38c1c6eaf50ca84381f5eaeeeeea2aea0d93db012381ed
27e509292519fec2e80eebd0c60507210cbef2edf2f90a24f1e689f21fe8fcf1
19e0f3f914f723cedf2703deedf2f426f50a12f906dcd70c0dc6e2f0f5e5ce30
c2e3e43ccfff9adf2204ef3cf6cbdb23cee3c311f5dce2f8df240e1e1539001f
caa39d2deef198fbf6d0d430fae0e23212e1d001ef1700062114d8013b24f1ed
fcb6ce04ffe8fafaee14e1f815ecc43ceaf6d306f70cf1df0c07de0b19eed2c8
bfc2fb4af20ccd0302bde5fa07d9f434fa12ef2cda3be7420cededf8252fee08
b8f3ca0ff6f592142dded5070404ea221bd7fe130f14eb331425f501e228ec09
f3e7020f290306ed1216ece3f2f3d932ce1c1105131200e5cf3e34210ef8ede3
a8d50fe70a04d6ffcfdab1020508e41fee001634b429e5febdf927d6fb4bf824
cbd81eece9e3ca139ff2e1090607b2e828f603f4d2fdd31ceaed06f4fb17e8df
4cd648f006fde3e3d40dd5b409d5810be9fbeaf2c818f9ebed0021241208edf1
1569b0ee0e0d75042e34f5bcfcfaf6fd052604b908eff4acfae33e0f02f63fcb
f817a81ee7fef1f5263ff9debaebf8cadec3b102d901bbde132024f3f01cdce1
162ead1d0dfcfe1c294bf325e518353203e89bbfed2b11fce108f52d0421f1e8
0129d6f421254efc52f80ac1f6dd0f141519cff901c7c1cceff50e1201ff1f22
aedebe170419ecc70a050aebb2f3ec13f8e5812be3f2e7d515edd2edfd05ea0a
0313e7f2f8f629f9f7f604bbe7da0859f6d287fd1aedffb5e3fccd19de160205
f25d0e1c431e4c0356c431efc0eaeb46131605f8f4ddc22d08d9cbfab1e60b35
c8f7f3251407f8b3fbf01ad6b2cfde550406b80be906f0f31db8fce0d3ebf712
f6091ee20bf116e3db10e6d1f5cdfe4f12afa31d02df10b1cff0f813df300de0
8107a20ef006f8e5d602e0f8c4c418ec0ffbf2edcfffe1d806f3172134d4a80a
a4d4c2d5d40bdcc6d50ed49cd2e3fbe2ede307d1f411e9e0efd2d6ea1adf9ec6
bb04d8f2c606e1c095208dddd6e6eec9eaf4f2e8f917d9fa0487bff111e794ce
8fc60a10b000cab7eff9f3d62009ffeb05bde2fce91be9c4e2e924f3d605e1ff
e6cc15c8a10ee381d2e2a8db1d12e0fcfdd7dde709f61aecd8c4e6e6f50de2f5
aae806f5e61300abc102b8b620d4f0dfe411e1ecde2223eedf8ed7fa05f80e03
de01f55ccd0ef2d1f35feeff1be7fdd720ba031d0019e3be22df0d2002dcc4ca
e62c02fbed1a1b03eb3302d0339ae4b1f50611f422e0f1f60df2b514f2d2f5d2
8c2504e1fe2446eaf83a08dd2681eed8eb1628070f20e7100f0191f3ecd9f6e7
1eedf7fe09efc9eda2bbfd4ed0e7ff2fd7351e10f8eb15b2d7cb11dbe3b3f2f0
6101d1ee13ca2300ffaf05e2e0120fffe7e1073014d305e028d2f0ddf7a7dce0
5310bde012e500fc081e17f5cdfd1be9f3faf60910f712e51edf13f2ebac00da
2f0e1efe16effe04a60b1a2bcb160043130f1517e3e2dfd7f7f907f5d0bc1ded
3506e8f4ebdbf70109ff19c7c9fb002522030426d2c8fbd4d10711f40e98fee6
5415b00e0519131600293e18f30ef60305131430ef0b0c1334f936eafac9e7d1
73f8d0b337eff8072438181cc9240a501535ff16c6c8f72aeaff18fa11d1e8e0
55f8db0415eb001609113ee1d80afdf8132d03e7e6ed1614071108ece8ba12dc
45feee08d406e9f706e928131f28eb02f9f01b00e0f8df1af8182300cbaef8bb
0b1f10491e133c082e4b1ab8fb25fe03e85de507c010d91012fbecfbcc182940
dc1c162bff1511ed170cf79deb13bb07085fe325dd1acde1eebbf908f3dc1215
caf6092ff0f7e6ec26f2d5a1d25102e0e640e40b0ee0f1cdc81638d0eef3ebf5
5411cf38ece03c112455ff05b413e6e20f3912ef81f5c9290dd8f02b0a0df435
012cdd27dcebf4da2c46c9e0a0f6b601f7f24dcdad31daec0ad8e40af82ee4eb
07ed0d0ae717e20a1d05d21f9e4601ccf62b280ef4f4cbd3d8f411d4e0cff2af
58dfca490de80505474ffb49b327a53dde12e3d5c0fff403efe41e2a0602fb1d
ed01df22e90afaf80d451212cf2acb49b331e2050c3d38fe0302faf3e92e2321
e5fbed03b623fde2443ee0e6954af531b527f52f2a07f5ede9eb0ad9f4024100
e4ffefaf07ff3c20ea4306c9c6eecd0416d6f3dc19eff9f6230a47f01eb91120
ce04f6a395f3ecd0f426ddc0f0f000d4c91d0deaf6030ffa21e823fbf6f1e30b
0ba208b0b3e4f2e0fbdbbfd2edd509a7f82918e1f1111ff9cb06d1fbefede60c
c402fb94c3ef0aec1dddee0fc4b3e2cbfbd009bb11f31a3c390c19d322efb123
e8c30581b1eeefa7d8e7d0ceb8d1d5dff8f7e0d811ef400f12d5f5ee0301de0e
25d511d7fc04f8ca15d2abc3d8dceece0af711ff38d60ae8fab1fbf4a8190d51
c5aaedc3f7f5efd051a30e14d7fbc0c800f8bac91efbf5f6fe27fba11af4a656
03b8e1b6e3fed9cf1bfacc34f819e7d0031003d118eb13e7eeed04dd092b213a
15dcf7b91ffdf9f7fcd50051f9fca9e00a28e6b713e320a0cbc71c0ec847be3d
04fefb18fad1a7dc95d3131bc22d0f1a10ea1cbced020ad8102ab8c6bd23da03
1fe3c90614f6080effd6e51600fe161bdbed31e8e3e2d4e5f5dfd5e80005d4f3
3f0306d41ff0e802c2bedd050c0d130dcb1d06eccbf5d7acdeebf1f4c2caddde
18d0d539cacdc6eaa0dc12e185240e55f0c914c20f0bed8bf4ef02f9c0c7f121
10f4e61900ea0a0ad3c9f101d0f5253ae0c814ed21e6b1b5b2e1f303bcd41b15
18e9ffdef8fa1af000e3e9ebe3f22025df0404c9efe9bfc8af0fd9f336fb05e0
05c5f0fadfd8d0f9aecb1d17b82f1360dce81e03c81c07e8204ce81588e708c0
07dcdbe3f0c12ffacfe9effdea0c15230ddaf2e3d5f7ebfdf500c812ca263589
fcfcfcf3dee659eda8f315e20fe8f4ef231700aedd0bdff9f826a9ffe416519b
e6ffb40101dae2f6d5e8eeb200f8f2bed2f6ebd9ec29d6e3d9fcfed10b0fc2d5
d0f6faf411f8e2e1c825e5bfeb1601d2c1efe4d3c331d20dd8fafaf7f513bad2
adf0f9ec172006f5e7e4f9c821c3f9c115240cc2f129ba0bf3a9fe273c09f50e
de10f6db12d2f3f7e1ecd8ece6f9f0edddd6eee813f1e0d1e2f1e6cbc809e0fd
e5fdebe0fc0109f3ec0bede50a2df8ede1fef3effb1ebeeceec6dcc5de15bf05
0012f91918fdf50ae3db3ec43de101c61826bea91bf38dfdf4b1ad1dfffdf01a
931cf2d722e40fe7d2d6f7dcd3c41681dad2f4f6f90cd7cb1edde0b3e9eef2ae
1016f208f1f91ebeccf0f8c4ecbe029ff5eadedcce0cce04f7e0a4d1e7f3def7
df25e735250c0eca051f0a9de9aeffc219e1e0b5f114c8d2fded8313f7dbe602
e7130e3804e78ce0f10708cee7fdf5edd2b2e1a20f35e3bc0cf5fffdfa0edb23
f003f72824ec16cbccfbd60de6110201dac398bc0036174611c8c1fee9f6e229
e807f62a07f9b8ecf21bbdcfef00fd34defdeff0e32df2fbd6dbb7f8c9dbf913
d6bfdf17c501d7d302dbfee90104f32aeeca0b81f2300607fdf907d5eff8e0c1
e4c9e101051028e2d6ddc0f20010ed1cd2e701ccf50cf8f9dce0c2fd9eebf909
07e6e0fb1111cce7bcf0bdbcf50212ffc1ebf0cbd32b18c09fd0ddf6f5d2eeed
f4c9d1fad0f0c7d4c1e5f0f10606de3b03fb1bb42d0dfed8f1dbf7ead2fef9cf
15e5dafafd070bc7fbfdc730eef8e418bcb9f9d93227d620c3dbc3f3a2040ceb
03ce0320fc0be0cc0109f6b5f7f00519d3f30dbdd931e1fcbcdbcfcd09fcfa95
e49dd3fe08efd500ebae94c4e8d50a07fd060df7a7fc07f4edbd3adf0d978516
dfd09af53ceb09fc24ef37affbeafb01eefefe06872100dbf09295058d31c483
f61bb20228ebc2fae6d33688c78f0103f7070500ca1c04d1f7193cf0d3980dc1
ee1f82f933fdccf1cedab4f91be5f9fcf5f9faea0db7f7d3fa2adbf506a7d50d
08a22909a51bc01bcd3586eae6fd1611090a0b03eaf00adef9199f0cd21d300d
ef2dc3103b03df0cf51fd816028d1007030c0df216910e8803149504f3a409d0
faeee6ff10fbaafc932eb601b4baf7faf7fdfa1e99e6f5ac0798170432d79a16
fbd2e408ef010d07041fe8ef8b32091206120e08bed907e1fdfab5e3f2ae9931
fc85d70cc7f7b20ec53f2c22e9cd0e20fd0c110637d0149df73adef813c017fa
0ecebf0a1912050a8746b8a21a101f0a0b0917ea0af409ef049114fb2cce0efa
0211b9f6fcf525f02ee70298b69ef6f0f9f8f5cea1ebf52e05991dfda62d2034
f18b090c2afffc09f1d312a88f9607fe100304d4f1d20610f70697d8e6bfe534
9d30c351fb4dba58ee9d079cacdf5d61425c58f0d0106325e9082ba7f23206c5
ddcfb314eb00d90fdb44900322b51a1c081917ffc9231de9f8ab23bb06c9d5df
04a9ad049d0d2c0a35e903a8dce80307010708062b460ae6f83997e281e73bd6
10bc18f8d70e2ff5aeea9ff689abf2f01af0fbfccbfceba603389ff9a207df0f
ffadbb0c820b3a0c00ed95ea30e4050d141112ca84c00cd6ffa0adeecf12ac3b
f3ae952d3222d82be3f58734d6392d26172629d916b420b9f4d5b9b7911035e1
fcc19907880b2c08d33d06f5e1e80ffc100a071633fc0328fca3f2f2ccecd4ed
f2c418fed7120e00fa1fdbb6193cf4fb0af9f003cdb101c207f224f22bbef0d6
0f04130ecf162410109e0a89e998fd0b1e030705d5a407cf0c8f850495f093d5
1a92000b3707880698cd289a3ae7f8feff05f8d925e60022fe9cc300daadf4b8
0f3a83f638ee2fead10418269dc8e6e7e8eef1f4f3c1f185098904d825bee9c1
05b8ceffd8f9bfebee40b3210d30eff7f9e9f7f0f916fefd06e38b02d7aacaac
07f5320b1a043bfffdd410161a3b161a08f808f8bfa30925fa8a86f2f911b0d1
028ef808aa14ebf9241dd932832101f60bfafaf79e04fb93ff04e8090e38bfab
04f8e1f7be08ccf50bfccef3d1dbf100fff3f5e88456f8fff9d8baeddf2c3214
e1e73305e8ff17020bfb9de11885090afd040ffd11cd06faee92b3f1dc3c90ba
e2e3d708be06b80d38ec8faf1b97090806061004b6e505d8f30eb9ecbb07c9d3
eb26e909271d1f0fa21a9fd926240c0520030bfb1e00fd36ee1db5e381af2986
122ae104db08fd11286520e1832113040f0809dbe7110b1e04031e09be030393
303acefdd706c3f98a309e25222004021a0404cdc72d01c9078383069f09d5cc
09b737033305b2f7071fc732fefa0004020104e2a40c02c90331ba04039ae50b
098a0c03def7f5018927be1e07befafafb0005f6fa9907e107bcd71fa41d99d9
f80d8cf9f60093f8bc9289a61c02ffeff9f6f0e1b017f4b4fdedb405f50fbedb
1be4ea182a14e52ae244aee11e06181b281c16f18d52201d05f022ee1e1ae91f
042f10100d12af0de72b01bfec010e0b1b0d1adf12140c23fda1dce6badd300a
f8a58605170a220bd390a792068a0403170d0de08ce00d2fff0f09fecd21370b
1691e1f129feecf2b3ba27f5db35f5f200f5efd9a10df9a408e5cd0c36819e06
111c03f4a90705f89ab59328d4bafcf103f9f8d730cff7e1fc2ca7fe16cfb915
00f9ea0b310cc318ebf7b212cd390308180903e689590719fb92e5e6adf2e5ca
f3c4290fe2faaf0fa543eb2fa51b10170a0b0701d9f80ace0187b0f31be5d403
e0b30437b20d2446c0d0c31135c13b3e25423cc9abb630ad083c83ffd6b8d89d
07fa1003090716ffebbcf6bf1d8202ff0b04fefe9aafffeafebd04f7c9e096b8
2388b5f1b011f1009292f3f8d1aefff20cf4f703f7d5018afb1c08f9c91fad8c
ec96cbfdf50d2effa506160799c9ff01faff04173b1afe3400a0bcfbaa240bbd
f11ca30ec80c230e07fbd8c213240f110311160406cc0aaf0ace2b0b07b12a87
05da8e15fe13962087eafff2f7eb1111081a13e4f3bc1832ec3a21fd8df728f6
fd37ad0bf8173c14ded6bd82e11a020b110a04f68fb009bbfd32230ac3f6a7b2
0ec135f5ab169b0382d7f10c94cfeffd0cf3fafb0e32fd11fc2e820486ddffd3
ff85ddfc9a0ed7fcb80d03d030d7f8f902f2feec3551fdf811e625120eb8322f
281802fdae168bfcba4315f0a8afff0210fafe09dbc106fb0cf4f81ac4c6cef1
35f0ae11b22c3213b0e8fe8b2fc21516160d0fffc5e313071c02853d2a22fdca
2bc79efeab2deffe8dfdeca58e38fcfb0bf8fefea00df5a51eb2d313d2f7d3b6
35ff9b05a519ed0f23ae8392c7e516061202fdfba1a60a9f199bab0e1fb2f2ae
ff9d0306affe83fcabad34aa2727040704f3fff2004cfff3121a1a2219be1bd0
151e8512ff0ddd0b361037ea33e81711110614fda1280939fa21e61693b49d85
0dc4e6f9d6fa29f2e7e23008c493f2ecf2f5f2d810eaf492f03b210d209a1996
099a2e011e041c06d9e3d18711990304fc02fee3edbafd100aa80a1d09f31534
fcb4d70fd608ca0f309990df1ad00f10fdff02030d9307b7018dcf06ae1edae0
0100d50da3089f11dbb7338693d90e0d07121bf103050c051a38c617f0b184e4
06102e0dc606f61035a0c52ddc1c0908050d13f1e10a0c0ff40331fe8c9dcc8b
089f320709fb1afea29f9e3b34f0fc07fa0705db9c97040ffbc230ff94d1a425
ffdec20fad09cd0cc4fde3f5d8000b10041114d02dab089002d71500d7ec83c0
f18dbe12960ccc1f9697a6d18dd0181c031016e7fab11aa70b9d31021a9e39f8
0431effbf70002fed1d8cf2f8489fbfb05fd02fb19fffe8f0991a10db3b29cd5
0ec4a00a9d088a16dfc4e08f0515110b0b0c0ee51e3405cd04cc36153ce0aede
12c806031d158102b0ceeddd868b09030d0502efd59a02d30ea1c4ffc6e0adde
0adfb4032209380225a9ae21b2a4060305f9050b2a9f01d608e5be09be1a8ec9
fe238efcd003e0f98baab7a60ea4f5fff6fdf7e5a1b1fa3805cfc40137a7d5cd
0aef25f7d1fbc1f7ba2302bca7e7fdf303030405f64bfddb17fbc11eeb38a31b
15e7c9ffa8049c10d60eba91a0ba06060ffd060207ea04feff921d0989b1898b
25111401ba060400c6958ed30232070d190504fe36af009115f230111617f681
2a03b404c51dc107df330108d99408040d0700ec2207013704292e11e425b8ec
20970008cb1a9d1018fa32990a991305100f0d1796b9000611ade314d1ccddf0
f295c9f610feb5fc0f19ba100125fd03f1fd00e68aabfeec0e350400309498e3
09df97fe2404cdf6d0d4df940908f4fef80103f307f902140398f00901fea5e0
ed38e0faabfabbfaaa3595bd1c8df6fdeff9f8f0c73fff24f606a5fc93e129d8
f207f2fa23eadff898dbf038251bf0feebf6f5f9aef5f719fe272b0fbfc1279d
ed10c1f683d9bff7cffcb2bdcb15e2edd8f5f3059ce6f9af00cb89058ee42087
ed9d11eaf1fc86f6ded6fd9a86d1fbf9f1f6f7efbfa9f60814a828f8ca308ffa
3419fa122028261ea7fd101ca88317161f191108c6fb1dab1f048e2bffcea70f
3c01c3171632df17fb1b8387ef8b1d1827120ff7ee2519d80d17a831163302ae
021b2b00ef0ba307bca7aa2ab8d802ff100701eecb2904380edae104c3a983a7
ff91aef2adf790f623bf309982a2f1f0f5f0f3fbd1bdf70a09ae2d0e26b50c24
db292af6d8f1a1fab63fd81bb21ffcf1f8f4ecf7c338f4aef827f8cf28388805
fc32f849e9391b45cc3a9bfb3cce493e364041f83cdc408d1894c8160955afad
0be0e3de03cd2ae32223b182c422eed8bfd9e0000663e00f189efd0ec2f5e20a
3020371c8a281e21f5fb99b5cbed3230222028f0a4221b0022b01a291befa991
f3a28403d3f4c5f6a8280c1f98c805fd01fdfefbb3c5fddffcb3c3ed1cb62901
f2e88e0ca002f90dc2afd6d2389f0c080f0b0ae2f6c30dd603a320f09ba587ea
f9aa21271915372ab6b235c6213a2f20241e2a09fd1326df25c60317aa249cee
11a090402e2bf441160b36e533853f4035353ef3aa3136072c168c2c22ccef01
1c88d72fda2eff2cee1bc5e4ea833c2e2b2c3ae0a0e0279f238d0725c0f30a33
010e2c0ad8032012fe1fc02888330f0509081012b62b02b005df2dee94fd9e2a
f6afcc001efcfc05e6dd1f0adf0201fe00fe02e20704fa380cdcec01b00b82ae
0189aa0221fde4feb31b090ed71afff401fc00fcc1dbf1281213eaeeda9a0a28
ff9e0910bd0a000ec0009114b0d6090c190e0af41bc104b0150d2ef3bbf9afbb
030e9df7b9f2baf7abf992161aeff5f6f4f8fdeb14c6f1f410d18802bc99df1e
fcfba8f0ade7def5e8108adcf0dbf1ebecf3f3041ceef0a513fe1d04979fe2e4
130e1a11900c941aabf19b1400341a12100e1ce60fd707db08c73015c52ccbd4
0e0c9004020f2a0b89c8d2cde7c5fb050ffd06f2c5d10c2cfdf3b905fedbd43c
10093005090be60c1fdedd0de20ffbfa020200df0b200ef0f7ccaaf434b2e00a
02e497f93a01f1fc8135c1b909b6f5f7f9f900ed1cc1f4eafefe85f8b2e4dffd
04c7a00dc90e861724169b25e8e1fb09140406d6c2e903d70afeb808a98af3e7
0aa8c2ee2c07f6f1fa26d304fbebf2f202eeeccca5ddf6af07bee9f7fa9aa6a8
1896c1083a119c0d2bb117041d140afc0d0008d827c006af013487103beee411
062ed90b110cf11717f0829de8ad19110d1a1cf3bb420fb2ff2ff0ee0114af99
eee531039518c319b6f99192f1b80b140e0b0f01c6410990f5eeacf497a8c825
00ebbd022902cd0716132ca6e72aff0209020bce0cdf03f006c707fe2cea88cb
fc1824e6f3f711ec2abdb8a68a1ce9ebfce3f2dc97bbf2b8ff252fe50ce7321b
0797a5131b1df2139a3a92c2c2af141b160e1bea07ee13faf91ff6f3f0c107d0
e1090341bf19064e193eb82dc0c73847213848d5c0ca3dfa001fb4d2aec3e2ba
eeeb191a950c1816e04a1bda91371d2117181ef5e24b17f00438cdd3c52bd5d5
f78c8107c5fde80897b0b889af3a0901060504c31cc508b1fcd700e0a601fb9d
0ecebdfad80ca7ff31e10f24fda60c0b0bfe06d7f89a01e7ffb5d801c4aec3a7
140a360d98112511c6c7e8a71bae13150b100fc891eb0c04f5ae2cf90db11d98
05c90012f4058416041f01cbdcf5130cfd1910dc151a0fdffbecaadfffc3f53b
00bb8a10b0ed2d0af7aea80924ee1717f70a1604d2d20c11f582d7eabfc6d5ef
02e3370e9d000a16f1d4e5f936b00a150d0f15f48421112c068ac901eecaa9c8
fa38c70197058efef1da8eaa011a110d04010ce0c1a503b106f0ed08d11bbd98
f328ccfed406dbfb33a5040895f5f9020efe00f4e5b4f7dff5aadcf5112590bb
ec023c0eeafdca0fbcdc00172aaf010cfe020ad0ffc10233f1ea9def2938f102
f1d8ea081ef693041899d11f9dad0405ea0c08e530a102b5f5dc18ff2c0a21a5
f61c050529fed100d4e9b9ffae0dfa0afa0801fcdc280bfaf5928e0a97e40296
f5d5eee031e297e4832098daf910dee9dbecddf73b0ef005fdf39afe12a29297
ece4fef9e6edf9f4acebaabfc1ede5f2f2f0f0fe83ebf9f4fb1819fcfbe4df0e
0b9087fb2df98e0827e3fa3414d2f9030002f6e00907002a013ca20ed0aea3b1
1caadff10cf6c6efc00900158800e4f3f2f4f7f209bcede906c084fb161a2df3
153539f31efa94f5120a14ed15daeaf2fcf8f9ea1d1ff0ca12241810eb96151d
fd0629db9ff698e10cdb0d9bddf4e4e3efe8dcee9508e0e7fe92e8061dd481fc
0f07ba0a9e0bc409de48a10e0ddf14090c0903dad5d609c20d1aaa1bf9f08b8c
0c83cf05ce1139039fe7d8dcfeb2fb060c0408f51fed05b2ffa63b0b2f37d7bd
1ba0c0fbfc0d3700000b9fa9fc02fafb0bfe04f5f6c5020904ac3c0d23c7e6ec
162b840a1412050fcae1b8918b15100d171012043cc70a1012e8a613fb9e8492
080dedecb6f3eeeadaa426880f98eaee02eef5e5a6cdf0a10bf4c7012bd297b6
fc00d722b423e21b2cf899141ef3201c0e1722fd02dc21d5fdcaf006c410c41e
239c2ce6d8e0c6e7d742cd9a9e06f4eecbe1e6fef834ec110afc0d0eb32ddf2a
11198cf4a4f383f0ff160fa8c10cecf2f2f2fefea00cf6bd16b317f689091b87
eec8160ed10e3701ce06e4dd83260d0c0e09090ab9ab10080cbe1c07c0dbcce6
091e0ffaf2ec27fabb2634baa9aff0f800f903ff1db2fbd80bc93111a704e91a
089d9e1a070b1c1c32d0afdac4e41214200c15ea251d0f8113389813bd0c2ed6
e2c71cf8b6d72afacb129acc22a8fbefe2faf8fc091bf7c31e3729f79adce02c
d1c3de031fef2f089c26b327b4d7fcfbf9fa08edc2fb00ae069c10e7b431a206
eaca31ffa900c80b82c4ecee8f1c06fb03fb05f9f0eefb0710c21bffb3a7b032
05291afca2f512fddd14f1bf14aefdfdfe08ffecceeafd2904e48c0234fec7cf
00c6ac09fc0a8f15dd308dfd250b1412101414041c27048307de29fb11fd153b
d7cb9f0189fd30f5fd3cded507bc02f710f802f6101f029c0fd937dd9d249ce1
e8139f00cbfc2cffe5f1a5a28c920605f1ff030005fafdb80ee58af5afb02035
19b2992195129e2414a82836eaf82825121a2bd48af51c221c37a11df8ca95cd
f8e99610ed0b280e06ef2a0ece1c0dff080409ffced9ffb6f6811301b9b6eebb
09b3e90e9e119f0aa6bf111fb0880afd12060503fd1305fdfa308a0e21a49789
df1de003af06b201ace909f3172e01050502f4edbda806a5f7b58cf2eed981dc
02aaf11a9c14c30aef24c7c8f92e1a20130f1004340219d7fe9aad14921dbe2a
0cd4881ce420c61f2011ab0a99311c1c141b221519d71ab0ee2bf71bb909f888
0b8a901294092d13b22ed0d0cedb0d10090c0ef4fdb51006fcad1e152ae31237
1420eb0de7070106aefcff83b1f80bff0b0a08d8c9b807fbf89aea1bb2d4b0f6
0ba9110a130cf90784e8b417caa30509190f0f19034203fa00910d1bcfd6db83
05d2e507b7069202f2aff4bcf50809070c0c0df314c3043b043bf91c9fee9529
0bb4a617bc152f12c8b41d29b1d713141c101cf0fbfc17350033e118a2f0ebd6
fa2098fee6eff9fcaff68a373b8402fff9f600dda92703f1f910a1fc2d31cc36
150efa11effeb60bee5c9d8694a1100afa070c0396cc0736f532dd27176206ef
0ccffa20d113361bf016fa252de12026111f2707c90b18f5ea95fe4cd2fea48c
fe859709920c2204fac831228cb301090806060715fc01e8f88fdf1a883702a8
f71217fcc001f40707c4d5eada9902020d0105ebb6a5080df42c29fbfa19c288
11ac9615b30ac015f99ea936a9a417160a151bfda3381ae5fda8161196cd8f9a
28cce70a9604d40b3002bcc8aaa10809fc050904c5ef05a7f42cef13ffb911ff
0f0fff07f802ad16bc30cb128da60e07fd080905a52a0ae3edb5062bbbeff135
041ccf011df7f009d0d3dfebf1120200ff07fcfb25a305b5fdc32f0ec9aeecb3
ffd6af07de01d00ca1a3cdad111f0802030404df27c50edaf695b4fc1ed28c3c
04240108bf010cfe0b32adcaa2c60806fb070bfaebeafeb3f22327128bf818d0
1ce9a10ba10dae13061dc62fd1c20e110e131801aee11220f9a42608b5de9821
16fea21400052214cca437b1bccf1208020f0ff1addf092ef2072710ecddafdb
fc969004a1fcee03d41aa8f2e0f80704f70c05d730bc01f6f59cf00f1615f033
f387b2fbaffbfbf6f4bac0a1efc4f7fdef04ff0fe9e2039aef201504ddcd23fd
00e5a2f991eed4f015ca1281d324f0f2f4faef0c8701ec19facc06ead3a48b30
ecd9aff40df590fcb5a792b3a595f7f4f1f2ee0e3326ed85eddf1afea112a6b9
f4add80df20e320c8cf7c7ff893c0e0b09070609d2010431f2f636040bfc11eb
f7d1c4ffa00cc3f80a1c1785b823fc0203fcfb0ed73400dff8fe0ef597ff9909
f3fa9615ca0c9a1900cdbee9ad1a1f140d1b17f8c9ee11abf92bdf0a300b9aec
079c29f9eaf5d0f6c6e48fa410f1ebf500f8fbe932fcf3190bccc8f8172ad69a
11952b149f07141224d6f7e5028f090e110d0ff6eccb08fd09bc30219498fa01
fc189f0cd001a11135bea525c78f100c0c1c19eeebc6120015acd1043b39b5d3
d33093e7bcf5fdef3332970ade82f5f200eefafbcf23ff9005ea29d594c9f2bf
e49ef40b9b1a340edeae2a898bee14131d0e11ec1ff413d706e3b50eb41637d2
0f8e330ea21bd214a1fdc025dd0911091d0f05e8d9dc10bcf1189c19110fa184
0436d10dd617000d9fa0a3c9c0a70e0b170e08e497c509ce0981a4228e0ee9f6
ffedcbdaafd237d7a339dac3c5dde4d9d1e2dff3b8dbdd2efcb1071524b290c8
00e5c019230dba1514bb9beeb3b814110b1421052249152a072c0b0c06e31ea4
05d98d17ef1e221a0e36b383e7e60b1018181e0f9615123a018b340c8fb8b1d5
1196a7fac6feccfcc2e09ef71dd6f4f6fbfaf801fab0efd9ff1e1f102522e2c1
1dfc210ce11bd10fccc29fb40ea90d0b18050ae90fcc09a20115d340d2dc1e92
00e69b0c0d10af0d3bc12a92cc07090c0d0f08f8091f0d2207e7d10825cfc28e
0fe9f719d2171512bbc4199701e712100e171aeeccd911d70cbc2d1abcf8c589
0d1abc08110d9f02d3bfaeb1eee502fc13030108bdbdfdaa00f63c0dacf3d511
19f439fa9411f5fbd9b88fb4c1f9f2ef08f6f4f7ca49f2020596b80d87f2f4b2
fb2e8ff5db0330f884fdf9fb91edf9f4fff5eef393bdf13aed9fb8fb1faa29bf
fc92c9f9f401b0009131f4dbbdb705fd0b050117e5bc04deefae2002a2258e12
f9812cf6d5efb9f8e0f8c80cb2c700f2f2f80623895bf7a3f3e7310196c50608
f600f2efa5e827f1a137b9e5d49df7ecf0eef1dbc635f3e1eb1119e9ebadfe2b
f530b6f3c2eb08eec72d260c8df2eff2f8f2e7f49fc6f3ca0897b2ec31c312b8
edbbf8fd260030fdd5f4173bbae0fefb03f7fb18ed09fcb2fe87d5f82906bc19
e32316f8d3f28ff7090cfaa6331ff1ecebeef5ea8ad4fc8f13e317d3ddfa069b
fc93ad04a100e9043096c2c7a9af02fb0b05fdfe1228fcd8101cc6e031a391a9
f2e6a7ebf8f01bead4d9240d9902ece2eaf2ed0e28d8ef2a0e3488e1d2feb429
09d8e9138204b9150c12310ee3260f0d0a0e11ed279d121bfcffc91319070ed0
04d8391fd6109622a40bf1eca4a41f230f271f009fd81cbb0313141fb0cd842e
15c2983d2b1f8925e2122082f01b2e2e23362c00da1c2e9206a19c03d8198ce0
ed00c418c7141a140e96a53533d8141e2e21180cf5b91322fcfa11d69c0d37c9
f4c7befabc05e0f5b19cc38498baf8f70102fb04d1eafd220900c3e9c0e7c79a
0f32db04980bc803909e22eda4bcfd050c0a02e4bff50b2b02ec940d24e8d68c
fcefe3fcf0f2affebcb0a1900bb60200f900fefb87e7fdadee1c0aefa6ea2228
1324d5291f04ad13ca163bf7b1b6111f05171efdb7d31ad420ad3904bfe31592
0c23bc20ce13ed271cd005122b35282b192a2a0710931b9519b7ceead2fe2e19
f71cd00235fbb4fe20c9833c93a403fcfd090212100aff040c36a8e9b8a1200a
fed7c1ed31ea3aec0acdecd8defedfe0e9e0e4f98ff8e8380883ebee35bbd5e4
f309c6eb04f1f2ec00af061834bde9e3f2ece806a3ceecdc07b8a6ef29ecbd1b
e2b9cbff0401c9f2efc6a9090af9f7f404f400fda0bc001505bc81e782c0e2b4
fd2b381bc80b311daaceb8d3b69d2618221d2afcbea51b9e0e1036fa3a1dbada
f8b0940107f9d3f71a35b50f148cfef304f1f9eaa7dcfc970ce4eef28ed3f520
03c589f91dff93f68affbd298d39f5f800fbf9f7c3daf5f207e0a3f599d726c0
08dd84f0a8ff31f6b8e4b8af37bceff3f6f9f8e6dec9f4ebfecdefe6bd2a9297
05ea9b013012c605d916f6eaf1f30c050c0804dbd8e0068802aa0cf5e21894b6
03adec06b509271a14ddc0ec29181f16171814fcf8bd11f707109ef33bbc12ed
01029bec04fca0f1ba1afd12a8f8f0edf0f2ede5e5f6eeff0614e0d6350c1aa3
fe04b3f9a2f8f3fd8dc99d85d1e8fbfdf3fff9efd537fd39fbce83f51eeb17a5
12a0db09a404000b0c3c0891f3ef0a0b030c10fdf4fc0bb9f031bb05b148b588
08221c010df88201fe22aa1ce1ec0f07f40701f50511039fe9e5a313ca8efad0
f5d6ad04c0eed80106eac3b1898d0609f2fdfce1c431fa9ef7b8c50c0b9f36b2
ffe61206a3fd11031709c9d60a8c0104fffd07ee34a608dfe8e3cc0d2fd0aefd
effae3ffc3f40c01e546eab1d50f00f5f6f4f1bd87feffe4f9c837058cfee4bd
02330c0094f3b6f5850d9888c212fff6f8f5f6d6e0e4f82efa2e060a1a07ee87
1221da06a503390106b004cc27bdff010001fbf982b204b80016ad272cea3121
16390d04b5ff3009daef94910aae09080b0615d3251208bef7012230918dc624
002016f738fbcaeeb632b4aa0d3af2f1f4f1fbd1c5f9f6b8e9cdc60ad0c4b684
fda2b904f415aa1423d006eb09c608031a060fe7dc0c0ae7fa180410382beedd
e6913aff19021e01c5e399dec8b00702fe08071637de0a89fef40412ac33831b
e5c68ae9cffa85f51ccec434a3d004f7fdf3fb0207f5fd98dfc9091b12b02beb
21e2c5fbdb10c1fee8b6fdafb7b009fc09fdfdecb812f7f3008eaf19a9ff10bb
0ce7c70bd30ddf042c159e1fdddc0e080f0908f4a00f03cffaefc211858920b6
d7effe0f29f8d4fa90ca8da93287f909fb02040c152e0206fbd5df1134ccbe3c
c92c81e0bade30ed0a4df2e693a9dfe2dee8ebe0cef8e3d3fddfdff398f32cd5
e89bf0282316932ec81993ebcedf262824262fe4e3d4261eebef892a39e9a9ba
f6182a0087f0100a2413df96cae207fffe0108f304bd03b3e6989d19cae418f9
03ba15ff3c0393fa06c622d3fefb00fe06fcfdf9d2bafb11f42d920ed2ef8928
02eca41d9515921a0bf32c39cc2e1722102120e59e0c18b9f4c6a218272adf3a
e03ce2ea920514e5b03a96bfa6a301f600fb00f10bf2fba0041596f235b1ae00
d5f292f3e8f100f7fa37b79b25fdf001fced03d90b36fac5f001c7e811a5e9ec
fc27bd1e3b00ab1184d6059593a8121bf70b14d6ceb91530fbe7151bf7c32c35
0af0b41c15f984151aca933015da160efe0e10e0e7bc0febf5818c15149a8e8d
fe05fff9c2fdc20118fded1e20e4f5fe01fcfbdc8e5ffdfe0b1330f9ef36f336
ed36e80ec903f60f23d89413bc8d100a031416f3cbd10bb3f1e9b8f00103f1be
e9290418c1150d2717dbeff819fc2d2910272409ad2523d2f7852afb2a459f05
f117be0ad017cc0ce0d02bbeefbb0c0612070befc21b08c5edcd87fd3a31debd
fc8206fd031b220c3a5835da3387ff0113040bee9efc0621f78de8f1f4190fd7
0d2bf6122909bf0e2253a9278ee6081518160efbae490884f9aee7022c0ba287
fc8ee3f236ebeff2df2f89cba5f9f5f8f4f5faf8ddedf4e3059620feb82304d1
12e7aafdba03a5f823d12a3cc8e6f8fef4f7fdf909bcf6eb0b1d1b1b1d129ba4
11a3f0f3d1ebd4fa28faecd415ccefede4edf0ce2ae8f6aa0233cc098b0ae7bc
049cd710b41f1a0d3c19a691f61a130f0b0f17ea381b0ff9fc029c05f733a79c
f08fba19a50eac17b9b0be901f052723141c22cd28301194023b0afb85c58c0a
14eb9df4dbe62bf61ebee4153895effcecfcf3e7eee1f7eb0b12b51df6c11638
24cb38daafc98acec52691df2921c9ccc7d4cee58afcd5d205a8980fbfa5cba8
23f11ff295f2f1f4b7d908e5e395e8ede3f7f4d9de08f9970602dc1ecfe0ab1a
eeacd32023111c1d2dad1a9ea32f221b19232af4c7e119f5fae0edf4d2b18afc
f639930ae90f370aa4f2a4a8f0830e080e110beeabda0712fc388bf48f1ebe30
04bcc5f997f433f1b2ec86913121edefececf902ed96f8c905fe2600dfaaa3b5
12b02207d8e53a02151b10950909fa02f00600ece215060f04bb951f0c8d03c3
fc22d7f29cf0fbf53c21c70da097eaebeaf1ecfb9fd5f9350e252d032d2d9f0b
eccfb512fa0fe6118fba03349ff0130b1915140ba40210dff3c496fca6e2de97
ff9024003a120c01a3dca49c1e1700f90ffbfffbf62b011c05101af8b2ddd5a4
ea0fdb06d70eaf0a034914a9fdb60a040b040afe0302091ff894d7e4c63103fe
e7b0a721b20c101815cca901ce35241bfd1d20eb2da62196088cf407cc1598b4
f0bba40fe115a10f17f6e7e3ec041412090a13ebae2f108df2d095f7e4aaaaf9
fbb432fb280cbffcf319efd392dc000210fffd1107c6fe9a0703ba028cd823f9
f223a9048ef39f08e1caeda0210f0d0bf5ff03ea150a07e6e5019af6ceff8781
fe89c2ffacf63504371587f5f1fa0afcf20502e40d0601b7eaf8eafe35d6a2c2
ef9bd107d7f00b03e1c88d142d3b0604f0080ad9322d0325eaa8fb06112b97eb
02da280525f4c6f9dcdbb5359ad9f603ee0301fccb0401d5f127c506fdc0feb4
f492a9032b00b503cb048dc4858dfdf8f10401fdd1d6ffaeeffffb0c0c302c85
fe1599f3c103f5f33733f18ef998f1faeaede507a9c8f6100d242203d5b731b4
139d9ae092fba6e0b3178c08dfeae5e8f5e2e7e1b7acee3404e824f18ec0003c
0382b1ffa8fccb08c319be8fdf12040900fc0a031abb07bbfae1dcfc9d1c35b9
07d3bbfff8f309001bb5b5092f8efdfdfbf9fee637cdfb9efebfeefcb3fca70e
079f3802100329f63beee0c4aedcf9ed06f8fd0a0539f7b003dcd5f9b6a908ca
00efc2129707aa10221ca00fc9052317140914fb9ad3062506fc030bb8e7afdb
f4c1bafd2b23b8f4e32db825d6cbfb0a1dfaf3fbe9ebf50dff2c82d6930aa51f
aa2c987fb87f217f85011504b6b17f7f7f7f7ff222f47fb019208a03f80aa199
f5a7de45bb413c4488cf2f03210350453d4f471de3ec37f1030cd405165602ca
10c2fb0f2714f803043530eed6f60c0a0b0d050f822309a503eacbdcd0512c8f
ffaea7088df1810734fdb810351b100a070509fdaadb0029fc37e20117c025b1
11e1f20abb149f0aa80cc29e129b000e15150eeaee030812f3063ae0c6b7c916
f71b35272404cf28aa4009b009d4222e091c2208eabd23170cf08bedcac49590
f287fc18ba002b102af7f2279992100610050c0c941c18bf07b316eded612511
fbc1880fc316a812a0e010d838c3170a110c16e3ae2e0c1af30b38dfb4f3aedc
fafb1ef806f7a1f71434f3dc1aeff400f502f5f5fcd3ff26f62491e92a2725e3
049481fe1211a4fde2afb9e416cbf60006fbf7fce108fe27f4e5fde413cb9cf1
f8a4c4058906c10c85a82a92c00705091801020bd6c8081df3c202e6b2ebd8e5
0fd69000ac08ebfdbedb9be9bd1cf9fd03f8f40af4a0fdb5f1e6f2e9d3f9b034
02f0d1fff8092b050239f11cdb8108fe01f6f7dc0fb2fd27ea30d9e0bfb7988c
f1d007ffacfaabfa3532899da49ef8f3fe02f00296c7ef88efb7eef5bda613ce
e205a207ae092a00b32e39c925880afd08fef60d0d29f535e63baeedd6098322
c7100bdda5ddb8dcdd3b3890c5a1dbdfdbded8142f36e2af031039c694be0f10
d084c3df21de8fd6932cc5bfdbedced2e0dacf1b9409d8a3fbeec6d7289e1b2f
dfb73b0925fe89f42103053418b5f6f7eefef414bcf3fea1ea0985fec2bf93a1
fe17ebf3d9f337e231d2299115c0e9f0ebf2e415f8e2eee1f1140801261198a8
f3ad87fceaf481f6befbc18a1fcf00fc01f8ecff83a9f611eda3c202210ebdc3
e1379fdf9fdcdde0fbe1f6a0299dd5cfd6d9d904b7eee520fe23c0ecfc0de537
019b96f3c6f3e7050ed1f0af362ef8f2e5f8fdf4c82007c0028ba7ff07ebad95
eab420e3e1e6e9dd8bc7f2e4271cdbdae2e3dcefa2baebe5f98df3ea1a01a8c8
0b98e0e92df2eae830ab2dc0ffdde5e9ede7e6e8a91ceca3028af5f815c930dd
0a948beeb90325ecb39536159ff4f2ee00eae804acebefe1e82c16060c95c3cc
171a31ee2708c4efdba39bf90f1ae3f802f0f50a13b5f511f6f8e906218ff3b4
fa9495d2fbe016d532cda2308a2fd0e0e8d7df022aaed8a8feea39efd12e1136
efea95e3d4e906d91a0ec829bed1e7e7e3dddffae6dadefcfcf00cdceeadf6ce
06d5c1f2abfee1f7c6f9faeaa2a5f4f0ebedf1f30b88ee34e8c2dff62b8badc3
09e5eef7cf01d0f6bd20fdf91020fefaf8fbf6f1a1ebf614f4b2a30929db8209
1bb5bfeeaaffb4efb323c0d438abf3f307eff20321aaeefb02f7a8118bdc02de
162c04fffcfd93fa3c291d08b61bf5fa06eef1e89597f5f90dc181002c0c87e9
f8c438f9080b1e031a3b8ffcd99b05fd10fefcea022ef936f687f6e4eebfaecd
dba422e8dfe80eee33b834c2b2c0e5f0dee3f100eafde9b4e62795e80e8c1dec
ee0b94e129df31e08cb0c8b4ade6e4f0d9e9e0e506a6e6b5e39e20efb3ad9fc2
1888f7dc39f50be109d71ff10b9fe2e5fae0df010b2ce13af62b3ae7f906938c
f8fb22ea04dcbee4eadfb1248407efe3e8e1e6f11bd2e2fbfac7ede43225dc39
fe81e1f1e6ff0ff32ca616d8d2e0f5fb04f208f58acaf899f5342a12c1ab201f
05c0c2f784f635f2f91cb6fd2ff6f6fbf3f6f415d9d6f49b03e5e300e3d3a939
ffa1f209baf236032d3bb2bc31200109f80709f63b420206e809a105a13e309c
f1a3ca062efde50b1a378e3c32151113ea0615f78af110b8e8c71b1185ccc1b1
091582039905ee0d32ebb3359494040bf10108f9081c030ffaf3dc10bb1df709
0827c6f38bf7aaf7b4f9370dabafeffdfff4f500d509fe1700e2def196e030e5
17b4ae002c0d0d03b8ea35d3e0ecfffd0802fa03d326ff9df8c1330cc4ea13e0
12f09e09f219b709c9d72fd1dec010021806fe06a117019102fc3a18ca09ba11
09c61c0d9b0d3c11ba139d89a532140608100cf5ca351ac7141ee914ecb78f20
063ab708b810230f16309ed91834030210070e1016e110d80be9ca1289fc91e2
11f1a0f42b05f8ff08cac7eee3daeff80cfaf8f7b31bfbe1ffdbd700eb0304df
0d882af7960ccaf927dd18b02297fef907f9ffeec3fbfcbcfead2f11b1170bb4
299e39e29601b9e89024e0a90083e1e303ede2d90fbee62d0c11c4ecf1d7ff92
0bb7d9e6e406f2e2cae9b527e2a5e3e3fbe7ddf0aadaec9efd01b1c7b0b21af3
38a283ef280a36efa81a2bb5c78de7ed04f4e4f48ebaeba6103a02f385c631e7
290cfdfe2213fa07feb4e6e20a26010411f905113bb701c909cec30fe12df501
1b23d9ffab13f1f73143a2fa2cb2f9fa14fefd203428fe21f4ed3611fafd1da1
1c8ad900b717b60234f5b28c9ca104041003fadd1811030b06a4e8fbad2df806
ec86c205c6ef01f7241cd3ac0730fd00ff01fb0ebaf6fde61cb1dced33a7f910
1e34ea0185032905bef5be0f3b8b0100140904fc024afaf40e093c0f8fcb1386
33efad01840c3403d45628e6282502fb16fbfeeab926ffa80ef21016b112bfea
078e3305d700ff03f754219aa4cf070401fe0af820fe05dbf691c009ced5cc9a
f5ce150009f9d2f41acaadece7cf00040000ee130640fcc7eb37d8e716e3fb01
efd99d0516fa07ffc632d9d98f120504f206fa2327590434e72903e18202ef08
00eb2c00a7fd2bfb09f1c3c41013fafefcf800faa55dfc10fc1b9a0d06ecf5ef
1aff1ffc1607b6fc8c410237e7b8fefc06fa000dce56fdd50085841422f0ee8f
0e3b8d0e9dfec60ed03c04b0103208180b050d03bcd708f31920c110fd1a3202
09ebf5ff3a06b901181115ecc3f2fe020afb06f007c0fbc30d07db0a0005cd2a
fecef501050fdf00f1512c85e62201fe07fc05fbbc0c03eeef8eddfa133c02e5
f41d1803abf41b05c5dd1314d52406faf9fcfa2b2a34ffa3fdbff9ee0b41bad3
09d0c8f6bff00effcb13bbd4bbadf7f8fcfcf2219ed1fbc216158dfb32d0aa88
fb91b219a80f3c1a8ac7dc09a3e51613091416f6322909330df0ea0e3b11ec83
fff7dd06d20a9608ffd3e0a6e884f90203090ae5983d04e20fde021884ebba83
02e238041f060703c323f8de3895f3fcfefdf80c3410ffd1f731a311aaffe11b
02f73209eb01b20e82c4c18d2efb0806090213f316b50ea2fbf33012acad86ed
002c35fcdefd3106ac1cdb1adbd004f6fafcf305212202cf04839e0794cf821f
f6b1fd19fa1be91316ba93d88a9a1b1317190ee1df12140e0c87adf994e8d6af
19aa170d35fbba09020e15f483ea130504100715ff350534ff8ecc08d21a0ee0
2bcfc0fda80aa3ff2b22ada432ab01fcfefef7f0fa17fcfff2b189fb2bfcf735
26e70df62a08a0f9c2e31be8b899f8fffffbf6dfc817f9f502a28517c8ccada9
2210ea0fb91ebe14ebecf2b003f912111c141801324412970a0d9d17f52fd8df
0e301816c50ba610f75000a4dad00c1617160df52b00182f07cb120981e5cb1c
05f1ebf62ce80df512d68137b8f901faf9f8fdf9880bed1308dfaff8d7082c0f
f4c4a108270fbf03f3c211d01dc1190c04fd060f0cab02aff9d593fd83dee52f
0e21bd0f020d9919ead2f2dce7d4171a0f0a0d05e4370dc6f6aff81d25ef27de
0cb592f8bc01e3f818f700be0b04f6fcfdf3fe0113c0fd8804febd070f05a5eb
0db8a018b0ffcd093b10d416f0a61b1703151e2421f81627fb24d31a8929e0b5
fc249700ef0113fa9bd1d8ec0be2fcfd06fd03fdb30202930331360ce7bb29f3
f996340ea91fb00812de1b25f838101114040dd7cd160caef7ac04f5c2220597
f225b80b1d08cf1224defdbcc8fa110b080a0df88ed60c1dfe98cdfebfd588df
15f2d204f702ae00a5dfcb11bff8fefcfafd0918c43effbc1136d40cecd430f8
f90cc4fef4fbadf11b0ed683b68706fcf80203fc1528fffbff1b02f5f3b1e8bf
13ee26f72e14c5f9823fe4eb1f10fc010704fc06230bfe840139da188ee018d2
2215b7002f181afeb5f8030dd18e04fe1001000c99ce06b5f6e19625c439d8dd
04ee3b08a30ada07b1e638bcef29010f0f080b1e97c70782f705100dcf3e37e9
f1fe19f8a5e3b9f132bf9b1f3b0000fee002f31a15b902fbf391a7f2f2bb1fd4
d9e7f10eabefe404a1ee313ad8a01314ef0e0644abaa0bbdf325a1f5f842bb2c
faa4fe15fe0023121601cb16afe513180c1711f203b8101ef9ebd81497e60690
24be1c03b90d3002af1f0792283a040619020001cade01290303f9eee213bd9f
ff33fc140105e10c8726b236ac9e11160a1217042f0117ff0625bef80fa723b1
ecd8fc058ee83bffd026fcd0b6ea0817e60b08d90d3d0dc5f1a0f8f924f90ef6
fc0db4119af7f41094f328c9c2320c0ef21310f2ca0a0afddcf31ef8ba3114a8
e8b09f1813f7201cafab24fea3d51811ff141af4adb511defb0f070a9f37e2b0
fc1d170ec7063b0d11e0b70ee91b0108130901ebc8b10a9dfe21e6e59029d230
e12fb10ad208a10d812f138adf1b170bfa110ff9e53a0eb0fb95b2efb40ebf09
fcbfa100a7ef02fbd6dd3b26d1cbf506fbfe090f12d5fdfaf5d5030386d2bfe8
0bcd360a0411d90d30e2953215370b0b020709dcd5f306dff5e49c04fdb016fd
17a2b80b131af711d313c81523cf0f0713050df718d607b0f7f49117bee9fdc1
1f28b809860fe602b21c1fdbb139ff0510fa00d6dfa000e70be8be03960734b8
06f5e5099f119b0abb2ed9b0ddd50909100403dc36e302a401f41c03c9b59c29
07f6fefa020837f302a5f4001e05f6fb07f3f31916fef9fdef8f36f238f0e519
11af8dfce605a303d2ab30e2ac8df702fffdfef192eafdd5071032f2ec140c83
28c9b6fe2f1681083c0589ff0ff7ff04140600eb92a7063b01d9cf0e97b63123
19dcf90908169114c80a211b0eeb0d0e19140df92da30716fa11b10f979309cf
1a06f501d513faff8b34ab0abc8c010a190106eef4eb01b202f72411fcfbee25
05e40d009b05d9fda8d5f09d33bbfdf003f80124f6eeffd3f91023f9d0422cd0
1729260aa6231812fbd8a43b221d0c1527051a14acd006f416d88d23ac2198eb
08c086029c08d3f806d90bd49b91f90405fc0a0cb6f1f6bb061298091b043004
fe8fc1042e0be0fed4ceb510c4ee010309030be9d303051005db960724268f2c
162bca043619160e125b0b9af9ed0400170708f8ba3100b1fda89e0eb8c0e3cb
1f8dea09cc102e00f7c9b60100dc08f91e04f413c2c6fcd60f91e623f2372f2d
0fa78d1fa7fee515cb3b2dc71acd1c11131e1c061c2b16120ef0b505b2b52983
fe05eb162700c50835d3a601d9f01b130c1019f512b111faf6e3e9e7dba2c581
f4b102fa82002af9c92be88fd5d0f8ff090203f83304003005db3204dad5e4f4
0392a3edaff020eb8fcaed1eef87eaeff2f0e6091c0ef73b07952907f1b62b37
07c510fad40515f6d4bf0b9d06cefefe0005fa0ca206fbeb08b2aa0e1535f9d9
15e4fd26dc08e81818253bf9d81124171e1a1b028c9e0eda0f0b9e0293ec823b
eb83a303eaf80b05e70abcb5cb820804fc01fee61ebefa9ffdb89ce5a22ca4e1
0ebb3af900f122e7c696d309bca2ecf500f5f5d38ab8f0be0f9006f1391de5dc
111cbafe09f733fcf5293439d08df8feff00020130daf93610f2b107fbaed884
fa12abf51903ecefa2a639b4ecacfaff00fdf9f4dc1cf4ed0bf304f01518eb18
09271b108612b90cbfbdb1339dce000f15061208eb0d0a0006ae9019822806a9
17001b01ef1202eca232880dc52bf4ff05fafed4e1f2f7e4fc35950b0a8a8d2b
1c13fef3ec08d1f4a2f9351fe10df7fafef5f6debd12e5bc0d301df1b2dccbaf
eefd3010ea0be31488242da1bdf91110070e1506aa0c0c9d0419c6e701d1a3d2
00e9d000e90d8bfbbae5cce0e204fbfb0ef801fde32e042904048dedf9a2a89d
1fc48300bf11cef59a41fbadc181f6000cfdf8ffb822ffcf0698b9208b0dd70e
2bb00f18e0261803ae10aa2a16860a19201512d915c8143001ab082d153996dc
06d7a60b21151516f834f70738331504121118e3a2ef09aa0d11e3110ae82fa2
fadc88053201cc18200623bf0f230a00020e02ed2fae09a411eee003a734f897
1f8f8713d81de715a6b233f6d31e140b140906f595c20cb814e72c08fc2d9ca6
15eb820096079afaa8e6e7e71890fa0007fdfc061ba0fdbf1727f212a2f1a8b2
170b95fae107eefce4dbc504289dfaf501fa00f3d121ff8107ae85feeaa91097
0fff1c0919ffb305a7093ca2a8330c0b050f03fd19db0cce06e912e70ea19f8c
0508a801110923069841e68feba4feff06fdfb062d33049cf7ebc4098e0add3b
fc8acffafc00cd06deb5929dc9d9f80701faf4e336c5fc06faa6141928e0b6c9
19d49c04bd0bd205f1c40ce78b020c0712050c0f08a209c314cfcc0cb3bb2c22
398b9320bb1efd25f1ab8ac69d381d122e1f20eadad31c901216210c9cccf6e0
139dde32a6352136c5aa0b9baed12e3d34383e122056333c19d02ff514559434
0fa91913d51d2622d0bd3c0e929b221b26151b16aa4417ac06f704030bf1c8c5
ee2908fa23f2c2fe9cb3cfd1d79ef5fefbf4f8ed00aaf3c104c9affc95d5e88b
0fa42215b81f181028e7ec1db1b316131c160ef01d9a12a9f5c9f700eff5d8e4
2008a02e3626ec2aece5fec622df332a272a33f6aa3e2e3522f61d08bcf317f2
0b1fa008910dee13d0c8abe81be80d0904110c0d2b3f041c25afd4001b6aa003
13b82e06fdfdc2f99e07ea3bf8a70a0cff1208e7fa0502be1baab1269722edd0
e3d5f10ea30a0512dca225f092c50b1014090a06da9c0bd60b9285fbf134d023
edd9cd020ffaedff2825910a81e30504f90105d7ced703e001ead4f0d81d3897
1709f525233905221c2cf91198d6251f2d2025e0f7d1242115b6370de3e117d9
01b5eb1f0222b526b6450118153b251620191ef1b00424e91a28dfe4ffad9d32
1302142a1731e224a524bd2484942020302d23f2a50c2de81dd1de14c8318734
f9fdfbff000889fb8c16810bac2efc0202f9fce0f7dcfecb1092bef5a4bfafca
ff22e2ff25ffe404f2cad684d3060201f3ff01f986ecfab00489eaff82adb4f8
04ec2b0594fd8af696c0169fa905f40000faf4febd17f82a06a6ebf7b524dc14
06a3c510cf18f00e31ecc320f08a110b1c0a07d8e3da120b0f2603feae0ad73c
ffd2b5fece06d3fe8bfed6b1d8c007050901ff0ab014022cfccc2d0c86d4e7e4
00ac08fc03fdacf40ff48822d382f9f0fd01f5fb1bb3fcae0fc92815930b0317
10d714002c0e32faa7f18bd783b5f8f81cf8fee88df1feb80fea2912b82d1e99
fff6fb10a707da14eaf72995e0fe0b0c11080e06d5200fc8fc2def040dc40db1
ff86ba10060aef1d91d6d109238e12110b121402a52a151f0913a10ed04535e1
f217920c360cd9163befd31799360b140f0b13eee74f11e6fa1684f8edbd82c9
078cc5010a111d0529cbe2ecd53205021007fc0d96d602940ce6110509d3030b
0dfc08feb00b04f5f513b713249c03fc0c02fede1adb02bc0339f811880918dd
04cb3109f8f9e005aa32c994c4d30501fd030917363506caff2bb20d9aa8e106
f1a217f809f3bffea709f7b10d1cfdf9f9f402f0dce7f7f2038a04e82ed111d2
0308f20a8a131b0bc32e8edf92300d09040e09f60e010ed9fc058a0590160c2c
05f899f8e524f6ffc30817ea2ba9f2050b05f7f994eef61dfe143afa9b33f425
093ac40d9010f402342fd2b8e5de0a0c14080af1ad28080b06243213fdb8adac
f7da9600ddfdc9f395a0b82d2b30ffff0600f3f9cb23fa06ffc5edfc210ee32c
f236e222e8fb9f2c2c181cf433c724280227230dc49a1d3300cafa1cd10aafe4
f1feb5fd8af9db03d3b1ca22ddf802fffbfcfbe5d629fd1dfadb0bf1c4bc8600
0905a0003a1700009b08e0d597d405081a06fde517510425ff1eae090246a80e
03bd16fddffab6faaa1aee390e93fbfa03fcf925fecf008607b4f0f73ae2e889
f5f4fd09b7f50305af3dceca8d020507010c0df900ea01cffd84eb041102e519
e8e9a20bd7061b0cacccb0e794b80d0c050901fe232209ec040e17f2f7e6a194
e092c002ab0b1effcda5a40f0fe2090afdfbfb041b97fdb0f83b8df41dfc90f2
04f5e5099a14d10306c9e885d8020d11180706f7acd30126f1240d043315b7e3
0915e609e904f802b608b7afc9360a030b0d0407afef01c305cbe5f69bbae1db
f9f00d06e6f8c208c5ab90dad69e04050005051efd1c0934fb900e0939f19e2a
0902340bdf1ac216c317d6b9a8be1911140d16d021b716effabbad0fc1912612
f6d68403fd061a0c04ee378ed0860a05140a0dfb99be10dd01e8ef0c9ec2c28c
0ebbaf08ce079109e7553be6b11006050e0401c3e03e0ac809ebc60e91d0f919
fbdcd60683061a0cf4b3dca1d19a160f070707f500bb0413f3e1fa1a143e8bf7
0d30e8f8cbf8c8f7cdd3ef8710f802fffdf6f3e8983f02f8fe8f8619b1a788d0
1930a30b8f08870d29f486278ab20f09090b05ed18c812f1f6e39d1e2ca0f2c9
18fb87182a132116df2427a2abd81c1515141302cd001927f6eb02302cfa98a2
0131d412cffb3208f0f3dd15dbdb100f011115fe2deb0987f7f41a101ac1869f
e4912b01bef1990c121221bc84dd030bf90805d79f0708caf939bd06309b81f5
f381af03b8e6f6fb36e59626c6dd0003f8fd05d891b902fa0337ac0c10bbfbef
0498d4040af4ae0429ae8209c4d2000106fe08f5bad302b2e0930c08cc1911f0
f5e806ffd9f3c605bc0fd4113cdaf8fafc060a02efe001d8ea84360bea8c2eca
f0cdb5f9cef683febd41f3d5dc1dfcfbf0fffff8c70905d401f2cbfefe0bc3dd
f40717108dfbc10baec49dff8728050d0a110c0dfbb502fef4a79200c821840a
ee0d32f495e2f5eb8526c903b5edefeff7f9efde1ca4eaacff34bbfdcd16b218
e8fec40813ea3cff089621f506da010700090dfac98f07b4ecc68e1f93eedaaf
03ce1a098c03f008f81d2118203b040a17050efd11150c36eaf7be14e3e20b8d
051baf02810894ffefeef030052d01060502060181c50120f634b6f9ea0c1129
f3c333120c029809f5121c8f01c5160d020c16f912e50a82ed910718f9f5d888
ea90c90ae6f4c602edcfb1dcb11f0806f8050f16822704dcf404350719f49891
eb9fc414d2073b11fd9eb0d412370611110519f42c150e35e7940413c70582d1
f98e2806ab05e6fec91ec326d7e90e0810050af404f50ca0f1829614cb023024
f4ff15fe86fbc1f717ba83c0fefcfa00f9fcf6e5aaf2f9baffb986ffd227f136
00e6c719e10ede1b360f3898b597211e020f1f0924f71119e7bdd12a934082a0
0987f7050205280896c5d5acccba0b0d03020bfeea1606c6f7323b1b3722f5ef
018cae00ba06af00aec2ab1fbb19030208ff04f0104604f7f5e4f212eba20b93
0e0fae0afd019003b535c8c7b700020b04060af793010419f68d121c28dd3314
092228132d04820fd23a2b38bd161510020e0cf4f9050ec2f2a08c208dee22fe
f2a3ecf921020cf4a7c4a017ed25f9fafdfbf9e0d4e5faa0f0309ff1d3d0e5b9
0c0914ec0e1724f02af20dec0697eaef04edebfba9c9efe1eef6f9fe07d2e42b
00b98fe7bd0a3ceade41a68ad4f7e3ec03e6eacdd937e79efdffcfdac0c9d00b
06c008f4880e9bfafaeceeaccbf5f2f315faf2e823bbee21fa31b3ed21f3ecb2
0bc1d8fd3114d0fba216cf2416a3faf911fffaebc3cbfea3ff1a04f21ca9b096
e41d1bf699f7f0f00e9b09aec9d4f6f9f301eaf0f3cdfafafb04d1f1d21e22f1
0f860cfaa8080dedaab32d22fbeaeff302f0ebe80be7ef38ffeaa2093baea909
02b7d0f89703defd2c0c12271c0ef2f506f5f8fe2bdbf40101f794eaa41510c3
0a23c0001b0c880ca3cf9cb402a705010e0804e7c436fcc2039628e7863709e5
01b9a2fe2409a1fc9309b6f190edfe010901fbe0aa0cfc0cf78221f9a110ed8d
0ed900f4b5ed0bee34f1f9b581dff8f8f6f8f5e2e2f5f0e2e435c4f9a7f3c112
1201c8ff2202f7f8eecdc60f2110fd050af4f8e3fe10f912fd17900025d30307
dca18a40bf372f5adb2d82d2fd8c444c3d4c441ad74148fdfc36beffe570eaf7
ff372a1c171c080eead114a8d21e160f0e2015e1bfc414dc02f01de687cfb5e6
de8e08f6e7ffcc008eeeba30e90002fcf304f1fddcd3fcbdedbabcc387c6a003
25a1d8f41ffaa1f0b5a4daa7be35faf2f9faf5fa1122f3bbf9e4b20435fcaaa1
13f285fff208d6f4984808aa0e0105fff1f6fbfd835100b3f430f300cff7cfae
e7faa525aa1aba24c332ee1cfe052a211123241e0ae522e9052d87da8345d021
e83a85f6a7ddedfdfea804afa99ffef0edeefce80012fbf3f61bb0dd15aaa2b9
ea90d503eeff9dfcb2a3a715c4ae040af7fef8f99fae00a2fbb0caf9b1e6899f
10bc04fd9c00adfaa61ebd39a08df4f8f8f8edea88fc00f4fe2123ffdb9df3a6
073925ff9211c6fa9ad9bada1cddfffd0aff00e6ec1900e306eba70631f3a098
ef1c2312d2143a18cdc6162de6e10b18111a1afd2e270f25fe9430e10dc89bcd
0622a8098804ae0493ac210cf4b6ff0e070504e7bfcb071cfd38dc0b9296ba15
fb36cb101416a109d4f8c2e1f5280c11f61017fcf00c131de729d70ca9ab1788
168915131c11101283ed0fc92abf1319121719fc36ad101f07b1b90aea18e7cb
00b9220f191dbb1b2be2cdbb9cb81a161d0e1cf5a7f60dd401c9210882fa19fa
f52dd315de2d9317d8acd682e19418131b060ff7dad30fa204d2cc048be0c59f
05209f12c315cc15ecdbf081cfda1e25180f0e22961d0dcdfdf9bef23312ba3b
1519270ca813c815aa36d483c5b819190e130d0d35ca0c8410310d1a02d4f630
fea091ff1c04f1071d37b38de0ed0e0f0a130813d7c30c21059794ff313a3b14
ef390f09350b0a02a0f38c910ac8080406ffff0fac1605b90bd59701eb2eae18
df200508c5f8fc02d4cfbde8ac231006ea01072499340eed00d9bfeee1209d11
fae10a05b30af40bfcf81cb1ed8f130c0807050cb7bd0802f9e109fad4ac9f98
ff01e60bd9131310e74c2021211311081508082638f2068efaa78905baa59138
0138f30bc91c0f0633c6d58cada9140d1a0c09f0d42c0b2609380df8c6c9dea2
e2be0a1082fb350fd4e6b221f8101b06fa0d06e2180a04360509ceff9d4fbac3
f89bfe10cc0186118250b225a0211a0cee081418a6370d93f9241028a8cae8b4
07dba012820efb1b2e10d5d637f41e180d091809fad10fcefc1d032fcfcc27d2
00f42408c222a30d18f7b831e0fd0b0f1d0c13ebb1a4fd91f4d0d4029ec6161c
fe33330bb901ba0ccfa6a20ce82e0c060c0d04f0f3ac0afefb3a9b01a106ae01
05a4a20ccd0aa717cba02587fb17171213131109ac0309ff04b5031bc0ff9eb9
040138122607d714ceedc48aeed21b0e100810dbdaef0a040510102fe7d7feb0
0905cb0f22059014a8cbfa84e70418150e1a120322c610e6ee930628c5a0c4ba
f2eeeb061d023afe8adbc3da9effffff0200fd061b940086f914b5f613dd3127
06f4b6041201be0119dec500c9dcfe04fdfd0102b7d900170210c70710988e26
ffb9320af30dd406bae9b92a8bc0110912090ae5a82006f0003bda1227d1a200
0f90950c0f14f902a5b4daf5dd14100a170805f1aef808fffc32e80e22ac0fdf
f02927fdb0f1f6002c1ca9300cd905fa020100d287b0fc1efba220011ee888cd
273b9602b70914070098f81d92160d0efd080af0abee10a90dd9c10a0e9a9afd
fcabc601140391fcb4e1ffefdaf8f3fffefefbe2f59cf798f234ef08e22f2427
0ae033faaef59af7131b3829edeaf7f600faeedda62df2b2f6ccc21484e600f7
10fca400ddfd0ffcbd37c7b2d3f9fc0109fffae2cdcef9e4fd99e6e6c90134da
069a1cff3bf4f3f913a1d488e7c7eff702f70205a616f6b002bfc5f6b8c73b0d
fbf01e131f10311105c4ecdae2f4090b010e15e0a8080cadfe31af0ff22e1d11
f4aeb50916f73a033c270692953b100f010f0a11120301ce02e3c21b91ae29a8
ead8bafd22ecdafe26f9391a141f09f3f100f7f3e90aee0500f39d11bdbdb1f4
f481ac1fbf0dd52ac2cbe513cc2327271d26240925cf16e9fbbf390782add6b0
f5c3e50c1a06a40ef2418336a1060e0902130bfc24c5098c0901adfe36e80637
f2b23904e5128f05b4e887011fcbfff8130903e6d12e069df7edf9f332c9e6c4
0bdac808d21b850221f992833735040811110ae5171cf7860382ebfda29435e0
dfbacd1f0717ac1a38232304ffa81920111a22ea33e31cdff82f26f104bb06ac
c2b7da3e9744f04b9bcb0c210496514a4040471215473c0bebee33de1f1b0f90
ef10240e92239213fcf9159bfde0191b131412e9edb71234ecf1c5d0f10822ba
06be8a03ad24000dd0f5e08a31cc0b08160709f7b0100aa7e6c0b8eba4cace33
fecba8f199ffe7f0e60783269d87f7f1fef5f6f523d9f58ff9baa20f1cb93828
16f3e7fd86f6d2fb2cd8ad9f2fe5f8f5f3f6fcdddef7030efcdb840decc5fdf3
f99417fd33eff3fbf42030d5b61cf8fc00fbf6bdbff1ff8ce82a9df30544fe86
0abcd6f72bf52afb8fe1ffe0e3a103fef40103d932c80611f099e00ec93ad908
061b35feb0fde6fcc2b28ef4a0a4fdfb0afbfcd7b410fe26f7aaf205921f81f0
f6b03604ecfd81f913d4f0b3e90f000af5fc06f9b11b02b5e810af0dacb3a989
fd332e06f2ffc601f3fd1f140a9f0d02ff05fdfbb33001c2ef9af50d9413002d
d49813f622d8a5f0a4e3e7e4dcc9edeae9eef1dbc213f582eb922df30ecebf1a
f92cb407d5ece6ffcfc311a9f3f90308ee0407fcf72b04b8ebc23c0ad32ee00a
f3878a099f031a07b0bd089db5201108fd1010db1e2c090eeab21209e7e2d7d0
12d614fd020b20f5cbb09938a7caecfe01f7fdf1fa20fad6ef2e99fd308e8cc3
1589afebf2fc09e128bde302dca0e9e9f0ebd8e0b5c5e6fff0de2606bc0eace1
ff2bbef791feacf41fdaaef3002cf9f4fef1fae1b72ff824e5dab9f9b9de14ee
f8ffbceb10efa4e8fed4e7ca0bd2e6e8f3e5e5e714f2ebd6fcfad6fe339ccfdd
eae6aff0331131f79fd89efdcaa2fef806ffebda8320fbfcfabde2effca791c7
01c09d0b89eba5070b0191a11b0bfd0bf801fed09ec00281f917de0b13ce10e8
09e3fd05c7ff3afbfac22fab03c807010900fef9d9f105deef39911e3cced5b3
f6ae1efff0fb2ff0d5c93abfe433eef201fef6e28647fb08f7a0e8fba9c71a95
fc8d02decced2ddab5df0999fde2dedbf2d3d7d7c011dca901b09aff33392531
e89f95e2e4e3caea8fcceea6c9b4eee3dde8e6d7d2f8e5f3ee3293fa24038a24
0993950583efcaf7379ab9bda9d7f902fd03f8cbbfb601a3f9dedee512ae3bc1
ebd8001727118514b8f6e52cf5e8161a171a200811e61a3c0016e3d297f4c023
a0d6f9419932873d02e2dfe7ddd54540294a34dfd76038d6fb8790ceece7e327
01b926fc310ab5f6d3eda3fca989fef705f8f0f3df19f91103bcd60bcddedc36
ec97eeee92ece3ec01c2f6dbd7c9edf4d4e5e5efc1deeec1e40d8cf8962a05cf
0e95f4fff0ee3a07e4a7df37a31deff2fbff05d99ef1f3db0b1138f90ab4069e
f7930bfe9ef8c0fc0e1fecf593b503fef60003dfd5e002c3018922ec1d3f3ae4
d9b32a2c07138e3add071afc2d162f231a2822f3c6f52a00f3f9edb9bdf583b6
0aeec9f610f9c0002c9b90c41e9bf8f4fefcf70b22fff781fabac9f5c5e1c0f2
020fb9f99b07dbf5f1c583168cdef6f8f8f5faecb804efedf1b792fdfb2600ac
f5d4990ff2e7f40eecf61dcbf1310115ef0008e9a1fd0c9ce8adc8f582133597
08aef8f392eeceef1d2e1bc92933edeaeaeeeedc841cf4d0ee8fb4ec0909a7f2
060fe9069628000bffceabd79123180b29111bf4d7bb1099ee9a15df0805cd9f
16bf97f5010816eb99bdbbd1d18feefe09f7f1fcba10f6b8ffe21efeb6dc2c2f
f6b8b2ed9e0490ef85e48297c19febeefaeae9fe84f5f8b3e9e689e9f3ba1b89
00970e11f005b511962ce122eec91b14041b0fe39cf70efefe20acfed611cb31
1c2020142f258b1224cd29c8a38d1f1a201b1c1b390916ddff2d82220b0cb4a7
18f7bf00bc11f8fcf9c039b1b30a03fe0bfefe12fcc0fd89ff01d609081025d1
199abf13e117c20d24ad96b1d1e2150c1b0a0905b6bd0dd7fa1fa30b2a2bb628
0e2f3405e0ff09078dabcc9ad0a707fefbfd020016d9ffaef8e2c00228a9d410
feac250e3310bd1908bbefd515a411141c1316efb80109bff7d80cf383049ca3
15b032100a071208f0d0e5b3cd2d0805110d09fba640071c0613020a8fbc812a
27e68fe9e5031de6e0cec223a006dfdeefe9eb0cbca7ec8cf4a4a60e26f6bf38
1ba41af4030027fd18a7e3842be6fcfc0a01ffe8159bfdbe01cf1f0804d23422
0a00200c9f0fd70e2b12ed00369409090b0810f93bc10697fd89c3fd2fa890d8
f79f8705be0fd703c2d322fdf9280306160c090d191207c003b714ec1db03695
f985f9f739efc1ecf246f634df1ce9efecf0e704ebedf301eebc9a00081e1ce1
36b6cee4b40b81e6eaf9839fa0f9e2e602eee70ccfe9e88bf2b9842699a7ecc2
10b8e5d922e69de28e20cc3c17cadae0ecdde3e7b688e289fbe4acfac3dfa1eb
06f8ba02c5139afdd7c8c0fab7bdfb0610010419f20afdb504cef3fc190eb8c0
f48c3c02d40df30c92f9b8e03bec0b05070eff088a020db4ecf4970afceb03de
0c82f405f20aaa052940c51891c8060704060aed90390c3affd19501c6001f18
0d8f8cdc1fe83ad8cbe903abf8c5c9d7f2d7d4ebc6b1d5cafe3995f7d9dda4f6
0d3203f9d1fb91f5daf39738b5f4f1eefbede80c8617f70a02dc9403fcc932fa
f8fc95088e0f2e063bf6c5a6afd0fe0406faff0f83f609d0f92984ef3b2993cc
fb350e07380f9605ef4e88e68117141508100fd5deea0e19e2fda116b35c0d94
2184f412082eb4140ab6c6a2978120142c1e19e3eff11a1ef902c00b1248a193
18f8b9fe1216fdfe8dae2ff5c2a5020517fd04f50139fbba11c6ecf2d3e4271b
15adf910ae1ec615929c99d4e9f611161a0e0ee8b4f916be02b689118ca2b9a5
072eafff8a0daa060fdf11c7118a08fdf60501f33c3a090beddc09041cf3362e
0521eff229fde3ea09e98de993eff8faf901f8e212b4fb8601eaedf0a0edcf39
04e62bfee8010ef38925d9e38497f2f203e9f1eac1c006e4f3fed0fa88ebe9fe
1bccae10dd102a1725a522380a99100e15180cdbacc7189d01e221012402d5f4
1abb3102320533ffc902de33dff1f6020b0afbec2f9cfff20bc4a2fea7bbe4ad
0e00dcfc0af98bff1aafd2ba36eaf5fb05eef704f0a1ffb5fbf8ef03efb4b4a0
f3d117fa0cf5f400390afae72d15fdf9effcfddda9a8fb93041aeefee10ab0e6
0429f20abb12eafc950417b9f02805050a0502f227d70d3b059ce629c306f6d6
0ed9e71db821c715e913b198f7c61d21142915e112641b0201912023acea0136
172f0c01f70e9ffc8afb17d2d6b0f4fd0cfcf5decaf3fe850ef3b113b4b3a292
0f1b96febc0301f0b30ca6072d2efbf401f4fbfbd3a2f7e811851108a2293bbf
01ce38fb81f516f9be37982a24f3f5f70000f7f612f4f9cffd9f2aee1d2dedeb
ec10a30535089809b9f3ec29d0b90902fa0502ef8f230b96fcee3aec32ff33fa
ce31ee48da48bd3f185e26a029904f4e4b524c25096b49bfff0486dfb4573acc
02ba1df784f5c3f3fb2e2ec6a0cefaf5f701f207a1e3f9190a94340020bca9b4
fa39bdffa7000af20ce80ecdafacf9f8f501fbe70aa5f6c3021ee000eed0f9bd
0f8b04f419f9a9f408310bb4f6f1fcf8fefffefca8d5f3c708b98af4118ed6d0
faddfdec0cfa99eaf8a92132ace6ebf5eef1ecde9f1c0319f82ba00031b004a1
ddc1c4559059945b010829e70f0c4f4f585a5deb89e04fee00dbedd8110a0931
ff33a8fee208a6febac491feb8b6fcf907050311a8e8fb3304952df5333c122d
14251d02defd180c273939dc03d71107ff060d019bc307cf02bfef11cfd09ddf
043900fbfc06d3fcf3a0aa81cebffff8edf400fbe293f0f9ef8535fae59612ed
eab7f5168e06e20bcaf5c503e8151d12f80c080df6a30faf03fe890cacf5fdcd
0b85a912931ca506e015841431971f150813150e04c7093903d61306dfdbe6b1
06f693eeccfdeceec4d5f39d3cf1eaf102f1f2dda2c5ef101138eb02a7c00517
039d15f1abfc01f4f0a0daa1afe3f7f8f4f9f2ec08fbffeef51beffb87a3de15
0f8d1d052509b70a3016be089f970c13ff0ffeed351b0621f131dd229df7b126
17378513bb0c300f9304bf9e943a0b0b090a05e213ab0f95f91e111ff5b7e4c3
f9060f0804000a058fd3eab81b28f9030205faf6e9d9fc88fd04c00985c41409
fcd7a6f70de59ff9b7a8ebad00fbf1ececf8f4fe1e29f5a9ff14232287e11000
02f22114d108e414e19898b5c6a01312071415edeaae15b0f72bb7149ba88fb9
f4bc2409cbf61b0423c929a437060b17f6090de1c52005f5f6e982229f0222b5
ed24bd061fda0bf017f92adf8983f3f3cffdfd0c354df90cf30a841ba5bcd411
e3dd8dfd04eea3f1324196b3b037f6fdfafdfa073626efb6039cfb020b06bde9
f58ac7e72de610e400f61eeba5e0e2e2dfeddfe99c1aea15ef07b60f9000a29a
fff9ab19ede5f30f9a26ef01e7991115ed1515e2aab817f5fdc5d71de21eb69a
e6affc0520013b193600bc8c10b412090a110dddb3db06f1f901d3038209df21
d3ad1c35d906b31c2e1809ae36312b28182d29f9950b2c22fac62cf8dd3b18b2
c9b73910bb0cf80d3cdf31e6061f1d1a12171c063bee11eeecc7ffe6b7d58632
fc39abebceea2dee13ca8b0806b7edf5e9f4f3e287f1f530feb0f81291f110f6
e2a1b31628f01f12cde119b5cde21111f20e1adce3ed13f5f7f49d1a099bd817
e6fe00f588dee7f2fd47a8afa6b7f8eeebf6f7f3abaef2f7f7da15f417a434c0
c8c22c1fb3f9151fd8c320ae17331325092424fe0015202bf9271d08b92cce8d
b0c73a3d0d391c42873b14d902d63b3b4f3939ec31233dc1ecaea1ec83bc018a
01b4f1efb6e5d9f1e4ee1e2eb3b0fdf3eeeef303e2ccf98c0ae4370a24e53c89
f2aaf7f90df6bafd2bf5a935b4ce00f3f9fcfd002cb0fe38fb203001d4ffc10f
e6ffc306c5fe3106efb896de2fea130afe0815e40d9d0d11e305d5151d351df7
01f9c6fdb3ecddfede4a99ec8fda0803e5ff0804d6f0073809dcc0202e06f6ca
e3f6cc01820df60be729f8ad81da08fe0df80b0bb3eb0a370baa2af6a2bd912f
ffa883fc07ecd2ff1c2492c3f3a6f7f9f3f3fb0783fefb17ee95cb20c6e3b891
1833d4ff00ff9b131caf15f0c70d0e03080701e817d215c3f4af8225da99fa8f
03e1c3fdf5162ef2e317b6f896e2f7f916f602f4f424ffd20907f50408c23387
27b4a5f9022586ff89b7919d21fdfbff1efafee013ed038a04f4160136cc0fdc
1210af1611109e1b84f5ef229200200c1c0c13eac9f60c1d02aba905f422b9c8
13b9b70e8623ee14a838fe20ea351b0b22161a05253c112d00c9ac0392bcb7fe
0bac16ffff17e0020ce6212fb68902010a04f721e137fb1e08c386fa2b4ed7d8
00d217f1b4ffb2f5b90003fb1a35eef0f6e4f52fa8f0f49807c9caf3f507ee9e
13db36f893181ff52dd689ee0ee3faf70dfafb08eb19fb3a07a0b4010da3bac6
01be951b170f991ce0dbceff178b24230f1b1df73a9318ccecf5d9f42d87999f
fe9fc0f7d5e0fc00ef00e2bba8c9fd00e8f4f816d02b000001d8b9eaa70aa091
19830900320ca6f79afcebb3fb8ff6fe08fef801cac6fb2d1000e804eedf8f23
041b9df9e61027fdac0f2c35a0f1fffffff7f9060feb01390418d4e58a158ad8
05e984f68f0083ed00e5a7fcff28eff2faf2e7fc1baef7c10e9631e7e2a59d8f
0beb1517db19fc0de79a22bf27a2121c220e17ff0f0e0ed9fe85c4fc08e6ba29
ec8386192c0f0c3096e50cddf1bc1a23132118e2149f23a3f38ce7eb02b7b124
119e39fbb3ff31ffb9e216c21f3be8040801fd09b2e6ffee03f71ef1c8d69627
f5c483fe870b82f63809c021e8e602f2f2f3fef5edbcfcd9fb35fbccddb799e8
f90ea2091308ab0322a0ede68c18fe0a030c0de7faf303ba03dfb30434d0c60f
1ae393ece2f9f4ebde21b4b6149deef0faeceae538b6ef330cf2e2f4abba8323
139af9f98e26c3fe989eecec28b3fdf918fe02e0c798fb36fbea3afba6c7ba8e
f8acc9fab9088af9e8cff5d4a5b0f6fe0afbf8eec60cf80f0616bcf3272d1e00
f1dcbfed26f99903cfb9a59ea2d8fef6fcf5f400f5e7feb302e616d8dcbddb90
f302f2e6a80496e5d11989a70fb1dee2fadbd314ffb8e68f059220e3bb1190dc
2f23c1f0f2081ff1c60d17be199aecf309f1eff3cc94f4cb05abd401f625eb0a
15208adb2b01dadf1227e52284d5d7df0ee9dced8f1fddda018b1ff8ac17992c
07f8b7ec140a83e8be361422a920e2e200efec0325c1e91e0cba2efd04d3e7a0
11f71102a6128af31640d383e52ff8f521f7030bb8cef8c812be3715f94599dd
13b50207901fc10892f2fff0bf3705fe240d0603e40703b10f1438fe3ae3ecb4
0bf8ab14cc1def1e331bea03dc31201b181d11e0d9111b030327ad01223c0cd6
0682b606d425c40ece262b0aa3c61b11161913f884350ff70ad39af1d826b4dc
12de8303320edd06c7ef19379eb303fc100d0a16a0c80315ffa00b0aa52b3ca0
14b8a801d015a6048624e7d0d037fcfd1b00f7ee3c3b0221041c21feadfa09a6
069e94ed00fdb3e382f785921586e6e5fef0f3df9c20f41df5fcdce71229a9d7
ddb79df9ff07a1f88ecefaf0a4ecfa020bfeffea8c0807ecfd1d1cdba62b303b
cb0da60fa2132523bed0c3a596bd1b192018150687ba1ac1f000c3021ff5ed92
13bb330bc121c0080bcee794b8b902071e0b091786db090905c03300a336a39e
f4d2b6059509d700362c109fd1f20507ff0b06e7e8fc07d80029b0f9a73e8226
0abe19f1f1ee20e8a207a3b4bc90e4eaebf2ebfae809f62b00a13bf61cd1e096
0cbb85f832f4c3f6f8efa1a2e0b4f1feecf9f2f2bcaafba2079a121aafef8dad
f52af3fa8ef2c6ffdfbfd094f729fffdec00fbf339a6fc01fcce86ff0dfd94e6
0cb7ea14e02b0e18a9052f96b3381b14271816d3fd941782f82d160830b5a50d
e012fd16ab05351ba7e6c7de36d01a1a110f1df3174f12bd08fe1aeb07d216c0
0a39e10127f9dffb8a1781aa07adfe00fafcf9e91aa700f606232f0e210907d1
0d33e6e732def3e29e97ad9082dbdde4dee9e912cb0de88c0e37b6101ca311c5
fea40ff9aff797ff30fefdaa01b6fbffecff02cf0adbffa90e31a6f79cd396ab
efaf1f160e23271898f4a2d8a5d9221e282024ffc8a010cc03af9ee8fab0de0f
f6bc3c1edb0fb41da4df0225d4d01e1c2513240cf816153207e0dff9fa3238d3
f19fcef782fc22fc2a33b9169d9a01fbfffcfcf6d7db00c2fc9ee1fe2e26fe3a
ef3caffbb0de8be888dbeaf29e3cf4f4edf8f8f0c3ebfadbf7b2ef058d198f87
edde15fb0ef0b6f3ccfcbd23a61ffffcee00fcfb961cfb20fbdee2ed2fcb3ba7
f9f2e9042d129701aa4b07a6c5a40403130602f5e3e6fd2cf8869df0f2160719
f7970b0003f6140b8bcfd622930f0f06ef0806f9d4fd0a15ecc8990d1ace9e89
fc061b0ff0ffcc0a090cc2b02fb51d0dfc110cf28ccb15a2f102ddfda1de9e24
09921707f70ead0d1a37f2a609b00e180e1603f3ad030e32eb9589f6c9aef9d7
01309417d50ba31024fb06c8f527100c040607eab0c60fd2eea2affd1adfe7f0
06e53809ef02010882baa2f5b9960303040405e9081301e2f82fa00531b2c936
fb0afd0fe8fcc3163929f0f8c48e1214fb1118d3a1c110eef28c1d09e8df080b
e331eb038aee04ffca2a84c7b8140509ef01fff210a500abe323fc04f8078cba
0215960a9eee0a07c73c3719eebf090af2060ef6f2d30434f0d31505f637139c
02fe05ff2601fd0439d924290b08080a000a05f0ab300010e8d6da020cdde6ce
0005ed099c0ab10c08adad96fd150e0d080e0c098c1a09c5f590030cf1c6dba9
fe270702040f370c0308b3afe7f3fd0911ff04c18614fde6f2983005392f910f
023bd2ff27f39405e7228a2a14c0fa01f80201d09ae7fc23e5962f0ef32016d7
f839da27e4fafb21d74b9615cc842b220a1c25ebf330221fdb138934a617e4d9
fdd62d19aa03311b17cefb94cd2b231b0d161efbecc51d38ed18f01d0228b79b
028f1b0cfe0db00d2910f7e4ca8e1312131016148ac310b4fee0f91e86f30de6
06dbb4099912d006840b2f8f102604041003031014cc00e0e933de0e03ac1d91
fff5c2f8e6fd17f98ad929c90e010100fffe04f5e4d6010e08ff88ff169ec7a3
e98ca9fd38f3bffbdfb711f43887f5fbf7f8f8d9f911fe37fea281fb21e8caf8
02b3840db4fb840909c817b1e2df0f09070402f026ca0a9301f5a318a3cce8d9
1a2607088e16181ae3abffdff6f5170f150d0b082aaa10ab0bf9aa1c0ccdd5d6
07b593132114ea12f8e8b8fb9cd210140c090ffd09c1111de3e72a1c23fabc2c
06f9c9ebcd05dbfadc3bcccc36a3fffdff01fa12d421f6eefcbed005ce030f83
fcc424021c0b340cd8b7aa04e6d40902090b04063abc0382fda1aff7cb12b206
fa23c104d4fec90335100ae698da09070306f5de383606b7f695a010d21e9125
0398db0a280bdb0f131f942130d81012020e06f3219a12dcebc8a015c8b88fc0
0a350e1b940cce0fdcb20df811bc230e25161fda36c91726e719aaecbef20300
f9091403900414029e3421d610ab02f203f80ffdebcffee2f6e9e9f58bd8adb2
099bf211d10d2b1104a4a9bb17b1150a2a1211fbd1a804f90c93f6043ac79302
13fef60c1215b1098cfbf910db1a1304160e1001b6b004a6f9effdf41a1913a3
1fea91f12e059ef39ed2bb0484dcf8f601fbf8f499c2fce601ba9a060f22318b
e5c783f891edd8fc1db9981e8db00402f1fefcf186b606a9fbe2a9f1eba3e111
f406d9ec95fe86febac8cff124c5faedfcf2ebf23852ebed07e8fde6b50b9ccb
0400f9111b19da0ef4adfb20aa1a110b202011fa2fda0f321884150ec8c1dabe
2bc3e120eb1ddf1ca512dca7add61b1f29211afd8fc621020609bb27f92b03cc
06e8f9efa5f5b4ec24f52ff0eb21ecebfff9f4dae3b3eddffd17e100d9323610
f523d900c413820ba1a5e32f89960e0f1705fc08041000ea189e94e7ef2b319b
fc32821415002102e4051fc7b0360b0e1206172106f706d3fda834f60644bfd0
d509f361b253ff4f20f39f1d0cd95162745a65eaa005589afccea61f89e838a1
f5a48f06fe120600bc39a0ef2c26030b0b0203c78f9f031e01f1e60e9ac1bbcb
ff1b03f40ff719f782d9ca28dcd0f3f2edf6f3e9a4f4f3ddfdac191ab2c79b10
003b330cea149512f3a5d4c4f91c1411151211f2f8e8fc1e0892fdeac01598af
1aaebf08d1049708a7c63a9d0f20050811f90cebfa0f0aa110d12903eddcddcf
03bb0508e716fb0637db97b6ddb1070c190a0a06b6a70aea0717e50535d7f003
108511ed34fd2beae3a8e707a5fcf6f2fdeeecf7130ef59316a2ae0cffdbe3d6
ee83e8efc7e41ceb1dbc2a34019ae9ede7edf9f9b0d2e9d1fe16c110d2f69db2
15932a0e9512090aa99ae6ad040606fe04020614c502ffa7041d1df9cbcafee3
1293d1f5a2f9b8ee89d4300038ecf5f0f2f6f4ebd5c0f28608202604caa22d0c
f91cc1f827f687f4a624f90f36aaf4f3f3fbf4de31b1f4e4fe2e0f05dc1c2bf1
02bee9f1e4f4edf5ec92fa9b129df7fdf5f6fdd70da3ef080625000fdbd4131f
d982e9e303f0c3ea02981de422caece4f4edeadfc1afe6c6eda1e5eba799fc06
182f820fdc1f3607dcebf48e3c990a0d1d071ef921ed14ed0d1ecf1b2ec10890
10b23808a811e206c91637b0c5f60a0210fd06eaf3b30aeb08831401a1e110a7
17022102df0b0d09b421172fc43405fa08f8fde3bd1f05080399e7fe8ef291f6
25181df50f11100624d9d9ba01f104f40afcf406ed20f7d61a92ac0b2f03d2ab
14288a0b852a99099ed1161129c3120e1e070835fd27001a10d82512c59d28cf
00da2efdd3fe01f72cc2d52c8524f6fff1fbfbecb0fcf1f306dad0f6c21181ae
ffee9dfc970b9ffae834e4a692a9fbf701fdfafca906f8e6fed0eef0a3eee8a1
090af10321f900078315d0b397fff9fdfe05f7f6b9c60196ffd5cbe8b0eafb96
0f012af91ef3d30104a8db151de3fcf9f0fbfe15d7b2f9b40132ccfc8ecbdd97
14e3e20ac122160acb1ccd0fc922110b1a0b080ddf2103c210d08210f5a9f6d0
09f22e1111148e11b0e79b85d9ad0f0d0b0a10169c26018307993504ff2a2384
0683fc0214011cfee1f90bc7ffb4fc01050201faf4d8fd0c0a0caff7bb06a30f
0f96a9261522b025a8e0c89998e3202d1f262df3061123b80c1c850f982324d7
281bbb103b0c381522f218a9e7e70c15020e16f5aa241086f80e940121caedcb
1fd6251317180b108704f4c1c7be0f11151810ef94ff0a1912d6b10f9c023c1b
0396100ed612c907b6c1fbf3bfa20b00130a00e49ff6fcc10903bb0a35ce3b12
00d42a01dd0084fb13d03209e0f501ff0805fddb0f9eff04ff0d0805fdbccd8d
07c68f099c10ef119112a726aa28050b090f02f51e8d0b040df995078422b1a2
19cd9ff1e9f781fb94b9dde6f0d5f6f9fcf0eee4a9bbf3da0d8ed6fe879091e8
18f7d407221bbf02e6e09986d9ae0c0b190311ff98fd04af0c37cd1b8de0c0cf
1ff9300cc6220f0cb2c02125ca0d1418280d0ffe39100be104290c15e92788ee
f988dcfcc008adf4b0efcd1c20a9ffff07f9e9f81225f8daff9a170788a3f7cb
19f41bfee718390a2bbefe1413180c07130703e98eaf059910e8cf0d1d152db6
1ec1cbf80315ec03e01f26b7190609f8140204019922ffa214f2f40c34d8e32b
149923fae123effc22f4d0a8e8d104fc17050420e5ff01b90bf7db0ff129ada3
dede0508d9ebba05c115b4d7a5a10305e90509df9b140629003311073ab789e9
e9b43cf601dc94f3c22403e20720f6f9dff5f5d12adbf7b2fcf9a50297e4e892
eb2994edb6e09aef35cdb3a084b1f2ecebf2f1e1c7faf5ad012e3cfcaae9db9c
ef28caf2efe9e1f138cf0316a510f0f0e6eef222d3bbee01fbbdc0f6ccf39ec0
dbf4a9eaeddbf0ede3c3bfae3487eaeaece8e81cddb0f21df23617f0bdf0ac05
cab423143bdf37128a1a31bc00f21014e4150eeeecb11291f520ce089f2ef6fd
f5e6e1ef12f18dec1c0dd9c3a290ededece8e2f0b6abeb97f88328e3c0bb2a39
d1a1f50081efd3fc06da071cf0a10402eb0408202f0affbc023597f683efa683
fa12cd03cdf4b40a36d2c0b5f3280504ec0b0ce934a808a8090ebd1d30909508
dcd60fe70ed632ee2635042d09fbedf0deedefc8199cf1dbf016f00531e0daea
d6c6e6e00cdc1fde9a232abde735ded9dedddd0eb1e4e2a2e79919e899d4e1f6
df0831f4d9e5bdf70ae09130a135f7f1f0fbff070fd4f70900e3320df0b633fe
cee70fedeadf91ecc0102a29bdc1f1eae5eee8deecc2f0d4cdee29ea94e0b5d2
05312528050fd52995a591d88db528290a22240c2ae226eefdbb840608ed81fa
ee93c813e7f9231f88e4180dfe951f16071a22f09ab816d0ed9bb7dfbe970dd4
d90c8dfa00d78bf681afa5d6dba6fbedeaf1f9ee33ecf3e0e1f3b7e938ef82c3
eb00d4ee3aee8cee3ad1ff22d1abf3f1e8ecefc40ff1f3efeedb87c4342ee704
40fafa27fd371c27b8d2f3d39e2a212434252ae527a425cc1837900803f9f43c
34b9391bd63a0e1ee10497a2fe011f252b2226eea0f51ea11bd9a4f69db0d8cd
e63206f3d6dd0df3290b1f00c2acf1f5daf5eadc1f33f620e489b6d29e100cff
00d7c4f81d0802f7aad28b91e7bef9f80c03fae029e4f936e4a60ae5a3c618ea
2de4ab1e1e330c1aa4d2d403a0071f1f2d2422eae93416880831fd1ecded1ccf
fe08ea22bd14f71fb5eb3593300b2828161f22c291861ec7de15aefa36e8ff3c
032593fd15181509103aa22c93f50e08160305e3f5e100aa00092bd7a6dfdcc7
15ed00061d1520098b08cd97c1930e08080c0ddaecbd078908a43a16ccb3de0b
12f3f70cfa0bd20ca49b972190aa09081009070e34dd0ea01a978d0aca2ad101
128f0f02ce1634fc92c38fcc8201fa051405fdd6afb901261404f90628a1c1df
1bfb070834139810bbd7fb9f8f050f060e1211fc2130193724f40527d51188c8
131cdc0dbc1fd60ebdf1c603fad30a0b2d0c03f2099f0de3f73726ddfcd6e785
ed16070c9dfbdc12a715b4f3ddc60f11000e0fedc3a90b06e006cce3caf8e61f
0e11b9f5c41e0ffbb63a3a1696910c051702fee131e9000a03028ee094bac7fe
db1ee41f2e05f71fa42e10a2e3f21e21081c22cda2d3170de50ad9e3a4d715b3
ffdc13149d0f1a1a2aa09125a10612140c1317e300971725f6a7130bf3940a93
00e390f43a0790ef30b895a38de6efec08f2f1e6211ff0e1fe9e8300c091909b
18e11b2237239d2702ed0316c1331f222e1a21f3b22d1c881ad21e16e3b49484
09dfac0aa91cdfff9abfc6ee13f205032304ffdc38a1fe3620d9c905c501d307
049404e5acf4afe5e3e4003a16ede3e5f0ece8eb18ede8de0ea336069e2214e5
fed0abe4b1fe0de223cbcdac18bfe1e2f3e6e00dd31fe9ebfce1b8ea17b3a598
f020ce0603ecef11e5bdf4bcbffe0305ea0b0dd5d0df0b1107f8d606289d9b99
0daf8fe2b6f005e8b4ae9dc4ecf5dcdeede1e1f88297e6befda6e20b92d3208b
0f08f008a0fda10a91139388a737fc04ff050a15e5f805aa17218c0f2df8d1bd
11c8920235fe9e048f039f3700ea0203f7050a1490b9049e14c3d416e53829ac
0a1bab0be0ff3811fc3be7bd9d980e0eff081400facc0cd012132c1ce1d42b10
f3aab4170afbd715afd6288536d11218f71318089825140607a0390c9bf2b2b2
21bd1b26b328de27fcaea213afbd2321222228e8990f24d711fdea1d1fff08e9
e98ee5dbeee3ede0a32ba4cd3804d9dee8e0dcdc8bbddf0decb5efe91326c4e3
eaa99ef421fe1cf12ae5023215bbf5fd05fd00f03224fae6ffb3d1028ccbb330
4b06b01e2c26f72391bb138730d71c24222329fc0f9823ef19e1eb2422b5ff96
06e606e182e739ec3725e6a0273be1e3e8e5e0d1d100e4a3f5fbc5f32e27aa99
f28f94e0d3e3aedc08cb280ebe03dcd9e7dedb03b01be4e5f3a9bcf0cbc68e2a
e58c0410d9f2fd1791c232aade8c1317f41311f0302a11b900919a0dff1e9bf0
ec0dfc0714f50505fc13060b97ee0504fc0208f7eec905fe01f1f30c9e090698
2eae8417021fd016f515973689d21a19161717ca0137173b110e081bbafa108f
1d1b3a201d19332418060bce0090271e14231d18f2d920961ab1fe2821c3ebba
fc9e32fcf20bd1f98ba1f1b599effffc11f8f8f804cbf78503befefb9ec8c2b8
0c911b1d3709c409fff821aab5d5271c0d18191b9e3a239405e9c12603bafe18
f4f73014bef7ed15062bfbbb95dd140efd1419dc87b310c0fb29fc0ece1935ff
e7393511afff3916aff1900686fe1c16031415e1b70616a0f6082c0ad3cb87af
f9b70d102914c9188a1d92012584100e151609e42acd16ecff95b8f31cb6efb8
07e4a0dfa10dc0e8a31a16a5c5c5dfddfce5e0be9d9be8e4fcd9f6fb9c078fcd
10183012d01ee117d53798c314c11c19241e13d62be915d40d8fd52036c2a707
18e42714a510a41b091aa41826d9221c11171bcb080c1ab2128e1b281045a995
0cd98903d117b2003cdadb951d330507220206e2efbbfd320a872d03e3081f37
1015290d31123408de08b694839b121c19070ceb0e900cf408f59a07db1af0af
37ccb30a3c349002f0cac68b39a0050e380801b9ba4404f60618b7f9ba0bfcb9
eeb29925d32fd61182fdcaf4e231181a2d1b274bb712140a17128e0a253ee38f
8fafbfcf10abf2e1a8f1f29289ecd7cdb0d6de1db826d73507dc17df93aca2b2
2bb39315c947a718223439fdeceafe133d110fd811f90db30ae3a9dd31f2e726
52f79047154d2438e2e2ec92bbfc504d514b515ad911403008dd9c392739c683
0da51224de14f72027bc3a2336a6301b19262255274b1c1a071f9a233102f6fb
a497f6d321e7e7d5b20ae3ada98ed9d3e1d7d009c981dbc98daad19e9d84bba5
2af3fe363005ed2aaf4188a89ef72f3b082a2c19ccf62bdf239e045c931f0bdd
5edada5922431853c159c715f8024d5146555316de6a479a671bf07f3c65a09a
7f1b2e319d4e012402e438120bf1272c4a212e3393bb2b167fc8b72b17ea9634
4285c81eaa2d241b9afb95edfb3b1f202d1a0e7fbc08173a2905affce9ebe0ed
061fbb0a2b02960e0242e9d41ca81b13190903189e7909fee92ce5060d5f81a4
c4f9d51fabe4da18382137eaaa0f191afa2016159adb14844c8dd3c0292dbc8f
a93c93c2d3e032bec99aa5c5f805c6bfdec7c2c72cb0c9a98212a3a607acfe82
3425d32d834b8b2cc0c5cc25c32b2d3a662d30ddc30a311df7039a1afae9d4d9
061d35e3e11612e0d381ac27e3aae2e107dfde9d26e7e3b6b22dd7bee797b02a
091ea6dcbaede709f3c6a4c20fe8cbfdf6e5de08db080809e72e02b90ba101f7
f88723cff0f3fbedd9e4dd0b02ff2ff6d811bf01f3fcfbc6fddf0490e99c08b1
fb2b0517bc08b6068ed7f5ecabe7a6fdb6fa1ffa36fd07e5cbe90894a690033a
f6d03fc0ab0305f81e211dc533f80df4ebe01200d8f001c4a3b5ff19f4b9f7b8
08c0f80eba0da4fbdfab84ca8cec200adfa2e205a30413d805060bfe85be0bb0
0ad6b0373afae319c7b4fa81c517b003e5f00404ee0b11afd4b9091f0edc0e84
fac1d781fb080bfddce4d8acd3fbc100d8ad01f935f5f9c1f2f1f59f9bc9f901
10a321bad01088e20e92388723f19004aeea2b00aa0c04dca4d6128cdc260395
1403649e8e133b0cb1999615ae00f80f900f130beb10150bcc390f0cb6310cee
0ecd14c006fef7f9d2dec1c682f3b00c053b04158e1318379cd00984fac90597
04f2eff11f00cd062990a3068109b1fac786b4fb19f3f5a20587fe168387f82e
0b26b222b40527b9e01ee4c2b7eed60faccfcf0bb906030102d2032517ea0832
57a61d95b5f519c4cc9929ac989e25543b82ed5b2166532cc38a6bb983875fa5
14222bdaf6febaedb91a16a7e3b7be18259bc113081510e2f5b2129eb20019fe
08be53bbe807e2129e88859f09dad5fe1ca30501130e0230e71505d895c30c2a
008dc201d40ec61521bfdae5330521f91d29b9efb5f0ed863234f922b6a0fb9a
0427a7f59d0f89c930dce7d6c2e2c8030109dd09010f1a31c8de0aaa0bec10e1
2aa1f9efc316e202b210ff98b5c69423effb172bf32f30ecb5b133e81e2b2832
0c2d1ec09b05fbbdd92ff597c3ed8f09d8d4f50dcffc02bb14ba0b000fe70dc8
fc31c296e9f78c04dcdbebd9f0fbe9fd9339e9098700eafac1eef917fea9f812
0b9fa7fcbb16e0f6f823b10b0cfae803e33b1b029914029f05bc0c25141b07bf
0096dc1109fe97a8b2a2b1fad3f6d2f887a0e3f1d106fff4d2f5fdf10ae0fb9c
f2271e3cee00cb0eee091faa82eaf1eb8fcb00f012e5ece9ec90e81dd004ed91
04ecbb3c24f1acc51aef8fc72c08a9f4f1c604f484f5fbef361ef21cb7cdff96
04e3d7eb92f2db0e8dc22f9f0ff7e009eea2ce0d100512a081a103b8b22c0d83
0393e138aef498180a309383fffdf4f638b2f6000c07f9ddca130382f6310016
f99a52e19101f3e4a2c81c1aaefebef8ec2850fb0df8f98af6fcf185f3e1f8fe
02afe8c7ddf823e1ece2d23ad1fa050fbfceff0483fd0a8903af07b6cac20d19
01b61b150ae0c10bd98de295e5fa24079002000a24ff04030a8907a299d706ef
11f6d62105e0f8f60d8ec7920bf9940bf5f3da0a0c0b0cb42ffc0415891e069b
0d29e295e815830ed11139a0a8ffef11c1c73fff210b0a31899109a5e6ae099b
0229f7f618188ce6cefb31a4e300b1032898cf01c1fcf718e9c1fadcf4cafd83
00f5e8c1dbff2ff9e1a1edd222fff6fbac24b7021df8fc01be35f8c92eccf9e5
019ef389a0048cbf0bba989b2019ad03c523def810fc05e690eb05edcd8f01fd
fbbaecbb01d81006c4141698ab0ed6f5378d20f4e9f6f22b87eaf0f8aefef3df
1ee515b5a32bd9e71394989a9cf5981eb6f8f820fe1e232b0e8c1e840cb81c27
0febc2961e1086f197a0ebb9e8f7230b9b22f80b0816170d09cd162701dc1595
1695242910fdc9dc1bedf2e11f0a8c082681e2090305082efb0a0feb9a870e21
fcccefc9150ce8d12dc7e08cf6068e02e736d8eff5f4f184c9f6eca9a000f0f2
f5bc869fd1150dca1cbe2cdf1f0236f3a9d8adfceff1f5deb423f3df2498f783
10c322eeba17a50acaf6d4d922f134069a38d410dc100d19049b0a98930a02c7
1426168a080407f5a7d0bacc08e6340ce3cc21138d2613c5dd2b17f7d7830c1f
31c59ab88cdf23ed3805ffb7d4023c382515e345f3413bf40c2452b387973889
06acd0a29b0e8af6e78a25c206038e09ef9e8a093c06ffb2e83cf610bfd1fd32
f9f29932b51821ea1ebec8f727fe9bf50620da0324fbf9001afdfd9f2134fdb7
fc01e4138df7fadf87b1b9e8d6fc2010a3ae13fdb303fe85b00ffee08fbff8e9
04e122c09605320beef903f78d049f0929f3fa14ae100c85bdd10ae7ebf20fd4
13b5c7e10123d619e8f7f8c6dd0bc81590c3c42517151cbfc2b31105d3b41839
0939c1a2da1490f4998f1628fef7111383320f1a050e129fa30f0e3516930ff3
ffc01e9d9b0796d911969f02e0feedfe952bf301bdfafb9f8efdfcfd3529f60c
fdc03acbe105ea2426a93a87ea2336fd2f0d01f5b9fcf3e9a284f22ec9a7f7f3
05032f1dbc0d3527ca3cda00240097fdeedb19fb8afef8eff037fe872bdbff83
0effd71fc03b1cde0e0feb12291ef70afa91c108a31009f3098b139ae6310d86
06d425d331238edea0e8ebd0a91afbfaee16b2ff8f02f816921e03ee0bf4fd19
15b11faf3416b0e123f6bfc6d219be080f12b70cb1130896933909131cb7091d
0003c4ad2bfc371103da3097d61699fcd3dada0a8603ff840137000fcee7fa36
0e32cbe3bd0ab2fe8511e738b5049009cfd8fb15820a0f338dc30dc195001107
f7270bb4f20939cfa1caba0fb3fdd0f1ec98b0f11ef600a51cb5f4b0b4cef515
fc2707a0abf0cbe0b390d80f2d0cb302e1ce0a02a70408d6e39f0617ff081318
0d13f8edff0086cdf01d9391e506f40bb1c8f8089b0e16a536c201c5f7dd0ecf
0de7f1b1fa17dd1c902d102da210bf0eb19f0d14cd111233acf61101a4340f07
03982585e2f486fa1df51ae0f2fdd20ff4efd41722180ac0e5ff0b29a7b815f7
fa8aaffa000e11049811a1e5cc022f0ae22bab06dd080a3cbceefff1c83c00a9
0b86f5f8d60b89ed9da4c7929904ee0ec5cb1010d2180ff7a69715b994e1133b
189ed9bedbf211e7eccb8addfa19d80e093126102e171d2cdabe18e129eb1385
ffa9eba1e81b8ef22ae8918abffe13faa8061302db03062bbd1ff93005dafd04
06c0b0b9d50aa9fd1d320fe7cb15c3138918cc0f9f0e10f4e2f315fea21506fc
092fb31cd42233a9e1f7398deafd2609cbffaa02f10a0638a2d50cea8f8500c0
ff26fd16c00bf308173588fbab0cec00a5ea1d08f40302a0c025ff1b319707e9
fb19c4acdbf2d9d7888410f68305b9f9c5a226fdd2fbfc2fb7abffda1200f68a
fa1ef70dd40be4c232fec784fb1432f2159e44fd8ff7fbe50b1505e5220eff15
08e4c39a90149804f23735ca100e2f0584d0de09060018232f0a0a20938309e0
0c94eddc181eedb7a4a206c2de171111d5f5dd043408050918b8049aecc20af2
0cc01dfb0b25d2b6388e17c9080ecc068238090b0c0af82a140f0c19c81dfe21
128ff238ad08b9e0a83306128524340787311213390f0da8eaac0b95ed2cfce9
fde0cb0a9701b7f88be6f6d701dfd0f8f1bae504000201ed1c0afdad04e30418
f6b3afc42608c7aa2e9004a3a8dc90f9adbcbff9ecfcf6c81e390300d601fbe2
f0fcfbb309fac8f9c1ede3bc8fe416ffe4ccf2f6b6fdfe06bc89f7eaf20cf71e
f225c8f7bdf298ccc6ae8aafdffc20facaa9a5f63cf700cc9725f5a99f1bf81c
f200ee290fe4bed096e5d5ae2ad827f00cfbd8f41ff2fada1b8aee071501eee3
f4e5f21308fda1ccf095dbe107d381fb0988e5fa30f3f330f98ef2261290fde7
19e5c91a93228be919a7e8e4b9ff941b1ca52820081c17290fb91ee1dad02429
0d3a283a8c278accbfb018dabb0585189bbad219d9101995a1dd133418901794
00a1cefdde1ba4e0ee861fd188ecc102c53ab7fdb5fd07c42fda00c08a1dfca3
f6f6a5c6e204d7ab04f0820008e1f4f50fa023ea11edf8aff3abeba88dfdefce
ef29d1de01eeb9ca22c813f102af8af825d4e9fa12f6f6b5ef35f285ffbaf2b2
35092aacdf20b62c95c1f5b6131e342dd9bae751ae3846242e90462a99323927
d3fb1e0327dd88c2d6b8fbfa2817d1e68a1e38e9cbdfe5eefef7dc0392b6d9b2
1de819953b1c0ed12f8b85b78df61b1e84bed728e32b1eba06c921cbeb9c232f
0200e9b7f4f7e8e81be10ba8f9d4cb0494c2d2ffc30105e1aac0f8c78d94fc92
0bd7ba259d020ee3edcc009aa0cfa608f4d11b0e13090ee123a511b581bc0228
25df2e908eff9b1718210abda200ef250ab90f2e9e2220833c1329c516f521f5
2b0b00e98313b430f41908911f15e13434c8f73ec3382c232ccf38f836363497
27ddc80eeb0e391108faa9bbff0cfd239b35b634a729258ee7922baadff232de
0df1e2cba00fcffd84aa98c8cef2e309fb87c308920c109111c606a58bae0807
018dc1e02ff4d907d1ceb5e3abded6fa2c8acbfc1006fe8d393800a7b21ffd96
fa91f7c0a6f73bc9eb92db8c02c135fbddece201b700f40937fcf59c3327f2ca
04fdd5d31804f0d9b2d6d6a439d11805c9cf2213ad1008bf2ad104b7361104ae
fab9f290fcf2c2cfad2acb2a23e50bf1b18227f8cffcf60416f4efa9efb6fb04
f6cce52cf1ee82cf15eb8205fefed2f3b80abcf1c8f5f41a3389ee142d17f603
0dbaacd9f0ea30ff82259a2b25ff101826f6c90c2819193b9308153901c30fbb
faa90c2deb09a2cdccc3f43a3501f801138d9a0cde0b13d998ab08c4eac804dc
04d2eef5a819b422d62fa422a8031f08d5f0bb029bfd012b2e9efa0496dc01ca
03caf4d70afcf0da239e2aafb1fe1b07f7aeeafe29faf925f50fec0c14aef8d8
0fcacdf4dde5c50df6c0a01e20f51201b135d501d500f7b7d2bd0bade38206a3
f10825be21fac9bf90330dff0f0922fb06ddf8edc2ecf2e0ca38f9a8ae9cecec
0195d48d2bff3ae22dabace82c07f20027ecf1ffd50608bda52b0ecdd49009db
0fdd50b424f2c7e1bfbca4f288eecd1624ded9208316192b13e4140f9e160bd1
0f9031368d01df0386bfffd5e0f0011dd4a8b816f01a189b00c012b3d6050c18
06f8ac18191128cc8becbb1f15fa8505aae905f9de0508fd34e301f3cff7033c
ea0ec994a8edbfd9a2a02b8e0bf820ee3638f5ed38efebd4ee35e0d301a5ec12
1abd171dee08df0c9ea8db18cdee11161a201915af1317073a06159433a70c3a
341bc7c5edffda07211d2cb633d8ca37c904d241c94243da8ca64bf1df9b3cf3
0ef1b4e037108320a4919be496e4c12081ce1522af1e2c1c270720302d071b32
05e6aa098c0b88f503a0f4d6a8f2b003861bf60d19080cd83ac5043cb8d003c4
050bf3a7ddfd8fba3315f913a3ff840922c3f6021806fd87e2b1081f2413fa95
14010aa79d0091fe2c0700091eed8e1021f438143216130a1bfd0c10cb1408f0
08e6e819ccf8e01a85e739a7a3e80916b3d8a91ae50b0e11a0af15bcb0a00a2a
0ee2418a1afadcfd1291b13be4f3810b919c9b13350b141d05dd0d0289f80a9d
19afc61835f08b01d9158aaaf305c204fdc5850f821314b0c28212cef22f12ba
0713ecb610e5cce9bc811793d8fbff0993d0030813030397f6a40a91d3e7fd2f
ffbfbcb38afec9fa0cc4af0723f6f8fb91e4bcfa8c00fb1ba51ef1f126bcfdbc
0e8a25d58f00d9c51421142fe3fd8c083198b00ed10918fab7ccfe32af100881
07f1dff8d0ef8b05f79f8b35070ff7078efa0009b80d0eb8ea35f8109a3709ae
09aaa4ba0bf213e53c0af5a8e207a9fd338bd30197fdfac43c9cfcb5199d00be
e603f2e01ceb1e0dd90015ba251526de99efbae5fee9e80aa2d9e89e1b06e086
f0ade639ceec22d6a3dd8489360b31f193b018eff6f8ed0d153afae1f0c9eef4
f4399ba22a082cf5cbb78c3adf1a0503fc9f17fcfbfffc9be3b700d7a8f0fafb
ee34e8f2ad19b316d0b6d113dd0ac6f187f805f0e3f7e8a11ed2ecd8f323e586
f12600c32b1327c6b784b0f70f08cffe2d3cc4f92ffcfdd419a1f903f020f288
e833eec5c1ff23cb2632baace214c7e3a534cfe231e9e8ec1608e8fd2a8be3ab
0fcdefe4f40ed2cc8191e983b81a960ccba01a06930d08f822aa041b17de099b
0226241ea4191e0ef8aa35ca3a020001251624febb0405ad150dfdd1f91e0104
fee6f6ba9a0ee2e2d7feddccb206dbfd3ce0c3ffa60000d4d1bd029d2735fc3a
07240ce4f113c6de3287acc1f11ddd1308d9fe0df71410ca35e512d9e4110a12
f0feefd5c9080ac6389ae3b4380335f2e436abf59ae9f118363cec8febf7eeb9
229fd4f4abf8e51906bf23ef11f5021694c4c31e9d1a22d1cb9d14ca09e92302
ebe1e39b0be0b91f2390e61ee61015e82aa71cf53be9f49d0f81eae3be87ef94
f12118b809e418ef970d9ed5a7c928eecd2e2af224f4f0d3bcbbf3eabb01f8c0
0c0fa3b11a010cf7148a24a6fd0fc804fcf6220a06fc0aeff48f07091eaa09df
05b9b12426038dfcd4e729e91011e004b38ab503a1f4ff9a2be309ca33ecfcd9
1ce3e2a916f827f3d40ffddd8effbe141c1305189a15102615bf1389e2321122
f4f915ce39d2fe0c1bd42c06f2ed86efb8be27fbc7f6f9e6aaeeedfedafcf518
fa17211929dd02d0b8c8d6839a011ffbc9fa0bfd3bf707f731c2f51f1dc100e0
09079ff1c5f121e69adebf1f2eff99089135e8041700ffcafa98edb238dc00b6
f9d71522e3f111d29aec0cb7a703fd0114c20f06e9faf81115fa01fabfcbfacc
0c8d15e3fdf52ff28b87bd139f090b12becc2014fa090cbd040a0dc00e19159f
fb109af6b0f6ebe00aa5a0d135f8c1fa3807c1fa8ff70c1114e6f7e3b3cffcd1
05ecbcec24f1ef02d302b328e203bd03ce001603810c0ae1ee8af8d1b0f7fd1a
1e98cc8da8fcabcdbbd5a0188808101ee7a91d24d2292201dd952103d7e01c8b
0fe2da0cdffd9aedcd030339c2f71606d4942005d00e029a98a305930037070c
078f28e8ce0dfa07cb8dd504a3fbdc02cfa6bb0990060d2436b50f1917c107b1
03abd2e1d2f7f81f2528d382e7e89fff19ace00887f50094d5b9ff1ce9a3fd3b
1da1b037ea04d3d2c4359bbd1304f711cc840817991a18eeea8e139a24c3191e
25f4e609c81b08eb0fbbbfe7a5ff191299dd1721cc1d19b693861f9ea7fd193b
0c9ff09b1707bcdbfd19ee9cf50bd514f026f608c90e11af1e080fe72386168b
0db3d2082f0b1800ab223112f407e3082981b6051e020c123c8f0ba7d69a0798
049a0d2a330bd6dc9cf0e1bbb60ed904ffa2a50a020008b685a60bd3cdf10324
03acbcbd9a1893e2b5d9f603d600aafff7b03404e2fe0eb18692042321a8080c
11b9c30b200cece6a98385b58c0ba1169896ee11c017230210d61b0af8af17c7
fe1f12f712fffcfb0bd5bde5b302b101dff4c607b8fefab29dee02c5ebf9f5dc
07c23f29fa0382061d12f2cde72ba609ce160e058a100eae1895058f0a1e0d97
1792b882d1ff8e172ce39e36a731081e09052019282828820b031d08000f2311
fb241ed6ba10012bb48ad2be9716d102d5fa02f813040581bb9206fda9980521
fc2ad534f60b1dfb3794040e15072801dd930001230507aa3df10800f62104b9
1685faa3e102ce23bb9e118dd00a9810b0d0cc20dd1c17aa96e51befbda712db
0782ba209f06ba17ea3ad089050cbd082acfe602ab0f08d0dfc60ea2f7350222
fe90f82b09f136e33cfec2b32e290e083927ea07ec08151639930b04832c0f3b
01d9068dc90786f405ebb01ca916ddfe2d881700ea07029d91f405969cd3058d
1189cfac06f88bc3c7e11e352a11c809f6d1dc09ce09081022c410b99af907d5
05ca0537fa02fb129717391487f9e7030799a503d0fe032d2ff00d1bfcf101da
091420c38609b4e1981319bd380bf81094880a0bad161121ec98150bc4c2122c
07ba280d810b2cc9d420f1e3b71be60d818ea310e50d0d891f8c0fa414e50dbc
07eee5842400ec0b372fa4e8fa1793fe2591affbc80610dd05dafd0ee8a20503
09f50fcf04f1bfe70b3637b413f41ff8d2c5f7f5cf00fb05f6e4f6b58d00051f
f41a1282c5f8dbfd26caadee2bfbaef3dafb0eeedff3f2acc9d5f1b7be06ec94
fccdd68b9eef0dcbca1d22a320fa2aefe79f2aedd1effeaea2ceee87c6b8f023
14e8f9b0b9fd31fd1db9d9e596fc8710aa10320bb20e192dccbc09ce9cb705f1
0ecb08a0e1fa30090508eb98a7f7e6fedbfb0c03b90df4c83bdc0326b6c60136
1bd2b919bef803ddfe13f6b103f3871a85b04420f9111dce258f17f09ca10d85
fcb49e8d33068a17fe88f5dc8cf5ddff979824f2b2f6f5840cc5fadbd1a1f4e1
13e4f4d6b10104feeaf4fc9baa0acd0d8aceae02860316b4f4fa0a13de180b90
108e2402ceeee0e1b291d125e3d7ef0bcdc7c7112f150f378399118f13c90ee2
f62fe0bc2ee7dae300deb0aa33e9f1ee113326f0e1efee11ceb7e5a5eeb2f3b0
13863bd82ff6e511c8b8fb85ca01f017a80c1613fa1209d1cdfe11dc2c340f31
19140721b61eced6143c20952904aa13240e320daa0a14e3d4f41308beb0132e
15a2c0eae9fa8bbf18d7bed31cf7d60dfdb3cc1385081321efc7109e89300aa3
de01b7eaeacfd5ec9b2722a62fee37df82dcefddd4ccd786b684ddceb68ed6ee
0ae2c69beee500e1872c8abbfff4e40ffd8d460c2310149b85971d20bc0a141b
19f5c23bdc13e4fca4fb82e905fedb17a8ba481ce718172c34f616a0fd1210a0
f131d1c3cd01d5e122c31012b91119fb1117bffcb9f6fab9c484ef0beb36f6ae
081fd3bfde1191d2afbb8d9f3317ad0d000d3c17e50a10218a9a0b30ca8105c4
0c3b06cdc611fafb2924bdcbeaf30c0ddaa25a0f9d0b10b227f80bca0b210907
11261f83961e200ba4180a942ff98b15f0334413d918119fb5d11b9fd08b0daf
03d8320bed0f96168b0ace2990f10a06d1d8fbfedb0002b822e904e688c90198
fb953284220584da11bd06c6ac059cf9b81aecf838eaf6d82a1df7afb094f705
ff96dd9df6fefdbf9494bb11bff89afbcacc20f20beaefa82597fca0ebe6f2b9
01e830c3c3101fd818f3fa8608ff250532eaf60002fdfef8d1cdfadcf6eefbea
fb14e397300c00eec211f6c72fed2efdb6cfe5f2eaf4ee3bdaf2eb18aef5f605
f6c71dc30cfbc70d3785083be6e6bbf72ed43ce8e3f1ebf1fea8ecf62ceef4c2
f5a0afd707f1d30416bb0028c6e1bceda8f222eddff7f2f7eeedee9a1800f113
facee4989f06f4cef98d911d3a048df8908a1df9b2f8fec79311049ca7ccfde8
f7be21d2d1f4e7f8163113e395ff08011d05d0f806f8ef071198f09e9519f120
febd3ad43810041d82ecab101200f606c52ad9ff1908028f91e3fbf637e4fc87
e9d71ffb06f0a71036991e8e89f90eed1513bdea1be3e7c2d3acea8e189ae38b
043305cdae13a8de9685b7feb402bd1491fcdd0e071a1439e2cf19f4293b0eff
1a971a8f0814b0ea8e84f816fe200424fd26f71d98232cbafa2f2435ff2024de
28b1b3b7e82c2c10d0f2d3cc95e5a63099042a2afd2332cb343032ec1fda2b39
1a9d10c2231588210c110b37ade22c1dadc3a918d50e1be0edcb18e1ca06180d
fbc7b796d9f734229ac58ae6c8f508001336ddf8e0fef0e0b23cf6f6b0bf0005
0935cc09d90a81f8c89930c3ee1eab0dc3f7fa0a1705ff2387d206d8342e00d2
05bbea01e90488f098a1ec9c07ee130197d51bfebbf901d5d608021bac91fd2d
190d181db4091c1729a033d29dfaf61907ea211c261517852fc6128db6841edd
273cf0bf9c0ce3f2ca2a1f1e1d023b1734da1a29291d22b6968a30c991b42704
00a9c02ffcee1cd7faf200e82df9d3012c86d50307faf88d2220fc841b930aa1
e2bce00e13f239efd0e586a1b40218e40c3006e132e4e8ca192be5979814e939
f6e5c3e7c500b4ecce05b6cbe90233f5e43732f2adefea20b827ecd7bfd7e530
f6cfb89f8c07e6f810c0bb3baee7d4f0170214f89802f9f70192f28ad9b9fbbd
15a1e5c0b2210fc4c39e1b9c00fb9113e49cee1d171f1bedc19e17efb4a91907
fe11070acff229eadc85df89f4f828f82aeb1cf910fefbb60607f6e3a49bff09
f5c331f98bfc2fe53b26d2acc80a39f317b518f520f9f6b2b4dff5b726e1f032
f8e1c2d7b00326242a2981b93cfbe0f59a3410f7adf0fee836d2fade8a81f7ab
0501c28e151aa0d692bca4bb221ccefdaa20e9011f020b15b0f20337e78f07fe
0d2fdae40d1a8de39a0c86e90005e80d163b1316a1151fd7d4f51712f2f00fb8
fae9ba3585ffaffbf1089c2f87e19feecedfcae7dfecf2c4b235ef860fe6f421
01c23e368efa9e01fd1398dafffdd8f8bfa101012ffefb94ef3cff8b1911003c
06d9c6ab1a0da223d3a22ef1b8093b06ece8090ac50a09b3852406aeeae4042a
fcfdc3c1f8fa8ce1ac22cdd3cb141d02e3e3e904a6030390338f0604229607f2
012b0f29e7f736163cf6e3083604ed023b2dcaff98fafcef1c2805b6a0190205
031b2615d5f897eef11b1cccc1feab05ac17350acaff0d0f09ab0209da2000a2
fd0ff400f3f4b70019c427c4b10438f689323dfc85fef6d1b719048127f9ff12
0494c4bc3b0d0b181a2524f3b1003af9b6bdc7f5e5fef6843906f6e4f1ecf9dc
00bed6a4ff0100c5ccf03911f716affdb797e902b30902d4cbf203d3fef4f9eb
09a6b183eb11ff038b1bd618d209ac0b010aee002c0e072ac3d50a19f6f705f1
f41209a9e9f521f4ff82f82dcf0b23fb3ce0bcedb7faf8879bdcf09fdab3f1f6
07e8b99b851210ef20fac3efb3f0040e17c2fb0a1d090782ca310b9515b90c3a
0be5d2eb27ea2401f3d5e0a39c1de00db6b52800300d078faae50ba3a9f30a2a
f9e9a2e59be033eef3eab7feba03fdfbb2b1f1faaa01fb31e32f01b2de3b001b
0500bcb0040235c7dcd3a797fa1cb107eac204033b05f92ee831033938db0320
0a30aae69411a3eec8a423e6a0fc19110e160b08e4080521aeaf00e8dfe708e3
0a2f002389f517d4c8afb7beaffbf601a2f7df0425070219cbdc0498d19b0815
ea283fe387e7b4d30b33ccb6d9e5a4f6d32af5f336e8eed0e8da01ca92b6e3f2
2de59ff49e04e414329edd87fbf5a725e20ebe2bda3034b4e93833c7b0fd330a
00a4a3f710f9eeeba21b34c9f2f5aa05951d040b880c0921322706ba33e713e5
ffc1ea3c1bffd0cb2704eb8be007180a91ea19042a010209b019f5a6dc37ffb6
17deb6dd2100cc15d69f05a885eacf1ca0bced20da191ab3c18d1bc7e210198b
f50adde316eddd0434229ea538f9f50302b513efe2eff5120313fce125cfff82
f9e211baa4efd9da2d27161510f7d3fa34a53bf291f1f982b003012fedbff4f4
16bef99af7e8baebdfe608c0fd14b0179835c614f40c13c1fc8e0e85a5971024
130ee0a8a9f99f04010716bffd04c71335dd2117230b189db7c013e9a6df1286
f22e0a8af3193b2a93f9c1bce101c9ec2cd7b900f8ff0090f3bcf82ed3dff935
10bdc5a2affb971e93daee1bd8e2d70dbeeb2f0b951011c0e1fd0afd0d0f08fb
1f2e4ba52805b319b42d26f7f6e1a720279e0a29d82328aa11db1df002fb240d
0dcdbea02403d9e73991bd10a0f68d0399994808d0100fcb12ad088ad3e506a3
0f1631c72e1ee920069a122e30f3d4038b3b010f15050fbe2c15fd8d8d19feb5
03caccc82a003a26008f35cc8fee9207c6991a10eb091186cfeb102d36f60822
f5d7d99ddcdc9ee52c30afa7a10afcfdaa8613f7cfedfa0ff0fcfa03ca0ef312
f739b30a910885e9a71c9a382105a4f6dd33fbf5c2f9fc8883eaf33ae69af8e6
e7a5fc242605a2dae4ce8a813601edf299a2b9ed9eeef3dbd482f13096bfefa3
1028c5183218b9e838f1ab0ebcee980e90cbdb17ac1915e3cbe708141d1316e1
20d9e98c880ee4d5200df535b6e9a11ccba2001e88231d93e399210de61719b6
efbfdd26fffac50ad2e89d2c1d16e7f3812fbbf383f7f68e24f5f897041bfaa4
cc10b5f89dfa0212a2f1eec20516a7d1bdd9b0ccc1ced1c9b2c8cef19501d11d
eec3d6c78b01270786b4d6dc020df9f3d5dc14eedeeef1a6f922efbfb6e5f3eb
1b85c4a315122cfec01b871a06ef8526f3a1bf21321623b1c2261de836831b28
08cfd0231107b7e331b0d63b8bec270b3c39f10bbf1306dbb6ee10fcaca50c99
ec201ddb9a04ef19ec8231abbafbbff4ad17cff81ff5f50688f8f3e79925faa4
f6d7a3e407f8cedea8aaf1e3c60fb8feb6ec0c00ce07051bd007052224c502cc
e8dbb1c4b3e6ecfdddce8234dd0ac9f4ba26d7f2ccf4eb15c70af226292bea06
13eb09c43a0f1122eac6f2eacce1f10e2ed0e313d80b140b092911fc889007fa
07d039fe391cb11304df282d16fa9302992adbfea1fd0a1bc7b901a62ec007aa
0bbf2d0df606100f22f6b48db1ebbd0007bf0708cb010708a1250f8ccde202f7
0fd724e112eeb8ec382fe5e92a03a51d2328e41b081c1c36c1052195efa11aa2
0d1f39eaa30a32daca33a1c5f100ae0bbe863e17231214a5328f0b85e71c1210
0814e9ecce1a2ae7f28ea3e9ee03fefd01e5d4030a01f924d9b7fe2ae42a021d
0cd624a004df050b1803a3ecaaf5a0fdb1d21700ba050886c0b20bfdc8b8081f
04e1e1da30f520c2cec4d8c2b2fad402b497f705c60706de97a90719c23100f6
f83cca33eef8ec01f6eff92cf9facafd19b7050f9d080cf8c99104c6e1210a94
feb6cfacf0f9d7ca91f10bf0dbf70b0090c80d06dffcf9f92cb4fa152931f9ff
0214d61fbffbe8f4e13ace97c6eaa100b9e3bd00850006f79dc5ffc1d49af928
f296f1c039fcdbefdaee871ba1f7eaf6ec83e4ef13f0f2f4e200f201e392f5ef
f2add797f00dd1c509a1da0dacfffde5bbd9bbe9b7e8e7f8f8f3e90d98e4e6d5
0221fff4daff9025ffa5c60d11fea80b02faf8fe30040607e3b908952fe009bf
04b4d4b88be4f1202c9784e10df62305befce5f5f2f5fe8c1ef0f9a3080d03f4
ffdbb8a4ef1533f5313321b68dd3aaffe9c7cef396fafe35c937fc0a3497fba3
1001a2ea1f05d1d82e2faedaac039615c1c7d5128f0f1235129213ce15370eb7
1300d1e8a51bf4ef169ac30bcce4d904392febfb0707fe029e8b05198be9ff13
7ff2cdf3061d92d5ace698edbdfc817f15f3cc7f037f7f12bff37f820d247fc3
48ff1e23d70c22fd248ea92410e5bd5209f7b7352945479c9c99558ac0054af6
07adefd12f02bf1f0130eaafc1d8b402b8eb2a0a8b0a15032abe03c311190bc8
02b8d6cb900382d08282ab21aee0350b1bcac00d220107a1be95138396b4fac8
0dd415d2d41dfae815c997abe0e2e70b0bf3b60994090cc4fd8718e515d90fbc
2ee417f003030831d609f61b3c038623a298283400231929119d2715008c2d2d
0cca369fbc05c2f5cfaed0eba7f1231597d3d40caf0404231db519ec8feb10f4
18d22608b80add0cd0b20ee715de940b1213c91784090ce0b0df140ae2b50fd0
f8beeab799f7f2bf9f23812ab6def2f6f534a9f0d3fbf41a0722f6c0dba3f887
02f0f21fab0630c4eedbd0a6d0dee2fc06b50ef4c108fb1a30e1fb1d84f501be
070703fae7f900cde718e4eb3cc7c6098bf31605fa0cfba3e0f604c0009d04e1
fcd81dc60af83af9afaeb7ab0de9b002fd35bdf1a7fcfb9a9f9af5871a10f73b
0413092a2ae21fbe06cbe48bc6cee809afa0ce041b0608a9c9a2039fc09704ff
fee21b9302f8c1f82636863626f2c7f91ec7b9efadf4f59ef4c0f1108ceafb3b
f6c5b409ac09dc10b9d40aeef2eb18fb1287e9f3b6fb02f8f70af62a90f4fb9b
e429cde008d439ece3d1e80ebcef2ae2e88be6e502ece28330a8dea4d331ddf5
df29d386b7e922e7ced281d5f6ff03d3ff14fad9e7ddd798c3aaddf43ab0d7c2
ffbdf02f8ee99be2162d9717d300e1f9be96fafba6fefabd89b0ffc02189efd3
e69d31ecf706881915e3d49afa05b1eeaa05bae9fbe4e4c197bbe718b0abe688
ef1b1dde9ef2cdd485b6ac07a503e2f5009e0af619f8f021a733f7ef9db6f6f5
deb1d5d995e1fffb8ce9eaf42cef2fddc41acbcf85dfddc6a32bd48583b0d52f
e589d437a6fa8907e2d636a3da11c0f887c3de06ab07fab1b308f62ca0a3f4d8
ecc2e38fb8e8d8d5c1ad0d25ee14f6ec2a9cbce2d2ece70afc98e3041c39ea97
e8fab6ac1404b4e5aca69c93d21421f039bef2e629dfe222fccae8d930d7e0c2
ed07caac1312aaeeb031e9b6de1c81f18ef0c6efc2e6e6cbf9f9ed36a097efc9
f3ffedb2c60b1eceffb4b599f2041eeff32a14e428f7e8f590e6e8d814fdf7b6
d197c00334edd4db2ca6d1ae340905cf90f4e7dae1ddcf30f636d8fba0eedea3
eb27f1d49eeba91890e12aeb24ff96e0e626d8ea28e8ddb00ed4e9022af2e5d3
f219eb16ebfbc804c1d720a599092bec021c20ee1de9f2ab1333e8b3bff3f53b
f1c90bd7a80b110bc3ef22c92c14b1f410f2b1f8c9eff8e40abaf4a8a8fef0eb
ee1281bcf115bac2b102eb312a16fdec1206d0eb8bebf1cebaefec318620f6a0
f7ac96a1af20d0cdcc2fd0a5efffc8f2ceb5e8f5bcfcf5f89904fb1cee1303fc
060910280303e20eeb0bf7af02eb0af810fbe8f4a3fe00ede63906abbbe5fdda
e4e3fa9fdde1f8d4c6cbff9c8a05b1ecabbd18e7c0eeed9fb3dbf0b3262ce59a
db0bf8fc16f4bacccdf8261a25fa17ec9d0cb5dee6e2dfe338e8eb8cdbe4ea09
e4e7daac23158800fea63691f3ffade8caa9d4e416dcda121f96e7272cb7eb0e
e9f112e0360fcf0ee3f50b8e20e888dec4c0c7e8e2ebe5e3ff94dd8bd1c90090
0089e73a2d019dd9031cd79bd4e6d0ebe2d2d1e82301ef07f4c5f114ecdefe92
faf62b9e94f724c42003df2cc2e917f620b901f4aafefdd6e7edfda599bcf118
059a3ff286f1f713b2adddbec1f6e7088d160a07360505e1dda80b1aeb37018f
0ea9f30c28f32f00a38a86e01802990804e8e112b809068aeb870f2c99f70a8a
08b7ce14d3f4fb1bbbc7b0bfd0f418febc053b053408fe1a2b2106f9d8ebfea8
f60205c88cfdc7c89a19308127dedcf198f407ffe3eff4c0ba95f9099718fbf3
04a1d7062c08fadda1f8033313e1dfff9f063ff386fbf6e6f5bf04e6cacd0037
11be2e9dfd0b8deecb30fdb7d0efcd0a18f3ed02b50c098b9bdc0cdc02db00bc
129747912703171edd342e39a8f8950c0414f2153c0f09ae33a71d9282f80d0e
091ad0d42708b8e3a1e936b4cffa0f060fd1cc071a0407bd0b1c08e483fe10f6
fd182a05dc11e2eaff0f8e32d1daa3f9ff0804f8b6f4ef10b31ef78fa52cfe88
01ef2e89df1c1c1a2a8bc5be04ebc6fd2fea3afc8cfbfc972a1301c2f5ef03c8
e724c0e40c1f201d822431eb33e622eee7082ae7e7e5e7c78518dfb5c7ffe2cb
e7f204f0121de116ef342114e7cd82e89ce83eeca1e6e609d821e32bbfe2ddda
efc9eb3a851e8510b9aa1d0510f20ff3bfbadee9d5f0efb89e92f2c6ce2ce98c
051a1e21d622e4cda02aa3870cd5d303f2ac30021203fff48db400e416b9008f
fd2c53c8b21b8a1800be1b068ff624fbf4cc14f717fdf9cdd6e7f99598f005d2
059cc6def813a5f2859cb0a3f3f8b20033aabb04020707d1bda40ab7e61001be
04fd040608f3dc2c8a03190caccd05022092affee10300911533fbb7e70cfae8
02a417fd17fae2c1ecaadcd015f204048ce1d907d50302a410c21205d42e0287
02af00edcc20b001c718ecec0ae5a304bb390cf986f6fa2001e3003bfee5ff86
0202fea72a05bbc8c81a2989f3da2104a723fcfdd8ff04d41abaffd4b20505f7
fddcd0e9eff5d5d037e607fb2de5ae0296abeff0eaf6f6ae190dfc2783c1f58d
0321c714820698e8bef11426bcd00f0737e5b30782fc04cf1bd8082bbe9ffcea
00a61dbccc07e1020d888d9eacd79004f72bedfaa0fd01f811060ba2268903ff
f81c2de2c211b7cbfdbfc90a12d986f5b2b70c04fff9f98fbe2ffab12a0cfbba
1904492beaff3618259cbe139915cc0bbab2010b0c1112f498c6119299aa12be
01c60d93931a01df1da61bc50c252bffc0acc308a407fae2ff2ffd84cb12fc85
0e8c03a42d0314f0bfe1a4ebe216be0a8adddf010003009e898afcd2bf1ffc27
02bbeb1617fc0021fbb3bb26ee0ed9ff28bbeffa2700fccc078efb02e0befd9c
edb914d5b9fea3e8298c1ea60d19effda5e608f9cbf6f722afbaf188b6eafa08
14e4eeb1b6f43928f2eda0eaec183015c9282712ab181338c82010b29b3216e4
fd0903b2cef4d50cf7c18a98870be402b31322ff2b06fdb7eeb70be010930531
fb820db7d1f7e8dbcebbb88603f81afb0ed3cefe08f5febdfe09fedebde6f919
082bdbe39402a0d99bc79d0b8511b707a93ada0822070fad3c2d0e1e3b9402bf
fbf2e31605fddbfcd0de35cc1403d4fdbfd7e4fc91f8fa96c0effea1c192fe1c
19aa2ed03805e6e091d1a00c140fd31dd61afe15fa1e1ee3f1c9191fcecb1ca6
05afb5a5ad0205e33788ea28d3d3d410241aec08830e100789f20eb6effd0efa
fca8bdc02bfcef21321f91d298f03c0104dc17fb12f3fe8999fdfadc21bbf6fc
fe253034c4039a0edf2bb6d3c912acfa16f4fffcfcf301fbf7db00a2bdd501b3
0ff313d2e7268a02c3e3370fb721fe1983c4d90fea1417241acd1a1338a81a33
17da1e3238011b0aaab53921fa131a0ebdf63d11011c1928e8f31a23da181529
f4ddec9d9ef499f0c1c43bd884e2b2f9032ec6f622f9fc0304c8f73b9c2bfa25
0505be02a4ee85e9d1b1a3df35e8ab0b859bd607b903fc22f4b0ff2c14a1feed
0dd9c13ccdf5c303c9e6e5dcef17ec01f59ec4132a0c13289bd80f01870f06fe
f6930121a5071811392db52d071c05fbc5d0d1f5e7000117aaf6f2bafeddf804
19ca0236e400b920aaa0e40b1d17d70e060e1b18f81a108be32414f321231524
003a01a911feb82b1da390be3512c80994342e053404ff9a1f2600bc14eefc15
0c381cd1330ce3cfc5e330c7d916b919ad01000cd90b082cff191289f30d05bb
0be6bf1ccdf9f1d799ad1eadc7171907acb6d8129808108f958211cebe1105c5
f8f40fa0ce05d6fff5b4d9b19d1cde031aa2e804e8ff02a60f1107c5b394019b
0481059097fec8c9ecb406b3c1e43a01beb81bfcac00f93329d406b300310124
fe1602af381e90bf32b7891d12e614ff862d0dfde403002b8b35f99399caf39f
03ae0abaf21de20a87cbd01bdef1eb04d90c1affd3050595bdf40834c1a30187
11d3e0912e06e5c3e7aaacb102eee7081ca32310a5120cfa1a330db6cb980c03
f80521c80de2220e93fa31e529d5a2fdfb8bd70801f9f73394f30992ce2ef5c9
1484dbc401f4f009d1adfc34d4db310d29d63a0e20110f9122e1149d29860d94
0ce3e5c9d5010a18d82cb8e0bee8e411f8afc61a881313c7e51e1209b3c612cd
07d91918ec1e19e683f81c2082e0fafbf93b34072006059ff69afcb4a7f80139
0ee3f2ccebfd0afabbceed248de08f0fb5172607ca1616a030f013c8cfcb18e6
000eb6defee01207bb39e5960fe00f0cc7b8ee0b25090a08c3f407d6bd310e92
129ee8afac05a70939eeafb532e8ce11a71bc10df9141a1faced0d338df813fa
0394afcd1feacbb7c013f8a297ed0e13f409df21b51d199ee40a13b60b031925
070ee4fba012c7a5bfe592f018d8b20895e8a50ff6060cefb48c0b31c0c50284
1114b488d7f620001b00e432f0da900bc1f5ec11300c132ba2ae159cccc311f2
fef9328d01f138bb25e39b15c2d9e1043607d903d1ff09abf71c012633e707a5
0dd9e105c81284cd2281c12c10fd160b2e841b08230d092584af0705929f0900
062430160d092fd3cdf3078788011e0fe1c8ef0e06080ccc3ad510d18ee60e21
098f27f0fd1af4b7aec387989efb9f0781aafc01940501101ee90bbbd6cd02e0
0aedc7bca403341396b210c413eb970d0ae7f907000a0a0007e70ecbefdd0dd2
01c20caf100c81e196143ceef1e233f8e7a8dffa98f6f3a0e138f43ac394f6e2
ff0c15ea9bfaf8ffd40bbaa09aeeccfb8139e6f70305f4f39023048e2c9cf8d5
05baead92a1b11dc3c889139c7fc3005b4ebda05fd06ff9290d10cf1e2c6fc27
0af9e89eb11af4d8dd2015b2b502a50aca36170f05080bdd8cf3109b21240b24
0fe4d129ce1a35b1cfc6e584a9ffecfe28e22f01d1000531ea29ff2aadfe0589
04ed05d1ce0326f6f423c11f1fecd7f792e104fb0d04facd9be9f6ef8912f8de
11bfefd3af0c37ec0becc3d7c319081008151c1abd0c0994e1a71d9cc4b116b0
04990e20ff0cea17c99a331de506160cddb7c007d902fdb731e9fe0fb28600c6
091ceba63100d00327c1c0251d04f70b3c25150704fd09d59a96f328fc9c038d
fff3f4bbd11ba6160bccb2c088019d098c05d7060a00ff92edac059d22a00120
09010725341233dfdf29353a8b2cf3fc8316e4f9d206f516bf9801a237e50ad2
1dcf401b9df5b6e90b2be6ddab08bc1deaddf5250b1b1a1724bd102bc5f212b2
111409e99df3890aa3ff892bebe733199323d2101f1313360d991b051cb2108a
033a14e8fcfe00d0d4e114e6130ce902078621f13901042eb2b805089a1b070f
e710c423f804b4200609cae6b011c8e7e08ccfe128eceef219ece421bbbeec08
02aed8a0f61115fa002e28f83b1e0df9a52d13fc3af9032325f7faf104aef8aa
1ac2d6e121fff506dcbc23969e0df41bc1f7c12087162736fee21312df26139b
ffb0bca607fcc906c2efe2dbde01d6031ceab6fb84f7048ee11806d4cdfa0532
f91cd4d5f713e2faec81a6eccf092ff9312707e810f5eef9e135f2aa961efd35
fdcec0b1da18bcc7dda807c98b123cf4b330c1f03cfdfadd3608f19ea923fa1a
fe3c2dfba3fc3ae182023a8fea0a22fc2695c8f439effaa1fb32f00ae0f8fb93
06b901a18f0cbd082b9f04ac9e0ae412cb96cc12b50c19c617f60d3a12b50fd0
fe11da00d02532e2ad2bed2ce60eeef6f49ff1f8e3f600e1eed3f0fbc60c03e3
fb0997e5e81d13c922fc3ced1e01c1ee95a101f22af1eed4249becfca485f4bd
1521f1371ffa2aca16a4ece0ccf7e4030e9af509ad0607baf5b9028dabe015ed
0b8314d59b01d5edb91fdc1b9d0edf03db82fe03b3f4fcc435c6fad200b7fcff
01340507231ac7d0e72113a6ce25cbfa9324e3f9b90106cff599fd15dcf1fdf2
12e624b0e72b121eba9921ef8117cb0d0731fc0cb2110a02a6120fd793be0fdf
141db3a9190a9b1007d99536fc022206c50c1d0ec41a0ead39d818a9183c10f7
12c602a2c1eb21e6e0cdc1aeef0ac310c910e316f41d1720d82d0ce18bec0bec
1ceec9cf32102b242acca1ebd919991abf14d81222131a902dd016eaa0f20dd5
ffb0f212f00c90d0a8931db2c0dc31f406abc7f713fbfb179a11ffc926feffa0
fbfcd4a0ed0b99ca328138a630dcc1f58786c5fcf300fd921fe3071b3237f5b8
05211111df0b20f009dcfb96dbcaa30012bb3502dc0f0ad78bb915c29b8708b5
07e1bce42805e0f83ca4a932c3c7b7feb911f8fd2a0500c51b8304f62031000d
fe850322f201a3f1f7bd94afb9c4c5f62babedf8e7fcfcc8e894fc891229fcf5
04cbcd33250fe0e7f0e509859ad5c90b0f2af50917040ae0efea0d3116360315
22bf2a9fa926aae620b6f9beb114931e2095201d8e232097ffa11c9812282290
32d126baab15f20784fee7dbed07bf2b9a26ed2d9e2f42341eaf3e0e16143609
1f92dcb18c30c7faedd5bcd28ae7352091f5211d851b18c90b2f1faeef3313f9
009db0cdbb0124deff8ffbc4ccc0a3f7dce51bf0bcf9f3f1f190f5c9b0dbf4a8
0efbd58a9f1000d794b38ae686c91915e5321416e6141127d9fb16361fcc1234
1d81bf17c30fbb3ca2de8ca3d8059527f5e0bc2d2f2531d81ad22cfe11d833e5
04813cd0f5eafa16c7e3a705d8d1e0091ee5f4092b1118ebede2133ac9af13b0
043be0ceedfffeb9b18a8ee9b6f22d10942acb09d7fc06d7b1be102935881229
06f4ccdb9a08da0031ff87c6f1c41a06d61c060d290811d9a719049c06350712
f8cac4bed3ebc8e20109d714f6dd3a07abe22200960b00cfd7900ae2fb250290
23b2bcc9f81d02cfcaf3a428afedaa28c1d8082cce1d1d8ad0b62ab9b7d21b1f
28893116870d0b1ce099a135b8d78c1817e4fa2996222afb990d24b582861d13
25e6e389381feaf78281aef3dff8342891f4032ffa2422e286d523e20ca624bf
0214e4e7170febe0c6afa384fad8b3fd12dec9ff26fdffe6c52ffe8a8feefc07
ff05f4a03a000ee611d4a33a3bdf82fb3bbfd2fdc20500e6f6d80120ea89ffff
fab4239dc2002109dfd723d3dcd594f80832ddfcc4f9f4d21692f5cb94daf6df
1623f8f9f4179a0ee5c9292b07c6a006a28aee1b8a130c9cf9c610a41df5150f
06b9e1d28a0e190ae2d918e736c415fc0b09f30b830a03cbf0f504c6d91205c7
f90ab8cecf0287f4eebb3b108de206f1e707fafa8efdfe8803e503cc8edefe2f
079fd2e30124b130ed8a0b93ce2ac2038e8ad5f48eef0332923c05adff920081
119fdf19de043811eeb3c2be2f0d9c14a302e302df120eb900b80935deeb0700
0f9ccac681ed002ee903c41fe6148214032eca118e1619e7001f06f2fb9c0fb6
13ee542200ff9e2e3a0fb1f639ff9414ab11d214d71017caaf0915c7c5221235
faf21331ce09a71ff5ac36900616d80a8c0b04071cff0a82e5d10eede6380ed4
0235ca96251208f529d8169c8c12c9fd2fe5f7031307020e2ed9fdd7bf1303fa
06dbdda2cbf80de1d90585c10df71104afb524f41f050ce8a0ef07da1fd10782
f5200719c4e3eae91ebd9832d0e1d0fac4a8d0fbbefdf7e2a7f4039e2a990617
09e9dce8fa02b720102ae6f7adfbb008852bbd07e61409f7c2b61281889b0fd8
09904138960cd409c082e43b1e0cbdff85df2ffefefdf3de182500c0ffb902d2
0beed126b40e8729c0e2caa7940ad50db00f150dd30d06861eb10882f31b0fb6
fd9e21e3a0fb2ed7a51f00a538e5dcffc71da8f596fef88730b4fd0319ea02d5
181c18ac17ea93d1f4dee5f8d9053117c28b1c18dd20243782d724fafcd82bcb
fa9d0feb21efc6cf1a25b3fdc4fbf2f7a7a1e5fa29fafbaf8331fb1008cafa0d
12a909fa9716d5daac13c4c20214df090bb2d20b3701fdc2d5be00e1c32c07de
fe04e58e9a10f7f4a5a409b798e9b6fd13c33efbf600fbf43ba4fb11a1b6fe3a
043cfff4b2f1afe5ae050bf581f71505c5dcef08c80605d9893c0ae5fae60ad5
04e1dcaa870735d3b321dea11305f802c6d3d907820b04afc5deff38cf8d01cc
082d2a36a0ec2cdd19bebc8ae20182fcb0c1a5f5aa060a29879702b21334ff1e
05983ad6d6052cd42b8bb0cd8cfab606ab021b060f00092ef3110f0bc0ff0bc5
068bae98e0fdf4d4bb868709ea02ae04adf7f0fff20a02a916340aea9b8407db
04f2d187def527efd8d207f20cffce0e2dc200fd0904029eb2fb089304d5019f
1110d093e40cf20efaf92bd32605b916db13ff10d51018d593eb08269bdd0da4
10a31c93defe8523c39bef17360ec20dcc08e709f8090f8729a114df8892fb9b
0db9de9ee902cbec37c0bd8d1f1928fffd98da091afefe96d69f0b2e34f1ff89
0b85fc9f0efbadedb384b698f507f00d0e8e2a08120b0abd96ac09f8380f1317
03291fd6f8f23213c4aee824cc013af7c8ae32ffce05f3889d15fc8b0bdefdd5
0aa4f73aa8feb4f798dc30c69405ac0b2de20112fd1303c3ddbd092aa59f11b8
111ba992f003ff019c0ffddceb18b917031fef122c191522073c140ebd011886
152f30ff3cf92ad8d8210cc8f70ffa0b2a8f240c021619b68d1c11b68ed80a87
feca11f791f5b5f1832bdc3cacfbdb073b81da04a9040931a6a0091ee2a20bdb
022facc026fc12d78414b92beb03affbc923e6093402fd363435078c05320723
01c4c72504009903e601ed22a1f9e5022fbc08071d000783c7fd0e89b0ddfef8
fbccaaa626f6befb97dc18e0f0eed9fe26840503ad040323aba0ffd9972ffb31
feb0218413f6f4da14bc2702c9ffb0fa20002dfc2efc0ae3e1faf5c4b8cefe04
04eec71bab139a2093b13401e0eba30cc5ace60cfd1007a51cdd0ae1a1a20aa9
ea05d6f3cf02af1b3b911f8dabefd4f73935cff129f1f1cbe6f1ebacc4d5f4e5
ff820e82c2ed86eae1391b343c06990cd615de05cd0f01feb22403c2a5e907c9
0dfa17de260cdbf40719a906bf01fcffac02b5039610099439940b2cf22309b1
019aa81e241304d2d783128da0f899f8a4cebc05c107f887a7b300ace6c20485
082b2cd1010fa1d3fa90f4af06fe0b0b1bb2fd0622100dc0a1ae0285e0ba0ecd
04f23bb0f002b0d9df9f2d29e500e70bc8a81dfac3090bc29cb903259132030b
0612c4138b13be1f8ce201302dfd200ce193cd0c171611dbf0bb0fe7251d0d28
0188d7e6ddfbaf1a3bc2a8fc0c05a5fe05a4fd05030dfd883bff0a08e18f0ffb
ff053ab794f433e6d6232896a3ffa7ff370a3bfacc07f4acc4bff1fb3092f62a
0fcd0feb9000baf80afd22d5d403d1191dd71913ff131502fd121222b50817f7
0b9e47e7b50893ecb58f273996fbd40fda13ff0e241613d4ab9c0fb130150cd6
06cad7fb2b10dec4edd63388a4fe1e01e49b3e052205fbd6a5fa07b8c7b50804
06bdd232daf8b5e9f9c215ab3410ad00d61bf2009d0bfc9921b20494c3f30615
0f9807193ae6dc1938db2332360ea60c0fbd070dae090fb926fe10b78707081d
fcc4add4b5e6b2be8726dec7fa060af48f3bd6f6f4f5f00f0b12f3b11720ecef
efe61a87910922c63aaca2b01c0f85e7ee8ffbef99eeebf1b3b3eb948991e9dd
f2adfbd19f10131ae4bbfed2b301d7f685f80dec8feeedbaae83f83b3611ee2f
f7c5c397d50ff1d5c3fbd521a7fdf7fabbadb5ff07edfcfce836ebbc38deec0f
0334fdd7e206a5e3eae4edc39c03ee070bb60bfbd7f7f3fea0a70ed0b72efd28
f4f5b03330f1950135a6df17a80bbefb8e0bbff7c6f4f821fb03effaf229f2fa
f404f5128409b1caea03bae09617e4ee9ec6f0ea02f5f11ccec1edcc2922f0ff
fc3300eb2305acd7c2f7cbd6c603c3f896c036f482fa0299fb23f799f724f5b2
0223aa09e2fee0e6c7ffa63bd608f00691e7ff0ce1080af5aa8802b9d5d807b7
03c3ddbfb0fdf0c69635add22e0f0e0098b61e02b30909c2c128ffcd0d8d080e
f7e7dc2a3208a61e85bb81f7c3141ff2bf94daef8df4f134bbb8f30fae89f43b
f9b70bbd8b1018ed3b2c06a624f9b0049bf1eafcfafd0032e582fdafbbb0fc07
3ff46618bf072c193cfd09c7d6e994449438fd4fea4e4e25c4345934be3847e5
08d4ccd1982317f4d52388b614052112278a1022b01b2acd33e11f92208416e8
f4e29ccb0cfb22fa8fa7f2bc2ee02ef72485c605f401060b95f9fa2702be09cc
f4eaad83eb10fd0637faed840512a8f9e2b89efa9ceffa14f8fcfeaf25e3f48e
f40516bd9f0490cdc295c70ae2091a02fdd81cfa38fbfe2c02bafeae85a202d5
1b2008d2170df01ac1be8bfae1e3de1fd5161024fd2127ff1fc62cf1ff3726d8
fcd617c3c7f802c120b8eebb1506c1f7c6d0f1f2cef9ee059b26f622269af787
ffc21ae49e01e70fceffb8cfbb14c1ffa9e8eafdc0040339d914041705da01f9
fb830bcfa006a3e0d68ec8923b02f7f5fbdd12f435fefc14bafbfaeb9be6f3a6
09e0d78e071031d086de8fd1c10a8406138ccefb8700fb1bf4a1f82d2f3a02e0
16a514f91805940f9fd499bea0f8f912b3acfd1bca1517c0231718fc18191ae2
0e8428b8cd06e6ca1a2c88f52a12f106c4052807120804f596c50802affc080f
16c2ea1af0f2c4e22ae78528a90b9c1acb9ec30ffd2015bc1fcc1db4370f0887
16c62a842208ab2aec27fb823322381b1919af2306181b95a4041497e39615df
16a22cec9d128723d2e7d390191e8a0fdea8aa1da51318c708c613de398e17fa
1d0703c11d192ae42b9dfb33d322b811dcfbfb1735171af4c8be12169f34150f
1823c7a6f506e2f7d2f697ff0410c117931f0d16f11f171ffc37151c1a1716e2
0ea2e4eae604a5f79996cdd8c116191429b5ec1b950f0ec8a68417db0ff50a10
02cab9baa2ff2eedc137d19ff00e090fc2a506091d0f0632e6ee09ab821407b6
0314cfc505fb95e9219618b004033409c72b260d29fe00a89532000a17e901c9
03f0c9a216db0ff11de73911c5dbfd03b2edff023c0109bedfd80704dc25fd06
0b94ebc88cf72c161ae4b1e51406ee0be292210df302078a9e18ff2cb5b906c6
0f14c825130c3711c6c5e893f70a1f17eeb5d619a50c0e222c1306caec3b07c8
09e4f48da304aa100120bfc18e103314af09f70ef00b0e23eef70caebdd90b2a
13ad0329d5e19e301584d0ab35e29404c4ef1c04840c13a9c8fc041113aa0a1f
0cb90bd9dbe5be2d0282962985eef809bc95550ca90314e02ba30600aeaa0be6
1710e3e920f6e8d13b1f013c8615d30ff528ed16c10e278cbdf51bacf6330fca
0d1dc90de91503ede121a3269e280615b6edf303c90a0fadb0a908dba635ff1c
0afdf6aa8ff2b0c7ebf0fce4f920e903189bd40dbb061202aae00800eeac04ed
14d523dcade9cf10aba930dca70cf7150fcf2211d4100cb2a9920ab9bcba0fa2
0d25b3a3bef1c6cfcd33cdf4b709b50eacd0cd18ea110fc3f0200e0cd9d908b4
109f0221d2012c080bf7cf89a42c0a1205d41613161e1482cdc116d61afb0ad8
fbc906e63203d2c536acf6d1e31f8b06a999d807e20602cfb9b8f9b2d0cafc93
fc201cd82501c3e91dfe3003b92323fba5efda061e06fc0638a605d89ba702d3
0438bad823ff0ce0e6022e2c9d1ceb08a8ee2105f80a04118ffb06a792fd06d0
0b95d51f9018e9c5b99ffb2bbd202d0c3b8725052f030af59e2808290d9d0727
fa1b192990fc9ac1a6188cb41f18fb04b10a020701faff92892fff9e2ad1fff6
07cbc086b91017e2fa84c6d1ed2138102a9fbb130e09093505070f1bc297091e
ff2ca2972de69cbcc218e689e405c9faa1df1506130204882520f33bd91f03d7
f63108dd3afc9ac30b3927b58914affceabc15f8c8f4f6f7e720fd8cdb95f126
012aabe3af1cabd3bee019ec98eec509aa20f600d0fdfa36af2d12d5f592febf
f59aba9b8606ffd4de349df484febff8218ad6fc87fafac23420f3871335f889
08e5c411f7faeadd2a1919e4b2fac706bfae2710d51b10fcc70215cbf2ab0fb9
fc920115c3032e130a99dafde9fed1032ce8f10b9fff1239283a0c060fbb08a8
f2ddd088de0312f62a32ddc60ef8f6f6052fe9edd6fdfc9289000887a3a405f6
16bcfdafca19b71b23f7c517bfeced278433cf2a17282d0935272ad0fcf92037
11c6d7ebe10fdce1acf199b33af92c1808fcbe1b300a16ab0b8d19e51da206c3
09f5b18b8210aebdb395c62015f6f5f8962511039e04fe00b10bf0c23ad0fab8
02cadabc93fea0cbf6efefb22cff2201f3f6f10fd5120ec3f882fefa37bb0602
1791f0ec28048d310eb629981fe9261ab9111c20dd233037b99d282f0a392320
40a84a9c0d03bd13d9fff3e392f0864423e4d5501a4a5282beef51f704e2461b
150d0809b30f1dfbd4b2f1eae8f03a193bca341fb9111dda078218bd9c3610bf
04230585bc2a2ef314028f2f85fbdf013428f20bca0b049b3c8c05d9f393fb24
f4bab5adfbf9da1cbac682aa25e5aff1f6d8f1f4d8f6f726eb06ee09bd36f338
fc14dcfa050aa8029cebaeec2108f4fe28fb31f4fbf5f4b810fbfd8424f1f03c
f0f1f8370a00e51ce0ce1304f0fa9cfc11cc4ef701f9fcb435c9fdf319f0f6a2
f8a03e2fa6fce0f71d001d8aa403a705f5278d0235fa06391408fe389d87f91d
fde6f0c412062cc6a89c89f720f4bc008213b7f829f9ff86323604c5c517038b
0bf129fc15f014e9c418fa0b8bf2ab000c8a1f04f7000699a73afee726c5f237
07a002cca70987ea0badd6da3022d505cb9fbc088403048ddfc10a9a02befecc
f1b3f607bfeb83f3a7e0dcffabfefbf60aabd0f22fedf1939992f335f91feec7
fed0d9c593e612cdc2338f2a920bdd052981a70afa0407e6a29602f9b40d04d2
08e70bef8ff1e4dbf606b4c790fbfb05b9bfd512050a0fafabaa0db188d31612
fb9e98f6e618130715f1d414160ba1f2ed0baff387faf937a9c8f216f8a2f5e3
e7f8b3f9f20810052eb1be98901517ebecd7c4e626e0e50fa9fdd7f8ae8adf8a
f81ac30aa9030f0e293507cfcc1893f8171bf4f9dcf6fbadd41bf902d22cf73b
e32015d8bcf40bc3e41ae4ceea2723ece3c8f7e087eded9c1c0ce7cd06e8eee1
01a0b6b819f9aeb9c624091d971231f4942af2f612f5fd1cdca3fe91beeafe0c
fa1ac0f087fcdc0f1e12e9bf201b89fc1d89ce07930409de99f6ff821b8b0a19
030f37b5841514e4eb29f0a61d07bdf4e8b21cfea20305dac4ddf7ed24b0ff32
ff240ee88a0ad604313a07119e03f8f9d0bc49ef01f5f2a0b790f6c2ebf8f4a2
e6f4c3083cfdf8e410d8f9a8e60af3e02ed8c5d9f9dfd3d22d96d8ed9cc3eb34
e3c78b35d2ee1507acf7b1e9c401b4e88c31f0e5e2e7e986d7d7e90881abeabe
03b7deae85f115c6a910d424e700defb9496010a2d06ffcfa0ddfffe1e8a03d7
2112efa11308e3e5e9f199a5e9d3de0f07910516cd1b1123ba2b229633aa1416
493a5fb1f6f904fb9b952737f2c50a392101dd3be9363aeaf5ba46111f233dcd
f49a37b627102b20d598e8e3940d8ef8dc2d15ed05fa003aa7e1fcb8e09ef8b3
df2ec204c4f020e5048698c49fff16e501ebadeb1aeee4c01919e09dafe4edcc
f809f4c5fd0a91bde7891b9a240cc0fcd58c22fc8e00f7ac36f8fc2df988f3c8
0ec7b5c9c90d89f234e8010f15db21f60739f100f7f2febd9f8809a3110d04b7
1f1037e3af12c316159c09c30beb2520bfa1eb221e2320f515982998eaf727d6
fcd2a1a0a3089add00bfa1880e20eaf8b115c0f7ddfaf6f29e38fbd12899f419
fbf7a3e7e80de0ed32d233e334061bf02ed617f0e1fcf5d396a0f602e5eaed04
f9b21c3a0bed19bdbce208c2bb10af05f6afb1ffb50f0bfbfd940aa82e2d06da
db32a1bae0fdc3bf8c92f81b3306acee0d1bf6e237ebf6290789f394e8d9f9a3
05a0b48d9627abe7d98387a8cc113a081eedc21f240b0aaa370d1ab7e2bc088a
02d693d888149f0202ab1f218a1f89f623ebbdebd7fdf2f2cbcc01860bd9f62b
f021c8a8c8fbaad0ef318e8ed5fdbbec8efbc0f711eceef794b1e80fd0aaeb9b
121f4b819af20334d222220bd2f5b10c0117fa16341d081ed49d14fcd82615b1
13f4dced860506e3a6b8c7b33a10f816acec0b212f131827e4fa21952c9e1b99
fc9629b1c407b5e2a0d4d43b8b18f704fdeeed0101fc003397a604292bd805a2
14ebbc8adf119610cf97c8b4190e880bd0de2b0adb0c13e1cf1f0bdd29fb05a0
10c92f080cfeffd335d5c8fada080508ec341d0ce60206f4f784fc0acc03fc9c
0edac4023afdfb1538d7de311afd1a18d1fd4c18c7141494cc0a15ef2f1c0b11
0cc3e613cb033528fb15cff9ae1b970bfcbcaa0e9c0f09c92ecd0ba7bd0f0bbb
dfb99fbbf813e9d4c037fcbfc814dde6cd0abedd29e3e82dd50ed9feb826dfff
ff221dbd8504cbc99b912e10bd1ce003079a24feb002ff9ef93000da8ed600b3
05bbe9db9606e5dc96c58521a31ae9092adbc707ee0b10d6dc02ff10cf2e0b1a
051e0dbd121291262c93fd1916ff1d07eb31d106ac0d0e03108b01b7a0930ad5
eb3be9ce91f61ff4d02414923c0d3aeb853318deddf0e9ff9900efa8c898f1a1
f49fda030e19a303a92d162eb01a9bec03c2f0e2fce6e8b23a8bea98d9b8e8a4
de1dd614fef9d811a2f5e3bbea0985e0d8ba00da28dbded3e1c1e4d3df34e629
fad3a4d9c00ac9ef2db8e007cd1f9cf9c00fe300d806052f2a3cfdfbc2ae02ed
0513bfdd0d03c8f63218fbcec003c30539241a07a2090db00fed04e320300d36
0135d29925fefd26c5a0deb4e30b15089ef71306e808fff1851f13c089cd04a3
dce916f3edf531cec931db86e8f40bd6e1d912d2a0d7d322fd90df8e82e9dd8d
f7020fb3e9f33618b48725b69310a1f48732bcfcf9f6f2fa2bfde7cccdd2f6bd
07861918ee0632d09fa6f21c90052a0713ecf80c25000ac9ce95f5b3878901d1
13bd00c6c4f7990dc5ba3c25a1f8b218eae33216300d109f96de09a1aed00ddc
19f2da1e090f361b07d212acc60cea1c178bd216811a109692821b86bf951609
01cbcbdbfd142edcf4beabbde918350102f8e2001bfafa842de00d01ed1b02c5
1bbdc8dcb81336eef911a2b3cf12a312fdfcc615ca161def8e0d158eda3c113a
0ffb161682e89d26b7f39200b301f3ffa8bc2903270102f6d40d02040d3cffa0
f32da18bb6ef8ce9e981e40296f00befabe1bcfb1dfcf6b40c32f5a2319bf7c5
ef001fbe1a00c9daed10f8048cf9f4ff878c1de999f3f720d0ecf518f3aff6bf
0ef00996ba1d220798cc0cbf2c01e313b2fce819d60e108bddaf1701b48b0da7
012e9e26180bece512f2d30fc8faec04b7fac4f2ce0304b8e5d8051bf28803b6
ff382000050820b99cfccf000ee89e02b02cabf295fdf1a6198ffab21ce3fcfa
f7bac2c786f610cfcbe4fd1fe0f404fdcb82b9fb1bfdfdfaab27008c1ba5ffab
fdb4f395e1fb0a1d2baf9cd4fd21ea0890cf1ffb2d0bfaa4f191fa0ffb0c0496
11943085f9ff38130c8990a9d012eb1d1532421e861c1a992c0521cf33fc2099
038c0ef3290fdbf2d49dceecb00c91f03bfdbdf5ca01fa21d422fc0f2a9c012a
fc23a6a600f209c4e3b09327c40eb509b800cffabbf8fdb9dc01fe32c0fefddb
fd84e4f999eb1605a29108ef9deb05ff898bf3f8f0f1f9b52113033c9915fe2a
08f2dfa8dfea2bee1b2c9edb9fe21a07f6c3c001bc06ff3501fbf3cf983c0a98
54e3f2dbd120f54831f704ab2df29e48a6a04254374152e29216582ddaf25332
fa21072f0af11fffc93612bdfafa16f4193bd900f2f3f2c2e01bf6eff0d5ff0f
fda41582c0fa34d890399cf19b08bef5c0c500f787f5f92ac618f5b8bda3f6e0
f22e12caeaec111321b8a1232bfeb2fc20d1e5ffefeef886cc99fae802adf3e5
01f03aa133e8c6d4adccf3eb90018ff20a28e6f7c1eef0e9a8aef31b0bd9f5d4
5fae2c92dd1a1b05ca2cb20010fda44838380559a0594315ceee5c282d3154c9
fb20aedec9fbbec6e6d0a335961ba2fce329d9ff36f4f6c0ce08f588c816fc14
089827eae50235dac991c0ae8108fcfeaeb5e60c1204088e22e20cc70f880b1d
008ab124a3fadeba9690fbe8e0ef1f038e20b4efe4f6f4193ae50123c93cfaa0
07bae03ab9ed03e20ddda4f0c602ea0fd08cbf02dd0b069425de0929d13b0936
13daf0da3b03c3d4e6ad39050ced9d11bed4d11bda0a191d0cca0bf3b5e10804
ee270993940223e81faae7c18f09d1f3eb280ef0cbf2f2843a1cf4bcd318f6bf
f9bbe929dc062bd1899cf7a9c60621f7ff28c6f0f6f1fa31e51df72833bcf6f2
043609bd20effecc31132bc51dfb240bacd6c1030002f9bff02503cbb9a90ff4
05e3f8378a179ad1c28c079f9b10c90bd3d6050c1f0efec916f208d337f10e86
f03306bef00928f01429049223f7cffbd3a0dbf8b00b029730120cf20686fb21
f12bef3a9ee4f1eba0d08400a5f73cf01de405ee0ff4e612f9aeefe0b708ea8d
1937a8b5eef8b6dcd4d8f3c72dd5dd11998fd60fa30a140934e4179e95be0511
01c5f23887fcbff7abf5a218d7f6360a1200bb070d070fbcc4b20c31269413b0
f436fcaf9cf7e31b2eb424defae71df89ed3d7f63105f9a33cb9f9361ee3fe33
f4eab2c1d6f2c600ced2bbeb98fcf8fd30b8d9069bf8ffeb95f6009cd7cdf2d7
e3c113bec7f013d0fc35cf1d9deecee6369da8e5b4e3e9372df5eebdc525e30c
0884e3230fe9bdccdc152b10c705f30df20ee412150f132f0bdb1809ebcd112d
08a411fbfcf29e1691382429c2daa11bb3f2060de7170ac09eaf07eb390b1008
15f4fc923301860aad0ac43b2bdae52889bdbc1f17302b96ec15262fef052313
0b12051bd8f200c7caa62e16bdf1811138e5ee14301319df3c3018e935dc16c0
f1bfd436b6f9be0cb71cc53c0cff89fb2ff6dcee9cf5f332b6cdeda992b0ea85
098310fe1dee82f9a93aadc988fe200d983cd115181719e931a9131307960eb9
ef24e8f4abe0230f07df1d280afa02f628a632e8fef5f0be3494f2d79ac6f11a
249b3b061aec9d1b292d20aedff6da1ddb8e0617e52a2726dfca249fa1a01acc
31f9c90cb123f0e8fd962804a6f1fd38d7ede22dbd3b3836c7c93ed293144984
ec34bffaa309addf9fc1ba0586f818f2ba990feee4f8ed3aa8a4f1161f06ebd9
fd07179c8208bfdc1b24f2ee2ef686fee6ebe0fcc7f9faa0e8e5f98fcfc5f310
0ea41b29b0eb39daebc28c0bdb06890f160db50a160c108d0f1a12f1a9d80bcc
fc35de9201e828d63cbdbec2860a3908ec90e8f1ae09f73294f5020ccfa6039b
fdcfe0b19d09ba06b0e8b40385dc9b03b7bffb05a7ff0e9ea22c013419170401
facbb0e6cef889f7e1e7bafbab0082fbfedcb8f2d5f8f8029a9ef0e823d6f422
0d07fe1f2f0597d0db1294f1b6f7d60902f4dd0a8a0812d881ba1097c48705a3
fda719fabb053befd3a3a2a907fc900588fd15f3d4faf0bb8a83ffe236aef8d8
0bcc10b0fc19bffa32e8bcb52107990b2af33c0199fbfde6e19002a7efd5fbed
0ed21d8c2f13cf20f3b6af3ae9f40a12de9f1e1188041430a7ec0dc5c1370baf
1a0ec293db20d11c021fbccae708be0ca032e01cdf141b24a4e118bffafc189c
fcd3d733cff7a63b12e2d4c6350ecc03c5e61602b103f5b5a80af989e4f504c6
ec29e510df051fc8a5cb289e0307f6e6c1d109ead8f4ec26a9fae2b43a9ff101
fee6a919d812e9d705d10ec6fb0f29fee101a2f6a2f5fadb2acffd9fcdedf4f3
1521e8cbcc081e09b0b80c07cee93a1599b71015e9241828f2851b8404e11414
f6cc3a901df210eeb83736dff7fef1f4c7e6bbfb05fe01d91af304839917fc0f
fcd138b91400feeda8ee3316fa2312fab3911ef7aafaf02517acfe02db22f6d1
03890d343afafbc5962311013405e1018a9ff6fec9fbff97ab90f7850b89023a
f30ba2cad100d6c3ace700dfefff33e8f2a2cbf387f3eec41435f03c04aaf111
100f9fa9391f92c4ebd5ba9d14f6d71300929f128813099619d912b307320930
21d0edb7e9ff311ff5f3a613b1efa61c0b17c923b41d28c327f227c3eba1258b
01370cbb200f20ee152883f4f01dd4fcc10d3a0206fef31c379a09149b38fb1e
ffab9cf0cbe38f17ead1f2ebf6f708ff1fd5ad030dfefadc1da5f9afd332f39b
0428f0f0bafa23c00a252f9bfc00f0f830d5d201a50005223a02fece9d190625
f215c012e50ad9c41bdca8e31cfac1f22894aaed0beaef261c8fee18dd89ea32
09d5b69ff825a5dbfdbda218de10b7ff210f06fcb100031ef688f2d7d82f02a5
fba10aa78ffcf4e68291851cb218c1fbd19f20fb36fafaa63db7fc30d3f6f6b6
061eebf98de208fdedc4f986a6f3d8fc00b01c01c8fcfa8dd49ff518d989fc02
e8f2a41832f13919bbce8df70104d9ea2511c7e2cbdfe394a6e1e0e3e5a0e19e
eeacadc09310c5cf8929a0dedd0ed9eccbe3c2ea9de5f2f9e8abed140ef3eda8
e8933bf71e0e1ccdc7a5efd5cd1686e4dc9be2e12bdcda198a9edfd9c084de96
fbc110beafe89b20d4390def9c1e39e4c80d01e81ee6f8d084fef8dc0430e8a3
03f63235e826bcde9bdb0712c915adf6cbae01f5d4f501bc1f8afdab3b05ffa5
19344e10371923139c14cf20b8feb302f9dc0b0512030d3705d912b7ab8901e1
2798150ec32912e1b6e5edf7e2e823160e0cbf161a261af5d7941733aecd0ee1
0d97ec33f11aed2709d9d2320afdb3131a36101609101033351218d1b5de1805
0cbbee98b23381ea2d1ac2ffc7ff96fd11891108af00fdb791cf09befbe806ec
fe2b03b7282f96dcf2ee0ff73904a1f32dacabfdfffcf62ee82af728eb1a06e6
f6f6d11ef7fee7d823a9c5ebfaeef5f1ee8d9fdf07e3f0ae918be1201fe0eb96
073ab91cdaf2e3e228c4ab03beeed70106ecc400f7fdf8cf2792010c2dc8fab9
0986b2c790f684c0b69e1f09ce099e19e13aed1ed7111730cae3183afbb117d6
12900a321c2f000ef70ac7c2d1f10006029e03ff99ff082e1ba802ed82f107b2
09c1dbf9280090cef7bc12fc23f8f405a008fc0b3b0bffb59ed40bfa06be04c6
f233bb88d4fdecc22285cf8306029ce9d0d2ffe4d1ebf082d8a5e6aa1abdefc6
f725c394f3fed3ccd0253639dc1326f3eea2b6f3a8f2faa7b037fe05d2bafa32
f9b0bb318e011edc2a1a36e7cb0c1cfd87a4a9f9d20102e6d60e08e08ccd0502
2330ebb8c52511f6f5eed89d81f4d3169e8fd41c151f149cb829111d9a061993
13ffe7dc8de310e692c3d000c8f7dd1ecead2918b41519dcc0c82529c7b91192
f8a1b9fed9fa9fe4ced797f42114b2fc16f0cffcd900f9be308608aaaeb00323
e3de98b836fda0b815b1cefc2617aee1c30ec2dadadfe695d89de9c1ce20ed0e
fb0bb4bf35fc871293b7c3ec1200b2fc94bfd7fbd1fb0412a439fabb8c10fbb0
23ac1cffd31395c5fbf5d49caff0021986cec4261b1b14a8063316ba86eb19d1
13120fe1240ad0da2b2219f9d4f60016a0842c23c4181fecb72d26ac39a61f88
003ab9c925f9c4ccad16062a35fce2fd99edd0f9120505daa98c0638fea0001c
f12d10f4b8efc8cebd8ebbd3af0911eff6ef17f826f3f715bdb4fcad351ff7fb
f818b11b15f6941ae7bfb4c43204c9f438a8b8fc30f5fafffabff8e5ab0dfbaf
04dd35ddf816b9dbd5feddc3b7f891fe1884ef033c01fa13968806f022c5f9f8
0aa0b5e2c7dd20f332d7eccb2504d7059beafd08ee070cba35b806ddf1e20997
0cc2020ab9fed8261ef9fed231043108d805f512181713e8928417e41fdb0d0d
0ff616d80110ab27cabbe98b1003b3159f09f610c6100cc81dd713b4b1b30ab2
0d830c3095fcee01c1b2c42bc309ad0ed2daec09980e0d25839c0dd510f211a6
042d33fb88ed08e0bc06c4abd3080906ba000b0a940109d9cac304d38689019d
12a9da0ac3f42bce1abd8930af04e21494f0fe11b11511ee94f90da0e1cb0f94
fcc3f03a150130ff0a129ab52e03ce01c5bbdf08d30d01ebf22e00390e030393
020ae60f8af591e6abbe23cdf6249c0625abbf0615060324e5bb0505192307ab
06f915fbec11d100e5c8f294b015f00895bd210f020b0887e5850423c4dd00b9
07e9dfd3a106b617c698bf8a8d11c40ce3f4b9102b0b1b078faa0cfdd3301097
05b5be82e417e522910218fd39fcc40122cd2ffe9a0303ad3aa10514c30001d0
f9bf22c42215e9fc0c1f8f16910630041cd7b2f2bf0504a33821012e11bef82a
14c820c01ee3c51edc02b60cc927341ee9f4ea149424261b30d7239cc2b61dfc
16d3fddbdb04e7d037b88ab3c90c121900c90016fe1c202d30011f248eaa1bda
10932192b80aadfc243994d19211b5109ed7c515ea1308d1352118e390d00fae
0edb13ed2616e119cf2d95a1db05a704ded1ce020b0c0a9fb5ad049bb2dd07c6
fca10c8a960cb6d9ce3915d9bc120900d2fdedfd2c040305dad604e7f13cfc15
f6a7d6fdcce9aacfd23802048708e1f7e2dc19f6edf4f6a3c5b9fd01c63906df
05032acb34fa97e12730c2d783151409a9072d1299010aee8e1307a98e9b08b4
102f25a0c40ba0e391b3fe06f913f61e2389eb171c14133b0389118bb73317ec
0b05d93ae7f8daf02913d7f9fe138c10c5b5d512c80c16328abe1382e11e0a36
f7c7c1ab8ce182d4ccba21b61206bbfd82c1ef03b4f801fe360a02acc195fadd
08c40ef7ad061308233b063a1014b306380afd0134fb05cb00c6058cb0de01a0
01c81dddcdf68b098fb09c2aaa0ac70c34fa2b0e140a0732ceaa0c119908041f
0707ce163aeb9a0523afb1bdda01b71126ed0713fd0a10878d2d14b219ee0fa7
1dfa21ef09200309bfa6ed25f5e9131d3711d720e20c1833b19f0a8ebcad1111
feb0b4142102bcd30be3e9c2c3032207cd21cc05f3effdb2a0b002a09ec808cd
19cdc4923226fdcea78438b3ea048c23e9a9ef12dd17132f12fb18ce281b0cf4
0fe3ddd8dc338d03d921990905f9210be3a2d00ec21216c2c238160f94900805
ffedf1a82c22b502c102d5f622eb24f02c90f9f615f7f4cc933af8260414f0ce
f8d4b01828f6f702b938e4cb1515d2ef08bbfc0fbff7eca6d4a9fef7bb8ef292
e807f7cda9eb96f2a200a3e5901106ed0bb4a8f7ddedf28d0a22f21a2190f2e1
16f8f710350cc0e694d40dd0d1fa280d09a724052a080b048fb216962cdb0e98
140cd3b0f02eace7c1dad3b922ffab1ba131f821ca1d25c8321b20c11ccd2433
f01632cbcc04fbf29aa9c0df9dee95eccddd05edceedf4dec0f7ea21f03af232
0730bdd7dd02ebf5381237a4d50dc100d9d7fb06b707fc939ff0fcaf04ed01d0
0cfcf93196eba308b314caf3a7f3e5fde4c1010af10f073cc9a11bf78a280800
58ef30a2b9fb861e2089ab99f9160b4be5a037579f48473bb9825ec5a9b75f06
13c70a109d04bcd2fa972d2dc0f5840a22b8060ef000ffb4b3b2050f1d9a03e2
fbe79fd010ffeccfb5e8c9e28e0dc4f6af3c29ffa2ecf5380210ec89c9cfede6
0ac83899a30e0df2f03139b084dc87128804eb1cae1c130134360cf3049917a7
0acbefaae30bdff73cd6bfaef50b3206da12cc0114030e20bab9fda4c5b90030
0906bb8e070dddefe0f73312e0103c082593c402bc0d0915a21b139fbaba072c
fab0d9bf8c0906ceed24baf5a610f7f4c1132aee1cf7f3dcabe4f1213313f4f5
f2d5a7cb14e5dc01898a1e27c9fbc0f3d695b5eca6f3ec26ea97f0b2d1d2f2c9
10e7f7f239278b0eafe33b99e4fab30cc9c8beffb6f4ff078edb0ee3ec20ffa9
f406d9ee2809e9f4ddd80d2ef30139efac0510e488faef0b241dfee786d7f700
f3982606b2fde4139e92d112fa0ccdfd04bd1ff0c0f6f11b190dff9634dbf9f1
f40113e603fde9c687bde6f53b041af7f4b011f020f0edb6d99df113c4f0f434
eee02ac8a7e38aff8ac3f4cd911290ece8ecb6e99ce5e4d2eb94e4a3969decd4
0efdd8cca3089b21298cdbb58b2e9d15acc50d0bc70d0dd1f73416bdd12e112e
0737f8e7cd0edb01b19433d1d315a312abe3d10f050809d00ef70d87e11e03c3
fe0a26b9ecf6f2c9f9f38fe8c8150f08ba2f2300a600ff948683facfcabc02ce
0015cf8311098b14c408de1ba027960520bc24ffd3fbfdcc911df5f7feccf7c2
0ede0f26d313bf058d90fd01d22c2311f7c0f7023607fd11aa8f07fc25820ad6
fa0dd528f100d9eec8dcc6c5d80fd2fb392037f8e2f4f33212fff60682a5f89b
f524ad01061a1ec634da951bce0f1405d21909f7baeff3b5d32cfcbb882cfcdb
facce2b6e801cde5ace03a171df0f3fbfdd51800fcfef8fb34b2f504e392fd33
f5e8e8d7a2f4b9f5873b05a68509e9fec81705f80bf7fc29e80403c92935fa29
07e72e0fd0081af907d21fdc06212908cff9dc0d27060532f18c1036f6b308cc
07b8c8122c09b3d62de1c194afffdc090be9d6111f010b81b5c30ead20b10ae2
fa19f4d1861b22d3a68a22b9ba04b7ff8cefcbfd12fa0698dbe102cfcc060526
23211a0085268ad1f4b3abe889f98d25d437c423e7222902febf28db88ef22b7
0a83fed98714f7061e109cdc1b03bb0c07c62a1c890a10e0db101c23f51a1419
0ce907afab1befe5d1d5c611ad23e50635f6c114040d16862cda23b7ca8613d6
02b226f316022613dd9e248b000aa7fed7edfefe84fb05b611be1097a62509ca
fbe923ee3cffcf07dc020ea2e80502fa8a1704f8e8f90023c92205f7b8b70383
060f98a6fa05dd05e19ec825d1062006d8a9f30ba107feb4e0140c20cf990dcb
ffcd9cd0b60893bde5139e140115c8fdacb6c5f5ddf3f2f7edf2f38e0fccf79b
0738efb2e20d9925e6a6f0043b1fb10ef1a008079f0a0631b7fb15c1d4cd118c
19fbfa8c1609b51f2c8519e5ed1fc607a2bed417ac151d91b98504c5e3cd1290
0414dbc9b70014c4da0e2c9399030303abe03801faf9f3868c8701262439f791
06f3c32a310225e932e5fbdb0d0f1800ecfc1004a903fc37120804ebba3702fe
078fbcf6df17b7ecd382decc092e0bf7a318f10298fe0324850b00890185fbec
0629fe11cdf6d1e330dfa4ba372127ff2f8328fceb020017c8da01358308ff8f
0321d3fef3cf82dd8bbcfaddb1029a05c8f1af0522060781d3ccfec4f8ef060a
f501d494e0cee1ae8deaba39bc03eef72f1bc5f8b9f6f11231e7f68bc0d6fdca
ec35c60632e6fcd29aa6861a290714f2adfca7f630f4f4b9f38aef37eef6f2b9
e8b60a3cfdf6b8c99bc6bf9bcc0322ec26bd90eddff0eef8d416f2cccbe5f2fd
eaa500ee99da87de9181d188f7f6f1ee8eb4bfef9ceeebbbbc2fe600d68fee25
072dbdfdaac1c8ec9292cf818f0afc0818eaf313b213142cb83a19e5d02718c3
e72c413aafe5249fe22bce0aff030ee8ec99e1ecb2e7e88ee1b2e41686beedf4
009013188fd700c6f9b7f128d908a6fca5e217fe06f9fc082ab4ffb4d4aefa02
02c6eb8195e7b4cedaf81097040b0c02ff32a6fe1a0a0dc3b7b104b2a5ef062c
e92fa2bfb3dc3a9eb2d0271bccf3d2ec831e8fed89e7ecf7d907eaabb4fae7ba
e6d7a0beeeda92b3d0e405aa9cc9cae5dbe496e32ae5dcc9b382dba9b432e388
fc2bec8c04d91da806a0cf9c0200e5f5102da0efb4f7f0df2981fca5e3abf789
f2d2b21ad6ef08e226a931071ec295f8ff360beee3f1e90ec113f31ccdffefcf
25febca7381800ca0ce8d213e7c8c322d7a2dd2a1b322fe612282ba1ffcd222c
17d9cea3ce0a17f3b3e4d5bb3be5c41800ecd11e882420af270a25daba0117fa
f9e1ed0218e9d6bcb8d0b791bdc79cfccaefdff316f9f7f40989f3e1bf90f498
f0c19ddc36f70dcb3bacecbfb5813bfaa1a0e1f48cf1ec97a216ee38baf6ecad
1d16d62fe54512bcdfff2e38c4dae3219a33fe2418232cfe861e28bdf03c25ea
1dd193cd0844d7bf09b82399eac9be2009a4c025cc1c28a3d1aa22b6fec31700
f6a9eb0cdad499dfb9ae1dd20a99f9f7cada1efd04f5f311bf07f2f71b2aeffa
fdf7f6d9d10ec1cd9c10c2948bd8eaf70fa4d2fc0df1f43addb2f6f10ba00120
201bbf8d92422ddbedae1e10b8ef1f2186e3da151b2329bb04bf29fd33c42a03
29df84f3ad23fba59d98e5a0b5e48e22b283c427092924d392aa1a2800d51f85
05decbc09e0b81e9bac3af1d3be33901be98c7fc03130421f637129729f60496
05f2c9892afea118a71c18edc708de0313fae209e9050d1890f50aeadafc09a3
01e208f2f8161ff5a6e1d1ab27f61e089dfed0089a1112929ff413d11fa30d9a
0594f5b1d61ea3cc1abc153cd0060f0a8cf8e70015000034b9d7078eac90fa8a
0afcf6ee1205e8f2d0afd8feb116c207dc06091122171226dcd716d1e5e8101a
11cbc224fa24caf0e9dd2fff97dfb10e9abfe911d10c0fa1f02a0df501ff0dff
09e0e5d4f0f9f9d3ed89b60238f51314292ed714eb0f0b1507290f151b810dc3
0b02aca89f3af2c6a8ad88f92ae40f03ef34d70c3802fa01ba3806e035a50587
1829e5bd38f805f331e8d682eff71a1d913abf1f251b1eae1087169a28931dba
17fed4c3e7fb14b3b38b3cab1e05311a08dca416b71110b7a9f414c8c89c148a
f824c3f32b14bfbfedfc03b7d0f3b1f7d7b6bff238f7f0b620a4f115f795eab7
209d2c93e914cfc2efc32ec6280bd71dbf29cb23921e15faec921c0198b81924
06e49aafba2bffe8ff94229228f43904e0d4d202a107fda12cb2099bd3dd000b
e7d3c8ef96da0cab06d684a11302bcecaefcb4e505e6e72db48ae9f1d2abf101
eddfb3f3c6f2c3e3e8f0e13cae0212ebb9cdbceac6d9dee4eab2d8cd0a3ae185
038fd5bfa8de36daa6a6d2a4391ee705cc1cbb0db21616f8a1af0fe5f8d60f0a
e48ffb8ff0e7fa0ac2e081d3340be5e5fa1a0ae1e6ece4ac16e6df1b2532e6c6
0587fdf9980c141b86c50d293a12820204a50b06c2060925bd3003af11c50385
fdb40aaec0e8f1fe9ecbd70bab1ec3feb71dd708dc0400b9be0d08d8123100cb
07cfefd2caf5c8e525f5f393362a37052d05d402de0c102083f71324c72d0eae
11b00c29cbf9a6ef9f9b0b8ddaf99810c1abb416dd1a1cb80c8f1ad1ebd01715
1788f8d0b513aad81c3afcddc403981aa39df62004221b05cebe243cccb025a7
e33cb2e1380186f98ac9f03cd0cf21ded3fca7de96d8d59bb924d7d82fdfe1c3
f4fea738e3e3e0f2bff68f35bbf1d8f6efdbb2f2c5fafe22aa34fef12513f3f1
1622e832202b2c1a02f91e25b8fa8614bcfc3527a72328e7aa2a24cfe52924d2
e188d5e612ee9aea03022db5f4fdeee5aacfd9e097e1e78a2d11dffdc3f8e3d0
e220d6bdfcde81e3a0adb9e7a7033ad81112c7d526dfda8b0ac7e3be0c8ce0df
0bb40e289ede018110d81d013807ee0cefc1e6149911149c24d21337ace1111e
03ed1392e1ddecbef6901cfb090a87ffa3f5d103920103c816d9053433c507d9
1c8dc8e60d2d22e32287b5b5f40b8408c7070714a21214951a3b19e3b58a172f
1ab1fda830280f1402c712f90d06d20e96b7c422112128252cff1faed60c2611
fd133216f8e715cc383516d7c109c901fcbb0e02fef303ff2390f6fc1416fb01
19ad20348c1d0002f7d8a78ac6091013979ee1162e1a23c0d5c722d0379b14bf
0e8901e2aed315d92eb086becff59a0d859135150b1816d125d520900ecf1229
1338b725fae908d4bc2ccf9ac9f59b12948bde163516148dc41416e9e4de15bb
11998ed8bd0e3aee09c91690fcf5eb1094e7c514d60f10fbe9b3169cdee21615
eb9ff6f01d0cf8eeea2cb6ee09f9fce20f23eede1ce1dd2907a4e8bfc82be2ac
1289f5c21fe7a904a3890fc0c621bb0ee9c5501900141310af30189a138a1392
15a4e80990f0ca35af05a2b4d724ee1629a1f51ad12019b202bf1828d32a23ed
04e5c0bba71135eb86f2af1fc10383073a9ef9008f07ffdad60b0a04f21f0013
0f141ee1071321cd9acae0cf3aeccd0f91a0c911190f142bfa0f24a913260d13
171724c6a12c0827e6d6d61b29fe19142a900a10ef02fbaae3e4fd1b97e00ab5
23150090c7fa8d151612c920131c031be9bac72ae6182214c80d1c9994d312ef
cc29300eab819fd6bc8fa00e1acd31cd1e95a3d0aad9d53012a8d3e730f1d395
12a3d1add33713d1a0342219c3ebed093232451cde0a103a36290c94b7bb0e2d
50f1191bff699f2b25ec32f524438e470ee9d055e34643ebfcab3d13d59f43c5
25f6f58590dcf4d004f1fabad8ced221fa19e92812171313e1b221aba7aa1486
d9a98bb192f313cd9b03d690eba70edd9dfe81d4fcdad1b71dd0cbbd249bd6c3
1ca7410130f88dfbe3f8d1d7db54183035a9332cf52d24f5cccd3af72ba73ac5
5ace5bc5a207e0419bf909c03a7cb34e10cf2b5a314a4b17842e65811d21589d
2bf0ecfae27a9c161498b992fd56db2f31ed00308d1e1e123b81221418a82709
10f509a9d73df22e9afcbaec1bb3041999824419eb150e8d331307e5840b13df
18f65e0ac5b533deef0aaf8e8fe495110795c714d70807f1fc1e12a191c1109f
06c31996fda2ff653a3c99f389d0ce0e81ae0922961c1a32d2fd21d1c9b81e86
d3eff7328bea09d88baea08429f4d7cba0b1e6c39cc3c2a2fe15bfa3e388c3bd
34ed61ece939a036bc0d1acf13f7372bb884ee1da12a2a9feeb429f502c7372b
eca68b32f51d21c9952b899bebd115e60fe7a0e02adaddb0b4a8da01ae89e6d1
0000000000000000000000000000000000000000000000000000000000000010
000000000000000000000000000000000000000000000000000000000000000e
00000000000000000000000000000000000000000000000000000000000000ff
00000000000000000000000000000000000000000000000000000000000000fe
00000000000000000000000000000000000000000000000000000000000000e6
0000000000000000000000000000000000000000000000000000000000000010
0000000000000000000000000000000000000000000000000000000000000002
0000000000000000000000000000000000000000000000000000000000000081
000000000000000000000000000000000000000000000000000000000000000f
00000000000000000000000000000000000000000000000000000000000000ef
00000000000000000000000000000000000000000000000000000000000000fd
0000000000000000000000000000000000000000000000000000000000000001
00000000000000000000000000000000000000000000000000000000000000fe
00000000000000000000000000000000000000000000000000000000000000ec
00000000000000000000000000000000000000000000000000000000000000ee
00000000000000000000000000000000000000000000000000000000000000ee
00000000000000000000000000000000000000000000000000000000000000ef
00000000000000000000000000000000000000000000000000000000000000ea
0000000000000000000000000000000000000000000000000000000000000016
000000000000000000000000000000000000000000000000000000000000000a
000000000000000000000000000000000000000000000000000000000000000e
00000000000000000000000000000000000000000000000000000000000000fe
0000000000000000000000000000000000000000000000000000000000000002
0000000000000000000000000000000000000000000000000000000000000006
00000000000000000000000000000000000000000000000000000000000000ee
000000000000000000000000000000000000000000000000000000000000000e
00000000000000000000000000000000000000000000000000000000000000ea
000000000000000000000000000000000000000000000000000000000000000c
00000000000000000000000000000000000000000000000000000000000000ee
0000000000000000000000000000000000000000000000000000000000000010
0000000000000000000000000000000000000000000000000000000000000004
00000000000000000000000000000000000000000000000000000000000000d2
00000000000000000000000000000000000000000000000000000000000000ff
00000000000000000000000000000000000000000000000000000000000000ee
0000000000000000000000000000000000000000000000000000000000000012
0000000000000000000000000000000000000000000000000000000000000004
0000000000000000000000000000000000000000000000000000000000000011
00000000000000000000000000000000000000000000000000000000000000ed
000000000000000000000000000000000000000000000000000000000000000a
000000000000000000000000000000000000000000000000000000000000000a
000000000000000000000000000000000000000000000000000000000000000f
00000000000000000000000000000000000000000000000000000000000000eb
00000000000000000000000000000000000000000000000000000000000000ec
00000000000000000000000000000000000000000000000000000000000000fe
00000000000000000000000000000000000000000000000000000000000000ed
0000000000000000000000000000000000000000000000000000000000000000
0000000000000000000000000000000000000000000000000000000000000004
0000000000000000000000000000000000000000000000000000000000000011
00000000000000000000000000000000000000000000000000000000000000ee
0000000000000000000000000000000000000000000000000000000000000010
00000000000000000000000000000000000000000000000000000000000000d7
0000000000000000000000000000000000000000000000000000000000000003
000000000000000000000000000000000000000000000000000000000000000d
000000000000000000000000000000000000000000000000000000000000000c
0000000000000000000000000000000000000000000000000000000000000001
0000000000000000000000000000000000000000000000000000000000000015
00000000000000000000000000000000000000000000000000000000000000fa
0000000000000000000000000000000000000000000000000000000000000007
00000000000000000000000000000000000000000000000000000000000000be
0000000000000000000000000000000000000000000000000000000000000004
00000000000000000000000000000000000000000000000000000000000000fe
00000000000000000000000000000000000000000000000000000000000000f6
000000000000000000000000000000000000000000000000000000000000000e
00000000000000000000000000000000000000000000000000000000000000f0
