001A5B
001A60
001A64
001A69
001A6D
001A72
001A76
001A7B
001A7F
001A84
001A88
001A8D
001A91
001A96
001A9A
001A9F
001AA3
001AA8
001AAC
001AB1
001AB5
001ABA
001ABE
001AC3
001AC7
001ACC
001AD1
001AD5
001ADA
001ADE
001AE3
001AE7
001AEC
001AF0
001AF5
001AFA
001AFE
001B03
001B07
001B0C
001B10
001B15
001B1A
001B1E
001B23
001B27
001B2C
001B31
001B35
001B3A
001B3E
001B43
001B48
001B4C
001B51
001B56
001B5A
001B5F
001B63
001B68
001B6D
001B71
001B76
001B7B
001B7F
001B84
001B89
001B8D
001B92
001B97
001B9B
001BA0
001BA5
001BA9
001BAE
001BB3
001BB7
001BBC
001BC1
001BC5
001BCA
001BCF
001BD4
001BD8
001BDD
001BE2
001BE6
001BEB
001BF0
001BF5
001BF9
001BFE
001C03
001C07
001C0C
001C11
001C16
001C1A
001C1F
001C24
001C29
001C2D
001C32
001C37
001C3C
001C41
001C45
001C4A
001C4F
001C54
001C58
001C5D
001C62
001C67
001C6C
001C70
001C75
001C7A
001C7F
001C84
001C88
001C8D
001C92
001C97
001C9C
001CA1
001CA5
001CAA
001CAF
001CB4
001CB9
001CBE
001CC2
001CC7
001CCC
001CD1
001CD6
001CDB
001CE0
001CE5
001CE9
001CEE
001CF3
001CF8
001CFD
001D02
001D07
001D0C
001D10
001D15
001D1A
001D1F
001D24
001D29
001D2E
001D33
001D38
001D3D
001D42
001D47
001D4C
001D50
001D55
001D5A
001D5F
001D64
001D69
001D6E
001D73
001D78
001D7D
001D82
001D87
001D8C
001D91
001D96
001D9B
001DA0
001DA5
001DAA
001DAF
001DB4
001DB9
001DBE
001DC3
001DC8
001DCD
001DD2
001DD7
001DDC
001DE1
001DE6
001DEB
001DF0
001DF5
001DFA
001DFF
001E04
001E09
001E0E
001E13
001E18
001E1D
001E23
001E28
001E2D
001E32
001E37
001E3C
001E41
001E46
001E4B
001E50
001E55
001E5A
001E60
001E65
001E6A
001E6F
001E74
001E79
001E7E
001E83
001E88
001E8E
001E93
001E98
001E9D
001EA2
001EA7
001EAC
001EB2
001EB7
001EBC
001EC1
001EC6
001ECB
001ED1
001ED6
001EDB
001EE0
001EE5
001EEA
001EF0
001EF5
001EFA
001EFF
001F04
001F0A
001F0F
001F14
001F19
001F1F
001F24
001F29
001F2E
001F33
001F39
001F3E
001F43
001F48
001F4E
001F53
001F58
001F5D
001F63
001F68
001F6D
001F72
001F78
001F7D
001F82
001F88
001F8D
001F92
001F97
001F9D
001FA2
001FA7
001FAD
001FB2
001FB7
001FBD
001FC2
001FC7
001FCC
001FD2
001FD7
001FDC
001FE2
001FE7
001FEC
001FF2
001FF7
001FFD
002002
002007
00200D
002012
002017
00201D
002022
002027
00202D
002032
002038
00203D
002042
002048
00204D
002053
002058
00205D
002063
002068
00206E
002073
002078
00207E
002083
002089
00208E
002094
002099
00209F
0020A4
0020A9
0020AF
0020B4
0020BA
0020BF
0020C5
0020CA
0020D0
0020D5
0020DB
0020E0
0020E6
0020EB
0020F1
0020F6
0020FC
002101
002107
00210C
002112
002117
00211D
002122
002128
00212D
002133
002138
00213E
002144
002149
00214F
002154
00215A
00215F
002165
00216A
002170
002176
00217B
002181
002186
00218C
002192
002197
00219D
0021A2
0021A8
0021AE
0021B3
0021B9
0021BE
0021C4
0021CA
0021CF
0021D5
0021DB
0021E0
0021E6
0021EC
0021F1
0021F7
0021FC
002202
002208
00220D
002213
002219
00221E
002224
00222A
002230
002235
00223B
002241
002246
00224C
002252
002257
00225D
002263
002269
00226E
002274
00227A
002280
002285
00228B
002291
002296
00229C
0022A2
0022A8
0022AE
0022B3
0022B9
0022BF
0022C5
0022CA
0022D0
0022D6
0022DC
0022E2
0022E7
0022ED
0022F3
0022F9
0022FF
002304
00230A
002310
002316
00231C
002321
002327
00232D
002333
002339
00233F
002345
00234A
002350
002356
00235C
002362
002368
00236E
002373
002379
00237F
002385
00238B
002391
002397
00239D
0023A3
0023A9
0023AE
0023B4
0023BA
0023C0
0023C6
0023CC
0023D2
0023D8
0023DE
0023E4
0023EA
0023F0
0023F6
0023FC
002402
002408
00240E
002414
00241A
002420
002426
00242B
002431
002437
00243D
002443
002449
00244F
002456
00245C
002462
002468
00246E
002474
00247A
002480
002486
00248C
002492
002498
00249E
0024A4
0024AA
0024B0
0024B6
0024BC
0024C2
0024C8
0024CF
0024D5
0024DB
0024E1
0024E7
0024ED
0024F3
0024F9
0024FF
002505
00250C
002512
002518
00251E
002524
00252A
002530
002536
00253D
002543
002549
00254F
002555
00255B
002562
002568
00256E
002574
00257A
002581
002587
00258D
002593
002599
0025A0
0025A6
0025AC
0025B2
0025B8
0025BF
0025C5
0025CB
0025D1
0025D8
0025DE
0025E4
0025EA
0025F1
0025F7
0025FD
002603
00260A
002610
002616
00261C
002623
002629
00262F
002636
00263C
002642
002648
00264F
002655
00265B
002662
002668
00266E
002675
00267B
002681
002688
00268E
002694
00269B
0026A1
0026A7
0026AE
0026B4
0026BB
0026C1
0026C7
0026CE
0026D4
0026DB
0026E1
0026E7
0026EE
0026F4
0026FB
002701
002707
00270E
002714
00271B
002721
002727
00272E
002734
00273B
002741
002748
00274E
002755
00275B
002762
002768
00276F
002775
00277B
002782
002788
00278F
002795
00279C
0027A2
0027A9
0027AF
0027B6
0027BD
0027C3
0027CA
0027D0
0027D7
0027DD
0027E4
0027EA
0027F1
0027F7
0027FE
002805
00280B
002812
002818
00281F
002825
00282C
002833
002839
002840
002846
00284D
002854
00285A
002861
002867
00286E
002875
00287B
002882
002889
00288F
002896
00289D
0028A3
0028AA
0028B0
0028B7
0028BE
0028C5
0028CB
0028D2
0028D9
0028DF
0028E6
0028ED
0028F3
0028FA
002901
002907
00290E
002915
00291C
002922
002929
002930
002937
00293D
002944
00294B
002952
002958
00295F
002966
00296D
002973
00297A
002981
002988
00298F
002995
00299C
0029A3
0029AA
0029B1
0029B7
0029BE
0029C5
0029CC
0029D3
0029D9
0029E0
0029E7
0029EE
0029F5
0029FC
002A03
002A09
002A10
002A17
002A1E
002A25
002A2C
002A33
002A3A
002A40
002A47
002A4E
002A55
002A5C
002A63
002A6A
002A71
002A78
002A7F
002A86
002A8D
002A93
002A9A
002AA1
002AA8
002AAF
002AB6
002ABD
002AC4
002ACB
002AD2
002AD9
002AE0
002AE7
002AEE
002AF5
002AFC
002B03
002B0A
002B11
002B18
002B1F
002B26
002B2D
002B34
002B3B
002B42
002B49
002B50
002B57
002B5E
002B66
002B6D
002B74
002B7B
002B82
002B89
002B90
002B97
002B9E
002BA5
002BAC
002BB3
002BBB
002BC2
002BC9
002BD0
002BD7
002BDE
002BE5
002BEC
002BF4
002BFB
002C02
002C09
002C10
002C17
002C1E
002C26
002C2D
002C34
002C3B
002C42
002C4A
002C51
002C58
002C5F
002C66
002C6E
002C75
002C7C
002C83
002C8A
002C92
002C99
002CA0
002CA7
002CAF
002CB6
002CBD
002CC4
002CCC
002CD3
002CDA
002CE2
002CE9
002CF0
002CF7
002CFF
002D06
002D0D
002D15
002D1C
002D23
002D2A
002D32
002D39
002D40
002D48
002D4F
002D56
002D5E
002D65
002D6D
002D74
002D7B
002D83
002D8A
002D91
002D99
002DA0
002DA8
002DAF
002DB6
002DBE
002DC5
002DCD
002DD4
002DDB
002DE3
002DEA
002DF2
002DF9
002E01
002E08
002E0F
002E17
002E1E
002E26
002E2D
002E35
002E3C
002E44
002E4B
002E53
002E5A
002E62
002E69
002E71
002E78
002E80
002E87
002E8F
002E96
002E9E
002EA5
002EAD
002EB4
002EBC
002EC3
002ECB
002ED3
002EDA
002EE2
002EE9
002EF1
002EF8
002F00
002F08
002F0F
002F17
002F1E
002F26
002F2E
002F35
002F3D
002F44
002F4C
002F54
002F5B
002F63
002F6B
002F72
002F7A
002F81
002F89
002F91
002F98
002FA0
002FA8
002FB0
002FB7
002FBF
002FC7
002FCE
002FD6
002FDE
002FE5
002FED
002FF5
002FFD
003004
00300C
003014
00301C
003023
00302B
003033
00303B
003042
00304A
003052
00305A
003061
003069
003071
003079
003081
003088
003090
003098
0030A0
0030A8
0030AF
0030B7
0030BF
0030C7
0030CF
0030D7
0030DE
0030E6
0030EE
0030F6
0030FE
003106
00310E
003116
00311D
003125
00312D
003135
00313D
003145
00314D
003155
00315D
003165
00316D
003174
00317C
003184
00318C
003194
00319C
0031A4
0031AC
0031B4
0031BC
0031C4
0031CC
0031D4
0031DC
0031E4
0031EC
0031F4
0031FC
003204
00320C
003214
00321C
003224
00322C
003234
00323C
003244
00324C
003254
00325D
003265
00326D
003275
00327D
003285
00328D
003295
00329D
0032A5
0032AD
0032B6
0032BE
0032C6
0032CE
0032D6
0032DE
0032E6
0032EE
0032F7
0032FF
003307
00330F
003317
00331F
003328
003330
003338
003340
003348
003351
003359
003361
003369
003371
00337A
003382
00338A
003392
00339B
0033A3
0033AB
0033B3
0033BC
0033C4
0033CC
0033D4
0033DD
0033E5
0033ED
0033F5
0033FE
003406
00340E
003417
00341F
003427
003430
003438
003440
003449
003451
003459
003462
00346A
003472
00347B
003483
00348C
003494
00349C
0034A5
0034AD
0034B5
0034BE
0034C6
0034CF
0034D7
0034E0
0034E8
0034F0
0034F9
003501
00350A
003512
00351B
003523
00352C
003534
00353C
003545
00354D
003556
00355E
003567
00356F
003578
003580
003589
003591
00359A
0035A2
0035AB
0035B4
0035BC
0035C5
0035CD
0035D6
0035DE
0035E7
0035EF
0035F8
003601
003609
003612
00361A
003623
00362C
003634
00363D
003645
00364E
003657
00365F
003668
003671
003679
003682
00368B
003693
00369C
0036A5
0036AD
0036B6
0036BF
0036C7
0036D0
0036D9
0036E1
0036EA
0036F3
0036FC
003704
00370D
003716
00371E
003727
003730
003739
003741
00374A
003753
00375C
003765
00376D
003776
00377F
003788
003790
003799
0037A2
0037AB
0037B4
0037BD
0037C5
0037CE
0037D7
0037E0
0037E9
0037F2
0037FA
003803
00380C
003815
00381E
003827
003830
003839
003842
00384A
003853
00385C
003865
00386E
003877
003880
003889
003892
00389B
0038A4
0038AD
0038B6
0038BF
0038C8
0038D1
0038DA
0038E3
0038EC
0038F5
0038FE
003907
003910
003919
003922
00392B
003934
00393D
003946
00394F
003958
003961
00396A
003973
00397C
003985
00398E
003997
0039A0
0039A9
0039B3
0039BC
0039C5
0039CE
0039D7
0039E0
0039E9
0039F2
0039FC
003A05
003A0E
003A17
003A20
003A29
003A33
003A3C
003A45
003A4E
003A57
003A60
003A6A
003A73
003A7C
003A85
003A8E
003A98
003AA1
003AAA
003AB3
003ABD
003AC6
003ACF
003AD8
003AE2
003AEB
003AF4
003AFE
003B07
003B10
003B19
003B23
003B2C
003B35
003B3F
003B48
003B51
003B5B
003B64
003B6D
003B77
003B80
003B89
003B93
003B9C
003BA5
003BAF
003BB8
003BC2
003BCB
003BD4
003BDE
003BE7
003BF1
003BFA
003C04
003C0D
003C16
003C20
003C29
003C33
003C3C
003C46
003C4F
003C59
003C62
003C6C
003C75
003C7E
003C88
003C91
003C9B
003CA5
003CAE
003CB8
003CC1
003CCB
003CD4
003CDE
003CE7
003CF1
003CFA
003D04
003D0E
003D17
003D21
003D2A
003D34
003D3D
003D47
003D51
003D5A
003D64
003D6E
003D77
003D81
003D8A
003D94
003D9E
003DA7
003DB1
003DBB
003DC4
003DCE
003DD8
003DE1
003DEB
003DF5
003DFE
003E08
003E12
003E1C
003E25
003E2F
003E39
003E43
003E4C
003E56
003E60
003E6A
003E73
003E7D
003E87
003E91
003E9A
003EA4
003EAE
003EB8
003EC2
003ECB
003ED5
003EDF
003EE9
003EF3
003EFD
003F06
003F10
003F1A
003F24
003F2E
003F38
003F42
003F4C
003F55
003F5F
003F69
003F73
003F7D
003F87
003F91
003F9B
003FA5
003FAF
003FB9
003FC3
003FCD
003FD6
003FE0
003FEA
003FF4
003FFE
004008
004012
00401C
004026
004030
00403A
004044
00404E
004058
004062
00406D
004077
004081
00408B
004095
00409F
0040A9
0040B3
0040BD
0040C7
0040D1
0040DB
0040E5
0040F0
0040FA
004104
00410E
004118
004122
00412C
004137
004141
00414B
004155
00415F
004169
004174
00417E
004188
004192
00419C
0041A7
0041B1
0041BB
0041C5
0041CF
0041DA
0041E4
0041EE
0041F8
004203
00420D
004217
004222
00422C
004236
004240
00424B
004255
00425F
00426A
004274
00427E
004289
004293
00429D
0042A8
0042B2
0042BC
0042C7
0042D1
0042DC
0042E6
0042F0
0042FB
004305
004310
00431A
004324
00432F
004339
004344
00434E
004359
004363
00436E
004378
004382
00438D
004397
0043A2
0043AC
0043B7
0043C1
0043CC
0043D6
0043E1
0043EC
0043F6
004401
00440B
004416
004420
00442B
004435
004440
00444B
004455
004460
00446A
004475
004480
00448A
004495
00449F
0044AA
0044B5
0044BF
0044CA
0044D5
0044DF
0044EA
0044F5
0044FF
00450A
004515
00451F
00452A
004535
004540
00454A
004555
004560
00456B
004575
004580
00458B
004596
0045A0
0045AB
0045B6
0045C1
0045CB
0045D6
0045E1
0045EC
0045F7
004602
00460C
004617
004622
00462D
004638
004643
00464D
004658
004663
00466E
004679
004684
00468F
00469A
0046A5
0046B0
0046BA
0046C5
0046D0
0046DB
0046E6
0046F1
0046FC
004707
004712
00471D
004728
004733
00473E
004749
004754
00475F
00476A
004775
004780
00478B
004796
0047A1
0047AC
0047B7
0047C2
0047CE
0047D9
0047E4
0047EF
0047FA
004805
004810
00481B
004826
004832
00483D
004848
004853
00485E
004869
004874
004880
00488B
004896
0048A1
0048AC
0048B8
0048C3
0048CE
0048D9
0048E5
0048F0
0048FB
004906
004912
00491D
004928
004933
00493F
00494A
004955
004960
00496C
004977
004982
00498E
004999
0049A4
0049B0
0049BB
0049C6
0049D2
0049DD
0049E9
0049F4
0049FF
004A0B
004A16
004A22
004A2D
004A38
004A44
004A4F
004A5B
004A66
004A72
004A7D
004A88
004A94
004A9F
004AAB
004AB6
004AC2
004ACD
004AD9
004AE4
004AF0
004AFB
004B07
004B13
004B1E
004B2A
004B35
004B41
004B4C
004B58
004B64
004B6F
004B7B
004B86
004B92
004B9E
004BA9
004BB5
004BC0
004BCC
004BD8
004BE3
004BEF
004BFB
004C06
004C12
004C1E
004C2A
004C35
004C41
004C4D
004C58
004C64
004C70
004C7C
004C87
004C93
004C9F
004CAB
004CB6
004CC2
004CCE
004CDA
004CE6
004CF1
004CFD
004D09
004D15
004D21
004D2D
004D38
004D44
004D50
004D5C
004D68
004D74
004D80
004D8B
004D97
004DA3
004DAF
004DBB
004DC7
004DD3
004DDF
004DEB
004DF7
004E03
004E0F
004E1B
004E27
004E33
004E3F
004E4B
004E57
004E63
004E6F
004E7B
004E87
004E93
004E9F
004EAB
004EB7
004EC3
004ECF
004EDB
004EE7
004EF3
004F00
004F0C
004F18
004F24
004F30
004F3C
004F48
004F55
004F61
004F6D
004F79
004F85
004F91
004F9E
004FAA
004FB6
004FC2
004FCE
004FDB
004FE7
004FF3
004FFF
00500C
005018
005024
005030
00503D
005049
005055
005062
00506E
00507A
005087
005093
00509F
0050AC
0050B8
0050C4
0050D1
0050DD
0050E9
0050F6
005102
00510F
00511B
005127
005134
005140
00514D
005159
005166
005172
00517F
00518B
005198
0051A4
0051B1
0051BD
0051CA
0051D6
0051E3
0051EF
0051FC
005208
005215
005221
00522E
00523B
005247
005254
005260
00526D
005279
005286
005293
00529F
0052AC
0052B9
0052C5
0052D2
0052DF
0052EB
0052F8
005305
005311
00531E
00532B
005338
005344
005351
00535E
00536B
005377
005384
005391
00539E
0053AA
0053B7
0053C4
0053D1
0053DE
0053EA
0053F7
005404
005411
00541E
00542B
005438
005444
005451
00545E
00546B
005478
005485
005492
00549F
0054AC
0054B9
0054C6
0054D3
0054E0
0054ED
0054F9
005506
005513
005520
00552D
00553B
005548
005555
005562
00556F
00557C
005589
005596
0055A3
0055B0
0055BD
0055CA
0055D7
0055E4
0055F2
0055FF
00560C
005619
005626
005633
005641
00564E
00565B
005668
005675
005683
005690
00569D
0056AA
0056B7
0056C5
0056D2
0056DF
0056ED
0056FA
005707
005714
005722
00572F
00573C
00574A
005757
005764
005772
00577F
00578C
00579A
0057A7
0057B5
0057C2
0057CF
0057DD
0057EA
0057F8
005805
005813
005820
00582D
00583B
005848
005856
005863
005871
00587E
00588C
005899
0058A7
0058B5
0058C2
0058D0
0058DD
0058EB
0058F8
005906
005914
005921
00592F
00593C
00594A
005958
005965
005973
005981
00598E
00599C
0059AA
0059B7
0059C5
0059D3
0059E1
0059EE
0059FC
005A0A
005A18
005A25
005A33
005A41
005A4F
005A5D
005A6A
005A78
005A86
005A94
005AA2
005AB0
005ABD
005ACB
005AD9
005AE7
005AF5
005B03
005B11
005B1F
005B2D
005B3A
005B48
005B56
005B64
005B72
005B80
005B8E
005B9C
005BAA
005BB8
005BC6
005BD4
005BE2
005BF0
005BFE
005C0D
005C1B
005C29
005C37
005C45
005C53
005C61
005C6F
005C7D
005C8B
005C9A
005CA8
005CB6
005CC4
005CD2
005CE0
005CEF
005CFD
005D0B
005D19
005D28
005D36
005D44
005D52
005D61
005D6F
005D7D
005D8B
005D9A
005DA8
005DB6
005DC5
005DD3
005DE1
005DF0
005DFE
005E0D
005E1B
005E29
005E38
005E46
005E55
005E63
005E71
005E80
005E8E
005E9D
005EAB
005EBA
005EC8
005ED7
005EE5
005EF4
005F02
005F11
005F1F
005F2E
005F3D
005F4B
005F5A
005F68
005F77
005F86
005F94
005FA3
005FB1
005FC0
005FCF
005FDD
005FEC
005FFB
006009
006018
006027
006036
006044
006053
006062
006071
00607F
00608E
00609D
0060AC
0060BB
0060C9
0060D8
0060E7
0060F6
006105
006114
006122
006131
006140
00614F
00615E
00616D
00617C
00618B
00619A
0061A9
0061B8
0061C7
0061D6
0061E5
0061F4
006203
006212
006221
006230
00623F
00624E
00625D
00626C
00627B
00628A
006299
0062A9
0062B8
0062C7
0062D6
0062E5
0062F4
006303
006313
006322
006331
006340
006350
00635F
00636E
00637D
00638D
00639C
0063AB
0063BA
0063CA
0063D9
0063E8
0063F8
006407
006416
006426
006435
006445
006454
006463
006473
006482
006492
0064A1
0064B1
0064C0
0064D0
0064DF
0064EF
0064FE
00650E
00651D
00652D
00653C
00654C
00655B
00656B
00657B
00658A
00659A
0065A9
0065B9
0065C9
0065D8
0065E8
0065F8
006607
006617
006627
006636
006646
006656
006666
006675
006685
006695
0066A5
0066B5
0066C4
0066D4
0066E4
0066F4
006704
006714
006724
006733
006743
006753
006763
006773
006783
006793
0067A3
0067B3
0067C3
0067D3
0067E3
0067F3
006803
006813
006823
006833
006843
006853
006863
006873
006884
006894
0068A4
0068B4
0068C4
0068D4
0068E4
0068F5
006905
006915
006925
006936
006946
006956
006966
006977
006987
006997
0069A7
0069B8
0069C8
0069D8
0069E9
0069F9
006A0A
006A1A
006A2A
006A3B
006A4B
006A5C
006A6C
006A7D
006A8D
006A9E
006AAE
006ABF
006ACF
006AE0
006AF0
006B01
006B11
006B22
006B32
006B43
006B54
006B64
006B75
006B86
006B96
006BA7
006BB8
006BC8
006BD9
006BEA
006BFA
006C0B
006C1C
006C2D
006C3D
006C4E
006C5F
006C70
006C81
006C91
006CA2
006CB3
006CC4
006CD5
006CE6
006CF7
006D08
006D19
006D29
006D3A
006D4B
006D5C
006D6D
006D7E
006D8F
006DA0
006DB1
006DC2
006DD4
006DE5
006DF6
006E07
006E18
006E29
006E3A
006E4B
006E5C
006E6E
006E7F
006E90
006EA1
006EB2
006EC4
006ED5
006EE6
006EF7
006F09
006F1A
006F2B
006F3D
006F4E
006F5F
006F71
006F82
006F93
006FA5
006FB6
006FC8
006FD9
006FEB
006FFC
00700E
00701F
007030
007042
007054
007065
007077
007088
00709A
0070AB
0070BD
0070CF
0070E0
0070F2
007103
007115
007127
007139
00714A
00715C
00716E
00717F
007191
0071A3
0071B5
0071C7
0071D8
0071EA
0071FC
00720E
007220
007232
007244
007255
007267
007279
00728B
00729D
0072AF
0072C1
0072D3
0072E5
0072F7
007309
00731B
00732D
00733F
007351
007364
007376
007388
00739A
0073AC
0073BE
0073D1
0073E3
0073F5
007407
007419
00742C
00743E
007450
007463
007475
007487
00749A
0074AC
0074BE
0074D1
0074E3
0074F5
007508
00751A
00752D
00753F
007552
007564
007577
007589
00759C
0075AE
0075C1
0075D4
0075E6
0075F9
00760B
00761E
007631
007643
007656
007669
00767C
00768E
0076A1
0076B4
0076C7
0076D9
0076EC
0076FF
007712
007725
007737
00774A
00775D
007770
007783
007796
0077A9
0077BC
0077CF
0077E2
0077F5
007808
00781B
00782E
007841
007854
007867
00787A
00788E
0078A1
0078B4
0078C7
0078DA
0078ED
007901
007914
007927
00793A
00794E
007961
007974
007988
00799B
0079AE
0079C2
0079D5
0079E9
0079FC
007A10
007A23
007A36
007A4A
007A5D
007A71
007A85
007A98
007AAC
007ABF
007AD3
007AE6
007AFA
007B0E
007B21
007B35
007B49
007B5D
007B70
007B84
007B98
007BAC
007BBF
007BD3
007BE7
007BFB
007C0F
007C23
007C36
007C4A
007C5E
007C72
007C86
007C9A
007CAE
007CC2
007CD6
007CEA
007CFE
007D12
007D27
007D3B
007D4F
007D63
007D77
007D8B
007D9F
007DB4
007DC8
007DDC
007DF0
007E05
007E19
007E2D
007E42
007E56
007E6A
007E7F
007E93
007EA8
007EBC
007ED0
007EE5
007EF9
007F0E
007F22
007F37
007F4C
007F60
007F75
007F89
007F9E
007FB3
007FC7
007FDC
007FF1
008005
00801A
00802F
008044
008058
00806D
008082
008097
0080AC
0080C1
0080D6
0080EB
0080FF
008114
008129
00813E
008153
008168
00817D
008193
0081A8
0081BD
0081D2
0081E7
0081FC
008211
008226
00823C
008251
008266
00827B
008291
0082A6
0082BB
0082D1
0082E6
0082FB
008311
008326
00833C
008351
008367
00837C
008392
0083A7
0083BD
0083D2
0083E8
0083FE
008413
008429
00843F
008454
00846A
008480
008495
0084AB
0084C1
0084D7
0084ED
008502
008518
00852E
008544
00855A
008570
008586
00859C
0085B2
0085C8
0085DE
0085F4
00860A
008620
008636
00864D
008663
008679
00868F
0086A5
0086BC
0086D2
0086E8
0086FF
008715
00872B
008742
008758
00876E
008785
00879B
0087B2
0087C8
0087DF
0087F5
00880C
008823
008839
008850
008867
00887D
008894
0088AB
0088C1
0088D8
0088EF
008906
00891C
008933
00894A
008961
008978
00898F
0089A6
0089BD
0089D4
0089EB
008A02
008A19
008A30
008A47
008A5E
008A75
008A8D
008AA4
008ABB
008AD2
008AEA
008B01
008B18
008B30
008B47
008B5E
008B76
008B8D
008BA5
008BBC
008BD3
008BEB
008C03
008C1A
008C32
008C49
008C61
008C79
008C90
008CA8
008CC0
008CD7
008CEF
008D07
008D1F
008D37
008D4F
008D66
008D7E
008D96
008DAE
008DC6
008DDE
008DF6
008E0E
008E26
008E3E
008E57
008E6F
008E87
008E9F
008EB7
008ED0
008EE8
008F00
008F19
008F31
008F49
008F62
008F7A
008F92
008FAB
008FC3
008FDC
008FF5
00900D
009026
00903E
009057
009070
009088
0090A1
0090BA
0090D3
0090EB
009104
00911D
009136
00914F
009168
009181
00919A
0091B3
0091CC
0091E5
0091FE
009217
009230
009249
009262
00927C
009295
0092AE
0092C7
0092E1
0092FA
009313
00932D
009346
009360
009379
009393
0093AC
0093C6
0093DF
0093F9
009413
00942C
009446
009460
009479
009493
0094AD
0094C7
0094E1
0094FB
009514
00952E
009548
009562
00957C
009596
0095B1
0095CB
0095E5
0095FF
009619
009633
00964E
009668
009682
00969D
0096B7
0096D1
0096EC
009706
009721
00973B
009756
009770
00978B
0097A5
0097C0
0097DB
0097F6
009810
00982B
009846
009861
00987C
009896
0098B1
0098CC
0098E7
009902
00991D
009938
009953
00996F
00998A
0099A5
0099C0
0099DB
0099F7
009A12
009A2D
009A49
009A64
009A80
009A9B
009AB7
009AD2
009AEE
009B09
009B25
009B41
009B5C
009B78
009B94
009BAF
009BCB
009BE7
009C03
009C1F
009C3B
009C57
009C73
009C8F
009CAB
009CC7
009CE3
009CFF
009D1C
009D38
009D54
009D70
009D8D
009DA9
009DC5
009DE2
009DFE
009E1B
009E37
009E54
009E70
009E8D
009EAA
009EC6
009EE3
009F00
009F1D
009F3A
009F56
009F73
009F90
009FAD
009FCA
009FE7
00A004
00A021
00A03F
00A05C
00A079
00A096
00A0B4
00A0D1
00A0EE
00A10C
00A129
00A146
00A164
00A181
00A19F
00A1BD
00A1DA
00A1F8
00A216
00A233
00A251
00A26F
00A28D
00A2AB
00A2C9
00A2E7
00A305
00A323
00A341
00A35F
00A37D
00A39B
00A3B9
00A3D8
00A3F6
00A414
00A433
00A451
00A46F
00A48E
00A4AC
00A4CB
00A4EA
00A508
00A527
00A546
00A564
00A583
00A5A2
00A5C1
00A5E0
00A5FF
00A61E
00A63D
00A65C
00A67B
00A69A
00A6B9
00A6D8
00A6F8
00A717
00A736
00A756
00A775
00A794
00A7B4
00A7D3
00A7F3
00A813
00A832
00A852
00A872
00A892
00A8B1
00A8D1
00A8F1
00A911
00A931
00A951
00A971
00A991
00A9B1
00A9D2
00A9F2
00AA12
00AA32
00AA53
00AA73
00AA94
00AAB4
00AAD5
00AAF5
00AB16
00AB36
00AB57
00AB78
00AB99
00ABB9
00ABDA
00ABFB
00AC1C
00AC3D
00AC5E
00AC7F
00ACA0
00ACC2
00ACE3
00AD04
00AD25
00AD47
00AD68
00AD8A
00ADAB
00ADCD
00ADEE
00AE10
00AE31
00AE53
00AE75
00AE97
00AEB9
00AEDB
00AEFC
00AF1E
00AF40
00AF63
00AF85
00AFA7
00AFC9
00AFEB
00B00E
00B030
00B052
00B075
00B097
00B0BA
00B0DD
00B0FF
00B122
00B145
00B167
00B18A
00B1AD
00B1D0
00B1F3
00B216
00B239
00B25C
00B27F
00B2A3
00B2C6
00B2E9
00B30D
00B330
00B354
00B377
00B39B
00B3BE
00B3E2
00B406
00B42A
00B44D
00B471
00B495
00B4B9
00B4DD
00B501
00B525
00B54A
00B56E
00B592
00B5B6
00B5DB
00B5FF
00B624
00B648
00B66D
00B692
00B6B6
00B6DB
00B700
00B725
00B74A
00B76F
00B794
00B7B9
00B7DE
00B803
00B828
00B84E
00B873
00B899
00B8BE
00B8E4
00B909
00B92F
00B954
00B97A
00B9A0
00B9C6
00B9EC
00BA12
00BA38
00BA5E
00BA84
00BAAA
00BAD0
00BAF7
00BB1D
00BB44
00BB6A
00BB91
00BBB7
00BBDE
00BC05
00BC2B
00BC52
00BC79
00BCA0
00BCC7
00BCEE
00BD15
00BD3C
00BD64
00BD8B
00BDB2
00BDDA
00BE01
00BE29
00BE50
00BE78
00BEA0
00BEC8
00BEEF
00BF17
00BF3F
00BF67
00BF8F
00BFB8
00BFE0
00C008
00C031
00C059
00C081
00C0AA
00C0D3
00C0FB
00C124
00C14D
00C176
00C19F
00C1C8
00C1F1
00C21A
00C243
00C26C
00C295
00C2BF
00C2E8
00C312
00C33B
00C365
00C38F
00C3B9
00C3E2
00C40C
00C436
00C460
00C48A
00C4B5
00C4DF
00C509
00C534
00C55E
00C589
00C5B3
00C5DE
00C609
00C633
00C65E
00C689
00C6B4
00C6DF
00C70A
00C736
00C761
00C78C
00C7B8
00C7E3
00C80F
00C83A
00C866
00C892
00C8BE
00C8EA
00C916
00C942
00C96E
00C99A
00C9C7
00C9F3
00CA1F
00CA4C
00CA79
00CAA5
00CAD2
00CAFF
00CB2C
00CB59
00CB86
00CBB3
00CBE0
00CC0D
00CC3B
00CC68
00CC96
00CCC3
00CCF1
00CD1F
00CD4D
00CD7B
00CDA9
00CDD7
00CE05
00CE33
00CE61
00CE90
00CEBE
00CEED
00CF1B
00CF4A
00CF79
00CFA8
00CFD7
00D006
00D035
00D064
00D093
00D0C3
00D0F2
00D122
00D151
00D181
00D1B1
00D1E1
00D211
00D241
00D271
00D2A1
00D2D1
00D302
00D332
00D363
00D393
00D3C4
00D3F5
00D426
00D457
00D488
00D4B9
00D4EA
00D51C
00D54D
00D57F
00D5B0
00D5E2
00D614
00D646
00D678
00D6AA
00D6DC
00D70E
00D740
00D773
00D7A5
00D7D8
00D80B
00D83D
00D870
00D8A3
00D8D6
00D90A
00D93D
00D970
00D9A4
00D9D7
00DA0B
00DA3F
00DA73
00DAA7
00DADB
00DB0F
00DB43
00DB77
00DBAC
00DBE0
00DC15
00DC4A
00DC7E
00DCB3
00DCE8
00DD1E
00DD53
00DD88
00DDBE
00DDF3
00DE29
00DE5F
00DE94
00DECA
00DF00
00DF37
00DF6D
00DFA3
00DFDA
00E010
00E047
00E07E
00E0B5
00E0EC
00E123
00E15A
00E191
00E1C9
00E200
00E238
00E270
00E2A8
00E2E0
00E318
00E350
00E388
00E3C1
00E3F9
00E432
00E46B
00E4A4
00E4DD
00E516
00E54F
00E588
00E5C2
00E5FB
00E635
00E66F
00E6A9
00E6E3
00E71D
00E757
00E792
00E7CC
00E807
00E841
00E87C
00E8B7
00E8F2
00E92E
00E969
00E9A4
00E9E0
00EA1C
00EA58
00EA93
00EAD0
00EB0C
00EB48
00EB85
00EBC1
00EBFE
00EC3B
00EC78
00ECB5
00ECF2
00ED2F
00ED6D
00EDAA
00EDE8
00EE26
00EE64
00EEA2
00EEE0
00EF1F
00EF5D
00EF9C
00EFDB
00F01A
00F059
00F098
00F0D7
00F117
00F156
00F196
00F1D6
00F216
00F256
00F296
00F2D7
00F317
00F358
00F399
00F3DA
00F41B
00F45C
00F49D
00F4DF
00F521
00F562
00F5A4
00F5E7
00F629
00F66B
00F6AE
00F6F1
00F733
00F776
00F7BA
00F7FD
00F840
00F884
00F8C8
00F90C
00F950
00F994
00F9D8
00FA1D
00FA61
00FAA6
00FAEB
00FB30
00FB76
00FBBB
00FC01
00FC46
00FC8C
00FCD2
00FD19
00FD5F
00FDA6
00FDEC
00FE33
00FE7A
00FEC2
00FF09
00FF50
00FF98
00FFE0
010028
010070
0100B9
010101
01014A
010193
0101DC
010225
01026E
0102B8
010302
01034C
010396
0103E0
01042B
010475
0104C0
01050B
010556
0105A1
0105ED
010639
010684
0106D1
01071D
010769
0107B6
010803
010850
01089D
0108EA
010938
010985
0109D3
010A21
010A70
010ABE
010B0D
010B5C
010BAB
010BFA
010C49
010C99
010CE9
010D39
010D89
010DDA
010E2A
010E7B
010ECC
010F1E
010F6F
010FC1
011012
011065
0110B7
011109
01115C
0111AF
011202
011255
0112A9
0112FD
011351
0113A5
0113F9
01144E
0114A3
0114F8
01154D
0115A2
0115F8
01164E
0116A4
0116FA
011751
0117A8
0117FF
011856
0118AE
011905
01195D
0119B5
011A0E
011A67
011ABF
011B19
011B72
011BCB
011C25
011C7F
011CDA
011D34
011D8F
011DEA
011E45
011EA1
011EFD
011F59
011FB5
012011
01206E
0120CB
012128
012186
0121E4
012242
0122A0
0122FE
01235D
0123BC
01241C
01247B
0124DB
01253B
01259C
0125FC
01265D
0126BE
012720
012781
0127E3
012846
0128A8
01290B
01296E
0129D2
012A35
012A99
012AFD
012B62
012BC7
012C2C
012C91
012CF7
012D5D
012DC3
012E29
012E90
012EF7
012F5F
012FC7
01302F
013097
0130FF
013168
0131D2
01323B
0132A5
01330F
01337A
0133E4
01344F
0134BB
013527
013593
0135FF
01366C
0136D9
013746
0137B4
013822
013890
0138FF
01396D
0139DD
013A4C
013ABC
013B2D
013B9D
013C0E
013C80
013CF1
013D63
013DD6
013E48
013EBC
013F2F
013FA3
014017
01408B
014100
014175
0141EB
014261
0142D7
01434E
0143C5
01443C
0144B4
01452C
0145A5
01461E
014697
014711
01478B
014805
014880
0148FC
014977
0149F3
014A70
014AED
014B6A
014BE7
014C65
014CE4
014D63
014DE2
014E62
014EE2
014F62
014FE3
015065
0150E6
015169
0151EB
01526E
0152F2
015376
0153FA
01547F
015504
01558A
015610
015696
01571D
0157A5
01582D
0158B5
01593E
0159C8
015A51
015ADC
015B66
015BF1
015C7D
015D09
015D96
015E23
015EB1
015F3F
015FCD
01605C
0160EC
01617C
01620D
01629E
01632F
0163C1
016454
0164E7
01657B
01660F
0166A3
016739
0167CE
016865
0168FB
016993
016A2B
016AC3
016B5C
016BF5
016C8F
016D2A
016DC5
016E61
016EFD
016F9A
017038
0170D6
017174
017213
0172B3
017353
0173F4
017496
017538
0175DB
01767E
017722
0177C7
01786C
017912
0179B8
017A5F
017B07
017BAF
017C58
017D01
017DAC
017E57
017F02
017FAE
01805B
018109
0181B7
018266
018315
0183C5
018476
018528
0185DA
01868D
018741
0187F5
0188AA
018960
018A16
018ACD
018B85
018C3E
018CF7
018DB2
018E6C
018F28
018FE4
0190A2
019160
01921E
0192DE
01939E
01945F
019521
0195E3
0196A7
01976B
019830
0198F6
0199BC
019A84
019B4C
019C15
019CDF
019DAA
019E75
019F42
01A00F
01A0DD
01A1AC
01A27C
01A34D
01A41F
01A4F1
01A5C5
01A699
01A76E
01A845
01A91C
01A9F4
01AACD
01ABA7
01AC82
01AD5E
01AE3A
01AF18
01AFF7
01B0D7
01B1B7
01B299
01B37C
01B45F
01B544
01B62A
01B711
01B7F8
01B8E1
01B9CB
01BAB6
01BBA2
01BC8F
01BD7D
01BE6C
01BF5D
01C04E
01C141
01C234
01C329
01C41F
01C516
01C60E
01C707
01C802
01C8FD
01C9FA
01CAF8
01CBF8
01CCF8
01CDFA
01CEFC
01D000
01D106
01D20C
01D314
01D41D
01D528
01D633
01D740
01D84F
01D95E
01DA6F
01DB81
01DC95
01DDAA
01DEC0
01DFD8
01E0F1
01E20B
01E327
01E444
01E563
01E683
01E7A5
01E8C8
01E9EC
01EB12
01EC3A
01ED62
01EE8D
01EFB9
01F0E7
01F216
01F346
01F479
01F5AC
01F6E2
01F819
01F952
01FA8C
01FBC8
01FD06
01FE45
01FF86
0200C9
02020D
020353
02049B
0205E5
020730
02087D
0209CD
020B1D
020C70
020DC5
020F1B
021073
0211CE
02132A
021488
0215E8
02174A
0218AE
021A14
021B7C
021CE5
021E51
021FC0
022130
0222A2
022416
02258D
022706
022880
0229FD
022B7D
022CFE
022E82
023008
023190
02331B
0234A8
023637
0237C9
02395D
023AF3
023C8C
023E27
023FC5
024166
024309
0244AE
024656
024801
0249AE
024B5E
024D10
024EC6
02507D
025238
0253F6
0255B6
025779
02593F
025B08
025CD4
025EA2
026074
026249
026421
0265FB
0267D9
0269BA
026B9E
026D85
026F70
02715E
02734F
027543
02773B
027936
027B34
027D36
027F3B
028144
028350
028560
028774
02898B
028BA6
028DC5
028FE7
02920D
029437
029665
029897
029ACD
029D07
029F45
02A187
02A3CD
02A618
02A866
02AAB9
02AD11
02AF6C
02B1CC
02B431
02B69A
02B908
02BB7A
02BDF1
02C06D
02C2ED
02C572
02C7FD
02CA8C
02CD20
02CFB9
02D258
02D4FB
02D7A4
02DA52
02DD06
02DFBF
02E27D
02E541
02E80B
02EADA
02EDAF
02F08A
02F36B
02F652
02F93F
02FC32
02FF2B
03022A
030530
03083C
030B4F
030E69
031189
0314AF
0317DD
031B12
031E4D
032190
0324DA
03282C
032B84
032EE4
03324C
0335BC
033933
033CB2
03403A
0343C9
034760
034B00
034EA9
03525A
035613
0359D6
035DA1
036176
036553
03693A
036D2B
037125
037529
037936
037D4E
038170
03859C
0389D2
038E13
03925F
0396B6
039B18
039F85
03A3FD
03A882
03AD11
03B1AD
03B655
03BB0A
03BFCB
03C498
03C973
03CE5A
03D34F
03D852
03DD62
03E280
03E7AC
03ECE7
03F231
03F789
03FCF1
040268
0407EE
040D85
04132C
0418E3
041EAB
042485
042A6F
04306B
043679
043C9A
0442CD
044913
044F6C
0455D9
045C5A
0462F0
04699A
047059
04772E
047E18
048519
048C31
049360
049AA7
04A205
04A97D
04B10D
04B8B7
04C07B
04C859
04D053
04D868
04E09A
04E8E8
04F154
04F9DE
050286
050B4E
051436
051D3E
052668
052FB4
053923
0542B5
054C6C
055648
05604A
001F3F
001F45
001F4A
001F4F
001F54
001F5A
001F5F
001F64
001F69
001F6F
001F74
001F79
001F7E
001F84
001F89
001F8E
001F93
001F99
001F9E
001FA3
001FA9
001FAE
001FB3
001FB8
001FBE
001FC3
001FC8
001FCE
001FD3
001FD8
001FDE
001FE3
001FE8
001FEE
001FF3
001FF8
001FFE
002003
002008
00200E
002013
002018
00201E
002023
002028
00202E
002033
002039
00203E
002043
002049
00204E
002053
002059
00205E
002064
002069
00206E
002074
002079
00207F
002084
002089
00208F
002094
00209A
00209F
0020A5
0020AA
0020B0
0020B5
0020BA
0020C0
0020C5
0020CB
0020D0
0020D6
0020DB
0020E1
0020E6
0020EC
0020F1
0020F7
0020FC
002102
002107
00210D
002112
002118
00211D
002123
002128
00212E
002133
002139
00213E
002144
002149
00214F
002154
00215A
00215F
002165
00216B
002170
002176
00217B
002181
002186
00218C
002192
002197
00219D
0021A2
0021A8
0021AD
0021B3
0021B9
0021BE
0021C4
0021CA
0021CF
0021D5
0021DA
0021E0
0021E6
0021EB
0021F1
0021F7
0021FC
002202
002207
00220D
002213
002218
00221E
002224
002229
00222F
002235
00223A
002240
002246
00224B
002251
002257
00225D
002262
002268
00226E
002273
002279
00227F
002285
00228A
002290
002296
00229B
0022A1
0022A7
0022AD
0022B2
0022B8
0022BE
0022C4
0022C9
0022CF
0022D5
0022DB
0022E1
0022E6
0022EC
0022F2
0022F8
0022FD
002303
002309
00230F
002315
00231B
002320
002326
00232C
002332
002338
00233D
002343
002349
00234F
002355
00235B
002360
002366
00236C
002372
002378
00237E
002384
00238A
00238F
002395
00239B
0023A1
0023A7
0023AD
0023B3
0023B9
0023BF
0023C4
0023CA
0023D0
0023D6
0023DC
0023E2
0023E8
0023EE
0023F4
0023FA
002400
002406
00240C
002412
002418
00241E
002424
002429
00242F
002435
00243B
002441
002447
00244D
002453
002459
00245F
002465
00246B
002471
002477
00247D
002483
002489
00248F
002496
00249C
0024A2
0024A8
0024AE
0024B4
0024BA
0024C0
0024C6
0024CC
0024D2
0024D8
0024DE
0024E4
0024EA
0024F0
0024F6
0024FD
002503
002509
00250F
002515
00251B
002521
002527
00252D
002534
00253A
002540
002546
00254C
002552
002558
00255F
002565
00256B
002571
002577
00257D
002583
00258A
002590
002596
00259C
0025A2
0025A9
0025AF
0025B5
0025BB
0025C1
0025C8
0025CE
0025D4
0025DA
0025E0
0025E7
0025ED
0025F3
0025F9
002600
002606
00260C
002612
002619
00261F
002625
00262B
002632
002638
00263E
002645
00264B
002651
002657
00265E
002664
00266A
002671
002677
00267D
002684
00268A
002690
002697
00269D
0026A3
0026AA
0026B0
0026B6
0026BD
0026C3
0026C9
0026D0
0026D6
0026DC
0026E3
0026E9
0026EF
0026F6
0026FC
002703
002709
00270F
002716
00271C
002723
002729
00272F
002736
00273C
002743
002749
002750
002756
00275D
002763
002769
002770
002776
00277D
002783
00278A
002790
002797
00279D
0027A4
0027AA
0027B1
0027B7
0027BE
0027C4
0027CB
0027D1
0027D8
0027DE
0027E5
0027EB
0027F2
0027F8
0027FF
002805
00280C
002812
002819
002820
002826
00282D
002833
00283A
002840
002847
00284D
002854
00285B
002861
002868
00286E
002875
00287C
002882
002889
00288F
002896
00289D
0028A3
0028AA
0028B1
0028B7
0028BE
0028C5
0028CB
0028D2
0028D9
0028DF
0028E6
0028ED
0028F3
0028FA
002901
002907
00290E
002915
00291B
002922
002929
00292F
002936
00293D
002944
00294A
002951
002958
00295F
002965
00296C
002973
00297A
002980
002987
00298E
002995
00299B
0029A2
0029A9
0029B0
0029B6
0029BD
0029C4
0029CB
0029D2
0029D8
0029DF
0029E6
0029ED
0029F4
0029FB
002A01
002A08
002A0F
002A16
002A1D
002A24
002A2A
002A31
002A38
002A3F
002A46
002A4D
002A54
002A5A
002A61
002A68
002A6F
002A76
002A7D
002A84
002A8B
002A92
002A99
002A9F
002AA6
002AAD
002AB4
002ABB
002AC2
002AC9
002AD0
002AD7
002ADE
002AE5
002AEC
002AF3
002AFA
002B01
002B08
002B0F
002B16
002B1D
002B24
002B2B
002B32
002B39
002B40
002B47
002B4E
002B55
002B5C
002B63
002B6A
002B71
002B78
002B7F
002B86
002B8D
002B94
002B9B
002BA2
002BA9
002BB0
002BB7
002BBE
002BC6
002BCD
002BD4
002BDB
002BE2
002BE9
002BF0
002BF7
002BFE
002C05
002C0D
002C14
002C1B
002C22
002C29
002C30
002C37
002C3F
002C46
002C4D
002C54
002C5B
002C62
002C6A
002C71
002C78
002C7F
002C86
002C8D
002C95
002C9C
002CA3
002CAA
002CB1
002CB9
002CC0
002CC7
002CCE
002CD6
002CDD
002CE4
002CEB
002CF3
002CFA
002D01
002D08
002D10
002D17
002D1E
002D25
002D2D
002D34
002D3B
002D43
002D4A
002D51
002D59
002D60
002D67
002D6E
002D76
002D7D
002D84
002D8C
002D93
002D9A
002DA2
002DA9
002DB1
002DB8
002DBF
002DC7
002DCE
002DD5
002DDD
002DE4
002DEC
002DF3
002DFA
002E02
002E09
002E11
002E18
002E1F
002E27
002E2E
002E36
002E3D
002E45
002E4C
002E53
002E5B
002E62
002E6A
002E71
002E79
002E80
002E88
002E8F
002E97
002E9E
002EA6
002EAD
002EB5
002EBC
002EC4
002ECB
002ED3
002EDA
002EE2
002EE9
002EF1
002EF8
002F00
002F07
002F0F
002F16
002F1E
002F26
002F2D
002F35
002F3C
002F44
002F4B
002F53
002F5B
002F62
002F6A
002F71
002F79
002F81
002F88
002F90
002F98
002F9F
002FA7
002FAE
002FB6
002FBE
002FC5
002FCD
002FD5
002FDC
002FE4
002FEC
002FF3
002FFB
003003
00300A
003012
00301A
003022
003029
003031
003039
003040
003048
003050
003058
00305F
003067
00306F
003077
00307E
003086
00308E
003096
00309D
0030A5
0030AD
0030B5
0030BC
0030C4
0030CC
0030D4
0030DC
0030E3
0030EB
0030F3
0030FB
003103
00310B
003112
00311A
003122
00312A
003132
00313A
003141
003149
003151
003159
003161
003169
003171
003179
003181
003188
003190
003198
0031A0
0031A8
0031B0
0031B8
0031C0
0031C8
0031D0
0031D8
0031E0
0031E8
0031EF
0031F7
0031FF
003207
00320F
003217
00321F
003227
00322F
003237
00323F
003247
00324F
003257
00325F
003267
00326F
003277
00327F
003287
00328F
003298
0032A0
0032A8
0032B0
0032B8
0032C0
0032C8
0032D0
0032D8
0032E0
0032E8
0032F0
0032F8
003300
003309
003311
003319
003321
003329
003331
003339
003341
00334A
003352
00335A
003362
00336A
003372
00337B
003383
00338B
003393
00339B
0033A3
0033AC
0033B4
0033BC
0033C4
0033CC
0033D5
0033DD
0033E5
0033ED
0033F6
0033FE
003406
00340E
003417
00341F
003427
00342F
003438
003440
003448
003450
003459
003461
003469
003472
00347A
003482
00348B
003493
00349B
0034A4
0034AC
0034B4
0034BD
0034C5
0034CD
0034D6
0034DE
0034E6
0034EF
0034F7
0034FF
003508
003510
003519
003521
003529
003532
00353A
003543
00354B
003553
00355C
003564
00356D
003575
00357E
003586
00358F
003597
0035A0
0035A8
0035B0
0035B9
0035C1
0035CA
0035D2
0035DB
0035E3
0035EC
0035F4
0035FD
003605
00360E
003616
00361F
003628
003630
003639
003641
00364A
003652
00365B
003663
00366C
003675
00367D
003686
00368E
003697
0036A0
0036A8
0036B1
0036B9
0036C2
0036CB
0036D3
0036DC
0036E4
0036ED
0036F6
0036FE
003707
003710
003718
003721
00372A
003732
00373B
003744
00374D
003755
00375E
003767
00376F
003778
003781
003789
003792
00379B
0037A4
0037AC
0037B5
0037BE
0037C7
0037CF
0037D8
0037E1
0037EA
0037F3
0037FB
003804
00380D
003816
00381F
003827
003830
003839
003842
00384B
003853
00385C
003865
00386E
003877
003880
003889
003891
00389A
0038A3
0038AC
0038B5
0038BE
0038C7
0038D0
0038D8
0038E1
0038EA
0038F3
0038FC
003905
00390E
003917
003920
003929
003932
00393B
003944
00394D
003956
00395F
003968
003971
00397A
003983
00398C
003995
00399E
0039A7
0039B0
0039B9
0039C2
0039CB
0039D4
0039DD
0039E6
0039EF
0039F8
003A01
003A0A
003A13
003A1C
003A25
003A2E
003A37
003A40
003A4A
003A53
003A5C
003A65
003A6E
003A77
003A80
003A89
003A93
003A9C
003AA5
003AAE
003AB7
003AC0
003AC9
003AD3
003ADC
003AE5
003AEE
003AF7
003B01
003B0A
003B13
003B1C
003B25
003B2F
003B38
003B41
003B4A
003B53
003B5D
003B66
003B6F
003B78
003B82
003B8B
003B94
003B9E
003BA7
003BB0
003BB9
003BC3
003BCC
003BD5
003BDF
003BE8
003BF1
003BFB
003C04
003C0D
003C17
003C20
003C29
003C33
003C3C
003C45
003C4F
003C58
003C61
003C6B
003C74
003C7E
003C87
003C90
003C9A
003CA3
003CAD
003CB6
003CC0
003CC9
003CD2
003CDC
003CE5
003CEF
003CF8
003D02
003D0B
003D15
003D1E
003D28
003D31
003D3B
003D44
003D4E
003D57
003D61
003D6A
003D74
003D7D
003D87
003D90
003D9A
003DA3
003DAD
003DB6
003DC0
003DC9
003DD3
003DDD
003DE6
003DF0
003DF9
003E03
003E0D
003E16
003E20
003E29
003E33
003E3D
003E46
003E50
003E5A
003E63
003E6D
003E77
003E80
003E8A
003E94
003E9D
003EA7
003EB1
003EBA
003EC4
003ECE
003ED7
003EE1
003EEB
003EF5
003EFE
003F08
003F12
003F1B
003F25
003F2F
003F39
003F42
003F4C
003F56
003F60
003F6A
003F73
003F7D
003F87
003F91
003F9B
003FA4
003FAE
003FB8
003FC2
003FCC
003FD6
003FDF
003FE9
003FF3
003FFD
004007
004011
00401B
004024
00402E
004038
004042
00404C
004056
004060
00406A
004074
00407E
004087
004091
00409B
0040A5
0040AF
0040B9
0040C3
0040CD
0040D7
0040E1
0040EB
0040F5
0040FF
004109
004113
00411D
004127
004131
00413B
004145
00414F
004159
004163
00416D
004177
004181
00418B
004196
0041A0
0041AA
0041B4
0041BE
0041C8
0041D2
0041DC
0041E6
0041F0
0041FA
004205
00420F
004219
004223
00422D
004237
004241
00424C
004256
004260
00426A
004274
00427F
004289
004293
00429D
0042A7
0042B2
0042BC
0042C6
0042D0
0042DA
0042E5
0042EF
0042F9
004303
00430E
004318
004322
00432D
004337
004341
00434B
004356
004360
00436A
004375
00437F
004389
004394
00439E
0043A8
0043B3
0043BD
0043C7
0043D2
0043DC
0043E6
0043F1
0043FB
004406
004410
00441A
004425
00442F
00443A
004444
00444F
004459
004463
00446E
004478
004483
00448D
004498
0044A2
0044AD
0044B7
0044C2
0044CC
0044D7
0044E1
0044EC
0044F6
004501
00450B
004516
004520
00452B
004535
004540
00454A
004555
00455F
00456A
004575
00457F
00458A
004594
00459F
0045AA
0045B4
0045BF
0045C9
0045D4
0045DF
0045E9
0045F4
0045FF
004609
004614
00461F
004629
004634
00463F
004649
004654
00465F
004669
004674
00467F
00468A
004694
00469F
0046AA
0046B5
0046BF
0046CA
0046D5
0046E0
0046EA
0046F5
004700
00470B
004715
004720
00472B
004736
004741
00474B
004756
004761
00476C
004777
004782
00478C
004797
0047A2
0047AD
0047B8
0047C3
0047CE
0047D9
0047E4
0047EE
0047F9
004804
00480F
00481A
004825
004830
00483B
004846
004851
00485C
004867
004872
00487D
004888
004893
00489E
0048A9
0048B4
0048BF
0048CA
0048D5
0048E0
0048EB
0048F6
004901
00490C
004917
004922
00492D
004938
004943
00494E
004959
004964
00496F
00497B
004986
004991
00499C
0049A7
0049B2
0049BD
0049C8
0049D4
0049DF
0049EA
0049F5
004A00
004A0B
004A17
004A22
004A2D
004A38
004A43
004A4F
004A5A
004A65
004A70
004A7C
004A87
004A92
004A9D
004AA9
004AB4
004ABF
004ACA
004AD6
004AE1
004AEC
004AF7
004B03
004B0E
004B19
004B25
004B30
004B3B
004B47
004B52
004B5D
004B69
004B74
004B80
004B8B
004B96
004BA2
004BAD
004BB8
004BC4
004BCF
004BDB
004BE6
004BF1
004BFD
004C08
004C14
004C1F
004C2B
004C36
004C42
004C4D
004C59
004C64
004C70
004C7B
004C87
004C92
004C9E
004CA9
004CB5
004CC0
004CCC
004CD7
004CE3
004CEE
004CFA
004D05
004D11
004D1D
004D28
004D34
004D3F
004D4B
004D57
004D62
004D6E
004D79
004D85
004D91
004D9C
004DA8
004DB4
004DBF
004DCB
004DD7
004DE2
004DEE
004DFA
004E05
004E11
004E1D
004E29
004E34
004E40
004E4C
004E57
004E63
004E6F
004E7B
004E86
004E92
004E9E
004EAA
004EB6
004EC1
004ECD
004ED9
004EE5
004EF1
004EFC
004F08
004F14
004F20
004F2C
004F38
004F43
004F4F
004F5B
004F67
004F73
004F7F
004F8B
004F97
004FA3
004FAE
004FBA
004FC6
004FD2
004FDE
004FEA
004FF6
005002
00500E
00501A
005026
005032
00503E
00504A
005056
005062
00506E
00507A
005086
005092
00509E
0050AA
0050B6
0050C2
0050CE
0050DA
0050E6
0050F2
0050FE
00510B
005117
005123
00512F
00513B
005147
005153
00515F
00516B
005178
005184
005190
00519C
0051A8
0051B4
0051C1
0051CD
0051D9
0051E5
0051F1
0051FE
00520A
005216
005222
00522F
00523B
005247
005253
005260
00526C
005278
005284
005291
00529D
0052A9
0052B6
0052C2
0052CE
0052DB
0052E7
0052F3
005300
00530C
005318
005325
005331
00533D
00534A
005356
005363
00536F
00537B
005388
005394
0053A1
0053AD
0053BA
0053C6
0053D2
0053DF
0053EB
0053F8
005404
005411
00541D
00542A
005436
005443
00544F
00545C
005468
005475
005482
00548E
00549B
0054A7
0054B4
0054C0
0054CD
0054DA
0054E6
0054F3
0054FF
00550C
005519
005525
005532
00553E
00554B
005558
005564
005571
00557E
00558A
005597
0055A4
0055B1
0055BD
0055CA
0055D7
0055E3
0055F0
0055FD
00560A
005616
005623
005630
00563D
005649
005656
005663
005670
00567D
005689
005696
0056A3
0056B0
0056BD
0056CA
0056D6
0056E3
0056F0
0056FD
00570A
005717
005724
005731
00573E
00574A
005757
005764
005771
00577E
00578B
005798
0057A5
0057B2
0057BF
0057CC
0057D9
0057E6
0057F3
005800
00580D
00581A
005827
005834
005841
00584E
00585B
005868
005875
005882
00588F
00589D
0058AA
0058B7
0058C4
0058D1
0058DE
0058EB
0058F8
005905
005913
005920
00592D
00593A
005947
005954
005962
00596F
00597C
005989
005997
0059A4
0059B1
0059BE
0059CB
0059D9
0059E6
0059F3
005A01
005A0E
005A1B
005A28
005A36
005A43
005A50
005A5E
005A6B
005A78
005A86
005A93
005AA0
005AAE
005ABB
005AC8
005AD6
005AE3
005AF1
005AFE
005B0B
005B19
005B26
005B34
005B41
005B4F
005B5C
005B6A
005B77
005B84
005B92
005B9F
005BAD
005BBA
005BC8
005BD5
005BE3
005BF1
005BFE
005C0C
005C19
005C27
005C34
005C42
005C4F
005C5D
005C6B
005C78
005C86
005C94
005CA1
005CAF
005CBC
005CCA
005CD8
005CE5
005CF3
005D01
005D0E
005D1C
005D2A
005D38
005D45
005D53
005D61
005D6E
005D7C
005D8A
005D98
005DA5
005DB3
005DC1
005DCF
005DDD
005DEA
005DF8
005E06
005E14
005E22
005E2F
005E3D
005E4B
005E59
005E67
005E75
005E83
005E91
005E9E
005EAC
005EBA
005EC8
005ED6
005EE4
005EF2
005F00
005F0E
005F1C
005F2A
005F38
005F46
005F54
005F62
005F70
005F7E
005F8C
005F9A
005FA8
005FB6
005FC4
005FD2
005FE0
005FEE
005FFC
00600A
006018
006027
006035
006043
006051
00605F
00606D
00607B
00608A
006098
0060A6
0060B4
0060C2
0060D0
0060DF
0060ED
0060FB
006109
006118
006126
006134
006142
006151
00615F
00616D
00617B
00618A
006198
0061A6
0061B5
0061C3
0061D1
0061E0
0061EE
0061FC
00620B
006219
006227
006236
006244
006253
006261
006270
00627E
00628C
00629B
0062A9
0062B8
0062C6
0062D5
0062E3
0062F2
006300
00630F
00631D
00632C
00633A
006349
006357
006366
006374
006383
006392
0063A0
0063AF
0063BD
0063CC
0063DB
0063E9
0063F8
006407
006415
006424
006433
006441
006450
00645F
00646D
00647C
00648B
006499
0064A8
0064B7
0064C6
0064D4
0064E3
0064F2
006501
00650F
00651E
00652D
00653C
00654B
00655A
006568
006577
006586
006595
0065A4
0065B3
0065C2
0065D1
0065DF
0065EE
0065FD
00660C
00661B
00662A
006639
006648
006657
006666
006675
006684
006693
0066A2
0066B1
0066C0
0066CF
0066DE
0066ED
0066FC
00670B
00671A
006729
006739
006748
006757
006766
006775
006784
006793
0067A2
0067B2
0067C1
0067D0
0067DF
0067EE
0067FE
00680D
00681C
00682B
00683A
00684A
006859
006868
006877
006887
006896
0068A5
0068B5
0068C4
0068D3
0068E3
0068F2
006901
006911
006920
00692F
00693F
00694E
00695E
00696D
00697C
00698C
00699B
0069AB
0069BA
0069CA
0069D9
0069E9
0069F8
006A08
006A17
006A27
006A36
006A46
006A55
006A65
006A74
006A84
006A94
006AA3
006AB3
006AC2
006AD2
006AE2
006AF1
006B01
006B11
006B20
006B30
006B40
006B4F
006B5F
006B6F
006B7E
006B8E
006B9E
006BAE
006BBD
006BCD
006BDD
006BED
006BFC
006C0C
006C1C
006C2C
006C3C
006C4C
006C5B
006C6B
006C7B
006C8B
006C9B
006CAB
006CBB
006CCB
006CDB
006CEA
006CFA
006D0A
006D1A
006D2A
006D3A
006D4A
006D5A
006D6A
006D7A
006D8A
006D9A
006DAA
006DBA
006DCA
006DDA
006DEB
006DFB
006E0B
006E1B
006E2B
006E3B
006E4B
006E5B
006E6C
006E7C
006E8C
006E9C
006EAC
006EBC
006ECD
006EDD
006EED
006EFD
006F0E
006F1E
006F2E
006F3E
006F4F
006F5F
006F6F
006F80
006F90
006FA0
006FB1
006FC1
006FD1
006FE2
006FF2
007002
007013
007023
007034
007044
007055
007065
007075
007086
007096
0070A7
0070B7
0070C8
0070D8
0070E9
0070FA
00710A
00711B
00712B
00713C
00714C
00715D
00716E
00717E
00718F
0071A0
0071B0
0071C1
0071D2
0071E2
0071F3
007204
007214
007225
007236
007246
007257
007268
007279
00728A
00729A
0072AB
0072BC
0072CD
0072DE
0072EE
0072FF
007310
007321
007332
007343
007354
007365
007376
007387
007398
0073A8
0073B9
0073CA
0073DB
0073EC
0073FD
00740E
00741F
007431
007442
007453
007464
007475
007486
007497
0074A8
0074B9
0074CA
0074DC
0074ED
0074FE
00750F
007520
007531
007543
007554
007565
007576
007588
007599
0075AA
0075BB
0075CD
0075DE
0075EF
007601
007612
007623
007635
007646
007658
007669
00767A
00768C
00769D
0076AF
0076C0
0076D2
0076E3
0076F5
007706
007718
007729
00773B
00774C
00775E
00776F
007781
007792
0077A4
0077B6
0077C7
0077D9
0077EB
0077FC
00780E
007820
007831
007843
007855
007866
007878
00788A
00789C
0078AD
0078BF
0078D1
0078E3
0078F5
007906
007918
00792A
00793C
00794E
007960
007972
007983
007995
0079A7
0079B9
0079CB
0079DD
0079EF
007A01
007A13
007A25
007A37
007A49
007A5B
007A6D
007A7F
007A91
007AA4
007AB6
007AC8
007ADA
007AEC
007AFE
007B10
007B23
007B35
007B47
007B59
007B6B
007B7E
007B90
007BA2
007BB4
007BC7
007BD9
007BEB
007BFE
007C10
007C22
007C35
007C47
007C59
007C6C
007C7E
007C91
007CA3
007CB6
007CC8
007CDA
007CED
007CFF
007D12
007D24
007D37
007D4A
007D5C
007D6F
007D81
007D94
007DA6
007DB9
007DCC
007DDE
007DF1
007E04
007E16
007E29
007E3C
007E4E
007E61
007E74
007E87
007E99
007EAC
007EBF
007ED2
007EE5
007EF8
007F0A
007F1D
007F30
007F43
007F56
007F69
007F7C
007F8F
007FA2
007FB5
007FC8
007FDB
007FEE
008001
008014
008027
00803A
00804D
008060
008073
008086
008099
0080AC
0080C0
0080D3
0080E6
0080F9
00810C
00811F
008133
008146
008159
00816C
008180
008193
0081A6
0081BA
0081CD
0081E0
0081F4
008207
00821A
00822E
008241
008255
008268
00827C
00828F
0082A3
0082B6
0082CA
0082DD
0082F1
008304
008318
00832B
00833F
008353
008366
00837A
00838E
0083A1
0083B5
0083C9
0083DC
0083F0
008404
008418
00842B
00843F
008453
008467
00847B
00848E
0084A2
0084B6
0084CA
0084DE
0084F2
008506
00851A
00852E
008542
008556
00856A
00857E
008592
0085A6
0085BA
0085CE
0085E2
0085F6
00860A
00861E
008632
008647
00865B
00866F
008683
008697
0086AC
0086C0
0086D4
0086E8
0086FD
008711
008725
00873A
00874E
008762
008777
00878B
0087A0
0087B4
0087C8
0087DD
0087F1
008806
00881A
00882F
008843
008858
00886D
008881
008896
0088AA
0088BF
0088D4
0088E8
0088FD
008912
008926
00893B
008950
008965
008979
00898E
0089A3
0089B8
0089CD
0089E2
0089F6
008A0B
008A20
008A35
008A4A
008A5F
008A74
008A89
008A9E
008AB3
008AC8
008ADD
008AF2
008B07
008B1C
008B31
008B46
008B5C
008B71
008B86
008B9B
008BB0
008BC6
008BDB
008BF0
008C05
008C1B
008C30
008C45
008C5B
008C70
008C85
008C9B
008CB0
008CC6
008CDB
008CF0
008D06
008D1B
008D31
008D46
008D5C
008D72
008D87
008D9D
008DB2
008DC8
008DDE
008DF3
008E09
008E1F
008E34
008E4A
008E60
008E76
008E8B
008EA1
008EB7
008ECD
008EE3
008EF9
008F0E
008F24
008F3A
008F50
008F66
008F7C
008F92
008FA8
008FBE
008FD4
008FEA
009000
009017
00902D
009043
009059
00906F
009085
00909C
0090B2
0090C8
0090DE
0090F5
00910B
009121
009138
00914E
009164
00917B
009191
0091A8
0091BE
0091D4
0091EB
009201
009218
00922E
009245
00925C
009272
009289
00929F
0092B6
0092CD
0092E4
0092FA
009311
009328
00933E
009355
00936C
009383
00939A
0093B1
0093C8
0093DE
0093F5
00940C
009423
00943A
009451
009468
00947F
009496
0094AD
0094C5
0094DC
0094F3
00950A
009521
009538
009550
009567
00957E
009595
0095AD
0095C4
0095DB
0095F3
00960A
009621
009639
009650
009668
00967F
009697
0096AE
0096C6
0096DD
0096F5
00970D
009724
00973C
009754
00976B
009783
00979B
0097B2
0097CA
0097E2
0097FA
009812
009829
009841
009859
009871
009889
0098A1
0098B9
0098D1
0098E9
009901
009919
009931
009949
009961
00997A
009992
0099AA
0099C2
0099DA
0099F3
009A0B
009A23
009A3C
009A54
009A6C
009A85
009A9D
009AB6
009ACE
009AE7
009AFF
009B18
009B30
009B49
009B61
009B7A
009B93
009BAB
009BC4
009BDD
009BF5
009C0E
009C27
009C40
009C59
009C71
009C8A
009CA3
009CBC
009CD5
009CEE
009D07
009D20
009D39
009D52
009D6B
009D84
009D9D
009DB6
009DD0
009DE9
009E02
009E1B
009E35
009E4E
009E67
009E80
009E9A
009EB3
009ECD
009EE6
009F00
009F19
009F32
009F4C
009F66
009F7F
009F99
009FB2
009FCC
009FE6
009FFF
00A019
00A033
00A04D
00A066
00A080
00A09A
00A0B4
00A0CE
00A0E8
00A102
00A11C
00A136
00A150
00A16A
00A184
00A19E
00A1B8
00A1D2
00A1EC
00A207
00A221
00A23B
00A255
00A270
00A28A
00A2A4
00A2BF
00A2D9
00A2F4
00A30E
00A329
00A343
00A35E
00A378
00A393
00A3AD
00A3C8
00A3E3
00A3FD
00A418
00A433
00A44E
00A468
00A483
00A49E
00A4B9
00A4D4
00A4EF
00A50A
00A525
00A540
00A55B
00A576
00A591
00A5AC
00A5C7
00A5E2
00A5FE
00A619
00A634
00A64F
00A66B
00A686
00A6A2
00A6BD
00A6D8
00A6F4
00A70F
00A72B
00A746
00A762
00A77E
00A799
00A7B5
00A7D1
00A7EC
00A808
00A824
00A840
00A85B
00A877
00A893
00A8AF
00A8CB
00A8E7
00A903
00A91F
00A93B
00A957
00A973
00A990
00A9AC
00A9C8
00A9E4
00AA00
00AA1D
00AA39
00AA55
00AA72
00AA8E
00AAAB
00AAC7
00AAE4
00AB00
00AB1D
00AB39
00AB56
00AB73
00AB8F
00ABAC
00ABC9
00ABE6
00AC03
00AC1F
00AC3C
00AC59
00AC76
00AC93
00ACB0
00ACCD
00ACEA
00AD07
00AD24
00AD42
00AD5F
00AD7C
00AD99
00ADB7
00ADD4
00ADF1
00AE0F
00AE2C
00AE4A
00AE67
00AE85
00AEA2
00AEC0
00AEDD
00AEFB
00AF19
00AF36
00AF54
00AF72
00AF90
00AFAE
00AFCB
00AFE9
00B007
00B025
00B043
00B061
00B07F
00B09E
00B0BC
00B0DA
00B0F8
00B116
00B135
00B153
00B171
00B190
00B1AE
00B1CD
00B1EB
00B20A
00B228
00B247
00B265
00B284
00B2A3
00B2C1
00B2E0
00B2FF
00B31E
00B33D
00B35C
00B37B
00B39A
00B3B9
00B3D8
00B3F7
00B416
00B435
00B454
00B474
00B493
00B4B2
00B4D1
00B4F1
00B510
00B530
00B54F
00B56F
00B58E
00B5AE
00B5CE
00B5ED
00B60D
00B62D
00B64C
00B66C
00B68C
00B6AC
00B6CC
00B6EC
00B70C
00B72C
00B74C
00B76C
00B78D
00B7AD
00B7CD
00B7ED
00B80E
00B82E
00B84E
00B86F
00B88F
00B8B0
00B8D0
00B8F1
00B912
00B932
00B953
00B974
00B995
00B9B5
00B9D6
00B9F7
00BA18
00BA39
00BA5A
00BA7B
00BA9C
00BABE
00BADF
00BB00
00BB21
00BB43
00BB64
00BB85
00BBA7
00BBC8
00BBEA
00BC0C
00BC2D
00BC4F
00BC70
00BC92
00BCB4
00BCD6
00BCF8
00BD1A
00BD3C
00BD5E
00BD80
00BDA2
00BDC4
00BDE6
00BE08
00BE2B
00BE4D
00BE6F
00BE92
00BEB4
00BED6
00BEF9
00BF1C
00BF3E
00BF61
00BF84
00BFA6
00BFC9
00BFEC
00C00F
00C032
00C055
00C078
00C09B
00C0BE
00C0E1
00C104
00C127
00C14B
00C16E
00C191
00C1B5
00C1D8
00C1FC
00C21F
00C243
00C267
00C28A
00C2AE
00C2D2
00C2F6
00C31A
00C33E
00C362
00C386
00C3AA
00C3CE
00C3F2
00C416
00C43B
00C45F
00C483
00C4A8
00C4CC
00C4F1
00C515
00C53A
00C55F
00C583
00C5A8
00C5CD
00C5F2
00C617
00C63C
00C661
00C686
00C6AB
00C6D0
00C6F5
00C71A
00C740
00C765
00C78B
00C7B0
00C7D6
00C7FB
00C821
00C846
00C86C
00C892
00C8B8
00C8DE
00C904
00C92A
00C950
00C976
00C99C
00C9C2
00C9E8
00CA0F
00CA35
00CA5C
00CA82
00CAA9
00CACF
00CAF6
00CB1C
00CB43
00CB6A
00CB91
00CBB8
00CBDF
00CC06
00CC2D
00CC54
00CC7B
00CCA2
00CCCA
00CCF1
00CD18
00CD40
00CD67
00CD8F
00CDB7
00CDDE
00CE06
00CE2E
00CE56
00CE7E
00CEA6
00CECE
00CEF6
00CF1E
00CF46
00CF6F
00CF97
00CFBF
00CFE8
00D010
00D039
00D062
00D08A
00D0B3
00D0DC
00D105
00D12E
00D157
00D180
00D1A9
00D1D2
00D1FB
00D225
00D24E
00D277
00D2A1
00D2CA
00D2F4
00D31E
00D347
00D371
00D39B
00D3C5
00D3EF
00D419
00D443
00D46D
00D498
00D4C2
00D4EC
00D517
00D541
00D56C
00D596
00D5C1
00D5EC
00D617
00D642
00D66D
00D698
00D6C3
00D6EE
00D719
00D744
00D770
00D79B
00D7C7
00D7F2
00D81E
00D84A
00D875
00D8A1
00D8CD
00D8F9
00D925
00D951
00D97D
00D9AA
00D9D6
00DA02
00DA2F
00DA5B
00DA88
00DAB5
00DAE1
00DB0E
00DB3B
00DB68
00DB95
00DBC2
00DBEF
00DC1D
00DC4A
00DC77
00DCA5
00DCD2
00DD00
00DD2E
00DD5B
00DD89
00DDB7
00DDE5
00DE13
00DE41
00DE70
00DE9E
00DECC
00DEFB
00DF29
00DF58
00DF86
00DFB5
00DFE4
00E013
00E042
00E071
00E0A0
00E0CF
00E0FE
00E12E
00E15D
00E18D
00E1BC
00E1EC
00E21C
00E24C
00E27C
00E2AC
00E2DC
00E30C
00E33C
00E36C
00E39D
00E3CD
00E3FE
00E42F
00E45F
00E490
00E4C1
00E4F2
00E523
00E554
00E585
00E5B7
00E5E8
00E61A
00E64B
00E67D
00E6AF
00E6E1
00E712
00E744
00E777
00E7A9
00E7DB
00E80D
00E840
00E872
00E8A5
00E8D8
00E90A
00E93D
00E970
00E9A3
00E9D7
00EA0A
00EA3D
00EA71
00EAA4
00EAD8
00EB0B
00EB3F
00EB73
00EBA7
00EBDB
00EC0F
00EC44
00EC78
00ECAC
00ECE1
00ED16
00ED4A
00ED7F
00EDB4
00EDE9
00EE1E
00EE53
00EE89
00EEBE
00EEF4
00EF29
00EF5F
00EF95
00EFCB
00F001
00F037
00F06D
00F0A3
00F0D9
00F110
00F147
00F17D
00F1B4
00F1EB
00F222
00F259
00F290
00F2C8
00F2FF
00F336
00F36E
00F3A6
00F3DE
00F416
00F44E
00F486
00F4BE
00F4F6
00F52F
00F567
00F5A0
00F5D9
00F612
00F64B
00F684
00F6BD
00F6F6
00F730
00F769
00F7A3
00F7DD
00F817
00F851
00F88B
00F8C5
00F8FF
00F93A
00F974
00F9AF
00F9EA
00FA25
00FA60
00FA9B
00FAD6
00FB11
00FB4D
00FB88
00FBC4
00FC00
00FC3C
00FC78
00FCB4
00FCF0
00FD2D
00FD69
00FDA6
00FDE3
00FE20
00FE5D
00FE9A
00FED7
00FF15
00FF52
00FF90
00FFCD
01000B
010049
010088
0100C6
010104
010143
010181
0101C0
0101FF
01023E
01027D
0102BD
0102FC
01033B
01037B
0103BB
0103FB
01043B
01047B
0104BC
0104FC
01053D
01057D
0105BE
0105FF
010640
010682
0106C3
010705
010746
010788
0107CA
01080C
01084F
010891
0108D4
010916
010959
01099C
0109DF
010A22
010A66
010AA9
010AED
010B31
010B75
010BB9
010BFD
010C42
010C86
010CCB
010D10
010D55
010D9A
010DDF
010E25
010E6A
010EB0
010EF6
010F3C
010F82
010FC9
01100F
011056
01109D
0110E4
01112B
011172
0111BA
011202
011249
011291
0112DA
011322
01136A
0113B3
0113FC
011445
01148E
0114D7
011520
01156A
0115B4
0115FE
011648
011692
0116DD
011727
011772
0117BD
011808
011853
01189F
0118EB
011936
011982
0119CF
011A1B
011A67
011AB4
011B01
011B4E
011B9B
011BE9
011C36
011C84
011CD2
011D20
011D6F
011DBD
011E0C
011E5B
011EAA
011EF9
011F49
011F98
011FE8
012038
012089
0120D9
01212A
01217A
0121CB
01221D
01226E
0122C0
012312
012364
0123B6
012408
01245B
0124AE
012501
012554
0125A7
0125FB
01264F
0126A3
0126F7
01274B
0127A0
0127F5
01284A
01289F
0128F5
01294A
0129A0
0129F7
012A4D
012AA4
012AFA
012B51
012BA9
012C00
012C58
012CB0
012D08
012D60
012DB9
012E12
012E6B
012EC4
012F1D
012F77
012FD1
01302B
013086
0130E0
01313B
013196
0131F2
01324D
0132A9
013305
013361
0133BE
01341B
013478
0134D5
013533
013591
0135EF
01364D
0136AB
01370A
013769
0137C9
013828
013888
0138E8
013948
0139A9
013A0A
013A6B
013ACC
013B2E
013B90
013BF2
013C54
013CB7
013D1A
013D7D
013DE1
013E44
013EA8
013F0D
013F71
013FD6
01403B
0140A1
014107
01416D
0141D3
014239
0142A0
014308
01436F
0143D7
01443F
0144A7
014510
014579
0145E2
01464B
0146B5
01471F
01478A
0147F4
01485F
0148CB
014936
0149A2
014A0E
014A7B
014AE8
014B55
014BC3
014C30
014C9F
014D0D
014D7C
014DEB
014E5A
014ECA
014F3A
014FAB
01501B
01508D
0150FE
015170
0151E2
015254
0152C7
01533A
0153AE
015421
015496
01550A
01557F
0155F4
01566A
0156E0
015756
0157CD
015844
0158BB
015933
0159AB
015A23
015A9C
015B15
015B8F
015C09
015C83
015CFE
015D79
015DF5
015E71
015EED
015F69
015FE6
016064
0160E2
016160
0161DF
01625E
0162DD
01635D
0163DD
01645E
0164DF
016560
0165E2
016664
0166E7
01676A
0167EE
016872
0168F6
01697B
016A00
016A86
016B0C
016B93
016C1A
016CA1
016D29
016DB2
016E3A
016EC4
016F4D
016FD8
017062
0170ED
017179
017205
017291
01731E
0173AC
01743A
0174C8
017557
0175E6
017676
017706
017797
017829
0178BA
01794D
0179E0
017A73
017B07
017B9B
017C30
017CC5
017D5B
017DF2
017E89
017F20
017FB8
018051
0180EA
018183
01821D
0182B8
018353
0183EF
01848C
018528
0185C6
018664
018703
0187A2
018841
0188E2
018983
018A24
018AC6
018B69
018C0C
018CB0
018D54
018DF9
018E9F
018F45
018FEC
019094
01913C
0191E5
01928E
019338
0193E3
01948E
01953A
0195E6
019694
019741
0197F0
01989F
01994F
0199FF
019AB1
019B62
019C15
019CC8
019D7C
019E31
019EE6
019F9C
01A053
01A10A
01A1C2
01A27B
01A335
01A3EF
01A4AA
01A566
01A622
01A6E0
01A79E
01A85C
01A91C
01A9DC
01AA9D
01AB5F
01AC22
01ACE5
01ADA9
01AE6E
01AF34
01AFFA
01B0C2
01B18A
01B253
01B31D
01B3E7
01B4B3
01B57F
01B64C
01B71A
01B7E9
01B8B9
01B98A
01BA5B
01BB2D
01BC01
01BCD5
01BDAA
01BE80
01BF56
01C02E
01C107
01C1E0
01C2BB
01C396
01C473
01C550
01C62E
01C70D
01C7EE
01C8CF
01C9B1
01CA94
01CB78
01CC5D
01CD43
01CE2A
01CF13
01CFFC
01D0E6
01D1D1
01D2BE
01D3AB
01D499
01D589
01D679
01D76B
01D85E
01D952
01DA47
01DB3D
01DC34
01DD2C
01DE26
01DF20
01E01C
01E119
01E217
01E316
01E417
01E518
01E61B
01E71F
01E825
01E92B
01EA33
01EB3C
01EC46
01ED52
01EE5E
01EF6D
01F07C
01F18D
01F29F
01F3B2
01F4C7
01F5DD
01F6F4
01F80D
01F927
01FA42
01FB5F
01FC7D
01FD9D
01FEBE
01FFE1
020105
02022A
020351
020479
0205A3
0206CF
0207FC
02092A
020A5A
020B8C
020CBF
020DF3
020F2A
021061
02119B
0212D6
021413
021551
021691
0217D3
021916
021A5B
021BA2
021CEB
021E35
021F81
0220CF
02221F
022370
0224C3
022618
02276F
0228C8
022A23
022B7F
022CDE
022E3E
022FA0
023105
02326B
0233D3
02353E
0236AA
023818
023989
023AFB
023C70
023DE6
023F5F
0240DA
024257
0243D7
024558
0246DC
024862
0249EA
024B75
024D01
024E91
025022
0251B6
02534C
0254E5
025680
02581E
0259BE
025B60
025D05
025EAD
026057
026204
0263B3
026565
02671A
0268D1
026A8B
026C48
026E08
026FCA
02718F
027358
027522
0276F0
0278C1
027A95
027C6B
027E45
028022
028202
0283E5
0285CB
0287B4
0289A0
028B90
028D83
028F79
029172
02936F
029570
029773
02997A
029B85
029D93
029FA5
02A1BA
02A3D3
02A5F0
02A810
02AA34
02AC5C
02AE88
02B0B7
02B2EB
02B522
02B75E
02B99D
02BBE1
02BE29
02C075
02C2C5
02C519
02C772
02C9CF
02CC30
02CE96
02D100
02D36F
02D5E3
02D85B
02DAD8
02DD5A
02DFE0
02E26C
02E4FC
02E791
02EA2B
02ECCB
02EF6F
02F219
02F4C8
02F77C
02FA36
02FCF5
02FFBA
030285
030555
03082A
030B06
030DE7
0310CF
0313BC
0316AF
0319A9
031CA9
031FAF
0322BB
0325CE
0328E8
032C08
032F2F
03325D
033591
0338CD
033C0F
033F59
0342AA
034602
034962
034CCA
035038
0353AF
03572E
035AB4
035E43
0361D9
036578
036920
036CD0
037088
037449
037813
037BE6
037FC3
0383A8
038797
038B8F
038F91
03939C
0397B2
039BD2
039FFB
03A42F
03A86E
03ACB7
03B10B
03B56B
03B9D5
03BE4A
03C2CB
03C758
03CBF0
03D095
03D545
03DA02
03DECC
03E3A2
03E886
03ED76
03F274
03F77F
03FC99
0401C0
0406F6
040C3A
04118C
0416EE
041C5F
0421E0
042770
042D10
0432C1
043882
043E54
044437
044A2C
045032
04564A
045C75
0462B2
046903
046F66
0475DE
047C69
048309
0489BE
049088
049768
049E5E
04A56A
04AC8D
04B3C7
04BB19
04C283
04CA06
04D1A2
04D957
04E127
04E911
04F117
04F939
050176
0509D1
051249
051AE0
052395
052C69
05355E
053E73
0547AA
055103
055A7F
05641F
056DE4
0577CD
0581DD
002363
002369
00236F
002375
00237B
002381
002386
00238C
002392
002398
00239E
0023A4
0023AA
0023B0
0023B5
0023BB
0023C1
0023C7
0023CD
0023D3
0023D9
0023DF
0023E5
0023EB
0023F1
0023F6
0023FC
002402
002408
00240E
002414
00241A
002420
002426
00242C
002432
002438
00243E
002444
00244A
002450
002456
00245C
002462
002468
00246E
002474
00247A
002480
002486
00248C
002492
002498
00249E
0024A4
0024AA
0024B0
0024B6
0024BC
0024C2
0024C8
0024CE
0024D4
0024DA
0024E0
0024E6
0024ED
0024F3
0024F9
0024FF
002505
00250B
002511
002517
00251D
002523
002529
002530
002536
00253C
002542
002548
00254E
002554
00255A
002561
002567
00256D
002573
002579
00257F
002586
00258C
002592
002598
00259E
0025A4
0025AB
0025B1
0025B7
0025BD
0025C3
0025CA
0025D0
0025D6
0025DC
0025E2
0025E9
0025EF
0025F5
0025FB
002601
002608
00260E
002614
00261A
002621
002627
00262D
002633
00263A
002640
002646
00264D
002653
002659
00265F
002666
00266C
002672
002679
00267F
002685
00268B
002692
002698
00269E
0026A5
0026AB
0026B1
0026B8
0026BE
0026C4
0026CB
0026D1
0026D7
0026DE
0026E4
0026EB
0026F1
0026F7
0026FE
002704
00270A
002711
002717
00271E
002724
00272A
002731
002737
00273E
002744
00274B
002751
002757
00275E
002764
00276B
002771
002778
00277E
002784
00278B
002791
002798
00279E
0027A5
0027AB
0027B2
0027B8
0027BF
0027C5
0027CC
0027D2
0027D9
0027DF
0027E6
0027EC
0027F3
0027F9
002800
002806
00280D
002813
00281A
002820
002827
00282E
002834
00283B
002841
002848
00284E
002855
00285B
002862
002869
00286F
002876
00287C
002883
00288A
002890
002897
00289D
0028A4
0028AB
0028B1
0028B8
0028BF
0028C5
0028CC
0028D3
0028D9
0028E0
0028E6
0028ED
0028F4
0028FA
002901
002908
00290E
002915
00291C
002923
002929
002930
002937
00293D
002944
00294B
002951
002958
00295F
002966
00296C
002973
00297A
002981
002987
00298E
002995
00299C
0029A2
0029A9
0029B0
0029B7
0029BD
0029C4
0029CB
0029D2
0029D9
0029DF
0029E6
0029ED
0029F4
0029FB
002A01
002A08
002A0F
002A16
002A1D
002A23
002A2A
002A31
002A38
002A3F
002A46
002A4D
002A53
002A5A
002A61
002A68
002A6F
002A76
002A7D
002A84
002A8A
002A91
002A98
002A9F
002AA6
002AAD
002AB4
002ABB
002AC2
002AC9
002AD0
002AD7
002ADD
002AE4
002AEB
002AF2
002AF9
002B00
002B07
002B0E
002B15
002B1C
002B23
002B2A
002B31
002B38
002B3F
002B46
002B4D
002B54
002B5B
002B62
002B69
002B70
002B77
002B7E
002B85
002B8C
002B93
002B9A
002BA1
002BA8
002BAF
002BB6
002BBE
002BC5
002BCC
002BD3
002BDA
002BE1
002BE8
002BEF
002BF6
002BFD
002C04
002C0B
002C13
002C1A
002C21
002C28
002C2F
002C36
002C3D
002C44
002C4C
002C53
002C5A
002C61
002C68
002C6F
002C77
002C7E
002C85
002C8C
002C93
002C9A
002CA2
002CA9
002CB0
002CB7
002CBE
002CC6
002CCD
002CD4
002CDB
002CE2
002CEA
002CF1
002CF8
002CFF
002D07
002D0E
002D15
002D1C
002D24
002D2B
002D32
002D3A
002D41
002D48
002D4F
002D57
002D5E
002D65
002D6D
002D74
002D7B
002D82
002D8A
002D91
002D98
002DA0
002DA7
002DAE
002DB6
002DBD
002DC4
002DCC
002DD3
002DDB
002DE2
002DE9
002DF1
002DF8
002DFF
002E07
002E0E
002E16
002E1D
002E24
002E2C
002E33
002E3B
002E42
002E49
002E51
002E58
002E60
002E67
002E6F
002E76
002E7E
002E85
002E8C
002E94
002E9B
002EA3
002EAA
002EB2
002EB9
002EC1
002EC8
002ED0
002ED7
002EDF
002EE6
002EEE
002EF5
002EFD
002F04
002F0C
002F13
002F1B
002F23
002F2A
002F32
002F39
002F41
002F48
002F50
002F57
002F5F
002F67
002F6E
002F76
002F7D
002F85
002F8D
002F94
002F9C
002FA3
002FAB
002FB3
002FBA
002FC2
002FC9
002FD1
002FD9
002FE0
002FE8
002FF0
002FF7
002FFF
003007
00300E
003016
00301E
003025
00302D
003035
00303C
003044
00304C
003054
00305B
003063
00306B
003072
00307A
003082
00308A
003091
003099
0030A1
0030A9
0030B0
0030B8
0030C0
0030C8
0030CF
0030D7
0030DF
0030E7
0030EF
0030F6
0030FE
003106
00310E
003116
00311D
003125
00312D
003135
00313D
003145
00314C
003154
00315C
003164
00316C
003174
00317C
003183
00318B
003193
00319B
0031A3
0031AB
0031B3
0031BB
0031C3
0031CB
0031D2
0031DA
0031E2
0031EA
0031F2
0031FA
003202
00320A
003212
00321A
003222
00322A
003232
00323A
003242
00324A
003252
00325A
003262
00326A
003272
00327A
003282
00328A
003292
00329A
0032A2
0032AA
0032B2
0032BA
0032C2
0032CA
0032D2
0032DA
0032E2
0032EA
0032F2
0032FA
003302
00330A
003313
00331B
003323
00332B
003333
00333B
003343
00334B
003353
00335C
003364
00336C
003374
00337C
003384
00338C
003395
00339D
0033A5
0033AD
0033B5
0033BD
0033C6
0033CE
0033D6
0033DE
0033E6
0033EF
0033F7
0033FF
003407
00340F
003418
003420
003428
003430
003439
003441
003449
003451
00345A
003462
00346A
003472
00347B
003483
00348B
003494
00349C
0034A4
0034AC
0034B5
0034BD
0034C5
0034CE
0034D6
0034DE
0034E7
0034EF
0034F7
003500
003508
003510
003519
003521
00352A
003532
00353A
003543
00354B
003553
00355C
003564
00356D
003575
00357E
003586
00358E
003597
00359F
0035A8
0035B0
0035B9
0035C1
0035C9
0035D2
0035DA
0035E3
0035EB
0035F4
0035FC
003605
00360D
003616
00361E
003627
00362F
003638
003640
003649
003651
00365A
003662
00366B
003674
00367C
003685
00368D
003696
00369E
0036A7
0036AF
0036B8
0036C1
0036C9
0036D2
0036DA
0036E3
0036EC
0036F4
0036FD
003706
00370E
003717
00371F
003728
003731
003739
003742
00374B
003753
00375C
003765
00376D
003776
00377F
003787
003790
003799
0037A1
0037AA
0037B3
0037BC
0037C4
0037CD
0037D6
0037DF
0037E7
0037F0
0037F9
003802
00380A
003813
00381C
003825
00382D
003836
00383F
003848
003851
003859
003862
00386B
003874
00387D
003885
00388E
003897
0038A0
0038A9
0038B2
0038BA
0038C3
0038CC
0038D5
0038DE
0038E7
0038F0
0038F9
003901
00390A
003913
00391C
003925
00392E
003937
003940
003949
003952
00395B
003963
00396C
003975
00397E
003987
003990
003999
0039A2
0039AB
0039B4
0039BD
0039C6
0039CF
0039D8
0039E1
0039EA
0039F3
0039FC
003A05
003A0E
003A17
003A20
003A29
003A32
003A3B
003A44
003A4E
003A57
003A60
003A69
003A72
003A7B
003A84
003A8D
003A96
003A9F
003AA8
003AB1
003ABB
003AC4
003ACD
003AD6
003ADF
003AE8
003AF1
003AFB
003B04
003B0D
003B16
003B1F
003B28
003B32
003B3B
003B44
003B4D
003B56
003B5F
003B69
003B72
003B7B
003B84
003B8E
003B97
003BA0
003BA9
003BB3
003BBC
003BC5
003BCE
003BD8
003BE1
003BEA
003BF3
003BFD
003C06
003C0F
003C18
003C22
003C2B
003C34
003C3E
003C47
003C50
003C5A
003C63
003C6C
003C76
003C7F
003C88
003C92
003C9B
003CA5
003CAE
003CB7
003CC1
003CCA
003CD3
003CDD
003CE6
003CF0
003CF9
003D02
003D0C
003D15
003D1F
003D28
003D32
003D3B
003D44
003D4E
003D57
003D61
003D6A
003D74
003D7D
003D87
003D90
003D9A
003DA3
003DAD
003DB6
003DC0
003DC9
003DD3
003DDC
003DE6
003DEF
003DF9
003E02
003E0C
003E16
003E1F
003E29
003E32
003E3C
003E45
003E4F
003E59
003E62
003E6C
003E75
003E7F
003E89
003E92
003E9C
003EA5
003EAF
003EB9
003EC2
003ECC
003ED6
003EDF
003EE9
003EF3
003EFC
003F06
003F10
003F19
003F23
003F2D
003F36
003F40
003F4A
003F54
003F5D
003F67
003F71
003F7B
003F84
003F8E
003F98
003FA2
003FAB
003FB5
003FBF
003FC9
003FD2
003FDC
003FE6
003FF0
003FFA
004003
00400D
004017
004021
00402B
004034
00403E
004048
004052
00405C
004066
004070
004079
004083
00408D
004097
0040A1
0040AB
0040B5
0040BF
0040C8
0040D2
0040DC
0040E6
0040F0
0040FA
004104
00410E
004118
004122
00412C
004136
004140
00414A
004154
00415E
004168
004172
00417C
004186
004190
00419A
0041A4
0041AE
0041B8
0041C2
0041CC
0041D6
0041E0
0041EA
0041F4
0041FE
004208
004212
00421C
004226
004230
00423A
004245
00424F
004259
004263
00426D
004277
004281
00428B
004295
0042A0
0042AA
0042B4
0042BE
0042C8
0042D2
0042DD
0042E7
0042F1
0042FB
004305
00430F
00431A
004324
00432E
004338
004343
00434D
004357
004361
00436B
004376
004380
00438A
004394
00439F
0043A9
0043B3
0043BE
0043C8
0043D2
0043DC
0043E7
0043F1
0043FB
004406
004410
00441A
004425
00442F
004439
004444
00444E
004458
004463
00446D
004478
004482
00448C
004497
0044A1
0044AB
0044B6
0044C0
0044CB
0044D5
0044E0
0044EA
0044F4
0044FF
004509
004514
00451E
004529
004533
00453E
004548
004553
00455D
004568
004572
00457D
004587
004592
00459C
0045A7
0045B1
0045BC
0045C6
0045D1
0045DB
0045E6
0045F0
0045FB
004606
004610
00461B
004625
004630
00463B
004645
004650
00465A
004665
004670
00467A
004685
00468F
00469A
0046A5
0046AF
0046BA
0046C5
0046CF
0046DA
0046E5
0046EF
0046FA
004705
004710
00471A
004725
004730
00473A
004745
004750
00475B
004765
004770
00477B
004786
004790
00479B
0047A6
0047B1
0047BC
0047C6
0047D1
0047DC
0047E7
0047F2
0047FC
004807
004812
00481D
004828
004833
00483D
004848
004853
00485E
004869
004874
00487F
004889
004894
00489F
0048AA
0048B5
0048C0
0048CB
0048D6
0048E1
0048EC
0048F7
004902
00490D
004917
004922
00492D
004938
004943
00494E
004959
004964
00496F
00497A
004985
004990
00499B
0049A6
0049B1
0049BC
0049C8
0049D3
0049DE
0049E9
0049F4
0049FF
004A0A
004A15
004A20
004A2B
004A36
004A41
004A4C
004A58
004A63
004A6E
004A79
004A84
004A8F
004A9A
004AA5
004AB1
004ABC
004AC7
004AD2
004ADD
004AE9
004AF4
004AFF
004B0A
004B15
004B21
004B2C
004B37
004B42
004B4D
004B59
004B64
004B6F
004B7A
004B86
004B91
004B9C
004BA7
004BB3
004BBE
004BC9
004BD5
004BE0
004BEB
004BF7
004C02
004C0D
004C19
004C24
004C2F
004C3B
004C46
004C51
004C5D
004C68
004C73
004C7F
004C8A
004C96
004CA1
004CAC
004CB8
004CC3
004CCF
004CDA
004CE5
004CF1
004CFC
004D08
004D13
004D1F
004D2A
004D36
004D41
004D4D
004D58
004D64
004D6F
004D7B
004D86
004D92
004D9D
004DA9
004DB4
004DC0
004DCB
004DD7
004DE2
004DEE
004DF9
004E05
004E11
004E1C
004E28
004E33
004E3F
004E4B
004E56
004E62
004E6D
004E79
004E85
004E90
004E9C
004EA8
004EB3
004EBF
004ECB
004ED6
004EE2
004EEE
004EF9
004F05
004F11
004F1C
004F28
004F34
004F40
004F4B
004F57
004F63
004F6E
004F7A
004F86
004F92
004F9D
004FA9
004FB5
004FC1
004FCD
004FD8
004FE4
004FF0
004FFC
005008
005013
00501F
00502B
005037
005043
00504F
00505B
005066
005072
00507E
00508A
005096
0050A2
0050AE
0050BA
0050C6
0050D1
0050DD
0050E9
0050F5
005101
00510D
005119
005125
005131
00513D
005149
005155
005161
00516D
005179
005185
005191
00519D
0051A9
0051B5
0051C1
0051CD
0051D9
0051E5
0051F1
0051FD
005209
005215
005221
00522D
00523A
005246
005252
00525E
00526A
005276
005282
00528E
00529A
0052A7
0052B3
0052BF
0052CB
0052D7
0052E3
0052F0
0052FC
005308
005314
005320
00532D
005339
005345
005351
00535D
00536A
005376
005382
00538E
00539B
0053A7
0053B3
0053BF
0053CC
0053D8
0053E4
0053F1
0053FD
005409
005416
005422
00542E
00543B
005447
005453
005460
00546C
005478
005485
005491
00549D
0054AA
0054B6
0054C3
0054CF
0054DB
0054E8
0054F4
005501
00550D
00551A
005526
005533
00553F
00554B
005558
005564
005571
00557D
00558A
005596
0055A3
0055AF
0055BC
0055C8
0055D5
0055E2
0055EE
0055FB
005607
005614
005620
00562D
005639
005646
005653
00565F
00566C
005678
005685
005692
00569E
0056AB
0056B8
0056C4
0056D1
0056DE
0056EA
0056F7
005704
005710
00571D
00572A
005736
005743
005750
00575C
005769
005776
005783
00578F
00579C
0057A9
0057B6
0057C2
0057CF
0057DC
0057E9
0057F6
005802
00580F
00581C
005829
005836
005842
00584F
00585C
005869
005876
005883
005890
00589C
0058A9
0058B6
0058C3
0058D0
0058DD
0058EA
0058F7
005904
005911
00591E
00592A
005937
005944
005951
00595E
00596B
005978
005985
005992
00599F
0059AC
0059B9
0059C6
0059D3
0059E0
0059ED
0059FA
005A07
005A15
005A22
005A2F
005A3C
005A49
005A56
005A63
005A70
005A7D
005A8A
005A97
005AA5
005AB2
005ABF
005ACC
005AD9
005AE6
005AF3
005B01
005B0E
005B1B
005B28
005B35
005B43
005B50
005B5D
005B6A
005B77
005B85
005B92
005B9F
005BAC
005BBA
005BC7
005BD4
005BE1
005BEF
005BFC
005C09
005C17
005C24
005C31
005C3F
005C4C
005C59
005C67
005C74
005C81
005C8F
005C9C
005CA9
005CB7
005CC4
005CD2
005CDF
005CEC
005CFA
005D07
005D15
005D22
005D2F
005D3D
005D4A
005D58
005D65
005D73
005D80
005D8E
005D9B
005DA9
005DB6
005DC4
005DD1
005DDF
005DEC
005DFA
005E07
005E15
005E22
005E30
005E3E
005E4B
005E59
005E66
005E74
005E82
005E8F
005E9D
005EAA
005EB8
005EC6
005ED3
005EE1
005EEF
005EFC
005F0A
005F18
005F25
005F33
005F41
005F4E
005F5C
005F6A
005F78
005F85
005F93
005FA1
005FAE
005FBC
005FCA
005FD8
005FE6
005FF3
006001
00600F
00601D
00602B
006038
006046
006054
006062
006070
00607D
00608B
006099
0060A7
0060B5
0060C3
0060D1
0060DF
0060ED
0060FA
006108
006116
006124
006132
006140
00614E
00615C
00616A
006178
006186
006194
0061A2
0061B0
0061BE
0061CC
0061DA
0061E8
0061F6
006204
006212
006220
00622E
00623C
00624A
006258
006266
006275
006283
006291
00629F
0062AD
0062BB
0062C9
0062D7
0062E6
0062F4
006302
006310
00631E
00632C
00633B
006349
006357
006365
006373
006382
006390
00639E
0063AC
0063BB
0063C9
0063D7
0063E5
0063F4
006402
006410
00641F
00642D
00643B
00644A
006458
006466
006475
006483
006491
0064A0
0064AE
0064BC
0064CB
0064D9
0064E8
0064F6
006504
006513
006521
006530
00653E
00654D
00655B
00656A
006578
006587
006595
0065A4
0065B2
0065C1
0065CF
0065DE
0065EC
0065FB
006609
006618
006626
006635
006643
006652
006661
00666F
00667E
00668C
00669B
0066AA
0066B8
0066C7
0066D6
0066E4
0066F3
006702
006710
00671F
00672E
00673C
00674B
00675A
006768
006777
006786
006795
0067A3
0067B2
0067C1
0067D0
0067DE
0067ED
0067FC
00680B
00681A
006828
006837
006846
006855
006864
006873
006882
006890
00689F
0068AE
0068BD
0068CC
0068DB
0068EA
0068F9
006908
006917
006925
006934
006943
006952
006961
006970
00697F
00698E
00699D
0069AC
0069BB
0069CA
0069D9
0069E8
0069F7
006A07
006A16
006A25
006A34
006A43
006A52
006A61
006A70
006A7F
006A8E
006A9E
006AAD
006ABC
006ACB
006ADA
006AE9
006AF8
006B08
006B17
006B26
006B35
006B44
006B54
006B63
006B72
006B81
006B91
006BA0
006BAF
006BBE
006BCE
006BDD
006BEC
006BFC
006C0B
006C1A
006C2A
006C39
006C48
006C58
006C67
006C76
006C86
006C95
006CA5
006CB4
006CC3
006CD3
006CE2
006CF2
006D01
006D11
006D20
006D30
006D3F
006D4E
006D5E
006D6D
006D7D
006D8C
006D9C
006DAC
006DBB
006DCB
006DDA
006DEA
006DF9
006E09
006E18
006E28
006E38
006E47
006E57
006E67
006E76
006E86
006E95
006EA5
006EB5
006EC4
006ED4
006EE4
006EF4
006F03
006F13
006F23
006F32
006F42
006F52
006F62
006F71
006F81
006F91
006FA1
006FB1
006FC0
006FD0
006FE0
006FF0
007000
007010
00701F
00702F
00703F
00704F
00705F
00706F
00707F
00708F
00709F
0070AE
0070BE
0070CE
0070DE
0070EE
0070FE
00710E
00711E
00712E
00713E
00714E
00715E
00716E
00717E
00718E
00719E
0071AE
0071BF
0071CF
0071DF
0071EF
0071FF
00720F
00721F
00722F
00723F
007250
007260
007270
007280
007290
0072A0
0072B1
0072C1
0072D1
0072E1
0072F2
007302
007312
007322
007333
007343
007353
007363
007374
007384
007394
0073A5
0073B5
0073C5
0073D6
0073E6
0073F6
007407
007417
007428
007438
007448
007459
007469
00747A
00748A
00749B
0074AB
0074BC
0074CC
0074DD
0074ED
0074FE
00750E
00751F
00752F
007540
007550
007561
007572
007582
007593
0075A3
0075B4
0075C5
0075D5
0075E6
0075F6
007607
007618
007628
007639
00764A
00765B
00766B
00767C
00768D
00769D
0076AE
0076BF
0076D0
0076E1
0076F1
007702
007713
007724
007735
007745
007756
007767
007778
007789
00779A
0077AB
0077BB
0077CC
0077DD
0077EE
0077FF
007810
007821
007832
007843
007854
007865
007876
007887
007898
0078A9
0078BA
0078CB
0078DC
0078ED
0078FE
00790F
007920
007932
007943
007954
007965
007976
007987
007998
0079AA
0079BB
0079CC
0079DD
0079EE
007A00
007A11
007A22
007A33
007A44
007A56
007A67
007A78
007A8A
007A9B
007AAC
007ABE
007ACF
007AE0
007AF2
007B03
007B14
007B26
007B37
007B48
007B5A
007B6B
007B7D
007B8E
007BA0
007BB1
007BC3
007BD4
007BE6
007BF7
007C09
007C1A
007C2C
007C3D
007C4F
007C60
007C72
007C83
007C95
007CA7
007CB8
007CCA
007CDB
007CED
007CFF
007D10
007D22
007D34
007D45
007D57
007D69
007D7B
007D8C
007D9E
007DB0
007DC2
007DD3
007DE5
007DF7
007E09
007E1B
007E2C
007E3E
007E50
007E62
007E74
007E86
007E98
007EA9
007EBB
007ECD
007EDF
007EF1
007F03
007F15
007F27
007F39
007F4B
007F5D
007F6F
007F81
007F93
007FA5
007FB7
007FC9
007FDB
007FED
007FFF
008012
008024
008036
008048
00805A
00806C
00807E
008091
0080A3
0080B5
0080C7
0080D9
0080EC
0080FE
008110
008122
008135
008147
008159
00816C
00817E
008190
0081A3
0081B5
0081C7
0081DA
0081EC
0081FF
008211
008223
008236
008248
00825B
00826D
008280
008292
0082A5
0082B7
0082CA
0082DC
0082EF
008301
008314
008326
008339
00834C
00835E
008371
008383
008396
0083A9
0083BB
0083CE
0083E1
0083F3
008406
008419
00842C
00843E
008451
008464
008477
008489
00849C
0084AF
0084C2
0084D5
0084E8
0084FA
00850D
008520
008533
008546
008559
00856C
00857F
008592
0085A5
0085B8
0085CB
0085DE
0085F1
008604
008617
00862A
00863D
008650
008663
008676
008689
00869C
0086B0
0086C3
0086D6
0086E9
0086FC
00870F
008723
008736
008749
00875C
008770
008783
008796
0087A9
0087BD
0087D0
0087E3
0087F7
00880A
00881D
008831
008844
008857
00886B
00887E
008892
0088A5
0088B9
0088CC
0088E0
0088F3
008907
00891A
00892E
008941
008955
008968
00897C
008990
0089A3
0089B7
0089CA
0089DE
0089F2
008A05
008A19
008A2D
008A40
008A54
008A68
008A7C
008A8F
008AA3
008AB7
008ACB
008ADF
008AF2
008B06
008B1A
008B2E
008B42
008B56
008B6A
008B7E
008B92
008BA5
008BB9
008BCD
008BE1
008BF5
008C09
008C1D
008C31
008C45
008C5A
008C6E
008C82
008C96
008CAA
008CBE
008CD2
008CE6
008CFA
008D0F
008D23
008D37
008D4B
008D60
008D74
008D88
008D9C
008DB1
008DC5
008DD9
008DEE
008E02
008E16
008E2B
008E3F
008E53
008E68
008E7C
008E91
008EA5
008EBA
008ECE
008EE3
008EF7
008F0C
008F20
008F35
008F49
008F5E
008F72
008F87
008F9C
008FB0
008FC5
008FDA
008FEE
009003
009018
00902C
009041
009056
00906B
00907F
009094
0090A9
0090BE
0090D3
0090E7
0090FC
009111
009126
00913B
009150
009165
00917A
00918F
0091A4
0091B9
0091CE
0091E3
0091F8
00920D
009222
009237
00924C
009261
009276
00928B
0092A1
0092B6
0092CB
0092E0
0092F5
00930B
009320
009335
00934A
009360
009375
00938A
0093A0
0093B5
0093CA
0093E0
0093F5
00940A
009420
009435
00944B
009460
009476
00948B
0094A1
0094B6
0094CC
0094E1
0094F7
00950C
009522
009538
00954D
009563
009579
00958E
0095A4
0095BA
0095D0
0095E5
0095FB
009611
009627
00963C
009652
009668
00967E
009694
0096AA
0096C0
0096D6
0096EB
009701
009717
00972D
009743
009759
00976F
009786
00979C
0097B2
0097C8
0097DE
0097F4
00980A
009820
009837
00984D
009863
009879
00988F
0098A6
0098BC
0098D2
0098E9
0098FF
009915
00992C
009942
009958
00996F
009985
00999C
0099B2
0099C9
0099DF
0099F6
009A0C
009A23
009A39
009A50
009A67
009A7D
009A94
009AAA
009AC1
009AD8
009AEF
009B05
009B1C
009B33
009B4A
009B60
009B77
009B8E
009BA5
009BBC
009BD3
009BE9
009C00
009C17
009C2E
009C45
009C5C
009C73
009C8A
009CA1
009CB8
009CCF
009CE7
009CFE
009D15
009D2C
009D43
009D5A
009D71
009D89
009DA0
009DB7
009DCE
009DE6
009DFD
009E14
009E2C
009E43
009E5B
009E72
009E89
009EA1
009EB8
009ED0
009EE7
009EFF
009F16
009F2E
009F45
009F5D
009F75
009F8C
009FA4
009FBC
009FD3
009FEB
00A003
00A01A
00A032
00A04A
00A062
00A07A
00A091
00A0A9
00A0C1
00A0D9
00A0F1
00A109
00A121
00A139
00A151
00A169
00A181
00A199
00A1B1
00A1C9
00A1E1
00A1F9
00A212
00A22A
00A242
00A25A
00A272
00A28B
00A2A3
00A2BB
00A2D4
00A2EC
00A304
00A31D
00A335
00A34D
00A366
00A37E
00A397
00A3AF
00A3C8
00A3E0
00A3F9
00A411
00A42A
00A443
00A45B
00A474
00A48D
00A4A5
00A4BE
00A4D7
00A4F0
00A508
00A521
00A53A
00A553
00A56C
00A585
00A59E
00A5B6
00A5CF
00A5E8
00A601
00A61A
00A633
00A64D
00A666
00A67F
00A698
00A6B1
00A6CA
00A6E3
00A6FD
00A716
00A72F
00A748
00A762
00A77B
00A794
00A7AE
00A7C7
00A7E1
00A7FA
00A813
00A82D
00A846
00A860
00A879
00A893
00A8AD
00A8C6
00A8E0
00A8FA
00A913
00A92D
00A947
00A960
00A97A
00A994
00A9AE
00A9C8
00A9E1
00A9FB
00AA15
00AA2F
00AA49
00AA63
00AA7D
00AA97
00AAB1
00AACB
00AAE5
00AAFF
00AB1A
00AB34
00AB4E
00AB68
00AB82
00AB9D
00ABB7
00ABD1
00ABEC
00AC06
00AC20
00AC3B
00AC55
00AC70
00AC8A
00ACA5
00ACBF
00ACDA
00ACF4
00AD0F
00AD2A
00AD44
00AD5F
00AD7A
00AD94
00ADAF
00ADCA
00ADE5
00ADFF
00AE1A
00AE35
00AE50
00AE6B
00AE86
00AEA1
00AEBC
00AED7
00AEF2
00AF0D
00AF28
00AF43
00AF5E
00AF7A
00AF95
00AFB0
00AFCB
00AFE6
00B002
00B01D
00B038
00B054
00B06F
00B08B
00B0A6
00B0C2
00B0DD
00B0F9
00B114
00B130
00B14B
00B167
00B183
00B19E
00B1BA
00B1D6
00B1F2
00B20E
00B229
00B245
00B261
00B27D
00B299
00B2B5
00B2D1
00B2ED
00B309
00B325
00B341
00B35D
00B379
00B396
00B3B2
00B3CE
00B3EA
00B407
00B423
00B43F
00B45C
00B478
00B495
00B4B1
00B4CD
00B4EA
00B507
00B523
00B540
00B55C
00B579
00B596
00B5B2
00B5CF
00B5EC
00B609
00B626
00B642
00B65F
00B67C
00B699
00B6B6
00B6D3
00B6F0
00B70D
00B72A
00B748
00B765
00B782
00B79F
00B7BC
00B7DA
00B7F7
00B814
00B832
00B84F
00B86C
00B88A
00B8A7
00B8C5
00B8E2
00B900
00B91E
00B93B
00B959
00B977
00B994
00B9B2
00B9D0
00B9EE
00BA0C
00BA2A
00BA47
00BA65
00BA83
00BAA1
00BABF
00BADE
00BAFC
00BB1A
00BB38
00BB56
00BB74
00BB93
00BBB1
00BBCF
00BBEE
00BC0C
00BC2A
00BC49
00BC67
00BC86
00BCA4
00BCC3
00BCE2
00BD00
00BD1F
00BD3E
00BD5D
00BD7B
00BD9A
00BDB9
00BDD8
00BDF7
00BE16
00BE35
00BE54
00BE73
00BE92
00BEB1
00BED0
00BEEF
00BF0F
00BF2E
00BF4D
00BF6D
00BF8C
00BFAB
00BFCB
00BFEA
00C00A
00C029
00C049
00C068
00C088
00C0A8
00C0C7
00C0E7
00C107
00C127
00C147
00C167
00C186
00C1A6
00C1C6
00C1E6
00C206
00C227
00C247
00C267
00C287
00C2A7
00C2C8
00C2E8
00C308
00C329
00C349
00C36A
00C38A
00C3AB
00C3CB
00C3EC
00C40D
00C42D
00C44E
00C46F
00C490
00C4B0
00C4D1
00C4F2
00C513
00C534
00C555
00C576
00C597
00C5B8
00C5DA
00C5FB
00C61C
00C63D
00C65F
00C680
00C6A2
00C6C3
00C6E5
00C706
00C728
00C749
00C76B
00C78D
00C7AE
00C7D0
00C7F2
00C814
00C836
00C858
00C87A
00C89C
00C8BE
00C8E0
00C902
00C924
00C946
00C969
00C98B
00C9AD
00C9D0
00C9F2
00CA15
00CA37
00CA5A
00CA7C
00CA9F
00CAC2
00CAE4
00CB07
00CB2A
00CB4D
00CB70
00CB92
00CBB5
00CBD8
00CBFC
00CC1F
00CC42
00CC65
00CC88
00CCAC
00CCCF
00CCF2
00CD16
00CD39
00CD5D
00CD80
00CDA4
00CDC7
00CDEB
00CE0F
00CE32
00CE56
00CE7A
00CE9E
00CEC2
00CEE6
00CF0A
00CF2E
00CF52
00CF76
00CF9B
00CFBF
00CFE3
00D008
00D02C
00D050
00D075
00D099
00D0BE
00D0E3
00D107
00D12C
00D151
00D176
00D19B
00D1BF
00D1E4
00D209
00D22E
00D254
00D279
00D29E
00D2C3
00D2E8
00D30E
00D333
00D359
00D37E
00D3A4
00D3C9
00D3EF
00D415
00D43A
00D460
00D486
00D4AC
00D4D2
00D4F8
00D51E
00D544
00D56A
00D590
00D5B7
00D5DD
00D603
00D62A
00D650
00D677
00D69D
00D6C4
00D6EA
00D711
00D738
00D75F
00D786
00D7AD
00D7D3
00D7FB
00D822
00D849
00D870
00D897
00D8BE
00D8E6
00D90D
00D935
00D95C
00D984
00D9AB
00D9D3
00D9FB
00DA23
00DA4A
00DA72
00DA9A
00DAC2
00DAEA
00DB12
00DB3B
00DB63
00DB8B
00DBB3
00DBDC
00DC04
00DC2D
00DC55
00DC7E
00DCA7
00DCCF
00DCF8
00DD21
00DD4A
00DD73
00DD9C
00DDC5
00DDEE
00DE17
00DE41
00DE6A
00DE93
00DEBD
00DEE6
00DF10
00DF39
00DF63
00DF8D
00DFB7
00DFE0
00E00A
00E034
00E05E
00E088
00E0B3
00E0DD
00E107
00E131
00E15C
00E186
00E1B1
00E1DB
00E206
00E231
00E25C
00E286
00E2B1
00E2DC
00E307
00E332
00E35E
00E389
00E3B4
00E3DF
00E40B
00E436
00E462
00E48D
00E4B9
00E4E5
00E511
00E53D
00E569
00E595
00E5C1
00E5ED
00E619
00E645
00E672
00E69E
00E6CA
00E6F7
00E724
00E750
00E77D
00E7AA
00E7D7
00E804
00E831
00E85E
00E88B
00E8B8
00E8E5
00E913
00E940
00E96E
00E99B
00E9C9
00E9F7
00EA25
00EA52
00EA80
00EAAE
00EADC
00EB0B
00EB39
00EB67
00EB96
00EBC4
00EBF2
00EC21
00EC50
00EC7E
00ECAD
00ECDC
00ED0B
00ED3A
00ED69
00ED98
00EDC8
00EDF7
00EE26
00EE56
00EE86
00EEB5
00EEE5
00EF15
00EF45
00EF75
00EFA5
00EFD5
00F005
00F035
00F065
00F096
00F0C6
00F0F7
00F128
00F158
00F189
00F1BA
00F1EB
00F21C
00F24D
00F27E
00F2B0
00F2E1
00F313
00F344
00F376
00F3A8
00F3D9
00F40B
00F43D
00F46F
00F4A1
00F4D4
00F506
00F538
00F56B
00F59D
00F5D0
00F603
00F635
00F668
00F69B
00F6CE
00F702
00F735
00F768
00F79C
00F7CF
00F803
00F836
00F86A
00F89E
00F8D2
00F906
00F93A
00F96E
00F9A3
00F9D7
00FA0C
00FA40
00FA75
00FAAA
00FADE
00FB13
00FB48
00FB7E
00FBB3
00FBE8
00FC1E
00FC53
00FC89
00FCBE
00FCF4
00FD2A
00FD60
00FD96
00FDCC
00FE03
00FE39
00FE6F
00FEA6
00FEDD
00FF13
00FF4A
00FF81
00FFB8
00FFF0
010027
01005E
010096
0100CD
010105
01013D
010174
0101AC
0101E4
01021D
010255
01028D
0102C6
0102FE
010337
010370
0103A9
0103E2
01041B
010454
01048D
0104C7
010500
01053A
010574
0105AE
0105E8
010622
01065C
010696
0106D1
01070B
010746
010780
0107BB
0107F6
010831
01086D
0108A8
0108E3
01091F
01095A
010996
0109D2
010A0E
010A4A
010A86
010AC3
010AFF
010B3C
010B78
010BB5
010BF2
010C2F
010C6C
010CA9
010CE7
010D24
010D62
010DA0
010DDE
010E1C
010E5A
010E98
010ED6
010F15
010F53
010F92
010FD1
011010
01104F
01108E
0110CE
01110D
01114D
01118D
0111CC
01120C
01124D
01128D
0112CD
01130E
01134E
01138F
0113D0
011411
011452
011494
0114D5
011517
011558
01159A
0115DC
01161E
011661
0116A3
0116E5
011728
01176B
0117AE
0117F1
011834
011878
0118BB
0118FF
011942
011986
0119CA
011A0F
011A53
011A98
011ADC
011B21
011B66
011BAB
011BF0
011C36
011C7B
011CC1
011D07
011D4D
011D93
011DD9
011E1F
011E66
011EAD
011EF4
011F3B
011F82
011FC9
012011
012058
0120A0
0120E8
012130
012178
0121C1
012209
012252
01229B
0122E4
01232D
012377
0123C0
01240A
012454
01249E
0124E8
012533
01257D
0125C8
012613
01265E
0126A9
0126F5
012740
01278C
0127D8
012824
012870
0128BD
012909
012956
0129A3
0129F0
012A3D
012A8B
012AD8
012B26
012B74
012BC2
012C11
012C5F
012CAE
012CFD
012D4C
012D9B
012DEB
012E3B
012E8A
012EDA
012F2B
012F7B
012FCC
01301C
01306D
0130BF
013110
013161
0131B3
013205
013257
0132AA
0132FC
01334F
0133A2
0133F5
013448
01349C
0134F0
013543
013598
0135EC
013641
013695
0136EA
01373F
013795
0137EA
013840
013896
0138EC
013943
013999
0139F0
013A47
013A9F
013AF6
013B4E
013BA6
013BFE
013C56
013CAF
013D08
013D61
013DBA
013E13
013E6D
013EC7
013F21
013F7C
013FD6
014031
01408C
0140E8
014143
01419F
0141FB
014257
0142B4
014310
01436D
0143CB
014428
014486
0144E4
014542
0145A0
0145FF
01465E
0146BD
01471D
01477C
0147DC
01483C
01489D
0148FD
01495E
0149C0
014A21
014A83
014AE5
014B47
014BAA
014C0C
014C6F
014CD3
014D36
014D9A
014DFE
014E63
014EC7
014F2C
014F91
014FF7
01505C
0150C3
015129
01518F
0151F6
01525D
0152C5
01532D
015395
0153FD
015465
0154CE
015538
0155A1
01560B
015675
0156DF
01574A
0157B5
015820
01588C
0158F7
015964
0159D0
015A3D
015AAA
015B17
015B85
015BF3
015C61
015CD0
015D3F
015DAE
015E1E
015E8E
015EFE
015F6F
015FE0
016051
0160C2
016134
0161A7
016219
01628C
0162FF
016373
0163E7
01645B
0164D0
016545
0165BA
016630
0166A6
01671C
016793
01680A
016881
0168F9
016971
0169EA
016A63
016ADC
016B56
016BCF
016C4A
016CC5
016D40
016DBB
016E37
016EB3
016F30
016FAD
01702A
0170A8
017126
0171A5
017224
0172A3
017323
0173A3
017424
0174A5
017526
0175A8
01762A
0176AD
017730
0177B3
017837
0178BB
017940
0179C5
017A4B
017AD1
017B57
017BDE
017C65
017CED
017D75
017DFE
017E87
017F10
017F9A
018025
0180AF
01813B
0181C7
018253
0182DF
01836D
0183FA
018488
018517
0185A6
018636
0186C6
018756
0187E7
018879
01890A
01899D
018A30
018AC3
018B57
018BEC
018C81
018D16
018DAC
018E43
018EDA
018F71
019009
0190A2
01913B
0191D5
01926F
01930A
0193A5
019441
0194DD
01957A
019618
0196B6
019754
0197F3
019893
019933
0199D4
019A76
019B18
019BBA
019C5D
019D01
019DA5
019E4A
019EF0
019F96
01A03D
01A0E4
01A18C
01A235
01A2DE
01A388
01A432
01A4DD
01A589
01A636
01A6E3
01A790
01A83F
01A8ED
01A99D
01AA4D
01AAFE
01ABB0
01AC62
01AD15
01ADC9
01AE7D
01AF32
01AFE8
01B09E
01B155
01B20D
01B2C6
01B37F
01B439
01B4F3
01B5AF
01B66B
01B728
01B7E5
01B8A4
01B963
01BA22
01BAE3
01BBA4
01BC66
01BD29
01BDED
01BEB1
01BF77
01C03D
01C103
01C1CB
01C293
01C35D
01C427
01C4F2
01C5BD
01C68A
01C757
01C825
01C8F4
01C9C4
01CA95
01CB67
01CC39
01CD0C
01CDE1
01CEB6
01CF8C
01D063
01D13B
01D213
01D2ED
01D3C7
01D4A3
01D57F
01D65D
01D73B
01D81A
01D8FA
01D9DC
01DABE
01DBA1
01DC85
01DD6A
01DE50
01DF37
01E01F
01E108
01E1F3
01E2DE
01E3CA
01E4B7
01E5A6
01E695
01E785
01E877
01E969
01EA5D
01EB52
01EC48
01ED3F
01EE37
01EF30
01F02A
01F126
01F222
01F320
01F41F
01F51F
01F621
01F723
01F827
01F92C
01FA32
01FB39
01FC42
01FD4C
01FE57
01FF63
020071
020180
020290
0203A2
0204B5
0205C9
0206DE
0207F5
02090D
020A27
020B41
020C5E
020D7B
020E9A
020FBB
0210DD
021200
021325
02144B
021573
02169C
0217C6
0218F2
021A20
021B4F
021C80
021DB2
021EE6
02201B
022152
02228B
0223C5
022500
02263E
02277D
0228BD
022A00
022B44
022C8A
022DD1
022F1A
023065
0231B2
023300
023450
0235A2
0236F6
02384C
0239A3
023AFC
023C57
023DB4
023F13
024074
0241D7
02433C
0244A3
02460B
024776
0248E3
024A51
024BC2
024D35
024EAA
025021
02519A
025315
025493
025612
025794
025918
025A9F
025C27
025DB2
025F3F
0260CE
026260
0263F4
02658B
026723
0268BF
026A5C
026BFD
026D9F
026F44
0270EC
027296
027443
0275F2
0277A4
027959
027B11
027CCB
027E87
028047
028209
0283CE
028596
028761
02892F
028AFF
028CD3
028EA9
029083
02925F
02943F
029621
029807
0299F0
029BDC
029DCB
029FBD
02A1B3
02A3AC
02A5A9
02A7A8
02A9AB
02ABB2
02ADBC
02AFC9
02B1DB
02B3EF
02B607
02B823
02BA43
02BC66
02BE8D
02C0B8
02C2E7
02C51A
02C750
02C98B
02CBC9
02CE0C
02D052
02D29D
02D4EC
02D73F
02D997
02DBF3
02DE53
02E0B7
02E320
02E58E
02E800
02EA77
02ECF2
02EF72
02F1F7
02F481
02F710
02F9A3
02FC3C
02FED9
03017C
030424
0306D1
030983
030C3B
030EF8
0311BB
031483
031751
031A24
031CFD
031FDC
0322C1
0325AC
03289D
032B94
032E91
033194
03349E
0337AE
033AC5
033DE2
034105
034430
034761
034A9A
034DD9
03511F
03546D
0357C1
035B1D
035E81
0361EC
03655F
0368D9
036C5C
036FE6
037379
037713
037AB6
037E61
038215
0385D2
038997
038D65
03913C
03951C
039906
039CF9
03A0F5
03A4FB
03A90B
03AD24
03B148
03B576
03B9AF
03BDF1
03C23F
03C697
03CAFB
03CF69
03D3E3
03D869
03DCFA
03E197
03E640
03EAF5
03EFB6
03F484
03F95F
03FE47
04033C
04083F
040D4F
04126D
041799
041CD3
04221C
042774
042CDB
043251
0437D6
043D6B
044311
0448C6
044E8C
045463
045A4B
046045
046651
046C6E
04729E
0478E1
047F36
04859F
048C1C
0492AD
049953
04A00D
04A6DD
04ADC2
04B4BD
04BBCF
04C2F8
04CA37
04D18F
04D8FF
04E088
04E82A
04EFE5
04F7BB
04FFAC
0507B7
050FDF
051823
052084
052902
05319F
053A5A
054335
054C31
05554D
055E8A
0567EA
05716D
057B13
0584DE
058ECF
0598E6
002703
00270A
002710
002716
00271D
002723
002729
002730
002736
00273D
002743
002749
002750
002756
00275D
002763
00276A
002770
002776
00277D
002783
00278A
002790
002797
00279D
0027A4
0027AA
0027B1
0027B7
0027BE
0027C4
0027CB
0027D1
0027D7
0027DE
0027E4
0027EB
0027F2
0027F8
0027FF
002805
00280C
002812
002819
00281F
002826
00282C
002833
002839
002840
002846
00284D
002854
00285A
002861
002867
00286E
002874
00287B
002882
002888
00288F
002895
00289C
0028A3
0028A9
0028B0
0028B6
0028BD
0028C4
0028CA
0028D1
0028D8
0028DE
0028E5
0028EC
0028F2
0028F9
002900
002906
00290D
002914
00291A
002921
002928
00292E
002935
00293C
002942
002949
002950
002957
00295D
002964
00296B
002971
002978
00297F
002986
00298C
002993
00299A
0029A1
0029A7
0029AE
0029B5
0029BC
0029C2
0029C9
0029D0
0029D7
0029DE
0029E4
0029EB
0029F2
0029F9
0029FF
002A06
002A0D
002A14
002A1B
002A22
002A28
002A2F
002A36
002A3D
002A44
002A4B
002A51
002A58
002A5F
002A66
002A6D
002A74
002A7B
002A82
002A88
002A8F
002A96
002A9D
002AA4
002AAB
002AB2
002AB9
002AC0
002AC7
002ACD
002AD4
002ADB
002AE2
002AE9
002AF0
002AF7
002AFE
002B05
002B0C
002B13
002B1A
002B21
002B28
002B2F
002B36
002B3D
002B44
002B4B
002B52
002B59
002B60
002B67
002B6E
002B75
002B7C
002B83
002B8A
002B91
002B98
002B9F
002BA6
002BAD
002BB4
002BBB
002BC2
002BC9
002BD0
002BD7
002BDE
002BE5
002BEC
002BF4
002BFB
002C02
002C09
002C10
002C17
002C1E
002C25
002C2C
002C34
002C3B
002C42
002C49
002C50
002C57
002C5E
002C65
002C6D
002C74
002C7B
002C82
002C89
002C90
002C98
002C9F
002CA6
002CAD
002CB4
002CBC
002CC3
002CCA
002CD1
002CD8
002CE0
002CE7
002CEE
002CF5
002CFC
002D04
002D0B
002D12
002D19
002D21
002D28
002D2F
002D36
002D3E
002D45
002D4C
002D54
002D5B
002D62
002D69
002D71
002D78
002D7F
002D87
002D8E
002D95
002D9D
002DA4
002DAB
002DB2
002DBA
002DC1
002DC9
002DD0
002DD7
002DDF
002DE6
002DED
002DF5
002DFC
002E03
002E0B
002E12
002E1A
002E21
002E28
002E30
002E37
002E3F
002E46
002E4D
002E55
002E5C
002E64
002E6B
002E72
002E7A
002E81
002E89
002E90
002E98
002E9F
002EA7
002EAE
002EB6
002EBD
002EC5
002ECC
002ED4
002EDB
002EE3
002EEA
002EF2
002EF9
002F01
002F08
002F10
002F17
002F1F
002F26
002F2E
002F35
002F3D
002F44
002F4C
002F53
002F5B
002F63
002F6A
002F72
002F79
002F81
002F88
002F90
002F98
002F9F
002FA7
002FAE
002FB6
002FBE
002FC5
002FCD
002FD5
002FDC
002FE4
002FEB
002FF3
002FFB
003002
00300A
003012
003019
003021
003029
003030
003038
003040
003047
00304F
003057
00305F
003066
00306E
003076
00307D
003085
00308D
003095
00309C
0030A4
0030AC
0030B4
0030BB
0030C3
0030CB
0030D3
0030DA
0030E2
0030EA
0030F2
0030F9
003101
003109
003111
003119
003120
003128
003130
003138
003140
003148
00314F
003157
00315F
003167
00316F
003177
00317E
003186
00318E
003196
00319E
0031A6
0031AE
0031B6
0031BD
0031C5
0031CD
0031D5
0031DD
0031E5
0031ED
0031F5
0031FD
003205
00320D
003215
00321D
003224
00322C
003234
00323C
003244
00324C
003254
00325C
003264
00326C
003274
00327C
003284
00328C
003294
00329C
0032A4
0032AC
0032B4
0032BC
0032C4
0032CC
0032D4
0032DC
0032E4
0032EC
0032F5
0032FD
003305
00330D
003315
00331D
003325
00332D
003335
00333D
003345
00334D
003356
00335E
003366
00336E
003376
00337E
003386
00338E
003397
00339F
0033A7
0033AF
0033B7
0033BF
0033C8
0033D0
0033D8
0033E0
0033E8
0033F0
0033F9
003401
003409
003411
003419
003422
00342A
003432
00343A
003443
00344B
003453
00345B
003464
00346C
003474
00347C
003485
00348D
003495
00349D
0034A6
0034AE
0034B6
0034BF
0034C7
0034CF
0034D8
0034E0
0034E8
0034F1
0034F9
003501
00350A
003512
00351A
003523
00352B
003533
00353C
003544
00354C
003555
00355D
003566
00356E
003576
00357F
003587
003590
003598
0035A0
0035A9
0035B1
0035BA
0035C2
0035CB
0035D3
0035DB
0035E4
0035EC
0035F5
0035FD
003606
00360E
003617
00361F
003628
003630
003639
003641
00364A
003652
00365B
003663
00366C
003674
00367D
003685
00368E
003696
00369F
0036A8
0036B0
0036B9
0036C1
0036CA
0036D2
0036DB
0036E4
0036EC
0036F5
0036FD
003706
00370F
003717
003720
003728
003731
00373A
003742
00374B
003754
00375C
003765
00376E
003776
00377F
003788
003790
003799
0037A2
0037AA
0037B3
0037BC
0037C4
0037CD
0037D6
0037DF
0037E7
0037F0
0037F9
003801
00380A
003813
00381C
003824
00382D
003836
00383F
003847
003850
003859
003862
00386B
003873
00387C
003885
00388E
003897
00389F
0038A8
0038B1
0038BA
0038C3
0038CC
0038D4
0038DD
0038E6
0038EF
0038F8
003901
00390A
003912
00391B
003924
00392D
003936
00393F
003948
003951
00395A
003963
00396B
003974
00397D
003986
00398F
003998
0039A1
0039AA
0039B3
0039BC
0039C5
0039CE
0039D7
0039E0
0039E9
0039F2
0039FB
003A04
003A0D
003A16
003A1F
003A28
003A31
003A3A
003A43
003A4C
003A55
003A5E
003A67
003A70
003A79
003A82
003A8B
003A94
003A9E
003AA7
003AB0
003AB9
003AC2
003ACB
003AD4
003ADD
003AE6
003AEF
003AF9
003B02
003B0B
003B14
003B1D
003B26
003B2F
003B39
003B42
003B4B
003B54
003B5D
003B66
003B70
003B79
003B82
003B8B
003B94
003B9E
003BA7
003BB0
003BB9
003BC3
003BCC
003BD5
003BDE
003BE7
003BF1
003BFA
003C03
003C0D
003C16
003C1F
003C28
003C32
003C3B
003C44
003C4E
003C57
003C60
003C69
003C73
003C7C
003C85
003C8F
003C98
003CA1
003CAB
003CB4
003CBD
003CC7
003CD0
003CDA
003CE3
003CEC
003CF6
003CFF
003D08
003D12
003D1B
003D25
003D2E
003D37
003D41
003D4A
003D54
003D5D
003D67
003D70
003D7A
003D83
003D8C
003D96
003D9F
003DA9
003DB2
003DBC
003DC5
003DCF
003DD8
003DE2
003DEB
003DF5
003DFE
003E08
003E11
003E1B
003E24
003E2E
003E38
003E41
003E4B
003E54
003E5E
003E67
003E71
003E7A
003E84
003E8E
003E97
003EA1
003EAA
003EB4
003EBE
003EC7
003ED1
003EDA
003EE4
003EEE
003EF7
003F01
003F0B
003F14
003F1E
003F28
003F31
003F3B
003F45
003F4E
003F58
003F62
003F6B
003F75
003F7F
003F89
003F92
003F9C
003FA6
003FAF
003FB9
003FC3
003FCD
003FD6
003FE0
003FEA
003FF4
003FFE
004007
004011
00401B
004025
00402E
004038
004042
00404C
004056
00405F
004069
004073
00407D
004087
004091
00409B
0040A4
0040AE
0040B8
0040C2
0040CC
0040D6
0040E0
0040E9
0040F3
0040FD
004107
004111
00411B
004125
00412F
004139
004143
00414D
004157
004161
00416A
004174
00417E
004188
004192
00419C
0041A6
0041B0
0041BA
0041C4
0041CE
0041D8
0041E2
0041EC
0041F6
004200
00420A
004214
00421E
004228
004233
00423D
004247
004251
00425B
004265
00426F
004279
004283
00428D
004297
0042A1
0042AC
0042B6
0042C0
0042CA
0042D4
0042DE
0042E8
0042F2
0042FD
004307
004311
00431B
004325
00432F
00433A
004344
00434E
004358
004362
00436D
004377
004381
00438B
004395
0043A0
0043AA
0043B4
0043BE
0043C9
0043D3
0043DD
0043E7
0043F2
0043FC
004406
004410
00441B
004425
00442F
00443A
004444
00444E
004459
004463
00446D
004478
004482
00448C
004497
0044A1
0044AB
0044B6
0044C0
0044CA
0044D5
0044DF
0044EA
0044F4
0044FE
004509
004513
00451E
004528
004532
00453D
004547
004552
00455C
004567
004571
00457C
004586
004590
00459B
0045A5
0045B0
0045BA
0045C5
0045CF
0045DA
0045E4
0045EF
0045F9
004604
00460F
004619
004624
00462E
004639
004643
00464E
004658
004663
00466E
004678
004683
00468D
004698
0046A2
0046AD
0046B8
0046C2
0046CD
0046D8
0046E2
0046ED
0046F7
004702
00470D
004717
004722
00472D
004737
004742
00474D
004758
004762
00476D
004778
004782
00478D
004798
0047A2
0047AD
0047B8
0047C3
0047CD
0047D8
0047E3
0047EE
0047F8
004803
00480E
004819
004824
00482E
004839
004844
00484F
00485A
004864
00486F
00487A
004885
004890
00489B
0048A5
0048B0
0048BB
0048C6
0048D1
0048DC
0048E7
0048F2
0048FC
004907
004912
00491D
004928
004933
00493E
004949
004954
00495F
00496A
004975
004980
00498A
004995
0049A0
0049AB
0049B6
0049C1
0049CC
0049D7
0049E2
0049ED
0049F8
004A03
004A0E
004A19
004A24
004A2F
004A3B
004A46
004A51
004A5C
004A67
004A72
004A7D
004A88
004A93
004A9E
004AA9
004AB4
004ABF
004ACB
004AD6
004AE1
004AEC
004AF7
004B02
004B0D
004B18
004B24
004B2F
004B3A
004B45
004B50
004B5B
004B67
004B72
004B7D
004B88
004B93
004B9F
004BAA
004BB5
004BC0
004BCC
004BD7
004BE2
004BED
004BF9
004C04
004C0F
004C1A
004C26
004C31
004C3C
004C47
004C53
004C5E
004C69
004C75
004C80
004C8B
004C97
004CA2
004CAD
004CB9
004CC4
004CCF
004CDB
004CE6
004CF1
004CFD
004D08
004D14
004D1F
004D2A
004D36
004D41
004D4D
004D58
004D63
004D6F
004D7A
004D86
004D91
004D9D
004DA8
004DB4
004DBF
004DCB
004DD6
004DE1
004DED
004DF8
004E04
004E0F
004E1B
004E26
004E32
004E3E
004E49
004E55
004E60
004E6C
004E77
004E83
004E8E
004E9A
004EA6
004EB1
004EBD
004EC8
004ED4
004EDF
004EEB
004EF7
004F02
004F0E
004F1A
004F25
004F31
004F3C
004F48
004F54
004F5F
004F6B
004F77
004F82
004F8E
004F9A
004FA6
004FB1
004FBD
004FC9
004FD4
004FE0
004FEC
004FF8
005003
00500F
00501B
005027
005032
00503E
00504A
005056
005061
00506D
005079
005085
005091
00509C
0050A8
0050B4
0050C0
0050CC
0050D8
0050E3
0050EF
0050FB
005107
005113
00511F
00512B
005136
005142
00514E
00515A
005166
005172
00517E
00518A
005196
0051A2
0051AE
0051BA
0051C5
0051D1
0051DD
0051E9
0051F5
005201
00520D
005219
005225
005231
00523D
005249
005255
005261
00526D
005279
005285
005291
00529D
0052AA
0052B6
0052C2
0052CE
0052DA
0052E6
0052F2
0052FE
00530A
005316
005322
00532E
00533B
005347
005353
00535F
00536B
005377
005383
005390
00539C
0053A8
0053B4
0053C0
0053CC
0053D9
0053E5
0053F1
0053FD
00540A
005416
005422
00542E
00543A
005447
005453
00545F
00546B
005478
005484
005490
00549D
0054A9
0054B5
0054C1
0054CE
0054DA
0054E6
0054F3
0054FF
00550B
005518
005524
005530
00553D
005549
005555
005562
00556E
00557B
005587
005593
0055A0
0055AC
0055B9
0055C5
0055D2
0055DE
0055EA
0055F7
005603
005610
00561C
005629
005635
005642
00564E
00565B
005667
005674
005680
00568D
005699
0056A6
0056B2
0056BF
0056CB
0056D8
0056E4
0056F1
0056FD
00570A
005717
005723
005730
00573C
005749
005756
005762
00576F
00577B
005788
005795
0057A1
0057AE
0057BB
0057C7
0057D4
0057E1
0057ED
0057FA
005807
005813
005820
00582D
005839
005846
005853
005860
00586C
005879
005886
005893
00589F
0058AC
0058B9
0058C6
0058D2
0058DF
0058EC
0058F9
005906
005912
00591F
00592C
005939
005946
005953
00595F
00596C
005979
005986
005993
0059A0
0059AD
0059B9
0059C6
0059D3
0059E0
0059ED
0059FA
005A07
005A14
005A21
005A2E
005A3B
005A48
005A55
005A62
005A6E
005A7B
005A88
005A95
005AA2
005AAF
005ABC
005AC9
005AD6
005AE3
005AF0
005AFE
005B0B
005B18
005B25
005B32
005B3F
005B4C
005B59
005B66
005B73
005B80
005B8D
005B9A
005BA7
005BB5
005BC2
005BCF
005BDC
005BE9
005BF6
005C03
005C11
005C1E
005C2B
005C38
005C45
005C52
005C60
005C6D
005C7A
005C87
005C95
005CA2
005CAF
005CBC
005CC9
005CD7
005CE4
005CF1
005CFE
005D0C
005D19
005D26
005D34
005D41
005D4E
005D5C
005D69
005D76
005D83
005D91
005D9E
005DAC
005DB9
005DC6
005DD4
005DE1
005DEE
005DFC
005E09
005E17
005E24
005E31
005E3F
005E4C
005E5A
005E67
005E74
005E82
005E8F
005E9D
005EAA
005EB8
005EC5
005ED3
005EE0
005EEE
005EFB
005F09
005F16
005F24
005F31
005F3F
005F4C
005F5A
005F67
005F75
005F83
005F90
005F9E
005FAB
005FB9
005FC6
005FD4
005FE2
005FEF
005FFD
00600A
006018
006026
006033
006041
00604F
00605C
00606A
006078
006085
006093
0060A1
0060AE
0060BC
0060CA
0060D8
0060E5
0060F3
006101
00610F
00611C
00612A
006138
006146
006153
006161
00616F
00617D
00618A
006198
0061A6
0061B4
0061C2
0061D0
0061DD
0061EB
0061F9
006207
006215
006223
006231
00623E
00624C
00625A
006268
006276
006284
006292
0062A0
0062AE
0062BC
0062CA
0062D8
0062E6
0062F3
006301
00630F
00631D
00632B
006339
006347
006355
006363
006371
00637F
00638E
00639C
0063AA
0063B8
0063C6
0063D4
0063E2
0063F0
0063FE
00640C
00641A
006428
006436
006445
006453
006461
00646F
00647D
00648B
006499
0064A8
0064B6
0064C4
0064D2
0064E0
0064EE
0064FD
00650B
006519
006527
006536
006544
006552
006560
00656F
00657D
00658B
006599
0065A8
0065B6
0065C4
0065D3
0065E1
0065EF
0065FD
00660C
00661A
006628
006637
006645
006654
006662
006670
00667F
00668D
00669B
0066AA
0066B8
0066C7
0066D5
0066E4
0066F2
006700
00670F
00671D
00672C
00673A
006749
006757
006766
006774
006783
006791
0067A0
0067AE
0067BD
0067CB
0067DA
0067E8
0067F7
006805
006814
006823
006831
006840
00684E
00685D
00686C
00687A
006889
006897
0068A6
0068B5
0068C3
0068D2
0068E1
0068EF
0068FE
00690D
00691B
00692A
006939
006948
006956
006965
006974
006982
006991
0069A0
0069AF
0069BD
0069CC
0069DB
0069EA
0069F9
006A07
006A16
006A25
006A34
006A43
006A51
006A60
006A6F
006A7E
006A8D
006A9C
006AAB
006AB9
006AC8
006AD7
006AE6
006AF5
006B04
006B13
006B22
006B31
006B40
006B4F
006B5E
006B6D
006B7C
006B8B
006B9A
006BA9
006BB8
006BC7
006BD6
006BE5
006BF4
006C03
006C12
006C21
006C30
006C3F
006C4E
006C5D
006C6C
006C7B
006C8A
006C99
006CA8
006CB8
006CC7
006CD6
006CE5
006CF4
006D03
006D12
006D22
006D31
006D40
006D4F
006D5E
006D6E
006D7D
006D8C
006D9B
006DAA
006DBA
006DC9
006DD8
006DE7
006DF7
006E06
006E15
006E25
006E34
006E43
006E53
006E62
006E71
006E80
006E90
006E9F
006EAF
006EBE
006ECD
006EDD
006EEC
006EFB
006F0B
006F1A
006F2A
006F39
006F48
006F58
006F67
006F77
006F86
006F96
006FA5
006FB5
006FC4
006FD4
006FE3
006FF3
007002
007012
007021
007031
007040
007050
00705F
00706F
00707F
00708E
00709E
0070AD
0070BD
0070CD
0070DC
0070EC
0070FB
00710B
00711B
00712A
00713A
00714A
007159
007169
007179
007188
007198
0071A8
0071B8
0071C7
0071D7
0071E7
0071F7
007206
007216
007226
007236
007245
007255
007265
007275
007285
007295
0072A4
0072B4
0072C4
0072D4
0072E4
0072F4
007304
007313
007323
007333
007343
007353
007363
007373
007383
007393
0073A3
0073B3
0073C3
0073D3
0073E3
0073F3
007403
007413
007423
007433
007443
007453
007463
007473
007483
007493
0074A3
0074B3
0074C3
0074D4
0074E4
0074F4
007504
007514
007524
007534
007544
007555
007565
007575
007585
007595
0075A6
0075B6
0075C6
0075D6
0075E7
0075F7
007607
007617
007628
007638
007648
007658
007669
007679
007689
00769A
0076AA
0076BA
0076CB
0076DB
0076EB
0076FC
00770C
00771D
00772D
00773D
00774E
00775E
00776F
00777F
007790
0077A0
0077B0
0077C1
0077D1
0077E2
0077F2
007803
007813
007824
007834
007845
007856
007866
007877
007887
007898
0078A8
0078B9
0078CA
0078DA
0078EB
0078FB
00790C
00791D
00792D
00793E
00794F
00795F
007970
007981
007991
0079A2
0079B3
0079C4
0079D4
0079E5
0079F6
007A07
007A17
007A28
007A39
007A4A
007A5B
007A6B
007A7C
007A8D
007A9E
007AAF
007AC0
007AD0
007AE1
007AF2
007B03
007B14
007B25
007B36
007B47
007B58
007B69
007B79
007B8A
007B9B
007BAC
007BBD
007BCE
007BDF
007BF0
007C01
007C12
007C23
007C34
007C45
007C57
007C68
007C79
007C8A
007C9B
007CAC
007CBD
007CCE
007CDF
007CF0
007D02
007D13
007D24
007D35
007D46
007D57
007D69
007D7A
007D8B
007D9C
007DAE
007DBF
007DD0
007DE1
007DF3
007E04
007E15
007E26
007E38
007E49
007E5A
007E6C
007E7D
007E8E
007EA0
007EB1
007EC2
007ED4
007EE5
007EF7
007F08
007F19
007F2B
007F3C
007F4E
007F5F
007F71
007F82
007F94
007FA5
007FB7
007FC8
007FDA
007FEB
007FFD
00800E
008020
008031
008043
008055
008066
008078
008089
00809B
0080AD
0080BE
0080D0
0080E2
0080F3
008105
008117
008128
00813A
00814C
00815D
00816F
008181
008193
0081A4
0081B6
0081C8
0081DA
0081EB
0081FD
00820F
008221
008233
008245
008256
008268
00827A
00828C
00829E
0082B0
0082C2
0082D4
0082E6
0082F8
008309
00831B
00832D
00833F
008351
008363
008375
008387
008399
0083AB
0083BD
0083D0
0083E2
0083F4
008406
008418
00842A
00843C
00844E
008460
008472
008485
008497
0084A9
0084BB
0084CD
0084DF
0084F2
008504
008516
008528
00853B
00854D
00855F
008571
008584
008596
0085A8
0085BB
0085CD
0085DF
0085F2
008604
008616
008629
00863B
00864E
008660
008672
008685
008697
0086AA
0086BC
0086CF
0086E1
0086F4
008706
008719
00872B
00873E
008750
008763
008775
008788
00879A
0087AD
0087C0
0087D2
0087E5
0087F7
00880A
00881D
00882F
008842
008855
008867
00887A
00888D
0088A0
0088B2
0088C5
0088D8
0088EB
0088FD
008910
008923
008936
008949
00895B
00896E
008981
008994
0089A7
0089BA
0089CD
0089DF
0089F2
008A05
008A18
008A2B
008A3E
008A51
008A64
008A77
008A8A
008A9D
008AB0
008AC3
008AD6
008AE9
008AFC
008B0F
008B22
008B36
008B49
008B5C
008B6F
008B82
008B95
008BA8
008BBC
008BCF
008BE2
008BF5
008C08
008C1C
008C2F
008C42
008C55
008C69
008C7C
008C8F
008CA2
008CB6
008CC9
008CDC
008CF0
008D03
008D17
008D2A
008D3D
008D51
008D64
008D78
008D8B
008D9E
008DB2
008DC5
008DD9
008DEC
008E00
008E13
008E27
008E3B
008E4E
008E62
008E75
008E89
008E9C
008EB0
008EC4
008ED7
008EEB
008EFF
008F12
008F26
008F3A
008F4D
008F61
008F75
008F88
008F9C
008FB0
008FC4
008FD8
008FEB
008FFF
009013
009027
00903B
00904F
009062
009076
00908A
00909E
0090B2
0090C6
0090DA
0090EE
009102
009116
00912A
00913E
009152
009166
00917A
00918E
0091A2
0091B6
0091CA
0091DE
0091F2
009206
00921B
00922F
009243
009257
00926B
00927F
009294
0092A8
0092BC
0092D0
0092E5
0092F9
00930D
009321
009336
00934A
00935E
009373
009387
00939B
0093B0
0093C4
0093D9
0093ED
009401
009416
00942A
00943F
009453
009468
00947C
009491
0094A5
0094BA
0094CE
0094E3
0094F8
00950C
009521
009535
00954A
00955F
009573
009588
00959D
0095B1
0095C6
0095DB
0095F0
009604
009619
00962E
009643
009658
00966C
009681
009696
0096AB
0096C0
0096D5
0096EA
0096FE
009713
009728
00973D
009752
009767
00977C
009791
0097A6
0097BB
0097D0
0097E5
0097FA
009810
009825
00983A
00984F
009864
009879
00988E
0098A4
0098B9
0098CE
0098E3
0098F8
00990E
009923
009938
00994D
009963
009978
00998D
0099A3
0099B8
0099CE
0099E3
0099F8
009A0E
009A23
009A39
009A4E
009A64
009A79
009A8F
009AA4
009ABA
009ACF
009AE5
009AFA
009B10
009B25
009B3B
009B51
009B66
009B7C
009B92
009BA7
009BBD
009BD3
009BE8
009BFE
009C14
009C2A
009C40
009C55
009C6B
009C81
009C97
009CAD
009CC3
009CD8
009CEE
009D04
009D1A
009D30
009D46
009D5C
009D72
009D88
009D9E
009DB4
009DCA
009DE0
009DF6
009E0D
009E23
009E39
009E4F
009E65
009E7B
009E91
009EA8
009EBE
009ED4
009EEA
009F01
009F17
009F2D
009F44
009F5A
009F70
009F87
009F9D
009FB3
009FCA
009FE0
009FF7
00A00D
00A024
00A03A
00A051
00A067
00A07E
00A094
00A0AB
00A0C1
00A0D8
00A0EF
00A105
00A11C
00A132
00A149
00A160
00A177
00A18D
00A1A4
00A1BB
00A1D2
00A1E8
00A1FF
00A216
00A22D
00A244
00A25B
00A271
00A288
00A29F
00A2B6
00A2CD
00A2E4
00A2FB
00A312
00A329
00A340
00A357
00A36E
00A385
00A39C
00A3B4
00A3CB
00A3E2
00A3F9
00A410
00A427
00A43F
00A456
00A46D
00A484
00A49C
00A4B3
00A4CA
00A4E2
00A4F9
00A510
00A528
00A53F
00A557
00A56E
00A586
00A59D
00A5B4
00A5CC
00A5E4
00A5FB
00A613
00A62A
00A642
00A659
00A671
00A689
00A6A0
00A6B8
00A6D0
00A6E8
00A6FF
00A717
00A72F
00A747
00A75E
00A776
00A78E
00A7A6
00A7BE
00A7D6
00A7EE
00A806
00A81E
00A836
00A84E
00A866
00A87E
00A896
00A8AE
00A8C6
00A8DE
00A8F6
00A90E
00A926
00A93E
00A957
00A96F
00A987
00A99F
00A9B8
00A9D0
00A9E8
00AA01
00AA19
00AA31
00AA4A
00AA62
00AA7A
00AA93
00AAAB
00AAC4
00AADC
00AAF5
00AB0D
00AB26
00AB3E
00AB57
00AB70
00AB88
00ABA1
00ABBA
00ABD2
00ABEB
00AC04
00AC1D
00AC35
00AC4E
00AC67
00AC80
00AC99
00ACB1
00ACCA
00ACE3
00ACFC
00AD15
00AD2E
00AD47
00AD60
00AD79
00AD92
00ADAB
00ADC4
00ADDD
00ADF6
00AE10
00AE29
00AE42
00AE5B
00AE74
00AE8E
00AEA7
00AEC0
00AEDA
00AEF3
00AF0C
00AF26
00AF3F
00AF58
00AF72
00AF8B
00AFA5
00AFBE
00AFD8
00AFF1
00B00B
00B024
00B03E
00B058
00B071
00B08B
00B0A5
00B0BE
00B0D8
00B0F2
00B10C
00B125
00B13F
00B159
00B173
00B18D
00B1A7
00B1C1
00B1DB
00B1F4
00B20E
00B228
00B243
00B25D
00B277
00B291
00B2AB
00B2C5
00B2DF
00B2F9
00B314
00B32E
00B348
00B362
00B37D
00B397
00B3B1
00B3CC
00B3E6
00B400
00B41B
00B435
00B450
00B46A
00B485
00B49F
00B4BA
00B4D5
00B4EF
00B50A
00B524
00B53F
00B55A
00B575
00B58F
00B5AA
00B5C5
00B5E0
00B5FB
00B615
00B630
00B64B
00B666
00B681
00B69C
00B6B7
00B6D2
00B6ED
00B708
00B723
00B73F
00B75A
00B775
00B790
00B7AB
00B7C7
00B7E2
00B7FD
00B818
00B834
00B84F
00B86B
00B886
00B8A1
00B8BD
00B8D8
00B8F4
00B910
00B92B
00B947
00B962
00B97E
00B99A
00B9B5
00B9D1
00B9ED
00BA09
00BA24
00BA40
00BA5C
00BA78
00BA94
00BAB0
00BACC
00BAE8
00BB04
00BB20
00BB3C
00BB58
00BB74
00BB90
00BBAC
00BBC8
00BBE5
00BC01
00BC1D
00BC39
00BC56
00BC72
00BC8E
00BCAB
00BCC7
00BCE4
00BD00
00BD1D
00BD39
00BD56
00BD72
00BD8F
00BDAC
00BDC8
00BDE5
00BE02
00BE1E
00BE3B
00BE58
00BE75
00BE92
00BEAE
00BECB
00BEE8
00BF05
00BF22
00BF3F
00BF5C
00BF79
00BF97
00BFB4
00BFD1
00BFEE
00C00B
00C028
00C046
00C063
00C080
00C09E
00C0BB
00C0D9
00C0F6
00C113
00C131
00C14E
00C16C
00C18A
00C1A7
00C1C5
00C1E3
00C200
00C21E
00C23C
00C25A
00C277
00C295
00C2B3
00C2D1
00C2EF
00C30D
00C32B
00C349
00C367
00C385
00C3A3
00C3C1
00C3E0
00C3FE
00C41C
00C43A
00C459
00C477
00C495
00C4B4
00C4D2
00C4F1
00C50F
00C52E
00C54C
00C56B
00C589
00C5A8
00C5C7
00C5E5
00C604
00C623
00C642
00C660
00C67F
00C69E
00C6BD
00C6DC
00C6FB
00C71A
00C739
00C758
00C777
00C796
00C7B6
00C7D5
00C7F4
00C813
00C833
00C852
00C871
00C891
00C8B0
00C8D0
00C8EF
00C90F
00C92E
00C94E
00C96E
00C98D
00C9AD
00C9CD
00C9ED
00CA0C
00CA2C
00CA4C
00CA6C
00CA8C
00CAAC
00CACC
00CAEC
00CB0C
00CB2C
00CB4C
00CB6C
00CB8D
00CBAD
00CBCD
00CBEE
00CC0E
00CC2E
00CC4F
00CC6F
00CC90
00CCB0
00CCD1
00CCF1
00CD12
00CD33
00CD54
00CD74
00CD95
00CDB6
00CDD7
00CDF8
00CE19
00CE3A
00CE5B
00CE7C
00CE9D
00CEBE
00CEDF
00CF00
00CF21
00CF43
00CF64
00CF85
00CFA7
00CFC8
00CFE9
00D00B
00D02C
00D04E
00D070
00D091
00D0B3
00D0D5
00D0F6
00D118
00D13A
00D15C
00D17E
00D1A0
00D1C2
00D1E4
00D206
00D228
00D24A
00D26C
00D28E
00D2B1
00D2D3
00D2F5
00D318
00D33A
00D35D
00D37F
00D3A2
00D3C4
00D3E7
00D409
00D42C
00D44F
00D472
00D495
00D4B7
00D4DA
00D4FD
00D520
00D543
00D566
00D589
00D5AD
00D5D0
00D5F3
00D616
00D63A
00D65D
00D680
00D6A4
00D6C7
00D6EB
00D70E
00D732
00D756
00D779
00D79D
00D7C1
00D7E5
00D808
00D82C
00D850
00D874
00D898
00D8BC
00D8E1
00D905
00D929
00D94D
00D972
00D996
00D9BA
00D9DF
00DA03
00DA28
00DA4C
00DA71
00DA96
00DABA
00DADF
00DB04
00DB29
00DB4E
00DB73
00DB97
00DBBD
00DBE2
00DC07
00DC2C
00DC51
00DC76
00DC9C
00DCC1
00DCE6
00DD0C
00DD31
00DD57
00DD7C
00DDA2
00DDC8
00DDEE
00DE13
00DE39
00DE5F
00DE85
00DEAB
00DED1
00DEF7
00DF1D
00DF43
00DF69
00DF90
00DFB6
00DFDC
00E003
00E029
00E050
00E076
00E09D
00E0C4
00E0EA
00E111
00E138
00E15F
00E186
00E1AD
00E1D4
00E1FB
00E222
00E249
00E270
00E298
00E2BF
00E2E6
00E30E
00E335
00E35D
00E384
00E3AC
00E3D4
00E3FB
00E423
00E44B
00E473
00E49B
00E4C3
00E4EB
00E513
00E53B
00E563
00E58C
00E5B4
00E5DC
00E605
00E62D
00E656
00E67F
00E6A7
00E6D0
00E6F9
00E722
00E74A
00E773
00E79C
00E7C5
00E7EF
00E818
00E841
00E86A
00E894
00E8BD
00E8E6
00E910
00E939
00E963
00E98D
00E9B7
00E9E0
00EA0A
00EA34
00EA5E
00EA88
00EAB2
00EADC
00EB07
00EB31
00EB5B
00EB86
00EBB0
00EBDB
00EC05
00EC30
00EC5A
00EC85
00ECB0
00ECDB
00ED06
00ED31
00ED5C
00ED87
00EDB2
00EDDD
00EE09
00EE34
00EE60
00EE8B
00EEB7
00EEE2
00EF0E
00EF3A
00EF65
00EF91
00EFBD
00EFE9
00F015
00F042
00F06E
00F09A
00F0C6
00F0F3
00F11F
00F14C
00F178
00F1A5
00F1D2
00F1FE
00F22B
00F258
00F285
00F2B2
00F2DF
00F30D
00F33A
00F367
00F395
00F3C2
00F3F0
00F41D
00F44B
00F479
00F4A6
00F4D4
00F502
00F530
00F55E
00F58C
00F5BB
00F5E9
00F617
00F646
00F674
00F6A3
00F6D2
00F700
00F72F
00F75E
00F78D
00F7BC
00F7EB
00F81A
00F849
00F879
00F8A8
00F8D8
00F907
00F937
00F966
00F996
00F9C6
00F9F6
00FA26
00FA56
00FA86
00FAB6
00FAE7
00FB17
00FB47
00FB78
00FBA8
00FBD9
00FC0A
00FC3B
00FC6C
00FC9D
00FCCE
00FCFF
00FD30
00FD61
00FD93
00FDC4
00FDF6
00FE27
00FE59
00FE8B
00FEBD
00FEEF
00FF21
00FF53
00FF85
00FFB7
00FFE9
01001C
01004E
010081
0100B4
0100E6
010119
01014C
01017F
0101B2
0101E6
010219
01024C
010280
0102B3
0102E7
01031A
01034E
010382
0103B6
0103EA
01041E
010452
010487
0104BB
0104F0
010524
010559
01058E
0105C3
0105F7
01062D
010662
010697
0106CC
010702
010737
01076D
0107A2
0107D8
01080E
010844
01087A
0108B0
0108E6
01091D
010953
01098A
0109C0
0109F7
010A2E
010A65
010A9C
010AD3
010B0A
010B41
010B79
010BB0
010BE8
010C1F
010C57
010C8F
010CC7
010CFF
010D37
010D6F
010DA8
010DE0
010E19
010E52
010E8A
010EC3
010EFC
010F35
010F6F
010FA8
010FE1
01101B
011054
01108E
0110C8
011102
01113C
011176
0111B0
0111EB
011225
011260
01129A
0112D5
011310
01134B
011386
0113C1
0113FD
011438
011474
0114AF
0114EB
011527
011563
01159F
0115DC
011618
011654
011691
0116CE
01170A
011747
011784
0117C2
0117FF
01183C
01187A
0118B7
0118F5
011933
011971
0119AF
0119ED
011A2C
011A6A
011AA9
011AE7
011B26
011B65
011BA4
011BE3
011C23
011C62
011CA2
011CE2
011D21
011D61
011DA1
011DE2
011E22
011E62
011EA3
011EE4
011F25
011F65
011FA7
011FE8
012029
01206B
0120AC
0120EE
012130
012172
0121B4
0121F6
012239
01227B
0122BE
012301
012344
012387
0123CA
01240E
012451
012495
0124D9
01251D
012561
0125A5
0125E9
01262E
012672
0126B7
0126FC
012741
012786
0127CC
012811
012857
01289D
0128E3
012929
01296F
0129B5
0129FC
012A42
012A89
012AD0
012B17
012B5F
012BA6
012BEE
012C35
012C7D
012CC5
012D0E
012D56
012D9F
012DE7
012E30
012E79
012EC2
012F0B
012F55
012F9F
012FE8
013032
01307C
0130C7
013111
01315C
0131A6
0131F1
01323D
013288
0132D3
01331F
01336B
0133B6
013403
01344F
01349B
0134E8
013535
013582
0135CF
01361C
01366A
0136B7
013705
013753
0137A1
0137F0
01383E
01388D
0138DC
01392B
01397A
0139CA
013A19
013A69
013AB9
013B09
013B5A
013BAA
013BFB
013C4C
013C9D
013CEE
013D40
013D91
013DE3
013E35
013E88
013EDA
013F2D
013F7F
013FD2
014026
014079
0140CD
014121
014175
0141C9
01421D
014272
0142C7
01431C
014371
0143C7
01441C
014472
0144C8
01451E
014575
0145CC
014622
01467A
0146D1
014728
014780
0147D8
014830
014889
0148E1
01493A
014993
0149ED
014A46
014AA0
014AFA
014B54
014BAE
014C09
014C64
014CBF
014D1A
014D76
014DD2
014E2E
014E8A
014EE6
014F43
014FA0
014FFD
01505B
0150B8
015116
015174
0151D3
015231
015290
0152EF
01534F
0153AE
01540E
01546E
0154CF
01552F
015590
0155F1
015653
0156B4
015716
015778
0157DB
01583E
0158A0
015904
015967
0159CB
015A2F
015A93
015AF8
015B5C
015BC1
015C27
015C8C
015CF2
015D58
015DBF
015E25
015E8C
015EF4
015F5B
015FC3
01602B
016094
0160FC
016165
0161CE
016238
0162A2
01630C
016376
0163E1
01644C
0164B8
016523
01658F
0165FB
016668
0166D5
016742
0167AF
01681D
01688B
0168F9
016968
0169D7
016A46
016AB6
016B26
016B96
016C07
016C78
016CE9
016D5B
016DCD
016E3F
016EB1
016F24
016F97
01700B
01707F
0170F3
017168
0171DD
017252
0172C8
01733E
0173B4
01742B
0174A2
017519
017591
017609
017681
0176FA
017773
0177ED
017867
0178E1
01795B
0179D6
017A52
017ACE
017B4A
017BC6
017C43
017CC0
017D3E
017DBC
017E3A
017EB9
017F38
017FB8
018038
0180B8
018139
0181BA
01823C
0182BE
018340
0183C3
018447
0184CA
01854E
0185D3
018658
0186DD
018763
0187E9
01886F
0188F6
01897E
018A06
018A8E
018B17
018BA0
018C2A
018CB4
018D3E
018DC9
018E55
018EE1
018F6D
018FFA
019087
019115
0191A3
019232
0192C1
019351
0193E1
019472
019503
019594
019626
0196B9
01974C
0197DF
019873
019908
01999D
019A33
019AC9
019B5F
019BF6
019C8E
019D26
019DBF
019E58
019EF1
019F8C
01A026
01A0C2
01A15E
01A1FA
01A297
01A334
01A3D2
01A471
01A510
01A5B0
01A650
01A6F1
01A792
01A834
01A8D7
01A97A
01AA1E
01AAC2
01AB67
01AC0C
01ACB2
01AD59
01AE00
01AEA8
01AF51
01AFFA
01B0A4
01B14E
01B1F9
01B2A4
01B351
01B3FE
01B4AB
01B559
01B608
01B6B8
01B768
01B818
01B8CA
01B97C
01BA2F
01BAE2
01BB96
01BC4B
01BD00
01BDB7
01BE6D
01BF25
01BFDD
01C096
01C150
01C20A
01C2C5
01C381
01C43E
01C4FB
01C5B9
01C678
01C737
01C7F8
01C8B9
01C97A
01CA3D
01CB00
01CBC4
01CC89
01CD4F
01CE15
01CEDC
01CFA4
01D06D
01D137
01D201
01D2CD
01D399
01D466
01D533
01D602
01D6D1
01D7A2
01D873
01D945
01DA17
01DAEB
01DBC0
01DC95
01DD6C
01DE43
01DF1B
01DFF4
01E0CE
01E1A9
01E285
01E361
01E43F
01E51E
01E5FD
01E6DE
01E7BF
01E8A2
01E985
01EA6A
01EB4F
01EC35
01ED1D
01EE05
01EEEE
01EFD9
01F0C4
01F1B1
01F29E
01F38D
01F47C
01F56D
01F65F
01F751
01F845
01F93A
01FA30
01FB28
01FC20
01FD19
01FE14
01FF10
02000C
02010A
020209
02030A
02040B
02050E
020612
020717
02081D
020925
020A2D
020B37
020C43
020D4F
020E5D
020F6C
02107C
02118E
0212A0
0213B5
0214CA
0215E1
0216F9
021813
02192E
021A4A
021B68
021C87
021DA7
021EC9
021FEC
022111
022237
02235F
022488
0225B2
0226DE
02280C
02293B
022A6B
022B9E
022CD1
022E06
022F3D
023076
0231AF
0232EB
023428
023567
0236A8
0237EA
02392D
023A73
023BBA
023D03
023E4E
023F9A
0240E8
024238
02438A
0244DD
024632
02478A
0248E2
024A3D
024B9A
024CF9
024E59
024FBB
025120
025286
0253EE
025558
0256C5
025833
0259A3
025B16
025C8A
025E00
025F79
0260F4
026271
0263F0
026571
0266F4
02687A
026A02
026B8C
026D18
026EA7
027038
0271CB
027361
0274F9
027694
027830
0279D0
027B72
027D16
027EBD
028066
028212
0283C0
028571
028725
0288DC
028A95
028C50
028E0F
028FD0
029194
02935B
029524
0296F1
0298C0
029A93
029C68
029E40
02A01B
02A1F9
02A3DB
02A5BF
02A7A7
02A991
02AB7F
02AD70
02AF64
02B15C
02B357
02B555
02B756
02B95B
02BB64
02BD6F
02BF7F
02C192
02C3A8
02C5C2
02C7E0
02CA01
02CC27
02CE50
02D07C
02D2AD
02D4E1
02D71A
02D956
02DB97
02DDDB
02E024
02E270
02E4C1
02E717
02E970
02EBCE
02EE30
02F096
02F301
02F571
02F7E5
02FA5E
02FCDB
02FF5D
0301E4
030470
030701
030996
030C31
030ED0
031175
03141F
0316CE
031983
031C3D
031EFC
0321C0
03248B
03275B
032A30
032D0B
032FED
0332D4
0335C1
0338B4
033BAD
033EAC
0341B2
0344BD
0347D0
034AE9
034E08
03512E
03545B
03578E
035AC9
035E0A
036153
0364A3
0367FA
036B58
036EBE
03722C
0375A1
03791E
037CA2
03802F
0383C4
038761
038B06
038EB4
03926A
039629
0399F1
039DC1
03A19B
03A57E
03A969
03AD5F
03B15E
03B566
03B979
03BD95
03C1BB
03C5EC
03CA27
03CE6C
03D2BC
03D718
03DB7E
03DFEF
03E46B
03E8F3
03ED87
03F227
03F6D2
03FB8A
04004F
04051F
0409FD
040EE8
0413E0
0418E5
041DF8
042319
042848
042D85
0432D1
04382C
043D95
04430E
044897
044E2F
0453D7
045990
045F59
046533
046B1E
04711B
04772A
047D4A
04837D
0489C3
04901C
049689
049D09
04A39D
04AA46
04B103
04B7D6
04BEBF
04C5BD
04CCD3
04D3FF
04DB42
04E29D
04EA11
04F19D
04F942
050101
0508DB
0510CF
0518DE
052109
052951
0531B6
053A38
0542D8
054B98
055477
055D76
056695
056FD7
05793B
0582C1
058C6C
05963B
05A030
05AA4B
001E09
001E0F
001E15
001E1B
001E21
001E27
001E2C
001E32
001E38
001E3E
001E44
001E4A
001E4F
001E55
001E5B
001E61
001E67
001E6D
001E73
001E79
001E7F
001E84
001E8A
001E90
001E96
001E9C
001EA2
001EA8
001EAE
001EB4
001EBA
001EC0
001EC6
001ECC
001ED2
001ED8
001EDE
001EE3
001EE9
001EEF
001EF5
001EFB
001F01
001F07
001F0D
001F13
001F1A
001F20
001F26
001F2C
001F32
001F38
001F3E
001F44
001F4A
001F50
001F56
001F5C
001F62
001F68
001F6E
001F74
001F7B
001F81
001F87
001F8D
001F93
001F99
001F9F
001FA5
001FAB
001FB2
001FB8
001FBE
001FC4
001FCA
001FD0
001FD7
001FDD
001FE3
001FE9
001FEF
001FF6
001FFC
002002
002008
00200E
002015
00201B
002021
002027
00202E
002034
00203A
002040
002047
00204D
002053
002059
002060
002066
00206C
002073
002079
00207F
002086
00208C
002092
002098
00209F
0020A5
0020AC
0020B2
0020B8
0020BF
0020C5
0020CB
0020D2
0020D8
0020DE
0020E5
0020EB
0020F2
0020F8
0020FE
002105
00210B
002112
002118
00211F
002125
00212C
002132
002138
00213F
002145
00214C
002152
002159
00215F
002166
00216C
002173
002179
002180
002186
00218D
002193
00219A
0021A1
0021A7
0021AE
0021B4
0021BB
0021C1
0021C8
0021CE
0021D5
0021DC
0021E2
0021E9
0021EF
0021F6
0021FD
002203
00220A
002211
002217
00221E
002225
00222B
002232
002239
00223F
002246
00224D
002253
00225A
002261
002267
00226E
002275
00227B
002282
002289
002290
002296
00229D
0022A4
0022AB
0022B1
0022B8
0022BF
0022C6
0022CD
0022D3
0022DA
0022E1
0022E8
0022EF
0022F5
0022FC
002303
00230A
002311
002318
00231E
002325
00232C
002333
00233A
002341
002348
00234F
002356
00235C
002363
00236A
002371
002378
00237F
002386
00238D
002394
00239B
0023A2
0023A9
0023B0
0023B7
0023BE
0023C5
0023CC
0023D3
0023DA
0023E1
0023E8
0023EF
0023F6
0023FD
002404
00240B
002412
002419
002420
002427
00242E
002435
00243C
002444
00244B
002452
002459
002460
002467
00246E
002475
00247D
002484
00248B
002492
002499
0024A0
0024A7
0024AF
0024B6
0024BD
0024C4
0024CB
0024D3
0024DA
0024E1
0024E8
0024F0
0024F7
0024FE
002505
00250D
002514
00251B
002522
00252A
002531
002538
002540
002547
00254E
002555
00255D
002564
00256B
002573
00257A
002582
002589
002590
002598
00259F
0025A6
0025AE
0025B5
0025BD
0025C4
0025CB
0025D3
0025DA
0025E2
0025E9
0025F1
0025F8
002600
002607
00260E
002616
00261D
002625
00262C
002634
00263B
002643
00264A
002652
00265A
002661
002669
002670
002678
00267F
002687
00268E
002696
00269E
0026A5
0026AD
0026B4
0026BC
0026C4
0026CB
0026D3
0026DB
0026E2
0026EA
0026F2
0026F9
002701
002709
002710
002718
002720
002727
00272F
002737
00273E
002746
00274E
002756
00275D
002765
00276D
002775
00277D
002784
00278C
002794
00279C
0027A3
0027AB
0027B3
0027BB
0027C3
0027CB
0027D2
0027DA
0027E2
0027EA
0027F2
0027FA
002802
00280A
002811
002819
002821
002829
002831
002839
002841
002849
002851
002859
002861
002869
002871
002879
002881
002889
002891
002899
0028A1
0028A9
0028B1
0028B9
0028C1
0028C9
0028D1
0028D9
0028E1
0028E9
0028F1
0028F9
002901
00290A
002912
00291A
002922
00292A
002932
00293A
002943
00294B
002953
00295B
002963
00296B
002974
00297C
002984
00298C
002994
00299D
0029A5
0029AD
0029B5
0029BE
0029C6
0029CE
0029D6
0029DF
0029E7
0029EF
0029F8
002A00
002A08
002A11
002A19
002A21
002A2A
002A32
002A3A
002A43
002A4B
002A53
002A5C
002A64
002A6D
002A75
002A7D
002A86
002A8E
002A97
002A9F
002AA8
002AB0
002AB9
002AC1
002AC9
002AD2
002ADA
002AE3
002AEB
002AF4
002AFD
002B05
002B0E
002B16
002B1F
002B27
002B30
002B38
002B41
002B4A
002B52
002B5B
002B63
002B6C
002B75
002B7D
002B86
002B8F
002B97
002BA0
002BA8
002BB1
002BBA
002BC3
002BCB
002BD4
002BDD
002BE5
002BEE
002BF7
002C00
002C08
002C11
002C1A
002C23
002C2B
002C34
002C3D
002C46
002C4F
002C57
002C60
002C69
002C72
002C7B
002C84
002C8C
002C95
002C9E
002CA7
002CB0
002CB9
002CC2
002CCB
002CD4
002CDC
002CE5
002CEE
002CF7
002D00
002D09
002D12
002D1B
002D24
002D2D
002D36
002D3F
002D48
002D51
002D5A
002D63
002D6C
002D75
002D7E
002D88
002D91
002D9A
002DA3
002DAC
002DB5
002DBE
002DC7
002DD0
002DDA
002DE3
002DEC
002DF5
002DFE
002E07
002E11
002E1A
002E23
002E2C
002E35
002E3F
002E48
002E51
002E5A
002E64
002E6D
002E76
002E7F
002E89
002E92
002E9B
002EA5
002EAE
002EB7
002EC1
002ECA
002ED3
002EDD
002EE6
002EEF
002EF9
002F02
002F0C
002F15
002F1E
002F28
002F31
002F3B
002F44
002F4E
002F57
002F61
002F6A
002F74
002F7D
002F87
002F90
002F9A
002FA3
002FAD
002FB6
002FC0
002FC9
002FD3
002FDC
002FE6
002FF0
002FF9
003003
00300C
003016
003020
003029
003033
00303D
003046
003050
00305A
003063
00306D
003077
003081
00308A
003094
00309E
0030A8
0030B1
0030BB
0030C5
0030CF
0030D8
0030E2
0030EC
0030F6
003100
00310A
003113
00311D
003127
003131
00313B
003145
00314F
003159
003162
00316C
003176
003180
00318A
003194
00319E
0031A8
0031B2
0031BC
0031C6
0031D0
0031DA
0031E4
0031EE
0031F8
003202
00320C
003216
003220
00322B
003235
00323F
003249
003253
00325D
003267
003271
00327C
003286
003290
00329A
0032A4
0032AE
0032B9
0032C3
0032CD
0032D7
0032E2
0032EC
0032F6
003300
00330B
003315
00331F
00332A
003334
00333E
003348
003353
00335D
003368
003372
00337C
003387
003391
00339B
0033A6
0033B0
0033BB
0033C5
0033D0
0033DA
0033E5
0033EF
0033FA
003404
00340F
003419
003424
00342E
003439
003443
00344E
003458
003463
00346D
003478
003483
00348D
003498
0034A3
0034AD
0034B8
0034C2
0034CD
0034D8
0034E3
0034ED
0034F8
003503
00350D
003518
003523
00352E
003538
003543
00354E
003559
003564
00356E
003579
003584
00358F
00359A
0035A5
0035AF
0035BA
0035C5
0035D0
0035DB
0035E6
0035F1
0035FC
003607
003612
00361D
003628
003633
00363E
003649
003654
00365F
00366A
003675
003680
00368B
003696
0036A1
0036AC
0036B7
0036C2
0036CD
0036D8
0036E4
0036EF
0036FA
003705
003710
00371B
003727
003732
00373D
003748
003753
00375F
00376A
003775
003780
00378C
003797
0037A2
0037AE
0037B9
0037C4
0037D0
0037DB
0037E6
0037F2
0037FD
003809
003814
00381F
00382B
003836
003842
00384D
003859
003864
003870
00387B
003887
003892
00389E
0038A9
0038B5
0038C0
0038CC
0038D7
0038E3
0038EE
0038FA
003906
003911
00391D
003929
003934
003940
00394C
003957
003963
00396F
00397A
003986
003992
00399E
0039A9
0039B5
0039C1
0039CD
0039D9
0039E4
0039F0
0039FC
003A08
003A14
003A20
003A2B
003A37
003A43
003A4F
003A5B
003A67
003A73
003A7F
003A8B
003A97
003AA3
003AAF
003ABB
003AC7
003AD3
003ADF
003AEB
003AF7
003B03
003B0F
003B1B
003B27
003B33
003B40
003B4C
003B58
003B64
003B70
003B7C
003B88
003B95
003BA1
003BAD
003BB9
003BC6
003BD2
003BDE
003BEA
003BF7
003C03
003C0F
003C1C
003C28
003C34
003C41
003C4D
003C59
003C66
003C72
003C7E
003C8B
003C97
003CA4
003CB0
003CBD
003CC9
003CD6
003CE2
003CEF
003CFB
003D08
003D14
003D21
003D2D
003D3A
003D46
003D53
003D60
003D6C
003D79
003D86
003D92
003D9F
003DAC
003DB8
003DC5
003DD2
003DDE
003DEB
003DF8
003E05
003E11
003E1E
003E2B
003E38
003E45
003E51
003E5E
003E6B
003E78
003E85
003E92
003E9F
003EAB
003EB8
003EC5
003ED2
003EDF
003EEC
003EF9
003F06
003F13
003F20
003F2D
003F3A
003F47
003F54
003F61
003F6E
003F7C
003F89
003F96
003FA3
003FB0
003FBD
003FCA
003FD7
003FE5
003FF2
003FFF
00400C
00401A
004027
004034
004041
00404F
00405C
004069
004077
004084
004091
00409F
0040AC
0040B9
0040C7
0040D4
0040E1
0040EF
0040FC
00410A
004117
004125
004132
004140
00414D
00415B
004168
004176
004183
004191
00419F
0041AC
0041BA
0041C7
0041D5
0041E3
0041F0
0041FE
00420C
004219
004227
004235
004243
004250
00425E
00426C
00427A
004287
004295
0042A3
0042B1
0042BF
0042CD
0042DB
0042E8
0042F6
004304
004312
004320
00432E
00433C
00434A
004358
004366
004374
004382
004390
00439E
0043AC
0043BA
0043C8
0043D6
0043E5
0043F3
004401
00440F
00441D
00442B
00443A
004448
004456
004464
004472
004481
00448F
00449D
0044AC
0044BA
0044C8
0044D7
0044E5
0044F3
004502
004510
00451E
00452D
00453B
00454A
004558
004567
004575
004584
004592
0045A1
0045AF
0045BE
0045CC
0045DB
0045EA
0045F8
004607
004615
004624
004633
004641
004650
00465F
00466E
00467C
00468B
00469A
0046A9
0046B7
0046C6
0046D5
0046E4
0046F3
004701
004710
00471F
00472E
00473D
00474C
00475B
00476A
004779
004788
004797
0047A6
0047B5
0047C4
0047D3
0047E2
0047F1
004800
00480F
00481E
00482D
00483D
00484C
00485B
00486A
004879
004888
004898
0048A7
0048B6
0048C5
0048D5
0048E4
0048F3
004903
004912
004921
004931
004940
004950
00495F
00496E
00497E
00498D
00499D
0049AC
0049BC
0049CB
0049DB
0049EA
0049FA
004A09
004A19
004A29
004A38
004A48
004A58
004A67
004A77
004A87
004A96
004AA6
004AB6
004AC6
004AD5
004AE5
004AF5
004B05
004B14
004B24
004B34
004B44
004B54
004B64
004B74
004B84
004B94
004BA4
004BB4
004BC4
004BD4
004BE4
004BF4
004C04
004C14
004C24
004C34
004C44
004C54
004C64
004C74
004C85
004C95
004CA5
004CB5
004CC5
004CD6
004CE6
004CF6
004D07
004D17
004D27
004D37
004D48
004D58
004D69
004D79
004D89
004D9A
004DAA
004DBB
004DCB
004DDC
004DEC
004DFD
004E0D
004E1E
004E2E
004E3F
004E50
004E60
004E71
004E82
004E92
004EA3
004EB4
004EC4
004ED5
004EE6
004EF7
004F07
004F18
004F29
004F3A
004F4B
004F5C
004F6C
004F7D
004F8E
004F9F
004FB0
004FC1
004FD2
004FE3
004FF4
005005
005016
005027
005038
005049
00505A
00506B
00507D
00508E
00509F
0050B0
0050C1
0050D3
0050E4
0050F5
005106
005118
005129
00513A
00514C
00515D
00516E
005180
005191
0051A2
0051B4
0051C5
0051D7
0051E8
0051FA
00520B
00521D
00522E
005240
005252
005263
005275
005286
005298
0052AA
0052BB
0052CD
0052DF
0052F1
005302
005314
005326
005338
00534A
00535B
00536D
00537F
005391
0053A3
0053B5
0053C7
0053D9
0053EB
0053FD
00540F
005421
005433
005445
005457
005469
00547B
00548D
00549F
0054B2
0054C4
0054D6
0054E8
0054FB
00550D
00551F
005531
005544
005556
005568
00557B
00558D
0055A0
0055B2
0055C4
0055D7
0055E9
0055FC
00560E
005621
005633
005646
005659
00566B
00567E
005690
0056A3
0056B6
0056C8
0056DB
0056EE
005701
005713
005726
005739
00574C
00575F
005772
005784
005797
0057AA
0057BD
0057D0
0057E3
0057F6
005809
00581C
00582F
005842
005855
005868
00587C
00588F
0058A2
0058B5
0058C8
0058DB
0058EF
005902
005915
005928
00593C
00594F
005962
005976
005989
00599D
0059B0
0059C3
0059D7
0059EA
0059FE
005A11
005A25
005A38
005A4C
005A60
005A73
005A87
005A9B
005AAE
005AC2
005AD6
005AE9
005AFD
005B11
005B25
005B39
005B4C
005B60
005B74
005B88
005B9C
005BB0
005BC4
005BD8
005BEC
005C00
005C14
005C28
005C3C
005C50
005C64
005C78
005C8C
005CA0
005CB5
005CC9
005CDD
005CF1
005D06
005D1A
005D2E
005D43
005D57
005D6B
005D80
005D94
005DA9
005DBD
005DD1
005DE6
005DFA
005E0F
005E24
005E38
005E4D
005E61
005E76
005E8B
005E9F
005EB4
005EC9
005EDD
005EF2
005F07
005F1C
005F31
005F45
005F5A
005F6F
005F84
005F99
005FAE
005FC3
005FD8
005FED
006002
006017
00602C
006041
006056
00606C
006081
006096
0060AB
0060C0
0060D6
0060EB
006100
006115
00612B
006140
006156
00616B
006180
006196
0061AB
0061C1
0061D6
0061EC
006201
006217
00622C
006242
006258
00626D
006283
006299
0062AE
0062C4
0062DA
0062F0
006306
00631B
006331
006347
00635D
006373
006389
00639F
0063B5
0063CB
0063E1
0063F7
00640D
006423
006439
006450
006466
00647C
006492
0064A8
0064BF
0064D5
0064EB
006502
006518
00652E
006545
00655B
006572
006588
00659F
0065B5
0065CC
0065E2
0065F9
00660F
006626
00663D
006653
00666A
006681
006697
0066AE
0066C5
0066DC
0066F3
00670A
006720
006737
00674E
006765
00677C
006793
0067AA
0067C1
0067D8
0067F0
006807
00681E
006835
00684C
006863
00687B
006892
0068A9
0068C1
0068D8
0068EF
006907
00691E
006936
00694D
006964
00697C
006994
0069AB
0069C3
0069DA
0069F2
006A0A
006A21
006A39
006A51
006A68
006A80
006A98
006AB0
006AC8
006AE0
006AF8
006B0F
006B27
006B3F
006B57
006B6F
006B88
006BA0
006BB8
006BD0
006BE8
006C00
006C18
006C31
006C49
006C61
006C79
006C92
006CAA
006CC3
006CDB
006CF3
006D0C
006D24
006D3D
006D55
006D6E
006D87
006D9F
006DB8
006DD1
006DE9
006E02
006E1B
006E33
006E4C
006E65
006E7E
006E97
006EB0
006EC9
006EE2
006EFB
006F14
006F2D
006F46
006F5F
006F78
006F91
006FAA
006FC3
006FDD
006FF6
00700F
007029
007042
00705B
007075
00708E
0070A7
0070C1
0070DA
0070F4
00710D
007127
007141
00715A
007174
00718E
0071A7
0071C1
0071DB
0071F5
00720E
007228
007242
00725C
007276
007290
0072AA
0072C4
0072DE
0072F8
007312
00732C
007346
007361
00737B
007395
0073AF
0073CA
0073E4
0073FE
007419
007433
00744D
007468
007482
00749D
0074B7
0074D2
0074ED
007507
007522
00753D
007557
007572
00758D
0075A8
0075C3
0075DD
0075F8
007613
00762E
007649
007664
00767F
00769A
0076B5
0076D0
0076EC
007707
007722
00773D
007759
007774
00778F
0077AB
0077C6
0077E1
0077FD
007818
007834
00784F
00786B
007887
0078A2
0078BE
0078D9
0078F5
007911
00792D
007949
007964
007980
00799C
0079B8
0079D4
0079F0
007A0C
007A28
007A44
007A60
007A7C
007A99
007AB5
007AD1
007AED
007B0A
007B26
007B42
007B5F
007B7B
007B98
007BB4
007BD1
007BED
007C0A
007C26
007C43
007C60
007C7C
007C99
007CB6
007CD3
007CF0
007D0C
007D29
007D46
007D63
007D80
007D9D
007DBA
007DD7
007DF4
007E12
007E2F
007E4C
007E69
007E87
007EA4
007EC1
007EDF
007EFC
007F19
007F37
007F54
007F72
007F90
007FAD
007FCB
007FE8
008006
008024
008042
00805F
00807D
00809B
0080B9
0080D7
0080F5
008113
008131
00814F
00816D
00818B
0081AA
0081C8
0081E6
008204
008223
008241
00825F
00827E
00829C
0082BB
0082D9
0082F8
008316
008335
008354
008372
008391
0083B0
0083CE
0083ED
00840C
00842B
00844A
008469
008488
0084A7
0084C6
0084E5
008504
008523
008543
008562
008581
0085A0
0085C0
0085DF
0085FF
00861E
00863D
00865D
00867D
00869C
0086BC
0086DB
0086FB
00871B
00873B
00875A
00877A
00879A
0087BA
0087DA
0087FA
00881A
00883A
00885A
00887A
00889B
0088BB
0088DB
0088FB
00891C
00893C
00895C
00897D
00899D
0089BE
0089DE
0089FF
008A1F
008A40
008A61
008A81
008AA2
008AC3
008AE4
008B05
008B26
008B47
008B68
008B89
008BAA
008BCB
008BEC
008C0D
008C2E
008C50
008C71
008C92
008CB4
008CD5
008CF6
008D18
008D39
008D5B
008D7D
008D9E
008DC0
008DE2
008E03
008E25
008E47
008E69
008E8B
008EAD
008ECF
008EF1
008F13
008F35
008F57
008F79
008F9B
008FBE
008FE0
009002
009025
009047
00906A
00908C
0090AF
0090D1
0090F4
009117
009139
00915C
00917F
0091A2
0091C5
0091E7
00920A
00922D
009250
009273
009297
0092BA
0092DD
009300
009323
009347
00936A
00938D
0093B1
0093D4
0093F8
00941C
00943F
009463
009486
0094AA
0094CE
0094F2
009516
00953A
00955D
009581
0095A5
0095CA
0095EE
009612
009636
00965A
00967F
0096A3
0096C7
0096EC
009710
009735
009759
00977E
0097A2
0097C7
0097EC
009810
009835
00985A
00987F
0098A4
0098C9
0098EE
009913
009938
00995D
009982
0099A8
0099CD
0099F2
009A18
009A3D
009A63
009A88
009AAE
009AD3
009AF9
009B1F
009B44
009B6A
009B90
009BB6
009BDC
009C02
009C28
009C4E
009C74
009C9A
009CC0
009CE6
009D0D
009D33
009D59
009D80
009DA6
009DCD
009DF3
009E1A
009E40
009E67
009E8E
009EB5
009EDB
009F02
009F29
009F50
009F77
009F9E
009FC5
009FED
00A014
00A03B
00A062
00A08A
00A0B1
00A0D8
00A100
00A127
00A14F
00A177
00A19E
00A1C6
00A1EE
00A216
00A23E
00A265
00A28D
00A2B5
00A2DE
00A306
00A32E
00A356
00A37E
00A3A7
00A3CF
00A3F7
00A420
00A448
00A471
00A49A
00A4C2
00A4EB
00A514
00A53C
00A565
00A58E
00A5B7
00A5E0
00A609
00A632
00A65B
00A685
00A6AE
00A6D7
00A701
00A72A
00A753
00A77D
00A7A7
00A7D0
00A7FA
00A824
00A84D
00A877
00A8A1
00A8CB
00A8F5
00A91F
00A949
00A973
00A99D
00A9C7
00A9F2
00AA1C
00AA46
00AA71
00AA9B
00AAC6
00AAF1
00AB1B
00AB46
00AB71
00AB9B
00ABC6
00ABF1
00AC1C
00AC47
00AC72
00AC9D
00ACC9
00ACF4
00AD1F
00AD4A
00AD76
00ADA1
00ADCD
00ADF8
00AE24
00AE50
00AE7B
00AEA7
00AED3
00AEFF
00AF2B
00AF57
00AF83
00AFAF
00AFDB
00B007
00B034
00B060
00B08C
00B0B9
00B0E5
00B112
00B13E
00B16B
00B198
00B1C4
00B1F1
00B21E
00B24B
00B278
00B2A5
00B2D2
00B2FF
00B32D
00B35A
00B387
00B3B5
00B3E2
00B410
00B43D
00B46B
00B499
00B4C6
00B4F4
00B522
00B550
00B57E
00B5AC
00B5DA
00B608
00B636
00B665
00B693
00B6C1
00B6F0
00B71E
00B74D
00B77B
00B7AA
00B7D9
00B808
00B836
00B865
00B894
00B8C3
00B8F2
00B922
00B951
00B980
00B9AF
00B9DF
00BA0E
00BA3E
00BA6D
00BA9D
00BACD
00BAFC
00BB2C
00BB5C
00BB8C
00BBBC
00BBEC
00BC1C
00BC4C
00BC7D
00BCAD
00BCDD
00BD0E
00BD3E
00BD6F
00BD9F
00BDD0
00BE01
00BE32
00BE63
00BE93
00BEC4
00BEF6
00BF27
00BF58
00BF89
00BFBA
00BFEC
00C01D
00C04F
00C080
00C0B2
00C0E4
00C115
00C147
00C179
00C1AB
00C1DD
00C20F
00C241
00C274
00C2A6
00C2D8
00C30B
00C33D
00C370
00C3A2
00C3D5
00C408
00C43A
00C46D
00C4A0
00C4D3
00C506
00C539
00C56D
00C5A0
00C5D3
00C607
00C63A
00C66E
00C6A1
00C6D5
00C709
00C73D
00C770
00C7A4
00C7D8
00C80C
00C841
00C875
00C8A9
00C8DD
00C912
00C946
00C97B
00C9B0
00C9E4
00CA19
00CA4E
00CA83
00CAB8
00CAED
00CB22
00CB57
00CB8C
00CBC2
00CBF7
00CC2D
00CC62
00CC98
00CCCD
00CD03
00CD39
00CD6F
00CDA5
00CDDB
00CE11
00CE47
00CE7D
00CEB4
00CEEA
00CF21
00CF57
00CF8E
00CFC5
00CFFB
00D032
00D069
00D0A0
00D0D7
00D10E
00D145
00D17D
00D1B4
00D1EB
00D223
00D25B
00D292
00D2CA
00D302
00D33A
00D371
00D3AA
00D3E2
00D41A
00D452
00D48A
00D4C3
00D4FB
00D534
00D56C
00D5A5
00D5DE
00D617
00D650
00D689
00D6C2
00D6FB
00D734
00D76D
00D7A7
00D7E0
00D81A
00D853
00D88D
00D8C7
00D901
00D93B
00D975
00D9AF
00D9E9
00DA23
00DA5E
00DA98
00DAD2
00DB0D
00DB48
00DB82
00DBBD
00DBF8
00DC33
00DC6E
00DCA9
00DCE4
00DD20
00DD5B
00DD97
00DDD2
00DE0E
00DE49
00DE85
00DEC1
00DEFD
00DF39
00DF75
00DFB1
00DFED
00E02A
00E066
00E0A3
00E0DF
00E11C
00E159
00E196
00E1D3
00E210
00E24D
00E28A
00E2C7
00E304
00E342
00E37F
00E3BD
00E3FB
00E438
00E476
00E4B4
00E4F2
00E530
00E56F
00E5AD
00E5EB
00E62A
00E668
00E6A7
00E6E6
00E724
00E763
00E7A2
00E7E1
00E820
00E860
00E89F
00E8DE
00E91E
00E95D
00E99D
00E9DD
00EA1D
00EA5D
00EA9D
00EADD
00EB1D
00EB5D
00EB9E
00EBDE
00EC1F
00EC5F
00ECA0
00ECE1
00ED22
00ED63
00EDA4
00EDE5
00EE27
00EE68
00EEA9
00EEEB
00EF2D
00EF6E
00EFB0
00EFF2
00F034
00F076
00F0B9
00F0FB
00F13D
00F180
00F1C2
00F205
00F248
00F28B
00F2CE
00F311
00F354
00F397
00F3DA
00F41E
00F461
00F4A5
00F4E9
00F52C
00F570
00F5B4
00F5F9
00F63D
00F681
00F6C5
00F70A
00F74E
00F793
00F7D8
00F81D
00F862
00F8A7
00F8EC
00F931
00F977
00F9BC
00FA02
00FA47
00FA8D
00FAD3
00FB19
00FB5F
00FBA5
00FBEC
00FC32
00FC78
00FCBF
00FD06
00FD4C
00FD93
00FDDA
00FE21
00FE68
00FEB0
00FEF7
00FF3F
00FF86
00FFCE
010016
01005E
0100A6
0100EE
010136
01017E
0101C7
01020F
010258
0102A0
0102E9
010332
01037B
0103C4
01040E
010457
0104A0
0104EA
010534
01057D
0105C7
010611
01065B
0106A6
0106F0
01073A
010785
0107D0
01081A
010865
0108B0
0108FB
010946
010992
0109DD
010A29
010A74
010AC0
010B0C
010B58
010BA4
010BF0
010C3C
010C89
010CD5
010D22
010D6F
010DBB
010E08
010E55
010EA3
010EF0
010F3D
010F8B
010FD8
011026
011074
0110C2
011110
01115E
0111AD
0111FB
01124A
011298
0112E7
011336
011385
0113D4
011423
011473
0114C2
011512
011562
0115B1
011601
011652
0116A2
0116F2
011742
011793
0117E4
011834
011885
0118D6
011928
011979
0119CA
011A1C
011A6D
011ABF
011B11
011B63
011BB5
011C07
011C5A
011CAC
011CFF
011D52
011DA4
011DF7
011E4A
011E9E
011EF1
011F45
011F98
011FEC
012040
012094
0120E8
01213C
012190
0121E5
01223A
01228E
0122E3
012338
01238D
0123E3
012438
01248D
0124E3
012539
01258F
0125E5
01263B
012691
0126E8
01273E
012795
0127EC
012843
01289A
0128F1
012948
0129A0
0129F7
012A4F
012AA7
012AFF
012B57
012BAF
012C08
012C60
012CB9
012D12
012D6B
012DC4
012E1D
012E76
012ED0
012F29
012F83
012FDD
013037
013091
0130EB
013146
0131A0
0131FB
013256
0132B1
01330C
013367
0133C3
01341E
01347A
0134D6
013532
01358E
0135EA
013647
0136A3
013700
01375D
0137BA
013817
013874
0138D2
01392F
01398D
0139EB
013A49
013AA7
013B05
013B64
013BC2
013C21
013C80
013CDF
013D3E
013D9D
013DFD
013E5C
013EBC
013F1C
013F7C
013FDC
01403D
01409D
0140FE
01415E
0141BF
014221
014282
0142E3
014345
0143A6
014408
01446A
0144CC
01452F
014591
0145F4
014657
0146BA
01471D
014780
0147E3
014847
0148AB
01490F
014973
0149D7
014A3B
014AA0
014B04
014B69
014BCE
014C33
014C99
014CFE
014D64
014DC9
014E2F
014E96
014EFC
014F62
014FC9
015030
015096
0150FE
015165
0151CC
015234
01529C
015303
01536C
0153D4
01543C
0154A5
01550D
015576
0155DF
015649
0156B2
01571C
015785
0157EF
015859
0158C4
01592E
015999
015A03
015A6E
015AD9
015B45
015BB0
015C1C
015C88
015CF3
015D60
015DCC
015E38
015EA5
015F12
015F7F
015FEC
01605A
0160C7
016135
0161A3
016211
01627F
0162ED
01635C
0163CB
01643A
0164A9
016518
016588
0165F7
016667
0166D7
016748
0167B8
016829
016899
01690A
01697C
0169ED
016A5E
016AD0
016B42
016BB4
016C26
016C99
016D0B
016D7E
016DF1
016E64
016ED8
016F4B
016FBF
017033
0170A7
01711C
017190
017205
01727A
0172EF
017364
0173DA
01744F
0174C5
01753B
0175B2
017628
01769F
017716
01778D
017804
01787B
0178F3
01796B
0179E3
017A5B
017AD4
017B4C
017BC5
017C3E
017CB7
017D31
017DAB
017E24
017E9E
017F19
017F93
01800E
018089
018104
01817F
0181FB
018276
0182F2
01836E
0183EB
018467
0184E4
018561
0185DE
01865B
0186D9
018757
0187D5
018853
0188D1
018950
0189CF
018A4E
018ACD
018B4D
018BCC
018C4C
018CCC
018D4D
018DCD
018E4E
018ECF
018F50
018FD2
019053
0190D5
019157
0191DA
01925C
0192DF
019362
0193E5
019469
0194EC
019570
0195F4
019679
0196FD
019782
019807
01988C
019912
019998
019A1E
019AA4
019B2A
019BB1
019C38
019CBF
019D46
019DCE
019E55
019EDD
019F66
019FEE
01A077
01A100
01A189
01A212
01A29C
01A326
01A3B0
01A43B
01A4C5
01A550
01A5DB
01A667
01A6F2
01A77E
01A80A
01A896
01A923
01A9B0
01AA3D
01AACA
01AB58
01ABE5
01AC74
01AD02
01AD90
01AE1F
01AEAE
01AF3D
01AFCD
01B05D
01B0ED
01B17D
01B20E
01B29E
01B330
01B3C1
01B452
01B4E4
01B576
01B609
01B69B
01B72E
01B7C1
01B855
01B8E8
01B97C
01BA10
01BAA5
01BB39
01BBCE
01BC64
01BCF9
01BD8F
01BE25
01BEBB
01BF52
01BFE8
01C07F
01C117
01C1AE
01C246
01C2DE
01C377
01C410
01C4A9
01C542
01C5DB
01C675
01C70F
01C7AA
01C844
01C8DF
01C97A
01CA16
01CAB1
01CB4D
01CBEA
01CC86
01CD23
01CDC0
01CE5E
01CEFB
01CF99
01D038
01D0D6
01D175
01D214
01D2B4
01D353
01D3F3
01D494
01D534
01D5D5
01D676
01D718
01D7BA
01D85C
01D8FE
01D9A1
01DA44
01DAE7
01DB8A
01DC2E
01DCD2
01DD77
01DE1C
01DEC1
01DF66
01E00C
01E0B2
01E158
01E1FE
01E2A5
01E34C
01E3F4
01E49C
01E544
01E5EC
01E695
01E73E
01E7E7
01E891
01E93B
01E9E5
01EA90
01EB3B
01EBE6
01EC92
01ED3E
01EDEA
01EE96
01EF43
01EFF0
01F09E
01F14C
01F1FA
01F2A8
01F357
01F406
01F4B5
01F565
01F615
01F6C6
01F776
01F828
01F8D9
01F98B
01FA3D
01FAEF
01FBA2
01FC55
01FD08
01FDBC
01FE70
01FF25
01FFDA
02008F
020144
0201FA
0202B0
020367
02041E
0204D5
02058C
020644
0206FC
0207B5
02086E
020927
0209E1
020A9B
020B55
020C10
020CCB
020D87
020E42
020EFF
020FBB
021078
021135
0211F3
0212B1
02136F
02142E
0214ED
0215AC
02166C
02172C
0217ED
0218AE
02196F
021A31
021AF3
021BB5
021C78
021D3B
021DFF
021EC3
021F87
02204C
022111
0221D6
02229C
022362
022429
0224F0
0225B7
02267F
022747
022810
0228D9
0229A2
022A6C
022B36
022C01
022CCC
022D97
022E63
022F2F
022FFB
0230C8
023196
023264
023332
023400
0234CF
02359F
02366F
02373F
02380F
0238E1
0239B2
023A84
023B56
023C29
023CFC
023DD0
023EA4
023F78
02404D
024122
0241F8
0242CE
0243A5
02447C
024553
02462B
024703
0247DC
0248B5
02498F
024A69
024B43
024C1E
024CFA
024DD6
024EB2
024F8F
02506C
025149
025227
025306
0253E5
0254C4
0255A4
025685
025765
025847
025928
025A0B
025AED
025BD0
025CB4
025D98
025E7C
025F61
026047
02612D
026213
0262FA
0263E1
0264C9
0265B2
02669A
026784
02686E
026958
026A43
026B2E
026C19
026D06
026DF2
026EE0
026FCD
0270BB
0271AA
027299
027389
027479
02756A
02765B
02774D
02783F
027932
027A25
027B19
027C0D
027D02
027DF7
027EED
027FE3
0280DA
0281D1
0282C9
0283C2
0284BB
0285B4
0286AE
0287A9
0288A4
02899F
028A9C
028B98
028C95
028D93
028E92
028F90
029090
029190
029290
029391
029493
029595
029698
02979B
02989F
0299A3
029AA8
029BAE
029CB4
029DBB
029EC2
029FCA
02A0D2
02A1DB
02A2E5
02A3EF
02A4FA
02A605
02A711
02A81D
02A92A
02AA38
02AB46
02AC55
02AD64
02AE74
02AF85
02B096
02B1A8
02B2BA
02B3CE
02B4E1
02B5F5
02B70A
02B820
02B936
02BA4D
02BB64
02BC7C
02BD94
02BEAE
02BFC7
02C0E2
02C1FD
02C319
02C435
02C552
02C670
02C78E
02C8AD
02C9CC
02CAED
02CC0E
02CD2F
02CE51
02CF74
02D097
02D1BC
02D2E0
02D406
02D52C
02D653
02D77A
02D8A2
02D9CB
02DAF5
02DC1F
02DD4A
02DE75
02DFA2
02E0CE
02E1FC
02E32A
02E459
02E589
02E6B9
02E7EA
02E91C
02EA4F
02EB82
02ECB6
02EDEB
02EF20
02F056
02F18D
02F2C4
02F3FC
02F535
02F66F
02F7A9
02F8E5
02FA20
02FB5D
02FC9A
02FDD9
02FF17
030057
030197
0302D9
03041A
03055D
0306A0
0307E5
030929
030A6F
030BB6
030CFD
030E45
030F8E
0310D7
031222
03136D
0314B9
031605
031753
0318A1
0319F0
031B40
031C91
031DE2
031F35
032088
0321DC
032331
032486
0325DD
032734
03288C
0329E5
032B3F
032C9A
032DF5
032F51
0330AE
03320C
03336B
0334CB
03362C
03378D
0338EF
033A53
033BB7
033D1B
033E81
033FE8
034150
0342B8
034421
03458C
0346F7
034863
0349D0
034B3E
034CAC
034E1C
034F8D
0350FE
035271
0353E4
035558
0356CD
035844
0359BB
035B33
035CAC
035E26
035FA1
03611C
036299
036417
036596
036715
036896
036A18
036B9A
036D1E
036EA3
037028
0371AF
037336
0374BF
037649
0377D3
03795F
037AEC
037C79
037E08
037F98
038128
0382BA
03844D
0385E1
038776
03890C
038AA3
038C3B
038DD4
038F6E
03910A
0392A6
039444
0395E2
039782
039922
039AC4
039C67
039E0B
039FB0
03A157
03A2FE
03A4A6
03A650
03A7FB
03A9A7
03AB54
03AD02
03AEB1
03B062
03B213
03B3C6
03B57A
03B72F
03B8E5
03BA9D
03BC55
03BE0F
03BFCA
03C186
03C344
03C503
03C6C2
03C883
03CA46
03CC09
03CDCE
03CF94
03D15B
03D324
03D4ED
03D6B8
03D884
03DA52
03DC21
03DDF1
03DFC2
03E195
03E368
03E53E
03E714
03E8EC
03EAC5
03EC9F
03EE7B
03F058
03F236
03F416
03F5F7
03F7DA
03F9BD
03FBA2
03FD89
03FF71
04015A
040345
040531
04071E
04090D
040AFD
040CEF
040EE2
0410D6
0412CC
0414C3
0416BC
0418B6
041AB2
041CAF
041EAD
0420AD
0422AF
0424B2
0426B6
0428BC
042AC4
042CCD
042ED7
0430E3
0432F1
043500
043710
043923
043B36
043D4B
043F62
04417B
044395
0445B0
0447CD
0449EC
044C0C
044E2E
045052
045277
04549E
0456C6
0458F0
045B1C
045D4A
045F79
0461AA
0463DC
046610
046846
046A7E
046CB7
046EF2
04712E
04736D
0475AD
0477EF
047A33
047C78
047EBF
048108
048353
0485A0
0487EE
048A3F
048C91
048EE4
04913A
049392
0495EB
049846
049AA4
049D03
049F64
04A1C6
04A42B
04A692
04A8FA
04AB65
04ADD1
04B040
04B2B0
04B522
04B797
04BA0D
04BC85
04BEFF
04C17C
04C3FA
04C67A
04C8FD
04CB81
04CE08
04D090
04D31B
04D5A8
04D837
04DAC7
04DD5B
04DFF0
04E287
04E521
04E7BC
04EA5A
04ECFA
04EF9C
04F241
04F4E7
04F790
04FA3B
04FCE8
04FF98
05024A
0504FE
0507B4
050A6D
050D28
050FE5
0512A5
051567
05182B
051AF2
051DBB
052087
052355
052625
0528F8
052BCD
052EA4
05317E
05345B
05373A
053A1B
053D00
053FE6
0542CF
0545BB
0548A9
054B9A
054E8D
055183
05547C
055777
055A75
055D75
056078
05637E
056687
056992
056CA0
056FB1
0572C4
0575DA
0578F3
057C0F
057F2E
05824F
058573
05889B
058BC5
058EF1
059221
059554
059889
059BC2
059EFD
05A23C
05A57D
05A8C2
05AC09
05AF54
05B2A1
05B5F2
05B946
05BC9C
05BFF6
05C353
05C6B4
05CA17
05CD7D
05D0E7
05D454
05D7C4
05DB38
05DEAF
05E229
05E5A6
05E927
05ECAB
05F032
05F3BD
05F74B
05FADD
05FE72
06020A
0605A6
060946
060CE9
06108F
061439
0617E7
061B98
061F4D
062305
0626C1
062A81
062E45
06320C
0635D7
0639A6
063D78
06414F
064529
064907
064CE9
0650CE
0654B8
0658A6
065C97
06608D
066486
066884
066C86
06708B
067495
0678A3
067CB5
0680CC
0684E6
068905
068D28
06914F
06957A
0699AA
069DDF
06A217
06A654
06AA96
06AEDB
06B326
06B775
06BBC8
06C020
06C47D
06C8DE
06CD44
06D1AE
06D61E
06DA92
06DF0A
06E388
06E80A
06EC92
06F11E
06F5AF
06FA45
06FEE0
070380
070825
070CCF
07117E
071632
071AEC
071FAB
07246F
072938
072E06
0732DA
0737B3
073C92
074176
074660
074B4F
075043
07553E
075A3E
075F43
07644E
07695F
076E76
077392
0778B5
077DDD
07830B
07883F
078D79
0792BA
079800
079D4C
07A29F
07A7F8
07AD57
07B2BC
07B828
07BD9A
07C312
07C891
07CE16
07D3A2
07D935
07DECE
07E46E
07EA15
07EFC2
07F577
07FB32
0800F4
0806BD
080C8D
081264
081842
081E28
082415
082A09
083004
083607
083C11
084222
08483C
084E5C
085485
085AB5
0860ED
08672D
086D74
0873C4
087A1B
08807B
0886E3
088D52
0893CA
089A4B
08A0D4
08A765
08ADFF
08B4A1
08BB4C
08C1FF
08C8BB
08CF80
08D64E
08DD25
08E405
08EAEE
08F1E0
08F8DB
08FFE0
0906EE
090E06
091526
091C51
092385
092AC3
09320B
09395C
0940B8
09481E
094F8D
095707
095E8C
09661A
096DB3
097557
097D05
0984BE
098C82
099451
099C2A
09A40F
09ABFF
09B3FA
09BC00
09C412
09CC30
09D459
09DC8D
09E4CE
09ED1A
09F573
09FDD7
0A0648
0A0EC5
0A174F
0A1FE5
0A2888
0A3137
0A39F4
0A42BD
0A4B94
0A5477
0A5D68
0A6667
0A6F73
0A788C
0A81B4
0A8AE9
0A942C
0A9D7E
0AA6DE
0AB04C
0AB9C9
0AC354
0ACCEF
0AD698
0AE050
0AEA18
0AF3EE
0AFDD5
0B07CB
0B11D0
0B1BE6
0B260C
0B3042
0B3A88
0B44DF
0B4F47
0B59BF
0B6449
0B6EE3
0B798F
0B844D
0B8F1C
0B99FD
0BA4F0
0BAFF5
0BBB0C
0BC636
0BD173
0BDCC2
0BE825
0BF39B
0BFF24
0C0AC1
0C1672
0C2237
0C2E10
0C39FE
0C4600
0C5218
0C5E44
0C6A85
0C76DC
0C8349
0C8FCC
0C9C65
0CA914
0CB5DA
0CC2B7
0CCFAB
0CDCB6
0CE9D9
0CF714
0D0467
0D11D3
0D1F57
0D2CF3
0D3AA9
0D4879
0D5662
0D6465
0D7283
0D80BB
0D8F0E
0D9D7C
0DAC06
0DBAAB
0DC96C
0DD84A
0DE745
0DF65C
0E0591
0E14E4
0E2454
0E33E3
0E4391
0E535E
0E634B
0E7357
0E8383
0E93D0
0EA43E
0EB4CD
0EC57E
0ED651
0EE747
0EF860
0F099C
0F1AFC
0F2C80
0F3E29
0F4FF7
0F61EB
0F7405
0F8645
0F98AC
0FAB3B
0FBDF2
0FD0D2
0FE3DA
0FF70C
100A69
101DF0
1031A2
10457F
10598A
106DC1
108225
1096B8
10AB79
10C06A
10D58B
10EADC
11005F
111613
112BFA
114215
115863
116EE6
11859F
119C8E
11B3B4
11CB11
11E2A8
11FA77
121281
122AC5
124346
125C03
1274FE
128E37
12A7B0
12C169
12DB63
12F5A0
131020
132AE4
1345ED
13613D
137CD5
1398B4
13B4DE
13D152
13EE13
140B20
14287C
144628
146424
148273
14A115
14C00C
14DF59
14FEFE
151EFC
153F55
15600A
15811C
15A28E
15C461
15E696
16092F
162C2E
164F95
167365
1697A0
16BC49
16E161
1706EA
172CE6
175358
177A41
17A1A3
17C981
17F1DD
181ABA
18441A
186DFE
18986B
18C362
18EEE6
191AFA
1947A1
1974DD
19A2B1
19D121
1A0030
1A2FE0
1A6035
1A9133
1AC2DC
1AF535
1B2841
1B5C04
1B9081
1BC5BD
1BFBBC
1C3282
1C6A13
1CA273
1CDBA8
1D15B6
1D50A1
1D8C70
0024C8
0024CF
0024D7
0024DE
0024E5
0024EC
0024F4
0024FB
002502
002509
002511
002518
00251F
002527
00252E
002535
00253D
002544
00254B
002553
00255A
002561
002569
002570
002577
00257F
002586
00258E
002595
00259C
0025A4
0025AB
0025B3
0025BA
0025C2
0025C9
0025D0
0025D8
0025DF
0025E7
0025EE
0025F6
0025FD
002605
00260C
002614
00261B
002623
00262A
002632
002639
002641
002648
002650
002658
00265F
002667
00266E
002676
00267D
002685
00268D
002694
00269C
0026A4
0026AB
0026B3
0026BA
0026C2
0026CA
0026D1
0026D9
0026E1
0026E8
0026F0
0026F8
0026FF
002707
00270F
002717
00271E
002726
00272E
002736
00273D
002745
00274D
002755
00275C
002764
00276C
002774
00277C
002783
00278B
002793
00279B
0027A3
0027AB
0027B2
0027BA
0027C2
0027CA
0027D2
0027DA
0027E2
0027EA
0027F1
0027F9
002801
002809
002811
002819
002821
002829
002831
002839
002841
002849
002851
002859
002861
002869
002871
002879
002881
002889
002891
002899
0028A1
0028A9
0028B1
0028B9
0028C1
0028C9
0028D1
0028DA
0028E2
0028EA
0028F2
0028FA
002902
00290A
002912
00291B
002923
00292B
002933
00293B
002943
00294C
002954
00295C
002964
00296C
002975
00297D
002985
00298D
002996
00299E
0029A6
0029AE
0029B7
0029BF
0029C7
0029D0
0029D8
0029E0
0029E9
0029F1
0029F9
002A02
002A0A
002A12
002A1B
002A23
002A2B
002A34
002A3C
002A45
002A4D
002A55
002A5E
002A66
002A6F
002A77
002A80
002A88
002A91
002A99
002AA1
002AAA
002AB2
002ABB
002AC3
002ACC
002AD5
002ADD
002AE6
002AEE
002AF7
002AFF
002B08
002B10
002B19
002B22
002B2A
002B33
002B3B
002B44
002B4D
002B55
002B5E
002B67
002B6F
002B78
002B81
002B89
002B92
002B9B
002BA3
002BAC
002BB5
002BBD
002BC6
002BCF
002BD8
002BE0
002BE9
002BF2
002BFB
002C03
002C0C
002C15
002C1E
002C27
002C2F
002C38
002C41
002C4A
002C53
002C5C
002C65
002C6D
002C76
002C7F
002C88
002C91
002C9A
002CA3
002CAC
002CB5
002CBE
002CC7
002CCF
002CD8
002CE1
002CEA
002CF3
002CFC
002D05
002D0E
002D17
002D20
002D29
002D32
002D3B
002D45
002D4E
002D57
002D60
002D69
002D72
002D7B
002D84
002D8D
002D96
002DA0
002DA9
002DB2
002DBB
002DC4
002DCD
002DD6
002DE0
002DE9
002DF2
002DFB
002E04
002E0E
002E17
002E20
002E29
002E33
002E3C
002E45
002E4E
002E58
002E61
002E6A
002E74
002E7D
002E86
002E90
002E99
002EA2
002EAC
002EB5
002EBE
002EC8
002ED1
002EDB
002EE4
002EED
002EF7
002F00
002F0A
002F13
002F1D
002F26
002F30
002F39
002F43
002F4C
002F56
002F5F
002F69
002F72
002F7C
002F85
002F8F
002F98
002FA2
002FAC
002FB5
002FBF
002FC8
002FD2
002FDC
002FE5
002FEF
002FF8
003002
00300C
003015
00301F
003029
003033
00303C
003046
003050
003059
003063
00306D
003077
003080
00308A
003094
00309E
0030A8
0030B1
0030BB
0030C5
0030CF
0030D9
0030E2
0030EC
0030F6
003100
00310A
003114
00311E
003128
003132
00313B
003145
00314F
003159
003163
00316D
003177
003181
00318B
003195
00319F
0031A9
0031B3
0031BD
0031C7
0031D1
0031DB
0031E6
0031F0
0031FA
003204
00320E
003218
003222
00322C
003236
003241
00324B
003255
00325F
003269
003273
00327E
003288
003292
00329C
0032A7
0032B1
0032BB
0032C5
0032D0
0032DA
0032E4
0032EF
0032F9
003303
00330D
003318
003322
00332D
003337
003341
00334C
003356
003360
00336B
003375
003380
00338A
003395
00339F
0033A9
0033B4
0033BE
0033C9
0033D3
0033DE
0033E8
0033F3
0033FE
003408
003413
00341D
003428
003432
00343D
003448
003452
00345D
003467
003472
00347D
003487
003492
00349D
0034A7
0034B2
0034BD
0034C8
0034D2
0034DD
0034E8
0034F2
0034FD
003508
003513
00351E
003528
003533
00353E
003549
003554
00355F
003569
003574
00357F
00358A
003595
0035A0
0035AB
0035B6
0035C1
0035CC
0035D6
0035E1
0035EC
0035F7
003602
00360D
003618
003623
00362E
003639
003645
003650
00365B
003666
003671
00367C
003687
003692
00369D
0036A8
0036B4
0036BF
0036CA
0036D5
0036E0
0036EB
0036F7
003702
00370D
003718
003724
00372F
00373A
003745
003751
00375C
003767
003773
00377E
003789
003795
0037A0
0037AB
0037B7
0037C2
0037CD
0037D9
0037E4
0037F0
0037FB
003807
003812
00381D
003829
003834
003840
00384B
003857
003862
00386E
00387A
003885
003891
00389C
0038A8
0038B3
0038BF
0038CB
0038D6
0038E2
0038EE
0038F9
003905
003911
00391C
003928
003934
00393F
00394B
003957
003963
00396E
00397A
003986
003992
00399E
0039A9
0039B5
0039C1
0039CD
0039D9
0039E5
0039F1
0039FC
003A08
003A14
003A20
003A2C
003A38
003A44
003A50
003A5C
003A68
003A74
003A80
003A8C
003A98
003AA4
003AB0
003ABC
003AC8
003AD4
003AE0
003AED
003AF9
003B05
003B11
003B1D
003B29
003B35
003B42
003B4E
003B5A
003B66
003B72
003B7F
003B8B
003B97
003BA3
003BB0
003BBC
003BC8
003BD5
003BE1
003BED
003BFA
003C06
003C12
003C1F
003C2B
003C38
003C44
003C50
003C5D
003C69
003C76
003C82
003C8F
003C9B
003CA8
003CB4
003CC1
003CCD
003CDA
003CE6
003CF3
003D00
003D0C
003D19
003D25
003D32
003D3F
003D4B
003D58
003D65
003D71
003D7E
003D8B
003D97
003DA4
003DB1
003DBE
003DCA
003DD7
003DE4
003DF1
003DFE
003E0A
003E17
003E24
003E31
003E3E
003E4B
003E58
003E64
003E71
003E7E
003E8B
003E98
003EA5
003EB2
003EBF
003ECC
003ED9
003EE6
003EF3
003F00
003F0D
003F1A
003F27
003F35
003F42
003F4F
003F5C
003F69
003F76
003F83
003F91
003F9E
003FAB
003FB8
003FC5
003FD3
003FE0
003FED
003FFA
004008
004015
004022
004030
00403D
00404A
004058
004065
004072
004080
00408D
00409B
0040A8
0040B5
0040C3
0040D0
0040DE
0040EB
0040F9
004106
004114
004121
00412F
00413D
00414A
004158
004165
004173
004181
00418E
00419C
0041AA
0041B7
0041C5
0041D3
0041E0
0041EE
0041FC
00420A
004217
004225
004233
004241
00424E
00425C
00426A
004278
004286
004294
0042A2
0042B0
0042BD
0042CB
0042D9
0042E7
0042F5
004303
004311
00431F
00432D
00433B
004349
004357
004365
004374
004382
004390
00439E
0043AC
0043BA
0043C8
0043D7
0043E5
0043F3
004401
00440F
00441E
00442C
00443A
004448
004457
004465
004473
004482
004490
00449E
0044AD
0044BB
0044CA
0044D8
0044E6
0044F5
004503
004512
004520
00452F
00453D
00454C
00455A
004569
004577
004586
004595
0045A3
0045B2
0045C0
0045CF
0045DE
0045EC
0045FB
00460A
004618
004627
004636
004645
004653
004662
004671
004680
00468F
00469D
0046AC
0046BB
0046CA
0046D9
0046E8
0046F7
004706
004715
004724
004733
004742
004751
004760
00476F
00477E
00478D
00479C
0047AB
0047BA
0047C9
0047D8
0047E7
0047F6
004806
004815
004824
004833
004842
004852
004861
004870
00487F
00488F
00489E
0048AD
0048BD
0048CC
0048DB
0048EB
0048FA
00490A
004919
004929
004938
004947
004957
004966
004976
004985
004995
0049A5
0049B4
0049C4
0049D3
0049E3
0049F3
004A02
004A12
004A22
004A31
004A41
004A51
004A60
004A70
004A80
004A90
004A9F
004AAF
004ABF
004ACF
004ADF
004AEF
004AFF
004B0E
004B1E
004B2E
004B3E
004B4E
004B5E
004B6E
004B7E
004B8E
004B9E
004BAE
004BBE
004BCE
004BDE
004BEF
004BFF
004C0F
004C1F
004C2F
004C3F
004C4F
004C60
004C70
004C80
004C90
004CA1
004CB1
004CC1
004CD2
004CE2
004CF2
004D03
004D13
004D23
004D34
004D44
004D55
004D65
004D76
004D86
004D97
004DA7
004DB8
004DC8
004DD9
004DEA
004DFA
004E0B
004E1B
004E2C
004E3D
004E4D
004E5E
004E6F
004E80
004E90
004EA1
004EB2
004EC3
004ED3
004EE4
004EF5
004F06
004F17
004F28
004F39
004F4A
004F5A
004F6B
004F7C
004F8D
004F9E
004FAF
004FC0
004FD1
004FE3
004FF4
005005
005016
005027
005038
005049
00505A
00506C
00507D
00508E
00509F
0050B1
0050C2
0050D3
0050E5
0050F6
005107
005119
00512A
00513B
00514D
00515E
005170
005181
005193
0051A4
0051B6
0051C7
0051D9
0051EA
0051FC
00520D
00521F
005231
005242
005254
005266
005277
005289
00529B
0052AD
0052BE
0052D0
0052E2
0052F4
005306
005318
005329
00533B
00534D
00535F
005371
005383
005395
0053A7
0053B9
0053CB
0053DD
0053EF
005401
005413
005425
005438
00544A
00545C
00546E
005480
005493
0054A5
0054B7
0054C9
0054DC
0054EE
005500
005513
005525
005537
00554A
00555C
00556F
005581
005594
0055A6
0055B9
0055CB
0055DE
0055F0
005603
005615
005628
00563B
00564D
005660
005673
005685
005698
0056AB
0056BE
0056D0
0056E3
0056F6
005709
00571C
00572F
005741
005754
005767
00577A
00578D
0057A0
0057B3
0057C6
0057D9
0057EC
0057FF
005812
005826
005839
00584C
00585F
005872
005885
005899
0058AC
0058BF
0058D2
0058E6
0058F9
00590C
005920
005933
005947
00595A
00596D
005981
005994
0059A8
0059BB
0059CF
0059E2
0059F6
005A0A
005A1D
005A31
005A45
005A58
005A6C
005A80
005A93
005AA7
005ABB
005ACF
005AE2
005AF6
005B0A
005B1E
005B32
005B46
005B5A
005B6E
005B82
005B96
005BAA
005BBE
005BD2
005BE6
005BFA
005C0E
005C22
005C36
005C4A
005C5E
005C73
005C87
005C9B
005CAF
005CC4
005CD8
005CEC
005D01
005D15
005D29
005D3E
005D52
005D67
005D7B
005D90
005DA4
005DB9
005DCD
005DE2
005DF6
005E0B
005E1F
005E34
005E49
005E5E
005E72
005E87
005E9C
005EB0
005EC5
005EDA
005EEF
005F04
005F19
005F2E
005F42
005F57
005F6C
005F81
005F96
005FAB
005FC0
005FD5
005FEB
006000
006015
00602A
00603F
006054
006069
00607F
006094
0060A9
0060BF
0060D4
0060E9
0060FF
006114
006129
00613F
006154
00616A
00617F
006195
0061AA
0061C0
0061D5
0061EB
006201
006216
00622C
006242
006257
00626D
006283
006299
0062AE
0062C4
0062DA
0062F0
006306
00631C
006332
006348
00635E
006374
00638A
0063A0
0063B6
0063CC
0063E2
0063F8
00640E
006424
00643B
006451
006467
00647D
006494
0064AA
0064C0
0064D7
0064ED
006503
00651A
006530
006547
00655D
006574
00658A
0065A1
0065B7
0065CE
0065E5
0065FB
006612
006629
00663F
006656
00666D
006684
00669A
0066B1
0066C8
0066DF
0066F6
00670D
006724
00673B
006752
006769
006780
006797
0067AE
0067C5
0067DC
0067F4
00680B
006822
006839
006850
006868
00687F
006896
0068AE
0068C5
0068DD
0068F4
00690B
006923
00693A
006952
006969
006981
006999
0069B0
0069C8
0069E0
0069F7
006A0F
006A27
006A3F
006A56
006A6E
006A86
006A9E
006AB6
006ACE
006AE6
006AFE
006B16
006B2E
006B46
006B5E
006B76
006B8E
006BA6
006BBE
006BD6
006BEF
006C07
006C1F
006C37
006C50
006C68
006C80
006C99
006CB1
006CCA
006CE2
006CFB
006D13
006D2C
006D44
006D5D
006D76
006D8E
006DA7
006DC0
006DD8
006DF1
006E0A
006E23
006E3B
006E54
006E6D
006E86
006E9F
006EB8
006ED1
006EEA
006F03
006F1C
006F35
006F4E
006F67
006F81
006F9A
006FB3
006FCC
006FE6
006FFF
007018
007032
00704B
007064
00707E
007097
0070B1
0070CA
0070E4
0070FD
007117
007131
00714A
007164
00717E
007197
0071B1
0071CB
0071E5
0071FE
007218
007232
00724C
007266
007280
00729A
0072B4
0072CE
0072E8
007302
00731C
007337
007351
00736B
007385
0073A0
0073BA
0073D4
0073EF
007409
007423
00743E
007458
007473
00748D
0074A8
0074C2
0074DD
0074F8
007512
00752D
007548
007563
00757D
007598
0075B3
0075CE
0075E9
007604
00761F
00763A
007655
007670
00768B
0076A6
0076C1
0076DC
0076F7
007712
00772E
007749
007764
007780
00779B
0077B6
0077D2
0077ED
007809
007824
007840
00785B
007877
007893
0078AE
0078CA
0078E6
007901
00791D
007939
007955
007971
00798C
0079A8
0079C4
0079E0
0079FC
007A18
007A34
007A51
007A6D
007A89
007AA5
007AC1
007ADD
007AFA
007B16
007B32
007B4F
007B6B
007B88
007BA4
007BC1
007BDD
007BFA
007C16
007C33
007C50
007C6C
007C89
007CA6
007CC2
007CDF
007CFC
007D19
007D36
007D53
007D70
007D8D
007DAA
007DC7
007DE4
007E01
007E1E
007E3B
007E59
007E76
007E93
007EB0
007ECE
007EEB
007F08
007F26
007F43
007F61
007F7E
007F9C
007FBA
007FD7
007FF5
008013
008030
00804E
00806C
00808A
0080A7
0080C5
0080E3
008101
00811F
00813D
00815B
008179
008198
0081B6
0081D4
0081F2
008210
00822F
00824D
00826B
00828A
0082A8
0082C7
0082E5
008304
008322
008341
00835F
00837E
00839D
0083BB
0083DA
0083F9
008418
008437
008455
008474
008493
0084B2
0084D1
0084F0
00850F
00852F
00854E
00856D
00858C
0085AB
0085CB
0085EA
008609
008629
008648
008668
008687
0086A7
0086C6
0086E6
008706
008725
008745
008765
008785
0087A4
0087C4
0087E4
008804
008824
008844
008864
008884
0088A4
0088C4
0088E4
008905
008925
008945
008966
008986
0089A6
0089C7
0089E7
008A08
008A28
008A49
008A69
008A8A
008AAB
008ACB
008AEC
008B0D
008B2E
008B4F
008B70
008B91
008BB1
008BD2
008BF4
008C15
008C36
008C57
008C78
008C99
008CBB
008CDC
008CFD
008D1F
008D40
008D62
008D83
008DA5
008DC6
008DE8
008E09
008E2B
008E4D
008E6F
008E90
008EB2
008ED4
008EF6
008F18
008F3A
008F5C
008F7E
008FA0
008FC2
008FE4
009007
009029
00904B
00906E
009090
0090B2
0090D5
0090F7
00911A
00913C
00915F
009182
0091A4
0091C7
0091EA
00920D
00922F
009252
009275
009298
0092BB
0092DE
009301
009324
009348
00936B
00938E
0093B1
0093D5
0093F8
00941B
00943F
009462
009486
0094A9
0094CD
0094F1
009514
009538
00955C
009580
0095A4
0095C7
0095EB
00960F
009633
009657
00967C
0096A0
0096C4
0096E8
00970C
009731
009755
009779
00979E
0097C2
0097E7
00980B
009830
009855
009879
00989E
0098C3
0098E8
00990C
009931
009956
00997B
0099A0
0099C5
0099EA
009A10
009A35
009A5A
009A7F
009AA5
009ACA
009AEF
009B15
009B3A
009B60
009B85
009BAB
009BD1
009BF6
009C1C
009C42
009C68
009C8E
009CB4
009CDA
009D00
009D26
009D4C
009D72
009D98
009DBE
009DE5
009E0B
009E31
009E58
009E7E
009EA5
009ECB
009EF2
009F19
009F3F
009F66
009F8D
009FB4
009FDA
00A001
00A028
00A04F
00A076
00A09D
00A0C5
00A0EC
00A113
00A13A
00A162
00A189
00A1B0
00A1D8
00A1FF
00A227
00A24E
00A276
00A29E
00A2C6
00A2ED
00A315
00A33D
00A365
00A38D
00A3B5
00A3DD
00A405
00A42D
00A455
00A47E
00A4A6
00A4CE
00A4F7
00A51F
00A548
00A570
00A599
00A5C1
00A5EA
00A613
00A63C
00A665
00A68D
00A6B6
00A6DF
00A708
00A731
00A75A
00A784
00A7AD
00A7D6
00A7FF
00A829
00A852
00A87C
00A8A5
00A8CF
00A8F8
00A922
00A94C
00A975
00A99F
00A9C9
00A9F3
00AA1D
00AA47
00AA71
00AA9B
00AAC5
00AAF0
00AB1A
00AB44
00AB6E
00AB99
00ABC3
00ABEE
00AC18
00AC43
00AC6E
00AC98
00ACC3
00ACEE
00AD19
00AD44
00AD6F
00AD9A
00ADC5
00ADF0
00AE1B
00AE46
00AE72
00AE9D
00AEC8
00AEF4
00AF1F
00AF4B
00AF76
00AFA2
00AFCE
00AFF9
00B025
00B051
00B07D
00B0A9
00B0D5
00B101
00B12D
00B159
00B185
00B1B2
00B1DE
00B20A
00B237
00B263
00B290
00B2BD
00B2E9
00B316
00B343
00B36F
00B39C
00B3C9
00B3F6
00B423
00B450
00B47D
00B4AB
00B4D8
00B505
00B533
00B560
00B58D
00B5BB
00B5E9
00B616
00B644
00B672
00B69F
00B6CD
00B6FB
00B729
00B757
00B785
00B7B3
00B7E2
00B810
00B83E
00B86C
00B89B
00B8C9
00B8F8
00B926
00B955
00B984
00B9B3
00B9E1
00BA10
00BA3F
00BA6E
00BA9D
00BACC
00BAFB
00BB2B
00BB5A
00BB89
00BBB9
00BBE8
00BC18
00BC47
00BC77
00BCA6
00BCD6
00BD06
00BD36
00BD66
00BD96
00BDC6
00BDF6
00BE26
00BE56
00BE86
00BEB7
00BEE7
00BF18
00BF48
00BF79
00BFA9
00BFDA
00C00B
00C03C
00C06C
00C09D
00C0CE
00C0FF
00C131
00C162
00C193
00C1C4
00C1F6
00C227
00C258
00C28A
00C2BC
00C2ED
00C31F
00C351
00C383
00C3B4
00C3E6
00C418
00C44B
00C47D
00C4AF
00C4E1
00C514
00C546
00C578
00C5AB
00C5DE
00C610
00C643
00C676
00C6A9
00C6DB
00C70E
00C741
00C775
00C7A8
00C7DB
00C80E
00C842
00C875
00C8A8
00C8DC
00C910
00C943
00C977
00C9AB
00C9DF
00CA13
00CA47
00CA7B
00CAAF
00CAE3
00CB17
00CB4C
00CB80
00CBB4
00CBE9
00CC1E
00CC52
00CC87
00CCBC
00CCF1
00CD26
00CD5A
00CD90
00CDC5
00CDFA
00CE2F
00CE64
00CE9A
00CECF
00CF05
00CF3A
00CF70
00CFA6
00CFDC
00D011
00D047
00D07D
00D0B3
00D0EA
00D120
00D156
00D18C
00D1C3
00D1F9
00D230
00D266
00D29D
00D2D4
00D30B
00D342
00D379
00D3B0
00D3E7
00D41E
00D455
00D48C
00D4C4
00D4FB
00D533
00D56A
00D5A2
00D5DA
00D612
00D649
00D681
00D6B9
00D6F1
00D72A
00D762
00D79A
00D7D3
00D80B
00D844
00D87C
00D8B5
00D8EE
00D926
00D95F
00D998
00D9D1
00DA0A
00DA43
00DA7D
00DAB6
00DAEF
00DB29
00DB62
00DB9C
00DBD6
00DC10
00DC49
00DC83
00DCBD
00DCF7
00DD31
00DD6C
00DDA6
00DDE0
00DE1B
00DE55
00DE90
00DECA
00DF05
00DF40
00DF7B
00DFB6
00DFF1
00E02C
00E067
00E0A3
00E0DE
00E119
00E155
00E190
00E1CC
00E208
00E244
00E27F
00E2BB
00E2F7
00E334
00E370
00E3AC
00E3E8
00E425
00E461
00E49E
00E4DB
00E517
00E554
00E591
00E5CE
00E60B
00E648
00E685
00E6C3
00E700
00E73E
00E77B
00E7B9
00E7F6
00E834
00E872
00E8B0
00E8EE
00E92C
00E96A
00E9A9
00E9E7
00EA25
00EA64
00EAA2
00EAE1
00EB20
00EB5F
00EB9E
00EBDD
00EC1C
00EC5B
00EC9A
00ECD9
00ED19
00ED58
00ED98
00EDD8
00EE17
00EE57
00EE97
00EED7
00EF17
00EF57
00EF98
00EFD8
00F018
00F059
00F099
00F0DA
00F11B
00F15C
00F19D
00F1DE
00F21F
00F260
00F2A1
00F2E3
00F324
00F366
00F3A7
00F3E9
00F42B
00F46D
00F4AF
00F4F1
00F533
00F575
00F5B7
00F5FA
00F63C
00F67F
00F6C1
00F704
00F747
00F78A
00F7CD
00F810
00F853
00F897
00F8DA
00F91E
00F961
00F9A5
00F9E8
00FA2C
00FA70
00FAB4
00FAF8
00FB3D
00FB81
00FBC5
00FC0A
00FC4E
00FC93
00FCD8
00FD1C
00FD61
00FDA6
00FDEB
00FE31
00FE76
00FEBB
00FF01
00FF46
00FF8C
00FFD2
010018
01005E
0100A4
0100EA
010130
010176
0101BD
010203
01024A
010291
0102D7
01031E
010365
0103AC
0103F3
01043B
010482
0104CA
010511
010559
0105A0
0105E8
010630
010678
0106C0
010709
010751
010799
0107E2
01082B
010873
0108BC
010905
01094E
010997
0109E0
010A2A
010A73
010ABD
010B06
010B50
010B9A
010BE4
010C2E
010C78
010CC2
010D0C
010D57
010DA1
010DEC
010E37
010E82
010ECC
010F17
010F63
010FAE
010FF9
011045
011090
0110DC
011127
011173
0111BF
01120B
011258
0112A4
0112F0
01133D
011389
0113D6
011423
011470
0114BD
01150A
011557
0115A4
0115F2
01163F
01168D
0116DA
011728
011776
0117C4
011812
011861
0118AF
0118FE
01194C
01199B
0119EA
011A39
011A88
011AD7
011B26
011B75
011BC5
011C14
011C64
011CB4
011D04
011D54
011DA4
011DF4
011E44
011E95
011EE5
011F36
011F87
011FD8
012029
01207A
0120CB
01211D
01216E
0121C0
012211
012263
0122B5
012307
012359
0123AB
0123FE
012450
0124A3
0124F6
012548
01259B
0125EE
012642
012695
0126E8
01273C
01278F
0127E3
012837
01288B
0128DF
012933
012988
0129DC
012A31
012A85
012ADA
012B2F
012B84
012BD9
012C2F
012C84
012CDA
012D2F
012D85
012DDB
012E31
012E87
012EDD
012F34
012F8A
012FE1
013037
01308E
0130E5
01313C
013194
0131EB
013242
01329A
0132F2
013349
0133A1
0133F9
013452
0134AA
013502
01355B
0135B4
01360D
013666
0136BF
013718
013771
0137CB
013824
01387E
0138D8
013932
01398C
0139E6
013A40
013A9B
013AF5
013B50
013BAB
013C06
013C61
013CBC
013D18
013D73
013DCF
013E2B
013E87
013EE3
013F3F
013F9B
013FF7
014054
0140B1
01410D
01416A
0141C7
014225
014282
0142E0
01433D
01439B
0143F9
014457
0144B5
014513
014572
0145D0
01462F
01468E
0146ED
01474C
0147AB
01480A
01486A
0148C9
014929
014989
0149E9
014A49
014AAA
014B0A
014B6B
014BCB
014C2C
014C8D
014CEF
014D50
014DB1
014E13
014E75
014ED6
014F38
014F9B
014FFD
01505F
0150C2
015125
015187
0151EA
01524E
0152B1
015314
015378
0153DC
01543F
0154A3
015508
01556C
0155D0
015635
01569A
0156FE
015764
0157C9
01582E
015893
0158F9
01595F
0159C5
015A2B
015A91
015AF7
015B5E
015BC4
015C2B
015C92
015CF9
015D61
015DC8
015E2F
015E97
015EFF
015F67
015FCF
016037
0160A0
016109
016171
0161DA
016243
0162AD
016316
01637F
0163E9
016453
0164BD
016527
016591
0165FC
016667
0166D1
01673C
0167A7
016813
01687E
0168EA
016955
0169C1
016A2D
016A99
016B06
016B72
016BDF
016C4C
016CB9
016D26
016D93
016E01
016E6E
016EDC
016F4A
016FB8
017027
017095
017104
017172
0171E1
017251
0172C0
01732F
01739F
01740F
01747F
0174EF
01755F
0175CF
017640
0176B1
017722
017793
017804
017876
0178E7
017959
0179CB
017A3D
017AAF
017B22
017B94
017C07
017C7A
017CED
017D61
017DD4
017E48
017EBC
017F30
017FA4
018018
01808D
018101
018176
0181EB
018261
0182D6
01834C
0183C1
018437
0184AD
018524
01859A
018611
018688
0186FF
018776
0187ED
018865
0188DD
018954
0189CD
018A45
018ABD
018B36
018BAF
018C28
018CA1
018D1A
018D94
018E0E
018E87
018F02
018F7C
018FF6
019071
0190EC
019167
0191E2
01925E
0192D9
019355
0193D1
01944D
0194C9
019546
0195C3
019640
0196BD
01973A
0197B7
019835
0198B3
019931
0199AF
019A2E
019AAC
019B2B
019BAA
019C29
019CA9
019D28
019DA8
019E28
019EA8
019F29
019FA9
01A02A
01A0AB
01A12C
01A1AE
01A22F
01A2B1
01A333
01A3B5
01A438
01A4BA
01A53D
01A5C0
01A643
01A6C7
01A74A
01A7CE
01A852
01A8D6
01A95B
01A9DF
01AA64
01AAE9
01AB6E
01ABF4
01AC79
01ACFF
01AD85
01AE0C
01AE92
01AF19
01AFA0
01B027
01B0AE
01B135
01B1BD
01B245
01B2CD
01B356
01B3DE
01B467
01B4F0
01B579
01B603
01B68C
01B716
01B7A0
01B82B
01B8B5
01B940
01B9CB
01BA56
01BAE1
01BB6D
01BBF9
01BC85
01BD11
01BD9D
01BE2A
01BEB7
01BF44
01BFD1
01C05F
01C0ED
01C17B
01C209
01C297
01C326
01C3B5
01C444
01C4D4
01C563
01C5F3
01C683
01C713
01C7A4
01C835
01C8C6
01C957
01C9E8
01CA7A
01CB0C
01CB9E
01CC30
01CCC3
01CD55
01CDE8
01CE7C
01CF0F
01CFA3
01D037
01D0CB
01D160
01D1F4
01D289
01D31E
01D3B4
01D449
01D4DF
01D575
01D60C
01D6A2
01D739
01D7D0
01D868
01D8FF
01D997
01DA2F
01DAC7
01DB60
01DBF8
01DC92
01DD2B
01DDC4
01DE5E
01DEF8
01DF92
01E02D
01E0C8
01E163
01E1FE
01E299
01E335
01E3D1
01E46D
01E50A
01E5A6
01E643
01E6E1
01E77E
01E81C
01E8BA
01E958
01E9F7
01EA96
01EB35
01EBD4
01EC74
01ED13
01EDB3
01EE54
01EEF4
01EF95
01F036
01F0D8
01F179
01F21B
01F2BE
01F360
01F403
01F4A6
01F549
01F5EC
01F690
01F734
01F7D8
01F87D
01F922
01F9C7
01FA6C
01FB12
01FBB8
01FC5E
01FD05
01FDAB
01FE52
01FEFA
01FFA1
020049
0200F1
02019A
020242
0202EB
020395
02043E
0204E8
020592
02063C
0206E7
020792
02083D
0208E9
020994
020A40
020AED
020B99
020C46
020CF3
020DA1
020E4F
020EFD
020FAB
02105A
021109
0211B8
021267
021317
0213C7
021478
021528
0215D9
02168B
02173C
0217EE
0218A0
021953
021A06
021AB9
021B6C
021C20
021CD4
021D88
021E3D
021EF1
021FA7
02205C
022112
0221C8
02227E
022335
0223EC
0224A3
02255B
022613
0226CB
022784
02283D
0228F6
0229B0
022A69
022B24
022BDE
022C99
022D54
022E0F
022ECB
022F87
023043
023100
0231BD
02327B
023338
0233F6
0234B4
023573
023632
0236F1
0237B1
023871
023931
0239F2
023AB3
023B74
023C36
023CF8
023DBA
023E7C
023F3F
024003
0240C6
02418A
02424E
024313
0243D8
02449D
024563
024629
0246EF
0247B6
02487D
024944
024A0C
024AD4
024B9C
024C65
024D2E
024DF8
024EC1
024F8C
025056
025121
0251EC
0252B8
025383
025450
02551C
0255E9
0256B7
025784
025852
025921
0259F0
025ABF
025B8E
025C5E
025D2E
025DFF
025ED0
025FA1
026073
026145
026217
0262EA
0263BD
026491
026565
026639
02670E
0267E3
0268B8
02698E
026A64
026B3B
026C12
026CE9
026DC1
026E99
026F72
02704A
027124
0271FD
0272D7
0273B2
02748D
027568
027643
02771F
0277FC
0278D9
0279B6
027A93
027B71
027C50
027D2E
027E0D
027EED
027FCD
0280AD
02818E
02826F
028351
028433
028515
0285F8
0286DB
0287BF
0288A3
028987
028A6C
028B52
028C37
028D1D
028E04
028EEB
028FD2
0290BA
0291A2
02928B
029374
02945D
029547
029632
02971C
029808
0298F3
0299DF
029ACC
029BB9
029CA6
029D94
029E82
029F71
02A060
02A14F
02A23F
02A330
02A421
02A512
02A604
02A6F6
02A7E9
02A8DC
02A9CF
02AAC3
02ABB8
02ACAD
02ADA2
02AE98
02AF8E
02B085
02B17C
02B274
02B36C
02B464
02B55E
02B657
02B751
02B84B
02B946
02BA42
02BB3E
02BC3A
02BD37
02BE34
02BF32
02C030
02C12F
02C22E
02C32E
02C42E
02C52E
02C62F
02C731
02C833
02C936
02CA39
02CB3C
02CC40
02CD45
02CE4A
02CF4F
02D055
02D15C
02D263
02D36A
02D472
02D57B
02D684
02D78E
02D898
02D9A2
02DAAD
02DBB9
02DCC5
02DDD1
02DEDF
02DFEC
02E0FA
02E209
02E318
02E428
02E538
02E649
02E75A
02E86C
02E97E
02EA91
02EBA5
02ECB8
02EDCD
02EEE2
02EFF7
02F10E
02F224
02F33B
02F453
02F56B
02F684
02F79D
02F8B7
02F9D2
02FAED
02FC08
02FD24
02FE41
02FF5E
03007C
03019A
0302B9
0303D9
0304F9
030619
03073A
03085C
03097E
030AA1
030BC5
030CE9
030E0D
030F32
031058
03117F
0312A5
0313CD
0314F5
03161E
031747
031871
03199B
031AC6
031BF2
031D1E
031E4B
031F79
0320A7
0321D5
032304
032434
032565
032696
0327C8
0328FA
032A2D
032B60
032C95
032DC9
032EFF
033035
03316B
0332A3
0333DB
033513
03364C
033786
0338C1
0339FC
033B38
033C74
033DB1
033EEF
03402D
03416C
0342AC
0343EC
03452D
03466E
0347B1
0348F4
034A37
034B7B
034CC0
034E06
034F4C
035093
0351DB
035323
03546C
0355B6
035700
03584B
035997
035AE3
035C30
035D7E
035ECC
03601B
03616B
0362BC
03640D
03655F
0366B2
036805
036959
036AAE
036C03
036D5A
036EB1
037008
037161
0372BA
037414
03756E
0376CA
037826
037982
037AE0
037C3E
037D9D
037EFD
03805D
0381BF
038321
038483
0385E7
03874B
0388B0
038A16
038B7C
038CE4
038E4C
038FB5
03911E
039289
0393F4
039560
0396CD
03983A
0399A8
039B17
039C87
039DF8
039F6A
03A0DC
03A24F
03A3C3
03A538
03A6AD
03A823
03A99B
03AB13
03AC8B
03AE05
03AF7F
03B0FB
03B277
03B3F4
03B571
03B6F0
03B86F
03B9F0
03BB71
03BCF3
03BE76
03BFF9
03C17E
03C303
03C489
03C611
03C799
03C921
03CAAB
03CC36
03CDC1
03CF4E
03D0DB
03D269
03D3F8
03D588
03D719
03D8AA
03DA3D
03DBD0
03DD65
03DEFA
03E090
03E227
03E3C0
03E559
03E6F2
03E88D
03EA29
03EBC6
03ED63
03EF02
03F0A1
03F242
03F3E3
03F586
03F729
03F8CD
03FA72
03FC18
03FDC0
03FF68
040111
0402BB
040466
040612
0407BF
04096D
040B1C
040CCC
040E7D
04102F
0411E2
041396
04154B
041701
0418B8
041A70
041C29
041DE3
041F9E
04215A
042317
0424D5
042695
042855
042A16
042BD9
042D9C
042F61
043126
0432ED
0434B5
04367E
043848
043A13
043BDF
043DAC
043F7A
044149
04431A
0444EB
0446BE
044892
044A67
044C3D
044E14
044FEC
0451C6
0453A0
04557C
045759
045937
045B16
045CF6
045ED7
0460BA
04629E
046483
046669
046850
046A39
046C22
046E0D
046FF9
0471E6
0473D5
0475C4
0477B5
0479A7
047B9B
047D8F
047F85
04817C
048374
04856E
048769
048964
048B62
048D60
048F60
049161
049363
049567
04976C
049972
049B79
049D82
049F8C
04A197
04A3A4
04A5B2
04A7C1
04A9D2
04ABE4
04ADF7
04B00C
04B222
04B439
04B652
04B86C
04BA87
04BCA4
04BEC2
04C0E2
04C303
04C525
04C748
04C96E
04CB94
04CDBC
04CFE5
04D210
04D43C
04D66A
04D899
04DAC9
04DCFB
04DF2E
04E163
04E399
04E5D1
04E80A
04EA45
04EC81
04EEBF
04F0FE
04F33F
04F581
04F7C4
04FA0A
04FC50
04FE99
0500E2
05032E
05057B
0507C9
050A19
050C6B
050EBE
051112
051369
0515C0
05181A
051A75
051CD2
051F30
052190
0523F1
052654
0528B9
052B20
052D88
052FF1
05325D
0534CA
053739
0539A9
053C1B
053E8F
054105
05437C
0545F5
05486F
054AEC
054D6A
054FEA
05526B
0554EF
055774
0559FB
055C84
055F0E
05619A
056428
0566B8
05694A
056BDD
056E73
05710A
0573A3
05763E
0578DB
057B79
057E1A
0580BC
058360
058606
0588AE
058B58
058E04
0590B2
059362
059613
0598C7
059B7D
059E34
05A0EE
05A3A9
05A667
05A926
05ABE8
05AEAB
05B171
05B438
05B702
05B9CE
05BC9B
05BF6B
05C23D
05C511
05C7E7
05CABF
05CD9A
05D076
05D354
05D635
05D918
05DBFD
05DEE4
05E1CD
05E4B9
05E7A6
05EA96
05ED88
05F07D
05F373
05F66C
05F967
05FC64
05FF64
060266
06056A
060870
060B79
060E84
061191
0614A1
0617B3
061AC8
061DDE
0620F8
062413
062731
062A51
062D74
063099
0633C1
0636EB
063A18
063D47
064078
0643AD
0646E3
064A1C
064D58
065096
0653D7
06571A
065A60
065DA8
0660F3
066441
066791
066AE4
066E3A
067192
0674ED
06784B
067BAB
067F0E
068274
0685DC
068947
068CB5
069026
069399
069710
069A89
069E05
06A184
06A505
06A88A
06AC11
06AF9B
06B329
06B6B9
06BA4C
06BDE2
06C17B
06C517
06C8B6
06CC57
06CFFC
06D3A4
06D74F
06DAFD
06DEAE
06E263
06E61A
06E9D4
06ED92
06F153
06F517
06F8DE
06FCA8
070075
070446
07081A
070BF1
070FCC
0713A9
07178A
071B6F
071F57
072342
072730
072B22
072F17
073310
07370C
073B0B
073F0E
074315
07471F
074B2C
074F3D
075352
07576A
075B86
075FA5
0763C8
0767EF
076C1A
077048
077479
0778AF
077CE8
078125
078566
0789AA
078DF3
07923F
07968F
079AE3
079F3B
07A397
07A7F6
07AC5A
07B0C2
07B52D
07B99D
07BE11
07C289
07C705
07CB85
07D009
07D491
07D91E
07DDAE
07E243
07E6DC
07EB7A
07F01B
07F4C1
07F96C
07FE1A
0802CD
080785
080C41
081101
0815C6
081A8F
081F5D
08242F
082906
082DE2
0832C2
0837A7
083C90
08417F
084671
084B69
085066
085567
085A6D
085F78
086488
08699D
086EB6
0873D5
0878F9
087E21
08834F
088882
088DBA
0892F7
089839
089D80
08A2CD
08A81F
08AD76
08B2D3
08B835
08BD9C
08C308
08C87B
08CDF2
08D36F
08D8F2
08DE7A
08E408
08E99B
08EF34
08F4D3
08FA78
090022
0905D2
090B88
091144
091705
091CCD
09229B
09286E
092E48
093428
093A0E
093FFA
0945EC
094BE4
0951E3
0957E8
095DF4
096405
096A1E
09703C
097661
097C8D
0982BF
0988F8
098F38
09957E
099BCB
09A21F
09A87A
09AEDC
09B544
09BBB3
09C22A
09C8A7
09CF2C
09D5B8
09DC4B
09E2E5
09E986
09F02F
09F6DF
09FD97
0A0456
0A0B1C
0A11EA
0A18C0
0A1F9E
0A2683
0A2D6F
0A3464
0A3B61
0A4265
0A4972
0A5086
0A57A2
0A5EC7
0A65F4
0A6D29
0A7466
0A7BAC
0A82FA
0A8A51
0A91B0
0A9917
0AA087
0AA800
0AAF82
0AB70D
0ABEA0
0AC63C
0ACDE1
0AD590
0ADD47
0AE508
0AECD2
0AF4A5
0AFC81
0B0467
0B0C57
0B1450
0B1C52
0B245F
0B2C75
0B3495
0B3CBE
0B44F2
0B4D30
0B5578
0B5DCA
0B6626
0B6E8D
0B76FE
0B7F7A
0B8800
0B9091
0B992D
0BA1D3
0BAA84
0BB340
0BBC08
0BC4DA
0BCDB7
0BD6A0
0BDF94
0BE894
0BF19F
0BFAB6
0C03D8
0C0D06
0C1640
0C1F86
0C28D9
0C3237
0C3BA1
0C4518
0C4E9B
0C582B
0C61C8
0C6B71
0C7527
0C7EEA
0C88B9
0C9296
0C9C81
0CA678
0CB07D
0CBA90
0CC4B0
0CCEDD
0CD919
0CE363
0CEDBB
0CF821
0D0295
0D0D17
0D17A9
0D2248
0D2CF7
0D37B4
0D4281
0D4D5C
0D5847
0D6342
0D6E4B
0D7965
0D848E
0D8FC7
0D9B10
0DA669
0DB1D2
0DBD4C
0DC8D7
0DD472
0DE01E
0DEBDB
0DF7A9
0E0389
0E0F79
0E1B7C
0E2790
0E33B6
0E3FEE
0E4C38
0E5895
0E6504
0E7186
0E7E1A
0E8AC2
0E977D
0EA44B
0EB12C
0EBE22
0ECB2B
0ED848
0EE579
0EF2BF
0F0019
0F0D89
0F1B0D
0F28A6
0F3654
0F4418
0F51F2
0F5FE2
0F6DE8
0F7C04
0F8A37
0F9881
0FA6E1
0FB559
0FC3E8
0FD28F
0FE14D
0FF024
0FFF13
100E1A
101D3B
102C74
103BC7
104B33
105AB9
106A58
107A13
1089E7
1099D7
10A9E1
10BA07
10CA48
10DAA5
10EB1F
10FBB4
110C67
111D36
112E23
113F2E
115056
11619C
117301
118485
119628
11A7EB
11B9CD
11CBCF
11DDF2
11F036
12029B
121521
1227C9
123A94
124D81
126091
1273C4
12871B
129A97
12AE36
12C1FB
12D5E5
12E9F5
12FE2B
131288
13270B
133BB6
135089
136585
137AA9
138FF6
13A56E
13BB0F
13D0DB
13E6D3
13FCF6
141345
1429C1
14406A
145742
146E47
14857B
149CDF
14B473
14CC38
14E42D
14FC55
1514AF
152D3C
1545FC
155EF1
15781B
15917A
15AB10
15C4DD
15DEE1
15F91D
161393
162E42
16492C
166451
167FB2
169B50
16B72C
16D346
16EF9F
170C39
172913
17462F
17638E
178130
179F16
17BD43
17DBB5
17FA6F
181971
1838BC
185852
187833
189861
18B8DB
18D9A5
18FABE
191C28
193DE4
195FF3
198257
19A510
19C820
19EB88
1A0F4A
1A3366
1A57DE
1A7CB4
1AA1E9
1AC77E
1AED75
1B13CF
1B3A8E
1B61B4
1B8941
1BB138
1BD99A
1C026A
1C2BA7
1C5556
1C7F76
1CAA0B
1CD516
1D0098
1D2C94
1D590D
1D8603
1DB379
1DE171
1E0FEE
1E3EF1
1E6E7D
1E9E94
1ECF39
1F006E
1F3235
1F6492
1F9786
1FCB15
1FFF41
20340E
20697D
209F92
20D650
210DBA
2145D3
217E9F
21B820
21F25B
222D52
22690A
22A586
22E2CA
2320DA
235FB9
239F6C
23DFF8
24215F
2463A8
24A6D5
24EAED
252FF4
2575EE
25BCE1
2604D2
264DC7
2697C5
26E2D1
272EF1
277C2C
27CA88
281A0B
286ABB
28BC9F
290FBF
002AD1
002AD9
002AE2
002AEA
002AF3
002AFC
002B04
002B0D
002B15
002B1E
002B27
002B2F
002B38
002B41
002B49
002B52
002B5A
002B63
002B6C
002B74
002B7D
002B86
002B8F
002B97
002BA0
002BA9
002BB1
002BBA
002BC3
002BCC
002BD4
002BDD
002BE6
002BEF
002BF8
002C00
002C09
002C12
002C1B
002C24
002C2C
002C35
002C3E
002C47
002C50
002C59
002C62
002C6B
002C73
002C7C
002C85
002C8E
002C97
002CA0
002CA9
002CB2
002CBB
002CC4
002CCD
002CD6
002CDF
002CE8
002CF1
002CFA
002D03
002D0C
002D15
002D1E
002D27
002D30
002D39
002D42
002D4B
002D54
002D5D
002D67
002D70
002D79
002D82
002D8B
002D94
002D9D
002DA6
002DB0
002DB9
002DC2
002DCB
002DD4
002DDE
002DE7
002DF0
002DF9
002E02
002E0C
002E15
002E1E
002E28
002E31
002E3A
002E43
002E4D
002E56
002E5F
002E69
002E72
002E7B
002E85
002E8E
002E97
002EA1
002EAA
002EB4
002EBD
002EC6
002ED0
002ED9
002EE3
002EEC
002EF5
002EFF
002F08
002F12
002F1B
002F25
002F2E
002F38
002F41
002F4B
002F54
002F5E
002F67
002F71
002F7B
002F84
002F8E
002F97
002FA1
002FAB
002FB4
002FBE
002FC7
002FD1
002FDB
002FE4
002FEE
002FF8
003001
00300B
003015
00301E
003028
003032
00303C
003045
00304F
003059
003063
00306C
003076
003080
00308A
003094
00309D
0030A7
0030B1
0030BB
0030C5
0030CF
0030D8
0030E2
0030EC
0030F6
003100
00310A
003114
00311E
003128
003132
00313C
003145
00314F
003159
003163
00316D
003177
003181
00318B
003195
0031A0
0031AA
0031B4
0031BE
0031C8
0031D2
0031DC
0031E6
0031F0
0031FA
003204
00320F
003219
003223
00322D
003237
003241
00324B
003256
003260
00326A
003274
00327F
003289
003293
00329D
0032A8
0032B2
0032BC
0032C6
0032D1
0032DB
0032E5
0032F0
0032FA
003304
00330F
003319
003323
00332E
003338
003343
00334D
003358
003362
00336C
003377
003381
00338C
003396
0033A1
0033AB
0033B6
0033C0
0033CB
0033D5
0033E0
0033EA
0033F5
003400
00340A
003415
00341F
00342A
003434
00343F
00344A
003454
00345F
00346A
003474
00347F
00348A
003494
00349F
0034AA
0034B5
0034BF
0034CA
0034D5
0034E0
0034EA
0034F5
003500
00350B
003516
003520
00352B
003536
003541
00354C
003557
003562
00356C
003577
003582
00358D
003598
0035A3
0035AE
0035B9
0035C4
0035CF
0035DA
0035E5
0035F0
0035FB
003606
003611
00361C
003627
003632
00363D
003648
003653
00365E
00366A
003675
003680
00368B
003696
0036A1
0036AC
0036B8
0036C3
0036CE
0036D9
0036E4
0036F0
0036FB
003706
003711
00371D
003728
003733
00373F
00374A
003755
003761
00376C
003777
003783
00378E
003799
0037A5
0037B0
0037BC
0037C7
0037D2
0037DE
0037E9
0037F5
003800
00380C
003817
003823
00382E
00383A
003845
003851
00385C
003868
003874
00387F
00388B
003896
0038A2
0038AE
0038B9
0038C5
0038D1
0038DC
0038E8
0038F4
0038FF
00390B
003917
003922
00392E
00393A
003946
003951
00395D
003969
003975
003981
00398C
003998
0039A4
0039B0
0039BC
0039C8
0039D4
0039E0
0039EB
0039F7
003A03
003A0F
003A1B
003A27
003A33
003A3F
003A4B
003A57
003A63
003A6F
003A7B
003A87
003A93
003A9F
003AAC
003AB8
003AC4
003AD0
003ADC
003AE8
003AF4
003B00
003B0D
003B19
003B25
003B31
003B3D
003B4A
003B56
003B62
003B6E
003B7B
003B87
003B93
003B9F
003BAC
003BB8
003BC4
003BD1
003BDD
003BEA
003BF6
003C02
003C0F
003C1B
003C28
003C34
003C40
003C4D
003C59
003C66
003C72
003C7F
003C8B
003C98
003CA4
003CB1
003CBE
003CCA
003CD7
003CE3
003CF0
003CFD
003D09
003D16
003D22
003D2F
003D3C
003D48
003D55
003D62
003D6F
003D7B
003D88
003D95
003DA2
003DAE
003DBB
003DC8
003DD5
003DE2
003DEE
003DFB
003E08
003E15
003E22
003E2F
003E3C
003E49
003E56
003E63
003E6F
003E7C
003E89
003E96
003EA3
003EB0
003EBD
003ECA
003ED8
003EE5
003EF2
003EFF
003F0C
003F19
003F26
003F33
003F40
003F4D
003F5B
003F68
003F75
003F82
003F8F
003F9D
003FAA
003FB7
003FC4
003FD2
003FDF
003FEC
003FFA
004007
004014
004022
00402F
00403C
00404A
004057
004065
004072
00407F
00408D
00409A
0040A8
0040B5
0040C3
0040D0
0040DE
0040EB
0040F9
004106
004114
004122
00412F
00413D
00414A
004158
004166
004173
004181
00418F
00419C
0041AA
0041B8
0041C6
0041D3
0041E1
0041EF
0041FD
00420A
004218
004226
004234
004242
004250
00425E
00426B
004279
004287
004295
0042A3
0042B1
0042BF
0042CD
0042DB
0042E9
0042F7
004305
004313
004321
00432F
00433D
00434B
004359
004368
004376
004384
004392
0043A0
0043AE
0043BD
0043CB
0043D9
0043E7
0043F5
004404
004412
004420
00442F
00443D
00444B
00445A
004468
004476
004485
004493
0044A1
0044B0
0044BE
0044CD
0044DB
0044EA
0044F8
004507
004515
004524
004532
004541
00454F
00455E
00456D
00457B
00458A
004599
0045A7
0045B6
0045C5
0045D3
0045E2
0045F1
0045FF
00460E
00461D
00462C
00463A
004649
004658
004667
004676
004685
004693
0046A2
0046B1
0046C0
0046CF
0046DE
0046ED
0046FC
00470B
00471A
004729
004738
004747
004756
004765
004774
004783
004792
0047A2
0047B1
0047C0
0047CF
0047DE
0047ED
0047FD
00480C
00481B
00482A
00483A
004849
004858
004867
004877
004886
004895
0048A5
0048B4
0048C4
0048D3
0048E2
0048F2
004901
004911
004920
004930
00493F
00494F
00495E
00496E
00497E
00498D
00499D
0049AC
0049BC
0049CC
0049DB
0049EB
0049FB
004A0A
004A1A
004A2A
004A3A
004A49
004A59
004A69
004A79
004A88
004A98
004AA8
004AB8
004AC8
004AD8
004AE8
004AF8
004B08
004B18
004B28
004B38
004B48
004B58
004B68
004B78
004B88
004B98
004BA8
004BB8
004BC8
004BD8
004BE8
004BF9
004C09
004C19
004C29
004C39
004C4A
004C5A
004C6A
004C7A
004C8B
004C9B
004CAB
004CBC
004CCC
004CDD
004CED
004CFD
004D0E
004D1E
004D2F
004D3F
004D50
004D60
004D71
004D81
004D92
004DA2
004DB3
004DC4
004DD4
004DE5
004DF6
004E06
004E17
004E28
004E38
004E49
004E5A
004E6B
004E7B
004E8C
004E9D
004EAE
004EBF
004ED0
004EE0
004EF1
004F02
004F13
004F24
004F35
004F46
004F57
004F68
004F79
004F8A
004F9B
004FAC
004FBD
004FCE
004FE0
004FF1
005002
005013
005024
005035
005047
005058
005069
00507A
00508C
00509D
0050AE
0050C0
0050D1
0050E2
0050F4
005105
005117
005128
005139
00514B
00515C
00516E
00517F
005191
0051A3
0051B4
0051C6
0051D7
0051E9
0051FB
00520C
00521E
005230
005241
005253
005265
005277
005288
00529A
0052AC
0052BE
0052D0
0052E2
0052F3
005305
005317
005329
00533B
00534D
00535F
005371
005383
005395
0053A7
0053B9
0053CB
0053DD
0053F0
005402
005414
005426
005438
00544A
00545D
00546F
005481
005494
0054A6
0054B8
0054CA
0054DD
0054EF
005502
005514
005526
005539
00554B
00555E
005570
005583
005595
0055A8
0055BB
0055CD
0055E0
0055F2
005605
005618
00562A
00563D
005650
005662
005675
005688
00569B
0056AE
0056C0
0056D3
0056E6
0056F9
00570C
00571F
005732
005745
005758
00576B
00577E
005791
0057A4
0057B7
0057CA
0057DD
0057F0
005803
005817
00582A
00583D
005850
005863
005877
00588A
00589D
0058B1
0058C4
0058D7
0058EB
0058FE
005911
005925
005938
00594C
00595F
005973
005986
00599A
0059AD
0059C1
0059D5
0059E8
0059FC
005A0F
005A23
005A37
005A4B
005A5E
005A72
005A86
005A9A
005AAD
005AC1
005AD5
005AE9
005AFD
005B11
005B25
005B39
005B4D
005B61
005B75
005B89
005B9D
005BB1
005BC5
005BD9
005BED
005C01
005C16
005C2A
005C3E
005C52
005C66
005C7B
005C8F
005CA3
005CB8
005CCC
005CE0
005CF5
005D09
005D1E
005D32
005D47
005D5B
005D70
005D84
005D99
005DAD
005DC2
005DD7
005DEB
005E00
005E15
005E29
005E3E
005E53
005E67
005E7C
005E91
005EA6
005EBB
005ED0
005EE4
005EF9
005F0E
005F23
005F38
005F4D
005F62
005F77
005F8C
005FA1
005FB7
005FCC
005FE1
005FF6
00600B
006020
006036
00604B
006060
006075
00608B
0060A0
0060B5
0060CB
0060E0
0060F6
00610B
006121
006136
00614C
006161
006177
00618C
0061A2
0061B7
0061CD
0061E3
0061F8
00620E
006224
00623A
00624F
006265
00627B
006291
0062A7
0062BC
0062D2
0062E8
0062FE
006314
00632A
006340
006356
00636C
006382
006399
0063AF
0063C5
0063DB
0063F1
006407
00641E
006434
00644A
006460
006477
00648D
0064A4
0064BA
0064D0
0064E7
0064FD
006514
00652A
006541
006557
00656E
006585
00659B
0065B2
0065C8
0065DF
0065F6
00660D
006623
00663A
006651
006668
00667F
006696
0066AC
0066C3
0066DA
0066F1
006708
00671F
006736
00674D
006765
00677C
006793
0067AA
0067C1
0067D8
0067F0
006807
00681E
006835
00684D
006864
00687B
006893
0068AA
0068C2
0068D9
0068F1
006908
006920
006937
00694F
006967
00697E
006996
0069AE
0069C5
0069DD
0069F5
006A0D
006A24
006A3C
006A54
006A6C
006A84
006A9C
006AB4
006ACC
006AE4
006AFC
006B14
006B2C
006B44
006B5C
006B74
006B8D
006BA5
006BBD
006BD5
006BEE
006C06
006C1E
006C37
006C4F
006C67
006C80
006C98
006CB1
006CC9
006CE2
006CFA
006D13
006D2C
006D44
006D5D
006D76
006D8E
006DA7
006DC0
006DD9
006DF1
006E0A
006E23
006E3C
006E55
006E6E
006E87
006EA0
006EB9
006ED2
006EEB
006F04
006F1D
006F37
006F50
006F69
006F82
006F9B
006FB5
006FCE
006FE7
007001
00701A
007034
00704D
007066
007080
00709A
0070B3
0070CD
0070E6
007100
00711A
007133
00714D
007167
007181
00719A
0071B4
0071CE
0071E8
007202
00721C
007236
007250
00726A
007284
00729E
0072B8
0072D2
0072EC
007306
007321
00733B
007355
00736F
00738A
0073A4
0073BE
0073D9
0073F3
00740E
007428
007443
00745D
007478
007492
0074AD
0074C8
0074E2
0074FD
007518
007533
00754D
007568
007583
00759E
0075B9
0075D4
0075EF
00760A
007625
007640
00765B
007676
007691
0076AC
0076C8
0076E3
0076FE
007719
007735
007750
00776B
007787
0077A2
0077BE
0077D9
0077F5
007810
00782C
007847
007863
00787F
00789A
0078B6
0078D2
0078EE
00790A
007925
007941
00795D
007979
007995
0079B1
0079CD
0079E9
007A05
007A21
007A3D
007A5A
007A76
007A92
007AAE
007ACB
007AE7
007B03
007B20
007B3C
007B59
007B75
007B92
007BAE
007BCB
007BE7
007C04
007C20
007C3D
007C5A
007C77
007C93
007CB0
007CCD
007CEA
007D07
007D24
007D41
007D5E
007D7B
007D98
007DB5
007DD2
007DEF
007E0C
007E2A
007E47
007E64
007E82
007E9F
007EBC
007EDA
007EF7
007F15
007F32
007F50
007F6D
007F8B
007FA8
007FC6
007FE4
008002
00801F
00803D
00805B
008079
008097
0080B5
0080D3
0080F1
00810F
00812D
00814B
008169
008187
0081A5
0081C3
0081E2
008200
00821E
00823D
00825B
008279
008298
0082B6
0082D5
0082F3
008312
008331
00834F
00836E
00838D
0083AB
0083CA
0083E9
008408
008427
008446
008465
008484
0084A3
0084C2
0084E1
008500
00851F
00853E
00855E
00857D
00859C
0085BB
0085DB
0085FA
00861A
008639
008659
008678
008698
0086B7
0086D7
0086F7
008716
008736
008756
008776
008796
0087B5
0087D5
0087F5
008815
008835
008855
008876
008896
0088B6
0088D6
0088F6
008917
008937
008957
008978
008998
0089B8
0089D9
0089F9
008A1A
008A3B
008A5B
008A7C
008A9D
008ABD
008ADE
008AFF
008B20
008B41
008B62
008B83
008BA4
008BC5
008BE6
008C07
008C28
008C49
008C6A
008C8C
008CAD
008CCE
008CF0
008D11
008D32
008D54
008D75
008D97
008DB9
008DDA
008DFC
008E1E
008E3F
008E61
008E83
008EA5
008EC7
008EE9
008F0B
008F2D
008F4F
008F71
008F93
008FB5
008FD7
008FF9
00901C
00903E
009060
009083
0090A5
0090C8
0090EA
00910D
00912F
009152
009175
009197
0091BA
0091DD
009200
009222
009245
009268
00928B
0092AE
0092D1
0092F4
009318
00933B
00935E
009381
0093A4
0093C8
0093EB
00940F
009432
009456
009479
00949D
0094C0
0094E4
009508
00952B
00954F
009573
009597
0095BB
0095DF
009603
009627
00964B
00966F
009693
0096B7
0096DB
009700
009724
009748
00976D
009791
0097B5
0097DA
0097FF
009823
009848
00986C
009891
0098B6
0098DB
009900
009924
009949
00996E
009993
0099B8
0099DE
009A03
009A28
009A4D
009A72
009A98
009ABD
009AE2
009B08
009B2D
009B53
009B78
009B9E
009BC4
009BE9
009C0F
009C35
009C5B
009C81
009CA6
009CCC
009CF2
009D18
009D3F
009D65
009D8B
009DB1
009DD7
009DFE
009E24
009E4A
009E71
009E97
009EBE
009EE4
009F0B
009F32
009F58
009F7F
009FA6
009FCD
009FF4
00A01B
00A042
00A069
00A090
00A0B7
00A0DE
00A105
00A12C
00A154
00A17B
00A1A2
00A1CA
00A1F1
00A219
00A240
00A268
00A290
00A2B7
00A2DF
00A307
00A32F
00A356
00A37E
00A3A6
00A3CE
00A3F6
00A41F
00A447
00A46F
00A497
00A4C0
00A4E8
00A510
00A539
00A561
00A58A
00A5B2
00A5DB
00A604
00A62C
00A655
00A67E
00A6A7
00A6D0
00A6F9
00A722
00A74B
00A774
00A79D
00A7C6
00A7F0
00A819
00A842
00A86C
00A895
00A8BF
00A8E8
00A912
00A93B
00A965
00A98F
00A9B9
00A9E2
00AA0C
00AA36
00AA60
00AA8A
00AAB4
00AADE
00AB09
00AB33
00AB5D
00AB87
00ABB2
00ABDC
00AC07
00AC31
00AC5C
00AC86
00ACB1
00ACDC
00AD07
00AD31
00AD5C
00AD87
00ADB2
00ADDD
00AE08
00AE34
00AE5F
00AE8A
00AEB5
00AEE1
00AF0C
00AF37
00AF63
00AF8E
00AFBA
00AFE6
00B011
00B03D
00B069
00B095
00B0C1
00B0ED
00B119
00B145
00B171
00B19D
00B1C9
00B1F6
00B222
00B24E
00B27B
00B2A7
00B2D4
00B300
00B32D
00B35A
00B386
00B3B3
00B3E0
00B40D
00B43A
00B467
00B494
00B4C1
00B4EE
00B51B
00B549
00B576
00B5A3
00B5D1
00B5FE
00B62C
00B65A
00B687
00B6B5
00B6E3
00B711
00B73E
00B76C
00B79A
00B7C8
00B7F7
00B825
00B853
00B881
00B8B0
00B8DE
00B90C
00B93B
00B969
00B998
00B9C7
00B9F5
00BA24
00BA53
00BA82
00BAB1
00BAE0
00BB0F
00BB3E
00BB6D
00BB9C
00BBCC
00BBFB
00BC2A
00BC5A
00BC89
00BCB9
00BCE8
00BD18
00BD48
00BD78
00BDA8
00BDD7
00BE07
00BE37
00BE68
00BE98
00BEC8
00BEF8
00BF28
00BF59
00BF89
00BFBA
00BFEA
00C01B
00C04C
00C07C
00C0AD
00C0DE
00C10F
00C140
00C171
00C1A2
00C1D3
00C204
00C236
00C267
00C298
00C2CA
00C2FB
00C32D
00C35E
00C390
00C3C2
00C3F4
00C425
00C457
00C489
00C4BB
00C4EE
00C520
00C552
00C584
00C5B7
00C5E9
00C61B
00C64E
00C681
00C6B3
00C6E6
00C719
00C74C
00C77F
00C7B1
00C7E5
00C818
00C84B
00C87E
00C8B1
00C8E5
00C918
00C94C
00C97F
00C9B3
00C9E6
00CA1A
00CA4E
00CA82
00CAB6
00CAEA
00CB1E
00CB52
00CB86
00CBBA
00CBEE
00CC23
00CC57
00CC8C
00CCC0
00CCF5
00CD2A
00CD5E
00CD93
00CDC8
00CDFD
00CE32
00CE67
00CE9C
00CED1
00CF07
00CF3C
00CF71
00CFA7
00CFDC
00D012
00D048
00D07D
00D0B3
00D0E9
00D11F
00D155
00D18B
00D1C1
00D1F8
00D22E
00D264
00D29B
00D2D1
00D308
00D33E
00D375
00D3AC
00D3E2
00D419
00D450
00D487
00D4BE
00D4F5
00D52D
00D564
00D59B
00D5D3
00D60A
00D642
00D679
00D6B1
00D6E9
00D721
00D759
00D791
00D7C9
00D801
00D839
00D871
00D8AA
00D8E2
00D91B
00D953
00D98C
00D9C4
00D9FD
00DA36
00DA6F
00DAA8
00DAE1
00DB1A
00DB53
00DB8C
00DBC6
00DBFF
00DC39
00DC72
00DCAC
00DCE5
00DD1F
00DD59
00DD93
00DDCD
00DE07
00DE41
00DE7B
00DEB6
00DEF0
00DF2A
00DF65
00DF9F
00DFDA
00E015
00E04F
00E08A
00E0C5
00E100
00E13B
00E177
00E1B2
00E1ED
00E228
00E264
00E29F
00E2DB
00E317
00E352
00E38E
00E3CA
00E406
00E442
00E47E
00E4BB
00E4F7
00E533
00E570
00E5AC
00E5E9
00E625
00E662
00E69F
00E6DC
00E719
00E756
00E793
00E7D0
00E80E
00E84B
00E888
00E8C6
00E903
00E941
00E97F
00E9BD
00E9FB
00EA39
00EA77
00EAB5
00EAF3
00EB31
00EB70
00EBAE
00EBED
00EC2B
00EC6A
00ECA9
00ECE8
00ED27
00ED66
00EDA5
00EDE4
00EE23
00EE63
00EEA2
00EEE1
00EF21
00EF61
00EFA0
00EFE0
00F020
00F060
00F0A0
00F0E0
00F121
00F161
00F1A1
00F1E2
00F222
00F263
00F2A4
00F2E5
00F326
00F367
00F3A8
00F3E9
00F42A
00F46B
00F4AD
00F4EE
00F530
00F571
00F5B3
00F5F5
00F637
00F679
00F6BB
00F6FD
00F73F
00F782
00F7C4
00F807
00F849
00F88C
00F8CF
00F911
00F954
00F997
00F9DB
00FA1E
00FA61
00FAA4
00FAE8
00FB2B
00FB6F
00FBB3
00FBF7
00FC3A
00FC7E
00FCC2
00FD07
00FD4B
00FD8F
00FDD4
00FE18
00FE5D
00FEA1
00FEE6
00FF2B
00FF70
00FFB5
00FFFA
01003F
010085
0100CA
010110
010155
01019B
0101E1
010226
01026C
0102B2
0102F9
01033F
010385
0103CB
010412
010459
01049F
0104E6
01052D
010574
0105BB
010602
010649
010691
0106D8
01071F
010767
0107AF
0107F7
01083E
010886
0108CE
010917
01095F
0109A7
0109F0
010A38
010A81
010ACA
010B12
010B5B
010BA4
010BED
010C37
010C80
010CC9
010D13
010D5C
010DA6
010DF0
010E3A
010E84
010ECE
010F18
010F62
010FAD
010FF7
011042
01108C
0110D7
011122
01116D
0111B8
011203
01124E
01129A
0112E5
011331
01137C
0113C8
011414
011460
0114AC
0114F8
011544
011591
0115DD
01162A
011676
0116C3
011710
01175D
0117AA
0117F7
011845
011892
0118DF
01192D
01197B
0119C8
011A16
011A64
011AB2
011B01
011B4F
011B9D
011BEC
011C3A
011C89
011CD8
011D27
011D76
011DC5
011E14
011E64
011EB3
011F03
011F52
011FA2
011FF2
012042
012092
0120E2
012132
012183
0121D3
012224
012275
0122C5
012316
012367
0123B9
01240A
01245B
0124AD
0124FE
012550
0125A2
0125F4
012646
012698
0126EA
01273C
01278F
0127E2
012834
012887
0128DA
01292D
012980
0129D3
012A27
012A7A
012ACE
012B21
012B75
012BC9
012C1D
012C71
012CC6
012D1A
012D6E
012DC3
012E18
012E6C
012EC1
012F16
012F6C
012FC1
013016
01306C
0130C1
013117
01316D
0131C3
013219
01326F
0132C6
01331C
013373
0133C9
013420
013477
0134CE
013525
01357C
0135D4
01362B
013683
0136DA
013732
01378A
0137E2
01383A
013893
0138EB
013944
01399C
0139F5
013A4E
013AA7
013B00
013B5A
013BB3
013C0D
013C66
013CC0
013D1A
013D74
013DCE
013E28
013E83
013EDD
013F38
013F92
013FED
014048
0140A3
0140FF
01415A
0141B6
014211
01426D
0142C9
014325
014381
0143DD
014439
014496
0144F3
01454F
0145AC
014609
014666
0146C4
014721
01477E
0147DC
01483A
014898
0148F6
014954
0149B2
014A11
014A6F
014ACE
014B2C
014B8B
014BEA
014C4A
014CA9
014D08
014D68
014DC8
014E28
014E87
014EE8
014F48
014FA8
015009
015069
0150CA
01512B
01518C
0151ED
01524E
0152B0
015311
015373
0153D5
015437
015499
0154FB
01555E
0155C0
015623
015685
0156E8
01574B
0157AF
015812
015875
0158D9
01593D
0159A1
015A05
015A69
015ACD
015B32
015B96
015BFB
015C60
015CC5
015D2A
015D8F
015DF4
015E5A
015EC0
015F25
015F8B
015FF2
016058
0160BE
016125
01618B
0161F2
016259
0162C0
016327
01638F
0163F6
01645E
0164C6
01652E
016596
0165FE
016667
0166CF
016738
0167A1
01680A
016873
0168DC
016946
0169AF
016A19
016A83
016AED
016B57
016BC1
016C2C
016C96
016D01
016D6C
016DD7
016E42
016EAD
016F19
016F85
016FF0
01705C
0170C9
017135
0171A1
01720E
01727A
0172E7
017354
0173C2
01742F
01749C
01750A
017578
0175E6
017654
0176C2
017730
01779F
01780E
01787D
0178EC
01795B
0179CA
017A3A
017AA9
017B19
017B89
017BF9
017C69
017CDA
017D4B
017DBB
017E2C
017E9D
017F0F
017F80
017FF2
018063
0180D5
018147
0181B9
01822C
01829E
018311
018384
0183F7
01846A
0184DD
018551
0185C4
018638
0186AC
018720
018795
018809
01887E
0188F3
018968
0189DD
018A52
018AC8
018B3D
018BB3
018C29
018C9F
018D16
018D8C
018E03
018E7A
018EF1
018F68
018FDF
019057
0190CE
019146
0191BE
019236
0192AF
019327
0193A0
019419
019492
01950B
019585
0195FE
019678
0196F2
01976C
0197E6
019861
0198DB
019956
0199D1
019A4C
019AC7
019B43
019BBF
019C3B
019CB7
019D33
019DAF
019E2C
019EA9
019F25
019FA3
01A020
01A09D
01A11B
01A199
01A217
01A295
01A313
01A392
01A411
01A490
01A50F
01A58E
01A60D
01A68D
01A70D
01A78D
01A80D
01A88E
01A90E
01A98F
01AA10
01AA91
01AB12
01AB94
01AC16
01AC98
01AD1A
01AD9C
01AE1E
01AEA1
01AF24
01AFA7
01B02A
01B0AD
01B131
01B1B5
01B239
01B2BD
01B341
01B3C6
01B44B
01B4D0
01B555
01B5DA
01B660
01B6E5
01B76B
01B7F1
01B878
01B8FE
01B985
01BA0C
01BA93
01BB1A
01BBA2
01BC29
01BCB1
01BD39
01BDC2
01BE4A
01BED3
01BF5C
01BFE5
01C06E
01C0F7
01C181
01C20B
01C295
01C31F
01C3AA
01C435
01C4BF
01C54B
01C5D6
01C661
01C6ED
01C779
01C805
01C892
01C91E
01C9AB
01CA38
01CAC5
01CB52
01CBE0
01CC6E
01CCFC
01CD8A
01CE18
01CEA7
01CF36
01CFC5
01D054
01D0E4
01D173
01D203
01D293
01D324
01D3B4
01D445
01D4D6
01D567
01D5F8
01D68A
01D71C
01D7AE
01D840
01D8D3
01D965
01D9F8
01DA8B
01DB1F
01DBB2
01DC46
01DCDA
01DD6E
01DE03
01DE97
01DF2C
01DFC1
01E057
01E0EC
01E182
01E218
01E2AE
01E345
01E3DB
01E472
01E50A
01E5A1
01E638
01E6D0
01E768
01E801
01E899
01E932
01E9CB
01EA64
01EAFD
01EB97
01EC31
01ECCB
01ED65
01EE00
01EE9B
01EF36
01EFD1
01F06C
01F108
01F1A4
01F240
01F2DD
01F379
01F416
01F4B3
01F551
01F5EE
01F68C
01F72A
01F7C9
01F867
01F906
01F9A5
01FA44
01FAE4
01FB84
01FC24
01FCC4
01FD65
01FE05
01FEA6
01FF48
01FFE9
02008B
02012D
0201CF
020271
020314
0203B7
02045A
0204FE
0205A1
020645
0206EA
02078E
020833
0208D8
02097D
020A22
020AC8
020B6E
020C14
020CBB
020D61
020E08
020EB0
020F57
020FFF
0210A7
02114F
0211F8
0212A0
021349
0213F3
02149C
021546
0215F0
02169A
021745
0217F0
02189B
021946
0219F2
021A9E
021B4A
021BF7
021CA3
021D50
021DFE
021EAB
021F59
022007
0220B5
022164
022213
0222C2
022371
022421
0224D1
022581
022631
0226E2
022793
022845
0228F6
0229A8
022A5A
022B0D
022BBF
022C72
022D25
022DD9
022E8D
022F41
022FF5
0230AA
02315F
023214
0232C9
02337F
023435
0234EC
0235A2
023659
023710
0237C8
023880
023938
0239F0
023AA9
023B62
023C1B
023CD4
023D8E
023E48
023F03
023FBD
024078
024134
0241EF
0242AB
024367
024424
0244E0
02459D
02465B
024718
0247D6
024895
024953
024A12
024AD1
024B91
024C50
024D10
024DD1
024E91
024F52
025014
0250D5
025197
025259
02531C
0253DF
0254A2
025565
025629
0256ED
0257B1
025876
02593B
025A00
025AC6
025B8C
025C52
025D19
025DE0
025EA7
025F6E
026036
0260FE
0261C7
026290
026359
026422
0264EC
0265B6
026681
02674B
026816
0268E2
0269AE
026A7A
026B46
026C13
026CE0
026DAD
026E7B
026F49
027017
0270E6
0271B5
027284
027354
027424
0274F5
0275C5
027696
027768
027839
02790C
0279DE
027AB1
027B84
027C57
027D2B
027DFF
027ED4
027FA9
02807E
028153
028229
0282FF
0283D6
0284AD
028584
02865C
028734
02880C
0288E5
0289BE
028A97
028B71
028C4B
028D25
028E00
028EDB
028FB7
029093
02916F
02924C
029329
029406
0294E4
0295C2
0296A0
02977F
02985E
02993E
029A1E
029AFE
029BDF
029CC0
029DA1
029E83
029F65
02A048
02A12B
02A20E
02A2F2
02A3D6
02A4BA
02A59F
02A684
02A76A
02A850
02A936
02AA1D
02AB04
02ABEB
02ACD3
02ADBC
02AEA4
02AF8D
02B077
02B160
02B24B
02B335
02B420
02B50C
02B5F7
02B6E4
02B7D0
02B8BD
02B9AB
02BA98
02BB87
02BC75
02BD64
02BE53
02BF43
02C033
02C124
02C215
02C306
02C3F8
02C4EB
02C5DD
02C6D0
02C7C4
02C8B8
02C9AC
02CAA1
02CB96
02CC8B
02CD81
02CE78
02CF6E
02D066
02D15D
02D255
02D34E
02D447
02D540
02D63A
02D734
02D82E
02D929
02DA25
02DB21
02DC1D
02DD1A
02DE17
02DF15
02E013
02E111
02E210
02E310
02E40F
02E510
02E610
02E712
02E813
02E915
02EA18
02EB1B
02EC1E
02ED22
02EE26
02EF2B
02F030
02F136
02F23C
02F342
02F449
02F551
02F659
02F761
02F86A
02F973
02FA7D
02FB87
02FC92
02FD9D
02FEA8
02FFB5
0300C1
0301CE
0302DC
0303EA
0304F8
030607
030716
030826
030936
030A47
030B59
030C6A
030D7D
030E8F
030FA3
0310B6
0311CB
0312DF
0313F4
03150A
031620
031737
03184E
031966
031A7E
031B96
031CB0
031DC9
031EE3
031FFE
032119
032235
032351
03246D
03258B
0326A8
0327C6
0328E5
032A04
032B24
032C44
032D65
032E86
032FA8
0330CA
0331ED
033311
033434
033559
03367E
0337A3
0338C9
0339F0
033B17
033C3E
033D66
033E8F
033FB8
0340E2
03420C
034337
034462
03458E
0346BB
0347E8
034915
034A43
034B72
034CA1
034DD1
034F01
035032
035163
035295
0353C8
0354FB
03562E
035763
035897
0359CD
035B03
035C39
035D70
035EA8
035FE0
036119
036252
03638C
0364C6
036601
03673D
036879
0369B6
036AF3
036C31
036D70
036EAF
036FEF
03712F
037270
0373B2
0374F4
037637
03777A
0378BE
037A03
037B48
037C8D
037DD4
037F1B
038062
0381AB
0382F3
03843D
038587
0386D2
03881D
038969
038AB5
038C03
038D50
038E9F
038FEE
03913E
03928E
0393DF
039531
039683
0397D6
039929
039A7D
039BD2
039D28
039E7E
039FD5
03A12C
03A284
03A3DD
03A536
03A690
03A7EB
03A946
03AAA2
03ABFF
03AD5C
03AEBA
03B019
03B179
03B2D9
03B439
03B59B
03B6FD
03B860
03B9C3
03BB27
03BC8C
03BDF2
03BF58
03C0BF
03C226
03C38F
03C4F8
03C661
03C7CC
03C937
03CAA3
03CC0F
03CD7D
03CEEB
03D059
03D1C9
03D339
03D4A9
03D61B
03D78D
03D900
03DA74
03DBE8
03DD5E
03DED4
03E04A
03E1C2
03E33A
03E4B3
03E62C
03E7A6
03E922
03EA9D
03EC1A
03ED97
03EF15
03F094
03F214
03F394
03F516
03F697
03F81A
03F99E
03FB22
03FCA7
03FE2D
03FFB3
04013A
0402C3
04044C
0405D5
040760
0408EB
040A77
040C04
040D92
040F20
0410AF
04123F
0413D0
041562
0416F4
041888
041A1C
041BB1
041D47
041EDD
042075
04220D
0423A6
042540
0426DB
042876
042A13
042BB0
042D4E
042EED
04308D
04322D
0433CF
043571
043714
0438B9
043A5E
043C03
043DAA
043F52
0440FA
0442A3
04444E
0445F9
0447A5
044951
044AFF
044CAE
044E5D
04500E
0451BF
045371
045524
0456D8
04588D
045A43
045BFA
045DB2
045F6A
046124
0462DE
04649A
046656
046813
0469D1
046B90
046D50
046F11
0470D3
047296
04745A
04761F
0477E5
0479AB
047B73
047D3C
047F06
0480D0
04829C
048468
048636
048804
0489D4
048BA4
048D76
048F48
04911C
0492F0
0494C6
04969D
049874
049A4D
049C26
049E01
049FDC
04A1B9
04A397
04A575
04A755
04A936
04AB18
04ACFB
04AEDF
04B0C4
04B2AA
04B491
04B679
04B862
04BA4C
04BC38
04BE24
04C012
04C200
04C3F0
04C5E1
04C7D3
04C9C6
04CBBA
04CDAF
04CFA5
04D19D
04D395
04D58F
04D78A
04D985
04DB82
04DD81
04DF80
04E180
04E382
04E584
04E788
04E98D
04EB93
04ED9B
04EFA3
04F1AD
04F3B7
04F5C3
04F7D1
04F9DF
04FBEE
04FDFF
050011
050224
050438
05064E
050865
050A7D
050C96
050EB0
0510CC
0512E8
051507
051726
051946
051B68
051D8B
051FAF
0521D5
0523FC
052624
05284D
052A78
052CA3
052ED1
0530FF
05332F
053560
053792
0539C6
053BFB
053E31
054068
0542A1
0544DB
054717
054954
054B92
054DD1
055012
055255
055498
0556DD
055923
055B6B
055DB4
055FFE
05624A
056497
0566E6
056936
056B87
056DDA
05702E
057284
0574DB
057733
05798D
057BE9
057E45
0580A3
058303
058564
0587C7
058A2B
058C90
058EF7
059160
0593CA
059635
0598A2
059B10
059D80
059FF2
05A265
05A4D9
05A74F
05A9C7
05AC40
05AEBA
05B136
05B3B4
05B633
05B8B4
05BB37
05BDBB
05C040
05C2C7
05C550
05C7DA
05CA66
05CCF4
05CF83
05D214
05D4A6
05D73A
05D9D0
05DC67
05DF00
05E19A
05E437
05E6D5
05E974
05EC16
05EEB8
05F15D
05F403
05F6AC
05F955
05FC01
05FEAE
06015D
06040D
0606C0
060974
060C2A
060EE2
06119B
061456
061713
0619D2
061C92
061F55
062219
0624DF
0627A7
062A70
062D3C
063009
0632D8
0635A9
06387C
063B50
063E27
0640FF
0643DA
0646B6
064994
064C74
064F56
06523A
065520
065807
065AF1
065DDD
0660CA
0663BA
0666AB
06699F
066C94
066F8C
067285
067580
06787E
067B7E
067E7F
068183
068488
068790
068A9A
068DA6
0690B4
0693C4
0696D6
0699EA
069D00
06A019
06A333
06A650
06A96F
06AC90
06AFB3
06B2D8
06B600
06B92A
06BC56
06BF84
06C2B4
06C5E7
06C91B
06CC52
06CF8C
06D2C7
06D605
06D945
06DC88
06DFCC
06E313
06E65D
06E9A8
06ECF6
06F046
06F399
06F6EE
06FA45
06FD9F
0700FB
07045A
0707BB
070B1E
070E84
0711EC
071557
0718C4
071C34
071FA6
07231A
072691
072A0B
072D87
073106
073487
07380A
073B91
073F19
0742A5
074633
0749C4
074D57
0750ED
075485
075820
075BBE
075F5E
076302
0766A7
076A50
076DFB
0771A9
07755A
07790D
077CC4
07807D
078438
0787F7
078BB8
078F7C
079344
07970D
079ADA
079EAA
07A27C
07A652
07AA2A
07AE05
07B1E3
07B5C4
07B9A8
07BD8F
07C179
07C566
07C956
07CD49
07D13F
07D538
07D934
07DD34
07E136
07E53B
07E944
07ED50
07F15E
07F570
07F985
07FD9E
0801B9
0805D8
0809FA
080E1F
081247
081673
081AA2
081ED4
08230A
082743
082B7F
082FBF
083402
083848
083C92
0840E0
084530
084984
084DDC
085237
085696
085AF8
085F5D
0863C7
086833
086CA4
087118
08758F
087A0B
087E89
08830C
088792
088C1C
0890AA
08953B
0899D0
089E69
08A306
08A7A6
08AC4A
08B0F3
08B59F
08BA4F
08BF02
08C3BA
08C876
08CD35
08D1F9
08D6C0
08DB8C
08E05C
08E52F
08EA07
08EEE3
08F3C3
08F8A7
08FD8F
09027B
09076C
090C61
09115A
091657
091B58
09205E
092568
092A77
092F8A
0934A1
0939BD
093EDD
094401
09492A
094E58
095389
0958C0
095DFB
09633B
09687F
096DC8
097315
097867
097DBE
09831A
09887A
098DDF
099349
0998B8
099E2C
09A3A4
09A921
09AEA4
09B42B
09B9B7
09BF48
09C4DE
09CA79
09D01A
09D5BF
09DB6A
09E119
09E6CE
09EC88
09F247
09F80C
09FDD6
0A03A5
0A0979
0A0F53
0A1533
0A1B17
0A2101
0A26F1
0A2CE6
0A32E1
0A38E1
0A3EE7
0A44F3
0A4B04
0A511B
0A5737
0A5D5A
0A6382
0A69B0
0A6FE4
0A761E
0A7C5D
0A82A3
0A88EF
0A8F40
0A9598
0A9BF6
0AA25A
0AA8C4
0AAF34
0AB5AA
0ABC27
0AC2AA
0AC933
0ACFC3
0AD659
0ADCF6
0AE399
0AEA42
0AF0F2
0AF7A9
0AFE66
0B052A
0B0BF4
0B12C6
0B199E
0B207D
0B2762
0B2E4F
0B3542
0B3C3D
0B433F
0B4A47
0B5157
0B586E
0B5F8C
0B66B1
0B6DDD
0B7511
0B7C4C
0B838E
0B8AD8
0B922A
0B9983
0BA0E3
0BA84B
0BAFBB
0BB732
0BBEB1
0BC638
0BCDC7
0BD55E
0BDCFC
0BE4A3
0BEC51
0BF408
0BFBC7
0C038E
0C0B5D
0C1335
0C1B14
0C22FD
0C2AED
0C32E6
0C3AE8
0C42F2
0C4B05
0C5321
0C5B45
0C6372
0C6BA8
0C73E7
0C7C2F
0C8480
0C8CDA
0C953D
0C9DA9
0CA61F
0CAE9E
0CB726
0CBFB8
0CC853
0CD0F8
0CD9A7
0CE25F
0CEB21
0CF3EC
0CFCC2
0D05A1
0D0E8B
0D177E
0D207C
0D2984
0D3296
0D3BB2
0D44D9
0D4E0B
0D5747
0D608D
0D69DE
0D733A
0D7CA1
0D8613
0D8F90
0D9917
0DA2AA
0DAC48
0DB5F2
0DBFA6
0DC966
0DD332
0DDD09
0DE6EC
0DF0DB
0DFAD5
0E04DB
0E0EEE
0E190C
0E2337
0E2D6D
0E37B1
0E4200
0E4C5C
0E56C5
0E613A
0E6BBC
0E764B
0E80E7
0E8B90
0E9646
0EA10A
0EABDA
0EB6B8
0EC1A4
0ECC9D
0ED7A4
0EE2B9
0EEDDC
0EF90D
0F044B
0F0F98
0F1AF4
0F265E
0F31D6
0F3D5D
0F48F3
0F5498
0F604B
0F6C0E
0F77E0
0F83C1
0F8FB2
0F9BB2
0FA7C2
0FB3E2
0FC012
0FCC51
0FD8A1
0FE501
0FF172
0FFDF3
100A85
101727
1023DB
10309F
103D75
104A5C
105754
10645E
10717A
107EA8
108BE8
10993A
10A69E
10B414
10C19E
10CF3A
10DCE9
10EAAB
10F880
110668
111464
112274
113098
113ECF
114D1B
115B7B
1169F0
117879
118718
1195CB
11A493
11B371
11C265
11D16E
11E08D
11EFC2
11FF0E
120E70
121DE9
122D78
123D1F
124CDD
125CB2
126CA0
127CA5
128CC2
129CF7
12AD46
12BDAC
12CE2C
12DEC5
12EF78
130044
13112A
13222A
133344
134479
1355C9
136734
1378BA
138A5C
139C1A
13ADF4
13BFEA
13D1FC
13E42C
13F679
1408E3
141B6B
142E10
1440D5
1453B7
1466B9
1479D9
148D19
14A079
14B3F9
14C799
14DB59
14EF3B
15033E
151763
152BA9
154012
15549E
15694C
157E1E
159313
15A82D
15BD6B
15D2CE
15E855
15FE03
1613D6
1629CF
163FEF
165637
166CA5
16833C
1699FB
16B0E3
16C7F3
16DF2E
16F692
170E21
1725DB
173DC0
1755D1
176E0E
178678
179F0F
17B7D5
17D0C8
17E9EA
18033B
181CBD
18366E
185051
186A65
1884AA
189F23
18B9CE
18D4AD
18EFC1
190B09
192687
19423B
195E25
197A47
1996A1
19B333
19CFFF
19ED05
1A0A45
1A27C1
1A4579
1A636D
1A819F
1AA010
1ABEBF
1ADDAE
1AFCDE
1B1C4E
1B3C02
1B5BF8
1B7C31
1B9CB0
1BBD74
1BDE7E
1BFFCF
1C2169
1C434B
1C6578
1C87EF
1CAAB3
1CCDC3
1CF121
1D14CE
1D38CB
1D5D19
1D81B9
1DA6AC
1DCBF4
1DF190
1E1784
1E3DCE
1E6472
1E8B70
1EB2C9
1EDA7F
1F0292
1F2B05
1F53D8
1F7D0D
1FA6A6
1FD0A2
1FFB05
2025D0
205103
207CA1
20A8AB
20D522
210209
212F60
215D2A
218B69
21BA1D
21E949
2218EE
22490F
2279AD
22AACA
22DC68
230E89
234130
23745E
23A815
23DC57
241127
244687
247C7A
24B301
24EA1F
2521D7
255A2A
25931D
25CCB0
2606E8
2641C6
267D4D
26B981
26F664
2733F9
277244
27B147
27F106
283183
2872C4
28B4CA
28F799
293B35
297FA2
29C4E3
2A0AFC
2A51F2
2A99C8
2AE283
2B2C27
2B76B8
2BC23A
2C0EB3
2C5C27
2CAA9A
2CFA13
2D4A96
2D9C28
2DEECE
2E428F
2E976F
2EED75
2F44A7
2F9D0B
2FF6A7
305181
30ADA1
310B0D
3169CC
31C9E5
322B61
328E46
32F29D
33586D
33BFC0
34289D
34930E
00305D
003066
003070
00307A
003084
00308E
003097
0030A1
0030AB
0030B5
0030BF
0030C9
0030D3
0030DC
0030E6
0030F0
0030FA
003104
00310E
003118
003122
00312C
003136
003140
00314A
003154
00315E
003168
003172
00317C
003186
003190
00319A
0031A4
0031AE
0031B8
0031C2
0031CC
0031D6
0031E1
0031EB
0031F5
0031FF
003209
003213
00321D
003228
003232
00323C
003246
003250
00325B
003265
00326F
003279
003284
00328E
003298
0032A2
0032AD
0032B7
0032C1
0032CC
0032D6
0032E0
0032EB
0032F5
0032FF
00330A
003314
00331E
003329
003333
00333E
003348
003353
00335D
003367
003372
00337C
003387
003391
00339C
0033A6
0033B1
0033BB
0033C6
0033D0
0033DB
0033E6
0033F0
0033FB
003405
003410
00341B
003425
003430
00343A
003445
003450
00345A
003465
003470
00347A
003485
003490
00349B
0034A5
0034B0
0034BB
0034C6
0034D0
0034DB
0034E6
0034F1
0034FC
003506
003511
00351C
003527
003532
00353D
003547
003552
00355D
003568
003573
00357E
003589
003594
00359F
0035AA
0035B5
0035C0
0035CB
0035D6
0035E1
0035EC
0035F7
003602
00360D
003618
003623
00362E
003639
003644
00364F
00365B
003666
003671
00367C
003687
003692
00369D
0036A9
0036B4
0036BF
0036CA
0036D6
0036E1
0036EC
0036F7
003703
00370E
003719
003724
003730
00373B
003746
003752
00375D
003768
003774
00377F
00378B
003796
0037A1
0037AD
0037B8
0037C4
0037CF
0037DB
0037E6
0037F2
0037FD
003809
003814
003820
00382B
003837
003842
00384E
003859
003865
003870
00387C
003888
003893
00389F
0038AB
0038B6
0038C2
0038CE
0038D9
0038E5
0038F1
0038FC
003908
003914
003920
00392B
003937
003943
00394F
00395B
003966
003972
00397E
00398A
003996
0039A2
0039AE
0039B9
0039C5
0039D1
0039DD
0039E9
0039F5
003A01
003A0D
003A19
003A25
003A31
003A3D
003A49
003A55
003A61
003A6D
003A79
003A85
003A91
003A9D
003AA9
003AB6
003AC2
003ACE
003ADA
003AE6
003AF2
003AFF
003B0B
003B17
003B23
003B2F
003B3C
003B48
003B54
003B60
003B6D
003B79
003B85
003B92
003B9E
003BAA
003BB7
003BC3
003BCF
003BDC
003BE8
003BF4
003C01
003C0D
003C1A
003C26
003C33
003C3F
003C4C
003C58
003C65
003C71
003C7E
003C8A
003C97
003CA3
003CB0
003CBC
003CC9
003CD6
003CE2
003CEF
003CFC
003D08
003D15
003D22
003D2E
003D3B
003D48
003D54
003D61
003D6E
003D7B
003D87
003D94
003DA1
003DAE
003DBB
003DC7
003DD4
003DE1
003DEE
003DFB
003E08
003E15
003E22
003E2E
003E3B
003E48
003E55
003E62
003E6F
003E7C
003E89
003E96
003EA3
003EB0
003EBD
003ECA
003ED8
003EE5
003EF2
003EFF
003F0C
003F19
003F26
003F33
003F41
003F4E
003F5B
003F68
003F75
003F83
003F90
003F9D
003FAA
003FB8
003FC5
003FD2
003FE0
003FED
003FFA
004008
004015
004022
004030
00403D
00404B
004058
004065
004073
004080
00408E
00409B
0040A9
0040B6
0040C4
0040D1
0040DF
0040ED
0040FA
004108
004115
004123
004131
00413E
00414C
004159
004167
004175
004183
004190
00419E
0041AC
0041B9
0041C7
0041D5
0041E3
0041F1
0041FE
00420C
00421A
004228
004236
004244
004252
004260
00426D
00427B
004289
004297
0042A5
0042B3
0042C1
0042CF
0042DD
0042EB
0042F9
004307
004315
004324
004332
004340
00434E
00435C
00436A
004378
004387
004395
0043A3
0043B1
0043BF
0043CE
0043DC
0043EA
0043F8
004407
004415
004423
004432
004440
00444E
00445D
00446B
00447A
004488
004496
0044A5
0044B3
0044C2
0044D0
0044DF
0044ED
0044FC
00450A
004519
004527
004536
004545
004553
004562
004571
00457F
00458E
00459C
0045AB
0045BA
0045C9
0045D7
0045E6
0045F5
004604
004612
004621
004630
00463F
00464E
00465D
00466B
00467A
004689
004698
0046A7
0046B6
0046C5
0046D4
0046E3
0046F2
004701
004710
00471F
00472E
00473D
00474C
00475B
00476A
004779
004789
004798
0047A7
0047B6
0047C5
0047D4
0047E4
0047F3
004802
004811
004821
004830
00483F
00484F
00485E
00486D
00487D
00488C
00489B
0048AB
0048BA
0048CA
0048D9
0048E9
0048F8
004908
004917
004927
004936
004946
004955
004965
004974
004984
004994
0049A3
0049B3
0049C3
0049D2
0049E2
0049F2
004A02
004A11
004A21
004A31
004A41
004A50
004A60
004A70
004A80
004A90
004AA0
004AB0
004ABF
004ACF
004ADF
004AEF
004AFF
004B0F
004B1F
004B2F
004B3F
004B4F
004B5F
004B70
004B80
004B90
004BA0
004BB0
004BC0
004BD0
004BE0
004BF1
004C01
004C11
004C21
004C32
004C42
004C52
004C63
004C73
004C83
004C94
004CA4
004CB4
004CC5
004CD5
004CE6
004CF6
004D06
004D17
004D27
004D38
004D48
004D59
004D6A
004D7A
004D8B
004D9B
004DAC
004DBD
004DCD
004DDE
004DEF
004DFF
004E10
004E21
004E32
004E42
004E53
004E64
004E75
004E86
004E96
004EA7
004EB8
004EC9
004EDA
004EEB
004EFC
004F0D
004F1E
004F2F
004F40
004F51
004F62
004F73
004F84
004F95
004FA6
004FB7
004FC8
004FDA
004FEB
004FFC
00500D
00501E
005030
005041
005052
005063
005075
005086
005097
0050A9
0050BA
0050CC
0050DD
0050EE
005100
005111
005123
005134
005146
005157
005169
00517A
00518C
00519E
0051AF
0051C1
0051D3
0051E4
0051F6
005208
005219
00522B
00523D
00524F
005260
005272
005284
005296
0052A8
0052B9
0052CB
0052DD
0052EF
005301
005313
005325
005337
005349
00535B
00536D
00537F
005391
0053A3
0053B5
0053C8
0053DA
0053EC
0053FE
005410
005423
005435
005447
005459
00546C
00547E
005490
0054A3
0054B5
0054C7
0054DA
0054EC
0054FF
005511
005523
005536
005548
00555B
00556E
005580
005593
0055A5
0055B8
0055CB
0055DD
0055F0
005603
005615
005628
00563B
00564E
005660
005673
005686
005699
0056AC
0056BE
0056D1
0056E4
0056F7
00570A
00571D
005730
005743
005756
005769
00577C
00578F
0057A2
0057B6
0057C9
0057DC
0057EF
005802
005815
005829
00583C
00584F
005862
005876
005889
00589C
0058B0
0058C3
0058D7
0058EA
0058FD
005911
005924
005938
00594B
00595F
005972
005986
00599A
0059AD
0059C1
0059D5
0059E8
0059FC
005A10
005A23
005A37
005A4B
005A5F
005A72
005A86
005A9A
005AAE
005AC2
005AD6
005AEA
005AFE
005B12
005B26
005B3A
005B4E
005B62
005B76
005B8A
005B9E
005BB2
005BC6
005BDA
005BEF
005C03
005C17
005C2B
005C40
005C54
005C68
005C7C
005C91
005CA5
005CBA
005CCE
005CE2
005CF7
005D0B
005D20
005D34
005D49
005D5D
005D72
005D87
005D9B
005DB0
005DC4
005DD9
005DEE
005E03
005E17
005E2C
005E41
005E56
005E6A
005E7F
005E94
005EA9
005EBE
005ED3
005EE8
005EFD
005F12
005F27
005F3C
005F51
005F66
005F7B
005F90
005FA5
005FBA
005FD0
005FE5
005FFA
00600F
006025
00603A
00604F
006064
00607A
00608F
0060A5
0060BA
0060CF
0060E5
0060FA
006110
006125
00613B
006151
006166
00617C
006191
0061A7
0061BD
0061D2
0061E8
0061FE
006214
006229
00623F
006255
00626B
006281
006297
0062AD
0062C3
0062D8
0062EE
006304
00631B
006331
006347
00635D
006373
006389
00639F
0063B5
0063CC
0063E2
0063F8
00640E
006425
00643B
006451
006468
00647E
006494
0064AB
0064C1
0064D8
0064EE
006505
00651B
006532
006549
00655F
006576
00658D
0065A3
0065BA
0065D1
0065E7
0065FE
006615
00662C
006643
00665A
006671
006687
00669E
0066B5
0066CC
0066E3
0066FA
006711
006729
006740
006757
00676E
006785
00679C
0067B4
0067CB
0067E2
0067F9
006811
006828
006840
006857
00686E
006886
00689D
0068B5
0068CC
0068E4
0068FB
006913
00692B
006942
00695A
006972
006989
0069A1
0069B9
0069D1
0069E8
006A00
006A18
006A30
006A48
006A60
006A78
006A90
006AA8
006AC0
006AD8
006AF0
006B08
006B20
006B38
006B51
006B69
006B81
006B99
006BB2
006BCA
006BE2
006BFB
006C13
006C2B
006C44
006C5C
006C75
006C8D
006CA6
006CBE
006CD7
006CF0
006D08
006D21
006D3A
006D52
006D6B
006D84
006D9D
006DB5
006DCE
006DE7
006E00
006E19
006E32
006E4B
006E64
006E7D
006E96
006EAF
006EC8
006EE1
006EFA
006F14
006F2D
006F46
006F5F
006F79
006F92
006FAB
006FC5
006FDE
006FF8
007011
00702A
007044
00705D
007077
007091
0070AA
0070C4
0070DE
0070F7
007111
00712B
007144
00715E
007178
007192
0071AC
0071C6
0071E0
0071FA
007214
00722E
007248
007262
00727C
007296
0072B0
0072CA
0072E5
0072FF
007319
007333
00734E
007368
007382
00739D
0073B7
0073D2
0073EC
007407
007421
00743C
007456
007471
00748C
0074A6
0074C1
0074DC
0074F7
007511
00752C
007547
007562
00757D
007598
0075B3
0075CE
0075E9
007604
00761F
00763A
007655
007670
00768C
0076A7
0076C2
0076DD
0076F9
007714
00772F
00774B
007766
007782
00779D
0077B9
0077D4
0077F0
00780B
007827
007843
00785E
00787A
007896
0078B2
0078CE
0078E9
007905
007921
00793D
007959
007975
007991
0079AD
0079C9
0079E5
007A01
007A1E
007A3A
007A56
007A72
007A8F
007AAB
007AC7
007AE4
007B00
007B1D
007B39
007B56
007B72
007B8F
007BAB
007BC8
007BE5
007C01
007C1E
007C3B
007C58
007C74
007C91
007CAE
007CCB
007CE8
007D05
007D22
007D3F
007D5C
007D79
007D96
007DB3
007DD1
007DEE
007E0B
007E28
007E46
007E63
007E80
007E9E
007EBB
007ED9
007EF6
007F14
007F31
007F4F
007F6D
007F8A
007FA8
007FC6
007FE3
008001
00801F
00803D
00805B
008079
008097
0080B5
0080D3
0080F1
00810F
00812D
00814B
008169
008188
0081A6
0081C4
0081E2
008201
00821F
00823E
00825C
00827B
008299
0082B8
0082D6
0082F5
008314
008332
008351
008370
00838E
0083AD
0083CC
0083EB
00840A
008429
008448
008467
008486
0084A5
0084C4
0084E3
008503
008522
008541
008560
008580
00859F
0085BE
0085DE
0085FD
00861D
00863C
00865C
00867C
00869B
0086BB
0086DB
0086FA
00871A
00873A
00875A
00877A
00879A
0087BA
0087DA
0087FA
00881A
00883A
00885A
00887A
00889A
0088BB
0088DB
0088FB
00891B
00893C
00895C
00897D
00899D
0089BE
0089DE
0089FF
008A20
008A40
008A61
008A82
008AA2
008AC3
008AE4
008B05
008B26
008B47
008B68
008B89
008BAA
008BCB
008BEC
008C0D
008C2F
008C50
008C71
008C93
008CB4
008CD5
008CF7
008D18
008D3A
008D5B
008D7D
008D9E
008DC0
008DE2
008E04
008E25
008E47
008E69
008E8B
008EAD
008ECF
008EF1
008F13
008F35
008F57
008F79
008F9B
008FBE
008FE0
009002
009025
009047
009069
00908C
0090AE
0090D1
0090F3
009116
009139
00915B
00917E
0091A1
0091C4
0091E7
00920A
00922C
00924F
009272
009295
0092B9
0092DC
0092FF
009322
009345
009369
00938C
0093AF
0093D3
0093F6
00941A
00943D
009461
009484
0094A8
0094CC
0094EF
009513
009537
00955B
00957F
0095A3
0095C7
0095EB
00960F
009633
009657
00967B
00969F
0096C4
0096E8
00970C
009731
009755
009779
00979E
0097C2
0097E7
00980C
009830
009855
00987A
00989F
0098C3
0098E8
00990D
009932
009957
00997C
0099A1
0099C6
0099EC
009A11
009A36
009A5B
009A81
009AA6
009ACC
009AF1
009B16
009B3C
009B62
009B87
009BAD
009BD3
009BF8
009C1E
009C44
009C6A
009C90
009CB6
009CDC
009D02
009D28
009D4E
009D75
009D9B
009DC1
009DE7
009E0E
009E34
009E5B
009E81
009EA8
009ECE
009EF5
009F1C
009F42
009F69
009F90
009FB7
009FDE
00A005
00A02C
00A053
00A07A
00A0A1
00A0C8
00A0EF
00A117
00A13E
00A165
00A18D
00A1B4
00A1DC
00A203
00A22B
00A252
00A27A
00A2A2
00A2CA
00A2F1
00A319
00A341
00A369
00A391
00A3B9
00A3E1
00A40A
00A432
00A45A
00A482
00A4AB
00A4D3
00A4FB
00A524
00A54C
00A575
00A59D
00A5C6
00A5EF
00A618
00A640
00A669
00A692
00A6BB
00A6E4
00A70D
00A736
00A75F
00A788
00A7B2
00A7DB
00A804
00A82E
00A857
00A881
00A8AA
00A8D4
00A8FD
00A927
00A951
00A97A
00A9A4
00A9CE
00A9F8
00AA22
00AA4C
00AA76
00AAA0
00AACA
00AAF4
00AB1F
00AB49
00AB73
00AB9E
00ABC8
00ABF3
00AC1D
00AC48
00AC72
00AC9D
00ACC8
00ACF3
00AD1D
00AD48
00AD73
00AD9E
00ADC9
00ADF4
00AE20
00AE4B
00AE76
00AEA1
00AECD
00AEF8
00AF24
00AF4F
00AF7B
00AFA6
00AFD2
00AFFE
00B029
00B055
00B081
00B0AD
00B0D9
00B105
00B131
00B15D
00B189
00B1B6
00B1E2
00B20E
00B23B
00B267
00B293
00B2C0
00B2ED
00B319
00B346
00B373
00B3A0
00B3CC
00B3F9
00B426
00B453
00B480
00B4AD
00B4DB
00B508
00B535
00B563
00B590
00B5BD
00B5EB
00B618
00B646
00B674
00B6A1
00B6CF
00B6FD
00B72B
00B759
00B787
00B7B5
00B7E3
00B811
00B83F
00B86E
00B89C
00B8CA
00B8F9
00B927
00B956
00B984
00B9B3
00B9E2
00BA10
00BA3F
00BA6E
00BA9D
00BACC
00BAFB
00BB2A
00BB59
00BB89
00BBB8
00BBE7
00BC17
00BC46
00BC75
00BCA5
00BCD5
00BD04
00BD34
00BD64
00BD94
00BDC4
00BDF4
00BE24
00BE54
00BE84
00BEB4
00BEE4
00BF14
00BF45
00BF75
00BFA6
00BFD6
00C007
00C037
00C068
00C099
00C0CA
00C0FB
00C12C
00C15D
00C18E
00C1BF
00C1F0
00C221
00C252
00C284
00C2B5
00C2E7
00C318
00C34A
00C37B
00C3AD
00C3DF
00C411
00C443
00C475
00C4A7
00C4D9
00C50B
00C53D
00C56F
00C5A2
00C5D4
00C606
00C639
00C66C
00C69E
00C6D1
00C704
00C736
00C769
00C79C
00C7CF
00C802
00C835
00C869
00C89C
00C8CF
00C902
00C936
00C969
00C99D
00C9D1
00CA04
00CA38
00CA6C
00CAA0
00CAD4
00CB08
00CB3C
00CB70
00CBA4
00CBD8
00CC0D
00CC41
00CC75
00CCAA
00CCDE
00CD13
00CD48
00CD7C
00CDB1
00CDE6
00CE1B
00CE50
00CE85
00CEBA
00CEF0
00CF25
00CF5A
00CF90
00CFC5
00CFFB
00D030
00D066
00D09C
00D0D1
00D107
00D13D
00D173
00D1A9
00D1DF
00D216
00D24C
00D282
00D2B9
00D2EF
00D326
00D35C
00D393
00D3CA
00D400
00D437
00D46E
00D4A5
00D4DC
00D514
00D54B
00D582
00D5B9
00D5F1
00D628
00D660
00D697
00D6CF
00D707
00D73F
00D777
00D7AF
00D7E7
00D81F
00D857
00D88F
00D8C7
00D900
00D938
00D971
00D9A9
00D9E2
00DA1B
00DA53
00DA8C
00DAC5
00DAFE
00DB37
00DB70
00DBAA
00DBE3
00DC1C
00DC56
00DC8F
00DCC9
00DD03
00DD3C
00DD76
00DDB0
00DDEA
00DE24
00DE5E
00DE98
00DED2
00DF0D
00DF47
00DF81
00DFBC
00DFF6
00E031
00E06C
00E0A7
00E0E2
00E11C
00E157
00E193
00E1CE
00E209
00E244
00E280
00E2BB
00E2F7
00E332
00E36E
00E3AA
00E3E6
00E422
00E45E
00E49A
00E4D6
00E512
00E54E
00E58B
00E5C7
00E604
00E640
00E67D
00E6BA
00E6F6
00E733
00E770
00E7AD
00E7EA
00E828
00E865
00E8A2
00E8E0
00E91D
00E95B
00E998
00E9D6
00EA14
00EA52
00EA90
00EACE
00EB0C
00EB4A
00EB88
00EBC7
00EC05
00EC44
00EC82
00ECC1
00ED00
00ED3F
00ED7E
00EDBD
00EDFC
00EE3B
00EE7A
00EEB9
00EEF9
00EF38
00EF78
00EFB7
00EFF7
00F037
00F077
00F0B7
00F0F7
00F137
00F177
00F1B7
00F1F8
00F238
00F279
00F2B9
00F2FA
00F33B
00F37B
00F3BC
00F3FD
00F43F
00F480
00F4C1
00F502
00F544
00F585
00F5C7
00F608
00F64A
00F68C
00F6CE
00F710
00F752
00F794
00F7D7
00F819
00F85B
00F89E
00F8E0
00F923
00F966
00F9A9
00F9EC
00FA2F
00FA72
00FAB5
00FAF8
00FB3C
00FB7F
00FBC3
00FC06
00FC4A
00FC8E
00FCD2
00FD15
00FD5A
00FD9E
00FDE2
00FE26
00FE6B
00FEAF
00FEF4
00FF38
00FF7D
00FFC2
010007
01004C
010091
0100D6
01011B
010161
0101A6
0101EC
010231
010277
0102BD
010303
010349
01038F
0103D5
01041B
010462
0104A8
0104EF
010535
01057C
0105C3
01060A
010651
010698
0106DF
010726
01076D
0107B5
0107FC
010844
01088C
0108D3
01091B
010963
0109AB
0109F4
010A3C
010A84
010ACD
010B15
010B5E
010BA7
010BEF
010C38
010C81
010CCB
010D14
010D5D
010DA6
010DF0
010E39
010E83
010ECD
010F17
010F61
010FAB
010FF5
01103F
01108A
0110D4
01111F
011169
0111B4
0111FF
01124A
011295
0112E0
01132B
011376
0113C2
01140D
011459
0114A5
0114F0
01153C
011588
0115D4
011620
01166D
0116B9
011706
011752
01179F
0117EC
011839
011886
0118D3
011920
01196D
0119BB
011A08
011A56
011AA3
011AF1
011B3F
011B8D
011BDB
011C29
011C78
011CC6
011D14
011D63
011DB2
011E01
011E50
011E9F
011EEE
011F3D
011F8C
011FDC
01202B
01207B
0120CB
01211A
01216A
0121BA
01220B
01225B
0122AB
0122FC
01234C
01239D
0123EE
01243F
012490
0124E1
012532
012583
0125D5
012626
012678
0126CA
01271B
01276D
0127BF
012812
012864
0128B6
012909
01295B
0129AE
012A01
012A54
012AA7
012AFA
012B4D
012BA1
012BF4
012C48
012C9B
012CEF
012D43
012D97
012DEB
012E3F
012E94
012EE8
012F3D
012F92
012FE6
01303B
013090
0130E5
01313B
013190
0131E6
01323B
013291
0132E7
01333D
013393
0133E9
01343F
013495
0134EC
013542
013599
0135F0
013647
01369E
0136F5
01374D
0137A4
0137FB
013853
0138AB
013903
01395B
0139B3
013A0B
013A63
013ABC
013B14
013B6D
013BC6
013C1F
013C78
013CD1
013D2A
013D84
013DDD
013E37
013E91
013EEA
013F44
013F9F
013FF9
014053
0140AE
014108
014163
0141BE
014219
014274
0142CF
01432A
014386
0143E1
01443D
014499
0144F5
014551
0145AD
014609
014666
0146C2
01471F
01477C
0147D8
014836
014893
0148F0
01494D
0149AB
014A09
014A66
014AC4
014B22
014B80
014BDF
014C3D
014C9C
014CFA
014D59
014DB8
014E17
014E76
014ED5
014F35
014F94
014FF4
015054
0150B4
015114
015174
0151D4
015235
015295
0152F6
015357
0153B8
015419
01547A
0154DC
01553D
01559F
015600
015662
0156C4
015726
015789
0157EB
01584E
0158B0
015913
015976
0159D9
015A3C
015AA0
015B03
015B67
015BCA
015C2E
015C92
015CF6
015D5B
015DBF
015E24
015E88
015EED
015F52
015FB7
01601C
016082
0160E7
01614D
0161B3
016219
01627F
0162E5
01634B
0163B2
016418
01647F
0164E6
01654D
0165B4
01661B
016683
0166EA
016752
0167BA
016822
01688A
0168F2
01695B
0169C3
016A2C
016A95
016AFE
016B67
016BD0
016C39
016CA3
016D0D
016D76
016DE0
016E4B
016EB5
016F1F
016F8A
016FF4
01705F
0170CA
017135
0171A1
01720C
017278
0172E3
01734F
0173BB
017427
017494
017500
01756D
0175DA
017646
0176B3
017721
01778E
0177FB
017869
0178D7
017945
0179B3
017A21
017A90
017AFE
017B6D
017BDC
017C4B
017CBA
017D29
017D98
017E08
017E78
017EE8
017F58
017FC8
018038
0180A9
01811A
01818A
0181FB
01826C
0182DE
01834F
0183C1
018433
0184A4
018517
018589
0185FB
01866E
0186E0
018753
0187C6
018839
0188AD
018920
018994
018A08
018A7C
018AF0
018B64
018BD8
018C4D
018CC2
018D37
018DAC
018E21
018E96
018F0C
018F82
018FF8
01906E
0190E4
01915A
0191D1
019247
0192BE
019335
0193AC
019424
01949B
019513
01958B
019603
01967B
0196F3
01976C
0197E5
01985D
0198D6
019950
0199C9
019A42
019ABC
019B36
019BB0
019C2A
019CA5
019D1F
019D9A
019E15
019E90
019F0B
019F86
01A002
01A07D
01A0F9
01A175
01A1F2
01A26E
01A2EB
01A367
01A3E4
01A461
01A4DF
01A55C
01A5DA
01A658
01A6D5
01A754
01A7D2
01A850
01A8CF
01A94E
01A9CD
01AA4C
01AACC
01AB4B
01ABCB
01AC4B
01ACCB
01AD4B
01ADCC
01AE4C
01AECD
01AF4E
01AFCF
01B050
01B0D2
01B154
01B1D6
01B258
01B2DA
01B35C
01B3DF
01B462
01B4E5
01B568
01B5EB
01B66F
01B6F2
01B776
01B7FA
01B87F
01B903
01B988
01BA0D
01BA92
01BB17
01BB9C
01BC22
01BCA7
01BD2D
01BDB4
01BE3A
01BEC0
01BF47
01BFCE
01C055
01C0DC
01C164
01C1EB
01C273
01C2FB
01C383
01C40C
01C494
01C51D
01C5A6
01C62F
01C6B9
01C742
01C7CC
01C856
01C8E0
01C96B
01C9F5
01CA80
01CB0B
01CB96
01CC21
01CCAD
01CD38
01CDC4
01CE50
01CEDD
01CF69
01CFF6
01D083
01D110
01D19D
01D22B
01D2B9
01D346
01D3D5
01D463
01D4F1
01D580
01D60F
01D69E
01D72D
01D7BD
01D84D
01D8DD
01D96D
01D9FD
01DA8E
01DB1E
01DBAF
01DC40
01DCD2
01DD63
01DDF5
01DE87
01DF19
01DFAC
01E03E
01E0D1
01E164
01E1F7
01E28B
01E31F
01E3B2
01E446
01E4DB
01E56F
01E604
01E699
01E72E
01E7C3
01E859
01E8EF
01E985
01EA1B
01EAB1
01EB48
01EBDF
01EC76
01ED0D
01EDA5
01EE3C
01EED4
01EF6C
01F005
01F09D
01F136
01F1CF
01F269
01F302
01F39C
01F436
01F4D0
01F56A
01F605
01F69F
01F73A
01F7D6
01F871
01F90D
01F9A9
01FA45
01FAE1
01FB7E
01FC1B
01FCB8
01FD55
01FDF2
01FE90
01FF2E
01FFCC
02006B
020109
0201A8
020247
0202E7
020386
020426
0204C6
020566
020607
0206A7
020748
0207E9
02088B
02092C
0209CE
020A70
020B13
020BB5
020C58
020CFB
020D9F
020E42
020EE6
020F8A
02102E
0210D3
021177
02121C
0212C1
021367
02140C
0214B2
021559
0215FF
0216A6
02174C
0217F4
02189B
021943
0219EA
021A93
021B3B
021BE4
021C8C
021D35
021DDF
021E88
021F32
021FDC
022087
022131
0221DC
022287
022332
0223DE
02248A
022536
0225E2
02268F
02273C
0227E9
022896
022944
0229F2
022AA0
022B4E
022BFD
022CAC
022D5B
022E0A
022EBA
022F6A
02301A
0230CA
02317B
02322C
0232DD
02338F
023440
0234F2
0235A5
023657
02370A
0237BD
023870
023924
0239D8
023A8C
023B40
023BF5
023CAA
023D5F
023E15
023ECA
023F80
024037
0240ED
0241A4
02425B
024312
0243CA
024482
02453A
0245F3
0246AB
024764
02481E
0248D7
024991
024A4B
024B05
024BC0
024C7B
024D36
024DF2
024EAE
024F6A
025026
0250E3
02519F
02525D
02531A
0253D8
025496
025554
025613
0256D2
025791
025850
025910
0259D0
025A90
025B51
025C12
025CD3
025D95
025E56
025F18
025FDB
02609D
026160
026224
0262E7
0263AB
02646F
026534
0265F8
0266BD
026783
026848
02690E
0269D4
026A9B
026B62
026C29
026CF0
026DB8
026E80
026F48
027011
0270DA
0271A3
02726C
027336
027400
0274CB
027596
027661
02772C
0277F8
0278C4
027990
027A5D
027B2A
027BF7
027CC4
027D92
027E61
027F2F
027FFE
0280CD
02819C
02826C
02833C
02840D
0284DD
0285AE
028680
028751
028823
0288F6
0289C8
028A9B
028B6F
028C42
028D16
028DEA
028EBF
028F94
029069
02913F
029215
0292EB
0293C2
029498
029570
029647
02971F
0297F7
0298D0
0299A9
029A82
029B5C
029C35
029D10
029DEA
029EC5
029FA0
02A07C
02A158
02A234
02A311
02A3EE
02A4CB
02A5A9
02A687
02A765
02A844
02A923
02AA02
02AAE2
02ABC2
02ACA2
02AD83
02AE64
02AF46
02B028
02B10A
02B1EC
02B2CF
02B3B2
02B496
02B57A
02B65E
02B743
02B828
02B90D
02B9F3
02BAD9
02BBC0
02BCA6
02BD8E
02BE75
02BF5D
02C045
02C12E
02C217
02C300
02C3EA
02C4D4
02C5BF
02C6A9
02C795
02C880
02C96C
02CA59
02CB45
02CC32
02CD20
02CE0E
02CEFC
02CFEA
02D0D9
02D1C9
02D2B9
02D3A9
02D499
02D58A
02D67B
02D76D
02D85F
02D951
02DA44
02DB37
02DC2B
02DD1F
02DE13
02DF08
02DFFD
02E0F2
02E1E8
02E2DF
02E3D5
02E4CC
02E5C4
02E6BC
02E7B4
02E8AD
02E9A6
02EA9F
02EB99
02EC93
02ED8E
02EE89
02EF84
02F080
02F17D
02F279
02F376
02F474
02F572
02F670
02F76F
02F86E
02F96E
02FA6E
02FB6E
02FC6F
02FD70
02FE72
02FF74
030076
030179
03027C
030380
030484
030589
03068E
030793
030899
03099F
030AA6
030BAD
030CB4
030DBC
030EC5
030FCE
0310D7
0311E1
0312EB
0313F5
031500
03160C
031718
031824
031931
031A3E
031B4B
031C5A
031D68
031E77
031F86
032096
0321A7
0322B7
0323C8
0324DA
0325EC
0326FF
032812
032925
032A39
032B4D
032C62
032D78
032E8D
032FA4
0330BA
0331D1
0332E9
033401
033519
033632
03374C
033866
033980
033A9B
033BB6
033CD2
033DEE
033F0B
034028
034146
034264
034383
0344A2
0345C1
0346E1
034802
034923
034A45
034B67
034C89
034DAC
034ED0
034FF4
035118
03523D
035362
035488
0355AF
0356D6
0357FD
035925
035A4D
035B76
035CA0
035DCA
035EF4
03601F
03614A
036276
0363A3
0364D0
0365FD
03672B
03685A
036989
036AB8
036BE8
036D19
036E4A
036F7B
0370AD
0371E0
037313
037447
03757B
0376B0
0377E5
03791B
037A51
037B88
037CBF
037DF7
037F30
038069
0381A2
0382DC
038417
038552
03868E
0387CA
038907
038A44
038B82
038CC0
038DFF
038F3F
03907F
0391BF
039301
039442
039585
0396C8
03980B
03994F
039A93
039BD9
039D1E
039E64
039FAB
03A0F3
03A23A
03A383
03A4CC
03A616
03A760
03A8AB
03A9F6
03AB42
03AC8F
03ADDC
03AF29
03B078
03B1C7
03B316
03B466
03B5B7
03B708
03B85A
03B9AC
03BAFF
03BC53
03BDA7
03BEFC
03C051
03C1A7
03C2FE
03C455
03C5AD
03C706
03C85F
03C9B8
03CB13
03CC6D
03CDC9
03CF25
03D082
03D1DF
03D33D
03D49C
03D5FB
03D75B
03D8BB
03DA1D
03DB7E
03DCE1
03DE44
03DFA7
03E10C
03E271
03E3D6
03E53C
03E6A3
03E80B
03E973
03EADC
03EC45
03EDAF
03EF1A
03F086
03F1F2
03F35E
03F4CC
03F63A
03F7A8
03F918
03FA88
03FBF9
03FD6A
03FEDC
04004F
0401C2
040336
0404AB
040620
040796
04090D
040A85
040BFD
040D76
040EEF
041069
0411E4
041360
0414DC
041659
0417D7
041955
041AD4
041C54
041DD5
041F56
0420D8
04225A
0423DE
042562
0426E7
04286C
0429F2
042B79
042D01
042E89
043012
04319C
043327
0434B2
04363E
0437CB
043959
043AE7
043C76
043E06
043F96
044127
0442B9
04444C
0445E0
044774
044909
044A9F
044C35
044DCC
044F65
0450FD
045297
045431
0455CC
045768
045905
045AA3
045C41
045DE0
045F80
046120
0462C2
046464
046607
0467AB
04694F
046AF5
046C9B
046E42
046FEA
047192
04733C
0474E6
047691
04783D
0479EA
047B97
047D45
047EF4
0480A4
048255
048407
0485B9
04876D
048921
048AD6
048C8C
048E42
048FFA
0491B2
04936B
049526
0496E0
04989C
049A59
049C16
049DD5
049F94
04A154
04A315
04A4D7
04A69A
04A85D
04AA22
04ABE7
04ADAE
04AF75
04B13D
04B306
04B4D0
04B69A
04B866
04BA33
04BC00
04BDCE
04BF9E
04C16E
04C33F
04C511
04C6E4
04C8B8
04CA8D
04CC62
04CE39
04D011
04D1E9
04D3C3
04D59D
04D778
04D955
04DB32
04DD10
04DEEF
04E0CF
04E2B0
04E493
04E676
04E859
04EA3E
04EC24
04EE0B
04EFF3
04F1DC
04F3C6
04F5B1
04F79C
04F989
04FB77
04FD66
04FF56
050146
050338
05052B
05071F
050914
050B0A
050D00
050EF8
0510F1
0512EB
0514E6
0516E2
0518DF
051ADD
051CDD
051EDD
0520DE
0522E0
0524E4
0526E8
0528EE
052AF4
052CFC
052F04
05310E
053319
053525
053732
053940
053B4F
053D60
053F71
054183
054397
0545AC
0547C1
0549D8
054BF0
054E09
055024
05523F
05545C
055679
055898
055AB8
055CD9
055EFB
05611F
056343
056569
056790
0569B7
056BE1
056E0B
057036
057263
057491
0576C0
0578F0
057B22
057D54
057F88
0581BD
0583F3
05862B
058863
058A9D
058CD8
058F14
059152
059391
0595D1
059812
059A54
059C98
059EDD
05A123
05A36B
05A5B3
05A7FD
05AA49
05AC95
05AEE3
05B132
05B382
05B5D4
05B827
05BA7B
05BCD1
05BF28
05C180
05C3D9
05C634
05C890
05CAED
05CD4C
05CFAC
05D20E
05D470
05D6D5
05D93A
05DBA1
05DE09
05E072
05E2DD
05E54A
05E7B7
05EA26
05EC97
05EF08
05F17C
05F3F0
05F666
05F8DD
05FB56
05FDD0
06004C
0602C9
060547
0607C7
060A49
060CCB
060F50
0611D5
06145C
0616E5
06196F
061BFB
061E88
062116
0623A6
062637
0628CA
062B5F
062DF5
06308C
063325
0635BF
06385B
063AF9
063D98
064038
0642DB
06457E
064823
064ACA
064D73
06501C
0652C8
065575
065824
065AD4
065D86
066039
0662EE
0665A5
06685D
066B17
066DD2
06708F
06734E
06760E
0678D0
067B94
067E59
068120
0683E9
0686B3
06897F
068C4D
068F1C
0691ED
0694C0
069795
069A6B
069D43
06A01C
06A2F8
06A5D5
06A8B4
06AB94
06AE77
06B15B
06B441
06B728
06BA12
06BCFD
06BFEA
06C2D9
06C5C9
06C8BC
06CBB0
06CEA6
06D19E
06D498
06D793
06DA91
06DD90
06E091
06E394
06E699
06E9A0
06ECA8
06EFB3
06F2BF
06F5CE
06F8DE
06FBF0
06FF04
07021A
070532
07084C
070B68
070E86
0711A5
0714C7
0717EB
071B11
071E38
072162
07248E
0727BC
072AEB
072E1D
073151
073487
0737BF
073AF9
073E35
074173
0744B3
0747F6
074B3A
074E81
0751C9
075514
075861
075BB0
075F01
076254
0765AA
076901
076C5B
076FB7
077315
077676
0779D8
077D3D
0780A4
07840D
078779
078AE7
078E57
0791C9
07953E
0798B4
079C2E
079FA9
07A327
07A6A7
07AA29
07ADAE
07B135
07B4BE
07B84A
07BBD8
07BF69
07C2FC
07C691
07CA28
07CDC3
07D15F
07D4FE
07D89F
07DC43
07DFEA
07E392
07E73E
07EAEB
07EE9C
07F24E
07F604
07F9BC
07FD76
080133
0804F2
0808B4
080C79
081040
08140A
0817D6
081BA5
081F77
08234B
082722
082AFB
082ED8
0832B6
083698
083A7C
083E63
08424D
08463A
084A29
084E1B
08520F
085607
085A01
085DFE
0861FE
086601
086A06
086E0F
08721A
087628
087A39
087E4D
088264
08867D
088A9A
088EB9
0892DC
089701
089B2A
089F55
08A384
08A7B5
08ABE9
08B021
08B45B
08B899
08BCDA
08C11D
08C564
08C9AE
08CDFB
08D24B
08D69E
08DAF5
08DF4F
08E3AB
08E80B
08EC6F
08F0D5
08F53F
08F9AC
08FE1C
090290
090706
090B80
090FFE
09147F
091903
091D8A
092215
0926A3
092B35
092FCA
093463
0938FF
093D9E
094241
0946E7
094B91
09503F
0954F0
0959A4
095E5C
096318
0967D8
096C9A
097161
09762B
097AF9
097FCB
0984A0
098979
098E56
099336
09981A
099D02
09A1EE
09A6DE
09ABD1
09B0C9
09B5C4
09BAC3
09BFC6
09C4CD
09C9D7
09CEE6
09D3F9
09D910
09DE2A
09E349
09E86C
09ED93
09F2BE
09F7ED
09FD20
0A0257
0A0793
0A0CD2
0A1216
0A175E
0A1CAA
0A21FB
0A274F
0A2CA8
0A3206
0A3767
0A3CCD
0A4238
0A47A7
0A4D1A
0A5291
0A580D
0A5D8E
0A6313
0A689D
0A6E2B
0A73BD
0A7954
0A7EF0
0A8491
0A8A36
0A8FDF
0A958E
0A9B41
0AA0F9
0AA6B5
0AAC77
0AB23D
0AB808
0ABDD8
0AC3AC
0AC986
0ACF64
0AD548
0ADB30
0AE11E
0AE710
0AED07
0AF304
0AF906
0AFF0C
0B0518
0B0B29
0B113F
0B175A
0B1D7B
0B23A1
0B29CC
0B2FFD
0B3632
0B3C6D
0B42AE
0B48F4
0B4F3F
0B5590
0B5BE7
0B6243
0B68A4
0B6F0B
0B7578
0B7BEA
0B8262
0B88E0
0B8F63
0B95EC
0B9C7B
0BA310
0BA9AA
0BB04B
0BB6F1
0BBD9E
0BC450
0BCB08
0BD1C6
0BD88B
0BDF55
0BE626
0BECFC
0BF3D9
0BFABC
0C01A6
0C0895
0C0F8B
0C1688
0C1D8A
0C2493
0C2BA3
0C32B9
0C39D5
0C40F8
0C4822
0C4F52
0C5689
0C5DC7
0C650B
0C6C56
0C73A8
0C7B01
0C8261
0C89C7
0C9135
0C98A9
0CA025
0CA7A7
0CAF31
0CB6C2
0CBE5A
0CC5F9
0CCD9F
0CD54D
0CDD02
0CE4BE
0CEC82
0CF44E
0CFC20
0D03FB
0D0BDD
0D13C6
0D1BB7
0D23B0
0D2BB1
0D33BA
0D3BCA
0D43E2
0D4C02
0D542A
0D5C5B
0D6493
0D6CD3
0D751C
0D7D6C
0D85C5
0D8E27
0D9690
0D9F02
0DA77D
0DAFFF
0DB88B
0DC11F
0DC9BC
0DD261
0DDB0F
0DE3C6
0DEC86
0DF54F
0DFE20
0E06FB
0E0FDF
0E18CB
0E21C1
0E2AC1
0E33C9
0E3CDB
0E45F6
0E4F1B
0E5849
0E6180
0E6AC2
0E740D
0E7D61
0E86C0
0E9028
0E999A
0EA317
0EAC9D
0EB62D
0EBFC8
0EC96C
0ED31B
0EDCD4
0EE698
0EF066
0EFA3F
0F0422
0F0E10
0F1809
0F220D
0F2C1B
0F3634
0F4059
0F4A88
0F54C3
0F5F08
0F6959
0F73B6
0F7E1E
0F8891
0F9310
0F9D9A
0FA831
0FB2D3
0FBD81
0FC83B
0FD301
0FDDD3
0FE8B1
0FF39C
0FFE93
100996
1014A6
101FC3
102AEC
103622
104164
104CB4
105811
10637B
106EF2
107A76
108608
1091A7
109D54
10A90E
10B4D7
10C0AC
10CC90
10D882
10E482
10F091
10FCAD
1108D8
111512
11215A
112DB1
113A17
11468B
11530F
115FA2
116C44
1178F5
1185B6
119287
119F67
11AC57
11B956
11C666
11D386
11E0B6
11EDF7
11FB48
1208AA
12161C
12239F
123133
123ED9
124C8F
125A57
126830
12761B
128418
129226
12A047
12AE7A
12BCBE
12CB16
12D980
12E7FC
12F68B
13052E
1313E3
1322AC
133188
134077
134F7B
135E92
136DBD
137CFC
138C50
139BB8
13AB35
13BAC6
13CA6D
13DA28
13E9F9
13F9E0
1409DB
1419ED
142A15
143A53
144AA7
145B12
146B93
147C2B
148CDA
149DA1
14AE7F
14BF74
14D082
14E1A7
14F2E4
15043A
1515A9
152730
1538D0
154A8A
155C5D
156E4A
158050
159271
15A4AB
15B701
15C971
15DBFC
15EEA2
160164
161441
16273A
163A50
164D82
1660D0
16743B
1687C4
169B6A
16AF2D
16C30E
16D70E
16EB2C
16FF69
1713C5
172840
173CDA
175195
17666F
177B6A
179086
17A5C2
17BB20
17D0A0
17E641
17FC05
1811EB
1827F5
183E21
185471
186AE5
18817D
189839
18AF1A
18C621
18DD4D
18F49F
190C18
1923B7
193B7D
19536B
196B80
1983BE
199C24
19B4B3
19CD6B
19E64E
19FF5A
1A1892
1A31F4
1A4B82
1A653B
1A7F21
1A9934
1AB374
1ACDE2
1AE87E
1B0349
1B1E43
1B396C
1B54C6
1B7050
1B8C0B
1BA7F8
1BC417
1BE069
1BFCEE
1C19A7
1C3694
1C53B6
1C710E
1C8E9B
1CAC5F
1CCA5B
1CE88E
1D06F9
1D259E
1D447C
1D6394
1D82E7
1DA276
1DC242
1DE24A
1E028F
1E2313
1E43D6
1E64D9
1E861C
1EA7A0
1EC966
1EEB6F
1F0DBB
1F304C
1F5322
1F763D
1F999F
1FBD49
1FE13B
200576
2029FB
204ECB
2073E7
209950
20BF07
20E50C
210B61
213207
2158FE
218048
21A7E5
21CFD7
21F81F
2220BE
2249B4
227304
229CAE
22C6B3
22F114
231BD4
2346F2
237271
239E51
23CA93
23F73A
242446
2451B8
247F93
24ADD7
24DC86
250BA2
253B2B
256B23
259B8D
25CC69
25FDB8
262F7E
2661BA
269470
26C7A0
26FB4C
272F77
276422
27994E
27CEFE
280534
283BF2
287339
28AB0B
28E36B
291C5B
2955DD
298FF3
29CA9F
2A05E5
2A41C5
2A7E42
2ABB5F
2AF91F
2B3783
2B768F
2BB645
2BF6A7
2C37B9
2C797D
2CBBF7
2CFF29
2D4315
2D87C0
2DCD2D
2E135E
2E5A56
2EA21A
2EEAAC
2F3411
2F7E4B
2FC95E
30154F
306220
30AFD6
30FE75
314E01
319E7E
31EFF0
32425C
3295C7
32EA34
333FA9
33962B
33EDBE
344668
34A02D
34FB14
355721
35B45B
3612C7
36726A
36D34C
373572
3798E3
37FDA5
3863BE
38CB37
393416
399E62
3A0A22
3A7760
3AE621
3B566F
3BC852
3C3BD3
3CB0FA
3D27D1
3DA060
3E1AB2
3E96D0
3F14C5
3F949B
40165D
