% gengamma_invsqrtpsi_lut : 4096 entries
% Format: signed Q4.19 (24-bit), scale = 2^19 = 524288, resolution = 1.907349e-06
% Quantisation error: max |e| = 9.535351e-07, RMS = 5.522145e-07
% addr_var = log2_abs_s
% addr_min = -2.814891882
% addr_max = 1.364134042
% entries = 4096
% solver = cubic
% expr = 1/sqrt(psi1(k))
% sli = 17
% guard = 13
% Columns: addr  exact_value  code(dec)  requantized  error
     0  +7.0357432670   3688756  +7.0357437134  +4.464e-07
     1  +7.0307655899   3686146  +7.0307655334  -5.647e-08
     2  +7.0257914274   3683538  +7.0257911682  -2.592e-07
     3  +7.0208207770   3680932  +7.0208206177  -1.594e-07
     4  +7.0158536362   3678328  +7.0158538818  +2.456e-07
     5  +7.0108900024   3675725  +7.0108890533  -9.491e-07
     6  +7.0059298733   3673125  +7.0059299469  +7.362e-08
     7  +7.0009732462   3670526  +7.0009727478  -4.984e-07
     8  +6.9960201188   3667929  +6.9960193634  -7.554e-07
     9  +6.9910704885   3665334  +6.9910697937  -6.948e-07
    10  +6.9861243528   3662741  +6.9861240387  -3.141e-07
    11  +6.9811817093   3660150  +6.9811820984  +3.891e-07
    12  +6.9762425555   3657560  +6.9762420654  -4.900e-07
    13  +6.9713068889   3654973  +6.9713077545  +8.656e-07
    14  +6.9663747070   3652387  +6.9663753510  +6.440e-07
    15  +6.9614460074   3649803  +6.9614467621  +7.547e-07
    16  +6.9565207875   3647220  +6.9565200806  -7.070e-07
    17  +6.9515990450   3644640  +6.9515991211  +7.609e-08
    18  +6.9466807773   3642061  +6.9466800690  -7.083e-07
    19  +6.9417659820   3639485  +6.9417667389  +7.569e-07
    20  +6.9368546566   3636910  +6.9368553162  +6.596e-07
    21  +6.9319467986   3634337  +6.9319477081  +9.095e-07
    22  +6.9270424056   3631765  +6.9270420074  -3.982e-07
    23  +6.9221414752   3629196  +6.9221420288  +5.536e-07
    24  +6.9172440048   3626628  +6.9172439575  -4.724e-08
    25  +6.9123499920   3624062  +6.9123497009  -2.910e-07
    26  +6.9074594343   3621498  +6.9074592590  -1.753e-07
    27  +6.9025723293   3618936  +6.9025726318  +3.025e-07
    28  +6.8976886746   3616375  +6.8976879120  -7.626e-07
    29  +6.8928084677   3613817  +6.8928089142  +4.465e-07
    30  +6.8879317061   3611260  +6.8879318237  +1.177e-07
    31  +6.8830583873   3608705  +6.8830585480  +1.606e-07
    32  +6.8781885091   3606152  +6.8781890869  +5.778e-07
    33  +6.8733220688   3603600  +6.8733215332  -5.356e-07
    34  +6.8684590641   3601051  +6.8684597015  +6.374e-07
    35  +6.8635994925   3598503  +6.8635997772  +2.847e-07
    36  +6.8587433516   3595957  +6.8587436676  +3.160e-07
    37  +6.8538906390   3593413  +6.8538913727  +7.337e-07
    38  +6.8490413521   3590870  +6.8490409851  -3.670e-07
    39  +6.8441954887   3588330  +6.8441963196  +8.309e-07
    40  +6.8393530461   3585791  +6.8393535614  +5.153e-07
    41  +6.8345140221   3583254  +6.8345146179  +5.958e-07
    42  +6.8296784142   3580718  +6.8296775818  -8.324e-07
    43  +6.8248462199   3578185  +6.8248462677  +4.779e-08
    44  +6.8200174369   3575653  +6.8200168610  -5.759e-07
    45  +6.8151920626   3573123  +6.8151912689  -7.937e-07
    46  +6.8103700948   3570595  +6.8103694916  -6.032e-07
    47  +6.8055515309   3568069  +6.8055515289  -1.967e-09
    48  +6.8007363686   3565544  +6.8007354736  -8.949e-07
    49  +6.7959246054   3563022  +6.7959251404  +5.350e-07
    50  +6.7911162389   3560501  +6.7911167145  +4.756e-07
    51  +6.7863112667   3557982  +6.7863121033  +8.366e-07
    52  +6.7815096864   3555464  +6.7815093994  -2.870e-07
    53  +6.7767114956   3552949  +6.7767124176  +9.220e-07
    54  +6.7719166918   3550435  +6.7719173431  +6.513e-07
    55  +6.7671252728   3547923  +6.7671260834  +8.106e-07
    56  +6.7623372359   3545412  +6.7623367310  -5.050e-07
    57  +6.7575525790   3542904  +6.7575531006  +5.216e-07
    58  +6.7527712995   3540397  +6.7527713776  +7.807e-08
    59  +6.7479933950   3537892  +6.7479934692  +7.419e-08
    60  +6.7432188633   3535389  +6.7432193756  +5.124e-07
    61  +6.7384477017   3532887  +6.7384471893  -5.124e-07
    62  +6.7336799081   3530388  +6.7336807251  +8.170e-07
    63  +6.7289154799   3527890  +6.7289161682  +6.883e-07
    64  +6.7241544148   3525393  +6.7241535187  -8.961e-07
    65  +6.7193967104   3522899  +6.7193965912  -1.192e-07
    66  +6.7146423643   3520406  +6.7146415710  -7.932e-07
    67  +6.7098913741   3517916  +6.7098922729  +8.989e-07
    68  +6.7051437374   3515426  +6.7051429749  -7.626e-07
    69  +6.7003994519   3512939  +6.7003993988  -5.310e-08
    70  +6.6956585152   3510453  +6.6956577301  -7.851e-07
    71  +6.6909209248   3507970  +6.6909217834  +8.586e-07
    72  +6.6861866784   3505487  +6.6861858368  -8.417e-07
    73  +6.6814557737   3503007  +6.6814556122  -1.616e-07
    74  +6.6767282083   3500528  +6.6767272949  -9.134e-07
    75  +6.6720039797   3498052  +6.6720046997  +7.200e-07
    76  +6.6672830856   3495577  +6.6672840118  +9.262e-07
    77  +6.6625655237   3493103  +6.6625652313  -2.924e-07
    78  +6.6578512916   3490632  +6.6578521729  +8.813e-07
    79  +6.6531403868   3488162  +6.6531410217  +6.349e-07
    80  +6.6484328071   3485694  +6.6484336853  +8.782e-07
    81  +6.6437285501   3483227  +6.6437282562  -2.939e-07
    82  +6.6390276134   3480763  +6.6390285492  +9.358e-07
    83  +6.6343299947   3478300  +6.6343307495  +7.548e-07
    84  +6.6296356915   3475838  +6.6296348572  -8.344e-07
    85  +6.6249447016   3473379  +6.6249446869  -1.474e-08
    86  +6.6202570226   3470921  +6.6202564240  -5.987e-07
    87  +6.6155726521   3468465  +6.6155719757  -6.764e-07
    88  +6.6108915878   3466011  +6.6108913422  -2.457e-07
    89  +6.6062138274   3463559  +6.6062145233  +6.959e-07
    90  +6.6015393684   3461108  +6.6015396118  +2.434e-07
    91  +6.5968682085   3458659  +6.5968685150  +3.065e-07
    92  +6.5922003455   3456212  +6.5922012329  +8.874e-07
    93  +6.5875357769   3453766  +6.5875358582  +8.129e-08
    94  +6.5828745004   3451322  +6.5828742981  -2.023e-07
    95  +6.5782165136   3448880  +6.5782165527  +3.912e-08
    96  +6.5735618143   3446440  +6.5735626221  +8.078e-07
    97  +6.5689104001   3444001  +6.5689105988  +1.987e-07
    98  +6.5642622686   3441564  +6.5642623901  +1.215e-07
    99  +6.5596174175   3439129  +6.5596179962  +5.787e-07
   100  +6.5549758446   3436695  +6.5549755096  -3.349e-07
   101  +6.5503375473   3434263  +6.5503368378  -7.096e-07
   102  +6.5457025236   3431833  +6.5457019806  -5.430e-07
   103  +6.5410707709   3429405  +6.5410709381  +1.672e-07
   104  +6.5364422870   3426978  +6.5364418030  -4.840e-07
   105  +6.5318170695   3424553  +6.5318164825  -5.869e-07
   106  +6.5271951162   3422130  +6.5271949768  -1.393e-07
   107  +6.5225764246   3419709  +6.5225772858  +8.611e-07
   108  +6.5179609926   3417289  +6.5179615021  +5.095e-07
   109  +6.5133488177   3414871  +6.5133495331  +7.154e-07
   110  +6.5087398977   3412454  +6.5087394714  -4.263e-07
   111  +6.5041342302   3410040  +6.5041351318  +9.016e-07
   112  +6.4995318129   3407627  +6.4995326996  +8.866e-07
   113  +6.4949326436   3405215  +6.4949321747  -4.689e-07
   114  +6.4903367199   3402806  +6.4903373718  +6.520e-07
   115  +6.4857440394   3400398  +6.4857444763  +4.369e-07
   116  +6.4811546000   3397992  +6.4811553955  +7.955e-07
   117  +6.4765683992   3395587  +6.4765682220  -1.772e-07
   118  +6.4719854348   3393184  +6.4719848633  -5.716e-07
   119  +6.4674057045   3390783  +6.4674053192  -3.853e-07
   120  +6.4628292060   3388384  +6.4628295898  +3.838e-07
   121  +6.4582559370   3385986  +6.4582557678  -1.692e-07
   122  +6.4536858951   3383590  +6.4536857605  -1.346e-07
   123  +6.4491190782   3381196  +6.4491195679  +4.897e-07
   124  +6.4445554838   3378803  +6.4445552826  -2.012e-07
   125  +6.4399951098   3376412  +6.4399948120  -2.978e-07
   126  +6.4354379537   3374023  +6.4354381561  +2.024e-07
   127  +6.4308840134   3371635  +6.4308834076  -6.058e-07
   128  +6.4263332865   3369249  +6.4263324738  -8.128e-07
   129  +6.4217857708   3366865  +6.4217853546  -4.162e-07
   130  +6.4172414640   3364483  +6.4172420502  +5.862e-07
   131  +6.4127003637   3362102  +6.4127006531  +2.894e-07
   132  +6.4081624677   3359723  +6.4081630707  +6.029e-07
   133  +6.4036277738   3357345  +6.4036273956  -3.782e-07
   134  +6.3990962796   3354969  +6.3990955353  -7.444e-07
   135  +6.3945679829   3352595  +6.3945674896  -4.933e-07
   136  +6.3900428814   3350223  +6.3900432587  +3.773e-07
   137  +6.3855209728   3347852  +6.3855209351  -3.777e-08
   138  +6.3810022549   3345483  +6.3810024261  +1.713e-07
   139  +6.3764867253   3343115  +6.3764858246  -9.008e-07
   140  +6.3719743819   3340750  +6.3719749451  +5.631e-07
   141  +6.3674652223   3338386  +6.3674659729  +7.506e-07
   142  +6.3629592443   3336023  +6.3629589081  -3.363e-07
   143  +6.3584564457   3333662  +6.3584556580  -7.877e-07
   144  +6.3539568241   3331303  +6.3539562225  -6.015e-07
   145  +6.3494603772   3328946  +6.3494606018  +2.246e-07
   146  +6.3449671030   3326590  +6.3449668884  -2.145e-07
   147  +6.3404769990   3324236  +6.3404769897  -9.226e-09
   148  +6.3359900630   3321884  +6.3359909058  +8.428e-07
   149  +6.3315062928   3319533  +6.3315067291  +4.363e-07
   150  +6.3270256861   3317184  +6.3270263672  +6.810e-07
   151  +6.3225482408   3314836  +6.3225479126  -3.282e-07
   152  +6.3180739544   3312490  +6.3180732727  -6.817e-07
   153  +6.3136028248   3310146  +6.3136024475  -3.773e-07
   154  +6.3091348497   3307804  +6.3091354370  +5.873e-07
   155  +6.3046700269   3305463  +6.3046703339  +3.070e-07
   156  +6.3002083541   3303124  +6.3002090454  +6.913e-07
   157  +6.2957498292   3300786  +6.2957496643  -1.649e-07
   158  +6.2912944498   3298450  +6.2912940979  -3.519e-07
   159  +6.2868422137   3296116  +6.2868423462  +1.325e-07
   160  +6.2823931187   3293783  +6.2823925018  -6.169e-07
   161  +6.2779471626   3291452  +6.2779464722  -6.904e-07
   162  +6.2735043430   3289123  +6.2735042572  -8.584e-08
   163  +6.2690646579   3286795  +6.2690639496  -7.083e-07
   164  +6.2646281049   3284469  +6.2646274567  -6.482e-07
   165  +6.2601946818   3282145  +6.2601947784  +9.664e-08
   166  +6.2557643864   3279822  +6.2557640076  -3.789e-07
   167  +6.2513372165   3277501  +6.2513370514  -1.651e-07
   168  +6.2469131698   3275182  +6.2469139099  +7.401e-07
   169  +6.2424922442   3272864  +6.2424926758  +4.316e-07
   170  +6.2380744373   3270548  +6.2380752563  +8.190e-07
   171  +6.2336597471   3268233  +6.2336597443  -2.809e-09
   172  +6.2292481712   3265920  +6.2292480469  -1.243e-07
   173  +6.2248397074   3263609  +6.2248401642  +4.568e-07
   174  +6.2204343536   3261299  +6.2204341888  -1.647e-07
   175  +6.2160321075   3258991  +6.2160320282  -7.926e-08
   176  +6.2116329668   3256685  +6.2116336823  +7.154e-07
   177  +6.2072369295   3254380  +6.2072372437  +3.141e-07
   178  +6.2028439933   3252077  +6.2028446198  +6.264e-07
   179  +6.1984541560   3249775  +6.1984539032  -2.528e-07
   180  +6.1940674153   3247475  +6.1940670013  -4.139e-07
   181  +6.1896837691   3245177  +6.1896839142  +1.451e-07
   182  +6.1853032151   3242880  +6.1853027344  -4.807e-07
   183  +6.1809257512   3240585  +6.1809253693  -3.820e-07
   184  +6.1765513752   3238292  +6.1765518188  +4.437e-07
   185  +6.1721800848   3236000  +6.1721801758  +9.094e-08
   186  +6.1678118779   3233710  +6.1678123474  +4.695e-07
   187  +6.1634467523   3231421  +6.1634464264  -3.259e-07
   188  +6.1590847058   3229134  +6.1590843201  -3.857e-07
   189  +6.1547257361   3226849  +6.1547260284  +2.923e-07
   190  +6.1503698412   3224565  +6.1503696442  -1.970e-07
   191  +6.1460170187   3222283  +6.1460170746  +5.584e-08
   192  +6.1416672666   3220002  +6.1416664124  -8.543e-07
   193  +6.1373205826   3217724  +6.1373214722  +8.895e-07
   194  +6.1329769646   3215446  +6.1329765320  -4.326e-07
   195  +6.1286364103   3213171  +6.1286373138  +9.035e-07
   196  +6.1242989176   3210896  +6.1242980957  -8.219e-07
   197  +6.1199644843   3208624  +6.1199645996  +1.153e-07
   198  +6.1156331083   3206353  +6.1156330109  -9.739e-08
   199  +6.1113047872   3204084  +6.1113052368  +4.496e-07
   200  +6.1069795191   3201816  +6.1069793701  -1.490e-07
   201  +6.1026573017   3199550  +6.1026573181  +1.646e-08
   202  +6.0983381327   3197286  +6.0983390808  +9.481e-07
   203  +6.0940220102   3195023  +6.0940227509  +7.407e-07
   204  +6.0897089318   3192761  +6.0897083282  -6.036e-07
   205  +6.0853988955   3190502  +6.0853996277  +7.322e-07
   206  +6.0810918990   3188244  +6.0810928345  +9.355e-07
   207  +6.0767879401   3185987  +6.0767879486  +8.461e-09
   208  +6.0724870169   3183732  +6.0724868774  -1.394e-07
   209  +6.0681891269   3181479  +6.0681896210  +4.940e-07
   210  +6.0638942682   3179227  +6.0638942719  +3.648e-09
   211  +6.0596024385   3176977  +6.0596027374  +2.989e-07
   212  +6.0553136357   3174728  +6.0553131104  -5.254e-07
   213  +6.0510278576   3172481  +6.0510272980  -5.597e-07
   214  +6.0467451022   3170236  +6.0467453003  +1.981e-07
   215  +6.0424653671   3167992  +6.0424652100  -1.571e-07
   216  +6.0381886503   3165750  +6.0381889343  +2.841e-07
   217  +6.0339149496   3163509  +6.0339145660  -3.836e-07
   218  +6.0296442629   3161270  +6.0296440125  -2.504e-07
   219  +6.0253765880   3159033  +6.0253772736  +6.856e-07
   220  +6.0211119228   3156797  +6.0211124420  +5.192e-07
   221  +6.0168502651   3154562  +6.0168495178  -7.473e-07
   222  +6.0125916128   3152330  +6.0125923157  +7.028e-07
   223  +6.0083359638   3150098  +6.0083351135  -8.503e-07
   224  +6.0040833159   3147869  +6.0040836334  +3.175e-07
   225  +5.9998336669   3145641  +5.9998340607  +3.937e-07
   226  +5.9955870148   3143414  +5.9955863953  -6.196e-07
   227  +5.9913433574   3141189  +5.9913425446  -8.129e-07
   228  +5.9871026926   3138966  +5.9871025085  -1.841e-07
   229  +5.9828650182   3136744  +5.9828643799  -6.383e-07
   230  +5.9786303321   3134524  +5.9786300659  -2.662e-07
   231  +5.9743986322   3132306  +5.9743995667  +9.344e-07
   232  +5.9701699163   3130088  +5.9701690674  -8.490e-07
   233  +5.9659441824   3127873  +5.9659442902  +1.078e-07
   234  +5.9617214283   3125659  +5.9617214203  -7.966e-09
   235  +5.9575016518   3123447  +5.9575023651  +7.133e-07
   236  +5.9532848509   3121236  +5.9532852173  +3.664e-07
   237  +5.9490710234   3119027  +5.9490718842  +8.608e-07
   238  +5.9448601672   3116819  +5.9448604584  +2.912e-07
   239  +5.9406522802   3114613  +5.9406528473  +5.671e-07
   240  +5.9364473603   3112408  +5.9364471436  -2.168e-07
   241  +5.9322454054   3110205  +5.9322452545  -1.509e-07
   242  +5.9280464133   3108004  +5.9280471802  +7.668e-07
   243  +5.9238503820   3105804  +5.9238510132  +6.312e-07
   244  +5.9196573093   3103605  +5.9196567535  -5.558e-07
   245  +5.9154671931   3101408  +5.9154663086  -8.845e-07
   246  +5.9112800314   3099213  +5.9112796783  -3.530e-07
   247  +5.9070958219   3097019  +5.9070949554  -8.665e-07
   248  +5.9029145627   3094827  +5.9029140472  -5.154e-07
   249  +5.8987362515   3092637  +5.8987369537  +7.022e-07
   250  +5.8945608864   3090448  +5.8945617676  +8.812e-07
   251  +5.8903884651   3088260  +5.8903884888  +2.365e-08
   252  +5.8862189857   3086074  +5.8862190247  +3.898e-08
   253  +5.8820524459   3083890  +5.8820533752  +9.293e-07
   254  +5.8778888438   3081707  +5.8778896332  +7.894e-07
   255  +5.8737281772   3079525  +5.8737277985  -3.787e-07
   256  +5.8695704440   3077345  +5.8695697784  -6.656e-07
   257  +5.8654156422   3075167  +5.8654155731  -6.905e-08
   258  +5.8612637696   3072990  +5.8612632751  -4.944e-07
   259  +5.8571148241   3070815  +5.8571147919  -3.224e-08
   260  +5.8529688037   3068641  +5.8529682159  -5.878e-07
   261  +5.8488257063   3066469  +5.8488254547  -2.516e-07
   262  +5.8446855298   3064298  +5.8446846008  -9.290e-07
   263  +5.8405482721   3062129  +5.8405475616  -7.105e-07
   264  +5.8364139312   3059962  +5.8364143372  +4.060e-07
   265  +5.8322825049   3057796  +5.8322830200  +5.151e-07
   266  +5.8281539911   3055631  +5.8281536102  -3.809e-07
   267  +5.8240283879   3053468  +5.8240280151  -3.728e-07
   268  +5.8199056931   3051307  +5.8199062347  +5.416e-07
   269  +5.8157859047   3049147  +5.8157863617  +4.570e-07
   270  +5.8116690205   3046988  +5.8116683960  -6.245e-07
   271  +5.8075550386   3044831  +5.8075542450  -7.936e-07
   272  +5.8034439567   3042676  +5.8034439087  -4.805e-08
   273  +5.7993357730   3040522  +5.7993354797  -2.933e-07
   274  +5.7952304852   3038370  +5.7952308655  +3.802e-07
   275  +5.7911280914   3036219  +5.7911281586  +6.714e-08
   276  +5.7870285895   3034070  +5.7870292664  +6.769e-07
   277  +5.7829319774   3031922  +5.7829322815  +3.041e-07
   278  +5.7788382530   3029776  +5.7788391113  +8.583e-07
   279  +5.7747474143   3027631  +5.7747478485  +4.342e-07
   280  +5.7706594593   3025488  +5.7706604004  +9.411e-07
   281  +5.7665743858   3023346  +5.7665748596  +4.738e-07
   282  +5.7624921919   3021206  +5.7624931335  +9.417e-07
   283  +5.7584128754   3019067  +5.7584133148  +4.394e-07
   284  +5.7543364343   3016930  +5.7543373108  +8.765e-07
   285  +5.7502628666   3014794  +5.7502632141  +3.475e-07
   286  +5.7461921702   3012660  +5.7461929321  +7.619e-07
   287  +5.7421243431   3010527  +5.7421245575  +2.144e-07
   288  +5.7380593832   3008396  +5.7380599976  +6.144e-07
   289  +5.7339972884   3006266  +5.7339973450  +5.652e-08
   290  +5.7299380568   3004138  +5.7299385071  +4.502e-07
   291  +5.7258816863   3002011  +5.7258815765  -1.098e-07
   292  +5.7218281749   2999886  +5.7218284607  +2.858e-07
   293  +5.7177775204   2997762  +5.7177772522  -2.682e-07
   294  +5.7137297209   2995640  +5.7137298584  +1.375e-07
   295  +5.7096847743   2993519  +5.7096843719  -4.024e-07
   296  +5.7056426787   2991400  +5.7056427002  +2.151e-08
   297  +5.7016034319   2989282  +5.7016029358  -4.961e-07
   298  +5.6975670319   2987166  +5.6975669861  -4.582e-08
   299  +5.6935334767   2985051  +5.6935329437  -5.330e-07
   300  +5.6895027643   2982938  +5.6895027161  -4.825e-08
   301  +5.6854748926   2980826  +5.6854743958  -4.969e-07
   302  +5.6814498597   2978716  +5.6814498901  +3.045e-08
   303  +5.6774276634   2976607  +5.6774272919  -3.715e-07
   304  +5.6734083018   2974500  +5.6734085083  +2.065e-07
   305  +5.6693917728   2972394  +5.6693916321  -1.408e-07
   306  +5.6653780745   2970290  +5.6653785706  +4.961e-07
   307  +5.6613672047   2968187  +5.6613674164  +2.117e-07
   308  +5.6573591615   2966086  +5.6573600769  +9.154e-07
   309  +5.6533539429   2963986  +5.6533546448  +7.018e-07
   310  +5.6493515469   2961887  +5.6493511200  -4.269e-07
   311  +5.6453519713   2959790  +5.6453514099  -5.614e-07
   312  +5.6413552143   2957695  +5.6413555145  +3.002e-07
   313  +5.6373612738   2955601  +5.6373615265  +2.527e-07
   314  +5.6333701478   2953508  +5.6333694458  -7.020e-07
   315  +5.6293818343   2951417  +5.6293811798  -6.544e-07
   316  +5.6253963312   2949328  +5.6253967285  +3.973e-07
   317  +5.6214136366   2947240  +5.6214141846  +5.479e-07
   318  +5.6174337485   2945153  +5.6174335480  -2.006e-07
   319  +5.6134566649   2943068  +5.6134567261  +6.118e-08
   320  +5.6094823837   2940984  +5.6094818115  -5.722e-07
   321  +5.6055109030   2938902  +5.6055107117  -1.913e-07
   322  +5.6015422207   2936821  +5.6015415192  -7.016e-07
   323  +5.5975763350   2934742  +5.5975761414  -1.936e-07
   324  +5.5936132436   2932664  +5.5936126709  -5.727e-07
   325  +5.5896529448   2930588  +5.5896530151  +7.033e-08
   326  +5.5856954364   2928513  +5.5856952667  -1.697e-07
   327  +5.5817407166   2926440  +5.5817413330  +6.164e-07
   328  +5.5777887832   2924368  +5.5777893066  +5.235e-07
   329  +5.5738396343   2922297  +5.5738391876  -4.467e-07
   330  +5.5698932680   2920228  +5.5698928833  -3.847e-07
   331  +5.5659496821   2918161  +5.5659503937  +7.115e-07
   332  +5.5620088749   2916095  +5.5620098114  +9.365e-07
   333  +5.5580708442   2914030  +5.5580711365  +2.923e-07
   334  +5.5541355880   2911967  +5.5541362762  +6.882e-07
   335  +5.5502031045   2909905  +5.5502033234  +2.189e-07
   336  +5.5462733916   2907845  +5.5462741852  +7.936e-07
   337  +5.5423464473   2905786  +5.5423469543  +5.070e-07
   338  +5.5384222697   2903728  +5.5384216309  -6.388e-07
   339  +5.5345008568   2901672  +5.5345001221  -7.347e-07
   340  +5.5305822065   2899618  +5.5305824280  +2.214e-07
   341  +5.5266663171   2897565  +5.5266666412  +3.242e-07
   342  +5.5227531864   2895513  +5.5227527618  -4.245e-07
   343  +5.5188428124   2893463  +5.5188426971  -1.153e-07
   344  +5.5149351933   2891414  +5.5149345398  -6.536e-07
   345  +5.5110303271   2889367  +5.5110301971  -1.300e-07
   346  +5.5071282118   2887321  +5.5071277618  -4.499e-07
   347  +5.5032288454   2885277  +5.5032291412  +2.959e-07
   348  +5.4993322259   2883234  +5.4993324280  +2.021e-07
   349  +5.4954383515   2881192  +5.4954376221  -7.294e-07
   350  +5.4915472201   2879152  +5.4915466309  -5.892e-07
   351  +5.4876588297   2877114  +5.4876594543  +6.246e-07
   352  +5.4837731785   2875076  +5.4837722778  -9.007e-07
   353  +5.4798902645   2873041  +5.4798908234  +5.589e-07
   354  +5.4760100857   2871006  +5.4760093689  -7.168e-07
   355  +5.4721326401   2868973  +5.4721317291  -9.110e-07
   356  +5.4682579258   2866942  +5.4682579041  -2.177e-08
   357  +5.4643859409   2864912  +5.4643859863  +4.543e-08
   358  +5.4605166834   2862883  +5.4605159760  -7.074e-07
   359  +5.4566501513   2860856  +5.4566497803  -3.710e-07
   360  +5.4527863427   2858830  +5.4527854919  -8.508e-07
   361  +5.4489252557   2856806  +5.4489250183  -2.374e-07
   362  +5.4450668883   2854783  +5.4450664520  -4.363e-07
   363  +5.4412112386   2852762  +5.4412117004  +4.618e-07
   364  +5.4373583046   2850742  +5.4373588562  +5.516e-07
   365  +5.4335080844   2848723  +5.4335079193  -1.651e-07
   366  +5.4296605760   2846706  +5.4296607971  +2.211e-07
   367  +5.4258157776   2844690  +5.4258155823  -1.953e-07
   368  +5.4219736871   2842676  +5.4219741821  +4.950e-07
   369  +5.4181343027   2840663  +5.4181346893  +3.867e-07
   370  +5.4142976223   2838651  +5.4142971039  -5.184e-07
   371  +5.4104636441   2836641  +5.4104633331  -3.110e-07
   372  +5.4066323662   2834632  +5.4066314697  -8.965e-07
   373  +5.4028037866   2832625  +5.4028034210  -3.655e-07
   374  +5.3989779033   2830619  +5.3989772797  -6.236e-07
   375  +5.3951547145   2828615  +5.3951549530  +2.385e-07
   376  +5.3913342182   2826612  +5.3913345337  +3.155e-07
   377  +5.3875164125   2824610  +5.3875160217  -3.908e-07
   378  +5.3837012955   2822610  +5.3837013245  +2.893e-08
   379  +5.3798888653   2820611  +5.3798885345  -3.307e-07
   380  +5.3760791199   2818614  +5.3760795593  +4.395e-07
   381  +5.3722720574   2816618  +5.3722724915  +4.341e-07
   382  +5.3684676758   2814623  +5.3684673309  -3.449e-07
   383  +5.3646659734   2812630  +5.3646659851  +1.170e-08
   384  +5.3608669481   2810638  +5.3608665466  -4.015e-07
   385  +5.3570705981   2808648  +5.3570709229  +3.247e-07
   386  +5.3532769214   2806659  +5.3532772064  +2.850e-07
   387  +5.3494859162   2804671  +5.3494853973  -5.188e-07
   388  +5.3456975804   2802685  +5.3456974030  -1.775e-07
   389  +5.3419119123   2800700  +5.3419113159  -5.963e-07
   390  +5.3381289098   2798717  +5.3381290436  +1.338e-07
   391  +5.3343485712   2796735  +5.3343486786  +1.074e-07
   392  +5.3305708944   2794754  +5.3305702209  -6.734e-07
   393  +5.3267958776   2792775  +5.3267955780  -2.996e-07
   394  +5.3230235189   2790797  +5.3230228424  -6.764e-07
   395  +5.3192538163   2788821  +5.3192539215  +1.052e-07
   396  +5.3154867680   2786846  +5.3154869080  +1.399e-07
   397  +5.3117223721   2784872  +5.3117218018  -5.704e-07
   398  +5.3079606267   2782900  +5.3079605103  -1.165e-07
   399  +5.3042015299   2780929  +5.3042011261  -4.038e-07
   400  +5.3004450798   2778960  +5.3004455566  +4.769e-07
   401  +5.2966912744   2776992  +5.2966918945  +6.201e-07
   402  +5.2929401120   2775025  +5.2929401398  +2.776e-08
   403  +5.2891915906   2773060  +5.2891921997  +6.091e-07
   404  +5.2854457083   2771096  +5.2854461670  +4.587e-07
   405  +5.2817024632   2769133  +5.2817020416  -4.216e-07
   406  +5.2779618535   2767172  +5.2779617310  -1.226e-07
   407  +5.2742238773   2765212  +5.2742233276  -5.496e-07
   408  +5.2704885326   2763254  +5.2704887390  +2.064e-07
   409  +5.2667558176   2761297  +5.2667560577  +2.401e-07
   410  +5.2630257305   2759341  +5.2630252838  -4.467e-07
   411  +5.2592982692   2757387  +5.2592983246  +5.535e-08
   412  +5.2555734321   2755434  +5.2555732727  -1.594e-07
   413  +5.2518512171   2753483  +5.2518520355  +8.185e-07
   414  +5.2481316224   2751532  +5.2481307983  -8.240e-07
   415  +5.2444146461   2749584  +5.2444152832  +6.371e-07
   416  +5.2407002864   2747636  +5.2406997681  -5.183e-07
   417  +5.2369885413   2745690  +5.2369880676  -4.737e-07
   418  +5.2332794091   2743746  +5.2332801819  +7.728e-07
   419  +5.2295728878   2741802  +5.2295722961  -5.917e-07
   420  +5.2258689756   2739860  +5.2258682251  -7.505e-07
   421  +5.2221676705   2737920  +5.2221679688  +2.982e-07
   422  +5.2184689708   2735981  +5.2184696198  +6.489e-07
   423  +5.2147728746   2734043  +5.2147731781  +3.035e-07
   424  +5.2110793800   2732106  +5.2110786438  -7.362e-07
   425  +5.2073884851   2730171  +5.2073879242  -5.609e-07
   426  +5.2037001881   2728238  +5.2037010193  +8.312e-07
   427  +5.2000144871   2726305  +5.2000141144  -3.727e-07
   428  +5.1963313803   2724374  +5.1963310242  -3.561e-07
   429  +5.1926508658   2722445  +5.1926517487  +8.829e-07
   430  +5.1889729417   2720516  +5.1889724731  -4.686e-07
   431  +5.1852976063   2718589  +5.1852970123  -5.939e-07
   432  +5.1816248575   2716664  +5.1816253662  +5.087e-07
   433  +5.1779546937   2714740  +5.1779556274  +9.338e-07
   434  +5.1742871129   2712817  +5.1742877960  +6.831e-07
   435  +5.1706221133   2710895  +5.1706218719  -2.413e-07
   436  +5.1669596930   2708975  +5.1669597626  +6.959e-08
   437  +5.1632998502   2707056  +5.1632995605  -2.897e-07
   438  +5.1596425831   2705139  +5.1596431732  +5.902e-07
   439  +5.1559878897   2703223  +5.1559886932  +8.035e-07
   440  +5.1523357683   2701308  +5.1523361206  +3.523e-07
   441  +5.1486862171   2699394  +5.1486854553  -7.617e-07
   442  +5.1450392341   2697482  +5.1450386047  -6.293e-07
   443  +5.1413948175   2695572  +5.1413955688  +7.513e-07
   444  +5.1377529656   2693662  +5.1377525330  -4.326e-07
   445  +5.1341136764   2691754  +5.1341133118  -3.646e-07
   446  +5.1304769481   2689847  +5.1304759979  -9.502e-07
   447  +5.1268427789   2687942  +5.1268424988  -2.801e-07
   448  +5.1232111670   2686038  +5.1232109070  -2.600e-07
   449  +5.1195821104   2684135  +5.1195812225  -8.879e-07
   450  +5.1159556075   2682234  +5.1159553528  -2.547e-07
   451  +5.1123316564   2680334  +5.1123313904  -2.660e-07
   452  +5.1087102551   2678435  +5.1087093353  -9.198e-07
   453  +5.1050914020   2676538  +5.1050910950  -3.071e-07
   454  +5.1014750952   2674642  +5.1014747620  -3.332e-07
   455  +5.0978613328   2672748  +5.0978622437  +9.108e-07
   456  +5.0942501131   2670854  +5.0942497253  -3.877e-07
   457  +5.0906414342   2668962  +5.0906410217  -4.124e-07
   458  +5.0870352942   2667072  +5.0870361328  +8.386e-07
   459  +5.0834316915   2665182  +5.0834312439  -4.476e-07
   460  +5.0798306240   2663294  +5.0798301697  -4.544e-07
   461  +5.0762320902   2661408  +5.0762329102  +8.200e-07
   462  +5.0726360880   2659522  +5.0726356506  -4.374e-07
   463  +5.0690426157   2657638  +5.0690422058  -4.099e-07
   464  +5.0654516716   2655756  +5.0654525757  +9.041e-07
   465  +5.0618632537   2653874  +5.0618629456  -3.081e-07
   466  +5.0582773603   2651994  +5.0582771301  -2.302e-07
   467  +5.0546939895   2650115  +5.0546932220  -7.675e-07
   468  +5.0511131396   2648238  +5.0511131287  -1.097e-08
   469  +5.0475348088   2646362  +5.0475349426  +1.339e-07
   470  +5.0439589951   2644487  +5.0439586639  -3.312e-07
   471  +5.0403856970   2642614  +5.0403862000  +5.030e-07
   472  +5.0368149124   2640742  +5.0368156433  +7.309e-07
   473  +5.0332466397   2638871  +5.0332469940  +3.544e-07
   474  +5.0296808769   2637001  +5.0296802521  -6.249e-07
   475  +5.0261176225   2635133  +5.0261173248  -2.976e-07
   476  +5.0225568744   2633266  +5.0225563049  -5.695e-07
   477  +5.0189986310   2631401  +5.0189990997  +4.688e-07
   478  +5.0154428904   2629537  +5.0154438019  +9.115e-07
   479  +5.0118896508   2627674  +5.0118904114  +7.606e-07
   480  +5.0083389105   2625812  +5.0083389282  +1.770e-08
   481  +5.0047906677   2623952  +5.0047912598  +5.921e-07
   482  +5.0012449205   2622093  +5.0012454987  +5.782e-07
   483  +4.9977016671   2620235  +4.9977016449  -2.225e-08
   484  +4.9941609059   2618379  +4.9941616058  +6.999e-07
   485  +4.9906226350   2616524  +4.9906234741  +8.392e-07
   486  +4.9870868525   2614670  +4.9870872498  +3.972e-07
   487  +4.9835535568   2612817  +4.9835529327  -6.241e-07
   488  +4.9800227460   2610966  +4.9800224304  -3.156e-07
   489  +4.9764944184   2609116  +4.9764938354  -5.830e-07
   490  +4.9729685722   2607268  +4.9729690552  +4.830e-07
   491  +4.9694452055   2605420  +4.9694442749  -9.306e-07
   492  +4.9659243167   2603575  +4.9659252167  +9.000e-07
   493  +4.9624059039   2601730  +4.9624061584  +2.545e-07
   494  +4.9588899654   2599887  +4.9588909149  +9.495e-07
   495  +4.9553764993   2598044  +4.9553756714  -8.280e-07
   496  +4.9518655040   2596204  +4.9518661499  +6.459e-07
   497  +4.9483569776   2594364  +4.9483566284  -3.492e-07
   498  +4.9448509184   2592526  +4.9448509216  +3.222e-09
   499  +4.9413473246   2590689  +4.9413471222  -2.024e-07
   500  +4.9378461944   2588854  +4.9378471375  +9.431e-07
   501  +4.9343475260   2587019  +4.9343471527  -3.733e-07
   502  +4.9308513178   2585186  +4.9308509827  -3.351e-07
   503  +4.9273575679   2583354  +4.9273567200  -8.479e-07
   504  +4.9238662745   2581524  +4.9238662720  -2.556e-09
   505  +4.9203774360   2579695  +4.9203777313  +2.954e-07
   506  +4.9168910505   2577867  +4.9168910980  +4.757e-08
   507  +4.9134071162   2576040  +4.9134063721  -7.441e-07
   508  +4.9099256315   2574215  +4.9099254608  -1.707e-07
   509  +4.9064465945   2572391  +4.9064464569  -1.376e-07
   510  +4.9029700035   2570568  +4.9029693604  -6.432e-07
   511  +4.8994958568   2568747  +4.8994960785  +2.217e-07
   512  +4.8960241526   2566927  +4.8960247040  +5.514e-07
   513  +4.8925548891   2565108  +4.8925552368  +3.477e-07
   514  +4.8890880645   2563290  +4.8890876770  -3.875e-07
   515  +4.8856236773   2561474  +4.8856239319  +2.546e-07
   516  +4.8821617255   2559659  +4.8821620941  +3.687e-07
   517  +4.8787022074   2557845  +4.8787021637  -4.368e-08
   518  +4.8752451213   2556033  +4.8752460480  +9.267e-07
   519  +4.8717904654   2554221  +4.8717899323  -5.332e-07
   520  +4.8683382381   2552411  +4.8683376312  -6.069e-07
   521  +4.8648884375   2550603  +4.8648891449  +7.074e-07
   522  +4.8614410619   2548795  +4.8614406586  -4.033e-07
   523  +4.8579961095   2546989  +4.8579959869  -1.226e-07
   524  +4.8545535787   2545184  +4.8545532227  -3.560e-07
   525  +4.8511134677   2543381  +4.8511142731  +8.054e-07
   526  +4.8476757747   2541578  +4.8476753235  -4.512e-07
   527  +4.8442404980   2539777  +4.8442401886  -3.094e-07
   528  +4.8408076359   2537977  +4.8408069611  -6.748e-07
   529  +4.8373771866   2536179  +4.8373775482  +3.616e-07
   530  +4.8339491484   2534382  +4.8339500427  +8.943e-07
   531  +4.8305235196   2532586  +4.8305244446  +9.250e-07
   532  +4.8271002985   2530791  +4.8271007538  +4.553e-07
   533  +4.8236794832   2528997  +4.8236789703  -5.129e-07
   534  +4.8202610721   2527205  +4.8202610016  -7.056e-08
   535  +4.8168450635   2525414  +4.8168449402  -1.233e-07
   536  +4.8134314556   2523624  +4.8134307861  -6.695e-07
   537  +4.8100202468   2521836  +4.8100204468  +2.000e-07
   538  +4.8066114351   2520049  +4.8066120148  +5.796e-07
   539  +4.8032050191   2518263  +4.8032054901  +4.710e-07
   540  +4.7998009969   2516478  +4.7998008728  -1.241e-07
   541  +4.7963993668   2514695  +4.7964000702  +7.034e-07
   542  +4.7930001270   2512912  +4.7929992676  -8.595e-07
   543  +4.7896032760   2511132  +4.7896041870  +9.110e-07
   544  +4.7862088119   2509352  +4.7862091064  +2.945e-07
   545  +4.7828167331   2507573  +4.7828159332  -7.998e-07
   546  +4.7794270377   2505796  +4.7794265747  -4.630e-07
   547  +4.7760397242   2504020  +4.7760391235  -6.007e-07
   548  +4.7726547908   2502246  +4.7726554871  +6.962e-07
   549  +4.7692722358   2500472  +4.7692718506  -3.852e-07
   550  +4.7658920575   2498700  +4.7658920288  -2.866e-08
   551  +4.7625142541   2496929  +4.7625141144  -1.397e-07
   552  +4.7591388240   2495159  +4.7591381073  -7.167e-07
   553  +4.7557657654   2493391  +4.7557659149  +1.495e-07
   554  +4.7523950767   2491624  +4.7523956299  +5.531e-07
   555  +4.7490267562   2489858  +4.7490272522  +4.960e-07
   556  +4.7456608021   2488093  +4.7456607819  -2.020e-08
   557  +4.7422972127   2486330  +4.7422981262  +9.135e-07
   558  +4.7389359863   2484567  +4.7389354706  -5.158e-07
   559  +4.7355771213   2482806  +4.7355766296  -4.917e-07
   560  +4.7322206160   2481046  +4.7322196960  -9.199e-07
   561  +4.7288664686   2479288  +4.7288665771  +1.086e-07
   562  +4.7255146774   2477531  +4.7255153656  +6.882e-07
   563  +4.7221652408   2475775  +4.7221660614  +8.206e-07
   564  +4.7188181570   2474020  +4.7188186646  +5.075e-07
   565  +4.7154734244   2472266  +4.7154731750  -2.494e-07
   566  +4.7121310413   2470514  +4.7121315002  +4.589e-07
   567  +4.7087910060   2468763  +4.7087917328  +7.268e-07
   568  +4.7054533167   2467013  +4.7054538727  +5.559e-07
   569  +4.7021179719   2465264  +4.7021179199  -5.197e-08
   570  +4.6987849698   2463517  +4.6987857819  +8.121e-07
   571  +4.6954543087   2461770  +4.6954536438  -6.649e-07
   572  +4.6921259869   2460025  +4.6921253204  -6.665e-07
   573  +4.6888000029   2458282  +4.6888008118  +8.089e-07
   574  +4.6854763548   2456539  +4.6854763031  -5.166e-08
   575  +4.6821550410   2454798  +4.6821556091  +5.682e-07
   576  +4.6788360598   2453058  +4.6788368225  +7.627e-07
   577  +4.6755194095   2451319  +4.6755199432  +5.337e-07
   578  +4.6722050886   2449581  +4.6722049713  -1.173e-07
   579  +4.6688930952   2447845  +4.6688938141  +7.189e-07
   580  +4.6655834277   2446109  +4.6655826569  -7.708e-07
   581  +4.6622760845   2444375  +4.6622753143  -7.701e-07
   582  +4.6589710638   2442643  +4.6589717865  +7.227e-07
   583  +4.6556683640   2440911  +4.6556682587  -1.053e-07
   584  +4.6523679834   2439181  +4.6523685455  +5.621e-07
   585  +4.6490699204   2437452  +4.6490707397  +8.194e-07
   586  +4.6457741732   2435724  +4.6457748413  +6.681e-07
   587  +4.6424807403   2433997  +4.6424808502  +1.099e-07
   588  +4.6391896199   2432271  +4.6391887665  -8.534e-07
   589  +4.6359008104   2430547  +4.6359004974  -3.129e-07
   590  +4.6326143101   2428824  +4.6326141357  -1.743e-07
   591  +4.6293301173   2427102  +4.6293296814  -4.359e-07
   592  +4.6260482305   2425382  +4.6260490417  +8.113e-07
   593  +4.6227686478   2423662  +4.6227684021  -2.457e-07
   594  +4.6194913678   2421944  +4.6194915771  +2.094e-07
   595  +4.6162163886   2420227  +4.6162166595  +2.709e-07
   596  +4.6129437087   2418511  +4.6129436493  -5.941e-08
   597  +4.6096733264   2416796  +4.6096725464  -7.800e-07
   598  +4.6064052400   2415083  +4.6064052582  +1.815e-08
   599  +4.6031394479   2413371  +4.6031398773  +4.294e-07
   600  +4.5998759485   2411660  +4.5998764038  +4.553e-07
   601  +4.5966147400   2409950  +4.5966148376  +9.761e-08
   602  +4.5933558209   2408241  +4.5933551788  -6.421e-07
   603  +4.5900991894   2406534  +4.5900993347  +1.453e-07
   604  +4.5868448440   2404828  +4.5868453979  +5.539e-07
   605  +4.5835927830   2403123  +4.5835933685  +5.856e-07
   606  +4.5803430047   2401419  +4.5803432465  +2.418e-07
   607  +4.5770955074   2399716  +4.5770950317  -4.757e-07
   608  +4.5738502897   2398015  +4.5738506317  +3.420e-07
   609  +4.5706073497   2396315  +4.5706081390  +7.893e-07
   610  +4.5673666859   2394616  +4.5673675537  +8.678e-07
   611  +4.5641282966   2392918  +4.5641288757  +5.791e-07
   612  +4.5608921802   2391221  +4.5608921051  -7.511e-08
   613  +4.5576583350   2389526  +4.5576591492  +8.141e-07
   614  +4.5544267595   2387831  +4.5544261932  -5.663e-07
   615  +4.5511974519   2386138  +4.5511970520  -3.999e-07
   616  +4.5479704107   2384446  +4.5479698181  -5.925e-07
   617  +4.5447456341   2382756  +4.5447463989  +7.648e-07
   618  +4.5415231206   2381066  +4.5415229797  -1.409e-07
   619  +4.5383028686   2379378  +4.5383033752  +5.067e-07
   620  +4.5350848763   2377691  +4.5350856781  +8.018e-07
   621  +4.5318691422   2376005  +4.5318698883  +7.461e-07
   622  +4.5286556647   2374320  +4.5286560059  +3.412e-07
   623  +4.5254444421   2372636  +4.5254440308  -4.113e-07
   624  +4.5222354727   2370954  +4.5222358704  +3.976e-07
   625  +4.5190287550   2369273  +4.5190296173  +8.623e-07
   626  +4.5158242874   2367592  +4.5158233643  -9.232e-07
   627  +4.5126220682   2365914  +4.5126228333  +7.651e-07
   628  +4.5094220958   2364236  +4.5094223022  +2.065e-07
   629  +4.5062243685   2362559  +4.5062236786  -6.899e-07
   630  +4.5030288848   2360884  +4.5030288696  -1.520e-08
   631  +4.4998356431   2359210  +4.4998359680  +3.249e-07
   632  +4.4966446416   2357537  +4.4966449738  +3.321e-07
   633  +4.4934558789   2355865  +4.4934558868  +7.965e-09
   634  +4.4902693532   2354194  +4.4902687073  -6.459e-07
   635  +4.4870850630   2352525  +4.4870853424  +2.794e-07
   636  +4.4839030067   2350857  +4.4839038849  +8.782e-07
   637  +4.4807231826   2349189  +4.4807224274  -7.552e-07
   638  +4.4775455891   2347523  +4.4775447845  -8.046e-07
   639  +4.4743702247   2345859  +4.4743709564  +7.318e-07
   640  +4.4711970876   2344195  +4.4711971283  +4.066e-08
   641  +4.4680261764   2342533  +4.4680271149  +9.385e-07
   642  +4.4648574894   2340871  +4.4648571014  -3.879e-07
   643  +4.4616910249   2339211  +4.4616909027  -1.222e-07
   644  +4.4585267815   2337552  +4.4585266113  -1.701e-07
   645  +4.4553647574   2335894  +4.4553642273  -5.301e-07
   646  +4.4522049511   2334238  +4.4522056580  +7.068e-07
   647  +4.4490473610   2332582  +4.4490470886  -2.724e-07
   648  +4.4458919855   2330928  +4.4458923340  +3.485e-07
   649  +4.4427388229   2329275  +4.4427394867  +6.638e-07
   650  +4.4395878717   2327623  +4.4395885468  +6.750e-07
   651  +4.4364391303   2325972  +4.4364395142  +3.838e-07
   652  +4.4332925971   2324322  +4.4332923889  -2.082e-07
   653  +4.4301482705   2322674  +4.4301490784  +8.079e-07
   654  +4.4270061489   2321026  +4.4270057678  -3.811e-07
   655  +4.4238662307   2319380  +4.4238662720  +4.131e-08
   656  +4.4207285143   2317735  +4.4207286835  +1.692e-07
   657  +4.4175929981   2316091  +4.4175930023  +4.238e-09
   658  +4.4144596805   2314448  +4.4144592285  -4.520e-07
   659  +4.4113285600   2312807  +4.4113292694  +7.094e-07
   660  +4.4081996350   2311166  +4.4081993103  -3.247e-07
   661  +4.4050729038   2309527  +4.4050731659  +2.621e-07
   662  +4.4019483649   2307889  +4.4019489288  +5.639e-07
   663  +4.3988260167   2306252  +4.3988265991  +5.824e-07
   664  +4.3957058576   2304616  +4.3957061768  +3.192e-07
   665  +4.3925878860   2302981  +4.3925876617  -2.243e-07
   666  +4.3894721004   2301348  +4.3894729614  +8.610e-07
   667  +4.3863584992   2299715  +4.3863582611  -2.381e-07
   668  +4.3832470808   2298084  +4.3832473755  +2.947e-07
   669  +4.3801378436   2296454  +4.3801383972  +5.537e-07
   670  +4.3770307860   2294825  +4.3770313263  +5.403e-07
   671  +4.3739259064   2293197  +4.3739261627  +2.563e-07
   672  +4.3708232034   2291570  +4.3708229065  -2.969e-07
   673  +4.3677226753   2289945  +4.3677234650  +7.897e-07
   674  +4.3646243205   2288320  +4.3646240234  -2.971e-07
   675  +4.3615281375   2286697  +4.3615283966  +2.591e-07
   676  +4.3584341247   2285075  +4.3584346771  +5.525e-07
   677  +4.3553422805   2283454  +4.3553428650  +5.845e-07
   678  +4.3522526033   2281834  +4.3522529602  +3.569e-07
   679  +4.3491650917   2280215  +4.3491649628  -1.289e-07
   680  +4.3460797440   2278597  +4.3460788727  -8.713e-07
   681  +4.3429965586   2276981  +4.3429965973  +3.866e-08
   682  +4.3399155341   2275366  +4.3399162292  +6.952e-07
   683  +4.3368366687   2273751  +4.3368358612  -8.075e-07
   684  +4.3337599611   2272138  +4.3337593079  -6.532e-07
   685  +4.3306854095   2270526  +4.3306846619  -7.477e-07
   686  +4.3276130125   2268916  +4.3276138306  +8.180e-07
   687  +4.3245427685   2267306  +4.3245429993  +2.307e-07
   688  +4.3214746759   2265697  +4.3214740753  -6.006e-07
   689  +4.3184087332   2264090  +4.3184089661  +2.328e-07
   690  +4.3153449389   2262484  +4.3153457642  +8.253e-07
   691  +4.3122832912   2260878  +4.3122825623  -7.290e-07
   692  +4.3092237888   2259274  +4.3092231750  -6.138e-07
   693  +4.3061664301   2257671  +4.3061656952  -7.349e-07
   694  +4.3031112134   2256070  +4.3031120300  +8.166e-07
   695  +4.3000581373   2254469  +4.3000583649  +2.276e-07
   696  +4.2970072002   2252869  +4.2970066071  -5.932e-07
   697  +4.2939584006   2251271  +4.2939586639  +2.634e-07
   698  +4.2909117368   2249674  +4.2909126282  +8.913e-07
   699  +4.2878672075   2248077  +4.2878665924  -6.151e-07
   700  +4.2848248109   2246482  +4.2848243713  -4.396e-07
   701  +4.2817845456   2244888  +4.2817840576  -4.880e-07
   702  +4.2787464101   2243295  +4.2787456512  -7.588e-07
   703  +4.2757104027   2241704  +4.2757110596  +6.569e-07
   704  +4.2726765220   2240113  +4.2726764679  -5.407e-08
   705  +4.2696447663   2238524  +4.2696456909  +9.246e-07
   706  +4.2666151343   2236935  +4.2666149139  -2.203e-07
   707  +4.2635876242   2235348  +4.2635879517  +3.274e-07
   708  +4.2605622347   2233762  +4.2605628967  +6.620e-07
   709  +4.2575389641   2232177  +4.2575397491  +7.851e-07
   710  +4.2545178109   2230593  +4.2545185089  +6.980e-07
   711  +4.2514987736   2229010  +4.2514991760  +4.024e-07
   712  +4.2484818507   2227428  +4.2484817505  -1.002e-07
   713  +4.2454670405   2225847  +4.2454662323  -8.082e-07
   714  +4.2424543417   2224268  +4.2424545288  +1.871e-07
   715  +4.2394437526   2222689  +4.2394428253  -9.273e-07
   716  +4.2364352717   2221112  +4.2364349365  -3.352e-07
   717  +4.2334288975   2219536  +4.2334289551  +5.756e-08
   718  +4.2304246285   2217961  +4.2304248810  +2.525e-07
   719  +4.2274224632   2216387  +4.2274227142  +2.511e-07
   720  +4.2244223999   2214814  +4.2244224548  +5.491e-08
   721  +4.2214244373   2213242  +4.2214241028  -3.345e-07
   722  +4.2184285737   2211671  +4.2184276581  -9.156e-07
   723  +4.2154348077   2210102  +4.2154350281  +2.204e-07
   724  +4.2124431377   2208533  +4.2124423981  -7.396e-07
   725  +4.2094535622   2206966  +4.2094535828  +2.056e-08
   726  +4.2064660797   2205400  +4.2064666748  +5.951e-07
   727  +4.2034806887   2203834  +4.2034797668  -9.218e-07
   728  +4.2004973876   2202270  +4.2004966736  -7.140e-07
   729  +4.1975161750   2200707  +4.1975154877  -6.873e-07
   730  +4.1945370493   2199145  +4.1945362091  -8.402e-07
   731  +4.1915600090   2197585  +4.1915607452  +7.362e-07
   732  +4.1885850526   2196025  +4.1885852814  +2.288e-07
   733  +4.1856121786   2194466  +4.1856117249  -4.537e-07
   734  +4.1826413854   2192909  +4.1826419830  +5.976e-07
   735  +4.1796726717   2191352  +4.1796722412  -4.305e-07
   736  +4.1767060358   2189797  +4.1767063141  +2.783e-07
   737  +4.1737414762   2188243  +4.1737422943  +8.181e-07
   738  +4.1707789915   2186689  +4.1707782745  -7.169e-07
   739  +4.1678185801   2185137  +4.1678180695  -5.106e-07
   740  +4.1648602405   2183586  +4.1648597717  -4.688e-07
   741  +4.1619039713   2182036  +4.1619033813  -5.899e-07
   742  +4.1589497709   2180487  +4.1589488983  -8.725e-07
   743  +4.1559976378   2178940  +4.1559982300  +5.922e-07
   744  +4.1530475705   2177393  +4.1530475616  -8.858e-09
   745  +4.1500995676   2175847  +4.1500988007  -7.669e-07
   746  +4.1471536274   2174303  +4.1471538544  +2.269e-07
   747  +4.1442097486   2172759  +4.1442089081  -8.405e-07
   748  +4.1412679297   2171217  +4.1412677765  -1.532e-07
   749  +4.1383281690   2169676  +4.1383285522  +3.832e-07
   750  +4.1353904652   2168136  +4.1353912354  +7.701e-07
   751  +4.1324548167   2166596  +4.1324539185  -8.983e-07
   752  +4.1295212221   2165058  +4.1295204163  -8.059e-07
   753  +4.1265896799   2163521  +4.1265888214  -8.585e-07
   754  +4.1236601885   2161986  +4.1236610413  +8.528e-07
   755  +4.1207327465   2160451  +4.1207332611  +5.146e-07
   756  +4.1178073523   2158917  +4.1178073883  +3.596e-08
   757  +4.1148840046   2157384  +4.1148834229  -5.818e-07
   758  +4.1119627018   2155853  +4.1119632721  +5.703e-07
   759  +4.1090434424   2154322  +4.1090431213  -3.211e-07
   760  +4.1061262250   2152793  +4.1061267853  +5.603e-07
   761  +4.1032110480   2151264  +4.1032104492  -5.988e-07
   762  +4.1002979100   2149737  +4.1002979279  +1.787e-08
   763  +4.0973868095   2148211  +4.0973873138  +5.044e-07
   764  +4.0944777450   2146686  +4.0944786072  +8.622e-07
   765  +4.0915707150   2145161  +4.0915699005  -8.145e-07
   766  +4.0886657181   2143638  +4.0886650085  -7.095e-07
   767  +4.0857627527   2142116  +4.0857620239  -7.288e-07
   768  +4.0828618175   2140595  +4.0828609467  -8.708e-07
   769  +4.0799629109   2139076  +4.0799636841  +7.732e-07
   770  +4.0770660314   2137557  +4.0770664215  +3.901e-07
   771  +4.0741711776   2136039  +4.0741710663  -1.113e-07
   772  +4.0712783480   2134522  +4.0712776184  -7.296e-07
   773  +4.0683875411   2133007  +4.0683879852  +4.441e-07
   774  +4.0654987555   2131492  +4.0654983521  -4.035e-07
   775  +4.0626119897   2129979  +4.0626125336  +5.439e-07
   776  +4.0597272422   2128466  +4.0597267151  -5.271e-07
   777  +4.0568445115   2126955  +4.0568447113  +1.998e-07
   778  +4.0539637962   2125445  +4.0539646149  +8.187e-07
   779  +4.0510850948   2123935  +4.0510845184  -5.764e-07
   780  +4.0482084059   2122427  +4.0482082367  -1.692e-07
   781  +4.0453337280   2120920  +4.0453338623  +1.343e-07
   782  +4.0424610595   2119414  +4.0424613953  +3.357e-07
   783  +4.0395903992   2117909  +4.0395908356  +4.364e-07
   784  +4.0367217454   2116405  +4.0367221832  +4.378e-07
   785  +4.0338550968   2114902  +4.0338554382  +3.414e-07
   786  +4.0309904518   2113400  +4.0309906006  +1.487e-07
   787  +4.0281278091   2111899  +4.0281276703  -1.388e-07
   788  +4.0252671671   2110399  +4.0252666473  -5.198e-07
   789  +4.0224085245   2108901  +4.0224094391  +9.146e-07
   790  +4.0195518797   2107403  +4.0195522308  +3.512e-07
   791  +4.0166972312   2105906  +4.0166969299  -3.013e-07
   792  +4.0138445778   2104411  +4.0138454437  +8.660e-07
   793  +4.0109939178   2102916  +4.0109939575  +3.976e-08
   794  +4.0081452498   2101422  +4.0081443787  -8.711e-07
   795  +4.0052985724   2099930  +4.0052986145  +4.207e-08
   796  +4.0024538842   2098439  +4.0024547577  +8.735e-07
   797  +3.9996111836   2096948  +3.9996109009  -2.828e-07
   798  +3.9967704693   2095459  +3.9967708588  +3.894e-07
   799  +3.9939317398   2093970  +3.9939308167  -9.231e-07
   800  +3.9910949936   2092483  +3.9910945892  -4.044e-07
   801  +3.9882602293   2090997  +3.9882602692  +3.984e-08
   802  +3.9854274455   2089512  +3.9854278564  +4.109e-07
   803  +3.9825966407   2088028  +3.9825973511  +7.104e-07
   804  +3.9797678134   2086545  +3.9797687531  +9.396e-07
   805  +3.9769409623   2085062  +3.9769401550  -8.073e-07
   806  +3.9741160859   2083581  +3.9741153717  -7.142e-07
   807  +3.9712931827   2082101  +3.9712924957  -6.870e-07
   808  +3.9684722513   2080622  +3.9684715271  -7.242e-07
   809  +3.9656532903   2079144  +3.9656524658  -8.245e-07
   810  +3.9628362983   2077668  +3.9628372192  +9.210e-07
   811  +3.9600212737   2076192  +3.9600219727  +6.989e-07
   812  +3.9572082152   2074717  +3.9572086334  +4.182e-07
   813  +3.9543971214   2073243  +3.9543972015  +8.017e-08
   814  +3.9515879907   2071770  +3.9515876770  -3.137e-07
   815  +3.9487808218   2070298  +3.9487800598  -7.620e-07
   816  +3.9459756132   2068828  +3.9459762573  +6.441e-07
   817  +3.9431723636   2067358  +3.9431724548  +9.124e-08
   818  +3.9403710714   2065889  +3.9403705597  -5.117e-07
   819  +3.9375717353   2064422  +3.9375724792  +7.440e-07
   820  +3.9347743538   2062955  +3.9347743988  +4.501e-08
   821  +3.9319789255   2061489  +3.9319782257  -6.998e-07
   822  +3.9291854490   2060025  +3.9291858673  +4.184e-07
   823  +3.9263939228   2058561  +3.9263935089  -4.139e-07
   824  +3.9236043455   2057099  +3.9236049652  +6.197e-07
   825  +3.9208167157   2055637  +3.9208164215  -2.942e-07
   826  +3.9180310321   2054177  +3.9180316925  +6.605e-07
   827  +3.9152472930   2052717  +3.9152469635  -3.295e-07
   828  +3.9124654972   2051259  +3.9124660492  +5.520e-07
   829  +3.9096856433   2049801  +3.9096851349  -5.084e-07
   830  +3.9069077297   2048345  +3.9069080353  +3.056e-07
   831  +3.9041317551   2046889  +3.9041309357  -8.195e-07
   832  +3.9013577181   2045435  +3.9013576508  -6.738e-08
   833  +3.8985856173   2043982  +3.8985862732  +6.559e-07
   834  +3.8958154512   2042529  +3.8958148956  -5.556e-07
   835  +3.8930472184   2041078  +3.8930473328  +1.144e-07
   836  +3.8902809175   2039628  +3.8902816772  +7.597e-07
   837  +3.8875165472   2038178  +3.8875160217  -5.255e-07
   838  +3.8847541059   2036730  +3.8847541809  +7.499e-08
   839  +3.8819935923   2035283  +3.8819942474  +6.551e-07
   840  +3.8792350050   2033836  +3.8792343140  -6.911e-07
   841  +3.8764783426   2032391  +3.8764781952  -1.474e-07
   842  +3.8737236036   2030947  +3.8737239838  +3.801e-07
   843  +3.8709707867   2029504  +3.8709716797  +8.929e-07
   844  +3.8682198905   2028061  +3.8682193756  -5.149e-07
   845  +3.8654709135   2026620  +3.8654708862  -2.725e-08
   846  +3.8627238543   2025180  +3.8627243042  +4.499e-07
   847  +3.8599787116   2023741  +3.8599796295  +9.179e-07
   848  +3.8572354839   2022302  +3.8572349548  -5.291e-07
   849  +3.8544941699   2020865  +3.8544940948  -7.505e-08
   850  +3.8517547681   2019429  +3.8517551422  +3.741e-07
   851  +3.8490172772   2017994  +3.8490180969  +8.198e-07
   852  +3.8462816957   2016559  +3.8462810516  -6.440e-07
   853  +3.8435480222   2015126  +3.8435478210  -2.012e-07
   854  +3.8408162554   2013694  +3.8408164978  +2.424e-07
   855  +3.8380863939   2012263  +3.8380870819  +6.880e-07
   856  +3.8353584363   2010832  +3.8353576660  -7.703e-07
   857  +3.8326323811   2009403  +3.8326320648  -3.163e-07
   858  +3.8299082270   2007975  +3.8299083710  +1.440e-07
   859  +3.8271859726   2006548  +3.8271865845  +6.119e-07
   860  +3.8244656165   2005121  +3.8244647980  -8.185e-07
   861  +3.8217471573   2003696  +3.8217468262  -3.311e-07
   862  +3.8190305936   2002272  +3.8190307617  +1.681e-07
   863  +3.8163159241   2000849  +3.8163166046  +6.805e-07
   864  +3.8136031473   1999426  +3.8136024475  -6.998e-07
   865  +3.8108922619   1998005  +3.8108921051  -1.568e-07
   866  +3.8081832665   1996585  +3.8081836700  +4.035e-07
   867  +3.8054761597   1995165  +3.8054752350  -9.247e-07
   868  +3.8027709401   1993747  +3.8027706146  -3.255e-07
   869  +3.8000676063   1992330  +3.8000679016  +2.953e-07
   870  +3.7973661570   1990914  +3.7973670959  +9.390e-07
   871  +3.7946665907   1989498  +3.7946662903  -3.004e-07
   872  +3.7919689062   1988084  +3.7919692993  +3.932e-07
   873  +3.7892731019   1986670  +3.7892723083  -7.936e-07
   874  +3.7865791766   1985258  +3.7865791321  -4.453e-08
   875  +3.7838871289   1983847  +3.7838878632  +7.343e-07
   876  +3.7811969573   1982436  +3.7811965942  -3.631e-07
   877  +3.7785086606   1981027  +3.7785091400  +4.795e-07
   878  +3.7758222372   1979618  +3.7758216858  -5.515e-07
   879  +3.7731376860   1978211  +3.7731380463  +3.603e-07
   880  +3.7704550055   1976804  +3.7704544067  -5.987e-07
   881  +3.7677741942   1975399  +3.7677745819  +3.877e-07
   882  +3.7650952509   1973994  +3.7650947571  -4.939e-07
   883  +3.7624181742   1972591  +3.7624187469  +5.727e-07
   884  +3.7597429628   1971188  +3.7597427368  -2.259e-07
   885  +3.7570696151   1969787  +3.7570705414  +9.263e-07
   886  +3.7543981300   1968386  +3.7543983459  +2.160e-07
   887  +3.7517285059   1966986  +3.7517280579  -4.481e-07
   888  +3.7490607416   1965588  +3.7490615845  +8.428e-07
   889  +3.7463948357   1964190  +3.7463951111  +2.753e-07
   890  +3.7437307869   1962793  +3.7437305450  -2.418e-07
   891  +3.7410685936   1961397  +3.7410678864  -7.073e-07
   892  +3.7384082547   1960003  +3.7384090424  +7.876e-07
   893  +3.7357497687   1958609  +3.7357501984  +4.296e-07
   894  +3.7330931343   1957216  +3.7330932617  +1.274e-07
   895  +3.7304383502   1955824  +3.7304382324  -1.177e-07
   896  +3.7277854148   1954433  +3.7277851105  -3.044e-07
   897  +3.7251343270   1953043  +3.7251338959  -4.312e-07
   898  +3.7224850854   1951654  +3.7224845886  -4.968e-07
   899  +3.7198376885   1950266  +3.7198371887  -4.998e-07
   900  +3.7171921351   1948879  +3.7171916962  -4.389e-07
   901  +3.7145484238   1947493  +3.7145481110  -3.128e-07
   902  +3.7119065532   1946108  +3.7119064331  -1.201e-07
   903  +3.7092665220   1944724  +3.7092666626  +1.406e-07
   904  +3.7066283288   1943341  +3.7066287994  +4.706e-07
   905  +3.7039919723   1941959  +3.7039928436  +8.713e-07
   906  +3.7013574512   1940577  +3.7013568878  -5.634e-07
   907  +3.6987247640   1939197  +3.6987247467  -1.731e-08
   908  +3.6960939095   1937818  +3.6960945129  +6.034e-07
   909  +3.6934648863   1936439  +3.6934642792  -6.071e-07
   910  +3.6908376930   1935062  +3.6908378601  +1.671e-07
   911  +3.6882123283   1933685  +3.6882114410  -8.873e-07
   912  +3.6855887909   1932310  +3.6855888367  +4.574e-08
   913  +3.6829670794   1930935  +3.6829662323  -8.471e-07
   914  +3.6803471925   1929562  +3.6803474426  +2.501e-07
   915  +3.6777291289   1928189  +3.6777286530  -4.759e-07
   916  +3.6751128871   1926818  +3.6751136780  +7.909e-07
   917  +3.6724984659   1925447  +3.6724987030  +2.371e-07
   918  +3.6698858639   1924077  +3.6698856354  -2.285e-07
   919  +3.6672750798   1922708  +3.6672744751  -6.047e-07
   920  +3.6646661122   1921340  +3.6646652222  -8.900e-07
   921  +3.6620589598   1919974  +3.6620597839  +8.241e-07
   922  +3.6594536214   1918608  +3.6594543457  +7.243e-07
   923  +3.6568500954   1917243  +3.6568508148  +7.194e-07
   924  +3.6542483807   1915879  +3.6542491913  +8.106e-07
   925  +3.6516484758   1914515  +3.6516475677  -9.081e-07
   926  +3.6490503795   1913153  +3.6490497589  -6.206e-07
   927  +3.6464540904   1911792  +3.6464538574  -2.330e-07
   928  +3.6438596072   1910432  +3.6438598633  +2.561e-07
   929  +3.6412669286   1909073  +3.6412677765  +8.479e-07
   930  +3.6386760531   1907714  +3.6386756897  -3.634e-07
   931  +3.6360869796   1906357  +3.6360874176  +4.380e-07
   932  +3.6334997067   1905000  +3.6334991455  -5.611e-07
   933  +3.6309142330   1903645  +3.6309146881  +4.552e-07
   934  +3.6283305572   1902290  +3.6283302307  -3.265e-07
   935  +3.6257486780   1900937  +3.6257495880  +9.100e-07
   936  +3.6231685941   1899584  +3.6231689453  +3.512e-07
   937  +3.6205903042   1898232  +3.6205902100  -9.421e-08
   938  +3.6180138069   1896881  +3.6180133820  -4.249e-07
   939  +3.6154391009   1895531  +3.6154384613  -6.396e-07
   940  +3.6128661849   1894182  +3.6128654480  -7.369e-07
   941  +3.6102950576   1892834  +3.6102943420  -7.155e-07
   942  +3.6077257176   1891487  +3.6077251434  -5.742e-07
   943  +3.6051581637   1890141  +3.6051578522  -3.116e-07
   944  +3.6025923945   1888796  +3.6025924683  +7.371e-08
   945  +3.6000284088   1887452  +3.6000289917  +5.829e-07
   946  +3.5974662051   1886108  +3.5974655151  -6.900e-07
   947  +3.5949057822   1884766  +3.5949058533  +7.103e-08
   948  +3.5923471388   1883424  +3.5923461914  -9.474e-07
   949  +3.5897902736   1882084  +3.5897903442  +7.064e-08
   950  +3.5872351852   1880744  +3.5872344971  -6.881e-07
   951  +3.5846818724   1879406  +3.5846824646  +5.922e-07
   952  +3.5821303337   1878068  +3.5821304321  +9.838e-08
   953  +3.5795805681   1876731  +3.5795803070  -2.610e-07
   954  +3.5770325740   1875395  +3.5770320892  -4.847e-07
   955  +3.5744863502   1874060  +3.5744857788  -5.714e-07
   956  +3.5719418955   1872726  +3.5719413757  -5.197e-07
   957  +3.5693992084   1871393  +3.5693988800  -3.284e-07
   958  +3.5668582877   1870061  +3.5668582916  +3.885e-09
   959  +3.5643191322   1868730  +3.5643196106  +4.784e-07
   960  +3.5617817404   1867399  +3.5617809296  -8.108e-07
   961  +3.5592461111   1866070  +3.5592460632  -4.787e-08
   962  +3.5567122430   1864742  +3.5567131042  +8.612e-07
   963  +3.5541801348   1863414  +3.5541801453  +1.047e-08
   964  +3.5516497852   1862087  +3.5516490936  -6.915e-07
   965  +3.5491211928   1860762  +3.5491218567  +6.638e-07
   966  +3.5465943565   1859437  +3.5465946198  +2.632e-07
   967  +3.5440692749   1858113  +3.5440692902  +1.528e-08
   968  +3.5415459467   1856790  +3.5415458679  -7.873e-08
   969  +3.5390243705   1855468  +3.5390243530  -1.750e-08
   970  +3.5365045452   1854147  +3.5365047455  +2.003e-07
   971  +3.5339864694   1852827  +3.5339870453  +5.758e-07
   972  +3.5314701419   1851507  +3.5314693451  -7.968e-07
   973  +3.5289555613   1850189  +3.5289554596  -1.017e-07
   974  +3.5264427263   1848872  +3.5264434814  +7.552e-07
   975  +3.5239316357   1847555  +3.5239315033  -1.324e-07
   976  +3.5214222881   1846239  +3.5214214325  -8.556e-07
   977  +3.5189146824   1844925  +3.5189151764  +4.940e-07
   978  +3.5164088171   1843611  +3.5164089203  +1.032e-07
   979  +3.5139046911   1842298  +3.5139045715  -1.195e-07
   980  +3.5114023029   1840986  +3.5114021301  -1.728e-07
   981  +3.5089016514   1839675  +3.5089015961  -5.534e-08
   982  +3.5064027353   1838365  +3.5064029694  +2.341e-07
   983  +3.5039055532   1837056  +3.5039062500  +6.968e-07
   984  +3.5014101039   1835747  +3.5014095306  -5.733e-07
   985  +3.4989163861   1834440  +3.4989166260  +2.399e-07
   986  +3.4964243986   1833133  +3.4964237213  -6.773e-07
   987  +3.4939341400   1831828  +3.4939346313  +4.914e-07
   988  +3.4914456090   1830523  +3.4914455414  -6.764e-08
   989  +3.4889588045   1829219  +3.4889583588  -4.457e-07
   990  +3.4864737250   1827916  +3.4864730835  -6.415e-07
   991  +3.4839903694   1826614  +3.4839897156  -6.539e-07
   992  +3.4815087364   1825313  +3.4815082550  -4.814e-07
   993  +3.4790288246   1824013  +3.4790287018  -1.229e-07
   994  +3.4765506329   1822714  +3.4765510559  +4.230e-07
   995  +3.4740741599   1821415  +3.4740734100  -7.499e-07
   996  +3.4715994044   1820118  +3.4715995789  +1.745e-07
   997  +3.4691263650   1818821  +3.4691257477  -6.173e-07
   998  +3.4666550406   1817526  +3.4666557312  +6.906e-07
   999  +3.4641854298   1816231  +3.4641857147  +2.849e-07
  1000  +3.4617175314   1814937  +3.4617176056  +7.414e-08
  1001  +3.4592513442   1813644  +3.4592514038  +5.962e-08
  1002  +3.4567868668   1812352  +3.4567871094  +2.426e-07
  1003  +3.4543240979   1811061  +3.4543247223  +6.243e-07
  1004  +3.4518630364   1809770  +3.4518623352  -7.012e-07
  1005  +3.4494036810   1808481  +3.4494037628  +8.184e-08
  1006  +3.4469460303   1807192  +3.4469451904  -8.399e-07
  1007  +3.4444900832   1805905  +3.4444904327  +3.496e-07
  1008  +3.4420358383   1804618  +3.4420356750  -1.632e-07
  1009  +3.4395832944   1803332  +3.4395828247  -4.697e-07
  1010  +3.4371324503   1802047  +3.4371318817  -5.685e-07
  1011  +3.4346833046   1800763  +3.4346828461  -4.585e-07
  1012  +3.4322358561   1799480  +3.4322357178  -1.384e-07
  1013  +3.4297901037   1798198  +3.4297904968  +3.932e-07
  1014  +3.4273460459   1796916  +3.4273452759  -7.700e-07
  1015  +3.4249036816   1795636  +3.4249038696  +1.881e-07
  1016  +3.4224630094   1794356  +3.4224624634  -5.460e-07
  1017  +3.4200240282   1793078  +3.4200248718  +8.436e-07
  1018  +3.4175867367   1791800  +3.4175872803  +5.436e-07
  1019  +3.4151511336   1790523  +3.4151515961  +4.625e-07
  1020  +3.4127172177   1789247  +3.4127178192  +6.015e-07
  1021  +3.4102849877   1787971  +3.4102840424  -9.453e-07
  1022  +3.4078544424   1786697  +3.4078540802  -3.622e-07
  1023  +3.4054255805   1785424  +3.4054260254  +4.449e-07
  1024  +3.4029984008   1784151  +3.4029979706  -4.302e-07
  1025  +3.4005729020   1782880  +3.4005737305  +8.285e-07
  1026  +3.3981490828   1781609  +3.3981494904  +4.075e-07
  1027  +3.3957269421   1780339  +3.3957271576  +2.155e-07
  1028  +3.3933064786   1779070  +3.3933067322  +2.536e-07
  1029  +3.3908876910   1777802  +3.3908882141  +5.231e-07
  1030  +3.3884705781   1776534  +3.3884696960  -8.821e-07
  1031  +3.3860551387   1775268  +3.3860549927  -1.460e-07
  1032  +3.3836413715   1774003  +3.3836421967  +8.252e-07
  1033  +3.3812292752   1772738  +3.3812294006  +1.254e-07
  1034  +3.3788188486   1771474  +3.3788185120  -3.367e-07
  1035  +3.3764100906   1770211  +3.3764095306  -5.599e-07
  1036  +3.3740029997   1768949  +3.3740024567  -5.430e-07
  1037  +3.3715975749   1767688  +3.3715972900  -2.848e-07
  1038  +3.3691938148   1766428  +3.3691940308  +2.160e-07
  1039  +3.3667917182   1765168  +3.3667907715  -9.468e-07
  1040  +3.3643912840   1763910  +3.3643913269  +4.293e-08
  1041  +3.3619925108   1762652  +3.3619918823  -6.284e-07
  1042  +3.3595953974   1761396  +3.3595962524  +8.551e-07
  1043  +3.3571999425   1760140  +3.3572006226  +6.800e-07
  1044  +3.3548061451   1758885  +3.3548069000  +7.549e-07
  1045  +3.3524140037   1757630  +3.3524131775  -8.262e-07
  1046  +3.3500235172   1756377  +3.3500232697  -2.476e-07
  1047  +3.3476346844   1755125  +3.3476352692  +5.847e-07
  1048  +3.3452475040   1753873  +3.3452472687  -2.353e-07
  1049  +3.3428619748   1752622  +3.3428611755  -7.993e-07
  1050  +3.3404780956   1751373  +3.3404788971  +8.015e-07
  1051  +3.3380958651   1750124  +3.3380966187  +7.536e-07
  1052  +3.3357152820   1748875  +3.3357143402  -9.418e-07
  1053  +3.3333363453   1747628  +3.3333358765  -4.689e-07
  1054  +3.3309590536   1746382  +3.3309593201  +2.664e-07
  1055  +3.3285834058   1745136  +3.3285827637  -6.421e-07
  1056  +3.3262094006   1743892  +3.3262100220  +6.214e-07
  1057  +3.3238370367   1742648  +3.3238372803  +2.436e-07
  1058  +3.3214663130   1741405  +3.3214664459  +1.329e-07
  1059  +3.3190972282   1740163  +3.3190975189  +2.907e-07
  1060  +3.3167297812   1738922  +3.3167304993  +7.181e-07
  1061  +3.3143639706   1737681  +3.3143634796  -4.910e-07
  1062  +3.3119997953   1736442  +3.3120002747  +4.793e-07
  1063  +3.3096372541   1735203  +3.3096370697  -1.844e-07
  1064  +3.3072763457   1733965  +3.3072757721  -5.736e-07
  1065  +3.3049170690   1732728  +3.3049163818  -6.871e-07
  1066  +3.3025594226   1731492  +3.3025588989  -5.237e-07
  1067  +3.3002034055   1730257  +3.3002033234  -8.209e-08
  1068  +3.2978490163   1729023  +3.2978496552  +6.389e-07
  1069  +3.2954962538   1727789  +3.2954959869  -2.669e-07
  1070  +3.2931451169   1726556  +3.2931442261  -8.909e-07
  1071  +3.2907956044   1725325  +3.2907962799  +6.755e-07
  1072  +3.2884477150   1724094  +3.2884483337  +6.188e-07
  1073  +3.2861014474   1722864  +3.2861022949  +8.475e-07
  1074  +3.2837568006   1721634  +3.2837562561  -5.445e-07
  1075  +3.2814137733   1720406  +3.2814140320  +2.587e-07
  1076  +3.2790723643   1719178  +3.2790718079  -5.564e-07
  1077  +3.2767325723   1717952  +3.2767333984  +8.261e-07
  1078  +3.2743943962   1716726  +3.2743949890  +5.928e-07
  1079  +3.2720578348   1715501  +3.2720584869  +6.522e-07
  1080  +3.2697228868   1714276  +3.2697219849  -9.019e-07
  1081  +3.2673895510   1713053  +3.2673892975  -2.535e-07
  1082  +3.2650578263   1711831  +3.2650585175  +6.911e-07
  1083  +3.2627277115   1710609  +3.2627277374  +2.592e-08
  1084  +3.2603992053   1709388  +3.2603988647  -3.406e-07
  1085  +3.2580723065   1708168  +3.2580718994  -4.071e-07
  1086  +3.2557470140   1706949  +3.2557468414  -1.726e-07
  1087  +3.2534233265   1705731  +3.2534236908  +3.643e-07
  1088  +3.2511012429   1704513  +3.2511005402  -7.027e-07
  1089  +3.2487807619   1703297  +3.2487812042  +4.424e-07
  1090  +3.2464618823   1702081  +3.2464618683  -1.400e-08
  1091  +3.2441446030   1700866  +3.2441444397  -1.633e-07
  1092  +3.2418289227   1699652  +3.2418289185  -4.219e-09
  1093  +3.2395148402   1698439  +3.2395153046  +4.643e-07
  1094  +3.2372023545   1697226  +3.2372016907  -6.638e-07
  1095  +3.2348914642   1696015  +3.2348918915  +4.273e-07
  1096  +3.2325821681   1694804  +3.2325820923  -7.584e-08
  1097  +3.2302744652   1693594  +3.2302742004  -2.647e-07
  1098  +3.2279683541   1692385  +3.2279682159  -1.381e-07
  1099  +3.2256638337   1691177  +3.2256641388  +3.051e-07
  1100  +3.2233609028   1689969  +3.2233600616  -8.412e-07
  1101  +3.2210595602   1688763  +3.2210597992  +2.390e-07
  1102  +3.2187598048   1687557  +3.2187595367  -2.680e-07
  1103  +3.2164616353   1686352  +3.2164611816  -4.536e-07
  1104  +3.2141650505   1685148  +3.2141647339  -3.166e-07
  1105  +3.2118700493   1683945  +3.2118701935  +1.442e-07
  1106  +3.2095766305   1682743  +3.2095775604  +9.300e-07
  1107  +3.2072847928   1681541  +3.2072849274  +1.345e-07
  1108  +3.2049945352   1680340  +3.2049942017  -3.335e-07
  1109  +3.2027058564   1679140  +3.2027053833  -4.731e-07
  1110  +3.2004187552   1677941  +3.2004184723  -2.829e-07
  1111  +3.1981332305   1676743  +3.1981334686  +2.381e-07
  1112  +3.1958492811   1675545  +3.1958484650  -8.161e-07
  1113  +3.1935669057   1674349  +3.1935672760  +3.703e-07
  1114  +3.1912861033   1673153  +3.1912860870  -1.626e-08
  1115  +3.1890068726   1671958  +3.1890068054  -6.719e-08
  1116  +3.1867292125   1670764  +3.1867294312  +2.187e-07
  1117  +3.1844531217   1669571  +3.1844539642  +8.425e-07
  1118  +3.1821785992   1668378  +3.1821784973  -1.019e-07
  1119  +3.1799056437   1667186  +3.1799049377  -7.059e-07
  1120  +3.1776342540   1665996  +3.1776351929  +9.389e-07
  1121  +3.1753644290   1664805  +3.1753635406  -8.883e-07
  1122  +3.1730961675   1663616  +3.1730957031  -4.644e-07
  1123  +3.1708294683   1662428  +3.1708297729  +3.046e-07
  1124  +3.1685643303   1661240  +3.1685638428  -4.876e-07
  1125  +3.1663007523   1660053  +3.1662998199  -9.324e-07
  1126  +3.1640387331   1658868  +3.1640396118  +8.787e-07
  1127  +3.1617782716   1657682  +3.1617774963  -7.752e-07
  1128  +3.1595193665   1656498  +3.1595191956  -1.709e-07
  1129  +3.1572620167   1655315  +3.1572628021  +7.854e-07
  1130  +3.1550062211   1654132  +3.1550064087  +1.876e-07
  1131  +3.1527519784   1652950  +3.1527519226  -5.577e-08
  1132  +3.1504992875   1651769  +3.1504993439  +5.636e-08
  1133  +3.1482481473   1650589  +3.1482486725  +5.252e-07
  1134  +3.1459985565   1649409  +3.1459980011  -5.554e-07
  1135  +3.1437505141   1648231  +3.1437511444  +6.303e-07
  1136  +3.1415040188   1647053  +3.1415042877  +2.689e-07
  1137  +3.1392590695   1645876  +3.1392593384  +2.689e-07
  1138  +3.1370156650   1644700  +3.1370162964  +6.314e-07
  1139  +3.1347738041   1643524  +3.1347732544  -5.497e-07
  1140  +3.1325334858   1642350  +3.1325340271  +5.413e-07
  1141  +3.1302947088   1641176  +3.1302947998  +9.102e-08
  1142  +3.1280574720   1640003  +3.1280574799  +7.894e-09
  1143  +3.1258217742   1638831  +3.1258220673  +2.931e-07
  1144  +3.1235876142   1637660  +3.1235885620  +9.478e-07
  1145  +3.1213549910   1636489  +3.1213550568  +6.578e-08
  1146  +3.1191239033   1635319  +3.1191234589  -4.444e-07
  1147  +3.1168943500   1634150  +3.1168937683  -5.817e-07
  1148  +3.1146663300   1632982  +3.1146659851  -3.448e-07
  1149  +3.1124398420   1631815  +3.1124401093  +2.673e-07
  1150  +3.1102148849   1630648  +3.1102142334  -6.515e-07
  1151  +3.1079914577   1629483  +3.1079921722  +7.146e-07
  1152  +3.1057695591   1628318  +3.1057701111  +5.520e-07
  1153  +3.1035491879   1627154  +3.1035499573  +7.694e-07
  1154  +3.1013303431   1625990  +3.1013298035  -5.396e-07
  1155  +3.0991130234   1624828  +3.0991134644  +4.409e-07
  1156  +3.0968972278   1623666  +3.0968971252  -1.025e-07
  1157  +3.0946829550   1622505  +3.0946826935  -2.616e-07
  1158  +3.0924702040   1621345  +3.0924701691  -3.494e-08
  1159  +3.0902589736   1620186  +3.0902595520  +5.784e-07
  1160  +3.0880492626   1619027  +3.0880489349  -3.276e-07
  1161  +3.0858410699   1617869  +3.0858402252  -8.446e-07
  1162  +3.0836343943   1616713  +3.0836353302  +9.359e-07
  1163  +3.0814292347   1615556  +3.0814285278  -7.069e-07
  1164  +3.0792255901   1614401  +3.0792255402  -4.989e-08
  1165  +3.0770234591   1613246  +3.0770225525  -9.066e-07
  1166  +3.0748228407   1612093  +3.0748233795  +5.388e-07
  1167  +3.0726237337   1610940  +3.0726242065  +4.728e-07
  1168  +3.0704261370   1609788  +3.0704269409  +8.039e-07
  1169  +3.0682300495   1608636  +3.0682296753  -3.742e-07
  1170  +3.0660354700   1607486  +3.0660362244  +7.544e-07
  1171  +3.0638423974   1606336  +3.0638427734  +3.761e-07
  1172  +3.0616508305   1605187  +3.0616512299  +3.994e-07
  1173  +3.0594607682   1604039  +3.0594615936  +8.254e-07
  1174  +3.0572722094   1602891  +3.0572719574  -2.520e-07
  1175  +3.0550851529   1601744  +3.0550842285  -9.244e-07
  1176  +3.0528995976   1600599  +3.0529003143  +7.167e-07
  1177  +3.0507155424   1599454  +3.0507164001  +8.578e-07
  1178  +3.0485329861   1598309  +3.0485324860  -5.001e-07
  1179  +3.0463519276   1597166  +3.0463523865  +4.589e-07
  1180  +3.0441723657   1596023  +3.0441722870  -7.875e-08
  1181  +3.0419942994   1594881  +3.0419940948  -2.046e-07
  1182  +3.0398177275   1593740  +3.0398178101  +8.252e-08
  1183  +3.0376426489   1592600  +3.0376434326  +7.837e-07
  1184  +3.0354690624   1591460  +3.0354690552  -7.253e-09
  1185  +3.0332969670   1590321  +3.0332965851  -3.819e-07
  1186  +3.0311263614   1589183  +3.0311260223  -3.391e-07
  1187  +3.0289572446   1588046  +3.0289573669  +1.224e-07
  1188  +3.0267896154   1586909  +3.0267887115  -9.039e-07
  1189  +3.0246234727   1585774  +3.0246238708  +3.981e-07
  1190  +3.0224588155   1584639  +3.0224590302  +2.147e-07
  1191  +3.0202956424   1583505  +3.0202960968  +4.544e-07
  1192  +3.0181339526   1582371  +3.0181331635  -7.891e-07
  1193  +3.0159737447   1581239  +3.0159740448  +3.001e-07
  1194  +3.0138150177   1580107  +3.0138149261  -9.158e-08
  1195  +3.0116577705   1578976  +3.0116577148  -5.568e-08
  1196  +3.0095020020   1577846  +3.0095024109  +4.089e-07
  1197  +3.0073477110   1576716  +3.0073471069  -6.040e-07
  1198  +3.0051948964   1575588  +3.0051956177  +7.213e-07
  1199  +3.0030435571   1574460  +3.0030441284  +5.714e-07
  1200  +3.0008936919   1573333  +3.0008945465  +8.546e-07
  1201  +2.9987452999   1572206  +2.9987449646  -3.353e-07
  1202  +2.9965983797   1571081  +2.9965991974  +8.177e-07
  1203  +2.9944529304   1569956  +2.9944534302  +4.997e-07
  1204  +2.9923089508   1568832  +2.9923095703  +6.195e-07
  1205  +2.9901664399   1567708  +2.9901657104  -7.294e-07
  1206  +2.9880253964   1566586  +2.9880256653  +2.689e-07
  1207  +2.9858858192   1565464  +2.9858856201  -1.991e-07
  1208  +2.9837477074   1564343  +2.9837474823  -2.251e-07
  1209  +2.9816110596   1563223  +2.9816112518  +1.922e-07
  1210  +2.9794758749   1562103  +2.9794750214  -8.536e-07
  1211  +2.9773421522   1560985  +2.9773426056  +4.534e-07
  1212  +2.9752098902   1559867  +2.9752101898  +2.996e-07
  1213  +2.9730790880   1558750  +2.9730796814  +5.934e-07
  1214  +2.9709497444   1557633  +2.9709491730  -5.714e-07
  1215  +2.9688218583   1556518  +2.9688224792  +6.210e-07
  1216  +2.9666954285   1555403  +2.9666957855  +3.570e-07
  1217  +2.9645704540   1554289  +2.9645709991  +5.451e-07
  1218  +2.9624469338   1553175  +2.9624462128  -7.210e-07
  1219  +2.9603248665   1552063  +2.9603252411  +3.745e-07
  1220  +2.9582042513   1550951  +2.9582042694  +1.811e-08
  1221  +2.9560850869   1549840  +2.9560852051  +1.182e-07
  1222  +2.9539673723   1548730  +2.9539680481  +6.758e-07
  1223  +2.9518511063   1547620  +2.9518508911  -2.152e-07
  1224  +2.9497362879   1546511  +2.9497356415  -6.465e-07
  1225  +2.9476229160   1545403  +2.9476222992  -6.168e-07
  1226  +2.9455109894   1544296  +2.9455108643  -1.252e-07
  1227  +2.9434005071   1543190  +2.9434013367  +8.296e-07
  1228  +2.9412914679   1542084  +2.9412918091  +3.412e-07
  1229  +2.9391838708   1540979  +2.9391841888  +3.180e-07
  1230  +2.9370777147   1539875  +2.9370784760  +7.613e-07
  1231  +2.9349729984   1538771  +2.9349727631  -2.354e-07
  1232  +2.9328697210   1537668  +2.9328689575  -7.634e-07
  1233  +2.9307678812   1536566  +2.9307670593  -8.218e-07
  1234  +2.9286674779   1535465  +2.9286670685  -4.095e-07
  1235  +2.9265685102   1534365  +2.9265689850  +4.748e-07
  1236  +2.9244709769   1533265  +2.9244709015  -7.540e-08
  1237  +2.9223748769   1532166  +2.9223747253  -1.515e-07
  1238  +2.9202802091   1531068  +2.9202804565  +2.475e-07
  1239  +2.9181869724   1529970  +2.9181861877  -7.847e-07
  1240  +2.9160951658   1528874  +2.9160957336  +5.679e-07
  1241  +2.9140047881   1527778  +2.9140052795  +4.915e-07
  1242  +2.9119158382   1526683  +2.9119167328  +8.946e-07
  1243  +2.9098283151   1525588  +2.9098281860  -1.291e-07
  1244  +2.9077422178   1524494  +2.9077415466  -6.711e-07
  1245  +2.9056575450   1523401  +2.9056568146  -7.304e-07
  1246  +2.9035742957   1522309  +2.9035739899  -3.058e-07
  1247  +2.9014924688   1521218  +2.9014930725  +6.037e-07
  1248  +2.8994120633   1520127  +2.8994121552  +9.188e-08
  1249  +2.8973330780   1519037  +2.8973331451  +6.715e-08
  1250  +2.8952555119   1517948  +2.8952560425  +5.306e-07
  1251  +2.8931793639   1516859  +2.8931789398  -4.240e-07
  1252  +2.8911046329   1515771  +2.8911037445  -8.883e-07
  1253  +2.8890313178   1514684  +2.8890304565  -8.612e-07
  1254  +2.8869594175   1513598  +2.8869590759  -3.416e-07
  1255  +2.8848889310   1512513  +2.8848896027  +6.716e-07
  1256  +2.8828198572   1511428  +2.8828201294  +2.722e-07
  1257  +2.8807521950   1510344  +2.8807525635  +3.684e-07
  1258  +2.8786859434   1509260  +2.8786849976  -9.458e-07
  1259  +2.8766211011   1508178  +2.8766212463  +1.452e-07
  1260  +2.8745576673   1507096  +2.8745574951  -1.722e-07
  1261  +2.8724956407   1506015  +2.8724956512  +1.050e-08
  1262  +2.8704350204   1504935  +2.8704357147  +6.943e-07
  1263  +2.8683758052   1503855  +2.8683757782  -2.703e-08
  1264  +2.8663179941   1502776  +2.8663177490  -2.451e-07
  1265  +2.8642615860   1501698  +2.8642616272  +4.119e-08
  1266  +2.8622065798   1500621  +2.8622074127  +8.329e-07
  1267  +2.8601529745   1499544  +2.8601531982  +2.238e-07
  1268  +2.8581007689   1498468  +2.8581008911  +1.222e-07
  1269  +2.8560499621   1497393  +2.8560504913  +5.292e-07
  1270  +2.8540005529   1496318  +2.8540000916  -4.614e-07
  1271  +2.8519525403   1495244  +2.8519515991  -9.412e-07
  1272  +2.8499059232   1494171  +2.8499050140  -9.091e-07
  1273  +2.8478607005   1493099  +2.8478603363  -3.642e-07
  1274  +2.8458168712   1492028  +2.8458175659  +6.948e-07
  1275  +2.8437744342   1490957  +2.8437747955  +3.614e-07
  1276  +2.8417333884   1489887  +2.8417339325  +5.441e-07
  1277  +2.8396937328   1488817  +2.8396930695  -6.633e-07
  1278  +2.8376554663   1487749  +2.8376560211  +5.549e-07
  1279  +2.8356185878   1486681  +2.8356189728  +3.850e-07
  1280  +2.8335830963   1485614  +2.8335838318  +7.355e-07
  1281  +2.8315489907   1484547  +2.8315486908  -3.000e-07
  1282  +2.8295162700   1483481  +2.8295154572  -8.129e-07
  1283  +2.8274849331   1482416  +2.8274841309  -8.022e-07
  1284  +2.8254549789   1481352  +2.8254547119  -2.670e-07
  1285  +2.8234264064   1480289  +2.8234272003  +7.939e-07
  1286  +2.8213992145   1479226  +2.8213996887  +4.742e-07
  1287  +2.8193734021   1478164  +2.8193740845  +6.824e-07
  1288  +2.8173489682   1477102  +2.8173484802  -4.880e-07
  1289  +2.8153259118   1476042  +2.8153266907  +7.789e-07
  1290  +2.8133042318   1474982  +2.8133049011  +6.694e-07
  1291  +2.8112839270   1473922  +2.8112831116  -8.155e-07
  1292  +2.8092649966   1472864  +2.8092651367  +1.401e-07
  1293  +2.8072474393   1471806  +2.8072471619  -2.775e-07
  1294  +2.8052312542   1470749  +2.8052310944  -1.599e-07
  1295  +2.8032164402   1469693  +2.8032169342  +4.940e-07
  1296  +2.8012029963   1468637  +2.8012027740  -2.223e-07
  1297  +2.7991909214   1467582  +2.7991905212  -4.001e-07
  1298  +2.7971802144   1466528  +2.7971801758  -3.860e-08
  1299  +2.7951708743   1465475  +2.7951717377  +8.634e-07
  1300  +2.7931629000   1464422  +2.7931632996  +3.995e-07
  1301  +2.7911562906   1463370  +2.7911567688  +4.782e-07
  1302  +2.7891510449   1462318  +2.7891502380  -8.069e-07
  1303  +2.7871471619   1461268  +2.7871475220  +3.601e-07
  1304  +2.7851446405   1460218  +2.7851448059  +1.654e-07
  1305  +2.7831434798   1459169  +2.7831439972  +5.174e-07
  1306  +2.7811436786   1458120  +2.7811431885  -4.901e-07
  1307  +2.7791452359   1457072  +2.7791442871  -9.488e-07
  1308  +2.7771481507   1456025  +2.7771472931  -8.576e-07
  1309  +2.7751524219   1454979  +2.7751522064  -2.155e-07
  1310  +2.7731580485   1453933  +2.7731571198  -9.287e-07
  1311  +2.7711650294   1452889  +2.7711658478  +8.184e-07
  1312  +2.7691733636   1451844  +2.7691726685  -6.952e-07
  1313  +2.7671830501   1450801  +2.7671833038  +2.538e-07
  1314  +2.7651940877   1449758  +2.7651939392  -1.485e-07
  1315  +2.7632064756   1448716  +2.7632064819  +6.347e-09
  1316  +2.7612202126   1447675  +2.7612209320  +7.195e-07
  1317  +2.7592352976   1446634  +2.7592353821  +8.448e-08
  1318  +2.7572517297   1445594  +2.7572517395  +9.794e-09
  1319  +2.7552695078   1444555  +2.7552700043  +4.965e-07
  1320  +2.7532886309   1443516  +2.7532882690  -3.619e-07
  1321  +2.7513090979   1442478  +2.7513084412  -6.568e-07
  1322  +2.7493309079   1441441  +2.7493305206  -3.872e-07
  1323  +2.7473540597   1440405  +2.7473545074  +4.478e-07
  1324  +2.7453785523   1439369  +2.7453784943  -5.801e-08
  1325  +2.7434043847   1438334  +2.7434043884  +3.738e-09
  1326  +2.7414315559   1437300  +2.7414321899  +6.341e-07
  1327  +2.7394600648   1436266  +2.7394599915  -7.332e-08
  1328  +2.7374899104   1435233  +2.7374897003  -2.101e-07
  1329  +2.7355210917   1434201  +2.7355213165  +2.249e-07
  1330  +2.7335536076   1433169  +2.7335529327  -6.748e-07
  1331  +2.7315874571   1432139  +2.7315883636  +9.066e-07
  1332  +2.7296226391   1431108  +2.7296218872  -7.519e-07
  1333  +2.7276591528   1430079  +2.7276592255  +7.270e-08
  1334  +2.7256969969   1429050  +2.7256965637  -4.332e-07
  1335  +2.7237361705   1428022  +2.7237358093  -3.612e-07
  1336  +2.7217766726   1426995  +2.7217769623  +2.897e-07
  1337  +2.7198185021   1425968  +2.7198181152  -3.869e-07
  1338  +2.7178616581   1424942  +2.7178611755  -4.825e-07
  1339  +2.7159061394   1423917  +2.7159061432  +3.804e-09
  1340  +2.7139519451   1422892  +2.7139511108  -8.342e-07
  1341  +2.7119990741   1421869  +2.7119998932  +8.191e-07
  1342  +2.7100475254   1420845  +2.7100467682  -7.572e-07
  1343  +2.7080972980   1419823  +2.7080974579  +1.599e-07
  1344  +2.7061483908   1418801  +2.7061481476  -2.432e-07
  1345  +2.7042008029   1417780  +2.7042007446  -5.830e-08
  1346  +2.7022545333   1416760  +2.7022552490  +7.158e-07
  1347  +2.7003095808   1415740  +2.7003097534  +1.726e-07
  1348  +2.6983659445   1414721  +2.6983661652  +2.207e-07
  1349  +2.6964236234   1413703  +2.6964244843  +8.609e-07
  1350  +2.6944826164   1412685  +2.6944828033  +1.870e-07
  1351  +2.6925429225   1411668  +2.6925430298  +1.073e-07
  1352  +2.6906045408   1410652  +2.6906051636  +6.228e-07
  1353  +2.6886674701   1409636  +2.6886672974  -1.727e-07
  1354  +2.6867317095   1408621  +2.6867313385  -3.710e-07
  1355  +2.6847972580   1407607  +2.6847972870  +2.900e-08
  1356  +2.6828641145   1406593  +2.6828632355  -8.790e-07
  1357  +2.6809322781   1405581  +2.6809329987  +7.206e-07
  1358  +2.6790017476   1404568  +2.6790008545  -8.931e-07
  1359  +2.6770725222   1403557  +2.6770725250  +2.813e-09
  1360  +2.6751446008   1402546  +2.6751441956  -4.052e-07
  1361  +2.6732179823   1401536  +2.6732177734  -2.089e-07
  1362  +2.6712926658   1400527  +2.6712932587  +5.928e-07
  1363  +2.6693686503   1399518  +2.6693687439  +9.357e-08
  1364  +2.6674459348   1398510  +2.6674461365  +2.017e-07
  1365  +2.6655245181   1397503  +2.6655254364  +9.183e-07
  1366  +2.6636043994   1396496  +2.6636047363  +3.369e-07
  1367  +2.6616855776   1395490  +2.6616859436  +3.660e-07
  1368  +2.6597680518   1394484  +2.6597671509  -9.009e-07
  1369  +2.6578518208   1393480  +2.6578521729  +3.520e-07
  1370  +2.6559368838   1392476  +2.6559371948  +3.110e-07
  1371  +2.6540232396   1391473  +2.6540241241  +8.845e-07
  1372  +2.6521108874   1390470  +2.6521110535  +1.661e-07
  1373  +2.6501998260   1389468  +2.6501998901  +6.412e-08
  1374  +2.6482900545   1388467  +2.6482906342  +5.796e-07
  1375  +2.6463815719   1387466  +2.6463813782  -1.938e-07
  1376  +2.6444743772   1386466  +2.6444740295  -3.477e-07
  1377  +2.6425684694   1385467  +2.6425685883  +1.189e-07
  1378  +2.6406638474   1384468  +2.6406631470  -7.004e-07
  1379  +2.6387605103   1383470  +2.6387596130  -8.973e-07
  1380  +2.6368584571   1382473  +2.6368579865  -4.707e-07
  1381  +2.6349576868   1381477  +2.6349582672  +5.804e-07
  1382  +2.6330581983   1380481  +2.6330585480  +3.496e-07
  1383  +2.6311599908   1379486  +2.6311607361  +7.453e-07
  1384  +2.6292630631   1378491  +2.6292629242  -1.389e-07
  1385  +2.6273674143   1377497  +2.6273670197  -3.946e-07
  1386  +2.6254730433   1376504  +2.6254730225  -2.087e-08
  1387  +2.6235799493   1375511  +2.6235790253  -9.240e-07
  1388  +2.6216881312   1374520  +2.6216888428  +7.116e-07
  1389  +2.6197975880   1373528  +2.6197967529  -8.350e-07
  1390  +2.6179083187   1372538  +2.6179084778  +1.591e-07
  1391  +2.6160203223   1371548  +2.6160202026  -1.196e-07
  1392  +2.6141335978   1370559  +2.6141338348  +2.371e-07
  1393  +2.6122481443   1369570  +2.6122474670  -6.772e-07
  1394  +2.6103639607   1368583  +2.6103649139  +9.533e-07
  1395  +2.6084810460   1367595  +2.6084804535  -5.925e-07
  1396  +2.6065993993   1366609  +2.6065998077  +4.084e-07
  1397  +2.6047190196   1365623  +2.6047191620  +1.424e-07
  1398  +2.6028399059   1364638  +2.6028404236  +5.177e-07
  1399  +2.6009620571   1363653  +2.6009616852  -3.719e-07
  1400  +2.5990854724   1362669  +2.5990848541  -6.183e-07
  1401  +2.5972101507   1361686  +2.5972099304  -2.203e-07
  1402  +2.5953360910   1360704  +2.5953369141  +8.231e-07
  1403  +2.5934632923   1359722  +2.5934638977  +6.054e-07
  1404  +2.5915917538   1358740  +2.5915908813  -8.724e-07
  1405  +2.5897214742   1357760  +2.5897216797  +2.054e-07
  1406  +2.5878524528   1356780  +2.5878524780  +2.520e-08
  1407  +2.5859846885   1355801  +2.5859851837  +4.952e-07
  1408  +2.5841181803   1354822  +2.5841178894  -2.909e-07
  1409  +2.5822529273   1353844  +2.5822525024  -4.248e-07
  1410  +2.5803889284   1352867  +2.5803890228  +9.442e-08
  1411  +2.5785261827   1351890  +2.5785255432  -6.395e-07
  1412  +2.5766646892   1350914  +2.5766639709  -7.182e-07
  1413  +2.5748044469   1349939  +2.5748043060  -1.409e-07
  1414  +2.5729454549   1348964  +2.5729446411  -8.137e-07
  1415  +2.5710877121   1347990  +2.5710868835  -8.285e-07
  1416  +2.5692312176   1347017  +2.5692310333  -1.842e-07
  1417  +2.5673759704   1346044  +2.5673751831  -7.873e-07
  1418  +2.5655219695   1345072  +2.5655212402  -7.293e-07
  1419  +2.5636692140   1344101  +2.5636692047  -9.250e-09
  1420  +2.5618177028   1343130  +2.5618171692  -5.336e-07
  1421  +2.5599674351   1342160  +2.5599670410  -3.940e-07
  1422  +2.5581184097   1341191  +2.5581188202  +4.104e-07
  1423  +2.5562706259   1340222  +2.5562705994  -2.650e-08
  1424  +2.5544240825   1339254  +2.5544242859  +2.034e-07
  1425  +2.5525787786   1338286  +2.5525779724  -8.062e-07
  1426  +2.5507347132   1337320  +2.5507354736  +7.604e-07
  1427  +2.5488918854   1336353  +2.5488910675  -8.179e-07
  1428  +2.5470502942   1335388  +2.5470504761  +1.818e-07
  1429  +2.5452099386   1334423  +2.5452098846  -5.400e-08
  1430  +2.5433708177   1333459  +2.5433712006  +3.828e-07
  1431  +2.5415329305   1332495  +2.5415325165  -4.140e-07
  1432  +2.5396962759   1331532  +2.5396957397  -5.362e-07
  1433  +2.5378608531   1330570  +2.5378608704  +1.724e-08
  1434  +2.5360266611   1329608  +2.5360260010  -6.601e-07
  1435  +2.5341936989   1328647  +2.5341930389  -6.599e-07
  1436  +2.5323619655   1327687  +2.5323619843  +1.874e-08
  1437  +2.5305314600   1326727  +2.5305309296  -5.305e-07
  1438  +2.5287021814   1325768  +2.5287017822  -3.992e-07
  1439  +2.5268741288   1324810  +2.5268745422  +4.134e-07
  1440  +2.5250473012   1323852  +2.5250473022  +1.083e-09
  1441  +2.5232216975   1322895  +2.5232219696  +2.721e-07
  1442  +2.5213973170   1321938  +2.5213966370  -6.800e-07
  1443  +2.5195741585   1320982  +2.5195732117  -9.468e-07
  1444  +2.5177522211   1320027  +2.5177516937  -5.274e-07
  1445  +2.5159315040   1319073  +2.5159320831  +5.792e-07
  1446  +2.5141120060   1318119  +2.5141124725  +4.665e-07
  1447  +2.5122937263   1317165  +2.5122928619  -8.644e-07
  1448  +2.5104766639   1316213  +2.5104770660  +4.021e-07
  1449  +2.5086608178   1315261  +2.5086612701  +4.523e-07
  1450  +2.5068461871   1314309  +2.5068454742  -7.129e-07
  1451  +2.5050327708   1313359  +2.5050334930  +7.222e-07
  1452  +2.5032205680   1312409  +2.5032215118  +9.438e-07
  1453  +2.5014095777   1311459  +2.5014095306  -4.708e-08
  1454  +2.4995997990   1310510  +2.4995994568  -3.422e-07
  1455  +2.4977912308   1309562  +2.4977912903  +5.950e-08
  1456  +2.4959838723   1308614  +2.4959831238  -7.485e-07
  1457  +2.4941777224   1307667  +2.4941768646  -8.578e-07
  1458  +2.4923727803   1306721  +2.4923725128  -2.675e-07
  1459  +2.4905690450   1305775  +2.4905681610  -8.840e-07
  1460  +2.4887665155   1304830  +2.4887657166  -7.989e-07
  1461  +2.4869651908   1303886  +2.4869651794  -1.139e-08
  1462  +2.4851650701   1302942  +2.4851646423  -4.278e-07
  1463  +2.4833661524   1301999  +2.4833660126  -1.398e-07
  1464  +2.4815684367   1301057  +2.4815692902  +8.535e-07
  1465  +2.4797719221   1300115  +2.4797725677  +6.457e-07
  1466  +2.4779766075   1299173  +2.4779758453  -7.622e-07
  1467  +2.4761824922   1298233  +2.4761829376  +4.454e-07
  1468  +2.4743895751   1297293  +2.4743900299  +4.548e-07
  1469  +2.4725978553   1296353  +2.4725971222  -7.331e-07
  1470  +2.4708073318   1295415  +2.4708080292  +6.974e-07
  1471  +2.4690180037   1294477  +2.4690189362  +9.324e-07
  1472  +2.4672298701   1293539  +2.4672298431  -2.695e-08
  1473  +2.4654429299   1292602  +2.4654426575  -2.725e-07
  1474  +2.4636571824   1291666  +2.4636573792  +1.968e-07
  1475  +2.4618726264   1290730  +2.4618721008  -5.255e-07
  1476  +2.4600892611   1289795  +2.4600887299  -5.312e-07
  1477  +2.4583070855   1288861  +2.4583072662  +1.807e-07
  1478  +2.4565260987   1287927  +2.4565258026  -2.961e-07
  1479  +2.4547462997   1286994  +2.4547462463  -5.340e-08
  1480  +2.4529676877   1286062  +2.4529685974  +9.097e-07
  1481  +2.4511902616   1285130  +2.4511909485  +6.869e-07
  1482  +2.4494140205   1284198  +2.4494132996  -7.210e-07
  1483  +2.4476389636   1283268  +2.4476394653  +5.018e-07
  1484  +2.4458650897   1282338  +2.4458656311  +5.414e-07
  1485  +2.4440923981   1281408  +2.4440917969  -6.012e-07
  1486  +2.4423208877   1280480  +2.4423217773  +8.896e-07
  1487  +2.4405505577   1279551  +2.4405498505  -7.073e-07
  1488  +2.4387814071   1278624  +2.4387817383  +3.312e-07
  1489  +2.4370134349   1277697  +2.4370136261  +1.912e-07
  1490  +2.4352466403   1276771  +2.4352474213  +7.810e-07
  1491  +2.4334810223   1275845  +2.4334812164  +1.942e-07
  1492  +2.4317165799   1274920  +2.4317169189  +3.391e-07
  1493  +2.4299533122   1273995  +2.4299526215  -6.908e-07
  1494  +2.4281912183   1273072  +2.4281921387  +9.203e-07
  1495  +2.4264302973   1272148  +2.4264297485  -5.488e-07
  1496  +2.4246705483   1271226  +2.4246711731  +6.248e-07
  1497  +2.4229119702   1270304  +2.4229125977  +6.275e-07
  1498  +2.4211545622   1269382  +2.4211540222  -5.399e-07
  1499  +2.4193983233   1268462  +2.4193992615  +9.382e-07
  1500  +2.4176432526   1267541  +2.4176425934  -6.592e-07
  1501  +2.4158893492   1266622  +2.4158897400  +3.908e-07
  1502  +2.4141366122   1265703  +2.4141368866  +2.744e-07
  1503  +2.4123850405   1264785  +2.4123859406  +9.000e-07
  1504  +2.4106346334   1263867  +2.4106349945  +3.611e-07
  1505  +2.4088853899   1262950  +2.4088859558  +5.659e-07
  1506  +2.4071373090   1262033  +2.4071369171  -3.918e-07
  1507  +2.4053903898   1261117  +2.4053897858  -6.040e-07
  1508  +2.4036446314   1260202  +2.4036445618  -6.959e-08
  1509  +2.4019000328   1259287  +2.4018993378  -6.951e-07
  1510  +2.4001565932   1258373  +2.4001560211  -5.721e-07
  1511  +2.3984143117   1257460  +2.3984146118  +3.002e-07
  1512  +2.3966731872   1256547  +2.3966732025  +1.532e-08
  1513  +2.3949332189   1255635  +2.3949337006  +4.817e-07
  1514  +2.3931944059   1254723  +2.3931941986  -2.073e-07
  1515  +2.3914567472   1253812  +2.3914566040  -1.432e-07
  1516  +2.3897202419   1252902  +2.3897209167  +6.749e-07
  1517  +2.3879848891   1251992  +2.3879852295  +3.404e-07
  1518  +2.3862506879   1251083  +2.3862514496  +7.617e-07
  1519  +2.3845176373   1250174  +2.3845176697  +3.237e-08
  1520  +2.3827857365   1249266  +2.3827857971  +6.063e-08
  1521  +2.3810549845   1248359  +2.3810558319  +8.474e-07
  1522  +2.3793253804   1247452  +2.3793258667  +4.863e-07
  1523  +2.3775969233   1246546  +2.3775978088  +8.856e-07
  1524  +2.3758696122   1245640  +2.3758697510  +1.387e-07
  1525  +2.3741434463   1244735  +2.3741436005  +1.541e-07
  1526  +2.3724184247   1243831  +2.3724193573  +9.326e-07
  1527  +2.3706945464   1242927  +2.3706951141  +5.678e-07
  1528  +2.3689718105   1242023  +2.3689708710  -9.395e-07
  1529  +2.3672502161   1241121  +2.3672504425  +2.264e-07
  1530  +2.3655297623   1240219  +2.3655300140  +2.518e-07
  1531  +2.3638104481   1239317  +2.3638095856  -8.625e-07
  1532  +2.3620922727   1238417  +2.3620929718  +6.991e-07
  1533  +2.3603752352   1237516  +2.3603744507  -7.845e-07
  1534  +2.3586593346   1236617  +2.3586597443  +4.096e-07
  1535  +2.3569445701   1235718  +2.3569450378  +4.678e-07
  1536  +2.3552309407   1234819  +2.3552303314  -6.092e-07
  1537  +2.3535184455   1233921  +2.3535175323  -9.131e-07
  1538  +2.3518070836   1233024  +2.3518066406  -4.429e-07
  1539  +2.3500968541   1232128  +2.3500976562  +8.022e-07
  1540  +2.3483877560   1231232  +2.3483886719  +9.158e-07
  1541  +2.3466797886   1230336  +2.3466796875  -1.011e-07
  1542  +2.3449729509   1229441  +2.3449726105  -3.404e-07
  1543  +2.3432672419   1228547  +2.3432674408  +1.989e-07
  1544  +2.3415626608   1227653  +2.3415622711  -3.897e-07
  1545  +2.3398592067   1226760  +2.3398590088  -1.979e-07
  1546  +2.3381568786   1225868  +2.3381576538  +7.752e-07
  1547  +2.3364556757   1224976  +2.3364562988  +6.231e-07
  1548  +2.3347555970   1224084  +2.3347549438  -6.532e-07
  1549  +2.3330566417   1223194  +2.3330574036  +7.618e-07
  1550  +2.3313588089   1222303  +2.3313579559  -8.529e-07
  1551  +2.3296620976   1221414  +2.3296623230  +2.254e-07
  1552  +2.3279665069   1220525  +2.3279666901  +1.831e-07
  1553  +2.3262720360   1219637  +2.3262729645  +9.285e-07
  1554  +2.3245786840   1218749  +2.3245792389  +5.549e-07
  1555  +2.3228864499   1217861  +2.3228855133  -9.366e-07
  1556  +2.3211953328   1216975  +2.3211956024  +2.696e-07
  1557  +2.3195053320   1216089  +2.3195056915  +3.596e-07
  1558  +2.3178164463   1215203  +2.3178157806  -6.657e-07
  1559  +2.3161286751   1214318  +2.3161277771  -8.980e-07
  1560  +2.3144420173   1213434  +2.3144416809  -3.364e-07
  1561  +2.3127564721   1212550  +2.3127555847  -8.873e-07
  1562  +2.3110720385   1211667  +2.3110713959  -6.426e-07
  1563  +2.3093887158   1210785  +2.3093891144  +3.986e-07
  1564  +2.3077065029   1209903  +2.3077068329  +3.300e-07
  1565  +2.3060253990   1209021  +2.3060245514  -8.476e-07
  1566  +2.3043454032   1208141  +2.3043460846  +6.814e-07
  1567  +2.3026665147   1207260  +2.3026657104  -8.042e-07
  1568  +2.3009887324   1206381  +2.3009891510  +4.186e-07
  1569  +2.2993120556   1205502  +2.2993125916  +5.360e-07
  1570  +2.2976364833   1204623  +2.2976360321  -4.512e-07
  1571  +2.2959620147   1203745  +2.2959613800  -6.347e-07
  1572  +2.2942886488   1202868  +2.2942886353  -1.355e-08
  1573  +2.2926163848   1201991  +2.2926158905  -4.943e-07
  1574  +2.2909452218   1201115  +2.2909450531  -1.687e-07
  1575  +2.2892751588   1200239  +2.2892742157  -9.431e-07
  1576  +2.2876061951   1199364  +2.2876052856  -9.094e-07
  1577  +2.2859383297   1198490  +2.2859382629  -6.672e-08
  1578  +2.2842715617   1197616  +2.2842712402  -3.214e-07
  1579  +2.2826058902   1196743  +2.2826061249  +2.346e-07
  1580  +2.2809413145   1195870  +2.2809410095  -3.049e-07
  1581  +2.2792778334   1194998  +2.2792778015  -3.193e-08
  1582  +2.2776154463   1194126  +2.2776145935  -8.528e-07
  1583  +2.2759541522   1193255  +2.2759532928  -8.594e-07
  1584  +2.2742939502   1192385  +2.2742938995  -5.071e-08
  1585  +2.2726348395   1191515  +2.2726345062  -3.333e-07
  1586  +2.2709768191   1190646  +2.2709770203  +2.011e-07
  1587  +2.2693198882   1189777  +2.2693195343  -3.539e-07
  1588  +2.2676640459   1188909  +2.2676639557  -9.023e-08
  1589  +2.2660092913   1188041  +2.2660083771  -9.143e-07
  1590  +2.2643556236   1187174  +2.2643547058  -9.178e-07
  1591  +2.2627030418   1186308  +2.2627029419  -9.990e-08
  1592  +2.2610515451   1185442  +2.2610511780  -3.671e-07
  1593  +2.2594011326   1184577  +2.2594013214  +1.888e-07
  1594  +2.2577518034   1183712  +2.2577514648  -3.385e-07
  1595  +2.2561035567   1182848  +2.2561035156  -4.103e-08
  1596  +2.2544563915   1181984  +2.2544555664  -8.251e-07
  1597  +2.2528103070   1181121  +2.2528095245  -7.825e-07
  1598  +2.2511653024   1180259  +2.2511653900  +8.766e-08
  1599  +2.2495213766   1179397  +2.2495212555  -1.212e-07
  1600  +2.2478785290   1178536  +2.2478790283  +4.993e-07
  1601  +2.2462367586   1177675  +2.2462368011  +4.259e-08
  1602  +2.2445960644   1176815  +2.2445964813  +4.169e-07
  1603  +2.2429564458   1175955  +2.2429561615  -2.843e-07
  1604  +2.2413179017   1175096  +2.2413177490  -1.526e-07
  1605  +2.2396804313   1174238  +2.2396812439  +8.126e-07
  1606  +2.2380440337   1173380  +2.2380447388  +7.051e-07
  1607  +2.2364087081   1172522  +2.2364082336  -4.744e-07
  1608  +2.2347744536   1171665  +2.2347736359  -8.177e-07
  1609  +2.2331412693   1170809  +2.2331409454  -3.239e-07
  1610  +2.2315091544   1169953  +2.2315082550  -8.994e-07
  1611  +2.2298781079   1169098  +2.2298774719  -6.360e-07
  1612  +2.2282481291   1168244  +2.2282485962  +4.671e-07
  1613  +2.2266192170   1167390  +2.2266197205  +5.035e-07
  1614  +2.2249913708   1166536  +2.2249908447  -5.261e-07
  1615  +2.2233645896   1165683  +2.2233638763  -7.133e-07
  1616  +2.2217388726   1164831  +2.2217388153  -5.727e-08
  1617  +2.2201142188   1163979  +2.2201137543  -4.646e-07
  1618  +2.2184906275   1163128  +2.2184906006  -2.691e-08
  1619  +2.2168680977   1162277  +2.2168674469  -6.508e-07
  1620  +2.2152466286   1161427  +2.2152462006  -4.281e-07
  1621  +2.2136262194   1160578  +2.2136268616  +6.422e-07
  1622  +2.2120068691   1159729  +2.2120075226  +6.535e-07
  1623  +2.2103885769   1158880  +2.2103881836  -3.933e-07
  1624  +2.2087713419   1158032  +2.2087707520  -5.900e-07
  1625  +2.2071551634   1157185  +2.2071552277  +6.429e-08
  1626  +2.2055400403   1156338  +2.2055397034  -3.369e-07
  1627  +2.2039259719   1155492  +2.2039260864  +1.145e-07
  1628  +2.2023129573   1154646  +2.2023124695  -4.878e-07
  1629  +2.2007009957   1153801  +2.2007007599  -2.358e-07
  1630  +2.1990900861   1152957  +2.1990909576  +8.715e-07
  1631  +2.1974802278   1152113  +2.1974811554  +9.276e-07
  1632  +2.1958714198   1151269  +2.1958713531  -6.662e-08
  1633  +2.1942636613   1150426  +2.1942634583  -2.030e-07
  1634  +2.1926569515   1149584  +2.1926574707  +5.192e-07
  1635  +2.1910512894   1148742  +2.1910514832  +1.937e-07
  1636  +2.1894466744   1147901  +2.1894474030  +7.286e-07
  1637  +2.1878431054   1147060  +2.1878433228  +2.174e-07
  1638  +2.1862405816   1146220  +2.1862411499  +5.683e-07
  1639  +2.1846391022   1145380  +2.1846389771  -1.251e-07
  1640  +2.1830386663   1144541  +2.1830387115  +4.523e-08
  1641  +2.1814392731   1143702  +2.1814384460  -8.271e-07
  1642  +2.1798409217   1142864  +2.1798400879  -8.339e-07
  1643  +2.1782436113   1142027  +2.1782436371  +2.575e-08
  1644  +2.1766473410   1141190  +2.1766471863  -1.548e-07
  1645  +2.1750521100   1140354  +2.1750526428  +5.328e-07
  1646  +2.1734579174   1139518  +2.1734580994  +1.820e-07
  1647  +2.1718647623   1138683  +2.1718654633  +7.009e-07
  1648  +2.1702726440   1137848  +2.1702728271  +1.831e-07
  1649  +2.1686815615   1137014  +2.1686820984  +5.368e-07
  1650  +2.1670915141   1136180  +2.1670913696  -1.445e-07
  1651  +2.1655025008   1135347  +2.1655025482  +4.740e-08
  1652  +2.1639145209   1134514  +2.1639137268  -7.941e-07
  1653  +2.1623275734   1133682  +2.1623268127  -7.607e-07
  1654  +2.1607416576   1132851  +2.1607418060  +1.485e-07
  1655  +2.1591567725   1132020  +2.1591567993  +2.682e-08
  1656  +2.1575729174   1131190  +2.1575737000  +7.826e-07
  1657  +2.1559900914   1130360  +2.1559906006  +5.092e-07
  1658  +2.1544082936   1129530  +2.1544075012  -7.924e-07
  1659  +2.1528275232   1128702  +2.1528282166  +6.933e-07
  1660  +2.1512477795   1127873  +2.1512470245  -7.549e-07
  1661  +2.1496690614   1127046  +2.1496696472  +5.858e-07
  1662  +2.1480913682   1126219  +2.1480922699  +9.017e-07
  1663  +2.1465146991   1125392  +2.1465148926  +1.935e-07
  1664  +2.1449390531   1124566  +2.1449394226  +3.695e-07
  1665  +2.1433644295   1123740  +2.1433639526  -4.769e-07
  1666  +2.1417908275   1122915  +2.1417903900  -4.374e-07
  1667  +2.1402182461   1122091  +2.1402187347  +4.887e-07
  1668  +2.1386466845   1121267  +2.1386470795  +3.949e-07
  1669  +2.1370761420   1120443  +2.1370754242  -7.178e-07
  1670  +2.1355066176   1119620  +2.1355056763  -9.413e-07
  1671  +2.1339381106   1118798  +2.1339378357  -2.749e-07
  1672  +2.1323706200   1117976  +2.1323699951  -6.249e-07
  1673  +2.1308041451   1117155  +2.1308040619  -8.321e-08
  1674  +2.1292386850   1116334  +2.1292381287  -5.564e-07
  1675  +2.1276742389   1115514  +2.1276741028  -1.361e-07
  1676  +2.1261108060   1114694  +2.1261100769  -7.291e-07
  1677  +2.1245483853   1113875  +2.1245479584  -4.269e-07
  1678  +2.1229869762   1113057  +2.1229877472  +7.710e-07
  1679  +2.1214265777   1112238  +2.1214256287  -9.490e-07
  1680  +2.1198671890   1111421  +2.1198673248  +1.359e-07
  1681  +2.1183088093   1110604  +2.1183090210  +2.117e-07
  1682  +2.1167514377   1109787  +2.1167507172  -7.205e-07
  1683  +2.1151950735   1108971  +2.1151943207  -7.528e-07
  1684  +2.1136397157   1108156  +2.1136398315  +1.158e-07
  1685  +2.1120853636   1107341  +2.1120853424  -2.121e-08
  1686  +2.1105320164   1106527  +2.1105327606  +7.443e-07
  1687  +2.1089796731   1105713  +2.1089801788  +5.057e-07
  1688  +2.1074283330   1104899  +2.1074275970  -7.360e-07
  1689  +2.1058779953   1104087  +2.1058788300  +8.347e-07
  1690  +2.1043286590   1103274  +2.1043281555  -5.035e-07
  1691  +2.1027803235   1102462  +2.1027793884  -9.351e-07
  1692  +2.1012329878   1101651  +2.1012325287  -4.591e-07
  1693  +2.0996866512   1100841  +2.0996875763  +9.251e-07
  1694  +2.0981413128   1100030  +2.0981407166  -5.962e-07
  1695  +2.0965969717   1099221  +2.0965976715  +6.998e-07
  1696  +2.0950536273   1098411  +2.0950527191  -9.081e-07
  1697  +2.0935112785   1097603  +2.0935115814  +3.029e-07
  1698  +2.0919699247   1096795  +2.0919704437  +5.190e-07
  1699  +2.0904295650   1095987  +2.0904293060  -2.589e-07
  1700  +2.0888901985   1095180  +2.0888900757  -1.228e-07
  1701  +2.0873518245   1094374  +2.0873527527  +9.282e-07
  1702  +2.0858144421   1093567  +2.0858135223  -9.198e-07
  1703  +2.0842780505   1092762  +2.0842781067  +5.616e-08
  1704  +2.0827426489   1091957  +2.0827426910  +4.211e-08
  1705  +2.0812082365   1091153  +2.0812091827  +9.462e-07
  1706  +2.0796748124   1090349  +2.0796756744  +8.620e-07
  1707  +2.0781423758   1089545  +2.0781421661  -2.097e-07
  1708  +2.0766109260   1088742  +2.0766105652  -3.608e-07
  1709  +2.0750804620   1087940  +2.0750808716  +4.096e-07
  1710  +2.0735509831   1087138  +2.0735511780  +1.948e-07
  1711  +2.0720224885   1086337  +2.0720233917  +9.032e-07
  1712  +2.0704949773   1085536  +2.0704956055  +6.282e-07
  1713  +2.0689684487   1084735  +2.0689678192  -6.295e-07
  1714  +2.0674429020   1083936  +2.0674438477  +9.457e-07
  1715  +2.0659183362   1083136  +2.0659179688  -3.674e-07
  1716  +2.0643947506   1082337  +2.0643939972  -7.534e-07
  1717  +2.0628721444   1081539  +2.0628719330  -2.114e-07
  1718  +2.0613505167   1080741  +2.0613498688  -6.479e-07
  1719  +2.0598298668   1079944  +2.0598297119  -1.548e-07
  1720  +2.0583101937   1079147  +2.0583095551  -6.387e-07
  1721  +2.0567914968   1078351  +2.0567913055  -1.913e-07
  1722  +2.0552737752   1077555  +2.0552730560  -7.192e-07
  1723  +2.0537570281   1076760  +2.0537567139  -3.143e-07
  1724  +2.0522412547   1075965  +2.0522403717  -8.830e-07
  1725  +2.0507264542   1075171  +2.0507259369  -5.173e-07
  1726  +2.0492126257   1074378  +2.0492134094  +7.837e-07
  1727  +2.0476997685   1073584  +2.0476989746  -7.939e-07
  1728  +2.0461878817   1072792  +2.0461883545  +4.728e-07
  1729  +2.0446769645   1072000  +2.0446777344  +7.698e-07
  1730  +2.0431670162   1071208  +2.0431671143  +9.803e-08
  1731  +2.0416580359   1070417  +2.0416584015  +3.655e-07
  1732  +2.0401500229   1069626  +2.0401496887  -3.341e-07
  1733  +2.0386429762   1068836  +2.0386428833  -9.291e-08
  1734  +2.0371368952   1068046  +2.0371360779  -8.173e-07
  1735  +2.0356317789   1067257  +2.0356311798  -5.991e-07
  1736  +2.0341276266   1066469  +2.0341281891  +5.624e-07
  1737  +2.0326244376   1065681  +2.0326251984  +7.608e-07
  1738  +2.0311222109   1064893  +2.0311222076  -3.276e-09
  1739  +2.0296209458   1064106  +2.0296211243  +1.784e-07
  1740  +2.0281206415   1063319  +2.0281200409  -6.006e-07
  1741  +2.0266212972   1062533  +2.0266208649  -4.324e-07
  1742  +2.0251229121   1061748  +2.0251235962  +6.841e-07
  1743  +2.0236254853   1060963  +2.0236263275  +8.422e-07
  1744  +2.0221290162   1060178  +2.0221290588  +4.267e-08
  1745  +2.0206335038   1059394  +2.0206336975  +1.937e-07
  1746  +2.0191389474   1058610  +2.0191383362  -6.112e-07
  1747  +2.0176453462   1057827  +2.0176448822  -4.639e-07
  1748  +2.0161526993   1057045  +2.0161533356  +6.363e-07
  1749  +2.0146610061   1056263  +2.0146617889  +7.829e-07
  1750  +2.0131702656   1055481  +2.0131702423  -2.329e-08
  1751  +2.0116804771   1054700  +2.0116806030  +1.259e-07
  1752  +2.0101916399   1053919  +2.0101909637  -6.761e-07
  1753  +2.0087037530   1053139  +2.0087032318  -5.212e-07
  1754  +2.0072168157   1052360  +2.0072174072  +5.915e-07
  1755  +2.0057308273   1051581  +2.0057315826  +7.554e-07
  1756  +2.0042457868   1050802  +2.0042457581  -2.877e-08
  1757  +2.0027616936   1050024  +2.0027618408  +1.472e-07
  1758  +2.0012785468   1049246  +2.0012779236  -6.232e-07
  1759  +1.9997963457   1048469  +1.9997959137  -4.320e-07
  1760  +1.9983150894   1047693  +1.9983158112  +7.218e-07
  1761  +1.9968347771   1046917  +1.9968357086  +9.315e-07
  1762  +1.9953554081   1046141  +1.9953556061  +1.980e-07
  1763  +1.9938769816   1045366  +1.9938774109  +4.293e-07
  1764  +1.9923994967   1044591  +1.9923992157  -2.810e-07
  1765  +1.9909229528   1043817  +1.9909229279  -2.493e-08
  1766  +1.9894473489   1043043  +1.9894466400  -7.089e-07
  1767  +1.9879726844   1042270  +1.9879722595  -4.249e-07
  1768  +1.9864989584   1041498  +1.9864997864  +8.280e-07
  1769  +1.9850261701   1040725  +1.9850254059  -7.642e-07
  1770  +1.9835543187   1039954  +1.9835548401  +5.213e-07
  1771  +1.9820834036   1039183  +1.9820842743  +8.707e-07
  1772  +1.9806134238   1038412  +1.9806137085  +2.847e-07
  1773  +1.9791443785   1037642  +1.9791450500  +6.715e-07
  1774  +1.9776762671   1036872  +1.9776763916  +1.245e-07
  1775  +1.9762090887   1036103  +1.9762096405  +5.518e-07
  1776  +1.9747428426   1035334  +1.9747428894  +4.682e-08
  1777  +1.9732775279   1034566  +1.9732780457  +5.178e-07
  1778  +1.9718131438   1033798  +1.9718132019  +5.807e-08
  1779  +1.9703496897   1033031  +1.9703502655  +5.758e-07
  1780  +1.9688871646   1032264  +1.9688873291  +1.645e-07
  1781  +1.9674255679   1031498  +1.9674263000  +7.322e-07
  1782  +1.9659648987   1030732  +1.9659652710  +3.723e-07
  1783  +1.9645051562   1029966  +1.9645042419  -9.143e-07
  1784  +1.9630463398   1029202  +1.9630470276  +6.878e-07
  1785  +1.9615884485   1028437  +1.9615879059  -5.426e-07
  1786  +1.9601314816   1027673  +1.9601306915  -7.901e-07
  1787  +1.9586754384   1026910  +1.9586753845  -5.389e-08
  1788  +1.9572203181   1026147  +1.9572200775  -2.405e-07
  1789  +1.9557661198   1025385  +1.9557666779  +5.581e-07
  1790  +1.9543128428   1024623  +1.9543132782  +4.354e-07
  1791  +1.9528604864   1023861  +1.9528598785  -6.078e-07
  1792  +1.9514090497   1023100  +1.9514083862  -6.634e-07
  1793  +1.9499585319   1022340  +1.9499588013  +2.693e-07
  1794  +1.9485089324   1021580  +1.9485092163  +2.839e-07
  1795  +1.9470602503   1020820  +1.9470596313  -6.190e-07
  1796  +1.9456124849   1020061  +1.9456119537  -5.311e-07
  1797  +1.9441656353   1019303  +1.9441661835  +5.482e-07
  1798  +1.9427197008   1018545  +1.9427204132  +7.124e-07
  1799  +1.9412746806   1017787  +1.9412746429  -3.770e-08
  1800  +1.9398305740   1017030  +1.9398307800  +2.060e-07
  1801  +1.9383873802   1016273  +1.9383869171  -4.631e-07
  1802  +1.9369450984   1015517  +1.9369449615  -1.369e-07
  1803  +1.9355037279   1014761  +1.9355030060  -7.219e-07
  1804  +1.9340632678   1014006  +1.9340629578  -3.100e-07
  1805  +1.9326237174   1013251  +1.9326229095  -8.078e-07
  1806  +1.9311850759   1012497  +1.9311847687  -3.073e-07
  1807  +1.9297473426   1011743  +1.9297466278  -7.148e-07
  1808  +1.9283105167   1010990  +1.9283103943  -1.224e-07
  1809  +1.9268745974   1010237  +1.9268741608  -4.367e-07
  1810  +1.9254395840   1009485  +1.9254398346  +2.506e-07
  1811  +1.9240054757   1008733  +1.9240055084  +3.276e-08
  1812  +1.9225722716   1007982  +1.9225730896  +8.180e-07
  1813  +1.9211399712   1007231  +1.9211406708  +6.996e-07
  1814  +1.9197085735   1006480  +1.9197082520  -3.216e-07
  1815  +1.9182780779   1005730  +1.9182777405  -3.374e-07
  1816  +1.9168484835   1004981  +1.9168491364  +6.529e-07
  1817  +1.9154197896   1004232  +1.9154205322  +7.427e-07
  1818  +1.9139919954   1003483  +1.9139919281  -6.730e-08
  1819  +1.9125651002   1002735  +1.9125652313  +1.311e-07
  1820  +1.9111391032   1001987  +1.9111385345  -5.687e-07
  1821  +1.9097140037   1001240  +1.9097137451  -2.586e-07
  1822  +1.9082898008   1000493  +1.9082889557  -8.451e-07
  1823  +1.9068664939    999747  +1.9068660736  -4.202e-07
  1824  +1.9054440821    999001  +1.9054431915  -8.905e-07
  1825  +1.9040225647    998256  +1.9040222168  -3.479e-07
  1826  +1.9026019409    997511  +1.9026012421  -6.989e-07
  1827  +1.9011822101    996767  +1.9011821747  -3.537e-08
  1828  +1.8997633713    996023  +1.8997631073  -2.640e-07
  1829  +1.8983454239    995280  +1.8983459473  +5.234e-07
  1830  +1.8969283671    994537  +1.8969287872  +4.201e-07
  1831  +1.8955122002    993794  +1.8955116272  -5.730e-07
  1832  +1.8940969223    993052  +1.8940963745  -5.478e-07
  1833  +1.8926825328    992311  +1.8926830292  +4.964e-07
  1834  +1.8912690308    991570  +1.8912696838  +6.530e-07
  1835  +1.8898564157    990829  +1.8898563385  -7.722e-08
  1836  +1.8884446867    990089  +1.8884449005  +2.138e-07
  1837  +1.8870338429    989349  +1.8870334625  -3.804e-07
  1838  +1.8856238837    988610  +1.8856239319  +4.816e-08
  1839  +1.8842148083    987871  +1.8842144012  -4.071e-07
  1840  +1.8828066160    987133  +1.8828067780  +1.620e-07
  1841  +1.8813993059    986395  +1.8813991547  -1.513e-07
  1842  +1.8799928775    985658  +1.8799934387  +5.613e-07
  1843  +1.8785873297    984921  +1.8785877228  +3.930e-07
  1844  +1.8771826621    984184  +1.8771820068  -6.552e-07
  1845  +1.8757788737    983448  +1.8757781982  -6.755e-07
  1846  +1.8743759639    982713  +1.8743762970  +3.331e-07
  1847  +1.8729739318    981978  +1.8729743958  +4.639e-07
  1848  +1.8715727768    981243  +1.8715724945  -2.823e-07
  1849  +1.8701724981    980509  +1.8701725006  +2.464e-09
  1850  +1.8687730950    979775  +1.8687725067  -5.883e-07
  1851  +1.8673745666    979042  +1.8673744202  -1.465e-07
  1852  +1.8659769123    978309  +1.8659763336  -5.787e-07
  1853  +1.8645801313    977577  +1.8645801544  +2.311e-08
  1854  +1.8631842229    976845  +1.8631839752  -2.476e-07
  1855  +1.8617891862    976114  +1.8617897034  +5.172e-07
  1856  +1.8603950206    975383  +1.8603954315  +4.109e-07
  1857  +1.8590017254    974652  +1.8590011597  -5.657e-07
  1858  +1.8576092997    973922  +1.8576087952  -5.045e-07
  1859  +1.8562177429    973193  +1.8562183380  +5.952e-07
  1860  +1.8548270541    972464  +1.8548278809  +8.268e-07
  1861  +1.8534372327    971735  +1.8534374237  +1.910e-07
  1862  +1.8520482779    971007  +1.8520488739  +5.960e-07
  1863  +1.8506601889    970279  +1.8506603241  +1.352e-07
  1864  +1.8492729651    969552  +1.8492736816  +7.166e-07
  1865  +1.8478866056    968825  +1.8478870392  +4.336e-07
  1866  +1.8465011098    968098  +1.8465003967  -7.131e-07
  1867  +1.8451164769    967372  +1.8451156616  -8.153e-07
  1868  +1.8437327061    966647  +1.8437328339  +1.277e-07
  1869  +1.8423497968    965922  +1.8423500061  +2.093e-07
  1870  +1.8409677481    965197  +1.8409671783  -5.698e-07
  1871  +1.8395865594    964473  +1.8395862579  -3.015e-07
  1872  +1.8382062299    963749  +1.8382053375  -8.923e-07
  1873  +1.8368267588    963026  +1.8368263245  -4.344e-07
  1874  +1.8354481455    962303  +1.8354473114  -8.341e-07
  1875  +1.8340703892    961581  +1.8340702057  -1.835e-07
  1876  +1.8326934891    960859  +1.8326931000  -3.891e-07
  1877  +1.8313174445    960138  +1.8313179016  +4.571e-07
  1878  +1.8299422548    959417  +1.8299427032  +4.485e-07
  1879  +1.8285679191    958696  +1.8285675049  -4.142e-07
  1880  +1.8271944367    957976  +1.8271942139  -2.228e-07
  1881  +1.8258218069    957256  +1.8258209229  -8.840e-07
  1882  +1.8244500289    956537  +1.8244495392  -4.898e-07
  1883  +1.8230791021    955818  +1.8230781555  -9.466e-07
  1884  +1.8217090257    955100  +1.8217086792  -3.465e-07
  1885  +1.8203397989    954382  +1.8203392029  -5.960e-07
  1886  +1.8189714210    953665  +1.8189716339  +2.129e-07
  1887  +1.8176038914    952948  +1.8176040649  +1.736e-07
  1888  +1.8162372092    952231  +1.8162364960  -7.132e-07
  1889  +1.8148713737    951515  +1.8148708344  -5.394e-07
  1890  +1.8135063843    950800  +1.8135070801  +6.958e-07
  1891  +1.8121422401    950084  +1.8121414185  -8.216e-07
  1892  +1.8107789405    949370  +1.8107795715  +6.311e-07
  1893  +1.8094164847    948655  +1.8094158173  -6.674e-07
  1894  +1.8080548719    947941  +1.8080539703  -9.016e-07
  1895  +1.8066941016    947228  +1.8066940308  -7.084e-08
  1896  +1.8053341729    946515  +1.8053340912  -8.172e-08
  1897  +1.8039750851    945802  +1.8039741516  -9.335e-07
  1898  +1.8026168375    945090  +1.8026161194  -7.182e-07
  1899  +1.8012594294    944379  +1.8012599945  +5.651e-07
  1900  +1.7999028600    943667  +1.7999019623  -8.978e-07
  1901  +1.7985471287    942957  +1.7985477448  +6.161e-07
  1902  +1.7971922346    942246  +1.7971916199  -6.147e-07
  1903  +1.7958381771    941536  +1.7958374023  -7.748e-07
  1904  +1.7944849555    940827  +1.7944850922  +1.367e-07
  1905  +1.7931325690    940118  +1.7931327820  +2.130e-07
  1906  +1.7917810169    939409  +1.7917804718  -5.451e-07
  1907  +1.7904302984    938701  +1.7904300690  -2.295e-07
  1908  +1.7890804130    937993  +1.7890796661  -7.468e-07
  1909  +1.7877313598    937286  +1.7877311707  -1.891e-07
  1910  +1.7863831381    936579  +1.7863826752  -4.629e-07
  1911  +1.7850357472    935873  +1.7850360870  +3.398e-07
  1912  +1.7836891864    935167  +1.7836894989  +3.125e-07
  1913  +1.7823434550    934461  +1.7823429108  -5.442e-07
  1914  +1.7809985522    933756  +1.7809982300  -3.222e-07
  1915  +1.7796544774    933051  +1.7796535492  -9.282e-07
  1916  +1.7783112298    932347  +1.7783107758  -4.540e-07
  1917  +1.7769688087    931643  +1.7769680023  -8.063e-07
  1918  +1.7756272133    930940  +1.7756271362  -7.710e-08
  1919  +1.7742864431    930237  +1.7742862701  -1.729e-07
  1920  +1.7729464972    929535  +1.7729473114  +8.142e-07
  1921  +1.7716073749    928832  +1.7716064453  -9.296e-07
  1922  +1.7702690756    928131  +1.7702693939  +3.183e-07
  1923  +1.7689315985    927430  +1.7689323425  +7.440e-07
  1924  +1.7675949429    926729  +1.7675952911  +3.483e-07
  1925  +1.7662591081    926028  +1.7662582397  -8.683e-07
  1926  +1.7649240933    925329  +1.7649250031  +9.097e-07
  1927  +1.7635898979    924629  +1.7635898590  -3.893e-08
  1928  +1.7622565212    923930  +1.7622566223  +1.011e-07
  1929  +1.7609239624    923231  +1.7609233856  -5.768e-07
  1930  +1.7595922209    922533  +1.7595920563  -1.646e-07
  1931  +1.7582612959    921835  +1.7582607269  -5.690e-07
  1932  +1.7569311867    921138  +1.7569313049  +1.182e-07
  1933  +1.7556018926    920441  +1.7556018829  -9.680e-09
  1934  +1.7542734129    919744  +1.7542724609  -9.520e-07
  1935  +1.7529457469    919048  +1.7529449463  -8.006e-07
  1936  +1.7516188939    918353  +1.7516193390  +4.451e-07
  1937  +1.7502928532    917658  +1.7502937317  +8.785e-07
  1938  +1.7489676240    916963  +1.7489681244  +5.004e-07
  1939  +1.7476432057    916268  +1.7476425171  -6.887e-07
  1940  +1.7463195976    915574  +1.7463188171  -7.805e-07
  1941  +1.7449967989    914881  +1.7449970245  +2.256e-07
  1942  +1.7436748090    914188  +1.7436752319  +4.229e-07
  1943  +1.7423536272    913495  +1.7423534393  -1.878e-07
  1944  +1.7410332526    912803  +1.7410335541  +3.014e-07
  1945  +1.7397136848    912111  +1.7397136688  -1.593e-08
  1946  +1.7383949228    911420  +1.7383956909  +7.681e-07
  1947  +1.7370769661    910729  +1.7370777130  +7.469e-07
  1948  +1.7357598139    910038  +1.7357597351  -7.884e-08
  1949  +1.7344434656    909348  +1.7344436646  +1.989e-07
  1950  +1.7331279204    908658  +1.7331275940  -3.264e-07
  1951  +1.7318131777    907969  +1.7318134308  +2.531e-07
  1952  +1.7304992366    907280  +1.7304992676  +3.094e-08
  1953  +1.7291860967    906592  +1.7291870117  +9.151e-07
  1954  +1.7278737570    905903  +1.7278728485  -9.085e-07
  1955  +1.7265622170    905216  +1.7265625000  +2.830e-07
  1956  +1.7252514759    904529  +1.7252521515  +6.756e-07
  1957  +1.7239415331    903842  +1.7239418030  +2.699e-07
  1958  +1.7226323878    903155  +1.7226314545  -9.334e-07
  1959  +1.7213240394    902470  +1.7213249207  +8.812e-07
  1960  +1.7200164872    901784  +1.7200164795  -7.675e-09
  1961  +1.7187097304    901099  +1.7187099457  +2.153e-07
  1962  +1.7174037683    900414  +1.7174034119  -3.565e-07
  1963  +1.7160986004    899730  +1.7160987854  +1.850e-07
  1964  +1.7147942258    899046  +1.7147941589  -6.686e-08
  1965  +1.7134906439    898363  +1.7134914398  +7.959e-07
  1966  +1.7121878540    897680  +1.7121887207  +8.667e-07
  1967  +1.7108858554    896997  +1.7108860016  +1.462e-07
  1968  +1.7095846474    896315  +1.7095851898  +5.424e-07
  1969  +1.7082842293    895633  +1.7082843781  +1.487e-07
  1970  +1.7069846005    894952  +1.7069854736  +8.732e-07
  1971  +1.7056857602    894271  +1.7056865692  +8.091e-07
  1972  +1.7043877077    893590  +1.7043876648  -4.290e-08
  1973  +1.7030904424    892910  +1.7030906677  +2.253e-07
  1974  +1.7017939635    892230  +1.7017936707  -2.929e-07
  1975  +1.7004982705    891551  +1.7004985809  +3.105e-07
  1976  +1.6992033625    890872  +1.6992034912  +1.287e-07
  1977  +1.6979092389    890193  +1.6979084015  -8.374e-07
  1978  +1.6966158990    889515  +1.6966152191  -6.799e-07
  1979  +1.6953233422    888838  +1.6953239441  +6.019e-07
  1980  +1.6940315677    888160  +1.6940307617  -8.060e-07
  1981  +1.6927405749    887484  +1.6927413940  +8.192e-07
  1982  +1.6914503630    886807  +1.6914501190  -2.440e-07
  1983  +1.6901609314    886131  +1.6901607513  -1.801e-07
  1984  +1.6888722795    885455  +1.6888713837  -8.958e-07
  1985  +1.6875844064    884780  +1.6875839233  -4.831e-07
  1986  +1.6862973116    884105  +1.6862964630  -8.486e-07
  1987  +1.6850109943    883431  +1.6850109100  -8.427e-08
  1988  +1.6837254539    882757  +1.6837253571  -9.684e-08
  1989  +1.6824406897    882083  +1.6824398041  -8.856e-07
  1990  +1.6811567010    881410  +1.6811561584  -5.425e-07
  1991  +1.6798734871    880738  +1.6798744202  +9.331e-07
  1992  +1.6785910473    880065  +1.6785907745  -2.728e-07
  1993  +1.6773093811    879393  +1.6773090363  -3.448e-07
  1994  +1.6760284876    878722  +1.6760292053  +7.177e-07
  1995  +1.6747483662    878050  +1.6747474670  -8.992e-07
  1996  +1.6734690162    877380  +1.6734695435  +5.272e-07
  1997  +1.6721904370    876709  +1.6721897125  -7.245e-07
  1998  +1.6709126279    876039  +1.6709117889  -8.389e-07
  1999  +1.6696355881    875370  +1.6696357727  +1.846e-07
  2000  +1.6683593171    874701  +1.6683597565  +4.394e-07
  2001  +1.6670838141    874032  +1.6670837402  -7.388e-08
  2002  +1.6658090785    873364  +1.6658096313  +5.529e-07
  2003  +1.6645351096    872696  +1.6645355225  +4.129e-07
  2004  +1.6632619066    872028  +1.6632614136  -4.931e-07
  2005  +1.6619894691    871361  +1.6619892120  -2.570e-07
  2006  +1.6607177961    870694  +1.6607170105  -7.856e-07
  2007  +1.6594468872    870028  +1.6594467163  -1.709e-07
  2008  +1.6581767416    869362  +1.6581764221  -3.195e-07
  2009  +1.6569073587    868697  +1.6569080353  +6.766e-07
  2010  +1.6556387377    868032  +1.6556396484  +9.107e-07
  2011  +1.6543708780    867367  +1.6543712616  +3.836e-07
  2012  +1.6531037790    866702  +1.6531028748  -9.042e-07
  2013  +1.6518374399    866039  +1.6518383026  +8.627e-07
  2014  +1.6505718601    865375  +1.6505718231  -3.700e-08
  2015  +1.6493070390    864712  +1.6493072510  +2.120e-07
  2016  +1.6480429757    864049  +1.6480426788  -2.969e-07
  2017  +1.6467796698    863387  +1.6467800140  +3.442e-07
  2018  +1.6455171205    862725  +1.6455173492  +2.287e-07
  2019  +1.6442553272    862063  +1.6442546844  -6.427e-07
  2020  +1.6429942891    861402  +1.6429939270  -3.621e-07
  2021  +1.6417340056    860741  +1.6417331696  -8.361e-07
  2022  +1.6404744761    860081  +1.6404743195  -1.566e-07
  2023  +1.6392156999    859421  +1.6392154694  -2.305e-07
  2024  +1.6379576762    858762  +1.6379585266  +8.504e-07
  2025  +1.6367004046    858102  +1.6366996765  -7.281e-07
  2026  +1.6354438842    857444  +1.6354446411  +7.569e-07
  2027  +1.6341881144    856785  +1.6341876984  -4.161e-07
  2028  +1.6329330947    856127  +1.6329326630  -4.317e-07
  2029  +1.6316788242    855470  +1.6316795349  +7.108e-07
  2030  +1.6304253023    854812  +1.6304244995  -8.028e-07
  2031  +1.6291725284    854156  +1.6291732788  +7.504e-07
  2032  +1.6279205018    853499  +1.6279201508  -3.511e-07
  2033  +1.6266692219    852843  +1.6266689301  -2.918e-07
  2034  +1.6254186880    852188  +1.6254196167  +9.287e-07
  2035  +1.6241688994    851532  +1.6241683960  -5.034e-07
  2036  +1.6229198554    850877  +1.6229190826  -7.728e-07
  2037  +1.6216715555    850223  +1.6216716766  +1.212e-07
  2038  +1.6204239989    849569  +1.6204242706  +2.717e-07
  2039  +1.6191771850    848915  +1.6191768646  -3.204e-07
  2040  +1.6179311132    848262  +1.6179313660  +2.528e-07
  2041  +1.6166857827    847609  +1.6166858673  +8.462e-08
  2042  +1.6154411929    846956  +1.6154403687  -8.243e-07
  2043  +1.6141973433    846304  +1.6141967773  -5.659e-07
  2044  +1.6129542330    845653  +1.6129550934  +8.604e-07
  2045  +1.6117118615    845001  +1.6117115021  -3.594e-07
  2046  +1.6104702280    844350  +1.6104698181  -4.099e-07
  2047  +1.6092293320    843700  +1.6092300415  +7.095e-07
  2048  +1.6079891729    843049  +1.6079883575  -8.153e-07
  2049  +1.6067497498    842400  +1.6067504883  +7.385e-07
  2050  +1.6055110622    841750  +1.6055107117  -3.506e-07
  2051  +1.6042731095    841101  +1.6042728424  -2.671e-07
  2052  +1.6030358909    840452  +1.6030349731  -9.178e-07
  2053  +1.6017994059    839804  +1.6017990112  -3.947e-07
  2054  +1.6005636537    839156  +1.6005630493  -6.044e-07
  2055  +1.5993286338    838509  +1.5993289948  +3.610e-07
  2056  +1.5980943454    837862  +1.5980949402  +5.947e-07
  2057  +1.5968607880    837215  +1.5968608856  +9.761e-08
  2058  +1.5956279609    836569  +1.5956287384  +7.776e-07
  2059  +1.5943958633    835923  +1.5943965912  +7.279e-07
  2060  +1.5931644948    835277  +1.5931644440  -5.080e-08
  2061  +1.5919338546    834632  +1.5919342041  +3.496e-07
  2062  +1.5907039420    833987  +1.5907039642  +2.222e-08
  2063  +1.5894747565    833343  +1.5894756317  +8.752e-07
  2064  +1.5882462974    832698  +1.5882453918  -9.056e-07
  2065  +1.5870185640    832055  +1.5870189667  +4.026e-07
  2066  +1.5857915558    831411  +1.5857906342  -9.216e-07
  2067  +1.5845652720    830769  +1.5845661163  +8.444e-07
  2068  +1.5833397120    830126  +1.5833396912  -2.080e-08
  2069  +1.5821148751    829484  +1.5821151733  +2.982e-07
  2070  +1.5808907608    828842  +1.5808906555  -1.053e-07
  2071  +1.5796673684    828201  +1.5796680450  +6.767e-07
  2072  +1.5784446972    827560  +1.5784454346  +7.374e-07
  2073  +1.5772227466    826919  +1.5772228241  +7.752e-08
  2074  +1.5760015159    826279  +1.5760021210  +6.050e-07
  2075  +1.5747810046    825639  +1.5747814178  +4.133e-07
  2076  +1.5735612119    824999  +1.5735607147  -4.972e-07
  2077  +1.5723421373    824360  +1.5723419189  -2.183e-07
  2078  +1.5711237800    823721  +1.5711231232  -6.569e-07
  2079  +1.5699061395    823083  +1.5699062347  +9.521e-08
  2080  +1.5686892151    822445  +1.5686893463  +1.312e-07
  2081  +1.5674730062    821807  +1.5674724579  -5.484e-07
  2082  +1.5662575122    821170  +1.5662574768  -3.536e-08
  2083  +1.5650427323    820533  +1.5650424957  -2.366e-07
  2084  +1.5638286660    819897  +1.5638294220  +7.560e-07
  2085  +1.5626153126    819260  +1.5626144409  -8.717e-07
  2086  +1.5614026715    818625  +1.5614032745  +6.030e-07
  2087  +1.5601907420    817989  +1.5601902008  -5.412e-07
  2088  +1.5589795236    817354  +1.5589790344  -4.892e-07
  2089  +1.5577690156    816720  +1.5577697754  +7.598e-07
  2090  +1.5565592173    816085  +1.5565586090  -6.083e-07
  2091  +1.5553501281    815451  +1.5553493500  -7.781e-07
  2092  +1.5541417474    814818  +1.5541419983  +2.509e-07
  2093  +1.5529340746    814185  +1.5529346466  +5.720e-07
  2094  +1.5517271090    813552  +1.5517272949  +1.859e-07
  2095  +1.5505208499    812919  +1.5505199432  -9.067e-07
  2096  +1.5493152969    812287  +1.5493144989  -7.980e-07
  2097  +1.5481104491    811656  +1.5481109619  +5.128e-07
  2098  +1.5469063061    811024  +1.5469055176  -7.885e-07
  2099  +1.5457028671    810393  +1.5457019806  -8.865e-07
  2100  +1.5445001315    809763  +1.5445003510  +2.194e-07
  2101  +1.5432980988    809133  +1.5432987213  +6.225e-07
  2102  +1.5420967682    808503  +1.5420970917  +3.234e-07
  2103  +1.5408961392    807873  +1.5408954620  -6.772e-07
  2104  +1.5396962111    807244  +1.5396957397  -4.714e-07
  2105  +1.5384969833    806616  +1.5384979248  +9.415e-07
  2106  +1.5372984552    805987  +1.5372982025  -2.527e-07
  2107  +1.5361006261    805359  +1.5361003876  -2.386e-07
  2108  +1.5349034955    804731  +1.5349025726  -9.229e-07
  2109  +1.5337070626    804104  +1.5337066650  -3.976e-07
  2110  +1.5325113269    803477  +1.5325107574  -5.695e-07
  2111  +1.5313162878    802851  +1.5313167572  +4.694e-07
  2112  +1.5301219446    802225  +1.5301227570  +8.124e-07
  2113  +1.5289282966    801599  +1.5289287567  +4.601e-07
  2114  +1.5277353434    800973  +1.5277347565  -5.869e-07
  2115  +1.5265430842    800348  +1.5265426636  -4.206e-07
  2116  +1.5253515184    799723  +1.5253505707  -9.477e-07
  2117  +1.5241606455    799099  +1.5241603851  -2.603e-07
  2118  +1.5229704647    798475  +1.5229701996  -2.651e-07
  2119  +1.5217809755    797852  +1.5217819214  +9.459e-07
  2120  +1.5205921773    797228  +1.5205917358  -4.414e-07
  2121  +1.5194040694    796605  +1.5194034576  -6.117e-07
  2122  +1.5182166512    795983  +1.5182170868  +4.356e-07
  2123  +1.5170299221    795361  +1.5170307159  +7.939e-07
  2124  +1.5158438814    794739  +1.5158443451  +4.636e-07
  2125  +1.5146585287    794117  +1.5146579742  -5.544e-07
  2126  +1.5134738632    793496  +1.5134735107  -3.524e-07
  2127  +1.5122898843    792875  +1.5122890472  -8.370e-07
  2128  +1.5111065914    792255  +1.5111064911  -1.003e-07
  2129  +1.5099239839    791635  +1.5099239349  -4.895e-08
  2130  +1.5087420612    791015  +1.5087413788  -6.824e-07
  2131  +1.5075608226    790396  +1.5075607300  -9.265e-08
  2132  +1.5063802676    789777  +1.5063800812  -1.865e-07
  2133  +1.5052003956    789159  +1.5052013397  +9.441e-07
  2134  +1.5040212058    788540  +1.5040206909  -5.149e-07
  2135  +1.5028426978    787922  +1.5028419495  -7.484e-07
  2136  +1.5016648709    787305  +1.5016651154  +2.445e-07
  2137  +1.5004877245    786688  +1.5004882812  +5.568e-07
  2138  +1.4993112579    786071  +1.4993114471  +1.892e-07
  2139  +1.4981354706    785454  +1.4981346130  -8.576e-07
  2140  +1.4969603620    784838  +1.4969596863  -6.757e-07
  2141  +1.4957859314    784223  +1.4957866669  +7.355e-07
  2142  +1.4946121783    783607  +1.4946117401  -4.382e-07
  2143  +1.4934391019    782992  +1.4934387207  -3.812e-07
  2144  +1.4922667018    782378  +1.4922676086  +9.068e-07
  2145  +1.4910949774    781763  +1.4910945892  -3.881e-07
  2146  +1.4899239279    781149  +1.4899234772  -4.507e-07
  2147  +1.4887535528    780536  +1.4887542725  +7.197e-07
  2148  +1.4875838515    779922  +1.4875831604  -6.911e-07
  2149  +1.4864148234    779309  +1.4864139557  -8.677e-07
  2150  +1.4852464679    778697  +1.4852466583  +1.904e-07
  2151  +1.4840787844    778085  +1.4840793610  +5.766e-07
  2152  +1.4829117722    777473  +1.4829120636  +2.914e-07
  2153  +1.4817454308    776861  +1.4817447662  -6.645e-07
  2154  +1.4805797595    776250  +1.4805793762  -3.833e-07
  2155  +1.4794147579    775639  +1.4794139862  -7.717e-07
  2156  +1.4782504251    775029  +1.4782505035  +7.839e-08
  2157  +1.4770867608    774419  +1.4770870209  +2.601e-07
  2158  +1.4759237642    773809  +1.4759235382  -2.260e-07
  2159  +1.4747614347    773200  +1.4747619629  +5.282e-07
  2160  +1.4735997718    772591  +1.4736003876  +6.157e-07
  2161  +1.4724387749    771982  +1.4724388123  +3.736e-08
  2162  +1.4712784433    771374  +1.4712791443  +7.010e-07
  2163  +1.4701187765    770766  +1.4701194763  +6.998e-07
  2164  +1.4689597738    770158  +1.4689598083  +3.455e-08
  2165  +1.4678014347    769551  +1.4678020477  +6.130e-07
  2166  +1.4666437585    768944  +1.4666442871  +5.286e-07
  2167  +1.4654867447    768337  +1.4654865265  -2.182e-07
  2168  +1.4643303927    767731  +1.4643306732  +2.805e-07
  2169  +1.4631747019    767125  +1.4631748199  +1.181e-07
  2170  +1.4620196716    766519  +1.4620189667  -7.049e-07
  2171  +1.4608653013    765914  +1.4608650208  -2.805e-07
  2172  +1.4597115904    765309  +1.4597110748  -5.155e-07
  2173  +1.4585585382    764705  +1.4585590363  +4.980e-07
  2174  +1.4574061443    764101  +1.4574069977  +8.534e-07
  2175  +1.4562544080    763497  +1.4562549591  +5.511e-07
  2176  +1.4551033287    762893  +1.4551029205  -4.081e-07
  2177  +1.4539529058    762290  +1.4539527893  -1.165e-07
  2178  +1.4528031387    761687  +1.4528026581  -4.806e-07
  2179  +1.4516540269    761085  +1.4516544342  +4.073e-07
  2180  +1.4505055697    760483  +1.4505062103  +6.406e-07
  2181  +1.4493577666    759881  +1.4493579865  +2.199e-07
  2182  +1.4482106169    759279  +1.4482097626  -8.543e-07
  2183  +1.4470641201    758678  +1.4470634460  -6.741e-07
  2184  +1.4459182756    758078  +1.4459190369  +7.613e-07
  2185  +1.4447730828    757477  +1.4447727203  -3.625e-07
  2186  +1.4436285411    756877  +1.4436283112  -2.299e-07
  2187  +1.4424846499    756277  +1.4424839020  -7.479e-07
  2188  +1.4413414087    755678  +1.4413414001  -8.519e-09
  2189  +1.4401988168    755079  +1.4401988983  +8.155e-08
  2190  +1.4390568736    754480  +1.4390563965  -4.771e-07
  2191  +1.4379155787    753882  +1.4379158020  +2.233e-07
  2192  +1.4367749313    753284  +1.4367752075  +2.762e-07
  2193  +1.4356349309    752686  +1.4356346130  -3.179e-07
  2194  +1.4344955770    752089  +1.4344959259  +3.489e-07
  2195  +1.4333568689    751492  +1.4333572388  +3.699e-07
  2196  +1.4322188061    750895  +1.4322185516  -2.544e-07
  2197  +1.4310813879    750299  +1.4310817719  +3.840e-07
  2198  +1.4299446138    749703  +1.4299449921  +3.782e-07
  2199  +1.4288084832    749107  +1.4288082123  -2.710e-07
  2200  +1.4276729956    748512  +1.4276733398  +3.442e-07
  2201  +1.4265381503    747917  +1.4265384674  +3.171e-07
  2202  +1.4254039468    747322  +1.4254035950  -3.518e-07
  2203  +1.4242703844    746728  +1.4242706299  +2.454e-07
  2204  +1.4231374627    746134  +1.4231376648  +2.021e-07
  2205  +1.4220051810    745540  +1.4220046997  -4.813e-07
  2206  +1.4208735388    744947  +1.4208736420  +1.032e-07
  2207  +1.4197425354    744354  +1.4197425842  +4.884e-08
  2208  +1.4186121703    743761  +1.4186115265  -6.438e-07
  2209  +1.4174824429    743169  +1.4174823761  -6.685e-08
  2210  +1.4163533527    742577  +1.4163532257  -1.270e-07
  2211  +1.4152248991    741985  +1.4152240753  -8.238e-07
  2212  +1.4140970814    741394  +1.4140968323  -2.491e-07
  2213  +1.4129698992    740803  +1.4129695892  -3.099e-07
  2214  +1.4118433518    740213  +1.4118442535  +9.018e-07
  2215  +1.4107174386    739622  +1.4107170105  -4.281e-07
  2216  +1.4095921592    739032  +1.4095916748  -4.844e-07
  2217  +1.4084675129    738443  +1.4084682465  +7.336e-07
  2218  +1.4073434991    737853  +1.4073429108  -5.884e-07
  2219  +1.4062201173    737264  +1.4062194824  -6.349e-07
  2220  +1.4050973670    736676  +1.4050979614  +5.945e-07
  2221  +1.4039752474    736087  +1.4039745331  -7.143e-07
  2222  +1.4028537581    735499  +1.4028530121  -7.461e-07
  2223  +1.4017328986    734912  +1.4017333984  +4.999e-07
  2224  +1.4006126681    734324  +1.4006118774  -7.907e-07
  2225  +1.3994930662    733737  +1.3994922638  -8.024e-07
  2226  +1.3983740923    733151  +1.3983745575  +4.652e-07
  2227  +1.3972557458    732564  +1.3972549438  -8.019e-07
  2228  +1.3961380261    731978  +1.3961372375  -7.886e-07
  2229  +1.3950209328    731393  +1.3950214386  +5.058e-07
  2230  +1.3939044651    730807  +1.3939037323  -7.328e-07
  2231  +1.3927886227    730222  +1.3927879333  -6.893e-07
  2232  +1.3916734048    729638  +1.3916740417  +6.370e-07
  2233  +1.3905588109    729053  +1.3905582428  -5.681e-07
  2234  +1.3894448405    728469  +1.3894443512  -4.893e-07
  2235  +1.3883314929    727886  +1.3883323669  +8.740e-07
  2236  +1.3872187678    727302  +1.3872184753  -2.924e-07
  2237  +1.3861066643    726719  +1.3861064911  -1.732e-07
  2238  +1.3849951821    726136  +1.3849945068  -6.753e-07
  2239  +1.3838843205    725554  +1.3838844299  +1.094e-07
  2240  +1.3827740790    724972  +1.3827743530  +2.740e-07
  2241  +1.3816644570    724390  +1.3816642761  -1.809e-07
  2242  +1.3805554540    723809  +1.3805561066  +6.526e-07
  2243  +1.3794470694    723228  +1.3794479370  +8.676e-07
  2244  +1.3783393026    722647  +1.3783397675  +4.649e-07
  2245  +1.3772321531    722066  +1.3772315979  -5.552e-07
  2246  +1.3761256203    721486  +1.3761253357  -2.846e-07
  2247  +1.3750197037    720906  +1.3750190735  -6.302e-07
  2248  +1.3739144027    720327  +1.3739147186  +3.160e-07
  2249  +1.3728097167    719748  +1.3728103638  +6.471e-07
  2250  +1.3717056452    719169  +1.3717060089  +3.637e-07
  2251  +1.3706021876    718590  +1.3706016541  -5.336e-07
  2252  +1.3694993435    718012  +1.3694992065  -1.369e-07
  2253  +1.3683971121    717434  +1.3683967590  -3.531e-07
  2254  +1.3672954931    716857  +1.3672962189  +7.258e-07
  2255  +1.3661944857    716279  +1.3661937714  -7.143e-07
  2256  +1.3650940895    715702  +1.3650932312  -8.583e-07
  2257  +1.3639943039    715126  +1.3639945984  +2.945e-07
  2258  +1.3628951284    714550  +1.3628959656  +8.372e-07
  2259  +1.3617965623    713974  +1.3617973328  +7.704e-07
  2260  +1.3606986052    713398  +1.3606987000  +9.471e-08
  2261  +1.3596012566    712823  +1.3596019745  +7.179e-07
  2262  +1.3585045157    712248  +1.3585052490  +7.333e-07
  2263  +1.3574083822    711673  +1.3574085236  +1.414e-07
  2264  +1.3563128554    711099  +1.3563137054  +8.501e-07
  2265  +1.3552179348    710525  +1.3552188873  +9.525e-07
  2266  +1.3541236199    709951  +1.3541240692  +4.494e-07
  2267  +1.3530299100    709377  +1.3530292511  -6.589e-07
  2268  +1.3519368047    708804  +1.3519363403  -4.644e-07
  2269  +1.3508443035    708231  +1.3508434296  -8.739e-07
  2270  +1.3497524056    707659  +1.3497524261  +2.050e-08
  2271  +1.3486611107    707087  +1.3486614227  +3.120e-07
  2272  +1.3475704182    706515  +1.3475704193  +1.103e-09
  2273  +1.3464803275    705943  +1.3464794159  -9.116e-07
  2274  +1.3453908381    705372  +1.3453903198  -5.182e-07
  2275  +1.3443019494    704801  +1.3443012238  -7.256e-07
  2276  +1.3432136608    704231  +1.3432140350  +3.742e-07
  2277  +1.3421259720    703661  +1.3421268463  +8.743e-07
  2278  +1.3410388822    703091  +1.3410396576  +7.754e-07
  2279  +1.3399523910    702521  +1.3399524689  +7.785e-08
  2280  +1.3388664978    701952  +1.3388671875  +6.897e-07
  2281  +1.3377812021    701383  +1.3377819061  +7.040e-07
  2282  +1.3366965034    700814  +1.3366966248  +1.214e-07
  2283  +1.3356124010    700246  +1.3356132507  +8.497e-07
  2284  +1.3345288945    699677  +1.3345279694  -9.251e-07
  2285  +1.3334459833    699110  +1.3334465027  +5.194e-07
  2286  +1.3323636669    698542  +1.3323631287  -5.382e-07
  2287  +1.3312819447    697975  +1.3312816620  -2.827e-07
  2288  +1.3302008162    697408  +1.3302001953  -6.209e-07
  2289  +1.3291202809    696842  +1.3291206360  +3.551e-07
  2290  +1.3280403382    696276  +1.3280410767  +7.384e-07
  2291  +1.3269609876    695710  +1.3269615173  +5.297e-07
  2292  +1.3258822286    695144  +1.3258819580  -2.706e-07
  2293  +1.3248040606    694579  +1.3248043060  +2.455e-07
  2294  +1.3237264830    694014  +1.3237266541  +1.710e-07
  2295  +1.3226494955    693449  +1.3226490021  -4.934e-07
  2296  +1.3215730973    692885  +1.3215732574  +1.601e-07
  2297  +1.3204972880    692321  +1.3204975128  +2.248e-07
  2298  +1.3194220671    691757  +1.3194217682  -2.989e-07
  2299  +1.3183474340    691194  +1.3183479309  +4.969e-07
  2300  +1.3172733882    690631  +1.3172740936  +7.055e-07
  2301  +1.3161999291    690068  +1.3162002563  +3.272e-07
  2302  +1.3151270563    689505  +1.3151264191  -6.372e-07
  2303  +1.3140547691    688943  +1.3140544891  -2.800e-07
  2304  +1.3129830671    688381  +1.3129825592  -5.079e-07
  2305  +1.3119119498    687820  +1.3119125366  +5.868e-07
  2306  +1.3108414166    687258  +1.3108406067  -8.099e-07
  2307  +1.3097714669    686697  +1.3097705841  -8.828e-07
  2308  +1.3087021003    686137  +1.3087024689  +3.686e-07
  2309  +1.3076333162    685576  +1.3076324463  -8.699e-07
  2310  +1.3065651141    685016  +1.3065643311  -7.830e-07
  2311  +1.3054974935    684457  +1.3054981232  +6.297e-07
  2312  +1.3044304538    683897  +1.3044300079  -4.458e-07
  2313  +1.3033639945    683338  +1.3033638000  -1.945e-07
  2314  +1.3022981152    682779  +1.3022975922  -5.230e-07
  2315  +1.3012328152    682221  +1.3012332916  +4.765e-07
  2316  +1.3001680940    681663  +1.3001689911  +8.971e-07
  2317  +1.2991039512    681105  +1.2991046906  +7.394e-07
  2318  +1.2980403861    680547  +1.2980403900  +3.887e-09
  2319  +1.2969773984    679990  +1.2969779968  +5.985e-07
  2320  +1.2959149874    679433  +1.2959156036  +6.163e-07
  2321  +1.2948531526    678876  +1.2948532104  +5.785e-08
  2322  +1.2937918935    678320  +1.2937927246  +8.311e-07
  2323  +1.2927312097    677763  +1.2927303314  -8.783e-07
  2324  +1.2916711005    677208  +1.2916717529  +6.524e-07
  2325  +1.2906115655    676652  +1.2906112671  -2.984e-07
  2326  +1.2895526041    676097  +1.2895526886  +8.454e-08
  2327  +1.2884942158    675542  +1.2884941101  -1.057e-07
  2328  +1.2874364001    674987  +1.2874355316  -8.685e-07
  2329  +1.2863791565    674433  +1.2863788605  -2.960e-07
  2330  +1.2853224844    673879  +1.2853221893  -2.951e-07
  2331  +1.2842663835    673325  +1.2842655182  -8.653e-07
  2332  +1.2832108530    672772  +1.2832107544  -9.861e-08
  2333  +1.2821558926    672219  +1.2821559906  +9.804e-08
  2334  +1.2811015016    671666  +1.2811012268  -2.748e-07
  2335  +1.2800476797    671114  +1.2800483704  +6.907e-07
  2336  +1.2789944262    670561  +1.2789936066  -8.196e-07
  2337  +1.2779417407    670010  +1.2779426575  +9.168e-07
  2338  +1.2768896226    669458  +1.2768898010  +1.784e-07
  2339  +1.2758380715    668907  +1.2758388519  +7.804e-07
  2340  +1.2747870868    668356  +1.2747879028  +8.160e-07
  2341  +1.2737366680    667805  +1.2737369537  +2.857e-07
  2342  +1.2726868147    667254  +1.2726860046  -8.100e-07
  2343  +1.2716375262    666704  +1.2716369629  -5.633e-07
  2344  +1.2705888021    666154  +1.2705879211  -8.809e-07
  2345  +1.2695406418    665605  +1.2695407867  +1.449e-07
  2346  +1.2684930450    665056  +1.2684936523  +6.074e-07
  2347  +1.2674460110    664507  +1.2674465179  +5.070e-07
  2348  +1.2663995393    663958  +1.2663993835  -1.558e-07
  2349  +1.2653536295    663410  +1.2653541565  +5.270e-07
  2350  +1.2643082811    662862  +1.2643089294  +6.484e-07
  2351  +1.2632634934    662314  +1.2632637024  +2.090e-07
  2352  +1.2622192661    661766  +1.2622184753  -7.908e-07
  2353  +1.2611755986    661219  +1.2611751556  -4.430e-07
  2354  +1.2601324904    660672  +1.2601318359  -6.545e-07
  2355  +1.2590899411    660126  +1.2590904236  +4.825e-07
  2356  +1.2580479500    659579  +1.2580471039  -8.461e-07
  2357  +1.2570065168    659033  +1.2570056915  -8.252e-07
  2358  +1.2559656408    658488  +1.2559661865  +5.457e-07
  2359  +1.2549253217    657942  +1.2549247742  -5.475e-07
  2360  +1.2538855588    657397  +1.2538852692  -2.897e-07
  2361  +1.2528463518    656852  +1.2528457642  -5.876e-07
  2362  +1.2518077000    656308  +1.2518081665  +4.665e-07
  2363  +1.2507696031    655763  +1.2507686615  -9.416e-07
  2364  +1.2497320604    655220  +1.2497329712  +9.108e-07
  2365  +1.2486950716    654676  +1.2486953735  +3.020e-07
  2366  +1.2476586360    654132  +1.2476577759  -8.601e-07
  2367  +1.2466227533    653589  +1.2466220856  -6.677e-07
  2368  +1.2455874228    653047  +1.2455883026  +8.798e-07
  2369  +1.2445526442    652504  +1.2445526123  -3.189e-08
  2370  +1.2435184169    651962  +1.2435188293  +4.125e-07
  2371  +1.2424847404    651420  +1.2424850464  +3.060e-07
  2372  +1.2414516142    650878  +1.2414512634  -3.508e-07
  2373  +1.2404190379    650337  +1.2404193878  +3.500e-07
  2374  +1.2393870108    649796  +1.2393875122  +5.014e-07
  2375  +1.2383555327    649255  +1.2383556366  +1.039e-07
  2376  +1.2373246028    648714  +1.2373237610  -8.419e-07
  2377  +1.2362942209    648174  +1.2362937927  -4.281e-07
  2378  +1.2352643863    647634  +1.2352638245  -5.618e-07
  2379  +1.2342350985    647095  +1.2342357635  +6.650e-07
  2380  +1.2332063571    646555  +1.2332057953  -5.619e-07
  2381  +1.2321781617    646016  +1.2321777344  -4.273e-07
  2382  +1.2311505116    645477  +1.2311496735  -8.381e-07
  2383  +1.2301234064    644939  +1.2301235199  +1.135e-07
  2384  +1.2290968457    644401  +1.2290973663  +5.207e-07
  2385  +1.2280708289    643863  +1.2280712128  +3.839e-07
  2386  +1.2270453555    643325  +1.2270450592  -2.963e-07
  2387  +1.2260204251    642788  +1.2260208130  +3.879e-07
  2388  +1.2249960371    642251  +1.2249965668  +5.297e-07
  2389  +1.2239721912    641714  +1.2239723206  +1.294e-07
  2390  +1.2229488867    641177  +1.2229480743  -8.123e-07
  2391  +1.2219261232    640641  +1.2219257355  -3.877e-07
  2392  +1.2209039003    640105  +1.2209033966  -5.037e-07
  2393  +1.2198822174    639570  +1.2198829651  +7.477e-07
  2394  +1.2188610741    639034  +1.2188606262  -4.478e-07
  2395  +1.2178404698    638499  +1.2178401947  -2.751e-07
  2396  +1.2168204041    637964  +1.2168197632  -6.409e-07
  2397  +1.2158008766    637430  +1.2158012390  +3.625e-07
  2398  +1.2147818866    636896  +1.2147827148  +8.282e-07
  2399  +1.2137634338    636362  +1.2137641907  +7.568e-07
  2400  +1.2127455177    635828  +1.2127456665  +1.488e-07
  2401  +1.2117281378    635295  +1.2117290497  +9.119e-07
  2402  +1.2107112936    634761  +1.2107105255  -7.680e-07
  2403  +1.2096949845    634229  +1.2096958160  +8.315e-07
  2404  +1.2086792103    633696  +1.2086791992  -1.107e-08
  2405  +1.2076639703    633164  +1.2076644897  +5.194e-07
  2406  +1.2066492641    632632  +1.2066497803  +5.162e-07
  2407  +1.2056350912    632100  +1.2056350708  -2.042e-08
  2408  +1.2046214512    631569  +1.2046222687  +8.175e-07
  2409  +1.2036083435    631037  +1.2036075592  -7.843e-07
  2410  +1.2025957677    630507  +1.2025966644  +8.967e-07
  2411  +1.2015837233    629976  +1.2015838623  +1.390e-07
  2412  +1.2005722099    629446  +1.2005729675  +7.577e-07
  2413  +1.1995612269    628916  +1.1995620728  +8.459e-07
  2414  +1.1985507739    628386  +1.1985511780  +4.041e-07
  2415  +1.1975408504    627856  +1.1975402832  -5.672e-07
  2416  +1.1965314560    627327  +1.1965312958  -1.602e-07
  2417  +1.1955225901    626798  +1.1955223083  -2.818e-07
  2418  +1.1945142524    626269  +1.1945133209  -9.314e-07
  2419  +1.1935064422    625741  +1.1935062408  -2.014e-07
  2420  +1.1924991593    625213  +1.1924991608  +1.496e-09
  2421  +1.1914924030    624685  +1.1914920807  -3.223e-07
  2422  +1.1904861729    624158  +1.1904869080  +7.350e-07
  2423  +1.1894804686    623630  +1.1894798279  -6.408e-07
  2424  +1.1884752896    623103  +1.1884746552  -6.345e-07
  2425  +1.1874706354    622577  +1.1874713898  +7.544e-07
  2426  +1.1864665056    622050  +1.1864662170  -2.885e-07
  2427  +1.1854628996    621524  +1.1854629517  +5.207e-08
  2428  +1.1844598170    620998  +1.1844596863  -1.308e-07
  2429  +1.1834572574    620472  +1.1834564209  -8.365e-07
  2430  +1.1824552203    619947  +1.1824550629  -1.575e-07
  2431  +1.1814537052    619422  +1.1814537048  -3.990e-10
  2432  +1.1804527117    618897  +1.1804523468  -3.649e-07
  2433  +1.1794522393    618373  +1.1794528961  +6.569e-07
  2434  +1.1784522875    617848  +1.1784515381  -7.494e-07
  2435  +1.1774528558    617324  +1.1774520874  -7.684e-07
  2436  +1.1764539439    616801  +1.1764545441  +6.002e-07
  2437  +1.1754555512    616277  +1.1754550934  -4.578e-07
  2438  +1.1744576773    615754  +1.1744575500  -1.272e-07
  2439  +1.1734603217    615231  +1.1734600067  -3.150e-07
  2440  +1.1724634840    614709  +1.1724643707  +8.867e-07
  2441  +1.1714671637    614186  +1.1714668274  -3.363e-07
  2442  +1.1704713604    613664  +1.1704711914  -1.690e-07
  2443  +1.1694760735    613142  +1.1694755554  -5.181e-07
  2444  +1.1684813027    612621  +1.1684818268  +5.241e-07
  2445  +1.1674870474    612099  +1.1674861908  -8.566e-07
  2446  +1.1664933073    611578  +1.1664924622  -8.451e-07
  2447  +1.1655000818    611058  +1.1655006409  +5.591e-07
  2448  +1.1645073705    610537  +1.1645069122  -4.583e-07
  2449  +1.1635151730    610017  +1.1635150909  -8.205e-08
  2450  +1.1625234888    609497  +1.1625232697  -2.191e-07
  2451  +1.1615323174    608977  +1.1615314484  -8.690e-07
  2452  +1.1605416584    608458  +1.1605415344  -1.240e-07
  2453  +1.1595515114    607939  +1.1595516205  +1.091e-07
  2454  +1.1585618758    607420  +1.1585617065  -1.693e-07
  2455  +1.1575727513    606902  +1.1575737000  +9.487e-07
  2456  +1.1565841373    606383  +1.1565837860  -3.513e-07
  2457  +1.1555960335    605865  +1.1555957794  -2.541e-07
  2458  +1.1546084394    605347  +1.1546077728  -6.665e-07
  2459  +1.1536213545    604830  +1.1536216736  +3.191e-07
  2460  +1.1526347783    604313  +1.1526355743  +7.960e-07
  2461  +1.1516487106    603796  +1.1516494751  +7.645e-07
  2462  +1.1506631507    603279  +1.1506633759  +2.252e-07
  2463  +1.1496780982    602762  +1.1496772766  -8.216e-07
  2464  +1.1486935527    602246  +1.1486930847  -4.680e-07
  2465  +1.1477095138    601730  +1.1477088928  -6.210e-07
  2466  +1.1467259810    601215  +1.1467266083  +6.273e-07
  2467  +1.1457429538    600699  +1.1457424164  -5.374e-07
  2468  +1.1447604319    600184  +1.1447601318  -3.000e-07
  2469  +1.1437784147    599669  +1.1437778473  -5.674e-07
  2470  +1.1427969018    599155  +1.1427974701  +5.683e-07
  2471  +1.1418158928    598640  +1.1418151855  -7.073e-07
  2472  +1.1408353873    598126  +1.1408348083  -5.789e-07
  2473  +1.1398553847    597612  +1.1398544312  -9.535e-07
  2474  +1.1388758847    597099  +1.1388759613  +7.663e-08
  2475  +1.1378968868    596586  +1.1378974915  +6.047e-07
  2476  +1.1369183905    596073  +1.1369190216  +6.311e-07
  2477  +1.1359403956    595560  +1.1359405518  +1.562e-07
  2478  +1.1349629013    595047  +1.1349620819  -8.194e-07
  2479  +1.1339859075    594535  +1.1339855194  -3.881e-07
  2480  +1.1330094136    594023  +1.1330089569  -4.566e-07
  2481  +1.1320334191    593512  +1.1320343018  +8.827e-07
  2482  +1.1310579237    593000  +1.1310577393  -1.844e-07
  2483  +1.1300829268    592489  +1.1300830841  +1.573e-07
  2484  +1.1291084282    591978  +1.1291084290  +7.638e-10
  2485  +1.1281344273    591467  +1.1281337738  -6.535e-07
  2486  +1.1271609236    590957  +1.1271610260  +1.024e-07
  2487  +1.1261879169    590447  +1.1261882782  +3.613e-07
  2488  +1.1252154065    589937  +1.1252155304  +1.239e-07
  2489  +1.1242433922    589427  +1.1242427826  -6.096e-07
  2490  +1.1232718734    588918  +1.1232719421  +6.874e-08
  2491  +1.1223008497    588409  +1.1223011017  +2.519e-07
  2492  +1.1213303208    587900  +1.1213302612  -5.955e-08
  2493  +1.1203602861    587391  +1.1203594208  -8.653e-07
  2494  +1.1193907452    586883  +1.1193904877  -2.576e-07
  2495  +1.1184216978    586375  +1.1184215546  -1.432e-07
  2496  +1.1174531433    585867  +1.1174526215  -5.218e-07
  2497  +1.1164850813    585360  +1.1164855957  +5.144e-07
  2498  +1.1155175115    584852  +1.1155166626  -8.489e-07
  2499  +1.1145504334    584345  +1.1145496368  -7.966e-07
  2500  +1.1135838465    583839  +1.1135845184  +6.719e-07
  2501  +1.1126177505    583332  +1.1126174927  -2.578e-07
  2502  +1.1116521449    582826  +1.1116523743  +2.294e-07
  2503  +1.1106870292    582320  +1.1106872559  +2.266e-07
  2504  +1.1097224031    581814  +1.1097221375  -2.657e-07
  2505  +1.1087582662    581309  +1.1087589264  +6.602e-07
  2506  +1.1077946179    580803  +1.1077938080  -8.099e-07
  2507  +1.1068314580    580298  +1.1068305969  -8.610e-07
  2508  +1.1058687859    579794  +1.1058692932  +5.074e-07
  2509  +1.1049066012    579289  +1.1049060822  -5.190e-07
  2510  +1.1039449035    578785  +1.1039447784  -1.251e-07
  2511  +1.1029836925    578281  +1.1029834747  -2.178e-07
  2512  +1.1020229676    577777  +1.1020221710  -7.966e-07
  2513  +1.1010627285    577274  +1.1010627747  +4.618e-08
  2514  +1.1001029747    576771  +1.1001033783  +4.036e-07
  2515  +1.0991437058    576268  +1.0991439819  +2.761e-07
  2516  +1.0981849214    575765  +1.0981845856  -3.359e-07
  2517  +1.0972266211    575263  +1.0972270966  +4.754e-07
  2518  +1.0962688045    574761  +1.0962696075  +8.031e-07
  2519  +1.0953114711    574259  +1.0953121185  +6.475e-07
  2520  +1.0943546205    573757  +1.0943546295  +9.027e-09
  2521  +1.0933982523    573256  +1.0933990479  +7.955e-07
  2522  +1.0924423661    572754  +1.0924415588  -8.073e-07
  2523  +1.0914869616    572254  +1.0914878845  +9.230e-07
  2524  +1.0905320381    571753  +1.0905323029  +2.647e-07
  2525  +1.0895775954    571252  +1.0895767212  -8.743e-07
  2526  +1.0886236331    570752  +1.0886230469  -5.862e-07
  2527  +1.0876701507    570252  +1.0876693726  -7.781e-07
  2528  +1.0867171478    569753  +1.0867176056  +4.578e-07
  2529  +1.0857646240    569253  +1.0857639313  -6.927e-07
  2530  +1.0848125789    568754  +1.0848121643  -4.146e-07
  2531  +1.0838610120    568255  +1.0838603973  -6.147e-07
  2532  +1.0829099231    567757  +1.0829105377  +6.146e-07
  2533  +1.0819593116    567258  +1.0819587708  -5.408e-07
  2534  +1.0810091771    566760  +1.0810089111  -2.660e-07
  2535  +1.0800595193    566262  +1.0800590515  -4.678e-07
  2536  +1.0791103378    565765  +1.0791110992  +7.615e-07
  2537  +1.0781616320    565267  +1.0781612396  -3.924e-07
  2538  +1.0772134017    564770  +1.0772132874  -1.143e-07
  2539  +1.0762656464    564273  +1.0762653351  -3.113e-07
  2540  +1.0753183657    563777  +1.0753192902  +9.245e-07
  2541  +1.0743715592    563280  +1.0743713379  -2.213e-07
  2542  +1.0734252265    562784  +1.0734252930  +6.645e-08
  2543  +1.0724793672    562288  +1.0724792480  -1.192e-07
  2544  +1.0715339809    561792  +1.0715332031  -7.778e-07
  2545  +1.0705890672    561297  +1.0705890656  -1.662e-09
  2546  +1.0696446257    560802  +1.0696449280  +3.023e-07
  2547  +1.0687006560    560307  +1.0687007904  +1.345e-07
  2548  +1.0677571576    559812  +1.0677566528  -5.048e-07
  2549  +1.0668141302    559318  +1.0668144226  +2.924e-07
  2550  +1.0658715735    558824  +1.0658721924  +6.189e-07
  2551  +1.0649294869    558330  +1.0649299622  +4.753e-07
  2552  +1.0639878700    557836  +1.0639877319  -1.381e-07
  2553  +1.0630467226    557343  +1.0630474091  +6.864e-07
  2554  +1.0621060442    556849  +1.0621051788  -8.654e-07
  2555  +1.0611658344    556357  +1.0611667633  +9.290e-07
  2556  +1.0602260927    555864  +1.0602264404  +3.477e-07
  2557  +1.0592868189    555371  +1.0592861176  -7.013e-07
  2558  +1.0583480124    554879  +1.0583477020  -3.104e-07
  2559  +1.0574096730    554387  +1.0574092865  -3.865e-07
  2560  +1.0564718002    553895  +1.0564708710  -9.292e-07
  2561  +1.0555343936    553404  +1.0555343628  -3.079e-08
  2562  +1.0545974528    552913  +1.0545978546  +4.018e-07
  2563  +1.0536609775    552422  +1.0536613464  +3.690e-07
  2564  +1.0527249672    551931  +1.0527248383  -1.289e-07
  2565  +1.0517894215    551441  +1.0517902374  +8.159e-07
  2566  +1.0508543402    550950  +1.0508537292  -6.109e-07
  2567  +1.0499197227    550460  +1.0499191284  -5.942e-07
  2568  +1.0489855686    549971  +1.0489864349  +8.663e-07
  2569  +1.0480518777    549481  +1.0480518341  -4.357e-08
  2570  +1.0471186494    548992  +1.0471191406  +4.912e-07
  2571  +1.0461858835    548503  +1.0461864471  +5.636e-07
  2572  +1.0452535795    548014  +1.0452537537  +1.742e-07
  2573  +1.0443217370    547525  +1.0443210602  -6.768e-07
  2574  +1.0433903557    547037  +1.0433902740  -8.166e-08
  2575  +1.0424594352    546549  +1.0424594879  +5.276e-08
  2576  +1.0415289750    546061  +1.0415287018  -2.732e-07
  2577  +1.0405989748    545574  +1.0405998230  +8.482e-07
  2578  +1.0396694342    545086  +1.0396690369  -3.974e-07
  2579  +1.0387403529    544599  +1.0387401581  -1.948e-07
  2580  +1.0378117304    544112  +1.0378112793  -4.511e-07
  2581  +1.0368835663    543626  +1.0368843079  +7.415e-07
  2582  +1.0359558604    543139  +1.0359554291  -4.313e-07
  2583  +1.0350286121    542653  +1.0350284576  -1.545e-07
  2584  +1.0341018212    542167  +1.0341014862  -3.349e-07
  2585  +1.0331754871    541682  +1.0331764221  +9.350e-07
  2586  +1.0322496097    541196  +1.0322494507  -1.590e-07
  2587  +1.0313241884    540711  +1.0313243866  +1.982e-07
  2588  +1.0303992229    540226  +1.0303993225  +9.962e-08
  2589  +1.0294747128    539741  +1.0294742584  -4.544e-07
  2590  +1.0285506578    539257  +1.0285511017  +4.439e-07
  2591  +1.0276270574    538773  +1.0276279449  +8.875e-07
  2592  +1.0267039113    538289  +1.0267047882  +8.769e-07
  2593  +1.0257812191    537805  +1.0257816315  +4.123e-07
  2594  +1.0248589805    537321  +1.0248584747  -5.058e-07
  2595  +1.0239371950    536838  +1.0239372253  +3.032e-08
  2596  +1.0230158623    536355  +1.0230159760  +1.136e-07
  2597  +1.0220949821    535872  +1.0220947266  -2.555e-07
  2598  +1.0211745538    535390  +1.0211753845  +8.307e-07
  2599  +1.0202545772    534907  +1.0202541351  -4.421e-07
  2600  +1.0193350520    534425  +1.0193347931  -2.589e-07
  2601  +1.0184159776    533943  +1.0184154510  -5.265e-07
  2602  +1.0174973538    533462  +1.0174980164  +6.626e-07
  2603  +1.0165791802    532980  +1.0165786743  -5.059e-07
  2604  +1.0156614564    532499  +1.0156612396  -2.167e-07
  2605  +1.0147441820    532018  +1.0147438049  -3.771e-07
  2606  +1.0138273567    531538  +1.0138282776  +9.209e-07
  2607  +1.0129109801    531057  +1.0129108429  -1.372e-07
  2608  +1.0119950519    530577  +1.0119953156  +2.637e-07
  2609  +1.0110795716    530097  +1.0110797882  +2.166e-07
  2610  +1.0101645389    529617  +1.0101642609  -2.781e-07
  2611  +1.0092499535    529138  +1.0092506409  +6.874e-07
  2612  +1.0083358149    528658  +1.0083351135  -7.014e-07
  2613  +1.0074221229    528179  +1.0074214935  -6.293e-07
  2614  +1.0065088770    527701  +1.0065097809  +9.039e-07
  2615  +1.0055960769    527222  +1.0055961609  +8.403e-08
  2616  +1.0046837222    526744  +1.0046844482  +7.261e-07
  2617  +1.0037718125    526266  +1.0037727356  +9.231e-07
  2618  +1.0028603476    525788  +1.0028610229  +6.754e-07
  2619  +1.0019493269    525310  +1.0019493103  -1.664e-08
  2620  +1.0010387503    524833  +1.0010395050  +7.547e-07
  2621  +1.0001286173    524355  +1.0001277924  -8.249e-07
  2622  +0.9992189275    523878  +0.9992179871  -9.404e-07
  2623  +0.9983096806    523402  +0.9983100891  +4.085e-07
  2624  +0.9974008763    522925  +0.9974002838  -5.924e-07
  2625  +0.9964925141    522449  +0.9964923859  -1.282e-07
  2626  +0.9955845937    521973  +0.9955844879  -1.058e-07
  2627  +0.9946771149    521497  +0.9946765900  -5.249e-07
  2628  +0.9937700771    521022  +0.9937705994  +5.223e-07
  2629  +0.9928634801    520546  +0.9928627014  -7.786e-07
  2630  +0.9919573234    520071  +0.9919567108  -6.126e-07
  2631  +0.9910516068    519596  +0.9910507202  -8.866e-07
  2632  +0.9901463299    519122  +0.9901466370  +3.070e-07
  2633  +0.9892414924    518647  +0.9892406464  -8.460e-07
  2634  +0.9883370938    518173  +0.9883365631  -5.307e-07
  2635  +0.9874331339    517699  +0.9874324799  -6.540e-07
  2636  +0.9865296122    517226  +0.9865303040  +6.918e-07
  2637  +0.9856265284    516752  +0.9856262207  -3.077e-07
  2638  +0.9847238823    516279  +0.9847240448  +1.625e-07
  2639  +0.9838216734    515806  +0.9838218689  +1.955e-07
  2640  +0.9829199013    515333  +0.9829196930  -2.083e-07
  2641  +0.9820185658    514861  +0.9820194244  +8.587e-07
  2642  +0.9811176664    514388  +0.9811172485  -4.179e-07
  2643  +0.9802172029    513916  +0.9802169800  -2.229e-07
  2644  +0.9793171749    513444  +0.9793167114  -4.635e-07
  2645  +0.9784175820    512973  +0.9784183502  +7.682e-07
  2646  +0.9775184239    512501  +0.9775180817  -3.423e-07
  2647  +0.9766197003    512030  +0.9766197205  +2.018e-08
  2648  +0.9757214107    511559  +0.9757213593  -5.150e-08
  2649  +0.9748235550    511088  +0.9748229980  -5.569e-07
  2650  +0.9739261326    510618  +0.9739265442  +4.116e-07
  2651  +0.9730291433    510148  +0.9730300903  +9.470e-07
  2652  +0.9721325868    509677  +0.9721317291  -8.577e-07
  2653  +0.9712364626    509208  +0.9712371826  +7.200e-07
  2654  +0.9703407705    508738  +0.9703407288  -4.176e-08
  2655  +0.9694455101    508269  +0.9694461823  +6.721e-07
  2656  +0.9685506811    507799  +0.9685497284  -9.527e-07
  2657  +0.9676562831    507331  +0.9676570892  +8.062e-07
  2658  +0.9667623158    506862  +0.9667625427  +2.270e-07
  2659  +0.9658687788    506393  +0.9658679962  -7.826e-07
  2660  +0.9649756718    505925  +0.9649753571  -3.148e-07
  2661  +0.9640829946    505457  +0.9640827179  -2.767e-07
  2662  +0.9631907466    504989  +0.9631900787  -6.679e-07
  2663  +0.9622989277    504522  +0.9622993469  +4.192e-07
  2664  +0.9614075374    504054  +0.9614067078  -8.297e-07
  2665  +0.9605165755    503587  +0.9605159760  -5.996e-07
  2666  +0.9596260416    503120  +0.9596252441  -7.974e-07
  2667  +0.9587359353    502654  +0.9587364197  +4.844e-07
  2668  +0.9578462564    502187  +0.9578456879  -5.685e-07
  2669  +0.9569570044    501721  +0.9569568634  -1.410e-07
  2670  +0.9560681792    501255  +0.9560680389  -1.402e-07
  2671  +0.9551797802    500789  +0.9551792145  -5.657e-07
  2672  +0.9542918073    500324  +0.9542922974  +4.901e-07
  2673  +0.9534042600    499858  +0.9534034729  -7.871e-07
  2674  +0.9525171381    499393  +0.9525165558  -5.823e-07
  2675  +0.9516304412    498928  +0.9516296387  -8.026e-07
  2676  +0.9507441690    498464  +0.9507446289  +4.599e-07
  2677  +0.9498583212    497999  +0.9498577118  -6.094e-07
  2678  +0.9489728973    497535  +0.9489727020  -1.953e-07
  2679  +0.9480878972    497071  +0.9480876923  -2.050e-07
  2680  +0.9472033205    496607  +0.9472026825  -6.380e-07
  2681  +0.9463191668    496144  +0.9463195801  +4.133e-07
  2682  +0.9454354359    495680  +0.9454345703  -8.655e-07
  2683  +0.9445521273    495217  +0.9445514679  -6.594e-07
  2684  +0.9436692408    494754  +0.9436683655  -8.753e-07
  2685  +0.9427867761    494292  +0.9427871704  +3.943e-07
  2686  +0.9419047328    493829  +0.9419040680  -6.648e-07
  2687  +0.9410231106    493367  +0.9410228729  -2.377e-07
  2688  +0.9401419093    492905  +0.9401416779  -2.314e-07
  2689  +0.9392611283    492443  +0.9392604828  -6.456e-07
  2690  +0.9383807676    491982  +0.9383811951  +4.275e-07
  2691  +0.9375008266    491520  +0.9375000000  -8.266e-07
  2692  +0.9366213052    491059  +0.9366207123  -5.929e-07
  2693  +0.9357422029    490598  +0.9357414246  -7.784e-07
  2694  +0.9348635196    490138  +0.9348640442  +5.246e-07
  2695  +0.9339852548    489677  +0.9339847565  -4.983e-07
  2696  +0.9331074082    489217  +0.9331073761  -3.207e-08
  2697  +0.9322299795    488757  +0.9322299957  +1.622e-08
  2698  +0.9313529685    488297  +0.9313526154  -3.531e-07
  2699  +0.9304763747    487838  +0.9304771423  +7.676e-07
  2700  +0.9296001979    487378  +0.9295997620  -4.359e-07
  2701  +0.9287244378    486919  +0.9287242889  -1.488e-07
  2702  +0.9278490940    486460  +0.9278488159  -2.781e-07
  2703  +0.9269741662    486001  +0.9269733429  -8.233e-07
  2704  +0.9260996542    485543  +0.9260997772  +1.230e-07
  2705  +0.9252255576    485085  +0.9252262115  +6.540e-07
  2706  +0.9243518761    484627  +0.9243526459  +7.698e-07
  2707  +0.9234786093    484169  +0.9234790802  +4.709e-07
  2708  +0.9226057571    483711  +0.9226055145  -2.425e-07
  2709  +0.9217333190    483254  +0.9217338562  +5.372e-07
  2710  +0.9208612948    482797  +0.9208621979  +9.031e-07
  2711  +0.9199896841    482340  +0.9199905396  +8.555e-07
  2712  +0.9191184867    481883  +0.9191188812  +3.946e-07
  2713  +0.9182477022    481426  +0.9182472229  -4.793e-07
  2714  +0.9173773303    480970  +0.9173774719  +1.416e-07
  2715  +0.9165073708    480514  +0.9165077209  +3.502e-07
  2716  +0.9156378233    480058  +0.9156379700  +1.467e-07
  2717  +0.9147686875    479602  +0.9147682190  -4.685e-07
  2718  +0.9138999631    479147  +0.9139003754  +4.123e-07
  2719  +0.9130316498    478692  +0.9130325317  +8.820e-07
  2720  +0.9121637473    478237  +0.9121646881  +9.408e-07
  2721  +0.9112962553    477782  +0.9112968445  +5.892e-07
  2722  +0.9104291735    477327  +0.9104290009  -1.727e-07
  2723  +0.9095625017    476873  +0.9095630646  +5.629e-07
  2724  +0.9086962394    476419  +0.9086971283  +8.889e-07
  2725  +0.9078303864    475965  +0.9078311920  +8.056e-07
  2726  +0.9069649424    475511  +0.9069652557  +3.133e-07
  2727  +0.9060999071    475057  +0.9060993195  -5.877e-07
  2728  +0.9052352802    474604  +0.9052352905  +1.030e-08
  2729  +0.9043710614    474151  +0.9043712616  +2.002e-07
  2730  +0.9035072505    473698  +0.9035072327  -1.779e-08
  2731  +0.9026438470    473245  +0.9026432037  -6.432e-07
  2732  +0.9017808507    472793  +0.9017810822  +2.314e-07
  2733  +0.9009182614    472341  +0.9009189606  +6.992e-07
  2734  +0.9000560787    471889  +0.9000568390  +7.603e-07
  2735  +0.8991943023    471437  +0.8991947174  +4.151e-07
  2736  +0.8983329319    470985  +0.8983325958  -3.361e-07
  2737  +0.8974719673    470534  +0.8974723816  +4.143e-07
  2738  +0.8966114081    470083  +0.8966121674  +7.592e-07
  2739  +0.8957512541    469632  +0.8957519531  +6.990e-07
  2740  +0.8948915050    469181  +0.8948917389  +2.339e-07
  2741  +0.8940321604    468730  +0.8940315247  -6.358e-07
  2742  +0.8931732202    468280  +0.8931732178  -2.380e-09
  2743  +0.8923146839    467830  +0.8923149109  +2.270e-07
  2744  +0.8914565513    467380  +0.8914566040  +5.271e-08
  2745  +0.8905988221    466930  +0.8905982971  -5.250e-07
  2746  +0.8897414961    466481  +0.8897418976  +4.015e-07
  2747  +0.8888845729    466032  +0.8888854980  +9.251e-07
  2748  +0.8880280523    465582  +0.8880271912  -8.611e-07
  2749  +0.8871719339    465134  +0.8871726990  +7.650e-07
  2750  +0.8863162176    464685  +0.8863162994  +8.188e-08
  2751  +0.8854609029    464237  +0.8854618073  +9.044e-07
  2752  +0.8846059896    463788  +0.8846054077  -5.819e-07
  2753  +0.8837514775    463340  +0.8837509155  -5.620e-07
  2754  +0.8828973662    462892  +0.8828964233  -9.429e-07
  2755  +0.8820436555    462445  +0.8820438385  +1.830e-07
  2756  +0.8811903451    461998  +0.8811912537  +9.086e-07
  2757  +0.8803374347    461550  +0.8803367615  -6.732e-07
  2758  +0.8794849240    461103  +0.8794841766  -7.473e-07
  2759  +0.8786328127    460657  +0.8786334991  +6.865e-07
  2760  +0.8777811006    460210  +0.8777809143  -1.863e-07
  2761  +0.8769297874    459764  +0.8769302368  +4.494e-07
  2762  +0.8760788728    459318  +0.8760795593  +6.866e-07
  2763  +0.8752283565    458872  +0.8752288818  +5.253e-07
  2764  +0.8743782383    458426  +0.8743782043  -3.391e-08
  2765  +0.8735285178    457981  +0.8735294342  +9.164e-07
  2766  +0.8726791948    457535  +0.8726787567  -4.381e-07
  2767  +0.8718302691    457090  +0.8718299866  -2.825e-07
  2768  +0.8709817403    456645  +0.8709812164  -5.239e-07
  2769  +0.8701336082    456201  +0.8701343536  +7.455e-07
  2770  +0.8692858725    455756  +0.8692855835  -2.890e-07
  2771  +0.8684385329    455312  +0.8684387207  +1.878e-07
  2772  +0.8675915891    454868  +0.8675918579  +2.688e-07
  2773  +0.8667450410    454424  +0.8667449951  -4.583e-08
  2774  +0.8658988881    453980  +0.8658981323  -7.558e-07
  2775  +0.8650531303    453537  +0.8650531769  +4.660e-08
  2776  +0.8642077672    453094  +0.8642082214  +4.542e-07
  2777  +0.8633627987    452651  +0.8633632660  +4.673e-07
  2778  +0.8625182244    452208  +0.8625183105  +8.619e-08
  2779  +0.8616740440    451765  +0.8616733551  -6.889e-07
  2780  +0.8608302573    451323  +0.8608303070  +4.967e-08
  2781  +0.8599868641    450881  +0.8599872589  +3.948e-07
  2782  +0.8591438640    450439  +0.8591442108  +3.468e-07
  2783  +0.8583012568    449997  +0.8583011627  -9.411e-08
  2784  +0.8574590423    449555  +0.8574581146  -9.276e-07
  2785  +0.8566172201    449114  +0.8566169739  -2.462e-07
  2786  +0.8557757900    448673  +0.8557758331  +4.316e-08
  2787  +0.8549347517    448232  +0.8549346924  -5.933e-08
  2788  +0.8540941050    447791  +0.8540935516  -5.534e-07
  2789  +0.8532538496    447351  +0.8532543182  +4.686e-07
  2790  +0.8524139853    446910  +0.8524131775  -8.078e-07
  2791  +0.8515745117    446470  +0.8515739441  -5.677e-07
  2792  +0.8507354287    446030  +0.8507347107  -7.180e-07
  2793  +0.8498967360    445591  +0.8498973846  +6.487e-07
  2794  +0.8490584332    445151  +0.8490581512  -2.819e-07
  2795  +0.8482205202    444712  +0.8482208252  +3.050e-07
  2796  +0.8473829967    444273  +0.8473834991  +5.025e-07
  2797  +0.8465458624    443834  +0.8465461731  +3.107e-07
  2798  +0.8457091170    443395  +0.8457088470  -2.700e-07
  2799  +0.8448727604    442957  +0.8448734283  +6.679e-07
  2800  +0.8440367923    442518  +0.8440361023  -6.900e-07
  2801  +0.8432012123    442080  +0.8432006836  -5.287e-07
  2802  +0.8423660203    441642  +0.8423652649  -7.554e-07
  2803  +0.8415312160    441205  +0.8415317535  +5.375e-07
  2804  +0.8406967991    440767  +0.8406963348  -4.643e-07
  2805  +0.8398627695    440330  +0.8398628235  +5.401e-08
  2806  +0.8390291267    439893  +0.8390293121  +1.854e-07
  2807  +0.8381958707    439456  +0.8381958008  -6.988e-08
  2808  +0.8373630010    439019  +0.8373622894  -7.116e-07
  2809  +0.8365305176    438583  +0.8365306854  +1.678e-07
  2810  +0.8356984201    438147  +0.8356990814  +6.614e-07
  2811  +0.8348667082    437711  +0.8348674774  +7.692e-07
  2812  +0.8340353818    437275  +0.8340358734  +4.916e-07
  2813  +0.8332044406    436839  +0.8332042694  -1.712e-07
  2814  +0.8323738843    436404  +0.8323745728  +6.885e-07
  2815  +0.8315437127    435968  +0.8315429688  -7.439e-07
  2816  +0.8307139255    435533  +0.8307132721  -6.534e-07
  2817  +0.8298845226    435098  +0.8298835754  -9.471e-07
  2818  +0.8290555035    434664  +0.8290557861  +2.826e-07
  2819  +0.8282268682    434229  +0.8282260895  -7.787e-07
  2820  +0.8273986164    433795  +0.8273983002  -3.162e-07
  2821  +0.8265707477    433361  +0.8265705109  -2.368e-07
  2822  +0.8257432620    432927  +0.8257427216  -5.405e-07
  2823  +0.8249161591    432494  +0.8249168396  +6.805e-07
  2824  +0.8240894386    432060  +0.8240890503  -3.884e-07
  2825  +0.8232631004    431627  +0.8232631683  +6.790e-08
  2826  +0.8224371442    431194  +0.8224372864  +1.421e-07
  2827  +0.8216115698    430761  +0.8216114044  -1.654e-07
  2828  +0.8207863769    430328  +0.8207855225  -8.544e-07
  2829  +0.8199615653    429896  +0.8199615479  -1.741e-08
  2830  +0.8191371347    429464  +0.8191375732  +4.386e-07
  2831  +0.8183130849    429032  +0.8183135986  +5.137e-07
  2832  +0.8174894157    428600  +0.8174896240  +2.083e-07
  2833  +0.8166661269    428168  +0.8166656494  -4.775e-07
  2834  +0.8158432181    427737  +0.8158435822  +3.640e-07
  2835  +0.8150206892    427306  +0.8150215149  +8.257e-07
  2836  +0.8141985399    426875  +0.8141994476  +9.077e-07
  2837  +0.8133767701    426444  +0.8133773804  +6.103e-07
  2838  +0.8125553794    426013  +0.8125553131  -6.624e-08
  2839  +0.8117343676    425583  +0.8117351532  +7.856e-07
  2840  +0.8109137345    425152  +0.8109130859  -6.485e-07
  2841  +0.8100934798    424722  +0.8100929260  -5.538e-07
  2842  +0.8092736034    424292  +0.8092727661  -8.373e-07
  2843  +0.8084541050    423863  +0.8084545135  +4.085e-07
  2844  +0.8076349844    423433  +0.8076343536  -6.308e-07
  2845  +0.8068162413    423004  +0.8068161011  -1.403e-07
  2846  +0.8059978756    422575  +0.8059978485  -2.704e-08
  2847  +0.8051798869    422146  +0.8051795959  -2.909e-07
  2848  +0.8043622750    421717  +0.8043613434  -9.316e-07
  2849  +0.8035450398    421289  +0.8035449982  -4.163e-08
  2850  +0.8027281810    420861  +0.8027286530  +4.720e-07
  2851  +0.8019116983    420433  +0.8019123077  +6.094e-07
  2852  +0.8010955916    420005  +0.8010959625  +3.709e-07
  2853  +0.8002798607    419577  +0.8002796173  -2.434e-07
  2854  +0.7994645052    419150  +0.7994651794  +6.742e-07
  2855  +0.7986495250    418722  +0.7986488342  -6.908e-07
  2856  +0.7978349199    418295  +0.7978343964  -5.235e-07
  2857  +0.7970206895    417868  +0.7970199585  -7.310e-07
  2858  +0.7962068338    417442  +0.7962074280  +5.941e-07
  2859  +0.7953933525    417015  +0.7953929901  -3.624e-07
  2860  +0.7945802453    416589  +0.7945804596  +2.143e-07
  2861  +0.7937675121    416163  +0.7937679291  +4.170e-07
  2862  +0.7929551526    415737  +0.7929553986  +2.459e-07
  2863  +0.7921431666    415311  +0.7921428680  -2.986e-07
  2864  +0.7913315539    414886  +0.7913322449  +6.909e-07
  2865  +0.7905203143    414460  +0.7905197144  -5.999e-07
  2866  +0.7897094475    414035  +0.7897090912  -3.563e-07
  2867  +0.7888989533    413610  +0.7888984680  -4.853e-07
  2868  +0.7880888316    413186  +0.7880897522  +9.206e-07
  2869  +0.7872790821    412761  +0.7872791290  +4.696e-08
  2870  +0.7864697045    412337  +0.7864704132  +7.087e-07
  2871  +0.7856606987    411912  +0.7856597900  -9.087e-07
  2872  +0.7848520645    411489  +0.7848529816  +9.171e-07
  2873  +0.7840438016    411065  +0.7840442657  +4.641e-07
  2874  +0.7832359099    410641  +0.7832355499  -3.600e-07
  2875  +0.7824283891    410218  +0.7824287415  +3.524e-07
  2876  +0.7816212389    409795  +0.7816219330  +6.941e-07
  2877  +0.7808144593    409372  +0.7808151245  +6.652e-07
  2878  +0.7800080500    408949  +0.7800083160  +2.661e-07
  2879  +0.7792020107    408526  +0.7792015076  -5.031e-07
  2880  +0.7783963413    408104  +0.7783966064  +2.651e-07
  2881  +0.7775910416    407682  +0.7775917053  +6.638e-07
  2882  +0.7767861113    407260  +0.7767868042  +6.929e-07
  2883  +0.7759815502    406838  +0.7759819031  +3.529e-07
  2884  +0.7751773582    406416  +0.7751770020  -3.563e-07
  2885  +0.7743735350    405995  +0.7743740082  +4.732e-07
  2886  +0.7735700805    405574  +0.7735710144  +9.340e-07
  2887  +0.7727669943    405152  +0.7727661133  -8.810e-07
  2888  +0.7719642764    404732  +0.7719650269  +7.505e-07
  2889  +0.7711619264    404311  +0.7711620331  +1.066e-07
  2890  +0.7703599443    403890  +0.7703590393  -9.050e-07
  2891  +0.7695583298    403470  +0.7695579529  -3.769e-07
  2892  +0.7687570827    403050  +0.7687568665  -2.162e-07
  2893  +0.7679562028    402630  +0.7679557800  -4.227e-07
  2894  +0.7671556898    402211  +0.7671566010  +9.111e-07
  2895  +0.7663555437    401791  +0.7663555145  -2.918e-08
  2896  +0.7655557642    401372  +0.7655563354  +5.713e-07
  2897  +0.7647563510    400953  +0.7647571564  +8.053e-07
  2898  +0.7639573041    400534  +0.7639579773  +6.732e-07
  2899  +0.7631586232    400115  +0.7631587982  +1.751e-07
  2900  +0.7623603080    399696  +0.7623596191  -6.889e-07
  2901  +0.7615623585    399278  +0.7615623474  -1.106e-08
  2902  +0.7607647743    398860  +0.7607650757  +3.013e-07
  2903  +0.7599675554    398442  +0.7599678040  +2.485e-07
  2904  +0.7591707015    398024  +0.7591705322  -1.693e-07
  2905  +0.7583742124    397606  +0.7583732605  -9.519e-07
  2906  +0.7575780880    397189  +0.7575778961  -1.919e-07
  2907  +0.7567823280    396772  +0.7567825317  +2.038e-07
  2908  +0.7559869322    396355  +0.7559871674  +2.352e-07
  2909  +0.7551919005    395938  +0.7551918030  -9.748e-08
  2910  +0.7543972326    395521  +0.7543964386  -7.940e-07
  2911  +0.7536029284    395105  +0.7536029816  +5.320e-08
  2912  +0.7528089876    394689  +0.7528095245  +5.369e-07
  2913  +0.7520154102    394273  +0.7520160675  +6.573e-07
  2914  +0.7512221958    393857  +0.7512226105  +4.147e-07
  2915  +0.7504293443    393441  +0.7504291534  -1.909e-07
  2916  +0.7496368556    393026  +0.7496376038  +7.482e-07
  2917  +0.7488447294    392610  +0.7488441467  -5.826e-07
  2918  +0.7480529655    392195  +0.7480525970  -3.685e-07
  2919  +0.7472615638    391780  +0.7472610474  -5.164e-07
  2920  +0.7464705240    391366  +0.7464714050  +8.810e-07
  2921  +0.7456798460    390951  +0.7456798553  +9.309e-09
  2922  +0.7448895297    390537  +0.7448902130  +6.834e-07
  2923  +0.7440995747    390122  +0.7440986633  -9.114e-07
  2924  +0.7433099809    389709  +0.7433109283  +9.474e-07
  2925  +0.7425207483    389295  +0.7425212860  +5.378e-07
  2926  +0.7417318764    388881  +0.7417316437  -2.327e-07
  2927  +0.7409433653    388468  +0.7409439087  +5.434e-07
  2928  +0.7401552146    388054  +0.7401542664  -9.482e-07
  2929  +0.7393674243    387641  +0.7393665314  -8.929e-07
  2930  +0.7385799941    387229  +0.7385807037  +7.097e-07
  2931  +0.7377929238    386816  +0.7377929688  +4.494e-08
  2932  +0.7370062133    386404  +0.7370071411  +9.278e-07
  2933  +0.7362198625    385991  +0.7362194061  -4.563e-07
  2934  +0.7354338710    385579  +0.7354335785  -2.925e-07
  2935  +0.7346482388    385167  +0.7346477509  -4.879e-07
  2936  +0.7338629656    384756  +0.7338638306  +8.649e-07
  2937  +0.7330780514    384344  +0.7330780029  -4.845e-08
  2938  +0.7322934958    383933  +0.7322940826  +5.868e-07
  2939  +0.7315092988    383522  +0.7315101624  +8.635e-07
  2940  +0.7307254602    383111  +0.7307262421  +7.819e-07
  2941  +0.7299419797    382700  +0.7299423218  +3.421e-07
  2942  +0.7291588573    382289  +0.7291584015  -4.558e-07
  2943  +0.7283760927    381879  +0.7283763885  +2.959e-07
  2944  +0.7275936857    381469  +0.7275943756  +6.899e-07
  2945  +0.7268116363    381059  +0.7268123627  +7.264e-07
  2946  +0.7260299442    380649  +0.7260303497  +4.056e-07
  2947  +0.7252486092    380239  +0.7252483368  -2.724e-07
  2948  +0.7244676312    379830  +0.7244682312  +6.000e-07
  2949  +0.7236870100    379420  +0.7236862183  -7.918e-07
  2950  +0.7229067455    379011  +0.7229061127  -6.329e-07
  2951  +0.7221268375    378602  +0.7221260071  -8.304e-07
  2952  +0.7213472857    378194  +0.7213478088  +5.231e-07
  2953  +0.7205680901    377785  +0.7205677032  -3.869e-07
  2954  +0.7197892505    377377  +0.7197895050  +2.545e-07
  2955  +0.7190107667    376969  +0.7190113068  +5.401e-07
  2956  +0.7182326385    376561  +0.7182331085  +4.700e-07
  2957  +0.7174548658    376153  +0.7174549103  +4.444e-08
  2958  +0.7166774485    375745  +0.7166767120  -7.364e-07
  2959  +0.7159003862    375338  +0.7159004211  +3.492e-08
  2960  +0.7151236790    374931  +0.7151241302  +4.513e-07
  2961  +0.7143473265    374524  +0.7143478394  +5.128e-07
  2962  +0.7135713288    374117  +0.7135715485  +2.197e-07
  2963  +0.7127956855    373710  +0.7127952576  -4.279e-07
  2964  +0.7120203965    373304  +0.7120208740  +4.775e-07
  2965  +0.7112454618    372897  +0.7112445831  -8.786e-07
  2966  +0.7104708810    372491  +0.7104701996  -6.814e-07
  2967  +0.7096966541    372085  +0.7096958160  -8.381e-07
  2968  +0.7089227809    371680  +0.7089233398  +5.589e-07
  2969  +0.7081492613    371274  +0.7081489563  -3.050e-07
  2970  +0.7073760950    370869  +0.7073764801  +3.851e-07
  2971  +0.7066032819    370464  +0.7066040039  +7.220e-07
  2972  +0.7058308219    370059  +0.7058315277  +7.058e-07
  2973  +0.7050587148    369654  +0.7050590515  +3.367e-07
  2974  +0.7042869605    369249  +0.7042865753  -3.852e-07
  2975  +0.7035155588    368845  +0.7035160065  +4.477e-07
  2976  +0.7027445095    368441  +0.7027454376  +9.281e-07
  2977  +0.7019738125    368036  +0.7019729614  -8.511e-07
  2978  +0.7012034676    367633  +0.7012042999  +8.323e-07
  2979  +0.7004334747    367229  +0.7004337311  +2.563e-07
  2980  +0.6996638337    366825  +0.6996631622  -6.714e-07
  2981  +0.6988945443    366422  +0.6988945007  -4.358e-08
  2982  +0.6981256065    366019  +0.6981258392  +2.328e-07
  2983  +0.6973570200    365616  +0.6973571777  +1.577e-07
  2984  +0.6965887848    365213  +0.6965885162  -2.685e-07
  2985  +0.6958209006    364811  +0.6958217621  +8.615e-07
  2986  +0.6950533674    364408  +0.6950531006  -2.668e-07
  2987  +0.6942861849    364006  +0.6942863464  +1.615e-07
  2988  +0.6935193531    363604  +0.6935195923  +2.392e-07
  2989  +0.6927528717    363202  +0.6927528381  -3.361e-08
  2990  +0.6919867407    362800  +0.6919860840  -6.568e-07
  2991  +0.6912209599    362399  +0.6912212372  +2.772e-07
  2992  +0.6904555292    361998  +0.6904563904  +8.612e-07
  2993  +0.6896904483    361596  +0.6896896362  -8.121e-07
  2994  +0.6889257172    361195  +0.6889247894  -9.278e-07
  2995  +0.6881613357    360795  +0.6881618500  +5.143e-07
  2996  +0.6873973037    360394  +0.6873970032  -3.005e-07
  2997  +0.6866336210    359994  +0.6866340637  +4.427e-07
  2998  +0.6858702875    359594  +0.6858711243  +8.368e-07
  2999  +0.6851073030    359194  +0.6851081848  +8.818e-07
  3000  +0.6843446674    358794  +0.6843452454  +5.780e-07
  3001  +0.6835823806    358394  +0.6835823059  -7.468e-08
  3002  +0.6828204424    357995  +0.6828212738  +8.314e-07
  3003  +0.6820588527    357595  +0.6820583344  -5.183e-07
  3004  +0.6812976113    357196  +0.6812973022  -3.090e-07
  3005  +0.6805367181    356797  +0.6805362701  -4.480e-07
  3006  +0.6797761730    356398  +0.6797752380  -9.350e-07
  3007  +0.6790159758    356000  +0.6790161133  +1.375e-07
  3008  +0.6782561264    355602  +0.6782569885  +8.621e-07
  3009  +0.6774966246    355203  +0.6774959564  -6.682e-07
  3010  +0.6767374704    354805  +0.6767368317  -6.387e-07
  3011  +0.6759786636    354408  +0.6759796143  +9.507e-07
  3012  +0.6752202039    354010  +0.6752204895  +2.856e-07
  3013  +0.6744620914    353612  +0.6744613647  -7.267e-07
  3014  +0.6737043259    353215  +0.6737041473  -1.786e-07
  3015  +0.6729469073    352818  +0.6729469299  +2.267e-08
  3016  +0.6721898353    352421  +0.6721897125  -1.228e-07
  3017  +0.6714331099    352024  +0.6714324951  -6.148e-07
  3018  +0.6706767310    351628  +0.6706771851  +4.541e-07
  3019  +0.6699206984    351231  +0.6699199677  -7.307e-07
  3020  +0.6691650119    350835  +0.6691646576  -3.543e-07
  3021  +0.6684096716    350439  +0.6684093475  -3.240e-07
  3022  +0.6676546771    350043  +0.6676540375  -6.397e-07
  3023  +0.6669000285    349648  +0.6669006348  +6.063e-07
  3024  +0.6661457255    349252  +0.6661453247  -4.008e-07
  3025  +0.6653917681    348857  +0.6653919220  +1.539e-07
  3026  +0.6646381561    348462  +0.6646385193  +3.632e-07
  3027  +0.6638848893    348067  +0.6638851166  +2.272e-07
  3028  +0.6631319678    347672  +0.6631317139  -2.539e-07
  3029  +0.6623793912    347278  +0.6623802185  +8.273e-07
  3030  +0.6616271596    346883  +0.6616268158  -3.438e-07
  3031  +0.6608752728    346489  +0.6608753204  +4.763e-08
  3032  +0.6601237306    346095  +0.6601238251  +9.444e-08
  3033  +0.6593725330    345701  +0.6593723297  -2.033e-07
  3034  +0.6586216798    345307  +0.6586208344  -8.455e-07
  3035  +0.6578711709    344914  +0.6578712463  +7.545e-08
  3036  +0.6571210061    344521  +0.6571216583  +6.522e-07
  3037  +0.6563711855    344128  +0.6563720703  +8.849e-07
  3038  +0.6556217087    343735  +0.6556224823  +7.736e-07
  3039  +0.6548725757    343342  +0.6548728943  +3.185e-07
  3040  +0.6541237865    342949  +0.6541233063  -4.802e-07
  3041  +0.6533753408    342557  +0.6533756256  +2.848e-07
  3042  +0.6526272385    342165  +0.6526279449  +7.064e-07
  3043  +0.6518794796    341773  +0.6518802643  +7.846e-07
  3044  +0.6511320639    341381  +0.6511325836  +5.197e-07
  3045  +0.6503849914    340989  +0.6503849030  -8.840e-08
  3046  +0.6496382617    340598  +0.6496391296  +8.679e-07
  3047  +0.6488918750    340206  +0.6488914490  -4.260e-07
  3048  +0.6481458310    339815  +0.6481456757  -1.553e-07
  3049  +0.6474001296    339424  +0.6473999023  -2.273e-07
  3050  +0.6466547708    339033  +0.6466541290  -6.418e-07
  3051  +0.6459097544    338643  +0.6459102631  +5.087e-07
  3052  +0.6451650802    338252  +0.6451644897  -5.905e-07
  3053  +0.6444207483    337862  +0.6444206238  -1.245e-07
  3054  +0.6436767584    337472  +0.6436767578  -5.588e-10
  3055  +0.6429331104    337082  +0.6429328918  -2.186e-07
  3056  +0.6421898043    336692  +0.6421890259  -7.785e-07
  3057  +0.6414468400    336303  +0.6414470673  +2.273e-07
  3058  +0.6407042172    335914  +0.6407051086  +8.914e-07
  3059  +0.6399619360    335524  +0.6399612427  -6.933e-07
  3060  +0.6392199962    335135  +0.6392192841  -7.121e-07
  3061  +0.6384783977    334747  +0.6384792328  +8.351e-07
  3062  +0.6377371403    334358  +0.6377372742  +1.338e-07
  3063  +0.6369962241    333969  +0.6369953156  -9.085e-07
  3064  +0.6362556488    333581  +0.6362552643  -3.845e-07
  3065  +0.6355154144    333193  +0.6355152130  -2.013e-07
  3066  +0.6347755207    332805  +0.6347751617  -3.589e-07
  3067  +0.6340359677    332417  +0.6340351105  -8.572e-07
  3068  +0.6332967552    332030  +0.6332969666  +2.113e-07
  3069  +0.6325578832    331643  +0.6325588226  +9.394e-07
  3070  +0.6318193515    331255  +0.6318187714  -5.801e-07
  3071  +0.6310811600    330868  +0.6310806274  -5.326e-07
  3072  +0.6303433087    330481  +0.6303424835  -8.252e-07
  3073  +0.6296057974    330095  +0.6296062469  +4.495e-07
  3074  +0.6288686261    329708  +0.6288681030  -5.230e-07
  3075  +0.6281317945    329322  +0.6281318665  +7.192e-08
  3076  +0.6273953027    328936  +0.6273956299  +3.272e-07
  3077  +0.6266591505    328550  +0.6266593933  +2.428e-07
  3078  +0.6259233379    328164  +0.6259231567  -1.811e-07
  3079  +0.6251878646    327778  +0.6251869202  -9.444e-07
  3080  +0.6244527307    327393  +0.6244525909  -1.397e-07
  3081  +0.6237179360    327008  +0.6237182617  +3.257e-07
  3082  +0.6229834804    326623  +0.6229839325  +4.521e-07
  3083  +0.6222493639    326238  +0.6222496033  +2.394e-07
  3084  +0.6215155863    325853  +0.6215152740  -3.122e-07
  3085  +0.6207821475    325469  +0.6207828522  +7.047e-07
  3086  +0.6200490475    325084  +0.6200485229  -5.245e-07
  3087  +0.6193162861    324700  +0.6193161011  -1.850e-07
  3088  +0.6185838633    324316  +0.6185836792  -1.841e-07
  3089  +0.6178517789    323932  +0.6178512573  -5.216e-07
  3090  +0.6171200329    323549  +0.6171207428  +7.099e-07
  3091  +0.6163886251    323165  +0.6163883209  -3.042e-07
  3092  +0.6156575555    322782  +0.6156578064  +2.509e-07
  3093  +0.6149268240    322399  +0.6149272919  +4.678e-07
  3094  +0.6141964305    322016  +0.6141967773  +3.468e-07
  3095  +0.6134663749    321633  +0.6134662628  -1.121e-07
  3096  +0.6127366571    321250  +0.6127357483  -9.088e-07
  3097  +0.6120072770    320868  +0.6120071411  -1.359e-07
  3098  +0.6112782346    320486  +0.6112785339  +2.994e-07
  3099  +0.6105495296    320104  +0.6105499268  +3.971e-07
  3100  +0.6098211622    319722  +0.6098213196  +1.574e-07
  3101  +0.6090931320    319340  +0.6090927124  -4.196e-07
  3102  +0.6083654392    318959  +0.6083660126  +5.734e-07
  3103  +0.6076380835    318577  +0.6076374054  -6.781e-07
  3104  +0.6069110650    318196  +0.6069107056  -3.594e-07
  3105  +0.6061843834    317815  +0.6061840057  -3.777e-07
  3106  +0.6054580388    317434  +0.6054573059  -7.329e-07
  3107  +0.6047320310    317054  +0.6047325134  +4.825e-07
  3108  +0.6040063599    316673  +0.6040058136  -5.463e-07
  3109  +0.6032810255    316293  +0.6032810211  -4.412e-09
  3110  +0.6025560277    315913  +0.6025562286  +2.009e-07
  3111  +0.6018313664    315533  +0.6018314362  +6.973e-08
  3112  +0.6011070415    315153  +0.6011066437  -3.979e-07
  3113  +0.6003830530    314774  +0.6003837585  +7.056e-07
  3114  +0.5996594007    314394  +0.5996589661  -4.346e-07
  3115  +0.5989360846    314015  +0.5989360809  -3.623e-09
  3116  +0.5982131045    313636  +0.5982131958  +9.129e-08
  3117  +0.5974904605    313257  +0.5974903107  -1.498e-07
  3118  +0.5967681524    312878  +0.5967674255  -7.268e-07
  3119  +0.5960461801    312500  +0.5960464478  +2.677e-07
  3120  +0.5953245436    312122  +0.5953254700  +9.264e-07
  3121  +0.5946032428    311743  +0.5946025848  -6.579e-07
  3122  +0.5938822776    311365  +0.5938816071  -6.705e-07
  3123  +0.5931616479    310988  +0.5931625366  +8.887e-07
  3124  +0.5924413537    310610  +0.5924415588  +2.051e-07
  3125  +0.5917213949    310232  +0.5917205811  -8.138e-07
  3126  +0.5910017713    309855  +0.5910015106  -2.607e-07
  3127  +0.5902824830    309478  +0.5902824402  -4.282e-08
  3128  +0.5895635298    309101  +0.5895633698  -1.601e-07
  3129  +0.5888449117    308724  +0.5888442993  -6.124e-07
  3130  +0.5881266287    308348  +0.5881271362  +5.076e-07
  3131  +0.5874086805    307971  +0.5874080658  -6.147e-07
  3132  +0.5866910672    307595  +0.5866909027  -1.645e-07
  3133  +0.5859737886    307219  +0.5859737396  -4.900e-08
  3134  +0.5852568448    306843  +0.5852565765  -2.683e-07
  3135  +0.5845402356    306467  +0.5845394135  -8.221e-07
  3136  +0.5838239609    306092  +0.5838241577  +1.968e-07
  3137  +0.5831080208    305717  +0.5831089020  +8.812e-07
  3138  +0.5823924151    305341  +0.5823917389  -6.762e-07
  3139  +0.5816771437    304966  +0.5816764832  -6.605e-07
  3140  +0.5809622066    304592  +0.5809631348  +9.282e-07
  3141  +0.5802476037    304217  +0.5802478790  +2.754e-07
  3142  +0.5795333349    303842  +0.5795326233  -7.116e-07
  3143  +0.5788194002    303468  +0.5788192749  -1.253e-07
  3144  +0.5781057995    303094  +0.5781059265  +1.270e-07
  3145  +0.5773925328    302720  +0.5773925781  +4.533e-08
  3146  +0.5766795999    302346  +0.5766792297  -3.702e-07
  3147  +0.5759670008    301973  +0.5759677887  +7.879e-07
  3148  +0.5752547355    301599  +0.5752544403  -2.952e-07
  3149  +0.5745428038    301226  +0.5745429993  +1.955e-07
  3150  +0.5738312057    300853  +0.5738315582  +3.525e-07
  3151  +0.5731199412    300480  +0.5731201172  +1.760e-07
  3152  +0.5724090101    300107  +0.5724086761  -3.340e-07
  3153  +0.5716984125    299735  +0.5716991425  +7.300e-07
  3154  +0.5709881482    299362  +0.5709877014  -4.468e-07
  3155  +0.5702782172    298990  +0.5702781677  -4.945e-08
  3156  +0.5695686194    298618  +0.5695686340  +1.465e-08
  3157  +0.5688593547    298246  +0.5688591003  -2.544e-07
  3158  +0.5681504232    297874  +0.5681495667  -8.565e-07
  3159  +0.5674418247    297503  +0.5674419403  +1.156e-07
  3160  +0.5667335592    297132  +0.5667343140  +7.548e-07
  3161  +0.5660256265    296760  +0.5660247803  -8.463e-07
  3162  +0.5653180268    296389  +0.5653171539  -8.728e-07
  3163  +0.5646107598    296019  +0.5646114349  +6.751e-07
  3164  +0.5639038256    295648  +0.5639038086  -1.698e-08
  3165  +0.5631972240    295278  +0.5631980896  +8.656e-07
  3166  +0.5624909551    294907  +0.5624904633  -4.918e-07
  3167  +0.5617850187    294537  +0.5617847443  -2.744e-07
  3168  +0.5610794148    294167  +0.5610790253  -3.896e-07
  3169  +0.5603741434    293797  +0.5603733063  -8.371e-07
  3170  +0.5596692044    293428  +0.5596694946  +2.903e-07
  3171  +0.5589645977    293058  +0.5589637756  -8.220e-07
  3172  +0.5582603233    292689  +0.5582599640  -3.593e-07
  3173  +0.5575563811    292320  +0.5575561523  -2.287e-07
  3174  +0.5568527710    291951  +0.5568523407  -4.303e-07
  3175  +0.5561494931    291583  +0.5561504364  +9.433e-07
  3176  +0.5554465473    291214  +0.5554466248  +7.749e-08
  3177  +0.5547439334    290846  +0.5547447205  +7.870e-07
  3178  +0.5540416515    290477  +0.5540409088  -7.427e-07
  3179  +0.5533397016    290109  +0.5533390045  -6.970e-07
  3180  +0.5526380834    289742  +0.5526390076  +9.242e-07
  3181  +0.5519367971    289374  +0.5519371033  +3.062e-07
  3182  +0.5512358425    289006  +0.5512351990  -6.435e-07
  3183  +0.5505352196    288639  +0.5505352020  -1.757e-08
  3184  +0.5498349284    288272  +0.5498352051  +2.767e-07
  3185  +0.5491349687    287905  +0.5491352081  +2.394e-07
  3186  +0.5484353406    287538  +0.5484352112  -1.294e-07
  3187  +0.5477360440    287171  +0.5477352142  -8.298e-07
  3188  +0.5470370788    286805  +0.5470371246  +4.579e-08
  3189  +0.5463384451    286439  +0.5463390350  +5.899e-07
  3190  +0.5456401427    286073  +0.5456409454  +8.027e-07
  3191  +0.5449421716    285707  +0.5449428558  +6.842e-07
  3192  +0.5442445318    285341  +0.5442447662  +2.345e-07
  3193  +0.5435472231    284975  +0.5435466766  -5.465e-07
  3194  +0.5428502457    284610  +0.5428504944  +2.487e-07
  3195  +0.5421535993    284245  +0.5421543121  +7.128e-07
  3196  +0.5414572841    283880  +0.5414581299  +8.458e-07
  3197  +0.5407612999    283515  +0.5407619476  +6.478e-07
  3198  +0.5400656466    283150  +0.5400657654  +1.188e-07
  3199  +0.5393703243    282785  +0.5393695831  -7.412e-07
  3200  +0.5386753329    282421  +0.5386753082  -2.468e-08
  3201  +0.5379806724    282057  +0.5379810333  +3.610e-07
  3202  +0.5372863426    281693  +0.5372867584  +4.158e-07
  3203  +0.5365923437    281329  +0.5365924835  +1.399e-07
  3204  +0.5358986754    280965  +0.5358982086  -4.668e-07
  3205  +0.5352053379    280602  +0.5352058411  +5.032e-07
  3206  +0.5345123310    280238  +0.5345115662  -7.648e-07
  3207  +0.5338196547    279875  +0.5338191986  -4.560e-07
  3208  +0.5331273089    279512  +0.5331268311  -4.779e-07
  3209  +0.5324352937    279149  +0.5324344635  -8.302e-07
  3210  +0.5317436090    278787  +0.5317440033  +3.943e-07
  3211  +0.5310522547    278424  +0.5310516357  -6.190e-07
  3212  +0.5303612308    278062  +0.5303611755  -5.529e-08
  3213  +0.5296705373    277700  +0.5296707153  +1.780e-07
  3214  +0.5289801741    277338  +0.5289802551  +8.099e-08
  3215  +0.5282901413    276976  +0.5282897949  -3.463e-07
  3216  +0.5276004386    276615  +0.5276012421  +8.034e-07
  3217  +0.5269110662    276253  +0.5269107819  -2.844e-07
  3218  +0.5262220240    275892  +0.5262222290  +2.050e-07
  3219  +0.5255333119    275531  +0.5255336761  +3.642e-07
  3220  +0.5248449300    275170  +0.5248451233  +1.933e-07
  3221  +0.5241568781    274809  +0.5241565704  -3.076e-07
  3222  +0.5234691562    274449  +0.5234699249  +7.687e-07
  3223  +0.5227817644    274088  +0.5227813721  -3.923e-07
  3224  +0.5220947025    273728  +0.5220947266  +2.405e-08
  3225  +0.5214079706    273368  +0.5214080811  +1.105e-07
  3226  +0.5207215686    273008  +0.5207214355  -1.330e-07
  3227  +0.5200354964    272648  +0.5200347900  -7.064e-07
  3228  +0.5193497541    272289  +0.5193500519  +2.978e-07
  3229  +0.5186643416    271929  +0.5186634064  -9.353e-07
  3230  +0.5179792589    271570  +0.5179786682  -5.907e-07
  3231  +0.5172945059    271211  +0.5172939301  -5.759e-07
  3232  +0.5166100827    270852  +0.5166091919  -8.908e-07
  3233  +0.5159259891    270494  +0.5159263611  +3.720e-07
  3234  +0.5152422252    270135  +0.5152416229  -6.023e-07
  3235  +0.5145587909    269777  +0.5145587921  +1.208e-09
  3236  +0.5138756862    269419  +0.5138759613  +2.751e-07
  3237  +0.5131929111    269061  +0.5131931305  +2.194e-07
  3238  +0.5125104655    268703  +0.5125102997  -1.658e-07
  3239  +0.5118283494    268345  +0.5118274689  -8.806e-07
  3240  +0.5111465628    267988  +0.5111465454  -1.742e-08
  3241  +0.5104651057    267631  +0.5104656219  +5.163e-07
  3242  +0.5097839780    267274  +0.5097846985  +7.205e-07
  3243  +0.5091031797    266917  +0.5091037750  +5.954e-07
  3244  +0.5084227107    266560  +0.5084228516  +1.408e-07
  3245  +0.5077425711    266203  +0.5077419281  -6.430e-07
  3246  +0.5070627609    265847  +0.5070629120  +1.511e-07
  3247  +0.5063832799    265491  +0.5063838959  +6.160e-07
  3248  +0.5057041282    265135  +0.5057048798  +7.515e-07
  3249  +0.5050253058    264779  +0.5050258636  +5.579e-07
  3250  +0.5043468126    264423  +0.5043468475  +3.497e-08
  3251  +0.5036686485    264067  +0.5036678314  -8.171e-07
  3252  +0.5029908137    263712  +0.5029907227  -9.105e-08
  3253  +0.5023133080    263357  +0.5023136139  +3.059e-07
  3254  +0.5016361315    263002  +0.5016365051  +3.737e-07
  3255  +0.5009592840    262647  +0.5009593964  +1.123e-07
  3256  +0.5002827657    262292  +0.5002822876  -4.781e-07
  3257  +0.4996065764    261938  +0.4996070862  +5.098e-07
  3258  +0.4989307161    261583  +0.4989299774  -7.387e-07
  3259  +0.4982551849    261229  +0.4982547760  -4.089e-07
  3260  +0.4975799827    260875  +0.4975795746  -4.081e-07
  3261  +0.4969051095    260521  +0.4969043732  -7.363e-07
  3262  +0.4962305652    260168  +0.4962310791  +5.139e-07
  3263  +0.4955563499    259814  +0.4955558777  -4.722e-07
  3264  +0.4948824635    259461  +0.4948825836  +1.202e-07
  3265  +0.4942089060    259108  +0.4942092896  +3.836e-07
  3266  +0.4935356773    258755  +0.4935359955  +3.181e-07
  3267  +0.4928627776    258402  +0.4928627014  -7.619e-08
  3268  +0.4921902067    258049  +0.4921894073  -7.994e-07
  3269  +0.4915179647    257697  +0.4915180206  +5.596e-08
  3270  +0.4908460514    257345  +0.4908466339  +5.825e-07
  3271  +0.4901744670    256993  +0.4901752472  +7.802e-07
  3272  +0.4895032113    256641  +0.4895038605  +6.491e-07
  3273  +0.4888322845    256289  +0.4888324738  +1.893e-07
  3274  +0.4881616863    255937  +0.4881610870  -5.993e-07
  3275  +0.4874914169    255586  +0.4874916077  +1.907e-07
  3276  +0.4868214763    255235  +0.4868221283  +6.520e-07
  3277  +0.4861518643    254884  +0.4861526489  +7.846e-07
  3278  +0.4854825810    254533  +0.4854831696  +5.885e-07
  3279  +0.4848136264    254182  +0.4848136902  +6.374e-08
  3280  +0.4841450005    253831  +0.4841442108  -7.897e-07
  3281  +0.4834767032    253481  +0.4834766388  -6.445e-08
  3282  +0.4828087346    253131  +0.4828090668  +3.322e-07
  3283  +0.4821410946    252781  +0.4821414948  +4.001e-07
  3284  +0.4814737832    252431  +0.4814739227  +1.395e-07
  3285  +0.4808068004    252081  +0.4808063507  -4.497e-07
  3286  +0.4801401462    251732  +0.4801406860  +5.398e-07
  3287  +0.4794738206    251382  +0.4794731140  -7.066e-07
  3288  +0.4788078236    251033  +0.4788074493  -3.742e-07
  3289  +0.4781421551    250684  +0.4781417847  -3.704e-07
  3290  +0.4774768151    250335  +0.4774761200  -6.951e-07
  3291  +0.4768118037    249987  +0.4768123627  +5.589e-07
  3292  +0.4761471209    249638  +0.4761466980  -4.229e-07
  3293  +0.4754827665    249290  +0.4754829407  +1.742e-07
  3294  +0.4748187406    248942  +0.4748191833  +4.427e-07
  3295  +0.4741550433    248594  +0.4741554260  +3.827e-07
  3296  +0.4734916744    248246  +0.4734916687  -5.735e-09
  3297  +0.4728286341    247898  +0.4728279114  -7.227e-07
  3298  +0.4721659222    247551  +0.4721660614  +1.392e-07
  3299  +0.4715035387    247204  +0.4715042114  +6.727e-07
  3300  +0.4708414838    246857  +0.4708423615  +8.777e-07
  3301  +0.4701797573    246510  +0.4701805115  +7.542e-07
  3302  +0.4695183592    246163  +0.4695186615  +3.023e-07
  3303  +0.4688572896    245816  +0.4688568115  -4.781e-07
  3304  +0.4681965484    245470  +0.4681968689  +3.205e-07
  3305  +0.4675361356    245124  +0.4675369263  +7.906e-07
  3306  +0.4668760513    244778  +0.4668769836  +9.323e-07
  3307  +0.4662162954    244432  +0.4662170410  +7.456e-07
  3308  +0.4655568679    244086  +0.4655570984  +2.305e-07
  3309  +0.4648977688    243740  +0.4648971558  -6.131e-07
  3310  +0.4642389981    243395  +0.4642391205  +1.223e-07
  3311  +0.4635805559    243050  +0.4635810852  +5.293e-07
  3312  +0.4629224420    242705  +0.4629230499  +6.079e-07
  3313  +0.4622646565    242360  +0.4622650146  +3.581e-07
  3314  +0.4616071994    242015  +0.4616069794  -2.201e-07
  3315  +0.4609500707    241671  +0.4609508514  +7.807e-07
  3316  +0.4602932704    241326  +0.4602928162  -4.543e-07
  3317  +0.4596367985    240982  +0.4596366882  -1.103e-07
  3318  +0.4589806550    240638  +0.4589805603  -9.467e-08
  3319  +0.4583248398    240294  +0.4583244324  -4.074e-07
  3320  +0.4576693530    239951  +0.4576702118  +8.587e-07
  3321  +0.4570141947    239607  +0.4570140839  -1.108e-07
  3322  +0.4563593647    239264  +0.4563598633  +4.986e-07
  3323  +0.4557048630    238921  +0.4557056427  +7.797e-07
  3324  +0.4550506898    238578  +0.4550514221  +7.323e-07
  3325  +0.4543968449    238235  +0.4543972015  +3.566e-07
  3326  +0.4537433284    237892  +0.4537429810  -3.475e-07
  3327  +0.4530901403    237550  +0.4530906677  +5.274e-07
  3328  +0.4524372806    237207  +0.4524364471  -8.334e-07
  3329  +0.4517847492    236865  +0.4517841339  -6.153e-07
  3330  +0.4511325463    236523  +0.4511318207  -7.256e-07
  3331  +0.4504806717    236182  +0.4504814148  +7.431e-07
  3332  +0.4498291256    235840  +0.4498291016  -2.399e-08
  3333  +0.4491779078    235499  +0.4491786957  +7.879e-07
  3334  +0.4485270184    235157  +0.4485263824  -6.359e-07
  3335  +0.4478764574    234816  +0.4478759766  -4.808e-07
  3336  +0.4472262248    234475  +0.4472255707  -6.541e-07
  3337  +0.4465763206    234135  +0.4465770721  +7.515e-07
  3338  +0.4459267449    233794  +0.4459266663  -7.859e-08
  3339  +0.4452774975    233454  +0.4452781677  +6.702e-07
  3340  +0.4446285786    233113  +0.4446277618  -8.167e-07
  3341  +0.4439799880    232773  +0.4439792633  -7.247e-07
  3342  +0.4433317259    232434  +0.4433326721  +9.462e-07
  3343  +0.4426837923    232094  +0.4426841736  +3.813e-07
  3344  +0.4420361871    231754  +0.4420356750  -5.120e-07
  3345  +0.4413889103    231415  +0.4413890839  +1.736e-07
  3346  +0.4407419619    231076  +0.4407424927  +5.307e-07
  3347  +0.4400953421    230737  +0.4400959015  +5.594e-07
  3348  +0.4394490507    230398  +0.4394493103  +2.596e-07
  3349  +0.4388030877    230059  +0.4388027191  -3.686e-07
  3350  +0.4381574533    229721  +0.4381580353  +5.820e-07
  3351  +0.4375121473    229382  +0.4375114441  -7.032e-07
  3352  +0.4368671698    229044  +0.4368667603  -4.095e-07
  3353  +0.4362225208    228706  +0.4362220764  -4.444e-07
  3354  +0.4355782003    228368  +0.4355773926  -8.077e-07
  3355  +0.4349342083    228031  +0.4349346161  +4.078e-07
  3356  +0.4342905449    227693  +0.4342899323  -6.126e-07
  3357  +0.4336472100    227356  +0.4336471558  -5.419e-08
  3358  +0.4330042036    227019  +0.4330043793  +1.757e-07
  3359  +0.4323615257    226682  +0.4323616028  +7.704e-08
  3360  +0.4317191765    226345  +0.4317188263  -3.502e-07
  3361  +0.4310771558    226009  +0.4310779572  +8.014e-07
  3362  +0.4304354637    225672  +0.4304351807  -2.830e-07
  3363  +0.4297941001    225336  +0.4297943115  +2.114e-07
  3364  +0.4291530652    225000  +0.4291534424  +3.772e-07
  3365  +0.4285123589    224664  +0.4285125732  +2.144e-07
  3366  +0.4278719812    224328  +0.4278717041  -2.771e-07
  3367  +0.4272319321    223993  +0.4272327423  +8.102e-07
  3368  +0.4265922117    223657  +0.4265918732  -3.385e-07
  3369  +0.4259528199    223322  +0.4259529114  +9.145e-08
  3370  +0.4253137568    222987  +0.4253139496  +1.928e-07
  3371  +0.4246750224    222652  +0.4246749878  -3.462e-08
  3372  +0.4240366167    222317  +0.4240360260  -5.907e-07
  3373  +0.4233985397    221983  +0.4233989716  +4.319e-07
  3374  +0.4227607914    221648  +0.4227600098  -7.816e-07
  3375  +0.4221233718    221314  +0.4221229553  -4.165e-07
  3376  +0.4214862809    220980  +0.4214859009  -3.801e-07
  3377  +0.4208495189    220646  +0.4208488464  -6.724e-07
  3378  +0.4202130856    220313  +0.4202136993  +6.138e-07
  3379  +0.4195769810    219979  +0.4195766449  -3.361e-07
  3380  +0.4189412053    219646  +0.4189414978  +2.925e-07
  3381  +0.4183057584    219313  +0.4183063507  +5.923e-07
  3382  +0.4176706403    218980  +0.4176712036  +5.633e-07
  3383  +0.4170358511    218647  +0.4170360565  +2.054e-07
  3384  +0.4164013907    218314  +0.4164009094  -4.813e-07
  3385  +0.4157672592    217982  +0.4157676697  +4.105e-07
  3386  +0.4151334566    217649  +0.4151325226  -9.340e-07
  3387  +0.4144999828    217317  +0.4144992828  -7.000e-07
  3388  +0.4138668380    216985  +0.4138660431  -7.949e-07
  3389  +0.4132340222    216654  +0.4132347107  +6.885e-07
  3390  +0.4126015352    216322  +0.4126014709  -6.430e-08
  3391  +0.4119693773    215991  +0.4119701385  +7.613e-07
  3392  +0.4113375483    215659  +0.4113368988  -6.495e-07
  3393  +0.4107060484    215328  +0.4107055664  -4.820e-07
  3394  +0.4100748774    214997  +0.4100742340  -6.434e-07
  3395  +0.4094440355    214667  +0.4094448090  +7.735e-07
  3396  +0.4088135226    214336  +0.4088134766  -4.607e-08
  3397  +0.4081833388    214006  +0.4081840515  +7.127e-07
  3398  +0.4075534841    213675  +0.4075527191  -7.650e-07
  3399  +0.4069239585    213345  +0.4069232941  -6.645e-07
  3400  +0.4062947621    213015  +0.4062938690  -8.930e-07
  3401  +0.4056658947    212686  +0.4056663513  +4.566e-07
  3402  +0.4050373566    212356  +0.4050369263  -4.303e-07
  3403  +0.4044091476    212027  +0.4044094086  +2.610e-07
  3404  +0.4037812678    211698  +0.4037818909  +6.231e-07
  3405  +0.4031537172    211369  +0.4031543732  +6.560e-07
  3406  +0.4025264959    211040  +0.4025268555  +3.596e-07
  3407  +0.4018996038    210711  +0.4018993378  -2.660e-07
  3408  +0.4012730410    210383  +0.4012737274  +6.864e-07
  3409  +0.4006468075    210054  +0.4006462097  -5.978e-07
  3410  +0.4000209033    209726  +0.4000205994  -3.039e-07
  3411  +0.3993953284    209398  +0.3993949890  -3.394e-07
  3412  +0.3987700829    209070  +0.3987693787  -7.043e-07
  3413  +0.3981451668    208743  +0.3981456757  +5.088e-07
  3414  +0.3975205801    208415  +0.3975200653  -5.148e-07
  3415  +0.3968963228    208088  +0.3968963623  +3.951e-08
  3416  +0.3962723949    207761  +0.3962726593  +2.644e-07
  3417  +0.3956487965    207434  +0.3956489563  +1.598e-07
  3418  +0.3950255276    207107  +0.3950252533  -2.743e-07
  3419  +0.3944025882    206781  +0.3944034576  +8.694e-07
  3420  +0.3937799783    206454  +0.3937797546  -2.237e-07
  3421  +0.3931576980    206128  +0.3931579590  +2.610e-07
  3422  +0.3925357472    205802  +0.3925361633  +4.161e-07
  3423  +0.3919141261    205476  +0.3919143677  +2.416e-07
  3424  +0.3912928345    205150  +0.3912925720  -2.625e-07
  3425  +0.3906718726    204825  +0.3906726837  +8.111e-07
  3426  +0.3900512403    204499  +0.3900508881  -3.523e-07
  3427  +0.3894309378    204174  +0.3894309998  +6.197e-08
  3428  +0.3888109649    203849  +0.3888111115  +1.465e-07
  3429  +0.3881913218    203524  +0.3881912231  -9.865e-08
  3430  +0.3875720084    203199  +0.3875713348  -6.736e-07
  3431  +0.3869530248    202875  +0.3869533539  +3.291e-07
  3432  +0.3863343710    202550  +0.3863334656  -9.055e-07
  3433  +0.3857160471    202226  +0.3857154846  -5.624e-07
  3434  +0.3850980529    201902  +0.3850975037  -5.493e-07
  3435  +0.3844803887    201578  +0.3844795227  -8.660e-07
  3436  +0.3838630544    201255  +0.3838634491  +3.947e-07
  3437  +0.3832460499    200931  +0.3832454681  -5.818e-07
  3438  +0.3826293755    200608  +0.3826293945  +1.907e-08
  3439  +0.3820130310    200285  +0.3820133209  +2.900e-07
  3440  +0.3813970165    199962  +0.3813972473  +2.309e-07
  3441  +0.3807813320    199639  +0.3807811737  -1.583e-07
  3442  +0.3801659775    199316  +0.3801651001  -8.774e-07
  3443  +0.3795509532    198994  +0.3795509338  -1.934e-08
  3444  +0.3789362589    198672  +0.3789367676  +5.087e-07
  3445  +0.3783218948    198350  +0.3783226013  +7.065e-07
  3446  +0.3777078608    198028  +0.3777084351  +5.743e-07
  3447  +0.3770941570    197706  +0.3770942688  +1.118e-07
  3448  +0.3764807834    197384  +0.3764801025  -6.808e-07
  3449  +0.3758677400    197063  +0.3758678436  +1.036e-07
  3450  +0.3752550269    196742  +0.3752555847  +5.578e-07
  3451  +0.3746426440    196421  +0.3746433258  +6.818e-07
  3452  +0.3740305915    196100  +0.3740310669  +4.754e-07
  3453  +0.3734188693    195779  +0.3734188080  -6.131e-08
  3454  +0.3728074775    195458  +0.3728065491  -9.284e-07
  3455  +0.3721964160    195138  +0.3721961975  -2.185e-07
  3456  +0.3715856850    194818  +0.3715858459  +1.610e-07
  3457  +0.3709752844    194498  +0.3709754944  +2.100e-07
  3458  +0.3703652143    194178  +0.3703651428  -7.143e-08
  3459  +0.3697554746    193858  +0.3697547913  -6.834e-07
  3460  +0.3691460655    193539  +0.3691463470  +2.815e-07
  3461  +0.3685369870    193220  +0.3685379028  +9.158e-07
  3462  +0.3679282390    192900  +0.3679275513  -6.878e-07
  3463  +0.3673198217    192581  +0.3673191071  -7.146e-07
  3464  +0.3667117350    192263  +0.3667125702  +8.352e-07
  3465  +0.3661039789    191944  +0.3661041260  +1.471e-07
  3466  +0.3654965535    191625  +0.3654956818  -8.718e-07
  3467  +0.3648894589    191307  +0.3648891449  -3.140e-07
  3468  +0.3642826950    190989  +0.3642826080  -8.698e-08
  3469  +0.3636762619    190671  +0.3636760712  -1.907e-07
  3470  +0.3630701596    190353  +0.3630695343  -6.253e-07
  3471  +0.3624643881    190036  +0.3624649048  +5.166e-07
  3472  +0.3618589475    189718  +0.3618583679  -5.796e-07
  3473  +0.3612538378    189401  +0.3612537384  -9.943e-08
  3474  +0.3606490591    189084  +0.3606491089  +4.983e-08
  3475  +0.3600446112    188767  +0.3600444794  -1.319e-07
  3476  +0.3594404944    188450  +0.3594398499  -6.445e-07
  3477  +0.3588367085    188134  +0.3588371277  +4.191e-07
  3478  +0.3582332538    187817  +0.3582324982  -7.556e-07
  3479  +0.3576301300    187501  +0.3576297760  -3.540e-07
  3480  +0.3570273374    187185  +0.3570270538  -2.836e-07
  3481  +0.3564248759    186869  +0.3564243317  -5.443e-07
  3482  +0.3558227456    186554  +0.3558235168  +7.713e-07
  3483  +0.3552209465    186238  +0.3552207947  -1.518e-07
  3484  +0.3546194785    185923  +0.3546199799  +5.013e-07
  3485  +0.3540183419    185608  +0.3540191650  +8.232e-07
  3486  +0.3534175365    185293  +0.3534183502  +8.137e-07
  3487  +0.3528170624    184978  +0.3528175354  +4.730e-07
  3488  +0.3522169197    184663  +0.3522167206  -1.991e-07
  3489  +0.3516171083    184349  +0.3516178131  +7.048e-07
  3490  +0.3510176283    184034  +0.3510169983  -6.300e-07
  3491  +0.3504184798    183720  +0.3504180908  -3.890e-07
  3492  +0.3498196628    183406  +0.3498191833  -4.794e-07
  3493  +0.3492211772    183092  +0.3492202759  -9.013e-07
  3494  +0.3486230231    182779  +0.3486232758  +2.526e-07
  3495  +0.3480252007    182465  +0.3480243683  -8.324e-07
  3496  +0.3474277098    182152  +0.3474273682  -3.416e-07
  3497  +0.3468305505    181839  +0.3468303680  -1.824e-07
  3498  +0.3462337229    181526  +0.3462333679  -3.549e-07
  3499  +0.3456372269    181213  +0.3456363678  -8.591e-07
  3500  +0.3450410627    180901  +0.3450412750  +2.123e-07
  3501  +0.3444452302    180589  +0.3444461823  +9.521e-07
  3502  +0.3438497295    180276  +0.3438491821  -5.474e-07
  3503  +0.3432545606    179964  +0.3432540894  -4.712e-07
  3504  +0.3426597235    179652  +0.3426589966  -7.269e-07
  3505  +0.3420652183    179341  +0.3420658112  +5.928e-07
  3506  +0.3414710450    179029  +0.3414707184  -3.266e-07
  3507  +0.3408772037    178718  +0.3408775330  +3.293e-07
  3508  +0.3402836943    178407  +0.3402843475  +6.532e-07
  3509  +0.3396905169    178096  +0.3396911621  +6.452e-07
  3510  +0.3390976715    177785  +0.3390979767  +3.052e-07
  3511  +0.3385051582    177474  +0.3385047913  -3.670e-07
  3512  +0.3379129770    177164  +0.3379135132  +5.362e-07
  3513  +0.3373211279    176853  +0.3373203278  -8.002e-07
  3514  +0.3367296110    176543  +0.3367290497  -5.613e-07
  3515  +0.3361384263    176233  +0.3361377716  -6.547e-07
  3516  +0.3355475738    175924  +0.3355484009  +8.271e-07
  3517  +0.3349570535    175614  +0.3349571228  +6.926e-08
  3518  +0.3343668656    175305  +0.3343677521  +8.865e-07
  3519  +0.3337770099    174995  +0.3337764740  -5.359e-07
  3520  +0.3331874867    174686  +0.3331871033  -3.834e-07
  3521  +0.3325982958    174377  +0.3325977325  -5.632e-07
  3522  +0.3320094373    174069  +0.3320102692  +8.319e-07
  3523  +0.3314209112    173760  +0.3314208984  -1.279e-08
  3524  +0.3308327177    173452  +0.3308334351  +7.174e-07
  3525  +0.3302448566    173143  +0.3302440643  -7.923e-07
  3526  +0.3296573282    172835  +0.3296566010  -7.272e-07
  3527  +0.3290701323    172528  +0.3290710449  +9.127e-07
  3528  +0.3284832690    172220  +0.3284835815  +3.126e-07
  3529  +0.3278967383    171912  +0.3278961182  -6.202e-07
  3530  +0.3273105404    171605  +0.3273105621  +2.178e-08
  3531  +0.3267246751    171298  +0.3267250061  +3.310e-07
  3532  +0.3261391426    170991  +0.3261394501  +3.075e-07
  3533  +0.3255539429    170684  +0.3255538940  -4.883e-08
  3534  +0.3249690760    170377  +0.3249683380  -7.380e-07
  3535  +0.3243845419    170071  +0.3243846893  +1.474e-07
  3536  +0.3238003407    169765  +0.3238010406  +6.999e-07
  3537  +0.3232164724    169459  +0.3232173920  +9.195e-07
  3538  +0.3226329371    169153  +0.3226337433  +8.062e-07
  3539  +0.3220497347    168847  +0.3220500946  +3.599e-07
  3540  +0.3214668654    168541  +0.3214664459  -4.195e-07
  3541  +0.3208843291    168236  +0.3208847046  +3.755e-07
  3542  +0.3203021258    167931  +0.3203029633  +8.374e-07
  3543  +0.3197202557    167625  +0.3197193146  -9.411e-07
  3544  +0.3191387187    167321  +0.3191394806  +7.619e-07
  3545  +0.3185575149    167016  +0.3185577393  +2.243e-07
  3546  +0.3179766443    166711  +0.3179759979  -6.464e-07
  3547  +0.3173961070    166407  +0.3173961639  +5.694e-08
  3548  +0.3168159029    166103  +0.3168163300  +4.270e-07
  3549  +0.3162360322    165799  +0.3162364960  +4.638e-07
  3550  +0.3156564947    165495  +0.3156566620  +1.673e-07
  3551  +0.3150772907    165191  +0.3150768280  -4.627e-07
  3552  +0.3144984200    164888  +0.3144989014  +4.813e-07
  3553  +0.3139198828    164584  +0.3139190674  -8.155e-07
  3554  +0.3133416791    164281  +0.3133411407  -5.384e-07
  3555  +0.3127638089    163978  +0.3127632141  -5.948e-07
  3556  +0.3121862722    163676  +0.3121871948  +9.226e-07
  3557  +0.3116090691    163373  +0.3116092682  +1.990e-07
  3558  +0.3110321997    163070  +0.3110313416  -8.581e-07
  3559  +0.3104556638    162768  +0.3104553223  -3.415e-07
  3560  +0.3098794616    162466  +0.3098793030  -1.587e-07
  3561  +0.3093035932    162164  +0.3093032837  -3.095e-07
  3562  +0.3087280584    161862  +0.3087272644  -7.940e-07
  3563  +0.3081528575    161561  +0.3081531525  +2.950e-07
  3564  +0.3075779904    161259  +0.3075771332  -8.572e-07
  3565  +0.3070034571    160958  +0.3070030212  -4.358e-07
  3566  +0.3064292576    160657  +0.3064289093  -3.483e-07
  3567  +0.3058553921    160356  +0.3058547974  -5.948e-07
  3568  +0.3052818605    160056  +0.3052825928  +7.322e-07
  3569  +0.3047086629    159755  +0.3047084808  -1.821e-07
  3570  +0.3041357993    159455  +0.3041362762  +4.769e-07
  3571  +0.3035632698    159155  +0.3035640717  +8.019e-07
  3572  +0.3029910743    158855  +0.3029918671  +7.928e-07
  3573  +0.3024192129    158555  +0.3024196625  +4.496e-07
  3574  +0.3018476857    158255  +0.3018474579  -2.278e-07
  3575  +0.3012764926    157956  +0.3012771606  +6.680e-07
  3576  +0.3007056338    157656  +0.3007049561  -6.777e-07
  3577  +0.3001351091    157357  +0.3001346588  -4.503e-07
  3578  +0.2995649188    157058  +0.2995643616  -5.572e-07
  3579  +0.2989950627    156760  +0.2989959717  +9.089e-07
  3580  +0.2984255410    156461  +0.2984256744  +1.334e-07
  3581  +0.2978563537    156163  +0.2978572845  +9.308e-07
  3582  +0.2972875008    155864  +0.2972869873  -5.135e-07
  3583  +0.2967189823    155566  +0.2967185974  -3.849e-07
  3584  +0.2961507982    155268  +0.2961502075  -5.907e-07
  3585  +0.2955829487    154971  +0.2955837250  +7.763e-07
  3586  +0.2950154337    154673  +0.2950153351  -9.863e-08
  3587  +0.2944482533    154376  +0.2944488525  +5.993e-07
  3588  +0.2938814075    154078  +0.2938804626  -9.448e-07
  3589  +0.2933148963    153781  +0.2933139801  -9.162e-07
  3590  +0.2927487197    153485  +0.2927494049  +6.852e-07
  3591  +0.2921828779    153188  +0.2921829224  +4.447e-08
  3592  +0.2916173708    152891  +0.2916164398  -9.310e-07
  3593  +0.2910521984    152595  +0.2910518646  -3.338e-07
  3594  +0.2904873609    152299  +0.2904872894  -7.147e-08
  3595  +0.2899228582    152003  +0.2899227142  -1.439e-07
  3596  +0.2893586903    151707  +0.2893581390  -5.513e-07
  3597  +0.2887948574    151412  +0.2887954712  +6.138e-07
  3598  +0.2882313593    151116  +0.2882308960  -4.633e-07
  3599  +0.2876681962    150821  +0.2876682281  +3.193e-08
  3600  +0.2871053681    150526  +0.2871055603  +1.922e-07
  3601  +0.2865428750    150231  +0.2865428925  +1.742e-08
  3602  +0.2859807170    149936  +0.2859802246  -4.924e-07
  3603  +0.2854188941    149642  +0.2854194641  +5.701e-07
  3604  +0.2848574062    149347  +0.2848567963  -6.100e-07
  3605  +0.2842962536    149053  +0.2842960358  -2.178e-07
  3606  +0.2837354360    148759  +0.2837352753  -1.608e-07
  3607  +0.2831749538    148465  +0.2831745148  -4.390e-07
  3608  +0.2826148067    148172  +0.2826156616  +8.549e-07
  3609  +0.2820549949    147878  +0.2820549011  -9.382e-08
  3610  +0.2814955185    147585  +0.2814960480  +5.295e-07
  3611  +0.2809363773    147292  +0.2809371948  +8.175e-07
  3612  +0.2803775716    146999  +0.2803783417  +7.701e-07
  3613  +0.2798191012    146706  +0.2798194885  +3.873e-07
  3614  +0.2792609663    146413  +0.2792606354  -3.309e-07
  3615  +0.2787031668    146121  +0.2787036896  +5.227e-07
  3616  +0.2781457029    145828  +0.2781448364  -8.664e-07
  3617  +0.2775885744    145536  +0.2775878906  -6.838e-07
  3618  +0.2770317815    145244  +0.2770309448  -8.367e-07
  3619  +0.2764753242    144953  +0.2764759064  +5.821e-07
  3620  +0.2759192025    144661  +0.2759189606  -2.420e-07
  3621  +0.2753634165    144370  +0.2753639221  +5.056e-07
  3622  +0.2748079661    144079  +0.2748088837  +9.175e-07
  3623  +0.2742528515    143787  +0.2742519379  -9.136e-07
  3624  +0.2736980726    143497  +0.2736988068  +7.342e-07
  3625  +0.2731436295    143206  +0.2731437683  +1.388e-07
  3626  +0.2725895221    142915  +0.2725887299  -7.923e-07
  3627  +0.2720357506    142625  +0.2720355988  -1.519e-07
  3628  +0.2714823150    142335  +0.2714824677  +1.527e-07
  3629  +0.2709292152    142045  +0.2709293365  +1.213e-07
  3630  +0.2703764514    141755  +0.2703762054  -2.460e-07
  3631  +0.2698240235    141465  +0.2698230743  -9.492e-07
  3632  +0.2692719316    141176  +0.2692718506  -8.105e-08
  3633  +0.2687201758    140887  +0.2687206268  +4.511e-07
  3634  +0.2681687559    140598  +0.2681694031  +6.472e-07
  3635  +0.2676176721    140309  +0.2676181793  +5.072e-07
  3636  +0.2670669245    140020  +0.2670669556  +3.109e-08
  3637  +0.2665165129    139731  +0.2665157318  -7.811e-07
  3638  +0.2659664376    139443  +0.2659664154  -2.215e-08
  3639  +0.2654166984    139155  +0.2654170990  +4.006e-07
  3640  +0.2648672954    138867  +0.2648677826  +4.872e-07
  3641  +0.2643182287    138579  +0.2643184662  +2.375e-07
  3642  +0.2637694982    138291  +0.2637691498  -3.484e-07
  3643  +0.2632211041    138004  +0.2632217407  +6.367e-07
  3644  +0.2626730462    137716  +0.2626724243  -6.219e-07
  3645  +0.2621253248    137429  +0.2621250153  -3.095e-07
  3646  +0.2615779397    137142  +0.2615776062  -3.335e-07
  3647  +0.2610308911    136855  +0.2610301971  -6.939e-07
  3648  +0.2604841789    136569  +0.2604846954  +5.166e-07
  3649  +0.2599378031    136282  +0.2599372864  -5.168e-07
  3650  +0.2593917639    135996  +0.2593917847  +2.074e-08
  3651  +0.2588460612    135710  +0.2588462830  +2.217e-07
  3652  +0.2583006951    135424  +0.2583007812  +8.615e-08
  3653  +0.2577556656    135138  +0.2577552795  -3.860e-07
  3654  +0.2572109726    134853  +0.2572116852  +7.126e-07
  3655  +0.2566666163    134567  +0.2566661835  -4.329e-07
  3656  +0.2561225967    134282  +0.2561225891  -7.609e-09
  3657  +0.2555789138    133997  +0.2555789948  +8.095e-08
  3658  +0.2550355676    133712  +0.2550354004  -1.672e-07
  3659  +0.2544925582    133427  +0.2544918060  -7.521e-07
  3660  +0.2539498855    133143  +0.2539501190  +2.335e-07
  3661  +0.2534075496    132859  +0.2534084320  +8.824e-07
  3662  +0.2528655506    132574  +0.2528648376  -7.129e-07
  3663  +0.2523238884    132290  +0.2523231506  -7.378e-07
  3664  +0.2517825631    132007  +0.2517833710  +8.078e-07
  3665  +0.2512415747    131723  +0.2512416840  +1.092e-07
  3666  +0.2507009233    131439  +0.2506999969  -9.264e-07
  3667  +0.2501606088    131156  +0.2501602173  -3.915e-07
  3668  +0.2496206313    130873  +0.2496204376  -1.937e-07
  3669  +0.2490809909    130590  +0.2490806580  -3.329e-07
  3670  +0.2485416874    130307  +0.2485408783  -8.091e-07
  3671  +0.2480027211    130025  +0.2480030060  +2.849e-07
  3672  +0.2474640918    129742  +0.2474632263  -8.655e-07
  3673  +0.2469257996    129460  +0.2469253540  -4.456e-07
  3674  +0.2463878446    129178  +0.2463874817  -3.629e-07
  3675  +0.2458502268    128896  +0.2458496094  -6.174e-07
  3676  +0.2453129461    128615  +0.2453136444  +6.983e-07
  3677  +0.2447760027    128333  +0.2447757721  -2.306e-07
  3678  +0.2442393965    128052  +0.2442398071  +4.106e-07
  3679  +0.2437031276    127771  +0.2437038422  +7.146e-07
  3680  +0.2431671960    127490  +0.2431678772  +6.812e-07
  3681  +0.2426316016    127209  +0.2426319122  +3.106e-07
  3682  +0.2420963447    126928  +0.2420959473  -3.974e-07
  3683  +0.2415614250    126648  +0.2415618896  +4.646e-07
  3684  +0.2410268428    126367  +0.2410259247  -9.181e-07
  3685  +0.2404925980    126087  +0.2404918671  -7.309e-07
  3686  +0.2399586906    125807  +0.2399578094  -8.812e-07
  3687  +0.2394251207    125528  +0.2394256592  +5.385e-07
  3688  +0.2388918883    125248  +0.2388916016  -2.867e-07
  3689  +0.2383589933    124969  +0.2383594513  +4.580e-07
  3690  +0.2378264359    124690  +0.2378273010  +8.651e-07
  3691  +0.2372942160    124411  +0.2372951508  +9.347e-07
  3692  +0.2367623338    124132  +0.2367630005  +6.667e-07
  3693  +0.2362307891    123853  +0.2362308502  +6.115e-08
  3694  +0.2356995820    123574  +0.2356987000  -8.820e-07
  3695  +0.2351687126    123296  +0.2351684570  -2.555e-07
  3696  +0.2346381808    123018  +0.2346382141  +3.332e-08
  3697  +0.2341079867    122740  +0.2341079712  -1.551e-08
  3698  +0.2335781303    122462  +0.2335777283  -4.021e-07
  3699  +0.2330486117    122185  +0.2330493927  +7.810e-07
  3700  +0.2325194308    121907  +0.2325191498  -2.810e-07
  3701  +0.2319905876    121630  +0.2319908142  +2.266e-07
  3702  +0.2314620823    121353  +0.2314624786  +3.964e-07
  3703  +0.2309339148    121076  +0.2309341431  +2.283e-07
  3704  +0.2304060851    120799  +0.2304058075  -2.776e-07
  3705  +0.2298785932    120523  +0.2298793793  +7.861e-07
  3706  +0.2293514392    120246  +0.2293510437  -3.955e-07
  3707  +0.2288246232    119970  +0.2288246155  -7.689e-09
  3708  +0.2282981450    119694  +0.2282981873  +4.225e-08
  3709  +0.2277720048    119418  +0.2277717590  -2.457e-07
  3710  +0.2272462025    119142  +0.2272453308  -8.717e-07
  3711  +0.2267207382    118867  +0.2267208099  +7.173e-08
  3712  +0.2261956119    118592  +0.2261962891  +6.772e-07
  3713  +0.2256708236    118317  +0.2256717682  +9.446e-07
  3714  +0.2251463734    118042  +0.2251472473  +8.740e-07
  3715  +0.2246222611    117767  +0.2246227264  +4.653e-07
  3716  +0.2240984870    117492  +0.2240982056  -2.814e-07
  3717  +0.2235750510    117218  +0.2235755920  +5.411e-07
  3718  +0.2230519530    116943  +0.2230510712  -8.818e-07
  3719  +0.2225291932    116669  +0.2225284576  -7.355e-07
  3720  +0.2220067715    116395  +0.2220058441  -9.274e-07
  3721  +0.2214846880    116122  +0.2214851379  +4.499e-07
  3722  +0.2209629427    115848  +0.2209625244  -4.182e-07
  3723  +0.2204415355    115575  +0.2204418182  +2.827e-07
  3724  +0.2199204666    115302  +0.2199211121  +6.455e-07
  3725  +0.2193997359    115029  +0.2194004059  +6.700e-07
  3726  +0.2188793435    114756  +0.2188796997  +3.563e-07
  3727  +0.2183592893    114483  +0.2183589935  -2.957e-07
  3728  +0.2178395734    114211  +0.2178401947  +6.213e-07
  3729  +0.2173201958    113938  +0.2173194885  -7.072e-07
  3730  +0.2168011565    113666  +0.2168006897  -4.668e-07
  3731  +0.2162824555    113394  +0.2162818909  -5.646e-07
  3732  +0.2157640929    113123  +0.2157649994  +9.065e-07
  3733  +0.2152460686    112851  +0.2152462006  +1.319e-07
  3734  +0.2147283828    112580  +0.2147293091  +9.263e-07
  3735  +0.2142110353    112308  +0.2142105103  -5.250e-07
  3736  +0.2136940262    112037  +0.2136936188  -4.074e-07
  3737  +0.2131773556    111766  +0.2131767273  -6.283e-07
  3738  +0.2126610234    111496  +0.2126617432  +7.198e-07
  3739  +0.2121450296    111225  +0.2121448517  -1.779e-07
  3740  +0.2116293743    110955  +0.2116298676  +4.933e-07
  3741  +0.2111140575    110685  +0.2111148834  +8.259e-07
  3742  +0.2105990792    110415  +0.2105998993  +8.201e-07
  3743  +0.2100844394    110145  +0.2100849152  +4.758e-07
  3744  +0.2095701381    109875  +0.2095699310  -2.070e-07
  3745  +0.2090561753    109606  +0.2090568542  +6.789e-07
  3746  +0.2085425511    109336  +0.2085418701  -6.810e-07
  3747  +0.2080292655    109067  +0.2080287933  -4.721e-07
  3748  +0.2075163184    108798  +0.2075157166  -6.018e-07
  3749  +0.2070037099    108530  +0.2070045471  +8.372e-07
  3750  +0.2064914400    108261  +0.2064914703  +3.030e-08
  3751  +0.2059795088    107993  +0.2059803009  +7.921e-07
  3752  +0.2054679161    107724  +0.2054672241  -6.920e-07
  3753  +0.2049566621    107456  +0.2049560547  -6.074e-07
  3754  +0.2044457467    107188  +0.2044448853  -8.615e-07
  3755  +0.2039351700    106921  +0.2039356232  +4.531e-07
  3756  +0.2034249320    106653  +0.2034244537  -4.783e-07
  3757  +0.2029150326    106386  +0.2029151917  +1.590e-07
  3758  +0.2024054720    106119  +0.2024059296  +4.576e-07
  3759  +0.2018962500    105852  +0.2018966675  +4.175e-07
  3760  +0.2013873668    105585  +0.2013874054  +3.863e-08
  3761  +0.2008788222    105318  +0.2008781433  -6.789e-07
  3762  +0.2003706164    105052  +0.2003707886  +1.721e-07
  3763  +0.1998627494    104786  +0.1998634338  +6.844e-07
  3764  +0.1993552211    104520  +0.1993560791  +8.580e-07
  3765  +0.1988480315    104254  +0.1988487244  +6.928e-07
  3766  +0.1983411808    103988  +0.1983413696  +1.889e-07
  3767  +0.1978346688    103722  +0.1978340149  -6.539e-07
  3768  +0.1973284956    103457  +0.1973285675  +7.193e-08
  3769  +0.1968226612    103192  +0.1968231201  +4.590e-07
  3770  +0.1963171656    102927  +0.1963176727  +5.072e-07
  3771  +0.1958120088    102662  +0.1958122253  +2.166e-07
  3772  +0.1953071908    102397  +0.1953067780  -4.128e-07
  3773  +0.1948027116    102133  +0.1948032379  +5.263e-07
  3774  +0.1942985713    101868  +0.1942977905  -7.808e-07
  3775  +0.1937947698    101604  +0.1937942505  -5.194e-07
  3776  +0.1932913072    101340  +0.1932907104  -5.968e-07
  3777  +0.1927881834    101077  +0.1927890778  +8.943e-07
  3778  +0.1922853985    100813  +0.1922855377  +1.392e-07
  3779  +0.1917829525    100550  +0.1917839050  +9.525e-07
  3780  +0.1912808453    100286  +0.1912803650  -4.803e-07
  3781  +0.1907790770    100023  +0.1907787323  -3.447e-07
  3782  +0.1902776476     99760  +0.1902770996  -5.480e-07
  3783  +0.1897765571     99498  +0.1897773743  +8.171e-07
  3784  +0.1892758055     99235  +0.1892757416  -6.392e-08
  3785  +0.1887753928     98973  +0.1887760162  +6.235e-07
  3786  +0.1882753190     98710  +0.1882743835  -9.354e-07
  3787  +0.1877755841     98448  +0.1877746582  -9.259e-07
  3788  +0.1872761881     98187  +0.1872768402  +6.521e-07
  3789  +0.1867771310     97925  +0.1867771149  -1.612e-08
  3790  +0.1862784128     97664  +0.1862792969  +8.840e-07
  3791  +0.1857800336     97402  +0.1857795715  -4.621e-07
  3792  +0.1852819933     97141  +0.1852817535  -2.398e-07
  3793  +0.1847842919     96880  +0.1847839355  -3.564e-07
  3794  +0.1842869295     96619  +0.1842861176  -8.119e-07
  3795  +0.1837899060     96359  +0.1837902069  +3.009e-07
  3796  +0.1832932214     96098  +0.1832923889  -8.325e-07
  3797  +0.1827968758     95838  +0.1827964783  -3.975e-07
  3798  +0.1823008691     95578  +0.1823005676  -3.015e-07
  3799  +0.1818052013     95318  +0.1818046570  -5.444e-07
  3800  +0.1813098725     95059  +0.1813106537  +7.811e-07
  3801  +0.1808148827     94799  +0.1808147430  -1.396e-07
  3802  +0.1803202318     94540  +0.1803207397  +5.080e-07
  3803  +0.1798259198     94281  +0.1798267365  +8.166e-07
  3804  +0.1793319468     94022  +0.1793327332  +7.864e-07
  3805  +0.1788383127     93763  +0.1788387299  +4.171e-07
  3806  +0.1783450176     93504  +0.1783447266  -2.910e-07
  3807  +0.1778520614     93246  +0.1778526306  +5.692e-07
  3808  +0.1773594442     92987  +0.1773586273  -8.169e-07
  3809  +0.1768671659     92729  +0.1768665314  -6.345e-07
  3810  +0.1763752266     92471  +0.1763744354  -7.912e-07
  3811  +0.1758836262     92214  +0.1758842468  +6.206e-07
  3812  +0.1753923647     91956  +0.1753921509  -2.139e-07
  3813  +0.1749014422     91699  +0.1749019623  +5.201e-07
  3814  +0.1744108586     91442  +0.1744117737  +9.150e-07
  3815  +0.1739206140     91184  +0.1739196777  -9.363e-07
  3816  +0.1734307083     90928  +0.1734313965  +6.882e-07
  3817  +0.1729411415     90671  +0.1729412079  +6.640e-08
  3818  +0.1724519136     90414  +0.1724510193  -8.943e-07
  3819  +0.1719630247     90158  +0.1719627380  -2.867e-07
  3820  +0.1714744747     89902  +0.1714744568  -1.789e-08
  3821  +0.1709862636     89646  +0.1709861755  -8.804e-08
  3822  +0.1704983914     89390  +0.1704978943  -4.971e-07
  3823  +0.1700108581     89135  +0.1700115204  +6.623e-07
  3824  +0.1695236637     88879  +0.1695232391  -4.246e-07
  3825  +0.1690368082     88624  +0.1690368652  +5.700e-08
  3826  +0.1685502916     88369  +0.1685504913  +1.997e-07
  3827  +0.1680641139     88114  +0.1680641174  +3.498e-09
  3828  +0.1675782751     87859  +0.1675777435  -5.316e-07
  3829  +0.1670927752     87605  +0.1670932770  +5.018e-07
  3830  +0.1666076141     87350  +0.1666069031  -7.110e-07
  3831  +0.1661227919     87096  +0.1661224365  -3.553e-07
  3832  +0.1656383085     86842  +0.1656379700  -3.385e-07
  3833  +0.1651541640     86588  +0.1651535034  -6.606e-07
  3834  +0.1646703583     86335  +0.1646709442  +5.859e-07
  3835  +0.1641868915     86081  +0.1641864777  -4.138e-07
  3836  +0.1637037634     85828  +0.1637039185  +1.550e-07
  3837  +0.1632209742     85575  +0.1632213593  +3.850e-07
  3838  +0.1627385239     85322  +0.1627388000  +2.762e-07
  3839  +0.1622564123     85069  +0.1622562408  -1.714e-07
  3840  +0.1617746395     84817  +0.1617755890  +9.495e-07
  3841  +0.1612932055     84564  +0.1612930298  -1.757e-07
  3842  +0.1608121102     84312  +0.1608123779  +2.677e-07
  3843  +0.1603313538     84060  +0.1603317261  +3.723e-07
  3844  +0.1598509360     83808  +0.1598510742  +1.382e-07
  3845  +0.1593708571     83556  +0.1593704224  -4.347e-07
  3846  +0.1588911168     83305  +0.1588916779  +5.610e-07
  3847  +0.1584117153     83053  +0.1584110260  -6.893e-07
  3848  +0.1579326525     82802  +0.1579322815  -3.710e-07
  3849  +0.1574539284     82551  +0.1574535370  -3.914e-07
  3850  +0.1569755430     82300  +0.1569747925  -7.505e-07
  3851  +0.1564974963     82050  +0.1564979553  +4.591e-07
  3852  +0.1560197882     81799  +0.1560192108  -5.774e-07
  3853  +0.1555424188     81549  +0.1555423737  -4.512e-08
  3854  +0.1550653880     81299  +0.1550655365  +1.485e-07
  3855  +0.1545886959     81049  +0.1545886993  +3.483e-09
  3856  +0.1541123423     80799  +0.1541118622  -4.801e-07
  3857  +0.1536363274     80550  +0.1536369324  +6.050e-07
  3858  +0.1531606511     80300  +0.1531600952  -5.558e-07
  3859  +0.1526853133     80051  +0.1526851654  -1.479e-07
  3860  +0.1522103141     79802  +0.1522102356  -7.849e-08
  3861  +0.1517356534     79553  +0.1517353058  -3.476e-07
  3862  +0.1512613313     79305  +0.1512622833  +9.520e-07
  3863  +0.1507873477     79056  +0.1507873535  +5.838e-09
  3864  +0.1503137026     78808  +0.1503143311  +6.285e-07
  3865  +0.1498403959     78560  +0.1498413086  +9.127e-07
  3866  +0.1493674278     78312  +0.1493682861  +8.584e-07
  3867  +0.1488947981     78064  +0.1488952637  +4.656e-07
  3868  +0.1484225068     77816  +0.1484222412  -2.656e-07
  3869  +0.1479505539     77569  +0.1479511261  +5.722e-07
  3870  +0.1474789395     77321  +0.1474781036  -8.359e-07
  3871  +0.1470076634     77074  +0.1470069885  -6.749e-07
  3872  +0.1465367257     76827  +0.1465358734  -8.523e-07
  3873  +0.1460661264     76581  +0.1460666656  +5.393e-07
  3874  +0.1455958654     76334  +0.1455955505  -3.148e-07
  3875  +0.1451259427     76088  +0.1451263428  +4.001e-07
  3876  +0.1446563583     75842  +0.1446571350  +7.767e-07
  3877  +0.1441871121     75596  +0.1441879272  +8.151e-07
  3878  +0.1437182043     75350  +0.1437187195  +5.152e-07
  3879  +0.1432496346     75104  +0.1432495117  -1.229e-07
  3880  +0.1427814032     74859  +0.1427822113  +8.081e-07
  3881  +0.1423135100     74613  +0.1423130035  -5.064e-07
  3882  +0.1418459549     74368  +0.1418457031  -2.518e-07
  3883  +0.1413787380     74123  +0.1413784027  -3.353e-07
  3884  +0.1409118593     73878  +0.1409111023  -7.570e-07
  3885  +0.1404453187     73634  +0.1404457092  +3.906e-07
  3886  +0.1399791161     73389  +0.1399784088  -7.073e-07
  3887  +0.1395132516     73145  +0.1395130157  -2.359e-07
  3888  +0.1390477252     72901  +0.1390476227  -1.025e-07
  3889  +0.1385825368     72657  +0.1385822296  -3.072e-07
  3890  +0.1381176864     72413  +0.1381168365  -8.499e-07
  3891  +0.1376531740     72170  +0.1376533508  +1.768e-07
  3892  +0.1371889995     71927  +0.1371898651  +8.656e-07
  3893  +0.1367251630     71683  +0.1367244720  -6.910e-07
  3894  +0.1362616644     71440  +0.1362609863  -6.781e-07
  3895  +0.1357985037     71198  +0.1357994080  +9.043e-07
  3896  +0.1353356808     70955  +0.1353359222  +2.415e-07
  3897  +0.1348731957     70712  +0.1348724365  -7.592e-07
  3898  +0.1344110485     70470  +0.1344108582  -1.904e-07
  3899  +0.1339492391     70228  +0.1339492798  +4.069e-08
  3900  +0.1334877674     69986  +0.1334877014  -6.600e-08
  3901  +0.1330266335     69744  +0.1330261230  -5.104e-07
  3902  +0.1325658373     69503  +0.1325664520  +6.148e-07
  3903  +0.1321053787     69261  +0.1321048737  -5.050e-07
  3904  +0.1316452578     69020  +0.1316452026  -5.518e-08
  3905  +0.1311854746     68779  +0.1311855316  +5.706e-08
  3906  +0.1307260289     68538  +0.1307258606  -1.683e-07
  3907  +0.1302669208     68297  +0.1302661896  -7.312e-07
  3908  +0.1298081503     68057  +0.1298084259  +2.756e-07
  3909  +0.1293497172     67817  +0.1293506622  +9.450e-07
  3910  +0.1288916217     67576  +0.1288909912  -6.305e-07
  3911  +0.1284338636     67336  +0.1284332275  -6.361e-07
  3912  +0.1279764430     67097  +0.1279773712  +9.282e-07
  3913  +0.1275193597     66857  +0.1275196075  +2.478e-07
  3914  +0.1270626139     66617  +0.1270618439  -7.700e-07
  3915  +0.1266062053     66378  +0.1266059875  -2.178e-07
  3916  +0.1261501341     66139  +0.1261501312  -2.900e-09
  3917  +0.1256944002     65900  +0.1256942749  -1.253e-07
  3918  +0.1252390035     65661  +0.1252384186  -5.849e-07
  3919  +0.1247839440     65423  +0.1247844696  +5.256e-07
  3920  +0.1243292218     65184  +0.1243286133  -6.085e-07
  3921  +0.1238748366     64946  +0.1238746643  -1.723e-07
  3922  +0.1234207886     64708  +0.1234207153  -7.330e-08
  3923  +0.1229670777     64470  +0.1229667664  -3.114e-07
  3924  +0.1225137039     64232  +0.1225128174  -8.865e-07
  3925  +0.1220606671     63995  +0.1220607758  +1.087e-07
  3926  +0.1216079672     63758  +0.1216087341  +7.669e-07
  3927  +0.1211556043     63520  +0.1211547852  -8.192e-07
  3928  +0.1207035784     63283  +0.1207027435  -8.349e-07
  3929  +0.1202518893     63047  +0.1202526093  +7.199e-07
  3930  +0.1198005371     62810  +0.1198005676  +3.048e-08
  3931  +0.1193495218     62574  +0.1193504333  +9.116e-07
  3932  +0.1188988432     62337  +0.1188983917  -4.514e-07
  3933  +0.1184485013     62101  +0.1184482574  -2.439e-07
  3934  +0.1179984962     61865  +0.1179981232  -3.730e-07
  3935  +0.1175488277     61629  +0.1175479889  -8.389e-07
  3936  +0.1170994959     61394  +0.1170997620  +2.660e-07
  3937  +0.1166505007     61158  +0.1166496277  -8.731e-07
  3938  +0.1162018421     60923  +0.1162014008  -4.414e-07
  3939  +0.1157535200     60688  +0.1157531738  -3.462e-07
  3940  +0.1153055344     60453  +0.1153049469  -5.875e-07
  3941  +0.1148578853     60219  +0.1148586273  +7.421e-07
  3942  +0.1144105725     59984  +0.1144104004  -1.721e-07
  3943  +0.1139635962     59750  +0.1139640808  +4.846e-07
  3944  +0.1135169562     59516  +0.1135177612  +8.051e-07
  3945  +0.1130706525     59282  +0.1130714417  +7.892e-07
  3946  +0.1126246850     59048  +0.1126251221  +4.370e-07
  3947  +0.1121790538     58814  +0.1121788025  -2.513e-07
  3948  +0.1117337588     58581  +0.1117343903  +6.315e-07
  3949  +0.1112887999     58347  +0.1112880707  -7.292e-07
  3950  +0.1108441771     58114  +0.1108436584  -5.186e-07
  3951  +0.1103998904     57881  +0.1103992462  -6.441e-07
  3952  +0.1099559397     57649  +0.1099567413  +8.017e-07
  3953  +0.1095123249     57416  +0.1095123291  +4.178e-09
  3954  +0.1090690461     57184  +0.1090698242  +7.781e-07
  3955  +0.1086261032     56951  +0.1086254120  -6.912e-07
  3956  +0.1081834962     56719  +0.1081829071  -5.891e-07
  3957  +0.1077412250     56487  +0.1077404022  -8.227e-07
  3958  +0.1072992895     56256  +0.1072998047  +5.152e-07
  3959  +0.1068576897     56024  +0.1068572998  -3.899e-07
  3960  +0.1064164257     55793  +0.1064167023  +2.766e-07
  3961  +0.1059754972     55562  +0.1059761047  +6.075e-07
  3962  +0.1055349044     55331  +0.1055355072  +6.028e-07
  3963  +0.1050946471     55100  +0.1050949097  +2.626e-07
  3964  +0.1046547253     54869  +0.1046543121  -4.132e-07
  3965  +0.1042151390     54639  +0.1042156219  +4.830e-07
  3966  +0.1037758881     54408  +0.1037750244  -8.637e-07
  3967  +0.1033369725     54178  +0.1033363342  -6.383e-07
  3968  +0.1028983923     53948  +0.1028976440  -7.482e-07
  3969  +0.1024601473     53719  +0.1024608612  +7.139e-07
  3970  +0.1020222376     53489  +0.1020221710  -6.655e-08
  3971  +0.1015846630     53260  +0.1015853882  +7.252e-07
  3972  +0.1011474236     53030  +0.1011466980  -7.256e-07
  3973  +0.1007105192     52801  +0.1007099152  -6.041e-07
  3974  +0.1002739499     52572  +0.1002731323  -8.176e-07
  3975  +0.0998377156     52344  +0.0998382568  +5.412e-07
  3976  +0.0994018162     52115  +0.0994014740  -3.422e-07
  3977  +0.0989662517     51887  +0.0989665985  +3.468e-07
  3978  +0.0985310221     51659  +0.0985317230  +7.009e-07
  3979  +0.0980961272     51431  +0.0980968475  +7.203e-07
  3980  +0.0976615671     51203  +0.0976619720  +4.049e-07
  3981  +0.0972273417     50975  +0.0972270966  -2.451e-07
  3982  +0.0967934509     50748  +0.0967941284  +6.775e-07
  3983  +0.0963598947     50520  +0.0963592529  -6.418e-07
  3984  +0.0959266730     50293  +0.0959262848  -3.883e-07
  3985  +0.0954937859     50066  +0.0954933167  -4.692e-07
  3986  +0.0950612331     49839  +0.0950603485  -8.846e-07
  3987  +0.0946290148     49613  +0.0946292877  +2.729e-07
  3988  +0.0941971308     49386  +0.0941963196  -8.112e-07
  3989  +0.0937655810     49160  +0.0937652588  -3.222e-07
  3990  +0.0933343655     48934  +0.0933341980  -1.675e-07
  3991  +0.0929034842     48708  +0.0929031372  -3.470e-07
  3992  +0.0924729369     48482  +0.0924720764  -8.605e-07
  3993  +0.0920427238     48257  +0.0920429230  +1.992e-07
  3994  +0.0916128446     48032  +0.0916137695  +9.249e-07
  3995  +0.0911832994     47806  +0.0911827087  -5.907e-07
  3996  +0.0907540881     47581  +0.0907535553  -5.328e-07
  3997  +0.0903252107     47356  +0.0903244019  -8.088e-07
  3998  +0.0898966670     47132  +0.0898971558  +4.887e-07
  3999  +0.0894684571     46907  +0.0894680023  -4.548e-07
  4000  +0.0890405809     46683  +0.0890407562  +1.754e-07
  4001  +0.0886130382     46459  +0.0886135101  +4.719e-07
  4002  +0.0881858292     46235  +0.0881862640  +4.349e-07
  4003  +0.0877589536     46011  +0.0877590179  +6.431e-08
  4004  +0.0873324115     45787  +0.0873317719  -6.397e-07
  4005  +0.0869062028     45564  +0.0869064331  +2.303e-07
  4006  +0.0864803275     45341  +0.0864810944  +7.669e-07
  4007  +0.0860547854     45117  +0.0860538483  -9.371e-07
  4008  +0.0856295765     44895  +0.0856304169  +8.404e-07
  4009  +0.0852047008     44672  +0.0852050781  +3.774e-07
  4010  +0.0847801582     44449  +0.0847797394  -4.188e-07
  4011  +0.0843559486     44227  +0.0843563080  +3.594e-07
  4012  +0.0839320720     44005  +0.0839328766  +8.046e-07
  4013  +0.0835085283     43783  +0.0835094452  +9.169e-07
  4014  +0.0830853175     43561  +0.0830860138  +6.963e-07
  4015  +0.0826624395     43339  +0.0826625824  +1.429e-07
  4016  +0.0822398942     43117  +0.0822391510  -7.432e-07
  4017  +0.0818176816     42896  +0.0818176270  -5.463e-08
  4018  +0.0813958016     42675  +0.0813961029  +3.013e-07
  4019  +0.0809742542     42454  +0.0809745789  +3.247e-07
  4020  +0.0805530392     42233  +0.0805530548  +1.560e-08
  4021  +0.0801321567     42012  +0.0801315308  -6.259e-07
  4022  +0.0797116065     41792  +0.0797119141  +3.075e-07
  4023  +0.0792913887     41572  +0.0792922974  +9.087e-07
  4024  +0.0788715031     41351  +0.0788707733  -7.297e-07
  4025  +0.0784519496     41131  +0.0784511566  -7.930e-07
  4026  +0.0780327283     40912  +0.0780334473  +7.190e-07
  4027  +0.0776138390     40692  +0.0776138306  -8.423e-09
  4028  +0.0771952817     40473  +0.0771961212  +8.395e-07
  4029  +0.0767770563     40253  +0.0767765045  -5.518e-07
  4030  +0.0763591627     40034  +0.0763587952  -3.676e-07
  4031  +0.0759416010     39815  +0.0759410858  -5.151e-07
  4032  +0.0755243709     39597  +0.0755252838  +9.129e-07
  4033  +0.0751074725     39378  +0.0751075745  +1.019e-07
  4034  +0.0746909057     39160  +0.0746917725  +8.668e-07
  4035  +0.0742746704     38941  +0.0742740631  -6.073e-07
  4036  +0.0738587665     38723  +0.0738582611  -5.054e-07
  4037  +0.0734431941     38505  +0.0734424591  -7.350e-07
  4038  +0.0730279529     38288  +0.0730285645  +6.115e-07
  4039  +0.0726130430     38070  +0.0726127625  -2.806e-07
  4040  +0.0721984643     37853  +0.0721988678  +4.035e-07
  4041  +0.0717842166     37636  +0.0717849731  +7.565e-07
  4042  +0.0713703000     37419  +0.0713710785  +7.785e-07
  4043  +0.0709567144     37202  +0.0709571838  +4.694e-07
  4044  +0.0705434597     36985  +0.0705432892  -1.705e-07
  4045  +0.0701305358     36769  +0.0701313019  +7.661e-07
  4046  +0.0697179426     36552  +0.0697174072  -5.354e-07
  4047  +0.0693056802     36336  +0.0693054199  -2.603e-07
  4048  +0.0688937483     36120  +0.0688934326  -3.157e-07
  4049  +0.0684821471     35904  +0.0684814453  -7.017e-07
  4050  +0.0680708762     35689  +0.0680713654  +4.891e-07
  4051  +0.0676599358     35473  +0.0676593781  -5.577e-07
  4052  +0.0672493257     35258  +0.0672492981  -2.760e-08
  4053  +0.0668390459     35043  +0.0668392181  +1.723e-07
  4054  +0.0664290962     34828  +0.0664291382  +4.199e-08
  4055  +0.0660194766     34613  +0.0660190582  -4.184e-07
  4056  +0.0656101871     34399  +0.0656108856  +6.985e-07
  4057  +0.0652012276     34184  +0.0652008057  -4.219e-07
  4058  +0.0647925979     33970  +0.0647926331  +3.518e-08
  4059  +0.0643842980     33756  +0.0643844604  +1.624e-07
  4060  +0.0639763279     33542  +0.0639762878  -4.005e-08
  4061  +0.0635686874     33328  +0.0635681152  -5.722e-07
  4062  +0.0631613765     33115  +0.0631618500  +4.734e-07
  4063  +0.0627543952     32901  +0.0627536774  -7.178e-07
  4064  +0.0623477432     32688  +0.0623474121  -3.311e-07
  4065  +0.0619414206     32475  +0.0619411469  -2.738e-07
  4066  +0.0615354273     32262  +0.0615348816  -5.458e-07
  4067  +0.0611297633     32050  +0.0611305237  +7.604e-07
  4068  +0.0607244283     31837  +0.0607242584  -1.699e-07
  4069  +0.0603194224     31625  +0.0603199005  +4.782e-07
  4070  +0.0599147454     31413  +0.0599155426  +7.972e-07
  4071  +0.0595103973     31201  +0.0595111847  +7.874e-07
  4072  +0.0591063781     30989  +0.0591068268  +4.487e-07
  4073  +0.0587026876     30777  +0.0587024689  -2.187e-07
  4074  +0.0582993257     30566  +0.0583000183  +6.926e-07
  4075  +0.0578962924     30354  +0.0578956604  -6.320e-07
  4076  +0.0574935876     30143  +0.0574932098  -3.778e-07
  4077  +0.0570912112     29932  +0.0570907593  -4.520e-07
  4078  +0.0566891632     29721  +0.0566883087  -8.545e-07
  4079  +0.0562874434     29511  +0.0562877655  +3.221e-07
  4080  +0.0558860518     29300  +0.0558853149  -7.368e-07
  4081  +0.0554849883     29090  +0.0554847717  -2.165e-07
  4082  +0.0550842527     28880  +0.0550842285  -2.421e-08
  4083  +0.0546838451     28670  +0.0546836853  -1.598e-07
  4084  +0.0542837654     28460  +0.0542831421  -6.233e-07
  4085  +0.0538840134     28251  +0.0538845062  +4.928e-07
  4086  +0.0534845891     28041  +0.0534839630  -6.261e-07
  4087  +0.0530854924     27832  +0.0530853271  -1.652e-07
  4088  +0.0526867232     27623  +0.0526866913  -3.188e-08
  4089  +0.0522882814     27414  +0.0522880554  -2.260e-07
  4090  +0.0518901670     27205  +0.0518894196  -7.474e-07
  4091  +0.0514923798     26997  +0.0514926910  +3.113e-07
  4092  +0.0510949198     26788  +0.0510940552  -8.646e-07
  4093  +0.0506977869     26580  +0.0506973267  -4.602e-07
  4094  +0.0503009810     26372  +0.0503005981  -3.828e-07
  4095  +0.0499045020     26164  +0.0499038696  -6.323e-07
