% gengamma_k_lut : 4096 entries
% Format: unsigned Q6.9 (15-bit), scale = 2^9 = 512, resolution = 1.953125e-03
% Quantisation error: max |e| = 9.753742e-04, RMS = 5.649344e-04
% addr_var = log2_abs_s
% addr_min = -2.814891882
% addr_max = 1.364134042
% entries = 4096
% solver = cubic
% note = diagnostic and testbench only -- the datapath never forms k
% Columns: addr  exact_value  code(dec)  requantized  error
     0  +50.0000000000     25600  +50.0000000000  +7.105e-13
     1  +49.9299790778     25564  +49.9296875000  -2.916e-04
     2  +49.8600570919     25528  +49.8593750000  -6.821e-04
     3  +49.7902339024     25493  +49.7910156250  +7.817e-04
     4  +49.7205093696     25457  +49.7207031250  +1.938e-04
     5  +49.6508833538     25421  +49.6503906250  -4.927e-04
     6  +49.5813557159     25386  +49.5820312500  +6.755e-04
     7  +49.5119263165     25350  +49.5117187500  -2.076e-04
     8  +49.4425950168     25315  +49.4433593750  +7.644e-04
     9  +49.3733616779     25279  +49.3730468750  -3.148e-04
    10  +49.3042261614     25244  +49.3046875000  +4.613e-04
    11  +49.2351883289     25208  +49.2343750000  -8.133e-04
    12  +49.1662480421     25173  +49.1660156250  -2.324e-04
    13  +49.0974051632     25138  +49.0976562500  +2.511e-04
    14  +49.0286595543     25103  +49.0292968750  +6.373e-04
    15  +48.9600110778     25068  +48.9609375000  +9.264e-04
    16  +48.8914595964     25032  +48.8906250000  -8.346e-04
    17  +48.8230049729     24997  +48.8222656250  -7.393e-04
    18  +48.7546470702     24962  +48.7539062500  -7.408e-04
    19  +48.6863857515     24927  +48.6855468750  -8.389e-04
    20  +48.6182208803     24893  +48.6191406250  +9.197e-04
    21  +48.5501523201     24858  +48.5507812500  +6.289e-04
    22  +48.4821799347     24823  +48.4824218750  +2.419e-04
    23  +48.4143035880     24788  +48.4140625000  -2.411e-04
    24  +48.3465231442     24753  +48.3457031250  -8.200e-04
    25  +48.2788384676     24719  +48.2792968750  +4.584e-04
    26  +48.2112494228     24684  +48.2109375000  -3.119e-04
    27  +48.1437558745     24650  +48.1445312500  +7.754e-04
    28  +48.0763576877     24615  +48.0761718750  -1.858e-04
    29  +48.0090547274     24581  +48.0097656250  +7.109e-04
    30  +47.9418468589     24546  +47.9414062500  -4.406e-04
    31  +47.8747339477     24512  +47.8750000000  +2.661e-04
    32  +47.8077158595     24478  +47.8085937500  +8.779e-04
    33  +47.7407924603     24443  +47.7402343750  -5.581e-04
    34  +47.6739636159     24409  +47.6738281250  -1.355e-04
    35  +47.6072291928     24375  +47.6074218750  +1.927e-04
    36  +47.5405890573     24341  +47.5410156250  +4.266e-04
    37  +47.4740430761     24307  +47.4746093750  +5.663e-04
    38  +47.4075911159     24273  +47.4082031250  +6.120e-04
    39  +47.3412330439     24239  +47.3417968750  +5.638e-04
    40  +47.2749687271     24205  +47.2753906250  +4.219e-04
    41  +47.2087980330     24171  +47.2089843750  +1.863e-04
    42  +47.1427208291     24137  +47.1425781250  -1.427e-04
    43  +47.0767369832     24103  +47.0761718750  -5.651e-04
    44  +47.0108463632     24070  +47.0117187500  +8.724e-04
    45  +46.9450488372     24036  +46.9453125000  +2.637e-04
    46  +46.8793442737     24002  +46.8789062500  -4.380e-04
    47  +46.8137325410     23969  +46.8144531250  +7.206e-04
    48  +46.7482135078     23935  +46.7480468750  -1.666e-04
    49  +46.6827870431     23902  +46.6835937500  +8.067e-04
    50  +46.6174530159     23868  +46.6171875000  -2.655e-04
    51  +46.5522112954     23835  +46.5527343750  +5.231e-04
    52  +46.4870617511     23801  +46.4863281250  -7.336e-04
    53  +46.4220042526     23768  +46.4218750000  -1.293e-04
    54  +46.3570386696     23735  +46.3574218750  +3.832e-04
    55  +46.2921648721     23702  +46.2929687500  +8.039e-04
    56  +46.2273827304     23668  +46.2265625000  -8.202e-04
    57  +46.1626921148     23635  +46.1621093750  -5.827e-04
    58  +46.0980928957     23602  +46.0976562500  -4.366e-04
    59  +46.0335849439     23569  +46.0332031250  -3.818e-04
    60  +45.9691681304     23536  +45.9687500000  -4.181e-04
    61  +45.9048423261     23503  +45.9042968750  -5.455e-04
    62  +45.8406074023     23470  +45.8398437500  -7.637e-04
    63  +45.7764632306     23438  +45.7773437500  +8.805e-04
    64  +45.7124096824     23405  +45.7128906250  +4.809e-04
    65  +45.6484466297     23372  +45.6484375000  -9.130e-06
    66  +45.5845739444     23339  +45.5839843750  -5.896e-04
    67  +45.5207914986     23307  +45.5214843750  +6.929e-04
    68  +45.4570991648     23274  +45.4570312500  -6.791e-05
    69  +45.3934968154     23241  +45.3925781250  -9.187e-04
    70  +45.3299843232     23209  +45.3300781250  +9.380e-05
    71  +45.2665615610     23176  +45.2656250000  -9.366e-04
    72  +45.2032284020     23144  +45.2031250000  -1.034e-04
    73  +45.1399847193     23112  +45.1406250000  +6.403e-04
    74  +45.0768303864     23079  +45.0761718750  -6.585e-04
    75  +45.0137652769     23047  +45.0136718750  -9.340e-05
    76  +44.9507892646     23015  +44.9511718750  +3.826e-04
    77  +44.8879022234     22983  +44.8886718750  +7.697e-04
    78  +44.8251040275     22950  +44.8242187500  -8.853e-04
    79  +44.7623945512     22918  +44.7617187500  -6.758e-04
    80  +44.6997736691     22886  +44.6992187500  -5.549e-04
    81  +44.6372412557     22854  +44.6367187500  -5.225e-04
    82  +44.5747971859     22822  +44.5742187500  -5.784e-04
    83  +44.5124413348     22790  +44.5117187500  -7.226e-04
    84  +44.4501735776     22758  +44.4492187500  -9.548e-04
    85  +44.3879937896     22727  +44.3886718750  +6.781e-04
    86  +44.3259018464     22695  +44.3261718750  +2.700e-04
    87  +44.2638976237     22663  +44.2636718750  -2.257e-04
    88  +44.2019809975     22631  +44.2011718750  -8.091e-04
    89  +44.1401518438     22600  +44.1406250000  +4.732e-04
    90  +44.0784100388     22568  +44.0781250000  -2.850e-04
    91  +44.0167554591     22537  +44.0175781250  +8.227e-04
    92  +43.9551879812     22505  +43.9550781250  -1.099e-04
    93  +43.8937074820     22474  +43.8945312500  +8.238e-04
    94  +43.8323138383     22442  +43.8320312500  -2.826e-04
    95  +43.7710069273     22411  +43.7714843750  +4.774e-04
    96  +43.7097866262     22379  +43.7089843750  -8.023e-04
    97  +43.6486528127     22348  +43.6484375000  -2.153e-04
    98  +43.5876053643     22317  +43.5878906250  +2.853e-04
    99  +43.5266441588     22286  +43.5273437500  +6.996e-04
   100  +43.4657690743     22254  +43.4648437500  -9.253e-04
   101  +43.4049799889     22223  +43.4042968750  -6.831e-04
   102  +43.3442767810     22192  +43.3437500000  -5.268e-04
   103  +43.2836593290     22161  +43.2832031250  -4.562e-04
   104  +43.2231275117     22130  +43.2226562500  -4.713e-04
   105  +43.1626812079     22099  +43.1621093750  -5.718e-04
   106  +43.1023202966     22068  +43.1015625000  -7.578e-04
   107  +43.0420446571     22038  +43.0429687500  +9.241e-04
   108  +42.9818541687     22007  +42.9824218750  +5.677e-04
   109  +42.9217487109     21976  +42.9218750000  +1.263e-04
   110  +42.8617281635     21945  +42.8613281250  -4.000e-04
   111  +42.8017924063     21915  +42.8027343750  +9.420e-04
   112  +42.7419413193     21884  +42.7421875000  +2.462e-04
   113  +42.6821747829     21853  +42.6816406250  -5.342e-04
   114  +42.6224926774     21823  +42.6230468750  +5.542e-04
   115  +42.5628948833     21792  +42.5625000000  -3.949e-04
   116  +42.5033812814     21762  +42.5039062500  +5.250e-04
   117  +42.4439517525     21731  +42.4433593750  -5.924e-04
   118  +42.3846061778     21701  +42.3847656250  +1.594e-04
   119  +42.3253444384     21671  +42.3261718750  +8.274e-04
   120  +42.2661664158     21640  +42.2656250000  -5.414e-04
   121  +42.2070719914     21610  +42.2070312500  -4.074e-05
   122  +42.1480610472     21580  +42.1484375000  +3.765e-04
   123  +42.0891334649     21550  +42.0898437500  +7.103e-04
   124  +42.0302891266     21520  +42.0312500000  +9.609e-04
   125  +41.9715279146     21489  +41.9707031250  -8.248e-04
   126  +41.9128497112     21459  +41.9121093750  -7.403e-04
   127  +41.8542543991     21429  +41.8535156250  -7.388e-04
   128  +41.7957418609     21399  +41.7949218750  -8.200e-04
   129  +41.7373119795     21370  +41.7382812500  +9.693e-04
   130  +41.6789646381     21340  +41.6796875000  +7.229e-04
   131  +41.6206997198     21310  +41.6210937500  +3.940e-04
   132  +41.5625171080     21280  +41.5625000000  -1.711e-05
   133  +41.5044166864     21250  +41.5039062500  -5.104e-04
   134  +41.4463983385     21221  +41.4472656250  +8.673e-04
   135  +41.3884619484     21191  +41.3886718750  +2.099e-04
   136  +41.3306074000     21161  +41.3300781250  -5.293e-04
   137  +41.2728345776     21132  +41.2734375000  +6.029e-04
   138  +41.2151433656     21102  +41.2148437500  -2.996e-04
   139  +41.1575336484     21073  +41.1582031250  +6.695e-04
   140  +41.1000053108     21043  +41.0996093750  -3.959e-04
   141  +41.0425582377     21014  +41.0429687500  +4.105e-04
   142  +40.9851923141     20984  +40.9843750000  -8.173e-04
   143  +40.9279074252     20955  +40.9277343750  -1.731e-04
   144  +40.8707034564     20926  +40.8710937500  +3.903e-04
   145  +40.8135802931     20897  +40.8144531250  +8.728e-04
   146  +40.7565378210     20867  +40.7558593750  -6.784e-04
   147  +40.6995759260     20838  +40.6992187500  -3.572e-04
   148  +40.6426944941     20809  +40.6425781250  -1.164e-04
   149  +40.5858934115     20780  +40.5859375000  +4.409e-05
   150  +40.5291725644     20751  +40.5292968750  +1.243e-04
   151  +40.4725318394     20722  +40.4726562500  +1.244e-04
   152  +40.4159711231     20693  +40.4160156250  +4.450e-05
   153  +40.3594903023     20664  +40.3593750000  -1.153e-04
   154  +40.3030892640     20635  +40.3027343750  -3.549e-04
   155  +40.2467678953     20606  +40.2460937500  -6.741e-04
   156  +40.1905260834     20578  +40.1914062500  +8.802e-04
   157  +40.1343637159     20549  +40.1347656250  +4.019e-04
   158  +40.0782806803     20520  +40.0781250000  -1.557e-04
   159  +40.0222768644     20491  +40.0214843750  -7.925e-04
   160  +39.9663521561     20463  +39.9667968750  +4.447e-04
   161  +39.9105064435     20434  +39.9101562500  -3.502e-04
   162  +39.8547396148     20406  +39.8554687500  +7.291e-04
   163  +39.7990515585     20377  +39.7988281250  -2.234e-04
   164  +39.7434421630     20349  +39.7441406250  +6.985e-04
   165  +39.6879113171     20320  +39.6875000000  -4.113e-04
   166  +39.6324589096     20292  +39.6328125000  +3.536e-04
   167  +39.5770848296     20263  +39.5761718750  -9.130e-04
   168  +39.5217889663     20235  +39.5214843750  -3.046e-04
   169  +39.4665712089     20207  +39.4667968750  +2.257e-04
   170  +39.4114314471     20179  +39.4121093750  +6.779e-04
   171  +39.3563695703     20150  +39.3554687500  -9.008e-04
   172  +39.3013854685     20122  +39.3007812500  -6.042e-04
   173  +39.2464790316     20094  +39.2460937500  -3.853e-04
   174  +39.1916501497     20066  +39.1914062500  -2.439e-04
   175  +39.1368987132     20038  +39.1367187500  -1.800e-04
   176  +39.0822246123     20010  +39.0820312500  -1.934e-04
   177  +39.0276277377     19982  +39.0273437500  -2.840e-04
   178  +38.9731079802     19954  +38.9726562500  -4.517e-04
   179  +38.9186652305     19926  +38.9179687500  -6.965e-04
   180  +38.8642993799     19899  +38.8652343750  +9.350e-04
   181  +38.8100103194     19871  +38.8105468750  +5.366e-04
   182  +38.7557979404     19843  +38.7558593750  +6.143e-05
   183  +38.7016621345     19815  +38.7011718750  -4.903e-04
   184  +38.6476027933     19788  +38.6484375000  +8.347e-04
   185  +38.5936198085     19760  +38.5937500000  +1.302e-04
   186  +38.5397130722     19732  +38.5390625000  -6.506e-04
   187  +38.4858824766     19705  +38.4863281250  +4.456e-04
   188  +38.4321279137     19677  +38.4316406250  -4.873e-04
   189  +38.3784492762     19650  +38.3789062500  +4.570e-04
   190  +38.3248464564     19622  +38.3242187500  -6.277e-04
   191  +38.2713193473     19595  +38.2714843750  +1.650e-04
   192  +38.2178678416     19568  +38.2187500000  +8.822e-04
   193  +38.1644918324     19540  +38.1640625000  -4.293e-04
   194  +38.1111912129     19513  +38.1113281250  +1.369e-04
   195  +38.0579658764     19486  +38.0585937500  +6.279e-04
   196  +38.0048157163     19458  +38.0039062500  -9.095e-04
   197  +37.9517406264     19431  +37.9511718750  -5.688e-04
   198  +37.8987405003     19404  +37.8984375000  -3.030e-04
   199  +37.8458152321     19377  +37.8457031250  -1.121e-04
   200  +37.7929647158     19350  +37.7929687500  +4.034e-06
   201  +37.7401888457     19323  +37.7402343750  +4.553e-05
   202  +37.6874875160     19296  +37.6875000000  +1.248e-05
   203  +37.6348606215     19269  +37.6347656250  -9.500e-05
   204  +37.5823080566     19242  +37.5820312500  -2.768e-04
   205  +37.5298297164     19215  +37.5292968750  -5.328e-04
   206  +37.4774254956     19188  +37.4765625000  -8.630e-04
   207  +37.4250952896     19162  +37.4257812500  +6.860e-04
   208  +37.3728389934     19135  +37.3730468750  +2.079e-04
   209  +37.3206565027     19108  +37.3203125000  -3.440e-04
   210  +37.2685477129     19081  +37.2675781250  -9.696e-04
   211  +37.2165125197     19055  +37.2167968750  +2.844e-04
   212  +37.1645508191     19028  +37.1640625000  -4.883e-04
   213  +37.1126625070     19002  +37.1132812500  +6.187e-04
   214  +37.0608474795     18975  +37.0605468750  -3.006e-04
   215  +37.0091056331     18949  +37.0097656250  +6.600e-04
   216  +36.9574368641     18922  +36.9570312500  -4.056e-04
   217  +36.9058410692     18896  +36.9062500000  +4.089e-04
   218  +36.8543181450     18869  +36.8535156250  -8.025e-04
   219  +36.8028679886     18843  +36.8027343750  -1.336e-04
   220  +36.7514904968     18817  +36.7519531250  +4.626e-04
   221  +36.7001855669     18790  +36.6992187500  -9.668e-04
   222  +36.6489530963     18764  +36.6484375000  -5.156e-04
   223  +36.5977929824     18738  +36.5976562500  -1.367e-04
   224  +36.5467051227     18712  +36.5468750000  +1.699e-04
   225  +36.4956894152     18686  +36.4960937500  +4.043e-04
   226  +36.4447457576     18660  +36.4453125000  +5.667e-04
   227  +36.3938740480     18634  +36.3945312500  +6.572e-04
   228  +36.3430741847     18608  +36.3437500000  +6.758e-04
   229  +36.2923460659     18582  +36.2929687500  +6.227e-04
   230  +36.2416895902     18556  +36.2421875000  +4.979e-04
   231  +36.1911046561     18530  +36.1914062500  +3.016e-04
   232  +36.1405911625     18504  +36.1406250000  +3.384e-05
   233  +36.0901490082     18478  +36.0898437500  -3.053e-04
   234  +36.0397780923     18452  +36.0390625000  -7.156e-04
   235  +35.9894783140     18427  +35.9902343750  +7.561e-04
   236  +35.9392495727     18401  +35.9394531250  +2.036e-04
   237  +35.8890917678     18375  +35.8886718750  -4.199e-04
   238  +35.8390047989     18350  +35.8398437500  +8.390e-04
   239  +35.7889885658     18324  +35.7890625000  +7.393e-05
   240  +35.7390429684     18298  +35.7382812500  -7.617e-04
   241  +35.6891679068     18273  +35.6894531250  +2.852e-04
   242  +35.6393632811     18247  +35.6386718750  -6.914e-04
   243  +35.5896289917     18222  +35.5898437500  +2.148e-04
   244  +35.5399649390     18196  +35.5390625000  -9.024e-04
   245  +35.4903710237     18171  +35.4902343750  -1.366e-04
   246  +35.4408471466     18146  +35.4414062500  +5.591e-04
   247  +35.3913932084     18120  +35.3906250000  -7.682e-04
   248  +35.3420091103     18095  +35.3417968750  -2.122e-04
   249  +35.2926947533     18070  +35.2929687500  +2.740e-04
   250  +35.2434500389     18045  +35.2441406250  +6.906e-04
   251  +35.1942748685     18019  +35.1933593750  -9.155e-04
   252  +35.1451691436     17994  +35.1445312500  -6.379e-04
   253  +35.0961327661     17969  +35.0957031250  -4.296e-04
   254  +35.0471656376     17944  +35.0468750000  -2.906e-04
   255  +34.9982676604     17919  +34.9980468750  -2.208e-04
   256  +34.9494387365     17894  +34.9492187500  -2.200e-04
   257  +34.9006787681     17869  +34.9003906250  -2.881e-04
   258  +34.8519876578     17844  +34.8515625000  -4.252e-04
   259  +34.8033653081     17819  +34.8027343750  -6.309e-04
   260  +34.7548116216     17794  +34.7539062500  -9.054e-04
   261  +34.7063265012     17770  +34.7070312500  +7.047e-04
   262  +34.6579098500     17745  +34.6582031250  +2.933e-04
   263  +34.6095615709     17720  +34.6093750000  -1.866e-04
   264  +34.5612815672     17695  +34.5605468750  -7.347e-04
   265  +34.5130697424     17671  +34.5136718750  +6.021e-04
   266  +34.4649259999     17646  +34.4648437500  -8.225e-05
   267  +34.4168502434     17621  +34.4160156250  -8.346e-04
   268  +34.3688423767     17597  +34.3691406250  +2.982e-04
   269  +34.3209023036     17572  +34.3203125000  -5.898e-04
   270  +34.2730299284     17548  +34.2734375000  +4.076e-04
   271  +34.2252251551     17523  +34.2246093750  -6.158e-04
   272  +34.1774878882     17499  +34.1777343750  +2.465e-04
   273  +34.1298180320     17474  +34.1289062500  -9.118e-04
   274  +34.0822154912     17450  +34.0820312500  -1.842e-04
   275  +34.0346801705     17426  +34.0351562500  +4.761e-04
   276  +33.9872119749     17401  +33.9863281250  -8.838e-04
   277  +33.9398108092     17377  +33.9394531250  -3.577e-04
   278  +33.8924765786     17353  +33.8925781250  +1.015e-04
   279  +33.8452091885     17329  +33.8457031250  +4.939e-04
   280  +33.7980085442     17305  +33.7988281250  +8.196e-04
   281  +33.7508745513     17280  +33.7500000000  -8.746e-04
   282  +33.7038071154     17256  +33.7031250000  -6.821e-04
   283  +33.6568061424     17232  +33.6562500000  -5.561e-04
   284  +33.6098715382     17208  +33.6093750000  -4.965e-04
   285  +33.5630032088     17184  +33.5625000000  -5.032e-04
   286  +33.5162010606     17160  +33.5156250000  -5.761e-04
   287  +33.4694649997     17136  +33.4687500000  -7.150e-04
   288  +33.4227949328     17112  +33.4218750000  -9.199e-04
   289  +33.3761907664     17089  +33.3769531250  +7.624e-04
   290  +33.3296524072     17065  +33.3300781250  +4.257e-04
   291  +33.2831797621     17041  +33.2832031250  +2.336e-05
   292  +33.2367727382     17017  +33.2363281250  -4.446e-04
   293  +33.1904312425     16994  +33.1914062500  +9.750e-04
   294  +33.1441551823     16970  +33.1445312500  +3.761e-04
   295  +33.0979444650     16946  +33.0976562500  -2.882e-04
   296  +33.0517989982     16923  +33.0527343750  +9.354e-04
   297  +33.0057186894     16899  +33.0058593750  +1.407e-04
   298  +32.9597034465     16875  +32.9589843750  -7.191e-04
   299  +32.9137531774     16852  +32.9140625000  +3.093e-04
   300  +32.8678677902     16828  +32.8671875000  -6.803e-04
   301  +32.8220471929     16805  +32.8222656250  +2.184e-04
   302  +32.7762912940     16781  +32.7753906250  -9.007e-04
   303  +32.7306000018     16758  +32.7304687500  -1.313e-04
   304  +32.6849732249     16735  +32.6855468750  +5.737e-04
   305  +32.6394108721     16711  +32.6386718750  -7.390e-04
   306  +32.5939128521     16688  +32.5937500000  -1.629e-04
   307  +32.5484790739     16665  +32.5488281250  +3.491e-04
   308  +32.5031094465     16642  +32.5039062500  +7.968e-04
   309  +32.4578038793     16618  +32.4570312500  -7.726e-04
   310  +32.4125622814     16595  +32.4121093750  -4.529e-04
   311  +32.3673845625     16572  +32.3671875000  -1.971e-04
   312  +32.3222706320     16549  +32.3222656250  -5.007e-06
   313  +32.2772203997     16526  +32.2773437500  +1.234e-04
   314  +32.2322337755     16503  +32.2324218750  +1.881e-04
   315  +32.1873106692     16480  +32.1875000000  +1.893e-04
   316  +32.1424509912     16457  +32.1425781250  +1.271e-04
   317  +32.0976546514     16434  +32.0976562500  +1.599e-06
   318  +32.0529215604     16411  +32.0527343750  -1.872e-04
   319  +32.0082516286     16388  +32.0078125000  -4.391e-04
   320  +31.9636447666     16365  +31.9628906250  -7.541e-04
   321  +31.9191008851     16343  +31.9199218750  +8.210e-04
   322  +31.8746198951     16320  +31.8750000000  +3.801e-04
   323  +31.8302017074     16297  +31.8300781250  -1.236e-04
   324  +31.7858462333     16274  +31.7851562500  -6.900e-04
   325  +31.7415533839     16252  +31.7421875000  +6.341e-04
   326  +31.6973230706     16229  +31.6972656250  -5.745e-05
   327  +31.6531552049     16206  +31.6523437500  -8.115e-04
   328  +31.6090496984     16184  +31.6093750000  +3.253e-04
   329  +31.5650064629     16161  +31.5644531250  -5.533e-04
   330  +31.5210254103     16139  +31.5214843750  +4.590e-04
   331  +31.4771064524     16116  +31.4765625000  -5.440e-04
   332  +31.4332495015     16094  +31.4335937500  +3.442e-04
   333  +31.3894544697     16071  +31.3886718750  -7.826e-04
   334  +31.3457212695     16049  +31.3457031250  -1.814e-05
   335  +31.3020498133     16027  +31.3027343750  +6.846e-04
   336  +31.2584400137     16004  +31.2578125000  -6.275e-04
   337  +31.2148917834     15982  +31.2148437500  -4.803e-05
   338  +31.1714050354     15960  +31.1718750000  +4.700e-04
   339  +31.1279796825     15938  +31.1289062500  +9.266e-04
   340  +31.0846156380     15915  +31.0839843750  -6.313e-04
   341  +31.0413128150     15893  +31.0410156250  -2.972e-04
   342  +30.9980711268     15871  +30.9980468750  -2.425e-05
   343  +30.9548904870     15849  +30.9550781250  +1.876e-04
   344  +30.9117708091     15827  +30.9121093750  +3.386e-04
   345  +30.8687120068     15805  +30.8691406250  +4.286e-04
   346  +30.8257139940     15783  +30.8261718750  +4.579e-04
   347  +30.7827766847     15761  +30.7832031250  +4.264e-04
   348  +30.7398999929     15739  +30.7402343750  +3.344e-04
   349  +30.6970838327     15717  +30.6972656250  +1.818e-04
   350  +30.6543281187     15695  +30.6542968750  -3.124e-05
   351  +30.6116327651     15673  +30.6113281250  -3.046e-04
   352  +30.5689976865     15651  +30.5683593750  -6.383e-04
   353  +30.5264227977     15630  +30.5273437500  +9.210e-04
   354  +30.4839080134     15608  +30.4843750000  +4.670e-04
   355  +30.4414532485     15586  +30.4414062500  -4.700e-05
   356  +30.3990584182     15564  +30.3984375000  -6.209e-04
   357  +30.3567234375     15543  +30.3574218750  +6.984e-04
   358  +30.3144482218     15521  +30.3144531250  +4.903e-06
   359  +30.2722326864     15499  +30.2714843750  -7.483e-04
   360  +30.2300767469     15478  +30.2304687500  +3.920e-04
   361  +30.1879803190     15456  +30.1875000000  -4.803e-04
   362  +30.1459433183     15435  +30.1464843750  +5.411e-04
   363  +30.1039656608     15413  +30.1035156250  -4.500e-04
   364  +30.0620472625     15392  +30.0625000000  +4.527e-04
   365  +30.0201880394     15370  +30.0195312500  -6.568e-04
   366  +29.9783879079     15349  +29.9785156250  +1.277e-04
   367  +29.9366467843     15328  +29.9375000000  +8.532e-04
   368  +29.8949645850     15306  +29.8945312500  -4.333e-04
   369  +29.8533412267     15285  +29.8535156250  +1.744e-04
   370  +29.8117766261     15264  +29.8125000000  +7.234e-04
   371  +29.7702706999     15242  +29.7695312500  -7.394e-04
   372  +29.7288233652     15221  +29.7285156250  -3.077e-04
   373  +29.6874345389     15200  +29.6875000000  +6.546e-05
   374  +29.6461041384     15179  +29.6464843750  +3.802e-04
   375  +29.6048320808     15158  +29.6054687500  +6.367e-04
   376  +29.5636182836     15137  +29.5644531250  +8.348e-04
   377  +29.5224626643     15116  +29.5234375000  +9.748e-04
   378  +29.4813651406     15094  +29.4804687500  -8.964e-04
   379  +29.4403256302     15073  +29.4394531250  -8.725e-04
   380  +29.3993440510     15052  +29.3984375000  -9.066e-04
   381  +29.3584203210     15032  +29.3593750000  +9.547e-04
   382  +29.3175543583     15011  +29.3183593750  +8.050e-04
   383  +29.2767460811     14990  +29.2773437500  +5.977e-04
   384  +29.2359954079     14969  +29.2363281250  +3.327e-04
   385  +29.1953022569     14948  +29.1953125000  +1.024e-05
   386  +29.1546665469     14927  +29.1542968750  -3.697e-04
   387  +29.1140881965     14906  +29.1132812500  -8.069e-04
   388  +29.0735671245     14886  +29.0742187500  +6.516e-04
   389  +29.0331032498     14865  +29.0332031250  +9.988e-05
   390  +28.9926964914     14844  +28.9921875000  -5.090e-04
   391  +28.9523467685     14824  +28.9531250000  +7.782e-04
   392  +28.9120540004     14803  +28.9121093750  +5.537e-05
   393  +28.8718181064     14782  +28.8710937500  -7.244e-04
   394  +28.8316390060     14762  +28.8320312500  +3.922e-04
   395  +28.7915166189     14741  +28.7910156250  -5.010e-04
   396  +28.7514508647     14721  +28.7519531250  +5.023e-04
   397  +28.7114416632     14700  +28.7109375000  -5.042e-04
   398  +28.6714889345     14680  +28.6718750000  +3.861e-04
   399  +28.6315925985     14659  +28.6308593750  -7.332e-04
   400  +28.5917525754     14639  +28.5917968750  +4.430e-05
   401  +28.5519687855     14619  +28.5527343750  +7.656e-04
   402  +28.5122411493     14598  +28.5117187500  -5.224e-04
   403  +28.4725695872     14578  +28.4726562500  +8.666e-05
   404  +28.4329540197     14558  +28.4335937500  +6.397e-04
   405  +28.3933943678     14537  +28.3925781250  -8.162e-04
   406  +28.3538905521     14517  +28.3535156250  -3.749e-04
   407  +28.3144424937     14497  +28.3144531250  +1.063e-05
   408  +28.2750501136     14477  +28.2753906250  +3.405e-04
   409  +28.2357133330     14457  +28.2363281250  +6.148e-04
   410  +28.1964320732     14437  +28.1972656250  +8.336e-04
   411  +28.1572062556     14416  +28.1562500000  -9.563e-04
   412  +28.1180358017     14396  +28.1171875000  -8.483e-04
   413  +28.0789206330     14376  +28.0781250000  -7.956e-04
   414  +28.0398606715     14356  +28.0390625000  -7.982e-04
   415  +28.0008558388     14336  +28.0000000000  -8.558e-04
   416  +27.9619060570     14316  +27.9609375000  -9.686e-04
   417  +27.9230112481     14297  +27.9238281250  +8.169e-04
   418  +27.8841713342     14277  +27.8847656250  +5.943e-04
   419  +27.8453862378     14257  +27.8457031250  +3.169e-04
   420  +27.8066558810     14237  +27.8066406250  -1.526e-05
   421  +27.7679801866     14217  +27.7675781250  -4.021e-04
   422  +27.7293590770     14197  +27.7285156250  -8.435e-04
   423  +27.6907924750     14178  +27.6914062500  +6.138e-04
   424  +27.6522803035     14158  +27.6523437500  +6.345e-05
   425  +27.6138224853     14138  +27.6132812500  -5.412e-04
   426  +27.5754189435     14119  +27.5761718750  +7.529e-04
   427  +27.5370696013     14099  +27.5371093750  +3.977e-05
   428  +27.4987743819     14079  +27.4980468750  -7.275e-04
   429  +27.4605332088     14060  +27.4609375000  +4.043e-04
   430  +27.4223460053     14040  +27.4218750000  -4.710e-04
   431  +27.3842126952     14021  +27.3847656250  +5.529e-04
   432  +27.3461332020     14001  +27.3457031250  -4.301e-04
   433  +27.3081074496     13982  +27.3085937500  +4.863e-04
   434  +27.2701353619     13962  +27.2695312500  -6.041e-04
   435  +27.2322168629     13943  +27.2324218750  +2.050e-04
   436  +27.1943518768     13924  +27.1953125000  +9.606e-04
   437  +27.1565403277     13904  +27.1562500000  -2.903e-04
   438  +27.1187821401     13885  +27.1191406250  +3.585e-04
   439  +27.0810772384     13866  +27.0820312500  +9.540e-04
   440  +27.0434255471     13846  +27.0429687500  -4.568e-04
   441  +27.0058269910     13827  +27.0058593750  +3.238e-05
   442  +26.9682814946     13808  +26.9687500000  +4.685e-04
   443  +26.9307889831     13789  +26.9316406250  +8.516e-04
   444  +26.8933493812     13769  +26.8925781250  -7.713e-04
   445  +26.8559626142     13750  +26.8554687500  -4.939e-04
   446  +26.8186286072     13731  +26.8183593750  -2.692e-04
   447  +26.7813472855     13712  +26.7812500000  -9.729e-05
   448  +26.7441185745     13693  +26.7441406250  +2.205e-05
   449  +26.7069423997     13674  +26.7070312500  +8.885e-05
   450  +26.6698186867     13655  +26.6699218750  +1.032e-04
   451  +26.6327473614     13636  +26.6328125000  +6.514e-05
   452  +26.5957283493     13617  +26.5957031250  -2.522e-05
   453  +26.5587615767     13598  +26.5585937500  -1.678e-04
   454  +26.5218469693     13579  +26.5214843750  -3.626e-04
   455  +26.4849844534     13560  +26.4843750000  -6.095e-04
   456  +26.4481739553     13541  +26.4472656250  -9.083e-04
   457  +26.4114154012     13523  +26.4121093750  +6.940e-04
   458  +26.3747087177     13504  +26.3750000000  +2.913e-04
   459  +26.3380538312     13485  +26.3378906250  -1.632e-04
   460  +26.3014506685     13466  +26.3007812500  -6.694e-04
   461  +26.2648991563     13448  +26.2656250000  +7.258e-04
   462  +26.2283992215     13429  +26.2285156250  +1.164e-04
   463  +26.1919507910     13410  +26.1914062500  -5.445e-04
   464  +26.1555537919     13392  +26.1562500000  +6.962e-04
   465  +26.1192081513     13373  +26.1191406250  -6.753e-05
   466  +26.0829137967     13354  +26.0820312500  -8.825e-04
   467  +26.0466706553     13336  +26.0468750000  +2.043e-04
   468  +26.0104786546     13317  +26.0097656250  -7.130e-04
   469  +25.9743377223     13299  +25.9746093750  +2.717e-04
   470  +25.9382477859     13280  +25.9375000000  -7.478e-04
   471  +25.9022087734     13262  +25.9023437500  +1.350e-04
   472  +25.8662206125     13244  +25.8671875000  +9.669e-04
   473  +25.8302832313     13225  +25.8300781250  -2.051e-04
   474  +25.7943965579     13207  +25.7949218750  +5.253e-04
   475  +25.7585605205     13188  +25.7578125000  -7.480e-04
   476  +25.7227750473     13170  +25.7226562500  -1.188e-04
   477  +25.6870400668     13152  +25.6875000000  +4.599e-04
   478  +25.6513555075     13133  +25.6503906250  -9.649e-04
   479  +25.6157212979     13115  +25.6152343750  -4.869e-04
   480  +25.5801373669     13097  +25.5800781250  -5.924e-05
   481  +25.5446036431     13079  +25.5449218750  +3.182e-04
   482  +25.5091200555     13061  +25.5097656250  +6.456e-04
   483  +25.4736865331     13043  +25.4746093750  +9.228e-04
   484  +25.4383030050     13024  +25.4375000000  -8.030e-04
   485  +25.4029694004     13006  +25.4023437500  -6.257e-04
   486  +25.3676856486     12988  +25.3671875000  -4.981e-04
   487  +25.3324516790     12970  +25.3320312500  -4.204e-04
   488  +25.2972674211     12952  +25.2968750000  -3.924e-04
   489  +25.2621328045     12934  +25.2617187500  -4.141e-04
   490  +25.2270477590     12916  +25.2265625000  -4.853e-04
   491  +25.1920122143     12898  +25.1914062500  -6.060e-04
   492  +25.1570261003     12880  +25.1562500000  -7.761e-04
   493  +25.1220893471     12863  +25.1230468750  +9.575e-04
   494  +25.0872018847     12845  +25.0878906250  +6.887e-04
   495  +25.0523636433     12827  +25.0527343750  +3.707e-04
   496  +25.0175745532     12809  +25.0175781250  +3.572e-06
   497  +24.9828345449     12791  +24.9824218750  -4.127e-04
   498  +24.9481435488     12773  +24.9472656250  -8.779e-04
   499  +24.9135014954     12756  +24.9140625000  +5.610e-04
   500  +24.8789083156     12738  +24.8789062500  -2.066e-06
   501  +24.8443639401     12720  +24.8437500000  -6.139e-04
   502  +24.8098682997     12703  +24.8105468750  +6.786e-04
   503  +24.7754213255     12685  +24.7753906250  -3.070e-05
   504  +24.7410229485     12667  +24.7402343750  -7.886e-04
   505  +24.7066731000     12650  +24.7070312500  +3.582e-04
   506  +24.6723717111     12632  +24.6718750000  -4.967e-04
   507  +24.6381187133     12615  +24.6386718750  +5.532e-04
   508  +24.6039140380     12597  +24.6035156250  -3.984e-04
   509  +24.5697576168     12580  +24.5703125000  +5.549e-04
   510  +24.5356493813     12562  +24.5351562500  -4.931e-04
   511  +24.5015892634     12545  +24.5019531250  +3.639e-04
   512  +24.4675771949     12527  +24.4667968750  -7.803e-04
   513  +24.4336131076     12510  +24.4335937500  -1.936e-05
   514  +24.3996969338     12493  +24.4003906250  +6.937e-04
   515  +24.3658286054     12475  +24.3652343750  -5.942e-04
   516  +24.3320080549     12458  +24.3320312500  +2.320e-05
   517  +24.2982352144     12441  +24.2988281250  +5.929e-04
   518  +24.2645100164     12423  +24.2636718750  -8.381e-04
   519  +24.2308323935     12406  +24.2304687500  -3.636e-04
   520  +24.1972022782     12389  +24.1972656250  +6.335e-05
   521  +24.1636196033     12372  +24.1640625000  +4.429e-04
   522  +24.1300843017     12355  +24.1308593750  +7.751e-04
   523  +24.0965963061     12337  +24.0957031250  -8.932e-04
   524  +24.0631555496     12320  +24.0625000000  -6.555e-04
   525  +24.0297619654     12303  +24.0292968750  -4.651e-04
   526  +23.9964154865     12286  +23.9960937500  -3.217e-04
   527  +23.9631160463     12269  +23.9628906250  -2.254e-04
   528  +23.9298635782     12252  +23.9296875000  -1.761e-04
   529  +23.8966580156     12235  +23.8964843750  -1.736e-04
   530  +23.8634992921     12218  +23.8632812500  -2.180e-04
   531  +23.8303873414     12201  +23.8300781250  -3.092e-04
   532  +23.7973220971     12184  +23.7968750000  -4.471e-04
   533  +23.7643034932     12167  +23.7636718750  -6.316e-04
   534  +23.7313314637     12150  +23.7304687500  -8.627e-04
   535  +23.6984059424     12134  +23.6992187500  +8.128e-04
   536  +23.6655268637     12117  +23.6660156250  +4.888e-04
   537  +23.6326941616     12100  +23.6328125000  +1.183e-04
   538  +23.5999077705     12083  +23.5996093750  -2.984e-04
   539  +23.5671676248     12066  +23.5664062500  -7.614e-04
   540  +23.5344736590     12050  +23.5351562500  +6.826e-04
   541  +23.5018258077     12033  +23.5019531250  +1.273e-04
   542  +23.4692240056     12016  +23.4687500000  -4.740e-04
   543  +23.4366681875     12000  +23.4375000000  +8.318e-04
   544  +23.4041582882     11983  +23.4042968750  +1.386e-04
   545  +23.3716942426     11966  +23.3710937500  -6.005e-04
   546  +23.3392759860     11950  +23.3398437500  +5.678e-04
   547  +23.3069034532     11933  +23.3066406250  -2.628e-04
   548  +23.2745765797     11917  +23.2753906250  +8.140e-04
   549  +23.2422953008     11900  +23.2421875000  -1.078e-04
   550  +23.2100595518     11884  +23.2109375000  +8.779e-04
   551  +23.1778692683     11867  +23.1777343750  -1.349e-04
   552  +23.1457243859     11851  +23.1464843750  +7.600e-04
   553  +23.1136248402     11834  +23.1132812500  -3.436e-04
   554  +23.0815705671     11818  +23.0820312500  +4.607e-04
   555  +23.0495615024     11801  +23.0488281250  -7.334e-04
   556  +23.0175975821     11785  +23.0175781250  -1.946e-05
   557  +22.9856787422     11769  +22.9863281250  +6.494e-04
   558  +22.9538049189     11752  +22.9531250000  -6.799e-04
   559  +22.9219760484     11736  +22.9218750000  -1.010e-04
   560  +22.8901920671     11720  +22.8906250000  +4.329e-04
   561  +22.8584529113     11704  +22.8593750000  +9.221e-04
   562  +22.8267585176     11687  +22.8261718750  -5.866e-04
   563  +22.7951088225     11671  +22.7949218750  -1.869e-04
   564  +22.7635037628     11655  +22.7636718750  +1.681e-04
   565  +22.7319432751     11639  +22.7324218750  +4.786e-04
   566  +22.7004272965     11623  +22.7011718750  +7.446e-04
   567  +22.6689557638     11607  +22.6699218750  +9.661e-04
   568  +22.6375286140     11590  +22.6367187500  -8.099e-04
   569  +22.6061457844     11574  +22.6054687500  -6.770e-04
   570  +22.5748072120     11558  +22.5742187500  -5.885e-04
   571  +22.5435128343     11542  +22.5429687500  -5.441e-04
   572  +22.5122625886     11526  +22.5117187500  -5.438e-04
   573  +22.4810564123     11510  +22.4804687500  -5.877e-04
   574  +22.4498942432     11494  +22.4492187500  -6.755e-04
   575  +22.4187760187     11478  +22.4179687500  -8.073e-04
   576  +22.3877016768     11463  +22.3886718750  +9.702e-04
   577  +22.3566711552     11447  +22.3574218750  +7.507e-04
   578  +22.3256843918     11431  +22.3261718750  +4.875e-04
   579  +22.2947413246     11415  +22.2949218750  +1.806e-04
   580  +22.2638418918     11399  +22.2636718750  -1.700e-04
   581  +22.2329860315     11383  +22.2324218750  -5.642e-04
   582  +22.2021736821     11368  +22.2031250000  +9.513e-04
   583  +22.1714047818     11352  +22.1718750000  +4.702e-04
   584  +22.1406792691     11336  +22.1406250000  -5.427e-05
   585  +22.1099970826     11320  +22.1093750000  -6.221e-04
   586  +22.0793581608     11305  +22.0800781250  +7.200e-04
   587  +22.0487624425     11289  +22.0488281250  +6.568e-05
   588  +22.0182098665     11273  +22.0175781250  -6.317e-04
   589  +21.9877003717     11258  +21.9882812500  +5.809e-04
   590  +21.9572338970     11242  +21.9570312500  -2.026e-04
   591  +21.9268103814     11227  +21.9277343750  +9.240e-04
   592  +21.8964297642     11211  +21.8964843750  +5.461e-05
   593  +21.8660919845     11195  +21.8652343750  -8.576e-04
   594  +21.8357969816     11180  +21.8359375000  +1.405e-04
   595  +21.8055446951     11164  +21.8046875000  -8.572e-04
   596  +21.7753350642     11149  +21.7753906250  +5.556e-05
   597  +21.7451680287     11134  +21.7460937500  +9.257e-04
   598  +21.7150435281     11118  +21.7148437500  -1.998e-04
   599  +21.6849615022     11103  +21.6855468750  +5.854e-04
   600  +21.6549218908     11087  +21.6542968750  -6.250e-04
   601  +21.6249246338     11072  +21.6250000000  +7.537e-05
   602  +21.5949696713     11057  +21.5957031250  +7.335e-04
   603  +21.5650569432     11041  +21.5644531250  -6.038e-04
   604  +21.5351863898     11026  +21.5351562500  -3.014e-05
   605  +21.5053579514     11011  +21.5058593750  +5.014e-04
   606  +21.4755715681     10995  +21.4746093750  -9.622e-04
   607  +21.4458271806     10980  +21.4453125000  -5.147e-04
   608  +21.4161247291     10965  +21.4160156250  -1.091e-04
   609  +21.3864641545     10950  +21.3867187500  +2.546e-04
   610  +21.3568453972     10935  +21.3574218750  +5.765e-04
   611  +21.3272683981     10920  +21.3281250000  +8.566e-04
   612  +21.2977330980     10904  +21.2968750000  -8.581e-04
   613  +21.2682394378     10889  +21.2675781250  -6.613e-04
   614  +21.2387873585     10874  +21.2382812500  -5.061e-04
   615  +21.2093768012     10859  +21.2089843750  -3.924e-04
   616  +21.1800077071     10844  +21.1796875000  -3.202e-04
   617  +21.1506800174     10829  +21.1503906250  -2.894e-04
   618  +21.1213936735     10814  +21.1210937500  -2.999e-04
   619  +21.0921486168     10799  +21.0917968750  -3.517e-04
   620  +21.0629447887     10784  +21.0625000000  -4.448e-04
   621  +21.0337821309     10769  +21.0332031250  -5.790e-04
   622  +21.0046605850     10754  +21.0039062500  -7.543e-04
   623  +20.9755800928     10739  +20.9746093750  -9.707e-04
   624  +20.9465405961     10725  +20.9472656250  +7.250e-04
   625  +20.9175420368     10710  +20.9179687500  +4.267e-04
   626  +20.8885843570     10695  +20.8886718750  +8.752e-05
   627  +20.8596674986     10680  +20.8593750000  -2.925e-04
   628  +20.8307914038     10665  +20.8300781250  -7.133e-04
   629  +20.8019560150     10651  +20.8027343750  +7.784e-04
   630  +20.7731612743     10636  +20.7734375000  +2.762e-04
   631  +20.7444071243     10621  +20.7441406250  -2.665e-04
   632  +20.7156935073     10606  +20.7148437500  -8.498e-04
   633  +20.6870203661     10592  +20.6875000000  +4.796e-04
   634  +20.6583876431     10577  +20.6582031250  -1.845e-04
   635  +20.6297952811     10562  +20.6289062500  -8.890e-04
   636  +20.6012432230     10548  +20.6015625000  +3.193e-04
   637  +20.5727314116     10533  +20.5722656250  -4.658e-04
   638  +20.5442597900     10519  +20.5449218750  +6.621e-04
   639  +20.5158283010     10504  +20.5156250000  -2.033e-04
   640  +20.4874368880     10490  +20.4882812500  +8.444e-04
   641  +20.4590854940     10475  +20.4589843750  -1.011e-04
   642  +20.4307740624     10461  +20.4316406250  +8.666e-04
   643  +20.4025025366     10446  +20.4023437500  -1.588e-04
   644  +20.3742708600     10432  +20.3750000000  +7.291e-04
   645  +20.3460789761     10417  +20.3457031250  -3.759e-04
   646  +20.3179268286     10403  +20.3183593750  +4.325e-04
   647  +20.2898143610     10388  +20.2890625000  -7.519e-04
   648  +20.2617415173     10374  +20.2617187500  -2.277e-05
   649  +20.2337082413     10360  +20.2343750000  +6.668e-04
   650  +20.2057144768     10345  +20.2050781250  -6.364e-04
   651  +20.1777601679     10331  +20.1777343750  -2.579e-05
   652  +20.1498452587     10317  +20.1503906250  +5.454e-04
   653  +20.1219696934     10302  +20.1210937500  -8.759e-04
   654  +20.0941334161     10288  +20.0937500000  -3.834e-04
   655  +20.0663363712     10274  +20.0664062500  +6.988e-05
   656  +20.0385785032     10260  +20.0390625000  +4.840e-04
   657  +20.0108597564     10246  +20.0117187500  +8.590e-04
   658  +19.9831800755     10231  +19.9824218750  -7.582e-04
   659  +19.9555394051     10217  +19.9550781250  -4.613e-04
   660  +19.9279376898     10203  +19.9277343750  -2.033e-04
   661  +19.9003748746     10189  +19.9003906250  +1.575e-05
   662  +19.8728509043     10175  +19.8730468750  +1.960e-04
   663  +19.8453657237     10161  +19.8457031250  +3.374e-04
   664  +19.8179192780     10147  +19.8183593750  +4.401e-04
   665  +19.7905115122     10133  +19.7910156250  +5.041e-04
   666  +19.7631423716     10119  +19.7636718750  +5.295e-04
   667  +19.7358118013     10105  +19.7363281250  +5.163e-04
   668  +19.7085197468     10091  +19.7089843750  +4.646e-04
   669  +19.6812661534     10077  +19.6816406250  +3.745e-04
   670  +19.6540509666     10063  +19.6542968750  +2.459e-04
   671  +19.6268741321     10049  +19.6269531250  +7.899e-05
   672  +19.5997355953     10035  +19.5996093750  -1.262e-04
   673  +19.5726353022     10021  +19.5722656250  -3.697e-04
   674  +19.5455731983     10007  +19.5449218750  -6.513e-04
   675  +19.5185492298      9993  +19.5175781250  -9.711e-04
   676  +19.4915633424      9980  +19.4921875000  +6.242e-04
   677  +19.4646154822      9966  +19.4648437500  +2.283e-04
   678  +19.4377055953      9952  +19.4375000000  -2.056e-04
   679  +19.4108336279      9938  +19.4101562500  -6.774e-04
   680  +19.3839995263      9925  +19.3847656250  +7.661e-04
   681  +19.3572032367      9911  +19.3574218750  +2.186e-04
   682  +19.3304447056      9897  +19.3300781250  -3.666e-04
   683  +19.3037238795      9884  +19.3046875000  +9.636e-04
   684  +19.2770407049      9870  +19.2773437500  +3.030e-04
   685  +19.2503951285      9856  +19.2500000000  -3.951e-04
   686  +19.2237870970      9843  +19.2246093750  +8.223e-04
   687  +19.1972165571      9829  +19.1972656250  +4.907e-05
   688  +19.1706834557      9815  +19.1699218750  -7.616e-04
   689  +19.1441877398      9802  +19.1445312500  +3.435e-04
   690  +19.1177293563      9788  +19.1171875000  -5.419e-04
   691  +19.0913082523      9775  +19.0917968750  +4.886e-04
   692  +19.0649243751      9761  +19.0644531250  -4.713e-04
   693  +19.0385776718      9748  +19.0390625000  +4.848e-04
   694  +19.0122680897      9734  +19.0117187500  -5.493e-04
   695  +18.9859955763      9721  +18.9863281250  +3.325e-04
   696  +18.9597600789      9707  +18.9589843750  -7.757e-04
   697  +18.9335615452      9694  +18.9335937500  +3.220e-05
   698  +18.9073999227      9681  +18.9082031250  +8.032e-04
   699  +18.8812751590      9667  +18.8808593750  -4.158e-04
   700  +18.8551872020      9654  +18.8554687500  +2.815e-04
   701  +18.8291359995      9641  +18.8300781250  +9.421e-04
   702  +18.8031214994      9627  +18.8027343750  -3.871e-04
   703  +18.7771436496      9614  +18.7773437500  +2.001e-04
   704  +18.7512023982      9601  +18.7519531250  +7.507e-04
   705  +18.7252976933      9587  +18.7246093750  -6.883e-04
   706  +18.6994294831      9574  +18.6992187500  -2.107e-04
   707  +18.6735977159      9561  +18.6738281250  +2.304e-04
   708  +18.6478023400      9548  +18.6484375000  +6.352e-04
   709  +18.6220433038      9534  +18.6210937500  -9.496e-04
   710  +18.5963205559      9521  +18.5957031250  -6.174e-04
   711  +18.5706340447      9508  +18.5703125000  -3.215e-04
   712  +18.5449837189      9495  +18.5449218750  -6.184e-05
   713  +18.5193695273      9482  +18.5195312500  +1.617e-04
   714  +18.4937914185      9469  +18.4941406250  +3.492e-04
   715  +18.4682493415      9456  +18.4687500000  +5.007e-04
   716  +18.4427432451      9443  +18.4433593750  +6.161e-04
   717  +18.4172730783      9430  +18.4179687500  +6.957e-04
   718  +18.3918387903      9417  +18.3925781250  +7.393e-04
   719  +18.3664403301      9404  +18.3671875000  +7.472e-04
   720  +18.3410776469      9391  +18.3417968750  +7.192e-04
   721  +18.3157506901      9378  +18.3164062500  +6.556e-04
   722  +18.2904594090      9365  +18.2910156250  +5.562e-04
   723  +18.2652037529      9352  +18.2656250000  +4.212e-04
   724  +18.2399836715      9339  +18.2402343750  +2.507e-04
   725  +18.2147991143      9326  +18.2148437500  +4.464e-05
   726  +18.1896500308      9313  +18.1894531250  -1.969e-04
   727  +18.1645363709      9300  +18.1640625000  -4.739e-04
   728  +18.1394580843      9287  +18.1386718750  -7.862e-04
   729  +18.1144151208      9275  +18.1152343750  +8.193e-04
   730  +18.0894074304      9262  +18.0898437500  +4.363e-04
   731  +18.0644349630      9249  +18.0644531250  +1.816e-05
   732  +18.0394976687      9236  +18.0390625000  -4.352e-04
   733  +18.0145954977      9223  +18.0136718750  -9.236e-04
   734  +17.9897284002      9211  +17.9902343750  +5.060e-04
   735  +17.9648963263      9198  +17.9648437500  -5.258e-05
   736  +17.9400992266      9185  +17.9394531250  -6.461e-04
   737  +17.9153370513      9173  +17.9160156250  +6.786e-04
   738  +17.8906097510      9160  +17.8906250000  +1.525e-05
   739  +17.8659172762      9147  +17.8652343750  -6.829e-04
   740  +17.8412595776      9135  +17.8417968750  +5.373e-04
   741  +17.8166366058      9122  +17.8164062500  -2.304e-04
   742  +17.7920483115      9110  +17.7929687500  +9.204e-04
   743  +17.7674946458      9097  +17.7675781250  +8.348e-05
   744  +17.7429755593      9084  +17.7421875000  -7.881e-04
   745  +17.7184910032      9072  +17.7187500000  +2.590e-04
   746  +17.6940409284      9059  +17.6933593750  -6.816e-04
   747  +17.6696252861      9047  +17.6699218750  +2.966e-04
   748  +17.6452440273      9034  +17.6445312500  -7.128e-04
   749  +17.6208971035      9022  +17.6210937500  +1.966e-04
   750  +17.5965844659      9009  +17.5957031250  -8.813e-04
   751  +17.5723060658      8997  +17.5722656250  -4.044e-05
   752  +17.5480618548      8985  +17.5488281250  +7.663e-04
   753  +17.5238517843      8972  +17.5234375000  -4.143e-04
   754  +17.4996758060      8960  +17.5000000000  +3.242e-04
   755  +17.4755338715      8947  +17.4746093750  -9.245e-04
   756  +17.4514259325      8935  +17.4511718750  -2.541e-04
   757  +17.4273519408      8923  +17.4277343750  +3.824e-04
   758  +17.4033118484      8910  +17.4023437500  -9.681e-04
   759  +17.3793056070      8898  +17.3789062500  -3.994e-04
   760  +17.3553331688      8886  +17.3554687500  +1.356e-04
   761  +17.3313944857      8874  +17.3320312500  +6.368e-04
   762  +17.3074895100      8861  +17.3066406250  -8.489e-04
   763  +17.2836181938      8849  +17.2832031250  -4.151e-04
   764  +17.2597804894      8837  +17.2597656250  -1.486e-05
   765  +17.2359763491      8825  +17.2363281250  +3.518e-04
   766  +17.2122057253      8813  +17.2128906250  +6.849e-04
   767  +17.1884685705      8800  +17.1875000000  -9.686e-04
   768  +17.1647648373      8788  +17.1640625000  -7.023e-04
   769  +17.1410944782      8776  +17.1406250000  -4.695e-04
   770  +17.1174574460      8764  +17.1171875000  -2.699e-04
   771  +17.0938536933      8752  +17.0937500000  -1.037e-04
   772  +17.0702831730      8740  +17.0703125000  +2.933e-05
   773  +17.0467458379      8728  +17.0468750000  +1.292e-04
   774  +17.0232416409      8716  +17.0234375000  +1.959e-04
   775  +16.9997705352      8704  +17.0000000000  +2.295e-04
   776  +16.9763324737      8692  +16.9765625000  +2.300e-04
   777  +16.9529274096      8680  +16.9531250000  +1.976e-04
   778  +16.9295552961      8668  +16.9296875000  +1.322e-04
   779  +16.9062160865      8656  +16.9062500000  +3.391e-05
   780  +16.8829097340      8644  +16.8828125000  -9.723e-05
   781  +16.8596361922      8632  +16.8593750000  -2.612e-04
   782  +16.8363954144      8620  +16.8359375000  -4.579e-04
   783  +16.8131873542      8608  +16.8125000000  -6.874e-04
   784  +16.7900119653      8596  +16.7890625000  -9.495e-04
   785  +16.7668692012      8585  +16.7675781250  +7.089e-04
   786  +16.7437590157      8573  +16.7441406250  +3.816e-04
   787  +16.7206813625      8561  +16.7207031250  +2.176e-05
   788  +16.6976361957      8549  +16.6972656250  -3.706e-04
   789  +16.6746234690      8537  +16.6738281250  -7.953e-04
   790  +16.6516431365      8526  +16.6523437500  +7.006e-04
   791  +16.6286951522      8514  +16.6289062500  +2.111e-04
   792  +16.6057794702      8502  +16.6054687500  -3.107e-04
   793  +16.5828960448      8490  +16.5820312500  -8.648e-04
   794  +16.5600448302      8479  +16.5605468750  +5.020e-04
   795  +16.5372257807      8467  +16.5371093750  -1.164e-04
   796  +16.5144388506      8455  +16.5136718750  -7.670e-04
   797  +16.4916839944      8444  +16.4921875000  +5.035e-04
   798  +16.4689611667      8432  +16.4687500000  -2.112e-04
   799  +16.4462703220      8420  +16.4453125000  -9.578e-04
   800  +16.4236114149      8409  +16.4238281250  +2.167e-04
   801  +16.4009844001      8397  +16.4003906250  -5.938e-04
   802  +16.3783892324      8386  +16.3789062500  +5.170e-04
   803  +16.3558258667      8374  +16.3554687500  -3.571e-04
   804  +16.3332942578      8363  +16.3339843750  +6.901e-04
   805  +16.3107943606      8351  +16.3105468750  -2.475e-04
   806  +16.2883261302      8340  +16.2890625000  +7.364e-04
   807  +16.2658895218      8328  +16.2656250000  -2.645e-04
   808  +16.2434844903      8317  +16.2441406250  +6.561e-04
   809  +16.2211109910      8305  +16.2207031250  -4.079e-04
   810  +16.1987689793      8294  +16.1992187500  +4.498e-04
   811  +16.1764584104      8282  +16.1757812500  -6.772e-04
   812  +16.1541792397      8271  +16.1542968750  +1.176e-04
   813  +16.1319314227      8260  +16.1328125000  +8.811e-04
   814  +16.1097149149      8248  +16.1093750000  -3.399e-04
   815  +16.0875296720      8237  +16.0878906250  +3.610e-04
   816  +16.0653756495      8225  +16.0644531250  -9.225e-04
   817  +16.0432528031      8214  +16.0429687500  -2.841e-04
   818  +16.0211610888      8203  +16.0214843750  +3.233e-04
   819  +15.9991004622      8192  +16.0000000000  +8.995e-04
   820  +15.9770708792      8180  +15.9765625000  -5.084e-04
   821  +15.9550722959      8169  +15.9550781250  +5.829e-06
   822  +15.9331046683      8158  +15.9335937500  +4.891e-04
   823  +15.9111679525      8147  +15.9121093750  +9.414e-04
   824  +15.8892621045      8135  +15.8886718750  -5.902e-04
   825  +15.8673870807      8124  +15.8671875000  -1.996e-04
   826  +15.8455428372      8113  +15.8457031250  +1.603e-04
   827  +15.8237293305      8102  +15.8242187500  +4.894e-04
   828  +15.8019465168      8091  +15.8027343750  +7.879e-04
   829  +15.7801943528      8079  +15.7792968750  -8.975e-04
   830  +15.7584727948      8068  +15.7578125000  -6.603e-04
   831  +15.7367817995      8057  +15.7363281250  -4.537e-04
   832  +15.7151213235      8046  +15.7148437500  -2.776e-04
   833  +15.6934913235      8035  +15.6933593750  -1.319e-04
   834  +15.6718917563      8024  +15.6718750000  -1.676e-05
   835  +15.6503225787      8013  +15.6503906250  +6.805e-05
   836  +15.6287837476      8002  +15.6289062500  +1.225e-04
   837  +15.6072752199      7991  +15.6074218750  +1.467e-04
   838  +15.5857969526      7980  +15.5859375000  +1.405e-04
   839  +15.5643489029      7969  +15.5644531250  +1.042e-04
   840  +15.5429310277      7958  +15.5429687500  +3.772e-05
   841  +15.5215432844      7947  +15.5214843750  -5.891e-05
   842  +15.5001856302      7936  +15.5000000000  -1.856e-04
   843  +15.4788580224      7925  +15.4785156250  -3.424e-04
   844  +15.4575604183      7914  +15.4570312500  -5.292e-04
   845  +15.4362927754      7903  +15.4355468750  -7.459e-04
   846  +15.4150550511      7893  +15.4160156250  +9.606e-04
   847  +15.3938472031      7882  +15.3945312500  +6.840e-04
   848  +15.3726691889      7871  +15.3730468750  +3.777e-04
   849  +15.3515209662      7860  +15.3515625000  +4.153e-05
   850  +15.3304024927      7849  +15.3300781250  -3.244e-04
   851  +15.3093137263      7838  +15.3085937500  -7.200e-04
   852  +15.2882546247      7828  +15.2890625000  +8.079e-04
   853  +15.2672251459      7817  +15.2675781250  +3.530e-04
   854  +15.2462252478      7806  +15.2460937500  -1.315e-04
   855  +15.2252548885      7795  +15.2246093750  -6.455e-04
   856  +15.2043140261      7785  +15.2050781250  +7.641e-04
   857  +15.1834026187      7774  +15.1835937500  +1.911e-04
   858  +15.1625206245      7763  +15.1621093750  -4.112e-04
   859  +15.1416680017      7753  +15.1425781250  +9.101e-04
   860  +15.1208447087      7742  +15.1210937500  +2.490e-04
   861  +15.1000507040      7731  +15.0996093750  -4.413e-04
   862  +15.0792859458      7721  +15.0800781250  +7.922e-04
   863  +15.0585503927      7710  +15.0585937500  +4.336e-05
   864  +15.0378440034      7699  +15.0371093750  -7.346e-04
   865  +15.0171667363      7689  +15.0175781250  +4.114e-04
   866  +14.9965185501      7678  +14.9960937500  -4.248e-04
   867  +14.9758994037      7668  +14.9765625000  +6.631e-04
   868  +14.9553092557      7657  +14.9550781250  -2.311e-04
   869  +14.9347480651      7647  +14.9355468750  +7.988e-04
   870  +14.9142157907      7636  +14.9140625000  -1.533e-04
   871  +14.8937123915      7626  +14.8945312500  +8.189e-04
   872  +14.8732378266      7615  +14.8730468750  -1.910e-04
   873  +14.8527920549      7605  +14.8535156250  +7.236e-04
   874  +14.8323750357      7594  +14.8320312500  -3.438e-04
   875  +14.8119867282      7584  +14.8125000000  +5.133e-04
   876  +14.7916270915      7573  +14.7910156250  -6.115e-04
   877  +14.7712960851      7563  +14.7714843750  +1.883e-04
   878  +14.7509936682      7553  +14.7519531250  +9.595e-04
   879  +14.7307198003      7542  +14.7304687500  -2.511e-04
   880  +14.7104744410      7532  +14.7109375000  +4.631e-04
   881  +14.6902575496      7521  +14.6894531250  -8.044e-04
   882  +14.6700690859      7511  +14.6699218750  -1.472e-04
   883  +14.6499090094      7501  +14.6503906250  +4.816e-04
   884  +14.6297772800      7490  +14.6289062500  -8.710e-04
   885  +14.6096738573      7480  +14.6093750000  -2.989e-04
   886  +14.5895987012      7470  +14.5898437500  +2.450e-04
   887  +14.5695517716      7460  +14.5703125000  +7.607e-04
   888  +14.5495330283      7449  +14.5488281250  -7.049e-04
   889  +14.5295424315      7439  +14.5292968750  -2.456e-04
   890  +14.5095799411      7429  +14.5097656250  +1.857e-04
   891  +14.4896455173      7419  +14.4902343750  +5.889e-04
   892  +14.4697391202      7409  +14.4707031250  +9.640e-04
   893  +14.4498607101      7398  +14.4492187500  -6.420e-04
   894  +14.4300102472      7388  +14.4296875000  -3.227e-04
   895  +14.4101876919      7378  +14.4101562500  -3.144e-05
   896  +14.3903930044      7368  +14.3906250000  +2.320e-04
   897  +14.3706261454      7358  +14.3710937500  +4.676e-04
   898  +14.3508870753      7348  +14.3515625000  +6.754e-04
   899  +14.3311757546      7338  +14.3320312500  +8.555e-04
   900  +14.3114921440      7327  +14.3105468750  -9.453e-04
   901  +14.2918362041      7317  +14.2910156250  -8.206e-04
   902  +14.2722078957      7307  +14.2714843750  -7.235e-04
   903  +14.2526071795      7297  +14.2519531250  -6.541e-04
   904  +14.2330340163      7287  +14.2324218750  -6.121e-04
   905  +14.2134883671      7277  +14.2128906250  -5.977e-04
   906  +14.1939701929      7267  +14.1933593750  -6.108e-04
   907  +14.1744794545      7257  +14.1738281250  -6.513e-04
   908  +14.1550161130      7247  +14.1542968750  -7.192e-04
   909  +14.1355801296      7237  +14.1347656250  -8.145e-04
   910  +14.1161714655      7227  +14.1152343750  -9.371e-04
   911  +14.0967900818      7218  +14.0976562500  +8.662e-04
   912  +14.0774359398      7208  +14.0781250000  +6.891e-04
   913  +14.0581090008      7198  +14.0585937500  +4.847e-04
   914  +14.0388092263      7188  +14.0390625000  +2.533e-04
   915  +14.0195365777      7178  +14.0195312500  -5.328e-06
   916  +14.0002910164      7168  +14.0000000000  -2.910e-04
   917  +13.9810725040      7158  +13.9804687500  -6.038e-04
   918  +13.9618810021      7148  +13.9609375000  -9.435e-04
   919  +13.9427164724      7139  +13.9433593750  +6.429e-04
   920  +13.9235788766      7129  +13.9238281250  +2.492e-04
   921  +13.9044681764      7119  +13.9042968750  -1.713e-04
   922  +13.8853843337      7109  +13.8847656250  -6.187e-04
   923  +13.8663273103      7100  +13.8671875000  +8.602e-04
   924  +13.8472970681      7090  +13.8476562500  +3.592e-04
   925  +13.8282935692      7080  +13.8281250000  -1.686e-04
   926  +13.8093167755      7070  +13.8085937500  -7.230e-04
   927  +13.7903666492      7061  +13.7910156250  +6.490e-04
   928  +13.7714431523      7051  +13.7714843750  +4.122e-05
   929  +13.7525462472      7041  +13.7519531250  -5.931e-04
   930  +13.7336758960      7032  +13.7343750000  +6.991e-04
   931  +13.7148320609      7022  +13.7148437500  +1.169e-05
   932  +13.6960147045      7012  +13.6953125000  -7.022e-04
   933  +13.6772237891      7003  +13.6777343750  +5.106e-04
   934  +13.6584592771      6993  +13.6582031250  -2.562e-04
   935  +13.6397211310      6984  +13.6406250000  +9.039e-04
   936  +13.6210093135      6974  +13.6210937500  +8.444e-05
   937  +13.6023237872      6964  +13.6015625000  -7.613e-04
   938  +13.5836645146      6955  +13.5839843750  +3.199e-04
   939  +13.5650314585      6945  +13.5644531250  -5.783e-04
   940  +13.5464245818      6936  +13.5468750000  +4.504e-04
   941  +13.5278438472      6926  +13.5273437500  -5.001e-04
   942  +13.5092892176      6917  +13.5097656250  +4.764e-04
   943  +13.4907606560      6907  +13.4902343750  -5.263e-04
   944  +13.4722581253      6898  +13.4726562500  +3.981e-04
   945  +13.4537815886      6888  +13.4531250000  -6.566e-04
   946  +13.4353310090      6879  +13.4355468750  +2.159e-04
   947  +13.4169063495      6869  +13.4160156250  -8.907e-04
   948  +13.3985075735      6860  +13.3984375000  -7.007e-05
   949  +13.3801346441      6851  +13.3808593750  +7.247e-04
   950  +13.3617875247      6841  +13.3613281250  -4.594e-04
   951  +13.3434661785      6832  +13.3437500000  +2.838e-04
   952  +13.3251705691      6822  +13.3242187500  -9.518e-04
   953  +13.3069006598      6813  +13.3066406250  -2.600e-04
   954  +13.2886564141      6804  +13.2890625000  +4.061e-04
   955  +13.2704377957      6794  +13.2695312500  -9.065e-04
   956  +13.2522447680      6785  +13.2519531250  -2.916e-04
   957  +13.2340772949      6776  +13.2343750000  +2.977e-04
   958  +13.2159353400      6767  +13.2167968750  +8.615e-04
   959  +13.1978188670      6757  +13.1972656250  -5.532e-04
   960  +13.1797278397      6748  +13.1796875000  -4.034e-05
   961  +13.1616622221      6739  +13.1621093750  +4.472e-04
   962  +13.1436219780      6730  +13.1445312500  +9.093e-04
   963  +13.1256070715      6720  +13.1250000000  -6.071e-04
   964  +13.1076174664      6711  +13.1074218750  -1.956e-04
   965  +13.0896531270      6702  +13.0898437500  +1.906e-04
   966  +13.0717140172      6693  +13.0722656250  +5.516e-04
   967  +13.0538001014      6684  +13.0546875000  +8.874e-04
   968  +13.0359113436      6674  +13.0351562500  -7.551e-04
   969  +13.0180477082      6665  +13.0175781250  -4.696e-04
   970  +13.0002091595      6656  +13.0000000000  -2.092e-04
   971  +12.9823956619      6647  +12.9824218750  +2.621e-05
   972  +12.9646071797      6638  +12.9648437500  +2.366e-04
   973  +12.9468436775      6629  +12.9472656250  +4.219e-04
   974  +12.9291051198      6620  +12.9296875000  +5.824e-04
   975  +12.9113914711      6611  +12.9121093750  +7.179e-04
   976  +12.8937026961      6602  +12.8945312500  +8.286e-04
   977  +12.8760387594      6593  +12.8769531250  +9.144e-04
   978  +12.8583996258      6584  +12.8593750000  +9.754e-04
   979  +12.8407852600      6574  +12.8398437500  -9.415e-04
   980  +12.8231956268      6565  +12.8222656250  -9.300e-04
   981  +12.8056306912      6556  +12.8046875000  -9.432e-04
   982  +12.7880904180      6548  +12.7890625000  +9.721e-04
   983  +12.7705747722      6539  +12.7714843750  +9.096e-04
   984  +12.7530837189      6530  +12.7539062500  +8.225e-04
   985  +12.7356172231      6521  +12.7363281250  +7.109e-04
   986  +12.7181752498      6512  +12.7187500000  +5.748e-04
   987  +12.7007577644      6503  +12.7011718750  +4.141e-04
   988  +12.6833647320      6494  +12.6835937500  +2.290e-04
   989  +12.6659961178      6485  +12.6660156250  +1.951e-05
   990  +12.6486518872      6476  +12.6484375000  -2.144e-04
   991  +12.6313320056      6467  +12.6308593750  -4.726e-04
   992  +12.6140364383      6458  +12.6132812500  -7.552e-04
   993  +12.5967651508      6450  +12.5976562500  +8.911e-04
   994  +12.5795181086      6441  +12.5800781250  +5.600e-04
   995  +12.5622952774      6432  +12.5625000000  +2.047e-04
   996  +12.5450966226      6423  +12.5449218750  -1.747e-04
   997  +12.5279221100      6414  +12.5273437500  -5.784e-04
   998  +12.5107717052      6406  +12.5117187500  +9.470e-04
   999  +12.4936453740      6397  +12.4941406250  +4.953e-04
  1000  +12.4765430823      6388  +12.4765625000  +1.942e-05
  1001  +12.4594647958      6379  +12.4589843750  -4.804e-04
  1002  +12.4424104804      6371  +12.4433593750  +9.489e-04
  1003  +12.4253801022      6362  +12.4257812500  +4.011e-04
  1004  +12.4083736270      6353  +12.4082031250  -1.705e-04
  1005  +12.3913910209      6344  +12.3906250000  -7.660e-04
  1006  +12.3744322501      6336  +12.3750000000  +5.677e-04
  1007  +12.3574972807      6327  +12.3574218750  -7.541e-05
  1008  +12.3405860788      6318  +12.3398437500  -7.423e-04
  1009  +12.3236986106      6310  +12.3242187500  +5.201e-04
  1010  +12.3068348426      6301  +12.3066406250  -1.942e-04
  1011  +12.2899947409      6292  +12.2890625000  -9.322e-04
  1012  +12.2731782719      6284  +12.2734375000  +2.592e-04
  1013  +12.2563854022      6275  +12.2558593750  -5.260e-04
  1014  +12.2396160981      6267  +12.2402343750  +6.183e-04
  1015  +12.2228703262      6258  +12.2226562500  -2.141e-04
  1016  +12.2061480530      6250  +12.2070312500  +8.832e-04
  1017  +12.1894492452      6241  +12.1894531250  +3.880e-06
  1018  +12.1727738694      6232  +12.1718750000  -8.989e-04
  1019  +12.1561218923      6224  +12.1562500000  +1.281e-04
  1020  +12.1394932807      6215  +12.1386718750  -8.214e-04
  1021  +12.1228880013      6207  +12.1230468750  +1.589e-04
  1022  +12.1063060211      6198  +12.1054687500  -8.373e-04
  1023  +12.0897473069      6190  +12.0898437500  +9.644e-05
  1024  +12.0732118256      6181  +12.0722656250  -9.462e-04
  1025  +12.0566995443      6173  +12.0566406250  -5.892e-05
  1026  +12.0402104300      6165  +12.0410156250  +8.052e-04
  1027  +12.0237444497      6156  +12.0234375000  -3.069e-04
  1028  +12.0073015706      6148  +12.0078125000  +5.109e-04
  1029  +11.9908817599      6139  +11.9902343750  -6.474e-04
  1030  +11.9744849847      6131  +11.9746093750  +1.244e-04
  1031  +11.9581112124      6123  +11.9589843750  +8.732e-04
  1032  +11.9417604102      6114  +11.9414062500  -3.542e-04
  1033  +11.9254325456      6106  +11.9257812500  +3.487e-04
  1034  +11.9091275858      6097  +11.9082031250  -9.245e-04
  1035  +11.8928454985      6089  +11.8925781250  -2.674e-04
  1036  +11.8765862510      6081  +11.8769531250  +3.669e-04
  1037  +11.8603498109      6072  +11.8593750000  -9.748e-04
  1038  +11.8441361458      6064  +11.8437500000  -3.861e-04
  1039  +11.8279452234      6056  +11.8281250000  +1.798e-04
  1040  +11.8117770112      6048  +11.8125000000  +7.230e-04
  1041  +11.7956314771      6039  +11.7949218750  -7.096e-04
  1042  +11.7795085888      6031  +11.7792968750  -2.117e-04
  1043  +11.7634083142      6023  +11.7636718750  +2.636e-04
  1044  +11.7473306210      6015  +11.7480468750  +7.163e-04
  1045  +11.7312754772      6006  +11.7304687500  -8.067e-04
  1046  +11.7152428508      5998  +11.7148437500  -3.991e-04
  1047  +11.6992327097      5990  +11.6992187500  -1.396e-05
  1048  +11.6832450220      5982  +11.6835937500  +3.487e-04
  1049  +11.6672797557      5974  +11.6679687500  +6.890e-04
  1050  +11.6513368791      5965  +11.6503906250  -9.463e-04
  1051  +11.6354163603      5957  +11.6347656250  -6.507e-04
  1052  +11.6195181675      5949  +11.6191406250  -3.775e-04
  1053  +11.6036422689      5941  +11.6035156250  -1.266e-04
  1054  +11.5877886330      5933  +11.5878906250  +1.020e-04
  1055  +11.5719572280      5925  +11.5722656250  +3.084e-04
  1056  +11.5561480223      5917  +11.5566406250  +4.926e-04
  1057  +11.5403609845      5909  +11.5410156250  +6.546e-04
  1058  +11.5245960829      5901  +11.5253906250  +7.945e-04
  1059  +11.5088532862      5893  +11.5097656250  +9.123e-04
  1060  +11.4931325629      5884  +11.4921875000  -9.451e-04
  1061  +11.4774338816      5876  +11.4765625000  -8.714e-04
  1062  +11.4617572110      5868  +11.4609375000  -8.197e-04
  1063  +11.4461025198      5860  +11.4453125000  -7.900e-04
  1064  +11.4304697768      5852  +11.4296875000  -7.823e-04
  1065  +11.4148589507      5844  +11.4140625000  -7.965e-04
  1066  +11.3992700105      5836  +11.3984375000  -8.325e-04
  1067  +11.3837029250      5828  +11.3828125000  -8.904e-04
  1068  +11.3681576631      5820  +11.3671875000  -9.702e-04
  1069  +11.3526341938      5813  +11.3535156250  +8.814e-04
  1070  +11.3371324862      5805  +11.3378906250  +7.581e-04
  1071  +11.3216525093      5797  +11.3222656250  +6.131e-04
  1072  +11.3061942322      5789  +11.3066406250  +4.464e-04
  1073  +11.2907576240      5781  +11.2910156250  +2.580e-04
  1074  +11.2753426540      5773  +11.2753906250  +4.797e-05
  1075  +11.2599492914      5765  +11.2597656250  -1.837e-04
  1076  +11.2445775055      5757  +11.2441406250  -4.369e-04
  1077  +11.2292272656      5749  +11.2285156250  -7.116e-04
  1078  +11.2138985411      5742  +11.2148437500  +9.452e-04
  1079  +11.1985913014      5734  +11.1992187500  +6.274e-04
  1080  +11.1833055159      5726  +11.1835937500  +2.882e-04
  1081  +11.1680411541      5718  +11.1679687500  -7.240e-05
  1082  +11.1527981857      5710  +11.1523437500  -4.544e-04
  1083  +11.1375765801      5702  +11.1367187500  -8.578e-04
  1084  +11.1223763070      5695  +11.1230468750  +6.706e-04
  1085  +11.1071973360      5687  +11.1074218750  +2.245e-04
  1086  +11.0920396370      5679  +11.0917968750  -2.428e-04
  1087  +11.0769031796      5671  +11.0761718750  -7.313e-04
  1088  +11.0617879336      5664  +11.0625000000  +7.121e-04
  1089  +11.0466938689      5656  +11.0468750000  +1.811e-04
  1090  +11.0316209554      5648  +11.0312500000  -3.710e-04
  1091  +11.0165691629      5640  +11.0156250000  -9.442e-04
  1092  +11.0015384616      5633  +11.0019531250  +4.147e-04
  1093  +10.9865288212      5625  +10.9863281250  -2.007e-04
  1094  +10.9715402121      5617  +10.9707031250  -8.371e-04
  1095  +10.9565726041      5610  +10.9570312500  +4.586e-04
  1096  +10.9416259675      5602  +10.9414062500  -2.197e-04
  1097  +10.9267002724      5594  +10.9257812500  -9.190e-04
  1098  +10.9117954891      5587  +10.9121093750  +3.139e-04
  1099  +10.8969115878      5579  +10.8964843750  -4.272e-04
  1100  +10.8820485389      5572  +10.8828125000  +7.640e-04
  1101  +10.8672063126      5564  +10.8671875000  -1.881e-05
  1102  +10.8523848794      5556  +10.8515625000  -8.224e-04
  1103  +10.8375842098      5549  +10.8378906250  +3.064e-04
  1104  +10.8228042741      5541  +10.8222656250  -5.386e-04
  1105  +10.8080450429      5534  +10.8085937500  +5.487e-04
  1106  +10.7933064867      5526  +10.7929687500  -3.377e-04
  1107  +10.7785885762      5519  +10.7792968750  +7.083e-04
  1108  +10.7638912820      5511  +10.7636718750  -2.194e-04
  1109  +10.7492145748      5504  +10.7500000000  +7.854e-04
  1110  +10.7345584252      5496  +10.7343750000  -1.834e-04
  1111  +10.7199228042      5489  +10.7207031250  +7.803e-04
  1112  +10.7053076823      5481  +10.7050781250  -2.296e-04
  1113  +10.6907130307      5474  +10.6914062500  +6.932e-04
  1114  +10.6761388200      5466  +10.6757812500  -3.576e-04
  1115  +10.6615850212      5459  +10.6621093750  +5.244e-04
  1116  +10.6470516054      5451  +10.6464843750  -5.672e-04
  1117  +10.6325385434      5444  +10.6328125000  +2.740e-04
  1118  +10.6180458065      5436  +10.6171875000  -8.583e-04
  1119  +10.6035733656      5429  +10.6035156250  -5.774e-05
  1120  +10.5891211919      5422  +10.5898437500  +7.226e-04
  1121  +10.5746892565      5414  +10.5742187500  -4.705e-04
  1122  +10.5602775308      5407  +10.5605468750  +2.693e-04
  1123  +10.5458859859      5399  +10.5449218750  -9.641e-04
  1124  +10.5315145931      5392  +10.5312500000  -2.646e-04
  1125  +10.5171633238      5385  +10.5175781250  +4.148e-04
  1126  +10.5028321494      5377  +10.5019531250  -8.790e-04
  1127  +10.4885210412      5370  +10.4882812500  -2.398e-04
  1128  +10.4742299708      5363  +10.4746093750  +3.794e-04
  1129  +10.4599589096      5355  +10.4589843750  -9.745e-04
  1130  +10.4457078291      5348  +10.4453125000  -3.953e-04
  1131  +10.4314767011      5341  +10.4316406250  +1.639e-04
  1132  +10.4172654970      5334  +10.4179687500  +7.033e-04
  1133  +10.4030741885      5326  +10.4023437500  -7.304e-04
  1134  +10.3889027473      5319  +10.3886718750  -2.309e-04
  1135  +10.3747511452      5312  +10.3750000000  +2.489e-04
  1136  +10.3606193540      5305  +10.3613281250  +7.088e-04
  1137  +10.3465073454      5297  +10.3457031250  -8.042e-04
  1138  +10.3324150913      5290  +10.3320312500  -3.838e-04
  1139  +10.3183425637      5283  +10.3183593750  +1.681e-05
  1140  +10.3042897344      5276  +10.3046875000  +3.978e-04
  1141  +10.2902565755      5269  +10.2910156250  +7.590e-04
  1142  +10.2762430589      5261  +10.2753906250  -8.524e-04
  1143  +10.2622491568      5254  +10.2617187500  -5.304e-04
  1144  +10.2482748412      5247  +10.2480468750  -2.280e-04
  1145  +10.2343200842      5240  +10.2343750000  +5.492e-05
  1146  +10.2203848580      5233  +10.2207031250  +3.183e-04
  1147  +10.2064691349      5226  +10.2070312500  +5.621e-04
  1148  +10.1925728870      5219  +10.1933593750  +7.865e-04
  1149  +10.1786960868      5211  +10.1777343750  -9.617e-04
  1150  +10.1648387065      5204  +10.1640625000  -7.762e-04
  1151  +10.1510007184      5197  +10.1503906250  -6.101e-04
  1152  +10.1371820951      5190  +10.1367187500  -4.633e-04
  1153  +10.1233828089      5183  +10.1230468750  -3.359e-04
  1154  +10.1096028324      5176  +10.1093750000  -2.278e-04
  1155  +10.0958421380      5169  +10.0957031250  -1.390e-04
  1156  +10.0821006983      5162  +10.0820312500  -6.945e-05
  1157  +10.0683784860      5155  +10.0683593750  -1.911e-05
  1158  +10.0546754737      5148  +10.0546875000  +1.203e-05
  1159  +10.0409916340      5141  +10.0410156250  +2.399e-05
  1160  +10.0273269397      5134  +10.0273437500  +1.681e-05
  1161  +10.0136813636      5127  +10.0136718750  -9.489e-06
  1162  +10.0000548784      5120  +10.0000000000  -5.488e-05
  1163  +9.9864474569      5113  +9.9863281250  -1.193e-04
  1164  +9.9728590721      5106  +9.9726562500  -2.028e-04
  1165  +9.9592896969      5099  +9.9589843750  -3.053e-04
  1166  +9.9457393042      5092  +9.9453125000  -4.268e-04
  1167  +9.9322078670      5085  +9.9316406250  -5.672e-04
  1168  +9.9186953583      5078  +9.9179687500  -7.266e-04
  1169  +9.9052017512      5071  +9.9042968750  -9.049e-04
  1170  +9.8917270188      5065  +9.8925781250  +8.511e-04
  1171  +9.8782711343      5058  +9.8789062500  +6.351e-04
  1172  +9.8648340708      5051  +9.8652343750  +4.003e-04
  1173  +9.8514158015      5044  +9.8515625000  +1.467e-04
  1174  +9.8380162997      5037  +9.8378906250  -1.257e-04
  1175  +9.8246355387      5030  +9.8242187500  -4.168e-04
  1176  +9.8112734918      5023  +9.8105468750  -7.266e-04
  1177  +9.7979301324      5017  +9.7988281250  +8.980e-04
  1178  +9.7846054339      5010  +9.7851562500  +5.508e-04
  1179  +9.7712993697      5003  +9.7714843750  +1.850e-04
  1180  +9.7580119133      4996  +9.7578125000  -1.994e-04
  1181  +9.7447430383      4989  +9.7441406250  -6.024e-04
  1182  +9.7314927181      4983  +9.7324218750  +9.292e-04
  1183  +9.7182609264      4976  +9.7187500000  +4.891e-04
  1184  +9.7050476369      4969  +9.7050781250  +3.049e-05
  1185  +9.6918528231      4962  +9.6914062500  -4.466e-04
  1186  +9.6786764588      4955  +9.6777343750  -9.421e-04
  1187  +9.6655185177      4949  +9.6660156250  +4.971e-04
  1188  +9.6523789737      4942  +9.6523437500  -3.522e-05
  1189  +9.6392578004      4935  +9.6386718750  -5.859e-04
  1190  +9.6261549718      4929  +9.6269531250  +7.982e-04
  1191  +9.6130704618      4922  +9.6132812500  +2.108e-04
  1192  +9.6000042443      4915  +9.5996093750  -3.949e-04
  1193  +9.5869562933      4909  +9.5878906250  +9.343e-04
  1194  +9.5739265827      4902  +9.5742187500  +2.922e-04
  1195  +9.5609150866      4895  +9.5605468750  -3.682e-04
  1196  +9.5479217790      4889  +9.5488281250  +9.063e-04
  1197  +9.5349466342      4882  +9.5351562500  +2.096e-04
  1198  +9.5219896262      4875  +9.5214843750  -5.053e-04
  1199  +9.5090507291      4869  +9.5097656250  +7.149e-04
  1200  +9.4961299173      4862  +9.4960937500  -3.617e-05
  1201  +9.4832271650      4855  +9.4824218750  -8.053e-04
  1202  +9.4703424465      4849  +9.4707031250  +3.607e-04
  1203  +9.4574757361      4842  +9.4570312500  -4.445e-04
  1204  +9.4446270081      4836  +9.4453125000  +6.855e-04
  1205  +9.4317962371      4829  +9.4316406250  -1.556e-04
  1206  +9.4189833973      4823  +9.4199218750  +9.385e-04
  1207  +9.4061884634      4816  +9.4062500000  +6.154e-05
  1208  +9.3934114097      4809  +9.3925781250  -8.333e-04
  1209  +9.3806522109      4803  +9.3808593750  +2.072e-04
  1210  +9.3679108415      4796  +9.3671875000  -7.233e-04
  1211  +9.3551872761      4790  +9.3554687500  +2.815e-04
  1212  +9.3424814895      4783  +9.3417968750  -6.846e-04
  1213  +9.3297934562      4777  +9.3300781250  +2.847e-04
  1214  +9.3171231510      4770  +9.3164062500  -7.169e-04
  1215  +9.3044705488      4764  +9.3046875000  +2.170e-04
  1216  +9.2918356241      4757  +9.2910156250  -8.200e-04
  1217  +9.2792183520      4751  +9.2792968750  +7.852e-05
  1218  +9.2666187073      4745  +9.2675781250  +9.594e-04
  1219  +9.2540366648      4738  +9.2539062500  -1.304e-04
  1220  +9.2414721996      4732  +9.2421875000  +7.153e-04
  1221  +9.2289252865      4725  +9.2285156250  -4.097e-04
  1222  +9.2163959007      4719  +9.2167968750  +4.010e-04
  1223  +9.2038840170      4712  +9.2031250000  -7.590e-04
  1224  +9.1913896107      4706  +9.1914062500  +1.664e-05
  1225  +9.1789126569      4700  +9.1796875000  +7.748e-04
  1226  +9.1664531306      4693  +9.1660156250  -4.375e-04
  1227  +9.1540110071      4687  +9.1542968750  +2.859e-04
  1228  +9.1415862616      4680  +9.1406250000  -9.613e-04
  1229  +9.1291788694      4674  +9.1289062500  -2.726e-04
  1230  +9.1167888057      4668  +9.1171875000  +3.987e-04
  1231  +9.1044160458      4661  +9.1035156250  -9.004e-04
  1232  +9.0920605652      4655  +9.0917968750  -2.637e-04
  1233  +9.0797223392      4649  +9.0800781250  +3.558e-04
  1234  +9.0674013433      4643  +9.0683593750  +9.580e-04
  1235  +9.0550975528      4636  +9.0546875000  -4.101e-04
  1236  +9.0428109434      4630  +9.0429687500  +1.578e-04
  1237  +9.0305414906      4624  +9.0312500000  +7.085e-04
  1238  +9.0182891698      4617  +9.0175781250  -7.110e-04
  1239  +9.0060539568      4611  +9.0058593750  -1.946e-04
  1240  +8.9938358272      4605  +8.9941406250  +3.048e-04
  1241  +8.9816347566      4599  +8.9824218750  +7.871e-04
  1242  +8.9694507207      4592  +8.9687500000  -7.007e-04
  1243  +8.9572836953      4586  +8.9570312500  -2.524e-04
  1244  +8.9451336562      4580  +8.9453125000  +1.788e-04
  1245  +8.9330005791      4574  +8.9335937500  +5.932e-04
  1246  +8.9208844399      4567  +8.9199218750  -9.626e-04
  1247  +8.9087852145      4561  +8.9082031250  -5.821e-04
  1248  +8.8967028788      4555  +8.8964843750  -2.185e-04
  1249  +8.8846374088      4549  +8.8847656250  +1.282e-04
  1250  +8.8725887804      4543  +8.8730468750  +4.581e-04
  1251  +8.8605569696      4537  +8.8613281250  +7.712e-04
  1252  +8.8485419525      4530  +8.8476562500  -8.857e-04
  1253  +8.8365437051      4524  +8.8359375000  -6.062e-04
  1254  +8.8245622037      4518  +8.8242187500  -3.435e-04
  1255  +8.8125974243      4512  +8.8125000000  -9.742e-05
  1256  +8.8006493431      4506  +8.8007812500  +1.319e-04
  1257  +8.7887179363      4500  +8.7890625000  +3.446e-04
  1258  +8.7768031802      4494  +8.7773437500  +5.406e-04
  1259  +8.7649050510      4488  +8.7656250000  +7.199e-04
  1260  +8.7530235251      4482  +8.7539062500  +8.827e-04
  1261  +8.7411585789      4475  +8.7402343750  -9.242e-04
  1262  +8.7293101887      4469  +8.7285156250  -7.946e-04
  1263  +8.7174783309      4463  +8.7167968750  -6.815e-04
  1264  +8.7056629820      4457  +8.7050781250  -5.849e-04
  1265  +8.6938641184      4451  +8.6933593750  -5.047e-04
  1266  +8.6820817168      4445  +8.6816406250  -4.411e-04
  1267  +8.6703157535      4439  +8.6699218750  -3.939e-04
  1268  +8.6585662053      4433  +8.6582031250  -3.631e-04
  1269  +8.6468330487      4427  +8.6464843750  -3.487e-04
  1270  +8.6351162604      4421  +8.6347656250  -3.506e-04
  1271  +8.6234158171      4415  +8.6230468750  -3.689e-04
  1272  +8.6117316954      4409  +8.6113281250  -4.036e-04
  1273  +8.6000638722      4403  +8.5996093750  -4.545e-04
  1274  +8.5884123242      4397  +8.5878906250  -5.217e-04
  1275  +8.5767770282      4391  +8.5761718750  -6.052e-04
  1276  +8.5651579610      4385  +8.5644531250  -7.048e-04
  1277  +8.5535550997      4379  +8.5527343750  -8.207e-04
  1278  +8.5419684210      4373  +8.5410156250  -9.528e-04
  1279  +8.5303979019      4368  +8.5312500000  +8.521e-04
  1280  +8.5188435193      4362  +8.5195312500  +6.877e-04
  1281  +8.5073052504      4356  +8.5078125000  +5.072e-04
  1282  +8.4957830721      4350  +8.4960937500  +3.107e-04
  1283  +8.4842769616      4344  +8.4843750000  +9.804e-05
  1284  +8.4727868958      4338  +8.4726562500  -1.306e-04
  1285  +8.4613128520      4332  +8.4609375000  -3.754e-04
  1286  +8.4498548074      4326  +8.4492187500  -6.361e-04
  1287  +8.4384127390      4320  +8.4375000000  -9.127e-04
  1288  +8.4269866243      4315  +8.4277343750  +7.478e-04
  1289  +8.4155764404      4309  +8.4160156250  +4.392e-04
  1290  +8.4041821646      4303  +8.4042968750  +1.147e-04
  1291  +8.3928037743      4297  +8.3925781250  -2.256e-04
  1292  +8.3814412469      4291  +8.3808593750  -5.819e-04
  1293  +8.3700945597      4285  +8.3691406250  -9.539e-04
  1294  +8.3587636902      4280  +8.3593750000  +6.113e-04
  1295  +8.3474486157      4274  +8.3476562500  +2.076e-04
  1296  +8.3361493140      4268  +8.3359375000  -2.118e-04
  1297  +8.3248657623      4262  +8.3242187500  -6.470e-04
  1298  +8.3135979384      4257  +8.3144531250  +8.552e-04
  1299  +8.3023458197      4251  +8.3027343750  +3.886e-04
  1300  +8.2911093840      4245  +8.2910156250  -9.376e-05
  1301  +8.2798886088      4239  +8.2792968750  -5.917e-04
  1302  +8.2686834719      4234  +8.2695312500  +8.478e-04
  1303  +8.2574939509      4228  +8.2578125000  +3.185e-04
  1304  +8.2463200236      4222  +8.2460937500  -2.263e-04
  1305  +8.2351616678      4216  +8.2343750000  -7.867e-04
  1306  +8.2240188613      4211  +8.2246093750  +5.905e-04
  1307  +8.2128915819      4205  +8.2128906250  -9.569e-07
  1308  +8.2017798076      4199  +8.2011718750  -6.079e-04
  1309  +8.1906835161      4194  +8.1914062500  +7.227e-04
  1310  +8.1796026855      4188  +8.1796875000  +8.481e-05
  1311  +8.1685372937      4182  +8.1679687500  -5.685e-04
  1312  +8.1574873186      4177  +8.1582031250  +7.158e-04
  1313  +8.1464527385      4171  +8.1464843750  +3.164e-05
  1314  +8.1354335312      4165  +8.1347656250  -6.679e-04
  1315  +8.1244296748      4160  +8.1250000000  +5.703e-04
  1316  +8.1134411476      4154  +8.1132812500  -1.599e-04
  1317  +8.1024679276      4148  +8.1015625000  -9.054e-04
  1318  +8.0915099931      4143  +8.0917968750  +2.869e-04
  1319  +8.0805673222      4137  +8.0800781250  -4.892e-04
  1320  +8.0696398932      4132  +8.0703125000  +6.726e-04
  1321  +8.0587276844      4126  +8.0585937500  -1.339e-04
  1322  +8.0478306740      4120  +8.0468750000  -9.557e-04
  1323  +8.0369488404      4115  +8.0371093750  +1.605e-04
  1324  +8.0260821621      4109  +8.0253906250  -6.915e-04
  1325  +8.0152306172      4104  +8.0156250000  +3.944e-04
  1326  +8.0043941844      4098  +8.0039062500  -4.879e-04
  1327  +7.9935728421      4093  +7.9941406250  +5.678e-04
  1328  +7.9827665687      4087  +7.9824218750  -3.447e-04
  1329  +7.9719753427      4082  +7.9726562500  +6.809e-04
  1330  +7.9611991428      4076  +7.9609375000  -2.616e-04
  1331  +7.9504379475      4071  +7.9511718750  +7.339e-04
  1332  +7.9396917354      4065  +7.9394531250  -2.386e-04
  1333  +7.9289604851      4060  +7.9296875000  +7.270e-04
  1334  +7.9182441753      4054  +7.9179687500  -2.754e-04
  1335  +7.9075427848      4049  +7.9082031250  +6.603e-04
  1336  +7.8968562922      4043  +7.8964843750  -3.719e-04
  1337  +7.8861846763      4038  +7.8867187500  +5.341e-04
  1338  +7.8755279160      4032  +7.8750000000  -5.279e-04
  1339  +7.8648859899      4027  +7.8652343750  +3.484e-04
  1340  +7.8542588771      4021  +7.8535156250  -7.433e-04
  1341  +7.8436465563      4016  +7.8437500000  +1.034e-04
  1342  +7.8330490064      4011  +7.8339843750  +9.354e-04
  1343  +7.8224662065      4005  +7.8222656250  -2.006e-04
  1344  +7.8118981355      4000  +7.8125000000  +6.019e-04
  1345  +7.8013447723      3994  +7.8007812500  -5.635e-04
  1346  +7.7908060960      3989  +7.7910156250  +2.095e-04
  1347  +7.7802820857      3984  +7.7812500000  +9.679e-04
  1348  +7.7697727205      3978  +7.7695312500  -2.415e-04
  1349  +7.7592779795      3973  +7.7597656250  +4.876e-04
  1350  +7.7487978418      3967  +7.7480468750  -7.510e-04
  1351  +7.7383322865      3962  +7.7382812500  -5.104e-05
  1352  +7.7278812930      3957  +7.7285156250  +6.343e-04
  1353  +7.7174448405      3951  +7.7167968750  -6.480e-04
  1354  +7.7070229082      3946  +7.7070312500  +8.342e-06
  1355  +7.6966154753      3941  +7.6972656250  +6.501e-04
  1356  +7.6862225214      3935  +7.6855468750  -6.756e-04
  1357  +7.6758440256      3930  +7.6757812500  -6.278e-05
  1358  +7.6654799673      3925  +7.6660156250  +5.357e-04
  1359  +7.6551303261      3919  +7.6542968750  -8.335e-04
  1360  +7.6447950813      3914  +7.6445312500  -2.638e-04
  1361  +7.6344742124      3909  +7.6347656250  +2.914e-04
  1362  +7.6241676989      3904  +7.6250000000  +8.323e-04
  1363  +7.6138755203      3898  +7.6132812500  -5.943e-04
  1364  +7.6035976562      3893  +7.6035156250  -8.203e-05
  1365  +7.5933340862      3888  +7.5937500000  +4.159e-04
  1366  +7.5830847898      3883  +7.5839843750  +8.996e-04
  1367  +7.5728497468      3877  +7.5722656250  -5.841e-04
  1368  +7.5626289368      3872  +7.5625000000  -1.289e-04
  1369  +7.5524223395      3867  +7.5527343750  +3.120e-04
  1370  +7.5422299347      3862  +7.5429687500  +7.388e-04
  1371  +7.5320517020      3856  +7.5312500000  -8.017e-04
  1372  +7.5218876213      3851  +7.5214843750  -4.032e-04
  1373  +7.5117376724      3846  +7.5117187500  -1.892e-05
  1374  +7.5016018352      3841  +7.5019531250  +3.513e-04
  1375  +7.4914800895      3836  +7.4921875000  +7.074e-04
  1376  +7.4813724152      3830  +7.4804687500  -9.037e-04
  1377  +7.4712787922      3825  +7.4707031250  -5.757e-04
  1378  +7.4611992006      3820  +7.4609375000  -2.617e-04
  1379  +7.4511336202      3815  +7.4511718750  +3.825e-05
  1380  +7.4410820312      3810  +7.4414062500  +3.242e-04
  1381  +7.4310444135      3805  +7.4316406250  +5.962e-04
  1382  +7.4210207473      3800  +7.4218750000  +8.543e-04
  1383  +7.4110110126      3794  +7.4101562500  -8.548e-04
  1384  +7.4010151895      3789  +7.4003906250  -6.246e-04
  1385  +7.3910332583      3784  +7.3906250000  -4.083e-04
  1386  +7.3810651991      3779  +7.3808593750  -2.058e-04
  1387  +7.3711109920      3774  +7.3710937500  -1.724e-05
  1388  +7.3611706174      3769  +7.3613281250  +1.575e-04
  1389  +7.3512440556      3764  +7.3515625000  +3.184e-04
  1390  +7.3413312867      3759  +7.3417968750  +4.656e-04
  1391  +7.3314322912      3754  +7.3320312500  +5.990e-04
  1392  +7.3215470494      3749  +7.3222656250  +7.186e-04
  1393  +7.3116755417      3744  +7.3125000000  +8.245e-04
  1394  +7.3018177484      3739  +7.3027343750  +9.166e-04
  1395  +7.2919736501      3733  +7.2910156250  -9.580e-04
  1396  +7.2821432271      3728  +7.2812500000  -8.932e-04
  1397  +7.2723264601      3723  +7.2714843750  -8.421e-04
  1398  +7.2625233294      3718  +7.2617187500  -8.046e-04
  1399  +7.2527338156      3713  +7.2519531250  -7.807e-04
  1400  +7.2429578994      3708  +7.2421875000  -7.704e-04
  1401  +7.2331955612      3703  +7.2324218750  -7.737e-04
  1402  +7.2234467818      3698  +7.2226562500  -7.905e-04
  1403  +7.2137115418      3693  +7.2128906250  -8.209e-04
  1404  +7.2039898219      3688  +7.2031250000  -8.648e-04
  1405  +7.1942816027      3683  +7.1933593750  -9.222e-04
  1406  +7.1845868651      3679  +7.1855468750  +9.600e-04
  1407  +7.1749055898      3674  +7.1757812500  +8.757e-04
  1408  +7.1652377576      3669  +7.1660156250  +7.779e-04
  1409  +7.1555833492      3664  +7.1562500000  +6.667e-04
  1410  +7.1459423456      3659  +7.1464843750  +5.420e-04
  1411  +7.1363147277      3654  +7.1367187500  +4.040e-04
  1412  +7.1267004763      3649  +7.1269531250  +2.526e-04
  1413  +7.1170995723      3644  +7.1171875000  +8.793e-05
  1414  +7.1075119967      3639  +7.1074218750  -9.012e-05
  1415  +7.0979377305      3634  +7.0976562500  -2.815e-04
  1416  +7.0883767548      3629  +7.0878906250  -4.861e-04
  1417  +7.0788290504      3624  +7.0781250000  -7.041e-04
  1418  +7.0692945986      3619  +7.0683593750  -9.352e-04
  1419  +7.0597733803      3615  +7.0605468750  +7.735e-04
  1420  +7.0502653768      3610  +7.0507812500  +5.159e-04
  1421  +7.0407705691      3605  +7.0410156250  +2.451e-04
  1422  +7.0312889384      3600  +7.0312500000  -3.894e-05
  1423  +7.0218204659      3595  +7.0214843750  -3.361e-04
  1424  +7.0123651329      3590  +7.0117187500  -6.464e-04
  1425  +7.0029229205      3585  +7.0019531250  -9.698e-04
  1426  +6.9934938101      3581  +6.9941406250  +6.468e-04
  1427  +6.9840777830      3576  +6.9843750000  +2.972e-04
  1428  +6.9746748205      3571  +6.9746093750  -6.545e-05
  1429  +6.9652849039      3566  +6.9648437500  -4.412e-04
  1430  +6.9559080146      3561  +6.9550781250  -8.299e-04
  1431  +6.9465441341      3557  +6.9472656250  +7.215e-04
  1432  +6.9371932438      3552  +6.9375000000  +3.068e-04
  1433  +6.9278553251      3547  +6.9277343750  -1.210e-04
  1434  +6.9185303595      3542  +6.9179687500  -5.616e-04
  1435  +6.9092183286      3538  +6.9101562500  +9.379e-04
  1436  +6.8999192138      3533  +6.9003906250  +4.714e-04
  1437  +6.8906329967      3528  +6.8906250000  -7.997e-06
  1438  +6.8813596590      3523  +6.8808593750  -5.003e-04
  1439  +6.8720991823      3519  +6.8730468750  +9.477e-04
  1440  +6.8628515481      3514  +6.8632812500  +4.297e-04
  1441  +6.8536167382      3509  +6.8535156250  -1.011e-04
  1442  +6.8443947343      3504  +6.8437500000  -6.447e-04
  1443  +6.8351855180      3500  +6.8359375000  +7.520e-04
  1444  +6.8259890712      3495  +6.8261718750  +1.828e-04
  1445  +6.8168053756      3490  +6.8164062500  -3.991e-04
  1446  +6.8076344129      3486  +6.8085937500  +9.593e-04
  1447  +6.7984761651      3481  +6.7988281250  +3.520e-04
  1448  +6.7893306140      3476  +6.7890625000  -2.681e-04
  1449  +6.7801977414      3471  +6.7792968750  -9.009e-04
  1450  +6.7710775293      3467  +6.7714843750  +4.068e-04
  1451  +6.7619699596      3462  +6.7617187500  -2.512e-04
  1452  +6.7528750142      3457  +6.7519531250  -9.219e-04
  1453  +6.7437926751      3453  +6.7441406250  +3.479e-04
  1454  +6.7347229243      3448  +6.7343750000  -3.479e-04
  1455  +6.7256657439      3444  +6.7265625000  +8.968e-04
  1456  +6.7166211159      3439  +6.7167968750  +1.758e-04
  1457  +6.7075890224      3434  +6.7070312500  -5.578e-04
  1458  +6.6985694455      3430  +6.6992187500  +6.493e-04
  1459  +6.6895623673      3425  +6.6894531250  -1.092e-04
  1460  +6.6805677699      3420  +6.6796875000  -8.803e-04
  1461  +6.6715856357      3416  +6.6718750000  +2.894e-04
  1462  +6.6626159467      3411  +6.6621093750  -5.066e-04
  1463  +6.6536586852      3407  +6.6542968750  +6.382e-04
  1464  +6.6447138335      3402  +6.6445312500  -1.826e-04
  1465  +6.6357813738      3398  +6.6367187500  +9.374e-04
  1466  +6.6268612885      3393  +6.6269531250  +9.184e-05
  1467  +6.6179535598      3388  +6.6171875000  -7.661e-04
  1468  +6.6090581702      3384  +6.6093750000  +3.168e-04
  1469  +6.6001751020      3379  +6.5996093750  -5.657e-04
  1470  +6.5913043377      3375  +6.5917968750  +4.925e-04
  1471  +6.5824458596      3370  +6.5820312500  -4.146e-04
  1472  +6.5735996503      3366  +6.5742187500  +6.191e-04
  1473  +6.5647656921      3361  +6.5644531250  -3.126e-04
  1474  +6.5559439677      3357  +6.5566406250  +6.967e-04
  1475  +6.5471344595      3352  +6.5468750000  -2.595e-04
  1476  +6.5383371501      3348  +6.5390625000  +7.253e-04
  1477  +6.5295520221      3343  +6.5292968750  -2.551e-04
  1478  +6.5207790581      3339  +6.5214843750  +7.053e-04
  1479  +6.5120182408      3334  +6.5117187500  -2.995e-04
  1480  +6.5032695527      3330  +6.5039062500  +6.367e-04
  1481  +6.4945329765      3325  +6.4941406250  -3.924e-04
  1482  +6.4858084951      3321  +6.4863281250  +5.196e-04
  1483  +6.4770960910      3316  +6.4765625000  -5.336e-04
  1484  +6.4683957471      3312  +6.4687500000  +3.543e-04
  1485  +6.4597074461      3307  +6.4589843750  -7.231e-04
  1486  +6.4510311708      3303  +6.4511718750  +1.407e-04
  1487  +6.4423669041      3298  +6.4414062500  -9.607e-04
  1488  +6.4337146288      3294  +6.4335937500  -1.209e-04
  1489  +6.4250743277      3290  +6.4257812500  +7.069e-04
  1490  +6.4164459839      3285  +6.4160156250  -4.304e-04
  1491  +6.4078295802      3281  +6.4082031250  +3.735e-04
  1492  +6.3992250995      3276  +6.3984375000  -7.876e-04
  1493  +6.3906325248      3272  +6.3906250000  -7.525e-06
  1494  +6.3820518392      3268  +6.3828125000  +7.607e-04
  1495  +6.3734830256      3263  +6.3730468750  -4.362e-04
  1496  +6.3649260671      3259  +6.3652343750  +3.083e-04
  1497  +6.3563809468      3254  +6.3554687500  -9.122e-04
  1498  +6.3478476477      3250  +6.3476562500  -1.914e-04
  1499  +6.3393261530      3246  +6.3398437500  +5.176e-04
  1500  +6.3308164458      3241  +6.3300781250  -7.383e-04
  1501  +6.3223185092      3237  +6.3222656250  -5.288e-05
  1502  +6.3138323266      3233  +6.3144531250  +6.208e-04
  1503  +6.3053578810      3228  +6.3046875000  -6.704e-04
  1504  +6.2968951557      3224  +6.2968750000  -2.016e-05
  1505  +6.2884441340      3220  +6.2890625000  +6.184e-04
  1506  +6.2800047992      3215  +6.2792968750  -7.079e-04
  1507  +6.2715771345      3211  +6.2714843750  -9.276e-05
  1508  +6.2631611233      3207  +6.2636718750  +5.108e-04
  1509  +6.2547567489      3202  +6.2539062500  -8.505e-04
  1510  +6.2463639948      3198  +6.2460937500  -2.702e-04
  1511  +6.2379828443      3194  +6.2382812500  +2.984e-04
  1512  +6.2296132809      3190  +6.2304687500  +8.555e-04
  1513  +6.2212552879      3185  +6.2207031250  -5.522e-04
  1514  +6.2129088490      3181  +6.2128906250  -1.822e-05
  1515  +6.2045739475      3177  +6.2050781250  +5.042e-04
  1516  +6.1962505670      3172  +6.1953125000  -9.381e-04
  1517  +6.1879386910      3168  +6.1875000000  -4.387e-04
  1518  +6.1796383032      3164  +6.1796875000  +4.920e-05
  1519  +6.1713493870      3160  +6.1718750000  +5.256e-04
  1520  +6.1630719261      3155  +6.1621093750  -9.626e-04
  1521  +6.1548059041      3151  +6.1542968750  -5.090e-04
  1522  +6.1465513048      3147  +6.1464843750  -6.693e-05
  1523  +6.1383081117      3143  +6.1386718750  +3.638e-04
  1524  +6.1300763086      3139  +6.1308593750  +7.831e-04
  1525  +6.1218558792      3134  +6.1210937500  -7.621e-04
  1526  +6.1136468073      3130  +6.1132812500  -3.656e-04
  1527  +6.1054490766      3126  +6.1054687500  +1.967e-05
  1528  +6.0972626710      3122  +6.0976562500  +3.936e-04
  1529  +6.0890875742      3118  +6.0898437500  +7.562e-04
  1530  +6.0809237701      3113  +6.0800781250  -8.456e-04
  1531  +6.0727712426      3109  +6.0722656250  -5.056e-04
  1532  +6.0646299755      3105  +6.0644531250  -1.769e-04
  1533  +6.0564999528      3101  +6.0566406250  +1.407e-04
  1534  +6.0483811584      3097  +6.0488281250  +4.470e-04
  1535  +6.0402735762      3093  +6.0410156250  +7.420e-04
  1536  +6.0321771903      3088  +6.0312500000  -9.272e-04
  1537  +6.0240919846      3084  +6.0234375000  -6.545e-04
  1538  +6.0160179432      3080  +6.0156250000  -3.929e-04
  1539  +6.0079550501      3076  +6.0078125000  -1.426e-04
  1540  +5.9999032894      3072  +6.0000000000  +9.671e-05
  1541  +5.9918626451      3068  +5.9921875000  +3.249e-04
  1542  +5.9838331015      3064  +5.9843750000  +5.419e-04
  1543  +5.9758146426      3060  +5.9765625000  +7.479e-04
  1544  +5.9678072526      3056  +5.9687500000  +9.427e-04
  1545  +5.9598109157      3051  +5.9589843750  -8.265e-04
  1546  +5.9518256160      3047  +5.9511718750  -6.537e-04
  1547  +5.9438513379      3043  +5.9433593750  -4.920e-04
  1548  +5.9358880656      3039  +5.9355468750  -3.412e-04
  1549  +5.9279357832      3035  +5.9277343750  -2.014e-04
  1550  +5.9199944753      3031  +5.9199218750  -7.260e-05
  1551  +5.9120641259      3027  +5.9121093750  +4.525e-05
  1552  +5.9041447196      3023  +5.9042968750  +1.522e-04
  1553  +5.8962362406      3019  +5.8964843750  +2.481e-04
  1554  +5.8883386734      3015  +5.8886718750  +3.332e-04
  1555  +5.8804520023      3011  +5.8808593750  +4.074e-04
  1556  +5.8725762118      3007  +5.8730468750  +4.707e-04
  1557  +5.8647112863      3003  +5.8652343750  +5.231e-04
  1558  +5.8568572103      2999  +5.8574218750  +5.647e-04
  1559  +5.8490139683      2995  +5.8496093750  +5.954e-04
  1560  +5.8411815448      2991  +5.8417968750  +6.153e-04
  1561  +5.8333599244      2987  +5.8339843750  +6.245e-04
  1562  +5.8255490916      2983  +5.8261718750  +6.228e-04
  1563  +5.8177490309      2979  +5.8183593750  +6.103e-04
  1564  +5.8099597271      2975  +5.8105468750  +5.871e-04
  1565  +5.8021811647      2971  +5.8027343750  +5.532e-04
  1566  +5.7944133284      2967  +5.7949218750  +5.085e-04
  1567  +5.7866562028      2963  +5.7871093750  +4.532e-04
  1568  +5.7789097727      2959  +5.7792968750  +3.871e-04
  1569  +5.7711740227      2955  +5.7714843750  +3.104e-04
  1570  +5.7634489376      2951  +5.7636718750  +2.229e-04
  1571  +5.7557345021      2947  +5.7558593750  +1.249e-04
  1572  +5.7480307011      2943  +5.7480468750  +1.617e-05
  1573  +5.7403375193      2939  +5.7402343750  -1.031e-04
  1574  +5.7326549415      2935  +5.7324218750  -2.331e-04
  1575  +5.7249829526      2931  +5.7246093750  -3.736e-04
  1576  +5.7173215375      2927  +5.7167968750  -5.247e-04
  1577  +5.7096706810      2923  +5.7089843750  -6.863e-04
  1578  +5.7020303680      2919  +5.7011718750  -8.585e-04
  1579  +5.6944005836      2916  +5.6953125000  +9.119e-04
  1580  +5.6867813125      2912  +5.6875000000  +7.187e-04
  1581  +5.6791725399      2908  +5.6796875000  +5.150e-04
  1582  +5.6715742507      2904  +5.6718750000  +3.007e-04
  1583  +5.6639864298      2900  +5.6640625000  +7.607e-05
  1584  +5.6564090624      2896  +5.6562500000  -1.591e-04
  1585  +5.6488421335      2892  +5.6484375000  -4.046e-04
  1586  +5.6412856282      2888  +5.6406250000  -6.606e-04
  1587  +5.6337395316      2884  +5.6328125000  -9.270e-04
  1588  +5.6262038288      2881  +5.6269531250  +7.493e-04
  1589  +5.6186785049      2877  +5.6191406250  +4.621e-04
  1590  +5.6111635451      2873  +5.6113281250  +1.646e-04
  1591  +5.6036589346      2869  +5.6035156250  -1.433e-04
  1592  +5.5961646586      2865  +5.5957031250  -4.615e-04
  1593  +5.5886807023      2861  +5.5878906250  -7.901e-04
  1594  +5.5812070510      2858  +5.5820312500  +8.242e-04
  1595  +5.5737436899      2854  +5.5742187500  +4.751e-04
  1596  +5.5662906044      2850  +5.5664062500  +1.156e-04
  1597  +5.5588477797      2846  +5.5585937500  -2.540e-04
  1598  +5.5514152011      2842  +5.5507812500  -6.340e-04
  1599  +5.5439928541      2839  +5.5449218750  +9.290e-04
  1600  +5.5365807239      2835  +5.5371093750  +5.287e-04
  1601  +5.5291787961      2831  +5.5292968750  +1.181e-04
  1602  +5.5217870559      2827  +5.5214843750  -3.027e-04
  1603  +5.5144054889      2823  +5.5136718750  -7.336e-04
  1604  +5.5070340805      2820  +5.5078125000  +7.784e-04
  1605  +5.4996728161      2816  +5.5000000000  +3.272e-04
  1606  +5.4923216813      2812  +5.4921875000  -1.342e-04
  1607  +5.4849806616      2808  +5.4843750000  -6.057e-04
  1608  +5.4776497424      2805  +5.4785156250  +8.659e-04
  1609  +5.4703289095      2801  +5.4707031250  +3.742e-04
  1610  +5.4630181483      2797  +5.4628906250  -1.275e-04
  1611  +5.4557174445      2793  +5.4550781250  -6.393e-04
  1612  +5.4484267836      2790  +5.4492187500  +7.920e-04
  1613  +5.4411461513      2786  +5.4414062500  +2.601e-04
  1614  +5.4338755334      2782  +5.4335937500  -2.818e-04
  1615  +5.4266149153      2778  +5.4257812500  -8.337e-04
  1616  +5.4193642830      2775  +5.4199218750  +5.576e-04
  1617  +5.4121236220      2771  +5.4121093750  -1.425e-05
  1618  +5.4048929181      2767  +5.4042968750  -5.960e-04
  1619  +5.3976721571      2764  +5.3984375000  +7.653e-04
  1620  +5.3904613248      2760  +5.3906250000  +1.637e-04
  1621  +5.3832604070      2756  +5.3828125000  -4.479e-04
  1622  +5.3760693894      2753  +5.3769531250  +8.837e-04
  1623  +5.3688882580      2749  +5.3691406250  +2.524e-04
  1624  +5.3617169985      2745  +5.3613281250  -3.889e-04
  1625  +5.3545555970      2742  +5.3554687500  +9.132e-04
  1626  +5.3474040392      2738  +5.3476562500  +2.522e-04
  1627  +5.3402623111      2734  +5.3398437500  -4.186e-04
  1628  +5.3331303987      2731  +5.3339843750  +8.540e-04
  1629  +5.3260082879      2727  +5.3261718750  +1.636e-04
  1630  +5.3188959647      2723  +5.3183593750  -5.366e-04
  1631  +5.3117934151      2720  +5.3125000000  +7.066e-04
  1632  +5.3047006252      2716  +5.3046875000  -1.313e-05
  1633  +5.2976175808      2712  +5.2968750000  -7.426e-04
  1634  +5.2905442683      2709  +5.2910156250  +4.714e-04
  1635  +5.2834806735      2705  +5.2832031250  -2.775e-04
  1636  +5.2764267826      2702  +5.2773437500  +9.170e-04
  1637  +5.2693825818      2698  +5.2695312500  +1.487e-04
  1638  +5.2623480572      2694  +5.2617187500  -6.293e-04
  1639  +5.2553231949      2691  +5.2558593750  +5.362e-04
  1640  +5.2483079811      2687  +5.2480468750  -2.611e-04
  1641  +5.2413024021      2684  +5.2421875000  +8.851e-04
  1642  +5.2343064440      2680  +5.2343750000  +6.856e-05
  1643  +5.2273200930      2676  +5.2265625000  -7.576e-04
  1644  +5.2203433356      2673  +5.2207031250  +3.598e-04
  1645  +5.2133761578      2669  +5.2128906250  -4.855e-04
  1646  +5.2064185461      2666  +5.2070312500  +6.127e-04
  1647  +5.1994704867      2662  +5.1992187500  -2.517e-04
  1648  +5.1925319659      2659  +5.1933593750  +8.274e-04
  1649  +5.1856029703      2655  +5.1855468750  -5.610e-05
  1650  +5.1786834860      2651  +5.1777343750  -9.491e-04
  1651  +5.1717734995      2648  +5.1718750000  +1.015e-04
  1652  +5.1648729973      2644  +5.1640625000  -8.105e-04
  1653  +5.1579819657      2641  +5.1582031250  +2.212e-04
  1654  +5.1511003912      2637  +5.1503906250  -7.098e-04
  1655  +5.1442282603      2634  +5.1445312500  +3.030e-04
  1656  +5.1373655595      2630  +5.1367187500  -6.468e-04
  1657  +5.1305122753      2627  +5.1308593750  +3.471e-04
  1658  +5.1236683942      2623  +5.1230468750  -6.215e-04
  1659  +5.1168339027      2620  +5.1171875000  +3.536e-04
  1660  +5.1100087875      2616  +5.1093750000  -6.338e-04
  1661  +5.1031930352      2613  +5.1035156250  +3.226e-04
  1662  +5.0963866322      2609  +5.0957031250  -6.835e-04
  1663  +5.0895895654      2606  +5.0898437500  +2.542e-04
  1664  +5.0828018212      2602  +5.0820312500  -7.706e-04
  1665  +5.0760233864      2599  +5.0761718750  +1.485e-04
  1666  +5.0692542476      2595  +5.0683593750  -8.949e-04
  1667  +5.0624943916      2592  +5.0625000000  +5.608e-06
  1668  +5.0557438051      2589  +5.0566406250  +8.968e-04
  1669  +5.0490024748      2585  +5.0488281250  -1.743e-04
  1670  +5.0422703875      2582  +5.0429687500  +6.984e-04
  1671  +5.0355475299      2578  +5.0351562500  -3.913e-04
  1672  +5.0288338889      2575  +5.0292968750  +4.630e-04
  1673  +5.0221294513      2571  +5.0214843750  -6.451e-04
  1674  +5.0154342038      2568  +5.0156250000  +1.908e-04
  1675  +5.0087481334      2564  +5.0078125000  -9.356e-04
  1676  +5.0020712269      2561  +5.0019531250  -1.181e-04
  1677  +4.9954034713      2558  +4.9960937500  +6.903e-04
  1678  +4.9887448533      2554  +4.9882812500  -4.636e-04
  1679  +4.9820953601      2551  +4.9824218750  +3.265e-04
  1680  +4.9754549784      2547  +4.9746093750  -8.456e-04
  1681  +4.9688236952      2544  +4.9687500000  -7.370e-05
  1682  +4.9622014977      2541  +4.9628906250  +6.891e-04
  1683  +4.9555883726      2537  +4.9550781250  -5.102e-04
  1684  +4.9489843072      2534  +4.9492187500  +2.344e-04
  1685  +4.9423892883      2531  +4.9433593750  +9.701e-04
  1686  +4.9358033031      2527  +4.9355468750  -2.564e-04
  1687  +4.9292263387      2524  +4.9296875000  +4.612e-04
  1688  +4.9226583821      2520  +4.9218750000  -7.834e-04
  1689  +4.9160994204      2517  +4.9160156250  -8.380e-05
  1690  +4.9095494408      2514  +4.9101562500  +6.068e-04
  1691  +4.9030084304      2510  +4.9023437500  -6.647e-04
  1692  +4.8964763765      2507  +4.8964843750  +7.999e-06
  1693  +4.8899532661      2504  +4.8906250000  +6.717e-04
  1694  +4.8834390865      2500  +4.8828125000  -6.266e-04
  1695  +4.8769338249      2497  +4.8769531250  +1.930e-05
  1696  +4.8704374685      2494  +4.8710937500  +6.563e-04
  1697  +4.8639500047      2490  +4.8632812500  -6.688e-04
  1698  +4.8574714206      2487  +4.8574218750  -4.955e-05
  1699  +4.8510017036      2484  +4.8515625000  +5.608e-04
  1700  +4.8445408410      2480  +4.8437500000  -7.908e-04
  1701  +4.8380888201      2477  +4.8378906250  -1.982e-04
  1702  +4.8316456283      2474  +4.8320312500  +3.856e-04
  1703  +4.8252112529      2471  +4.8261718750  +9.606e-04
  1704  +4.8187856814      2467  +4.8183593750  -4.263e-04
  1705  +4.8123689011      2464  +4.8125000000  +1.311e-04
  1706  +4.8059608994      2461  +4.8066406250  +6.797e-04
  1707  +4.7995616638      2457  +4.7988281250  -7.335e-04
  1708  +4.7931711817      2454  +4.7929687500  -2.024e-04
  1709  +4.7867894407      2451  +4.7871093750  +3.199e-04
  1710  +4.7804164282      2448  +4.7812500000  +8.336e-04
  1711  +4.7740521317      2444  +4.7734375000  -6.146e-04
  1712  +4.7676965387      2441  +4.7675781250  -1.184e-04
  1713  +4.7613496368      2438  +4.7617187500  +3.691e-04
  1714  +4.7550114136      2435  +4.7558593750  +8.480e-04
  1715  +4.7486818566      2431  +4.7480468750  -6.350e-04
  1716  +4.7423609535      2428  +4.7421875000  -1.735e-04
  1717  +4.7360486918      2425  +4.7363281250  +2.794e-04
  1718  +4.7297450592      2422  +4.7304687500  +7.237e-04
  1719  +4.7234500433      2418  +4.7226562500  -7.938e-04
  1720  +4.7171636319      2415  +4.7167968750  -3.668e-04
  1721  +4.7108858125      2412  +4.7109375000  +5.169e-05
  1722  +4.7046165730      2409  +4.7050781250  +4.616e-04
  1723  +4.6983559009      2406  +4.6992187500  +8.628e-04
  1724  +4.6921037842      2402  +4.6914062500  -6.975e-04
  1725  +4.6858602104      2399  +4.6855468750  -3.133e-04
  1726  +4.6796251674      2396  +4.6796875000  +6.233e-05
  1727  +4.6733986431      2393  +4.6738281250  +4.295e-04
  1728  +4.6671806251      2390  +4.6679687500  +7.881e-04
  1729  +4.6609711013      2386  +4.6601562500  -8.149e-04
  1730  +4.6547700597      2383  +4.6542968750  -4.732e-04
  1731  +4.6485774879      2380  +4.6484375000  -1.400e-04
  1732  +4.6423933739      2377  +4.6425781250  +1.848e-04
  1733  +4.6362177057      2374  +4.6367187500  +5.010e-04
  1734  +4.6300504711      2371  +4.6308593750  +8.089e-04
  1735  +4.6238916580      2367  +4.6230468750  -8.448e-04
  1736  +4.6177412544      2364  +4.6171875000  -5.538e-04
  1737  +4.6115992483      2361  +4.6113281250  -2.711e-04
  1738  +4.6054656276      2358  +4.6054687500  +3.122e-06
  1739  +4.5993403803      2355  +4.5996093750  +2.690e-04
  1740  +4.5932234945      2352  +4.5937500000  +5.265e-04
  1741  +4.5871149582      2349  +4.5878906250  +7.757e-04
  1742  +4.5810147595      2345  +4.5800781250  -9.366e-04
  1743  +4.5749228863      2342  +4.5742187500  -7.041e-04
  1744  +4.5688393268      2339  +4.5683593750  -4.800e-04
  1745  +4.5627640692      2336  +4.5625000000  -2.641e-04
  1746  +4.5566971014      2333  +4.5566406250  -5.648e-05
  1747  +4.5506384117      2330  +4.5507812500  +1.428e-04
  1748  +4.5445879882      2327  +4.5449218750  +3.339e-04
  1749  +4.5385458191      2324  +4.5390625000  +5.167e-04
  1750  +4.5325118925      2321  +4.5332031250  +6.912e-04
  1751  +4.5264861966      2318  +4.5273437500  +8.576e-04
  1752  +4.5204687198      2314  +4.5195312500  -9.375e-04
  1753  +4.5144594502      2311  +4.5136718750  -7.876e-04
  1754  +4.5084583760      2308  +4.5078125000  -6.459e-04
  1755  +4.5024654856      2305  +4.5019531250  -5.124e-04
  1756  +4.4964807672      2302  +4.4960937500  -3.870e-04
  1757  +4.4905042091      2299  +4.4902343750  -2.698e-04
  1758  +4.4845357997      2296  +4.4843750000  -1.608e-04
  1759  +4.4785755273      2293  +4.4785156250  -5.990e-05
  1760  +4.4726233802      2290  +4.4726562500  +3.287e-05
  1761  +4.4666793468      2287  +4.4667968750  +1.175e-04
  1762  +4.4607434155      2284  +4.4609375000  +1.941e-04
  1763  +4.4548155747      2281  +4.4550781250  +2.626e-04
  1764  +4.4488958128      2278  +4.4492187500  +3.229e-04
  1765  +4.4429841183      2275  +4.4433593750  +3.753e-04
  1766  +4.4370804796      2272  +4.4375000000  +4.195e-04
  1767  +4.4311848852      2269  +4.4316406250  +4.557e-04
  1768  +4.4252973235      2266  +4.4257812500  +4.839e-04
  1769  +4.4194177831      2263  +4.4199218750  +5.041e-04
  1770  +4.4135462525      2260  +4.4140625000  +5.162e-04
  1771  +4.4076827202      2257  +4.4082031250  +5.204e-04
  1772  +4.4018271748      2254  +4.4023437500  +5.166e-04
  1773  +4.3959796048      2251  +4.3964843750  +5.048e-04
  1774  +4.3901399988      2248  +4.3906250000  +4.850e-04
  1775  +4.3843083455      2245  +4.3847656250  +4.573e-04
  1776  +4.3784846334      2242  +4.3789062500  +4.216e-04
  1777  +4.3726688512      2239  +4.3730468750  +3.780e-04
  1778  +4.3668609875      2236  +4.3671875000  +3.265e-04
  1779  +4.3610610310      2233  +4.3613281250  +2.671e-04
  1780  +4.3552689703      2230  +4.3554687500  +1.998e-04
  1781  +4.3494847942      2227  +4.3496093750  +1.246e-04
  1782  +4.3437084914      2224  +4.3437500000  +4.151e-05
  1783  +4.3379400506      2221  +4.3378906250  -4.943e-05
  1784  +4.3321794606      2218  +4.3320312500  -1.482e-04
  1785  +4.3264267101      2215  +4.3261718750  -2.548e-04
  1786  +4.3206817879      2212  +4.3203125000  -3.693e-04
  1787  +4.3149446827      2209  +4.3144531250  -4.916e-04
  1788  +4.3092153835      2206  +4.3085937500  -6.216e-04
  1789  +4.3034938790      2203  +4.3027343750  -7.595e-04
  1790  +4.2977801581      2200  +4.2968750000  -9.052e-04
  1791  +4.2920742096      2198  +4.2929687500  +8.945e-04
  1792  +4.2863760224      2195  +4.2871093750  +7.334e-04
  1793  +4.2806855853      2192  +4.2812500000  +5.644e-04
  1794  +4.2750028874      2189  +4.2753906250  +3.877e-04
  1795  +4.2693279175      2186  +4.2695312500  +2.033e-04
  1796  +4.2636606646      2183  +4.2636718750  +1.121e-05
  1797  +4.2580011175      2180  +4.2578125000  -1.886e-04
  1798  +4.2523492654      2177  +4.2519531250  -3.961e-04
  1799  +4.2467050971      2174  +4.2460937500  -6.113e-04
  1800  +4.2410686016      2171  +4.2402343750  -8.342e-04
  1801  +4.2354397680      2169  +4.2363281250  +8.884e-04
  1802  +4.2298185854      2166  +4.2304687500  +6.502e-04
  1803  +4.2242050427      2163  +4.2246093750  +4.043e-04
  1804  +4.2185991290      2160  +4.2187500000  +1.509e-04
  1805  +4.2130008334      2157  +4.2128906250  -1.102e-04
  1806  +4.2074101450      2154  +4.2070312500  -3.789e-04
  1807  +4.2018270530      2151  +4.2011718750  -6.552e-04
  1808  +4.1962515463      2148  +4.1953125000  -9.390e-04
  1809  +4.1906836142      2146  +4.1914062500  +7.226e-04
  1810  +4.1851232459      2143  +4.1855468750  +4.236e-04
  1811  +4.1795704304      2140  +4.1796875000  +1.171e-04
  1812  +4.1740251570      2137  +4.1738281250  -1.970e-04
  1813  +4.1684874149      2134  +4.1679687500  -5.187e-04
  1814  +4.1629571933      2131  +4.1621093750  -8.478e-04
  1815  +4.1574344815      2129  +4.1582031250  +7.686e-04
  1816  +4.1519192686      2126  +4.1523437500  +4.245e-04
  1817  +4.1464115440      2123  +4.1464843750  +7.283e-05
  1818  +4.1409112970      2120  +4.1406250000  -2.863e-04
  1819  +4.1354185168      2117  +4.1347656250  -6.529e-04
  1820  +4.1299331927      2115  +4.1308593750  +9.262e-04
  1821  +4.1244553140      2112  +4.1250000000  +5.447e-04
  1822  +4.1189848702      2109  +4.1191406250  +1.558e-04
  1823  +4.1135218506      2106  +4.1132812500  -2.406e-04
  1824  +4.1080662444      2103  +4.1074218750  -6.444e-04
  1825  +4.1026180412      2101  +4.1035156250  +8.976e-04
  1826  +4.0971772303      2098  +4.0976562500  +4.790e-04
  1827  +4.0917438012      2095  +4.0917968750  +5.307e-05
  1828  +4.0863177432      2092  +4.0859375000  -3.802e-04
  1829  +4.0808990459      2089  +4.0800781250  -8.209e-04
  1830  +4.0754876986      2087  +4.0761718750  +6.842e-04
  1831  +4.0700836909      2084  +4.0703125000  +2.288e-04
  1832  +4.0646870123      2081  +4.0644531250  -2.339e-04
  1833  +4.0592976522      2078  +4.0585937500  -7.039e-04
  1834  +4.0539156002      2076  +4.0546875000  +7.719e-04
  1835  +4.0485408458      2073  +4.0488281250  +2.873e-04
  1836  +4.0431733785      2070  +4.0429687500  -2.046e-04
  1837  +4.0378131881      2067  +4.0371093750  -7.038e-04
  1838  +4.0324602639      2065  +4.0332031250  +7.429e-04
  1839  +4.0271145957      2062  +4.0273437500  +2.292e-04
  1840  +4.0217761729      2059  +4.0214843750  -2.918e-04
  1841  +4.0164449854      2056  +4.0156250000  -8.200e-04
  1842  +4.0111210226      2054  +4.0117187500  +5.977e-04
  1843  +4.0058042743      2051  +4.0058593750  +5.510e-05
  1844  +4.0004947302      2048  +4.0000000000  -4.947e-04
  1845  +3.9951923798      2046  +3.9960937500  +9.014e-04
  1846  +3.9898972130      2043  +3.9902343750  +3.372e-04
  1847  +3.9846092193      2040  +3.9843750000  -2.342e-04
  1848  +3.9793283887      2037  +3.9785156250  -8.128e-04
  1849  +3.9740547107      2035  +3.9746093750  +5.547e-04
  1850  +3.9687881753      2032  +3.9687500000  -3.818e-05
  1851  +3.9635287720      2029  +3.9628906250  -6.381e-04
  1852  +3.9582764908      2027  +3.9589843750  +7.079e-04
  1853  +3.9530313214      2024  +3.9531250000  +9.368e-05
  1854  +3.9477932537      2021  +3.9472656250  -5.276e-04
  1855  +3.9425622775      2019  +3.9433593750  +7.971e-04
  1856  +3.9373383825      2016  +3.9375000000  +1.616e-04
  1857  +3.9321215588      2013  +3.9316406250  -4.809e-04
  1858  +3.9269117962      2011  +3.9277343750  +8.226e-04
  1859  +3.9217090845      2008  +3.9218750000  +1.659e-04
  1860  +3.9165134137      2005  +3.9160156250  -4.978e-04
  1861  +3.9113247736      2003  +3.9121093750  +7.846e-04
  1862  +3.9061431543      2000  +3.9062500000  +1.068e-04
  1863  +3.9009685456      1997  +3.9003906250  -5.779e-04
  1864  +3.8958009376      1995  +3.8964843750  +6.834e-04
  1865  +3.8906403202      1992  +3.8906250000  -1.532e-05
  1866  +3.8854866834      1989  +3.8847656250  -7.211e-04
  1867  +3.8803400172      1987  +3.8808593750  +5.194e-04
  1868  +3.8752003116      1984  +3.8750000000  -2.003e-04
  1869  +3.8700675567      1981  +3.8691406250  -9.269e-04
  1870  +3.8649417425      1979  +3.8652343750  +2.926e-04
  1871  +3.8598228591      1976  +3.8593750000  -4.479e-04
  1872  +3.8547108965      1974  +3.8554687500  +7.579e-04
  1873  +3.8496058449      1971  +3.8496093750  +3.530e-06
  1874  +3.8445076943      1968  +3.8437500000  -7.577e-04
  1875  +3.8394164349      1966  +3.8398437500  +4.273e-04
  1876  +3.8343320567      1963  +3.8339843750  -3.477e-04
  1877  +3.8292545501      1961  +3.8300781250  +8.236e-04
  1878  +3.8241839050      1958  +3.8242187500  +3.484e-05
  1879  +3.8191201118      1955  +3.8183593750  -7.607e-04
  1880  +3.8140631605      1953  +3.8144531250  +3.900e-04
  1881  +3.8090130414      1950  +3.8085937500  -4.193e-04
  1882  +3.8039697447      1948  +3.8046875000  +7.178e-04
  1883  +3.7989332607      1945  +3.7988281250  -1.051e-04
  1884  +3.7939035795      1942  +3.7929687500  -9.348e-04
  1885  +3.7888806915      1940  +3.7890625000  +1.818e-04
  1886  +3.7838645869      1937  +3.7832031250  -6.615e-04
  1887  +3.7788552560      1935  +3.7792968750  +4.416e-04
  1888  +3.7738526891      1932  +3.7734375000  -4.152e-04
  1889  +3.7688568765      1930  +3.7695312500  +6.744e-04
  1890  +3.7638678086      1927  +3.7636718750  -1.959e-04
  1891  +3.7588854757      1925  +3.7597656250  +8.801e-04
  1892  +3.7539098682      1922  +3.7539062500  -3.618e-06
  1893  +3.7489409764      1919  +3.7480468750  -8.941e-04
  1894  +3.7439787907      1917  +3.7441406250  +1.618e-04
  1895  +3.7390233015      1914  +3.7382812500  -7.421e-04
  1896  +3.7340744992      1912  +3.7343750000  +3.005e-04
  1897  +3.7291323743      1909  +3.7285156250  -6.167e-04
  1898  +3.7241969172      1907  +3.7246093750  +4.125e-04
  1899  +3.7192681183      1904  +3.7187500000  -5.181e-04
  1900  +3.7143459682      1902  +3.7148437500  +4.978e-04
  1901  +3.7094304573      1899  +3.7089843750  -4.461e-04
  1902  +3.7045215760      1897  +3.7050781250  +5.565e-04
  1903  +3.6996193150      1894  +3.6992187500  -4.006e-04
  1904  +3.6947236646      1892  +3.6953125000  +5.888e-04
  1905  +3.6898346156      1889  +3.6894531250  -3.815e-04
  1906  +3.6849521583      1887  +3.6855468750  +5.947e-04
  1907  +3.6800762835      1884  +3.6796875000  -3.888e-04
  1908  +3.6752069815      1882  +3.6757812500  +5.743e-04
  1909  +3.6703442431      1879  +3.6699218750  -4.224e-04
  1910  +3.6654880589      1877  +3.6660156250  +5.276e-04
  1911  +3.6606384194      1874  +3.6601562500  -4.822e-04
  1912  +3.6557953154      1872  +3.6562500000  +4.547e-04
  1913  +3.6509587373      1869  +3.6503906250  -5.681e-04
  1914  +3.6461286760      1867  +3.6464843750  +3.557e-04
  1915  +3.6413051220      1864  +3.6406250000  -6.801e-04
  1916  +3.6364880660      1862  +3.6367187500  +2.307e-04
  1917  +3.6316774988      1859  +3.6308593750  -8.181e-04
  1918  +3.6268734111      1857  +3.6269531250  +7.971e-05
  1919  +3.6220757936      1855  +3.6230468750  +9.711e-04
  1920  +3.6172846369      1852  +3.6171875000  -9.714e-05
  1921  +3.6124999320      1850  +3.6132812500  +7.813e-04
  1922  +3.6077216694      1847  +3.6074218750  -2.998e-04
  1923  +3.6029498401      1845  +3.6035156250  +5.658e-04
  1924  +3.5981844348      1842  +3.5976562500  -5.282e-04
  1925  +3.5934254443      1840  +3.5937500000  +3.246e-04
  1926  +3.5886728594      1837  +3.5878906250  -7.822e-04
  1927  +3.5839266710      1835  +3.5839843750  +5.770e-05
  1928  +3.5791868699      1833  +3.5800781250  +8.913e-04
  1929  +3.5744534469      1830  +3.5742187500  -2.347e-04
  1930  +3.5697263930      1828  +3.5703125000  +5.861e-04
  1931  +3.5650056989      1825  +3.5644531250  -5.526e-04
  1932  +3.5602913557      1823  +3.5605468750  +2.555e-04
  1933  +3.5555833542      1820  +3.5546875000  -8.959e-04
  1934  +3.5508816853      1818  +3.5507812500  -1.004e-04
  1935  +3.5461863399      1816  +3.5468750000  +6.887e-04
  1936  +3.5414973091      1813  +3.5410156250  -4.817e-04
  1937  +3.5368145838      1811  +3.5371093750  +2.948e-04
  1938  +3.5321381549      1808  +3.5312500000  -8.882e-04
  1939  +3.5274680135      1806  +3.5273437500  -1.243e-04
  1940  +3.5228041505      1804  +3.5234375000  +6.333e-04
  1941  +3.5181465569      1801  +3.5175781250  -5.684e-04
  1942  +3.5134952238      1799  +3.5136718750  +1.767e-04
  1943  +3.5088501423      1797  +3.5097656250  +9.155e-04
  1944  +3.5042113033      1794  +3.5039062500  -3.051e-04
  1945  +3.4995786979      1792  +3.5000000000  +4.213e-04
  1946  +3.4949523173      1789  +3.4941406250  -8.117e-04
  1947  +3.4903321524      1787  +3.4902343750  -9.778e-05
  1948  +3.4857181944      1785  +3.4863281250  +6.099e-04
  1949  +3.4811104345      1782  +3.4804687500  -6.417e-04
  1950  +3.4765088637      1780  +3.4765625000  +5.364e-05
  1951  +3.4719134732      1778  +3.4726562500  +7.428e-04
  1952  +3.4673242541      1775  +3.4667968750  -5.274e-04
  1953  +3.4627411976      1773  +3.4628906250  +1.494e-04
  1954  +3.4581642950      1771  +3.4589843750  +8.201e-04
  1955  +3.4535935372      1768  +3.4531250000  -4.685e-04
  1956  +3.4490289157      1766  +3.4492187500  +1.898e-04
  1957  +3.4444704216      1764  +3.4453125000  +8.421e-04
  1958  +3.4399180461      1761  +3.4394531250  -4.649e-04
  1959  +3.4353717805      1759  +3.4355468750  +1.751e-04
  1960  +3.4308316160      1757  +3.4316406250  +8.090e-04
  1961  +3.4262975438      1754  +3.4257812500  -5.163e-04
  1962  +3.4217695554      1752  +3.4218750000  +1.054e-04
  1963  +3.4172476419      1750  +3.4179687500  +7.211e-04
  1964  +3.4127317947      1747  +3.4121093750  -6.224e-04
  1965  +3.4082220051      1745  +3.4082031250  -1.888e-05
  1966  +3.4037182644      1743  +3.4042968750  +5.786e-04
  1967  +3.3992205640      1740  +3.3984375000  -7.831e-04
  1968  +3.3947288952      1738  +3.3945312500  -1.976e-04
  1969  +3.3902432493      1736  +3.3906250000  +3.818e-04
  1970  +3.3857636178      1734  +3.3867187500  +9.551e-04
  1971  +3.3812899921      1731  +3.3808593750  -4.306e-04
  1972  +3.3768223636      1729  +3.3769531250  +1.308e-04
  1973  +3.3723607236      1727  +3.3730468750  +6.862e-04
  1974  +3.3679050636      1724  +3.3671875000  -7.176e-04
  1975  +3.3634553750      1722  +3.3632812500  -1.741e-04
  1976  +3.3590116494      1720  +3.3593750000  +3.634e-04
  1977  +3.3545738781      1718  +3.3554687500  +8.949e-04
  1978  +3.3501420527      1715  +3.3496093750  -5.327e-04
  1979  +3.3457161646      1713  +3.3457031250  -1.304e-05
  1980  +3.3412962054      1711  +3.3417968750  +5.007e-04
  1981  +3.3368821665      1708  +3.3359375000  -9.447e-04
  1982  +3.3324740395      1706  +3.3320312500  -4.428e-04
  1983  +3.3280718159      1704  +3.3281250000  +5.318e-05
  1984  +3.3236754873      1702  +3.3242187500  +5.433e-04
  1985  +3.3192850452      1699  +3.3183593750  -9.257e-04
  1986  +3.3149004812      1697  +3.3144531250  -4.474e-04
  1987  +3.3105217869      1695  +3.3105468750  +2.509e-05
  1988  +3.3061489540      1693  +3.3066406250  +4.917e-04
  1989  +3.3017819739      1691  +3.3027343750  +9.524e-04
  1990  +3.2974208384      1688  +3.2968750000  -5.458e-04
  1991  +3.2930655390      1686  +3.2929687500  -9.679e-05
  1992  +3.2887160675      1684  +3.2890625000  +3.464e-04
  1993  +3.2843724155      1682  +3.2851562500  +7.838e-04
  1994  +3.2800345746      1679  +3.2792968750  -7.377e-04
  1995  +3.2757025365      1677  +3.2753906250  -3.119e-04
  1996  +3.2713762930      1675  +3.2714843750  +1.081e-04
  1997  +3.2670558357      1673  +3.2675781250  +5.223e-04
  1998  +3.2627411564      1671  +3.2636718750  +9.307e-04
  1999  +3.2584322468      1668  +3.2578125000  -6.197e-04
  2000  +3.2541290986      1666  +3.2539062500  -2.228e-04
  2001  +3.2498317037      1664  +3.2500000000  +1.683e-04
  2002  +3.2455400537      1662  +3.2460937500  +5.537e-04
  2003  +3.2412541404      1660  +3.2421875000  +9.334e-04
  2004  +3.2369739556      1657  +3.2363281250  -6.458e-04
  2005  +3.2326994913      1655  +3.2324218750  -2.776e-04
  2006  +3.2284307390      1653  +3.2285156250  +8.489e-05
  2007  +3.2241676907      1651  +3.2246093750  +4.417e-04
  2008  +3.2199103383      1649  +3.2207031250  +7.928e-04
  2009  +3.2156586735      1646  +3.2148437500  -8.149e-04
  2010  +3.2114126883      1644  +3.2109375000  -4.752e-04
  2011  +3.2071723744      1642  +3.2070312500  -1.411e-04
  2012  +3.2029377239      1640  +3.2031250000  +1.873e-04
  2013  +3.1987087285      1638  +3.1992187500  +5.100e-04
  2014  +3.1944853803      1636  +3.1953125000  +8.271e-04
  2015  +3.1902676710      1633  +3.1894531250  -8.145e-04
  2016  +3.1860555927      1631  +3.1855468750  -5.087e-04
  2017  +3.1818491373      1629  +3.1816406250  -2.085e-04
  2018  +3.1776482968      1627  +3.1777343750  +8.608e-05
  2019  +3.1734530630      1625  +3.1738281250  +3.751e-04
  2020  +3.1692634281      1623  +3.1699218750  +6.584e-04
  2021  +3.1650793839      1621  +3.1660156250  +9.362e-04
  2022  +3.1609009226      1618  +3.1601562500  -7.447e-04
  2023  +3.1567280360      1616  +3.1562500000  -4.780e-04
  2024  +3.1525607162      1614  +3.1523437500  -2.170e-04
  2025  +3.1483989554      1612  +3.1484375000  +3.854e-05
  2026  +3.1442427454      1610  +3.1445312500  +2.885e-04
  2027  +3.1400920784      1608  +3.1406250000  +5.329e-04
  2028  +3.1359469464      1606  +3.1367187500  +7.718e-04
  2029  +3.1318073415      1603  +3.1308593750  -9.480e-04
  2030  +3.1276732559      1601  +3.1269531250  -7.201e-04
  2031  +3.1235446815      1599  +3.1230468750  -4.978e-04
  2032  +3.1194216106      1597  +3.1191406250  -2.810e-04
  2033  +3.1153040353      1595  +3.1152343750  -6.966e-05
  2034  +3.1111919477      1593  +3.1113281250  +1.362e-04
  2035  +3.1070853399      1591  +3.1074218750  +3.365e-04
  2036  +3.1029842041      1589  +3.1035156250  +5.314e-04
  2037  +3.0988885325      1587  +3.0996093750  +7.208e-04
  2038  +3.0947983173      1585  +3.0957031250  +9.048e-04
  2039  +3.0907135506      1582  +3.0898437500  -8.698e-04
  2040  +3.0866342247      1580  +3.0859375000  -6.967e-04
  2041  +3.0825603318      1578  +3.0820312500  -5.291e-04
  2042  +3.0784918642      1576  +3.0781250000  -3.669e-04
  2043  +3.0744288139      1574  +3.0742187500  -2.101e-04
  2044  +3.0703711734      1572  +3.0703125000  -5.867e-05
  2045  +3.0663189349      1570  +3.0664062500  +8.732e-05
  2046  +3.0622720906      1568  +3.0625000000  +2.279e-04
  2047  +3.0582306328      1566  +3.0585937500  +3.631e-04
  2048  +3.0541945538      1564  +3.0546875000  +4.929e-04
  2049  +3.0501638460      1562  +3.0507812500  +6.174e-04
  2050  +3.0461385017      1560  +3.0468750000  +7.365e-04
  2051  +3.0421185131      1558  +3.0429687500  +8.502e-04
  2052  +3.0381038726      1556  +3.0390625000  +9.586e-04
  2053  +3.0340945726      1553  +3.0332031250  -8.914e-04
  2054  +3.0300906055      1551  +3.0292968750  -7.937e-04
  2055  +3.0260919635      1549  +3.0253906250  -7.013e-04
  2056  +3.0220986391      1547  +3.0214843750  -6.143e-04
  2057  +3.0181106248      1545  +3.0175781250  -5.325e-04
  2058  +3.0141279128      1543  +3.0136718750  -4.560e-04
  2059  +3.0101504956      1541  +3.0097656250  -3.849e-04
  2060  +3.0061783657      1539  +3.0058593750  -3.190e-04
  2061  +3.0022115155      1537  +3.0019531250  -2.584e-04
  2062  +2.9982499373      1535  +2.9980468750  -2.031e-04
  2063  +2.9942936238      1533  +2.9941406250  -1.530e-04
  2064  +2.9903425674      1531  +2.9902343750  -1.082e-04
  2065  +2.9863967604      1529  +2.9863281250  -6.864e-05
  2066  +2.9824561956      1527  +2.9824218750  -3.432e-05
  2067  +2.9785208652      1525  +2.9785156250  -5.240e-06
  2068  +2.9745907619      1523  +2.9746093750  +1.861e-05
  2069  +2.9706658782      1521  +2.9707031250  +3.725e-05
  2070  +2.9667462067      1519  +2.9667968750  +5.067e-05
  2071  +2.9628317397      1517  +2.9628906250  +5.889e-05
  2072  +2.9589224701      1515  +2.9589843750  +6.190e-05
  2073  +2.9550183902      1513  +2.9550781250  +5.973e-05
  2074  +2.9511194927      1511  +2.9511718750  +5.238e-05
  2075  +2.9472257701      1509  +2.9472656250  +3.985e-05
  2076  +2.9433372151      1507  +2.9433593750  +2.216e-05
  2077  +2.9394538203      1505  +2.9394531250  -6.953e-07
  2078  +2.9355755783      1503  +2.9355468750  -2.870e-05
  2079  +2.9317024818      1501  +2.9316406250  -6.186e-05
  2080  +2.9278345233      1499  +2.9277343750  -1.001e-04
  2081  +2.9239716955      1497  +2.9238281250  -1.436e-04
  2082  +2.9201139912      1495  +2.9199218750  -1.921e-04
  2083  +2.9162614029      1493  +2.9160156250  -2.458e-04
  2084  +2.9124139234      1491  +2.9121093750  -3.045e-04
  2085  +2.9085715453      1489  +2.9082031250  -3.684e-04
  2086  +2.9047342614      1487  +2.9042968750  -4.374e-04
  2087  +2.9009020644      1485  +2.9003906250  -5.114e-04
  2088  +2.8970749470      1483  +2.8964843750  -5.906e-04
  2089  +2.8932529020      1481  +2.8925781250  -6.748e-04
  2090  +2.8894359220      1479  +2.8886718750  -7.640e-04
  2091  +2.8856239999      1477  +2.8847656250  -8.584e-04
  2092  +2.8818171285      1475  +2.8808593750  -9.578e-04
  2093  +2.8780153004      1474  +2.8789062500  +8.909e-04
  2094  +2.8742185085      1472  +2.8750000000  +7.815e-04
  2095  +2.8704267457      1470  +2.8710937500  +6.670e-04
  2096  +2.8666400047      1468  +2.8671875000  +5.475e-04
  2097  +2.8628582783      1466  +2.8632812500  +4.230e-04
  2098  +2.8590815593      1464  +2.8593750000  +2.934e-04
  2099  +2.8553098407      1462  +2.8554687500  +1.589e-04
  2100  +2.8515431153      1460  +2.8515625000  +1.938e-05
  2101  +2.8477813759      1458  +2.8476562500  -1.251e-04
  2102  +2.8440246153      1456  +2.8437500000  -2.746e-04
  2103  +2.8402728266      1454  +2.8398437500  -4.291e-04
  2104  +2.8365260026      1452  +2.8359375000  -5.885e-04
  2105  +2.8327841361      1450  +2.8320312500  -7.529e-04
  2106  +2.8290472202      1448  +2.8281250000  -9.222e-04
  2107  +2.8253152477      1447  +2.8261718750  +8.566e-04
  2108  +2.8215882115      1445  +2.8222656250  +6.774e-04
  2109  +2.8178661047      1443  +2.8183593750  +4.933e-04
  2110  +2.8141489201      1441  +2.8144531250  +3.042e-04
  2111  +2.8104366508      1439  +2.8105468750  +1.102e-04
  2112  +2.8067292896      1437  +2.8066406250  -8.866e-05
  2113  +2.8030268297      1435  +2.8027343750  -2.925e-04
  2114  +2.7993292640      1433  +2.7988281250  -5.011e-04
  2115  +2.7956365854      1431  +2.7949218750  -7.147e-04
  2116  +2.7919487871      1429  +2.7910156250  -9.332e-04
  2117  +2.7882658620      1428  +2.7890625000  +7.966e-04
  2118  +2.7845878032      1426  +2.7851562500  +5.684e-04
  2119  +2.7809146037      1424  +2.7812500000  +3.354e-04
  2120  +2.7772462567      1422  +2.7773437500  +9.749e-05
  2121  +2.7735827550      1420  +2.7734375000  -1.453e-04
  2122  +2.7699240919      1418  +2.7695312500  -3.928e-04
  2123  +2.7662702604      1416  +2.7656250000  -6.453e-04
  2124  +2.7626212537      1414  +2.7617187500  -9.025e-04
  2125  +2.7589770647      1413  +2.7597656250  +7.886e-04
  2126  +2.7553376867      1411  +2.7558593750  +5.217e-04
  2127  +2.7517031128      1409  +2.7519531250  +2.500e-04
  2128  +2.7480733361      1407  +2.7480468750  -2.646e-05
  2129  +2.7444483497      1405  +2.7441406250  -3.077e-04
  2130  +2.7408281468      1403  +2.7402343750  -5.938e-04
  2131  +2.7372127206      1401  +2.7363281250  -8.846e-04
  2132  +2.7336020643      1400  +2.7343750000  +7.729e-04
  2133  +2.7299961710      1398  +2.7304687500  +4.726e-04
  2134  +2.7263950339      1396  +2.7265625000  +1.675e-04
  2135  +2.7227986463      1394  +2.7226562500  -1.424e-04
  2136  +2.7192070013      1392  +2.7187500000  -4.570e-04
  2137  +2.7156200922      1390  +2.7148437500  -7.763e-04
  2138  +2.7120379123      1389  +2.7128906250  +8.527e-04
  2139  +2.7084604547      1387  +2.7089843750  +5.239e-04
  2140  +2.7048877127      1385  +2.7050781250  +1.904e-04
  2141  +2.7013196796      1383  +2.7011718750  -1.478e-04
  2142  +2.6977563487      1381  +2.6972656250  -4.907e-04
  2143  +2.6941977132      1379  +2.6933593750  -8.383e-04
  2144  +2.6906437664      1378  +2.6914062500  +7.625e-04
  2145  +2.6870945017      1376  +2.6875000000  +4.055e-04
  2146  +2.6835499124      1374  +2.6835937500  +4.384e-05
  2147  +2.6800099917      1372  +2.6796875000  -3.225e-04
  2148  +2.6764747331      1370  +2.6757812500  -6.935e-04
  2149  +2.6729441298      1369  +2.6738281250  +8.840e-04
  2150  +2.6694181753      1367  +2.6699218750  +5.037e-04
  2151  +2.6658968628      1365  +2.6660156250  +1.188e-04
  2152  +2.6623801857      1363  +2.6621093750  -2.708e-04
  2153  +2.6588681375      1361  +2.6582031250  -6.650e-04
  2154  +2.6553607115      1360  +2.6562500000  +8.893e-04
  2155  +2.6518579011      1358  +2.6523437500  +4.858e-04
  2156  +2.6483596997      1356  +2.6484375000  +7.780e-05
  2157  +2.6448661008      1354  +2.6445312500  -3.349e-04
  2158  +2.6413770977      1352  +2.6406250000  -7.521e-04
  2159  +2.6378926840      1351  +2.6386718750  +7.792e-04
  2160  +2.6344128530      1349  +2.6347656250  +3.528e-04
  2161  +2.6309375983      1347  +2.6308593750  -7.822e-05
  2162  +2.6274669132      1345  +2.6269531250  -5.138e-04
  2163  +2.6240007913      1343  +2.6230468750  -9.539e-04
  2164  +2.6205392261      1342  +2.6210937500  +5.545e-04
  2165  +2.6170822110      1340  +2.6171875000  +1.053e-04
  2166  +2.6136297395      1338  +2.6132812500  -3.485e-04
  2167  +2.6101818052      1336  +2.6093750000  -8.068e-04
  2168  +2.6067384016      1335  +2.6074218750  +6.835e-04
  2169  +2.6032995222      1333  +2.6035156250  +2.161e-04
  2170  +2.5998651606      1331  +2.5996093750  -2.558e-04
  2171  +2.5964353103      1329  +2.5957031250  -7.322e-04
  2172  +2.5930099649      1328  +2.5937500000  +7.400e-04
  2173  +2.5895891179      1326  +2.5898437500  +2.546e-04
  2174  +2.5861727629      1324  +2.5859375000  -2.353e-04
  2175  +2.5827608936      1322  +2.5820312500  -7.296e-04
  2176  +2.5793535035      1321  +2.5800781250  +7.246e-04
  2177  +2.5759505862      1319  +2.5761718750  +2.213e-04
  2178  +2.5725521353      1317  +2.5722656250  -2.865e-04
  2179  +2.5691581445      1315  +2.5683593750  -7.988e-04
  2180  +2.5657686074      1314  +2.5664062500  +6.376e-04
  2181  +2.5623835176      1312  +2.5625000000  +1.165e-04
  2182  +2.5590028689      1310  +2.5585937500  -4.091e-04
  2183  +2.5556266548      1308  +2.5546875000  -9.392e-04
  2184  +2.5522548690      1307  +2.5527343750  +4.795e-04
  2185  +2.5488875053      1305  +2.5488281250  -5.938e-05
  2186  +2.5455245572      1303  +2.5449218750  -6.027e-04
  2187  +2.5421660186      1302  +2.5429687500  +8.027e-04
  2188  +2.5388118831      1300  +2.5390625000  +2.506e-04
  2189  +2.5354621444      1298  +2.5351562500  -3.059e-04
  2190  +2.5321167963      1296  +2.5312500000  -8.668e-04
  2191  +2.5287758324      1295  +2.5292968750  +5.210e-04
  2192  +2.5254392466      1293  +2.5253906250  -4.862e-05
  2193  +2.5221070326      1291  +2.5214843750  -6.227e-04
  2194  +2.5187791842      1290  +2.5195312500  +7.521e-04
  2195  +2.5154556951      1288  +2.5156250000  +1.693e-04
  2196  +2.5121365591      1286  +2.5117187500  -4.178e-04
  2197  +2.5088217700      1285  +2.5097656250  +9.439e-04
  2198  +2.5055113216      1283  +2.5058593750  +3.481e-04
  2199  +2.5022052077      1281  +2.5019531250  -2.521e-04
  2200  +2.4989034222      1279  +2.4980468750  -8.565e-04
  2201  +2.4956059588      1278  +2.4960937500  +4.878e-04
  2202  +2.4923128114      1276  +2.4921875000  -1.253e-04
  2203  +2.4890239738      1274  +2.4882812500  -7.427e-04
  2204  +2.4857394399      1273  +2.4863281250  +5.887e-04
  2205  +2.4824592036      1271  +2.4824218750  -3.733e-05
  2206  +2.4791832587      1269  +2.4785156250  -6.676e-04
  2207  +2.4759115991      1268  +2.4765625000  +6.509e-04
  2208  +2.4726442187      1266  +2.4726562500  +1.203e-05
  2209  +2.4693811114      1264  +2.4687500000  -6.311e-04
  2210  +2.4661222710      1263  +2.4667968750  +6.746e-04
  2211  +2.4628676916      1261  +2.4628906250  +2.293e-05
  2212  +2.4596173670      1259  +2.4589843750  -6.330e-04
  2213  +2.4563712912      1258  +2.4570312500  +6.600e-04
  2214  +2.4531294581      1256  +2.4531250000  -4.458e-06
  2215  +2.4498918617      1254  +2.4492187500  -6.731e-04
  2216  +2.4466584958      1253  +2.4472656250  +6.071e-04
  2217  +2.4434293546      1251  +2.4433593750  -6.998e-05
  2218  +2.4402044319      1249  +2.4394531250  -7.513e-04
  2219  +2.4369837218      1248  +2.4375000000  +5.163e-04
  2220  +2.4337672183      1246  +2.4335937500  -1.735e-04
  2221  +2.4305549152      1244  +2.4296875000  -8.674e-04
  2222  +2.4273468068      1243  +2.4277343750  +3.876e-04
  2223  +2.4241428869      1241  +2.4238281250  -3.148e-04
  2224  +2.4209431496      1240  +2.4218750000  +9.319e-04
  2225  +2.4177475890      1238  +2.4179687500  +2.212e-04
  2226  +2.4145561991      1236  +2.4140625000  -4.937e-04
  2227  +2.4113689740      1235  +2.4121093750  +7.404e-04
  2228  +2.4081859076      1233  +2.4082031250  +1.722e-05
  2229  +2.4050069941      1231  +2.4042968750  -7.101e-04
  2230  +2.4018322277      1230  +2.4023437500  +5.115e-04
  2231  +2.3986616022      1228  +2.3984375000  -2.241e-04
  2232  +2.3954951119      1226  +2.3945312500  -9.639e-04
  2233  +2.3923327509      1225  +2.3925781250  +2.454e-04
  2234  +2.3891745133      1223  +2.3886718750  -5.026e-04
  2235  +2.3860203932      1222  +2.3867187500  +6.984e-04
  2236  +2.3828703847      1220  +2.3828125000  -5.788e-05
  2237  +2.3797244820      1218  +2.3789062500  -8.182e-04
  2238  +2.3765826792      1217  +2.3769531250  +3.704e-04
  2239  +2.3734449705      1215  +2.3730468750  -3.981e-04
  2240  +2.3703113501      1214  +2.3710937500  +7.824e-04
  2241  +2.3671818121      1212  +2.3671875000  +5.688e-06
  2242  +2.3640563507      1210  +2.3632812500  -7.751e-04
  2243  +2.3609349601      1209  +2.3613281250  +3.932e-04
  2244  +2.3578176345      1207  +2.3574218750  -3.958e-04
  2245  +2.3547043681      1206  +2.3554687500  +7.644e-04
  2246  +2.3515951551      1204  +2.3515625000  -3.266e-05
  2247  +2.3484899898      1202  +2.3476562500  -8.337e-04
  2248  +2.3453888664      1201  +2.3457031250  +3.143e-04
  2249  +2.3422917792      1199  +2.3417968750  -4.949e-04
  2250  +2.3391987223      1198  +2.3398437500  +6.450e-04
  2251  +2.3361096900      1196  +2.3359375000  -1.722e-04
  2252  +2.3330246767      1195  +2.3339843750  +9.597e-04
  2253  +2.3299436766      1193  +2.3300781250  +1.344e-04
  2254  +2.3268666839      1191  +2.3261718750  -6.948e-04
  2255  +2.3237936930      1190  +2.3242187500  +4.251e-04
  2256  +2.3207246981      1188  +2.3203125000  -4.122e-04
  2257  +2.3176596936      1187  +2.3183593750  +6.997e-04
  2258  +2.3145986739      1185  +2.3144531250  -1.455e-04
  2259  +2.3115416331      1184  +2.3125000000  +9.584e-04
  2260  +2.3084885657      1182  +2.3085937500  +1.052e-04
  2261  +2.3054394659      1180  +2.3046875000  -7.520e-04
  2262  +2.3023943283      1179  +2.3027343750  +3.400e-04
  2263  +2.2993531470      1177  +2.2988281250  -5.250e-04
  2264  +2.2963159165      1176  +2.2968750000  +5.591e-04
  2265  +2.2932826311      1174  +2.2929687500  -3.139e-04
  2266  +2.2902532853      1173  +2.2910156250  +7.623e-04
  2267  +2.2872278733      1171  +2.2871093750  -1.185e-04
  2268  +2.2842063897      1170  +2.2851562500  +9.499e-04
  2269  +2.2811888289      1168  +2.2812500000  +6.117e-05
  2270  +2.2781751851      1166  +2.2773437500  -8.314e-04
  2271  +2.2751654530      1165  +2.2753906250  +2.252e-04
  2272  +2.2721596268      1163  +2.2714843750  -6.753e-04
  2273  +2.2691577011      1162  +2.2695312500  +3.735e-04
  2274  +2.2661596702      1160  +2.2656250000  -5.347e-04
  2275  +2.2631655287      1159  +2.2636718750  +5.063e-04
  2276  +2.2601752710      1157  +2.2597656250  -4.096e-04
  2277  +2.2571888916      1156  +2.2578125000  +6.236e-04
  2278  +2.2542063849      1154  +2.2539062500  -3.001e-04
  2279  +2.2512277455      1153  +2.2519531250  +7.254e-04
  2280  +2.2482529678      1151  +2.2480468750  -2.061e-04
  2281  +2.2452820464      1150  +2.2460937500  +8.117e-04
  2282  +2.2423149758      1148  +2.2421875000  -1.275e-04
  2283  +2.2393517504      1147  +2.2402343750  +8.826e-04
  2284  +2.2363923648      1145  +2.2363281250  -6.424e-05
  2285  +2.2334368136      1144  +2.2343750000  +9.382e-04
  2286  +2.2304850913      1142  +2.2304687500  -1.634e-05
  2287  +2.2275371924      1140  +2.2265625000  -9.747e-04
  2288  +2.2245931116      1139  +2.2246093750  +1.626e-05
  2289  +2.2216528433      1137  +2.2207031250  -9.497e-04
  2290  +2.2187163821      1136  +2.2187500000  +3.362e-05
  2291  +2.2157837227      1134  +2.2148437500  -9.400e-04
  2292  +2.2128548596      1133  +2.2128906250  +3.577e-05
  2293  +2.2099297875      1131  +2.2089843750  -9.454e-04
  2294  +2.2070085009      1130  +2.2070312500  +2.275e-05
  2295  +2.2040909944      1128  +2.2031250000  -9.660e-04
  2296  +2.2011772627      1127  +2.2011718750  -5.388e-06
  2297  +2.1982673004      1126  +2.1992187500  +9.514e-04
  2298  +2.1953611021      1124  +2.1953125000  -4.860e-05
  2299  +2.1924586626      1123  +2.1933593750  +9.007e-04
  2300  +2.1895599763      1121  +2.1894531250  -1.069e-04
  2301  +2.1866650381      1120  +2.1875000000  +8.350e-04
  2302  +2.1837738426      1118  +2.1835937500  -1.801e-04
  2303  +2.1808863844      1117  +2.1816406250  +7.542e-04
  2304  +2.1780026583      1115  +2.1777343750  -2.683e-04
  2305  +2.1751226589      1114  +2.1757812500  +6.586e-04
  2306  +2.1722463809      1112  +2.1718750000  -3.714e-04
  2307  +2.1693738191      1111  +2.1699218750  +5.481e-04
  2308  +2.1665049681      1109  +2.1660156250  -4.893e-04
  2309  +2.1636398227      1108  +2.1640625000  +4.227e-04
  2310  +2.1607783777      1106  +2.1601562500  -6.221e-04
  2311  +2.1579206277      1105  +2.1582031250  +2.825e-04
  2312  +2.1550665675      1103  +2.1542968750  -7.697e-04
  2313  +2.1522161918      1102  +2.1523437500  +1.276e-04
  2314  +2.1493694955      1100  +2.1484375000  -9.320e-04
  2315  +2.1465264733      1099  +2.1464843750  -4.210e-05
  2316  +2.1436871199      1098  +2.1445312500  +8.441e-04
  2317  +2.1408514302      1096  +2.1406250000  -2.264e-04
  2318  +2.1380193990      1095  +2.1386718750  +6.525e-04
  2319  +2.1351910210      1093  +2.1347656250  -4.254e-04
  2320  +2.1323662911      1092  +2.1328125000  +4.462e-04
  2321  +2.1295452040      1090  +2.1289062500  -6.390e-04
  2322  +2.1267277546      1089  +2.1269531250  +2.254e-04
  2323  +2.1239139378      1087  +2.1230468750  -8.671e-04
  2324  +2.1211037484      1086  +2.1210937500  -9.998e-06
  2325  +2.1182971811      1085  +2.1191406250  +8.434e-04
  2326  +2.1154942309      1083  +2.1152343750  -2.599e-04
  2327  +2.1126948927      1082  +2.1132812500  +5.864e-04
  2328  +2.1098991612      1080  +2.1093750000  -5.242e-04
  2329  +2.1071070314      1079  +2.1074218750  +3.148e-04
  2330  +2.1043184982      1077  +2.1035156250  -8.029e-04
  2331  +2.1015335564      1076  +2.1015625000  +2.894e-05
  2332  +2.0987522010      1075  +2.0996093750  +8.572e-04
  2333  +2.0959744268      1073  +2.0957031250  -2.713e-04
  2334  +2.0932002288      1072  +2.0937500000  +5.498e-04
  2335  +2.0904296019      1070  +2.0898437500  -5.859e-04
  2336  +2.0876625410      1069  +2.0878906250  +2.281e-04
  2337  +2.0848990410      1067  +2.0839843750  -9.147e-04
  2338  +2.0821390969      1066  +2.0820312500  -1.078e-04
  2339  +2.0793827037      1065  +2.0800781250  +6.954e-04
  2340  +2.0766298563      1063  +2.0761718750  -4.580e-04
  2341  +2.0738805496      1062  +2.0742187500  +3.382e-04
  2342  +2.0711347787      1060  +2.0703125000  -8.223e-04
  2343  +2.0683925385      1059  +2.0683593750  -3.316e-05
  2344  +2.0656538240      1058  +2.0664062500  +7.524e-04
  2345  +2.0629186302      1056  +2.0625000000  -4.186e-04
  2346  +2.0601869521      1055  +2.0605468750  +3.599e-04
  2347  +2.0574587847      1053  +2.0566406250  -8.182e-04
  2348  +2.0547341231      1052  +2.0546875000  -4.662e-05
  2349  +2.0520129622      1051  +2.0527343750  +7.214e-04
  2350  +2.0492952971      1049  +2.0488281250  -4.672e-04
  2351  +2.0465811227      1048  +2.0468750000  +2.939e-04
  2352  +2.0438704343      1046  +2.0429687500  -9.017e-04
  2353  +2.0411632268      1045  +2.0410156250  -1.476e-04
  2354  +2.0384594952      1044  +2.0390625000  +6.030e-04
  2355  +2.0357592347      1042  +2.0351562500  -6.030e-04
  2356  +2.0330624403      1041  +2.0332031250  +1.407e-04
  2357  +2.0303691072      1040  +2.0312500000  +8.809e-04
  2358  +2.0276792303      1038  +2.0273437500  -3.355e-04
  2359  +2.0249928047      1037  +2.0253906250  +3.978e-04
  2360  +2.0223098257      1035  +2.0214843750  -8.255e-04
  2361  +2.0196302883      1034  +2.0195312500  -9.904e-05
  2362  +2.0169541876      1033  +2.0175781250  +6.239e-04
  2363  +2.0142815187      1031  +2.0136718750  -6.096e-04
  2364  +2.0116122768      1030  +2.0117187500  +1.065e-04
  2365  +2.0089464570      1029  +2.0097656250  +8.192e-04
  2366  +2.0062840544      1027  +2.0058593750  -4.247e-04
  2367  +2.0036250643      1026  +2.0039062500  +2.812e-04
  2368  +2.0009694817      1024  +2.0000000000  -9.695e-04
  2369  +1.9983173018      1023  +1.9980468750  -2.704e-04
  2370  +1.9956685199      1022  +1.9960937500  +4.252e-04
  2371  +1.9930231311      1020  +1.9921875000  -8.356e-04
  2372  +1.9903811305      1019  +1.9902343750  -1.468e-04
  2373  +1.9877425134      1018  +1.9882812500  +5.387e-04
  2374  +1.9851072749      1016  +1.9843750000  -7.323e-04
  2375  +1.9824754104      1015  +1.9824218750  -5.354e-05
  2376  +1.9798469149      1014  +1.9804687500  +6.218e-04
  2377  +1.9772217838      1012  +1.9765625000  -6.593e-04
  2378  +1.9746000122      1011  +1.9746093750  +9.363e-06
  2379  +1.9719815954      1010  +1.9726562500  +6.747e-04
  2380  +1.9693665287      1008  +1.9687500000  -6.165e-04
  2381  +1.9667548072      1007  +1.9667968750  +4.207e-05
  2382  +1.9641464262      1006  +1.9648437500  +6.973e-04
  2383  +1.9615413811      1004  +1.9609375000  -6.039e-04
  2384  +1.9589396670      1003  +1.9589843750  +4.471e-05
  2385  +1.9563412793      1002  +1.9570312500  +6.900e-04
  2386  +1.9537462133      1000  +1.9531250000  -6.212e-04
  2387  +1.9511544641       999  +1.9511718750  +1.741e-05
  2388  +1.9485660272       998  +1.9492187500  +6.527e-04
  2389  +1.9459808979       996  +1.9453125000  -6.684e-04
  2390  +1.9433990714       995  +1.9433593750  -3.970e-05
  2391  +1.9408205430       994  +1.9414062500  +5.857e-04
  2392  +1.9382453082       992  +1.9375000000  -7.453e-04
  2393  +1.9356733622       991  +1.9355468750  -1.265e-04
  2394  +1.9331047004       990  +1.9335937500  +4.890e-04
  2395  +1.9305393181       988  +1.9296875000  -8.518e-04
  2396  +1.9279772106       987  +1.9277343750  -2.428e-04
  2397  +1.9254183734       986  +1.9257812500  +3.629e-04
  2398  +1.9228628018       985  +1.9238281250  +9.653e-04
  2399  +1.9203104912       983  +1.9199218750  -3.886e-04
  2400  +1.9177614369       982  +1.9179687500  +2.073e-04
  2401  +1.9152156344       981  +1.9160156250  +8.000e-04
  2402  +1.9126730790       979  +1.9121093750  -5.637e-04
  2403  +1.9101337662       978  +1.9101562500  +2.248e-05
  2404  +1.9075976913       977  +1.9082031250  +6.054e-04
  2405  +1.9050648497       975  +1.9042968750  -7.680e-04
  2406  +1.9025352370       974  +1.9023437500  -1.915e-04
  2407  +1.9000088484       973  +1.9003906250  +3.818e-04
  2408  +1.8974856795       972  +1.8984375000  +9.518e-04
  2409  +1.8949657257       970  +1.8945312500  -4.345e-04
  2410  +1.8924489825       969  +1.8925781250  +1.291e-04
  2411  +1.8899354452       968  +1.8906250000  +6.896e-04
  2412  +1.8874251094       966  +1.8867187500  -7.064e-04
  2413  +1.8849179705       965  +1.8847656250  -1.523e-04
  2414  +1.8824140240       964  +1.8828125000  +3.985e-04
  2415  +1.8799132654       963  +1.8808593750  +9.461e-04
  2416  +1.8774156901       961  +1.8769531250  -4.626e-04
  2417  +1.8749212937       960  +1.8750000000  +7.871e-05
  2418  +1.8724300717       959  +1.8730468750  +6.168e-04
  2419  +1.8699420195       957  +1.8691406250  -8.014e-04
  2420  +1.8674571327       956  +1.8671875000  -2.696e-04
  2421  +1.8649754068       955  +1.8652343750  +2.590e-04
  2422  +1.8624968374       954  +1.8632812500  +7.844e-04
  2423  +1.8600214199       952  +1.8593750000  -6.464e-04
  2424  +1.8575491499       951  +1.8574218750  -1.273e-04
  2425  +1.8550800230       950  +1.8554687500  +3.887e-04
  2426  +1.8526140347       949  +1.8535156250  +9.016e-04
  2427  +1.8501511805       947  +1.8496093750  -5.418e-04
  2428  +1.8476914561       946  +1.8476562500  -3.521e-05
  2429  +1.8452348570       945  +1.8457031250  +4.683e-04
  2430  +1.8427813788       944  +1.8437500000  +9.686e-04
  2431  +1.8403310170       942  +1.8398437500  -4.873e-04
  2432  +1.8378837673       941  +1.8378906250  +6.858e-06
  2433  +1.8354396253       940  +1.8359375000  +4.979e-04
  2434  +1.8329985866       938  +1.8320312500  -9.673e-04
  2435  +1.8305606467       937  +1.8300781250  -4.825e-04
  2436  +1.8281258013       936  +1.8281250000  -8.013e-07
  2437  +1.8256940461       935  +1.8261718750  +4.778e-04
  2438  +1.8232653766       934  +1.8242187500  +9.534e-04
  2439  +1.8208397885       932  +1.8203125000  -5.273e-04
  2440  +1.8184172774       931  +1.8183593750  -5.790e-05
  2441  +1.8159978390       930  +1.8164062500  +4.084e-04
  2442  +1.8135814689       929  +1.8144531250  +8.717e-04
  2443  +1.8111681629       927  +1.8105468750  -6.213e-04
  2444  +1.8087579165       926  +1.8085937500  -1.642e-04
  2445  +1.8063507255       925  +1.8066406250  +2.899e-04
  2446  +1.8039465855       924  +1.8046875000  +7.409e-04
  2447  +1.8015454923       922  +1.8007812500  -7.642e-04
  2448  +1.7991474414       921  +1.7988281250  -3.193e-04
  2449  +1.7967524287       920  +1.7968750000  +1.226e-04
  2450  +1.7943604498       919  +1.7949218750  +5.614e-04
  2451  +1.7919715004       917  +1.7910156250  -9.559e-04
  2452  +1.7895855763       916  +1.7890625000  -5.231e-04
  2453  +1.7872026731       915  +1.7871093750  -9.330e-05
  2454  +1.7848227867       914  +1.7851562500  +3.335e-04
  2455  +1.7824459127       913  +1.7832031250  +7.572e-04
  2456  +1.7800720469       911  +1.7792968750  -7.752e-04
  2457  +1.7777011851       910  +1.7773437500  -3.574e-04
  2458  +1.7753333230       909  +1.7753906250  +5.730e-05
  2459  +1.7729684563       908  +1.7734375000  +4.690e-04
  2460  +1.7706065809       907  +1.7714843750  +8.778e-04
  2461  +1.7682476925       905  +1.7675781250  -6.696e-04
  2462  +1.7658917869       904  +1.7656250000  -2.668e-04
  2463  +1.7635388599       903  +1.7636718750  +1.330e-04
  2464  +1.7611889072       902  +1.7617187500  +5.298e-04
  2465  +1.7588419248       901  +1.7597656250  +9.237e-04
  2466  +1.7564979083       899  +1.7558593750  -6.385e-04
  2467  +1.7541568536       898  +1.7539062500  -2.506e-04
  2468  +1.7518187565       897  +1.7519531250  +1.344e-04
  2469  +1.7494836129       896  +1.7500000000  +5.164e-04
  2470  +1.7471514186       895  +1.7480468750  +8.955e-04
  2471  +1.7448221693       893  +1.7441406250  -6.815e-04
  2472  +1.7424958610       892  +1.7421875000  -3.084e-04
  2473  +1.7401724895       891  +1.7402343750  +6.189e-05
  2474  +1.7378520507       890  +1.7382812500  +4.292e-04
  2475  +1.7355345404       889  +1.7363281250  +7.936e-04
  2476  +1.7332199545       887  +1.7324218750  -7.981e-04
  2477  +1.7309082889       886  +1.7304687500  -4.395e-04
  2478  +1.7285995394       885  +1.7285156250  -8.391e-05
  2479  +1.7262937019       884  +1.7265625000  +2.688e-04
  2480  +1.7239907723       883  +1.7246093750  +6.186e-04
  2481  +1.7216907466       882  +1.7226562500  +9.655e-04
  2482  +1.7193936206       880  +1.7187500000  -6.436e-04
  2483  +1.7170993902       879  +1.7167968750  -3.025e-04
  2484  +1.7148080513       878  +1.7148437500  +3.570e-05
  2485  +1.7125196000       877  +1.7128906250  +3.710e-04
  2486  +1.7102340320       876  +1.7109375000  +7.035e-04
  2487  +1.7079513434       874  +1.7070312500  -9.201e-04
  2488  +1.7056715300       873  +1.7050781250  -5.934e-04
  2489  +1.7033945878       872  +1.7031250000  -2.696e-04
  2490  +1.7011205128       871  +1.7011718750  +5.136e-05
  2491  +1.6988493010       870  +1.6992187500  +3.694e-04
  2492  +1.6965809482       869  +1.6972656250  +6.847e-04
  2493  +1.6943154505       867  +1.6933593750  -9.561e-04
  2494  +1.6920528038       866  +1.6914062500  -6.466e-04
  2495  +1.6897930042       865  +1.6894531250  -3.399e-04
  2496  +1.6875360475       864  +1.6875000000  -3.605e-05
  2497  +1.6852819299       863  +1.6855468750  +2.649e-04
  2498  +1.6830306472       862  +1.6835937500  +5.631e-04
  2499  +1.6807821955       861  +1.6816406250  +8.584e-04
  2500  +1.6785365709       859  +1.6777343750  -8.022e-04
  2501  +1.6762937692       858  +1.6757812500  -5.125e-04
  2502  +1.6740537867       857  +1.6738281250  -2.257e-04
  2503  +1.6718166192       856  +1.6718750000  +5.838e-05
  2504  +1.6695822628       855  +1.6699218750  +3.396e-04
  2505  +1.6673507135       854  +1.6679687500  +6.180e-04
  2506  +1.6651219675       853  +1.6660156250  +8.937e-04
  2507  +1.6628960207       851  +1.6621093750  -7.866e-04
  2508  +1.6606728692       850  +1.6601562500  -5.166e-04
  2509  +1.6584525091       849  +1.6582031250  -2.494e-04
  2510  +1.6562349364       848  +1.6562500000  +1.506e-05
  2511  +1.6540201472       847  +1.6542968750  +2.767e-04
  2512  +1.6518081376       846  +1.6523437500  +5.356e-04
  2513  +1.6495989037       845  +1.6503906250  +7.917e-04
  2514  +1.6473924416       843  +1.6464843750  -9.081e-04
  2515  +1.6451887474       842  +1.6445312500  -6.575e-04
  2516  +1.6429878171       841  +1.6425781250  -4.097e-04
  2517  +1.6407896469       840  +1.6406250000  -1.646e-04
  2518  +1.6385942328       839  +1.6386718750  +7.764e-05
  2519  +1.6364015711       838  +1.6367187500  +3.172e-04
  2520  +1.6342116579       837  +1.6347656250  +5.540e-04
  2521  +1.6320244892       836  +1.6328125000  +7.880e-04
  2522  +1.6298400612       834  +1.6289062500  -9.338e-04
  2523  +1.6276583701       833  +1.6269531250  -7.052e-04
  2524  +1.6254794120       832  +1.6250000000  -4.794e-04
  2525  +1.6233031830       831  +1.6230468750  -2.563e-04
  2526  +1.6211296794       830  +1.6210937500  -3.593e-05
  2527  +1.6189588972       829  +1.6191406250  +1.817e-04
  2528  +1.6167908327       828  +1.6171875000  +3.967e-04
  2529  +1.6146254820       827  +1.6152343750  +6.089e-04
  2530  +1.6124628413       826  +1.6132812500  +8.184e-04
  2531  +1.6103029069       824  +1.6093750000  -9.279e-04
  2532  +1.6081456748       823  +1.6074218750  -7.238e-04
  2533  +1.6059911413       822  +1.6054687500  -5.224e-04
  2534  +1.6038393026       821  +1.6035156250  -3.237e-04
  2535  +1.6016901550       820  +1.6015625000  -1.277e-04
  2536  +1.5995436945       819  +1.5996093750  +6.568e-05
  2537  +1.5973999175       818  +1.5976562500  +2.563e-04
  2538  +1.5952588202       817  +1.5957031250  +4.443e-04
  2539  +1.5931203988       816  +1.5937500000  +6.296e-04
  2540  +1.5909846495       815  +1.5917968750  +8.122e-04
  2541  +1.5888515687       813  +1.5878906250  -9.609e-04
  2542  +1.5867211524       812  +1.5859375000  -7.837e-04
  2543  +1.5845933971       811  +1.5839843750  -6.090e-04
  2544  +1.5824682989       810  +1.5820312500  -4.370e-04
  2545  +1.5803458541       809  +1.5800781250  -2.677e-04
  2546  +1.5782260590       808  +1.5781250000  -1.011e-04
  2547  +1.5761089099       807  +1.5761718750  +6.297e-05
  2548  +1.5739944030       806  +1.5742187500  +2.243e-04
  2549  +1.5718825347       805  +1.5722656250  +3.831e-04
  2550  +1.5697733012       804  +1.5703125000  +5.392e-04
  2551  +1.5676666988       803  +1.5683593750  +6.927e-04
  2552  +1.5655627239       802  +1.5664062500  +8.435e-04
  2553  +1.5634613727       800  +1.5625000000  -9.614e-04
  2554  +1.5613626416       799  +1.5605468750  -8.158e-04
  2555  +1.5592665268       798  +1.5585937500  -6.728e-04
  2556  +1.5571730247       797  +1.5566406250  -5.324e-04
  2557  +1.5550821317       796  +1.5546875000  -3.946e-04
  2558  +1.5529938441       795  +1.5527343750  -2.595e-04
  2559  +1.5509081581       794  +1.5507812500  -1.269e-04
  2560  +1.5488250702       793  +1.5488281250  +3.055e-06
  2561  +1.5467445768       792  +1.5468750000  +1.304e-04
  2562  +1.5446666740       791  +1.5449218750  +2.552e-04
  2563  +1.5425913585       790  +1.5429687500  +3.774e-04
  2564  +1.5405186264       789  +1.5410156250  +4.970e-04
  2565  +1.5384484742       788  +1.5390625000  +6.140e-04
  2566  +1.5363808983       787  +1.5371093750  +7.285e-04
  2567  +1.5343158950       786  +1.5351562500  +8.404e-04
  2568  +1.5322534607       785  +1.5332031250  +9.497e-04
  2569  +1.5301935918       783  +1.5292968750  -8.967e-04
  2570  +1.5281362848       782  +1.5273437500  -7.925e-04
  2571  +1.5260815360       781  +1.5253906250  -6.909e-04
  2572  +1.5240293418       780  +1.5234375000  -5.918e-04
  2573  +1.5219796987       779  +1.5214843750  -4.953e-04
  2574  +1.5199326031       778  +1.5195312500  -4.014e-04
  2575  +1.5178880514       777  +1.5175781250  -3.099e-04
  2576  +1.5158460400       776  +1.5156250000  -2.210e-04
  2577  +1.5138065654       775  +1.5136718750  -1.347e-04
  2578  +1.5117696240       774  +1.5117187500  -5.087e-05
  2579  +1.5097352123       773  +1.5097656250  +3.041e-05
  2580  +1.5077033267       772  +1.5078125000  +1.092e-04
  2581  +1.5056739637       771  +1.5058593750  +1.854e-04
  2582  +1.5036471197       770  +1.5039062500  +2.591e-04
  2583  +1.5016227912       769  +1.5019531250  +3.303e-04
  2584  +1.4996009747       768  +1.5000000000  +3.990e-04
  2585  +1.4975816667       767  +1.4980468750  +4.652e-04
  2586  +1.4955648636       766  +1.4960937500  +5.289e-04
  2587  +1.4935505619       765  +1.4941406250  +5.901e-04
  2588  +1.4915387582       764  +1.4921875000  +6.487e-04
  2589  +1.4895294489       763  +1.4902343750  +7.049e-04
  2590  +1.4875226306       762  +1.4882812500  +7.586e-04
  2591  +1.4855182996       761  +1.4863281250  +8.098e-04
  2592  +1.4835164527       760  +1.4843750000  +8.585e-04
  2593  +1.4815170862       759  +1.4824218750  +9.048e-04
  2594  +1.4795201967       758  +1.4804687500  +9.486e-04
  2595  +1.4775257808       756  +1.4765625000  -9.633e-04
  2596  +1.4755338349       755  +1.4746093750  -9.245e-04
  2597  +1.4735443556       754  +1.4726562500  -8.881e-04
  2598  +1.4715573395       753  +1.4707031250  -8.542e-04
  2599  +1.4695727831       752  +1.4687500000  -8.228e-04
  2600  +1.4675906829       751  +1.4667968750  -7.938e-04
  2601  +1.4656110356       750  +1.4648437500  -7.673e-04
  2602  +1.4636338377       749  +1.4628906250  -7.432e-04
  2603  +1.4616590857       748  +1.4609375000  -7.216e-04
  2604  +1.4596867763       747  +1.4589843750  -7.024e-04
  2605  +1.4577169060       746  +1.4570312500  -6.857e-04
  2606  +1.4557494713       745  +1.4550781250  -6.713e-04
  2607  +1.4537844690       744  +1.4531250000  -6.595e-04
  2608  +1.4518218956       743  +1.4511718750  -6.500e-04
  2609  +1.4498617476       742  +1.4492187500  -6.430e-04
  2610  +1.4479040218       741  +1.4472656250  -6.384e-04
  2611  +1.4459487146       740  +1.4453125000  -6.362e-04
  2612  +1.4439958228       739  +1.4433593750  -6.364e-04
  2613  +1.4420453430       738  +1.4414062500  -6.391e-04
  2614  +1.4400972717       737  +1.4394531250  -6.441e-04
  2615  +1.4381516056       736  +1.4375000000  -6.516e-04
  2616  +1.4362083413       735  +1.4355468750  -6.615e-04
  2617  +1.4342674755       734  +1.4335937500  -6.737e-04
  2618  +1.4323290049       733  +1.4316406250  -6.884e-04
  2619  +1.4303929260       732  +1.4296875000  -7.054e-04
  2620  +1.4284592355       731  +1.4277343750  -7.249e-04
  2621  +1.4265279302       730  +1.4257812500  -7.467e-04
  2622  +1.4245990066       729  +1.4238281250  -7.709e-04
  2623  +1.4226724614       728  +1.4218750000  -7.975e-04
  2624  +1.4207482913       727  +1.4199218750  -8.264e-04
  2625  +1.4188264930       726  +1.4179687500  -8.577e-04
  2626  +1.4169070632       725  +1.4160156250  -8.914e-04
  2627  +1.4149899986       724  +1.4140625000  -9.275e-04
  2628  +1.4130752957       723  +1.4121093750  -9.659e-04
  2629  +1.4111629515       723  +1.4121093750  +9.464e-04
  2630  +1.4092529625       722  +1.4101562500  +9.033e-04
  2631  +1.4073453254       721  +1.4082031250  +8.578e-04
  2632  +1.4054400371       720  +1.4062500000  +8.100e-04
  2633  +1.4035370941       719  +1.4042968750  +7.598e-04
  2634  +1.4016364933       718  +1.4023437500  +7.073e-04
  2635  +1.3997382313       717  +1.4003906250  +6.524e-04
  2636  +1.3978423049       716  +1.3984375000  +5.952e-04
  2637  +1.3959487108       715  +1.3964843750  +5.357e-04
  2638  +1.3940574458       714  +1.3945312500  +4.738e-04
  2639  +1.3921685066       713  +1.3925781250  +4.096e-04
  2640  +1.3902818900       712  +1.3906250000  +3.431e-04
  2641  +1.3883975927       711  +1.3886718750  +2.743e-04
  2642  +1.3865156115       710  +1.3867187500  +2.031e-04
  2643  +1.3846359431       709  +1.3847656250  +1.297e-04
  2644  +1.3827585843       708  +1.3828125000  +5.392e-05
  2645  +1.3808835320       707  +1.3808593750  -2.416e-05
  2646  +1.3790107828       706  +1.3789062500  -1.045e-04
  2647  +1.3771403337       705  +1.3769531250  -1.872e-04
  2648  +1.3752721812       704  +1.3750000000  -2.722e-04
  2649  +1.3734063223       703  +1.3730468750  -3.594e-04
  2650  +1.3715427538       702  +1.3710937500  -4.490e-04
  2651  +1.3696814725       701  +1.3691406250  -5.408e-04
  2652  +1.3678224751       700  +1.3671875000  -6.350e-04
  2653  +1.3659657584       699  +1.3652343750  -7.314e-04
  2654  +1.3641113194       698  +1.3632812500  -8.301e-04
  2655  +1.3622591548       697  +1.3613281250  -9.310e-04
  2656  +1.3604092615       697  +1.3613281250  +9.189e-04
  2657  +1.3585616363       696  +1.3593750000  +8.134e-04
  2658  +1.3567162759       695  +1.3574218750  +7.056e-04
  2659  +1.3548731774       694  +1.3554687500  +5.956e-04
  2660  +1.3530323374       693  +1.3535156250  +4.833e-04
  2661  +1.3511937529       692  +1.3515625000  +3.687e-04
  2662  +1.3493574208       691  +1.3496093750  +2.520e-04
  2663  +1.3475233378       690  +1.3476562500  +1.329e-04
  2664  +1.3456915009       689  +1.3457031250  +1.162e-05
  2665  +1.3438619068       688  +1.3437500000  -1.119e-04
  2666  +1.3420345526       687  +1.3417968750  -2.377e-04
  2667  +1.3402094351       686  +1.3398437500  -3.657e-04
  2668  +1.3383865511       685  +1.3378906250  -4.959e-04
  2669  +1.3365658975       684  +1.3359375000  -6.284e-04
  2670  +1.3347474713       683  +1.3339843750  -7.631e-04
  2671  +1.3329312693       682  +1.3320312500  -9.000e-04
  2672  +1.3311172884       682  +1.3320312500  +9.140e-04
  2673  +1.3293055256       681  +1.3300781250  +7.726e-04
  2674  +1.3274959777       680  +1.3281250000  +6.290e-04
  2675  +1.3256886417       679  +1.3261718750  +4.832e-04
  2676  +1.3238835145       678  +1.3242187500  +3.352e-04
  2677  +1.3220805930       677  +1.3222656250  +1.850e-04
  2678  +1.3202798741       676  +1.3203125000  +3.263e-05
  2679  +1.3184813549       675  +1.3183593750  -1.220e-04
  2680  +1.3166850321       674  +1.3164062500  -2.788e-04
  2681  +1.3148909028       673  +1.3144531250  -4.378e-04
  2682  +1.3130989639       672  +1.3125000000  -5.990e-04
  2683  +1.3113092123       671  +1.3105468750  -7.623e-04
  2684  +1.3095216451       670  +1.3085937500  -9.279e-04
  2685  +1.3077362591       670  +1.3085937500  +8.575e-04
  2686  +1.3059530514       669  +1.3066406250  +6.876e-04
  2687  +1.3041720189       668  +1.3046875000  +5.155e-04
  2688  +1.3023931585       667  +1.3027343750  +3.412e-04
  2689  +1.3006164674       666  +1.3007812500  +1.648e-04
  2690  +1.2988419423       665  +1.2988281250  -1.382e-05
  2691  +1.2970695804       664  +1.2968750000  -1.946e-04
  2692  +1.2952993787       663  +1.2949218750  -3.775e-04
  2693  +1.2935313340       662  +1.2929687500  -5.626e-04
  2694  +1.2917654435       661  +1.2910156250  -7.498e-04
  2695  +1.2900017041       660  +1.2890625000  -9.392e-04
  2696  +1.2882401128       660  +1.2890625000  +8.224e-04
  2697  +1.2864806667       659  +1.2871093750  +6.287e-04
  2698  +1.2847233627       658  +1.2851562500  +4.329e-04
  2699  +1.2829681979       657  +1.2832031250  +2.349e-04
  2700  +1.2812151694       656  +1.2812500000  +3.483e-05
  2701  +1.2794642741       655  +1.2792968750  -1.674e-04
  2702  +1.2777155091       654  +1.2773437500  -3.718e-04
  2703  +1.2759688714       653  +1.2753906250  -5.782e-04
  2704  +1.2742243581       652  +1.2734375000  -7.869e-04
  2705  +1.2724819662       652  +1.2734375000  +9.555e-04
  2706  +1.2707416927       651  +1.2714843750  +7.427e-04
  2707  +1.2690035348       650  +1.2695312500  +5.277e-04
  2708  +1.2672674895       649  +1.2675781250  +3.106e-04
  2709  +1.2655335539       648  +1.2656250000  +9.145e-05
  2710  +1.2638017249       647  +1.2636718750  -1.298e-04
  2711  +1.2620719998       646  +1.2617187500  -3.532e-04
  2712  +1.2603443756       645  +1.2597656250  -5.788e-04
  2713  +1.2586188493       644  +1.2578125000  -8.063e-04
  2714  +1.2568954181       644  +1.2578125000  +9.171e-04
  2715  +1.2551740790       643  +1.2558593750  +6.853e-04
  2716  +1.2534548292       642  +1.2539062500  +4.514e-04
  2717  +1.2517376657       641  +1.2519531250  +2.155e-04
  2718  +1.2500225857       640  +1.2500000000  -2.259e-05
  2719  +1.2483095862       639  +1.2480468750  -2.627e-04
  2720  +1.2465986644       638  +1.2460937500  -5.049e-04
  2721  +1.2448898174       637  +1.2441406250  -7.492e-04
  2722  +1.2431830423       637  +1.2441406250  +9.576e-04
  2723  +1.2414783363       636  +1.2421875000  +7.092e-04
  2724  +1.2397756964       635  +1.2402343750  +4.587e-04
  2725  +1.2380751198       634  +1.2382812500  +2.061e-04
  2726  +1.2363766036       633  +1.2363281250  -4.848e-05
  2727  +1.2346801450       632  +1.2343750000  -3.051e-04
  2728  +1.2329857412       631  +1.2324218750  -5.639e-04
  2729  +1.2312933892       630  +1.2304687500  -8.246e-04
  2730  +1.2296030863       630  +1.2304687500  +8.657e-04
  2731  +1.2279148296       629  +1.2285156250  +6.008e-04
  2732  +1.2262286162       628  +1.2265625000  +3.339e-04
  2733  +1.2245444434       627  +1.2246093750  +6.493e-05
  2734  +1.2228623083       626  +1.2226562500  -2.061e-04
  2735  +1.2211822080       625  +1.2207031250  -4.791e-04
  2736  +1.2195041398       624  +1.2187500000  -7.541e-04
  2737  +1.2178281009       624  +1.2187500000  +9.219e-04
  2738  +1.2161540884       623  +1.2167968750  +6.428e-04
  2739  +1.2144820995       622  +1.2148437500  +3.617e-04
  2740  +1.2128121314       621  +1.2128906250  +7.849e-05
  2741  +1.2111441814       620  +1.2109375000  -2.067e-04
  2742  +1.2094782466       619  +1.2089843750  -4.939e-04
  2743  +1.2078143242       618  +1.2070312500  -7.831e-04
  2744  +1.2061524115       618  +1.2070312500  +8.788e-04
  2745  +1.2044925057       617  +1.2050781250  +5.856e-04
  2746  +1.2028346039       616  +1.2031250000  +2.904e-04
  2747  +1.2011787035       615  +1.2011718750  -6.829e-06
  2748  +1.1995248016       614  +1.1992187500  -3.061e-04
  2749  +1.1978728955       613  +1.1972656250  -6.073e-04
  2750  +1.1962229825       612  +1.1953125000  -9.105e-04
  2751  +1.1945750597       612  +1.1953125000  +7.374e-04
  2752  +1.1929291244       611  +1.1933593750  +4.303e-04
  2753  +1.1912851738       610  +1.1914062500  +1.211e-04
  2754  +1.1896432053       609  +1.1894531250  -1.901e-04
  2755  +1.1880032161       608  +1.1875000000  -5.032e-04
  2756  +1.1863652034       607  +1.1855468750  -8.183e-04
  2757  +1.1847291645       607  +1.1855468750  +8.177e-04
  2758  +1.1830950966       606  +1.1835937500  +4.987e-04
  2759  +1.1814629972       605  +1.1816406250  +1.776e-04
  2760  +1.1798328633       604  +1.1796875000  -1.454e-04
  2761  +1.1782046924       603  +1.1777343750  -4.703e-04
  2762  +1.1765784816       602  +1.1757812500  -7.972e-04
  2763  +1.1749542284       602  +1.1757812500  +8.270e-04
  2764  +1.1733319299       601  +1.1738281250  +4.962e-04
  2765  +1.1717115835       600  +1.1718750000  +1.634e-04
  2766  +1.1700931865       599  +1.1699218750  -1.713e-04
  2767  +1.1684767361       598  +1.1679687500  -5.080e-04
  2768  +1.1668622298       597  +1.1660156250  -8.466e-04
  2769  +1.1652496648       597  +1.1660156250  +7.660e-04
  2770  +1.1636390384       596  +1.1640625000  +4.235e-04
  2771  +1.1620303480       595  +1.1621093750  +7.903e-05
  2772  +1.1604235908       594  +1.1601562500  -2.673e-04
  2773  +1.1588187643       593  +1.1582031250  -6.156e-04
  2774  +1.1572158657       592  +1.1562500000  -9.659e-04
  2775  +1.1556148924       592  +1.1562500000  +6.351e-04
  2776  +1.1540158417       591  +1.1542968750  +2.810e-04
  2777  +1.1524187110       590  +1.1523437500  -7.496e-05
  2778  +1.1508234976       589  +1.1503906250  -4.329e-04
  2779  +1.1492301989       588  +1.1484375000  -7.927e-04
  2780  +1.1476388122       588  +1.1484375000  +7.987e-04
  2781  +1.1460493349       587  +1.1464843750  +4.350e-04
  2782  +1.1444617644       586  +1.1445312500  +6.949e-05
  2783  +1.1428760980       585  +1.1425781250  -2.980e-04
  2784  +1.1412923331       584  +1.1406250000  -6.673e-04
  2785  +1.1397104671       584  +1.1406250000  +9.145e-04
  2786  +1.1381304973       583  +1.1386718750  +5.414e-04
  2787  +1.1365524212       582  +1.1367187500  +1.663e-04
  2788  +1.1349762361       581  +1.1347656250  -2.106e-04
  2789  +1.1334019394       580  +1.1328125000  -5.894e-04
  2790  +1.1318295286       579  +1.1308593750  -9.702e-04
  2791  +1.1302590010       579  +1.1308593750  +6.004e-04
  2792  +1.1286903540       578  +1.1289062500  +2.159e-04
  2793  +1.1271235850       577  +1.1269531250  -1.705e-04
  2794  +1.1255586915       576  +1.1250000000  -5.587e-04
  2795  +1.1239956708       575  +1.1230468750  -9.488e-04
  2796  +1.1224345205       575  +1.1230468750  +6.124e-04
  2797  +1.1208752378       574  +1.1210937500  +2.185e-04
  2798  +1.1193178202       573  +1.1191406250  -1.772e-04
  2799  +1.1177622652       572  +1.1171875000  -5.748e-04
  2800  +1.1162085702       571  +1.1152343750  -9.742e-04
  2801  +1.1146567327       571  +1.1152343750  +5.776e-04
  2802  +1.1131067500       570  +1.1132812500  +1.745e-04
  2803  +1.1115586196       569  +1.1113281250  -2.305e-04
  2804  +1.1100123390       568  +1.1093750000  -6.373e-04
  2805  +1.1084679056       568  +1.1093750000  +9.071e-04
  2806  +1.1069253169       567  +1.1074218750  +4.966e-04
  2807  +1.1053845703       566  +1.1054687500  +8.418e-05
  2808  +1.1038456634       565  +1.1035156250  -3.300e-04
  2809  +1.1023085935       564  +1.1015625000  -7.461e-04
  2810  +1.1007733581       564  +1.1015625000  +7.891e-04
  2811  +1.0992399548       563  +1.0996093750  +3.694e-04
  2812  +1.0977083810       562  +1.0976562500  -5.213e-05
  2813  +1.0961786341       561  +1.0957031250  -4.755e-04
  2814  +1.0946507117       560  +1.0937500000  -9.007e-04
  2815  +1.0931246113       560  +1.0937500000  +6.254e-04
  2816  +1.0916003303       559  +1.0917968750  +1.965e-04
  2817  +1.0900778663       558  +1.0898437500  -2.341e-04
  2818  +1.0885572167       557  +1.0878906250  -6.666e-04
  2819  +1.0870383791       557  +1.0878906250  +8.522e-04
  2820  +1.0855213509       556  +1.0859375000  +4.161e-04
  2821  +1.0840061298       555  +1.0839843750  -2.175e-05
  2822  +1.0824927131       554  +1.0820312500  -4.615e-04
  2823  +1.0809810984       553  +1.0800781250  -9.030e-04
  2824  +1.0794712833       553  +1.0800781250  +6.068e-04
  2825  +1.0779632652       552  +1.0781250000  +1.617e-04
  2826  +1.0764570417       551  +1.0761718750  -2.852e-04
  2827  +1.0749526104       550  +1.0742187500  -7.339e-04
  2828  +1.0734499687       550  +1.0742187500  +7.688e-04
  2829  +1.0719491142       549  +1.0722656250  +3.165e-04
  2830  +1.0704500445       548  +1.0703125000  -1.375e-04
  2831  +1.0689527571       547  +1.0683593750  -5.934e-04
  2832  +1.0674572495       547  +1.0683593750  +9.021e-04
  2833  +1.0659635193       546  +1.0664062500  +4.427e-04
  2834  +1.0644715642       545  +1.0644531250  -1.844e-05
  2835  +1.0629813815       544  +1.0625000000  -4.814e-04
  2836  +1.0614929690       543  +1.0605468750  -9.461e-04
  2837  +1.0600063241       543  +1.0605468750  +5.406e-04
  2838  +1.0585214444       542  +1.0585937500  +7.231e-05
  2839  +1.0570383276       541  +1.0566406250  -3.977e-04
  2840  +1.0555569712       540  +1.0546875000  -8.695e-04
  2841  +1.0540773728       540  +1.0546875000  +6.101e-04
  2842  +1.0525995299       539  +1.0527343750  +1.348e-04
  2843  +1.0511234402       538  +1.0507812500  -3.422e-04
  2844  +1.0496491013       537  +1.0488281250  -8.210e-04
  2845  +1.0481765108       537  +1.0488281250  +6.516e-04
  2846  +1.0467056662       536  +1.0468750000  +1.693e-04
  2847  +1.0452365651       535  +1.0449218750  -3.147e-04
  2848  +1.0437692053       534  +1.0429687500  -8.005e-04
  2849  +1.0423035842       534  +1.0429687500  +6.652e-04
  2850  +1.0408396996       533  +1.0410156250  +1.759e-04
  2851  +1.0393775490       532  +1.0390625000  -3.150e-04
  2852  +1.0379171300       531  +1.0371093750  -8.078e-04
  2853  +1.0364584403       531  +1.0371093750  +6.509e-04
  2854  +1.0350014775       530  +1.0351562500  +1.548e-04
  2855  +1.0335462393       529  +1.0332031250  -3.431e-04
  2856  +1.0320927233       528  +1.0312500000  -8.427e-04
  2857  +1.0306409270       528  +1.0312500000  +6.091e-04
  2858  +1.0291908482       527  +1.0292968750  +1.060e-04
  2859  +1.0277424846       526  +1.0273437500  -3.987e-04
  2860  +1.0262958337       525  +1.0253906250  -9.052e-04
  2861  +1.0248508932       525  +1.0253906250  +5.397e-04
  2862  +1.0234076608       524  +1.0234375000  +2.984e-05
  2863  +1.0219661342       523  +1.0214843750  -4.818e-04
  2864  +1.0205263109       523  +1.0214843750  +9.581e-04
  2865  +1.0190881887       522  +1.0195312500  +4.431e-04
  2866  +1.0176517653       521  +1.0175781250  -7.364e-05
  2867  +1.0162170383       520  +1.0156250000  -5.920e-04
  2868  +1.0147840054       520  +1.0156250000  +8.410e-04
  2869  +1.0133526642       519  +1.0136718750  +3.192e-04
  2870  +1.0119230126       518  +1.0117187500  -2.043e-04
  2871  +1.0104950480       517  +1.0097656250  -7.294e-04
  2872  +1.0090687684       517  +1.0097656250  +6.969e-04
  2873  +1.0076441713       516  +1.0078125000  +1.683e-04
  2874  +1.0062212544       515  +1.0058593750  -3.619e-04
  2875  +1.0048000154       514  +1.0039062500  -8.938e-04
  2876  +1.0033804521       514  +1.0039062500  +5.258e-04
  2877  +1.0019625622       513  +1.0019531250  -9.437e-06
  2878  +1.0005463434       512  +1.0000000000  -5.463e-04
  2879  +0.9991317933       512  +1.0000000000  +8.682e-04
  2880  +0.9977189097       511  +0.9980468750  +3.280e-04
  2881  +0.9963076904       510  +0.9960937500  -2.139e-04
  2882  +0.9948981330       509  +0.9941406250  -7.575e-04
  2883  +0.9934902354       509  +0.9941406250  +6.504e-04
  2884  +0.9920839951       508  +0.9921875000  +1.035e-04
  2885  +0.9906794100       507  +0.9902343750  -4.450e-04
  2886  +0.9892764778       507  +0.9902343750  +9.579e-04
  2887  +0.9878751962       506  +0.9882812500  +4.061e-04
  2888  +0.9864755630       505  +0.9863281250  -1.474e-04
  2889  +0.9850775759       504  +0.9843750000  -7.026e-04
  2890  +0.9836812328       504  +0.9843750000  +6.938e-04
  2891  +0.9822865312       503  +0.9824218750  +1.353e-04
  2892  +0.9808934691       502  +0.9804687500  -4.247e-04
  2893  +0.9795020441       502  +0.9804687500  +9.667e-04
  2894  +0.9781122541       501  +0.9785156250  +4.034e-04
  2895  +0.9767240968       500  +0.9765625000  -1.616e-04
  2896  +0.9753375699       499  +0.9746093750  -7.282e-04
  2897  +0.9739526713       499  +0.9746093750  +6.567e-04
  2898  +0.9725693987       498  +0.9726562500  +8.685e-05
  2899  +0.9711877499       497  +0.9707031250  -4.846e-04
  2900  +0.9698077227       497  +0.9707031250  +8.954e-04
  2901  +0.9684293149       496  +0.9687500000  +3.207e-04
  2902  +0.9670525242       495  +0.9667968750  -2.556e-04
  2903  +0.9656773486       494  +0.9648437500  -8.336e-04
  2904  +0.9643037857       494  +0.9648437500  +5.400e-04
  2905  +0.9629318333       493  +0.9628906250  -4.121e-05
  2906  +0.9615614894       492  +0.9609375000  -6.240e-04
  2907  +0.9601927516       492  +0.9609375000  +7.447e-04
  2908  +0.9588256178       491  +0.9589843750  +1.588e-04
  2909  +0.9574600859       490  +0.9570312500  -4.288e-04
  2910  +0.9560961535       490  +0.9570312500  +9.351e-04
  2911  +0.9547338186       489  +0.9550781250  +3.443e-04
  2912  +0.9533730790       488  +0.9531250000  -2.481e-04
  2913  +0.9520139325       487  +0.9511718750  -8.421e-04
  2914  +0.9506563769       487  +0.9511718750  +5.155e-04
  2915  +0.9493004100       486  +0.9492187500  -8.166e-05
  2916  +0.9479460298       485  +0.9472656250  -6.804e-04
  2917  +0.9465932340       485  +0.9472656250  +6.724e-04
  2918  +0.9452420205       484  +0.9453125000  +7.048e-05
  2919  +0.9438923872       483  +0.9433593750  -5.330e-04
  2920  +0.9425443318       483  +0.9433593750  +8.150e-04
  2921  +0.9411978522       482  +0.9414062500  +2.084e-04
  2922  +0.9398529464       481  +0.9394531250  -3.998e-04
  2923  +0.9385096120       481  +0.9394531250  +9.435e-04
  2924  +0.9371678471       480  +0.9375000000  +3.322e-04
  2925  +0.9358276495       479  +0.9355468750  -2.808e-04
  2926  +0.9344890170       478  +0.9335937500  -8.953e-04
  2927  +0.9331519476       478  +0.9335937500  +4.418e-04
  2928  +0.9318164390       477  +0.9316406250  -1.758e-04
  2929  +0.9304824892       476  +0.9296875000  -7.950e-04
  2930  +0.9291500961       476  +0.9296875000  +5.374e-04
  2931  +0.9278192574       475  +0.9277343750  -8.488e-05
  2932  +0.9264899712       474  +0.9257812500  -7.087e-04
  2933  +0.9251622354       474  +0.9257812500  +6.190e-04
  2934  +0.9238360477       473  +0.9238281250  -7.923e-06
  2935  +0.9225114061       472  +0.9218750000  -6.364e-04
  2936  +0.9211883086       472  +0.9218750000  +6.867e-04
  2937  +0.9198667529       471  +0.9199218750  +5.512e-05
  2938  +0.9185467371       470  +0.9179687500  -5.780e-04
  2939  +0.9172282589       470  +0.9179687500  +7.405e-04
  2940  +0.9159113164       469  +0.9160156250  +1.043e-04
  2941  +0.9145959075       468  +0.9140625000  -5.334e-04
  2942  +0.9132820300       468  +0.9140625000  +7.805e-04
  2943  +0.9119696819       467  +0.9121093750  +1.397e-04
  2944  +0.9106588612       466  +0.9101562500  -5.026e-04
  2945  +0.9093495656       466  +0.9101562500  +8.067e-04
  2946  +0.9080417932       465  +0.9082031250  +1.613e-04
  2947  +0.9067355420       464  +0.9062500000  -4.855e-04
  2948  +0.9054308097       464  +0.9062500000  +8.192e-04
  2949  +0.9041275945       463  +0.9042968750  +1.693e-04
  2950  +0.9028258942       462  +0.9023437500  -4.821e-04
  2951  +0.9015257067       462  +0.9023437500  +8.180e-04
  2952  +0.9002270300       461  +0.9003906250  +1.636e-04
  2953  +0.8989298622       460  +0.8984375000  -4.924e-04
  2954  +0.8976342010       460  +0.8984375000  +8.033e-04
  2955  +0.8963400445       459  +0.8964843750  +1.443e-04
  2956  +0.8950473907       458  +0.8945312500  -5.161e-04
  2957  +0.8937562374       458  +0.8945312500  +7.750e-04
  2958  +0.8924665828       457  +0.8925781250  +1.115e-04
  2959  +0.8911784246       456  +0.8906250000  -5.534e-04
  2960  +0.8898917610       456  +0.8906250000  +7.332e-04
  2961  +0.8886065899       455  +0.8886718750  +6.529e-05
  2962  +0.8873229092       454  +0.8867187500  -6.042e-04
  2963  +0.8860407170       454  +0.8867187500  +6.780e-04
  2964  +0.8847600112       453  +0.8847656250  +5.614e-06
  2965  +0.8834807898       452  +0.8828125000  -6.683e-04
  2966  +0.8822030509       452  +0.8828125000  +6.094e-04
  2967  +0.8809267923       451  +0.8808593750  -6.742e-05
  2968  +0.8796520121       450  +0.8789062500  -7.458e-04
  2969  +0.8783787084       450  +0.8789062500  +5.275e-04
  2970  +0.8771068790       449  +0.8769531250  -1.538e-04
  2971  +0.8758365220       448  +0.8750000000  -8.365e-04
  2972  +0.8745676355       448  +0.8750000000  +4.324e-04
  2973  +0.8733002174       447  +0.8730468750  -2.533e-04
  2974  +0.8720342657       446  +0.8710937500  -9.405e-04
  2975  +0.8707697784       446  +0.8710937500  +3.240e-04
  2976  +0.8695067537       445  +0.8691406250  -3.661e-04
  2977  +0.8682451894       445  +0.8691406250  +8.954e-04
  2978  +0.8669850837       444  +0.8671875000  +2.024e-04
  2979  +0.8657264345       443  +0.8652343750  -4.921e-04
  2980  +0.8644692399       443  +0.8652343750  +7.651e-04
  2981  +0.8632134979       442  +0.8632812500  +6.775e-05
  2982  +0.8619592065       441  +0.8613281250  -6.311e-04
  2983  +0.8607063639       441  +0.8613281250  +6.218e-04
  2984  +0.8594549679       440  +0.8593750000  -7.997e-05
  2985  +0.8582050168       439  +0.8574218750  -7.831e-04
  2986  +0.8569565085       439  +0.8574218750  +4.654e-04
  2987  +0.8557094411       438  +0.8554687500  -2.407e-04
  2988  +0.8544638126       437  +0.8535156250  -9.482e-04
  2989  +0.8532196211       437  +0.8535156250  +2.960e-04
  2990  +0.8519768646       436  +0.8515625000  -4.144e-04
  2991  +0.8507355413       436  +0.8515625000  +8.270e-04
  2992  +0.8494956491       435  +0.8496093750  +1.137e-04
  2993  +0.8482571862       434  +0.8476562500  -6.009e-04
  2994  +0.8470201506       434  +0.8476562500  +6.361e-04
  2995  +0.8457845404       433  +0.8457031250  -8.142e-05
  2996  +0.8445503536       432  +0.8437500000  -8.004e-04
  2997  +0.8433175885       432  +0.8437500000  +4.324e-04
  2998  +0.8420862429       431  +0.8417968750  -2.894e-04
  2999  +0.8408563151       431  +0.8417968750  +9.406e-04
  3000  +0.8396278030       430  +0.8398437500  +2.159e-04
  3001  +0.8384007049       429  +0.8378906250  -5.101e-04
  3002  +0.8371750188       429  +0.8378906250  +7.156e-04
  3003  +0.8359507427       428  +0.8359375000  -1.324e-05
  3004  +0.8347278749       427  +0.8339843750  -7.435e-04
  3005  +0.8335064133       427  +0.8339843750  +4.780e-04
  3006  +0.8322863561       426  +0.8320312500  -2.551e-04
  3007  +0.8310677014       426  +0.8320312500  +9.635e-04
  3008  +0.8298504473       425  +0.8300781250  +2.277e-04
  3009  +0.8286345920       424  +0.8281250000  -5.096e-04
  3010  +0.8274201335       424  +0.8281250000  +7.049e-04
  3011  +0.8262070699       423  +0.8261718750  -3.519e-05
  3012  +0.8249953995       422  +0.8242187500  -7.766e-04
  3013  +0.8237851202       422  +0.8242187500  +4.336e-04
  3014  +0.8225762303       421  +0.8222656250  -3.106e-04
  3015  +0.8213687278       421  +0.8222656250  +8.969e-04
  3016  +0.8201626110       420  +0.8203125000  +1.499e-04
  3017  +0.8189578778       419  +0.8183593750  -5.985e-04
  3018  +0.8177545266       419  +0.8183593750  +6.048e-04
  3019  +0.8165525553       418  +0.8164062500  -1.463e-04
  3020  +0.8153519622       417  +0.8144531250  -8.988e-04
  3021  +0.8141527454       417  +0.8144531250  +3.004e-04
  3022  +0.8129549030       416  +0.8125000000  -4.549e-04
  3023  +0.8117584333       416  +0.8125000000  +7.416e-04
  3024  +0.8105633343       415  +0.8105468750  -1.646e-05
  3025  +0.8093696042       414  +0.8085937500  -7.759e-04
  3026  +0.8081772411       414  +0.8085937500  +4.165e-04
  3027  +0.8069862433       413  +0.8066406250  -3.456e-04
  3028  +0.8057966089       413  +0.8066406250  +8.440e-04
  3029  +0.8046083361       412  +0.8046875000  +7.916e-05
  3030  +0.8034214230       411  +0.8027343750  -6.870e-04
  3031  +0.8022358678       411  +0.8027343750  +4.985e-04
  3032  +0.8010516687       410  +0.8007812500  -2.704e-04
  3033  +0.7998688239       410  +0.8007812500  +9.124e-04
  3034  +0.7986873315       409  +0.7988281250  +1.408e-04
  3035  +0.7975071897       408  +0.7968750000  -6.322e-04
  3036  +0.7963283968       408  +0.7968750000  +5.466e-04
  3037  +0.7951509509       407  +0.7949218750  -2.291e-04
  3038  +0.7939748501       407  +0.7949218750  +9.470e-04
  3039  +0.7928000928       406  +0.7929687500  +1.687e-04
  3040  +0.7916266770       405  +0.7910156250  -6.111e-04
  3041  +0.7904546010       405  +0.7910156250  +5.610e-04
  3042  +0.7892838630       404  +0.7890625000  -2.214e-04
  3043  +0.7881144612       404  +0.7890625000  +9.480e-04
  3044  +0.7869463938       403  +0.7871093750  +1.630e-04
  3045  +0.7857796590       402  +0.7851562500  -6.234e-04
  3046  +0.7846142551       402  +0.7851562500  +5.420e-04
  3047  +0.7834501802       401  +0.7832031250  -2.471e-04
  3048  +0.7822874325       401  +0.7832031250  +9.157e-04
  3049  +0.7811260104       400  +0.7812500000  +1.240e-04
  3050  +0.7799659119       399  +0.7792968750  -6.690e-04
  3051  +0.7788071353       399  +0.7792968750  +4.897e-04
  3052  +0.7776496790       398  +0.7773437500  -3.059e-04
  3053  +0.7764935410       398  +0.7773437500  +8.502e-04
  3054  +0.7753387196       397  +0.7753906250  +5.191e-05
  3055  +0.7741852131       396  +0.7734375000  -7.477e-04
  3056  +0.7730330197       396  +0.7734375000  +4.045e-04
  3057  +0.7718821376       395  +0.7714843750  -3.978e-04
  3058  +0.7707325651       395  +0.7714843750  +7.518e-04
  3059  +0.7695843004       394  +0.7695312500  -5.305e-05
  3060  +0.7684373419       393  +0.7675781250  -8.592e-04
  3061  +0.7672916876       393  +0.7675781250  +2.864e-04
  3062  +0.7661473359       392  +0.7656250000  -5.223e-04
  3063  +0.7650042851       392  +0.7656250000  +6.207e-04
  3064  +0.7638625334       391  +0.7636718750  -1.907e-04
  3065  +0.7627220790       391  +0.7636718750  +9.498e-04
  3066  +0.7615829203       390  +0.7617187500  +1.358e-04
  3067  +0.7604450555       389  +0.7597656250  -6.794e-04
  3068  +0.7593084828       389  +0.7597656250  +4.571e-04
  3069  +0.7581732006       388  +0.7578125000  -3.607e-04
  3070  +0.7570392070       388  +0.7578125000  +7.733e-04
  3071  +0.7559065005       387  +0.7558593750  -4.713e-05
  3072  +0.7547750792       386  +0.7539062500  -8.688e-04
  3073  +0.7536449415       386  +0.7539062500  +2.613e-04
  3074  +0.7525160857       385  +0.7519531250  -5.630e-04
  3075  +0.7513885099       385  +0.7519531250  +5.646e-04
  3076  +0.7502622125       384  +0.7500000000  -2.622e-04
  3077  +0.7491371919       384  +0.7500000000  +8.628e-04
  3078  +0.7480134463       383  +0.7480468750  +3.343e-05
  3079  +0.7468909739       382  +0.7460937500  -7.972e-04
  3080  +0.7457697732       382  +0.7460937500  +3.240e-04
  3081  +0.7446498423       381  +0.7441406250  -5.092e-04
  3082  +0.7435311797       381  +0.7441406250  +6.094e-04
  3083  +0.7424137835       380  +0.7421875000  -2.263e-04
  3084  +0.7412976522       380  +0.7421875000  +8.898e-04
  3085  +0.7401827840       379  +0.7402343750  +5.159e-05
  3086  +0.7390691773       378  +0.7382812500  -7.879e-04
  3087  +0.7379568303       378  +0.7382812500  +3.244e-04
  3088  +0.7368457414       377  +0.7363281250  -5.176e-04
  3089  +0.7357359089       377  +0.7363281250  +5.922e-04
  3090  +0.7346273311       376  +0.7343750000  -2.523e-04
  3091  +0.7335200064       376  +0.7343750000  +8.550e-04
  3092  +0.7324139331       375  +0.7324218750  +7.942e-06
  3093  +0.7313091095       374  +0.7304687500  -8.404e-04
  3094  +0.7302055339       374  +0.7304687500  +2.632e-04
  3095  +0.7291032048       373  +0.7285156250  -5.876e-04
  3096  +0.7280021203       373  +0.7285156250  +5.135e-04
  3097  +0.7269022789       372  +0.7265625000  -3.398e-04
  3098  +0.7258036790       372  +0.7265625000  +7.588e-04
  3099  +0.7247063188       371  +0.7246093750  -9.694e-05
  3100  +0.7236101967       370  +0.7226562500  -9.539e-04
  3101  +0.7225153110       370  +0.7226562500  +1.409e-04
  3102  +0.7214216602       369  +0.7207031250  -7.185e-04
  3103  +0.7203292425       369  +0.7207031250  +3.739e-04
  3104  +0.7192380564       368  +0.7187500000  -4.881e-04
  3105  +0.7181481002       368  +0.7187500000  +6.019e-04
  3106  +0.7170593722       367  +0.7167968750  -2.625e-04
  3107  +0.7159718708       367  +0.7167968750  +8.250e-04
  3108  +0.7148855944       366  +0.7148437500  -4.184e-05
  3109  +0.7138005413       365  +0.7128906250  -9.099e-04
  3110  +0.7127167100       365  +0.7128906250  +1.739e-04
  3111  +0.7116340988       364  +0.7109375000  -6.966e-04
  3112  +0.7105527061       364  +0.7109375000  +3.848e-04
  3113  +0.7094725302       363  +0.7089843750  -4.882e-04
  3114  +0.7083935695       363  +0.7089843750  +5.908e-04
  3115  +0.7073158225       362  +0.7070312500  -2.846e-04
  3116  +0.7062392875       362  +0.7070312500  +7.920e-04
  3117  +0.7051639629       361  +0.7050781250  -8.584e-05
  3118  +0.7040898471       360  +0.7031250000  -9.648e-04
  3119  +0.7030169385       360  +0.7031250000  +1.081e-04
  3120  +0.7019452355       359  +0.7011718750  -7.734e-04
  3121  +0.7008747364       359  +0.7011718750  +2.971e-04
  3122  +0.6998054397       358  +0.6992187500  -5.867e-04
  3123  +0.6987373439       358  +0.6992187500  +4.814e-04
  3124  +0.6976704472       357  +0.6972656250  -4.048e-04
  3125  +0.6966047481       357  +0.6972656250  +6.609e-04
  3126  +0.6955402450       356  +0.6953125000  -2.277e-04
  3127  +0.6944769363       356  +0.6953125000  +8.356e-04
  3128  +0.6934148205       355  +0.6933593750  -5.545e-05
  3129  +0.6923538959       354  +0.6914062500  -9.476e-04
  3130  +0.6912941610       354  +0.6914062500  +1.121e-04
  3131  +0.6902356142       353  +0.6894531250  -7.825e-04
  3132  +0.6891782540       353  +0.6894531250  +2.749e-04
  3133  +0.6881220786       352  +0.6875000000  -6.221e-04
  3134  +0.6870670867       352  +0.6875000000  +4.329e-04
  3135  +0.6860132765       351  +0.6855468750  -4.664e-04
  3136  +0.6849606466       351  +0.6855468750  +5.862e-04
  3137  +0.6839091954       350  +0.6835937500  -3.154e-04
  3138  +0.6828589213       350  +0.6835937500  +7.348e-04
  3139  +0.6818098227       349  +0.6816406250  -1.692e-04
  3140  +0.6807618981       349  +0.6816406250  +8.787e-04
  3141  +0.6797151460       348  +0.6796875000  -2.765e-05
  3142  +0.6786695648       347  +0.6777343750  -9.352e-04
  3143  +0.6776251529       347  +0.6777343750  +1.092e-04
  3144  +0.6765819087       346  +0.6757812500  -8.007e-04
  3145  +0.6755398309       346  +0.6757812500  +2.414e-04
  3146  +0.6744989177       345  +0.6738281250  -6.708e-04
  3147  +0.6734591677       345  +0.6738281250  +3.690e-04
  3148  +0.6724205793       344  +0.6718750000  -5.456e-04
  3149  +0.6713831510       344  +0.6718750000  +4.918e-04
  3150  +0.6703468812       343  +0.6699218750  -4.250e-04
  3151  +0.6693117684       343  +0.6699218750  +6.101e-04
  3152  +0.6682778111       342  +0.6679687500  -3.091e-04
  3153  +0.6672450078       342  +0.6679687500  +7.237e-04
  3154  +0.6662133569       341  +0.6660156250  -1.977e-04
  3155  +0.6651828569       341  +0.6660156250  +8.328e-04
  3156  +0.6641535063       340  +0.6640625000  -9.101e-05
  3157  +0.6631253035       340  +0.6640625000  +9.372e-04
  3158  +0.6620982471       339  +0.6621093750  +1.113e-05
  3159  +0.6610723356       338  +0.6601562500  -9.161e-04
  3160  +0.6600475673       338  +0.6601562500  +1.087e-04
  3161  +0.6590239408       337  +0.6582031250  -8.208e-04
  3162  +0.6580014547       337  +0.6582031250  +2.017e-04
  3163  +0.6569801073       336  +0.6562500000  -7.301e-04
  3164  +0.6559598973       336  +0.6562500000  +2.901e-04
  3165  +0.6549408230       335  +0.6542968750  -6.439e-04
  3166  +0.6539228830       335  +0.6542968750  +3.740e-04
  3167  +0.6529060758       334  +0.6523437500  -5.623e-04
  3168  +0.6518903999       334  +0.6523437500  +4.534e-04
  3169  +0.6508758537       333  +0.6503906250  -4.852e-04
  3170  +0.6498624359       333  +0.6503906250  +5.282e-04
  3171  +0.6488501450       332  +0.6484375000  -4.126e-04
  3172  +0.6478389793       332  +0.6484375000  +5.985e-04
  3173  +0.6468289375       331  +0.6464843750  -3.446e-04
  3174  +0.6458200181       331  +0.6464843750  +6.644e-04
  3175  +0.6448122196       330  +0.6445312500  -2.810e-04
  3176  +0.6438055405       330  +0.6445312500  +7.257e-04
  3177  +0.6427999793       329  +0.6425781250  -2.219e-04
  3178  +0.6417955345       329  +0.6425781250  +7.826e-04
  3179  +0.6407922048       328  +0.6406250000  -1.672e-04
  3180  +0.6397899886       328  +0.6406250000  +8.350e-04
  3181  +0.6387888844       327  +0.6386718750  -1.170e-04
  3182  +0.6377888908       327  +0.6386718750  +8.830e-04
  3183  +0.6367900064       326  +0.6367187500  -7.126e-05
  3184  +0.6357922296       326  +0.6367187500  +9.265e-04
  3185  +0.6347955590       325  +0.6347656250  -2.993e-05
  3186  +0.6337999932       325  +0.6347656250  +9.656e-04
  3187  +0.6328055307       324  +0.6328125000  +6.969e-06
  3188  +0.6318121700       323  +0.6308593750  -9.528e-04
  3189  +0.6308199097       323  +0.6308593750  +3.947e-05
  3190  +0.6298287484       322  +0.6289062500  -9.225e-04
  3191  +0.6288386845       322  +0.6289062500  +6.757e-05
  3192  +0.6278497167       321  +0.6269531250  -8.966e-04
  3193  +0.6268618435       321  +0.6269531250  +9.128e-05
  3194  +0.6258750635       320  +0.6250000000  -8.751e-04
  3195  +0.6248893752       320  +0.6250000000  +1.106e-04
  3196  +0.6239047773       319  +0.6230468750  -8.579e-04
  3197  +0.6229212682       319  +0.6230468750  +1.256e-04
  3198  +0.6219388465       318  +0.6210937500  -8.451e-04
  3199  +0.6209575108       318  +0.6210937500  +1.362e-04
  3200  +0.6199772597       317  +0.6191406250  -8.366e-04
  3201  +0.6189980918       317  +0.6191406250  +1.425e-04
  3202  +0.6180200056       316  +0.6171875000  -8.325e-04
  3203  +0.6170429997       316  +0.6171875000  +1.445e-04
  3204  +0.6160670727       315  +0.6152343750  -8.327e-04
  3205  +0.6150922232       315  +0.6152343750  +1.422e-04
  3206  +0.6141184498       314  +0.6132812500  -8.372e-04
  3207  +0.6131457509       314  +0.6132812500  +1.355e-04
  3208  +0.6121741254       313  +0.6113281250  -8.460e-04
  3209  +0.6112035716       313  +0.6113281250  +1.246e-04
  3210  +0.6102340883       312  +0.6093750000  -8.591e-04
  3211  +0.6092656740       312  +0.6093750000  +1.093e-04
  3212  +0.6082983273       311  +0.6074218750  -8.765e-04
  3213  +0.6073320468       311  +0.6074218750  +8.983e-05
  3214  +0.6063668311       310  +0.6054687500  -8.981e-04
  3215  +0.6054026789       310  +0.6054687500  +6.607e-05
  3216  +0.6044395887       309  +0.6035156250  -9.240e-04
  3217  +0.6034775591       309  +0.6035156250  +3.807e-05
  3218  +0.6025165887       308  +0.6015625000  -9.541e-04
  3219  +0.6015566762       308  +0.6015625000  +5.824e-06
  3220  +0.6005978202       308  +0.6015625000  +9.647e-04
  3221  +0.5996400193       307  +0.5996093750  -3.064e-05
  3222  +0.5986832720       307  +0.5996093750  +9.261e-04
  3223  +0.5977275771       306  +0.5976562500  -7.133e-05
  3224  +0.5967729331       306  +0.5976562500  +8.833e-04
  3225  +0.5958193387       305  +0.5957031250  -1.162e-04
  3226  +0.5948667925       305  +0.5957031250  +8.363e-04
  3227  +0.5939152931       304  +0.5937500000  -1.653e-04
  3228  +0.5929648392       304  +0.5937500000  +7.852e-04
  3229  +0.5920154293       303  +0.5917968750  -2.186e-04
  3230  +0.5910670622       303  +0.5917968750  +7.298e-04
  3231  +0.5901197364       302  +0.5898437500  -2.760e-04
  3232  +0.5891734506       302  +0.5898437500  +6.703e-04
  3233  +0.5882282034       301  +0.5878906250  -3.376e-04
  3234  +0.5872839935       301  +0.5878906250  +6.066e-04
  3235  +0.5863408195       300  +0.5859375000  -4.033e-04
  3236  +0.5853986801       300  +0.5859375000  +5.388e-04
  3237  +0.5844575739       299  +0.5839843750  -4.732e-04
  3238  +0.5835174995       299  +0.5839843750  +4.669e-04
  3239  +0.5825784556       298  +0.5820312500  -5.472e-04
  3240  +0.5816404409       298  +0.5820312500  +3.908e-04
  3241  +0.5807034541       297  +0.5800781250  -6.253e-04
  3242  +0.5797674936       297  +0.5800781250  +3.106e-04
  3243  +0.5788325584       296  +0.5781250000  -7.076e-04
  3244  +0.5778986469       296  +0.5781250000  +2.264e-04
  3245  +0.5769657579       295  +0.5761718750  -7.939e-04
  3246  +0.5760338900       295  +0.5761718750  +1.380e-04
  3247  +0.5751030419       294  +0.5742187500  -8.843e-04
  3248  +0.5741732122       294  +0.5742187500  +4.554e-05
  3249  +0.5732443997       294  +0.5742187500  +9.744e-04
  3250  +0.5723166030       293  +0.5722656250  -5.098e-05
  3251  +0.5713898208       293  +0.5722656250  +8.758e-04
  3252  +0.5704640517       292  +0.5703125000  -1.516e-04
  3253  +0.5695392945       292  +0.5703125000  +7.732e-04
  3254  +0.5686155477       291  +0.5683593750  -2.562e-04
  3255  +0.5676928102       291  +0.5683593750  +6.666e-04
  3256  +0.5667710805       290  +0.5664062500  -3.648e-04
  3257  +0.5658503574       290  +0.5664062500  +5.559e-04
  3258  +0.5649306396       289  +0.5644531250  -4.775e-04
  3259  +0.5640119257       289  +0.5644531250  +4.412e-04
  3260  +0.5630942145       288  +0.5625000000  -5.942e-04
  3261  +0.5621775046       288  +0.5625000000  +3.225e-04
  3262  +0.5612617947       287  +0.5605468750  -7.149e-04
  3263  +0.5603470835       287  +0.5605468750  +1.998e-04
  3264  +0.5594333697       286  +0.5585937500  -8.396e-04
  3265  +0.5585206521       286  +0.5585937500  +7.310e-05
  3266  +0.5576089293       285  +0.5566406250  -9.683e-04
  3267  +0.5566982001       285  +0.5566406250  -5.758e-05
  3268  +0.5557884630       285  +0.5566406250  +8.522e-04
  3269  +0.5548797170       284  +0.5546875000  -1.922e-04
  3270  +0.5539719606       284  +0.5546875000  +7.155e-04
  3271  +0.5530651925       283  +0.5527343750  -3.308e-04
  3272  +0.5521594116       283  +0.5527343750  +5.750e-04
  3273  +0.5512546164       282  +0.5507812500  -4.734e-04
  3274  +0.5503508058       282  +0.5507812500  +4.304e-04
  3275  +0.5494479784       281  +0.5488281250  -6.199e-04
  3276  +0.5485461330       281  +0.5488281250  +2.820e-04
  3277  +0.5476452682       280  +0.5468750000  -7.703e-04
  3278  +0.5467453829       280  +0.5468750000  +1.296e-04
  3279  +0.5458464757       279  +0.5449218750  -9.246e-04
  3280  +0.5449485454       279  +0.5449218750  -2.667e-05
  3281  +0.5440515907       279  +0.5449218750  +8.703e-04
  3282  +0.5431556103       278  +0.5429687500  -1.869e-04
  3283  +0.5422606030       278  +0.5429687500  +7.081e-04
  3284  +0.5413665675       277  +0.5410156250  -3.509e-04
  3285  +0.5404735026       277  +0.5410156250  +5.421e-04
  3286  +0.5395814069       276  +0.5390625000  -5.189e-04
  3287  +0.5386902793       276  +0.5390625000  +3.722e-04
  3288  +0.5378001184       275  +0.5371093750  -6.907e-04
  3289  +0.5369109230       275  +0.5371093750  +1.985e-04
  3290  +0.5360226919       274  +0.5351562500  -8.664e-04
  3291  +0.5351354238       274  +0.5351562500  +2.083e-05
  3292  +0.5342491175       274  +0.5351562500  +9.071e-04
  3293  +0.5333637717       273  +0.5332031250  -1.606e-04
  3294  +0.5324793852       273  +0.5332031250  +7.237e-04
  3295  +0.5315959567       272  +0.5312500000  -3.460e-04
  3296  +0.5307134849       272  +0.5312500000  +5.365e-04
  3297  +0.5298319688       271  +0.5292968750  -5.351e-04
  3298  +0.5289514069       271  +0.5292968750  +3.455e-04
  3299  +0.5280717981       270  +0.5273437500  -7.280e-04
  3300  +0.5271931411       270  +0.5273437500  +1.506e-04
  3301  +0.5263154348       269  +0.5253906250  -9.248e-04
  3302  +0.5254386778       269  +0.5253906250  -4.805e-05
  3303  +0.5245628690       269  +0.5253906250  +8.278e-04
  3304  +0.5236880071       268  +0.5234375000  -2.505e-04
  3305  +0.5228140909       268  +0.5234375000  +6.234e-04
  3306  +0.5219411191       267  +0.5214843750  -4.567e-04
  3307  +0.5210690906       267  +0.5214843750  +4.153e-04
  3308  +0.5201980041       266  +0.5195312500  -6.668e-04
  3309  +0.5193278585       266  +0.5195312500  +2.034e-04
  3310  +0.5184586524       265  +0.5175781250  -8.805e-04
  3311  +0.5175903847       265  +0.5175781250  -1.226e-05
  3312  +0.5167230541       265  +0.5175781250  +8.551e-04
  3313  +0.5158566595       264  +0.5156250000  -2.317e-04
  3314  +0.5149911997       264  +0.5156250000  +6.338e-04
  3315  +0.5141266734       263  +0.5136718750  -4.548e-04
  3316  +0.5132630794       263  +0.5136718750  +4.088e-04
  3317  +0.5124004165       262  +0.5117187500  -6.817e-04
  3318  +0.5115386836       262  +0.5117187500  +1.801e-04
  3319  +0.5106778794       261  +0.5097656250  -9.123e-04
  3320  +0.5098180026       261  +0.5097656250  -5.238e-05
  3321  +0.5089590523       261  +0.5097656250  +8.066e-04
  3322  +0.5081010270       260  +0.5078125000  -2.885e-04
  3323  +0.5072439257       260  +0.5078125000  +5.686e-04
  3324  +0.5063877471       259  +0.5058593750  -5.284e-04
  3325  +0.5055324900       259  +0.5058593750  +3.269e-04
  3326  +0.5046781534       258  +0.5039062500  -7.719e-04
  3327  +0.5038247359       258  +0.5039062500  +8.151e-05
  3328  +0.5029722363       258  +0.5039062500  +9.340e-04
  3329  +0.5021206536       257  +0.5019531250  -1.675e-04
  3330  +0.5012699865       257  +0.5019531250  +6.831e-04
  3331  +0.5004202339       256  +0.5000000000  -4.202e-04
  3332  +0.4995713945       256  +0.5000000000  +4.286e-04
  3333  +0.4987234672       255  +0.4980468750  -6.766e-04
  3334  +0.4978764508       255  +0.4980468750  +1.704e-04
  3335  +0.4970303441       254  +0.4960937500  -9.366e-04
  3336  +0.4961851460       254  +0.4960937500  -9.140e-05
  3337  +0.4953408553       254  +0.4960937500  +7.529e-04
  3338  +0.4944974708       253  +0.4941406250  -3.568e-04
  3339  +0.4936549914       253  +0.4941406250  +4.856e-04
  3340  +0.4928134159       252  +0.4921875000  -6.259e-04
  3341  +0.4919727431       252  +0.4921875000  +2.148e-04
  3342  +0.4911329719       251  +0.4902343750  -8.986e-04
  3343  +0.4902941010       251  +0.4902343750  -5.973e-05
  3344  +0.4894561295       251  +0.4902343750  +7.782e-04
  3345  +0.4886190560       250  +0.4882812500  -3.378e-04
  3346  +0.4877828794       250  +0.4882812500  +4.984e-04
  3347  +0.4869475987       249  +0.4863281250  -6.195e-04
  3348  +0.4861132125       249  +0.4863281250  +2.149e-04
  3349  +0.4852797199       248  +0.4843750000  -9.047e-04
  3350  +0.4844471196       248  +0.4843750000  -7.212e-05
  3351  +0.4836154104       248  +0.4843750000  +7.596e-04
  3352  +0.4827845914       247  +0.4824218750  -3.627e-04
  3353  +0.4819546612       247  +0.4824218750  +4.672e-04
  3354  +0.4811256187       246  +0.4804687500  -6.569e-04
  3355  +0.4802974629       246  +0.4804687500  +1.713e-04
  3356  +0.4794701926       245  +0.4785156250  -9.546e-04
  3357  +0.4786438066       245  +0.4785156250  -1.282e-04
  3358  +0.4778183038       245  +0.4785156250  +6.973e-04
  3359  +0.4769936830       244  +0.4765625000  -4.312e-04
  3360  +0.4761699432       244  +0.4765625000  +3.926e-04
  3361  +0.4753470832       243  +0.4746093750  -7.377e-04
  3362  +0.4745251019       243  +0.4746093750  +8.427e-05
  3363  +0.4737039982       243  +0.4746093750  +9.054e-04
  3364  +0.4728837709       242  +0.4726562500  -2.275e-04
  3365  +0.4720644188       242  +0.4726562500  +5.918e-04
  3366  +0.4712459410       241  +0.4707031250  -5.428e-04
  3367  +0.4704283362       241  +0.4707031250  +2.748e-04
  3368  +0.4696116033       240  +0.4687500000  -8.616e-04
  3369  +0.4687957413       240  +0.4687500000  -4.574e-05
  3370  +0.4679807490       240  +0.4687500000  +7.693e-04
  3371  +0.4671666253       239  +0.4667968750  -3.698e-04
  3372  +0.4663533690       239  +0.4667968750  +4.435e-04
  3373  +0.4655409791       238  +0.4648437500  -6.972e-04
  3374  +0.4647294545       238  +0.4648437500  +1.143e-04
  3375  +0.4639187940       238  +0.4648437500  +9.250e-04
  3376  +0.4631089966       237  +0.4628906250  -2.184e-04
  3377  +0.4623000611       237  +0.4628906250  +5.906e-04
  3378  +0.4614919864       236  +0.4609375000  -5.545e-04
  3379  +0.4606847715       236  +0.4609375000  +2.527e-04
  3380  +0.4598784152       235  +0.4589843750  -8.940e-04
  3381  +0.4590729165       235  +0.4589843750  -8.854e-05
  3382  +0.4582682742       235  +0.4589843750  +7.161e-04
  3383  +0.4574644872       234  +0.4570312500  -4.332e-04
  3384  +0.4566615545       234  +0.4570312500  +3.697e-04
  3385  +0.4558594749       233  +0.4550781250  -7.813e-04
  3386  +0.4550582474       233  +0.4550781250  +1.988e-05
  3387  +0.4542578709       233  +0.4550781250  +8.203e-04
  3388  +0.4534583443       232  +0.4531250000  -3.333e-04
  3389  +0.4526596665       232  +0.4531250000  +4.653e-04
  3390  +0.4518618364       231  +0.4511718750  -6.900e-04
  3391  +0.4510648529       231  +0.4511718750  +1.070e-04
  3392  +0.4502687150       231  +0.4511718750  +9.032e-04
  3393  +0.4494734216       230  +0.4492187500  -2.547e-04
  3394  +0.4486789715       230  +0.4492187500  +5.398e-04
  3395  +0.4478853638       229  +0.4472656250  -6.197e-04
  3396  +0.4470925974       229  +0.4472656250  +1.730e-04
  3397  +0.4463006711       229  +0.4472656250  +9.650e-04
  3398  +0.4455095839       228  +0.4453125000  -1.971e-04
  3399  +0.4447193347       228  +0.4453125000  +5.932e-04
  3400  +0.4439299225       227  +0.4433593750  -5.705e-04
  3401  +0.4431413462       227  +0.4433593750  +2.180e-04
  3402  +0.4423536048       226  +0.4414062500  -9.474e-04
  3403  +0.4415666971       226  +0.4414062500  -1.604e-04
  3404  +0.4407806221       226  +0.4414062500  +6.256e-04
  3405  +0.4399953787       225  +0.4394531250  -5.423e-04
  3406  +0.4392109659       225  +0.4394531250  +2.422e-04
  3407  +0.4384273827       224  +0.4375000000  -9.274e-04
  3408  +0.4376446279       224  +0.4375000000  -1.446e-04
  3409  +0.4368627005       224  +0.4375000000  +6.373e-04
  3410  +0.4360815995       223  +0.4355468750  -5.347e-04
  3411  +0.4353013238       223  +0.4355468750  +2.456e-04
  3412  +0.4345218723       222  +0.4335937500  -9.281e-04
  3413  +0.4337432441       222  +0.4335937500  -1.495e-04
  3414  +0.4329654380       222  +0.4335937500  +6.283e-04
  3415  +0.4321884530       221  +0.4316406250  -5.478e-04
  3416  +0.4314122881       221  +0.4316406250  +2.283e-04
  3417  +0.4306369422       220  +0.4296875000  -9.494e-04
  3418  +0.4298624143       220  +0.4296875000  -1.749e-04
  3419  +0.4290887033       220  +0.4296875000  +5.988e-04
  3420  +0.4283158082       219  +0.4277343750  -5.814e-04
  3421  +0.4275437280       219  +0.4277343750  +1.906e-04
  3422  +0.4267724617       219  +0.4277343750  +9.619e-04
  3423  +0.4260020081       218  +0.4257812500  -2.208e-04
  3424  +0.4252323663       218  +0.4257812500  +5.489e-04
  3425  +0.4244635352       217  +0.4238281250  -6.354e-04
  3426  +0.4236955138       217  +0.4238281250  +1.326e-04
  3427  +0.4229283011       217  +0.4238281250  +8.998e-04
  3428  +0.4221618961       216  +0.4218750000  -2.869e-04
  3429  +0.4213962977       216  +0.4218750000  +4.787e-04
  3430  +0.4206315048       215  +0.4199218750  -7.096e-04
  3431  +0.4198675166       215  +0.4199218750  +5.436e-05
  3432  +0.4191043319       215  +0.4199218750  +8.175e-04
  3433  +0.4183419497       214  +0.4179687500  -3.732e-04
  3434  +0.4175803691       214  +0.4179687500  +3.884e-04
  3435  +0.4168195889       213  +0.4160156250  -8.040e-04
  3436  +0.4160596082       213  +0.4160156250  -4.398e-05
  3437  +0.4153004261       213  +0.4160156250  +7.152e-04
  3438  +0.4145420413       212  +0.4140625000  -4.795e-04
  3439  +0.4137844530       212  +0.4140625000  +2.780e-04
  3440  +0.4130276602       211  +0.4121093750  -9.183e-04
  3441  +0.4122716618       211  +0.4121093750  -1.623e-04
  3442  +0.4115164568       211  +0.4121093750  +5.929e-04
  3443  +0.4107620442       210  +0.4101562500  -6.058e-04
  3444  +0.4100084231       210  +0.4101562500  +1.478e-04
  3445  +0.4092555923       210  +0.4101562500  +9.007e-04
  3446  +0.4085035510       209  +0.4082031250  -3.004e-04
  3447  +0.4077522981       209  +0.4082031250  +4.508e-04
  3448  +0.4070018326       208  +0.4062500000  -7.518e-04
  3449  +0.4062521535       208  +0.4062500000  -2.154e-06
  3450  +0.4055032599       208  +0.4062500000  +7.467e-04
  3451  +0.4047551507       207  +0.4042968750  -4.583e-04
  3452  +0.4040078249       207  +0.4042968750  +2.891e-04
  3453  +0.4032612815       206  +0.4023437500  -9.175e-04
  3454  +0.4025155197       206  +0.4023437500  -1.718e-04
  3455  +0.4017705383       206  +0.4023437500  +5.732e-04
  3456  +0.4010263363       205  +0.4003906250  -6.357e-04
  3457  +0.4002829129       205  +0.4003906250  +1.077e-04
  3458  +0.3995402670       205  +0.4003906250  +8.504e-04
  3459  +0.3987983976       204  +0.3984375000  -3.609e-04
  3460  +0.3980573038       204  +0.3984375000  +3.802e-04
  3461  +0.3973169846       203  +0.3964843750  -8.326e-04
  3462  +0.3965774389       203  +0.3964843750  -9.306e-05
  3463  +0.3958386659       203  +0.3964843750  +6.457e-04
  3464  +0.3951006645       202  +0.3945312500  -5.694e-04
  3465  +0.3943634338       202  +0.3945312500  +1.678e-04
  3466  +0.3936269727       202  +0.3945312500  +9.043e-04
  3467  +0.3928912804       201  +0.3925781250  -3.132e-04
  3468  +0.3921563559       201  +0.3925781250  +4.218e-04
  3469  +0.3914221981       200  +0.3906250000  -7.972e-04
  3470  +0.3906888061       200  +0.3906250000  -6.381e-05
  3471  +0.3899561790       200  +0.3906250000  +6.688e-04
  3472  +0.3892243158       199  +0.3886718750  -5.524e-04
  3473  +0.3884932156       199  +0.3886718750  +1.787e-04
  3474  +0.3877628772       199  +0.3886718750  +9.090e-04
  3475  +0.3870332999       198  +0.3867187500  -3.145e-04
  3476  +0.3863044827       198  +0.3867187500  +4.143e-04
  3477  +0.3855764245       197  +0.3847656250  -8.108e-04
  3478  +0.3848491244       197  +0.3847656250  -8.350e-05
  3479  +0.3841225816       197  +0.3847656250  +6.430e-04
  3480  +0.3833967949       196  +0.3828125000  -5.843e-04
  3481  +0.3826717636       196  +0.3828125000  +1.407e-04
  3482  +0.3819474865       196  +0.3828125000  +8.650e-04
  3483  +0.3812239628       195  +0.3808593750  -3.646e-04
  3484  +0.3805011916       195  +0.3808593750  +3.582e-04
  3485  +0.3797791718       194  +0.3789062500  -8.729e-04
  3486  +0.3790579026       194  +0.3789062500  -1.517e-04
  3487  +0.3783373829       194  +0.3789062500  +5.689e-04
  3488  +0.3776176119       193  +0.3769531250  -6.645e-04
  3489  +0.3768985886       193  +0.3769531250  +5.454e-05
  3490  +0.3761803120       193  +0.3769531250  +7.728e-04
  3491  +0.3754627813       192  +0.3750000000  -4.628e-04
  3492  +0.3747459955       192  +0.3750000000  +2.540e-04
  3493  +0.3740299536       192  +0.3750000000  +9.700e-04
  3494  +0.3733146548       191  +0.3730468750  -2.678e-04
  3495  +0.3726000980       191  +0.3730468750  +4.468e-04
  3496  +0.3718862824       190  +0.3710937500  -7.925e-04
  3497  +0.3711732070       190  +0.3710937500  -7.946e-05
  3498  +0.3704608709       190  +0.3710937500  +6.329e-04
  3499  +0.3697492732       189  +0.3691406250  -6.086e-04
  3500  +0.3690384129       189  +0.3691406250  +1.022e-04
  3501  +0.3683282891       189  +0.3691406250  +8.123e-04
  3502  +0.3676189009       188  +0.3671875000  -4.314e-04
  3503  +0.3669102474       188  +0.3671875000  +2.773e-04
  3504  +0.3662023276       187  +0.3652343750  -9.680e-04
  3505  +0.3654951407       187  +0.3652343750  -2.608e-04
  3506  +0.3647886856       187  +0.3652343750  +4.457e-04
  3507  +0.3640829616       186  +0.3632812500  -8.017e-04
  3508  +0.3633779676       186  +0.3632812500  -9.672e-05
  3509  +0.3626737028       186  +0.3632812500  +6.075e-04
  3510  +0.3619701662       185  +0.3613281250  -6.420e-04
  3511  +0.3612673569       185  +0.3613281250  +6.077e-05
  3512  +0.3605652741       185  +0.3613281250  +7.629e-04
  3513  +0.3598639168       184  +0.3593750000  -4.889e-04
  3514  +0.3591632841       184  +0.3593750000  +2.117e-04
  3515  +0.3584633751       184  +0.3593750000  +9.116e-04
  3516  +0.3577641889       183  +0.3574218750  -3.423e-04
  3517  +0.3570657245       183  +0.3574218750  +3.562e-04
  3518  +0.3563679812       182  +0.3554687500  -8.992e-04
  3519  +0.3556709579       182  +0.3554687500  -2.022e-04
  3520  +0.3549746538       182  +0.3554687500  +4.941e-04
  3521  +0.3542790680       181  +0.3535156250  -7.634e-04
  3522  +0.3535841996       181  +0.3535156250  -6.857e-05
  3523  +0.3528900477       181  +0.3535156250  +6.256e-04
  3524  +0.3521966114       180  +0.3515625000  -6.341e-04
  3525  +0.3515038897       180  +0.3515625000  +5.861e-05
  3526  +0.3508118819       180  +0.3515625000  +7.506e-04
  3527  +0.3501205869       179  +0.3496093750  -5.112e-04
  3528  +0.3494300040       179  +0.3496093750  +1.794e-04
  3529  +0.3487401323       179  +0.3496093750  +8.692e-04
  3530  +0.3480509707       178  +0.3476562500  -3.947e-04
  3531  +0.3473625186       178  +0.3476562500  +2.937e-04
  3532  +0.3466747749       177  +0.3457031250  -9.716e-04
  3533  +0.3459877387       177  +0.3457031250  -2.846e-04
  3534  +0.3453014093       177  +0.3457031250  +4.017e-04
  3535  +0.3446157858       176  +0.3437500000  -8.658e-04
  3536  +0.3439308671       176  +0.3437500000  -1.809e-04
  3537  +0.3432466525       176  +0.3437500000  +5.033e-04
  3538  +0.3425631412       175  +0.3417968750  -7.663e-04
  3539  +0.3418803321       175  +0.3417968750  -8.346e-05
  3540  +0.3411982244       175  +0.3417968750  +5.987e-04
  3541  +0.3405168173       174  +0.3398437500  -6.731e-04
  3542  +0.3398361099       174  +0.3398437500  +7.640e-06
  3543  +0.3391561014       174  +0.3398437500  +6.876e-04
  3544  +0.3384767907       173  +0.3378906250  -5.862e-04
  3545  +0.3377981771       173  +0.3378906250  +9.245e-05
  3546  +0.3371202598       173  +0.3378906250  +7.704e-04
  3547  +0.3364430378       172  +0.3359375000  -5.055e-04
  3548  +0.3357665102       172  +0.3359375000  +1.710e-04
  3549  +0.3350906763       172  +0.3359375000  +8.468e-04
  3550  +0.3344155351       171  +0.3339843750  -4.312e-04
  3551  +0.3337410858       171  +0.3339843750  +2.433e-04
  3552  +0.3330673275       171  +0.3339843750  +9.170e-04
  3553  +0.3323942594       170  +0.3320312500  -3.630e-04
  3554  +0.3317218806       170  +0.3320312500  +3.094e-04
  3555  +0.3310501902       169  +0.3300781250  -9.721e-04
  3556  +0.3303791875       169  +0.3300781250  -3.011e-04
  3557  +0.3297088714       169  +0.3300781250  +3.693e-04
  3558  +0.3290392413       168  +0.3281250000  -9.142e-04
  3559  +0.3283702962       168  +0.3281250000  -2.453e-04
  3560  +0.3277020353       168  +0.3281250000  +4.230e-04
  3561  +0.3270344577       167  +0.3261718750  -8.626e-04
  3562  +0.3263675626       167  +0.3261718750  -1.957e-04
  3563  +0.3257013491       167  +0.3261718750  +4.705e-04
  3564  +0.3250358164       166  +0.3242187500  -8.171e-04
  3565  +0.3243709637       166  +0.3242187500  -1.522e-04
  3566  +0.3237067900       166  +0.3242187500  +5.120e-04
  3567  +0.3230432947       165  +0.3222656250  -7.777e-04
  3568  +0.3223804767       165  +0.3222656250  -1.149e-04
  3569  +0.3217183353       165  +0.3222656250  +5.473e-04
  3570  +0.3210568697       164  +0.3203125000  -7.444e-04
  3571  +0.3203960789       164  +0.3203125000  -8.358e-05
  3572  +0.3197359623       164  +0.3203125000  +5.765e-04
  3573  +0.3190765188       163  +0.3183593750  -7.171e-04
  3574  +0.3184177477       163  +0.3183593750  -5.837e-05
  3575  +0.3177596482       163  +0.3183593750  +5.997e-04
  3576  +0.3171022195       162  +0.3164062500  -6.960e-04
  3577  +0.3164454606       162  +0.3164062500  -3.921e-05
  3578  +0.3157893708       162  +0.3164062500  +6.169e-04
  3579  +0.3151339492       161  +0.3144531250  -6.808e-04
  3580  +0.3144791951       161  +0.3144531250  -2.607e-05
  3581  +0.3138251075       161  +0.3144531250  +6.280e-04
  3582  +0.3131716857       160  +0.3125000000  -6.717e-04
  3583  +0.3125189288       160  +0.3125000000  -1.893e-05
  3584  +0.3118668360       160  +0.3125000000  +6.332e-04
  3585  +0.3112154066       159  +0.3105468750  -6.685e-04
  3586  +0.3105646396       159  +0.3105468750  -1.776e-05
  3587  +0.3099145342       159  +0.3105468750  +6.323e-04
  3588  +0.3092650897       158  +0.3085937500  -6.713e-04
  3589  +0.3086163052       158  +0.3085937500  -2.256e-05
  3590  +0.3079681799       158  +0.3085937500  +6.256e-04
  3591  +0.3073207130       157  +0.3066406250  -6.801e-04
  3592  +0.3066739037       157  +0.3066406250  -3.328e-05
  3593  +0.3060277511       157  +0.3066406250  +6.129e-04
  3594  +0.3053822545       156  +0.3046875000  -6.948e-04
  3595  +0.3047374130       156  +0.3046875000  -4.991e-05
  3596  +0.3040932259       156  +0.3046875000  +5.943e-04
  3597  +0.3034496923       155  +0.3027343750  -7.153e-04
  3598  +0.3028068114       155  +0.3027343750  -7.244e-05
  3599  +0.3021645824       155  +0.3027343750  +5.698e-04
  3600  +0.3015230045       154  +0.3007812500  -7.418e-04
  3601  +0.3008820769       154  +0.3007812500  -1.008e-04
  3602  +0.3002417989       154  +0.3007812500  +5.395e-04
  3603  +0.2996021695       153  +0.2988281250  -7.740e-04
  3604  +0.2989631880       153  +0.2988281250  -1.351e-04
  3605  +0.2983248536       153  +0.2988281250  +5.033e-04
  3606  +0.2976871656       152  +0.2968750000  -8.122e-04
  3607  +0.2970501230       152  +0.2968750000  -1.751e-04
  3608  +0.2964137252       152  +0.2968750000  +4.613e-04
  3609  +0.2957779713       151  +0.2949218750  -8.561e-04
  3610  +0.2951428605       151  +0.2949218750  -2.210e-04
  3611  +0.2945083920       151  +0.2949218750  +4.135e-04
  3612  +0.2938745651       150  +0.2929687500  -9.058e-04
  3613  +0.2932413789       150  +0.2929687500  -2.726e-04
  3614  +0.2926088327       150  +0.2929687500  +3.599e-04
  3615  +0.2919769257       149  +0.2910156250  -9.613e-04
  3616  +0.2913456571       149  +0.2910156250  -3.300e-04
  3617  +0.2907150260       149  +0.2910156250  +3.006e-04
  3618  +0.2900850318       149  +0.2910156250  +9.306e-04
  3619  +0.2894556737       148  +0.2890625000  -3.932e-04
  3620  +0.2888269508       148  +0.2890625000  +2.355e-04
  3621  +0.2881988623       148  +0.2890625000  +8.636e-04
  3622  +0.2875714076       147  +0.2871093750  -4.620e-04
  3623  +0.2869445858       147  +0.2871093750  +1.648e-04
  3624  +0.2863183961       147  +0.2871093750  +7.910e-04
  3625  +0.2856928378       146  +0.2851562500  -5.366e-04
  3626  +0.2850679100       146  +0.2851562500  +8.834e-05
  3627  +0.2844436121       146  +0.2851562500  +7.126e-04
  3628  +0.2838199432       145  +0.2832031250  -6.168e-04
  3629  +0.2831969026       145  +0.2832031250  +6.222e-06
  3630  +0.2825744895       145  +0.2832031250  +6.286e-04
  3631  +0.2819527031       144  +0.2812500000  -7.027e-04
  3632  +0.2813315427       144  +0.2812500000  -8.154e-05
  3633  +0.2807110074       144  +0.2812500000  +5.390e-04
  3634  +0.2800910966       143  +0.2792968750  -7.942e-04
  3635  +0.2794718094       143  +0.2792968750  -1.749e-04
  3636  +0.2788531452       143  +0.2792968750  +4.437e-04
  3637  +0.2782351030       142  +0.2773437500  -8.914e-04
  3638  +0.2776176822       142  +0.2773437500  -2.739e-04
  3639  +0.2770008821       142  +0.2773437500  +3.429e-04
  3640  +0.2763847017       142  +0.2773437500  +9.590e-04
  3641  +0.2757691405       141  +0.2753906250  -3.785e-04
  3642  +0.2751541976       141  +0.2753906250  +2.364e-04
  3643  +0.2745398722       141  +0.2753906250  +8.508e-04
  3644  +0.2739261637       140  +0.2734375000  -4.887e-04
  3645  +0.2733130712       140  +0.2734375000  +1.244e-04
  3646  +0.2727005940       140  +0.2734375000  +7.369e-04
  3647  +0.2720887314       139  +0.2714843750  -6.044e-04
  3648  +0.2714774826       139  +0.2714843750  +6.892e-06
  3649  +0.2708668468       139  +0.2714843750  +6.175e-04
  3650  +0.2702568233       138  +0.2695312500  -7.256e-04
  3651  +0.2696474114       138  +0.2695312500  -1.162e-04
  3652  +0.2690386102       138  +0.2695312500  +4.926e-04
  3653  +0.2684304192       137  +0.2675781250  -8.523e-04
  3654  +0.2678228374       137  +0.2675781250  -2.447e-04
  3655  +0.2672158642       137  +0.2675781250  +3.623e-04
  3656  +0.2666094988       137  +0.2675781250  +9.686e-04
  3657  +0.2660037405       136  +0.2656250000  -3.787e-04
  3658  +0.2653985886       136  +0.2656250000  +2.264e-04
  3659  +0.2647940422       136  +0.2656250000  +8.310e-04
  3660  +0.2641901007       135  +0.2636718750  -5.182e-04
  3661  +0.2635867633       135  +0.2636718750  +8.511e-05
  3662  +0.2629840293       135  +0.2636718750  +6.878e-04
  3663  +0.2623818980       134  +0.2617187500  -6.631e-04
  3664  +0.2617803685       134  +0.2617187500  -6.162e-05
  3665  +0.2611794403       134  +0.2617187500  +5.393e-04
  3666  +0.2605791124       133  +0.2597656250  -8.135e-04
  3667  +0.2599793843       133  +0.2597656250  -2.138e-04
  3668  +0.2593802552       133  +0.2597656250  +3.854e-04
  3669  +0.2587817243       132  +0.2578125000  -9.692e-04
  3670  +0.2581837909       132  +0.2578125000  -3.713e-04
  3671  +0.2575864544       132  +0.2578125000  +2.260e-04
  3672  +0.2569897139       132  +0.2578125000  +8.228e-04
  3673  +0.2563935687       131  +0.2558593750  -5.342e-04
  3674  +0.2557980182       131  +0.2558593750  +6.136e-05
  3675  +0.2552030615       131  +0.2558593750  +6.563e-04
  3676  +0.2546086980       130  +0.2539062500  -7.024e-04
  3677  +0.2540149270       130  +0.2539062500  -1.087e-04
  3678  +0.2534217476       130  +0.2539062500  +4.845e-04
  3679  +0.2528291593       129  +0.2519531250  -8.760e-04
  3680  +0.2522371613       129  +0.2519531250  -2.840e-04
  3681  +0.2516457528       129  +0.2519531250  +3.074e-04
  3682  +0.2510549332       129  +0.2519531250  +8.982e-04
  3683  +0.2504647017       128  +0.2500000000  -4.647e-04
  3684  +0.2498750576       128  +0.2500000000  +1.249e-04
  3685  +0.2492860003       128  +0.2500000000  +7.140e-04
  3686  +0.2486975289       127  +0.2480468750  -6.507e-04
  3687  +0.2481096428       127  +0.2480468750  -6.277e-05
  3688  +0.2475223413       127  +0.2480468750  +5.245e-04
  3689  +0.2469356237       126  +0.2460937500  -8.419e-04
  3690  +0.2463494891       126  +0.2460937500  -2.557e-04
  3691  +0.2457639371       126  +0.2460937500  +3.298e-04
  3692  +0.2451789667       126  +0.2460937500  +9.148e-04
  3693  +0.2445945774       125  +0.2441406250  -4.540e-04
  3694  +0.2440107685       125  +0.2441406250  +1.299e-04
  3695  +0.2434275391       125  +0.2441406250  +7.131e-04
  3696  +0.2428448887       124  +0.2421875000  -6.574e-04
  3697  +0.2422628164       124  +0.2421875000  -7.532e-05
  3698  +0.2416813217       124  +0.2421875000  +5.062e-04
  3699  +0.2411004038       123  +0.2402343750  -8.660e-04
  3700  +0.2405200620       123  +0.2402343750  -2.857e-04
  3701  +0.2399402957       123  +0.2402343750  +2.941e-04
  3702  +0.2393611040       123  +0.2402343750  +8.733e-04
  3703  +0.2387824864       122  +0.2382812500  -5.012e-04
  3704  +0.2382044421       122  +0.2382812500  +7.681e-05
  3705  +0.2376269704       122  +0.2382812500  +6.543e-04
  3706  +0.2370500706       121  +0.2363281250  -7.219e-04
  3707  +0.2364737422       121  +0.2363281250  -1.456e-04
  3708  +0.2358979842       121  +0.2363281250  +4.301e-04
  3709  +0.2353227961       120  +0.2343750000  -9.478e-04
  3710  +0.2347481772       120  +0.2343750000  -3.732e-04
  3711  +0.2341741268       120  +0.2343750000  +2.009e-04
  3712  +0.2336006442       120  +0.2343750000  +7.744e-04
  3713  +0.2330277287       119  +0.2324218750  -6.059e-04
  3714  +0.2324553796       119  +0.2324218750  -3.350e-05
  3715  +0.2318835963       119  +0.2324218750  +5.383e-04
  3716  +0.2313123780       118  +0.2304687500  -8.436e-04
  3717  +0.2307417241       118  +0.2304687500  -2.730e-04
  3718  +0.2301716339       118  +0.2304687500  +2.971e-04
  3719  +0.2296021067       118  +0.2304687500  +8.666e-04
  3720  +0.2290331418       117  +0.2285156250  -5.175e-04
  3721  +0.2284647386       117  +0.2285156250  +5.089e-05
  3722  +0.2278968964       117  +0.2285156250  +6.187e-04
  3723  +0.2273296144       116  +0.2265625000  -7.671e-04
  3724  +0.2267628921       116  +0.2265625000  -2.004e-04
  3725  +0.2261967287       116  +0.2265625000  +3.658e-04
  3726  +0.2256311236       116  +0.2265625000  +9.314e-04
  3727  +0.2250660761       115  +0.2246093750  -4.567e-04
  3728  +0.2245015855       115  +0.2246093750  +1.078e-04
  3729  +0.2239376512       115  +0.2246093750  +6.717e-04
  3730  +0.2233742724       114  +0.2226562500  -7.180e-04
  3731  +0.2228114486       114  +0.2226562500  -1.552e-04
  3732  +0.2222491790       114  +0.2226562500  +4.071e-04
  3733  +0.2216874630       114  +0.2226562500  +9.688e-04
  3734  +0.2211262999       113  +0.2207031250  -4.232e-04
  3735  +0.2205656890       113  +0.2207031250  +1.374e-04
  3736  +0.2200056297       113  +0.2207031250  +6.975e-04
  3737  +0.2194461213       112  +0.2187500000  -6.961e-04
  3738  +0.2188871632       112  +0.2187500000  -1.372e-04
  3739  +0.2183287547       112  +0.2187500000  +4.212e-04
  3740  +0.2177708950       111  +0.2167968750  -9.740e-04
  3741  +0.2172135837       111  +0.2167968750  -4.167e-04
  3742  +0.2166568199       111  +0.2167968750  +1.401e-04
  3743  +0.2161006032       111  +0.2167968750  +6.963e-04
  3744  +0.2155449327       110  +0.2148437500  -7.012e-04
  3745  +0.2149898078       110  +0.2148437500  -1.461e-04
  3746  +0.2144352279       110  +0.2148437500  +4.085e-04
  3747  +0.2138811923       110  +0.2148437500  +9.626e-04
  3748  +0.2133277004       109  +0.2128906250  -4.371e-04
  3749  +0.2127747515       109  +0.2128906250  +1.159e-04
  3750  +0.2122223450       109  +0.2128906250  +6.683e-04
  3751  +0.2116704802       108  +0.2109375000  -7.330e-04
  3752  +0.2111191564       108  +0.2109375000  -1.817e-04
  3753  +0.2105683731       108  +0.2109375000  +3.691e-04
  3754  +0.2100181295       108  +0.2109375000  +9.194e-04
  3755  +0.2094684250       107  +0.2089843750  -4.841e-04
  3756  +0.2089192590       107  +0.2089843750  +6.512e-05
  3757  +0.2083706308       107  +0.2089843750  +6.137e-04
  3758  +0.2078225398       106  +0.2070312500  -7.913e-04
  3759  +0.2072749854       106  +0.2070312500  -2.437e-04
  3760  +0.2067279668       106  +0.2070312500  +3.033e-04
  3761  +0.2061814834       106  +0.2070312500  +8.498e-04
  3762  +0.2056355347       105  +0.2050781250  -5.574e-04
  3763  +0.2050901199       105  +0.2050781250  -1.199e-05
  3764  +0.2045452385       105  +0.2050781250  +5.329e-04
  3765  +0.2040008897       104  +0.2031250000  -8.759e-04
  3766  +0.2034570730       104  +0.2031250000  -3.321e-04
  3767  +0.2029137877       104  +0.2031250000  +2.112e-04
  3768  +0.2023710331       104  +0.2031250000  +7.540e-04
  3769  +0.2018288087       103  +0.2011718750  -6.569e-04
  3770  +0.2012871138       103  +0.2011718750  -1.152e-04
  3771  +0.2007459478       103  +0.2011718750  +4.259e-04
  3772  +0.2002053100       103  +0.2011718750  +9.666e-04
  3773  +0.1996651998       102  +0.1992187500  -4.464e-04
  3774  +0.1991256166       102  +0.1992187500  +9.313e-05
  3775  +0.1985865597       102  +0.1992187500  +6.322e-04
  3776  +0.1980480286       101  +0.1972656250  -7.824e-04
  3777  +0.1975100225       101  +0.1972656250  -2.444e-04
  3778  +0.1969725409       101  +0.1972656250  +2.931e-04
  3779  +0.1964355831       101  +0.1972656250  +8.300e-04
  3780  +0.1958991486       100  +0.1953125000  -5.866e-04
  3781  +0.1953632366       100  +0.1953125000  -5.074e-05
  3782  +0.1948278465       100  +0.1953125000  +4.847e-04
  3783  +0.1942929778        99  +0.1933593750  -9.336e-04
  3784  +0.1937586298        99  +0.1933593750  -3.993e-04
  3785  +0.1932248019        99  +0.1933593750  +1.346e-04
  3786  +0.1926914935        99  +0.1933593750  +6.679e-04
  3787  +0.1921587039        98  +0.1914062500  -7.525e-04
  3788  +0.1916264325        98  +0.1914062500  -2.202e-04
  3789  +0.1910946788        98  +0.1914062500  +3.116e-04
  3790  +0.1905634420        98  +0.1914062500  +8.428e-04
  3791  +0.1900327216        97  +0.1894531250  -5.796e-04
  3792  +0.1895025170        97  +0.1894531250  -4.939e-05
  3793  +0.1889728276        97  +0.1894531250  +4.803e-04
  3794  +0.1884436526        96  +0.1875000000  -9.437e-04
  3795  +0.1879149916        96  +0.1875000000  -4.150e-04
  3796  +0.1873868439        96  +0.1875000000  +1.132e-04
  3797  +0.1868592089        96  +0.1875000000  +6.408e-04
  3798  +0.1863320860        95  +0.1855468750  -7.852e-04
  3799  +0.1858054745        95  +0.1855468750  -2.586e-04
  3800  +0.1852793739        95  +0.1855468750  +2.675e-04
  3801  +0.1847537836        95  +0.1855468750  +7.931e-04
  3802  +0.1842287030        94  +0.1835937500  -6.350e-04
  3803  +0.1837041313        94  +0.1835937500  -1.104e-04
  3804  +0.1831800682        94  +0.1835937500  +4.137e-04
  3805  +0.1826565128        94  +0.1835937500  +9.372e-04
  3806  +0.1821334647        93  +0.1816406250  -4.928e-04
  3807  +0.1816109232        93  +0.1816406250  +2.970e-05
  3808  +0.1810888878        93  +0.1816406250  +5.517e-04
  3809  +0.1805673577        92  +0.1796875000  -8.799e-04
  3810  +0.1800463325        92  +0.1796875000  -3.588e-04
  3811  +0.1795258115        92  +0.1796875000  +1.617e-04
  3812  +0.1790057942        92  +0.1796875000  +6.817e-04
  3813  +0.1784862799        91  +0.1777343750  -7.519e-04
  3814  +0.1779672680        91  +0.1777343750  -2.329e-04
  3815  +0.1774487579        91  +0.1777343750  +2.856e-04
  3816  +0.1769307491        91  +0.1777343750  +8.036e-04
  3817  +0.1764132409        90  +0.1757812500  -6.320e-04
  3818  +0.1758962328        90  +0.1757812500  -1.150e-04
  3819  +0.1753797241        90  +0.1757812500  +4.015e-04
  3820  +0.1748637143        90  +0.1757812500  +9.175e-04
  3821  +0.1743482028        89  +0.1738281250  -5.201e-04
  3822  +0.1738331889        89  +0.1738281250  -5.064e-06
  3823  +0.1733186722        89  +0.1738281250  +5.095e-04
  3824  +0.1728046519        88  +0.1718750000  -9.297e-04
  3825  +0.1722911276        88  +0.1718750000  -4.161e-04
  3826  +0.1717780986        88  +0.1718750000  +9.690e-05
  3827  +0.1712655643        88  +0.1718750000  +6.094e-04
  3828  +0.1707535242        87  +0.1699218750  -8.316e-04
  3829  +0.1702419776        87  +0.1699218750  -3.201e-04
  3830  +0.1697309241        87  +0.1699218750  +1.910e-04
  3831  +0.1692203629        87  +0.1699218750  +7.015e-04
  3832  +0.1687102936        86  +0.1679687500  -7.415e-04
  3833  +0.1682007155        86  +0.1679687500  -2.320e-04
  3834  +0.1676916280        86  +0.1679687500  +2.771e-04
  3835  +0.1671830307        86  +0.1679687500  +7.857e-04
  3836  +0.1666749228        85  +0.1660156250  -6.593e-04
  3837  +0.1661673039        85  +0.1660156250  -1.517e-04
  3838  +0.1656601733        85  +0.1660156250  +3.555e-04
  3839  +0.1651535304        85  +0.1660156250  +8.621e-04
  3840  +0.1646473747        84  +0.1640625000  -5.849e-04
  3841  +0.1641417057        84  +0.1640625000  -7.921e-05
  3842  +0.1636365227        84  +0.1640625000  +4.260e-04
  3843  +0.1631318251        84  +0.1640625000  +9.307e-04
  3844  +0.1626276125        83  +0.1621093750  -5.182e-04
  3845  +0.1621238841        83  +0.1621093750  -1.451e-05
  3846  +0.1616206395        83  +0.1621093750  +4.887e-04
  3847  +0.1611178781        82  +0.1601562500  -9.616e-04
  3848  +0.1606155993        82  +0.1601562500  -4.593e-04
  3849  +0.1601138025        82  +0.1601562500  +4.245e-05
  3850  +0.1596124872        82  +0.1601562500  +5.438e-04
  3851  +0.1591116528        81  +0.1582031250  -9.085e-04
  3852  +0.1586112987        81  +0.1582031250  -4.082e-04
  3853  +0.1581114244        81  +0.1582031250  +9.170e-05
  3854  +0.1576120292        81  +0.1582031250  +5.911e-04
  3855  +0.1571131128        80  +0.1562500000  -8.631e-04
  3856  +0.1566146744        80  +0.1562500000  -3.647e-04
  3857  +0.1561167135        80  +0.1562500000  +1.333e-04
  3858  +0.1556192295        80  +0.1562500000  +6.308e-04
  3859  +0.1551222219        79  +0.1542968750  -8.253e-04
  3860  +0.1546256902        79  +0.1542968750  -3.288e-04
  3861  +0.1541296337        79  +0.1542968750  +1.672e-04
  3862  +0.1536340519        79  +0.1542968750  +6.628e-04
  3863  +0.1531389443        78  +0.1523437500  -7.952e-04
  3864  +0.1526443102        78  +0.1523437500  -3.006e-04
  3865  +0.1521501492        78  +0.1523437500  +1.936e-04
  3866  +0.1516564607        78  +0.1523437500  +6.873e-04
  3867  +0.1511632441        77  +0.1503906250  -7.726e-04
  3868  +0.1506704988        77  +0.1503906250  -2.799e-04
  3869  +0.1501782244        77  +0.1503906250  +2.124e-04
  3870  +0.1496864202        77  +0.1503906250  +7.042e-04
  3871  +0.1491950858        76  +0.1484375000  -7.576e-04
  3872  +0.1487042204        76  +0.1484375000  -2.667e-04
  3873  +0.1482138237        76  +0.1484375000  +2.237e-04
  3874  +0.1477238951        76  +0.1484375000  +7.136e-04
  3875  +0.1472344339        75  +0.1464843750  -7.501e-04
  3876  +0.1467454397        75  +0.1464843750  -2.611e-04
  3877  +0.1462569119        75  +0.1464843750  +2.275e-04
  3878  +0.1457688500        75  +0.1464843750  +7.155e-04
  3879  +0.1452812533        74  +0.1445312500  -7.500e-04
  3880  +0.1447941215        74  +0.1445312500  -2.629e-04
  3881  +0.1443074538        74  +0.1445312500  +2.238e-04
  3882  +0.1438212499        74  +0.1445312500  +7.100e-04
  3883  +0.1433355091        73  +0.1425781250  -7.574e-04
  3884  +0.1428502308        73  +0.1425781250  -2.721e-04
  3885  +0.1423654147        73  +0.1425781250  +2.127e-04
  3886  +0.1418810600        73  +0.1425781250  +6.971e-04
  3887  +0.1413971663        72  +0.1406250000  -7.722e-04
  3888  +0.1409137330        72  +0.1406250000  -2.887e-04
  3889  +0.1404307597        72  +0.1406250000  +1.942e-04
  3890  +0.1399482456        72  +0.1406250000  +6.768e-04
  3891  +0.1394661904        71  +0.1386718750  -7.943e-04
  3892  +0.1389845935        71  +0.1386718750  -3.127e-04
  3893  +0.1385034543        71  +0.1386718750  +1.684e-04
  3894  +0.1380227723        71  +0.1386718750  +6.491e-04
  3895  +0.1375425470        70  +0.1367187500  -8.238e-04
  3896  +0.1370627778        70  +0.1367187500  -3.440e-04
  3897  +0.1365834642        70  +0.1367187500  +1.353e-04
  3898  +0.1361046057        70  +0.1367187500  +6.141e-04
  3899  +0.1356262017        69  +0.1347656250  -8.606e-04
  3900  +0.1351482518        69  +0.1347656250  -3.826e-04
  3901  +0.1346707553        69  +0.1347656250  +9.487e-05
  3902  +0.1341937117        69  +0.1347656250  +5.719e-04
  3903  +0.1337171206        68  +0.1328125000  -9.046e-04
  3904  +0.1332409814        68  +0.1328125000  -4.285e-04
  3905  +0.1327652936        68  +0.1328125000  +4.721e-05
  3906  +0.1322900565        68  +0.1328125000  +5.224e-04
  3907  +0.1318152698        67  +0.1308593750  -9.559e-04
  3908  +0.1313409329        67  +0.1308593750  -4.816e-04
  3909  +0.1308670452        67  +0.1308593750  -7.670e-06
  3910  +0.1303936063        67  +0.1308593750  +4.658e-04
  3911  +0.1299206156        67  +0.1308593750  +9.388e-04
  3912  +0.1294480726        66  +0.1289062500  -5.418e-04
  3913  +0.1289759767        66  +0.1289062500  -6.973e-05
  3914  +0.1285043275        66  +0.1289062500  +4.019e-04
  3915  +0.1280331244        66  +0.1289062500  +8.731e-04
  3916  +0.1275623670        65  +0.1269531250  -6.092e-04
  3917  +0.1270920546        65  +0.1269531250  -1.389e-04
  3918  +0.1266221868        65  +0.1269531250  +3.309e-04
  3919  +0.1261527630        65  +0.1269531250  +8.004e-04
  3920  +0.1256837828        64  +0.1250000000  -6.838e-04
  3921  +0.1252152456        64  +0.1250000000  -2.152e-04
  3922  +0.1247471509        64  +0.1250000000  +2.528e-04
  3923  +0.1242794982        64  +0.1250000000  +7.205e-04
  3924  +0.1238122870        63  +0.1230468750  -7.654e-04
  3925  +0.1233455168        63  +0.1230468750  -2.986e-04
  3926  +0.1228791870        63  +0.1230468750  +1.677e-04
  3927  +0.1224132971        63  +0.1230468750  +6.336e-04
  3928  +0.1219478467        62  +0.1210937500  -8.541e-04
  3929  +0.1214828351        62  +0.1210937500  -3.891e-04
  3930  +0.1210182620        62  +0.1210937500  +7.549e-05
  3931  +0.1205541268        62  +0.1210937500  +5.396e-04
  3932  +0.1200904290        61  +0.1191406250  -9.498e-04
  3933  +0.1196271680        61  +0.1191406250  -4.865e-04
  3934  +0.1191643435        61  +0.1191406250  -2.372e-05
  3935  +0.1187019547        61  +0.1191406250  +4.387e-04
  3936  +0.1182400014        61  +0.1191406250  +9.006e-04
  3937  +0.1177784829        60  +0.1171875000  -5.910e-04
  3938  +0.1173173988        60  +0.1171875000  -1.299e-04
  3939  +0.1168567485        60  +0.1171875000  +3.308e-04
  3940  +0.1163965316        60  +0.1171875000  +7.910e-04
  3941  +0.1159367475        59  +0.1152343750  -7.024e-04
  3942  +0.1154773957        59  +0.1152343750  -2.430e-04
  3943  +0.1150184758        59  +0.1152343750  +2.159e-04
  3944  +0.1145599872        59  +0.1152343750  +6.744e-04
  3945  +0.1141019295        58  +0.1132812500  -8.207e-04
  3946  +0.1136443021        58  +0.1132812500  -3.631e-04
  3947  +0.1131871046        58  +0.1132812500  +9.415e-05
  3948  +0.1127303364        58  +0.1132812500  +5.509e-04
  3949  +0.1122739970        57  +0.1113281250  -9.459e-04
  3950  +0.1118180860        57  +0.1113281250  -4.900e-04
  3951  +0.1113626029        57  +0.1113281250  -3.448e-05
  3952  +0.1109075471        57  +0.1113281250  +4.206e-04
  3953  +0.1104529182        57  +0.1113281250  +8.752e-04
  3954  +0.1099987157        56  +0.1093750000  -6.237e-04
  3955  +0.1095449390        56  +0.1093750000  -1.699e-04
  3956  +0.1090915877        56  +0.1093750000  +2.834e-04
  3957  +0.1086386614        56  +0.1093750000  +7.363e-04
  3958  +0.1081861594        55  +0.1074218750  -7.643e-04
  3959  +0.1077340814        55  +0.1074218750  -3.122e-04
  3960  +0.1072824267        55  +0.1074218750  +1.394e-04
  3961  +0.1068311951        55  +0.1074218750  +5.907e-04
  3962  +0.1063803858        54  +0.1054687500  -9.116e-04
  3963  +0.1059299985        54  +0.1054687500  -4.612e-04
  3964  +0.1054800327        54  +0.1054687500  -1.128e-05
  3965  +0.1050304879        54  +0.1054687500  +4.383e-04
  3966  +0.1045813636        54  +0.1054687500  +8.874e-04
  3967  +0.1041326593        53  +0.1035156250  -6.170e-04
  3968  +0.1036843746        53  +0.1035156250  -1.687e-04
  3969  +0.1032365089        53  +0.1035156250  +2.791e-04
  3970  +0.1027890617        53  +0.1035156250  +7.266e-04
  3971  +0.1023420327        52  +0.1015625000  -7.795e-04
  3972  +0.1018954212        52  +0.1015625000  -3.329e-04
  3973  +0.1014492269        52  +0.1015625000  +1.133e-04
  3974  +0.1010034492        52  +0.1015625000  +5.591e-04
  3975  +0.1005580876        51  +0.0996093750  -9.487e-04
  3976  +0.1001131418        51  +0.0996093750  -5.038e-04
  3977  +0.0996686111        51  +0.0996093750  -5.924e-05
  3978  +0.0992244952        51  +0.0996093750  +3.849e-04
  3979  +0.0987807935        51  +0.0996093750  +8.286e-04
  3980  +0.0983375056        50  +0.0976562500  -6.813e-04
  3981  +0.0978946309        50  +0.0976562500  -2.384e-04
  3982  +0.0974521691        50  +0.0976562500  +2.041e-04
  3983  +0.0970101197        50  +0.0976562500  +6.461e-04
  3984  +0.0965684821        49  +0.0957031250  -8.654e-04
  3985  +0.0961272559        49  +0.0957031250  -4.241e-04
  3986  +0.0956864406        49  +0.0957031250  +1.668e-05
  3987  +0.0952460358        49  +0.0957031250  +4.571e-04
  3988  +0.0948060410        49  +0.0957031250  +8.971e-04
  3989  +0.0943664556        48  +0.0937500000  -6.165e-04
  3990  +0.0939272794        48  +0.0937500000  -1.773e-04
  3991  +0.0934885116        48  +0.0937500000  +2.615e-04
  3992  +0.0930501520        48  +0.0937500000  +6.998e-04
  3993  +0.0926122000        47  +0.0917968750  -8.153e-04
  3994  +0.0921746552        47  +0.0917968750  -3.778e-04
  3995  +0.0917375171        47  +0.0917968750  +5.936e-05
  3996  +0.0913007852        47  +0.0917968750  +4.961e-04
  3997  +0.0908644590        47  +0.0917968750  +9.324e-04
  3998  +0.0904285382        46  +0.0898437500  -5.848e-04
  3999  +0.0899930222        46  +0.0898437500  -1.493e-04
  4000  +0.0895579106        46  +0.0898437500  +2.858e-04
  4001  +0.0891232029        46  +0.0898437500  +7.205e-04
  4002  +0.0886888986        45  +0.0878906250  -7.983e-04
  4003  +0.0882549973        45  +0.0878906250  -3.644e-04
  4004  +0.0878214985        45  +0.0878906250  +6.913e-05
  4005  +0.0873884018        45  +0.0878906250  +5.022e-04
  4006  +0.0869557067        45  +0.0878906250  +9.349e-04
  4007  +0.0865234127        44  +0.0859375000  -5.859e-04
  4008  +0.0860915194        44  +0.0859375000  -1.540e-04
  4009  +0.0856600263        44  +0.0859375000  +2.775e-04
  4010  +0.0852289330        44  +0.0859375000  +7.086e-04
  4011  +0.0847982390        43  +0.0839843750  -8.139e-04
  4012  +0.0843679438        43  +0.0839843750  -3.836e-04
  4013  +0.0839380471        43  +0.0839843750  +4.633e-05
  4014  +0.0835085483        43  +0.0839843750  +4.758e-04
  4015  +0.0830794469        43  +0.0839843750  +9.049e-04
  4016  +0.0826507426        42  +0.0820312500  -6.195e-04
  4017  +0.0822224349        42  +0.0820312500  -1.912e-04
  4018  +0.0817945233        42  +0.0820312500  +2.367e-04
  4019  +0.0813670073        42  +0.0820312500  +6.642e-04
  4020  +0.0809398866        41  +0.0800781250  -8.618e-04
  4021  +0.0805131606        41  +0.0800781250  -4.350e-04
  4022  +0.0800868290        41  +0.0800781250  -8.704e-06
  4023  +0.0796608912        41  +0.0800781250  +4.172e-04
  4024  +0.0792353469        41  +0.0800781250  +8.428e-04
  4025  +0.0788101955        40  +0.0781250000  -6.852e-04
  4026  +0.0783854366        40  +0.0781250000  -2.604e-04
  4027  +0.0779610699        40  +0.0781250000  +1.639e-04
  4028  +0.0775370947        40  +0.0781250000  +5.879e-04
  4029  +0.0771135107        39  +0.0761718750  -9.416e-04
  4030  +0.0766903175        39  +0.0761718750  -5.184e-04
  4031  +0.0762675145        39  +0.0761718750  -9.564e-05
  4032  +0.0758451014        39  +0.0761718750  +3.268e-04
  4033  +0.0754230777        39  +0.0761718750  +7.488e-04
  4034  +0.0750014429        38  +0.0742187500  -7.827e-04
  4035  +0.0745801967        38  +0.0742187500  -3.614e-04
  4036  +0.0741593385        38  +0.0742187500  +5.941e-05
  4037  +0.0737388680        38  +0.0742187500  +4.799e-04
  4038  +0.0733187846        38  +0.0742187500  +9.000e-04
  4039  +0.0728990880        37  +0.0722656250  -6.335e-04
  4040  +0.0724797777        37  +0.0722656250  -2.142e-04
  4041  +0.0720608533        37  +0.0722656250  +2.048e-04
  4042  +0.0716423143        37  +0.0722656250  +6.233e-04
  4043  +0.0712241603        36  +0.0703125000  -9.117e-04
  4044  +0.0708063908        36  +0.0703125000  -4.939e-04
  4045  +0.0703890055        36  +0.0703125000  -7.651e-05
  4046  +0.0699720038        36  +0.0703125000  +3.405e-04
  4047  +0.0695553854        36  +0.0703125000  +7.571e-04
  4048  +0.0691391498        35  +0.0683593750  -7.798e-04
  4049  +0.0687232966        35  +0.0683593750  -3.639e-04
  4050  +0.0683078253        35  +0.0683593750  +5.155e-05
  4051  +0.0678927356        35  +0.0683593750  +4.666e-04
  4052  +0.0674780269        35  +0.0683593750  +8.813e-04
  4053  +0.0670636988        34  +0.0664062500  -6.574e-04
  4054  +0.0666497510        34  +0.0664062500  -2.435e-04
  4055  +0.0662361829        34  +0.0664062500  +1.701e-04
  4056  +0.0658229942        34  +0.0664062500  +5.833e-04
  4057  +0.0654101844        33  +0.0644531250  -9.571e-04
  4058  +0.0649977531        33  +0.0644531250  -5.446e-04
  4059  +0.0645856999        33  +0.0644531250  -1.326e-04
  4060  +0.0641740243        33  +0.0644531250  +2.791e-04
  4061  +0.0637627259        33  +0.0644531250  +6.904e-04
  4062  +0.0633518043        32  +0.0625000000  -8.518e-04
  4063  +0.0629412590        32  +0.0625000000  -4.413e-04
  4064  +0.0625310896        32  +0.0625000000  -3.109e-05
  4065  +0.0621212958        32  +0.0625000000  +3.787e-04
  4066  +0.0617118770        32  +0.0625000000  +7.881e-04
  4067  +0.0613028329        31  +0.0605468750  -7.560e-04
  4068  +0.0608941630        31  +0.0605468750  -3.473e-04
  4069  +0.0604858669        31  +0.0605468750  +6.101e-05
  4070  +0.0600779442        31  +0.0605468750  +4.689e-04
  4071  +0.0596703944        31  +0.0605468750  +8.765e-04
  4072  +0.0592632172        30  +0.0585937500  -6.695e-04
  4073  +0.0588564121        30  +0.0585937500  -2.627e-04
  4074  +0.0584499787        30  +0.0585937500  +1.438e-04
  4075  +0.0580439166        30  +0.0585937500  +5.498e-04
  4076  +0.0576382253        30  +0.0585937500  +9.555e-04
  4077  +0.0572329045        29  +0.0566406250  -5.923e-04
  4078  +0.0568279536        29  +0.0566406250  -1.873e-04
  4079  +0.0564233724        29  +0.0566406250  +2.173e-04
  4080  +0.0560191604        29  +0.0566406250  +6.215e-04
  4081  +0.0556153171        28  +0.0546875000  -9.278e-04
  4082  +0.0552118422        28  +0.0546875000  -5.243e-04
  4083  +0.0548087352        28  +0.0546875000  -1.212e-04
  4084  +0.0544059958        28  +0.0546875000  +2.815e-04
  4085  +0.0540036234        28  +0.0546875000  +6.839e-04
  4086  +0.0536016178        27  +0.0527343750  -8.672e-04
  4087  +0.0531999784        27  +0.0527343750  -4.656e-04
  4088  +0.0527987049        27  +0.0527343750  -6.433e-05
  4089  +0.0523977968        27  +0.0527343750  +3.366e-04
  4090  +0.0519972538        27  +0.0527343750  +7.371e-04
  4091  +0.0515970754        26  +0.0507812500  -8.158e-04
  4092  +0.0511972613        26  +0.0507812500  -4.160e-04
  4093  +0.0507978109        26  +0.0507812500  -1.656e-05
  4094  +0.0503987240        26  +0.0507812500  +3.825e-04
  4095  +0.0500000000        26  +0.0507812500  +7.812e-04
