00000000000000000000000000000000055efbeea410110163e6f5fc8be2ffd6
00000000000000000000000000000000e0582102f5d0f2fc5c47d8ed9ae4070d
00000000000000000000000000000000dd302a12433c5f48cef8fe00b8d6fed7
00000000000000000000000000000000df07f518b6337f17bffa08fdc2ebe642
00000000000000000000000000000000fafee2ffd0390fc4fbc61ceed57fff9c
000000000000000000000000000000000a4d0edbfb04faec0d36ecdf84e43d31
00000000000000000000000000000000e87f41c4116d95dbf681f64f81ee7fdf
00000000000000000000000000000000df3c1c11537f17fbcd190ae7d3edf81b
00000000000000000000000000000000dd10dd1c23420858e535fe1aee57c7ec
00000000000000000000000000000000ecf8e643f900920b270315f74335c442
0000000000000000000000000000000011eef2b5e82f13e928b7172886fe3615
0000000000000000000000000000000023f5eebd18f6e2dac64f7f08c90236ea
0000000000000000000000000000000001f3b5ec7f291dc3a9c5ef7f56190d38
00000000000000000000000000000000ec10df54f641330aea36c3045857c8fa
00000000000000000000000000000000e704167f2100a57fe9fecd0154d0c100
0000000000000000000000000000000006af96a1e4bef7310254f620befe1811
000000000000000000000000000000007fbc81aee127fc18b2b50d4c2421074c
0000000000000000000000000000000038cca50211f316d0bf3df00d5b23fed8
00000000000000000000000000000000fafd317ac92e62cc599efd007ce0da5d
00000000000000000000000000000000f0086e33e9f228f51d0506f018cadc14
00000000000000000000000000000000e5bcc0b58410e700dbd2f20de01f02ec
0000000000000000000000000000000010aca3cfff03de16ea33e200430ce581
000000000000000000000000000000001ad5caf75124bcee5cf0f1f97b1dfe23
0000000000000000000000000000000013e812fac219e3d37ff43fea3fc8f8bb
000000000000000000000000000000000d021146ba2910fff12219ff05c2efdc
ee1f42d1250319b42ac80e073ffd2a1dfa6f1a0c15f1a501f10b0d0517e50008
e816fcea1f0128d90ebfed15f714fcf9b33d103b14dfb80212c60de2f6ce4e06
112cd3ff0fa0f8f71ea1f6ea2d2514f3a6403c0f13db98140bc00b1010030706
fe0af8f3ebdd05e6c0132d1f10d72a16c74b01c54fd4d014ecd3241213f1251b
1a0cfedeeacc2addddf504d302f42e18934de90134c1e126f7c7ebdf29f7271f
0efdd6f504e8cdfeb0f6003b23f4290681370ede34e8e43d19fdd402120a3807
f3f7194c180cd1bfe3c30ff001f31314f71ff423d425234ef403210c40fb1f01
fbf0142714e0ecd7fbc1d701f6e22fefc71fd618d1fee8470403041920cbf6f9
d40d0b0b22f80809f7be052d14f73ae0acde0008c4f4a93e2435195b25f6f8eb
0f912eb51d1bb90bacdc0f3a1716fe81ef98f1b8f1f72adfbfe6352603fde5c8
ecf9d9dafe3fd9d3c70bee39fa140ddb2cf8c8c8dc4643e51ed615f6ff3f00d6
06e4ae18021e3dc5bb1bf62fa63bffd531c411f80418f3d0ffbd65002440f7ef
23d83fb2ec17e32fdfbc201b0811fec30ebee30de2df3af3d3f364011bd745fa
fe4300fa01f62df6dea2f4231418f4293d15e100d41c25ff89cb56ff07b10216
3e23b2cb1abb43dfcfa904de0f09d8190fe01338ac1cdc03d0d061280ff2f533
0dcd38aecb3cba1e04e419e3f7f2c2e1078115c7f29f55ce38df1d29212f3ae4
f232de99cd04121a9cd7fc94facbcd1a1b3638ddd0d03900f9b53d2ff3f611f9
ef1a8181d3cb0d0debde17d814d5e607f921e945f42bf0f1c607551ad0e2fe1e
cd13d1e9ae29e8fdf711000f85bae3a509bcf513086c1bdc005f1311e32a4ec8
9c32f0fe01c7edc7321b0b26bfb9d7f825c11eb70ee41adbec1f0c1d152debe2
9c0d14040af509ff233f08ee8181ebfa0ae2f5d7f5cf06ecd6f4dd3cf130dfeb
050fc0b8eae4ecfa06b6003fd3ee07eafbb7f4d5426f1f01091221fbfbca2c13
0322d7c5e4b905efd7e90e1cc71408e42acc34c310d5ece7022bec21e713d313
c9220a04c6bbcdf3193845fa92c1d20edaff25bf38e91ceee916d052f62714e7
180602be28f1e5da15f9dbb3eedffbdbf0cbc204f2e7bff4c6f7253adcedfb2f
1140fa96e6c416df0705fcfaccd80de10014010b132f29d3e347ff39d3d131eb
ed3039c8aeeab3286d3a09e8a9a4e3e5c8d82128333553b11569f5e8e70763b0
5015e69026a27f7c2ee3c4e9e9e5c1efdc14f53ddd7ee1eade7fec58d6c202c3
3c1dd8cb20be235c40a013e4f022d603f9c9cf12f03e01e7ef1dda3d07c2e914
0a2ccad2f7eb9e263c814e00e402a420edbe24e9d5bdfff201e6c820081e061e
1427e5b523ade7604bfbcfbcfce2e7e7cef11508e107dcf1101bfc33f310f4eb
2c3cf1c409c70b2a19d7f6d81a02dc11c21bb4ff1ac6e9f1cbf80dfe11d70d13
0b37d9c9feefeef01cb9ff2a05f4d92dfeefbedf2cb7150601ca22d2fee63224
cc1704ddfad48c00174bafcfe7bf9f2fede424b4e8b0ad0e34d3eddc0931f3dd
f4f819c6e6e8c7ec2031e82109d3a835ee690dd638bc22091fde2fcffc113dce
1745feb2fa16220215193e400ed5db1d044a8123fa103800efb459b5f2c41f0b
f8f730170c30c5f3c2032ef816060fb6df21dbf7cf4ef4b6aa087522f8ed00b8
e8340431fb07fad2e8f23118f2f80abffa2cbddbe67fe7bde8f312fcf60a1012
e829d23eef0d04e115fb1cc7acdbe508eed6fcf9ec3ee9f80bf20000021edf10
fc051fc80a2eb3260bcc1e21120cc481d951f3eff10229c00a1a7f1b02b128df
d12efbdfe0f7e112f797ffe7f0f8f69eec5fe7be1235f5cfc7fe0f08fbad2939
f73ae71fe1e5ec22ece9fb00f0e3fee6f4faf0d31422cbc8f12407d3cde9f631
05c103b1ef16d75437f2f3a21cffd2bec70e09e8d5ce129d27fd703b1bf511a6
e008b2c1fa15cf6405f3afdb1ffdc3ece32943cfeffcc3ae250911eff9072d00
e807c50bfb09f37e1a1cc43d0d10ef02cfc9c6fef5fee2ca0b2307c49ac9fee9
0e3cccdc810f34f5103d1bbde5d2f6ef0bcef7e5d60324f7df290526d4225320
e7fa0cf6aaf3fee00704e6e508130ddc15af18dbdd2206fed4211905dded0801
ff0f4d16ec9e043804febcf6b6f809042730cc2e05344ce7eb1728e8d90b5af6
522bcfbb9bf9f730eecf37fbf4f5e1ecf4aa0f16f7301829002d0d14d6014ffc
ea2301e3c4c8081215b31317172d27e5f58ef5e9dd5ed21ad0202e02e6d5f51c
e9152eefd9d713171b3ec6cf031526da28009ced0c71ec03e54901f8e7e5274f
420116ece13ef5fefd23eaee224dfacd0498f0d0231073eeb926f8bfe83f7fea
3f122eec030f20f50743faa4f518fccefbb6f8f0d60b08f0e4471bfbcb192200
13264141b4e6fbf5193ab6f4c60df2f1342ecb45f15608cfe243e6ebb0084608
25ebf6e8cbe507133435e7160d0a3825dcca211bf5269237050bcb0bf5d60c1e
04181ee5bee109f00c10d918f519231afbcbf111c9fee120fb1d07fa02d703ff
25d52826a509fff20070cf3609242f09e7af0bdfcd41e929f61018041af40a15
0adf06e0cbcddc300322d31b07022dfc08de11eb0c52de210befe6030a0f0d15
f3fbc9deb7e9090608f7fc0cedfb02e2fcbd1bf1b34b8e15e209f91100ebeb08
00dbfbe4d3d64ffdf81bf313131023e5cad0de13de25921df4050d08f8080cf5
faba0619cceb3b061f20f91c07ff491c0ed60d0cf82e9f3518f2e01c0d121504
03eafc0adff12ddb062c0fe418f7280407cd09ebd4510e30f723161e131502ee
f9ee0ec6c10460f4eb14f40a1b003b02ebe4f511a033cf3504eeb936f9050d0f
03fa1bf6d6dbfd5adba3f7fbc90be3ccff86060c2f1f57dfc5c5f12cec143c14
0932f4fbfffdca5001df1d1dc31dfffdfbc2fc00febe16e2bde8e8f5e3ff3a27
e01cfb19ca29d9d2f5e10d3cca01f61e2dbe1ad763d615ebf6310bfff8102149
3bfd13efcb2da12421dee7eaf3f306ffcbb7f3fd1bc5e602e8d65307f71e41f0
1319def8f4babb34f8bff42b000be81319d1c814450681f2be2f21f8efda181e
ef2501e5e502f30c08020a3afc28011840a2d2f218ea14e4ff350505f60d190a
1af909dd9438a2062f48003dff32ea21bcc20d8102b321dde1d73701eb424fe1
15df32e0e340f038190c0821240cef2741f7cc2a2ad4c8e8e7084404f6d1220b
02051bf7d3173ac22e691bd8ef01f2f6240c823fd22e25e2f60a09f6d4d034db
812fde06ef0ff8b6d205f72cc91d1cd8f8d4eed6f64df1e858e74205d91d1811
ac1bf936aaa9b9f3baf7a1e917300eee38e70b002311fede36f721e6e71916bc
0d1a4275abf3c82ec742acddd0d729dd2834f72209f365e9f016f4bcd6df50b3
0709ff29dadf371008bb41c6131e13f0f0fc35f742203a1acefa1febc9db1522
f959d406c8ccdaecf2c000a11d1d2fedf5ef431b0721dc1c4531fd15c8e62906
cf1e2d19bbd5b50ae0ffb50df5f5fbf234210ef41b4036e3395bdbe9e62126db
63def815d1bf1a0cecfc269ce43ae4c4f694f91a0354d7d0933cea0281f546d4
122e1a25dc20e213ea4fe5e5dc1525d430d7f203ec2f1802ce27efeeae0309f0
da1f390aee5adefdfe0eca19ba1816f9561e2ad6e63641d24a1dfeebd0d40b21
a90a382f1f37da98f0602d1cfd0a27ddfc2318bfdaf64616100a0fc7f0f76602
a01f3938e73ba88a1a523be4f638ebcadddd1b84292a1224391332d5f5eb3f12
c9fb113d1205de19ea1febe6f119e3f10eee15ef1cb23e12f735292101190f10
06f5e1221edc0ed838d9170a181b0dc6db14f722d620e21ac72deed420cc3b29
162e1e001c880ad84bcaf5be2222f3fbb4f1daf6ddf0e342f70bf3f62cda691d
fc14d4123193dcef0fc6e9d83d15ed10ff06f828fcc811fefc4b361df5e6550a
2532e72ff2d3f9d7e39d29f9fb0220b7f5f0ce071f431b2cb224deba0d813f30
1b441b2ae3b922d9f2a80eaed8fbf007e5f7bef0fde7b1fcd22ce1f10aa3294b
f2301e2e080097e3dcf30b24090de306ec1ce0e807f800f5e57aef2dddbc443a
e2ec161cf838caeee15951de110bfcd8ed03d1d6bb33ca11d92b4413d1f7e9e3
dffef831fc60c5dc0a404cd2dff4eeebed03c6e7e33b9cfe191019eeeb1decfc
c928cc181020d203361c27c3dde3e33ed0c704d7e00b073b1113eaf21227c3f1
fef83101f845d518e3f116faff05c1f3d849f0e2d34cfe12e32c4512eab213ff
f525000ffd27dc1700c41e00f808e8ecd928defde535a8ee061a1404e9dd094d
f541f030f702bc3f14f02026f5050201c70c28eeeb212715034001edf729d919
ece706dd073ecd5016c7e1c0181eb3dcc8222dddc81ef21f49264d1213e31efc
f2fccf1a0a15d4541f03b300081ab709d8311beb0512d007133403d9f4d2210f
1721d35d0d16ba700bf0d04f282ae708e5d8d2e0f2fd170ddf511bb0c5b7f6d6
0812f82c34d90fde3de9e41212f302eef43e0debe51eeb352c4be2bb10c85203
003e0b1901e819b90ca71025290eaf06ed360ab61f1b4e2d22fb1ec51bfb571c
17fe01dd0fc30c13fbbbdfda210181f7da5103df12d3effe03d24df61cef2e0c
4218cd1a21e327f619da3e14f6d90803f93f3205b0fdd2350b0e0fe110b126ec
2a48e3f902e430decd9a28fa150ed509e842f7ccaa1c0f2bfcfc2b0c2dbe4b45
073f06c90edeec15cec5efdf1a09d317cc2ef7e6e1e11431f649160c18fa3b4c
42f1c7562d040f312dca56d4e0cdf9f8fc0205fdc22ded2bf61de1cb0ee30512
2715e1df1311265e09ac221a08dad103d61ff3e7b3ee030f061906202be90522
f42a06d614dd2b64d5e205ef14eed5e7efe6ecf4d019f0110b501f2a1cdd2bfc
ed04d20316b23fe606fd251ffcdc31b4f4efed038c51d5de2becc5fb2a08ff19
ee23d31225fc10e213dee6f7160104f0dcb104d5afe219fa21d319b72b1cfee4
d038ce350eb702c824d0c106b7d7ff1d06243adfc586512001c7c2851e34d99d
1620e80f29993f0efb1c38f612e030d30fdbe52789f6dbd4da14d6bb23c9e630
ff48f10611e90ffcf3cdfae105e3091addd8db26b3b912fee60e1adf16de1c0c
d565ec43d5e7d0e20b02d3321ccbf224e41a1100d4b45b2607f0edc0130a26ef
d11ddb0fe7cc005baa3706b1ffb7d00703d3190ffafe3fcbee1acf94fff2f314
a2102a3fc64814fcd523e31504aeec1df59992ade0e82be1df01f315c1d7ede6
d22e1c75dc570df2f249fe3e1bb9f20df924b88ac3a16509fddf0381cb99c6ae
12090af5fc07bbdd0b1ee1f7fd05abfeb529ead50103011d120e78b8f814fe8e
f50308e8d6da1ef1f2e6bee6f814af08ed05df045c1e181af3c92dc003f35b1b
fa0b0abeecbef9ffcce5f0dd082ab6035182e5f97fe9de1418eb1cd5011e4709
e50b130b2218afc9121decf3ebeca7f5cd0110e4f7de0714371933f0f809f987
e3e404ee11bfe020ddf1bfebe805c0e51ce81be145fd1830f8c2f6ef11eb51ee
e1eb07d905dbc75ca50edbf0e1fdbbf743d4150c54cf110ed9b624fbf6ef6bea
d71c1843010fd02ffc114303ccccb4ecf1880dfaf5261705f9440417fefbd2ca
e9f5fe1228f7c84ce125f9f8e1e1b2ed24b22800f61bd70100e1f5140c27e1a9
eef803ea23089f68a640f8f8d3dc99e6f5ad110ff11af3fee5b1110e0c08f181
adfa2327f01ccedda86037110e1d208fb431e2981f06ae01a8b9c6ee0235eaa0
a0eaf02ad82941e1c24e2319fafc21d0c0dad5eef934cd2307d5f704143a13ae
ae18f23bbbdc3d0cd55b2100c5e802041110e9e133e5c62515e0dd091742dba0
fe59271cd6f9e8b7de31fd14ded700e8d31259a7221dffd3810e20f70124f79e
013def0ff3f61ef721f0231007d604f0d82c421e420e8ce7ccd53b141ff004fa
007fc501ff811df9cdf73d0e0dea0217c33331f533f2acf62ef0fe3005040ff6
131c27f6ef12e7bc81f0f024e50edbf409db1af5083d5bb1d00a21be08fef5ea
251e2d1626bd32c0d2d710c8edb0f211bee521321704a3d9dad90c0316c2bd24
3e46f7e828991cd7afee07edf7b11b0cd231ee1e040cc6cbfff01d01e09ee828
e51b1ff10225f03cf4b2ab332418d2b2e350feeceffa04eae81434d605e1fbde
0b14fafa19df2b2bde8fa8f12a1ef4c6f545d3122466fc12fefae1d41ea31c0b
4cfbf81cf1a9387fbaaf8181d3280acbf768ae43204ffbe1f311f1aae3c933e7
f12e151dd1222ee919da080bfc060b8ccb021ccb44ed28d711de6dc61e2c2db9
f853c814fac20c14f3b9fc89240d0ebf0833fef03feee701f0d028d817e20e23
052bd4fffe88f631d722990f32200dec40f484cb2bfdebf01a0409adc7b3f513
2320e2ade2093e21fe5c0b9afd15e0e9d5f628f923ce498123e11db00d3b468f
f518d6e7fd26201cdf60bfcb1017e9ff23103cf736c40ee6211feecaff384ab9
e2ef0a08ef2cf2f7d65ca877453eea1109e4e2a5eee9c2ef48fffbcea729d8cf
1adb24ca112744c03b1ae7271f11bf18fffc2160d0ea2806cac5f1efca2df523
ebeb1fe125ec45fd303900310612dce0fc00b42315c90cd0e9cecbfd0603d5e7
d5da31ea330be31910130f34e4efe0c80c27beee05c9fef9f6d205f67f27f90a
16eef8bd0f0f16b8301ff2f819eee3d7cba1caf602e0e700caead8e8e8e60c1f
ece6032901dd15d8225803effde2efd0e3ed0ce333d539e1f901d0c0dd0f1014
cee2061b0ce6cc0806400411fcd2e7b11e3bef081ee72afa0af5f2dc1913e9f5
e1e70fd8fd3a0dce5030db1011fa07f6fde395b1e9abcbdde8150c03c80cf81a
d5f81b1df5231ae3285ccffeff01d2e111fc0807070826ffe7f9dafbf514e728
a6ee0b2008140dfd2c2803010bfcd61907091318cb2004f0ceb7b8fc0a33f32b
2f010bf3c90e4b0e34000a0ed6fe14f804f68107f20b4207c106131a0c221013
26d4f70f13f0271e2f01fc2bfa2bf3e5eeebad1f0002211ff0f220f8f95f06fb
1ac90f1748ff2cf71717ff152f3ce6fe04faf813101e2f3017f72af7d84813fc
34fe0720fed5320416f327f9d1fefe21b2f5b310df042109e7091a111145040e
25fe0e4300ec16fb16f22629f419fc0102fbd21af3f8fa06eaff2a1ff825dfec
08e625281e1138f31cf91c20f020dbf327fdf30716f8fa19f2dc22f8f02903fe
3412123a01ca1a00f3072a2a02231d21c9ebcf0006231005d8b814f5236a3803
22f4f9122ed44bf1fcfc233df51cfd08dbeaefed0bf90601f5f815c61b460229
28f9200311c969e023fdfa31fb03eaf218edf3fa474a11f2d1f922e2120be706
eb1af317dc021825e8e639ff16111ab230f029dd0709270dd905ec08f3da2425
f5f61803e10a15fdc8320b070fcbf4cfdeb9dfd30cfa0d0b0b0de2c7dfd8f1fc
12fcdf12d80a1800d12cbfffefeb16cdc80981fb16071116e34e15ae19de01df
ccd3fbf8c823edffc73e08b3f4e61eec21cc08020df1050aff99e11c09d92228
e581d8e5c224f5f2d70bf802d481f4e6d7feebe913ef140d20b2e4fe0ee0121a
04cce2ddaf2bebf90f01d01dd0c109c6bf13cd1005fe170c14eabed409bcf0e9
14050ae6e82cfa0aee322fcc2f0329e1f70b04fc2a00e4130dd90515f6e62c06
14d5bae0ec1c141be653190124da1df8c30ef9f40d13d4f52cf1f41c1de42912
0b01a304f9f0f6fc2ffe1601160335d7b71c0307fd08f6e113e9ba2f28fcf3f9
fffa0e2210fcc4f8fec201060ffaedd00607fdf9d9b7abf319fb98fb0be0ccf6
20fd26031bf6d6f82b1ec4f62b0de6d7eaa31505fcf1fafe050eb6f3fbfbf5f7
03022ee31800d5d10e36ecef1811fcebe6d132dcc80efef02d0ce30dec28e5fb
26fb0cf520f7ead830fef6050ef7f1da100fee05e3e0b6f02b07b31e11dcee08
0f06f5c51cdbf9e72d29d8e0f70a0dcbe3ebdf06f4181b06220dd70d03001cf7
011100dc18100addfe1cfee8fe0b05e8f4fa1bfab01d04f93338c5150215f3db
16f9bae501ede8ff0e1af2e70801eaf112e70b07c100a4c46f2cbe1affdfe6d1
edf4a5e922eeecf90e11fde0f70b0be3f40df620c11cdce94e0eab1f13e7f7c1
d2f4e4d90725e9db1408e818f520eeb4f2ec142881dbe7b948498b0cee13e0b1
c7f2ea2b2bf21a01d2a80d99f3fae6f0ca11dbdb45de200212c3bff1e5e4fb03
f50ff916e208333dd9ebbc05f900e4fbc5e1eece1efe4417faef02b7e8f4e6f8
1422f62408b5112f2de7d14be904e311fc2eeef1d80020f0f20af9e3ebfeacc7
03f410171ee9f6ccf6ce1a0115efd6eab5ecca041bf825edeed4141ef9de03f0
f614c3f0eef5f3f8dfeddd13e1c4fc05cbb30be3201efef5f2e10f211c17d7df
e828de16ecb604ee3feed709e7e2fbe2e808f7daecfabbddf314cd01f21dd3e3
16e207494ed6f1cafedd1b3beeb2d60df1c2021cfdec1bf01ed9d93bf9f8dccc
0601d11021d0a60400d52509d5d3000a0ad046ec03e8aad70aa0d2281afdc4a8
e31aec3c0b07ecae02fa0e0ff0fadc14e33835b8c3b79ddff6f4b706ee3c81b9
f3f81f0940d71921e8d15501ce11f7ec21010ec513e618e526f6e31df8c9d5ee
fbe6341a19c90811d2eb2fefe6edf1d905053dbd12b95bfceec9ddd4fdd9b114
ecf94219ead32110daebd7f4f9020fd2e5d100def19f41fc0edddcbd21f3d411
e007123240c657d6fcdd37e4e41feeb800dcf6fb0abef0ea23dce30fe4f8f90d
f5ef281c0be62cdfce0d0dfe01eff3b701de36e4fdb6260e03d3edf8efd2e52a
fafe2216f1fa3fe5e8fbc9efffe1f8d6cbe815ecf0cf11eafee2c7dc210b222c
dbf6f8303ced4cf4bdea24e3dc0af5eef9df0c46d4e0f2e93dc2c53708cfdb08
eef0ed15ee1922fcc018140bf1f7ffd1dfff1b2cf4fef3f027d2cd2be8d7d033
0a08ea15f0163adef502d5fef1dbf3d89d1d1823b9e7baf510cba72006ed2f36
d3ef1f4fe8ecffeef1cde5eeddf50427fdef2d2b15eafddf39fa10a3eef42023
feed3c240014cf01f9e8f6eecffe223e1027ff0230f435e01b032fb9f7f63121
03d435eb3de0d405f6f5f20bdbf41928cf10e24ff81c220330071dc100c4fc12
00ebfa14e8f81feff4dbf9ccec01fb46d6081d0e280f13ed21f82cc0d5002908
04e02ce0d937f00c0b01ff02d6dc1617cc21102a171a25fa1eeeecdcf9f71d1b
11e20dc812aeee2ce7ec08edffb71805e24ef450dc43faf53ff92709f2a4e605
0bf00abfe432250af1d9d1fec607f447b82b1f37f20ff3ed300bfa04d1cb1313
08f116cf070a0729f2f91910c5f2022aaa20fd29e93ed8fc2dfff101fbc11df6
3bd9dcb94181324dcbc21be117fb220c92121039f2fffaf45c2b2f1e0e8cf5d7
c2f6def5dae0e32a283be71e0e0dfb2c15d505bd05cdf311350ce8bf05cbe4fe
c8dfe0b9dd0305041415220c0ce1f10d22c2fbbd16061829260fe9a824d4e509
d1f8d3d5a714fd23e644000cf6df1a0b10cdf1d13dea2124fef606c71deb2805
c7fcf4da01e9afdde72de5e5fcf7e8391e95dafaf5febe073dc232f825faf828
b7d7dedeebf9ea0cde30fbd9f5b6f10e0c0606dc1c14131118d62ef733e11d36
e2ffeaeecf09fe17c5ecf5eee2c100fa1ef7e6e809ff1117e5d5fa021fe90d1e
e501d70519efd8c8f41516e9261ad83a26b0e62de41581fd4cf00542f06ed3da
cdedbe20dafdfedef12a11cb30fc0607f919f3fafae1f8f917ee06111202070e
e3fbe742bbf30dee111902d629e903fb3730efe3ead709f8eaebce031afe2308
10011fd23cd3200ef6e005f108fee61bfcdfd111cbdad8c420fbf70d0101d1fd
f504f4dd34d7210fc5e4f6f3f9ed0e160bf201dbcdd60ee8d4e8f51406fdff01
0ff7010139f11310bef0e0eb01f3090fe6d6fdd7cd81f2048fcadd00ea21f30d
0dfbf90616d94c0e0a06fdfdebead01708ffd428dcd002d016efde1d14e3d8ee
f803eb121bcd2112d5cbf0efe8f5f810f7e9fb14f9ea26f8bce60bfc06fffefb
e4f8eb1432e01e20b4c5cce4f3e5140adeb8ef10d4c11b0c81efb5fbde1f0b0b
25fad8f8eadc1f3a0113f900eff48116071fe214bcc2eeaa30fad21dfe00d4e0
00f3b80df7cd0f2e01f2fbf7e3fcb11ff62bf21cf4cd12c7e5edec19f714d6f8
e6ebb0fb16d8f11b0801d9f4e9efde24f1e3e90bb3cd1cd9d2e2c606ef11f3e9
080b03d0dfd04f0524facbe1c9021307bd140bddf5e21509cccdf6fc0eeb25fa
0c0c21d8d0e00908fff18406bc07f428a3efccd3f1e1270bbbde32810c1b0aee
02fe12eedee2551a201db0c91401f54cf5cc0cf01ce7080fd1ff37d3ebf1fa0f
0c230fedf40a63030f0cbca1cf1615f59a11e6ebd3ea0c02f283fee9fbdb0113
f92309c8ec241704dceb81ca81f8fd208efbb8e8d7e3faecebba10db16f2c1f2
23272522e90c5f0e231e9fb9ec0df0f0e4d6eae50ddae1ed141afbd8f4e5effa
f8351601f21c4e03ee0af4dbbf091e05bb06e62907fc13fad9cf03ee12030909
ef0d1b13d01d352cdce4e4c7870bf41aa6f1c417dde825f7f3e8e0f80016daf0
042f2255a71f683c08e1d2bacafbedcce7cee4f60ff8030a0126e213e8cae7f4
b1f3f70bdbc4fc51d3de19f1adcf06ed1afb5fd31009120544ea0bfb2dc9e60a
d6142aeda5fcf93fdf07d8eadefa1bed16bf09e4f7f10cfd0d033fdc06c2d3f1
d4091af204ffbf02ddf20df1e80d20dd28ebbcc4f61421f61afa28da2fd228e8
dedd040203f71909d81d12fbf3e5e9e715fd22cced11211e3ae21ae3f4fbed11
e2f21ae3da092a0ac72ef2d9dd0807f101e8e8ca09e3150111eb0bceeae4f1f3
f100250f0524f034de3104ecda0522f41c1cd5ab21c029edfddb0ed01ef41def
cbd0f9dff62846e0ce0804e9f2e2171c131c02fede06150743ec42fceee3051d
e9eb1606d8f844f3d607e2ceddf80e21e807d1010bd8152b1fb508fcd3e32717
16e7260be1141ffde823d4f4ebeb0d020a0ad7ecfde71c1d159ff2020cf82c17
170c8dd218195c0c2bdca3f608ececf2eb52bf2719eb1df5bd11b0cfd9cff9e5
3204c2d35f0944f81bc8f3010824f9040cfdbcf609e40ce9ccf0f2e7fcf907e3
1f0dbeec4bdb45f72cd80a1cd40d00dc02efe01217f927fcbca65c13d9dd1ae8
15eccbb41415ebe80ff7e5e8e4f9fe02b2ffe2af01bf02ff98ece0e7f2f4bbf5
02fbdedf2816e4ff0dc804eed4f2f8eccbead5b9faf107fac5f8e9ede40213f5
18e0f80156fa09d2edeb24d9b7ba0510d4f0f29d29dc29e1c4acdaffb2d7c5e8
f501fbd5ea05142a0febd4eb3aff1315810dcaeb1ae12cf1ca08612510bc1325
1303b203f80c3c0800c2e5f607fbf80bd0e5ecd80e1af1f8dee00613f1d2fcfb
17e2ed133bea52f520f102ea00d70219fbcc28a436e432fbe7c6ff16c9fccf06
ea03d3aaf41dd2d2deaae60726e4e12d5f390d45f9ffb5f715ecc4fb30eed6c9
eef4c210e118c7f2d897faf23d0708bd2d23f430dde7ea06f20ecd12f2f8100f
1dfdbe44f820e026d9c50a021f3b10d0fcbdf0fccdece0e7e922b51bef1dd904
d522d00d140be612e19fefdb20f7fde5235813132932de0c18b833ea31c01608
d01cea43df1100d4c988c6c2320f1f9ae81d2ff528fc4c13c1ef2ff2e3a14840
110fd50fdf0d0e01d788e7c1201bfec21baad312defa580b07eb010bb8db3633
2eede50d1b3bc346cbcaf4f819f9ff09e82b15e2ed03f7df4b261c030703ffed
0d231025f649bb16c0a0ee050efac4f0f017fdf5e7bb63ecebfd43d30ce33439
2720fed4ef25d6fcd88110ee20f7dbfa2b99c25cd11a49f9f0e50deacc1e0b33
e0d3f4e4e70ae3e1dbfe03e8f4e0d4b4fa04d9060adadd0115eee4f41401071c
00e012ede1fae20fcb60bbcdffd9e1e0e9e407d035ce01fd27f2decbe806f700
ef01eeebbe2fcb25be35ddc4eb000de0efe433b2f8d72bfe1851f8f702ed00e0
f9dc06c3b402f8f6d1dcf7dc1cf21ce3d565def5310be008f6d4090720b62f40
fcf3d6088109c6dc12f610da29fbf8dedc15f30919300afd06d80b2feb0c2d34
c7020441ca20d700e21affdffcf310b3d4e53c06eb09091316eac062d1cdfd16
c8d30013d9d8fae4cb17fe18ff0f3fc8d417fbe0150306fe23e8f8eefdf22031
cae7ed19efe7c4fff3cff21d091c2be4e6e2e51fd2080df1f50edfd609f41bfd
e4f9ef3921e9c4f9f91301360b503bd508f90b46cbeff3ee0f01a70d28ebfd00
d6febe051ee813031eca15daf4d5efbcddef64d613dec3f21cfb061001d7b517
0a0fd6edc2ef20051718a0f1fecffbd2f21d270428e5de1021ececffded5ab16
e309fa81fef22544381ac0da2f14f6b1e8f5a0d5020016f508e9c40e1104da15
33ebede5f80222f912f72316f6b2e8e705080c0e140fc0f2fbf8f72015d4ecf7
3bfcebe0b9222de51a27f8f2fcbefafee7fd10cf30f0ea02f9ffbf19bbe5d922
05efe5dae74c2825313211d3ec070ca4eff4c1b00fde1ff50ac4da0ef4e7ec05
e1c3f3e5e0bd45eb23ff09fffad4fb24184319051ee998f4df12e21316f2dfdf
f800e2ddb8ef55f13324fbec19f90a060e2f15ea30d4b20cd1f6bc0fd009b2e2
dd00e8eeee1c1df644550cffceed0addf806dcea01b6e8031695c6f0c8e7dfd4
1128f0b2faf506e009edcfe913140f27e7d4d70519d547f6e1d7c1f7e8f9c600
270ef8c1080949bf04e3eeca05080018f13bf0ef25ca3c09c50117f52de12806
562aef34ffef1ac119e0bfedf51c05e4df18f9002d004802d7f80729e5fd1925
3f08f4b61815ddebf7f2ed0617f0df02f8acf2ec02d10a02dec4be07f302ec1b
2914f7f12a0d230fe796e509f1f3ed0cd04ff3d510fa20fdd2f1c1f838d90813
3031ff3b1308061ff2bcd1e5f0f709ede01bfc100d1505fbd1e804f5f7fcff09
2028d2df2c28c61af11ab2e51ef2dcfadf1200f016fd0beddb9ed9f81429e603
0e1fcc223b1c1b2af5e6bdeff9e600fae34df80e1c1a2bfce9cec7f913e524ff
17591d2120ff1723f9d1f9daffe605ea1b1bf20010082e04ddc23b021dda1c0e
08111c9131d7dbd622320b040e12ef26e7e5c8dd13b5fa815dfc8124fb27a7ce
e9023396f5f6f0d1ff360df70bf50e0be607e6a811eefccb3e22c0e30c06e9e7
cffb06f0daf0e0e4121c10f32a0b090a02f5f0cdfae51bd82b31e7e80ffceeda
fe1421aa39e519e0322906d0191dd1de13eae62208f2f9da50dcb82a09f4cff9
b31338c6ed002adbd22e13def00414c01025f6d209f5170d14a4edf410d51405
d314e417d9080605b8c3fbf3e8ef1ee0e9e2e7e5f4db1df4dda3dce303eb2404
d91609e907e028f21b260f031720add51d12ef28f7db04d759d1d21d08cff3f3
9c06f80106fe36f6b3e702dde4e108ee0717021516e9250c0d87f20202cf1a0d
cb08dc14fb030e0981b4deedebdc37f8e3c1f911fef5f70dff81a4f5e2f9200f
d6f71bf21bf50513f51cf009f1fffe07fe24f6d822ed12defff9e7f62311cbe9
02e402dd030e2509fbfcff1506ea03dd09ec41f9100cffe80d2ecd091ed8e6f3
def1e2d70718171808c7d2fc2af6f7d10ec71f09fdfadae53645a70b2002ead3
03fb17d61d0dfe06ffd10e1d0402eae1edef05f720f8fc07d4fcda15040ad516
0cfb06f11d1e10db02fc13fe1de104e3f900150334f4ed05e4fa04000f020011
d7faf9f40115f8fe2ef8e5172ff2f1c90c0cfe0a1503cdf814feed080b01e6cd
10051ade090ee6243bde103b1b07f1a82ad1130ae6cd8fecf1e4ab18f5cea19f
3cf3330724341bf33e0ff9152e04da9f1a03f60600e0ba00f202db07fd30fade
11dc010f2435e8ea36180c1e220de3c83320e0dbffd2efe3f6f3c206f021cd85
05e9e80d4c8911cd02e1fdf006ea0e2337d00acb2307efeeedbf14fd16aef5f1
090908da2cc9f8c6cfd404fe23dc0e282bd005e204ed0805f3dbd40906aac507
1307fbdb54daea0d04d2b3f0ed05141bbe90e1dedbcc07f237ecf70913f6a9cd
0be80ae5fcd52fe3cfe8b9bdeccf121cbab832063a080ef520f52aa701e40b25
1d15ebeff62210d9d2dfe3e60c021b1ad2ee230ef70516f4eee90d31e7ae0a3b
1efa00e314bae5fcf9d0e814ff070c25cf84f419dbd60ee800d80a2d028fe5d7
3c1129b601f94afc1908b5d3f4ef0e2fc7d6101136d13d1116160ea0fd0b0bf3
0f2de1d426ff54f2fddbcebbe829104e0bd9073410d736001d100fd5d3d2f8ed
170300e36785140815e2fd13121d0734fc81cf17deca1acd23fcd910cdd112a1
f8f8e2253cd6fec100000a231df0f20825eafdf319faf0d55103ed02f9dfbfc7
e90edcd838eef5d4ec0d102e05f0ffe71cebffe103f801c05f07f90b03d3f4e0
d8f50fc63dfebe3000daff1504051fc202cc0f09d1e2de8a5bdcbcf81cbdd2d6
e5f0ecf52be13becfb1317f405e7fafe150c00d32cff0ef500e1fcb9eac6ed0b
e603ecee11ec2901ef1c1005e9eb02f1fad3fd091e05fdf4fb0df5d503c8f8eb
e6121af8081acd04fddef509e61f28e3f5cddb03c10edec218f6d40b02fdc4b1
d3e6e31a21e64cc5d8b5c0f3f5d8f6f2fb011ed924c000fcf301f6b22bcc093d
ec01f00c12c236ec0ccdd5ed0d0206f408dbe8320ae310eff7d0c6cfdac1ef06
ef0b0c0a2ac9e6c919f00513fc330aef05afde24b2e5fde11a04c311ebea9db2
8106f02acafcd511fc53f4c3f0112dd81e2a5716fbfbfc0f1cad0f09ff1b0718
aedc132dc31810020443f6cad2e20fe605411dc8eee70a1540f1d0b00ee1162b
f812f63abc0df4dd27d3e4010813c1f10116d100160805f41cfde4e8f2fa1246
a603271c9b2509130833e7c2d50004e5f73d2c180bf6f5fe18bed827f91ade1d
cbb4ed0e8efff50a0459cc06ebd2e111d11332ff1e00190f39b3fbfeead6305b
e8d5c2decfeefde0e532eb03e6f71612eab1e901002308e548b7b2f7fdf1ff24
df0f0a1dc22be509ee26021a050109013a1f23e00efbdefaf51ccf2a17e7e821
e4f0f3c7aa180922ea29d5e212010a101aec33f6340d03e2f716d721fef60706
06f1d5c8a30c0216f05be8fa2f1e190e34ba1a3ddd31dd2242baf62c00061403
e614103ae4fe162fe6abfdfbd421d9d3f50d1aa211f1e0e60751dddee702ce01
0729251ffded23f70de0ffead214e8a3cfc1e08110db07d1283cffdcd2b8f21a
e330165bced4e2cb1edaed13c91800effc3dc4cbe7f8f8e10548f8b6fc8119df
eae9e6072001463dd5e301e4e8ebdde601f91ee723f71ef3fedc1607ffe5e51e
f3f507e905e12ef5fc1ffc05c1e709ed11f1010015fd0ce314f8fd0008ae05f1
e41ccb32cadb129a0219dc32cef824372856e920f30df20e291bd2de34b317c3
1bebecd4000c50131115fcfc1bead5232cf9edeb311622d91c0f07130c0b09fe
08e6aada04c629071e2e1d0b0e06f4304802f8e20611f2d007d4e720eafc13f7
f4f4a6fd17ace1a7051b17edff0e1a4c12300714de08d6fb27cbd009f4e3e7d6
f21e061f9b0b6b59e83703f8132610feffd047c720d6f7efed39e3aacf3b4c0c
f91be9fff3005326ee4c1b1224e70913fadfe2f703f9fdffe718cba80127110e
0316d02af0eb6f15fb0eee01f8bf1d1ac30fc5fc30f50505d9201ab62f10ff0d
e1c5fe09cf202c26d22df6f8c5f6003a06ecf7c017ee0e04e6f01adef91f0e20
e8a4cc06e8f41309d2faf421da84eafdd500c2bb07edfe08fccf1eb604f5dc1b
07add80adcf50f15b10bcd01f2a01101b50bd1f91e0d060c19e906d7fffe0efb
2a1ffa1608fd53c1010c32c9f7c9fa40d0f4f1ff2d04d40502f20fe2fa01193f
1ceaed29ff0542d3062bfdde07a40f32ede9d3081b04faf7f4c626f80e090928
1fe90c34fbe9301e221605bc07dd2e3deeec16e6152b1109f2d700f2280f3102
1ffef3dbd1f403afece7ce060cf2f929fd16cabd01ecd2d52a0be9fdde0cb681
31f333f1dbe303e40cc2f32737f903170e26cbbdbffbbee0011ec8e2dc08f8a1
07eb2ae100da03f7fadaf7014732fa5b0427f4dcd00718ef1231bef0d3dc07ac
190d2bebfec1e9e3ecd0d3f8fd0aee0cfb36f3f513f4f2021dd4001603efa6a0
0cee45d2effbf30be5b4e2cc03fb13f9041df3bde9f50706dfdf00f5fdc4e7e1
fff8e0cb9dfc1124d0ced6b31afaff2af71b09c4f3e627f7fd0bf4d9f30410e2
2f0d041036d2facbe7f5e4ed1c2cf049f448122efc0e27040716031c1bbbcada
27f517ee141ce5e8c8c9e3bc0a0c0d3008fd03ed02db240f16ef34fecfec0d0c
35f79dfde6245713b98db48100d11434e30838e31dbb1cf63803ebcbc7fb260c
fae7c1fe1e2309a4fd0cdbdd1fe8cd0a38ee20c4100bedf114dc0a0b0afa0c3e
eddee90320281907ee1cff0316f7e5ea02dddfe42ce903ddf5c4e4fe38142047
e3ebf91d12ebe9150810dff3f2e5fcb8bf02cf1e0ff2fded03f9bdef3f070313
e3f0c8d2fe2639d2f20702f1ecf2f830211106040ae30b1026f70c17cef4f815
ede5e3ebfb2a43e6ea3ef530fcdf0a06fc29e70e0df6f81e15d2ccec06032711
ebe6b10132db3013f021ea20f3e915edd231d227fe0ae30e1b06d0f310d326fd
02f2cbf0f8163ad0e1ddc1e0bf1aed47374b362508eee4ec2bd7ea21e1ffd7e0
1afdbd1018145ad6f302c918e209fa0afe33e00c0517c6f646dfe71e0bb72ff6
19eb81025fa55117ead5ebf4c21c1cefb9e0b636efdccafc3bdd882e03a75fd8
fdfae623d5d3acdb053ce738031dc049302325389e12d11221e2c92b215ed2e2
0714f500fbefddcb0b222911081bd0f12517c334f12d8e1323dfe301e42adcf8
faf32ae60cffa4061527160f141db9cc1d280709f81ca6040ce432041b00db18
1014fcf818d6cbedfb261022330ed00821fe362dbb23de1727d0c606232600f4
fb2212caf9d8edc4fa13f0e10b27f7e3fdd914d7f107ef0a2dcfdbc0e6250d05
151417c9f4f709f6fb23e9f51527c8e4f9190cbaf5fb0df239020fd518f20307
f013eaad2b209d0bf707e1e725fd350515eaf7e3aa25b50115221ae3041f1404
e53704a9d6eae2d7f317a2d11c2bf61e00ec09e4f8f11e1336cd45e2ef25fe12
e40011add8f5bdda0601ea0d1b24dfeafb07e107d2320c0f50fb0811df2a0a23
e7fafada11de17c7143265ebfcce089620df4014051ffaea45ead8c6e7ee37f3
d3e71f18f4ecd7ca1f20f20321aaf3e71219e30f180e101a28ef288613ee1005
00236f0f14fdfcd6360702ecfd1505f12744e2f629f30404f802e0dd3942daf4
16e9f307000b21bcaef00bc9f5b40dbd05f41016f61de10f4ef317e5d8f90b0d
fce62614ac10dde9e0359cfde1cc00e9cffd150900f314061efb1299f5e60607
111545ecffef0fd81932e7f9e03109e80231f222fd0e1cf5231a27f0fadfe4e2
21ea18040e042d81eeee18a403d105d0ecd8f23a0bf6000b18192602c8f2140b
1aed0ae7c420e0c8eb34d7a2caed1b15c8f1ed1d022710fb1508f9e9d2f610fb
171509d7c9fc130f2433f2f3ee2127fbff0c012ef21ef9041f0c0103e7ff16bd
a9dceac1010d44be080fe7cf17e40cf31918d2f81dd50cf8b4b4270be315ee1c
dbdbbbb4f71039ae252fddf60ae917cada12e7f915eb0df5b9d7080ad5e10b18
d2e0fb13f41420ab390bf10b11101cbed514f1beec14fbe3b3c8fceedcbaf80c
ecf2a6efdd1952033ad8decb25e5def1f53cece61f0fe5f8d1c3242cf8d5f228
f3fc9818dc133ef041f8b6f7110706bbbc0ff2e708f3fdfbb9d0ff12c5c8f40c
f2eac20ccf275bcc2f03ddff0f0cf3dbd9eed7dfebf0eee996b1e1e6b419f8ff
e1fdc021f52e6d054f0ce3fc21f2e109e72c0dfc08f2c5e8f0f2e909e3c5c502
0a00d026f01876e559fa050925fed29ce6ffdc070cd9fbd8bedfeb07e0c5e402
c3f0e3f5d31d62c046130df219ff05b0e8e9de2df9eee3e291e0efe9c60cfdfb
0b343bebe1af45560de7ce1ef01fe8d43af116f2d9eff5e21732ebe4fcebc204
fafe3701f4cb1813cfce09b7d20f18f224dffbc5f9f314f41dd30ed1e99cf922
0cf228ecc7ee4425ab98f498d3ea1ffba59ef2dcf9fcfee35ce12acaf9bb251f
f72022ddf8c23828f700da060401cdcc1ff4fbeae3fee8f00707edcb0b0dba19
e1f6f2e1e4d9f706dc09f8e1fad509fafa0be2f915f7f9f2fec213df11e5f721
18f1f7a4e1e3463d02d1fddb17f01ad7b6efd705e6ff15f429d103e40ec91701
0a10edcde5ca7f24c8efaad51ae3c781fee0f8e2dd1fade22e33bbe80a26dbc2
15f2d5e9e5dd2e36eeffe01116fd04d1fa1cdffe13ffcfee0b3ee8f10311fdd3
29e70dd9ddd3306f18e010391508fdccc606df05fa0e0fe8153d0eed10b80cc3
01010bdfe9fceffff50fe9a2cef3feefe11971e7f7d101de23c1fef8f628db04
0f030105c90d0424f244a0f1caedda13f9ee41ebd8e4fdf0d7f4ff961914fe0c
1b1b2bd7f3c14100fc18c9d2cf18f25924d626f31ed915f2ddfc02d302f7e21b
050d10f7052a23e3cfdbe2ec0502ee0e0710440ce3f3f0e704eb04082dd3072a
f900fe01d704f21fd72c8cf6ebf3ca18b7eb2203e8eced03e4eeebc011feda32
241f08e4dffd0b24e94eb0bb291bfe3df2ef39f919e025fce7e3ead8c7dd0723
0e1ddc162b1713b8c1c7192225ffe825262cf30eee03e5f0f61c021824c2f627
0a11f704021d17eec015e60a0212f418ed310b0ff900fbf1d11501ef12251326
161afcce9b482f36df4ee0c10b0bf611cae338002b0e4c12c738fee6f6e93515
0c06ffdbb7ec13dabd0dc3f1fbf3edc8ede4ffc7f5b642fdeef1c3bcfb011a04
14fa060aebe3f3cbd923bffb02f60cf3dbebc2fd10b04c0f1610cdb5fcec1d00
18fb2af9e214c6c81122d00d1008070ab7eae0f900ce49f7280ed4d00bf5f1fa
08e1f6ecc6eb32fd9904c107ecdef8dac8bcf2d7fdbb01f2e5fac9ee0d161df3
1ce40303b0ca09e4c913b6010bdbf9069ce2ebfb38d72205021a98d7f5f11804
27ed080ee5e5e8ce0708cc101e05e6fda904e32720ec460c2c11bbf1fee7da16
f6f0f8f1ca0e2b22aa18d2dee8eaf1f3b7beabf3d0aac9e803eab20cff122f0c
1101ebf5a100f918e626b1fd02ebe01095eed60d07cee5fde814a40403f51701
2cebb511c0cfe612210de2fd16fceb17a9ef092ae205fcea2d1b871af8d8d310
0efbec24c5d8fe9d0fedd20617fbe81e2db13635d908b904351deef2e803f0dc
f5efe5d220d0d5d31f24fcdb0b1af0dd36e2f4ebdbd503eb4007fe1c0629fc21
cfdae2a056efd107fe2715dff317dada06d8e1d9d5aedce638e7ee0c5153d823
f4102b07cdeec6d8fe0118191e0b1c2110c3281a0217f2e5082aefe10e01fcf4
ee13edc7fee1bbebfb1c0cd41f1c18ff07bc04ac14e22d0313e02000ea10fc0d
05eeec9814bec61cf9210f02110205f2e0efb5df09e311101de116ff1a28fff7
05f925a219f4f8fee626edc806fb3956e8d332c3f4331ced18113af4f664f4e9
0afdf8be3013e0f90413f4d603031852f307f0daf8f23bf317ee2bf20b1d022f
fff9f1f71306d6fb41260d23def9e62dda0dca23f5fd2a1d04da16082b17fe36
19170ee61148e41d09141be80609021e241924b6d814f306eae9231bdeebeb1b
10ee13fa1c2fe40b173003d9f030f41b1c5704f4ffcb02f103d53313e7e60302
13fd0af91521cb2035091ad2fa09fa1c08cc14040dda0bebb1161106d1d8100e
14eb08150c1df21526ae16e2f70d14f60caffe0e252013de030903fed8dc1308
f4e0f9010e14c52afa21f7c7ef11f9fae0adf7a0141206ff05fd1df9e7b2eb0c
21140ee9042ce40416d60ff1fc14f61522f615f70dc4180331f71636e3e6f90c
27050a002516e8f70b870a04f1fa00220af3fcedff0df6e32fe31314f0f504f6
20151511260bd3e41ef522de111ef2131251fd0efffe01eff400fcf8ceeb28f7
121618011f25ccf533a918dc0309fa070dd0070d12b70ef2dbf4f210d9f712fe
1c070eef1223ac1a10f911d505fb0f042acd1701fe0019fdd234f930e3d4080d
1d3517e2282af40f13d50bed050b03272bbf20c803e90004c5f2f72ce4ebf804
230d1d002410cd09251314db0420071321ec0b0ffff9f7cf91f3fe2ebde518fd
33161b090aeabecefb0f04ef070d030f059c0af2ec91f2d8e5f4fd18c7f11df9
37102bf5162fe8e919f510021ae005191aa70f140de00a13e0e90c12ef172402
1f241efa1f39d50d16261ae0fce50c0623000dff01be080da0fc0922dbd4fff9
fff305e5fe11faf5fbba0cdde6f41a1510d9f43e1ad221eebce0d805e0ea08fe
0ae7090713f4e001100c06fdf700140b1f10f308148e2705cbdcef26e7f80700
232730ff3515dd1211ca0dde14d8ff143adff32429950f0b0108e313d8ee12f2
30291def3038f1e51a3636f005e1051835370f0426a605f8f9efef1ec7fc1afd
141d0c1b2419dd0e05f722ebf3e5040715b3f8c7189b0b05d9f0e722c3f5f0fa
172626f4292203340ccf21df070a14242f1824d106f51306db11e01ccbf41d08
1a1d2c0a24f0132e0ab716ec2de51e2523ba34130f0a12fd07f60415f0ccfe02
1e361ff9330ff52a15151fd21afa05182da52af213af0c2227d6ef1eedd8fbf1
2c3533fd2f22f42116ac25ca2b14fc1919c31b0b2492f51fd9dceb1dd2f40916
0e2d1e0c3734bb461fe81dca171aee032c332ec21fd9e902d3e3db0fb9dce514
100d13fd2b50d12320db2dcf1fece62054002ec7de18f6e4f91b1f1ac6e6e3fa
26de28fc211eeb07249821e50df20d2012101f14fb06e9e800eb1417e4fd1410
16f809f81b35cdfd210431e824ed0f1228c81bcefac0f6e02f02ff38d519f800
13122aee130fd90408b71cdd0ae0f5141ae910b71bd6ff08e7f8f816e6eafcf2
09fcf5ee0d22b60614ea29e708e6f0140add12fbeff7f7eec60f0810edbbf9fa
1dfa051a192dd411fc9809e30430fc07193e0905ee0f0d1117120a1ce9e3fcfb
2301130c351ce5eb27d03dece810ff15fd9205c407d6e5ddc9f8ff18eef01efe
0d0d0f051c0bd1d60fba23f4fc17fb0611000037f5c9b90403010b10d70803f3
191225030f0fdef81ebcf9e3fee9ff0811010b3a19a5e1020609fd23fc04fff6
190207f3211bab0e230a16e0d6150f0323bb0d25d9f211d9f7f40324f6cef4fc
15010b091806dc17110f17c2fe320c12110cec2304cc0c22181be016cdd40dfd
1a18182b2e0cde0d15db1ef80f0f0618159707bedfc3e6d320f7f725eff7f4f3
14241b2507ffcded1c05100e0733060703fc14d1e3eaea1c22421324ed0d0a0e
1e1c141b1509cdf6172406e7fcf3fd18faddef33feb0d0210ef20c20da0507ee
251e21f2201faf1425280adee00109171d9e0d08debc0400f9f10745e0c0f603
0dfd0b1d1703d3160bf910df083bff180e09f21402ba0cf7fd0adf1cc2d81203
270d19324906c50e26c312fc133b0a2026241735e9911cdff50ee035def413f5
173113222d03ce1927e20cf834fd030f14d7fcc4ccdefc15ea25dc14cbf61305
0403f60b0f03ed0816ab11f2fb0e0907191fe70a0026db21cbdae911bf0214ef
0303f1140c0dd214fccbfbeed3110a12fa460102ffe0f61c03fdf83cd9e3fcfa
fd0b16f4081ad926213404e509f216130feb0adae8bb0eff0218eafdc20019f2
19062316370cdd0514d227f61a0b1528082c2af7fc0116e7edfef811e8daf802
151c26062519c21f0e2c10e211cefa0d332f0022e3140e181bd6ec04f4f4edf4
0d1b0afb2321c90b16e915c00df9f2f51e9414fffed7f72d15e60813bff6e4ed
0915fffa2825d7090b0f16f9fa04e70c1b8c2d18e0e9ec03cfe6d51dc6e7fff6
dde6cd09c7d9f7e9dab0d60e0bddf2d3ddabe4d0ad141017ccf108defc14ed0a
f1d3f0f4ecea07f3d4e0e606fe12e8d3dbffe3cbc512080bf0ff03e51019ec07
01ccfce7db0907fff72f0d17f20a06efe4cbe3eef32d391c150710fd110ee6fa
d4e6d9e5deef0ff1ea46e1f8e9d9d6eacf46f4c2dde61bd0d520ffeb11fef8ec
c6edc00dd1cee41bced4d0f3f0b2a0c4bfe9b6bb2efd080cc626dbd4edeee7f1
f0d2e20debd30cdeecbbdd160efb0fc8c8bff6adbac5edde1c01f5ee0ffbec01
05bae5feedf303050cbc0708f4f20fdc182df6f401c925e3f3e407ff00fad4ef
07fdf2d900f9fc11094515f002d017f51751d9c9f43162ed16fa08e5eefee8f3
e2f2f9e7f8f41621fbd3de11f5e111e8e7d103350af135b01ff6fcf1f610dcf7
e0f9d704dff9fd1bdcb1cd0f00fadcd1dbaffee450e3ebf5d62c0810f907e605
e8c2db12d7d4ff1309c5f0fcff1316e6cbc5dda7bcc9eee214fcffff0eebed05
fcea03ef03021021fd22fcf7072207fd30400ba3fff808e0ecd3411a05e6d7fb
43122ac1111f0b3f150230df214a0d30422311be18bd4602e009452804f3060e
1a0511fd131806fd234008f2150e0e0ffdc6063411eb2ff10e0d2c2cf005e809
d5d5f009d7df121ed732dc04f900dee9e60cb7ee32cde505d03601d8fa0ef50e
d5e0de21d2d408f7e5fdeff40b060ffdbebaead4ddd7f1f0c2ea15f100fcd7f4
eedaddede6d11d23f8edfb0bf21e04e4ec48e5060216e6f4adcb27faf809cde6
231b15e005011b1419e115010003052df82a0e2a0503270f0be62b3a0bfae2f3
050b21e4f7070d0e201922fefef7e711f536fb2a02f3161209f10907f705e0fb
dceb0112ebe9faf6e4ebe0f8f324e2f302d3c63228e3f5f7ea2014c305f0da18
c1b8b9f4c7d1f507cadbc607e30f03e9ab37d5eb030aff01ea20fbdd201fec1d
eed1e50edec904f5ec1ce507eb0a18e4da48f63a2ccde7fa0bfa02d70afb01f4
fae6ebf2e7eceff91110e9f0faf90809db45003d20e6031e2bec06deeeec02f7
060a07eaef08eceae9aaf5fd1709000f073dfabd11e4350bc61902dd05e702fd
c9dddd0ee4e0fbf4e4d5c2ecf91be0eaf1c0ca134bb80decfc2613dff6ebd804
eaefeabb03ffe7220018eeed1be2edebea46f841a9b028dcd0fe0509e9030609
0afdffd700eaf91102d0f70721fb0704029b1d3ccffd00a0dcf511f80006fd08
0a0119f91b0efe1416d509fb1f01041f343c2103c5edf4e4dceb110efcf4eafe
272420f3351bf114303234f41bf6e32044b02ddcd4ecd1f418e80a26e6eaf905
0f2622d80132f91f2c071dd033fb0f0b2eb128fab61101fc05f0f60bb3bf0811
0502fec90cfe010b0a40f10008050c01d9affa529cd61bed0df2120feb0208fd
fbe803ec0de8051e0dde0602150f080bf8f21dcbccbd0c0400f017170601f70d
04f114ff1b080afcf30c0b0d1d0ffe050a0f0aa0ab9afeecdae21905050f0812
14280cfe1b1af505fba227fb0a1df220341dfd39ffe31e170323ff2cfff90c0e
031622f51f14e71a1d3a2abd07f3ea142fc31e5ff50cfd03f0030624c3cbf503
14f1fbed060c091502c4030b0a250401e6f8d93fdce606ee02000e190a030cfe
ded3d206d7a31e26d3b1bd0aebc908d8f2aae5e4e4da02e9e6bfcdbf1119c1cf
c2bfbe07d0b11107cb34b117e6a81ccfc4edd38f00e3f2b8d8a7b2b2111eb0c3
2b1511ff1012f703f81f02fee0e105151b13d1dfebc12234d9f5f421df020b0c
f624ffee0a080f1ce2ad0efafbe6f40b229e3225efdf1afed410d2fae5fdf9fc
1a0003121206171008ae1407f90f0f13d80ed50df90afcfefe31000c06fe1708
d3bfe508dac71f13d440cb23e4f608d9de47d215e8e7f7fbc7bcfad01714d8cd
cbc0de07ced413ffcde2ca13ec0504ccc928f2bbf0e7ecd0ebb9facf2013c3ca
090a07e90d09f60a0a100406edf0fd0f080dd9feeea20f2711fbf916f2ff050f
e416eddbf3f20b19e3c207fbf5e6fbe9e2fb0612f8de09fef839e8db0306fe13
0cea061a1703d1fdfddc04e61517ff150245ede810e70600e310fc140cdd01fe
07d6f30a1cfffff015061af808e91b001cbfec4606eefef3ce060df808f5190a
0e2cebed0a0501ef01d8090701020efa07c3fe2cd6c42e3732e3fd10fe0e250c
fa0500a005150f0402c10e1dee1110011b530ab2e8f03a34cd0bec19d50f1100
dcffddc5f4eeff10ed2a0300f7dff2fa000722acf9d919fecd3ef3f0c5041d23
f7fd021306fd10f2fcdbe8220919e2010e9fc7fadfb9f9181c1bf5e91a11fe09
f11401102de9f6f1f71ceb0a010eae0e1aa5e4bafff3f1fdd61e0f03f9eff9f8
0c02020822f305d605fcf708f420cdee231fe231dff4fb15f8300d05fefaf6fc
160d130d192c01e51319ec0f091dd32334ccdccfd716f414b726292afcf6f800
320220143113faca1af616002823d7112525fcf8fce81706c411032ffef400f8
f72b0c201c11f409f72d11f42110e7fe1f28fa35f0cdff0fd91c060cd4fc020a
0528051f1b10f704f8ba06fa161ee6ff02a9efb5eefb000de31f0ce6deeb0b0d
0c170c151800eef807d40501104c00f9fe9fe707f2d0122586181401f2090d0a
1617311f3910f6d82bee2dfe221604123bdbf6b9cccdfa0ed009341ff303ef01
3f084706471afae83b0733fa2b17d42e3ae805a8f10603f9b506052501f3f7ff
1a091a0d190f07ec34aff81024fcf71128ed0ed823ed08ff9a090e04fa15fc09
122a12fd1613ebdc2db01bf312f90d2128ccebc801daee0dc3f41c07e9f40605
54593cf6596481056bc06ca723211e5c113b0e2d12f11e2dd0050a2ba3983211
132317f11c23ea0021ab1de91f2111211dad1b0406ea0d37cffa1118dacf1304
2d3d20f90f35eb0528e72c08350cff313fb533baf70f161ac8061a3e04fb0201
22221a081e1e03f4180b0b030d0e081520d913b2d612fef5d20a1c29f810fb08
143c25112e2deee912d722fc2314fe242536242beb06e90306001818dffdee16
364c49025761cb0a40f666ce181c104223122902fabb1513e4ff0e48dad52212
30402403372c0b05312f24fa270d002537f4251701d10127970c2929ede70213
322a1afe172709f242be2410211ecb2a54041b3cf1d5f7fd860114310b0608fe
102df915ee111dec19bd040ff92104fc1db9ee13d9fbe9fdce090c001a11f008
31282018381c03ed1514230b120cf0173fef0b01070de218ce1af61f0303f712
122804062302fcea0b011208180b15230ed817f00dd9e404cc33fbfa0516140b
192a1e09260af90713c50b071a0404161a4f250ffcc5eaece815040dfef7fe01
250d21fd220f1de023e2141c0a1afa18172819bf00b8d3d9cb02f537350cfc04
000606fdf90af1a706161403fe00010b02f0019fdbdb1ddb94f00ce60030f21a
0a0816eb1d14f3baffe911f304e80d1019031c3613ef0103ade605f80203d4fc
ebf9f4faf6e2efc3f0e3e9e8f7d520f806d5001d1904ddecb8c6ff0312ddd7e9
ff070f121cfc02c5f3d40e0d03e624042cfb153a0a0eebeb8cdf0afd17c7e8ee
1d1f2d0e2d1aef9431f22c0c15f2eb203ca83ef90328f5172eddff1f10b3eefa
010c0efaff1202b311b51002faf313051bdb1dd8073704d7deef0800192ce007
f1e6fbfeedf223e6ee1cea21e512fff9ee54f2001d0feffec60206ea2b1ef30b
dacdef1ff6d81cdde514d927dd0cfeebd5ede73a01f8e319e21915e7330d0703
eaf5021ff50215b4fa0ff213e3192afff0df0e351402defa1c0205ee2beaf201
0a11fd040bffe8af082210faecf6171a00acfe1c13df0103cafef715f2ce0400
05fef70bf0f1e9bf0740f8f50dfdfdfc00e405d923f814fde9ff0ff7020ddff4
e6dafa02e1f317c5e5c1cf0ce10bf3dae529ef28190def01db0806f42412f40e
03fb0629fff916f3ea0ef51fe81be4faf247faf8f91bf012e71d19084802080e
f6e0e811eb090bb8f8c4ee08eb0305e8e614e6a3f4fde6ecde28f2ef14d61702
0a0ffb09f90ed6a917050bd0f8d916130006f92af91606fa0728f10ddbc20c0e
ef12ff03f6f0d0e9fec2fc040a1813f510a5032e1cecfa0228f5000b08fdf202
060906040dec00de0a1df00102dd0cf7034e08d308d0f8fb10f600fc031ceded
f1e7fa0f06e50dd0ecdbf9f3fc08eaeee82be2d7f9dde60bcbfb20d624f0020d
f415ff03fce52dd0f9b906ebece3f5f91db9e9d1f500dc0309f4fadf0f01f604
1d2a1403201ffe9d16271bc803e00c1a11ce17ff1ffa00e808f2f311f2dfef0b
13112110110ad0d621f8120c26db09142d972d390ba8e4ddf1fd0b2b0902e000
1afe1b03220be68c0f2f1cfd22e60417104410c8fbd00209cdef1a22fd0fe6fb
f9f42b0e07eff0a3f911f9ee1f13f3f207a70edde7f6fb2edff925e9fd13fc10
07141bf50a0a1aa70fba0fef1302ff0111bd03e1f5be181c1eef07ea0cfae807
1c322000331a0a8a25f826da29fb0e1a21261ae12aec23db09de041006f3f702
0e00ef0900dcf9ee070d02f6242ef1f90ecdfac1b40dfce3d8f12ff10c07f11b
d3bee017dde1eac9d648dbfedcedf8d7d518c735d428f103d72601dce401f119
dacb20fedae9d5ebd3baf4f7d708ffd9ee95e0131ae8e50ed61735ded8dff212
c7b4f201dcc7d606e908e1f2db1026d3bebae421f7eedae9c00a05d8f3f3dd08
efc8f412d2ccdfdcf0fef4fae70519ebdb8edf1ce028e0dc0def07d7effb3008
e7140713fef717f70eea08f1f01ff7fcfe1414e4d127f10b08f23b00fefd130e
ecd2f21703e0fed2e30302f6c213fddae2d2d43b1aef0c06ca0422e6f2f20d01
29fe22fb18eddde3250719e3e8fdfe0d3235f6d422def626c20ef811e8c6faea
1dfb130d2bf5f8f10b3925f5fe070b1a2540fb210f02fe13f0f617fd12efeaf3
f7afcafdf3fce3f7eedcffebb7240df8c210dfb2e4eef717f8fe0be4e201e911
0cf8f51303e3fc0a05bafb06f41c0922eadb0520e61cee09d4ed220adcff15fc
0dd5f1f1ededeacb012803faea171201de16e4241ed4c90ad4ea1cfff304fbf4
52e420f14b0e99f13b0d2fb6ce18072e10ecce491df3c91cd3e8092dda8118e6
2a103aeb3c25d1f027d62edad72f102f01ab064e1fc005effbda113616cd19f3
f4c3d9f2cbf7dce8f3bc02dcaa33f7f0a8bcc8c01cc41a091f0c04e3d2eaec0d
e4e4f108ffdffeffe8a8ea17e8fdf9ebdb16f1e51005e202bef9dfef0d11000a
dbdbc811d8c420d4d61ac411f1f8f8cec9f6d23c0fc9ededd5e3d9c10f250ff0
e8d2ca29dac911ebf9e2ec0dbfd810cecbbfa9e417d3f80495dfc3cc021608e1
f407f729fdf411eff3d71201ce000cf8d9ffd9c2f9effbfb18efd1f1f3061b07
d6cff207dbdc0dd5f6a7f803d11df8e8c4b4dbdcfd23e8f31cd403dcf7fcfe0e
1303e7e7e4df05fa082f00230a0602f2d21aee292832cde4de0ce2b91122f2f9
02d60604ffd202daefebedfbfef30002c9ebc4f71216f10cca11d3b7f2121805
eff4e52ed7d905faf9b4e7fc03171ce0ea58d01327c3e9010bf41adefa0926fe
e8eff80beae50b03f9d9e60bf8190bfdc832f2e6e1eaf7fafb2506c3f7ed2207
e7e2d814d3e803edf8c6edf7ece70bf8a1c4d31ce3f5e2fce50ef8e0fbf4fcfe
d9e2ce81c7d4f71cd409e3038119efda95d8aa0d2fbaf32dfc1ecfccee180712
f0dfe6dfe5fefef4f036f606c6190eeeb403cdb2028d0be6280ff8e9f4171004
dfbde303e0f7f506ecd6d2fead290fe0b6a3d42a17fe06e8d8fc02dffe0610fb
f6bef5f6efeffe04e628d807c02812edce00ccf03607ee2428e7fef2f7060cff
db98cd98b3caedfccbb1ceed8e2533c9a1a1aa16f1eeec11d70bebc2e90c0b02
e7e8d7d4d4e50002d4b9ef12a215e7e1bbd9b1c40a3be613db1cdbec1c1d000e
e9d1f0f6f3f50807e9adfa05cc19f2f4d11cbab3d9dafc0e2b23dbf40a111e16
eebde906ef06fff7ecd9f2f9d81801ebc6fadea8ec8cfd03e2eaf2e8fe0419fd
fae0f3f8fe06fef7e91bf504d51ce8fdde21d1fd0fd1f92ca901e70e12071506
efc3d5ead7e105fbc5b8daf7c21518e9c62dc8ceccbbf51bc309faf42312fbf6
e6beebf4ebe3f6edc6cde501c002fde3caf0c28f11d41005d606dffe1a0701f7
ebebecfbfde5ffeaf39ef5fdd0d6f0fddbe4dce9d2baf70c810be4e603021300
ddd0da1aecf506ebde1bd60ddabed3ead2a5d4a9dc10e1dfc8cae3dd0414ffde
e9c8e712fbddf1e8e6a8effecde7f5fadfc8c581e8dff70795eedffb08031ff7
d3b2cef4d6b7fef8db40c9fba2f713d5d030b9d2dde8f217c1fac3d1100811f6
e4d4dad5dde802eaddc8dffdbd09f3e3dce3c7991d95faf40504c1f513020cff
e8d7dafce8def807e9b7e2fcd6fc02e4c20ac516eacdfc1ad70ccdd402040d09
f7d4f3ffecff06fdf540f4fee410ddf0cbf6dbf7cc07faf2b2e3f9ec0bfd0b09
fecef8f5efef070adefce703d00ef4edb0c9c4d9f7e0edf702eddbe71106220e
f9c7f2e1dfdc09f5ecf7e90fd2edffe6dfa5c5facae0f014c6f8abe3fb162001
cda7c38ba9cc06dbc70bd403a70bbacda116b3d1eae6e618c7dd81cfff070902
d5d4dfdad0dd01ebe6b2d305e405edddbfc6d901ebdaf7ed21efabb6170f05ff
e9bae6fdf6e1fee7e32fd205f7ecf0d5d337d316f0d1e7e1e0dbc3c620fdf402
03cbeadaf1e40cf3e9e0ec0fd8eddfddd4b2d69bdb13d91cc6eca9db1111140e
05d3e687dde9f9ebefa3e40de1e7e8d4cbafe1ba8a28ed19f6f18ecae20d1509
0b1c1c1e0c39c52219ea16c723b5ee1012cb192f94d91ddf9fe31efad2fde0fb
f700fc19ff0dc529fec4fbb508b600ea1bd702eccbd9121accce21f6f4f2be07
1126fe100a0abb0b06cf0fb308c4090d268f1121e323ff1ebdedfb1ed1cfc604
f006f818f3ebe01bf3c10bd411defbf826e306a7edce15fb07e8f3efe1c2d8fb
121e0226071db92d0c3f0dcefbe88c1f309f15d507e012f2d131220cd3afe9fd
f60202200211da2df4eaf9e8ffef01f4f8230c16d90d0edbc7e31dff061ced0f
f7fcec12ddefec4ae7faebd7fe2bfde7e7dafc1400d2edf2fed40bfe020aef0d
e7d7f518e8dce04de743dce2ea12f3efee96f9b0f4dce8f5c9f91701e2e11001
fbe0080ae7fa171902c4fdf1d9140bf0ee5af303050dee1acc1500f6f9df0901
f1e0ec15d9f7d31500fff7dbf804fbf6f3bae6ce020512f91cfbfffbe4c0fffe
f3070039f3ff98260613efb9f22e05ed06d3faecfc1bf61a12ff11fbc3ffdc0c
eaecf213e3e9c24af219dcd8e935ffe7e8b601d7fc1ce516d7f7fe0aeafe1113
f9efef02f1dfbc52eb1cf0e0ea54f3f3e249d6aaecc2f116d119160108ee120c
eaeaf0f0e7f7d73dfbefe4d6fb1800eee229e0c90108f4f0df1213efe9f50efe
f2f6e207e8f8ab1af4d8edc8ebeb06f5dfd0e0ec15d3fefae235f8f2cbc8d7ff
e9fdf31aeaec9a0aed39f1d3f215f3f3fce2f614fd120519eee8e90ad0f8ea03
f0edd40ee5c9dc28ee16d5f0ee0601e4e2f1fc3df5cbf0fa22defcf3f2232af5
e1e5d710e2c1cf29f5f6d6dce8f9ffdced3bda38fbf9fc2328d617dc0dfcfd03
f4fce8fbdfe5e638ecc6e7c8edf0fcec0ffeeff20405e71b31fafde9f2f6f0fd
0001e90efcffd91cf1b6ead8fee30609f2f2f92305e0f8e21408f7f3d0e5a7f6
f7f308260fe8a204f9caffbc01da0c05e8de19fdfd1014e6000001e5dae5d5f6
e6dc020f08c9c003ebc6fcd8fce9fffdfabaf3f4fdb7f0f1d4db11d3d3f9eee5
f8effe1af9d4b52ee51dd8c40c00ffee0843fb10fbd7d81ffadd2bd4cbe6dff3
fcf00d180703e11cf419e2c80bd003f3fe2006c5f3a3fffad7d913cfdcd8c701
fcfcf70bfb07c00efdd0ddc3fff1ef020b3de2ec1bb10dd922f6f3d9d4e3bd0d
112727ef0d3bc496059d1cd9fcd3ff2200bd1fac2e052efccefce71fdb081f04
fa0116101e10e2ccffbdff03ebf3090fffc824d117d6fdd6f8f3f5040de901f8
16f423ff1c18f9bf2a821dfb07f4151a1bda41bf0eed00aff7c7fd1006f3e4f0
1e06240e1115f9c116e438f907ea0e19003531c4f8d9001821e902300d03f4ee
311018e4183cedc415e43ae71fe6f6210ce827e00afe001b9c1e0431f4f90aff
1a3512e61427d7af161026e1e7f20111f4a10aeef914071ed1fed713f1070bf5
02060814001104e10fec080209f6fb041acd0600e622f8d1f1f7ee03f2fbf900
f70a01fdf719efd71aa3e9f905f5f3f90ddcfcce000ae7d9fb15e7e8fef7f2fe
1b000cef0919eee30ccd2000f8e6fa19100510380528ed0011f2e52c11f701f6
131317fd0d29e1d31dba2707050efe0d19ed29e005d412ea0d1bf216fbf3ff03
0f470cf12335dbaf28e426e30afdf31a252a1c4c05ba06fdfd1de328e7f01103
f313f5e7f705eacafbf002effbf1fd04ee1ffb12e6dc00d01721ef01f906fe0c
f205fceff7f3f7c1dc1fe9eafe1cf9fc021a0af40ee7fbaa10fddd00fb01e3ee
18111a011313e2ccf8cc1cda1505f5170c4afbd0f3fcea0bf2fbe816d6dcebf5
021919fb1c12ffd710e423fe1eeb0a1936331dc00202160a3312f008d9f6faf9
041010ec0e0fc7c124111acb0cf1ff140c35fc03dfccf810d8f5e112c3f20207
ffff06f22005e5dc091101f412f0fa08028700feceebf6bb1506f309d900e8e8
f603fff60a02fdcefc01fe0a05160a0628df11fb0a9405c711e606030003cce9
02db05e5fc00f4b704e9f6f4f5fd080b12fb00df0addf3122806040ae5f4f007
f80d17f6221cf0c823fe0ee52dfc0e1518ad0ce0f7f9071dde04dbfbdef1fbfd
19f71df4112fdfb72eb022ea21e1220f20332621ec89180af4de0f07df0af800
f70201e6ff0bfcca06c4fef408de01fe00d10c20d9aefaefd6e9f9f4e2060202
191901db021ee5c5fa3304eff9010d0b0d4d2ab0fe8505eacef7fa16ddfd2418
07d0e7da09fbe8ad01280201060f0402f4fa05b713ba0bfaf2fce401f6021bff
0b240df02334c3b0fbad11e01606062649e7180d0bd908ea1af9d90c00ff08f5
122929031f22f1811b04260125ea08183be00aa6be241eedeac82527e90be10d
1a1b1ffb1ff9ff99ff0d1ef722ddf9161d2f0ebc0b31110bb1fef5f6ea0fef07
233022f12403ee9cf6e81fe024c50c15351012f52e23ff15a3d60600faecf902
031000fa14180db3ffab0efb08e60f0c1dfe061102f9dcf1b8eff0f91ad7fd05
000703f811ffeeb219260f0a0bccd50f103f20abe925e7f7f5ddff06faeeeef2
05160a01040c02b6063118ef0716042019980432f4e712e6bde9fc04e90cea01
161d1d0a25ff0d9f061515030ce804250fe125d912fb08f7ddec0202e704fcfc
fcff240fffde1aa80ed5fc0d0ffb0bf9150e123122c8f8f3e5c209f2160ef105
e5f4fd1608e30bb3e2f9e806f3021b00e9b8f3ececbbf5dfefd7f4dd1800fc0a
fefdf8f90cfc11c104c1f7ffeddf130cede711b9faf3e4e5cfe1ebf9eef402fa
2328130c0b1cf6c31af911f70504021506ec28e7231c130bd7f70726fc0debf5
1a1209f60f0b05a40aa90d0cf5ee06021e1a13b02ad9fb07b2f5121a1a1fe9ef
430b22ef3421efda3bb92f0708d7ff2838ae0c0807e0fe28b8e1012300010f00
091a0fff1e1afb9f16d10612dfee170d01bd00e906f907dbf6e0f60a15f911f8
19150bfc0f22f8c21cfe0ff6ec052122ff4d012624e111eeb502fc0ee9f6f20a
13421204161cf0bb10d725040606fc11083d1d2b211b0cdbe9120b1af904ef01
f505fc1002ed079dfeabf51d04090504eb90033811fefef9061601fb170eeb0d
fd0115fd080103b105e122f6d1fb010a04e8ec33021f071cfbef17ff13ff1003
0b1e080c120511a01c1518ffe50f0b111c50f50f0e0afbf4f8e0150501fb15fc
1a231109110507ae234016e8fb070d1407abfd0c14dd06c61fe3070aece7f809
08351b0f0712ceba1ac51b0235fd0a0b26c91f2ffe0b04daea07f9f2f9fdc9fa
21000bfe0df1f1b0fef4fff30afd060605340200f8bfdd08c6f5f8f00305d6f3
142b29102c13e8bc1fc736d61f09fe0d40d5151a0cd6090c16001221f9f11bfb
23362611220efbb327dd1ae3170b041d2f061fadfae1f7040a0c060ff4da0a00
1f38230b200dfa9c35ee2cdf29f7122d182a290517e323cffadfe526ded6d8f5
1b0f190216300ef725f8310c0a2211170dd411cf262906d2c9d219170602f008
22293ce73d1c140624192efa31041c1929b0181315c706f2e7fa1a2e0be6ecff
252421f4081417012a192b032fd60b1333f72be613acedf383cafd1301e8e9ee
09e41efffe1b14e7200f04020ef209f507ae0ed92100f0e930f20714f7dfd6f4
1d1135ff3f4ee8f4330a2901332ecf29493540c2f6e1f2e2c8f23033fdf8bc02
121f0de01c1e0fe02108171313fff81f04b62af70f2c10d1cbd90c270b15dfe4
101810dd191e01002100ff0ffffc0a0b061616f006d10ae1eee9f522fffc00e7
091c06140f1d18121aa509ff0908f80e235c1839fbdefaff180803fdf4f5fde7
15112002092100f71e391dfc121408ff241803d205ef0609d8080307f2f3eafa
342d1dda2229e5e632c81715200ef21332ce1be7f505fc10e9ff082800fbf5f0
0f2e0fef21210dd5170605191cdbdb1f071e1f3c10e0f4fc8bd0da23121800fd
f402f9eefc19ff13fe90f306f9f5010712f02d1cfdfcf3f5dcd3e72aff09fcf2
10101e1c13211323154319062e1b08071e2d380afdbc20eccfff0b1315f90af7
15241d0e001ef7fb264020fc32d4f0031c152dc8e2e807eed3f401111bf9fef5
2f402ffd2e31fdd51706350c2ccd041c47e83eb9e9d2e60600e7ee311005f7e6
080e02d5142808e3f5861d1329c7e41b06c918d8fe94faf8c2dfda20f0060103
0c0c05fc040005f6f5e102040fdd0606efc61520de0aebecfbc8d716f02903ff
02f20508fd260b0c19ff0bf92cdb0a0d01c72efff3c9ffe5cc05f3efef180105
17001400110efdf1221422fa1ccdfb0c05fe2fbaf3cd0d0f1ff6e206f4fc180a
1d1f20052036f5ca22b80f0530d3f50a15012fe2f9d5cdfadcd5ed24fcfcecf7
151230e12a16e6f50a051a0a32dff53025a91df207ee0bced3f4ff30e7f7fb05
163327dd1711d00e16f12be83205eb141fff2ceae6b6e2c9e4fd0a1dc6150709
253329f61331040d22d31ad63124f0181def2fc5e9fceeee11fd2919d6110c02
35fa28ef2d341c00243124e92eeaf81d0530220cdefddbec0ced1616de03fc07
422e45f66057f3fa50c43ad35ad906545b245bf0f3b7c8ffcfd0f139d402eb09
352b30191e3beeff30b82a1332e100227039160d34d909f80804203b2617f9e9
42122509134411ed3baf3a152306f9253344131213f51b0715d40a220c0604fd
2f2e35eb5933fce525b746fe1d24fb2b2fef38a7f4f7e709ede82543effdf9df
282121f4482ef31c24d5280c0813de2956b426a3dfcafe05ec1a224012f7fdfa
2c2d1df3231ae8ed25262a141ef5e93117df2db7bbad1bf712100133130e0af2
27360e2c1616fde70eb535f20df509171492f812240401f5f8fe051f110408fc
1b380a133af820c123452c041aed181b233f1230051ee6fa02f2061400f60602
1a33260825ee1fd710e1011005ef0e0410cf0de80fbdd618f6ec0c23001209e7
21252bea220613f30ebd1918ffd6e51822fffb01cdadfb0be81f0d2c0cfe1103
223529021f0316f624eb330103c5d7163b1612fdebf4fee20cff1d0f160602fb
26fe3a1f28ee02f213ad2102ecfe022bea9ae92ef5f9e302ce05052902f513fe
13181d071affdeb10ffc250407f405170a3ee8f210efe102e4080c30f8fc0cf8
38301f043a0dc4b5393436dd0de206161444d2c1150fdf24f8b6f224d8e024ef
1607ffe41716c3ea2e0d16c9eee3f810fe9cc2caf2fbfff6e3d5ec11eece20f2
e61108fe14f403ef171717f8f7fdfd0ef6e2ecb116d302dbe9fa0b0d0504e905
1ce6f5001dd7f702f9b0fe0bdd34e704ffa1f6d8ea020e05f706f5fd07f22d13
03fff90918e0fdc1f624fc09eafeef0ce719e6cd01c0e2f9f2e9f1fe10f8160e
283130df3314dbcc2e1617ee1307fc13290cf7300fc8f00120a7171a26e9f6e7
0d0217e71722d7f3193b16e815f920040e18073a03d1f6d41fe2181629f104e6
f301f3f1fdf413ec0d4af706e0040409e8ffe5dd1128e8e3e20204f417fc030d
051a23ef1bfb0beb1a0c140628f1f024179302c2d4c1faf6140ad6eaf41f03fd
1203fef20aebf5e611d20ceefef30012ef30ee26eee8d505be13e8db18eceaf5
0df90de203d5dcca11ea28e32af500ecfd06f912ff2dedfff5eb03e326ecc9f8
0c0408eb14f1f2fa05c8050125fd07000a15202ff213c1e3870d09f111fee6fc
f32f06e90efb29c9090e161610fcff161a391e11db11c5e89706da12030d0604
1e612af8fb35240b0cee42b1dbeff22d2fc013d90eb41e66f206cf2cccf40701
f2541be90a3112ea0b142e09e8ee0315f1a4e538f0b23b0ffa10ea22f00b1cf6
f3eef1dc06f22805eeac0014e6dddde7e0c107b4f82701d3dfee00e60e0216f9
f8e0f3fdefd30dfbe9000722f9d6d9e9fdf5f5b63604e916be07d8d2f518f900
19f513e6ecf4f8f9f51c070201dddfee17a804d8203a0935cc121a26dc16ec05
06390ae7e024f60ff3b9299adff0da241cb8203202d0012cf2f9f11dc7ebebf8
094e0bf6ee2f24e6220a15ebfd03ff2c0ddcec23f9df2b141728f82606fb1614
24f40a09222e02d004170fffde1adc16f01b011ffab5e9dbe9ef2113f7ff1c02
26071f122b180adf150c3604ef1bbe18f7f6241e0a14d509a10513130106160a
390e30f41a22fff228b921000914dd1b27912226180dff0f10d62749e6061f10
df11e6fee4040227e12a01b8b8d3f1040ea502d71a282a28c90fe605d6e3fefa
173616011d35d4ed2abf21e6e6fee936078ffaf60a134427d535fb43d7e52221
ddd8de30dadc00bac6c3c405e2d0ebf0e4f2d9bbfc9baec6f1d8f0e3120fe4e3
fb00fc26f3d2ffe7e215d510e8fbf8f704200aa51c0eb1d6c2dbf3e31b10edcb
0ffdff1bf5ef0bf51bc3ff00e2270000064ae4d302dad60fc1f9fa130c0a01f0
ea31ec00e2fef315f014fcdedcafcbdf2ab2089e1ef72019060cd7ffe2eee509
1d4d3be7372de7ff4dd749ee0ed8db402a9d1ed719b6361a1737f533d4f22a27
e2cee629f3c720d3d919cd13eeebf2dadd25df21fd4fb6b990e0f7f81d12d7df
e8daf824e9e11700efdeeb16e313fff80e9bf6a4fdc9b4ca91f209011e0ff9d3
21e4092a1dfb1a0a05a50f0ae5000915172aebb031ded71cacdd08fd0810f9ec
fe240ef0ff00db1b05b21701f1edd3041b382034ed074e5ece18bc26dadcfa21
f9411ec90c21092822381e15ff0cde152fc80daf06f14223151e164bf6062f1f
fae5f6050ff00e10093611fff8f5e7fb0cdbfa3b29f114dd06ea081911020b01
f7d2e513f6de0efce9f2f707e00af4f4d292ded81cfbbfe234e1060f1d090606
05f00b190cecf6fc09cd04fbe903f2ffe0cfd3eefbf0e72028faf7f308faeeef
0f070713160d0d1f1522f3d643e1020808212ac91dc7ccb5c8080a14dac4e9ec
173408ea02f5fd08f22e08fd16191af9f8f01eb10fdae8f2b818f2e303dfef0c
081013cb082121e90fe0fd0df209fafb0914f8aedac2f24bdd0c28101b190709
fb13f1b80b0708f618c5322b1304af16103f260cddcc1d36e237f5131f092807
25492ec709140c02361c4514170881170dea122dff06490a1e380e1efdfa1c20
151318ff20120b1518a71aee38effe1527161b0a2020e4dee51cfb0aede300f2
0501fcfff4fb2120e31d01fdfc0511fb0990f82ef794d4ed92d4e9f116fafef7
f80700ed0121031406d5eb0501e0f8e902eefef3fcd5e2079eb2f9f2130aede2
0f1feeccfeecfb0b03fe1610ecfad510f11deec309fb1422df01d90a0d031d0a
f708f0d9e7f5e70ef3050cfb013ebf0bfbb51c2834cd35f7042902f3f302f91e
07f71b1712f31126ee3106080cbbf3e8eb11f80bfdbadab690fbf4120c08fde8
02ef0014edd81a2bf2e4e50100b501f409af07eceaf5bad6cac7e5f50f02dfd2
d4c9cf11bddf1b07e0cfb813f790fed4d957fab218e481a3d5a3e9d5141eb4b0
080cf4e109060400f2c8fb03c5e6fb0c30e9f4d0f7c93038ce1f12270f00121d
f809e0eff5e2eb29e9cdfce6c414ee06fe2b1fcb11e02ff52f2c1f1516f9c904
222601f203000d2c08c907121bc9eef40ed4f3efe6b2f3ebebf7f714dc0bfaff
07f7fb0604ef0c15011c03fefdd9fce708ee091fd8d6cadbdedceeffe9f0f3ec
dce0e612eafb0f0de52de60809e302d9d3d603f801b29ecc24be09fc060be9f2
ec01e2e1cde0cafadb14d2d4ed1c08faf21be4c1ddee2a101c1212092ec60907
ddfeddf500e2dc07ce3fedb8db0a0704f790ed04d1fd0619cc19f72127b7e9e4
394032bf1d2bfc1023b1380d2fdfe4152c0220d9e8cf25fde3f7e208eb26dc13
0d2116dc1417121e2832180b2ed7120601ab21e904cefbd315fafcf3070ff90d
fd1d03daf80ffa0903d8fafc2df8ecfc05e239f3e8fad2edf5c40cea1cfae802
e5f2f1daf21b150ddcb7e5d505e8fffdf19a03a7ca28c4d828ecf7fc23e0f3ee
eee8f9e810f3f509e0c1f69ee6e8d10eedb8f10ed9e1e3e1dde2de0b15c809e6
c5c1e811d3c3fbf3d9d0d606e7d506d9b7bac511cec7f5062a12dfb4fa01fb04
d7d9f413efd2f9f6ddc6e9faf4dad4e5e712e7b200f91323e11ceec40204fb0d
f2ec0914f4fbf7eceab6fd0607f2e4fbebf10db5e9c4151de71d05ee11120605
dffafc1ef9f0e8e5e60ee3fdfddaedf40797f4e5d6ccfd060f1e05da010bebfe
fc0dfb21fadcfd15fd07f70e18eed5021ee60cfc0007ebfef11601f90c06ff0d
cec4e01bdfd4f4fbe226d606ecf807d0d0b5dcc2ecf7eff2af01eeabf3fd0215
fe12001ff809f4dd03dd05ff11f0000113c909b109c9fa02fffa0bdff401f7ff
29241e04ff17ebea20413ede091cfc34082e0adaf70e301513f8fe24f4ff110a
0c150c230805f10519eaecf6fb12fc11199c1029d723171cff05ff25f404f30a
1721fb20f60beafa11c8fc0806fbcf1e1fcd1fc2fc2402f820120813fb07f906
e9deea12e7f4fef4f7b2e4fccc0306e4f5a0e919f9a2fee7320f07cc0c07fe0c
060c06012b1ddbcc05f60be7f2fe050917cc0515f206d801ede30503fcebfa01
4b40630c7f74a3aa4f256cc62c0f025941074c1beef3070be0fef059dbb53102
0511161f190df7c02cf800fc0b19f80e15980433f1aafd19d4ff0025fceb06ff
152607120722f1e41d2c05031516b9112f950a2ee6d0080a2cfc18180106f501
ef23f515fd07f80201b0eaf007f5fbec08c409b001caecf4f61e14eff5f7fdfd
0f160a232617fedbd73106010f06f5fa19c11d1ce113ddfb28060b03effe0109
2c282b1c381fe7c80fd826fa2b02fe1e384f29a4e8f12400ec010b2ad9e23303
0b2d10381506efd40b362a0b24fbf4071ad12ebbe90517efe403081ad6f2f2f7
11121b2a0e17e6e614fd16f8090cddf9072007b7e70401f7cf06211be7f9f3fe
ea0af925fafffcf8ebc1f60cfb03fbf705e4fada03c5e907d60e1ffc050ffb06
17faff1604f404fcf235070f0e09f4f70b3207e6ebcfee04c80bfc06f6151a04
0ad9f61dfdf6d4d2fe12f8050ef3fcfdf63615e3f5f613ff131c09fdf205fffd
100423371a0cc8ec103614ff12f7ea0cfcc815ece5f821f9bb040033f9f9f90e
1b0d272b270be0d80dcb04fef408fb14f1cdf630eefe23ea98121b22f8faf403
cca5d1dabaaffbfbd42cc413df110fbdac20a7dd3938d8e8e4ede6d01d0e02fa
fbe5fae1f9fe14f11636f915041c1be5048cf7ae36bdee2b1afcdf051711ee00
1530131d130a11fa2ddd0d181a13fc0c2ef51701041a0a221cfae226101902fe
ed1bf704ea121401fa92ee20f525e9fef6a5f914f0d63201140ec2f009220d04
0d1efbc6061e0fe824231419e121ccf606fe16111bca2b03fa1ff1250427f516
e1deeacbdeda1ce5dbddeb20f8fefedbd0c6cfdf37d5d40507fe0ae02d210501
ffe7f2e0f808101900990807fe0b07f7fda0edfa25cdf30deaf903fa1b06efe8
f202f108fbfa242efa81fb1afcedef0afa581303fe191224c9e1d50e26fee7e7
fe1f0001032416f018130e1b0bf0e10ffc1725f6df220cf5c7f5e900240ff9f6
0905f9b8f63614ef08a70c11fd08d4090a9028a8f80524ef2b0c1d171d14f112
0ef8fde9180517fe00d1102221e9f9f5f0fef22926caeeebd7e8edee080b2b11
1e07f7e80c100d2e0cc20f0b17f3020505e70d2629fe0603ccf80116020207fb
0415ffe5011b1c3bfafb07190effe41ef8a622b4c10f1e100802011e0ff9f201
f817eb0efc241ce10d030f1b1313dd0614d60dfab3e107ff05070909180bfd00
13331bcf04280ae117462c1bfe02f5211f3835f3e50c18170e15ff3f11f91008
e5f9fccef10a1316fecf0a2f1ee605e3dfceedf80996c4d6e0f4d7befd211a1e
161d1aef1a2f02090f03271030ec081df6dc18261dfde3d1ca02d7e8fc131718
0b1b1c05fd2cfa26172fe305271beefef9362203f4b40bdde7240aea0e0d0111
f61c0d09e7171401fb04ef03382fe6ed1e093033e6c9f4f611071c1c47db010d
020e1bf80629182106e4131f300aec10254e23d0dee3e01223f803442fe8fa01
f52c169b042105cbf2ae182c1afff00308d9052b17090e15d928ce040228f127
fe3033c10c0df0f412bb28273805f206e10c201929ef12dcd312d0fce81cfe0e
030628f4080ed41400b2050f3d09f6e506b32ca32ddae2b01c07eaecf3f3ea04
e70cedffe3f9faeced2de0c627f2ddea0744113507ffc1acd6f001e62ec4d7e8
f6dafceae6fa09f4fc27f0ea11dadc02fb150e09f312b8d707dcd5ffdfc7e8f1
13370ee70d28f11726d43100110118132d021333841a49f3e501221d0803e601
073616eb002406fc1ba8180e00d01704163a28b6c14535f7e81cd30af5fef50b
10330cf902fd0a1e199f06ff19d2ff080ba2071acff42fd4fd08d621f2051607
0d2e08ecf9ea1f1c0f9df80b05fa03fef591f60120d513e9d2e3e10a28fa0401
032431fb1819230620fcfd0d3503340728aa11df1f16e308f6dcf50f19fcfdf4
25200ee51132f60a1808140619ef101a4dc437cfc733240fc2ea192b0f19d9ee
1c3b15ef0924fa03202d2015fcf6fd15330c52f4cd121b0cef110b150a01f101
fe1407ef190aff200832010829dde20223240fffd4defada9ed802160807f9fa
fb240e000d00021bfec801f027caec0235bb1b310ce901d5a3f7f20d1af1f5f6
f61b1aee1206281c04d81b122bd806f3012f09eafacbf9e4a3d4f017210afff8
50471d12342feb102f2a25f52507fc3666f951c4f8fc280ae3d0eb3cf4fef4de
041611051c1a11ed0db73b1a0bfcfc1c35f830c1f6321309b7fdd821101beffc
14331e101a12080224bf0d212498f8022c3b1850fcf4e9f723ecf50d0512e3fc
fffb18ecf504fa1df8abfcf802adfc10f4fdfd3cfec909e1c9b7feecf60afaeb
0f0d18d9100e141c14e12c012ed20608eb481d0ada9d0bb5d9c3f10f090af5fa
2c3f350529280410290a46d925daf32c28ee29e9f9c418b5fce8cb20f2eaf4f3
10fd1b150de7f6f213ea15f32109002112eb16e1e5e4f3e9d7e4d11f1509fa05
fbf90d0b00f0f3ef0617f6002f12fff31b382a1a09a6d61ab41ae2f4280aef0e
1a161ff5f91a11041c2009fd18f0091221d4160befecf903e1cae0e9130ef216
182f13dc16101a1d19cf161739eb110400912f32dabb0799edebd606eb12e915
3f3549e34c3bc92c3bb4338139d90a29503b332ddeeb02b9ebf6e42e88a0c9cc
0f0023071f1608290c251bc214d00a180c0b0032c7f9eade06fae012e3d8dfea
040f1b1628e9ee30fc2900c034efe9f4f83d2014def0d0e40017f9faecf4d2f8
1b0317fd0503f8380c3205e33ffaf9ef313c55bdedc5d1f42a090702eee1c80b
260e13d801190f261ba62ffa3b09fc07092949b8e6090bd12f14d1f9d60ae207
fc1516fffbefe0eafe0708e90c0d0afc05cee8d3f5031303e103fee8f8f80700
143234fa230502e60723290a0ff2eb0b01e718e007f214e006f20e280afafaf8
0b1320020c1cfac716d81705150b0e000d9622b12c060812f902fa1302f5fcfc
1a2f13fb1229f10a01e8040c1feef4090c3515e9dddbf80403140126f7fb03f9
0d310e14fb19fdf40b020dfb0d00d7110a3ce5fcede20715ca271115fffc1a07
03e9030305df0edfe5e0effcf0fd14f3fe34f4baf8c7dae7dde1e2f9fd0eea01
181f0eff280806f810d128ed07f6040a12a4122218fb00f7e9fb0013f5fafc06
1e010fe70a0bd9fb22132ce51119111cf74fecd326d615f012e3f607e7e71805
0c2232021d09ece8140f13f11afbed240edcf321ebc6e2e906d9f90ce9fa13f9
fc0ff903e3010c0105f4eb16e9f8edebe010e7c61921d3ffe3f3fdea0e04f81f
ffc6fd0feeecdf0704a9fcf5f21f1900ee45e005e9bbcced27080506ffff0a04
31042cfa3b1aeef421f12de2130df41c285515caedb9dcf4ede51431e0e30303
514949ca4b5ac10c5c255fb73904085051b640ca0bfa10e50cd6121fcea72ffc
270516f21416fcea28e41bec1f17fc2b0feafc0403b5d9fbf7e4f41af3ea0cfe
00fbee01cdf8f31cfcd7d1fbfc3af2f8ebb2c70920c1e0f8f80efadceafdfd18
e9ffff0feafbfd00facbfc04080b18f9ed02e6c1f926ece7f909f91b1616fc07
281d2a013afa06eb0eb41ef51721f7fd48eb0ca808f9ef0312dc0d2405fbe9ff
2f163edb2b28fef92a0a43e71116fe313fc013001bc61ce8d4e3204406d412f2
160a28fe18fb08ed10450a00fcfe171cfc4df623021cfaf013eff7000deffaf9
ea080a0800ea1a04fb31cd11f43a0ce8f34fe2d2172be106dd06fed60903ea14
fdeef7ff03f9fdeff909f1020a021a11fe25e6c7fcbafc1ddffff7eb00250114
12ee07fd0cf600e9f7e503fb03fd0fea09c2edeb23d1ed24b4fadfe40b1bf2f3
14da12e4f4e6fdecff2204fd17fc160afe9b143117e10005f10bf10306faefed
fff519fc0de7f9e3e1c8f3070eec1809f5dcfe211bf914f11c02f6db1df4f2f3
dbe5fd02fdda03e6e0a9d4fed11e21ecdce7cfb72402f5f80820f6e1fff4051a
cfb7d201deb4061cc91fcf06ee12f4cfa426d5e7b40ae216d42ac9b60b021918
f1ddf60df8cf0510f6a6f1130d0dd5fdebcdfaa8d9180311322ffff617fc0f12
efd6fd06d4ea0202e4c1ed02f2209ef3d9bee7abd8bf0d23f144e8e1020a251d
f0e7f80eeafdfe02f13aee0ffb02cee3e918f0a2811cfb060f2a00dd07100e11
f2d7e80cd2eb101fe1b9d519e2fff7d5c80dd9f7e2ffd60ec41de1d207120e17
19221efd1408f61718d125fc1ffc00071f1c1e15c0fc1df4b6f6ee21f9e8110f
f9fafd0507fafa11fafef8fa0df60df002291516c6b7f8fcf3040af904fa050d
1501fff80701f01902ed1df5091ed70b2a30f3edd81419221c1005f70a041f16
120902f91803fd0601fdfd03110dde07110113faaa150f1e21ef1af9040d0507
163222052226000830e00e0d0f0ede1339cf20ece5b2f7220bfdf51a0707110d
fcfcfd05e40aff1709ccfdfcf8100f0efd110322e6a9f80cb210fff308000e00
e704f5ecebe4ef1fe6cbe8dbf71109e9e2dfe6bdfb0be601d0f616f8fcf8fd01
7f7f73d06f70b5f166035ea26551fd6e6e3a6fb805bb2232f81c1f4cd29a3e23
2a2a1edf1245f1eb14f82ad11534fa1809b2452afbbdf921160c311ff6ce0e0a
0528010ae82012f6fda9110e06f9b911021625e0ecc00120d3101a060905fc0b
07300c14102e00e915f50ae71a1d09242185100295e6ee01ee200f24f8f50ffd
f50ce80f01f007f5e6ebf0ee1015fdfe10c9fc26ce09e3fa11ff1d04e00cf9ff
35263a055137e1f015ee46e30430f33035001face5e81827d0181a37d6dd2516
061207f5011e0c1cf2201505ed1de6f2028d112cf7fb0326c8082018feeafc01
04280e0efd141101f92d0b16feffbb0810b41317d9ea0a0fd50033230d02f9ff
effaff23f703fc1c00ef07f9101912fcf3d60d25c5d2e91df70d0f01ec021603
fe1110140f0c080905b90e000efffd04174500bfe7baf525de1dedf5ed131d13
04ed01101601f8e511a60417ed08040715c9faa6f4e60324ed3ed0fff4272b20
fd1d060d1516faf1001aff0ffeeaf5020ae60926e9f1251eee1de217060a1a18
defdff0fddf3050de405f212d0ffdedeec37e20ef5d30618ad160d1c05fa2413
2c2307fd1d16d8e31f3b09f21d19e80c2a480ed2003239d523fb1424f3f7e804
48032f093222fbf038d32c0e351df92650313ad10a2d32f6d0081a4b1116fbfa
3f2441f93b3608d13e0f4a1f3a04012d5bb628c2dd121a10ce11423108330711
1b1041f7363d00d02fe01d181b1bec2f34462d31cc09e9e2cb0f1d320f220b10
ff1e23db0c04f8d6253c03052f0909fe13de0ee6fb2afc01e2f9101116eb0206
0e1d1af0122c14f023a6160e2bf0ff2115f8130cf6ec20e2e1e90031edfa050a
25181201292100001e28311f43d3fc0b2d0543160c240df1abdf10201202f2ff
504238f74c2ffa0c40a445196cdbff2f60bd3a230b0b1906decc2c5df9fe06fc
292317052a390ff32840110d42ccf92439502e30ff0d00c5ddcd211b1e19e0f5
0a0c18e6071021c9110d222023e0071f191a11170bfef9f3e00620151b21e3f3
37281bc31a3e0cef334145180e13fb2722db24cdff232207ddeb1630fe0af80d
413f19e32f5309ef2beb3a1b27f7fa352a030fae1b092706e2e1124817f9f5e5
411c28ff382ad60742db59f40edcf7203f4003eb1fda042995e8024cecdf24e7
464b5ae2536602f1760c6f045309fa50633a5002031312f605e5355011eb0bfa
f4ef09beea2b23df0edf1c25131f0c07075900db030a1209fa081a152323fe0a
21380dec192704cf31ba3513153ced131fc618f7fcf9430ad1f5fb24f7000504
213e08040e20fce627bd19141e1cf82423f90c2a1cda24f60bfc1d2e0afafcf8
1f412814292f09f9352e29160408ec2933261fd913090a0634f8171bfcf8fef9
1e1f1ff2141dfb0e1aa92910230c001a32560a2adddb0bf9fee90f170c050006
f01efbf7f51e14e904f91b2918040af328a306b1ed0c05fc2ff10dfd2e0cf516
fa24f8ec0315e2c221c9240438f0010c24b716f42acc16ec1f0804f20823e803
1e1810021901d4dc1e1222f422f20407343616b011beedf20d2af60812e40efd
1f13fb0914f8fdf121c709f919fffbfd2d040e1214ca0126d64b12e704eefaff
131a151825faf2d809c415f71201031846913607ebf7f500cb3503f50bedeef7
f5250704040c02ed2346f403fb06060e27c512bafbeae3fc12150c010d03fd14
f0dde0fde5de18afd5d8cd0ffbda06e6dcf6cfdff11a1cfcfd18edc2f704f008
d3d1e213f6c5f4e3d4ded514ecd705fbce44cb2a2c1dfc06c209f7b6e901f1f4
03f302040cecf8ce0425f4fd04ec29e9e2f5e8faf8e8e6fca3f3f5ddf3fef8ec
120307fefce305c201c0f41dfaeb0e0c110cdd3a0ae7defa2e01fe06010209fc
3028261126080ad429423c0c21feeb2a4ab329e61a1c1620ef06133bf6f2faff
e909effceafd09d4fbcfeef9eb0cf5f3fafcf8e420391d07adecf9f7e7f6fafe
fa0d0309fcfbeb001106170003ebfa0519b7fddc12e0fd0acaf415f5f1e90af5
0bf5f70ffd06d9d80bcef1f300f609ffcffcd3afedc7f0ddabd2eff5edf108f7
e7d8e51be6c519d5e3a6e6f7dd0f28dce14cdccaee17e80029f6fee012f6ff0b
0c06150314fcfb200c420604fcfd12211c1901f30023f5100cf50227fff80df7
021bfdeeeb2fe8f1071919f7f4e4082c1bf80ccc1d163cddebd80621eaebf2f6
293825ec1f2dbc06222d330314ba0a1936fe1fdc18b2f7f729d60f2d06c5fae4
3a1e2edc40498efc4bdb5bab1ece1d36e0d9040a06d1fee7f3d4f542d2902ded
e7f5e2efe2e30bf5f632eae7efef1fe6c7abd83c0efa0923c8ec0ae411d80df8
1e291df4f12efaf414421ee91ad628132938febcefce361d27d61421fef009ef
fd2ef9f6f413f1d5faf90af70702270310f5fcff01c72ee8e80200fcebf3e809
0b252c091d1cdae90bcb31f60c0b05123c3c32dd13e4030be0ed121af1e10801
eefd09f40a0cf908f1172cdde5060908f5aedb25fe020e102d05080ededf27f9
ee02e301e9ca160ad21bd9f6f5e907d8edfcd1f308c0f1fd11ee08cbffea0c01
1e2e290112050edb224127fc18fb070515a5fde7effc140af7dc0901ecfc1503
0d3513201e08f1d200d40cf420f10b022fe60432efc818011d2515fdf302e70b
2109f10d1bf7fbdf0af80c1019f5150d27b919e000be21151422081ce5f61201
0a1900081ae7fbe611f5060410f6f91127930ffd0a061a05d81b0d00e0e409f5
f2ffe018e9d805f6e6a8f0e9edf1f1f3ddfee3270805f1de2b02feeaf1f3fdfb
1611160526f70bb110bd06f60dff1f00f123e20c09ccfde1d131160a0303fd0e
112f12ee0c1d3a171ec61bf60d21fd160dd603b395acf220c22a1426f1080118
28131cf6041405190ac90df8fd120512d1050c15a1e5effbbf0f2b24edde2111
190217f50df3fc24111a13f00223f415f10418c4feb4f30291001ef6fbc50f11
07ed10fc070202110afa0bf406f6de051b13142301a8020abb181405edd51f14
0e2215eb0f140d0a1ddd11121117ad0219d10de4f21d09da1748310cfbed1018
0d0f01e70723110913b50804eb24ef0eeb2be9d4abfe061ed82e020ef6e40611
0de102f600f61b1611eb05fcdf01fd04e704f226f7a2faff86dbf80afffe0908
efecee01f6e506080234f1f2f5f901f7fef4f59a14c4cab5d5b800d411feeadd
f9ecfafcf2e80817fdc40200f213f5fcef92d2f102f3ff16d7e2f6fbf6fa1e06
0d1e07e81916070e0eab1ffb0436c51812b5fd3ef5ab1521e8ff1a19fae6150b
0a0300f71b04f911f70802e4e811010de9c8eb86edfc1127e52df71de1db1712
f4f4e801f5df1a10e438e901eaae03fae188f0a5eb81fb0da6ccddf80807eede
a4a9b613a3a72b1ba7aa8128d28102b6d81eec9a0bc9bf81c981dd85422a8181
e7e4e705dee80714e612e404cbb800ece8c3e3900a85ffe6bac9eff5fa0cf3d8
082116f82003020b05ab18eef60500fc0e81f5e500c70012d1f40222fdef0d0b
1d150aea0f0d001716d708ed0703f9131517eef011c7000b0b2fd907c3f4181c
06e1f8fefef8111012a30efff40408f604d0f1e5ee0e0909d0fef2e3e6eefff5
f6d0f606f9fa110105b4f405ff0617f40f17fd050b1ee4b502ac19f4fcfce8e8
0befffeef60c0715f4250706e90b0dfed81ef7cf0785fcf9c7f1f902f1fa0e02
1f271cee21120112262b18f80215101f06ef05ebe90ef502dc1f0715e1e21303
06070bd10efffc21160d2df9072def1709aef10600ca3330db39e410c9ee2216
03fb10fa220cf61c0ab525df1122fc1c08f4ee2bf9eb081c2920fcf8cedd2015
fc07fa070004f41b12f503e0060807fb0bedf4ec07f2f90cd10f11e9f2c8321d
fe19fff30d04fd140fa9fff0f111eceff6aafde8f80f0037d420ee0cfbe9190b
0a1919e70700281c0de40efc0a0ae7f40aa81226ede1df110d4af910dbfa0c0a
0d341c0217f33e011d1800314d010b1148c91bd606f8091496291c0244301611
02250102fac3130300bfe507f9f8f814014bf218041024168148f4f40a000715
f7270d0301e7fde1efddf9001eeff10cf9c81e221ae920e59b010af8f4e0eef7
eefff505f7f700fedcb3d91b13d1dc011bc01204c0c8fbf9df1b07091d0ae107
052305f9fbf316faf112ee3d0f05bd0c181405c5f0c90420c024f01a31141c0d
fd0afc11f7e312f81123fc031912fa032b3e14b804d3fe05c4fdf4f0fdfcfeff
eef2dc00e7daf8eff7cfe1dbe2ec09f116a6f8ff0dcc09facf12e9e3faccf9f7
111d05fcf300c5f40bcc08d30ad8040b09a707d52ab50ff0ced1f8e4e0c802f7
d804dd0ee9eed613eaf9efebf4dde302face04dce7d903ecbbe9e7c7ece7edfd
0d1b000ff2fe0deefc47f01d0f0adb092eb70b22f00d0328fc0ce7191314f807
faf8f1f700def02003dbf8e4f4ecf21913f40dee01c609facccefe04e207eaee
f0f8ec0508f6e40ae6d6f6c8e6e0070809b8febb101418f5b7cdfceee8d7f7f6
dae4ecfcdaeee71df926e9daecd31de1e71bff0609d2ead5ff9aead604d4f4de
e70eddffef00da19fcb5f0ccfdd4000501e4210efa02fe1214b8fce3e4b900f2
022cee06ed1ce80a0a4105f81ff1de042d0613def3b2170e10de0a1fe4dbf7f5
0c160cf912edfe05fd371dfd1afff70f25e813c3f5010eee1de7f415d102f4e7
efe8ed03f8dbe80ad3faf9e5e80701e3fdfcf605fdf50af222dd07e9d4f3ecf5
eef5edeffc0bd409fdc917c4f7010ff7020305e8fd1ff9d30dc90aebd1c0f5f0
ddfde601fce9ee29f407e0e70ded03e80dde191302fe1ee8c8e806ded4d30dee
f708fafa07000c08fcf4de0307f3eff209b3030a0ece16f3eef61710ebf008ff
1a2821f21d11200d23db221a2906f9183c3e1eb2f8a5092af509201e1832f405
0e1b05fef8f10102fcdbfffdef15f5ec0557fcbc02f6ff1ef20916030e1dfc05
161ffa0b020ae8fa1d2d1bea080afd060c990ebfeecef8f9edfb180ff2e2f2f1
0e1c121414f10aeb01d0f60520f7f10c04dd04dedda60709e5201efd12e1ecfe
151a24121c0b2901220fec120d19fd1ff8c0f0090fcf0e180a3a1c3e1af22106
1d160db7f716f7f3122a181a4bfde80d2d9e2be9a01545d4d80a280e11200123
181211d3fe2807fa15c122143ee8021c3da326bdb2cc16b620042420091cf016
01001dfd041e080e10d4190d30ee200115241ef4ca37ccc5ccd7261c0719e3f3
032719080805f0f812ea06e632f81bef0b3328dcd2f2cdd406d9eaf9eafcd6f2
232124f2280dbdd92ae51ca50ef612100be3140bc15af3ed2cddddf781a9f7ef
fbe4f8c9f4e90bf6ea0602123315f3e8232604cb89ba13081c2426ea0c14061b
f80605e300f90cf401cc060d350800fa2a2212f6eaee07ceff372dfd0e15de02
f402fff5f6ee2309ebdbf5112704fff60a121ab3e3fd0cd5d40d29ea0f1bf002
df18fc02fff0d0f3f706e2d928f007f01c1e202cfc24faed32fa01def9f2dd00
eb03e902ede5f201f91201ea09c521f803d80aedd6f8e6c7eaf6decdc1dad0f2
02ea06ee06ed11ef09ab122136280bfa109604c7c2e3fee9ea0a10ec16190907
ff01fade0eff0f0f08bbf60d19ff0cfd154e13dbe4b121d809ee09f20705ebe9
ec03e6e6f5ed2239dfcde00d0ee605e6f4ec29e2d9e812fefaf305f412fbe011
030eddf6dde32819e1fdd31307c303e2efe0043af10d15202a1ad5e70318f613
fa0cf8fb0a0a0e0803c117fa02b311263a08290ae2f213e3ad20d71efe26e7ed
ebe7e4d902f00d00eed8f10b183608f3f2d216eb2b3dfa23041420e429160002
0626faca16200a1b0dca04fa0c1e11050db61ffb19332812cde610100800f8f3
0429e6ca0df41b2ff7f2f709fadf0f04f9a709fb1ff1250e07d6f6190d0cf3fa
fe24edf3f3071102ee2f0a091191fff604d207b911c81f12ea08ed03fe10f608
01f6fbe2de1e0ff301b017f4eea5f70bf00312c4fde817f2b1f8e806001ef610
c3b6b8cab3bd1bf2cd09b809e22af4c199edcecf403fc4e1daef24d1590f0bf3
dcfcddc8d7f523f1eae4ec01f321f9eaf927fde32e3017220ffa1e023b14f805
e900dadeebfc0ff9ecf8fb12dc2d0dfc03f9d50e16ca3e44fbe7ef17012115fb
db13cee2d2ef0fefea2ae727eefc01f4da00fb23eba93a22e80aed06041d1302
0501e8ccee0417d7110e0b0e09dbe801f9ae1700d3d22f05150af2fe101cf121
164131f0243d07e73fe72f110e18f03031fb4df6dcdce4e1a0fa2a22f422f106
120823ff292ddcf720fb1ed40c1afd0d11d02520e4edfabde51d3515e0fafbf4
05fefd1b1012eede0e0c10da07191417091526a81d0dfe9ed60afafecdded9f2
fee7fb2c0004e9d3f916e7db0d0617f9f65310f80facecc8cddf0211c9cfcefa
26111c1a3e36d8d907f51bef1829e420418d1feedaffe0ec83f22934f9ddddfd
050c0d05030ee4fffca3f3fcfc0bea130a9128ac0329ede381e5161e080addfb
10fd0a0e071cebf307db0be2f3ec02040ea70c2ce3c5ffcda7060508dff30ef6
f9e4f01df2edf1e0ece8eee8fdf300ed02d912c4f0fc1ac80c09e0ead9f302f5
09d9fa21ece9eceaf5fbeede02051edd03ae0525e2fb0e2591eeeae9d6d4e4f5
01f9fa160cfbe8f6e7a3faf7f1070afa2df601cadeeaed19a1fcf9f903ede9fa
eff8040f02fcee0affa9e1f504dffafe24f12ec71bdeede5a0d2f7111df8d4e0
f90604180bfbf3f1f7cdf5e9f4e80b0af1e21cf4f8fd07f3d223fc12f3f6f308
d8c8db26ede710bbcde9e30ad3dc17e8d6c5e006e18a16b20cf2f0da110dedec
0001ff1a08fffac3fd18f4f8f5c90cf90850fe37d1ff1200f611f6f5f5fefcdb
081711fb14fce4daf31c01ebfed708061d09f5becfbce116d5e4e706f2f505f6
09f3fd230bebeced061402db20d3f01734f82f490a8acee0b9bdf01312f9f4eb
1a15162d0df6dc0c04aa04c920f6051917172ab3fad3eaf8c5f8f819dbdffbf5
f8f8f624edf0f6ececf0fde3ea9c1105ff50f801e2a4e7d9eff6e7ed05edecf5
0506f81f1901ebe30eb018e50494fe0614cb052ecec7f50fdd0fe1faf3f6f801
151b141a0f11e9000617f7f00ae0ebf613460df8b3b9db1106f7c913e0f9070c
0102080314fed8bb152711e0ffd8e0211b292d23cfd2ed12cebee71cca124003
ff14201604fad8e507aa0fe52ae8f41923c737c7d2dad7c22fdef80eed0bfbf8
021f1a12edfbf9e4f8d80aec16c9ee0626e82fedd1e6c6d5fadfd9f420f4c4e9
0a10081703fef0e415380feb1fcfebf91ba3221bd1e3d40506e7eaf11300d007
3f4b1f002432efe12b2123082b12e820462053fabbfbdc21ed05d727edfe0126
c5e3d404e5bd0116cd03d1040319e9e4cc44fd01d211f9d7eb1010e0e7fbf7fe
fff0e0e1dbcf0ff1cec8d90c0629ec0de70b15bdd608e806a10cfb04fd040401
fae8f9f8e4fc24dde901f3fffc1bf601f7930eeedbf4d80892282cf40d04f210
0d02e1fde0e933dbffe5f30e0506dcf101bc14dcccdefc018b1924050722fc02
ceefd1f3d0b71103e2d4b2e7eafdc6cfdb3800d1f0bfe3e3fc0ffabbfd02e9ef
e909eeeff9011c1a09fcea0ff224f4fd08bc00e9d5fa1bf2a5fffb061117fd0c
2406110f28f5f4c1022c0af2011af3070be20adbcdc6ede3a404f528f0f5f807
343513223adbffd9ed1e1edc1756072260fa0309f72af70ccc163005d4d30208
383d15262d2cfcf0193812d0fc0e0e234055fbf4fb2bed09f70f1b09caf3f6fa
f50302efe9e229eb07bde8fff9f4e2f0f39812d703fc0a10fe19f1f6fd13f7f3
f214f8dbd50a3ac813cd0616d306f101f4b5f0efcb1f12dbe90df2ef163aea02
15fbf31022cd15b519a3e9f3fe07100000a2c41ea3f3ebe1e80df118e11ced05
00ef1a312dd9d6900d4209f3f553061a24c10eb7e298fd1bdd04332ee4f4130e
ffde11421614ebbcf2bffaf0dc200f10e4c7f8e10d0cfa091efc0820c6da1113
fa00d6f3effe34d304eff21fd7f4f3f8f3e5e90afaf6fb402508f10e1720000c
ddfae7f7e1e428ffe6cfe704f9f7e4e1f8bae2a3d0e4edd7230afdedf317eef0
eb06e10ff6d91cedd916de03040605dbe4b9e8a0bb24f3e9daffecccdd1e0afa
feed28115017d7e6308f28f21afd0c11211c021adbfaf41b1615eef1b9033415
f21100fc111eece4edd31413ebf2fbf7fe19dfa7eae20821db17d60ebbfb191d
f40feffb03021bd9edc81026f2eddc040a44fdf6f2ec12202b01fa15fa0c020a
acf5c500d1d11cfad616d507f8070fe6c028e6e5eae9dfd8bbf7febff4030ffa
c71ff5f8efd61cf7d734f6fc1e06ef07d6dc062fdc1ce2ea9d0fedcfed121c12
d3f3f2f1f3e42cfef7c503100f07e7eef805f8cfe2eeed00150bfde2f020061f
e61ee1e7e3de220bda02071ef5f2f0ecf6b3d0bcffe5000ef2f2e3dfec110318
dc2dd10af3f910faebf4070e10ebd9d90d98f0172202def8c9f4e3eacb04fcf9
0031f3fce9280df007e00dfddbe021ee0ddde8fee9d22514da27d2dd030fea0f
014df113f71200def2ebfb16e913e7f50502f62ec81d0b09f52603fd23ffef04
e610db15f50f0edfe9f9ed1de712f4e9be2cd7e0dced1ce8e017e61922130f03
e0cbd9fdd3f829f8dae1c422e80215e2c53bc6181be5f3f2c8f9e6ec0b182104
d5c4dcfaddc31de3d7e6c71acef12bddc7d29b2a2d28df190510b8e7fd1c22f6
120df004f4210ae9feac06fec00e2ee2e085f029fcfa2dee110dfff1fc0a0008
e216e116c8e40df6e3adec10bb29fbc6fdf3e2c1e9f00dfcd72c27e30decfe03
df00da28d2f50de2dd3cf320d03017dae88dc142f1e31604e424f1041010240f
d4d6d914cce11af8ed23c80ff0fb08cfe0b0aeb52006efdbceef01e70a030006
c8b3d3fcc0de04e1d2d3d410e6ef0adacd2b81d52cd6e106c010e1b104131107
ff1103180c3effc61a3b0f06b93b030b219415f10fbc23c62fe82a1d1924e606
f227f910ff1afb9c08bcf10be364f307253fda0c05e71706e01524f618fbf609
fa00302c173ee49a16442ada105af812ed11d7270df1261d25372bfceccd2022
fed3fb1ad6e032e1f4d5d1050f14f1d50015e7c2270cd9ecf0fc1fe011f8f808
dbdcce02d2e505e3e3cace19edecf4e7d830c02c2920f10df8f7fec7091f1911
d397d52bdef9ec1ae62ec8e5b01bdfe9dcf9d6ead2c40e022efc21d00210efe0
eef704101628f00d093007fee421e41b211b082021f827481efa0cfa1507f601
e1e7f81df20b1abcdac0fc16f8120e0111d0d4f61f073f280c230bf52a1be711
f9d6ee16e1e419f3f5d9ee020ce927e4fe3dfc4509eb03f407e909ebf5f1eff6
f1f9f406e3e5f4bdfb14ea111fe9d6e8f04fffb019440a11d5fbe8e3f00e0d1b
f5b1fd21e10ae8fced00d7fab405eaf4ea9fe522d2c00c10e7074ae2e513f8f0
e0b4d612e3ddf5e4db05e412b4deefdad730d5e902bdef1ec1fcedf50b1c02ed
f6b6e60be1e20ad8ec3b0a1607030dfad98fe4b013d80b23ca01e506022a1a0f
e3d7d7f0e3f812f1ef48f30d040229f6ccbcee2101c51905e6f4f6e708171209
cec9dbf5c6e100bae139e717edfc1bdfbec1cd0cfeed0cd2e7ecd6cb0f230318
d7d5ea12dae8d301ced2d087d0e5caf6c4a4d9f52fbebcf6d4b6c8ca9cd1c2d5
f4e20025f003e203f200e99be7f3e4fecf16dcc41906e2d5fbc8ebefdfd9b1ec
e3f6081bf9ffe415e222e7b2f6f5fbe1f5c9d81cffebcdd2cbda06e3d1d4b1fe
f3eb0621fd15f33d0310f4ee0ae9ede10c9a272801e4ec1ed50204dacc04d61a
eddce307ee001225dfc9ee10f9f7b5e3cb0f02a2c22504fbf93022e2e823f60f
13effcf606ebfb09d70decc0f9e1defbf157fbfb12dddeeadee705f9f2d3e4f9
fb09f302f4dffe0edf2ad0beeef8e7e7fc54d94005ecc5d8c9f10af8f5f1c6f7
ffed040603efdd2ae5e1d7d81c18e0ea01130a26012fc1f1e0052ffb03e8f1f6
e5d8eedd120af734f1dee405f710eaece02b110c0c15d708d7e213f4fd00f910
ddd8e3eef4f6f420e309e10c18ffcedfd71efe2fe5fdeae802022ffaeb07fb16
e618f2f3fe00f223e110d9bb01c5f2f0f11c01e80a01eff41f19dfeddcedf2f8
db0cd7dcf7ea021defbfe1f3f6fde8f1eceee1d9ff19fd0ced2005edd102f80e
f2e0cbe2f8d1150ae8e2d70806f4d7ddcdc0da1601d9d6fcbce1f5de0621eaf8
eaeae2dd04e6f324e5c5df00fd0ddbede4ecf5b7f7bfe0a9a701fdd3fc00e6f2
f4e0f2e9fcf3fb33f6d0e5fc003ac9efdacdfb19f908d0dda3e126ece8ffffff
d923e8dbe41df523f3f6f1fccfd3e2eef43317fb09f22f0de6fad6eee1eeef1b
e0f4e4dcf0070c2bee04fd0ed8dbdef6bdd8f3bf04b90df8ebffe8dcfaf70020
f0f6d6f4e8ef0e25e208ef0dfaaee0f8fc3501331cecf4bdead3e3edf3fdf6f1
ebf3e7f0e7f1192df10bf00bf515e7eef44a212812feeec3aff108fe0afbf6d3
e7d9eff1f8da1625e743ddfce428e8e2f3d1edac12d1ca0292d60dee16fcf4f5
e321eba4e83d061df72bfb11f3d1f2f2e8271723dd242f0f0216e5d4f40dd61e
f312e5c5c3020318f4f00615f1f2f6f2d90a1f0a041521030b1dfee70009f30d
d8eae2f9d3d6091de10be3f5d70fe2ebe8a3f9200d0f11db05efecf8edf4f1e6
f0d2e8fce5ec2406e7cae60edf0afaebe2c4eb261ecef2fb12ddedf3170812ec
dfdde1fcd4ed0904ef04c6fdef040fe0dcfbbb3a12c3d0fee5f2f1db2ffaf5fb
f139fef107132ad90eb71025f4d7fb0ce43d22fc1104fb0ba6ede7fe193032f3
e30a03e906fc10cc01080d29f8e91508e11a05dcffcffbdadbd5fcee1c1525f6
ebe7f7c4f6ed0db1fdcce621f9ef1af7f2c5131719c8ede1c9caf9ef1b1807ef
fafce6cce0f022edf2e0f228f6dc02dddde7ef40ecf1e716a0ea06f5262c14f7
11070df7f1ff19f215d62220f2f0fbf6f5230cad1c2c0660d9050928110c3c0b
12362b04fd1e020f1bc615fe0206f61b11d420be0d38f612eb11f405f80619f0
fdfb0bf7fc0c1009f549041001f8040bf1b8f6120111e1eeefe6fefdfdfa0aee
071211c9061e100522c30c0e0bd216151fc720f80ae0efeff9d8080e00e6f9ea
0b070ef1f8f520f6fbdb112603f30200fe30fd34fce8e4041b0f0c0c030cfcfc
231121290616eb111af60cfef50c071823f224c12d191045c134081cebf9220a
1e41131e1c1df7f9360f1ded2100ee163416193efa12fd03ef07052312fe01f9
12f723eefc2afe1f12e404f82118f31223030eef08a3d2eccee7071203e7ffec
1a2017d01a3319371ad01efe102909192940290a01b3d8e2cdc7172510f0d3e4
1a24170b0af70cf709b5160a2a1e0016292c00f9ffbd111bf8f8ed25f1fc0504
2e4d23174124e31630e83de82512fa3e4c0122b012b835242d250635dbed0afa
f91716140804ea04264d17ea22dff811142012191cf308fbf5fb352c2b0df8e2
f5fd07e505fd11f4fdbd080a1adfe9f3f4fb12bdf2daeeddd5050f071409e6e7
072707cb13091afd07dd230912ed0111323a1331fdebf1d906cd20331f0ad0cb
0a3a1efe1a1009ef11f63b021501f83530e720b5ef0dfe10eff82336f00508f8
0f2b250a1913051c21fd27e10bf0f93144422217f8fb282bec081e0feaf3190e
111c15eb3213efdc2ccb10f014e2f73023fc31d0f8be3009d907084b2b0e03f6
0d0920de1f0705df2516170627f8e01b1e4635e6f79203e409241d330f061905
1f190cca2322f4cf16451a082804e72920154de3efbcf9fce0e12e2a02fe210c
2a2b12db412a0ae10d254c053609f33e3ce13113ddf31d1ae605222704101cfd
364c38053f33f20b26c444fb46f3f7506df3352ee3a2331a02f42032f9ee1ff6
f3e8f808fddc011bf8fbf80ceaee07f5f9a1f1e0d5f3e9f4da160b0d11f6fdf1
202526fc270c052817e12ffa09e3e81122a425d5e3c6faf710ef0a3605f4f3f7
1e3a30f40b100f201b04201218f6d60f1e9a35b534ba1906d401162703fff2fd
213a27fc1830094023df25143af3d726184b430dee04110bca0329480e01f6f7
f723030ff407182cf3c10e0723f2db070da40de800d3f0fcbff8f5121801fcfd
1be815001201101108d21200f723f30c0081fdb1d799f7042114f814120b0218
0d0c091312081802f1b10209f810ee07262e05c4f2c50d120d0c03221307f10b
2a2219ff080521f719e624ff1203ed323fd00ec910f33526f9fb05280d030512
17270b171c001cfd1a0c2c072a0fca29202f1dcce4e704f6e30013341404040a
1a37151610190d0b0f31140a28f6b11c32b4182e19d502e5c0fcfc190effed07
06f30d120a24fbf70a2710170712e81afaaafbb0b5faf610d53aee1b05101422
090f0d0b1032f706049dfde2f029e121ff450af6b9edf10cc91f101beef80d28
6b5e7ff06f7fc2f57fcc7e9c274eec7f7fae69def6b2523a1428387fdd934932
2a10240a1c290b1016d232fd0a28e51508aa33b50406e915cf1c0a3f02f01e13
13100d12140dfefa1810fc162603c81e15f3190d24c0f3ddc329f903040dfa13
f9000b0d082009140f03070800f8fbff01a5f4d5dcfd1b09c81cf80a0e0f040b
f910f70e0a0806f6ea40fef108f0fef003a0140be2e81f03e907f5010502020c
e315fdfef4f1040eec9f07fb0cee03fc0844ff010a281a0ec801000dfffc0804
f6060a06f9f01b2701cdf6ff18f008fc17271bc6f31a100d9311e3fbf8ed07fa
051d2a03191b031b29c2080b2507f4241f3739c522ffff01ae0bf12f09eafcf7
0e180001060a060c13e6fd0e0ff51313193a00270ea918059408040604160301
2e5343044742141924e942013801fa2149a053c403e317e894030839f50204fd
1d3d1bf92b2a140635eb2f094305032c36b950d909070f089e02113b1002faf4
223a2bfb2d230dfa263328163a0416303d8b3c1703e42317da08ea1e1c01eff4
17110f03111cfe1a01f4220821f61426222dfe2f20be030182f2ec240a0312f5
e3c9c805cee60ad5e5eae3f4010c11e110daded8cfd5271e2f1703e9fd18031f
d5dccf0dbfd70cf0e1bdbc10e71109d3e12dd9b0ed0b1d2c0e18d7e70d10180f
d201d2f6c0d713e4dac9e80dcd01f3dbde16c8d80644141fae05ddde0bff05e9
c9e9ddf9bdd11703e3c5e40aee00f4f7cfc7d222f803f90ec1f8f0e503f80705
e0d3d1ecbdd1f9cfd7e5fae8d21eecefac03d8abf4f3e6fb060f0eeb0ff81506
e2dbd5f9eae2edc8fa98ebe2e4fc0df9ca25e03f18e61f08dae6eee2e4070a17
cce3d1f9cae119dde2ffb404e3ee10c2ad4fddd21cfb0af8140aeecbfb02fa1b
ddf3dde7cccd01e1c916c812d9dd01ddbd2bbb0df8ef131edb01f6caf9e4fff8
c6dad4f7d1ce09d3d6b6c11fe7d503deb700c53bca0512fcfe0602c41a190b08
edd1f2fdd3f9efdbf832e4fadaf10be6cb4efdf9ee1f1217da1f0eef07181812
e8fbe4ffeff301d7050cf006ce19fbf9c49fdec41e17142ce4eb0aebf21004fc
e2dddee0bbe401e8ed0bd3fddf0f0eecbdf6df231211090ce4f903f504fbfbea
f5f3eda9e9f0c51ce7c8d6c4e4ec0504d9a5cb3804eff525fcddf2d409a60ce2
e2e0ebcedcd302e5dc4cf0ddc4d013ebde92dd33f4bbf6cbe9cd10d429e0f4e5
faf0e7dbd0f802bafae709f8d3e611ffe801f7e60fbe21f0e9fbf1180101d9f6
ffe8d900e9e205d9019c1216f21e04ebc890e92ae81b091e1af20df803161a09
e4d5c1f5c9c8fae9d2c7cff1d31f05ffd9e0ffaef70df510d2f811e7f5290ced
d5e9e9c3c3e7df1be32eeec4c4f00ce2d3fad0240dd2031c22f30cdfeecb0be7
0d0af3e900f7ff09e9da09e8eef200f9e1a1f1e514fbfbe629d905ec19e5e7da
d103f4e9d7f305d0ebfce5fee100f7ffb5ead9a42cbc24f315d2e4de2100ee02
d6e0eb0adbeef7d2e892f0f7fe030df6c63ccf19ee0cf3fcda05ffe10d1a2116
e6cee3f6cdc4eae6ebecebeac244f1edbb9ab7cf0919fe2026080acafb290309
02ec02e9dce506dbf3c4eaf4e40809f8f099e2d20cfbeef9ec0a0ce71116fdfe
ebe1e0dee1df18cff3d7d609f1ec07f6d6c9c9fb0cfef3e731f116e22910f308
babbc900c0c7f6c7bf3baff7c3fcffdda8b3adfb2af60ad21ee8ffa6effdf20d
06cd0902f5e52ae01604d6051af311f2d609f20bfc2af417d8ee1634e52e1704
f6bc2201fbfe061df9f0e3f607f709eec5c92f03ee2b060dc007d3f11424e60b
03e31902e0e9031204f0fdde16f502f8c3f7da0806f8d9fdc3efd0ff19251d07
18e00ad3c4eef9fdee0503dd060105f9d5d231071f04f101bcd7dd10f8f82613
0101d4b2bedd060408140bc6e4f40617f2cdd31b0236d5f0e0c5c816ec150d25
c1c62c05ece92d0b16f7ebf51a0611fde4fc2c02dc03ef10c9f3c603f81ad501
f7cb0ae0f3f31cb5eeef17ea13ff0ff1cb0607f2ecf70e029d0d8efe150809e6
9bdbc9c4e8e71eea03dadecd1f0c1506a625e2e3dcf90415ee14caf50c1cdfde
33d3d5dceafb0dd417f1e0fa130609fdc016d5eae10b0b12e601b30ef721dbeb
e2dffbd1d6f9f1fd1304d3ff17110e16e101e60b00f5e6f21dece109ea18261b
9c0b29d0dde616d03afc11ef12fcfe01ef392105e8c7df1cb5ff9b21eb16b60c
0bfcffe4dedf113209ec03cf250b1201982bb7faf4130e27f4f9a6fc070535f1
15fbe5e9dcdb1d00eccd11c9322c2ffe8d2800e9eeef020ffe01e9f0f80a06c6
03eed50eeceb1b3203e0efe3201718f8c926cee5dd0e011a240def0bec00c4dc
ed0df6eccfe711fe19fcf0e0170c0401c12d2d0cd7f6db0519fcfc08c0072e09
b40bddd8e5ff10f7260df4f3f7f70203ea0ef3fff2fae2fb0af98b0be501520e
ebe2e1dcecf5f31c02f3d0e70d010009d80fc4fc1100091e8402d9fbe9fee0fa
17f7f804ddea12df14e5ddd11b0f0d18b71510e9d7f40c0af60aed17ed2119e4
d32afef0e9f5172b11dbf60d310d1600d12826eae10ad91fd50afe0ad639e9ed
b81bdbd0dbf1fa1511e7080a1511110ddd18c6052511db06aaeeacf5b622ef17
cfbbfeede0f3171d1a27f6e8f2fdebf0f708d00e0a34aaf9d5e5eb3bf325c235
eae014e5eff20afaf817f9bb06130cebd50d1f141c0cc10998fbbc3707170d22
ecf420f4dbdf0a291efbd1d01f070afdcc121315f3cbe9fc9101eb1114421612
a314f6f9eff22bc118f90af22408ff05e61c19090203f3fef1ecf912df3551fd
3be6f3f1dacc2dc50123e0ec1c11f112ca0f2f252a300f12a5d0c71eea2b1a2d
bdaddcf6f8df37271700d8e60d0b0ff2880e0a16f82cea20f8d8cd3ef838a713
3002f3fbf2e9090504eaede722edf8ebe0d82700f108effd0edff3130a16b702
caf90e06e8cf1c001ae0eedd1cedf5f1b9fdfcec07caeff31af7b736f01ac9ee
dda1f8e4ede91d2a0eeb0dd51ffcfaf6a901d6fd16e0e905b4ecda27dbfc24e5
a0bbede6f0d61f2d18e616ea05fff710d7fac7fdee081501a6e4cb09f50ae8f4
9accf9f2d8d91ac410e5d9f921fa06f1d10c18fdfadff11706d1d7fa0a1ac8f9
10d6ee06f0ea02c2ffe8f9de38f502eee2f33decdf071500d9edcb120315ebe9
25db07ddf4e60fce07e1f0bd1c0809dfaf1006e4e7e924170310c3f90d1a1dc9
10d1c5ff06f310d111f2e5d9180b0504ce1302f1f8e70b0fde04ee16de29bde4
b196daf1eed709d000e7030f1902030bb20abcfeefd0ed01f5ddebfb0211a3f7
d8e21be4e0de0bbb13ecf2021df50900c606e70b0be7ef1b02deb6fdec008aef
c5c4f9e3f8ee12280bea21d2331f2600da2718fce9103a1d8afe13fe0e211ef2
e8d30a0e00f61232e9ea36f21f3032fad735f2e707f8211eac111ede1c1b32d2
12f59b1a12db061af809efbe381e26ffcc2ad0f7f6e424fe0806cef6ecf747eb
dbe3d105edbf111e16efee071f19080ca135f005d3f1e8f6bfcdd2fad414adf5
0de6ed03f5f70b1d110301f011fff817ce1beb102b02de1015e8eb0df11bf8fd
0fdf03f4e3e31cd813f0eaec3e030dfad42ce5fc23270d239aeb211b0e2225f7
d2ea181ff0e80cc20fe9eddb231b13efb52f24fee1fb240d17e9f3f613322eef
41e6d707fdedf9e5f007d5c00a1913fcd317e100f61b08fbbaf708ecd1f20c05
2ce69de4edeefc1e09f2fb0dff04fc17c40d0201ed06e803d7d0f7da96fdb006
ced7f0e9fbf704da0f11e6ecfc01f001e109ad121f06f601affdac23ff1be618
2efa0dd6f0c90b2c05fdecde2cfd04f0c6132b09eeedeb01a3d6d1302d064201
d8dbfbd9efdb04ca0eeeb8e71afef5d2c101b8fad7d3d3faddd92c153c171bf1
c2f3f6e9eed91c2916edefb21d0af9fac0021505ecfbc7ffefd1df1d05203304
06e8cddaf5da18091904d2d217fdebfbdd20d2fbc901ca03bed8ff0ab41816e6
050ef1e10a02cffddff50b01c5ee020d0de8e3fd0737e9e90dfbe1e502d5e3ea
e2c811dd08fedc32ec05ef0bd6f9e81500dd2e05172ae7eed0fe2eeada01c1e4
f2cc1019150ff0fc1328f50be4faf9192bdc06001c3af9f5d6fabbe5f612e80e
e6f510e708eaf4fe0819b201cbf4f5f7ffd72d0335fcddefb4fae3eadbd5cf04
d40c16f9f5e8cb2ff804f5e6cb05f8fae1ed22094df7d4fbeaed2ff40dacfd04
030d0bf02601f225d4fed8dfef0910fe1000c203ec2ce601c908f7f22cecb8f5
be0023e3091900f7e204ed08ea00fe1c2ceffe1ced33fde6acf7e201fcf2cc10
03c7071dfffe10f80f0e123c03f7f2222224da191b41e2f617ee0df214f8e22a
b4dd151c17110b012b39f8ff0bf2fb222a07d22b462eef18190e22f70bf13932
460024f0fcfbf30cf82702cffd020410eff3f0185431dbeeeb1de2ff38fbc90e
ffe428eb0d01e1fdd5129bddf51002fd03fbb616112de201d4fcdeeb2dfdc409
cf1c46250a0cf2e9e91ff5f8e81015154414242a2465f2f7b2f406f223f32329
bb24564a09f93e3416140c1f24faf72b2528e53a3e7bdd1e08d234e93816db51
27ec423f0c07f7c40f19f504270912351310cc1c5c46f324f1f6d4f13212b61b
09ce0c26080dc416b426faf8e10107f714d3e41b3a220acbae1cebca03f1ed17
2ddf24dc03f7e418f0fbbedacd06ef0bf0f0e701210904fac2efe7e52cebe70e
b3fdffcd120cddc6fa04da0dd00703122effd4051b2de002c00cf4d911e30d10
350ffde011070e13250e0d4222000827283a2f0b0523f31feee503040d152022
1dfae70107f910300f23061523060d031a19051b1023e007c60bf9ed1e18141e
0ff80a0d05f6f91dd109f0f3f9121100eef4e207260cfae3ef11e9d611f90403
dfbb13f7fa03cc1b0310e5e7c303df0913eff9ff260e06e60bfff3e410c71e13
d0bd0ccd0300edfbfafeeddce019fd06dae3ebfe2629df01ef12dfefeaf42200
edd7f2ed08e8e4dffb101a0c0b1000f1e00ce9f62111fc0a0609eb0b12df45ef
f8d7d9e210f5f2da2301050005fffdecf927c00619d3e4e7bd11e4f7fbfbac05
2ffef9eefcecde300c0a05fbd30bfbf4e2f5b2151226e7ef101b29f003e1feea
1a022ec0f7eef0ef0c0ab2fedbe5dc04f9d3fa0b111dcee302f6d91029f6b40f
cd1a130c0c000ff21417abf3e7f9f1f80af9c20c0118e7fce0ffbf20170bc917
26e614e404052c081a0ec4d4221501ff00240d10bbf9e2043be8be111719cb14
1aebce05f1fa36c0090acded3512090e2149fc09e6e8b7eee4fadb24eb35f200
c1e1e0d5f00218d51526c20f2114f1f010161522caf1ed02d9d3172ee43db227
fdfa2ee0fc00fbd510ffc8e8f2d7ca1c1eeafb01fc1bdbdc15f9d71329003707
8bf614fbfe04e7e30c0bc1c30ffef60406ed240be918ede8dcfaec150c0fea17
c2dd1208120c0ee611fdccc1050c01fa060cf802e705f1193204fa041bfce70a
fed0b02d050112de0eeef8f715f9030bd73d2603ea06c30332f91df9e51b17f5
eae0cbecf0e9fee6061cd919280e07ff0825d916c1d3e401e8d6d3fcbd400c0b
3b12ffebfc03f40df30cdae407efee0d1a131d0fdf1c0308d90100f71cfe1a18
87d8d1bd040afb05e51610c3cd03060124f50113d0f10ce30c0efdddd8bfd71b
a3c1cba21410d5e7f211e296a4040ed92ce8b4faf1c2f8f0c01919d2ecb6b200
26eeed0d0302f21e05f9b2d70bef0816e22e17f6e32be6ff1a01f304c8ff3100
19ecc70706fd1c18fc25b238f70eec1b1926fd11ea17f510c5f91011ae151521
1f1700f60d10f3cff30f03e10c00f8f61e383d150f130d0bbd01fde4011a2b05
f6e8f1b5110fd9c7e915f7b6cb0809ea3de7090fd3d808d7990cd1dbe3d64a0d
a9d6dc941101c8ddeb13d89fd1faffcc19e3b504dcbc05ecde0928e6e9ccd210
e402fbf60c08e9ff0d02d2cc01eef112f6131a08ea2acaedf9feba1316deef05
d4da0f1d07fc0624eb2bc922eafce91817f81a171942d4f0d902d7e7f7fbe216
da20fafaf9f701c800ea26ee110607edf325ddf82b25061d11fceefceb189df0
05fe062d0e1009bef20409d6190408f50616260cf02911fbf3fe0f01ff2baefe
4cb1002b050b02291d04eae902fffa111613b7ffcd01f902f401b00efb0acd01
20f90cfe0f0107e22906c9fcfdf2d51bf8f2aff80e25810ed6070cf80fe92005
adf40ae70bed00b632240512dad9c625fef1f818334ecdf7b8f7192c0cf0c80e
92eabcef1313e503f20522160f2521f22410da0afff4f504d11216f5db030b14
9fbabae80103fcdbdbe6d21d191c19f60706ebf809f7ec0afc00d0e3f90cf5fb
15b5be07010cee37cfe9032efb0b100bfffdcffd111c0310defbf3ccf315e2f8
2ed804fd0206f517f5e80b30161b151ee701da00171c0e07fafdc20ffa2407f5
a9e8fbe6f7070e0605ddfa2c24130f22dbef23ee16150603fc01e116110c3aea
21c0b8fa09ff03ecf2fa02e3121818f1e82dce00f0070c0cf4fad60bf71ef9ff
c4fce10dffff0ad3c703f709120a16f00710b5fc07200714e50f101a05f6a606
b6ebea09e801f1d5d9fbf306eb0d13ff02fc1ff70e3bf60ca10c00f4fe02e8ef
1ce82714eaeb0ccb02f3f3140e252422eb2dfcfa03171f19d008140e110bd0de
1cee010f02011ad623f4f50635181828f7320beb16fd071525f9e93a1a18feda
bfc6d82013101e10fb09f944160412eff90ef7f0f80803210112fbfb13201eef
afc50f44e8ea29e8d1ecf80c2e0df2fff4001fe9fa0fe41103f1f723ea2e25c5
c4f90436a19d2c0e05baf7165f01ec0d8d54c6cc000ce43716a3de45056d17d6
3e0a4839f4e610c0fff2fd2f2b06f50be01ad7fb1827031addffba062723d2db
b1f9261d0c043a1e10ef073623141214ec25c8f4161af61b0006e9051c4cccf9
c9c0ef100b0713d905fd84192dfe11f30710cd090313090cfd0be2eff03236f2
b3d53024ebee1837f3f0ec073b02fffce03dd3ec191c0613c5f6c61a163bbeee
12f4f712cbd00dbdffe4db0e67f3e7f5c84ec2d815f40422e4ceaf27055134d2
bcf7eb0f05fe04071ce0db233f0e03fd15112ee72932f00ace0a0d2416182ee4
2d00d8051c1320dde8e5e50a2f0c05f1f725dbecfbfae906031906f518112e02
f0f2d1f80f1301d50f00c5d30d150ff02523e2fadefb18fb100bf4e7ccfdd6fd
bcfdea0afdf52c1307fe02f017171b01fe2607051c26000c1201c7fef637e502
43fcfb0bf80afaeadafe09f2fdfd0f0e0dffe1e92d2d000dba1ce5fd0b0fa9f9
0afce80808ff00e8ede8fbf7171a21f6fa14bbe6f52b101d160a1c041527a7ee
0cfeb3fd1d111403fafbf3c5280e16f61325d5f1dfe9fa18281beb030325ccf8
1199f60af30614daf7d4e121f20308f7dd03eec6fad5f1f6f4dec604e707f5a5
17df1d03f9fa0ec807e31e1a120ffa02c5041ec3f7edf7f8ece7f00c0017309f
99fc090efafded09f5c73de9020001f0bdd6dbc9e3e2eef1e4ffb7fbfc11c3d2
b516f518e7f3043808af20f4050b02f7d7fd32d4f0cd0411d6f0a3fe03ffa9ab
c4130b0adbf916c60d99eb1d1b16080ef028b4b9e19cea1adbefba26fb13db9c
e58ed5f5ed0601bf0ac6fe1f0cfefaf3f2071fc703de0a09bbe12203f5f1f2ac
bfece906fe29f6dfd9f6130be00016f429f0d5e4080911009ae2b6fededdf6c2
b5f6d10e061edef9c0e129f0da100f0420e6d8d0252623fdd014c7db08dcefda
4efba4120c0d0422e9b2fa16f5111a0213f2f8b71ff31d09ba0ed3dc03fa25c9
b0e9eb02eaf11cf4e9aad41e060c0a05e01215c2fcd7effe08ea18d9f2fb2fba
e8cec510e3ec0102fddd0530050afb08d9f011c7d4f1fafe13eae4f0e104af94
3ff6c70001f3fcfbc2eb01f4021212070dedf2bd17022700f2f8cef2e8d6c7bb
1efde603fefcfdc7d8cef202fd0a20f70a0625eb443b2619b003d0ddf1f9b2d7
ab01d82efa1802dce0c7d21a010a0cf6fffa07cd2d1235069e10cdc5fd0021b3
93f6c30fe5f01017f6c1e1391606e7feca1107bb05ed0006e3dedffb04eef1c4
ddd5de0ffee5f9cffee6fe12f50d03f6e2fed2ebf6c2f100fff631eaf50122ab
4ae907f90af01221f6e4e4fff80c16081612cdd101020604f908e8fc0b03dab2
3bec171e0c0cedd9c2cde504ed0b09fe08ebefc71d125ef5fc23f6e1fbdd0bc0
2dfee722fd18f70fd7d4db0b02f6fafd0d0314c607ea2ff7d41acadfd80e18c0
c2fadb2cd4ef172810bafa1b2309ff00bb1e16c6f3d9fe07e9f5d90e030921b8
f8a5212806e116e1fac8f13b25121bfbb92bebc7f7c9fc192ffcfc180019d5a9
1bcf27120ce329d30bcce11f150909edd20dd0b2f8fdfd0cc7fbc6332017db81
0fe51621e8eefd2cf5cbdb1703f8fb07d3e702be0afe11ef240af2181becd8ac
c4f11a35e4021903dbd2ea1af2f2fa0e05f00acaf500f0f1e810280520efa3ca
01e80631eafa26cbeeb0fd48150d0819c80523b71defee110f0adb252215bcac
f0cf4934fa06efdead12d11812e1f5e20cfbe20621e817070e12bffa33fbc019
b20b481b11ebca19a80008fc03e8f8eed8bcd2dbe7f421e122f514b6fedb0a03
d41f530318eae508c0d80110f6cdefe7e39f13e0f10e0ae1d6f0a8e027f6c9f7
b2f34cfdffe3cdcdc1ebf30ad9dbe5dfdccf08f7fd13ede3f4dcd3df1af23600
acee301eeaedd92da01adc1bdaeef1de03ebcbebf8fbfbd91bf2bcd102eead31
feb51a0f001afe07e717f52216f2fcfe1c05f01422dd14f1dafae52e44023a0b
d8f31e0b05fcdbcebff5fb2bd5fffef804e407dd2de928f7cf0011e43bd6bce9
c6f41706e0d00cf384ce26e613f6edfdf7fbdeeef8f80deff6c2ce06fd08d8d3
35dc181eefd8f7f49cf01a0b0e07f90ce21a17020a01ffef09d71400202e12e2
e1bb222fedf7fbf69d1adc37e0efe803e5e6ed0210071fecae02e3eafeece31e
2cf6de0614f80ccfe604c50120fefb2b2406cd0822eb06f1d20325101efad109
27fb060afae8e007ceece4e8fdf7dff60704e2e30bc911d31deb03d70309f7e4
08b1c4e5a581ca04b6b01bb021e5d6f6c00fc7d5d5a5d9d6d3aba9f0dd2314b9
16a5ed02c5bfefc0c1db26fd2bf7ddf5bd241ed7f8f0f4f0f0cdbcfffb4130e2
0498f9e1fbf5bc16daeffe4cf7e8e0ffd0fdc8f4fa1312e5b8fcbbc3ecf53801
daffe5010810f2d4ef110eddfa02f90e240623f526fb29f7f0fe0cfbf6fbaa0a
bd05dc030910ddfee11924e5d9fbfce620f633ee00d31cf00202e4d6d9fb040d
f00bcaefeff2d8e6d4120b0adb1009fb06e9bfecf2bf18d81012b4ccd3fffbf6
d4ecd812f9f9e129e91c280bf7fc05f41ff7e7f6f80132f3d80c1cc0e409e0fb
bfd01515120bd9c5d81cf82aeff2f8f20aeebdf3031227e91029c2cddfdac900
0006041ff801e9dde00b38dc0ff4de0528f1dcf644e227f6d40bbad71cfc061b
a5d8f6fb01f5f903d71117f0f5f1e8e819cc0bf60aca24ef16fbd5d400fa19ff
0fb8d1e70803f432b5ff431dfefd14f1dfbdb117ffb026f8f7e7f2cf05fbab0c
a3b9d11610fffb35c517ea1709f006ddffe6e11f23d42bfdcff1cde417ddcb1d
e5dfda17fd04e811cb15c808ed04fada1005f70107f209fc2d10fdce1af6d924
b41010f0ff00cc1be3fb0e0fd99d8cbae6b4f70bc3b5c0cdea153ea6bed5dbed
bd26faf30006dddff603003ee9c3b9c90ccb17ffb29cfdea16131dddf8ed89fb
e303eadbfe07c0ecdbfe0e08e1cfcfe210c3360aaf9e27dacd06d3cdf2e4910f
02f4d6f602fbd9f0ca0341f2ebced9faffcf0d0ac3d300aff7fe13d9efdfb608
3800e6e105fcb7e9c30211d7d1948fd7c48ae2fa81dec481aafe19b7bab7d3f5
a534eee60afed11fd9071eeee1d3cfd0fec9f405cac408e90b17f1b5decd0c03
f42ce70a0d01c3ebde10f205efe7e7e011e51300cdc4ffebf10ddfc9d2e7d4fe
d1eff9fe0203daf1e0fae914eff0f7e3fcd4c9f500b712ec14081cccc8ecf9f6
32d6eafdff05cde8e90503e3f4ede8ea05f40bfec8d0fde4affdfde7d3f9d2fe
bce2dbf905fac11ef40bffdde9d0c2fd00d438fea4dcffd0c909addfb0da13fa
dc2ae4d908fbce0ce4fc2c01e1d5e2cbfbeffd00baba0af0c209d0d7dad1f2fd
8915f1f7fafcdbc4d9fb08fdf4edeee4fcf304efe3d4f3f9fc07b9edcbeab8f0
f3e1e0e20908cfd1e706f0e2e60208d711d7caf7e09717f49b1bc5f1b8e031f8
31ef0800fd03d4d8f809deebe2f002e301fb36f4d5b101e4a30612e3d2daf6fe
24e3011304ffc3bffd09e8f2c6d0d8f9fbdcf7f7c9cd0bc6aa09d8e5a2b7b805
8819e4fe0a05e8dadaf82efcedb5d8b801ecd9f6b6c1fcf5c60bb7dbb4e6d5fb
e41a0a1bfffed819cafb08f4f0d9f4dc06fb1bff09dcfce4260110d6cff8f6f5
1700211bfbf5e9f6ebf7fc08fae8f8d103e109fff5c200e9ccfe10f6f202f2f5
13ff172ffb02ef23db02f611f7d6e6e1fcd60ffde3ce05d50000c8dbefe091fe
0af60e2b0a0dece0e1039bece6b7cef303d8defbc7e202d2da0bb4f7dade0200
f12bdcf4fcf5cd15dcf4e2d7cb818181dcb9bfebe3a8b3c6090c03c5afd606f6
a82bf20cff00dbb9fcfaee09d6b9bcb713d4c1f427d60ed6e70a02f1ece92df9
c50f1a10fb0aeddaf4f4ded0ebc6c5c313ca09f925cf0edb100c050906e1b7fd
360b0910090aecdde4f8ad02f5d2b5d601daddf704ea02d6ea04edfd00f6f7f2
ae022f1900fadcdfdcf1c4fddaad8ed3e4d7faedc1f5c6c2d30d10f5e2f934ee
34b6b725b0dc1b2b1cfdb332f5071906c9320f191a15f40ca1a6c12cf823221d
abdcf603cedbeccb2012f119f80e1807cee815151dec09ffaaca0f1deaf8e92a
1fdf1efbdbd7ffc91f15df09040409ffb200c71207e3ff039ddcee1de11f0515
e1dafceac5e207130006e1fde11a0610aef7202326ee42f9a0d0c609ffec130d
e3e8f807abcd122c0e0aa91ffa1f1224c10dd30f14050510e3cd180b1204e205
d698d3fdabe5fa010218f619f3031ef3fde6c9211e09d40bdac81af3eee1cf23
5ac7d50bdbecedc2f43001fcebfb12f2f6d8352f1817dbfce8dca8ecfed72f37
40ccd1fbe5e8df39ef32dbd5f604080ad1e9ce2f1f1f0efcfbead4ed20e5d641
fad4b4fb01ffeed40317b500ee04fd0502f5c4131ee314eab3fbf0d4e80af808
9fb7d6fcb4daf921f9fdbd18dd060b07c5f7e0031fdde9eddce520dc01f8ea06
2586cf06bdc30af6fe12220decfdf80294f2091e14e9f20516bdd5f3dff8b319
c7a4ddfde6d5eedadf2b0503fc04f0f9b90bdb2c0527defef1fbcbe905e42b2a
00c4d514d6cfe226eb33f7f6f3fa0f0fbbecc63a1919f2ff9edce2c802eeb243
fee6ca28e7eaf707f92b0317fef5f7fdd402d5260e18ef099e051ed0fef9cc2f
dce3ef06c7cff90500120223e9f8f6f1acf1aa0c13e2d9ea9cf82adafbf00810
37d1de08e4b9fd0cf10cff0af910f209b0100e0a17daf40704e427eafbf407fb
f3cef6f0fddaed1de818d501def8e6f8b80211300916e20be61411fbf3d4da2a
cee3131df2cdd306d11cd6d3d6f305fd9ee8c31846260ffba31b2ef4f5db370c
0c04e911e2e4f007f113ee0bf8fc0703df032426ef10ddfabcf8e6e5e4dfcd23
20fcdd06c5d2f8fde50ae32df8230704bb0ce71b0feccdf69f0623eddced141e
d2a21509e4bdf734f6dde3430016140a901112f917f4e20cc5cce1fa22fad9e9
cbd41af5eecdf90bf5f4ccfcf007fbe4860a0304f4fac9fae5e40a101cfa3efe
1dba0ffdcfc3ede2f014c8eaec050aff81eecf1304ffe9fda6ec091b0be3ab11
fc020e1cd7e20a16e705eafaf50c1112bcfa0b18ee13e1fcc6ebc60601f90507
1dfbe021cedbf5cfe4f3d927ee1b030e9601f1031a23c6f7fcf4c4fb07db1eee
a1b0e8bf00d21df91cb9f4e014e901dc920f17b6c006e5fa11009f10e3f726bc
37fce3c4f4fd0c3224cb0fdd0cfc0afbf4f4e3dbc4e6f5fff306cb22fe099ac8
e4f4fccaf6f6273129c217a813010a01d6f6d6d6d4e6eff4eb03b242f715b8bb
f20e07d5fe032ee822d605de2000120bd814d4c1f7fbe603e51c1b28f122e8ab
e9e9e5d7f8ff24dd45d501b919eef3f5d124ebd4c1fa17f8f703d62de827cacc
c1d9f8bdf4dc201815c1fed922fffc10c51205cdceead316e4f4ee01e622a4cc
3fe5dabd04f20027ffdbfcec04161116ea0601e1f3240bf3e114d204f903bcd7
eac0c1dcf9e51509e3d80accfe161005d012e8ea0a051e010103c906e005a6c9
c7fafddcfcf514f60bd411f917fcf005d9e7c2e6eae72101cb08c216f51215ce
dfbf05cbfaf817331bd230d91cfbe001c70fdecbc9ff17fce7fc251cee2bf1d2
abb904e0f3fa1e0331d113da150102fde02eccd1c509ee1909050724eb29a1c2
29d1f5eff8f60600ffddfdfef007f206cd00d6cedb350dfdef0b0812f2f7afcc
15e53311f9ee08c7f3d10cd8f60908e8d8f6c1d70f15060c2a0dd50704fee0ce
b3071a27f8fa0a0effda0fb42bf7fbf8c2040ad2d7fe320f34001afeeb0801e2
cce01ff000041d1112ec41e50704f2fffa23bbd3d8dc1c0afd091411f017d8d6
a20708ef07eb19e405cbeb13f2f3eef4c20a0cc4f608e00fe100f31bfe1be1b0
92c619cbfaf8fffe0de3d3eaf9f4f6fbe70accd7e309f0f5ee12dc290e11dad8
1ce13bd2070106c712db19befff8faefff0022d4db1200fbdb1cdc28f8f1e1d2
410e1bde05fefa10f2d60bc00bf3f1eae40506d1e9ee00f9f51a24eefef9c0d1
8efef5def9eb080f0fdcf8cb1907efefcc1c17dd0806f5f0cbf8d205f00731df
12e21bccfcf20b2d08cfec1b13eafa0fb039ceb3f204f7fab1f5b43b1928ddab
cf0f06dff2f2f4bf06ecc6c3fbf3e5f0e212b2d6e0e0c3eecd0b1217f9f407d1
401018f8f4f20aeb10d6e0c801fdf001cefa10d7e908dff4b20bdb24f3eb31d0
0c1303d3fcf9ed2ef3d6f3bcf3edf504d4e0e7ce071ee4082100e00f01dfe3da
12fdedbbfbd81f102ccbf8dd0dfbef00ab0c07cf310ae603dee2e329d30ae3be
0ff0fd37daf60d0b03d4ec48140502efeb2636adf9e0fd22e3f2e416182819ba
11cb0614fb050ac5f1f71b1a0ffaf100fc1d3db3e9e02301f9fea51c101330c6
1608232401f314eafbfb2a0915f7f1f9e513fac7130c180a9df1a61e1d2bdfd7
e71b2a26fff9f3d203fae3eef8f4eefd140f29da05ef240eaef7de13f90405d0
982c2028d8fa0a39fbf1c626f40d03132416f7d801ae020dccfaf50af605d1e0
eac0ca01f4fefaeb050703100c03fbed1013d7dafbe1fdfecbe0f00f0b1335f8
fefad4f9fc1210ed04001807190704061c2d00cb0c001c0cb5fa051b1417cbde
fc11e802010b012be4eb28e012fe0a0026fe1dc41c212504b5ef8101070036cc
2109ed2fe9f50238f903fbfce7010af316f124de190e3002f2fcc1f801e2c2e7
220df924fefc272e08e7f40df901fc07091caad7f4cd060de9fdd8e7def0dcea
8ecac4f7fdfd21e214f80c362909fe0dea13d5d9f1f4160d91e00006f810bfcb
28eee2edfffc1224ebf60d1426080507fa111fc603130d04fcfdc8f1f41221ce
f9cfdfeed9e422c7c7b6dade2f090c0b043422c6022df61db3d3e906f048e9b5
fbc4e01504f60bf6e4d6eb0615fe06020308f7affc2d1b19e3ff00ef121be4c4
8bf3fb0202f4232e03dc0c430d080413d82edacb0a1b0e14c9f5c0040b2ce4da
1804f8100605fe2e18f3e9182307fb08fc2e22ce02030519b8061300f81c10c8
2025fb03180bf5f8e5f9e024180607f8231ff3b30df81bffdafe0de7f3fdd7d0
04f307ebf301eaf7bdbbb9f20bff010fe620ee9e140b0004b202e3e1011403b9
17edf108f3f7f5d4fccfe2fc26f9070eee1f01a61806230af20f22d809190eb4
b0e9e808f7fd190120d4fd161bfd0302eb2af8d2fbfdfa119802c411060708d7
b5f0271f08e60ec712db071517fe0b06c11ec5b70ab1032accf2ca0b0020c4bd
ccf800e9ffee0c1215f4e6fe0bf7f7fa19f432cde6bf06f5b0050419fc143ae4
e7f80de6f2ec1ff4f9dbf00a2103080bc4f826de0be0fd15f90333291f1eb2e5
e2e4f5fffbf513e30fd6f40328010606ef13c1c105f6fe1bb70a0b0b100f08e0
d0ece507ebf823cf11e2e6381d0c0af9e227d7ccfdddfc20c0f60b23fb2f3ce7
8cf0120a080323170d081ac518f610dd1b0617f71cf9e800befbdb29252cc7ff
ae15250906173af81cfa23ec31fdf5020e0705fedf04061b09fbb21f2a2be501
f50d2f0eec1521d918050bed16e6f2022b0d3b03f9f8f1fcceff0e173a2b160d
b82a33e2e1ff0bdf17ea18e81bfaf80117f100000a4de3f20ef6be133cffd605
2c1d2afdf9f939e136f6f0e62108042f0a10d0080350e3fed30aaf5833279eeb
a71decdd010a1e362e01f8f01af60cfc2e0c1ef812d2d213acfdb00bfd2229ec
10fcf4c8fc0915d51af2f10319f103fdfb13f4020fe9eb1ac1efabeef9faff01
b20ef1d1fa0e1cc71007ebf00efef918130fc60effe910fdd00795f1141af31e
b019e1d100050c0112f7f7010803effd02e9eb00f0e6c6eab9f4dd1b0d273e0d
ff1cd1dbf7f907c42ef70efe1b150526d80c18010510aeffddf8a92a1029ed08
c205ddf00b0928012e0a26e01006f703271abef2eafb970bd603e11c051bf4f5
3820f6cdfc0410191d050f05fef90602fa070b0718f3c700ea01c1f2190ae90f
e3120cf9050f31c920012a371603070809091619082e0800cfffb111401f3016
2310f9f7020718e624fae11e170d040107f62f07f708eb01d1fceb1d19183f00
9f0fe5ebf7fd33f93ffaf4da25251911e72cf1f4d1eba91808041b42001fd3f6
0814df100e0c3502271324e40501f6071416b7f5e916a5fffc1d07220f1fd302
0e0ff3fe0b100f0e0b170de6e7f2faf6f4e6fbf90ad0e7f21b1d2a0dfa020703
0a1137070e0e100a0a170c1ef9fbfa0bfde7d512f3e511ebab13cf1dfa1bbd06
371619f404070fd2060eed221406f2f80504e70ef1dcd4e8ea09d91be70bfb0c
b817191af5f72a3423fbfad41a1003f9ec08daf9f6f5b70f30042633fd0ffeec
a4234e1f0a0a1bff24060bf02f0408e7f40fab001d39e5fbd42fe01f2725e9f8
29102f28f1ee25f00b1cf7e423f0e9fbbb0edcf91808edf7be0ee9200f27c303
cb2f4332ecf920100719f5fc1afafc0f070cc30217e915fce606eb202b39321f
1c482919e7052bde1110e5de29faeffb23f0b5fd2808edf1cb02f52947291409
8d322e13ccdb51013b00e5e1540a0623e820b5032227f7180fff05592a41230a
fad0f31eedfe1ecafed22e40242d1b0fdf3a10f33713121cbd01f215fc4116d7
2be3d81a06020dd1e9e611552819110ffa30bf0411df0800fc05d82a1438b1e3
98ebf835f7eb33d5ecec09264018f50dd227440f000af020fdec022c184aaee9
9cd4222f05fa14c6f1e129141f260319fb0ed60c040412200ffdd620f93307e9
d7c60008000c1c1e1edbe837091b02150c29d3eee7e61e152108d90ff8273bd6
caf4cd1117041618fbf81d17442314ee13270dea0f0b1f1fef0aece6ef2d1ef4
dfc2fe140b051fece5ed1e152c260ded0d23dada0109200d271b000c46150fd9
fde3232902ff0ef4dee82bf7160afdf50e01ece02a1402110211fb15362aced6
40020f30f1fd0fcd08fc04f5291a04101a171100f719f415070cd7f31a3db5f1
f5f1f90efdfe321d2be5eaf42f2300121638e7f5e6ea1d18be02c50bfa1003e7
caeff5120c01fcd0f8dc19fd240b1f0bdd0c1eeafef11a1e971ad9e3fa09d9cc
facff00bedeaf8dae2d33c061f1e28f3df1a17c6d6e60e1d3c0a08d9d8203bbc
36fb0f0fcdb8fb1ddcb409c84e1110dd9f3ce8c2daefe51bffd92a08df3cf5ab
e0db0f20d1a6fb00f0c11cd91908e8fcc3170fe7fae0e0f3c1ca1602023926d9
a8d60feb02d812d1f8e02728100e0523e60bf1f1ea0410fec201fd08fe0a22ea
31bdf93f1013111ccde717210ae7fc132cedf1eb1c0d0b031f17b8e4dbf9bada
3bf9fe16f2f4eededee2f70816fc00f6011ed7cae90d0f003df7d9f3f1fe0bd1
11fef4f8ebdf11fce5bef3e3150fe215bb31dec609fdd20919e4cc07272fb8b5
3f98f41ee1de021bf8dbfe0136f403f9e9f330f228eee112e7d201e5251d17b2
e386d4e21d0ff93701e10a39fbf40ae90827eef1dbd6f8f7e50fe2fbdff5f6f0
e0d0f71c10040fc4fef8f0f21a0af7e5f610cff0f6c7fa241106cdf7f71f2cea
28e9f3e013fcf9daefded403f10d00e6011725f9e0d5faf9010221092c06c0df
d9f22fdff7f4fec5e9d2181dfe1600ffdcd317d10a270ded95e7262c37012dd6
bfd43d13f506fd00ecfdf5041f0411e606ec0ae1fa160b068c08ea0f210fc6fb
c4eff9e9020c09300ae7daf917ee0dbe193127dcc1edfb02081ae2e8d62445d5
aad4ca09d6f12bc20c22c8481cdb04bf27240815d8a30a1018b5ffd3811a360d
24da0224f9f6fe1618fbe64020d1f0da161109050009d625eefd0bdddcf3c609
e9e4fd2eff09f1eff6171010f8f4ffea07fec60cf003c01801fa15fe0915810b
e5e30309f304fccff41f41e4f901181429e8230401fde0eed70522130bf7f00e
a2ed10e700010ed1f10e230c12effb1515ea2809e90fb9e1ec0cbe0d0ded9502
dafde615e3e217baf208b92a20d8fed502e8220be0c9fd0b1fb3dbe896fbe306
29d3332a01f710d4fcfbf6571d0210d510432afb0311c840f9eef800da1500f8
2ce5f223050be4fee9f8f227200510e40820dbfdfa01fc1ce301fa12071b9ff5
e4e8e60608fae811f404fdcf201814fd0c2014f6dfed1c07dffbcf1f13381ff6
0e0111f8010509b907e62b1a1cecf00c0311fdecf6ec00fcd002bf11152eebec
c4b8ee03cbf208a7ed17f448eaf30d0917ebec170818eef8f8daeddfa3eeef1e
d1d11ef8e2dd0db9f6fce636240b12e4b956bdee4d3eeb3facf41ee1f42e95f1
f2ffc5f00b0bfa00d4fc04a1e20e11d608df45e5d5ad1ef1e010d9dbc6d4b8e1
b105e4f20a0afc00d00b18e2f11b1ce61510f1f6f8eb1ef90b08f1ddd3e393f3
ed1009f9fc0be1c8f201efdb04071dfb261aeefa18dd2dee0e0211ead80cc713
39a707fffdfaff81f8110d5601f21bfc330c0f1df915f4f8f3eae7cbace5ec21
28acf505f7f0fdf2fa06f431380626e2a87ffa061317db41d9ed0fd4e14010fd
ea0bc7cc1809d312f4fcff83d61a19d017fe11ebd6bf23e90b1620f3ccbebdee
d505f1ae0c0bf018f2093bfbf81d21e0260df3fc03cb22fcab09d4e1cbefaa09
bf0a02ea0c15edfae80513c617111cef2f2bde0cf9d329fdbaf016f7bf099915
2ee9ee0c17ee2610ff09e55e22e80fd82326c426cd24cb18ccfbd7eed31a1416
3af5a70610fcfcf4f706106617fc1ae90554c30eec04af3114fd25ffef260f01
440edb050ffce6de06f70ede08f9ffda051e500bcce2041809f6e4f2e003d011
1e08d7f5080cf3d8ff1327f8f50014da30162612b7c21a01d400ddd6cce2920d
b5fbcff4020803e5d6f7e6f60f1618f81a22200fd3ce10facaf923e1da03fd00
59dee902e8f8170503ee1ff6fa2110f6de22140af7d113fc9ecc143c230d0801
c1ded810e80109ddedfe39f4fa220b0e12ff1f12e700c4f394e2dd2efdfe94fc
2402040ef80afed21c081702f104f323102a3608d1eab21221030313f5f59b0a
f229400f070c08e4300f082806edda2a313baaff27f5af0ef41ddc1c0d0527fa
fc164f10181325d941110c4e0df1d0292c14110d0b2cdf03e716df2c1e292207
2b07f605f30c0bdf150d2af6211020f9241ef41ddd182912f3f6200e130d0918
08f2f21c0814efe7021913b4f8080cef1b06d420ddccf6f6ccf403f8f5f12713
08f11f050b0208fc2f1311cce60300050100f81b08ede10530f81dfce3fa0d0d
e9161d1d07fb14f91e03fa02e5dbd728eb07f5f8f801dcf4eb0ccbf8e9141c03
b514ee0214f70e180c23f635faf4ef0bfcf3c708d60ddee81c0d0ffa1d0c3103
16123317070ef0c4f51f14d920ed06fe3701c915dfc41c08ac01ebee14f93e1d
26dff6e6fd0007ddfd1e12e9e7181a022607ab16f6d518febdfa16f6d7fb1818
c304f8b72004ddea0720f997c10014da2edac2fe02c111ed1b0916ecf1c431fb
1c21f0050705ef1a0d12ad02f6010f271025a10be020d7f0ec0aeafeeef6bd18
8e218dbd0ced050f2230c83aeaf9f92838ff071dc8122300a408de0101e6fa22
a5ee443c09130405162409180ce1f21b300ad11cd0f22307d502c01e0428f526
35fcebf3ff0a091b1621ebf7eef40afc1718c216d2c80ef5cfee07f6d1091624
b81cf3de1106ed26e720e2b1dffa01d22cf3bf10f1d90af5d312f2e8eef1fd14
d625f900e5d9e5d7e3febe10e309051a9ffae0012ce9e2f903dbc9c9ddb33704
162783c6e7dbfed50a12d115e9fb091c13f31c19e2bc0c028ddc33f3a9ecce06
dafb372f0d0b38c82923e22728fada240a15240b211bd314f80412404236bf14
18121b040e0a25e10f2dc01f0ff4001522070117362dd114fd0102334411f91e
d4f506f218f91cddfd1fd3f9ec06f2f60df90108000ec706fefacf2b32f1d424
01f8140008f9efca04f9d80407fbf0eefaf5b20502b6deff92f7dcfbf1f21c09
f8068fdfcbdef1130ff9f11507ecf4d4e610d102a481f209bdeac7058b08f5ea
0dbeedf907fdd0fa081306c6bfeefbf408e21cfef8f523edfa04e80003c30f04
1beefce600e7f0f4ee00f8fdc8f40503f5d0cafe002627f8b909060bf7dabc09
a4fe0510fcf80aeaca08cf09d600080204edfd0010342209ea161404fcf1b1f5
21d6eef304f5ead4f318d918dd0714fdf3f0dcee10183e071e0f21f2d2d546f8
b6dd192a0a0200e4f30c0914f80c0ee9fcf50205402d28ffc61dd81f0bf4fb10
2cca1b08ff02f335ed210febc8eefbf60deca2f0fb0c1feaef13dff4fbdaeefc
d8f31a03fee8050cd603e3d901fd090829fbf7e5fc2318fefd0b071bfbfb00f7
0413e202d6e10b1ccddfddde19f1f3020915bedaeff80b11fdea182adf2729e8
ebfbf40bfde420cb0c0aff0b09010ff4f91bbeec0d183008bf06f704d2170dee
1ae01125f1e82520f6fe1cfe0d1414fbf52315eb31322b0dd0f9da07fa264001
99ca22f70bf7f9c7d11ac907f0f0eff20fe1c3f7f82114f4e11417f4fbe0cbf7
39d71908edd713ebece8d5ce2c00f1fee6fbe6d1e7fe0ffefbedb628082a07dd
f1fcf816b2a94c10eb81bdd67f05effb9342e481f5e51025c9ac0044fb590787
3d070913ede210e7c5e3fd00290500f3e21cbbca30122d1519fc05f41909e0d6
23ce1724fdef1fdaddf0f80f130707eee62016e9272c230ef6f915f31f283ef7
00e21afa00f00301f60ec7f2fefa10fa0719baf813f421fddaf6f410ebf3e5fb
a5061f0300f80eebe008fdd4f5000ef8130de3f606fd14ed0b0aef1cf3ebe4ea
c5200a05d5e105ffe6eeedf0300c04f2f73eb8ce20eb1b07e2ef06210b1ffee5
d1f90a17f1f1df31eff9091b120e1b00f63ee3e33c02302707ef08ec18213cfa
25e5fc0aefef0ce6e2f30bfa0a141702d414ffec28182c102ffad71f2c20dffe
e7c008f903fa0ae8db110cfb0000100f10f7faf727ea1ef7ec0b1b09d8f9d7f8
e6f5150ff4e90e26e70c102fe9f107ee07cf0d061c0019fcd30d1cfae407fce9
9deefd01ecedf71ed8fe071ced010af1e70cd0fa23fb2a021a04cefdececcff4
bcd7e60ff8ee07f60001f72711142deae41d0cfa1df9321df40031f30318d208
a6d9ea03ffdf0322ebfdfc15212820fbd423e1e319080c1d3014ea1a090e29f3
b801eddd0c06c003070c339ce4e8d610eff128fbfae9b4d2ee12f7dcffd8b2f0
b010ecee0e1404f90a083dc91305f12c1024c508be0dd806de07e0ff1116f7f9
470ae7fb0c1116fe150108fc22ff06191826dbf7b9f8051d34113110153f17fb
e8bff9fd190c0f320f031825fffdec120d04e2f8f116fc10f327ccf31c00ddef
06b515d51a1216ec1efb08080be6c809f6f41beef934a008181e2204031540dd
2b1e0ff31c0efa0a171327a8f2e3d41b20e1bff6d7fdb2e40c07c51c02dd1608
191a1f0604100e06140b0cefe0f2ea2728f09b15f618cb02acefe812e7031b1f
2d02fcfb0517042316040c22e8f5fa1b20f6ed181bfef708f6f72bffe10b1825
47bdefe5101714da0302fd161903f8041e121c072416fffd0d0cd0172e203004
eaae07ea1a1504e31412ee0f1102dd080e0dbc04f5439cfa04251b2d2f0f1af7
091e4e1a1d0e0cd526090fad04eee71c29d8d0fadf02b4f71f1a1d3f21fb37fe
dc0b3b0b150f2be7280819e60fe2de2a3a00d4110e13b7089bfbde3ff817c71f
f1f01a06131a1afd0b0b1c210ff3e3192d24162932120000e9f7e11bf319e931
d9e7e8f51b1c010a1107eb050a13fd064515f2170e0a09f88c06d60c1d172916
c8cce4ea231327194200e408292101280b25baffea0dbefc8b18f9330828a8fa
22006530101402bcfc0c19c1ecd0bd0c129427fff8fec2d0d728320e5912210e
caf32912181724f50a110d0c34eee90015e9daf91519fef8d518ee264d39c50c
e701181c12182915d61bf43606f4fbf20c07b80a4921160a050ef2194820c72c
ffe02612e40212f9f915f20cfa211c06011c221928070f11aee4fafa1eedc9fd
55e4f4f50e0d11cc190cfae5201b17071d18f506e2d7d101cbf82414fd101a04
ee094e18ff0204e114fedad6f5e2c0f2f2d70adc2a73a2debe22cb207030b4e1
0b1a33e807020bf8180e09f205f4e2e2f1daf4002d51b1fef723d91a671cdaff
adf42ee3edff1bbdef070c16dc141bd6c2f60eff301ed3fecaf70035361c311a
17f518eabdfeedebee0bf4dee22316d2fcebc7f7f5d7def0dae21efdec0d1303
19f6e9d6b9e1e623f1ead4c2f909fec407d8d8f8bdc2c8e1f8edf7f7c612c1e3
2af1f606fafb1f11420efb0e0a07fb06dd1ce10e2330d910cf03051a1d2b2f0c
db39f1f40e1617f12606d81004dff5161b24ceffe40be8170d041efe1035cf00
0c1ce1e014060b2d2606d60a26f2f2f9163cd80dfed8df17cdfb2514fc1dca19
19f5dc011f11fd2d0c11dffc19feeff42d222012f7d7f910fbf61a1afc11e610
e8ead4f31b111dcaf9131ac01705f1ea2728d1ffbac7ee1d06f9cc00f93618f4
1c0ce9c4f2f821fa370ff20efe0c050ff42bed12faf5cc0df5e4a91af0270d10
3517f5f2ea0820011b00e7231ef0080e0808eaf9db23d71ce3ed03101f1dbc0f
d81ac8dbfb0b04c91a09f0f81401fbf819f93213daffeb02a8fdc909000ef01f
aa15e9eff0fef4331704e6e8ff0805f4171ad5100f05f10b06e3c80e01002603
90f7010d0f13efd72119fbe00ce7ebf03515d010f4e2e20a9907d40b0f08c206
c4c9d9dde9d948f54108bf092a19101afe560413c2a9e7233be0db2ade42e507
06e9d6f1050723d014ffdc14091912ff292915f4fdfcf50edbeed225011045f9
d4f7bbcd0917fffffbf5f2ea0f080b08161f0900f90bf9fbfefeff26f01cfb0a
ea0bb0e0edf601c109f7f9ecfcfdfe0ded111e07c6e7ef0ad5fa0d02f2ff4dfd
daf60af4ff0f09cf2615e40a13f1f2f41508c512d5bedd12f309f532250ed512
a4f4fa0deee423060704f2f31d14ff121426f316c8cbf60adfe6c0231a55e5f5
f6e50915f0ef140404fe0106161e13e421ffdcf8dee11d0bcbe8dc0a081cf9ff
52260c25f6e9100cf3f2eb08ff1b05e5dc04c7011f0400f7c8eb253b0f0ba6fa
03291321f5051f15e211fcd01000fe0af502dc020530e5e9fc0d18181e34231f
930a2d19040e1ee40511ff0124f0e70c0a0fff07fd28cd02d11d20213520391b
0e04f00bb1bf3428141dd2e82bff160c13271819c9ccf707e9bfdf44274a1422
32fa09f1dfecf424ff13b9e41df5f9034302fe11afb4dee0abd4fc14e9201c16
ca0421f0d4ed1f31f915d4f01b0614d502e1c01cf6beeadbedc70d39050cc829
fa31680bd6fd2af91127c7df12051715f7f2e72c1539d7ebcef12731390ad636
ac396607e4101fd90e26adf714fdde100aff1e170d39d1e9fb06e92e362bef1e
b9bef8d001f9f02905dcf0dcf8f104f9c911f9f7050a1e11dceae1040f11e0e7
d6cb0adf0a0224ea31f0230c19f2090be317adee0eddff0e2e02cf27132820f6
e8b12910fd0f291135f703bb12ee04f8dbedeff5061de10fe7f8050d273ed7e6
0ceb0df4fff805f1210310f3f7f9f9fce11cdc00f7ecfd1e00f5fc1a11310bec
18e7fde9e702072604fce2ea11fc0bfcf1efd4ec0329fbfdf0fcce061fefb104
d6c5fef616110126f6e910b2faed05e5f7f2fde8f5050a19b706dfed20e0d3ee
acf10c10fdfd2dc714e213ef28ed090e141dcef009340409eef11c0113fb3df4
e4f51628dfe91e2129d226d624e6ed0ee6eeeb02153fe0fa0ec82513131abde6
e1f2090be9dd0e150de7ffcb19f901f7f70804f209231425def8e80b2431b8de
94acf9fff404f7dbe7051dac08fc06ef2b04cff6f11904eeda0bedd0fdf2adf5
1ed6390e10fdf6d3daf5c9b226fc0fdfdbc9050213e7070c121521ef22e5d309
c0e4282be5e2340605e6ffe83e0d01f1d609d8f00d21fd112ac922ff100e18ea
b711001fb7aa43de0caffbf052f2e4179d24edecfa25d01a8c810d3d1742c8d2
acd11a1707e41b0ff0d9fcea2cf1f802ecedbc0607f5f51af6f3c811062415d7
b8a2290b02f7eef0bd01f2cdeafc04e3d7d304fe08180ef4f21f21bd11ff25e8
e5c010e50e01f31bf00fd7b408fc0ae4f9fdcefa03e318fefe09270212efd2f7
c7fd18f0fdf60ae9f5fd0b1523ff03fbfe3d33fb2620f908e1f0c30efd2118ee
9d1012e8e4dd170cf4e9f9f446eaf009f32b30f81016ec0481c4ff33034811f4
08ec1c02fdfe0218cffffcf135fdfefdf902caf40009fe0c9001f202f31336f1
e1c222f30c03fae4b90ef7cffa1018ef05f1cbfe051804e7df1600e317fb37f7
058103f00f0ff4e3f300dcd2ef120b14000ff2f517f51918ff09e3f4111026f4
92c5fde5110514c4f6f2fe0103fef3f906f8dbff08f50bfad5043100ee1213f1
dec01ae80bfbfabb03f5fce815fbf1f1edd49efdf703faf5e7f9040bf0efbbf8
f1c02de005faf8c4edfde3ed030017e4f304e3f5f40105fd0307c9ecf6fbc303
cb0c00fbfbfee002e9f701f3e5100b06f2f6af02f20e0bf5100910edefe5b1fc
e42ed3001410ca26e71a04b2befaf8f32fe9d30b02fa1ce3190dc4e4eec0f215
9123d8f70b05f3e6d0f2f4f3ed090e090bdcb9fe002712f0160706130edb35fa
0d2dfd0c0503e8d5cefee40cf0edf9fefbdf19fa0b1518e9cb0fe8e4dde405fc
ee2cf7ef0d06ebd2eb19c325f5eef607f2f300fd02fb26f92312bef2cce5cf02
95250a240e0ee3d3e52d0deccff7f6fc1df2c30f29111beabc10e9e3e7d9ac23
98f3fe1109f811c02d0ade0e1907f11218440903151514ffbb05cc200b31c400
dfe5f20902f609cff00ff70209ff040c1805bf02f90c0a02e807f0000aeff0fa
b708f014e7ea0dc8d0070d0a02e3ef0502faedf904f9f4e3c8f11c15e9e8fe07
03030d0cf9e715350409f41e0cff0408f60bc3ff00000201f8ecca10ea112c09
430f1822fdfe34041b0d0c0e220bfc29fa36180e1219181112fc191cfd39a2fc
0c061521fcfe13140210c218faf4f11507f5b3fc1b150ff62715ddfd07241305
abf63d38eade00fbd412df02eef4d1010cd5d414fafeefe71be907ea10f1e61a
ee0a7f6181a77fc8e9c5041a5905d51ca356f6e01b4cd826038de0693c6f0bda
c6ff5734ded72fdceaf9ff1636f6e80aedf9aaf80f30ec0609d9d3281e2cb002
da0c3115faf52bf00e0afd1c0d0ff41d15fd20081e271904f504f110121ef100
1a021715f1f50daf1a00aafd1b010cfd0530ebee12fc1407b2fbc21af916c1df
2cf13110fffbe3bddf01f6eafeff010709ffcffc15040aecedf4210feafbedff
2cfa1f0ee2ef1ec5dfee03fb32fdf213c943ebe50e05f300ffe2b933eb35cbeb
fa0709e8faf8f3cbeffa060525e3ed0c020ac704fb1700ec0effe120e707040d
db03e8f5040624b306021cfd0606fe281f1c03ef1a1a23f9ef1c040f1401c7fc
f70bea20f5faf8f6ee07e2e9ff14070e0ff2010b13ef0b05c7fcd315f2f3b906
04e90732f4001404cbf709fdf8fcf80813f7bcff23041602e803ff29e1112cef
22fa0728000905e5d0fbff13e3f6f6f80df20def1beb2cfdd31802fce422b5dd
35eef705050311cef2fe0a03f903fef4121ad0ed07021a0bd81dea1cf92134f3
17f3e7fe060bfbf2fa0822d1effdf7f50ded290003021a0ddc20d6f3e9f4a419
ece2fc16f4e70dfb040a3846361c0510e52cddf60007d522dcfb17370e29da00
f9e7190c050633f9faee023040060b24ed35f901104b0f15f90007204f4edbee
f3cf1e0e1a1d2ef8e0ef0d27410803160213e7ed0f7c191adc240225306726f8
a3a02c26111508cef2fa3d1f3109fd170022f9e2fb251013eb11d01e1559c6ea
c8d63502effbf7be1afa38ff1b09e40de704d7e2f1d8f2fdd602c71f1107ffec
3ce8ab2e150c160e330cf63b24fff30dee22c9090d35e71dc01c1731402db5fd
12ed0efb0f133be007f4062d32070529f524c6050559100fe3061c3357483909
11e01a13f8092acd09db0d0c3a1c130dfc4bf2082269113dd0f2c03f326fd207
44dd312604021b38130f190d2b141406f844a8ff13581629eefc1729253817ff
4bf41e0d161d132c02092b17000d0303fd37bbeb0612fa07f924d825fd20c0d8
a5f7d941110735274feed23923eff51de112bdf0124ad21be1142221411f2403
d4d104ea030a1c2430f2e84130ff052a0b34defa063c0524fffc21171953d2fd
2fead7ead4f9021421e0fd002c060217d946b4e5f319111f0fc4dd08ec36aedd
1bf20f0cf0f4410821e8dbfd6010180cf25bb4fb1947eb2dbfeebb4d2e6e06dd
1df3f5fc212903f8f6fccd00fffcfa101616eff9262adeff1127e309fdfc3aeb
b50f4c3c0efe13ca3fded0251cf8ef14ed26e1f00a3df40bae1ad4183b2facd3
3fe7540d000c07ff16f2f5402408f925ea2cf8f2ef432310f2f60517441b2eed
d4f90fe3050712c201e8022a2413080dde2ccdeb0a3b161dd9ed1a0b173ebee1
2ae0f4f7f50325c906f3faf11c061c0e0f1414060b31e80614e8320c0c0e1bfa
ede0e60b1d14170a0a08e8040a04090a1100e5f40710ecf3031ed90af1f525e9
05a63c3003ed34083902f11b0d0be727ed16b1db3203da09201edf0f30092ece
38d90bf5fcea2b3738edec1d2c19051edb310af1080c0817c0060a2c212ef9e1
1bdb1bdf0a070306e8f509061506080bd818ea022f4c1009c7042912090919fd
26cc0ddefc011de8f0f9fef80e0f0af8f315cbf01a0b160beeff3811ed22ebfc
a61a1209010510c7140ec8f60cf3fefe1d0caef302fc140604200112d4152607
e8f4c7f6fd03e2fdcd0dcc15e9000cf1090bd0e9e0a50ffdf7fcfff0eed2b400
e1ebf210fcfff5e6bbfee7f6eaef0604eacb17ed07f81cf9bc10dad4f8eec506
24b6fb1efbfbe12dc800e7f8ef0000efe0e4dbdaf5141af60d19d5091a120ad5
b2e50508fd08ded7d10efa040efd06f51b06c2ccf6dd1afae322dd11f5210bf3
cce21222f80316e6eaf019f9271b161f0d1f05d90c08050fa626b243432df4ef
3ab0cdff040a0135e70ef63aeafe0df6f706adf4cce3f7fbd1ffe9effef6e001
c4fc0008e7e816d1c7e610031e0507f4f4080ffc0a260c0e04f4dff7e412bdfc
a2f6e9f8d4d7c8c9b6e3f5fa0303fddff601ccda021f031008efcbf0eee53de5
d8f0d716fcf1d62cd30e040f04f4f8f517f70ffb12ee2cf2111cd4dae8d02def
b3e1f8230105f201f205ff0511ff08022634ef041eee0b0b220bdd08011bbe0e
40b4d3f4f3f413da11e7204d120311ffd9041ff0d4faf30ea2ea0fec001befef
b7d1f1fec1ba20d0f0e13cfd4101f1f1c91efbedee14f00cdfc1ff260a3219e7
e8facce09d84fffe1ad11bcf4efaebdf8648d7d7c8d0d335f38e00190b3bded3
950f0605fcedde2cf7011313f2fcf6f80df8200210fd0cfed002c4e220d013f7
c2fa1c21f1030f0817e7d6361609fc08fb3bb7fe1328ff160beddaee10364f13
43c4ee03fcf4fc18f8f0061f090614fcf829eff4fe1b120417fc13dafd0cedfb
57f0ef05ebe212d6f4e20e10471010f4f34707e7f7220c1b0befca00172a19e9
43f8cceee7cfdb2ef101f40119eefaeffd17bed8ead5030c01febbc7f803d3e8
bd110e1700f6d0c9f011f40fe4f90ffe25e7bfe811ef32e9b3090fdd08d9d800
f4150423f10914c1f1efeb23210a0a0efc1dd5ff08ef0411d3f3ba112c1c0c16
c8e2d80613f521cbf6fde8f61a0d12061931c3d814fc1f2632142cfef21ee0f8
fdcdd9080af21a2c04eff02401fb0b08001af0f81df9190dde10b91208182af6
a6cdebf4f4f9de07d502f72e10fb111e1617bcf4130605210213dafe0fede00b
3d1a05fff901e30fde14e108e4031d120ffa2bf90bf5290d101cc9d907ddc52b
290ded23fe040b03eafcee2e10000a1e070beaeb21f505143a23001c3b141102
fe06352309050f1c141bce151bdfec091d284e170a09d51cbb05100e0c0f9b26
1ad3281108f8edf313109d1c0ef703e80f080d06e307ec1bf8e3e71b2f16c41e
95dc0e1807fafec9fa0cd1ff1d05030e0b09f917d50df306e2dcf30d1d2c161e
d509ed0d0a0410dce916030016fe0914242e0113e509defbbddce417111b1319
c3f5e00a021808d7fa1aff1c2bfb07104002d516e21fc9debf0bd4101e211818
643cf8e8ed04f8d80f1bc70ffeeff0fe29dfc90de505df0adee3c5fa2212f01d
200409fc0108f2d5f60ef4ee01f8fee524e21a08cd0bf1f71b010be4fceb0411
b2ca0905080506fafb0efbe3f70f06ec1ced060aecfcfced120125e8f8e6010c
2ff0e6040306fbe4eb04dfe4fafafaf60feefe13f4f5f3fbcbfff0f0e5efc60e
12f0ce1afbf8ecd2e017cf1f1402fc132116ec12e3fdd0fad9e5da07fc1f0416
03271ad9def90d03041adf19f0fefb0e0c0c35121303e51701d094f01009bf12
8edbd4d4fb0ef6d507121207e409010626f2b60ddadbf9fe980ea0d3e1d22f12
e1d49e811716ddc3e12534e79f0516e251abcc12d5b210def425bfbbd388f417
9be0c9c4010bf3ef04060cfdec0d07f91800c808f2ecf2fcd201c2e5dde7920a
e3df0c2aedf40dd4160d851b10050400231dca09a6fed40633e2cf1efb192512
b2e92628fd0314ea0412f50e07f1fb041c22390f082fe012fde60f171c14de0d
ccf102fa020ee521031709fff6faf8e813f5190ef2fbe5f3d2fdaaf5fa04b917
2cf107f2f90109c203021ee6ef0c06f31fd8d00ed8fdfef29d02faf70806fd07
9c0600ff030b0ef6fa06fde60e01f9f30bfbdf10e503f604fdee95f0ebfa001d
0a0c2a2ceffa36c10216b0062a05131515111f180821da0120e500090d280216
2cfbf928fd0107a30e1fe44713f8eef94512b71a1a3bd30b18fef50e3e0c352a
bcd8f82e0601f909fe0ff0f41bf9e9e40cfaff13342ed6222aea20f9211bc812
b1ff1f45faf3f0dcf215dce506f6fbf6fceb15150805e8043acbfceb2307d918
20051c2cf9fdedff010ddd0a0bfafd0b11ff110a2816edeef5dcfdeb13f20c1d
df083721faff04e51517ee1cfcfce91629141d172e23daf6d7fe412adf20d021
d2e8cb1c23251117dc202010311d18034f40191430e91824aa14192210ffbb1e
e3c2e3fd0df2f914ec070834fb06fc1b1a37000326ef191af1fa3011efd72217
3607100e01ec180d02c4f70c03120f0fd5febc100d1efe2699dbe6eb1426c8fe
cc2012fc0bf8f58d0104281bda1412ff0e17d314feef1a17e70ed3fcf0242a07
c31904faf4240cb520fb17070dfd0a123e1bda030dd60b09b31f1bfe05e34c23
47ceab1efb01f51ddb10f51df91c04ed140aaa0415fa0e2d9aedfc1128f7bd13
05bbfe0af4e6050bbd03062ffb00f302f5f8c506000fd90ac9f014f0e5d1f614
a10b19fdd0ba21ccd9ce0f0c06fee5ebbccff2fff824cc090dac1b140d1c0b02
1e2212e2e0d9ffa1e3ee1bfedd1303e6e3e1d106fdfcee01e2dc06f9fcf84409
d325e4ffea041790f8faea15fc1511f71c2bfff503f2f40bb2feb805f2e2d1fa
1ad7ce20e5f511cc03fcd216e2120a08e3e8f009e832f320f1c332f621e10004
22a7f902bfdc0703c2faf832f30cf004b6d1f009e323e50ef0af0fcff7e4fe0a
d722eadee0d4ecfbbbf01be5dbf2dde4ebb6a9f8cdf5b8f4eabfd6eaf8f3fb03
ae2fe4efd4dc0119d4e2f7f4e60ff7eee2ce1ff7e50edd04f5b19bf8f8012901
0a35e2dcd5fc18b7ec03c6340a1310ffee060cfee0ffdb14bbe7e3ef01fbe4fb
25e1e607ed0e110f1308e10f011616082802e906df190722badf021cffe825fe
04cf1311e2efed2ed01e0d15e0ff0104ddbee311e730fb0c2bda0ecf01e5ea0c
f32808fdd9caebfbc1fd11f9edf9f0f4c2aaf1f0e115c1f7fec7d1fa0214d3e7
3c1cfff8dee7eaefddfa0409eaff07eae5e6f100ff0be500d7cfcbfc02fcbb03
f125f8fff810f0dfe715e820fe0817fb0208d6fdd810fd123602fd110df52506
dceb091f1c1b13e30d17d91822281c1b35358e0a24fafc20fcf61f1a1916d30d
14a7fa0e20ee0d27e10cea2b060d0c1304faf4140ae60e0e0bf6ddf5f3e80707
2ed8130e02e30e1be2f5f114f10a0308ccc7bdfde214d918f2d7e210ff07d5f4
aee703f607fef9f4e908e5f0100d09ebf1efa900e0010120e2f6c70818fed91f
ce09e013121cfc090b102d3109151a080f1a0403fcee152a101fa71a1016e01f
b31d67f3090511ce3bf6c41ff6d8d4090a0beef9003fd6050117fd303821f700
122b4df1fd070af7170eb3f207e7efe3f115ecffde27e72a2b15b7202936e905
391d48d414190b1b0e17c6e010f2fcd4f001e207ced6ecfdfd13eb010e1b0ffc
0afd3de9f6f502202525eae5ed0d0cdc380dc900c6a3def105e7300ff301c111
bacb3bc8d8db10f709e3e3f014fdf8cf0aed1cdea89be4f2d3b1ee1eba282ae0
9b1e38d50e11e1ccfbfdccedf6e6de0913e204ffe50cdff22413e621400913f8
ea3133e8070f0f181105c8cfeaf5f4f41edce304070dfd042c0c141648080e12
02074c0813191612fe1eb6edecfdeaf70ef12819f62af91cd811191445fa140f
01021a10b1e718e0fa1dd3f3f5240807b62f23fcde16101807cd040610e1edf8
c5e214e1ebf906bb052ff7e4fc1e10f6020c340cc3e2eef9f0d6f315d9f4052b
f8310dbc1215ecc0f803e3e60207f3141201bbffceffe4edf51bae423b142f05
831af1e0121302231c0bb8d1fc04f91a16faf412fd0bbcfbf4f8b81d270ae90e
971124fb1c15f7200f0881e1f5f1fc0816f3ed0d090addedaa01011d1fd70a21
bcefe10a060c0dd70919f307f1f8001310232d010a39170db3190feadde00b13
b4c5c8f326044bc42c09ef130d19f525e52f0e0fd52ff619c014e8249e151b00
bb291cb61311ee0ffb18fbe4cd07e724130b1205062de8eed2fbf1272df0c01d
f10af3c90d040ccb150cd6eef508fa2801131b0cf338c20ebff5e22532f89812
a3e4eef41a0b07c6180dfe0106f5ef221d1200fd0a14d3fa1a03ad0b1ce60307
9fc9d40f110417331e0bff34e7f5ed1b111da5fd2222f3fdf10df4041f14f3f4
bdc9010a04f522c80f0ad529e9eae51df21db01af748e812c00a9e0be51d10f3
d41408d01015d2350b060fa0b6f9f11b1ddad3fbeee4d9e209f823f7ef98f00c
dd13d7de1c15d8d0171100e0c5f5f42637feea1bdb06dc03ca092202d9def710
32ecc8ed161ad8cb1603080beb06ef2d1c0cf9f7c2fd00f3d91dc9f2ec0422fb
30beeefa1408f10e0efef24fe2fee927090414f4f50702feef26f9eb0407baf9
25b11fe618fb0ec324f9b02e02e9d91dfd0fbbf7fc43ca053615ec0d0d0b10f3
3bcc05e102f63c2a1fe0db0a2605fbf3be1bedf60434e80ffc11c9400a5bf2f4
02f4fed0f9eb1fd402e7e607250effe5acf9c800e005d202d0f7e41e1e1f0c09
bd1cc1cedde416d802ea0ce4fe0919f6eff52bebd0d10100eef4a60ce90dcaed
cc27e5e3dae00f0af5f116e0061c0ee5f5d520e3e517fdf906ecc2f9eef50eec
b224f8e7f5f527161bd41ae036100f15f11325faf143f2fd0effef22101f03fa
32e7f4baedeb0313efe21bf0081318eea501f8f0e5e0d7f5f5eedffae218a2ed
1910e8d5f4f00afefaec0917180409faa9f9dde7dfe9eb04d508b7f701ed0dea
911ee6d8fef0ffc2fe00fc01051309f7e7dad9e0cdea1bf627140afc10efe2e1
9c1df0f5e8f6ff12ddefe6d9000a11d9e3cb08ded0df1deeeb08fbee06ef2ce4
df21bb11eaf5f9d3eeed1dcf0a111f00dddc02f8e904e5f3ea062303ecf523f8
d700ce95eeec050b06fd37ceed1b22d4db07ec04c3cbcc00e8fb9803d6fad207
c809dfd6f5f2feddf7f81e01fb0d190ed60026f7bed5f909de081f00dff0effd
f125e6d70102e7220ff2240dd103170206d3d5dea9ba10eb111b9ed1e6cf14f2
e62dd7f40207fdde03f6fc07fb0e190100e12eedd8cf10e31419e4f80dea01f8
bc1ae718eaf605e5feeaf5cf0e0b1c01bbfd09fbd2efd8e1adf521fbeb07d4ec
e104dfd8fff21ac30c040ddaf91e0fd8d3f4b4f5bcd6d9f424e8d50ee5fb33e0
0920ea05e2e81c19ebf70dfb09121deeb70ad108e0f4cb100ddf44250df62f03
1642e916e8e705e5f8f912e7f9080c01dcedd3f0d2d8f902b8010df601f8fbe0
ea46d504eaed0838f7f6e9f10d101cffe4f6fcf6d6eee1061804b406fdf221f1
cc2fef1de4f508f1ecf805db091a1e04a8050e04010ebcf4a606d40bfafbfd10
d2e007efffe41ffd0ed4e4c9fa05fdcba8f41ae1b6eaebe8e0fcfd080a070ec4
81f3ef00ede720f123e3e8d514230be0b415e8f50bc19d0addf21114150e01e1
021decf0eced1cf207efdbeffa200f0001052dfa19c5b70918f21910fe14cff0
3e3afbefecf11e20fcf4fd1dff1a03fbe5f618e8261ec8041004b621121e11da
082f1f27e8f533ef1bedcf2731010517b51908f72539bd0dba04a431242db4ed
bf39c2000a08decdbb05b60dd2201d0b23ebb50f2cf221fce700eee4fdb71823
c531f0211317d408dc11ddfede01f90437fbb1f8ffd8fef5c20e2cf2e2bac408
f420fb171c14e82dedfcf6cb0feff3f947eb19ed0bd602f6bb12dfe8fe05b40a
492d0cf123240611050eeee209fef61433f218f00acef704d51fef0efffbbc1d
0c1ceafb1d16eb07e503e9e8b018141112f0df0f31c9f6f60308b701ceb13c23
1417c4fc1515f2cef32bd751ecff02ff40fdc00b21e6ff05c30c1df602c5b82f
eb10180f11fb02fcddf111f6220202ed0205f8c5eed93010f7ff13dc10da1fe8
cbe8fe33f8e023ef91d1fe0422352fffe108baf1dcf5301608e914ed101c46f1
13e705fdeef11013c6e7d51132283b000d3021fa20d4261132f09e080b1ce4fc
3209d7f40d200ced0610ee07d81f151e2c0d1cfa2dd0f0f5e01ab4ebdbe10512
32fcdbef0c25fefcf41fcd3fe5f0ff03360e01ee1ae4fa02ce19cfe7fade0f04
410215f705faf0d6cfe3daf1f30b15fbe022cacceecc3014cbf71ce4f7ff33e0
2421bfe8e6e60e2881c8e830083a4901c744f0bef1e442190cdfcfdcdc110fc4
2b17f7c7fff00d2394c1acff3b1932ded051dbe2fbea4011c0fdd0d1e020abd3
c10ce2101020fb19eb1d0f0ff804fff5422220ef1a0202f5e822b3cadcfc3407
0f04e1f301161e080527e8fee61208202cfd2d0d12f8050a130a10ee09d7d723
f301e0f7130bfe0cce10d1dce80bf70605e5f9fb1ef8fd17f90beb07f1e7c302
28181a0210ff1cbdfa00d4e61308fefdf528deed0d2be60dca0d0227023bf8f0
0121080c120b00abeb07f4d80ef4f7e81a0524f0fceef8f0f32fe30de71417f9
c520e018121f0819fa1110f2f3f7f3043b0ae903071519fdce2eeee5020bf810
201ae00a0814d4f0df1ff5dcbe180b1c3001c4112604070eb806e3e419cd1436
1c02ed000711f6f6041de8bcf7ef071037fdbe0a28e70114e205b0feefdf2921
2a12ff0c231df8f3ea2cf9ecf2f9faf53cddfd153d04f9f0b115d1ff1d00f924
331aea201f17fcc5e02a1af0e4e7ece343f82c013eedf6fde32ad60b1def1723
211ed918100ff4e6d31440d0db1006f73c0b1b011b18fd0ce90404032800d123
23b512fb0e0fe5b60e14e3fbf6e2f9e1fd13f9f62221f517c00c10d006fd30f7
f1fdecdf0c060acde3f8b447d30817ffff1f0ee612f7fe21b614eac8fe07b1fd
cce0c0f304feccc4ddf7bc38e41208f30604abf80cfbe8251b10d9b9dbc8bd01
09c9d0ef0419bdf1e2110e16dc04fbea27f02919f0090c07c417ffacbac3ba0b
f4c1eedd0e12c71bd00f25e6ebfbfcd910bce9fcf1e326002612c8c1b4cb32f6
e8eb1d1502fcedd9e706f22ce8e7f8dbe7ef81dc1a342a0e38140cc60ff01ceb
eb0ceeea0002fe1fd9f7d312d70dfdf1f1e7ecf839f73bfe1c0a07b008f0d8f7
d6f7e6ecf41bd011d2f7fc21eb17fbec0efbe4f513d61a15090716d0d2e4dadf
e4f7f2f7fc13d4c1d11412ccd5090fef1eebec2ff2e40510080613cfeacabc0f
bef10a180214cc11dd132cbecaf3fde6fdc0bb0b04fcfffaba0ef8b9d5e7b2f1
c0f604fbfd0af4cfddfec95710fd26d6ede0d1de052b262dcf0711bf28e825d4
9ef2502aeef9f613dee82609051b0cf7c6f9bae7223a3918d8e1e6de310ff3e5
10071c25e0e2eb13e1c9dd171301faef9e19b4e34d06401f21c6fdf8001c16c2
20f53f1f1415f5edcf0e18aee5080ef21db72519151c1ce4f7fd1a1334deaa17
abeb24140b04e2f1a60b0fbfde000001eebd1c150b33f6fdcb07ccd90eefc206
faeedbf2fff7b6f0a911c32cc40921eedab6be08f91613021aff21b4ccaad5e6
01f81e1e04f80fd0ecf70d36e3211a0bdf1ae6ff1a2af51c1cf7dbff1a0cf5db
d9f3cef81e12d2e6ea0d084fe42114210c04d2f4190828120d1016bcebddfbf3
a8fe22250a0ef222cb11e806e60723f80fa9aa0dee0b20e01900dd040eece42b
09fc1b1e0c0bf6cdc20c0be9edf90502fec6c3f4160ef5efc10ff30131ea29e7
bcbcdcf1fbfddb1ca522df12e8192615eec32912ee27f80e1909c8c8cdd8380d
d103d1f50007fccbb20ff83eda2017f8edc8f8fa062304f8f3230394c4be0ed4
96ffdff70a1906c3ec2b1206f1120f01e81217f7074f09e9b024ccc4e7df12fc
b2f205020b18f826e82cc513e6f902eb24db0102002ee8ddc61bdde40ce4031b
abf2f7f3190fdaecd820fcfbe6e7ffdb18a530e10c16e2e1d71ee1f1fcc0e1e3
8bc7d9dd9ac4d322cc1013a7d4c5f6c0dba5c40499d6fdcde8a020c5b0c1c212
05ab171cabdcefcae90d18acf3c0f5ebe4af030ac1cdf2dcc8d006ecd7ddd115
eed3431acbe70110fe2b13c9ebe4d4f9e0beb81ce80de0e51608cf030aff0a32
06bb5d0bd2050fcffa3907eef0dadef404ad081ee01fdff1d01cd3061d052920
a4bc3af5f407fada222ce8f4d3c2d7f50fbf4610f22dc8d130250d0141ea220e
e2acf517ddf40214ee0b0bb300ed1aefd1cb380cb4d5f7f624c3d200b9cd3517
ef941e30d5e8f9e6e60609da0404fcf6e4e8ba0de3d8dbec1bd016fffedbcf03
2d94433fddd5ffc5d8261217f2f2ea02bfdfe820db27c9e2e1ed061b46083327
35c43128eeece004d5261f18eed4dc05f9ca170fe8dce6bdeb16bb0c10f10818
cda4380ef6feda190829050bdddecced01bcfa221413bdddf9182e0a2fd9cc24
2399dbffe8f7030e0620fafbf9e7e6f0f9e6da1dc0e4e0f99cd2260ad800bc1e
e8bbf1edf5fde705e817e51aef00d8ec1203fe1aea12dbffe302190003f9a81d
e7ceec240d16d9e4e51c02e0f7e5dcfcf7dcbe13fbd2f6e6c90428e6d7f70a0a
aee80529f8fede09f41120f6dce9dcf908e5f51703d6d9f2040c2706e3e5ff16
2fd526f6faf7dee2f71912dfe4f4dce7efcbd72407efefe9c60a110220dfcf1d
dbe9e3f02606061609290110e902e504feece6220825d5fbc510cfedda081b27
fb0ef4061b15f41c0524fe17dce4eeee0bf2ca261d09c2fbb60614e206f1dc1c
3bfcf3fc0f0becce091126f1e7feef1116e30f1b0be8fb0ba2010dfed8cdff18
e5ed09fefe00f2daf4191e0bef00fcfd1cf9e51b0ee7d914bdffa9f1eae20c27
d7d701c3fe00ce22f91af6c0031303e217f6081e1be7e8f5b7fe12f2f5c0951e
17f5f8fe28fe0ef31119ff2bfbd1da0cffdde117022bd7e6e327d7eaea0ae71f
4b08e8ea0a04eae90c1b1738f4e2e20310f8e31ae7facaecd206bae7f2d98b1a
3f12d7c00cfdd206071a271ae905def723f24619cfc600eefbfecfcaadd7a227
0ff8c3c30f0dd901fb1114e6f205f4da2e022417daccfbfff7f3b2cfc8dbd422
a9fbb1d8f20dd939e315d6aade06f0de0bed3010fcfcf1f8faefbbcbd0a50307
d20ff4fe0c090dcf03f6ef301dfbf9131c1ac2f9edf1c8f0fa131b0aeef4b2ee
0c2ded0e00100abd21050c1b110412070e0140f3df07bee80918fd23eee1aedc
1d2ffdf2090b0cde1fec42d8ef0707fbe0d2e2e1cf0293f5c20dff15fce633cb
270a00f60608efe4fb001a24e6eae8fd20fdf4f2e5d5bef02620f515ebe5b9f2
a4bfbe0d1312fe14fdd71743fff9fa162b16ebf5edd8eaebe7272c04f7f9d0fb
3805ee3606041c2c10e608381a140d19ec14b3f6ee13f20fc216ec1d0e29eb04
0021f7fc020d0e0f320b03ec000b06fb07121212da27e1f927f5db13df001f05
e717fcfa00fc29df32ee13e40b0bf515fdfbd107f432dc0d2be0eb18151518fe
de110af00a040ee004ff1f17fef6fd1f22f519130f090101bd02cc0513f09b00
a8d6e715fef11904efe71b2313040b20e506d1faef1a2df307f5f40df81e32fe
daff061a0f06161cfbf31029221126150c28bdfbdf2a151ced022f1b2f32eb06
002b1d14120717d52b0df9eb0bfb00f403071818f41ef1f80debcc1f0a23c91f
261f3214150634f53efce6b824f2fef620fce6250329ddfccbdafa2736210739
fdff1f0d030219ff100603ec24fb04f90c09900c1e0f1208e0fd26002025e10f
edd3fd33f5ea40c8ffe9f31c42ff001e0b45e0ffeb1e0b22c2f127262b3bd60b
971bfbdb030206c91af50d26f40a1d0a1b23e50f050306180702da12fb091c0e
9b1205c61c1300d41910d300e2fa0a0c29ddc90be00debf2d30d2b11fbe7e020
be0421e50e191214380fe1dd1e01ee0535eaed0fbe02d9f3e809112630fdb225
24ec3f0a02030b351909fc0b22fffdfb0814c405de0c0203270cf813302f3811
25bd1114f7f21cce00e4f245270f0f0f122acd04f635defedc0ec3193a3b2d0f
890404e60502173519dbe75309fe0711d83f0feafa19d410ecf9f239ce0fcedb
072212ea0b06272e370adb1e140506f6f80bf5f6ce57b108ba0a1144fdffe6fb
f40d0e1a04fe25e43cfdd3dd1d010213e004acf1b54d8f07ddfac95418f034f9
ebf50d230612252a25fcc62b15fcf820081d0bfd0efca926ac0c2c251b23b401
99ceff20f6fa3bce20e2107f2e241537ed2bbf05103acc27f70aed3c3046cefe
bbfe0adb0e0cf3c40207fbc4e711090e1e220a0804121b0dbbfdc8f00f09ab17
e8e307d505fa16e928f8f6dc2f1502160835f709f0fff20aeeffde2c1137ac03
d6ec0ff70b0a2fdb4a0302d127f9f31806122418fc20e508e709da2e2f3c2e05
0be31afb0a0d2afc61ffe5ea2c01010ff436ba20f237f43ce211d623262d010d
f5d2ece6f60e01cf33faf3c2fb070bf108f6cf16e20d0917bdfde9fbf0f0e40e
0ef213e60c0a04bb13ffd6e90901fffc260b00f20b300e01cf09daf012172706
fe07eaf806020ee018eef70416060610163be5f11d311712b308080aeaf9c9f4
fbe10a20000546ba03eb05072dfff62c1412c0090128fc06d8edd51d0c0f3bf6
1ed2f5fb15082ae713f9edf52a0a100d2ef8fb0508260a18ae0d35273219aa03
06b9cfda040d47f736fa19d31c1a1906040e1102ce100a199f08e7030332cffd
b9e210fb030613fcf5edaad10b0414e7fcf2e9e301141dfc15fe05fc0b101add
f0c203fffae7203104f3d7091eebfbfdfff926f919df24ee11fdcf17f320b2f7
9fda1744c4bf57d8048dca4a6f03f52ea84ebcf2280cf71fe982fc7f1e7f37d7
31db1b16fb0c28ddfde2cbe246050403fbd9151108fa12fbd7f50331073a2e02
f7ce04fa0e0929de10f508b3091624ecfd0731e9db110411a3130516132105ec
9ae1f3f1fef108220bfee6f600181d012a1edce01e181019e3e42e0e0808fdef
2dd7fe1006fa1fc12905080e111010251f11f5f6190e14fddb04201dea122ff0
0df9ec08fe070d10140bf72aff09ff2c1c0bd7161a1b19fbe4013621dcec1a06
17040015000ff91d140df0121d130a133524b2161c0c1c0fe707e718e8f40a1a
bffd13e109ff28dd2dfb03e91c1a2b1a082df9fdfa1d0110c004ca2aff42dbf6
2eea12ed060211031304ffcc0c131524154bb4f7160f1519d3f91a0f1829d3fd
14db13fc06e933cf57f3faea4520161b045e32092114092115f4f439183c15f1
fffff7f7080334d53bf8dd072913180e0f2a27122528fc251df72a3c1916c9fc
99e511f40d072a184502d70b2802190d1432d506190f0f21bb0bd938192ad3fe
32d91cf10cff18c448f3fbf51c0e17faff20f90a13ff1110d705c7030726c3f4
aaf3e0d4f0f3cde5f5f5caf5edf6ecf809e0c7d9294cf5fafb0f1be314ee09df
42f4dddb08fccefff610f922ddfd050d26d92af00d3000f3be030cdcfcc2c2de
dde7f21b0505e4deecf81e13d7d6e40113da02e3fa0a07eacafedcd402f3dccf
edfd14200300e906de0b1611f8f0f9fe32e802eafa010f01060ed6d61b06f2d7
e3f3fbf3eb04c9dcdde5fbc1d1f6daf029cfcdc9050df5de0f070cdffddb38cd
dcecd5dbfdf8e904ecf8dc07f6f2fafe00e5dfe40ffffdf5dcf9bc0b14e705e5
03cbe2db0d07d7dac11cf320c3f5ed0c2ce0c5fa1d2112e60003d4e50fb13500
ec050310f108f12dccf91f23dee6ed1220fbe1f61415e9f0c0f91edf02dec6e3
1ed4f822fb0fe01caee9f42dd8fe0c091fca15e30636e7f9c31df7bd49c932e8
2fe01a1005fcf619d8f5e216e8f7f108fcd81adffe29fde4132035d70be434d1
a5f1e9020bfff5e4ece4c323edf1fb230beea0e50602e4fcfcf1eae01102d9d9
22ffe9f7effde926dcfe1b2ae1e3ea1619c1feee0325d3e1c5d5c0c4efc3d3ea
1621c603c1bef41ae2064613e9dde316ca00fe130b1db6f31cbf1cd8f2d1db12
1e16f80fe2dadfd5db010d12d9ecf6fae9cce1f71021a7fdcbe6ffb52bd2de0a
e81715e9f406e8cf0eecda39f6f1f514ed010bd9f708e1f3c0ffeeda16f60de0
e6dfe91502fdec1fdbf5bc2cd8faef2e28f1b8f1e709ecf6c5f40de711eaffee
0febddf9eff4d20cd00bf234cdf0ef0a01dadff3f107f4f5d6f8cad109ce3df9
f618d2d5d4dadb17e2011b13d1e5e809c6f8dcf30803dae5efc820bde9be2e03
f509d9f0ebede9c401fe3b1504fe0b0ae8ebc8f3f50ce7fa04e9e9ae16d0ebf7
2ef7eeebfe10e311f5033119e5f8eb0a0ae1ffd6dc20d4d53302ccc4febeb0dd
f9bde21df0f2e4dcd5edd11aee080102fbe5d2e1f107eaedff0adef030e1b7e1
44e501f2f4e6d024ccfadc4ed2faed05e7b7b4eef72900ea0f1109c70ad33af4
2a1e0e0009ffeb1de2eed112e5fef80eecd1baf3090bece9e7061cf5f8cfbbd6
c5f513140d05dbfeedf7e9f9fff4f5ff13e3eee5ed23bcda181ad7e800ec40e6
bdd6fa04f308c90fcee222e8c4e8fcef02b0f7cf1121d3c22e19f8bceba611c7
00000000000000000000000000000000000000000000000000000000000000c6
00000000000000000000000000000000000000000000000000000000000000c5
000000000000000000000000000000000000000000000000000000000000002d
000000000000000000000000000000000000000000000000000000000000002b
00000000000000000000000000000000000000000000000000000000000000f8
00000000000000000000000000000000000000000000000000000000000000e1
0000000000000000000000000000000000000000000000000000000000000081
00000000000000000000000000000000000000000000000000000000000000ff
00000000000000000000000000000000000000000000000000000000000000c2
00000000000000000000000000000000000000000000000000000000000000c7
0000000000000000000000000000000000000000000000000000000000000003
0000000000000000000000000000000000000000000000000000000000000036
000000000000000000000000000000000000000000000000000000000000000d
00000000000000000000000000000000000000000000000000000000000000f9
0000000000000000000000000000000000000000000000000000000000000004
00000000000000000000000000000000000000000000000000000000000000f9
00000000000000000000000000000000000000000000000000000000000000fa
000000000000000000000000000000000000000000000000000000000000003d
00000000000000000000000000000000000000000000000000000000000000c7
00000000000000000000000000000000000000000000000000000000000000f5
0000000000000000000000000000000000000000000000000000000000000036
00000000000000000000000000000000000000000000000000000000000000f9
0000000000000000000000000000000000000000000000000000000000000011
00000000000000000000000000000000000000000000000000000000000000f9
000000000000000000000000000000000000000000000000000000000000005a
000000000000000000000000000000000000000000000000000000000000002c
00000000000000000000000000000000000000000000000000000000000000f9
00000000000000000000000000000000000000000000000000000000000000f9
00000000000000000000000000000000000000000000000000000000000000b0
00000000000000000000000000000000000000000000000000000000000000f9
00000000000000000000000000000000000000000000000000000000000000f9
00000000000000000000000000000000000000000000000000000000000000f9
0000000000000000000000000000000000000000000000000000000000000036
0000000000000000000000000000000000000000000000000000000000000006
00000000000000000000000000000000000000000000000000000000000000f8
00000000000000000000000000000000000000000000000000000000000000ee
00000000000000000000000000000000000000000000000000000000000000f7
0000000000000000000000000000000000000000000000000000000000000007
0000000000000000000000000000000000000000000000000000000000000032
00000000000000000000000000000000000000000000000000000000000000ff
00000000000000000000000000000000000000000000000000000000000000f2
0000000000000000000000000000000000000000000000000000000000000088
00000000000000000000000000000000000000000000000000000000000000e8
00000000000000000000000000000000000000000000000000000000000000c6
0000000000000000000000000000000000000000000000000000000000000045
0000000000000000000000000000000000000000000000000000000000000001
00000000000000000000000000000000000000000000000000000000000000f6
0000000000000000000000000000000000000000000000000000000000000022
00000000000000000000000000000000000000000000000000000000000000df
00000000000000000000000000000000000000000000000000000000000000e4
00000000000000000000000000000000000000000000000000000000000000e6
00000000000000000000000000000000000000000000000000000000000000f8
00000000000000000000000000000000000000000000000000000000000000d7
000000000000000000000000000000000000000000000000000000000000003b
0000000000000000000000000000000000000000000000000000000000000026
00000000000000000000000000000000000000000000000000000000000000e3
000000000000000000000000000000000000000000000000000000000000000a
00000000000000000000000000000000000000000000000000000000000000f9
0000000000000000000000000000000000000000000000000000000000000056
0000000000000000000000000000000000000000000000000000000000000042
00000000000000000000000000000000000000000000000000000000000000db
00000000000000000000000000000000000000000000000000000000000000cf
0000000000000000000000000000000000000000000000000000000000000021
0000000000000000000000000000000000000000000000000000000000000004
