0000000000000000000000000000000004ff01e9fff3fbf0f9e9f407feffffff
0000000000000000000000000000000004fbfc04f3fdf612f2f8180901ed03ff
00000000000000000000000000000000f9f2ff1e0d0907fa17e0f9f8fd0100f9
00000000000000000000000000000000fb0ef3fc1504fcfb0ffb1e01fd03eff3
00000000000000000000000000000000eb04fc03f7fff804100e0a03f7faf810
00000000000000000000000000000000f70b030205f61010000e0604ff04160f
00000000000000000000000000000000fb0efb0407fe0fff0f02f2f5f8f40dfc
00000000000000000000000000000000fffdfa0f10f9eb1503fceffa04fcfe01
0000000000000000000000000000000002110f0909f804030df5f500f9edfa06
000000000000000000000000000000000000000000000000d40ce4fed936fbe2
000000000000000000000000000000000000000000000000f5110b52d4452528
000000000000000000000000000000000000000000000000faf0fbf3111ffa37
000000000000000000000000000000000000000000000000ca22422abdd318d5
0000000000000000000000000000000000000000000000001e02ced91e0e17ee
0000000000000000000000000000000000000000000000000043f4dc0f4bf0bf
000000000000000000000000000000000000000000000000e0fe12db230bec1a
000000000000000000000000000000000000000000000000320ae9e0f52308f5
000000000000000000000000000000000000000000000000f8250af02a481106
0000000000000000000000000000000000000000000000001206e341a1393de7
000000000000000000000000000000000000000000000000f72b0602bf1a30e6
00000000000000000000000000000000000000000000000093a1eed2041ee7dc
0000000000000000000000000000000000000000000000002b21e6bf43230b0a
000000000000000000000000000000000000000000000000f3e7d8050f0bc308
000000000000000000000000000000000000000000000000c22eb4ef45d9aa36
000000000000000000000000000000000000000000000000200dbffacdfe372b
000000000000000000000000000000000000000000000000fd20f751bef5cbf9
000000000000000000000000000000000000000000000000f720de081a13e634
000000000000000000000000000000000000000000000000e12637f01248ce2e
0000000000000000000000000000000000000000000000001ebc3d06acfc04e5
000000000000000000000000000000000000000000000000f3f0f4c11bf8edd5
000000000000000000000000000000000000000000000000dfd2fe2d3b1709f1
00000000000000000000000000000000000000000000000049dc0e26ce1434eb
000000000000000000000000000000000000000000000000da37b7dd16de22d0
0000000000000000000000000000000000000000000000000d040bc2f9053b07
00000000000000000000000000000000192112b03fd90a4c1be2c02f26c71531
00000000000000000000000000000000051cbbd11bba081918bf45ed1dcf1a02
00000000000000000000000000000000f831d3fcd7effd241cf7371c03e8f9ec
000000000000000000000000000000004b3e1b29fdcf0ed50ceff72020f006fc
0000000000000000000000000000000005f4512e420a4ee3f0faf6faf3cdd81e
00000000000000000000000000000000f6ebf440eeda060333e41b3003beca12
00000000000000000000000000000000b000efc9fb2ae42b1820feda2f13c6f3
00000000000000000000000000000000e2feea0616e826fe25313e320c0ec5fb
00000000000000000000000000000000ed18e61cfa15c80f0de436fa2b18e5bf
00000000000000000000000000000000ea1c3d221b11c0cbe5b33609beca14e5
00000000000000000000000000000000f8d3ec287fee4cdcea2901d7f20d28e3
00000000000000000000000000000000d13619f60be4ccd5e0b0e1ec083ce61c
00000000000000000000000000000000f4b04b3e071db811c6da5514b4d30810
0000000000000000000000000000000008dbf610ed33eec216c3dc27c838e6df
00000000000000000000000000000000e92929bffeecd6271a1cceffd1d2cbf9
0000000000000000000000000000000050300d051cee20e78af7c235dd23e918
00000000000000000000000000000000182ff705ead49dfc28ec0efef3f1df15
00000000000000000000000000000000c7173a1fdbdd096d14fe0b0bbc58e9dc
000000000000000000000000000000000315f0544d13b6f8070e1e1ee8143122
0000000000000000000000000000000003f436352fcf150905e117c93a4dfecd
00000000000000000000000000000000271c1cfbc4e616f4eb00cef33e34e9fc
00000000000000000000000000000000df09f8ef256c4302230d2602edd1140b
00000000000000000000000000000000fe0ee00b3318f957f7f5f3001bfd18c1
0000000000000000000000000000000059162e08bb10f9111228e3dfa0f53af6
0000000000000000000000000000000011aff9e31712d957fa0c00b6d606cd47
0000000000000000000000000000000019ed0ff6ed27f9bffee123e509c5fdce
00000000000000000000000000000000ec15132ae7f6e9de2cf0ff15f805fd2d
000000000000000000000000000000005728ede8fc2839cf2429d3e32ac8cc23
00000000000000000000000000000000fde743d63342c72dc018e51bdc10f900
000000000000000000000000000000003aeb42f114e8120826ff46bac1c204fa
00000000000000000000000000000000d72739f7cd040af3eef4e811341d6eea
000000000000000000000000000000001909e5e02d90050b2b0ba8c6f5c50df7
0000000000000000000000000000000007be0101163303f3ce2c0b6f18ecb320
000000000000000000000000000000001fffbb0bf2e7f3261c11030be8e9f2d4
00000000000000000000000000000000b9c21d3b2ff2b5eeee2600f93b0250f9
00000000000000000000000000000000e911be3bc7e213ccc3f0c928132c0fb9
000000000000000000000000000000000ff1dcfeb81b0e28e8ef51fa2319d4f6
00000000000000000000000000000000f4abf1ed25d31cf309eeffd606fe95fb
000000000000000000000000000000001afc2dc6df1c2b26aec5da0ee4f66241
00000000000000000000000000000000d72120eef1f4a0e0fc12d6ef22f5561a
00000000000000000000000000000000f3093aec2f20170ff700e7f701f41811
00000000000000000000000000000000382e052913c114fa38a023c314d548fe
000000000000000000000000000000007c07ff2be0eeee4bdb090b0bf624b003
000000000000000000000000000000000449e6d6f43c33bf230fc4e5e620f7e0
00000000000000000000000000000000de2a27041c1d39e01918fe3a34bf1084
00000000000000000000000000000000131b05f5190a33f3e4d5f40b0bd1f4f3
000000000000000000000000000000001911edd5ed04262dfa0305c103a5f7fd
000000000000000000000000000000000710caf7dd0b41c7c927cbb838f01d02
00000000000000000000000000000000eef8e0d531f8eafb0b214aebe417f2df
000000000000000000000000000000000ce5fe0ff743e711052e2aea170bdc19
000000000000000000000000000000000002f43cfd2a0eefe6e2efe0fbdb1e3c
00000000000000000000000000000000013444d3ecec31d213d41ac0eeddfafe
0000000000000000000000000000000020f6fdef921e37731fb4d3dbc3e7c118
00000000000000000000000000000000dd01d72108bf3ef7f8da01ff1e2a0501
000000000000000000000000000000004e0ee0172f04030737e9ef24290ef326
00000000000000000000000000000000f030eeed50cd12eaf72ed703f01ae402
000000000000000000000000000000007412ea01c80fd8fee631c40ffdedfe09
000000000000000000000000000000000b151ad4ddc0e40d181d00f82ed3c3dd
00000000000000000000000000000000d3ed07fa00313ed1c6fd270fd12efa0c
0000000000000000000000000000000001f102f20be2290fe7d80a17efeb2e00
000000000000000000000000000000009b9cfd182ce426dae630c20dc71f07f5
0000000000000000000000000000000017eb0806ef4f153a5be7f7023fd21cee
00000000000000000000000000000000e894a7dffb181f0cc71c060548eb01dd
00000000000000000000000000000000f339d40709dead152818d918fffc0d1b
00000000000000000000000000000000f14ebfaa47b0c9c8baf4f20ec7070ce4
00000000000000000000000000000000de141a080d3fd932dfcd0f1f2917caef
000000000000000000000000000000002dc6195306ff2f184115f90508eefafc
000000000000000000000000000000000507023ee6f4d44847fcb50e6615ca21
000000000000000000000000000000001baec0f502534727d716ff0aedc3e808
00000000000000000000000000000000f0fbd8e503f45b0bbc16fa20eee8a0e1
0000000000000000000000000000000041f104ece2f836f8e01eb51719c0faf6
00000000000000000000000000000000af1ddd3405e2ee25090f1dfe0bd12125
00000000000000000000000000000000cc021fe405fdfb252610fd000f16f3d2
000000000000000000000000000000002e0740212504b9fbfdfb1126131d03d6
000000000000000000000000000000003938c846ff361402d0e921161df9cef9
0000000000000000000000000000000008e104e8e8f4ec1a00c114ff93b85e24
0000000000000000000000000000000044a1e0a861f6f36106dfb1061fc5c626
0000000000000000000000000000000017d50142d72cf0e50ff9ca4e324ef4cf
00000000000000000000000000000000073c1112db2612db13fbfc2c030909dc
0000000000000000000000000000000020dcdeea4608e6113d26813ee117df25
00000000000000000000000000000000ebeb09f108db2b3c310d0bfddd0f44c8
0000000000000000000000000000000034f71cd33f25c90cdfdcf3f7d14ad6f1
000000000000000000000000000000000719f1270fe5ff9f192306eb0e0e0cf0
000000000000000000000000000000000714fd3cff1dd0fdf2f9023125de00d7
00000000000000000000000000000000ca46f8f5100de0073bdb48c95debc3f2
00000000000000000000000000000000028113f3081fc6f13fea45dfe308e121
000000000000000000000000000000000f27c1ed151b17e2aa2a05ba20d614f6
00000000000000000000000000000000cbb70bfc3254150db71b01f0f700fcca
00000000000000000000000000000000ed2febd113ea1f3a34fefbfa153a5446
00000000000000000000000000000000efedea0c29ece9bb25d8c10614d30b5a
000000000000000000000000000000001313de4827e2295afd40e527e8f10ef7
000000000000000000000000000000002681b9dff5d4012f1d8b0ce4ffd1260e
0000000000000000000000000000000018fb260b423e1605faf648081b19dcfc
00000000000000000000000000000000f7612de8d1b637e4e942bcd9e55ffcd2
0000000000000000000000000000000010f6d327012df8d4fb1d363c16efd1f9
000000000000000000000000000000000ed6cd0104eee40dea2a364c2ded1f12
00000000000000000000000000000000f8d30f1ae0222d0140cffea8d7213b01
00000000000000000000000000000000c40b02ed0abe0dc5dbeb071dbbcc02e7
00000000000000000000000000000000131da6f3f1d6dde61e67f5f8ef3bc215
00000000000000000000000000000000eee609e8270ec418ff0811fc3414092d
000000000000000000000000000000004ab9be24dbeae0cb5da1afc03d1f2d00
0000000000000000000000000000000016bfcbb71eab12efedeecc1544c613cb
0000000000000000000000000000000062010a1f2d10ec1dc4dc082b1d50f71b
000000000000000000000000000000001f1fc013ca011010d5c3135ddefdf72c
00000000000000000000000000000000d32f16ecebf5f52219dbd4f8e9f5ecf6
00000000000000000000000000000000d9eaebcc3c0ee319371a0ae72cd10ff9
00000000000000000000000000000000e307f1eae606f537fa0c1500b607160f
000000000000000000000000000000000cf3e500e89f04220201c5d22575ee02
0000000000000000000000000000000011d812e7effd521c421117cd450e20f8
00000000000000000000000000000000041f40ca41e1fc14b003130c4339e2d8
000000000000000000000000000000002b01373222ce003720de4cd1d5cecd52
00000000000000000000000000000000ffde15edebe12ef10f17d8080aece9e4
0000000000000000000000000000000038e032010cfc2bdce1fcfe1a132af4ef
00000000000000000000000000000000271f02cf22f4ed190935b050f4a3c737
0000000000000000000000000000000004001c1cf82ceea5414a0520b6cd0a21
000000000000000000000000000000002307f0eef301f6fa1a11fb0408f03616
00000000000000000000000000000000e0d72b0c51dcb81d023606c324aeda02
000000000000000000000000000000001833350cff0ffc1fb70ad7ee065533e3
000000000000000000000000000000000d08f108d70239eb0a11d415cb38fef9
00000000000000000000000000000000eb4c08c913150dd3150a2cf9e144cbe8
000000000000000000000000000000003919e8eb45efffe1fff4fc53c4272bf8
00000000000000000000000000000000f13bfad90a23efe23f005627db1e141a
00000000000000000000000000000000edf8390e0ff4111502e247d595e1e6d0
00000000000000000000000000000000222c4ef6b3e52efd1af9c62c1ae910d8
000000000000000000000000000000002328dd2d1401d12c1a1c35edfb0eec30
000000000000000000000000000000002c0af9e9f52012e357f60235113c08c7
0000000000000000000000000000000021ef240d0138d9e6f3e0d0ccf80a431c
0000000000000000000000000000000012f00af619ce15ff21da09f3dd147f17
00000000000000000000000000000000d714d108d81023f3dec1d4d9e1282440
00000000000000000000000000000000fefa251022fb3a1b02d808ee812af603
00000000000000000000000000000000442f2ee6ae2c001321c60f32c43f43f2
00000000000000000000000000000000c6e04e16f4dbf70b1715f9f5ec12d732
00000000000000000000000000000000ddd0224550221eff1ef2d6f11218190c
00000000000000000000000000000000e3fcf0f3ec31f106b00a16def0e0e000
00000000000000000000000000000000fd0b0bf33a24e14c230caebbf4fce8eb
0000000000000000000000000000000013acc410c13812bfad1015051ed9eaaf
0000000000000000000000000000000009d22f292d0cd1d2da02eae6e6f8d6ee
00000000000000000000000000000000d2c7e83b100df0f61e05f553f5ca0212
0000000000000000000000000000000024e921bfe3211cb62ffbe8dc1f0b08f1
000000000000000000000000000000001e1a2f03c8ffeacde931f219053b0bc2
0000000000000000000000000000000017fa0dbe0816dbd0c0de052822e9c72d
00000000000000000000000000000000b0d3c41c02e9181906d4e8c60cdf29df
00000000000000000000000000000000e7f72d1ccaed0d15dd04ee34fbfc2c05
00000000000000000000000000000000f84106fff1c9d6f501ad23e0ed0a08d6
00000000000000000000000000000000d73ad928c5d6ebdbdcb43306ffe5d607
0000000000000000000000000000000018ed152bf30912d2f9272f31e5d73aab
0000000000000000000000000000000022fbfbf5c4f1e30ff2e177bfe0323b58
000000000000000000000000000000000aec0d112217dbef071dfaff09ee2f71
00000000000000000000000000000000cdfc15f1f025dc1b19f60b0f0e372950
0000000000000000000000000000000091ff216605362b320c0a2b05cffbe3f9
00000000000000000000000000000000e00b07f106f8050102fa09cefddc2a4a
00000000000000000000000000000000e5390c251a03cdcaf0fcf41cecdcf625
0000000000000000000000000000000018c3fcbb6ceb2ee1dbf716fff7e2f034
000000000000000000000000000000000caced1102f9182bb2e14e1437e7b624
00000000000000000000000000000000e41011080f38e64514f526ef041dcff3
00000000000000000000000000000000b759c31d06f4e1dfcd31492ff7eeeb33
00000000000000000000000000000000d0f3251a35051058fa26065af9ebf637
0000000000000000000000000000000002392a0ac6ee06dbd11efce1f9480008
000000000000000000000000000000002dd1bce9e706d22745e7090ae1f72825
00000000000000000000000000000000eb633a2fc924e314e5f5cfd300e82212
00000000000000000000000000000000cf0909fff017da9f113ffad218199a05
00000000000000000000000000000000ffdc1ff1262a13e0df9e04e3fe1f12db
00000000000000000000000000000000251120a705f018f1f2cae803fce00828
000000000000000000000000000000000eebf7de17ee64b83137cffcf5c02a13
00000000000000000000000000000000452445c8222209c6f10ded1d23eeeed5
00000000000000000000000000000000d62312d146d0f003e7fdfc5c2801f7d9
00000000000000000000000000000000f8cbfff2c6b0e0394bf86b05db1dd1b1
00000000000000000000000000000000e4c8141d0704dc2be003eafe1ee0d6a2
000000000000000000000000000000001f0e38f122c9d027cf0be906d0cdf2da
00000000000000000000000000000000f2ec2ef6dc14cca956a805b9f0fda8f8
00000000000000000000000000000000ef08fc154bcd3844f8fb0b3344061917
0000000000000000000000000000000023d90d1807fe07400b02ff36c2ece004
00000000000000000000000000000000ebeefffb0bf9f9eaf5d2f8f53701e9d7
000000000000000000000000000000005559f949d015f701c5bcd4df090215fa
0000000000000000000000000000000015c9d636eca70a2ee900ebd0d2cdb2cb
000000000000000000000000000000008dcc11bff1d503001514cc2514393618
00000000000000000000000000000000bc1541ef21bc100f3551e1f0a4d624fb
00000000000000000000000000000000e010dd4ffff7f9f0ddeaf122e1e310ed
00000000000000000000000000000000d01dedc12418d6ead314071723c9fedc
00000000000000000000000000000000d6ed2a0a3223412a01563603ccdf0edf
00000000000000000000000000000000e5112b1e55d2e51b090c1e19c71821ca
00000000000000000000000000000000dbfdf010032306139de71e2936f42a39
00000000000000000000000000000000090cd9f703e6f211cc0a23115cecfcd5
0000000000000000000000000000000061f92021f53ab70d161a16f831f820f5
00000000000000000000000000000000120b1116d20cf4b13312eac90901feff
0000000000000000000000000000000017cd0cb92bd7ef220b41f6c5f9171a03
0000000000000000000000000000000053eeed2bcea91d19c62bd146b50bb209
00000000000000000000000000000000c37fc1dbf02443d5d216f6142a082525
00000000000000000000000000000000e6ca0c093354f5e5ddf9f83215cafff0
00000000000000000000000000000000edfde6fcc4cd0558fdcdfbc4e9e415e0
00000000000000000000000000000000eebf04381efed938d8fbd8d2eabd0323
000000000000000000000000000000003424de1fe45ff1da222ae0f6e907fb54
0000000000000000000000000000000029efecfd0ad70ca5de12f000ec1ee530
00000000000000000000000000000000fe30f9e401ed0f07f5d7ddbb2d5b0e20
00000000000000000000000000000000ffd7fbcd3ddd0d2723e6b820e7d3f20d
00000000000000000000000000000000eb2ddcd8a3ece7001e0e151619020fff
00000000000000000000000000000000140fbb24c1e9dd1a18223c0d04ad45bb
00000000000000000000000000000000e34132c5ef5fd4c72908daeb1306e103
00000000000000000000000000000000ad7f1fc04117e306fbedf6fd2308fa47
000000000000000000000000000000000adefd4119f0e0dfe3e02b14dcecd200
00000000000000000000000000000000e4da2723342abffcf2d73b1dfafedb37
00000000000000000000000000000000f6f80944fa00d10b41e802ffd1d3d0f2
00000000000000000000000000000000da0635d4b3bf01d89f0214f8fdf30600
00000000000000000000000000000000171b0117cae51432fad209eebb0bd50d
00000000000000000000000000000000f2f6c7fc2940dc1327ff09fc7fbf5135
0000000000000000000000000000000055ccebefc1d513f023fff326f4fe9afc
00000000000000000000000000000000c8df2ff508dbfc520feddd151510dc3f
000000000000000000000000000000004104b811ad89141222d7f16bd000ec12
00000000000000000000000000000000254bf7051729f5011ff928e8fb0d240a
00000000000000000000000000000000f5efd21c230e2f0ac6e220f61af7e31d
0000000000000000000000000000000027eabc27eced1609f30fc734ef2a0229
0000000000000000000000000000000009163546b817f34428ed173430dfc7e7
00000000000000000000000000000000200b02d6c7b13ef13c2607f9dd9dceca
0000000000000000000000000000000046f42b2dfb41c5df3025d4071cfbdf01
000000000000000000000000000000000ee6f6fe11e0a9180af811b4f9e80427
000000000000000000000000000000002222dc7602d4dd314ec5f61bd20f36dc
0000000000000000000000000000000006dbe111cefafe140438e220c8391c12
00000000000000000000000000000000d62426681927f1d2fe13f107230902f3
00000000000000000000000000000000435d171aef1cf8e8a1d5a6baf8ccf161
00000000000000000000000000000000f809e514282421bc3110bc19e8e400f6
00000000000000000000000000000000d8e6e7ede1301508df0c0c14f6e9fc04
0000000000000000000000000000000003132e28021cf2012615f029542e203f
000000000000000000000000000000003306f636aff9db25e659e2de0efce7dc
000000000000000000000000000000001bf8ebbcfe36fb08fafff0651e5a00e8
0000000000000000000000000000000021fb4ac92bdb21f1f7cddfcf1f1afc08
0000000000000000000000000000000046e9f154c4ffff54d601251d2905fef3
0000000000000000000000000000000009111b112f22fbd7f9e642022aef0ad0
000000000000000000000000000000000ff1fe05e3f5b8cb131653ede42708f8
00000000000000000000000000000000f7de0217fe1d28e8ef081c21f7f635f2
00000000000000000000000000000000c621da2c91e0c415cd0e1ef5e2dffd18
00000000000000000000000000000000faf9df202beacdf2e9e93ba3e4173ebd
00000000000000000000000000000000416a32f7dd16f1ee0a1146d12e01f4e4
00000000000000000000000000000000bbf6d253ea1c01d32eec3b12ec30ed2e
0000000000000000000000000000000036e30b01cd30023b2115305afdfd044a
000000000000000000000000000000000aead0ddd8fde1e70bf4e7c5e48e0ec4
00000000000000000000000000000000dc0ff6ea2e0cf3d5d8d3c0ffe8200b1a
0000000000000000000000000000000003e4fffbec19e8fb2414233a20b534d9
0000000000000000000000000000000047cdbff12413b8e001e4fc18ee3e2ede
00000000000000000000000000000000e9422df8f9ccf6f7f63afef1ed4914dd
0000000000000000000000000000000020cef90d0ee9e4352412dcc714eff3ef
000000000000000000000000000000002d3d3181ec3a11ee1913ccb914d1fc28
2f2dec01122a741f14b80b13e32013482bdb2decfafcd9d72307f7f54602faea
d0b8aff30df7cfcf2a57010344071b47ffbd410cf01eff450e4503d6e61af116
30fe45ff4515e25c2651d3fd1898e2e7acdeca09751513241e201a3322f508cc
2e37fedf12e4df351f1efb24dbfeead418cae2f813d0d4080ef2ee0aed5720c7
d430c51def0602f4f5df08fa4b1df4181df0c93b1512e52a3d54dbefe6fd1edd
14d9d90a2d12fe06ddd4021113031e1818f5151b20f6c417e6d5072c2418fde3
02d9f1fcf811222fffe0f5cc23cbe42de3370df3dfb0e1372037c4b105eee813
1e2e0c18dffd15beef3d080e3ddbf905117232c8a4f1eafb1ae7034aee0ff83e
411ae2c8202a451911dae00223d8ebe2f731fe38264b8100cb1607e71ff85be9
a7e1d9330d3509db2a2cf4e4063de2523410e9c72c30eb0cd33511efdf02d212
14ec031838e6ebe244092f05d8ca10dffd36e3e00836060dda30474c2b08ebdf
bf214fed331e03e7ca2eefe412e22ddfece53bdf71fd0ddee9f8030e07243003
f110d7061c351de4e404e0ff3dfd66d62cfcdb012a18e30dece7a324fc3828fa
edbafb223bc4e61b0213f6b5eed7231b1a27eef2d32419230b1c0719e15702dc
0df1fb170024500542c427c3fefbbaffb70324ea15192b240c12cef20a08c940
e5cd09d9e2f40d0d033e2030cac9bdcfe6f727fbc80af234db2a25430c12211b
0106f419e33712286203d521f4fde616e9ffdd94145d2e14e8202d05640105e1
0c1ee62f5700f4e9dd23141cd1fb0c08e41cfce5e009bd27012117d1ea3b1d05
31fd0f18de66fcc33eb21934f817dfcc24ebe5faf6d21fd21ef3e7f8f5011038
e10200d4db0ba9f723e4b320d32de5f5e10ecdc4e2ffb6e802db1cfe010512e3
dbe601f91ee8ad08f52adbf305c9d5fecf2e1eef62f8231e2e1121081effcf1e
13e41ce525cbfb36d7e1cbade9eddd06bfdfab01e159e2f11511fe1e226a29ff
03c90ccf1fe61e1d0de62f3608d2113135fdf526cfebf67ffeb7f501d0ede01a
11e2ea10c7c42638370603ecfedf12dcee14d726bde755d12507f332ff2e0dc8
3e124fd30c42df0a042e0cf54ed20dd207efb628f1e4e636172eebf249f10cf6
e13938b1ee2310200edc22251c0ce2f7d82b45170effe7ee4035b8e812f052e9
c9abede7c200240fc6db4a0dc81c07ec0cfe04f4b40440590af9ff170d02e7e9
d0134efe0dbce842521d3139cff9f62fe606c32621f61de1252a270951d7b4ec
e1f5f1003f120f2c2f02efd1d2082c15fdf2f2103d30f929182de61e44fbf653
160c0f0207ead1f5000c0210d3ddb9b74bfaeadee6121b4d240ecc09e6e3b81f
290b0105e7f34efd05e2c0242ce4e603d7b6fddb50eae8fff3e6def357ebf44c
39132b16f9f3ed0a0ad0f92731fb23e8eb04bfdfe3d7fcf6c41f381532f092fa
d815e7c2e5af2331dcddf9fc14ed0e12d10a10f31dd9e9b6f91fb615e322f5d6
fcb8b7fe102e0cf2130e43c5cd10ee1c2ad8fa18ec090b2a2dd8bed83f1a0cc7
10541c2fee1fda0e1cc93b30f4e45647c51d3bf1eec3ce0d169e1e0d21e62df3
f1cbd12e1d301fdd17f9a60bf4001fc40f48101937213d06fa180a3e1a3bd5ef
e634f91352d0cc1ec80032f20443fa361f07a4e7c71311c834df00fd1448c834
dac7e22a3706071ed4261bfe1b2ff0cdec25d828ccfab41c0410fdcdcbf7bdfe
3f06d523c1f034454513322226272ac912051bd4e1d6dac1d2fa1af41815fd29
f003081ee013b902ec11f22f25fe2fcb3f34c113060f11fae54d1ee4cf56ebfd
08ec201015e1eadd0521f601fee8df1affc0141a12131d0cd6e30507f2e0beee
e0e50af406ec46193c0bf3050f290a18c82ef3e3f61c0fc1f4bfe2f52adf503d
2ee62d2b4b441b013010f50d04b652c8fb25012032cab4ee2229c842083ad3c5
e620f721421f0a181d3cbbd629a3e83b0c10f9f2f1f3f6e933db0f1afa0af032
f7f913e62701e8d0b9f9fd3a1b1119e1ddf519e1d30ced21e3d90ef0db29ebf1
030b2fc6f6525233cae91337330de9f9f936280ed035f0170ee82b01d6affb4b
1b09df26d04a372eece5f50e38dc4b03e8f3db1ff010e8d91bf138f8f01002ef
14f02630d70e3a4173fc06dce514df03bc1436dd03dbed1deec716c738361ffe
23e4e3c72ad3ee0c5ebcf21b38cfe41fe2bcd178dfca09fdd108e510be0917d7
25c9081864e934f70fe81a051adb15143521c2db000204070919e9f0e99fcab5
cff2b7ff2aaff6f12feb05fcfdfd0afabf12221c3505261011d80487dc0620cc
386feb26b802e608cff8c70de306f29efc3bad23fe241b1c22c4d50be6e4cc1a
f11b07e6be21550a1ec2241426f30cecf0044912cf22ef29e6f6f0dcefee9de4
203dd5c7e5f809192a2d32d9f05e1ce344c51bcdfad90b151b2aeb0dfa060e44
07f13428671fc2f943dce8ddfadc46d42422ffc11a1bfc3aff293c08080b0bf4
11d2a81d0e13f3eb0707d720f0c1102a293bea1701430ff7e1d3134f9bde1918
1400c5ccf447dd3931f422bfe1fd1ee1dc2ca21714370af426361b0bd4c93eb9
3524302f132b3103bc1ed0f030f4f3fc4546d413031da62ef0ea30ce2406d50e
deff29e8fcfaec1d1a100f0308ff29ddbbee23f9eddf25c8e51122ee12e0c7d3
f6e1ebf9d2c35fc5140bfac8b7bec820d027d50b3e14e51bddc5450bf8f31f37
123fa3181612140c0cc6af67fcdbd8f4e417a7cb1fddf8e8f70e3013302cd528
38023318b701ec17e70249fb1816ef3fedda1830eb433130f90eea32082f313d
e6cbeafb0121eb4bf7f9e0142109fb111df1f7eadd240ca4edbddb300201e918
31ade2121cb5d802ff05060c00e514340f04d2d0dedf3c07b919d31014030e34
4be4fe06e80df4fe31f2302120f4fd30172216e920d2f1240dbee8e7da2f0eab
d8b608edc959c6ccb8f6fc39f1eeda0e1aebc31d300417df0e2f1bd7f85df8b4
4510df3d26191de4dcf729211a1b01190e81dd423405fb2ef2ff2515b5bfc71b
07f80ef0ee1959200d4315fae004c6e3efedf01bfbf803302a05d5fdf938440b
d109eeee09f81901ff2742f8dce50309f22e07f0e1bfa9c4d83b0bf0fe0711cd
f2f3f0e1d032e7e9f6e6ff3724fee325fbe23427f5e8d3cefa0a1153e8f82315
dcf62df1fcb21ac1d5a74bda10f5f8f53909f20becfbd406e5125f01fce7e901
c40c20ed7dfcd103dcce0cded635411dd6a8fee3c7c6fae1e9c41ed1c4f8e0f4
eae2edfc01ec390802d5dee8dc22d71104fc18ed2a4f0bebf0f5ea11f70b0cf8
f0f822df1bdda410ed3796441bfcfef2f1f0dcf8fbb5dfe4d1a7b839eac64be8
dbd71b4709fe06f8f2edc9fdf674dd430e1016e1fefd00d7ec230deaf8c70af0
e7efc2ee0b35d1f334fcf9285adf1a08af2ae5f231eccdfdeb4bd7e1db011ae6
1fd3dbd4ccaa0c1e1ffc1d02f5dfb1e230fcfbe2f3efd2ebe6bd25f206fd06d1
5cdb4410f1e20d7ef0961bedeb62f1c9dcd9f5212dcf093cffe3411bf1d50d30
0a434bf4edf01894fe14d5430fcd0b38361240e60817c611e8cc28e6d9f710b6
fed9f2eb0a435025a90a412dfd16102a1a52ebc7d4092e151eca13e3005ff403
11e5cbfaedff105e2f0b1b15e839bad9ccfbd3b1f7f9060cf11bdd0f0621adba
0ef8f91de658cae8071ae8130c134dcf1acd08d618003b1714d42643360112cc
cc0a431b2cdd04130218cee6eff50d6f0a03e72727e4962203b5582d1514e1e1
25e9fcc4e7dfcbf2e5102cbfdc00172a4d080412fc262b464bdac9fed31bdc06
fef5d6e111f807040227260e21b21cfe1a0c16680bf5d0e651c1070de735e81e
cf2949eb2406daeb354b3a1436f1f9f50511d621d81bcafde1b5bf6228b202e8
e4e8fefe130d0bc51ddbd8f306332ba9fd58d5ee2bc419f20ae143cedcedcb1f
18f328ccb208cf0ef15d0c50c937120fe0270d0be0ccc30901c3f3203143e234
eb07c0fafe22ee411813ddb7e434f736cf0efffec91405e1ba23ce09110500fc
3b061cd52a0a1497e8080bc3f2bb01ddce5b5bf1200433f1630a22ee3af2db34
15fd1bd7da1d0bdc22e0c436ea0e07e11d212fef43f60ee8d1dc1592eef022f8
052706f813fc35e1ead1beff29363bd029ecea033af3301102e8fc321b1ff30f
1d08c0eefdea31be061fa5bef1131331491ac2ea34c51cf8fc0cc904e11bd134
292139fd1cffa718092fc107ecc2210005f11511bbe62f08eb19d204272404ff
20edfc1adfd8f7fef101d940d6c526093ff415220b1d3ebd0d08d1ee2af505c1
1042b8d5ea27372db9fd1aeafc2a16056a0aeab904f82700fef11cb9fd03e10b
e7c665e320a5df340f18cfcc033440041cccf6fa46d0c3f0eb2403162500ee23
453debd7f54aec00e343dcf7b935e03a01fce332efc0ec3af2b3154a15f238f0
c0da1ef7e8fb0df209b901b422f80dc8f3101e07959edb2fe5f00ffa3ed837ab
efeecde2cdb4ebed06c7e236d134031701ffbae3eefeddea23ac22033c040610
26e9f81ff030cbc8d82928092af0392c0a0719d6ff2d0afcafc759dc11ed2ed7
26a60207f1edfe25f14cfbeb19fe06f5372c02fb391aebfe3fc11f232d3b410e
d750c4f0c31afc2bce060ff20741bfe2f5f1bebe18e4e619e209def2153499e2
f308e90cdcee121eda13152a04d941dbd509225c04cc0a03ddd23addf5f82336
052cfaa2d4f04409251ffd170dfa361f370a1c4d22ccd6b3e0080a1bee2005aa
dbf31ee7e118c410f41c1d0e0eff233cfff31af6f844e3f31b09e551ce331309
0a14df505cc4f12cf6ee442bda2afbed17e14de300d6dbf2e7ee10ff17a6c2f6
f9c304e80030ec061601bbca13fd46f132492be2bf05e2f8e9c721fef51eb20b
05f014dbb9c74ae9093de5022102f5fbf23d2aeadb3c0a0ac409231014b9e30f
abd5f9fa13dfedbc0cf3dff218fbcdedfa2abed3d95b1d302b0099d6a300ff22
2ce2e5cae1d501e71a0820f1d4e3bc373118c2d35f1fc2ebd9fd0fe0001310f1
d9f4fff428ecf309bd0bfc7a55d711df581e2b4f00fff624eae460e0bbe0d7f2
4929c41a24f6ec3a1b30301b1817e0fbf83bee18d90ce0201d2bf8ca15581cf1
07c73a003730230af0f3143deb0ef4483b1934d9e5340bdbe9ecf03a01e90ebf
ef384f3dd5e9e214d70106b1f1fe1c38c5a55b19f9fe23e8fc8fd4e70a3cd3f8
aebb14f2f90e33f814150554351fbae731f920220b15442fdae5e146ff1f09b7
581affd0d9efcb47e0bb1404fe18effb07be3b35e527ce1edf0f0ab5da11dd24
1a06f02542dad0def719f3fb02150bda364d2e0de809f9c9c3ee11d2f8e11436
2215bcb4c53a311b571e1509292107f3e70df308fc1a05e0a3da03123031c7e4
ddeffc0dc9e809fdf0bdd70ef230dfd7fcf8fcbb30d8e0f8d6521a014bd50607
1a150ace95ede4c22c18ec121e1c327a3339e4e9d9ede917fbe372eb0e2a1a62
05287f10c5fabe14d2e5171025f821c8e537ffbcf0eb29dde1de4afa35edf017
0b2835fe16c9f804b409f5e4db04d72c4eebe00211cec71cff1313f109104021
faef04e6dbd43cd1d7f87110ddd707f3d30611fccf2b25c1391b4ed333290e0a
b70dc8f836ba1726e158260dcbd60220ffdcc8ae0c2bdff3f3a2e3f401e8f9d1
0935d01a192e2612d5fca8db2bf30d2ff6d036d1321a2a93e3ea222831c2d1e1
170d0c0d15e9d9470d390ef612fb0df9ff24b151c31b44c6f21becea4fd40c51
c9f009f10b060ef5f5f47102f6c6c30b1448db03fb0ae236040b441f6bedfdd5
2700e520f7f9ee4c24f234cd0905daf3d3351f18c4d4312fff2df5e0f9071e12
0007a967dbb80acb1fd1f957cbcca314be09d3f8fe1b1615090eeb163ae7161a
2f2ee8f42cff1b1728f714e8bfc1c09b3eeb110ee92aa5f1e2fee21017e2ed9f
e6feffea1bca002519f136393308f2d0f5f4fda7a52032fbcd293427d7fd080f
b9c1ceff06f119b404efd1f1effb1827e6e9e71c0bf3eae5e3e21209e9331ce4
01d6e70111e72dd94a0e0c30e80dc8f7c6021119eafd38ff049a4400c6432436
dcbded070e0422ff0ddbf213e8bb3c52d23f17f52526134088daff1611d8e7f3
d8bbf80eb94a025bff2df0fcdb0823fcbb0a1fe9e8e710f91be90406e90246fe
ce0815fdd71f11d93c30e2040004effa393d0d21defcfdf31aacdc12f815fec6
f146ef2911240f12f9ff15dcfafe35f202fd04f03e400ac10f07414b4181b902
f72cc1f1aec90a391c09403f03ff2a4707c0f90ed95e08e2080ce3cb15f3dc01
2b250fd6f6d7d0f30b13c4a7f7d4f3e4312409b8fdfcf4f40fdf2ebe29ebf7e9
26f61b27f417eefbeb2a072e35e1f2f1441b2d0afa64a5eb411419d1feff1c2b
eff0f5e64915eb0202d5f03affc206f9dc6e14d9f358f5fdbce9cdf72e272eec
131201051216ea0b2cf5fb3b900a36f8fff0e9f0bc2aed2de4b42e042ceb0e0a
e0f910062625dafb2e14efd847eb0005f447c6db18e9ff76f9e3f400010cd6c4
00ee09fb24f3f229fce61b05d917094112f431f1f518df302839d9e8f541f72b
4f3c0592150fe8d2fd254af00129191d24fe1f33ebd206cdf40d2f293912f0de
f3e605cb3a42f2e4db0caedaf7170c42e8c41e03693fb21411f32009ee37d020
ee0c41f2011e050120189613d1004f1cfa0410f10eeccdebea2717460a4f0605
3832cf0038dbf7f9e38112d80d09f3ebf215061f122043ee02cf14f5f4fe0750
eaec17f9daee492d06254afac2022b25e101e6010430dfc20f1fdb1f63dc3548
54c0d723fae60913e63ad4230af8f3f2c7c70aeeed181fc2f313f1e50624efd5
f61011ff041394f6e1050c1d0783d4d0f8ec04e65bec0b5a14ee5ada05c8edf8
e917ed3017f9f1bdd81e171def2d0d07db150a41eabf1bfbea00e708f8eaee0d
d220a80bf20506bd15e21615235bf41903d3ed43fdd8da01061ef1f233270d0e
d7ecda1110d5f267010436032d02bc110519240c2a19242526dd06b61bed2617
d73aed011d49070ee42d1cfab9241be5e6ff0d3321f025d9eef31e2aa8f9d209
19e3082e091b3dfebff7fcb80bf00d2e24f7cccdf51e08bbecdbece90cff2812
e4f41d343e10c7b85bfe0f28cbfffa0029fae8ec2806110af901ffdef50121fd
44235110e414faf1fc129a10471e0cde19164bf0c00ceaf916d0d9f1f3c625ba
60f822dc0edf0fe71fd741f2dd341e2f04282a1ee5e6f0f4f8c72634e71803fb
ece0fbfe0bf541dbff23210e0e1608d6f92a3332fa24d8540b42bd1ce0e8f947
3a15c7211f0db3d9f234d3f6cbe8283b1926f227c4cfdda9acc9fe2243fe35d3
e8ebd0ff0a81d722232013d2c1cda2e3cfc8f8c0291f1419c1dabf4bfa18db33
e8eaef6df30d0e0bba0418fea52195014143e34a06e90ff3d5eced1ca3dae222
d0fef4d2d5dd2ef205def7ec153ae8bbe4d96958def1d3e0212fdd0f2958bcfb
bee50dcfea040304def722113c1febfb4cca26d2dcdeeb3c25e10cfecee3d905
1bd3040932182c0d00151df6e1ee0f19cd160ff00df1d9ff1b48f1fa12230b81
23d5f6fc20edd0d71022f6334bf5d71620011baef4fc081e2de61f5a0af2170f
c705d6f1e215edd12e3335eb12f805acea3cd519fb0dfa2aceed1c02f2204aec
0e1ca7edebc321f804e4cb1cefd9222737fce1f6b907cc48e2e2e540e114da16
0fc25f0b17ffeae3edf6f1c0d82bdbd208dfc1b7c8faef05df1151ffd319231d
25de503c17fa2b0731d3da17fbf3fee2d7bc2e1cfdeedafb1b0a11e4e5f44211
62161b0fdd035bc9fe13dec974dc3fa905fc0610f42e1ffb57f0e6f642c149d4
f705ed2b0f3ed1d2ccae2131e8f72f4908d830e2062f1bf8f220bf1e22e596e8
ece3f61b27175a2bf80be8d2e9e83a16dd0b2f1b09081bf73ad13cb5fee11b05
f0ef17d9fd8eec2530f612f019b00434f7d5faf9d8f5c041f4ed1cc4e8f60910
240014fb07bb0d18dcac0af124fb3b98ff18ddf619ce49fef91b1fc80ef0f448
47eef3992238f6f0dd18f5d70019fe2e112713112be709de0a07d209e256eadb
2e0adbc4f5d1f920172de55023d6cbcf24ff0fedfb180ee90500f334fae5319f
d02632ec29b2003fd20e030109dd04deeecdfe17003517c8b42125df1609eb25
f80823031d043834eee4350acf0cdbccd8c3f21007deffe6de1309a607060ced
fbe4ecf1edcb0e02f40d38e9b1d455c7f02c0cd10ff6f20a22d33cfec68e0d0a
c500f8e205b902d11ad60bbcbabb1c2bdfa9d4dc39ccf2080225deec2b1323bd
08ecbb21c0e2d315e421eb34070b410155050fec1612ffbb0ce3ec0e08ee3528
261b37ffb6f5230bbf08253de3d4e5d729e92e0517f6e919faf426fa27bcf005
02cbe4fffa160d1cd908ec46dc2a221e071ae823041edcf1010cd6d5d404f7ff
dae4b9c2f4fe3c1e32b2f23018c11f4923ce24dc18f2d6eb33d74ef81f013fd4
d81e2f29b8ff1fd3213941d9f531e7e9f8241eeba1b5def4c38ade382dc3c10d
26bd14b0d2fbb004ebd5fe2f1b03e9fa0c31f73d9c13f00cd0f6f730c8eb00da
c7f92730e9c41139173df8f3fd4ea427012d1711f74e49dc0cde0a1018ccd81d
45400d07f1ff15df0c5cdb0e4efceed5e33416622bf1e1fe1ce703063b5118f0
cd1e3bf6d2cff5b9ef1607e3f3ee2812e7ae0c3a0e21111fffb9d245fabf2601
073101d1ade33903c725173b1922f9d4aaec09f9ccecfd2304aa0007d15d4ee9
df01e00516c44de3de0625b5f416f729272445e1071ffcfc1de5c9ce172e280c
298f24bbd50e3c05cb0aadd21ffb2deee4f447d22809afc9c91d11e7ed5f06e5
096de4d2ad112523d51f050efd14e61519dfebf83dfadbfb031fffe7cef0e5fe
c5fa00f10904d5e61c06c7011612f10ea6dedfeb9512d4c8e71a3ffb2615e903
09d70af93a140abb22fcc724d92df7f60bd5d803153bf60f2f2a22f72ef4d6d8
f0e905ee06eb2805e9f13af1002cda4c42251bc9bfde93f1f209252c122ad0f8
57d2f0e3cc029904fbe4f30e03dd0bdef3f2e10ed13a0916f2e2f405d4061855
ea3ff4d4ba28ee17fbe409e308040c02e31daa1611341a1f46f4eb18a9d0451f
17fa512927f42429fcbdd2d817f8f002ae441adf0d19c3c424c9cac1f9d84525
2ffe042be83fe5dde1c2ef262acb2ae2e7f6d3110222260223edc4ff0d23e731
0315232d0906d71d0e0ac9d8dfb8ebe50cbbf3c5f8b72dc99b001a0cf3e9bdf0
f2ac1f2b124a37f2021614fbe30412d23e06f6c7d21b112d2e2803fe15e0f3f6
cf4614cb0c37f1cf0707fc00e2f7fdeaf2fb2371e7a407f7f9ec2b13191ad5fc
edbade3fd6cd7f37141323e43bce45f3e711243d01292a162be522faf30b0c15
d0f229f4ee04162b150227231cd60fe36511c91136e4e42d060604f132e30758
15f8f346162bbd19030c0af0ddef1727d1e1fee8b31afbd72304f9cedc28d335
cb020fdc0fe759ed61e70aefdf502452c720f1e5c71414eb32d41100f33b1cee
58071a19141cddeead06d7d219073f37aef60b1deeecc1ddbdf1f1310828e70b
a537c00200f9f525f0ea04fa03ae0e06cc2721defa260b25c1ea3b0104a8edc6
a9372956de0e35e1f7d8dfe1c5e50f12b72e10e02529d5f10fdeebfa27c307ea
37fee62fc5004104dd1fc0d0d3decbf703ff1118f7e8c51301f2f7d60dfd15db
20e5f2bf2454e9121f061909fae9f7ff0105fdf3f4f327e2ee18d806fa8cdf5d
e4f907220e1a1cd505d303fd2308372712563a0efd164c061530060210f21724
110972320ef6f3a9e6201c39f2fae6e0e7ec330a1603c3f31a171cf5271227fa
1cf518fae3f92ef3fc1e1e8eea0bf8eadee8e9e3900ddf37fd4012e8df032cfb
ebf44a33d331d6f00ff6bb01da24e8b3a52d0c0d032b01c0f5f429eb3daefff8
ce04e6f92907f49c24fb4efacac12907f6dde5f4ffc4fefe01c108bf31161f24
1feacfd55c2ff3ed3eeddc07efc512170bbf0bddf0084305030ad60b14e8c4f3
c5fad5e812d0d2f4d413d2731a190a0cf426f3eed0d62f09f816b5f8d7daafdd
02ef31b4f8d4fcfdfd02301451c6f575e42aec01cf2c140a41e4c504d418cc01
38f9c205e9133105ffe7ea3fe80c343105e0e8b0ec2527f5ffd7feb506110303
2526262ca948b8ef0d00065d1c26fcee2843fd4100faccc641c80636d3e90541
0b33e0c42abb1511fdcdec001b08c112dd3102cb14f913d2e1c9d301e70cdc34
0a1ee816c10e081fe7b52040cac4322d44dee0c80edf44f4d6e91944efd8e4c7
fe18e3050affee06cd09f9cd7ad143f7dcf6da4cf64d2cbaaea2f91103ec0acf
d40bdae014adba0012442f08de0d3efeefff2bf10b031bf5081a0ce016f51503
f7f0040bfee6fbf0e94cffc60300efcb14e01204eb19f087fbf5c2f9dc16e0ed
add3e2113be32e10fbf6c2f9f6e4db040bf2060fe3e8f9140526fdea0be211e7
de1a09eab8c23be219d559ec0ebd440dca2af62cbe040eed1af1e1044fb45619
ebe7410442cff848121d3c2d4a0aee32fe30f9fd24d6dcd0f1381301091e2e0f
0fd1e308f10513e4d30c46c8dde3dbdde6f704b7bcf41ce2cfeee7b63a09d1fa
27e1f79844db3b560620eea8f2d1ec13aae905090afe19510ceb0a0eecfb361a
e406eb273f0bfa3a01d900fd0cfbe03311dd16e31dfd28dfe1db1c13d1140ddf
e9d4b02afb0af00397f906edf3070c10f8430b24d8f8f94818d9fa1be4e0d9e3
12df24ffeb0a00ca94e9231514d4f31ce230171431f7db18e3e909d0de000deb
280baa1cf12711b7f0330ef61b14e2331fe1fd3dce51df002efd60d2d8f41016
4628c22b2caff9e7cbf810313328e4ffe9d2fd16a0021a1529fbdfe7f4532cc5
08020a0ad4dae9ed110dbb35db1a23f30cfb15f0e0fc1d26d1fbfcd8253bfcf5
e2f1d0ffd5ea49fa6fc5e9ef3602f9dcf4f6edc11f1efa15e5021cfa1cdaf126
1439dd00df1b2fec011ff4fb1105be18acfefd0123cbefecbbf6bf0b989902ca
2be12c2616f90a36dfeb33b2fc05fbfac713f3dd350bfe304ddc1b2fdd2dfe4b
59300127ac0803f73ef0eff3ebfd312601c51c570affda54fc06edf93b0f04c2
2a02c0d846db09ff18f02dbc292e70c214d411f70bfbf602e10dd5f347f81116
41c52c1f0ff62202fa040103e9db1a2ee4f8fcd1c9e2cd02fc0efa0e06fefd0b
1634d043650fd9ead00128e83cedfe03f2241e57c919fdf6c2d1f3cdfc0f0996
02e4ed4ddd1ef3ec6cbf5aebebe31b21f9d7143cd95518f2ede2312b003236e7
fd332703f305d11024b066e71fdf52eee80b461105ca2327d90d08ecf0ddbfe6
bf2036002f07f8d1a6f61c36e81529092c1c143707eff20209e608db0dfcb841
f9cdf51117f9f24bd9b5e908d21ecc64ebb5f7c6f93b0b350719e3ce1326f1cd
ef0d1317de365513ed07091aea1417ee0cecf803f130e7dbb3cce215e51b1d11
f2443623d8f602c5dcedc1e6322701cadb25f721301c2b63ec1baa13ff11c209
d715e02b171dfc18d9d3f52ce11ff3f1d4bde404c3db182b1ec9ebeac90d0ecc
cc370dcd31fcfe1b1615fbec0fb8c0ec2816b1e8c2d1be0b35fce65efb092d52
ede9bdeefe0139fbd30df7f9e9d5c911d933d8f5edb3fe03114750f95b1a12f5
1aa50c0cf85dd5342bd428193cd218c9d61bf3d8d4a5f31600a00b1105e123ff
090302c9f72c08f12f000f74e0f7f7d2eaed0ad8fd223eea1aef0e0217e221ec
19d5d935c605bbff07e8fe0d42e82c2c66fe0e3b31250f169915f202030bf8ba
25f6e82a062243c73b17f316ddbc071bfdfbcd55c422c55dfe1b2af4f904af4c
e3e9f9012ae4fcd107f30e06e320b8f0e5b6d12332b3e2193f2e23e2f42926eb
4a38cad2f9ff12f44b7ff21eabf9dee91c21cd1d150be917ee2bfff0f4082ff2
491ce61de4c0ddb229f4cccbb7fefa4712d7e5de1818350f18c72d2c17d2e245
c2e02ae8e50ecb1631fab7f1b2390b0affeff400050747251b02e6023b134bcf
e5e0f415b3d311c8f702fef41638e60309daec0a0425f716d2ea16fbea4304dc
ebea34250b120cdf04e92f06bc2fffacf220232449e30014f1f7f5ae3e0eea1b
f1c92ed5e50cb5071701b9f4f90bed2efdeb510b305b6007270607e6fe293210
aeef09b8fffeca271cfd14f801200a201011c3070b0bfac70be0fec4e8de2f4a
29e722fec81e27e50a2136014fd110e9f2160b1c00d0f9f404e2f61fca2deddb
04a7dcd506101137dfecee23200cd811f2c811d934f6d61ce7f5ccf403d4f71e
d6d431ed2c0817cfcfcafa0be906080b3125000718d006f5fe0edde4eef0a8cd
10001157c70fcf18f20013e811cda8083ddb08fe1df1db312aebf10c10322cfd
ddc6fc2416fd1d27ec22eb133d0007e60af4fdb2c70ec2c7ec33ed102932061f
3728ce09e61a54fbcaccf10bf11dd102ef070503f2fb24d4f1c71519da20f3ef
fa0ee3ff31fc1ef11c12242cf43202fd17e3e3bee8353e2a2319bdf4030ea60c
0c2631e1f4f91c0221f355e926ee213214bb46ed0a4b28de0e06dbf7040126d7
f333fe2b10ebd50628fe3309e6f7591016c14e39d6db38f1f501d72203315f0f
fadc271802e337fcf93407edec18bb35fb2720f6f0d9132918f40b30091530f2
c7d0521f123eec063e35dc181617d5153faec52e0a18f3fae7eb4e17caf9b6ed
20d918f945e3f6c81f03cbd453e1ebd5f309353bddc6f01d412e3ef70bec2f14
d8f4c2c814c332f450fa72d500f3baeafadc0fc6deff4302da122edf453c02fb
c2d8c5efe6011cc60ad0f8022141b6c5fdcec829161eedf513dc1308fde93313
06e0f6dfbb7ffae7fdb20611e7caeedbfef202030c490e0c4bea3011e8050c05
d6f6efa516a803e7250846f1f933fbc64535f7fa1022110ff0e94fd909f92e40
ef351224c1083325daf6a2c4ccc4ced80cbd0adf54de2d28fac4fc08e003d202
d73328ffd810c04246fe361cda321b25030dfa1ba6dbe1c2a6bce00ce833ca02
20cfc832ded50f4343b018b7c0e82aff0cf521c2f6f9fe3ae507bde7f6e22f41
e74a4c2313e1ce1e431dbb2805d33815fa22c3ccf0df21f0c10003f417df8707
1cbdf563e015f7d15a231aed4125380a0f1e1cea02b9220831c81d1411c2eff4
4e361201f3352218d4153bed920d21fae305dc061e09f3d81203d5fe0715d5e9
d7a5001403ea09f2964b3bfad920299a2f3120e5f5d6f70bfbf1f4fcfd3da3ff
18e7def706dc2deaedfb17f9450517d51631cfe1dfc2d81307d1d3ba15fc33a4
f7d5393717e2150ccee3fde1f1ebf52f13b905110a55115d1ef0cc0cf9e501fa
f0f64bfc26242f18e1dc142b16eac00919d9f1f0230a0631ce2eebf81be23f29
d1a0291231d6eddfddfbd90c2722f235a9f5c01503fcd422ebfc2b093ec23e10
11ba4af2ed1e03e0021f2fcae2e0dcd0a8f617f42c5bdcfb23f7c95abebbfd0e
14b1f50bbc14311f1b03cde20b2da9e00fdaf3f8eeee5ce4f250e7ddedd3e8ce
4f6924fdf534dc0ffcf12842c0eeeb2403f81745e1eb12eaf9e0dff4231af0c5
11f04d33051de0d01fe5d6362bcef606f524eff505cfccef152d10b21b041e38
300c27131bcc2c1d4f1a030ae2fc3831e4064afa15c71b0834f6df0cb1d734ea
1fcbc9f5d60e0cdb68e9131bfd08f6ec52291f03f21e12f22a342609f6f61c54
3b3b1be201432f10e8063ebff2e10532142befe6d615fce8e6e4057ffa3ce7eb
b1e855d0f1f10f10e61c37cfeefa2df817e31dd3f513d3570b42db3617bc20f9
f8f455f7bef2033cfcfcbcf504f01bc157ec780f0e14db06d8e8133abfeefd34
88174027fc0b0e112d0f4500230513e8051814fa02f40b51fb310405043f24a5
bce7c0f71419c916e7e93ec8b9e9c5eb1b2e30e11ad6fff92f1fd203cb330e10
38cffc542fe2cadf230efccf382f010e00d7f9ee18370e6019edc10523114bf8
3d3601250917eff74f9ef8cd1431143241e29521ee483f0f08f5fdf2c90a0228
5b0a01f75531cce61a380ae50533ec4b37e9faf35f3ffa120825fe3efbe21ce3
10fff1da0ef6f1d1192bf3ebe6eacce403da001c1eced9f0fa35f1f514e3f7ee
ffdb25283c150b0ef0ef611feff7f1a827d0f3d8e7e8c2e6d9f4300001fce8da
09df25f4c29846ef861a1a5bbc57bebdd3f6d27973f2e902e42641c71ae31eed
ee0a2fa882041685061d550fd71009f0de0c11f7f5e306e9d7fe4c12f8d3f8da
13f3ded4e72c01281b332bc7c7cf021812f60249fa01f80c3a06402df216f52a
081a12ced3f9f5b0e4e70df5e3bcdf27d868dabacdf6faea44e4c5f6d7070b3d
3dea0dd9011603111320c5eaef22ecc82934ecf02f02e5f524d10a3309e4e1cd
0bf723de11b8d1fabaef28f5e311ca2f15d617f41baf0f321714fcf9ccfc5c48
23aceadb31ea2beeecf549d6ff0938420ae10a0cfef717fcefc8cc14540a1faf
00ddc44cbff5b60debfa09eb0a04d5d014e4be12c42dca00031523e053f24b0a
1cdd07c614e0dd4720053ff37f9a58f723d506cc35f7d5de0b5008f51dc8fda0
ca2fef011a0adc16d701e6143a1e1123b748303aef0c2927cd5b1004f2eece02
2007f81dce01f7efcd04f91ec20aec3702eae7aff85207e7b0e9faefdced99c9
1306da1decfb2bfbf63fea10263b9def1df4f622b81b352bf502021d2a99390b
2012005a08f520141cffe23d11e4282c4fa8fd115d0728e4e0dddfb5100c2925
e9230f28e034ef522ef609f6d71feee4e90506b81e06f4f2b9411fc512d53121
d9d4172c1c09091cd4d5f12cce3125e8dacaf6fa0f28131ac5b6d61c251a001e
ff4f052ef102e4ecce193bcea7fad8c5fbfee6250cd2e519e66033ffd844e7c9
c66b3235eb22c8edece7f4fbf30bde0cfe1aea0b12f8d10dfb0bf12837664ffb
00ff6013081ee9fbfd29c419f1211dcbb60e02f2d4b01a2f0bde0b4908fb140c
5e1be138fe2cd2f11731be0be3c8262519082b95cd54eef4e032217f12ee17df
dcddbb1b354a3213cbd0dfe51b08d40fe700cfd90d0502fb51db2a0208aed9fc
2912f7dbd8a6e70bffffe546dac90cfe3418f1121942161b20cb020013e5cbb4
f7880ce73601cc685381fa3cfb09ee18180dd62505dc16df47f52dec41fec921
d9e328fde3fd0b2fe716fddcacf9fbebfdff43b6a71b222d14f021d709de0efc
e914f242cabcf0f90129eaeae5eeda02ecd1f7cecad913e5272605cb2fe5dce4
17f918f6e8350230ec40d6cde5c8641b17fb0403a802e01b06c515b012c3e1cd
140cd0e8fd121be9f8083f0412daf2ad0e2fcbdbcf32e4bf47ed0fede71740f4
04c60503f6e8eff61f380e0be62f20bafb1c0fd722f958cecfdc11fde9fd1ffe
3911fcf034f2ef310edf16bc000ae5012916dd66ff19c42d08eacd29fff71924
05f24dca0c51f11ddd4631ee05f9afe108fefcfde2dbef1dac1b3609fd2f1704
01ef17dc1ce2c51057331ee333e0f0d9d97a10f0ff3a00ede74304ef15172fb9
dcf70de917ecec2429faf4e41716d2f4dfc30aece2ec4315e431f2e6b31fe025
1c0923e7d223d932522505c204ed140b1ad812f9dafcfff030fa08291b270ad7
efe11d07fbbe13f12bcad52811ecd30800f6d40428f943c51319c20c2703be0a
f6e71602dbd3a723dc30d80cff3542f64d1902011cf5cfe047d41ef3092de2f0
e5df3a264a0239e8fd22f0dd2c09d62c2bc70c0fca240c38ffe6f2daf81bedfd
efc71f1ff40408dcd02f2f1ed7fbfa20ee00d939ae24d5e1242fed2024ea55f6
e6381ffd08161201e52c0ef1230702f8d013cc1c040222eec74b2539f51e170b
d31e0f37def6f746d725f8d5e3e3090053180b2e17f3ffd3d7cf0e08d7e2fa04
d63401cb071d06471a0ec1190ac11d1a16f64ee6c81c541b2b483723ed30ee2d
2eec3f3802eac6202bcfd1ec1df81f1e7dfdc9ce1fea0707d62fbf483213f00d
be2544f2bdd11aa8e81203eb28e2cd152b59952c020f0f3de3d2e7221cdb25de
43ec0dbf38e6e82bead4f8e329e525b1f3190924dffef013dca509edad331910
eff226e4c00bbd1def35f2f91706e2d1dec70502d1fed918491afcacec1310e8
18d5d6f0ed15c3c411f6db3494c4f4eaf00517fcf60501e8f3020cc7dbf8c3e2
2027f4b515ca420515d20304111901a9550afb26fd4d24ee2800f4effbf43d23
fff3a030d70b1a1de74740e107eede0b2ed6f981f82d04fe2ce6de29d2ea1cd8
f9a003fea21cdd28d3e8b6c50f250309f0f1cae4c7fcef23f2e5fdcc21c1003e
272a26cffad823df1cf8d3cab6162f1c3a194b1aeb0fdfe1fdf6040f4544eb01
f0bf0e01080e0eea04dbf50921e5ef08c80e0c3f16f415f90742f9f2f8f1faff
fd30100edfe81d2816d0e8ebc1f0f2111228f4cb200ebc084494f00917f746cf
f220dcf741e5fdfeed4db8f805230fd5260c38d2fb0edf9f1aecdf1445f7e94b
f1eedee43ea2efe613f6e5f2eafa1beadb1e37ff0c0002d00400fa02e43de80d
3c3d0e0825ca20d6f4f22eec402cde2727c500f1a4012901010a3ec9fb1b3621
eee6db2605d2191659f7db0f2d22322b1af2a8fbe310dc3027c4201c6b11090d
d6fe17c8cd11c407fb0c09ec2bdf131a4adacfaff50d3bfc9eca31ebebb4d046
62e119cb00341ec5f0cc1925c2cb35040df351f70c2f4fba0921309df8d80ce6
e7dde42b37ded12bfdcc5738d714fedc511d1306f838f3e827faed35c2140d0c
0fe31ee31cccfce13043010a311d1f04d8be32f63707e30334d817120a250b09
dc25420e17974b0107d6e835d503ffff11402d7f65f047e5f11ef116c1cbf13d
1feef8fad609fef9dc1af2fcb72b0de91f10e9e6d2ec0bfd01df0340f249d5fd
25e7cf0bf9031ce437433424fa0edd290a07f6eaf2173eebfa01ec3002c7fcff
0ef8aa1d0e39cbb9bce51bb41c0701f9c9cfbdf2ee24f244082e0424f719d11a
c5d11c00e4280ddb0e02e71826f1f7f109e954f5d8de18fb00d314e0d7f614e3
0538d3daf9ee0cf355fa0c0b2a371113181d1e08dc0e0e11d30306d75543fc0e
c7162c32fc1d2e0d0c2f211ae4361afff92af2d306f212690a03f1e3d60fcaf0
2209f01bf1fc191110dcb1f9cd0ff5554b3c0807de08db0d00f30423ddf124db
e3dcdc210cd508053eec2123d4e8f75ca6f908f3441c1026d9d901061de2e404
0213f7e136fde5030a0daef10ffbe911f610e5cd050109eecdfe2cd728b42df2
b34e119901dcd632d615190dac250819faee15312be70ef313aa12ee0ce113da
e908113596fed5430dc9ce24effff1f0cf1f2ad21b02d52507fd26ec2718213c
d8e00e3f03d7f2cdc8151aceec1014f30ab9de13cafab5ea1ae7fd320e1eeffd
2b4bedb6edfeb3defce2cde625a40903fdfffaaea0d3c1f6f00dbbd03cddec1e
ff050d130629144df5e8cae407ef48f315c1d90f3b3404e52ff105e5df362b3d
1f0ed6df10f229330930fb2b4cdf2ab70d0d1c1ef22d210de3014b07d7d8fba7
d03f0e07ff0ee63cc53e144e0ede00ff0a09f309e4f30601f12305ff3452d7de
f212de0e1b552720d901100df8dbe9f100e5151c4cffc916d2071919c8eaf6f5
09ea1ee0cf0505e229d6a8f1241c1ae0e112e9e50ae114e62bd322ebe9ec4dfa
0504272dd923eeeb38dbf5da2d08e30d09fd2716c8db29c5cdfae7d5c62deb1c
d7d3f704ed7ffee80fe6cb131af01fe63823e70b28f0e420e5c50ee7f0d0deee
ec37c401410d29c40db01fbef90d2de716db46faf52712ce301aefdfe8e5d040
f219d1e836f9ff4f13ea1543dddb620912131a331823ffea2213aee946e800f1
d5e806dbfafae91f360bf00a60fbfc090ddba210eff3f80d41b8de33e2e20b00
05e6f9070aec1def29143933e518d405f6d3fa352eda16f4b33ffcde3c383de8
d41cf0c80b32e243e9b6f1db4bdf0efa31e7df0fe0acdeeff1ef4af92c42e11a
0e05deefefb711d0f6e80446120d3bd9ed1309dcf70900fa0119341919ebf6f6
efef26dce2d2222bbce5e9cf15fcc50b1d1fe1dae7081ad63303e5f5fb08b39f
d10ef41d12e6d816e6edf51ec1de282023ea1a1f01da2a0434e422fce5e7d70f
eaf8111f3454f518c622c512dea52ce82902fb31ebdad028e5fee5ee1c43e0d0
d61dad361f0fedfb28b221d938ee0b251ef503ca3025f2fce92c31eed90b1c16
1d28134d0bed10110708570ff30df329ddee94f90d27d500b320fbe8eee828f0
ed2425f42dc01611eddf0720ec1546ed0f2b001d3e1a08242d05de05a8edfd9f
d81b3d13ddd1d42b1c1dd7d4f8f004da3515d1c356102a076242fdeb30d50ed1
cbb132030808270ffebadafcf21a2306d8ee1801fa47040af80606e51ded3fb8
e83006dce133e9232e46ffcc2f0705e1370141d1f1c73138f522e5dbdcfc61e2
ff37f3c0e937c10f2bedd9eba915282205d8e30eda4fbdec2124133504fadc0e
fa173f5ef8e3034414cb1d1a02e9d52b33e40504e9fd0d0e1526df22a4e850a7
213c1febd615b3208fb3fe3c67ed050dae16e5092dcff8f050a326f127ecf821
1a0e14f7cefbb51a19f8f4552bf8f4ff276911eef5074e1c2219c71c2eeaf1e3
1220f4ec09f54c12f418f74736010eced3e80e0330160904fb290c0c3d231717
5a0f05051cf41606ad2d2d11d1c2d300e5ec21d503e90a3e02112cec00071efd
1ded041c3ce7f94e0d1f381409eafbfdd1ebdaf8e3caefc71f1c37e642fff8eb
2756e6fa1328cc1634ee1cc4d73dec11110d041bed1a4d26ef0ae3332eddeef8
d5d324d3eedce0de1f02deabd12efabd3f21e134f4c71602162d2b37f6e2f40a
d0d6c01c241e32ec243b19f7febbf2ec02264ecd1fd22ad020f82465dbedff20
d6fa0cf8023131ee580e1bcce3fc1c41acb9d05c2e2548fed7f8f4111d3d12c4
9ffa17e10c53f7f9d1390efb0eeef3205614d2f94d0cd9ffe1fd391b0801f8ff
ea04e8d9da02b481e7f70e3412f317e5fde9000824d833e2e3e31af8f44604f5
d2f6f22ddae222d7befd77f0c20a420d2816d310fc1fdaffde23dd23f91df941
eb14f0df1f2ae31fea2701ce383c0f1316e9502df91affe42c19de28f8d3223b
37fefd110b21fb0e021d0ae8e52ccf1300bfce03feb61bea37155e282609ec0a
43bc250f29f952d2d5aeb1fe1508f6d4060ded0c00dfdd0dec4ec91de53b3402
debc12161d2de41bf4edd814d90cf5f0453902c7ea23f81a210f500eff22c832
02d1370cec1bd306db0788ae14fe06ecca17abe926da19e102bdf1cd37b3d853
d608e81df91a191b1feae0170410db08391331e527ea03b711fac2c8072f2dec
52d1b3febc38b6f5e21dcbf007feeafce1c74bda2e09e6c23b1c1216c4c25417
fd26fd1f22c30a1838420bf7fcfebe632d081914f5d73de2180fe11714d80de5
d0fb551012bb5fcd0fe00d07612730f840e30e09cbfa12061314391309a50fc1
05fad6f3b810bee0121db20832f2c6192b0028de2022e03bbad720162ded160c
f7b3d8eaf1170b151c6c26b716e1553edc03b9b6cbce1eb9062adc33150af202
16b5e3812bdb14f913e2ef0007e234088a05dbffd405ff053209fbfa2b1cee03
ebfaf2fff9e812fbfd08fdf8fff6ff160a05070b09fde8f3f206edf305eff4f5
12f6ee1408130be203fae60f0207000ef3110af7fefdea0e0b09f8030afaed0b
09f421f2f70711f30206f2ffff0500030bf1f605f6f40a0d14fff1f0fefc18f9
15ef07ee0206120afe0cff0dffed0405070be908fe000811f90c02010cf80a0f
f9f315ff05fd14fefdfa000704fcfdf405f7fa15040aef0af211fefcf10a060d
f4140c07f0070408faf40b0ff9f8f8e92af1f80fffeaf808f508ff0a1900fc05
02e903070f0ff716fd1cf0f00307f4f7ee14080dfcff13f7081a161402ff0001
fafa00e909ea0dffee10fdf4170bf81114fffc1204eef80305f7f004f6000314
edfafbf6e5fb09f9fcff0a2618f803f31002f4140ef81500f9fc0df2fefe04fc
06ebf8f2f003fb040b150ef60cff020b0706070a12eff9ed14f60cfdff10fe03
0e02f5e109f00e050816010bfdfe0f0200080d13ec03fdee001001fa0feb05fb
1c0c0b1908f104f112fa04f409e303010f0300f600fc16f81108030e0cff12ff
0ef9f714fe0808f2fc090a0b0afd13f806090c00100a05fc0b05fa051205fcf9
0403fa11fd0205e5f307f1041502fcf3201601fb0d07100600f2241108161102
fff9f8f104f903ff060cfdfb07180e0b07fd0005fbfdf3fbf30dfafafff014f5
ff01fce8fcf508fef6070ce8e015fffffdfff507f207f2f9fafef6f8f50609f6
fd0d0008f70c03f900f30cf7f80d08feef0bffe6eefd1417ffff090a0900f5fb
f4060ffb0d0e0304f806f10302fe03060e0aee0cf7f40b041213f8f90007f501
02f0ef09f300fae607000bf309e905f601f405fa150ffd090c020211f905f207
f8000d0a0bf70008fe050d0b0114e4f7f0fbf2f3011103fb02fc140504eaef12
f9e00a0afc01eaf4fcedff07f9f8f5eef10802f2080c0efcff0f03f50bfa00fe
f0fd0a00f7ea010b1bfafe0d0ffa130a0df40dea1118fe04fb0a051002f90afb
0202fc01fa0203f9faf71b0a02fd01060817fcf30712f716f0130b05f8150b0b
00f1fce1f5f701f8f1f3f5fb06fd0bf2fe0cf8f704041204ed08f8090e0403f9
fbfc03110805f60e10efeffc0209f10bfff30003f00300f100f5fb0311fd0bff
f1fff7fa0415fef803fdf7f604f8fbdf0901f80df5fd0914fff40906edfdf30b
0009fb04f019f1fcfb0eee00fffc0afcebf4fc08feffff000706eff7d311fe0a
1218f5ec04f8eaf301ff0b0c08eef40c09faffff0313f505f315061609f3ef03
18fcff020ef60dfbf70e09191107f00702f8020afe0810fe060b0cff14fff920
0f0c00fef1f308fa0ffcfa00fc13ec0908f7e001ff11ecf90517080a0105f701
0ffffdfd0f0ff801ff00f5fd040c11ff10fc1002eeecfe0beff8fb011508ee11
07fa00ffe50b02f6f5eff804f61ff6f2f2e50a1bf7f108e3fddd03f507031305
1501ff13fa0400fdf50cfd07fcf20e02fc20f90a01fe0107ff12f5f803f50904
0909091209fcec17fef8df05f8010d0ce0fefaf00608fe07f7f7fe0302f91206
f8f90f0bfe000e0603f804f0e1e703f910f0f2fa05fb21ea0403f3fd050afbef
0301f80a050ff7f9110ae6fe0bfe081906fc04fe04fbf50b0afbf007f8e8f102
f4f9fc0f02f81003f8f7050e00060702f6010408fefd02edfbeee701f3070000
03f0f5e5f5f4f819040b0709f70002f5f009f7f30bfcde0bf009fde9000b0606
fd0cffeef101fd05eefe11ee03fb00fa0614ec030505f7f307f9000df90ffbf4
f7f918f1140909f3fd00ecfa0011070702fc05ff0ff9170708f80907fff00307
fe03f7f8f9effe0302010b010af51406f91000f40afcf90a16f7020c11fe0e08
fa13fffcfc00fdf1071cf21103fa15fe0704fa0203071cfafdf2fb08f500fa04
0cf1f511e1edfde90401fefd12e713050e0709f70ffe01e8f80bf9ff04fdfc0b
090200f3d6fb06ea1500f1f6f4021810f70ff6f608f4050efdfaddf500f10805
0df30bf90a1afa0feff70bfaf511edf9f803f2f20a0d1206f4fffe02101100ed
ed0cfefaf7f114080b12f4f6ff16e90bfa0bf303ee0bfb0fe40d0d040309f2ec
fef9edf0fae6f5ff0bf001000306f60f1df7f9f310080c0b0ff50af8f9030808
04f315f903060803fcddfa00fc060811edfe130d05fe030203f7ecfe08eefc0c
04ff0208f105070a0f0909012311fa0ef610fb0a06fe12fc07fcf809f8f8f607
181102f30ffa08fbfe0a01fcf907e408feee12e7f3efedf8000e08fe0bfb06eb
f6f8fbfb05f40e0efbf0130bfd04010df20d0c0e000af5140b0513f200eff8f5
faf9210110f003def3fff10a0afeedfbfbf5011800f4fc0ef900f1050c130605
f91e08ff0f030602f601f815ee00fa0af8f3f1fffd060af5190118ff160405fd
00e7fb030c0a0107020d00fdffff0204fc1801f2f80904fefff6fdf0101008ed
02fef40afafc09ef08f9f5f40e02fb04fb07f71302fbf1031203f1f7f1fb06fd
f4f9050f07ef0a07ea08f3e906f607fb0dfb01ff08f9f1fdf3edf8fcf5050602
f7f1f7120104f8101af503050e01fe03141dfe050403fafbf515f7e9f10afe01
120902fcf50e04fef212feff0cf6f6f60c01000dfa1a05f8000707ed18f50903
fdedfd16f901fa06f9f7fb010ffaf5f7f0edf8f2f7fafbf413f305f9fbfaf504
0c00f7f807f1ff0a110aedf9eef200feee0809040707f906ed000cfa080eeff1
071606e7ed08f8fffbf8fffe13fcf101fc020c03030d1b02ebfbfb0ff2f4fe0c
030203f6f7ee0103f70000fbf7f32105ff0b07061a08120c11070dfff4fcf4f8
f81af702150310f510fffaeef7e60af7f7fb1d0902f7f30a04ebf4effbf80a06
07eae713160f0803080503f5e6f3f3f0e4fef8fbfe07f30801feddf2f603f70d
fe000813e90b0c0af8f500f509eb0110fe0afbfd05f1f5fce4f9eeeb09160af0
f4f9ffe9e70403fdf9f61302f8eafef9000c0204e80b080ef7fef6f9fcf4fa02
000bf601fef204fc04fef901faf40903f618f907ecfaf6f90513fd0aef0d0ef1
1600fcf8f1f8010c03f5f31dfdf8f4faf20b05f10c18ff010ffef9fcf6010cf8
01eff2f7060704f5fcf4fbfd16f6ef05fa03f7fa0ffa0aed03edfa09f1fdfee7
fe01faee0d0508f715f7f8fc0b12070c02f503e403f4fcff00fbff01efea1116
fe03f8fd190bfaecfb03fbebf7e004f2f8f5f909e60b16f602181cf3ee02ea07
02fbf101fafaf400151404fd05f00500f401f9fefbf90018f5fb09140d09f4f1
02eb1006f80df506f1f9fefff9e8edfe0b01fffa070af406edff09f8fef91201
f506f301fb0608f8f2fc0a01fc02f308fd0319f9f1f9fa06f615000e0007e90e
1ff9f0f1fef51af600f1f505f5f909eafc07f314f30002fbf2f60d0d010f090a
f7f908f601ff030a14f1f406070f111119ff02fffa09f2f40b080108fdf406f4
0afb0d02f6f4fcfdfa06feff0400ebf7effcfdfbfd060b02f9ee0a1406040101
f60cf80bf7fbfc0cff0803f1f9fe09e8fee609ff12fafbe710faef08fe05f7f9
1bffffeee6130811f70507ed0a0afffb04fdeb0dfe020303fe09f90306130d05
f603060209fd010403fd13fbfbf40410f3f7060604f6070110011505f10efcf7
f9f8fdf908f50af4130609f804f7080afd0203f7efff17030107f401fc10fc04
05f1e713ff00eb010cf807edede60becea0afef505fa1101010f0218f5ec0a05
17ea05f61000fdeafe1b03fcfa0afb1316ecfb050c13fdfe0e0dfeeb111ef902
fcfa090110f9f20af2f90401f803f40beef405f61de5fd0b0efc00f0f0f40b02
070403f4fa0a0517e60613fe07010c0b0de902fe0411edfc05f6fde80f02f80b
2a06fceaed0904fb0005fb01ebfcf9130b0cf708f713fafef40af6fb030d13e3
f70a05110a04e2f2f8f4fc00fd0301f92000fb0203fee70cee0c18030b05fb07
fb04f4fffff011f3f5da01eee62205ff1c0ee70e0002f415f6fe0401000003ee
f0fae7f10bf50cf2fb0307120509edef140bfef5f90bfeee05f9eb04f30600ef
06040bf0ff00fafd0aff141904fe050af9f10d08ed000b02ff040a00fff90110
0b091206fbf20afff1fd0fe9fff2f90a0a02ecebf0f70808f90601120afc0501
0cf6070418effffafd0809fc02fd02000e0ff50506edf9ff09fced1401f5fdfd
0bfde90406fd03f9fa02fe0506f915ed1408f40214fdfffff80a1106f8f80b09
1d14fbe900fa11ffffeff703fcfdf6fdfefe0a210b0d0a0406fe08f9fc01f31b
fff314f3fde702fbf8fff6fb09ecfafefbfbfc12ff05fe03fc18faf6faeaff03
08110b0b09e6fdf204f500f1fe0802f706f2f30705160afc05090a19030308f8
faf60fff0e120f130b1e0ffefa05edeffef60cf4100efc03fdf108fc02080ffb
0306ee0d0afafe08fcfcecfc05070beaf50ff4fc0104f6eef50bf902f6f000f4
07ff06040208fcf91002fc0c19010000f7ed07e6080f11fde615ff0800f704f1
090306fded0c1e0e06f906ec1006fd06fd0202050900f2fc0b090af9fafafff9
fef40008fafaf50cfe0c04f606fe1603faf406021316f8fefbf603fffbeeefe1
06e80b10fe0d02fcff06f4080102fc0a110df0f31f0f05ee00f5faf605fc0409
15f9fefff5f0f30fed13f304f2fd00f511ee061203e9f3f90d01f2fdf90b1beb
f1fbf8150fff10fb200203f9ff0000fb0b0d0204f5ee0403fdebf1081100ffe7
00fd05ff050e05fcf903f10e0af60dfafcfbfc05f8ebfd01f2fe07f6fdfaf90e
11fffc15f9fb10fe060608fa02eb070106f5f4f81cfef301feed0bfcfa0d040e
13090304fdf30d06fd05f9070617f3faedfe0af40806fff61b1116ee0002f8ff
f7fafdf804f9fc0b031cfb03fc1a030afefff80ff10802fd06e90417090afd0e
0cf101fb0def02feec150405000911fe00fc000b17f701fdfcf717f6fb01010b
09f7f41205010ffa16e7f1f80c0cfef708f91a07ff0608f809e3fc00f7fa0907
0205fafbeffcf406ef061311ef02f4110f0b0a0806000af301ee0103f8fa01fb
dc10f80ef00d030ff4f6f500fee5120006fc04f7030704f905f9fd07f20507f2
0af80917f10b100c04f5140203f2060ff4fb0be202f5eef209fb09120b001a02
f803edf70807e5f100f7f512fa04ff0a0b0af8fbfe0801f818011102ec07f001
1afdff10fafce1010a100ffef50411f600060c0af9e107ed011a12e7f40113fd
050bfcfcf4f114ddfd07fbfaf8071ff8f706fa040df813f1001a11f1f90415f1
1ddd13fef7000401fa0500fff10d090c06ed0207f81203fe17f0eaf40018f1f6
f10d19f50606fff704091af8f80005f2ff0af90314fa0b0b15fceff8fd00fd01
0002efeafd1a0a01f7fc05fce1f408ff090bfb0a1616fc0407f70b11fddefb0e
e4e6f6fd060d0601f403ed18f71500f40dfb000d03060bf20401f906f60116f9
0c02fdf803f7ff001309030f0503fe05e80802faf6fb12050014f906050a060f
180beb07f00003f8eff402fe0900f6080e0400f80f1814fef8fef30001fdf502
03f7fe0e0be706e906faea1200ff17f80814fd02edfaf71f13060106f7fc01ef
faf40f04fefd000cf505f5f5f70413000b08fdfd1c02e90eecf5f81205f006fb
fd1cf6fe0502fc100211fef8010df711fafff7fef20b02fff8eff6fdf1f814ee
12030f02f3fdfcfc070be70cf7fe04fd01fe12ec14020508f806eff3e20df50a
fef90405faf70514ebfcf70df8eb0de6e912e30407f102eff8e50a0aeafff808
f0fd0ef8fbddebf70c060501f50bfafdf4ff0601f5fd1005e7fff0ee1e000507
0011041c1302fafb0912ff0707ede7fd0fee11020e060916f1f8110bec06f40a
08fce7fcf2fb03fd0412ecfef8ef06ff0106f9fdf7fcfc09f904ef01fd04f0fb
f813f8f206f908fc15f6f3ff04e9f7eff4060e0800f2fff9ff03f6f2eefdf307
f00cfff9fb0df9f90ee9f6ee15080c09fff7fcf6eaff0501faf600fc01fa0122
fe08f5f5fde1f9fb0107f7f706100304061006040c0300151018f102f90a010d
030003fb1ff70d0a0d04f9f70bf1fe0f0af0fc0efef304f7f8f1f005f509e7f7
0108fafdfaf5060efff2060df8170aedf400f0f8fdfef907190607060bf70201
2106fe03e8f901f403f4fd0d030cfe09fa0200030809010703fd0d0511fc0d05
1008041800fe04e702f4f5fef90a13f0fef80cf103edf102ef080ef608001107
0e0907ec0401fefa05fb000a06f907f006f70817ed010c0008fc10fefa02f5f9
fd01f604f109f60f14fa09fcf1eef5050913fcf301f1fc08fdfb08f90aee070a
0203fe0114f0f70ffbeef6f806f91016070d0ee6f7e8fffef5f7fdf612f20de3
ff10fefdf2fc0602fc1000ee0d0306030011f2060af40af002130e161bf4fb00
fef401010709e3030507f9f6fc0822f6f8f3060d01fc0301faeb0908f7fdfb14
0af6ebee07ebf2eff20203fcfa0cf701fcfff7ff0a07f405f4fef7eae70ff10c
f71c03f50200030f0b050610fcf9f400f7f3170505f2f70609000d05f80003e5
040002fc1008fffff2f8f3f9ee0bfd0d01fff612140705eeee0dfdfa0bf6f610
0afb100108faf1fa001001fffcff20eb06fe02fc01ed0b20020b07f302fa0706
10de0afd08efecf9f817e0f10c03dd000b02120cfafde9f6160505f4040a12fb
03f7fbe30efaf40613effbf70dfd0f04f400efeafe0918effc02f3fd050af0f4
11ff01ff1a0316fe0ae6030102f4f5f3ed0cfe0c0bfc02fde80df70af900f903
f4ffeb01ef070bff1119f9f4ff1419fb05f702ee0c02fe05f71504f5eff7f8f6
1f0213fc0100f411f6f406ff0affeb0b12040af10feceeed09f8f50a0dfeffe8
fdeffef912f3f6fafa07ed01fee3150602fb14fdf7f703f9efd8fe05fff205f3
09f6fc11f808ecfef7fa0f070d0afe01f3ea18050e0208fa120e07f4f0f704f6
fb0cf6090b12fbf11c09fa12ff00ff0701fe01f209f903ffed0213fff3fd18f5
02fb0706ff000d030be9000dfc0f00ffff081c040709f5fcfefa03fbf907f5ef
06e9fff8fc0a02051004fbf3fff6e707fdf4f902f4130bfd03f0fb05fd0408fc
0903f6ed09f3010407eb010602fd0ceafff9f609110cf5171216f7ff06f004ef
0cf9f800f1f600faf3090ef9000503fef108fefb020504ff020e06f2f3fb0a05
e7f905f6ff120afbf1e5080afc0111ee0609fdfbfff2fd05f6fa19050012f3ec
f2eb030b0a0317ef04fefbfbfe0aebfe02f8050e0afd050d0a03fdfef901f309
f8ee03fbfb02050506010af3f9f1fe0df3fb0f0cfaf6f31102edf21cf7060007
fdeeff0800f6fe03e9f801fe0409ff02f5f412fd130309f903fe11f30806e9f4
01f80f07fa0108f90b06edeef306ec06e70218000af6f50a14fc1e0003090411
edf50ef1f906fa1ff2ef12f3fe16fd05f30c0019040afaf803eafdf801fa1300
04f8f6f7fe12fc0707fa10fefa00eae6fc000608fdea0107fafcfe0303f5020b
030f030211f70300f3f703fcfa030b00f108ef09f5f60beefcfc050e01e50207
fd03f60ff8f9fffc18000802e600f8fa0103080c0d040201e60100f50801f704
fd03ee05050aec0b08f7fd06fe080009f5f608fbec0312f900fd11fdfe0bf909
f8fc070cf1ff0efc0c19070ff6fdf809070b18f7f1060b17f90ffffef9fdec10
ddf8f7fb120406ea02091007040cf60d0ef91110f7f6f00af6fef1ee07fe0101
0ffffc0e0413f7fdfa0aeef907f100f516fe010eeb02faf402fdfdfe04ec040a
fafef8feec0401f8fd05f3ed02f918fb0d09f7fcf515f4eb01f3fc02efe701fd
f407f6f11aff00fae10505f812fc0803f9f1f404f503fe0306010ef70ff400ff
050d0808040a0e10f90316eff61df9e2f9f90016eef90eff13f60d060314e807
10f007fff500fd00fa08040409fff20df7f60305fa03fff3ec01fb11f6ed04f4
0700031a0aff17101206f600f7f606f8ec140cffff08fd04fc0cfa070cfceefb
0cf9f6f80b15e3fcf4fffcfbf8010704fcfb13170603def323080016ff03ed02
06fafe06ec0efc0df5ff04fd0201160405f9eafb09ef0ce2000c05ec01f2f90d
e7f0f5fd16fe06f715ff0dfa07e9070a01fdf314000303f6010703f2fef4f50b
f3f61001fe1dfaf9fa16e5f4efff04e4fdfdf6f3fc03fbf10804f6f4fe1100e5
0de7f5ff18eeeff605f8f3f40c040cfcf80f1c10f3ff06f51d0a020116f2f4f9
e80110fb0cf0f7f0fefd08fef7e2100e04faeefaf7e9070a09fefff9fd0c0404
03f8020afe0e05f40102f0fef900f4f211fa0af4f806fa03ff06070603f6fb03
0ef9f4f110090609fef31205fc07fe06f6fbec0304f8faf509fd0cf902faea0d
eaf7f400ea07f60200101303f50b03fef9020101fd070f0005fd05fe0805050d
0c16f0f5fe00f3fdf30100eb1cff10fcfcfd06f1faeefd11f80cfe0a0c04fae6
eefe0300060cfc1603ff14f60c01f8e3fa0a18f6110af9f0fb13f9e60bfbf8ec
14070b1bf9fa0005ecf60a00f21017f20cfa05fb051bf6fcfcebf90113fbf80a
0c03080008f30ff10800ff0c09f8f60d00ff060df805ff15fef5fbeb04f81609
f0ff14100ce10806effa06fef00508f70811f704f3020f0b05fcf0f1f9fcff08
09f4fd02fb00070701fbfaf1f108fe0f0af0fbfffe17e816fb010110ea1800f5
0104f7240effff00e6fd05e7fd04faf101f808f50b1608f9f70206fdfb070509
d501e8f1f4000503f6fdfa1108f3f4f50bfc0203fd0102fbe90e03fc04f6f8f9
fa0a05f3fb0fef0c0016f7fcf9000afef3fef2f9f9f40c19f70bfb0b040a0b16
02050f0e1608f7030cecf804fb02f90105effa00080212edf805f407f2fb0204
09020f1009f90403fef1f8fe07000502fafef0fbf8f9fc0512010100edfa010a
fbf9faf3120b020009d115f51f0005010a0904f40701070511fc0efff5070611
05f912fd03f7f20b070105fafa06ee04f310f6f9f7edfe0925f7d8f4faf6efec
0cfbffef190f160b000606070c0fffef07fef812fcfb0cfef70800fdf300fcee
08110b0dfc020ff40500f719fdf8fff006100903faf5060317f1f8050c080008
f9ea050d040bfe1403f6eb08f0010a290211f201f8fa0b0b1715f302fe10f4fe
0bfeec100709edf71108f705fcf5fd1ffffd0a10051007f3f3ecfb00f9f9f807
f4f3f318f511eef6fb03e815ffed081111f2f1f207060217fd0c05000203fdfb
0c0efd000c040f04fcf5fe16050b19020d0bfefe060c03f613fdf8fe06080407
01f913110d10e6f4f7f907edfffc0711fffaeaf4fff9fa06fa04f40df2011407
ff03dd0e00ee12f705050c00f6fc08f20004120e14f206f4060be4f8f3fd0102
0fff06fa12f200f009fcfd08f50efdf4ecfdf001f310fa14fcf30efbf217060e
110706f504020d04f305fbf8030a02f2fff0fdefee040d10050302fc081611fe
fe080f0c0403fdf50000ffff09fef9f80bf6fd0efdfef10aedfcfa07180019fc
09ff0900f5fbf201f7f40102fd040df1f6f2f8f502f704f303e003f708ebfbe5
0a00eef30b08f70105f2ec0b030a031cfc0aea0bfc0008f50109f6f409f90d0f
f4ebf2080ae00ff8fd06050df9fcfb03e905090514f6e90304e1fef3f7f9020d
f506020f00f402ff020202fb051ef20708eef3ed01fc040c0502f8ea120ae708
fe0810130204f6e9f8fbf6e5f9050208fdf10cfcfbf7fef3060603f3f4190dff
f2ff06140114f0f50606030af3031209fee5fd02ec17f50efb110eebfa0efde8
f90701ee0cfc0810e5f6021ffbf9120f00fd000806080b060303f80bf9f50a14
f000e6071602fa01f700f7fd0f0604fa21db07fd02f9fefb0ffe08fff0f01811
03f60e0a06edf7dfe20e20f8f908f50425f7e6fcfe0ffd08fefcfdf8ecffe805
00fe07f5fd0800fd071608ebfbf415fbec16f711f3fbf00d05fff300fbf30405
fc07f818fa06ea0df5f50005f508fe09f4f5000c1ff1f2100f08090605f9edfe
effd010a03f5f4fc0a0512fd08fc0be80300fc0002f9021af9e717f7fc0c06fd
f7fd10f400f4f503e7fb0110fbf4f608fbfb0ee2fd0318081606e4000a15ff02
0f16fdfd19f717181205fdf1f3e5f113f007f400161902ffdf0d0afc06f40eea
06e905fe13fc080c0dfe0620faf8f50e05020908f10204ebf4f2f213fcfcff0b
f70afafe0101f4eef514fffcf0f9021600f7fd00f505effa10e7dee8100bfcde
0ffb100c010d070103f500f61a100200f4ee11ebfff9f5fff00901f007170cf6
f2ebf6f90e03fdfb27fcfcdffe06fdff0300fcfd19f6fb0017fb0008ef03f408
0c07f900181010eeff17f91506fdf5eef600070006040df80d0309e4101002f4
fefff0fdf109fffb00f6000afc0c0404fbf91cf9fd110004f400eaff02e6f5fd
0704080b1609fffa07f8ff0ce7f9f9190fe007fdfbfef40a0dfd0608ecf3f7fb
f704071e0d05f2fcf6f507f10bfe081002fce4ec14f20ff50afd0bfb02eb0b10
10ef0bfefb0af913f6f503f9fbf7010aefe8020a0eec0a050e07fdf604060f07
e30d06fc0d0504fcfefcff030600090110fe18f1030407120bf014f6fc02f614
1700f106f9fd13060aeffcf806fe10f0f7050316fd04e4faf90df40c08f5ee08
0ff3f21003fff112f7fa0ef902fc03f303f20404fb040213ef0401010805fe05
0f0900fef60901fcf1f3fd06fafae80205f2f5f9fe0ffd070ff2fff701f201ff
010adff9fe0309fdf2ff0a0b0f0304fcedf9fe070504e706f4f906ecff00f1e8
0201f4f40b001721e9f9f31503fa00fa10ebfdfb09f108101701fd0e040101fa
13fbf0130de5ff02f5fffb0d02fbff03effcf6faf7f6fafbf4f3f40905f90906
0cee10faf90d0b02f90dfeff0cf3f2ff0b09fd0312090bf80905fdf0fe0b0c11
06fffc11fdfffaf7f5010506fe200e0402f3f2eeee01fffe00eef00cfefb0104
050a09fd030c0df005fe06fa07fb031b12feeffa10f117f801fa190703f207fd
02f003fa010b0cf6f3fd0eee10e819fcf8ffee1100f70e02030109f5f3eae708
0de61b020508f6fafa0a10f5fa00f605120405fef5fd08f4fefbfbf9110b0b00
dc0319feff07f9131beff305ff06f12207fe04ece80cee02fa200efdfcf80405
0108fa07010204030af70b09110af500fafffe1af40d0403f5fd0b0913fa02f1
110808fcf60401fbf702fc010bfd00040f080f030907fb07eb1d1209fa05fdfd
0bf8f4fc03f5f408f6f40a04f711fb0512090afdfdf7f61cf0eb1100fc14080e
13faf50b02fbf7fcf0f6f2ef000f0316060bf8f20d02ec0007f620f9dc04ed06
fefe01090cfc050503f5f6f207f101fcff0306fde70c030b0203f4090d07f0fa
fdf11005fffa020af6100afffdeafbe310f108fbfe020bec140cfaf0fdea080d
eb09f30300e304f0f6f6f70114f704e901fef6070605ee06f4f9f1ff00fb0914
f60e01fb0b0807eefdfa15071aed17f3f60df70a00f310f50709f0f8fc08ff08
0e0efae10715f6fa0ff6faf7ef040d020ff50ef608e5031815fcfefeebf8fb0d
180803f5fbfbf0fc0c00e80a0bfff3fbf0fcfafcf4fe00fefd09fbf703f907fa
0211f701f8f2f7fd030303050713f2f8fd00f306070f051ff40901fa02f9fbea
ecf004f70aed08f61401f2fbff1cfbfbf60a000d11f2ff110400f6ee19fcfdf5
f904f80e11e2f60511eafb03fff9f70405f7fefdf4000be9fe0104f60409fafa
081607131deb07f8fefaedff14f9ec09fcf8030002fafff604081300f80ef00a
faefef0afbfbefff03ffec05e514040afcff0401f3f906080bf1000306f713f9
07fa08fdf40a07f2e7fdfd06061701f9fe0de907fff412f80df9e4f6f302fc01
030506f5f204001afcff0ffff90009f700070de7fbfd03fbfbe9f1f8f9fc01fb
faf60409e5180b0903f0ef03fb070313f6fdf5f8f6110a020bf8eb10010dfd03
0704091a0ef414f80504f70004f50afef60409ff190315efed03fef70900feeb
de00f700f5f7170a0bfe07f3100116f0ff100003f5fe0201ff0cfb0004f603f8
e9f106fffb1011f2f5eaf805f6f3fe02fe0e180dfb13f205020efe04ff04eaf7
fd02ec1519ef19fb17f8060bfaeaf702f7f4fef214fee1f6e30bf5fde617110b
f8fa040ae607041304ecfa0200ff05ea0611fdf8fd020607070dfa1de00bf20b
fafc0106fcecfb06f8f20ffff5fdfcfb0af402090d080400fffa09d9e0151900
00f5ff080a02fe0ded14fbf9edf9fd02e6efeb10ea20e4f407f8fb0bf4fef401
0907f601f9f4090107f30bff0001fbf4e50b0403fbf5fef8eff800f4e4050ce6
f8fa07070e180e03f10d25fffb03ecfb0c09050ffc151e0617ffff0312080303
f100fbf7ef0900030b101402fe15fffffe0600ff050a1504fcf3f705f9fbfcf3
0e010b111ff6fc040bfb11fbeb07fcfff4120ef9f803f5f411fb02f30207f8fa
f300fcfaec09fbfae7f8f3fd04fafdf0f7f8fd0afa0a06f501f803fceee91303
01feff04fd0b00ef00ecfaff0d18f4fc0afcfef5ecfffb160bf9f1e60ffbf4fd
fce004e90102fd0701050c090bfef3100a00fc09fcec1001f3f4f6fcfb07fc07
0d070210fff3faf8e904f2fc06fef1f502e5f40b0bf8ef11fb15f006f8edec0b
1506ed14021114f60809f7040504f3ff1d080304fe0d0dfc0cf916fcf51cf3f8
02feef0d03faf6e8ff1309ed08f2f3fff8fa08fef7fc0bfb0cfdec1bff1df706
ee010dff06f9fe14f8ecf7faf3fef4fd080bfa07eefefef6fc11001004010803
03ec03f3f8021109f3faf300000a13ea0bf2020f0a04fdfff00ff3070afe0516
120612f0f2f7090d0405e80ff2070a0008fcfde40b15fcfaf90e10fdfbfcfcf1
0807f1ff0a110f0ee40f14080cfc0d05f810110bf2110c020a03fbf6000a05fc
f90c04030009f102fbf80908f8fafe0af5fdfafefbfaf61301fd07080f040002
0cf9fc05020303f7040419eaf30b130f07f2f3f90812000811030308fff8f40b
10ff080014f30204fb120b16fcf1000d05fd17f0ed06021602e10d0415060af9
0a0bf303f8130605fdf60f04f4f2eb0bfcf50200f1f7f7110df2ea04f91016e3
00070804f910f00007060deb05f0f6fef9f3fbea0c00101df8eb110df3f7f5f6
0c0ad3ecf0e9f00aece00efe00f8f3f8070c05010dfbf9efe9f4fbfd0301ecef
fdeefc01f8ec0303f0dffd15f5fb11f4f7f9fcf8f9010f00f2f3f3fc0fef0c0b
ff0dee1604e70f02ef110805f807ee070f0cf5fae201e30ef7f7f4f7f3fd1c07
0301fff90deef9fcfe01f809f00af1e60c170bf0f1170ff4f901f0e9fe0205fd
0fe3fc06fcf30c0216ff05f40b05fde3f70802e0fc0dfd041f0208ecfb030407
f4070af40907f90e000bf3020704110503ff05fffe07fdfa18fb06f8ee1afbf2
02000309eff9fef404fcf1e8fdfefa071ef700030c150901fbfb0215f217f8f7
fbf701fa08f2070f0b12ecf60e0e0af5f002f0f512fc09fb13f6f805f1f6060c
0b1303f9f402f90b0413fa0c02fb1b07040afc1408170e0f10100702eb24f805
fffc08fe0afcfd08060406feef05f2fdfbf203f7f2080b040508f9040600fcf9
f303faf5e7f5e8ff04fdfcee280a0ef413041709eafd01f5f30c0e0507040501
04fff406fb0e041609e40405fd01ffebe9f80bea0708faed02f2feff13fb0501
f21ffefdeef80a060314010300f90505f80ef205f1fffff40ff9f9feeefdf8f0
060d0d04f70af8090efcece800f7fc0c090008fcf00dff0a03050aecfef71404
ec0af0f6fa07f8e90af419fff9fbfe1007f5f7f5f211030903fbf8030009f6f5
f6070107f1fff5f0fd03fa09f0faf1f00c07f901dbeef2fbedeb0a02fe03f6fb
00110e0f000211f8f9120d00160e1e0e0a03efffee000110f3f9f0fcfbf9100e
00f7fd0a0aff0f0600f319e705020b15fbf0050bff07f4f40af7050602000518
ec1011060d090807f2ff01040a0efe0006fbf8fa16faf708080500f2fe07f7f1
04020cf9f40404fe1dfd00ee110302ffe7f9e9fdfbf81600fcf40b02f70202f2
03ec0f100e0d0a0c13f6fc0bf6ec0dfd040103f9ff0d0105fff607fd04fafa02
f812f0070a1209f2f6edfa01f307091806fdfff3f8f10b08f105070307020eff
f6f7f4f90a05eafcfe0c0cf4ff0711080a02fff3f00cfc000cfcf5fe15ed040d
0ffaf3fc02d50ff916fd06000011f7eb07fbee15f3fc091d03edfc12f703fd06
fefb070213fe0cf803120600fbef0d0c0cfe05fc0e14090806fafefdff050709
f9010912f8f0fdfb020efdf0fffd0f0f1200f40317fde9ecf7030102f0ea020c
fafeedf9fcf7fc0502e8f8fcfbff11000b01fa000601f7f2fc0403fb090f060f
f4f7ef040a08ee0905fefbf0f706f1fd0f0cf2f7f20603f60401f800e8fae8f4
f602090c04ee0c02f2fefefdeef80ffc0e030f0df8fefbf8ef1cfc0bff03fb16
f207fbf7041106eefdf305effcf5e6f6faf1f9fbeaf705fa0b020107f2f9ee1c
fbf00efef9f7f9f808eefdf71204f8fe110d030807f30001fd04f9fd0ff7fbf9
070d1af90e10f3060bf1f50b16ed0afb04fb0008fd0700f80ff50c11f1fbf1f7
0602fe110b01081506fc13fa15f5101107f9070110040dfa05130cf7fcfef90c
0dfffe0b0303fd08ee0b03ea07fdffeeedf70dfafe18fa0304eb0d02f7f90e1b
110befeefa130b0b09060201f701f3fe070100140711f909060400fef3faee1d
0508ee0a07ffe8f8ed0010fdff00fd0a040009ef0a070bf2ec10fd00fbfa10f5
0e050701fbf9faf2fbf107ff16f3010000f20ef4170dfaf905080305fbfff7f5
0dfbfaf3fc0b0ef7fdea0110f4f702080cfafc000ded1003f203050cf9fbfcf9
fb13f7fef00bf608fef21908fc0807111108fd0dfb01e70b0dfff1fb12020208
0701f9fd0d0cf70dfff7ff16f9ef0bf8f0f60001090602f60c0d03fb06fdfdfc
fdfc12f108f120fbfc0df305120af803fa00fe0101f603f3fff20f00fff8e3ec
f7060507ffedfa130e0ff4ddf213f40f12f810f7f6f2020510ec110a040be701
f4f3f8fe09f70c1d06050a0005e3f80bea04140c0efd07f1faf0210cf30c02f4
fffcef1c0b130cf604fffc0407e3f5f8fc080bf6fee7f6fdfaf1f1ededfef908
111313050a14fb0d1300f2faf8f5010a150108e8f80b01f115e609090efbffe3
11fc000100f6eb06f010eff9f40210e304021111ecfc010c09060300fa0502fb
05f1f2070708030e1006fa10fdf7f500faf507f501ee1917010700fe1304ff05
f8f9fc1ad6020307ea0a13fc0c050deafef80a06fd00070510fdee1bf7f7f404
02f31afe0e0a0aeff4121107fd12eb0807fef4fdff0b08fbfc01f50302fff205
fc08fc17fff2120ef4f6f5f80bfdfcf8f10403f702fc0d0114f9fae40c00f1fc
f5f3f6f0f916fb0905ef00111101f6fe00fc10f7f8f7ebf300e907ee03eeebf7
05120ff70206f703fe05f9fdfc07feff05ff091206f604fb04fafbfd0b080d09
0efce0fcff0eec1010ed04020201fff2050bf809fcf803f3fee90ef20ef7f6f4
fc07060ee3f1f30ef70efbed0cf208ff0e06f3ecfefc010cf6fe0a01f8fbed06
02ff07fbf30bfde8f3f9f9f2f10706f1fde9f2f9fbf406e90c0d030eff170001
fb01f20afff2050314f105091ef40af70e030c0df1fa06e7f507f4e80201f802
fa14f80801050df307fa08fcf5f90af8f7ff160c1a0600ff0d16fc0513eef501
01111301fd0e0be8fe10f0f3eff00305f0ea06fc031508fd03ef05fefb110603
fcea16f519e9f7e50101fbfd0f10fef90802f706f0f3f7f3fefafcfcf911f6f3
fbff06f0f10c06160514fe1a19f8f1fdfd03f9f90cfdf6f40711060409f301fe
f2f80af603f4e4f411091d0606ebf40505f5fbf600e8040417fefbf8fefdfcfd
09020705fb02170203f70401e8f207f7e4f00a00ecfe0aed0e000bf40615ef05
030206edf2f70518e8feec0511f7f80de1ebfcf601fbfd1317f9eff4f90f0211
fdfbf8fa03000d0e01f8fef5df02fe030902fb070c0709060dfaf713f4f414f9
120901eff7e9f70408fa11f3eb1407e4f20b0eeef92a150eeef40ef4fcf8ea0f
fde6f1f90a02f8f103160bff0f020af7f807f7fc0aed0b0af100fffd04fffef7
0208fe08060b01fb090c00f80011f0f8fa090df117071216e8fc0508fb001106
ffeb14fa0ff8edf30a0009fcfaff19040e0d030f13f90f0710010ae806fffa01
f7f1f8190002fefdf9f1f800f7f8f30b0aff02f806fe060ffcfff20106f51113
fc030d04f00f090cf5f2020500fb0111f20a12031afafefcf1fafaf703eef2f8
0b010501f7f80e1bf604f81a0d02e8fa1b0bf7f5fcfe0b05f60d0aebfbfa06ee
08fbf0fd03f104ff1101fd06f2fa13f20e0204fff5020ff812f5091afbed06fa
0c080207fa03f308f0f5f9fef719f7f802f9000911fcfff905f10cebf7fdf9df
05fbfc09fefaf811f0fcfc0f0ff8fae1f60512effbf80d060bef070bfe1bfe0a
f9f1fa0dfbfe07fbfe0611f70d1104fd0f0405f4fe0efcf9f9effafe0cf0fc07
07f4f50617f40ef90e0f0e02fffa10e90d080ff7fafcfd03ffff090afdedf702
0e060a12f9f701190806fffbff08f8fc11ff0c070dfe13f301fb15fd01070a0b
fe0314eff404010806faff03fbfae90e09f1fb04010de80901eb0c050d0cf1fd
f70c06ec1df600e30d16fdfdf4f60c14f90ee8070d191023160706f6000bfcf6
eff40d01100604f412040a170cfd0d03171a0702fbfdfb04ebed0dfdf7f505f1
040f0102e808fc08fa03f809fd09050c080902f9f100ff0a071802fb0ceff8f4
0b05f7f9fff6f6fef3f7f80dfa08e2effcf4f503f50fe5e8f40902f81907f9ff
06f4f2ff0902030afd0ffd08fa00f80901f8f4f401eb041903f20700ebf6fd0d
f6150109000207f8ed171a05ed07f2faf0fcf1eff103fc0dfaf8fdf713fe0007
f70ef809ff0dfe03e80805dffd00f50bf2f5fcfbf409020003f000fff7f617fe
1403120cfcf6fc0b00f709fa031004f31a01f3eaf510ebf2fd02f5f3f9f0f80b
f6f504fbf9faf3ecfcf00102040406f403090c0bfb0d0ffbf3ff091405f805f8
11f10509fefe0702fff905fe02ff0404f30ef50bfaf5ed090703f8f90e00f50c
fdfa070119060d07f3f0f9e803f8fa0703fdfbfffd091611efecfc011ceff5f8
f70c04f3f9fbfc03e607fcf710fbee070b0f0d07e5faf513f5f80dfe0003fcfd
ed100a0afc090510030a0f11f5ee1bf4e614151b09f8fe0908050af6fff9f5ea
0e04000d111ae9fef9f3040be700e8eff4f80002f106fe0500fbfcfefee40405
f40a1f2608edf3df02f4f4fd08f8160dfcf9e8040b01fcf911fdf8f8f7090d03
f9fd030807f50af1fefd02dd0803ef02fcfff0ecfffbf0f21117f70c07080e06
fdedf81cf8080703eaeb15e7f30600eff60708f101fd0308fc09e7f108f9020b
fe1808f8200201f7fcf50e08ed0312fc0afefdffff05fb0301f601f1f9020c11
0a10fbfb09fd0106f104f309f801f0f8020001010d00fc050402fafd0a10f0f2
efef00f104fafc090af5f6fdf4e6ff0a0008fbf301e401f413fdfffc01f903ed
13070d00f20ff8fbf3fa00fd03faf30f11f6fdffecfbf01209ff1616051001e8
04fef0ff14fe0409060617f5fdeffa050af2ebf7f0ed20fdfd08fe0c0a07130c
f9fa0610f515fefb04e7fcf1f0ee06120001fb0f06f9f2f2f804fffef6ef04f6
fee80709f60bf11b14faf507f802ec05f1f907080f03fdeae8f90905f4f7f70b
f0f40e0c08e5180f13fde4fc020bf1ebf905eefce1f4fbfe07010104fbf60513
0a07fc0bfb0a06ff0005fe080104f3fcf70bff0bfe070009f101f40cfd01fffd
030007021410f500f9faed01f4f6101707fafdfcf5031610010aeb03fa0510f4
fbe71105f5f3f80f01f60418e8f5ff09e2f8f2faf5fb02050afbfdfff6ed1607
f4081202ee040704fb05f905fe011601ea11f1fcfd06f90a00ff0de919ff0ffd
0bfae61afc010a1304f5ee0407f90b080805f90b04f9f70d04f9071113f8f9fd
0edb02f3f1f7fdfd04f9f4f1ff0bfb00050e041ef503f002e8de01fcf70c0a0b
12f907f8e70dfbf4060bfc04f1f9f2001cf21210fa07f5f80fff060504eb0304
fd1104fff405010dfa08eff203f7e8f7fa0debfcfcfcf7030102090b0bf10300
effe01f9f00bfafffcf306edfdf30c0cf00108021602061307d1fff8ff01fce6
f70712040ff10601fb16f6ff050203faf7f8fb0212ff0b06f914fcf904f2ef01
e20d0300ff01effae9f0fdfd06010e0d1004f8fe031df602f803fd01fdf7f7f4
15e6f9f501f911fe04e3e40501f7fffaf1f6f70819e620f3030205f7fb010504
ebf3fcfafaf907fc0200f80c07fb0903f805030c0618eefff009020af9ff08fa
f602f7fee6f20b05f7ee05fc020106150f1d07fcee110f0df40e13e508faebf4
0402fe0afd0409f704ff1002fb0bf2fd0200fdee01e8f60d03f8fee8eaf80c02
01f614f90805060d0415fffe0510eb05f90602f0f50f0cf817060af8f8060f06
fbed0d08fbf302ed0b09faf8eb13fdfbe1fff7f2ffea040def03fb17f6fe0200
0ffaf700fafd08fc0009f2fd07fbfd0bf9f916ff0100feea0016ff110401030c
f60bfa08ff0104f8eb0f0b18f6f5f3ff0e0e06f1fcf8fcf20efa1000f6fc05ea
14e2e518ec15ee050600fe00f6fee5fff5031a151d0408110ffe20090a0cfafc
ed0201f811ef060e0114f7eb030a0dfaf908e304fa050ceb16ebf507fef4fb05
0e0a1dec12f80f0ff8f8f2fbf80e0a0cf4090800040c0bf9f5fff7f9fd14020d
f2e303f3031303fd14f00d15ff10ec03ff140df7fae802fafe1902ef1dfef805
061103111e0bfe03eeeb0818f602f210f8160e180b05f804fd0100f90afc1111
08f8e10af505fff0f0fcfb0b0f06ef090e101304061af9f8f400f907fa0608fb
130af7040801eefaf6faeb00f50905f40804e80807eb0809f0e3f80cfbf8fc01
0cf3ff03f501f6fe04fc0b0d1af3fd0410fe0ff7f9ff08f9021505020d0310f4
05f70bf4f9ea02fcf004fffeea03e805fe0eee0012f605070f0df7ff09f315fc
e910002302fdf10112180b02f012090705f7fd071ce3f9f9fef204effa0c0afa
f1f5fdf80efbfd09fa0106fffbf907e4fa07f510f3ff20f5fc14f100f10cf8e6
fd04f9f40205ea11ffe711f0f7f5f21108f510ed09f00b01020e0aee05f70403
0aee04f511f3f9f713f9f6f5f1041b09fef71d0bfbf3f3f6f8f7140dff13f3ff
fa00f7fe0518f709180bf8eb01f9130325f008fcfa01fbe6f71702fcf5ff03ea
0d06f5fb1509fc02f3fcf60a0af40502fd00f8f502f6f90404f2fff3fdedfc06
ef0fe6050afe010e0d0b07f9070df4f8190000f50ff9fcfdfa0af100ed130706
fb0ee90a07f30d03080209f3f910fcfb0005f7f9f106fefff2fff8f7fd07f10c
f7f006f1f705030a160e0ff6e8e90ef413fa0b160a0504f8fcfb0408f5fb0c16
0f031402f408f010ee06060b1000fe05e1e8f0fcf90cff0e03ff03150a06f4f8
fe080e080607032003fff5e6f4fd0507fffffce7090400fa120402fbfc0201fc
0605f207e40e02e601ef0ff00ff614f3080ff40612f818ea02fef3140304fbff
09070d01f60bfcfc0f09f909f402f3f702fffcf6fd05f4fd08f2fa0500e4e416
f90ff30a0e1f0fecf406e907f00efd0d06f30b0013fe080bf80300080f0e0519
f0fbf30704f105ef0b00f4f314ff0ad8f0f1f60bf6020ffd13eafc03f4fefa01
eefc0cf80309ee010903fff40200080efcf7faf20b00f9f9ff0b0dfb0402fe09
09f8f71012ef10060e0003f0fb060706f8f8f306010e0714f0f30b0004000403
f6f20ef30701ff09effd05fb01190af9040003e701031dfaeef9fa10fd05fdfa
fff7ee0800fc04fefd0a0b0808f908fcf3110fe703fffc09faef07fb100a0206
031af0fc090bee020afbe3eee9e6ef05f10ff707faf4f4edf3061208f00b03f7
f6fee6f11c0bfdfae7fc0fff03f2f3050405070715fb020001f4f3010103fded
090aea00edeff10bf800f4fef109fcfcfbece9f5080b0afcedf008f60af2ee04
fdfff8fc05f5f1eef40d05f403f4fbfee600ef04080e0615070dfff01e0104fb
fdfd030df90207faf1110a0c07fc06f8edf8f9100017140f06ee10fe0502f00c
fe08060502f8ffebfbf0f0f7ee03fefa08fb0106f3f3e20913f7050af7080ef5
08f601faf4f8fdf80ef7e80203eb0408f20f0505ee07f60110fa19fafa11edfa
0002f8fe02eef5f5fdec03130cfa00090203fff3f601ff02f9fb0bfdf001feea
f10406f4fa07f3f60008f3080bec0401f11a03e814f5eaf6dc040f080ff318f4
fb0aff12efe601f3160b0b13fb060d12fefb080e02eafcff0beb090b1a0cf906
fcf8fcfefdf9fee702f4130d0c08f507050708f41afc00fbfcfa030df9fe0319
0afe06021af70bf6ee1901e30a03f9fffa18f819f604f6fa0400f910f41008e1
04f7f20deef4f9f90df501ff041c0501eef7f4fd14030d060b0000ff1a0d14ff
fe0212f9050700faf20901fe0101f6fd0405f0e5f701edeff5fe03fa0009e6fa
fdfff7fdffde06fefff6ee05fcf6ff1d0f0bffeff70009fe02f108030de6f600
0009ff0b02fd10fff503f610fb080100ff0b0d040bf3f7f617f20cf3f2faf5ef
0c1beef50cfd0108eb001aef1205fcfff202f611fe16fd11fff009faf102ff0c
01f605f8f2000b00fb01fff8f4f905140407f5fee5f6f6f101fe08fcecffeaef
fef9f9130c07f9f61905050af7f10a0b00f2e312e80c0309010bfa040ff70af3
01f509f5f4ff010207fcfaf202fb040507f626ff160d05fffc04130df7e7fdf6
150dfe0909eff4f101fa02f603050002fc000313f3ff0700f6f4f4fb0203e60c
18fceffbf8f801f2f5ef01ec14f7fa0101fe0d06011cfef7fff2fcf117f90109
f803000aec040ef2fef207f40a02fcf50c0907030f040f11fc190915fcfe08fe
01000a0301f7f217fb120906f60411fc0ef0f811e9fa0efbf8fc020cfb130b05
001a16fe07f9f4ec030500f80f03fd0801fb0a1d1007090403ef0b07f11b0109
e8fbfbf0f6040bf41508f60903eaf6f40cf303eef807eeea01f9f5f2fbf7fbf7
f5ebea08f6ff0e0d0111fe0af908f80612fe0d0513f0fd0f1110120a0100ef0e
fdfcf1050efb0c0e09fe0612f3f703f80509100cfc01010b0f02fce905e61107
0701f309e900ff0d03ed19f4060de702fe0ef1040fe8f30afc09f2fdfbf9f7f3
08eef2f9fbf604fa051918fefe0e150af0eb0905f9061002f3e606ec020a0306
f40210fdf302f901fbe6fefef904f71106f1ef10f414fa0b230b00f2fef5eff1
05070a04041108f8fa170b0201faff0efdf8fdf700fcfe05020dfd02f3f10a08
f30cee0c0102eafe13f8fbf80209011008fc0ff2f80f01ff0b0807f801f2f401
1cf80104fefe00f2ec01fe0507040f1101effefcf4fa0af5fdf60315fcf5fdfd
f70be40600f8fbfdea0b00f80b04060417fff70007fdfbfcf90901fc0802eff6
f6f7210efcf7f9f60001f403fdf515f9f8fa0603011500f7f30ffffd07ea04f9
fced09fefaf2f102fbf6f1eeec04f607e502010c0a0802f909f602ffec0000ff
fef7fcfdeff7f21117f908f5fd09f80e0d04f0ffe9fe00fb25e30de1120e050c
19f3f8edfae5f906f7f30a1c11dce70eed0de60609f902f005f5ff07e10c00f4
e8fefd0dfdeb04fefe1105f103ff0cf9ffee06010ef4fdf9fe070206f8fe09fa
fd0dfc05f7140afd07f9040213eb08e8f5e910f6f1fdfe1314f7ff0201f7fcf4
f90cf7f5f8e20102f9050cfe110c0cfe0505fb17fdf908f7f8eef504021116f5
e5ff13fffefd0bf70e030bf8f7fd1403fb0dfafa0afffb00f7f50909f501f601
f1fb0f070100090d0ef5ecec04f705fe020a11110eed0be803fb0af30b0e01fb
f8110de9f60113fff700f00bfc15f900f31013010411ff060f17fa04f5ff1102
f4f3f518f8fa0cf50b0e03f6fcfa0a0700fc08fefbedfce6f809f1fdf5040bf5
00eefd06faf9f9fa0205e9f9ecfcfbff0905fffff8ee08edf8f8fbfe1f05f4fc
fdff06fffe01ec11f502f80cf70609fe1206fbf7041bf3fb09eff7ff03f91708
fefffd0003f306ffee020ef71007f50c0806fe090bf7fafe0606fc08fb020204
04f806fc01f6f80808f8fdfcfe2715eced12f90ff8100d04060515faf5f50003
110b070ae60e05e5ee1903fe03eb14e1fb020700f3ef0cea0415f4f9f8f806f5
fcfdfc08fdf50407f70703fd1702f4fd000d11ec03090f15fd07f7ed07080610
fb160c02f80af516040301fb01fbf3eb0ffb0a04ebf5fb1710f110f3090c09f6
fe080309fa06ec070906f5fe0e1402fcf801f10af305f909fefe0dfafdfa0401
0dfa03f41414fd10ef0a2b0110161711060406110d03fcf107fffa0c070be7ea
08f6f00c150afdfafdf504fd14f70cf3ea03090bfbfef31dfd16fbf802050dfd
f7f7f6fbebebf8f604e704f1fdf9f5fb08fa1203030ceffef1f3e90200fb101b
09110d12f0fdfd01ff00f6f8fff4fc1005ef0408f2f90d140307fef2feecf1f0
fa08fbf4f50e0f0e0305fa0b12f911fd09fd07fcf600020c03f501f301e80510
f3f5f0030a09fff5f71712eafd0bfb0cfe0c0606f4fefa091e0f05fbfaf2eb00
fc0c0216040803f203f7e8fdfffe0bfbeff5f80408f207fc03f917120103fae7
f909fce5f9f3f90602fcfe04f30af608f5fa08f216f805eaea090afdf9160a01
dcf8ff0b1303150310f2100a10070201ee0cfc08ec0704fff3fff719f807f707
030a02f5f70502f5edf2071cf20b05fef50309020bf9f61203fffa0b11050eee
0b020af60b0b0dfcf7f9f904efef05f603ee09ef0206070907fb1609faf901e6
f3f00c08f9070203faf5edf5f702f903f91509f3fc1301fb02020712fe030cfc
f4fe12fd050b05fafceaf6e811fc03f3f8fc05100e07f8e61000fdeb0205ff08
09fdf6fb0802f5f414fa08f016f10a0a09fafffdf5070b0009ef08080b020308
03fe12fdfc0b0303f609f5f2fbf3e9170214e80216f5fdf41913f91600040ff4
fa00ef0801fbfaf7130f02080010160f15f6020af41c0cf20ae90414eb040bf8
0bed0ef900fe0002fffc0efeec00ff010c130205fe040101dafafeec000806fa
00ff0400020b07f7070e131407f016f5eff10bfefff0000efef7fb0afe18f4fc
04fcfcfe090801050bf7f20def0c02fffcfdf4fb11f6101efb00fdf1ff2102ec
fd08ff0209ff07fafdf8fbfbfbf202f1e0011ef907effbf6f40d0c03fd060d00
e6f9020f0af104160f0bf90108fbf0fbf7f8f10508fcf8f2ed0a0101e8f40afb
f3e90a08feff0513f2f8060dffe4f3fb02fb0512070e00f10f0707180a0aecf7
f6040503e6fdf10ff0040cfe04f5fe0212ebf612fef1fef80cf8fce901fc1b05
03010e01fe0dfce7f7fdf7f60afd0206f2faf8070d11f80e031914f7f6f4fa11
14e70bf9ebf1f0060c0efeec0cff0a0b05fa1406fdf80913eeedfe06ec0afdfb
02fe130c140d0808eff1f30502f304fafefff40df8fe04fb03201e0b0b0318fd
f10e12edfa0dff09eff816f0041505f403f9fbf80d000a0aef161002f505050d
09fcf8fe08040c02faeb080a10fff1f10106f8fb0b12fdfefe0408e3f8f4f904
0bfefaf6021b04f2fe070d09f7070a1506eaf4fd0bfc09eb02f90d0f0914fd03
fdfefe0d040004fbfc000501f60904faf804f1150909f715f7050af9ecf9f8e7
edfef015fd0702041202fae201fa0407f0f606fd13f7f8f3f4091602f907ebf0
ff0705001efe0e0af2f2f70603fd0501fd0fee0afa15f10817021be3ea00f205
fc0cfaeff7e5020c09fd04f90704ff1511fdfffbff14eb09fcf806fe0800f0eb
ff0b11060afafef2fdf20f000afb1c00fe1dee1413f914fc0910ed09f8f30204
05eefdfc12f60304ec0c0f0507fd1304050aeffeeeeef9edf2f70619f6120601
01080308050503f2fffff7f910f8f507fd1b0a0df5f9fb04f50efafeff1cec0d
02ec2009fffdfaf3000706f801f3fdfaf80af5fb0d05100ffefb09ff09dcf7f6
07f5ff0814060ef6fee5f516f8ed05effcfe0e0d010101f5f30f05f7eaf4fff6
e7ee09f71402030211fc0107f1fbf5ed00f1f60df612f4e6f90c03070804ffe4
00fcff0209050de6fef71804f20304f1e904f5f7f7f912f8fc070e07f4fc07f6
0b0d010401fe100b08fedd0cfbf30b0807ef000400e5131019f10a12fefaff0a
0feaeb04fc0efa11f80e0208f60afffd0b0cfc00fcfcf203fffd071700f51012
fef3e30603f8ee11fcfa10151008f2f310211207fefc10fe02ef0cee12fff7f7
f0f6f413fd02fbf215ed18f40afa020afdfcfbf8f6020ee10b0a00fe010fecef
f90afafdec09000be8000706f304f3f9e8010611f9fd0e05fde70ef702ed0903
f504fafd07f6f80c0b0efffcec08faf4f80c100717fdec01eef4fd02fffcfb02
f20b291603fb00030b1ee8ef140ae8080af8070d03fcf8e90c02f00107e804f3
1006f4fefb04fc07140af6f11407f0fd03f30c08040304eff902fcfcfb0bf600
f6eeecf70deff9f305000609f5e0fd0ffb1607fd1a0b0c020d010103f50aff19
faf81504f904fa06f70a05ec0501fc010a10fef206100301f1ff0d00f0071318
110c07fdf4faeff3070d05ff0beaf00311ff0cfcf201fa0d05f900f0130b0102
fe00050402f8e9f3fbfefc01fcfb0a0b151406fefefe070cfafe09ebf514f0f9
02fe11f6e4f407f8f70501f611070201f7e7fcff09ed0809fbfcf5faeefd0811
10f815090ffbe9f7f4ef06f9f7f908fff710fff5e815ffffff0a0f0811fdf118
f806fffae70d051fea01fbf91304ecfa06f216ee0e0f0bff12010408f6f2fc0c
151ff001f9f6fc0d01ee0bfafbfaf9fefdfffc080cecf8faf7fbfcfb010a00fa
07f3fcfa01f7ef05e5eae6f4f611f5f60603f907eef4000406130909fdfaf5f7
f1f7faf2e202fcf6fafc04fafbfb020df3010cf7ef0002f503eb0af2190f070a
09f6faf801010b020a1cfb00f6e8fb07eeebf006000609e90bf6f9fefaf306f6
fa0f090106ecf4040df3f2f6e618fd0dfcf90bfffc070b07fdf0fb0201ec0210
fbfaf704090006fff4fcf5f3f416141dfcfff0fff8ec0202fffd0af2f8fffcfe
010106f51c0e0203fe04f0080b09f5010b01f6ecf61010fbfdf4ff13f300f608
0ff3f9e90d0806ef08f4f1f40f050403fff4f9fd05fd00fe100608fa010a1607
080703090cf3fd05fb0416f611f7fcf5fe030afafef40a0e11ff0c0a09fd110e
03ddfa030f08060d03f522eff5fd07fb180b0d0e09fe1df9f4f40bf90ef8f208
030bff0a0701e7e714fefdf8010d050ff9fcfff907f0020c0713040d12eaf3f9
01f0f9f9ec0d0cebff01ea0508090ef6180e04080bfc010d10fd0a0afe05fcf2
101613f6f7081601f811f21107fcfafa0b0200f303f50901f1f9120001f80100
01030004eb090c07020016f81504080afdf3ff00f909050509f804f0f900f8fc
01f8e80f07efe70a08f9f7fe120afe05f30f010405f5fa12f30809f414040716
0800081807fe05fafff90d1006fee40506fb050406f106f40c1208f90108f2eb
0e060605f000fb1418f7fa0e150300fbf803fdf5ff0402e900fb05f3f9050de5
fef2ff0906f913fd04ffee050000ebf902f5f9f8fbfbfdf1f10104fa1618f10a
10ff03020107fd18ebff050f030b04fcf1f5ef15010bf919fcf904fc070bff01
15ee09f9fcf3f3fa0c09100bf2f1fc16fbf0efea020608f6eefd090bfb0013fa
fb0a080006fdfff9ef0f0bf6fe040ffc08090a0b07ed09f6fe17f3eb0a01fbf5
f202ee1df11dd9f400ff07e8fdeff8fdf9fbf507f70c110efa01faff100c1004
01fa0506e7fffb0b1408f91b03eb0c03f7ff09eff9fcfcfdee170bfa0e0214fe
e80018fdfdff11ff06061efd1f06fff0fdfc04fc02e8f000fc06f5fd060b00fd
0cf206f2f40bfdff09f80cf704fbff09f1fd08f408fcf4f40e0001f00df8fbe9
13f4fef0070405f7f40a0701ff0104fe00f400f008fd0214f5020312f9f708fa
170606051706f10df511ede30805efec03f80301fcfe00f30015f7fff80a0dfb
03f801fdf5fdfcf0f60bf1050406030215fc16fcfaeb05fd11fd081205020306
fcf1fe0b100f03f0ff03ff06e8f6f607fcecfdf503fa01fcf906f7fefa040605
080a08120a0004f80a110e05faf611fc090f180a0b03feff0bf9f60403000007
11e2ff09f20406fef1fcfc180bf100150422fcf708f70becfcf4ff00f70d000e
001506ec0514fc03e505fc05f6060ffb04fcf9fdfa0613fbfff30713fd0103ee
f4fd030bf80efeed03f3faf8fefd10f9f2fa03f40d050bfbf70419f8f101eefb
02f616fd1604fb01f401f0ff0015011101110feefd0606f30e170718f2f5e815
f80700f8f61410fafd09f2eb0001f10ee2ff00df0301fb12ff05f6fa0e04fc03
fdfaf3030c0217f1fcedff00f804f0050013f9fcfb09fcf3f2fa06fd0e040800
050d090d0f08ff00fd060d13fbfe0012040bff0202e20d0af7fff709f214fd00
05fcfd0b0ef20110ef03fdf8fbf7fffb0ae2fefeecf708fc1102f3fb040c07fd
050dfce2fe100805f1f006fb12ec08f70df903f21903fefbfaf2fc0704ec060e
f516e9000702050105f2ff060fef19f2f600fa22f7fb05eef90512f70111fb03
08f007f60d03fe01fcf50ffbf401020d090bfcfb0b04f1e7f21106f703f611f4
ebeffa19fa01020afff50bf4e403fdfe2904fc01fb030306f903f5fa0bfe1314
f7eb0ef4f80d0107f8160fe4fe04070decf6f10e180b0a0f0bfc01f2ff23f705
03f7fafff1ff0003f109fb08ec02f010f708eff601f502fff5fa0100f5fbf508
0312ec0eebf9faf909e30919160cfbeb02150400fd07fc0101fc060400ecf804
0cfa0608f60d00ff0702110a1900ef0300011cfee01c09020ff110f406f50803
f7eefbfa021801fff3effff5fc070b05fe070f010315130bf801030c100908fc
f6eef7ecf91402fcfcf205fff9000bfe0605ef1a08faf0f9fd13f2fe0110fe07
fa0912f605000a130add00fcfcf40cf801ff02f901e602e813f5fdf9050713fb
f40801fafcfbf508160500e508fef307f0000b0a03ecfcff0d170c0dfffcfbf8
0100f9fdf6e201fc13fdecfa0c05faf1e800ef04fc0efb060ff4130518f70312
01f7fe0fedfdfdffeaf404f2ebf7f9040e00f5f9fbf3fefdf817fcff0bf3f6ff
09f911f912f1f6f80a0a0f03e3fb0905f7fe05f8020e12ecf70ef606fc060b14
0cf4f8f006fe07f2120c0100f400ffff0efbf70906ea1f03fcf804f0f70310fc
0d00ffee1701fef8fb0a1af9e50a01faf3f5f50b17011b13fcf0f5fe0508f506
f5f5f5f1f101f90401030b1810ee01120c0afe061401f617f6f4ff0414130cf9
f8faf3f30807e6f5030b0804f2fe0a0f070fff03faef0c04f400f2fff811e302
07f4f9f8fff9fbf911ff00ff09f005040c00f40600f406f315f716f802061904
0bfbf3f1fff1f1e9f5f3fefef805f6fd1300fc09090afc0a0501e002f100fb03
040bfdee0500070e1903f6f7fe07f30b0b0ffe15041bfdfe05eff901ff0cfdf3
01f0fef0f20607080f10fff114fa04100e040711f90414ed1517f3eb06040009
fb0aeaff030c1608ec1216f8e8ef0d090d05f725defe0105f0f80007fdf309f9
f72105f309f5fdfb06f7dffb0905f908fefaff03ed06eef9fffffdfd0409f505
0c190011f102fa0cfcf21917fffc060300eef1fc17030807140ff6f41a12fafa
f4010d000a08fdfc0401f105fb13fcfaf7fc0703fa0afe0ff7f20b14eeeffc00
02fcf2f5000900fc04e7fbfff606010006ecff0217ec0deeeef917f106fb050a
f60700fc10fc02fa000309060afeeafcfaff1808070d12f5eb080503fefd13f3
050c09f500f5fcff05fe06fe05f9f60cfe0d05ecf0000904f9fb0510ff0820f8
f405160019fa07020af3edf60510fdfbfefbfe0d0511fff6f00c0af601f5e00c
fafdfc0e0ffcf9e9f40e0803edf4071001021003110008fa0f01fbf9f3eefcf4
09f9fff90d0ff7090708ed02fc0afdf7f918130efd04000bfa09171e0e070c09
fcfcf713eaf1ff03faf708fe0d0904e4fc010e15f016f5090911d50802f6f100
06f6020809fa000c03060af307f2fdf5f7eff9fdf20f07f60a0a18f2f5fc0902
f90d0308140f130ef4f2fefff9080af807f9f812030802f5f217f8ee02fe1105
0412f2fe06fe0fe209f4f80bfb0514fe11fdfafbff0dfd16e8eef3feef0f0a00
f116eeea1af9f8f2f0f9fe100cfaf6070d0d0cfdf1faf307f9ffe9250e10ef11
0dfff3f7f9f30002ee05f7fd1306fff300fb01f4f4f81310ff0f04ffee06fbff
faf600f50504fefbfbf7020bf4fe13f7e6fbf00c01fc01faf70205090602f10e
13f4fcf20205fafcf8f9f8df13061308fe020115eaeff2f50406090af80f1024
f00de91005fe17fa18fafc07f9ef07f6fff1f209f8f50913fa061301200e0612
ff07160bf60f080efbf509fdfd09fcfa060002f6f7e602050815f201f1101904
fb0311e2050a0703eff5ff020012010b001d1503080afdfffcf3f9effa070cf5
0507ebf9ebfd1003f81b16f7f4fae5070300f7eefceffd06f9dd0d08f504e0ef
000008f20909f9f9faf907fb0403f1140efb07f704fa0105f2fcfafffd0dfaf7
eefc05070a0c07ea1b0203fa01e2f6f4f40bfd16f2060a000600ecf0f21fef02
eef6fa050d0ff0170a0703fc10edeb0f04fe0ff30ef60511f40610eb0dfe0403
fa0f0f0606e9e409fe08f8fcf1fb0af40a15fffc0005effc110eeef810000212
eb0bf8fe00fc08f8e7fbec0e0603f8e1fcfa04ec06fd0713f404ff0df6f2080f
0cfd070cff1c06f4f1fff8f913f70ce6030e001509fdf9f5ff03fbfef6ed0207
15f90902011a0e000013e90d0012f90afe0406fa0c000c03040cdafb12f81109
fffafa1b0418fe050d0c1cf500f40df6f2fcf8f800080315f70003f7fc0bf100
0101f9f4020906f71a040dff0205090bf3f5f70eec01fa030df50cf3f1fff40e
fe0df6faf606010107fe000d00f5f4170efb0a05f1fdfb0afbeb0a0403010a14
fbf80afc04ff08020aef0cf5fefa0609e908f407ed07f40ff0040c10fcfb0706
100ef901fb0cffeef903f80e0cd903e1eb0f07f802f500f6f7080bff021505fb
05fe0306091301f7fe05fa1add1504fb0719fd14fb1208f20b0302fcfa1806f5
f50101f8f5f7e8f6f007fb00fcfc0ffbf800090d050303f908090afa0819f915
151005fbf7f8080902f1e701f703fef50bf209fdf20dfdf70a12ef0414f201f2
ed0301f9f5fef30903f810f1ec040e03fbf5faf802f319fb21fdf9e60800fcfa
fe0cfce2ec0c0ffaf80a1412040f16ede90406f9f8ef030a13fbeeef09f1f3f9
0817f504fae6061ff8161008f6f0f5f2f60408fdf4f2d3f0fb03f30708e8fd0f
181305fb080a02f6f5fc1705fff5fa0aef0c01fbfb0a12ec030706ea000501fa
0a09faee1a03000c12f7f205f80c0e12031e06f60911f4f4fdff03e811fb0608
03120efdeef8fbf3ee03fcf0fefdf10111fb07f6fd08fefb02f203ea03f70d05
09f4ff0f040ff7e3fce40ef602fef3ff04ece6fc01fefa05fb0d010e040af902
fd040bf7f107f9f411fd03fc0106f710f9fd03faf7eff402fbf40a0a08fa0703
00fbfc0005fdefff0102fdfd04160306f6070fed04f7ebf2e60b060908ef0310
090412f8ec020f010f040afffce7f205f602ea13040c0eff00fff6f60f24f604
fd0212f5100f01ec0dfdf61101fb1005031905100afe0c16ebfd130f0bfefa15
fcff0afb0107edfdee0cf304f10cf80dfe09030ef813fff80210e615030ef6fa
f6070c0800090ef9f406f803050cf504f1fe0402f006eafe1013f4e818fdfc00
03f2fcff080e05e8f312fd0af503f9f4e61e000c13f7faf803fff80a0917f711
0602eefae50113fc08e90e06f500f802f30c09fdfd03f0fc1efd16f906ffeffb
08fdfc06fb0ef9e70cfe07f7f5def4f41203f8ea001af808e5edfbf00df5ee01
00f3f7f8ec27f110fbf102080ffef9fcf80ffdfefbe90603fe06f7fa12f001fd
fef802fc0910e7fd0af7ecfe03080efb000a0af4f60ff40803010301f9f7fafd
0ef2f905fff6f802fa00f70f04f2f512f5f1e90306f3f4fbfdf611090610f3fe
f8020eee08030bfaffedfe040cf8fdfdf605f7fd07f6f8fd0212ff08f9eefbfe
f6fa08e40406041107fd020202fbfc02f60705f7f7f21a0c0e030618fbfbea0a
080601061414f70aeff20916131201f50ef807fde318f8f4010ff50eedf6ecea
0cfbf20e080d0115f109faff07f90ffdfcf7eaf1fbf5fbf8f9f4fffc060dfc1e
f6fe04f8e7fb09010507fc110909f8ef04f5fdf5fe03f711f6ffec01fff9f3ec
f9ff0113130ef404210cfbfa0a0e010500faf8f9ef12f907fce20efb09f00802
0bf2f905f2f0f700fb0e08ef1cfef7ec13f705fcf10f1bf8fc0609fc090404f6
fe15ecfbf7f50403fcfafb07f202fff703f3f308ee0204fd220b01f8121fff0c
fffbf70a01feecf7f6f70ced03051b06fdfa04e8f7f915dffa1305fdfdeeff0b
ff02fdf2f805f7fb0b0f02fff500f907fcfbf3f2ea100b1008ed05f6e810f9f1
faf3fffdf3060408fd0cfc1101e4e407f30bfaeb07f9f90c01fc000c0b0ff010
f2dc090406fef8180afa0b09060811fb0e0009f7fcffe7e40508f0fc04020905
e3fded01f3010dfa09f30b040600def8f3f9faf5f711f6e808f806fff9f9fafe
fff910f7e5e5fd080c05010811f3f3fb05f5fbf51308eb0b040407fbf4fbe8ec
02fcf3160e10020602f3f6ecef10ea040407ecfc0604fafcf9fff6ec0411e8f9
f408ebeefff7f2f400fa000917f0f7fe0a19f800fa07fc0903f7f2f4ff07f60f
101cfe0310f50bfd07f0051202faf200fbf70bfd01f700fafd02f6fe00e901f0
0b0b0d0bf2f70d031216effc08f0f711fbfdf50ffb0af9f5f9f613eb060c04f2
fc0105f8fafa07ec03fd1ee90ae303fa1500f9fb0609fa0208e305fbf903fa14
fbfef4fd04f6ebf3ef0e0b0ee6f409fcfc071ae8fa04fc080ff7f10e0ceee30d
05fbfaf4f1fbf00afdf813fafef6fff714f90008f71e07f9f303f1f312070bf4
04f119040904fb100111ebf40f0400faf1010a0df00e04fcfceaeb2705fafefc
ebfdf5f702fd0df00af2f20b0614051305ff0a16f102ecee06eb01e9e3fafe05
0feef3f3f20a12ff0c09f5050bf8f7fe01fef0fc0001110512fe0af9ec201503
02eefbfafbf7fbf8e70908fcf50df205fb08ef0e10fb0cfe06fbf909ff0b00ff
0a00f209fefe050007fa0d030a0f1200fafc17e906f609f8ea040d0c130cf80b
ff08f703f506f40103ff080306fa060124fbfee90206fefb09efff0601f5f8f8
fdf0f1ee00f802f90c15f30306f2fe03fe0a0109f302f814f8fdfbff120e00fc
0301070ef5fe06fafcf9fdf8f7f20714f60efff802080df0f619f80afd0c0ffe
f50217fc1608fd1108ee0efd02fb080802fb0502e905eb02171501edfbf5e60f
f7f607ee1709030302f70bf3fb0d00fb03f00ef60501fe06fbfa080a19f50a07
0104f8eb00fa170c01040705ecfdf2160cf2ffe402f016f610fd050d0c06f500
f7f4f8fdf0f30b06f8ecfcfb14fdfaffebfdfeef0408ed0b0306f2ff060d03fc
f70afa0008fbf90c04f2020906060f0604e60405fff60105fbeeebfe110ceefc
0400ff17f6f4f110060bfef10300fafe1104f8ffecf103f2faf8fdfdff01f113
fbfdf4fb0403fbfc030d0c040bf2f407f907f10bf81403f906f401fbff1910f5
08f5f3f2f516030cfb05100206f106eaf00bf6fe05fdf410ee11fe0905f309ee
fd100b00fa080a08edfa0105021308100af805010bf90cf608fd0af6f01202fe
fffaf30df5feeff70416070506091401f10001f310f9080c0c13e8fdeb0b001a
f4f2f804fb09f7f00401feed050f0a0a03fcff101cfa0efdecf5e909f910f504
0507051100f70df10302fdf1031b020af7e408f8f900ecfb03f8eb0805051c06
000df6040ee9f70202f50201ff100aecf20701fd061405020b09f70200faf50e
150ef1f8ffebe5f0fa19f80219e8f3fff0fb01ff0d05ee0208fdf6eff6f2fa04
fc0bfe0519fa00f7f3141cf908f31010f9f3f70906f30107ee04011100f0f613
e802f40604fff1fef2ffeefaf4fe0c13fd060bfc08faf61013f5f707ef010505
0515f4f50008fc09f4fbf5ed010306ff00f207ff11120df6000d0001ff030103
f3f4fe16030efa0c08f4f7fb04ff0afde90805f80af5e30a0707030205000df3
eb0b1003fd00fafc0606f2fdf8fa05fe0ef60705fd09f9fff806f6f212f417fd
1205feebfe1e040a0c06ed031ff903ef010210f4ea1008060d0ef3240904ee04
1509ec0dfef7f7fd0cfa01080002fae9f908f80bf71408fefaf7080beeee04f5
0ef8fefd06f2f00c0302ea09faf509fff3f3ee030b0618f618f9f300030f051d
f10b0af80efd01060affeefafaf7f011f7f4faf30a11090cff00ff04f5f6030e
04f0fcf5eff4fcf31905010bf50a1c03081006f710f50b230a16f4eeecf9040b
f80f0fff02f3f8e3fd061207fe06fef205edfd08f701fd000505f4fd08ef11f7
eff703e9ec110bfe06031c000205fffb0e1807fcfeeb150e0fe9eb0709120207
0edcf604fbf4100b02f10906fcfd0703fe17020aef130d00f0f10603f300f419
0007f611f5ebe50af51204f1010d1901f7f4eff00c0b010b02f9ea02010a06f5
07f2ee1af7001504f4f3f7f5eef3f7f0fe000203030901fffc02f40cff061304
020afefffc10faf70de003fefbfceff618fef8fe0d0ee40df11206fff3060df5
f1fffe16fcf201070d09f1fd01f905090509f6f6ff0f110efc0813020901f80c
fee4eb03ecf3090416f70701fafc0b1c00020318ff0002f51a09030a0dfd1410
f71600f4fde5dc1af3ff03f200060f18faee0c0df508fd05031104f2070905fa
00f40502f80bfeff1bfdf2f200e7f208170e000110f1eae9fc01fd0cf807fbfd
07df09ff0b07f5fc08f3040b111ef40b03151703020df7fa09ff0b0e0b080c0b
040704dd1203090300f6040ceb0d0efef5f7f5eaeaecfd10f6f7f7e609f9060c
f4f20af4fafc03f60b17fe020603fa0efef116080ef8ff0bfe03f507eff9e9f3
f7f30f02fe0904070509fc141bfff709090402f7fd0908faf803fe011cf7f7f8
080b01e5fb0fe70b01f8f9fb200e05f0fef407ecf4f1f7fb09050a0a101401fd
05f3eef4ffedfd02f9fa030cf80ff408fd11ede7ef02001bfe0a0705fa13f409
f1fffb08f40004ebe9ef0b0eededf3020309ff07040706f3e2f2ece60b0b06f5
1200070f050703f0fdf807210b0a04f9051403fe0d09fc000709f00c0605eb02
0af6f5f20f0c0df8feee01fff4fc01fffb00fd02170d07fafbfafb03f4f7faff
0afaefef0cfd0bfffbf0ecf60f08fd0e09f2f6f2eff0f8ffff00eafcf6030706
fb19f4fa1104011401f404f0fdf006f6ecf70700ed05fefef7f8fb00f9fdfffd
05f409ebff05f5ee0102fb040613eaf1fdfaf1060309f2fff80a05fffefa10e2
00eb0a0af303faff00fcfef31905f70b08fdf3f9f4f8fc160bf40af3ff17ed06
0e03fdfcf50b06fd00e514fcf8f4140cfe08feebe8f9ff0b0b0609f409f60905
f907f4e7fef2fbfbf5f3fefffffc10fcfc15f709fb0cf7fffbeef3f5f7090df5
0b03f5f9f71cfe001805faf4f9f70cf8f31001ea0ef20df9fc1808eafcf31405
f4ea0d0bf50ff104fdfc0cf005fcfdfae503f6f2080ae7000209ea080a03ef03
09fafd0d02ea180af4020c0cf5f0ec00fa1c00fefde50bfa020115f6020efffd
fe04000703f7fcfb07f700000300ff1305080413060dfd09fcec02fc0005000f
f80bfef720fa09ef170604fcf902f9f60bf70beefc060c060808fe0e1408f7f4
ff0bfae4fee6f40602070d05fff302000a001220faf30cfd0a0b080109efff00
04f10f1b00fc0df903f200080d06df0f080911fc0301050814f607e4040dfa13
fbf8fbfbe7f008ffffe5f501f60505feec010d0d11fceeec0915fc0602fbf6ff
0c0afbfb021408ee06fc0ff2fefef8faf606f8040006f508eefeff08fa150c00
060def03ed03fd070a0115eefef8f8f704090c070fffeff1f30f08fdf800f5f3
f1f60c00f712f6140005f6fb0a0608e60006f20aecf70df9fe0d0efd02f8faea
00e604fbfffa14fc14e9eff81404f204fe090112fbfd06fd1603fb06150bf8f2
04130bff1212eafdf8fe0bee05ff20f301fd020c0b03fbdc01f5f800ebef0df3
06f5fbeb0004f014010004fefafc02e905f4fc02eef2f9f3fe110b100008fcf9
fd00051c080b0ae8eff9fd00ff00f30802fef5f91616fdfefe0405f1ff1503fd
eef9020502f500f9fe0103e9ff050e0e0b04ef03fdfbf3f408fb04f1e704f5ed
fbf00104fa0b02fa10fff314f9f0f5f7f60e0af1ebf4e2fdeff4170201ef1401
01070b1c05f6fd03f602f3fcfbf9f408fa0cf1f6fefbfaf7021a15050d0ff006
fd0a18f90311f50605f7f408ffe804030d05fa0fff09fded03faf403f90603fd
ee06f30bdf08e82608f6f70bf3e303f50409e9020cfafd050a1ef30716ed0100
0614ef09180ded01ee01050b0dfb110a1909110a100001f90207fb0a05ecf7ed
1903ebff07e8e3f90503ff06f3f708ef020ffb0ef40507eef6fdfd09100c0504
0701e30713fdf602fe060afe070d040ffbfb0ee305ef02ea04ebff080e03ee0c
f7f70609041705201305eef40a0aecf3ebe8070ef704060802f6f110fff91d03
09ebfa0df5e1fbf5ef020efe08e8f90304f50af70cff1306f903f7f5f4edfd06
01ed060bf5fdf8fc1efff7f50a0608fa0eeae401f80408fd07060416030c1019
09f0fe1200fe05fe13fbf204fe0706fcff08f6f5f7f601fef205ebf70901f0f1
03f20e02fe031509f20d13060bfdfcedf60ef1fe030bf712140817fbff112203
00f9010a05ff01170710fd04f7f40ff91601f2f50b09fdff01fafdffecfd1609
0c0d10fd0efe04f3fd0303eb06030309f913f4f30ff91403080602f107feffff
fcfdfc020907ed1aeff509f7000505efef0514040ef7f7e9e30201f4ee04f0ef
f906f506ee01fef4ecfb05ff0afbf5010004f5f2fb030bf1f51dfd0bec04deee
f4fd0cfb13020e05fb05e50cf9f8070905fdf411f2f7081705fefcee06f7fb15
ee0ff809f60b100005f5fdf90df9f1fdfe11020efbf20303fb07f412030ef911
fef501fefbfa1bfd01f4fdfdfa0d0801eef9ee031715090bf20aff11f40bf4e5
02031008fffd0711060e01090e06f5f8f605effd0df8fcf3ef0404fd0efe0b03
06fa0a14f8f809fb0d0105fe0513ff140206fa0704000cf912ef000af2f50a16
05f901effc1503f719f9fa080502ffed0bfff5051cf30f0605e2f9f7fd10010c
f300f610f0ec0905f5fb1402040216f7f92df90102f005ff09ed050219040a04
0417f9f8fd09fcfafe0801e20ff6f00a04ef02fcfe0e03fd0215fa06fbeeee10
f4e005fdf2f8e20010ef121410011206ebf30905fff9fd0ffffaf404fb06ecfc
fe09fe080f1508fc03f10605fcfdf20111f707f9fe03f7000c0109f8f5fbfdfa
ff0afeff0721f9f505f3ed0b000dec0c17fbe503ee1013fa1302fcf8fbfb0d04
0908fdfe0c110000040f0bf003060b0afd0e0a00faeeec0c0011f30bfe0622fa
fcff0300fdf6fdf1fcfd08eb0a060713fff0fcfcfcf110fb15f802f90c12f700
f7ffe3fe13fb050c06fafbff020004090f10fcfa07ff150308011706f6f61008
070ef4f10600eaf4f201e506eef218050c0e1113fffd13eefa040dfdf5fc0304
f9f9000a0efcfbfe0a0c1400e9eef4fd0cf3f001100a19f403060107011c00fc
fa01fe0012fd020403f604f4effb20fc0e06f604130b1006fdf3df0d0c04f604
f70b03ff1af102f321dc0702fdfaf5e116f8f5f2ffff0001ec17070cf9f706f6
0405f3ffe4f5ff19010ef8f407fe0a07ea12f4150c0600f7f2fcfbee11fe0703
0809ecf6ee06f4fdf60cececffe505f302fb0df70f0d03f4ff04021ffefa0104
08f903130dffeef70a04f50f16fff5f500fcef03fafdf712ebfef60c0008ff09
fef4fefc07f108f00ef70f0a0a251600ec0df8f304170600eff4f10c0811eafd
01fe0208f9f507fb04ff0de911190bf9f8fa08121ef3060614fd06000ff6f001
0315ec14ee0708f3f1fe05ede20602fdf70ced03ff090aee05fee6fff80af30f
01f10a1602fcfdf5fa010cf0f6090beeecff0bf30801fd0df3f6ecfefb080cfa
eeeffff11003e40411fd1717ee01f909f9fa0cf8faf805f4e508f80af4f60600
1eef060a0a0e06ff0204fb0e0d15f907f304fe04f509f500040c022ef2130d00
150408ecfe0e07090a0203fe04f4ff0d0afb011600eefa17fef6eb08f902fcfd
0207f00ef3f50b11fdf5fb031e0df0fafdf5f30210e90ff30415f7f8f4f60cf4
08e7081805fbf6f30df107fbfeee13f303fe0ef10d0501070bfa0e17fcfaf6f2
ee00fc070104ecf2081417fdf910f8faf4f306fb0513f3fd090d0302001df30e
0809fa05240de60efef5f5fdf8f7ee02f813090ff4060200080ef6fefe0a02fc
031ee9ee0401f50d0b0df0f8f2ecf4050102140afafbe4fefeed04ecf5fbee05
000810fc1002fbea0af2fafcfffa0709f9041a0fe90e0cf615fff0fe0613ebf3
ecf505fb02e700fd24fd03fe04fc0cff01faf6050bf0faf2e7fb0ef606f104f8
f90113fa02061e06f5f9081600050702e904e40b001008def602ec1509f7120d
f8f9f40401090306000f0afa0f06ff0003090bedfa0a08f70cfef6fe0bf2fff9
0909faffedfbf5fa071601fbfb00f4fbee0af0000319fe02060314fe04fa01eb
f305ff21f804fc08fc1a0302fdf5ee110100fd0af1e70eed011f041706fe01e9
f70717f2f9120308fe0e06f4f6fffd08fa06fe010903d62b0b01fff9f3151b0c
03e40a090405fb00f9e9f70bf1fb01f70afbfff90b0ffc0cfb0ff0f4fa0a0901
fa020e04000bf013f8fe0b090a0e0b1101f5f706060401ed080005f1f306f800
0df200ff0e0ffa1a0c0803f2fa0dff00f3faf909000b011009f7f9fff8ff16fa
19060a01fae0050cf80701f905060911fcf70aee03ecf516f900f1f00802e9e4
faf805f2f0f6f11019f80a091802fe04fb0607040f02f6ff18eef9f2020311f6
0d06f90df8ee080423f204fd02f5f9f609f61ef6f212e8030209ea04f5130d0d
fef91afe04051b02f7f7ec17f20213f8ec07ed0b04ed1519f2040ce60b0604eb
f9e9ff01fef8e8f517faf0f90df2f2f7f405f9e9d91201fcedf9fdf809fef008
e6fc0007feff0ce60b0c0a08f0e8070310ef08f4fd18100204faf80602fb0d05
f2f5f808f41ef0f200f21af009fefa0800eb08fe0ef7ef19fd001103f50c13ff
fcfd00fd0ff0020a01170d0e010507040ef7f101f6010be8fef1faf1f9f5f906
05fffff808f40909fbf2050b04fa03f205fe0a0cfff8fb060afb1405070c0bf6
f60cf6eafb12fcff0d060212f7080c1505050be8031efafe0a06070afc01fbfe
f61e09080b02f508090bfaff01ff0200faf903fc0dfbfaf0effb0afbf2f2f7df
fdfd14ff0bfa0910fe1615e7f7f70801030101fe0514f9150d07fdf718f602f3
190df4fe0201fa01f6ef09fff603fdeaf8fa0af2110af2ff0c12f1fd07ed22f5
000d03fc07f801f7f9eb11f70e0afdf001e7f4fd09f20209dbf2f5f800f10b0f
fc130e00f00cf90d05f6f50ef60b03eb011706061a080902f6ee0a06f207fd02
ec0afe04ff05fc050aee03061af209ff0cf40b0a0adf100b040910fb12f707f7
fa0c0afd0f0b051302fffffd030ff5f3fa0d05030dfe000b03ec0b06f802fbf5
0df7fcfa2303fd1111090dfe06f705f602f704fcf90ff2fe06e1f6fceef9fc06
f1fc010c0d02e405f4f602fd00fc01f109fef9ff06ee16e4f8faf423f6070300
1afaf7020701f0fa0b01f50e031915ec0bfafe0c0a03020c04e60e06ff01010d
14f600f9ee00ff010ff5ff00fa030901f30df30703ecf4fd0e07f1f0fefffaf4
13fe0c0d170113f1e8f7fa050508f4f30a0a0d01fe1bfef619160304fcfd09fc
031d0b0003f804140708ec17090807f9fd05f4f311f5020dfc11f5eff8faf9fd
041200f50007f4f60dfe01fc08faf5f40905030d010e00feff01fb03040907fa
03f9eaf7000ff702f01206fffb00f90004e4f3f90516e10601fd0b02f005fde7
02fde906f8021608fc26fee91ce902031105eaf6f80de9f8f1e5e51f0cfdfaf9
0cf118f8fafd07f7f7f4f60e0b0c0f180614f31705f612f9f10a0afefe01e400
f6edf8ea08fff8f612fb0e02f90ef6f2f2fcf803fffffb0503081cf6fcf0f812
02f60404ff090d07fe1d02f0f6f7f800ff05fafd07eeee03250614f5f605f2f2
ed040bfdf509edf7feee19fefdfcef010bfdf9fbeff5f005eaf7f0f0f20903fe
0d03f6faf20c09f00a07020003fcf4f90a07050ae1fd0a04f6fb03090701fdfa
08edf3fe0015ff0208f905f6f10304f70c0e1dff0af80c02fb041600fb020602
00f80f110401fa07f5f2f50c09010ff8f6fd03f90b040f0007070b05fa0ffa04
fbfaf7130ef50ff8f10102100708f3fe060aff0c15f00f0c06f8fc0106f6ff01
0b060605fc16e9080d06090d08150800e2fef5f20fedfcff08f3010005e4fd00
ed110a181909eb0c03070ae80dfd010efceff202fdf801ff0e030bf9fbec07f2
fd1e20f9ec0a0b0d0301f401130cf5f9f60402060d0a02f1ff03fcef00fd0409
110b051004f90910fdeffe09f7ff04fb05f507f60cfaeef4feebf40303fa0bf4
0e060a100009fdfd101205f9eefa0a0cfb07f91506ff02050003eb1c11090603
ea09f701dc00ef010014f804fceff503eafe06f9180419fef9fffffb06e0fd02
0b0703f5f00109faf1040c08fafcfc08e307f30501f904f20b0b03010b00f5f3
01f504faf60709160aeaf30609f104f4fe040209f904070107f7f2f8eef9f103
060610f906ed08f200e4ef00f400020ce707fc0f06f600f90e021df402fbfaf8
08fff818f5050eecdef2fa0d0924ed06f7fff30dfbf5080afdfd1808fe050dfa
13150dfafaf9f7eaf607fa181ffb02e1f41105f5f10ef1f511f205f4fc01fd0a
130e05050d010005fd01ed0503f3ff000405f902fc0cea0708f0050af101f605
161505fdf302040af8f9ff0efb01f60c09f8070305fdfa0ff208fd00ff04efff
06fd0207fbf804f9ff00e30cfc0904080603f30afd000bf5ebfdfaf8040afa00
1a110009fdf619ff00f80ff4fffc0c0208f2f9fd0efb02f406f8faf809fb08f7
fbfb05f9f1050df5f306fffffc00f7eff7f8fc02f7f600f70208f0fd04fdf8f9
f91a0904f709ef0609130efa110f04fef1f81111ff0cf111050609f9ff010911
06fd140ff2fb02f4fcfe00edfc0f01f807f6edffebfcf5f3fc0ef913f4edfb0e
0bf2050e0ef80efc14e6f0fefb0beff510ff190b010904eb051200fa06f6fcf6
04fcfbf8f60501000006f7120a0dfa0be8f7f7fd04e00a17090d09ff0a11f210
f80df8fc1c1f0c0a03edf809fe0e14fa0d0fed051200040e06f20a0ffd03ef12
0af804f3f41e01fdf9fef9ef071aec040f07faf5edfbfcfdfe031022f6fcf70a
f3fa00eeff03041efa0afa0e10210afbf508edfe070eff09f2011412150a1204
ef0efe051d0b01ff07f802e3f80702e9fbfd0405ec0af9090cfef1fd070409f4
01fdf504fc09fbfb0e19f304fd0ef5f815fa0401f5fdfb1707ee1600f5fa09fd
f41415f10505050b1d03fcfa0210fa01f1fd110df5fffff3f1ecf606fde8f3ee
f9fd010813f300fd0713f5fdfe07fc0dfcebf60cf0ff01f80dfef1ef01f9fe14
07070f1a0509fb131704f8f2faf60d010b02f9fffa18ea03fdfb0a1303f0f30a
01f2fc001409f9f0edf1fffdf70bff1aeef701f90506ff13fffe0d04fcd8faf6
ff0003ffff02ec1b0408020ffbfdfdf0eb03fceaf3f729ff00080c12fb14feed
03dd0af1eb02040cee0eff07f5da0e0503fbf70512ff12fcea1806f6fb03f70b
f9ecfcf902f7f0fcfeeb0201faf608feef07f714f6f0fc08f3f5fa0e01faf6fa
1509f1f0f41316f3fcf2e7f909fd03f5ee00f8110cf8fbf60f0002e9fbfcf611
ef03ef160f100c03fdf5e900eefaff05f8fb05000eef0d0bfa1400f2faf1030a
eff601fb00fff80b11f00deb010af9f4f109f608e5fcf3fefb06fbe512fd0108
04fdf50512f6f306e9fef21b04f5fb02fdf2fbf2f501f7fcfcee05fa0dfc01fc
0e05f70a0cfaf50211f50610060b05f6fcf4f900e9f602f70a06fbf701ec00fc
fc021d01f3180a060806ea07faeffffd0eedfdfefa0afff71509020c10f60bfc
ee05030600f1fe02f9f8070afd0afc000910f9f90ceb0efafb030616fff20df8
0ff8fd01060c000cfbeefeed081cf5fd130b12fd00f5fff0022ef1f401fffc07
fe1016f9f6f9fef81102f810f3f71a02f9fb00121210effb00ebf517eaedf4fd
11f2fb0ffdf80bfd13fa0805fd0ff20bf91a14050dfa06fb05f9fdfd06f0fbfc
10150f01fc08f81610defb0813f9060df1fcfb05f606fe0fe6fafe0814eff103
ff030c06f7090d080dfbf902fe00fe0b0f02160afcfb08fd01090205f70a0c12
10edf9ec01fa07f2090d0b12f81105fffaec0eee02fff60301f40607ee03f705
e60206f20bebfb0d11ff0005fbff0101fdf7f9f80700030bfe1a0b03f1f8fb0d
0e07f6fa10fc01f705fbf6edf6f00c03f3120cf600fdfd0a08fd010404060406
f5fb05eafb0c031510eef0000210070cfb0eff10f0fd1b090315fbf601fc0eff
f5f50ef909061103f804fe0d02031afb07e30c00faf4180cfc06f50e03f1ecfc
fc041d06e9faf717fdfd05f7110c0916f6f80ffc0414f3fcfa02fd161afe05f8
090af51409fcf7f504f30a020309fa030cee0707fd0e05f4f00104091604fcf6
0c07090b07fee6ffee1504000506f6f515f40dfe1d0dfc000210f4eb09ed07f8
09fcf9f50e1113f1f31e13fbf507f70102ef0010fe011401effb0cfe00ff0ae3
f808df030808fdf3f90426f9f5030c0504fc00020d0ff8f90102f9f90dfe0100
e606fafc01f80dfa0a0ff1f80a08f6f6ff03fcfcf405fafc00f70bfe0a03000a
000de4faffe6100108ed07fd1604f50206ff05e9f9f60910e406fa0cfd05fa0a
f70af2fc01efebe2e6170111fcfb08f7f1fbf701f8f901fe01071010fff8f709
f0f90701fef001fd0cfb04eaff0a06ff08f6f7f712e8feef09fe0d02ff0af8fe
0704f70f0bea07faf90fe1ff09f2f807070a030d0207fcf6f5f808f90e04fdf7
00030500f60bf6000711fef400f0fa0cf40af01008fff913160a04fbf70df9f5
f506ee09f4000af5fe08fd00f30102f62bff01fb0807070105010fed09070903
ee00fe1cff0904f4f313f8fbfb040decf5030bf6eaf00d060c031fe5f5f7fff1
1a15fde7fe04f0130ef304fb01030302fd14df04f601160c01e9f80a0a0309fd
0bebf1f4ff071500f70c05ff00fde702fe01f30217f909fdfbf017fc03fc05f8
03fb07091304fbf91003fa00fbff040deefe0809fffef9ef050711fc05040e13
f100fef7f2fff0ff040506f2fcf00d0308fa0618ede8ea0007010cf0f806fff4
fc020b0b01f7ebf900effde712f1ee02ff0505db0c0601f6f3f30d01fff70ef9
0101e40d00061608f5040507faed0200e4fcff12f6fa0808190c0d070b07f0f3
0d05f30e18150601170c0d1604000efcfa04f2fb0dfb06f8f0fc03020918fd00
fbf61505fd0b0202fef510fd0d110b0dfff9f7fdf9fae1190e04e3f617f61e04
f7f8e819ef0ff8eb0c0ff919fdf6f513f70af1f602e4170ef6f9fcec0afe0211
f6fd02fb04fef8f4090315060af2f807f6f7f4f1f50cf7050304f405fffc010c
effbfbfde503f025080202fcf202f105f1f9f8ebf8f90701f2ee00f0f606fafa
fd020711f20f1401010c110902fbe8140c0708f708eff4090d010111fffffb00
fe02f00105ec070a01f5fa07f5f2fdef1404f7fef0000de8fc0a1f060f03fb03
f6f1f908fe0a0bfc000913fd04f308f6f418ea04ecfcf80a061213edf518f914
f408e30b0903f6f5fdfc09fc0b031500f52610f7fefff9150d03f9070904fbf1
08fd020aeef9f6f4fe05f9f0f5fef90c0302f4f9f9f308ee0806f5ef08fafff1
09e7fa00ffff06f4ff02fef9fd05f4060d0ff1ff0af90dfc150412fa03fa15f0
1211f01d0305f7eef707e109080c04ec190df0f9fb0c10f2fc0703f50200f81e
0809f9e6060f00f7f8ecfbf8f9fa0afcedfafaf802f6fb000a180119050b1b01
f8fb030f0408080303fa00f3f601fa17eff4f31810fffcf9fd0414f2041307ff
f6ecf70ffb0609011004f9f5f714000a0b0801f603f505f402f5f00111120a10
071d04030df102f2ff040705060bf506fe0607fcff02091002f7fcfe0607f7ed
f320010cec0e2207f60c00f40e040a17fafe0bfbec04f60806eb05ef0cff03f6
fdfd09090a040a05fffc0a06ff07ff0929f7fcea03020200f8f41000f90a0b03
0510f9fafdf8f107f601fe0905f6dc051108ef0500ef1603fd04040d0c13f013
f700fb13f5fff80309f40df30608fadf0af4020b1705f20af703f21118f90e03
fdfbf905f802ecfce8f6e90f00fe02190806100bf801fb09000a0d090f00f6fe
fdfbe30a0b00f60a0b03130b09fc1200050317f81008f7040efefe0af6f1feee
060c07fa0d010af802f6fb0104fa0ef608f00a1bfae9080a0c1de00719fdf805
0207fd0509f5fd0af9fef3ece10ffe01fef503f20307f3fd0502080809ff051b
0d0dfa05fe04fb0ef7f8fe1408ebeaf7f7190f0405090e0202ed0a10fa0f090d
08e6fdfbfdfff9feef0cfc18010bea120b01f604ecf3f9fdf5e3f7fcf3140205
01ef04f5f7fa0aff05f90c1801f9ff1309f905f70c0108fe17e3f8f81006fcff
190be3fdf9f0f8f70e071200f905ebe3040bf514f70f160104effae606e5f5ea
0af1faf70703fb00ff120103050dea02fcfafe050efe05fee9fe020ff8150904
feebf803fdfcf31cfefcf90104f40a05fe0df30df518fce8fef104fc07f30af3
020a03fbeaf2f9fa0a01ffebe707f503f109110904fef8f6f8fbee01fcf9ec0d
04f90f06f81910f6ecf8fbfb070002ff0a0bfe0517e60a0306f4f5110501ef02
f9e8fcfa0508001a17fe06f902080f1ced16f4f9fc0af303f7f006fd001600f8
f40a0b04fff3f2edf7f302f9ef03fce3f5fbf5fdffff05050613fffa00f2f4e8
f01002090df904f61514080007f6021101fdf70501100a17edf5f40f06fafb0a
fcf7fcf9f9fa080501140a1cf10af40f1601f60f0b11f3fb15d91af40a01feef
020bfef6fb0906fb060cf5f8f9011804030702fffe090a2004f1f205060efa02
f60006fd00fe0500fa05110a03f902f3030cfbfcff071016fafb0f02fb030d0b
ef130cf104f8f2fd0e050606fbeffcffec05e4f600ed0000f402fcf5f80b1501
1504040afef70404f2fb030efe2605f7eff206ea07ff0a00f20a060107ed0a01
14fb01f9f1faff000213fd010aee07fbf7021405fcfdfff203ffe617f2fe02f5
05fbf8f6dcf1f8ee09f401fef30705e304faf608fdfdf11503fdfaf8fd0afefd
f60006f909fd04fb1119faf4f102fb0ffc06feeafe08fb0002fd0302fc06f9f0
f1cdf8f20712fbf61110fd0802fd0701fa010af61a080cfff603eff0fefd0af8
f708fbf6ef02f90e0902f3fafcf10918f702f50cffe8f60c0e0309fcedeb09f9
f309090af6f8f6e3f8ec03fdfbf412fe1bf4020afc000ef3fe0300061cf00113
05eeffec04faf40fede6e80908f1f1ee0610f2041102150600f702ff04ef02fa
01f502fcfe02fcfae6f803fa0cfe0cf906070f0508fde0f6fc03f7f4f11805ea
140d10fe10f108170ff50a07fc06faf00e0f0bfd0b0bf6f703fe0d16ef09f60b
06020af0020a1e030cf1ec0c040711f5fffeff17e505e903071b07eb07f30800
13fdf2def1ff0e1006f50df4060f02eb1001f902040505f605f7f9f20007fa06
0df1010decf2f70cf91ce9f1edf8fd10040a1bfffa0b01fc00000a0601edf700
fa070205fdf70008fdedfc09fd0317fdf1fdf6fef203fdf8effc0ff8040208ef
f01905e706f61704fbe10d09f90911000706f808fb0ffa0d0a0f01f3e61b0702
0b1203fffefef7fefdeafc0aeafaf408f21c05fbf506f2000402faf9fb1ff7fb
0d1a0cfaf2fb170bf4effdf90400050803f80ffef50409fafb020701000ced01
0100f2f203fcf40df00ffd02fb12010a090710f501f5fd0d05f5fc0f0b07fc0f
f3e7f9000806f3f600f4f9fc0f0722f9f6f90bf7fff90bf3070300e213080cfe
0712eff6fd16fd00fe0ae8080309030af0eef9ed11041319fe15f6040105fb05
f20bff0306f0f9fdebfb13f40b070e05f6e6e9fd08ff1a040710faf7f4e70406
10faf9f800ef0101061204f801f80e040906fb0af5fb09fc0802f9f60b0d00f7
01f90ffc10f00afaff05f7fe080bf3fa220404140be8fd06ed1d0f0a0f150fe4
fdf717e91511ff0e030c00e9020a03f8f404ef08f4f5170bff030b08fa070a0e
fa0102090a0818fbf5150eeffd0f050604fffbeff80c0b030901fff7f5f3021a
f9fa10080cfd02f8060c0cf4fdfde9effd06f9fe0d0103070af500e31002070a
eb0afcfb0c12f5f70efef01401030af7fffb0d06f7090906f1faeffff8fded01
0708f606ec0a06f2fd0208f9f600e7f716fa05f1f01a0708f6100700fef302f4
fa05fc07f511fbeef302fcf1180d1e09fc0b05ffea0a0714ef02f20af9080f06
01ecf4feef01f5e8fd0904f2fb02f01601fbfffc11f7f8f4ecfdf4e802041a05
f5fb140100fe04140101fefbf5ee0911ebe9fbfdee0bf50eeb1b0202f701f2ed
0bfdf90f10ecf8f80feb08fdeefbebfefb2b19eff722ec0a0cf5f50e070df310
f8f9fefc011e0309fa0508f5ed00fcf702fdefe1fb0c030afa0b110be9edfb08
0eeafd00f90a0cf4f406090c0d0d0a00e7f5fce7f5060df6fe07f9f5170a19f4
fe1af40b05ff08e5f2fc12faff0af705f4ebfb0312e6fe01f1e6f8120606f8f8
fafde61014f3f6f0fcf1f50fedfefdf7faf5f9f3030100e3f404fd0208fdfafd
03f9010b070801f4f2fe16f6fb1000000e00f4fb050df40001fbf1fe18e50cf6
f2ff131bed0bfd040808f90014030e07fa06fb09fdfbf4f5fe12fd0605f10705
faf9f4050613f1f10afe120718f7e50102fe01f4e4000cef07f206f8fcfd0518
0bf00612fe0f15fceff4faf7f7ebfb05f00401f417f619f4000008faf503fff8
0f0e03fa1404ebe803f1f30a0bfcfef4f9e5021cf1090df3fc06fe16fff704f8
05f404f81918feeb080ef20800110e01f605faf9ef05fcfffdf2f6f3fd0f1ffe
05f10a0dfc1305eb08fe0a0cf9090504fbf3fe0117fef8fe0407fa02080c00ef
f209fc0cf61a0c0af8f8fb0ef516030afffeffdf0cf900e3e90af5fdfa05f8f8
0a0118fd03f4f0fcfef3010b0b14f315fc14fbf308fd1501080bf0f8f6f60309
040904fc0406fdfbf7f706fef70dff010ff50902ea080215f50cec070b14f9dc
0df40e0506fbedeefe03f7fd14040df91909e60a00fefcf8151116f505131f06
03010ff3f30ef903f8020aff0105fc11fd05fc13f0050102f911f7d5e90def0c
ed04fd2400fe0608fdec0cf9fd0708ff09faf30d00fa03f702fd0c06090d0af9
0dec08f607ff03f903f9fd12f30c19f9f7fbfbf3f70309ee1914fc0803fb00f2
fe06fa0c01e5fd11f8f30003fee0e402effdfe08f8f801f60ef2f91309f82102
04fd15f812000bff08040c02f60809fe06040cf6f7fcf9ef11fefa05fc041e0e
fb07060fedfc06e705e409ff09fefef11214f302fc05f1eef1ec00fdfb010b05
e7f9ee0702f609ef04091012130900080f01ff18f4140f01f31b0aee0a05f5f2
1d12f9f1f9f507071417eeedfd1104fb0cf30209fbfbfe0211fcf6fe0004fc10
0b04ed0a0205fe02f6fafd0a0c07fb110815f305f50dfefa20f508180eede30e
0812faebfdfcf802f416f803eef9fffc16f40ef2ed0600f9f50306e8030cf1e8
ff16f7feff17f306f20f100a03f6f407010ff6f7060f0007ede60d0311050207
0d07fef6f8f0180df401091601f802f0f0f40e0b0904ec120f0a000cfd0c020c
14f3f600240800f2eafc051010040b03f4f501fbfdf8feff230004fdf9090c04
0af310fff7f5f70dfaf60bf8ebe311f00d020e0b1206fffce4fb08fef1fa10ee
1b05fd12ee0beff80e05f9f6250403fb00f60610f505fdfc08fae70c010b00f2
f1131f100f0506fe01ee07141105f313fc0af511f501fb0a1ff90f081510060b
fa0ffa0af6020ffe080beb03f71406e904f70004fb1c1c0af0fd08f6f10502fb
070400fa13f6120cf7fcffed06fe00f3fc02070bf7020c0601f4fa1901f5f905
ec05f006f11f01ef0bf7f904fd0403ff00010ceb0103081202ef040ef600fe0a
fa03fd05fa05f20ef9e80c141402fff711f704f7effff60906f6ff0df7f20df3
020decf4f11e0c030411fd0206fbf801ec0413f203f4ff0cf606040f0cf502f1
0900fcefee0c0a0eebfcf104f109fe070a03000b09fcf8f616e8f200fe0d18fb
f1f8f40b0a03f1fa0102081118d8fbf2f907f4090407130dfd07fff60fff08e4
0e110ef9051a0107fdfa0e0700050afb0704f807f3160802fd09f5f6f50cf200
01fc0213f6f802fc02160407140b0c05fffc02fd00fe0903060e0eff0404170f
fb03f10e06f4f7fd000cf9080609fd0304f50503fe00e8fe0cfb010404fa1501
f00301ea15f20f02040c01fb0207f71dfe13fa090bfa0006fefcf0ef10f808f3
fa13f7030107eaf60607fa0615000102fc05f915130101ec0ff6fa040000f610
00f4faf90b0d110108f902e702fa190509ff080a00021103faf10502140c0d00
07fd0ffbfc030f0f06fdffe400ef090c19061d19f70214fefe11f5050e0207ff
fe0a13ff01f405f5050105fffdf9010d0aedfbfeff01f2060d030e0404f0fd04
040b03ec04ecf9feef060704ffeaf7f404040906ee0c170ef004040a0ef3faee
e9fc000d0a0af6fc10fffefb0ffb07f0fa060df1f409fcfa042e1004060109f5
0edef710eef4f60500fc0ffef719fff604ff00fcfdf60502fcf90ef800fffe10
09f80af2011ff900fbf1fdf6fffefd0e02070613eaf5fafffef80cf40108f801
06ef17fd0bf90f08d90311f800fb0e04f805021613f6f5fc0501f8f50902030a
e6031013f704fbf6fcfd0a11fdfbfe080ce90d020305010f0d03fe01f81009f0
fd0117eeef00fd07fff2f1041e070003ee08f601fefd05f6f4f4050e08fa0bfa
ff010c0a0bf5f80d15faf005ed1210fbfc02fdedf707eb0a13ed0a02e7030e07
fcfbfd07fd0900fdfaf814180d09fb14200005f6fff0fbeb06f010f006fbfcf7
08edf2fe0c15fa0911f8fcf705fff4050f0b05f3fb04f1f5f5ed04000603100d
0300f901fae5fa131600f209f40ffa000f040d0bfbdfff08f0f309fe0b00f8fd
03f2f60e19f413fa020409eb01fa09fef5e4ee00fa0c0ffc03fdff050cf2070b
0afef80bf902f8050901fffc0809f305040200f91807f8fb0f00ec01ff02f5ed
fa0907e908f80d070304f203fb01090fe5f1f4f70cf909fbef06fc17fffdfff6
09f5ec110a06120bff13fcf2eef914f0f80d0601f3f51af6f1fb06fef2f6feef
09ef12030ef51111040de60f10f3fc060ef2f6fe02e6f507e50604faf9ef24f6
050cfb0b07fdfeff01fa06eafa11f3f2fdf8f7fdfef6e5deff0bfc0d0e05f7f7
0b0205fe0be8f90513f2fafefaef1b0c00f80e0bfd01f50bfcf2050907000802
050803f002eb1114f20002f301fe1510f80cfbf7f5f80bfbf90afaecf409f2ff
04f901f8fd110703e606f2fef905ed0616fdfefb02000209f5fbe919fbf1fe13
f6fde816f209fa0506fcf6170af20308f6ff06e3f0ee06ecedfbf70915f60101
f9f50ff40f19000709fcfafc0112fc09160d06fef5faf500040ee2080d0ef111
fefc170a01f5f2f7f4edf20e021bfb020d080dfdfaf005060107ec12fe13f2fc
01e704fafaf9020d03f3fc061901f8ec01faf0dc1df006060b060603fb0b06fc
09fe0adef3000a010df50cf4f9ecfdfe080300f9f3f00cf80300f107040a01f6
0516f9040fe9ee05fc0413fee907f6effe0ff7090408000efd03f50ee8fbf8f5
06fdf8f00810fcfc04f3f305ecfffed51701fee20300fceefafdfff0f0faea08
ff1511f607fd0d16fe04f6fbf616f3fa100ef10101f7f90507050cf4f100f2f3
00f4f50bf50802fa0e0df9fdf8eef2f90a10fffbf0edf8fafe0a1213000b0f00
e203fe10fc0b0d02f40409f7f7f2f90efae5f9100c03f2f8f6f0e90b0c03fc07
f010edfbf90f0a05f804eb0ceb03f6f7f2ff06050e08fbef0ff1fd090deeedf8
eb0d05fc16f0f632fdf9e4fc0ef4f9f1fb03f904170bf801f91805fef6040d01
f3f80a04fff70ee6f3fc0bf5f801fb1707e510f904f2fbf5eae9f60601fcfb0a
f714f302f2f106eff1f30412effe0523011414eff401f6ee06ef04fa10ff0f09
f8031408fb07fbfdfbf1f3e907f20d07030efa02fcfe08fbfaf11be6fe0c0908
f8fdfc03fbea1bfdf90a06010211180908f8f7fffc070e00fb0cf402f204f618
ecf4080c0cf511000a11f8f4efecf8070a0505fb07f51503050e03f5ea0600fd
efff13f9faf9e4eff9121504031a0103fdf60cfcef0113071100f2ff160f0309
ff08f4ff10f501f412fefc06f9070ff600ee04fe110c080dfe04020afaf1f9f5
fe06f910e615fb000a1208f906f8ebfff6f507eff00608fc07040c010c0404fb
08f706f406ecf7f813011014fffbfbffe6fe05fa0deaee0b1cfb0df000030bf1
fafd02f012f802efed15f2f3f80208f10afe09f6fe00f4f6080cfafb04fff604
0c06021518f3f8f60f0ff909f305f0e20aff08f8060ffce106fef0f5ece5fe10
f003010dfdf2ff000a01f5fdf9040b17130e0103fbf9050dfaf3f4fd09000804
0802f4f6f9fe01ebfc0b10120615f30402f20513010d0d03f105f611eefd0606
f8fd0e17fbf70cf9ff09ec11110e13fb03000802f904f7fc12e409f902160803
02f8fdf906f4fdee07f70622f30805fcf1f101170aff05fff9fd0b0afcfd0a01
0003f7fc08eb03fcff0df21e0d05fcfa0ee3e80a0efa030012f600eb060e010c
00050e19fbf6ef0be7f4fe0ef1e70ff911ef0f080df9f9f814080bf2f8f803fd
0408f6f5fcfcf202ff04ec000110e905f9f502010807f9090ef90408ecfcfd0c
f4fa0000ea0dfc0ff0ed2c03f00a01ee0e020f11f6fc0df6eb09fc1501f2f208
f81105f4fefdf5f30ff80b0e080003f60cf5060cfaf80b05010911fc07f9f309
0df4f2f610f404f40002f9f70ef1ee0a0d01f9ff0902f3f3070c0b0ff0fef900
eef9f3fc03f501f7040e02f20d24020312f40dfff9020208f8ff04f500f2fa07
f6070708f3eef40af103eef2f7fffdf2faf4ff080305f6f9040905eaf0020bf7
f4faee0304ff0100fb12051a00ef10fefbfaf31dfcfafc0302f6021906faf902
040af41502f80b0300fefefe00fe0def1505180c080bfafe040c00fc06fd15fd
070b0909f70c13f90e02fcff030b1621fdfd0a00ecf606000c0b0305f40401fe
04f8edeb0ff009f1f80113fcfee31df0fd04fc07fb0a010efdefedeceaf00aff
11f111fc05fbe5f8f0f610f7080d1104fafdf007f702f203f802fc17fc0af4f8
08f2fef6fb0ff20decf9faf1fbfcf6fc06faf009fd0afdfaf907050a09040609
fb0611f21105faef080be9f50b0702fffefcf51dfffdfd040f0aeb010708f606
040cfefcf9030605fa0ae902f203ff04f6070309fcfb01ff10f4f6f215f2eddb
01f10311070ae1030207fffdf004f20a04f319f70e13fcf5000c0516e9fcfa07
f407021106fef8ffedfcff091804020dfe0d00faf4fc04f9f9f4f4eafc0006ed
f60312f9f90c0b00f7feff0cf4ffee0ff303fefe1af30e00f0f708fe0ff3f1f1
070208e7130bf9f0f6120cfdfc050d01fa04fd0fed0703fbf5f3ee02f9ff0300
f3fc1700020d0009e415f50404fdf4f6f2df01e705080519f40c0ffc041ef60e
fdfe1302e7f206080910ff02f9f9fd01090209f901090e0c050df3f5fcdf0105
0300fefd070e0e06f5f6ec06f408e8f2e50607feff0cf9faf7f7f8eef608190b
15f7f106fcf9e1f803fa0ae9f5fbf40906fbfcf90504fffa19e8ef0208f9110a
0800fff6fc0e02051407f81b1114f302080b06f20400eb19f50af8fefbfc07f9
0506fd1807f7f5f20afcf403f2fcefef030f060cf80afbf617fbe2f70af8fd06
06fef3f908ebe804e8f002fdfee80bf4fb0a071a151b0d0a0000040414fe06f0
12effb00fa0703f60af808fc0bfef1fbfc03f1fffd0cea06fe180df90efe16fe
f6edf7fafc0c0508021316f50e0002ff07ff03fcf615f4fdefeaf6fe0e02f1f6
1e1604f70302fc090ff1fd10f103faed0ae4fb1af70dfe040cfc0dfef80108f7
0b0b080c01fd1002fd0efdf40f0f02f51205fd04e3fdfcf900fdf0030307fbf2
11fbfc04f9f6fa0c082508fe0d06e90506fbff11f5eafa040702f801fd060ffa
0e1f0bf4fefe01eef40b02190503f60408f4ff04f302fb01e7f70902fbef09ff
0c1002fbf5ef00f8050401feff0705e7030a0a1600fe01f9e90de312f603f708
f10f02fffcf9f21009ff13e4ea08fd0904fc0cedfbf8e7fef8090cfefaed150a
ff05f80d0e0dfef0f5ed03fa09f700120009f90b00fd10f3f7fa0307f50305ea
eb0b0bf60bf0f006ff1a04f7fdec20fb0911020505f6f40a04080b18f409f315
16fe0bfcfe0007f8f5fa03f9f2fcf4f213fcfedd05070a00fe0d06f9fafdf700
e1fcf3080dfd010c0702f9faf40409f5f501f01f07ff06f60bf6f8fe0d020dfc
fe0204070df30d0802eb1703f90b0614020d0defe8f5ed0405f1080e14e802ef
fbfb1207edfa07f803f4ee09eaf9fe0bfd0704fbfff219f706f00b1e0ef60504
fdf011010af9faf40b08020603ef08f6f4fa0505fcff05fbff02040e0303f7fe
15ef08f20e04eef1fefe0a11edfc04071d0809fa1cf8f7fb08f6ee10f1e10902
f8011100fd1a10faf013fadcf7fd090905fa04f5faf3f2ff0ff6f7e90307eef7
f61cfbfc110016fef4faf709040800071cfdf0f90b011f07f9eef9effaf7e500
f0f70e050afefefa11effc0b0305ff0e0814fcf1010500e2050805eff3f4fc0a
01061a200106eff5f2f608fb010402fb090813050f0c0f061004010a0310030e
f003f6faf40b00f6f5f90518fbedff0e09f206f0f50e0c0efaf8040efbf4fcfe
130808f0f3080904edfff5ff04050efe02f514f6fcfb1dfffffd00fa00060a01
0fed09f30e06fd07030cfaf00afb02f000090109f9fd08f40706fa03ff06e4fb
031d07f302fa070c05f5f81912f811101202020a01f60b00000cf911010c0401
0ef8fcf6f4f1e40e01ff0cf7ffe5fa04fbf811f8f80b05ef13fd010ee91c1406
0f0e01001904080703010b1112f4ee04f50303200c04fd04e8150305ffeefdff
fffdf80e07070e1405f80f0c04f209fb0b02fef000ec0efff1fa0bfd0a110f0b
000408fe08060d0bf8090ffcfd010907160df7fd0002fcfe1107ef07e80bf0f3
00ed010afd0ffaf802f307ee020d02f0000ff80408fdedfef6f0f51efafa0d09
03090000090607faf1fe0f02efedf70d0716f01ce00007070a0beefcecf803fc
f6f5fefbfdfdfe11eaf7f40009f801fb02f208ee0beff707faf409fdf5fa0506
f30203ff130cf5fcfcf5f9050905f2e518040901f2080e110601f90a05fefb09
f7f5fdfbea0504f603dc03fcfaf7f5fc0a00fe05fff308dcf90b0208011101f5
ff0cfdf506f6091a0cef0007e91e1416f0f500f20d0c080b0706f202e913f6f7
090504ff13070befecf2e6f6f60af9f9fef605eee9041116f50d10f60c0b020d
030b030bf40ef110fbfde9f6ff14fb09fbf614faf9f50a04fff8011701f2fb01
ed04f7edfe10fd04021df3f8fd160111000806ee060a07f2f404fbfc0b05fc06
12f2130908181506f4fa0a01f212fe0afe17fa08f6fbfc031606de04f506fe08
03080cf7fd0d0afffc03f5fefa17fdfffdf40a12ecfaf6f8130c0810ff160309
0fe9fdf4effd1c03070bf8effefc0af803e10ef71e0efa0202ff0206ee01fc05
02fa0e02ee1cff130c11f30c000a0506fd03f40204f30ff0031702f907ff05fb
03f3ed01fc07f9fd0104e50412eb1603f2f20bfd0ff20000fe03fb0f06f61dfb
020be801f320f9f4f5f9fe090bfd10f5fa05f40b191c11f913071204ed07000e
0d0301fe01010500e9e800010be9edf1ff08f614f409f509fb04fe07fff5fcf7
ecebeffe050a0cfe04e8150e0bfd03070e03f41000f9010006fafc0f0a07030d
08e7f204f510f6050901f9faf2f8f7ebebfffb0fff07fc220d00fc1812fefbf3
ff0503f9f819fef90ceaf6e7fe05e00dff140b0e0207f9f40302f20df91009fa
f6f90f07f8fb03ee04df05ee05fef10b00f908f5f900fb0205fafa070e0c0c02
e6e70afd270dfcfefaf00f170414eeee010becfe0e111b0d1305f3f8fc0205f1
eefa0f090ef50afdf90febdc0903f7f600e506f506f7f118f6fcfcfefd020c06
05150c030403f705f6f90bec15060813f0fc0907f1f605fffb051401e903f10a
000f03ed0c0cf8ea0700f103f8ece60a0cf20213f503fd041cf7eefb11fdf309
01ed020805fcef110aeef6f9fb21ece80e03f600e0e1031105eafff8edffe9e5
1bf0070e01010bf8f9fd03eb0904190a0d02f60dfafb11edfc05ece8fb0f0efe
00f4fa0907edf8f80500fffef3e905fbf405ea160903f9020b0ae6050c03fc0c
190508fb0715f9f3f3ef0afe0805fe04ec0efb02fb040df618efe6f9fb0513fc
fef60ef6090a02f7f5070717020900e4f5150cf7e9ecf7f503030c05f009ff0a
09faf503fdff0df805fefbe604f70a07f9e6e90aed04090411020afff6040d06
f7eaf8ee03f70e18130b00eef00af2000b0708fff5081dff0b06080eeb0bf6f7
080000f1050b05fc0eebf708001200faf20a0cf3120bf906000a0e0006f90f0f
fce90a0bf9140df2faf3ff06ef0a0a0cfdf6f5081104fd02100d250604fe1c08
1412ecf4e401fdfd0d07ff07f7fd0cfb11060ef4fefe01fdf90007f60f0602fe
fa07000efe040ff4091b0105fde90120f1fc0aef08f705010ffa0509e404fef4
f101090f0dfbfbf9f6ed02fd01fb0af401fd02fd01f813f7f806fcfafb13fc08
0ae9ff020afd0515fae9feeaf9f8ea07210c03180b1015f4f0001b03f907000b
19fbf3fdfdf203060b0c08040b05f70510fafde912f4ff140eee01faf70be80d
08010b121303fd0ff609eff6f1ff08fbf3f1fd0200ea04f60a09fc0e04f7060b
07f404f416fa1300fc13f9fdf9eaf700fcf60bfe030d0deef60103f805fb0afa
f20e0911fc0debf7f10406fe030bef03f7f506f70ffce5050bf306f8ed05f5f2
171efa0bfd00160ff8110a01eafdf5f9041506f1110e030a0505000bf6f10a03
0b12f6f801070a0412fa0d04e8f2fdf6fcf7f31304fb17f2150e15f617ff08f2
0b0ef41af105f1f61604030dfdeb0af60ef90af513fdfcecf700f60004f7f902
f9f801fd0efd0d060304010df30be8e9e930f500eb11f901070207070106f0fa
fcf81101f1080e08e20407faf20dfd03f808f5f40cf009f90ceeff070e05ec16
0600f8f109f6f905fcf5f6e90ffbf6081907ff0e0b0c040000fcf10307020410
08031308fd0115010cf3ddeef90ce5220904e7fafcf9f0f01e0006fff0f408fc
00fd080106fcf8e9030e010bf6fe04111df705fd0511fa040dfaf301f4feff0f
0a06f504f6eb13020507ff00f5180401f91d0cf4fc0b0af7ff05fefc021603ff
fdf505120804fafff6f40bff0df80b0b08000f070001f908f0e501f803fe0b00
fff7fc0c0b0402f7090b0bfef7ec0100ff0f0afef41a000513f8ee0d07e802fa
11f7ff14f216ff031904f2e809060804ef01110efbf4f20b02fb030604f6e90c
f8120003f106e808f810f609f9fc1107f8fc0001fc040113eefa16f2fb00f8f5
0218031e12eff70df6f102f50711f800000ce90b0d11fb050bf602fafd0cfdf6
dff702f9fcfdf5f70812ef190e060308f201ff0b07fc05f6f61004ea1e0304f5
07f506fdeb0107fa06f2f9e509e9160b06f907e60806fcfb0b100500f5f20ffc
08fe040af8ef02f90afa020cf504f40afc05fffdf014fdf5faeef6f909f2e51a
02f202f90109ecf7fcf802ede8f50a06030e06ff01f8030cfdfc010716e409fd
ff0b10081cf80002fdfb0df203060e031408f9f3f212f30ff0f801060327f704
faf7fa080013e9f015fc03f602f1f31009f1010203f7f6fdfc040ff0080efbf7
fd02fff9fbfbed0f06f60d041efbf9fff7f3fc0b0b0ff1140715f2ef0d0dde00
000af304080cfffa11f9eef203ebea020ff6f6f311fcffffff10f6fcfc06f509
f713110808fd0207f6fc09fbf60efc0211ec03edfbec0f020cf00500f4020f07
1117edf8f3fc06040604ebfd0ce70afd040103f4eafd150c12fde6fef70d08ef
f6fc0d00f4e9000b02fa150d030df90d17f802000d11fb1202f714040ff8f6ee
ef02000b0401fdfc0f02f30d08f21b0c0cf40ef6010ff50d0f0dfa0d01fd0cfb
02fa02030118fdfb02f80c0501fefeee0c0e10feeb05fff8f31207f000060207
fef8020b0011f6ffe3fdf2f40f10f712010aeb03fe0be5e50d02ff04fcfc0904
020f0e10fbfbf9f20e0215f413fcf8f9030208fe02f408f7f3f0f91302190ef5
ed0e0412ffeb00020b08f206051320040c090e08f8eff8f3eff30a18fa0e05ee
f7e2edf110f3f1fafff5f70f160b02f6fdfefef6f1f1ffe7f5f90c06faf8f700
fcf50afdffeefe06ec140101fd0d15fcf1fbf8effdf0fe13f8f6140405f3fa05
fc09fc01f5fe07fa0d07050607fc0303080cfe04fe060501fafb0f06f30bee0b
04ecfafd111803fdf00a1309fc02fd03f9fb08071c11f6f7f8fef817fafe07f0
02f7fdfd14fb0a0ef7061104f8e81a03fc021111f416fee201fe0cfdfbedf907
08fd01fc08020215fa09faf6f70311f6ef02ef0af0ef02f1eef30600fee5f0fc
0a000809fa1201ff15f5feec0ffbf5fa0df20fe4f00913df030701041d0df7f1
01fc020ef1010c0614f719f90afe08e9180f000dfdfe1c05feef1818fc01f1ff
0108f8f8fdfbfefb04f9eb19ff0206f00c120f09041aeaeb0c1fe506faf60919
fcfdfcfe06ff0f06100df1e3f9fe0500010100f7fb14f9feeceff8f31104030b
0807f608f7f8f505fcf7130e0df907fa050714f30d0404f3200f0708ffeffbf9
f200fd0b00ef030906f50402080f020af907fa03fef4f80afdfaf6fe1f0110fd
13f6f9fdfefffb03effc02fd021f0dfe070e00f207fbf7f51314020206fd0412
ff17eaff0ef410edf3fff905fa0b0a0800fb0a13ee000a020f0307f9fff5f908
f3fbf702faf6041120f501fbf1f4f2020410f90bf9f804edfbfffefc0dfe020b
0afdf80ae7fe05f3ef050806fd0ee422f71401f9fcfbf405fffd1201f3f8f8fa
fceb090d0411df05000f0103f8e50302f7f50e050ffafe19dfff0af10e0909e0
f504fb06090e0cfbe9f406f0f609f30116031b190ef0fa0dfc07f7faf7f70506
1a010a07f404faf7faf1fcfa13f50bf70b120cfd030af3e8f5fa031107ff0afb
fe03fbfc00eff5030010f5151313fe0bf0f4010b05f004eff40c101316ffee19
f9ff17000cfefc0c04f6fffd06030a05010803f4f5ff07f7fb0605eb1003f8f6
050404fdf010080beaf6f9f50c050804011afd060cfbf804fbf3fb05f8fd00e0
fa0602f9f411ff0b09f2f20df10c02070802f8f713fefee0f4180b04ff03f900
011810fbf1f6040af5f4f6fc04140d0900fdff0402fd040cf0010a01edf705fb
0404f2f9fb0308ebfbf9f9f10cfb02e207fcebf403000cf8fd05f600f9fbf80d
fd0202f0e80dfffc09f3f8eef2fa0d030c0b14040a04ea11ff01fd060b05fef0
f00505f5fe0cf50f05f9f90406f8fdf4faf50ffdfcf8df06f704f00f0c0f0ef6
05160005faf304ff14fd0504ec0e190c18070bf710020306060000ff0bfa0df4
0bf4fb08050b0ef002f004ed07ff0305ff0afe05f9faea03f9040df51de8fe07
ff1500f60804fbebfd0af907f0190702fb030604effdfbf9fefd0306fef610f6
fc0efe061104ff0a0401fa0a0000fafcff00fbf4fc0df216f8ff0def0ff40d05
0af708f700f2fa04fc1002f7fdf9f7fdf9fdf3f3ff060a0712f800f9fb0bf304
07f209f70b0b02ee020c2bfe09ed07f9f9fbfaebf8edf8ee1207fff50b080cfc
fdfde9fd0016fb040509fc0c040b0ffe0002f005041415f6f1edf2e4f800f7ee
0508030b020909020f1b0208f20702fff3fa101afa070a030c0518f91a070afc
0e0100fb14fe190c10f8f70706fafa070601fdfd03f405f811e4f9fcfde504f6
040ef7f000ff04f6f8fb01fef8070af802f415fbe7030c0afa1bf3fffe0804f3
f211f1f50b031501fc04e9fefd0f0aec00fafe0e24fbf2fa15f8fc0fecfbf9ff
e2fd01fde5f0ebf9f7fcf609e2f4fff205f804051101ff04f902f5f5ed010805
0f13f7f4fcee10fff401e801fa0bf8fb00fa0af10d0609f82b03020a0908e4fc
efe415fe09160cf205fb0703f7050a08fefef80e0400f502ff030af3ee00030d
f2061afb172702eefe0efcf6fafc08020202fae208070afb01ff0107fa050f11
fffe12fb020204f5e1efe804010bf8030b12eefd0e060801f0f905f304faea05
f70506fafaf400160607fbfdfdf20b12fd0c0706ff06fc0600fafdfa05faff09
07f40802f8fcfbfafcf0071a000de900f4f5fef70d040808dbedfaf5fe0708fa
0af6effc1c0802db09fceb0200effffc05f00a16fc0508121704f50d0be90203
fef3fafc00fefaf80b020efeec0e0c0d0bf80c0720f3f7170002edf1f8f204ff
f3fc02000505f3faed00f90b190b0cf40fec0c0f0c07fb16ed060101fffd18f5
fc1307f5fd00ee0bf4f9f2fd19fff61d0bfd04f80df9f108f60eedf70c0a0304
020a01fdfbf7fff50101f9fb02061204fe0d0af2010a031106f4e804f80aff1f
fa01050cef05f402f5f3f20afe12f8fb0a0cee0306f80008f519f80d0605f0fe
00ed08fdf3f40d0cfb0d1004ff050018f3fe001104ff02000919fef2fdecfc04
faf6fcf9f206f7ff06ef0801f2f407fe14050afd041107e614f9060301f70404
01f504fd02051208ee090f0ef7080d0aed0df40106eae7170f1103e9f90ce702
ff0e0af1fcffed050cf8f90607f8dff20b010ffc04000d0a040301fb08fbeefc
1a0402f804ff1e07f900f40bfc00f80d090d08fe031902000305060301fa12fa
f8f3fdfbe414fcfb0c020209fdf40c09fef6feedf106040906fcfc0104fe09ef
19fc08fc0b1d160ff2e5f6160bfb0b07edfc0c070cfbf6f900f5070107f617fb
f6ff00021105e900fb110406f11afa200d17fcef07e6f20e16f8ea01fdfc0401
fee8f6e7ee05eb06f40511f50a0f1ffdf60af906ee0b00f8030706fc04faf7fb
fff9f8fa00f814f6f7f904fffc1a080dfb09f8fbfe0617fdf4ef05f61305fefb
fef402030af6f40e09f4f7040207010811fdfffbfc0414eae9f6f6fbfb0b0800
f10af206f3180107efeb0908040c03fe01fa07030904f6f8fafd09f70f1003fc
08fefbf604edf80a03faf2f90dfe06effcfef800f0f10def040ff9e309ff1609
feedeef3f90305ff0304fa05f40df0f6f6fafaf2e0000703f1f80407010af10f
0b0712060602fafc0c1b05f90ff1faeaf50bf408ff08ff0df7f7120a00fff00d
030ffbff0bfd01ebf30ce907fa11f8f3ea0105081df40104eff80b00f5010509
fe12fdfa010703f6ed0d09030bebf409f503fe06f9f8f906f6fff405070306f8
fe04feedfbf7f5f8040f02f30b1af20af9e306f60608effe09fd07080ae7fd0a
f7f9fdfdf511eefa090100001a0ef6fd0df40104f90efe160613e9f504e10e04
eb0d020805010cf1f51a1001f7000df414f9fe14030c120200faf8000bf2fbd5
ff07ef121900f70314f5e7f7f10002090bfbf6fe01fefbfc05fe011911fbf7f9
0ff603070512f7ff08fcf009f7fffd0c06fcf8f9faf7ffe8080d030cf50b16fc
f2eef9f11702e8010f06020902ef040813fe0d0900f7f30cf1fe0403f4f5f9e5
f50df3f6080afe08f9070bfafd0cfa00f8fe09f5f302f50be803040afcfafaf2
fc11f2fefa09fdf902130a0cebe9fef1f70509fcf90a02eb0a01f818f10e2100
ed020e03ed08f4f114fff705020af9110a0f030906f009f404ff040502f209f9
f600f6f907f4feec0aed0404f607ebf602f1e620140e0719000df7f9ef01fced
02e8fefe10f9f9eb24faff06160c00f6f6f7fce6f41b0fffeef90702ecfbfaf0
f1ea0219e8fe0413feeff4fcebfc14090719fa0b0cfaf1f3f903000207030803
15f9100ae7fa0afb0213fbfd09eb0e02f1f3fb040300eb1620fc001307e5fcf2
eb0a0e04f8eaeb1707e0080ff9ebf80c12fc0a0afaf2f0f6eef9f01910fef2f3
e9f80405ee0e0f05f9f0e7f80be103f8fffafa1702050c05f5ff0318eefefc08
0d07f7f909fc0ee003f7110b0615f7fa0512f011160bfdfc06f9fa08fd0104fe
ee0ee213e60f050c0d0c0613ec09f70900050bf7e3fcf2f6050014f7faf722eb
1a04ec1b1cf7050f0413f50f06ea00f217f905f104020df3f516fa0505120cf0
f8fef100fe0405fe03fa110df9f3f9ff07ff0a06f7f50ff60c1af1f515f307f8
f61d140be901f4ff00fcfaf80cf4ee08f7030c0201ff01f8ebf211f7021af800
0bf600030d07f0e40a0a19f2ff18eafef7f6f90df80bf70110f7fcfffd0501f5
f9f40cf504f90ef6fe0109fd13f8fffd01020205f0f2fdf90bf51403ebebf8ff
0ee705f8fa0afdfef808f10f03f708f00502f400feeefe10f6010dfefa0ef80e
f2ff090902fc07f806080500f90b030c01fbf60817ff1cee010a022107fcf905
010bf3f801f8ff03f700fcfbfcf1f9140bf1fd050207140cf9ef0c0905100d04
f3080c0706060ef31c160d0dee0b0a0f090902fa0f10f80c09f6f80af3e104f9
04100508f80305f908f60ff215fcf80bedf913fc0df2060df901e11009fbfe0c
0703fdfdf302f1f602fc02f60202ff0206f4f9f8f30a06f6fff5ed0903fa1d0a
05f9fdfcf0012b0106fc000efb020cf5f3f402eff6f6000b1c03eff3fcf8040f
1104080e12060f0bfe0be9fe070c0df805fffa07f2f0040cfdfb09f6fef5f7f1
0009fb0101f6f0ec04080a05fb03f4fb09fffbfbfceb000a02040908030a1305
0c09eb08f4faf908f90609f11201fff3fa0bfaf20401160408fb01f710f60cf7
03fc0612faf90800f20b1af5f9fdf4f3ff0405fd0a040d001af2eedcf7e80cf6
05fbfc090400fd1305030afc08fd0f0cf605f406e4f60ce8f90c09061103f70a
f0fc0405daf800fd15030914100bfd0d0ef5f005f3f5ff04fcf8000efc08030b
050af7ecf6f50c07f9f3feee090cef0202011505e301f9050910f7ed07f9f3ff
f1000506f6fefa01fd030000f70012eff2000e08faf4190107fffff6fb090505
03050c12f000fe02f0fb0efc090af702f8060208000ffa0817ed01fd0d0c01ee
fb13fcfcf506f9f2f615fd000b06fef40ffd171604fe13fb0df113fbfeebe9f6
f8f8ecf9ff18eaf90b0cfaff00050c04f5021602f0fd06040a080e02ff04f902
fa1511190101eeffe612fbf40f05faf8071509e707f609fc030204f7edf0faff
0c01f303ff03ef06e505fb0cef0ef5f6fefd000de7fffdfd0f1004f9f7fc0f16
0001fa13fafaf80101d203f7f708f8fa0211f40a07faf70efa01ee05f7f8edfe
0805fcf3f508fff8fcf503f3ff06fa1f020105fefdf80c120908fffcf80c11ff
fbf20301fa10130af502ff150afc000901fcf9f406f6f0ed0b05070a0913f506
07fe0105fff7f004fdeefb0bfffffdf2fded04f200fcfc060608f80deaff1102
0cea01fb05f607f7fdf1faec0f0b0c0e0bf4f6ec0c09fe0df9091805081907fc
eef5ece304fe0d1cf903f802f90bfe1401f202fe0100ff0b08f5ebf101f4f3f7
f8efef051afbf105fd07f010faed03fcfc03fd1002fa14130ef4f5fe06fdfbf7
e4f3f80304f2e9eb02f604120d0bf5ecf9fee9230d0bfd12fd20f20ffd0d02f7
02f5100cf30e112400f2f613f2ff0007ed0405090206f8fd1409f10bfb20fffe
06ef06030c0a0c040afc0d09040cf7fd05fdf9fe08faeef21a12fc0200fa07fe
0411f7f900fc110803fc0ceef60bf313f70e0ff602fe1e0a03fd0409ff1b05fd
042510090ff8f70e1404f50e00f706f20ef119f80a11ed02fe14f1fc02fd0f19
f1000c0a00ecf9fd04090ef917f6f904fbf6fff6ff0e0b0901f7040bf4f80700
07fe06f10616fdfc14fff7000bfa07ec0816feea0df4e80a10ed00fce2fbfcf5
fff5f4f505f306fafcf2f51d0d1506f4e103f9fef90003faf3ecffe10bfefa04
0714f7f9fc0408020800fcffecff0e07f80afd0d03fe09e801080a2219f30300
f20416f5f6f6ed0b01f9f904130bfbedfd01fc0afd0b110700000c180315fee7
12fcf305fd0a0df90afcf012fd00ffe3050af3f8ed07fd0df6fe010209ed09f4
0401f90ffc0bfbf1f3f80f02fbf702031c0108fdeaeeeffb1010f7f4fe0e0015
0f0c0501f317fc0ce703f30d11fd000ceb14eadaeffcfffbfdf407ff0d06f0f9
0e080206ff05fa08f5070405fcfc15fb0612f717fffc081a06150808f9f002fe
0812f400e6f9e110f1fe1713ecfe0e0af90b1ff705f612f202f21701eb0602f4
07f806f8fbfe07f3fbededff04f9ef0f08f1faff05fe02f3fb0a07fff9f90e0a
0bf013ecfcf8f9f9f5fffbf70306f5fdf9ff110703fffbfde0f405eff8ff09f8
02fe03fd05ec03f6f8070cf7f20bf3010702feff0007040b12f9f3f60efd08f7
180afd01eef1f8f9ef00001005f80de6f80dfa04101aebf9fc07f70507fa1f14
ff08f8f3f81206f4f803fe06fafdf509f5040dfc040206e6f30f090113f5e001
0e0f081805030d05141f05f408fc09fcef12f9f6f60002f618f8edf8ebff0208
07ffeff8f3fdf802001a0bf0faf3fa00040b0602fd0e0101fdfcf9f4f90009f1
06fcf5f90720060410081b0408f80819fe03f30d0b04f30109fdff0806f7fc02
fdf6fa07fcfe0af1fff816f9fb0903fffd03081afbf2041808fd02f00e0e0ced
0d06f7ed04f80cfef6fe02f9071becf8e2f40e11f31117021d03fe08051d0ada
1900f605f2f811080515fdfdf7fe0df80416f403eff40410fff50afd02030dff
dafc160bf50009f6f90cf4fbf50afaf10c010c0a07edf614f4e811e3fef9fd0d
fb0318f60f08ef0af70d0beff90bef08fc070326000d060ef4ea0cfef515e908
12e4ff21efea0506eff813000ff9fb13f8f011fc04e115f61201fcec06ffdeee
f5fbfd09fffd00e5e7f1022416f60007fef7f9f7feec11181009f50210f7fa10
060307faf5030700f012f2fef1fdf6f2fde5eb0803140717fffa01e9f802e902
07f806100cfd0afd0300f6f50a0d19f10afaf203f6fb0809f5070c0ffc03f8f3
080ff3fe000af71a02f6fbe30907fef1110a05feeee61511f0fb01080202030b
f3f6e7f3050b030a18fbf10619f706fdf7f6f802fbe6faf8f5e900ff0ae8fbf8
0c01f8020904000bedfcf1f111fffe07f307ff06fc03fa0002f9f3e5f2fc0901
02e1fbf8dbf9fe0a01fc090211030af9f0f5f309f80defe4030f03e904f800f8
06f70c15f501fa050910f71201090ff80009f603fef4ea0cf9f003f7fce8f904
ff040afdf904e8160cf3160c1203effcfbfef3fc030b04faf5f3e002f705f8f1
100cf9f91301020e19f7f811f7f104fe0ef6e5f5eb0703f613ff0201e5f4f212
1104eef3020a0cfc020c1af00cf2faecf91211120be802000e1503fb04fa02e9
fd0201f209f20212effcff0bfbf9f7f9f7f807edf20d0702f411031a0af904ea
f20a07060902f4040a1402ff060ceaf0000a07f50d01ecfb0ff606f302f010f1
02f210eaf3090a00ffef06080410f2f1ef090ffbfff9f9fa16ec19f30b0bfb14
fb081801e00509e70408fcf505fcf409ff05fa0801f0f916fdfbf5150d09e9fe
fa0b0afef9f6fefe0aeaeeec02130306f117f9fef301eaf00bf611f5071a1612
f81214fefcfff4fcf802fb01f20010fe01fd0014f902fb1aff0500000311ff01
05ff0cfcff03020407070001fdf7effc16ebfe081c180e100207f8f2eafaf1fd
fef7f3fafb08050a10f7f703171105f608fe0005050200f900f9f3030111fbf3
eff70dfe0807eb0c08f4f5fe060ef0f1fb1210f2ff1109edf303edfcf60815f5
f60af7f4f50311f7f8fa04f70bf11f01f707fde3fb091704f7fe08fffaf9fb11
0707ed04fdff08061702181122f6040903f9faf107fe011aff0bf400fb06f403
fd04fa080e00f5f6f8f6ff080afbf503fc01fcf2f6f5fb08080ef9fd0e01fe04
fc08fdfefc0a10130001f90ffe03071a1f0301fe00f801edf6fbfb05f9ea10f4
01e70e0a0bfb05fe060d0906f8ff061408f70807fbef0b050a0f0801fa0009e2
ef02f5fcfafdeefa0bfb12f519f8020fffed08f6f9ee05fc05fb0de6f30102f7
fdf902e903f3faf8f40af901eff1f6f3fd05fef6fd02f3f4040a03fa0ffefd11
ff0dfa0dfd0bfaf8fefd10fd0cf60d08f30918e8f503e702f5030feae9fb02eb
14f6eef0fb04f71004f8ff0707fe02070ff6ee070aef00f811ea02f80c1601ff
0f06f4fcf50102f50d06ff06020201f60b001e01031104f0f301faf710fefc0e
0df6fb0af5ed031414f1fc001906f912f2fcfd060e0400ff12f70df20f001209
020c0ef8010a01f7061007f30f1403e6fdfff602edfe02080508140000fef302
06f4f411f1f5ff02f50b0f19fd050dfefb07f80c07fa0afa03f90bfff60210f5
f905f7fbf0ff0c0cf3060916f8fb090cfdfffdfffaf304031205f809fc15f603
f60601f917f6020c1501ecf207f2070ce9050b0f0ff2f9f7ff0409ec0b111c00
14f31e1d031002eff9e50eeb0608fb090df9fb090002f5ed0fef0ff7f4fdf915
00faf204eefbfb0d09fefff309fef8f8fcfb08e705020e0df9ffed0eef110201
f5f5fef9000bf50efa16010e13ee03fdfcfbf9000dedfd160c0607fe0900f6f5
f1f5e70cfb070606ef0ff505f6f704f5fe100bf2f30cfcfffc0001ff20fdff0d
ec000308f6ff0808f7120aedf7f907f610fcfdf604fcffeafb05f50808f6f801
0814f4ef02050201f60a0bf502fd0c0d030b04faf9fdf808fef7f8ea1013fa15
070c0b0601f3f5eaea07f2f8fa19fdfeeefffd0009ed01091cfaf9fc1af30909
eb04f40a05ff141202faf6f904fcf701030a06f60418fa020e160bfbf519fafe
06f2ff08fd140816ee04051304ed0cf507ff05fb0df813f803110305fa0708fc
eb06031702ef081003090308f6edea01fcfdfc0504070b15190dfef9f709ed10
0413f1f30414ebf1ff080307f2130d081cf5f800fa0203fce61c0105fc04f20a
f813fb0d0217fb05fffff1f410131108ff1b0910f603fded0be8e90719ff02fe
fbfd09f8040ef5ee18ff0803faecfb0cf6021200f100f0fffdff0013f10cf6f4
0d00f710f50208f701eaecfa0c13fb08040ff4fdfa18f1010e140d010101fe09
04f6f903f21bfd03ffebe30e0c13f3e911fcf606f2040eededf4ea07ff0012fe
0df9e002fcf20cfffbf00dfa06fd0b1e03f0fef403f501ef05f70602f2080d0c
03fdf80004fe08fdf4f71006fa0106f10800fff6fc0608fe14e6feff0407f60c
fe030b0dfeddf7f81bf300fdfbf001ff1403f6fffdfc02fdfdfb060802f70ef0
0dfc05fbf0f501120105f70dfe0f17f3090103fdfd0511010d03fef3f5feeaf1
0308f2f8ffed13e503eaefedfbf8ff020c070202ff12f3ff01ff140ffafc0207
0c0af109140e01f7feff040de90b03fdfe03fb0811f6ff07f2fa0105fafd05f3
010c13e7fbfc06f7ff03000902060b041402070305090103f003f303f7f8f904
18eeffff11f6141005fbfc08eaf3e2f5f3edfbfbf0f703e60608fdea100bfe00
00f8fdf7f2effc18f3fc150efd09fbfaf1ee15f90bf2ff04fe06f611f2100aed
080a0a0706fbf4f30003f50bfdfc01f5f2060a08fff7030008f51d05f4f00aff
19f2f6df0708fff6f904f60900ebf419fff90109f0070202000103edf4fdf505
09f407fff41008f80feff301f20a050b14fc11e4faea07edee0a0005f3fd0e08
f612eceefefaeb06010413f9f80bee0601ff05f9fbf6fa0cf7fd0df40efcff0a
f804110319070aff050a0204f7faf712001709fa010b0805f8f6ff010b000404
05130ef608f7ff04fad705f004070f01e401080dfa040deceae60a001c11f1fc
f313fffa0203000b0601f906f702050e1c0a090a1f050bfafcf3010e0312f5fc
fc12f6d8f3f805ea0af6f901fa1213fdf7fafbfdf9ecf7fd110704f8f2fafa09
fcfcff0709fc05f5e6fff30ffdfaef0e02fa100fe9fdf8130e0ced1d0d001801
040bf400eeedfaff18f7fc19fae70c13e6f91018eefb07f7fd17fd0404110510
f016e800061a0003fdf30e15f0fc0a31f7f4f6f006fd03fc03ecf9fa120a0202
06fffb0200faef0a001eeff7fc02f8020ef4fefe0dfc1911f20c08030015f80b
f3fbff0af90bf503fef0041615100d0206f50406020d0c1b00f0edfd0a1afd0b
ebf7ff10f50f0f120316f9eb0d0be11004eb0af5f2fa05fc15f80ff8f6f8efed
f901f20bfc040ffdf1fcfa0bf4f8ff1204f9f90be603fc0cf10bf902fe03fffa
000d02f707feda050efd080b0004fef0fcfbf6fc040920f4f3faf114e7e7f4fd
05140a09eb0e02f70b15eef4fffefdfa04f400f60507f3e712faf5000b0a05fd
ee05fd0108f309fe1104f70c09fe02030004030011121004f401240ffffd0d03
f4fa09f708f717fff3000504f6020707f41108f201f81008fcfbf31bf5f4fffa
faf42b16fb02f8f0eefffcfc0af6070d0bfb1c130bf7060cf715fcf6fb040806
120c0613fb04fd02f60116160eecfcfb180eff0c0efcfdf0f70e11ff010f01fd
fc02ec19f1f1fc0715ff010f0909fbf3faef14f7f9f3f903f6f7020207eefd08
ecff10f510ef01fd07f519f5f01306edfdf6ee0af7ea02fefa0911fcf6fe0a0b
f5fbe9f90004fd16f80d0e0906fef5f50007f60804f6e5010908fb0df5fdfef6
fc08f3020101fbf712f1edf00f0c0a0dfa01f6f005fb06fbfd14ef0df704f310
0b0c0a1afff7f812fd011de6fe08010a1400f5f10eec080b120efafe11fff6fa
0906ff05fe0213ff05fbfe0ef406ffeff80812040a031003ecfd09021c05fdfb
f6fb0200f8fb0b0cf80502fa09fff2e8ebfcf0eaf300fffb06f10f0f02f80df4
0d00ec0812fd02fdf504fdf5f011fef8ee0c06fffef3f8faf0fb000df5fd16ff
0dfe02f7f3e808faeafe0e050605fa07fb070ff1ffedf907eb06f205fe0c00fb
091806f714faeefafa1006f41009f2ffeb0510030108f60b0a06ebfafd04f4ff
0e0002080fe5071b160cff02010112f303070ce3fbfa02f3fff4ecf5e40c0c04
ef0903fb0306ef01e3ed04010e16060302f404f00208f502180313e90d1e0e03
06fd010c0503f7fe11f5fc0cf404ed15f2fe09f104fdf9f603ee01fef6ecf1f1
03fdee04f4f9001d19f7ebf503fefee3ef03fe08f8090613ef0a05eff606fd02
0f0efc02fa0f00fdf80ffbff03f3f705fb0007ff01f80cfffe2001090bfaf6ed
06060c00f60ef0f6fe05090313f9fd05ff06fcf9101810e5131afb0d14f0fcfb
0507f900f8fb0e170b010ff5f4f602040cf9fef1f0f208faf108ff0318020e06
0711f90bf8f6050d180708e5f11206f104ecfbf3f7051306f3fb0cfdf319fcfa
13020f050400fe0802f7fe1d10fd06ed0305f6fd15ffece804fceb0bebee15ff
f9fefc091000f6fdfcfee4050ded0c17faf400e5f5fdeeffe8120a080d0014ec
fcf6ea0817fcfffa02f1ee0010faf6f1fffe02ff01ebfc1812ecfaf8fbfe050d
fe0dfb06070808ffeaf910010905f4ffedeffb0209fbf6f60308f9fef2f4f1fc
16fa0ef1fbfef60b0804e616fa12e004fc0608fef7f50004e3ebf611fbfa0317
060ce9fcf9f80d010d051bf20efcf6fe0f000cf5e505fcf4fef3f109fe0309fc
02eefe0d1707f500f0140ef218f500181006fdfbecf9fa14f2f70801df09f814
000c07faf8060303f4f70a00f1ef03fefde7e9eefdf8f50615e50a1001ef0a11
f8fbee03f70209f404fb14080a110ef101fe0e010d07f5e7fb1afa00fa0002f7
fbf805fce8fe0e06020bf7fff1fafcf4eb10fe100f0fef00ec08f60109ef10fe
faebf3f21e05fa07fd0b060509001d02f809040efef9f209f10a0b0df9fa030e
08f6010e01f3e80500f10fed0200e900ef12160ceae8151c021a110b08fb01fa
1a06fdfbf60e05e209f3fc0afdfcedff03e903f1fd030502ebf2f50813d5fa03
edfbf9f4f20822fdf0030101010dfd0efb11ea080b05f00f16f10cfb0906e518
1007fe0a04f6fe0bf808fa0300e00afb0805ef0cf7ef120ff6f6070201f9f203
060ffdfc0dfb0202060d0efaf9fffc09f2e8f4e5e6f415f5fbf905000801f813
fcfe02f2201704030e000ce6f5f9fe02f401fd0608e70df9f30406051b1710fd
fdfffd1ee4f7f9f513feedff0a1e0ffe06f50ef10e00ec0405f40ff60708f4ff
ff02e309030907160f11111003010f1009f5f9fcfd0404e801f40bf910000bf2
130902ed0cf7fff7050402080df8ee060007f716eafaec0f061e0204f8e9eefb
0212edf1f9eb01e9f0ea0900ee140dff0406f7f6f0f7f805ff0202ef0901fff8
0c03fdfa11f5ff07fd08f806f1ed04fff7f8f903fcfaf3f405fced0511faef0e
f5de01ff02e9f30305f1f80502eef10e00f8f905ff05f8f709fd030ffaf8f204
10fdeb24f212f3f6fcf8fbf90c000aeb13fd02020106fdeff0fbf91002fd0108
00110d00060202090618f8e70c110800fdfff0f40f020bf7ebf6050a14fa0aee
f9fdfefc00f612eff502f7fdfafc16f90c13fef906fd0bfc0e050b05e90b020a
0c0a050cf6060e0101fff908e80af4fbfa1c1103fcf0fbebf614fb0416ec05ff
17f9f8edf80202f407f002faed030607fdfcf1f9f4f5ff0617fffc0cf7050e00
ef07f3f8e4f3f2060c0dfd04fcef0aea0604f801040d02fbe7ea060eeaf91709
02f80dfdec020a04f5f1fe1ded0207f80a00ff01fa040406fb010c0f02fe1603
050af6040a08f8fa01fafb060aeafaf0fd00fb08f1f9fa101607e8f8fb030d1d
04edf9020c0204100e1a01fa040af60ff5fdfbe30d070ceb1bea05f7f90601fd
0203f50d01f300020ff009f5f909ff05fa0613ee0df8ed01f80ce502f90e00f4
ef04fffff6130512f80d13f003031a0c091001f9f8f509040106f3fef8161608
0becfc0bf6f6f4feff03fd0deff905041500f4fef7f60205fc0dfde5120f0a0c
00f8fdf209eff302e402f808100003fefeed0707100100f3fbf5f30208fbfdfd
0907fb0edbfd23fcf911fa00061110fdf3f70ef1ed0f150614f6fb0fed041a00
110e00f20705f2fcfa0600fa050dfd0c08fffffbee1806fa04f8f0100108f3ff
f903080609f61204f7fc000800e0000efdf30816f8fdfee811f102f8f10b13f7
15ff07e60a0003f70df9f706040109f4fff0fe0bfe020ff905f607fbef13f100
ff02fdf5e107f50bfaff110418fbfb07080c01ee10fde80301fc02ffef0cf9fc
0601f7fa00fb10f30b0df7f110dcf600f60d05fbf1f80c13f516100406ff15fa
2411fffd020c050e0217faf6f0df00e503f0f4ff180402020cf4100b0307f4ea
080d07f3fb0af2fef7f7f907fb0cf7df06f701feff07040efcfe0fff03fe0206
0e0b00f509f8f501070006f60901f7f5ef0efffb06040704f803030afbfa0a05
f5ff08120b11ebf900ff11f5fffb08fff6e6f6f609060a0b05f6fcfe0bff0bf6
13f9fbf9fd1dfb0509f9fcff1f02effc12f6f2f706f706f110011815fe12060e
15f8f60304feec17fd1109fd0303f7f5ec021de7fd130b01040eecfdf201060a
03fbfa0405ee011412f4020e0802f214fff4d906f20003fbeff41100faf300f7
0907fef202121b060d00f3f7fef003ed02f8ed11ef00060c01fbf610030d14f7
0ef5140f0003031a0214f602f5ffecf307110704fe0504f202ff13f70cf8faf3
0f0dfd08f5fc08031af4f70ff812fafa05fa0ef208110ae5fefcf6f704060319
090d06fc04f7f715e005030eedf6f206fa0109fd01f500ed0cff0a080a040810
f7f6fef203fb00010101fffafbfeef020005fdfa18e104fd0ffe080d0be610f8
f51402fb11e1020ded0304f2fa09fafe0a1000f8fef9eefe0af805f602faff13
00fb01f80af7f5f008f515130a02f004f4f30e0d02f7fd180004fd0a090805fe
f7f3240a030400f0fef30306f81509f0fa05f00d09fff803f1faf903fc0e0007
f9edfb0bf60e01f0080bf2120dfde4f8fa07ec041206f4000efcfa0508fd0cfc
0507020a0bf2ed11fafff200e209050f04f10504fb0700f107001d0b090510e9
f8e5fd13f909f60df80cf8e90606f9fcf8fcf50413fa090306ff01ef00100101
f4f4fd0800f3effe0ff80403f8000702f3f7fef20c0ef9ed0b00eb050001f703
edf413eafefaf502fc04fef8020ff8ed000bf0020a06eb0c0d0013f8f5ff06f5
0100060d04010df7e6f91f0f00fe07ebf5f113e9070705fffd05000afd0a0dfd
f801fa04fdfbf90304fe06fefd11f808f3fffe0bf9060bf10307ff0e04f3fb08
0401f0fefb05fc03fe0c0607fff40eee03f6fd00fefff0edfcfdfcfafeeefeff
100202021906f9f70af7f30617fbf0fb00eb04f1fdfe080ff70208ecf40ef60a
02021002fde9fafae9f5fff4ef0403f6f8f407ee0900f007eefefef307f3f6f8
0c0600180cfdfe090314080dfbdce7fa0afb081208f9f308ff0cfe0df9fe1500
01090602f706edf0fbf507f31607fbfe06ebf811080eefe906fafe0a070fef03
0505f6f6fe05ec0200f6e902fef5f4010d13f2010601fbeb12f90a05fd1501f8
eaec03fc0001ff05fb0b0b051903030600fe0602000cf0f500fb01ff0df80014
fcfce805f112fe17e10a07e8fa0dfef9fcf808060519f1f50205120b0bfaf1fe
f808040206f503ed07f3eff8fafe0e02fe021105f8fe0fe707080e150c05f8ff
0b09e1ef021108edf1eaff04fe02fdf810fdefeefcfa0a10fdef150aff0002fa
f9fe04fa1104eff709f70d0500ecf70ef10d12e00d030b1109f3f301f205f811
e80dfc0f06fdf9051407f103fbfff9f4e6e9fd05fa0608e8fe00fd0b100bfce8
e5f9ea0d0a0222f3f9f6ebf618170f1015faf6f30df10709f9e91ae9f00c04f4
04fc0b110dedff0bfefff9fdf8fcf8f310eff8090406f5f903f40209fe070710
e9030e12031306fff8f1e4ecfd05f9fcf8f0f6feeafeff0d02e808fd010cf1f4
e905fdf706f5ed0217f4ff06f204f00406ff0de812ff050d10ed10ee0ffff712
06fb0afd0ffff60f09fdfc0415010bf6ecfaf4e4f6020ff6f60a0df3fa110b07
08f9ec0712ed02f802ee03ee07fd0ef71407fbec06f8fff704fcf1fff9fc0cfe
f30c0cf51105fcf7fff7fa0602eee2200911f8fffd19ff0504f90cedf0e507e6
fc0604f0041017fcfcf51807fdf0fd01f4fafdf6f7effdef01f2f702fb0cf8fa
eeecf30c15ef190f0314eef8f20008050bfbfa24faff12f90408fc0b05e80afe
ee05ec0511080213ee0c01fb02f408fd0b0614f20bf5fc0bf20deeedfdfbf8eb
0aec06f703e8081803feec11fd0a0df7f70bdc0a08ff091506fa1ee90eee03f8
f9000cf30eea06fef5f608f4fa0606f300edfe090a0bf80517e2f10d0907f303
eff5031108f5f2fb0c0703070e10000f16f80109172002001c12ffe311ff0c0c
fa020b0617fe0b0d00080103eafffef20cfd0b0109160d0bf7040fe9f7f60911
130d01f9fa05ff0503f400e401fb13f504040302cffaf81207e8ef09f5e8fef4
fa07f9f201f704f90500ee1f000cfef8f7f4f5fc0d15f5f3eff8060f04f2f30f
10ee08e9120b03100aea060af6de18ff160316f7020005f8020e06fb1306020c
fff9f618f4f6f2060b0406f4ee0ef506fd09fdfbf30311081cf5fa0612eff8ef
f3edfd0008020f0dfcf801fa131613f4f902f3f4edf3f1eb11ff11fffb1104f1
fc0efafaff0218fff0f702fb13f8f9f70ee403fffb0605081809fef51afae60b
06fb02041d01ef01f80ef9fc08fc0303112c0d0efa05f8f4f61ee8120509060d
e8fb12fefbf1fc0e0e0016f30819eff8f5f211fef9011016f605fb0a0b0f0010
08f90214f8f9ebf5f70c0cfef80915f0fdfbedf9151aec0504f1150f05fbf2ff
f8edfef4e9fdebf5f2fff8eff8fd0df6010cf908050201f405fc060506010cfb
0aff0a0614fdffec1205e0f9fd01f509f5fcf604ea0e12f311e3f310faf0f405
e2ff0f1406f9ff06fe0bfdff0b06140efd06f10904f7f1f4fbfa1b0003f7f2fd
0af7ee0308fc01050222f8f810f70cfe13fb150d06f60aeef100180f15130ff7
1e01f0f80002090b0ff30402f500080906ff0f0100f62af80003fbfd04010af9
0ae7f90de8fd0b0004e90b05f5f7fef8fd11f512fcfee41302faf50e11021416
f013fc15070805fe0ff3fde9040201ef02f309f90105fe17ff0ef801ff010cfa
070e02fe09fd0107fb1706f80302080204eaea01f30ef90406000c0d0efb07e6
06fe00edf4e91609fd04070afefb01080afff511001b0408f205de0305f10003
ec051bfd0d0b0604f21c1707fbfb07fc0e0dff0b03f3f80bf8020bf20af8f907
f00301f7e4f9f808f9e8fa0f0c0b07fcf5050af503f3f6f2ec0308f819040b0d
01f0fdfd0104fd050bfa090b010bfcef16061009e8f6ee19f7f8ff08180a01fa
fafbf8f90011f3f5f7f410fafb05fc040009fbf4dffefff7f711fbf509f90b01
0b0703050f0b06fef005fa190302f3f7f50b01ff0beff8f41602f2f60ff014f6
08f9e403fb03f603f9f6f40605f3f70707f4e6f90b09f706080b09ebf7f3faf0
12f2091106fa10fbe10304130c0a03f3f2020df9f1050c0cef0e0ef5f5f9ef07
02f60300f401e3feff0903f6d91012010bf8fa17eef0ee0406f20a140801020f
f7fbe7f4fb04010efae8f304f4f506ffeeef00fa04f7090008fded190e01fdf6
0504f4f601fc0e11081110f7f9e80bf20d0ae4f3f60200fa1ffce8010503160b
f9fe050af203050904070af80af503f80c140a04f510ff020307f8f6f6eef3ef
f5f203fefef40008fbfb040d00f3fbfc05fd040f00f6fbf501061feff8070916
0a09f705080f02fef8140aedf1030bfbf40a0bfefcfd00f40002f7f3f7eeff04
f00a2004fff808f20c0313d90506fcfafc050004000f0bf8e7eb05ed0bfdfcfb
f11b050807f900050df2050105f2f014fb0ffc0004fa19f50be20107fffb0ffb
f4f90afbfafefb1015fdedfc070300060409141cf70802e102fdf3110bf9fa0d
04180cfe02f910fded0b00f20cf61804fe040ae8f915f20ffe061bf7fe0a12f4
f412fb05f20a0402f703fff804f6faf20807f611f406f2fe070efef7100604f4
f906190504090a02fa0dfe03fefcfdf10303f5f00f0af302fbf6f9e4faf6f005
0a071df5ffff050116f5f419050300ef0b0a00f109f302f32402fe03f90904f2
fd00eafeff0d01f61207ee0f0a0103f7f8fe070cea10060c01fd050c0612fce8
12e4030309ff14f4f9f9ed0a09f70706190c15ecf4fbfd05fe020f0510000a04
fb08fd1205000cfbfbf8100d17fcfdecf40013e6f3000813fcee07fdf701f90a
070903fc0f0afeff18ea0aeeff0dfff9f6e4f40a0004fdf5050611f7ed0b0109
ed1d1b02fc03f2f6030510fa0de805f4f7f2f40b0df20118fffd071002fefd01
070305faf0ffef01e80afc240b00fc0dfc07defbf91200fb00f0f6001ffc0414
0afa1311f901f5fc010201f2ddf0ed04fcf50802280914fff60405ffef02130c
05fff514f50feffcfa03050f0c02ff09fdea0402f6f0f7fc06fc0c04f80de8f7
fbef0c150cf8f92000e809fffe03f6fa06ee12f702090a02fe0cf60a12fa1903
05fe0c16fff00e020e03ec0afdf708f1f91901fd09f8faf50512f0f6e4ff09fa
0e021703fe05f602eaff050a040c10f7fdf6eaede90feefafd06ff08ec16f30d
eff500fdfd060a12f9ec04fdf8fe0cfa0df8fc0ef621f701fcf2010cf9effc0b
e7100507e9fcff011219fbe810f20e0611f115fd0300fffd09f6f0ee0bf1f407
fc0d1300efefe7edf604f3f200f80901f61112f30307f80af907f5190912f4ef
fff9f0eb09fe01fc09f7eff7fafafef713080d0b05f8fff0f60c10f404e90904
f11004ff04fdd9f90d0eff27060a0c08150efbf603f7fd0e12040c08f0ea0012
130a08e60f0c08ee0df90605f6fefa180f10f1e414fdfe03f205080ef4f9fe04
fbf4f400090a1207f30a0cf8fa00f303f4eb09f7f6fe0a0205fff9f3f0f3050e
f80205f70204f6040105f50eeef4fce5f013f616fffcfc0203f7fd10080603ea
fd0efe00060cfe0706eeef090e02eef1f5f80107080c04f207fcfeff01fcfff1
efeaf804f1ecedf70e00f7f40bfd02fd04f617f9fa0f0ff9f5f80ee8fd101ae8
ff1af20002fe0504fd09fa0def01fdfc0009edfc0709fb0404f5ff020a0100fb
0303fe101310050411130902f5160a13f4060e04020608faf0f7e910f2fc02ed
04fe08f2feecfc0301faebfe09f2fa14fef502eb06110cf8fe09f708f5f7ff07
f4fe030709f4f9f8fafb0f09f607edf8f8ffff1610fce8fcf209f80510f907f1
0ef6011bf302f3130203f8edffdf0af105030dfe0c0b0809f8fff8f70b09f401
ed13f2fafffbfe13f81406fb0b13e212faf11af9e11705e4f306e10a030d0900
0e0706fb020606fff50dfdf50101fd0105fd0d130307f5f0f8f7130108ff0b02
f9f0f7ef010007fbf3050d02151cfef7f60cfbfc060bf91508f7f3f4fbfd08fc
02f3f11103f71af6f5faf2fcfc09fc05f4f4f9050efaffffff0500fe09f412ff
0225f6fff9fd0305070114fb03f6fa000513fb0708fd0cf9fef6ea0d0004ec01
f61703071112080efaf7fdf8f2f30910fdfb01fc02ff15faf2fd11f4fdefe601
ff1707effafc14f2110efee60704feedfc03fe00fd0307f7fe05040103080e17
0d0f0ff2fcfaf9f909f51f0bff04ff1102fefe01f5e7060df30010ef0503f6f7
f505e70d0af305070302f4eff7110eff010a07f20a03f10ffbf10d06eff70107
f9ffffee1010060cf607f7eb14fdf8f80a11fde6e30300f8f602f6eff30c01ff
fa1b0bfde80101f8fcf903ec130806f2f907000f0f00fa07f906fc0c0c04fb07
fd0210f700f6080211fd090f0a05fdff04f80f09f4fefbf4f70708060007f4f2
0011f40d100e0cf301f6050ee70bf2f1f9fcff05fe06f7f7000c020c0f1108fe
0e11f10d1503f5fd05130af9fd030310fcfee401f3f20c0b0e0ceef107e50501
fa091bfa00f903f6edf7f307fdf3f6fe08f6f201eff3edf310dffe0beefe19f6
e6f8fbf802f502f0f3f511fb00010af9fc0904f3fe0afb02f703fd0b0a04de02
ff08fd12fd04f607f302f4f8fa15eff2eefc02ff0806fa0ffdf80d180203f5f3
04e5ff0304eff60116f5fbf80610070300fef2f7030204fff9fa0ff10b090601
f3fff30207fb030b06f8f5ebf7ea041b0602fc04f107f70018fcfc101117f510
0c090408fe00fb060ff2070401fd11010e00e917fd0c040e0bf9161503f2f4fb
f6f600fa08fdf413120207001f0e02fefa11090df1f7f90dff081a0801f708f5
09f6141506f9fcfe010be8f7f5fd0c04f80810fefbec090011f7ff0109fd0809
00fb0ff2f0faf80efbf1101af526ff03060a0c0df9fb0003fb07f51607f2fff0
f5fb0c0a000c0401f20601ed070814f404fa00001307060a0100f51111f807ea
1b05ef0a1f0b0e09ff131b02060108f8ecfc0ef2f607fdfffd0f120302f8edf2
f103fa03fd050506f5f10102020903f2ee071310f404ef06000d05040af70cfa
110ef40d0c1605f70afd0a0004f81101e80b0aeee70a1c07f40ffef9080dff02
e307eafa09fcfdf6f6fefbedfb05070af90602fef80bf609f7f9f900ff0e14f2
190709fff1fefd1101f709f0f2f6f1fbed04f1f604fe0002f6f206efeb000707
fbfbf40bffe7000517f6f3f9fdf3f710f708fcee0202f8fd10fc0a02f4080503
fdeaef08e6fc0ef715fe13000010faf505fe1afafdfdec04ef1909fafffee604
060ff71df00901f5f8f511fcf7fefb0303fd061e0afdff0603fff80bf8f3fced
f9f8ffeb020d1e05ff0508f712060e0a0dea0f1e0304f9fd10fdf2f3ef0a01f7
0217ff01fbfbf90aea0802eaf8ff0f040001f5ffee07f1f90ffaf6040c0109f4
080b08fc04eef20002080e13faff090514def6fb071a0cfc170e05f801eeedfb
070405f7fd11071502f50d02f0fc14fb0207df0ff905f7050af0effd1005f30b
02fe00080cfdfd091309f7f5f9ede9080404f403fafb020cf6110b0a0a0306f2
eef5fd020c020514e20bfe0207f004f1fe0303070401100afff70af81101f101
04fc0f06fbfd0b0efdfcece701060ffd10f401fc0af8f006051200fff9020f04
0e0007fefc0709f406fef902f5ebf6f80beefa11f40e08f7f30203fd080b03f0
f4f4ef0affe20016f80305eb0614fafa040ff3f2f20bf40e0006eff6efed1306
0afc110805fcf701f60406f701fe0e0d16020a01ea030804f2fcf8fef50615ec
fd0dfe0802011102ff0b02fd02f7ef0bf7f60efa021a040aeff403fd01f109f7
fef0f7eaf000e7edf2f3f311fe01f713f208fef41a01f3fdf7f1e51206100a0c
ffffeaf906f20c06f9fc0f03051803f80b05e90313f310f2170203040a0604ff
f4f415ff16ed051205ff081008fffaf4f6060c1af8ff0404f10102f30c0208fb
17f4060bfc010dfdf3f8d6ef0a05fafd000d150316fb140eff020b050611ef00
0cf40df6ff1405fdfa0208f9f7f9f30e12fcf3fffbfc0ff109f508e80f000cf7
fb09fc0dfdf7f8f609fd02f9f803f70d180121fd0e050afa13f7fa0912f60e0c
030cf804020506f70f19fe04faf8fcf70504ff0a0b0afef4f9f80302fafdfffc
f3fd00fc17020713faf8fc12001f05f404fd06eaf603fa06f0ee0bfef9f91304
05ff0a080911f3faecfaedfb08130502fe070209080c2118080907030aee0609
03f40202f208fdf30ff30ef9030bf8eaf9ed13fe0814110ff7fd12d80d090106
0a100cea04fc12f409fbfe00ff1505edf91b1905fcf712f0fee90301ef0d0beb
f9fd10f50125e9fb0efdf7fb0706f7fafaf7131617fd1413eb10f604f6f11012
0bf3fe00fe1b0914ed0efffb0d06f9f51903111cfbe802f8fdf20202e903f801
f803f50006f7fef6171a17f41018f801fef0f7fe08e6090b070508f4fe1c0317
0a0cf707fee8fb00f820090f02fc04f60400fd040cf6f713eaec0610fefd0ff6
f5f91016000f09fcf9f1ef000df8fbff080b070cecf50f0607f8fdfe0003f7fe
050b13e900040cf904fe04e2ff0ef9def606ebeef501f0f4080b0006e7040bf3
fa011511f205f6f700f2f00c08feef09fe0204fb051a0b090200f915f7050806
fa07140be5ee0ef7f713ff00f8e5f9070e0f07f6fe0cf418fb0aff15efe40e0d
14f4040700080afbf600ff000b00f909f80312f8f40aeffef3ed01f8f80a09f8
f0ed07e4f60d0df3f7ef0f090601fdfff619eff9ef07eb0b120efdedfaf7fb02
05ee09fe08f8fcf9070af506fcfffe041dfffb0a11e000edfc06e00901e800ff
0810f408eb09f6fb06050003fafa100e02f8190ce60af1ff0dfbf2eff4ff0d0d
0b0bfefa0f14fd00faf0f6020609fef4f40c01f7fc07ff0ef8fdf2f30909f3fb
f5f409090d060a040705f3020af4f301f5faf511fde7f9f807f1f4ee03fb0016
e001f2091efe010e0ffbfc0af4f0ffeff514eaf5fd0a020c0b050ff6ff1cf809
011509fefe0e05fe0508040d09e604f5fb04fc07100908041c0503fdf80d0412
0def10f60a05f8f7080a10ec01eef2fff702f70eee10f10507fc070720031120
f9f3f11af80e0214f3f5fdf6ecffff0205fdff0102f908fb07fcfaf6fbfe0f0b
fb03fe020010050212f8f60e030cf4fc0ef3f0f50f0d181a010d11e8fb0505fc
0509fd02f8ee07e90f0e12eb050e1403fcf61107fa1a0ef905eef8e60d1e1709
00e908f5ed0bff140dfdec090ffa06f4da0d00fa001b0002030dfb01ffe7f6fe
f904080100fc04ffe5f5fe02f5edf90e0016fffc12fd0cfaf5f503e9fb0b0e08
030909f8fb0b170b080309f706fdf9faeff5f7050be826080211eb110611fe12
031d05fd07f707140e0808fe06ef0305fe1602f5ff0002f4fc0ffff20906f9fe
f3fe14f502f6eef2df1d010d000fee03fc05fcf90cf4fd211eea08020108e9f7
10ffe70804eb12ecfd08080f00f903fefef9f8111bf618101001f2ef05f6ef0a
06f1fdf4fa13fae8061b0f02041201f823fe040e0e1b1507fe01e6f606eefdfa
f8f7f311f5f3f20d050bf501f2fcfafefa0cf71309121400f6fb030c08f509e3
f6060efffaf404f8fe1102edf9ee160c0700fbf219fafffe0bfaf6f211fa1002
fbf3fef70024fa13f7f70b06fbfbf9f9020fedeef4feefe506fb12f700f312f5
f804fb0502f90f0704f8e80f050402090a0900fc02e902f80cf80d0810f41212
f8fefdf502ef000cff11ef03fdef0608110919fcf101fd220afb03f007f5f7f9
02040518fbfe25e8f8fc0efb01070bfdfd1c03f7080ffbfcf4fdfafffe0bf0f6
f7f9fe1b010f0711f7f60e070506fdfdf603070105ebfaf3f8f60ffbff1cfd00
f1ea0b1316f7ecf8f901f508f00702fff71807f408f3fbfef5e900060015f309
ef051e0efc0512040009e910faf319f8050cf2f30308080003f306f802faf809
e5050402f9fa020cff0305eefdf1072402ee0910041c0d06e21300f9fb0a100e
07f4ff08f7010a13fc060000fff8f61d10f50d13edf0f7f209e6fc10fbfd09e4
ff0a080b0f0a000507ee12020e06f2f9fc07f8041113090e07f6f0f9f6f6f90c
ed04fff208f30d0c090a06f4f4f2fefbffedfffaff080806f9fcfe0a04e811fa
f811fe0305011b0ef7ff04010efffcf505f5fafcf4131207f006e0f809fc02f4
0e09ed0903f1041b0cf3040e00e9e41e0af4f40013f4fff607fbef140c091b1a
05db010ffa06f7fc0101fe0c11fbed041201e908ff0803fcf7f0f40ffb020510
09f610dc0a1701fef8f807ee0e1104030feef903040300090310f813031f000e
f104fae9f9010103f90801faf9e61507f9040e0c12f11006f8131302ffecf3f1
effe01fef7fd19f0f40bfeecf003fcf50c16faf806edf70605ea17fff4fafa02
1403f606ff0fed06f10601f5fdf2dde90c12fff8e907fb03fb00010009d10816
fcff04f1100deffa07ea001df8f914f1040506fd0e03fc01f9f616010501ebee
13fbf208f9fee2f505100307fb04040113fcf9fa0a0b1a01fef2f4e905010611
070500fc05fc11010001050608f91900f20507fef700e9faf206fcf2ebf9eb00
02ef01090de5e408f50201e8f906f8110af607f8050cee1af5f505f808061810
00f6ee12051bf9ebf32500170607000402f701fc06fcf6f908ea1df4f9fa0e03
0519f906090dfc160602090803090a03f50cf807f3fcfe0df30d0b03fefb00f8
f80d00e713f813060303ff0d110018e8080006f810fe0cfb04edeb08060001fd
02f80af80bfd00f5fbf60c0e0bf609fb0cf910f4f80eef0218f80cf605fa00f2
0c04090903f2f7fff5ec020b08f5f20af7000502fef518f6090105e8f3ff170b
0b02faf318050f00f9fefe0816f2e9140408fef8fb07f5fa0defe4f50ef210fc
08030c1200fe0705edfdf8ef11ed0d16020204fbfcfff2fc000902f30c001cff
060405fef602faef1d05fa0a00f9f4ff03f213f4020dff0ffa080805000ef907
12fd05100a0400fe0d000bed0e09fa01fb09080201e30e11effd03f007f11e11
fb0d01f7080bfd18fc0312fa0eec09fbf610ef07f3f505eeebdeeffafb0004fe
01fd070afe0508f603150015eaf616f811ff06fbf606000b14f5f3fbf3edf8ef
fb01fc06f501060bfa07fd03150305f1f7f7fdf9f2f8f70a1208fbf2fc13fcf4
fe200ef10906fc1b08030b04fcfdf7fef103071409fc02f2f80efc1603e9fe0a
0cfcf40016e7ff01f8f7fb09ef0af6ef06fc02e003091cfdfceb08f80ef31fe8
0cf512ff0afbfdfefe00f8faf314eaec030408070efafd1c0812feff06f4fef7
07fc06fde405e9f6050bee18edfefa0608130d15fbfdfa08f2fa0af609181df1
030d0cf3031a0607fc0c04fbf6fefa001af113fe0500e10613fef20a0303f400
eef7f9fffffbf6f4e6fdfafcfd1406edf10803f10ff4eb02f5fbfc18ebfb0407
0502e904fefdf70701070702f50c07f406fb011dfaf1f4f7ff00ff04fe00f814
0af6ff030408ee070cf90a04f704f60801eff80af6fdf9f0f30600030d11ed08
01080800ff04f3fef2f9f6fd051119080603f1f418180bf5000ef2fdf60d07f3
fdfffdf804160002f7000c071af20408f201ebf9fc0a00fe0414f8f0040400e3
00f2fc100b00f907ff09fbfff4f61ef80600f1090811f603180c041505f824f6
12f3ffee06fbfd030f09061403110e05fefefdf4fc06f90ef5f00000070005f4
07ff0cfb07fbf7eef70c111af3fffa0710f406fa0c15f9fefdfbf8fffa02fd05
0b0d1002fb0406ff071f0513f9070ae60b0bf507fa0b0dfae6050c05eafb0117
100804f1f70c02f5f3feeaf9fdefff04e8fb01080d00fc06ec070e06ec02ecfe
0201050008faf0f504020bf1f00d0bfcf80ef7030e00f3fdf91408f80efc04f6
00f917ecf9060b01feef10fcf6fe090802ed0900f305e0fbeffc0a0b0200fef2
fa0303fb0c11ff0b02fa0efc13fefdfd00f6f50b040100fe0802031c1f0f02f6
01fc0406020218f9010b070904f0070bfe02ff0f0fff0907fdf31011fe02f90a
f701e4f80507f90608fafe10fffff60cf902f9f00cf0f10307ff011209110cf2
0cfd0802f2fb03f5fbef0b1300ebfef011fbf9f0f30915fffe03f407f1f706fa
03fbfffdedf6fe09faf4faf21f01f1f2f1f801fb00f81101060d0c13f9050506
0dfa0cf2e8f3fbf908fcfbf60b060506faf901fa1cf208fb0b0ef5fd0bf80907
02f70aebf9010de60a00fd0ff7f1040618fcf10703e80efa0512dcfe030f1109
02e801f61900f407fc07010bf4e4f111f513ffff00f90502f7030cf8fa010405
0309000813fef8140af1f416050a01f80b05f604f6fc00ee0ff6040fee03f7fe
eafbfe0513ed06f20eef16f2fa17fb070df808f90d0901ff1403e30a01fd2206
0d071105f301ea030205fdfef20cf9070800fc04fdf50501f201f90d13f80e08
e7f5171b07eb05f801f6f71903f601f6f707f80803fbf508fc0cfdfbeffbfefc
07fb070d03f4f0060606fa04000ee4fefafa05fbfcfded01ee00df0b0b0c120c
0f1407f404fa0cf40a0402fdee0bfce91302090c00f70bf917f7fe0b0510040e
03eb0a0903fb0eeff00ffff900000802f8e0f9fee80205050a02f10a08ff07e8
f4ef0b0303fffbfc03f11cf8fbfe0aef0ef9040707f208f80901f3f7170901f5
fce6000b0502ed06fb0afcf7f1f00e160302f8fefbff06f5f306fafbf2f803f5
f807070506010a02fcf817f5f7f4e316fe0b0bfc0103f80df7f0f7f6fafbed0a
0000000000000000000000000000000000000000000000000000000000000013
000000000000000000000000000000000000000000000000000000000000001f
00000000000000000000000000000000000000000000000000000000000000b3
0000000000000000000000000000000000000000000000000000000000000019
000000000000000000000000000000000000000000000000000000000000000a
000000000000000000000000000000000000000000000000000000000000001b
00000000000000000000000000000000000000000000000000000000000000fe
00000000000000000000000000000000000000000000000000000000000000fd
0000000000000000000000000000000000000000000000000000000000000021
000000000000000000000000000000000000000000000000000000000000002a
0000000000000000000000000000000000000000000000000000000000000026
000000000000000000000000000000000000000000000000000000000000002e
00000000000000000000000000000000000000000000000000000000000000d2
00000000000000000000000000000000000000000000000000000000000000ea
00000000000000000000000000000000000000000000000000000000000000e9
00000000000000000000000000000000000000000000000000000000000000ee
000000000000000000000000000000000000000000000000000000000000005f
0000000000000000000000000000000000000000000000000000000000000015
0000000000000000000000000000000000000000000000000000000000000036
000000000000000000000000000000000000000000000000000000000000009c
00000000000000000000000000000000000000000000000000000000000000e3
00000000000000000000000000000000000000000000000000000000000000e2
00000000000000000000000000000000000000000000000000000000000000da
00000000000000000000000000000000000000000000000000000000000000f1
000000000000000000000000000000000000000000000000000000000000001f
0000000000000000000000000000000000000000000000000000000000000007
00000000000000000000000000000000000000000000000000000000000000ee
0000000000000000000000000000000000000000000000000000000000000015
00000000000000000000000000000000000000000000000000000000000000eb
000000000000000000000000000000000000000000000000000000000000002a
00000000000000000000000000000000000000000000000000000000000000ec
00000000000000000000000000000000000000000000000000000000000000ab
0000000000000000000000000000000000000000000000000000000000000019
00000000000000000000000000000000000000000000000000000000000000e3
00000000000000000000000000000000000000000000000000000000000000e5
00000000000000000000000000000000000000000000000000000000000000e5
0000000000000000000000000000000000000000000000000000000000000044
0000000000000000000000000000000000000000000000000000000000000024
00000000000000000000000000000000000000000000000000000000000000cc
00000000000000000000000000000000000000000000000000000000000000f8
00000000000000000000000000000000000000000000000000000000000000ec
000000000000000000000000000000000000000000000000000000000000000f
0000000000000000000000000000000000000000000000000000000000000034
0000000000000000000000000000000000000000000000000000000000000058
000000000000000000000000000000000000000000000000000000000000000a
00000000000000000000000000000000000000000000000000000000000000fa
00000000000000000000000000000000000000000000000000000000000000ae
00000000000000000000000000000000000000000000000000000000000000ec
00000000000000000000000000000000000000000000000000000000000000d1
0000000000000000000000000000000000000000000000000000000000000030
00000000000000000000000000000000000000000000000000000000000000c6
0000000000000000000000000000000000000000000000000000000000000009
00000000000000000000000000000000000000000000000000000000000000d7
0000000000000000000000000000000000000000000000000000000000000003
0000000000000000000000000000000000000000000000000000000000000092
00000000000000000000000000000000000000000000000000000000000000ec
000000000000000000000000000000000000000000000000000000000000000f
000000000000000000000000000000000000000000000000000000000000003b
0000000000000000000000000000000000000000000000000000000000000000
000000000000000000000000000000000000000000000000000000000000003e
00000000000000000000000000000000000000000000000000000000000000ee
0000000000000000000000000000000000000000000000000000000000000007
0000000000000000000000000000000000000000000000000000000000000001
0000000000000000000000000000000000000000000000000000000000000036
