0 142 11961
0 -4532 11939
0 -7544 12134
0 142 11953
0 -2334 11989
0 8397 12239
0 3100 12148
0 5997 11998
0 4037 12081
0 5640 11876
0 1456 11889
0 -2334 11933
0 142 12083
0 3582 12226
0 142 12402
0 4037 12432
0 -7544 12626
0 5268 12674
0 4468 12620
0 5268 12518
0 12263 12419
0 11409 12244
0 -2334 11913
0 10251 11754
0 10850 11680
0 9142 11808
0 2041 12018
0 6338 12346
0 -2334 12490
0 3100 12169
0 1456 11974
0 6338 11880
0 4468 12138
0 4037 12289
0 825 12128
0 7577 11929
0 4878 11780
0 -2334 11817
0 -2334 11821
0 2587 11752
0 9825 11874
0 5640 12152
0 5997 12059
0 4468 11990
0 6666 12064
0 4037 11802
0 -9603 11473
0 6338 11596
0 11041 11826
0 10655 11955
0 5640 12094
0 2587 12265
0 9142 12318
0 -1423 12126
0 -7544 11962
0 1456 12298
0 3582 12215
0 3100 12280
0 -3360 12683
0 825 12820
0 3582 12601
0 -3360 12267
0 142 12355
0 142 12388
0 8397 12348
0 6981 12503
0 -603 12490
0 2587 12191
0 -2334 11853
0 -25544 11940
0 825 12275
0 4468 12052
0 -7544 12113
0 5640 12682
0 8653 12651
0 6666 12333
0 2587 12031
0 142 12110
0 7859 12138
0 8653 12243
0 6981 12318
0 13327 12115
0 11409 12072
0 4037 12122
0 142 12159
0 8397 12134
0 3582 11896
0 5640 11886
0 142 11905
0 -3360 11910
0 4037 11628
0 9604 11405
0 2587 11558
0 142 11532
0 9376 11438
0 -7544 11386
0 11409 11457
0 5997 11479
0 5268 11434
0 -1423 11499
0 3582 11543
0 2041 11662
0 7859 11576
0 4878 11498
0 2587 11666
0 2587 11567
0 1456 11745
0 1456 12053
0 4037 11919
0 9142 11493
0 4468 11428
0 4037 11657
0 5268 11655
0 2587 11612
0 -1423 11774
0 10850 11524
0 142 11363
0 3100 11535
0 5268 11431
0 4468 11249
0 10455 11241
0 4468 11194
0 9376 11189
0 4468 11196
0 4037 11363
0 6666 11590
0 4468 11712
0 5640 11704
0 142 11876
0 8901 12088
0 8397 12205
0 5640 12159
0 8397 12011
0 -7544 11835
0 8901 11560
0 13037 11463
0 6666 11490
0 -603 11649
0 10850 11819
0 -603 12054
0 8132 12193
0 8397 11865
0 9825 11650
0 -1423 11592
0 -4532 11967
0 5640 12186
0 -3360 12210
0 8132 12009
0 5640 11906
0 4878 11904
0 -2334 11924
0 2587 11810
0 6981 11996
0 1456 12327
0 7284 12296
0 9376 12241
0 5997 12374
0 3582 12098
0 4878 11834
0 1456 11784
0 6666 11942
0 6981 12026
0 -7544 12168
0 8132 12269
0 825 12284
0 4037 12009
0 4468 11825
0 6981 12071
0 7577 11966
0 -25544 12023
0 142 12350
0 3582 12395
0 142 12246
0 142 11968
0 2587 12105
0 2041 12135
0 1456 12107
0 1456 12236
0 5640 12267
0 2587 11964
0 2587 11700
0 9604 11741
0 10655 12173
0 4037 12046
0 7577 12159
0 6981 12778
0 7284 12723
0 825 12399
0 2587 12185
0 6338 12290
0 11761 12340
0 1456 12443
0 1456 12512
0 7859 12331
0 10655 12312
0 -3360 12246
0 6338 12289
0 5268 12157
0 -1423 11985
0 5640 11982
0 11932 12072
0 -5900 12110
0 5997 11915
0 1456 11718
0 1456 11835
0 -603 11758
0 3100 11671
0 -12359 11609
0 4037 11641
0 -3360 11645
0 -25544 11540
0 7577 11475
0 -1423 11504
0 9376 11546
0 142 11520
0 9142 11334
0 1456 11389
0 2587 11254
0 10041 11407
0 9604 11692
0 10455 11616
0 8653 11229
0 -7544 11247
0 8397 11449
0 4468 11481
0 6338 11581
0 4037 11813
0 6981 11598
0 -1423 11348
0 -12359 11508
0 142 11394
0 -2334 11209
0 8901 11309
0 13037 11324
0 8901 11205
0 6981 11173
0 6981 11350
0 1456 11584
0 142 11636
0 6981 11593
0 3582 11711
0 10251 11886
0 8653 12062
0 10455 12083
0 13183 11927
0 11587 11637
0 4878 11402
0 5640 11318
0 5640 11349
0 11041 11371
0 6338 11503
0 5997 11768
0 3582 12016
0 -3360 11733
0 -3360 11592
0 4878 11607
0 -3360 11922
0 5268 12045
0 2041 12198
0 4037 11901
0 3582 11858
0 12099 11782
0 1456 11780
0 4878 11666
0 -4532 11896
0 5640 12239
0 5997 12289
0 6981 12300
0 7859 12275
0 5997 12063
0 1456 11815
0 142 11730
0 1456 11888
0 8132 11874
0 5997 12047
0 4468 12094
0 5640 12115
0 7284 11780
0 5997 11547
0 10850 11767
0 9825 11692
0 5997 11731
0 3100 12065
0 4468 12198
0 3582 11947
0 2587 11786
0 5268 11935
0 7577 12093
0 -1423 12117
0 8901 12294
0 9825 12384
0 -2334 12125
0 4878 11921
0 12263 11826
0 11227 12299
0 4037 12153
0 8132 12194
0 9825 12814
0 4037 12824
0 5997 12561
0 2041 12202
0 7859 12326
0 8132 12284
0 6338 12386
0 8901 12483
0 6666 12208
0 9376 12158
0 3100 12045
0 1456 12118
0 3100 11953
0 142 11858
0 4037 11881
0 2041 12010
0 -12359 12026
0 -3360 11861
0 7577 11657
0 7284 11788
0 5997 11807
0 6666 11783
0 8397 11798
0 825 11861
0 -3360 11931
0 -2334 11869
0 2587 11767
1 12888 11760
0 10041 11745
0 2041 11745
0 -5900 11566
0 9604 11606
0 2587 11389
0 5268 11591
0 9376 11973
0 7859 11751
0 4468 11372
0 -2334 11182
0 5997 11963
0 2041 11916
0 6338 11986
0 -4532 12311
0 4037 12168
0 -4532 12099
0 4878 12269
0 3100 12199
0 6338 11847
0 4037 11901
0 8653 11950
0 -12359 11824
0 5268 11728
0 11041 11846
0 6338 12017
0 5268 12048
0 -1423 12069
0 1456 12102
0 825 12254
0 4037 12497
0 8901 12498
0 4468 12328
0 -12359 12020
0 2041 11759
0 7284 11593
0 12099 11569
0 142 11544
0 5997 11488
0 -2334 11701
0 2587 11964
0 4878 11801
0 142 11657
0 4468 11687
0 4468 11930
0 4037 12034
0 7577 12240
0 4037 11958
0 2041 11819
0 2587 11745
0 2041 11703
0 -3360 11724
0 3100 12046
0 2587 12365
0 4037 12368
0 3100 12439
0 8132 12407
0 -3360 12312
0 6666 12127
0 3582 12033
0 4037 12159
0 -3360 12222
0 6666 12405
0 11409 12415
0 11041 12309
0 2041 11898
0 -7544 11615
0 1456 11856
0 8397 11798
0 5268 11845
0 5997 12211
0 4878 12238
0 -1423 11880
0 7284 11715
0 7859 11704
0 -603 11808
0 3100 11830
0 6981 12041
0 7577 12137
0 -5900 11907
0 7859 11749
0 13468 11679
0 10850 12101
0 5268 11992
0 11587 12098
0 12736 12605
0 2587 12562
0 142 12284
0 142 11973
0 825 12131
0 4468 12094
0 142 12234
0 -7544 12378
0 3582 12081
0 4037 11943
0 1456 11874
0 4878 11854
0 -2334 11613
0 -7544 11549
0 3100 11609
0 8901 11731
0 3582 11729
0 8901 11560
0 -5900 11359
0 6338 11454
0 6666 11450
0 8653 11460
0 10455 11477
0 6666 11514
0 9376 11572
0 9142 11509
0 -1423 11491
0 -603 11479
0 -3360 11555
0 5640 11544
0 -5900 11398
0 3582 11483
0 3100 11230
0 -2334 11474
0 -603 11775
0 3582 11517
0 7577 11180
0 -25544 11054
0 2587 12043
0 6338 11877
0 2041 11924
0 8397 12252
0 11761 12220
0 8653 12172
0 -12359 12332
0 -3360 12166
0 2587 11725
0 7577 11726
0 8132 11850
0 4878 11671
0 8397 11487
0 4037 11624
0 7284 11888
0 -1423 11878
0 6338 12047
0 -7544 12081
0 3582 12194
0 6338 12430
0 2587 12446
0 5268 12309
1 14268 11988
0 7284 11682
0 9376 11653
0 -4532 11737
0 -3360 11659
0 142 11452
0 3582 11778
0 -1423 12002
0 9142 11823
0 12581 11652
0 5640 11704
0 6666 11902
0 8653 11971
0 -7544 12141
0 11409 11943
0 11932 11788
0 825 11770
0 4037 11626
0 -2334 11623
0 7859 11794
0 1456 12059
0 7284 12111
0 1456 12168
0 142 12213
0 5997 12074
0 11587 11974
0 9376 11995
0 9604 12094
0 4878 12142
0 7577 12235
0 825 12334
0 9604 12275
0 10655 11801
0 3100 11552
0 -3360 11908
0 -2334 11889
0 -4532 11950
0 4037 12419
0 2041 12430
0 2041 12085
0 -25544 11883
0 4468 11944
0 3100 12028
0 2587 11980
0 13183 12121
0 4468 12303
0 11227 12157
0 5997 11932
0 3100 11803
0 8132 12209
0 10455 12172
0 6666 12197
0 142 12746
0 9604 12764
0 13743 12354
0 13327 12073
0 9825 12273
0 -5900 12367
0 -3360 12505
0 4037 12696
0 5268 12369
0 11041 12129
0 8132 12054
0 142 11792
0 4037 11606
0 9825 11528
0 7859 11626
0 5640 11753
0 2041 11697
0 4037 11478
0 2041 11232
0 1456 11338
0 -2334 11251
0 -603 11285
0 10455 11278
0 -2334 11197
0 8901 11284
0 1456 11208
0 -2334 11291
0 4878 11212
0 6666 11308
0 4468 11360
0 8397 11260
0 7284 11359
0 3582 11088
0 7859 11305
0 5997 11569
0 -5900 11311
0 8901 11041
0 7284 11093
0 6666 11747
0 12099 11710
0 4037 11719
0 4037 12120
0 1456 12109
0 1456 12086
0 4468 12308
0 -3360 12058
0 4878 11590
0 3100 11554
0 8397 11626
0 10251 11461
0 7284 11241
0 8397 11395
0 825 11612
0 4468 11699
0 5997 11849
0 3100 11907
0 2587 11925
0 6981 12078
0 9604 12128
0 -7544 12044
0 -603 11824
0 8653 11570
0 142 11560
0 9604 11801
0 -1423 11817
0 9376 11701
0 9142 11984
0 9376 12212
0 3100 12022
0 8397 11841
0 -3360 11939
0 10041 12034
0 6666 11976
0 142 12144
0 4037 11912
0 8397 11724
0 3582 11651
0 5268 11444
0 -1423 11370
0 10455 11505
0 -5900 11523
0 7284 11553
0 5268 11649
0 -3360 11660
0 6666 11554
0 2041 11504
0 -603 11531
0 4878 11628
0 8132 11641
0 4037 11810
0 7859 11900
0 5268 11686
0 1456 11203
0 4468 11128
0 2587 11622
0 2587 11636
0 11227 11790
0 8653 12269
0 10655 12339
0 8653 12022
0 825 11814
0 -5900 11970
0 8397 12060
0 13743 12048
0 825 12098
0 13878 12269
0 5640 11998
0 6666 11547
0 9604 11592
0 -12359 12019
0 11041 11986
0 5640 11964
0 12424 12513
0 8132 12521
0 7577 12056
0 -3360 11697
0 4037 11844
0 3582 11893
0 2041 12025
0 5997 12260
0 2587 12071
0 4878 11914
0 -3360 11873
0 -603 11782
0 -12359 11608
0 5640 11409
0 9376 11506
0 9142 11640
0 3100 11659
0 4878 11377
0 7859 11210
0 4878 11321
0 825 11154
0 142 11216
0 9376 11415
0 7859 11359
0 -12359 11418
0 2041 11333
0 8397 11517
0 8653 11455
0 -25544 11517
0 -12359 11552
0 -1423 11557
0 3100 11667
0 142 11439
0 3100 11628
0 825 11928
0 825 11617
0 9376 11298
0 8901 11388
0 6666 11953
0 2587 11900
0 1456 11783
0 -5900 12180
0 -1423 12238
0 825 12256
0 4037 12448
0 5997 12271
0 8132 11844
0 825 11787
0 12736 11829
0 11409 11716
0 -5900 11567
0 142 11710
0 9142 11690
0 8397 11714
0 2587 11844
0 7577 11936
0 142 11978
0 825 12111
0 4878 12139
0 6666 12001
0 4468 11762
0 142 11515
0 5640 11505
0 3100 11745
0 -1423 11736
0 3100 11693
0 5640 12025
0 4037 12252
0 3100 11934
0 5640 11893
0 -3360 12102
0 3582 12186
0 2587 12043
0 5640 12144
0 7859 11825
0 -3360 11637
0 -9603 11699
0 -1423 11493
0 7284 11386
0 9825 11499
0 12263 11474
0 6666 11449
0 142 11376
0 9142 11275
0 1456 11136
0 1456 11219
0 4037 11271
0 -1423 11397
0 2041 11361
0 2041 11470
0 1456 11722
0 7284 11443
0 3582 10901
0 7284 10793
0 2587 11233
0 7284 11363
0 5997 11482
0 9376 11836
0 7859 11937
0 3100 11608
0 11761 11361
0 13468 11644
0 9376 11791
0 4468 11736
0 2587 11721
0 5640 11862
0 4037 11555
0 5268 11058
0 -1423 11166
0 2587 11719
0 8901 11720
0 7284 11710
0 3582 12297
0 4878 12318
0 3100 11783
0 2587 11421
0 6338 11652
0 2041 11596
0 2041 11720
0 4878 11970
0 142 11828
0 4468 11746
0 142 11780
0 6981 11760
0 9825 11595
0 2041 11383
0 5997 11515
0 9604 11793
0 10455 11820
0 2587 11463
0 8901 11421
0 6666 11510
0 2587 11422
0 -5900 11521
0 4878 11805
0 4878 11657
0 -5900 11668
0 7284 11562
0 9604 11733
0 -7544 11588
0 825 11583
0 2041 11699
0 9376 11790
0 12099 11840
0 7284 11650
0 -603 11845
0 7284 12215
0 -3360 11896
0 142 11651
0 6981 11730
0 -3360 11948
0 -7544 11752
0 -7544 11603
0 6338 11910
0 -3360 11974
0 3582 11932
0 9604 12105
0 7859 11957
0 -3360 11570
0 12424 11650
0 11932 11771
0 11227 11588
0 14518 11546
0 9142 11639
0 5997 11626
0 10850 11730
0 2587 11938
0 6666 12095
0 2041 12239
0 142 12392
0 -3360 12439
0 7577 12284
0 8653 12110
0 6666 11819
0 -25544 11807
0 1456 11989
0 10455 11954
0 12888 11814
0 11041 12053
0 -1423 12166
0 3100 11891
0 -7544 11817
0 -1423 12007
0 4878 12031
0 4468 11887
0 8653 12033
0 7284 11844
0 2587 11683
0 5268 11810
0 825 11630
0 6338 11620
0 825 11752
0 3100 11764
0 5997 11808
0 3582 11750
0 4037 11721
0 5640 11693
0 -603 11818
0 3582 11898
0 -9603 11975
0 2587 11912
0 -603 11915
0 5268 12135
0 5268 11791
0 9376 11272
0 9604 11310
0 14268 11683
0 8653 11736
0 5640 11785
0 11227 12133
0 10850 12180
0 3582 11788
0 142 11554
0 8132 11747
0 10041 11797
0 11587 11673
0 12263 11538
0 10655 11779
0 5997 11510
0 2587 11025
0 10455 11216
0 6338 11781
0 4037 11721
0 9604 11725
0 5640 12429
0 -3360 12491
0 8397 11988
0 -12359 11737
0 7859 11957
0 5640 11816
0 1456 12041
0 8901 12345
0 9142 12184
0 8132 12116
0 9142 11957
0 -1423 11956
0 8132 11893
0 8901 11597
0 3582 11661
0 4468 11953
0 6666 11861
0 3100 11565
0 5640 11576
0 2587 11675
0 -7544 11548
0 -12359 11667
0 825 12024
0 -7544 11954
0 -12359 11791
0 8397 11546
0 9142 11724
0 -1423 11602
0 9142 11426
0 10655 11512
0 8901 11556
0 10455 11528
0 6666 11350
0 4037 11627
0 5268 11994
0 4037 11708
0 4878 11432
0 5997 11505
0 -1423 11858
0 3100 11750
0 6981 11554
0 3582 11952
0 2041 12022
0 11409 11994
0 142 12064
0 4878 11863
0 -7544 11475
0 142 11532
0 5640 11665
0 10850 11514
0 11932 11675
0 6981 11851
0 -1423 11747
0 -3360 11889
0 5268 12047
0 6666 12222
0 -5900 12354
0 -5900 12488
0 7859 12519
0 10455 12367
0 11932 12203
0 12581 12001
0 9142 12013
0 8132 12178
0 6666 12049
0 9604 11904
0 11409 12121
0 2587 12052
0 4037 11736
0 3582 11725
0 8397 12041
0 10850 12035
1 13607 11905
0 9376 12138
0 4878 11937
0 -5900 11801
0 -12359 11946
0 10041 11875
0 8397 11869
0 2041 11931
0 11409 12090
0 8901 12154
0 10455 12098
0 13878 11896
0 11409 11973
0 6981 12110
0 4037 12145
0 4037 12218
0 3582 12154
0 6981 12072
0 -7544 12145
0 5640 11833
0 2587 11323
0 11409 11417
0 11227 11847
0 7577 12010
0 5997 12187
0 11587 12467
0 10041 12490
0 8901 12031
0 7859 11738
0 -3360 11789
0 6666 11875
0 -12359 11933
0 1456 11790
0 12099 12054
0 9604 11801
0 5997 11327
0 -7544 11518
0 7859 12008
0 -7544 11932
0 825 11906
0 825 12551
0 1456 12575
0 -5900 11917
0 6981 11744
0 2587 11893
0 3100 11788
0 8901 12020
0 1456 12285
0 1456 11995
0 11587 11972
0 10041 11733
0 5640 11718
0 7859 11620
0 3100 11276
0 8653 11355
0 7284 11721
0 2587 11486
0 4037 11247
0 9142 11286
0 2041 11428
0 -5900 11214
0 -5900 11365
0 9142 11707
0 3100 11647
0 4037 11405
0 -5900 11264
0 -9603 11411
0 7284 11361
0 9376 11267
0 2041 11450
0 -25544 11473
0 -1423 11414
0 9376 11292
0 9142 11637
0 4468 12042
0 8397 11752
0 10041 11498
0 142 11598
0 2587 12346
0 -25544 12116
0 -2334 11925
0 4878 12382
0 2587 12488
0 -3360 12520
0 4878 12554
0 -3360 12224
0 7577 11793
0 3100 11869
0 -25544 11964
0 -3360 11695
0 3100 11872
0 3100 12023
0 142 11897
0 6338 12008
0 142 12041
0 13327 12132
0 9604 12232
0 -3360 12312
0 142 12282
0 2587 12072
0 825 11889
0 1456 11659
0 -12359 11618
0 1456 11774
0 4468 11566
0 6666 11453
0 -2334 11593
0 -7544 11471
0 2587 11293
0 6666 11303
0 6666 11714
0 1456 11695
0 10850 11613
0 -603 11867
0 -7544 11683
0 2041 11591
0 4468 11802
0 12099 11793
0 10655 11829
0 142 11875
0 8901 11997
0 12263 12047
0 12424 11971
0 12888 11799
0 8653 11914
0 7577 11986
0 -603 12043
0 4468 12128
0 8901 12064
0 9604 12010
0 7284 12086
0 3582 11816
0 4878 11361
0 2041 11498
0 2041 11913
0 10655 12084
0 8901 12329
0 11041 12658
0 4037 12672
0 5997 12211
0 3100 11983
0 142 12033
0 2041 12180
0 -2334 12354
0 12736 12217
0 10655 12562
0 -603 12406
0 -603 11924
0 8397 12191
0 9376 12578
0 7859 12424
0 5997 12387
0 7577 12878
0 8901 12858
0 8397 12100
0 11932 11989
0 142 12112
0 8397 11902
0 6338 12140
0 5640 12315
0 10455 12026
0 6666 11949
0 2041 11605
0 8901 11553
0 8132 11464
0 7284 11084
0 3100 11239
0 3582 11640
0 7859 11372
0 8901 11280
0 -2334 11414
0 3582 11488
0 -603 11208
0 3100 11388
0 -603 11733
0 2041 11786
0 8653 11565
0 8901 11425
0 -3360 11546
0 -1423 11526
0 -1423 11366
0 -1423 11567
0 1456 11546
0 6981 11438
0 5640 11453
0 -1423 11824
0 142 12159
0 7284 11760
0 12581 11540
0 7284 11651
0 -5900 12264
0 -3360 11906
0 4037 11666
0 3582 12122
0 -3360 12350
0 -7544 12393
0 3100 12463
0 6666 12156
0 7284 11686
0 11587 11800
0 -603 11967
0 4037 11559
0 9376 11714
0 11409 11859
0 11041 11735
0 1456 11820
0 -3360 11775
0 9376 11795
0 8397 12091
0 -5900 12144
0 -7544 12140
0 6666 11922
0 -4532 11605
0 4878 11283
0 7577 11263
0 4878 11507
0 5640 11311
0 8397 11250
0 10041 11480
0 10655 11274
0 -5900 11100
0 4037 10984
0 -603 11290
0 -603 11151
0 -25544 11020
0 142 11247
0 6666 11143
0 7577 10960
0 4878 11199
0 9376 11244
0 8132 11287
0 5640 11351
0 -7544 11469
0 8653 11679
0 -9603 11573
0 7577 11454
0 5640 11681
0 6338 11810
0 5640 11883
0 8397 11892
0 4468 12130
0 7859 12072
0 10655 12181
0 -5900 12033
0 8397 11597
0 825 11681
0 -4532 12036
0 7284 12265
0 -3360 12450
0 2041 12785
0 3582 12746
0 2041 12280
0 1456 12000
0 -1423 12064
0 3100 12279
0 -4532 12523
0 6338 12369
0 12424 12622
0 12736 12618
0 -3360 12130
0 7284 12351
0 11587 12685
0 7577 12520
0 4878 12471
0 2041 12892
0 9825 12812
0 8653 12065
0 6666 11903
0 -12359 12061
0 8901 11943
0 4037 12193
0 -3360 12236
0 5640 12026
0 1456 11941
0 5268 11685
0 -2334 11632
0 4037 11522
0 -1423 11237
0 6338 11584
0 8132 11992
0 3582 11734
0 5268 11694
0 -7544 11927
0 5268 11940
0 -7544 11663
0 4037 11767
0 12099 12033
0 8397 12058
0 -3360 11837
0 4468 11670
0 1456 11740
0 -3360 11683
0 3100 11504
0 8901 11718
0 3582 11723
0 7859 11361
0 -2334 11326
0 -1423 11672
0 142 11837
0 7284 11456
0 8132 11258
0 -2334 11400
0 -3360 12347
0 6338 11928
0 8653 11655
0 5997 12161
0 9604 12413
0 7284 12442
0 6338 12571
0 2587 12282
0 8397 11764
0 3582 11873
0 -1423 12021
0 6981 11509
0 -603 11690
0 8397 11916
0 13607 11754
0 7859 11822
0 -1423 11747
0 7859 11829
0 8132 12163
0 9376 12172
0 10041 12203
0 2041 11989
0 -603 11766
0 2587 11525
0 8397 11563
0 11041 11833
0 4037 11600
0 6666 11605
0 3582 11680
0 5268 11389
0 4468 11190
0 2041 11174
0 142 11541
0 7284 11437
0 6338 11187
0 2041 11394
0 7577 11230
0 10041 10991
0 4037 11243
0 9825 11231
0 4878 11253
0 6338 11313
0 11041 11413
0 9604 11563
0 8901 11348
0 6981 11321
0 1456 11505
0 1456 11666
0 2587 11658
0 10041 11740
0 5640 11943
0 4037 11823
0 4878 12022
0 11041 11908
0 6981 11491
0 12888 11565
0 9376 11780
0 -1423 11934
0 825 12044
0 4037 12393
0 142 12445
0 -12359 11934
0 -12359 11599
0 -2334 11811
0 4037 12146
0 3582 12436
0 10455 12254
0 8901 12442
0 6981 12445
0 142 12074
0 4468 12321
0 5268 12704
0 -5900 12539
0 2587 12446
0 3582 12961
0 9604 12869
0 8397 12121
0 3582 11944
0 2587 12124
0 6338 12002
0 9376 12280
0 8132 12361
0 4037 12203
0 4037 12189
0 5640 11854
0 10251 11764
0 6666 11625
0 -7544 11265
0 6981 11611
0 6981 11995
0 8397 11828
0 -12359 11757
0 4878 12047
0 1456 11980
0 -7544 11628
0 -1423 11668
0 5997 11945
0 7859 12001
0 -2334 11834
0 3582 11626
0 6338 11678
0 142 11695
0 -3360 11559
0 8132 11632
0 1456 11640
0 -3360 11239
0 -25544 11194
0 -1423 11483
0 6981 11624
0 10455 11307
0 4037 11174
0 3100 11480
0 9604 12181
0 5640 11847
0 2587 11464
0 -603 11965
0 10850 12234
0 10041 12216
0 5640 12372
0 -3360 12205
0 10455 11624
0 -7544 11830
0 4037 12043
0 11587 11560
0 4878 11732
0 9604 12029
0 9376 11922
0 5640 12014
0 -603 11900
0 825 11927
0 7284 12229
0 -1423 12277
0 825 12238
0 1456 12162
0 7577 11949
0 11041 11653
0 7859 11695
0 9376 12084
0 6666 11724
0 5640 11700
0 -3360 11851
0 6338 11561
0 1456 11326
0 5997 11408
0 9825 11792
0 11041 11793
0 142 11508
0 3100 11872
0 -7544 11681
0 -3360 11432
0 142 11689
0 -12359 11639
0 2041 11637
0 9604 11666
0 9376 11757
0 2587 11790
0 -3360 11403
0 7577 11337
0 6981 11462
0 -603 11695
0 -2334 11631
0 9142 11691
0 11587 11840
0 11409 11706
0 -5900 11968
0 8653 11920
0 -2334 11575
0 142 11705
0 6338 11913
0 8397 11951
0 -4532 12070
0 -2334 12401
0 6338 12601
0 825 12097
0 -5900 11721
0 4037 11960
0 8901 12336
0 -2334 12508
0 4037 12263
0 13743 12457
0 14761 12437
0 142 12025
0 6338 12314
0 2587 12653
0 825 12491
0 9376 12522
0 9376 13017
0 9825 12951
0 11227 12163
0 4037 11864
0 3582 12074
0 6338 11960
0 5268 12153
0 4878 12177
0 10041 12055
0 5997 12114
0 -603 11835
0 7284 11799
0 8397 11671
0 5997 11299
0 5640 11587
0 6666 11868
0 2041 11589
0 1456 11552
0 4468 11845
0 142 11896
0 4878 11601
0 -4532 11655
0 2587 11793
0 3582 11845
0 6981 11692
0 8653 11470
0 1456 11503
0 5268 11537
0 -603 11391
0 825 11567
0 9376 11630
0 6666 11309
0 6338 11321
0 9376 11610
0 3582 11700
0 -2334 11521
0 1456 11450
0 1456 11788
0 6981 11773
0 10041 11540
0 4878 11241
0 -2334 11783
0 -12359 12173
0 3582 12198
0 -5900 12287
0 7859 12159
0 9604 11601
0 10251 11907
0 12263 12174
0 10251 11734
0 4468 11921
0 -3360 12220
0 6338 12091
0 5268 12033
0 4878 11904
0 6338 11936
0 1456 12213
0 5997 12387
0 -3360 12326
0 2587 12225
0 4037 11980
0 5640 11640
0 4878 11607
0 10455 12032
0 4037 11613
0 1456 11653
0 -1423 11800
0 6666 11449
0 2587 11405
0 3582 11524
0 10041 11958
0 5997 11902
0 1456 11641
0 4037 12054
0 7284 11858
0 -603 11678
0 142 11886
0 8132 11861
0 5997 11913
0 142 11895
0 -9603 11825
0 1456 11696
0 -4532 11311
0 142 11345
0 7577 11523
0 1456 11742
0 6666 11599
0 142 11621
0 1456 11852
0 -3360 11695
0 142 11913
0 1456 11893
0 -2334 11635
0 142 11762
0 3100 12053
0 3582 12115
0 3582 12198
0 6338 12764
0 7284 12961
0 -25544 12377
0 3100 11894
0 -2334 12115
0 5997 12427
0 7284 12556
0 7859 12272
0 13468 12452
0 5640 12406
0 3582 11975
0 -3360 12217
0 1456 12449
0 2587 12313
0 5640 12343
0 -25544 12796
0 4037 12813
0 -7544 11927
0 6666 11665
0 8901 11832
0 7577 11633
0 -7544 11837
0 -3360 11856
0 9142 11756
0 6666 11852
0 2587 11625
0 5268 11646
0 -2334 11619
0 -3360 11189
0 8397 11395
0 3582 11654
0 9142 11295
0 8397 11308
0 -5900 11633
0 -603 11751
0 7577 11436
0 -12359 11464
0 3100 11602
0 -2334 11694
0 4037 11618
0 -5900 11299
0 6338 11311
0 4037 11445
0 3100 11315
0 825 11480
0 6981 11666
0 9142 11519
0 3100 11456
0 -2334 11622
0 11041 11789
0 10041 11559
0 5640 11425
0 4878 11775
0 7859 11686
0 12099 11514
0 9376 11156
0 1456 11668
0 7859 12043
0 12424 12011
0 8132 12215
0 6338 12114
0 3582 11587
0 5268 12020
0 7859 12274
0 7577 11846
0 7284 12045
0 5640 12348
0 7284 12232
0 12888 12205
0 10041 12091
0 -1423 12030
0 3100 12176
0 142 12239
0 11409 12200
0 7859 12187
0 -3360 11997
0 -603 11583
0 4037 11511
0 7859 11896
0 -2334 11464
0 7859 11568
0 4037 11735
0 1456 11328
0 -3360 11268
0 -3360 11482
0 8397 11984
0 6981 11867
0 1456 11671
0 8397 12069
0 8397 11813
0 4878 11751
0 -25544 12002
0 3582 11956
0 8901 12055
0 -1423 11976
0 -4532 11869
0 -3360 11627
0 -1423 11173
0 -1423 11380
0 5640 11574
0 2041 11780
0 -5900 11677
0 10455 11768
0 6666 12038
0 -1423 11857
0 -3360 12004
0 5268 11984
0 -7544 11772
0 2041 11979
0 -2334 12288
0 3100 12338
0 142 12353
0 6666 12976
0 4468 13186
0 -25544 12566
0 -4532 12003
0 4878 12239
0 1456 12528
0 3100 12607
0 5268 12237
0 6981 12380
0 9604 12365
0 2587 12007
0 1456 12343
0 1456 12460
0 4037 12249
0 6338 12265
0 -1423 12674
0 2587 12737
0 -1423 11926
0 4037 11655
0 5997 11911
0 10041 11695
0 -5900 11806
0 1456 11820
0 6338 11811
0 3100 11905
0 5268 11739
0 2587 11723
0 11761 11714
0 -4532 11294
0 5640 11389
0 3582 11502
0 4878 11212
0 -7544 11204
0 6666 11501
0 6981 11608
0 1456 11389
0 6666 11392
0 7284 11533
0 4878 11665
0 5997 11661
0 7859 11299
0 7577 11317
0 8901 11544
0 7577 11464
0 11227 11588
0 10455 11837
0 1456 11839
0 7859 11822
0 142 11883
0 1456 12009
0 1456 11785
0 3582 11599
0 3582 11776
0 -25544 11591
0 3100 11441
0 9825 11010
0 5997 11355
0 142 11792
0 12263 11829
0 7284 12001
0 4037 11896
0 -9603 11310
0 -5900 11672
0 -4532 11938
0 4878 11479
0 5640 11557
0 2041 11835
0 3100 11792
0 8901 11885
0 4037 11909
0 7577 11902
0 7284 12056
0 4468 12192
0 6666 12228
0 4468 12207
0 12099 12044
0 7859 11637
0 5997 11592
0 7284 12103
0 3582 11712
0 11041 11680
0 7859 11843
0 1456 11453
0 4037 11419
0 -3360 11624
0 -1423 11962
0 7577 11818
0 4468 11630
0 6338 11977
0 825 11777
0 4878 11760
0 6338 11977
0 1456 11976
0 825 12127
0 3100 12028
0 5268 11948
0 8901 11735
0 6981 11453
0 7284 11773
0 6338 11886
0 3582 11983
0 9604 11854
0 11587 11969
0 8901 12358
0 8397 12220
0 9142 12376
0 9825 12320
0 11409 12162
0 1456 12346
0 1456 12583
0 11932 12468
0 8901 12462
0 142 13090
0 7284 13341
0 6981 12673
0 7577 12075
0 9825 12223
0 6666 12437
0 6666 12500
0 14761 12146
0 4878 12253
0 3582 12114
0 -1423 11736
0 5640 12002
0 1456 12074
0 2587 11998
0 8901 12100
0 -12359 12485
0 9604 12481
0 2041 11684
0 3100 11444
0 6338 11748
0 4468 11487
0 10655 11623
0 8397 11669
0 6666 11708
0 -7544 11880
0 4468 11731
0 5268 11773
0 -7544 11825
0 -1423 11485
0 4468 11632
0 9376 11785
0 8653 11542
0 6338 11523
0 825 11852
0 4878 11872
0 4037 11543
0 -4532 11530
0 2587 11648
0 -4532 11748
0 -7544 11593
0 6981 11188
0 11227 11281
0 8901 11601
0 10251 11443
0 3582 11511
0 1456 11744
0 -12359 11757
0 4037 11754
0 142 11817
0 1456 11790
0 142 11652
0 -2334 11472
0 -3360 11899
0 8653 11520
0 -2334 11372
0 9825 10867
0 5640 11164
0 142 11432
0 6666 11316
0 5268 11572
0 3100 11356
0 4878 10849
0 5997 11114
0 3100 11324
0 8653 10846
0 1456 11067
0 6666 11314
0 825 11282
0 1456 11416
0 -5900 11570
0 5997 11675
0 2587 11810
0 6338 11946
0 9142 12038
0 7284 12116
0 -3360 12026
0 4878 11680
0 2587 11618
0 142 12049
0 2587 11634
0 1456 11530
0 8653 11654
0 6981 11253
0 4878 11290
0 825 11563
0 -3360 11880
0 -4532 11696
0 2587 11538
0 10850 11861
0 3582 11704
0 8397 11753
0 11587 12054
0 9825 12090
0 5997 12269
0 825 12234
0 142 12176
0 10655 12017
0 3100 11854
0 2587 12251
0 2587 12320
0 6338 12293
0 -1423 12064
0 -12359 12075
0 6338 12342
0 2041 12061
0 11761 12168
0 6666 12092
0 7577 11912
0 6666 12130
0 -603 12320
0 7284 12111
0 4037 11974
0 -7544 12521
0 6981 12901
0 10041 12211
0 8397 11558
0 6981 11719
0 11409 11978
0 10655 12078
0 8132 11783
0 13468 11838
0 7859 11678
0 3582 11467
0 825 11783
0 -12359 11975
0 4878 12000
0 8397 11965
0 142 12386
0 5268 12437
0 6981 11647
0 9376 11449
0 7284 11705
0 3582 11503
0 5997 11655
0 3100 11707
0 4878 11754
0 -3360 11932
0 -25544 11836
0 8653 11887
0 1456 11935
0 6338 11629
0 -1423 11765
0 9376 11941
0 -12359 11810
0 9604 11819
0 4037 12072
0 -3360 12152
0 5268 11711
0 10455 11634
0 7284 11724
0 6666 11753
0 2587 11613
0 4468 11224
0 7859 11364
0 6338 11744
0 -1423 11559
0 3100 11590
0 6981 11752
0 4468 11765
0 8397 11708
0 2041 11740
0 825 11768
0 5997 11671
0 4468 11543
0 4037 11983
0 7577 11520
0 -3360 11502
0 8901 11034
0 5640 11307
0 5640 11597
0 6981 11547
0 7284 11921
0 10041 11772
0 142 11115
0 -3360 11303
0 4037 11525
0 8901 11135
0 -1423 11417
0 10455 11554
0 9376 11364
0 5268 11402
0 4878 11467
0 6981 11526
0 -12359 11649
0 142 11749
0 5997 11766
0 -12359 11877
0 7859 11887
0 -12359 11541
0 2587 11444
0 5268 11958
0 -1423 11488
0 -9603 11363
0 -3360 11330
0 -12359 11065
0 2041 11166
0 1456 11373
0 2041 11668
0 5997 11572
0 -2334 11444
0 5640 11676
0 -7544 11432
0 -3360 11490
0 142 11622
0 142 11722
0 7859 11891
0 6666 11970
0 2587 11893
0 6338 11759
0 -1423 11595
0 3100 12030
0 9825 12111
0 10041 11885
0 5640 11622
0 5997 11664
0 8397 11819
0 9376 11642
0 2041 11708
0 9376 11647
0 4037 11521
0 -12359 11821
0 5640 11978
0 7577 11863
0 -12359 11831
0 2587 12327
0 5268 12779
0 4468 12094
0 6981 11493
0 10251 11623
0 11041 11925
0 13183 12181
0 15112 11947
0 12424 12055
0 5640 12010
0 -12359 11911
0 825 12371
0 9142 12523
0 5268 12532
0 12099 12617
0 12424 12977
0 10655 12910
0 10251 12144
0 5640 11878
0 10850 12092
0 -4532 11816
0 -9603 11965
0 5640 12016
0 -9603 12001
0 2587 12081
0 -603 11947
0 7859 11975
0 3100 11929
0 10041 11638
0 4037 11779
0 142 11923
0 11041 11785
0 9376 11842
0 6338 12161
0 8653 12283
0 2041 11892
0 4878 11827
0 -3360 12031
0 -9603 12102
0 7859 11861
0 11041 11537
0 4468 11613
0 2587 12011
0 4037 11783
0 5268 11718
0 4878 11858
0 8653 11913
0 5268 11923
0 825 12028
0 4468 12004
0 4878 11812
0 2587 11803
0 8653 12092
0 4037 12050
0 3100 11998
0 6666 11666
0 7859 11929
0 9604 12193
0 8397 12232
0 3582 12563
0 7859 12487
0 9376 11897
0 -1423 12009
0 -1423 12091
0 6981 11735
0 3100 11996
0 10850 12100
0 8653 11861
0 2041 11902
0 -7544 11943
0 2041 12023
0 9376 12149
0 -12359 12128
0 142 12077
0 7577 12053
0 1456 12009
0 7284 11594
0 4037 11391
0 3100 11906
0 8653 11465
0 -9603 11405
0 10041 11551
0 5997 11293
0 -2334 11412
0 -1423 11558
0 -3360 11813
0 2587 11686
0 142 11476
0 142 11687
0 4878 11480
0 -25544 11541
0 1456 11684
0 -12359 11779
0 -3360 11978
0 -25544 11917
0 142 11757
0 -3360 11536
0 1456 11305
0 1456 11774
0 7284 11877
0 9376 11792
0 6981 11607
0 10041 11689
0 4878 11846
0 9376 11662
0 7859 11818
0 -3360 11808
0 -7544 11748
0 825 12129
0 8653 12263
0 142 12111
0 5640 11992
0 -3360 12537
0 5268 13060
0 2041 12414
0 2587 11705
0 10041 11696
0 9604 11952
0 10455 12161
0 6981 11805
0 12099 11967
0 12424 11993
0 1456 12042
0 -7544 12607
0 142 12775
0 5268 12715
0 4037 12814
0 8653 13184
0 11041 13235
0 9825 12494
0 4468 12123
0 4878 12290
0 -1423 12114
0 5268 12295
0 4037 12339
0 142 12138
0 -1423 12224
0 11409 12147
0 9142 12129
0 8653 12086
0 7859 11755
0 4878 11784
0 7859 11961
0 2587 11811
0 -603 11789
0 825 12107
0 4468 12221
0 7284 11925
0 8901 11885
0 8397 12086
0 10041 12138
0 5997 11934
0 5997 11690
0 8653 11702
0 -9603 12039
0 8397 11713
0 -3360 11582
0 825 11712
0 7577 11738
0 10455 11712
0 3100 11832
0 5640 11811
0 6666 11586
0 6981 11514
0 9142 11726
0 9376 11948
0 3100 11868
0 11761 11710
0 9604 11937
0 7859 12149
0 8653 12181
0 4037 12455
0 2587 12474
0 142 11931
0 5268 12019
0 5997 12130
0 5640 11849
0 8397 12125
0 6981 12194
0 1456 11952
0 4468 11940
0 5640 11966
0 3100 12118
0 5640 12263
0 9825 12221
0 7859 12126
0 7859 12028
0 2587 12080
0 2041 11606
0 5268 11390
0 7284 11851
0 5997 11539
0 8397 11543
0 6338 11707
0 -5900 11408
0 5640 11499
0 6666 11539
0 1456 11727
0 6338 11583
0 -1423 11397
0 9376 11592
0 -25544 11481
0 142 11583
0 1456 11762
0 7859 11811
0 6338 12064
0 -2334 11921
0 -1423 11698
0 2041 11470
0 6666 11233
0 825 11778
0 8132 12005
0 3100 11989
0 9825 11832
0 6338 11893
0 -3360 12073
0 142 11938
0 4468 12077
0 825 11941
0 -1423 11939
0 -7544 12357
0 -7544 12391
0 12424 12280
0 9604 12188
0 -5900 12603
0 11227 13066
0 5997 12555
0 4878 11823
0 11227 11706
0 11761 11853
0 -7544 11967
0 2041 11660
0 11041 11760
0 15877 11756
0 8653 11880
0 4037 12459
0 10850 12566
0 6981 12540
0 9604 12802
0 2041 13120
0 -5900 13083
0 8653 12398
0 5268 12051
0 7284 12160
0 6666 12052
0 2587 12332
0 2041 12375
0 8901 12179
0 6981 12265
0 7284 12285
0 10041 12308
0 2587 12245
0 3582 11862
0 4037 11874
0 2041 11970
0 -3360 11729
0 4037 11645
0 -4532 12016
0 5268 12179
0 5268 11839
0 1456 11800
0 9604 11941
0 11409 11951
0 6338 11891
0 -5900 11660
0 4878 11709
0 8397 12064
0 7284 11816
0 -12359 11683
0 3100 11826
0 8653 11841
0 6981 11824
0 1456 11954
0 6981 11939
0 2041 11825
0 5640 11718
0 -12359 11872
0 -9603 11785
0 8901 11768
0 6666 11683
0 -5900 11947
0 9376 12224
0 9604 12251
0 -9603 12478
0 2041 12461
0 5640 11890
0 3100 11873
0 2041 12009
0 2041 11831
0 -3360 12060
0 9376 12181
0 12736 11934
0 6338 11883
0 -7544 11810
0 4037 12001
0 5997 12119
0 2041 12085
0 5268 12056
0 8397 11930
0 -5900 11985
0 4037 11607
0 3582 11344
0 6666 11793
0 -1423 11523
0 6338 11622
0 3100 11770
0 142 11517
0 8901 11553
0 3582 11565
0 2041 11796
0 10251 11673
0 -4532 11515
0 7859 11763
0 -1423 11466
0 -3360 11538
0 142 11686
0 -5900 11696
0 7284 11976
0 -3360 11823
0 5997 11572
0 3100 11324
0 6338 11043
0 5997 11547
0 1456 11734
0 6338 11614
0 9376 11422
0 8132 11454
0 7859 11633
0 -25544 11548
0 825 11745
0 3582 11695
0 142 11782
0 825 12134
0 6981 12146
0 4037 11984
0 2587 11930
0 7284 12409
0 8901 12899
0 4878 12427
0 9825 11659
0 11761 11598
0 -5900 11819
0 142 11953
0 9142 11626
0 11227 11643
0 12263 11702
0 5997 11820
0 6666 12327
0 4037 12294
0 8901 12147
0 6981 12370
0 -603 12628
0 5268 12606
0 -1423 11895
0 -4532 11487
0 3582 11579
0 3100 11578
0 8901 11890
0 5640 11928
0 825 11715
0 3582 11963
0 -1423 12124
0 4468 12193
0 5268 12124
0 3100 11686
0 -1423 11740
0 4878 11796
0 142 11530
0 9376 11383
0 2041 11707
0 11409 11793
0 2587 11566
0 4878 11509
0 3582 11610
0 2041 11589
0 825 11636
0 2041 11525
0 7577 11512
0 7859 11835
0 7577 11681
0 3100 11596
0 6666 11851
0 7577 11931
0 9825 12082
0 2587 12289
0 5997 12272
0 9142 12111
0 6338 11882
0 2041 11983
0 7284 11990
0 7577 12006
0 3582 12005
0 -1423 12253
0 825 12560
0 2041 12530
0 8653 12696
0 6981 12626
0 825 12065
0 10251 12027
0 2587 12192
0 10455 12031
0 7284 12260
0 9604 12350
0 8901 12174
0 9376 12083
0 8397 11941
0 6981 12114
0 5268 12180
0 4468 12113
0 -5900 12064
0 3582 11832
0 8901 11885
0 1456 11539
0 9825 11194
0 3582 11577
0 -1423 11314
1 14879 11383
0 4468 11577
0 4468 11387
0 11761 11468
0 -9603 11542
0 5640 11702
0 12888 11613
0 4878 11348
0 9142 11550
0 3582 11235
0 -5900 11287
0 9825 11491
0 11587 11518
0 10455 11841
0 -3360 11630
0 8901 11289
0 8397 11020
0 11227 10745
0 10455 11264
0 5268 11415
0 7284 11245
0 4037 10935
0 4037 10890
0 -25544 11093
0 5997 11251
0 9376 11396
0 12581 11330
0 -603 11489
0 3100 11781
0 -7544 11689
0 142 11506
0 -1423 11562
0 4468 12060
0 4468 12549
0 -3360 12121
0 7284 11362
0 142 11313
0 4037 11459
0 6338 11693
0 3100 11450
0 15558 11502
0 14640 11636
0 5997 11776
0 6981 12249
0 5997 12137
0 -4532 12011
0 -3360 12329
0 6666 12463
0 8397 12440
0 3582 11777
0 7284 11459
0 825 11472
0 1456 11413
0 11761 11683
0 9825 11676
0 -5900 11506
0 6338 11833
0 825 12012
0 9604 12074
0 -7544 12010
0 -1423 11687
0 -1423 11772
0 -7544 11904
0 6338 11578
0 6338 11437
0 -3360 11860
0 5640 11946
0 -2334 11728
0 -25544 11671
0 3582 11760
0 6338 11785
0 -2334 11962
0 1456 11792
0 10041 11782
0 7577 12147
0 5268 11964
0 4468 11856
0 11041 12113
0 6981 12115
0 1456 12214
0 -1423 12426
0 4468 12389
0 12263 12233
0 9142 12035
0 5268 12094
0 -2334 11722
0 3100 11692
0 4878 11654
0 142 11774
0 -4532 12097
0 -3360 12129
0 1456 12331
0 825 12423
0 9825 11913
0 1456 11864
0 10251 12050
0 3582 11943
0 -7544 12198
0 7577 12209
0 8132 12063
0 8901 11979
0 4037 11922
0 5997 12132
0 -7544 12272
0 -4532 12242
0 6338 12347
0 8653 12133
0 12263 12146
0 4878 11842
0 2587 11430
0 -603 11737
0 4037 11485
0 7577 11542
0 -4532 11731
0 2587 11485
0 12099 11503
0 9604 11545
0 142 11646
0 5640 11464
0 7859 11270
0 2041 11456
0 -12359 11135
0 5640 11198
0 9825 11455
0 5640 11489
0 825 11772
0 3582 11595
0 6981 11268
0 12736 11039
0 -9603 10880
0 2587 11441
0 2041 11602
0 4468 11521
0 2041 11275
0 9825 11249
0 1456 11479
0 4468 11598
0 4468 11756
0 10655 11799
0 4878 11937
0 4878 12272
0 7577 12146
0 9604 11938
0 9376 12003
0 8397 12534
0 -5900 13028
0 -5900 12468
0 8653 11681
0 4468 11591
0 6981 11693
0 11761 11901
0 -1423 11765
0 13743 11878
0 7859 12063
0 4468 12313
0 10655 12578
0 5640 12411
0 6666 12257
0 -603 12575
0 7577 12795
0 -3360 12855
0 7284 12195
0 -3360 11791
0 -1423 11848
0 7577 11809
0 1456 11958
0 2041 11944
0 -3360 11612
0 4037 11777
0 3100 11988
0 -1423 12030
0 -1423 11947
0 3582 11691
0 4878 11801
0 4037 11932
0 4878 11630
0 9825 11545
0 -3360 11952
0 6338 12144
0 4037 11966
0 -1423 11926
0 142 12000
0 -2334 12017
0 7577 12270
0 11409 12110
0 7859 12035
0 9142 12320
0 825 12074
0 6666 11978
0 -4532 12139
0 7284 12061
0 3582 12188
0 -4532 12354
0 1456 12220
0 142 12026
0 6666 11860
0 4468 11897
0 8397 11527
0 -3360 11515
0 7577 11356
0 4468 11586
0 4037 11859
0 4878 11832
0 -7544 11990
0 -25544 11983
0 -1423 11517
0 7284 11412
0 -2334 11489
0 -7544 11407
0 3582 11571
0 5640 11590
0 9825 11526
0 5640 11544
0 -3360 11545
0 8397 11731
0 5268 11912
0 825 11880
0 6981 11931
0 7859 11740
0 10251 11839
0 2041 11676
0 -5900 11323
0 -1423 11627
0 7859 11380
0 5640 11364
0 -5900 11489
0 6338 11426
0 -4532 11556
0 6981 11638
0 7577 11762
0 3582 11637
0 142 11510
0 -5900 11687
0 4878 11422
0 5640 11537
0 7577 11733
0 1456 11808
0 -3360 12163
0 1456 11988
0 6338 11627
0 5268 11386
0 11761 11252
0 142 11777
0 9604 12022
0 4037 11832
0 9604 11637
0 13607 11573
0 8901 11775
0 7859 11963
0 2041 12142
0 8397 12267
0 8397 12466
0 3100 12871
0 1456 12834
0 -3360 12644
0 7859 12796
0 5640 13365
0 4468 13866
0 5268 13277
0 10041 12484
0 3582 12336
0 -5900 12367
0 3100 12403
0 10850 12338
0 15665 12414
0 14394 12630
0 825 12876
0 4878 12989
0 4878 12789
0 8653 12603
0 7859 12890
0 6981 13107
0 -603 13143
0 -12359 12480
0 2041 12006
0 -2334 11994
0 -7544 11925
0 4037 11995
0 6981 11996
0 -7544 11674
0 142 11880
0 5997 11925
0 4878 11923
0 9604 11857
0 -1423 11445
0 3100 11580
0 6666 11652
0 5640 11416
0 142 11450
0 11227 11859
0 8901 11979
0 5997 11717
0 5268 11673
0 3100 11659
0 4037 11781
0 7284 11997
0 9376 11827
0 2587 11747
0 142 12051
0 -3360 11810
0 8397 11698
0 11041 11920
0 142 11876
0 2587 12067
0 4878 12261
0 11409 12075
0 7284 11811
0 3100 11685
0 6338 11750
0 5640 11709
0 3582 11780
0 4878 11664
0 3582 11829
0 -3360 12039
0 -603 12076
0 -2334 12109
0 -9603 11930
0 5997 11476
0 2587 11334
0 142 11363
0 142 11296
0 4037 11404
0 825 11330
0 -5900 11101
0 2587 11110
0 -603 11128
0 -12359 11162
0 8397 11202
0 7859 11126
0 10850 11136
0 2587 10888
0 8901 10958
0 8397 10747
0 1456 10589
0 5268 10897
0 4037 10674
0 9604 10706
0 8653 10870
0 4878 10802
0 7284 10947
0 1456 11141
0 3100 11237
0 2587 11102
0 -25544 11090
0 -4532 11414
0 -3360 11242
0 5268 11392
0 9142 11549
0 6338 11611
0 10455 11938
0 11932 11750
0 3582 11390
0 -603 11214
0 -1423 11182
0 8397 11736
0 6981 11956
0 8653 11812
0 8901 11577
0 10041 11422
0 5640 11647
0 -7544 11867
0 9604 11986
0 2587 12125
0 4878 12324
0 825 12712
0 -7544 12680
0 -7544 12385
0 -7544 12540
0 -1423 13263
0 3100 13798
0 -2334 13237
0 -7544 12557
0 3100 12313
0 8397 12324
0 5997 12440
0 10455 12373
0 11227 12431
0 8653 12674
0 4878 12950
0 142 13066
0 4468 12860
0 9604 12671
0 -7544 12865
0 4878 13112
0 -25544 13158
0 2587 12486
0 2041 11951
0 8397 11918
0 6666 11898
0 4878 11891
0 -12359 11859
0 4468 11543
0 7284 11702
0 -7544 11841
0 6666 11820
0 3582 11813
0 3582 11498
0 2587 11673
0 7859 11876
0 5268 11701
0 5640 11690
0 8397 12058
0 1456 12229
0 5640 11990
0 4037 11881
0 7284 11858
0 10850 11993
0 -3360 12120
0 4878 11933
0 -603 11851
0 8397 12091
0 5268 12034
0 -603 11972
0 -1423 12170
0 3582 12141
0 6666 12241
0 8132 12402
1 14140 12248
0 13468 12007
0 3100 11937
0 2587 11922
0 11227 11797
0 5640 11904
0 2587 11875
0 -1423 12046
0 8653 12261
0 1456 12240
0 8901 12137
0 3100 12113
0 2587 11748
0 2587 11625
0 13607 11528
0 8132 11468
0 8653 11623
0 4468 11408
0 7577 11167
0 3100 11206
0 -25544 11210
0 1456 11290
0 -1423 11306
0 2587 11288
0 2041 11127
0 7859 10788
0 10850 10916
0 8397 10861
0 4878 10712
0 5997 10954
0 4468 10766
0 8397 10704
0 -1423 10847
0 5640 10763
0 5640 10924
0 8132 10940
0 8901 10986
0 5997 10792
0 -3360 10813
0 -1423 10962
0 142 10797
0 142 11046
0 1456 11202
0 4468 11226
0 7859 11606
0 8901 11457
0 7859 11026
0 -3360 10872
0 6338 10916
0 -1423 11427
0 -7544 11742
0 8397 11557
0 5640 11417
0 4037 11179
0 4037 11423
0 3100 11632
0 -12359 11727
0 7284 11766
0 11227 11936
0 3100 12265
0 1456 12289
0 3100 12022
0 -4532 12129
0 825 12863
0 6666 13404
0 7859 12955
0 8653 12371
0 -3360 12183
0 3582 12216
0 12581 12283
1 17653 12218
0 16284 12248
0 13327 12521
0 5640 12798
0 5997 12903
0 7284 12733
0 2587 12515
0 10455 12734
0 8653 13080
0 5640 13141
0 12736 12601
0 11409 12114
0 10251 12173
0 -1423 12182
0 7577 12079
0 6338 12020
0 8397 11718
0 8132 11820
0 2587 11935
0 -5900 11930
0 4878 11979
0 4878 11658
0 10041 11757
0 12263 12028
0 4468 11847
0 7859 11879
0 10850 12201
0 142 12242
0 11227 11979
0 8901 11878
0 9142 11829
0 8397 11931
0 -603 12104
0 7577 11939
0 6338 11924
0 9142 12134
0 10850 12041
0 8901 11956
0 -1423 12058
0 7577 12120
0 2587 12179
0 142 12347
0 -5900 12187
0 7284 11891
0 7859 11895
0 3100 11941
0 9825 12026
0 142 12176
0 -1423 12122
0 6666 12219
0 3582 12524
0 3582 12552
0 -9603 12354
0 5640 12202
0 6666 11866
0 2587 11827
0 8653 11779
0 12263 11707
0 8132 11856
0 8901 11788
0 11227 11578
0 5268 11797
0 1456 11972
0 825 11937
0 4878 11821
0 -1423 11908
0 4878 11867
0 3100 11598
0 8901 11616
0 -9603 11481
0 1456 11307
0 10041 11544
0 4468 11314
0 1456 11200
0 4468 11341
0 -12359 11202
0 5640 11210
0 142 11254
0 3100 11268
0 2041 11034
0 9825 11047
0 4878 11150
0 4878 10968
0 -7544 11186
0 -7544 11243
0 7859 11301
0 825 11673
0 3100 11477
0 142 11017
0 7859 10877
0 9142 10913
0 7284 11300
0 -3360 11565
0 7859 11336
0 10455 11197
0 6338 10884
0 2587 11152
0 -1423 11360
0 1456 11456
0 7577 11349
0 8653 11569
0 9825 11887
0 8901 11917
0 5640 11690
0 5640 11903
0 4878 12674
0 11587 13344
0 4037 13007
0 8901 12557
0 11409 12464
0 1456 12424
0 5268 12368
0 9604 12339
0 14010 12211
0 13878 12491
0 7284 12734
0 142 12818
0 1456 12696
0 6338 12545
0 9376 12776
0 -5900 13147
0 5640 13211
0 10455 12681
1 15112 12208
0 12099 12120
0 11932 12149
0 4468 12044
0 8653 11940
0 13743 11857
0 9825 11915
0 6981 12026
0 5640 12003
0 -7544 11999
0 4037 11737
0 9825 11751
0 10041 11899
0 -2334 11692
0 3582 11692
0 6338 11963
0 6981 11929
0 6338 11699
0 10041 11559
0 9604 11559
0 13037 11641
0 6981 11846
0 9376 11769
0 2041 11752
0 5997 11998
0 142 11908
0 1456 11690
0 5268 11857
0 3582 11804
0 142 11891
0 10850 12069
0 11761 11924
0 -2334 11811
0 -5900 11922
0 142 11965
0 -7544 11851
0 8397 12003
0 -7544 11965
0 7577 12002
0 1456 12203
0 6338 12211
0 142 11929
0 6338 11908
0 4468 11789
0 8397 11769
0 5640 11661
0 5640 11714
0 5997 11907
0 825 11877
0 2041 11759
0 7577 12025
0 5268 12166
0 -603 12150
0 3100 11974
0 3100 12152
0 142 12077
0 3582 11644
0 3582 11792
0 3582 11702
0 -3360 11579
0 6981 11781
0 7577 11507
0 2587 11480
0 4037 11468
0 -5900 11478
0 11041 11483
0 4878 11523
0 5997 11541
0 5997 11453
0 -9603 11486
0 4037 11447
0 10041 11303
0 -2334 11552
0 5268 11602
0 -1423 11678
0 -4532 12012
0 9604 11819
0 3582 11359
0 4037 11305
0 6666 11336
0 1456 11601
0 5268 11843
0 4037 11681
0 10041 11476
0 7859 11119
0 8397 11317
0 9376 11508
0 2041 11571
0 5997 11454
0 4878 11586
0 10850 11852
0 5640 11904
0 -5900 11695
0 6981 12071
0 9825 12865
0 4037 13482
0 5640 13221
0 825 12800
0 5997 12608
0 -3360 12578
0 9604 12540
0 15558 12418
0 6338 12214
0 14761 12416
0 9376 12641
0 9376 12678
0 -7544 12603
0 -3360 12456
0 -3360 12710
0 -603 13180
0 5997 13240
0 1456 12610
0 6338 12089
0 3582 11934
0 6338 11807
0 11409 11744
0 7859 11576
0 6981 11463
0 -7544 11572
0 5640 11804
0 7859 11870
0 1456 11870
0 2041 11605
0 6338 11566
0 -3360 11722
0 4878 11594
0 6666 11590
0 7284 11839
0 7284 11903
0 1456 11685
0 5268 11572
0 10455 11670
0 11587 11685
0 -9603 11910
0 -7544 11907
0 10850 11934
0 11041 12201
0 8901 12122
0 5997 11840
0 -1423 11929
0 3100 11880
0 3582 12014
0 -2334 12204
0 6666 12147
0 10850 12041
0 5997 12132
0 9142 12116
0 6981 11515
0 7284 11738
0 -603 11640
0 4878 11752
0 7284 11990
0 3582 12106
0 9825 11823
0 8901 11781
0 4037 11735
0 4037 11772
0 5997 11662
0 7284 11702
0 4468 11882
0 2587 11837
0 7859 11686
0 9142 11983
0 6666 12036
0 -603 11993
0 2587 11758
0 3582 11933
0 825 11876
0 8653 11477
0 4878 11627
0 142 11479
0 3582 11430
0 4468 11557
0 -7544 11251
0 11932 11321
0 7859 11527
0 -1423 11587
0 5268 11584
0 4037 11534
0 -1423 11596
0 5640 11717
0 8397 11794
0 6981 11704
0 5997 11576
0 7577 11819
0 10655 11864
0 4878 11934
0 5640 12139
0 5640 11957
0 5997 11570
0 7859 11623
0 -1423 11599
0 7284 11787
0 4468 12027
0 6981 11909
0 4037 11821
0 4037 11421
0 142 11413
0 10041 11598
0 7284 11558
0 9142 11472
0 -3360 11575
0 5640 11835
0 4037 11813
0 -7544 11930
0 -603 12245
0 -603 12961
0 6981 13511
0 7577 13245
0 7284 12740
0 10655 12538
0 3582 12431
0 5640 12348
0 6981 12201
0 15448 12232
0 15226 12346
0 1456 12602
0 -7544 12641
0 6338 12598
0 5997 12436
0 142 12772
0 -2334 13116
0 -12359 13152
0 8901 12516
0 4878 11850
0 9376 11713
0 5640 11660
0 -1423 11502
0 825 11337
0 3100 11255
0 7859 11376
0 6981 11570
0 3582 11687
0 8132 11697
0 2587 11424
0 6981 11278
0 5268 11374
0 2041 11243
0 8901 11413
0 -3360 11646
0 5268 11707
0 142 11703
0 -12359 11672
0 2041 11839
0 5268 11856
0 -12359 12076
0 -1423 12116
0 1456 12101
0 3582 12283
0 5268 12254
0 5997 12040
0 -7544 12057
0 1456 12098
0 1456 12167
0 3100 12360
0 3100 12270
0 8653 12087
0 8901 12184
0 3582 12115
0 6981 11399
0 5640 11647
0 2041 11534
0 -7544 11662
0 142 11993
0 4878 12124
0 8132 11793
0 6338 11682
0 7284 11714
0 9376 11662
0 9142 11562
0 9825 11753
0 11587 11830
0 3582 11729
0 1456 11692
0 5268 12077
0 3100 12189
0 4468 12130
0 3582 11933
0 9142 12159
0 142 12077
0 -5900 11667
0 8397 11733
0 -1423 11597
0 4878 11546
0 8397 11627
0 5640 11408
0 3100 11415
0 4878 11644
0 -12359 11722
0 142 11653
0 3100 11563
0 3582 11668
0 6981 11826
0 142 11852
0 2587 11779
0 6981 11681
0 142 11938
0 825 11872
0 3582 11954
0 4037 12109
0 142 11821
0 -25544 11468
0 1456 11765
0 5268 11862
0 4037 12088
0 1456 12296
0 7577 12208
0 5640 12039
0 2041 11629
0 6338 11535
0 2041 11865
0 4037 11843
0 6981 11795
0 2587 11896
0 3100 12123
0 -4532 12128
0 -7544 12249
0 -7544 12632
0 4037 13386
0 -3360 13720
0 9142 13431
0 5268 12828
0 -603 12565
0 142 12404
0 142 12344
0 7577 12213
0 14140 12210
0 14761 12354
0 7577 12561
0 3100 12630
0 9142 12531
0 2587 12331
0 6666 12686
0 3100 13011
0 5997 13074
0 5268 12445
0 -2334 11607
0 5640 11385
0 5640 11355
0 -3360 11216
0 4878 11107
0 825 11074
0 10655 11122
0 4878 11350
0 10455 11598
0 6338 11582
0 1456 11330
0 1456 11174
0 3582 11301
0 6666 11180
0 4468 11306
0 2587 11614
0 9142 11687
0 4037 11723
0 8132 11746
0 3100 11867
0 11041 11914
0 6338 11951
0 7284 12015
0 8901 11955
0 5640 12086
0 1456 12082
0 142 11857
0 10251 11891
0 8397 11902
0 8397 11964
0 825 12135
0 2587 11938
0 3582 11701
0 9825 11716
0 1456 11798
0 2041 11212
0 -3360 11344
0 8397 11192
0 2041 11244
0 8901 11486
0 7284 11418
0 2587 11160
0 3100 10975
0 10455 11007
0 -603 11093
0 7577 10978
0 -5900 11177
0 1456 11300
0 6338 11246
0 4878 11342
0 9604 11862
0 6338 11997
0 9604 11946
0 -3360 11942
0 7284 12108
0 11227 12059
0 1456 11644
0 4037 11695
0 6666 11673
0 3100 11579
0 2041 11603
0 5997 11367
0 4037 11310
0 7859 11599
0 4037 11610
0 2587 11522
0 6666 11337
0 7577 11426
0 1456 11635
0 8132 11647
0 142 11568
0 7284 11520
0 8397 11770
0 -3360 11720
0 5640 11784
0 142 11881
0 -9603 11575
0 3100 11651
0 2041 11989
0 142 12111
0 9825 12287
0 2041 12459
0 3100 12490
0 142 12414
0 5268 12028
0 -5900 11917
0 142 12092
0 12581 12231
0 8901 12201
0 4037 12296
0 12424 12362
0 -1423 12336
0 5640 12385
0 4037 12722
0 -1423 13308
0 1456 13597
0 6338 13318
0 4037 12771
0 8653 12479
0 6981 12417
0 4037 12241
0 10455 12094
0 14996 12061
0 3100 12346
0 9604 12436
0 4878 12530
0 -1423 12450
0 10455 12193
0 9376 12464
0 6338 12892
0 10655 12921
0 6338 12281
0 5640 11384
0 -3360 11208
0 142 11301
0 825 11187
0 6666 10981
0 4037 10934
0 9825 11025
0 -1423 11331
0 10455 11595
0 11761 11756
0 4878 11542
0 825 11355
0 3582 11571
0 -1423 11512
0 -9603 11595
0 142 11830
0 7859 11886
0 -3360 11959
0 4037 11937
0 5268 11978
0 1456 12040
0 4037 12125
0 9604 12149
0 2587 12065
0 1456 12085
0 4037 11999
0 11041 11902
0 10850 11901
0 8653 11884
0 9825 11988
0 7577 12253
0 -25544 12086
0 3582 11931
0 8653 11843
0 5640 11902
0 3582 11489
0 5268 11604
0 6981 11399
0 -3360 11428
0 142 11777
0 6981 11594
0 4878 11311
0 -12359 11101
0 6338 11004
0 142 10960
0 7284 10810
0 8132 11005
0 5268 11098
0 -7544 10914
0 7859 11069
0 -3360 11567
0 5640 11685
0 -7544 11686
0 -7544 11683
0 2041 11896
0 -12359 11892
0 2041 11505
0 -1423 11596
0 4878 11605
0 7859 11550
0 -7544 11553
0 3582 11330
0 4878 11187
0 -2334 11440
0 5997 11519
0 -3360 11449
0 2587 11283
0 3100 11392
0 3100 11574
0 825 11558
0 825 11365
0 5640 11395
0 4878 11575
0 5268 11532
0 4468 11701
0 825 11896
0 6981 11741
0 -7544 11884
0 3582 12207
0 2587 12313
0 142 12310
0 -4532 12434
0 6338 12427
0 4878 12316
0 9376 11870
0 9825 11746
0 5997 11920
0 3582 12083
0 4468 11950
0 11041 12003
0 9142 11987
0 6338 11838
0 8132 11854
0 6981 12318
0 3100 12914
0 3582 13293
0 10850 12952
0 142 12382
0 3582 12106
0 9376 12077
0 10655 12014
0 13878 11992
1 16577 12045
1 17901 12361
0 8132 12383
0 9604 12436
0 14010 12329
0 11227 12141
0 6666 12500
0 6981 13019
0 9142 12952
0 6338 12323
0 5997 11457
0 11761 11251
0 6338 11469
0 -5900 11416
0 4468 11182
0 3100 11280
0 825 11354
0 5997 11680
0 5997 11887
0 9825 12021
0 142 11816
0 5997 11799
0 6666 12024
0 9604 11881
0 6666 12001
0 4037 12020
0 825 11987
0 4037 12028
0 -3360 11926
0 6666 11990
0 -7544 12043
0 6666 12133
0 7284 12143
0 7577 12123
0 -9603 12143
0 -3360 12115
0 4878 12028
0 2587 11962
0 4878 11900
0 10455 11973
0 7859 12324
0 2041 12192
0 3582 11990
0 2587 11981
0 4037 12205
0 -25544 11932
0 3100 12004
0 142 11820
0 8132 11826
0 142 12052
0 2041 11868
0 8653 11568
0 8901 11316
0 5640 11284
0 3100 11257
0 -1423 11003
0 -5900 11190
0 9142 11196
0 8397 10856
0 3100 11034
0 -25544 11515
0 -2334 11552
0 3582 11569
0 825 11525
0 -2334 11680
0 4037 11655
0 -5900 11315
0 -25544 11436
0 10655 11549
0 8132 11491
0 1456 11546
0 -5900 11356
0 -2334 11403
0 -1423 11590
0 9604 11705
0 10041 11639
0 142 11515
0 8901 11615
0 -1423 11827
0 4468 11776
0 1456 11629
0 142 11667
0 -603 11768
0 -4532 11720
0 2041 11842
0 -3360 11902
0 825 11779
0 5640 11927
0 7284 12282
0 142 12353
0 1456 12301
0 1456 12310
0 7577 12322
0 3100 12182
0 1456 11677
0 142 11537
0 8397 11722
0 2587 11883
0 10455 11865
0 4878 11935
0 8901 11971
0 8901 11882
0 10041 11901
0 9376 12449
0 4878 13214
0 825 13613
0 7284 13182
0 4878 12652
0 8132 12294
0 9825 12219
0 -12359 12148
0 10455 12053
0 13327 12179
0 7577 12525
0 1456 12573
0 5997 12678
0 825 12681
0 11409 12439
0 8653 12722
0 -5900 13336
0 6981 13293
0 5268 12707
0 6666 11869
0 5268 11631
0 4468 11836
0 3100 11829
0 -1423 11648
0 2587 11795
0 -5900 11929
0 2587 12141
0 -2334 12089
0 142 12249
0 8132 12005
0 -3360 11961
0 11227 12219
0 6666 12008
0 8901 12035
0 8397 12066
0 -1423 12050
0 10850 12131
0 6666 12041
0 5640 11981
0 4878 12083
0 -1423 12116
0 4037 12092
0 -3360 11976
0 9142 11947
0 11587 12003
0 -2334 11815
0 5268 11815
0 1456 11784
0 9376 11833
0 142 12350
0 8901 12367
0 4468 12161
0 6338 12078
0 5640 12304
0 10850 11847
0 6981 11878
0 8397 11685
0 8653 11704
0 10251 11955
0 8397 11826
0 142 11620
0 8397 11428
0 7284 11413
0 5997 11414
0 7577 11216
0 2041 11419
0 10041 11465
0 2587 11239
0 -25544 11458
0 2041 11895
0 5997 11875
0 6981 11794
0 5997 11692
0 6666 11803
0 7859 11634
0 -3360 11279
0 3100 11367
0 4468 11284
0 142 11310
0 2587 11313
0 -603 11260
0 6981 11393
0 -25544 11566
0 8901 11659
0 7859 11587
0 -1423 11420
0 8132 11470
0 12263 11709
0 4037 11712
0 4878 11636
0 4878 11681
0 6981 11820
0 7859 11767
0 142 11891
0 8132 11859
0 5997 11701
0 142 11916
0 10455 12245
0 2587 12350
0 142 12433
0 1456 12458
0 -7544 12572
0 -3360 12455
0 4878 12078
0 3100 11988
0 7577 12211
0 -1423 12439
0 -9603 12538
0 7859 12699
0 -3360 12703
0 -1423 12634
0 5640 12742
0 4468 13334
0 -3360 14151
0 3582 14453
0 4037 14001
0 142 13436
0 2587 13029
0 9142 12784
0 4037 12634
0 17132 12496
0 17397 12720
0 13743 13033
0 3100 13088
0 4878 13101
0 10251 13070
0 9376 12853
0 8397 13285
0 -1423 13877
0 3100 13772
0 8132 13237
0 6666 12404
0 1456 12163
0 5640 12322
0 1456 12226
0 7859 12127
0 6338 12225
0 4037 12392
0 6338 12382
0 11227 12256
0 3582 12317
0 8397 12048
0 -3360 11998
0 1456 12204
0 -5900 11954
0 -3360 12047
0 1456 12095
0 2041 12063
0 11587 12206
0 10455 12138
0 -12359 12078
0 3100 12138
0 2041 12212
0 4037 12193
0 8132 12011
0 6981 12056
0 2041 12135
0 5997 11961
0 -7544 11887
0 -4532 11793
0 6338 11778
0 7859 12307
0 7577 12321
0 4037 12073
0 10041 12042
0 3582 12227
0 4468 11723
0 6338 11759
0 142 11582
0 5997 11588
0 7859 11757
0 4878 11707
0 -7544 11517
0 142 11366
0 11409 11466
0 11761 11578
0 6666 11394
0 -603 11559
0 11761 11588
0 9376 11431
0 142 11691
0 4878 12217
0 9376 12175
0 5640 12135
0 2587 11996
0 -3360 12100
0 6666 11933
0 8397 11672
0 3100 11718
0 -3360 11551
0 7859 11573
0 4878 11418
0 -3360 11413
0 11587 11490
0 2587 11558
0 5268 11618
0 -3360 11594
0 -3360 11404
0 -603 11373
0 7577 11532
0 5997 11480
0 4037 11366
0 8397 11448
0 4037 11656
0 1456 11634
0 -1423 11774
0 8901 11733
0 8397 11666
0 1456 11943
0 4037 12247
0 7284 12437
0 2587 12463
0 3582 12360
0 5997 12493
0 142 12394
0 -9603 12141
0 4468 12080
0 -9603 12322
0 2587 12520
0 9825 12641
0 3582 12718
0 -2334 12655
0 7284 12544
0 142 12700
0 6338 13289
0 5268 14136
0 2587 14409
0 -4532 13867
0 3582 13294
0 9376 13148
0 13327 12934
0 10850 12755
0 14640 12502
0 14268 12592
0 16577 12805
0 11041 12849
0 8653 12813
0 7859 12923
0 2041 12752
0 -25544 13208
0 7284 13918
0 825 13779
0 5268 13166
0 7859 12275
0 -3360 11988
0 6981 12167
0 8132 12089
0 142 12013
0 -7544 12159
0 7859 12346
0 4468 12250
0 7284 12124
0 -3360 12180
0 5640 11972
0 825 11832
0 -1423 12027
0 5640 11887
0 6338 12019
0 4037 12044
0 6338 11939
0 6666 12027
0 -2334 11937
0 -3360 11989
0 -9603 12058
0 4878 12158
0 3582 12162
0 2041 11904
0 2041 11992
0 -1423 12072
0 -2334 11897
0 7284 11842
0 825 11902
0 8397 11894
0 -3360 12401
0 9825 12376
0 4468 12151
0 -2334 12159
0 -12359 12436
0 2041 12061
0 7859 12121
0 -2334 11948
0 2041 11950
0 4037 12074
0 -7544 11930
0 2041 11711
0 3582 11557
0 11761 11598
0 9825 11739
0 7284 11520
0 2041 11743
0 4468 11766
0 6981 11616
0 10251 11784
0 2041 12216
0 7284 12170
0 -1423 12076
0 -1423 11957
0 10850 12130
0 5997 11969
0 5997 11839
0 4037 11855
0 3582 11696
0 -2334 11688
0 4878 11505
0 2041 11449
0 3582 11570
0 4468 11636
0 6981 11787
0 825 11938
0 5997 11775
0 4878 11748
0 4037 11864
0 -12359 11791
0 9825 11618
0 11587 11704
0 4037 11893
0 4878 11837
0 3100 12069
0 5640 11964
0 8397 11866
0 6981 12206
0 -5900 12480
0 9142 12662
0 11587 12646
0 7859 12437
0 4878 12485
0 3100 12306
0 -3360 12012
0 -3360 11982
0 7859 12120
0 1456 12223
0 -603 12340
0 8132 12411
0 6338 12290
0 6666 12204
0 142 12451
0 6981 13085
0 4878 13914
0 2587 14155
0 -3360 13655
0 142 13126
0 10041 12962
0 4037 12749
0 6338 12566
0 14640 12421
0 15558 12552
1 19319 12734
0 11761 12676
0 7859 12508
0 -2334 12599
0 9825 12450
0 10455 12922
0 -2334 13515
0 825 13331
0 -603 12771
0 4878 11928
0 6981 11694
0 3582 11765
0 142 11648
0 -1423 11595
0 5997 11903
0 5997 12006
0 -603 11877
0 6666 11719
0 4468 11787
0 -7544 11673
0 9142 11507
0 3100 11593
0 2041 11423
0 -12359 11617
0 2587 11635
0 4878 11498
0 5268 11605
0 8653 11486
0 7284 11645
0 6981 11660
0 3100 11754
0 4037 11725
0 5268 11422
0 5640 11534
0 4037 11785
0 142 11716
0 6666 11675
0 4878 11832
0 8901 11839
0 8653 12342
0 10455 12416
0 9825 12195
0 5997 12192
0 2587 12531
0 -3360 12054
0 -1423 12108
0 5997 12172
0 9604 12142
0 142 12294
0 -1423 12223
0 4468 12097
0 142 11917
0 8397 11981
0 12888 12052
0 9825 11896
0 3582 12081
0 6981 12091
0 4037 11927
0 7284 12101
0 3100 12331
0 9142 12271
0 3100 12080
0 -5900 11876
0 -7544 11987
0 -603 11863
0 4878 11734
0 4037 11754
0 4037 11495
0 -25544 11508
0 142 11374
0 8653 11256
0 8132 11426
0 6981 11490
0 6338 11688
0 5640 11893
0 -1423 11744
0 4037 11740
0 825 11774
0 -7544 11763
0 3100 11546
0 5640 11560
0 4468 11713
0 6338 11602
0 -603 11842
0 9376 11712
0 5997 11638
0 3582 11993
0 5997 12339
0 2041 12537
0 10850 12566
0 8901 12381
0 142 12410
0 -25544 12319
0 9142 12123
0 9825 12034
0 1456 12066
0 4878 12145
0 6338 12203
0 8653 12303
0 6666 12176
0 4468 12159
0 7284 12482
0 -12359 13156
0 1456 13992
0 5997 14167
0 11409 13509
0 7577 12944
0 13183 12926
0 825 12837
0 14761 12757
0 15112 12642
0 16672 12839
0 15338 13106
0 2587 13001
0 -3360 12849
0 8653 12907
0 4468 12791
0 4878 13263
0 -3360 13799
0 8397 13565
0 -3360 12937
0 3582 12104
0 5640 11799
0 8132 11864
0 -7544 11625
0 4878 11522
0 -1423 11777
0 2587 11836
0 4878 11663
0 -25544 11388
0 2587 11424
0 4878 11358
0 5640 11131
0 6666 11240
0 9376 11173
0 5640 11476
0 -603 11531
0 9604 11367
0 8132 11440
0 2041 11377
0 4037 11669
0 11587 11683
0 142 11841
0 5997 11921
0 6338 11647
0 3100 11829
0 8132 12130
0 -603 11989
0 8132 11953
0 4468 12076
0 6981 12099
0 10850 12532
0 4878 12589
0 -25544 12396
0 4037 12446
0 5997 12784
0 10455 11831
0 5997 11880
0 -9603 11934
0 -1423 11873
0 5268 12097
0 2587 11963
0 -25544 11888
0 5268 11766
0 7859 11910
0 5268 11971
0 -3360 11864
0 4878 11951
0 8397 11941
0 10655 11774
0 11409 12007
0 8901 12283
0 11409 12198
0 3100 12036
0 6981 11933
0 5997 12031
0 -4532 11907
0 5640 11736
0 11041 11733
0 4878 11497
0 4468 11550
0 6666 11483
0 6338 11416
0 6666 11582
0 -1423 11615
0 3100 11789
0 5997 11949
0 6338 11770
0 142 11712
0 8397 11747
0 4878 11695
0 -7544 11373
0 -9603 11494
0 7284 11635
0 6666 11422
0 4878 11680
0 7859 11531
0 5997 11429
0 2587 11816
0 10655 12133
0 9376 12315
0 -2334 12404
0 142 12274
0 10455 12359
0 7577 12275
0 1456 12132
0 7284 12034
0 5268 12157
0 11409 12202
0 12888 12194
0 2587 12327
0 -1423 12285
0 -3360 12276
0 3582 12675
0 9142 13359
0 10655 14111
0 9142 14284
0 7577 13556
0 9142 12983
0 4037 12981
0 9376 12902
0 9604 12879
0 12424 12792
0 17653 13114
1 18603 13331
0 9376 13275
0 2587 13126
0 142 13171
0 142 13228
0 -3360 13735
0 9376 14245
0 6338 14020
0 -3360 13345
0 -3360 12525
0 142 12226
0 142 12185
0 5997 11915
0 5268 11837
0 2587 12082
0 -1423 12140
0 8397 11914
0 -25544 11453
0 -7544 11487
0 9604 11576
0 -5900 11388
0 8397 11481
0 1456 11449
0 8901 11779
0 142 11829
0 10455 11724
0 7284 11686
0 6338 11637
0 3100 11987
0 7284 11979
0 7859 12311
0 6338 12479
0 7859 12189
0 7577 12387
0 -4532 12504
0 -4532 12349
0 6338 12327
0 6666 12362
0 2587 12367
0 1456 12709
0 1456 12750
0 6981 12516
0 10455 12561
0 6666 12813
0 -25544 11588
0 6666 11619
0 -603 11667
0 5268 11536
0 7577 11568
0 -603 11486
0 -12359 11447
0 8901 11327
0 2041 11478
0 142 11579
0 5997 11495
0 4037 11514
0 2587 11418
0 -7544 11273
0 6666 11519
0 5268 11896
0 -5900 11871
0 6338 11721
0 8132 11605
0 825 11686
0 6666 11640
0 1456 11573
0 4878 11576
0 142 11423
0 5268 11407
0 -3360 11331
0 4037 11294
0 2041 11432
0 8397 11596
0 3582 11703
0 6338 11836
0 3100 11742
0 6666 11642
0 -12359 11617
0 4878 11706
0 1456 11412
0 9825 11488
0 5640 11691
0 2041 11371
0 3100 11634
0 2587 11452
0 1456 11257
0 8901 11730
0 4037 12063
0 7859 12307
0 3100 12465
0 6981 12429
0 11761 12525
0 4878 12402
0 4468 12352
0 8132 12338
0 10455 12378
0 9825 12527
0 1456 12492
0 7284 12612
0 9142 12673
0 2041 12611
0 4468 12983
0 1456 13718
0 -12359 14514
0 7859 14708
0 -5900 13912
0 4037 13336
0 4468 13259
0 3100 13127
0 -1423 13102
0 5640 12988
0 17653 13282
0 14518 13439
0 9604 13394
0 6666 13346
0 5640 13386
0 6338 13495
0 2587 13987
0 7284 14414
0 -603 14140
0 4037 13457
0 -5900 12692
0 3582 12372
0 -2334 12297
0 -1423 12145
0 142 12047
0 -1423 12326
0 -2334 12454
0 4878 12277
0 5997 11800
0 2041 11918
0 1456 12116
0 142 11927
0 -3360 11855
0 2587 11715
0 8397 12011
0 8653 12098
0 7284 11877
0 -603 11905
0 -1423 11803
0 -3360 12087
0 5268 12008
0 1456 12327
0 4037 12460
0 7284 12149
0 11041 12366
0 8132 12490
0 3582 12289
0 6338 12246
0 -603 12244
0 8653 12324
0 1456 12607
0 4468 12797
0 1456 12537
0 -12359 12518
0 4037 12657
0 5268 11534
0 2041 11542
0 2041 11587
0 5640 11539
0 142 11554
0 9376 11479
0 9825 11479
0 8653 11498
0 4468 11613
0 7284 11591
0 2041 11457
0 8397 11542
0 3582 11369
0 -2334 11168
0 4468 11445
0 8397 11776
0 -12359 11571
0 3100 11457
0 142 11345
0 -1423 11397
0 142 11241
0 3100 11135
0 9142 11267
0 8901 11163
0 5997 11168
0 6338 11141
0 8397 11158
0 7859 11178
0 3582 11358
0 142 11617
0 -4532 11789
0 -603 11647
0 -7544 11567
0 -9603 11626
0 6981 11689
0 10455 11440
0 9376 11522
0 10655 11665
0 5640 11310
0 6338 11606
0 5640 11504
0 -3360 11366
0 7577 11824
0 -5900 12180
0 10041 12451
0 6338 12691
0 7284 12655
0 5268 12760
0 2587 12690
0 9825 12640
0 4037 12636
0 -2334 12759
0 8653 12934
0 4878 12847
0 1456 12990
0 4468 12982
0 3582 12903
0 -1423 13299
0 -7544 14061
0 8901 14786
0 8901 14984
0 7859 14151
0 6338 13514
0 1456 13368
0 3582 13205
0 3582 13060
0 17221 12939
1 20528 13218
0 14394 13243
0 2587 13194
0 11409 13195
0 6338 13216
0 5640 13540
0 1456 14018
0 4878 14449
0 -1423 14168
0 9825 13450
0 10455 12584
0 -4532 12308
0 -7544 12147
0 3100 12026
0 11409 12036
0 4878 12292
0 7284 12634
0 5997 12503
0 1456 12039
0 10041 12151
0 11587 12300
0 4878 12140
0 -2334 12095
0 1456 12044
0 9376 12316
0 4878 12432
0 6666 12179
0 9825 12132
0 5640 12075
0 9604 12278
0 5640 12134
0 1456 12425
0 9142 12584
0 2587 12346
0 3100 12484
0 -1423 12623
0 6666 12399
0 -1423 12337
0 4878 12364
0 3100 12461
0 142 12757
0 3100 12961
0 142 12683
0 5997 12734
0 10251 12943
0 -3360 11890
0 2041 11916
0 6666 11980
0 -603 11848
0 1456 11795
0 -3360 11841
0 6981 11893
0 3582 11810
0 825 11837
0 10455 11825
0 8653 11598
0 -4532 11778
0 -5900 11581
0 -3360 11400
0 4037 11672
0 3100 11952
0 2041 11621
0 5997 11635
0 -1423 11517
0 4037 11600
0 -7544 11508
0 -12359 11438
0 6338 11433
0 6666 11363
0 142 11273
0 4037 11226
0 5640 11217
0 -603 11408
0 3582 11643
0 2587 11891
0 1456 12122
0 4468 12098
0 142 11910
0 6981 11994
0 5268 12094
0 9825 11966
0 6981 12029
0 8653 12267
0 6338 12016
0 12581 12194
0 9142 11959
0 13743 11705
0 4468 12031
0 -3360 12347
0 10455 12571
0 -2334 12854
0 11041 12786
0 5640 12757
0 7577 12607
0 8901 12555
0 9825 12489
0 11409 12630
0 7859 12847
0 5640 12709
0 7577 12914
0 5640 12990
0 9142 12894
0 142 13293
0 9376 14154
0 6338 14976
0 -3360 15243
0 4037 14351
0 9376 13644
0 4468 13443
0 4878 13202
0 5640 13086
0 18528 12984
1 20932 13316
0 16577 13231
0 -9603 13178
0 6981 13278
0 -12359 13229
0 -603 13570
0 5997 14010
0 9825 14400
0 9376 14145
0 8132 13452
0 -1423 12611
0 -7544 12285
0 1456 12248
0 -603 12121
0 10455 12210
0 7577 12476
0 5997 12766
0 7859 12545
0 2587 12097
0 -4532 12202
0 5640 12404
0 2041 12230
0 8132 12168
0 11761 12033
0 10455 12328
0 9376 12350
0 -25544 12139
0 7577 12110
0 6666 12123
0 142 12317
0 6666 12211
0 -7544 12407
0 -3360 12519
0 1456 12320
0 5640 12450
0 8132 12500
0 8901 12344
0 1456 12208
0 7284 12228
0 -2334 12206
0 -3360 12512
0 -2334 12671
0 6981 12508
0 9376 12492
0 -9603 12741
0 4037 11956
0 -1423 11978
0 -4532 12078
0 4037 11972
0 -1423 11860
0 -3360 11889
0 2587 11956
0 5640 11973
0 -3360 11952
0 825 11734
0 6981 11662
0 8397 11741
0 -1423 11463
0 4037 11358
0 10041 11775
0 -603 12099
0 8901 11819
0 -7544 11816
0 4037 11794
0 7859 11831
0 10455 11727
0 12263 11696
0 8397 11687
0 4878 11638
0 -1423 11412
0 -2334 11352
0 -3360 11362
0 6666 11545
0 -2334 11842
0 8901 12139
0 -1423 12401
0 -3360 12224
0 7577 12027
0 3582 12080
0 1456 12173
0 4878 12077
0 -9603 12099
0 4878 12315
0 3582 12178
0 9142 12354
0 11761 12080
0 10041 11842
0 7284 12040
0 3582 12243
0 -7544 12503
0 2587 12765
0 11587 12740
0 10041 12646
0 4468 12422
0 6338 12284
0 9376 12210
0 12099 12334
0 10455 12614
0 14518 12473
0 17132 12687
0 12263 12724
0 142 12636
0 11587 13237
0 10850 14255
0 3582 15166
0 11227 15507
0 12888 14552
0 8397 13903
0 11761 13705
0 8653 13450
0 11409 13382
0 20227 13338
0 18603 13606
0 15338 13571
0 14268 13496
0 9604 13543
0 5640 13398
0 -1423 13642
0 -603 14116
0 8901 14469
0 11041 14259
0 6666 13475
0 7577 12630
0 10850 12242
0 7577 12191
0 4468 12180
0 -3360 12295
0 -3360 12613
0 4468 12830
0 7859 12632
0 825 12218
0 6338 12143
0 -1423 12347
0 7859 12184
0 13183 12091
0 2587 11919
0 5997 12168
0 142 12182
0 10251 11934
0 5268 11836
0 1456 11870
0 7577 12101
0 2587 11899
0 -1423 12109
0 6666 12217
0 -603 11966
0 2041 12030
0 7284 12105
0 9376 12155
0 4468 12085
0 142 12041
0 9376 12071
0 9376 12319
0 2041 12421
0 8653 12175
0 13183 12178
0 8132 12408
0 10251 11768
0 5268 11677
0 5640 11900
0 4878 11857
0 2041 11728
0 142 11688
0 2587 11810
0 7284 11749
0 -9603 11717
0 2041 11510
0 6666 11456
0 -603 11541
0 -7544 11482
0 5268 11443
0 4468 11922
0 8901 12177
0 7859 11922
0 8397 11883
0 6666 12002
0 3100 12002
0 9376 12010
0 12099 11981
1 14140 12009
0 11409 11902
0 4468 11700
0 3582 11448
0 8901 11423
0 8653 11585
0 -7544 11793
0 6981 12142
0 142 12347
0 -3360 12044
0 -2334 11840
0 5640 11829
0 8132 12031
0 2041 11925
0 6338 11897
0 2587 11952
0 10850 11865
0 9825 12110
0 -4532 11850
0 5268 11698
0 9142 11971
0 -3360 12206
0 7577 12507
0 11409 12822
0 5268 12756
0 8901 12638
0 -3360 12472
0 1456 12359
0 10251 12389
0 12736 12520
0 2041 12785
0 825 12626
0 -25544 12837
0 3100 12875
0 9825 12752
0 14140 13366
0 10041 14387
0 8653 15353
0 5640 15732
0 5268 14749
0 -7544 14087
0 -5900 13909
0 1456 13665
0 12099 13483
0 20819 13515
0 19655 13823
0 19455 13731
0 10455 13662
0 4468 13716
0 10850 13593
0 1456 13797
0 4468 14256
0 -1423 14584
0 4878 14294
0 8397 13500
0 2587 12532
0 4037 12120
0 142 12014
0 9142 12033
0 2041 12217
0 9604 12662
0 4037 12880
0 6981 12669
0 2041 12242
0 5640 12180
0 142 12369
0 2587 12301
0 10041 12194
0 2041 12051
0 7577 12355
0 4037 12417
0 10455 12176
0 8397 12173
0 -3360 12177
0 -7544 12489
0 8132 12287
0 -2334 12464
0 10850 12480
0 4037 12224
0 6338 12284
0 -7544 12293
0 3582 12417
0 8132 12439
0 -1423 12237
0 5640 12235
0 5268 12426
0 2587 12524
0 3582 12295
0 8132 12334
0 6338 12524
0 10850 11723
0 5997 11700
0 -4532 11970
0 2587 11958
0 -12359 11716
0 7859 11648
0 6981 11831
0 4878 11846
0 9376 11765
0 2041 11569
0 2587 11456
0 8397 11580
0 1456 11513
0 8397 11552
0 3582 12034
0 7859 12305
0 7577 12049
0 3100 11952
0 5268 12030
0 11227 11974
0 7859 11985
0 142 11973
0 4037 11952
0 -4532 11903
0 6338 11711
0 3582 11473
0 2587 11375
0 11041 11536
0 4878 11678
0 4878 12045
0 -2334 12346
0 2587 12196
0 -1423 11963
0 -7544 11910
0 4878 12187
0 4037 12072
0 6338 12033
0 11761 12105
0 11227 12062
0 11587 12338
0 6666 12064
0 -2334 11933
0 142 12105
0 6338 12296
0 10655 12633
0 5640 12951
0 6981 12860
0 8397 12683
0 6666 12443
0 4468 12394
0 10455 12458
0 4468 12622
0 10455 12817
0 8132 12642
0 1456 12882
0 7577 13044
0 9376 12922
0 6981 13577
0 7859 14540
0 5268 15599
0 3582 15993
0 1456 15028
0 6981 14384
0 12736 14185
0 6981 13801
0 15226 13810
0 21209 13882
0 20409 14263
0 19850 14141
0 9142 14014
0 4878 13984
0 6338 13845
0 2587 14007
0 -3360 14538
0 9604 14864
0 12888 14573
0 9376 13730
0 4878 12765
0 -25544 12358
0 3100 12105
0 6666 12122
0 6666 12378
0 -1423 12686
0 6338 12904
0 6666 12658
0 2587 12149
0 8653 12050
0 -12359 12316
0 4037 12424
0 -3360 12335
0 1456 12151
0 8901 12444
0 3582 12620
0 -5900 12371
0 142 12389
0 -5900 12395
0 4037 12688
0 9376 12434
0 6666 12606
0 5640 12690
0 10455 12433
0 7859 12373
0 3582 12506
0 8132 12619
0 8901 12581
0 -12359 12365
0 142 12341
0 2041 12533
0 8901 12604
0 2041 12413
0 7284 12407
0 13878 12532
0 8397 11577
0 1456 11590
0 3582 11868
0 142 11962
0 6666 11686
0 2041 11629
0 8901 11819
0 6666 11881
0 6666 11829
0 12736 11716
0 9604 11635
0 3100 11676
0 9142 11704
0 10455 11885
0 6981 12298
0 8132 12554
0 5268 12249
0 -1423 12209
0 3582 12308
0 6981 12276
0 -2334 12127
0 4878 12073
0 9142 12036
0 -1423 11983
0 6666 11770
0 1456 11514
0 1456 11406
0 5997 11637
0 11761 11855
0 142 12163
0 5640 12459
0 142 12311
0 7859 12113
0 8397 12055
0 -25544 12300
0 5640 12298
0 3582 12237
0 142 12336
0 5997 12388
0 10455 12668
0 10850 12324
0 3100 12187
0 -1423 12359
0 4878 12439
0 8397 12822
0 -4532 13040
0 6981 12941
0 13743 12803
0 4468 12504
0 8901 12432
0 5997 12444
0 10655 12495
0 9142 12707
0 10850 12623
0 4878 12953
0 9376 13205
0 5268 13163
0 -1423 13797
0 5640 14792
0 -1423 15861
0 9142 16243
0 -5900 15199
0 9604 14618
0 11409 14517
0 10455 14125
0 13183 14146
0 17042 14227
0 19455 14564
0 19455 14453
0 12099 14236
0 10455 14111
0 16184 13877
0 4468 14038
0 5268 14586
0 5268 14895
0 9142 14620
0 10041 13756
0 11761 12799
0 4468 12428
0 10655 12106
0 11227 12047
0 3100 12297
0 3582 12558
0 -25544 12830
0 8397 12457
0 6981 11948
0 -12359 11833
0 -5900 12098
0 2587 12190
0 -4532 12108
0 3100 11815
0 5268 12105
0 -9603 12386
0 -7544 12149
0 6338 12167
0 6338 12263
0 7284 12485
0 -3360 12195
0 6338 12348
0 10251 12422
0 1456 12099
0 11409 12076
0 -3360 12188
0 5268 12364
0 6981 12447
0 6981 12279
0 12581 12254
0 10850 12479
0 8132 12571
0 10850 12388
0 14761 12316
0 7284 12355
0 1456 11405
0 -1423 11412
0 12888 11607
0 5997 11741
0 3100 11530
0 2587 11455
0 4468 11686
0 7859 11836
0 8653 11834
0 2041 11702
0 -1423 11568
0 1456 11670
0 8653 11832
0 825 12009
0 -1423 12328
0 6666 12611
0 5640 12469
0 2587 12441
0 6338 12568
0 8397 12569
0 4878 12433
0 3582 12298
0 12736 12239
0 5640 12282
0 -5900 12103
0 9604 11811
0 3582 11748
0 3100 11897
0 -3360 11995
0 825 12301
0 -3360 12649
0 142 12488
0 6981 12231
0 8132 12065
0 11041 12294
0 4037 12266
0 1456 12196
0 9604 12180
0 5268 12234
0 5640 12586
0 11227 12436
0 5640 12316
0 825 12536
0 4037 12619
0 11587 13081
0 2587 13550
0 -3360 13498
0 7577 13385
0 9604 13144
0 14140 13099
0 12888 13200
0 5997 13286
0 13183 13494
0 8901 13333
0 4037 13648
0 6338 13811
0 -3360 13672
0 8901 14102
0 3582 15028
0 6981 15980
0 3100 16297
0 6338 15223
0 7284 14546
0 11932 14485
0 9825 14058
0 17042 14079
0 15226 14318
0 21370 14584
0 22326 14488
0 -1423 14210
0 11761 14105
0 6338 13925
0 7577 14217
0 10455 14806
0 6338 15110
0 6981 14824
0 12424 13934
0 12099 13055
0 7859 12656
0 2041 12307
0 7859 12186
0 7577 12473
0 8653 12719
0 1456 12948
0 -3360 12564
0 10455 12012
0 6981 11930
0 -3360 12273
0 8901 12406
0 -7544 12290
0 10850 12009
0 7577 12331
0 6666 12587
0 4878 12381
0 7284 12260
0 4037 12428
0 11227 12687
0 5997 12416
0 5268 12549
0 10251 12587
0 4468 12246
0 6666 12302
0 10455 12406
0 11227 12634
0 6981 12572
0 -7544 12475
0 10041 12560
0 8397 12737
0 2041 12806
0 13468 12630
0 8653 12585
0 7284 12633
0 -25544 11676
0 8397 11680
0 2041 11896
0 5997 12046
0 7859 11818
0 2587 11747
0 -7544 11918
0 -1423 11977
0 1456 11991
0 5997 11944
0 10655 11625
0 8397 11673
0 5268 11785
0 10655 11941
0 -7544 12278
0 7577 12518
0 4468 12355
0 -3360 12380
0 7859 12506
0 -7544 12516
0 9376 12426
0 7859 12322
0 142 12286
0 9604 12374
0 9604 12152
0 -3360 11873
0 3100 11757
0 5640 11956
0 2041 12116
0 8397 12383
0 11227 12723
0 8397 12595
0 -7544 12294
0 -7544 12184
0 -603 12434
0 -4532 12309
0 -7544 12284
0 -12359 12333
0 12263 12483
0 12099 12975
0 -3360 12942
0 -1423 12829
0 5640 13032
0 -12359 13196
0 8901 13677
0 8397 14109
0 4878 14098
0 10251 14113
0 9142 14001
0 2587 14054
0 7284 14243
0 6666 14259
0 12888 14438
0 12888 14407
0 12099 14728
0 13327 14964
0 -7544 14780
0 1456 15089
0 8653 15905
0 142 16783
0 11041 16966
0 -9603 15910
0 4468 15262
0 11227 15166
0 142 14789
0 8901 14794
0 16577 14921
0 22698 15145
0 21099 15007
0 9142 14680
0 9604 14638
0 5640 14480
0 10850 14762
0 6338 15293
0 3582 15574
0 8397 15331
0 2041 14422
0 5268 13618
0 6981 13238
0 8132 12804
0 11227 12727
0 2587 12965
0 4037 13241
0 4878 13434
0 8132 13059
0 2587 12422
0 3100 12364
0 7577 12707
0 5640 12857
0 2587 12752
0 11227 12525
0 6666 12855
0 4468 13097
0 7859 12828
0 14010 12510
0 10041 12653
0 8901 12882
0 -4532 12592
0 4878 12760
0 4468 12701
0 10455 12378
0 6338 12372
0 9376 12402
0 8653 12589
0 11587 12493
0 2587 12416
0 9825 12460
0 12888 12627
0 10251 12775
0 10655 12721
0 6666 12741
0 6981 12874
0 6981 11910
0 8132 11970
0 -7544 12126
0 10251 12314
0 6981 12174
0 -9603 12121
0 5268 12086
0 3582 12062
0 9376 12120
0 12424 11919
0 9825 11639
0 8901 11693
0 3582 11858
0 9376 12072
0 12099 12330
0 10850 12453
0 8653 12282
0 4468 12372
0 6338 12519
0 3100 12639
0 5997 12558
0 825 12406
0 -3360 12325
0 4878 12417
0 -603 12266
0 4878 12047
0 -1423 11952
0 7859 12278
0 13327 12521
0 6666 12802
0 2587 13281
0 8901 13244
0 1456 13014
0 10041 13044
0 3100 13359
0 -9603 13339
0 4037 13348
0 4037 13367
0 11409 13637
0 11227 14160
0 4878 14157
0 825 14042
0 8901 14178
0 12099 14303
0 9376 14747
0 11041 15263
0 7859 15192
0 14010 15127
0 7284 15016
0 5997 15055
0 3100 15288
0 12099 15283
0 11761 15443
0 13037 15422
0 6666 15766
0 13327 15993
0 11409 15831
0 12581 16140
0 7859 16973
0 11409 17774
0 11041 17975
0 9825 16914
0 13183 16239
0 -9603 16061
0 3582 15794
0 7859 15691
0 20288 15877
0 25544 16174
0 22468 15986
0 8901 15659
0 11587 15597
0 -5900 15389
0 10655 15665
0 4878 16170
0 5640 16388
0 10455 16183
0 825 15378
0 11761 14547
0 15226 14222
0 10251 13683
0 7284 13529
0 -7544 13790
0 5640 14027
0 12263 14164
0 9604 13749
0 7284 13166
0 10041 13088
0 7577 13234
0 8901 13291
0 5997 13130
0 825 12804
0 14879 13111
0 10041 13296
0 1456 13024
0 2041 12644
0 12263 12859
0 10041 13089
0 5640 12771
0 9376 12820
0 12424 12740
0 5997 12480
0 4037 12466
0 2041 12490
0 5640 12658
0 11761 12632
0 10251 12580
0 8653 12695
0 8901 12826
0 10850 12979
0 6338 12879
0 1456 12885
0 8901 13020
0 5640 11792
0 8397 11952
0 -1423 12144
0 9376 12271
0 6338 12193
0 5268 12172
0 2587 12202
0 3100 12133
0 -7544 12311
0 4037 12127
0 2587 11947
0 7577 11953
0 10655 12183
0 10850 12365
0 4468 12524
0 6666 12732
0 7284 12688
0 8653 12734
0 -25544 12846
0 8653 12935
0 2041 12896
0 6666 12760
0 6981 12768
0 7284 12908
0 -9603 12895
0 11227 12648
0 9142 12601
0 6338 12880
0 8132 13081
0 825 13329
0 4037 13779
0 8397 13823
0 4037 13656
0 7859 13862
0 9376 14309
0 2587 14448
0 9604 14406
0 10041 14388
0 6666 14639
0 12263 15169
0 -12359 15174
0 4037 15002
0 9825 15027
0 3100 15193
0 5640 15639
0 6981 16182
0 11761 16073
0 9376 15948
0 2041 15874
0 4878 15969
0 4878 16156
0 14996 16161
0 17736 16230
0 13468 16183
0 10850 16543
0 12424 16801
0 6338 16650
0 5640 16923
0 5997 17702
0 14394 18455
0 8901 18574
0 2041 17532
0 11409 16790
0 13878 16686
0 14879 16431
0 13037 16334
0 25015 16498
0 25448 16780
0 20469 16562
0 9142 16225
0 -7544 16238
0 12736 16141
0 4878 16380
0 4878 16837
0 6666 17044
0 11587 16874
0 9825 16043
0 11409 15257
0 11761 14935
0 8397 14459
0 9142 14296
0 4037 14570
0 142 14802
0 5640 14950
0 12424 14486
0 10655 13875
0 5268 13742
0 2587 13810
0 4878 13753
0 13468 13612
0 13743 13325
0 1456 13564
0 3100 13720
0 12888 13486
0 8132 13079
0 5640 13306
0 12888 13596
0 5268 13351
0 6666 13285
0 142 13202
0 1456 12908
0 7859 12950
0 8901 12953
0 7284 13168
0 9142 13271
0 -1423 13273
0 3582 13373
0 4468 13537
0 4037 13575
0 3100 13356
0 -3360 13251
0 9825 13337
0 8132 12051
0 -25544 12261
0 1456 12414
0 8397 12537
0 3582 12592
0 3100 12541
0 1456 12432
0 1456 12299
0 9604 12492
0 9604 12364
0 7859 12213
0 3100 12207
0 5997 12442
0 1456 12669
0 825 12788
0 -5900 13002
0 5268 13081
0 1456 13122
0 4468 13254
0 -25544 13419
0 3100 13398
0 9376 13292
0 6338 13125
0 8397 13246
0 5640 13171
0 6666 12872
0 5640 12784
0 4037 13007
0 6666 13180
0 142 13275
0 6981 13608
0 4878 13626
0 3100 13503
0 11587 13574
0 2587 13919
0 5997 14150
0 -3360 14025
0 3100 14032
0 5640 14318
0 5640 14973
0 2041 14966
0 1456 14809
0 8901 14805
0 8397 14922
0 2587 15451
0 6666 16049
0 8901 15957
0 10655 15932
0 142 15786
0 10455 15930
0 3100 16261
0 -603 16259
0 14394 16269
0 13607 16311
0 15448 16572
0 10850 16888
0 5268 16702
0 3100 16926
0 4037 17619
0 14518 18358
0 10041 18538
0 10850 17757
0 12888 17045
0 13183 16970
0 8901 16691
0 15772 16594
0 25544 16650
0 25544 16883
0 18678 16598
0 6338 16288
0 13327 16396
0 5997 16367
0 142 16577
0 1456 16892
0 3582 17040
0 8132 16818
0 10850 16068
0 10655 15319
0 10850 14932
0 3100 14489
0 6338 14395
0 3582 14657
0 9604 14844
0 6338 14970
0 8397 14501
0 9376 14119
0 8901 14008
0 3582 14009
0 12581 13969
0 9825 13776
0 10455 13621
0 12424 13941
0 6666 14158
0 2041 13898
0 -25544 13475
0 8653 13681
0 10041 13946
0 2041 13670
0 3582 13591
0 10251 13546
0 11409 13286
0 1456 13296
0 8901 13076
0 5268 13313
0 5640 13423
0 6981 13407
0 7284 13430
0 6666 13539
0 4878 13515
0 4037 13323
0 2041 13212
0 7284 13362
0 142 11879
0 4878 12204
0 -5900 12387
0 -9603 12470
0 5268 12454
0 6338 12441
0 142 12298
0 825 12178
0 6666 12371
0 -7544 12323
0 10655 12182
0 6981 12246
0 1456 12462
0 -7544 12691
0 4878 12730
0 4037 12814
0 5640 12981
0 2587 12972
0 825 13036
0 1456 13168
0 5268 13175
0 4878 13063
0 12263 12854
0 7859 13027
0 7577 12928
0 1456 12661
0 6981 12419
0 1456 12575
0 9376 12788
0 9376 12749
0 5640 13151
0 8901 13041
0 8901 12859
0 -7544 12888
0 -7544 13194
0 2587 13390
0 -603 13394
0 6666 13400
0 -3360 13805
0 -7544 14502
0 5268 14586
0 142 14491
0 4468 14515
0 7577 14651
0 -5900 15183
0 2041 15729
0 8132 15655
0 3100 15648
0 10455 15785
0 8901 16058
0 7577 16459
0 13743 16474
0 8397 16457
0 3100 16419
0 4878 16622
0 11409 16894
0 12263 16725
0 11761 16901
0 14394 17550
0 11587 18282
0 825 18499
0 -3360 17745
0 3100 17080
0 16184 17030
0 14268 16758
0 16577 16619
0 25544 16630
0 25544 16790
0 25350 16466
0 13468 16157
0 9376 16240
0 9825 16229
0 5997 16275
0 10655 16501
0 8653 16690
0 10655 16452
0 13037 15659
0 4878 14941
0 2041 14644
0 9825 14261
0 3582 14215
0 3582 14356
0 11932 14510
0 -2334 14462
0 8901 13978
0 8397 13771
0 5997 13717
0 8653 13677
0 9825 13629
0 15665 13457
0 11932 13318
0 6981 13565
0 10850 13813
0 13183 13595
0 8397 13201
0 6338 13335
0 12099 13611
0 4878 13421
0 10655 13336
0 8132 13256
0 12736 13217
0 6666 13189
0 7859 12986
0 7859 13176
0 6666 13283
0 4037 13278
0 1456 13301
0 -3360 13439
0 3582 13451
0 5268 13301
0 2041 13155
0 5640 13377
0 8653 11734
0 13183 12109
0 4878 12270
0 4037 12386
0 4468 12458
0 6338 12557
0 -1423 12495
0 -4532 12412
0 9376 12621
0 2041 12536
0 7284 12400
0 1456 12429
0 4878 12646
0 8397 12810
0 -2334 12797
0 8397 12900
0 9376 13124
0 8132 13088
0 -7544 13054
0 5640 13131
0 8653 13140
0 8653 12947
0 7859 12799
0 10041 12947
0 8132 12872
0 -4532 12585
0 8653 12403
0 6338 12617
0 4878 12651
0 4878 12612
0 -7544 12956
0 5997 12847
0 8397 12777
0 6666 12804
0 8132 13066
0 825 13314
0 6981 13304
0 10850 13247
0 11587 13757
0 7284 14238
0 8397 14282
0 7859 14412
0 6666 14371
0 9604 14514
0 10850 15064
0 10251 15630
0 8132 15659
0 5640 15658
0 -4532 15781
0 4878 16043
0 2041 16458
0 -7544 16417
0 2587 16380
0 7577 16394
0 7859 16668
0 8397 16921
0 9376 16921
0 14010 17124
0 12263 17698
0 13468 18431
0 12099 18657
0 8397 17944
0 11587 17324
0 17309 17150
0 17309 16915
0 22652 16872
0 25544 16913
0 25544 17064
0 25544 16789
0 17132 16529
0 10041 16645
0 10041 16602
0 142 16554
0 3100 16757
0 13468 16939
0 16859 16730
0 13743 15935
0 -2334 15092
0 4037 14750
0 9825 14410
0 10251 14358
0 5997 14432
0 8901 14512
0 13878 14298
0 11041 13740
0 4037 13536
0 10251 13366
0 10850 13294
0 12424 13293
0 5640 13123
0 8653 13113
0 1456 13293
0 5640 13444
0 -3360 13302
0 142 12993
0 2041 13172
0 9142 13409
0 -7544 13151
0 3100 13084
0 4468 13085
0 4037 13254
0 4468 13286
0 6666 13100
0 3100 13315
0 5640 13462
0 4878 13369
0 4878 13448
0 11227 13672
0 12581 13708
0 6666 13624
0 11227 13536
0 2041 13713
0 -5900 11942
0 4878 12364
0 9604 12594
0 -7544 12706
0 -3360 12814
0 -2334 12928
0 5640 12773
0 13468 12655
0 12263 12860
0 3100 12734
0 3582 12620
0 11041 12558
0 12424 12771
0 4878 12806
0 142 12815
0 10455 12923
0 7577 13210
0 2041 13293
0 5640 13211
0 2587 13272
0 9142 13327
0 2587 13210
0 6666 13022
0 4037 13094
0 10041 13017
0 7859 12711
0 1456 12505
0 7284 12758
0 -5900 12839
0 5997 12799
0 10655 13094
0 6981 12995
0 8132 12819
0 8901 13026
0 2041 13206
0 7859 13536
0 10041 13565
0 2041 13484
0 5997 13980
0 2587 14340
0 9604 14311
0 6666 14336
0 4878 14221
0 4037 14341
0 3100 14772
0 4878 15316
0 11761 15236
0 11409 15169
0 11227 15255
0 3582 15534
0 -5900 15874
0 -5900 15905
0 11409 15946
0 -7544 16078
0 13607 16396
0 9604 16639
0 142 16653
0 9376 16859
0 11409 17414
0 -603 18171
0 17397 18432
0 5268 17842
0 14268 17310
0 21736 17126
0 16383 16955
0 21154 16926
0 25544 16994
0 25544 17145
0 25544 16838
0 8397 16570
0 10041 16792
0 14996 16831
0 9604 16783
0 11587 16966
0 13878 17149
0 16766 16936
0 6981 16237
0 8653 15393
0 -3360 14994
0 -1423 14717
0 6338 14634
0 11761 14649
0 6338 14740
0 12099 14402
0 9825 13894
0 6981 13859
0 825 13707
0 5997 13567
0 7577 13534
0 1456 13296
0 3100 13300
0 7859 13455
0 -9603 13622
0 8397 13511
0 6338 13332
0 3100 13523
0 1456 13742
0 5268 13520
0 142 13334
0 825 13351
0 5268 13593
0 7284 13670
0 10251 13452
0 1456 13625
0 8132 13776
0 -3360 13596
0 4878 13642
0 -5900 13818
0 10850 13795
0 825 13691
0 6338 13595
0 8132 13752
0 4037 11604
0 3582 11937
0 1456 12152
0 6666 12298
0 7284 12436
0 8397 12622
0 3100 12458
0 -7544 12503
0 3582 12571
0 2587 12496
0 9604 12373
0 13743 12243
0 13183 12406
0 10455 12444
0 10455 12410
0 10655 12580
0 2041 12873
0 3582 12982
0 3100 12937
0 7284 13004
0 5997 12998
0 4878 12953
0 6981 12803
0 8901 12997
0 6981 12952
0 6666 12623
0 10455 12575
0 12581 12755
0 8901 12871
0 6338 12849
0 142 13105
0 10850 12895
0 4037 12737
0 3582 13053
0 825 13232
0 9376 13541
0 -12359 13563
0 6981 13430
0 6338 13928
0 1456 14199
0 10655 14136
0 12099 14255
0 7859 14250
0 11587 14175
0 825 14588
0 4468 15042
0 9604 14857
0 17397 14856
0 15226 15025
0 4037 15392
0 15338 15737
0 13743 15694
0 18825 15713
0 21154 15933
0 10655 16141
0 13183 16207
0 14394 16210
0 16766 16430
0 16951 16977
0 20587 17714
0 14268 17992
0 16480 17439
0 7859 16885
0 16184 16781
0 2041 16602
0 25544 16587
0 25544 16753
0 25544 16826
0 25544 16526
0 16766 16284
0 142 16474
0 20349 16542
0 -3360 16474
0 8132 16717
0 12263 16918
0 17132 16780
0 11041 16044
0 6981 15206
0 12581 14932
0 10455 14578
0 3582 14449
0 8132 14543
0 11932 14620
0 5268 14234
0 10251 13915
0 16284 13978
0 11587 13850
0 6338 13708
0 10041 13770
0 10850 13605
0 4037 13611
0 10041 13709
0 8132 13688
0 6338 13606
0 4037 13534
0 5640 13669
0 10850 13867
0 7859 13600
0 2587 13382
0 7859 13371
0 6981 13697
0 7859 13684
0 4037 13390
0 6981 13634
0 7859 13790
0 6981 13607
0 12581 13665
0 5268 13733
0 11761 13738
0 11227 13645
0 3582 13554
0 6981 13633
0 2587 11258
0 6981 11663
0 6981 11906
0 6338 12101
0 4037 12275
0 -5900 12502
0 -4532 12323
0 825 12368
0 5640 12452
0 10850 12527
0 142 12347
0 10455 12279
0 3582 12517
0 13183 12567
0 11587 12506
0 13183 12755
0 9604 13052
0 10041 13149
0 -3360 13115
0 12099 13186
0 8397 13243
0 7577 13180
0 11041 13044
0 7284 13165
0 -3360 13117
0 10850 12729
0 13183 12611
0 4878 12801
0 825 12898
0 9604 12838
0 2587 13079
0 3100 12833
0 10455 12638
0 11932 12883
0 10655 13047
0 3582 13305
0 6981 13384
0 10850 13305
0 12099 13860
0 142 14171
0 -1423 14096
0 14761 14229
0 16480 14327
0 13607 14242
0 9825 14610
0 10251 15061
0 15112 14903
0 23435 14966
0 18452 15181
0 24412 15551
0 18221 15920
0 23599 15865
1 25544 15851
0 16766 16137
0 22698 16263
0 18062 16258
0 25284 16271
0 25544 16412
0 25544 16904
0 25544 17571
0 25544 17793
0 25150 17357
0 25544 16743
0 25544 16604
0 25544 16454
0 21581 16319
0 25544 16481
0 25544 16626
0 25544 16276
0 20646 15990
0 19589 16192
0 20988 16275
0 19455 16308
0 11227 16554
0 17653 16749
0 14394 16541
0 13183 15837
0 11587 14997
0 9604 14659
0 7284 14402
0 8653 14190
0 5268 14349
0 7284 14442
0 11227 14049
0 7284 13753
0 5640 13859
0 3582 13749
0 7577 13664
0 6338 13737
0 1456 13532
0 7577 13568
0 15226 13662
0 13743 13627
0 4037 13580
0 7284 13501
0 14394 13701
0 10455 13761
0 8653 13582
0 7859 13289
0 8653 13309
0 10041 13729
0 -7544 13649
0 -12359 13305
0 2041 13546
0 5268 13722
0 7284 13596
0 15226 13655
0 -9603 13768
0 12263 13836
0 3100 13839
0 -3360 13741
0 5640 13813
0 3100 11922
0 8132 12333
0 9825 12500
0 7859 12606
0 -3360 12690
0 -1423 12919
0 7284 12723
0 7859 12734
0 -2334 12810
0 10041 12820
0 1456 12589
0 11761 12523
0 13037 12660
0 8901 12765
0 13468 12688
0 -7544 12931
0 3582 13169
0 10655 13281
0 11761 13215
0 4468 13314
0 14879 13424
0 11409 13362
0 9825 13236
0 5997 13310
0 10850 13335
0 9376 13094
0 7284 12870
0 7577 13101
0 9376 13208
0 9376 13253
0 9604 13482
0 14640 13239
0 12099 12986
0 13183 13228
0 14879 13275
0 18678 13528
0 11587 13588
0 16184 13482
1 23640 14090
0 21529 14417
0 22922 14354
1 24630 14441
1 25544 14462
1 25544 14283
0 21209 14555
0 13183 14952
0 25544 14710
0 25544 14878
1 25544 15313
1 25544 15738
0 25544 16081
1 25544 16056
1 25544 15904
0 25544 16281
0 25544 16459
0 25544 16414
0 25544 16400
0 25544 16576
0 25544 17056
0 25544 17621
0 25544 17848
0 25544 17329
0 25544 16734
0 25544 16750
0 25544 16568
0 25544 16341
0 25544 16452
0 25544 16535
0 25544 16151
0 25544 15966
0 25544 16129
0 25544 16150
0 25544 16164
0 25383 16439
0 25544 16658
0 25544 16494
0 19786 15723
0 21099 14939
0 21581 14679
0 18376 14377
0 18376 14057
0 18221 14253
0 10041 14370
0 15448 13964
0 15665 13730
0 16766 13887
0 825 13723
0 11761 13657
0 15226 13735
1 19721 13674
0 16383 13769
0 13037 13823
0 8901 13717
0 15448 13621
0 11587 13502
0 -3360 13677
0 -5900 13722
0 5997 13654
0 7284 13342
0 8901 13334
0 7859 13712
0 16184 13587
0 8901 13230
0 13743 13415
0 9825 13562
0 13878 13465
0 9825 13426
0 11227 13543
0 7284 13589
0 11761 13556
0 9604 13387
0 5268 13401
0 5268 11878
0 -5900 12258
0 8901 12440
0 12099 12605
0 8901 12731
0 15558 12940
0 9376 12701
0 -2334 12576
0 3582 12790
0 11227 12702
0 10850 12473
0 7859 12344
0 15338 12524
0 825 12520
1 18678 12471
0 14010 12775
0 13327 12967
0 9376 13054
0 14640 13053
0 5997 13035
0 17309 13172
0 15665 13113
0 -5900 13068
0 15448 13146
0 18062 13243
0 4037 13074
0 142 12962
0 17132 13261
1 20704 13314
0 12263 13378
0 9376 13538
1 25150 13266
0 17483 13044
1 23310 13338
1 23559 13350
1 24112 13546
1 20528 13752
0 15877 13655
1 25544 14209
0 18678 14493
0 22468 14355
1 25544 14445
1 25544 14457
1 25544 14330
0 15448 14455
0 20819 14761
0 25544 14565
1 25544 14691
1 25544 15165
1 25544 15582
0 25544 15870
1 25544 15820
1 25544 15687
0 25544 16097
0 21581 16241
0 25544 16293
0 25544 16307
0 25544 16565
0 25544 17062
0 25544 17620
0 25544 17888
0 25544 17355
0 25544 16703
0 25544 16769
0 25544 16692
0 22698 16495
0 25544 16575
0 25544 16584
0 25544 16217
0 25544 16056
0 20469 16229
0 25544 16268
0 25544 16239
0 25544 16517
0 25350 16615
0 25544 16488
0 15877 15741
0 10850 14846
1 23840 14660
1 25383 14362
0 6981 14086
0 16284 14324
0 18603 14474
1 22421 14007
0 9142 13774
0 19914 13923
0 17819 13784
0 19721 13687
0 7577 13581
1 20761 13488
0 19388 13514
0 14268 13539
1 21209 13383
0 16284 13232
0 11041 13267
0 4878 13393
0 8397 13507
0 16766 13419
0 11932 13102
0 13037 13087
0 15338 13556
1 20041 13548
0 12099 13141
0 9376 13304
0 13327 13430
0 12424 13364
0 -9603 13310
0 11041 13372
0 11761 13429
0 8901 13319
0 7859 13111
0 14268 13023
0 7859 11731
0 9376 12102
0 7859 12252
0 9604 12284
0 9825 12440
0 2587 12613
0 3582 12385
0 142 12195
0 11227 12480
0 10850 12458
0 12888 12381
0 -603 12150
0 6981 12384
0 7859 12444
0 6981 12464
0 14140 12754
0 12099 13115
0 10041 13030
0 5640 12957
0 10041 12911
0 10455 13076
0 3582 13029
0 7577 12971
0 -3360 13028
0 14010 13141
0 12888 12961
0 4878 12830
0 7284 13035
0 6338 13012
0 12736 13014
0 4037 13165
0 9604 12888
0 3582 12733
0 17397 12971
0 12263 13164
0 5640 13396
0 13743 13569
0 10850 13500
0 4878 13873
0 14640 14131
0 16766 14094
0 8653 14221
0 17132 14302
0 20587 14197
0 12581 14313
1 25544 14728
1 25544 14495
1 25544 14488
0 22561 15015
1 25544 15326
0 25544 15606
1 25544 15617
1 25544 15537
0 25544 15949
0 25544 16166
0 25544 16215
0 25544 16169
0 25544 16342
0 25544 16839
0 15338 17397
0 20227 17715
0 24073 17164
0 16672 16613
0 24150 16787
0 25544 16717
0 25150 16474
0 25544 16542
0 23268 16569
0 25544 16294
0 25544 16195
0 17483 16442
0 11932 16359
0 23352 16259
0 21424 16537
0 16672 16742
0 14761 16613
0 7577 15794
0 16284 14782
0 15226 14630
0 19589 14329
0 16284 13984
0 10455 14214
0 16184 14439
0 10655 14025
0 15112 13888
0 10850 13967
0 8901 13807
0 14640 13689
0 17132 13570
0 14010 13544
0 8397 13637
0 10251 13639
0 9142 13446
0 17132 13338
0 16951 13450
0 9376 13430
0 9376 13480
0 10455 13449
0 14268 13153
0 14010 13216
0 15665 13655
0 9376 13631
0 4878 13354
0 14394 13509
0 11227 13668
0 10850 13660
0 -3360 13576
0 12736 13580
0 4878 13711
0 2041 13607
0 3100 13397
0 11587 13410
0 6666 12029
0 -2334 12332
0 -3360 12487
0 4878 12533
0 2587 12792
0 2587 12960
0 3100 12734
0 5268 12590
0 142 12717
0 12263 12722
0 9376 12535
0 12099 12457
0 12424 12596
0 13468 12554
0 7577 12609
0 4468 12956
0 -1423 13296
0 7284 13198
0 1456 13201
0 10850 13103
0 8653 13247
0 8901 13368
0 12099 13228
0 -4532 13114
0 142 12940
0 825 12754
0 4037 12607
0 -12359 12688
0 13327 12590
0 12099 12552
0 7859 12772
0 8132 12482
0 12263 12351
0 14140 12639
0 3582 12664
0 7577 12857
0 6338 13009
0 825 13020
0 11041 13447
0 -25544 13683
0 2041 13834
0 11041 14009
0 10850 14170
0 14394 14088
0 22514 14201
1 25544 14480
1 25544 14195
1 25544 14067
1 25544 14576
0 24630 14950
0 25544 15215
1 25544 15233
0 24736 15147
0 24736 15566
0 25544 15772
0 25544 15797
0 25544 15833
0 25544 15959
0 25544 16580
0 24911 17194
0 17982 17559
0 25512 17069
0 22421 16491
0 20409 16733
0 25544 16785
0 18678 16537
0 25544 16511
0 25544 16451
0 24375 16171
0 20041 16074
0 19040 16235
0 20103 16108
0 10655 15963
0 16284 16208
0 14640 16433
0 15112 16328
0 10455 15582
0 8653 14565
0 11227 14416
0 13327 14202
0 15338 13834
0 10251 14062
0 9142 14264
0 9825 13856
0 7859 13815
0 17982 13982
0 17042 13998
0 16672 13928
0 14140 13671
0 12424 13610
0 2587 13733
0 -12359 13684
0 12736 13412
0 11761 13299
0 15448 13389
0 13743 13345
0 12581 13448
0 9604 13489
0 4037 13231
0 6666 13347
0 142 13854
0 10455 13854
0 4037 13574
0 11587 13539
0 9604 13786
0 10455 13883
0 5997 13860
0 8132 13931
0 4878 14134
0 10041 14130
0 10850 13868
0 9604 13905
0 12263 12034
0 2041 12449
0 6981 12603
0 7859 12607
0 9142 12904
0 -12359 13173
0 3100 12925
0 -1423 12866
0 5640 13018
0 12736 12981
0 9825 12807
0 4878 12695
0 11041 12898
0 10850 12895
0 12424 12978
0 11041 13303
0 12736 13579
0 3100 13444
0 2041 13405
0 4468 13372
0 14010 13512
0 12099 13652
0 8132 13407
0 10850 13269
0 9604 13076
0 7284 12826
0 6981 12760
0 12424 12841
0 4468 12791
0 7284 12762
0 8901 13049
0 4468 12713
0 -7544 12489
0 13183 12792
0 9825 12832
0 7577 13107
0 3582 13294
0 8901 13281
0 8901 13656
0 7577 13894
0 9376 14052
0 10455 14261
0 6981 14402
0 18376 14121
0 13878 14201
1 25544 14452
1 25544 14170
0 142 13901
0 4468 14437
0 24150 14786
0 20349 15003
0 22652 15045
0 20704 14981
0 18825 15303
0 17736 15477
0 11227 15545
0 19455 15566
0 23053 15798
0 23096 16485
0 15877 17192
0 12424 17716
0 22374 17163
0 22652 16581
0 21685 16864
0 23840 16885
0 19589 16626
0 25544 16691
0 25544 16630
0 25544 16315
0 22036 16239
0 23182 16281
0 17568 16146
0 -1423 15920
0 12888 16129
0 16859 16353
0 20819 16241
0 8901 15485
0 19522 14504
0 13878 14356
0 12099 14199
0 13037 13763
0 19319 13921
0 16672 14111
0 16951 13716
0 11587 13692
0 7284 13938
0 17221 13935
0 14394 13906
0 13037 13611
0 142 13537
0 1456 13639
0 6981 13559
0 3100 13140
0 5997 13000
0 7284 13086
0 18299 13017
1 19250 13259
0 2587 13308
0 12099 13110
0 8653 13315
0 -2334 13729
0 11761 13631
0 11932 13350
0 9376 13212
0 2587 13463
0 -3360 13602
0 -603 13617
0 9142 13666
0 11409 13849
0 8397 13890
0 1456 13660
0 142 13692
0 12099 12251
0 4468 12606
0 8901 12687
0 5997 12647
0 8901 12992
0 4878 13306
0 4878 13078
0 -2334 13080
0 7577 13256
0 12099 13222
0 12263 13122
0 16766 13017
0 14010 13179
0 12099 13101
0 7577 13271
0 14140 13619
0 13183 13829
0 8653 13752
0 3100 13718
0 7859 13694
0 5640 13813
0 -5900 13921
0 12888 13723
0 8132 13612
0 3582 13393
0 9376 13306
0 -3360 13382
0 4037 13424
0 12099 13275
0 11409 13307
0 10455 13540
0 6666 13137
0 11041 12881
0 6338 13129
0 7577 13077
0 13468 13352
0 1456 13538
0 13468 13613
0 8653 13869
0 7859 13917
0 8397 14097
0 6666 14382
0 -7544 14483
0 8653 14285
0 11761 14374
0 6338 14647
0 13037 14477
0 10041 14225
0 15981 14739
0 17221 15096
0 18752 15258
0 7284 15336
0 12888 15328
0 11761 15728
0 19589 15874
0 14394 15901
0 12888 15900
0 21685 16080
0 17653 16667
0 20587 17357
0 23477 17789
0 19978 17236
0 15338 16548
0 19455 16818
0 16480 16845
0 21209 16621
0 25544 16608
0 24521 16463
0 25544 16196
0 23840 16239
0 12424 16243
0 14640 16227
0 15338 16082
0 -4532 16329
0 15981 16587
0 13607 16465
0 5997 15717
0 15981 14757
0 7859 14558
0 11932 14564
0 15226 14119
0 12424 14218
0 7859 14384
0 10455 14028
0 12888 13995
0 8901 14211
0 7284 14172
0 14640 14109
0 9142 13770
0 6981 13680
0 142 13877
0 7577 13799
0 11227 13341
0 8132 13196
0 10251 13255
0 10655 13173
0 10455 13339
0 11041 13423
0 8653 13198
0 1456 13343
0 9825 13712
0 7859 13648
1 16577 13298
0 8132 13047
0 5268 13324
0 9825 13427
0 4468 13287
1 16766 13312
0 14010 13470
0 11932 13581
0 6981 13328
0 9142 13320
0 7284 12479
0 -1423 12808
0 2041 12843
0 2041 12764
0 4878 13055
0 10041 13462
0 142 13266
0 -603 13304
0 5268 13505
0 2041 13375
0 4468 13259
0 11409 13208
0 5268 13306
0 6981 13234
0 825 13453
0 8901 13792
0 7284 13969
0 8132 13934
0 5268 13910
0 -5900 13958
0 -3360 14135
0 5268 14231
0 11409 13976
0 4878 13878
0 2041 13598
0 8397 13498
0 3100 13625
0 7284 13724
0 9142 13528
0 142 13577
0 10455 13785
0 13743 13354
0 7577 13000
0 6666 13253
0 10041 13237
0 5640 13575
0 5640 13836
0 7577 13929
0 6666 14152
0 7577 14166
0 7284 14292
0 16083 14641
0 11409 14844
0 10850 14733
0 10455 14874
0 13468 15405
0 16383 15267
0 14140 15075
0 10041 15623
0 10455 15941
0 14010 16093
0 9825 16263
0 -3360 16225
0 10850 16674
0 -603 16805
0 18969 16856
0 16083 16948
0 12736 17086
0 15981 17554
0 10455 18157
0 7284 18499
0 12099 17908
0 12581 17129
0 15112 17353
0 4878 17347
0 19522 17044
0 24485 16990
0 25544 16774
0 25544 16456
0 5640 16430
0 11932 16408
0 15665 16428
0 4037 16373
0 16951 16625
0 14996 16861
0 5997 16778
0 4878 16032
0 10251 15047
0 11409 14805
0 11041 14769
0 6338 14310
0 6981 14451
0 13183 14669
0 12263 14325
0 5268 14406
0 13183 14630
0 2587 14636
0 -5900 14496
0 -1423 14091
0 7577 13983
0 6338 14176
0 -5900 14193
0 8653 13750
0 4037 13545
0 5268 13426
0 9376 13268
0 6981 13364
0 4878 13438
0 8901 13205
0 9825 13352
0 -3360 13753
0 5268 13569
0 8901 13166
0 4878 12885
0 6981 13093
0 2587 13213
0 7859 13056
0 2587 13019
0 8653 13228
0 10455 13480
0 825 13274
0 10850 13394
0 -12359 12460
0 7577 12822
0 -3360 12838
0 -1423 12719
0 -2334 12965
0 6666 13355
0 -3360 13175
0 4037 13250
0 12263 13545
0 9604 13317
0 3100 13176
0 2041 13271
0 13743 13443
0 12888 13348
0 8132 13621
0 7859 14047
0 13607 14158
0 11587 14075
0 10251 14029
0 9376 14063
0 -2334 14181
0 6338 14217
0 15877 14091
0 11761 14093
0 7859 13793
0 11041 13688
0 10251 13846
0 2587 13893
0 7577 13744
0 2587 13822
0 7284 14059
0 -7544 13657
0 11041 13319
0 3100 13628
0 7859 13679
0 7284 14137
0 8901 14494
0 142 14650
0 -1423 14903
0 5268 14800
0 1456 14953
0 825 15365
0 5997 15551
0 5640 15413
0 3582 15511
0 15226 15965
0 16577 15897
0 13607 15748
0 7859 16244
0 13037 16558
0 18299 16692
0 14140 16845
0 11932 16863
0 13468 17189
0 5640 17276
0 10251 17320
0 14394 17527
0 17309 17668
0 9604 18081
0 15772 18617
0 11227 18894
0 18221 18245
0 16766 17483
0 16184 17672
0 9142 17804
0 9604 17526
0 18825 17523
0 22231 17295
0 23599 16989
0 11587 17026
0 3582 17023
0 13327 16985
0 10041 17021
0 10251 17300
0 9142 17417
0 8397 17400
0 9376 16647
0 10850 15539
0 -1423 15242
0 6666 15121
0 15448 14590
0 4037 14609
0 8653 14780
0 5268 14437
0 -7544 14566
0 8397 14779
0 -12359 14771
0 8653 14632
0 2587 14233
0 7284 14137
0 11409 14293
0 4468 14463
0 8901 13949
0 12263 13741
0 9825 13623
0 6981 13484
0 6981 13595
0 142 13755
0 11041 13544
0 11409 13683
0 2587 14054
0 2587 13850
0 3582 13400
0 11041 13094
0 -603 13287
0 10455 13339
0 7577 13172
0 14879 13141
0 10655 13351
0 -603 13577
0 8653 13348
0 14394 13372
0 8901 12688
0 12424 12978
0 12099 12968
0 2587 12862
0 6338 13294
0 11932 13756
0 10455 13649
0 9142 13783
0 10850 14163
0 14518 13957
0 5997 13869
0 5640 14067
0 -3360 14178
0 8653 14033
0 142 14338
0 -603 14816
0 6338 14790
0 14268 14684
0 6981 14721
0 4037 14652
0 7859 14808
0 7284 14773
0 4037 14683
0 11932 14671
0 12263 14322
0 5640 14222
0 11409 14389
0 10455 14392
0 9825 14198
0 4468 14402
0 10655 14729
0 4037 14308
0 8901 14073
0 4037 14363
0 9604 14360
0 8653 14749
0 8397 15113
0 9825 15275
0 7577 15466
0 2587 15340
0 -12359 15409
0 2041 15782
0 5268 15930
0 5640 15669
0 11409 15701
0 11041 16133
0 13183 16059
0 16480 15827
0 13468 16201
0 12099 16377
0 5268 16475
0 4037 16636
0 14394 16637
0 10850 16853
0 -2334 16912
0 11587 16925
0 12099 17130
0 10850 17275
0 7577 17710
0 9376 18276
0 -603 18576
0 6338 17927
0 13037 17055
0 12099 17265
0 -4532 17420
0 13743 17190
0 18452 17247
0 23559 17084
0 21987 16869
0 2041 16958
0 10850 17032
0 14996 17059
0 14010 17138
0 -3360 17572
0 4037 17734
0 5997 17761
0 1456 17078
0 11041 16014
0 7577 15739
0 10455 15689
0 825 15168
0 7859 15209
0 12099 15303
0 14879 15000
0 9604 15095
0 4037 15284
0 4468 15280
0 1456 15137
0 -25544 14725
0 -2334 14506
0 6666 14595
0 3100 14800
0 10655 14259
0 12581 14102
0 9825 14062
0 9142 13994
0 6338 14229
0 10455 14391
0 11932 14130
0 9604 14386
0 3100 14652
0 8397 14485
0 4878 14067
0 7577 13748
0 7859 13916
0 3100 13993
0 5640 13792
0 142 13642
0 9604 13786
0 6981 13849
0 9142 13559
0 2587 13444
0 8901 12934
0 -5900 13241
0 825 13283
0 1456 13222
0 2587 13641
0 2587 14093
0 3100 14028
0 6981 14253
0 12099 14631
0 4037 14321
0 7859 14262
0 10455 14533
0 10850 14664
0 8132 14468
0 14996 14767
0 8653 15308
0 10850 15190
0 1456 14907
0 11041 15012
0 12424 14967
0 9604 15182
0 10041 15134
0 7284 15018
0 11761 15056
0 1456 14554
0 9604 14404
0 9142 14569
0 -25544 14547
0 14394 14274
0 5997 14435
0 7859 14732
0 6981 14261
0 6666 13942
0 11227 14213
0 142 14305
0 8132 14631
0 8901 14907
0 4037 15144
0 12736 15287
0 9825 15167
0 7859 15202
0 10251 15530
0 5997 15702
0 7577 15464
0 5640 15472
0 11227 15907
0 7577 15807
0 9604 15564
0 3582 15983
0 9825 16155
0 8397 16173
0 11932 16343
0 12424 16329
0 17568 16393
0 15877 16376
0 4878 16415
0 10455 16544
0 15665 16690
0 16184 17175
0 15558 17766
0 8132 18104
0 7577 17410
0 3582 16489
0 13037 16731
0 7284 16871
0 11587 16576
0 13468 16694
0 25544 16536
0 25544 16253
0 12736 16359
0 8132 16474
0 11227 16440
0 3582 16513
0 12736 17052
0 9825 17281
0 8901 17340
0 7284 16741
0 10850 15644
0 10850 15427
0 4878 15377
0 13607 14885
0 7284 14984
0 -7544 15107
0 10041 14845
0 9142 14956
0 -7544 15173
0 8397 15096
0 -5900 14992
0 6338 14674
0 8653 14333
0 6338 14454
0 3582 14663
0 9376 14158
0 10041 13993
0 5997 13950
0 1456 13821
0 -4532 14050
0 3582 14250
0 5640 13997
0 6338 14316
0 142 14571
0 12888 14444
0 10251 14053
0 3582 13780
0 11932 13871
0 7859 13914
0 11587 13714
0 13878 13469
0 11409 13602
0 6666 13718
0 5640 13390
0 5997 13329
0 12099 12770
0 1456 13024
0 7859 12984
0 -4532 12990
0 1456 13478
0 -3360 14025
0 6666 14005
0 3100 14253
0 8132 14748
0 9142 14372
0 142 14234
0 10455 14611
0 5640 14720
0 7577 14443
0 6981 14842
0 9604 15421
0 11409 15167
0 8397 14877
0 -7544 15064
0 4037 14934
0 1456 15038
0 9604 14935
0 9376 14758
0 5997 14771
0 825 14266
0 -5900 14116
0 3100 14236
0 5997 14088
0 6338 13665
0 12424 13847
0 2587 14197
0 142 13627
0 4037 13268
0 -1423 13393
0 2041 13438
0 6981 13619
0 1456 13918
0 8901 14170
0 12263 14247
0 11932 14220
0 9142 14307
0 6981 14652
0 9376 14918
0 7284 14737
0 3100 14890
0 4878 15360
0 2041 15466
0 10850 15268
0 11227 15658
0 10041 15962
0 9142 16006
0 6981 16198
0 14640 16229
0 10850 16229
0 -3360 16182
0 11587 16224
0 9376 16299
0 1456 16388
0 8653 16889
0 10455 17462
0 10041 17840
0 -7544 17139
0 11932 16174
0 10251 16358
0 8653 16565
0 142 16207
0 21154 16329
0 20761 16192
0 9604 15866
0 6981 15977
0 10455 16118
0 13468 16030
0 7859 16128
0 8901 16666
0 9825 16925
0 5997 16918
0 13468 16201
0 13183 14954
0 12099 14691
0 4878 14642
0 -3360 14263
0 5640 14362
0 12099 14515
0 8901 14286
0 2041 14353
0 -12359 14417
0 6666 14316
0 7577 14283
0 1456 14070
0 12099 13736
0 4878 13899
0 10850 14131
0 9142 13632
0 -9603 13403
0 4037 13292
0 3100 13190
0 3582 13331
0 11227 13476
0 1456 13416
0 11409 13764
0 1456 14040
0 10850 13962
0 2041 13588
0 10455 13325
0 14010 13380
0 13743 13469
0 12424 13346
0 13607 13209
0 11041 13384
0 7284 13566
0 8653 13366
0 11227 13359
0 9142 13110
0 4468 13359
0 4878 13285
0 10455 13416
0 9142 13962
0 11227 14516
0 -5900 14499
0 142 14719
0 6981 15197
0 7577 14762
0 14268 14594
0 9825 14933
0 12581 15029
0 10850 14694
0 11587 15145
0 12263 15783
0 8397 15415
0 13183 15061
0 12099 15275
0 9825 15192
0 4878 15276
0 -7544 15140
0 12263 14941
0 13607 14896
0 -3360 14395
0 2041 14226
0 6338 14319
0 5997 14254
0 9142 13826
0 -2334 14052
0 5997 14380
0 -25544 13701
0 -25544 13181
0 -4532 13311
0 2041 13294
0 -12359 13458
0 4468 13710
0 3100 13892
0 5640 13953
0 8132 13977
0 142 14013
0 6338 14227
0 -4532 14479
0 -7544 14327
0 -2334 14443
0 11041 14897
0 13183 14943
0 6981 14697
0 9825 15129
0 5268 15453
0 6981 15349
0 7577 15569
0 8397 15641
0 7284 15588
0 10041 15644
0 -7544 15832
0 9142 15849
0 13183 15935
0 8653 16483
0 9604 17097
0 -4532 17514
0 10455 16820
0 6666 15957
0 2587 16200
0 11932 16407
0 3582 16010
0 20704 16107
0 22036 16076
0 16083 15653
0 6981 15579
0 4037 15731
0 11227 15609
0 7577 15698
0 1456 16280
0 -7544 16589
0 5268 16594
0 2041 15842
0 -3360 14603
0 -12359 14360
0 9376 14338
0 3100 14031
0 5640 14202
0 5640 14392
0 8653 14101
0 10251 14148
0 3582 14152
0 7284 14121
0 142 14109
0 825 13948
0 3582 13706
0 6981 13915
0 12099 14133
0 11227 13631
0 9825 13317
0 11227 13179
0 6981 13059
0 -12359 13256
0 6338 13423
0 3100 13428
0 7284 13735
0 8653 14043
0 5997 13946
0 10455 13527
0 12581 13208
0 15448 13237
0 15112 13306
0 14394 13189
0 15226 13126
0 14268 13297
0 11227 13388
0 8397 13173
0 12099 13235
0 8901 13809
0 6338 13978
0 4468 13961
0 -5900 14109
0 3582 14652
0 -1423 15205
0 -4532 15072
0 7577 15281
0 2587 15685
0 5640 15213
0 10455 15081
0 7577 15399
0 5268 15457
0 7577 15103
0 5640 15557
0 15981 16110
0 16184 15701
0 2041 15341
0 6338 15521
0 5268 15565
0 11932 15613
0 13183 15484
0 14010 15305
0 8901 15213
0 -4532 14732
0 -5900 14535
0 1456 14653
0 10041 14543
0 7577 14189
0 9825 14440
0 8653 14648
0 6338 14089
0 2041 13469
0 -5900 13619
0 5640 13640
0 5268 13767
0 7859 13787
0 11932 13892
0 10455 13945
0 -603 13860
0 4037 13914
0 -603 14045
0 1456 14201
0 9825 14006
0 9142 14077
0 5640 14434
0 3100 14405
0 10655 14059
0 10251 14354
0 9604 14784
0 5268 14607
0 -5900 14802
0 11409 14889
0 11409 14813
0 4878 14995
0 10041 15192
0 8397 15149
0 2041 15233
0 8132 15792
0 6338 16479
0 5640 16967
0 9142 16306
0 -7544 15469
0 8653 15789
0 9376 15978
0 15226 15592
0 21477 15708
0 21370 15607
0 20876 15165
0 13743 15150
0 -1423 15300
0 9142 15276
0 5640 15373
0 5268 16015
0 8132 16389
0 8901 16437
0 8132 15694
0 5997 14492
0 4037 14324
0 9604 14353
0 12888 14102
0 825 14325
0 5640 14550
0 1456 14309
0 9604 14238
0 8901 14240
0 142 14181
0 -5900 14184
0 1456 14022
0 4037 13797
0 8397 13994
0 13743 14092
0 10455 13575
0 14640 13081
0 17397 12922
0 10041 12818
0 6666 13115
0 5268 13393
0 7859 13453
0 8132 13742
0 2041 13954
0 5640 13870
0 2041 13467
0 5640 13230
0 6666 13377
0 4878 13495
0 6981 13428
0 12736 13329
0 13607 13485
0 3100 13468
0 3582 13251
0 -5900 13257
0 10455 14070
0 10455 14192
0 2041 14160
0 9376 14346
0 8653 14928
0 3582 15479
0 11041 15328
0 5997 15531
0 12424 15991
0 12581 15551
0 7577 15402
0 15112 15747
0 13183 15765
0 7577 15386
0 -603 15786
0 15772 16310
0 17042 15893
0 8901 15493
0 9825 15753
0 12263 15819
0 10455 15866
0 6338 15797
0 17042 15625
0 12424 15555
0 3100 15131
0 12424 14901
0 13878 15044
0 4878 14896
0 9142 14508
0 -2334 14722
0 1456 14931
0 -603 14366
0 5640 13736
0 7859 13793
0 10850 13856
0 2041 13922
0 3582 13932
0 142 13972
0 8397 13954
0 6981 13883
0 6981 13970
0 142 13979
0 -2334 14173
0 8901 13944
0 5640 13991
0 10455 14319
0 5640 14199
0 5268 13806
0 5640 14018
0 8901 14419
0 10041 14192
0 -603 14311
0 1456 14535
0 4037 14425
0 6981 14623
0 5997 14828
0 8901 14667
0 6338 14718
0 4878 15305
0 12736 16112
0 10041 16639
0 7284 16022
0 -3360 15216
0 4468 15520
0 9142 15758
0 15112 15361
0 21477 15481
0 18142 15453
0 19522 15088
0 12888 14997
0 -7544 15088
0 1456 15248
0 6666 15331
0 10455 15969
0 8653 16324
0 1456 16342
0 10850 15677
0 13468 14491
0 -1423 14264
0 3100 14380
0 14010 14045
0 10655 14187
0 12424 14366
0 14518 14109
0 8901 13906
0 2587 13775
0 3100 13708
0 8397 13628
0 4037 13390
0 11587 13150
0 12888 13336
0 7859 13479
0 1456 13039
0 13468 12604
0 11409 12471
0 -7544 12405
0 1456 12753
0 142 13065
0 4037 13190
0 6981 13465
0 8397 13702
0 4878 13607
0 6666 13262
0 142 13106
0 -1423 13377
0 7577 13522
0 10041 13463
0 5997 13322
0 6338 13470
0 13468 13319
0 12736 13061
0 9376 13146
0 12099 14525
0 -3360 14659
0 10455 14666
0 2587 14832
0 8901 15358
0 -1423 15867
0 7859 15717
0 6666 15992
0 10455 16367
0 8653 15895
0 4878 15763
0 9376 16098
0 5640 16099
0 11041 15850
0 7577 16205
0 10850 16691
0 12581 16295
0 2587 15957
0 12424 16258
0 8653 16325
0 9142 16428
0 9604 16336
0 16083 16227
0 12581 16167
0 3582 15706
0 7577 15437
0 11041 15539
0 7284 15311
0 142 14965
0 7577 15092
0 7284 15181
0 10850 14502
0 8132 13790
0 4468 13801
0 13183 13956
0 6981 13979
0 -5900 13908
0 4878 13911
0 6338 13911
0 7284 13841
0 9825 13917
0 12581 13970
0 13468 14120
0 6666 13864
0 5640 14010
0 5640 14324
0 1456 14138
0 3582 13759
0 8132 14021
0 10850 14459
0 4468 14233
0 10455 14329
0 8901 14476
0 10455 14362
0 10850 14577
0 13468 14833
0 10655 14696
0 6981 14766
0 2041 15329
0 7284 16138
0 142 16598
0 12424 15938
0 4037 15139
0 9376 15499
0 12736 15756
0 4037 15443
0 17736 15586
0 22652 15499
0 21633 15101
0 10251 14955
0 9604 14991
0 11409 15129
0 7859 15159
0 8653 15733
0 6981 16074
0 4468 16077
0 8901 15432
0 2587 14243
0 9376 13984
0 7577 14032
0 16284 13586
0 15665 13774
0 -7544 13911
0 13743 13637
0 12736 13367
0 8397 13244
0 6338 13269
0 12736 13212
0 3100 12952
0 5997 12684
0 13183 12933
0 11409 13177
0 11761 12751
1 16383 12512
0 5640 12347
0 3582 12271
0 9142 12673
0 8132 13040
0 9142 13129
0 4037 13379
0 7284 13561
0 -1423 13505
0 -25544 13196
0 6981 12914
0 9825 13243
0 -7544 13496
0 10455 13465
0 5640 13373
0 3100 13482
0 5640 13409
0 7284 13050
0 4037 13120
0 8397 15302
0 11761 15475
0 -12359 15444
0 2041 15615
0 6666 16134
0 5640 16614
0 2587 16359
0 5997 16624
0 10251 16948
0 5268 16380
0 9825 16209
0 14996 16567
0 4037 16568
0 14879 16301
0 12736 16673
0 17397 17150
0 16951 16618
0 15448 16291
0 17309 16602
0 14640 16729
0 12424 16862
0 2587 16844
0 14761 16819
0 9376 16715
0 9376 16256
0 2041 15997
0 -3360 16116
0 12424 15856
0 4037 15438
0 -5900 15519
0 11932 15557
0 12099 14919
0 -603 14164
0 4037 14083
0 5997 14114
0 10041 13982
0 7284 13784
0 -3360 13749
0 -3360 13715
0 7859 13635
0 -3360 13735
0 6666 13798
0 6338 13904
0 2041 13692
0 7577 13852
0 6338 14137
0 4037 14065
0 4878 13777
0 8397 13954
0 -1423 14424
0 8132 14176
0 4037 14184
0 9604 14364
0 11587 14355
0 7284 14484
0 8397 14709
0 14140 14567
0 10251 14666
0 7284 15172
0 11227 15975
0 142 16382
0 825 15776
0 4037 14951
0 10655 15217
0 4878 15579
0 13743 15251
0 16480 15335
0 15877 15264
0 17819 14925
0 4878 14744
0 8132 14705
0 12424 14872
0 11227 14935
0 10455 15493
0 12099 15725
0 4878 15721
0 5997 15173
0 12888 14021
0 13607 13799
0 1456 13966
0 7284 13617
0 6338 13757
0 -25544 13859
0 10455 13687
0 14140 13389
0 11041 13257
0 4037 13332
0 -1423 13343
0 2041 13120
0 9604 12844
0 7859 13075
0 11041 13343
0 11587 12943
0 16577 12786
0 14268 12654
0 9376 12631
0 10655 13063
0 7859 13426
0 142 13493
0 7859 13729
0 6338 13717
0 6666 13598
0 3100 13169
0 3582 12815
0 9604 13137
0 9825 13401
0 10251 13361
0 8397 13286
0 7859 13315
0 4878 13207
0 5640 12760
0 5640 12740
0 9142 15652
0 8132 15888
0 825 15985
0 8132 16083
0 10655 16592
0 11761 17053
0 5997 16829
0 15226 17105
0 11587 17446
0 8901 16778
0 15226 16607
0 9142 16876
0 20587 16912
0 21529 16624
0 22279 16963
0 21263 17395
0 15448 16881
0 16859 16578
0 19455 16842
0 23957 16991
0 10041 17136
0 6338 17020
0 19388 17070
0 17397 17062
0 2587 16631
0 14394 16447
0 15448 16661
0 8397 16427
0 9142 15968
0 10850 16076
0 2041 16108
0 6666 15507
0 11409 14816
0 6981 14779
0 7577 14987
0 5268 14856
0 3582 14645
0 3582 14559
0 8901 14418
0 7577 14250
0 10455 14234
0 -5900 14335
0 4037 14292
0 6981 14058
0 7859 14227
0 3100 14438
0 5997 14252
0 11587 13957
0 -3360 14171
0 4037 14558
0 4037 14294
0 2587 14267
0 1456 14312
0 12099 14218
0 8901 14278
0 -7544 14505
0 5640 14246
0 4468 14364
0 142 14759
0 6338 15554
0 6338 15904
0 2587 15326
0 8397 14619
0 13183 14897
0 6338 15195
0 5640 14715
0 12888 14723
0 16480 14676
0 17309 14441
0 4468 14381
0 -3360 14400
0 11761 14535
0 6981 14574
0 12424 15156
0 11761 15328
0 13183 15374
0 10455 14891
0 5268 13825
0 14640 13687
0 10455 13752
0 10655 13402
0 13327 13494
0 14394 13647
0 12581 13546
0 4037 13328
0 10251 13174
0 10251 13350
0 7859 13361
0 4878 13148
0 5640 12941
0 6981 12994
0 11041 13272
0 6338 12981
0 7284 12708
0 10251 12659
0 9376 12505
0 5640 13003
0 5997 13285
0 9376 13311
0 11932 13504
0 13468 13376
0 4037 13316
0 9825 12916
0 8901 12504
0 12424 12725
0 9825 12995
0 6981 12856
0 7284 12891
0 3100 12886
0 4468 12759
0 142 12438
0 1456 12432
0 5640 16083
0 2587 16277
0 4878 16391
0 4037 16410
0 8901 16900
0 11587 17310
0 -603 17095
0 9825 17368
0 13743 17714
0 10251 17025
0 3100 16926
0 17901 17232
0 20469 17187
0 16766 16881
0 21317 17227
0 25544 17635
0 20587 17169
0 11932 16913
0 25544 17146
0 25544 17263
0 24772 17393
0 16951 17258
0 17221 17324
0 13468 17345
0 3582 16884
0 -1423 16767
0 3582 17032
0 6981 16809
0 14640 16365
0 13037 16509
0 5640 16592
0 11041 16061
0 10850 15580
0 8901 15626
0 6981 15862
0 11041 15749
0 8653 15523
0 13037 15507
0 2587 15464
0 7284 15270
0 13037 15224
0 14268 15296
0 12263 15215
0 6981 15000
0 7284 15108
0 10041 15185
0 10251 15060
0 7859 14725
0 5640 14885
0 -603 15171
0 8397 14783
0 2587 14568
0 8901 14609
0 10041 14560
0 6981 14585
0 8132 14672
0 5640 14482
0 8397 14520
0 3100 14886
0 4037 15539
0 4468 15818
0 -7544 15367
0 4878 14659
0 7284 14860
0 4037 15238
0 9825 14825
0 12099 14755
0 19181 14719
0 16480 14563
0 8901 14382
0 7859 14445
0 5268 14579
0 10455 14748
0 8653 15183
0 14879 15250
0 13468 15297
0 825 14894
0 6666 13853
0 10455 13679
0 142 13667
0 8653 13390
0 12581 13534
0 8901 13625
0 13327 13557
0 8397 13287
0 8901 13030
0 -3360 13242
0 6338 13230
0 8132 13042
0 6981 12774
0 1456 12808
0 9376 13075
0 3582 12883
0 5640 12646
0 142 12556
0 3100 12411
0 142 12832
0 8653 13086
0 10655 13044
0 7284 13260
0 142 13143
0 5640 13116
0 6981 12790
0 7284 12511
0 5640 12683
0 5640 12970
0 -3360 12896
0 7859 12920
0 15112 12986
0 14394 12974
0 9376 12733
0 6338 12821
0 17483 16504
0 9604 16679
0 1456 16789
0 11761 16914
0 15772 17439
0 13743 17809
0 9604 17569
0 15338 17831
0 -3360 18124
0 4878 17466
0 16184 17324
0 20165 17631
0 25544 17527
0 25544 17213
0 24073 17523
0 25544 17831
0 21736 17408
0 18528 17160
0 24594 17328
0 25544 17541
0 20528 17647
0 13183 17524
0 7859 17612
0 10655 17599
0 13743 17084
0 11761 16846
0 18603 16971
0 7577 16733
0 9825 16364
0 15226 16502
0 -1423 16561
0 6338 16086
0 12888 15701
0 12263 15780
0 7859 16051
0 -4532 15993
0 10655 15655
0 14394 15616
0 11227 15708
0 8901 15707
0 -7544 15752
0 7577 15777
0 9825 15742
0 -3360 15485
0 5640 15574
0 11932 15562
0 -603 15342
0 15558 15036
0 6981 15200
0 6981 15413
0 10455 15034
0 5640 14772
0 7577 14799
0 3100 14679
0 13327 14670
0 825 14712
0 9142 14515
0 825 14481
0 1456 14994
0 8653 15609
0 4468 15943
0 1456 15505
0 11587 14901
0 6338 15112
0 8901 15449
0 4878 14968
0 14640 14896
0 16184 14908
0 15226 14695
0 13607 14462
0 13468 14476
0 7859 14507
0 15448 14532
0 11227 14910
0 16480 14957
0 14010 14952
0 8901 14587
0 3100 13728
0 13037 13565
0 14394 13587
0 10251 13244
0 9142 13473
0 12424 13591
0 5640 13556
0 -7544 13393
0 -1423 13210
0 -603 13371
0 8901 13429
0 14140 13296
0 4878 13092
0 4878 12998
0 6338 13195
0 6981 13175
0 -7544 12870
0 -5900 12602
0 11587 12549
0 14010 12933
0 12263 13220
0 5268 13211
0 12424 13410
0 13037 13256
0 142 13213
0 -3360 12963
0 142 12850
0 -5900 13023
0 -1423 13193
0 142 13205
0 9376 13248
0 14394 13355
0 10850 13276
0 -9603 13064
0 1456 13191
0 16577 16688
0 8132 16894
0 13468 17086
0 11932 17210
0 10850 17732
0 1456 18079
0 12581 17828
0 16083 18088
0 18752 18342
0 20409 17747
0 22326 17744
0 22279 18062
0 25544 17968
0 25544 17660
0 25544 17889
0 25544 18245
0 25544 17866
0 21154 17673
0 8901 17816
0 15665 17958
0 8901 18069
0 15665 17928
0 18603 18008
0 16383 18029
0 14268 17495
0 14140 17304
0 2041 17447
0 10041 17077
0 14879 16685
0 9142 16767
0 11932 16797
0 12099 16364
0 4037 16034
0 9376 15980
0 14268 16158
0 13607 16021
0 10455 15601
0 14140 15519
0 14140 15620
0 9825 15599
0 142 15622
0 13468 15715
0 12424 15657
0 7284 15387
0 3582 15436
0 9142 15274
0 5268 15133
0 11761 14923
0 1456 15122
0 5268 15389
0 11761 15091
0 4878 14787
0 8397 14776
0 4878 14658
0 2587 14539
0 11041 14570
0 16284 14260
0 5268 14265
0 -7544 14780
0 9376 15364
0 12263 15663
0 5640 15293
0 9376 14690
0 7859 14807
0 4878 15091
0 825 14612
0 16766 14530
0 21477 14531
0 9604 14260
0 14268 14082
0 15226 14001
0 4037 14110
0 8132 14099
0 10455 14502
0 14140 14517
0 11041 14532
0 5997 14194
0 -25544 13430
0 5640 13281
0 11227 13328
0 4037 13082
0 2041 13291
0 5640 13454
0 7284 13406
0 10041 13259
0 8653 13212
0 11587 13388
0 8653 13574
0 10041 13516
0 10041 13289
0 8653 13245
0 7859 13371
0 13468 13367
0 6981 13027
0 4468 12718
0 8653 12572
0 13183 12863
0 12736 13141
0 1456 13109
0 9376 13300
0 8653 13131
0 3100 12939
0 6666 12667
0 11587 12526
0 6666 12674
0 7284 12795
0 8901 12806
0 11587 12846
0 7577 12947
0 7577 12863
0 1456 12678
0 10455 12790
0 14996 17014
0 10455 17149
0 2587 17336
0 12099 17487
0 8397 17954
0 11227 18292
0 8901 18060
0 21937 18347
0 17309 18596
0 19040 18073
0 16480 18109
0 11041 18407
0 17397 18362
0 25544 18129
0 25544 18391
0 25544 18640
0 25544 18310
0 25544 18173
0 25544 18286
0 14761 18488
0 19721 18580
0 23053 18516
0 18299 18559
0 11227 18603
0 8901 18183
0 15448 17997
0 9376 18134
0 15877 17830
0 12263 17485
0 5640 17480
0 11227 17372
0 10041 16899
0 16577 16571
0 12424 16423
0 11932 16637
0 12099 16502
0 9142 16031
0 4878 15909
0 3100 15927
0 142 15918
0 -5900 15769
0 3582 15721
0 15226 15663
0 13878 15444
0 8653 15474
0 5997 15241
0 11227 15086
0 6338 14902
0 12424 15156
0 14010 15437
0 10041 15094
0 4037 14705
0 9142 14620
0 142 14546
0 5268 14425
0 825 14470
0 11227 14067
0 12099 14030
0 8653 14500
0 8653 15069
0 -603 15394
0 7859 15056
0 8653 14471
0 -1423 14581
0 -1423 14816
0 142 14342
0 11587 14321
0 16480 14378
0 17653 14122
0 10455 13940
0 4037 14023
0 11587 14233
0 3582 14168
0 14140 14534
0 17568 14558
0 16184 14580
0 8901 14307
0 8132 13696
0 9376 13574
1 17483 13571
1 17221 13321
0 10850 13550
0 9604 13735
0 13327 13605
0 15665 13418
0 14268 13354
0 11761 13442
0 3582 13544
0 -4532 13630
0 11409 13294
0 13607 13178
0 -2334 13284
0 3100 13186
0 3100 12925
0 1456 12613
0 4878 12445
0 3582 12708
0 12099 12846
0 10041 12732
0 142 12969
0 6666 12799
0 -5900 12593
0 4037 12425
0 -2334 12373
0 2587 12543
0 5640 12489
0 8397 12315
0 7859 12285
0 3100 12268
0 12424 12260
0 5268 12148
0 10850 12347
0 21887 17279
0 21263 17420
0 14518 17575
0 16951 17768
0 15112 18189
0 21317 18476
0 21787 18314
0 25544 18644
0 25512 18907
0 5268 18444
0 21937 18517
0 25544 18795
0 25544 18734
0 25544 18465
0 25448 18721
0 25544 18886
0 25544 18629
0 25544 18523
0 25544 18615
0 25544 18828
0 25544 18891
0 21209 18780
0 24701 18779
0 19388 18752
0 23640 18366
0 11041 18252
0 19914 18388
0 15338 18033
0 5268 17669
0 14268 17600
0 14394 17386
0 13607 16877
0 8901 16535
0 12888 16363
0 13183 16570
0 12263 16534
0 10455 16026
0 12424 15908
0 11409 15945
0 17132 15909
0 17132 15704
0 5640 15637
0 10850 15556
0 8397 15459
0 6338 15487
0 5640 15262
0 10251 15130
0 8397 15007
0 7577 15188
0 4878 15510
0 12424 15116
0 7859 14687
0 10850 14554
0 6338 14442
0 8901 14416
0 3582 14552
0 14996 14119
0 14996 14160
0 10041 14625
0 825 15105
0 15981 15336
0 16951 14994
0 13743 14460
0 10455 14458
0 5640 14705
0 9825 14300
0 18062 14303
0 16083 14403
0 18221 14046
0 15448 13854
0 10041 14035
0 13327 14073
0 13607 14043
0 17568 14434
0 14996 14493
0 14010 14583
0 17653 14270
0 13183 13732
0 2587 13624
0 11761 13608
0 11041 13429
0 8397 13676
0 4037 13865
0 13183 13683
0 4878 13530
0 -4532 13398
0 12736 13431
0 13607 13447
0 4037 13515
0 11227 13281
0 1456 13236
0 2587 13339
0 2587 13228
0 2587 13052
0 3582 12775
0 -7544 12553
0 4878 12652
0 3582 12764
0 9825 12700
0 9825 12848
0 9604 12637
0 9604 12473
0 4037 12351
0 142 12371
0 9604 12681
0 142 12644
0 11761 12374
0 5640 12179
0 11409 12161
0 14879 12185
0 11587 12028
0 6666 12233
0 25049 17538
0 24263 17603
0 25544 17774
0 19319 17945
0 10850 18363
0 24225 18707
0 19978 18548
0 21581 18815
0 16577 19040
0 25544 18715
0 25544 18827
0 23879 19100
0 25544 19082
0 18678 18871
0 25544 19100
0 25544 19212
0 25544 18979
0 25544 18808
0 25544 18857
0 25544 19040
0 25544 19059
0 20349 18969
0 25544 18879
0 25544 18706
0 25544 18337
0 19522 18177
0 12099 18228
0 18299 17845
0 18897 17474
0 13327 17358
0 19388 17075
0 17982 16498
0 3582 16130
0 11587 16014
0 14761 16242
0 4037 16216
0 16383 15726
0 15112 15484
0 6981 15531
0 -3360 15529
0 6338 15321
0 13183 15253
0 4037 15118
0 11932 14980
0 12888 15045
0 8397 14890
0 6666 14709
0 4468 14641
0 10041 14807
0 8901 15211
0 13327 14887
0 8901 14345
0 14140 14230
0 8653 14168
0 7859 14229
0 9825 14357
0 10655 14023
0 9825 14090
0 13037 14488
0 16480 15046
0 16480 15248
0 18299 14879
0 16859 14379
0 10455 14371
0 7577 14634
0 10655 14283
0 10850 14275
0 12736 14406
0 17309 14136
0 9604 13913
0 14268 14133
0 18528 14187
1 20932 14166
0 12581 14518
0 10455 14637
0 10251 14690
0 12888 14248
0 11761 13800
0 10041 13760
0 15877 13622
0 14010 13394
0 5997 13536
0 1456 13652
0 4878 13500
0 8132 13337
0 7577 13170
0 10455 13296
0 12263 13346
0 6666 13429
0 10041 13362
0 -7544 13320
0 2587 13399
0 -3360 13244
0 -603 13173
0 11409 12968
0 7284 12775
0 -5900 12937
0 142 13046
0 5640 12944
0 8132 13121
0 825 12902
0 14761 12642
0 16672 12498
0 7577 12508
0 12099 12735
0 4878 12740
0 9142 12477
0 4037 12182
0 5640 12270
0 8132 12261
0 1456 12175
0 -3360 12505
0 23918 17919
0 23394 17989
0 24485 18220
0 21529 18451
0 19319 18872
0 15665 19209
0 23352 19130
0 20988 19453
0 19978 19718
0 25544 19492
0 25544 19545
0 19914 19804
0 25544 19683
0 25544 19544
0 25544 19669
0 25544 19718
0 25544 19501
0 25544 19272
0 25544 19220
0 24263 19383
0 25544 19335
0 25544 19091
0 22374 18950
0 25251 18680
0 20932 18274
0 17042 18096
0 20528 18070
0 19181 17652
0 16672 17396
0 17901 17285
0 18221 16936
0 18603 16417
0 17132 16041
0 18376 15970
0 10041 16214
0 9376 16158
0 8132 15664
0 8397 15401
0 9142 15581
0 19721 15566
0 15772 15425
0 18897 15352
0 14879 15274
0 -603 15111
0 -12359 15175
0 10850 14955
0 11409 14651
0 14140 14440
0 8901 14650
0 10655 15019
0 5640 14749
0 11041 14227
0 8397 14083
0 6338 14007
0 9376 14076
0 9376 14206
0 15338 13878
0 15338 14010
0 13743 14429
0 2041 14945
0 11587 15128
0 8901 14786
0 14010 14379
0 19040 14368
0 11932 14632
0 16184 14373
0 17483 14321
0 15338 14460
0 18299 14135
0 11409 13968
0 5640 14220
0 13468 14229
0 14761 14205
0 8397 14563
0 11587 14742
0 12099 14862
0 10850 14497
0 13468 14129
0 8132 14011
0 11409 13803
0 16951 13594
0 12099 13678
0 1456 13707
0 7859 13496
0 -3360 13281
0 13878 13080
0 14140 13191
0 8397 13261
0 6981 13275
0 8132 13322
0 10655 13342
0 12581 13314
0 825 13158
0 12099 13124
0 11409 13049
0 2041 12885
0 9376 13141
0 4878 13338
0 10251 13299
0 1456 13508
0 4878 13365
0 8397 13119
0 11932 12892
0 825 12891
0 14010 13107
0 7859 13122
0 5268 12812
0 8653 12439
0 -3360 12472
0 -603 12482
0 -1423 12319
0 8901 12539
0 25544 18284
0 25544 18407
0 18062 18679
0 25544 18869
0 25544 19258
0 22922 19590
0 15448 19490
0 16766 19837
0 24877 20129
0 25544 19927
0 25544 19979
0 24630 20079
0 25544 19953
0 25544 19877
0 25544 20019
0 25544 20023
0 16766 19760
0 17819 19525
0 24946 19388
0 25544 19416
0 25544 19313
0 25544 19004
0 25544 18781
0 25544 18525
0 21787 18175
0 25544 17980
0 25544 17955
0 25544 17533
0 25415 17294
0 24073 17225
0 25544 16968
0 25544 16575
0 22833 16297
0 20819 16316
0 20704 16620
0 12736 16597
0 19522 16107
0 12099 15800
0 10041 15940
0 10850 15985
0 14879 15820
0 9376 15751
0 17568 15578
0 19455 15327
0 14010 15467
0 13878 15272
0 8653 14873
0 10850 14561
0 11761 14682
0 14268 14979
0 10850 14762
0 13327 14281
0 13327 14087
0 8901 13925
0 5268 14017
0 12736 14019
0 17901 13759
0 17819 13785
0 10041 14100
0 5640 14683
0 -7544 14818
0 10041 14463
0 12424 14065
0 13037 14051
0 -7544 14299
0 10655 14094
0 -3360 14055
0 10455 14201
0 15112 14032
0 15112 13773
0 14140 14014
0 12424 14049
0 9142 14054
0 -12359 14399
0 7859 14747
0 5997 14906
0 14268 14516
0 9142 14204
0 12424 14167
0 -4532 13997
0 6666 13778
0 6666 13875
0 8397 13889
0 2041 13767
0 8397 13505
0 9376 13240
0 3100 13385
0 -7544 13467
0 3582 13386
0 12424 13418
0 142 13400
0 15877 13041
0 11041 12924
0 11761 12935
0 8397 12726
0 9825 12525
0 4878 12776
0 4878 12967
0 -25544 12947
0 11227 13173
0 10455 13039
0 -9603 12862
0 6981 12752
0 -3360 12797
0 4037 13060
0 9825 13060
0 4037 12756
0 3100 12388
0 2587 12518
0 142 12518
0 3582 12400
0 2041 12618
0 25544 18639
0 25544 18747
0 25544 18934
0 25544 19100
0 25544 19390
0 25544 19653
0 25544 19644
0 14518 19914
0 25544 20204
0 25544 20040
0 25544 20038
0 25544 19977
0 25544 19862
0 25251 19856
0 23435 20052
0 24736 20062
0 25544 19848
0 25217 19557
0 25544 19392
0 25544 19475
0 25544 19343
0 25544 19049
0 25544 18857
0 25544 18706
0 25544 18300
0 25544 18028
0 25544 17962
0 25544 17548
0 25544 17454
0 23477 17420
0 25544 17213
0 25544 16817
0 25544 16438
0 24736 16361
0 25544 16577
0 25544 16543
0 25544 15953
1 25544 15669
1 25544 15749
0 20288 15762
1 25544 15608
1 25544 15580
1 25544 15455
1 25544 15162
1 23010 15263
0 19914 15045
1 21736 14654
0 18062 14462
0 17397 14598
0 17221 14944
0 12099 14781
0 18376 14329
0 13607 14131
0 3100 14041
0 14010 14103
0 8901 14094
0 17568 13905
0 16766 13857
0 15112 14125
0 14140 14649
0 17397 14814
0 10850 14437
0 11761 14059
0 5997 14074
0 14761 14338
0 11041 14180
0 15665 14204
0 18452 14270
1 20409 14124
0 13327 13836
0 13743 14088
0 11587 14135
0 11761 14180
0 13037 14466
0 6666 14802
0 14010 14990
0 10455 14466
0 4037 14110
0 11409 13997
0 5640 13625
0 5997 13370
0 2041 13496
0 10041 13563
0 10041 13469
0 8653 13241
0 12424 13005
0 1456 13078
0 5268 13051
0 -3360 12860
0 6666 12949
0 7859 12984
0 12263 12702
0 11587 12632
0 2587 12807
0 -3360 12538
0 8901 12254
0 8397 12443
0 10455 12619
0 8653 12494
0 4037 12699
0 4468 12634
0 -1423 12581
0 5997 12524
0 -1423 12658
0 7284 12845
0 3100 12841
0 -3360 12517
0 9376 12152
0 -7544 12359
0 3582 12471
0 3582 12416
0 7577 12751
0 25544 19068
0 25544 19161
0 25544 19358
0 25544 19448
0 25544 19678
0 25544 19947
0 25544 19945
0 25544 20204
0 25544 20560
0 25544 20373
0 25544 20284
0 22833 20169
0 21887 19992
0 13878 19981
0 23559 20110
0 25544 20044
0 16083 19886
0 25544 19645
0 25544 19491
0 25544 19561
0 20704 19421
0 25544 19037
0 25544 18809
0 25544 18636
0 25544 18210
0 25544 17964
0 25544 17856
0 25544 17511
0 25544 17460
0 25544 17489
0 21837 17325
0 25544 16887
0 25544 16475
0 25544 16337
0 23518 16436
0 23640 16405
0 25544 15817
0 25544 15491
1 25544 15583
1 25544 15704
1 25544 15600
1 25544 15630
1 25544 15405
1 24073 15108
1 25544 15226
1 24188 14974
1 24772 14620
1 24594 14456
0 14010 14649
0 2587 15057
0 10455 14981
0 19319 14586
0 18142 14307
0 14394 14269
0 16577 14357
0 11587 14464
0 19455 14304
0 13743 14249
0 15558 14472
0 12099 14994
0 19721 15171
0 11227 14691
0 1456 14204
0 16951 14246
0 17397 14520
0 11227 14309
0 16577 14271
0 20469 14249
0 20288 14058
0 14996 13731
0 8653 13804
0 13468 13813
0 5997 13819
0 5268 14038
0 12888 14279
0 9142 14434
0 5997 13855
0 4878 13398
0 4468 13503
0 10041 13198
0 825 12951
0 13607 13056
0 2587 13177
0 2587 13140
0 7859 13068
0 14140 12816
0 10455 12897
0 6666 12787
0 2587 12567
0 8397 12651
0 7284 12689
0 11227 12426
0 15772 12446
0 5640 12707
0 1456 12479
0 10251 12160
0 10041 12438
0 6338 12630
0 4878 12595
0 142 12752
0 -603 12688
0 3582 12609
0 -1423 12560
0 9604 12707
0 3100 12970
0 3100 12869
0 4037 12498
0 5640 12166
0 -2334 12329
0 142 12449
0 4878 12323
0 12888 12570
0 25544 18908
0 23394 19062
0 25544 19271
0 22231 19330
0 25544 19501
0 25544 19667
0 25544 19740
0 25544 20015
0 24772 20307
0 25544 20230
0 25544 20186
0 21937 20078
0 25544 19914
0 23182 20037
0 19914 20264
0 25544 20287
0 25544 20140
0 24630 19812
0 25544 19583
0 25544 19637
0 22833 19434
0 25544 19046
0 25544 18895
0 25544 18686
0 25544 18240
0 25544 17934
0 25544 17746
0 25544 17472
0 25544 17370
0 25544 17450
0 25544 17276
0 25383 16822
0 9142 16399
0 24188 16234
0 25544 16284
0 25544 16271
0 25049 15759
1 25544 15490
0 22374 15526
0 21685 15554
1 25544 15417
0 -3360 15418
0 24448 15189
0 18897 14954
0 13468 15030
0 12736 14849
0 11932 14534
0 19455 14359
0 19455 14570
0 18825 14868
0 16284 14752
0 17042 14362
0 17132 14047
0 7284 14002
0 13878 14097
0 14640 14321
0 10655 14173
0 5640 14042
0 11227 14180
0 16184 14671
0 5268 14868
0 -7544 14453
0 -2334 13988
0 12099 14008
0 2041 14209
0 8132 13973
0 11409 13841
0 14140 13907
0 13743 13760
0 13743 13375
0 7859 13410
0 -1423 13455
0 -1423 13466
0 6338 13701
0 9604 13934
0 2041 14108
0 2041 13622
0 7577 13338
0 -5900 13652
0 2041 13406
0 1456 13167
0 6981 13326
0 8397 13553
0 5640 13576
0 6666 13505
0 7859 13271
0 13327 13303
0 8653 13168
0 3100 12930
0 10850 12979
0 3100 12949
0 7859 12508
0 10655 12452
0 2587 12606
0 7284 12319
0 10655 11929
0 -3360 12189
0 4878 12374
0 8132 12336
0 -3360 12466
0 -603 12380
0 1456 12246
0 4037 12217
0 -7544 12434
0 -5900 12715
0 6666 12600
0 7577 12313
0 6981 11970
0 6338 12162
0 -9603 12338
0 -4532 12275
0 6666 12483
0 18221 18713
0 25544 18930
0 25544 19204
0 25544 19149
0 25544 19306
0 25544 19479
0 25544 19641
0 21685 19879
0 21937 20099
0 19250 20048
0 14879 20005
0 25448 19900
0 25544 19754
0 25544 19866
0 25544 19967
0 25544 19990
0 25544 20009
0 25544 19763
0 25544 19510
0 25544 19510
0 25544 19406
0 25544 19055
0 25083 18915
0 25544 18766
0 25544 18412
0 25544 18167
0 25544 17964
0 25544 17665
0 25544 17607
0 25544 17661
0 18452 17452
0 22833 16994
0 18897 16627
0 23996 16525
0 19721 16619
0 24300 16620
0 24946 16009
0 16083 15630
0 14394 15615
0 14268 15569
0 16577 15403
0 19522 15304
1 25544 15006
0 21099 14802
0 4878 14941
0 12736 14777
0 14879 14409
0 16480 14088
0 17982 14321
0 22561 14631
0 22279 14635
0 9376 14310
0 15338 13941
0 13743 13838
0 17653 13974
0 -603 14139
0 12424 14013
0 10850 13859
0 6338 13974
0 6666 14457
0 3582 14737
0 8132 14257
0 -1423 13771
0 3100 13935
0 10041 14184
0 13878 13961
0 15558 13888
0 13327 13964
0 8901 13841
0 14140 13681
0 10041 13778
0 8653 13871
0 11409 13970
0 7284 14182
0 4878 14391
0 1456 14498
0 3100 13859
0 6666 13508
0 7284 13831
0 8901 13575
0 142 13200
0 6666 13328
0 2587 13483
0 7577 13539
0 5268 13410
0 4878 13196
0 7859 13093
0 6338 12899
0 9825 12700
0 6338 12741
0 8901 12666
0 6338 12289
0 825 12345
0 4468 12498
0 7284 12199
0 11932 11776
0 8901 11997
0 4878 12218
0 7284 12271
0 6666 12415
0 -25544 12375
0 5640 12165
0 3582 12113
0 8132 12367
0 10041 12654
0 5640 12513
0 -1423 12293
0 9376 12011
0 10251 12234
0 6981 12443
0 1456 12473
0 7577 12618
0 18452 19495
0 23310 19610
0 24073 19825
0 25544 19800
0 25544 19899
0 15877 20001
0 25544 20071
0 25544 20209
0 24665 20365
0 25544 20256
0 19589 20219
0 24188 20032
0 25544 19768
0 14268 19754
0 25544 19903
0 25544 19876
0 25544 19911
0 25544 19650
0 25544 19397
0 25544 19333
0 25544 19230
0 25544 18916
0 24911 18828
0 20409 18744
0 23435 18418
0 16184 18196
0 25544 17944
0 19786 17615
0 19522 17692
0 24980 17796
0 15448 17661
0 14140 17229
0 16083 16802
0 22085 16663
0 13183 16734
0 18062 16709
0 20041 16073
0 19250 15663
0 15448 15597
0 142 15604
0 10455 15527
0 21477 15336
0 19319 15023
0 16284 14826
0 3100 15020
0 12581 14935
0 16184 14701
0 16859 14433
0 -4532 14606
1 22652 14959
0 20409 14965
0 7859 14675
0 15112 14442
0 15981 14268
0 11409 14470
0 10850 14753
0 10655 14683
0 8397 14530
0 5640 14659
0 5640 15049
0 2587 15270
0 -7544 14787
0 11227 14343
0 12424 14380
0 -5900 14560
0 10041 14299
0 15981 14262
0 11041 14375
0 8901 14281
0 4878 14046
0 6338 14104
0 -7544 14198
0 8901 14217
0 2041 14401
0 2041 14585
0 9376 14472
0 5640 13761
0 4468 13382
0 1456 13588
0 2587 13239
0 5640 12855
0 -7544 12923
0 2587 13139
0 11409 13247
0 2041 13014
0 8132 12768
0 1456 12621
0 7577 12426
0 11041 12394
0 4878 12448
0 8653 12321
0 6981 12001
0 4037 12147
0 7284 12441
0 7284 12179
0 -12359 11839
0 5640 12071
0 13743 12366
0 12099 12513
0 7284 12708
0 8397 12720
0 4037 12345
0 5997 12292
0 -3360 12572
0 5640 12762
0 3582 12553
0 7859 12344
0 6981 12157
0 7859 12239
0 6338 12389
0 3582 12364
0 -1423 12334
0 23435 19273
0 25544 19428
0 25544 19603
0 25544 19624
0 25544 19674
0 21424 19771
0 25544 19833
0 21736 19965
0 25544 20003
0 25544 19888
0 25544 19906
0 20409 19645
0 25544 19437
0 25544 19477
0 25544 19696
0 25544 19827
0 25544 19926
0 25544 19799
0 19250 19471
0 25544 19378
0 25544 19322
0 25184 19050
0 25544 18870
0 25544 18785
0 21044 18448
0 20876 18236
0 22374 17924
0 17568 17589
0 22183 17621
0 15338 17716
0 11409 17532
0 13468 17074
0 15772 16645
0 7859 16572
0 15665 16717
0 11587 16788
0 5997 16154
0 7859 15679
0 12099 15509
0 2587 15628
0 7859 15585
0 9376 15469
0 17819 15218
0 11227 15087
0 10455 15225
0 5997 15134
0 12424 14817
0 10251 14482
0 10041 14602
0 16480 14970
0 -7544 15014
0 825 14863
0 14268 14573
0 10850 14333
0 2587 14515
0 4878 14743
0 -1423 14624
0 -1423 14531
0 10251 14622
0 8901 15060
0 9376 15315
0 8901 14863
0 4878 14426
0 6981 14497
0 8397 14559
0 4037 14224
0 12736 14295
0 13607 14399
0 11041 14237
0 6338 14009
0 7577 14038
0 6338 14119
0 11041 14046
0 10041 14208
0 3100 14474
0 7577 14360
0 13468 13712
0 7284 13465
0 14140 13625
0 4037 13135
0 12263 12746
0 8901 12825
0 11041 13143
0 5997 13331
0 -7544 13171
0 10850 13015
0 7859 12860
0 -12359 12667
0 4468 12670
0 5640 12728
0 5997 12526
0 9142 12219
0 12424 12340
0 9376 12598
0 9376 12262
0 11409 11996
0 -1423 12278
0 12888 12486
0 4037 12666
0 5640 12869
0 2587 12784
0 8901 12360
0 -7544 12213
0 3100 12516
0 -3360 12603
0 10850 12335
0 142 12075
0 12581 11981
0 5997 11970
0 9604 12130
0 3100 12067
0 8653 12005
0 25544 18795
0 25544 18833
0 25544 18930
0 25544 19031
0 25544 19125
0 25544 19247
0 25544 19312
0 22231 19443
0 25544 19501
0 25544 19512
0 24188 19477
0 25544 19174
0 25544 18904
0 25544 18967
0 25544 19225
0 23010 19399
0 25544 19480
0 20876 19345
0 19978 19074
0 14268 19028
0 9142 19029
0 25544 18737
0 23477 18586
0 21317 18610
0 11761 18358
0 7284 18148
0 9604 17817
0 18752 17589
0 17483 17480
0 -1423 17614
0 15665 17505
0 9604 17124
0 16083 16678
0 14640 16581
0 15877 16836
0 5997 16875
0 13743 16327
0 13183 15881
0 19850 15712
0 23394 15852
0 21529 15838
0 13878 15719
0 5640 15440
0 15112 15331
0 17221 15414
0 14010 15385
0 11932 15095
0 13607 14614
0 18062 14590
0 17397 14942
0 14268 14995
0 9142 14830
0 8653 14456
0 13327 14166
0 10455 14262
0 -3360 14513
0 12263 14364
0 13743 14212
0 11932 14201
0 12888 14706
0 -2334 14875
0 9604 14431
0 5268 14056
0 11409 14051
0 8653 13972
0 12263 13716
0 11932 13839
0 13037 13971
0 14879 13820
0 8653 13597
0 7859 13627
0 5997 13769
0 -3360 13623
0 7859 13770
0 5640 14116
0 9825 14017
0 1456 13373
0 6981 13127
0 10251 13229
0 9376 12690
0 142 12351
0 2041 12409
0 15338 12786
0 11761 12991
0 9376 12831
0 10041 12764
0 3100 12749
0 -9603 12639
0 3582 12735
0 -9603 12825
0 1456 12591
0 142 12251
0 6981 12219
0 10041 12519
0 11761 12285
0 14140 11999
0 12424 12237
0 9376 12457
0 11761 12647
0 11041 12833
0 9825 12736
0 8132 12263
0 2587 12127
0 4468 12489
0 6981 12595
0 142 12384
0 7284 12018
0 -2334 11895
0 11041 11938
0 6666 12114
0 7577 12151
0 9604 12090
0 25544 18867
0 25544 18833
0 25544 19004
0 25544 19103
0 25544 19119
0 18452 19201
0 25544 19201
0 25544 19319
0 25544 19342
0 25544 19296
0 25544 19213
0 25544 18861
0 25544 18512
0 25544 18489
0 13468 18801
0 25544 18941
0 23182 18972
0 17483 18912
0 14140 18693
0 11409 18642
0 18825 18632
0 10455 18312
0 20349 18197
0 17982 18225
0 10850 18072
0 5640 17885
0 11409 17616
0 13037 17430
0 11409 17450
0 6338 17701
0 10455 17652
0 13468 17259
0 13183 16851
0 14879 16789
0 13183 17064
0 4037 17189
0 8653 16792
0 5268 16314
0 12099 16206
0 20988 16346
0 15877 16411
0 6338 16242
0 8653 15921
0 12263 15766
0 12263 15798
0 1456 15751
0 7577 15423
0 8901 14872
0 7284 14821
0 6981 15148
0 142 15219
0 9825 15088
0 11041 14612
0 7577 14175
0 3100 14247
0 5640 14503
0 6666 14394
0 3100 14234
0 8397 14171
0 10655 14647
0 9376 14758
0 -12359 14250
0 7284 13885
0 -4532 13911
0 7859 13804
0 3100 13549
0 5997 13690
0 12736 13844
0 11932 13549
0 2041 13280
0 4037 13355
0 11932 13469
0 14394 13310
0 9604 13479
0 4037 13838
0 4037 13775
0 14761 13173
0 -5900 12912
0 10850 13044
0 6981 12521
0 8397 12124
0 9604 12281
0 13743 12592
0 11041 12777
0 9604 12705
0 11587 12690
0 3582 12637
0 4878 12443
0 9142 12552
0 8901 12708
0 5640 12512
0 10251 12223
0 3582 12201
0 5997 12419
0 8653 12144
0 9604 11871
0 6338 12069
0 11409 12198
0 142 12372
0 -12359 12625
0 7859 12601
0 142 12171
0 -7544 12030
0 1456 12380
0 1456 12454
0 6666 12189
0 5268 11739
0 6666 11637
0 8901 11739
0 9142 11956
0 5640 12203
0 7859 12231
0 25544 18573
0 25544 18528
0 25544 18662
0 25480 18810
0 22085 18784
0 22085 18894
0 23310 18792
0 25544 18747
0 25544 18836
0 25544 18851
0 14879 18719
0 23760 18318
0 13468 18043
0 18752 18023
0 22922 18358
0 23518 18527
0 16859 18535
0 15981 18432
0 13878 18261
0 2587 18280
0 13607 18295
0 7284 17982
0 24485 17869
0 19455 18022
0 19914 17957
0 17397 17785
0 18062 17589
0 16672 17472
0 7859 17405
0 16951 17679
0 16951 17864
0 12099 17539
0 14996 17142
0 -2334 17109
0 11587 17359
0 15226 17478
0 12581 17032
0 10455 16614
0 14394 16515
0 12581 16637
0 1456 16786
0 11932 16685
0 3582 16316
0 5640 15933
0 4878 15942
0 8653 15964
0 5997 15638
0 17819 15058
0 14640 14952
0 7577 15173
0 6666 15200
0 4037 15079
0 6981 14608
0 10455 14097
0 4468 14168
0 7859 14490
0 4878 14479
0 7284 14240
0 15665 14252
0 14010 14771
0 12581 14765
0 8397 14232
0 2041 13874
0 7577 13833
0 13037 13757
0 6981 13628
0 1456 13843
0 11227 13909
0 13037 13599
0 4468 13289
0 3582 13358
0 6338 13548
0 7577 13363
0 10655 13460
0 6666 13789
0 12736 13747
0 4878 13119
0 6666 12846
0 10455 13023
0 11227 12585
0 4468 12318
0 3582 12424
0 5640 12654
0 1456 12831
0 -25544 12812
0 7284 12856
0 10850 12778
0 -3360 12604
0 -2334 12564
0 5640 12752
0 11587 12824
0 5640 12581
0 6666 12412
0 5268 12601
0 -603 12351
0 6666 12072
0 4878 12221
0 13183 12280
0 4468 12282
0 2041 12443
0 8653 12457
0 8653 12037
0 7859 11918
0 7859 12264
0 6666 12421
0 6981 12255
0 825 11865
0 8397 11656
0 4037 11865
0 4878 12091
0 5268 12276
0 9142 12288
0 22877 17979
0 25544 17925
0 25544 18123
0 25544 18274
0 25544 18310
0 25544 18432
0 17736 18358
0 13037 18336
0 22607 18459
0 23140 18504
0 22231 18353
0 13183 17908
0 15448 17637
0 23477 17644
0 23140 18013
0 22183 18157
0 21529 18116
0 11227 18026
0 11761 17878
0 15112 17900
0 19319 17910
0 15338 17666
0 15665 17555
0 1456 17749
0 16672 17718
0 18142 17564
0 12263 17256
0 14518 17148
0 17397 17141
0 1456 17482
0 142 17702
0 7284 17348
0 4878 16971
0 12099 16877
0 9604 17086
0 9376 17040
0 12736 16531
0 11409 16111
0 7859 15948
0 -9603 16130
0 -603 16276
0 14394 16169
0 16577 15769
0 12736 15433
0 14268 15519
0 9376 15530
0 8653 15208
0 11409 14592
0 10655 14597
0 5640 14842
0 3100 14950
0 7577 14867
0 8653 14415
0 12888 13905
0 5640 13896
0 7284 14187
0 10041 14099
0 8132 13787
0 9376 13771
0 11227 14294
0 14394 14342
0 10850 13701
0 10455 13308
0 9825 13243
0 10655 13230
0 12263 13103
0 5640 13288
0 13037 13383
0 11041 13116
0 -25544 12870
0 -7544 12984
0 7577 13235
0 3100 13003
0 -7544 13044
0 4468 13395
0 825 13331
0 4878 12683
0 2587 12355
0 6981 12648
0 13183 12292
0 4878 12094
0 9376 12214
0 2041 12416
0 4037 12498
0 9376 12495
0 -5900 12670
0 6338 12655
0 3582 12529
0 5268 12542
0 825 12732
0 4468 12800
0 2587 12595
0 5640 12488
0 3100 12606
0 -7544 12362
0 -25544 12149
0 2587 12258
0 -3360 12228
0 -2334 12132
0 4037 12276
0 8132 12430
0 13468 11971
0 4878 11799
0 6666 12098
0 11409 12281
0 -603 12158
0 4468 11887
0 8653 11736
0 5640 11813
0 1456 11989
0 8901 12200
0 10041 12277
0 16766 18015
0 16383 17980
0 16951 18073
0 19388 17989
0 19111 17947
0 8901 18088
0 17221 18023
0 16184 18026
0 14140 18155
0 17819 18245
0 19111 18065
0 15226 17638
0 17042 17360
0 21424 17358
0 18062 17784
0 13743 18012
0 18142 17968
0 19589 17894
0 20041 17743
0 19250 17778
0 8901 17839
0 21887 17540
0 16859 17299
0 15772 17453
0 16951 17386
0 17901 17161
0 12099 16838
0 12424 16718
0 5268 16648
0 9376 16999
0 10455 17292
0 11587 16915
0 11587 16484
0 8132 16325
0 142 16482
0 -603 16387
0 7577 15888
0 11932 15477
0 12581 15343
0 8653 15560
0 4468 15801
0 7859 15768
0 10850 15397
0 7284 15013
0 5640 15159
0 6981 15189
0 -25544 14861
0 9376 14283
0 13878 14304
0 10455 14512
0 4468 14636
0 3100 14662
0 -7544 14221
0 5640 13679
0 5640 13752
0 2587 14028
0 4037 13876
0 4878 13456
0 -5900 13425
0 9825 14013
0 10850 14081
0 10655 13447
0 9825 13081
0 7577 13048
0 5640 13059
0 5997 13025
0 11932 13169
0 12099 13311
0 -3360 13067
0 9825 12917
0 9604 13114
0 -4532 13287
0 4037 13030
0 -12359 13045
0 -3360 13369
0 11041 13418
0 9376 12824
0 -1423 12480
0 142 12767
0 5268 12423
0 6981 12232
0 13743 12324
0 4037 12471
0 4878 12603
0 12736 12586
0 9825 12747
0 9825 12723
0 8397 12584
0 6338 12585
0 10251 12746
0 12263 12901
0 -603 12722
0 3582 12610
0 4037 12752
0 -12359 12441
0 7577 12239
0 5997 12375
0 6338 12369
0 6666 12312
0 3582 12440
0 -4532 12737
0 -2334 12302
0 2587 12110
0 5997 12370
0 -1423 12589
0 1456 12467
0 825 12144
0 8132 12078
0 -7544 11990
0 -3360 12154
0 5997 12366
0 3100 12450
0 18062 17695
0 17483 17682
0 22036 17745
0 20819 17670
0 5640 17600
0 18603 17813
0 9142 17762
0 2041 17607
0 18603 17747
0 25544 17812
0 24448 17604
0 7284 17166
0 16184 16989
0 12888 17062
0 20041 17468
0 14394 17792
0 5640 17663
0 14394 17619
0 5997 17443
0 142 17377
0 4037 17469
0 1456 17123
0 11761 16854
0 10041 16958
0 13037 16979
0 15665 16735
0 6666 16315
0 16480 16161
0 17982 16079
0 10041 16413
0 17568 16636
0 12263 16229
0 14879 15782
0 11761 15656
0 10251 15795
0 10041 15725
0 7859 15331
0 9142 14931
0 11761 14816
0 7859 15092
0 -3360 15398
0 8397 15383
0 7577 14894
0 11761 14622
0 4878 14930
0 4468 14985
0 8132 14748
0 7284 14248
0 -5900 14218
0 -1423 14461
0 3582 14522
0 6666 14579
0 11587 14176
0 9825 13670
0 9376 13777
0 -2334 14078
0 7859 13959
0 2587 13488
0 6981 13434
0 5268 14147
0 -603 14182
0 4878 13548
0 9825 13119
0 -12359 13113
0 1456 13219
0 -3360 13144
0 10041 13300
0 15772 13448
0 12736 13251
0 2041 13113
0 4037 13287
0 9376 13477
0 -4532 13206
0 142 13282
0 4878 13551
0 4468 13593
0 3100 12925
0 5640 12636
0 7577 12905
0 7577 12519
0 6981 12304
0 6981 12408
0 -7544 12495
0 -7544 12624
0 6666 12549
0 4468 12698
0 11761 12650
0 4037 12489
0 1456 12552
0 -9603 12635
0 -4532 12714
0 8901 12645
0 6666 12518
0 4468 12697
0 4878 12381
0 3100 12281
0 6666 12546
0 -2334 12533
0 2587 12412
0 142 12482
0 9825 12802
0 142 12433
0 8397 12410
0 6338 12736
0 4037 12911
0 10655 12694
0 13183 12417
0 -2334 12387
0 11932 12284
0 -3360 12323
0 5640 12554
0 8653 12658
0 23518 17428
0 2041 17439
0 23140 17483
0 23879 17433
0 20932 17385
0 4037 17648
0 17901 17678
0 19250 17567
0 15772 17679
0 10455 17638
0 17483 17423
0 16383 16995
0 16284 16792
0 17653 16847
0 9604 17333
0 17736 17693
0 19455 17618
0 17042 17532
0 11041 17316
0 1456 17110
0 13037 17156
0 2041 16778
0 11227 16484
0 12099 16554
0 9142 16520
0 6981 16231
0 825 15885
0 8397 15662
0 15112 15535
0 14996 15781
0 14140 15958
0 12888 15534
0 12736 15063
0 10850 14887
0 5997 15055
0 3582 14996
0 12099 14711
0 14268 14330
0 825 14197
0 4878 14426
0 -12359 14794
0 6981 14744
0 5268 14269
0 7284 14118
0 5997 14419
0 5640 14493
0 7577 14346
0 12581 13896
0 7577 13801
0 7859 14022
0 13327 14078
0 10041 14060
0 8132 13765
0 10850 13274
0 13183 13475
0 10041 13887
0 4468 13725
0 2041 13276
0 10455 13267
0 9604 13961
0 7577 14016
0 14010 13398
0 13607 12999
0 11587 13051
0 9825 13177
0 1456 13024
0 12736 13161
0 14518 13325
0 13327 13197
0 10251 13024
0 11761 13116
0 -4532 13187
0 -3360 12923
0 -5900 12967
0 5997 13327
0 7577 13397
0 10655 12725
0 5997 12406
0 5640 12635
0 11587 12371
0 5640 12169
0 3582 12235
0 -1423 12395
0 -9603 12543
0 -1423 12412
0 7859 12518
0 11041 12500
0 8132 12350
0 1456 12501
0 142 12640
0 7284 12703
0 2041 12667
0 2587 12592
0 4037 12799
0 6338 12537
0 12424 12445
0 6338 12587
0 1456 12528
0 2041 12385
0 4468 12442
0 4037 12686
0 6981 12246
0 4878 12193
0 142 12592
0 -4532 12706
0 8132 12535
0 9142 12399
0 3582 12379
0 6981 12311
0 142 12273
0 -7544 12506
0 -1423 12623
0 17132 17496
0 13183 17456
0 15226 17470
0 12263 17307
0 5997 17251
0 -1423 17543
0 -5900 17523
0 8397 17194
0 9604 17308
0 14394 17309
0 17901 17050
0 16766 16544
0 10041 16340
0 15112 16289
0 10251 16741
0 17901 17126
0 11041 16947
0 10455 16867
0 11409 16690
0 11041 16407
0 11932 16489
0 14996 16115
0 16184 15732
0 6981 15698
0 11409 15808
0 13037 15508
0 15665 15190
0 12424 15061
0 6666 14946
0 11587 15218
0 -5900 15396
0 10455 15011
0 8901 14637
0 14140 14595
0 5640 14690
0 11587 14601
0 9376 14394
0 7859 13987
0 8397 13837
0 11041 14032
0 8132 14476
0 11409 14386
0 14140 13897
0 15338 13802
0 4468 14162
0 4468 14193
0 6338 14018
0 10655 13580
0 16184 13441
0 15558 13660
0 13037 13747
0 4468 13866
0 -5900 13639
0 -3360 13203
0 -603 13393
0 7284 13835
0 6666 13720
0 5268 13110
0 4878 13234
0 7577 13979
0 8901 13995
0 5640 13438
0 2587 13182
0 4037 13230
0 4037 13281
0 3582 13166
0 13327 13216
0 5640 13399
0 12099 13256
0 6666 13126
0 7859 13147
0 10251 13116
0 142 12874
0 -5900 12966
0 8653 13359
0 10455 13375
0 5640 12827
0 4468 12526
0 7859 12709
0 142 12440
0 1456 12167
0 5268 12166
0 6981 12300
0 8397 12455
0 10041 12352
0 7284 12463
0 6981 12481
0 -12359 12517
0 5640 12811
0 2587 12904
0 4468 12869
0 5640 12765
0 9142 12682
0 8901 12941
0 2587 12767
0 825 12790
0 142 13050
0 4878 13043
0 1456 12888
0 -1423 12899
0 825 13087
0 6981 12519
0 7577 12510
0 9376 12929
0 9825 12863
0 1456 12648
0 4878 12473
0 7577 12615
0 6666 12568
0 5268 12522
0 9604 12714
0 11227 12798
0 -3360 16996
0 14010 17112
0 15226 17134
0 7284 17058
0 13468 16997
0 12888 17302
0 13037 17273
0 11761 16934
0 12263 16987
0 11409 16845
0 4037 16568
0 16672 16140
0 16577 15908
0 6666 15812
0 1456 16171
0 4468 16505
0 16083 16248
0 14518 16167
0 6981 15960
0 8901 15647
0 3582 15544
0 2041 15190
0 8653 14846
0 14518 14771
0 11932 14750
0 8132 14535
0 7284 14324
0 -1423 14312
0 8397 14321
0 -1423 14585
0 11932 14819
0 8132 14532
0 -7544 14220
0 3582 14300
0 13327 14419
0 13743 14326
0 -25544 14120
0 7859 13872
0 12736 13729
0 12888 13855
0 825 14220
0 12424 14180
0 8901 13738
0 7577 13635
0 10455 13868
0 4037 13849
0 -3360 13695
0 4037 13268
0 15981 13181
0 13743 13490
0 3582 13564
0 13607 13678
0 10850 13482
0 -12359 13140
0 7859 13263
0 9604 13624
0 2587 13490
0 10251 12897
0 13183 13037
0 10041 13717
0 825 13688
0 8901 13221
0 5268 12948
0 14140 12914
0 7284 12960
0 -1423 12804
0 12099 12811
0 14879 13126
0 15448 13077
0 4468 12959
0 9142 13099
0 8901 13148
0 142 13013
0 6338 13202
0 6666 13574
0 8653 13656
0 3100 13269
0 -2334 12940
0 -1423 13073
0 -1423 12791
0 2587 12384
0 2041 12363
0 3582 12470
0 8397 12558
0 6338 12420
0 -3360 12477
0 -1423 12451
0 6338 12467
0 10455 12822
0 2041 12947
0 -3360 12879
0 -5900 12728
0 5268 12553
0 4037 12588
0 6338 12544
0 8901 12618
0 142 12851
0 8901 12890
0 6981 12781
0 8901 12865
0 -3360 13101
0 8397 12524
0 7859 12500
0 9604 12975
0 5997 12883
0 7859 12679
0 8901 12623
0 10850 12755
0 6981 12749
0 7577 12742
0 10655 12958
0 4037 13010
0 18452 16505
0 18299 16659
0 7284 16641
0 6666 16562
0 6981 16415
0 4878 16708
0 11409 16620
0 11587 16322
0 5997 16481
0 7577 16487
0 6666 16194
0 4037 15774
0 12888 15629
0 17397 15528
0 5997 15887
0 7859 16151
0 9142 15882
0 10041 15862
0 7577 15712
0 142 15407
0 4468 15255
0 9604 14986
0 16951 14531
0 10455 14489
0 1456 14486
0 10041 14271
0 9825 14094
0 2041 14036
0 -1423 14108
0 -1423 14298
0 6666 14557
0 2587 13984
0 6338 13711
0 6666 13817
0 7284 13875
0 4468 13734
0 5640 13450
0 10850 13194
0 10041 12964
0 7859 13121
0 5268 13586
0 8397 13530
0 8653 13141
0 14010 12997
0 7284 13245
0 6338 13164
0 3100 13024
0 4037 12781
0 6981 12820
0 142 13136
0 -3360 13191
0 11761 13265
0 10041 13205
0 2587 12895
0 -7544 13077
0 4468 13484
0 -3360 13315
0 8397 12715
0 6981 12944
0 11041 13636
0 6981 13546
0 2041 13065
0 2587 12857
0 7859 12774
0 4037 12733
0 9376 12551
0 -2334 12592
0 11409 12934
0 9376 12953
0 -603 12853
0 -2334 13042
0 8132 13053
0 8901 12939
0 -1423 13260
0 4037 13632
0 142 13704
0 -7544 13310
0 3582 13001
0 9376 13058
0 4037 12807
0 6666 12488
0 6338 12461
0 5997 12519
0 8397 12581
0 6338 12390
0 5640 12420
0 12099 12332
0 10455 12346
0 12263 12645
0 6338 12695
0 -2334 12543
0 825 12557
0 6338 12386
0 3100 12289
0 -4532 12320
0 -5900 12397
0 7859 12617
0 5268 12682
0 6981 12517
0 11227 12645
0 5640 12796
0 -12359 12251
0 7859 12231
0 1456 12755
0 11932 12651
0 5640 12433
0 8653 12447
0 12424 12612
0 4468 12517
0 7577 12493
0 10455 12784
0 142 12939
0 8901 16091
0 1456 16129
0 10850 16082
0 -4532 15943
0 8901 15836
0 7284 16114
0 4878 16009
0 12736 15737
0 10455 15902
0 8132 15889
0 8132 15577
0 11041 15294
0 11041 15168
0 6981 15055
0 4878 15477
0 -9603 15766
0 2587 15487
0 4878 15512
0 7577 15511
0 7577 15234
0 7577 15043
0 5268 14771
0 12099 14393
0 11932 14243
0 9376 14150
0 11227 13893
0 12099 13782
0 13037 13756
0 6666 13784
0 6338 13979
0 11227 14266
0 8132 13586
0 10041 13266
0 11227 13331
0 8653 13387
0 7284 13150
0 -5900 12869
0 6666 12749
0 5640 12531
0 9604 12684
0 8653 13300
0 9604 13276
0 -603 12997
0 8397 12787
0 142 12944
0 3100 12854
0 -4532 12823
0 4878 12624
0 8397 12770
0 7577 13095
0 1456 13109
0 8901 13112
0 13037 13087
0 7284 12966
0 5640 13187
0 -603 13673
0 7859 13584
0 825 13028
0 -603 13260
0 1456 13908
0 142 13844
0 4468 13481
0 3100 13321
0 11587 13046
0 2587 12931
0 -7544 12624
0 3582 12607
0 5997 12794
0 4878 12764
0 11761 12605
0 11409 12602
0 3100 12515
0 7284 12274
0 5640 12566
0 4878 12812
0 -5900 12840
0 2587 12593
0 2587 12327
0 5268 12363
0 7577 12097
0 5640 11939
0 -7544 12029
0 -9603 12275
0 7284 12302
0 9376 12163
0 1456 12230
0 13607 12111
0 -1423 12156
0 12581 12441
0 4037 12319
0 6981 12224
0 7577 12323
0 8397 12184
0 3100 12133
0 -3360 12229
0 4037 12355
0 -2334 12612
0 9376 12707
0 8901 12571
0 8397 12669
0 142 12901
0 4878 12414
0 2587 12518
0 2587 13046
0 14010 12989
0 12736 12809
0 -25544 12809
0 3100 12846
0 10041 12575
0 142 12552
0 10850 12792
0 6666 12883
0 -1423 15299
0 11227 15303
0 8901 15293
0 5640 15208
0 8653 15118
0 9604 15417
0 3582 15281
0 1456 15100
0 3582 15340
0 9604 15334
0 13468 14946
0 7859 14706
0 4878 14682
0 10455 14601
0 5997 14985
0 10041 15301
0 9142 15063
0 5997 15050
0 5640 15068
0 2587 14787
0 8901 14525
0 4037 14307
0 13468 13973
0 142 13831
0 10251 13794
0 10455 13656
0 8901 13501
0 11409 13492
0 -3360 13437
0 9825 13625
0 2041 13823
0 7284 13192
0 14640 12910
0 8132 13153
0 2041 13297
0 8397 13038
0 14761 12811
0 12424 12684
0 8132 12423
0 10850 12624
0 7859 13140
0 -2334 13167
0 3582 12796
0 8397 12583
0 4878 12726
0 4468 12626
0 9376 12401
0 5268 12284
0 6981 12377
0 7859 12614
0 -3360 12586
0 6981 12531
0 9825 12424
0 -3360 12456
0 8653 12732
0 -1423 13183
0 1456 13062
0 10455 12543
0 -2334 12754
0 10041 13588
0 7284 13601
0 -3360 13296
0 -5900 13195
0 8397 13009
0 6981 12932
0 -1423 12644
0 6666 12642
0 12424 12759
0 12736 12724
0 2587 12663
0 4468 12721
0 142 12612
0 3582 12286
0 11227 12570
0 8653 12852
0 -5900 12903
0 1456 12689
0 2587 12419
0 2587 12481
0 -3360 12211
0 11227 12173
0 -3360 12367
0 10655 12577
0 -603 12572
0 9825 12542
0 4468 12576
0 8653 12520
0 3100 12520
0 8397 12727
0 9142 12567
0 10455 12464
0 -3360 12576
0 -5900 12427
0 2587 12175
0 4037 12168
0 6981 12327
0 825 12515
0 2041 12498
0 10850 12332
0 14394 12389
0 9604 12627
0 -1423 12217
0 4037 12209
0 -1423 12723
0 4037 12611
0 7859 12289
0 142 12370
0 11409 12489
0 10850 12173
0 -5900 12173
0 5640 12398
0 9604 12510
0 14140 14415
0 6666 14397
0 11932 14423
0 11227 14409
0 6981 14333
0 2587 14500
0 2041 14304
0 9825 14100
0 11587 14458
0 13183 14470
0 11409 14216
0 -7544 14102
0 142 13980
0 7577 13870
0 9142 14366
0 3582 14633
0 10455 14238
0 4468 14169
0 6981 14324
0 12099 14138
0 5268 13861
0 7284 13651
0 7284 13450
0 13468 13427
0 7284 13488
0 8397 13518
0 10850 13474
0 14518 13510
0 12736 13476
0 -1423 13796
0 825 14103
0 5268 13567
0 8397 13277
0 5997 13586
0 7859 13567
0 7577 13230
0 5997 12938
0 8653 12820
0 7577 12409
0 8397 12561
0 6338 13060
0 142 13057
0 825 12600
0 6338 12344
0 9825 12506
0 8132 12470
0 14640 12242
0 11409 12189
0 10041 12193
0 2587 12374
0 5268 12309
0 7859 12225
0 5268 12129
0 7577 12175
0 825 12439
0 4037 12985
0 4037 12904
0 11761 12297
0 2041 12429
0 8397 13145
0 7284 13148
0 2041 13008
0 13183 13031
0 9142 12828
0 8397 12702
0 10655 12523
0 5997 12501
0 11761 12755
0 8132 12740
0 8397 12737
0 4468 12878
0 7577 12842
0 15448 12656
0 13607 12962
0 2041 13283
0 8901 13321
0 11409 13098
0 3582 12955
0 6338 12879
0 6338 12540
0 6338 12469
0 8901 12716
0 8653 12904
0 8901 12885
0 2041 12766
0 -3360 12815
0 12099 12720
0 5997 12749
0 5640 12820
0 3582 12620
0 12581 12592
0 10455 12540
0 14394 12330
0 10850 11919
0 6981 11853
0 2041 11951
0 7284 12193
0 9142 12295
0 10041 12093
0 12736 12080
0 9604 12353
0 -603 11929
0 -1423 11924
0 10455 12361
0 10041 12122
0 8132 11984
0 11587 12101
0 6666 12147
0 8397 11938
0 8901 12022
0 12888 12329
0 13468 12454
0 11041 14396
0 5268 14423
0 10655 14512
0 825 14457
0 -3360 14325
0 12099 14380
0 -9603 14235
0 17397 14029
0 15772 14454
0 12099 14449
0 9376 14157
0 10455 14021
0 10455 13991
0 14518 13838
0 3100 14194
0 -9603 14475
0 142 14024
0 4037 13896
0 4037 14101
0 5268 13813
0 11932 13523
0 13878 13309
0 14761 13111
0 12888 13083
0 1456 13168
0 9825 13156
0 9142 13288
0 142 13406
0 8653 13379
0 10455 13656
0 2587 13945
0 -2334 13405
0 1456 13131
0 7284 13513
0 3100 13476
0 -1423 13139
0 12424 12810
0 12099 12680
0 8901 12408
0 10251 12491
0 7284 12998
0 7859 13020
0 10251 12688
0 7577 12403
0 12736 12712
0 4037 12754
0 10041 12569
0 4037 12688
0 14268 12758
0 14879 12921
0 -7544 12849
0 11932 12728
0 12099 12649
0 7284 12781
0 5997 13052
0 3100 13447
0 8132 13472
0 -603 12796
0 5997 12805
0 9604 13417
0 3100 13419
0 11587 13164
0 13607 13153
0 8653 12961
0 -7544 12875
0 10251 12684
0 15772 12637
0 14140 12686
0 10655 12553
0 12888 12524
0 8901 12692
0 4037 12686
0 5997 12549
0 9604 12779
0 -3360 13088
0 2587 13136
0 9142 12886
0 10041 12579
0 7577 12512
0 7284 12199
0 7284 12189
0 15558 12459
0 1456 12529
0 8653 12523
0 -603 12537
0 7577 12660
0 8397 12614
0 1456 12591
0 825 12632
0 10041 12479
0 4468 12519
0 2587 12497
0 825 12361
0 -4532 11972
0 142 11996
0 8397 12233
0 9376 12560
0 3100 12691
0 5640 12447
0 -3360 12476
0 1456 12821
0 3100 12351
0 8132 12303
0 8901 12647
0 11761 12343
0 3100 12206
0 142 12252
0 8397 12340
0 3582 12113
0 4037 12183
0 12736 12420
0 7859 12563
0 17042 14118
0 10455 14127
0 142 14102
0 13468 14110
0 11761 14084
0 2041 14199
0 5997 14000
0 142 13726
0 9376 14055
0 1456 14003
0 13183 13685
0 14640 13601
0 8901 13576
0 11227 13529
0 11041 14015
0 14518 14427
0 11761 13998
0 -9603 13764
0 8132 13983
0 142 13751
0 13878 13416
0 17397 13255
0 12263 12962
0 10850 13020
0 11041 13019
0 4878 12963
0 12424 13083
0 3100 13172
0 10041 13024
0 14761 13289
0 10655 13686
0 -1423 13128
0 4878 12847
0 3582 13234
0 8653 13243
0 8653 12908
0 -1423 12625
0 -2334 12623
0 7284 12357
0 11932 12493
0 4037 13095
0 10455 13224
0 13327 12960
0 10850 12691
0 8397 13085
0 7284 13153
0 7577 12854
0 6666 12996
0 12888 13032
0 9142 13088
0 9142 12981
0 13607 12856
0 9825 12852
0 3582 12953
0 5997 13177
0 2587 13577
0 2041 13527
0 9142 12718
0 6338 12650
0 -9603 13293
0 8901 13332
0 12424 13114
0 12424 13173
1 15772 12969
0 11761 12885
0 3582 12742
0 5997 12724
0 11041 12712
0 14640 12585
0 12424 12551
0 4878 12723
0 7577 12770
0 3100 12543
0 -12359 12705
0 3582 13028
0 10850 13104
0 9376 12862
0 -3360 12565
0 -12359 12454
0 -9603 12113
0 142 12143
0 9604 12342
0 9825 12449
0 7859 12412
0 -2334 12358
0 9376 12564
0 4878 12581
0 11761 12672
0 12424 12676
0 8397 12624
0 6666 12748
0 9825 12736
0 6981 12449
0 9376 12132
0 4037 12166
0 2587 12476
0 8901 12884
0 11409 13090
0 12263 12797
0 8653 12798
0 7284 13097
0 7577 12722
0 9604 12644
0 -3360 12930
0 -5900 12594
0 -2334 12552
0 7577 12512
0 -603 12532
0 5640 12175
0 -7544 12253
0 10850 12319
0 12424 12459
0 13468 13176
0 16480 13200
0 7284 13215
0 9825 13227
0 7859 13159
0 142 13359
0 8901 13308
0 10041 13131
0 13037 13392
0 1456 13334
0 5997 13039
0 -7544 13037
0 1456 13025
0 4468 12983
0 3582 13392
0 -25544 13825
0 10850 13498
0 12888 13351
0 7577 13613
0 2041 13409
0 6981 13024
0 8397 12881
0 8901 12621
0 7859 12610
0 -12359 12621
0 12424 12556
0 15558 12619
0 5268 12882
0 6981 12782
0 5640 13099
0 8132 13371
0 4468 12793
0 3582 12600
0 8653 13054
0 1456 13053
0 12424 12724
0 -1423 12481
0 8132 12474
0 5640 12297
0 2587 12477
0 7859 12923
0 5268 13087
0 2041 12750
0 2041 12653
0 142 13040
0 -603 13106
0 142 12707
0 5997 12709
0 9604 12724
0 3582 12738
0 7284 12579
0 8397 12387
0 3100 12399
0 -2334 12498
0 10251 12631
0 12099 12975
0 4037 12947
0 7284 12219
0 142 12093
0 11409 12762
0 8653 12949
0 1456 12778
0 10455 12803
0 9142 12693
0 5640 12669
0 4468 12539
0 9825 12476
0 4878 12535
0 9825 12430
0 13037 12417
0 11761 12598
0 -1423 12630
0 7577 12453
0 8653 12517
0 -7544 12793
0 4878 12910
0 -3360 12743
0 5268 12461
0 4037 12325
0 -3360 12057
0 6981 12027
0 9604 12228
0 11041 12292
0 10041 12165
0 7284 12084
0 9376 12322
0 -9603 12436
0 142 12502
0 3582 12567
0 7577 12549
0 13468 12651
0 10850 12646
0 6338 12279
0 4878 11961
0 12424 11897
0 13183 12231
0 8901 12779
0 12263 13048
0 5640 12715
0 3100 12668
0 1456 13019
0 2041 12708
0 9142 12700
0 10655 13056
0 12424 12833
0 10251 12852
0 9825 12811
0 10041 12846
0 5640 12518
0 142 12600
0 10041 12727
0 9142 13113
0 10251 13075
0 8653 13084
0 3100 12965
0 3100 12923
0 11227 12836
0 10850 13037
0 -1423 12995
0 4878 12827
0 5268 13212
0 9604 13139
0 11932 12875
0 14761 12905
0 9825 12979
0 7577 12860
0 9825 13178
0 4468 13663
0 8653 13365
0 -7544 13177
0 -1423 13392
0 8397 13273
0 6981 12942
0 8397 12733
0 13037 12530
0 9376 12486
0 1456 12566
0 5640 12432
0 10251 12519
0 12736 12781
0 -12359 12644
0 -3360 12964
0 12424 13293
0 7859 12773
0 -9603 12517
0 2587 12903
0 11227 12996
0 12736 12736
0 6981 12552
0 142 12508
0 5997 12334
0 5640 12353
0 2587 12754
0 8901 12883
0 6666 12563
0 3582 12422
0 2041 12836
0 7859 12944
0 6338 12532
0 9142 12497
0 -3360 12473
0 5640 12457
0 -603 12262
0 6666 12085
0 1456 12127
0 8397 12283
0 7859 12414
0 9142 12775
0 13037 12779
0 6981 12140
0 3582 12043
0 6338 12764
0 1456 12930
0 2587 12736
0 -7544 12656
0 825 12559
0 5640 12535
0 5997 12464
0 5640 12338
0 6666 12302
0 10251 12270
0 10455 12268
0 6666 12415
0 7284 12474
0 8653 12336
0 12424 12437
0 10041 12702
0 11041 12860
0 8397 12649
0 4037 12403
0 10455 12268
0 9604 12115
0 7859 12135
0 12888 12262
0 1456 12306
0 11932 12236
0 10041 12141
0 -603 12230
0 -7544 12429
0 -7544 12478
0 -3360 12488
0 5640 12383
0 -1423 12541
0 4878 12582
0 5997 12237
0 13878 11972
1 15877 11909
0 14394 12101
0 14140 12588
0 13037 12906
0 5997 12668
0 -3360 12564
0 825 12936
0 -7544 12713
0 4468 12880
0 4468 13142
0 12424 12891
0 8132 12851
0 4468 12746
0 10041 12732
0 12263 12581
0 -1423 12650
0 7577 12906
0 9376 13375
0 8397 12853
0 5640 12975
0 3100 12945
0 -12359 12956
0 -3360 12852
0 6338 13022
0 11041 12969
0 10455 12814
0 4878 13150
0 12888 12933
0 9825 12719
0 4878 12787
0 4468 12861
0 -9603 12863
0 825 13166
0 14010 13619
0 11761 13370
0 8397 13212
0 5997 13376
0 4878 13272
0 7577 12956
0 9376 12814
0 13183 12613
0 3582 12593
0 5640 12763
0 -1423 12623
0 9604 12680
0 13468 12936
0 -3360 12943
0 5997 13202
0 2041 13390
0 -12359 12783
0 5640 12500
0 -603 12832
0 825 12882
0 -1423 12631
0 8132 12404
0 6666 12370
0 7284 12162
0 -25544 12246
0 9376 12532
0 6338 12494
0 142 12192
0 -2334 12107
0 3100 12622
0 -3360 12697
0 1456 12288
0 9376 12271
0 3100 12316
0 1456 12300
0 9604 12098
0 -5900 11917
0 7859 11932
0 5997 12094
0 13327 12201
0 9142 12578
0 5997 12617
0 9142 12055
0 2587 12005
0 2587 12560
0 6338 12684
0 6666 12474
0 9825 12248
0 10041 12138
0 8397 12216
0 -3360 12115
0 5640 12008
0 12581 12036
0 6338 11983
0 -7544 11917
0 8653 12061
0 6338 12202
0 -3360 12141
0 3100 12324
0 11932 12599
0 8901 12780
0 142 12514
0 3582 12274
0 9376 12178
0 10655 12020
0 142 12104
0 10455 12179
0 8653 12231
0 12263 12190
0 4037 12026
0 6666 12078
0 9142 12191
0 825 12154
0 6666 12112
0 6666 12123
0 -1423 12280
0 10455 12290
0 -3360 12044
0 13878 11736
0 7577 11657
0 10041 11781
0 7284 12327
0 -7544 12633
0 -4532 12420
0 10041 12381
0 10455 12572
0 -7544 12457
0 6666 12559
0 -1423 12807
0 13878 12590
0 10455 12547
0 10455 12444
0 8901 12459
0 10455 12264
0 -7544 12229
0 7577 12496
0 8397 12914
0 10041 12523
0 10041 12604
0 -1423 12566
0 10041 12662
0 11227 12691
0 -1423 12869
0 2587 12712
0 7577 12591
0 -7544 12916
0 -3360 12715
0 10455 12515
0 13468 12589
0 13607 12600
0 8901 12582
0 -7544 12866
0 11041 13401
0 10455 13204
0 2041 12958
0 3582 13132
0 13037 13104
0 9376 12746
0 5640 12612
0 11409 12351
0 11587 12318
0 1456 12454
0 1456 12348
0 1456 12511
0 -2334 12880
0 4037 12814
0 5268 13073
0 142 13331
0 -25544 12642
0 8132 12336
0 5997 12609
0 5640 12689
0 4037 12436
0 8397 12099
0 3100 12065
0 142 11805
0 -9603 11849
0 8653 12112
0 4468 12218
0 8901 11970
0 3582 11763
0 -7544 12173
0 5268 12280
0 -3360 11924
0 10655 11866
0 11761 12128
0 5640 12074
0 142 11764
0 -7544 11553
0 -3360 11521
0 6338 11710
0 4468 11793
0 -3360 12138
0 9376 12188
0 9825 11759
0 8901 11739
0 4878 12261
0 4878 12474
0 10455 12296
0 9825 12191
0 9376 12020
0 10655 12121
0 12888 12028
0 1456 11895
0 3100 12076
0 5268 12250
0 7284 12237
0 11761 12350
0 142 12370
0 3100 12294
0 -12359 12389
0 7284 12643
0 142 12762
0 11227 12506
0 3582 12170
0 142 12112
0 -7544 11913
0 1456 12058
0 2041 12074
0 2587 12200
0 142 12231
0 -1423 12021
0 8901 12008
0 4878 12192
0 8901 12280
0 2041 12261
0 8901 12250
0 10041 12429
0 6338 12358
0 4878 12226
0 10251 12080
0 14640 12066
0 14010 12142
0 8397 12578
0 3582 12783
0 10041 12513
0 12736 12403
0 7577 12473
0 6666 12445
0 9142 12567
0 2041 12768
0 9142 12491
0 10455 12420
0 11041 12291
0 12424 12248
0 13327 12109
0 2587 12017
0 6338 12219
0 142 12557
0 5640 12520
0 10455 12640
0 6666 12612
0 9604 12603
0 10655 12556
0 4468 12513
0 2041 12306
0 -5900 12220
0 10655 12624
0 4468 12414
0 11409 12192
0 11761 12238
0 -25544 12226
0 1456 12309
0 2587 12596
0 -3360 13116
0 11227 12907
0 12099 12641
0 5640 12847
0 5268 12793
0 10850 12482
0 -4532 12420
0 2041 12266
0 1456 12197
0 -603 12272
0 -9603 12131
0 825 12291
0 5640 12707
0 6981 12724
0 9142 13021
0 1456 13200
0 -3360 12487
0 4468 12167
0 10655 12442
0 5640 12582
0 3582 12329
0 8653 11959
0 8653 11990
0 -5900 11834
0 7859 11936
0 6666 12221
0 2587 12346
0 1456 12175
0 -9603 11981
0 -603 12290
0 4878 12343
0 9142 11916
0 9604 11886
0 10850 12173
0 8653 12164
0 -12359 11818
0 -12359 11570
0 2587 11565
0 142 11758
0 5997 11794
0 2587 12073
0 -3360 12133
0 8397 11839
0 7859 11856
0 4878 12413
0 -3360 12612
0 5268 12461
0 6981 12416
0 8901 12343
0 6338 12420
0 9376 12377
0 9142 12248
0 12099 12590
0 8397 12780
0 6981 12764
0 10455 12889
0 10041 12842
0 5997 12737
0 9604 12868
0 11227 13158
0 8132 13271
0 13607 12989
0 12263 12688
0 10251 12580
0 13037 12341
0 4037 12462
0 6666 12511
0 9142 12598
0 2041 12618
0 5268 12430
0 9825 12384
0 142 12665
0 6666 12726
0 14010 12793
0 6338 12835
0 4037 12952
0 8397 12847
0 9376 12729
0 7859 12535
0 7859 12518
0 12424 12587
0 11227 12913
0 1456 12897
0 -603 12674
0 3582 12597
0 -1423 12635
0 -1423 12636
0 8397 12728
0 -603 12750
0 7859 12570
0 2587 12536
0 -1423 12452
0 6981 12351
0 8132 12244
0 6666 12201
0 -3360 12398
0 8901 12694
0 -9603 12619
0 -25544 12811
0 -3360 12765
0 2587 12724
0 -9603 12651
0 -12359 12553
0 9142 12267
0 11409 12159
0 10655 12487
0 6338 12173
0 5640 11964
0 3582 12089
0 3582 12069
0 2041 12168
0 5268 12489
0 3100 12992
0 6981 12756
0 3100 12495
0 8653 12652
0 -1423 12668
0 -9603 12400
0 -7544 12301
0 4468 12235
0 11409 12179
0 5997 12180
0 8397 12018
0 10455 12221
0 9142 12576
0 3100 12506
0 142 12704
0 142 12885
0 8397 12237
0 4037 11873
0 2587 12350
0 8397 12572
0 5997 12304
0 -7544 11963
0 8653 12053
0 10041 11954
0 7577 11988
0 10041 12358
0 7284 12522
0 -1423 12518
0 2041 12208
0 -603 12427
0 6666 12584
0 -3360 12061
0 6981 12149
0 2041 12533
0 5640 12555
0 -3360 12179
0 2587 11820
0 12263 11874
0 5640 12075
0 4468 12196
0 9376 12474
0 4878 12548
0 3100 12305
0 3100 12221
0 5997 12682
0 7284 12976
0 10455 12815
0 6981 12737
0 8653 12693
0 8901 12708
0 7577 12593
0 10041 12390
0 9376 12760
0 -1423 12948
0 9825 12903
0 8653 12984
0 5997 12949
0 -5900 12848
0 2041 12998
0 2587 13222
0 9604 13433
0 1456 13103
0 4878 12784
0 12888 12601
1 16083 12431
0 13607 12513
0 6338 12588
0 13878 12710
0 7577 12814
0 8653 12566
0 12099 12516
0 9604 12825
0 142 12871
0 1456 12843
0 6981 12959
0 13743 12973
0 7577 12837
0 9825 12529
0 8132 12320
0 -1423 12372
0 -1423 12439
0 -12359 12726
0 -3360 12705
0 6666 12502
0 -9603 12342
0 142 12355
0 -5900 12456
0 1456 12531
0 1456 12474
0 3100 12305
0 5268 12364
0 9604 12351
0 2587 12279
0 11041 12303
0 7577 12438
0 4878 12580
0 2041 12765
0 2587 12534
0 3100 12626
0 9376 12609
0 3582 12580
0 -2334 12574
0 6338 12546
0 7284 12302
0 12581 12221
0 11587 12592
0 7577 12453
0 10041 12213
0 5997 12176
0 7859 12120
0 4037 12176
0 10041 12547
0 11041 13017
0 5640 12861
0 -3360 12639
0 3582 12789
0 11587 12702
0 9376 12352
0 10041 12273
0 3582 12274
0 7859 12311
0 -3360 12419
0 -3360 12279
0 8653 12509
0 4037 12815
0 9142 12732
0 3582 12990
0 6666 13115
0 4878 12378
0 6981 12017
0 -25544 12517
0 7577 12678
0 4468 12350
0 7859 11966
0 11227 12056
0 3582 12037
0 -1423 12034
0 10251 12419
0 7859 12636
0 7284 12663
0 7577 12402
0 -9603 12617
0 3582 12751
0 11761 12213
0 -3360 12342
0 10850 12743
0 9142 12747
0 4037 12303
0 7859 11793
0 12888 11876
0 8901 12055
0 6666 12165
0 5268 12423
0 6981 12494
0 2587 12218
0 1456 12131
0 10251 12598
0 13468 12907
0 9825 12780
0 142 12783
0 -3360 12804
0 10655 12737
0 9604 12551
0 142 12420
0 142 12659
0 8397 12787
0 7284 12744
0 7284 12757
0 3582 12680
0 8653 12503
0 4878 12633
0 2587 12877
0 -4532 13058
0 -4532 12723
0 2041 12446
0 11409 12191
0 12581 12008
0 4468 12084
0 5640 12253
0 5640 12383
0 3582 12470
0 7859 12272
0 -4532 12368
0 1456 12728
0 4878 12807
0 2587 12731
0 13743 12761
0 13327 12766
0 11587 12619
0 10455 12173
0 9604 12027
0 8397 12057
0 11761 12158
0 4468 12471
0 4468 12329
0 8132 12004
0 5640 11832
0 7577 11922
0 7859 11976
0 5997 12081
0 9825 11841
0 12888 11657
0 7284 11865
0 142 11893
0 6981 11809
0 7577 11844
0 -5900 12135
0 2587 12313
0 3100 12553
0 14640 12410
0 7577 12522
0 -3360 12559
0 8901 12648
0 -1423 12772
0 8653 12617
0 -1423 12378
0 -3360 12301
0 8397 12650
0 7859 12440
0 2587 12270
0 2587 12283
0 825 12157
0 3582 12092
0 -3360 12452
0 6981 12749
0 9604 12708
0 3582 12445
0 -4532 12493
0 -4532 12390
0 1456 12103
0 -7544 12041
0 8397 12235
0 7284 12164
0 9376 12216
0 -3360 12073
0 142 12304
0 9825 12704
0 10455 12573
0 9142 12885
0 -3360 12950
0 2041 12293
0 142 11971
0 5997 12407
0 4037 12618
0 2587 12343
0 -603 11969
0 9825 12026
0 7284 11938
0 6338 11919
0 -1423 12258
0 7859 12498
0 4468 12488
0 5268 12212
0 5268 12342
0 8397 12541
0 5640 11992
0 5997 12095
0 8653 12507
0 3100 12547
0 5640 12133
0 11227 11674
0 7284 11754
0 4037 11993
0 4468 12065
0 5640 12293
0 7284 12340
0 -3360 12142
0 9604 11903
0 4037 12325
0 6981 12716
0 5997 12485
0 4468 12425
0 5268 12442
0 -3360 12388
0 142 12207
0 2587 12073
0 11227 12330
0 14010 12408
0 5268 12380
0 -603 12363
0 6666 12257
0 6666 12136
0 8653 12209
0 1456 12517
0 2041 12772
0 -7544 12490
0 6981 12159
0 825 11978
0 10455 11902
0 4037 11995
0 4878 12094
0 7859 12197
0 6338 12272
0 7859 12050
0 6338 12198
0 7284 12625
0 3582 12680
0 3100 12564
0 3100 12590
0 9376 12661
0 6666 12550
0 -3360 12101
0 10850 12037
0 5997 12202
0 10850 12290
0 -4532 12577
0 10041 12457
0 8901 12229
0 11227 12057
0 -12359 12247
0 7859 12388
0 -603 12413
0 10850 12028
0 12263 11803
0 13037 12068
0 5640 12094
0 8132 11968
0 4037 11978
0 8653 12306
0 11227 12388
0 10655 12473
0 6981 12239
0 -3360 12376
0 2587 12288
0 5997 12479
0 9604 12628
0 4878 12501
0 -603 12188
0 -4532 12045
0 825 12342
0 6981 12246
0 8653 12134
0 6981 12059
0 3100 11825
0 6666 11794
0 6981 12123
0 -3360 12375
0 9142 12253
0 11587 12012
0 4468 11919
0 -1423 11999
0 1456 11729
0 142 11716
0 -1423 11833
0 7284 11758
0 8653 11891
0 142 11845
0 3100 11938
0 3582 12189
0 -2334 12022
0 3100 12466
0 5268 12522
0 8901 11765
0 7284 11516
0 -1423 12016
0 -1423 12113
0 4037 12009
0 6981 11703
0 10850 11770
0 9142 11714
0 5997 11755
0 6338 12063
0 6666 12323
0 142 12163
0 5640 11861
0 4037 12077
0 -7544 12265
0 142 11661
0 -603 11790
0 10251 12402
0 9142 12384
0 -12359 12062
0 5997 11766
0 4037 11815
0 8653 12014
0 2041 12053
0 -3360 12312
0 4037 12334
0 7859 12110
0 2041 11813
0 825 12255
0 -1423 12620
0 -3360 12364
0 -1423 12281
0 -3360 12262
0 1456 12117
0 5640 11992
0 9376 11804
0 4037 12064
0 11409 12064
0 4037 12160
0 -1423 12317
0 5268 12295
0 3582 12193
0 3100 12269
0 9376 12571
0 2041 12895
0 2041 12580
0 -5900 12284
0 142 12213
0 -5900 12120
0 4468 12109
0 -2334 12129
0 8132 12114
0 7577 12195
0 5268 11990
0 6666 12205
0 5640 12607
0 2587 12658
0 1456 12514
0 10041 12549
0 11409 12627
0 3100 12518
0 3100 12084
0 7577 12052
0 8901 12384
0 4468 12456
0 2041 12823
0 9142 12835
0 142 12535
0 9604 12446
0 4468 12594
0 7284 12759
0 -7544 12782
0 7859 12359
0 10041 12081
0 6981 12379
0 -1423 12376
0 -9603 12168
0 6338 12213
0 9825 12456
0 10850 12525
0 142 12568
0 7859 12035
0 4037 12101
0 -2334 11999
0 3582 12251
0 4878 12417
0 3100 12255
0 5268 11933
0 8132 11871
0 5640 12088
0 4468 12080
0 142 12099
0 4878 12099
0 2587 11934
0 825 11944
0 4037 12329
0 3100 12608
0 5640 12574
0 7284 12392
0 7859 12250
0 3100 12319
0 8132 12154
0 3582 12262
0 10850 12306
0 10850 12153
0 9376 12138
0 142 12004
0 4037 12090
0 13468 12253
0 11932 12024
0 5268 12427
0 6338 12445
0 6666 11693
0 6981 11507
0 3582 11757
0 6981 11906
0 10041 11892
0 6338 11590
0 11409 11625
0 7577 11577
0 10850 11572
0 7284 11932
0 1456 12243
0 9376 12162
0 7859 11873
0 4878 12143
0 2041 12267
0 -603 11755
0 -7544 11787
0 4878 12428
0 10455 12438
0 10041 12203
0 4468 11899
0 8901 11921
0 5997 12102
0 -1423 12117
0 5640 12376
0 9825 12420
0 2587 12147
0 5640 11903
0 -3360 12308
0 9142 12758
0 10251 12475
0 -2334 12319
0 3582 12348
0 -7544 12213
0 2041 12174
0 8132 12027
0 8653 12166
0 10655 12247
0 3582 12380
0 -4532 12499
0 7859 12488
0 11932 12433
0 7577 12455
0 -4532 12700
0 -1423 13065
0 5640 12729
0 7284 12469
0 6981 12452
0 12424 12508
0 11227 12518
0 4037 12481
0 142 12409
0 6981 12471
0 -1423 12282
0 10655 12454
0 7284 12713
0 5640 12763
0 142 12608
0 -7544 12625
0 2041 12722
0 3100 12568
0 2041 12101
0 -12359 12091
0 9604 12458
0 6338 12355
0 11227 12572
0 8653 12530
0 3100 12230
0 6338 12234
0 5640 12408
0 13183 12638
0 142 12620
0 4878 12022
0 8132 11871
0 5268 12188
0 12099 12176
0 8397 11878
0 -1423 11947
0 4468 12260
0 13183 12376
0 8901 12397
0 7284 12315
0 6338 12235
0 825 12034
0 7859 12155
0 -3360 12482
0 8653 12253
0 5640 11951
0 6338 11911
0 8901 12115
0 10850 12180
0 1456 12282
0 14879 12231
0 12888 12023
0 8901 12019
0 142 12416
0 9604 12672
0 9376 12784
0 4878 12468
0 7577 12344
0 9604 12320
0 3100 12309
0 10850 12475
0 12099 12464
0 4037 12261
0 5640 12295
0 6981 12018
0 -2334 12012
0 -3360 12006
0 1456 11758
0 -603 12096
0 -603 12190
0 2587 11398
0 6666 11277
0 -603 11470
0 2587 11683
0 6338 11656
0 4878 11494
0 3100 11434
0 5268 11384
0 142 11369
0 -1423 11801
0 -1423 12112
0 4468 12086
0 6338 11776
0 2041 12122
0 2587 12184
0 -7544 11566
0 -603 11517
0 142 12126
0 -7544 12008
0 8901 11863
0 4878 11627
0 9825 11700
0 3582 11891
0 -1423 11938
0 10041 12235
0 5640 12368
0 4468 12051
0 -3360 11876
0 7859 12339
0 6338 12844
0 -3360 12531
0 2041 12415
0 4037 12451
0 4878 12420
0 142 12398
0 4037 12263
0 2587 12274
0 825 12360
0 1456 12420
0 -603 12579
0 -7544 12446
0 5268 12311
0 1456 12223
0 2587 12473
0 6338 12827
0 8397 12451
0 142 12166
0 142 12280
0 7577 12374
0 -7544 12500
0 142 12376
0 8397 12333
0 4468 12353
0 6338 12234
0 -3360 12390
0 -1423 12552
0 4468 12597
0 4037 12507
0 -5900 12556
0 -25544 12684
0 3582 12513
0 -603 12068
0 825 12154
0 -3360 12466
0 -4532 12288
0 3582 12435
0 9376 12309
0 8901 12090
0 10041 12123
0 2587 12377
0 7284 12632
0 4468 12617
0 6666 12142
0 2041 12082
0 -603 12352
0 7577 12321
0 4037 12056
0 -7544 12094
0 2587 12355
0 -12359 12399
0 -3360 12363
