0000000000000000ea3281b5575804f9fe2a060ffd2be6ec7f0efa08ece2217f
0000000000000000ee3968cffa350106034e33e2fa0bd9ed22daea03c8f1166b
0000000000000000f0f7becdc239dfdf18d72cbb0a0bcbef1c16124ec6f2fff0
0000000000000000f0001bd8fa2bfa531eabe2a4f6ddcc2df618f419c30225de
0000000000000000055645f603ff09c405cd9bd2fe17da09d2dcf7fa662117c8
0000000000000000eb601f81c7e5f408e553d712d516f0f26419f3f87fcf6800
0000000000000000f04f5ea4b5d2f5efef7f0cc92867d6dee4d7ef7fded57f2e
000000000000000016d62dd8c9ab08350ddb15dab52fe3cbc3f10b3da5f07712
00000000000000001fbfc405350215817f9da4b23330cb12c81ef0359b1cfff6
00000000000000000fdacd047fd2075732eabcb2a402b92dfcef11edf0fbf2e9
0000000000000000f7699398ee2ce509eccb29f43b253961ddfff70d02c201ec
000000000000000006ea65f9f681f0e3dd11391acc7f3e14bdfe0cf6e7cf1e0c
0000000000000000368bd2202f96fe03f0e215c73c4212c5a6fa0a5bdd7fe605
00000000000000000692b9180eccf1420cca81f0d83cdbc6cbf0f220eb7cf5f9
00000000000000003ea15613ea1e05d339e5e2e14128d1e73c0419f1e60e01f4
0000000000000000e8f8b4be196fd8d5dee61ffab1097f03edeff207cffee4e3
0000000000000000138f762f5870e64cd8280c073d0d4d46f175511edc3de8de
0000000000000000009991712e0e56dcdef53d48b44a2411e815ebfd2315c400
00000000000000007fd42946ce5eede9ebdddd7f3a2d05d619bef8ea15dfce31
0000000000000000f9df2c32a355ea1b07eaa0248110d1e24eee14ea02d6d9fd
0000000000000000f9deb6d4da0dfb20ee590ae8100349ccfbbc12eff4600cda
0000000000000000fedb560910e61bdae52c0f39f6ec0a0cf9fd7fe01e25e1e1
000000000000000019323f5218f47f0de1531667170ffd7fe2e7f1fe3bcbd3ee
0000000000000000007f9943faebe204df02e13bf2f912f42df6ebe22abfc007
00000000000000001c302210f610def5fb1b825f0cf604fe237feff5c2d1af09
bad70705998197dbf492c72c082eccf181f1ea26ca363ddc20eb2b06e63c0dff
15fb1607a5c5e1ff32c7862400089decbb0c012ec9261bf4091c4328e9241827
e43542e9d2b7ef1d3fc5dd06f7f9eb25a0f2e839e9172236063940ee2503e30f
c511ed12bfd5d2fa07b9a432ff13aee4aa04f1febf1b1be838fafa08f7081ed2
dcf6f5fac4f2132b18d9eb3b1a0ce31cd00ffa07eeeb08d20a1be8fb01b10d0d
1e01e1b902e1210523b6132d07fb1d26e303f709dc13f30df3fd06d62093dc20
17310605c8eafd260cbd17100305eb0cb403f4ec05ff051923121002219e18b8
ee1c00f7fce81b60140002ff07f60a06f4f9f5122991bfec1f0d01efc0d006cd
7efccae628e1623d04cc263a08fd2bd0fb00f109e801c4e31ed9e601dbefda07
e6fbe9240be3b2f6ebedea7fe1180302cce9120afd2f32fe310e0933143e0a10
d307f81afc14d4e8f8ec0369fb1b33f5fffb24f4edea1e08f911102f182ffd0a
cb17fde3affec8f8d70fbc2de510e606f0f40d00ccc2452ce63f1dfd28e6f8fa
c3fe0f13d9fffe1405facb1cec12bae7dde50c0f13241f053104db1eef261dd7
fcfdf000fc122127f7fd143612fd06f927fc150e22d3e410fef399eb051e0bef
1d1fafe1e0e51502fbeada12170dea0821fa03050de7f047fb1fd1d227f8f203
ad1f52f4e4ebfafccac8e40cf0c9ddcf12d9d5f729c9d9131b5bdbe70b01018f
f3f61def0bf02733f8ce2d1700ef27a552edcf0e5bafa9f324f481b5a00f04a3
4effe8cff6ed425a13e32707121e0df91de2de164ff8bdfc1cfdc0c3a411c7ee
1721cfd319eb135345060e0b0c550707efe5e6c8a42329f0c83cd90fcf22f0bc
e9f3e8bddc00f021272ab0f3f129d443edef01f6ecf7fbdfd5e1e5e3e6e6ebaa
2ca3dbd3da0e062beb06baf3f921ce23d214d7fb002a31d7132316e70f06eaa8
c7dda2e5cafc374013ebe4f21240f4cc01e805f2eaa5dcdacbce3b323a1ce6dc
1edba8caca07321a1621a2271d11cd31fb07331500f4c1f2fefe152931fd09db
fd21cdc6e30c2420f70aad16e322ee37d2f8d604ce0cd30e25003bddf643faba
c6f3cbdce309210ef4d0410fff3d0dc6e3ebcdeb079df0ccee100115f127decb
040012d3ed043c1836e92dfae545f6ebd6f518f1c316fbb605e9d804eb0ff7d4
16730b81fe091f7f3409000914624410e2dbf1de81224a1015e025f7c7f1e9d3
e2e9d501dafa0af93bfdfc0008049f57dbf0f3ebfef011ecf9fa0101ca0ec2f8
e81dfdf303f8f80d25fb0b122713eb40e703ece3cdf3120c010d09dce9edc0f1
e0ebf9fa1d03ed2802ff171be7fecc29db11e4f31219fadd120bf7d7d836abd3
c716eeede00700112307f8220003935af1e00cfd2cebfdeefedbfd07d421b608
f52cf800fa06f9071d0ce8200e09ce74000600f9fdd1e1f1ebf006eef50181fb
d2f1fdf60d02e10ae20ef400df11b52be811f4e4e0dce91c0304f8e5ece8bceb
2fffeaf4d80dfa1e19fc0d29f9098138dfd90d1340d6050feb2524f8f1339b0e
430ef906da02df0c07fdf332f102bd5eeef20403e9f5e0dddfca0712ec43aa0a
030e0110e2f9c7f20508e9f1ec14de28d70d02f8aee00def12f4f70de4fae3ff
f9f0e41cb5db051a16d8e542da119ee6ec0f0e29eefa1ee579210c30ed04fdf7
dd32f209bce0e81e1512fd3ced0ac0f4f1050f24ecd21310294133fd0cfcf5f2
cd3ae4dab7ede80cd82bdf4be60093c2d5e30e28d2e6170c1d1f27b12bcfe9f4
ff081515eaf3253817bbd6f5d506a9da01fe0a103ffe19e95815d415eaf714e2
072bceec01f52e231300dc16ec08dbfa16f300092219f70d1507000bfce2de0c
0206e0d9f4f218020c15f813f106c1ebe0f200f7f603e01e05fd170a13def00d
41df2306e00f072d0bb607e9c9f5cfd8e6f4dceb40c1e9032f07f015152d01f4
2802f60bfc02fb082de8fd02f60ee9caf0fcefe4041fb9f912f8e721d051edf9
1107e5e1f6f807022818111a0000d5dcf8fa10ee0019fe0604e11026d91b032f
fff702f207f6fd1028c4fb070918dacbbbf2f6ff0a0f2413313ec10df50600d5
e3faf30704f5486a2101e0f80c2309fbd1f9f90e2cb4c3e4f2e8aef8c4dfeef9
2cfba4dffffe5e05f21be2431009050ef2f6010ef607aaf1ecf6ecebf4eade0d
fdbb0e03f216e81d15cdbf1fff01c9caacf0d0e825aacf03101ced06faf6f6bc
16f7f7f90712f3023205f714f606e50dcbeccd122be5bf09fd20e209df1606f8
f3d0a5e5ff0601fc2b15e8290120def7dbefe905dc21efdfeeb1cc0bdc2405b5
fdae0802f626e8030cc898ec0024d3e0ea0381c8dbccfeef1a4331021a1c03b7
42dbf201eb10ecfe0febb0f0d112b0f5000a9de0d1101220043b2f19122607cd
e12ba307f00ada0e1b25ce2cf232afe7fafec0ebcd083003fbd0242333181ca3
4ea7b5dc0bf33d15f903d93a12223122f3f1e5edde1afa96d5ebd6d1d3ffb717
26972102fdfd12511a05de070618f10afff7f7f7eacdc6dfe2f0e8f9c7f4042a
2d12330dd80b23f30965bc36ee51161d0e10f0fe0bfe110c001e17eda1e5f91d
f7c89608f4fc0b05f7efe209d9f3fe34030df704ece5f2c1f1ffd0f6ece2e71b
4819cb0de50332501af2ce05f910e6240f00f7080ae80ec720ee0bf125d1fe32
f6012c1ba20e231a1047902efb23ea25060ff91010ea230d162bf62112f6022c
ddfcaf1ef6fc0312feecc911cdfa1333f402fb08d8ba241e180f12100cf90bfd
4d0be907ef0c251c0dffd929e9fd1a39def0dbf6b6f91cdf22b1040211eafcfa
bbf51bf2d60e25c30e34fa09e5fc2f26ddf2daebeafa17fd13d6c60dfc1ff1d1
ea0b2ff1fdcfe4a7e1fa180df8114c1ce6efec1dc425370dfe0a22150ce3d600
f8e73015ef010d0fecfcfbe20cf44d39fc01f50fe24608cc0bf62231c1ebf2dc
bd0b26fd841bdfede80b8efde4f5d70d1af5170bf90a39ded9226306b8241af7
0206c61b29f4f8e3271bf1ec1617f8fa09e9100fc53f080504edd5251706190d
f8cecdfb330544331841003925f82d5515fd10ef28eae79306adca1bf3101bc4
c246e0cffb0bfd1aee1bec4337d925321af320f9b51704bbf1080a23141809f2
aa161007f100dcd3e8e1cdc7f7e1dd01f8f3e60ef44701faef2d0711170e0bff
e72a15e7fef12109fef9041d10fb1d2c0afcf60315f9dada06c6e71902f728e4
df58fdebee02270c17fff0374bf63fb60ffafc09041bf4e616c40d20fff20bc2
24f9ef16e9fef8130ee8c7f91c2ff2361b03e11533c3261bed1914e3fae7fe0b
5adee90bf2e93031060ae01215410856211dd11a0aae1122fafdf306ccf8054a
1681f4b428ef31fe02f50541f83b0846f416bfffd5d5fab12ae8e6f5960fe619
1a1cef050207f00f2cdbdd400911031ff5f7f00811a0d953dc4df0ec2fdd0212
5202f619fefafd2e18fef21fed230d1914050020f902ef350d24f70ff43b0a52
4dc7011ee90b1f0debf6dc15e53df87f021ef5faeec52a0c1bfe2ff4db1ef157
1000b111040113ff30bffef6f4371315e60ecdbd90cd141e16293a1529c4f2dd
27eac515fc0d13070203c213d313350bf70bfbfaf205ef3b064736e921f61018
ff0afa13ed1608c30818a8efc825e935ff06c3e827030e4bfa1532cdffff0629
d0141a2aef04cfd304c7bb00f9dfcc07d41d18d4e873323b0714172f2498fe09
d0db1d1d2b0113fbedc910d61efb19dbfd2103f73bbefc1b01e5d114f1a8e30a
6ad8e3053aee3a3d7fc62f0d2ae130e4ff25dbfe3811d1f103c4cd24da04ac02
16182516ef0ae7171fcca4521dd4c223fdfa0af2f9f1ed350b1af9d92981f2e4
1cfa1402160e1612f3fd1d2a08eb0e2509ff0ee631a3ac0905e8d8fef7e0fd00
36dcd30c3cfe000334cc0717e8e6ebe9040c06ef19eedbdaf19deb20dd2ad518
640d2004c606a11b6581df2e15e9ed15ddf9a4cfca81df07ec1b2baf1020faa2
3e0b11e6e203b9ef1bcac7149ae2bd20fb04e4e9f3f7df37042714dbfd3b0dbd
091e9d09ffefc2e509a4ebfd81e69edff215ecedfc210f40f1e42a2a1d4adcef
0ef7ff1a03e7051616cfea2bd328a9c50c0d0c2923d518d57f27ff1bcdeb00fe
1519ccf812e8ff1f28180935e22ae5dc0a09fb20fecd1dff2e2b22100fd4e505
f01ec6ca18f3f100092dff36ee14d2d7f4ee0b1df3e4fc06211d18d301b5f6fc
3bf21107f70d012e10cf03e0c813cfc10ef4110630cc080c4e24f617fa0406e4
2f0cd70103000f28201bf90cd61be6e709fc080320d6e3081beaf313ec17e712
13f8f0e4fbfc000a1545f926ef1fd8e5faf61f05f200d1170f021d08e4fc0d15
62b10b07f811d42836cdfee9c81dbed0eefceee70dd0f80c363a0a200e13f008
42caeb0df60cf526470d0a0ce510e1cefe03fbdff41908190314f9141b4905f1
0fd8d60aed0bd20d333601160e08d8d4220e19e2d81016fdfbc4ef23071d0d26
161310250619eef82f37ebd205db1dd12d1119fc0705f10d1c1feb2c31f90923
1d03faf9df0fcdf62a1819e6eef905cc1cfe10db170c12081a1bfc1225041806
55e5f233fa01f52122f20ed008e32ac11b1a0af73f08eaeb3f0fe2f127352f0e
fa03f0151102d8b6ff17e60904cb32d72df9240208eee8142b04e4f72a11170a
f1f0e7fef9f6aae1eff210ed0bfd12d51cf909ee0b0ef60d2009f60afa210514
2fd2de28f3f4e20902f013be15de1fcd250819021a08f0f93cfeedeb1ff7061c
10f3e30df9fdf821e51cef12f6bb10ed19f32923030df2181811e21021411814
0803e505fefce82df91fe21ef4e5f4dc0e00190ffa04eb281c04fa21f33d1018
5ceaed2d1903f52ef0e2fff5fcb81fde120c2a2e0fffec0839f3dfd90c0c1a2b
1ec6f80e2dfd0919fc2512f613f512bde1fc3ed056d7e508f006dc05bdbd0b22
3cacfaf1230304f71efd2e250d0112b1041319dd3aecd1fefae4e51aa4e80517
23c0edbd0d04f40e401df01dc9fbf4ef0806e0ce0afb1c190919105e81fe1e14
07d72d01f602cdf52a03d33a15cf0e17e6e71cfc1ce9f318121ff3d90123f9de
e9b61001fd04f9ee1906014613fb2e19010528e91f0ef9f70ccad2fbd344fbf4
9c3203e9e202d6e10e268120d61ab615f40705caf116520211c6f637fa1ffe2b
e7f71503de0dc1b818f5e5ec4bf316ff19fbe0bfee031605da333cde2f370ad5
d00cfe1bd40cb4cb25eeeafd12ec29f31818e6bcd814001fd9ef34fe263012e6
b244f51d9a03da9d192386de0d17e6140a11cc81d13a3b03f8b81b2c221a0106
fa3d0901fefae40f1c09de360df9dd430a040303f701fc0afddbe507f2ff9ff7
ea01300e1704df06fef2f72dfbf6c412f60afffdf127f604f9120f0000edb3fc
30e9021916f2034037f700fe0ee4d8e2e714f51441f7f1fe2b0cf20efee7cae3
2d1c120cf301e20d0bfdfc3d1404eb2d04f61df4fef6ed14fed9e908013693fd
f714050413fbdcf3f608041d1afff200fbfc18f2d3fae4ecf6f70014effabcff
35f8fc0419eee84e2cf210f615f4dedee903120625e9effe2420dd21fddbc101
23ed010ee307d41215151139ee1fbb02f3ed0b0fe900e909e4ffd2fcf82fc9e2
08ea16f8ecf4da21f8fdf402fd00a8eaf6000c10c9fce6f0f707dc06d405d6e4
4f0bd3090ddfdb6328f4f5f121e6e0e2e909012c0fe3e0f72111d51be5b6c8f7
bf183b28e5e2c7c708a4d9cd11082f12f5150f0ae3362d1c1ecced101accf3f1
fc1d1117f8eefe121498a0040a11d20e021af518f10c06fd23c0f10dc3eb06ee
1f30c8f208d92d2568dbbb20f3efe019f604c326503a030b02b805240501e5e9
072e5a2700ff81d321e6a7050bdc4918f80127f525f70e1c15e2d2f717cb03f9
f1291e0916fd06090411102202f32319110b1be707cfeeee11e7ccfbece9f7fc
ea0fb6dc4ef2052814eb032206e320c517ff11f61c1501eb02e6c71f1bfff4ed
1efe4825080485f13ae0d7e20f0a37211a08f3e622d8d20417280ce22df012d4
2f1614ff05f1f12c0d0dc2eaee00d4281609f6e5f7dab9031a140e09f7f712f4
4213810622ecf5fa1ddef20805e7f9c627040e01df0ce2001dfc263219eeed29
e20c17f4a5f3e1ef1211e84f1cfae1f5d4f02c04c0062b29d6180fe73614b92d
ddfb4c0bd0d6f9f008feda1b01eeed22cdeafe0cfb072b35f01930a02303e112
a3d02891dde5c9e08ef2b31b070b0b04c981f817e4bc2a3004492c9f8530fcf5
2415bfe5fb02241215130e3c4aff08bdefda0b062fc5f112cfccaf81279bb40e
3dd1211f09fd2be80c0d0d4111f9de3100da10fd041b990ad9f5feea3be4fe15
07e52ef3d1f9e7d7062ecbeca8e6e1fafce00502f3f5fd30ec4f2f12a6371617
263fd6fbf9e7071b503d3b1716df20b4eff3d80356dca8f6d08cc3aba1f9e184
0bd50bf3d7ec18e527151d4fd706f1d0eee5fc1bf930b3fae0d3fa09e20709e2
d31f5ae681eae5c9042ed20fc801c7fafaeb130e021e0e17fa475338a730f634
ea01f807ff151d120115fde2ed812dc410181bf8b2e10dd2ebeec41816ed3105
00d8f4fb0c0c26180c17d902f7abe4f302031309d4dcdafb0dfc090836300402
2e83f11f081af61ade290401e59c1f0b0b1b07fcd7f0fedbf602161924143ada
d0e40ff8fefb240a17febeea0e9febc5eef1010ddadef6e5083ee821052019fc
03c5e1ea0b0002120fd4e50a0fcff5e31feb01003507f0d319faecf4bd2617eb
07acf40c05f41cf01302c8e8dcb80b080e07010920e1fb10fd140bfaf6334bf1
be02e0f205f60b37000fe2ee008d21ecfe0816ed0bdef4d503170335dff715ff
fec8ebf105061d261ef3d2f7fdaafabe0ff41ae6c707e5c00ce6f4f7cb1627dd
d6161725ffff27ec101ee6bbf49033e304141efae60300d20fd2d41c28113f06
e6f3fc0c04e0374a0225dbbc172c04f0f5eaddcb55a1f308d6d8b5f0cc14daaf
4cd4d6fd0ef56817382ee11f4c29f51c23f11002e436c0e3c7fed802bcc6ea08
14ade3120a0732dde8d30f140ef807db050a03e2d02281f0bfe7100cd81cd8dd
dfd90c040508ea11eaebedfafc0cf0f9e9daec0e32a6b308ef27e8f7ef1e07ab
0af1e1fc0801ede44905e9200416ee0afcdd0d38ff29d5030af5d50fea35f7a6
e10fddf90cf904f203d6fc36fc22fbfe0cf9000bbbf4f7ec0d8af4fae900f8be
effed7f6d80ee611d5c3c3e3dd12edd1fbfcb811f0e53c01113639e5fbf50bcc
fb41b7f4f4fcdaff30dcef02bc1d04f602f2bde2bd1d392cf0421731342e09a5
0858e70d0afcf5fc1009ec2bf53b1be2f4f0d3c4abf0475b198f101547d90781
f30d0d19f90ae0aa03e08b0ad233f4bafb0e251a0a250a2d2efecffafcd8fe29
ecce182cfe031ce8faf0cc19e13317c61513051a21dc032a13f0cff8def60aed
c302e3f6bf0412d7004db407e23ce8b232000704ea06f042060bbff9c82008fd
29de1c1a020de0d719ec98281904fac0f30801021ef0f2261220cd12fc2d01e2
05ee1b1216fe29d106ffeb4f092229e01808f4f853e0ee0debd89f02de0d0fe6
d920edfcf80b10d62f37aa35123917051af509f4fb35ec33df18cf0ec45407e8
25df31281d11b5d922e6bfdf2144fcaf08f5f8e9d21ee9f40d0214000232f703
21f11d2f3c1105de0c2fe40eff234dbc1d0222fb0affe32deadffdfa1a07122a
b00e0023010be0baf02dd11d0d0b3cbc1e051cf0c825fd40d4ed04012c3dfc06
2be8ddfbecdf243023e8e4240c221a46f3fcc013d3ff11c7d908fdedef37eaea
03d93404de121b55f60cc0e72824f5221312e933cd1e28b6010f22f30b1a1c14
20c1f1e72d07010d9c01e42bf3261625e91aeb27e5152481050c06ddc72eeefb
23eacaf2f3fa385719d5c5241d0dff25011f0411ead1dcc5d9cfd72335dbfb1a
5ec7f401eefe2b232201c0ff15fe0133051aef0fef15fce50e360300221ffc29
3fa1e105f5092a24da10ae3602172626fc27dc051ff30b9504da09dfbe51011a
0bd3c3f50f0b291d270dd10b05111116fb1d0301d5bb23c8f910102718e7070a
00ddb8f00bfe333afaf0cc09ee062047da0af0f406d6b4d30519ebfc2f100a31
3315f2d92d0f5f680d18def8e13c181be0fef0e505fb0ff80ae2efef0cf709f8
3ce2d2fc29fd2e5e245221edfcf110b1bff6febe3ec6a407f52dade1c0dfe0da
04dde509ff0914fded322a11fcdbf6d2ebf516c6fa13d6f9c2f7b9fddfd7faf8
ecfa02f4cf15f6fb01f5ee17d9d3b40c0f01fbb2dd10eb0dcd231a09eadaebd1
06eb0bf016041b1ff42b2426ffef0afff4d21ed621defffcfc1bf4deeb28d2e9
e907010815fd0c050f05222ce7d7d22410e10efa2b1003ec00dae6f6f81fded4
c12d15f9d904feffeeece13feae0d43c27f70ceae11407eefad8fb0ff3e4dce0
bdfd01ecf401fa04b02011f4f3debff21cd408e8ceff1617ee3111cf0735c5f7
b4232b000303f5bfe3f60d0ea4cea7101be4f4e30d12002cff180dfc1c38e7ea
15351608ebfb04abf8e0d73801e9161c08f5edc4e4110b040b8108181815e6f0
df1107f4cdee1fe9f1d5c91d09e93fb326fafd1bf70ae9462338b6e411ebf723
d5ebfc32cff03e0607e0a9020df5e9dd271c1511f5f8f70bdc48befe05c3010b
f11ecd14e201260417079733eef8230d35fffc1bfdff02da012fd0e126e302e6
e13ff00708fc33e5dbea0b3a0be41ce225fd0c1912fcf71004f58eecebfc17db
b410e12407f819faf9e5e1121c212cc21f002102f2f6ea08dcecd9f7fadbfbf8
d5fdf71618f4ffd709f0aa1b231740e72b01211de83e14e9fa01f70004d5ecf5
e81cf9101a0331d7bfceb60502ce22b20ef62d2213ced700f4c6af10fdf92204
d021cb16110ef4e6d5d39ff40cfb05fbfeeb0511f2e6f2ffeddefb03e3d61604
b201b41621fed2d1f100be21150a34e41fe80117471328e8cdc3c93118ff06ba
b11b1a0b18ecc7b8eac919fcec0133180ce911fd014227f9ffc41f1e0c23d508
cb232f070208ecc4c3daf52f03d8143d08f719f8f7130c15e6f120fc0c16d005
81161df4e600e1fbd5eed702e7cbd02c00ff17ef051a200af51b20f429dcc6d7
ecf502021902feeb001bfdfd0edbe3410ae42b073a2cfddef0b8db19f843ec0c
c9060df319ff2e1dde09f1111cdff36804f515e132c4f1e701cfee04e928c0fa
04efe2da21fa0d17fc0af52d15f8d828edf411ecdeed11261521030301e2d4e0
ffee2407e40900f0f223d509edfdacda10dc0e051e19e010cb460e1a0152e805
0e1c3a07fe05fc0cf907f913ecf3e24400fcfe0c48dfd8d307cfef23bd21ee03
3115fbd924eafa0823d10a161bf41b10fcfde80ef8de0de01e12e6deaacfcfe3
1111d8fd07e8415503f206f00700f6b1baf3eaf620caf0e126f7b4eee5f0edfd
1912d2daf0ef27170f2a1b3401f0e8f3a5e0faf4f007de0ceff8fee30ad6f1f9
fccefaa8c80a0affda51022de0f7bbc8dac9f801eae5e031ee272cefd6df12f6
4605f9fafd001f4a1b111cdf02f2f2c7c5ffd9e13ec6b3fc08d0c4efda3104bb
21ddd8efe904250527250629fcecdaecd8eeebef091cd4f8fab9e404bf1106e1
edfd06ceb803f6f11656ee16fffaaff3f4edf9f9f40b081df7232a19d1091604
2ec6100cda00e1181f091cf2d0f7cfaee906aad6fa0cf21af4100b0bfe311bbc
e5d9d800dc07eae5312ffb01e6f0b6d2f803ced3d33612f8e0c5ef220d2618a1
bc3022189a05dacc2545dc0331eccbe811ffedf1df191fd7e8b90f3117fc16fc
000000000000000000000000000000004981faeb1bf6dccfd726eaf74bced7f7
0000000000000000000000000000000052d719ec0b2bf3f9f8f604ed12e219e8
0000000000000000000000000000000005ff0009144515b901c319eac4b6ffd8
0000000000000000000000000000000018c0dae229f2edecbed3faea31cd81f5
00000000000000000000000000000000f8add8e1ebec092208edf6fa0dfcd8f1
0000000000000000000000000000000012eb1ffdd90315ee2240cbf5b4d116d0
000000000000000000000000000000004bd2e9eb441a35e609f6e8f233d3ce3d
00000000000000000000000000000000fcd2e9f407ff05fd05d4200918ddb315
00000000000000000000000000000000d6042010e1e6f90f1349e210dd0601c7
000000000000000000000000000000000a84f0fe22de222b19e3ec0d181ed798
00000000000000000000000000000000f003190a0dce200910f501eb811c0ac2
00000000000000000000000000000000ba0c1932d8b01dd6e7c304f4a8f11706
00000000000000000000000000000000e294a3092601341c04b1fb182cecb9b5
00000000000000000000000000000000dab4ec03ebc80a3114cef40b90cdebd0
00000000000000000000000000000000d3df2916c2b0032dfd2cd50abde11b05
00000000000000000000000000000000f7c2cb2834f829cd26cf03fd3be011e0
00000000000000000000000000000000cebeff3213d00ad727c5250bcbf1fe05
0000000000000000000000000000000081ac2d2805d6f7260723f302cb2dde25
00000000000000000000000000000000cf9e4c330551563033d581e8044ac130
00000000000000000000000000000000f5f6320e1c561206e220bd08fb45eb64
00000000000000000000000000000000cb29e40df54af30bad17d51c410ce807
0000000000000000000000000000000001c02d07d340f4c702f5fbf1d52fcdf5
0000000000000000000000000000000020e42114fd2af4f8fa2bf7f6130ce3fd
00000000000000000000000000000000f925f10a9c29060cf440e9040e1cf22a
00000000000000000000000000000000a581470de61d04bbe356dbf921fcb303
00000000000000000000000000000000150406300d2e1006500c0de91e11e440
00000000000000000000000000000000052216f3c3383a334dfec2e11b4cef61
00000000000000000000000000000000260f20cc382ff3f118cedb1bfd2311e3
00000000000000000000000000000000120141dd2848fe03e7b4d713081f06e4
0000000000000000000000000000000017ff5bf01f6af7381ad8cb2e26f50319
00000000000000000000000000000000ee1741d9f3f316ee07e906f4104203d3
00000000000000000000000000000000121757ed1dd431219c07f9facefcfee3
000000000000000000000000000000001c14790356cd0a080e15dbfbf1d6f621
00000000000000000000000000000000f80915ea334f24472cd5f6d03c05041a
000000000000000000000000000000000a0341f928e041781225fac8fec004e9
000000000000000000000000000000000c0b4f051ac6140d1413f7cf24c1ee0f
0000000000000000000000000000000022d61c0623eafbb8dde4221120d7f4a2
00000000000000000000000000000000ee10480552ecfef3bbd9161ce6e60bbc
00000000000000000000000000000000dd246e3d6310f8ed96b714221d1501c7
0000000000000000000000000000000018e0e812dff9f5e3efec041025f7c8f1
0000000000000000000000000000000014f4091020da0210d11df115eae016f6
00000000000000000000000000000000f010660b3afff7feda22f61413f812f4
000000000000000000000000000000002ed61021f10ff307e0ebc5f623fcf1ef
0000000000000000000000000000000027fe05201202f22cf31ff3fde5e6ebfe
000000000000000000000000000000000c2839f9221ff715e31cf8fb081b0cfa
0000000000000000000000000000000009f6fa0c262b36fd02bed4f9161cca1e
00000000000000000000000000000000edeae906ee16301e050ce8fba202c635
00000000000000000000000000000000d33501013f32141de4520822dffc0720
000000000000000000000000000000000ee2f010196c0006f3e4c2152242fc07
0000000000000000000000000000000006d8ee16f70102f302f5e0f5e811daf9
000000000000000000000000000000000919e2f4f3362436e52c10f4f7050e24
00000000000000000000000000000000b4c9f128be54fee0cef993151748f90a
000000000000000000000000000000000ff0f20bf023132b0ac5d007ef30e30b
000000000000000000000000000000003a2eecd9f3361312e4bbf10fe932ff2a
00000000000000000000000000000000ebf3ef0b62651f44220e1ab7ed20feed
00000000000000000000000000000000cafd0efd200135393c21f2a5f200ebe4
00000000000000000000000000000000e80610d90f3b68d22ceb13bec5f7f413
00000000000000000000000000000000191302effb294a25ded01ebd11e20f0a
00000000000000000000000000000000f0fc271bea0d21ed320718a9f4e102cd
00000000000000000000000000000000141306f82b1d47eb2df802d10409d414
000000000000000000000000000000004d30cee6083e7f14e7da371a3cfd0142
0000000000000000000000000000000014e4db05f82e3d0938bb140821f4f20e
000000000000000000000000000000001b03f4d44b4941fa2beafdf942f8d816
000000000000000000000000000000000ab0f52325a0fbbe5343e4fe19e6c72c
00000000000000000000000000000000fb142d0b43c4f7aefe2feaf31c19f109
00000000000000000000000000000000daf9001adcc657f5bfcc21c2fe28ec28
00000000000000000000000000000000cde6f00a4bd5e32af3f9e2fb2038c9fe
00000000000000000000000000000000acfe0ffe09e7ff6f3b5600eee221e822
000000000000000000000000000000000bf604f8fedf2963206d030ce52e0044
00000000000000000000000000000000a905230d11e216febf0ce300010ceb07
00000000000000000000000000000000e30e0e12daf00b234dcc13ecfbd305fa
000000000000000000000000000000002cfacefcd7ea0b4e5a3ae5ebfb2eea14
000000000000000000000000000000001a291aecf2f817c913fbfea91dfaebdb
0000000000000000000000000000000001f6f4e8020c0e1f0a1721acd809ecdb
0000000000000000000000000000000048d1dcdcb4403a1d406d16b90dd8f42e
0000000000000000000000000000000026f91ef918e349f060f0f9c52ad6ec20
000000000000000000000000000000000fd659f510140c2c20f627c7d70bcade
000000000000000000000000000000001a02ecf1d837095c1d0501eb2905d607
0000000000000000000000000000000028aec6ed190d329340109afb6dc20421
000000000000000000000000000000002af2e5da440f39d036e0ebdc2ad7d81f
000000000000000000000000000000000a07d1df184512eb0eead2d821e8e3ef
0000000000000000000000000000000029edb5ca0f18f7f181a2dae943f2100e
000000000000000000000000000000000ffed3e4bdf1f404f7c8d21afffbf61a
0000000000000000000000000000000016d10bc5fa01f034323ca629bd95e931
000000000000000000000000000000000ec61df03e071bead3c816fc270b0402
0000000000000000000000000000000008fa17f6dbd1120ae4051e15e4f4fe07
0000000000000000000000000000000005dacaedb9e30c3516ffd212a4c8fd0d
00000000000000000000000000000000d29e0d1541d8060f1ad9b50a40ac0807
000000000000000000000000000000001cf63505459d14350ffa20ffdca013fa
0000000000000000000000000000000018d7eff623bbfd09ecc30016a4aff3f3
0000000000000000000000000000000021ef0cfb0dfb07d6ddf91b1831e4c3ae
000000000000000000000000000000000bf036054f0efc00ccf1102fd2ebfdc6
00000000000000000000000000000000ee1b73036f11fdf6d7e024241107fad0
000000000000000000000000000000002effe912f8f7f6f3e8f7f3132afde4f1
00000000000000000000000000000000191005040af6fb15e418fd13dde8e4e4
0000000000000000000000000000000017175fea6f340003e6221329170009e3
0000000000000000000000000000000032ef070fe016e809cbc0ba130909fdfc
000000000000000000000000000000002ef32c0b0b0ef2260203f70ff5fddfeb
00000000000000000000000000000000202a31d94541f633dc0b25081616f2ec
00000000000000000000000000000000212d14fa1611ea3ee5e21df2042121dc
0000000000000000000000000000000009171d0d0febde1ffaeff00a141a11d1
000000000000000000000000000000002ee93906fdf3d71600e6de110c0505bd
00000000000000000000000000000000031c28fa20c6de1decfe2cf3f00a1cc0
00000000000000000000000000000000f5112aff07afdfcce4ed00e1f8ecffe6
000000000000000000000000000000002ffd3d05fdc9cecfe3f2f9f006e50dd7
0000000000000000000000000000000003112e0f1bdcf033fcf23cdc1d020dc7
0000000000000000000000000000000013021c080fb905e9b7e320e100fd08ea
0000000000000000000000000000000008d5342a0dc8edcfdae51ae108ef03b7
00000000000000000000000000000000d3b3c1d9f111051e14edcc10c80d1781
00000000000000000000000000000000e5db00dc1011f33ffe34da00d91310b6
0000000000000000000000000000000007c406b0121cf42ddc25f90d08d0190f
00000000000000000000000000000000ffa6fbd4cdfe1721f8f6050bd32dfd8d
00000000000000000000000000000000fef103ebedfef145cc0e09f9b40617c5
000000000000000000000000000000002bf6fecde017f612e80ed8f90fed0cf8
00000000000000000000000000000000ebc0040427d51c3ed1d1fae8e90f0dbe
000000000000000000000000000000000bec21f72600f91cbedd0ae3d2f20ad6
000000000000000000000000000000002a05eb90080ddddef6bed6eff5cbebe7
00000000000000000000000000000000da0b4ff13405f12eaec6f31ae9f71516
000000000000000000000000000000000f1e56012e04ee37d4dee4140df4022e
0000000000000000000000000000000012f76b1244e0def92ed1d348fcd4feee
00000000000000000000000000000000df0637fa14180a53f3ce04fcd4f2031b
00000000000000000000000000000000fa134d0830ef1335f534f9ebe4e0091e
00000000000000000000000000000000030c670b28aff00820ede41deddd06e4
00000000000000000000000000000000defa22050b18fe3a26befad808ea0a1b
0000000000000000000000000000000004171f05f807fd35e8d901d3fbc6fa02
000000000000000000000000000000000de6590ff9c5d51bf0b3df14e5e902e7
0000000000000000000000000000000031d0d7f0d9f0e5b4e8ced9004bfbee23
000000000000000000000000000000002e9bc3eac1e10df4cfe8b0f4e3e9075f
0000000000000000000000000000000006cfdedfb60a1b03fc1587fcb29adb27
00000000000000000000000000000000ffcd1f0e12bf04c8e4e307f43afefb1c
000000000000000000000000000000000ae81e0716dcfd0dd2d6f4fbdae90b53
000000000000000000000000000000000409c3ff89fe11163017c105d0cd0c1e
00000000000000000000000000000000cebb042038942894191505f644cffa37
00000000000000000000000000000000f7ed2e1628d30310ebd12eeff0ccf32a
00000000000000000000000000000000f0f39af7c2c3fd1dffe8e0ede0d608f3
00000000000000000000000000000000f8ef2bc0ff01ed18e7f00ae6cf1a1124
00000000000000000000000000000000fd1124d6e40a0ff704dee9fcef150915
000000000000000000000000000000000c1d05e51ca118552085ff2a08fbfd1f
0000000000000000000000000000000001ce21dc30d6f03b26d63708b2dded1e
00000000000000000000000000000000080233e6ff032b450e53f0160de80b29
00000000000000000000000000000000000a0bd5ebdd3257f3f1020a2dc01b1e
0000000000000000000000000000000065b71ec636d2fd383ce05cd7c681e527
00000000000000000000000000000000e51a33e46a03242d28123deb35c4fcf9
00000000000000000000000000000000080405db1ed21ff8fbff2bee3ddc23da
00000000000000000000000000000000091bd4e3022c2ee80607e299193b16bf
000000000000000000000000000000000f0bdff90e1131fb0beae6a72705f6c3
0000000000000000000000000000000026ffe12c39ea0e08d6c1dfce3f210bae
0000000000000000000000000000000051f4e8ffde19f9fafc0303c4eb12fdc3
000000000000000000000000000000000fce07022ee20b330f2ffdc10c03f9bc
0000000000000000000000000000000000c5d61e1ed83944edd9e0e4e50514af
00000000000000000000000000000000f609cf00fa00137fbbee27d9021411b0
0000000000000000000000000000000013ee050209d00a3ddf141ad2271af7e2
00000000000000000000000000000000eb03d4040dc94b3ef3ff1db20f1f0b8c
00000000000000000000000000000000c4c9250f1f5e412b00fd0cd0f427a531
000000000000000000000000000000009efad92042e219471138f6e79f16de56
00000000000000000000000000000000de3e0c0bc3120104e27ffae9fef41519
00000000000000000000000000000000eb9f32fa291538e503061ffa1b25cdf1
00000000000000000000000000000000e616f40ff2fa174908fd1cf5a3f5e81b
00000000000000000000000000000000fc1b1304b6f60534034b10f2e8e3221e
00000000000000000000000000000000f4e5fff916f422cfbd2cfc0135050ae6
000000000000000000000000000000000b24cbf9d8f63c0d1fefa92bfc030329
000000000000000000000000000000001140edcecc3f1b1344d7bf0e2a33081b
000000000000000000000000000000003ae6e103c5e62fb2f4e1121cdfdc0be0
00000000000000000000000000000000f70811f2f51323cfd5011e0fced8041d
0000000000000000000000000000000007f80cdd131c513acf1832ffc5fc123d
000000000000000000000000000000000de40407ecf611eafbbad115ee0d17f3
00000000000000000000000000000000efff37f1e50c2bf30c0e0bfcc6da0d21
000000000000000000000000000000000708e7d303164b00db0f3f01e1e6042e
00000000000000000000000000000000e2ef0142d61f23defbdca619050e1607
000000000000000000000000000000000d002405f451250609cc2b03e3f51a30
00000000000000000000000000000000370709e5237f222becf64603e0d90425
0000000000000000000000000000000019f52225481e2ffbfa36ef813b13d027
0000000000000000000000000000000006ffbf08641c0afaedf4408a341fdde7
00000000000000000000000000000000f241dc04dc1540011d1d16b32400de0a
0000000000000000000000000000000042b02d041a200ed80634f498081fe3ea
0000000000000000000000000000000008f03ef8ff26f7ede91b11a8ec07cbd6
00000000000000000000000000000000ce08ef11f9f0fd23540c05940109dde3
000000000000000000000000000000002cd202112e2428e7fc0312a141ee0bdb
000000000000000000000000000000001a04061008050f0f3418049ce5f70202
00000000000000000000000000000000f6f50110c2342c011add019c1349eb06
000000000000000000000000000000009ae70611442dcf4847cbde23b45306ad
00000000000000000000000000000000adf5190b5400e30e111fea15fe3d14eb
00000000000000000000000000000000e31458de2913e528adfbfb183f0e2af6
00000000000000000000000000000000b30901edf803faed17f9140ae7540dc8
00000000000000000000000000000000e707efe71fdc0821cdfaf722e51e110d
00000000000000000000000000000000051639df0ce50b21022bfd1221ee2001
00000000000000000000000000000000cf1ddff13e0bfc1ade1c01f90b2f22e0
00000000000000000000000000000000fe0dd9f12df92114e2c2ef0e03121f22
00000000000000000000000000000000011234d8e6eb0b5d1bfcd1f5fddbf70f
00000000000000000000000000000000e804feef04db0d0f0ee04405b84b0504
00000000000000000000000000000000e60d1cf0f720645810f0d7da1512fe4b
000000000000000000000000000000000617a3f8f20724f11c06d9f80b140251
0000000000000000000000000000000001d3f4ee170d00342e02761dc11c36ec
00000000000000000000000000000000d8260ef30634334e082a01f600e90327
00000000000000000000000000000000d20793ebff2006e623180c08ffe1011d
0000000000000000000000000000000023f8f0fae44f073d06217018fdf71d24
00000000000000000000000000000000fe0237f40b6f2b58ec02ffe626e2f822
00000000000000000000000000000000fccff0ebfb4d2b2adae30a031be80425
00000000000000000000000000000000d8f11708c2d006ad1a0dd61ad911fdee
00000000000000000000000000000000f90150013ee916d7ef0be708d519fd30
0000000000000000000000000000000013003f1d1fe20ff20c1fe9fa15160136
00000000000000000000000000000000ad06191fd9c90b3506f7f5f3ec26f2fc
00000000000000000000000000000000c8142a1401f60a571142efdfe3e0e331
0000000000000000000000000000000007035a1721ace81c4a42f2e616f9f94c
00000000000000000000000000000000a60e0b110e03250c4edd1efc11f2f9eb
00000000000000000000000000000000d60d211d0bf0050d54ef0bfa0cc4f105
00000000000000000000000000000000eae21f03f2cfea512311fce10e0ee120
00000000000000000000000000000000d8d309f6efecdc2ad0fbf32fe30bc3e7
00000000000000000000000000000000ed2438f33f22e90badf3ed27101a0102
00000000000000000000000000000000e8237ffd7f2ee528d4de161e202e1806
000000000000000000000000000000000cdb09f7e8ebee1fd2fcd904e805ab05
00000000000000000000000000000000fe150eeb291fe542d60af5170d16f400
000000000000000000000000000000000a3643bc5843ff36c3021b083d3408e0
000000000000000000000000000000002ae1fbf7f512df4aa5cbd808e61eee00
000000000000000000000000000000002d0f06cc0c41e543c3ddf70e0907010e
00000000000000000000000000000000452f38817073fc46c8c82418321d08d6
04eb1622f5f7e2e50fe9f487ddefe1f7d90d0bdd0bf9fa1bfdf9f2d9ccedefe7
091e32e4d60ccbfc16d716bad521ea0ae71fedd7da1fdff112dbf89ec4f5d0d1
0eeeffdc1510d2fafedf2e12da32e214c216e1f6e2fcd4fd02d8ed0cf3b4ca00
13cc0f0cff180ae706f0ebb8e7fc15df21141512ffc9ed09e9d90adbeeef05f3
fc301ff5c713ddf0ebec1689db1118f2ea40eddb2004de13dfd5e9b3e4fceeee
01d545dce216e8f241ad1feaf517f30dd00bb9fe291dddfa07ddecbac5ffe3f7
32a5111617fe228134bad1eb0b04e38feac6f34d42c80c04e8d8060407fef9ed
fa0e0f062cf627aaee8bc7e4e2f909abc9b5f30a2fb70303e1e7edf5e0fcd7fc
04f622ec1bd524cbf393e418f5e9fedea1ace50d1cccf011f8dc0de7bf01e4dd
ff19070bfd1a39c8fad2d8131feedbde08012700df0daacfeb172c310a1b15f5
012efff107f9200302f2ea5c1beee9d9e1f30c0ad6f0d3f5ee1bf2e8fb18c5f7
093efae40e3a2af623f0073a2e110ceef0ed101d05fff1d8d16ceeed17193a00
f64c28e7f5231500ebf207ecf1f1d8e40917f808df191c02fc1917f5ff31ecf1
0d3cf7c3fdeef710120ded1eede8eedc0d08fa0ee619f81bddfdf5f0f32eddf0
174e02e3111dfa201c15da0dff2bf1fc0de915191934f413e429f4f8ff2806e5
f4571a12fe272609fe0ee6fce2f5d9e9f20f04faf14b0e20d74926e1fc22fbe5
0b4901d0f0d4ec0a250ed12eff10fad619f80404fe3f150fe03416f9f242dc04
25490cf9eaf5edff2adccf150c0903f1f4e60ffa1a4803f4f54af7070a1b29f3
f61b02ce230326e171dfeb4cc80afbe0de03e1daf61fe6cef6e9babda7223fbf
f304f4e81f3d13d9660fdd39e11bfff9cd1024d3e4eaf9ca06ccb5acb9d8cca9
e2fae6e3e64027e43f16fa42db43d8fdda100be4eb03fcb21c27f2f20ab24cd1
d80934d912daf2121deffbdd200df6f6ce0009a113f50ae1fc9527fbbd1dd00c
dd04cb0828eae31e40d313e7161217fdb1fcd48c01e7eefe0efb2938feebc4fc
bcf3c3e32bdde60e2de71c2af92511fba6eeaec6d51ae4cd1919ebf819b622fa
f1e7f5eac2f2d6f803e3d6eb0614ffe510e728c039e337eff0d3ec21a705d120
06bed32e1cd018ef3de7f10b040ef1f50eda39b81d1704d5f027e523f507f6eb
c8dfed122ff8e80248f3e5662707fbefbef04ad80746d2deefafef26ff1a1de1
289104d400232b0018dadc220703fd04e5eed4cefa013e0b020ceadf13ebfbdf
04e4faf31a5802000ac6ce0b0e21c7f9cae8c3dae10d111d10fef716fcc63fa5
34d803000c36d0e6f6c9f421074ba4cbbfd8d3e8b102d233ee1cfc271181f8c9
06dddbea05e4e8091ce5c0a5f221f914edfab896e303330b07fb00e904da13cd
2ef0feca110eb906c0ed2d99f408bd04cc0409c5fef3f7f2200801fcefdaf6ea
04d1edc024f8b8fcced930ed030cc3ede5d1fee1cff0c701e6e4f8dff9baf101
dcf00f2d061e0305f1d708b911f10915fa1be2b92137e5e21097171d2aeb2000
facef2e8ea30e2e3f7ec1bcb38f4f3f8b2180aa51112f4e319f325231a01f5f5
2cb6d9fde50f14efe9f9f1164dfe05e9dadd12ebde1b04d7ce03407f26220ce1
dcceeed71f3327ecbdb6c4e30df6dfdbe704e1beee0afee600d22a575616e8b7
fdbaf2e31a0c0e24b80907dae6fdc8f7082105d5e80716e7fbc91c294de2d7ba
05c8c3114d1f3517a80afcfb20dbb1f70c46f6dd07211516e1091a434bee0bec
bbe3e5c12c21fcf7ffe3fad6e80312eefd2ce4b2f6ddeffe14f2052a21f4d711
d7f1f3d31e101afde6f82c08f4fcc41cfb21eefaf5f11a0a1616f90c1703efd4
ccf3f9141b102108a719260c37f8a918e82af6f5c5fd0eeef71bec2141caffe8
bd0ab4e10dde370ce7f50f23ddeef80df4591dd0f2e0e9190b35eb3b0334f114
eb0d06c444f3fcf9d6fd3cfc1ed60104102215e8d01be611f906eee51a04d801
d7f331111103c0f381112fcf4bc3c3e1fc1f0ce403ece304dfd4c9de6dc10713
05c1da44d83a19116615dc46f6cf2cf8eadc231e21ec01c51735f2f61d06200d
27d30ac8f317e612451cda3d18010705dfeb060abdf626e014f8fe0ce4f328e0
33d110ca2108f40b0919fb12f8eafe12fb1de4ecbb0b27db0c09dce8a6be22eb
e20a09250e18c8052f19d4a0ebf8212e18b61c13fae5d4e30df901dc09fd2816
d5f822ae0712a0051c0f0c88f319fc1aefc4d5f984ffe4ea11fa0de90ee200ba
f400efb43130cfead4021ef5edfddfeed9eea0e49605edd912feef10efc212af
d901f923fe1acc192107ecd411123c041c05281028d8c5e7fbb808bee5df48f6
d6f305d3113093041900ffb51d0c0df0dcd901f0030ae40afcfdd281f4f22fe7
1de3ddd31328d20bf80b0ee61705f5f0e601d118273df9e0110cdcc50a064dd7
ed1d12f72a3ee800d3111e1de5dd160016e6e8dd041b3022fc25e2f3030bb800
110efe974303a508e51201c7dda1dff8eadeaceab926210a1ce2f200c9d6e104
431ee3fe34ccf30ccc0611fab1bfeef3031c10f1b4f20cdf15ed003fa9a6df0c
040325e5f312d111e818f8d6e40d10d5eee7fad7f8ecd80cdb2004b802210007
09001d810ac081f2f70705ba14e204cfe7068106caf4f4f3f610df0626edeaf5
15dcbbcd2297c302db1612d9dbfffee2fb40f218d4b800f4ed0aa4eafbef2409
c80ce6fd3d2ef23fd608d409d10425c0f8090f1911e6cbeee7ea1f1406141938
eaeae3abf6ccfa12e30b0408fb07f5c1d116a011edc3d404e94c0b1113121038
2fedec0ce4aa0808ea141b25213607d6f959b0f5fc23fd11ed56e9fe48f12917
4fd981ecf926021db8eddd0fe4ffc1c2f00f12f8caf25c5af5b619ed5625dcd6
32efde151dccef2ef100fb1ef6fd06f901f21b0ac8ec360d16d00f1b16f581b0
2eddfc3028d9fd0ee12ac02413e7d5e727de3730cfdc440c01fad005e7b1ac00
13f99e0b02ec1c0ed60d030cbdfadad7fd22fcd002de263205ae28012e390ee6
0f06ea1ff5c6de26071cf0f4d4e2011afc05fc1e02eaf6fc1cc807050efbade6
07e6041b24e6ea15e60cef18f5dce0151af71c3dd0ba06ff05c9da39e4b6a905
c7f3aa0417be1409c5e611d3e0f7f4d6f23de8c909d7ed54ecba47e91c4edf26
d9fceae50e9def0aedf715f807db0117ef39d918fbe5bbfe0fb422fffc1ac82d
c5d5f6f3fcc1ee0ab8c0114305bc1e123705fc23c8d8a919fbcfcf12afd5a036
f6cce30cb8502b2319ff8144f9d9e91d1d1300e30d2fdece003d19ad1c00eca8
d1c418fd1d5dff0e2501aa1907eead090a0f00f7d318e3e40baf1bdf03b9e98d
f7ddf2fc2b29090ff5f4ed4003dea8c21d11cee7efc7d1c8dea708ddbeb1ccd6
e0ec1de382f4c22523fbe928f2d3ea2b1df8fecafae2c9e7f64109c513e8cfcf
efc51fbaaef6a417e4fae5df07e59aff1108c2d5c907bfe30feaf6bdf2ccb183
e0d8dd0f2100dc1fbb020b11f2e6bfd30ff9ce16fef4b1e505ccf5aed8ddb5ed
93dde5e93a12ce1510e9d53ff9b509ff1524d7991bebb0ece0ff1d39ecef3213
bde6e9cd84bfe018f0ece61f1fb00df8f4f7eebdf5fdd4f6f74e09d6192adee7
edfbee1f99c82428c8f8ee31ffed1c0c030018f6221acbf4fc12ea922117d0e8
d7e513f3051c15ef1ae3df23b6f01c11f5fbf5d8de291ed20206e5ffbd17181d
f0d9d7beec0ef3e904fb0f5feefa21faeb07ffe8a6306406f5f5f908c8f024f0
09e2e30403233de702082a74fe0d0a2ad63adbffd85351f5041de126a3f037eb
d7f9f4ca270ddb1d1e04fdffdafcfd260eeee3b002d00bf71112f6f2bc200fe8
bf0915822900bbfd070f06f705210007f8e3b0d7e303180915180d09b91ee9d3
e1110aaa25f60701ec0dfc2c22130cecd92088e3f1260fed1e0cf6dadcf6f4e6
e6e4ebd1f4fb11003beb0243170c2f3204f8ec0119ecdc0015160ac9922040a4
dc0a2cde4023f0183dfcf92e29183204ccccf6df1b12da0517ff08d6c016fdde
dae715d811110a0ffbfad217180f150c9e17bfff0a0debd411e50d04ea0b55cf
c3cd1c177ae9fce3cace38e9cfd201fdfbdee409093dbac4024b25208c2c0e3b
e4fc3608461be0dbdcf01ef7dbd0f6fb1d01032af81efae1fc0ef8e08efbe01c
f8d1f7d90d18f3d9e3d7efee21daf0f71d1a341cc0181800191202068becdecf
fae018fe42f4dee9cff006f3cdef0ad129c9042d1debb10701281ce0d3041638
d4d8290a370cdcfdc80812d8fad610141edd0c0a02c9d80cec26d8c6aa04e502
c7e3fcc83afdc5eae6dff9c80ccfef0d2efc15f18126e00d22ea0d4dcae7daf4
56e6e6e80fc4130611ebd53ae90208e10ee30f3a0bbcaf1ed07714fcbd0139fe
27ce21ea27db05e50400f40f09d2210903d916471d17c516de3bf2f0831609f5
e6f80aad5ee5a705edffffe52098f8fbf9fd06f0e6f4b206fda0d9edc4ed0234
db170b3004d9f0f2610fdd35a51e15a7ecd0d7e83be702c4d5f8eeb4f2e29af0
ec0414f40f36df052bdfeb01d2fdf5ffecf1bff620ea11c3ebb8f0ec15e392dc
d1b31adc2424e9f100d0e7ebd50ac808f421b3d5f3e143ce07d21908070f98cf
000b0307feee0be33dacfb3dda3c13bceedcfada451dcedaea13eed2dd03aa5c
ce0421e81d1b0df6f8afef1bfd1d2101fcdabce604ddf2c009e9f6e8c2f396dc
a8efdfec15feee06ea014002101cf301110ca0cebc99e9b81df71a3ba9f0b8a9
03de1838f9e4f8044fd9f43a182df301dce9cfa522fee204f7f91710dc2e92ff
c9ee31df3217e21819fde8f621222231bdd6ced9d6f7ddc914c80b2eec089504
a9cdfbc8450ae02ef80d08e13017ed11e8ddd604dda59ebb08e4f91ea4e69405
18ffd3d9e4e7e0322f0d040fd03e57110e041881f7bc4d1f1d1bb7ebf1e6feed
1e24c8a52b00ed2934f31515e51021141603f8aa07cc502d2b00c8adcfd9e6cf
2d04f2bd15e3f31a2ef7160feffef90f25fbf8bff9dd51251ef3bccae6ecfbea
2afbf101ddc00df1240bd71a0a3423dd1af330c1fbb13412f201f4ffdeffefb9
081efffe08b80eef38e3f5eaf91f152a14ec1cb705e50c050dfef016e304d8b1
eefafbf615c71ce617e3f9efe907034124eb0fee06ea311c18e705490df6e399
2bf2fb0ee94321d420009918052600e0f4ef0ed200ae431b08131709f8fae5de
00f31706190b17e908d2c1e8da27fe200de71ada01af190f13ea0233e3fdb2cb
f2b10e073ff615c7f7d6fcc6eb1cd93e0cd20edaedbf2f2e0acc0b42fe059dc1
1dd1d40d01f7fbe516c5bacffadce4d8f90a26ed01d114f7e0cb0c2edf00b405
f306c416c102f00e20b0e7a8fef0d8f7c92202b3f1f5fec40aad072cfc05a3f3
f9faf109d40bf4e209a8f3d1e90690e2a900ebd402e51adc08cdf0230201dac9
2fd80c0a25f1fce31fecdc04fa0907f60c0616d0f1ee0af3f8d709f1d5efde0d
14f6000822ea001600c7f2c7ebe50b16ef16eab108130eee1bcee3c6eaf9bb0f
11c91beb12f1f3e528b80cf0e9cbcc06eaedcdcdfd0c2ff721e3f1e2db13cef7
41da20f241cef49b45dfc70dfee807accad2dfdc19e911fbecddefc6d3f9d5de
02e7100954d519a4feceebf7f4eb04f1d1d1d0d219e403fefbcef3bfefffaa18
11d00dfb3de80f8d1cdcf500eee2eeeec8a2e5d00bb12214fddff2edd908bcfc
07c01cd8011bf2ef8d0b9bb70908e4f91c0abcf4bbc90738140c18ed27e80cef
e7ac23f3e9fcf809d628d5f51309fb0e23e6bffbd303113f03fa01e91b21d3fb
f4e31c132cf1fe09a5cfe7d60ff9c6c7c3d8e00d1b291458e0d0d29f770caeed
ff130abe0432e5f7dc1cdfbff200e33cf017d5f5deeb0a060e06099b16e82401
d2f0f3edea3ef6ff101f04fdf602c11d2cfa0620ecf00cee04fc04f2f004da29
f1f0f4ff0d1505ecd1dcd008f600bcafd3a810131dd61a21e8d5f51700118f19
140ce4d8c6f5ffcfe4fef6cdf8fcb451c110f70dc4ec300d1e10e1bd2be23908
ec320206e82407dafa1a080d01dad94afc110902d5082fef1afd12c303feede3
06fb28151a2105e6a2d0f601ffc2b8f4fbab1a05f5f93e151cd10e0c0b05e3fa
22990c091bd9f5ea0381b0d10bf8edacc5ccfdec06971815efcd11f9dbf906b9
0fd5f11b07e10310f8b8cf06fdf910e1d104f2c20cc9170c0edf00f1fd01f2df
ebe2da2105f3ddfa039ec302ee0807e4d4d8f3e40dbe1d1b13dedfdd27ec04d7
04c8f6041adb14d502a8cffaecf611dce70f0ad702c6f60806c012f0e400e005
0ad9c11bf4be1b1cd8dbf938cefb231de837fdddf3d4ecdf1bb906eaf50ad7ed
ff05deffcfdef702f402fc0fdf0d14fefc0104c7f8cdf7f00bcadcd4f5d8f9dc
15c5e312fafd15e222b3c604f9dcf6f8a71c1bf4f8f2eb1605cb1dfdbcf1ead9
1bd8b001cddcee09019613f2eeeee400b732f8e3e904e0fd14b31cfbf1e8e3fb
0c09defabde3dd001d9628e10cf900fb810cfdd2ff01f6e2f6d2e4cdf5d50f14
efe3e91bdf2118120e4d3ec214f9162512f3ecef032db30a2008e0e32110f418
dbf030f2ac3111f80511f2e51ff0e80333fa2e00f328f1fe32e418eb3cf744fc
88232d208d0310e9f9490fbd30f01b28392803f70a3111e632cb09003afd112f
fd190406cf15f914321d09f811f4fd0afbf3d5e70317b02a13f101f404f912f2
14ea1effad0ffe1045d5ee0a0dfad5ea15ccfafcd5351d341fdd242b1bf255aa
eb0c0022a242200a32f9efeaf60cedf2f3fcf4fdf125350e2ddf19f244064efa
041d1b1fd3d6ea2e36281fe11616f60c2826f10c373ce5154ebce6cecddc04de
0f0a0309ecc1e3e539f01de1e30bf7c415e7f3e7e40b121e21d5f001d30c4e20
f226da0ccfef0f0b162ef7f2c50a13eeef08fdffde23230335db0ce1f8043fff
3bf6ee05d40efdecdabeddf7eb22fadadbe6c2040abadd16040a251ad5dd36c8
13e690d0c8e1e618c5cd05ebcafdf607e2fbe10902e9011f12210c46dee41f08
16019ee7fae91705e8cefff3d9fa4df9e4cfed04ffe2da25042126590b033bfc
0ff1b9e3bb0ee41dc6e21924f3f7ddee21d2ee0d1fbbe21717132a1b0af013dc
19fa8ed8a7fcc022db0af0cbe5e30d3341ecd6fbf5ef050f7ff9ff210cfefaf2
0a0cb5d2cc0af642e209d6faf9072416f9f2e21ff417f7173f1c114f22ed1df6
15c9b20aac3d031ee3d5fd3feef615e9f3cfee141ddaf9120a283210faef2413
e2fdaa0ba215fd28dcfac2f7cde32142f0c3e92b030811342910311be7e31fb5
ec0c160cda29ef45fe02e301b6fdf500cdd50a2e0418ea281910270ffce33ef3
f400c2eb1df6c7f2d12b21c0f312481402113603da2d213737b910050753dbdf
fd0bc7f0edf5b9fee2061cdfd7003617e2e838efd80425222ac60609f71df5b0
fa16bcd6e4ffd213cb4d10f8f1184617ebd42815c4faf71136ae0b23d805efa4
e310ccdd0cdccc09fd1b14a7fe0d35fe2a100409c92c0c2928a01bea382ddb03
f40acae3fbe2dcfeda0415c6141a0d0703f610f6e117131a0c98fa021a20c1ee
f410adbfe4ebe6fde51924d6170f1314fe0bfdecfc03082512b0102bd71dd9dc
fc21d0d6e88ecb11e217fccc190a4ae73a280430c0081c243481f1f21104e31e
013cc9ddebbfcfffd70f00c43dfd2a0e071c0a01c836102917bbcc03ff05cb13
f245c1ccced7f4fbe53419e43ce71b1e2829fff7cc39274c25eed721cc0ec400
fa0f38342ee323de0d270a2e07da0e2805c60ff6133b12ece132f628ee3ca03b
c9cd210d03f716eb16f920dcf2effe36aaf226f6ec35efeefb2d2d4cf632893a
f51a49ef01ec1ae7f2bf01f417e9f2f7e73c0b09dc42e70ee8061f33e3399afb
cf2935033d29fffedcfa2637d3131026dba3ed110f4fc1e1fe31e9c60505a548
f3ef28ea334e1cedf2f22411ed02f4fcc61f09c80a03bff6281802080c268832
0bd933e92601edfdd9f9ff110000d1ecddfbe3c6fc1cb9f4071e2351c039a921
f6fb452741e7e4d7fef0122ad6f30efdf7cdf2190c1b8117bcfb171dd809b547
16f63c0d46090ffcae07f71501daed1f29f419eb11cf91010c0605aceb04bee1
ebd81bff16da16019d114ecf38f9a90e0a0d0fc118f490ca08d132fcb9229e29
2b0fe40bddcd0ae710d2eac4b803131ec6dcf9f5ea192a0f1c0ecde9e5efd39a
0305f0f3cbf3f1fce4eae7f5c70a07f4f8eff520e8161d0d212ccee1ebd5dcc0
0f03f3fbc80102f9f1fb0e5abe07d30bccf6ec04fe1103334b23ede90da9ced8
48110cf5dc0abfec1cc8c4c4e1fe0715f8eaf6f8e1fb26ef16e2d089dad7ca97
3307e5efda09c1f008e4e0a9c407e3eef5e81801d90c1e0f190ad1dcd4c6ffcb
1f15edc9c8c7ed10f2ee00f6d42bae02c6f5d9e7d116150c312ceb15fdd1edd3
1b1007cff7c48eca15b5c39901fa2b0cdce6f3f6f828e4e221f3df96dff6e6ea
1bf1f1d8e8d6b6f5ebecf5beee1309001504060f01290be822b3bfa6cfd4ebea
ff01fda0f6cdf1f1e1f0f9e20409c00de806b0ed083b0d06250ed6e4bdece5f8
18e0a527f4ede7e9e80600e5ecf602dfe4f5bfbc10d6d3fb061a0cf4f9064df3
1dfeb1ecd205daf1db0430e0deea030dfbfcec1d03d5c0ed2617250e19d72505
2bd9bc11e311ffe6def119d2fffe0802d6adec1b12c1c205042942641cd555c6
13f7b5fdc502f1f7a8381dddf6bf160c34fdc7cb2adcb7ec26061618202f1805
140caee29e2bd210c62926c4f8d20254270bcced080cabec6e0a070c1f110400
35f7adf5defcc608e31d2dba0818eb2002ffbee10cead8f9292f2f3708eb31da
25eacd05b34a2bf9e31f130c8193163028f3dd0d20dfbae000281ff4173a350a
f703dd12a6490c0ecf241500d39322531de5e9430f14a8ee231b0d031e350602
2803f110ec1fec05ed013fc3c8c0ee31defad70722d8beeb05212215e00528fa
e6ca03f0222c1a120209f310f5a8e6d9f59d1131f4e7fd3008e21236dd0287fc
ce03052210061c0b22f6dd2005c40cf2faa21bf80aef231f12f31624f9dda2f7
fff8edd3e021dd193c0cd0152dc1f0e8fad8e20004cf3244181981dab5e5ffde
04b811f62fd6f4f5d6f8200dfdc91710f2b9f9160cbce9fc0ae8132fc7218a09
f4060b0c3ad31a08ef0c182022cd1f0bead3f4de20d600fd18f11928e6f7a531
f6fe00ec2e34e51c0b01f00827b40a4003dfe8fa0fcb2d3d221ba0cfa800fb27
3ba405042ab6f7c0d7021117f39f041fffc7f4162699c8080214f009d733aa11
14f4e4f520a710e7edf82836158a181cfde7daf824d3db14fd11ee27de16c346
210ad5ca01f2e51f0beb260706812e2902bcc3f62db7e93c1c04da0dbd080424
e1e8ed18fff708f419f2dbd7e7f51b12f121bce7f5f9151a26eb1ecb271208cd
d99fe8fa090eec1100b9ebeac9f7150aee1dead7e102280820da099f39f0e9db
e5c3fadd29dff10cbeceea0fb5e4c74bef1dc3a2d92d512826c206dc75e6e3a3
d5f9f7c407f90efd280ceec9f90214fbe025d6f7fceafc3227c113b90103e4e5
aec1f4e70506ef110db6e4e6fe0814ecf716d803f8eff21d10b0edbf0710eaf6
cadff0bc02faeff6dfc1fff7f912d917edf1d3fef109061619dcf69d4ff9e0dc
f6eafbbe02e1e4f207f4f1b308f02806081f02f0ed00df512ee606980813df01
d0daf6fafadde9ebe9d8ebbe09d3270fd91c10f416e903481bd1f2e50626e7fb
bebdd3e0fdd6f4ddb7eb08ecf8c81726ed031bf2fe13094634d1f8cd2c0cfdd2
f7f1fa3d24c0181a2f0cd5dcddcb16efe3f2e6f7ed0e2a2e3e322acaee1607a8
1afbfc20f3e5ff09f5fdd4c0d9cf06f6c9070d0bd80f2b2c1d2313e2d3b6cbc6
0a10080419db01f6a6f1ebfad8faf21602180b1fb70d322f14d7fdf8cbb5cde0
e8f30e130abbf202f6dcee95d5d31b1203e7f1f1001d06442d272dc9f5ff0208
f2fe04f804e8e101cee7fac4cbea0d1fda000824d3e5fb3004cee8c7e2c7ddee
e300fbf126efe5e4aad6e7dedbeafa211c01fd0cac01202f10e3f5f6d9afeada
e5d915e82881e40703cf049c18ef0ff4fbf9e1f0e7fcf14111d726e9071cdeff
c9edf8d318aafaf4dde70fb916f62518c50cf212ef20e823fcdad9b0d7e9e620
bed507d636d6dffbc7c0108c05e50141f8c8e0feec1913621308cfbd92ccf426
160716210cd8e1114614d2b2f3121c08e1d7f5e2f6e707f51112f4f7f8dfbbb7
150e10f409ebd90303f2c7a3ee06f705ba0eebefe602170b01f9df2003cbb9d1
e9fa130719c0ede7eb0bd901f923eb07d344e805cf0e22f511e4050ce3d3d7e3
ec1106040303de033fd3e2a5d6223c11d7d2f10a12f6f3e70ce5fceae3d4c7dd
e7fdffd60217e314f2cff9d6e622011dae04d4e7f7d7f8fb0eebe612f4cfbca9
ca0007030ddcebebe7f124db0c36e9edc10bc7f8e8ff0fee1c21f32ae9d2e0f2
0be20de533d2dc1015c2ffc02a292f1bd0b5ee0cf521b0e20cb5fa2d0ce5d403
ffee18c735efdd27ddca0eb330371c13d2d6ee09e5f3d6ed07e2d923e2b0d5e4
d6e812d930fb0e16affd2eba3738ec03d7e8d7eddeffeb04180ef745be86e3fc
35b2ea03332c13082ac3c113110deb83b7e7f1f926a73441f5dcf4d406faa4a0
2dea0fed242310fb1dc29a08f92407d7d5eee0da12ad4a1e02e303dc1c168fb4
19d70104184a11c632c6dde21b0313f2dde1e2e90bb1461c1308f41419e1aacd
fad8d511f719d20f23edc1ef1c2415bdbef40be61bc8322be3c6ffed0721caec
08e9f4fbf601ee0f3f02aa2e12272b16ae15fcd9f9e72c0d1af00fe9190fcce3
0f0ef7042103e0f34801ed12fa022623f116f2e2daf729152413d1dddcd9ccc5
eeedef170c26e3f20615f4d1271415e4e80421e418f0291901bc1dea10fbc015
f501bbf5f805da063a0af2d91c360618e81f2bddc9f5290410f515e3000abc2e
0716e1ecfc10e5fa07fc1df51a161f17f4060bbac2f037170df0bcbafaf1f211
0b0601181b14f0f8b216f739cfd981b604ddd2eb0bbfe7defb051308f9d1e9f9
f5fadfee2001f80eeb022e40a38ec3ddccd3dade18e2e9ef2703ec23ee01ad37
f5deef2962f238f4dddb0117b2b0ea0ca9edddd7fdb8fc3e1fdb6f532433c6f0
11efd7f6e80ef42abd0415febac0e91b100fedf0fbf8eddb0be61fefccdbec09
0b18cde6ebee0318dc2e0b42d095f61c211dbddde104c0d838e1d8e0baeab6e7
1efdda1215e40109dd64fb2cd9e604310306c9f0e4a9b7ea2df30cf7d4f3d307
000109f3eafaeefb11e4ffdb07e9e100ecb4b3def5f022e4f41121c2edc53ecf
011feded19eae4f1fe223af1f8dfe80ec7d394e1f909fef108f2f8fab5cbfdcf
2918140a2ef2d5fbee16241d05f5e0128acb90d309a3baf4030d1ce6a6d22003
d4e6f80133002edcc00ab730eb02e9e7de0cc30be9ae0035fb01210d2a02dfde
c6f324150812190cc8ebd016051de5dcf8e00d0bf9a51f3a08031dfc1dd2c6d8
d2b413312b06ff02e7bfde0815f9e893f69ef92014a1302ae706eed445e9a9e4
ef07e6e70a07f0d4ef1d0a00cf0cef1bf808cbfed3cdf9201303cfe619ebe7e3
d5f62900231bf6dde0ea09f4e711d21400f9f027dcb4181825dded0cfbafb0ec
cdc41116340f06efb4d4e6f806f7f2aef581fd21f9812f1700ea040e1ec3ab06
eef6dddaff00d8e1a8f31bcd0911df17fd0109e60afee63d0710ec072df5ec02
e2e934ec1b0f0ac5a3c810d618e7f623e7e90901ffd80c171ef3e90bfdebbb00
edcc0500390203ccb8b61aee31ce0beaf3831801f3a1fbfc08daf31423edf02e
0cb8f4182357fef1a7ecf013eaee0e34e7e8ef3cfdf6eae81119f8030ef54dde
f4d7ebd7332cc2feb6e9f1f1edd6f633e2e13213dd07dfd81808f90b02bffaa8
f3f8fb1a3a14dd0bd8fc342505ccddfc0a022c3a0203d5da0d2be91607be2f1b
fbd40d0e261fe1f0aee7eeb2f30121ffecee0a0ae8f6b1ecf514f7f40bfb3bd6
e5e811ce3109ceded2d606bae9abea1be0fa1808a8fbbecd15f9e4eaeebb25c8
0209150765ffe8e4f5ef2c0cfca300f705031222f7d5aceb102bf109eec72111
07e9ebe628fedfcdb6e4e8d4f3ce3bc605fde40922d2be01b0f9faebf90f30f0
fefd0d971bd7abc8d7da05b1be9f1deff9dff30fdca4d7f9e4fbcfbae4280600
46b5d4be4fd4dcc92ef715f2fdca2cd2f4f3f518fbb6b4e1e027dcc9f2252d12
e6c9ddd50131e73309c4a824eae706f3e6eb23a2f5bb220506fc0ebedb00fad8
d9f4d1f4ba230a13f40ab53e31092104effe13dfd9ea27f80b392398d2e11ed8
f3d2e2379b370807f003ed0e2e41d8cd0eff13fef300cefbe83f12cbbbd717a4
f8d8a6ee3dacd019e6e1cb1409f9ee08afffc696f4f9f3f1122422bfd1f8ec9f
e3fdac070dde1a14ddfdf3220aeeeff1bffff8f1d3e901fa0b4816ee02e40400
e6df253dd4121a0fb903fc2024faf0c9fc0d22010de8c3e2c02017daa0d4e8e1
dfd2c8da29e3d818f0caf8f5221ee312ba16eebb0f35cbd2ea3b00c7bfeb1e01
d7f7f0e75204f604fe0618180be0fbe9e31cfdec0ff8d6d500f9ea0ea8013f01
d6ffe60910fff1360efef033ef120be1193cd9d52ff9c6afd9120526880842fd
fbfc03f610e4fbff06dbda9fc5fce5eead09adf4070e30f3f513200e1f01cee5
04daf0fdf50bf616c5bcdde4c1dae00eb41fe40bdd0e1cd8fee10906edc0c0d9
de08fb1d08f5f518bfbdaa219dfae846fa1bf6d9db0b2aef08bf0a002ce3c0c7
c6e40eaa2de3e9120b0f11c0e2db1e0cbd2ddae7e9caf825fdd714d0f004af19
c8f7f1d600eee300ccf4d610faef2931c620dbf2aee0e60f1ae3f6eee6f6c109
cef5060006e70105dbcd0314e7eef133e5f8c0ecd70bef0a04e913e3fddfd3e7
c4e100b908c9d3f4f6000cc317e02dfdbc23d402d8e9ed5ceaf520b5fd1eac1c
cbeaedcc0ae8e4e107f7fece0ccd2131be21e5f7f9e1ce19f0fdf3e2fa1c9239
d8ee16f422e4fbdeece315d301d0e82ae109ddf8132df145da0506c2ca12d217
11dc06fdece8b314db18071920ff3a320ff4dd12d7e1d4d42a07170a230eb9d3
fdddfe12a0eaba18f9c6faf126f21eea18fff714fae2d4fef40010d70413fde7
d0f61afa81cba525f8f5e2172ae20ffd0434d30505ebc61a1608b49df21be7e2
0c0f1407ce23e602bf2be3e10ae51e1909eba92e17ff0ef11c0207cf5503b2ca
20f2f4e9c611defde1e5fefc2fe2dbba1be9dffd14c710e0ff0512fe1825d5c8
f4ebfcdcac0fbffff3dbda0b29d20bd2fe1ac8db03e7060afcf5c0b0d32ff5c9
100f0bded90fdd021107ee190fdd470948f1eaf500f913c61f12f5e652fde4bc
3d04eadedb02fdfc14130a1917ea19f137ee1a02dff503ca132302992301c6de
0ee6eff0c80cd6f9e222f31d26e034110d00d9fae8dc0ce414dae6cad1250afb
fecbeb124a29f7e23ab8caf90cddc2b1e2b42c1f0eb117f6e4000d06fe11b7d9
f4fa191428150ff028e8b41107f2b2f594e9effbf6f0fd0afcd70628fb39c48d
17f8051e5b1b03e3f5efd44003e488f3b9fe10a1f5f2ff04f6cc00fbf0d8908a
fa1fee265420f1d804efd1c8e8b8fbe8fee032fd07dfea02e7ed00ef1705d01a
ee2825f81f07e70009ef0abceaf3da00d00f0ae6e9f1c0090a14f5d7fe289403
f51c06f7f423e5fd02f81cf7effaae0eb1fb16b7d6f5adf618ddf50af00593c9
1eecf8125a03fac81af0c508dbbe03d7f6031d1d08f2c006e6eafaf0f8fbc415
e22ad7f110f9f0e7ecc708aae8bd01bcd9fb15f200e49effe9e0f0f9ff08c02f
050dfdedea12e4c0fd9411c9e1fee9debfece3e10c02aa01f301df1d0e09d313
c34beb05c803fde4e5e6e5ecf60bf192c7ddfb2022f9007fca9ec4f09dc89f05
070ee6ebdee82cf1ecb4d306f0250892fefdf30015fd0029c0d70213d6e0e6c6
1e07c7cce41f45c539b7f3f02d100bba2acfd3ec28f80d06d92b161dc7d809d3
e214bed9e71309f1dcd2ffc60934d881c10ff839290a1c25cbcfc212ea0a2c35
0204bcdbd034fd101aeae2defa3f02baf70bb4ff08140ffd06011020f3f636e2
281dc3c8f242e9f23305f40c1e30041129eaa6cffff0332a141d1deaafdeffd6
e9f4cee4af4fcce5ebd6168d3f1be6ddccf9e61122061f2df3fee5f9f1fb2718
e529cbc4d627dc13f5f1fc982b0cec3cede7f109fff5133723fe10e5fd0114dc
ff3400af0903ad1105e8f7ad3227d13bf0bbdfb1c5cf306c290d0897c10238d7
c2f40c55fe0340f8f1dde10ce5e9f30d36091042e00aacd3fc00131d44ee121e
fd0b311ef6c9e7ff24edf72805a200f42aff4d2e9cf18be20ed2e70fe9bfd7c5
05ff2113f02f06ff3dfd0520fbb5d70623063a170203a8e910f2e02400befd05
cef5015510f1db10e3e5feb3fadf161e470b0516da41d6e907e811092cec1421
ed3014feefa9940808de16b21d9c0a133bde29358225dce005eed2bbffb8f40f
f60c1c00fb07ce091f00f900eabfee110df31c25eb34d6fb11fabb0500b50fd7
c1fc064909c2dd40cce926bdf5ca1f19760f1c30d533b2e2fec7f70928021515
d90b12f8e6b98e25fdf30dbeff9a35f750edfb44ce18d6cc01eecab8ddd5cf3d
08100608fdceca013cfc01f4ffad23e727ffd6190c35f0d8041bcfea08c50e0b
1904c3fbbeb9c333d80aac4afcdfd8e0380c230fa31e10eed8f812c7f8f0e50a
1405d3f7e7dfea27cf00e55a12d5c4fb25080108a0243b10f3fe1204d1cdfe04
0ef3af1bc018f023cdfaf4610eeebdf83d0610e7d11f3812ea0603f8d4d603f0
ec0ad1bdb8a2b725f9f1bd33c901dae830140bd1d53e06e0cdfaf4c1f5e6f2fe
dc00d4c2c9aec617f5f4ed4ad3efccf90f26dfc3db2604f1e61ce2d9beddfefc
e8e7d4dbc2eee522f2f0e340c6fcb8f2231af1c4f01f230be124e9e7e6e60ce7
c800b9b7bdaee62202a2e250d104e8dd200ddbd8d52befecc21af6bbedfe0e18
d20dc5b694c3f318f697125eebdfe1ec1e14c4dde01bf2f1c238f0dde6f21614
f4fcaadda8e30d14ef941956db03cde52614cac0ff340203ca38e71303f22001
25c3efe0e624e4042be6d10be40506d02e0f0f1ff9ad1d1403a9f3c74ed0e9fa
0adcc6f5ebf3e122fd07f80a04e91a0d3107fdf90cde0f0517d5ddcf07e5e915
0dc797cdcd0ac81e02e51afdfff21f07fad2f11af8cb35fd18f2b80637091612
50ede0ef0f02e9d8fd0aca1cfae60df534d01702dee0150cfcdc01183cd9bf0c
0c10dc081adc1b1f070be62af1cf31231aed07ecfbe5f1f202e2252f11b8d712
f9f8dcddf91409150e01fd0ee9c61b1800d113ec0eda13f62110f7c92fdf0a0b
7fbadbde2600dfa401f4ba29bfced9e9f8afedc5dfe93c04e3cde7ae5ffacbd3
1e00f1caf3c5f7dc1985e735afceec08dbbccfeae8f40302d8c7dc4342f0d9f4
17f028dcdcee06ef40bfe412c4ea1cdc11a215de23ec0e01d6c5c8dc51dad7be
a50e291ffb0c1404e1011abfe7210031e1fccb2ef656c5b817f50a393e1abddb
cf0a4cdf2efb0debd7ed240b0f08c5f40313ed2fda4cdabd05030b370f28e0ed
9e40173323ee2606b731f25cfd2d1ed6de3a0404fb42ebbefaf41fd40b39fefe
f5232cc9ff37e119a9f60398c5e50e2923f7c605fb09b7b4230002d4111ae38a
e91533ac0816b9fec41a0d91d9f08a020b14d8fce4fcc0ce1c22e901f21fd1b5
cf122b070ba405f3f61e0909e419f5a9f810f53efe3d90a1fafc2a3a3a35d828
0c1c2bc4fa00d339dbe220bb151121085ac609222312cb97ec10fd090505e4ce
03312aca0306ef36cc322c8109fcfcf22b180f080a00e6b31314ece0d0caf0e0
be2726cc2ac81f0fd62b00d72a28fadc0119fe12122382bce31c0908b3fdb10c
0ede27f5bce2e8da0a0d17b0090c190ac7f4d9d41b0af5f707e5f701fee936d7
fe111009ccd5f609ee1024d605fee90928f812020731290a081e114606fa43f4
2523f3ffba39162d13031001051b16e4ff1f0409f054320e0ff738492a075656
07fe161eccdff8fd192727fc1113aff30904edf3f3390d27ea0910062deff6dc
2e10fdc0d3d2d8dd280f30dc17d5f1f9fcd202e0f117270914eaf40a060e514c
16021befd9bd011be43ce1c6fd021c0a03d706dbee2a361205e5eb1afd043a38
f1e62a26e7dced501f55520cfc01eefd5e00f418fd23037106eaeae30ee7cf1e
000723e7f0e61a1add67f910eefe122a1501e810ed22f61a18d400a90a05f035
cc173cf3d6e81939b34fedb0eadcf22d3af4ee04f22ff01305c3fdf34615db14
f2e014fd1012e3ef27d2dfe298ddee0ad7e2ff2d03120e1f0cccdcb4e1a2ab81
c6eb0603ec13fcfd05e9f0dbc2e0d9ffeec80f1cebfb0f1d06f4e10bb6a2a3b8
d50b1ffff8ee06f4e50200edd0fecdfed5eafe04fbfc2d082afffd02f0ddf0c1
03dc20ce0106a0c342c5fd8ddbf40f09b5ee18242b3bec1300c2f7c5c3d8ece1
f6f1d9d8e506dbca0db920bcf5ff0703f3cf0e0411ecf72cffdef6fac8e1c116
eaf3f5e6eee80fd40be32adc0520c9e9dedbfd0014f707300907ef13d1f8e005
24e512d705efcab235c9008df9dc2111a3d91f11283a13f6fdd8fc00ecf8e611
1ef7f2d310bbeec524d02ad902ed3108e9c61307210a170bf614d5f0e1f7b914
23dde8cd25be0dcfdce7211903f705dbe1b3eafa1313173f0109d0d2f5f3d80c
f324d402a598e81c1f18371b1df63c000118eafddd37d42d2230fd3defe12805
d7efbc0f96adf4232af303f9ffeb2cf50bfe120c0640c917283f214ae4e93d01
e801d608b6ab281909f9092ef110350a0425150d092bc1102b303c75f1e8670b
2813c41c9bedf515f7f20ad5feee2de20209dcfbfe34e81b10423a1b05ed1524
fefbd7e2a7ded60127ccffd3fffd0ee62afef404fe5a0c030e5c1b500cfc1c2d
fa07080eca071b1319d7f0e6f2fc130c0a2d11f9145701fe091f214ffae74216
200bd623a90bfb56fff8f4f0010250d334fde51f0e3cf6151d410e18dbda3827
300b08ecbefbd92854f3faf602f52e0124e8f8f4234f1204213ffefb04e53c1e
04422407b2ed24303dfeffe3fd003cf62310fff4063d10ed1c280039fbf54a22
e005edeefadab1120ae809aaff063c3ff2fa28d3e1cfee320dadc410eba2abf4
010ad2c7e5fceb0cefe407bef3fcf934f00334cfeff2e7fa22a3d1fe0ccf06db
2f13bdd2eafe0d06271c1c2209f50b1910dcfcd30dc6100d22c21b4cdac418d0
10d3ebe8f6eed313e5c413cb2524362004eb0fefeee9eb0f0ab4b31803e3d0ec
10e8eb9afc33e2edefd10ae409101410f9f30ade0303f2fc16bcd1031bed10c9
4507d397010603f515f92822190af3fb03db01db25ec22291aeff51300d004f5
1d15d905f0e0a8120a1717b5430c50f8352d13e713d8f229ffbbf4401c24eb0a
2409cebd07f990f6fa022a9a2be72928f80b01f4fff80b2e0db7010d2a2311ff
4a16e689fad6eee920f423dd3dd62c2a15d6f8eef9f1384232e5f00d3b231c01
34100d3a18e90e18d010df1606efbb1a28d21529e23a341803e819edfbcad632
04160df423f5c83ad7f8f509e8bea429e9fbf2edac33311d25d30fd1c9acbcc1
ddd6cf25cf09252e09f4e909d4a993e5efed19d00fd7664910d6fef3a3f4ff9e
140b1d21f9f1cd16ed01ff08f422d9211ed20f090ff611fa07d000aaead8e64c
0a1f19d313d9da24d5180702e3e1ed24d7ebf401e10f14ee06df1da9d0d7c6e1
29f2e31cc811221a0d220f26cacfd7dde402fafa2819451d032f19cae3e0f8d2
2b18d41512070116b9c8e72401e2eb2120c3f7e1f1fac116f1d8ee9a3109e922
4111cbd0fec51226bdba102bf4ebbdff0be0eef5f3ffe5cfede9fcd50902ede4
6d07b706cffd48091ec4fd0adee8c8adb0fe03e43a321a0bf73af8bb13d7d2cf
fe09df9cfecfcb09abd119fd0d250505fd2ec126e4de0a2a2a14d1d8e40c1df4
11320ad5ecf7f603b7e703f9e5ec05f92800d81cfcf4170c1d1cddefc7be02e2
292126140ddc160891d8e6d2f2bc08ca44a71c26f8c51d160d1bf1d4ceddd8c1
eee500beecd8d708d51010cc141d1b1be924c8371ce0e8280ee70ed71a241efd
10e709e0f4d10ce603f00b100fe119041820bd4617d70318f9f5f5dfff11d7d0
25e720061bcd11d0bfccfcfef9cf1bc239c1193720c31f22e102cfbae9c0b0ca
def304d700d72e0dd400dedfddfc100ff001e33701bdfc30f5e123c0242df7c3
179b0ff210c324ce0cdd01fcf518fae6f418b92e31b10629d0df04fe0839c5e3
2f8110fe13d9208dda8be2e8ebef09b71be6e32027ad3949d3e4edfae3f79cc6
f7d6eb36fdfd28f31912d1e211b0d5f2f7b71112f721fcf1054010062207ded0
dadd1825dd1c1a10e318e21119d0d42ed9e80414fbf63713122e2f0e0cddd8d6
99f3f83b01c82514a8fcda1317d29fce06c31bd415be383c051009a702d5c4b2
19f914170b17f81827e1c612f5f1ea1624d51ff5eee3cbe1fbdcf60b0b26f7ec
f21a0f04d1fb0a0afce5fa0ad507c024e2dcfe02e8e9040803f20820f9e712c7
e70efa1dcbc12f10cff1e71bd7f7c5f8b9dfead000dd0d19173417fe0cb602ac
62f73afd1fe3d1f80cd2d823f6ebfe010bd5e9e5011ccad0faa9f4ac002616fb
2705cceb15d3d2efc4bb32c4e1fae42bb8c5def10b0bfafbecd501e7c8ee1e15
21fbeaf3eabb04ebc09b0ec7f5e0be00bbfdd7d817fc3f37f627f2decae623cb
0adc011f2c3c00e72dd6c5ebf0fbf5a0efba08411ad322210ddc02e9f20ae4eb
1ff70ddbfafaf40132f8b8e2f509fec0d4040142d112102907efd8cefa15d9cb
2ee2f1fed8da05f41c04ff02fbea3be0071cfc11cceef00901f90c3ab2f6ade8
1ed107263f1fece027c0d00dd7130edbf4eaf52b2aee0b1b110103dbe6f9da03
f7011b0b31f2c7162e00e6ba120008e5f014ee38c817121f23f8e9dad919cdea
01fbe7e6f500c3f803ee06be11cf2e022f23fc1eda03e62921c906fbdb11d92d
51bd121b1af803b837d0e3f5f40f1af3fd1a104426ccd6160516ffecf610beee
fe07fef620f2d9fb142515d929ec1afff333e940e614ca24f1f0e1afc914b818
fffd16cd0a1abdecf8fd02bae1de191c3aedbd0f0815bc2a12aff0d4ae10cb24
32ea0d09dd212ecf10fcf1d70c0628ffc805fb2f0bfadacb0b04293a555ceb3f
29e90ff3e81dfe0b3fd00715ef160cf8f6231648c2d6d4feee2517161af807e7
1f29db2aac100e53e70638f8093dffc5da37fc3cfcefd41ace0ff50c27faf919
160d07b80d0c05cd0223e1a00f151f0e061dd009d707e5031a23011f7f25b328
0514fe9eb50aa1e0fbea04b8fb10d9e5f403d12eb5ee0ffa1911ed4d0defb418
1e1b0809bbfae11fcc0e27000f1df6940007d843d3d5020beb11f72af2e7c421
080be8ec2fffe7ebde28d8dd14eb13412223f104d7fedd390c09dbef552ed4fe
fa15ecc8050ccce2ab1f23b52afb061017f50c07df10041d0cf1c908121da207
1817f324cd14df01820720ee4f2b1fc20306070a14c0f6fe01cbf936391be82d
000000000000000000000000000000001d0fe6f2d4f121ed1effb4fb141c26e3
0000000000000000000000000000000011dfdf0bfd1cd20bcbc1d1c41d1f0302
000000000000000000000000000000001c00c936b0f9dd02c6d72101460ef916
00000000000000000000000000000000e9f1f0e7b1e1f2e01332ca16f5f327e8
000000000000000000000000000000000ddcf500b0f6b6f029f4edc817283e09
000000000000000000000000000000001afdeb15eadbce00faa0fcf22a21fc14
0000000000000000000000000000000081f20cc8b2c31efcf2f8ed0cdbe522b0
00000000000000000000000000000000d4e10cdfc7dff3052b191a22ed0405c0
00000000000000000000000000000000f3e726d6f5b0e2f6330604270412ffe5
00000000000000000000000000000000ea0f0a12fdee10c00eef0a050bd59ae5
00000000000000000000000000000000fa1d06f312df03db35080e13100d9def
00000000000000000000000000000000f0000ef4041f1e062d0cec12dd27c4da
00000000000000000000000000000000fa19ed1815dc2cc12bf71cf91306b5ff
000000000000000000000000000000000c01f50b04e80dc0011016fc1008b801
00000000000000000000000000000000070300152e2814d033f8f11d0100b0dc
00000000000000000000000000000000e169fa1325ee3cb43e1b1f120efbc005
00000000000000000000000000000000f21feffd222722adf3de1a0321e7c5fe
000000000000000000000000000000000240e609564316f82deade1f04e2add0
000000000000000000000000000000000904200005f6edb40f0ffacc97e1dbff
000000000000000000000000000000000c080f1a04e8df410b330be6e10af707
00000000000000000000000000000000f21f1c121bf5cd381e34d7fdd434fc1f
0000000000000000000000000000000006edfe10f6d3e1a207ea0ad6cbe1f60c
00000000000000000000000000000000fc04fe0f09d0cfd9243315c81a18d9f9
00000000000000000000000000000000e222f20110f4d2dd2b51f7c9de30d0f5
00000000000000000000000000000000ffcd000cf9c81b52dda813140421b214
00000000000000000000000000000000eaa011fc17d60b17b1d8242a0ed5e808
00000000000000000000000000000000f1d2f4f80103f5f2ebdbe604e6b7e823
00000000000000000000000000000000f30c25f90b10f1291c20081008172915
00000000000000000000000000000000f72f13f2e739d5462933cee5ebf7ecff
00000000000000000000000000000000ee45fbe3cdede158fdf3c92de40405e5
00000000000000000000000000000000f304f8000806c0b81619f4b430413320
000000000000000000000000000000000e0bf1f6b6e0c9de079ee7e2fefed40b
000000000000000000000000000000000906e0edd9dfe30ffbd4e9081217c2d8
000000000000000000000000000000000b0906fa1fcee11433d620e4011bcc06
000000000000000000000000000000000af9fff8e9f6f0010a981816292c1c11
0000000000000000000000000000000013de06f3b1031fefdddd060d2d16f50a
00000000000000000000000000000000fdf1fafadceed7d2e8ea1be3f71fac1f
000000000000000000000000000000000edbfb11f4b4dadedded0dfbd439a827
00000000000000000000000000000000fce115ecd5fdceb8d1122a00fa278b14
0000000000000000000000000000000011f9eb12f1e5f9a2141afef3c014d719
0000000000000000000000000000000007f70604f6fceecdc82ee7fed42fdf13
00000000000000000000000000000000f548fefeda24f0faa4ef06fffafab523
000000000000000000000000000000001dda071ff31301e912103303dc0e0f19
000000000000000000000000000000002113f302ea09fafecd3312f6faf5cf1d
00000000000000000000000000000000165ecf0405f92306cde829f11aeeac23
00000000000000000000000000000000190c2008b9f52ad7fbd4101405de1d20
0000000000000000000000000000000004ce220ec913d725f31d06d5f5d9022f
000000000000000000000000000000000cdb0119ef0aac100b23eaf9280c3616
000000000000000000000000000000001922ee13c6c21381f0dc130b14d72a0a
00000000000000000000000000000000dfe4ccf3a8edaaa3e3990d812eee0b0a
00000000000000000000000000000000f4fcce01c6dd81ecf4bf0c8d4002d515
0000000000000000000000000000000030e3071181f4fdfbe7f9f21ef4d3133a
00000000000000000000000000000000fdbaeef3daebbee70800ffcb090c1216
0000000000000000000000000000000019f417f9efe3c112ffb70df03003150f
00000000000000000000000000000000dbd609d6eb1404cc009e20f8fae6fd2f
0000000000000000000000000000000008f4db0ed7e2f0180eb7d102080c0422
00000000000000000000000000000000104cf72bf3e82809180be33b2b60f115
00000000000000000000000000000000ffcd0de90803e9bb02c8f3e6161cda1c
0000000000000000000000000000000003cfedfdeae1dfd6f9a5ef9811f2ec1b
0000000000000000000000000000000015f2e2120ae202e5f0e8e81744eccd2a
00000000000000000000000000000000158123ff0006f0f3f2c70fee102cc723
0000000000000000000000000000000021cb17ddf5f3dff5e5e40cc61a1de81e
000000000000000000000000000000002ce810e109e917dedacc05231af6d70d
00000000000000000000000000000000ebd71ce6d7f1dd02ded019f417000315
000000000000000000000000000000000bd3fcf4db10f5f9f524e318edfbe93c
0000000000000000000000000000000002a9e8eff52e12220907ca10ee03ec25
00000000000000000000000000000000ed311dedf93cc70ac82d28e1db10090c
000000000000000000000000000000000f04e505e036d6050e59f5f3da05d815
0000000000000000000000000000000019e9e4f9fd4503f3102ffff0f61bef08
00000000000000000000000000000000d9341600f11ec0f1b6f0f8d5def5fc06
00000000000000000000000000000000f707fa220126ebfdfe5befdac000eff7
00000000000000000000000000000000fdfae50cf2fd13d91b18dbf2ee1c0ffe
00000000000000000000000000000000f2f21e00d5d704f40ada04020ea4e4fd
00000000000000000000000000000000f0e20425c5efe206fdebdee9d9b5e7fd
000000000000000000000000000000000beaf73498ccfc13e8fbf028f40eaaf7
00000000000000000000000000000000070ee5f5e1cacf9411b4e3c933f2c800
0000000000000000000000000000000007d4cef8eef1bbf816cfc8c2e4d9dffa
00000000000000000000000000000000fbdfda20d60d0008fb15c314e703b208
0000000000000000000000000000000004f4ef18bcb4f3e021110ae7202bdc1d
00000000000000000000000000000000fbfceefbf0ddf6f71cf0f7f92947ca15
00000000000000000000000000000000e8d217ffcf102ff6d910f3272cebb9ed
000000000000000000000000000000001bfbfa231fda0de0091744eafafaee07
00000000000000000000000000000000fceafb152fc7de070b3d1ef2222a13f3
000000000000000000000000000000000b28fb1d4efa080bcaf11b42dc1951ff
0000000000000000000000000000000018def6f9ebd2e0b1141f04b2deebe31d
00000000000000000000000000000000cededd0801ed8ec70a261b8df9fae615
000000000000000000000000000000000149dd1c60fdeaf41f1a21dfe8131432
0000000000000000000000000000000004ee1a01f533d3cd0208f0d3a3c10d1d
00000000000000000000000000000000efed21fdf30ecee33416ffd2b4ed171e
000000000000000000000000000000001f2d0c1921fffe0c2beff0f3ee3df73f
0000000000000000000000000000000035030b2e0316f801ec30ff19b3f104f7
000000000000000000000000000000001efcf52c0b371e052b1addfec81f1302
00000000000000000000000000000000031f0913032d0e11da17f7f4da3b391f
0000000000000000000000000000000012f40b27e1fe20e8efdc0124a6fa2711
00000000000000000000000000000000e519f3ffe50728fc292ecfe7c9011816
00000000000000000000000000000000f042dc00e40f1202f32605dddbfdf721
00000000000000000000000000000000f1ff0cfbd5f918bd0fc5d414b0252c09
00000000000000000000000000000000ecfd07fdb5f41ad8fd13f7f1bce70513
000000000000000000000000000000002217ebfecbe807fbdf2c1bfbd5e7112a
00000000000000000000000000000000dd37070be51ff4dafa54e6f1f1c808ef
00000000000000000000000000000000e5d91309fc18dce42e790fe3d4e23908
00000000000000000000000000000000cfbc0804e5ef0d1d2ce5e4dcf519fc02
00000000000000000000000000000000fe12180a01df16ab050dfbffaac2d1f8
00000000000000000000000000000000fab91207f9efc6b12a2ff9d7ccc70e13
00000000000000000000000000000000f2860df1f6e8d7043a0ad7c9e5f20cfd
00000000000000000000000000000000061c09f0c9932bb3d098fd06fce2adfe
00000000000000000000000000000000f2b503f40de6f5bf10faede7d601d316
00000000000000000000000000000000e0dbf0db23f109000df3b0e2e118e5ef
000000000000000000000000000000001502e7f8e81023d5ee3207194cbeda07
0000000000000000000000000000000015c401e7de26110eee44fc1842d9f621
000000000000000000000000000000000ce108f9e623253ce2affc202917f80b
00000000000000000000000000000000c601ede5e43202d5e5180e06eeeef8fb
00000000000000000000000000000000f1efeee7bb2e03fdf86605fd0900fa03
00000000000000000000000000000000fb05f1fcb40f041c092ef21b1929f3f3
00000000000000000000000000000000ae5107e7c2f001fdf7fcec0b060a0cbe
00000000000000000000000000000000eb0907eed2f4f005fa24e20d0f19fbe2
0000000000000000000000000000000011fef7cbe5d70be70d0ad2132e1ce6e4
00000000000000000000000000000000f41c030bf5d6efdbbbb2c00616f4c1d0
0000000000000000000000000000000008faeef50cf3dbd69f9de2e20309eff8
0000000000000000000000000000000001fcecfae3daf602b8d5cbedf817bbed
00000000000000000000000000000000d10800011b07eee1e528b0d8faf3f3e2
000000000000000000000000000000001af401f41cfef30135370ef7e8fd11fd
000000000000000000000000000000000eeb04e805cff80139eee0f70c17c8e4
00000000000000000000000000000000b1250acc1fd60204f0fab5cfeeddd6ac
00000000000000000000000000000000e7d80bddffecff050b0f02f6e9d3d1b4
00000000000000000000000000000000cdd11cc1eec7140416f3eefe16e8d4bd
00000000000000000000000000000000e609f5f8f811ae3001081ede0ffdbdee
00000000000000000000000000000000e51ceaf5f8e4e3f5fb0211fef7f6c402
00000000000000000000000000000000b8e302c9de97e401d6cbfffc3106f6ef
00000000000000000000000000000000fe1ee61ea831e73af21af8d31befe3fd
000000000000000000000000000000000517f01fea2f0c0cfd3cfd121df8c4f3
00000000000000000000000000000000bec3f6e1fefc031ad60a110f3514d2e9
00000000000000000000000000000000f928fa28b20ced24b5d701003a1adf07
00000000000000000000000000000000052b0228e30608f90a100d052ceecaf5
00000000000000000000000000000000ecd2fb0af9da0a031dfdf80524cde4e9
00000000000000000000000000000000a6f40981120a0ff8063781fccbe901a4
00000000000000000000000000000000e617f9ab061b2a161c24bcfde6f8eace
00000000000000000000000000000000db4005b9080b14291132b5f80ebedfc5
00000000000000000000000000000000fae8fede321819f0f230bbfec1f70fcd
000000000000000000000000000000002df6f720291a2e08ef13d504d902ee05
000000000000000000000000000000001305f11d31fb150ee831cc00f7d9bcf0
00000000000000000000000000000000f5eb01f82ff10706021dacfdf3db01df
0000000000000000000000000000000025d4eb1433f4eb09cd09c8e6dd0deb0c
0000000000000000000000000000000016d6da170adee109d422c8ebe00bc902
000000000000000000000000000000000c2305f711d30033da4b12ddd01e071a
000000000000000000000000000000000437f00df528054ec4020edbcef824ef
000000000000000000000000000000000738d635441ee5f6e01523f3c8e26721
000000000000000000000000000000000445f70206e9cd1bfa4c04de00ee360d
00000000000000000000000000000000e63fe3fff1f9fc4bf9e9dfd8de08d0fa
00000000000000000000000000000000f01cec1b1fffe920f6c90cd5c1052402
00000000000000000000000000000000111a0801fe13e511d5c401fe07d94212
00000000000000000000000000000000ea10e902f9e9033ffc53e5e4ff0b050c
000000000000000000000000000000000f0008261a1e0a2c110b02dbb212072a
00000000000000000000000000000000cf05e20eddcbf02c22eefcf8cd1fd9d7
0000000000000000000000000000000003fce725d8c7ec0fdf104efbf9f3aa04
00000000000000000000000000000000ede9030cdaecd9ecf553e90b2ca092e0
00000000000000000000000000000000e50cf403bbe3e2fbbaeae40ee82aa6cc
000000000000000000000000000000000e19e02cf0fbd2028c0b3500e3c0c506
0000000000000000000000000000000002c2f5130303f1e5ca38f301d690d91e
00000000000000000000000000000000cb2ff1e5c10df7fec3f7c0382c0cc1da
00000000000000000000000000000000fe32e30dd52de9ef811af11f0bcde2ed
00000000000000000000000000000000eaeff4e9f9440aedbdf6ed2cb581d3f7
00000000000000000000000000000000e3f531e6ee5b1c90e78d00262d09c7c6
00000000000000000000000000000000fe0d26f3ea4e12d7e8ec0b0920e4d3e3
000000000000000000000000000000000f0d1ff81a1e18c204fe1f0f00c5c0f8
00000000000000000000000000000000ef0b2b02e86bf2c3d589161d3108d5e2
000000000000000000000000000000000e100feedc2cfdd3d4120c0b1dcdc8e5
00000000000000000000000000000000032012eedbe9f2bffc0f34ea26a1c3e2
00000000000000000000000000000000fe0418ed0633ecb208c4f317072fdef8
00000000000000000000000000000000fff500edfbe1ebbfdb1014240fffc907
0000000000000000000000000000000001020903d5c40cf01126512914c2b100
000000000000000000000000000000000cf11423e80419b9180531e8f4061919
00000000000000000000000000000000f4cd0e212fe435c425e122edbcfe1014
00000000000000000000000000000000dee11315e0b616f71dd6f1f5fb0b49fa
00000000000000000000000000000000fef51901fefe10bb1926071a2dcfedf3
0000000000000000000000000000000006d11303e61210f215e0300ce7f22820
00000000000000000000000000000000d0ce23019df413231098faee1a03fb2d
000000000000000000000000000000001bf514dfdeaf01adfaf4072414d30b01
000000000000000000000000000000000af90e0bb0d21efde3e20727d1fa2ff2
00000000000000000000000000000000edcd31daabe61e0be1b0c515d01af4e9
00000000000000000000000000000000fdf90ceed2f614e522d9af091801f002
00000000000000000000000000000000fbf503f9d4db19192381c82309fdd125
00000000000000000000000000000000f7c7120ee8b21825fd9ccd3b15f0041e
0000000000000000000000000000000017f4fc09b40cf1ef15fca9090c010527
0000000000000000000000000000000006ebf108d01511011de7f3120009f016
000000000000000000000000000000000febff04e2f10ae619edbd0111ffff0e
0000000000000000000000000000000008f8eb102bdfef13212db6f8252ce612
0000000000000000000000000000000011e5f70204fc03fe0606f20d0f15cb24
0000000000000000000000000000000009f602dde6e2fece04fd17f10b12a931
0000000000000000000000000000000004e5f5fd0316d911a2340eec98052307
000000000000000000000000000000001bfa0203f717b6edb11e18f5cbebea09
0000000000000000000000000000000008d401deff03da00c912f9f214d7aadf
0000000000000000000000000000000012d80505ea1bf3f7a1641d0acde80612
000000000000000000000000000000002dedfb02ff26e2d1ae0c22fbd2e01343
0000000000000000000000000000000023c2f0dd020cf4e5b8f61deeecc7f90f
00000000000000000000000000000000e9f610f7e50714dad0512122e4ff39f3
000000000000000000000000000000000701f2d9041df1ceb5163a06c0d0022d
00000000000000000000000000000000ecb7fac5fdfc00d4aeed2215a0f3f6f5
00000000000000000000000000000000efe505c6b941e7e90a66e0fffcd6f4f1
00000000000000000000000000000000f124fff6aafdd2e10cf517171821ffeb
00000000000000000000000000000000f3401b05ff07e3e0e49327113f2dd40a
00000000000000000000000000000000d5da0ae4e800f6ed1270e51106ed1bf1
000000000000000000000000000000000715f703d9cddbd01c1cf9171f27fdf8
00000000000000000000000000000000173f130d2e06edc9f5d12b113f30f113
00000000000000000000000000000000d0ff0cf31dc504051630ec1e07e62bf9
00000000000000000000000000000000f537f421dddceacd02f01b0d160a03fd
0000000000000000000000000000000009570d3033eeeda7e8c83a132fd6ea0d
00000000000000000000000000000000f6eaf900cd0ed6ceff3efeb82be100fd
00000000000000000000000000000000eccecae0c8faf2f1ffcfe3be43f2e1fe
00000000000000000000000000000000f4d4dcefe2bad612d4b31ae0620bf703
0000000000000000000000000000000003f3071cdbe4f9e90723def4fdd7faf9
0000000000000000000000000000000006c8ea02b8cef80b14e7fef411fcecff
00000000000000000000000000000000f2d9f504bbaefe1ff1cd20ec152af9fe
00000000000000000000000000000000ddbbfd0bdbd506def7fcde0f1dea2619
00000000000000000000000000000000f6980716f1a50efa1cc9ff051a021617
00000000000000000000000000000000f50decfec3a40a14ffc6effd360de00d
00000000000000000000000000000000fc19fef80422ccf6e935d8f5c5f8ff1a
00000000000000000000000000000000fd00eaeee834f61d0824d9f0dee00504
000000000000000000000000000000000d18df1cd1feee1ffeccf7fdfd0c2a0c
0000000000000000000000000000000005fb010cfc0bd309f91ee9cbdae5b7ee
000000000000000000000000000000000ce7e7062610ec2a0d11f4e409f6f7f2
0000000000000000000000000000000010f0e80ddfdadb1df0fbfde406260a15
00000000000000000000000000000000f700f20ed5fee5d6e5ddf4dfe0ecdadb
00000000000000000000000000000000f7d8df0e24d4f0d016f403f00a060c03
00000000000000000000000000000000fc1add08f0ace719f6dffbd1f311ff15
000000000000000000000000000000000ef9f1ebec3ce1c5e84601c0c0f91830
0000000000000000000000000000000012c7d508da21eaf8121df7c3ebfc0a15
000000000000000000000000000000000612d612dd02e6d0f6fcefe109f11007
000000000000000000000000000000001cf303fdeb1cc0cfed26fed9e105e40e
0000000000000000000000000000000023d6fcefc112be0f1422fdd2f91de816
0000000000000000000000000000000013e1f7f9c9dfb60f040d00e20b140809
000000000000000000000000000000001be2f9faf4f0d9c70406dfd8e9f9d900
000000000000000000000000000000000de6ef00efeddaf50ffcd2dd0120eb0b
000000000000000000000000000000001501ec01dbafe300fa19f7e4d442c002
00000000000000000000000000000000c11a11beaffbffc40205d515f0e2f0e9
00000000000000000000000000000000d70a0bb2d81ee9ed1a2ae41005fd08e5
00000000000000000000000000000000e60c10a3c0fa0008132fcb23f3df27df
00000000000000000000000000000000ecf8f2f8a3f60cbabc17ed0afefb44e6
000000000000000000000000000000000301f3fc9205df0f01f5ebecf30e160c
000000000000000000000000000000000beef5f8d112d9231b15e10fd40111ff
0000000000000000000000000000000022d5e823c6cc1bc1c521df2df7e81d03
0000000000000000000000000000000018d8ce1ddaf5cded94b900eb100a2b15
0000000000000000000000000000000010efdb10f31ebb06a5ba1df211074e1b
00000000000000000000000000000000dd18f0ee101f19f4c931c00cf6e902fb
0000000000000000000000000000000000eb170a1aff2cf8df2b1e1d04e6f600
00000000000000000000000000000000dfbe12e305b6200bce2e061639f6e8e3
00000000000000000000000000000000febbf2fe062020ccf41ed1fbf6f1f117
0000000000000000000000000000000034c3081b3d0402de0f51e301f2d4ff1a
00000000000000000000000000000000f7e81bdd1fd7f1d8f014d703ffeeefee
00000000000000000000000000000000f614fdba160706d311d2ffcf0613fb2b
00000000000000000000000000000000f12bebd0272520da1705ead511baf31c
00000000000000000000000000000000c541edcd1c08ec1601f8d4effbd0cad9
000000000000000000000000000000000dea16f7c9facb03f6f006f627e9daeb
000000000000000000000000000000000e0610f3c9fdeee5f3e5d7f7ffc5f7de
00000000000000000000000000000000cb05f7c4e309130dd3d1da08f3bd14d2
0000000000000000000000000000000009ef070cc507c1ecbcc2dedc1cfd050b
000000000000000000000000000000000b19f60ac6030413f715daf6fad6f9ee
00000000000000000000000000000000caecf7d9c8071b3406000b0d12fef2cd
000000000000000000000000000000000106f911ecd1dcebaba6eaff20291719
00000000000000000000000000000000ff21ef08d9e107111f24e2f40f12e9f6
00000000000000000000000000000000eed701ead0e72223370ae8141ddffdcc
00000000000000000000000000000000001cf5ebcf0b1b25fde5d0d2dce9d70a
00000000000000000000000000000000f5d4eb1bd4f91d12d405b4f2f7e3e6f3
000000000000000000000000000000000df7f81d062437fe0d42b61d0e0b341a
00000000000000000000000000000000e314f9ddd205280102d0db1ef3d2e618
00000000000000000000000000000000e80be5ebd10313fae8d0b613e2efa510
00000000000000000000000000000000f531f308df12341a1bf7f732132409e2
00000000000000000000000000000000def113f992dc0de4f1c2fa02faeac9f4
00000000000000000000000000000000fed7f4fea5ce16e7d7b6f9fe0706fa08
00000000000000000000000000000000f2fc12f6c0f331db13ead626e40333f7
0000000000000000000000000000000014d9100cc7f1e216ee430be1bb12f81b
000000000000000000000000000000000f0a0de8ec2ee113fbe2fdf9b12becff
000000000000000000000000000000001c360cd9e71be411e8bfe00f81fed5f6
00000000000000000000000000000000f10deefb000edc0cff5a48b0bc15b6f8
00000000000000000000000000000000042edffbd015050bf1e3fa00b7fcb8d8
000000000000000000000000000000001e51eefefd3a06eccfb92e0dc1259bf2
00000000000000000000000000000000040df4f6eff6f8f3d2f228f6aeaf0509
000000000000000000000000000000000802eb15d306f7011a1e11e5afe9f20d
000000000000000000000000000000001d1c0d26f11a1ee2eaeb1700d662c104
000000000000000000000000000000000033eafae637cbf9076efcb7f5f508ed
00000000000000000000000000000000ec0ec707060bf9021d20f3e7e9210aee
00000000000000000000000000000000f21de90df8d5dfdcfaea0ef70f221f23
00000000000000000000000000000000f016f606cd05da070e4aeac8d5e8ed0d
00000000000000000000000000000000f5e6e1fef9deeb062d27f0f3da0af11a
00000000000000000000000000000000fa27fc04f9a7dc0bfd08c5d4172b021a
00000000000000000000000000000000efca080fc1fff1c8f206f1ebfbec1d0b
00000000000000000000000000000000e7c0f60a1dc80aee2afaf6f3e60b2225
00000000000000000000000000000000ee23f1f5e49b0d05fceadef2f11ff50c
000000000000000000000000000000001bd4f2060d1addf0f71e16adf2fbedfd
0000000000000000000000000000000003fdd3fa16fa13f515fc01c0aaebe200
0000000000000000000000000000000003d2d5f4fbea02ae25ef19d9fdf80efb
0000000000000000000000000000000003db25fb1b1ff5fa15cc14cf24c7ece0
00000000000000000000000000000000f526fbe90ae608c8049909d4fcd508f1
00000000000000000000000000000000e4f101d207f10ede23e6ecf2eeebece2
00000000000000000000000000000000e9ec26d6e6fe07d207e612e13cf206db
00000000000000000000000000000000f31918cbf2f70dd8f2d614fe17cd3af2
00000000000000000000000000000000db0d12d22bff17df10ec12cd12db0312
00000000000000000000000000000000cd2c06b2fbf828c3f0edba1e1017d1d7
00000000000000000000000000000000f8f811d6ce270cc4e5e9a5f5f60dddf4
0000000000000000000000000000000004d60e14cc1cffe7f134dd1beff8cff3
00000000000000000000000000000000f23800c9f8051fbf2222e91d080a1fdc
000000000000000000000000000000000023f2edee0e0ad1fbf6c2f1213d180e
00000000000000000000000000000000001df418d62ffabdcdc8e91d02ffdd14
00000000000000000000000000000000e71c16fdb5d70ed8f601f811f8e5bbc7
000000000000000000000000000000000d1afa07f6def8e1170cf0dc023901fa
00000000000000000000000000000000ef10fcfae6e8dde8e0dcf20218280a06
00000000000000000000000000000000ec07da1bd016f929cf0015e7c8f3e7f6
00000000000000000000000000000000f134f2041e19d5f6c7462cf4e2f1e0f3
00000000000000000000000000000000e03a01ecfef8e3fa030b2e0edadfc8cc
00000000000000000000000000000000f4f5f222162411edd70a2ff2d30ee9e3
00000000000000000000000000000000f903f51dde1eee02c0ee0cd0d9efc3eb
0000000000000000000000000000000007f3fa1bc140f4d0cfda1210e6d3caff
00000000000000000000000000000000e0eee3023be710fce0c810fbc5e00cdf
000000000000000000000000000000000bf1f029d510feede3a6ede7b2abdef9
0000000000000000000000000000000003d0da23c012e1d9e5bdddf1b6f3e401
000000000000000000000000000000002aeaf117f7d60d0c0909df0301f3041b
00000000000000000000000000000000131de315fdf9f21c302eda2bd809fff7
00000000000000000000000000000000241df3f0e803f9421b23a2fec30a23f1
000000000000000000000000000000002a01cb041efa2215ff32eae7f90ff61d
00000000000000000000000000000000ef21810d1a161c19f03bcde3e80c1719
00000000000000000000000000000000042fc5e616023534393cc805d4ea2218
0000000000000000000000000000000040f7d6fa250917090e3ccef6100cd633
0000000000000000000000000000000010099af52525381fd912ecdcf20c1528
00000000000000000000000000000000034cd3fc14194636331adb05f5062711
00000000000000000000000000000000ecaaec1795010cdfb912def115cadefc
0000000000000000000000000000000006dfec0b8d0dfdc1e52dde0221e38dda
000000000000000000000000000000000f2ad90c8219faf0d91ad20b1df381c1
00000000000000000000000000000000dbc0e90fb525ddd4dffbf0e9feeef3cf
00000000000000000000000000000000f1dde50ec626d4b60722e5f10de1c3b8
00000000000000000000000000000000f022ed03a61ad1cdf323dae21ed8a394
00000000000000000000000000000000cdbcf406a804ecc2e429dddbf8fa26bc
00000000000000000000000000000000e2cbe9fba322cad5f73fd6d713d1ee99
00000000000000000000000000000000e310feeb9a13d1eff44bf3e115bfc881
0000000000000000000000000000000008f4fad3f3120807ffdfdb0233fce8e1
0000000000000000000000000000000023f5f5d30d0af8f1fdfa11f22c2603ff
000000000000000000000000000000001a09f8ffed13030ee7e9f2cf36fae30c
00000000000000000000000000000000dceaf0f9f5bc00fece13ddfb0e0af7d9
000000000000000000000000000000000f10f3ec0be8eb04ed46170fe921f0f2
0000000000000000000000000000000024480bf3f10bcbfaeb3f1cf71adcdcf9
00000000000000000000000000000000b317fbfbf4aaf51bc607b2dd46e821ba
00000000000000000000000000000000c531ee18eedce019e9deeaec2be6f1cf
00000000000000000000000000000000fe57fff929e0fe1007c8e9124aa6bcc8
000000000000000000000000000000001eb1fa15daf02be2092857ea96002511
00000000000000000000000000000000d914eb27f0dc18bd2bb721f7d825e3f7
0000000000000000000000000000000003d71019f6e2ffd7c9ab4702f21a42fe
0000000000000000000000000000000002ed07f8c7d6cfe501f83516c3e449fc
00000000000000000000000000000000eceaff13cddfce271d2d1703f6223eec
00000000000000000000000000000000f6f71506f0e3e91eebfbfe12e4fd5e00
00000000000000000000000000000000ffc50af7e39f10e43019071c0d1c2ef3
00000000000000000000000000000000ddfbfdf8ccf21d0d26610d26a02505e2
0000000000000000000000000000000003070a02eaea17f1eb3c40fba43a43f8
00000000000000000000000000000000e425fb0616a1d41317c435dc3ee17628
00000000000000000000000000000000d01ef819da98fc33fef340fdfe29cb2c
000000000000000000000000000000000df701090fcce52d001534f3f7c14b0b
00000000000000000000000000000000e7170ce70096e407eae7132351fcece9
00000000000000000000000000000000d4200409e081d6f4b4e12beb1c01f409
00000000000000000000000000000000efd20307f0ced514d72b38c9ecd84a30
000000000000000000000000000000003033fac922dbf7f9e3e926225212090b
00000000000000000000000000000000fa1c000d28ebd7ffbc5d1bef4bc74a25
0000000000000000000000000000000014ec1a24652bf0fec84e42e313f22d49
000000000000000000000000000000001005f4f4d21af6fce54ad4eeb1d11e21
00000000000000000000000000000000f81ff40bbceb02100aec01e1df04f516
00000000000000000000000000000000e414fc0fc5bcee0603b8d300dafb0a0b
0000000000000000000000000000000008cd03faf7e1fae0fd2cd60fb0c4130b
0000000000000000000000000000000009fdfb06d7d5121f29fb04fc1300fa0c
0000000000000000000000000000000004f80501ddb4191008dae208f7030218
00000000000000000000000000000000fbb50cec09c721d2fdeed8f1b8e2f31f
0000000000000000000000000000000007e70cffe2c51de610c403eef6d6f51b
00000000000000000000000000000000fa0308fce0cc12faf1d0040ffdf1de24
0000000000000000000000000000000020e8070024170fffdfcfdf000929fe08
0000000000000000000000000000000009fefff80919170ced0df1060aed060e
000000000000000000000000000000000de5f81b50fc0bef0934f0f5f2d82113
0000000000000000000000000000000016c919f213111006fbd5d80b2436dbf9
00000000000000000000000000000000f9f609da06ff2718e4dfcf0125e6e8fb
0000000000000000000000000000000009d907ef43df111312f9f1151ab6020e
0000000000000000000000000000000013db1df51f070d1705b2f9142628f618
00000000000000000000000000000000092dffd705f22015f80c070323f1ef18
0000000000000000000000000000000010ed03f045231a1f26340804fbdce428
000000000000000000000000000000001d32cc14dd50f3d8e512a6b1fd19f423
000000000000000000000000000000000e3be919d327f7dbf125efc1f9fde821
000000000000000000000000000000000b35fffffccb00dbec181aeb26cbcf15
00000000000000000000000000000000030ed703d42931d8010a95f91717e40d
00000000000000000000000000000000f518f109b01c18e7fa2ecae2fd13cf00
000000000000000000000000000000000607ef0fd3ca12ddf125ec0414e8c914
00000000000000000000000000000000fcabdffeed002ad9fffdb5f703edf71c
00000000000000000000000000000000fee6e506dce924f7f11fcbe719ecdc15
00000000000000000000000000000000eef2fd14efde1ae3f412b8da2ac4c20e
0000000000000000000000000000000017f1e7effcea0d28fbdf9007e6ebda11
000000000000000000000000000000000753d2f7d10ed90cfcf6e1b90119ff18
00000000000000000000000000000000095706eee3ee03f1ebf401fb3e17c3fc
000000000000000000000000000000002ffaf3250af90403f80ec702e128f726
000000000000000000000000000000001429f4020b07cf040a2a20b7ef31fd0e
00000000000000000000000000000000233e1adfffeff5f8d429211f38ebbceb
00000000000000000000000000000000041df6330fe6fb03f50bdbe8282bee15
000000000000000000000000000000001336f4fcfae4e413f22215c72220f80e
000000000000000000000000000000001b4a1feb19ce13fcb00dec1439d7d7cf
0000000000000000000000000000000015f5dd01adffe21ba5d6ebe5a51f2e19
000000000000000000000000000000001e28ff01c3020c2bfd26eb04e7ec0006
00000000000000000000000000000000f0db1cb5da0e10361df6f30dd6e325e5
000000000000000000000000000000000bdaec0fa806d41bc9c512e7e8031513
000000000000000000000000000000001427f224b1fff21ddff010fbe018ddfa
00000000000000000000000000000000ede00bdfd0f50c20efe9dc1ec4090cc1
00000000000000000000000000000000edb51706e91ec51ff4c7fcf214d1dc06
0000000000000000000000000000000004ec0904e5eedb1ccbb9eeee01ee0af9
00000000000000000000000000000000c8c70eded2c31817ccc0ca15cd01e6c5
00000000000000000000000000000000eeca03e90c1d06e6ff11b6fece0aab04
00000000000000000000000000000000f7e210161ade25050a98a2f4ef02d805
00000000000000000000000000000000f2f50b0ffbce1cf1becbd30d0deeb6f8
00000000000000000000000000000000fcdbefebd71bffda1552e1e8dafec601
00000000000000000000000000000000e808fc0efce908003000c5e5ec2dc004
00000000000000000000000000000000f1ec11eb0ddcf9ede8e1f7fc1a03f9f4
00000000000000000000000000000000e3adebf905e4f0faf834dce704fe9fe8
00000000000000000000000000000000eb0aedef0de8ed151aefddd3e522a811
00000000000000000000000000000000eee913e712b7ff06d7d701e81de9c5f3
00000000000000000000000000000000c0f708bda6fd02c60d0aba03f0d71ce6
00000000000000000000000000000000e905ebe3cb02f5070217f6dc113353fc
00000000000000000000000000000000fa19f50dbe00dde78cc8080128163129
00000000000000000000000000000000e204f9e399f80fdc2cffc50f17ee29e9
000000000000000000000000000000001106d2f8b6fd25fe1623d4cf2f240d0d
000000000000000000000000000000001613df1cd606ead4aba9ebdd3b192133
00000000000000000000000000000000d00503eb95b11cd916d7df1818db41d6
00000000000000000000000000000000e617e80bb8e308fdf304e2f320202908
000000000000000000000000000000000b21f219c404e8d2b1ad13cf33e6282d
000000000000000000000000000000000cb9110ed9f6d03a2cce18cf3a16d0fc
0000000000000000000000000000000022f5ff11e0bcd52601d5d5ff1e0cd7f2
0000000000000000000000000000000019a7fe05eef3e8ede9edb5d164db050d
000000000000000000000000000000000910fb09d4d7cded02e60bc43a0107fd
00000000000000000000000000000000160efc00c5c0d327c7cedccf11e4e6dd
0000000000000000000000000000000001f5ef13d4edfc18edeef00637efccf1
000000000000000000000000000000000831010ad1e517d7c9fc131566241f0d
00000000000000000000000000000000eb0de006d8d6190bbee20423470612e4
0000000000000000000000000000000002f5e12edcf5220d062ed40231e6d0ec
13202beff1e208c52d1bfe18eed5c841de1738f107f7f60609db09dafd22e0e4
2cfe15e4f5f41fe70328fd2d0ada382926391a0101f70fe22be433f0fb1c00b5
0be601f4f3fb27fc0917053410bc07fb1b401513f10901cf1ae325ebde232cc4
d210f607f5e4330601ddf443f4d81f0b0b3916040c01f5fe09f421e3e620131a
051324f7faeb2be5d5f4ec4fd1cae61ced411add04faf8d717f322eee038facd
1e0c03ed07f61be3d2ec0b0feac81729ff1bf6eeeaeaeabaf1f519ed171aff11
bd1ffbf1e90532ea1516013801ccd320e21f05f10bf705d6fff63bf1fb270908
2803d1eaf7fa15fc0df5e8180cc20d17e22efc06ce0f03fef9d223ffee1e4e47
0d11e801f0f208e5f7e0f12211d1081a1b2a0515eb11050104e10d08f8210ddd
ff04ea16eb0604e4dbe5f111efe818091b0405eb1b1ffaf2f7e207e6fc12f898
03f802fcfc0c04f0c8ec0d0e01e7df21e61a16ecf6f5f4f9e60f10effe1d0438
aefffce6e8f123edd2fd0f2807c9ab11cb09f4fcf80edc24f0ed0efaf80d1a3c
ebedf3d6e5d038dc07250a2921b3d61c323afdf1f208c30f10f244feab2a42a8
1407f0edf5fd04ed0e00f7f00dc5bc21bc1603efde29f219ebff04eac80cff33
2d18f31ae1ed18b5dcdee807f4d5dc15ea0904f7dc06040ef5f40be5edf518cd
0809f40a10f20bd1f4d8e806ebfa2df6d909f1f4f3fef0b1cdd2fafad014c6c3
dbf31cf41a150ae2eaf40bf507dc3eea37f5f80dfbfb0fe0fcdde0d8e5f3e611
ccfc3ace212e160dda0214ff13f1e00d3a1b0732f5d72d0b120217ede205d6f5
d00e07081d1c0100e60df70e0eeb2207d4100220e3ef0a120c2709ffdbe9fd09
fc16fb0ff7060ab8d1ddf8310ad3ce08dd2401f2d3eaf22316ea24d3c40127eb
3006e9e70ff4f2fad9cae101edf9a602c6f1f9ef0a08eeaaf2b0f8f2fef7f403
c6fff10414eeeffef6f3e500191af7f7c408f10c0ffd13f611eaf0f6f4fbb5ba
c2f9ffe21704ef0729ea04ec1dfe29fd2deb0d1cf6fa1c30ef1ffcc9d4efd6ec
b113e5d90ff6ffdffffeed0a09efcf0f2ef1f504d5f3f603ff0e09f2db09e7ff
e023f3eefdebf2ca1bdb0818ecf236fb350ff1efe8aedc1c2030f3edd7060b2a
f6fbfd113c2dbaf903ef06c400f1a0f2f0b71012f9ff2de9d9fec90323d507c7
de0003fc1321f5d8d60c15e6fcd41ff1c5ed190f111225d2e32f02fcfff008b3
2f080ef2fc1f06b40d1a10f5fdd3c90434ff022d071b1737d91dff15db0603ff
cbf91001f718f3e1d00006f40ce3d501ffdc0a3b012d1d13eb28050301f603e6
33f10ee6e7f9cbe9d8f0eceb03fd130ed4d00e1dfcff13eef01df8c823e70034
b7df14074a1be0e9e604ffee07d8fb01ffe11021f21022edeb00f0e6fcfffbbe
e7e2012c3716eb05e4ff10e30f0505ebf2e20a15061718e8e30205d30adafb11
c70c0e201c0ff6ebdffe0dfff5eff7efb0e40817f3121715061bea09fde3043b
bbf507031a1ef20de2e6e4e6010fc4e320caf944001f28ecec2adad230e7fe22
22eaecfd0412f4e512f7dbe704ed2301bddd0121edfe1fe8f311f5f012f40f20
28f7032e2b1af0bff7ceedf5faab38f39f09040b1e221612ece6fa02d9013fad
13e81f521df4dfeb16ce05ec25eb0df1e9ed1411f9001901e61af2e605ce0709
420e5552cc9735d1f627344e38d7b537a8222dc2d9c7d20a126245e2fb178107
eff01f2e13230a15ced2f0ff24040f06e2dd1021e4dd29e7f911e5f723f3e3d3
16f20420081104c9f6c5f60efad82303dfea1b1ad90a1a33f3f1f5fdf8fc1ced
d20700331825eef8d5b3f6e8e8f6eae328f5100ee83516d5e2cee905fbe227a6
3cfe19340a24f1f6f3d512d90d00c4d9cd05fe18100027d4d8f0f116f5d8ecd7
340d2f4b0806fbf50af014fa041432eee6f619fae6e90e22e5360beaf0efb6e8
2b0606330d1f00eff4e0db09fff735d9aaf0ff0f04041907eff102d813edf0fd
37e6f224042cf9e3d8d8d215fffe2e05f109231af10e15f0ebd40bfd200438b5
f5080217171fc80d12bbfdc9d1211df4d0c62909f60e09afdc03b10325cb23c1
3f0a170b1331eee6caee1ed7f30b07e3f4ef0cfde0e81dc7d712deea05e40714
3500fdf7181becdd1ce9fdfc0ff1e0e117e60108fe0a05cef000fc05f2e71f39
00fce90a1921f5d41903fa0304053e01fbf90123ff0b0c02f4e724d71fe737c9
fb01090efd06f306d5d0e0f8e81c2c1422ea1f08e2f3f7d5ead81ff433fe3f4d
05071316f601f3ead3daf9f5e9ff1600ebfbd9fdf7e606cedddc0cb916f2bfd8
26090405d9ec1117f5e9090706ed1efab61acef401f1e3e3d4e110dcfbf2ec95
2e17fdf4e1ee0121cef8100d21e5aafcf608f6f2def5e62803e928c714f7ffcc
320709f6fdf516190ff4e9e0eff24017dc09f00ce00bf3e806000df423f618d7
d53426f2fc0913f204f3da07e8decb2be10210e70a28e4d516f625f8ee1f18ae
1300f725dd1002fadfeb07ec0ae2432001f1e112feeff8f1f702eb0b0be10e24
18fae807f7f60313ccf31e1ced09a20e0effdf083003eefff515e8f403ecf7f6
e8f3f4ebe0f5e8dd03c709e10fbb16edf1f4e5f6e500e4fcfcdfe9fbfbebed20
071eebfaeff502e301c902e512c7422bdd06002102fbefedefc212fcf5f918fe
da1cecebe8fc18ecf4c3f415fbf6e51be506ef0a1702ead51be217f4e91932f1
29f92703d816f817d8f921f6fcfa1618ffd8edf4e0d6e119e6f3d1fd1dcac805
d2f3f7b1aea2120fdde9f6340cf3c20cc8fbe8e2e8ddb214faea00dfdff512c1
fde7f79caeaf1bf1fb070913f2da0cedb720c8bcfdeb96f6f9d11905baf6c202
c10ceffaf2fcf103e0f2efecffe4ccfcfc21f4f9d11ee11e07d9e445efecedb0
fd0813f0d5d90702f80d0817e827111ae103f90ff6e2e21e0fcf1c2f07f90dbd
01f31efcfbf4e9edf7e529efe6ea2d1ab2ea0414ebe9e496ecfdcd0d0edfcfed
1be501cbe3c1f902e4f3010b15effdf0e30902e2d7dac3f207e7f0c5f5f1f3b6
d1e6fdd5d2c8e3defc1312fb0cede3f1f2f9ecd2e5c3aa44f2d3f1ebcef6e71c
2104f10af214f3fedffc09e7f3eaa4f8ef0e15f5c5ebddd4efe3f8ecfcf6d933
e1fdf002e6eaf41e05faf6f9f83123100b0bf406eee5e801ede00fda14fec708
2ffaf407000de5faddec15dc12f7a71014ea053d0d0ffade08e8f0f00cdee7d1
e2faf9f60bdfdf12dece14de2a0c9f08edef08120f00efcff117fa010ee4d220
29f9fc0febf0e6f7f7f10ae51af30eedd1ea0602d9ece5e7e6d4f3defcecfa0a
f60700f3f414f0d5ebec1bfffce1a6fd16e5eefbd9f5f1edf4d806d6fef7dd1c
1107fbf903150de3f2f6f51608020e2d1619f114e1f8fcf20a271bbf1f16055b
e2db1c3d161f0ffef91c0a0f35d2bc080d14e70f04f002271e0b164dd90b1efa
a4e02608281ff7fcd0142e00f1eaeae7e405ce15dbae0022edccf0fef2f21d96
daf517e61f15f1f9052133ece3092ace20def622dbea1a12fac3e9de0aeb29eb
af07f3fc1213e3f7d4e210d7f0f1b7d3b7cefb29211f0affcde9cfbd1cd92ba8
bbfbba02fcf8d5fefba8cfaadb07c3d72e9ad71508fff40dd1cbc0d512a0f146
d5de232c18fc0ff3e9110101e1f60706f5fdf7f8e60c11e6f32a0512fdeb2af7
30f5283516fef009defa1d16af08f1f505f0f20ffeecfce4f7ca0d5f02ed2215
3aee13e81309efff160a1308ce100fbe3fdff018c5db1021fea6e822f6ef1910
36ebf9ed1203f00febfb0ff0010db2d9ece3011c9de910eb06e4eec306efed0e
12f0ec151618e3fef8d3ebd0f504b0e319bdee0bb5fc0aec10e903b802d3d8be
aecc0f02fa0520fd014004099af6f33416f9e0ebe9d92322cd2600ee0bf126da
c7c9fc170a101807e40a1803d51f3c00b7fff02114ff1928f0da1be724e62507
2cdf03050b0cdf0f1ffa0ef9f71aafc337dafe14c5c81ef00bc0f3c602d320c1
ddc8eaf02115ce06e7dddbdafe06b0d0f1cd0713c0e420b312aae5e1f9da181f
ecb1f82a2712e4f0eefae3d01b000bdb25df1a08ddf70ede33e6f6e6ffd8fc2f
0fbed6f004cbf837e41103dfa514ab0f0fd1d1b2facfe4cfcfcce8db22f303fc
05d3011dfee5e40513ea08eaf81fd9fafdee11ee14d5ec15eefd06e314fd282e
deea00291202e3fce0f70001fa17bcece2fe0bffd7d71101f7f9fa00f1ff23ad
eab903e61e12fbeae0f2cdf50d031edc1f0cee02e4f413b506e4edbefde309ff
1fa4ffee2212ede4dcf3d70416f9baedeafb190dc604100015e406d4f4e9f4c2
e2aacee122d4e3eef7d6fbdace01b1c023b48dabf5bbf3dae19edd0400e1ddb6
cae8e70a01dfe9fdf5e8f604111cf3010b05c0faf9cde7f419c909f5130e18d5
afef0c2502f8fce3dd06d2130e1e44f70226bcd9f1fa12e1310ff7c3020c14b3
f2de1f2311070bed2814e8010816e7e30e08cff3eafc0cf7132cffd90800f10d
15d62d29040b0be7e910111d31f92dd40612e605def3083b163808dbf502d120
0e08fbe5e8ec05c82ef3d417edd8aa04ec08f53d0a2406feffbc24fbf02e38a5
34fb13110912fcd3d6f6e807dcdb15001feffa2af00700e6e9e9041a061201ec
0d091f200d19fec00410ecfdd7cb48fa26f7f2fcec0de9011104fbfafcf21115
c0f20e10f6ec16c2edfbf016f4d0b5e9eb16f4f0160f16cffd191ce6fc0704a9
a7ed30e1dbefe3d803a7d307feb020e2c5fdfeec16120ff1e31000d7040af30f
17010df1ed092fd9110b1125edc61d063c27082e1b110c1c011e1ff9db2938b2
bd1c22fa150b1cc3f1fd2527deb0b023d6110021fbfffaeaff2d06f9d7293d19
0f2618e1ea0723d5ef031c19e4c2041b411a0df50400001cd7151ee9b93124b0
de04f4dce3190aea1d0e002aeff2f536251a15011c102b1ef5fb34f1ca2b0e42
bcf40911f825f8e4fce4e62005e23ce7c3ee070eec191c07fe23fbfafe040141
f2093c1af71c0adc15122c2d09e1e7083212020ef81813df0d2715f3dc0c1bf0
333336e8ec0b4181030a305c10b115f93f421d12f1fd29f4d94a1debce203b21
3411ebcff81e35acf7ef213f1ec32c0b2236e111e3013a20c52933c9a02e3ee9
2b05f4f7042a2ed01b050618f0bfa71cf23815fae3131fdae8051713c531e5df
f0e613033e32f6e205f00918ed0001ff3afefe20ec291fffd92decf40d010d49
bc162322f1151bb6d4070a25f1b51c04021c0504e0f62218f70519bfd12e2efa
f41d191cecfd1d95ea16f752fcb6a606da460d03c90c1bf3e9461ef6bb223422
e01ce9ecf0193aa8251d0e29f9d8ad300134f60dd2122cdaea4045e9cd440a3f
1513d4eeff1a12c7f71f081ce8d0f6240c130c13070bfc2dd61211cbb52e11ac
f4fceae5100907d12af9f504cc02c5ede0fafd0beb220b0dc91b00f6dc1810df
350ff416160034b119f6cb25d4d4350ee717ff35f2ee311818c72ecfaf220dfa
cfe802f0eeef0ac3e519f2fe13e1d307f505021efe1d1408f80e03d3ce230427
26050a1ad40c28c0eb2c0d172bdc0814fc251015fe1019d7011439fbd41c02bd
fdf5ddfee53039c418090237f5f815f3251a081feb032416e3df34cfd444da40
a7d8e7fbca191fc7efe8d421c3f6e9f2f7ff0232c0c60417e0de1cc0eb25dd3e
0d0bfc17fc06fcf405f7f9effd1aa3e0cb0ce0fee6101ccff41202f6fcfb03d8
21080521010503ffcd031308ed080522b40defffd6f90205eafc07fafd1ef8f9
b9ffe9fa0910dd05c91d12f5e8e91f1cd2ea0a04ffd60cffef020beb1a0822cf
dd0be803f9f2eee1d60bffeed4e2ed1714f3fe15c80110f0e20bf8c000180abe
0d1702f6f80df6f10ef8e806ef042027b616eb1bf2f219d406ea0ac6f30d07c9
b808153ae90912050016121212f12109320df0ed07fb05f115f505d1f0ffb6bf
1914fd0a02e916f6dd3b243bf1e90e26c0180f10fd01ef1907e924e1d61b1130
f5f3f5eae1d607effc36250c07eead02dffefff6dafce70bfaf01ceef406e80a
2d1cf20407ede6ebed130edff5ddf10c2ef4050e0be7fc170e0dea0aef1d10b2
2a14031601fef2eff20afa0ff42c27fa1bf4f621e9e403db1828ecf3d1031997
090b3311fd2003d8fb191d0a19ba9e0cf6edf6dcde17f9eb18defadff6fda815
cc0e2910a3b55cb9cf1af36540a7062fb04620d10100d0d71f2964e2c7471604
e0f1101bab817f98fe652a683f81c21fb56ad2bfc6c09a12112f7f19817fd7cd
f5f7f021e6f406e3c5021dfc22bfefe5b913f0e9f5e9e4230328ecffce16ee12
350ff214fbf6eee91a1aff26070c01042af3f80fabf7edd309150105f2052e16
e90f0911fff114c8d7220f0a08d80108120cf5faeeeafcb3feee1cf2f81dd5a7
ca201527f1cd40b7f61dfa4f20ba191bea540fdd22e3e4dd193550c5b842e0f6
ed06eb26defc51c0f53b324531d8fa30b848efe9f7b1e1f7f8286e199549db3e
d908002eeb31f7deee0c0f0629e2dbfeb90be2fbeceef720e22bfee7dd1600ad
be10e729e402ebfc2514f40606131609df030115cc07fab0f90825d409212fd3
2a0dfc191f010cf5e211f9f51a0812f11f1af515d6cc03c80f0309fdfb09d7f0
bb110b1006f916f91303f90813fc19150a05e4fcfde1ee04ef1920eded14f41f
c3fdfdf60c21f4f4d101ff0209f70af91deed8faff01f62ecfff10d701ea23f1
051318070d23fd020ff6160d150e22fe12e6e8ebddfbf528fcea06fc1805faf1
e5090017f30ffbf0c7110af60509cc16caf407f4d7fe08b7ebd816b107170de8
d22bff0efd17f31d01f2ed0703f3f2f4d804fbe21b0bf703e700ffec0714f4a7
cf102efa0d2a08edf2d9ed22f506e9df0b0516f73a1909da0a1208c802184310
c1e60ee7001ef6030006ed072628bde7df0c0621eb28000d12fd14f52d080c25
cafe28fe1925ff1e0611f40cf819f4fd1322f807df221ffe18fd0ae02f12de28
dbf04af703181cf90f22e410faffcd19f932190dcd2d1aedf8e41fd41b170eb3
f01f02fe1c2ff82304d9f7f9ed1fc9db12fae0ecd01a0d20e8e4fde2230defd3
f3faeee51932f601d5ebe6f707ffc1dd04eeef0aa40715fff4060702fe0bff19
f7e7efef1423f90c00e7d4191716a8f099fc1fe9100d17dcf5c4fde80511d3d9
11f028fb0309030d1e0f05f718191be3b4f409e9f7052fd90ff2fe110e12dccd
0fee3700ff02fa06f506eaf0ef239f1e81360c1c0206fe19dfcef0d0300e20d3
fa03fe3516360b2cd9d8ec03f016c9efc209f405c120f500eced06ed290b38de
cafffa03191a0e24fee2e705d82011fff4ec0216d00b0c0ad215020d170cd618
aff9fd172203e00d01f6e2e612f3c6fe92e3feffd314082109d0e0dd1cf9ceee
d9040e04fdec14f423070a0215f508e6c30206e416e516db02ede7caff03eb40
c2f018eaed05022e04d4c8e5d524a600fbef0011fbf1f7ece3e4f1023af82029
eb151823312dfd220ceceb01f23104fef0e805fdcf2704221107eac63d00f7cc
d1fd0d101e02f51dc0e4f2e6fd0c36e414e811fde2001eff0de5f70314f9ef25
12fc0d1d12040b110516cd0c2713d6ecc10e07ead505f9df01d52eca1519fda7
0b0419152416f7e9f0f4eb1ce7053d06cff9000cc01620f9e7d716ccf01509dc
dfdfdbfefa0d1afde9d5c503d918fa0fec0a1e1fe40915f7d8ee0edb1a203648
fe0ff3342d1ce91cbde5e5ecf418fd11f6d938f2f91c06090505daf71dfe370a
be2000f11a28e23bbdd9e425e223e22011e124ede3f00405ee06e1e02af92d1d
b309f90720250725e4fcce38d51ac21ab2fd0d06f6fd19f4e7d9f0c935002aca
b7fae8102d091efbe1fee137f318bd21f2ff150a11060df2e9ff09d429fc21fd
d0f608021a0d1f0615faec22ee23f02fbcf81e0f01f406bbbed0040328126bcf
1ae4ba2d04fa16b2ef2afd11f79822eafd1905d2da03fed312230cbda91abf9d
0404e01703dffec0c21309fed7b9d305cb0dee0727ec061ef10103eeb0fafeae
ed1117ddf5dff8b1100f0910ecbec3191411eee9fcbee41ff6cd0deda209cdd8
9d0b0ff21b01f7c0ea0dfa01f9aade0d2504ecedeedd09020ccf07e6a902a9bd
c4f4e8caf3dd17a31c23e60f079716fce717f5f218eee52914dc23f8a8f0af0d
00f2e4fde7effbc3db1fe71afccf12e3c60618eeebd7fce1fb3101d7c408d492
190705f4f7dd06e10900e218f8cabafcfe0cfff3e2def9f3f5110deeb60cf30c
af122ef6edec07d1e8e9081002c4c6003aefebe4e3e8f4afe4eefa14aa07fbc5
b0f821e70deffbd5d8f8f0ff0dc7c30321f4f3f6f2f90becebddfbfcc0ffe4fb
e306dfdc14f701c0ed21d313fdb1b31117fde804fd01f40206df1b07ac0518d6
c4ec11dfe0de0ba71d1f0a2cd9a8e901f10fefd132c6e211222217d6ac20c31c
f600e3e101deedcbfcf6e008f6ac46e803faeff6ebf8eda1121b05bfbd0604c8
eef1d50d00eb04c401e4dd03efac0ffeb9ebe6f00cf6f1f3f9eff2ce8df8e9b0
dbf0f5f310f00ab5d0e9e619dcacfaf7e600efe1d7e6f0f30fd415d89811d5e5
1809d0d214d7f9c2d024e40bcbc2f6053606fdf6b600ee1415e11ac9ab0df5d1
abe419fefcf105b7130810f3efbaaaeaa51acbcc2ee1d7fb330e0bd9b7f3cdb4
ecfce21cf2f1ffcd0efee5fdefbbeef71b17f3ebfc05fbbf0e0e01e5bf0d2111
f0f7020bfbf501af12f6e50bcfb1ac0fc8fbe6fbd5fffcf1edc6fcd89112de10
f6d2f5ff04df1fb5d00df107dbc2c709d6080ae5b3f50207fbcb08fea915b696
d4f40def14ea02b2da17e909cab5b5ea0918fbf7db060dcc00e908cdbd0fe33c
d709331905d918a8cd39f3f6fa9911dbfd15e0bb0ed4ed0c41fd19d88bf8cbd2
10ef0b22f9f500baf616dee2f4a209f73ffe00f407ecf11113d50fdbb714f749
f3f51109ff04fcb1ea2dec040cc8af080915d7d9d5f5f0fc08d311f29b1efef1
a8fbfc16f4e703b60120f810fddbbeeb1efaf6c5d6f0f91bfee90ddeab10ddd2
cdfb13f414df1295d930faffdec822d9d927ffc9e6f200f01cea1ef08f1de4fa
0ba0bdf3fdffb6feb3b40981e2f6eb81c595addede25f0e7bad5aef4fcb7cc2f
e8b9eef20205d001f8d0f4d6050bc8c7cbd7ecf71f38f0f3ecedd2d019e00db0
91c9faf5f204d2f0b1e9c8d40cf732d0b9e4f3de0925eedd14fbd8eff4e51eb5
e0ae1bfe0404e0e5f3f7f2d20bd93abe1aebf3daeb11fcce1715e0ddefd314d6
9ad12b000106e0eeeb0334d022c4a885d2e7c9e6c6150705fe1ed82ad4c6eed0
a6d4f9f20903e101cbfc20d7c9003eb207b8c6df101f04e1ecc9dddb0dcaf6d2
00bb0f060806e7ff0ceb12dbfcf3eeaccccce5f80d1903f1fff2e7de05de1494
afb4fa15f411e9dfd3e90bd81203d9b6d3ddecedd902ff100f0fcdd0fae31221
81ce1df40407f80afcd712def50e36a832e0e7e3bf06f8100013dbfe08e932d6
d2e90fde0707e7fdcfed15ccf1d8d484a203dde0b31dfbf5ef04dd0cf2d619ea
1ad602b4fbf9ebff9a0611dbcbdcb1d4dfc9eeedf514ffe3eba6d4b8f4d7f3ea
c8cfe1de0505e80cddd30dcf07efc5e130cae1030e000216f2c0e2b6ffcc080a
06bffbe70807d9ebe1ca0fc91eeca2d116b7e4f9e1ff04cc00e9dbc504bdfad0
e0e00fcefa04fe17ebe900f7f208aebaf9cbf8ddcc0701e7f8f7ddfe03e813b4
1507fedc0dfcec10ebf709cabce39fc40bd9f2d2e312ee18f6f1c3e4f6f00adb
9dc211dd0b0ee80bf41518e10ef0b7cbe1d8e702dd0efee0fdc0dfd9e8da029e
e3db08080712f711edf008e511e940d5c4eef9fdf704fc04f6d4f7b5f8f5ebf4
03c5d7e70509ea08e6df01d608f2a5d505dbe9f99905eed9f7f5f7af10e3cd06
e6cfeaf2f909fa20deea00e5e907d0da3fe0f4f9c305fee0e6e2f7b710e9eec1
f9f1f9f50902e11dd6ec06bbca15f3c8f3c1deecca06fef6e2f9d0d30ae4cc11
f1ca12e2240aeaefe91422de1be5f9c30ae0ae12110907fcf505d8c9dee1034d
b5e00bf61a13d7e4efecfbd611d41ba62ad7d3ffdc1ef8eff5f1f1e1efe502b3
d2cccbec020fd6deccd5d3da00e73691d4d5c8e7dc08f113ed9df2dcf4f0edbc
c2cae009fa11d4f9fed1d8d2f5e2cea5e4c4bdf0f5fa02f7e0b5ece0ecd6f21c
cec3c2edeff9c9fbccbc0bb0f7f3b990c29f8100f9f5f7ced6d8afcee2affffa
459aa31635edfcc3f2ecfcc03ef7ddf9e4ecfb0cfbe0f50b0ee3fafcf604b63c
29d6a6fc0dedf801eee6cad1071ec718bee200fad009e8d305f604db150cd8d3
b2c398fdf7ebd0f69cca81c7fe1b2b2819c006e2fcf2e6ff18cff7cf11f4e454
b2a3be1606fbe303e7eda7c2ff1fa31cd1cb08ecdae400c32acce9dc0beceffb
f2939216fd09d5e006eef1c33ef331040cdffddbddf50e0025dbd52e08dbba42
a6aabeff220601d1f123fcdf1a030cf9c3082022d80019d6ffc60cd6ea0de8be
e9d0db1110f713f91605dbeb1e01be1aaf0c211d02fdfae81b1417dc0b1df6a9
d1bbd42fd7f3fbf9edf1caf64410c54f24f828dd0be6fbf6100318c00016d1ed
01c4eb25d30012f40fe5da033512d545ce111cdbededfdd2f5f013cdf10bdc14
e2d1f808ea1af3f4a0dde5ec28febd0ef3123de8f11f2013fbffe7cf0decd7e5
2ebfccee07f700e2b514fcf9e50841e0e9020b1a1e1ffee6f0cbff3e06f90aac
1101e8f3180600ed07100ef4fcff35e3c100e90bf80219fdfff2f81cf3fcf994
2efeece5190ee3d7cf03ffd30007e9e1e0d0e70433100ffe1100c5e7f3c8f1e7
c9f100d014fbeedcf80ef0e3fc1a08d5ef0a0404280006cf0e01f7f002e9e1dd
0dece6e7040a03e8fb1bfff0eaebbdcebf0ffef1d8020ffe03effca5ffece9b8
12e8d6e707eceae3ecf6f8e2db02e6c8dfefcd090238fdf0fbecf842f1f142ec
0df7fdea1101efe9dcf4fdf4e70ef6e6dfe9c5100e1f0d1a11f4f80f0ff81490
ee01dec80802c4f4d1ec0dd8d90fc2f51ab4c3f59c1af8cbf400dc1907d60a18
d8fbe8d2fa03d6f9e8fafed5d42fd0f722ddd802a30affd60cf3e3f121e20fac
0ed9daecfb0fc3d4d6e5efcfc30903d400cbd905a107fddae7cad8e109ccc5cb
ead3f5e711ef04f1e8e7fded140cace4ac03dce92f05041008d7fae2eeea2207
defad4fcf80312e5e8fc0605310713ded302d6fc0501ffff06bd16ac03fa1ac3
9d14c212f80807fc05e515054f130efa20f3bdfdc1fbfc06f7eefce014f9088b
c7fef30e0e170002cff40bf64d07b603dbfeb204d4f904ff1003eedd1cf1fac1
c4efe6d910fad1f4e9e000d42f0539bf25c3b9f2f701fd08faebbf0315d2c00d
e8dcc72ef5ebe2fd2a0cf7ddfde849e03edafdc22114d304e7dbc2dbe4dbd0b2
1707050fe7e6e507e00c25e607270e00f0f5f8cdeaf6ca22e4f2e6fa0ce8ef30
d70901efdfe7e80e12e81ad5ec1823edddfcf9c4150aba20d616e1e90fe4e5ac
ad1d1e0eccf3e506d7f412e9ec22b7e919e2f5e51713ddf4ff0ada0d0fe124e3
1ee72601afb2c20517db0bdbf7ffb7f6f5b610eb1f0fb9f8dbd3c0df13db290d
10f7cdfcfddfca10e8eefef415fcc8ef2ae200d6fa07d8dfe2ecdffcf0e6e010
2004f3f3e800e627d8131fe50a1707f8c1dbf7ace108cdd4f0feecd925e7c2b1
b6fa210efce6f117deed1fdffd3943fbcbfa15acd301c00bd51ad2d824e5c812
10001814ece9e72327dbfbeff152f3fa14e9f6e3e2ebd909d91dc9ff29c90828
11dfff12e1c8de16f8f2e7d9d911421bbac508e5d3e9e022dce8c0f60ad33e40
1809040009faf30ad9dd09e92d002ffb19e7ebe1ff04d1daef19def705e6fcfd
040f1cedf1c5e92dfef331fa3728bf0306e907aef8feb6d7e03dfffc3afbbfe8
fd0c2d17f0b2e12a24cb19f13d0fdcf6fad105b2d1cea2d3e726ded149dedccf
03fd2b18f7c0f54906e716091739311024000ab2bed9ba01cc43d9da55f3db0e
22f9073a02d7e923f5e0ecf103100c19ede7febfd3dfd41bd90adfd503f624c5
e612272104ecf61321d305ec0ff8c9e0d1e8f5e31efdd1140727d5fffdd4cb0a
e9f41612eaceed3722f217e32820a3ea2d0b2dbf01e4cb16f022f1fa3fedc8ad
36051ef5eecbcc20d4e138eb1e263000f2ef03a7efccb800be1bdffd4df7e0a6
2a12281b02d4cb1c0cd916e4fb2326e9ebe404d4deccd7d8e024d5f83ae7e8b3
1c070421dff7e32d04cdf6f51308a7e800f70bc7bdc8e224dafcdee91ee5dd0e
43dc0c3015cbd1ee02da02d7cbd427bf07c70ae8dfffd2eafe08bdeac9d0d22a
d9f1290b06e4cffb060018dafbfccdf015e320c9d0d7d9da0918dee6f8ee0500
c9e20e01f1c0d3e9ce171de90300fd00ead80ac7e0dcc3f6ebe2ee0023ecfd15
23eeeb1501dfbeee06e407d0e2f9becbc5c408d4d7c9c3f7edeac7e114d3dbf2
43f90f0cefe8d81affc4f7cad8fb2dcf05ab15ca04bbdcfdd9c7d4fdefddc102
fe080108fb15f7f4db00f6edf8fea7fd19faf8f8ea2611070c1d1dd001f92bca
18051f1a021711fd04120702fbf5a108da210ef902261ae20b251aedef0817a1
0007270d09170e09e61726171af1ed030f26f109fa1d0deafb360809fe17158f
07140326f9010907c3ebea1af7ff021abb05020af8030e1ce40b08ccff191417
25110a1cf7f3e40705e7fdf308fdeb271918f80bfa001aff091604f4fffaf8fa
bc1f0f23ec01ff0de20afe0102f20804ecfff6f91c1213f8ff35240cf4f808e9
9a1c0e2cf81111ffd8effef90403d1eb12f906170726fc312120f914f9f7271d
12fd1714f4f611e10d120e021206d406c20c0701e41ef12a1b3d060eed14f718
200e0e340108fdf2ffef08fff7fa9c1dfc0001eaea1106f7fb00ee00f322fae1
e112182d15f308f60bec1803f500da09e107f306dbdefcfd280004dad41afe35
e20ef812f2150b06f8200626ffdf2b14a332140bb90df8b31f141ed9eb1017f6
acf900f6f4f52002c027ff070cd2f0fdd324f309e407e01a1a0614c0ea01fe01
aa090ef581974cf5b750086c35dd290115590ea101b4a5fe1d1f2befb244b7dd
f3f30afde5dd2eface0c054015f2a2ffbb3dfcd00ee2d91ee2d72008f933c4a9
2a18230402020cf004f70714fbeff7fda6031705e9ffe8e0f2eafce1f20902cf
280eff3600ef26f9ea2efd40f4f7baff0940291ce5e802eafa2c24ae0225fc1c
110c120b0ad72503df28ec30f8f6cafcd11dfb01deeff4da04030ddcdf0ed9c8
f1f40f25ede736fee431fb3414021ff5fb440ae1f9daeb08150f17f1e2259fce
14f41b26261211faea120318f8fe120fca2201ec0ce9f9eef30a0ecfe324bbcc
0bf9112702260612d1f703fefa06a3f6f90f0707d51810d9f70efdd5090af32a
25ffe41808082100ea1cf704f6eb01fe26140a11c4eb0da2011011cdfd01efc9
c6140fec0d070afed71b0015ecf4101be7fffb0cddef11e616241bb5ed0ff59f
c30bfcea0d1c2efdbb2116241501fc0ab618e60a131d19adff1e35d5fe1e169a
b401e0000a0e19f7df04f20c06ec15ff28fddf03dffd0dfbfd070ee4f323fdc5
b004db04f61af3f5dbf10af5f80320ff08e4e7f6fc181ab10dffffe0f901efb9
ff072328021be2ea150bfafdebe441ecf5ef20f9482af61407d3f0c1edf6f1a8
c7e51f18fc1904dcd612effaeaee1be7d9f01dffea1f08cb0f0700b5fdf530c7
d7e02e17f3f917cf0c25e50d06ce1905d31d1b0ee42c0ed12a1701cae4f937df
f4e432f3f8f806eae913160f09e511f409fd1d0d031c19f52e0f15fae9f81e27
c70323f2eef91cdce6281802dddb0904fb170ffcf1f8fdd02e0c222ad3dcfbcf
0e01241d1e0fed071dfc1c08f72a4e0cfee514e627f806d7f4ceffe6f1ebed9c
e4fb2002f50c06070810f803ff0aacf62be205ffdbf10d11111609fb04e73094
deec28c7f70efa152512e9f5ef1ea8d9defc01fea70a04d126f5eabf20e632bb
bbdf31adf40ae10e2205f4e1fc0bc3ddf7f70902b315138a21e0e0cd1aef37d1
eaf444e3e3f802f51214fdfaeaeb05071d0d07f3fcef03c51c210703e7eb06ce
bfe72c34eafd12f1fa242c34190cd30fce05fea6f6f502fcfa0124e4f408edbc
c2054009061a0209121ef203fdf1a5f81a1f0c1230ea18e6370b0ccd0dd40f1d
c7db1abfed170357fb0bc709e85e17e7b9183408d50301ca3c03ffa65deef038
c2d92417f50b0234180ffb0aea28d1f725081821b4041bb923e30af22cfc1b33
0a0a1f30ff100a082319d400d1e0f126cb0f1804d3f914da1d0c14de191df9d7
aade4342fd0cfdf8d10108ea00f1d30aeefbf9d2f3d501ec0ea7eac9f2ebf917
d8f920102405eee2292bfefedcd927dbc9130307ff0010e620e5f9e6d2e30ea3
c1e3fab81312f819f127e0e4c41226dcf0073126cfed13a9220cefbe08e4d5f2
05c90d001b14d918f707feeccf11c5e1bfed1119c4e91ac30011dfca13e1ccf3
df042b1f051dd40221faf7e5b9ffebfbeff11402bafd0dab0622e9e6f9091fc3
f3025401180603f7c62d0b12e70ccffa901fefdd16e4fde637c6f2cce8e4fdbf
bcf0291f19fe06d1d72ef602e9ef33db1500fa0be80813dd39e7fdbbdaddfd3d
1f0100ec0d021be6e63d1c0dfadbbd0634203619a9f01bb32ffc19e4d719a1e3
04e920e71d0d00ee0a2534d5f4e038eacfd30c12fcf81aff291501cde7ffa8a6
05012b23e8fa01e5f71d2deccf072cd92ee90ee4b4f2eecf3621efc3cef0cf50
d8f9f31409f9f8f9e0db05ed122b310dc8e5d025faf70224e3a608d127f903f1
c61ee7490eef1004cffe08f91b34ab0efd1efc2212f71bf512c126d123ff1c0a
e5ffe40a07faebbe05def1c416f5fa150f02f51cdb290a210ddc15e51af32c40
ded5f30b0bfef8e81fb2dff3f102d711bfeddb0dcb160cddf6ece70522fa17cd
c1e41ef60512d403249406e6070ce51e0aebf9f3d4f5eaf9e7c7d0db47d7eda8
ca02d72504100efe24d7eae7251b3c101d00093d0af513d9e9c418d2251518fd
f2fde30a0d02eff51ff50df11c2dc131d10a0b23f51febf4f0b007d711fb390b
1af6ebf3f4f2eff9d6d1fdf6e6e72e27c8020603e13ee5d9ccee1414f2f83b1a
d3c5e82802faeb00d3fee4e2edff220a0e0619f3062e0807d909e11210fbede2
12edf20cda10fed5dfaff9030502e907f1e70009e3170113cee7e80405f3e4c8
3301ff1f07fd08d416ecc71534e7a20d37022f1f17f1f9daee0200da00f70144
d8f201cff0e44ed51e37eb2210d1a814c853010fe903dade0ef737f2ec2bfd0b
23eb02becabf45f4d5330d3e11df1b13c95800e2f8fba0e913dd3424af2df508
e40f0ef608ec0a05d424e910131241283b1c040f00f0f3e4ebf408fde3efe634
2509ec4309fe0bf2f3e4e2290eeaf20e2b23e6f40802fc0ae0e505d6e808ecc8
c0172633f3f8f7c3efe4f2243f1d030be30a0bf525fff8f6f5ec0f1a05f222bf
ecffcf0803db26d6e41ff32fefd9d0f5f43303070f0ff31f14d62feae01611ee
f2f3e1e30cf7330a2917d916feec0b1dcb280427f00af79efce622fbda11eed4
3908030a0dec08ef0df3f4141afa382f0712f8f5f8f7fef8f919f70efe11d834
320a004310ff06ef21da00001c03410abe0ff9f9ee15e1fbf927f80b0a022d27
3c1c49fb00fd3c0ccd0d135801fbc0fcbc330015ea060f0b0cda1d01371cc105
11eae81fff0500f3d5fdf91b07d4cdd81d101216f001051b24c507e3fc05c6d9
13dee9f4faf2fe2ed403030c18f8aa080b251601e2f2ead80ef024e907f9b2bc
25fb220e0502131cd0e2ef27f6061e21fe22f925d1f914e8fbf215e1202cdfe1
e617411516192de62efe18163ff31217ec35ec07d0e9e8ff091014f61237f6f8
b4e6ddf8f40f0b160e03e6150d0db0faacf1e91dd8f2fbe2e1dbfca71a00f921
3200d9e9010a1d1d0a1bfd23f210c3f0000bf615fe03f1cf19dd1ad90e1ffe20
be00d2f209091b0bcf01e91d02fefb0ab912f6eddef5e7f200dd28d3e818f915
b6f6f50eece81f1ffe25f1060813cf221d241cd9dbe9d5b8f1f918b9031df5d1
0012e308aae51855d902c721cf531c1ccb0d25c709f0eef6f7f01ebe291e1420
e2e4f1e7dfe213fef502f21ed4e6dd00a102d5e6ecf501b4f0f3e6e3e7f7f317
cbfbdbf1def40cf5ddf2fe36caf43d01defb02050cffee29edeafce0ee0cf13b
130dcfecfc19101b12050411d3061df5bcf308f0f101e4eeefdb00d618063c22
b304e0effbf40e09f727d918f2ede80db4300211f0fee5d4e2f32bf103192dd7
1402e9f2b6e8173a061edc15dc3f2a03c4110db208d7e6e1010b18e220121b24
0a0205c1e9dc19fdce01eb0be7fced19b6f8e6b3f300d808e4cef502df05fcd6
c0fdd4d9f40907001ad3e217d028dc24fce6f6f3f1080301e9a7efdffcfd2556
0828f00aed011911e90a0f0e0137ca2fd71300f4f20adae1ffef1b12191d24e4
be16f8e8ff0e0f14f42be9fef90ce610011fe2ffe5f208f200e816e504131b42
1d0becc9c8ed322e232be739ea34070ace2eefbcfcc2cdcb030237cc063af4d7
dfdc31bb101613ef1b15050cebe527219ffedafa062108b8fde8f9dae81510b1
2dffecca121cf2f8e5fff7fffe001c0c41f4f300f71110e708c4f9ed000925c8
e8fbf007f2f7f6282bee11ea11203ff21911e4f0f315ed06faf2fbdb200b0fd3
0504f118effe11041b13f20a110637fff326f8e7ebdafc23f6fa2cf60818fc2e
0617cbe3ec0f27380dffd836102e2009da37f7e3ffc9e5d1e20532ed0d19faa1
b2cbf4d2060feceddf1612d1dee9d60b09cbe3110b30130bf0c0d9dc0102e3a3
faf111e9fb080600f112150013de2203241006f6c4f4fcbd19caffed0e1bdaf4
dbf7f61aeee0f717f4fbe007f912cbbcdd20f0e2e7f5dbf808e8ffe2220f0400
09e200f4cfebf007f3e8ccfdfb17a1de1e09e6b303c4d409f7c8fccc0a03c8b7
160b1f13eafb313a09f7d7322e35c8e74134feddce86e0d702fe29091012b03c
bfe8f0191503eee6d3ce04d70208c80203d1fb1c0811fb1d04d5e3cb0bf80d37
0d06131d0d0128faf205f718db0b1913d013230706fe23f7140420f40e24f11e
420b0aeae6f311d20409fb10f9bbb422051619f7e6031d2100e712d8f72cdcec
d70dfdf4deef0803f7f316f2e2ececf4bdf314f11100fff507e6150b0efdfdc9
d4f9fe1bda0b1ff9cf09ef1af1e3d70626140eccdf16f8daf8f325d50b1f22f7
28e2f41d1412f9fbfde514f719fafdecc6ffef1df60ee01400db01cdf40b321a
f8f1eff308fee909e3efe9f90712ecfdeafdff23c9020b03e8ec0b15051718b4
eff5fcc1d6eecfe410f2d9e4d7ed10f43af3f313e1080edee1eafd06fe011cc3
f3001ae7e1dae0e2f904eff3ced52fe73afc00f20ef1f5d6ee0bfaddfb01f218
c7eaff1fcffb02e7d603eefee6d1110220f1f6c9f4d2eaffebe10ce4ec12ea31
b9c8d9f20ce8e7cff3d9ffe10cdc0dfaedd0eae900f3d5ec07b0e8f7c6edeed4
e0c604d800dfe10425dccddb120605ecfed7fcf719fdf51d13fbf5e524e00eaa
b5d41de5ccddebefd2f7e2ff1e0d0c0d14e7f2dc0ef8bd060af10ad9250604fb
03e601e1f4eabafafec8efcb2102e1c819cfeaf816eddd271500bbce13bcf6ce
2edff814fb02c0efd1d3d9c9e1ece6d9c5e0f4e9f1cef6f2f6e5cef5f9dcfc3f
c5f80bf8fbeeefc413e7fae90bede5dfebe0fcde351307e40ab9dce1e1edfcf8
0703feee06bedede2cefe5eef0f0c5f03be10903e110100819e5fdd40bf32ed2
ffecfedbeedad9dfca03d2d00ce2def30aea01ff06e9fff2fae7dcf2eaed151b
c4fff3de00facef7dee2e8ee1affccec41dff706ffe0fd3fecf2d605c8d61fd7
b5df17150dfcd905f2e7faeff0ecfaf004ea0afdb3cbf4d7fbe7ffcdffe8011c
03050d0bf2e30bbef809ff19fcf1c3ece0f805f5fb1e15ff0dbb09f3e319dcd5
f41303fdf5d40bfa27f3ed300604e60eb80d05f708ee15070be70901061e03ea
2c00f1f102c8f5d72113cd1c09d40320bb160ee6fac4f293f7d5131bbf1fd332
1a06fff2ffeef6fef907ea11ffed1b1f3cff0b0be7cdeedefdd127f6bd08e1fe
b2fb2de8fefff8e617e1f7ff08ea39fbdfe8030ccfa8e7e216e40a01d3f6ea23
f5f8d9201aea2911d323141df325a23804270fc821d1e00bf1c523c90735bf29
20fed9fc02e540f2d0311c20f4f73b26fd3612ebf3f2f3d5161b0cd21323fc28
a61ac61b04e64adaee480334f50faa2537330eeb0705f21303f82ec4d6240ba4
f111c614e8f728fd2427fbfafb01cb13e61726f6d901001a110c37dbf314e6e0
f215db24dae5ff03050ef9eb06e026f61ef01dee1c2af80cfd411ae3040add9e
17f8040a050428041214211ed9f8e622141515e802cae0d4f83116ba061dba1b
b70defe6fafe29e3051c0b1aefe9b127ca2b0af019f8f7cb05030881ed140f9e
a034c5bffcf62ff1dc170e21e7e42516142be5fefffbe99e02f61dcad31915e3
0916e0d5fdfd22e7de341120f8f119101720f41cfbfdfe010f1515dae6070fc2
cb080fedcd070af8cf3b0a090c06ca09ef090f1109f6f7d8ed410ec41d0228a8
ed0e00f6faf54c050e38293db6040d48ff1efbdd32f5db21ef053b9a0931cdcd
fb2bc8e1060411ce100c2a2ae3c4054bbd1be905ececfbc7e1d923c8d720131b
f93bc72f05f034dff3f41839f4c10d41290cf801a8f3e40ece1d2485ca2529f1
2830d91501f031e3d114f118fee3ef19211ff3ffd5e7010302491fa5e40f22ae
fe3201f4db0919eb0a38060efaefd8fb2118fd0bc5e4ff9fef491aa2f7290aa5
cefb1f0008ff3e15ca172116f41015323134efebf6ffdd0300e926ec0a17de71
f721dcd7f7042fdafc172f0827ded82fbe2bdd07ddf412e804e521bbe01a1d27
d12a0ce804f437d028181c191cd6ff1dea1fd2fddbfeeaffdf172fdcda222222
db1be6d507f858f51c35df0b12ed1406c427f50b0300fce5fd2b2af6e41d262d
c72affdffaf121f2d71b040e06f4dfe9a722eb15f4f8ece8ed1318e8041031dd
d6fe381908f41318050d38f325081cf23411e8f30b11eef90b14fec220edb502
d7ed0d0305061802021b27e81adfb0038929fad61805e8ab26e11adc0710f33e
f81b09130a2008f8e71c21090aeee4fd1f34d8fcc0f0ec20fde408d6f11746df
0a09d8e1fcff24f2ef2df105fc06fd05cb25e20cc200f3b9170718da170c49b5
f509ebed18f511f7e3100deafd14bed6acfef217bd0702b10b330d0e0df23a26
08e0cc17e1001f9e1019d51ddcc5b015e7150cece12def1bfdfe1001c22bfc94
15dfe31af60b15a72616eb0402b5b617112f1017db0c0ce6251920fcca15f8a4
1afaf01b06f916ce252ae50a1fc6430acb33080006091fdd1ce722f8c20fd1bb
b103e717f20419baf51ae01b16edee08e505e9ecf9f503061fdf1e14dc1cdf08
fffeedecf41a12b8e30af730edb0d637191af7dcdf04f9fde8e12bf5af1602da
cafbcce104f71ae2e713d823eeefc51db608f9f9e206f503ddfb1bdfed2d0d31
27fbeaf3110c08e715081410f4fa181ae5090e060eee1a06f8f714f6f3090ddd
390de4f4ff18f6fa1b05f9f603e4cd112206e819e51a21b003060fb7f0002929
0600f5ef0c10f8f4edf1ef13f8e6d30d2904ea100b1119d7e300ff1be31515d1
d7ff01fee8fbf7dad103f41904bb1f15f80b01fccc0af7caeb230815bf1e11fc
2801f6ca110f1ef0d10afe15fbc80926f026fb0cf0ec15e3f7f11ceed80e16ca
d20af1b8010a01f100f0190513d0ae2b2dfb0f0900fe030df8df1eddcb1afd14
fe10e7e0e41a07e9d901100d18c9fa15370309f5d3250ddfe1170112d31511f6
bc10e800fd0c0b050300e41dfccbec190821fd0fc52921c1dd2a0aefd5152cd5
0a041419ecf2f8d7e91c0d15ebad3a16401900f6e1e6fe1a08400b23ce33e8ad
d90b070b1209ebe30df7fdfcede81ced1f0af72217f911c9e105f3f8bde522b7
12f9f8e41d1a05031afe13fce1ff2bffe3120c33130c0e1ddae30300e7f61b09
bfedfded0121e6c9e2f819f4ebdadaf9cff70801f5110ce4c2def614cc040831
c003f21a051afef101fb0b17f0d5c2f3b80d0c02c31029cdd224f903e0fd09c1
02061037f0fa01dbe90cfceedac127bff2210901e2fc1116f21b0bdcdc1cfc0f
d117dc05201b04e8282c0d06e2d8b2e5070ff12ed911fae7d2460be1c9f612eb
2918e8f3181706cbfb2e140fe1eaf7ffb622123106171ac7da0319c7c6fd212e
1901eae1141713bc1a270a04d7bfc00c0d271e04f20a0ceee7c613d9bf281161
da080aea031514ab2e36ec2ad6c6daff382d1020e4180d0ce3e52cf4d71ef412
f313ebededfe17b21021e209b6dc259f0a1f03fdd404ffbef3172adadc17232e
d5f3e627f417f0fe2d0d0b00f117fd1919132007fc01100cff0407f60afb41be
e7140035021105f51607fa1ef1172813d530251ce9e719e40b3a0ce40112192b
220a243512090a0ad515092e1120042b262d14fa2ce909f435281b1bf11ad2fd
ef0d1b46160ef3ed2becf007f502bf291efd03f103fc0a1330ebf512ecf5e7b2
352211291cfc1be7b6f0dd11fefb1904c01420e6d2ed12dc3527fce1f7fcee33
08ed09de1cf4f6e511020bf7fadb3502db05231a0c1e1c110d1efcf2e3f93efa
1af312ea05fff404dbf5f0f7efff15fedb2314200a0715d21c13ee1b0ffc3aa0
d0f547ecfb1cff20d4f817fed5450c24d00a0d13eef51c151c36f3f83ae5eec8
e6ef23e90c20fd0b22f6fef4cc151d0602ea16f6fbfa16181814f6101ed5b432
160b2e0d0b1413f1f10d0632e8dd31f6e60315f0f8f5110f1b3e050e11feb839
fdfd2ace29fa0dd2d117000301d136f0d22c2b26b9312fef1f28f3efe80a3123
d0f10bc60d03e31fe6f0d6dfed0125f0bb152021c71713141e0ec5e700ec45be
24e738b5f605f64b0a1217fbbe4e3b0b2b061f1ad20316e80316f10c43f80df6
05ee20d1f920fb15e51808f4bb0a3100fbf20f0cd61001230e07f80619deb42c
e90b400df11537e2d9311e2af7df29fadd1424fed313f9ec2c3d1cedec09acf3
bed209d41a00e3e6e6e7fa06f6f4d8f33df61b1bff121cee0cf4d5ebf5f22316
2d070fe9fdf8dbedf9e5f207e6fabcee34fa0e2118041de3f817d903f6eb2dfd
f3f826fe03fbf71f261a19fde90a050638030712c8081d130ffafcc916060dd7
cff621eb08f30d11201e1e16f501220cc1f00c1edaf3090a1e05fdd1fafde8e7
c300180608f12df0fa28f91c08f725e8381afc15fafd0af135470cd7f9f8c9fa
b0e704fc0aeefff404f3f900160db81e27f70601edea0b1f1de7ee11f7eaedc5
ff0e1a24e7d8fe19d609060d012c3c22bc07f6f30efbf9e20309f3d121f1d5cd
1d0b0f4fcce20d2bd81a051018231719110307dff00efc26fd1627d61110f3bc
de1a0d10f1e60a01d807040b010efaf8fef107eb08f1fb0909fcfacc090edbdd
b813fa19f5d115ecd81cce3706231fe8df151ceee1dddf19010e0b011512c84d
091ae8130f1600f1d41bff1fd5f9452eff09041517fb1cd8ef071636eb092a88
a6040ee80923edfc08fd060cf6faebee4411fc1404fc14e503210f2def043013
0ffa0bdb0c1603f92717ec04f41037e4da10e306fffb1ae70ae90802f9fc34e3
2aeb22171c1812e808220705e7f535deba11fe07cd1c22d801f504da0d072ece
f201ff25192417d0e527ff08e1c5d9cbc91903f1c01c0bde0e0a03efefedf2c3
e001f0f02005f3f6ef02fff4000fbbe9c3fae61cf61317220a1810edf2f93cfb
caedebea0713eefe2ce4ece80022e0dbf4f3cb0be310091e093ffa2401e41ef6
e4ede6da0608ea1ed80be200d720eee3c1f6d6f8b60810fc07fef00b11ea0c1a
d7f3fa0b00190a08e4250f1301ffe0eed31bf202b81913f710f61df21916f543
d4f707f6112105f10428fef2eadbf9d901f80bf1dc3205080c01fdcf04f5b4cc
bed6dbda140c0ff8cc21f1f913f9baf3de31de26e40f1c1120ef13dafd1821de
0bd5e4e10517f804e3fbe5ed0d17bad33402d821cf1e11defe18eaed0aec21e6
e2d7e9df1403e51611f9e5ddfe193ad2b6e6dc100019161afad7ea1b25cf2017
eefe00df03fbff22e71af8fdf81023eafdfedc14dc0a0a0304f50cff180802da
0d15fdfb0e1b12f8eb1df50ffcd9bbddcd13e612fe261ff92b212101e00c09bc
d6c7fc09141017f2e1f4df180e1238e1d314f233060e1bdc09e8fff7f0120b28
26f1141a0cf70bdde7cdd4fe160621f93813f314f9150cbe0c0f16f701172dc9
100f0823f9dd22cf20d6e30e28e0b10bf217e8d9eceeeae310fe3f07c9305017
e50aed130ce31fdc1beaf10d2ff6c2f4fa05eff9f1dc110913122afccc1510c0
14d4c8fb30011dd410dbe3101cf8d3c5f2fcd14213f337e1f0ec17e0fdf9f919
d3cff3ef13f809aee914e3350ee609dd0e2dc60f1e2b03ee2ff90edbf600e8f9
cfd1cf070df5decdeae6bb1111fd12f8c903f105034013d225d409e822ebfcca
f0f0d70cd5cedfdaecd79d151ef537e317f2d6aff603ede3299a11fee5e01a44
fcf5a217e7d505e0d4efbd1223f810cb2dfdd9f120dc10c80ba608dafdf2eebb
1dcd81ef05f006e1ece5df182e13f4aecefcba0eebc11513ddb60e0d15efb803
0629181b091741ecfe020a2f05fb424225332914e7f40eeb01004cd212362d11
ef280e10ed1426e1e9f9ef07e3f51910dc1d0507e00ffdbaee2129e5f82d069e
eb09fc02ff0afd0018faf81ff6ea2e07e3130b0cd0100ad4ef1716ec0621f7a2
f71def01f60ced0be4f5042001c1ea11c10702fd0301072ef4140ec2f414fbb9
12160828f6191504eafa07231ceff80ff707f306ee211b26f51e21dd18162017
3b1eecdbf7102400e9e50d2cf802ba2531131016fcf902c9f5d125de133714d7
a122eff2fc1309e017e2fc08e9e61b120ae6050bef04ee1dfef1fe02011210ee
f6f4f8afdeeaf7ed05f1e90efce52fdedbe1fcead90bbd010cf802cae4fbf317
030302cccdf0f1ee19ecfc0502e71918cafbeae32506d91de2f70a25e50af22b
1114fff7de1918edcff70320f5fb0d0c3e09070aff0a0ddbf5231330f419291e
032af1df00f706f415e81a12d7091f2b442d2416d0edf5e7dfecffab0830e72f
0e18f1b90811e0f7eeb8fed4e2ee2702d6eef7efe208daf1f6e0c1fffcea1821
d6e2f8a0c8c8fcf9f106e4f213f9dbebb60401c8ebe283002cece3e5db03ffcf
aef8f6b0d2d60ceb0401f70aeadb0f1d1a0a06cdd8e7a311eccdf4fcd10ce104
c12511d5e1ff1ae104f0010fe8f6fd0bd71025f0b104fbe1ee26f020ea060fed
2911ee16ff0305d817e1f31fe1f9f12238201e150306ffafddef08021421fbe1
0a20ed0418e9e7d9d3c1e900f40f1a08b7eff711e00bfed4e3e4e7f718fe00e9
e20bf2dc0efce8fec8ddddd003041afb33d1ec011a07ea27fbf7e6edfeedfb24
ca0ffabc01fcecebfde4fbfdf2e9b315daf209f7ece8e72ff9eb06dcd6170a2d
f00518eafb050be4edfaf802f6ee0e123b08f8feadeff4eafbfb0eb704ff02a7
e21b08152c1817de13f2ef1a0af32a2710261ff9ef2f0e23edce33eb0f1d32c4
e0281c1c20f8fbded7d0ec1019cae606ee100f1213f6090deeed02e9ef1b0321
d12ef7000ff2f91308e3fb10f0f5d31eddf70911dbdef8e3d9131c17e80de3e6
130ffd0d080002ff0ef5f202fef12e17e8f30f0704e3f2abe7110fc9e61e10c8
cb0926f31e1d18decff7020905fef528c913030cdbea021306f60bd7ff1c1840
0d15e9d7eee00dd71f1adc1805bcf31d341915f9f510de13fbbf0ceabe2906bb
29f9f30af3e620ebfe11ea2211dab4233f2507ebd4f2fc8af8a71ed0d830c6cd
c1e6df3ffce324e4161bfb0bf8ee230a0810f6df0701db020ce00bebdbffc9d2
f1fc01e5f2f7170bff01050be3ef4701cbfd21c5c30ef4e6020f19e5ed04eeaa
1af50bddfc0510f1d820f821cee02dfa0bf110d40418f3e022ff2d13fc27f4ce
fbf7dc0f03f01cfc22fa0e1ee9cabf101a1df4e0e507e8e4fabe089dc513f0b9
2c04db19fafc22f3fdf1ee39fcdc3430bc1aeceaf207fc89d2e21afce425d8e7
1504cbfc0e0018efe20309090be1c230c91803e3cb070fe0cbcd0fdcec0db20b
380b15c1f0ea2a151f111b1e0818b504333e1dfab5f104d61428100a0a20e5c2
23fff4f7f4ff0e10dc17fc15ee013709240002f20919f6f000ef040a2713eab1
1ceddff5f2ff1607d3f31320fcec4718f314e6caf718e5f9f7cc1ad9d423daa0
e307d9f30805fcc917f6f33bf7db46180b09f700ea18faeebcf306f3e9ffc9f2
1e1cf6fc09dd20d8da041a1116d813192205f1e9f812deefd1fb210ae30bb020
f3121fdfde060d25cff80f1d0e26f3381a190f02e2e9f0f1030312df040ceeb3
fb1fddd6fa061b1317f90a08f7f5002aee13ffe4fffb06e9e5d50ad7f90def9e
b0f81b18f7ee19f307f50afd22d6eee8e119e8dce422ed0615d81106d80be028
11f414e5dcfb080e17f4020a1efda505c721f2f31612fdf8dfe905fb040ffa02
15161eb004ea050ff1e302f6190f181c350de7f1edf100d9e10624bfe208e0ea
e1091fe9f1edff1010f1f8e717f0401c1ceafc0319e4fefefc1b0fd6dc00e12b
0b10d51214ec190c10f8ff2329f12f0ad406fb14d8f2031df00309d90108ffa1
db071af1e8f10df8d3000c02f7c6fb0ae71ff7e8272ad7d80aecf000ee0b059e
fdf918f6df0bee24f4f20809fe16a3052a16e8e32422fff50cf4fdef17f8ed41
181afbdbc3ecfd10ebfeeef80e07d320c80cf90ac2df0f07f4e61ae6e00022e3
b6ecc9d7dde40b0ceb0efcff2107ae02300cfb10b2e40ee801d619d9f313fa22
f611cef00005fe0a1600ee1207e80fecc5f8e81ea7bf1800f80603f9ea04dd0f
e1e6e7f9fde9eecefdeffcf0ecab0c0a1eeefefa12f0d12301b8d7fec202ee12
32e9ef02e2e908ff0100eeefd0e535f6f3080bfd0ff7f1be10f5fdeb03f2f323
dff3e8e4bac606e0ebebf6fceabce71205fe04e7fafbf10a28e1f907c9f8f6fd
cc0b0100bfda0febe5fb0f01e3c73c1dbbfc03efd606fbf9fddb15c0e20502b9
0525e6f8a7b72dd5e0eae040d1c43215ec16f7cb01e7c803fde716e6e825d3ec
d1d1f0eb11e709c51117130ffea2e6f84310fcd3e60bc3f7f8db06e6aa01f731
46d4ede5f0eefefe0412fbfa02f522fa27fb14fdc9f8f6da0ceeff0ee9f818c9
dceaf9ccd8ec0cecdff9e8f3e9ccf1f7ececf318b5eb011719f8f501faf018e9
360cf9e7c2ed08ddeaf1e1fb03a4e0043cf4effbe5f7edf6fe09f50ad40aee3b
120ff30ac7caf8caf2daf40e0dcb3e0540f5f2b0e9dfccd7f9fdf6ffeb02f31d
e7d4f8ef10dceeb2fceedf0904c1c5f81313f8ba09fed4e9e9fc0aca9700f838
0ce0fedd16f3e7e82ae6f9f811d70df2f7ec0dfbedeced1dfc09f7e0f8fa1dc1
c2ec0cec040e05f9d40e07fa18bc05112cfcff2bfdfef40012f11ae6fd0b1717
ccfe10d9f512e0d5e9e4fce70dc1abefc6f0edff080cfee40319e9cdd1e4dc37
1ffefd26dabc01a5e606f30801ba34de150ef4caf2cfdcecf5fbfdfda40daece
f9f5000dfcec14bdd5d0e81b05cbe8f8142ef5e107f5fbfeebca0cffa717eacb
ac0b040c0cf708c820ea0eff2fd8acffd31500fc11fd1200f7fc05e7cc0f03a7
2f04ffe90a13f9dd2b0503ebedbfd4f2e710f91ed3e11218e5d91009ad0b0426
bc06efe6fb16ecd2d0101401f2d735f321030a03f2e2151bf60a13f5cb02e04a
37f7f00eedd1ecd616eeee0bdac9e6da3df30de0bdaae31df2f2f9d4deffc501
bf020ce603b810ccedd7fc14f8cd4910be2af3d00bdde4f21acdfef7c20bdbd3
0104022b02d912ced3fcf6091edbe82ffe3408d6cdcdeae109eb0dfcba1adae1
c906f30c05d318e60b24000d19cda41f0f2d14deddbbe19d04e917f0971ab8d1
33f8e7fb11f117cb232e0c1bf9d1cef2d71b0acdcab3ecf51eeb2510ac148fb3
141b0cf3fcc409b5e1ecff13eacbecc031ee11d4e681c7e605fb07f2bb0c8c0e
07bf08110a06fc02ec0e09f2f10d12e2bcfbeb16de0818da085207d813ec3fce
00f1f20f1320ebf5cd0805e807fce9fcbbeaf72bd22719e0e301f7c400e93d9d
360ddcf105ff000eeff9f9080d0dd000ee11f808d01e0fdaee22ead9020d18da
2cf83f0005f0e8151bf62e041a1b34e707ffe8d8ff090bdb042be7e502ecee0b
b33127ef1ae5f2e80c0d282340f022d7df0efadef704f9152a63fcf1ff002816
beeacf09ee0902f8f81cf9ddfefc0417f3f8e310c40713ee133bf3b2f5f42bba
c905f5f2e60c02f7e92bfe1415d8f4122e30031eae1503cc131918e3f80826f3
e2032003e0f71fdc0e0c072c04e7a326d627fdf4c40a03dd1e4406c7041ae2c6
3e1d2d15f4e803dfe9f9290b0dd52717f70ae4c3f7f6e8e5ed3bf5e5c6fcb1d6
c725230211e7eaf024061b1714dfdacaac1911ebf208f6f61f74dce103f812a9
aaf0e3f0e9fe0a0521fce6d610f9b716cd170118f7eb12fe142905f0f5f71c17
0b1d0fd1dc011b06103cdb3412f30616e8340b13d407f4b1112420f7f91cfd32
2b172dfef810100dd5faf914e216e80440191002faf819f80621ec122d16ee03
db1d1927171626f8cedb141cffe4d000ed02f4f2101a04e9d924f4eaff1cbf1e
38370e02050004e60afe0df7f7c640c20be90f10201a10f7067ffadaf00ae7c4
b3e1c4f6f202edf5100ad7e6fbf722e8cef7df15fae1061d150eecfbe5e71106
bb1503db081c100fcd25de00e0fb341bc3200f2ac4fe0fa90e0a02dafef7ebce
20031900070aece7e3fff609dcfa3bfe0a141e06caed0b11042deed3160db13c
b5112d161c00fae0fadb1716fef119ecbdf6ede8e5e91ee4e142cbeadf10e0c4
b9281df4060124f609f4040ddbe6cfa10505e620001318dcfe78eeec0c0ceb42
d7d0fd041a0bf60319f901dafc1fb0d3f9e0e619e00917e6f938efc2f6d60ad0
b4030bff181c08020925ff01f913fa09e3111133c30d12bd0c0306d612e6f1c0
21eb1102fb0202f3e10ae802ef12b100e71fff17d7ed08f1161feade0402e926
ac023018faf6e1dd1c0f071d00f2dfcdaff0fcf9f300fdd8112ad0c8cff5f3a0
ce2d0df7fe012bd1e6fdf118f5deedab1e2df903e81cfe14066edcccf8031bc0
c502ec0b2b152e02e42b060aee0dcb10ef25fd170efe101cddee10b5e5170dcb
2c0bde0b12f60a0b0d0a02f7dd3116ef1df5fb09e4010b1de5f6fad6f5fee4e6
050dd6e1fdfef817edebcdf3d71cb0e73ae7fce8e411f8e8e5dbfffd0dfce7ff
f214e1efd5ef1506b3f6cd14c107c204dd0b02e122fbd6fde3f813d2e00406dd
2a03f1fcd80b18fcce040321faf1c305e81509f40ef818eed90f13d2d5061c52
d612fef1fef12e03c615fb34021201210843f6eedf1dda18ddcb1faef323dfdd
1808decdfbf7fe3a13f8f91bec1ed10a05fa05e80810e5ecb4bc07bf111cfdc4
f3f9fbecd8e4f426b0f4f5f9e812daea10ec0bccc7ead7e1d106face12f1e8ec
f51ee9dac5e21524fa00c615e51cd7f62e11f1dce8ecd304d3281008100ef8b1
0612e5e1b0de2c18fe1bfb24de0dd912fe19ecd71ad3f21fe2292bbff41f08df
f613f7d8f7e51ef5eff3ef2dd3f4a508d924dcbc2c06e7eae0d817c8d915d3df
3308f50808f10017ededf50cdf1548fec221f6e8eee9d3f7dfba0ec315061707
af1f0407fdd8fa27df041a0bfd2ac90dbc2004dd0fc9c1d7c9e524e1210d11e4
fa13faeafdef1717f4f6f60fcf2300f4bd2ee9d4ece5e228d92522d31c1d09a7
e9150305d2d41206d00bf010dc041403d51fefc0e5c6ca0be3291ff0040de5f8
ca05d9fc0ced2601d61c0216c40940fb3b17efbf1dfa0611e7e10fbdf317dedf
1914e2f30ff71604ce10052500f6de14342afacc07e10407fbdf10d7021609f7
f2feffe808fff42bf31b060e041aeee5372ff8d7f7eceefaf3f20ace311d0632
f809f0f70c051c272e0a0926fd0ff5efbb2bf1c7e1e8f624fffb22b61c2b0024
04f801fe140e1e1713eefc140dfabef3e104f9d3d0cffd01f31a11f3fa0fe2d8
b8ebff0e12fa37ecef47f230f1f42c17da33fd04df151419f8b13fc9fe3ecce4
0013f70c07f116011532fe1a08fcdb13fd11fae7c3eef826f0bf12fcff29e5c6
bf20f9f404d823f7231e0d2309f9f60a2235efccd0deead905d629070533e14c
020f08f9faf40c1acf2dff1c02073909f625f7c6ceacd6160bc832e10e39bc16
bb1732f50d120efffe06f8341a0808e22a2ffce3f78ef7f3f1c534eade38d942
0e1609fe19f30cd1dd1af90c10eace31d6241bf4feff11e607e22be0111ed699
0d0c25f1f20602e51df8f805e5f43332131c15ee0d01efd206f9fec3f81cdb30
2e01fcfd170cf6faf603160becfce013db030bed07faeeddf4fb0803040505af
d90df12012f2da00e8d40de0e1d4d80aecf8fd0e0be70326e529e0d100f9dcbe
c80e10150bf3fcde21cae70909c41814ef12ec03ff0e04280a1203bf0206f7c0
c6ff0c0df5f914f1ec132512f7f2051bb7111d07190c03d70b1105f10c08fc24
d2131108f2f90ef2f2f41504feece61f31f316121a04e0042a14f426ee0716e5
ab0012e7d3c9170ed52c122201fef719da1913e0e2f0aa03250822d6d81ad3ba
e9fd08eee4eeed1807ec0ae200f1ca1412f205e920efe5edf4ddf00ef3ffca0f
1a1b12dffe0618e70cf8081102ead8fc21110a0d2007f8e2fefc0709e40605d8
02fd0ef205ef09f307191c1cd707ed1532202422be03f4fffeffe4c41a15219f
2c1413d4fcd41eeeec0a0f1a07fd020bc21310fee8ebe6ce2d0ce5d9e9011fd6
1df80cc2b58f42f4f94604410fe02b0ead4e04bce3c9832c42d933eca843c425
23f600d2e1db0601bf1bf703f7e19ef5e21c29e2cdfdcb0000d0f521cc0cbdc5
390724e4f60b13ef1803ff1afe03ba03cb1e29fecc1cfdc5f40007f51dfdfb20
2eed0509fb0100d326f7f918f3fd16130215140bea07f2cff3f3f7e30ffde430
d80a04fa03d60fcac6faf71903119af8dafefffef2fcff200df7fabe03f9e6f8
160ef2f7fee318e3e223ff2515edc81d390dfaeae604dd2b15e11cc0dd0de1a1
f40ff5e60405e2f010f8e7ef00dae1fbc5d808ee02faee11fededfe8f1ffe5be
bafa05f7ed01fbead610f0ffefe3d4ee3cffe107be0700f8f407edadfef5f4bf
b1030002290e11bee5fbf7fc1ce819100cff06f511020b030ddff6de02eb0305
1f1efeed07fa05d115edfdf022c7e408b707f3f8141200dc07eb11c6d10aeccc
301cefe301e225eff0032103fddd010ddf10f2fd0906f5efe83827e8d8120beb
24f9fae80ef901cae800fe09fae4d401dfe8e608010802f3f4fefcd4e009e14a
b7f5ed0805fee4bbd3f1f2f704df3727c102e709e30802d301d9dcd9e704eb53
e5e9f60aff02d714fa0614cc10f9eac825dbf4facffd0ae622ffeded0cdc1dc4
b504dbfcf200eb0ef50a03e81a12b5d428faf8f900f6ffb2051ce3e901f21b0e
0914e903f517fe2f1103060c0739dffdd81ce40be9e609021bf40e0130f50fef
b5fc09eefe1be1ff0106f71807fa351df711ee0bf00604ed26f315ea0c0dfcc4
e314190d011df7f9ce03f316eb01cbf4dbf81614ede2fdda2819ee0b0006fcbb
37ee1afbe90f0d17f4111be906f9d4eaca0f0223bb250ef634fe03fd07f652ff
08fb15dbfdfdf9fee0f4041010edf4e50614f60bef06092b2af3f2f0f4d9012a
d9153be2f0100b14240c273924001e08c2220009edf812063011020f070414c3
1b012bd9f3081418d22f11302b0bd4f2cb2423f6d3f7f1d6430816ec1410d5f4
101a1d08f82128f526450c2ffeee1407ca2240060a1cf8c24d4c27f9071f15c8
e8052225f8f4270f021a2a20f3faa9e5ca22f00ccbf6fbf41f1217fcf72139c4
f5fef707e9fc0116eaedf1020bfa03e72807ff0dc8f80aef2aebe3de0f080fd3
23115624b1df60000d381b6c33f9be28e86c15e308cbe9f07f373de2cd5ffb10
06f23825f9072a02dd0cfb0c26f4160f0413240c08dff2ea452810cbe116d2e7
2ce10a2fef211af7e31ffc140503420214322b14e40713df0d4d1ad31224071a
09f1151bf1f10cf41ddefe19fbded80bfd27ff05dae0f906170519ee0112f59d
f0eaf6210e19f2d119fcfbfd1800f1f702e3e725d8e811fc23e80cfd20f8f72c
330b0d1e051704d5dbf207f615ebdbe21cf1d8e5fce3f30f260211e6f603ff17
17d9fd26fe28d7c50dcf0bf413ed22bc0ce4da01f50411ee10f4fee5e9ddffa3
d5d90414ef0203e9e9f116f90507f7e217e4fcf50102ebfa1c261ad312080508
e7fa19101f01e6f3d5f1dcb914f72df91edaf4ea05f0fe2642eff7f81dccec3b
44f01d0f031bfcfacff5ecf33cf0250b061404e8ffd8e8eb21ec110517faef43
05f7fe1e1d19fbcb11fd020928ceb9f51c10f4eff1e0ea0df6360dfcff03fd40
bfe3f82a192316d9d80206ef24f52ce42deff2f80d01f0ec1013fc09eee202c1
3af6eaf3edf00bedc303040cff12c015d4f601e318e5d417080d08e0f7f3f8e3
d98fef07fcf40501cd0b10ea000ce6e0ce00d7f3c4cafff7f3d9dfe6f4effbd7
f3dced0efd0504fb07122d0507ffacd4a515f411e7eb0399f6dbf0ca0d0d0c1c
d6dee022040cf404cef9ecf602f302d306eef81315fb09b2f306ebc613f41e04
9acbf2281c01f600f403e6cf020610d6dfdcf608001106f10c08f8c10edd3037
ed9dd7461204d303fcebf5b60812fce6e5db17e0090103c7061fced70bbd0b19
a8dff01400fbf4f9caf408d8e9040df7ece9c2feece803dec9d7e507f8f324e8
c7e2f7fc03f8fbff06f112d30903bef3d3e6df00f0f0ffb6dfdfead2fff8de49
02f2b5040210f5fbe3e3eafa04f2f9fd23deecfadcf505a5f4e4e5b6f500e0af
ccf6e10c04fef8fc04fef6f10d0602e712e7ecfc260403d7130fe5e009f7ffac
c7cceb000f10ef0210f409ef13fab1c9fde4f706340d0cfd0507e3c9f9d707b0
f6f009e4ebfdecfed50a12e4f4f717ffa1eac7031909fef1d400081904ea1644
9ef20ad4ef0aecf7cfff09dedc0bcaeaadede3fff20ffd96d30ef3ddf0f2eda8
ddffc7910914d50e1ebdcdd9ba0de5efbccbd900f02514a4cfaad1f5f9e4138e
fefa07a7fbf6eefaeeec0bebec0ff5f2b9d8d5fcf90ff7d9f9f9eafd05dffddf
eadeeed2f70ce5f5e9fa07f01d0f24b822d9e418f700050e04f2ed1a13e408db
c4e125f6ea0302f9cff310f00d0143d3e200ba03fb0a0e0debf5f9e00ed506e9
f5e511e404160701d60f06efecf9c2dff3f5c4fff7200d1401e00ff1f7ef05fa
e7fde0c1ed06fafef5faf8f611f598f0e90beffcd1140ec610d501f1f8ff09fb
fceaf9f1f8edeef922df0adc2803c0e7f1d2d400981000ac12f3e6f00fde2388
bccee1020110ffec1dfffcf33bfd28c3f9eebe18b2fb0ae90a0d00f308d2f5aa
c581280bea1ede12d5dd29d4420ce1b1cebe8fe5b30802d4fce6cee023a8dcb6
e0c11e1bff14f105e4fc2503f107d3e3bef5ba06dcf30a09f7cafcae05ef0ab5
95eb0306fb0cde06f3e124e10f0304e2bafad2051505fdda01adddc209e1f512
dde0fa180c11ea030fc811c916f0a3c302dab0fcf40efdf800fec4c513c319cb
ebd0e1131a07fefd1aee07dc39ff05c2c9e8b1fcb7ecf9d6123ed6090bc007e6
c214e6fdfb110df21b11ee00f702fffcf40af90bf92423b7eae417c9fdfd160b
e823ea13f30e27fedceaeb21041eca1be91b03fcd42612f7ebea1cbb000cfec6
2b1aebf5fa09fdec29fa02140defc90bd013060dc91f11e6f2e02aedfb0e1424
111def07040005fb15e3fb05effda01db301f11de7fb11f8d9ed0cb7e90dffbf
c813dd141912020913da0611fc0d0b0d0f12ee2eac091fccd1e00cceef060c05
1a08e01df11f09f8ed14fb230703ef251d1208fde8290ed6f5df20d4110afacb
c615f503f7fb1ff71b1000120df2fb0b030d08f50530f2f3f0ec0cf7f71706c9
fbf510ddd3df12161b080c1c08f630ff273a0000fe1be034fa0c1de4051d14ff
150bf810ecfaf701c9e602ebfadbdf0fad0d05f3e303f2dedffaf3deee09dbd7
e420fc28fd0622edd207001d09fe1f0a08100a15b4fa0402eaf512d8c2110db0
ccf2f1190c17fed8211ee52805e4e131a8192303ea0e05e704d012daff0f0dc3
23fd0b19fcd63dd9e9280f372b9db318b433f5d4c6f7e61807001fe2c62ada14
fdfa3b0fbeb26eeaf03c185834b49e11074516b0cdbfb51f113a3be9ae49a8c9
1f0512190c0a05f001dbf30f23c7d806f616210812fbf617e250df0fea0ef828
05280123f1f20df2daff09370ffd2622b7181dfbad00fff5f1f923dde92f25d3
cb0ee306050906d8f516d235f700ec1c071e0501d2fd01d7dce626fef70ffae9
fb10f11004df21fbfc07e9520eed35f72d26f6eddcf2fd1ef6f521d1f11feb99
2a0d171ae1f14004fd33025338e1e61d104b18f71fe2edcc031c3cd0dc48d0fe
3921231a0c0c1c02cdf2f93f0bf3222ce30b21f8f907181eea3e15fdf93dfae3
18150223ef0e0cf5d703fd3201f0200d1917f5f1c7080ce8000c24cada251cef
e31fea010e051ddee022e82ff2ee22ff2922070cdfe61bede9f623e4ef100443
c018eff218fb21eb0e18f73af2df0f070226fc0bdffe0afcfcff20f1e22b102e
202016e0070538fdf230164cf3dbb314de4609041c1206bbf03545f7c435f0f2
220a0fef0d0a2afee820073ae4e3131ffd29f8fefa150e30ffef37f2e31dcf1a
1d0be409091cfbdcd1f50d05efe2202dd824fe0aed1c2a9ceee413bad910fddf
37db0c2be6dfcf2dcdce1ae2df39dbc9c9e416e7e1dcd21e1003c9e829ccdf59
a6d1f91dd002db1206e50ae31a27cde3fdf40c070df1faf115e0deb11601e4dd
fed2f436e2fb010dbd1b030e0f09d315f60c1b0036e9f8c119cc159a1a05d6f1
06d90d15010de60ded0f11ecf9f912ed0aed0e172bf90bd00df3ece814e2f513
aecef035eff5f514d93403e3e60cc2e71dfb1600340dfa0420e4e7f806e900da
c3f110f6eeffef1ed6f618d81116c0da32fc1d0601cbf8041bfce1d708faeb3d
ed0520ef1321f0fae5fd12fd0dfcebfca9eb0aeee80012b3140502e8ee02f5dd
d200ebe60c07ec06fdedd7ef14fd040beff50d0219d5018c1eeafab600eff2ab
b5e5e7ebfd0bf60ad20703ed1f0fcff5fdf7f1104f0003d314d3fdf018faf8cc
0de4f3fff90a11069210f7050219d3fcdd0e0615320d0ed3feca14f009ed2202
17ee0b0721f0f51bd00705f3f92623f2cfebf7021dc6f3181117e8052208b21d
c7022dbb1112f10004f907f6e6170ae2b9df02069ee3038afe18f7ec00eafbb8
d800c0811021c72013aca4dbad2c8befb7af0409cb0211a9e7aacfe519df2bac
eff9fbb800fbe10ddaf810f6bb1dc206d2e50105d80601bde6edf2eb1afbffcd
08eafef8f2f4120ae303131df111020ad31bf91b1efe01d5efe410ec11060347
d0e5f52ff501e80cd0ea0ceaeb18b5f0c5f20513fb07fff6effbfbbc13e6e1f4
0ff5fc07e514f70ff2fe0106d7140bdfddf01812a508ff02fd20f9a811f20bbe
8df8cfd0effdf21cddd7daefe217860436eb25f7810b09befcd1eee11ff31beb
f6fb15e500f50600eb142a07f40fe30d150f000b9cfa08e506ea01c610071d07
c10d100dedfc0c04d4250d0921fe1019c607f609cef80aef0af60f990106f32b
e5de0c42e51fec1d23f60ad607121ee4cd0104e7dd07f2d20402e499ffe0e427
d5f8100df40cec12ef081ae8e10647fab5f10213cc1212d6e812e9bdf7ea06c4
e6e50e1b03ef0511eb021ce4fe00ed03fa1e240fe20708e60714029b0efed9bd
98f21fe3fdf90210d1130ed501f89e12f9fff40cc8f602ed08eef6cf090ef404
c9ecff13dd03e7f7f205f9cf13ffa6ecdedbeffad0180b0d23fbd0befecfc8c8
f7031dd3f408080306e1d027f7df2610120a08fe1913e117ebb70fdbf911d6b4
0601100e1802f9cde7030e04e6c2ba10d8fe0cf7221cdbf3e6d7fbe2eb04dffa
30f12617f1d2ead0e1f1ffede8bbe1041a08fac30415b0e706f0e20bf3efa945
0e0a1a1ebeb704b325f8f61afcd00d1cda16eec8effac7d905e1fdedd201c049
1f17101fd7d3fcc6eec0d7470cc1f6293b140ac606fad9fbf5d3f2d5e6120727
1c071ddff0ebf9ffe514061910cb3efd001305ef0106cef3f9d7f5def709fc01
f4fdff05fb0ae1e417f80cf3ffcf36eec7e203170009de05e2fde1d7daf81b16
d7f823fdf5dad103d2def2e7ff13cff6cdfcf70e0909c2e0ed28d8dd06f7d9c3
da061cf8f1efedd5dee0fdfd08f4a9fdbd00e8dbfc05f0fcec32e304e7f1e2b2
1a15151de4cb06d227d80d1e08d1b1124503e9ca0ae6d0dbf718e1d5d7f4f8e1
2e0227def9dceaf4efe810061100afe8e5fb16dc0907e5e8ebe8f2e3d8f9db1d
f920050214f4e5f716ed0af330f8fbfab6ed0a0310f10a0fe10afcebd8f811f5
f50700220c03e027d9f7ffd7091afc0b26da0c28e409d910c52705f8110418f0
d91214ea0e0ded0300dd0ee80df6491722e20203d203ede4ea45e113e0f9e4ec
de0e07dff5cbffee0de610e008f7ad05f1f8fff5cde4d6fdfd2ec4fbf7f6f716
fe1f1108edf71219eccdfe1e0e2ada00be2513f9ec0dffff0adcfcfc0112d108
0d06ebecfcf5f1e6e3d61fed30ef0b1a17f501f00c1414e2efecf0fedb07e51a
1fe307d60503d8fb2fe714d515ebd1fa18d505fae022f7ded431e105c9e80fb3
b7f502b5051de6fbe3fe1af114e62c00ef0b16050df0f8e9ed46eee0c600e44f
e9f01ed7f4fef807cdd914e40514a9ea36d61113d3e4e51bef33c809f5f90701
dc08200a0afa18e50ad1fc26ce062d2eeb1b11edf50cfbea09cdffd7d710e0a3
f3050511f9e5f6d911ee10f1edf73e1abf04f7dfe014010ef7f4f0c89efbda34
1fda071305c9d3e0e6e927cf07f7bf0e2cd803abc302d6f7ef13eaf0aff7ca2c
38d60bf607fddee620ed0ee1fedf16f71ce320e6f2b2e9d70518ed09d8fcbc3a
bf0d22ebec140dd711c1040ce906fa0103f10df1eeb7ebe8c6e5ec05d80f0c01
27f71529f50ceb00d1eefb001b1bb2ecd7e3f8f5defb06f11a58e9f1f1fa0afb
bded1b06faeff9111e10f3080d2bcc0adf180ee7d0e4daf2234f1009170d13cd
35df21fd01f0f5fcc0180f0ce4052c301d251dd9d0faf1fa0e1b06f5021c0fcd
10f51601d9f4f606d7ff040ae8ee0d37c2f0fcd5deb4e5e8ecaefed0df1b1d12
bde6f606dce0db07c5c5f8f5121637f303e5d8eec4a2ece4f49fd2ec04e4fed1
1c19f9420000fdf9060af9000be1ec03e7f90dd1d9ef0705043de4f5bb02e833
c1ee02300f13ef0305def5ee25ee22431de9310706f0fff221edf7e727061da3
21fe1f10fdf2fac40bfd150013eb0a30d6200d0509d8dcf20a5111ec140a381a
26ed0c1be6e0f105faf0e2100516252f38320ee8e2d9fbd40309060ff61f193d
170e091ae2dbfee90ac8e12218f70307f80af7def9cc05fb04ce0bdfc72602de
d203ea1716ffee0de81ff5ee12fb36e50fe705f7cafc0ed92554da20e9e9f615
26fdff251809f20e1819ebff22fb100a151b130edf0f06c423f3e4151b07113e
2ef63e43e1bc13cae1272ff94c01ee1bd22a04f5ecc0d5e40a44ecf9c716e3a3
23e4193213f4eef9f4fdf7052e2bfe122b0e2f111fddff0af000ef110d1fe2e2
00f7f4241417f205ed11f90c1a01bced221a00f9f20420e9070ce7f1f318dae6
2804dc100df7db1216f5fdd71a2bb5c91ac1fa07d50101d10b37cb1105d62433
280cf40e02e6e019091301e8fc29c5eff3b611f8cbf4eef30d18e3d608e40ed6
0dfc171e04f9de0f04f120f3e847eb01eed2ed12d8f016fddf26d71b05e1f5f0
e1f019260b0bea040bd511fdf5382601a9dffb07c0ef0c0ce218bfd327e9cd18
13ea1919f713eb14e4160cf7241946d3e91107e0fd1400fe17f0d1fa1f0ad5d1
dc17c90616e8ad1e21c3f999f924edb6b88108fce4e714ced34088c1fbb804cc
fdfcd00e0300c624fdd3f5c7102d12d0ca9904fed2e20c24ed23b4de0cd6f7ff
06fdf418070cda1f19c203da1f1d2a14dcb0e7f7c4f502d0e7fcc8ee0ccc02d3
22ee122a030009e7eadf06f530fcf72ac3ed0aedd50cffdbec01e700f3ebf5ff
09ec1312f30b02fa1106120422e2f0f5bee3ff00f11e03e9f2efd0bbfd0cf1d4
dbd3b211f7d80617c11bf0f4eb1e3af225f425c3def7d8d7040eeae11bf89d94
18facddde9d201f4fa1df6fadf02ff03bb110ef9dde4e9c00aefefe30f00a358
f7fee2bff7f11a09170dd305eb170907c508edd3f701e9fef6f70bf5fe0ecc2f
1a08dcf1dfe01913cc17f907fc06c30dba19fbd8d3d5ccbb0f1511fa12fccde9
c605e5e8bbbe0e03f9381910f20cde11171a14cff3eacb0c1a1807e2f80ec4d9
e4d3db0b02e5040ac913fdfb0118bcfef4fa1ad0d6f9c8de0213e9b511f4f0a1
35edd9e106defffde71405fdf1040907f0ff1ce8e0faedaef80b05aaf109b7cb
ff0be3ecece80e01fa0ef3fefb08f316fff8fec20b06db96f22207d3ed0ea931
2107ea11f0f11a040a1ce7122304f019da0503e1c9e9eebd0c1410e8f50bbafe
1319e806e8dd130af435030107080d11b629efe3e8f0d9bb071114e7fa12e21c
e1e00aec05ef240c120b0413e2162f0cb5ed02ccedd7d6ff1a2804062700e04a
c4f9f1d615ea010111071105fd1315111ff607e8f0f3ede1090906be0916f431
de12d6dc0ce201e913fc26f70d012e15d2e5e1fbdffb09bdedf906abcefcb6b4
2e0ae6c80cfa02fddf02d3d4ec05e8d4cbfad6db0200f31a13fcffac10f7ba2f
ed2b08c1e6ef190c0b31d800f21222fa421ce5ddf5f0d1bd192525ad0e22ac3b
08f422edfde51ffe142e1115fbf5af05cd14e7cd0d04e6e437fa14f623fdd321
e0f707ff04f10bf8ed2407020fed2d14190d0af6faf6f4d9350912e20811ddce
c20cf3e70ad8fe081f241c11040b01fde90ae5ecd9f8ebcf032508e90012cedc
d101ecf50add0f060d19f40dfb07b6d4b213e9e4c5f9f5f71e1705cd0210e63e
3b14f6e0f6d42203f317ed1825f409d3cf10f3f0eb08df0b111f06e509fcd222
bdeb120702c42014f541ea12e7f92f04102406c5f0fac91420011cfe09f8a0de
f7f60b02feed1f03e52cf205f6f51d1be912fbc80fc7cdba37d217c20f13d4d4
2903010bfbed26052033f021f019ce16e41ae6d1ffdedff21ee411fa1011dd29
d8f6e3eafeb91801f52edb17f51aa7f1af0ff3cbf6dce4af20f907ec2707ca38
f9fa15e402a2330c113ae519ec0ffaccdc22fdc2f098cec2201a1afe09ffbad8
e11a1e090ffff8242010df01ee1714fa1af2031404f705b11f15ffee1302090a
e825f2ea01f6212ae81ffd11e70dfb063612ed14c2e8f6ede50d181316f2eb08
1722e00003ee122816f3031bf103290cf80dcff3ffd2f6fcfaf02303ebfbc7df
27f2040c0df90129e0f0080d0ff9eaf8e205ecf5eee8f1d611effd07f1f0ea0e
1d17ed09cfd71402e40bfe2202f20f22012817d5eceacabb221325e2eb2dc8ac
dbf80b2402fc1f3b0206ed0ef825b2f2d50ef82bfcde05a80c4215d5180e0537
d40e25f802ff032a2917fe1ded233bfc2503f50c09f8fcdfd51b0acd0a0508aa
c41f1ddbfbfffb2cfbf5fb07f61d2911d5fadde6fbeff917f30903e529ffcbfb
caf91fe9110f0c02d408f90cf3f9440f2fdbf008ebdef4cf1b07ffe0f6f0d3fb
c80503fdedf10c12f0fb00040bfd2e1c0d1c1be9cdfaf8d72d1325de1dffd602
15091112e9fd3c2dcb14d336f7240df6ef3feb03d8dd09e1fd292fdbfd2dfce0
e51a2f10050b2224d919ee310021bcf8001e07f0efeff4f6d8261ec22736fbd2
bc1638ffe41101371ac8eb2afb433808deeb04eb0edf00e6ea1005125612f828
c6fa0d0df5fcfc35c9ea1616f829a91d2ffc00f0e3cfeedd040a0ad82bf8e921
1a010b18f8dc1e14d0f403141811ce28d4120bdaeadfedd93dd91dda3202c9c6
b0070006f00324250f26db1ce3050e032838fe0de00005e4fc1335bcff1402c7
08101afe0409182efe24e3fb0626c1f5251c02fac60506e7f1141ffb2617e3cd
11f9fe1905f3112c0ff3d507d82aa5033e0b11f615d9f21fda0117ec2218f31e
e8f2f60f07e9041de1eff809db19db1b1bf8fddafccaec0cd3100bf0f7fe06be
270be3fa04ce1a3a12f2020ff520ae2a110106e0edcff0e11af712d32b03e0e8
230aebe5f305181bfa28cf07e0f2cefdf60af723d0fe13cb14fb30f1f9fefa0e
2e0e08dbeefe1a1acd37dc04ebf8d8ecf81a1a10f3f305bc132e2ceb0e00f0d2
f4e9f421e2e920350b24d60ae71aa4f7f22c0cf2f7ca02f1ff4a23fc0320d138
cae3fe0600e4162ae7f8f30acc26a7104216ffe6f7b7f4dfeb2419d0f908e903
2a2609f6efea340e2a10fc20f2122e3eec3122f1e2c5e9db19432ad7052ae9cf
ffead12efaf30321e6fdfbfb0b16f3ec26ee07072bda0124f2aaeae408000c08
bdec0b10dd030116d10513f1061fb22db3031d003ed0f1fd03cd00b01a06e801
dbe5f61bffe70203e300fbf00d25f70e0a002d0cf6ebf826ff02fac22107e024
02fdcafd0de9ff19d30602f4e80dc7f5f40e0b00f907f212f02eecdf0cf1d796
11e10b2dfdf91a209c2105040f11e2f414101cdcf512db11f70903ab1a05c1f4
e109cce2ff03140acf04fbeb040eb60c360ce6f8e7bd040ae0cef6cc0f1ad378
4a12cadc1500f31a10f507e5fa1fc30ebaeaf8fd90f304cde3e2e5ae27f1e0cb
cb01bdd91d05d600c4dff6e0fe040d0ffbbff7fe2508fe8ddda6e895fef9c1ac
c10d08011ae8f81db1ff01ebff0badefccee00133a01fef90618fbbef7f7dcf1
1e06f945fc000612090c0df6161218ea261a00ef12f6e41edc45f38f1cf2f3f3
f81addd9f1ff1c0107170109ed06bd1ad1f8cd0ce3f20210d8aa1bcb0922d9bd
a91bd0d40402f50a12cbecf4da1c4e0e42d9f4058ff80191be00e6b40bfed8d6
2111a5cf1917e009f4a6f5dabeebcc3400b6f5f9fc200a819687e0b9f2f6edd3
46262b14ffff020ef3163ce40309c6df3f0ae01936f911f1f840e7ca0b0af33a
db231bddf01afd36db082bf61535cdf320fec407160f002dc646ccb834e4dd30
ea1ff112da08170cd611f504fe10f017e2efdafa01faeaeb00b1239f1d0ce8d7
f212daf5f315f60c29d303f20719da26d3e1d5fae9121014e9c2f8c61304fa8f
ba0ec6e70a08f9fde9f2ebf211f59512dcded2fbbc0d16b3e1aefce5f701f4fe
a6071de5ebc3f518f50e15f72bff18dc1ad7df01d3f812e0ec2edffa1305e943
d227e013e2dbec1623f5fdd22314ccebb7e9e4ebbc03faf7e901e2ad13e5a3eb
22f6f50ce8ff01191d03db03de1a18f2d9c5f7cdd20ff6f7eae000f32200e82b
d1e9ecf1d0f0052501fc19ed1a24ca1a01fbeeec1307d6ca219d11c01c05e6dc
b808fdeadacefa3801e7f600262e3715f504f1f8ceeef14110f208ea22fc041e
12f8f5edeab6fa2019ddede4ef2a3d172eeef1e2adf0ddf00705f5e123fecfb9
d3fae141f6d7f02624ed09df342e27f11200eefee4d9e2f90b1aeae81de1c1f5
03b61035130d05d7d61bf90ffed136fadf2b1f00170710e3370423f9f4fd0cd7
27dbf20a13fc06fc970fdff5de03ba0b9ffbf5faed0dff1507b9fee707f51f6d
97c3b50005f312deed05c700da05cbf7d7ff0df517f509fbf0bc29910bfb1a27
bcd8c0eaf9010fd5f6fbe014faebaad03311ea0c38f10b0ee4e7fab6f2edffc1
9df4a6e4ecf2ffe0efdcf90e01e5e8bb30e2a5dbf6d0e213e1bae10feed7e2eb
a3d1ff28021800fbd431fdf30a0c21d3a82003ffe7ff0ee122dc2009f60023ab
a7e0fe0e1400d60af7fddef10709fbeb90fc0901f20b06f30abbeecc1feb24a8
efdefe082504ee01f6eef2dbfa09c3cdbee82408fc08132509ec001a0fed133b
9aed0ceffbede10981d6f3ddd9fa07c204dd16fedbf906c7f00b09aaf0dd03d5
e1eee6c81909e3e4d6eb0112daf9d7b5c0e8aeffe7fe07e2eeeff0caf5dec4cf
beeee7edf507fafad12c10d79f11d3f80403fe12f6da0af008bc114d02fb09a9
f100f3c30c04f0effbfad7d1cdf6cf01d3fdf21df1f305a4efb3f2d609eb21c0
c4daffbf1c00daf1f9eed1e0edf0d5ceccda050be90808c005cfd8ca06ce2882
28fd27fa12d6e8fd15e504fb052a05c619e412fc22e90fdd0debfae2f4f7e5e4
a7f504e11dfee8e0e8010cf3dae403c3eeddb5fa1ef400d0f6f5eafbddd7f8ca
e60ac601fff616f2161a20eae917d2ea18f2060ad90e09e2efa31b01fc0318e5
8bfef1fdfd03f5f4f505d3d200f4f80fbde504069ff103dcfae1f100fee818b1
82d20aeefdfbdeffe309ccdaeff0b0e4f0dcfff9a7f5fdb40e09d5c9f2d824d4
99db3df109fcf009f71b200e191b35ccb1041300c30111f11111fddffd050832
acdf39e33808e4dcc7f719f115f722b3c100f4f9e91617dfeff9dba3efefb9dc
efedabe60ef601ef10e110d211fffbc5d4d1b3e0f002fecac1a0edd2f5ee1d2a
c319c303151efa00d8e8e2ed0bf7b4fa24eed605a8e60ee0dfedffcbf7f92a04
dbd90a020811ff050508dbee170f15d32208ee03a2e30f0c1728e2e5f8e504c4
f0bf55090914dcfecc1b28fd0b11b3cdd311fbfbdbf40b23163be6e1fdfb0f0b
9add632c3413dbd2e814390a33cdb389f62df1fe00181f082151daaacefbd0fe
f6270b0216fb05f8e4e2f1150a1628f4bae2edf1fff21213fdf917d626fafc96
3700fe14f8130b01e70aeefe0530bb0bd50b08f7dcfa081b0b1f03f93210100f
c509fe0516fbe2fceefeffe410fd34f9cef10e0be102f6db15e6f61b20ee0691
1a18e6f803f9f813eaff00e2faf7c72a13f0030fd9f7f60d1ce1f4f02c0ef395
bbf6041705f9281512f019252301cf2a4042e50fd5e102170cd618e83202d6cb
ad2fee030601e3fad0db1011f602b8f80cdbfce611fdf7c6002711f9f80afd11
050e16070408fc0b19f904ebfffaf61600e218fbf505dedf0107f3fc13f40e1f
3ef6ffded5cf010a0bf705f8f5edfae5e2fc08ebf6f1b724f22616f200f70ee2
28efffe9edd3f50fe60b0dfdefeebd1d1b170ce8e00cdce3f705f3092516d8f8
d216010f03e52dd91d22260817013909d716ef03d6f2e0f70925fbec0509f91f
c90be011010302f0f60e0404fc190c25c40e1af4fbe0e41223fb0d22180ce229
c10208ef050021e6183df9041ac7b423f72103e3d2fec3f224f315f5fc27bed1
b9da12d28896550e106f0f562dd4e0e2b6600881efbe8606283e3d0bb24bbf2a
b1ed15d3d4c62507f93d0e2b06cdc50ddc3510d906ddcd09f92e190ec51ac8bf
c806ff092e0ffeeef7f5edf81ef9abfeed160fe4fa02f5fbfd1ce4fd1a0af71e
031efc1f0ef604dd0b120317eefad41cc205f5fae7e9f7c2f8fb1bcc2214c6c9
330b14fe10d4f6f0181eff140403ef06b4ddee0c0ffded1dfbedfdeb00f8e238
0ced00dcf2e00f10e71de5f915fd36e4ec11ee0313e3eeabfa19f9f3f5f3b7cf
d5f9dbe91affe6060b1bdfe8fc0e04fa1ae8fbeeece70506f129dbf9fbfad9d3
190b1007fe0602da052105e4f8ffb800faeaf6dcd320f7df2c2a01c8f6f623ac
343c182318ff26fd13f4121efdedf9f5251800e8ddfefcf816fe19d9020fdd28
411c0afc00ff11f015f2121f0ef3b20c19ffe316f8d3f8002c05fff8f814fcd5
dd1008e8fbf3032df3fc0b09ff21d0020911fa0918f4f9a4f4191d1005f700e8
e9f0e80600ecfa1b1407fdfee905e00de711f0fa00fcff00fdfb15f81312db34
d8f2fe08fcfdf1f7f40715f2f405aa293103efeaf80aead60ad30cd70e02e9f4
b5021e0df2cef0c90e061206efc61d45dcfc11b8fbe2cad10acf0cf1e20ea9f7
08fcfc01dbef11d0db0712f0dcd6e114e51b0bd32cf6ceaaf6ce15d3e8eedffa
42fbff02e5e3eed6cfec1fe702d0cbe93eedf8c9fb14d60df4dee6ede3ebf19c
b8fd111ff2e1fede1cfc17f2e8c044ff16eb07cfd91ae00604f7fed8d0ecf6d5
2d100009d4d3e9deeae2eddbfbad3edfd5d5f1c7ec1bbee01c20daf5d8eee402
d0ecf8f001e00edfdaf31a0cebd23534c42200dbeee0cfdf02ca02f6ee12f2fb
05fce9ebf70808c2f5030afce9e337f9e905f609e401e6b3ee07ff30dbf11432
bcf4fbcd08f8d1d8ddd6fbd6f3eb12f7e8d802fffb08ef01efe3def8eeea12f8
380d0cdffe1bddcedad8f6d409a9ff0802dafafe1f0908d10acfd924dae40cc1
ab10f9e9e3f1fae0d7d2f3e306c2c5f9d3ddf0e51b02ed221ef1ea1ce1e200c1
2bec14faf4eafcfdf2012c0df8dd00160e1801e6f907cdf301eae900d501cd15
fdf90bece8eb04e60ef8f71021e3b3f231f008090403d7f818daf5fbd9e40ba3
d20e14c7b7b727ecc9261b1052d4db01bc140cff05ced01838e82bfcc506d6e8
bd1302c5adf8f7f3f30debe304d5141d27fa0ddef6f1dbeb08c9e40fcee4c7f7
291208ccdddefbd6eef808fae5fff104d0e6f8eed7d5dbfd14e5e8fee2f1ded4
f7ef1a10f7f1f5f701de1f09fa03c5122f110ef81817caf80b04efd7ef08b211
30f12eddebf7ffcfebfa01f112ef38e005fa0602d3eceee835faecf5d7e9f131
ecf728e7e4f1f4e3050d09df2be3d7fd41f015fbe2e2f02c3224fecbd4dfe223
fe1bf5ddd907ffd6d9011009ffbc3711dcfe10e6e1e7c72327f613e1c2f9ce11
c711fdf5d3e70be620fd060cf0faadf72c20fbe8e4cac9db070a14f1f003cbb9
24ef0e2debdadae6cfcf06ca1ff43d10bed90bdc1805cff328c0cbf9e1dbbd9f
3f0e15f2fbdfe6dfd4f3f8d614fb180cbbde0cfed100f1052320e8f7c9ebb0ce
02040008f7c2d1e22c04f9e82cec1207efde03e8e3cdea191d29e5f2d2d1ecf6
c820e7f4f3d6f8d1f600160b18dd1bf9dbeffdd7e8bbd1e601e8fad7d00a08e3
2c25f604dfc705c0d7e8030701deb5fccde3e0d9f4a3c1e7f3f002bad302bcbf
13b0d4191f111216ff1218f01c25cd06cd15f4f9cee5051a0e0401fc0e094239
33daf0fd17041601db0b2d190d13f400eb0d0cf915bdf90fdef219e3120eea13
04ff04f9f1f706ff150a2717f6fbed20db04160ce0f8e49fefd314da02131eeb
9105dc09fa0519f40203f52c070f212226fc2c100d0cf913e8fb1dc80a282523
dbe7e70aec061cfffdfadb261609b91c174b2bde010cf9e1eb410bf0f3200c27
1ff6ef2af8ff0708090bf2251c0ecd05d20c1509f3d0ffd8d3efe8050e001454
ff03f2cefb031401f7180b001711bdfcfcf9f9f2c6c70095e4ee07dd2313ce18
b1189ece0c0af807eff4e1ff0708ac11bff3ea04d5ed04a4d8eff381010feb83
ee23e4f61d0afa02290bf2fa01f11cfefd0d08ff1dfd1498e20c0bf50626d6cb
0602defc02f9340d0e3f003205f1fb06c8230ef529da0dd9fa0a3ae6f216d5f1
fb18d70e06ecec180df8fffb0e18d61519ef03160a02ffd2cd3dfb1715fd2e0b
111906f0f0fffff1e4130509c40fe8290cfa0100f0f600e7bd281a0efe1dd71e
d41695a51a14caefcaafcec581f6c011bebcd50482020ec8b5dfc9c9fbedf498
0b15d1b3130be2f8f0dff4d2cbfa971cc2d4cd0ce6140ed2c80af6f316fbfb1b
280afcd8ecf401f410fff81cf50c0bf5fa04e905f1e6faeefd1b1efb011fc81e
b80101e6f4fc030500d817e32617ef10c01ae3111e0505fcf2331dd828f3fa43
0f0ff2ffe1041c0cfb0a1612060bc51c2ffeda06191408f3e1f025f2f510e193
f720aaea0a0cc6f225b7dfc408f2e310f2d3db16f20f1630d6fcd2eafcf207f0
d50ecdca07f2e10dfdd0efbefc03f91debd5da0f910909cfd9fce1ba09ea1544
0a01071efef824120e26e51427055205ef15ec02c1fc0d1a15191cdb0a16080a
e5da1c22cf01f4100fe82803430530f9d310c8dbc603eb12ffb82ac8080df716
aaecf626cdec2419e0eefcff041c3b2fc539f8d5f8dbfbc9ecd430cf0b1dd371
0e1911fddbd51b0c27f6080d221bc4400e0dd1f6f5ccd9e3ffe729db0b2ae7f3
2a18fe13dc061d16fef3f6152619b810271de401f1e1fa0c12011ac202041cbd
ec011819f4f14609da15e53f3703e0fdfe38f4fed8d4060526152cdf071e2e03
b2e11b44fa0bfc0df4171f12dc1bbaff25261604cddb04f40bf2f6d70ffaf224
16f40d1bf00b0009d4031f13fe130e0e140012ff28ed18e100fcfb9b0f06fb13
c5001f18e9ff040fe81f0b080409e7ffc71b070a1f0eedbdf8f801db14010cc4
960a0e19e7ee1d02ed360b29f4fa27061312130e280011ff051d0d15160e0fda
be080302ef141e12d71e171cea0ceaece30a0ce3380fffd5d8280604050f2315
de06261ade03f60ee10d09fd0405f5ffd7f6111008b70a06041715c50803fd7f
d80bffdd0b0bf10dcc03fdfd0921eb0fc8fb0dfed6d70be80afb0abc1a04f5d3
0409edecfd0de70df2ebf6f612150f131ef50b13c6f00a98f9eff9c81bf9f7d8
250c10050005071ec80d01fd0f0ff602f20f040afff713c9fd0b0bfd1707f302
cb1a0315e9022e1311250a3009039c17c82310f533e307dee51c23dbf50ee81a
27162104dac80a18fe2a2f0527f1050df72411fa32e7d11ae02327a6f51aad66
1803f7b20119cd15f9f005dac71043f70aec0c13b5f10e19c0ebe7ed0bf0f9fe
d706b08b1211a723e0a6c4b08d2494f53e9bef0d900e03bcb0b9afd725d82ee4
d1f812951100ea15dfed07dac0088105c0e8ec0a020802d4ebedeafa23f6041f
ca1e1a12cfeb210df22f1c470100a901213417fe05dbe700002f19e80d1fe248
1a15211fd8f42016fef213182c0bba0b3332f6f20104d5e4e21e22ca1216dd05
27fcecf8e71efc131eed12f60010ed0cf1ee070a03080317f301fee00afcfab4
f50ce4d1f6fbf10f0df50cfdf5161c1400fc09fb9e03f9b001e6f0cf18040de1
9e020ce805f11a18e7021cfe020f011405fcfd07cbfff5e91712ebcd190212b5
260d2c15ed120519090c07211afd56e51215120ee4ed0df01907f7d7fcfb08d7
32f41745e7191c0620f70a3732f3ea2be8310aeaf1f6df17e4da32ecfb09ea57
c3f1f81ee90126f4ed131b1d05df0825142304e9fee7fdf1060613e7f525d137
23162137000716ff051e2014f400f21dd7070705eef2f4f810eb15f20724f2fa
c70e4cf0f10831031e1d081f0cf72804c90e050ed0f812cd281402c10a01f7f9
f10c371ce90807feed1d121007faacddbd211500c5070a12252c05cc00ff01ae
132b1dfb0ff607d8e3f71af314c8e5112bea2bd2cfcef8a025c504d800f9e5e0
de03f52d1e090cf328300bf70a0526eacee319eb0eedf3de05f5edfc1be7e61f
01fd0f1e1d0d1d06fa2209230102f110f71a20f8e20406eaff1016d3000d04f9
b5ff1eed1626fe29272533faff04e1fe05f92c1fd31d04a0ec23f0d7ff0725f0
e903fcff110d0305d32705eee8ff29e6e6fe0634dc2403e30a0a10f507092601
38f0000d36f5f52402f202fa0c0c1626c6dc2deaf8f1f2e10fce0ee658fdcab7
efd90d48ff2ef71df3ec15f71b0fc8ffdbcf030b17060a0afdf1e7f632ccf62b
d40a05180cf1f7f6dae5dee8e7f72cfcc2e1170ef112fe061542e2ecece32893
b60b19fefb08f4fdf00a09eaf1f2e40bb7f62611d406f8b3012bfcc2d50c2ff6
e01d1a140414fd191b14fae3ea013d1c0a04082af10d11cf01effbf9f7111241
c4dadb2f17e508f5cd00fa0a0706dd30f8fe08faf32ef612fbc51ffc000923ab
34e41b3dff1010e4cf2d1e1a1dff0616f51805fc16fff816210007dc12fed301
d4023a06d9d23a0ee12aff2016051516e4171be400dfe021492b1a030614dddc
39043a01daef260123321e331fecc6242b2c19f4cbe2f1bd2f1a36d8cc1fffc6
c6030f2f1b1c041e011007060c112e25dd171312d0091a220cecf0ec0615010c
01eb000de7fe21f1f7f60d09f4f5eb2ab5160df31340fdbe0fc218182a1107c9
2cee1a0af71214f0f90116ff00f239fd9ce8e40b1b2b08d1f9fde6d502f7d2f6
1c1229e8f9f81df904040d14fbe5b318be02f32321e30012352305a8f100d9ba
1bfd16f507f4000adf221c0d11f0e113db140016fee8020525f809d9df02dda3
06f1f30b1012e4f6de3007fcf110140bfbfdf61bc7f00fba0cd9f3fb0af2f7d1
291722e4fbfd11dd03041322dde1f41cf82f10db1e15e6f926e61905140213f4
cc191deeeb14fa09dcf41011ecf4e70c01fbfee9090e04d701f1f5210d13db98
d713f1e1f4fe0308db04090f02fefb21fe0cf421e70614f5092120bcf60ae395
12f302f61e25ea131e0b070018f8ea0531eeed30dd1619f7140002e006f0fbcb
c8e8ec050713eff30b2ffdedeadc450af3d5ee1cb316fdee25dff20f0fefe3d2
ba3632261f110de5ccdd1f1b06dbf804e5f3210c130104efffcdfdeb1500f9b3
1b09171b000400fc0ff3e60605df3cf8ddf61110fff40b17ffd801ced700010f
fdfa00dfeaf4f6f2f31adbe80da017e3fef91014c105f0acfef4e7ffd9fed625
1a10f9f9fbed04171914f21202cd3205c5e7231210f8feb61f33f2e2121e14e2
c8ea1a172df42d1625111f0d1105ff0ecf2e2622fd1a0afef211f0f20ff7070d
06130d1f2317e901fce1140520ed0308d2d8270f010fe9f9e71f00f103f91cf5
fafb070afafd0f00f207001303e5e00efb1e1deff3e8e1d3ebf018edf1ede60a
2cf1f4dcdced0900160df21801c3bdf3fe290de1def5c7fcf70f08d8ed09f3b3
cffcfee6eee1110bdb1711290dfd3524242221e4c901f2afee380102fc3af61e
1b02070e0fd521e7060628f022081c0929f10cfeea15fbe3f628ec1ff6ff14ca
0deb0232081ae91011e7f3cd37031ff9ead6330804df0d04f3fee5e8f6f7f3d0
cbdc00f1fbdf2204dc2efa0009e84701bd1d18d61ce0cdffedfb05df0406d514
1bd5e6ca8cb51912c82cf42b08fafedad535ff85eec381f005f616fde311d9f1
c3f6f1eeecde12f8ce15042b0006f117053716dfed01cf36ed110d0fe71e0813
0318d94732fef6fad4f2e70627f9b326e50a01d80b20f5e7f3fff70507080b27
cb063e3cf31be2e80ce00ef12dea37e0b4cd0c071c00010c00f5e4ea03dd11e9
b5f413fb13d102fbd8f50f08f9e3b0f6c50d1410ee00effdf3e3e7e3eef507b3
01f6f4bbdadc03f3e5f1ed03eee447f02f16010319eae1fdf4f9f7fdda09cf37
1f0afaf3130404f6fce0f0fef2ece110f90f08f7f0f1e1120022fd11f211d913
cc08092c2030e9fe12dc0eec1b0fbb04c9fef700db2d0ed90914faf710f521b6
241553020e20ec15f8d42804f90505c9a8f00e06101ffd0b18fdec011ce2ebc3
400efd1bfaf60008130911210cfe33fcf3250a2217f30d2325ee0b0b0007fb21
e402fe02effe30eaec15e31104f4c815df2f3016080f03fc04e2252be81be533
34fd1a0f19010f08da0cf21a02fbc114b8051f1cdc0ffde705c91cfd0a15c6ef
15f822fc1520fafcf9ea0fe22fffb9fd250be80dc21ff9f424d102f805062c3b
b6cfb9f1e5f41fc7e105f90aefdea6cb9619b303d40f0303e1d6fdc9b50ad132
18f5e00bf8fa03ea0202d8fdf8feca0333040801c22504df011216dfd90f1058
d004f31d0a0bf8e2cde2bee500f92818f30510dbd637110f200113c6d2021d09
bbe70225f70806ed0d0ac4fd05193a1ad7040c010a1b01eb14fb23f2e7181155
37db043ef410310e0c45f1381e27453f442d3004d419130a1a111ff0f637ffb4
f0f001e5db011bdbfa01080fd0fbab0afd20d5fc0433eadfebcaf6f7e70304f4
caee0bfcead5ec1410e206ffef19c60107df11e1ec1ad01c1303f7da021420dd
06f10809f6141217f207f5f42bffc31dfe141dd4072a0e171f1111bd270b0a0d
9ffeeeffeb021718061edd10241622edf41a0808f92905db0fcb14eb101f1ee2
b9df072606171537cc1403111431eeff0f161afce11924e000092adf10172ff2
d01228e7ea021e0ad3f2fe27d415fd0cbc0feaf11a28ff0aef0519171c05023d
ba222ce81e1113f3d9fa2019c7203810f305010233100e1e02de110f201b0396
ab0bccb71b20dcf300c9eccfe0ef26e4c4e9ce050e24079f0b93dae3f9de1eaf
b910cba8fa1201f4dee4df00d6fb39eed0fbee08000f089bfce8fffffc032bf8
e003e804f21e19ffce19ea23f002bff0f12b1518cfec1308122f29fc0d230ca0
dc1a28d9f71117fcd60ae81c22eacc0cee11e8ec110e0de2350200d70cfe19bd
e8110407021431ec1f291542fff105f63522130f04190d0e15a019be180e12e0
200ab1ebee16f4f9ecf5fffef9da25f7d606f6fac11906d51ce3eae8f8fb15cc
e002d303f60cfb05f1ebdffce80b0e173ef4e40cd50712d6ef11fe0015e80cfe
a128ee2fe30c242cd616f011d90cf81d03f8ff04b8efeb12f62429f81824e8cc
070b3610f31530e3f424133a0be4c730ed22fb2501071c0f0a1a12d2fd0f1fb8
e1020a0afd0f2a19ee241b29fe1a2d02c3190f2c19fa0218fcd20be427130345
06160c0d0e0b26e8e12b1a1717f031f5dc0efc05f0f1f5d61f240ee81625f600
e8230217111822ffd70eff14fdff000af90ff80406fd01f8f8192cf20f22effd
2248f302ef072509d412e7ffe30ea83fd21006e2d3cbeed5fdde45f2f534edba
30f21ff53b0fb3ef16d3fabce4e4a9e7c9b20803041a12e5e9dfbbd401d2f42d
c5f003f5080dcfe925eeeac6d3f3b3f734ce0af50e03f827dee0c4d7f2e6fbde
ff05fce90afdb3ef0bb9e4c2ecd82ddb36c11c041a0ffaece4fbc0d0fdce0eef
e4ff001121dbbdd7d99ceebeddced0e6c5bb28f00df9fb02f409b7e900db001c
c7ec1c0834efbffc178ef7cde4e619e22cb52312e90422f3e811a5eafbc20de5
0ff1f0ec2612cbfa02c701d906db2bfd17d800051104fba2d2e0e4e9f3e641af
dfdfe8f30715e41602f1f7ddf5e6fd13b1f30d1de2f9ed04f9cde7e9f0e2102f
2620201005e300dbda1819f411d4bc092d0a1df9f8c7ec11fa3d2500cc1e17c8
3d081f1b05d1c1cd12d40fd817d5d8fc04be17f206dff0e60a0fda0ac8ebfd12
d3eb011d15f0cdc9deb4e6dafee6cff20fb41f0412ef00ecfb18c6e7f7ca402c
bd0822f31914d6d218ca0dede4fc1007e5e2020b0e14fe03d4ffe9dbe6f738de
280608ff010102ea0ce6f20d08d7b114c3132d1219fdeee4ece01ae4de035cc7
c2314705dd1123d41922f323ead8ef49c7153522e3e7e602e82426fddf2340fc
b61b29fbf6e01fb6cc29f205f49a3e20131f27f2e6d1f60be96608edd915d809
02002dfc23fedfbde3d8d4ddf3bac6f4b8d91f0dcdfde1ebff48bcf4e1e13c28
ccff13061306ffdf29af050ac9ffe708f6de0e1dfe09f2dad9e4e0f2d0fe069e
eef8fff809fbf0f826cc0feaf8fc31edc9e2e91813f3efc2d50bf7f8fdee24d5
e61843def306fdcd15051fecffe8cb00df0803080fe7f801d022f3d3d7ee091b
bb0a1be6061ef6f1db111be5e0f9f1f21ae80af5e9e8e9ecd936d60df1fdf43c
fdfffbe60310c7d5e8b0e5f2df00d6b1dcd703ebe930ed10fe2cbff4e6db3343
c60304e9271dd002d48208d0090c3af7eabc1f0ae80800d5efda9f10f9d52635
3fff11d62703cec516a607befedfdee5d3cc05fd18ebf7f1ece8ccddcde32fb4
b9012ada26fbf5cf28c91cede8dced132fee140c1b0fd609ddf3e40f8fdf3cac
31ea0bd51515ddd7e8c9ffded81ec2f129bc02ffe108c825def6c0e7e1cb0c38
1de903010f0fbcd31981eacdec0e0bdbf0b8f9f6cf1bf5f20beab3c00db23c21
31ef080cfdff3528cb31d83c0234b510c53f21e4fef5e5f20fb231c81f21b5f2
b513d6fee9de2025f70eda02de36e4fe161bf3d10013d6c325ed1809340dd91b
c102caefdcf62a0feaefd812f920b00c0314f0c5dd02e7c81adf2f021214c50f
b2fce1f5d0e9133fd904fb23163240f7b915e3b6e5f7d81e12cf22f83114e3dd
c11604edb9e41b27192d0239111b12eff138e8a30a2de3251cf42ef2232d1ed8
cbe6e803080cff1ed1050009f41945d3d70bfcdbdd16f3cf0bc4f6fe17fb00f2
c003ec04f2e7090604fcf81d070cb7022023f4e4ea06ee0f17e20ed2ff12f33a
f30bbff8daf7131ccdeee116e1184907e8fcf3f3071cd8fbfffe0c0b1418cec4
0a1af205ee170c210aeaf214f408d007080dfc04001ee113f8ef06111208001d
bd151e24c4e72022e1300714061aad05e42af8c21314cad8231e0ef92f0c2c09
c5e7e9d3190d080c11fcf4f9fa2fb3e60cfbf7eeed0ecedf05c4faf8170004f0
e6ece5c80ff9fd08dbf21efc152403e3c400ede6e4f9deeb04ccfec10af5ebe0
d3eadb3309faf741e7ef0ad92e313fede5dbfe071605f410f2e2e7fb16ebdd41
a711faeffafd011619e4dee7eb16edfecde8eedd120be511f10905de0d03e23d
d408f0f9edc701110b06fe01f61f41ecec11dacbfaf3b4dfeaf9fcb6000427d1
dfe009dd241dfd0adee8f00b080c2fe4e0ffe1f8f615e50f22bef8f91502ee35
21e3fbd5fff4f10b0eebfdde1f0af9ed3ef1e0f0ec10f6d117d806ee1af6f9b4
24e4e1e3fe04c811cde800d224103ecf01c8cbf1ef0108dfe3e3ffed14f211b9
ce05e4ebf3ebf00119d5d5ee08f5dfcbb9f8d0de04fdf6e7ed1501dd0cfbedf1
12090cecdfd91dffdefb152208f510ddd401d0e1fce6cbe1e01110d6eef91ac2
140611df0002020cc70dfc12f112a9eb090df2ffe52ae8d81cdefbe91af8d6f7
bae402f0fdeb07051bfbedea0cfbf9e51af9fbe4dd06f6c02fda0000fdfaf944
21dae0f7fdd50528de02e9fd0e273bd4f7ffefbaf408ef1510dff7fc23fdf23d
c0f0e0fa01ed0df61af1f00f0af0a9e71e15ecd4eb00d2dcfb160311f012fd47
df0b00ebecb92d03fbebfd181ceedfee1423fbbad2b5c225062718f3edfdefef
16eafcf7fe2cd8f4eef200d61dfdaaeefbf7f909fd0a1418200c01f705ec0508
ca091108062100f8d4fa0ff40bfcaffab40a0202061b0cff0d53f2e5fcff001e
1e0621fc0a0bdb30d4f435fd0efddbe70de4fef1f2d5ea230a2ceee002e7ee97
35101e201cff00fbe41226e208f11015d7e30a03fae8fc1b0f4ff6ee08fc1316
fd1d1312110c0afa191316fc0ef80015f2f90116ff2517e60d3305ec0606ffc5
dbff05e3ee03ea041af408ed020dcafcdad6f7192a0e01eb011911e1fff820c1
260a15f4f904fa08fde90906fd15ebf00a012812021cf718211ffd001ee5fcf8
0bec29d5e8d526fc0a202533131dbe042c24ffd7c6e2dddd07121ae8fef89bc9
0cef2cf5e4ef0ef51a021bfd09fe3314f00b14e3f9e4e116fc00fc23f7fbf6a9
bd0707f3f8ed09f61e00101c02edaa14c4f3f926f90007140412f01af7042a9e
c8f20fe7d4e7ee081a0d15eee7f5b6f219000923c801e91dfd13e9e6f7efe701
d5ec03d9c8d91d14effcf5191ff41bd6da151b06bcd7c903200709d1f501fafa
cdf20ac79c8c351010380549290ee4e30f3007c2f9b79af702e02cc3f830c527
c8e607c8ceba140520020509fc05d1e8081317e0e1ebbd1fc8d7fb03f806d0a6
c6f22bf3c7db0a0221011219fb062cf93a091209d4ecee1eecd9f62909f7d42f
d7021728e0e801e5ecf81908e1f51a061f1a0d1f06f001bbec0bf613ef05de12
e2041a0802ddfef5e0f80a1e0905a9fa13fb0509e0e8f6e0fb0df4e9ec03f90f
cafa06f1e3d5f60b1e0814101603d3e6a31ee8e810ddcc01ee09fbe2e8f9c1bb
b7ed0be1091607f1f51305f50dfebe0b210608e801f3e105eeeef7dfd803c9bd
d6e918fe031ceff009090bdbeeed20dd21f1f805ea17fdef0c16d6c611e4b2fb
fa040a1204201503e82b130d1816d0082e16fafdf108020c1bdded0304f5dbed
401efe29001105062d0d141201fb37210a16f909e2f8f3ebfa0112c5e413ef90
ed08fd1aee02f22d1ef80afaef1bcde8aeecf5faddf2fe8ed027f4c405e0d9ea
c30a13f52a2a0104e0f7fe05140bc4f1baebfc05f61305f4fc10dee0fdfce41c
281a08fd1e0c0fde080af3042107f1ea2608d2f0ee1ceee50d07f6cef5f4cdf8
16251fea0d04ff02d2f81b06f2e60018c703d805eb040fd4f6b8facaf60e1dc2
2c08e5e1fef5f90121e5e5f600f1bee7f3f5db17e225fd9ff2baf9c8ffe63650
24f5e0eedefb1209e501fc080c03f9cabd0cf60b0114100f0b031dddf9fa2eef
d1022d22e80a0e1b170a2624280837a0202df7e8e319faddfc6c00e3f304f11e
da0a233ef0fc09080b27444646efd3d0bc51f4e3e50ed50d1769fd040e1f95e1
bb0abed0120a080c231114fc08010d14b3f7e1febffa0ab40aa808cb120a0198
25ffaac107040702e905cdf803da16f23cf1c6f8c009f5a4f8ac0cc706f3ec66
cc16cbd303071001cc05e60809fdc9f9dd0ef3e70f0601141de10cd80305059c
e0273dfdd9f10417d11836281bff22cdca25edfa00c3dad9153b03e00311030d
d70c0913e8f3e537ce1830050f1bdcf18b19e7f1ee03e80cfb30d3fa4dfaf114
bb13d0e4f8fb0d0af4fbfef6ee162223d2f5f8fbe2040ccefac606dd100afe1d
0806aaba170f0001faffc2f5cdf9ca0fd8d1eafac62204bef3a4feb913f2f5ec
b218c7f61a1901f2e911e9f7ece6e10fd0101600bd1f0d0113e9f6fc0ef720e6
002526f2d8c516fae426342111e5def91228f3e60bb8d9a8091c03bceb2be50d
ac2705ffc6c9f523fffc1df3fa01ab14eb12e5dcdfeed912da32f4d712fb30cf
b40f02fa070712f9f1110013f7f79f15fa17fcfbe40608f30fd10df91501d3cd
060bc8e9100d0b02ec1b1afff0ec1f2033f81509d60b06f711ad26dd130bbce5
c611f2e3050620fdd1100f0c0d0e0708f806051a0906071725ef14fa13060bb5
aa2d2004f4e81bf71900170a08eef40cf51cd8e928c8d2cf062e10e7fb1d2548
20200404edc3180c1def0d111dfe1cefef2fc4c801d9ceeef03608e7090320a1
03f00a0706fc03f7d2021ef4f7e9a4e0effdcff8fb1510bd10e5fffd18e7c997
2709f4f4131cf5f2dff811f2e302e30a1cf0fc11bdfe09f0f9980fee12faa723
a40ff607070d3303e10c0e0cfafbe7e1231ce50de0f40ce21c142dd7110cc635
291731050cfd51f3fa1c253303fa01f4de47f2f602bbdc3e0b763704e62d2e21
ab441efae3c6520e272f274e041aa3ca9d62d3eb0789b30b096013bf121d2bbe
ca0c111901eb1625da2a0128fa1de31ec82328f3fcf2c700fcf02491201dddc0
ddfbf4edf4fa11010917f517ffffdafef92209e9e3efe4e30ce916cb0a0cd601
16e9eb09ec151e1d2224d825f81af0f5421ff2f8f5ee02df10d62bb7160df3b5
ecf5e2fee3022113d216f21d0f102b14d9272508d9f60abeff0d26c30d0deefc
e80ef7f7cf0a141321280923031fce0d19151afaed10f122030618e5171b1438
d6e8081d06f21e0c13160b16da13f106004314f0f6ffd8efff1c1fce1a2addd2
4105f8fb05ec1c08ee13e615d3feda21ac1f16f8d9fcecd6e5171fc40033ed03
2f02e609e11213121414d116c514d70dee170af3f50815dad01a0e181f10fa0a
ee0600f1d2ed1309f310d507f20e1d0cbf1912f0e6fafaf8f00f1bc80d04d416
db02fd33d7fb08140f2bf010f51ef30f2f0f20f6c8e5fec9e71116d9190de9eb
09e1f3f6e6f2370c04130528ff173cf8ba2bf2e5e8e3c70def102df11e19c74a
11e9fd12f3ea230ee402180ff907f713ef2303f5f0f4e8b2fbdf1debf729de1a
d30efd20deef262815190f1d1a182d03e918fe12d6fbde01e7362aee1d22c2c7
b810f7e9fafd1215f609daf4ef20b6eb070807eed20bffeb04171599fd0805b1
0f0904dee5f50e0dcd15faf9131613eec318f1e90ae6e8d303031cc31415dcd4
daf509c6f0fe3d1ed521012513190711182bced127dfd3d5090022ea1b0d98d6
e90303bee6f716012a1b162724f42d06da29e7e4e6fce1e907c326e9ff1be5e8
d3f905e9f7ff0a2024f6031c0b1bd2dc300febf6f3ed0f0403dc0eb61501c5e2
d8fdf0f707dd15101e03e1121e1a9ffc3523eff002f0eaa918060ac60a00ddb2
f8fdfbe8fed71b1cfd05f91d181ba5d24413edf6d9e1d4ff090a09ab1d0611b8
cd06090000e52326153cf424de1cf004180cf7d0fe13e9dc00dc24d1380baa29
b40de6edfbdb1020e029fb1cf516d3fcfa0fe7e106f9d51920aa26fc2908cd24
07fbdb30f2e21127fc07d21fe91f2201e51503e8cde4f2f41cc00f192a0bd712
c5f2e2e8f6cb12131015da1e0f24e5f4211afcfdead3e2cd17f007131312f928
2b1e10f4ffd529182513f515012ff6ebdf2a12ef07c2d3c80b2b18111407fb2d
0f1428fc12cf1a4d1cf63e161c1cd8fade262cf1e610e7060de5efd0361351ff
d83e212917e7ed4b15103323e3f6daf1ef2c13e4f71f27103bee1ee62e0c1206
d73d26351cf2d92814022408f4f80aecf12801e0ee220a2fd205d2f12809010c
f428221e17e7092418d2bd141a0d3a02ee2d2be0e11bc00d9ff9151241000023
174233212310cb3313e2c4fbfd3b0cd5b4257ce2df34c60815f1ab304e25f627
de24330a16f5f20510faff03f30ada1af618da010e131501dffca3fd0a0929e9
d634300333feec0a0ae904f20820b8f00524f9dbfb31c31ffafa4e142702f9fd
0b182ef04df2c41100091cecf12ae9c1e2180ce2f213de13e80e0e2603faf9e6
f91d1aff2209c108030af3250504050de51209d6e527be05360c3c2445e5fdef
09290b0c2a05bf0c0605b716fd00d231ed0248f2090ee9f425ffecd41efdf8fd
d71b151119e8e6d916e0c80dfb04d33bcf1804e70434ca23f90132f1fc0b09ff
181d0e031101ddc708dbbef7cee7fbeae826f3eaf91edf1426e5e0072410f40d
c11c1f1821d8fad101c714cf14f51dc8c431d0c1b12bad120dcc2acc3404ff1f
0d0914fe33d9ffe91eef38fa0100fdf1d70402bceb30d21abef6db4f230a291e
0f0afc1b3917dc0211f5d802dff1deecd60544e90710d41705eab9f314081b19
db070ffb09edf4da0424150023f1fe4afafb27d0e419f2e2ab099bf8fef0d603
e6f9eae7e700ddd1f435cf0823d6f61130f0c1d9f9dd210419fe3ede0bffec0f
11ef00fefb0ff9fe021afdf21be2200a3c08cae9fe160f13cbf8fac11f200424
f2fffdfc1f0ae60218f1d00310e8220807fd0100030bda060ee41713171f3414
d82318203411cb0a0d0e040bd9f20ae2e00022d60709ed1738f0ec07250612ff
eb030df10ce6e5df0520f20104f3eef9edfe27e5f2e9f8c3ee0b991209f7b3f2
08f3eff3fc09d50bff030107dbf8e9190104dde1e5f2c6ef04019a05f8ebc3ee
f9e1e4e2f326d02b0a11ee1a1b11262712f8c7eee8cffdedbbf63c19f408ebf4
12fcfaf60707d01707f7da08ede724f9f9f609f3f7c6bfedb0ea31db081209fd
110b0cd3342ccd140eff430309eee2cfe4fc21e9e4f3eef0f9e8b22b21f62907
fac3f6cc2ed606e400e72a2401e03a3149c3080d27bec204e918503bd9fde2fe
08f602e546f027e6e8e51e04fef8454407e60e1524f824fe10f7e01afbffe912
ddf915033910da080de9b0fcea273f5915f309f800fdcb0eaffed4c5f5ffe31a
18dbf8f83a010df206ec0d0bde09e95f27ec080911f9dc01d016e70ae8faf109
b7ccfae43ace12e009e4001021dfce2612db000704e1feed21fd8ce9d5ffc80b
22f00b0a29c0e1c60a0f0816b60a353d35e0f7182df2bd03350a19040703f302
16f7f50430d605edf907cd04e70f513322f10f324cfe110c3c0acdd3ef1acd17
01f8f10406cb0d0a03fbcb0fa72d49eb1803f81e2bfcfc0ddcfe161e02170130
fee0efd216ce03dcf91e3f17e6f6f50c3ae730142ff0bfe9111d2ec9e2ea030a
b9e7f9ee28e5d1cf0925d60fe0e4e7341ce824152a0de5edee0d4ce5f2f9fc09
01fd170b33f5cdd5f5f5b51600271f1917fbf6062002f7fdc1074dedfef5e9f2
e4fb031310210afbf2c23917f61b7ff217e812fd16dcd4082601a81dee03ec2f
f0183965a1af422d19c0e62e034650a0c12fc1d0b44dde2fd4c61c20453a4744
d4ebf4faeac9f7d80313cc06dd25190a2bd9e62d25f3f0113c2a14f7f214f715
0df7fe02fc06b4e7022c3a0ed90d1efd09fb090e1212e210f70f18bffcfc00fc
d6e812091ed2d9e6f5fe3a0ed7ea231824ed1a284ae2ef050dffdffc0610e601
01f6f3170516f6fbea2218270fff200d2ff115252cd8f6e93a1415f31704f200
e9ecf72dbf0105e7080fd539132841131ef1f1291500feee0107cefafc26f506
11e701fdfde2efda18fdb60920fc082134dcd92f3611c4f610154dcb0907dc0c
c3f71ffa0608db05fd49acfefaee2e192bf3092a3509a307fe1e53f901f5e5fb
c6dad8dc180de01aeb12261bf0e81f0d2fdd0c2931b8f3fcb61397e3f60fd61c
cafcf9fd1512f6e1ef2c121327fe0f1a26ef28282ebf1be2cb0a22ed061ce6fc
04fbf3100b15e3f7ff53c50df52066272aee001830fab6ff07f91fd3fe1bf1f2
d808221a0e02f10dff37aef028ed383c30f5f3253b11bbf4e01f43fa1211fefc
26ff16faec32e900123604ed1ef00a110cef0a3010efef01c515e8d805f5fdea
edf906af01f101020ceb011003e4c9cd1d04162c3405bfb1b5f9dfd6cbf2f305
df1317e0cea8eaf00bf14208b9f4f2fd022512f5fcfca9dcbeec1e2d05ea05f4
02fe18e3ffbced1312d63b01f0011eedfb1ce403e1f3b9f52ce6c32c1601ffeb
26f3ffdef1f6f30f0c0befe7f4f017d80d03e51019f4d3e5e1fa4824faf8dc06
bc1b1ff42afaee471315c9dff634e625fcf61d110016280929faf31a27f91b14
d707ebe303f5efebfd00fdddfdeadc0b0ff7f12a19e700f402fba8efdc0e23dd
faf809cc07fcf4dffaf2fdd3e302f2e8fa0418f0ffdbb5ed1bf3c1f10e21f90c
e7e8f2d41bf308ebfef6e6ecdbedf8f1f7e615e2e1dec2d8b6f1af08e703e500
0d0409de1022e00114fe1e1825ff0c03250ad3ff24ec19f2befc0ab9fce0edfd
1d0c1308e70cf514160be6ffe71ec11b2b09141320eb2d09ae04ce0605e40d0b
350908efeee624e1f4c5ebea25e7bc0ae1f10b14edd4cbf5d3e8a7ebc510efdb
2616120ad31c00f5f9b113e603e1e7d7d40fe4bae7f8f3f6c8a613ff0702ece6
130b0b19c70317d5e688e4b7e8aa0fdfc1fdabbbbcededcdeb8ed3e00905030e
3bf5f9ea0dfaf220030eeff50efb0512fee11b030401f6e4f00510e70602f80f
15170718dbc6000b06e6bc0307f0d602ff1208fdfbfcc6fed4fdf2b31a05fd0f
1e03faeede174801f5f4e6fdd508e5080cecd31a02eef5f2bc081112dc0ee602
270bf0e0c613f9f7fcc30be8e2f914efe70cd3e0e40d09f92bc8fd07ee07e600
03edfbfeb60e11f4e1c89fc4d9d22be5e1ffdbd9d5efccd02f95fffcd807e91b
f7f9e9e8e702eff1fb0725fef800ec180df6290911f8d3f709079b23e3031c0e
b1121be8e6e42b0b10f5bae8e5f1d11c150e1e141d03dde00d0a1a051501feed
d7f5e4d9ea070ef7fb1239fe0a04dffd25e6e91221f8a5fbf20bce06dfdd9af1
cee5edc0ebfe1aeefbe91411d508e5f207f7ec12fbe30604beeea6e5dff6d4f6
dfcff1eb030203160ffb1bf9d1fd122006f7fd1200dce4ef03e9e7c6e4f5e2ea
da14fad5fc0302050420f518d5e609132a0420201bfebb082efe4a0d08ed0016
ca2734db3b14ec2721f1c7170723a0ee2e1bfa2d3120fafe0307d2ea3df14f04
1f16001e2de7fe3bd731dd4803f9ffc7f926faf30d01082ceb043c431226f20b
10040ce926d4260ad716e40cedffced00b010d0704d152cb0811bc1fec35dd27
dbe6fe0029df39ead823fdf0d1ddd7ef1de71a1128d12adb071eabfaf032ef20
0ef0f2f6351c3bbcff07e1db0dbbc9fc22beee1130d5e6fcf1180adac309ed08
edb1a198132811bf10effad401a503ea229818dee8c327e6c2f241e181d4a2fe
1c12110526042118eb35282edde0f0b20e0b05270eed0848e601b944f02404f4
130d1dfa2af4241de51aca2f050deccf0e0b110f0ed604d2eb05cf08f018fe14
faf7071009f8240fd5111704deb7f3c406f5fb050db5f6bb260ead01e20a02f0
f2f6e903eee93600f2d001c306aeeac606ebd61009b9b7f81c108f0de90009dc
f7e0d8e719020e0e03e0cdf3ccea06011ede291b16d2e2e2c404e8ddb4eec6c9
271e2bf2fc2325ec060a331403ff0ad3fa1cfc07f61911573911ee3ff32cd1dc
2a153bf7f9281a1de10e3e2401ff08c81904fa10190be80d1d0cac2df516fe0d
c80812fdfa05f12ec70ec835cdfcd6eb1dfb0a0610a004c932094201defe11e8
f5edebee0017ec27de01b4d8dacf17e323e6fe0509a7ecc4b4091acde9eff4b9
e0d5ddf60b21e539d7fa37e9d60dd3dc27edf11e11d8b4f5ec18e830f9dfe8ca
e8fcf3c9dc3b08acfeb801e20f0913f1dffffce0d8e0e5d4f6c9b70fdd0dd0d4
e5f60ecfde3dfde81cfbb510dc0b21eb05f1ecddc418a30a15d91dd1f50b15ef
ea0402f81936ee180c1ebc1d0401f4071efcfd06efe9f7fb1d0755d602f7f4f4
f0f707f71225d637f5083206000341e61cf4061011c9afd9fa0beecd16fdeb06
ffcae5fd1e13bc42e0ed45070b1227d019f4f91603f8b8f7b716d3211cfbf512
f2e4c5d0f40e0781d49ad2b7fb0436bc09e7f5ff21c9dbb632c02904d6bbc5c8
3000f602f623e3e913a41fdb1b132c98f4e9d7e2ea0802ca1be01bca05eae3cf
e8090e0e3f1fcc19150c1b30f5f4f2d6fe04e615dd091c1b1605010529dffbea
f112fcec2325cf32fa122e15fbe437e1fa03e726f8f2bf300b0c5cae1f05e007
f609f3152bf0db5ff9f3be200fe648fef419e9180304be131f15f7a7322fee13
d51b2015023e92ef25aaf8eff30619b9da1588d81336eec5b60ce22a18fbeae2
031df40be645c6df08ccf0f3d22b25cd1817ebfc091d15e515fd19ea0ef8d9f3
0c1801f1d816eaf9031ce4120f412b1d09f1fd0104f2a90ee91634eafc0a06fc
ce26150cfed6c2fa0404f90e1b262f310012c4f50e12f7eccd26e43a0d2117fb
1e2314fe23e5c0190c15c3f2e411e72609fcdeff0ef10ae23128af17f22b0001
22322423d318c8e40ce6f70d110b09200d32afe1fe38feecfd120ddf28166bd9
c4351006f513e60509edfde4231ff804141e07dd0724c518010295e922003ae6
f6461bf9f8f8e3f90ee6e906e40106fdea29d5cafb34f107ed1cc327181418f3
f82b2a11ddfecff600e9350bd80215231625d4161a2dc5e4aa2c9ff9201a51f2
1e0c0a21f016d1e7ff0603011a3211162cf1f2353c1dd1c42b1ab915042a3701
d81c1b3dc1f70a08f3f60224ec19ea14f621f5ead72fe412a1152dfb0b1f10f3
263c2e0b00f02105fde83410ff20ebfa0627efcde24dc232cc082c1e2afb11e9
f2353e0ef5e311b101ee0ce809f3efe00737e1bbf93ce618c122b2c31afb0bfc
d72c251a31d40ad30de9e40d000c25e9062417f2dc43d7171e1ad20f22075131
d601ed16fa01fec8f60e181cec0e0c2331fadb202304e2011d29a6f002203e0c
281a0628d223201added2e1ddf3be21ddc2cf6cec832c428cb0f56d9161cf914
ec321401d82620080b04b22c271f002df142ccd8df51f6242c0099b91f10e61f
e94b370700073e0014e226f6e2211de0fd56b8dfec6ed126b50222b11cfff014
d418281bfdf714eb1aeee00cd02ff0de0222f1dcf91b121b07f499f713f82822
2d270e1bd52af6d20d162005053cf945082120e0f61fdbe2bcfa51151115f608
d73a1e1ab836ae1f1a00b3fcfd3d23120613c2dae33e00ec212309cb2c07b803
081e08f6eaffe601f8ece911241401f4f81a8116e91324d8031edccb2201ba06
f71efe00f0eb242020fbc60cfb240609ff30cb04f734f32f10fea9be2c16c302
14282c1dd7ef0cdb0ffd0238fa1df11e154f17e5103ec41dec0ca9ca2b090cfd
de23450cf1efeead041b3efc113b245a363010e5200deecd16ee98e1401f0701
eef3f8fe1618f9c90cf0c7fcfad2152a15ded0101cffbed2b10f0bfb02f926fd
1e110c34fd020cd90b122d13e0f63e23f6fde8020b10e003b3072d383f090e12
10f114f1110c00f71a14e921f9ee0219ffed121305ecb803fa0a212708070500
19e7fcf2111dfac71be8ea0912d9ef0d0bfb050509f6c8f6c8ee9ac9f6f6f301
fb0bfc0d0b0efe001afcc703cfe5e70c1ae71ee9f5192418140b23c105f00bfd
d3141239facf2febfefffe14b8da2a1f13fcdc1815fe13ea1107bac2171d3609
e52a1d41f8ec06e0ff033c15c3fd32dbfe2fda020438d41ed2f4002849130813
e6f71d0803ba20f9f9f1b61ceff406ece00af418fb06d6f2a9ea09d818180424
f70600e7faf5fae4fefdbf11d0edf2ef08f103221c07c6fc09fdc1e404f70309
15f6e819ea2ff2ddfe081f1c21dd12d714f808fa1b36fe11d802dfd006f618f7
bf0727342aba56d113faf508fef21cf9ef1afced0001e218b3f5c2d21126e30b
15554355eadd020919a03e32f52e6eb1e171e7e0027e053bdfcafecc5bfb021a
bf4c575683b94b29fa81b41a1539f7c794600295bf66f019e28fd41f68052d49
ccfde6e31ab12706fb010222c91812fbc8f9f4f9fb1ff230e1f93009e5f21f26
d8f4e0260dfe0d03ff15ee00fb0904d8f4f4ffe90d10dd22bf0f8efb200c01f9
db15071b08ee280f09ecc60be11d37e501200bfd0137cb2234e803d507110d11
2f523925d30218fa30c7fe24d52f7ad7e240c2d9e07ff22e30d5e9b42e1b0f10
ae433830b1bf330e11cf2206df1f6ceff85e01c6df7be72104c926ff450dea1a
1206fb05e3d10fff1306e02e9cfe1703140018051a18e726320aadf806f7171a
c2f6fa03f916f2180b050e13cb2a17c713fcf10814011efed00804ea11f515fc
bd00eedcf9d9060505fa170afafc2ee2260ae3021834e214edf4b1e102d4d709
d912091710fee1e91efba600e6f85cf313fbd51b1f1e09f9b7fdd60f0f00f8e0
ec1600f731f30a0e1f42cd1bddbb08f916fae30b140515f80d15d1eafa0af3e2
0d15fd0f0ae6040a0e1e2532f9bdf0f01f01e21812fd21fb0d07c9f80d021cec
d10806f7fa17020b0f15e707ce0bd5c5fd0a121ef314e6fce206b5ca20fc1807
f61a2f1202c0d9d12af7d20a20011fef0a1bd92cfd0ccef810ff88041b02e2ec
ca1013273f15dd0e15eafb00190d2ff925f10e381f0c81fc2c08411f13fdb80d
0a0b0f1f2efcd5f9ffdce9f3f92a174a33edbb3347fa0207b70d231a1324f815
d0fafd1b49dde4220ad918eb03f6073c4808d53e5d1920f5e613aff32316f8e3
030919441f11d8130e0fe2f2eb21bdf32314f2282a2fdc0e1709fe411c37fbec
0a083cfcfbbcdfb515ead8f6e21639244a00d9322a22bfe2e60795d516fdc5d1
d00f0fec02ebefd8fbddb8d9200c29352411e2080b02bad9ed0d1fdb23efe8f4
abedfa1406f3112207db0ed4f01d1600ff19d217fdfd12f3d4eb08dbfaecfb14
81f4f22333dddc0eff06a1e80e090cf002ebe3192f0129fbd91ae43cf0e80103
0d08122e3af9cdc01f3bf5fed21bde0441f8e84353f5dafe2905fbfb0230f7dd
e40cf00402cae5c801e0dffcee0b31185efcc4304e31ddd8230381100b0cf9d2
ff01faeff5e814deffdadff204e042181b07f31d230e03d6b704eddefc17d9f6
baee03f50af407ef1321c6f1f8d807e20ef425190ee7d2b7db0e1a04fdeef3fa
c4f4f4fc0ad4de03eb26f210f9f71cfefef91817020a0118b9fa45fbfe0f0909
fcf811ff2d09dcd803470b05c6150a53350bc84c3f06fefbdff9e3faee2802e8
13f3f50122f11afcfdf7321efce40110450a084239f8cb090df8f420f9273300
fce900e60df50c28e6273af815ff3c0e0eed331e14f1e1e6cbff1c40fb0920f2
cd0f120fd6e6e119fa2dcb1bf230e816ee122f2af810dbefbef72f170cf20305
c8060df305e6ffe8f23aa704f1193e2a06082d0d13fa0d0d1417edeffbf335ff
c0ed04001fecf3c00e4cc40c0806130a1912cc3f2704fcf0cd0e48e3040821dc
08ede8e924091037031b180fe4fe1d061af6213a2c1cc914de093509f83314f8
df17faf421ffe7440e4a22fd21285c102105433a3e17d3fc25011df3141109e6
d114191d15e5ceec1d66ed1a042a412e461b394758eb130d29f79b10031f1eef
e510172803d509d917472c16ed2e31092b1c033e401811fb1111bfc2210f18e4
0c1120e118e107d20e39f7270d1514ec20fddc321416a60a311948f908210aee
dc10dc0c13e12811d3fe2631ebb5e3e0dc221db0d721591cb5fd1bdb12131500
2b0efbf80b261b0ef422cc1611d3e3c8ee0226d4f40a44fbfbfa0bce15161501
091c1917203e150d091bdfde02ee032aef171dd3edf2e009f6dfd00f0612fbee
19040c0108030b0e000c20e6d8fb07fcf20f21ddfd04ea0a47f3e6d9f1040be2
f30e113604ab1a1cedf9de020e030897e1141bdee00f1f1cfde83ed123f833fc
e00ed7101af02d11081dcf3612dff9e4d30e4fc3c70a2707ccfbff12140b1504
cdfef20c17cdf6f70e27b4140cf60dd4ba0440beda2ccffcdff003f322fe06e9
c51c111525e5dff70a10b2f206eb0de7d2fc12c8e20e11fecdfde014070fe0e9
f103f9f916e70f06030ade17cff920d2dff80edff9dd0cfef012f317e40be8e5
0611fa17f2d10108ffe4c41108f2eec2d509d4d2dd10de0b0606cd09120b1afa
292508111d2eff0c04fad3efd2c2fcdfe31c39c7d8f6bef5e5de00e118fa01f7
fc1200fb2cdfdf1e140bb7f01ee715c8b2063fc1d025d5f6c9e5bce3120ce8f2
2d000d022e04c215030b06de07fefad7d8f742d3dd08f5efb1fa16121911d1e0
1904080f2cf9fd0d06072a03a8d701d6cd1430cfe6edbdf799f49405110ad4de
ee0d0c0c0feae61704e2e6e401e1ecf6fa12d5cdf2f610fdd6e3f2e40dfefee3
14eafa17151cda0fecf3f8dc06cc1ff2c2fe1ae2f102e905e4e902da1103fe00
d4150d072af0ec0904050c050bfb31bdc00e2ad5e51f9ef52bffabc1f812e3fa
160c0a162df8eeeaffe9310bebf0efd8c21b10d2d11d08e0d1fc9ba60e1bd9da
32f8150c31e70801efe61afac7ffedfee3112bd9d60e01f7f0f20dc1080fbbfc
ca07142506e7fa0df304cd1df7f9d1cb030ef0d0030a1307f4e4cebaf2040bee
12fff621f90cf41aeff3d20cc5df29cbc4052db0dd214e1b0ddc0aa50a13270d
e001f3fe0f0ce2d4f0eedb02d9ec32e3c7f023bcef0001ecbaf31ee10804fb02
f50d08262c25c5dafeed030310eeebe3d50210b6d417fff0b5f909b5200b13ef
320f181c21e42d0aeff92c2b06f5f7fed10c16c9e607e81902eeb7d7fa0007ef
ff25082911e01837fd0bee210ff3ece3c91ce4bada08ce1c1ceeb8d7060d0ef6
d197818eef250796a6d4c7e412c0f90cdbab10f1e6931daa20ec32bc84d2b6de
b6e0b6ec143fefd2d3f3baeddcfcc8e1fbe814f412d9d1ec1201fc95ccfdbc07
ccccd5db213909e0d1152fee1efafbe7ece50ff2ebd50df8c700dfd0ea0ee511
b7c4dbbe0efc1ae3c236b9ec020812f5f3f2fd09f9cffaed0401da0adc00c614
0ac3b7d029b021eb98233209fad6deffe4e8c001fded2fcdea0c0fbbefdfc822
ccf3dde3f13401e2e400ba21e2bb0827ebd405ec12a4facbb4fffd239e00c9d6
d4e8c9ebf3edf0fee2fc39eef1fcc5250ce0210c09d2c1f9ac072fa9d90dba14
02c5ced5efe7fcf0db09c9f71b1bc624f3cb010df1d4cbe2a909fcccde14de1d
10e7ccc916fdfdefc40c29202016141cf5e09f0f06e5c8cc3102ac0df61ac813
e5d8b2c927e6daefd50c411116e5f7fbeadece080fddf6decefecef2eff7d309
23f810f50a36f203d9041f0dcfbed128d2df3fe9d8bfdcc9f7f59eebb512f6dc
07d1eae4f8eb060feb061efac908df1bfbcc2605e8dff8c5aa02959fbf00a8f6
dbcfb6cbeec9faede20215ffceeac7ec08d2330903c4c3a3fafb00ccd212ba0c
1ce1eade0af6f40ad4010022e820f022f5eff00dfddccfbed5f7b7e4fa05d204
cbe0ddbf14ecd214e113f712ce0ef723d2e9d5f5e0e79cbab2e18b26e6eabbde
ecd5e7e30cf40f1ac929d9ee0edf1405f0e54cf7e6c517cbfefa441aca11f400
cef5e2e90ae8f3f4e50b0ae915f9101604f2401400e6aabd18fef1dee914dbf2
0cedc8dd040c15f7e70c2000d4f10a1dfce2290905eb97bea8ee2b12ca13ce00
01e1d3e9fc0e1aeaee10da04d2f4d53f0cf33ffdfdfbd3cb8af92e2fee1ce3f1
26d9e6d3fedef7f9cf22edf30507023bdee2e5edf8e1e4bb1de606d5c1f1d1e6
e5c6d9e31ff614f8b0310ceccacf0810efe722fbfbbdcbdfa6090525d101e10d
33dfc9d5100bd3f8d81ffde803e6161c00eb052602d0b7e008fda50bec06f601
28ecd6cf0f34eafddf19b6eefbc30820f5f0040afdd5a1c3e7fbb33de61b0bf6
31d8d8d50415ded5c8180acedfddfa32faebebfcf6ce25a3fa055afacff3fbe1
d3a7a2a9f3bf18a9820b12cfeab8122fdda2b4c9eeabfd81e809def686b2cafd
dce7d9b2fa0dfa0f8100bfe9e60cc8e604f92404e42dae21ebfb21c6ec81d0dd
d2e40bd20926d019d2dfe2dbe20ac2f608f3370802099debfcf30ab4faace1ef
07d620ce1647c63af4fbb4ce1d17dadbfef42007f0d0e7d0deeab4cce0d3e3cb
24c703d6f908e736cc3eddccd42bf2fdfef41b02e4c8d8c8fbfcd4d5d9d4e6d5
27a5fbd30791211f8546fdd80a39f830f5e10511fbe2f8dcd60d3ae2d8a2d6fe
e9e7eff320dd2acbb72922fdf24b2339f9f113010a09132126181ccb04cde213
b7e005eb01da08eacffd0932e53af009e1093107da1e1117acffb69e09f2ea1b
28c91bf8f807231bcae21efd255dd013d90913fed215043c0be09ad6fcf1072d
e5dc33f7051a2019d20216d2e552ee3ae40600eef007bc3edbf039ef11f7f21d
e0ddfbde1be74303cf09cfd6f55fdb25e5cc14f7ddde1a181e16b8cff7dcfc29
1908d9e3011006d00dfac2f6eaed20f1f5fe070411eadbfc22f1adde0ce90cfe
fbf9d100f3f708e41518ffe8fdfff8fe01fafcf30fecf313f40cafbef3ee280f
02b4b6bcfb1a01f6f22218f2e7e6dbfb07d9f60a12e90b1b1806950dccded307
23e3e2d71afa1708ff1b4203dbced336f60b0c0c0ceddb1b11fbffa2f8f9eb09
ce1500eb22cc1b0205fcc90ed5f2eb37f2f6f6f216fa1ffdb0024115fce0e819
fbedf6d31042d913000c0decdaab21aafff811ef0ed0cfe1edf4e71be5eff2f1
e6f7f6f61f02fb2414119ed7e9a8eed10af320011cdcc7faec020a0cf6f40712
f3cae3df0b0ee90d0114c6d4f3a9bdf8f5d1150815c9a8cda602c329c1e8ece5
d1d7e4dd1ef6fc08140d28ee07cbf12ef6dc071810d5abdbdb0e10dcceede6e8
0ae6cab93997c3e903132c18e5bcfd5bfad4df091eb2e1becdf94dcaa8d0c4e0
21f20ef50726eb0dcc1630e3c1cb21d4e1e522da03c4b904b5ec46ffd608e1f5
fdf803f209100617dee9cdd6e5b5dae5e8031cf7e9f8f2f606f721cff1f7e111
27fd01f916120d11fcfa11d3dfdccc1904f61606fa12f7d3fc04c80cfff700fb
eaefd3e917f70524f118cfe3b3e7e11508d30c04fb03ebb2210a150df4d202ed
01b89ea016f9dcf4c43af217afab1219efabf0fdf0c1b79c40efbc07b099d2dd
22dbf0cb06bbe1e706b5fb0dd8d215c9ede3dc06bce0caf53df0c9f3c41101ed
d5f4e5ca09e21d020bda0b1ad4fa25a8d6e31d10b5eeb1f0bbc0c7e8f01cdff5
33f0d4cae6bd27f900b4dfffdf0b75ddafecdc15b9e3b2ffe4c3450fe014cb07
f9d3e6d5e2c101190bbde518d4f96ae4befbc117dcfaca05d4d9f408ba10e012
c7bee8ce0cdd0bf71aeec020060020e5d9d1eb2dffd0f8f5fdc1cdbcb424def3
06eeefdffedafde108021e07d6e0feadf6d31305d4e408f9b3e43af7d20415fa
fcebe8d8e4ec5603fecae71ed6fa19bdc2f1150ad2e6c8fce1cc1904f705da0b
16e4dad9f90e2c3eeec8fe08101b57b1b303fc17b0f0bb0a39bdbbe0030f001e
f2dadcf50008fa0bf3fbce1b012a3ed0ddcbae37f9e7d51024efbff1e106150e
d3e4cee2050ee2f8fdfc1432ecfd2ec8ecd6c81819dd01e4b2ffb6c1d11df4f3
e4dadae317e8f6d1f60bd00e22ed2feb03ddd4f3fdd2c803a6d7fa1dcb0000ee
1d00fb03ed25161504defafc0de431da9ef0db21b6ef9c1a1cbbc9fcea0505fd
e9dcfddb091fe528ebefe716daee19ad95d9f210acdeafff06b3cce2e5f916ef
bbe705f0f40be84a02063c19cd1514b795dcf526c308b12f3ebb2b0af519210d
e5f0e3f1e808e206f819dd301d211bd9ddf0f306dce2b212b0d8aac6f51a2e06
ffd2dcddf9ddf6f9eadc3f1d201915e7c0ebd9f2d1dbef0fb9e82dbadf07e420
ceece0e61e01f21207e40b0de10629d2bde7fe23d1f5ce06d0befedce5fffb03
fed7f2dbfe1bdcf913ecc328eb0824e081f0f4158ff0b51ce4beccedecf9f701
e2c804e2e4f1100004e5013af6ffdebfafea1d06c0e5b30821e0fcece612141b
bde305e1e9ea18f40303194414f2e9edc8f2070bcae5a912c4da23ede5190913
e7d7d0c7edd2d71cdb07f73d1e0a03ffc1d9daefd2cccdf0c1cb1dfccd10131f
e8e2e1db01e7da1cfef71524f00d1aeddad6f52febe7e60cc6c8fae4e610e8fc
f5e5e5dc17d6f0de03e1c62605111cd2e1e4f7ffc6fe0700bccad6fae717f8f3
f1ccebbfdece01fcfef818341bfdedd7d9e0d9f5bad1afeb38d22be6cf0500ff
ebd5f6ade7fb34f91210c520dae70910d5e2e6f5dab3ace3e1de5610ca26edff
e6e9e8e60d220af60ce1a914aad8e0060ae81bf1f7fca804260b11c8ddf608e8
0102f4030f1bfcfe0919a52ed8edf1110feb20f61c1fd31c1513b01df6f8130e
c30b0d080df402ee0d0005379cf33a081320030af827f429d71eec002a161b03
c10ffdf8eefbf6e72ac3c91bc9fa4afd0511f4090916e90bc30a0cc30c09fffe
fe19f3020407fd152cd1a91beae8ca0b03051d05f208f504bb04eec3eff5f110
041c032db9d3f2f209f00402b5c7cbe8f9ed1cfc00eadcfc0e0a4901f6e21ff4
1a05f009fdeffd0e02f33416e007e0e90af221ee10e7c70d1301471fedf31b05
19f2f2010cc902fcf328ad19f911e0cdeb1717dfed1ac92ea00da5dd0d15260b
d91e24f70ff1e2012228f71eb80ffee6ff0f0ded0b0e1309fe0a18e920241106
0212071500f4e9fa0bf7fc1aff04e5d413ebffdff5fe19140200feb304fd05e6
c420174cffc8e6ee18f51512eee8e603fb1cf2dff62fe7fbc90a19e32efc13dc
e508df20f0caecf9f4b63413b82807eff008d6cbee08de079ffadb0e09fe04f4
0d41114f810508ffff9ab70cdf1708c8a148e781816516360aa49bb34d023027
d5513f2d0200160a02d402d60b270027e146fbcfe62afb21aee3ffd0361c2918
db17181202e8f8e002fcc604e1060905f1000f03eb06b815d6041707fe1611f3
25322535f6b303f41714e11efd16e40b1732f9070235db37eb0accff31f6180c
cc230c08e4e5ffe80704fe2aaf3004ea0004df080522dc04c7fe2ca51f0d2502
0132f607d7f20cf50bcc0e2ae2230bd3f926eae8e44709edf3cd0eb03f18190c
ca3b2023ead70e011201d525fe01faf7113f14faf126ff0dabf81dbf21302817
05f0fe1b03f120edfd2510f5a30eb5f203fe33070203df210b113b04f812ea14
100ceaf8e5c2fdf803f8fc15a1c0e1d11a0edc05fd22b61e2409a1e4fdecd408
f416e2e600d6f51510f2a417f0dadcf613fb0a1afa120528c813b3def5f0f9ff
db3317272bec1f281521010efaf40c19fe12f8040621fc21fb14fae521040efc
16261615e5d502df15f1e510cbd7f8e4052229f1f419c70b1206c8cc30f90fe1
cdf5f4f4e6f726ebfa143d01cc04c9eb040a2a0d0df8fe01b60d1421fce3fd11
2304f7e0f1f0f925f5db33f4130430d9d4001b09ecdf38f3d009a815030ed60b
f2f3f6eb1bfd1b34f9021b03e8013b05e4f80d0701eddefa2414f4ea1a25f6fe
ca22ea2521e5153a0200adf709ca0bdfe80be3f40e0fbb15dd0e10fe140dfbff
e736033e2bd80832f71614e8eaf7ebd8f405e7f10e00db0c2419bcec2116fe0a
c42a0d2927eaed47f21b32f0d709f0e6e71cd7f9fe07e213f20108091a13e218
d10c17daee0a2b0d04f3211710dcf01dfd220dfbf1eaa5feee0218260f0cf40b
ec11fae01708d43702ecd609ddc6f6fc02f8effaf9f9cafd060afa100504dfe5
e715df1df2e6d331ebbd97ed15c817f211ebd40614eb9506a407a3b303f6f4c9
b1f104120eeb1d30efeee2f9fc0408eb10eff70110dd9716121e11f10108f4e0
e3fd02fa0a010e3901fecfe719faf2eced00f509f109d82612fd4db40729ddff
d9362531f3fb2517020f22470ceef348f72c46e7ff2ab73f36051ac0281eb2eb
272a1e05e120ea33fce7183deaeada2b5017ed040f07c8020d0634ce150dccd1
aa12fe31b307e336e9b829f40f0f0d3f4200e62517d4d92ae6f729a31cef16ec
e6f51339ec0e293fe3d10ef7240e2213310b08122307902eb801321f27fe0b07
a00f03fc001a262613eff6f7ec15fee324162b0c1b220f323a06000a1b190aed
fd13081920000d12f4e3fff315dee23cfff317eb1213c820e3053ed5fe1ec6f5
e811ef07f2280e0fede6f60a17fd0d2b1cfafdfbedf6c2212d0a96f80b0bcc0a
a7f10408c317fe25e6f51debf90c0b402ef9ef1017b5e712a50ec8bfeb0dfbf1
a5d00014e61dff1addfdcdf7d8eb193119e5150912d199052a06bbefe3fec6f3
e5f6fffc30ea0501f5221b04f7efeb2b14e4ed1008d0cf0b280019fe0a0c0ee5
0c1017260ae4062a05e8dddf0ff90407e8e908d7f014e1f0ccee11af0433e205
f106082d0d15fd26f9fbe1f0d40df9fce5eb0303fce6f6f9fa105bc6fd20d8fe
02172742e4150b190b2bcb05ef140713f217f1fbfdf1f42cc61c12f818091800
edec0e24fa0e1d0bf21d2c0b02e1121df6f5110b06cce4118112c0def217f403
07f10509fb002938f90d0afffad6001deef0e3f0dcc71ee1fc02d8a400291305
11050fbcf8ea1bd3f6fe31e0f51afd322803e3051e17c8d41811db01dad9aeff
15ed04c1f5091709f4f1e0f32745fb02040e02e30a24c504b819e4ea12e5d1fe
0ceeffd00501f726f9d0e0d6043506d4d90002f6fafeb9ea070ae23eece9faeb
d1ffefc31feefde1e52b0ee7e924230604e4bd090bdcf4e89cfc181705f9faf0
d1f5f3973802faecf54a28260c391b1f39fd162a22e4f5c5e7100bf9e511ff10
2cf737d117f2fbd816e22dff181dfae93729e110402a0ed83c1ba0f4fff2df17
dde20ae52900edf50ef3be03fa28ead606f10bf424fb1af8f114e222f3efdf0a
d1f1ff083521e7ecf403e2f9bd05efd8d7f8efe816e7b1e40c0c1215fdfe0aee
30f00ce114160af5f84ab824e72708e8fa0218030cece4faa91b150beb0b2bfd
28faf7c841fadcc2f837373cfc2406fa2c1ee91028f8edffd00f151dec21f638
300a0dd913df08df240ffd18cd15f01f1cf707190405a0f83e072910d3fad816
ef1bf810f1dc17fb10b409f3180cdfd6da13e6fdeb34be112ef8b0e92cf6f328
eb35eb38df0027fe00bbf8f70a0cffaf9e1af6d0b1610d19fbc3d5072b092341
2518f3f9e41419d72a08003efb1e1ab3131ae403ef3efd09abfda9d927122c12
fdecf4fc20f10bdf0cfe18f0231bde92fa0bd3e7053024f8fe0127cd1522e60f
f7fa0ce30d20f70d00103316f32f1fdff4fd0af4f30d8cf909e5af02eefdf807
2c012a13e7fb06050122c6f32515130b0e19bcdde62596f11fff02ea2812ecf3
e4142ef4fe04f42b030608ef113436f40315e0f7ef33beda3beba6ed2005f9fa
ef1b04f3dff6f80a11d5fb11003a1bc1fa13d7fef11dadf6d6ec5b25210d080e
f9e5f5e91002f60bf8e704f1cc1febfbf509e8ecfa29050e49dbfeeafafa070c
f63d550609021fec081626e6cf4c1ff509340607ff21a0fca6ff0cdf1b35e91a
04012ef303eb1f02ec3940eb23362c2d170c05dce63f0609050030d11e19ebfd
d8ee1cecd1eb323ceaf4cb2016573003fd15f9e0f74efc1425e6a4e01b04fd0d
dc2b18f517d61809f7cce723214320d81825e705101dbdea06fde7a92c01121c
ff3924eff1eddd331cfb3f0fee1ef20f173be1e5ed471cf0ede6b5f642012615
051a01eb2ee10ffaf6cffae82ae2ded71b100818310b29f4db0017ddfcf5fe06
df1710fa23def3ffe1d5d3dbe307d0a8fd191b02ef0606ec05f4fa042003ff08
290f0e070222ccecf2223cfed31513d8f530d5f8ea131f0fdafbb02e1be9ebfc
01fc1b18e83a0eec070420f625190bd500301524eb1af11117e635f215fafa06
e1151afef1e4eed11009c3dfe517e504f2120419ef31d52a1df4320b360721f1
0a210d0ae722f1d80af0f1dacf12039cca120be6f7f0d606cbe1901ae213eed3
cd0a02fef917f8f417d8f7d8e607d6b9da1414d0e605ffdd29d2dd07ddeff309
040b040e0d2af8e40b06d2f3eeff13f60e03e40e0716b4fbf8dc4e10f0e4e50e
91071d0ef12a1dbb0e090e1c2b2120fa1e2d0c21083108f0d600230d0df1f21f
f1152112ea110dca13e1bdefe806d925f1260416f33cfe13e9ea3a0b14f63606
0b101810ae4702c408f40bd01907de81bd07f7d5aeee081824c6dcf1eaf9e6c6
c30410fcdd36e5ab0a0431c7f30fe3b0fbf1eef4f6eaffe7baf40408bfe7d0dd
09ed1dffee1f1e111804b30de71400f1fc02e003f52c00f9e0efe911e6eae613
fd140ff91f1020df0412dbfb14f3eb1a100b0305f120090638093fcafafcd40a
113c1c1bc317def911c535fbf8cae5e1e53dccefcd6b291b2fc52c0448f92cfb
221a1cffdd2322c905f0c4deee041df2ed12e3edf1021b0b13f2b5bce0f6f4fd
cff41805e614fcc0fd16f0bace150302fd04e7eafdfde9e4effc95b1dceafee4
f1eddcebfd10ec08f7fbe211c205f9e5efefe504f00344f5d4f09be9f0f7f0e5
c92708d3020d05ff23f223eb0908eb0e050b140bf026edf5e0fd300ff7f1ecf0
f7371ffdf217c3fd2dc619d2f3d6eff6fd2c0b00036701f9f5e4c1443bef1edd
d100f4dfebf33ca7fcf4bce9f62c29310a01bfe4faf906d40e1506abc3d9dff0
b804180dfddc1116ebfd07cf153927fdfa09eef0080503d5dc02c0f9fa01fbf0
ccf4f4f9fb1dcc12f5fe18fcd1fbebf9f6f3e2eaf515120344d9f0cf17ef02ec
0feadbbffe11f62e06ef1ff5c1013011fffd19f8ebfdf2d0b5e2c7ebf7fddffb
ea1d07fff6f4be1515d9b0edc4f713f5fc2435070165fe000ce6390151171eee
1ddce3dfe5d9c8fbe6c72ffd041c11b401d1e4f50fbcedf63eead402e4dde708
16240e09bceaca1f01c03c0a0a432ee2f60eeff6e130ec1a2decf03134f517f8
15252104ccfbce1d18c5afcf233914f0e52cd0e9c41d0117fdf7dae42dfedbc9
e903080203f9ef3402d6b7de2925700ff6fad403d5f2d7092c005102fcfcd1f5
f8101a1eedac111506100cf8263532270113ff16f21126db2b13c3053312c71b
dee80ef8fcc10fd2e8c6e2def11e13c6fa03cdf700ffbdfee3edcfc2f3ebd60f
08f201fde502f9fefae113e6e33408ef06ecf9e4fa0db900f5efa6e3e6f6f20a
e5f80de7f515b7f80ad1cbf6e6f8f9caeb00eae5f3f6a6ecb6f34d12edfde0c3
e5f20d0a0709031001fe02eedb152af0dbf926efd8f9101335fee835fd08e3e4
09f4050c21d714f1fd15df03e12b120300162901fbf7fc0bb202ca0f0818e015
15d0e0f1e6e408e5d9e9ddd9db02f3e2d1d0d2bed2f5ea00d1ef43b8cee5b414
0bc3d1dddf17f413f0ed1de6effb1a050dddedf8f0dccceab9eca417d800d018
10e3eff6d0250121fce91eecece500f9d415eb07d4f5b80a20bf02e7061a1029
e6b4c8ceea151910de1dcb03d7e3110912d52807d9cdf7d2fbe51609bd07e605
dfb5d9cffff70301dc1b06f80b02d71910e20b0701e7c2f7e9f2ddcdc503d9ea
ddd6dbeec711151de218d31adf0931abfcdbd7c2e0eadbe92ae6f0ced700ec19
12ede8fbf72701fdff1228fb140b1ef1fef8edf2e0dd0e0110fb07c30806e8fd
eccad2e9be27e90306fbbed4d2050304d0e1efe3cdf505e8d9e5040fe005ccdf
fbc3dad7de10fb1700fbe307dbf13e23f0cc1d03ede0defaaaecf6f9d9f9d8fd
b2e4edfcfef3f027ebdefe0b18ee0b071bda080c15f7c6f546d823d6faf90a08
3501160bc6fc1a020910faedd5051abd120e01abec12f7eed6fe12f30108131a
e224012ac718f1070bffd1f4040f0bf2e42e00dbdd1df7f1b9f8ddcd1f02fbf1
c2fef90f9d0be3090ce916d8052610f9c21f05cbba1be500eacfd3e018f0f3e3
d600020fd0e3e71907d54714d31d00ffda1912ecc112c107d2d50ce20ff907f5
f91a08d8e9f7d8290ff6f6f6edf7081afff41609ebe6fbe0e6c9562a09ee0dff
c22c323df2be2edb17c9320bddd41bf5e53e0909e4244b4df3d644e234ec0c06
0b16012dfdcf32230eda2311f1dcf5e5dd2afc1ff5354c4621e2540d3ae10d1c
d9162945df10260f17031ce3dae4eae10628ece80536f432f5ed20fe42ea1509
cc0f030ec3102f2a0fd4240d23e20d07f320f8f6d625cf19badfa0eeeed0eaf4
e2fbfd28cdc03601feea04121bfb1df7e01ade1ee60d0222e2f744fa23bd4944
c4160312e7ec04fb21d023e9c8cfcdd7db05e90afb2ae354c4ef38051b0d451a
0dfd031014bf22df24263620ebe1e2dce01607f5f755be30cdfec8f431e8ee07
f71725fb0be304ad24130213d6f7e9cff12640e1e32dee12d200e2fc1ae4ea13
1f15eb00e0c6e2fb1ad6250ae6e2d3e8092a10f5f81ef41b23088f05ffd1e100
850ffafbc8d0fcf005080801f3f8e3f1fd1ce905fa1ab00411ea38f70ce9310e
cc50234cf01418d203da08c8e8dbc9b0ed2af10ff0292d19c1dfe3d210ecf525
e41d2ff21ae02aed350932f5f1e1f1f9de1526deec33043203eea3b706fa020f
f7242bf11bd61cd53af032f11d0ec1ecf72630dfe732c4179bf8e9d918fdf0f3
a92dfeedebd9b5f51907f1d796f1e610e60e0edbed3b2025f4f61fef00e9e2f4
0d1e0c01ffddc9201402c3030decc4140d0fe3e20527fef7f0ff48e6fce70bfb
f7012145e0ee1cfa07deafb423b2ec06f117ec08e63d4317fcfad2b82015f612
f702110813ea02ea0a1fedcdeb9cead6f70f1af0e820b1152d0035e207f8cc0c
e327f7121ef8ccd921ed44f2f2a3bef6ed0cd7d9ee3b17ece5fd07ec34ec00f0
ee1f18060608b9eafaf3e9dcd4d109cede04f1e8e6363c2fd8014ce52dcb09e9
bf1b132900f8d7f90704d7e7fab7e5c4f50608f8ef240b0cf9fedbf70ade0df2
dbd60731c8bd26000ce32ce0f4e3f8f8eafdf31400fa231fd2e735cf0c06fe0c
e306fcf4cc11f8140d1509f2cfb9d9db1decfdff0013bf07e5e89bad0debf818
110def04fc2fcbf30e15e9e8e6c804ff1f06ddee0531f8f4f605b4f21ad90d25
b80a0a0025ece7e51202dae8ebf4ceb6f60ddaf4032dcdffaefb28da28b3401c
a4f4e2091dffd8e30013deff11c9f3a2faf4feff15f5ba0bb106cf1fe9b2e9f3
d4361026d824b0160bc7d5daf8f6f7e9fa0c22bb091f3702bdfe3cec2afcf1fd
dc0af51dea0b0135faf9be0afa03c9cdda0cf2cce52c2547dc0ab6c323effcee
e2170032fddc040efc0deae6f30610ecf20f04ebdf15052729091d0319ff0d0f
031908370aa10614f638aad31f022e14ff16f2f4e301a111bc13b4e30d08f50f
d72f32310b81ef1920fc3aebd8dd23f8fe13d304f524ea02b017ce1a1f22fee8
f2261c15fc3ad6de20e1d3e5d9f3ebeaf91317f8fd290018170d02dc26f9eae4
f40629f116f3e41616edfef4150be1d00b0615f41c17e90ddc175200ff01f5d9
c6091f121cdbcbe60413b8dd1d0500cb08e336f2f50402ed421746db0e0400cb
1a041e2710ecb9d40a250ce21b242adf08f223f6f106d7f3261227d1060308d3
051bfd24ffbfcf0d0806def319f21ee30206f605e01ffbfdc601fa0df60e01da
2d222821f52adcd720203bf3e5e1d231fe1f12f603112ffd2b11530309e8d9e5
dbfe17f609d516d81ec9a9ee0ff9f90bfd13fed7f601d80ec2fd4f1500fdf212
bb080c0810ff11f515e7e40ae2f3f419faff14f4f503db060201a6c40c18f3fb
140c2d220b33ddef1a1707edf2fcf5be170cfd01170ddf0bb62518f323fdf4d9
c80b0844c9e61d14fa01251cf8f2e7ddeb0fe0f3f125020b1a0395bcfd0dff20
36050d250319e6dc173e3d2a15e2042829f212f5f71ff105c4250dd7eaf5e1f2
e8f7f9f9f8f80edb12291b01e6fe062009faf0e6f619d908cd17ccf7f3fcee16
d60005e9ebfd16ca0df6080728ec051c00f203f90ffc05f332111ee1f5040401
fd0d14fef0071cd502dcd90806e5dff12e0414fe0b08f1fd1a074b00100129f8
0bf61137dac862ecfb133c430dc0ec120b0ae2ea0e13df2bea0729fbe918ec00
ef0c0c34ef17ddcb091dc90fe8f504de14123af7002c19020e1f24aa24110500
07161a24f4f70005052ab0ebe10edd0dfd1601caf72ad516fe31f00b0d0bef10
11152a10e92aeed41a01e410dde6f5e90812f7ce1a26a7001b08ebea1706fbfa
f4344636eb11fdb7fdf3f8f324f02c2a1719efe30d23d7ecb2f3ced22b060103
ae2d25170a07fcef0efb19e1d7d7d32d1b21f1e51d05c9213ee0420f0ffef817
d90ff721251e30fc1223ee000632ee81feedc9f60bfff8181e0a0cf3ff150526
d609120a01251cd50500d606d031fcb20e09f9f60a140c1eb10fa8f9120e120b
f90d2a27eff50a2917f6c80d0957de041421f109f329e839b1ff18f7321211fb
b114253438190a1a0cedfd09f741e5f90af1c9f6f703e71feafdace5071efbf5
f215153c3c231834f1dbe5ede04efff50bdf05020032dcfaf409dee706233206
cb0ae824fd2408eff4151d030adf16bbe5ef03e4eff42116ba0b06e50418320d
f805f611d81eebf5f20731e4ead73dea0cf9daf710faf201d417dbeafb1008ce
1a0c1c2dd802013afd0dcfffe902e20134f0b9121ee2081b0e1b3403162715d8
0cfc101bfbd5ff21f7f7fed804f7e5271bbfaa1f04d21dec1d1335e5fa1e09e1
e81e1d29f4f10c26d902da0b29ea1a28f7efd605fb17fa042616d9c4081c3404
05fa0037ed161722081bad1229edd1dfff0a0ff102ffd034111dd2fe29231c0d
e6e7ea16ef16ef22f509e20600f1e50323def9fb1ddf910bdb1accdbfef305da
09030733da02211ef8eee6ed04e6e6042e04dd1b1fdbc332bb1651cd012217dc
030f052bf2f41e02f7ee2ecdefc4e92f1ff8e01cfeadb503c813f2d8e41dfad5
262b2d48e1f1250bf6f71606ffd5f8400529c6fff6f72215a30bf2b60d2a2b01
1800f9100cf81034fa2df9ee270fca0ffcef17f2f3d4cb19de0e22c20223fc05
c0f1fc0607ff16130020d3f30418fc0d08fcf9fd11e0d617ef1f1abaf401dff2
f008f40c060c2f1404f7d8fed20ac8f51718c71b21ead3110829efeaef05ecf6
fd181b1904f233000dd537e40705e508f512ff0eeeecde1ce0182ee115080207
e70d311be5de3df90c0538f5d2fae11df51128dffb06d7e8041044c819212afd
dc0c0702ceefd93f0120d006094b1df0e3f31a20facc0ffcdaf954fe0a19d712
d70ef519e4e0f80700ec17000b2c08f0cafcfe1500f7d8f119fe04c40612e712
111f0215f9dd0f03fcb905df233710f1cf17ea030603e51de8fc90f1250be6fa
19fb2204d6e9091409f248fd0a2e0df0d40c0fe9f8e6b611d2f4ddda190d2710
e7053922c7d8e62b154ad003f5402302f11941da08f22801ece7ecd51eff2408
fa290f250b3514ee26301402e50c030214f727df1815f602bf149f1dff0d0815
fe0ffefd172905ebfd10f6ed2e10f3001df7eae120f02aeec80c0332e008ed09
e3f40021200008e7fe1ccdfe11fbdb2f280dcc051ef222f4c40fe0cef518eafb
c70a050c2bfa0efa10182df002f1e51a2307eb2d27130f043426bad91415e80b
061ef3162f17ff0cf913cb1cebf5150e0ce50d15272029fcdb15eb17170614f4
1c0403111c3d0908f22d11f822ce0e0f0bf712ef1900ecefd117dee3f9f6d600
1ae4ff11071aee1df31d2cddd2d5d43122e81bf90eecded91304b433fcf5d9ef
cbfd0820090ed906f2ffe7d8f7c9da3017e8f4161ce2d1e8e50eedd5e7f4c9ba
df0a0d0f1ae7f705f906ae12d7e4e83b2308ee1a27ed05e2301415b409f7d9d8
1409fc022bdef20f011f091fe1ecee3b0ef316051bd029fffc02b217e0eb0ae0
1d120d2c04f0ec3c0120cfdae2d0f12a070915090efce709c81fb5c9140acce1
ffe7f1170ef7e93bed072df4ecdafb1107ec250b1c04f4f6ce1127fa0608c5e1
cddfe10118fbf515f3172908e3c31e150efa26163cc9d9d0e3154c34d209f7c8
c7020a0f18fa05fff902ee06d8c609121a0535151be5e8d42d0baef8f9fcd8dd
ee1d2b1a00df161ffd14ce000ed7c0322120e9f91d10e3d0b207e1eff7f5ddd8
d1fd06100fb6e437060dadd8d00f1412f203151ffde1d6dd2e2c1f1926010bdd
320d05070d05bf5428eb3003dd15f8e4f417f8000011bc02c60ec4172c05fff0
1f0700f5d02ad55a2ee91df9d4150f05ce14dfe4af17ca2116e036dc360906fc
d900300efafb0c451807dae70c0f2411eb06fccfc814cc31d3fe09f31a1b211b
0cf522f308c90efbe720ccce0009251f36f7fa04441ed6d33622e83206efdcee
db1e052e07eddd39f60631bed90f23dadd1d1c00060019031216b9e431f1f401
1d05f711eb11c32416f217e4050a0ec2d503ebfd05d3c019f21f502715dd14f2
d6fa0cf3f431c32a15ddace6cdf210dead14efddc1e4e2020eda12041bf0e6e5
def216ea1ae7f601fc0516b8c22a3401060df7d2fce4b9f216f5a4b509dfd2ff
14e509d0198b2fc9cd28c0b506fb4ecb12fdfad932ffc5c409fa0bb3fdb6c1ff
fa333b3b0ee3effa2c0af6f7172e0ded3a3a160d2b4bd2432ef3dacf20051a0b
eb312d1f03e5ce0810f22de5d200f0081015021b1c1a031df2e5b0d012ee12d7
d61e2706fa00de041b0923f72107ffee0d32df03092bde1e29f6243d26ef16d4
1b0e1101f8f4120622cfd8f51a0216f8ea37bd07f31bdc0abef70c0036f308fb
d61a0cf0faf1fcec2ff81919130944061c2bd8fe2227d9003308c3d91cf60904
063b3e31fbd0d6ce26e0d8f9c9230903f827cefd1145d014dd1af611320213f8
d406271909e2e7c511dcd8e5e50de514e5f8dbf8f51cce01cdeea10a110303fb
13d9f308f821e1f0f7d430dbfbecefdacff8d2cfce16d0022bb7a1f401e90111
e8011e180c19eae10cf3f7d2d20bf801e613abf5ea01c9fea9df191c250016f9
3518190f010ae0d12df30905d1ff00191608d91b1515ce1adc189dae22fb27fc
fd224123d3e7e1eb31dbfa00d308131cf420eefce630a01718193ee332ef3314
3be707e3f71fdcd50af1ddeff7cbf31bc7d4ebebf6f1bae5f2f6f911f4f913f8
c9f0e110d82be207e5c9bdc604dc13cab9f7d5cdc334beedb2a4a6001201fe11
c00d06150523f3f0eed0c4cadedf35ffe023d5ded21005f2efb6b2d3230a1902
fd221405ec08e0db16dfbaf3fd0a0b0cf014eefbfc28a80dbe0aabfb220917f3
dd1e20f2e2f4fa042516c70a1effe5211a3804100c450b10d8152bc729f30a0f
20140dc5f020e2e418180c15d0e3f4200707fa18f4f1c2f0180cf700f0f403f3
eee7dceaf211cbf30310b5ff0dd405f0f0ddca11f3d8fbe929da9fd4eaf5e9eb
e2f7e9f0f309edf90bf3270ce3fd36100e191b00fd14a9e012e41cde0c0d06f6
e51dfaf4ea01f0fa05e1b304ee15f42c092c1ef51a11b4f99d0394f525f0430f
2d2336080609ec111f5112131e11dcfc2322e3001f37ecfb2d08d4dc1f011a08
0b22f4f3db16cfdf1a01db17c6ec090e072801f61a2d140121f74f0d11fadbeb
ee11ebe7b2fee1db1cf0da001e01f30efd24eaf50515f617bfeae5c81bf6ffe5
040cff06d2e6ede813ef0a1ece18291b0d2c0302051bee18e9e62fce270b23ea
022403070b06ddf00d05ba13000c210e3a24e61e21173f0729f156ed380b361c
fc20100c1ad7caff26d4ee1bfe09cdb0be1efce3c10df61544e743d91a0518fb
f8201d15e4d802f713c5e8ffdb1335d9e234e7dde8312ff6b7d7f6192204e01e
080bf624d5f30c1702f0262eebf412e6c61b15e2b7050400e6de41df0ff6d920
0efcff07defb011efac9312825024dd3db1412ebe7fcd60733faa2f2effbe30f
12f70f20feed301bedef3be21f112dc6cc27fee8f50ddbfee2fa142d1c09f016
25180feb13cc09f81bdde7f7100ae7d9da1dd5cfd201fff4bbfefa1efcfe1b16
ec3430ec110f07df1decb5f80832c1f5ef190fddeb3ff1110b004d3138faf602
ff0921d9fffdeddf1cfe19ffe01bc0cef51a35e5e30fa51f16ff37ff04f6cbff
d829ff18dec1ee20edfc0530f12f11eb052fff0b06300a293ff04d0b1ffdf10a
de0910f9e9bf1e0df608cd01e925f9ecec2110030106f6f3ed03140912f4f4fa
2017071b0ecddbe700b90010e416059aaf1bead2c7192ff345edbec7fd0a1105
0f0b02f31219f8c515de17f40b0c03bfdd0b33f9da2dcc23c9f5d812f305e6f5
191111e911d30aba1bebc0f6da06efb3e812fddacbfbf320f5d29ce5eef81817
e91c180d02c10ef41708c42ded191c190b16dc08f308e01b23ed8bdd0f021413
cb2c120afb0d1ce61e18100df92ac0f5e81800f50305fedff0f2a2f9fa021bf5
e8030d1304e2060bf8b4082403e7def3ba04d2e1bc07f1f931eefe0b0814dbff
1519fa040f0dd5f416e3ca0816ecbf04f40bd100e51d0a0035f93f0f0004cfe7
dc01fae103fdcefd10fa0aee0ffed1c7dff7d2e9c5fb0e0bfaf830f619fa0606
03f30ce50d01f2081e011418e2fc00f1e6e5e00df1fc0c210e02c60f0000f108
ec0cfdf9052408fef7faf2ffcde3f1d7fe16efe90804f8ed201233dc05f7e0f6
f506163104ec2d2e2d1ef60e0b04f4e9d514ced7dc15461822e3a1b11a0de302
cf0fff0efffcf02819e8ac0f0105e20afc0ae7fdf1fade03fdf0e6be0506c008
df0b020e25fdb3201cf01cfde12424e4cc012eebc20dc6e8e00107dcfb19f50e
97ff0303f72201030af4db09f815eeeff80600d4fd119e0ac60e45f5ff13f10c
1efbf3efe02c0dd1fcf0f2f1c601f4f9200f0bdcf60efbec051aafed0ff2f711
18f2fbe60cf3df18fce4f6fd0c14f9bac8ed4adeeac7fcedc7e24e16060512ed
02f4f6f8ff14fb36edcd2fffcf19edaee0e619d6f5ee49d63bbd05db100c1003
17f2fbf60905e937fac125f5cd112ee3c81220b7b1ecd7edaadffecef604f0e9
bef90ff8f9e5f6e608d10efaf8fd23ede91618cacb01b5e20bfd40ec03ffddf5
1a242123def2eaf311d9f2f219240cd3a40750c5a034fcdfefcacce83515d9fc
fc04170df7def7eaf5b7d202120105b5bcf2f4e1c0f8d2fce0e3cccbed0df0fb
12f910e4eb050ef407b3f9f2df190abe01fbfedbf6fff4f928ef232300f7faf7
0a04f7f81ef2e3f2fed8e1120d0917ea09f413cb04f0cbd8da23a32de8f6fbef
f80f04ef0cdacaeb00d51623d1fb01f8e00202cefdfdc4fe0d1b3732f7f2f202
02070208fbf0d6e209ecc5171013e706a80d33d1d2e926eeb9f05419ee0b0011
1b0609f80e01f5dfefda0ff8ddff0ccfb9e8f9c1a30500e20bfc0803e9fcfd0b
f8eff8ea021607dc0aecb5fde4e10fec03f1f7e80dfed508e4fa43d9f0de010a
cafe020fcbff19e1010ef0fe01ea18041d11e9e4df07da120bf2ffca0c010227
0bedede2fce8d9daf317dbf7f7e7fcfa04ef14f2ebd9e9f0f002b104d5021000
d911f118d0f9e3faf5f7d40c1f0212e599121dd1af1208e5e6d64b180b140411
ca041909e5030bf30bf330f2f40d00d9e70707bade09f7d13d02e1f50805cee4
080d0703012ae2c7181630000ffffbcf141a0be2ea1103f3f61218be04f2dc03
d7faf4000c26d6ca171420db050815241f02e1e9f8f7eaf6c013179b0afddbf8
ac0b0efbfdf6f3f00efabcf51d10030f1a0f12fa1bfecdf7d7e6e8f3fc0321f7
d70a0517e601e804f4fc270fde0bd2bac3003beed9fb2bdeeabc53f00a020efc
de102a19e304e7301d0734f7d82614cfdbf82093bd37f4cbcae731d4250af303
151e1a310a31f2020bfdf411e62513fdd51d24cbd01521ee43ef9d102cffdf0f
b9121933eaff0c0e07030806f83c05f3ac25f3beb207f824c0e7bcb726f8f91a
f50b170fddc7fe1203f94403f51a1dc6e620f2cbce07edfddde430ba18011915
e40a16ebeedcdb1416f90afbcd07efbfacf936c9b9ed15c8fec53007231118f4
daf8ed1b0b1e312fd40eb3ffddbc0325fde8efef1feeb917151b3fb7f4f10b06
d41009f73d01fb01f531bbee08e4df0d18e2f7132d0db51dae26a2b5f2ec02fd
dc17f3de17df1df50923daf6f7282ce30f0ce61a1907a7f0ac0bd5d804fc0e00
0bfdf50225fbfa2a0610241b00fe18fe14f3fb2223eac5ff300fd01af30d271c
fcf9e323f8f6eb2a0101d00dfbc321bcbde92d00db0d0ffeb6f7f8ea0ae97fe5
d2fecb0107f01f2be3fa34fcf5f2d127f9e82bcaf41b1b0c2014f8dbfad8e0fb
ed15171712a7f709f503d7ff2610e70f1705edf60518f019c421fef1140af4f4
f2090e1d26bb021af7e6f1f6101c0617f20ac806ec18e42edd06061c210d2215
d10a071920e5040a00eee029ea1dfd0cdff102eee2ee182bb5fecb1010f21628
e413e2062502e813fa24c1fb19f9fdedefe35315f20bd423c10614fa17e954fe
f0f4e5e1fac9f628080d17efc817f3220af12eebf603060eca1635c51fdbfb08
0e220001c2b1062903d3f1fbe51dec06fe2307eefa0eb42122fea8f029fa0af7
eb0cd80b0924ef23fdfc1affe3faf01a0c0c05ff04ffd02f3b08aefb12fc25fa
0229141b0e11f01926f5cc1de20df616fe1301f2dd0ce92d130a1f27300b16fb
fe340d11d8e4dd0b11d1f2f219f1da00ed091c06d505142eb508babe300020da
fbefe8d409f9e227f109ddf422eefb251eda2ff808c339e8aa209df1f6c4d309
f22009e4e6012315f7f71ddfc910f91507fe090716e1ea090b1523d90ed50eff
ec1b0a0f0226050ff3e825ffdc0e00e30e15b810fe0efb23bdfcfd0c13f930f8
0d0f1a1e05e912ef0bdbb317fcf8f9cdfffed5edde29000d23fcaab6070619f0
03fc1d3dfbe0eac50cc9d7e7c108eef3f2f9d0e6f12a1a37180b0ceb1df3fbe3
d4f0e1d6161de6fcd2432e0b00d3031f2bca271518a6c2e4e523dbbde4eee819
d4150ef8160917fbf530ac13bc16262316f7001a18f3ee12a129f6ee170216fc
1c1a081d10c703effbe73b0f9b22fad7fe0bb315f30917142e0ff4c520031ff3
e705000f14f6e4e9ecfa2214d60ee99f23f7d2e3fc08c1f9b9e437ea12e9f6f5
e209181400f2b8fcf60ecadb07f806bf0af20fc4f428ef3317f220240bd5f9d0
d6201912fdbbf9cdfbc6be04fceeeaa6041909f4fa1b0f062d18aedb2e00e6ed
25fefef1e8d921ccf9b21ee1f8fc1dd501fc11f5f402caf2f503073d0ff5e1f8
0cf40600e71dedf5eac720ddfff205f4f2eede00fb03b506aeeaa6eee7ec06ea
be1014f90afab3ea12efd1e223fe0ff8f309e9efe5fb15eff0ffede500e6e7e9
f9070609f1ccf6e614f9d80313f212051f1be6f5ed1405f3350e41ddfeeaf417
d03e2140d9f503ce17a6c4c4dbe6ed8dc024befacd2dcf160bf0cceb280523f8
c31a0f06e31a10b91ddbbad3cff534bddafdd7ffe318e500b2ef32d103fdf4f5
f3e1f7f2e02f07db03d6b0ecefeb12e5d106defae515001514c70705dde7f0f0
e409fefeda30f2c217f0130102fd05ffdc08f0fccb33e70fddeefbe716ee0802
c6250b1cedfffac117eae610e5f32510e538c4e7ea31d020fae9c3f822fc16ff
fe141e1eba00fdb80ee818b6f8f50caae014d3d9b10b2b02a7eae1f408fb09ef
e1091f00062bcecd0efbb3d0d7e10abdfafbbd05e302e4ee13e01500e5f6eb04
0c030cfbe225ebeb0feac302d3f7f0f7e5269e0de6431906a1dda9d302ebddff
c7030df8e80ff6d518facae7e3d8fd07f32010fadc381306a6f0deea18ffe5dd
c10efa04dc01d9de07dcf7e415e30de9c119b8e9c62b15f8f4c7fcee1c081ee7
3a1f1b11b4f209d10901ecd5ef00fbf80011d3e2d323e9fe08e6ed040811e9ff
260f22100211e6ed0e0df0d9e3e408dbef15daedd433f1d7d4dfcaea0be1f5fd
bdf1f40d1f0ef6f40911b1dc07f9fefbec290a01ed2fd2f5f8fbaaae0de2e7e6
ac0802070009f7ff0f0443eccc081707d02ff3fbec3dfaf3edf84be934f00bf7
061302f0cc0aec0108fdd9f1ddff3ef7cf0de4f1f921d4efbabeb5df140c05fb
2e492d2eb8d9da011903fbee0f0d1a1e1c4db6e400531e07bbeb46f93d1e1bfa
f11b131bbff9ed0d1406b7eeeffd050fe913cae2e82936e3d8ef21f81a04e9f3
191b152adcf4da0805f0f0de0bff17fbcd2bffdfc2430d0dbcd601e938f7fdfb
0d020408b4ebca24190a00fbf7062e00d028d6fbcc3317084ac023d73dfe0be6
992718ffbc0ef6051a0c3bece71c3227fb25fef8093d0e10eed5a3d52f08ffe1
0913fc0727dc0c0e18f6c2e5dc2620f9f70b2b1df937d924f7f056cc161033e8
db0cf50426ed00f406f7cff7e628f8e3eb102d15f109e923cedce2d5120c28de
1af7ffea2ae822180e220206ca05fcd6ed123122f1e8c0300ff29f021f042bf8
1bdfefc416ce1aed061a0009afef15fae9fffd21e8f808fbdaedee220a010a04
1af711f215f2fd0c0ff4130fdafed104fe05f0fbfa1a02f607fff5dd06f8fef4
1a23fe3d0bc908e202113e04ca10e015f703001afb05e817120534f1111e11f2
d8010b351cf3eadf04d2f2000e13c1e0f302ff06ff060034f6ea3fe7131c21f0
e20f1a2eda0111e3f8d11e0013e8e4d3c212c9d2d521cc0b1fd045c5261c3015
daff1b0d01ea01e906111200fcf9e72af0ed2107f9ddf9ecddf627f808202007
1503212003ededed0b1b2105e0f3cd2808ff1c060cf9acf1ef082de512200fed
250b142c0fe214060a02b804e805c411f32a1202ea23c20e200dacc9170d0efc
380c0113ed0e091503cdec0cf8fbfd16dc1ed1ede8250f0904ed3bfb1c0720fc
bf352840b01819faff94e3dfb4e605a19e39cda9a55dee111eadf6b05c1c251f
d819082620fc1ce7efdde8e60bf61417da1604f4df0aef0214e834ce0f161c1e
99240a341bfa09eb0dfaec05d904231cea1426160102c1131d12d2c21b2207fe
f609f60c09bb0a23f7ffe90bf511f0ff00110915f502d92eec04e7040610f209
ff1a05edf0dd181d07fc0608c92113dee71d1711ed0ed91a110630e0f8ff010f
b118131b10fa07150a03f7faa61219c1d218d1f5e621dffdf3dd06d50004ea0e
fb0cf0fc18edfbda0106dc1fbcf825f602173d0c07dbc4fe38fac5c2fcf52902
0417fcef02080ff001e7c6fc08f9d2f3eb203dfef3f4edf2b30f9af510f620fb
ddf616f012e5c7350a221119eb04cacb0bf72808f1ecd000060555e3fef3cc05
35f0f6edffd6e0ee0ef4fefac0010d1206fe2f0dfa0007e713f3bec9f6f3a7f0
e40d08f704c40f0413f3c70eec13f80ce11733eaea17e51ee6f3afbb0dfcd3ed
0c080417f6d20be8f9082713beda200a0905260307ecec0af1f9f1e60cec18f2
d40cffff0a0be7edfc14140405f2aef100fc1b1300d21706bf000eba17eb2715
dbc7c121e722dff9df1907f80681f80734c4bcfb0cdac6ee0302c90be0e9fde3
24e2c71bec15b90aeaf6bae7eda932e412d2b2f30f01da07bcf213ffdbdd0fd9
24f8fb09ea04c7301110acf4d0e31b0340f2e41330120703de0f4c13f8fbd9e4
fb2210270414f33a100ebd0505a6fa280e13f213200def15fff8de15170f02cf
1b15f13e0817eb1de4fccf171ee0042c25fee3161816ed34db02fd140f043bcd
1616f359220dfb2af726be25e0e1e8fd22fdaee82003cb2dcf0a2ffa2422ffee
0608ea18f904f122f5dce40bd3f5fce100ffbdee15f5150d3c0cbfe0071105ea
2c140506e1e7f02700f7c720e31e2eea1100ad0ffe07dd2425099316181b4c25
f827042be1d7fa3a02d12300e320e80a0cfdca18fbe80ef1daed1ef30f262508
023a0566ed11f111fe192f070ef72e2e180f1011140ad21a30fd25f5170a3efc
c8282d38e1ff002207f1b625e61c15ff162be4f7fc49a610bc07cde24f23fedd
e3f2fef9e400072b12fc2c2b1629f6d80609ee071bfad81dc70e2ff71823fef8
cf4c366ba2f21c7f16a4dc30bd7301b2fb5415e1e3622a651fdedc087a303c36
00291120e1e21450f996e80ed64832dd0d1ae5010914d607fe02cd2537192b44
df27132ce9e5013a02e32924e02d2e1f1b2c151e2a1914e83d0f34fc3017f01a
f509efd5f60ae51404d1f816250c0101f61ed813f919e6e62efe4ed230f1f003
d905edf6f5ea1907fcd6b8421c0518c91cfbfb3213f7f9030411e1e9fae0ef16
c0290243d9d6ff1f0d0340361d03f6f220f7e70dff00d107ade2cd0823fedcf2
2c0adecef2caf006e403cc1603ed2b0238ebe8001fccdfe2cd2123e305f5e2e7
e3180cf5e3e2f9f2f0edbd0ef41918f709fcf80412f10cd72f0defc711ee12fd
d4cae2cdf949d702fe09e719dd081ef3fdc7c70d19d8d5f2b2fac903dbf4d509
e1f4ec0ce9fbe0000bf3df10fb0237e60fdab9141818d900fce4f5fd0c0319fc
f50cf209e0da04d00a2b0922f12714dc2108d2fa18131109e1de5300100206eb
f4eaf5f5e9c6010bfc110611f902fcc932ebd8e53df5cff529f306c3dc05e7ee
e8eeeb1bdcaff519fc0506fc220b13caf401daec2ef501efc3e2140c19f40cf9
f3dfcaddf0083ce4a5eeb4d7e6482be503ffe7f4effc21153af6dfbcddd8e3fa
d2f5f5dae4e237e5d8f2fbe9b042210e1622c9030e0ce9f63b0714d3eccaf81f
9feac9cadeff20e1dfef17f3e234cd11080d060e040904dfbaf7b7adf1b8ff31
17d1bdcef638f501b6220de9f7fc280a03e7f40f1df71ce9f5009bccdecde905
e6bfb6b31c2d1908931636f9e0361afdf3b9070209b028e8dcf9dcf6c6d5f8fc
25e6ccd5dff827bddd10e4e0041af9f21cffc30f18101cc2b40bf000d2fac10c
d1e4e7d8dfe01cd6eb07ea00e91fb2250ffce6fb0ef2e7eed7f21cc9d4e90312
cafeedeaf3f6f3c0f10eaab2e233af3111f4fbf713df12cb9dfcf6bbddd2fb07
e3e1e1e5f9fef9f0e604c1f681fed51507ef1afb06e90ef2e003cbc0f1dbd306
d5d9cdd804f720fdb8fff50cb523c62706daf7060d00dff74504c7a8dec4e827
e104ded7f218eae2f7ed35f71eb8ea030aefd50d17f4d8c3ca08df20da0bd502
d6eee0db00f3fdc9f7fa1ae9e1f7e10e00fc18ff17000ce693042db4fe05050a
c3e8ebe21e08b29d042507a0c604c91b19df090b29dd02ada31cebf4ccd1e0c1
b4e701e0ed0ae3e7fc00e3fce5f8ca040afdf1fd18e4fdcf0d04d6e5e4f8cfdf
03ddd8c8edb41deadce51029d100ab3e18f6d60b10f4d3c3f7034be5aff0af08
e4f4f1fbe511edf1d013e4ffdbc4d90d0bdad6f911e4b9ca160eac22d51ce4f1
d2efeeed03f211f4d000ead30eebdffff7e8fff111fefcefe902cd1df317e412
c1e7f0f9fafa02dde5f118bc8e38e4070cf0f0000c00e7ec160105fff0dbef18
e2d2ded0dafb0af2dbfc96fccf1ddbed22e8e6011affdaf612ff05f7d0d0fc03
d7e7c6b6fadb14fcc1ed2a19c208e7ee2ce8b107230c09c1f10b9e23c1d5c3ff
18c9d8d1edd62eee8310fd0bfae4ef14f3bd261716a0fbbccdfeebf1bc14d0f5
f1e40e0fe8d41adec90be8dee112db17fde5e81306e11fd9b50a0f23c81c07fb
19bfdeedefea10ebd9f9ebfee60aff3006bec81607dab9c1e4f9f8e9b6ecf109
e6c1afb8e820f8cdd5f8e9dfcdf3ee2a1ec2ee0810f1dbd1a6ee1d14b4ad0ffb
d2c892c301e713f491fccf16cede03060cadee08ffd4dae31df2fee3b7bffd0f
cc19edf0fef4f8cb1516fe1196d3eb0c18f52f13180ccdf235192cccf0f407df
cb17fe050109fbe81f16ad0ce32ae500100dff13120ea80da413f5bdfaf825f2
d316272328f4ecf22b12d603dbf6dfe6012c0afbfc17b718de1b3aee131114eb
e10ffdf210d4f1d931eaba14cee420fa0f0507fe042a03012a06e113fc0102f6
f813fd0d15ebe9d923f0241bfad4f8f82c0800f41126d10bff1cc4caeaedd9e5
1122f91a01b3ede31f13e5ffe2e7bbfb020e2e161212e00bbb0d0cdbfdfd2603
d911f515ffc900e813f0b112d90c11db090f24060c180f052802c9d71109040f
ee092132fecd05de080316f5d008fddaf625ebf3ec10f60832f946061d281811
ca0af7f919dde7d025fcbf17d9d4edf7e9fd48f70105df07b201fbd50efe2007
0217fe2b0f02e8eb17df2b1df9f2d7d90913fdfa091ecb2fd80d9caa11eeebf6
da0b0e1c0da10ef81837c403e416f2f9ea1129f3e71ff81ff2043dd005db0f16
1d28fa0ae0dd1fdb04fdf920a70606d8c72e10e5e839df242ed586f53dfe0d2e
c3423445d6b84b0305d5cdf4ec2722d5bf2d09cfa94dd824f8a4ace7612f573c
d20100f71be017d10e15f904e8232014f40734f4ed111422e6f410e421fa7425
991c0e2204fc1cef33e1af0af820f0efe222faebea34d147e701e0bd23f8fb0c
121113f7fface1eb1d18edeee9f5f603ff14150af43fcf21cd05a1070cc9fefe
03150ef0e8fbe50205eabcfce7ed05f5e520f3fad54428033cf947f007f918fe
bd363629f8be0b330ecdddf79f3cfb0ee74102e2d942fb0705d4e2e43e151710
f62d301500c1f6ee2dfbb41499265806022c4700f82de323b4089be93f0a3601
000820f80800030b24eec403eafae301fc1702eef909d227c302f1f71ad401f5
cc1107ec16e9fce427f934fabef8bdec181e14f2f22bf00bfb0e07ac09e6f9ed
fa1a14fe0704f9db20ea38dfd4fa0c0c0c212eed083fdcfc1d0925fe11eb07ee
eb403e29f9bd17122f01ad02d425fdfdec48f2d9ec5b152ec1021bb34d201ae8
fb2b212dfcc0f7ee19f59b14f6f2050a0d21f905032d200d230afde934fd1ce8
b70e11030c0bfc090b2219f3a7d09c2b0a140609fefb0919e417a9b10fdf09f8
13bce6e3b4c8eb23f6813015e82016cc16ddf2170ed80af31be99e00e822ed20
cfe404e3ddeb224702d01b1ccf3638f119f9e221f9c9cde6e5061ea8fb1a321d
c7090115cca8243df0c1c7ffff371efd061ceb03041abbf7c3f8e9911cf9fc19
ecd6e7f6e9e50107d900c3f40a0d091026f1ebfa16b9cff1b809c3c3f3eec011
b6ced601e0d20c28dd111bf7f20202ec0cebed0633dbdbfc25f2f4f0ef15ba0c
f5f7d4eee4a50d2505c9d514fb27151411f3f01ff7db0cf91ff9af04fe2b061d
e9fd04050bd10e1afb0f34d1c30e40e910001bfb15f9f9f0c813a6ccde0d0b24
e7e802fafcfbe90c021dd0bd0a16f1120ce621ef0f0a0afd94ffb0e6f8d4eff9
01ee0812e3030916fd0302dc1bd9092827f80b051cdaf7fdb7fecdf6faf4cf02
f1f8e80be9ac112df6f403dacef3281515faea261705e20ce413ca15ee0abe0c
eafdeeddddd61b3dfcd7e41c1dce2c271deeeb220cd3f400dd14dadbe316dc23
fcfcedeb02c0dcfdf803f3d9cdddd2f918e628101ff81cef99082ce1f90ee9fa
cddbe6e01c1f9cde062881a5c7daef112fdf131629bae1ccce10d2d7ead8f397
0df71502e71e01f108e7a9d5c9fc181019f3f6171bfad1fbb60285eff809e1e9
a9fffcf7d7c30e1401d1aef3caf0e8f30b19d91b1016e206b4ffa9eeef17dd12
d0e0def9ebcf0120d4fea8ecedbcbf3441dbf11b1fedc602d0142221ec13da05
1503e3e5dbbf1018e8e835d20fe8021c14fd20221a032606a4099e2a06fde10d
b1f6fff5e90ffdfff7e7b3a68722e70322fb041e18e0d70eab05f1e0f6ddd9f0
c3080610ec0408f5f5eb94cac513ead810fbec0f0e02071ee309e9ea01fae9fd
d2060c06fee11e03f1ff2506e8ddbf280e0c13fe0b0cfc049c04e4f2e91207fd
e9e5d80ddbdafc38cffa3f01a8ecf31413e1081524f2c700edeecdf4e620f610
f9dcfaf2f8a8081beaef37dad2f8dd0f0aeb220a24fe09faaf10a02ae316e005
edef09f8d8bbfdeaf7e025fdcc10b20c05e712041404e2f829fc4b04f7f80109
27f800ece6d5100feb0c07f4d5fdcaf603e32109eef7f30bfb019c05edee0d02
06dcbbe2edb3261be3d8f2ff12d6e20d31d227110fc6b6d11d0cd113b5020ffe
081e1ccbe9c7d2f203e31fe1d14918c6d419d1fbe51b4aa212ea111d0a1cece5
1b0df0c4f12229e4ffd41bde0d4af2a6b912ffc3de1af3bac6e9b4f00f14ea07
18e9edc8d9d0f5f6edcabaf0d436251c90ee0bcba40cbbdcb4d1d8e3f915e0f4
d90c03baddd2edf003b2fbd8d831010e8effd8dbad2bf2c310dbd707161cecec
052104dcf700cafb0d001ec8285a25fbb900ffc4e209f2b0bffdc7f503370209
fc2d09f1bf0308f5099222dee922f4b5e608ebe6da0d0ccb13dd45d3fc2405f7
07f4e7c4f11a45f409def3dc1003f4acfaf511d9e90308d2fce8b60ce115d6fe
09e8e5b4011715ef00cb0d04df133a0af5f2cce3ee04fed51beafee6fc0cf1fd
d002e6b2e80c0bebfb012cdeed23fe13fef3dbe2090cf0c5e1fcdbfcfd15fa06
2909dad6ce1ef9e4eff0bec423351b1cc5fdcfeacffb19c424e40cdddc17230f
e7f9e9f5ac0e01ede9a6cc00dd25efa2d6e0e5d1adf2ccf8fbcaa4fce81913f7
daf5f4dddc2210ed0fe5eefaf0040fc61afdf5f0e517a6f610f100cfda06e0fc
eeececd7ed070ad5071018fdeef324384e06c9093e04ed0efc04cbcb0002fe01
1eece8c7e9eafeedf3102bf0151efd0128e5cff705f9e2fafaf0a408e30b0e00
ecedcee59f1bdb1bf0e8bfc6e01e231dc2f30201a6eabcdf3fc8c0d7da152e05
0a0411f3d9061d0a18c3dc0cee3bf3e2f503d5e7e01ecaeafb00b2f9070ef8ef
28f6e1dceb0e16e5fef6f5de081b121c30029dd8f0feb6c027f810b4ebf4e0eb
e0d0d8d8fd1310caf41828d91f0826331ae9eefa0debed04ec0f27cbd2edecf0
1afbf9dbd7fb21eefa2a34db1b231d130df8240701f7ebf20be620d9e212f70f
ee03f5cfc01bf5fb030307ddd62c39ebe1ec1602def1d5d8fecbc8fcf1210215
342128f4e2fdf21c300ac6f5da59050ffb0addb9f2301cb70cf6ccf42e1ffef4
25ece7e8bb26f70bfd1102e81d260628ea05d3d2f1eaf6ca12df42f00904e2f5
f8cfdfc9b61500f0d8f8cee8d945f5eda0e609f8b2d304e3b6c4a2ffdf101b0d
cce9f6b5d904f605f000e7f8fc40f000d3effa0de2e900d401e93ab5dc1314f5
cc2623c40008fbc10d0908ece54d23ffe61322f1f7f4d1aa29f1c8d0072b2102
08d9e2bc1be1df16ee20f317ec1623280fe2f9fb13f5cf05bc0f4de1e9d50cf7
d0ec110ffde0f7450216bd17db2504e90503080202f7f41e3400d6cf110a20fb
cff94009f7dbfc05f9362013211ec5e305ff320ff5f9f6eaa809a107242cffdc
f4162df611f140e012e8b211d7120225ea073bf9cdefda0a2df3bbdc2a3efb00
dbd9dcc107de47dc0ace1a0aff131cd705b3f1fbebc4fef125ea29e2bb14d603
c8e00de725b0172007fec804c33b03f9d9edf8faf9fbcb0c2e02c6e1ffcb2f19
c3dc0bfe309e022a1f17d208d83f22dc03eae4200cf20702b213cff6e9eff202
f8d921fd0ce6f6260ef6d937cb0f00a20be6f91701fff004f1ec4316db341df7
dcfc280f08ef14fcfcc9100c2325cafef8083d0bfd0dff1d0fefdd0a14342cf2
07fa15f937faf1e321dac0effe47fdd2eb0220dfc6ffc70fcee6abcf1c2001ec
f9e1d0d832f719ed0b002b01c802efce04efdcecfe07f029110206e0e2be1b19
fad904fc20e31f250403e6101a2c27f128fcca131afa0924f00ecffd1feb2715
1ce0f810cfc162181c96f03fef3038add9f3cac6c42b2f5d23df26aef42e1941
f0fafb0ad9b33efaffd2cd2404182feb1501dbff141ced25bf0535ec0f3e1926
15faea1305fd00e2f62c170ff14227ef0d010bfcff1ec521b7fbb9d417130ffd
c3c2c2b905201c01d6f5a51b1b0b15ae0eceb1ee1701ef141fff8cbdc3c90d1b
d5dceef6f70e140fe70ae713d80906f503e2d0fe11eab025c704adc9fbf13e06
e9d507f20ce030c007113522eef3c30d1ae0f5f410f6ff022f1429ede42d28ee
09fb02fc02b2fcdeffd11225011b090e0fdfd91510dfe3e7e60be40cd03f38f9
d1eee210fde90b0cc911b10f051720090af8db0b1a0bf2260ff1edb90f0e191a
e48187810a3906f1d4f424fb15c813d50e81b0f9fcce050117ffabf694b10e0e
0dbf98b9143712f0e307e51ad9cd0be709b2ef0a07fde4052fff48dccbcb0b0f
c6cee0d321091fd80011d711ffdfd805f3cc0500f1f9e9291c0a33bbd0f10c0a
c6f508f23ae4fadff7f6ec15f1feece6dceaddeef3f31401180cefdbdf0b270c
26ecebf421cf13e8e1fae8312a1527e8ea00e3f4e908e708e0fec7b10a191b0c
d408f302e1bd1ff6feb3231016d30dcfddf7ef13d6f73e2b39c83814170d10ed
00f0f70ef1f71f1900d9cbf8e5d7e6bbdf08ea18cb08e82ec0cbb70118ff0bf2
e2050419fb1a0701f7f8eaf70ec616efd90aef09dfec0e0e20dedc170cfe0809
230cff10effc042efbd507f213bff2fbcf1f210dd6070301aedd421af0f505fb
b9010926e69b3a0cfecabe08e8d423d5c91f270ecc02e81df2bf981c0df03e06
c3faf413fa20feedeff212f2f9da1bead8f00d16e51e091713d3d318f2fb20f6
d6f9001309f211f90306f80108e7fdd2be1005f5c217f727ddd6aef315fbeaf4
fb09050b1807ebf80700ebfed7d24fd6ab0126e7a912e61fd4f0230604ecf006
cf1a0b2104ebe9fff5e2300be6dfe5fbba1112fdd121cb29caed2f0b11ebf00a
c32912191ab61600f8d90dfce0ddeaf6cc2806dff90900010ad831c904f224fc
fb04ef083ff6dfebf91318e607c52bc900fcf517f0f22cf7c7cb16cc06e31ff5
ee0b0a292203e1e70b2433e702c510d8d3fc1b11cbfae01ec7ff510709f10efd
d8f9f7131a00efffff15f7030992e6dabaed26dfaf022e200914e9d9efedf5e6
19eaf11107e3d8e4f71d30f8219fe7dfd4d806f4c8d0fc112bf3fae4fdeccbe5
ce290f44ebcefa0a03e2cae22eb6d6e5d614f1f9d71cdd06e6e03ab91bfd35f0
e2fc0e0ff7f4eefbffe8d6d11dcb10ede60cd825ee08fb0b12e22bb90810070e
d2110a0c1e12fe050f141fe3dacef2c3d30d2f18f303ea1dc50446f50fe700f3
e80c09340ff8f5e0fd00ccedf0a609d4d00bfbf9db0b0622e1fc08fd19e402f1
e6fa101cfbfd09f1fcf70af2d3d8e299e1fce7fbf7050d1cdded190f0ce8feed
17f8073600cce011f8f6470ae6b7eb9cfdfafc03ef10f81ee7db0f0afbfa03f8
d2190b33bce7e9190a073928d3ea1d23c51a0d1ab01e3134c0c321ba25162704
e919092be4f1111ffbfeecf7e8e71ceed3172007d80f0615c8d114cb19f90afc
10202a2e26e401ef08e211fd1ad908afd02706f2d92fd00c19e2d4a333e915f9
04150f190306edfbf3f93a02e0dce8a9e80df6f4dc12bcee35dcf7ef14e3fbe2
f8110c2dc8d2f415fbf7d906dbdc16a4d50408f6be24021801c9e5f31301f4e1
1f051210fef6f539020c300128a8bfda15f3fcd009081effe20eeddf21f906f4
d81b18fcfcf5e12514f1281604e6f2be0bf8ece7e729d409c1f5010efb0a07f4
12170311f1f7d6171ce211fe1bbb22ecf40cd9d2d10ddee231e22ee1e50cdde7
1400ee0eed12cf15000fef16fab1f315fb0209eafafe0ce0b2f0a1d2e5f6c1ee
2c0a0814d3e7fb0922e71c1afc9b1617ce1a3aecbf279f1d24d62c1430e1eaee
0f070a09d419de18f8ecb018e1bcdc050f12f9d80316c506dc15bcbf18f401ee
ea03f5e70001d1f70fed2bf4c8f9efe60900d6ec0616ce10e107ccc5fa21fbf9
d7030f120c04cefd27f12c26bff02ad104f70706160a0bfde5f85006f21a0401
c605f0f9e8efdf11f41f402bd6e70ef4fe071e03011fd9fccafd361c0008da0c
3005fb1b02e40c0e0b082d3cf2e70a0efd0f30fa0b0efd01c70190ac1ff1f7f0
1b372314cefae71702fddf1bffc2f0da1443f2dee324d2f0b2f9c2d82eeefcf8
b72e282ed50ffade1df1dc0de30808d3062cedf2f620fb11bcf1ccbf43192712
cb241c24c202051116c44211102c3bdc1c04ea14f51b0019e9eb441234302209
000ef4110a23fb1a0e09f90811051bedf1dc10f900ecda1702e230a40713ea18
d5301b2e0e03084a0ef71f37f91d07dfd9fc04f9df11e2092ef221a82009f103
fd0a1c16eadaf51e02fcecf30fb6d4090e2501f2101dfef4b107a2ff19d7c916
e3190e17e60404fc18e6170d11e0ddce1122e304010314fdcef108c42004fe09
0d2efc36cafcd7f004e60c01e3f021f4072ee307ecf6fcfdf8ee0425351511e6
2907070de824eb250ae1fae3f5f9e0e615f9e409ebf4c60123ec31dc0901f400
e0190e3f0913f03b05ebfef41ef6d3c6050c0009f2febf17b1fcaeab0af2d805
c717f80df3f0e11f12f5d0fd02c5eef20118ebea0500daf3eb1f01f437e9ce0a
e624030bf60d0221f7f5ddfee119d6defc2bf2fd070febffc50a26f616fefa0c
cb281a20e500fa1ff3d2041acd03f4dbe13ff3e0d61cdf12e4fd2ee8310e1013
bc101816e81ef93402f4cf0bfadfceeb3609dcfdf9f5b9ebdceda7f00d11e011
c02e134ff21f074035d1b0fcebf4ef0014261befec3a012626fa48c11c0efd25
061401f204e2f8e7e9021c48d1000cb7fa08de00e02119f44009b0e20b010ff6
d2ebf804dbd0311edaac280a08260038fd19ed0fe50338f1dff63deb20d1eb18
c6e0d0e0e70a13fde9e2cedbd700f92cefeaf90cf5172210eceac10df806ec1d
f1f7dfeddefcd5c4dfeac7ef06fbf713fce42df2f5e001dd16e7bd10fdf417fc
e30af118d4f73beafc04fbf414fd311fec0afe0ef3edf3e3ccdaa60a12041330
2007f9e3d20b26ef0c0407f8d00f03d8051ed809fc012e16ecfbda0bece1fa19
c6f2fee40ae21eca010028cd2af2a8021be8fc1216e9c5eff40f43efece9d90c
d9e1f5d41ec917ac0d0fb3edd0bdf30909fa1a0a04c801023a0326f4d7edf814
0ce3e0eade06f20bcde24408ccc4f9d0f5f813fde031141907f6b51de6ff0e23
bf16efdad11827bbe8d9ba19ca1bccd6f508eef60010e9c2dde0dd1100e33c1b
e70005f2e3e7f5cc14f128bb080d1d012413000f14011105df0c8ff4f0e7ed0b
cee902d406f3e09f1ded03c6f4fbc91000f5190e0b0723f6d5fbf3f9e3dfe4ce
f5f307c020d713851d21cdb1bbdca5e303fd1d1509c5c8c20c19c6f8b6e3d7fe
f2ebe0c5fbcef1e1f4152126e1ebdd9efafc1dfaf72ee32ecf0e8eefea140c3b
e31afcbe0cf1f9d50cf2c53c0202f4be170a012912ec44f615f1c6a8f01a470d
f503fe0ddebffdcc0bbbb1d40e1afed8fa0feefa03ffe3f70b05411ff401da05
32eef1e2eedfe7bf110e16dce0e513eb02e80b1112efd5fa1d055812ced3e2db
08f2fbf61dead38c0724cad0cce9fbb906f4e716fc10cae50611b8f3ead4fdfa
03eceebcf0cbed2aebea031df1e8e491bcf5fb16f709f5fcf504ce05e1f81e14
bf08d5dafeeeef0bfcb2e61cccdb18a5fb040d06fae634b50ae9a9c9ca061e00
02dc160fd9b321df01a9c325d4180ce903efe71202e9fafccb090adf05f6eeeb
d7ea07fdbbda0c2e02b91413f4dfea04f6c6c907f7f3fbcee4ecaef0f0e81510
e801eefeaeeed6f9f8c8d801130932f8ecf2f706dd1c0ce9b7de9bbb02db2f0b
f6e9fffdc8fb020f0ae2090bd9f5c1a4dff81e05f4f2f3fd2ce2dc81fbea1afe
e2e1d000fbe4db15d8bd18f910dc198609b6c71e05cde1e52dedacb5d4f6f101
bbf519112eeaf055a733ae3ef321e0f7c919380113f6c2033b10c5890628edf8
cc0225102ff0df0bcd26b0c713f1d4abdbf1fc0a1ac1b8dfdc03908dfc1d09f2
22fd1c1322f518f3ca1d30b3f6f71aaaf9fbd503fceab6dfd408a5e4f01dfd07
d9f8ebf1fbbf25dbd4f7c6bff8ff06d70e12e2f2fb03e4bcbe06fbcef8e1cf1b
f9efb3dcfdaa0cbfd6c9049206c0d5fccffae0e6d2e2d49fb1cb45d3eda9ccf3
f0f60c0e21df1c1dbf2ffcfe0b30fddaef1ed80dfffbb6122a0b869a0910ca06
1ee3090617e8160bdd20f3120202f1a415fb0e1611cae5f1fc00f5cfe905ef18
1ad30205121efe20dd20f5e3d7e9f98c0ee0e90bfcd606e70f104fe5f109fd0a
e8ede0df09eed6f4dacacfdde9d528c9e3d69e01f4d11ac9bb00ae4ee8fb09f6
29f8d7d411e3c0b7eacebfc4d4cfede40dceeb0401dfd983a7f218dde0edd3ca
f3d50eea00fb34f1f90017dac6fb00f812fad603eaee03ee080a0efcf900e51a
d5edfde60d03f1e417fab6dbe6efc0ca04efd10804dfb6edc3f63ecde7fee8f0
ced1efce03f8cbecfa0611cbe3d9f3d80de0e10c12c4d1c93103f0f7d41be8e6
03f1eee906f3a309edfed0fdc8f034e30804040007ebb4eafc00e115072816ef
f7fef2f01c0181d3ed00b8e9ebca17ebfce2a1fe05e3feadfcfecefefd0703ac
e7d8f7d9e81b43ebf8f41305ec0503e41d06c6f5f50815d2e3ff933e10eaee0d
d8d2e1d4f9150abc15f2cf13122ee2f4fef1b2faf2e3f2dbedf89a01f9f9e0f2
eadfdcf1fc1acdebece395ddab02b6f4f6debf08f1e0c6dcaff91920d4f1f406
f601d8031106a430d4e9b510132d3bfb0a0deb0ef8f5e0f5d4f8ebe90e1f0d16
c506e1162aee8510dc0a100deaf14bfaf0f0d40bfff1bdf516f510e5f13df5ce
dac4cad0eb3509c0d909b7cc16eb1aeb0fcfcbfdf2e9c5caeafe8ff7c8bed8f8
32d9dbcb0514e0c004203dfb1503222c14dcc0101c13e4c58805e616e6deefef
cce7f3f51f27b309cdf2bff7d4e3f1f7f5f0c2f5fd02fec6de02cb0c06f612fb
06f8f80327dd8e30aeede9e60ceb18c4f6fdcf1cf2cb2a032f0ea0f20717ef04
f207cc2d1cc0bc3facf63007d6e957cdece9c902eae7fd1cde0ad9310233d404
f31ff1ca10f2e2001a0daa0914c914fb24ee0b12191f0bee270430cef5ea20ff
0413fff0edef0c27fc231700fcedec1112070a1f1a03f4ec18f2bb230cf4210c
e4d3f3c8f9ed0b27f6192bf5e0163deb0013ed11f5f5a91304ffe9f7f8edf3e9
0de816f3fabc142602e7c8f5e6094dffee02d50ffaf7c90e13ebbdf00bf7fbfb
0f1c02f3dea81d3505efe304f8f539010d0cc705fc2012d601e7d4bffeeff415
fe18080307eaf9f008071004d2dcec16f006ed181601eeeacf02470af5e511ed
30f9f1f8210beafd04e6b7f628ece3f5f7091a11170cd807fdf602f2f302eeee
07e408fdfd27c6f2d8d1e3f0cef302c2edf2d6e9f9e3c9ec2fe5b322ea0cfad2
ccff3137f2f80605edf0c0e5d902ef02e7f7f5020ce60315e1f20317000834e0
f11a1513f0ddedfcf208b92005f1afd3f605d40e0413cc2db9f94eae0c0e22ff
0dfafe23109803f20c111519fdf8ec1ee611affffd19ce1121f11afc23e9e9f6
d6fdf10afbe121e6f4f3a60e26f3f9fcbf24dff3fb1de120f0cee9ea3b01f726
af110c38a82524f9ea8b25f1c9112faac051d1b1aa5d1520cb95d0b6630b232d
000f084cbbf34514d8d9d6f8141b0ceede0c07dcd737041b1ebda8dd3b265f27
f1edf411d0e01cecf13d2a1fda2ba9dcf2fbee17f51ff12f2df6f5bfe7043124
fefdf0130dc6f3050018e31de4d6141202fdfb1a1a18ef28eff897e603ddd80b
d30efcecfcea05fded31350fe9ce152afddee31f11ff01fbcf043105ecfef403
b5e8f7dce3072ffcef0d26fdedfb04150bfce606030debf6b3e3c9edf8fef200
c0d5dd00dede280601f9b727fbf34d1615dc2f1e1adbd8ffe8f19608f5190601
ffecf1fa03f12211e917b61506fadbf7f8e8150009e9c332b9f9d1efe7ed4d2a
261620ee12f30a0b1d191c0f13e3fab1f3090ef20657f00b04fcebc301e8f61f
200afde701ffff0c08ee2afefed71ee3080920fb1a2fe5f01b0909fff5dbc20d
ec0f1402fb01fb050f0fc0f91d1316f7fcf7fbf50317dd06300242bbfbf2efe4
c4221d08fdc3fe07ffe20c3ae4f32afeeef5cafd0308c0f8f7ffada40f01f7e2
d7170ee10cddf4190909ca14ccf3c90ee818d70ffb05dbee32eddedf09f51823
eb0519e3efe8fd1c1ac3e71cd413118cd004d9dfdaef09ffcbcbe9c6e7051b21
e41b0bfb1a06f11709e3150001f9fda7cefe12e1f3ed20e3dbd21717fafe191f
17dcf3f21be5fa00f4d2291e24f344afb6e7fed4c1c000f60ce04ef7ede10b00
10e208fe00e8fd21f8c54826f0f72ac8e0f9f6d7d7ddd307aff7caf408e6e809
1bd7eaeb1101e80bf1f5cb09dff1f6d7cdc405eec6cc0de4f2e4e8dfe4e6d412
cc2617fce7f3e1ebfdb400ffeff007eef717ccfbdb17f607afd3d2f112fa1106
030b05f92e00fefcf0c834f7ebfbfce8090be3dafbffcedff8f5b20a03ff0af6
fedaeae8250cef04f7f11c34fde93aa7fcefd1ceefdc20e90e05f323d7fb0c0c
fbceece4150fe31af60bf836e8e336ea0edadbe603d8d100cf0d15fee8eaecfb
ece3fbf9fc11df15f516f01ed7f1c42b10df1f050bc0deecf6eface6e6de0509
f70610f3dfe121eef8aad8fa0aeff5dec30fdbe3c30dfa13bed7ecebef021600
02f6ea04df000c1ef3d4e6e4dfe434e0deef12c9def6060dd8e4abd3def50600
c817091ea6e41c28eda8ff04d9ea2b989918c7899c04ff1b0bc0220811f41817
edf801f80605f01bf2d513f7cbef3309d8e0fed3d1e719110cfbe60ceffef3f0
32fcf303e9f1da0c030bf008cfecf9f0dcf43ff2ceedea061df82ec2ecf900ff
4cf71307ddd13c07fed9d0071f1f1afbe20ff6f1d60d2e1ff0eac3b9071d0707
defceeefd5061aff06f6f70fe3080fe1f6f41ceaeef428fa08ef15f0f6fafd0f
03e9d500b40e140deed2f8f5da0d2aacd2ead5e2bbfc0603e4e41de5d504e726
d717efeedb0ee90bffea2adcd40a30f5e00e1af7e0f5fd06cbef9e1af102040c
210d18060502f61205f0bf03e5f206d5cc1847f8e3071e0e06faf41010fa0bf6
2dcbf0f4cacb0d3b04020e0ee418efd6b7dd09c3b8d6ec0213e3ac9fe5faaf12
34f8f3ece423011b1008de171c0d2df8dff53ffbdedc0f0513ebeef2dcf3bd2e
1acbdfce0323fc260c08450d032938f7cee424f2d8cfdb0a2cd913fcc9ed031c
38f3f404e803d3131108dc1124fc34f9e0130deed5e2d8092fd1bff1f7ec0f1f
170621eeed02dc2213e2fb16ff0705dcdffc0dffc607dce9c4ca0d1d15ef2308
ecf4e31740c835d7ce250358db3f02210e0ec61300121a3c2b03e6e1efcd0226
ddf21304edbd13d8e4f5f04fd02323ee2615cb0aff231126fa00b1c40ef7f614
dff709f3fb0b001206b9480ffd2b0bfff92ac109fc26ae19d8dcb2f90ae2e407
cc17271cf743fadc2bc52e0aef0b05ff0d17e105083cf83003f24d0227e528f9
d91a20ffbb34f2d810d4b107fb4a4cf90320f9f7091526f0c8eb4cd915f514fa
d711f6021be63edb091503f2c01efff7271aff12fe21360b05074d0911dc0521
0cfd140be0f023b907f3cce21304d6f71923e7ff06ebf106e4f9edfb00f70316
ffeae9f004fdf2b80b139ec5f9f7db1a1cf800fb06ebe206eefaceaff3ca030d
b1f8eeee04f203b71b0fb1e2bbd4eb0614071de90821481eed0b1fe402dc081f
c0301322d00b08e3f2e71f1908e6fff9ed29d5e9f54fed2104f63dc029f10a1e
e800e5da0e32edcb0df1dafa2ec7dfda19d8c31a0efbe805f9064513dddd0919
0b0f0800f9e918cb1bf609ff25d3230e0e290701020e1cfd9afe3a0a07f21616
fbd9d6c83512a58a133bac81cac8e03817d514ff12daceca190fe4d5c9b0c89d
94e101df10ffc692101fc9d1bce1b5fb15fd190f22dec7f1f20cc211f3d60fc9
0e0fe4cf00b9d5f808f4c7faaccae6f3f81507f8fd0e43119af79ad2fce9ddf9
e604fc000a0ce0f403e22cfdd1c34705fceabf130efe8a1bb00b8ecae2e60c13
02071c0b1cde090a07e2e2d41dbdfce0e719fd06f50bd10b9ffcabe80e08dc23
d2cdb8cc27f3cac3012c06e903c719fd0cd923091ce200e6c10e08f4bfbae6e5
b2dacbdd09fce9d60003fdcff1c3e0d613e7001016eea8dcff0fd91be5e7efec
bc1008e905d1e718f2f626f5a7e907d51926e70c092c060ad607cbbe16f5e40a
fbef0cfbe4ab12fbe7e63bfedfe015fcfbe9f519fffae5f418eaaf0c00edfaef
ddff1d1cbe0efb1a0dc001f0fa09cd06d6fedaeff11bef1dd7de521c0803fafb
df0b05f5da14ee0fffcfac0edad4ec05d2f7ff03e007d9151dea1cec07d6de14
d90fecd2e811e4f908bbfee0d1f7041d11f6fdf6013ad7fe08f1cef01dc11efa
cd462823fdf3083ef08d29063517e4bfff2330fbfc534f17f106b9d157f528f8
02e71e0af0e23411f7e5d21ab04ceeef1606fd0c0ef42522f205ac060d281429
e9f4f7f10ebb332efdf72830c317241e050cc90907fec50edf0b4ae70dea0d1d
15070015f7bc222210cce803e200033d0f14c70f1a22f70dfffc02e101e8020f
d8050e11e10c0a1606dcf5fcd9f305111018f5ec041608210af607de07dd1102
d5270210b20d09e10feeb7fbdeff01121f1af6022e05e4ffbdf94dbc02fd3b1b
0c00fe05d8d92efafaebd3e7c21be1fa1e27fd0cf2143d1102e7fde91726172e
e5ee03fcf2f70e10ff0711eff7f6e9121c03ed011609fa1034fd2dc8f6f4e901
def7fbf4f12402ee04eec2c92610cf431ff4fcff1ae7f700d8f497d508d1ed01
d4f81105ef0317ef11e9bfc4cfcff9341bff1dfe0d1e131214fe54f601e7f30d
d5320f1cc0ebe8f5f8c7e90314f8fb1b0e05f3fcfa40212806eed60e0ef81f2b
e01c0d13becf38ef029ec20123dffbccf411a50eed16111ef3e7b0d6222c093a
aee2f8e319f607c6050bc5b31caec8211dd9121328dde3f5170ccf08f4fdc9e3
d8c8d2ce3d4887990e28029bd9cfc93b27b30e1c2ca0f6bbe30ae8c5bec8c181
dfe606de1417ddbd02fd1bc4dfded61316e5050621f202f3a80b39e2f1f6e5cf
e52d1411c3d606010494be38a309db05f61cbfefed295a31d7f806ed0c1f1616
d7191311dedbfbf404b7e3fdaececad303f4ba081532ee07230000c40509ea0d
10ebfadef7e91802f7e2b7dbccc5d01d0fe5f20e1ff310191208cc3701dddbff
eeefeffb0115ebd20cefdcdef016f5f209edfa1016f8cf19f8020bd2ebcbeef2
95f0f9f8f8e9eafdf2dfc8cbc6f307daf902e913031cfa1fe50211f60de511fa
e718ed0003d0f91ef6d9d22decddce032c14d11618fa550d2f0591dc0b0c1f02
fa142811d5d908f006fb0ee8c030fe0b140fe0032836ad0b24099bef10040601
3509111fdfcb260402dceddecaf7c7010207f3f70c1c071c2f0205e60be20c13
aa00150bdff4f5e90ff5d0f7db13ce04f600d6031b28d322abf335ef0bea08f8
cd19fcf8e9d6fe1904db26f1c5edf5f7fb152af8f71cf127affd1b0f17df29fb
1521fd2b0bd7011f00f1370dfefdcfe8160e1505170cf10dc8134ace0f223dff
12f2fc2816b4333711fe061cd80800fbdb17f40be404d14233e328f7f91f17fb
100c001530c41406ffe4ca1d11e8011dd1ff0730fefdf407e9e8d3c3fc23280b
10201b1a28280a2504170532001ae40bf4204507f707e614ae0babf50e1d0bfd
1bf0072442f5141e063bab32e9fe1d25041608081ce3d42a051150f6160dff03
e801063d04f03916ec1e041903a5050efd070ae71af7fb02e90bc5c414f0c116
e7ff180f33f5ff2c1e3b1141e34cf8fb000ef1531feede2a0ffcf7cefc0c0f11
d6e9f1d63bc5e4f3e5212043d010120bfee8055d2ad62b08ea1e110edc181524
d1dcdae72807bf01f115b92e1c3bfecef7d740fb02faf02bf91f01edf1093cf4
c6effa0109f6220e0515bc35c41f0f02e80a0de4f9f7ab27080d1ef3fc0424f5
f0051f0cfcfe23271c27fb1928c00a15f5ff3efb05f892101c072eed150aeff8
ea0821206e02faea093c0d28c52efef2f008f90f03f9052d06174fce22031004
d917f52124cd073df8312855f21d1ed30cffd2270b04de27d4fff5ef17270b22
d10e0037e5f0e81afcc21427d137e9ae0afaca03c8f6132fe4d8281449253e29
e41c0d49cbf2281f09a2f911f9122004d321cbcac22a09340afcfc004d122c24
c90d1b02023d163a14e9041b1cf2e20bf90121f60607d7f8ed05c0d0141722ff
09110f1f46f415090c0c1c00dd053205f00534ff1bf8f138b405fed4361606f0
d106f5172de4f70c0126c625f6e115f0ffee10fd08f9eb0809ffc2f5021ff302
08fa14f8f900ea24050ec51c15221df20ae9c606f9ea071b220bfdfd111edd03
1bf6ff2401f9110bfcdad510e1e427fcfcf3d4e5fb05f218ce0af7aa1617dd10
effeed07120cfc17edf3bc011cbef1ee07e5eef213d5bf042d0ebdd2eef4fa0c
07260e3f0bfa173dfd15eafbf0f1fefc0318f6dfe0011527fdf9ebd926321dfe
021e0c052602fcf415083d0124fb03eff0f0320defe91e0ec8f200baff16e925
de102a203bf1e6f90e0cdc0a1a1a0517e6f2f1f2eff3d70dd410b6ec0901d4fa
dbfa05333a0afb2b0028151becd4131e22e00a0f3edfd320fe2f18eff103cff7
ea00e613111ae723e9f8c707cf95021b0be6050f13d3d5f8cc1735afed05e7f3
110917c40bbb362709152113c8231a24110e42371bfed61bbf14b51000f2fd14
0100efd0e0ccfb29f825d0db0f0b1e29f4040de8f2e7edf5cc0f93e308e9f9ed
f6f5f0f0bbd5ed2ff5d20bdac3241200e713cbcfe7f2ad1aefe5e7d602cfc5d7
d208e3f5ddbbf93ff21935c8dc3973e9e90debf8f901bf032702edd9fbc2f0e4
060bded6e8cefa55ed0ae0dbfd1ff2ca2315ed16181405fdf70fdaf1e9dd0d07
d5f219bd22072822f1192619f446d7fbf3091a0d0eeff416b50922f9eef8f719
c70018e1fa131620fcf302f0fa1ace09ec1d12ee030cdb1204f5b4dd1013e1f7
c5f80a13da3bbd0fecd3f9c6cb1002f2e727e7d001fec0ff30d0f3140cecc8bf
eb0b1d1e0412eb1df70dc5d6e53005f1e6120de6f614e72710fdf3f51ae1f1d1
f7f6deeffbbe0e08ec04291edd48b9ba0ee80def09fceb31be0ce2e9f8e90b18
fdccecce3ccbde0deb1bf136fd1ff61707f0ec2e371507ff301c4ed9e3f7ec06
ccdae90bf3f31102e6d419e70cfb06dbd808f4fbf8dc3109e6bde6ff05f7d70e
b1e2e516ae4307f0e39493c7bfef2bffc50bd4ecc100cbf1d28122d115f9fc0b
f6f1f81fe40f2ff6f2ee08d8c4145001dfff13f9f32cdf0323d2e60f2806000d
dceee7f2f1e71218f2fff00cce26b6a6f9f4ddfe120bba26abeff1b8f0f62a0a
01dfd9d03fe7053cef25c50404ee13fa31aadd1f2af5e41b27f41ebfc4f4d1fc
1ee90ceb191e1218f82aceefd5f3ff1af9edc1231e04d300daf0ecddf807f0f3
fada10e1e53f0af6fed891ddfc141c4be7f5c017090504eab0eab9baf9f101ee
bfec12fcea0717190cefd016bcfb3a3afbe7092a0b05190b2bdd182617f5e0ea
abf1f4da2acb1514f7453d03dbe7dcea1ef2092030e3fa2437fa960adbe90eeb
eff006be31f94c14fb273bf1f4ed36e026bfee182af1fc0d2b00af15c7110619
c6fd11ef0efe2c2cfd0522e9d30643feeee1ce081707bbfcf40de0eefe0411f5
cc06211bce0efa2506e6fcfee640302ee50cddfbf045d81a200b2fdb2309edd1
bd18281005cf1a3200db010fde261229e2110718ef28ee10100ad3bc13efcbda
00fe06d50fc60039fc3cea07c9d2d20b0c0bd2191bfff0092affa21d1ce3fe04
d812e7099b0a12cdd3affad408e9fa350518d9d8fc0719d431fd25da0ecba7e6
bf22170fc822ee0103d32117181014fdf207f2f9f021f20efcf3b81b10e1ead7
d22114030240d71d00fdc00d1f195ce9d80bea091514f50f160fdc2114ccf3d9
12153807231fd0f80151e7ebff160809fc080dfc1507bff5d90ddef72611ecd2
f21c3f1915e60025fc51d70b144b0b0c0b3f1ffcfc40ec380a1feac6402b180e
bd0ff517db30f8cb13c23ff4ccdc263000ef05e9e4eeeccc07f00a240026cecb
ea01f1e5d82cf40710bad30df4fe27e6bbefe8f5d006180d25d0ed10f1ff03f5
ca09e407d81e0a2608dce5f5eb2a151afa0acf1d0425cd40c30d07ea2cf9022a
cb161319ea1914f60512e8f1ed24f4050c1c11f20308ea1ea20e19dc2b0fef29
dd0c201802fd0c19022de1fe1310021c112fdd06fc1bce21372a9f2d161c091c
d82b0714d524ebe1380ffc02f4bb1f0af80b1cfdf313a0f92aeb14f50629e4c8
fc2c2302f025f511181017040adcf1dd09120703050bdef60f0e10dff817130f
11e4dfc7270bbff6fb38c5e9f4cecd200ec610090de4f0eeec1cc0e8e4dfb4ed
25f605f604f1f5f615363dd207ead2160f003f0f00f5cdd9ea1fa5dbdceae9e2
080ef2f7ecd30632081dd4220903dcfafd19f90c0941d80b070faff20fe3e4f9
fb23231112ede43013350f0507e8532b03223f040506b00e15f80ad7f41bf2e8
ef32323502de1410f0f3c2c5f8f36614ef1901f00a1cbeff0f039110141de821
ddf4ef0f03d4de04020c34e00bfa0922f3f42cfc06ebf7efd10ca303e6ecc8f5
06fcedfb10cfee121d25d5e0d4f1db0207f941ff0b0db8e08a2003dce8eed8ec
053311de04bfe81231123a44bcefd92001190df90b3ae8f2eb0e3e0224e6e6f5
2b422e2d05c501110f462408b3f2422b1e2929ec1a2219fbb90a1317291e0c00
d1122c3107be290f0b1736e512001722ff15fa1c12fcf1e8061a99ff212e0816
d9ff0c2ce9e9f31917152802d0eac7fa1120f412020611ef32079f07220efbfa
da290c0b0225f1d92421c00a20fbd72a210df2fa06159e00a60031d03aff36f4
1626371ffbec10e64b10d21519f70947db3106dfd7221c1223e627003efb28ec
01bdd3ab49fe00f4f439f2ff002a0419d4bf23ffec92e7e5092f1d2bb4e32214
dce8dcbc282702edf3fad6f6fd0e142fc6c52111ebdff2f0adec4611a5fb0801
d6d1d8b634100006f029c303f6280f3bf9c13118f9c1a7f731e401dfc2faee13
e8ade6b5310217f8fc3f41fa1a111919c8cb3a03eab9fc12b0df0d1ab6faf518
cdade6a330e60316e227c1ecf114faf6d7a466ffd8bbd8cefdfa580eb3fb0f1b
15ebf9d6309de0e7fe02e51be727c8f8e1dc110002df37ea0b10e7b4dbf642f5
14f3dfda24fe0cd0ffeb3807f110dc0eeaebf21e09e3e01b00f52413caff0813
ff10fdeae203f7f0fbfdd8171d46e0e9c72018f7ce06ae3ecdddb1db0d0b1d2c
13c8e2c9ffe601fcf119190fe81800d7aed72adfe4ded828d4f911f5ddee35fe
e1e1e1c2361ce2f9e316fb03e625e308f3c7411108a7d9e7330d1304c0f73cfe
d2ee0bfd3605f4cbf53cf82b0f2ac40effe61c181a0abf0ab0052b0cdf1319fb
2b180923022c09c803284005f10e13e8f30ce9052304021a00004edc10100d1a
d00f2d10e31afbdf31f53009e61c07dd1b319de5042bda36e9d700bd240f2c29
ef02fafddbe2f9e705cdd307142402cab21808c1d2210344bae00506ee193f28
00dfd5de2009e516d03ad0ff18152e1debc72d1dfcbabc0f19fc22f7ca173005
0fdcfbd837e309edee451d280725e30bf6e120f814f007f9000bf0a7de06ff1e
0be7f7ed103207b3ed4fcc02cfedf0dd09edf61311d812f6290f42d7e2000017
20f0fcf533f2ebb40e120af8d2f2dde902ddee160de40c082efea1d7e216effe
d8edeff23ecfffec041e25f5e9de3ee6ead91e17f3f8d60a09023717d7082410
14e7d0bf2b33d2f7d74328f505ed3802f9c4541a0fc4e5ddd304e1f9c2f42601
fdcdcdad2cf4be0ff23d1d16040e04db01b41dee13badfc7fc0b0ad8b703fd1b
2eced6c23130bfd5df3ee40fe80af80006be3f171ed4e2bee703f3bbc604c7fd
28ede0f45033aded065fef05d613392f0bd52a1918d0f913aef1fdbce21ee7d2
ffd9e6e659f2c1e2e527c6f5def2251eddab452f09d1c4e824f4eed7d5060bf7
ebc2edaa2839abfeeb3ce400d30ae9ece8a4612004b60eba140c50fdcceb1f02
0032204de4d7d7140e81bc02e40ff7d80833dd2cf72e3f2ec9dbccc14b2435f6
11060519f7fd084d00a1e7dc1911f5cae80fc320de13302c35d3a2e12b09f4f5
de120e18f8e3ee380ccbd7eee1f2fef7fd25e508fb0d20e8ebdfe00223efe0eb
d704fe1b09f5f52d04d933f3fcfe13dff4210825e7f922d9dedccff817efe3f9
0e171c3d2ee7030406c8f7d31c04f4e50029f5260c321cfe1be9cdc240231ad9
13000a0fe5d1fe17e4bb07ead902dedbf4fcc20c0f10f90fcbe93be7f3fe0bec
c3fb0e17e7eb1420fbd93affea0f10e6e71be3f6fa30b903b9fe3c0d21f4d7e9
270c0b18f4fae9050603e1e2cc0ff6000d11c0fb0f11c0e602f605eb14eee1fb
eefffe131ff6de020d0ef412fae821120d290f21230913dddb1214e004e1fc0d
df1c0c1cf1dd05e515f1cbf1d710231ec3310c09fc1c13d30be6ae19070a150d
dc04f518fee5f3e6e81422cfcf1016f009ebdd19fb0cf9dac9e2e10cf6f006f0
f3efe812e703f4e4ea05eaf6e2dc42f009edd505fa00f3d2c8e301f3f6f9e4f6
24d6dc01c9eb25fffd1c30fbf0dd2a3202f7eb1804f40be8d7150704e1ffc006
06020cea04f7c4e7041333f7ceedef30f6fae8f9f4e51cf830e81beefb07f216
aa120606d1ffdbe1faf42e0009022122e9180bfcd714e5d0b9a2a1defe0c13fe
f0f2fde105fecfe7f6f6b0c60efef8ef0afae02f06f637dafdfd47c404f7f4df
e7ffe401f92ddbf0f70037d60bf0e8f300efdf30ffeb19d5f3eeff01f9ecdadf
0ed7bedbe30be5bfe514e1e8f5d3e41ffed9f10505e2eddc1500fdd5f1e0d8e6
daeb04dae821dfc0f433dccb2215d815ffdf09f9fde50bea07fcad0309f5f0de
f31b182ade18d6cbee290dddcafd25d2f30a1af4dd1febe3facff51e130b13d6
e7ff1c0004ea1d0c04fac9e0e5f90d2cfa16e610040e070ecaffdf122c12f1f2
10ffeb04f6260722f20bc0ced2031a13f20dee03f4f71bf214f489be10feebf8
bef5f3fffa1205fdef100403f42223efef0ef704f200d202d3efd6fbfdee16fc
1afe06f300ed1beefa282cc2053ff1f5ec1affefff07cee5e201c5d10df81aea
d1fb1606e00ceedefc1423c9f22b0295c119ecd4cf2ae2dffecf9fe012081de3
01f5efc51dd60711011a07e5b00e18f23ae1151824e9e101390e9a1fd9f517f1
f10402df28f429f10627e333b60f01131d0c36010afdac033c22b8f5fbf550fd
e4dddcb2f8c5171af117ab16072d22c70cf7181ae0fbbf0d1cfa3018ee073a03
cfe9fedb0210033af51dc30f15006dda10ebe2130cf9c817a2ffc22706e2210a
1cfb0dfd100a1436061435030bedeff021eeeaf4121af7ffcb17f2aefee00cff
f311faf3fdda01d305202beccde905c6eb000a06eff104f71e1409e3f401fce7
0cf90203f80afd0df9f11eefa93807f4051805fe13edd30ff7f417db001c1fe7
e4013326b81902efebd2ccf6ce27ebede519d9d9f106fb0ccdc62ff419103103
db2534fde123e8f4fbf136f4f30d063605e6e4eeffe1f00c0ded55d5091602f8
e0fe27ffe2ddf8ec0ce8f80ff519111802ebd40201f8bafa1f0c569cfd0312f2
fcfbfe09dfe50afaf7c9e30be7e6e9f8fa0bd101ebf8cdf9ac09960b0707fce5
eaffecf1ca27f51ff8a831ec022aed24f221d0ebff05f50ab1d9030926f912fe
f6221c179f3c140fee87cbd0b5fee0faac31cecbc342e3120c9fb7ad4e022023
c02422fcd62818f2ecc41ad6e9fbef2ad926ebf0f3071cff29d1afe10818080f
d908291cd3d916faf5d6ee03cce11018e90bf211e6ddd3f11f05b8b8042d04ea
1e150502ecd01504f017e311effced040b2612f2e510dd29e60949ce0a0feaf9
fb1e0cee02f707e6010c2207b236112c060ff602040ae70d42e62ecf0af80f06
d80a09e3e4011bcb0ff2ed08a0fe0ee6cd12eceec80b23ebb2c431c508000610
c826fd13e7131be9fe17e102b0fdf13c092c22f7ff01081bb0f43ff003f81e0b
09f5f5f2fc013803dc14dfebe2edbc420b020afa05d1b9ff3f12a6bbd5f22d03
ddfd08f304c4f631172a1f3cf6c317ff1e08151707f5ca2d42fdc9f8dff3af14
06fc15fd1abdf5ed111f2709f2f61c2123f1f0120617d51107f99d0be6f1ddfb
14f4fee3029a17d9f11805221402cf15e0eb1dfde0f10609edf59310ebfc00dd
fd0c01fa05da04ffec332113d6d9024111f7181422f3222cee01c0b905e90304
e8080b12e4d2101ef11ddd14bfcdc61f0e040efaf400de24e8f2d5ff0ed61321
0df609fa0b051ee816ee9cfc03ea0215ff24fb041820f3091a0ece9a06e1d704
0df80df510e600e70100dbdfeebf08f903e6ed061f00b6f34b0d4ce8fbfaf60c
e8f8ee1efacefd04eef9d4ebebd52801ffffdf0207feccdcc70c100c04f6240f
cc15e0e9df02f720f1f7c829f6fbf9e1e606ea16000cdedb3a0ed6e81fe02f12
023514fcb3f61306f1030310f212d8c3fc152a27222b18faf0ebf7224ae53001
c6f005dd0bdc2d0e19f1413bf7e6df350d10e01f160bbf0fd31213c2fbcdc604
b20a18eff7f7fcee0af9fcc301ced829fbfaf3080fe6a0001cf69aae01dfdff8
0feff6ecffefef080efbcaf5ade2e1fdf4151f0bf2fef2ff410cdb0b0acdecfd
cd26dcf7c213012d05f7cb27f417d1d6cd1009f5df1739fbded5f0163ae21415
ca160be2bd1419fe06fa14e5d904f6da11f52b2230fd2c1e1ddc26b32e0019fd
f500fee705f30f0d09fda408fff7e0150400ed1cf8efb10e090bc2bffde7bee7
fd0d01e90cf60fef0e21d3b4b0ef1625fefcfb1d13db86e0dd07a8daeae8dcf2
1ae7d2e40c17eaf4202436258f0de1f3efff1cfd0b06c800d01dfee3fca6fb03
d028fce9befa21241be5ca500c4af3e9be2edbc9b628020ed8c92d0730d9f50c
ce30f8f1bcf4321b22e2e8eae804fef10706fbfb081bc40ad6ca4faefef8f4f6
cf02130af40af307fbf600f500ea12100df71b16faebec0b0a01eeee1ae2e203
f2151104f40205f70416fcefd110182aff030314fc13abf1bdfd30f212f1061d
03140206f70ef7060109f8049bd6e7fff41bddf90612022715114c402edf1e29
0f29fe36c7f003f321e8c910ee0920e0070bb6e7ee18dcf6edcc10bf0611e6e6
f94d1926e0d210d90ea6fce5d4db1fb034eaa2f80d370dfa16ac18e0f9f007e8
e1f30eea0b2cf20df90ff6f50fdbfb2d15e3161600eed2eeab080de8f9ffef03
b90cfef4002908de0946a00b01f22233131003310f0590f9030eb6fc0007010b
d127251dfaf6fce90508bde8dad5340c0637eeff1e4626f6aa0bb4f72df0121c
e5281c38eaf81fcb19ec23e0f2481ce00c06c2f818630e1bc5cfa6ff3e02f8ea
13513a43bbd2ee1011aab2f0e9e95be717f8b312075bfb003da352f5300cf4ea
d7281446e7cc0ff70c94ae13f825fff0de10e729fa2668203dd589c939130200
e01b0434fed1080b01b905d71707e7e30e12b514f62738380cc8d4d72b0d040a
2c29fd19e3f8f61803ee14dfcef2f6e6051ee10d091dd70ed6dfdae423f80e12
142af605081f0a211302e4f2e903263c0b0aed0f1113e609bcfab91b13e31312
c91dff10e7f8f71612fcd7181ef826080916f208011ac812e4fb1cc402ee37f7
260f0321e5eff8f900b1e0dbdef8f1e6100fc00e124aef1fbbe8f4fb1e0a2d1f
d6210b23fcf714071cc9b5e41d0be9f6032dd8fd0745d7310addbff2270de805
12170decec20d7f017fb17f8d6f7f0180c290d08ff2fbf03f0e8b0f022ff080c
dd1e080be10edfce14feeffbbcfc08ee0d1d10fd061114fd0bf43bc81ff40ddf
d12617f905def6ebfe01c0dbc31e203a001afaff060ac603daf50bdaf60325ef
150f091ec9b9d9d7ffc22501d91412fa1e25c418062a00fcbbe6160018f4fdf6
fc111a27e5aae3f80edbf9f4100df617211be512fd47c50bc5fd03d61d0affec
2a1a0905c7b60a05f2efc60fcd0af52fca27ec14e7311d2ae1f915f21b03ee0d
d016051d06dbcbd1fa10baebe3f4caea190ffc050007e304a7f896dd0d01dbf9
d715010e02c307d8f60d02bfcce81304f50c0806ed0bfbfc36fd2bbd040415f1
311e0316a8def4e607cdbacb21da18fdf226e021e7203604d7d146de200130ed
f91f1523c3ebded511e2bddfd5f710190f2ff2f20d3d02ffa9f08be716fbf4ed
f21b011adaf2b2fe080d04e7ceebf420051f030f1704fcf337fd29e910fde3e2
ae1d1f15e619cd0f13f7e700d40a0feafd0bdd1005071e00d9de31ca16e0d5fa
fc120627f0c8f02ffbdac702e3e54de1030f090fea251b0d23eca6d81aff08e8
39371e1c94e4030f1bfc20dc0bd81b1fe634d016fa1d460941ce110e2a2216ce
fd201a1abd0bfa1d01e8fade211a1f0efb18d10d1326dd04ddd4f6ff1600e0d7
d70d0f16da08d1100b1224eeea111bef061505140519fffd3ee71bc025ed06e7
e0081f0ae522fa2105129dd7150320e6f813d20f1413cafeddf127031ae70f14
030c0d17daed081d0af319ebcdf631cbf00501fde027ea1f30e2191e13ed09ea
1d16060bee1200ff430b06b0f80455f1f4eb411148ff11f8e4de1b2f0f01a604
2529050e051cee090024ff0beeeb21fee50223082e12fd11e30eb4242719e323
0c3f16fa1526081c0a35f306ccc82909e0cf12ebf50a0a3504f5e52b2215bb31
2365ff07e91b0d220d210306e7f33006f3f10d1dfefc0b34f9e508183b00cb17
3b4efbf5ec2e19381c1e0ecddee467e9f9d92b251dc61d19d3ded72e32e9db07
2315fbff162630fdd3d90becff010aff27161a1633f70722fb050b1725efce16
37150e1100190317edf40eece0d3fef40af0192b560dec180718e90b32f9f51c
1af4ffe50b05c816000bfcebe5e0d9021633131b0c07ea0ceffdef1330fce82a
231df7ebf206e3090c0f0bef00dbed0621c7122c08f4fb2c0509e7143220c82b
131b06f8db11de0f042106dcfd0123fcfc31091bfe030740d919fd062215e30c
1d19fa16201ffc0ff3eefdd5082b2bf914fd1615fc0d17f5feff240010fcd903
1e31eff30125c72320fc1aef09d4ea0815fcfa1d0005eb2539ea2ce724edd7e8
224a09d1e731f21b171100deb4ddc7010d1eef0ef31de62108c9e5ee2eeace03
0b0ef8f3ff002c0003030f0ae3dcd0fe1ff6061f1f10e009fe07d4ed0718b300
0e09dc040310c80fee1317dfe3e403ec182718261f0e171ecde8fd091530d307
100e1e08db093406f9ec2105e9fd250914f1031bf6e8f7190b10f3fa0fcfe2e0
08ef08f5f0fbde12ec090a0f06030428ebecf3fbf602fa1a1034fff90a0aceeb
1e12fccde51a140f2f06e82eeeeef340ff26f006041706ff0c14f2e90f17e500
0639f9052623f0181c040a09f5e7062011b2ff12201ef900ff1c09ee02fdec10
3147daee2c1f341e0c2c19c2bc1e2b0af9c414132803131ba51134f71513b312
0e01f600d2ed17f4faea061af8dafbff030800f9f1e60e0ff90c0a0ffdcd06db
0004050df2ebeff715f50517f8fef81301cc10f9fbeaf804f81ee90efef9fdf8
1601f505ebee24f918fb050d070d0025eddd1cfef8faebfb1310f60008f6eaff
121bf40efd0303fffbfdfbe7ec160d03fe340c0824f01310dffb2b0fffd6f506
130eaff225f4eff906190399d61d2d07f9d31d121ee80b0ed3eeedfe10f2d423
ceba1f0fe3c428eb1202d5dc2608ef20d1c902f23406d1efdd1806e7d838f711
e5ec0a08fdefeb010212f8ac2509e402e7040fee1afde70ff53006dfd44dd706
e1f404f921e7cf0f25220cb0f00fc9f60e1e080812eed621162df4e7e04b9b08
e3e6f60416d91b17170df3c9fe0fde18f8eefbe70beddc0df93a2bf1eb3dcee4
d8d3e1f313d1dafbfbfdf5dcf0f2f402f1f0050416e8ed0aef29fb05eafa03f5
e312f410e9e6eefd1025f3d10f1efc0fef2cfbee040ce61fee3b1af6fa41e414
effdd7ff16ddbdef2112eded1d21fb02ed05fde40001eb17f4503fece03cdf14
eff8dc0f19ebec06121e07da072bbae904d3fcf81b0ac02af62e2cfae537d420
e3ebf01513ecfa121316010b3915aa1b0ef9f7e902e6d71ce53cfef2f2590ae0
edd4f1fb131b0320ed23ecf50fe8f21506081cfcfbf1e228e433f7ffe326d4e4
ed1af00efcf31217282120b1f10d04151be2fef61010ed2ce9280decf71fb704
f4ffc72ff9e9daec393427f015340821fbfcdc001628d019f80956dbff2fc1fb
3a49ba4edc3af13c5a2f18bab47de4e2f8eb241b3f4edf2430b202f827d7da38
eadffa1d1fdb0e16341d05f50e1dc51c09f4f5fc1414d910e322fbd4f72ce814
f4e01906080bd2112330f3f106fef70902d902f9f8ffd509ed1b03dcf411b0f7
f30e04f60af8d6101517e00a0a04ea12eec5e9f4160dfc1bd515e0ee0024f0f6
fff3fe1e01f5c4151a0301052421e338f705d5ec1e27dd55fb1422edf230fde9
fbfc0f42dff2ed19290dfce32a4b9c1118300a09342cd726310c3cf5f7031701
ffed0e2b1c053511190ff10a0d04cb1dfbcf090c0112f00b142537e8fdf20100
12f0f615060aff20211be7ed19e8fa09efe509fffe14df08e51a0fe70e10e316
d5b9fe0221e0e1f7050aea131e2db90de22bc3f405f5f5f4e81aecf2dc140208
f7d1ef1a1ee6e9050a0df4f71919b314e912ddea1a00ed30fd20e50df520dffc
f7f7161815f1070d1dfd01de1a29c6fd0df30cf01000e432fb1127f61113efe7
fdf81103eb1013220700f8e340f8e3f6edcd0cfaf900f50f170723f602f7ef0a
fbe9e9faff0413151e14eccd2cd5f2e3da2f25fe05f3e4fdc6e8f9fdf6f6f215
fbfce72802f935e223e905d81f2812ec0333262929f0e8d7f7eafe02e612efd5
0a050a13000b1d1014000d39f5f419f60ee21e1935e7f8f002cfbef8f9061fe5
1433191aed161c2111031af5f0e406f117221c1e2b1d0b2c16e20e250b03030f
0d1d11fb06071df6f7b218e712ec24ee0117121530071701fc061b1a1bfd15dd
0cf6e7f3fa0ed60d080e12bb20f36702e8ed0413f5df0600e3050b331d13dbf4
09e6fe0206e710f1e6cc0cd72010dbe71013f51541f219fc15fb12e5e8fed608
12fd080af4f20ee815f8031103e9fbef07050d0624ef0bdb10f208e9f2ea03fc
fdd420e103fe0df806e8f4f0fefdeaef12fc0607ecf310e8effdf7f8fd06dff4
0feb04e91107dddcfcda0ade17ef100c1b1a061bfffc09fee3030a120c27daf4
1b0af8fdda17cefbf1e61ce1341335fb0221fc16d3e40c0fedf1fd151bfee2eb
e9bfebf000f5ffef04e801fd19e5f3daf316080c05061bcaf2db27e8cbb6fcf7
200b03dae01b2b0d0b0bf118ebdfdfcceacf1ce7e4fe03d112b8bff403b6f6fa
060818cbeb0bca17fbf6df04cebbd5c8d4fdcbe9c600ecef14b8d9d4faadf6f2
fc04f41708fa09fe1bf5eb03e6d1031207ea0807e90b06fd111d2006f3fff3f6
120bd514e51b181725ec1129e2fcf800f0210810e10a0a0a1cf1e7200deb18f9
f0d6faffeae5d6112de0101f22f41bff02c8030ce8d70fd9e8d901dedae4f0f3
03f9f8c1c2fb050afedcf7f8ecb30aeacae615e9efd9efcffec3bfe8fccff8ec
02ed14d7dfeb222305dbe5ffe4cbebcdc2dae1d7fb03e4e70aaeebe0d09fe3f3
0607e7ea04f7f30f2df6fb0506ec28fb09fd0b03f8fbf707ed0e21f9e7edd911
fc259cdfef0722190bfa1a45090820fe0bda231019ef1b07f71ef41ff9f31b10
f4bfcb060becf3ce0cc40d001d28f20d0529e70fdbf815e3101a13fed311fbe4
e9e6d308ecd122f521e11f1c0e14fcf70ae51404f3e0f5ec19d7f5e2dde9d4fc
05f9ff0bf3d1fef9e7e314ed1efbe7e1021215f6fff2e6e80215d2eae403fafd
0f09e90503efd6ecfee80dea1f08f3f61601170d21e5e70fe2201102f80a00f6
1a37a90f311d0c0c0f0ffcd426214713140e3509310e0a191013f3221904f008
05249c330a09292110f1b6fbe829e217b9d52bf21ef429250ce0dcfcf30b1502
f70802240f14ff1b4dffe30bf3120417bed324cd000125ff16e3eaf8c8ed19c8
e7ef260818191c0a0bf1f20705081f0fe0d20fce0bec2dfbfd0218f4d61ff8b7
ddc3fe2234e8d0e1d6eadcecf2fff405cd21f4e51308f7ffee0924e8e12cf6e0
a39f111b33a7e9c3d4d0d5e3f8cf8ffdbcd0c3f106f3bfcc0e0611dfb8f0fde0
f921cf1128f021efffdde3f129dfdaebbbca210c05c01aed11e8f4d6c4100f12
0cf9c71c100c1f032707faf20de8e9fae51116f7fed114f60eccc0e3ddf320e9
eaf618e4171e1bfffaebec10eeef2a05bcfffdd23bef2af5f6d0d7feee161ae4
e6ed26e81ae8cef6d213e51f09ec0010bdf4fede321c17eee5eefa1df3212605
e0e1051b2ee2cce2f22fe7f41ee0c919cfdee7d4062ffae729182617e82a0c28
ff1eee2041fcf7ddf3a707f9f8e0ece2d1e82e25f3a526eb09dd02e2c109f7e2
fcece2190a0d27ff19df0708170f0dfef9dc27fd17d5f1fc28daeddbe509fc00
fbdecd090ff5c3efd906fa3808232b14c3ecfcc2310903dce301cef8f6040af6
f1e6bcdd1bd9d8eeb706f21a14df2614b6d3f1cb27060afbda18170c002210f1
efe4d0f21bf6d915f118f00612e3261ad1d6e7c4282b01092f16191af735ff0a
ded6fdf61109e2d1fcb2e93b17efebe2ded002fdd9cfdc0dfea71bc7d3db22af
dfc40c1102fbe6e70906f814000b0e130ada20ff06e7f00607e5e9d4eee31004
1907e5001ffffef3f31e030514180f19f6cd0ad33bfd0505f823000ffb1af617
170db2e110e5ffecf320f7061b1a2b0dc8cef4d82009fefacb222b14fc16fb12
f81ab1060807ff050e2df2e1040e2812c30c0dd70511f1ff22203214ea1dfe16
dabaecdcc1e3afcac998cae8f4e8b4cadec1c2fcbef0c610fbb92da1bff8f98a
fbfd02f1e30e010bccfbf0f60c0be6fae72a0112e001141af9bffce2f6cdecef
1a270af81805bc19cb2ffb0e0a0cfcded3c7bf101cf8f706dc16ee2c261e0033
161ec5fa10eee4f9011ce7e9291f07ecc9d3d8ea3ef5f40def251516ed0c2531
1745c617140a1c1b2a2eccef063d2c03b6db29e62afc0af1292b2227f5150942
1d27c30d152b1e27212008d4dd08293e0f0e140213f8102ecf08371c4a05cefe
14f3f011fe000504152503edd612221f16e1e50125d1d21ff11ee2f7141ee7f1
00ecf42a02ea04f4213d02b6fb12051802fbde131befe3140616eff5e709d21c
153d0617010fde23262501defe000b20081203f31bec10260219201b1514f810
1e1309e5310a06242a44e6ee01e1242921f411d7f6eced20fb1a12082832dc08
2910d7292936d316081a08cbcf022f14f5db1512fbef2723fd0d06e02613e5f7
2308f0fc1d14ec130d2c0acde2f124170ddc09070dfc1d15081b0def0504d00e
2513e9f6fb26cb0a320c0acde42101290d180413e30af50c2310cfe91e02f61d
333b0b06ea09c8f42725f9d902ee143211300ffe0e14fbf5051efef82c0ef310
17181ff8f817f3fd2032fbca0bff3120040e18f4ea0012ff020a00ec1c1bdd0a
0423f4d921251e0e061bfdf7d800fe0cdc0b2004fbf448f0051e24d9fd180204
2a2200c5fd19c5080d2505dbd4e82712f30d271af80a05f3280d03f717f6ae03
3032e9ebec19fc01e8f611d3cdc9c233ecd7e613b31ad4001e17c2e838f2bd22
0a36161409f5c8ef1a1717deced7de25f71de315e312e401e71cc9e420e8ed15
ff052a0d1600f501391417e6f90ef829fc140d1a10f5e6070035d8d71110d111
fa281ae9192e010a241509c6d51d492604df0aeedfdc2700052718fef92614e5
102eecd8fc12f0010a0a25e1cabe201012352c19d5f6f9001412efff0af8c1f1
360a29ed0c0fd0030af506e4dcb3fe19f4ee231fd5fce3e60601ea152effca13
120b35fb1705e0e7e7071ba4caddfb0ce4b0fd1debd9e3e9e605eb140ddcc42b
062134140704ee000bff24c3d2e7fc23151220fe0acaf105f829e2fbfb04e1f9
1e2b28fe06273403281604a9c2e26732fbdd2dffe2e4181bec23321d1505d6e8
0705fa0f120625f9311705b7c7072d171011eaf6f2fc0a20122ee5fc1c1be70b
1d331c240d00df0746270babc5ecfb0d022bf309d9feecf71d04cf070e20d44b
27192e16f90d01111a1917c5cce3fe2cf3e01517f2dcd9fac322031c2120d30f
1b252aeb16f6f803330804be00c5163cfb1a190009c1ed12c7210c031b2bdaf7
eef8f41ce90dbdfc040b08f42407fa171cddfe0940fa0ddafafe24d51d0e00ee
17010d17eb07e6130bf918fe1501110616f506fe29f1042a04040af42f0612dd
ffe8072cfffab4f30ad512f8131ef1fd0f03ca0c0aefe9031b1d21f51209f0df
e9d3fb0f21fac1f31ab9fdf6f9feebe70bd7ff0b31ebf6df1be32ef9030406d6
f9d1e61527f0e9f5230b0ef90cffb116291bf61e18fac9d70103eaf1081303f0
1b06dc0ae520050705250bf10b19f60319d9fd0b27021ce6e2011fea10060022
2e30cb06e0352410061001eff8fafaf80fe528f20ced090af7031e0319ddf310
06f8d929e41a16ef10e901ec0320e1dfe0c9f611fb17f0f61a14c2e0250ac7f3
f3d1d6190bd6f3d3eeeaf3fcfff30602072ffb1f15f3f6f911f51c050e0f05e7
f7e4bb1efefdc8fee211030a14ff0e0e0deaf80d2bfffbf8ffeee8fd030ef704
0afefd06f6fb011216250ae50719cb030c240b0b0b100d03f5033acb12fbf009
5754dcf5c15127ff2c59f1ade21944f2ecf466ecef26f6e51fbd122f55ba9c2a
3b5fcc24c452121c291cf1818127ecc4eee9ee00ff47edcd478da82551a2884c
f5e1dc321ad1d4dc0af1f6d0cb0bcaf4fcc5ce061a46cd1c13f5c3c3e6eef511
ff01f312f3e2ff0cf12508ebee16e60c2016fa1625f5d50c19fc1e06f914ed01
fa3e05020b0de5fe1d0f01f3fa1506f31ceeea0d16161514f8070de30c01f1f8
4a5f0ef4d0362e0d2827ffa7c90c38e3e9ff5615fe23edf706c817052bb9c803
4734f911cc34dd173415e098cf0a10eae7ff20061134e6e610ffd20928bba716
f9ebf7330bd0c2d922f007edea23f1e4ecc9f30d160dd3211901ace1e1f8ef1d
0d0ae71df8ee061218151f000a0f17061aba190e3cf2f00e1f09f815f901f406
f111de141406cce403f6101a173605040df2ea030119e8200105f2db011c09f1
201cfd0aff26be3d311f0712030ff8f70e2b01f0fff4e72e02fdf6e92207fc0b
0921fa1e010206132c0513e7fd01ef0a180be508210cd8f41924f3ea0902f11c
08fedf23e8f827df230c1f131336df0507c4f4180f13ddde12edeb03fff61a13
faffeafeeffbf0e9220d0a090a120405091a10002e17d9f107eaeef3f106ffee
1e0f0ee502132f340c390ae020fc16d30c24311d00f1011bf609fa04260d360f
1629ecee1607eb16072108e530faeed7f9c9170afeedd81ff62407fa252d17ec
0a0703eb0415272d2a39ff193717f802ed0c1df5f1e9e82c0b01de000c260c10
19fbf1f9042399311606fe243e0718f6fdf30df2f9ca0b2bf822010e091b0c0d
1a07fc0cfe23d4252742f3ec2f1118dcfdca1604e7e93336d70b0605230afa0c
fffd0bdef615cb13ed2efc353edbfbe002140306f8eade14f421130524eb4320
12ffe2e9f706fe1cfb13eafa250feffb05cd0ff4d0e9ef1bf9221802010d08f8
0408fbeef90c0d1af8fff1d919e8f4f0f31c05f7e6edf82bf4deff040f0104fe
fe13f8eafa10ef250f02d00614001ce9d9fa02f1e9f1fd23f5072c0be20407f6
f70709f70a0ef8231717db25250d39edf4172008e7e7f72ed50c100406fa1e1f
fa09e2f7090ba610071ae0183be0d2fdeafffef2f7eff52ed91d0f041c08251f
01e9f1e1fdf4f02c28e5dffe2bf2e8fff71a0af3d4c2121716201dfc0c0d1ee9
fed0270af3d1d219cee9e1bc25eae2f4ef2b0aeadcf40012f7103906efd90be3
f4dc2e0beee2d81d22eacbd806ef0ce2cad021d9daf905161004fd13f00f1ae1
faf520ff0d01201527e6dc13510429f4e8cd19e1e4c7eb2ddd10f8f4fe2a29f8
f5ffff09fffece260f1efb014301dfdbe9bafc05fcef0627f0090c0304fe2a09
00f4d7f812eaf811f50cf61005f611fbfa21e7f0eb01fc26021f16f80d021807
1cf02901e8f7c827001ed7e927051bfad6cf09e3dff2052102f10c1214e0111e
0200fe0bf2e4bf0f23f5e8f5071beee9e73404ee11e5fb2ef90e120818f720ef
0d01d719f6081d0838e7e51b3d041dd6ece6091003e9f83ae406f4140c1e07f3
00d7e8080bf1e627f82a0a07301f02ec04d4ec04f2f01e56f6260efb0feb24fd
0410ce030ee72b1f0c29fa245c140aef0216061208dbf228e30613f81deb3b07
1f0f0605f1f8e31d1316fc2149120ef2e02a0df9feefe915d8f6111514042013
1707120dddf7d72232effd172af90cd8eae413e71dfdd03703ef0e1301f30d15
0b20eefa1802d7302317020634ff2dc1fc2e1f0302f6da4dfdd4fa110be71bec
1029dff2010ed414c4ede3b6b309e2e8e426f9d603fa0d2115ef280e0ceea3f1
08fcefdafff1c20ed6f2e4d3acdffee0e6cd03dd17e8fa14ebea3a0108d5cbe3
2018eadbf622c90dafd501ccb4d925daf4e30edd1ce2eff6cbea000c04cfafe6
fa05eb0a010bf105b1f71cc7b8eee9e9d3c8dfe50005ec04dbe1e4090006a91d
0215cc0f032a073de1020bc6bee7dec5cb1cd9ea191ff52f16fff3072f0c9927
fc0fccea0916150cfe0e0ad8beff22e3e2cb08f81f100f06fae5fefe0804d3f4
fff2c8deeef8af0ebd23fde4b2f439e00ec50603f7fcf601e1e00ee709eedcfa
0df7e6dfed0dc00cc12702e1ba0509eafe0bf703f4d717fae3f322f30ae2bcf4
fcf4f2f3e0efd7fae40c1fd3c815f1effe26e3f6f2f5f317dee3e0e801ffc4f2
0728e313f611d528e811fbb0bd16c8d6d7f1f0edff07f61112e4d50b15009e07
0217c4f3e41ff920f50cf2e9ac001acddce2fffdecef021410cde8031401adf5
09f3bde5e60aa10cc32fe0d6a8fc2ddcf5e217ede6fd2100cbd9d70313d0cb0c
04f8d5fa0bf59b10be15deba97f709f9e8f5f6ebfddd2404f5da0b170ae7c108
0b24c7dff3fb170fdf1e03bbac02f9f2f5cdf7feeedafe08f8dd10050ee1bb16
fd29fff3f214a60ee9f9f6e7b3fe0be5f5c6efe71ae4f3071bd5e10317bf88ee
f6fcfdefec10eb03f716b5dabfe7eccdc2e1e70914060d1001fee7ebeed89deb
1307bbf2ed0fdc03f917d7ddd0d916e2f9b9fdfaf6d8240defeec6f2f3b2d4eb
0e05b6fcfb0de607c818ede4a7b617f7fb2b04dceae4211debded30705f2adf0
080ee9ebe4fed417e515f7dab1ea0ae9e71df60008e60e0d01dcd8f511f0bc02
fc02f8ffe910d71200fbd7cbcbf106f7d8f9f60902eefb0e05fec1ea0af59002
f40c0e130628d02ee0faeaa69aecfab6e1ecfefbee0a2029fdbdfd0301bf8806
f8f0e024ebfdc20bf408f2d2aeeb13dee0eed8ed13071a1b21bf15ebf9d39ee3
1d261142f302fa10d11c0ef59ede4bc9ffb0e6e7f1091117e4c6da040fec9ce6
00131506ea0db214c90d21d7a9f821c2dcb1f60df3faf516ece2b5f50e01b70d
0631f9fef134a027df0301a7b2fa39b6c11a05fa000a18371ae3e80911e18123
9c89f7ee13b214c6bfa4a3bedffbaad8b01caab4afcdbef3000021bd81eef881
d9c0e7e90ffaeaf8e2ecb6e5ebfcebf1c612eebddcdfe321e21723cfd30ff1a7
d4d806b4fdec36fdda08c8e8f7e9f8eddf1bf7c9d6e0f217ed0c22e6e00affab
d0ca13caf8e6c116fb0cd4caf70904f6d222f4d8e5f3f6fb270b03e6da1b06ab
dbcce5e411df320aeae581b5c409ef00b3e9f8a9befae8f727eb26cfc62bf9d4
d2cf100f05eb35fbe601d1e503e1dfe2c4fcebdae7dcfb0b1107f0e9c214f8bc
e7dafc0ef5f8f10bf041dcf402ef23f3cec501d0dd00fb21080af2f0e80100ed
dce8f1ffdefa18fbe509ecfcfe0109fbcef5f3d8c9f1130b2aef15e6d8fbf1bc
dbf914f0f304f6140530f5e50ceaf6f4c91803c8dbf801121bffe9f4df1d16ca
d0d608e616ecfa08ef00b9cd02000bf6c3da06b1d6d8f80504f02ecfc723fffa
dadd1b0bf5e60c0a0eebe71bf0d9dff1b711e9c8dff9f90111f3dcd1d4ecfdd1
cdc31111ebd9d5f8f70613320d0ff9facbfbedc7cf1aee0b03f418edcfe500e6
d4abfd25dad1edf3f8ff0f11ec1efc06eaf3f9f7e62ef10917f80fd7c9e5f6f2
ecf80c05e3e7330d0d23f1120000fbf4c7140aebd0faf3050de2d0e2da0802ec
cfe22be800e0d3fadbe5d5fc08db0feccb1410c5babef90ef5d3f1d4d5ed0beb
e1ef1300e3ef0b011922e0030516e7fcd3e1f2aaea27ed0d1007facfc4f20c03
ebfa09e1f1f0ef03091915001002d600f5e703cbdf07e418f60c1dededfe01f4
e3e20804f4f4f8f8ff06fb030107eff8f32109d6cb0fec10fc0321d7e7ec10e2
f1df0311e3f222071f15e5140dffe3f7e10b17cce1f4e6040e06ebcde2f116e5
cecf3002e4d3eef3ffdac2ef01e9f3efdeca04c6c8ede40211e2f4c0d3d41bd6
eeef0aefd4eddc0ae6fbb3cadb18d5fcbfbbed98e903dcfd1af6b5edc9e8eb21
ec020adcf5eef7010906d1c908f8f9f4e3b4ecb0edfede14d7023501e0f5dc0d
e8f11d02edefd1f8db08e4cdfdf6f3e7dacaecd3d506e51ca70726f2eedefe03
cec9120deae52501e8ebd4fbf7ebd0e7cadcd0ffcdf9c310ecfc00dad3ea01f4
a38120e8e7a6c9c8e699d4bcd2ef8fcddf179be2b7ffabed17dd08ac99e0e6c6
ed1beff103cacfcef1c3c2b4e613d5fdf00981ae9320bbf212121415e3d4d9ed
10f6e7fbfefbfeeedee6cf35091cfbdced27c2d2f207c914da020e0e06a8fa26
02e402cc01cdefcdd0f5cf12f61d08ddea2dc1df00e9cf078bf0ef2b01b2044e
06d809c3f6c91ef7f9f5e50efc1412f3e2ebc3e3da0fd710c901ec28ecde0156
f0bff7c9d0b6e9d8e1e3b4b4010bd9fedd209ab1a026b9ecebf0f4e5c4eee913
e120d8fe0cde21ef2ceaa285f125fc22aa1bca94ad1fc10123120d04f11304c1
e91ee716f00bfa083c13c6e9ef1c3710da13f5b4110cf60306f42a170aec1fca
ef1f0619eff6dced2b14e20bf81f24de07cce0eb2316e0d3e0d9b1fae5f80dfd
00220b23fe1719071518e81108f333f6efcbe5f30c0cd6f5c8eab6f6f81b040a
e9e6f2ed03e424f5efd3ade11beb2815b82fd5a9ecedeae0d4020adce52f11f8
1709cc0407fef61d00e9d7b22124cf04dbe1ebbe0501d3040af918f3e3f202df
fbf60d0bee14fd1bfcff02e2062ff616ffedf504fc0ef5fa061109fbe7f9fbf4
c7c60ff7dce9d6ede2fd22ebf5ffcf091edbf621f1f6e3c5f81ae9d0aeed05da
ec0839fae206fcf3e7ff00e70ae0040713fa090fd5efeff107160cfedf0312db
f4024aeb170b30efe3dac7c807ea1d11e60cf4d7f0cef8f6fd16f602cc3115c0
08dcc8030100140ef013dbb01437c3f0ec2702dee5f301fafc0318e1e912eff8
f402f3fd0806220b111108cf1217e4fd1518ee0ccd0bf1fb12110cef031beeee
dcb413d7f5ddc9d9da010cf4fb0be20919c9ee14c20cfddef517d4e1f206f3f1
eedd03dcfbe111f0e6f903081b15ef0f10ebee15da0205effe26f1f3f21607ef
dccd2bef1de41addf7d1e6bf24d6cb10f7c9d5ebc9ece3f8fc35ffe8a32e0adb
f200f90ce6e3cce6dcfecdb5f715e7f1db1ae0fee91b1ee20aebf6f3e4f51519
eaf8c007efe5cfeafd15f3b2f801e2f403e1da01ce20f6fd02f1f20d08eff125
f8e0f0f8f7fdd9dbf21df905fb09e30c0edfef0fc925f9d3f7fde60f250ade20
ded109000208d0f70a08ebf604fac50aff09ed05bd3307ed0bfe05fafc01ed19
a38d2ff70acfcbbe14bbcca50ffca9efe528c6c2b230f0da13f0e1bcbef800db
d6e2c0f4eddac5e1f6272300ccfbbfcfdd1c05e92409dedff0bbe8f3d710fd0a
f4d6c0fe18c7f2e2ed12143103f1b6c8e2c7f50743079bf20fc1d4e0d6fc1f0d
ece8ee24fcd430f5fe13452a0301b6b92d1adbfc37f690f407c1dcd8bcdc1711
ebde111b04e219eaec092b2b1a1caae6f2f2e7f017f8cbe8f7fceed4eaf91aff
daa8f52313d304f3ff1c1b09fb2f91bce816daf42aede5fff831efefff0bf8fd
eaede2fefbf7e1e7dd231613fd1bcfd6fbf8dc0c031fd7f1f1d600e8e6eb0912
f2f2c3090ac9eee10410f72131f607c409cef2ff0c1dd1ec05ebf7e1d5eb2728
f6d3ed090bca25de1a1a011534f2f9a11f2309db0029b1ee1ae3d7e5e3d2242a
e6def91211cf2fe30e2015213908c0c10ff1e602fc24e2e8dff2bec9ef092414
d0e5d01406ec34f1f3191c0eff52aae8f501e4f20df9e9efd818f3e20326faff
ea05eaee02ef25f0e72bff14fb12e1c61de4ea1a0918c2fee5ba0bd8f3de0efe
e7e9f008f9ebe6dbf418f3253618eab51feafa04052ae2ed22b4d9e7fa9d2125
e3c5f315e2eaa8cfcf1eeeff25e8d781fe3202fbeb33c6c333d3d4efe2af2323
f0f7e208f5f6ecf912320a33200acd93eac8060cfc2a01e7fba1c5e0f1cd351e
db06bf28fbf6b0ecff2b211c063b9cdf13dfec160607db0203f006cd01fbf515
e8ed0e03d5e0fce70e2fd9fbf9f2e4cefd10e70e0111dcebf9d303d7e9c401f4
f3d7f407fee0e6dc130cd23317eee5b11bb0e410ed14c6e326b7e9e5f4892804
dfd4e309e2e1dedb0714f62916d589b005e1fb12d724b5f03eb6d4e6e5b21d10
e7cfe60cdee5fbdc0a1c2c44142da6cbf104031c0817d7d624d313d4e1d12008
e4d9e529f2f4e5f60412182e1638a9d812d8ef101bffc9f6cd08e8ddef091013
cbc9e9fbcedef2ddeb15ebdfc9fdafe2d4baf0e03d01cee703df36d2d2b1d613
e1e8c41aeeda2ee3210ae1fb011aa5cb000fd5fe1504e2e608d505d5dcc7f9ee
e6ecbf33efcdf6e21aff0a0cfde096c7fbd1e413e200bd1705cdecedf3dce101
e0c9ed0fe7dbfdd7fdea0a0bfff2a1e0efe0010a03e9b8e80301f0e2e1c3e60c
c9bfea0dffe01af7f7131a1ff523badcf41b08f909dbd6f3d7f503f1d3dae503
ddd0f014e7faf1d3e8e20dff071df3040e0ae8073509f9bd0df205fff516d5f0
fc0bfe0a06ea2bd1e8f509ec0f0cff1a0b050509280effbe0607e706fd22f5f0
092dfc240206c9f500071117f321eb1010070d040920f1cd2308360d181dfd17
0b28e32b1602efe9fef007ef03fafb000e1807122a01fccd18e91c1318071804
f60afb1523f4fec811fa11e80522e41809d0fc180d05f0a30df5fc0514120eea
faf8e015e12a06ead0fe0915ef27f5fe0f0efe0639fd19e505f1091420f0ed23
f9e4eb02e8f504d5fd191f18ea12ef100bbbee1f150b08bd1714f225faeed71d
0a11e108ea0ff7df37faffe3e73108f523ea08fdfa3301ea3a0ffd0ffe00c50d
1e18d91015f211d109100ee9f30d150614fd150df60707fffcf006171001d9f9
0b07bf170e06fdc9001d0d06041a20050dcbec070dfe01bd0106d9f6190f12f0
1b04f80f063c2bfadf2a13ead81d180606ca0fef231914d81012112b1e0be208
fe13eb01f72510f91137101ee014fefafff604f3ef26e20042dfff1209d2da08
1d49f501ba5be131481deb08bf2a03b8e9f025ec0139f2193bba8de03dbbe90b
2b370910f21a1af20b2df0fddb0303f0f1e7f408f61ffef2e5ead50433f4e42e
f20ae41110f719ccf42805f6d91ade0a0b210b04f5fff5c9020eece8f9eff60d
083d0c06122de415daf3000ee0fc180311f936050afe0ee818071124141c0101
1b280cf80403fa0c0dff0d23d60e18f602142906011001f20aea100f11ebe512
19480af6e40ff7fa0cf5fd05eae80202f7d22af80714d8e51ef4d5d308dbe4f7
1a410016ed2dc7e93203feecf7e72304fdf011fc0efa0af0eb03eaef22f5f216
ec09e402e7f0f2d1001a0610faf8f9110cb91bfcf2f908b2f044d2e00c08f6fd
f6f0011f1406ddf3e1da112c05fcfbfc0b01f9040f00f7fe0bee07101307f4f1
0bf3eb0e1507e7e4e7060e12f207e1fb12c20a1303e109bc12ff16122222ed18
1d0cec0b070a18edf6fa0ef3e102fd020f2218050b15e0c9251d02012010d82f
141ad323f7fac5e1ee0a18fbebebf70e1520ff10f913fcee0c08000e26f405f8
ddfdd506ead7ecb308f810db14f7ce151211f2fb01faf1b10021d8eaf20007eb
f2e7c5f1f7f31bfc15f61110e3e501dbdeed1ff50ee70b2221aafc09f501e5f8
020c19e708183017fb3adadddbee2efbb3c91ec921e30b05f2fb171cf300e6ec
0a3d22eb070c16f9cd36bdb8c6ee280cccff24c701103ff4c70106180e15d800
0e3aecfa120e02e00c3ecbd6cfec1607d6c609a7e90535fb061c120f030af60e
0619f91d132bef190a00ead2da011cede0302db6f3f02e421c1244170411d7ee
faf3eb11f4e7fceb02e5122ced02e5e904f719171bedef0b16ede004f6f8efdf
140a031313fedf18df27fe16f3e705ffc8f013ed48ef15f3fcd2e30a0f070a1c
fa1113f70e14cbf8b730ce1f0cd72f0bacee02d70ee35408b3f6dc150a0a1726
f203f0da00f4ecebe920ebfceef9110ed4cb08b806fd21f1cef10617f90f0212
1413072df820f502fa1eeee6fdf81ef7ed1b19daf9fd1521fbf82f13f0f1fdfc
2c06ed1c0449e2130f13151ae10ce6da27ea1015170310104c1bec08fb06eaf8
001201fb1002f713db0df6212ee11d2003d721050eee24020c08f80926200520
12300fb41000dfddbc09b36a49ba3616bbc507c606df3df381ede62d1b184a28
0816dad6fe0c1af4f00dd34d360b2017c7120ac91cef2df8e5f10438101e1914
1fe9f9120515df040e3b051f02fb4f07000d1e2020121c0ef1df0d2715fcfc13
fcf8fb12fd2e2bf61b040108fee3e5fef3f3f016090d07fc3f12fff8eb050aed
edf1f7fffa0efb0c03f4edf7fdc21c0dfef708f8c8f132f02001e2fb13feef04
e9f421b4fcfa11dac0f7a82725c33324cf1002bfebb64cd5bf18f611e521fff1
d7fde2dbf2e5d7e3bcf6c6161fd02223cae409c6f9cd2dd8f1101100d91510e9
f5d03bf9f918c706d413e5e903fd1a0df20a0ff818e4f1fa0ff40dffeb0d0302
11fcf200db3ec62f0529defadff00ef0f0d52affe0fc27373ad8350ce9e0ffee
f2ef0218ee361e250612dee4f8cf2a0ed4111bebc2fa4404332cd20def14fb05
04040cfafc32edf6f229decaebe80d10bff5fde5db0e3a05111c0c132311e51e
e90008ecfdfedef2f416ddc9fef9f215c90901e0fe0e27ef2d1d3007fa06030b
1e011820f8261c01fef5f5e3e90301e4e3110cf20907212316ed160cf2ff0f05
16f4d8050700e0e71cec15f23e0ddd32e611b202c7fda4e9181416cbf835f1ec
1b14e2fb12fec5fe1a1905e62f09ec15facbd205e60aced515180607ff06fd11
fa05f8df1cd3dede2f1fefae0a0deb18f9d9e000e016c0d7df1b1f0d0a01d71c
ecf211e818e9dcea3b0103d11adff20fdfdedbf8fd0cd1eafb191af5e706f6fb
c4ca30e919e2c7df4f05efe245f90913edf3ee16e72dcbd4e63af2bed90c27d3
1002dc1a1bf314f01cf8fcd33b53033cfac4fd18f5fbddd90202fbeb0f2cf5eb
fcfff3051cd9e3e42cdf22d71310ec09f5f6e310f000dbd3fc11fdeef025f8e2
062111d20fee21ee14f210beeff6e315f6d4030cccf3dfd6d73cf9e7eb09e8d4
f01d133106d9dbf80702e80d08fe110ee8f7f8ecedfac700ff251ad5ca2cdbe7
ebfc0a152103eef72c0ceee9fc06010401f3f709fcfad808f940eccf033807e1
0005f9ee1fd2c7da15300af3f7412a13f60d0e0f2518dbcbe11a03ed07d2e117
2a4fdfe40513c8fb1215fdd0c6ee1f09f1d81911d1fde3f705dacf063ff6e8fe
095707e30440de1f2ff4d7e9a630e5c9f31307f5d7fee222e7d9b8f90f97cad5
f51d0219030e2ff41af516fcf354eff12313141a1917f0fdf811eb00dcd606eb
1617ca2705fd13f13a2616d5090c08df20de103df9230bebe4fcba0bfa070402
093dff1c23110cf850583b14ff1d0eef1b02f22e1cffece9f4ed0fdf13d8e033
255a060cf90925022b2df506dffa02fa052f26fe02f4dc0ecb0ae6e64902e416
29310be60be4f0f1171ce5f2e9f30b04f0171df3f4ced50cd818f6ef00f6ef08
29300508fcfce8dd4d2a14e2f42efafd06e3050c46fbfb070be808091ad3d91c
fb08cb1726f90be12a2319f206121afc19e71b24121a0cecfef4be00fefc0632
123fe4cefe4adc326c640b1dfef1390b0dde2114e8df060807f810e40db8f213
f62bddfbfc1021f44426e7e7f53d1305f614eaf2fce8e8e7f90cf0d90df7f10d
0221f0f90905c1f6161fe3ea08d911fedc28f1eef90bd3f3e7e42aeefeece001
1e1cf9251817cf043125fb090f2f2e17dee51c0842ea0df5ecfe13fa3007fefd
143cb5362f110d00442402daeefe470f0316332a30ed261a1702ae093f02f711
080a9d2d110bc70531e3f30012e7fb13e6cc2703fe0a17e916cbecfcdd2106d2
1901c2061e32f4213008ec070fe93104df2e25ded6280700fada0a1910030cda
0f120dfcf525dd0cf2fc05ecf5f018e5f0e102faf0f5e7f3e701ca1712e50bf8
0f101ae20211301cfcd9022716fb11ddffdaeffde2d3dff2b9efcc0b22162cfd
151a13dbf421211fe50ded58291c1eeed4050c01ffdcfd10dcf7c71e250757e2
15f7a10231081c000ef010d1ffe0f0dbfbd52cffdfe644e2e7d11aebc60ee719
0efdcbf12908f0f21fdc09d707cc26dc02152811fef91adcd2dff804f9edec0a
f9f21ef41cfc1505f6fcfe0b11d80dce0ccf12ed0cf0ecf9f404ef0704ff080c
27fd0fef1111e600f7f3f2fdfef706fd0fde0ff8e7dafcfde0f2e513140910e1
15240ed7d819d40ae0e8fe11061ffad3e2e709fddfce18e826ddc20d22e634d9
09ddaf05f3fbf5f6f7e006cee8aa05e100f41c07e6d42cdcd4df1ae8e5e307f8
00d7d8e50ae8a7e101ed1ed51be7da0d25e7ee0ee1dde9d5ccf510dffa0109fe
01101e0fee00ee0c200812f618190e00031f0b062f15dccbfd0df2f40b061e22
0c0ef515fb06dd1013f1f722f70d14fbfcc8010509f80a06f805f5f5142405f9
1033100bd616aa2bdeec0d1402f7fdc4f3ae070ecff2180606cea31b2acf28cf
f90ce803e7070ceb2bd7e1d9d5e3f30bef09f904dbe22bd5d6f807eceff6fe00
eae7ddf6f4e9ebe70eedf8e4fdf9e21a0f31f6f0dee805dfe70000def1fc0008
f9fe1900f3edc00024f92403161bf80a18f5fef1f21f04cff3e80505fc022509
0a14edf50a18350df9f40120ed171af3fee406fbe90f02eae602080112140106
1e23effa1821d315f0100a360bf211ee0eb20e04e3100ffc0e04ce1320f8380a
e2cdf4e5b6edd7c724d4ceeaeff4c50ad7decbfdc001f0c70e1121d8c3f7feed
fd0bdef8e606c80f11fadaf4f6f5f71be9e002e8c416edf7f70d25d7e71ae400
f8233010e3fece100601090c150602e3ef22fee7d9df00efd1da10000f06fd15
03091a050a09d8fb0802f60a112aead407b8efe9edefe2ead9feebf8ea000710
2734e40b3030da1e2536de4b193731f8ef0b15e3051008fef920e11a25022d20
e6b4961614f0e2e705eef5930a12f500d71ad9e9153af9081fd0f109d3fec0e1
1e20fb06071d1c0f2203fadbec0a22f5e2ed0f000c0b10f7f9e7d20e10eae123
2c281fd70506d218eb1becb2e1ec23e1f1e81b0ee4ebe5efb0d4da27290ee52c
0ffc18cd0415e5fe09fff5f9f6eb06e5e106fcfcf1fad8efe9fed207f2432221
260d15e7e414f5163af602e209132111ecee1bf2feecef08ec3cb30c02291104
eee99c1015fb20f0fae0f3cd0d0c0df7f311deef072024e21ecbfb05fadff0fc
eff2fa0af8ef24f607e8fcf7f6f408f1f70802ed1be905f4f101e9e3e1e6f705
f5d814df05eef6f6f0ffece3e8da0ee4070f250befcee4fbc2fddaf3eb00f801
fafe17e501f1f406f7eff9f8f4db15e9060d0ff5ccd9f1f1d8f5e8f6ed2a1404
0bf21b0207fff71837040007fcf800e60717fdf2ddfce903e71eb30ded48160f
e4dcad08e6d0f3f606cdd8ccdf020307e0d5d0d90d0022dc18f60bf3cdaee4dd
e4dbfee8f8c20be5f8faf4f715d92d07f325e9f505e525feecee16f3f1f41ff0
d3d6fb06fff00100ecfad3fafa0d0cd9081702f8090405fc00ccf008e5f2102d
c3ad14f310b70deae0dbd3f7fa0be5f2f727dddef008e8dbcf17c1e0b7021702
ecb60a09feddf7fa1605ca02fdf6f209eaf6ece2f8f2f9eeda27a8e6bb1ffb04
f8f3c704d5e9ef071207eef2f702fc0cfa18f2e9e316fd07e4e928ece6c8e7e6
f7db29f9dbddf0f1f90aff1709062812f005f307dce31808e6f20e1703e603ef
dec922d9e7bfd0efbef0ece8ec02fef7ef35ede114cb04f3e8efdb0cd6e30005
e0d33ae315c7ece5eb03f9dafdf7d405ff09f0dd2207eee2d82b87f0d0eef919
fde32f0711e5ff060513e9c80aeaf10bf21604e527ef01fad221bbe8e828f81b
fa07c2f4ce210d0f3019fa05e200161d03160af8e1eb1328ecf8431b09d1ef08
112112f4eb1ffd05190b0f11f81a341702160c07eb060619d7010e3225d20e07
081a26e2e201d10ab91f05e2c7ea0defe7ec02f9f007f812d6d7fb1728b9e4f8
1d0925fc0b01c207e709ffeede2308f8012712fd14fa14f8cf2b9d1011e2fb18
00f70b241bf6c5072101e8d3f120f60f08ebfaf40a0219ff021dadfd0617e112
2a1cc6eb1d193116f5d10b110cffe9afbedb18eedff2141c0d9ed0373a0201fe
1f2bf4e506082e01f4b9e4cefa04b2c5d13111face02ebee20faf4290ff9f601
0d36d3001b1b0b13e0ad09d4f40a33f5edc4f904d7fb06dcf709e52503f4fdd9
0c191126ee292c0c9ccbf6c813d80fccebd9e411fe05f1ebfbd5ec1913e6efec
18edfa08f40fe8f9f4cbf6e20e0715e8c4c6dffd2428e6f41ace00040af90403
150ece02f42300e611ce0803061cfcf4d3e80705e3f3320613cff0100afef6fe
0f2df0d2fdf2caf2cee218e5e009eee70800052de3f6e8fc05f9e912f9f2e407
0f2df8fff408dbfbdfbf12d8d7eceff40ac30822f6fd04df060910fd01d7e1f1
010410d40a14dae6cbd315d000cad0ed0f19f428ec15feec04e8050d0ed1e106
f92a18effc01f1d9fdbfdbf8fe040be9e3f70eea0e2108eb09f59efb00f5fa17
2850ee32c82b02f924b3e61c13f3efd9cb0e071df7f402f63df4ee09f5e00de4
1418f5d412090ce8e1be30e9e30fd5e82fd71632da1d0bee0febe41d01ede9f7
071becfa0e03eae915c222c3d90adedf15d91327041309df2afcde0bf8e3bde1
0a380ec42216e6ef0ee21eded9e5c8f211181027ee0405ce2e081a1614d7e606
081643d2111df8d703d5d010ecfd11e9e50b25c7f90317de00078bf506e8f1de
1e61f40ee72bde0d18bef1db151ee9f2d7d5250b19080c031ffdc21600e40ddf
1efaebf21622ee04e9be0ddefbe9f30019ccf7161411ee0d0313d7160af7f3f6
0df9020b0d250d0308df1ccdcad2f7e61ee4101fec1d0bed43ebe7171c00d809
0d0716def930d60ad8e500d9e1d3f204fb30ff0bfa1405d51bddfe0e21fc07f0
0807f3010810d3f812cffed9fc07e9f5e52409e8d9020eef03cec80624ef0cf6
f00bdb11e520c3ec11e5dfed051dcbe80018fddae22d03fa06e8f01affe4ff00
1c0815f9fb19d40008d9d4eeeff6e6f6ccd6e2e40f1ef0020104fb071e18f30c
0f150c16feff1ef6f8eacfe2f3212500cce4eaead912f6eb22e714080c06f5dc
fc09f3030d2bc3feebdef0e1fd0611f5cfcdd7efbe0ae8ee1aeada190107111a
f9d0f5f51a04f5f0efdae0e81603e6f3c8fbdcebfb3b09fb29f9ff12e715030b
0623c2ddf2191e0fe900fab5b5dff3f1fa2afdf107e5e822d502d514252487e5
13240afbf7f7f714d7ff1b9fb3eeb6fbcbd6e5f3f5f1c30cff08f7071514af13
01331ce5ff072f08ce14fccedbd9c6ede524d1f8e5f0d119e61ff90c0d07bc05
0f23fdf5eb09fd0decf7f5bfdae8bcfae4f0d8efd208e30ddb0a2906110ebffd
1818ed07061fc90beb12fb9dcbcced11e61a1d0cf5e20e22b90a00220e19b0f1
1e39fcebe8170d17f7110307d6e31c0416ef040d00e71b03d9fef1182de3d407
140a0e10f3f0fbfedf0417e4edf50703ee1efb0f24fdeae90505f7012f1bde1b
09fd20f408f701f9c7fb04d5ddf4e00303efff0bf9eeef0fc611fb0d1112c72c
0c1cefddfb0dd5fef6030cf3dfdfd01010e4faf2e9dcfe09ea003bfa160fe118
0a01eaf9f718d3f7140404d2f2d2ff050dda1c05e205010610f217ea10ffd1f6
20330e00fe0cd2f6eaeb1118e6ec1c292213132908ed21f7080ced0208cde0e9
12f60912f6eb22dae00219f1de0cc7152cecd92cf127c9d81204eae70cfbed17
0a1523fb1503f7fce70c0cfad8e8bc080ffd0607f002f1fa100cc605ff0cc416
1410d6161b01f40af5fb0e04d3e2e52812fa0a0924e202fefd0b220b1c20d0f3
1308ee200624040736f8f1c7d40b091011110300fde81afd32e407de12ffdbef
111a2317fff5e7f9d3ecf6ddf6d7fb2022cf121f09f2fb0a1c3afbfd08e4bff4
f5e81d0af4f80ee7d4ebeff408f2be2edcdbfbf7bcedc7f61e2816dafd0a080e
0bef10eb12f8f0f1bde305f5f510c023fa2cf8f9dcfdc5e1f72edbe7f4f6f0ef
fdeb060f1d020500f1f5fce5dce1ef1d0ef712f2060eeff214120ef3121cd304
01ef1b311a11c305ddf8eac0c9fbc410ceed02f207f7f1fe031e0df30b37cef6
1b13cde7f625251dbad2e7d5e90ee90a31070af126fddc330d230af61ae2bcec
07002210f4151903e9f6e3d4c1100013d609080f36f3e5fb12130f021900cc1a
1a111efb1506d512a7d4fbefc4f3131eeae6080aeb02e009ff1c050f1ce3c1e1
2625280a0929031ecbf303b7dfb00314fdd902f1f6fe0f27fe050e0c06fcacdc
1c1a3bff1826fe20e2e9d9bef1f5fafed5fe07ef11d90b27df15071c0b1ea510
fc1dbf00f10215260b0de7f21108fe00bbf3fcfcfe03f51514f90a2009ff031f
1e1a17fefefbcb0df1f7e2fcf7121723ffeb11060d060bf3010737110e130b28
2b312710dcf824050d120110f805170926e8330011f62effe3f2061dfbf2f22f
f529fb25e0fcda00f62300e4e4ec080a00040000fc011b1cb9fafc151ae0f50d
140a0b1ffd21d51b013fe5f3f2f34e12d110fadbe4fc4719d20b051929140219
0902caf0fa201dfadf05cabeef0dfc0daad4ecdeed0e1cc209021f0ff0ffef0e
080602da0106c3edccfdce160bed1825d4f608e5f0ea16ccdc061617f7ff1918
1d0745eddffcfff1f3d7ec3c27e73428db2327df17ef28ccee22c71a041e3212
040c28f7e809e7e5c0ece303fdce2615e7f8f5dfe2ef28ddd519f417fef61401
0f1f1cf9ff2b0beff000c8e8e5c82a1da3f4fbc9ebec28f002370d0b2b0df109
0b28e0e2123426f9f0f5d5b9def9191fcdde05f0e2112ae90c1c481a1b13e7f8
000aeac1f101ffe2b9d6ca1703c92d1abac8feda00c50ce4c915ec13f11117f9
0e220af5e50bfbf4e6d8d96029dd3e20b41f06dc44952bdad90bbc24f9194b06
fb0f17f6030de100b7e4d21c11ec4418b9d6f7d30fcd42e2e01ee017fc140201
0a2d0fea0333eaf4e50bc7d1e500310fa10416dafe0f37dd25311b2d1811e405
e500c9f003f8f8f4d21cd0ebf6190e1fc5c1f7eed50a3ee8072d3800f6041213
f400e8e9edfaf8f1bf04fadbf50b1f19e4bc02fcd1e615f4d620e40fe70ff0fe
0e0f091afef2eee6e4f0192113011715fe05060623e406e5e40b070ff125fef2
0210ff190307eef5defa14140f034910f1f007f60b0d23efd605f11d091afdff
0b21ed02f02afd070623cefbfa233b01c10019f904314bfa300fff2813fd05e0
fef9cc11d102cd10f144f0070b1a0d0106eaf50e051a1d17f9121205f3ecf318
07e9c620f3f1fcfd0b2d092a1720d0f3f6d6d11b0e160c080002f3f1ff0a1f02
19f9e3122008140218290e3e0e2ae1e6f031d3150e1cf5fc00c9081513171c10
051b2612d7e815f3111819090d102004db1af71d1f0b05eef6f2dc1c19f010fa
0a201106dc11121c16430bfc060e74fbd5ed0f192d202d11f9f4ca1a1cc80dec
1b01e30e0f07da12e210e3c7fb230215bc12221ae8e809ecf818df071811f1ec
02e80cfbf514ed04da1bec0d120c1f08f50611f9e9d726f11f0fdcfef31eecd2
fd1113faf021f219dffefef6fbee0305051a0e09f1f033141803e309e31cf4d9
fe2b11190014df05df06f7b801f2f3160dd20d03f3fd16140e1b130dfc250df3
1b2cfd17271805efcf03aac9fef3f915b00a1dcf03d32417f82d0aff0d2ef3f1
02fa0c1714071dfae4faf0e2ff0fe917d826f8f2f50e05051d18e408f72af603
f6daffefee0bd402d3ede5060ce82f03e2ce0ae7dff80a0af902b916df08fbed
09fbf9d4ff06e614adcef01004bf1701e7d512dbf4e22107f006f015ea1523d3
101113ea0814f521e9f1edf51adf0f100119fcea0203101103290c1408351df8
f8ff20f3130eeee7fff7c0c818e2fd10c209fddcf4e9fe03fe2e20faf3280611
0c1107deee0bcf0fcbebe3fdd9032e1ae1fd10dce51b1a0e090708260e0508f6
040ef4f0d604ee13e2f7e7f5ecff3c0af4cb1dd4d8060718f114c41af502fde3
fbd1e4e0f707fbfed1f4021403e91e11103018e0d4f51f15f2f70a03f71613cf
09dcede70d110011d9fbe30109e01e1107c906eadaf40b12fe1a000318251df3
190303ef0326c50eefe4b9c9fdfd0518db2c07d0df01121e1b2627fb2318f3f6
1f3518fdcd16cb24f72cd9dfea242821b910f8d8ed0cfe1adc27f71c24f20925
232b190dd708fb09183e03c9e9245208efdf0500eb050ffec4f4e81e27f9ee1b
4a191607001d22fc355df4a3c4480bf109f60413de21ecfedcc6b21b58b0e04e
252c0318fa112ff4252ce3e3e93efd23e8e10b2cf324d801fe10a60734f8f14c
fb0ef0f1fc072007fef8cbca0511ee43adf3e0fcd218dd11f83716ed0f3401ec
2147f7e3b207ba31e41dcacec610fff1bbe2fa0cddf0ef2ac100e81332baba3b
19100500e7c21ae9e81dde03da0b18f0c9f8b433f3e0e5fd92cee50523bbe438
1d12200b11d0d3f6b017fbd3c9fad4b3dedda839f2e4c3fe8cbbaa382caae554
0b23210a2acfc30af7f7f1dfef0ab7f6d2dfa429f4fdc518ca0c8119090bf62a
f22b12ea08d71afae1e4e5d5fc00b80dd12abbe8d30ab501db02f8e3e221ed0c
3431ce281545f12412ec12da24112d141c26311722f8184a18fce4334c22c426
11110a15041e0e0304f318ea11f00ff51c37232538f5152d16ede2093005db09
190af4faf304040405f6091d0ffd14010c0b35241afa12faf4d3f00924f7180c
2328f4f6ff0fcdfcfff10c0400f1150612e11b19fcf6061301f3fc1d26150810
2517faf2eb15210b07e516231803360f03e51807defd053a07f6cb250f152216
380bfc0a0343f423eada13e913f41f1713fe2306fbe21229e6101d2c3bf8f01a
f9f20f0b0507fdf6fbd618dcfdd5ef06172308120ddb051603f628fc12e4daec
faeefed2f4ed01f008ff03deedef00dcfc0af509edfcfb06fbb3f3d5f6baeef1
080905dcfefa1deceefa13ddf9e800eb0b1ff31acefdf001ede4d10106eedc08
1307f6e705182813f7e5fdee0bf3130f04f00605ce060924ee17e72a1009f306
303210e001170910d9f71bdb03c1020d05f61017eaf8fb1eecfa021742e3f305
fade1ed504cacefbd6d819eff5bcd9f507f6eb16e2e0e41ef8f11cfd0ee005e7
fc1716b3fce3eafbfa0bee21e8a2ffd1e1c8e6eeb5f8fa28f8a1c3d800ba04e5
00082dd3ff10f5faf0f004f4eeaf1ad3f2e7f109daf2fe0fe3dbc70800e1dffb
0a1214f60a09c4fafde20ad5e9e20df9f8ba3013deff100af509f60f24eec302
073207f9fb11d716e50c1c0f1efe000111f52d01d4f30d33defd183724f90d0c
13eb21f514dec501d8e9180b0611f8fe161ff30ff1fc0510f2e536182f0e03f2
03ea1fe3f5c006f3c2dd141bfb0602faff130005fce7ef09f7dc18f904e6d70e
1afb22f705080c00d8e814ee06d30ff704eb0c0705db0635e6efda0116e9c0ff
1d1d0e08050e200fedf806e10c0123f700e5190a170b2431d017dd192e04ca0a
253be106d92fd710fc190a0925f53820f7f03df8e703293ee81616393313ee05
211b030af820d805f7f615fc0c131d112bc71305db0c2633fbf80c262607eedf
08fd0010fb121916ecde0a0b060606fb15c7230bf9ec0d1022ec02191aedfdf2
1f1514170513da22e7f303d50c17190a08cc3b07070e0f1ef00de6091df8eb00
231910163431c53115fbf1b327432b0aff0d2d0314204528072ee40d2d2ddcf3
ff16c9e5e817f410160f14ccaad420dfdcf83f0fc1f40a08f4a80b362ad7c4e7
fe2efde6e716d103fa0208f8d1ff14fce0ee1306e504f7faf9e8db0d2bf9dbd9
f809e918ee060a15f20a16ded21401dad4f6f4f90916f60511e6ca0d0ecb0ffa
03200209e301fbfbe70bff060103fbeed3ce06ead7f10de5f21518020dde1af4
20211feffb1a3325ebfeeee6f7e51de9c20416ea04f12807e014dc141a05dfd5
11fec0ee0c0aeaeffbe5fdf3d00414e504ca20fdecdc0709dec3f90c0610c8e4
1c1b1005fd03290018f1f01bcf0e1004e51220021afef600fa1ac514200ce405
10edf8120ae7dcff0c0f0f07fe01f2d91a0903222519e4fe0d10e0022ee6fd25
192f08e8f815fa062e1001fe152400dae00b18e2fa2311e9250bddfc2fcc2316
f71922f5eb0dfbece501ee19f5f71ff2d9e812e702f516fdc902fbfb0edbf8ee
0c1aef06f80e0cf5f7f1e3dcd71e02e8fac7150debfc0ff6e2ded90e001202f5
06fbeb02000623fe17f805eaf1d3fbf824cc1416070fe4f4f2f70ffcfcf2ddc7
0be6fa0c0a1b180127f320effaf4cbd539d6f12fdd1ad4ee0cf8ffeb0ffcf6f5
1b0321e6f5fbfff03a02f60f04e0d6f8e8f71f02eb22f2c7e706c1f7270b2610
fe0a2cefed12f5e9fcdb0236efbf0cf1f3290a03efea12fbceda040014e000d4
0b050e0dd624ee16e312ffd5bd31040cdffe17fe0f130a1101eff0fef5f1def9
1ce91e0feb1c26feee06f813170c02172222f31ede23ede7f8fd0c061ef01706
0add12f0f4f80ee81e050b23f8dcc91323f3e024c921edb907f1eaf90ef51118
f6ef08ec0fecf5e40e050b1ff2e9b5fc12d20719b515fcba0906b9fdffe51b1d
0912fcf0f70ad005e4f5081bf3fed30cd9110d0cc826010d0e020f101ae7efe0
3318030ab1090de30918f3f7bdebfbe4de251a1ef4edf5dfe0fa0729fedbdf07
14ff1310db1bc5f11501e6ecfe08f1f3eedffa15d0e6f5ede9f6e21805ea23ff
05040ef91711f3e75314fd05edecfa04d0a0f90ab6fee2ed0107ba0b1cea060b
0df61a0f0b03daf7140af233edf4ca1fddef00f7db06e4fed907ca1e0e1dfc1f
0cf2160305f1da05faf9f3f0f705d11cbec42308d506f406fe15261dfd10f2ed
fce4e5f0f1f3c0f40f0df3c6cd1232d1f7f606f70a0b11131fa0f406f3eaba04
f7ef04dbfefac80df516f20dd31520e5f6ff00eb09f90110dac0d7fbfee5f503
fdf41ce2fa02d61afc0e00cbc6fb19d0f6c8fcef00080510bafbd02000d9d108
0e0c18e0e413d11cf70910efc7ff0afdf313e709fb0ef31abbf4d5051a13e4ed
250f0fe8e03bef30f01827eabfff33cff9f21205ffd81f3cc8ceaf1340ebded4
08fcdfeb010cf5f61911fccede0d09d20de80200101714f519c30be7ecf2bf11
03f7eeecfeee11f20204e4fae4e823f4ded10a072108e9e70dd200ecfbf5f215
0bed06050efa0102eaffd6f3e0cf2509f0f507eb0004fcfde8f5e2f70712cf14
ff05faed0506240efd08fce6b2fb000202d50bfa0dfef107eae9faf70c28c6ee
03fefff1e91fc514f51a18e9b119ffe9f8eb070403100a06fbd6e1010810c2f3
f8fbf1f4e710ea1201f006e3c7fc2beaeedcf5f9191e0aef12d309e9eae7c3e4
ecd7f1fff3ec0103fefbedfdf4f3080de634f6022a14eee21bef1ee0faffe3e3
060bfafc04080e18f4f0e9e5ebf8f53cec02fcea2a08e0ee2329f8ecef19e919
edf6e1df0af901f8f0fff6e6c9e7e226fdf7fdf20cfb03fef31be5e2e228c901
1c06f7f6fa10e90df1100b0695120fe8ff330afd16dc1920cbd8f5fa0cfca7e2
191ffcf8ce210522001704d3b7e10e05ecdb08fde20e0804eced03f809d2c3cf
12f40915de03cd00000e05f5e4df0b0fdc12e907e912e40810d0f2011addd3ee
0df424e001f2c40102fef2e4f4f1e71ee5c6f704eadacc0f07171bfbfb25e001
021a13e0eb0c170d150308ffe1e5f11cfc2b0702130be7eff620fc030204e60b
03110006ff08e01af2fe09bce2fd12f4f30d16ef1feb0d11c8eb18f0fde8dbf5
18ffd8f7c018ebfd1a230af3b5c736e401c4250ad1e323f9f6cd28131095d3f0
1612d906c906fd15110ffbcec7df18f509050505d3f70819eacdee151fc9dae9
0dfe1300ca060d1112110efac1f40de0faf5081be0d9e11df2e2e41028d7beee
1c21fef6dc0b16150c100bc2e31b1cf4d80c0ffdf3e2f615e90e0f181ddad1f7
0e0ddaf6fdf9de1a212607a4ce0a39eed9d823f817ce1420f8e305051dc8c4f6
f1e10f1f1eebed03b7cbecdafc25db24dbcce0d0df0715db174ee2ebe03f071a
f0def01726e622e3f4fbdac8ff22d529a2c7f7ebff142ea731291df6ed30f820
fe04e0fbdef1b9e3e01dede81de93305e5d72909e52b2ed018fb080ff6ed1401
fef7d406ba05ea1601ff08d10b0b50ec03eb29ead2233ff612f917ffe9e813fd
f4e1810d81fcfadfc9e0fed8e51b70dde216f804e9fd3edae7ca0cece3cd1a0a
151611250ef6e5e7dfeafef7df09e71ee61edfed03fe14aa252ed920e931f30f
1034bc11f4fb09bd09120bdddb11021ce0180113f81806a1230dfa101017fa35
0b21f403f91cf8e80efc1ab8f0ff36fb17f61111ee112eb508f6e3170314db00
0e00ee180402b0d8e3f62accd52e47dd08040dfa1a060dcff4fde4ea0608e622
0211ca07c9eff9d4e2c8ea0cdb0c64f7e2f83bdef6fb28e3effe0a01fcfd201a
09f109241bf423d4b6f21afbeefc081ef4f812f2030b08af3e10d9360d1de115
1226f6e7e92acff1d5f018ebe9ef010af3f6091cfc0b1ad806edfc0e25edee22
efff15fef716e0d5f0eb041712d91a0f1117202df6f21ca9eb04eefee81107fe
211010110b1520ad10f023fcfd383a110ed542122fed3aabdc0b0310ef11f413
112202fff50efab1ebb2fde1d819480fd2e55211f0e845c2070826ff04e607eb
fad5ffff27eee5dbbce5f6fa00f30d16f80cf9f3ec090baf3f1dc91fe81ee20b
060600e1000411dd0aecf0fc04f21413f2c5f30801e508a3fd0d35f9fffa1109
0015f11500280ce3ec11d7f80906380600f01d090fe604b8f70e1c0406030107
1e1101151c0e22cafed203e5eb14350505072f1933142da40809f5060a1a07f3
fd1bfcf2160bf5e006cdded50403150eeafa1a27df0535a812150fe8e91726e1
e9cb030424e9e1e7ccdac0f4f5f6e50aed25d7dafaeb1d9a4232d806eb33defb
0d07e70713f100f6eef4c5dd10101514d3caf3f51be70781231c2d0df713071e
0c34f018091cce06defbdde6fce64012f7f107ff1fee2abc06041f2d02f810eb
0b0df1110d0af6fbe6b9f3cee6d53dfbf0e20e071af247ce0afdf213fc05fce0
0d09f3edf91608ec10bde6c6f7d764eff1db0e11efe54dd9edfff5fadef608ce
1a42b7050b2be6202ef9e5c3e721fe28f108feedf7fff40732ee1414010bf0f1
0f03f30c1afef2fe30dce2d4f2fcf218f5f9f6f9edeef9f5f5da0509e0201bec
01f20a0120fe28fedcdfe90f03f42cfdf320f2f0f9d8e0ffb8ce08f400111af3
1d0f08ca131bf10beef1f90ae7d72bf6f335fe02d5e1e805d1fdd8f81710f5fa
0a1801cf011cf4fe1ee4eee8e9fd0923d2d6fae2c1f2fddb0c36c901230f00df
2c2fc8f3e62ff9160fde0f0af5f8e7e505e01816e81605f7f5c2100b15ca0801
0e0101e50500b2f10ce9211f0ae3f4ee14fa121bd4d6f6d5f8e1f2f7f1cb33e4
feedfeed14f905ebd1e40e1a16f0fbdf1cd20906f8e3d6d4f8e6fceaebec2c00
ff10f9cd001dd002e2ecfa0bfcdd16d417d71d13cece0111fde9d2f60ffa2401
0b2405d107361916fde2ed0eeaf0f8eff30c06fabdd405f41d06da04140026e1
1813e711df24dd0be701fe01f2cfe4f00135162bd9cdfef7bde918f31abd09df
0c09ebe604fee3fefcfc1f0ff8c901dc1302f603fee5eef4dde7f9fe0dbc18e4
fa120feb0809d806fd04211a17f6daae26bcff2104f7e0e006cef515009f2d18
fe2d1dcffc0efdfce0edff1bebef02e010e91918e8e707f52df6d80af4d01d0d
ff1e1be10624de10faf8ee0debd2f1d805e0fe12dbe61c0601fab001fcec1004
1933f1fec71c0c03e711f725f1fbf0f002d7020cf3e408ffd6e330ef07bc06e8
1423f1f1f808f8080cef0726f616fcd311ef031709fef9ffdbe318ff24c20ff1
042714fafbfafc16fde921301e03fdce1310f10e0ff5e1050209080b12d20f04
002f17e6e118140f04f40c3f071805cb09f70b12ec15e1fa0305f8f516c30ae7
fa0c02f21428e2041914f30c00eff5f9122c0b0cfb1b07f0eb1ae7e7000603e5
2059ec00ba42f330192ef9dfea060a1c02d32109cce3081bedfc4d0f3fc7e516
fd38feedcc14b618fc1802f8f03ce0f50af80707ef1af5faf7f62a0723c106f8
0944f9f9e910e11208ec15dfe8260bc00c37fc0bf7fee9faf3e4f1272bbaed1a
1c3e0311e516fa0d020a12edf5000abf010b180de209e5f60a08e2093bc1022e
1234e7021632bd293533e8f6edff080becdf0bf11912ee181139ccf326fbe319
1b20de07ec28c8f6fdfc03bf240a27fb20f8051e2c00100bf0d2050b1dedb316
0a19f704fffcf2eb07f821dcffe8fcef23c50a1a18eb070f01ecf1ff09e4e8fb
041bf514f40bc5f717fb08ff1012e5e12116050707fffbfa15f715070ee6eaf5
f808ec01fee1c0e500eb14f60cf1e9ee2af7f20906f70d150ed813fd0b0901ec
1103e5eeff04daffe00209ecfdea36ff290cee03eefd0d24eada1411121beffc
16fbe410f919c2fed9f306b3f20a1a0b080807f221e33604e3053203eff3d514
07f7e7020a04faf105f21bcfe005e60408e71319050014040ff2250301e5bd0b
171dc1e9f23a03092f040503ec140accece012f8e4111e2e22c9f9e409c4cdee
fcf6e2f209f301f205f00c11fc01030b1a25ff07e805041b020202f5fe07cce5
1409b0eb04150909e1f4f8f7fffe2d0d0523f6ffe2002118e80a1e0a1910dce9
06210ee5151de508e80d04e9f7e6f907ec221ef9ebfa16fff20928f4fdf2bcf9
191907e1ee08eff1e4f612eff4da1ef0faff2408d5ff08e60ee0f2090ed2bbec
24660cdde03915201bf80023cbccf8beeff7fcf8d10cf61414999ef92699d4ef
f8131fff25fd300413fef8f6f9e602f0fddadef8ec01f4f309f8de0604ffcbf7
0411fbf726111f00042105d0f206000a04ea2605e4ee0aeafd101a04ff01dcf7
dd1e10fd0709fe08f60cfe0a03f213f507f71af9d7ec160cdff83a12f20deff3
072df9f6f509bc0beafa27f4e6f721ec01d5100bceee06f5f0e7300b17f6bcfc
1534f1fafbf9e30f05ff14d6ec0607e1f40f1a0af8fffe0c0aeae6e626ceb602
ff00eb0416ddffd6f2f824f01afa0dee0afffa1004e5e719f9ff0ef215f7d9f3
fc1fbaed0ff4dffcdf0725d102ef160410f226fd0aec0a2ae900ee070f03d6f8
f510de0ffa09dddeff0b05ce10f53002f3b2fefc05fc3207ec05151b0c01ebea
01e5eb100017edfa08180eccfa1113f81326fef8d1e82e1b02f3f7142a09dcea
02f5ac14fe09e4fa34e6fde9e3fe0af60e2b1008e7de04fc58e7ed041efbbdec
06eae613eff7c7e8140215cfec110005171ff71603ed0afa15fb120a1bfccddd
0600c0fe11dacbe806e51cb512301a110cf4110e230f10f50304e30610fbdae5
d1d10700fadf06cd9cdd011b1208bd08050dd1f33a1812d8fc1c07fee4202518
ddf2f9f4e3e7e9dda7f4ea210bf3da0ff906fee51e1e04db0a0a04fd0ee52c07
fc0bfcf5d6ffd20be70adf362c05fe0cfaf31dfc150b04fef425cf181bee4df9
0702f812ea0ee107c904e7e510f8fe06f9cbf9fa14f71614deee062d1dfc0522
07f0f61ef513daf5d202e9191ff40c0edd2802e61ff22514d704281f0a050d3f
08300bf00023ff01ec14fb0a0efed621dce5f4e9211d2ed4080c3521ff353a1b
0d14d2dbe203e0ece5f1f00e0bcf010ae7cbf3e70ff621f6efee3117f8ed0210
0f1eeffee21ec206140b01f91af03201f2da0eee220612ec11f5f4fe0cfcfc12
07060821fc1a081cfd23f3300af747f401dbf6ed2b1234dbd002f11d2efb0720
1929020d112fbd310018f913f5f94303eacd11f91e1649f4fa053f413314f133
16410a0cf039ed3a1d2505f50d1005f7f2eb25f813061612030a01232c0df004
0a1ff1e3e0fbf3fd121ff80803f6fdf5fe27f9ef2310f90fd5dd061612eefa11
536b1ff8e853fb376d21eedccc0674f6edfa31f9341259e54ff3e63b46facb54
1b22052e0d2214023838e3e4f7293308eed606f73c0925e2fe031b192014f439
29301f240921de405940fc011d2d2a1aef0734ef2d051e28f118622d2b30e70d
02f9d70607f41d042c171ff9161220ecff00ff030aee11110afbf90f30fae508
f6d1db20f6e7fa040ff305f91e29e8f311f0ce04140c0cfe0c01e0ee13f1d80b
20f0e613fe0424361d1009c1fe2102de1adee60c23f7fd0e21ff01fb1305dc1e
fcddd0380bca0d002400f0e91224e41cfe2cd4e45bfe0b02012220f2dc29cff2
f6fad024efeec2000df3fd1729181ff0f9cdfddb35f3ee01fcf10f02f4f6d80c
dca8c6fe03c51bcbf2200ce51f09deebfaede50715f918c1fafdd405e2caf318
0bf0d00cf3dd1bf4f0121d0a081200ed0825d106f1f60801ee02cb0214f0fc3a
0d14d11aecd2e90813f32ad2f951f6e73bf2d701fa01db08fbee0af8fe00e015
fff8d802f6ceeaf03c1c27e20e35fce61c27d40c16f2eae2f8f1dcfdffffec1d
0101eaeee5ee1eec3bf511ef131b33dc07c7f6f71df5e4dbb5d8b516f6dcd70e
e7011cf912d6aac4fc81d6e4f5f5b0f7fd1dc7cd81ffd0ef0efee2c9b6f9f698
eb17ec0414051fdb1dddf2f807f3d61d0bd6d0d7a916df052a0028d3dd12fcc0
dee1dbfc12e822d118e8f90c0ce3f8171319ecf2d902dcf60c0e0deed904f2d9
cde1ec0803d69ad010dff2e8fd1a1503ebd0dff10d02d2f7172011e3b8f805f4
bad8fb1af5acdcb905bc9d03004108fb81c6afb21afeb9ecf9ec1ac8a0d32415
c7f9f62603e422e81090f1ea0bfec407fb03e4ddce09de070b17b6d0b50df6ac
e1ddf414f914bae317c9fbf204edcf0c06c9d9f7001dd9e129fee4e3cd16f5d5
e3dff1dffbf2d3d4f4f00f04feecce040cc5da06bdf6e1e7d40cf9f703fce9e3
c8e2f90de7f4b1e621d405f702de0ef2fa02f4f1e605d5fa16000fdfc8e1f6d1
bfe043fdfbe2c0d81da7bdf4fc060305e729cec7f60dd2e51312f3d8af10ffba
eff2f50dfa06a7f224a50df30416dd0a09cc02ecf20e05fa1d18a3e7dbf9ecec
faf1e80af90e86e016d400fbfaccd609f510fd07e2fce8f532fcc8e5e007e7cf
f3c3efc30adfc2cdcccb1a041395bc0e15fbe4119bbde3f9a52400d7ff21f8c6
f5e4d3d3e6f8d3e718cff902facdd6ff03a111f7a6eefedf12f924e7e7e9ebdb
d8a807f4f8e7cbd022bfecff0ffce4130cf1efe5c125e3dd1e2b04d4d5fae9df
f3ce0cfa00ffbaef23e7b7f5fd04d714ee9d0be5e8171e001d1ddad9cb170f09
f600f80bf205d40e3610e0f3f218e001f208f0edcf0bec2825fedaddd905fcf2
f111e4df02fdfbf31a1efef8fa02d008fcdbc702b403e20bd7fbf8f20b1ae1f8
dccbe006f7f5ffd62feef801030baa070100d5f6b202e9f107fd03e3e41add06
e1a3080909fcb7e013d1e3ef0319a40f0608d4ead82dd702092a03dbef03f725
d7cfe62bf2bdc5f207f389291d57bff5d6e4b5af1f1cd8fd050beec3a90317fa
f10f2a010ee61e0b3010ab080d23f210dfb2cbd10900e80d1b0ef5efe11e1c0e
dacb250708ed0c0226feef001a0cff1309e5b4e8d321ddfd12fef1ddd9fdfff6
d9aff50e09e4b3d607dc0ff5111cb901171ba4f6c90fddf336f61dd2e80406f7
e0af2e0a0fedf2e0f0cbec0b03319edeffc98cd5e31dcce62fd41ccae1ff1b2e
0ce6ef0bf314fccbd8e900f60814d61c09e8ee070d0bddbf101d0fee1d08d702
1b02f210ee0620dcfcf70ef6fa0df51cfddc130b140ce6b40812121026ff0a06
201dfb010815f2ddeafc05e2e71de61107c60601fd14cd940f11200d3719dfff
080802f9150cffd600f10af8f7fde80cef21f4060c10fcbe291018ff1a2106f4
08f101fb2a0cc7c8f8eb07fafd16b6330209e708f810cab0162a17f5154bf6f5
13d2e717ff0318d5e2f9f9e0ff27ce06030fee0d0516f9b1f7021d0621f8ed1b
19fbd210f6f929f21bf52cdcf111effc0fc40f12fefbe7ec12f238fb20f9ede8
1826ea0cfa1cfb19340f0ff4d324f2f215df1401d70eede41902e2e91108d0e5
0dfac9030ee101c9fe1013f3e316ccfe0d16f104ef01c7d20e0dfee0031eefff
24f9c2080f1823c9c80a0ce9f528d50cf1e7e60cf817dcc50d0effec2d25fe1d
01e8101110de29d1d82f05e3e827f8f702c8e614040cd1bf060515010fe9e919
23260408ed04d6030f1211f2da1cfeec05fd2301f422ca182abe36ee1ac5c705
225c0803e239f2156f36f00eba1c07dbf9f72604f832d4de3bbeaae828beba08
f610eb0d23d9c6ba243013fada22e0f212c6dc17021ebad515f4e0e515f7e826
1d22b808070113dfef4316d5d532d702062110240716da96f604e4051a01f339
ee1e011904f625e4ed2af2fbe920e0f20625e91903fdd7d50406ef0a17f30d25
1c20ca07dff1dddd132108fcd62f05ed01ea1f24f4ffd6cc1ce01c0725cdcd2f
3661e611eb15f8d52e2ffac2e21e31f4f71c27081a10e2da1ef3ceea2fdbb02b
211bda18011302c04c2009f6ee001bfbf3c6120d24fdf3defefcec0334f3ec35
100aa90dfef4c9d4001b09ddc923000800120e1212120aae130de11f21fff736
0323e0040e0a02c2ee1ef6f0e721f50af8bd000f0b04ebd1f618fa1118f504f9
150ca70cfd17e5fc2920ebded42ae207050e1a10e1f5eab60605ff251906e816
1845c216f62d02f6352aeed0d001171700d62918ebf6f6b51515fffe2beea936
141cf916db49f9dc1818ebe1e2ff0513f617150f000126bc050d0c1c2501fb11
fee7c409f8f4d2bbf3e5f3b4df16e72aea30f4051e0afd98fa34ee011a1ae803
d4d1ef07e9d4dce20814e63b1e130ccbf6caf5040509ff1e19d4d814d5ce12ec
01ede406ebf7c7fd2f06c41d1af0f9fdadfbffdccaf72917efdcfd170bd41611
1c120ff7f914370e092ee52219e8170cf6f9f3d1e11e251beef5d11a08f41510
ecdbf11af4de1fec1103f3140c1b1104e32afdf8ee1b0dfe2b181600dffe0afd
d1f2f823d30dd222240cd9190b41f0f7ddf806dee212f33712f6f50aeee904f8
0cd7f521e8edf3f200dcd11809e312f3aad907f603031b1a02f6eb15f31420fc
f4f1f005f71ae12025ede4dc0c06fefaf4f7e7eadcfd050cff04e8fc04200800
f7f9f9ce00ec0acad721f40c0bd6eafdf4dde9fbcbfff1dfaa05e60007060b01
f80be4fcdcefa5e7e103f8120f1c0bfce205f3f1dd06f7f1d002150a020c061a
fd05ed10ef0fc00b0cebdc160508e910e5ca04fbea06ec1bff07fffaf71e000d
ecd5fa1fece8a3f125d5e82424f821fae1cd1cf20a011a041c1fdcfbf4f8340d
fbd7f90109f1d3cf23d6e9090ef10b03fcc307fa03e11fee1613d100fd031515
fac0fe8209b5bcb387de0624248cce0af3d5e607c7a0f2d9981be90aff0a34f4
faf9d8b6f7e988dffdccef100fabeefdeafbfef7d3b302d6e4f91f03fc0212fa
04ebfffddb13fcea21d8e62407d4f819f3eb13fcf5050bf51015ff01ecfe0c13
e3d8d621ffe0a8d224e0e11e130e1213f8edf3eb020400070d22f707d6002306
ffe5cae1fdfbd4ce05cde20f0be9190af1e614e2f60109ef0606b506e41107f0
f801d7a5fddaf4c8cdede4291aabfb03ec9ee8efcbd2ffd988f10f02060c17fa
fceaadd705ff01ec26f7e80901daf007ebbd0af4f1ed12d408f0040f01060f14
fed1d602f80496f10ce1d61904e4f106e2c7f218f108f3010c09e918f403141e
ed0be203e1e2f90a0f37d229122ff6d513db0be5170c0526fced2d10d7f817fd
e2e7f0030300d0f91df8e4290cecfa11ffcdf7ebdb00fcfa0afdf3fdd11805d3
f1efdfde09ffc204eb1de02711e52715eed80cdbfa0d130802dd05fe021516f3
f6cb9d04f603effa0d05dafd1510f50ae3c90308e901fcf927f40409f2fc1ef7
eba2c535ea05c501e6e2c31c131ad8ffd5f0d7f91213dffe17fff012e80a1218
1202cbcbea15312575473bc9f41643001ddc1330e40b0c00efec24dd0cd7e7f2
fb0fe2e4e1f7f50b4a3e23bdcf202003371bf328fcefe909ecde15d1f6d5c6f3
01f931f2f1e3e702463f11e6b51b0bc758cbeb090dfbef0307e417d1ebe5bf00
131927f3fcfaf9fa1f3a24e4bcf139e64efff72adb060300e8e9f1ec0ce7c1db
162302ea0702f40a323f39c3cdf252ee38070047d1e218f9c906b4e711dfdcdb
04fad9edfd13271e4a1a36fed02428db22100e31f30318eb0ef129da07c8eef3
02ddfeedf8f32ff7071f0ef4c8371f1310cb022102faecf403df16c5dbcce1f3
f7ef1c1c0fda22eb082beb06c920faf1272f040001fed0d606fc34d1eef8f307
eb102df6f8f7cbdd020b13eac6f00df31d1d02070ae4f7e1e1cfdacfe3dae7f7
f6fa160302fb07fe151e20e0ccf20fc028c4071cecde1fefe5cbcadbe7ece8df
e808eff2fa01060f2e2218f6d6f32ef61712f51ad5f4140315c82cdaeadfead4
fbecf70426f2f1e50903f30feeeb111ef1d4ed061208def717d915c9e4f8ffd5
ede6fe080fdb1debf104f63d140adb2de22300120301d0cd1102ede3e2d6201b
e1f81adaf3d7afd918f52d1adcd0051128c92216def813c719deccc6cfbce4ea
daf621d0f7fce3fa160f2011e7fa1cd220cc0f1f04d829f4e0d2c3c3dfb6e5fa
f71011ece115b81b3e252602ee01350828e90120eff1ff0907db22d1fcdd02de
eae60ee11efa20f00cfb19f0edebf71c0e36db1ff8fae3f7fad60dd4ee04f3d3
e3d425eb1fbf21e0070706ded7e4b80dfcdcd8f0ecf2a2e1fd0007c8c900f7ff
e20d19e0eaf5c709171e0734e0def91708d52100e0e3d4df18e8efd6dad1eaf4
d5e809eb08f6270a2d1f24eece19250b1f030b23eee2efe5eef1d8b9e1e1f1fb
182c08eaca27d200712f30fae2e658f31edb0d22dbc109fb2fe724ed10cff0f7
f802fef9e1f601fe2f2529b8c7fef9fe42ddd309e3e3d30917d9fbf0f4c0e1f5
e1e012f700d5c4eb361a2cadbee2eac13808d1fef6e2bd0ce6cbf6d1dadfe1fc
eeee17f8fbd90dfb442c17b9cfe8fd031fcdf4f007d4bbf31ff50fc0f2fad201
000a0bfa02ed130d763322afc6f632091f12082e08d2d7e9eae7e9cb05d6d9dc
f6fbeb200bf1b9ec492c14141713f0f61de8b3e91d0cf8fe1c18eedc0f180017
ff0d0404d7ec18093f4918251ef3fdec0deec6f409f6e0d80b19ddee0bdc1039
1e03fd0bf3f1ebfc31141bfd180705d92fe9e50628d5cfea040a090b2bd8011f
2011030427160a0628282313fd00d0cf2e1f011904d7cc0ee1f8d01914dae7f4
c5d0ca0216d121df3b2bee1e0b1281d80cddc6090c1edddbf0ebd0d7d7da21e8
fb03ed0afbc5fbdb40371ae8f12a11e820fdb40c22fec5ebeffbfad01f001417
15fcf725fcb12ae0064f02361b28dc1101bead101701c0e0fc0af5f81aee123e
04d9143710efcc0b362201dffa5400e5111cea0438fd02e74402d8e9f6eaf518
0201032b140a0610332c1b1b021a2bf505ce0dfb1bfbe6ffffe7adef0b0af30d
131da2161803fe07334b19e9f625d2d324dbf00b1715f815fbe7b0e708dcff14
db08e0040dbdfbcbeffcf90f0410d1fe09ebd8fd0e04aee505ec0ac3f80f2a0c
130bdd0bfddd03d1ee2cf338181ff822ffdaca010a0cc8d3edf531f2fafb181b
f121ec3d0510e7f3170115ddab3dd7e11f08001c3530e8e762dba9dccfbae8e3
10161146000a000a172b191f0129f0ff170ae42d5118e30aef21d8eef8020018
243d2e0ced0af5f3ee2911ea0417feee20cb0607161b0dd60af3efcb000a0906
b2cfe80410c434cdcfe508091d01da0309d5e9e4ff19bce304f506a0d52623db
dff313020ee1ebd6eef9f40b17f1e5f306cbf0e20afee4c9f3fa2ae8101d18ed
dcc8eb27fbe0cacef7e50d3d1929e91c0cd2090629140db90d30e9c2dd1c28c5
f3080e2a13f5d3ecf91a11160a25eb0dfbc9e4192cff0a00f71201e1e70a25d9
f0321803e40cc60302290a0a0ce30feff9dce9ec1103fdf90300e5c0ec2126e6
8184edfefd81cd81bf993d1015deaee92cdfa90cf90fa69af1f8f3819f222cb6
aec815e70ca9ebc1c5d2081a09e7a4f10bd7bef30818cac8f20811aee5131acb
d2b2f7f716aff1bafbea1007fdf9b5050cd0dd0b0e24d18f08ff0baeb20c1fda
e2f0cf0cfcd4d7dc0c0e12d50118ed040211fffc0c2ee5c6faf1f0ced700fad5
cefed70207e308de1c120b0afa12e1fa0be4fdf50f14e5f20c11d7c3d417f3e7
f418b1eade06f31ecef812110917b8c0e8fef5e3dcf2fd17f0b01408f3e71af9
0324cdd1ed032601d1e0e9030df6ddc8df00f2f4f5f0f112f9ce160bf7d41404
01ffb7cfeb020b12c4eaf32117f70ad1b9f6fddd0befea1aedd90b1bfec12710
0804e1e9e20d3614c1f814151ef913c4dafdf5dfe7010217f0e4de1b14cd151e
04fbd5f8d0180728d3fc201020fc0bb1d7f2f5fbe8081813f2b6f02614bb1302
f90ab1efe2080a0cd6f0f21b0d1cf0c7e3e8edf2edf90216ddc6f506eefb23f0
0c10cad7edfff90af0ded706feccffede01af3fce7080e09e1d5f50eeee620ff
0f0ccff4f1f3fa07cdeed301f4ddfce5e62208e9081a140c08bc0d1d05dd2407
0f06e6f8f010250adf02fafe0310f6d7d8fc000b0f0e0b0d08e6dd040ce50b02
f420080aeb0db306bce40e10f3e70fdbc9cc03ea12f91808f2d3d1150ac80ee2
0914ad07d213d615b9ebe50f1df3d0bccedc130e1aff1914dbda060d09cd2bfb
0bf1d8dbf2ffb107dee9dce4f7fed9ece408f404080e14fef3e5ec0d08cd2904
e4dcde12fceff4fbe3ded9c9e4fecf0412d6f3fc05330be5150f141aefe20115
effaecdafc01e5fdc6e4e0e602d4d5ebebc5f9fde607110c21f51110eae807fb
032107f0ea379619c9f0e5180ae31cdad2d2f7edf1e6212101f2d50e1ed01bc8
100bd5eed320080cc81be2f115dcc4d5e4c81e0cef0d3310e3e8fb020ae90df3
17ffe1daf012f506e7e7dbf8f700fbf1ecf300fee70b06fade11cc0b0dcb1304
0911ebf4f701dc03e7e2e111f9cfe7f5f5f6eeefe1070e0515f60825160a120c
0605f7e6f21bbd01ddf4e112fce5ffffd522e419db0b14f109eed51808000df3
0014ee05022add0edd03e11000f2ecf8fc21f9f3d308180a20f5cf05010711f6
0f29e4f4d5322636c90efa0f12d3faaf07c00b0ee7023428e0ce34121f901724
1021ed0bd30efb1ac300f10307ddf7b8e8f6fd06e813190bd5ac141c07ca16eb
174b040cea16dc22bdeffd0c07b912c5fa1e0607e7fb2924ecc3f3281f0803fb
0d17fe2aee1cf411caef161e1ff214cee9f0f7181e020f29ecd3d20a12f40d0c
1822c9f4f62f0e39ca0d17201d0714bbf1e609f306f01d4214d401250ac61619
fbd6eaebe5feb8d888dcf330ed020e17e6e50e0c21fb35def10de5260bfe2810
02f2f30c06091fedd6e4fc47f5fd220fe3082e07210328dde9ede62821dd1ef4
00f7f100001cd2fc91fee941e0e551f7dfc62910051234fdf4f6dd2525c220f8
f6e4c800e5ffea0a81d6f32eff01360ef11618f1fb063310e618dd0c01e916e6
07e1c0e6c613e107b2d50f21d32120f409ec132108f407f3fde5de2a13bb080b
0f00f40a08fccfe6abddf53a020d390ad230070c19f11bfff503ff17182c0015
0bfa0601ff03ffe0fefc0e27e7db2dfafde6091905fc0cdeddebfcf905021dfc
fff7f9f5f209cbf1db1a082207d221f92ae9160007ed0efedae3f1f50bf5400c
0101d11ffcf5fae2d50519f4ea1de00626000fff1af6fdf6f317f9f108f6080f
0b16be0dce052605da040110ee1d34eaef200b0114ec0afeeef103231fe70611
3921ff11ee1c220eb5ecfe3a07dd7ce6f4b516ff31030e0cead2d2293bf31517
232f0bfde3242a131cf5082b08f52bed09d2fc241ffc12f3d5d4f3063deb4e13
1338ff06c90602f92e55fa233ff624de0cf0fc0f19f90badc6dc070e33d55b36
0b16e60e13e5f2d81406153e2212e7dc18da120d24fd18dce20a10eafe0f2f2d
2123ea23f21a0619ec27f729081122e8eee6170d260e2309cef21d2f1fd41410
1e0cfa0ee90e2110b6ccfc33ffd9360afde60dea01f516eef5f9d73233ef1214
090209ffe6150c0a09f1084116f61607f8fb0efd33f21bf4d9ef0d0a14e73f15
062300fae70bf60c090e023217e8faf2050529f518ec0a12d9ec030f04d331ff
fe0c07ebf9fed1e7071c043df0f3e5f70f08091222f00edfe5f6160af6021d12
1a25e3fefa070300e605f856040e03f6fc0216251b033007c7fcee331ad8361e
19fcd9fbf91315dfe3caea36f1c41824fee116fa10dd31e2f22bc72e15f5090b
0a0ae306e30ab0efc109ef4204e54315f50f37e02bda2ce5d1f9081bfcf20bfe
0d410afaf219ddf1cf0aee32f7f845faf3fd48eb1be92a0eeadd142ffce605d1
fb2a0a0c0116ba00faf4eb1e04e00b07fce42a0924ec240de7f43e12e21228f0
2e23010c0032ee0ee0f8e22306f12705f7f41f201d0e3202e3f40c421ff01d24
0413001dfff9072018d3e7f61109de0fb41adef5fc090102dcfc38f7f8de0dea
ff1bd2250af8f30c11bbe7181ae7e6fb0330bc03081ddff2d3f7c8eae20020f9
07ebc90df2c5d7061af4050817ef260109ddee24fc14e1e52fea08dee0e92820
04f8f40fe9dda4f200f9fc13131c1cf2d10403154af609fc1dddfdf5f0bc0cfb
07f3fe11dee9e4130cdbf0192619eadddc2fe1d9501dff1228db1de504ae15ea
08f0d208e4e2ee04f5d60f0007eac1f20221f819d6f2fbd8e4f2d2f8f0f80cf6
eed9e0dc08e2e9ec12c1fe2809f6c5fa120cf308db09e301cf09cdf8e3171dd1
eac6f6fb06be00dfe3ddfc0508dbf50011e10119fdd6eae3d9ef37f7e7f311f5
dbd6e31d03f691f5f1c8edf40c192aed07bf000901e803e71fe53de5c9e016e3
02f80b0fd7ddb0eadfbedc13141d0605cfbfe1e43902031b22d7fae2fcda1fce
09f9b723091bc6de26e40c190c0eaf170637f70ff4e6e009ed21a900f00d0003
02c2e7b120eafbd908d90a0ffdc6c0021cd00b2034e8daf80a0eadedf8111df9
f0aff9cb22bee5b7e8d81ae40aa4ba1120f0e127e7c1d4e19c0a50e4e90400f4
daede50717fbd3e322cf0febec0312f91b2e4a06ea03efce45ca35d8c2d11ae0
e6122af4f5eba8f906e9f12f2c05fe25cdf903da07fc131306e20ffbe4e42fc6
fb07c5e901fdd0012acc06fb0dfbb203f3ba0112e30cece7e8fdbff506fd00e1
f0b4e6d4fdfef2efeaf10c03fdd7c50609e1db1c07fceee716ffcee6ee1012d2
e9eadde105dcadd903e611fa07fad70d11d0ed16c705e500d7fc2fe8ed11fef4
d9afdd03fbe495eb22f504f20e11f4e8f8e81610dc16f0f322c219f7bcdf1303
f1fac812f7ebedfbff02082b1438eaf9ffedd9ec0820eb0fdbbf0de60ad11be2
0a0911fbd00d182027f7e4fc1002c3eeebe4dd0700e1d113f6ca130113ff0ee7
0fd122eaf713220a011de72a2023cb06ff0fbef40826df0bffc4dd081ef338f6
ef09d802e10ec603f8090320172dfdf6f200d3ffe027f9052bafeef90aca3101
0cf0c017f40ba9ff04f227230306ecd7eefbe003f0efe31019d8d81804f31e16
f100a9090800b809dd0ef4441539dbe30520cbd0fa3ef91707b2fef201d43522
12232212ff0afe1e0701c1c3e0161af0e60addbe01fe011dd01d2b0712edf336
0ae00b0a1c10e519ff12dde7daf915ebf5fbdedbe7f2f718851404f707f10e1e
0ffc1fd80d06bf20d30ec5fa0ae71be5bcfce0d408eb0426b0de1b0a02ffeff0
02d411da25f20420e0f3bab0e3e3fef0c114f3c2f401f12cd2fdea0d0316d2d6
efd5ead410dd26f7d29cd495ebbd96bdcc0ac3a3acf0090211e6c4e5edc7d9a8
fc1e2f0209fa051afd07eefbeddf10f8f9e0fbd6ebed0412fcfff9fd090bfcfe
e1f71f0809f82919f906fcd8f1f71bf91106ddee0302e708e40208f0f10818ee
ebd308031700cb0ffe10ecf8fff427fde9dbf5e423eee90af9bb1ef9fdff0503
f4c20af121f0be16fb09abf802ea10faab2d10ac35f7fb10f8f2bc11ee14e504
f6c9efdf21dd0e16efe6b6c8ebf4c2fcb0d6e5ab05f2112d130a26dfec10e0bd
e7f31bfb0ef5bb0df5e1fb0800dd0b1000f0effce099dd07f508b009ea06efea
e9ca2ad91ae210fdd60312eb06f11e0b1320fb0c12c5f60afd110cfbf911d5fb
e3c6fef519e0f408dc0b19f2ec07fcf91fdff40b12edfb0ef7f240060112fcf1
f40edbf30c08ee020f1cd614ffe932f8e8e5369f21022201131ee708fcf8160b
00f0e2eb2305f704ea0ab1e8db0f071098cb0fa025f0282efd110ae7e8fdee07
e8e4f509130e130febeeece3fed4f1080c1dd7e11016b7030efdfae9e309cebb
e0c212e60cf2ecf2bcf208010ac60a080734f70f1114f20c1ef6f6e6e71bd5cc
e4c700da26eee1000deb050a0be5fc07140c04080af30f21101606e4dc1af6e9
0816e3df0b19c6183910cd050d2622f7ed342dab200714271129eedaf4121508
060bebfd1c18ff00dc2dc0e80f002c16bb211395fdfc2708ed171fecd600f61b
c3b51eef12eaea02afe0cadffbe3bceb0e13cabfb6019c060ddb10ddda03e9a0
d6c21fee10ffd90c9bfbf7e41d06d701100c02f5051ad515160022dce007f4b0
dbe2e6ee1514db15caefe0f3191b10fce90212f207150e1328fb2beed7fc0de2
f112d5eb220cf3191015a7e8091813f7c6c41bb5ffea092422301feae8152225
fe3dc60a1e12fa34e82494b2f0152b01c4ef02810600241f20241cdee413e734
0400ad16ed0ae6dd23da1cfb37240e112dc5fa0b3517d2ee2008f7e207ffdff7
02f0d5eeeff7e7eb0df10a0c2d0522fd1cb4fef1390b02ea171711040b05fd0e
f910ebfdf7e7fdd403140aef1d15d70624bceef20e0cdfe901f8120c0f04221d
1211e60b0fe6faecf0051f0a3003d0e91fd5f111f809f7f0f3f7001815001813
0a1ed5fb110bd3eb170210fe3414cbdb29e5f30afa25f00006d4f6eb1002250d
08e2f106fd1804f101e723eb111222f0330d0f1b48faf1ebea00eef402ed2003
f7f0e70600f008fb1efe20f008f1dff516f806fa1ef1e8f905031d0d1b04d816
04d5dce4f90ec2e60d0bdefafa04e3dcf2d7f8eeef08d90a07e6ddf1f2f4fe09
0dfdcafefed6be11f5fb13f214fad7df0427e9eccf06e10feaebfcf3f608c5f9
0cf7a4141213c400f30b15da2cfacede1cf9e8fae72b0b1604eae0e2e3f2fafa
012418f4ef0421f8d8ec2cfbfe1724ee250224121b04f6edeff01c02eae606db
0b22fbdef40be905e3ed08f807f605e3f010150beb19e7090fbe4109f5e6d3f0
1e6df7c8d459ef421df9d722c3ee14c4d8f834d5ef2403122598b9f50eaad5e1
fe2909fdc514d5220fff05f9daf210da00faecf9fc17fcf4099dd7e3efbbcddd
f309c226e8cac4ed022216cf142bc5f025e7ed0a023dec3703f701c6e7d7f718
fc41f00a00010b11e7f333ff14f4e9f22b140c2e0af4efecfef11c07fee501fb
01fce4f7fee71afef4ff181d2419e3ef0fc5172f1603fc0e05ff33fc1a0fe210
fc0cefd8e3dee6fbedfff1201fe4e2fef42323defa05cf19f7fee7d9c2e4e305
eedb0af9e6f8e1d7070b0a1b20d1f1ff17f7e2fc29f7f926df08f8efcee7fbfe
f0f4f006dfd9fce0f61617ddfc0bd5eb2ef8031f1f0ce80d18e2b9f5e3e9fd1d
0844e0fb052ccc13140831161b040af4252f0c1aff0adf230ceb02f622def1f7
f801bdf71112d91002f028081bec02f0321af80ffcf104290a02f0101701fa02
ff17e3ee05ff1df6eb120f0010fd0d0019d606f810f6fd162a06e6fc07e50f30
1510ec0aeb01e90c0b19100b06d5fdff1ad3fe0019fa0e3000f9f80320ea06fb
1113cf14f203daf223f81ef01ef6dbe4212b0e122df2f7170fdec9f8f4f6061d
fdf7edeacd09d30622ff12a4e7f419bff10e21103628131807bdf11cf8d2b2fb
f8fbfd0203fa26f702e713e4e10b03dbfc251c074015ef06efdca9040403d1dd
e9f7fa0af1e5e00dfdfc24e7b805eeea141607e21626f926f1c6fefb01f7c900
f514fc08f9e6d70300e80fd0c41703f708d1f3fe121c0327ecfe170f1401caee
ddc4cfdbfbd6e7faf2d50ac2d3f729d8fc2be2ee09d80f0ddddfe105fefbcfdb
1a0ce6eef708280adbdf06e010faf4e00dd5ff103efe1013f5d5150b0be7c116
09fe0e07fbf10a0401e3e2cad2fc0c04ea17f3f14a14f3f8fcf515f207f0ba12
efc9d5f70fe219f4f9f4e8c4f7ecea0af73401de172100f2faf319eeebf7de02
e9d7c8e204dd0bdaf5e0ecbcdffde918fde7dfe1e4191fe3eff9ef17f92bccfe
dddbec00dd0df4f6e7d804d1fd022eef00cfcef3d70b101feadf050efb0eece3
f501e3f0e50ee10cf2fbf6f10ef613dee3fd010005111f0002d004fd02e9cd04
0003e2ece4ff090afd08e306eaf2e9f8dc21e6f2140dea0433dcf2f4ece5ca0c
1306dffeea1ff4191f0feeebbee9fdecdd2fe3efff2311d844fbacea12c0d729
e7e9ebcc0efae2f9f7faf5dfd6ce0309e5bfcff6ee0506dceaf5bd04f505fb2a
e7dd14f80604ef04f9ddff09daf6fbf3d7dbfdfbe0000af305f7fb20f10d05fa
fd09fbf2d30afc26181616fd15ca1aceea13fe09f2f21b1008db0111ffd905fd
edd9efeceafd1c0b10f00503ecc311eff4d6f3f9eb03f6f01adfd9fdf9dfddf6
eedbe7db0a07220619e5f8e0d7c7e102d4f6dafdeceeeee128d2d3e7d8cdf1ff
f424f0db1e04310c20fe05d1ebcfeff3eddef7f901ed0bf5eff21ff9efe6da1e
131ce8ce0effeb0300f40ceaee1926d9f6eb160625eb1810eee81412f9f0eaf7
f2c1cfffcbdee7d807f210eced0009bb13f6f60adf0940f9e9e4160bdcc1f2e6
f0bfd3fef4eac4f4fffc11dde7eff7e61316fe1de5f50f09eadef5f5eff7db07
f2d5d608e7d40afc0aed15d8fd08ecdceccb0806e8fae60e02cbeff7fbd8dbfd
19ffe0fcefe4f10400032dc6f304d7cb04c50b0b1908032af2ea18100acdc502
0beec10102fcdd05f50c16abf31c12c822150f2243040924f2e2d5160fbbc707
031bc9381bf3bc0210dde11f1439b6f7ff17cad7c627cf0a12fed3f9ff4f21d4
0a38f92602023a1430f1e8101bfdf804fffbe6dbcdfdd31001da26ea03fc160f
1404fa1e0707e7041fe2ee1b051603f80523fa0214f9effabbe134ee0bea17f6
2dfb081d14fef4e322edece503f21f150deaf9202a08d8f511fbfbfc0a041126
152a160cd70a9611242be405001f2418ef0e302539fcda1b0ef7f20218c3161d
f80dbf110eeb0d0b23bcf20a2814c8edead5f50eae2adaf4d5eec5fed40422e5
0d10f8090aeee30206d8ed1f10fac70105e0fbeecb03f7f50ce9cd08ff1c10fb
f40af6c500de0700eff60e1911eaa80212fdd122befbd7e1caf9e703eefe10fa
edf5091900d8cfe2cfb220f202cfd5fc2304f635e80dd2c61b0421e1ebecf2e5
16431d10d711b5f6ebd3f8f3fe001ef007d210340508dff7000cb30ffd0003fa
fdfbd61103dce2d61ea5fe151f13dbf60f0ce900100bd525e81ce1ebe7fd27d8
021fea0bfc0bb2ea1bae130303bee603fad50519c6e7c8f81002c1fc0d0801de
eab3008c0eb3d9c3959d22fc0381cb1027cd0021b99edfd8b024f7eaee1ff1d6
0ad8f7bb01e1d1cdbec1100d0fc8d4171af5ee24dbd2f2d8ebff27f8f607f400
f926f3fefe1306fa1cca14ff06fdeafc1ac21c27d911eaf310fbf5e8f2f0eff7
05e2fde2f1f3dde0ecaef8080220d5fcfe120415e42c18f7ff0205f50ff82d07
01ff0a10fb1098f43dd311eff109a8f1ffbee70cc120d6dc070deef9fa0918f5
d1cedccc0dc308c39acf2febf5e0bdff1df2e226ae05c7cfef07cde6e72dd7dc
ead3f0f50eeccadfdfb00f1a04becb0403b3ea18eceffadfddec1ef3d220f7cf
09fbdc02fd29a71a11000bff0fc6dc090aba1712f217f5fd08f1f1030ef60ef4
0510dc2ef608d5f002f8e7071646a4f2fadddef43244c609e4eb00fa0fda0122
181f2823d80dc2072009e60f0f61e6e4f0e6f1f8f60bcbeceed904211dfa2d32
34261703130acf220e30fa010e1ccef5040cd007e819bbeed9dbe3102cecff35
162cfcea0b2229fc15260e04fe32fef6021bd201161be50605de0d001c02110b
2924d2ff104bce38322a0ef3ea11fbea0c1c0801e109092f090ced2539221c3d
01f3ed241a00aa1749f004100624e4e4fb21ff06ebfdf70124ec0c0bfd070d19
fa20020e04f400fc45dfedf905f1e202ffc1e608ea0108f30905220708091410
0c2601140402e5f3ee29e62112ed0f0409eef00ee71005dcf8f40e0dfaff1612
0713e615e3ead6d728fe02fbfbfd04020b06071c0221f5d034e5141cf7d20a1e
101f0c1ce30481fb420e0e1a0345080ee7f50a0e62f8ea1010e1e3f414c80f14
fe06dc230309010123cfe11104ecf1edc21006f8e40522fc13e4df07fa0a0f0c
fbf304ec140406feecda001e0ffbd0ff091fff0319fefbf107f9e6fb11261a1d
0afe07e30be9d0ccc9fe103211eaf21207caf014e6f7f4daa706010aff081324
eee4e309fcf1e9c9efbc0d210cdcfcf9fbfd0514ec01e7d40ddc2afcf0f40a1f
0f2c191cd11deae314d8f41efc14f3f1e917131a280df5f707f0aff3fce7020b
0721fb30e022bceb46bef816f93005dadff00cf0ef1e080630d6dee8ffd51808
e2ecfce81ae387bbd4b7010f08a3d80d0624fe130beee4c40e0793f3e71712eb
e49413811798e4a28d971a1c2482ba0f18d3e914ec81e0ca9c1ff9e4db2a18dc
ecd9d6c90be49ae4dfaafe2101a3e403010ff70be3ccfdd6ffe22000f1fc1efc
fa2f000bed2cc70339e6d813f2f10709eed23dfc193918ef28f1cd1b06ef0517
0517f527dc15c4f82dc5e617fc10dff1e1c60bfb2325fbe929f628effdd30e18
00e5f8f40904e7d2fcccfd00fed9cf07fdb4d207ee0cdec30002c803ee0dfc12
f3f6e5d206e1f1c6ceebff1808edc8f5fcf6defcebf0f0c9c5efe3fa0a1b05fd
fb02bb020506e0f315eee31c09f6f2f4f929f4eae9ee07e407e20c0ff10d1600
fdf9d70f0d16c3021d00cf0a1d11f50adc2b0af109261818fd09de100a100afe
254ef718e822f41a2823f301fe2dd0edf6070c0f2a18d80604f817fc0e0def32
200ef622f32328f924dbf105feee03f6ea08ca0c0008e6df13fedcfd0903f714
1122e0e2060bdaffef25090d0d0601f8f4eae4e9ff09f30321e8ff0d19f31108
182095f5033ad3f21804edf7f8150effd5daf7ed170006012fec000f080b16f0
1d1cda2b0326bc162d09e514fd100101e4f708fd030c0f0f1108fe120f1d051d
f6e2d90bdde715f1cdf7f39c0b050cd7fee02a1038180ee6e9dfee12f1f4dc20
ebf3f40df820e2fed310f4e21e0cfcdeffc51bd3410e1513efdb3408e8f7f4f6
151813f5f22ffa100916fbedec0f0d04fef836da2ef425f0fc1cdb0b0dfc1005
0df722ee010aeef30afc0b071e0e031b02f705f0130031df173409fdfe04f818
f4f71005fcfc1a03e3eb02ddf70aec1eef0cf9f913f61d10fc27051a0108e117
0afef219f2dc07d804faece1580526e708f7171425feefe6e51afc01e7040921
eee0c81c06d232ddfb14120c302b000008f0efd67117e9fd1a0008e8db331e2d
e9e4ba29f6eb14ed0e0c1ae3f30d0b130e0cf3f949d5f3d60b15c2ebe1f6eb1a
e602ea0e01e5ebf01bee2addfd280a1c23c414032ced33d1f72bb9fcfb01efff
0aeedd16fdf8d5ffdf0a09fd05fb3327041a2914fff70f13eb1d02280113e600
28050627eeff3305f11b15d90717d1ec24e2f31c1bfac2ebc51a03e90e00e929
0811e555d4141a102f4312f10f2e32db181803004c351c310cf22c161116fa2c
1b42d2fee941011b424e243efa043c070dd110f5321f36e2d7e8cc1e35030b33
1249c3f9f82fb31c232020f2f61e2810291f0118322025d8edfdab0e28f5ed18
0ef2ca1101f11a07ddfe082c0ff8651d07f6091c2ef806f4e7fe211a1404e9f9
11f4161aec2ad609e438f3f61613c905fbd90d24221ef2e2cf180eff1a13ff20
03dcf226091cf31d262c18e12321da0d1500fb1000190504fdff3aff0afbf20b
000903f7e019eb051f2a10e4f31826121309110c200a31fbf932e2091d14fe02
08fcfbf2fffae9fd02fc0ecce80d1d1d281f04072d2120e6fe18d6fe11050313
f8f6dc15fbfbfef6d100f3effff00e231c01f4f21ff6fd03e8071e09e804ed11
0a14031ce02afdf7f229f5c301f10b06e4f53c001ffe1fcbde0e3a08f1fe0109
0314f719ec2dc8f4edf915d30ade04f309d92a09eeda19e7de0819100df016d9
02f90c080f2014f5f405f7f8e608121d16f51d03eaed3102fd30d70a14280ce0
fbe40afc10f40cfeeb10e6d212e90d34fae212fbea1314f60f3227ee0c44f515
f1e6090ae9f524faade1ebc70fe3e3180c2cf2ef12110d18f61f1608df10e613
19f3da1703f9c0d24bdc24fc1c1401fcf7081501fc08c4b421053bf9f80be500
17f6e404ffdddcdc22f609ebe2f2f30de606fbf704f8f3b0ffff0004fa05d904
05160ae1ffebd1c5e81dd9c1d8ebec0de80beee8eeefedbef3ee00170afac225
1e1810e1faf4cae201faf7f7fcdc08ffeccb0efee5f2f3b00b02081ee81bf223
f9092cf312f6c9ce2ddaf8e61d04aef7e5da01fdd706d3d119fdfcf6cc1be8f6
08dcdc1401e9e9cd3bf314d7fc1b180b21c9f0f226d8d7ce01e11be4f5fc0815
180a0c210af0edfa0c0118f2def2f5f1f90a03fd0fecdcdb10ff2a060df1d81d
30041ed00c17d5e8f21cc102d8fbe4eed2ceece8ab0ad5d6f3e8020f0ae8d80d
32120be1eefa2ef008f21dfc05fbfef7fe230df8ae0cd8c1fcedfa09f9fde011
f4d2210d11feffce0ad51df209e3dae90ac9fef00311f9dc0ef0d3d0d10d1dee
d6d2fcfc13d919d400f906010471411a2123f9fa17f3d3b9f500f3f1c0161402
f8f611e608ff2df7d7f6fe10eaf522e1e6d6d3fecc0bedd525b516f8f6dcfce8
f52b20b9cc250f20dfeab83fdfeef1b3960ee6c4ae17f2c4eb89f0fc08af01cb
fe13d6e4cb12d5010cee010dfafa05efeecdf4f2ba04d0d1edd8ebf1e6daf9d5
f6f2ab0ee7f1c2e80bf91af51d15e5061520eb1a140ff2d9d61497f608ce2326
0108162d1ff30be914f2f7ff0a41e102f8f6d4101031ddcd23f432f8ddff0432
12170e01fdf234f6fd11f2fa16fcf2f8efd6f30ed7fef0b8dbf429faf809d527
f32836d6f1d426dae113dde604f1e7fdecfaecdad4ede7ccd4f3f0fceedde205
1202fbd9f4f913dd0b220bf4f5f5ec0604f7fa06f009f2d0ef00ecf8e5d6fe1a
f5eed609f0ecd2ed0e0403f30012c31c0005da1cfa35d3d21316bdf9ea06eb3f
efebf8032210fbf4161af0181b1fc8f6f029e5f61324dcd614f629ddddeef720
fa17ecfd1707d9d43b060be90f12ea10ff2ee90af305ebe0e31f0708f411f734
0e3423fb1510e3e7f241ebb3f8f9fc15e900ebfd06fce7e4f71dc8170ff9e13a
22351603f513c0e9f941f3e2f80de522e5def50909131bd9ff08e71b25020622
fa0fc8271afef0e2281df709f945c7f70b26d009fb1cd5e81af7c0fb1012fa32
0623cdf90b01f7fbe2adedc3b3fdfe10e1d4e1c2b7001f291401000cfbfeb6c1
0e20c709e912171deaf6f0e7ef002402f1c621e81318081feded3d2623d5ee02
30fc11dff10cdd18efd6dae1d8192efee815170318fd070fb2281c1d3d09e8f9
400f0af0e410fc1eebe6d1ec03e4411ef0d1f903d9e02009d02f0efb1303020b
331d26f6cc2e043a1501d93bf5f14116f0ee2d011a05111308201b092a021713
fd10d4100621d4161fd1f1ede7eae512def21504d8fd37170cef0918fdfcfae5
f1f2da17ea090b11190a01fde2f9f3ddf6f829f0f9fa21fc05df23150ef1edff
f3260206f80fef11040c000512f31d0cff080a04def926f1e607dfeffa1f0cd7
0346f602e01ace1b0adaff0000d60d060ee60bffd3fd011fbb0a16fd080a12bf
1425f701ce23d917eef1dc4007e2180ff2be00f8210105fcf101072a121d35e2
2ef9ed1af427e01a2210020a03f8e407052b2e23080648f1fe0a1ef914f10dee
0522ea140915dcfe2810030617ece20931ddf40ee61623f232032ff6270b00fa
e5cd15c407d714fdc5e3200df9e1e41735e3030df8d9fc04cf14120aee01fded
0a110befd6edc5ffecdb101508e3180f32df0b100cc4091ae204080802e0feeb
2c341ffadf2d001108eeebff17f20cf4031a0d0e3cfef80d1903ef0c06f6190b
1b160136e01e1d0210f7022418070cf80e1b0f1c261c5f130bf21bf40aee1209
0f35cb1c0826020f11e2eeff0f06ff0b1d0fe7efe9f9fb2322071bfe18ff1005
ff0f06e4eee5e402cbc60dfdfcd0eefb22bcff03eae4f420de0be3060dfde5f0
fd0114fce0eb29040cc21033ffe4070f1dd3fe1af0ed02f2091be000f7eedbb9
2c0131160315b7fd16dcf6051be708f40df41b28fbe7e3e915f0d0081cf02df5
1b2dd527ca1ae61d2af7e8cd0532242cff361a1460fc310a1c10221320f5e023
eb1bf809de0cf3331cfaf5f219102322f12114d717071b0132151511f2fc1c16
0f0a0a05f52513282202ea14f9270806e6c902f6f71a1f01f22bf10513f5ff16
212d1a18f123d018050d0cebf73a060eedfaf9fde31018e9f30b021029f208f6
410321150031a30df50901e2d2021fccfa240d43eeedecfdfdd9b30f27d01507
c4c4f4f3faacc7c9380200ade202161614e4cdea4015c5f1baf40fd8ce04f91b
d2b8ddfaf9ad20be06f70fead114cde31fedd8011de3a51eddfe17cfc719dd01
d3e502071ca3d1ce31191ef5e2edd6de1434e20203ed9607e92c16c8b037c523
d7d5110c18a5ebce28f80dc5e2e1e4e831d4cbfbfcedb007f53bf9ded740c4f5
ce8c15f51caadec320daf3e4e7e219e0080cd5f5f0eee1e81005edcccb0bfdfc
f1e6ff1303c6fae416f41ee6d7220e0f0bdee5070d0fcdffda040be7e9dbda27
09eaf102f5b6c8d0f9f80f0fc7f1d1fe1fe5ce07240881f6fafd31d7f2ebd72f
0a20ca01ecf8e1ed3b1d1cc4b8fdd4e42312100ae60ec4f81de1fae007caa826
d7caebec00c91dd51ffa2db6d707d4d93625d509ce1ccbeb04f6e6d9de0bbd1e
d9c3f8ea16e4cbde280c15d2f71409e21b12d704e402030cf70cabe3d22ac10d
ec0924f71ffd10f61f0d21e9f01cf90c2ad6f7f50009e6e8f61536d9e4fbb6ff
1424f7f1260c1c02fe1419e5e104ed1525ede313f00cc61916dc36f605ebf110
1e4101ed0716b7122aff04bcbcf0ec3c0b143d2af107e2172df1dcff1bcad014
e3150dfdfbf1e50347f921bcb203c501261fff1ed608f20a0de5b1d5f2dab317
d6d512f01ce522fd3d2a1c93d214eae41fcbf81ae2f903e9df2392d3e0239511
e01a27ef21eb26f10df80ac6e32f120426f6fb03f4f0d608fa3532e1f711d4fa
f1fa050918e910ed000802130f1be01c0bcfcb061d03e5052a034cdff91302f7
f5030df9fdfe09041e061dbbb7f9dd2009fc192f0f12edfe282000e3edebd608
e3efeaf4ffeafbf024143822d1dcf80d1905f538f1f8fdf4f20de7e6d9e20aff
ceaaf0e604dad9ee161213c3fce9faeefcb9e709fbe10401d22bc3c5dd04f201
ccc406e824d5f8c52e16f7e70c250aefe5dff6dbfc1ed508041313d7d8e0e3fd
d4b1c91222bbc4d7361504d70116e3130e0fd4e309f2e60e061927e9fa20d6f8
dbdcf0fd1dcadddb43342ba6e70cef0818cdee0bf9dfdc04f535f7e511fcac2e
e8c6e0030ed1e3ce1f0415c9e70906fe110de10221f1f0dff923fce5edebfb15
d98dd8fb15ace3da340defb2091a16e6dd1dd7ee2b1505f9fe1cc7dcd007f0ff
313dbff6cb3bd4601453181437000ac2e5033115fb0b2f4ee6ab233a41da22f7
0d24e3e1fe0cf02bf718f7292b0a22d4da120efdc614092904ddc92c28ca2101
0848f8ebd2192532e002120118fb16e1eb2a04fdd9f10d27fae9d02f1fd312d0
062720f2e40ac82cfc0f341a31f31cd3e707f003b4f3f52913d7c81723ed34df
2836f4e5db4cc54fe2363711220d2ab6f82e0706cceb0f43e2d3f80527eb22df
fd0bd0e1f8232328081b00142512e8edd602f5fdc9f70221edf13703fef81c10
0f38dadefa130c100deae2f907f11bf9d320ff09e219fe14fdf4fc1410e409f8
0d1200f1f10b2413122ddd270af11ef6d0fe24f114e61214e808e02529dc16f2
000929fc010fdd06f50d1c12210219fad9ef0cfdd5ebff121516e2050efa13dd
05200af3e21a0722da1a28e711f32ea9d6101a04c2e2310c0de4f81813ec1de3
e305c407f2142a2fed0006012aeffedcdeecf3fc07ff0827db0d2c010aed0c19
e0edeb16e613d11c03e2f60305f52aeacaf2f9fb16161e11cef5f901f2f00eed
f0e9150ae5f2ea011002c0fc31e3fa0de3170b050ff801f90d041108eb3f28f7
fe0e35fb0a11f30bedfce10d14defce5dbca14fff0e3fc04f7f9c6faf0e904f1
f51917ecf9271e22d5e31604ff0c1ebff0f80cf4c4ca131ce7c7f6ebfec4fcbc
fe1f00edd40df923f21af5f917f1f7f3dad90df012040e05df05fef9f7e30b13
ebcf0905fc050b0b10f0e3fb20e91902db00f202040afcfeeee2f1ef14e90ffc
dcd920fd1fd5def9dde6eddb21cacefbf2e2d6f0f8fce1fdeedd1bfaf2fff7fc
f4fe29f61103f511ff04ece4f1b9e90dcf02fbf7eaeef3f3e20d34f4fb08faec
f8231add1329142c12fbf6e0dfe71bd7b72dfde5c9f91712eed8f8ea04d7fbd6
0027e3e6c70ced0c1004010c07ea17daeaf3fb05dad615fcfbf84908f7ba2902
fb13f4f3e006be0bfa02f70bfb000bdce31bfcf6ecf6f603d2e50bff15d219f7
f70b1204f60c0e17ed041dfd16e9fbd1050cefefdbe4d41ac3c3d5f60c111d17
013630f3f10eea1a2f0d05dff0e00fe5cbe2eff21acbea11d4f20af90e00fa0d
0f1029f10119f8144e1809e2dff035b8dfb907fa01ee1afed9c7d407fbb400fb
f5dac9f1f6e3c4d9d3bde8fb0904cb0cfaf2e4fa2f05e6da0deb0109ee26c422
f5ebc203f7d7d3cf1cbaff09f214d81fe71df5e52a12f1c517f6f9edf7030912
fff1d425db051ae930def84d1827e5dbfdd4f5ee201df7f318e30be4f8cc2cfb
ebf2e80617d5d8d40be40bf8fde7f3ec0106e6e304fcfff4fdecf108fd0e0c0c
fbfef12cf1001cf4edf70f020c1f0211ec37e4d7f90b0ef6f0d7fb061e15f908
0200f615f818f2eee7e1fb0df0cff705f11a00f721e815b6ed0c021af4e6da33
03ecfbf4ef0ecbe32406e807f9dcf3faeff202f21e0af2a70dfcfe16f8f2e72e
1f13f0e1c727c90e220fe409fb040fd4d3ff13e8e42808da26d7ebed11eb0323
1603dddfee13c8f9060dfa00f6e81108ecd9feeff21005d7f4f9e7ee04fee711
0e0bc9f2e31cf9ebe1cefc15eaf3311dfc25f6ebecfa15eb01002f1204fbf1e6
eb09e9040925c7f3f2d1080ce6ef1705ebd129f4fff921be0308f816e9dfe7fe
092af2d7d910e2e4ff1eca3102ae20e8cb2a1ad1d804ebc406eb9af8f8d1f404
17340ccdc730ea1533f7bf33f2baf5b3b6f610d2e507f4cf18be8be00dbf0be9
071e1fe5e90ce6fb0704d00ff4f4e4dece81f7d7e0f507ecf1e4eefa01dbeb02
fe13f0eaf424ccf9fde9fc00e927fd06f0ac1dee04f62dfcf4093e05f0ddddf8
fa21ff061b24c4e4d7d1f410e60706fdefca2a08ebdd20bef6081614f5ffe3fc
0924e1f7f801c8d00607fdfeeddc07f4ee171bfedbe7eec2ee06f4eb1a00ce1a
fe0ff6fbecfcf0d22811fc0ef5c1fde9eaa31417eae8cbb1fce4e3e2f0d0eaf4
0d1efe0200f515ce140401ff12f02df900f7060af5e00bf6ce1f160604f0c4fe
e802f3f2f3ddbccde2d0020c1c142007f5bf18f504f414e2f2391000e000d3d7
fef9021f1604f9edbe00ee1610f3e6f7e8b9111603f416bae8f027111a1d010f
0302ff111f0b22e5e4e01514040ef8fa1af8001bfcfb1bdffaf71b14240f00fa
f1e7b030fedd2dddf4a8ff33fee5eeea270e0c060613f0f83bf2b8f9d9d41dd6
0cdcf81b0ce4e4d1ead70515fa0cd5190f2d001cf3090603e724ec11fa1827d7
f9fee51604f906e1cee10318fe26fcfa17da0512020f19f905f7cc0e06f8fcd9
07f60afc1d02d6f1e4dff5e3ededec03041cfa07f904e6dcd21edbebe618f5e1
e5e9ea0d3104c3f303fbedf804d6ff1004f8edfdce0406ee150c0506e921f9e7
f10705ddd809c5030e08e4dc12dd2f1f01e018e4f0031b1736ee1e10fe3a0cdc
1b08fbe7d31bfa1018f5c2ed233b641cda2e24da170a1b2846fa25eaf7040ff2
2d41c30fae3bc31813d6cc07023227bac62137e018ea1a321fb946d801c11ef4
00f117ef07e706eeebdb200910f6dc170deeee251013d9e10515e00fe7200006
14ed0bfd07f5fcecd8ef0eeb0dd3c50114dacd24d8ff070803f400080c07f10f
000bfff40cfc0dfaf8fa1adff7b9ec09230efb12dbe8fe1508dc380218f6f907
eee61ff7cbfa04f102ceef04fe114ee60a084703ee0c0b0a22d7ade9e9d61708
09f80e0ac906fdee0ac5df303b1029c5d61d24ead4d72106c8b535f8f2c02de2
09ee15f0f5e6d400f5e3371513d3ff090d00061be5fdd4fb1618b511f40a07f2
03f711d3f4d8d8f5c8d921fd22b1d2061021bf23b6eff503dc0111fdfc07f8dc
ebe8e9dafbeabce609e239d5f5bec51935c80613c7f6e8f1fdee421bfcedc4ea
140c08e0c91f0cfb4adc2405e8fc1be9130d3d0208e3000f07ad8ceef5adfd20
172808fde51e1a000bd514101dfb39ad15183507d5ca4518d9811bf4f68121f2
0f0e27f7fb14f4300cfc1ffc0af00b0115ca18f9d1030c0f0205f50b020504e4
09ff1607f2042b1414fd18000c160300062ad00dc903f7ef030017f110fdfae6
fef6ef01fb23bdf915f617d50223d31215c60621cf18dadf00f31d1715e50502
1b03e3ec053a021131fc0d10ff1cd2fd01d3251412f40b1616d6dc0812cd1528
1e30e2fe073bb10ef5a706fb19003ed00c04f013e4f52015099522dcefa3ffec
120b2724020eef1cfcf7cef710fa1400d414fce719fa1a05dd10f3fd011920f8
0cfd1525ee14cdf719f6dad91d06ed06d8ccdde7faf2fdf5ff1d1ffd01010ee4
1d1ae115004cef2b1be6d5e91f0ed20ccd1106c9d108ff2a261521111ff20ef9
44588dff2343c04738ecf3d9000d040ad6331fe9e414144840ca41e837e611fe
514aaef012702c2b26dceef20ef73b9df8f80e06f70e2c122b8353e5fec608fe
1430d6f8e82ec83deff1212a1fe00eceddf30b12f9ec162f04ac281816d711e1
0a41dce21a0c0121f3f0000e03dae8d8d9e104f5dcfef80204c92814fffb0e07
0a49d7e0f924192de9efe90f1de002d5b705fdf3f9e1e52505cffc0b13fb1a0d
0636f0ccf624c824dde8ef0b22ee04f5ddd0fceefffdf211de24e8f61b0f020f
040805e9f025331bedfd041c1ef122e6d51c23ecfef91417f5f618ff19de26f6
123fc4eaf020ba21f4d1ff0010d8fdeacf0f140bcfef251608d4f3160ce4fee2
173708fa1619b21611d6f7f70adf0eeae4f32601dde71608fae1f0260e08f9fa
151912fb07f91404f5eefe061ec0fddceac52b0d02e2f71a11e5091109fa02dd
0e050bdafc22060af5e1ed0405b7fff5e0bf1404f5dbf406fa0605021bf81eee
0b1410eb0e0db517e5ec030a0be21102dbe5fc0c14f01a0bdd16fcf000f22be8
0930c71ef637c01ece01db1a1709ecbee3141200ed041d20f9cc0f061fd30bef
1a2b19fdec150b1f0f02e1f1fc1efddfe1e60be903fa1513eee204170dfc06f9
092a160fe62004151f06deea1dff0de9fef22de6f0160e0239ee0c191ddb2515
062c00d5f91aca07dafae3f80a05defbdcd20aeefce514ffe425fb0a17ec0efd
001c09e2120c0c0ee5fde9f812f9fce3d4ccf5f8e5fc2c12c428c9f3f1fa1be4
1c47e0d6c0300727ca09fb0c1c10f8bbe2c92611e8f4200ae7d8e60d1eb41808
1b1600e70032fa07f100e60504e1ede0cc071e17d20b15ffe7e9ce092bd4ed01
07ff09010e11b10c04fbd81c16e7e2f1ebebee06dffe04100ffdf20c1b011309
0d280fd70601ee1de50af3080808eb0af5f3fa09db020805f801150830f10207
0e2a0cee12190612fe17effd1c0ffee5e5e2f4fbd804170ad6fcd3f70604170e
2342d3ec92371d35e21f0e231fdc0aaef3303ef7e4e2173ae2c63d0d24ab2509
0d3610f9cb18ae24c7fdfe271cbff7b9d5172d0ee2f51115e3ccfe1906db11fc
0d35ed010a0f0816d7f4fc1029e30acfdabd0f0df0e70b17dfcae4030deb1c10
002c06ef0d1fc413e406f60f1ffceef6d8e7f3feeb03f417deef10eb1a0a0922
1317fafb1b1cd01eec25fd10171614d6cef20b08e4f70003dc09f90e0ef11d2a
0000000000000000000000000000000000000000000000000000000000000008
0000000000000000000000000000000000000000000000000000000000000039
00000000000000000000000000000000000000000000000000000000000000f9
0000000000000000000000000000000000000000000000000000000000000027
00000000000000000000000000000000000000000000000000000000000000fc
00000000000000000000000000000000000000000000000000000000000000f9
00000000000000000000000000000000000000000000000000000000000000db
00000000000000000000000000000000000000000000000000000000000000d7
00000000000000000000000000000000000000000000000000000000000000fd
0000000000000000000000000000000000000000000000000000000000000050
000000000000000000000000000000000000000000000000000000000000002b
0000000000000000000000000000000000000000000000000000000000000003
0000000000000000000000000000000000000000000000000000000000000032
00000000000000000000000000000000000000000000000000000000000000df
00000000000000000000000000000000000000000000000000000000000000fa
000000000000000000000000000000000000000000000000000000000000000f
00000000000000000000000000000000000000000000000000000000000000ec
0000000000000000000000000000000000000000000000000000000000000014
0000000000000000000000000000000000000000000000000000000000000038
00000000000000000000000000000000000000000000000000000000000000de
00000000000000000000000000000000000000000000000000000000000000fa
00000000000000000000000000000000000000000000000000000000000000d5
00000000000000000000000000000000000000000000000000000000000000f6
0000000000000000000000000000000000000000000000000000000000000001
0000000000000000000000000000000000000000000000000000000000000037
00000000000000000000000000000000000000000000000000000000000000f9
0000000000000000000000000000000000000000000000000000000000000025
0000000000000000000000000000000000000000000000000000000000000033
00000000000000000000000000000000000000000000000000000000000000b2
00000000000000000000000000000000000000000000000000000000000000e9
00000000000000000000000000000000000000000000000000000000000000e1
0000000000000000000000000000000000000000000000000000000000000002
00000000000000000000000000000000000000000000000000000000000000dc
00000000000000000000000000000000000000000000000000000000000000ed
00000000000000000000000000000000000000000000000000000000000000e5
00000000000000000000000000000000000000000000000000000000000000fb
0000000000000000000000000000000000000000000000000000000000000001
0000000000000000000000000000000000000000000000000000000000000010
000000000000000000000000000000000000000000000000000000000000003b
000000000000000000000000000000000000000000000000000000000000000e
00000000000000000000000000000000000000000000000000000000000000ef
0000000000000000000000000000000000000000000000000000000000000004
00000000000000000000000000000000000000000000000000000000000000f9
0000000000000000000000000000000000000000000000000000000000000017
000000000000000000000000000000000000000000000000000000000000001d
0000000000000000000000000000000000000000000000000000000000000025
00000000000000000000000000000000000000000000000000000000000000f9
000000000000000000000000000000000000000000000000000000000000001b
000000000000000000000000000000000000000000000000000000000000001d
00000000000000000000000000000000000000000000000000000000000000fa
00000000000000000000000000000000000000000000000000000000000000e7
0000000000000000000000000000000000000000000000000000000000000004
00000000000000000000000000000000000000000000000000000000000000d6
0000000000000000000000000000000000000000000000000000000000000017
0000000000000000000000000000000000000000000000000000000000000031
00000000000000000000000000000000000000000000000000000000000000ee
00000000000000000000000000000000000000000000000000000000000000d8
00000000000000000000000000000000000000000000000000000000000000d7
0000000000000000000000000000000000000000000000000000000000000035
000000000000000000000000000000000000000000000000000000000000002d
00000000000000000000000000000000000000000000000000000000000000f6
00000000000000000000000000000000000000000000000000000000000000f9
00000000000000000000000000000000000000000000000000000000000000f9
00000000000000000000000000000000000000000000000000000000000000f9
00000000000000000000000000000000000000000000000000000000000000e9
0000000000000000000000000000000000000000000000000000000000000041
0000000000000000000000000000000000000000000000000000000000000028
00000000000000000000000000000000000000000000000000000000000000f7
00000000000000000000000000000000000000000000000000000000000000e4
0000000000000000000000000000000000000000000000000000000000000026
0000000000000000000000000000000000000000000000000000000000000026
00000000000000000000000000000000000000000000000000000000000000d1
00000000000000000000000000000000000000000000000000000000000000e4
00000000000000000000000000000000000000000000000000000000000000d5
00000000000000000000000000000000000000000000000000000000000000d9
00000000000000000000000000000000000000000000000000000000000000bd
00000000000000000000000000000000000000000000000000000000000000d3
00000000000000000000000000000000000000000000000000000000000000f2
0000000000000000000000000000000000000000000000000000000000000008
0000000000000000000000000000000000000000000000000000000000000081
0000000000000000000000000000000000000000000000000000000000000037
00000000000000000000000000000000000000000000000000000000000000e6
00000000000000000000000000000000000000000000000000000000000000ba
0000000000000000000000000000000000000000000000000000000000000021
0000000000000000000000000000000000000000000000000000000000000050
00000000000000000000000000000000000000000000000000000000000000b0
00000000000000000000000000000000000000000000000000000000000000e4
00000000000000000000000000000000000000000000000000000000000000e5
00000000000000000000000000000000000000000000000000000000000000f2
0000000000000000000000000000000000000000000000000000000000000005
00000000000000000000000000000000000000000000000000000000000000f9
000000000000000000000000000000000000000000000000000000000000002b
00000000000000000000000000000000000000000000000000000000000000a5
000000000000000000000000000000000000000000000000000000000000002e
00000000000000000000000000000000000000000000000000000000000000fa
00000000000000000000000000000000000000000000000000000000000000f8
