img,ships,found,name,scene,split,pd,events
1.0,2,2,P0001_0_800_10190_10990.png,offshore,train,1.0,24
2.0,13,13,P0001_0_800_7200_8000.png,inshore,train,1.0,1551
3.0,5,5,P0001_0_800_8400_9200.png,inshore,test,1.0,198
4.0,3,3,P0001_0_800_9000_9800.png,inshore,test,1.0,134
5.0,1,1,P0001_0_800_9600_10400.png,inshore,val,1.0,47
6.0,1,1,P0001_1200_2000_0_800.png,offshore,train,1.0,10
7.0,2,2,P0001_1200_2000_10190_10990.png,inshore,test,1.0,958
8.0,2,2,P0001_1200_2000_3600_4400.png,offshore,train,1.0,22
9.0,2,2,P0001_1200_2000_4200_5000.png,offshore,val,1.0,15
10.0,1,1,P0001_1200_2000_7800_8600.png,inshore,test,1.0,237
11.0,5,5,P0001_1200_2000_8400_9200.png,inshore,val,1.0,153
12.0,1,1,P0001_1200_2000_9600_10400.png,inshore,train,1.0,492
13.0,1,1,P0001_1800_2600_0_800.png,offshore,train,1.0,15
14.0,18,17,P0001_1800_2600_10190_10990.png,inshore,train,0.9444444444444444,612
15.0,1,1,P0001_1800_2600_2400_3200.png,offshore,train,1.0,19
16.0,1,1,P0001_1800_2600_3000_3800.png,offshore,val,1.0,13
17.0,1,1,P0001_1800_2600_3600_4400.png,offshore,train,1.0,9
18.0,2,2,P0001_1800_2600_4200_5000.png,offshore,train,1.0,12
19.0,1,1,P0001_1800_2600_4800_5600.png,offshore,train,1.0,21
20.0,4,4,P0001_1800_2600_7800_8600.png,inshore,train,1.0,101
21.0,4,4,P0001_1800_2600_8400_9200.png,inshore,val,1.0,135
22.0,1,1,P0001_2400_3200_1800_2600.png,offshore,train,1.0,13
23.0,1,1,P0001_2400_3200_2400_3200.png,offshore,train,1.0,18
24.0,2,2,P0001_2400_3200_3600_4400.png,offshore,val,1.0,11
25.0,3,3,P0001_2400_3200_4200_5000.png,offshore,val,1.0,23
26.0,2,2,P0001_2400_3200_4800_5600.png,offshore,train,1.0,20
27.0,1,1,P0001_2400_3200_7200_8000.png,inshore,train,1.0,52
28.0,2,2,P0001_3000_3800_1800_2600.png,offshore,test,1.0,21
29.0,2,2,P0001_3000_3800_2400_3200.png,offshore,train,1.0,15
30.0,2,2,P0001_3000_3800_3000_3800.png,offshore,test,1.0,11
31.0,3,3,P0001_3000_3800_3600_4400.png,offshore,train,1.0,30
32.0,3,3,P0001_3000_3800_4200_5000.png,offshore,val,1.0,27
33.0,1,1,P0001_3000_3800_4800_5600.png,offshore,val,1.0,14
34.0,1,1,P0001_3000_3800_6000_6800.png,offshore,train,1.0,13
35.0,2,2,P0001_3000_3800_7200_8000.png,offshore,test,1.0,31
36.0,1,1,P0001_3600_4400_1800_2600.png,offshore,train,1.0,20
37.0,3,3,P0001_3600_4400_2400_3200.png,offshore,train,1.0,19
38.0,3,3,P0001_3600_4400_3000_3800.png,offshore,test,1.0,12
39.0,3,3,P0001_3600_4400_3600_4400.png,offshore,train,1.0,22
40.0,3,3,P0001_3600_4400_4200_5000.png,offshore,test,1.0,15
41.0,1,1,P0001_3600_4400_4800_5600.png,offshore,val,1.0,11
42.0,1,1,P0001_3600_4400_5400_6200.png,offshore,train,1.0,21
43.0,2,2,P0001_3600_4400_6000_6800.png,offshore,train,1.0,42
44.0,1,1,P0001_3600_4400_600_1400.png,offshore,train,1.0,28
45.0,1,1,P0001_3600_4400_6600_7400.png,offshore,val,1.0,36
46.0,1,1,P0001_4200_5000_1800_2600.png,offshore,train,1.0,28
47.0,1,1,P0001_4200_5000_2400_3200.png,offshore,test,1.0,27
48.0,2,2,P0001_4200_5000_3000_3800.png,offshore,train,1.0,15
49.0,3,3,P0001_4200_5000_3600_4400.png,offshore,train,1.0,17
50.0,2,2,P0001_4200_5000_4200_5000.png,offshore,train,1.0,12
51.0,2,2,P0001_4200_5000_5400_6200.png,offshore,val,1.0,28
52.0,2,2,P0001_4200_5000_6000_6800.png,offshore,train,1.0,28
53.0,1,1,P0001_4200_5000_600_1400.png,offshore,test,1.0,27
54.0,2,2,P0001_4200_5000_6600_7400.png,offshore,train,1.0,24
55.0,1,1,P0001_4200_5000_7200_8000.png,offshore,train,1.0,9
56.0,1,1,P0001_4800_5600_0_800.png,offshore,train,1.0,19
57.0,1,1,P0001_4800_5600_1800_2600.png,offshore,train,1.0,26
58.0,3,3,P0001_4800_5600_2400_3200.png,offshore,train,1.0,37
59.0,1,1,P0001_4800_5600_3000_3800.png,offshore,val,1.0,8
60.0,1,1,P0001_4800_5600_6000_6800.png,offshore,val,1.0,8
61.0,3,3,P0001_4800_5600_6600_7400.png,offshore,train,1.0,23
62.0,2,2,P0001_4800_5600_7200_8000.png,offshore,train,1.0,13
63.0,2,2,P0001_5263_6063_1200_2000.png,offshore,train,1.0,28
64.0,1,1,P0001_5263_6063_2400_3200.png,offshore,val,1.0,14
65.0,2,2,P0001_5263_6063_5400_6200.png,offshore,train,1.0,26
66.0,3,3,P0001_5263_6063_6000_6800.png,offshore,train,1.0,19
67.0,1,1,P0001_5263_6063_600_1400.png,offshore,train,1.0,12
68.0,3,3,P0001_5263_6063_6600_7400.png,offshore,train,1.0,19
69.0,4,4,P0001_5263_6063_7200_8000.png,offshore,train,1.0,22
70.0,1,1,P0001_5263_6063_7800_8600.png,offshore,train,1.0,9
71.0,8,8,P0001_600_1400_7800_8600.png,inshore,train,1.0,616
72.0,6,6,P0001_600_1400_8400_9200.png,inshore,train,1.0,102
73.0,12,12,P0001_600_1400_9000_9800.png,inshore,train,1.0,569
74.0,6,6,P0001_600_1400_9600_10400.png,inshore,train,1.0,485
75.0,12,12,P0002_0_800_7200_8000.png,inshore,test,1.0,1900
76.0,6,6,P0002_0_800_7800_8600.png,inshore,train,1.0,532
77.0,4,4,P0002_0_800_8400_9200.png,inshore,train,1.0,160
78.0,4,4,P0002_0_800_8689_9489.png,inshore,train,1.0,127
79.0,1,1,P0002_1200_2000_3000_3800.png,offshore,test,1.0,47
80.0,1,1,P0002_1200_2000_3600_4400.png,offshore,train,1.0,51
81.0,7,7,P0002_1200_2000_8400_9200.png,inshore,train,1.0,123
82.0,4,4,P0002_1200_2000_8689_9489.png,inshore,train,1.0,277
83.0,1,1,P0002_1800_2600_1800_2600.png,offshore,train,1.0,39
84.0,2,2,P0002_1800_2600_2400_3200.png,offshore,val,1.0,30
85.0,1,1,P0002_1800_2600_3600_4400.png,offshore,val,1.0,49
86.0,2,2,P0002_1800_2600_4200_5000.png,offshore,train,1.0,63
87.0,2,2,P0002_1800_2600_4800_5600.png,offshore,val,1.0,29
88.0,2,2,P0002_1800_2600_5400_6200.png,offshore,train,1.0,24
89.0,1,1,P0002_1800_2600_7800_8600.png,offshore,train,1.0,75
90.0,3,3,P0002_1800_2600_8400_9200.png,inshore,train,1.0,107
91.0,1,1,P0002_2400_3200_1200_2000.png,offshore,train,1.0,37
92.0,1,1,P0002_2400_3200_1800_2600.png,offshore,val,1.0,37
93.0,1,1,P0002_2400_3200_2400_3200.png,offshore,train,1.0,19
94.0,1,1,P0002_2400_3200_3000_3800.png,offshore,train,1.0,19
95.0,1,1,P0002_2400_3200_3600_4400.png,offshore,train,1.0,30
96.0,1,1,P0002_2400_3200_4200_5000.png,offshore,train,1.0,32
97.0,1,1,P0002_2400_3200_4800_5600.png,offshore,train,1.0,28
98.0,1,1,P0002_2400_3200_5400_6200.png,offshore,val,1.0,25
99.0,1,1,P0002_2400_3200_7800_8600.png,offshore,test,1.0,85
100.0,1,1,P0002_3000_3800_1200_2000.png,offshore,test,1.0,29
101.0,2,2,P0002_3000_3800_1800_2600.png,offshore,train,1.0,36
102.0,2,2,P0002_3000_3800_2400_3200.png,offshore,train,1.0,24
103.0,2,2,P0002_3000_3800_3000_3800.png,offshore,val,1.0,35
104.0,2,2,P0002_3000_3800_3600_4400.png,offshore,train,1.0,46
105.0,1,1,P0002_3000_3800_7200_8000.png,offshore,val,1.0,51
106.0,3,3,P0002_3600_4400_0_800.png,offshore,test,1.0,35
107.0,1,1,P0002_3600_4400_1200_2000.png,offshore,val,1.0,40
108.0,3,3,P0002_3600_4400_1800_2600.png,offshore,train,1.0,34
109.0,2,2,P0002_3600_4400_2400_3200.png,offshore,train,1.0,29
110.0,1,1,P0002_3600_4400_3000_3800.png,offshore,train,1.0,23
111.0,2,2,P0002_3600_4400_4200_5000.png,offshore,train,1.0,30
112.0,1,1,P0002_3600_4400_5400_6200.png,offshore,train,1.0,35
113.0,1,1,P0002_4200_5000_0_800.png,offshore,train,1.0,23
114.0,1,1,P0002_4200_5000_1800_2600.png,offshore,train,1.0,26
115.0,2,2,P0002_4200_5000_3000_3800.png,offshore,val,1.0,38
116.0,1,1,P0002_4200_5000_4200_5000.png,offshore,train,1.0,36
117.0,2,2,P0002_4200_5000_6600_7400.png,offshore,val,1.0,40
118.0,1,1,P0002_4200_5000_7200_8000.png,offshore,val,1.0,35
119.0,1,1,P0002_4800_5600_2400_3200.png,offshore,val,1.0,35
120.0,1,1,P0002_4800_5600_3000_3800.png,offshore,test,1.0,30
121.0,1,1,P0002_4800_5600_6000_6800.png,offshore,test,1.0,28
122.0,4,4,P0002_4800_5600_6600_7400.png,offshore,train,1.0,58
123.0,1,1,P0002_4800_5600_7200_8000.png,offshore,test,1.0,32
124.0,1,1,P0002_5260_6060_1200_2000.png,offshore,train,1.0,34
125.0,1,1,P0002_5260_6060_2400_3200.png,offshore,train,1.0,25
126.0,2,2,P0002_5260_6060_5400_6200.png,offshore,train,1.0,36
127.0,3,3,P0002_5260_6060_6000_6800.png,offshore,train,1.0,39
128.0,3,3,P0002_5260_6060_6600_7400.png,offshore,train,1.0,33
129.0,1,1,P0002_5260_6060_7200_8000.png,offshore,val,1.0,26
130.0,11,11,P0002_600_1400_7800_8600.png,inshore,test,1.0,552
131.0,6,6,P0002_600_1400_8400_9200.png,inshore,train,1.0,85
132.0,5,5,P0002_600_1400_8689_9489.png,inshore,train,1.0,299
133.0,13,13,P0003_0_800_7200_8000.png,inshore,train,1.0,2099
134.0,2,2,P0003_0_800_8400_9200.png,inshore,train,1.0,115
135.0,4,4,P0003_0_800_9000_9800.png,inshore,train,1.0,133
136.0,4,4,P0003_0_800_9189_9989.png,inshore,train,1.0,116
137.0,1,1,P0003_1200_2000_4200_5000.png,offshore,train,1.0,17
138.0,1,1,P0003_1200_2000_4800_5600.png,offshore,train,1.0,20
139.0,2,2,P0003_1200_2000_7800_8600.png,inshore,train,1.0,240
140.0,4,4,P0003_1200_2000_8400_9200.png,inshore,val,1.0,166
141.0,2,2,P0003_1800_2600_3000_3800.png,offshore,train,1.0,19
142.0,2,2,P0003_1800_2600_3600_4400.png,offshore,train,1.0,22
143.0,2,2,P0003_1800_2600_4200_5000.png,offshore,train,1.0,20
144.0,2,2,P0003_1800_2600_7800_8600.png,inshore,test,1.0,118
145.0,2,2,P0003_1800_2600_8400_9200.png,inshore,val,1.0,151
146.0,1,1,P0003_2400_3200_3000_3800.png,offshore,train,1.0,12
147.0,1,1,P0003_2400_3200_3600_4400.png,offshore,train,1.0,11
148.0,2,2,P0003_2400_3200_4200_5000.png,offshore,train,1.0,31
149.0,2,2,P0003_2400_3200_4800_5600.png,offshore,val,1.0,36
150.0,1,1,P0003_2400_3200_7200_8000.png,offshore,train,1.0,58
151.0,1,1,P0003_2400_3200_7800_8600.png,offshore,val,1.0,87
152.0,1,1,P0003_3000_3800_1800_2600.png,offshore,train,1.0,15
153.0,1,1,P0003_3000_3800_2400_3200.png,offshore,train,1.0,17
154.0,1,1,P0003_3000_3800_3000_3800.png,offshore,train,1.0,13
155.0,1,1,P0003_3000_3800_3600_4400.png,offshore,train,1.0,10
156.0,3,3,P0003_3000_3800_4200_5000.png,offshore,train,1.0,33
157.0,2,2,P0003_3000_3800_4800_5600.png,offshore,train,1.0,21
158.0,1,1,P0003_3000_3800_7200_8000.png,offshore,val,1.0,27
159.0,1,1,P0003_3000_3800_7800_8600.png,offshore,train,1.0,23
160.0,1,1,P0003_3600_4400_0_800.png,offshore,train,1.0,17
161.0,2,2,P0003_3600_4400_1800_2600.png,offshore,train,1.0,21
162.0,2,2,P0003_3600_4400_2400_3200.png,offshore,train,1.0,23
163.0,1,1,P0003_3600_4400_3000_3800.png,offshore,train,1.0,11
164.0,2,2,P0003_3600_4400_4200_5000.png,offshore,train,1.0,30
165.0,1,1,P0003_3600_4400_4800_5600.png,offshore,val,1.0,17
166.0,1,1,P0003_4200_5000_1800_2600.png,offshore,train,1.0,16
167.0,2,2,P0003_4200_5000_2400_3200.png,offshore,train,1.0,25
168.0,2,2,P0003_4200_5000_3000_3800.png,offshore,train,1.0,21
169.0,1,1,P0003_4200_5000_3600_4400.png,offshore,train,1.0,20
170.0,2,2,P0003_4200_5000_4200_5000.png,offshore,train,1.0,30
171.0,3,3,P0003_4200_5000_6600_7400.png,offshore,train,1.0,26
172.0,2,2,P0003_4200_5000_7200_8000.png,offshore,train,1.0,24
173.0,1,1,P0003_4800_5600_1200_2000.png,offshore,train,1.0,15
174.0,2,2,P0003_4800_5600_2400_3200.png,offshore,train,1.0,9
175.0,2,2,P0003_4800_5600_6000_6800.png,offshore,train,1.0,30
176.0,4,4,P0003_4800_5600_6600_7400.png,offshore,train,1.0,37
177.0,1,1,P0003_5260_6060_1200_2000.png,offshore,train,1.0,15
178.0,1,1,P0003_5260_6060_2400_3200.png,offshore,train,1.0,9
179.0,1,1,P0003_5260_6060_3000_3800.png,offshore,train,1.0,21
180.0,1,1,P0003_5260_6060_5400_6200.png,offshore,val,1.0,23
181.0,2,2,P0003_5260_6060_6000_6800.png,offshore,train,1.0,33
182.0,1,1,P0003_5260_6060_600_1400.png,offshore,train,1.0,18
183.0,3,3,P0003_5260_6060_6600_7400.png,offshore,train,1.0,30
184.0,1,1,P0003_600_1400_4800_5600.png,offshore,test,1.0,24
185.0,9,9,P0003_600_1400_7800_8600.png,inshore,train,1.0,536
186.0,4,4,P0003_600_1400_8400_9200.png,inshore,val,1.0,90
187.0,3,3,P0003_600_1400_9000_9800.png,inshore,train,1.0,518
188.0,9,9,P0003_600_1400_9189_9989.png,inshore,train,1.0,613
189.0,6,6,P0004_0_800_8189_8989.png,inshore,val,1.0,143
190.0,2,2,P0004_1200_2000_3000_3800.png,offshore,train,1.0,19
191.0,3,3,P0004_1200_2000_3600_4400.png,offshore,train,1.0,22
192.0,1,1,P0004_1200_2000_4200_5000.png,offshore,test,1.0,15
193.0,1,1,P0004_1200_2000_4800_5600.png,offshore,test,1.0,9
194.0,1,1,P0004_1200_2000_5400_6200.png,offshore,test,1.0,12
195.0,1,1,P0004_1200_2000_7800_8600.png,offshore,train,1.0,98
196.0,1,1,P0004_1200_2000_8189_8989.png,offshore,train,1.0,83
197.0,1,1,P0004_1800_2600_1800_2600.png,offshore,train,1.0,30
198.0,2,2,P0004_1800_2600_3000_3800.png,offshore,test,1.0,15
199.0,4,4,P0004_1800_2600_3600_4400.png,offshore,train,1.0,30
200.0,2,2,P0004_1800_2600_4200_5000.png,offshore,train,1.0,13
201.0,1,1,P0004_1800_2600_4800_5600.png,offshore,train,1.0,11
202.0,1,1,P0004_1800_2600_5400_6200.png,offshore,train,1.0,15
203.0,1,1,P0004_2400_3200_1800_2600.png,offshore,train,1.0,20
204.0,2,2,P0004_2400_3200_2400_3200.png,offshore,train,1.0,12
205.0,2,2,P0004_2400_3200_3000_3800.png,offshore,val,1.0,22
206.0,2,2,P0004_2400_3200_3600_4400.png,offshore,test,1.0,24
207.0,1,1,P0004_2400_3200_4200_5000.png,offshore,train,1.0,18
208.0,1,1,P0004_2400_3200_5400_6200.png,offshore,train,1.0,38
209.0,3,3,P0004_3000_3800_0_800.png,offshore,train,1.0,21
210.0,1,1,P0004_3000_3800_1200_2000.png,offshore,test,1.0,13
211.0,1,1,P0004_3000_3800_1800_2600.png,offshore,train,1.0,7
212.0,2,2,P0004_3000_3800_2400_3200.png,offshore,train,1.0,24
213.0,4,4,P0004_3000_3800_3000_3800.png,offshore,train,1.0,26
214.0,2,2,P0004_3000_3800_3600_4400.png,offshore,val,1.0,13
215.0,2,2,P0004_3000_3800_4200_5000.png,offshore,train,1.0,16
216.0,1,1,P0004_3000_3800_5400_6200.png,offshore,train,1.0,29
217.0,1,1,P0004_3000_3800_6000_6800.png,offshore,train,1.0,5
218.0,1,1,P0004_3000_3800_600_1400.png,offshore,train,1.0,17
219.0,1,1,P0004_3000_3800_6600_7400.png,offshore,train,1.0,9
220.0,1,1,P0004_3000_3800_7200_8000.png,offshore,train,1.0,4
221.0,2,2,P0004_3600_4400_2400_3200.png,offshore,val,1.0,14
222.0,3,3,P0004_3600_4400_3000_3800.png,offshore,train,1.0,20
223.0,1,1,P0004_3600_4400_5400_6200.png,offshore,train,1.0,23
224.0,1,1,P0004_3600_4400_6000_6800.png,offshore,train,1.0,5
225.0,3,3,P0004_3600_4400_6600_7400.png,offshore,val,1.0,40
226.0,1,1,P0004_3600_4400_7200_8000.png,offshore,test,1.0,12
227.0,2,2,P0004_4200_5000_2400_3200.png,offshore,val,1.0,16
228.0,1,1,P0004_4200_5000_3000_3800.png,offshore,train,1.0,7
229.0,1,1,P0004_4200_5000_5400_6200.png,offshore,test,1.0,11
230.0,3,3,P0004_4200_5000_6000_6800.png,offshore,train,1.0,12
231.0,1,1,P0004_4200_5000_600_1400.png,offshore,test,1.0,5
232.0,2,2,P0004_4200_5000_6600_7400.png,offshore,train,1.0,27
233.0,1,1,P0004_4262_5062_2400_3200.png,offshore,train,1.0,14
234.0,2,2,P0004_4262_5062_5400_6200.png,offshore,test,1.0,11
235.0,3,3,P0004_4262_5062_6000_6800.png,offshore,val,1.0,12
236.0,1,1,P0004_4262_5062_600_1400.png,offshore,train,1.0,5
237.0,2,2,P0004_4262_5062_6600_7400.png,offshore,test,1.0,27
238.0,1,1,P0004_600_1400_3600_4400.png,offshore,test,1.0,24
239.0,1,1,P0004_600_1400_4800_5600.png,offshore,val,1.0,8
240.0,3,3,P0004_600_1400_7800_8600.png,inshore,train,1.0,172
241.0,5,5,P0004_600_1400_8189_8989.png,offshore,val,1.0,108
242.0,1,1,P0005_0_800_7200_8000.png,inshore,train,1.0,807
243.0,14,13,P0005_0_800_7800_8600.png,inshore,train,0.9285714285714286,597
244.0,12,12,P0005_0_800_8189_8989.png,inshore,train,1.0,260
245.0,2,2,P0005_1200_2000_3600_4400.png,offshore,train,1.0,29
246.0,1,1,P0005_1200_2000_4200_5000.png,offshore,train,1.0,10
247.0,1,1,P0005_1200_2000_4800_5600.png,offshore,train,1.0,9
248.0,1,1,P0005_1200_2000_7800_8600.png,inshore,train,1.0,128
249.0,2,2,P0005_1200_2000_8189_8989.png,offshore,train,1.0,83
250.0,1,1,P0005_1800_2600_1200_2000.png,offshore,train,1.0,15
251.0,2,2,P0005_1800_2600_3600_4400.png,offshore,train,1.0,21
252.0,1,1,P0005_1800_2600_4200_5000.png,offshore,train,1.0,10
253.0,1,1,P0005_1800_2600_4800_5600.png,offshore,val,1.0,14
254.0,2,2,P0005_1800_2600_5400_6200.png,offshore,test,1.0,18
255.0,1,1,P0005_1800_2600_6000_6800.png,offshore,train,1.0,9
256.0,1,1,P0005_1800_2600_600_1400.png,offshore,train,1.0,17
257.0,1,1,P0005_1800_2600_7800_8600.png,offshore,train,1.0,93
258.0,1,1,P0005_1800_2600_8189_8989.png,offshore,val,1.0,83
259.0,1,1,P0005_2400_3200_1200_2000.png,offshore,train,1.0,16
260.0,1,1,P0005_2400_3200_3000_3800.png,offshore,train,1.0,25
261.0,2,2,P0005_2400_3200_3600_4400.png,offshore,train,1.0,10
262.0,2,2,P0005_2400_3200_4200_5000.png,offshore,test,1.0,22
263.0,2,2,P0005_2400_3200_4800_5600.png,offshore,train,1.0,16
264.0,2,2,P0005_2400_3200_5400_6200.png,offshore,train,1.0,20
265.0,1,1,P0005_2400_3200_6000_6800.png,offshore,train,1.0,10
266.0,1,1,P0005_2400_3200_600_1400.png,offshore,val,1.0,15
267.0,1,1,P0005_3000_3800_0_800.png,offshore,train,1.0,10
268.0,1,1,P0005_3000_3800_1800_2600.png,offshore,test,1.0,13
269.0,1,1,P0005_3000_3800_2400_3200.png,offshore,train,1.0,20
270.0,1,1,P0005_3000_3800_3000_3800.png,offshore,test,1.0,16
271.0,3,3,P0005_3000_3800_3600_4400.png,offshore,train,1.0,21
272.0,2,2,P0005_3000_3800_4200_5000.png,offshore,train,1.0,23
273.0,1,1,P0005_3000_3800_4800_5600.png,offshore,train,1.0,16
274.0,2,2,P0005_3600_4400_0_800.png,offshore,val,1.0,16
275.0,1,1,P0005_3600_4400_2400_3200.png,offshore,train,1.0,20
276.0,2,2,P0005_3600_4400_3600_4400.png,offshore,train,1.0,19
277.0,2,2,P0005_3600_4400_4200_5000.png,offshore,val,1.0,19
278.0,1,1,P0005_3600_4400_4800_5600.png,offshore,test,1.0,12
279.0,1,1,P0005_3600_4400_600_1400.png,offshore,test,1.0,13
280.0,2,2,P0005_3600_4400_6600_7400.png,offshore,train,1.0,18
281.0,1,1,P0005_3600_4400_7200_8000.png,offshore,train,1.0,5
282.0,1,1,P0005_4200_5000_2400_3200.png,offshore,train,1.0,10
283.0,2,2,P0005_4200_5000_3000_3800.png,offshore,train,1.0,18
284.0,1,1,P0005_4200_5000_3600_4400.png,offshore,train,1.0,17
285.0,1,1,P0005_4200_5000_6000_6800.png,offshore,train,1.0,15
286.0,3,3,P0005_4200_5000_6600_7400.png,offshore,train,1.0,13
287.0,1,1,P0005_4760_5560_4200_5000.png,offshore,train,1.0,25
288.0,1,1,P0005_4760_5560_4800_5600.png,offshore,test,1.0,25
289.0,1,1,P0005_4760_5560_5400_6200.png,offshore,train,1.0,13
290.0,3,3,P0005_4760_5560_6000_6800.png,offshore,train,1.0,24
291.0,2,2,P0005_4760_5560_6600_7400.png,offshore,test,1.0,15
292.0,1,1,P0005_4760_5560_7200_8000.png,offshore,train,1.0,11
293.0,1,1,P0005_600_1400_3600_4400.png,offshore,train,1.0,14
294.0,1,1,P0005_600_1400_7800_8600.png,inshore,val,1.0,308
295.0,8,8,P0005_600_1400_8189_8989.png,inshore,test,1.0,125
296.0,14,14,P0006_0_800_7800_8600.png,inshore,train,1.0,374
297.0,9,9,P0006_0_800_8000_8800.png,inshore,train,1.0,223
298.0,1,1,P0006_1200_2000_3000_3800.png,offshore,train,1.0,24
299.0,2,2,P0006_1200_2000_3600_4400.png,offshore,val,1.0,27
300.0,2,2,P0006_1200_2000_4200_5000.png,offshore,train,1.0,26
301.0,2,2,P0006_1200_2000_4800_5600.png,offshore,test,1.0,26
302.0,3,3,P0006_1200_2000_7800_8600.png,inshore,train,1.0,119
303.0,3,3,P0006_1200_2000_8000_8800.png,offshore,test,1.0,122
304.0,1,1,P0006_1800_2600_1800_2600.png,offshore,train,1.0,15
305.0,2,2,P0006_1800_2600_2400_3200.png,offshore,train,1.0,24
306.0,1,1,P0006_1800_2600_3000_3800.png,offshore,train,1.0,28
307.0,1,1,P0006_1800_2600_3600_4400.png,offshore,train,1.0,22
308.0,2,2,P0006_1800_2600_4200_5000.png,offshore,test,1.0,28
309.0,3,3,P0006_1800_2600_4800_5600.png,offshore,train,1.0,27
310.0,1,1,P0006_1800_2600_5400_6200.png,offshore,train,1.0,12
311.0,1,1,P0006_2400_3200_1200_2000.png,offshore,train,1.0,22
312.0,2,2,P0006_2400_3200_1800_2600.png,offshore,train,1.0,30
313.0,2,2,P0006_2400_3200_2400_3200.png,offshore,train,1.0,48
314.0,1,1,P0006_2400_3200_3000_3800.png,offshore,train,1.0,24
315.0,2,2,P0006_2400_3200_3600_4400.png,offshore,train,1.0,27
316.0,1,1,P0006_2400_3200_4200_5000.png,offshore,train,1.0,15
317.0,1,1,P0006_2400_3200_4800_5600.png,offshore,train,1.0,16
318.0,1,1,P0006_2400_3200_5400_6200.png,offshore,train,1.0,15
319.0,2,2,P0006_3000_3800_1200_2000.png,offshore,train,1.0,19
320.0,2,2,P0006_3000_3800_1800_2600.png,offshore,train,1.0,25
321.0,1,1,P0006_3000_3800_2400_3200.png,offshore,train,1.0,38
322.0,1,1,P0006_3000_3800_3000_3800.png,offshore,train,1.0,11
323.0,1,1,P0006_3000_3800_4200_5000.png,offshore,train,1.0,10
324.0,1,1,P0006_3600_4400_1200_2000.png,offshore,test,1.0,11
325.0,2,2,P0006_3600_4400_1800_2600.png,offshore,train,1.0,25
326.0,2,2,P0006_3600_4400_2400_3200.png,offshore,train,1.0,18
327.0,1,1,P0006_3600_4400_3000_3800.png,offshore,train,1.0,15
328.0,1,1,P0006_3600_4400_6600_7400.png,offshore,test,1.0,19
329.0,1,1,P0006_4200_5000_0_800.png,offshore,train,1.0,28
330.0,2,2,P0006_4200_5000_2400_3200.png,offshore,train,1.0,20
331.0,1,1,P0006_4200_5000_3000_3800.png,offshore,train,1.0,10
332.0,2,2,P0006_4200_5000_6000_6800.png,offshore,val,1.0,22
333.0,3,3,P0006_4200_5000_6600_7400.png,offshore,train,1.0,43
334.0,1,1,P0006_4200_5000_7200_8000.png,offshore,train,1.0,12
335.0,1,1,P0006_4762_5562_0_800.png,offshore,train,1.0,16
336.0,1,1,P0006_4762_5562_3000_3800.png,offshore,train,1.0,27
337.0,1,1,P0006_4762_5562_3600_4400.png,offshore,train,1.0,62
338.0,2,2,P0006_4762_5562_5400_6200.png,offshore,train,1.0,11
339.0,4,4,P0006_4762_5562_6000_6800.png,offshore,train,1.0,26
340.0,1,1,P0006_4762_5562_600_1400.png,offshore,train,1.0,18
341.0,2,2,P0006_4762_5562_6600_7400.png,offshore,train,1.0,35
342.0,1,1,P0006_4762_5562_7200_8000.png,offshore,train,1.0,12
343.0,1,1,P0006_600_1400_3600_4400.png,offshore,train,1.0,12
344.0,1,1,P0006_600_1400_600_1400.png,offshore,test,1.0,13
345.0,5,4,P0006_600_1400_7800_8600.png,inshore,train,0.8,240
346.0,7,7,P0006_600_1400_8000_8800.png,inshore,train,1.0,125
347.0,7,7,P0007_0_800_7800_8600.png,inshore,train,1.0,510
348.0,1,1,P0007_0_800_8400_9200.png,inshore,test,1.0,158
349.0,3,3,P0007_0_800_9000_9800.png,inshore,train,1.0,103
350.0,3,3,P0007_0_800_9189_9989.png,inshore,train,1.0,98
351.0,1,1,P0007_1200_2000_4200_5000.png,offshore,train,1.0,20
352.0,1,1,P0007_1200_2000_4800_5600.png,offshore,train,1.0,24
353.0,1,1,P0007_1200_2000_7800_8600.png,inshore,train,1.0,306
354.0,5,5,P0007_1200_2000_8400_9200.png,inshore,train,1.0,110
355.0,1,1,P0007_1800_2600_2400_3200.png,offshore,train,1.0,25
356.0,2,2,P0007_1800_2600_3000_3800.png,offshore,train,1.0,32
357.0,2,2,P0007_1800_2600_3600_4400.png,offshore,train,1.0,29
358.0,3,3,P0007_1800_2600_4200_5000.png,offshore,train,1.0,35
359.0,2,2,P0007_1800_2600_4800_5600.png,offshore,train,1.0,31
360.0,1,1,P0007_1800_2600_7800_8600.png,inshore,test,1.0,123
361.0,3,3,P0007_1800_2600_8400_9200.png,inshore,train,1.0,143
362.0,1,1,P0007_2400_3200_0_800.png,offshore,val,1.0,22
363.0,1,1,P0007_2400_3200_1800_2600.png,offshore,train,1.0,25
364.0,1,1,P0007_2400_3200_2400_3200.png,offshore,test,1.0,26
365.0,2,2,P0007_2400_3200_3000_3800.png,offshore,train,1.0,36
366.0,2,2,P0007_2400_3200_3600_4400.png,offshore,train,1.0,23
367.0,2,2,P0007_2400_3200_4200_5000.png,offshore,train,1.0,25
368.0,2,2,P0007_2400_3200_4800_5600.png,offshore,train,1.0,29
369.0,1,1,P0007_2400_3200_7200_8000.png,offshore,train,1.0,49
370.0,1,1,P0007_3000_3800_0_800.png,offshore,train,1.0,18
371.0,2,2,P0007_3000_3800_1800_2600.png,offshore,train,1.0,24
372.0,1,1,P0007_3000_3800_3000_3800.png,offshore,train,1.0,21
373.0,1,1,P0007_3000_3800_3600_4400.png,offshore,train,1.0,26
374.0,2,2,P0007_3000_3800_7200_8000.png,offshore,val,1.0,41
375.0,1,1,P0007_3600_4400_0_800.png,offshore,test,1.0,30
376.0,2,2,P0007_3600_4400_1800_2600.png,offshore,train,1.0,23
377.0,1,1,P0007_3600_4400_2400_3200.png,offshore,train,1.0,25
378.0,2,2,P0007_3600_4400_3000_3800.png,offshore,train,1.0,26
379.0,1,1,P0007_3600_4400_3600_4400.png,offshore,train,1.0,22
380.0,2,2,P0007_3600_4400_4200_5000.png,offshore,test,1.0,32
381.0,1,1,P0007_4200_5000_0_800.png,offshore,train,1.0,28
382.0,1,1,P0007_4200_5000_1800_2600.png,offshore,train,1.0,16
383.0,1,1,P0007_4200_5000_2400_3200.png,offshore,train,1.0,22
384.0,1,1,P0007_4200_5000_3000_3800.png,offshore,train,1.0,21
385.0,1,1,P0007_4200_5000_3600_4400.png,offshore,train,1.0,18
386.0,2,2,P0007_4200_5000_4200_5000.png,offshore,val,1.0,28
387.0,1,1,P0007_4200_5000_5400_6200.png,offshore,val,1.0,30
388.0,1,1,P0007_4200_5000_6000_6800.png,offshore,train,1.0,28
389.0,1,1,P0007_4200_5000_600_1400.png,offshore,train,1.0,20
390.0,1,1,P0007_4800_5600_1200_2000.png,offshore,train,1.0,17
391.0,1,1,P0007_4800_5600_3000_3800.png,offshore,test,1.0,21
392.0,1,1,P0007_4800_5600_3600_4400.png,offshore,train,1.0,30
393.0,1,1,P0007_4800_5600_5400_6200.png,offshore,train,1.0,30
394.0,3,3,P0007_4800_5600_6000_6800.png,offshore,train,1.0,17
395.0,1,1,P0007_4800_5600_6600_7400.png,offshore,train,1.0,16
396.0,1,1,P0007_5360_6160_3600_4400.png,offshore,train,1.0,29
397.0,1,1,P0007_5360_6160_5400_6200.png,offshore,train,1.0,23
398.0,6,6,P0007_5360_6160_6000_6800.png,offshore,train,1.0,29
399.0,1,1,P0007_5360_6160_600_1400.png,offshore,test,1.0,21
400.0,2,2,P0007_5360_6160_6600_7400.png,offshore,val,1.0,22
401.0,1,1,P0007_600_1400_4800_5600.png,offshore,train,1.0,23
402.0,1,1,P0007_600_1400_5400_6200.png,offshore,train,1.0,30
403.0,12,12,P0007_600_1400_7800_8600.png,inshore,train,1.0,641
404.0,6,6,P0007_600_1400_8400_9200.png,inshore,test,1.0,135
405.0,9,9,P0008_0_800_7200_8000.png,inshore,train,1.0,1546
406.0,16,15,P0008_0_800_7800_8600.png,inshore,train,0.9375,584
407.0,2,2,P0008_0_800_8400_9200.png,inshore,train,1.0,136
408.0,7,7,P0008_0_800_9000_9800.png,inshore,train,1.0,178
409.0,3,3,P0008_0_800_9389_10189.png,inshore,train,1.0,122
410.0,2,2,P0008_1200_2000_4200_5000.png,offshore,val,1.0,24
411.0,1,1,P0008_1200_2000_4800_5600.png,offshore,train,1.0,19
412.0,1,1,P0008_1200_2000_7800_8600.png,inshore,val,1.0,194
413.0,6,6,P0008_1200_2000_8400_9200.png,inshore,val,1.0,217
414.0,1,1,P0008_1800_2600_2400_3200.png,offshore,train,1.0,24
415.0,2,2,P0008_1800_2600_3000_3800.png,offshore,train,1.0,25
416.0,2,2,P0008_1800_2600_3600_4400.png,offshore,train,1.0,24
417.0,2,2,P0008_1800_2600_4200_5000.png,offshore,train,1.0,27
418.0,2,2,P0008_1800_2600_4800_5600.png,offshore,train,1.0,26
419.0,1,1,P0008_1800_2600_5400_6200.png,offshore,test,1.0,21
420.0,2,2,P0008_1800_2600_7800_8600.png,offshore,val,1.0,117
421.0,2,2,P0008_1800_2600_8400_9200.png,offshore,train,1.0,169
422.0,2,2,P0008_2400_3200_3600_4400.png,offshore,train,1.0,25
423.0,2,2,P0008_2400_3200_4200_5000.png,offshore,train,1.0,22
424.0,1,1,P0008_2400_3200_4800_5600.png,offshore,train,1.0,25
425.0,2,2,P0008_3000_3800_2400_3200.png,offshore,train,1.0,26
426.0,1,1,P0008_3000_3800_3000_3800.png,offshore,train,1.0,19
427.0,1,1,P0008_3000_3800_4200_5000.png,offshore,val,1.0,22
428.0,1,1,P0008_3000_3800_4800_5600.png,offshore,train,1.0,23
429.0,1,1,P0008_3000_3800_5400_6200.png,offshore,train,1.0,18
430.0,1,1,P0008_3600_4400_0_800.png,offshore,test,1.0,23
431.0,1,1,P0008_3600_4400_2400_3200.png,offshore,test,1.0,19
432.0,1,1,P0008_3600_4400_3000_3800.png,offshore,test,1.0,23
433.0,2,2,P0008_3600_4400_4200_5000.png,offshore,train,1.0,33
434.0,1,1,P0008_3600_4400_6000_6800.png,offshore,train,1.0,33
435.0,1,1,P0008_3600_4400_6600_7400.png,offshore,test,1.0,21
436.0,1,1,P0008_4200_5000_0_800.png,offshore,train,1.0,16
437.0,1,1,P0008_4200_5000_1200_2000.png,offshore,val,1.0,15
438.0,2,2,P0008_4200_5000_1800_2600.png,offshore,train,1.0,23
439.0,1,1,P0008_4200_5000_3000_3800.png,offshore,train,1.0,10
440.0,1,1,P0008_4200_5000_4200_5000.png,offshore,train,1.0,20
441.0,1,1,P0008_4200_5000_5400_6200.png,offshore,train,1.0,25
442.0,2,2,P0008_4200_5000_6000_6800.png,offshore,train,1.0,27
443.0,4,4,P0008_4200_5000_6600_7400.png,offshore,train,1.0,32
444.0,2,2,P0008_4200_5000_7200_8000.png,offshore,train,1.0,23
445.0,1,1,P0008_4800_5600_1200_2000.png,offshore,train,1.0,13
446.0,1,1,P0008_4800_5600_1800_2600.png,offshore,test,1.0,22
447.0,1,1,P0008_4800_5600_3000_3800.png,offshore,train,1.0,10
448.0,1,1,P0008_4800_5600_5400_6200.png,offshore,train,1.0,22
449.0,5,5,P0008_4800_5600_6000_6800.png,offshore,train,1.0,39
450.0,5,5,P0008_4800_5600_6600_7400.png,offshore,train,1.0,31
451.0,2,2,P0008_4800_5600_7200_8000.png,offshore,train,1.0,18
452.0,1,1,P0008_5160_5960_4800_5600.png,offshore,val,1.0,12
453.0,3,3,P0008_5160_5960_5400_6200.png,offshore,train,1.0,33
454.0,5,5,P0008_5160_5960_6000_6800.png,offshore,test,1.0,35
455.0,3,3,P0008_5160_5960_6600_7400.png,offshore,train,1.0,19
456.0,1,1,P0008_5160_5960_7200_8000.png,offshore,test,1.0,10
457.0,1,1,P0008_600_1400_4200_5000.png,offshore,train,1.0,13
458.0,4,4,P0008_600_1400_8400_9200.png,inshore,test,1.0,82
459.0,5,5,P0008_600_1400_9000_9800.png,inshore,train,1.0,552
460.0,7,7,P0008_600_1400_9389_10189.png,inshore,train,1.0,632
461.0,2,2,P0009_0_800_3600_4400.png,offshore,val,1.0,28
462.0,1,1,P0009_0_800_4200_5000.png,offshore,val,1.0,30
463.0,2,2,P0009_0_800_7800_8600.png,inshore,test,1.0,323
464.0,8,8,P0009_0_800_8189_8989.png,inshore,val,1.0,116
465.0,1,1,P0009_1200_2000_1200_2000.png,offshore,val,1.0,41
466.0,1,1,P0009_1200_2000_1800_2600.png,offshore,train,1.0,53
467.0,1,1,P0009_1200_2000_2400_3200.png,offshore,train,1.0,27
468.0,1,1,P0009_1200_2000_3000_3800.png,offshore,train,1.0,28
469.0,1,1,P0009_1200_2000_4200_5000.png,offshore,test,1.0,29
470.0,1,1,P0009_1200_2000_4800_5600.png,offshore,test,1.0,26
471.0,1,1,P0009_1800_2600_1200_2000.png,offshore,train,1.0,49
472.0,1,1,P0009_1800_2600_1800_2600.png,offshore,test,1.0,44
473.0,1,1,P0009_1800_2600_2400_3200.png,offshore,val,1.0,37
474.0,1,1,P0009_1800_2600_3000_3800.png,offshore,train,1.0,35
475.0,1,1,P0009_1800_2600_3600_4400.png,offshore,val,1.0,23
476.0,1,1,P0009_1800_2600_4200_5000.png,offshore,test,1.0,25
477.0,1,1,P0009_2400_3200_0_800.png,offshore,val,1.0,29
478.0,1,1,P0009_2400_3200_1800_2600.png,offshore,train,1.0,29
479.0,2,2,P0009_2400_3200_2400_3200.png,offshore,test,1.0,41
480.0,2,2,P0009_2400_3200_3000_3800.png,offshore,val,1.0,41
481.0,4,4,P0009_2400_3200_4200_5000.png,offshore,train,1.0,41
482.0,1,1,P0009_2400_3200_4800_5600.png,offshore,train,1.0,26
483.0,2,2,P0009_3000_3800_0_800.png,offshore,train,1.0,31
484.0,1,1,P0009_3000_3800_1200_2000.png,offshore,train,1.0,37
485.0,2,2,P0009_3000_3800_2400_3200.png,offshore,train,1.0,38
486.0,3,3,P0009_3000_3800_3000_3800.png,offshore,train,1.0,43
487.0,2,2,P0009_3000_3800_4200_5000.png,offshore,train,1.0,30
488.0,1,1,P0009_3000_3800_4800_5600.png,offshore,train,1.0,32
489.0,1,1,P0009_3000_3800_600_1400.png,offshore,test,1.0,30
490.0,2,2,P0009_3600_4400_1200_2000.png,offshore,train,1.0,46
491.0,1,1,P0009_3600_4400_1800_2600.png,offshore,train,1.0,31
492.0,2,2,P0009_3600_4400_2400_3200.png,offshore,val,1.0,41
493.0,2,2,P0009_3600_4400_3000_3800.png,offshore,val,1.0,26
494.0,1,1,P0009_3600_4400_3600_4400.png,offshore,val,1.0,26
495.0,1,1,P0009_3600_4400_600_1400.png,offshore,train,1.0,43
496.0,1,1,P0009_3600_4400_6600_7400.png,offshore,test,1.0,23
497.0,1,1,P0009_3600_4400_7200_8000.png,offshore,val,1.0,29
498.0,3,3,P0009_4200_5000_1200_2000.png,offshore,train,1.0,34
499.0,2,2,P0009_4200_5000_1800_2600.png,offshore,train,1.0,46
500.0,1,1,P0009_4200_5000_2400_3200.png,offshore,val,1.0,22
501.0,1,1,P0009_4200_5000_6000_6800.png,offshore,test,1.0,14
502.0,1,1,P0009_4200_5000_600_1400.png,offshore,train,1.0,24
503.0,2,2,P0009_4200_5000_6600_7400.png,offshore,train,1.0,17
504.0,1,1,P0009_4200_5000_7200_8000.png,offshore,train,1.0,17
505.0,2,2,P0009_4260_5060_1200_2000.png,offshore,train,1.0,29
506.0,2,2,P0009_4260_5060_1800_2600.png,offshore,train,1.0,45
507.0,1,1,P0009_4260_5060_2400_3200.png,offshore,test,1.0,22
508.0,1,1,P0009_4260_5060_6000_6800.png,offshore,train,1.0,12
509.0,1,1,P0009_4260_5060_600_1400.png,offshore,test,1.0,22
510.0,2,2,P0009_4260_5060_6600_7400.png,offshore,train,1.0,15
511.0,1,1,P0009_4260_5060_7200_8000.png,offshore,test,1.0,18
512.0,2,2,P0009_600_1400_3600_4400.png,offshore,train,1.0,37
513.0,1,1,P0009_600_1400_4800_5600.png,offshore,train,1.0,21
514.0,2,2,P0009_600_1400_7800_8600.png,inshore,train,1.0,191
515.0,3,3,P0009_600_1400_8189_8989.png,offshore,train,1.0,113
516.0,14,14,P0010_0_800_7200_8000.png,inshore,test,1.0,1779
517.0,15,15,P0010_0_800_7800_8600.png,inshore,test,1.0,636
518.0,4,4,P0010_0_800_8400_9200.png,inshore,train,1.0,182
519.0,5,5,P0010_0_800_8885_9685.png,inshore,val,1.0,198
520.0,1,1,P0010_1200_2000_1200_2000.png,offshore,train,1.0,17
521.0,1,1,P0010_1200_2000_4200_5000.png,offshore,train,1.0,9
522.0,1,1,P0010_1200_2000_4800_5600.png,offshore,train,1.0,10
523.0,1,1,P0010_1200_2000_600_1400.png,offshore,train,1.0,10
524.0,1,1,P0010_1200_2000_7800_8600.png,inshore,train,1.0,247
525.0,2,2,P0010_1200_2000_8400_9200.png,inshore,test,1.0,208
526.0,2,2,P0010_1800_2600_4200_5000.png,offshore,train,1.0,24
527.0,1,1,P0010_1800_2600_4800_5600.png,offshore,train,1.0,9
528.0,2,2,P0010_2400_3200_3000_3800.png,offshore,train,1.0,18
529.0,1,1,P0010_2400_3200_3600_4400.png,offshore,train,1.0,17
530.0,3,3,P0010_2400_3200_4200_5000.png,offshore,test,1.0,35
531.0,2,2,P0010_2400_3200_4800_5600.png,offshore,val,1.0,12
532.0,1,1,P0010_2400_3200_7200_8000.png,offshore,train,1.0,54
533.0,1,1,P0010_2400_3200_7800_8600.png,offshore,train,1.0,80
534.0,2,2,P0010_3000_3800_2400_3200.png,offshore,train,1.0,38
535.0,2,2,P0010_3000_3800_3000_3800.png,offshore,train,1.0,20
536.0,1,1,P0010_3000_3800_3600_4400.png,offshore,train,1.0,21
537.0,1,1,P0010_3000_3800_4200_5000.png,offshore,train,1.0,30
538.0,1,1,P0010_3600_4400_1200_2000.png,offshore,train,1.0,16
539.0,2,2,P0010_3600_4400_2400_3200.png,offshore,train,1.0,17
540.0,3,3,P0010_3600_4400_3000_3800.png,offshore,train,1.0,24
541.0,1,1,P0010_3600_4400_3600_4400.png,offshore,train,1.0,9
542.0,1,1,P0010_3600_4400_600_1400.png,offshore,train,1.0,11
543.0,1,1,P0010_4200_5000_1200_2000.png,offshore,train,1.0,9
544.0,1,1,P0010_4200_5000_2400_3200.png,offshore,train,1.0,6
545.0,4,4,P0010_4200_5000_3000_3800.png,offshore,test,1.0,26
546.0,1,1,P0010_4200_5000_3600_4400.png,offshore,train,1.0,7
547.0,2,2,P0010_4200_5000_6000_6800.png,offshore,train,1.0,17
548.0,1,1,P0010_4200_5000_600_1400.png,offshore,val,1.0,8
549.0,1,1,P0010_4200_5000_6600_7400.png,offshore,train,1.0,13
550.0,2,2,P0010_4800_5600_1200_2000.png,offshore,train,1.0,14
551.0,2,2,P0010_4800_5600_1800_2600.png,offshore,test,1.0,19
552.0,1,1,P0010_4800_5600_2400_3200.png,offshore,train,1.0,9
553.0,1,1,P0010_4800_5600_3000_3800.png,offshore,train,1.0,7
554.0,1,1,P0010_4800_5600_3600_4400.png,offshore,train,1.0,9
555.0,1,1,P0010_4800_5600_4200_5000.png,offshore,train,1.0,8
556.0,3,3,P0010_4800_5600_4800_5600.png,offshore,test,1.0,17
557.0,2,2,P0010_4800_5600_6000_6800.png,offshore,train,1.0,15
558.0,4,4,P0010_4800_5600_6600_7400.png,offshore,train,1.0,32
559.0,1,1,P0010_4800_5600_7200_8000.png,offshore,val,1.0,11
560.0,2,2,P0010_5156_5956_1800_2600.png,offshore,train,1.0,27
561.0,1,1,P0010_5156_5956_2400_3200.png,offshore,train,1.0,9
562.0,1,1,P0010_5156_5956_3600_4400.png,offshore,val,1.0,9
563.0,1,1,P0010_5156_5956_5400_6200.png,offshore,train,1.0,8
564.0,2,2,P0010_5156_5956_6000_6800.png,offshore,val,1.0,11
565.0,3,3,P0010_5156_5956_6600_7400.png,offshore,test,1.0,18
566.0,1,1,P0010_5156_5956_7200_8000.png,offshore,test,1.0,10
567.0,1,1,P0010_600_1400_1200_2000.png,offshore,train,1.0,16
568.0,1,1,P0010_600_1400_600_1400.png,offshore,train,1.0,11
569.0,8,8,P0010_600_1400_7800_8600.png,inshore,train,1.0,509
570.0,5,5,P0010_600_1400_8400_9200.png,inshore,train,1.0,120
571.0,2,2,P0010_600_1400_8885_9685.png,inshore,train,1.0,612
572.0,4,4,P0011_0_800_8189_8989.png,inshore,train,1.0,172
573.0,1,1,P0011_1200_2000_4800_5600.png,offshore,test,1.0,30
574.0,1,1,P0011_1200_2000_7800_8600.png,offshore,train,1.0,92
575.0,2,2,P0011_1200_2000_8189_8989.png,offshore,train,1.0,83
576.0,1,1,P0011_1800_2600_3000_3800.png,offshore,train,1.0,31
577.0,2,2,P0011_1800_2600_3600_4400.png,offshore,train,1.0,50
578.0,3,3,P0011_1800_2600_4800_5600.png,offshore,train,1.0,35
579.0,2,2,P0011_1800_2600_5400_6200.png,offshore,train,1.0,30
580.0,1,1,P0011_1800_2600_6000_6800.png,offshore,train,1.0,26
581.0,1,1,P0011_1800_2600_6600_7400.png,offshore,train,1.0,20
582.0,1,1,P0011_1800_2600_7200_8000.png,offshore,train,1.0,46
583.0,1,1,P0011_1800_2600_7800_8600.png,offshore,train,1.0,59
584.0,1,1,P0011_1800_2600_8189_8989.png,offshore,val,1.0,50
585.0,1,1,P0011_2400_3200_2400_3200.png,offshore,train,1.0,32
586.0,2,2,P0011_2400_3200_3600_4400.png,offshore,train,1.0,40
587.0,1,1,P0011_2400_3200_4200_5000.png,offshore,train,1.0,31
588.0,2,2,P0011_2400_3200_4800_5600.png,offshore,train,1.0,44
589.0,1,1,P0011_2400_3200_5400_6200.png,offshore,test,1.0,28
590.0,1,1,P0011_2400_3200_6000_6800.png,offshore,test,1.0,23
591.0,1,1,P0011_2400_3200_6600_7400.png,offshore,val,1.0,25
592.0,1,1,P0011_2400_3200_7200_8000.png,offshore,train,1.0,36
593.0,2,2,P0011_3000_3800_1200_2000.png,offshore,train,1.0,47
594.0,1,1,P0011_3000_3800_1800_2600.png,offshore,train,1.0,42
595.0,1,1,P0011_3000_3800_3000_3800.png,offshore,test,1.0,42
596.0,2,2,P0011_3000_3800_3600_4400.png,offshore,test,1.0,40
597.0,2,2,P0011_3000_3800_4200_5000.png,offshore,val,1.0,36
598.0,1,1,P0011_3000_3800_4800_5600.png,offshore,val,1.0,36
599.0,1,1,P0011_3600_4400_0_800.png,offshore,test,1.0,32
600.0,1,1,P0011_3600_4400_1200_2000.png,offshore,train,1.0,22
601.0,2,2,P0011_3600_4400_3000_3800.png,offshore,train,1.0,29
602.0,2,2,P0011_3600_4400_4200_5000.png,offshore,train,1.0,30
603.0,2,2,P0011_3600_4400_600_1400.png,offshore,val,1.0,32
604.0,1,1,P0011_3600_4400_6600_7400.png,offshore,train,1.0,15
605.0,1,1,P0011_3600_4400_7200_8000.png,offshore,test,1.0,20
606.0,1,1,P0011_4200_5000_1200_2000.png,offshore,val,1.0,26
607.0,1,1,P0011_4200_5000_2400_3200.png,offshore,train,1.0,30
608.0,1,1,P0011_4200_5000_5400_6200.png,offshore,train,1.0,15
609.0,2,2,P0011_4200_5000_6000_6800.png,offshore,test,1.0,30
610.0,1,1,P0011_4200_5000_6600_7400.png,offshore,test,1.0,18
611.0,1,1,P0011_4200_5000_7200_8000.png,offshore,test,1.0,32
612.0,1,1,P0011_4560_5360_0_800.png,offshore,val,1.0,18
613.0,1,1,P0011_4560_5360_2400_3200.png,offshore,train,1.0,31
614.0,2,2,P0011_4560_5360_5400_6200.png,offshore,train,1.0,15
615.0,2,2,P0011_4560_5360_6000_6800.png,offshore,train,1.0,30
616.0,2,2,P0011_4560_5360_6600_7400.png,offshore,test,1.0,24
617.0,2,2,P0011_4560_5360_7200_8000.png,offshore,train,1.0,36
618.0,1,1,P0011_600_1400_4800_5600.png,offshore,train,1.0,29
619.0,2,2,P0011_600_1400_7800_8600.png,inshore,train,1.0,200
620.0,6,6,P0011_600_1400_8189_8989.png,offshore,test,1.0,93
621.0,15,15,P0012_0_800_7200_8000.png,inshore,val,1.0,2240
622.0,6,6,P0012_0_800_7800_8600.png,inshore,train,1.0,504
623.0,2,2,P0012_0_800_8400_9200.png,inshore,train,1.0,184
624.0,2,2,P0012_0_800_8889_9689.png,inshore,train,1.0,181
625.0,1,1,P0012_1200_2000_1200_2000.png,offshore,train,1.0,20
626.0,1,1,P0012_1200_2000_7800_8600.png,inshore,val,1.0,391
627.0,5,5,P0012_1200_2000_8400_9200.png,inshore,train,1.0,123
628.0,1,1,P0012_1800_2600_4200_5000.png,offshore,val,1.0,11
629.0,2,2,P0012_1800_2600_4800_5600.png,offshore,val,1.0,13
630.0,1,1,P0012_1800_2600_7800_8600.png,inshore,train,1.0,196
631.0,2,2,P0012_1800_2600_8400_9200.png,inshore,val,1.0,152
632.0,1,1,P0012_2400_3200_2400_3200.png,offshore,train,1.0,15
633.0,1,1,P0012_2400_3200_3000_3800.png,offshore,train,1.0,5
634.0,1,1,P0012_2400_3200_3600_4400.png,offshore,train,1.0,9
635.0,2,2,P0012_2400_3200_4200_5000.png,offshore,train,1.0,18
636.0,2,2,P0012_2400_3200_4800_5600.png,offshore,train,1.0,20
637.0,1,1,P0012_2400_3200_5400_6200.png,offshore,train,1.0,4
638.0,1,1,P0012_3000_3800_1800_2600.png,offshore,test,1.0,19
639.0,1,1,P0012_3000_3800_3000_3800.png,offshore,train,1.0,6
640.0,3,3,P0012_3000_3800_3600_4400.png,offshore,train,1.0,32
641.0,1,1,P0012_3000_3800_4200_5000.png,offshore,train,1.0,27
642.0,1,1,P0012_3000_3800_4800_5600.png,offshore,train,1.0,8
643.0,2,2,P0012_3000_3800_5400_6200.png,offshore,train,1.0,11
644.0,1,1,P0012_3000_3800_6000_6800.png,offshore,val,1.0,8
645.0,1,1,P0012_3600_4400_0_800.png,offshore,train,1.0,16
646.0,1,1,P0012_3600_4400_1800_2600.png,offshore,train,1.0,19
647.0,1,1,P0012_3600_4400_2400_3200.png,offshore,train,1.0,18
648.0,3,3,P0012_3600_4400_3600_4400.png,offshore,train,1.0,30
649.0,2,2,P0012_3600_4400_4200_5000.png,offshore,train,1.0,22
650.0,1,1,P0012_3600_4400_4800_5600.png,offshore,train,1.0,6
651.0,2,2,P0012_4200_5000_0_800.png,offshore,test,1.0,21
652.0,1,1,P0012_4200_5000_1800_2600.png,offshore,train,1.0,10
653.0,2,2,P0012_4200_5000_2400_3200.png,offshore,train,1.0,15
654.0,3,3,P0012_4200_5000_3000_3800.png,offshore,val,1.0,22
655.0,1,1,P0012_4200_5000_3600_4400.png,offshore,train,1.0,11
656.0,1,1,P0012_4200_5000_4200_5000.png,offshore,val,1.0,27
657.0,1,1,P0012_4200_5000_5400_6200.png,offshore,train,1.0,24
658.0,2,2,P0012_4200_5000_600_1400.png,offshore,train,1.0,18
659.0,2,2,P0012_4200_5000_6600_7400.png,offshore,train,1.0,17
660.0,1,1,P0012_4800_5600_0_800.png,offshore,test,1.0,6
661.0,2,2,P0012_4800_5600_2400_3200.png,offshore,train,1.0,13
662.0,1,1,P0012_4800_5600_3000_3800.png,offshore,test,1.0,12
663.0,1,1,P0012_4800_5600_4200_5000.png,offshore,train,1.0,12
664.0,1,1,P0012_4800_5600_4800_5600.png,offshore,train,1.0,36
665.0,3,3,P0012_4800_5600_5400_6200.png,offshore,train,1.0,68
666.0,2,2,P0012_4800_5600_6000_6800.png,offshore,train,1.0,56
667.0,5,5,P0012_4800_5600_6600_7400.png,offshore,train,1.0,86
668.0,1,1,P0012_4800_5600_7200_8000.png,offshore,train,1.0,19
669.0,2,2,P0012_5400_6200_0_800.png,offshore,val,1.0,13
670.0,1,1,P0012_5400_6200_2400_3200.png,offshore,train,1.0,12
671.0,1,1,P0012_5400_6200_4200_5000.png,offshore,train,1.0,9
672.0,1,1,P0012_5400_6200_4800_5600.png,offshore,train,1.0,33
673.0,2,2,P0012_5400_6200_5400_6200.png,offshore,val,1.0,19
674.0,4,4,P0012_5400_6200_6000_6800.png,offshore,test,1.0,23
675.0,1,1,P0012_5400_6200_600_1400.png,offshore,train,1.0,6
676.0,3,3,P0012_5400_6200_6600_7400.png,offshore,train,1.0,36
677.0,3,3,P0012_5400_6200_7200_8000.png,offshore,train,1.0,12
678.0,2,2,P0012_5460_6260_0_800.png,offshore,test,1.0,13
679.0,2,2,P0012_5460_6260_5400_6200.png,offshore,train,1.0,12
680.0,4,4,P0012_5460_6260_6000_6800.png,offshore,train,1.0,23
681.0,1,1,P0012_5460_6260_600_1400.png,offshore,train,1.0,6
682.0,3,3,P0012_5460_6260_6600_7400.png,offshore,train,1.0,21
683.0,3,3,P0012_5460_6260_7200_8000.png,offshore,train,1.0,12
684.0,6,6,P0012_600_1400_7200_8000.png,inshore,train,1.0,1217
685.0,12,12,P0012_600_1400_7800_8600.png,inshore,val,1.0,601
686.0,3,3,P0012_600_1400_8400_9200.png,inshore,val,1.0,93
687.0,1,1,P0013_0_800_1200_2000.png,offshore,train,1.0,23
688.0,6,6,P0013_0_800_7800_8600.png,inshore,test,1.0,489
689.0,6,6,P0013_0_800_8189_8989.png,inshore,train,1.0,218
690.0,1,1,P0013_1200_2000_2400_3200.png,offshore,train,1.0,15
691.0,1,1,P0013_1200_2000_3000_3800.png,offshore,train,1.0,13
692.0,2,2,P0013_1200_2000_3600_4400.png,offshore,train,1.0,13
693.0,1,1,P0013_1200_2000_4800_5600.png,offshore,val,1.0,15
694.0,3,3,P0013_1200_2000_5400_6200.png,offshore,train,1.0,34
695.0,1,1,P0013_1200_2000_6000_6800.png,offshore,train,1.0,11
696.0,3,3,P0013_1200_2000_7800_8600.png,offshore,val,1.0,98
697.0,4,4,P0013_1200_2000_8189_8989.png,offshore,train,1.0,110
698.0,1,1,P0013_1800_2600_2400_3200.png,offshore,train,1.0,16
699.0,1,1,P0013_1800_2600_3600_4400.png,offshore,train,1.0,16
700.0,3,3,P0013_1800_2600_4200_5000.png,offshore,val,1.0,24
701.0,1,1,P0013_1800_2600_4800_5600.png,offshore,train,1.0,14
702.0,3,3,P0013_1800_2600_5400_6200.png,offshore,val,1.0,33
703.0,2,2,P0013_1800_2600_6000_6800.png,offshore,train,1.0,22
704.0,1,1,P0013_2400_3200_2400_3200.png,offshore,train,1.0,19
705.0,1,1,P0013_2400_3200_3000_3800.png,offshore,val,1.0,21
706.0,2,2,P0013_2400_3200_3600_4400.png,offshore,train,1.0,23
707.0,4,4,P0013_2400_3200_4200_5000.png,offshore,train,1.0,30
708.0,1,1,P0013_2400_3200_5400_6200.png,offshore,val,1.0,15
709.0,1,1,P0013_2400_3200_6000_6800.png,offshore,train,1.0,16
710.0,1,1,P0013_3000_3800_0_800.png,offshore,test,1.0,15
711.0,2,2,P0013_3000_3800_1200_2000.png,offshore,val,1.0,21
712.0,2,2,P0013_3000_3800_1800_2600.png,offshore,train,1.0,21
713.0,2,2,P0013_3000_3800_2400_3200.png,offshore,test,1.0,22
714.0,5,5,P0013_3000_3800_3000_3800.png,offshore,train,1.0,52
715.0,1,1,P0013_3000_3800_3600_4400.png,offshore,train,1.0,16
716.0,2,2,P0013_3000_3800_4200_5000.png,offshore,train,1.0,24
717.0,1,1,P0013_3000_3800_4800_5600.png,offshore,train,1.0,15
718.0,2,2,P0013_3000_3800_600_1400.png,offshore,val,1.0,18
719.0,1,1,P0013_3600_4400_0_800.png,offshore,train,1.0,16
720.0,2,2,P0013_3600_4400_1200_2000.png,offshore,train,1.0,17
721.0,1,1,P0013_3600_4400_1800_2600.png,offshore,train,1.0,9
722.0,2,2,P0013_3600_4400_3000_3800.png,offshore,train,1.0,20
723.0,1,1,P0013_3600_4400_3600_4400.png,offshore,test,1.0,16
724.0,1,1,P0013_3600_4400_4200_5000.png,offshore,train,1.0,15
725.0,2,2,P0013_3600_4400_600_1400.png,offshore,train,1.0,17
726.0,3,3,P0013_3600_4400_6600_7400.png,offshore,val,1.0,24
727.0,1,1,P0013_3600_4400_7200_8000.png,offshore,train,1.0,15
728.0,1,1,P0013_4200_5000_0_800.png,offshore,train,1.0,15
729.0,1,1,P0013_4200_5000_1200_2000.png,offshore,val,1.0,16
730.0,1,1,P0013_4200_5000_1800_2600.png,offshore,train,1.0,10
731.0,1,1,P0013_4200_5000_2400_3200.png,offshore,train,1.0,11
732.0,1,1,P0013_4200_5000_5400_6200.png,offshore,train,1.0,16
733.0,1,1,P0013_4200_5000_6000_6800.png,offshore,train,1.0,11
734.0,1,1,P0013_4200_5000_600_1400.png,offshore,train,1.0,21
735.0,4,4,P0013_4200_5000_6600_7400.png,offshore,train,1.0,36
736.0,1,1,P0013_4200_5000_7200_8000.png,offshore,train,1.0,12
737.0,1,1,P0013_4560_5360_0_800.png,offshore,train,1.0,13
738.0,1,1,P0013_4560_5360_1200_2000.png,offshore,train,1.0,17
739.0,1,1,P0013_4560_5360_1800_2600.png,offshore,train,1.0,17
740.0,1,1,P0013_4560_5360_5400_6200.png,offshore,train,1.0,16
741.0,2,2,P0013_4560_5360_6000_6800.png,offshore,test,1.0,22
742.0,2,2,P0013_4560_5360_600_1400.png,offshore,train,1.0,17
743.0,2,2,P0013_4560_5360_6600_7400.png,offshore,test,1.0,19
744.0,1,1,P0013_4560_5360_7200_8000.png,offshore,train,1.0,7
745.0,1,1,P0013_600_1400_3600_4400.png,offshore,train,1.0,19
746.0,1,1,P0013_600_1400_4200_5000.png,offshore,train,1.0,15
747.0,1,1,P0013_600_1400_4800_5600.png,offshore,train,1.0,13
748.0,6,6,P0013_600_1400_8189_8989.png,offshore,train,1.0,109
749.0,9,9,P0014_0_800_7800_8600.png,inshore,train,1.0,449
750.0,5,5,P0014_0_800_8189_8989.png,inshore,train,1.0,184
751.0,1,1,P0014_1200_2000_0_800.png,inshore,val,1.0,8
752.0,1,1,P0014_1200_2000_3000_3800.png,offshore,train,1.0,9
753.0,2,2,P0014_1200_2000_3600_4400.png,offshore,train,1.0,12
754.0,1,1,P0014_1200_2000_4200_5000.png,offshore,train,1.0,12
755.0,2,2,P0014_1200_2000_4800_5600.png,offshore,train,1.0,12
756.0,1,1,P0014_1800_2600_1800_2600.png,offshore,train,1.0,28
757.0,2,2,P0014_1800_2600_2400_3200.png,offshore,val,1.0,40
758.0,2,2,P0014_1800_2600_3000_3800.png,offshore,test,1.0,19
759.0,1,1,P0014_1800_2600_3600_4400.png,offshore,train,1.0,8
760.0,1,1,P0014_1800_2600_4800_5600.png,offshore,val,1.0,5
761.0,1,1,P0014_2400_3200_1800_2600.png,offshore,train,1.0,13
762.0,1,1,P0014_2400_3200_2400_3200.png,offshore,test,1.0,17
763.0,1,1,P0014_2400_3200_3000_3800.png,offshore,train,1.0,11
764.0,1,1,P0014_2400_3200_3600_4400.png,offshore,train,1.0,14
765.0,1,1,P0014_2400_3200_4200_5000.png,offshore,val,1.0,5
766.0,1,1,P0014_2400_3200_5400_6200.png,offshore,train,1.0,2
767.0,1,1,P0014_3000_3800_0_800.png,offshore,val,1.0,13
768.0,1,1,P0014_3000_3800_1200_2000.png,offshore,train,1.0,15
769.0,1,1,P0014_3000_3800_2400_3200.png,offshore,train,1.0,16
770.0,1,1,P0014_3000_3800_3000_3800.png,offshore,test,1.0,9
771.0,1,1,P0014_3000_3800_3600_4400.png,offshore,train,1.0,37
772.0,2,2,P0014_3000_3800_4200_5000.png,offshore,test,1.0,38
773.0,1,1,P0014_3000_3800_600_1400.png,offshore,train,1.0,13
774.0,1,1,P0014_3600_4400_1200_2000.png,offshore,train,1.0,16
775.0,1,1,P0014_3600_4400_2400_3200.png,offshore,train,1.0,17
776.0,1,1,P0014_3600_4400_3000_3800.png,offshore,train,1.0,13
777.0,1,1,P0014_3600_4400_3600_4400.png,offshore,train,1.0,38
778.0,1,1,P0014_3600_4400_4200_5000.png,offshore,train,1.0,32
779.0,2,2,P0014_3600_4400_600_1400.png,offshore,train,1.0,17
780.0,2,2,P0014_3600_4400_6600_7400.png,offshore,train,1.0,11
781.0,1,1,P0014_3600_4400_7200_8000.png,offshore,train,1.0,8
782.0,1,1,P0014_4200_5000_2400_3200.png,offshore,val,1.0,15
783.0,1,1,P0014_4200_5000_5400_6200.png,offshore,train,1.0,6
784.0,2,2,P0014_4200_5000_6000_6800.png,offshore,train,1.0,16
785.0,1,1,P0014_4200_5000_6600_7400.png,offshore,train,1.0,4
786.0,2,2,P0014_4560_5360_5400_6200.png,offshore,val,1.0,10
787.0,2,2,P0014_4560_5360_6000_6800.png,offshore,train,1.0,14
788.0,1,1,P0014_4560_5360_600_1400.png,offshore,test,1.0,6
789.0,1,1,P0014_4560_5360_6600_7400.png,offshore,train,1.0,11
790.0,1,1,P0014_4560_5360_7200_8000.png,offshore,train,1.0,11
791.0,1,1,P0014_600_1400_0_800.png,offshore,train,1.0,14
792.0,1,1,P0014_600_1400_3600_4400.png,offshore,val,1.0,13
793.0,1,1,P0014_600_1400_4200_5000.png,offshore,val,1.0,10
794.0,1,1,P0014_600_1400_4800_5600.png,offshore,train,1.0,12
795.0,1,1,P0014_600_1400_7800_8600.png,inshore,train,1.0,186
796.0,3,3,P0014_600_1400_8189_8989.png,offshore,train,1.0,71
797.0,17,17,P0015_0_800_7200_8000.png,inshore,train,1.0,2247
798.0,6,6,P0015_0_800_7800_8600.png,inshore,test,1.0,476
799.0,3,3,P0015_0_800_8400_9200.png,inshore,val,1.0,188
800.0,5,5,P0015_0_800_8689_9489.png,inshore,train,1.0,159
801.0,1,1,P0015_1200_2000_0_800.png,offshore,val,1.0,17
802.0,1,1,P0015_1200_2000_3000_3800.png,offshore,train,1.0,14
803.0,1,1,P0015_1200_2000_3600_4400.png,offshore,train,1.0,10
804.0,3,3,P0015_1200_2000_8400_9200.png,inshore,train,1.0,96
805.0,2,2,P0015_1200_2000_8689_9489.png,inshore,train,1.0,359
806.0,1,1,P0015_1800_2600_2400_3200.png,offshore,train,1.0,26
807.0,1,1,P0015_1800_2600_3000_3800.png,offshore,train,1.0,14
808.0,1,1,P0015_1800_2600_3600_4400.png,offshore,val,1.0,13
809.0,1,1,P0015_1800_2600_4200_5000.png,offshore,val,1.0,13
810.0,1,1,P0015_1800_2600_5400_6200.png,offshore,train,1.0,13
811.0,3,3,P0015_1800_2600_7800_8600.png,inshore,train,1.0,212
812.0,3,3,P0015_1800_2600_8400_9200.png,inshore,test,1.0,161
813.0,1,1,P0015_2400_3200_2400_3200.png,offshore,val,1.0,24
814.0,1,1,P0015_2400_3200_3000_3800.png,offshore,train,1.0,12
815.0,1,1,P0015_2400_3200_4800_5600.png,offshore,val,1.0,16
816.0,3,3,P0015_3000_3800_3000_3800.png,offshore,val,1.0,20
817.0,2,2,P0015_3000_3800_3600_4400.png,offshore,val,1.0,17
818.0,1,1,P0015_3000_3800_4200_5000.png,offshore,val,1.0,13
819.0,1,1,P0015_3000_3800_7200_8000.png,offshore,test,1.0,41
820.0,1,1,P0015_3600_4400_0_800.png,offshore,train,1.0,19
821.0,3,3,P0015_3600_4400_3000_3800.png,offshore,train,1.0,19
822.0,2,2,P0015_3600_4400_3600_4400.png,offshore,train,1.0,22
823.0,3,3,P0015_3600_4400_4200_5000.png,offshore,train,1.0,36
824.0,1,1,P0015_3600_4400_4800_5600.png,offshore,val,1.0,17
825.0,1,1,P0015_3600_4400_5400_6200.png,offshore,train,1.0,12
826.0,1,1,P0015_3600_4400_6000_6800.png,offshore,val,1.0,17
827.0,1,1,P0015_3600_4400_600_1400.png,offshore,train,1.0,20
828.0,1,1,P0015_3600_4400_6600_7400.png,offshore,test,1.0,22
829.0,1,1,P0015_4200_5000_0_800.png,offshore,val,1.0,17
830.0,1,1,P0015_4200_5000_2400_3200.png,offshore,train,1.0,12
831.0,2,2,P0015_4200_5000_3000_3800.png,offshore,train,1.0,18
832.0,1,1,P0015_4200_5000_3600_4400.png,offshore,val,1.0,12
833.0,3,3,P0015_4200_5000_4200_5000.png,offshore,train,1.0,23
834.0,2,2,P0015_4200_5000_6000_6800.png,offshore,train,1.0,36
835.0,1,1,P0015_4200_5000_600_1400.png,offshore,train,1.0,13
836.0,2,2,P0015_4200_5000_6600_7400.png,offshore,train,1.0,20
837.0,1,1,P0015_4200_5000_7200_8000.png,offshore,train,1.0,13
838.0,1,1,P0015_4800_5600_1800_2600.png,offshore,train,1.0,10
839.0,2,2,P0015_4800_5600_2400_3200.png,offshore,test,1.0,18
840.0,1,1,P0015_4800_5600_3000_3800.png,offshore,train,1.0,8
841.0,1,1,P0015_4800_5600_5400_6200.png,offshore,train,1.0,16
842.0,1,1,P0015_4800_5600_6000_6800.png,offshore,train,1.0,11
843.0,1,1,P0015_4800_5600_6600_7400.png,offshore,val,1.0,17
844.0,1,1,P0015_4800_5600_7200_8000.png,offshore,train,1.0,15
845.0,1,1,P0015_5400_6200_1800_2600.png,offshore,train,1.0,12
846.0,1,1,P0015_5400_6200_2400_3200.png,offshore,train,1.0,10
847.0,2,2,P0015_5400_6200_6000_6800.png,offshore,train,1.0,24
848.0,1,1,P0015_5400_6200_6600_7400.png,offshore,train,1.0,9
849.0,1,1,P0015_5460_6260_1800_2600.png,offshore,train,1.0,19
850.0,1,1,P0015_5460_6260_2400_3200.png,offshore,train,1.0,9
851.0,2,2,P0015_5460_6260_6000_6800.png,offshore,train,1.0,24
852.0,1,1,P0015_5460_6260_6600_7400.png,offshore,train,1.0,9
853.0,9,9,P0015_600_1400_7200_8000.png,inshore,train,1.0,1263
854.0,12,12,P0015_600_1400_7800_8600.png,inshore,train,1.0,553
855.0,3,3,P0015_600_1400_8400_9200.png,inshore,train,1.0,80
856.0,3,3,P0015_600_1400_8689_9489.png,inshore,train,1.0,274
857.0,1,1,P0016_0_800_4800_5600.png,offshore,train,1.0,11
858.0,1,1,P0016_0_800_5400_6200.png,offshore,train,1.0,11
859.0,14,14,P0016_0_800_7800_8600.png,inshore,test,1.0,572
860.0,4,4,P0016_0_800_8400_9200.png,inshore,test,1.0,115
861.0,6,6,P0016_0_800_8789_9589.png,inshore,train,1.0,330
862.0,1,1,P0016_1200_2000_3000_3800.png,offshore,test,1.0,24
863.0,2,2,P0016_1200_2000_4200_5000.png,offshore,train,1.0,11
864.0,2,2,P0016_1200_2000_4800_5600.png,offshore,train,1.0,8
865.0,4,4,P0016_1200_2000_8400_9200.png,inshore,train,1.0,175
866.0,1,1,P0016_1800_2600_3600_4400.png,offshore,train,1.0,10
867.0,1,1,P0016_1800_2600_4200_5000.png,offshore,val,1.0,9
868.0,1,1,P0016_1800_2600_4800_5600.png,offshore,val,1.0,15
869.0,1,1,P0016_1800_2600_5400_6200.png,offshore,train,1.0,10
870.0,2,2,P0016_2400_3200_3000_3800.png,offshore,train,1.0,18
871.0,1,1,P0016_2400_3200_3600_4400.png,offshore,train,1.0,8
872.0,1,1,P0016_3000_3800_0_800.png,offshore,val,1.0,9
873.0,2,2,P0016_3000_3800_3000_3800.png,offshore,train,1.0,18
874.0,1,1,P0016_3000_3800_3600_4400.png,offshore,train,1.0,14
875.0,1,1,P0016_3000_3800_600_1400.png,offshore,test,1.0,14
876.0,2,2,P0016_3600_4400_0_800.png,offshore,train,1.0,13
877.0,1,1,P0016_3600_4400_1800_2600.png,offshore,test,1.0,16
878.0,1,1,P0016_3600_4400_2400_3200.png,offshore,test,1.0,21
879.0,2,2,P0016_3600_4400_3000_3800.png,offshore,val,1.0,27
880.0,1,1,P0016_3600_4400_3600_4400.png,offshore,train,1.0,14
881.0,1,1,P0016_3600_4400_4800_5600.png,offshore,train,1.0,23
882.0,1,1,P0016_3600_4400_5400_6200.png,offshore,test,1.0,21
883.0,1,1,P0016_3600_4400_600_1400.png,offshore,train,1.0,10
884.0,1,1,P0016_4200_5000_2400_3200.png,offshore,train,1.0,17
885.0,2,2,P0016_4200_5000_3000_3800.png,offshore,train,1.0,23
886.0,1,1,P0016_4200_5000_4800_5600.png,offshore,train,1.0,24
887.0,2,2,P0016_4200_5000_5400_6200.png,offshore,test,1.0,37
888.0,1,1,P0016_4200_5000_6000_6800.png,offshore,train,1.0,20
889.0,1,1,P0016_4200_5000_6600_7400.png,offshore,val,1.0,9
890.0,1,1,P0016_4800_5600_0_800.png,offshore,train,1.0,13
891.0,1,1,P0016_4800_5600_3600_4400.png,offshore,train,1.0,25
892.0,2,2,P0016_4800_5600_6000_6800.png,offshore,train,1.0,17
893.0,1,1,P0016_4800_5600_600_1400.png,offshore,val,1.0,16
894.0,3,3,P0016_4800_5600_6600_7400.png,offshore,train,1.0,15
895.0,1,1,P0016_4910_5710_0_800.png,offshore,train,1.0,12
896.0,1,1,P0016_4910_5710_1200_2000.png,offshore,train,1.0,13
897.0,1,1,P0016_4910_5710_3600_4400.png,offshore,val,1.0,23
898.0,3,3,P0016_4910_5710_6000_6800.png,offshore,train,1.0,19
899.0,1,1,P0016_4910_5710_600_1400.png,offshore,val,1.0,9
900.0,3,3,P0016_4910_5710_6600_7400.png,offshore,train,1.0,15
901.0,2,2,P0016_600_1400_4200_5000.png,offshore,train,1.0,13
902.0,1,1,P0016_600_1400_4800_5600.png,offshore,val,1.0,9
903.0,5,5,P0016_600_1400_8400_9200.png,inshore,val,1.0,101
904.0,2,2,P0017_0_800_8400_9200.png,inshore,train,1.0,148
905.0,3,3,P0017_0_800_9000_9800.png,inshore,train,1.0,155
906.0,3,3,P0017_0_800_9289_10089.png,inshore,train,1.0,129
907.0,1,1,P0017_1200_2000_4800_5600.png,offshore,val,1.0,43
908.0,1,1,P0017_1200_2000_5400_6200.png,offshore,train,1.0,43
909.0,1,1,P0017_1200_2000_7800_8600.png,inshore,train,1.0,194
910.0,7,7,P0017_1200_2000_8400_9200.png,inshore,train,1.0,111
911.0,1,1,P0017_1800_2600_3600_4400.png,offshore,train,1.0,35
912.0,1,1,P0017_1800_2600_4200_5000.png,offshore,train,1.0,36
913.0,2,2,P0017_1800_2600_4800_5600.png,offshore,test,1.0,33
914.0,1,1,P0017_1800_2600_5400_6200.png,offshore,train,1.0,31
915.0,2,2,P0017_1800_2600_7800_8600.png,offshore,train,1.0,39
916.0,2,2,P0017_1800_2600_8400_9200.png,offshore,train,1.0,76
917.0,1,1,P0017_2400_3200_1800_2600.png,offshore,val,1.0,41
918.0,1,1,P0017_2400_3200_3000_3800.png,offshore,val,1.0,36
919.0,1,1,P0017_2400_3200_4200_5000.png,offshore,train,1.0,36
920.0,2,2,P0017_2400_3200_4800_5600.png,offshore,train,1.0,30
921.0,1,1,P0017_2400_3200_5400_6200.png,offshore,train,1.0,29
922.0,1,1,P0017_3000_3800_1200_2000.png,offshore,train,1.0,57
923.0,2,2,P0017_3000_3800_1800_2600.png,offshore,train,1.0,47
924.0,1,1,P0017_3000_3800_2400_3200.png,offshore,train,1.0,41
925.0,1,1,P0017_3000_3800_3000_3800.png,offshore,test,1.0,43
926.0,1,1,P0017_3000_3800_3600_4400.png,offshore,train,1.0,36
927.0,3,3,P0017_3000_3800_4200_5000.png,offshore,train,1.0,51
928.0,1,1,P0017_3000_3800_4800_5600.png,offshore,train,1.0,50
929.0,1,1,P0017_3000_3800_6600_7400.png,offshore,train,1.0,52
930.0,1,1,P0017_3000_3800_7200_8000.png,offshore,train,1.0,55
931.0,1,1,P0017_3600_4400_1200_2000.png,offshore,val,1.0,35
932.0,2,2,P0017_3600_4400_1800_2600.png,offshore,train,1.0,48
933.0,2,2,P0017_3600_4400_2400_3200.png,offshore,train,1.0,51
934.0,1,1,P0017_3600_4400_3000_3800.png,offshore,val,1.0,43
935.0,2,2,P0017_3600_4400_4200_5000.png,offshore,train,1.0,46
936.0,1,1,P0017_3600_4400_6600_7400.png,offshore,train,1.0,51
937.0,1,1,P0017_3600_4400_7200_8000.png,offshore,train,1.0,46
938.0,1,1,P0017_4200_5000_1800_2600.png,offshore,val,1.0,52
939.0,2,2,P0017_4200_5000_2400_3200.png,offshore,train,1.0,47
940.0,2,2,P0017_4200_5000_3000_3800.png,offshore,train,1.0,49
941.0,1,1,P0017_4200_5000_4200_5000.png,offshore,train,1.0,40
942.0,1,1,P0017_4200_5000_4800_5600.png,offshore,val,1.0,43
943.0,1,1,P0017_4200_5000_6600_7400.png,offshore,train,1.0,35
944.0,2,2,P0017_4800_5600_2400_3200.png,offshore,val,1.0,43
945.0,1,1,P0017_4800_5600_3000_3800.png,offshore,train,1.0,29
946.0,1,1,P0017_4800_5600_6000_6800.png,offshore,train,1.0,34
947.0,1,1,P0017_4800_5600_6600_7400.png,offshore,train,1.0,24
948.0,1,1,P0017_4800_5600_7200_8000.png,offshore,train,1.0,26
949.0,1,1,P0017_5160_5960_1200_2000.png,offshore,train,1.0,40
950.0,1,1,P0017_5160_5960_2400_3200.png,offshore,train,1.0,44
951.0,1,1,P0017_5160_5960_5400_6200.png,offshore,train,1.0,41
952.0,3,3,P0017_5160_5960_6000_6800.png,offshore,train,1.0,42
953.0,1,1,P0017_5160_5960_600_1400.png,offshore,train,1.0,50
954.0,2,2,P0017_5160_5960_6600_7400.png,offshore,val,1.0,40
955.0,1,1,P0017_5160_5960_7200_8000.png,offshore,train,1.0,36
956.0,5,5,P0017_600_1400_7800_8600.png,inshore,train,1.0,438
957.0,8,8,P0017_600_1400_8400_9200.png,inshore,test,1.0,97
958.0,18,18,P0018_0_800_7200_8000.png,inshore,train,1.0,1886
959.0,3,3,P0018_0_800_8400_9200.png,inshore,train,1.0,157
960.0,5,5,P0018_0_800_8889_9689.png,inshore,train,1.0,147
961.0,1,1,P0018_1200_2000_3000_3800.png,offshore,train,1.0,23
962.0,1,1,P0018_1200_2000_3600_4400.png,offshore,val,1.0,27
963.0,1,1,P0018_1200_2000_4200_5000.png,offshore,train,1.0,28
964.0,1,1,P0018_1200_2000_4800_5600.png,offshore,train,1.0,24
965.0,1,1,P0018_1200_2000_7800_8600.png,inshore,val,1.0,312
966.0,6,6,P0018_1200_2000_8400_9200.png,offshore,train,1.0,159
967.0,1,1,P0018_1800_2600_3000_3800.png,offshore,test,1.0,18
968.0,1,1,P0018_1800_2600_3600_4400.png,offshore,val,1.0,27
969.0,2,2,P0018_1800_2600_4200_5000.png,offshore,train,1.0,32
970.0,2,2,P0018_1800_2600_4800_5600.png,offshore,train,1.0,22
971.0,2,2,P0018_1800_2600_7800_8600.png,offshore,test,1.0,33
972.0,2,2,P0018_1800_2600_8400_9200.png,offshore,train,1.0,72
973.0,1,1,P0018_2400_3200_1800_2600.png,offshore,train,1.0,33
974.0,1,1,P0018_2400_3200_3000_3800.png,offshore,train,1.0,36
975.0,2,2,P0018_2400_3200_3600_4400.png,offshore,train,1.0,37
976.0,3,3,P0018_2400_3200_4200_5000.png,offshore,train,1.0,28
977.0,2,2,P0018_2400_3200_4800_5600.png,offshore,test,1.0,26
978.0,1,1,P0018_2400_3200_5400_6200.png,offshore,train,1.0,29
979.0,1,1,P0018_3000_3800_1200_2000.png,offshore,test,1.0,32
980.0,1,1,P0018_3000_3800_3000_3800.png,offshore,train,1.0,23
981.0,2,2,P0018_3000_3800_3600_4400.png,offshore,train,1.0,27
982.0,1,1,P0018_3000_3800_4200_5000.png,offshore,train,1.0,28
983.0,2,2,P0018_3600_4400_0_800.png,offshore,train,1.0,41
984.0,1,1,P0018_3600_4400_1200_2000.png,offshore,train,1.0,24
985.0,2,2,P0018_3600_4400_1800_2600.png,offshore,train,1.0,35
986.0,1,1,P0018_3600_4400_2400_3200.png,offshore,train,1.0,28
987.0,2,2,P0018_3600_4400_3000_3800.png,offshore,train,1.0,34
988.0,1,1,P0018_3600_4400_3600_4400.png,offshore,train,1.0,32
989.0,2,2,P0018_3600_4400_600_1400.png,offshore,train,1.0,40
990.0,2,2,P0018_4200_5000_1200_2000.png,offshore,train,1.0,23
991.0,1,1,P0018_4200_5000_1800_2600.png,offshore,val,1.0,30
992.0,2,2,P0018_4200_5000_2400_3200.png,offshore,train,1.0,37
993.0,2,2,P0018_4200_5000_3000_3800.png,offshore,train,1.0,26
994.0,1,1,P0018_4200_5000_3600_4400.png,offshore,test,1.0,26
995.0,1,1,P0018_4200_5000_5400_6200.png,offshore,train,1.0,28
996.0,2,2,P0018_4200_5000_6000_6800.png,offshore,train,1.0,22
997.0,2,2,P0018_4200_5000_600_1400.png,offshore,train,1.0,45
998.0,3,3,P0018_4200_5000_6600_7400.png,offshore,train,1.0,17
999.0,1,1,P0018_4800_5600_1200_2000.png,offshore,train,1.0,25
1000.0,1,1,P0018_4800_5600_5400_6200.png,offshore,val,1.0,25
1001.0,3,3,P0018_4800_5600_6000_6800.png,offshore,train,1.0,26
1002.0,2,2,P0018_4800_5600_6600_7400.png,offshore,train,1.0,20
1003.0,1,1,P0018_4800_5600_7200_8000.png,offshore,val,1.0,14
1004.0,1,1,P0018_5160_5960_1200_2000.png,offshore,val,1.0,27
1005.0,1,1,P0018_5160_5960_5400_6200.png,offshore,val,1.0,21
1006.0,2,2,P0018_5160_5960_6000_6800.png,offshore,train,1.0,26
1007.0,2,2,P0018_5160_5960_6600_7400.png,offshore,train,1.0,17
1008.0,1,1,P0018_5160_5960_7200_8000.png,offshore,test,1.0,14
1009.0,8,8,P0018_600_1400_8400_9200.png,inshore,train,1.0,135
1010.0,1,1,P0018_600_1400_8889_9689.png,inshore,train,1.0,546
1011.0,11,11,P0019_0_800_7200_8000.png,inshore,test,1.0,2097
1012.0,2,2,P0019_0_800_8389_9189.png,inshore,train,1.0,321
1013.0,1,1,P0019_1200_2000_7800_8600.png,inshore,train,1.0,337
1014.0,3,3,P0019_1200_2000_8389_9189.png,inshore,train,1.0,74
1015.0,1,1,P0019_1800_2600_0_800.png,offshore,train,1.0,119
1016.0,1,1,P0019_1800_2600_3000_3800.png,offshore,test,1.0,120
1017.0,1,1,P0019_1800_2600_3600_4400.png,offshore,train,1.0,79
1018.0,1,1,P0019_1800_2600_4800_5600.png,offshore,train,1.0,80
1019.0,1,1,P0019_1800_2600_8389_9189.png,inshore,train,1.0,135
1020.0,1,1,P0019_2400_3200_2400_3200.png,offshore,train,1.0,99
1021.0,1,1,P0019_2400_3200_3600_4400.png,offshore,train,1.0,83
1022.0,1,1,P0019_2400_3200_4200_5000.png,offshore,train,1.0,79
1023.0,1,1,P0019_2400_3200_4800_5600.png,offshore,train,1.0,85
1024.0,1,1,P0019_2400_3200_7800_8600.png,offshore,train,1.0,68
1025.0,1,1,P0019_2400_3200_8389_9189.png,offshore,train,1.0,160
1026.0,1,1,P0019_3000_3800_1800_2600.png,offshore,test,1.0,111
1027.0,1,1,P0019_3000_3800_2400_3200.png,offshore,val,1.0,102
1028.0,1,1,P0019_3000_3800_4800_5600.png,offshore,train,1.0,75
1029.0,1,1,P0019_3600_4400_1800_2600.png,offshore,train,1.0,124
1030.0,1,1,P0019_4200_5000_1800_2600.png,offshore,train,1.0,90
1031.0,1,1,P0019_4200_5000_600_1400.png,offshore,train,1.0,116
1032.0,1,1,P0019_4800_5600_1200_2000.png,offshore,train,1.0,74
1033.0,1,1,P0019_4800_5600_2400_3200.png,offshore,train,1.0,93
1034.0,1,1,P0019_4800_5600_6000_6800.png,offshore,train,1.0,69
1035.0,1,1,P0019_4800_5600_600_1400.png,offshore,train,1.0,107
1036.0,1,1,P0019_4800_5600_6600_7400.png,offshore,train,1.0,63
1037.0,1,1,P0019_5400_6200_3000_3800.png,offshore,test,1.0,71
1038.0,1,1,P0019_5400_6200_5400_6200.png,offshore,val,1.0,93
1039.0,1,1,P0019_5400_6200_6000_6800.png,offshore,test,1.0,68
1040.0,2,2,P0019_5400_6200_6600_7400.png,offshore,train,1.0,82
1041.0,1,1,P0019_5400_6200_7200_8000.png,offshore,train,1.0,50
1042.0,1,1,P0019_5660_6460_1200_2000.png,offshore,train,1.0,100
1043.0,1,1,P0019_5660_6460_3000_3800.png,offshore,train,1.0,54
1044.0,1,1,P0019_5660_6460_5400_6200.png,offshore,train,1.0,79
1045.0,2,2,P0019_5660_6460_6000_6800.png,offshore,train,1.0,77
1046.0,1,1,P0019_5660_6460_600_1400.png,offshore,train,1.0,108
1047.0,2,2,P0019_5660_6460_6600_7400.png,offshore,train,1.0,96
1048.0,1,1,P0019_5660_6460_7200_8000.png,offshore,train,1.0,55
1049.0,22,22,P0019_600_1400_7200_8000.png,inshore,train,1.0,1600
1050.0,17,17,P0019_600_1400_7800_8600.png,inshore,val,1.0,526
1051.0,2,2,P0019_600_1400_8389_9189.png,inshore,train,1.0,141
1052.0,9,9,P0020_0_800_7800_8600.png,inshore,test,1.0,583
1053.0,2,2,P0020_0_800_8400_9200.png,inshore,test,1.0,156
1054.0,5,5,P0020_0_800_9000_9800.png,inshore,train,1.0,152
1055.0,6,6,P0020_0_800_9189_9989.png,inshore,train,1.0,143
1056.0,3,2,P0020_1200_2000_7800_8600.png,inshore,train,0.6666666666666666,262
1057.0,6,5,P0020_1200_2000_8400_9200.png,inshore,test,0.8333333333333334,155
1058.0,1,1,P0020_1800_2600_3000_3800.png,offshore,train,1.0,38
1059.0,1,1,P0020_1800_2600_3600_4400.png,offshore,test,1.0,31
1060.0,1,1,P0020_1800_2600_4200_5000.png,offshore,train,1.0,28
1061.0,1,1,P0020_2400_3200_1800_2600.png,offshore,train,1.0,32
1062.0,1,1,P0020_2400_3200_2400_3200.png,offshore,train,1.0,26
1063.0,1,1,P0020_2400_3200_3600_4400.png,offshore,train,1.0,22
1064.0,1,1,P0020_2400_3200_4200_5000.png,offshore,train,1.0,17
1065.0,2,2,P0020_2400_3200_4800_5600.png,offshore,train,1.0,19
1066.0,1,1,P0020_2400_3200_5400_6200.png,offshore,train,1.0,22
1067.0,1,1,P0020_3000_3800_1800_2600.png,offshore,train,1.0,39
1068.0,1,1,P0020_3000_3800_3000_3800.png,offshore,test,1.0,51
1069.0,1,1,P0020_3000_3800_3600_4400.png,offshore,train,1.0,18
1070.0,1,1,P0020_3000_3800_4200_5000.png,offshore,val,1.0,23
1071.0,2,2,P0020_3000_3800_4800_5600.png,offshore,train,1.0,28
1072.0,2,2,P0020_3000_3800_5400_6200.png,offshore,train,1.0,30
1073.0,1,1,P0020_3600_4400_0_800.png,offshore,val,1.0,39
1074.0,1,1,P0020_3600_4400_2400_3200.png,offshore,train,1.0,39
1075.0,1,1,P0020_3600_4400_3000_3800.png,offshore,train,1.0,69
1076.0,1,1,P0020_3600_4400_3600_4400.png,offshore,train,1.0,26
1077.0,2,2,P0020_3600_4400_4200_5000.png,offshore,train,1.0,34
1078.0,1,1,P0020_3600_4400_5400_6200.png,offshore,val,1.0,31
1079.0,1,1,P0020_3600_4400_6000_6800.png,offshore,test,1.0,45
1080.0,1,1,P0020_4200_5000_0_800.png,offshore,train,1.0,28
1081.0,1,1,P0020_4200_5000_2400_3200.png,offshore,train,1.0,28
1082.0,1,1,P0020_4200_5000_3000_3800.png,offshore,train,1.0,21
1083.0,2,2,P0020_4200_5000_6600_7400.png,offshore,test,1.0,27
1084.0,1,1,P0020_4800_5600_1800_2600.png,offshore,val,1.0,39
1085.0,1,1,P0020_4800_5600_2400_3200.png,offshore,test,1.0,23
1086.0,1,1,P0020_4800_5600_4800_5600.png,offshore,test,1.0,32
1087.0,1,1,P0020_4800_5600_5400_6200.png,offshore,val,1.0,32
1088.0,3,3,P0020_4800_5600_6000_6800.png,offshore,val,1.0,23
1089.0,4,4,P0020_4800_5600_6600_7400.png,offshore,train,1.0,31
1090.0,1,1,P0020_5160_5960_1800_2600.png,offshore,train,1.0,44
1091.0,1,1,P0020_5160_5960_2400_3200.png,offshore,train,1.0,24
1092.0,1,1,P0020_5160_5960_4800_5600.png,offshore,train,1.0,27
1093.0,3,3,P0020_5160_5960_5400_6200.png,offshore,train,1.0,48
1094.0,5,5,P0020_5160_5960_6000_6800.png,offshore,train,1.0,33
1095.0,4,4,P0020_5160_5960_6600_7400.png,offshore,train,1.0,29
1096.0,1,1,P0020_5160_5960_7200_8000.png,offshore,train,1.0,21
1097.0,9,9,P0020_600_1400_7800_8600.png,inshore,train,1.0,493
1098.0,5,5,P0020_600_1400_8400_9200.png,inshore,test,1.0,98
1099.0,14,14,P0021_0_800_7200_8000.png,inshore,train,1.0,2251
1100.0,6,6,P0021_0_800_7800_8600.png,inshore,val,1.0,495
1101.0,2,2,P0021_0_800_8400_9200.png,inshore,train,1.0,189
1102.0,4,4,P0021_0_800_8889_9689.png,inshore,train,1.0,164
1103.0,1,1,P0021_1200_2000_0_800.png,offshore,train,1.0,9
1104.0,1,1,P0021_1200_2000_1200_2000.png,offshore,test,1.0,15
1105.0,3,3,P0021_1200_2000_8400_9200.png,inshore,train,1.0,111
1106.0,1,1,P0021_1800_2600_4200_5000.png,offshore,train,1.0,10
1107.0,1,1,P0021_1800_2600_4800_5600.png,offshore,train,1.0,10
1108.0,2,2,P0021_1800_2600_7800_8600.png,inshore,val,1.0,150
1109.0,3,3,P0021_1800_2600_8400_9200.png,inshore,train,1.0,164
1110.0,1,1,P0021_2400_3200_1800_2600.png,offshore,test,1.0,13
1111.0,1,1,P0021_2400_3200_4800_5600.png,offshore,test,1.0,12
1112.0,1,1,P0021_3000_3800_1800_2600.png,offshore,train,1.0,11
1113.0,1,1,P0021_3000_3800_3000_3800.png,offshore,train,1.0,7
1114.0,1,1,P0021_3000_3800_3600_4400.png,offshore,train,1.0,11
1115.0,1,1,P0021_3000_3800_4200_5000.png,offshore,test,1.0,9
1116.0,1,1,P0021_3000_3800_6600_7400.png,offshore,train,1.0,23
1117.0,1,1,P0021_3600_4400_1800_2600.png,offshore,test,1.0,10
1118.0,1,1,P0021_3600_4400_2400_3200.png,offshore,train,1.0,9
1119.0,2,2,P0021_3600_4400_3000_3800.png,offshore,train,1.0,16
1120.0,2,2,P0021_3600_4400_3600_4400.png,offshore,train,1.0,15
1121.0,2,2,P0021_3600_4400_4200_5000.png,offshore,train,1.0,13
1122.0,1,1,P0021_3600_4400_5400_6200.png,offshore,test,1.0,10
1123.0,1,1,P0021_3600_4400_6600_7400.png,offshore,train,1.0,24
1124.0,1,1,P0021_4200_5000_0_800.png,offshore,train,1.0,14
1125.0,1,1,P0021_4200_5000_1800_2600.png,offshore,train,1.0,8
1126.0,2,2,P0021_4200_5000_2400_3200.png,offshore,train,1.0,16
1127.0,1,1,P0021_4200_5000_3000_3800.png,offshore,train,1.0,14
1128.0,1,1,P0021_4200_5000_6600_7400.png,offshore,test,1.0,7
1129.0,1,1,P0021_4200_5000_7200_8000.png,offshore,train,1.0,6
1130.0,1,1,P0021_4800_5600_2400_3200.png,offshore,train,1.0,5
1131.0,1,1,P0021_4800_5600_3000_3800.png,offshore,train,1.0,8
1132.0,1,1,P0021_4800_5600_4800_5600.png,offshore,train,1.0,12
1133.0,1,1,P0021_4800_5600_5400_6200.png,offshore,train,1.0,13
1134.0,1,1,P0021_4800_5600_6600_7400.png,offshore,train,1.0,17
1135.0,1,1,P0021_5360_6160_1200_2000.png,offshore,train,1.0,13
1136.0,1,1,P0021_5360_6160_4800_5600.png,offshore,train,1.0,8
1137.0,1,1,P0021_5360_6160_5400_6200.png,offshore,train,1.0,8
1138.0,2,2,P0021_5360_6160_6000_6800.png,offshore,train,1.0,12
1139.0,2,2,P0021_5360_6160_7200_8000.png,offshore,train,1.0,17
1140.0,1,1,P0021_600_1400_0_800.png,offshore,train,1.0,12
1141.0,6,6,P0021_600_1400_7200_8000.png,inshore,test,1.0,1082
1142.0,10,10,P0021_600_1400_7800_8600.png,inshore,train,1.0,597
1143.0,2,2,P0021_600_1400_8400_9200.png,offshore,train,1.0,98
1144.0,14,14,P0022_0_800_7200_8000.png,inshore,test,1.0,2135
1145.0,1,1,P0022_0_800_8689_9489.png,inshore,train,1.0,175
1146.0,1,1,P0022_1200_2000_0_800.png,offshore,train,1.0,18
1147.0,1,1,P0022_1200_2000_3600_4400.png,offshore,val,1.0,8
1148.0,4,4,P0022_1200_2000_8400_9200.png,inshore,train,1.0,165
1149.0,3,3,P0022_1800_2600_7800_8600.png,inshore,train,1.0,130
1150.0,2,2,P0022_1800_2600_8400_9200.png,offshore,train,1.0,146
1151.0,1,1,P0022_2400_3200_3000_3800.png,offshore,train,1.0,13
1152.0,1,1,P0022_2400_3200_3600_4400.png,offshore,train,1.0,11
1153.0,1,1,P0022_2400_3200_4200_5000.png,offshore,train,1.0,9
1154.0,2,2,P0022_2400_3200_4800_5600.png,offshore,test,1.0,14
1155.0,1,1,P0022_3000_3800_2400_3200.png,offshore,test,1.0,14
1156.0,1,1,P0022_3000_3800_3000_3800.png,offshore,train,1.0,16
1157.0,1,1,P0022_3000_3800_3600_4400.png,offshore,test,1.0,15
1158.0,1,1,P0022_3000_3800_4200_5000.png,offshore,train,1.0,16
1159.0,1,1,P0022_3000_3800_4800_5600.png,offshore,train,1.0,10
1160.0,1,1,P0022_3000_3800_5400_6200.png,offshore,train,1.0,9
1161.0,1,1,P0022_3600_4400_1800_2600.png,offshore,train,1.0,13
1162.0,2,2,P0022_3600_4400_2400_3200.png,offshore,train,1.0,20
1163.0,1,1,P0022_3600_4400_4200_5000.png,offshore,val,1.0,12
1164.0,1,1,P0022_4200_5000_2400_3200.png,offshore,train,1.0,9
1165.0,1,1,P0022_4200_5000_3000_3800.png,offshore,train,1.0,8
1166.0,1,1,P0022_4200_5000_4200_5000.png,offshore,test,1.0,17
1167.0,1,1,P0022_4200_5000_6600_7400.png,offshore,train,1.0,6
1168.0,2,2,P0022_4800_5600_2400_3200.png,offshore,train,1.0,16
1169.0,2,2,P0022_4800_5600_3600_4400.png,offshore,train,1.0,24
1170.0,1,1,P0022_4800_5600_4200_5000.png,offshore,train,1.0,13
1171.0,1,1,P0022_4800_5600_5400_6200.png,offshore,train,1.0,8
1172.0,1,1,P0022_4800_5600_6000_6800.png,offshore,test,1.0,23
1173.0,2,2,P0022_4800_5600_6600_7400.png,offshore,train,1.0,18
1174.0,1,1,P0022_5260_6060_2400_3200.png,offshore,train,1.0,10
1175.0,1,1,P0022_5260_6060_3600_4400.png,offshore,train,1.0,9
1176.0,2,2,P0022_5260_6060_5400_6200.png,offshore,test,1.0,19
1177.0,3,3,P0022_5260_6060_6000_6800.png,offshore,test,1.0,31
1178.0,1,1,P0022_5260_6060_6600_7400.png,offshore,val,1.0,19
1179.0,1,1,P0022_600_1400_0_800.png,offshore,train,1.0,19
1180.0,7,7,P0022_600_1400_7800_8600.png,inshore,train,1.0,620
1181.0,2,2,P0022_600_1400_8400_9200.png,inshore,train,1.0,96
1182.0,1,1,P0023_0_800_0_800.png,offshore,val,1.0,9
1183.0,3,3,P0023_0_800_8189_8989.png,inshore,val,1.0,96
1184.0,1,1,P0023_1200_2000_0_800.png,offshore,train,1.0,15
1185.0,1,1,P0023_1200_2000_3000_3800.png,offshore,train,1.0,11
1186.0,1,1,P0023_1200_2000_3600_4400.png,offshore,train,1.0,7
1187.0,1,1,P0023_1200_2000_4200_5000.png,offshore,train,1.0,7
1188.0,1,1,P0023_1200_2000_7800_8600.png,offshore,train,1.0,110
1189.0,1,1,P0023_1200_2000_8189_8989.png,offshore,train,1.0,82
1190.0,1,1,P0023_1800_2600_0_800.png,offshore,train,1.0,14
1191.0,1,1,P0023_1800_2600_1200_2000.png,offshore,train,1.0,15
1192.0,1,1,P0023_1800_2600_3000_3800.png,offshore,train,1.0,9
1193.0,2,2,P0023_1800_2600_3600_4400.png,offshore,train,1.0,9
1194.0,1,1,P0023_1800_2600_4200_5000.png,offshore,train,1.0,7
1195.0,1,1,P0023_2400_3200_1800_2600.png,offshore,test,1.0,13
1196.0,1,1,P0023_2400_3200_2400_3200.png,offshore,train,1.0,16
1197.0,1,1,P0023_2400_3200_3600_4400.png,offshore,train,1.0,5
1198.0,1,1,P0023_3000_3800_0_800.png,offshore,test,1.0,8
1199.0,1,1,P0023_3000_3800_1800_2600.png,offshore,val,1.0,9
1200.0,1,1,P0023_3000_3800_2400_3200.png,offshore,test,1.0,11
1201.0,1,1,P0023_3000_3800_3000_3800.png,offshore,val,1.0,6
1202.0,1,1,P0023_3000_3800_600_1400.png,offshore,val,1.0,9
1203.0,1,1,P0023_3600_4400_2400_3200.png,offshore,train,1.0,15
1204.0,1,1,P0023_3600_4400_3000_3800.png,offshore,train,1.0,11
1205.0,2,2,P0023_3600_4400_6000_6800.png,offshore,test,1.0,16
1206.0,2,2,P0023_3600_4400_6600_7400.png,offshore,train,1.0,12
1207.0,1,1,P0023_4200_5000_1200_2000.png,offshore,test,1.0,10
1208.0,1,1,P0023_4200_5000_3600_4400.png,offshore,test,1.0,35
1209.0,2,2,P0023_4200_5000_5400_6200.png,offshore,val,1.0,11
1210.0,3,3,P0023_4200_5000_6000_6800.png,offshore,train,1.0,12
1211.0,3,3,P0023_4200_5000_6600_7400.png,offshore,val,1.0,14
1212.0,1,1,P0023_4260_5060_1200_2000.png,offshore,train,1.0,10
1213.0,1,1,P0023_4260_5060_3600_4400.png,offshore,train,1.0,35
1214.0,3,3,P0023_4260_5060_5400_6200.png,offshore,val,1.0,18
1215.0,3,3,P0023_4260_5060_6000_6800.png,offshore,test,1.0,14
1216.0,3,3,P0023_4260_5060_6600_7400.png,offshore,train,1.0,14
1217.0,1,1,P0023_600_1400_0_800.png,offshore,test,1.0,6
1218.0,3,3,P0023_600_1400_7800_8600.png,inshore,test,1.0,203
1219.0,4,4,P0023_600_1400_8189_8989.png,offshore,train,1.0,106
1220.0,6,6,P0024_0_800_7200_8000.png,inshore,test,1.0,1992
1221.0,3,3,P0024_0_800_8400_9200.png,inshore,train,1.0,280
1222.0,2,2,P0024_0_800_9000_9800.png,inshore,train,1.0,195
1223.0,1,1,P0024_0_800_9589_10389.png,offshore,test,1.0,85
1224.0,3,3,P0024_1200_2000_7800_8600.png,inshore,train,1.0,550
1225.0,6,6,P0024_1200_2000_8400_9200.png,inshore,train,1.0,91
1226.0,1,1,P0024_1200_2000_9000_9800.png,inshore,train,1.0,581
1227.0,5,5,P0024_1200_2000_9589_10389.png,inshore,train,1.0,460
1228.0,1,1,P0024_1800_2600_0_800.png,offshore,train,1.0,8
1229.0,1,1,P0024_1800_2600_4200_5000.png,offshore,train,1.0,9
1230.0,2,2,P0024_1800_2600_7800_8600.png,inshore,train,1.0,251
1231.0,5,5,P0024_1800_2600_8400_9200.png,inshore,train,1.0,144
1232.0,7,7,P0024_1800_2600_9589_10389.png,inshore,train,1.0,505
1233.0,1,1,P0024_2400_3200_8400_9200.png,offshore,train,1.0,112
1234.0,1,1,P0024_3000_3800_4200_5000.png,offshore,val,1.0,7
1235.0,1,1,P0024_3000_3800_4800_5600.png,offshore,train,1.0,9
1236.0,1,1,P0024_3600_4400_1200_2000.png,offshore,train,1.0,18
1237.0,1,1,P0024_3600_4400_1800_2600.png,offshore,train,1.0,11
1238.0,1,1,P0024_3600_4400_3000_3800.png,offshore,train,1.0,13
1239.0,1,1,P0024_3600_4400_4200_5000.png,offshore,train,1.0,9
1240.0,1,1,P0024_3600_4400_5400_6200.png,offshore,train,1.0,11
1241.0,1,1,P0024_3600_4400_600_1400.png,offshore,train,1.0,25
1242.0,1,1,P0024_3600_4400_7200_8000.png,offshore,train,1.0,13
1243.0,1,1,P0024_4200_5000_3000_3800.png,offshore,train,1.0,7
1244.0,1,1,P0024_4200_5000_4200_5000.png,offshore,train,1.0,9
1245.0,1,1,P0024_4200_5000_600_1400.png,offshore,test,1.0,15
1246.0,1,1,P0024_4800_5600_2400_3200.png,offshore,train,1.0,12
1247.0,1,1,P0024_4800_5600_3000_3800.png,offshore,train,1.0,6
1248.0,1,1,P0024_4800_5600_600_1400.png,offshore,test,1.0,6
1249.0,1,1,P0024_5400_6200_1200_2000.png,offshore,train,1.0,8
1250.0,1,1,P0024_5400_6200_2400_3200.png,offshore,train,1.0,12
1251.0,1,1,P0024_5400_6200_6600_7400.png,offshore,train,1.0,8
1252.0,1,1,P0024_5400_6200_7200_8000.png,offshore,train,1.0,8
1253.0,2,2,P0024_5860_6660_1200_2000.png,offshore,train,1.0,19
1254.0,1,1,P0024_5860_6660_2400_3200.png,offshore,train,1.0,9
1255.0,1,1,P0024_5860_6660_6000_6800.png,offshore,train,1.0,9
1256.0,1,1,P0024_5860_6660_6600_7400.png,offshore,train,1.0,8
1257.0,1,1,P0024_5860_6660_7200_8000.png,offshore,train,1.0,5
1258.0,3,3,P0024_600_1400_8400_9200.png,inshore,test,1.0,182
1259.0,3,3,P0024_600_1400_9000_9800.png,inshore,train,1.0,161
1260.0,2,2,P0024_600_1400_9589_10389.png,offshore,val,1.0,49
1261.0,3,3,P0025_0_800_10189_10989.png,offshore,train,1.0,24
1262.0,16,16,P0025_0_800_7200_8000.png,inshore,test,1.0,2320
1263.0,6,6,P0025_0_800_7800_8600.png,inshore,train,1.0,503
1264.0,1,1,P0025_0_800_9000_9800.png,inshore,train,1.0,66
1265.0,2,2,P0025_0_800_9600_10400.png,offshore,train,1.0,26
1266.0,1,1,P0025_1200_2000_0_800.png,offshore,train,1.0,41
1267.0,2,2,P0025_1200_2000_10189_10989.png,inshore,train,1.0,464
1268.0,1,1,P0025_1200_2000_3600_4400.png,offshore,train,1.0,45
1269.0,1,1,P0025_1200_2000_4800_5600.png,offshore,train,1.0,25
1270.0,2,2,P0025_1200_2000_8400_9200.png,inshore,train,1.0,82
1271.0,5,5,P0025_1200_2000_9600_10400.png,inshore,train,1.0,538
1272.0,1,1,P0025_1800_2600_0_800.png,offshore,test,1.0,38
1273.0,5,5,P0025_1800_2600_10189_10989.png,inshore,test,1.0,579
1274.0,1,1,P0025_1800_2600_3600_4400.png,offshore,train,1.0,50
1275.0,1,1,P0025_1800_2600_4200_5000.png,offshore,train,1.0,45
1276.0,1,1,P0025_1800_2600_4800_5600.png,offshore,train,1.0,24
1277.0,2,2,P0025_1800_2600_7800_8600.png,inshore,train,1.0,165
1278.0,1,1,P0025_1800_2600_8400_9200.png,inshore,train,1.0,105
1279.0,14,14,P0025_2400_3200_10189_10989.png,inshore,test,1.0,303
1280.0,1,1,P0025_2400_3200_1800_2600.png,offshore,train,1.0,42
1281.0,1,1,P0025_2400_3200_2400_3200.png,offshore,test,1.0,46
1282.0,2,2,P0025_2400_3200_3000_3800.png,offshore,test,1.0,54
1283.0,2,2,P0025_2400_3200_3600_4400.png,offshore,val,1.0,54
1284.0,2,2,P0025_2400_3200_4200_5000.png,offshore,train,1.0,55
1285.0,1,1,P0025_2400_3200_4800_5600.png,offshore,train,1.0,37
1286.0,1,1,P0025_2400_3200_7200_8000.png,offshore,train,1.0,35
1287.0,2,2,P0025_2400_3200_7800_8600.png,offshore,val,1.0,67
1288.0,1,1,P0025_3000_3800_3000_3800.png,offshore,val,1.0,33
1289.0,2,2,P0025_3000_3800_3600_4400.png,offshore,test,1.0,44
1290.0,2,2,P0025_3000_3800_4200_5000.png,offshore,train,1.0,41
1291.0,1,1,P0025_3000_3800_4800_5600.png,offshore,train,1.0,29
1292.0,1,1,P0025_3000_3800_7200_8000.png,offshore,val,1.0,21
1293.0,1,1,P0025_3000_3800_7800_8600.png,offshore,train,1.0,32
1294.0,1,1,P0025_3600_4400_1800_2600.png,offshore,train,1.0,20
1295.0,1,1,P0025_3600_4400_2400_3200.png,offshore,train,1.0,34
1296.0,2,2,P0025_3600_4400_3000_3800.png,offshore,val,1.0,54
1297.0,2,2,P0025_3600_4400_3600_4400.png,offshore,val,1.0,40
1298.0,1,1,P0025_3600_4400_4200_5000.png,offshore,train,1.0,32
1299.0,2,2,P0025_4200_5000_0_800.png,offshore,train,1.0,43
1300.0,1,1,P0025_4200_5000_1800_2600.png,offshore,train,1.0,22
1301.0,2,2,P0025_4200_5000_2400_3200.png,offshore,train,1.0,39
1302.0,4,4,P0025_4200_5000_3000_3800.png,offshore,val,1.0,68
1303.0,3,3,P0025_4200_5000_3600_4400.png,offshore,train,1.0,35
1304.0,3,3,P0025_4200_5000_4200_5000.png,offshore,train,1.0,30
1305.0,1,1,P0025_4200_5000_4800_5600.png,offshore,train,1.0,21
1306.0,1,1,P0025_4200_5000_5400_6200.png,offshore,test,1.0,38
1307.0,1,1,P0025_4200_5000_600_1400.png,offshore,test,1.0,22
1308.0,1,1,P0025_4200_5000_6600_7400.png,offshore,test,1.0,22
1309.0,1,1,P0025_4800_5600_3000_3800.png,offshore,test,1.0,29
1310.0,1,1,P0025_4800_5600_6000_6800.png,offshore,train,1.0,18
1311.0,2,2,P0025_4800_5600_6600_7400.png,offshore,train,1.0,30
1312.0,1,1,P0025_5400_6200_5400_6200.png,offshore,train,1.0,28
1313.0,2,2,P0025_5400_6200_6000_6800.png,offshore,train,1.0,28
1314.0,3,3,P0025_5400_6200_6600_7400.png,offshore,train,1.0,44
1315.0,2,2,P0025_5400_6200_7200_8000.png,offshore,test,1.0,33
1316.0,1,1,P0025_5460_6260_5400_6200.png,offshore,train,1.0,29
1317.0,3,3,P0025_5460_6260_6000_6800.png,offshore,val,1.0,39
1318.0,2,2,P0025_5460_6260_6600_7400.png,offshore,train,1.0,33
1319.0,2,2,P0025_5460_6260_7200_8000.png,offshore,val,1.0,35
1320.0,7,7,P0025_600_1400_7200_8000.png,inshore,train,1.0,1280
1321.0,12,12,P0025_600_1400_7800_8600.png,inshore,val,1.0,564
1322.0,1,1,P0025_600_1400_8400_9200.png,offshore,val,1.0,66
1323.0,3,3,P0025_600_1400_9000_9800.png,inshore,train,1.0,329
1324.0,3,3,P0025_600_1400_9600_10400.png,inshore,train,1.0,195
1325.0,2,2,P0026_0_800_7800_8600.png,inshore,train,1.0,382
1326.0,3,3,P0026_0_800_7989_8789.png,inshore,train,1.0,283
1327.0,1,1,P0026_1200_2000_1800_2600.png,offshore,test,1.0,20
1328.0,1,1,P0026_1200_2000_2400_3200.png,offshore,val,1.0,22
1329.0,2,2,P0026_1200_2000_3000_3800.png,offshore,train,1.0,28
1330.0,1,1,P0026_1200_2000_3600_4400.png,offshore,val,1.0,17
1331.0,1,1,P0026_1200_2000_4200_5000.png,offshore,train,1.0,11
1332.0,1,1,P0026_1200_2000_4800_5600.png,offshore,train,1.0,15
1333.0,1,1,P0026_1200_2000_7800_8600.png,offshore,test,1.0,89
1334.0,1,1,P0026_1200_2000_7989_8789.png,offshore,test,1.0,81
1335.0,2,2,P0026_1800_2600_3000_3800.png,offshore,test,1.0,32
1336.0,1,1,P0026_1800_2600_3600_4400.png,offshore,train,1.0,17
1337.0,1,1,P0026_2400_3200_1800_2600.png,offshore,train,1.0,18
1338.0,1,1,P0026_2400_3200_2400_3200.png,offshore,train,1.0,16
1339.0,1,1,P0026_2400_3200_3000_3800.png,offshore,train,1.0,15
1340.0,1,1,P0026_2400_3200_5400_6200.png,offshore,train,1.0,16
1341.0,2,2,P0026_3000_3800_1800_2600.png,offshore,train,1.0,59
1342.0,1,1,P0026_3000_3800_2400_3200.png,offshore,train,1.0,40
1343.0,2,2,P0026_3000_3800_3000_3800.png,offshore,test,1.0,27
1344.0,2,2,P0026_3600_4400_1800_2600.png,offshore,train,1.0,66
1345.0,2,2,P0026_3600_4400_2400_3200.png,offshore,train,1.0,20
1346.0,1,1,P0026_3600_4400_3000_3800.png,offshore,train,1.0,14
1347.0,1,1,P0026_4200_5000_0_800.png,offshore,test,1.0,18
1348.0,1,1,P0026_4200_5000_1800_2600.png,offshore,train,1.0,18
1349.0,2,2,P0026_4200_5000_2400_3200.png,offshore,train,1.0,28
1350.0,1,1,P0026_4200_5000_4800_5600.png,offshore,train,1.0,15
1351.0,1,1,P0026_4200_5000_5400_6200.png,offshore,train,1.0,11
1352.0,3,3,P0026_4200_5000_6000_6800.png,offshore,train,1.0,18
1353.0,1,1,P0026_4200_5000_600_1400.png,offshore,train,1.0,43
1354.0,1,1,P0026_4200_5000_6600_7400.png,offshore,train,1.0,13
1355.0,1,1,P0026_4200_5000_7200_8000.png,offshore,train,1.0,13
1356.0,1,1,P0026_4460_5260_0_800.png,offshore,test,1.0,13
1357.0,1,1,P0026_4460_5260_1200_2000.png,offshore,val,1.0,11
1358.0,1,1,P0026_4460_5260_4200_5000.png,offshore,train,1.0,17
1359.0,1,1,P0026_4460_5260_4800_5600.png,offshore,train,1.0,12
1360.0,1,1,P0026_4460_5260_5400_6200.png,offshore,val,1.0,8
1361.0,3,3,P0026_4460_5260_6000_6800.png,offshore,train,1.0,18
1362.0,1,1,P0026_4460_5260_600_1400.png,offshore,train,1.0,21
1363.0,2,2,P0026_4460_5260_6600_7400.png,offshore,train,1.0,22
1364.0,2,2,P0026_4460_5260_7200_8000.png,offshore,test,1.0,15
1365.0,1,1,P0026_600_1400_0_800.png,offshore,train,1.0,23
1366.0,1,1,P0026_600_1400_4200_5000.png,offshore,train,1.0,27
1367.0,1,1,P0026_600_1400_4800_5600.png,offshore,val,1.0,31
1368.0,2,2,P0026_600_1400_7800_8600.png,inshore,test,1.0,174
1369.0,3,3,P0026_600_1400_7989_8789.png,inshore,val,1.0,136
1370.0,16,16,P0027_0_800_7200_8000.png,inshore,train,1.0,2019
1371.0,3,3,P0027_0_800_7800_8600.png,inshore,train,1.0,525
1372.0,3,3,P0027_0_800_8289_9089.png,inshore,val,1.0,292
1373.0,4,4,P0027_1200_2000_8289_9089.png,inshore,train,1.0,145
1374.0,1,1,P0027_1800_2600_4200_5000.png,offshore,train,1.0,13
1375.0,1,1,P0027_1800_2600_4800_5600.png,offshore,test,1.0,19
1376.0,1,1,P0027_1800_2600_5400_6200.png,offshore,train,1.0,6
1377.0,1,1,P0027_1800_2600_7800_8600.png,inshore,train,1.0,323
1378.0,6,6,P0027_1800_2600_8289_9089.png,offshore,val,1.0,115
1379.0,1,1,P0027_2400_3200_3600_4400.png,offshore,test,1.0,13
1380.0,1,1,P0027_2400_3200_4800_5600.png,offshore,train,1.0,19
1381.0,1,1,P0027_2400_3200_7800_8600.png,inshore,train,1.0,125
1382.0,1,1,P0027_2400_3200_8289_9089.png,offshore,train,1.0,110
1383.0,1,1,P0027_3000_3800_3600_4400.png,offshore,train,1.0,42
1384.0,1,1,P0027_3000_3800_4800_5600.png,offshore,train,1.0,12
1385.0,1,1,P0027_3600_4400_1800_2600.png,offshore,val,1.0,13
1386.0,1,1,P0027_3600_4400_2400_3200.png,offshore,train,1.0,15
1387.0,3,3,P0027_3600_4400_3600_4400.png,offshore,val,1.0,20
1388.0,2,2,P0027_3600_4400_4200_5000.png,offshore,val,1.0,22
1389.0,2,2,P0027_4200_5000_0_800.png,offshore,train,1.0,21
1390.0,1,1,P0027_4200_5000_1200_2000.png,offshore,test,1.0,20
1391.0,3,3,P0027_4200_5000_1800_2600.png,offshore,train,1.0,28
1392.0,2,2,P0027_4200_5000_2400_3200.png,offshore,test,1.0,29
1393.0,1,1,P0027_4200_5000_3000_3800.png,offshore,train,1.0,12
1394.0,1,1,P0027_4200_5000_3600_4400.png,offshore,train,1.0,12
1395.0,2,2,P0027_4200_5000_4200_5000.png,offshore,train,1.0,20
1396.0,1,1,P0027_4200_5000_4800_5600.png,offshore,test,1.0,12
1397.0,1,1,P0027_4200_5000_5400_6200.png,offshore,train,1.0,10
1398.0,1,1,P0027_4800_5600_0_800.png,offshore,train,1.0,19
1399.0,1,1,P0027_4800_5600_1200_2000.png,offshore,train,1.0,12
1400.0,1,1,P0027_4800_5600_1800_2600.png,offshore,train,1.0,20
1401.0,2,2,P0027_4800_5600_2400_3200.png,offshore,val,1.0,25
1402.0,1,1,P0027_4800_5600_3000_3800.png,offshore,train,1.0,16
1403.0,1,1,P0027_4800_5600_4200_5000.png,offshore,val,1.0,10
1404.0,1,1,P0027_4800_5600_600_1400.png,offshore,val,1.0,13
1405.0,1,1,P0027_5400_6200_1200_2000.png,offshore,train,1.0,12
1406.0,1,1,P0027_5400_6200_4200_5000.png,offshore,train,1.0,32
1407.0,1,1,P0027_5400_6200_600_1400.png,offshore,train,1.0,30
1408.0,1,1,P0027_5400_6200_6600_7400.png,offshore,train,1.0,9
1409.0,1,1,P0027_5860_6660_1200_2000.png,offshore,train,1.0,11
1410.0,1,1,P0027_5860_6660_3600_4400.png,offshore,test,1.0,17
1411.0,1,1,P0027_5860_6660_5400_6200.png,offshore,train,1.0,8
1412.0,2,2,P0027_5860_6660_6000_6800.png,offshore,test,1.0,23
1413.0,1,1,P0027_5860_6660_600_1400.png,offshore,test,1.0,12
1414.0,3,3,P0027_5860_6660_6600_7400.png,offshore,train,1.0,17
1415.0,2,2,P0027_5860_6660_7200_8000.png,offshore,test,1.0,11
1416.0,13,13,P0027_600_1400_7200_8000.png,inshore,train,1.0,2057
1417.0,7,7,P0027_600_1400_7800_8600.png,inshore,val,1.0,562
1418.0,3,3,P0027_600_1400_8289_9089.png,inshore,train,1.0,233
1419.0,14,14,P0028_0_800_7200_8000.png,inshore,train,1.0,2001
1420.0,5,5,P0028_0_800_8389_9189.png,inshore,train,1.0,213
1421.0,1,1,P0028_1200_2000_3600_4400.png,offshore,train,1.0,64
1422.0,1,1,P0028_1200_2000_4200_5000.png,offshore,val,1.0,53
1423.0,6,6,P0028_1200_2000_8389_9189.png,inshore,train,1.0,85
1424.0,1,1,P0028_1800_2600_1800_2600.png,offshore,train,1.0,87
1425.0,2,2,P0028_1800_2600_3600_4400.png,offshore,train,1.0,77
1426.0,2,2,P0028_1800_2600_4200_5000.png,offshore,train,1.0,77
1427.0,1,1,P0028_1800_2600_4800_5600.png,offshore,val,1.0,73
1428.0,1,1,P0028_1800_2600_600_1400.png,offshore,train,1.0,150
1429.0,2,2,P0028_1800_2600_7800_8600.png,inshore,train,1.0,238
1430.0,8,8,P0028_1800_2600_8389_9189.png,inshore,train,1.0,123
1431.0,1,1,P0028_2400_3200_1800_2600.png,offshore,test,1.0,99
1432.0,1,1,P0028_2400_3200_2400_3200.png,offshore,train,1.0,94
1433.0,1,1,P0028_2400_3200_3000_3800.png,offshore,train,1.0,89
1434.0,2,2,P0028_2400_3200_3600_4400.png,offshore,train,1.0,92
1435.0,2,2,P0028_2400_3200_4200_5000.png,offshore,test,1.0,96
1436.0,1,1,P0028_2400_3200_4800_5600.png,offshore,train,1.0,78
1437.0,3,3,P0028_2400_3200_7800_8600.png,inshore,train,1.0,95
1438.0,3,3,P0028_2400_3200_8389_9189.png,inshore,test,1.0,192
1439.0,1,1,P0028_3000_3800_1800_2600.png,offshore,train,1.0,121
1440.0,1,1,P0028_3000_3800_2400_3200.png,offshore,train,1.0,111
1441.0,3,3,P0028_3000_3800_3000_3800.png,offshore,val,1.0,119
1442.0,2,2,P0028_3000_3800_3600_4400.png,offshore,train,1.0,88
1443.0,2,2,P0028_3000_3800_4200_5000.png,offshore,train,1.0,85
1444.0,2,2,P0028_3000_3800_4800_5600.png,offshore,train,1.0,81
1445.0,1,1,P0028_3000_3800_5400_6200.png,offshore,train,1.0,72
1446.0,2,2,P0028_3600_4400_1800_2600.png,offshore,val,1.0,137
1447.0,2,2,P0028_3600_4400_2400_3200.png,offshore,train,1.0,127
1448.0,3,3,P0028_3600_4400_3000_3800.png,offshore,train,1.0,101
1449.0,2,2,P0028_3600_4400_3600_4400.png,offshore,train,1.0,89
1450.0,2,2,P0028_3600_4400_4200_5000.png,offshore,train,1.0,83
1451.0,1,1,P0028_3600_4400_4800_5600.png,offshore,train,1.0,80
1452.0,1,1,P0028_4200_5000_1200_2000.png,offshore,train,1.0,130
1453.0,2,2,P0028_4200_5000_1800_2600.png,offshore,val,1.0,121
1454.0,1,1,P0028_4200_5000_2400_3200.png,offshore,val,1.0,111
1455.0,2,2,P0028_4200_5000_3000_3800.png,offshore,train,1.0,108
1456.0,1,1,P0028_4200_5000_3600_4400.png,offshore,val,1.0,92
1457.0,2,2,P0028_4200_5000_4200_5000.png,offshore,train,1.0,115
1458.0,1,1,P0028_4200_5000_4800_5600.png,offshore,train,1.0,97
1459.0,1,1,P0028_4200_5000_600_1400.png,offshore,train,1.0,141
1460.0,1,1,P0028_4200_5000_6600_7400.png,offshore,val,1.0,65
1461.0,1,1,P0028_4800_5600_1200_2000.png,offshore,train,1.0,127
1462.0,1,1,P0028_4800_5600_2400_3200.png,offshore,test,1.0,117
1463.0,3,3,P0028_4800_5600_3000_3800.png,offshore,train,1.0,108
1464.0,1,1,P0028_4800_5600_3600_4400.png,offshore,val,1.0,102
1465.0,2,2,P0028_4800_5600_600_1400.png,offshore,train,1.0,143
1466.0,5,5,P0028_4800_5600_6600_7400.png,offshore,train,1.0,88
1467.0,2,2,P0028_4800_5600_7200_8000.png,offshore,train,1.0,48
1468.0,1,1,P0028_5400_6200_1200_2000.png,offshore,train,1.0,120
1469.0,2,2,P0028_5400_6200_1800_2600.png,offshore,train,1.0,131
1470.0,1,1,P0028_5400_6200_2400_3200.png,offshore,train,1.0,135
1471.0,2,2,P0028_5400_6200_3000_3800.png,offshore,train,1.0,92
1472.0,3,3,P0028_5400_6200_6000_6800.png,offshore,train,1.0,93
1473.0,4,4,P0028_5400_6200_6600_7400.png,offshore,train,1.0,91
1474.0,2,2,P0028_5400_6200_7200_8000.png,offshore,train,1.0,66
1475.0,1,1,P0028_5810_6610_1800_2600.png,offshore,val,1.0,127
1476.0,1,1,P0028_5810_6610_4800_5600.png,offshore,train,1.0,74
1477.0,1,1,P0028_5810_6610_5400_6200.png,offshore,train,1.0,103
1478.0,4,4,P0028_5810_6610_6000_6800.png,offshore,train,1.0,91
1479.0,2,2,P0028_5810_6610_6600_7400.png,offshore,test,1.0,75
1480.0,2,2,P0028_5810_6610_7200_8000.png,offshore,train,1.0,89
1481.0,18,18,P0028_600_1400_7200_8000.png,inshore,test,1.0,2036
1482.0,13,13,P0028_600_1400_7800_8600.png,inshore,train,1.0,501
1483.0,3,3,P0028_600_1400_8389_9189.png,inshore,train,1.0,114
1484.0,18,18,P0029_0_800_7200_8000.png,inshore,test,1.0,2171
1485.0,2,2,P0029_0_800_8400_9200.png,inshore,train,1.0,293
1486.0,5,5,P0029_0_800_8889_9689.png,inshore,train,1.0,232
1487.0,1,1,P0029_1200_2000_3000_3800.png,offshore,train,1.0,17
1488.0,1,1,P0029_1200_2000_3600_4400.png,offshore,train,1.0,12
1489.0,5,5,P0029_1200_2000_8400_9200.png,inshore,train,1.0,96
1490.0,1,1,P0029_1800_2600_0_800.png,offshore,train,1.0,11
1491.0,2,2,P0029_1800_2600_3000_3800.png,offshore,train,1.0,19
1492.0,1,1,P0029_1800_2600_3600_4400.png,offshore,test,1.0,14
1493.0,1,1,P0029_1800_2600_4800_5600.png,offshore,train,1.0,11
1494.0,1,1,P0029_1800_2600_7800_8600.png,inshore,val,1.0,146
1495.0,5,5,P0029_1800_2600_8400_9200.png,inshore,train,1.0,153
1496.0,1,1,P0029_2400_3200_0_800.png,offshore,train,1.0,17
1497.0,1,1,P0029_2400_3200_1800_2600.png,offshore,val,1.0,15
1498.0,1,1,P0029_2400_3200_2400_3200.png,offshore,train,1.0,6
1499.0,1,1,P0029_2400_3200_3000_3800.png,offshore,train,1.0,13
1500.0,2,2,P0029_2400_3200_3600_4400.png,offshore,train,1.0,18
1501.0,1,1,P0029_2400_3200_4200_5000.png,offshore,test,1.0,11
1502.0,2,2,P0029_2400_3200_4800_5600.png,offshore,train,1.0,23
1503.0,1,1,P0029_2400_3200_8400_9200.png,offshore,train,1.0,54
1504.0,2,2,P0029_3000_3800_0_800.png,offshore,train,1.0,23
1505.0,1,1,P0029_3000_3800_1800_2600.png,offshore,train,1.0,21
1506.0,1,1,P0029_3000_3800_2400_3200.png,offshore,train,1.0,9
1507.0,2,2,P0029_3000_3800_3000_3800.png,offshore,train,1.0,18
1508.0,3,3,P0029_3000_3800_3600_4400.png,offshore,train,1.0,28
1509.0,2,2,P0029_3000_3800_4200_5000.png,offshore,train,1.0,24
1510.0,2,2,P0029_3000_3800_4800_5600.png,offshore,val,1.0,23
1511.0,1,1,P0029_3000_3800_600_1400.png,offshore,val,1.0,9
1512.0,1,1,P0029_3000_3800_7800_8600.png,offshore,train,1.0,42
1513.0,2,2,P0029_3600_4400_2400_3200.png,offshore,val,1.0,25
1514.0,2,2,P0029_3600_4400_3000_3800.png,offshore,train,1.0,27
1515.0,2,2,P0029_3600_4400_3600_4400.png,offshore,train,1.0,28
1516.0,1,1,P0029_4200_5000_1800_2600.png,offshore,train,1.0,14
1517.0,1,1,P0029_4200_5000_2400_3200.png,offshore,train,1.0,20
1518.0,2,2,P0029_4200_5000_3000_3800.png,offshore,train,1.0,33
1519.0,1,1,P0029_4200_5000_3600_4400.png,offshore,val,1.0,23
1520.0,1,1,P0029_4200_5000_4200_5000.png,offshore,train,1.0,20
1521.0,1,1,P0029_4200_5000_6600_7400.png,offshore,test,1.0,16
1522.0,1,1,P0029_4800_5600_1200_2000.png,offshore,train,1.0,10
1523.0,1,1,P0029_4800_5600_2400_3200.png,offshore,train,1.0,7
1524.0,1,1,P0029_4800_5600_6000_6800.png,offshore,test,1.0,8
1525.0,2,2,P0029_4800_5600_6600_7400.png,offshore,train,1.0,21
1526.0,1,1,P0029_4800_5600_7200_8000.png,offshore,val,1.0,6
1527.0,1,1,P0029_5400_6200_0_800.png,offshore,test,1.0,8
1528.0,1,1,P0029_5400_6200_4800_5600.png,offshore,val,1.0,11
1529.0,1,1,P0029_5400_6200_5400_6200.png,offshore,val,1.0,20
1530.0,3,3,P0029_5400_6200_6000_6800.png,offshore,train,1.0,26
1531.0,1,1,P0029_5400_6200_6600_7400.png,offshore,test,1.0,13
1532.0,1,1,P0029_5400_6200_7200_8000.png,offshore,train,1.0,16
1533.0,1,1,P0029_5560_6360_0_800.png,offshore,train,1.0,7
1534.0,1,1,P0029_5560_6360_4800_5600.png,offshore,train,1.0,10
1535.0,3,3,P0029_5560_6360_5400_6200.png,offshore,train,1.0,42
1536.0,2,2,P0029_5560_6360_6000_6800.png,offshore,train,1.0,21
1537.0,1,1,P0029_5560_6360_600_1400.png,offshore,train,1.0,23
1538.0,1,1,P0029_5560_6360_6600_7400.png,offshore,train,1.0,12
1539.0,3,3,P0029_600_1400_8400_9200.png,inshore,train,1.0,131
1540.0,6,6,P0029_600_1400_8889_9689.png,inshore,train,1.0,300
1541.0,12,12,P0030_0_800_7200_8000.png,inshore,train,1.0,2113
1542.0,7,7,P0030_0_800_8400_9200.png,inshore,train,1.0,226
1543.0,8,8,P0030_0_800_8989_9789.png,inshore,train,1.0,123
1544.0,1,1,P0030_1200_2000_3000_3800.png,offshore,train,1.0,36
1545.0,1,1,P0030_1200_2000_3600_4400.png,offshore,train,1.0,45
1546.0,2,2,P0030_1200_2000_4200_5000.png,offshore,train,1.0,49
1547.0,6,6,P0030_1200_2000_8400_9200.png,offshore,train,1.0,74
1548.0,1,1,P0030_1800_2600_3000_3800.png,offshore,train,1.0,40
1549.0,1,1,P0030_1800_2600_3600_4400.png,offshore,train,1.0,36
1550.0,2,2,P0030_1800_2600_4200_5000.png,offshore,val,1.0,56
1551.0,1,1,P0030_1800_2600_4800_5600.png,offshore,test,1.0,38
1552.0,1,1,P0030_1800_2600_5400_6200.png,offshore,train,1.0,23
1553.0,3,3,P0030_1800_2600_7800_8600.png,inshore,train,1.0,170
1554.0,8,8,P0030_1800_2600_8400_9200.png,inshore,train,1.0,155
1555.0,1,1,P0030_2400_3200_1800_2600.png,offshore,train,1.0,38
1556.0,2,2,P0030_2400_3200_2400_3200.png,offshore,test,1.0,46
1557.0,3,3,P0030_2400_3200_3000_3800.png,offshore,test,1.0,44
1558.0,3,3,P0030_2400_3200_3600_4400.png,offshore,val,1.0,42
1559.0,2,2,P0030_2400_3200_4200_5000.png,offshore,train,1.0,55
1560.0,2,2,P0030_2400_3200_7800_8600.png,offshore,train,1.0,95
1561.0,1,1,P0030_2400_3200_8400_9200.png,offshore,train,1.0,88
1562.0,2,2,P0030_3000_3800_0_800.png,offshore,val,1.0,65
1563.0,1,1,P0030_3000_3800_1200_2000.png,offshore,val,1.0,33
1564.0,1,1,P0030_3000_3800_1800_2600.png,offshore,train,1.0,36
1565.0,1,1,P0030_3000_3800_2400_3200.png,offshore,train,1.0,29
1566.0,3,3,P0030_3000_3800_3000_3800.png,offshore,train,1.0,44
1567.0,4,4,P0030_3000_3800_3600_4400.png,offshore,train,1.0,47
1568.0,2,2,P0030_3000_3800_4200_5000.png,offshore,test,1.0,34
1569.0,1,1,P0030_3000_3800_600_1400.png,offshore,train,1.0,44
1570.0,2,2,P0030_3000_3800_7200_8000.png,offshore,train,1.0,57
1571.0,1,1,P0030_3000_3800_7800_8600.png,offshore,train,1.0,108
1572.0,2,2,P0030_3600_4400_1800_2600.png,offshore,train,1.0,57
1573.0,1,1,P0030_3600_4400_2400_3200.png,offshore,val,1.0,43
1574.0,2,2,P0030_3600_4400_3000_3800.png,offshore,train,1.0,44
1575.0,4,4,P0030_3600_4400_3600_4400.png,offshore,train,1.0,61
1576.0,3,3,P0030_3600_4400_4200_5000.png,offshore,val,1.0,32
1577.0,2,2,P0030_3600_4400_4800_5600.png,offshore,val,1.0,33
1578.0,1,1,P0030_3600_4400_600_1400.png,offshore,train,1.0,44
1579.0,1,1,P0030_3600_4400_7200_8000.png,offshore,train,1.0,48
1580.0,2,2,P0030_4200_5000_1800_2600.png,offshore,train,1.0,59
1581.0,2,2,P0030_4200_5000_2400_3200.png,offshore,val,1.0,40
1582.0,1,1,P0030_4200_5000_3000_3800.png,offshore,test,1.0,37
1583.0,2,2,P0030_4200_5000_3600_4400.png,offshore,val,1.0,49
1584.0,4,4,P0030_4200_5000_4200_5000.png,offshore,val,1.0,45
1585.0,1,1,P0030_4200_5000_4800_5600.png,offshore,train,1.0,20
1586.0,1,1,P0030_4800_5600_1200_2000.png,offshore,test,1.0,51
1587.0,1,1,P0030_4800_5600_1800_2600.png,offshore,train,1.0,57
1588.0,2,2,P0030_4800_5600_2400_3200.png,offshore,test,1.0,54
1589.0,2,2,P0030_4800_5600_3000_3800.png,offshore,train,1.0,40
1590.0,1,1,P0030_4800_5600_3600_4400.png,offshore,train,1.0,34
1591.0,1,1,P0030_4800_5600_600_1400.png,offshore,val,1.0,57
1592.0,2,2,P0030_4800_5600_6600_7400.png,offshore,val,1.0,35
1593.0,1,1,P0030_4800_5600_7200_8000.png,offshore,train,1.0,40
1594.0,1,1,P0030_5400_6200_0_800.png,offshore,train,1.0,47
1595.0,1,1,P0030_5400_6200_2400_3200.png,offshore,train,1.0,36
1596.0,2,2,P0030_5400_6200_3000_3800.png,offshore,train,1.0,48
1597.0,1,1,P0030_5400_6200_5400_6200.png,offshore,train,1.0,38
1598.0,3,3,P0030_5400_6200_6000_6800.png,offshore,train,1.0,34
1599.0,2,2,P0030_5400_6200_6600_7400.png,offshore,train,1.0,26
1600.0,1,1,P0030_5400_6200_7200_8000.png,offshore,train,1.0,29
1601.0,1,1,P0030_5660_6460_0_800.png,offshore,train,1.0,48
1602.0,1,1,P0030_5660_6460_2400_3200.png,offshore,train,1.0,35
1603.0,1,1,P0030_5660_6460_3000_3800.png,offshore,train,1.0,41
1604.0,2,2,P0030_5660_6460_5400_6200.png,offshore,train,1.0,42
1605.0,3,3,P0030_5660_6460_6000_6800.png,offshore,test,1.0,39
1606.0,1,1,P0030_5660_6460_600_1400.png,offshore,train,1.0,49
1607.0,3,3,P0030_5660_6460_6600_7400.png,offshore,train,1.0,44
1608.0,2,2,P0030_5660_6460_7200_8000.png,offshore,train,1.0,31
1609.0,11,11,P0030_600_1400_7200_8000.png,inshore,train,1.0,1674
1610.0,9,9,P0030_600_1400_7800_8600.png,inshore,train,1.0,534
1611.0,5,5,P0030_600_1400_8989_9789.png,inshore,test,1.0,196
1612.0,7,7,P0031_0_800_8400_9200.png,inshore,train,1.0,245
1613.0,9,9,P0031_0_800_8989_9789.png,inshore,train,1.0,208
1614.0,4,4,P0031_1200_2000_3600_4400.png,offshore,train,1.0,43
1615.0,2,2,P0031_1200_2000_4200_5000.png,offshore,train,1.0,31
1616.0,3,2,P0031_1200_2000_7800_8600.png,inshore,train,0.6666666666666666,201
1617.0,8,8,P0031_1200_2000_8400_9200.png,inshore,train,1.0,159
1618.0,1,1,P0031_1800_2600_2400_3200.png,offshore,train,1.0,24
1619.0,1,1,P0031_1800_2600_3000_3800.png,offshore,val,1.0,30
1620.0,1,1,P0031_1800_2600_3600_4400.png,offshore,val,1.0,23
1621.0,2,2,P0031_1800_2600_4200_5000.png,offshore,val,1.0,30
1622.0,2,2,P0031_1800_2600_4800_5600.png,offshore,train,1.0,27
1623.0,3,2,P0031_1800_2600_7800_8600.png,offshore,train,0.6666666666666666,82
1624.0,3,3,P0031_1800_2600_8400_9200.png,offshore,test,1.0,95
1625.0,1,1,P0031_2400_3200_0_800.png,offshore,test,1.0,39
1626.0,1,1,P0031_2400_3200_1800_2600.png,offshore,train,1.0,23
1627.0,2,2,P0031_2400_3200_2400_3200.png,offshore,train,1.0,28
1628.0,1,1,P0031_2400_3200_3000_3800.png,offshore,train,1.0,18
1629.0,1,1,P0031_2400_3200_3600_4400.png,offshore,train,1.0,17
1630.0,3,3,P0031_2400_3200_4200_5000.png,offshore,train,1.0,26
1631.0,2,2,P0031_2400_3200_4800_5600.png,offshore,train,1.0,19
1632.0,1,1,P0031_2400_3200_600_1400.png,offshore,test,1.0,28
1633.0,1,1,P0031_2400_3200_7800_8600.png,offshore,train,1.0,66
1634.0,1,1,P0031_3000_3800_1200_2000.png,offshore,val,1.0,48
1635.0,1,1,P0031_3000_3800_1800_2600.png,offshore,train,1.0,33
1636.0,2,2,P0031_3000_3800_2400_3200.png,offshore,train,1.0,55
1637.0,2,2,P0031_3000_3800_3000_3800.png,offshore,train,1.0,69
1638.0,1,1,P0031_3000_3800_3600_4400.png,offshore,train,1.0,55
1639.0,2,2,P0031_3000_3800_4200_5000.png,offshore,val,1.0,59
1640.0,1,1,P0031_3000_3800_4800_5600.png,offshore,test,1.0,46
1641.0,1,1,P0031_3000_3800_6600_7400.png,offshore,train,1.0,21
1642.0,1,1,P0031_3000_3800_7200_8000.png,offshore,train,1.0,29
1643.0,1,1,P0031_3600_4400_0_800.png,offshore,train,1.0,37
1644.0,1,1,P0031_3600_4400_2400_3200.png,offshore,train,1.0,67
1645.0,2,2,P0031_3600_4400_3000_3800.png,offshore,val,1.0,44
1646.0,2,2,P0031_3600_4400_3600_4400.png,offshore,train,1.0,51
1647.0,2,2,P0031_3600_4400_4200_5000.png,offshore,train,1.0,50
1648.0,1,1,P0031_3600_4400_4800_5600.png,offshore,test,1.0,29
1649.0,1,1,P0031_3600_4400_6000_6800.png,offshore,train,1.0,24
1650.0,2,2,P0031_3600_4400_600_1400.png,offshore,train,1.0,39
1651.0,2,2,P0031_3600_4400_6600_7400.png,offshore,train,1.0,32
1652.0,1,1,P0031_4200_5000_0_800.png,offshore,train,1.0,38
1653.0,1,1,P0031_4200_5000_1200_2000.png,offshore,train,1.0,30
1654.0,2,2,P0031_4200_5000_2400_3200.png,offshore,train,1.0,29
1655.0,3,3,P0031_4200_5000_3000_3800.png,offshore,train,1.0,38
1656.0,1,1,P0031_4200_5000_5400_6200.png,offshore,train,1.0,35
1657.0,2,2,P0031_4200_5000_600_1400.png,offshore,train,1.0,46
1658.0,1,1,P0031_4200_5000_6600_7400.png,offshore,train,1.0,14
1659.0,1,1,P0031_4200_5000_7200_8000.png,offshore,train,1.0,20
1660.0,1,1,P0031_4800_5600_1200_2000.png,offshore,train,1.0,32
1661.0,2,2,P0031_4800_5600_2400_3200.png,offshore,train,1.0,27
1662.0,2,2,P0031_4800_5600_3000_3800.png,offshore,train,1.0,29
1663.0,1,1,P0031_4800_5600_5400_6200.png,offshore,train,1.0,10
1664.0,2,2,P0031_4800_5600_6000_6800.png,offshore,train,1.0,12
1665.0,4,4,P0031_4800_5600_6600_7400.png,offshore,val,1.0,25
1666.0,3,3,P0031_4800_5600_7200_8000.png,offshore,val,1.0,25
1667.0,1,1,P0031_5160_5960_4800_5600.png,offshore,train,1.0,13
1668.0,2,2,P0031_5160_5960_5400_6200.png,offshore,train,1.0,21
1669.0,1,1,P0031_5160_5960_6000_6800.png,offshore,test,1.0,7
1670.0,1,1,P0031_5160_5960_600_1400.png,offshore,val,1.0,31
1671.0,2,2,P0031_5160_5960_6600_7400.png,offshore,val,1.0,15
1672.0,1,1,P0031_5160_5960_7200_8000.png,offshore,train,1.0,11
1673.0,2,2,P0031_600_1400_0_800.png,offshore,val,1.0,47
1674.0,1,1,P0031_600_1400_3000_3800.png,offshore,train,1.0,27
1675.0,2,2,P0031_600_1400_3600_4400.png,offshore,train,1.0,29
1676.0,1,1,P0031_600_1400_4200_5000.png,offshore,val,1.0,24
1677.0,10,10,P0031_600_1400_8400_9200.png,offshore,train,1.0,120
1678.0,6,6,P0031_600_1400_8989_9789.png,inshore,train,1.0,662
1679.0,4,4,P0032_0_800_7800_8600.png,inshore,train,1.0,486
1680.0,9,9,P0032_0_800_8400_9200.png,offshore,test,1.0,127
1681.0,1,1,P0032_1200_2000_1200_2000.png,offshore,train,1.0,15
1682.0,1,1,P0032_1200_2000_3000_3800.png,offshore,train,1.0,11
1683.0,2,2,P0032_1200_2000_3600_4400.png,offshore,train,1.0,19
1684.0,4,4,P0032_1200_2000_4200_5000.png,offshore,train,1.0,24
1685.0,3,3,P0032_1200_2000_4800_5600.png,offshore,val,1.0,14
1686.0,1,1,P0032_1200_2000_5400_6200.png,offshore,val,1.0,12
1687.0,1,1,P0032_1200_2000_600_1400.png,offshore,test,1.0,15
1688.0,2,2,P0032_1200_2000_8400_9200.png,offshore,train,1.0,124
1689.0,1,1,P0032_1800_2600_0_800.png,offshore,test,1.0,33
1690.0,2,2,P0032_1800_2600_1200_2000.png,offshore,train,1.0,22
1691.0,1,1,P0032_1800_2600_1800_2600.png,offshore,train,1.0,10
1692.0,2,2,P0032_1800_2600_3600_4400.png,offshore,train,1.0,9
1693.0,4,4,P0032_1800_2600_4200_5000.png,offshore,train,1.0,24
1694.0,4,4,P0032_1800_2600_4800_5600.png,offshore,train,1.0,20
1695.0,1,1,P0032_1800_2600_5400_6200.png,offshore,train,1.0,5
1696.0,1,1,P0032_1800_2600_6000_6800.png,offshore,train,1.0,6
1697.0,1,1,P0032_1800_2600_600_1400.png,offshore,train,1.0,20
1698.0,1,1,P0032_1800_2600_7200_8000.png,offshore,train,1.0,47
1699.0,1,1,P0032_2400_3200_2400_3200.png,offshore,train,1.0,38
1700.0,1,1,P0032_2400_3200_3000_3800.png,offshore,val,1.0,12
1701.0,2,2,P0032_2400_3200_3600_4400.png,offshore,train,1.0,9
1702.0,3,3,P0032_2400_3200_4200_5000.png,offshore,train,1.0,22
1703.0,4,4,P0032_2400_3200_4800_5600.png,offshore,test,1.0,28
1704.0,5,5,P0032_2400_3200_5400_6200.png,offshore,train,1.0,29
1705.0,2,2,P0032_2400_3200_6000_6800.png,offshore,test,1.0,9
1706.0,2,2,P0032_2400_3200_7200_8000.png,offshore,train,1.0,29
1707.0,2,2,P0032_3000_3800_0_800.png,offshore,train,1.0,22
1708.0,1,1,P0032_3000_3800_1200_2000.png,offshore,train,1.0,8
1709.0,1,1,P0032_3000_3800_1800_2600.png,offshore,val,1.0,7
1710.0,2,2,P0032_3000_3800_3000_3800.png,offshore,train,1.0,15
1711.0,1,1,P0032_3000_3800_3600_4400.png,offshore,train,1.0,7
1712.0,2,2,P0032_3000_3800_4200_5000.png,offshore,train,1.0,18
1713.0,2,2,P0032_3000_3800_4800_5600.png,offshore,test,1.0,20
1714.0,2,2,P0032_3000_3800_5400_6200.png,offshore,train,1.0,14
1715.0,1,1,P0032_3000_3800_600_1400.png,offshore,train,1.0,11
1716.0,1,1,P0032_3000_3800_6600_7400.png,offshore,train,1.0,19
1717.0,1,1,P0032_3600_4400_0_800.png,offshore,train,1.0,13
1718.0,2,2,P0032_3600_4400_1200_2000.png,offshore,train,1.0,12
1719.0,1,1,P0032_3600_4400_1800_2600.png,offshore,val,1.0,9
1720.0,2,2,P0032_3600_4400_2400_3200.png,offshore,val,1.0,14
1721.0,3,3,P0032_3600_4400_3000_3800.png,offshore,train,1.0,20
1722.0,2,2,P0032_3600_4400_3600_4400.png,offshore,train,1.0,11
1723.0,1,1,P0032_3600_4400_4200_5000.png,offshore,test,1.0,8
1724.0,2,2,P0032_3600_4400_6000_6800.png,offshore,train,1.0,12
1725.0,2,2,P0032_3600_4400_600_1400.png,offshore,test,1.0,14
1726.0,2,2,P0032_3600_4400_6600_7400.png,offshore,train,1.0,9
1727.0,2,2,P0032_3600_4400_7200_8000.png,offshore,train,1.0,8
1728.0,1,1,P0032_4200_5000_0_800.png,offshore,train,1.0,9
1729.0,2,2,P0032_4200_5000_1200_2000.png,offshore,test,1.0,23
1730.0,2,2,P0032_4200_5000_1800_2600.png,offshore,train,1.0,20
1731.0,2,2,P0032_4200_5000_2400_3200.png,offshore,test,1.0,27
1732.0,1,1,P0032_4200_5000_3000_3800.png,offshore,test,1.0,5
1733.0,1,1,P0032_4200_5000_3600_4400.png,offshore,train,1.0,8
1734.0,1,1,P0032_4200_5000_5400_6200.png,offshore,train,1.0,18
1735.0,5,5,P0032_4200_5000_6000_6800.png,offshore,train,1.0,46
1736.0,1,1,P0032_4200_5000_600_1400.png,offshore,train,1.0,22
1737.0,4,4,P0032_4200_5000_6600_7400.png,offshore,train,1.0,37
1738.0,2,2,P0032_4200_5000_7200_8000.png,offshore,train,1.0,17
1739.0,1,1,P0032_4560_5360_0_800.png,offshore,test,1.0,9
1740.0,2,2,P0032_4560_5360_1200_2000.png,offshore,test,1.0,73
1741.0,1,1,P0032_4560_5360_1800_2600.png,offshore,train,1.0,22
1742.0,1,1,P0032_4560_5360_2400_3200.png,offshore,train,1.0,24
1743.0,2,2,P0032_4560_5360_5400_6200.png,offshore,val,1.0,18
1744.0,6,6,P0032_4560_5360_6000_6800.png,offshore,train,1.0,40
1745.0,2,2,P0032_4560_5360_600_1400.png,offshore,val,1.0,51
1746.0,5,5,P0032_4560_5360_6600_7400.png,offshore,train,1.0,50
1747.0,2,2,P0032_4560_5360_7200_8000.png,offshore,val,1.0,23
1748.0,1,1,P0032_600_1400_0_800.png,offshore,train,1.0,12
1749.0,1,1,P0032_600_1400_3000_3800.png,offshore,train,1.0,6
1750.0,1,1,P0032_600_1400_3600_4400.png,offshore,val,1.0,11
1751.0,3,3,P0032_600_1400_4200_5000.png,offshore,val,1.0,22
1752.0,1,1,P0032_600_1400_4800_5600.png,offshore,train,1.0,8
1753.0,1,1,P0032_600_1400_7800_8600.png,inshore,train,1.0,192
1754.0,11,11,P0032_600_1400_8400_9200.png,inshore,train,1.0,178
1755.0,15,15,P0033_0_800_7200_8000.png,inshore,train,1.0,2128
1756.0,12,12,P0033_0_800_7800_8600.png,inshore,train,1.0,555
1757.0,4,4,P0033_0_800_8400_9200.png,inshore,train,1.0,147
1758.0,5,5,P0033_0_800_8789_9589.png,inshore,test,1.0,122
1759.0,1,1,P0033_1200_2000_4200_5000.png,offshore,test,1.0,23
1760.0,1,1,P0033_1200_2000_4800_5600.png,offshore,train,1.0,20
1761.0,7,7,P0033_1200_2000_8400_9200.png,inshore,train,1.0,132
1762.0,2,2,P0033_1200_2000_8789_9589.png,inshore,train,1.0,283
1763.0,1,1,P0033_1800_2600_2400_3200.png,offshore,val,1.0,28
1764.0,1,1,P0033_1800_2600_3000_3800.png,offshore,test,1.0,32
1765.0,1,1,P0033_1800_2600_3600_4400.png,offshore,train,1.0,25
1766.0,2,2,P0033_1800_2600_4200_5000.png,offshore,train,1.0,28
1767.0,1,1,P0033_1800_2600_4800_5600.png,offshore,test,1.0,19
1768.0,1,1,P0033_1800_2600_7800_8600.png,inshore,val,1.0,114
1769.0,1,1,P0033_1800_2600_8400_9200.png,inshore,test,1.0,120
1770.0,1,1,P0033_2400_3200_0_800.png,offshore,train,1.0,32
1771.0,1,1,P0033_2400_3200_3000_3800.png,offshore,train,1.0,24
1772.0,2,2,P0033_2400_3200_3600_4400.png,offshore,train,1.0,29
1773.0,2,2,P0033_2400_3200_4200_5000.png,offshore,train,1.0,30
1774.0,1,1,P0033_2400_3200_4800_5600.png,offshore,train,1.0,16
1775.0,1,1,P0033_2400_3200_5400_6200.png,offshore,train,1.0,14
1776.0,1,1,P0033_3000_3800_3000_3800.png,offshore,val,1.0,27
1777.0,2,2,P0033_3000_3800_3600_4400.png,offshore,val,1.0,31
1778.0,2,2,P0033_3000_3800_4200_5000.png,offshore,val,1.0,30
1779.0,2,2,P0033_3000_3800_4800_5600.png,offshore,test,1.0,34
1780.0,3,3,P0033_3000_3800_5400_6200.png,offshore,train,1.0,33
1781.0,1,1,P0033_3000_3800_6000_6800.png,offshore,val,1.0,19
1782.0,1,1,P0033_3600_4400_0_800.png,offshore,train,1.0,27
1783.0,1,1,P0033_3600_4400_1200_2000.png,offshore,val,1.0,27
1784.0,2,2,P0033_3600_4400_1800_2600.png,offshore,train,1.0,46
1785.0,2,2,P0033_3600_4400_2400_3200.png,offshore,train,1.0,42
1786.0,2,2,P0033_3600_4400_3000_3800.png,offshore,test,1.0,36
1787.0,2,2,P0033_3600_4400_3600_4400.png,offshore,val,1.0,46
1788.0,4,4,P0033_3600_4400_4200_5000.png,offshore,train,1.0,53
1789.0,2,2,P0033_3600_4400_4800_5600.png,offshore,train,1.0,32
1790.0,2,2,P0033_3600_4400_5400_6200.png,offshore,train,1.0,29
1791.0,1,1,P0033_3600_4400_6600_7400.png,offshore,train,1.0,33
1792.0,1,1,P0033_4200_5000_0_800.png,offshore,train,1.0,27
1793.0,1,1,P0033_4200_5000_1200_2000.png,offshore,train,1.0,25
1794.0,1,1,P0033_4200_5000_1800_2600.png,offshore,val,1.0,28
1795.0,3,3,P0033_4200_5000_2400_3200.png,offshore,train,1.0,37
1796.0,2,2,P0033_4200_5000_3000_3800.png,offshore,test,1.0,39
1797.0,1,1,P0033_4200_5000_4200_5000.png,offshore,train,1.0,38
1798.0,1,1,P0033_4200_5000_4800_5600.png,offshore,train,1.0,30
1799.0,1,1,P0033_4200_5000_6000_6800.png,offshore,test,1.0,27
1800.0,2,2,P0033_4200_5000_600_1400.png,offshore,train,1.0,46
1801.0,3,3,P0033_4200_5000_6600_7400.png,offshore,test,1.0,30
1802.0,1,1,P0033_4200_5000_7200_8000.png,offshore,val,1.0,9
1803.0,1,1,P0033_4800_5600_0_800.png,offshore,train,1.0,28
1804.0,1,1,P0033_4800_5600_2400_3200.png,offshore,train,1.0,31
1805.0,1,1,P0033_4800_5600_3000_3800.png,offshore,train,1.0,25
1806.0,1,1,P0033_4800_5600_6000_6800.png,offshore,test,1.0,14
1807.0,4,4,P0033_4800_5600_6600_7400.png,offshore,train,1.0,36
1808.0,2,2,P0033_4800_5600_7200_8000.png,offshore,val,1.0,19
1809.0,1,1,P0033_5260_6060_0_800.png,offshore,train,1.0,27
1810.0,1,1,P0033_5260_6060_1200_2000.png,offshore,train,1.0,26
1811.0,1,1,P0033_5260_6060_3000_3800.png,offshore,train,1.0,32
1812.0,1,1,P0033_5260_6060_5400_6200.png,offshore,train,1.0,26
1813.0,2,2,P0033_5260_6060_6000_6800.png,offshore,train,1.0,15
1814.0,2,2,P0033_5260_6060_6600_7400.png,offshore,train,1.0,23
1815.0,3,3,P0033_5260_6060_7200_8000.png,offshore,train,1.0,25
1816.0,1,1,P0033_5260_6060_7800_8600.png,offshore,train,1.0,15
1817.0,7,7,P0033_600_1400_8400_9200.png,inshore,train,1.0,80
1818.0,6,6,P0033_600_1400_8789_9589.png,inshore,train,1.0,393
1819.0,9,9,P0034_0_800_7200_8000.png,inshore,train,1.0,1859
1820.0,6,6,P0034_0_800_7800_8600.png,inshore,train,1.0,577
1821.0,2,2,P0034_0_800_8400_9200.png,inshore,train,1.0,127
1822.0,3,3,P0034_0_800_9000_9800.png,inshore,train,1.0,133
1823.0,4,4,P0034_0_800_9289_10089.png,inshore,train,1.0,129
1824.0,2,2,P0034_1200_2000_3600_4400.png,offshore,train,1.0,12
1825.0,2,2,P0034_1200_2000_4200_5000.png,offshore,train,1.0,16
1826.0,1,1,P0034_1200_2000_4800_5600.png,offshore,test,1.0,8
1827.0,5,5,P0034_1200_2000_8400_9200.png,inshore,train,1.0,132
1828.0,1,1,P0034_1800_2600_3000_3800.png,offshore,train,1.0,11
1829.0,1,1,P0034_1800_2600_3600_4400.png,offshore,train,1.0,8
1830.0,2,2,P0034_1800_2600_4200_5000.png,offshore,train,1.0,22
1831.0,1,1,P0034_1800_2600_5400_6200.png,offshore,train,1.0,14
1832.0,1,1,P0034_2400_3200_1800_2600.png,offshore,train,1.0,8
1833.0,1,1,P0034_2400_3200_3600_4400.png,offshore,test,1.0,20
1834.0,2,2,P0034_2400_3200_4200_5000.png,offshore,train,1.0,41
1835.0,1,1,P0034_2400_3200_4800_5600.png,offshore,train,1.0,16
1836.0,1,1,P0034_2400_3200_5400_6200.png,offshore,train,1.0,15
1837.0,1,1,P0034_3000_3800_1800_2600.png,offshore,train,1.0,7
1838.0,1,1,P0034_3000_3800_2400_3200.png,offshore,train,1.0,17
1839.0,1,1,P0034_3000_3800_3000_3800.png,offshore,train,1.0,13
1840.0,2,2,P0034_3000_3800_3600_4400.png,offshore,train,1.0,25
1841.0,1,1,P0034_3000_3800_4200_5000.png,offshore,train,1.0,14
1842.0,2,2,P0034_3600_4400_1800_2600.png,offshore,val,1.0,14
1843.0,1,1,P0034_3600_4400_2400_3200.png,offshore,train,1.0,12
1844.0,1,1,P0034_3600_4400_3000_3800.png,offshore,train,1.0,15
1845.0,1,1,P0034_3600_4400_3600_4400.png,offshore,val,1.0,7
1846.0,2,2,P0034_3600_4400_4200_5000.png,offshore,train,1.0,27
1847.0,1,1,P0034_3600_4400_4800_5600.png,offshore,train,1.0,19
1848.0,2,2,P0034_3600_4400_6000_6800.png,offshore,train,1.0,19
1849.0,1,1,P0034_3600_4400_6600_7400.png,offshore,train,1.0,15
1850.0,1,1,P0034_4200_5000_1800_2600.png,offshore,train,1.0,14
1851.0,2,2,P0034_4200_5000_2400_3200.png,offshore,train,1.0,26
1852.0,1,1,P0034_4200_5000_3000_3800.png,offshore,train,1.0,21
1853.0,1,1,P0034_4200_5000_3600_4400.png,offshore,train,1.0,5
1854.0,1,1,P0034_4200_5000_6000_6800.png,offshore,val,1.0,9
1855.0,4,4,P0034_4200_5000_6600_7400.png,offshore,val,1.0,25
1856.0,1,1,P0034_4200_5000_7200_8000.png,offshore,train,1.0,9
1857.0,1,1,P0034_4800_5600_2400_3200.png,offshore,val,1.0,19
1858.0,3,3,P0034_4800_5600_6000_6800.png,offshore,train,1.0,26
1859.0,6,6,P0034_4800_5600_6600_7400.png,offshore,train,1.0,40
1860.0,2,2,P0034_4800_5600_7200_8000.png,offshore,train,1.0,24
1861.0,1,1,P0034_5160_5960_1200_2000.png,offshore,val,1.0,18
1862.0,2,2,P0034_5160_5960_5400_6200.png,offshore,train,1.0,14
1863.0,4,4,P0034_5160_5960_6000_6800.png,offshore,train,1.0,32
1864.0,4,4,P0034_5160_5960_6600_7400.png,offshore,train,1.0,36
1865.0,2,2,P0034_5160_5960_7200_8000.png,offshore,train,1.0,27
1866.0,3,3,P0034_600_1400_7800_8600.png,inshore,train,1.0,451
1867.0,9,9,P0034_600_1400_8400_9200.png,inshore,val,1.0,93
1868.0,6,6,P0034_600_1400_9000_9800.png,inshore,train,1.0,537
1869.0,6,6,P0034_600_1400_9289_10089.png,inshore,train,1.0,592
1870.0,4,4,P0035_0_800_7200_8000.png,inshore,test,1.0,1445
1871.0,1,1,P0035_0_800_9289_10089.png,offshore,test,1.0,149
1872.0,6,6,P0035_1200_2000_7200_8000.png,inshore,train,1.0,1535
1873.0,8,8,P0035_1200_2000_7800_8600.png,inshore,train,1.0,498
1874.0,2,2,P0035_1200_2000_8400_9200.png,inshore,train,1.0,114
1875.0,2,2,P0035_1200_2000_9000_9800.png,inshore,train,1.0,229
1876.0,1,1,P0035_1200_2000_9289_10089.png,inshore,train,1.0,189
1877.0,1,1,P0035_1800_2600_1200_2000.png,offshore,test,1.0,24
1878.0,1,1,P0035_1800_2600_3600_4400.png,offshore,train,1.0,16
1879.0,7,7,P0035_1800_2600_8400_9200.png,offshore,train,1.0,73
1880.0,4,4,P0035_1800_2600_9289_10089.png,inshore,train,1.0,604
1881.0,1,1,P0035_2400_3200_1200_2000.png,offshore,train,1.0,19
1882.0,1,1,P0035_2400_3200_1800_2600.png,offshore,train,1.0,15
1883.0,1,1,P0035_2400_3200_2400_3200.png,offshore,train,1.0,15
1884.0,1,1,P0035_2400_3200_3000_3800.png,offshore,test,1.0,13
1885.0,3,3,P0035_2400_3200_3600_4400.png,offshore,train,1.0,31
1886.0,1,1,P0035_2400_3200_4200_5000.png,offshore,test,1.0,15
1887.0,2,2,P0035_2400_3200_4800_5600.png,offshore,train,1.0,25
1888.0,2,2,P0035_2400_3200_7800_8600.png,inshore,train,1.0,162
1889.0,4,4,P0035_2400_3200_8400_9200.png,offshore,train,1.0,107
1890.0,1,1,P0035_3000_3800_1800_2600.png,inshore,test,1.0,28
1891.0,1,1,P0035_3000_3800_2400_3200.png,offshore,train,1.0,15
1892.0,2,2,P0035_3000_3800_3000_3800.png,offshore,val,1.0,45
1893.0,1,1,P0035_3000_3800_3600_4400.png,offshore,train,1.0,17
1894.0,2,2,P0035_3000_3800_4200_5000.png,offshore,train,1.0,15
1895.0,4,4,P0035_3000_3800_4800_5600.png,offshore,val,1.0,36
1896.0,1,1,P0035_3000_3800_5400_6200.png,offshore,train,1.0,26
1897.0,2,2,P0035_3000_3800_7800_8600.png,offshore,test,1.0,79
1898.0,2,2,P0035_3000_3800_8400_9200.png,offshore,train,1.0,67
1899.0,1,1,P0035_3600_4400_1200_2000.png,offshore,train,1.0,14
1900.0,3,3,P0035_3600_4400_1800_2600.png,offshore,train,1.0,27
1901.0,1,1,P0035_3600_4400_2400_3200.png,offshore,train,1.0,13
1902.0,3,3,P0035_3600_4400_3000_3800.png,offshore,test,1.0,46
1903.0,4,4,P0035_3600_4400_3600_4400.png,offshore,test,1.0,24
1904.0,4,4,P0035_3600_4400_4200_5000.png,offshore,train,1.0,28
1905.0,3,3,P0035_3600_4400_4800_5600.png,offshore,val,1.0,28
1906.0,1,1,P0035_3600_4400_5400_6200.png,offshore,train,1.0,20
1907.0,1,1,P0035_3600_4400_7800_8600.png,offshore,train,1.0,56
1908.0,2,2,P0035_4200_5000_0_800.png,offshore,test,1.0,39
1909.0,1,1,P0035_4200_5000_1200_2000.png,offshore,train,1.0,24
1910.0,2,2,P0035_4200_5000_2400_3200.png,offshore,train,1.0,24
1911.0,2,2,P0035_4200_5000_3000_3800.png,offshore,val,1.0,20
1912.0,2,2,P0035_4200_5000_3600_4400.png,offshore,train,1.0,22
1913.0,4,4,P0035_4200_5000_4200_5000.png,offshore,test,1.0,20
1914.0,1,1,P0035_4200_5000_4800_5600.png,offshore,train,1.0,7
1915.0,1,1,P0035_4200_5000_600_1400.png,offshore,train,1.0,33
1916.0,1,1,P0035_4200_5000_6600_7400.png,offshore,train,1.0,17
1917.0,3,3,P0035_4800_5600_0_800.png,offshore,train,1.0,47
1918.0,2,2,P0035_4800_5600_1200_2000.png,offshore,val,1.0,27
1919.0,1,1,P0035_4800_5600_1800_2600.png,offshore,train,1.0,20
1920.0,2,2,P0035_4800_5600_2400_3200.png,offshore,train,1.0,27
1921.0,3,3,P0035_4800_5600_3000_3800.png,offshore,train,1.0,23
1922.0,3,3,P0035_4800_5600_3600_4400.png,offshore,test,1.0,20
1923.0,2,2,P0035_4800_5600_4200_5000.png,offshore,train,1.0,13
1924.0,2,2,P0035_4800_5600_4800_5600.png,offshore,val,1.0,16
1925.0,2,2,P0035_4800_5600_6000_6800.png,offshore,test,1.0,30
1926.0,2,2,P0035_4800_5600_600_1400.png,offshore,val,1.0,29
1927.0,2,2,P0035_4800_5600_6600_7400.png,offshore,train,1.0,29
1928.0,1,1,P0035_4800_5600_7200_8000.png,offshore,train,1.0,19
1929.0,1,1,P0035_5400_6200_0_800.png,offshore,train,1.0,22
1930.0,2,2,P0035_5400_6200_1200_2000.png,offshore,train,1.0,21
1931.0,1,1,P0035_5400_6200_1800_2600.png,offshore,train,1.0,17
1932.0,3,3,P0035_5400_6200_2400_3200.png,offshore,train,1.0,37
1933.0,5,5,P0035_5400_6200_3000_3800.png,offshore,train,1.0,40
1934.0,3,3,P0035_5400_6200_3600_4400.png,offshore,val,1.0,23
1935.0,2,2,P0035_5400_6200_6000_6800.png,offshore,train,1.0,23
1936.0,4,4,P0035_5400_6200_6600_7400.png,offshore,train,1.0,34
1937.0,3,3,P0035_5400_6200_7200_8000.png,offshore,val,1.0,19
1938.0,1,1,P0035_6000_6800_0_800.png,offshore,train,1.0,26
1939.0,1,1,P0035_6000_6800_1200_2000.png,offshore,train,1.0,16
1940.0,1,1,P0035_6000_6800_1800_2600.png,offshore,train,1.0,21
1941.0,2,2,P0035_6000_6800_2400_3200.png,offshore,test,1.0,21
1942.0,2,2,P0035_6000_6800_3000_3800.png,offshore,val,1.0,22
1943.0,2,2,P0035_6000_6800_5400_6200.png,offshore,train,1.0,26
1944.0,4,4,P0035_6000_6800_6000_6800.png,offshore,train,1.0,34
1945.0,1,1,P0035_6000_6800_600_1400.png,offshore,train,1.0,49
1946.0,2,2,P0035_6000_6800_6600_7400.png,offshore,train,1.0,22
1947.0,2,2,P0035_6000_6800_7200_8000.png,offshore,train,1.0,14
1948.0,7,7,P0035_600_1400_7200_8000.png,inshore,train,1.0,2102
1949.0,1,1,P0035_600_1400_8400_9200.png,inshore,train,1.0,271
1950.0,3,3,P0035_600_1400_9000_9800.png,inshore,test,1.0,154
1951.0,2,2,P0035_600_1400_9289_10089.png,offshore,train,1.0,96
1952.0,1,1,P0035_6260_7060_0_800.png,offshore,train,1.0,27
1953.0,2,2,P0035_6260_7060_1200_2000.png,offshore,train,1.0,28
1954.0,2,2,P0035_6260_7060_1800_2600.png,offshore,train,1.0,45
1955.0,1,1,P0035_6260_7060_2400_3200.png,offshore,train,1.0,13
1956.0,1,1,P0035_6260_7060_4800_5600.png,offshore,train,1.0,12
1957.0,5,5,P0035_6260_7060_5400_6200.png,offshore,train,1.0,39
1958.0,4,4,P0035_6260_7060_6000_6800.png,offshore,train,1.0,35
1959.0,2,2,P0035_6260_7060_600_1400.png,offshore,train,1.0,41
1960.0,3,3,P0035_6260_7060_6600_7400.png,offshore,train,1.0,25
1961.0,2,2,P0035_6260_7060_7200_8000.png,offshore,val,1.0,35
1962.0,11,11,P0036_0_800_7200_8000.png,inshore,train,1.0,1930
1963.0,10,10,P0036_0_800_7800_8600.png,inshore,train,1.0,638
1964.0,3,3,P0036_0_800_8400_9200.png,inshore,train,1.0,160
1965.0,8,8,P0036_0_800_8689_9489.png,inshore,val,1.0,181
1966.0,1,1,P0036_1200_2000_0_800.png,offshore,val,1.0,10
1967.0,1,1,P0036_1200_2000_3600_4400.png,offshore,val,1.0,27
1968.0,1,1,P0036_1200_2000_4200_5000.png,offshore,val,1.0,29
1969.0,1,1,P0036_1200_2000_4800_5600.png,offshore,train,1.0,25
1970.0,1,1,P0036_1200_2000_5400_6200.png,offshore,val,1.0,23
1971.0,1,1,P0036_1200_2000_7800_8600.png,inshore,val,1.0,161
1972.0,3,3,P0036_1200_2000_8400_9200.png,inshore,val,1.0,117
1973.0,1,1,P0036_1200_2000_8689_9489.png,inshore,val,1.0,214
1974.0,2,2,P0036_1800_2600_2400_3200.png,offshore,test,1.0,35
1975.0,2,2,P0036_1800_2600_3000_3800.png,offshore,train,1.0,40
1976.0,1,1,P0036_1800_2600_3600_4400.png,offshore,train,1.0,27
1977.0,1,1,P0036_1800_2600_4200_5000.png,offshore,train,1.0,47
1978.0,1,1,P0036_1800_2600_5400_6200.png,offshore,train,1.0,38
1979.0,2,2,P0036_1800_2600_7800_8600.png,offshore,train,1.0,79
1980.0,2,2,P0036_1800_2600_8400_9200.png,offshore,test,1.0,82
1981.0,2,2,P0036_2400_3200_2400_3200.png,offshore,val,1.0,36
1982.0,2,2,P0036_2400_3200_3000_3800.png,offshore,val,1.0,28
1983.0,2,2,P0036_2400_3200_3600_4400.png,offshore,train,1.0,41
1984.0,2,2,P0036_2400_3200_4200_5000.png,offshore,train,1.0,32
1985.0,2,2,P0036_2400_3200_4800_5600.png,offshore,train,1.0,24
1986.0,2,2,P0036_2400_3200_5400_6200.png,offshore,test,1.0,44
1987.0,1,1,P0036_2400_3200_7200_8000.png,offshore,train,1.0,52
1988.0,2,2,P0036_2400_3200_7800_8600.png,offshore,val,1.0,79
1989.0,1,1,P0036_3000_3800_1800_2600.png,offshore,train,1.0,21
1990.0,1,1,P0036_3000_3800_2400_3200.png,offshore,train,1.0,22
1991.0,1,1,P0036_3000_3800_3000_3800.png,offshore,test,1.0,26
1992.0,2,2,P0036_3000_3800_3600_4400.png,offshore,train,1.0,41
1993.0,1,1,P0036_3000_3800_4200_5000.png,offshore,test,1.0,28
1994.0,1,1,P0036_3000_3800_5400_6200.png,offshore,train,1.0,35
1995.0,1,1,P0036_3000_3800_6600_7400.png,offshore,train,1.0,34
1996.0,2,2,P0036_3000_3800_7200_8000.png,offshore,train,1.0,46
1997.0,3,3,P0036_3600_4400_0_800.png,offshore,test,1.0,35
1998.0,1,1,P0036_3600_4400_1200_2000.png,offshore,train,1.0,19
1999.0,1,1,P0036_3600_4400_1800_2600.png,offshore,train,1.0,25
2000.0,3,3,P0036_3600_4400_2400_3200.png,offshore,val,1.0,46
2001.0,1,1,P0036_3600_4400_3000_3800.png,offshore,test,1.0,34
2002.0,2,2,P0036_3600_4400_3600_4400.png,offshore,train,1.0,26
2003.0,3,3,P0036_3600_4400_4200_5000.png,offshore,train,1.0,45
2004.0,2,2,P0036_3600_4400_4800_5600.png,offshore,test,1.0,40
2005.0,2,2,P0036_3600_4400_600_1400.png,offshore,val,1.0,26
2006.0,1,1,P0036_4200_5000_0_800.png,offshore,val,1.0,17
2007.0,1,1,P0036_4200_5000_1200_2000.png,offshore,train,1.0,15
2008.0,2,2,P0036_4200_5000_2400_3200.png,offshore,train,1.0,32
2009.0,2,2,P0036_4200_5000_3000_3800.png,offshore,train,1.0,43
2010.0,1,1,P0036_4200_5000_3600_4400.png,offshore,train,1.0,27
2011.0,1,1,P0036_4200_5000_4200_5000.png,offshore,train,1.0,29
2012.0,2,2,P0036_4200_5000_600_1400.png,offshore,val,1.0,23
2013.0,1,1,P0036_4200_5000_6600_7400.png,offshore,val,1.0,22
2014.0,1,1,P0036_4200_5000_7200_8000.png,offshore,train,1.0,18
2015.0,1,1,P0036_4800_5600_0_800.png,offshore,train,1.0,12
2016.0,1,1,P0036_4800_5600_1800_2600.png,offshore,train,1.0,8
2017.0,2,2,P0036_4800_5600_2400_3200.png,offshore,test,1.0,26
2018.0,1,1,P0036_4800_5600_3000_3800.png,offshore,train,1.0,26
2019.0,1,1,P0036_4800_5600_5400_6200.png,offshore,train,1.0,30
2020.0,3,3,P0036_4800_5600_6000_6800.png,offshore,train,1.0,42
2021.0,4,4,P0036_4800_5600_6600_7400.png,offshore,train,1.0,41
2022.0,1,1,P0036_4800_5600_7200_8000.png,offshore,train,1.0,21
2023.0,1,1,P0036_5160_5960_0_800.png,offshore,train,1.0,11
2024.0,1,1,P0036_5160_5960_1200_2000.png,offshore,test,1.0,19
2025.0,1,1,P0036_5160_5960_1800_2600.png,offshore,train,1.0,18
2026.0,1,1,P0036_5160_5960_2400_3200.png,offshore,train,1.0,15
2027.0,1,1,P0036_5160_5960_5400_6200.png,offshore,val,1.0,19
2028.0,5,5,P0036_5160_5960_6000_6800.png,offshore,test,1.0,48
2029.0,1,1,P0036_5160_5960_600_1400.png,offshore,val,1.0,15
2030.0,4,4,P0036_5160_5960_6600_7400.png,offshore,train,1.0,41
2031.0,1,1,P0036_5160_5960_7200_8000.png,offshore,train,1.0,22
2032.0,1,1,P0036_600_1400_3600_4400.png,offshore,train,1.0,32
2033.0,1,1,P0036_600_1400_4200_5000.png,offshore,test,1.0,36
2034.0,4,4,P0036_600_1400_7800_8600.png,inshore,train,1.0,473
2035.0,5,5,P0036_600_1400_8400_9200.png,offshore,test,1.0,75
2036.0,4,4,P0036_600_1400_8689_9489.png,inshore,train,1.0,332
2037.0,12,12,P0037_0_800_7800_8600.png,inshore,train,1.0,601
2038.0,15,15,P0037_0_800_8089_8889.png,inshore,train,1.0,312
2039.0,1,1,P0037_1200_2000_3000_3800.png,offshore,test,1.0,9
2040.0,2,2,P0037_1200_2000_3600_4400.png,offshore,train,1.0,17
2041.0,1,1,P0037_1200_2000_4200_5000.png,offshore,train,1.0,18
2042.0,2,2,P0037_1200_2000_4800_5600.png,offshore,val,1.0,13
2043.0,1,1,P0037_1200_2000_5400_6200.png,offshore,train,1.0,7
2044.0,1,1,P0037_1200_2000_8089_8889.png,offshore,train,1.0,98
2045.0,1,1,P0037_1800_2600_2400_3200.png,offshore,train,1.0,10
2046.0,2,2,P0037_1800_2600_3000_3800.png,offshore,train,1.0,11
2047.0,3,3,P0037_1800_2600_3600_4400.png,offshore,train,1.0,15
2048.0,3,3,P0037_1800_2600_4200_5000.png,offshore,train,1.0,20
2049.0,1,1,P0037_1800_2600_4800_5600.png,offshore,test,1.0,9
2050.0,2,2,P0037_1800_2600_5400_6200.png,offshore,test,1.0,13
2051.0,1,1,P0037_1800_2600_6000_6800.png,offshore,train,1.0,16
2052.0,1,1,P0037_2400_3200_1800_2600.png,offshore,test,1.0,15
2053.0,1,1,P0037_2400_3200_3000_3800.png,offshore,train,1.0,7
2054.0,3,3,P0037_2400_3200_3600_4400.png,offshore,test,1.0,17
2055.0,4,4,P0037_2400_3200_4200_5000.png,offshore,test,1.0,23
2056.0,3,3,P0037_2400_3200_4800_5600.png,offshore,train,1.0,21
2057.0,2,2,P0037_2400_3200_5400_6200.png,offshore,train,1.0,19
2058.0,1,1,P0037_2400_3200_6000_6800.png,offshore,train,1.0,27
2059.0,1,1,P0037_2400_3200_7200_8000.png,offshore,train,1.0,41
2060.0,1,1,P0037_3000_3800_1200_2000.png,offshore,train,1.0,23
2061.0,2,2,P0037_3000_3800_1800_2600.png,offshore,test,1.0,18
2062.0,1,1,P0037_3000_3800_2400_3200.png,offshore,train,1.0,11
2063.0,1,1,P0037_3000_3800_3000_3800.png,offshore,train,1.0,10
2064.0,2,2,P0037_3000_3800_3600_4400.png,offshore,train,1.0,17
2065.0,3,3,P0037_3000_3800_4200_5000.png,offshore,train,1.0,25
2066.0,2,2,P0037_3000_3800_4800_5600.png,offshore,train,1.0,16
2067.0,1,1,P0037_3000_3800_5400_6200.png,offshore,val,1.0,13
2068.0,1,1,P0037_3600_4400_1800_2600.png,offshore,test,1.0,13
2069.0,1,1,P0037_3600_4400_3000_3800.png,offshore,val,1.0,10
2070.0,1,1,P0037_3600_4400_3600_4400.png,offshore,val,1.0,14
2071.0,2,2,P0037_3600_4400_4200_5000.png,offshore,train,1.0,15
2072.0,1,1,P0037_4200_5000_2400_3200.png,offshore,train,1.0,6
2073.0,1,1,P0037_4200_5000_3000_3800.png,offshore,val,1.0,10
2074.0,4,4,P0037_4200_5000_6000_6800.png,offshore,train,1.0,32
2075.0,4,4,P0037_4200_5000_6600_7400.png,offshore,train,1.0,30
2076.0,1,1,P0037_4200_5000_7200_8000.png,offshore,train,1.0,14
2077.0,1,1,P0037_4660_5460_0_800.png,offshore,train,1.0,9
2078.0,2,2,P0037_4660_5460_5400_6200.png,offshore,train,1.0,22
2079.0,6,6,P0037_4660_5460_6000_6800.png,offshore,train,1.0,45
2080.0,1,1,P0037_4660_5460_600_1400.png,offshore,test,1.0,13
2081.0,3,3,P0037_4660_5460_6600_7400.png,offshore,val,1.0,22
2082.0,1,1,P0037_4660_5460_7200_8000.png,offshore,train,1.0,14
2083.0,1,1,P0037_600_1400_1200_2000.png,offshore,test,1.0,4
2084.0,1,1,P0037_600_1400_3600_4400.png,offshore,val,1.0,12
2085.0,3,3,P0037_600_1400_4200_5000.png,offshore,val,1.0,22
2086.0,2,2,P0037_600_1400_4800_5600.png,offshore,train,1.0,13
2087.0,1,1,P0037_600_1400_5400_6200.png,offshore,train,1.0,13
2088.0,8,8,P0037_600_1400_8089_8889.png,inshore,train,1.0,194
2089.0,7,7,P0038_0_800_7200_8000.png,inshore,train,1.0,1848
2090.0,13,13,P0038_0_800_7800_8600.png,inshore,train,1.0,584
2091.0,2,2,P0038_0_800_8400_9200.png,inshore,val,1.0,143
2092.0,6,6,P0038_0_800_9000_9800.png,inshore,train,1.0,143
2093.0,6,6,P0038_0_800_9189_9989.png,inshore,train,1.0,144
2094.0,2,2,P0038_1200_2000_4200_5000.png,offshore,val,1.0,32
2095.0,1,1,P0038_1200_2000_5400_6200.png,offshore,train,1.0,20
2096.0,3,3,P0038_1200_2000_7800_8600.png,inshore,train,1.0,182
2097.0,5,5,P0038_1200_2000_8400_9200.png,offshore,test,1.0,168
2098.0,1,1,P0038_1800_2600_0_800.png,offshore,train,1.0,31
2099.0,1,1,P0038_1800_2600_3000_3800.png,offshore,train,1.0,34
2100.0,2,2,P0038_1800_2600_3600_4400.png,offshore,val,1.0,26
2101.0,3,3,P0038_1800_2600_4200_5000.png,offshore,train,1.0,48
2102.0,1,1,P0038_1800_2600_4800_5600.png,offshore,train,1.0,29
2103.0,1,1,P0038_1800_2600_5400_6200.png,offshore,train,1.0,26
2104.0,2,2,P0038_1800_2600_7800_8600.png,offshore,val,1.0,90
2105.0,3,3,P0038_1800_2600_8400_9200.png,offshore,test,1.0,122
2106.0,1,1,P0038_2400_3200_1800_2600.png,offshore,val,1.0,29
2107.0,1,1,P0038_2400_3200_2400_3200.png,offshore,train,1.0,41
2108.0,1,1,P0038_2400_3200_3000_3800.png,offshore,test,1.0,36
2109.0,2,2,P0038_2400_3200_3600_4400.png,offshore,val,1.0,36
2110.0,3,3,P0038_2400_3200_4200_5000.png,offshore,test,1.0,52
2111.0,1,1,P0038_2400_3200_4800_5600.png,offshore,train,1.0,34
2112.0,1,1,P0038_3000_3800_2400_3200.png,offshore,train,1.0,41
2113.0,3,3,P0038_3000_3800_3000_3800.png,offshore,train,1.0,82
2114.0,3,3,P0038_3000_3800_3600_4400.png,offshore,val,1.0,76
2115.0,2,2,P0038_3000_3800_4200_5000.png,offshore,test,1.0,49
2116.0,2,2,P0038_3000_3800_5400_6200.png,offshore,test,1.0,18
2117.0,1,1,P0038_3000_3800_7200_8000.png,offshore,train,1.0,27
2118.0,1,1,P0038_3600_4400_1800_2600.png,offshore,val,1.0,38
2119.0,3,3,P0038_3600_4400_2400_3200.png,inshore,train,1.0,56
2120.0,4,4,P0038_3600_4400_3000_3800.png,offshore,train,1.0,90
2121.0,3,3,P0038_3600_4400_3600_4400.png,offshore,train,1.0,72
2122.0,3,3,P0038_3600_4400_4200_5000.png,offshore,train,1.0,43
2123.0,1,1,P0038_3600_4400_4800_5600.png,offshore,train,1.0,34
2124.0,2,2,P0038_4200_5000_2400_3200.png,offshore,train,1.0,53
2125.0,3,3,P0038_4200_5000_3000_3800.png,offshore,val,1.0,52
2126.0,1,1,P0038_4200_5000_3600_4400.png,offshore,test,1.0,32
2127.0,1,1,P0038_4800_5600_1200_2000.png,offshore,train,1.0,24
2128.0,1,1,P0038_4800_5600_2400_3200.png,offshore,train,1.0,46
2129.0,1,1,P0038_4800_5600_3000_3800.png,offshore,train,1.0,43
2130.0,2,2,P0038_4800_5600_6000_6800.png,offshore,train,1.0,28
2131.0,3,3,P0038_4800_5600_6600_7400.png,offshore,train,1.0,31
2132.0,1,1,P0038_4800_5600_7200_8000.png,offshore,train,1.0,14
2133.0,4,4,P0038_5160_5960_6000_6800.png,offshore,train,1.0,43
2134.0,1,1,P0038_5160_5960_600_1400.png,offshore,val,1.0,19
2135.0,4,4,P0038_5160_5960_6600_7400.png,offshore,test,1.0,39
2136.0,3,3,P0038_5160_5960_7200_8000.png,offshore,train,1.0,22
2137.0,7,7,P0038_600_1400_7800_8600.png,inshore,train,1.0,457
2138.0,5,5,P0038_600_1400_8400_9200.png,inshore,train,1.0,86
2139.0,3,3,P0038_600_1400_9000_9800.png,inshore,test,1.0,522
2140.0,5,5,P0038_600_1400_9189_9989.png,inshore,train,1.0,646
2141.0,15,15,P0039_0_800_7200_8000.png,inshore,train,1.0,2079
2142.0,2,2,P0039_0_800_7800_8600.png,inshore,test,1.0,563
2143.0,2,2,P0039_0_800_8400_9200.png,inshore,train,1.0,367
2144.0,5,5,P0039_0_800_8689_9489.png,inshore,train,1.0,301
2145.0,3,3,P0039_1200_2000_8400_9200.png,offshore,train,1.0,84
2146.0,3,3,P0039_1200_2000_8689_9489.png,inshore,test,1.0,333
2147.0,1,1,P0039_1800_2600_0_800.png,offshore,train,1.0,30
2148.0,2,2,P0039_1800_2600_3600_4400.png,offshore,val,1.0,37
2149.0,1,1,P0039_1800_2600_4200_5000.png,offshore,test,1.0,31
2150.0,1,1,P0039_1800_2600_5400_6200.png,offshore,train,1.0,27
2151.0,1,1,P0039_1800_2600_7800_8600.png,inshore,train,1.0,241
2152.0,3,3,P0039_1800_2600_8400_9200.png,offshore,train,1.0,151
2153.0,1,1,P0039_2400_3200_3000_3800.png,offshore,test,1.0,28
2154.0,2,2,P0039_2400_3200_3600_4400.png,offshore,test,1.0,46
2155.0,2,2,P0039_2400_3200_4200_5000.png,offshore,train,1.0,31
2156.0,1,1,P0039_2400_3200_4800_5600.png,offshore,train,1.0,28
2157.0,1,1,P0039_2400_3200_5400_6200.png,offshore,train,1.0,30
2158.0,1,1,P0039_2400_3200_7800_8600.png,offshore,test,1.0,114
2159.0,1,1,P0039_2400_3200_8400_9200.png,offshore,val,1.0,129
2160.0,1,1,P0039_3000_3800_0_800.png,offshore,train,1.0,34
2161.0,1,1,P0039_3000_3800_2400_3200.png,offshore,train,1.0,22
2162.0,1,1,P0039_3000_3800_3000_3800.png,offshore,test,1.0,32
2163.0,1,1,P0039_3000_3800_3600_4400.png,offshore,train,1.0,20
2164.0,1,1,P0039_3000_3800_4200_5000.png,offshore,train,1.0,29
2165.0,3,3,P0039_3000_3800_4800_5600.png,offshore,train,1.0,45
2166.0,1,1,P0039_3000_3800_5400_6200.png,offshore,train,1.0,28
2167.0,1,1,P0039_3000_3800_7200_8000.png,offshore,train,1.0,60
2168.0,2,2,P0039_3000_3800_7800_8600.png,offshore,train,1.0,98
2169.0,1,1,P0039_3600_4400_1800_2600.png,offshore,train,1.0,23
2170.0,1,1,P0039_3600_4400_2400_3200.png,offshore,train,1.0,29
2171.0,2,2,P0039_3600_4400_3000_3800.png,offshore,train,1.0,32
2172.0,1,1,P0039_3600_4400_3600_4400.png,offshore,test,1.0,25
2173.0,2,2,P0039_3600_4400_4200_5000.png,offshore,train,1.0,41
2174.0,2,2,P0039_3600_4400_4800_5600.png,offshore,train,1.0,36
2175.0,2,2,P0039_3600_4400_5400_6200.png,offshore,test,1.0,21
2176.0,1,1,P0039_3600_4400_6000_6800.png,offshore,train,1.0,17
2177.0,1,1,P0039_4200_5000_0_800.png,offshore,train,1.0,41
2178.0,1,1,P0039_4200_5000_1200_2000.png,offshore,train,1.0,41
2179.0,2,2,P0039_4200_5000_1800_2600.png,offshore,val,1.0,17
2180.0,2,2,P0039_4200_5000_2400_3200.png,offshore,train,1.0,46
2181.0,1,1,P0039_4200_5000_3000_3800.png,offshore,train,1.0,19
2182.0,2,2,P0039_4200_5000_4200_5000.png,offshore,val,1.0,43
2183.0,1,1,P0039_4200_5000_4800_5600.png,offshore,train,1.0,30
2184.0,1,1,P0039_4200_5000_600_1400.png,offshore,train,1.0,44
2185.0,1,1,P0039_4800_5600_0_800.png,offshore,test,1.0,47
2186.0,2,2,P0039_4800_5600_1200_2000.png,offshore,train,1.0,44
2187.0,1,1,P0039_4800_5600_1800_2600.png,offshore,test,1.0,25
2188.0,1,1,P0039_4800_5600_2400_3200.png,offshore,test,1.0,29
2189.0,1,1,P0039_4800_5600_3000_3800.png,offshore,test,1.0,22
2190.0,1,1,P0039_4800_5600_4200_5000.png,offshore,train,1.0,41
2191.0,1,1,P0039_4800_5600_5400_6200.png,offshore,train,1.0,36
2192.0,1,1,P0039_4800_5600_600_1400.png,offshore,train,1.0,36
2193.0,1,1,P0039_5400_6200_0_800.png,offshore,train,1.0,37
2194.0,1,1,P0039_5400_6200_1200_2000.png,offshore,train,1.0,29
2195.0,1,1,P0039_5400_6200_2400_3200.png,offshore,train,1.0,40
2196.0,2,2,P0039_5400_6200_6600_7400.png,offshore,train,1.0,24
2197.0,1,1,P0039_5400_6200_7200_8000.png,offshore,train,1.0,21
2198.0,1,1,P0039_5760_6560_0_800.png,offshore,train,1.0,39
2199.0,1,1,P0039_5760_6560_600_1400.png,offshore,train,1.0,42
2200.0,2,2,P0039_5760_6560_6600_7400.png,offshore,train,1.0,24
2201.0,2,2,P0039_5760_6560_7200_8000.png,offshore,test,1.0,24
2202.0,14,14,P0039_600_1400_7200_8000.png,inshore,train,1.0,1888
2203.0,10,10,P0039_600_1400_7800_8600.png,inshore,train,1.0,688
2204.0,1,1,P0039_600_1400_8400_9200.png,inshore,val,1.0,171
2205.0,5,5,P0039_600_1400_8689_9489.png,inshore,val,1.0,190
2206.0,1,1,P0040_0_800_7200_8000.png,inshore,val,1.0,1495
2207.0,12,12,P0040_0_800_7800_8600.png,inshore,train,1.0,515
2208.0,3,3,P0040_0_800_8400_9200.png,inshore,train,1.0,138
2209.0,4,4,P0040_0_800_8789_9589.png,inshore,train,1.0,159
2210.0,1,1,P0040_1200_2000_0_800.png,offshore,train,1.0,24
2211.0,2,2,P0040_1200_2000_3600_4400.png,offshore,train,1.0,60
2212.0,1,1,P0040_1200_2000_4200_5000.png,offshore,train,1.0,40
2213.0,1,1,P0040_1200_2000_5400_6200.png,offshore,train,1.0,49
2214.0,1,1,P0040_1200_2000_600_1400.png,offshore,val,1.0,17
2215.0,4,4,P0040_1200_2000_8400_9200.png,offshore,test,1.0,116
2216.0,1,1,P0040_1800_2600_0_800.png,offshore,train,1.0,34
2217.0,1,1,P0040_1800_2600_2400_3200.png,offshore,train,1.0,35
2218.0,1,1,P0040_1800_2600_3000_3800.png,offshore,val,1.0,41
2219.0,1,1,P0040_1800_2600_3600_4400.png,offshore,train,1.0,47
2220.0,2,2,P0040_1800_2600_4200_5000.png,offshore,train,1.0,44
2221.0,2,2,P0040_1800_2600_4800_5600.png,offshore,train,1.0,56
2222.0,1,1,P0040_1800_2600_5400_6200.png,offshore,train,1.0,42
2223.0,1,1,P0040_1800_2600_8400_9200.png,offshore,train,1.0,55
2224.0,1,1,P0040_2400_3200_3600_4400.png,offshore,train,1.0,46
2225.0,1,1,P0040_2400_3200_4200_5000.png,offshore,test,1.0,40
2226.0,2,2,P0040_2400_3200_4800_5600.png,offshore,train,1.0,44
2227.0,1,1,P0040_2400_3200_7800_8600.png,offshore,train,1.0,47
2228.0,1,1,P0040_3000_3800_1200_2000.png,offshore,train,1.0,47
2229.0,2,2,P0040_3000_3800_1800_2600.png,offshore,val,1.0,55
2230.0,1,1,P0040_3000_3800_3000_3800.png,offshore,train,1.0,34
2231.0,1,1,P0040_3000_3800_4200_5000.png,offshore,train,1.0,29
2232.0,3,3,P0040_3000_3800_4800_5600.png,offshore,train,1.0,59
2233.0,1,1,P0040_3000_3800_5400_6200.png,offshore,train,1.0,46
2234.0,1,1,P0040_3000_3800_6600_7400.png,offshore,train,1.0,48
2235.0,1,1,P0040_3000_3800_7200_8000.png,offshore,train,1.0,47
2236.0,1,1,P0040_3600_4400_1200_2000.png,offshore,train,1.0,28
2237.0,2,2,P0040_3600_4400_1800_2600.png,offshore,val,1.0,32
2238.0,2,2,P0040_3600_4400_2400_3200.png,offshore,test,1.0,43
2239.0,2,2,P0040_3600_4400_3000_3800.png,offshore,val,1.0,40
2240.0,1,1,P0040_3600_4400_3600_4400.png,offshore,val,1.0,32
2241.0,2,2,P0040_3600_4400_4200_5000.png,offshore,train,1.0,53
2242.0,1,1,P0040_3600_4400_4800_5600.png,offshore,train,1.0,31
2243.0,1,1,P0040_3600_4400_600_1400.png,offshore,test,1.0,27
2244.0,1,1,P0040_4200_5000_1200_2000.png,offshore,train,1.0,32
2245.0,1,1,P0040_4200_5000_1800_2600.png,offshore,train,1.0,29
2246.0,1,1,P0040_4200_5000_2400_3200.png,offshore,test,1.0,28
2247.0,1,1,P0040_4200_5000_3000_3800.png,offshore,train,1.0,22
2248.0,1,1,P0040_4200_5000_3600_4400.png,offshore,train,1.0,30
2249.0,1,1,P0040_4200_5000_4200_5000.png,offshore,val,1.0,35
2250.0,1,1,P0040_4200_5000_4800_5600.png,offshore,test,1.0,48
2251.0,1,1,P0040_4200_5000_5400_6200.png,offshore,val,1.0,40
2252.0,1,1,P0040_4200_5000_6600_7400.png,offshore,test,1.0,41
2253.0,1,1,P0040_4200_5000_7200_8000.png,offshore,train,1.0,51
2254.0,1,1,P0040_4800_5600_1200_2000.png,offshore,train,1.0,24
2255.0,1,1,P0040_4800_5600_2400_3200.png,offshore,train,1.0,29
2256.0,1,1,P0040_4800_5600_4800_5600.png,offshore,train,1.0,35
2257.0,2,2,P0040_4800_5600_5400_6200.png,offshore,train,1.0,41
2258.0,3,3,P0040_4800_5600_6000_6800.png,offshore,train,1.0,62
2259.0,2,2,P0040_4800_5600_6600_7400.png,offshore,test,1.0,46
2260.0,1,1,P0040_5060_5860_1200_2000.png,offshore,train,1.0,29
2261.0,1,1,P0040_5060_5860_2400_3200.png,offshore,test,1.0,30
2262.0,1,1,P0040_5060_5860_4800_5600.png,offshore,train,1.0,26
2263.0,2,2,P0040_5060_5860_5400_6200.png,offshore,train,1.0,34
2264.0,4,4,P0040_5060_5860_6000_6800.png,offshore,test,1.0,62
2265.0,2,2,P0040_5060_5860_6600_7400.png,offshore,train,1.0,41
2266.0,1,1,P0040_600_1400_3600_4400.png,offshore,train,1.0,45
2267.0,2,2,P0040_600_1400_7800_8600.png,inshore,train,1.0,291
2268.0,7,7,P0040_600_1400_8400_9200.png,offshore,train,1.0,88
2269.0,3,3,P0040_600_1400_8789_9589.png,inshore,train,1.0,402
2270.0,2,2,P0041_0_800_4200_5000.png,offshore,val,1.0,21
2271.0,3,3,P0041_0_800_4800_5600.png,offshore,val,1.0,36
2272.0,1,1,P0041_0_800_600_1400.png,offshore,train,1.0,23
2273.0,1,1,P0041_1200_2000_0_800.png,offshore,train,1.0,30
2274.0,1,1,P0041_1200_2000_1200_2000.png,offshore,train,1.0,30
2275.0,1,1,P0041_1200_2000_1800_2600.png,offshore,train,1.0,22
2276.0,2,2,P0041_1200_2000_2400_3200.png,offshore,val,1.0,23
2277.0,1,1,P0041_1200_2000_3600_4400.png,offshore,train,1.0,25
2278.0,3,3,P0041_1200_2000_4800_5600.png,offshore,train,1.0,27
2279.0,2,2,P0041_1200_2000_5400_6200.png,offshore,train,1.0,19
2280.0,1,1,P0041_1200_2000_5800_6600.png,offshore,val,1.0,12
2281.0,1,1,P0041_1200_2000_600_1400.png,offshore,train,1.0,27
2282.0,1,1,P0041_1800_2600_0_800.png,offshore,val,1.0,25
2283.0,1,1,P0041_1800_2600_1200_2000.png,offshore,test,1.0,32
2284.0,2,2,P0041_1800_2600_2400_3200.png,offshore,train,1.0,39
2285.0,1,1,P0041_1800_2600_3000_3800.png,offshore,train,1.0,31
2286.0,1,1,P0041_1800_2600_4200_5000.png,offshore,train,1.0,25
2287.0,1,1,P0041_1800_2600_4800_5600.png,offshore,train,1.0,25
2288.0,1,1,P0041_2400_3200_3000_3800.png,offshore,train,1.0,31
2289.0,1,1,P0041_2400_3200_3600_4400.png,offshore,train,1.0,28
2290.0,1,1,P0041_3000_3800_0_800.png,offshore,val,1.0,25
2291.0,1,1,P0041_3000_3800_1200_2000.png,offshore,train,1.0,30
2292.0,1,1,P0041_3000_3800_2400_3200.png,offshore,train,1.0,23
2293.0,1,1,P0041_3000_3800_3000_3800.png,offshore,train,1.0,24
2294.0,2,2,P0041_3000_3800_3600_4400.png,offshore,train,1.0,36
2295.0,2,2,P0041_3000_3800_4200_5000.png,offshore,test,1.0,33
2296.0,1,1,P0041_3600_4400_1800_2600.png,offshore,test,1.0,19
2297.0,1,1,P0041_3600_4400_3600_4400.png,offshore,train,1.0,25
2298.0,1,1,P0041_3600_4400_4200_5000.png,offshore,train,1.0,24
2299.0,2,2,P0041_600_1400_0_800.png,offshore,train,1.0,32
2300.0,1,1,P0041_600_1400_1200_2000.png,offshore,train,1.0,32
2301.0,1,1,P0041_600_1400_1800_2600.png,offshore,train,1.0,26
2302.0,2,2,P0041_600_1400_2400_3200.png,offshore,val,1.0,35
2303.0,2,2,P0041_600_1400_3000_3800.png,offshore,val,1.0,37
2304.0,2,2,P0041_600_1400_4800_5600.png,offshore,test,1.0,22
2305.0,3,3,P0041_600_1400_5400_6200.png,offshore,test,1.0,40
2306.0,3,3,P0041_600_1400_5800_6600.png,offshore,train,1.0,44
2307.0,2,2,P0041_600_1400_600_1400.png,offshore,train,1.0,40
2308.0,1,1,P0042_0_800_0_800.png,offshore,train,1.0,81
2309.0,1,1,P0042_0_800_3600_4400.png,offshore,train,1.0,79
2310.0,2,2,P0042_1200_2000_1800_2600.png,offshore,train,1.0,46
2311.0,1,1,P0042_1200_2000_6000_6800.png,offshore,train,1.0,34
2312.0,2,2,P0042_1200_2000_6600_7400.png,offshore,train,1.0,44
2313.0,1,1,P0042_1200_2000_7200_8000.png,offshore,test,1.0,37
2314.0,2,2,P0042_1800_2600_1800_2600.png,offshore,train,1.0,48
2315.0,1,1,P0042_1800_2600_2400_3200.png,offshore,train,1.0,44
2316.0,1,1,P0042_1800_2600_3000_3800.png,offshore,val,1.0,39
2317.0,2,2,P0042_1800_2600_3600_4400.png,offshore,test,1.0,37
2318.0,1,1,P0042_1800_2600_4200_5000.png,offshore,train,1.0,35
2319.0,1,1,P0042_1800_2600_4800_5600.png,offshore,train,1.0,34
2320.0,1,1,P0042_1800_2600_5400_6200.png,offshore,train,1.0,22
2321.0,4,4,P0042_1800_2600_6000_6800.png,offshore,train,1.0,46
2322.0,3,3,P0042_1800_2600_6600_7400.png,offshore,train,1.0,57
2323.0,4,4,P0042_1800_2600_7200_8000.png,offshore,test,1.0,51
2324.0,4,4,P0042_1800_2600_7500_8300.png,offshore,train,1.0,43
2325.0,1,1,P0042_2400_3200_1800_2600.png,offshore,train,1.0,53
2326.0,1,1,P0042_2400_3200_2400_3200.png,offshore,train,1.0,57
2327.0,1,1,P0042_2400_3200_3000_3800.png,offshore,train,1.0,41
2328.0,2,2,P0042_2400_3200_3600_4400.png,offshore,train,1.0,54
2329.0,2,2,P0042_2400_3200_4200_5000.png,offshore,train,1.0,51
2330.0,3,3,P0042_2400_3200_4800_5600.png,offshore,train,1.0,37
2331.0,1,1,P0042_2400_3200_5400_6200.png,offshore,train,1.0,19
2332.0,2,2,P0042_2400_3200_6000_6800.png,offshore,train,1.0,24
2333.0,3,3,P0042_2400_3200_6600_7400.png,offshore,train,1.0,36
2334.0,4,4,P0042_2400_3200_7200_8000.png,offshore,train,1.0,42
2335.0,3,3,P0042_2400_3200_7500_8300.png,offshore,test,1.0,30
2336.0,1,1,P0042_3000_3800_3000_3800.png,offshore,val,1.0,46
2337.0,1,1,P0042_3000_3800_3600_4400.png,offshore,train,1.0,33
2338.0,1,1,P0042_3000_3800_4200_5000.png,offshore,test,1.0,34
2339.0,4,4,P0042_3000_3800_4800_5600.png,offshore,train,1.0,45
2340.0,2,2,P0042_3000_3800_5400_6200.png,offshore,train,1.0,22
2341.0,2,2,P0042_3000_3800_6000_6800.png,offshore,test,1.0,27
2342.0,1,1,P0042_3600_4400_2400_3200.png,offshore,train,1.0,52
2343.0,1,1,P0042_3600_4400_3000_3800.png,offshore,train,1.0,50
2344.0,1,1,P0042_3600_4400_3600_4400.png,offshore,train,1.0,34
2345.0,1,1,P0042_3600_4400_4200_5000.png,offshore,train,1.0,31
2346.0,1,1,P0042_3600_4400_4800_5600.png,offshore,train,1.0,20
2347.0,1,1,P0042_3600_4400_5400_6200.png,offshore,train,1.0,24
2348.0,2,2,P0042_3600_4400_6000_6800.png,offshore,test,1.0,23
2349.0,1,1,P0042_4200_5000_2400_3200.png,offshore,train,1.0,44
2350.0,1,1,P0042_4200_5000_4800_5600.png,offshore,train,1.0,22
2351.0,1,1,P0042_4800_5600_1200_2000.png,offshore,val,1.0,47
2352.0,1,1,P0042_4800_5600_2400_3200.png,offshore,train,1.0,38
2353.0,1,1,P0042_4800_5600_4800_5600.png,offshore,val,1.0,20
2354.0,1,1,P0043_0_800_0_800.png,offshore,val,1.0,13
2355.0,1,1,P0043_0_800_4200_5000.png,offshore,train,1.0,19
2356.0,1,1,P0043_1200_2000_6000_6800.png,offshore,train,1.0,10
2357.0,1,1,P0043_1200_2000_6600_7400.png,offshore,train,1.0,9
2358.0,1,1,P0043_2400_3200_2400_3200.png,offshore,train,1.0,14
2359.0,1,1,P0043_2400_3200_3000_3800.png,offshore,test,1.0,16
2360.0,1,1,P0043_2400_3200_3600_4400.png,offshore,train,1.0,16
2361.0,3,3,P0043_2400_3200_6000_6800.png,offshore,train,1.0,34
2362.0,8,8,P0043_2400_3200_6600_7400.png,offshore,train,1.0,67
2363.0,4,4,P0043_2400_3200_7200_8000.png,offshore,train,1.0,42
2364.0,3,3,P0043_2400_3200_7600_8400.png,offshore,test,1.0,24
2365.0,1,1,P0043_3000_3800_1800_2600.png,offshore,train,1.0,13
2366.0,1,1,P0043_3000_3800_2400_3200.png,offshore,val,1.0,9
2367.0,1,1,P0043_3000_3800_3000_3800.png,offshore,train,1.0,16
2368.0,2,2,P0043_3000_3800_3600_4400.png,offshore,train,1.0,26
2369.0,2,2,P0043_3000_3800_4200_5000.png,offshore,val,1.0,16
2370.0,1,1,P0043_3000_3800_4800_5600.png,offshore,train,1.0,13
2371.0,3,3,P0043_3000_3800_5400_6200.png,offshore,train,1.0,58
2372.0,4,4,P0043_3000_3800_6000_6800.png,offshore,train,1.0,67
2373.0,7,7,P0043_3000_3800_6600_7400.png,offshore,train,1.0,65
2374.0,7,7,P0043_3000_3800_7200_8000.png,offshore,train,1.0,72
2375.0,7,7,P0043_3000_3800_7600_8400.png,offshore,val,1.0,63
2376.0,1,1,P0043_3600_4400_2400_3200.png,offshore,val,1.0,10
2377.0,2,2,P0043_3600_4400_3600_4400.png,offshore,train,1.0,21
2378.0,1,1,P0043_3600_4400_4200_5000.png,offshore,train,1.0,12
2379.0,1,1,P0043_3600_4400_4800_5600.png,offshore,train,1.0,9
2380.0,2,2,P0043_3600_4400_5400_6200.png,offshore,train,1.0,26
2381.0,4,4,P0043_3600_4400_6000_6800.png,offshore,test,1.0,41
2382.0,3,3,P0043_3600_4400_6600_7400.png,offshore,train,1.0,26
2383.0,1,1,P0043_3600_4400_7200_8000.png,offshore,train,1.0,16
2384.0,1,1,P0043_4200_5000_3600_4400.png,offshore,train,1.0,13
2385.0,1,1,P0043_4200_5000_4800_5600.png,offshore,train,1.0,10
2386.0,1,1,P0043_4200_5000_5400_6200.png,offshore,train,1.0,12
2387.0,4,4,P0043_4200_5000_6000_6800.png,offshore,val,1.0,25
2388.0,2,2,P0043_4200_5000_6600_7400.png,offshore,train,1.0,11
2389.0,1,1,P0043_4800_5600_4800_5600.png,offshore,val,1.0,12
2390.0,1,1,P0043_4800_5600_5400_6200.png,offshore,val,1.0,6
2391.0,1,1,P0043_4800_5600_6000_6800.png,offshore,train,1.0,11
2392.0,1,1,P0043_5400_6200_4800_5600.png,offshore,train,1.0,12
2393.0,1,1,P0043_5400_6200_5400_6200.png,offshore,train,1.0,9
2394.0,1,1,P0043_5400_6200_6000_6800.png,offshore,train,1.0,11
2395.0,1,1,P0043_6000_6800_1800_2600.png,offshore,val,1.0,12
2396.0,1,1,P0043_6000_6800_2400_3200.png,offshore,test,1.0,16
2397.0,1,1,P0043_6000_6800_5400_6200.png,offshore,train,1.0,15
2398.0,1,1,P0043_600_1400_0_800.png,offshore,train,1.0,14
2399.0,1,1,P0043_600_1400_5400_6200.png,offshore,train,1.0,11
2400.0,1,1,P0043_600_1400_6000_6800.png,offshore,train,1.0,8
2401.0,1,1,P0043_600_1400_6600_7400.png,offshore,train,1.0,8
2402.0,1,1,P0043_6600_7400_6000_6800.png,offshore,train,1.0,15
2403.0,1,1,P0043_6700_7500_6000_6800.png,offshore,train,1.0,23
2404.0,1,1,P0043_6700_7500_6600_7400.png,offshore,train,1.0,22
2405.0,1,1,P0044_0_800_3600_4400.png,offshore,train,1.0,11
2406.0,2,2,P0044_0_800_4200_5000.png,offshore,val,1.0,28
2407.0,1,1,P0044_0_800_4800_5600.png,offshore,train,1.0,16
2408.0,1,1,P0044_1200_2000_1200_2000.png,offshore,train,1.0,18
2409.0,3,3,P0044_1200_2000_1800_2600.png,offshore,train,1.0,28
2410.0,2,2,P0044_1200_2000_2400_3200.png,offshore,train,1.0,9
2411.0,2,2,P0044_1200_2000_3000_3800.png,offshore,test,1.0,22
2412.0,3,3,P0044_1200_2000_3600_4400.png,offshore,train,1.0,26
2413.0,5,5,P0044_1200_2000_4200_5000.png,offshore,test,1.0,39
2414.0,6,6,P0044_1200_2000_4800_5600.png,offshore,train,1.0,84
2415.0,4,4,P0044_1200_2000_5400_6200.png,offshore,train,1.0,41
2416.0,2,2,P0044_1200_2000_6600_7400.png,offshore,train,1.0,51
2417.0,1,1,P0044_1200_2000_6900_7700.png,offshore,train,1.0,23
2418.0,1,1,P0044_1800_2600_0_800.png,offshore,train,1.0,15
2419.0,3,3,P0044_1800_2600_3000_3800.png,offshore,train,1.0,33
2420.0,3,3,P0044_1800_2600_3600_4400.png,offshore,val,1.0,31
2421.0,2,2,P0044_1800_2600_4200_5000.png,offshore,val,1.0,28
2422.0,2,2,P0044_1800_2600_4800_5600.png,offshore,train,1.0,23
2423.0,1,1,P0044_1800_2600_5400_6200.png,offshore,train,1.0,11
2424.0,1,1,P0044_1800_2600_600_1400.png,offshore,train,1.0,6
2425.0,1,1,P0044_1800_2600_6900_7700.png,inshore,train,1.0,312
2426.0,3,3,P0044_2400_3200_2400_3200.png,offshore,train,1.0,37
2427.0,3,3,P0044_2400_3200_3000_3800.png,offshore,test,1.0,43
2428.0,1,1,P0044_2400_3200_3600_4400.png,offshore,train,1.0,16
2429.0,8,8,P0044_2400_3200_6900_7700.png,inshore,val,1.0,1045
2430.0,2,2,P0044_3000_3800_2400_3200.png,offshore,train,1.0,27
2431.0,2,2,P0044_3000_3800_3000_3800.png,offshore,train,1.0,27
2432.0,3,3,P0044_3000_3800_6900_7700.png,inshore,train,1.0,1164
2433.0,1,1,P0044_3600_4400_0_800.png,offshore,train,1.0,14
2434.0,1,1,P0044_3600_4400_2400_3200.png,offshore,train,1.0,15
2435.0,2,2,P0044_3600_4400_3000_3800.png,offshore,train,1.0,31
2436.0,1,1,P0044_3600_4400_3600_4400.png,offshore,train,1.0,17
2437.0,1,1,P0044_4100_4900_0_800.png,offshore,train,1.0,12
2438.0,2,2,P0044_4100_4900_3000_3800.png,offshore,val,1.0,21
2439.0,1,1,P0044_4100_4900_3600_4400.png,offshore,train,1.0,16
2440.0,1,1,P0044_600_1400_0_800.png,offshore,train,1.0,20
2441.0,2,2,P0044_600_1400_1200_2000.png,offshore,train,1.0,18
2442.0,2,2,P0044_600_1400_1800_2600.png,offshore,train,1.0,12
2443.0,1,1,P0044_600_1400_2400_3200.png,offshore,train,1.0,15
2444.0,2,2,P0044_600_1400_3000_3800.png,offshore,train,1.0,15
2445.0,4,4,P0044_600_1400_3600_4400.png,offshore,train,1.0,26
2446.0,6,6,P0044_600_1400_4200_5000.png,offshore,test,1.0,50
2447.0,7,7,P0044_600_1400_4800_5600.png,offshore,val,1.0,71
2448.0,5,5,P0044_600_1400_5400_6200.png,offshore,test,1.0,54
2449.0,1,1,P0044_600_1400_6000_6800.png,offshore,train,1.0,12
2450.0,1,1,P0044_600_1400_600_1400.png,offshore,train,1.0,12
2451.0,1,1,P0045_0_800_0_800.png,offshore,train,1.0,13
2452.0,1,1,P0045_0_800_3000_3800.png,offshore,train,1.0,8
2453.0,2,2,P0045_0_800_3600_4400.png,offshore,test,1.0,11
2454.0,4,4,P0045_0_800_4200_5000.png,offshore,train,1.0,25
2455.0,5,5,P0045_0_800_4800_5600.png,offshore,train,1.0,43
2456.0,4,4,P0045_0_800_5400_6200.png,offshore,train,1.0,30
2457.0,1,1,P0045_0_800_600_1400.png,offshore,train,1.0,13
2458.0,1,1,P0045_1200_2000_1800_2600.png,offshore,train,1.0,7
2459.0,3,3,P0045_1200_2000_2400_3200.png,offshore,train,1.0,21
2460.0,2,2,P0045_1200_2000_3000_3800.png,offshore,train,1.0,22
2461.0,3,3,P0045_1200_2000_3600_4400.png,offshore,train,1.0,26
2462.0,3,3,P0045_1200_2000_4200_5000.png,offshore,val,1.0,18
2463.0,2,2,P0045_1200_2000_4800_5600.png,offshore,test,1.0,17
2464.0,1,1,P0045_1200_2000_7200_8000.png,inshore,train,1.0,321
2465.0,1,1,P0045_1800_2600_1800_2600.png,offshore,val,1.0,7
2466.0,2,2,P0045_1800_2600_2400_3200.png,offshore,val,1.0,12
2467.0,2,2,P0045_1800_2600_3000_3800.png,offshore,val,1.0,23
2468.0,2,2,P0045_1800_2600_3600_4400.png,offshore,train,1.0,19
2469.0,1,1,P0045_1800_2600_4200_5000.png,offshore,train,1.0,9
2470.0,1,1,P0045_2400_3200_1800_2600.png,offshore,test,1.0,11
2471.0,2,2,P0045_2400_3200_2400_3200.png,offshore,test,1.0,15
2472.0,2,2,P0045_2400_3200_3000_3800.png,offshore,train,1.0,14
2473.0,1,1,P0045_2400_3200_4200_5000.png,offshore,train,1.0,3
2474.0,1,1,P0045_3000_3800_2400_3200.png,offshore,val,1.0,7
2475.0,2,2,P0045_3000_3800_3000_3800.png,offshore,train,1.0,14
2476.0,1,1,P0045_3600_4400_2400_3200.png,offshore,val,1.0,6
2477.0,2,2,P0045_3600_4400_3000_3800.png,offshore,train,1.0,8
2478.0,1,1,P0045_3600_4400_3600_4400.png,offshore,train,1.0,5
2479.0,1,1,P0045_3900_4700_2400_3200.png,offshore,train,1.0,6
2480.0,3,3,P0045_3900_4700_3000_3800.png,offshore,train,1.0,14
2481.0,1,1,P0045_3900_4700_3600_4400.png,offshore,test,1.0,5
2482.0,2,2,P0045_600_1400_1200_2000.png,offshore,test,1.0,15
2483.0,2,2,P0045_600_1400_1800_2600.png,offshore,train,1.0,17
2484.0,2,2,P0045_600_1400_2400_3200.png,offshore,train,1.0,21
2485.0,2,2,P0045_600_1400_3000_3800.png,offshore,test,1.0,19
2486.0,2,2,P0045_600_1400_3600_4400.png,offshore,val,1.0,13
2487.0,2,2,P0045_600_1400_4200_5000.png,offshore,train,1.0,22
2488.0,5,5,P0045_600_1400_4800_5600.png,offshore,train,1.0,51
2489.0,6,6,P0045_600_1400_5400_6200.png,offshore,train,1.0,45
2490.0,1,1,P0045_600_1400_6000_6800.png,offshore,train,1.0,8
2491.0,1,1,P0045_600_1400_600_1400.png,offshore,val,1.0,10
2492.0,1,1,P0045_600_1400_7200_8000.png,offshore,train,1.0,29
2493.0,2,2,P0046_0_800_0_800.png,offshore,test,1.0,9
2494.0,2,2,P0046_0_800_1200_2000.png,offshore,train,1.0,26
2495.0,2,2,P0046_0_800_1800_2600.png,offshore,train,1.0,23
2496.0,2,2,P0046_0_800_2400_3200.png,offshore,train,1.0,17
2497.0,2,2,P0046_0_800_3000_3800.png,offshore,val,1.0,13
2498.0,3,3,P0046_0_800_3600_4400.png,offshore,train,1.0,16
2499.0,6,6,P0046_0_800_4200_5000.png,offshore,train,1.0,68
2500.0,5,5,P0046_0_800_4800_5600.png,offshore,train,1.0,47
2501.0,2,2,P0046_0_800_5400_6200.png,offshore,train,1.0,31
2502.0,2,2,P0046_0_800_600_1400.png,offshore,val,1.0,13
2503.0,2,2,P0046_1200_2000_2400_3200.png,offshore,train,1.0,23
2504.0,2,2,P0046_1200_2000_3000_3800.png,offshore,train,1.0,26
2505.0,2,2,P0046_1200_2000_3600_4400.png,offshore,train,1.0,16
2506.0,1,1,P0046_1200_2000_4200_5000.png,offshore,train,1.0,14
2507.0,1,1,P0046_1200_2000_4800_5600.png,offshore,val,1.0,23
2508.0,1,1,P0046_1200_2000_6700_7500.png,inshore,train,1.0,465
2509.0,2,2,P0046_1800_2600_1800_2600.png,offshore,train,1.0,17
2510.0,2,2,P0046_1800_2600_2400_3200.png,offshore,test,1.0,20
2511.0,2,2,P0046_1800_2600_3000_3800.png,offshore,train,1.0,15
2512.0,2,2,P0046_2400_3200_1800_2600.png,offshore,test,1.0,13
2513.0,1,1,P0046_2400_3200_600_1400.png,offshore,test,1.0,11
2514.0,1,1,P0046_3000_3800_2400_3200.png,offshore,train,1.0,8
2515.0,1,1,P0046_3000_3800_3000_3800.png,offshore,test,1.0,13
2516.0,1,1,P0046_3600_4400_2400_3200.png,offshore,val,1.0,8
2517.0,2,2,P0046_3600_4400_3000_3800.png,offshore,train,1.0,18
2518.0,1,1,P0046_600_1400_0_800.png,offshore,train,1.0,5
2519.0,1,1,P0046_600_1400_1200_2000.png,offshore,train,1.0,21
2520.0,1,1,P0046_600_1400_1800_2600.png,offshore,train,1.0,9
2521.0,3,3,P0046_600_1400_2400_3200.png,offshore,val,1.0,25
2522.0,2,2,P0046_600_1400_3000_3800.png,offshore,val,1.0,21
2523.0,6,6,P0046_600_1400_3600_4400.png,offshore,train,1.0,44
2524.0,5,5,P0046_600_1400_4200_5000.png,offshore,test,1.0,54
2525.0,3,3,P0046_600_1400_4800_5600.png,offshore,test,1.0,28
2526.0,1,1,P0046_600_1400_5400_6200.png,offshore,test,1.0,16
2527.0,1,1,P0047_0_800_2400_3200.png,offshore,test,1.0,17
2528.0,1,1,P0047_0_800_3600_4400.png,offshore,train,1.0,25
2529.0,5,5,P0047_0_800_4200_5000.png,offshore,train,1.0,79
2530.0,6,6,P0047_0_800_4800_5600.png,offshore,train,1.0,83
2531.0,4,4,P0047_0_800_5200_6000.png,offshore,val,1.0,55
2532.0,1,1,P0047_0_800_600_1400.png,offshore,val,1.0,17
2533.0,1,1,P0047_1200_2000_1800_2600.png,offshore,val,1.0,12
2534.0,2,2,P0047_1200_2000_2400_3200.png,offshore,val,1.0,15
2535.0,1,1,P0047_1200_2000_3000_3800.png,offshore,train,1.0,10
2536.0,4,4,P0047_1200_2000_3600_4400.png,offshore,test,1.0,41
2537.0,3,3,P0047_1200_2000_4200_5000.png,offshore,val,1.0,30
2538.0,1,1,P0047_1800_2600_1200_2000.png,offshore,val,1.0,13
2539.0,1,1,P0047_1800_2600_2400_3200.png,offshore,train,1.0,10
2540.0,1,1,P0047_1800_2600_3600_4400.png,offshore,train,1.0,9
2541.0,1,1,P0047_1800_2600_4200_5000.png,offshore,val,1.0,24
2542.0,1,1,P0047_1800_2600_600_1400.png,offshore,train,1.0,12
2543.0,2,2,P0047_2400_3200_3000_3800.png,offshore,train,1.0,12
2544.0,2,2,P0047_2400_3200_3600_4400.png,offshore,train,1.0,15
2545.0,1,1,P0047_3000_3800_0_800.png,offshore,val,1.0,21
2546.0,1,1,P0047_3000_3800_3000_3800.png,offshore,train,1.0,24
2547.0,2,2,P0047_3000_3800_3600_4400.png,offshore,test,1.0,37
2548.0,1,1,P0047_3600_4400_0_800.png,offshore,train,1.0,20
2549.0,1,1,P0047_3600_4400_3600_4400.png,offshore,train,1.0,9
2550.0,1,1,P0047_3900_4700_3000_3800.png,offshore,train,1.0,11
2551.0,2,2,P0047_3900_4700_3600_4400.png,offshore,val,1.0,15
2552.0,2,2,P0047_600_1400_1200_2000.png,offshore,val,1.0,19
2553.0,1,1,P0047_600_1400_2400_3200.png,offshore,val,1.0,15
2554.0,1,1,P0047_600_1400_3000_3800.png,offshore,test,1.0,19
2555.0,3,3,P0047_600_1400_3600_4400.png,offshore,train,1.0,39
2556.0,2,2,P0047_600_1400_4200_5000.png,offshore,train,1.0,26
2557.0,6,6,P0047_600_1400_4800_5600.png,offshore,train,1.0,58
2558.0,6,6,P0047_600_1400_5200_6000.png,offshore,train,1.0,53
2559.0,2,2,P0047_600_1400_600_1400.png,offshore,train,1.0,30
2560.0,2,2,P0048_0_800_4200_5000.png,offshore,test,1.0,30
2561.0,5,5,P0048_0_800_4800_5600.png,offshore,test,1.0,44
2562.0,2,2,P0048_0_800_5400_6200.png,offshore,train,1.0,31
2563.0,1,1,P0048_1200_2000_1800_2600.png,offshore,train,1.0,11
2564.0,1,1,P0048_1200_2000_2400_3200.png,offshore,train,1.0,11
2565.0,2,2,P0048_1200_2000_3000_3800.png,offshore,train,1.0,27
2566.0,2,2,P0048_1200_2000_3600_4400.png,offshore,test,1.0,24
2567.0,1,1,P0048_1200_2000_4200_5000.png,offshore,train,1.0,18
2568.0,2,2,P0048_1200_2000_4800_5600.png,offshore,train,1.0,24
2569.0,3,3,P0048_1200_2000_5400_6200.png,offshore,test,1.0,26
2570.0,2,2,P0048_1200_2000_6000_6800.png,offshore,test,1.0,19
2571.0,1,1,P0048_1200_2000_7200_8000.png,inshore,train,1.0,137
2572.0,1,1,P0048_1200_2000_7300_8100.png,inshore,train,1.0,110
2573.0,1,1,P0048_1800_2600_1200_2000.png,offshore,val,1.0,14
2574.0,1,1,P0048_1800_2600_2400_3200.png,offshore,train,1.0,11
2575.0,1,1,P0048_1800_2600_3600_4400.png,offshore,test,1.0,11
2576.0,2,2,P0048_1800_2600_4200_5000.png,offshore,test,1.0,23
2577.0,1,1,P0048_1800_2600_4800_5600.png,offshore,val,1.0,12
2578.0,1,1,P0048_1800_2600_600_1400.png,offshore,test,1.0,13
2579.0,1,1,P0048_1800_2600_7300_8100.png,inshore,val,1.0,468
2580.0,1,1,P0048_2400_3200_2400_3200.png,offshore,train,1.0,9
2581.0,1,1,P0048_2400_3200_3600_4400.png,offshore,train,1.0,11
2582.0,3,3,P0048_2400_3200_4200_5000.png,offshore,test,1.0,30
2583.0,1,1,P0048_2900_3700_0_800.png,offshore,train,1.0,21
2584.0,1,1,P0048_2900_3700_3600_4400.png,offshore,train,1.0,14
2585.0,2,2,P0048_2900_3700_4200_5000.png,offshore,test,1.0,37
2586.0,1,1,P0048_2900_3700_4800_5600.png,offshore,train,1.0,34
2587.0,2,2,P0048_600_1400_1800_2600.png,offshore,train,1.0,20
2588.0,2,2,P0048_600_1400_2400_3200.png,offshore,test,1.0,21
2589.0,2,2,P0048_600_1400_3000_3800.png,offshore,train,1.0,30
2590.0,1,1,P0048_600_1400_3600_4400.png,offshore,train,1.0,20
2591.0,1,1,P0048_600_1400_4200_5000.png,offshore,train,1.0,17
2592.0,4,4,P0048_600_1400_4800_5600.png,offshore,val,1.0,50
2593.0,6,6,P0048_600_1400_5400_6200.png,offshore,train,1.0,70
2594.0,5,5,P0048_600_1400_6000_6800.png,offshore,train,1.0,38
2595.0,1,1,P0049_0_800_1800_2600.png,offshore,train,1.0,15
2596.0,1,1,P0049_0_800_2400_3200.png,offshore,train,1.0,12
2597.0,2,2,P0049_0_800_3000_3800.png,offshore,test,1.0,20
2598.0,1,1,P0049_0_800_3600_4400.png,offshore,test,1.0,9
2599.0,4,4,P0049_0_800_4200_5000.png,offshore,train,1.0,44
2600.0,5,5,P0049_0_800_4800_5600.png,offshore,train,1.0,49
2601.0,3,3,P0049_0_800_5400_6200.png,offshore,test,1.0,24
2602.0,1,1,P0049_0_800_600_1400.png,offshore,train,1.0,14
2603.0,2,2,P0049_1200_2000_1200_2000.png,offshore,val,1.0,15
2604.0,2,2,P0049_1200_2000_1800_2600.png,offshore,val,1.0,15
2605.0,2,2,P0049_1200_2000_2400_3200.png,offshore,train,1.0,25
2606.0,3,3,P0049_1200_2000_3000_3800.png,offshore,test,1.0,34
2607.0,5,5,P0049_1200_2000_3600_4400.png,offshore,train,1.0,44
2608.0,5,5,P0049_1200_2000_4200_5000.png,offshore,val,1.0,50
2609.0,1,1,P0049_1200_2000_4800_5600.png,offshore,train,1.0,18
2610.0,1,1,P0049_1200_2000_7000_7800.png,inshore,val,1.0,359
2611.0,1,1,P0049_1800_2600_1200_2000.png,offshore,train,1.0,10
2612.0,2,2,P0049_1800_2600_1800_2600.png,offshore,train,1.0,20
2613.0,2,2,P0049_1800_2600_2400_3200.png,offshore,test,1.0,22
2614.0,2,2,P0049_1800_2600_3000_3800.png,offshore,train,1.0,15
2615.0,3,3,P0049_1800_2600_3600_4400.png,offshore,train,1.0,39
2616.0,1,1,P0049_1800_2600_4200_5000.png,offshore,test,1.0,12
2617.0,1,1,P0049_2400_3200_2400_3200.png,offshore,val,1.0,12
2618.0,2,2,P0049_2400_3200_3600_4400.png,offshore,train,1.0,35
2619.0,1,1,P0049_3000_3800_2400_3200.png,offshore,train,1.0,12
2620.0,1,1,P0049_3000_3800_3600_4400.png,offshore,val,1.0,14
2621.0,1,1,P0049_3600_4400_2400_3200.png,offshore,train,1.0,10
2622.0,1,1,P0049_3600_4400_3000_3800.png,offshore,train,1.0,9
2623.0,1,1,P0049_600_1400_0_800.png,offshore,train,1.0,9
2624.0,1,1,P0049_600_1400_1200_2000.png,offshore,train,1.0,9
2625.0,2,2,P0049_600_1400_1800_2600.png,offshore,test,1.0,25
2626.0,2,2,P0049_600_1400_2400_3200.png,offshore,train,1.0,24
2627.0,3,3,P0049_600_1400_3000_3800.png,offshore,train,1.0,30
2628.0,3,3,P0049_600_1400_3600_4400.png,offshore,test,1.0,30
2629.0,4,4,P0049_600_1400_4200_5000.png,offshore,train,1.0,40
2630.0,4,4,P0049_600_1400_4800_5600.png,offshore,train,1.0,43
2631.0,4,4,P0049_600_1400_5400_6200.png,offshore,test,1.0,37
2632.0,1,1,P0049_600_1400_6000_6800.png,offshore,test,1.0,12
2633.0,1,1,P0049_600_1400_600_1400.png,offshore,train,1.0,12
2634.0,1,1,P0049_600_1400_7000_7800.png,offshore,train,1.0,18
2635.0,1,1,P0050_0_800_1200_2000.png,offshore,train,1.0,20
2636.0,1,1,P0050_0_800_4200_5000.png,offshore,val,1.0,13
2637.0,1,1,P0050_0_800_600_1400.png,offshore,train,1.0,11
2638.0,1,1,P0050_1200_2000_3000_3800.png,offshore,test,1.0,11
2639.0,1,1,P0050_1200_2000_3600_4400.png,offshore,train,1.0,11
2640.0,1,1,P0050_1200_2000_4200_5000.png,offshore,val,1.0,10
2641.0,1,1,P0050_1200_2000_4800_5600.png,offshore,train,1.0,14
2642.0,3,3,P0050_1200_2000_5400_6200.png,offshore,train,1.0,24
2643.0,4,4,P0050_1200_2000_6000_6800.png,offshore,train,1.0,37
2644.0,1,1,P0050_1200_2000_600_1400.png,offshore,train,1.0,12
2645.0,4,4,P0050_1200_2000_6600_7400.png,offshore,train,1.0,41
2646.0,1,1,P0050_1800_2600_1800_2600.png,offshore,train,1.0,7
2647.0,2,2,P0050_1800_2600_2400_3200.png,offshore,train,1.0,12
2648.0,2,2,P0050_1800_2600_3000_3800.png,offshore,val,1.0,12
2649.0,1,1,P0050_1800_2600_3600_4400.png,offshore,train,1.0,9
2650.0,3,3,P0050_1800_2600_4800_5600.png,offshore,train,1.0,15
2651.0,2,2,P0050_1800_2600_5400_6200.png,offshore,val,1.0,12
2652.0,2,2,P0050_1800_2600_6000_6800.png,offshore,val,1.0,21
2653.0,2,2,P0050_1800_2600_6600_7400.png,offshore,val,1.0,13
2654.0,1,1,P0050_2400_3200_1800_2600.png,offshore,test,1.0,9
2655.0,1,1,P0050_2400_3200_2400_3200.png,offshore,val,1.0,7
2656.0,1,1,P0050_2400_3200_3600_4400.png,offshore,train,1.0,14
2657.0,2,2,P0050_2400_3200_4200_5000.png,offshore,train,1.0,18
2658.0,3,3,P0050_2400_3200_4800_5600.png,offshore,train,1.0,18
2659.0,1,1,P0050_2400_3200_5400_6200.png,offshore,train,1.0,10
2660.0,1,1,P0050_2400_3200_7900_8700.png,inshore,train,1.0,319
2661.0,1,1,P0050_3000_3800_4800_5600.png,offshore,train,1.0,7
2662.0,1,1,P0050_3600_4400_4800_5600.png,offshore,train,1.0,11
2663.0,1,1,P0050_4200_5000_3000_3800.png,offshore,train,1.0,7
2664.0,1,1,P0050_4200_5000_3600_4400.png,offshore,train,1.0,7
2665.0,1,1,P0050_4200_5000_4800_5600.png,offshore,val,1.0,16
2666.0,1,1,P0050_5400_6200_0_800.png,offshore,val,1.0,15
2667.0,1,1,P0050_5400_6200_1800_2600.png,offshore,val,1.0,18
2668.0,1,1,P0050_5400_6200_2400_3200.png,offshore,train,1.0,18
2669.0,1,1,P0050_600_1400_5400_6200.png,offshore,val,1.0,6
2670.0,1,1,P0050_600_1400_600_1400.png,offshore,val,1.0,13
2671.0,1,1,P0051_0_800_0_800.png,offshore,val,1.0,8
2672.0,1,1,P0051_0_800_1200_2000.png,offshore,train,1.0,8
2673.0,1,1,P0051_0_800_1800_2600.png,offshore,test,1.0,7
2674.0,1,1,P0051_0_800_2400_3200.png,offshore,train,1.0,5
2675.0,1,1,P0051_0_800_3000_3800.png,offshore,val,1.0,8
2676.0,1,1,P0051_0_800_4200_5000.png,offshore,val,1.0,7
2677.0,3,3,P0051_0_800_4800_5600.png,offshore,val,1.0,19
2678.0,5,5,P0051_0_800_5400_6200.png,offshore,val,1.0,32
2679.0,3,3,P0051_0_800_6000_6800.png,offshore,val,1.0,16
2680.0,1,1,P0051_0_800_600_1400.png,offshore,train,1.0,12
2681.0,2,2,P0051_1200_2000_3000_3800.png,offshore,test,1.0,12
2682.0,1,1,P0051_1200_2000_3600_4400.png,offshore,val,1.0,8
2683.0,2,2,P0051_1200_2000_4800_5600.png,offshore,train,1.0,20
2684.0,1,1,P0051_1200_2000_7600_8400.png,inshore,train,1.0,325
2685.0,2,2,P0051_1800_2600_4200_5000.png,offshore,val,1.0,18
2686.0,1,1,P0051_1800_2600_4800_5600.png,offshore,train,1.0,14
2687.0,1,1,P0051_2400_3200_0_800.png,offshore,test,1.0,17
2688.0,1,1,P0051_2400_3200_3600_4400.png,offshore,val,1.0,13
2689.0,1,1,P0051_2400_3200_4200_5000.png,offshore,train,1.0,6
2690.0,1,1,P0051_3000_3800_3000_3800.png,offshore,train,1.0,5
2691.0,2,2,P0051_3000_3800_3600_4400.png,offshore,train,1.0,13
2692.0,1,1,P0051_600_1400_1800_2600.png,offshore,train,1.0,9
2693.0,1,1,P0051_600_1400_2400_3200.png,offshore,train,1.0,6
2694.0,2,2,P0051_600_1400_3000_3800.png,offshore,train,1.0,16
2695.0,1,1,P0051_600_1400_3600_4400.png,offshore,test,1.0,8
2696.0,1,1,P0051_600_1400_4200_5000.png,offshore,train,1.0,7
2697.0,3,3,P0051_600_1400_4800_5600.png,offshore,test,1.0,23
2698.0,5,5,P0051_600_1400_5400_6200.png,offshore,train,1.0,26
2699.0,4,4,P0051_600_1400_6000_6800.png,offshore,test,1.0,24
2700.0,2,2,P0052_0_800_0_800.png,offshore,train,1.0,18
2701.0,1,1,P0052_0_800_1200_2000.png,offshore,train,1.0,13
2702.0,1,1,P0052_0_800_4200_5000.png,offshore,train,1.0,16
2703.0,4,4,P0052_0_800_4800_5600.png,offshore,train,1.0,36
2704.0,3,3,P0052_0_800_5400_6200.png,offshore,train,1.0,25
2705.0,1,1,P0052_0_800_6000_6800.png,offshore,train,1.0,9
2706.0,2,2,P0052_0_800_600_1400.png,offshore,val,1.0,16
2707.0,1,1,P0052_1200_2000_3600_4400.png,offshore,train,1.0,10
2708.0,2,2,P0052_1200_2000_4200_5000.png,offshore,train,1.0,21
2709.0,2,2,P0052_1200_2000_4800_5600.png,offshore,train,1.0,18
2710.0,2,2,P0052_1200_2000_5400_6200.png,offshore,train,1.0,14
2711.0,1,1,P0052_1800_2600_0_800.png,offshore,train,1.0,12
2712.0,1,1,P0052_1800_2600_3000_3800.png,offshore,train,1.0,13
2713.0,1,1,P0052_1800_2600_3600_4400.png,offshore,train,1.0,7
2714.0,2,2,P0052_1800_2600_4200_5000.png,offshore,val,1.0,28
2715.0,2,2,P0052_1800_2600_4800_5600.png,offshore,train,1.0,17
2716.0,1,1,P0052_2400_3200_0_800.png,offshore,val,1.0,11
2717.0,2,2,P0052_2400_3200_4200_5000.png,offshore,train,1.0,25
2718.0,1,1,P0052_2800_3600_3600_4400.png,offshore,val,1.0,16
2719.0,2,2,P0052_2800_3600_4200_5000.png,offshore,val,1.0,15
2720.0,1,1,P0052_600_1400_1200_2000.png,offshore,train,1.0,14
2721.0,1,1,P0052_600_1400_3600_4400.png,offshore,train,1.0,19
2722.0,5,5,P0052_600_1400_4200_5000.png,offshore,train,1.0,47
2723.0,5,5,P0052_600_1400_4800_5600.png,offshore,train,1.0,46
2724.0,6,6,P0052_600_1400_5400_6200.png,offshore,train,1.0,41
2725.0,4,4,P0052_600_1400_6000_6800.png,offshore,train,1.0,44
2726.0,2,2,P0052_600_1400_6600_7400.png,offshore,train,1.0,23
2727.0,1,1,P0053_0_800_0_800.png,offshore,train,1.0,11
2728.0,1,1,P0053_0_800_1200_2000.png,offshore,val,1.0,9
2729.0,3,3,P0053_0_800_1800_2600.png,offshore,train,1.0,16
2730.0,2,2,P0053_0_800_2400_3200.png,offshore,val,1.0,13
2731.0,3,3,P0053_0_800_3000_3800.png,offshore,train,1.0,30
2732.0,5,5,P0053_0_800_3600_4400.png,offshore,train,1.0,33
2733.0,4,4,P0053_0_800_4200_5000.png,offshore,train,1.0,33
2734.0,2,2,P0053_0_800_4800_5600.png,offshore,train,1.0,20
2735.0,1,1,P0053_1200_2000_1200_2000.png,offshore,train,1.0,11
2736.0,2,2,P0053_1200_2000_1800_2600.png,offshore,train,1.0,16
2737.0,4,4,P0053_1200_2000_2400_3200.png,offshore,train,1.0,37
2738.0,3,3,P0053_1200_2000_3000_3800.png,offshore,train,1.0,23
2739.0,2,2,P0053_1200_2000_3600_4400.png,offshore,train,1.0,17
2740.0,2,2,P0053_1200_2000_4200_5000.png,offshore,train,1.0,15
2741.0,2,2,P0053_1200_2000_600_1400.png,offshore,train,1.0,10
2742.0,1,1,P0053_1800_2600_1200_2000.png,offshore,train,1.0,7
2743.0,1,1,P0053_1800_2600_1800_2600.png,offshore,train,1.0,14
2744.0,1,1,P0053_1800_2600_2400_3200.png,offshore,train,1.0,12
2745.0,1,1,P0053_1800_2600_3000_3800.png,offshore,train,1.0,11
2746.0,2,2,P0053_2400_3200_0_800.png,offshore,val,1.0,10
2747.0,1,1,P0053_2400_3200_1200_2000.png,offshore,train,1.0,9
2748.0,1,1,P0053_2400_3200_2400_3200.png,offshore,train,1.0,18
2749.0,1,1,P0053_2400_3200_3000_3800.png,offshore,train,1.0,10
2750.0,2,2,P0053_2600_3400_0_800.png,offshore,train,1.0,10
2751.0,1,1,P0053_2600_3400_2400_3200.png,offshore,test,1.0,20
2752.0,2,2,P0053_2600_3400_3000_3800.png,offshore,train,1.0,19
2753.0,1,1,P0053_600_1400_0_800.png,offshore,train,1.0,17
2754.0,1,1,P0053_600_1400_1200_2000.png,offshore,test,1.0,11
2755.0,4,4,P0053_600_1400_1800_2600.png,offshore,val,1.0,22
2756.0,3,3,P0053_600_1400_2400_3200.png,offshore,train,1.0,22
2757.0,5,5,P0053_600_1400_3000_3800.png,offshore,train,1.0,32
2758.0,4,4,P0053_600_1400_3600_4400.png,offshore,val,1.0,28
2759.0,5,5,P0053_600_1400_4200_5000.png,offshore,val,1.0,45
2760.0,4,4,P0053_600_1400_4800_5600.png,offshore,train,1.0,42
2761.0,1,1,P0054_0_800_0_800.png,offshore,train,1.0,11
2762.0,1,1,P0054_0_800_1200_2000.png,offshore,test,1.0,6
2763.0,1,1,P0054_0_800_1800_2600.png,offshore,test,1.0,8
2764.0,1,1,P0054_0_800_2400_3200.png,offshore,train,1.0,13
2765.0,1,1,P0054_0_800_3000_3800.png,offshore,train,1.0,10
2766.0,2,2,P0054_0_800_3600_4400.png,offshore,train,1.0,16
2767.0,2,2,P0054_0_800_4200_5000.png,offshore,train,1.0,14
2768.0,2,2,P0054_0_800_4800_5600.png,offshore,train,1.0,18
2769.0,5,5,P0054_0_800_5400_6200.png,offshore,train,1.0,40
2770.0,5,5,P0054_0_800_6000_6800.png,offshore,train,1.0,44
2771.0,1,1,P0054_0_800_600_1400.png,offshore,train,1.0,17
2772.0,4,4,P0054_0_800_6200_7000.png,offshore,train,1.0,29
2773.0,2,2,P0054_1200_2000_2400_3200.png,offshore,train,1.0,14
2774.0,3,3,P0054_1200_2000_3000_3800.png,offshore,test,1.0,21
2775.0,2,2,P0054_1200_2000_3600_4400.png,offshore,train,1.0,11
2776.0,1,1,P0054_1200_2000_4200_5000.png,offshore,train,1.0,6
2777.0,2,2,P0054_1200_2000_4800_5600.png,offshore,train,1.0,13
2778.0,2,2,P0054_1200_2000_5400_6200.png,offshore,test,1.0,12
2779.0,1,1,P0054_1200_2000_6000_6800.png,offshore,train,1.0,10
2780.0,1,1,P0054_1200_2000_6200_7000.png,offshore,test,1.0,8
2781.0,1,1,P0054_1800_2600_1200_2000.png,offshore,test,1.0,8
2782.0,1,1,P0054_1800_2600_2400_3200.png,offshore,train,1.0,9
2783.0,1,1,P0054_1800_2600_3000_3800.png,offshore,train,1.0,4
2784.0,1,1,P0054_1800_2600_3600_4400.png,offshore,val,1.0,9
2785.0,2,2,P0054_1800_2600_4200_5000.png,offshore,test,1.0,13
2786.0,1,1,P0054_1800_2600_4800_5600.png,offshore,val,1.0,6
2787.0,1,1,P0054_2400_3200_1200_2000.png,offshore,train,1.0,11
2788.0,1,1,P0054_2400_3200_3000_3800.png,offshore,train,1.0,8
2789.0,1,1,P0054_2400_3200_4200_5000.png,offshore,train,1.0,9
2790.0,1,1,P0054_2400_3200_4800_5600.png,offshore,train,1.0,12
2791.0,1,1,P0054_3000_3800_0_800.png,offshore,train,1.0,11
2792.0,1,1,P0054_3000_3800_4200_5000.png,offshore,train,1.0,9
2793.0,1,1,P0054_3400_4200_3000_3800.png,offshore,train,1.0,11
2794.0,1,1,P0054_3400_4200_4200_5000.png,offshore,test,1.0,15
2795.0,1,1,P0054_600_1400_1200_2000.png,offshore,train,1.0,7
2796.0,1,1,P0054_600_1400_1800_2600.png,offshore,train,1.0,11
2797.0,2,2,P0054_600_1400_2400_3200.png,offshore,train,1.0,17
2798.0,2,2,P0054_600_1400_3000_3800.png,offshore,train,1.0,20
2799.0,2,2,P0054_600_1400_3600_4400.png,offshore,train,1.0,19
2800.0,2,2,P0054_600_1400_4200_5000.png,offshore,train,1.0,17
2801.0,4,4,P0054_600_1400_4800_5600.png,offshore,val,1.0,43
2802.0,5,5,P0054_600_1400_5400_6200.png,offshore,train,1.0,34
2803.0,6,6,P0054_600_1400_6000_6800.png,offshore,train,1.0,48
2804.0,1,1,P0054_600_1400_600_1400.png,offshore,test,1.0,13
2805.0,5,5,P0054_600_1400_6200_7000.png,offshore,train,1.0,39
2806.0,2,2,P0055_0_800_0_800.png,offshore,train,1.0,18
2807.0,1,1,P0055_0_800_1200_2000.png,offshore,train,1.0,5
2808.0,1,1,P0055_0_800_1800_2600.png,offshore,train,1.0,7
2809.0,1,1,P0055_0_800_3000_3800.png,offshore,train,1.0,4
2810.0,2,2,P0055_0_800_3600_4400.png,offshore,train,1.0,13
2811.0,2,2,P0055_0_800_4200_5000.png,offshore,train,1.0,16
2812.0,4,4,P0055_0_800_4800_5600.png,offshore,train,1.0,27
2813.0,7,7,P0055_0_800_5400_6200.png,offshore,val,1.0,73
2814.0,3,3,P0055_0_800_5900_6700.png,offshore,train,1.0,38
2815.0,1,1,P0055_0_800_600_1400.png,offshore,train,1.0,8
2816.0,1,1,P0055_1200_2000_0_800.png,offshore,train,1.0,11
2817.0,2,2,P0055_1200_2000_1200_2000.png,offshore,test,1.0,20
2818.0,2,2,P0055_1200_2000_1800_2600.png,offshore,train,1.0,18
2819.0,1,1,P0055_1200_2000_2400_3200.png,offshore,train,1.0,6
2820.0,3,3,P0055_1200_2000_3000_3800.png,offshore,train,1.0,23
2821.0,1,1,P0055_1200_2000_3600_4400.png,offshore,train,1.0,8
2822.0,2,2,P0055_1200_2000_4200_5000.png,offshore,train,1.0,23
2823.0,2,2,P0055_1200_2000_4800_5600.png,offshore,val,1.0,16
2824.0,1,1,P0055_1200_2000_5400_6200.png,offshore,val,1.0,14
2825.0,1,1,P0055_1200_2000_5900_6700.png,offshore,test,1.0,15
2826.0,2,2,P0055_1200_2000_600_1400.png,offshore,val,1.0,25
2827.0,1,1,P0055_1800_2600_0_800.png,offshore,test,1.0,11
2828.0,1,1,P0055_1800_2600_1800_2600.png,offshore,val,1.0,11
2829.0,1,1,P0055_1800_2600_2400_3200.png,offshore,train,1.0,6
2830.0,2,2,P0055_1800_2600_3000_3800.png,offshore,test,1.0,19
2831.0,3,3,P0055_1800_2600_3600_4400.png,offshore,train,1.0,14
2832.0,3,3,P0055_1800_2600_4200_5000.png,offshore,val,1.0,26
2833.0,1,1,P0055_2400_3200_0_800.png,offshore,train,1.0,11
2834.0,1,1,P0055_2400_3200_1800_2600.png,offshore,train,1.0,11
2835.0,2,2,P0055_2400_3200_2400_3200.png,offshore,train,1.0,10
2836.0,1,1,P0055_2400_3200_3000_3800.png,offshore,train,1.0,11
2837.0,1,1,P0055_2400_3200_4200_5000.png,offshore,train,1.0,12
2838.0,1,1,P0055_3000_3800_1200_2000.png,offshore,train,1.0,9
2839.0,1,1,P0055_3000_3800_1800_2600.png,offshore,train,1.0,6
2840.0,1,1,P0055_3000_3800_2400_3200.png,offshore,train,1.0,8
2841.0,1,1,P0055_3000_3800_3600_4400.png,offshore,test,1.0,12
2842.0,2,2,P0055_3000_3800_4200_5000.png,offshore,train,1.0,22
2843.0,1,1,P0055_3600_4400_2400_3200.png,offshore,test,1.0,10
2844.0,1,1,P0055_3600_4400_3000_3800.png,offshore,train,1.0,10
2845.0,1,1,P0055_3600_4400_3600_4400.png,offshore,train,1.0,7
2846.0,1,1,P0055_3900_4700_2400_3200.png,offshore,train,1.0,10
2847.0,2,2,P0055_3900_4700_3000_3800.png,offshore,val,1.0,25
2848.0,1,1,P0055_3900_4700_3600_4400.png,offshore,val,1.0,10
2849.0,1,1,P0055_600_1400_0_800.png,offshore,train,1.0,7
2850.0,2,2,P0055_600_1400_1200_2000.png,offshore,train,1.0,17
2851.0,2,2,P0055_600_1400_1800_2600.png,offshore,train,1.0,14
2852.0,2,2,P0055_600_1400_3000_3800.png,offshore,train,1.0,12
2853.0,3,3,P0055_600_1400_3600_4400.png,offshore,train,1.0,21
2854.0,2,2,P0055_600_1400_4200_5000.png,offshore,train,1.0,20
2855.0,2,2,P0055_600_1400_4800_5600.png,offshore,test,1.0,14
2856.0,4,4,P0055_600_1400_5400_6200.png,offshore,test,1.0,37
2857.0,4,4,P0055_600_1400_5900_6700.png,offshore,train,1.0,32
2858.0,2,2,P0055_600_1400_600_1400.png,offshore,train,1.0,21
2859.0,1,1,P0056_0_800_0_800.png,offshore,val,1.0,23
2860.0,2,2,P0056_0_800_4200_5000.png,offshore,train,1.0,41
2861.0,3,3,P0056_0_800_4800_5600.png,offshore,train,1.0,50
2862.0,1,1,P0056_0_800_5400_6200.png,offshore,train,1.0,27
2863.0,3,3,P0056_1200_2000_1200_2000.png,offshore,train,1.0,23
2864.0,3,3,P0056_1200_2000_1800_2600.png,offshore,train,1.0,32
2865.0,3,3,P0056_1200_2000_2400_3200.png,offshore,test,1.0,70
2866.0,3,3,P0056_1200_2000_3000_3800.png,offshore,train,1.0,70
2867.0,6,6,P0056_1200_2000_3600_4400.png,offshore,train,1.0,103
2868.0,5,5,P0056_1200_2000_4200_5000.png,offshore,val,1.0,95
2869.0,7,7,P0056_1200_2000_4800_5600.png,offshore,train,1.0,125
2870.0,6,6,P0056_1200_2000_5400_6200.png,offshore,train,1.0,131
2871.0,6,6,P0056_1200_2000_6000_6800.png,offshore,val,1.0,70
2872.0,1,1,P0056_1200_2000_600_1400.png,offshore,train,1.0,7
2873.0,2,2,P0056_1200_2000_6600_7400.png,offshore,train,1.0,18
2874.0,1,1,P0056_1200_2000_7600_8400.png,offshore,val,1.0,70
2875.0,1,1,P0056_1800_2600_0_800.png,offshore,train,1.0,44
2876.0,1,1,P0056_1800_2600_1200_2000.png,offshore,train,1.0,25
2877.0,2,2,P0056_1800_2600_1800_2600.png,offshore,train,1.0,33
2878.0,2,2,P0056_1800_2600_2400_3200.png,offshore,test,1.0,26
2879.0,2,2,P0056_1800_2600_3000_3800.png,offshore,train,1.0,39
2880.0,4,4,P0056_1800_2600_3600_4400.png,offshore,test,1.0,64
2881.0,5,5,P0056_1800_2600_4200_5000.png,offshore,train,1.0,80
2882.0,4,4,P0056_1800_2600_4800_5600.png,offshore,test,1.0,99
2883.0,1,1,P0056_1800_2600_600_1400.png,offshore,train,1.0,50
2884.0,1,1,P0056_1800_2600_7600_8400.png,inshore,train,1.0,451
2885.0,1,1,P0056_2400_3200_1200_2000.png,offshore,train,1.0,17
2886.0,2,2,P0056_2400_3200_1800_2600.png,offshore,train,1.0,13
2887.0,1,1,P0056_2400_3200_2400_3200.png,offshore,train,1.0,38
2888.0,3,3,P0056_2400_3200_3000_3800.png,offshore,train,1.0,76
2889.0,3,3,P0056_2400_3200_3600_4400.png,offshore,train,1.0,61
2890.0,5,5,P0056_2400_3200_4200_5000.png,offshore,test,1.0,75
2891.0,3,3,P0056_2400_3200_4800_5600.png,offshore,train,1.0,45
2892.0,2,2,P0056_3000_3800_1200_2000.png,offshore,train,1.0,16
2893.0,2,2,P0056_3000_3800_1800_2600.png,offshore,train,1.0,20
2894.0,1,1,P0056_3000_3800_2400_3200.png,offshore,train,1.0,50
2895.0,2,2,P0056_3000_3800_3000_3800.png,offshore,train,1.0,72
2896.0,1,1,P0056_3000_3800_3600_4400.png,offshore,train,1.0,47
2897.0,3,3,P0056_3000_3800_4200_5000.png,offshore,train,1.0,60
2898.0,2,2,P0056_3000_3800_4800_5600.png,offshore,train,1.0,44
2899.0,1,1,P0056_3600_4400_1200_2000.png,offshore,train,1.0,13
2900.0,1,1,P0056_3600_4400_1800_2600.png,offshore,train,1.0,20
2901.0,1,1,P0056_3600_4400_3600_4400.png,offshore,train,1.0,45
2902.0,1,1,P0056_3600_4400_4200_5000.png,offshore,test,1.0,37
2903.0,2,2,P0056_4200_5000_4200_5000.png,offshore,val,1.0,42
2904.0,1,1,P0056_4200_5000_4800_5600.png,offshore,val,1.0,33
2905.0,1,1,P0056_4500_5300_3600_4400.png,offshore,val,1.0,35
2906.0,3,3,P0056_4500_5300_4200_5000.png,offshore,val,1.0,44
2907.0,1,1,P0056_4500_5300_4800_5600.png,offshore,test,1.0,19
2908.0,2,2,P0056_600_1400_0_800.png,offshore,train,1.0,29
2909.0,2,2,P0056_600_1400_1200_2000.png,offshore,train,1.0,21
2910.0,2,2,P0056_600_1400_1800_2600.png,offshore,train,1.0,12
2911.0,2,2,P0056_600_1400_2400_3200.png,offshore,train,1.0,25
2912.0,3,3,P0056_600_1400_3000_3800.png,offshore,test,1.0,49
2913.0,3,3,P0056_600_1400_3600_4400.png,offshore,test,1.0,66
2914.0,4,4,P0056_600_1400_4200_5000.png,offshore,train,1.0,76
2915.0,7,7,P0056_600_1400_4800_5600.png,offshore,train,1.0,80
2916.0,8,8,P0056_600_1400_5400_6200.png,offshore,val,1.0,97
2917.0,7,7,P0056_600_1400_6000_6800.png,offshore,train,1.0,45
2918.0,2,2,P0056_600_1400_600_1400.png,offshore,test,1.0,16
2919.0,2,2,P0056_600_1400_6600_7400.png,offshore,train,1.0,10
2920.0,1,1,P0057_0_800_0_800.png,offshore,train,1.0,15
2921.0,1,1,P0057_0_800_1200_2000.png,offshore,test,1.0,24
2922.0,1,1,P0057_0_800_2400_3200.png,offshore,train,1.0,7
2923.0,1,1,P0057_0_800_3000_3800.png,offshore,train,1.0,11
2924.0,1,1,P0057_0_800_3600_4400.png,offshore,val,1.0,13
2925.0,4,4,P0057_0_800_4200_5000.png,offshore,train,1.0,37
2926.0,8,8,P0057_0_800_4800_5600.png,offshore,train,1.0,47
2927.0,6,6,P0057_0_800_5400_6200.png,offshore,train,1.0,52
2928.0,3,3,P0057_0_800_5700_6500.png,offshore,train,1.0,52
2929.0,1,1,P0057_0_800_600_1400.png,offshore,val,1.0,22
2930.0,1,1,P0057_1200_2000_0_800.png,offshore,train,1.0,22
2931.0,1,1,P0057_1200_2000_1200_2000.png,offshore,test,1.0,13
2932.0,2,2,P0057_1200_2000_2400_3200.png,offshore,train,1.0,28
2933.0,2,2,P0057_1200_2000_3000_3800.png,offshore,test,1.0,163
2934.0,4,4,P0057_1200_2000_3600_4400.png,offshore,test,1.0,54
2935.0,3,3,P0057_1200_2000_4200_5000.png,offshore,train,1.0,38
2936.0,2,2,P0057_1200_2000_4800_5600.png,offshore,val,1.0,64
2937.0,1,1,P0057_1200_2000_600_1400.png,offshore,train,1.0,20
2938.0,1,1,P0057_1800_2600_0_800.png,offshore,train,1.0,18
2939.0,1,1,P0057_1800_2600_1200_2000.png,offshore,train,1.0,21
2940.0,1,1,P0057_1800_2600_1800_2600.png,offshore,train,1.0,17
2941.0,1,1,P0057_1800_2600_2400_3200.png,offshore,train,1.0,16
2942.0,2,2,P0057_1800_2600_3000_3800.png,offshore,val,1.0,119
2943.0,2,2,P0057_1800_2600_3600_4400.png,offshore,train,1.0,50
2944.0,1,1,P0057_1800_2600_4200_5000.png,offshore,test,1.0,12
2945.0,1,1,P0057_1800_2600_600_1400.png,offshore,train,1.0,15
2946.0,1,1,P0057_2400_3200_0_800.png,offshore,train,1.0,18
2947.0,2,2,P0057_2400_3200_1200_2000.png,offshore,test,1.0,16
2948.0,1,1,P0057_2400_3200_1800_2600.png,offshore,train,1.0,10
2949.0,1,1,P0057_2400_3200_2400_3200.png,offshore,test,1.0,6
2950.0,1,1,P0057_2400_3200_3000_3800.png,offshore,train,1.0,11
2951.0,1,1,P0057_2400_3200_3600_4400.png,offshore,train,1.0,6
2952.0,2,2,P0057_2400_3200_600_1400.png,offshore,train,1.0,33
2953.0,1,1,P0057_3000_3800_1200_2000.png,offshore,train,1.0,5
2954.0,1,1,P0057_3000_3800_3000_3800.png,offshore,train,1.0,8
2955.0,1,1,P0057_3000_3800_3600_4400.png,offshore,train,1.0,7
2956.0,1,1,P0057_3600_4400_0_800.png,offshore,train,1.0,8
2957.0,1,1,P0057_3600_4400_2400_3200.png,offshore,train,1.0,4
2958.0,1,1,P0057_3600_4400_3000_3800.png,offshore,train,1.0,8
2959.0,1,1,P0057_3600_4400_3600_4400.png,offshore,train,1.0,5
2960.0,2,2,P0057_600_1400_0_800.png,offshore,train,1.0,18
2961.0,2,2,P0057_600_1400_2400_3200.png,offshore,test,1.0,20
2962.0,2,2,P0057_600_1400_3600_4400.png,offshore,train,1.0,20
2963.0,2,2,P0057_600_1400_4200_5000.png,offshore,train,1.0,42
2964.0,6,6,P0057_600_1400_4800_5600.png,offshore,train,1.0,53
2965.0,5,5,P0057_600_1400_5400_6200.png,offshore,train,1.0,51
2966.0,3,3,P0057_600_1400_5700_6500.png,offshore,train,1.0,48
2967.0,2,2,P0057_600_1400_600_1400.png,offshore,train,1.0,26
2968.0,1,1,P0058_0_800_1200_2000.png,offshore,train,1.0,33
2969.0,1,1,P0058_0_800_1800_2600.png,offshore,train,1.0,31
2970.0,2,2,P0058_0_800_2400_3200.png,offshore,test,1.0,42
2971.0,2,2,P0058_0_800_3000_3800.png,offshore,train,1.0,45
2972.0,3,3,P0058_0_800_3600_4400.png,offshore,train,1.0,31
2973.0,7,7,P0058_0_800_4200_5000.png,offshore,train,1.0,66
2974.0,4,4,P0058_0_800_4800_5600.png,offshore,test,1.0,57
2975.0,2,2,P0058_0_800_5200_6000.png,offshore,val,1.0,34
2976.0,2,2,P0058_1200_2000_1200_2000.png,offshore,train,1.0,29
2977.0,2,2,P0058_1200_2000_1800_2600.png,offshore,val,1.0,28
2978.0,3,3,P0058_1200_2000_2400_3200.png,offshore,test,1.0,34
2979.0,1,1,P0058_1200_2000_3000_3800.png,offshore,val,1.0,29
2980.0,1,1,P0058_1200_2000_3600_4400.png,offshore,train,1.0,21
2981.0,2,2,P0058_1200_2000_4200_5000.png,offshore,train,1.0,29
2982.0,1,1,P0058_1200_2000_600_1400.png,offshore,train,1.0,40
2983.0,1,1,P0058_1800_2600_0_800.png,offshore,train,1.0,35
2984.0,2,2,P0058_1800_2600_1200_2000.png,offshore,val,1.0,36
2985.0,2,2,P0058_1800_2600_1800_2600.png,offshore,val,1.0,29
2986.0,1,1,P0058_1800_2600_2400_3200.png,offshore,train,1.0,19
2987.0,1,1,P0058_1800_2600_3000_3800.png,offshore,val,1.0,27
2988.0,3,3,P0058_1800_2600_3600_4400.png,offshore,train,1.0,51
2989.0,2,2,P0058_1800_2600_4200_5000.png,offshore,train,1.0,30
2990.0,1,1,P0058_2400_3200_1200_2000.png,offshore,train,1.0,34
2991.0,1,1,P0058_2400_3200_1800_2600.png,offshore,val,1.0,28
2992.0,1,1,P0058_2400_3200_2400_3200.png,offshore,train,1.0,29
2993.0,1,1,P0058_2400_3200_3000_3800.png,offshore,train,1.0,24
2994.0,1,1,P0058_2400_3200_3600_4400.png,offshore,train,1.0,27
2995.0,1,1,P0058_2900_3700_1200_2000.png,offshore,train,1.0,32
2996.0,1,1,P0058_2900_3700_2400_3200.png,offshore,train,1.0,61
2997.0,1,1,P0058_2900_3700_3000_3800.png,offshore,train,1.0,57
2998.0,1,1,P0058_2900_3700_3600_4400.png,offshore,train,1.0,14
2999.0,1,1,P0058_600_1400_0_800.png,offshore,train,1.0,38
3000.0,2,2,P0058_600_1400_1200_2000.png,offshore,test,1.0,38
3001.0,1,1,P0058_600_1400_1800_2600.png,offshore,train,1.0,24
3002.0,3,3,P0058_600_1400_2400_3200.png,offshore,val,1.0,34
3003.0,2,2,P0058_600_1400_3000_3800.png,offshore,train,1.0,33
3004.0,2,2,P0058_600_1400_3600_4400.png,offshore,train,1.0,32
3005.0,4,4,P0058_600_1400_4200_5000.png,offshore,train,1.0,55
3006.0,3,3,P0058_600_1400_4800_5600.png,offshore,train,1.0,38
3007.0,3,3,P0058_600_1400_5200_6000.png,offshore,train,1.0,39
3008.0,2,2,P0058_600_1400_600_1400.png,offshore,train,1.0,38
3009.0,1,1,P0059_0_800_4200_5000.png,offshore,train,1.0,61
3010.0,2,2,P0059_0_800_4800_5600.png,offshore,train,1.0,91
3011.0,1,1,P0059_0_800_6600_7400.png,offshore,train,1.0,54
3012.0,1,1,P0059_1200_2000_1200_2000.png,offshore,train,1.0,91
3013.0,2,2,P0059_1200_2000_1800_2600.png,offshore,train,1.0,70
3014.0,2,2,P0059_1200_2000_2400_3200.png,offshore,train,1.0,69
3015.0,3,3,P0059_1200_2000_3000_3800.png,offshore,train,1.0,64
3016.0,3,3,P0059_1200_2000_3600_4400.png,offshore,test,1.0,72
3017.0,2,2,P0059_1200_2000_4200_5000.png,offshore,train,1.0,64
3018.0,2,2,P0059_1200_2000_4800_5600.png,offshore,test,1.0,63
3019.0,3,3,P0059_1200_2000_5400_6200.png,offshore,train,1.0,65
3020.0,6,6,P0059_1200_2000_6000_6800.png,offshore,train,1.0,90
3021.0,8,8,P0059_1200_2000_6600_7400.png,offshore,train,1.0,82
3022.0,1,1,P0059_1200_2000_7200_8000.png,offshore,train,1.0,28
3023.0,1,1,P0059_1800_2600_1800_2600.png,offshore,train,1.0,68
3024.0,2,2,P0059_1800_2600_2400_3200.png,offshore,val,1.0,60
3025.0,2,2,P0059_1800_2600_3000_3800.png,offshore,train,1.0,61
3026.0,1,1,P0059_1800_2600_3600_4400.png,offshore,train,1.0,53
3027.0,3,3,P0059_1800_2600_4200_5000.png,offshore,train,1.0,68
3028.0,4,4,P0059_1800_2600_4800_5600.png,offshore,train,1.0,63
3029.0,4,4,P0059_1800_2600_5400_6200.png,offshore,train,1.0,65
3030.0,3,3,P0059_1800_2600_6000_6800.png,offshore,train,1.0,51
3031.0,1,1,P0059_1800_2600_6600_7400.png,offshore,test,1.0,35
3032.0,1,1,P0059_1800_2600_8000_8800.png,inshore,train,1.0,342
3033.0,1,1,P0059_2400_3200_2400_3200.png,offshore,train,1.0,56
3034.0,2,2,P0059_2400_3200_3000_3800.png,offshore,train,1.0,64
3035.0,1,1,P0059_2400_3200_3600_4400.png,offshore,test,1.0,58
3036.0,1,1,P0059_2400_3200_4200_5000.png,offshore,train,1.0,56
3037.0,2,2,P0059_2400_3200_4800_5600.png,offshore,train,1.0,59
3038.0,2,2,P0059_2400_3200_5400_6200.png,offshore,train,1.0,59
3039.0,1,1,P0059_3000_3800_3000_3800.png,offshore,train,1.0,52
3040.0,1,1,P0059_3000_3800_3600_4400.png,offshore,train,1.0,60
3041.0,2,2,P0059_3000_3800_4200_5000.png,offshore,train,1.0,60
3042.0,1,1,P0059_3000_3800_4800_5600.png,offshore,train,1.0,57
3043.0,1,1,P0059_3000_3800_5400_6200.png,offshore,train,1.0,56
3044.0,1,1,P0059_3600_4400_0_800.png,offshore,train,1.0,124
3045.0,1,1,P0059_3600_4400_2400_3200.png,offshore,train,1.0,54
3046.0,1,1,P0059_3600_4400_3000_3800.png,offshore,train,1.0,58
3047.0,1,1,P0059_3600_4400_3600_4400.png,offshore,train,1.0,60
3048.0,1,1,P0059_3600_4400_4200_5000.png,offshore,train,1.0,53
3049.0,1,1,P0059_3600_4400_4800_5600.png,offshore,val,1.0,53
3050.0,1,1,P0059_4200_5000_0_800.png,offshore,train,1.0,108
3051.0,1,1,P0059_4200_5000_3000_3800.png,offshore,val,1.0,60
3052.0,1,1,P0059_4200_5000_3600_4400.png,offshore,train,1.0,44
3053.0,1,1,P0059_4400_5200_3000_3800.png,offshore,val,1.0,60
3054.0,1,1,P0059_4400_5200_3600_4400.png,offshore,val,1.0,39
3055.0,1,1,P0059_4400_5200_4200_5000.png,offshore,test,1.0,37
3056.0,1,1,P0059_600_1400_2400_3200.png,offshore,train,1.0,63
3057.0,1,1,P0059_600_1400_3000_3800.png,offshore,test,1.0,62
3058.0,1,1,P0059_600_1400_3600_4400.png,offshore,train,1.0,61
3059.0,1,1,P0059_600_1400_4200_5000.png,offshore,train,1.0,65
3060.0,1,1,P0059_600_1400_4800_5600.png,offshore,train,1.0,70
3061.0,2,2,P0059_600_1400_5400_6200.png,offshore,train,1.0,66
3062.0,2,2,P0059_600_1400_6000_6800.png,offshore,train,1.0,60
3063.0,1,1,P0059_600_1400_6600_7400.png,offshore,train,1.0,54
3064.0,1,1,P0060_0_800_3600_4400.png,offshore,train,1.0,60
3065.0,2,2,P0060_1200_2000_1200_2000.png,offshore,test,1.0,76
3066.0,2,2,P0060_1200_2000_1800_2600.png,offshore,train,1.0,85
3067.0,2,2,P0060_1200_2000_2400_3200.png,offshore,train,1.0,83
3068.0,1,1,P0060_1200_2000_3000_3800.png,offshore,val,1.0,75
3069.0,2,2,P0060_1200_2000_3600_4400.png,offshore,train,1.0,79
3070.0,2,2,P0060_1200_2000_4200_5000.png,offshore,train,1.0,75
3071.0,3,3,P0060_1200_2000_4800_5600.png,offshore,train,1.0,81
3072.0,7,7,P0060_1200_2000_5400_6200.png,offshore,train,1.0,114
3073.0,7,7,P0060_1200_2000_6000_6800.png,offshore,train,1.0,87
3074.0,5,5,P0060_1200_2000_6500_7300.png,offshore,train,1.0,69
3075.0,1,1,P0060_1800_2600_1200_2000.png,offshore,train,1.0,74
3076.0,2,2,P0060_1800_2600_1800_2600.png,offshore,train,1.0,80
3077.0,2,2,P0060_1800_2600_2400_3200.png,offshore,train,1.0,61
3078.0,2,2,P0060_1800_2600_3000_3800.png,offshore,val,1.0,66
3079.0,3,3,P0060_1800_2600_3600_4400.png,offshore,train,1.0,74
3080.0,1,1,P0060_1800_2600_4200_5000.png,offshore,train,1.0,74
3081.0,2,2,P0060_1800_2600_4800_5600.png,offshore,train,1.0,64
3082.0,5,5,P0060_1800_2600_5400_6200.png,offshore,train,1.0,101
3083.0,7,7,P0060_1800_2600_6000_6800.png,offshore,train,1.0,108
3084.0,1,1,P0060_1800_2600_600_1400.png,offshore,train,1.0,76
3085.0,3,3,P0060_1800_2600_6500_7300.png,offshore,val,1.0,67
3086.0,1,1,P0060_2400_3200_3000_3800.png,offshore,train,1.0,60
3087.0,3,3,P0060_2400_3200_3600_4400.png,offshore,train,1.0,81
3088.0,4,4,P0060_2400_3200_4200_5000.png,offshore,test,1.0,80
3089.0,5,5,P0060_2400_3200_4800_5600.png,offshore,train,1.0,97
3090.0,2,2,P0060_2400_3200_600_1400.png,offshore,train,1.0,90
3091.0,1,1,P0060_3000_3800_2400_3200.png,offshore,train,1.0,60
3092.0,2,2,P0060_3000_3800_3600_4400.png,offshore,val,1.0,69
3093.0,2,2,P0060_3000_3800_4200_5000.png,offshore,train,1.0,70
3094.0,2,2,P0060_3000_3800_4800_5600.png,offshore,train,1.0,71
3095.0,1,1,P0060_3600_4400_3000_3800.png,offshore,test,1.0,57
3096.0,1,1,P0060_3600_4400_3600_4400.png,offshore,test,1.0,57
3097.0,2,2,P0060_3600_4400_4200_5000.png,offshore,train,1.0,74
3098.0,1,1,P0060_3600_4400_4800_5600.png,offshore,train,1.0,66
3099.0,1,1,P0060_4200_5000_0_800.png,offshore,val,1.0,56
3100.0,2,2,P0060_4200_5000_4200_5000.png,offshore,train,1.0,91
3101.0,1,1,P0060_4800_5600_3000_3800.png,offshore,train,1.0,81
3102.0,1,1,P0060_4800_5600_3600_4400.png,offshore,train,1.0,87
3103.0,2,2,P0060_4800_5600_4200_5000.png,offshore,train,1.0,85
3104.0,1,1,P0060_4900_5700_3000_3800.png,offshore,train,1.0,77
3105.0,1,1,P0060_4900_5700_3600_4400.png,offshore,val,1.0,86
3106.0,3,3,P0060_4900_5700_4200_5000.png,offshore,train,1.0,96
3107.0,1,1,P0060_600_1400_2400_3200.png,offshore,train,1.0,66
3108.0,1,1,P0060_600_1400_4200_5000.png,offshore,test,1.0,67
3109.0,1,1,P0060_600_1400_4800_5600.png,offshore,val,1.0,72
3110.0,3,3,P0060_600_1400_5400_6200.png,offshore,train,1.0,72
3111.0,1,1,P0060_600_1400_6000_6800.png,offshore,train,1.0,44
3112.0,2,2,P0061_0_800_0_800.png,offshore,val,1.0,155
3113.0,2,2,P0061_0_800_1200_2000.png,offshore,train,1.0,151
3114.0,1,1,P0061_0_800_1800_2600.png,offshore,test,1.0,149
3115.0,2,2,P0061_0_800_3000_3800.png,offshore,train,1.0,151
3116.0,2,2,P0061_0_800_3600_4400.png,offshore,test,1.0,131
3117.0,4,4,P0061_0_800_4200_5000.png,offshore,train,1.0,139
3118.0,7,7,P0061_0_800_4800_5600.png,offshore,train,1.0,145
3119.0,7,7,P0061_0_800_5400_6200.png,offshore,test,1.0,138
3120.0,5,5,P0061_0_800_5700_6500.png,offshore,train,1.0,129
3121.0,2,2,P0061_0_800_600_1400.png,offshore,val,1.0,161
3122.0,1,1,P0061_1200_2000_0_800.png,offshore,train,1.0,126
3123.0,1,1,P0061_1200_2000_1200_2000.png,offshore,train,1.0,91
3124.0,2,2,P0061_1200_2000_2400_3200.png,offshore,train,1.0,120
3125.0,1,1,P0061_1200_2000_3000_3800.png,offshore,train,1.0,122
3126.0,3,3,P0061_1200_2000_3600_4400.png,offshore,val,1.0,134
3127.0,2,2,P0061_1200_2000_4200_5000.png,offshore,train,1.0,108
3128.0,2,2,P0061_1200_2000_4800_5600.png,offshore,test,1.0,113
3129.0,1,1,P0061_1200_2000_5400_6200.png,offshore,train,1.0,90
3130.0,1,1,P0061_1200_2000_600_1400.png,offshore,val,1.0,117
3131.0,2,2,P0061_1800_2600_1200_2000.png,offshore,train,1.0,104
3132.0,2,2,P0061_1800_2600_1800_2600.png,offshore,train,1.0,111
3133.0,1,1,P0061_1800_2600_2400_3200.png,offshore,train,1.0,115
3134.0,1,1,P0061_1800_2600_3000_3800.png,offshore,train,1.0,122
3135.0,1,1,P0061_1800_2600_3600_4400.png,offshore,train,1.0,114
3136.0,1,1,P0061_1800_2600_600_1400.png,offshore,test,1.0,109
3137.0,2,2,P0061_2400_3200_1200_2000.png,offshore,train,1.0,103
3138.0,1,1,P0061_2400_3200_1800_2600.png,offshore,val,1.0,116
3139.0,1,1,P0061_2400_3200_3000_3800.png,offshore,train,1.0,112
3140.0,1,1,P0061_2400_3200_3600_4400.png,offshore,train,1.0,109
3141.0,1,1,P0061_2800_3600_1200_2000.png,offshore,train,1.0,104
3142.0,2,2,P0061_2800_3600_3000_3800.png,offshore,test,1.0,104
3143.0,2,2,P0061_2800_3600_3600_4400.png,offshore,val,1.0,108
3144.0,1,1,P0061_2800_3600_4200_5000.png,offshore,train,1.0,87
3145.0,1,1,P0061_600_1400_0_800.png,offshore,test,1.0,152
3146.0,1,1,P0061_600_1400_1200_2000.png,offshore,train,1.0,107
3147.0,1,1,P0061_600_1400_1800_2600.png,offshore,test,1.0,107
3148.0,2,2,P0061_600_1400_2400_3200.png,offshore,train,1.0,137
3149.0,2,2,P0061_600_1400_3000_3800.png,offshore,train,1.0,133
3150.0,2,2,P0061_600_1400_3600_4400.png,offshore,test,1.0,134
3151.0,2,2,P0061_600_1400_4200_5000.png,offshore,train,1.0,112
3152.0,6,6,P0061_600_1400_4800_5600.png,offshore,test,1.0,143
3153.0,6,6,P0061_600_1400_5400_6200.png,offshore,train,1.0,115
3154.0,3,3,P0061_600_1400_5700_6500.png,offshore,train,1.0,103
3155.0,1,1,P0062_0_800_0_800.png,offshore,train,1.0,11
3156.0,1,1,P0062_0_800_1800_2600.png,offshore,val,1.0,18
3157.0,1,1,P0062_0_800_2400_3200.png,offshore,train,1.0,12
3158.0,1,1,P0062_0_800_3000_3800.png,offshore,train,1.0,10
3159.0,2,2,P0062_0_800_3600_4400.png,offshore,train,1.0,21
3160.0,3,3,P0062_0_800_4200_5000.png,offshore,train,1.0,28
3161.0,3,3,P0062_0_800_4800_5600.png,offshore,train,1.0,40
3162.0,1,1,P0062_0_800_5400_6200.png,offshore,train,1.0,9
3163.0,1,1,P0062_0_800_600_1400.png,offshore,train,1.0,10
3164.0,1,1,P0062_1200_2000_0_800.png,offshore,train,1.0,12
3165.0,1,1,P0062_1200_2000_1800_2600.png,offshore,val,1.0,18
3166.0,1,1,P0062_1200_2000_2400_3200.png,offshore,train,1.0,4
3167.0,2,2,P0062_1200_2000_3000_3800.png,offshore,train,1.0,20
3168.0,1,1,P0062_1200_2000_3600_4400.png,offshore,train,1.0,11
3169.0,1,1,P0062_1200_2000_4200_5000.png,offshore,val,1.0,11
3170.0,2,2,P0062_1200_2000_4800_5600.png,offshore,train,1.0,19
3171.0,1,1,P0062_1200_2000_6200_7000.png,inshore,train,1.0,333
3172.0,1,1,P0062_1800_2600_1200_2000.png,offshore,train,1.0,14
3173.0,2,2,P0062_1800_2600_1800_2600.png,offshore,val,1.0,20
3174.0,1,1,P0062_1800_2600_2400_3200.png,offshore,train,1.0,13
3175.0,2,2,P0062_1800_2600_3000_3800.png,offshore,train,1.0,16
3176.0,2,2,P0062_1800_2600_3600_4400.png,offshore,train,1.0,20
3177.0,1,1,P0062_1800_2600_4200_5000.png,offshore,train,1.0,8
3178.0,1,1,P0062_2400_3200_2400_3200.png,offshore,train,1.0,16
3179.0,1,1,P0062_2400_3200_3600_4400.png,offshore,test,1.0,10
3180.0,1,1,P0062_3000_3800_1800_2600.png,offshore,val,1.0,8
3181.0,1,1,P0062_3000_3800_3000_3800.png,offshore,val,1.0,20
3182.0,1,1,P0062_3500_4300_1200_2000.png,offshore,train,1.0,9
3183.0,1,1,P0062_3500_4300_1800_2600.png,offshore,train,1.0,10
3184.0,1,1,P0062_3500_4300_3000_3800.png,offshore,train,1.0,21
3185.0,1,1,P0062_600_1400_0_800.png,offshore,train,1.0,10
3186.0,3,3,P0062_600_1400_1200_2000.png,offshore,train,1.0,22
3187.0,2,2,P0062_600_1400_1800_2600.png,offshore,train,1.0,23
3188.0,1,1,P0062_600_1400_2400_3200.png,offshore,train,1.0,9
3189.0,1,1,P0062_600_1400_3000_3800.png,offshore,test,1.0,14
3190.0,3,3,P0062_600_1400_3600_4400.png,offshore,train,1.0,25
3191.0,5,5,P0062_600_1400_4200_5000.png,offshore,train,1.0,42
3192.0,4,4,P0062_600_1400_4800_5600.png,offshore,train,1.0,36
3193.0,2,2,P0062_600_1400_5400_6200.png,offshore,train,1.0,16
3194.0,2,2,P0062_600_1400_600_1400.png,offshore,train,1.0,20
3195.0,1,1,P0063_0_800_1200_2000.png,offshore,train,1.0,21
3196.0,1,1,P0063_0_800_1800_2600.png,offshore,train,1.0,15
3197.0,1,1,P0063_0_800_3600_4400.png,offshore,train,1.0,12
3198.0,1,1,P0063_0_800_4200_5000.png,offshore,train,1.0,19
3199.0,3,3,P0063_0_800_4800_5600.png,offshore,train,1.0,39
3200.0,5,5,P0063_0_800_5400_6200.png,offshore,train,1.0,44
3201.0,4,4,P0063_0_800_6000_6800.png,offshore,train,1.0,34
3202.0,1,1,P0063_0_800_600_1400.png,offshore,test,1.0,23
3203.0,1,1,P0063_0_800_6600_7400.png,offshore,val,1.0,13
3204.0,1,1,P0063_1200_2000_1200_2000.png,offshore,train,1.0,10
3205.0,1,1,P0063_1200_2000_2400_3200.png,offshore,train,1.0,10
3206.0,1,1,P0063_1200_2000_3000_3800.png,offshore,train,1.0,15
3207.0,3,3,P0063_1200_2000_3600_4400.png,offshore,train,1.0,31
3208.0,3,3,P0063_1200_2000_4200_5000.png,offshore,val,1.0,28
3209.0,3,3,P0063_1200_2000_4800_5600.png,offshore,train,1.0,29
3210.0,3,3,P0063_1200_2000_5400_6200.png,offshore,train,1.0,29
3211.0,2,2,P0063_1200_2000_600_1400.png,offshore,train,1.0,32
3212.0,1,1,P0063_1200_2000_7200_8000.png,inshore,train,1.0,285
3213.0,3,3,P0063_1200_2000_7800_8600.png,inshore,train,1.0,289
3214.0,1,1,P0063_1800_2600_2400_3200.png,offshore,val,1.0,10
3215.0,1,1,P0063_1800_2600_3000_3800.png,offshore,val,1.0,10
3216.0,3,3,P0063_1800_2600_3600_4400.png,offshore,train,1.0,31
3217.0,2,2,P0063_1800_2600_4200_5000.png,offshore,val,1.0,26
3218.0,2,2,P0063_1800_2600_4800_5600.png,offshore,val,1.0,22
3219.0,1,1,P0063_1800_2600_600_1400.png,offshore,val,1.0,32
3220.0,1,1,P0063_2400_3200_1200_2000.png,offshore,test,1.0,10
3221.0,1,1,P0063_2400_3200_1800_2600.png,offshore,val,1.0,13
3222.0,1,1,P0063_2400_3200_2400_3200.png,offshore,train,1.0,11
3223.0,1,1,P0063_2400_3200_3600_4400.png,offshore,train,1.0,14
3224.0,2,2,P0063_2400_3200_4200_5000.png,offshore,train,1.0,25
3225.0,2,2,P0063_2400_3200_4800_5600.png,offshore,test,1.0,22
3226.0,1,1,P0063_3000_3800_0_800.png,offshore,test,1.0,17
3227.0,1,1,P0063_3000_3800_1800_2600.png,offshore,train,1.0,12
3228.0,1,1,P0063_3000_3800_2400_3200.png,offshore,train,1.0,12
3229.0,1,1,P0063_3000_3800_3600_4400.png,offshore,train,1.0,9
3230.0,2,2,P0063_3000_3800_4200_5000.png,offshore,train,1.0,26
3231.0,2,2,P0063_3000_3800_4800_5600.png,offshore,train,1.0,29
3232.0,1,1,P0063_3600_4400_1200_2000.png,offshore,train,1.0,9
3233.0,2,2,P0063_3600_4400_4200_5000.png,offshore,val,1.0,31
3234.0,1,1,P0063_3600_4400_600_1400.png,offshore,test,1.0,14
3235.0,1,1,P0063_4200_5000_3600_4400.png,offshore,train,1.0,32
3236.0,1,1,P0063_4200_5000_4200_5000.png,offshore,train,1.0,20
3237.0,1,1,P0063_4500_5300_1800_2600.png,offshore,val,1.0,14
3238.0,1,1,P0063_4500_5300_2400_3200.png,offshore,train,1.0,12
3239.0,1,1,P0063_4500_5300_3600_4400.png,offshore,val,1.0,34
3240.0,1,1,P0063_600_1400_1200_2000.png,offshore,val,1.0,12
3241.0,2,2,P0063_600_1400_1800_2600.png,offshore,train,1.0,17
3242.0,1,1,P0063_600_1400_2400_3200.png,offshore,train,1.0,21
3243.0,1,1,P0063_600_1400_3000_3800.png,offshore,train,1.0,11
3244.0,2,2,P0063_600_1400_3600_4400.png,offshore,val,1.0,24
3245.0,1,1,P0063_600_1400_4200_5000.png,offshore,train,1.0,11
3246.0,3,3,P0063_600_1400_4800_5600.png,offshore,train,1.0,27
3247.0,7,7,P0063_600_1400_5400_6200.png,offshore,train,1.0,54
3248.0,7,7,P0063_600_1400_6000_6800.png,offshore,train,1.0,54
3249.0,1,1,P0063_600_1400_600_1400.png,offshore,val,1.0,17
3250.0,3,3,P0063_600_1400_6600_7400.png,offshore,train,1.0,26
3251.0,1,1,P0063_600_1400_7200_8000.png,offshore,train,1.0,19
3252.0,2,2,P0063_600_1400_7800_8600.png,offshore,train,1.0,24
3253.0,1,1,P0064_0_800_1200_2000.png,offshore,train,1.0,18
3254.0,2,2,P0064_0_800_3000_3800.png,offshore,train,1.0,38
3255.0,1,1,P0064_0_800_3600_4400.png,offshore,train,1.0,14
3256.0,1,1,P0064_0_800_600_1400.png,offshore,test,1.0,16
3257.0,1,1,P0064_1200_2000_3600_4400.png,offshore,train,1.0,12
3258.0,4,4,P0064_1200_2000_4200_5000.png,offshore,train,1.0,33
3259.0,6,6,P0064_1200_2000_4800_5600.png,offshore,train,1.0,41
3260.0,5,5,P0064_1200_2000_5400_6200.png,offshore,train,1.0,64
3261.0,4,4,P0064_1200_2000_5700_6500.png,offshore,train,1.0,68
3262.0,1,1,P0064_1800_2600_1800_2600.png,offshore,train,1.0,10
3263.0,2,2,P0064_1800_2600_2400_3200.png,offshore,train,1.0,19
3264.0,3,3,P0064_1800_2600_3000_3800.png,offshore,train,1.0,24
3265.0,2,2,P0064_1800_2600_3600_4400.png,offshore,test,1.0,16
3266.0,3,3,P0064_1800_2600_4200_5000.png,offshore,train,1.0,20
3267.0,6,6,P0064_1800_2600_4800_5600.png,offshore,train,1.0,34
3268.0,10,10,P0064_1800_2600_5400_6200.png,offshore,test,1.0,116
3269.0,10,10,P0064_1800_2600_5700_6500.png,offshore,train,1.0,126
3270.0,2,2,P0064_2400_3200_2400_3200.png,offshore,train,1.0,16
3271.0,3,3,P0064_2400_3200_3000_3800.png,offshore,train,1.0,38
3272.0,2,2,P0064_2400_3200_3600_4400.png,offshore,train,1.0,17
3273.0,3,3,P0064_2400_3200_4200_5000.png,offshore,train,1.0,14
3274.0,3,3,P0064_2400_3200_4800_5600.png,offshore,test,1.0,22
3275.0,2,2,P0064_2400_3200_5400_6200.png,offshore,train,1.0,32
3276.0,2,2,P0064_2400_3200_5700_6500.png,offshore,train,1.0,32
3277.0,1,1,P0064_2400_3200_600_1400.png,offshore,train,1.0,13
3278.0,2,2,P0064_3000_3800_2400_3200.png,offshore,train,1.0,17
3279.0,3,3,P0064_3000_3800_3000_3800.png,offshore,train,1.0,49
3280.0,2,2,P0064_3000_3800_3600_4400.png,offshore,train,1.0,27
3281.0,3,3,P0064_3000_3800_4200_5000.png,offshore,train,1.0,25
3282.0,1,1,P0064_3600_4400_0_800.png,offshore,train,1.0,5
3283.0,2,2,P0064_3600_4400_3600_4400.png,offshore,val,1.0,21
3284.0,2,2,P0064_3600_4400_4200_5000.png,offshore,train,1.0,19
3285.0,1,1,P0064_4200_5000_1200_2000.png,offshore,val,1.0,7
3286.0,2,2,P0064_4200_5000_3600_4400.png,offshore,train,1.0,13
3287.0,1,1,P0064_4200_5000_4200_5000.png,offshore,test,1.0,12
3288.0,1,1,P0064_4200_5000_600_1400.png,offshore,train,1.0,11
3289.0,1,1,P0064_4500_5300_0_800.png,offshore,train,1.0,13
3290.0,1,1,P0064_4500_5300_1200_2000.png,offshore,test,1.0,8
3291.0,1,1,P0064_4500_5300_3600_4400.png,offshore,train,1.0,10
3292.0,1,1,P0064_4500_5300_4200_5000.png,offshore,test,1.0,10
3293.0,2,2,P0064_4500_5300_600_1400.png,offshore,val,1.0,14
3294.0,1,1,P0064_600_1400_4200_5000.png,offshore,train,1.0,11
3295.0,1,1,P0064_600_1400_4800_5600.png,offshore,train,1.0,11
3296.0,1,1,P0065_0_800_1200_2000.png,offshore,train,1.0,16
3297.0,1,1,P0065_0_800_3600_4400.png,offshore,val,1.0,15
3298.0,2,2,P0065_1200_2000_0_800.png,offshore,train,1.0,28
3299.0,2,2,P0065_1200_2000_1200_2000.png,offshore,val,1.0,18
3300.0,1,1,P0065_1200_2000_1800_2600.png,offshore,train,1.0,11
3301.0,2,2,P0065_1200_2000_2400_3200.png,offshore,train,1.0,16
3302.0,2,2,P0065_1200_2000_3000_3800.png,offshore,val,1.0,28
3303.0,1,1,P0065_1200_2000_3600_4400.png,offshore,val,1.0,20
3304.0,4,4,P0065_1200_2000_4200_5000.png,offshore,val,1.0,43
3305.0,4,4,P0065_1200_2000_4800_5600.png,offshore,test,1.0,30
3306.0,5,5,P0065_1200_2000_5400_6200.png,offshore,test,1.0,41
3307.0,2,2,P0065_1200_2000_5901_6701.png,offshore,val,1.0,27
3308.0,1,1,P0065_1200_2000_600_1400.png,offshore,train,1.0,8
3309.0,1,1,P0065_1800_2600_0_800.png,offshore,train,1.0,11
3310.0,1,1,P0065_1800_2600_1800_2600.png,offshore,train,1.0,11
3311.0,3,3,P0065_1800_2600_2400_3200.png,offshore,train,1.0,26
3312.0,3,3,P0065_1800_2600_3000_3800.png,offshore,train,1.0,30
3313.0,3,3,P0065_1800_2600_3600_4400.png,offshore,train,1.0,31
3314.0,2,2,P0065_1800_2600_4200_5000.png,offshore,test,1.0,17
3315.0,3,3,P0065_1800_2600_4800_5600.png,offshore,test,1.0,23
3316.0,2,2,P0065_1800_2600_5400_6200.png,offshore,train,1.0,15
3317.0,1,1,P0065_1800_2600_5901_6701.png,offshore,train,1.0,12
3318.0,1,1,P0065_1800_2600_600_1400.png,offshore,train,1.0,12
3319.0,1,1,P0065_2400_3200_0_800.png,offshore,val,1.0,11
3320.0,1,1,P0065_2400_3200_1800_2600.png,offshore,train,1.0,13
3321.0,2,2,P0065_2400_3200_3000_3800.png,offshore,train,1.0,15
3322.0,3,3,P0065_2400_3200_3600_4400.png,offshore,train,1.0,28
3323.0,3,3,P0065_2400_3200_4200_5000.png,offshore,test,1.0,22
3324.0,1,1,P0065_3000_3800_1800_2600.png,offshore,train,1.0,9
3325.0,2,2,P0065_3000_3800_2400_3200.png,offshore,val,1.0,15
3326.0,1,1,P0065_3000_3800_3000_3800.png,offshore,val,1.0,12
3327.0,2,2,P0065_3000_3800_3600_4400.png,offshore,test,1.0,27
3328.0,3,3,P0065_3000_3800_4200_5000.png,offshore,train,1.0,30
3329.0,1,1,P0065_3600_4400_2400_3200.png,offshore,val,1.0,29
3330.0,1,1,P0065_3600_4400_3000_3800.png,offshore,train,1.0,34
3331.0,2,2,P0065_3600_4400_3600_4400.png,offshore,test,1.0,30
3332.0,2,2,P0065_3600_4400_4200_5000.png,offshore,test,1.0,26
3333.0,1,1,P0065_4000_4800_2400_3200.png,offshore,train,1.0,34
3334.0,2,2,P0065_4000_4800_3000_3800.png,offshore,train,1.0,37
3335.0,2,2,P0065_4000_4800_3600_4400.png,offshore,val,1.0,21
3336.0,1,1,P0065_4000_4800_4200_5000.png,offshore,train,1.0,15
3337.0,1,1,P0065_600_1400_0_800.png,offshore,train,1.0,22
3338.0,1,1,P0065_600_1400_1200_2000.png,offshore,test,1.0,15
3339.0,1,1,P0065_600_1400_1800_2600.png,offshore,val,1.0,11
3340.0,1,1,P0065_600_1400_3600_4400.png,offshore,train,1.0,10
3341.0,3,3,P0065_600_1400_4200_5000.png,offshore,train,1.0,21
3342.0,4,4,P0065_600_1400_4800_5600.png,offshore,train,1.0,38
3343.0,4,4,P0065_600_1400_5400_6200.png,offshore,test,1.0,45
3344.0,2,2,P0065_600_1400_5901_6701.png,offshore,train,1.0,31
3345.0,1,1,P0066_0_800_0_800.png,offshore,train,1.0,7
3346.0,1,1,P0066_0_800_1200_2000.png,offshore,train,1.0,18
3347.0,1,1,P0066_0_800_1800_2600.png,offshore,train,1.0,11
3348.0,1,1,P0066_0_800_2400_3200.png,offshore,train,1.0,9
3349.0,2,2,P0066_0_800_3000_3800.png,offshore,train,1.0,17
3350.0,2,2,P0066_0_800_3600_4400.png,offshore,train,1.0,22
3351.0,5,5,P0066_0_800_4200_5000.png,offshore,val,1.0,56
3352.0,4,4,P0066_0_800_4800_5600.png,offshore,train,1.0,40
3353.0,3,3,P0066_0_800_5400_6200.png,offshore,train,1.0,38
3354.0,1,1,P0066_0_800_6000_6800.png,offshore,val,1.0,15
3355.0,1,1,P0066_0_800_6001_6801.png,offshore,train,1.0,13
3356.0,1,1,P0066_0_800_600_1400.png,offshore,val,1.0,7
3357.0,1,1,P0066_1200_2000_0_800.png,offshore,train,1.0,16
3358.0,1,1,P0066_1200_2000_1200_2000.png,offshore,train,1.0,16
3359.0,1,1,P0066_1200_2000_1800_2600.png,offshore,train,1.0,15
3360.0,1,1,P0066_1200_2000_3000_3800.png,offshore,train,1.0,7
3361.0,2,2,P0066_1200_2000_3600_4400.png,offshore,train,1.0,18
3362.0,2,2,P0066_1200_2000_4200_5000.png,offshore,train,1.0,12
3363.0,1,1,P0066_1200_2000_600_1400.png,offshore,test,1.0,19
3364.0,1,1,P0066_1800_2600_1200_2000.png,offshore,test,1.0,23
3365.0,2,2,P0066_1800_2600_1800_2600.png,offshore,train,1.0,34
3366.0,1,1,P0066_1800_2600_2400_3200.png,offshore,train,1.0,17
3367.0,1,1,P0066_1800_2600_3000_3800.png,offshore,train,1.0,16
3368.0,2,2,P0066_1800_2600_3600_4400.png,offshore,train,1.0,24
3369.0,2,2,P0066_1800_2600_4200_5000.png,offshore,train,1.0,23
3370.0,1,1,P0066_1800_2600_600_1400.png,offshore,val,1.0,14
3371.0,1,1,P0066_2400_3200_1200_2000.png,offshore,train,1.0,13
3372.0,2,2,P0066_2400_3200_1800_2600.png,offshore,train,1.0,28
3373.0,2,2,P0066_2400_3200_2400_3200.png,offshore,train,1.0,29
3374.0,1,1,P0066_2400_3200_3000_3800.png,offshore,train,1.0,20
3375.0,2,2,P0066_2400_3200_3600_4400.png,offshore,train,1.0,20
3376.0,1,1,P0066_2400_3200_4200_5000.png,offshore,test,1.0,6
3377.0,1,1,P0066_3000_3800_1800_2600.png,offshore,test,1.0,13
3378.0,2,2,P0066_3000_3800_2400_3200.png,offshore,train,1.0,26
3379.0,1,1,P0066_3000_3800_3000_3800.png,offshore,val,1.0,7
3380.0,1,1,P0066_3000_3800_3600_4400.png,offshore,train,1.0,5
3381.0,1,1,P0066_3600_4400_1200_2000.png,offshore,val,1.0,8
3382.0,1,1,P0066_3600_4400_1800_2600.png,offshore,train,1.0,7
3383.0,1,1,P0066_3600_4400_2400_3200.png,offshore,test,1.0,8
3384.0,1,1,P0066_3600_4400_3000_3800.png,offshore,train,1.0,15
3385.0,1,1,P0066_3600_4400_3600_4400.png,offshore,val,1.0,6
3386.0,1,1,P0066_3600_4400_600_1400.png,offshore,train,1.0,6
3387.0,1,1,P0066_3900_4700_1200_2000.png,offshore,val,1.0,9
3388.0,1,1,P0066_3900_4700_1800_2600.png,offshore,test,1.0,7
3389.0,1,1,P0066_3900_4700_2400_3200.png,offshore,train,1.0,8
3390.0,1,1,P0066_3900_4700_3000_3800.png,offshore,train,1.0,13
3391.0,1,1,P0066_3900_4700_3600_4400.png,offshore,train,1.0,12
3392.0,1,1,P0066_600_1400_0_800.png,offshore,train,1.0,20
3393.0,2,2,P0066_600_1400_1200_2000.png,offshore,test,1.0,26
3394.0,2,2,P0066_600_1400_1800_2600.png,offshore,train,1.0,26
3395.0,2,2,P0066_600_1400_2400_3200.png,offshore,train,1.0,20
3396.0,3,3,P0066_600_1400_3000_3800.png,offshore,train,1.0,18
3397.0,3,3,P0066_600_1400_3600_4400.png,offshore,val,1.0,48
3398.0,4,4,P0066_600_1400_4200_5000.png,offshore,test,1.0,70
3399.0,4,4,P0066_600_1400_4800_5600.png,offshore,train,1.0,51
3400.0,4,4,P0066_600_1400_5400_6200.png,offshore,test,1.0,52
3401.0,1,1,P0066_600_1400_6000_6800.png,offshore,train,1.0,26
3402.0,1,1,P0066_600_1400_6001_6801.png,offshore,train,1.0,21
3403.0,3,3,P0067_0_800_4800_5600.png,offshore,train,1.0,44
3404.0,2,2,P0067_0_800_5400_6200.png,offshore,test,1.0,32
3405.0,2,2,P0067_1200_2000_1200_2000.png,offshore,train,1.0,37
3406.0,2,2,P0067_1200_2000_1800_2600.png,offshore,val,1.0,34
3407.0,2,2,P0067_1200_2000_2400_3200.png,offshore,train,1.0,34
3408.0,3,3,P0067_1200_2000_3000_3800.png,offshore,train,1.0,60
3409.0,4,4,P0067_1200_2000_3600_4400.png,offshore,train,1.0,68
3410.0,3,3,P0067_1200_2000_4200_5000.png,offshore,train,1.0,47
3411.0,3,3,P0067_1200_2000_4800_5600.png,offshore,train,1.0,88
3412.0,6,6,P0067_1200_2000_5400_6200.png,offshore,train,1.0,136
3413.0,5,5,P0067_1200_2000_6000_6800.png,offshore,train,1.0,77
3414.0,1,1,P0067_1200_2000_600_1400.png,offshore,train,1.0,25
3415.0,2,2,P0067_1200_2000_6600_7400.png,offshore,test,1.0,51
3416.0,2,2,P0067_1200_2000_6700_7500.png,offshore,test,1.0,63
3417.0,1,1,P0067_1800_2600_3000_3800.png,offshore,test,1.0,24
3418.0,3,3,P0067_1800_2600_3600_4400.png,offshore,train,1.0,40
3419.0,3,3,P0067_1800_2600_4200_5000.png,offshore,train,1.0,52
3420.0,3,3,P0067_1800_2600_4800_5600.png,offshore,val,1.0,54
3421.0,2,2,P0067_1800_2600_5400_6200.png,offshore,train,1.0,18
3422.0,1,1,P0067_2400_3200_3600_4400.png,offshore,train,1.0,25
3423.0,3,3,P0067_2400_3200_4200_5000.png,offshore,test,1.0,49
3424.0,2,2,P0067_2400_3200_4800_5600.png,offshore,test,1.0,33
3425.0,1,1,P0067_3000_3800_0_800.png,offshore,train,1.0,17
3426.0,2,2,P0067_3000_3800_3600_4400.png,offshore,train,1.0,26
3427.0,2,2,P0067_3000_3800_4200_5000.png,offshore,train,1.0,28
3428.0,1,1,P0067_3600_4400_0_800.png,offshore,train,1.0,19
3429.0,2,2,P0067_3600_4400_3600_4400.png,offshore,train,1.0,35
3430.0,1,1,P0067_3600_4400_4200_5000.png,offshore,train,1.0,25
3431.0,2,2,P0067_4200_5000_3600_4400.png,offshore,train,1.0,41
3432.0,2,2,P0067_4200_5000_4200_5000.png,offshore,train,1.0,40
3433.0,2,2,P0067_600_1400_1200_2000.png,offshore,train,1.0,39
3434.0,1,1,P0067_600_1400_1800_2600.png,offshore,train,1.0,18
3435.0,1,1,P0067_600_1400_3000_3800.png,offshore,train,1.0,27
3436.0,2,2,P0067_600_1400_3600_4400.png,offshore,train,1.0,34
3437.0,4,4,P0067_600_1400_4200_5000.png,offshore,train,1.0,67
3438.0,6,6,P0067_600_1400_4800_5600.png,offshore,test,1.0,104
3439.0,6,6,P0067_600_1400_5400_6200.png,offshore,test,1.0,96
3440.0,5,5,P0067_600_1400_6000_6800.png,offshore,val,1.0,85
3441.0,1,1,P0067_600_1400_600_1400.png,offshore,train,1.0,25
3442.0,2,2,P0067_600_1400_6600_7400.png,offshore,train,1.0,51
3443.0,2,2,P0067_600_1400_6700_7500.png,offshore,train,1.0,43
3444.0,1,1,P0068_0_800_1200_2000.png,offshore,val,1.0,11
3445.0,1,1,P0068_0_800_2400_3200.png,offshore,train,1.0,13
3446.0,2,2,P0068_0_800_3000_3800.png,offshore,train,1.0,20
3447.0,3,3,P0068_0_800_3600_4400.png,offshore,train,1.0,22
3448.0,3,3,P0068_0_800_4200_5000.png,offshore,train,1.0,36
3449.0,4,4,P0068_0_800_4800_5600.png,offshore,train,1.0,30
3450.0,2,2,P0068_0_800_5400_6200.png,offshore,train,1.0,24
3451.0,2,2,P0068_0_800_5701_6501.png,offshore,train,1.0,21
3452.0,1,1,P0068_0_800_600_1400.png,offshore,train,1.0,11
3453.0,1,1,P0068_1200_2000_1800_2600.png,offshore,train,1.0,11
3454.0,3,3,P0068_1200_2000_2400_3200.png,offshore,train,1.0,29
3455.0,3,3,P0068_1200_2000_3000_3800.png,offshore,val,1.0,27
3456.0,3,3,P0068_1200_2000_3600_4400.png,offshore,train,1.0,34
3457.0,3,3,P0068_1200_2000_4200_5000.png,offshore,val,1.0,38
3458.0,3,3,P0068_1200_2000_4800_5600.png,offshore,train,1.0,25
3459.0,1,1,P0068_1200_2000_5400_6200.png,offshore,train,1.0,7
3460.0,1,1,P0068_1200_2000_600_1400.png,offshore,train,1.0,13
3461.0,1,1,P0068_1800_2600_2400_3200.png,offshore,train,1.0,14
3462.0,2,2,P0068_1800_2600_3000_3800.png,offshore,train,1.0,17
3463.0,3,3,P0068_1800_2600_3600_4400.png,offshore,val,1.0,28
3464.0,2,2,P0068_1800_2600_4200_5000.png,offshore,train,1.0,29
3465.0,2,2,P0068_2000_2800_3600_4400.png,offshore,train,1.0,21
3466.0,2,2,P0068_2000_2800_4200_5000.png,offshore,train,1.0,32
3467.0,2,2,P0068_600_1400_0_800.png,offshore,train,1.0,15
3468.0,1,1,P0068_600_1400_1200_2000.png,offshore,train,1.0,11
3469.0,1,1,P0068_600_1400_2400_3200.png,offshore,train,1.0,14
3470.0,4,4,P0068_600_1400_3000_3800.png,offshore,train,1.0,43
3471.0,4,4,P0068_600_1400_3600_4400.png,offshore,test,1.0,46
3472.0,4,4,P0068_600_1400_4200_5000.png,offshore,train,1.0,44
3473.0,7,7,P0068_600_1400_4800_5600.png,offshore,test,1.0,50
3474.0,5,5,P0068_600_1400_5400_6200.png,offshore,train,1.0,63
3475.0,5,5,P0068_600_1400_5701_6501.png,offshore,train,1.0,55
3476.0,3,3,P0068_600_1400_600_1400.png,offshore,train,1.0,31
3477.0,1,1,P0069_0_800_1800_2600.png,offshore,train,1.0,8
3478.0,1,1,P0069_0_800_2400_3200.png,offshore,train,1.0,10
3479.0,1,1,P0069_0_800_3000_3800.png,offshore,val,1.0,13
3480.0,1,1,P0069_0_800_3600_4400.png,offshore,train,1.0,23
3481.0,4,4,P0069_0_800_4200_5000.png,offshore,train,1.0,39
3482.0,1,1,P0069_0_800_4800_5600.png,offshore,train,1.0,13
3483.0,1,1,P0069_0_800_600_1400.png,offshore,train,1.0,11
3484.0,3,3,P0069_1200_2000_0_800.png,offshore,train,1.0,25
3485.0,1,1,P0069_1200_2000_1800_2600.png,offshore,train,1.0,22
3486.0,2,2,P0069_1200_2000_2400_3200.png,offshore,val,1.0,24
3487.0,3,3,P0069_1200_2000_3000_3800.png,offshore,train,1.0,29
3488.0,2,2,P0069_1200_2000_3600_4400.png,offshore,train,1.0,23
3489.0,3,3,P0069_1200_2000_4200_5000.png,offshore,val,1.0,22
3490.0,1,1,P0069_1200_2000_600_1400.png,offshore,train,1.0,10
3491.0,1,1,P0069_1800_2600_0_800.png,offshore,train,1.0,17
3492.0,1,1,P0069_1800_2600_1200_2000.png,offshore,test,1.0,15
3493.0,2,2,P0069_1800_2600_1800_2600.png,offshore,train,1.0,23
3494.0,1,1,P0069_1800_2600_3600_4400.png,offshore,val,1.0,14
3495.0,1,1,P0069_2200_3000_1200_2000.png,offshore,train,1.0,19
3496.0,1,1,P0069_2200_3000_1800_2600.png,offshore,train,1.0,17
3497.0,1,1,P0069_2200_3000_2400_3200.png,offshore,train,1.0,14
3498.0,2,2,P0069_2200_3000_3000_3800.png,offshore,train,1.0,27
3499.0,1,1,P0069_2200_3000_3600_4400.png,offshore,train,1.0,15
3500.0,1,1,P0069_600_1400_0_800.png,offshore,val,1.0,9
3501.0,1,1,P0069_600_1400_1200_2000.png,offshore,train,1.0,9
3502.0,2,2,P0069_600_1400_1800_2600.png,offshore,train,1.0,21
3503.0,2,2,P0069_600_1400_2400_3200.png,offshore,train,1.0,18
3504.0,2,2,P0069_600_1400_3000_3800.png,offshore,test,1.0,17
3505.0,1,1,P0069_600_1400_3600_4400.png,offshore,train,1.0,15
3506.0,5,5,P0069_600_1400_4200_5000.png,offshore,val,1.0,36
3507.0,3,3,P0069_600_1400_4800_5600.png,offshore,train,1.0,32
3508.0,1,1,P0069_600_1400_5400_6200.png,offshore,train,1.0,9
3509.0,1,1,P0069_600_1400_5900_6700.png,offshore,train,1.0,18
3510.0,2,2,P0069_600_1400_600_1400.png,offshore,train,1.0,13
3511.0,1,1,P0070_0_800_0_800.png,offshore,train,1.0,51
3512.0,1,1,P0070_0_800_2400_3200.png,offshore,train,1.0,49
3513.0,1,1,P0070_0_800_3600_4400.png,offshore,train,1.0,47
3514.0,3,3,P0070_0_800_4200_5000.png,offshore,val,1.0,54
3515.0,2,2,P0070_0_800_4800_5600.png,offshore,test,1.0,47
3516.0,3,3,P0070_0_800_5400_6200.png,offshore,train,1.0,42
3517.0,1,1,P0070_1200_2000_2400_3200.png,offshore,train,1.0,44
3518.0,4,4,P0070_1200_2000_3000_3800.png,offshore,train,1.0,47
3519.0,2,2,P0070_1200_2000_3600_4400.png,offshore,train,1.0,31
3520.0,3,3,P0070_1200_2000_4200_5000.png,offshore,train,1.0,49
3521.0,1,1,P0070_1200_2000_4800_5600.png,offshore,train,1.0,45
3522.0,1,1,P0070_1800_2600_1800_2600.png,offshore,test,1.0,42
3523.0,1,1,P0070_1800_2600_3000_3800.png,offshore,train,1.0,35
3524.0,1,1,P0070_1800_2600_3600_4400.png,offshore,test,1.0,32
3525.0,1,1,P0070_1800_2600_4200_5000.png,offshore,train,1.0,44
3526.0,1,1,P0070_2400_3200_2400_3200.png,offshore,train,1.0,45
3527.0,1,1,P0070_2400_3200_3000_3800.png,offshore,train,1.0,43
3528.0,2,2,P0070_2400_3200_3600_4400.png,offshore,train,1.0,30
3529.0,1,1,P0070_2400_3200_4200_5000.png,offshore,train,1.0,49
3530.0,1,1,P0070_3000_3800_2400_3200.png,offshore,train,1.0,44
3531.0,1,1,P0070_3000_3800_3000_3800.png,offshore,train,1.0,48
3532.0,2,2,P0070_3000_3800_3600_4400.png,offshore,train,1.0,42
3533.0,1,1,P0070_3000_3800_4200_5000.png,offshore,train,1.0,46
3534.0,1,1,P0070_3100_3900_2400_3200.png,offshore,train,1.0,43
3535.0,1,1,P0070_3100_3900_3000_3800.png,offshore,train,1.0,48
3536.0,2,2,P0070_3100_3900_3600_4400.png,offshore,train,1.0,45
3537.0,1,1,P0070_3100_3900_4200_5000.png,offshore,train,1.0,46
3538.0,1,1,P0070_600_1400_1200_2000.png,offshore,train,1.0,51
3539.0,1,1,P0070_600_1400_1800_2600.png,offshore,train,1.0,52
3540.0,1,1,P0070_600_1400_2400_3200.png,offshore,train,1.0,60
3541.0,2,2,P0070_600_1400_3000_3800.png,offshore,train,1.0,55
3542.0,1,1,P0070_600_1400_3600_4400.png,offshore,test,1.0,52
3543.0,3,3,P0070_600_1400_4200_5000.png,offshore,val,1.0,50
3544.0,2,2,P0070_600_1400_4800_5600.png,offshore,train,1.0,46
3545.0,4,4,P0070_600_1400_5400_6200.png,offshore,val,1.0,56
3546.0,3,3,P0070_600_1400_5800_6600.png,offshore,val,1.0,39
3547.0,1,1,P0071_0_800_0_800.png,offshore,val,1.0,34
3548.0,1,1,P0071_0_800_1200_2000.png,offshore,train,1.0,34
3549.0,1,1,P0071_0_800_1800_2600.png,offshore,train,1.0,28
3550.0,1,1,P0071_0_800_3000_3800.png,offshore,val,1.0,66
3551.0,1,1,P0071_0_800_3600_4400.png,offshore,val,1.0,71
3552.0,2,2,P0071_0_800_4200_5000.png,offshore,test,1.0,37
3553.0,4,4,P0071_0_800_4800_5600.png,offshore,train,1.0,50
3554.0,2,2,P0071_0_800_5400_6200.png,offshore,test,1.0,32
3555.0,1,1,P0071_1200_2000_3600_4400.png,offshore,train,1.0,42
3556.0,2,2,P0071_1200_2000_4200_5000.png,offshore,train,1.0,43
3557.0,2,2,P0071_1200_2000_4800_5600.png,offshore,train,1.0,44
3558.0,1,1,P0071_1800_2600_1200_2000.png,offshore,val,1.0,28
3559.0,1,1,P0071_1800_2600_2400_3200.png,offshore,train,1.0,35
3560.0,1,1,P0071_1800_2600_3000_3800.png,offshore,val,1.0,37
3561.0,1,1,P0071_1800_2600_3600_4400.png,offshore,train,1.0,42
3562.0,1,1,P0071_1800_2600_4200_5000.png,offshore,test,1.0,28
3563.0,1,1,P0071_1800_2600_7200_8000.png,inshore,train,1.0,1141
3564.0,5,5,P0071_1800_2600_7301_8101.png,inshore,train,1.0,1308
3565.0,1,1,P0071_2400_3200_1200_2000.png,offshore,val,1.0,40
3566.0,2,2,P0071_2400_3200_3600_4400.png,offshore,train,1.0,51
3567.0,2,2,P0071_2400_3200_4200_5000.png,offshore,train,1.0,40
3568.0,8,8,P0071_2400_3200_7301_8101.png,inshore,train,1.0,1755
3569.0,1,1,P0071_3000_3800_2400_3200.png,offshore,train,1.0,30
3570.0,2,2,P0071_3000_3800_3000_3800.png,offshore,train,1.0,29
3571.0,2,2,P0071_3000_3800_3600_4400.png,offshore,test,1.0,48
3572.0,1,1,P0071_3000_3800_4200_5000.png,offshore,train,1.0,30
3573.0,1,1,P0071_3600_4400_2400_3200.png,offshore,train,1.0,22
3574.0,2,2,P0071_3600_4400_3000_3800.png,offshore,train,1.0,23
3575.0,2,2,P0071_3600_4400_3600_4400.png,offshore,train,1.0,42
3576.0,2,2,P0071_3700_4500_3000_3800.png,offshore,train,1.0,23
3577.0,2,2,P0071_3700_4500_3600_4400.png,offshore,train,1.0,38
3578.0,1,1,P0071_600_1400_1200_2000.png,offshore,test,1.0,30
3579.0,1,1,P0071_600_1400_1800_2600.png,offshore,test,1.0,34
3580.0,1,1,P0071_600_1400_3000_3800.png,offshore,val,1.0,58
3581.0,2,2,P0071_600_1400_3600_4400.png,offshore,train,1.0,68
3582.0,3,3,P0071_600_1400_4200_5000.png,offshore,train,1.0,43
3583.0,4,4,P0071_600_1400_4800_5600.png,offshore,train,1.0,44
3584.0,4,4,P0071_600_1400_5400_6200.png,offshore,train,1.0,48
3585.0,1,1,P0071_600_1400_6000_6800.png,offshore,train,1.0,17
3586.0,1,1,P0071_600_1400_600_1400.png,offshore,train,1.0,26
3587.0,4,4,P0072_0_800_4800_5600.png,offshore,train,1.0,67
3588.0,6,6,P0072_0_800_5400_6200.png,offshore,train,1.0,92
3589.0,3,3,P0072_0_800_6000_6800.png,offshore,train,1.0,61
3590.0,1,1,P0072_0_800_600_1400.png,offshore,train,1.0,89
3591.0,1,1,P0072_1200_2000_4200_5000.png,offshore,train,1.0,68
3592.0,3,3,P0072_1200_2000_4800_5600.png,offshore,train,1.0,93
3593.0,5,5,P0072_1200_2000_5400_6200.png,offshore,train,1.0,83
3594.0,4,4,P0072_1200_2000_6000_6800.png,offshore,test,1.0,72
3595.0,2,2,P0072_1200_2000_6500_7300.png,offshore,train,1.0,43
3596.0,1,1,P0072_1800_2600_3000_3800.png,offshore,test,1.0,39
3597.0,2,2,P0072_1800_2600_4800_5600.png,offshore,train,1.0,74
3598.0,1,1,P0072_1800_2600_5400_6200.png,offshore,train,1.0,65
3599.0,1,1,P0072_2400_3200_1200_2000.png,offshore,train,1.0,89
3600.0,1,1,P0072_2400_3200_3600_4400.png,offshore,train,1.0,43
3601.0,1,1,P0072_2400_3200_4800_5600.png,offshore,train,1.0,66
3602.0,1,1,P0072_3000_3800_1200_2000.png,offshore,train,1.0,78
3603.0,1,1,P0072_3000_3800_4800_5600.png,offshore,train,1.0,68
3604.0,1,1,P0072_4200_5000_0_800.png,offshore,train,1.0,63
3605.0,1,1,P0072_4800_5600_0_800.png,offshore,train,1.0,65
3606.0,1,1,P0072_4800_5600_1800_2600.png,offshore,train,1.0,70
3607.0,1,1,P0072_4800_5600_2400_3200.png,offshore,train,1.0,58
3608.0,2,2,P0072_600_1400_3000_3800.png,offshore,train,1.0,57
3609.0,1,1,P0072_600_1400_3600_4400.png,offshore,train,1.0,54
3610.0,3,3,P0072_600_1400_4200_5000.png,offshore,val,1.0,69
3611.0,4,4,P0072_600_1400_4800_5600.png,offshore,test,1.0,79
3612.0,6,6,P0072_600_1400_5400_6200.png,offshore,train,1.0,81
3613.0,7,7,P0072_600_1400_6000_6800.png,offshore,train,1.0,86
3614.0,2,2,P0072_600_1400_600_1400.png,offshore,test,1.0,94
3615.0,4,4,P0072_600_1400_6500_7300.png,offshore,train,1.0,68
3616.0,2,2,P0073_0_800_0_800.png,offshore,train,1.0,249
3617.0,2,2,P0073_0_800_4200_5000.png,offshore,train,1.0,105
3618.0,5,5,P0073_0_800_4800_5600.png,offshore,train,1.0,142
3619.0,1,1,P0073_0_800_5400_6200.png,offshore,test,1.0,103
3620.0,1,1,P0073_1200_2000_1200_2000.png,offshore,train,1.0,228
3621.0,1,1,P0073_1200_2000_1800_2600.png,offshore,train,1.0,176
3622.0,3,3,P0073_1200_2000_2400_3200.png,offshore,train,1.0,128
3623.0,3,3,P0073_1200_2000_3000_3800.png,offshore,train,1.0,126
3624.0,4,4,P0073_1200_2000_3600_4400.png,offshore,train,1.0,137
3625.0,4,4,P0073_1200_2000_4200_5000.png,offshore,train,1.0,153
3626.0,4,4,P0073_1200_2000_4800_5600.png,offshore,test,1.0,122
3627.0,2,2,P0073_1200_2000_5400_6200.png,offshore,train,1.0,99
3628.0,1,1,P0073_1800_2600_1800_2600.png,offshore,test,1.0,131
3629.0,3,3,P0073_1800_2600_2400_3200.png,offshore,train,1.0,157
3630.0,2,2,P0073_1800_2600_3000_3800.png,offshore,test,1.0,139
3631.0,2,2,P0073_1800_2600_3600_4400.png,offshore,train,1.0,151
3632.0,3,3,P0073_1800_2600_4200_5000.png,offshore,train,1.0,143
3633.0,1,1,P0073_2400_3200_2400_3200.png,offshore,train,1.0,159
3634.0,1,1,P0073_2400_3200_3600_4400.png,offshore,train,1.0,192
3635.0,2,2,P0073_2400_3200_4200_5000.png,offshore,train,1.0,119
3636.0,1,1,P0073_2800_3600_1800_2600.png,offshore,train,1.0,137
3637.0,1,1,P0073_2800_3600_3600_4400.png,offshore,val,1.0,187
3638.0,1,1,P0073_2800_3600_4200_5000.png,offshore,val,1.0,113
3639.0,1,1,P0073_600_1400_1200_2000.png,offshore,train,1.0,276
3640.0,1,1,P0073_600_1400_1800_2600.png,offshore,train,1.0,207
3641.0,3,3,P0073_600_1400_2400_3200.png,offshore,train,1.0,136
3642.0,2,2,P0073_600_1400_3000_3800.png,offshore,test,1.0,129
3643.0,1,1,P0073_600_1400_3600_4400.png,offshore,train,1.0,113
3644.0,3,3,P0073_600_1400_4200_5000.png,offshore,train,1.0,142
3645.0,7,7,P0073_600_1400_4800_5600.png,offshore,val,1.0,120
3646.0,6,6,P0073_600_1400_5400_6200.png,offshore,train,1.0,107
3647.0,2,2,P0073_600_1400_6000_6800.png,offshore,train,1.0,90
3648.0,1,1,P0073_600_1400_6400_7200.png,offshore,train,1.0,64
3649.0,1,1,P0074_0_800_1200_2000.png,offshore,test,1.0,47
3650.0,1,1,P0074_0_800_1800_2600.png,offshore,val,1.0,46
3651.0,1,1,P0074_0_800_3600_4400.png,offshore,val,1.0,49
3652.0,2,2,P0074_0_800_4200_5000.png,offshore,train,1.0,52
3653.0,3,3,P0074_0_800_4800_5600.png,offshore,train,1.0,72
3654.0,5,5,P0074_0_800_5400_6200.png,offshore,test,1.0,86
3655.0,3,3,P0074_0_800_6000_6800.png,offshore,train,1.0,82
3656.0,2,2,P0074_0_800_6300_7100.png,offshore,val,1.0,61
3657.0,1,1,P0074_1200_2000_2400_3200.png,offshore,train,1.0,47
3658.0,3,3,P0074_1200_2000_3000_3800.png,offshore,train,1.0,71
3659.0,3,3,P0074_1200_2000_3600_4400.png,offshore,train,1.0,72
3660.0,2,2,P0074_1200_2000_4200_5000.png,offshore,train,1.0,60
3661.0,2,2,P0074_1200_2000_4800_5600.png,offshore,train,1.0,60
3662.0,2,2,P0074_1200_2000_5400_6200.png,offshore,train,1.0,63
3663.0,1,1,P0074_1200_2000_6000_6800.png,offshore,train,1.0,58
3664.0,1,1,P0074_1800_2600_2400_3200.png,offshore,train,1.0,53
3665.0,2,2,P0074_1800_2600_3000_3800.png,offshore,train,1.0,61
3666.0,1,1,P0074_1800_2600_3600_4400.png,offshore,test,1.0,68
3667.0,1,1,P0074_1800_2600_4200_5000.png,offshore,train,1.0,65
3668.0,1,1,P0074_2400_3200_4200_5000.png,offshore,train,1.0,68
3669.0,1,1,P0074_3000_3800_0_800.png,offshore,train,1.0,108
3670.0,2,2,P0074_3000_3800_4200_5000.png,offshore,train,1.0,95
3671.0,1,1,P0074_3500_4300_3000_3800.png,offshore,test,1.0,53
3672.0,2,2,P0074_3500_4300_4200_5000.png,offshore,train,1.0,82
3673.0,1,1,P0074_600_1400_1200_2000.png,offshore,val,1.0,52
3674.0,1,1,P0074_600_1400_1800_2600.png,offshore,train,1.0,47
3675.0,1,1,P0074_600_1400_3000_3800.png,offshore,train,1.0,59
3676.0,2,2,P0074_600_1400_3600_4400.png,offshore,train,1.0,57
3677.0,2,2,P0074_600_1400_4200_5000.png,offshore,train,1.0,55
3678.0,3,3,P0074_600_1400_4800_5600.png,offshore,train,1.0,57
3679.0,4,4,P0074_600_1400_5400_6200.png,offshore,val,1.0,84
3680.0,5,5,P0074_600_1400_6000_6800.png,offshore,train,1.0,100
3681.0,4,4,P0074_600_1400_6300_7100.png,offshore,test,1.0,79
3682.0,2,2,P0075_0_800_0_800.png,offshore,train,1.0,45
3683.0,1,1,P0075_0_800_1800_2600.png,offshore,test,1.0,24
3684.0,1,1,P0075_0_800_3000_3800.png,offshore,train,1.0,70
3685.0,1,1,P0075_0_800_3600_4400.png,offshore,train,1.0,92
3686.0,1,1,P0075_0_800_4200_5000.png,offshore,test,1.0,164
3687.0,4,4,P0075_0_800_4800_5600.png,offshore,train,1.0,201
3688.0,5,5,P0075_0_800_5400_6200.png,offshore,train,1.0,184
3689.0,3,3,P0075_0_800_6000_6800.png,offshore,val,1.0,208
3690.0,2,2,P0075_0_800_600_1400.png,offshore,val,1.0,24
3691.0,1,1,P0075_1200_2000_0_800.png,offshore,train,1.0,31
3692.0,2,2,P0075_1200_2000_1800_2600.png,offshore,train,1.0,22
3693.0,2,2,P0075_1200_2000_2400_3200.png,offshore,train,1.0,17
3694.0,3,3,P0075_1200_2000_3000_3800.png,offshore,train,1.0,51
3695.0,3,3,P0075_1200_2000_3600_4400.png,offshore,train,1.0,93
3696.0,4,4,P0075_1200_2000_4200_5000.png,offshore,train,1.0,28
3697.0,4,4,P0075_1200_2000_4800_5600.png,offshore,val,1.0,90
3698.0,2,2,P0075_1200_2000_5400_6200.png,offshore,train,1.0,88
3699.0,1,1,P0075_1800_2600_1200_2000.png,offshore,train,1.0,32
3700.0,1,1,P0075_1800_2600_1800_2600.png,offshore,val,1.0,13
3701.0,1,1,P0075_1800_2600_2400_3200.png,offshore,val,1.0,11
3702.0,3,3,P0075_1800_2600_3000_3800.png,offshore,val,1.0,26
3703.0,2,2,P0075_1800_2600_3600_4400.png,offshore,train,1.0,29
3704.0,3,3,P0075_1800_2600_4200_5000.png,offshore,test,1.0,39
3705.0,1,1,P0075_1800_2600_4800_5600.png,offshore,train,1.0,45
3706.0,1,1,P0075_2400_3200_1800_2600.png,offshore,train,1.0,6
3707.0,1,1,P0075_2400_3200_2400_3200.png,offshore,train,1.0,6
3708.0,3,3,P0075_2400_3200_3000_3800.png,offshore,train,1.0,28
3709.0,1,1,P0075_2400_3200_3600_4400.png,offshore,train,1.0,51
3710.0,1,1,P0075_2400_3200_4200_5000.png,offshore,train,1.0,22
3711.0,1,1,P0075_3000_3800_3000_3800.png,offshore,train,1.0,18
3712.0,1,1,P0075_3000_3800_3600_4400.png,offshore,train,1.0,21
3713.0,1,1,P0075_3000_3800_4200_5000.png,offshore,test,1.0,8
3714.0,1,1,P0075_3500_4300_1800_2600.png,offshore,train,1.0,9
3715.0,1,1,P0075_3500_4300_2400_3200.png,offshore,test,1.0,21
3716.0,1,1,P0075_3500_4300_3000_3800.png,offshore,train,1.0,12
3717.0,2,2,P0075_600_1400_0_800.png,offshore,train,1.0,37
3718.0,1,1,P0075_600_1400_1200_2000.png,offshore,val,1.0,18
3719.0,2,2,P0075_600_1400_1800_2600.png,offshore,train,1.0,23
3720.0,1,1,P0075_600_1400_2400_3200.png,offshore,train,1.0,19
3721.0,1,1,P0075_600_1400_3000_3800.png,offshore,train,1.0,36
3722.0,1,1,P0075_600_1400_3600_4400.png,offshore,val,1.0,37
3723.0,2,2,P0075_600_1400_4200_5000.png,offshore,val,1.0,65
3724.0,2,2,P0075_600_1400_4800_5600.png,offshore,train,1.0,140
3725.0,4,4,P0075_600_1400_5400_6200.png,offshore,train,1.0,130
3726.0,4,4,P0075_600_1400_6000_6800.png,offshore,val,1.0,120
3727.0,2,2,P0075_600_1400_600_1400.png,offshore,train,1.0,26
3728.0,2,2,P0076_0_800_0_800.png,offshore,test,1.0,66
3729.0,1,1,P0076_0_800_1200_2000.png,offshore,test,1.0,55
3730.0,1,1,P0076_0_800_1800_2600.png,offshore,train,1.0,49
3731.0,1,1,P0076_0_800_2400_3200.png,offshore,train,1.0,40
3732.0,2,2,P0076_0_800_3000_3800.png,offshore,train,1.0,50
3733.0,3,3,P0076_0_800_3600_4400.png,offshore,train,1.0,58
3734.0,6,6,P0076_0_800_4200_5000.png,offshore,train,1.0,84
3735.0,9,9,P0076_0_800_4800_5600.png,offshore,train,1.0,95
3736.0,7,7,P0076_0_800_5400_6200.png,offshore,val,1.0,80
3737.0,6,6,P0076_0_800_5700_6500.png,offshore,val,1.0,85
3738.0,2,2,P0076_0_800_600_1400.png,offshore,train,1.0,69
3739.0,2,2,P0076_1200_2000_0_800.png,offshore,test,1.0,66
3740.0,1,1,P0076_1200_2000_1200_2000.png,offshore,train,1.0,52
3741.0,1,1,P0076_1200_2000_1800_2600.png,offshore,train,1.0,56
3742.0,2,2,P0076_1200_2000_2400_3200.png,offshore,train,1.0,50
3743.0,3,3,P0076_1200_2000_3000_3800.png,offshore,train,1.0,79
3744.0,5,5,P0076_1200_2000_3600_4400.png,offshore,train,1.0,99
3745.0,3,3,P0076_1200_2000_4200_5000.png,offshore,val,1.0,74
3746.0,1,1,P0076_1200_2000_4800_5600.png,offshore,train,1.0,34
3747.0,1,1,P0076_1800_2600_0_800.png,offshore,train,1.0,51
3748.0,1,1,P0076_1800_2600_1200_2000.png,offshore,train,1.0,45
3749.0,1,1,P0076_1800_2600_1800_2600.png,offshore,train,1.0,40
3750.0,1,1,P0076_1800_2600_2400_3200.png,offshore,train,1.0,45
3751.0,2,2,P0076_1800_2600_3000_3800.png,offshore,test,1.0,69
3752.0,2,2,P0076_1800_2600_3600_4400.png,offshore,train,1.0,66
3753.0,1,1,P0076_1800_2600_4200_5000.png,offshore,train,1.0,43
3754.0,1,1,P0076_1800_2600_600_1400.png,offshore,train,1.0,53
3755.0,1,1,P0076_2400_3200_1200_2000.png,offshore,val,1.0,61
3756.0,2,2,P0076_2400_3200_1800_2600.png,offshore,train,1.0,66
3757.0,1,1,P0076_2400_3200_2400_3200.png,offshore,train,1.0,47
3758.0,1,1,P0076_2400_3200_3600_4400.png,offshore,train,1.0,35
3759.0,1,1,P0076_2400_3200_4200_5000.png,offshore,train,1.0,33
3760.0,1,1,P0076_3000_3800_1200_2000.png,offshore,train,1.0,53
3761.0,3,3,P0076_3000_3800_1800_2600.png,offshore,train,1.0,63
3762.0,2,2,P0076_3000_3800_2400_3200.png,offshore,train,1.0,50
3763.0,2,2,P0076_3000_3800_3000_3800.png,offshore,test,1.0,40
3764.0,2,2,P0076_3000_3800_3600_4400.png,offshore,test,1.0,44
3765.0,1,1,P0076_3600_4400_2400_3200.png,offshore,train,1.0,43
3766.0,1,1,P0076_3600_4400_3000_3800.png,offshore,train,1.0,42
3767.0,1,1,P0076_3600_4400_3600_4400.png,offshore,train,1.0,42
3768.0,1,1,P0076_4150_4950_0_800.png,offshore,train,1.0,59
3769.0,1,1,P0076_4150_4950_3600_4400.png,offshore,train,1.0,44
3770.0,1,1,P0076_4150_4950_600_1400.png,offshore,train,1.0,69
3771.0,1,1,P0076_600_1400_0_800.png,offshore,train,1.0,60
3772.0,1,1,P0076_600_1400_1200_2000.png,offshore,test,1.0,67
3773.0,2,2,P0076_600_1400_1800_2600.png,offshore,train,1.0,63
3774.0,3,3,P0076_600_1400_2400_3200.png,offshore,test,1.0,62
3775.0,2,2,P0076_600_1400_3000_3800.png,offshore,train,1.0,46
3776.0,3,3,P0076_600_1400_3600_4400.png,offshore,val,1.0,67
3777.0,4,4,P0076_600_1400_4200_5000.png,offshore,train,1.0,84
3778.0,7,7,P0076_600_1400_4800_5600.png,offshore,val,1.0,84
3779.0,4,4,P0076_600_1400_5400_6200.png,offshore,train,1.0,61
3780.0,3,3,P0076_600_1400_5700_6500.png,offshore,test,1.0,52
3781.0,2,2,P0076_600_1400_600_1400.png,offshore,train,1.0,60
3782.0,1,1,P0077_0_800_0_800.png,offshore,val,1.0,70
3783.0,2,2,P0077_0_800_1200_2000.png,offshore,train,1.0,82
3784.0,1,1,P0077_0_800_1800_2600.png,offshore,test,1.0,58
3785.0,2,2,P0077_0_800_2400_3200.png,offshore,train,1.0,60
3786.0,1,1,P0077_0_800_3000_3800.png,offshore,train,1.0,56
3787.0,1,1,P0077_0_800_3600_4400.png,offshore,train,1.0,26
3788.0,4,4,P0077_0_800_4200_5000.png,offshore,train,1.0,56
3789.0,5,5,P0077_0_800_4800_5600.png,offshore,train,1.0,67
3790.0,5,5,P0077_0_800_5400_6200.png,offshore,val,1.0,60
3791.0,1,1,P0077_0_800_6000_6800.png,offshore,train,1.0,26
3792.0,1,1,P0077_1200_2000_1200_2000.png,offshore,train,1.0,71
3793.0,1,1,P0077_1200_2000_2400_3200.png,offshore,train,1.0,50
3794.0,2,2,P0077_1200_2000_3000_3800.png,offshore,train,1.0,42
3795.0,3,3,P0077_1200_2000_3600_4400.png,offshore,train,1.0,40
3796.0,4,4,P0077_1200_2000_4200_5000.png,offshore,test,1.0,53
3797.0,2,2,P0077_1200_2000_4800_5600.png,offshore,train,1.0,57
3798.0,1,1,P0077_1200_2000_600_1400.png,offshore,train,1.0,49
3799.0,1,1,P0077_1200_2000_7200_8000.png,inshore,test,1.0,384
3800.0,1,1,P0077_1800_2600_0_800.png,offshore,val,1.0,53
3801.0,2,2,P0077_1800_2600_1200_2000.png,offshore,train,1.0,71
3802.0,1,1,P0077_1800_2600_1800_2600.png,offshore,val,1.0,56
3803.0,1,1,P0077_1800_2600_2400_3200.png,offshore,test,1.0,35
3804.0,2,2,P0077_1800_2600_3000_3800.png,offshore,train,1.0,45
3805.0,1,1,P0077_1800_2600_3600_4400.png,offshore,train,1.0,44
3806.0,2,2,P0077_1800_2600_4200_5000.png,offshore,train,1.0,35
3807.0,1,1,P0077_1800_2600_600_1400.png,offshore,train,1.0,40
3808.0,5,5,P0077_1800_2600_7200_8000.png,inshore,train,1.0,1480
3809.0,1,1,P0077_2400_3200_1200_2000.png,offshore,train,1.0,45
3810.0,1,1,P0077_2400_3200_3000_3800.png,offshore,train,1.0,38
3811.0,2,2,P0077_2400_3200_3600_4400.png,offshore,train,1.0,45
3812.0,3,3,P0077_2400_3200_4200_5000.png,offshore,test,1.0,45
3813.0,1,1,P0077_2400_3200_600_1400.png,offshore,train,1.0,43
3814.0,1,1,P0077_3000_3800_2400_3200.png,offshore,test,1.0,37
3815.0,1,1,P0077_3000_3800_3600_4400.png,offshore,train,1.0,38
3816.0,1,1,P0077_3500_4300_1800_2600.png,offshore,train,1.0,44
3817.0,1,1,P0077_3500_4300_2400_3200.png,offshore,test,1.0,42
3818.0,1,1,P0077_3500_4300_3000_3800.png,offshore,train,1.0,68
3819.0,1,1,P0077_3500_4300_3600_4400.png,offshore,val,1.0,32
3820.0,1,1,P0077_600_1400_0_800.png,offshore,test,1.0,66
3821.0,2,2,P0077_600_1400_1200_2000.png,offshore,train,1.0,82
3822.0,2,2,P0077_600_1400_1800_2600.png,offshore,train,1.0,83
3823.0,3,3,P0077_600_1400_2400_3200.png,offshore,val,1.0,71
3824.0,2,2,P0077_600_1400_3000_3800.png,offshore,train,1.0,53
3825.0,4,4,P0077_600_1400_3600_4400.png,offshore,val,1.0,56
3826.0,3,3,P0077_600_1400_4200_5000.png,offshore,test,1.0,52
3827.0,5,5,P0077_600_1400_4800_5600.png,offshore,test,1.0,77
3828.0,6,6,P0077_600_1400_5400_6200.png,offshore,train,1.0,75
3829.0,1,1,P0077_600_1400_6000_6800.png,offshore,train,1.0,35
3830.0,1,1,P0077_600_1400_600_1400.png,offshore,train,1.0,57
3831.0,1,1,P0078_0_800_0_800.png,offshore,train,1.0,325
3832.0,1,1,P0078_0_800_3600_4400.png,offshore,train,1.0,287
3833.0,2,2,P0078_0_800_4200_5000.png,offshore,train,1.0,257
3834.0,1,1,P0078_1200_2000_1800_2600.png,offshore,train,1.0,299
3835.0,1,1,P0078_1200_2000_2400_3200.png,offshore,train,1.0,324
3836.0,1,1,P0078_1200_2000_3000_3800.png,offshore,test,1.0,285
3837.0,1,1,P0078_1200_2000_3600_4400.png,offshore,train,1.0,289
3838.0,2,2,P0078_1200_2000_4200_5000.png,offshore,train,1.0,262
3839.0,1,1,P0078_1200_2000_4800_5600.png,offshore,train,1.0,187
3840.0,3,3,P0078_1200_2000_5400_6200.png,offshore,train,1.0,195
3841.0,6,6,P0078_1200_2000_6000_6800.png,offshore,val,1.0,183
3842.0,5,5,P0078_1200_2000_6200_7000.png,offshore,train,1.0,165
3843.0,1,1,P0078_1800_2600_1800_2600.png,offshore,train,1.0,270
3844.0,1,1,P0078_1800_2600_2400_3200.png,offshore,train,1.0,246
3845.0,1,1,P0078_1800_2600_3000_3800.png,offshore,val,1.0,248
3846.0,1,1,P0078_1800_2600_3600_4400.png,offshore,train,1.0,223
3847.0,3,3,P0078_1800_2600_4200_5000.png,offshore,train,1.0,205
3848.0,3,3,P0078_1800_2600_4800_5600.png,offshore,train,1.0,191
3849.0,4,4,P0078_1800_2600_5400_6200.png,offshore,test,1.0,170
3850.0,4,4,P0078_1800_2600_6000_6800.png,offshore,test,1.0,168
3851.0,1,1,P0078_1800_2600_600_1400.png,offshore,train,1.0,291
3852.0,3,3,P0078_1800_2600_6200_7000.png,offshore,test,1.0,178
3853.0,1,1,P0078_2400_3200_1800_2600.png,offshore,train,1.0,251
3854.0,1,1,P0078_2400_3200_2400_3200.png,offshore,train,1.0,266
3855.0,1,1,P0078_2400_3200_3000_3800.png,offshore,test,1.0,206
3856.0,1,1,P0078_2400_3200_3600_4400.png,offshore,train,1.0,170
3857.0,2,2,P0078_2400_3200_4200_5000.png,offshore,train,1.0,163
3858.0,4,4,P0078_2400_3200_4800_5600.png,offshore,train,1.0,183
3859.0,1,1,P0078_2400_3200_5400_6200.png,offshore,train,1.0,144
3860.0,1,1,P0078_3000_3800_1200_2000.png,offshore,test,1.0,232
3861.0,1,1,P0078_3000_3800_1800_2600.png,offshore,val,1.0,237
3862.0,1,1,P0078_3000_3800_2400_3200.png,offshore,train,1.0,230
3863.0,1,1,P0078_3000_3800_3000_3800.png,offshore,train,1.0,185
3864.0,1,1,P0078_3000_3800_4800_5600.png,offshore,train,1.0,162
3865.0,1,1,P0078_3000_3800_5400_6200.png,offshore,train,1.0,125
3866.0,1,1,P0078_3600_4400_1200_2000.png,offshore,train,1.0,259
3867.0,1,1,P0078_3600_4400_3000_3800.png,offshore,train,1.0,174
3868.0,1,1,P0078_3600_4400_4200_5000.png,offshore,train,1.0,152
3869.0,1,1,P0078_3600_4400_4800_5600.png,offshore,train,1.0,116
3870.0,1,1,P0078_3600_4400_600_1400.png,offshore,train,1.0,350
3871.0,1,1,P0078_4200_5000_0_800.png,offshore,train,1.0,322
3872.0,1,1,P0078_4200_5000_1800_2600.png,offshore,train,1.0,125
3873.0,1,1,P0078_4200_5000_4200_5000.png,offshore,train,1.0,130
3874.0,1,1,P0078_4200_5000_600_1400.png,offshore,train,1.0,306
3875.0,1,1,P0078_4700_5500_3000_3800.png,offshore,train,1.0,132
3876.0,1,1,P0078_4700_5500_3600_4400.png,offshore,train,1.0,132
3877.0,1,1,P0078_4700_5500_4200_5000.png,offshore,train,1.0,135
3878.0,1,1,P0078_4700_5500_600_1400.png,offshore,val,1.0,295
3879.0,1,1,P0078_600_1400_3600_4400.png,offshore,train,1.0,295
3880.0,1,1,P0078_600_1400_4800_5600.png,offshore,train,1.0,258
3881.0,1,1,P0078_600_1400_5400_6200.png,offshore,train,1.0,238
3882.0,1,1,P0079_0_800_1800_2600.png,offshore,train,1.0,29
3883.0,1,1,P0079_0_800_2400_3200.png,offshore,train,1.0,47
3884.0,1,1,P0079_0_800_3000_3800.png,offshore,train,1.0,48
3885.0,4,4,P0079_0_800_3600_4400.png,offshore,train,1.0,50
3886.0,3,3,P0079_0_800_4200_5000.png,offshore,train,1.0,44
3887.0,4,4,P0079_0_800_4800_5600.png,offshore,train,1.0,77
3888.0,1,1,P0079_0_800_600_1400.png,offshore,val,1.0,61
3889.0,1,1,P0079_1200_2000_0_800.png,offshore,train,1.0,76
3890.0,3,3,P0079_1200_2000_1800_2600.png,offshore,train,1.0,74
3891.0,2,2,P0079_1200_2000_2400_3200.png,offshore,train,1.0,55
3892.0,3,3,P0079_1200_2000_3600_4400.png,offshore,test,1.0,48
3893.0,1,1,P0079_1200_2000_4200_5000.png,offshore,test,1.0,37
3894.0,1,1,P0079_1200_2000_600_1400.png,offshore,train,1.0,57
3895.0,1,1,P0079_1200_2000_6500_7300.png,inshore,train,1.0,239
3896.0,1,1,P0079_1800_2600_0_800.png,offshore,test,1.0,57
3897.0,2,2,P0079_1800_2600_1200_2000.png,offshore,train,1.0,50
3898.0,2,2,P0079_1800_2600_1800_2600.png,offshore,train,1.0,41
3899.0,2,2,P0079_1800_2600_2400_3200.png,offshore,train,1.0,41
3900.0,1,1,P0079_1800_2600_3000_3800.png,offshore,test,1.0,27
3901.0,2,2,P0079_1800_2600_3600_4400.png,offshore,val,1.0,44
3902.0,1,1,P0079_1800_2600_4200_5000.png,offshore,train,1.0,26
3903.0,1,1,P0079_1800_2600_600_1400.png,offshore,train,1.0,54
3904.0,11,11,P0079_1800_2600_6500_7300.png,inshore,train,1.0,1360
3905.0,3,3,P0079_2400_3200_1200_2000.png,offshore,train,1.0,55
3906.0,1,1,P0079_2400_3200_1800_2600.png,offshore,test,1.0,34
3907.0,1,1,P0079_2400_3200_2400_3200.png,offshore,train,1.0,35
3908.0,12,12,P0079_2400_3200_6500_7300.png,inshore,train,1.0,1772
3909.0,2,2,P0079_3000_3800_1200_2000.png,offshore,train,1.0,37
3910.0,1,1,P0079_3000_3800_1800_2600.png,offshore,train,1.0,27
3911.0,2,2,P0079_3000_3800_2400_3200.png,offshore,train,1.0,35
3912.0,1,1,P0079_3000_3800_3000_3800.png,offshore,train,1.0,33
3913.0,1,1,P0079_3000_3800_600_1400.png,offshore,train,1.0,43
3914.0,2,2,P0079_3600_4400_2400_3200.png,offshore,test,1.0,40
3915.0,1,1,P0079_3600_4400_3000_3800.png,offshore,train,1.0,31
3916.0,1,1,P0079_3700_4500_2400_3200.png,offshore,train,1.0,39
3917.0,3,3,P0079_600_1400_1200_2000.png,offshore,train,1.0,51
3918.0,3,3,P0079_600_1400_1800_2600.png,offshore,train,1.0,65
3919.0,2,2,P0079_600_1400_2400_3200.png,offshore,train,1.0,46
3920.0,3,3,P0079_600_1400_3000_3800.png,offshore,test,1.0,53
3921.0,4,4,P0079_600_1400_3600_4400.png,offshore,val,1.0,56
3922.0,4,4,P0079_600_1400_4200_5000.png,offshore,val,1.0,62
3923.0,5,5,P0079_600_1400_4800_5600.png,offshore,train,1.0,69
3924.0,2,2,P0079_600_1400_600_1400.png,offshore,train,1.0,62
3925.0,1,1,P0080_0_800_1800_2600.png,offshore,train,1.0,107
3926.0,2,2,P0080_0_800_3000_3800.png,offshore,train,1.0,85
3927.0,2,2,P0080_0_800_3600_4400.png,offshore,val,1.0,96
3928.0,5,5,P0080_0_800_4200_5000.png,offshore,train,1.0,105
3929.0,6,6,P0080_0_800_4800_5600.png,offshore,train,1.0,102
3930.0,4,4,P0080_0_800_5400_6200.png,offshore,val,1.0,91
3931.0,2,2,P0080_0_800_5800_6600.png,offshore,val,1.0,68
3932.0,1,1,P0080_0_800_600_1400.png,offshore,train,1.0,93
3933.0,2,2,P0080_1200_2000_0_800.png,offshore,train,1.0,110
3934.0,1,1,P0080_1200_2000_1200_2000.png,offshore,train,1.0,92
3935.0,3,3,P0080_1200_2000_1800_2600.png,offshore,train,1.0,98
3936.0,2,2,P0080_1200_2000_2400_3200.png,offshore,train,1.0,115
3937.0,1,1,P0080_1200_2000_3000_3800.png,offshore,train,1.0,88
3938.0,1,1,P0080_1200_2000_3600_4400.png,offshore,val,1.0,86
3939.0,4,4,P0080_1200_2000_4200_5000.png,offshore,train,1.0,112
3940.0,4,4,P0080_1200_2000_4800_5600.png,offshore,train,1.0,120
3941.0,1,1,P0080_1200_2000_600_1400.png,offshore,train,1.0,100
3942.0,1,1,P0080_1800_2600_1200_2000.png,offshore,train,1.0,90
3943.0,2,2,P0080_1800_2600_1800_2600.png,offshore,train,1.0,108
3944.0,2,2,P0080_1800_2600_2400_3200.png,offshore,train,1.0,121
3945.0,1,1,P0080_1800_2600_3000_3800.png,offshore,test,1.0,89
3946.0,2,2,P0080_1800_2600_3600_4400.png,offshore,train,1.0,106
3947.0,3,3,P0080_1800_2600_4200_5000.png,offshore,train,1.0,105
3948.0,1,1,P0080_1800_2600_4800_5600.png,offshore,train,1.0,91
3949.0,1,1,P0080_2400_3200_1200_2000.png,offshore,train,1.0,107
3950.0,1,1,P0080_2400_3200_1800_2600.png,offshore,val,1.0,134
3951.0,2,2,P0080_2400_3200_3600_4400.png,offshore,train,1.0,106
3952.0,2,2,P0080_2400_3200_4200_5000.png,offshore,train,1.0,114
3953.0,1,1,P0080_3000_3800_1800_2600.png,offshore,train,1.0,126
3954.0,1,1,P0080_3000_3800_2400_3200.png,offshore,test,1.0,109
3955.0,1,1,P0080_3000_3800_3000_3800.png,offshore,train,1.0,129
3956.0,1,1,P0080_3000_3800_3600_4400.png,offshore,train,1.0,117
3957.0,1,1,P0080_3600_4400_1800_2600.png,offshore,train,1.0,128
3958.0,1,1,P0080_3600_4400_2400_3200.png,offshore,val,1.0,111
3959.0,1,1,P0080_3600_4400_3000_3800.png,offshore,train,1.0,115
3960.0,1,1,P0080_3600_4400_3600_4400.png,offshore,train,1.0,124
3961.0,1,1,P0080_600_1400_0_800.png,offshore,train,1.0,118
3962.0,3,3,P0080_600_1400_1200_2000.png,offshore,train,1.0,127
3963.0,4,4,P0080_600_1400_1800_2600.png,offshore,train,1.0,113
3964.0,2,2,P0080_600_1400_2400_3200.png,offshore,train,1.0,100
3965.0,2,2,P0080_600_1400_3000_3800.png,offshore,train,1.0,93
3966.0,2,2,P0080_600_1400_3600_4400.png,offshore,val,1.0,95
3967.0,4,4,P0080_600_1400_4200_5000.png,offshore,train,1.0,104
3968.0,6,6,P0080_600_1400_4800_5600.png,offshore,test,1.0,128
3969.0,4,4,P0080_600_1400_5400_6200.png,offshore,val,1.0,89
3970.0,4,4,P0080_600_1400_5800_6600.png,offshore,train,1.0,82
3971.0,3,3,P0080_600_1400_600_1400.png,offshore,val,1.0,105
3972.0,1,1,P0081_0_800_2400_3200.png,offshore,train,1.0,34
3973.0,1,1,P0081_0_800_3000_3800.png,offshore,train,1.0,36
3974.0,1,1,P0081_0_800_3600_4400.png,offshore,train,1.0,26
3975.0,1,1,P0081_0_800_4200_5000.png,offshore,test,1.0,33
3976.0,1,1,P0081_1200_2000_0_800.png,offshore,train,1.0,27
3977.0,1,1,P0081_1200_2000_1200_2000.png,offshore,val,1.0,35
3978.0,2,2,P0081_1200_2000_1800_2600.png,offshore,train,1.0,31
3979.0,1,1,P0081_1200_2000_2400_3200.png,offshore,test,1.0,28
3980.0,1,1,P0081_1200_2000_3000_3800.png,offshore,train,1.0,37
3981.0,2,2,P0081_1200_2000_3600_4400.png,offshore,train,1.0,24
3982.0,2,2,P0081_1200_2000_4200_5000.png,offshore,train,1.0,44
3983.0,5,5,P0081_1200_2000_4800_5600.png,offshore,train,1.0,59
3984.0,5,5,P0081_1200_2000_5400_6200.png,offshore,train,1.0,56
3985.0,2,2,P0081_1200_2000_6000_6800.png,offshore,train,1.0,26
3986.0,1,1,P0081_1200_2000_600_1400.png,offshore,train,1.0,40
3987.0,1,1,P0081_1200_2000_6300_7100.png,inshore,test,1.0,58
3988.0,1,1,P0081_1800_2600_0_800.png,offshore,val,1.0,48
3989.0,1,1,P0081_1800_2600_1800_2600.png,offshore,train,1.0,31
3990.0,2,2,P0081_1800_2600_3000_3800.png,offshore,train,1.0,37
3991.0,4,4,P0081_1800_2600_3600_4400.png,offshore,test,1.0,44
3992.0,4,4,P0081_1800_2600_4200_5000.png,offshore,train,1.0,59
3993.0,1,1,P0081_1800_2600_4800_5600.png,offshore,test,1.0,32
3994.0,1,1,P0081_1800_2600_600_1400.png,offshore,train,1.0,35
3995.0,1,1,P0081_2400_3200_0_800.png,offshore,train,1.0,45
3996.0,1,1,P0081_2400_3200_1800_2600.png,offshore,train,1.0,27
3997.0,1,1,P0081_2400_3200_3000_3800.png,offshore,test,1.0,35
3998.0,1,1,P0081_2400_3200_3600_4400.png,offshore,val,1.0,26
3999.0,3,3,P0081_2400_3200_4200_5000.png,offshore,train,1.0,44
4000.0,1,1,P0081_2400_3200_600_1400.png,offshore,train,1.0,39
4001.0,1,1,P0081_3000_3800_3000_3800.png,inshore,test,1.0,34
4002.0,2,2,P0081_3000_3800_3600_4400.png,offshore,train,1.0,28
4003.0,1,1,P0081_3000_3800_4200_5000.png,offshore,val,1.0,29
4004.0,2,2,P0081_3600_4400_3600_4400.png,offshore,test,1.0,27
4005.0,1,1,P0081_4200_5000_3000_3800.png,offshore,train,1.0,30
4006.0,1,1,P0081_4200_5000_3600_4400.png,offshore,train,1.0,28
4007.0,1,1,P0081_4400_5200_3000_3800.png,offshore,train,1.0,32
4008.0,2,2,P0081_4400_5200_3600_4400.png,offshore,test,1.0,40
4009.0,3,3,P0081_600_1400_0_800.png,offshore,train,1.0,37
4010.0,1,1,P0081_600_1400_1200_2000.png,offshore,val,1.0,39
4011.0,2,2,P0081_600_1400_1800_2600.png,offshore,train,1.0,31
4012.0,1,1,P0081_600_1400_2400_3200.png,offshore,train,1.0,37
4013.0,2,2,P0081_600_1400_3000_3800.png,offshore,train,1.0,41
4014.0,3,3,P0081_600_1400_3600_4400.png,offshore,val,1.0,34
4015.0,3,3,P0081_600_1400_4200_5000.png,offshore,train,1.0,55
4016.0,5,5,P0081_600_1400_4800_5600.png,offshore,train,1.0,53
4017.0,6,6,P0081_600_1400_5400_6200.png,offshore,val,1.0,71
4018.0,2,2,P0081_600_1400_6000_6800.png,offshore,train,1.0,26
4019.0,1,1,P0081_600_1400_600_1400.png,offshore,train,1.0,38
4020.0,1,1,P0081_600_1400_6300_7100.png,offshore,train,1.0,17
4021.0,1,1,P0082_0_800_0_800.png,inshore,train,1.0,131
4022.0,4,4,P0082_0_800_1200_2000.png,inshore,test,1.0,991
4023.0,5,5,P0082_0_800_1800_2600.png,inshore,train,1.0,2171
4024.0,9,9,P0082_0_800_2400_3200.png,inshore,val,1.0,1760
4025.0,1,1,P0082_0_800_3000_3800.png,inshore,train,1.0,2117
4026.0,13,13,P0082_0_800_600_1400.png,inshore,train,1.0,252
4027.0,1,1,P0082_1200_2000_1200_2000.png,inshore,train,1.0,213
4028.0,1,1,P0082_1200_2000_1800_2600.png,inshore,val,1.0,269
4029.0,2,2,P0082_1200_2000_2400_3200.png,inshore,train,1.0,730
4030.0,11,11,P0082_1200_2000_3000_3800.png,inshore,train,1.0,1392
4031.0,2,2,P0082_1800_2600_1200_2000.png,offshore,train,1.0,65
4032.0,2,2,P0082_1800_2600_2400_3200.png,inshore,train,1.0,386
4033.0,8,8,P0082_1800_2600_3000_3800.png,inshore,train,1.0,744
4034.0,4,4,P0082_1800_2600_3600_4400.png,inshore,train,1.0,1438
4035.0,2,2,P0082_1800_2600_4200_5000.png,inshore,train,1.0,2378
4036.0,2,2,P0082_1800_2600_4206_5006.png,inshore,train,1.0,2381
4037.0,1,1,P0082_1800_2600_600_1400.png,offshore,test,1.0,63
4038.0,1,1,P0082_2400_3200_0_800.png,offshore,train,1.0,106
4039.0,1,1,P0082_2400_3200_1200_2000.png,offshore,train,1.0,77
4040.0,1,1,P0082_2400_3200_1800_2600.png,offshore,train,1.0,58
4041.0,8,8,P0082_2400_3200_3600_4400.png,inshore,val,1.0,786
4042.0,7,7,P0082_2400_3200_4200_5000.png,inshore,val,1.0,1949
4043.0,10,10,P0082_2400_3200_4206_5006.png,inshore,test,1.0,1953
4044.0,2,2,P0082_2400_3200_600_1400.png,offshore,val,1.0,87
4045.0,1,1,P0082_3000_3800_0_800.png,offshore,train,1.0,100
4046.0,2,2,P0082_3000_3800_1200_2000.png,offshore,val,1.0,82
4047.0,2,2,P0082_3000_3800_1800_2600.png,offshore,test,1.0,72
4048.0,2,2,P0082_3000_3800_600_1400.png,offshore,train,1.0,89
4049.0,1,1,P0082_3500_4300_1200_2000.png,offshore,test,1.0,65
4050.0,1,1,P0082_3500_4300_1800_2600.png,offshore,train,1.0,47
4051.0,1,1,P0082_600_1400_1200_2000.png,inshore,test,1.0,161
4052.0,9,9,P0082_600_1400_2400_3200.png,inshore,train,1.0,1608
4053.0,8,8,P0082_600_1400_3000_3800.png,inshore,val,1.0,2047
4054.0,4,4,P0083_0_800_0_800.png,inshore,train,1.0,401
4055.0,5,5,P0083_0_800_1800_2600.png,inshore,train,1.0,2270
4056.0,15,15,P0083_0_800_600_1400.png,inshore,train,1.0,1000
4057.0,1,1,P0083_1200_2000_0_800.png,inshore,val,1.0,229
4058.0,1,1,P0083_1200_2000_1800_2600.png,inshore,train,1.0,1082
4059.0,11,11,P0083_1200_2000_2400_3200.png,inshore,train,1.0,1456
4060.0,4,4,P0083_1200_2000_3000_3800.png,inshore,train,1.0,1932
4061.0,1,1,P0083_1800_2600_1800_2600.png,inshore,train,1.0,304
4062.0,8,8,P0083_1800_2600_2400_3200.png,inshore,val,1.0,757
4063.0,15,15,P0083_1800_2600_3000_3800.png,inshore,train,1.0,1486
4064.0,1,1,P0083_1800_2600_3600_4400.png,inshore,train,1.0,1983
4065.0,1,1,P0083_2400_3200_1800_2600.png,offshore,train,1.0,46
4066.0,2,2,P0083_2400_3200_3000_3800.png,inshore,val,1.0,628
4067.0,12,12,P0083_2400_3200_3600_4400.png,inshore,train,1.0,1463
4068.0,2,2,P0083_2400_3200_4200_5000.png,inshore,test,1.0,2622
4069.0,1,1,P0083_2708_3508_1800_2600.png,offshore,train,1.0,52
4070.0,11,11,P0083_2708_3508_3600_4400.png,inshore,val,1.0,1264
4071.0,2,2,P0083_2708_3508_4200_5000.png,inshore,val,1.0,2524
4072.0,4,4,P0083_600_1400_1800_2600.png,inshore,train,1.0,2108
4073.0,8,8,P0083_600_1400_2400_3200.png,inshore,train,1.0,2060
4074.0,8,8,P0083_600_1400_600_1400.png,inshore,train,1.0,193
4075.0,1,1,P0084_1200_2000_0_800.png,inshore,train,1.0,183
4076.0,2,2,P0084_1200_2000_1200_2000.png,inshore,train,1.0,421
4077.0,7,7,P0084_1200_2000_1800_2600.png,inshore,train,1.0,924
4078.0,8,8,P0084_1200_2000_2400_3200.png,inshore,train,1.0,1670
4079.0,1,1,P0084_1200_2000_600_1400.png,inshore,train,1.0,257
4080.0,2,2,P0084_1800_2600_1200_2000.png,inshore,train,1.0,165
4081.0,5,5,P0084_1800_2600_1800_2600.png,inshore,test,1.0,539
4082.0,9,9,P0084_1800_2600_2400_3200.png,inshore,train,1.0,995
4083.0,4,4,P0084_1800_2600_3000_3800.png,inshore,val,1.0,1697
4084.0,1,1,P0084_1800_2600_3500_4300.png,inshore,train,1.0,2451
4085.0,2,2,P0084_1800_2600_600_1400.png,offshore,train,1.0,56
4086.0,3,3,P0084_2400_3200_1200_2000.png,offshore,train,1.0,74
4087.0,1,1,P0084_2400_3200_1800_2600.png,offshore,train,1.0,64
4088.0,1,1,P0084_2400_3200_2400_3200.png,inshore,val,1.0,297
4089.0,4,4,P0084_2400_3200_3000_3800.png,inshore,train,1.0,1128
4090.0,3,3,P0084_2400_3200_3500_4300.png,inshore,train,1.0,1964
4091.0,3,3,P0084_2400_3200_600_1400.png,offshore,train,1.0,87
4092.0,1,1,P0084_3000_3800_3000_3800.png,inshore,train,1.0,515
4093.0,1,1,P0084_3000_3800_3500_4300.png,inshore,test,1.0,1210
4094.0,1,1,P0084_3000_3800_600_1400.png,offshore,test,1.0,34
4095.0,7,7,P0084_600_1400_1800_2600.png,inshore,train,1.0,1768
4096.0,2,2,P0084_600_1400_2400_3200.png,inshore,train,1.0,2252
4097.0,15,15,P0085_0_800_0_800.png,inshore,train,1.0,487
4098.0,2,2,P0085_0_800_1800_2600.png,inshore,test,1.0,1951
4099.0,7,7,P0085_1200_2000_1800_2600.png,inshore,train,1.0,968
4100.0,11,11,P0085_1200_2000_2400_3200.png,inshore,val,1.0,1848
4101.0,1,1,P0085_1800_2600_1800_2600.png,inshore,train,1.0,540
4102.0,7,7,P0085_1800_2600_2400_3200.png,inshore,test,1.0,1210
4103.0,8,8,P0085_1800_2600_3000_3800.png,inshore,train,1.0,1832
4104.0,1,1,P0085_1800_2600_600_1400.png,offshore,train,1.0,35
4105.0,1,1,P0085_2400_3200_1200_2000.png,offshore,train,1.0,29
4106.0,2,2,P0085_2400_3200_2400_3200.png,inshore,train,1.0,400
4107.0,12,12,P0085_2400_3200_3000_3800.png,inshore,train,1.0,1178
4108.0,13,13,P0085_2400_3200_3600_4400.png,inshore,val,1.0,2233
4109.0,10,10,P0085_2400_3200_3700_4500.png,inshore,test,1.0,2448
4110.0,1,1,P0085_2400_3200_600_1400.png,offshore,train,1.0,37
4111.0,1,1,P0085_3000_3800_1800_2600.png,offshore,test,1.0,93
4112.0,4,4,P0085_3000_3800_3000_3800.png,inshore,train,1.0,559
4113.0,11,11,P0085_3000_3800_3600_4400.png,inshore,train,1.0,1619
4114.0,8,8,P0085_3000_3800_3700_4500.png,inshore,train,1.0,1855
4115.0,1,1,P0085_3200_4000_1800_2600.png,offshore,train,1.0,59
4116.0,4,4,P0085_600_1400_0_800.png,inshore,train,1.0,256
4117.0,9,9,P0085_600_1400_1800_2600.png,inshore,train,1.0,1827
4118.0,3,3,P0085_600_1400_2400_3200.png,inshore,test,1.0,2216
4119.0,3,3,P0086_0_800_0_800.png,inshore,train,1.0,189
4120.0,4,4,P0086_0_800_1800_2600.png,inshore,val,1.0,2127
4121.0,6,6,P0086_0_800_2400_3200.png,inshore,train,1.0,1818
4122.0,13,13,P0086_1200_2000_2400_3200.png,inshore,train,1.0,799
4123.0,15,15,P0086_1200_2000_3000_3800.png,inshore,test,1.0,1470
4124.0,3,3,P0086_1200_2000_3500_4300.png,inshore,train,1.0,1637
4125.0,1,1,P0086_1800_2600_1200_2000.png,offshore,val,1.0,74
4126.0,2,2,P0086_1800_2600_1800_2600.png,offshore,val,1.0,92
4127.0,3,3,P0086_1800_2600_2400_3200.png,inshore,train,1.0,351
4128.0,10,10,P0086_1800_2600_3000_3800.png,inshore,train,1.0,848
4129.0,17,17,P0086_1800_2600_3500_4300.png,inshore,test,1.0,1572
4130.0,1,1,P0086_2400_3200_0_800.png,offshore,val,1.0,257
4131.0,1,1,P0086_2400_3200_1200_2000.png,offshore,val,1.0,104
4132.0,2,2,P0086_2400_3200_1800_2600.png,offshore,test,1.0,90
4133.0,1,1,P0086_2400_3200_2400_3200.png,offshore,val,1.0,74
4134.0,8,8,P0086_2400_3200_3500_4300.png,inshore,train,1.0,826
4135.0,1,1,P0086_2400_3200_600_1400.png,offshore,train,1.0,196
4136.0,1,1,P0086_2700_3500_0_800.png,offshore,train,1.0,197
4137.0,1,1,P0086_2700_3500_1200_2000.png,offshore,train,1.0,118
4138.0,1,1,P0086_2700_3500_1800_2600.png,offshore,train,1.0,84
4139.0,4,4,P0086_2700_3500_3500_4300.png,inshore,train,1.0,571
4140.0,1,1,P0086_2700_3500_600_1400.png,offshore,train,1.0,181
4141.0,2,2,P0086_600_1400_0_800.png,inshore,test,1.0,273
4142.0,13,13,P0086_600_1400_2400_3200.png,inshore,val,1.0,1719
4143.0,9,9,P0086_600_1400_3000_3800.png,inshore,val,1.0,2113
4144.0,2,2,P0087_0_800_0_800.png,inshore,val,1.0,152
4145.0,6,6,P0087_0_800_1800_2600.png,inshore,train,1.0,2093
4146.0,8,8,P0087_0_800_2400_3200.png,inshore,test,1.0,2001
4147.0,4,4,P0087_1200_2000_2400_3200.png,inshore,val,1.0,680
4148.0,8,8,P0087_1200_2000_3000_3800.png,inshore,val,1.0,1700
4149.0,2,2,P0087_1200_2000_3600_4400.png,inshore,train,1.0,1760
4150.0,1,1,P0087_1800_2600_0_800.png,offshore,train,1.0,91
4151.0,2,2,P0087_1800_2600_1200_2000.png,offshore,train,1.0,57
4152.0,2,2,P0087_1800_2600_1800_2600.png,offshore,test,1.0,58
4153.0,1,1,P0087_1800_2600_2400_3200.png,offshore,train,1.0,77
4154.0,2,2,P0087_1800_2600_3000_3800.png,inshore,train,1.0,646
4155.0,9,9,P0087_1800_2600_3600_4400.png,inshore,train,1.0,1448
4156.0,10,10,P0087_1800_2600_3900_4700.png,inshore,train,1.0,2066
4157.0,1,1,P0087_1800_2600_600_1400.png,offshore,train,1.0,87
4158.0,1,1,P0087_2400_3200_0_800.png,offshore,train,1.0,104
4159.0,1,1,P0087_2400_3200_1200_2000.png,offshore,test,1.0,41
4160.0,1,1,P0087_2400_3200_1800_2600.png,offshore,train,1.0,50
4161.0,1,1,P0087_2400_3200_2400_3200.png,offshore,train,1.0,48
4162.0,6,6,P0087_2400_3200_3600_4400.png,inshore,train,1.0,734
4163.0,7,7,P0087_2400_3200_3900_4700.png,inshore,train,1.0,1402
4164.0,1,1,P0087_2500_3300_0_800.png,offshore,train,1.0,118
4165.0,1,1,P0087_2500_3300_1200_2000.png,offshore,test,1.0,40
4166.0,1,1,P0087_2500_3300_1800_2600.png,offshore,train,1.0,50
4167.0,1,1,P0087_2500_3300_2400_3200.png,offshore,test,1.0,48
4168.0,5,5,P0087_2500_3300_3600_4400.png,inshore,train,1.0,667
4169.0,6,6,P0087_2500_3300_3900_4700.png,inshore,train,1.0,1255
4170.0,10,10,P0087_600_1400_2400_3200.png,inshore,train,1.0,1446
4171.0,4,4,P0087_600_1400_3000_3800.png,inshore,val,1.0,1950
4172.0,1,1,P0087_600_1400_600_1400.png,inshore,train,1.0,280
4173.0,1,1,P0088_0_800_1200_2000.png,inshore,test,1.0,260
4174.0,11,11,P0088_0_800_1800_2600.png,inshore,val,1.0,249
4175.0,5,5,P0088_0_800_2400_3200.png,inshore,train,1.0,883
4176.0,1,1,P0088_0_800_3000_3800.png,inshore,train,1.0,2110
4177.0,5,5,P0088_0_800_3600_4400.png,inshore,train,1.0,1801
4178.0,1,1,P0088_0_800_4200_5000.png,inshore,val,1.0,2213
4179.0,5,5,P0088_1200_2000_3600_4400.png,inshore,train,1.0,709
4180.0,8,8,P0088_1200_2000_4200_5000.png,inshore,train,1.0,1577
4181.0,2,2,P0088_1200_2000_4800_5600.png,inshore,test,1.0,1730
4182.0,1,1,P0088_1800_2600_1800_2600.png,offshore,train,1.0,123
4183.0,1,1,P0088_1800_2600_2400_3200.png,offshore,test,1.0,110
4184.0,1,1,P0088_1800_2600_3600_4400.png,inshore,test,1.0,197
4185.0,3,3,P0088_1800_2600_4200_5000.png,inshore,train,1.0,766
4186.0,8,8,P0088_1800_2600_4800_5600.png,inshore,test,1.0,1565
4187.0,5,5,P0088_1800_2600_5200_6000.png,inshore,train,1.0,2140
4188.0,1,1,P0088_2200_3000_2400_3200.png,offshore,train,1.0,87
4189.0,2,2,P0088_2200_3000_3600_4400.png,offshore,train,1.0,110
4190.0,9,9,P0088_2200_3000_4800_5600.png,inshore,train,1.0,1004
4191.0,13,13,P0088_2200_3000_5200_6000.png,inshore,train,1.0,1823
4192.0,1,1,P0088_600_1400_0_800.png,offshore,train,1.0,299
4193.0,7,7,P0088_600_1400_3600_4400.png,inshore,train,1.0,1579
4194.0,7,7,P0088_600_1400_4200_5000.png,inshore,train,1.0,2045
4195.0,5,5,P0089_0_800_2400_3200.png,inshore,train,1.0,1790
4196.0,2,2,P0089_0_800_3000_3800.png,inshore,val,1.0,2245
4197.0,2,2,P0089_1200_2000_0_800.png,offshore,val,1.0,150
4198.0,1,1,P0089_1200_2000_1200_2000.png,offshore,train,1.0,72
4199.0,1,1,P0089_1200_2000_1800_2600.png,inshore,test,1.0,143
4200.0,1,1,P0089_1200_2000_2400_3200.png,inshore,train,1.0,422
4201.0,7,7,P0089_1200_2000_3000_3800.png,inshore,train,1.0,1209
4202.0,9,9,P0089_1200_2000_3600_4400.png,inshore,test,1.0,1774
4203.0,1,1,P0089_1800_2600_1200_2000.png,offshore,train,1.0,78
4204.0,2,2,P0089_1800_2600_1800_2600.png,offshore,train,1.0,59
4205.0,1,1,P0089_1800_2600_2400_3200.png,offshore,train,1.0,46
4206.0,1,1,P0089_1800_2600_3000_3800.png,inshore,train,1.0,284
4207.0,8,8,P0089_1800_2600_3600_4400.png,inshore,train,1.0,1045
4208.0,6,6,P0089_1800_2600_4200_5000.png,inshore,train,1.0,1946
4209.0,1,1,P0089_1800_2600_600_1400.png,offshore,train,1.0,90
4210.0,1,1,P0089_2200_3000_1800_2600.png,offshore,train,1.0,57
4211.0,3,3,P0089_2200_3000_3600_4400.png,inshore,train,1.0,643
4212.0,5,5,P0089_2200_3000_4200_5000.png,inshore,val,1.0,1638
4213.0,1,1,P0089_2200_3000_600_1400.png,offshore,train,1.0,100
4214.0,1,1,P0089_600_1400_0_800.png,offshore,train,1.0,141
4215.0,3,3,P0089_600_1400_2400_3200.png,inshore,train,1.0,982
4216.0,6,6,P0089_600_1400_3000_3800.png,inshore,train,1.0,1685
4217.0,6,6,P0090_0_800_1200_2000.png,inshore,train,1.0,365
4218.0,7,7,P0090_0_800_2400_3200.png,inshore,train,1.0,1875
4219.0,4,4,P0090_0_800_3000_3800.png,inshore,train,1.0,2258
4220.0,8,8,P0090_0_800_600_1400.png,inshore,val,1.0,153
4221.0,1,1,P0090_1200_2000_1200_2000.png,offshore,train,1.0,38
4222.0,1,1,P0090_1200_2000_1800_2600.png,inshore,train,1.0,133
4223.0,8,8,P0090_1200_2000_3000_3800.png,inshore,val,1.0,1202
4224.0,8,8,P0090_1200_2000_3600_4400.png,inshore,train,1.0,1761
4225.0,1,1,P0090_1200_2000_600_1400.png,offshore,train,1.0,63
4226.0,1,1,P0090_1800_2600_0_800.png,offshore,train,1.0,96
4227.0,2,2,P0090_1800_2600_1200_2000.png,offshore,train,1.0,63
4228.0,2,2,P0090_1800_2600_1800_2600.png,offshore,train,1.0,55
4229.0,1,1,P0090_1800_2600_2400_3200.png,offshore,train,1.0,21
4230.0,2,2,P0090_1800_2600_3000_3800.png,inshore,val,1.0,263
4231.0,14,14,P0090_1800_2600_3600_4400.png,inshore,test,1.0,1012
4232.0,11,11,P0090_1800_2600_4200_5000.png,inshore,train,1.0,1950
4233.0,2,2,P0090_1800_2600_600_1400.png,offshore,test,1.0,50
4234.0,1,1,P0090_2200_3000_0_800.png,offshore,test,1.0,100
4235.0,1,1,P0090_2200_3000_1200_2000.png,offshore,test,1.0,32
4236.0,2,2,P0090_2200_3000_1800_2600.png,offshore,train,1.0,49
4237.0,1,1,P0090_2200_3000_2400_3200.png,offshore,test,1.0,22
4238.0,4,4,P0090_2200_3000_3600_4400.png,inshore,train,1.0,600
4239.0,6,6,P0090_2200_3000_4200_5000.png,inshore,train,1.0,1664
4240.0,1,1,P0090_2200_3000_600_1400.png,offshore,train,1.0,36
4241.0,6,6,P0090_600_1400_2400_3200.png,inshore,val,1.0,1031
4242.0,11,11,P0090_600_1400_3000_3800.png,inshore,train,1.0,1785
4243.0,2,2,P0091_0_800_0_800.png,inshore,test,1.0,197
4244.0,5,5,P0091_0_800_1800_2600.png,inshore,train,1.0,2116
4245.0,8,8,P0091_0_800_2400_3200.png,inshore,test,1.0,2210
4246.0,2,2,P0091_1200_2000_0_800.png,offshore,val,1.0,202
4247.0,1,1,P0091_1200_2000_1200_2000.png,inshore,train,1.0,204
4248.0,13,13,P0091_1200_2000_2400_3200.png,inshore,train,1.0,1002
4249.0,9,9,P0091_1200_2000_3000_3800.png,inshore,train,1.0,1921
4250.0,2,2,P0091_1200_2000_600_1400.png,inshore,val,1.0,184
4251.0,2,2,P0091_1800_2600_1200_2000.png,offshore,train,1.0,46
4252.0,2,2,P0091_1800_2600_1800_2600.png,offshore,test,1.0,50
4253.0,2,2,P0091_1800_2600_2400_3200.png,inshore,train,1.0,198
4254.0,8,8,P0091_1800_2600_3000_3800.png,inshore,test,1.0,819
4255.0,9,8,P0091_1800_2600_3600_4400.png,inshore,test,0.8888888888888888,1629
4256.0,4,4,P0091_1800_2600_3900_4700.png,inshore,train,1.0,2156
4257.0,1,1,P0091_1800_2600_600_1400.png,offshore,val,1.0,80
4258.0,1,1,P0091_2200_3000_1200_2000.png,offshore,train,1.0,77
4259.0,1,1,P0091_2200_3000_1800_2600.png,offshore,train,1.0,44
4260.0,13,13,P0091_2200_3000_3600_4400.png,inshore,test,1.0,1388
4261.0,8,8,P0091_2200_3000_3900_4700.png,inshore,train,1.0,2000
4262.0,1,1,P0091_2200_3000_600_1400.png,offshore,val,1.0,93
4263.0,1,1,P0091_600_1400_0_800.png,inshore,train,1.0,266
4264.0,15,15,P0091_600_1400_2400_3200.png,inshore,train,1.0,1816
4265.0,2,2,P0091_600_1400_3000_3800.png,inshore,train,1.0,1944
4266.0,1,1,P0091_600_1400_600_1400.png,inshore,train,1.0,277
4267.0,3,3,P0092_0_800_0_800.png,inshore,train,1.0,166
4268.0,1,1,P0092_0_800_1800_2600.png,inshore,train,1.0,1946
4269.0,9,9,P0092_0_800_2400_3200.png,inshore,train,1.0,1980
4270.0,1,1,P0092_0_800_3000_3800.png,inshore,val,1.0,2255
4271.0,1,1,P0092_0_800_600_1400.png,inshore,val,1.0,189
4272.0,1,1,P0092_1200_2000_0_800.png,offshore,test,1.0,122
4273.0,5,5,P0092_1200_2000_2400_3200.png,inshore,test,1.0,629
4274.0,10,10,P0092_1200_2000_3000_3800.png,inshore,train,1.0,1677
4275.0,5,5,P0092_1200_2000_3600_4400.png,inshore,train,1.0,1758
4276.0,1,1,P0092_1200_2000_600_1400.png,offshore,test,1.0,113
4277.0,1,1,P0092_1800_2600_1200_2000.png,offshore,test,1.0,60
4278.0,2,2,P0092_1800_2600_1800_2600.png,offshore,train,1.0,54
4279.0,1,1,P0092_1800_2600_2400_3200.png,offshore,train,1.0,55
4280.0,7,7,P0092_1800_2600_3000_3800.png,inshore,test,1.0,570
4281.0,13,13,P0092_1800_2600_3600_4400.png,inshore,train,1.0,1374
4282.0,7,7,P0092_1800_2600_4200_5000.png,inshore,train,1.0,2367
4283.0,1,1,P0092_1800_2600_600_1400.png,offshore,test,1.0,69
4284.0,1,1,P0092_1900_2700_1200_2000.png,offshore,train,1.0,57
4285.0,2,2,P0092_1900_2700_1800_2600.png,offshore,train,1.0,55
4286.0,1,1,P0092_1900_2700_2400_3200.png,offshore,test,1.0,39
4287.0,5,5,P0092_1900_2700_3000_3800.png,inshore,train,1.0,457
4288.0,16,16,P0092_1900_2700_3600_4400.png,inshore,train,1.0,1321
4289.0,9,9,P0092_1900_2700_4200_5000.png,inshore,train,1.0,2357
4290.0,1,1,P0092_600_1400_1200_2000.png,inshore,test,1.0,307
4291.0,8,8,P0092_600_1400_2400_3200.png,inshore,train,1.0,1352
4292.0,8,8,P0092_600_1400_3000_3800.png,inshore,train,1.0,2115
4293.0,2,2,P0093_0_800_0_800.png,inshore,train,1.0,238
4294.0,6,6,P0093_0_800_1200_2000.png,inshore,train,1.0,938
4295.0,1,1,P0093_0_800_1800_2600.png,inshore,train,1.0,2165
4296.0,2,2,P0093_0_800_2400_3200.png,inshore,train,1.0,2080
4297.0,6,6,P0093_0_800_600_1400.png,inshore,train,1.0,267
4298.0,1,1,P0093_1200_2000_0_800.png,offshore,train,1.0,211
4299.0,1,1,P0093_1200_2000_1200_2000.png,inshore,train,1.0,427
4300.0,1,1,P0093_1200_2000_1800_2600.png,inshore,train,1.0,340
4301.0,10,10,P0093_1200_2000_3000_3800.png,inshore,train,1.0,1490
4302.0,1,1,P0093_1800_2600_1800_2600.png,offshore,train,1.0,278
4303.0,5,5,P0093_1800_2600_3000_3800.png,inshore,train,1.0,969
4304.0,8,8,P0093_1800_2600_3600_4400.png,inshore,val,1.0,1606
4305.0,4,4,P0093_1800_2600_4200_5000.png,inshore,train,1.0,2189
4306.0,1,1,P0093_1800_2600_600_1400.png,offshore,train,1.0,168
4307.0,1,1,P0093_2400_3200_1800_2600.png,offshore,train,1.0,156
4308.0,1,1,P0093_2400_3200_2400_3200.png,offshore,train,1.0,139
4309.0,10,10,P0093_2400_3200_3600_4400.png,inshore,val,1.0,747
4310.0,13,13,P0093_2400_3200_4200_5000.png,inshore,train,1.0,1787
4311.0,2,2,P0093_3000_3800_3600_4400.png,inshore,train,1.0,330
4312.0,5,5,P0093_3000_3800_4200_5000.png,inshore,train,1.0,1012
4313.0,1,1,P0093_3000_3800_600_1400.png,offshore,test,1.0,102
4314.0,1,1,P0093_3200_4000_600_1400.png,offshore,train,1.0,123
4315.0,1,1,P0093_600_1400_0_800.png,inshore,train,1.0,165
4316.0,5,5,P0093_600_1400_2400_3200.png,inshore,train,1.0,1975
4317.0,4,4,P0093_600_1400_3000_3800.png,inshore,train,1.0,2163
4318.0,1,1,P0093_600_1400_600_1400.png,inshore,train,1.0,246
4319.0,3,3,P0094_0_800_2400_3200.png,inshore,train,1.0,2020
4320.0,10,10,P0094_0_800_3000_3800.png,inshore,train,1.0,2082
4321.0,1,1,P0094_0_800_600_1400.png,inshore,train,1.0,200
4322.0,1,1,P0094_1200_2000_0_800.png,offshore,train,1.0,148
4323.0,1,1,P0094_1200_2000_1800_2600.png,offshore,train,1.0,126
4324.0,3,3,P0094_1200_2000_3600_4400.png,inshore,test,1.0,1659
4325.0,1,1,P0094_1200_2000_4200_5000.png,inshore,train,1.0,1915
4326.0,1,1,P0094_1200_2000_600_1400.png,offshore,train,1.0,89
4327.0,1,1,P0094_1800_2600_1800_2600.png,offshore,train,1.0,63
4328.0,1,1,P0094_1800_2600_2400_3200.png,offshore,train,1.0,57
4329.0,6,6,P0094_1800_2600_3600_4400.png,inshore,test,1.0,497
4330.0,10,9,P0094_1800_2600_4200_5000.png,inshore,train,0.9,1407
4331.0,1,1,P0094_1800_2600_600_1400.png,offshore,test,1.0,102
4332.0,1,1,P0094_2200_3000_1800_2600.png,offshore,test,1.0,64
4333.0,1,1,P0094_2200_3000_2400_3200.png,offshore,train,1.0,55
4334.0,3,3,P0094_2200_3000_3600_4400.png,inshore,train,1.0,189
4335.0,8,8,P0094_2200_3000_4200_5000.png,inshore,train,1.0,997
4336.0,1,1,P0094_600_1400_0_800.png,offshore,train,1.0,133
4337.0,1,1,P0094_600_1400_1200_2000.png,inshore,test,1.0,305
4338.0,13,13,P0094_600_1400_3000_3800.png,inshore,train,1.0,1389
4339.0,3,3,P0094_600_1400_3600_4400.png,inshore,train,1.0,2041
4340.0,5,5,P0095_0_800_0_800.png,inshore,test,1.0,190
4341.0,4,4,P0095_0_800_1800_2600.png,inshore,train,1.0,1962
4342.0,2,2,P0095_0_800_2400_3200.png,inshore,val,1.0,2017
4343.0,7,7,P0095_0_800_600_1400.png,inshore,train,1.0,577
4344.0,6,6,P0095_1200_2000_2400_3200.png,inshore,train,1.0,1265
4345.0,1,1,P0095_1200_2000_3000_3800.png,inshore,val,1.0,1876
4346.0,1,1,P0095_1200_2000_3200_4000.png,inshore,train,1.0,1775
4347.0,1,1,P0095_1800_2600_1200_2000.png,offshore,train,1.0,35
4348.0,9,9,P0095_1800_2600_3000_3800.png,inshore,train,1.0,1250
4349.0,10,10,P0095_1800_2600_3200_4000.png,inshore,test,1.0,1538
4350.0,1,1,P0095_1800_2600_600_1400.png,offshore,train,1.0,32
4351.0,2,2,P0095_2400_3200_1200_2000.png,offshore,train,1.0,62
4352.0,4,4,P0095_2400_3200_3000_3800.png,inshore,train,1.0,425
4353.0,6,6,P0095_2400_3200_3200_4000.png,inshore,train,1.0,720
4354.0,1,1,P0095_2700_3500_1200_2000.png,offshore,val,1.0,45
4355.0,1,1,P0095_2700_3500_3000_3800.png,inshore,train,1.0,165
4356.0,3,3,P0095_2700_3500_3200_4000.png,inshore,train,1.0,430
4357.0,1,1,P0095_600_1400_1800_2600.png,inshore,train,1.0,1787
4358.0,10,10,P0095_600_1400_2400_3200.png,inshore,val,1.0,1913
4359.0,1,1,P0096_0_800_0_800.png,inshore,train,1.0,116
4360.0,1,1,P0096_0_800_1800_2600.png,inshore,train,1.0,1811
4361.0,10,10,P0096_0_800_2400_3200.png,inshore,train,1.0,1881
4362.0,4,4,P0096_0_800_3000_3800.png,inshore,train,1.0,2132
4363.0,4,4,P0096_1200_2000_3000_3800.png,inshore,train,1.0,1409
4364.0,7,7,P0096_1200_2000_3600_4400.png,inshore,test,1.0,1796
4365.0,1,1,P0096_1800_2600_0_800.png,offshore,val,1.0,154
4366.0,2,2,P0096_1800_2600_1200_2000.png,offshore,val,1.0,78
4367.0,2,2,P0096_1800_2600_1800_2600.png,offshore,train,1.0,56
4368.0,1,1,P0096_1800_2600_3000_3800.png,inshore,test,1.0,278
4369.0,11,11,P0096_1800_2600_3600_4400.png,inshore,train,1.0,1044
4370.0,1,1,P0096_1800_2600_600_1400.png,offshore,train,1.0,78
4371.0,1,1,P0096_2400_3200_0_800.png,offshore,train,1.0,142
4372.0,2,2,P0096_2400_3200_1800_2600.png,offshore,train,1.0,56
4373.0,6,6,P0096_2400_3200_3600_4400.png,inshore,train,1.0,415
4374.0,6,6,P0096_2400_3200_4200_5000.png,inshore,train,1.0,1584
4375.0,1,1,P0096_3000_3800_1200_2000.png,offshore,train,1.0,80
4376.0,1,1,P0096_3000_3800_1800_2600.png,offshore,train,1.0,53
4377.0,1,1,P0096_3200_4000_1200_2000.png,offshore,train,1.0,82
4378.0,1,1,P0096_600_1400_1800_2600.png,inshore,val,1.0,726
4379.0,5,5,P0096_600_1400_2400_3200.png,inshore,train,1.0,1307
4380.0,7,7,P0096_600_1400_3000_3800.png,inshore,train,1.0,1832
4381.0,5,5,P0097_0_800_1200_2000.png,inshore,train,1.0,193
4382.0,2,2,P0097_0_800_2400_3200.png,inshore,train,1.0,1925
4383.0,9,9,P0097_0_800_3000_3800.png,inshore,train,1.0,2004
4384.0,1,1,P0097_0_800_600_1400.png,inshore,train,1.0,113
4385.0,1,1,P0097_1200_2000_0_800.png,offshore,train,1.0,87
4386.0,1,1,P0097_1200_2000_1200_2000.png,offshore,train,1.0,123
4387.0,5,5,P0097_1200_2000_3000_3800.png,inshore,train,1.0,818
4388.0,7,7,P0097_1200_2000_3600_4400.png,inshore,train,1.0,1571
4389.0,3,3,P0097_1200_2000_4200_5000.png,inshore,train,1.0,1884
4390.0,1,1,P0097_1200_2000_600_1400.png,offshore,train,1.0,117
4391.0,1,1,P0097_1800_2600_0_800.png,offshore,train,1.0,113
4392.0,1,1,P0097_1800_2600_1800_2600.png,offshore,train,1.0,75
4393.0,4,4,P0097_1800_2600_3600_4400.png,inshore,val,1.0,524
4394.0,9,9,P0097_1800_2600_4200_5000.png,inshore,val,1.0,1421
4395.0,1,1,P0097_2400_3200_1200_2000.png,offshore,train,1.0,126
4396.0,3,3,P0097_2400_3200_4200_5000.png,inshore,train,1.0,760
4397.0,1,1,P0097_3000_3800_1200_2000.png,offshore,val,1.0,138
4398.0,1,1,P0097_3000_3800_1800_2600.png,offshore,val,1.0,82
4399.0,1,1,P0097_3200_4000_1200_2000.png,offshore,test,1.0,120
4400.0,1,1,P0097_3200_4000_1800_2600.png,offshore,test,1.0,79
4401.0,1,1,P0097_600_1400_1800_2600.png,inshore,test,1.0,223
4402.0,1,1,P0097_600_1400_2400_3200.png,inshore,train,1.0,908
4403.0,6,6,P0097_600_1400_3000_3800.png,inshore,train,1.0,1366
4404.0,3,3,P0097_600_1400_3600_4400.png,inshore,test,1.0,1881
4405.0,1,1,P0098_0_800_1200_2000.png,offshore,train,1.0,62
4406.0,1,1,P0098_0_800_2400_3200.png,inshore,train,1.0,251
4407.0,1,1,P0098_0_800_3000_3800.png,inshore,train,1.0,244
4408.0,12,12,P0098_0_800_4200_5000.png,inshore,train,1.0,1293
4409.0,4,4,P0098_0_800_4800_5600.png,inshore,test,1.0,2055
4410.0,2,2,P0098_1200_2000_3600_4400.png,offshore,train,1.0,53
4411.0,3,3,P0098_1200_2000_4800_5600.png,inshore,train,1.0,504
4412.0,15,15,P0098_1200_2000_5400_6200.png,inshore,test,1.0,1476
4413.0,1,1,P0098_1700_2500_1800_2600.png,offshore,train,1.0,50
4414.0,1,1,P0098_1700_2500_2400_3200.png,offshore,train,1.0,39
4415.0,1,1,P0098_1700_2500_4200_5000.png,offshore,train,1.0,103
4416.0,1,1,P0098_1700_2500_4800_5600.png,inshore,val,1.0,216
4417.0,4,4,P0098_1700_2500_5400_6200.png,inshore,train,1.0,810
4418.0,1,1,P0098_600_1400_0_800.png,offshore,train,1.0,48
4419.0,1,1,P0098_600_1400_2400_3200.png,offshore,train,1.0,63
4420.0,3,3,P0098_600_1400_3000_3800.png,offshore,train,1.0,44
4421.0,1,1,P0098_600_1400_3600_4400.png,inshore,test,1.0,195
4422.0,5,5,P0098_600_1400_4200_5000.png,inshore,train,1.0,732
4423.0,9,9,P0098_600_1400_4800_5600.png,inshore,train,1.0,1669
4424.0,8,8,P0098_600_1400_5400_6200.png,inshore,test,1.0,1992
4425.0,8,8,P0099_0_800_1200_2000.png,inshore,train,1.0,1958
4426.0,3,3,P0099_0_800_600_1400.png,inshore,train,1.0,1723
4427.0,2,2,P0099_1200_2000_1200_2000.png,inshore,train,1.0,608
4428.0,7,7,P0099_1200_2000_1800_2600.png,inshore,train,1.0,1479
4429.0,7,7,P0099_1200_2000_2400_3200.png,inshore,val,1.0,1822
4430.0,2,2,P0099_1200_2000_2700_3500.png,inshore,val,1.0,2335
4431.0,1,1,P0099_1500_2300_0_800.png,offshore,train,1.0,57
4432.0,5,5,P0099_1500_2300_1800_2600.png,inshore,val,1.0,777
4433.0,10,10,P0099_1500_2300_2400_3200.png,inshore,train,1.0,1508
4434.0,9,9,P0099_1500_2300_2700_3500.png,inshore,test,1.0,2074
4435.0,1,1,P0099_1500_2300_600_1400.png,offshore,test,1.0,30
4436.0,1,1,P0099_600_1400_0_800.png,inshore,test,1.0,246
4437.0,6,6,P0099_600_1400_1200_2000.png,inshore,train,1.0,1133
4438.0,5,5,P0099_600_1400_1800_2600.png,inshore,train,1.0,2080
4439.0,4,4,P0100_0_800_1200_2000.png,inshore,train,1.0,2048
4440.0,5,5,P0100_0_800_1800_2600.png,inshore,train,1.0,2196
4441.0,2,2,P0100_1200_2000_0_800.png,offshore,train,1.0,65
4442.0,3,3,P0100_1200_2000_1800_2600.png,inshore,test,1.0,934
4443.0,12,12,P0100_1200_2000_2400_3200.png,inshore,train,1.0,1790
4444.0,6,6,P0100_1200_2000_2900_3700.png,inshore,train,1.0,1858
4445.0,2,2,P0100_1200_2000_600_1400.png,offshore,train,1.0,80
4446.0,2,2,P0100_1800_2600_0_800.png,offshore,train,1.0,71
4447.0,1,1,P0100_1800_2600_1200_2000.png,offshore,val,1.0,41
4448.0,8,8,P0100_1800_2600_2400_3200.png,inshore,train,1.0,618
4449.0,10,10,P0100_1800_2600_2900_3700.png,inshore,train,1.0,1323
4450.0,1,1,P0100_1800_2600_600_1400.png,offshore,test,1.0,34
4451.0,1,1,P0100_2200_3000_0_800.png,offshore,train,1.0,46
4452.0,1,1,P0100_2200_3000_1200_2000.png,offshore,train,1.0,43
4453.0,2,2,P0100_2200_3000_2400_3200.png,inshore,train,1.0,239
4454.0,4,4,P0100_2200_3000_2900_3700.png,inshore,val,1.0,872
4455.0,2,2,P0100_2200_3000_600_1400.png,offshore,train,1.0,35
4456.0,5,5,P0100_600_1400_1800_2600.png,inshore,val,1.0,1627
4457.0,2,2,P0101_0_800_1200_2000.png,inshore,train,1.0,1788
4458.0,6,6,P0101_0_800_1800_2600.png,inshore,val,1.0,1923
4459.0,2,2,P0101_1200_2000_0_800.png,offshore,train,1.0,123
4460.0,2,2,P0101_1200_2000_1200_2000.png,inshore,train,1.0,138
4461.0,5,5,P0101_1200_2000_1800_2600.png,inshore,train,1.0,570
4462.0,11,11,P0101_1200_2000_2400_3200.png,inshore,test,1.0,1300
4463.0,9,9,P0101_1200_2000_3000_3800.png,inshore,train,1.0,1901
4464.0,5,5,P0101_1200_2000_3200_4000.png,inshore,train,1.0,2225
4465.0,2,2,P0101_1500_2300_0_800.png,offshore,train,1.0,127
4466.0,1,1,P0101_1500_2300_1200_2000.png,offshore,train,1.0,73
4467.0,4,4,P0101_1500_2300_2400_3200.png,inshore,train,1.0,675
4468.0,11,11,P0101_1500_2300_3000_3800.png,inshore,train,1.0,1528
4469.0,8,8,P0101_1500_2300_3200_4000.png,inshore,train,1.0,1891
4470.0,1,1,P0101_1500_2300_600_1400.png,offshore,val,1.0,91
4471.0,10,10,P0101_600_1400_1800_2600.png,inshore,val,1.0,1183
4472.0,5,5,P0101_600_1400_2400_3200.png,inshore,train,1.0,2081
4473.0,1,1,P0102_0_800_0_800.png,inshore,val,1.0,106
4474.0,1,1,P0102_0_800_1200_2000.png,inshore,test,1.0,1363
4475.0,5,5,P0102_0_800_1800_2600.png,inshore,train,1.0,1922
4476.0,6,6,P0102_0_800_2400_3200.png,inshore,train,1.0,2144
4477.0,2,2,P0102_1200_2000_1200_2000.png,offshore,train,1.0,134
4478.0,2,2,P0102_1200_2000_1800_2600.png,inshore,test,1.0,353
4479.0,4,4,P0102_1200_2000_2400_3200.png,inshore,train,1.0,1077
4480.0,8,8,P0102_1200_2000_3000_3800.png,inshore,test,1.0,1821
4481.0,5,5,P0102_1200_2000_3200_4000.png,inshore,test,1.0,1789
4482.0,1,1,P0102_1200_2000_600_1400.png,offshore,train,1.0,102
4483.0,1,1,P0102_1800_2600_0_800.png,offshore,train,1.0,52
4484.0,4,4,P0102_1800_2600_1200_2000.png,offshore,train,1.0,69
4485.0,3,3,P0102_1800_2600_1800_2600.png,offshore,train,1.0,53
4486.0,7,7,P0102_1800_2600_3000_3800.png,inshore,train,1.0,842
4487.0,10,10,P0102_1800_2600_3200_4000.png,inshore,train,1.0,1087
4488.0,2,2,P0102_1800_2600_600_1400.png,offshore,train,1.0,56
4489.0,1,1,P0102_2200_3000_0_800.png,offshore,train,1.0,42
4490.0,3,3,P0102_2200_3000_1200_2000.png,offshore,test,1.0,49
4491.0,2,2,P0102_2200_3000_1800_2600.png,offshore,train,1.0,49
4492.0,4,4,P0102_2200_3000_3000_3800.png,inshore,train,1.0,412
4493.0,6,6,P0102_2200_3000_3200_4000.png,inshore,train,1.0,667
4494.0,8,8,P0102_600_1400_2400_3200.png,inshore,val,1.0,1731
4495.0,1,1,P0103_0_800_0_800.png,inshore,train,1.0,200
4496.0,4,4,P0103_0_800_1800_2600.png,inshore,train,1.0,1975
4497.0,7,7,P0103_0_800_2400_3200.png,inshore,train,1.0,2118
4498.0,6,6,P0103_1200_2000_2400_3200.png,inshore,train,1.0,867
4499.0,12,12,P0103_1200_2000_3000_3800.png,inshore,train,1.0,1728
4500.0,9,9,P0103_1200_2000_3200_4000.png,inshore,train,1.0,1832
4501.0,1,1,P0103_1200_2000_600_1400.png,offshore,train,1.0,248
4502.0,1,1,P0103_1700_2500_0_800.png,offshore,train,1.0,266
4503.0,1,1,P0103_1700_2500_1200_2000.png,offshore,train,1.0,218
4504.0,1,1,P0103_1700_2500_1800_2600.png,offshore,train,1.0,196
4505.0,6,6,P0103_1700_2500_3000_3800.png,inshore,train,1.0,792
4506.0,9,9,P0103_1700_2500_3200_4000.png,inshore,train,1.0,1084
4507.0,1,1,P0103_1700_2500_600_1400.png,offshore,train,1.0,243
4508.0,6,6,P0103_600_1400_2400_3200.png,inshore,train,1.0,1485
4509.0,3,3,P0104_0_800_2400_3200.png,inshore,val,1.0,1880
4510.0,6,6,P0104_0_800_3000_3800.png,inshore,train,1.0,2002
4511.0,2,2,P0104_1200_2000_1200_2000.png,offshore,test,1.0,151
4512.0,3,3,P0104_1200_2000_1800_2600.png,offshore,train,1.0,114
4513.0,4,4,P0104_1200_2000_3000_3800.png,inshore,train,1.0,651
4514.0,11,11,P0104_1200_2000_3600_4400.png,inshore,test,1.0,1418
4515.0,6,6,P0104_1200_2000_4200_5000.png,inshore,train,1.0,1907
4516.0,2,2,P0104_1200_2000_600_1400.png,offshore,train,1.0,271
4517.0,2,2,P0104_1800_2600_1200_2000.png,offshore,train,1.0,157
4518.0,3,3,P0104_1800_2600_1800_2600.png,offshore,train,1.0,103
4519.0,2,2,P0104_1800_2600_2400_3200.png,offshore,train,1.0,54
4520.0,2,2,P0104_1800_2600_3600_4400.png,inshore,train,1.0,401
4521.0,8,8,P0104_1800_2600_4200_5000.png,inshore,train,1.0,1421
4522.0,1,1,P0104_1800_2600_600_1400.png,offshore,train,1.0,294
4523.0,1,1,P0104_2200_3000_1200_2000.png,offshore,train,1.0,163
4524.0,2,2,P0104_2200_3000_1800_2600.png,offshore,train,1.0,92
4525.0,1,1,P0104_2200_3000_2400_3200.png,offshore,train,1.0,58
4526.0,1,1,P0104_2200_3000_3000_3800.png,offshore,val,1.0,52
4527.0,1,1,P0104_2200_3000_4200_5000.png,inshore,train,1.0,822
4528.0,1,1,P0104_600_1400_0_800.png,offshore,test,1.0,292
4529.0,1,1,P0104_600_1400_1800_2600.png,inshore,train,1.0,180
4530.0,2,2,P0104_600_1400_2400_3200.png,inshore,train,1.0,636
4531.0,6,6,P0104_600_1400_3000_3800.png,inshore,train,1.0,1276
4532.0,2,2,P0104_600_1400_3600_4400.png,inshore,test,1.0,2021
4533.0,1,1,P0104_600_1400_600_1400.png,offshore,test,1.0,346
4534.0,1,1,P0105_0_800_8400_9200.png,offshore,test,1.0,17
4535.0,2,2,P0105_1200_2000_0_800.png,offshore,train,1.0,18
4536.0,2,2,P0105_1200_2000_1200_2000.png,offshore,test,1.0,33
4537.0,1,1,P0105_1200_2000_12600_13400.png,offshore,train,1.0,17
4538.0,1,1,P0105_1200_2000_13200_14000.png,offshore,val,1.0,20
4539.0,1,1,P0105_1200_2000_13800_14600.png,offshore,train,1.0,32
4540.0,2,2,P0105_1200_2000_15000_15800.png,offshore,train,1.0,29
4541.0,2,2,P0105_1200_2000_15600_16400.png,offshore,val,1.0,19
4542.0,4,4,P0105_1200_2000_16200_17000.png,offshore,train,1.0,34
4543.0,7,7,P0105_1200_2000_16800_17600.png,offshore,train,1.0,49
4544.0,6,6,P0105_1200_2000_17400_18200.png,offshore,val,1.0,38
4545.0,3,3,P0105_1200_2000_18000_18800.png,offshore,val,1.0,17
4546.0,4,4,P0105_1200_2000_1800_2600.png,offshore,train,1.0,39
4547.0,1,1,P0105_1200_2000_19200_20000.png,offshore,train,1.0,10
4548.0,5,5,P0105_1200_2000_2400_3200.png,offshore,train,1.0,33
4549.0,5,5,P0105_1200_2000_3000_3800.png,offshore,train,1.0,39
4550.0,1,1,P0105_1200_2000_3600_4400.png,offshore,train,1.0,18
4551.0,3,3,P0105_1200_2000_600_1400.png,offshore,test,1.0,38
4552.0,1,1,P0105_1800_2600_10200_11000.png,offshore,train,1.0,12
4553.0,1,1,P0105_1800_2600_11400_12200.png,offshore,test,1.0,9
4554.0,1,1,P0105_1800_2600_12000_12800.png,offshore,train,1.0,15
4555.0,2,2,P0105_1800_2600_12600_13400.png,offshore,train,1.0,25
4556.0,1,1,P0105_1800_2600_13200_14000.png,offshore,val,1.0,19
4557.0,3,3,P0105_1800_2600_13800_14600.png,offshore,train,1.0,43
4558.0,3,3,P0105_1800_2600_15000_15800.png,offshore,train,1.0,28
4559.0,4,4,P0105_1800_2600_15600_16400.png,offshore,train,1.0,32
4560.0,9,9,P0105_1800_2600_16200_17000.png,offshore,val,1.0,43
4561.0,12,12,P0105_1800_2600_16800_17600.png,offshore,train,1.0,65
4562.0,13,13,P0105_1800_2600_17400_18200.png,offshore,val,1.0,62
4563.0,8,8,P0105_1800_2600_18000_18800.png,offshore,train,1.0,44
4564.0,5,5,P0105_1800_2600_18600_19400.png,offshore,val,1.0,36
4565.0,3,3,P0105_1800_2600_19200_20000.png,offshore,train,1.0,21
4566.0,5,5,P0105_1800_2600_2400_3200.png,offshore,train,1.0,25
4567.0,5,5,P0105_1800_2600_3000_3800.png,inshore,train,1.0,26
4568.0,1,1,P0105_1800_2600_4200_5000.png,offshore,train,1.0,9
4569.0,1,1,P0105_1800_2600_8400_9200.png,offshore,val,1.0,15
4570.0,1,1,P0105_2400_3200_10200_11000.png,offshore,train,1.0,11
4571.0,1,1,P0105_2400_3200_10800_11600.png,offshore,test,1.0,12
4572.0,1,1,P0105_2400_3200_11400_12200.png,offshore,train,1.0,12
4573.0,2,2,P0105_2400_3200_12000_12800.png,offshore,train,1.0,23
4574.0,1,1,P0105_2400_3200_12600_13400.png,offshore,train,1.0,14
4575.0,1,1,P0105_2400_3200_13200_14000.png,offshore,train,1.0,16
4576.0,4,4,P0105_2400_3200_13800_14600.png,offshore,train,1.0,28
4577.0,3,3,P0105_2400_3200_14400_15200.png,offshore,test,1.0,25
4578.0,1,1,P0105_2400_3200_15000_15800.png,offshore,test,1.0,9
4579.0,9,9,P0105_2400_3200_15600_16400.png,offshore,val,1.0,42
4580.0,15,15,P0105_2400_3200_16200_17000.png,offshore,train,1.0,67
4581.0,17,17,P0105_2400_3200_16800_17600.png,offshore,test,1.0,78
4582.0,13,13,P0105_2400_3200_17400_18200.png,offshore,val,1.0,72
4583.0,9,9,P0105_2400_3200_18000_18800.png,offshore,train,1.0,49
4584.0,5,5,P0105_2400_3200_18600_19400.png,offshore,train,1.0,27
4585.0,6,6,P0105_2400_3200_19200_20000.png,offshore,val,1.0,39
4586.0,2,2,P0105_2400_3200_19800_20600.png,offshore,train,1.0,15
4587.0,1,1,P0105_2400_3200_4200_5000.png,offshore,val,1.0,13
4588.0,1,1,P0105_2400_3200_7800_8600.png,offshore,train,1.0,15
4589.0,1,1,P0105_2400_3200_8400_9200.png,offshore,train,1.0,13
4590.0,2,2,P0105_2400_3200_9600_10400.png,offshore,train,1.0,14
4591.0,2,2,P0105_3000_3800_10200_11000.png,offshore,train,1.0,19
4592.0,2,2,P0105_3000_3800_10800_11600.png,offshore,train,1.0,19
4593.0,1,1,P0105_3000_3800_11400_12200.png,offshore,train,1.0,15
4594.0,2,2,P0105_3000_3800_12000_12800.png,offshore,train,1.0,17
4595.0,2,2,P0105_3000_3800_12600_13400.png,offshore,test,1.0,17
4596.0,2,2,P0105_3000_3800_13200_14000.png,offshore,train,1.0,18
4597.0,6,6,P0105_3000_3800_13800_14600.png,offshore,train,1.0,28
4598.0,5,5,P0105_3000_3800_14400_15200.png,offshore,train,1.0,17
4599.0,1,1,P0105_3000_3800_15000_15800.png,offshore,train,1.0,6
4600.0,16,16,P0105_3000_3800_15600_16400.png,offshore,train,1.0,42
4601.0,18,18,P0105_3000_3800_16200_17000.png,offshore,test,1.0,71
4602.0,8,8,P0105_3000_3800_16800_17600.png,inshore,train,1.0,218
4603.0,2,2,P0105_3000_3800_17400_18200.png,inshore,train,1.0,434
4604.0,2,2,P0105_3000_3800_18000_18800.png,inshore,train,1.0,282
4605.0,1,1,P0105_3000_3800_18600_19400.png,inshore,val,1.0,157
4606.0,1,1,P0105_3000_3800_20700_21500.png,inshore,train,1.0,98
4607.0,3,3,P0105_3000_3800_6000_6800.png,offshore,val,1.0,24
4608.0,2,2,P0105_3000_3800_6600_7400.png,offshore,train,1.0,17
4609.0,2,2,P0105_3000_3800_9600_10400.png,offshore,test,1.0,15
4610.0,1,1,P0105_3600_4400_10200_11000.png,offshore,train,1.0,9
4611.0,1,1,P0105_3600_4400_12000_12800.png,offshore,train,1.0,7
4612.0,1,1,P0105_3600_4400_12600_13400.png,offshore,test,1.0,11
4613.0,4,4,P0105_3600_4400_13800_14600.png,inshore,test,1.0,150
4614.0,5,5,P0105_3600_4400_14400_15200.png,inshore,val,1.0,193
4615.0,8,8,P0105_3600_4400_15000_15800.png,inshore,val,1.0,145
4616.0,51,51,P0105_3600_4400_15600_16400.png,inshore,test,1.0,227
4617.0,31,31,P0105_3600_4400_16200_17000.png,inshore,train,1.0,832
4618.0,1,1,P0105_3600_4400_16800_17600.png,inshore,train,1.0,1511
4619.0,2,2,P0105_4200_5000_14400_15200.png,inshore,val,1.0,795
4620.0,4,4,P0105_4200_5000_15000_15800.png,inshore,train,1.0,766
4621.0,1,1,P0105_600_1400_0_800.png,offshore,train,1.0,17
4622.0,1,1,P0105_600_1400_1200_2000.png,offshore,train,1.0,19
4623.0,1,1,P0105_600_1400_16200_17000.png,offshore,train,1.0,15
4624.0,2,2,P0105_600_1400_17400_18200.png,offshore,test,1.0,5
4625.0,1,1,P0105_600_1400_1800_2600.png,offshore,train,1.0,15
4626.0,1,1,P0105_600_1400_18600_19400.png,offshore,train,1.0,10
4627.0,2,2,P0105_600_1400_600_1400.png,offshore,train,1.0,28
4628.0,1,1,P0105_600_1400_8400_9200.png,offshore,train,1.0,12
4629.0,1,1,P0105_600_1400_9000_9800.png,offshore,train,1.0,12
4630.0,1,1,P0106_0_800_18000_18800.png,offshore,train,1.0,11
4631.0,1,1,P0106_0_800_8400_9200.png,offshore,val,1.0,17
4632.0,6,6,P0106_3600_4400_17400_18200.png,inshore,train,1.0,2090
4633.0,9,9,P0106_3600_4400_18000_18800.png,inshore,test,1.0,2075
4634.0,67,67,P0106_4200_5000_15600_16400.png,inshore,val,1.0,739
4635.0,88,87,P0106_4200_5000_16200_17000.png,inshore,val,0.9886363636363636,1105
4636.0,9,9,P0106_4200_5000_16800_17600.png,inshore,train,1.0,1316
4637.0,20,20,P0106_4200_5000_17400_18200.png,inshore,train,1.0,1098
4638.0,44,44,P0106_4200_5000_18000_18800.png,inshore,train,1.0,1386
4639.0,31,31,P0106_4200_5000_18600_19400.png,inshore,train,1.0,2179
4640.0,1,1,P0107_0_800_2400_3200.png,offshore,train,1.0,9
4641.0,1,1,P0107_0_800_6600_7400.png,offshore,train,1.0,21
4642.0,1,1,P0107_1800_2600_6000_6800.png,offshore,train,1.0,12
4643.0,2,2,P0107_2400_3200_1800_2600.png,offshore,train,1.0,14
4644.0,1,1,P0107_2400_3200_2400_3200.png,offshore,train,1.0,11
4645.0,2,2,P0107_2400_3200_600_1400.png,offshore,train,1.0,10
4646.0,2,2,P0107_3000_3800_1200_2000.png,offshore,train,1.0,14
4647.0,3,3,P0107_3000_3800_1800_2600.png,offshore,val,1.0,28
4648.0,3,3,P0107_3000_3800_2400_3200.png,offshore,train,1.0,17
4649.0,2,2,P0107_3000_3800_3000_3800.png,offshore,test,1.0,21
4650.0,1,1,P0107_3000_3800_7200_8000.png,offshore,train,1.0,41
4651.0,1,1,P0107_3600_4400_1800_2600.png,offshore,train,1.0,5
4652.0,1,1,P0107_3600_4400_3000_3800.png,offshore,train,1.0,13
4653.0,1,1,P0107_3600_4400_8200_9000.png,offshore,train,1.0,10
4654.0,1,1,P0107_3700_4500_3000_3800.png,offshore,test,1.0,12
4655.0,1,1,P0107_3700_4500_8200_9000.png,offshore,test,1.0,10
4656.0,1,1,P0108_0_800_1200_2000.png,offshore,train,1.0,10
4657.0,1,1,P0108_0_800_4200_5000.png,offshore,val,1.0,13
4658.0,2,2,P0108_0_800_6000_6800.png,offshore,train,1.0,57
4659.0,1,1,P0108_0_800_600_1400.png,offshore,train,1.0,8
4660.0,1,1,P0108_0_800_6600_7400.png,offshore,test,1.0,31
4661.0,1,1,P0108_0_800_7200_8000.png,offshore,train,1.0,17
4662.0,2,2,P0108_0_800_7800_8600.png,offshore,train,1.0,35
4663.0,3,3,P0108_0_800_8400_9200.png,offshore,train,1.0,23
4664.0,2,2,P0108_0_800_9000_9800.png,offshore,train,1.0,17
4665.0,2,2,P0108_1200_2000_10200_11000.png,offshore,test,1.0,53
4666.0,2,2,P0108_1200_2000_1200_2000.png,offshore,val,1.0,27
4667.0,1,1,P0108_1200_2000_1800_2600.png,offshore,val,1.0,26
4668.0,1,1,P0108_1200_2000_3600_4400.png,offshore,train,1.0,13
4669.0,3,3,P0108_1200_2000_4200_5000.png,offshore,test,1.0,17
4670.0,4,4,P0108_1200_2000_4800_5600.png,offshore,val,1.0,32
4671.0,2,2,P0108_1200_2000_5400_6200.png,offshore,train,1.0,20
4672.0,2,2,P0108_1200_2000_6600_7400.png,offshore,train,1.0,40
4673.0,6,6,P0108_1200_2000_7200_8000.png,offshore,test,1.0,82
4674.0,9,9,P0108_1200_2000_7800_8600.png,offshore,train,1.0,99
4675.0,9,9,P0108_1200_2000_8400_9200.png,offshore,val,1.0,116
4676.0,8,8,P0108_1200_2000_9000_9800.png,offshore,train,1.0,70
4677.0,5,5,P0108_1200_2000_9600_10400.png,offshore,train,1.0,68
4678.0,1,1,P0108_1800_2600_0_800.png,offshore,train,1.0,19
4679.0,1,1,P0108_1800_2600_1800_2600.png,offshore,test,1.0,19
4680.0,1,1,P0108_1800_2600_2400_3200.png,offshore,test,1.0,17
4681.0,1,1,P0108_1800_2600_3000_3800.png,offshore,val,1.0,19
4682.0,1,1,P0108_1800_2600_3600_4400.png,offshore,test,1.0,13
4683.0,2,2,P0108_1800_2600_4200_5000.png,offshore,train,1.0,18
4684.0,4,4,P0108_1800_2600_4800_5600.png,offshore,train,1.0,34
4685.0,4,4,P0108_1800_2600_5400_6200.png,offshore,train,1.0,30
4686.0,2,2,P0108_1800_2600_6000_6800.png,offshore,train,1.0,22
4687.0,1,1,P0108_1800_2600_600_1400.png,offshore,val,1.0,13
4688.0,3,3,P0108_1800_2600_6600_7400.png,offshore,test,1.0,32
4689.0,9,9,P0108_1800_2600_7200_8000.png,offshore,train,1.0,79
4690.0,7,7,P0108_1800_2600_7800_8600.png,offshore,train,1.0,80
4691.0,5,5,P0108_1800_2600_8400_9200.png,inshore,train,1.0,109
4692.0,6,6,P0108_1800_2600_9000_9800.png,inshore,train,1.0,222
4693.0,2,2,P0108_1800_2600_9600_10400.png,inshore,val,1.0,199
4694.0,2,2,P0108_2400_3200_4200_5000.png,offshore,val,1.0,11
4695.0,3,3,P0108_2400_3200_4800_5600.png,offshore,test,1.0,17
4696.0,4,4,P0108_2400_3200_5400_6200.png,offshore,val,1.0,23
4697.0,6,6,P0108_2400_3200_6000_6800.png,offshore,val,1.0,46
4698.0,51,51,P0108_2400_3200_7200_8000.png,inshore,train,1.0,551
4699.0,5,5,P0108_2400_3200_7800_8600.png,inshore,train,1.0,855
4700.0,1,1,P0108_3000_3800_5400_6200.png,inshore,train,1.0,573
4701.0,5,5,P0108_3000_3800_6000_6800.png,inshore,train,1.0,714
4702.0,1,1,P0108_600_1400_10200_11000.png,offshore,train,1.0,22
4703.0,1,1,P0108_600_1400_1200_2000.png,offshore,train,1.0,11
4704.0,2,2,P0108_600_1400_3600_4400.png,offshore,test,1.0,18
4705.0,3,3,P0108_600_1400_4200_5000.png,offshore,train,1.0,20
4706.0,4,4,P0108_600_1400_4800_5600.png,offshore,val,1.0,36
4707.0,2,2,P0108_600_1400_5400_6200.png,offshore,train,1.0,32
4708.0,1,1,P0108_600_1400_6000_6800.png,offshore,train,1.0,31
4709.0,2,2,P0108_600_1400_600_1400.png,offshore,train,1.0,12
4710.0,2,2,P0108_600_1400_6600_7400.png,offshore,val,1.0,35
4711.0,3,3,P0108_600_1400_7200_8000.png,offshore,train,1.0,36
4712.0,4,4,P0108_600_1400_7800_8600.png,offshore,train,1.0,86
4713.0,9,9,P0108_600_1400_8400_9200.png,offshore,test,1.0,87
4714.0,6,6,P0108_600_1400_9000_9800.png,offshore,train,1.0,42
4715.0,1,1,P0108_600_1400_9600_10400.png,offshore,train,1.0,33
4716.0,92,92,P0109_3000_3800_7200_8000.png,inshore,train,1.0,1061
4717.0,4,4,P0109_3000_3800_7800_8600.png,inshore,train,1.0,1206
4718.0,17,17,P0109_3000_3800_8400_9200.png,inshore,train,1.0,1602
4719.0,18,18,P0109_3000_3800_9000_9800.png,inshore,train,1.0,1476
4720.0,16,16,P0109_3000_3800_9600_10400.png,inshore,train,1.0,1978
4721.0,33,33,P0109_3600_4400_10200_11000.png,inshore,test,1.0,2218
4722.0,31,31,P0109_3600_4400_7200_8000.png,inshore,train,1.0,1051
4723.0,20,20,P0109_3600_4400_7800_8600.png,inshore,train,1.0,1075
4724.0,7,7,P0109_3600_4400_8400_9200.png,inshore,test,1.0,873
4725.0,62,62,P0109_3600_4400_9600_10400.png,inshore,train,1.0,1454
4726.0,41,40,P0109_4200_5000_10200_11000.png,inshore,val,0.975609756097561,2188
4727.0,55,54,P0109_4200_5000_9600_10400.png,inshore,train,0.9818181818181818,1461
4728.0,26,25,P0109_4800_5600_10200_11000.png,inshore,train,0.9615384615384616,1412
4729.0,31,30,P0109_4800_5600_9600_10400.png,inshore,train,0.967741935483871,1319
4730.0,5,5,P0109_5200_6000_10200_11000.png,inshore,train,1.0,872
4731.0,1,1,P0109_5200_6000_10700_11500.png,inshore,test,1.0,865
4732.0,5,5,P0109_5200_6000_9600_10400.png,inshore,val,1.0,909
4733.0,1,1,P0110_0_800_6000_6800.png,offshore,test,1.0,13
4734.0,1,1,P0110_0_800_6600_7400.png,offshore,train,1.0,12
4735.0,1,1,P0110_0_800_9600_10400.png,offshore,train,1.0,7
4736.0,1,1,P0110_1200_2000_10200_11000.png,offshore,train,1.0,10
4737.0,1,1,P0110_1200_2000_3000_3800.png,offshore,train,1.0,11
4738.0,1,1,P0110_2400_3200_7200_8000.png,offshore,train,1.0,11
4739.0,1,1,P0110_3000_3800_10200_11000.png,offshore,train,1.0,2
4740.0,1,1,P0110_3000_3800_8400_9200.png,offshore,train,1.0,9
4741.0,1,1,P0110_3600_4400_12600_13400.png,offshore,test,1.0,8
4742.0,1,1,P0110_3600_4400_12700_13500.png,offshore,train,1.0,7
4743.0,1,1,P0110_4200_5000_0_800.png,offshore,train,1.0,9
4744.0,1,1,P0110_4200_5000_1200_2000.png,offshore,train,1.0,13
4745.0,3,3,P0110_4200_5000_1800_2600.png,offshore,val,1.0,16
4746.0,2,2,P0110_4800_5600_1200_2000.png,offshore,train,1.0,27
4747.0,3,3,P0110_4800_5600_1800_2600.png,offshore,train,1.0,21
4748.0,1,1,P0110_4800_5600_2400_3200.png,offshore,test,1.0,11
4749.0,1,1,P0110_4800_5600_600_1400.png,offshore,train,1.0,37
4750.0,1,1,P0110_4800_5600_7800_8600.png,offshore,val,1.0,12
4751.0,2,2,P0110_4800_5600_8400_9200.png,offshore,train,1.0,24
4752.0,3,3,P0110_4800_5600_9000_9800.png,offshore,train,1.0,26
4753.0,2,2,P0110_4800_5600_9600_10400.png,offshore,train,1.0,16
4754.0,2,2,P0110_5400_6200_10200_11000.png,offshore,val,1.0,15
4755.0,1,1,P0110_5400_6200_10800_11600.png,offshore,train,1.0,9
4756.0,2,2,P0110_5400_6200_7800_8600.png,offshore,test,1.0,10
4757.0,4,4,P0110_5400_6200_8400_9200.png,offshore,train,1.0,15
4758.0,6,6,P0110_5400_6200_9000_9800.png,offshore,test,1.0,27
4759.0,6,6,P0110_5400_6200_9600_10400.png,offshore,test,1.0,30
4760.0,3,3,P0110_6000_6800_10200_11000.png,offshore,train,1.0,12
4761.0,2,2,P0110_6000_6800_10800_11600.png,offshore,train,1.0,14
4762.0,2,2,P0110_6000_6800_11400_12200.png,offshore,train,1.0,17
4763.0,1,1,P0110_6000_6800_12000_12800.png,offshore,train,1.0,12
4764.0,11,11,P0110_6000_6800_5400_6200.png,offshore,train,1.0,79
4765.0,5,5,P0110_6000_6800_6000_6800.png,offshore,train,1.0,25
4766.0,2,2,P0110_6000_6800_9600_10400.png,offshore,train,1.0,9
4767.0,1,1,P0110_600_1400_10200_11000.png,offshore,test,1.0,10
4768.0,1,1,P0110_600_1400_7800_8600.png,offshore,train,1.0,9
4769.0,1,1,P0110_600_1400_8400_9200.png,offshore,train,1.0,10
4770.0,1,1,P0110_600_1400_9600_10400.png,offshore,train,1.0,7
4771.0,2,2,P0110_6200_7000_10200_11000.png,offshore,train,1.0,10
4772.0,1,1,P0110_6200_7000_10800_11600.png,offshore,train,1.0,9
4773.0,2,2,P0110_6200_7000_11400_12200.png,offshore,val,1.0,13
4774.0,1,1,P0110_6200_7000_12000_12800.png,offshore,train,1.0,9
4775.0,13,13,P0110_6200_7000_5400_6200.png,inshore,train,1.0,211
4776.0,6,6,P0110_6200_7000_6000_6800.png,offshore,train,1.0,38
4777.0,1,1,P0110_6200_7000_9600_10400.png,offshore,train,1.0,6
4778.0,7,7,P0111_4200_5000_8400_9200.png,inshore,train,1.0,1697
4779.0,17,17,P0111_4200_5000_9000_9800.png,inshore,train,1.0,1851
4780.0,8,8,P0111_4200_5000_9600_10400.png,inshore,train,1.0,1872
4781.0,25,25,P0111_4800_5600_7800_8600.png,inshore,val,1.0,1140
4782.0,17,17,P0111_4800_5600_8400_9200.png,inshore,train,1.0,1108
4783.0,12,12,P0111_4800_5600_9000_9800.png,inshore,train,1.0,816
4784.0,65,64,P0111_4800_5600_9600_10400.png,inshore,train,0.9846153846153847,1551
4785.0,56,56,P0111_5400_6200_10200_11000.png,inshore,train,1.0,2125
4786.0,14,14,P0111_5400_6200_7200_8000.png,inshore,train,1.0,989
4787.0,19,19,P0111_5400_6200_7800_8600.png,inshore,train,1.0,1067
4788.0,88,87,P0111_5400_6200_9600_10400.png,inshore,train,0.9886363636363636,1410
4789.0,29,28,P0111_6000_6800_10200_11000.png,inshore,train,0.9655172413793104,1908
4790.0,44,43,P0111_6000_6800_9600_10400.png,inshore,test,0.9772727272727273,1366
4791.0,10,10,P0111_6600_7400_10200_11000.png,inshore,test,1.0,927
4792.0,13,13,P0111_6600_7400_9600_10400.png,inshore,train,1.0,930
4793.0,6,6,P0111_6700_7500_10200_11000.png,inshore,test,1.0,874
4794.0,7,7,P0111_6700_7500_9600_10400.png,inshore,val,1.0,908
4795.0,1,1,P0112_0_800_1200_2000.png,offshore,train,1.0,13
4796.0,1,1,P0112_0_800_600_1400.png,offshore,train,1.0,14
4797.0,1,1,P0112_1200_2000_7200_8000.png,offshore,train,1.0,19
4798.0,1,1,P0112_1200_2000_7800_8600.png,offshore,train,1.0,12
4799.0,2,2,P0112_1800_2600_1800_2600.png,offshore,train,1.0,30
4800.0,1,1,P0112_1800_2600_2400_3200.png,offshore,train,1.0,7
4801.0,1,1,P0112_1800_2600_3000_3800.png,offshore,train,1.0,9
4802.0,1,1,P0112_1800_2600_3600_4400.png,offshore,test,1.0,13
4803.0,1,1,P0112_1800_2600_4200_5000.png,offshore,train,1.0,13
4804.0,1,1,P0112_1800_2600_4800_5600.png,offshore,test,1.0,14
4805.0,1,1,P0112_1800_2600_6000_6800.png,offshore,val,1.0,14
4806.0,1,1,P0112_1800_2600_600_1400.png,offshore,train,1.0,11
4807.0,3,3,P0112_1800_2600_6600_7400.png,offshore,train,1.0,23
4808.0,3,3,P0112_1800_2600_7200_8000.png,offshore,train,1.0,37
4809.0,2,2,P0112_1800_2600_7800_8600.png,offshore,test,1.0,25
4810.0,1,1,P0112_1800_2600_9000_9800.png,offshore,train,1.0,42
4811.0,1,1,P0112_2400_3200_0_800.png,offshore,test,1.0,12
4812.0,1,1,P0112_2400_3200_10200_11000.png,offshore,train,1.0,12
4813.0,2,2,P0112_2400_3200_1800_2600.png,offshore,test,1.0,32
4814.0,1,1,P0112_2400_3200_2400_3200.png,offshore,val,1.0,6
4815.0,1,1,P0112_2400_3200_4200_5000.png,offshore,train,1.0,15
4816.0,2,2,P0112_2400_3200_4800_5600.png,offshore,train,1.0,25
4817.0,1,1,P0112_2400_3200_5400_6200.png,offshore,val,1.0,12
4818.0,1,1,P0112_2400_3200_600_1400.png,offshore,val,1.0,8
4819.0,2,2,P0112_2400_3200_6600_7400.png,offshore,train,1.0,23
4820.0,3,3,P0112_2400_3200_7200_8000.png,offshore,train,1.0,26
4821.0,4,4,P0112_2400_3200_7800_8600.png,offshore,train,1.0,60
4822.0,5,5,P0112_2400_3200_8400_9200.png,offshore,train,1.0,47
4823.0,4,4,P0112_2400_3200_9000_9800.png,offshore,test,1.0,33
4824.0,2,2,P0112_2400_3200_9600_10400.png,offshore,test,1.0,31
4825.0,2,2,P0112_3000_3800_0_800.png,offshore,train,1.0,17
4826.0,1,1,P0112_3000_3800_3600_4400.png,offshore,train,1.0,11
4827.0,2,2,P0112_3000_3800_4200_5000.png,offshore,train,1.0,21
4828.0,2,2,P0112_3000_3800_4800_5600.png,offshore,train,1.0,19
4829.0,3,3,P0112_3000_3800_5400_6200.png,offshore,val,1.0,28
4830.0,2,2,P0112_3000_3800_6000_6800.png,offshore,train,1.0,17
4831.0,3,3,P0112_3000_3800_600_1400.png,offshore,val,1.0,22
4832.0,3,3,P0112_3000_3800_6600_7400.png,offshore,train,1.0,49
4833.0,10,10,P0112_3000_3800_7200_8000.png,offshore,train,1.0,63
4834.0,10,10,P0112_3000_3800_7800_8600.png,offshore,train,1.0,84
4835.0,6,6,P0112_3000_3800_8400_9200.png,offshore,train,1.0,50
4836.0,8,8,P0112_3000_3800_9000_9800.png,offshore,test,1.0,54
4837.0,1,1,P0112_3000_3800_9600_10400.png,offshore,test,1.0,67
4838.0,1,1,P0112_3600_4400_4200_5000.png,offshore,train,1.0,12
4839.0,2,2,P0112_3600_4400_4800_5600.png,offshore,train,1.0,16
4840.0,7,7,P0112_3600_4400_5400_6200.png,offshore,train,1.0,29
4841.0,4,4,P0112_3600_4400_6000_6800.png,offshore,train,1.0,29
4842.0,8,8,P0112_3600_4400_6600_7400.png,offshore,train,1.0,53
4843.0,52,52,P0112_3600_4400_7200_8000.png,offshore,train,1.0,134
4844.0,20,20,P0112_3600_4400_7800_8600.png,inshore,train,1.0,267
4845.0,6,6,P0112_3600_4400_8400_9200.png,inshore,train,1.0,521
4846.0,12,12,P0112_3600_4400_9000_9800.png,inshore,train,1.0,791
4847.0,1,1,P0112_4200_5000_4800_5600.png,inshore,train,1.0,301
4848.0,2,2,P0112_4200_5000_5400_6200.png,inshore,train,1.0,259
4849.0,8,8,P0112_4200_5000_6000_6800.png,inshore,train,1.0,388
4850.0,24,23,P0112_4200_5000_6600_7400.png,inshore,test,0.9583333333333334,370
4851.0,113,112,P0112_4200_5000_7200_8000.png,inshore,train,0.9911504424778761,820
4852.0,7,7,P0112_4200_5000_7800_8600.png,inshore,train,1.0,1238
4853.0,103,103,P0112_4800_5600_7200_8000.png,inshore,test,1.0,1015
4854.0,1,1,P0112_600_1400_600_1400.png,offshore,train,1.0,12
4855.0,1,1,P0113_0_800_10200_11000.png,offshore,val,1.0,31
4856.0,2,2,P0113_0_800_7200_8000.png,offshore,train,1.0,22
4857.0,2,2,P0113_0_800_7800_8600.png,offshore,train,1.0,26
4858.0,2,2,P0113_0_800_9600_10400.png,offshore,train,1.0,25
4859.0,1,1,P0113_1200_2000_11400_12200.png,offshore,train,1.0,22
4860.0,1,1,P0113_1200_2000_12600_13400.png,offshore,train,1.0,21
4861.0,1,1,P0113_1200_2000_6000_6800.png,offshore,train,1.0,12
4862.0,1,1,P0113_1200_2000_6600_7400.png,offshore,train,1.0,16
4863.0,1,1,P0113_1800_2600_10200_11000.png,offshore,val,1.0,22
4864.0,1,1,P0113_1800_2600_10800_11600.png,offshore,train,1.0,16
4865.0,1,1,P0113_1800_2600_12600_13400.png,offshore,test,1.0,17
4866.0,2,2,P0113_1800_2600_9600_10400.png,offshore,test,1.0,26
4867.0,1,1,P0113_2400_3200_0_800.png,offshore,train,1.0,15
4868.0,1,1,P0113_2400_3200_11400_12200.png,inshore,train,1.0,26
4869.0,1,1,P0113_2400_3200_12600_13400.png,offshore,test,1.0,20
4870.0,1,1,P0113_2400_3200_13200_14000.png,offshore,train,1.0,13
4871.0,1,1,P0113_2400_3200_8400_9200.png,offshore,train,1.0,22
4872.0,1,1,P0113_2400_3200_9000_9800.png,offshore,train,1.0,28
4873.0,4,4,P0113_3000_3800_0_800.png,offshore,train,1.0,42
4874.0,1,1,P0113_3000_3800_13200_14000.png,offshore,train,1.0,14
4875.0,3,3,P0113_3000_3800_4200_5000.png,offshore,train,1.0,13
4876.0,5,5,P0113_3000_3800_4800_5600.png,offshore,train,1.0,20
4877.0,1,1,P0113_3000_3800_6000_6800.png,offshore,train,1.0,9
4878.0,4,4,P0113_3000_3800_600_1400.png,offshore,train,1.0,28
4879.0,1,1,P0113_3000_3800_6600_7400.png,offshore,val,1.0,12
4880.0,2,2,P0113_3600_4400_3600_4400.png,offshore,test,1.0,30
4881.0,2,2,P0113_3600_4400_4200_5000.png,offshore,train,1.0,23
4882.0,1,1,P0113_3600_4400_6000_6800.png,offshore,val,1.0,18
4883.0,3,3,P0113_3600_4400_600_1400.png,offshore,train,1.0,20
4884.0,2,2,P0113_3600_4400_6600_7400.png,offshore,train,1.0,17
4885.0,2,2,P0113_3600_4400_7200_8000.png,offshore,train,1.0,22
4886.0,3,3,P0113_3600_4400_7800_8600.png,offshore,train,1.0,21
4887.0,2,2,P0113_3600_4400_8400_9200.png,offshore,train,1.0,14
4888.0,1,1,P0113_3600_4400_9000_9800.png,offshore,val,1.0,13
4889.0,1,1,P0113_3600_4400_9600_10400.png,offshore,train,1.0,11
4890.0,1,1,P0113_4200_5000_10200_11000.png,offshore,train,1.0,16
4891.0,4,4,P0113_4200_5000_3600_4400.png,offshore,train,1.0,44
4892.0,2,2,P0113_4200_5000_4200_5000.png,offshore,val,1.0,24
4893.0,1,1,P0113_4200_5000_7800_8600.png,offshore,train,1.0,11
4894.0,1,1,P0113_4200_5000_8400_9200.png,offshore,train,1.0,13
4895.0,3,3,P0113_4200_5000_9000_9800.png,offshore,test,1.0,24
4896.0,2,2,P0113_4200_5000_9600_10400.png,offshore,train,1.0,17
4897.0,2,2,P0113_4700_5500_10800_11600.png,offshore,train,1.0,9
4898.0,7,7,P0113_4700_5500_4200_5000.png,inshore,train,1.0,231
4899.0,20,20,P0113_4700_5500_4800_5600.png,offshore,test,1.0,88
4900.0,1,1,P0113_4700_5500_5400_6200.png,offshore,train,1.0,8
4901.0,1,1,P0113_600_1400_10200_11000.png,offshore,train,1.0,15
4902.0,1,1,P0113_600_1400_11400_12200.png,offshore,train,1.0,22
4903.0,1,1,P0113_600_1400_12000_12800.png,offshore,train,1.0,16
4904.0,1,1,P0113_600_1400_12600_13400.png,offshore,train,1.0,26
4905.0,1,1,P0113_600_1400_13200_14000.png,offshore,train,1.0,24
4906.0,1,1,P0113_600_1400_9600_10400.png,offshore,train,1.0,10
4907.0,1,1,P0114_0_800_0_800.png,offshore,train,1.0,18
4908.0,2,2,P0114_0_800_600_1400.png,offshore,train,1.0,24
4909.0,1,1,P0114_1200_2000_2400_3200.png,offshore,train,1.0,15
4910.0,1,1,P0114_1200_2000_4800_5600.png,offshore,val,1.0,15
4911.0,1,1,P0114_1200_2000_6000_6800.png,offshore,train,1.0,18
4912.0,1,1,P0114_1200_2000_7200_8000.png,offshore,train,1.0,8
4913.0,4,4,P0114_1200_2000_7800_8600.png,offshore,train,1.0,28
4914.0,3,3,P0114_1200_2000_8400_9200.png,offshore,train,1.0,22
4915.0,1,1,P0114_1800_2600_1200_2000.png,offshore,train,1.0,13
4916.0,1,1,P0114_1800_2600_1800_2600.png,offshore,val,1.0,18
4917.0,2,2,P0114_1800_2600_2400_3200.png,offshore,val,1.0,19
4918.0,1,1,P0114_1800_2600_3600_4400.png,offshore,train,1.0,11
4919.0,3,3,P0114_1800_2600_4800_5600.png,offshore,train,1.0,24
4920.0,3,3,P0114_1800_2600_5400_6200.png,offshore,train,1.0,27
4921.0,3,3,P0114_1800_2600_6600_7400.png,offshore,val,1.0,21
4922.0,3,3,P0114_1800_2600_7200_8000.png,offshore,train,1.0,43
4923.0,6,6,P0114_1800_2600_7800_8600.png,offshore,test,1.0,51
4924.0,6,6,P0114_1800_2600_8400_9200.png,offshore,train,1.0,51
4925.0,7,7,P0114_1800_2600_9000_9800.png,offshore,val,1.0,47
4926.0,4,4,P0114_1800_2600_9600_10400.png,offshore,train,1.0,22
4927.0,1,1,P0114_2400_3200_0_800.png,offshore,val,1.0,5
4928.0,1,1,P0114_2400_3200_1800_2600.png,offshore,train,1.0,16
4929.0,3,3,P0114_2400_3200_2400_3200.png,offshore,train,1.0,18
4930.0,4,4,P0114_2400_3200_3000_3800.png,offshore,train,1.0,39
4931.0,1,1,P0114_2400_3200_3600_4400.png,offshore,train,1.0,15
4932.0,4,4,P0114_2400_3200_4800_5600.png,offshore,test,1.0,25
4933.0,3,3,P0114_2400_3200_5400_6200.png,offshore,test,1.0,18
4934.0,1,1,P0114_2400_3200_6000_6800.png,offshore,train,1.0,12
4935.0,5,5,P0114_2400_3200_6600_7400.png,offshore,train,1.0,34
4936.0,5,5,P0114_2400_3200_7200_8000.png,offshore,val,1.0,55
4937.0,8,8,P0114_2400_3200_7800_8600.png,offshore,train,1.0,76
4938.0,7,6,P0114_2400_3200_8400_9200.png,offshore,train,0.8571428571428571,51
4939.0,7,7,P0114_2400_3200_9000_9800.png,offshore,train,1.0,51
4940.0,5,5,P0114_2400_3200_9600_10400.png,offshore,train,1.0,33
4941.0,2,2,P0114_2400_3200_9800_10600.png,offshore,val,1.0,17
4942.0,4,4,P0114_3000_3800_1200_2000.png,offshore,train,1.0,24
4943.0,2,2,P0114_3000_3800_1800_2600.png,offshore,train,1.0,19
4944.0,2,2,P0114_3000_3800_2400_3200.png,offshore,train,1.0,20
4945.0,3,3,P0114_3000_3800_3000_3800.png,offshore,train,1.0,26
4946.0,1,1,P0114_3000_3800_3600_4400.png,offshore,val,1.0,12
4947.0,4,4,P0114_3000_3800_4800_5600.png,offshore,train,1.0,23
4948.0,6,6,P0114_3000_3800_5400_6200.png,offshore,train,1.0,35
4949.0,3,3,P0114_3000_3800_6000_6800.png,offshore,test,1.0,21
4950.0,1,1,P0114_3000_3800_600_1400.png,offshore,train,1.0,9
4951.0,8,8,P0114_3000_3800_6600_7400.png,offshore,test,1.0,41
4952.0,25,25,P0114_3000_3800_7200_8000.png,inshore,val,1.0,88
4953.0,11,11,P0114_3000_3800_7800_8600.png,inshore,train,1.0,158
4954.0,1,1,P0114_3000_3800_8400_9200.png,inshore,train,1.0,304
4955.0,6,6,P0114_3000_3800_9000_9800.png,inshore,train,1.0,425
4956.0,4,4,P0114_3600_4400_1200_2000.png,offshore,train,1.0,24
4957.0,2,2,P0114_3600_4400_1800_2600.png,offshore,val,1.0,19
4958.0,1,1,P0114_3600_4400_4800_5600.png,inshore,train,1.0,139
4959.0,3,3,P0114_3600_4400_5400_6200.png,inshore,train,1.0,141
4960.0,7,7,P0114_3600_4400_6000_6800.png,inshore,val,1.0,193
4961.0,1,1,P0114_3600_4400_600_1400.png,offshore,train,1.0,11
4962.0,20,20,P0114_3600_4400_6600_7400.png,inshore,test,1.0,132
4963.0,107,106,P0114_3600_4400_7200_8000.png,inshore,test,0.9906542056074766,627
4964.0,8,8,P0114_3600_4400_7800_8600.png,inshore,train,1.0,1127
4965.0,1,1,P0114_600_1400_1200_2000.png,offshore,train,1.0,20
4966.0,1,1,P0114_600_1400_7200_8000.png,offshore,train,1.0,8
4967.0,1,1,P0114_600_1400_7800_8600.png,offshore,val,1.0,10
4968.0,1,1,P0114_600_1400_8400_9200.png,offshore,train,1.0,6
4969.0,22,21,P0115_3600_4400_9000_9800.png,inshore,train,0.9545454545454546,1938
4970.0,2,2,P0115_3600_4400_9600_10400.png,inshore,train,1.0,1665
4971.0,26,24,P0115_4200_5000_9000_9800.png,inshore,train,0.9230769230769231,953
4972.0,46,46,P0115_4200_5000_9600_10400.png,inshore,train,1.0,1622
4973.0,41,41,P0115_4200_5000_9800_10600.png,inshore,train,1.0,1830
4974.0,95,95,P0115_4800_5600_9600_10400.png,inshore,train,1.0,1408
4975.0,95,95,P0115_4800_5600_9800_10600.png,inshore,train,1.0,1797
4976.0,47,47,P0115_5400_6200_9600_10400.png,inshore,train,1.0,1303
4977.0,47,47,P0115_5400_6200_9800_10600.png,inshore,train,1.0,1618
4978.0,40,40,P0115_5550_6350_9600_10400.png,inshore,test,1.0,1367
4979.0,37,37,P0115_5550_6350_9800_10600.png,inshore,train,1.0,1534
4980.0,5,5,P0116_3600_4400_8400_9200.png,inshore,train,1.0,1639
4981.0,163,159,P0116_4200_5000_7200_8000.png,inshore,train,0.9754601226993865,865
4982.0,26,25,P0116_4200_5000_7800_8600.png,inshore,train,0.9615384615384616,1114
4983.0,17,17,P0116_4200_5000_8400_9200.png,inshore,test,1.0,1180
4984.0,24,23,P0116_4200_5000_9000_9800.png,inshore,val,0.9583333333333334,953
4985.0,30,30,P0116_4800_5600_7200_8000.png,inshore,train,1.0,982
4986.0,35,35,P0116_4800_5600_7800_8600.png,inshore,train,1.0,1020
4987.0,1,1,P0116_4800_5600_8400_9200.png,inshore,val,1.0,763
4988.0,1,1,P0117_0_800_3000_3800.png,offshore,val,1.0,8
4989.0,1,1,P0117_1200_2000_1200_2000.png,offshore,train,1.0,12
4990.0,1,1,P0117_1200_2000_3000_3800.png,offshore,train,1.0,10
4991.0,1,1,P0117_1200_2000_3600_4400.png,offshore,test,1.0,10
4992.0,1,1,P0117_1200_2000_600_1400.png,offshore,val,1.0,10
4993.0,1,1,P0117_2400_3200_0_800.png,offshore,train,1.0,12
4994.0,1,1,P0117_2400_3200_600_1400.png,offshore,val,1.0,12
4995.0,2,2,P0117_3000_3800_0_800.png,offshore,train,1.0,17
4996.0,3,3,P0117_3000_3800_1200_2000.png,offshore,train,1.0,28
4997.0,2,2,P0117_3000_3800_1800_2600.png,offshore,test,1.0,18
4998.0,1,1,P0117_3000_3800_2400_3200.png,offshore,val,1.0,13
4999.0,2,2,P0117_3000_3800_600_1400.png,offshore,val,1.0,18
5000.0,1,1,P0117_3600_4400_1200_2000.png,offshore,val,1.0,10
5001.0,1,1,P0117_3600_4400_1800_2600.png,offshore,train,1.0,13
5002.0,1,1,P0117_3600_4400_2400_3200.png,offshore,train,1.0,10
5003.0,2,2,P0117_3600_4400_4200_5000.png,offshore,train,1.0,12
5004.0,2,2,P0117_3900_4700_4200_5000.png,offshore,test,1.0,13
5005.0,1,1,P0117_600_1400_1200_2000.png,offshore,train,1.0,14
5006.0,1,1,P0117_600_1400_2400_3200.png,offshore,train,1.0,11
5007.0,2,2,P0117_600_1400_3000_3800.png,offshore,train,1.0,14
5008.0,1,1,P0117_600_1400_600_1400.png,offshore,test,1.0,12
5009.0,1,1,P0118_0_800_1200_2000.png,offshore,train,1.0,10
5010.0,1,1,P0118_0_800_1800_2600.png,offshore,train,1.0,6
5011.0,2,2,P0118_0_800_2400_3200.png,offshore,train,1.0,24
5012.0,2,2,P0118_0_800_3000_3800.png,offshore,train,1.0,11
5013.0,4,4,P0118_0_800_3600_4400.png,offshore,train,1.0,35
5014.0,3,3,P0118_0_800_4200_5000.png,offshore,train,1.0,33
5015.0,1,1,P0118_0_800_4800_5600.png,offshore,train,1.0,9
5016.0,3,3,P0118_0_800_5400_6200.png,offshore,train,1.0,18
5017.0,6,6,P0118_0_800_6000_6800.png,offshore,train,1.0,35
5018.0,5,5,P0118_0_800_6600_7400.png,offshore,train,1.0,51
5019.0,4,4,P0118_0_800_7200_8000.png,offshore,test,1.0,42
5020.0,3,3,P0118_0_800_7800_8600.png,offshore,train,1.0,17
5021.0,2,2,P0118_1200_2000_0_800.png,offshore,train,1.0,22
5022.0,1,1,P0118_1200_2000_1200_2000.png,offshore,train,1.0,20
5023.0,1,1,P0118_1200_2000_1800_2600.png,offshore,test,1.0,45
5024.0,1,1,P0118_1200_2000_2400_3200.png,offshore,train,1.0,17
5025.0,3,3,P0118_1200_2000_3000_3800.png,offshore,train,1.0,47
5026.0,3,3,P0118_1200_2000_3600_4400.png,offshore,train,1.0,27
5027.0,4,4,P0118_1200_2000_4200_5000.png,offshore,val,1.0,37
5028.0,1,1,P0118_1200_2000_4800_5600.png,offshore,train,1.0,10
5029.0,2,2,P0118_1200_2000_5400_6200.png,offshore,train,1.0,4
5030.0,8,8,P0118_1200_2000_6000_6800.png,offshore,train,1.0,51
5031.0,2,2,P0118_1200_2000_600_1400.png,offshore,train,1.0,18
5032.0,13,13,P0118_1200_2000_6600_7400.png,offshore,test,1.0,83
5033.0,11,11,P0118_1200_2000_7200_8000.png,offshore,train,1.0,62
5034.0,10,10,P0118_1200_2000_7800_8600.png,offshore,train,1.0,53
5035.0,9,9,P0118_1200_2000_8400_9200.png,offshore,train,1.0,34
5036.0,1,1,P0118_1800_2600_3000_3800.png,offshore,train,1.0,24
5037.0,5,5,P0118_1800_2600_4200_5000.png,offshore,test,1.0,36
5038.0,3,3,P0118_1800_2600_4800_5600.png,offshore,train,1.0,27
5039.0,4,4,P0118_1800_2600_5400_6200.png,offshore,test,1.0,19
5040.0,62,62,P0118_1800_2600_6000_6800.png,inshore,test,1.0,219
5041.0,31,31,P0118_1800_2600_6600_7400.png,inshore,train,1.0,542
5042.0,4,4,P0118_1800_2600_7200_8000.png,inshore,val,1.0,770
5043.0,7,7,P0118_1800_2600_7800_8600.png,inshore,train,1.0,1168
5044.0,3,3,P0118_1800_2600_8400_9200.png,inshore,train,1.0,974
5045.0,1,1,P0118_2400_3200_3600_4400.png,inshore,test,1.0,440
5046.0,3,3,P0118_2400_3200_4200_5000.png,inshore,train,1.0,416
5047.0,1,1,P0118_2400_3200_4800_5600.png,inshore,train,1.0,536
5048.0,9,9,P0118_2400_3200_5400_6200.png,inshore,train,1.0,464
5049.0,1,1,P0118_600_1400_0_800.png,offshore,train,1.0,15
5050.0,1,1,P0118_600_1400_1800_2600.png,offshore,train,1.0,42
5051.0,1,1,P0118_600_1400_2400_3200.png,offshore,train,1.0,24
5052.0,2,2,P0118_600_1400_3000_3800.png,offshore,test,1.0,23
5053.0,3,3,P0118_600_1400_3600_4400.png,offshore,train,1.0,21
5054.0,4,4,P0118_600_1400_4200_5000.png,offshore,train,1.0,35
5055.0,2,2,P0118_600_1400_4800_5600.png,offshore,val,1.0,16
5056.0,5,5,P0118_600_1400_5400_6200.png,offshore,train,1.0,34
5057.0,11,11,P0118_600_1400_6000_6800.png,offshore,train,1.0,67
5058.0,13,13,P0118_600_1400_6600_7400.png,offshore,train,1.0,107
5059.0,8,8,P0118_600_1400_7200_8000.png,offshore,train,1.0,76
5060.0,9,9,P0118_600_1400_7800_8600.png,offshore,train,1.0,56
5061.0,6,6,P0118_600_1400_8400_9200.png,offshore,train,1.0,30
5062.0,127,126,P0119_2400_3200_6000_6800.png,inshore,test,0.9921259842519685,707
5063.0,68,67,P0119_2400_3200_6600_7400.png,inshore,train,0.9852941176470589,1228
5064.0,55,54,P0119_3000_3800_6000_6800.png,inshore,train,0.9818181818181818,1107
5065.0,79,78,P0119_3000_3800_6600_7400.png,inshore,train,0.9873417721518988,1098
5066.0,13,13,P0120_2400_3200_7200_8000.png,inshore,test,1.0,1501
5067.0,32,29,P0120_2400_3200_7800_8600.png,inshore,train,0.90625,1491
5068.0,22,21,P0120_2400_3200_8400_9200.png,inshore,train,0.9545454545454546,1540
5069.0,3,3,P0120_2400_3200_9000_9800.png,inshore,train,1.0,1838
5070.0,19,19,P0120_3000_3800_7200_8000.png,inshore,test,1.0,932
5071.0,11,11,P0120_3000_3800_7800_8600.png,inshore,train,1.0,713
5072.0,55,54,P0120_3000_3800_8400_9200.png,inshore,train,0.9818181818181818,1020
5073.0,68,67,P0120_3000_3800_9000_9800.png,inshore,train,0.9852941176470589,1909
5074.0,31,30,P0120_3000_3800_9200_10000.png,inshore,val,0.967741935483871,1982
5075.0,16,16,P0120_3600_4400_8400_9200.png,inshore,train,1.0,1191
5076.0,79,78,P0120_3600_4400_9000_9800.png,inshore,train,0.9873417721518988,1856
5077.0,65,64,P0120_3600_4400_9200_10000.png,inshore,train,0.9846153846153847,1972
5078.0,50,49,P0120_4200_5000_9000_9800.png,inshore,train,0.98,1523
5079.0,44,43,P0120_4200_5000_9200_10000.png,inshore,test,0.9772727272727273,1575
5080.0,1,1,P0121_0_800_3600_4400.png,offshore,test,1.0,47
5081.0,1,1,P0121_0_800_4200_5000.png,offshore,train,1.0,92
5082.0,1,1,P0121_0_800_4800_5600.png,offshore,train,1.0,32
5083.0,1,1,P0121_1800_2600_1800_2600.png,offshore,train,1.0,25
5084.0,2,2,P0121_1800_2600_3600_4400.png,offshore,train,1.0,25
5085.0,1,1,P0121_1800_2600_4200_5000.png,offshore,test,1.0,17
5086.0,2,2,P0121_2400_3200_0_800.png,offshore,train,1.0,106
5087.0,1,1,P0121_2400_3200_4200_5000.png,offshore,val,1.0,13
5088.0,2,2,P0121_2400_3200_4800_5600.png,offshore,train,1.0,28
5089.0,2,2,P0121_2400_3200_5400_6200.png,offshore,train,1.0,28
5090.0,2,2,P0121_3000_3800_0_800.png,inshore,train,1.0,270
5091.0,8,8,P0121_3000_3800_1200_2000.png,inshore,val,1.0,248
5092.0,11,11,P0121_3000_3800_1800_2600.png,offshore,train,1.0,120
5093.0,1,1,P0121_3000_3800_2400_3200.png,offshore,val,1.0,51
5094.0,1,1,P0121_3000_3800_6000_6800.png,offshore,train,1.0,25
5095.0,2,2,P0121_3000_3800_600_1400.png,inshore,train,1.0,287
5096.0,1,1,P0121_3000_3800_6200_7000.png,offshore,val,1.0,25
5097.0,9,9,P0121_3200_4000_1200_2000.png,inshore,train,1.0,560
5098.0,13,13,P0121_3200_4000_1800_2600.png,inshore,val,1.0,187
5099.0,1,1,P0121_3200_4000_2400_3200.png,offshore,test,1.0,48
5100.0,1,1,P0121_3200_4000_6000_6800.png,offshore,test,1.0,23
5101.0,2,2,P0121_3200_4000_600_1400.png,inshore,train,1.0,607
5102.0,1,1,P0121_3200_4000_6200_7000.png,offshore,test,1.0,22
5103.0,3,3,P0121_600_1400_5400_6200.png,offshore,train,1.0,29
5104.0,5,5,P0121_600_1400_6000_6800.png,offshore,train,1.0,30
5105.0,2,2,P0121_600_1400_6200_7000.png,offshore,train,1.0,14
5106.0,2,2,P0122_0_800_3600_4400.png,offshore,train,1.0,16
5107.0,2,2,P0122_0_800_4200_5000.png,offshore,test,1.0,17
5108.0,2,2,P0122_0_800_600_1400.png,offshore,train,1.0,24
5109.0,2,2,P0122_1200_2000_0_800.png,offshore,test,1.0,9
5110.0,1,1,P0122_1200_2000_1200_2000.png,offshore,test,1.0,53
5111.0,1,1,P0122_1200_2000_2400_3200.png,offshore,test,1.0,16
5112.0,2,2,P0122_1200_2000_3000_3800.png,offshore,train,1.0,15
5113.0,4,4,P0122_1200_2000_3600_4400.png,offshore,train,1.0,39
5114.0,3,3,P0122_1200_2000_4200_5000.png,offshore,val,1.0,19
5115.0,3,3,P0122_1200_2000_600_1400.png,offshore,train,1.0,21
5116.0,1,1,P0122_1700_2500_0_800.png,offshore,test,1.0,20
5117.0,1,1,P0122_1700_2500_1200_2000.png,offshore,test,1.0,20
5118.0,2,2,P0122_1700_2500_3000_3800.png,offshore,test,1.0,17
5119.0,2,2,P0122_1700_2500_3600_4400.png,offshore,train,1.0,20
5120.0,2,2,P0122_1700_2500_4200_5000.png,offshore,train,1.0,24
5121.0,3,3,P0122_1700_2500_600_1400.png,offshore,train,1.0,31
5122.0,1,1,P0122_600_1400_0_800.png,offshore,train,1.0,12
5123.0,1,1,P0122_600_1400_1200_2000.png,offshore,train,1.0,74
5124.0,2,2,P0122_600_1400_3600_4400.png,offshore,train,1.0,31
5125.0,1,1,P0122_600_1400_4200_5000.png,offshore,train,1.0,13
5126.0,1,1,P0122_600_1400_600_1400.png,offshore,train,1.0,17
5127.0,2,2,P0123_0_800_0_800.png,inshore,train,1.0,213
5128.0,5,5,P0123_0_800_600_1400.png,inshore,test,1.0,125
5129.0,5,5,P0123_1200_2000_1200_2000.png,inshore,test,1.0,263
5130.0,4,4,P0123_1200_2000_1800_2600.png,inshore,train,1.0,590
5131.0,2,2,P0123_1200_2000_600_1400.png,inshore,train,1.0,948
5132.0,2,2,P0123_1800_2600_1200_2000.png,inshore,train,1.0,574
5133.0,1,1,P0123_1800_2600_1800_2600.png,inshore,train,1.0,614
5134.0,1,1,P0123_3000_3800_3000_3800.png,inshore,train,1.0,1033
5135.0,1,1,P0123_3000_3800_3600_4400.png,inshore,train,1.0,1032
5136.0,1,1,P0123_3600_4400_4200_5000.png,inshore,val,1.0,659
5137.0,3,3,P0123_4200_5000_4200_5000.png,inshore,train,1.0,531
5138.0,2,2,P0123_4200_5000_4800_5600.png,inshore,train,1.0,657
5139.0,1,1,P0123_4800_5600_4200_5000.png,inshore,test,1.0,1066
5140.0,7,7,P0123_4800_5600_4800_5600.png,inshore,train,1.0,340
5141.0,2,2,P0123_4800_5600_5400_6200.png,inshore,val,1.0,1144
5142.0,5,5,P0123_5400_6200_4800_5600.png,inshore,train,1.0,597
5143.0,3,3,P0123_5400_6200_5400_6200.png,inshore,val,1.0,961
5144.0,2,2,P0123_6000_6800_5400_6200.png,inshore,train,1.0,821
5145.0,4,4,P0123_600_1400_0_800.png,inshore,train,1.0,969
5146.0,1,1,P0123_600_1400_1200_2000.png,inshore,train,1.0,142
5147.0,12,12,P0123_600_1400_1800_2600.png,inshore,train,1.0,1101
5148.0,8,8,P0123_600_1400_600_1400.png,inshore,train,1.0,304
5149.0,1,1,P0123_7200_8000_5400_6200.png,inshore,train,1.0,621
5150.0,2,2,P0123_7800_8600_6000_6800.png,inshore,train,1.0,534
5151.0,1,1,P0123_7800_8600_6201_7001.png,inshore,train,1.0,949
5152.0,1,1,P0123_8400_9200_5400_6200.png,inshore,train,1.0,327
5153.0,3,3,P0123_8400_9200_6000_6800.png,inshore,train,1.0,220
5154.0,2,2,P0123_8400_9200_6201_7001.png,inshore,train,1.0,563
5155.0,1,1,P0123_8701_9501_6000_6800.png,offshore,train,1.0,108
5156.0,1,1,P0123_8701_9501_6201_7001.png,inshore,val,1.0,278
5157.0,1,1,P0124_0_800_3000_3800.png,inshore,test,1.0,424
5158.0,11,3,P0124_1200_2000_2400_3200.png,inshore,train,0.2727272727272727,153
5159.0,3,3,P0124_1200_2000_3000_3800.png,inshore,train,1.0,266
5160.0,2,2,P0124_1800_2600_2400_3200.png,inshore,test,1.0,150
5161.0,2,2,P0124_1800_2600_3000_3800.png,inshore,train,1.0,78
5162.0,2,2,P0124_2400_3200_3000_3800.png,inshore,val,1.0,61
5163.0,4,4,P0124_3000_3800_3600_4400.png,inshore,train,1.0,163
5164.0,6,6,P0124_3000_3800_4200_5000.png,inshore,train,1.0,295
5165.0,8,8,P0124_4200_5000_4800_5600.png,inshore,train,1.0,213
5166.0,2,2,P0124_4200_5000_5400_6200.png,inshore,train,1.0,291
5167.0,3,3,P0124_4200_5000_6000_6800.png,inshore,test,1.0,295
5168.0,1,1,P0124_4200_5000_6600_7400.png,offshore,train,1.0,32
5169.0,1,1,P0124_4800_5600_4800_5600.png,offshore,train,1.0,15
5170.0,4,4,P0124_600_1400_3000_3800.png,inshore,train,1.0,411
5171.0,1,1,P0124_600_1400_3600_4400.png,inshore,train,1.0,367
5172.0,2,2,P0124_7200_8000_600_1400.png,inshore,train,1.0,359
5173.0,2,2,P0124_7800_8600_600_1400.png,inshore,train,1.0,169
5174.0,5,5,P0125_0_800_10800_11600.png,inshore,test,1.0,658
5175.0,5,5,P0125_0_800_11400_12200.png,inshore,train,1.0,662
5176.0,4,3,P0125_1200_2000_10200_11000.png,inshore,train,0.75,552
5177.0,4,4,P0125_1200_2000_10800_11600.png,inshore,test,1.0,413
5178.0,2,2,P0125_1200_2000_11400_12200.png,inshore,train,1.0,576
5179.0,5,5,P0125_1800_2600_10200_11000.png,inshore,val,1.0,121
5180.0,2,2,P0125_1800_2600_10800_11600.png,inshore,test,1.0,308
5181.0,6,6,P0125_1800_2600_9000_9800.png,inshore,test,1.0,355
5182.0,11,9,P0125_1800_2600_9600_10400.png,inshore,train,0.8181818181818182,474
5183.0,1,1,P0125_2400_3200_10200_11000.png,inshore,train,1.0,58
5184.0,1,1,P0125_2400_3200_10800_11600.png,inshore,test,1.0,371
5185.0,8,7,P0125_2400_3200_9000_9800.png,inshore,train,0.875,77
5186.0,10,8,P0125_2400_3200_9600_10400.png,inshore,train,0.8,160
5187.0,6,6,P0125_600_1400_10800_11600.png,inshore,train,1.0,525
5188.0,2,2,P0125_600_1400_11400_12200.png,inshore,train,1.0,554
5189.0,2,2,P0126_0_800_3600_4400.png,inshore,val,1.0,45
5190.0,2,2,P0126_1200_2000_2400_3200.png,offshore,test,1.0,32
5191.0,2,2,P0126_1200_2000_3000_3800.png,offshore,train,1.0,69
5192.0,1,1,P0126_1200_2000_3600_4400.png,offshore,test,1.0,34
5193.0,1,1,P0126_1800_2600_5400_6200.png,offshore,test,1.0,34
5194.0,2,2,P0126_1800_2600_6000_6800.png,offshore,train,1.0,72
5195.0,1,1,P0126_1800_2600_6600_7400.png,inshore,val,1.0,260
5196.0,2,2,P0126_1800_2600_7200_8000.png,inshore,val,1.0,977
5197.0,1,1,P0126_1800_2600_9600_10400.png,offshore,train,1.0,46
5198.0,3,3,P0126_2400_3200_1200_2000.png,inshore,train,1.0,190
5199.0,1,1,P0126_2400_3200_5400_6200.png,offshore,train,1.0,36
5200.0,2,2,P0126_2400_3200_6000_6800.png,offshore,train,1.0,72
5201.0,2,2,P0126_2400_3200_7200_8000.png,inshore,train,1.0,915
5202.0,5,4,P0126_3000_3800_1200_2000.png,inshore,test,0.8,601
5203.0,4,4,P0126_3000_3800_1800_2600.png,inshore,train,1.0,223
5204.0,1,1,P0126_3000_3800_5400_6200.png,offshore,train,1.0,46
5205.0,3,3,P0126_3000_3800_6000_6800.png,offshore,train,1.0,80
5206.0,4,4,P0126_3000_3800_6600_7400.png,inshore,test,1.0,855
5207.0,1,1,P0126_3600_4400_10200_11000.png,offshore,train,1.0,61
5208.0,1,1,P0126_3600_4400_10800_11600.png,offshore,val,1.0,78
5209.0,1,1,P0126_3600_4400_11400_12200.png,offshore,train,1.0,93
5210.0,1,1,P0126_3600_4400_1200_2000.png,inshore,val,1.0,640
5211.0,5,5,P0126_3600_4400_1800_2600.png,inshore,train,1.0,176
5212.0,1,1,P0126_3600_4400_3000_3800.png,offshore,train,1.0,85
5213.0,1,1,P0126_3600_4400_3600_4400.png,offshore,train,1.0,59
5214.0,2,2,P0126_3600_4400_5400_6200.png,offshore,train,1.0,50
5215.0,7,7,P0126_3600_4400_6000_6800.png,inshore,val,1.0,120
5216.0,6,6,P0126_3600_4400_6600_7400.png,inshore,train,1.0,406
5217.0,2,2,P0126_4200_5000_10200_11000.png,offshore,train,1.0,62
5218.0,2,2,P0126_4200_5000_10800_11600.png,offshore,train,1.0,71
5219.0,1,1,P0126_4200_5000_11400_12200.png,offshore,train,1.0,58
5220.0,4,4,P0126_4200_5000_1200_2000.png,inshore,train,1.0,1073
5221.0,6,6,P0126_4200_5000_1800_2600.png,inshore,train,1.0,383
5222.0,1,1,P0126_4200_5000_2400_3200.png,inshore,train,1.0,284
5223.0,1,1,P0126_4200_5000_5400_6200.png,offshore,val,1.0,78
5224.0,3,3,P0126_4200_5000_6000_6800.png,offshore,train,1.0,106
5225.0,2,2,P0126_4200_5000_6600_7400.png,inshore,train,1.0,224
5226.0,2,2,P0126_4200_5000_7200_8000.png,inshore,test,1.0,1395
5227.0,1,1,P0126_4200_5000_9600_10400.png,offshore,train,1.0,34
5228.0,1,1,P0126_4800_5600_10800_11600.png,offshore,train,1.0,60
5229.0,2,2,P0126_4800_5600_11400_12200.png,offshore,test,1.0,91
5230.0,2,2,P0126_4800_5600_5400_6200.png,offshore,train,1.0,87
5231.0,3,3,P0126_4800_5600_6000_6800.png,offshore,train,1.0,78
5232.0,3,3,P0126_4800_5600_6600_7400.png,offshore,train,1.0,140
5233.0,1,1,P0126_4800_5600_7200_8000.png,inshore,val,1.0,1242
5234.0,1,1,P0126_5400_6200_10800_11600.png,offshore,train,1.0,59
5235.0,1,1,P0126_5400_6200_11400_12200.png,offshore,train,1.0,58
5236.0,3,3,P0126_5400_6200_6000_6800.png,offshore,test,1.0,71
5237.0,5,5,P0126_5400_6200_6600_7400.png,offshore,train,1.0,99
5238.0,2,2,P0126_5400_6200_7200_8000.png,inshore,test,1.0,652
5239.0,1,1,P0126_6000_6800_10200_11000.png,offshore,train,1.0,79
5240.0,1,1,P0126_6000_6800_2400_3200.png,offshore,train,1.0,23
5241.0,1,1,P0126_6000_6800_3000_3800.png,offshore,train,1.0,19
5242.0,1,1,P0126_6000_6800_3600_4400.png,offshore,val,1.0,18
5243.0,1,1,P0126_6000_6800_6000_6800.png,offshore,train,1.0,49
5244.0,4,4,P0126_6000_6800_6600_7400.png,offshore,test,1.0,92
5245.0,2,2,P0126_6000_6800_7200_8000.png,inshore,train,1.0,255
5246.0,3,3,P0126_600_1400_2400_3200.png,inshore,train,1.0,169
5247.0,2,2,P0126_600_1400_3000_3800.png,inshore,val,1.0,114
5248.0,2,2,P0126_600_1400_3600_4400.png,inshore,test,1.0,58
5249.0,2,2,P0126_6600_7400_11400_12200.png,offshore,train,1.0,54
5250.0,1,1,P0126_6600_7400_2400_3200.png,offshore,train,1.0,12
5251.0,2,2,P0126_6600_7400_6600_7400.png,offshore,train,1.0,47
5252.0,3,3,P0126_6600_7400_7200_8000.png,offshore,val,1.0,57
5253.0,2,2,P0126_6600_7400_8400_9200.png,offshore,test,1.0,100
5254.0,1,1,P0126_7200_8000_3600_4400.png,offshore,train,1.0,56
5255.0,1,1,P0126_7200_8000_4200_5000.png,offshore,train,1.0,46
5256.0,1,1,P0126_7200_8000_7200_8000.png,offshore,val,1.0,85
5257.0,3,3,P0126_7200_8000_8400_9200.png,offshore,train,1.0,91
5258.0,1,1,P0126_7200_8000_9000_9800.png,offshore,train,1.0,67
5259.0,1,1,P0126_7800_8600_3600_4400.png,offshore,train,1.0,31
5260.0,1,1,P0126_7800_8600_4200_5000.png,offshore,train,1.0,43
5261.0,1,1,P0127_0_800_19800_20600.png,offshore,train,1.0,132
5262.0,1,1,P0127_1200_2000_15000_15800.png,offshore,train,1.0,155
5263.0,1,1,P0127_1800_2600_10800_11600.png,offshore,train,1.0,118
5264.0,1,1,P0127_1800_2600_11400_12200.png,offshore,train,1.0,151
5265.0,1,1,P0127_1800_2600_15000_15800.png,offshore,val,1.0,137
5266.0,1,1,P0127_1800_2600_15600_16400.png,offshore,train,1.0,120
5267.0,1,1,P0127_2400_3200_15600_16400.png,offshore,train,1.0,142
5268.0,1,1,P0127_3000_3800_8400_9200.png,offshore,train,1.0,155
5269.0,1,1,P0127_3000_3800_9000_9800.png,offshore,test,1.0,177
5270.0,1,1,P0127_3600_4400_2400_3200.png,offshore,train,1.0,163
5271.0,1,1,P0127_3600_4400_4800_5600.png,offshore,train,1.0,162
5272.0,1,1,P0127_3600_4400_5400_6200.png,offshore,test,1.0,156
5273.0,1,1,P0127_4200_5000_2400_3200.png,offshore,train,1.0,176
5274.0,1,1,P0127_4800_5600_0_800.png,offshore,val,1.0,179
5275.0,1,1,P0127_5400_6200_0_800.png,offshore,train,1.0,141
5276.0,1,1,P0127_7200_8000_4200_5000.png,offshore,train,1.0,190
5277.0,1,1,P0127_7200_8000_4800_5600.png,offshore,val,1.0,179
5278.0,1,1,P0127_7700_8500_7200_8000.png,offshore,train,1.0,148
5279.0,8,8,P0128_1200_2000_0_800.png,inshore,train,1.0,1273
5280.0,5,5,P0128_1200_2000_1200_2000.png,inshore,test,1.0,162
5281.0,3,3,P0128_1200_2000_1800_2600.png,inshore,train,1.0,114
5282.0,6,6,P0128_1200_2000_2400_3200.png,inshore,train,1.0,1000
5283.0,6,6,P0128_1200_2000_4200_5000.png,inshore,test,1.0,721
5284.0,8,8,P0128_1200_2000_4800_5600.png,inshore,train,1.0,867
5285.0,17,17,P0128_1200_2000_600_1400.png,inshore,train,1.0,1020
5286.0,9,9,P0128_1800_2600_0_800.png,inshore,train,1.0,1117
5287.0,7,7,P0128_1800_2600_1200_2000.png,inshore,train,1.0,1083
5288.0,4,4,P0128_1800_2600_1800_2600.png,inshore,train,1.0,1104
5289.0,4,4,P0128_1800_2600_2400_3200.png,inshore,test,1.0,553
5290.0,6,6,P0128_1800_2600_3000_3800.png,inshore,train,1.0,1181
5291.0,1,1,P0128_1800_2600_3600_4400.png,inshore,val,1.0,1425
5292.0,8,8,P0128_1800_2600_4200_5000.png,inshore,train,1.0,547
5293.0,3,3,P0128_1800_2600_4800_5600.png,inshore,val,1.0,898
5294.0,10,10,P0128_1800_2600_600_1400.png,inshore,train,1.0,821
5295.0,9,9,P0128_2400_3200_2400_3200.png,inshore,train,1.0,842
5296.0,4,4,P0128_2400_3200_4200_5000.png,inshore,train,1.0,861
5297.0,13,13,P0128_3000_3800_2400_3200.png,inshore,train,1.0,1303
5298.0,12,12,P0128_3000_3800_3000_3800.png,inshore,train,1.0,522
5299.0,7,7,P0128_3000_3800_4200_5000.png,inshore,train,1.0,1113
5300.0,2,1,P0128_3000_3800_4800_5600.png,inshore,train,0.5,1482
5301.0,1,1,P0128_3600_4400_2400_3200.png,inshore,test,1.0,1164
5302.0,2,2,P0128_3600_4400_3000_3800.png,inshore,train,1.0,1171
5303.0,7,7,P0128_3600_4400_3600_4400.png,inshore,train,1.0,786
5304.0,9,9,P0128_3600_4400_4200_5000.png,inshore,test,1.0,858
5305.0,4,3,P0128_3600_4400_4800_5600.png,inshore,train,0.75,1238
5306.0,1,1,P0128_4200_5000_2400_3200.png,inshore,test,1.0,1232
5307.0,4,4,P0128_4200_5000_3000_3800.png,inshore,val,1.0,1188
5308.0,4,4,P0128_4200_5000_3600_4400.png,inshore,val,1.0,522
5309.0,10,10,P0128_4200_5000_4200_5000.png,inshore,val,1.0,165
5310.0,10,10,P0128_4200_5000_4800_5600.png,inshore,train,1.0,1298
5311.0,5,5,P0128_4200_5000_7200_8000.png,inshore,train,1.0,1236
5312.0,5,5,P0128_4200_5000_7800_8600.png,inshore,val,1.0,675
5313.0,3,3,P0128_4200_5000_8400_9200.png,inshore,train,1.0,770
5314.0,2,2,P0128_4800_5600_3600_4400.png,inshore,val,1.0,995
5315.0,2,2,P0128_4800_5600_4200_5000.png,inshore,train,1.0,409
5316.0,8,8,P0128_4800_5600_4800_5600.png,inshore,train,1.0,1205
5317.0,2,2,P0128_4800_5600_5400_6200.png,inshore,train,1.0,1482
5318.0,2,2,P0128_4800_5600_6600_7400.png,inshore,test,1.0,1145
5319.0,4,4,P0128_4800_5600_7200_8000.png,inshore,test,1.0,533
5320.0,2,2,P0128_4800_5600_7800_8600.png,inshore,train,1.0,381
5321.0,1,1,P0128_4800_5600_9000_9800.png,offshore,train,1.0,183
5322.0,6,6,P0128_5400_6200_3600_4400.png,inshore,train,1.0,1400
5323.0,5,5,P0128_5400_6200_4200_5000.png,inshore,train,1.0,938
5324.0,10,10,P0128_5400_6200_4800_5600.png,inshore,train,1.0,814
5325.0,8,8,P0128_5400_6200_5400_6200.png,inshore,train,1.0,950
5326.0,3,3,P0128_5400_6200_6000_6800.png,inshore,train,1.0,769
5327.0,1,1,P0128_5400_6200_7200_8000.png,inshore,val,1.0,256
5328.0,1,1,P0128_5400_6200_7800_8600.png,inshore,train,1.0,140
5329.0,1,1,P0128_5400_6200_9000_9800.png,offshore,train,1.0,100
5330.0,1,1,P0128_6000_6800_7200_8000.png,inshore,train,1.0,1057
5331.0,4,4,P0128_600_1400_4200_5000.png,inshore,train,1.0,1128
5332.0,1,1,P0128_600_1400_4800_5600.png,inshore,train,1.0,1293
5333.0,1,1,P0129_3600_4400_3000_3800.png,offshore,test,1.0,95
5334.0,5,5,P0129_6000_6800_2400_3200.png,inshore,val,1.0,228
5335.0,5,5,P0129_6000_6800_3000_3800.png,inshore,train,1.0,988
5336.0,1,1,P0129_600_1400_0_800.png,inshore,train,1.0,227
5337.0,2,2,P0129_600_1400_9000_9800.png,offshore,train,1.0,74
5338.0,2,2,P0129_600_1400_9200_10000.png,offshore,train,1.0,66
5339.0,1,1,P0129_6600_7400_3000_3800.png,inshore,val,1.0,555
5340.0,1,1,P0130_1800_2600_3600_4400.png,inshore,train,1.0,346
5341.0,2,2,P0130_1800_2600_4200_5000.png,inshore,train,1.0,599
5342.0,1,1,P0130_2400_3200_4800_5600.png,inshore,train,1.0,303
5343.0,1,1,P0130_3600_4400_6600_7400.png,inshore,train,1.0,428
5344.0,1,1,P0130_4200_5000_7200_8000.png,inshore,val,1.0,453
5345.0,2,2,P0131_10800_11600_6600_7400.png,inshore,val,1.0,1102
5346.0,5,5,P0131_11400_12200_6000_6800.png,inshore,val,1.0,986
5347.0,7,7,P0131_11400_12200_6600_7400.png,inshore,train,1.0,734
5348.0,1,1,P0131_11400_12200_7800_8600.png,inshore,val,1.0,1161
5349.0,1,1,P0131_12000_12800_10200_11000.png,offshore,test,1.0,1069
5350.0,3,3,P0131_12000_12800_7800_8600.png,inshore,train,1.0,994
5351.0,1,1,P0131_12600_13400_8400_9200.png,inshore,val,1.0,1028
5352.0,7,7,P0131_13200_14000_9000_9800.png,inshore,test,1.0,737
5353.0,2,2,P0131_13200_14000_9600_10400.png,inshore,train,1.0,727
5354.0,5,4,P0131_13800_14600_9000_9800.png,inshore,train,0.8,832
5355.0,6,6,P0131_13800_14600_9600_10400.png,inshore,train,1.0,734
5356.0,3,3,P0131_14200_15000_9600_10400.png,inshore,test,1.0,750
5357.0,1,1,P0131_7200_8000_1200_2000.png,inshore,train,1.0,743
5358.0,2,2,P0131_7800_8600_1200_2000.png,inshore,train,1.0,822
5359.0,2,2,P0131_7800_8600_1800_2600.png,inshore,val,1.0,866
5360.0,1,1,P0131_8400_9200_7800_8600.png,offshore,train,1.0,1337
5361.0,1,1,P0131_8400_9200_8400_9200.png,offshore,test,1.0,1274
5362.0,3,3,P0131_9000_9800_3000_3800.png,inshore,val,1.0,528
5363.0,3,3,P0131_9600_10400_3000_3800.png,inshore,train,1.0,999
5364.0,1,1,P0131_9600_10400_3600_4400.png,inshore,train,1.0,917
5365.0,2,2,P0132_0_800_9600_10400.png,inshore,train,1.0,190
5366.0,2,2,P0132_0_800_9926_10726.png,offshore,test,1.0,53
5367.0,1,1,P0132_1200_2000_7800_8600.png,inshore,train,1.0,270
5368.0,3,3,P0132_1200_2000_9600_10400.png,inshore,train,1.0,82
5369.0,3,3,P0132_1200_2000_9926_10726.png,inshore,train,1.0,59
5370.0,1,1,P0132_1800_2600_9600_10400.png,inshore,train,1.0,252
5371.0,1,1,P0132_1800_2600_9926_10726.png,inshore,train,1.0,222
5372.0,1,1,P0132_2400_3200_9600_10400.png,inshore,train,1.0,200
5373.0,1,1,P0132_2400_3200_9926_10726.png,inshore,test,1.0,185
5374.0,3,3,P0132_3000_3800_9600_10400.png,inshore,train,1.0,76
5375.0,4,4,P0132_3000_3800_9926_10726.png,inshore,val,1.0,102
5376.0,2,2,P0132_600_1400_5400_6200.png,inshore,train,1.0,338
5377.0,3,3,P0132_600_1400_6000_6800.png,inshore,train,1.0,470
5378.0,2,2,P0132_600_1400_9600_10400.png,inshore,test,1.0,124
5379.0,1,1,P0132_600_1400_9926_10726.png,offshore,train,1.0,9
5380.0,3,3,P0133_0_800_0_800.png,inshore,val,1.0,758
5381.0,16,16,P0133_1200_2000_0_800.png,offshore,train,1.0,62
5382.0,10,10,P0133_1200_2000_1200_2000.png,inshore,train,1.0,687
5383.0,19,19,P0133_1200_2000_600_1400.png,inshore,val,1.0,152
5384.0,12,12,P0133_1800_2600_0_800.png,offshore,train,1.0,58
5385.0,8,8,P0133_1800_2600_1200_2000.png,inshore,train,1.0,159
5386.0,20,20,P0133_1800_2600_600_1400.png,offshore,test,1.0,80
5387.0,7,7,P0133_2400_3200_0_800.png,inshore,val,1.0,198
5388.0,2,2,P0133_2400_3200_1200_2000.png,offshore,val,1.0,65
5389.0,8,8,P0133_2400_3200_600_1400.png,offshore,train,1.0,53
5390.0,4,4,P0133_3000_3800_0_800.png,inshore,val,1.0,210
5391.0,2,2,P0133_3000_3800_1200_2000.png,offshore,train,1.0,51
5392.0,2,2,P0133_3000_3800_2400_3200.png,offshore,test,1.0,93
5393.0,1,1,P0133_3000_3800_4200_5000.png,offshore,train,1.0,9
5394.0,1,1,P0133_3000_3800_4800_5600.png,offshore,train,1.0,10
5395.0,3,3,P0133_3000_3800_600_1400.png,offshore,test,1.0,31
5396.0,2,2,P0133_3600_4400_1200_2000.png,offshore,test,1.0,15
5397.0,2,2,P0133_3600_4400_1800_2600.png,offshore,train,1.0,12
5398.0,3,3,P0133_3600_4400_2400_3200.png,offshore,train,1.0,40
5399.0,2,2,P0133_3600_4400_3000_3800.png,offshore,train,1.0,28
5400.0,2,2,P0133_3600_4400_3600_4400.png,offshore,train,1.0,7
5401.0,2,2,P0133_3600_4400_4200_5000.png,inshore,train,1.0,11
5402.0,1,1,P0133_3600_4400_4800_5600.png,offshore,test,1.0,6
5403.0,2,2,P0133_3600_4400_600_1400.png,offshore,test,1.0,12
5404.0,1,1,P0133_4200_5000_0_800.png,offshore,train,1.0,13
5405.0,1,1,P0133_4200_5000_1200_2000.png,offshore,train,1.0,7
5406.0,2,2,P0133_4200_5000_1800_2600.png,offshore,train,1.0,10
5407.0,1,1,P0133_4200_5000_2400_3200.png,offshore,train,1.0,10
5408.0,1,1,P0133_4200_5000_3000_3800.png,offshore,train,1.0,21
5409.0,1,1,P0133_4200_5000_4200_5000.png,offshore,train,1.0,3
5410.0,17,17,P0133_600_1400_0_800.png,inshore,train,1.0,246
5411.0,4,4,P0133_600_1400_1200_2000.png,inshore,train,1.0,971
5412.0,4,4,P0133_600_1400_1800_2600.png,inshore,train,1.0,1136
5413.0,1,1,P0134_4800_5600_5400_6200.png,offshore,test,1.0,13
5414.0,2,2,P0134_4800_5600_6000_6800.png,offshore,train,1.0,15
5415.0,7,7,P0134_4800_5600_6600_7400.png,offshore,test,1.0,31
5416.0,5,5,P0134_4800_5600_7200_8000.png,inshore,train,1.0,340
5417.0,1,1,P0134_5400_6200_4800_5600.png,offshore,train,1.0,25
5418.0,2,2,P0134_5400_6200_5400_6200.png,offshore,test,1.0,35
5419.0,8,8,P0134_5400_6200_6000_6800.png,offshore,train,1.0,43
5420.0,29,29,P0134_5400_6200_6600_7400.png,offshore,test,1.0,134
5421.0,11,11,P0134_5400_6200_7200_8000.png,inshore,train,1.0,1044
5422.0,4,4,P0134_6000_6800_3600_4400.png,inshore,train,1.0,70
5423.0,1,1,P0134_6000_6800_4200_5000.png,inshore,val,1.0,232
5424.0,1,1,P0134_6000_6800_5400_6200.png,inshore,train,1.0,133
5425.0,7,7,P0134_6000_6800_6000_6800.png,inshore,test,1.0,114
5426.0,13,13,P0134_6000_6800_6600_7400.png,inshore,train,1.0,475
5427.0,4,4,P0134_6000_6800_7200_8000.png,inshore,train,1.0,1289
5428.0,1,1,P0134_6600_7400_2400_3200.png,inshore,test,1.0,155
5429.0,4,4,P0134_6600_7400_3600_4400.png,inshore,train,1.0,180
5430.0,3,3,P0134_7200_8000_2400_3200.png,inshore,train,1.0,307
5431.0,1,1,P0135_0_800_6000_6800.png,inshore,train,1.0,523
5432.0,4,4,P0135_1200_2000_1800_2600.png,inshore,train,1.0,804
5433.0,14,14,P0135_1200_2000_2400_3200.png,inshore,train,1.0,366
5434.0,17,16,P0135_1200_2000_3000_3800.png,inshore,train,0.9411764705882353,167
5435.0,20,20,P0135_1200_2000_3600_4400.png,offshore,train,1.0,94
5436.0,11,11,P0135_1200_2000_4200_5000.png,offshore,train,1.0,83
5437.0,11,11,P0135_1200_2000_4800_5600.png,offshore,test,1.0,44
5438.0,15,15,P0135_1200_2000_5400_6200.png,offshore,train,1.0,65
5439.0,8,8,P0135_1200_2000_6000_6800.png,offshore,test,1.0,54
5440.0,7,7,P0135_1200_2000_6600_7400.png,offshore,train,1.0,64
5441.0,6,6,P0135_1200_2000_7200_8000.png,offshore,train,1.0,47
5442.0,2,2,P0135_1200_2000_7800_8600.png,offshore,train,1.0,23
5443.0,3,3,P0135_1200_2000_8400_9200.png,offshore,train,1.0,26
5444.0,3,3,P0135_1200_2000_9000_9800.png,offshore,train,1.0,17
5445.0,4,4,P0135_1200_2000_9600_10400.png,offshore,train,1.0,25
5446.0,3,3,P0135_1200_2000_9926_10726.png,offshore,train,1.0,30
5447.0,11,11,P0135_1800_2600_3000_3800.png,offshore,train,1.0,53
5448.0,8,8,P0135_1800_2600_3600_4400.png,offshore,train,1.0,48
5449.0,6,6,P0135_1800_2600_4200_5000.png,offshore,train,1.0,54
5450.0,6,6,P0135_1800_2600_4800_5600.png,offshore,train,1.0,58
5451.0,3,3,P0135_1800_2600_5400_6200.png,offshore,val,1.0,35
5452.0,1,1,P0135_1800_2600_6000_6800.png,offshore,test,1.0,8
5453.0,3,3,P0135_1800_2600_6600_7400.png,offshore,train,1.0,32
5454.0,2,2,P0135_1800_2600_7200_8000.png,offshore,train,1.0,3
5455.0,1,1,P0135_1800_2600_7800_8600.png,offshore,val,1.0,4
5456.0,2,2,P0135_1800_2600_8400_9200.png,offshore,test,1.0,17
5457.0,1,1,P0135_1800_2600_9000_9800.png,offshore,val,1.0,13
5458.0,1,1,P0135_2400_3200_4200_5000.png,offshore,train,1.0,17
5459.0,2,2,P0135_2400_3200_4800_5600.png,offshore,train,1.0,19
5460.0,1,1,P0135_2400_3200_5400_6200.png,offshore,train,1.0,20
5461.0,1,1,P0135_2400_3200_6600_7400.png,offshore,train,1.0,9
5462.0,1,1,P0135_2400_3200_7200_8000.png,offshore,train,1.0,6
5463.0,1,1,P0135_2400_3200_7800_8600.png,offshore,train,1.0,1
5464.0,2,2,P0135_2400_3200_8400_9200.png,offshore,train,1.0,6
5465.0,1,1,P0135_2400_3200_9926_10726.png,offshore,train,1.0,5
5466.0,1,1,P0135_3000_3800_5400_6200.png,offshore,train,1.0,5
5467.0,1,1,P0135_3000_3800_6600_7400.png,offshore,train,1.0,1
5468.0,1,1,P0135_3000_3800_7800_8600.png,offshore,train,1.0,15
5469.0,2,2,P0135_3000_3800_8400_9200.png,offshore,train,1.0,28
5470.0,1,1,P0135_3000_3800_9000_9800.png,offshore,train,1.0,11
5471.0,1,1,P0135_3000_3800_9600_10400.png,offshore,train,1.0,7
5472.0,1,1,P0135_3000_3800_9926_10726.png,offshore,train,1.0,6
5473.0,1,1,P0135_3600_4400_7800_8600.png,offshore,val,1.0,12
5474.0,1,1,P0135_3600_4400_8400_9200.png,offshore,train,1.0,16
5475.0,1,1,P0135_4200_5000_7200_8000.png,offshore,train,1.0,5
5476.0,1,1,P0135_4200_5000_7800_8600.png,offshore,train,1.0,6
5477.0,6,6,P0135_600_1400_1800_2600.png,inshore,val,1.0,1136
5478.0,9,9,P0135_600_1400_2400_3200.png,inshore,test,1.0,889
5479.0,3,3,P0135_600_1400_3000_3800.png,inshore,train,1.0,643
5480.0,7,7,P0135_600_1400_3600_4400.png,inshore,train,1.0,234
5481.0,4,4,P0135_600_1400_4200_5000.png,offshore,train,1.0,46
5482.0,18,18,P0135_600_1400_4800_5600.png,offshore,train,1.0,60
5483.0,44,44,P0135_600_1400_5400_6200.png,offshore,train,1.0,139
5484.0,31,31,P0135_600_1400_6000_6800.png,offshore,test,1.0,92
5485.0,16,16,P0135_600_1400_6600_7400.png,offshore,train,1.0,66
5486.0,3,3,P0135_600_1400_7200_8000.png,offshore,train,1.0,29
5487.0,2,2,P0135_600_1400_7800_8600.png,inshore,train,1.0,109
5488.0,1,1,P0135_600_1400_8400_9200.png,inshore,train,1.0,194
5489.0,2,2,P0135_600_1400_9000_9800.png,inshore,train,1.0,323
5490.0,1,1,P0135_600_1400_9600_10400.png,inshore,train,1.0,121
5491.0,1,1,P0135_600_1400_9926_10726.png,offshore,val,1.0,11
5492.0,1,1,P0136_10800_11600_1200_2000.png,offshore,train,1.0,6
5493.0,1,1,P0136_11200_12000_1200_2000.png,offshore,train,1.0,6
5494.0,1,1,P0136_1200_2000_6000_6800.png,offshore,train,1.0,4
5495.0,1,1,P0136_1200_2000_6600_7400.png,offshore,train,1.0,4
5496.0,2,2,P0137_1.png,inshore,train,1.0,55
5497.0,1,1,P0137_10.png,offshore,val,1.0,211
5498.0,1,1,P0137_100.png,offshore,train,1.0,87
5499.0,1,1,P0137_101.png,offshore,train,1.0,91
5500.0,1,1,P0137_102.png,offshore,train,1.0,70
5501.0,1,1,P0137_103.png,offshore,train,1.0,42
5502.0,1,1,P0137_104.png,offshore,train,1.0,47
5503.0,1,1,P0137_105.png,offshore,train,1.0,35
5504.0,1,1,P0137_106.png,offshore,train,1.0,46
5505.0,1,1,P0137_107.png,offshore,train,1.0,51
5506.0,3,3,P0137_108.png,inshore,test,1.0,82
5507.0,1,1,P0137_109.png,offshore,test,1.0,50
5508.0,2,2,P0137_11.png,inshore,val,1.0,473
5509.0,2,2,P0137_12.png,inshore,train,1.0,82
5510.0,2,2,P0137_13.png,inshore,train,1.0,176
5511.0,2,2,P0137_14.png,inshore,test,1.0,65
5512.0,2,2,P0137_15.png,inshore,train,1.0,82
5513.0,2,2,P0137_16.png,inshore,train,1.0,166
5514.0,2,2,P0137_17.png,inshore,train,1.0,63
5515.0,1,1,P0137_18.png,offshore,test,1.0,52
5516.0,1,1,P0137_19.png,inshore,train,1.0,215
5517.0,2,2,P0137_2.png,offshore,val,1.0,18
5518.0,1,1,P0137_20.png,offshore,train,1.0,81
5519.0,1,1,P0137_21.png,offshore,train,1.0,119
5520.0,1,1,P0137_22.png,offshore,train,1.0,101
5521.0,4,4,P0137_23.png,inshore,train,1.0,439
5522.0,3,3,P0137_24.png,inshore,train,1.0,499
5523.0,1,1,P0137_25.png,offshore,train,1.0,21
5524.0,1,1,P0137_26.png,offshore,train,1.0,66
5525.0,2,2,P0137_27.png,inshore,train,1.0,309
5526.0,1,1,P0137_28.png,offshore,test,1.0,12
5527.0,2,2,P0137_29.png,offshore,train,1.0,51
5528.0,1,1,P0137_3.png,offshore,train,1.0,116
5529.0,1,1,P0137_30.png,offshore,train,1.0,16
5530.0,1,1,P0137_31.png,offshore,val,1.0,41
5531.0,4,4,P0137_32.png,offshore,train,1.0,44
5532.0,2,2,P0137_33.png,offshore,val,1.0,50
5533.0,1,1,P0137_34.png,offshore,val,1.0,39
5534.0,1,1,P0137_35.png,offshore,train,1.0,32
5535.0,3,3,P0137_36.png,offshore,train,1.0,40
5536.0,1,1,P0137_37.png,offshore,train,1.0,45
5537.0,1,1,P0137_38.png,offshore,train,1.0,17
5538.0,1,1,P0137_39.png,offshore,train,1.0,26
5539.0,1,1,P0137_4.png,offshore,train,1.0,74
5540.0,1,1,P0137_40.png,inshore,train,1.0,325
5541.0,1,1,P0137_41.png,offshore,val,1.0,58
5542.0,1,1,P0137_42.png,offshore,train,1.0,25
5543.0,2,2,P0137_43.png,offshore,val,1.0,13
5544.0,1,1,P0137_44.png,offshore,train,1.0,14
5545.0,1,1,P0137_45.png,offshore,train,1.0,17
5546.0,1,1,P0137_46.png,offshore,train,1.0,10
5547.0,1,1,P0137_47.png,offshore,train,1.0,13
5548.0,1,1,P0137_48.png,offshore,train,1.0,18
5549.0,1,1,P0137_49.png,offshore,val,1.0,25
5550.0,1,1,P0137_5.png,offshore,train,1.0,47
5551.0,1,1,P0137_50.png,offshore,train,1.0,21
5552.0,1,1,P0137_51.png,offshore,train,1.0,15
5553.0,1,1,P0137_52.png,offshore,train,1.0,13
5554.0,1,1,P0137_53.png,offshore,train,1.0,8
5555.0,1,1,P0137_54.png,offshore,train,1.0,12
5556.0,1,1,P0137_55.png,offshore,train,1.0,6
5557.0,1,1,P0137_56.png,offshore,test,1.0,15
5558.0,1,1,P0137_57.png,offshore,train,1.0,15
5559.0,1,1,P0137_58.png,offshore,val,1.0,35
5560.0,1,1,P0137_59.png,offshore,val,1.0,30
5561.0,8,8,P0137_6.png,inshore,test,1.0,240
5562.0,1,1,P0137_60.png,offshore,train,1.0,50
5563.0,1,1,P0137_61.png,offshore,train,1.0,60
5564.0,1,1,P0137_62.png,offshore,train,1.0,156
5565.0,1,1,P0137_63.png,offshore,test,1.0,120
5566.0,1,1,P0137_64.png,offshore,train,1.0,36
5567.0,1,1,P0137_65.png,offshore,train,1.0,14
5568.0,1,1,P0137_66.png,offshore,train,1.0,15
5569.0,1,1,P0137_67.png,offshore,val,1.0,21
5570.0,1,1,P0137_68.png,offshore,val,1.0,15
5571.0,3,3,P0137_69.png,offshore,train,1.0,50
5572.0,4,4,P0137_7.png,inshore,test,1.0,333
5573.0,1,1,P0137_70.png,offshore,train,1.0,15
5574.0,1,1,P0137_71.png,offshore,train,1.0,3
5575.0,1,1,P0137_72.png,offshore,train,1.0,22
5576.0,1,1,P0137_73.png,offshore,test,1.0,17
5577.0,1,1,P0137_74.png,offshore,train,1.0,31
5578.0,1,1,P0137_75.png,offshore,test,1.0,23
5579.0,1,1,P0137_76.png,offshore,train,1.0,18
5580.0,1,1,P0137_77.png,offshore,train,1.0,11
5581.0,1,1,P0137_78.png,offshore,val,1.0,17
5582.0,1,1,P0137_79.png,offshore,val,1.0,15
5583.0,1,1,P0137_8.png,offshore,train,1.0,141
5584.0,1,1,P0137_80.png,offshore,train,1.0,31
5585.0,1,1,P0137_81.png,offshore,train,1.0,14
5586.0,1,1,P0137_82.png,offshore,train,1.0,29
5587.0,1,1,P0137_83.png,offshore,train,1.0,10
5588.0,1,1,P0137_84.png,offshore,train,1.0,13
5589.0,1,1,P0137_85.png,offshore,train,1.0,50
5590.0,1,1,P0137_86.png,offshore,train,1.0,72
5591.0,1,1,P0137_87.png,offshore,test,1.0,40
5592.0,1,1,P0137_88.png,offshore,val,1.0,82
5593.0,1,1,P0137_89.png,offshore,train,1.0,86
5594.0,1,1,P0137_9.png,inshore,train,1.0,334
5595.0,1,1,P0137_90.png,offshore,test,1.0,37
5596.0,1,1,P0137_91.png,offshore,test,1.0,38
5597.0,1,1,P0137_92.png,offshore,train,1.0,33
5598.0,1,1,P0137_93.png,offshore,val,1.0,60
5599.0,1,1,P0137_94.png,offshore,train,1.0,73
5600.0,1,1,P0137_95.png,offshore,test,1.0,106
5601.0,1,1,P0137_96.png,offshore,train,1.0,40
5602.0,1,1,P0137_97.png,offshore,val,1.0,138
5603.0,1,1,P0137_98.png,offshore,train,1.0,144
5604.0,1,1,P0137_99.png,offshore,train,1.0,130
