% burr_invsqrtpsi_lut : 8192 entries
% Format: signed Q0.23 (24-bit), scale = 2^23 = 8388608, resolution = 1.192093e-07
% Quantisation error: max |e| = 5.958264e-08, RMS = 3.473497e-08
% addr_var = log2_abs_s
% addr_min = -12
% addr_max = 1
% entries = 4096
% n_sign = 2
% signs = [1 -1]
% expr = 1/sqrt(psi1(kappa)+psi1(1))
% sli = 17
% guard = 13
% Columns: addr  exact_value  code(dec)  requantized  error
     0  +0.5512837041   4624503  +0.5512837172  +1.307e-08
     1  +0.5512836045   4624502  +0.5512835979  -6.592e-09
     2  +0.5512835048   4624501  +0.5512834787  -2.603e-08
     3  +0.5512834048   4624500  +0.5512833595  -4.525e-08
     4  +0.5512833046   4624500  +0.5512833595  +5.496e-08
     5  +0.5512832041   4624499  +0.5512832403  +3.618e-08
     6  +0.5512831035   4624498  +0.5512831211  +1.763e-08
     7  +0.5512830026   4624497  +0.5512830019  -7.092e-10
     8  +0.5512829015   4624496  +0.5512828827  -1.882e-08
     9  +0.5512828002   4624495  +0.5512827635  -3.671e-08
    10  +0.5512826987   4624494  +0.5512826443  -5.438e-08
    11  +0.5512825969   4624494  +0.5512826443  +4.739e-08
    12  +0.5512824949   4624493  +0.5512825251  +3.017e-08
    13  +0.5512823927   4624492  +0.5512824059  +1.317e-08
    14  +0.5512822902   4624491  +0.5512822866  -3.596e-09
    15  +0.5512821876   4624490  +0.5512821674  -2.014e-08
    16  +0.5512820847   4624489  +0.5512820482  -3.646e-08
    17  +0.5512819816   4624488  +0.5512819290  -5.255e-08
    18  +0.5512818782   4624488  +0.5512819290  +5.080e-08
    19  +0.5512817746   4624487  +0.5512818098  +3.516e-08
    20  +0.5512816708   4624486  +0.5512816906  +1.975e-08
    21  +0.5512815668   4624485  +0.5512815714  +4.575e-09
    22  +0.5512814626   4624484  +0.5512814522  -1.038e-08
    23  +0.5512813581   4624483  +0.5512813330  -2.510e-08
    24  +0.5512812533   4624482  +0.5512812138  -3.959e-08
    25  +0.5512811484   4624481  +0.5512810946  -5.385e-08
    26  +0.5512810432   4624481  +0.5512810946  +5.134e-08
    27  +0.5512809378   4624480  +0.5512809753  +3.754e-08
    28  +0.5512808322   4624479  +0.5512808561  +2.397e-08
    29  +0.5512807263   4624478  +0.5512807369  +1.064e-08
    30  +0.5512806202   4624477  +0.5512806177  -2.455e-09
    31  +0.5512805138   4624476  +0.5512804985  -1.532e-08
    32  +0.5512804072   4624475  +0.5512803793  -2.795e-08
    33  +0.5512803004   4624474  +0.5512802601  -4.035e-08
    34  +0.5512801934   4624473  +0.5512801409  -5.251e-08
    35  +0.5512800861   4624473  +0.5512801409  +5.478e-08
    36  +0.5512799786   4624472  +0.5512800217  +4.309e-08
    37  +0.5512798708   4624471  +0.5512799025  +3.164e-08
    38  +0.5512797628   4624470  +0.5512797832  +2.043e-08
    39  +0.5512796546   4624469  +0.5512796640  +9.449e-09
    40  +0.5512795461   4624468  +0.5512795448  -1.289e-09
    41  +0.5512794374   4624467  +0.5512794256  -1.179e-08
    42  +0.5512793285   4624466  +0.5512793064  -2.205e-08
    43  +0.5512792193   4624465  +0.5512791872  -3.207e-08
    44  +0.5512791098   4624464  +0.5512790680  -4.184e-08
    45  +0.5512790002   4624463  +0.5512789488  -5.138e-08
    46  +0.5512788903   4624463  +0.5512789488  +5.853e-08
    47  +0.5512787801   4624462  +0.5512788296  +4.948e-08
    48  +0.5512786697   4624461  +0.5512787104  +4.067e-08
    49  +0.5512785591   4624460  +0.5512785912  +3.210e-08
    50  +0.5512784482   4624459  +0.5512784719  +2.377e-08
    51  +0.5512783370   4624458  +0.5512783527  +1.569e-08
    52  +0.5512782257   4624457  +0.5512782335  +7.859e-09
    53  +0.5512781140   4624456  +0.5512781143  +2.689e-10
    54  +0.5512780022   4624455  +0.5512779951  -7.075e-09
    55  +0.5512778901   4624454  +0.5512778759  -1.417e-08
    56  +0.5512777777   4624453  +0.5512777567  -2.102e-08
    57  +0.5512776651   4624452  +0.5512776375  -2.763e-08
    58  +0.5512775523   4624451  +0.5512775183  -3.398e-08
    59  +0.5512774392   4624450  +0.5512773991  -4.009e-08
    60  +0.5512773258   4624449  +0.5512772799  -4.595e-08
    61  +0.5512772122   4624448  +0.5512771606  -5.155e-08
    62  +0.5512770983   4624447  +0.5512770414  -5.691e-08
    63  +0.5512769842   4624447  +0.5512770414  +5.719e-08
    64  +0.5512768699   4624446  +0.5512769222  +5.234e-08
    65  +0.5512767553   4624445  +0.5512768030  +4.773e-08
    66  +0.5512766404   4624444  +0.5512766838  +4.338e-08
    67  +0.5512765253   4624443  +0.5512765646  +3.929e-08
    68  +0.5512764099   4624442  +0.5512764454  +3.544e-08
    69  +0.5512762943   4624441  +0.5512763262  +3.185e-08
    70  +0.5512761785   4624440  +0.5512762070  +2.852e-08
    71  +0.5512760623   4624439  +0.5512760878  +2.544e-08
    72  +0.5512759459   4624438  +0.5512759686  +2.261e-08
    73  +0.5512758293   4624437  +0.5512758493  +2.004e-08
    74  +0.5512757124   4624436  +0.5512757301  +1.773e-08
    75  +0.5512755952   4624435  +0.5512756109  +1.568e-08
    76  +0.5512754778   4624434  +0.5512754917  +1.388e-08
    77  +0.5512753602   4624433  +0.5512753725  +1.235e-08
    78  +0.5512752422   4624432  +0.5512752533  +1.107e-08
    79  +0.5512751240   4624431  +0.5512751341  +1.005e-08
    80  +0.5512750056   4624430  +0.5512750149  +9.294e-09
    81  +0.5512748869   4624429  +0.5512748957  +8.798e-09
    82  +0.5512747679   4624428  +0.5512747765  +8.563e-09
    83  +0.5512746487   4624427  +0.5512746572  +8.590e-09
    84  +0.5512745292   4624426  +0.5512745380  +8.880e-09
    85  +0.5512744094   4624425  +0.5512744188  +9.433e-09
    86  +0.5512742894   4624424  +0.5512742996  +1.025e-08
    87  +0.5512741691   4624423  +0.5512741804  +1.133e-08
    88  +0.5512740485   4624422  +0.5512740612  +1.268e-08
    89  +0.5512739277   4624421  +0.5512739420  +1.429e-08
    90  +0.5512738066   4624420  +0.5512738228  +1.617e-08
    91  +0.5512736853   4624419  +0.5512737036  +1.831e-08
    92  +0.5512735636   4624418  +0.5512735844  +2.072e-08
    93  +0.5512734418   4624417  +0.5512734652  +2.340e-08
    94  +0.5512733196   4624416  +0.5512733459  +2.635e-08
    95  +0.5512731972   4624415  +0.5512732267  +2.957e-08
    96  +0.5512730745   4624414  +0.5512731075  +3.306e-08
    97  +0.5512729515   4624413  +0.5512729883  +3.681e-08
    98  +0.5512728283   4624412  +0.5512728691  +4.084e-08
    99  +0.5512727048   4624411  +0.5512727499  +4.514e-08
   100  +0.5512725810   4624410  +0.5512726307  +4.971e-08
   101  +0.5512724569   4624409  +0.5512725115  +5.456e-08
   102  +0.5512723326   4624407  +0.5512722731  -5.953e-08
   103  +0.5512722080   4624406  +0.5512721539  -5.414e-08
   104  +0.5512720831   4624405  +0.5512720346  -4.847e-08
   105  +0.5512719580   4624404  +0.5512719154  -4.253e-08
   106  +0.5512718325   4624403  +0.5512717962  -3.632e-08
   107  +0.5512717068   4624402  +0.5512716770  -2.982e-08
   108  +0.5512715809   4624401  +0.5512715578  -2.305e-08
   109  +0.5512714546   4624400  +0.5512714386  -1.600e-08
   110  +0.5512713281   4624399  +0.5512713194  -8.678e-09
   111  +0.5512712013   4624398  +0.5512712002  -1.074e-09
   112  +0.5512710742   4624397  +0.5512710810  +6.810e-09
   113  +0.5512709468   4624396  +0.5512709618  +1.497e-08
   114  +0.5512708191   4624395  +0.5512708426  +2.342e-08
   115  +0.5512706912   4624394  +0.5512707233  +3.214e-08
   116  +0.5512705630   4624393  +0.5512706041  +4.115e-08
   117  +0.5512704345   4624392  +0.5512704849  +5.044e-08
   118  +0.5512703057   4624390  +0.5512702465  -5.919e-08
   119  +0.5512701766   4624389  +0.5512701273  -4.934e-08
   120  +0.5512700473   4624388  +0.5512700081  -3.920e-08
   121  +0.5512699176   4624387  +0.5512698889  -2.877e-08
   122  +0.5512697877   4624386  +0.5512697697  -1.806e-08
   123  +0.5512696575   4624385  +0.5512696505  -7.061e-09
   124  +0.5512695270   4624384  +0.5512695312  +4.224e-09
   125  +0.5512693962   4624383  +0.5512694120  +1.580e-08
   126  +0.5512692652   4624382  +0.5512692928  +2.766e-08
   127  +0.5512691338   4624381  +0.5512691736  +3.980e-08
   128  +0.5512690022   4624380  +0.5512690544  +5.224e-08
   129  +0.5512688702   4624378  +0.5512688160  -5.424e-08
   130  +0.5512687380   4624377  +0.5512686968  -4.122e-08
   131  +0.5512686055   4624376  +0.5512685776  -2.791e-08
   132  +0.5512684727   4624375  +0.5512684584  -1.431e-08
   133  +0.5512683396   4624374  +0.5512683392  -4.119e-10
   134  +0.5512682062   4624373  +0.5512682199  +1.378e-08
   135  +0.5512680725   4624372  +0.5512681007  +2.826e-08
   136  +0.5512679385   4624371  +0.5512679815  +4.303e-08
   137  +0.5512678042   4624370  +0.5512678623  +5.811e-08
   138  +0.5512676696   4624368  +0.5512676239  -4.574e-08
   139  +0.5512675348   4624367  +0.5512675047  -3.007e-08
   140  +0.5512673996   4624366  +0.5512673855  -1.411e-08
   141  +0.5512672641   4624365  +0.5512672663  +2.146e-09
   142  +0.5512671284   4624364  +0.5512671471  +1.870e-08
   143  +0.5512669923   4624363  +0.5512670279  +3.556e-08
   144  +0.5512668559   4624362  +0.5512669086  +5.272e-08
   145  +0.5512667193   4624360  +0.5512666702  -4.904e-08
   146  +0.5512665823   4624359  +0.5512665510  -3.128e-08
   147  +0.5512664450   4624358  +0.5512664318  -1.322e-08
   148  +0.5512663075   4624357  +0.5512663126  +5.139e-09
   149  +0.5512661696   4624356  +0.5512661934  +2.380e-08
   150  +0.5512660314   4624355  +0.5512660742  +4.277e-08
   151  +0.5512658929   4624353  +0.5512658358  -5.717e-08
   152  +0.5512657541   4624352  +0.5512657166  -3.759e-08
   153  +0.5512656150   4624351  +0.5512655973  -1.770e-08
   154  +0.5512654756   4624350  +0.5512654781  +2.485e-09
   155  +0.5512653359   4624349  +0.5512653589  +2.298e-08
   156  +0.5512651959   4624348  +0.5512652397  +4.379e-08
   157  +0.5512650556   4624346  +0.5512650013  -5.431e-08
   158  +0.5512649150   4624345  +0.5512648821  -3.289e-08
   159  +0.5512647740   4624344  +0.5512647629  -1.116e-08
   160  +0.5512646328   4624343  +0.5512646437  +1.089e-08
   161  +0.5512644912   4624342  +0.5512645245  +3.324e-08
   162  +0.5512643493   4624341  +0.5512644053  +5.591e-08
   163  +0.5512642072   4624339  +0.5512641668  -4.033e-08
   164  +0.5512640647   4624338  +0.5512640476  -1.704e-08
   165  +0.5512639218   4624337  +0.5512639284  +6.570e-09
   166  +0.5512637787   4624336  +0.5512638092  +3.049e-08
   167  +0.5512636353   4624335  +0.5512636900  +5.472e-08
   168  +0.5512634915   4624333  +0.5512634516  -3.993e-08
   169  +0.5512633474   4624332  +0.5512633324  -1.507e-08
   170  +0.5512632030   4624331  +0.5512632132  +1.012e-08
   171  +0.5512630583   4624330  +0.5512630939  +3.562e-08
   172  +0.5512629133   4624328  +0.5512628555  -5.777e-08
   173  +0.5512627679   4624327  +0.5512627363  -3.163e-08
   174  +0.5512626223   4624326  +0.5512626171  -5.164e-09
   175  +0.5512624763   4624325  +0.5512624979  +2.162e-08
   176  +0.5512623300   4624324  +0.5512623787  +4.872e-08
   177  +0.5512621833   4624322  +0.5512621403  -4.306e-08
   178  +0.5512620364   4624321  +0.5512620211  -1.531e-08
   179  +0.5512618891   4624320  +0.5512619019  +1.276e-08
   180  +0.5512617415   4624319  +0.5512617826  +4.116e-08
   181  +0.5512615936   4624317  +0.5512615442  -4.933e-08
   182  +0.5512614453   4624316  +0.5512614250  -2.028e-08
   183  +0.5512612967   4624315  +0.5512613058  +9.096e-09
   184  +0.5512611478   4624314  +0.5512611866  +3.880e-08
   185  +0.5512609986   4624312  +0.5512609482  -5.038e-08
   186  +0.5512608490   4624311  +0.5512608290  -2.002e-08
   187  +0.5512606991   4624310  +0.5512607098  +1.067e-08
   188  +0.5512605489   4624309  +0.5512605906  +4.169e-08
   189  +0.5512603983   4624307  +0.5512603521  -4.617e-08
   190  +0.5512602474   4624306  +0.5512602329  -1.449e-08
   191  +0.5512600962   4624305  +0.5512601137  +1.752e-08
   192  +0.5512599446   4624304  +0.5512599945  +4.987e-08
   193  +0.5512597927   4624302  +0.5512597561  -3.666e-08
   194  +0.5512596405   4624301  +0.5512596369  -3.645e-09
   195  +0.5512594880   4624300  +0.5512595177  +2.971e-08
   196  +0.5512593351   4624298  +0.5512592793  -5.582e-08
   197  +0.5512591818   4624297  +0.5512591600  -2.179e-08
   198  +0.5512590283   4624296  +0.5512590408  +1.257e-08
   199  +0.5512588744   4624295  +0.5512589216  +4.727e-08
   200  +0.5512587201   4624293  +0.5512586832  -3.690e-08
   201  +0.5512585655   4624292  +0.5512585640  -1.525e-09
   202  +0.5512584106   4624291  +0.5512584448  +3.419e-08
   203  +0.5512582553   4624289  +0.5512582064  -4.896e-08
   204  +0.5512580997   4624288  +0.5512580872  -1.255e-08
   205  +0.5512579438   4624287  +0.5512579679  +2.419e-08
   206  +0.5512577875   4624285  +0.5512577295  -5.793e-08
   207  +0.5512576308   4624284  +0.5512576103  -2.050e-08
   208  +0.5512574738   4624283  +0.5512574911  +1.728e-08
   209  +0.5512573165   4624282  +0.5512573719  +5.541e-08
   210  +0.5512571588   4624280  +0.5512571335  -2.533e-08
   211  +0.5512570008   4624279  +0.5512570143  +1.348e-08
   212  +0.5512568424   4624278  +0.5512568951  +5.265e-08
   213  +0.5512566837   4624276  +0.5512566566  -2.705e-08
   214  +0.5512565246   4624275  +0.5512565374  +1.282e-08
   215  +0.5512563652   4624274  +0.5512564182  +5.303e-08
   216  +0.5512562054   4624272  +0.5512561798  -2.561e-08
   217  +0.5512560453   4624271  +0.5512560606  +1.531e-08
   218  +0.5512558848   4624270  +0.5512559414  +5.658e-08
   219  +0.5512557240   4624268  +0.5512557030  -2.101e-08
   220  +0.5512555628   4624267  +0.5512555838  +2.097e-08
   221  +0.5512554012   4624265  +0.5512553453  -5.590e-08
   222  +0.5512552394   4624264  +0.5512552261  -1.322e-08
   223  +0.5512550771   4624263  +0.5512551069  +2.983e-08
   224  +0.5512549145   4624261  +0.5512548685  -4.598e-08
   225  +0.5512547515   4624260  +0.5512547493  -2.214e-09
   226  +0.5512545882   4624259  +0.5512546301  +4.191e-08
   227  +0.5512544245   4624257  +0.5512543917  -3.282e-08
   228  +0.5512542604   4624256  +0.5512542725  +1.202e-08
   229  +0.5512540960   4624255  +0.5512541533  +5.722e-08
   230  +0.5512539313   4624253  +0.5512539148  -1.642e-08
   231  +0.5512537661   4624252  +0.5512537956  +2.950e-08
   232  +0.5512536006   4624250  +0.5512535572  -4.341e-08
   233  +0.5512534348   4624249  +0.5512534380  +3.242e-09
   234  +0.5512532685   4624248  +0.5512533188  +5.026e-08
   235  +0.5512531019   4624246  +0.5512530804  -2.156e-08
   236  +0.5512529350   4624245  +0.5512529612  +2.620e-08
   237  +0.5512527676   4624243  +0.5512527227  -4.489e-08
   238  +0.5512525999   4624242  +0.5512526035  +3.599e-09
   239  +0.5512524319   4624241  +0.5512524843  +5.246e-08
   240  +0.5512522634   4624239  +0.5512522459  -1.752e-08
   241  +0.5512520946   4624238  +0.5512521267  +3.208e-08
   242  +0.5512519254   4624236  +0.5512518883  -3.715e-08
   243  +0.5512517559   4624235  +0.5512517691  +1.319e-08
   244  +0.5512515859   4624233  +0.5512515306  -5.530e-08
   245  +0.5512514156   4624232  +0.5512514114  -4.204e-09
   246  +0.5512512450   4624231  +0.5512512922  +4.726e-08
   247  +0.5512510739   4624229  +0.5512510538  -2.010e-08
   248  +0.5512509025   4624228  +0.5512509346  +3.212e-08
   249  +0.5512507307   4624226  +0.5512506962  -3.449e-08
   250  +0.5512505585   4624225  +0.5512505770  +1.849e-08
   251  +0.5512503859   4624223  +0.5512503386  -4.736e-08
   252  +0.5512502130   4624222  +0.5512502193  +6.375e-09
   253  +0.5512500396   4624220  +0.5512499809  -5.872e-08
   254  +0.5512498659   4624219  +0.5512498617  -4.215e-09
   255  +0.5512496918   4624218  +0.5512497425  +5.067e-08
   256  +0.5512495174   4624216  +0.5512495041  -1.328e-08
   257  +0.5512493425   4624215  +0.5512493849  +4.238e-08
   258  +0.5512491673   4624213  +0.5512491465  -2.080e-08
   259  +0.5512489916   4624212  +0.5512490273  +3.562e-08
   260  +0.5512488156   4624210  +0.5512487888  -2.678e-08
   261  +0.5512486392   4624209  +0.5512486696  +3.042e-08
   262  +0.5512484624   4624207  +0.5512484312  -3.120e-08
   263  +0.5512482852   4624206  +0.5512483120  +2.677e-08
   264  +0.5512481077   4624204  +0.5512480736  -3.407e-08
   265  +0.5512479297   4624203  +0.5512479544  +2.468e-08
   266  +0.5512477513   4624201  +0.5512477160  -3.538e-08
   267  +0.5512475726   4624200  +0.5512475967  +2.416e-08
   268  +0.5512473934   4624198  +0.5512473583  -3.511e-08
   269  +0.5512472139   4624197  +0.5512472391  +2.522e-08
   270  +0.5512470340   4624195  +0.5512470007  -3.327e-08
   271  +0.5512468536   4624194  +0.5512468815  +2.785e-08
   272  +0.5512466729   4624192  +0.5512466431  -2.984e-08
   273  +0.5512464918   4624191  +0.5512465239  +3.208e-08
   274  +0.5512463103   4624189  +0.5512462854  -2.482e-08
   275  +0.5512461283   4624188  +0.5512461662  +3.790e-08
   276  +0.5512459460   4624186  +0.5512459278  -1.819e-08
   277  +0.5512457633   4624185  +0.5512458086  +4.533e-08
   278  +0.5512455801   4624183  +0.5512455702  -9.964e-09
   279  +0.5512453966   4624182  +0.5512454510  +5.436e-08
   280  +0.5512452127   4624180  +0.5512452126  -1.213e-10
   281  +0.5512450283   4624178  +0.5512449741  -5.420e-08
   282  +0.5512448436   4624177  +0.5512448549  +1.134e-08
   283  +0.5512446584   4624175  +0.5512446165  -4.192e-08
   284  +0.5512444729   4624174  +0.5512444973  +2.443e-08
   285  +0.5512442869   4624172  +0.5512442589  -2.801e-08
   286  +0.5512441005   4624171  +0.5512441397  +3.916e-08
   287  +0.5512439137   4624169  +0.5512439013  -1.247e-08
   288  +0.5512437265   4624168  +0.5512437820  +5.553e-08
   289  +0.5512435389   4624166  +0.5512435436  +4.726e-09
   290  +0.5512433509   4624164  +0.5512433052  -4.566e-08
   291  +0.5512431624   4624163  +0.5512431860  +2.357e-08
   292  +0.5512429736   4624161  +0.5512429476  -2.599e-08
   293  +0.5512427843   4624160  +0.5512428284  +4.408e-08
   294  +0.5512425946   4624158  +0.5512425900  -4.649e-09
   295  +0.5512424045   4624156  +0.5512423515  -5.296e-08
   296  +0.5512422140   4624155  +0.5512422323  +1.836e-08
   297  +0.5512420230   4624153  +0.5512419939  -2.911e-08
   298  +0.5512418316   4624152  +0.5512418747  +4.305e-08
   299  +0.5512416399   4624150  +0.5512416363  -3.577e-09
   300  +0.5512414476   4624148  +0.5512413979  -4.978e-08
   301  +0.5512412550   4624147  +0.5512412786  +2.364e-08
   302  +0.5512410619   4624145  +0.5512410402  -2.171e-08
   303  +0.5512408685   4624144  +0.5512409210  +5.256e-08
   304  +0.5512406745   4624142  +0.5512406826  +8.057e-09
   305  +0.5512404802   4624140  +0.5512404442  -3.602e-08
   306  +0.5512402854   4624139  +0.5512403250  +3.954e-08
   307  +0.5512400902   4624137  +0.5512400866  -3.686e-09
   308  +0.5512398946   4624135  +0.5512398481  -4.648e-08
   309  +0.5512396986   4624134  +0.5512397289  +3.037e-08
   310  +0.5512395021   4624132  +0.5512394905  -1.156e-08
   311  +0.5512393051   4624130  +0.5512392521  -5.306e-08
   312  +0.5512391078   4624129  +0.5512391329  +2.509e-08
   313  +0.5512389100   4624127  +0.5512388945  -1.554e-08
   314  +0.5512387118   4624125  +0.5512386560  -5.573e-08
   315  +0.5512385131   4624124  +0.5512385368  +2.372e-08
   316  +0.5512383140   4624122  +0.5512382984  -1.559e-08
   317  +0.5512381145   4624120  +0.5512380600  -5.447e-08
   318  +0.5512379145   4624119  +0.5512379408  +2.630e-08
   319  +0.5512377141   4624117  +0.5512377024  -1.170e-08
   320  +0.5512375132   4624115  +0.5512374640  -4.926e-08
   321  +0.5512373119   4624114  +0.5512373447  +3.283e-08
   322  +0.5512371102   4624112  +0.5512371063  -3.837e-09
   323  +0.5512369080   4624110  +0.5512368679  -4.006e-08
   324  +0.5512367053   4624109  +0.5512367487  +4.336e-08
   325  +0.5512365022   4624107  +0.5512365103  +8.027e-09
   326  +0.5512362987   4624105  +0.5512362719  -2.686e-08
   327  +0.5512360947   4624104  +0.5512361526  +5.791e-08
   328  +0.5512358903   4624102  +0.5512359142  +2.392e-08
   329  +0.5512356854   4624100  +0.5512356758  -9.622e-09
   330  +0.5512354801   4624098  +0.5512354374  -4.271e-08
   331  +0.5512352743   4624097  +0.5512353182  +4.386e-08
   332  +0.5512350681   4624095  +0.5512350798  +1.168e-08
   333  +0.5512348614   4624093  +0.5512348413  -2.005e-08
   334  +0.5512346543   4624091  +0.5512346029  -5.132e-08
   335  +0.5512344467   4624090  +0.5512344837  +3.707e-08
   336  +0.5512342386   4624088  +0.5512342453  +6.708e-09
   337  +0.5512340301   4624086  +0.5512340069  -2.319e-08
   338  +0.5512338211   4624084  +0.5512337685  -5.264e-08
   339  +0.5512336117   4624083  +0.5512336493  +3.759e-08
   340  +0.5512334018   4624081  +0.5512334108  +9.070e-09
   341  +0.5512331914   4624079  +0.5512331724  -1.899e-08
   342  +0.5512329806   4624077  +0.5512329340  -4.658e-08
   343  +0.5512327693   4624076  +0.5512328148  +4.550e-08
   344  +0.5512325575   4624074  +0.5512325764  +1.883e-08
   345  +0.5512323453   4624072  +0.5512323380  -7.368e-09
   346  +0.5512321326   4624070  +0.5512320995  -3.310e-08
   347  +0.5512319195   4624068  +0.5512318611  -5.836e-08
   348  +0.5512317059   4624067  +0.5512317419  +3.605e-08
   349  +0.5512314918   4624065  +0.5512315035  +1.173e-08
   350  +0.5512312772   4624063  +0.5512312651  -1.212e-08
   351  +0.5512310621   4624061  +0.5512310266  -3.550e-08
   352  +0.5512308466   4624059  +0.5512307882  -5.840e-08
   353  +0.5512306306   4624058  +0.5512306690  +3.838e-08
   354  +0.5512304142   4624056  +0.5512304306  +1.642e-08
   355  +0.5512301972   4624054  +0.5512301922  -5.052e-09
   356  +0.5512299798   4624052  +0.5512299538  -2.605e-08
   357  +0.5512297619   4624050  +0.5512297153  -4.657e-08
   358  +0.5512295435   4624049  +0.5512295961  +5.260e-08
   359  +0.5512293247   4624047  +0.5512293577  +3.304e-08
   360  +0.5512291053   4624045  +0.5512291193  +1.396e-08
   361  +0.5512288855   4624043  +0.5512288809  -4.633e-09
   362  +0.5512286652   4624041  +0.5512286425  -2.274e-08
   363  +0.5512284444   4624039  +0.5512284040  -4.037e-08
   364  +0.5512282231   4624037  +0.5512281656  -5.751e-08
   365  +0.5512280014   4624036  +0.5512280464  +4.505e-08
   366  +0.5512277791   4624034  +0.5512278080  +2.889e-08
   367  +0.5512275564   4624032  +0.5512275696  +1.322e-08
   368  +0.5512273331   4624030  +0.5512273312  -1.962e-09
   369  +0.5512271094   4624028  +0.5512270927  -1.665e-08
   370  +0.5512268852   4624026  +0.5512268543  -3.085e-08
   371  +0.5512266605   4624024  +0.5512266159  -4.455e-08
   372  +0.5512264352   4624022  +0.5512263775  -5.776e-08
   373  +0.5512262095   4624021  +0.5512262583  +4.874e-08
   374  +0.5512259833   4624019  +0.5512260199  +3.652e-08
   375  +0.5512257566   4624017  +0.5512257814  +2.480e-08
   376  +0.5512255294   4624015  +0.5512255430  +1.359e-08
   377  +0.5512253017   4624013  +0.5512253046  +2.871e-09
   378  +0.5512250735   4624011  +0.5512250662  -7.344e-09
   379  +0.5512248448   4624009  +0.5512248278  -1.706e-08
   380  +0.5512246156   4624007  +0.5512245893  -2.627e-08
   381  +0.5512243859   4624005  +0.5512243509  -3.497e-08
   382  +0.5512241557   4624003  +0.5512241125  -4.317e-08
   383  +0.5512239249   4624001  +0.5512238741  -5.086e-08
   384  +0.5512236937   4623999  +0.5512236357  -5.804e-08
   385  +0.5512234620   4623998  +0.5512235165  +5.450e-08
   386  +0.5512232297   4623996  +0.5512232780  +4.833e-08
   387  +0.5512229969   4623994  +0.5512230396  +4.268e-08
   388  +0.5512227637   4623992  +0.5512228012  +3.755e-08
   389  +0.5512225299   4623990  +0.5512225628  +3.292e-08
   390  +0.5512222956   4623988  +0.5512223244  +2.881e-08
   391  +0.5512220607   4623986  +0.5512220860  +2.522e-08
   392  +0.5512218254   4623984  +0.5512218475  +2.214e-08
   393  +0.5512215895   4623982  +0.5512216091  +1.959e-08
   394  +0.5512213531   4623980  +0.5512213707  +1.755e-08
   395  +0.5512211162   4623978  +0.5512211323  +1.603e-08
   396  +0.5512208788   4623976  +0.5512208939  +1.504e-08
   397  +0.5512206409   4623974  +0.5512206554  +1.456e-08
   398  +0.5512204024   4623972  +0.5512204170  +1.462e-08
   399  +0.5512201634   4623970  +0.5512201786  +1.519e-08
   400  +0.5512199239   4623968  +0.5512199402  +1.630e-08
   401  +0.5512196838   4623966  +0.5512197018  +1.793e-08
   402  +0.5512194433   4623964  +0.5512194633  +2.009e-08
   403  +0.5512192021   4623962  +0.5512192249  +2.278e-08
   404  +0.5512189605   4623960  +0.5512189865  +2.600e-08
   405  +0.5512187183   4623958  +0.5512187481  +2.975e-08
   406  +0.5512184756   4623956  +0.5512185097  +3.404e-08
   407  +0.5512182324   4623954  +0.5512182713  +3.886e-08
   408  +0.5512179886   4623952  +0.5512180328  +4.422e-08
   409  +0.5512177443   4623950  +0.5512177944  +5.012e-08
   410  +0.5512174995   4623948  +0.5512175560  +5.655e-08
   411  +0.5512172541   4623945  +0.5512171984  -5.569e-08
   412  +0.5512170081   4623943  +0.5512169600  -4.818e-08
   413  +0.5512167617   4623941  +0.5512167215  -4.012e-08
   414  +0.5512165146   4623939  +0.5512164831  -3.152e-08
   415  +0.5512162671   4623937  +0.5512162447  -2.238e-08
   416  +0.5512160190   4623935  +0.5512160063  -1.270e-08
   417  +0.5512157703   4623933  +0.5512157679  -2.462e-09
   418  +0.5512155211   4623931  +0.5512155294  +8.319e-09
   419  +0.5512152714   4623929  +0.5512152910  +1.965e-08
   420  +0.5512150211   4623927  +0.5512150526  +3.153e-08
   421  +0.5512147702   4623925  +0.5512148142  +4.396e-08
   422  +0.5512145188   4623923  +0.5512145758  +5.695e-08
   423  +0.5512142669   4623920  +0.5512142181  -4.873e-08
   424  +0.5512140144   4623918  +0.5512139797  -3.463e-08
   425  +0.5512137613   4623916  +0.5512137413  -1.998e-08
   426  +0.5512135077   4623914  +0.5512135029  -4.777e-09
   427  +0.5512132535   4623912  +0.5512132645  +1.099e-08
   428  +0.5512129987   4623910  +0.5512130260  +2.731e-08
   429  +0.5512127434   4623908  +0.5512127876  +4.420e-08
   430  +0.5512124876   4623905  +0.5512124300  -5.756e-08
   431  +0.5512122311   4623903  +0.5512121916  -3.955e-08
   432  +0.5512119741   4623901  +0.5512119532  -2.097e-08
   433  +0.5512117166   4623899  +0.5512117147  -1.827e-09
   434  +0.5512114584   4623897  +0.5512114763  +1.788e-08
   435  +0.5512111997   4623895  +0.5512112379  +3.816e-08
   436  +0.5512109405   4623893  +0.5512109995  +5.901e-08
   437  +0.5512106806   4623890  +0.5512106419  -3.878e-08
   438  +0.5512104202   4623888  +0.5512104034  -1.678e-08
   439  +0.5512101592   4623886  +0.5512101650  +5.784e-09
   440  +0.5512098977   4623884  +0.5512099266  +2.893e-08
   441  +0.5512096355   4623882  +0.5512096882  +5.264e-08
   442  +0.5512093728   4623879  +0.5512093306  -4.227e-08
   443  +0.5512091095   4623877  +0.5512090921  -1.740e-08
   444  +0.5512088457   4623875  +0.5512088537  +8.057e-09
   445  +0.5512085812   4623873  +0.5512086153  +3.409e-08
   446  +0.5512083162   4623870  +0.5512082577  -5.850e-08
   447  +0.5512080506   4623868  +0.5512080193  -3.130e-08
   448  +0.5512077843   4623866  +0.5512077808  -3.512e-09
   449  +0.5512075176   4623864  +0.5512075424  +2.486e-08
   450  +0.5512072502   4623862  +0.5512073040  +5.382e-08
   451  +0.5512069822   4623859  +0.5512069464  -3.584e-08
   452  +0.5512067137   4623857  +0.5512067080  -5.698e-09
   453  +0.5512064445   4623855  +0.5512064695  +2.503e-08
   454  +0.5512061748   4623853  +0.5512062311  +5.636e-08
   455  +0.5512059044   4623850  +0.5512058735  -3.093e-08
   456  +0.5512056335   4623848  +0.5512056351  +1.582e-09
   457  +0.5512053620   4623846  +0.5512053967  +3.469e-08
   458  +0.5512050898   4623843  +0.5512050390  -5.081e-08
   459  +0.5512048171   4623841  +0.5512048006  -1.650e-08
   460  +0.5512045438   4623839  +0.5512045622  +1.841e-08
   461  +0.5512042698   4623837  +0.5512043238  +5.392e-08
   462  +0.5512039953   4623834  +0.5512039661  -2.917e-08
   463  +0.5512037202   4623832  +0.5512037277  +7.547e-09
   464  +0.5512034444   4623830  +0.5512034893  +4.487e-08
   465  +0.5512031681   4623827  +0.5512031317  -3.640e-08
   466  +0.5512028911   4623825  +0.5512028933  +2.139e-09
   467  +0.5512026135   4623823  +0.5512026548  +4.129e-08
   468  +0.5512023354   4623820  +0.5512022972  -3.815e-08
   469  +0.5512020566   4623818  +0.5512020588  +2.221e-09
   470  +0.5512017772   4623816  +0.5512018204  +4.321e-08
   471  +0.5512014971   4623813  +0.5512014627  -3.439e-08
   472  +0.5512012165   4623811  +0.5512012243  +7.831e-09
   473  +0.5512009352   4623809  +0.5512009859  +5.067e-08
   474  +0.5512006534   4623806  +0.5512006283  -2.508e-08
   475  +0.5512003709   4623804  +0.5512003899  +1.900e-08
   476  +0.5512000877   4623801  +0.5512000322  -5.550e-08
   477  +0.5511998040   4623799  +0.5511997938  -1.017e-08
   478  +0.5511995196   4623797  +0.5511995554  +3.578e-08
   479  +0.5511992346   4623794  +0.5511991978  -3.685e-08
   480  +0.5511989490   4623792  +0.5511989594  +1.036e-08
   481  +0.5511986627   4623790  +0.5511987209  +5.819e-08
   482  +0.5511983759   4623787  +0.5511983633  -1.255e-08
   483  +0.5511980883   4623785  +0.5511981249  +3.655e-08
   484  +0.5511978002   4623782  +0.5511977673  -3.293e-08
   485  +0.5511975114   4623780  +0.5511975288  +1.744e-08
   486  +0.5511972220   4623777  +0.5511971712  -5.077e-08
   487  +0.5511969319   4623775  +0.5511969328  +8.696e-10
   488  +0.5511966412   4623773  +0.5511966944  +5.315e-08
   489  +0.5511963499   4623770  +0.5511963367  -1.314e-08
   490  +0.5511960579   4623768  +0.5511960983  +4.042e-08
   491  +0.5511957653   4623765  +0.5511957407  -2.458e-08
   492  +0.5511954720   4623763  +0.5511955023  +3.026e-08
   493  +0.5511951781   4623760  +0.5511951447  -3.345e-08
   494  +0.5511948835   4623758  +0.5511949062  +2.269e-08
   495  +0.5511945883   4623755  +0.5511945486  -3.972e-08
   496  +0.5511942925   4623753  +0.5511943102  +1.772e-08
   497  +0.5511939960   4623750  +0.5511939526  -4.340e-08
   498  +0.5511936988   4623748  +0.5511937141  +1.535e-08
   499  +0.5511934010   4623745  +0.5511933565  -4.446e-08
   500  +0.5511931025   4623743  +0.5511931181  +1.560e-08
   501  +0.5511928034   4623740  +0.5511927605  -4.290e-08
   502  +0.5511925036   4623738  +0.5511925220  +1.848e-08
   503  +0.5511922031   4623735  +0.5511921644  -3.870e-08
   504  +0.5511919020   4623733  +0.5511919260  +2.400e-08
   505  +0.5511916002   4623730  +0.5511915684  -3.185e-08
   506  +0.5511912978   4623728  +0.5511913300  +3.217e-08
   507  +0.5511909947   4623725  +0.5511909723  -2.235e-08
   508  +0.5511906909   4623723  +0.5511907339  +4.301e-08
   509  +0.5511903865   4623720  +0.5511903763  -1.017e-08
   510  +0.5511900813   4623718  +0.5511901379  +5.653e-08
   511  +0.5511897755   4623715  +0.5511897802  +4.686e-09
   512  +0.5511894691   4623712  +0.5511894226  -4.648e-08
   513  +0.5511891619   4623710  +0.5511891842  +2.224e-08
   514  +0.5511888541   4623707  +0.5511888266  -2.757e-08
   515  +0.5511885456   4623705  +0.5511885881  +4.250e-08
   516  +0.5511882365   4623702  +0.5511882305  -5.958e-09
   517  +0.5511879266   4623699  +0.5511878729  -5.373e-08
   518  +0.5511876161   4623697  +0.5511876345  +1.838e-08
   519  +0.5511873049   4623694  +0.5511872768  -2.803e-08
   520  +0.5511869930   4623692  +0.5511870384  +4.546e-08
   521  +0.5511866804   4623689  +0.5511866808  +4.237e-10
   522  +0.5511863671   4623686  +0.5511863232  -4.392e-08
   523  +0.5511860531   4623684  +0.5511860847  +3.163e-08
   524  +0.5511857385   4623681  +0.5511857271  -1.134e-08
   525  +0.5511854231   4623678  +0.5511853695  -5.361e-08
   526  +0.5511851071   4623676  +0.5511851311  +2.402e-08
   527  +0.5511847903   4623673  +0.5511847734  -1.686e-08
   528  +0.5511844729   4623670  +0.5511844158  -5.705e-08
   529  +0.5511841547   4623668  +0.5511841774  +2.268e-08
   530  +0.5511838359   4623665  +0.5511838198  -1.610e-08
   531  +0.5511835163   4623662  +0.5511834621  -5.419e-08
   532  +0.5511831961   4623660  +0.5511832237  +2.765e-08
   533  +0.5511828751   4623657  +0.5511828661  -9.027e-09
   534  +0.5511825535   4623654  +0.5511825085  -4.499e-08
   535  +0.5511822311   4623652  +0.5511822701  +3.896e-08
   536  +0.5511819080   4623649  +0.5511819124  +4.413e-09
   537  +0.5511815842   4623646  +0.5511815548  -2.942e-08
   538  +0.5511812597   4623644  +0.5511813164  +5.667e-08
   539  +0.5511809345   4623641  +0.5511809587  +2.426e-08
   540  +0.5511806086   4623638  +0.5511806011  -7.431e-09
   541  +0.5511802819   4623635  +0.5511802435  -3.840e-08
   542  +0.5511799545   4623633  +0.5511800051  +5.055e-08
   543  +0.5511796264   4623630  +0.5511796474  +2.102e-08
   544  +0.5511792976   4623627  +0.5511792898  -7.787e-09
   545  +0.5511789681   4623624  +0.5511789322  -3.587e-08
   546  +0.5511786378   4623622  +0.5511786938  +5.598e-08
   547  +0.5511783068   4623619  +0.5511783361  +2.935e-08
   548  +0.5511779751   4623616  +0.5511779785  +3.446e-09
   549  +0.5511776426   4623613  +0.5511776209  -2.173e-08
   550  +0.5511773094   4623610  +0.5511772633  -4.616e-08
   551  +0.5511769755   4623608  +0.5511770248  +4.934e-08
   552  +0.5511766408   4623605  +0.5511766672  +2.637e-08
   553  +0.5511763054   4623602  +0.5511763096  +4.138e-09
   554  +0.5511759693   4623599  +0.5511759520  -1.736e-08
   555  +0.5511756324   4623596  +0.5511755943  -3.811e-08
   556  +0.5511752948   4623593  +0.5511752367  -5.812e-08
   557  +0.5511749565   4623591  +0.5511749983  +4.182e-08
   558  +0.5511746174   4623588  +0.5511746407  +2.330e-08
   559  +0.5511742775   4623585  +0.5511742830  +5.527e-09
   560  +0.5511739369   4623582  +0.5511739254  -1.150e-08
   561  +0.5511735955   4623579  +0.5511735678  -2.778e-08
   562  +0.5511732534   4623576  +0.5511732101  -4.330e-08
   563  +0.5511729106   4623573  +0.5511728525  -5.807e-08
   564  +0.5511725670   4623571  +0.5511726141  +4.712e-08
   565  +0.5511722226   4623568  +0.5511722565  +3.387e-08
   566  +0.5511718775   4623565  +0.5511718988  +2.137e-08
   567  +0.5511715316   4623562  +0.5511715412  +9.628e-09
   568  +0.5511711849   4623559  +0.5511711836  -1.350e-09
   569  +0.5511708375   4623556  +0.5511708260  -1.156e-08
   570  +0.5511704893   4623553  +0.5511704683  -2.101e-08
   571  +0.5511701404   4623550  +0.5511701107  -2.969e-08
   572  +0.5511697907   4623547  +0.5511697531  -3.761e-08
   573  +0.5511694402   4623544  +0.5511693954  -4.475e-08
   574  +0.5511690889   4623541  +0.5511690378  -5.112e-08
   575  +0.5511687369   4623538  +0.5511686802  -5.672e-08
   576  +0.5511683841   4623536  +0.5511684418  +5.767e-08
   577  +0.5511680305   4623533  +0.5511680841  +5.363e-08
   578  +0.5511676762   4623530  +0.5511677265  +5.036e-08
   579  +0.5511673210   4623527  +0.5511673689  +4.788e-08
   580  +0.5511669651   4623524  +0.5511670113  +4.618e-08
   581  +0.5511666084   4623521  +0.5511666536  +4.526e-08
   582  +0.5511662509   4623518  +0.5511662960  +4.513e-08
   583  +0.5511658926   4623515  +0.5511659384  +4.578e-08
   584  +0.5511655335   4623512  +0.5511655807  +4.723e-08
   585  +0.5511651737   4623509  +0.5511652231  +4.946e-08
   586  +0.5511648130   4623506  +0.5511648655  +5.249e-08
   587  +0.5511644516   4623503  +0.5511645079  +5.631e-08
   588  +0.5511640893   4623499  +0.5511640310  -5.828e-08
   589  +0.5511637263   4623496  +0.5511636734  -5.286e-08
   590  +0.5511633624   4623493  +0.5511633158  -4.665e-08
   591  +0.5511629978   4623490  +0.5511629581  -3.963e-08
   592  +0.5511626323   4623487  +0.5511626005  -3.181e-08
   593  +0.5511622661   4623484  +0.5511622429  -2.318e-08
   594  +0.5511618990   4623481  +0.5511618853  -1.375e-08
   595  +0.5511615311   4623478  +0.5511615276  -3.506e-09
   596  +0.5511611625   4623475  +0.5511611700  +7.546e-09
   597  +0.5511607930   4623472  +0.5511608124  +1.941e-08
   598  +0.5511604227   4623469  +0.5511604548  +3.209e-08
   599  +0.5511600515   4623466  +0.5511600971  +4.558e-08
   600  +0.5511596796   4623462  +0.5511596203  -5.932e-08
   601  +0.5511593068   4623459  +0.5511592627  -4.419e-08
   602  +0.5511589333   4623456  +0.5511589050  -2.823e-08
   603  +0.5511585589   4623453  +0.5511585474  -1.146e-08
   604  +0.5511581836   4623450  +0.5511581898  +6.140e-09
   605  +0.5511578076   4623447  +0.5511578321  +2.457e-08
   606  +0.5511574307   4623444  +0.5511574745  +4.382e-08
   607  +0.5511570530   4623440  +0.5511569977  -5.530e-08
   608  +0.5511566744   4623437  +0.5511566401  -3.439e-08
   609  +0.5511562951   4623434  +0.5511562824  -1.264e-08
   610  +0.5511559148   4623431  +0.5511559248  +9.948e-09
   611  +0.5511555338   4623428  +0.5511555672  +3.337e-08
   612  +0.5511551519   4623425  +0.5511552095  +5.763e-08
   613  +0.5511547692   4623421  +0.5511547327  -3.647e-08
   614  +0.5511543856   4623418  +0.5511543751  -1.052e-08
   615  +0.5511540012   4623415  +0.5511540174  +1.627e-08
   616  +0.5511536159   4623412  +0.5511536598  +4.391e-08
   617  +0.5511532298   4623408  +0.5511531830  -4.681e-08
   618  +0.5511528428   4623405  +0.5511528254  -1.747e-08
   619  +0.5511524550   4623402  +0.5511524677  +1.272e-08
   620  +0.5511520663   4623399  +0.5511521101  +4.376e-08
   621  +0.5511516768   4623395  +0.5511516333  -4.355e-08
   622  +0.5511512864   4623392  +0.5511512756  -1.079e-08
   623  +0.5511508952   4623389  +0.5511509180  +2.283e-08
   624  +0.5511505031   4623386  +0.5511505604  +5.731e-08
   625  +0.5511501101   4623382  +0.5511500835  -2.655e-08
   626  +0.5511497163   4623379  +0.5511497259  +9.658e-09
   627  +0.5511493215   4623376  +0.5511493683  +4.674e-08
   628  +0.5511489260   4623372  +0.5511488914  -3.453e-08
   629  +0.5511485295   4623369  +0.5511485338  +4.294e-09
   630  +0.5511481322   4623366  +0.5511481762  +4.399e-08
   631  +0.5511477340   4623362  +0.5511476994  -3.466e-08
   632  +0.5511473349   4623359  +0.5511473417  +6.788e-09
   633  +0.5511469350   4623356  +0.5511469841  +4.911e-08
   634  +0.5511465342   4623352  +0.5511465073  -2.689e-08
   635  +0.5511461324   4623349  +0.5511461496  +1.720e-08
   636  +0.5511457298   4623345  +0.5511456728  -5.704e-08
   637  +0.5511453264   4623342  +0.5511453152  -1.118e-08
   638  +0.5511449220   4623339  +0.5511449575  +3.557e-08
   639  +0.5511445167   4623335  +0.5511444807  -3.600e-08
   640  +0.5511441106   4623332  +0.5511441231  +1.253e-08
   641  +0.5511437035   4623328  +0.5511436462  -5.726e-08
   642  +0.5511432955   4623325  +0.5511432886  -6.933e-09
   643  +0.5511428867   4623322  +0.5511429310  +4.429e-08
   644  +0.5511424769   4623318  +0.5511424541  -2.280e-08
   645  +0.5511420663   4623315  +0.5511420965  +3.023e-08
   646  +0.5511416547   4623311  +0.5511416197  -3.505e-08
   647  +0.5511412423   4623308  +0.5511412621  +1.978e-08
   648  +0.5511408289   4623304  +0.5511407852  -4.368e-08
   649  +0.5511404146   4623301  +0.5511404276  +1.297e-08
   650  +0.5511399994   4623297  +0.5511399508  -4.867e-08
   651  +0.5511395833   4623294  +0.5511395931  +9.815e-09
   652  +0.5511391663   4623290  +0.5511391163  -5.000e-08
   653  +0.5511387483   4623287  +0.5511387587  +1.032e-08
   654  +0.5511383295   4623283  +0.5511382818  -4.765e-08
   655  +0.5511379097   4623280  +0.5511379242  +1.451e-08
   656  +0.5511374890   4623276  +0.5511374474  -4.161e-08
   657  +0.5511370673   4623273  +0.5511370897  +2.240e-08
   658  +0.5511366448   4623269  +0.5511366129  -3.187e-08
   659  +0.5511362213   4623266  +0.5511362553  +3.401e-08
   660  +0.5511357968   4623262  +0.5511357784  -1.840e-08
   661  +0.5511353715   4623259  +0.5511354208  +4.934e-08
   662  +0.5511349452   4623255  +0.5511349440  -1.190e-09
   663  +0.5511345179   4623251  +0.5511344671  -5.078e-08
   664  +0.5511340897   4623248  +0.5511341095  +1.977e-08
   665  +0.5511336606   4623244  +0.5511336327  -2.794e-08
   666  +0.5511332305   4623241  +0.5511332750  +4.451e-08
   667  +0.5511327995   4623237  +0.5511327982  -1.306e-09
   668  +0.5511323675   4623233  +0.5511323214  -4.617e-08
   669  +0.5511319346   4623230  +0.5511319637  +2.912e-08
   670  +0.5511315007   4623226  +0.5511314869  -1.384e-08
   671  +0.5511310659   4623222  +0.5511310101  -5.585e-08
   672  +0.5511306301   4623219  +0.5511306524  +2.232e-08
   673  +0.5511301934   4623215  +0.5511301756  -1.777e-08
   674  +0.5511297557   4623211  +0.5511296988  -5.690e-08
   675  +0.5511293170   4623208  +0.5511293411  +2.415e-08
   676  +0.5511288773   4623204  +0.5511288643  -1.305e-08
   677  +0.5511284367   4623200  +0.5511283875  -4.927e-08
   678  +0.5511279951   4623197  +0.5511280298  +3.468e-08
   679  +0.5511275526   4623193  +0.5511275530  +3.967e-10
   680  +0.5511271091   4623189  +0.5511270761  -3.291e-08
   681  +0.5511266646   4623186  +0.5511267185  +5.397e-08
   682  +0.5511262191   4623182  +0.5511262417  +2.261e-08
   683  +0.5511257726   4623178  +0.5511257648  -7.758e-09
   684  +0.5511253252   4623174  +0.5511252880  -3.715e-08
   685  +0.5511248767   4623171  +0.5511249304  +5.366e-08
   686  +0.5511244273   4623167  +0.5511244535  +2.625e-08
   687  +0.5511239769   4623163  +0.5511239767  -1.776e-10
   688  +0.5511235255   4623159  +0.5511234999  -2.561e-08
   689  +0.5511230731   4623155  +0.5511230230  -5.005e-08
   690  +0.5511226197   4623152  +0.5511226654  +4.572e-08
   691  +0.5511221653   4623148  +0.5511221886  +2.328e-08
   692  +0.5511217099   4623144  +0.5511217117  +1.837e-09
   693  +0.5511212535   4623140  +0.5511212349  -1.860e-08
   694  +0.5511207961   4623136  +0.5511207581  -3.803e-08
   695  +0.5511203377   4623132  +0.5511202812  -5.646e-08
   696  +0.5511198783   4623129  +0.5511199236  +4.533e-08
   697  +0.5511194178   4623125  +0.5511194468  +2.893e-08
   698  +0.5511189564   4623121  +0.5511189699  +1.354e-08
   699  +0.5511184939   4623117  +0.5511184931  -8.325e-10
   700  +0.5511180304   4623113  +0.5511180162  -1.419e-08
   701  +0.5511175659   4623109  +0.5511175394  -2.652e-08
   702  +0.5511171004   4623105  +0.5511170626  -3.783e-08
   703  +0.5511166338   4623101  +0.5511165857  -4.811e-08
   704  +0.5511161663   4623097  +0.5511161089  -5.737e-08
   705  +0.5511156977   4623094  +0.5511157513  +5.361e-08
   706  +0.5511152280   4623090  +0.5511152744  +4.642e-08
   707  +0.5511147573   4623086  +0.5511147976  +4.026e-08
   708  +0.5511142856   4623082  +0.5511143208  +3.513e-08
   709  +0.5511138129   4623078  +0.5511138439  +3.105e-08
   710  +0.5511133391   4623074  +0.5511133671  +2.801e-08
   711  +0.5511128642   4623070  +0.5511128902  +2.601e-08
   712  +0.5511123884   4623066  +0.5511124134  +2.505e-08
   713  +0.5511119114   4623062  +0.5511119366  +2.515e-08
   714  +0.5511114334   4623058  +0.5511114597  +2.630e-08
   715  +0.5511109544   4623054  +0.5511109829  +2.849e-08
   716  +0.5511104743   4623050  +0.5511105061  +3.175e-08
   717  +0.5511099932   4623046  +0.5511100292  +3.606e-08
   718  +0.5511095110   4623042  +0.5511095524  +4.143e-08
   719  +0.5511090277   4623038  +0.5511090755  +4.786e-08
   720  +0.5511085433   4623034  +0.5511085987  +5.536e-08
   721  +0.5511080579   4623029  +0.5511080027  -5.528e-08
   722  +0.5511075715   4623025  +0.5511075258  -4.565e-08
   723  +0.5511070839   4623021  +0.5511070490  -3.494e-08
   724  +0.5511065953   4623017  +0.5511065722  -2.316e-08
   725  +0.5511061056   4623013  +0.5511060953  -1.031e-08
   726  +0.5511056148   4623009  +0.5511056185  +3.629e-09
   727  +0.5511051230   4623005  +0.5511051416  +1.865e-08
   728  +0.5511046301   4623001  +0.5511046648  +3.474e-08
   729  +0.5511041360   4622997  +0.5511041880  +5.193e-08
   730  +0.5511036409   4622992  +0.5511035919  -4.901e-08
   731  +0.5511031447   4622988  +0.5511031151  -2.964e-08
   732  +0.5511026474   4622984  +0.5511026382  -9.185e-09
   733  +0.5511021490   4622980  +0.5511021614  +1.237e-08
   734  +0.5511016496   4622976  +0.5511016846  +3.502e-08
   735  +0.5511011490   4622972  +0.5511012077  +5.877e-08
   736  +0.5511006473   4622967  +0.5511006117  -3.559e-08
   737  +0.5511001445   4622963  +0.5511001348  -9.629e-09
   738  +0.5510996406   4622959  +0.5510996580  +1.744e-08
   739  +0.5510991356   4622955  +0.5510991812  +4.561e-08
   740  +0.5510986294   4622950  +0.5510985851  -4.431e-08
   741  +0.5510981222   4622946  +0.5510981083  -1.390e-08
   742  +0.5510976138   4622942  +0.5510976315  +1.762e-08
   743  +0.5510971044   4622938  +0.5510971546  +5.026e-08
   744  +0.5510965938   4622933  +0.5510965586  -3.519e-08
   745  +0.5510960820   4622929  +0.5510960817  -3.013e-10
   746  +0.5510955692   4622925  +0.5510956049  +3.571e-08
   747  +0.5510950552   4622920  +0.5510950089  -4.635e-08
   748  +0.5510945401   4622916  +0.5510945320  -8.074e-09
   749  +0.5510940238   4622912  +0.5510940552  +3.134e-08
   750  +0.5510935065   4622907  +0.5510934591  -4.732e-08
   751  +0.5510929879   4622903  +0.5510929823  -5.635e-09
   752  +0.5510924683   4622899  +0.5510925055  +3.720e-08
   753  +0.5510919474   4622894  +0.5510919094  -3.804e-08
   754  +0.5510914255   4622890  +0.5510914326  +7.084e-09
   755  +0.5510909024   4622886  +0.5510909557  +5.336e-08
   756  +0.5510903781   4622881  +0.5510903597  -1.843e-08
   757  +0.5510898527   4622877  +0.5510898829  +3.015e-08
   758  +0.5510893261   4622872  +0.5510892868  -3.932e-08
   759  +0.5510887984   4622868  +0.5510888100  +1.158e-08
   760  +0.5510882695   4622863  +0.5510882139  -5.558e-08
   761  +0.5510877394   4622859  +0.5510877371  -2.351e-09
   762  +0.5510872082   4622855  +0.5510872602  +5.204e-08
   763  +0.5510866758   4622850  +0.5510866642  -1.161e-08
   764  +0.5510861422   4622846  +0.5510861874  +4.513e-08
   765  +0.5510856075   4622841  +0.5510855913  -1.617e-08
   766  +0.5510850716   4622837  +0.5510851145  +4.292e-08
   767  +0.5510845345   4622832  +0.5510845184  -1.602e-08
   768  +0.5510839962   4622828  +0.5510840416  +4.543e-08
   769  +0.5510834567   4622823  +0.5510834455  -1.114e-08
   770  +0.5510829160   4622819  +0.5510829687  +5.268e-08
   771  +0.5510823742   4622814  +0.5510823727  -1.509e-09
   772  +0.5510818311   4622809  +0.5510817766  -5.451e-08
   773  +0.5510812869   4622805  +0.5510812998  +1.290e-08
   774  +0.5510807414   4622800  +0.5510807037  -3.770e-08
   775  +0.5510801948   4622796  +0.5510802269  +3.210e-08
   776  +0.5510796469   4622791  +0.5510796309  -1.610e-08
   777  +0.5510790979   4622787  +0.5510791540  +5.612e-08
   778  +0.5510785476   4622782  +0.5510785580  +1.034e-08
   779  +0.5510779962   4622777  +0.5510779619  -3.423e-08
   780  +0.5510774435   4622773  +0.5510774851  +4.163e-08
   781  +0.5510768896   4622768  +0.5510768890  -5.120e-10
   782  +0.5510763344   4622763  +0.5510762930  -4.143e-08
   783  +0.5510757781   4622759  +0.5510758162  +3.809e-08
   784  +0.5510752205   4622754  +0.5510752201  -3.834e-10
   785  +0.5510746617   4622749  +0.5510746241  -3.762e-08
   786  +0.5510741016   4622745  +0.5510741472  +4.558e-08
   787  +0.5510735404   4622740  +0.5510735512  +1.080e-08
   788  +0.5510729779   4622735  +0.5510729551  -2.274e-08
   789  +0.5510724141   4622730  +0.5510723591  -5.504e-08
   790  +0.5510718491   4622726  +0.5510718822  +3.311e-08
   791  +0.5510712829   4622721  +0.5510712862  +3.295e-09
   792  +0.5510707154   4622716  +0.5510706902  -2.527e-08
   793  +0.5510701467   4622711  +0.5510700941  -5.259e-08
   794  +0.5510695767   4622707  +0.5510696173  +4.056e-08
   795  +0.5510690055   4622702  +0.5510690212  +1.575e-08
   796  +0.5510684330   4622697  +0.5510684252  -7.803e-09
   797  +0.5510678592   4622692  +0.5510678291  -3.009e-08
   798  +0.5510672842   4622687  +0.5510672331  -5.112e-08
   799  +0.5510667079   4622683  +0.5510667562  +4.833e-08
   800  +0.5510661304   4622678  +0.5510661602  +2.984e-08
   801  +0.5510655515   4622673  +0.5510655642  +1.263e-08
   802  +0.5510649714   4622668  +0.5510649681  -3.315e-09
   803  +0.5510643900   4622663  +0.5510643721  -1.798e-08
   804  +0.5510638074   4622658  +0.5510637760  -3.136e-08
   805  +0.5510632234   4622653  +0.5510631800  -4.346e-08
   806  +0.5510626382   4622648  +0.5510625839  -5.428e-08
   807  +0.5510620517   4622644  +0.5510621071  +5.541e-08
   808  +0.5510614639   4622639  +0.5510615110  +4.718e-08
   809  +0.5510608748   4622634  +0.5510609150  +4.024e-08
   810  +0.5510602843   4622629  +0.5510603189  +3.460e-08
   811  +0.5510596926   4622624  +0.5510597229  +3.026e-08
   812  +0.5510590996   4622619  +0.5510591269  +2.722e-08
   813  +0.5510585053   4622614  +0.5510585308  +2.549e-08
   814  +0.5510579097   4622609  +0.5510579348  +2.507e-08
   815  +0.5510573128   4622604  +0.5510573387  +2.596e-08
   816  +0.5510567145   4622599  +0.5510567427  +2.817e-08
   817  +0.5510561149   4622594  +0.5510561466  +3.169e-08
   818  +0.5510555140   4622589  +0.5510555506  +3.654e-08
   819  +0.5510549118   4622584  +0.5510549545  +4.271e-08
   820  +0.5510543083   4622579  +0.5510543585  +5.020e-08
   821  +0.5510537034   4622574  +0.5510537624  +5.903e-08
   822  +0.5510530972   4622568  +0.5510530472  -5.002e-08
   823  +0.5510524897   4622563  +0.5510524511  -3.853e-08
   824  +0.5510518808   4622558  +0.5510518551  -2.570e-08
   825  +0.5510512706   4622553  +0.5510512590  -1.153e-08
   826  +0.5510506590   4622548  +0.5510506630  +3.986e-09
   827  +0.5510500461   4622543  +0.5510500669  +2.085e-08
   828  +0.5510494318   4622538  +0.5510494709  +3.906e-08
   829  +0.5510488162   4622533  +0.5510488749  +5.863e-08
   830  +0.5510481993   4622527  +0.5510481596  -3.966e-08
   831  +0.5510475809   4622522  +0.5510475636  -1.738e-08
   832  +0.5510469612   4622517  +0.5510469675  +6.266e-09
   833  +0.5510463402   4622512  +0.5510463715  +3.127e-08
   834  +0.5510457178   4622507  +0.5510457754  +5.765e-08
   835  +0.5510450940   4622501  +0.5510450602  -3.381e-08
   836  +0.5510444688   4622496  +0.5510444641  -4.689e-09
   837  +0.5510438423   4622491  +0.5510438681  +2.581e-08
   838  +0.5510432143   4622486  +0.5510432720  +5.769e-08
   839  +0.5510425850   4622480  +0.5510425568  -2.826e-08
   840  +0.5510419543   4622475  +0.5510419607  +6.390e-09
   841  +0.5510413222   4622470  +0.5510413647  +4.243e-08
   842  +0.5510406888   4622464  +0.5510406494  -3.935e-08
   843  +0.5510400539   4622459  +0.5510400534  -5.264e-10
   844  +0.5510394176   4622454  +0.5510394573  +3.970e-08
   845  +0.5510387800   4622448  +0.5510387421  -3.789e-08
   846  +0.5510381409   4622443  +0.5510381460  +5.144e-09
   847  +0.5510375004   4622438  +0.5510375500  +4.958e-08
   848  +0.5510368585   4622432  +0.5510368347  -2.378e-08
   849  +0.5510362152   4622427  +0.5510362387  +2.348e-08
   850  +0.5510355705   4622421  +0.5510355234  -4.705e-08
   851  +0.5510349243   4622416  +0.5510349274  +3.054e-09
   852  +0.5510342767   4622411  +0.5510343313  +5.458e-08
   853  +0.5510336277   4622405  +0.5510336161  -1.168e-08
   854  +0.5510329773   4622400  +0.5510330200  +4.270e-08
   855  +0.5510323255   4622394  +0.5510323048  -2.070e-08
   856  +0.5510316722   4622389  +0.5510317087  +3.655e-08
   857  +0.5510310174   4622383  +0.5510309935  -2.398e-08
   858  +0.5510303613   4622378  +0.5510303974  +3.615e-08
   859  +0.5510297036   4622372  +0.5510296822  -2.148e-08
   860  +0.5510290446   4622367  +0.5510290861  +4.154e-08
   861  +0.5510283840   4622361  +0.5510283709  -1.319e-08
   862  +0.5510277221   4622356  +0.5510277748  +5.274e-08
   863  +0.5510270586   4622350  +0.5510270596  +9.169e-10
   864  +0.5510263937   4622344  +0.5510263443  -4.944e-08
   865  +0.5510257274   4622339  +0.5510257483  +2.087e-08
   866  +0.5510250596   4622333  +0.5510250330  -2.656e-08
   867  +0.5510243903   4622328  +0.5510244370  +4.670e-08
   868  +0.5510237195   4622322  +0.5510237217  +2.215e-09
   869  +0.5510230472   4622316  +0.5510230064  -4.079e-08
   870  +0.5510223735   4622311  +0.5510224104  +3.690e-08
   871  +0.5510216983   4622305  +0.5510216951  -3.143e-09
   872  +0.5510210216   4622299  +0.5510209799  -4.169e-08
   873  +0.5510203434   4622294  +0.5510203838  +4.045e-08
   874  +0.5510196637   4622288  +0.5510196686  +4.885e-09
   875  +0.5510189825   4622282  +0.5510189533  -2.919e-08
   876  +0.5510182998   4622277  +0.5510183573  +5.745e-08
   877  +0.5510176156   4622271  +0.5510176420  +2.639e-08
   878  +0.5510169299   4622265  +0.5510169268  -3.171e-09
   879  +0.5510162427   4622259  +0.5510162115  -3.122e-08
   880  +0.5510155540   4622253  +0.5510154963  -5.775e-08
   881  +0.5510148638   4622248  +0.5510149002  +3.644e-08
   882  +0.5510141720   4622242  +0.5510141850  +1.294e-08
   883  +0.5510134787   4622236  +0.5510134697  -9.033e-09
   884  +0.5510127839   4622230  +0.5510127544  -2.948e-08
   885  +0.5510120876   4622224  +0.5510120392  -4.839e-08
   886  +0.5510113897   4622219  +0.5510114431  +5.343e-08
   887  +0.5510106903   4622213  +0.5510107279  +3.759e-08
   888  +0.5510099893   4622207  +0.5510100126  +2.328e-08
   889  +0.5510092868   4622201  +0.5510092974  +1.052e-08
   890  +0.5510085828   4622195  +0.5510085821  -6.888e-10
   891  +0.5510078772   4622189  +0.5510078669  -1.035e-08
   892  +0.5510071701   4622183  +0.5510071516  -1.846e-08
   893  +0.5510064614   4622177  +0.5510064363  -2.501e-08
   894  +0.5510057511   4622171  +0.5510057211  -3.000e-08
   895  +0.5510050393   4622165  +0.5510050058  -3.342e-08
   896  +0.5510043259   4622159  +0.5510042906  -3.528e-08
   897  +0.5510036109   4622153  +0.5510035753  -3.556e-08
   898  +0.5510028943   4622147  +0.5510028601  -3.427e-08
   899  +0.5510021762   4622141  +0.5510021448  -3.140e-08
   900  +0.5510014565   4622135  +0.5510014296  -2.695e-08
   901  +0.5510007352   4622129  +0.5510007143  -2.092e-08
   902  +0.5510000123   4622123  +0.5509999990  -1.329e-08
   903  +0.5509992879   4622117  +0.5509992838  -4.074e-09
   904  +0.5509985618   4622111  +0.5509985685  +6.739e-09
   905  +0.5509978341   4622105  +0.5509978533  +1.915e-08
   906  +0.5509971049   4622099  +0.5509971380  +3.317e-08
   907  +0.5509963740   4622093  +0.5509964228  +4.879e-08
   908  +0.5509956415   4622086  +0.5509955883  -5.319e-08
   909  +0.5509949074   4622080  +0.5509948730  -3.434e-08
   910  +0.5509941717   4622074  +0.5509941578  -1.388e-08
   911  +0.5509934343   4622068  +0.5509934425  +8.200e-09
   912  +0.5509926954   4622062  +0.5509927273  +3.191e-08
   913  +0.5509919548   4622056  +0.5509920120  +5.724e-08
   914  +0.5509912126   4622049  +0.5509911776  -3.500e-08
   915  +0.5509904687   4622043  +0.5509904623  -6.401e-09
   916  +0.5509897232   4622037  +0.5509897470  +2.384e-08
   917  +0.5509889761   4622031  +0.5509890318  +5.572e-08
   918  +0.5509882273   4622024  +0.5509881973  -2.996e-08
   919  +0.5509874769   4622018  +0.5509874821  +5.215e-09
   920  +0.5509867248   4622012  +0.5509867668  +4.204e-08
   921  +0.5509859710   4622005  +0.5509859324  -3.868e-08
   922  +0.5509852156   4621999  +0.5509852171  +1.468e-09
   923  +0.5509844586   4621993  +0.5509845018  +4.328e-08
   924  +0.5509836998   4621986  +0.5509836674  -3.245e-08
   925  +0.5509829394   4621980  +0.5509829521  +1.270e-08
   926  +0.5509821773   4621974  +0.5509822369  +5.952e-08
   927  +0.5509814136   4621967  +0.5509814024  -1.118e-08
   928  +0.5509806481   4621961  +0.5509806871  +3.900e-08
   929  +0.5509798810   4621954  +0.5509798527  -2.834e-08
   930  +0.5509791122   4621948  +0.5509791374  +2.523e-08
   931  +0.5509783417   4621941  +0.5509783030  -3.873e-08
   932  +0.5509775695   4621935  +0.5509775877  +1.822e-08
   933  +0.5509767956   4621928  +0.5509767532  -4.233e-08
   934  +0.5509760200   4621922  +0.5509760380  +1.803e-08
   935  +0.5509752426   4621915  +0.5509752035  -3.912e-08
   936  +0.5509744636   4621909  +0.5509744883  +2.466e-08
   937  +0.5509736828   4621902  +0.5509736538  -2.905e-08
   938  +0.5509729004   4621896  +0.5509729385  +3.816e-08
   939  +0.5509721162   4621889  +0.5509721041  -1.211e-08
   940  +0.5509713303   4621883  +0.5509713888  +5.856e-08
   941  +0.5509705426   4621876  +0.5509705544  +1.174e-08
   942  +0.5509697532   4621869  +0.5509697199  -3.333e-08
   943  +0.5509689621   4621863  +0.5509690046  +4.254e-08
   944  +0.5509681692   4621856  +0.5509681702  +9.418e-10
   945  +0.5509673746   4621849  +0.5509673357  -3.891e-08
   946  +0.5509665782   4621843  +0.5509666204  +4.220e-08
   947  +0.5509657801   4621836  +0.5509657860  +5.857e-09
   948  +0.5509649802   4621829  +0.5509649515  -2.873e-08
   949  +0.5509641786   4621823  +0.5509642363  +5.765e-08
   950  +0.5509633752   4621816  +0.5509634018  +2.660e-08
   951  +0.5509625700   4621809  +0.5509625673  -2.694e-09
   952  +0.5509617631   4621802  +0.5509617329  -3.021e-08
   953  +0.5509609543   4621795  +0.5509608984  -5.595e-08
   954  +0.5509601438   4621789  +0.5509601831  +3.930e-08
   955  +0.5509593315   4621782  +0.5509593487  +1.713e-08
   956  +0.5509585175   4621775  +0.5509585142  -3.249e-09
   957  +0.5509577016   4621768  +0.5509576797  -2.184e-08
   958  +0.5509568839   4621761  +0.5509568453  -3.863e-08
   959  +0.5509560644   4621754  +0.5509560108  -5.362e-08
   960  +0.5509552432   4621748  +0.5509552956  +5.240e-08
   961  +0.5509544201   4621741  +0.5509544611  +4.103e-08
   962  +0.5509535952   4621734  +0.5509536266  +3.146e-08
   963  +0.5509527685   4621727  +0.5509527922  +2.372e-08
   964  +0.5509519399   4621720  +0.5509519577  +1.779e-08
   965  +0.5509511095   4621713  +0.5509511232  +1.369e-08
   966  +0.5509502774   4621706  +0.5509502888  +1.142e-08
   967  +0.5509494433   4621699  +0.5509494543  +1.098e-08
   968  +0.5509486075   4621692  +0.5509486198  +1.238e-08
   969  +0.5509477698   4621685  +0.5509477854  +1.562e-08
   970  +0.5509469302   4621678  +0.5509469509  +2.071e-08
   971  +0.5509460888   4621671  +0.5509461164  +2.764e-08
   972  +0.5509452456   4621664  +0.5509452820  +3.643e-08
   973  +0.5509444004   4621657  +0.5509444475  +4.707e-08
   974  +0.5509435535   4621650  +0.5509436131  +5.958e-08
   975  +0.5509427046   4621642  +0.5509426594  -4.526e-08
   976  +0.5509418539   4621635  +0.5509418249  -2.901e-08
   977  +0.5509410013   4621628  +0.5509409904  -1.090e-08
   978  +0.5509401469   4621621  +0.5509401560  +9.098e-09
   979  +0.5509392905   4621614  +0.5509393215  +3.098e-08
   980  +0.5509384323   4621607  +0.5509384871  +5.474e-08
   981  +0.5509375722   4621599  +0.5509375334  -3.882e-08
   982  +0.5509367102   4621592  +0.5509366989  -1.127e-08
   983  +0.5509358463   4621585  +0.5509358644  +1.818e-08
   984  +0.5509349805   4621578  +0.5509350300  +4.953e-08
   985  +0.5509341127   4621570  +0.5509340763  -3.643e-08
   986  +0.5509332431   4621563  +0.5509332418  -1.257e-09
   987  +0.5509323716   4621556  +0.5509324074  +3.583e-08
   988  +0.5509314981   4621548  +0.5509314537  -4.438e-08
   989  +0.5509306227   4621541  +0.5509306192  -3.451e-09
   990  +0.5509297454   4621534  +0.5509297848  +3.941e-08
   991  +0.5509288661   4621526  +0.5509288311  -3.502e-08
   992  +0.5509279849   4621519  +0.5509279966  +1.171e-08
   993  +0.5509271018   4621511  +0.5509270430  -5.883e-08
   994  +0.5509262167   4621504  +0.5509262085  -8.221e-09
   995  +0.5509253297   4621497  +0.5509253740  +4.434e-08
   996  +0.5509244407   4621489  +0.5509244204  -2.035e-08
   997  +0.5509235498   4621482  +0.5509235859  +3.612e-08
   998  +0.5509226569   4621474  +0.5509226322  -2.465e-08
   999  +0.5509217620   4621467  +0.5509217978  +3.575e-08
  1000  +0.5509208652   4621459  +0.5509208441  -2.109e-08
  1001  +0.5509199664   4621452  +0.5509200096  +4.326e-08
  1002  +0.5509190656   4621444  +0.5509190559  -9.618e-09
  1003  +0.5509181628   4621437  +0.5509182215  +5.870e-08
  1004  +0.5509172580   4621429  +0.5509172678  +9.788e-09
  1005  +0.5509163513   4621421  +0.5509163141  -3.713e-08
  1006  +0.5509154425   4621414  +0.5509154797  +3.717e-08
  1007  +0.5509145317   4621406  +0.5509145260  -5.749e-09
  1008  +0.5509136190   4621398  +0.5509135723  -4.666e-08
  1009  +0.5509127042   4621391  +0.5509127378  +3.365e-08
  1010  +0.5509117874   4621383  +0.5509117842  -3.231e-09
  1011  +0.5509108686   4621375  +0.5509108305  -3.810e-08
  1012  +0.5509099478   4621368  +0.5509099960  +4.827e-08
  1013  +0.5509090249   4621360  +0.5509090424  +1.746e-08
  1014  +0.5509081000   4621352  +0.5509080887  -1.132e-08
  1015  +0.5509071731   4621344  +0.5509071350  -3.806e-08
  1016  +0.5509062441   4621337  +0.5509063005  +5.645e-08
  1017  +0.5509053131   4621329  +0.5509053469  +3.380e-08
  1018  +0.5509043800   4621321  +0.5509043932  +1.319e-08
  1019  +0.5509034449   4621313  +0.5509034395  -5.354e-09
  1020  +0.5509025077   4621305  +0.5509024858  -2.184e-08
  1021  +0.5509015684   4621297  +0.5509015322  -3.626e-08
  1022  +0.5509006271   4621289  +0.5509005785  -4.862e-08
  1023  +0.5508996837   4621281  +0.5508996248  -5.890e-08
  1024  +0.5508987383   4621274  +0.5508987904  +5.211e-08
  1025  +0.5508977907   4621266  +0.5508978367  +4.599e-08
  1026  +0.5508968411   4621258  +0.5508968830  +4.195e-08
  1027  +0.5508958893   4621250  +0.5508959293  +4.001e-08
  1028  +0.5508949355   4621242  +0.5508949757  +4.017e-08
  1029  +0.5508939796   4621234  +0.5508940220  +4.242e-08
  1030  +0.5508930215   4621226  +0.5508930683  +4.678e-08
  1031  +0.5508920614   4621218  +0.5508921146  +5.326e-08
  1032  +0.5508910991   4621209  +0.5508910418  -5.737e-08
  1033  +0.5508901347   4621201  +0.5508900881  -4.666e-08
  1034  +0.5508891682   4621193  +0.5508891344  -3.383e-08
  1035  +0.5508881996   4621185  +0.5508881807  -1.887e-08
  1036  +0.5508872288   4621177  +0.5508872271  -1.775e-09
  1037  +0.5508862559   4621169  +0.5508862734  +1.746e-08
  1038  +0.5508852809   4621161  +0.5508853197  +3.883e-08
  1039  +0.5508843037   4621152  +0.5508842468  -5.685e-08
  1040  +0.5508833243   4621144  +0.5508832932  -3.118e-08
  1041  +0.5508823428   4621136  +0.5508823395  -3.347e-09
  1042  +0.5508813592   4621128  +0.5508813858  +2.665e-08
  1043  +0.5508803733   4621120  +0.5508804321  +5.881e-08
  1044  +0.5508793853   4621111  +0.5508793592  -2.607e-08
  1045  +0.5508783951   4621103  +0.5508784056  +1.044e-08
  1046  +0.5508774028   4621095  +0.5508774519  +4.913e-08
  1047  +0.5508764082   4621086  +0.5508763790  -2.920e-08
  1048  +0.5508754115   4621078  +0.5508754253  +1.386e-08
  1049  +0.5508744125   4621070  +0.5508744717  +5.913e-08
  1050  +0.5508734114   4621061  +0.5508733988  -1.262e-08
  1051  +0.5508724081   4621053  +0.5508724451  +3.705e-08
  1052  +0.5508714025   4621044  +0.5508713722  -3.028e-08
  1053  +0.5508703947   4621036  +0.5508704185  +2.381e-08
  1054  +0.5508693848   4621027  +0.5508693457  -3.909e-08
  1055  +0.5508683725   4621019  +0.5508683920  +1.945e-08
  1056  +0.5508673581   4621010  +0.5508673191  -3.899e-08
  1057  +0.5508663414   4621002  +0.5508663654  +2.401e-08
  1058  +0.5508653225   4620993  +0.5508652925  -2.996e-08
  1059  +0.5508643014   4620985  +0.5508643389  +3.752e-08
  1060  +0.5508632779   4620976  +0.5508632660  -1.195e-08
  1061  +0.5508622523   4620967  +0.5508621931  -5.917e-08
  1062  +0.5508612244   4620959  +0.5508612394  +1.508e-08
  1063  +0.5508601942   4620950  +0.5508601665  -2.762e-08
  1064  +0.5508591617   4620942  +0.5508592129  +5.116e-08
  1065  +0.5508581270   4620933  +0.5508581400  +1.301e-08
  1066  +0.5508570900   4620924  +0.5508570671  -2.287e-08
  1067  +0.5508560507   4620915  +0.5508559942  -5.646e-08
  1068  +0.5508550091   4620907  +0.5508550406  +3.145e-08
  1069  +0.5508539652   4620898  +0.5508539677  +2.447e-09
  1070  +0.5508529190   4620889  +0.5508528948  -2.426e-08
  1071  +0.5508518706   4620880  +0.5508518219  -4.866e-08
  1072  +0.5508508198   4620872  +0.5508508682  +4.845e-08
  1073  +0.5508497667   4620863  +0.5508497953  +2.867e-08
  1074  +0.5508487112   4620854  +0.5508487225  +1.122e-08
  1075  +0.5508476535   4620845  +0.5508476496  -3.919e-09
  1076  +0.5508465934   4620836  +0.5508465767  -1.672e-08
  1077  +0.5508455310   4620827  +0.5508455038  -2.719e-08
  1078  +0.5508444662   4620818  +0.5508444309  -3.532e-08
  1079  +0.5508433991   4620809  +0.5508433580  -4.110e-08
  1080  +0.5508423297   4620800  +0.5508422852  -4.454e-08
  1081  +0.5508412579   4620791  +0.5508412123  -4.562e-08
  1082  +0.5508401837   4620782  +0.5508401394  -4.433e-08
  1083  +0.5508391072   4620773  +0.5508390665  -4.068e-08
  1084  +0.5508380283   4620764  +0.5508379936  -3.466e-08
  1085  +0.5508369470   4620755  +0.5508369207  -2.626e-08
  1086  +0.5508358633   4620746  +0.5508358479  -1.548e-08
  1087  +0.5508347773   4620737  +0.5508347750  -2.319e-09
  1088  +0.5508336888   4620728  +0.5508337021  +1.324e-08
  1089  +0.5508325980   4620719  +0.5508326292  +3.120e-08
  1090  +0.5508315048   4620710  +0.5508315563  +5.155e-08
  1091  +0.5508304091   4620700  +0.5508303642  -4.489e-08
  1092  +0.5508293111   4620691  +0.5508292913  -1.971e-08
  1093  +0.5508282106   4620682  +0.5508282185  +7.890e-09
  1094  +0.5508271077   4620673  +0.5508271456  +3.791e-08
  1095  +0.5508260023   4620663  +0.5508259535  -4.884e-08
  1096  +0.5508248946   4620654  +0.5508248806  -1.396e-08
  1097  +0.5508237843   4620645  +0.5508238077  +2.337e-08
  1098  +0.5508226717   4620635  +0.5508226156  -5.607e-08
  1099  +0.5508215566   4620626  +0.5508215427  -1.384e-08
  1100  +0.5508204390   4620617  +0.5508204699  +3.084e-08
  1101  +0.5508193190   4620607  +0.5508192778  -4.123e-08
  1102  +0.5508181965   4620598  +0.5508182049  +8.376e-09
  1103  +0.5508170715   4620588  +0.5508170128  -5.875e-08
  1104  +0.5508159441   4620579  +0.5508159399  -4.193e-09
  1105  +0.5508148142   4620570  +0.5508148670  +5.285e-08
  1106  +0.5508136818   4620560  +0.5508136749  -6.829e-09
  1107  +0.5508125468   4620551  +0.5508126020  +5.520e-08
  1108  +0.5508114094   4620541  +0.5508114100  +5.123e-10
  1109  +0.5508102695   4620531  +0.5508102179  -5.167e-08
  1110  +0.5508091271   4620522  +0.5508091450  +1.788e-08
  1111  +0.5508079822   4620512  +0.5508079529  -2.928e-08
  1112  +0.5508068347   4620503  +0.5508068800  +4.530e-08
  1113  +0.5508056847   4620493  +0.5508056879  +3.202e-09
  1114  +0.5508045322   4620483  +0.5508044958  -3.637e-08
  1115  +0.5508033771   4620474  +0.5508034229  +4.581e-08
  1116  +0.5508022195   4620464  +0.5508022308  +1.133e-08
  1117  +0.5508010594   4620454  +0.5508010387  -2.061e-08
  1118  +0.5507998966   4620444  +0.5507998466  -4.999e-08
  1119  +0.5507987314   4620435  +0.5507987738  +4.240e-08
  1120  +0.5507975635   4620425  +0.5507975817  +1.815e-08
  1121  +0.5507963931   4620415  +0.5507963896  -3.533e-09
  1122  +0.5507952201   4620405  +0.5507951975  -2.264e-08
  1123  +0.5507940445   4620395  +0.5507940054  -3.915e-08
  1124  +0.5507928664   4620385  +0.5507928133  -5.308e-08
  1125  +0.5507916856   4620376  +0.5507917404  +5.479e-08
  1126  +0.5507905023   4620366  +0.5507905483  +4.606e-08
  1127  +0.5507893163   4620356  +0.5507893562  +3.993e-08
  1128  +0.5507881277   4620346  +0.5507881641  +3.642e-08
  1129  +0.5507869365   4620336  +0.5507869720  +3.552e-08
  1130  +0.5507857427   4620326  +0.5507857800  +3.725e-08
  1131  +0.5507845463   4620316  +0.5507845879  +4.161e-08
  1132  +0.5507833472   4620306  +0.5507833958  +4.860e-08
  1133  +0.5507821454   4620296  +0.5507822037  +5.823e-08
  1134  +0.5507809411   4620285  +0.5507808924  -4.869e-08
  1135  +0.5507797340   4620275  +0.5507797003  -3.376e-08
  1136  +0.5507785244   4620265  +0.5507785082  -1.617e-08
  1137  +0.5507773120   4620255  +0.5507773161  +4.090e-09
  1138  +0.5507760970   4620245  +0.5507761240  +2.702e-08
  1139  +0.5507748793   4620235  +0.5507749319  +5.262e-08
  1140  +0.5507736589   4620224  +0.5507736206  -3.830e-08
  1141  +0.5507724358   4620214  +0.5507724285  -7.328e-09
  1142  +0.5507712101   4620204  +0.5507712364  +2.634e-08
  1143  +0.5507699816   4620193  +0.5507699251  -5.650e-08
  1144  +0.5507687505   4620183  +0.5507687330  -1.743e-08
  1145  +0.5507675166   4620173  +0.5507675409  +2.436e-08
  1146  +0.5507662800   4620162  +0.5507662296  -5.035e-08
  1147  +0.5507650407   4620152  +0.5507650375  -3.119e-09
  1148  +0.5507637986   4620142  +0.5507638454  +4.684e-08
  1149  +0.5507625538   4620131  +0.5507625341  -1.968e-08
  1150  +0.5507613063   4620121  +0.5507613420  +3.576e-08
  1151  +0.5507600560   4620110  +0.5507600307  -2.527e-08
  1152  +0.5507588030   4620100  +0.5507588387  +3.567e-08
  1153  +0.5507575472   4620089  +0.5507575274  -1.984e-08
  1154  +0.5507562886   4620079  +0.5507563353  +4.662e-08
  1155  +0.5507550273   4620068  +0.5507550240  -3.356e-09
  1156  +0.5507537632   4620057  +0.5507537127  -5.055e-08
  1157  +0.5507524963   4620047  +0.5507525206  +2.425e-08
  1158  +0.5507512266   4620036  +0.5507512093  -1.737e-08
  1159  +0.5507499542   4620025  +0.5507498980  -5.620e-08
  1160  +0.5507486789   4620015  +0.5507487059  +2.699e-08
  1161  +0.5507474008   4620004  +0.5507473946  -6.222e-09
  1162  +0.5507461199   4619993  +0.5507460833  -3.662e-08
  1163  +0.5507448362   4619983  +0.5507448912  +5.501e-08
  1164  +0.5507435496   4619972  +0.5507435799  +3.027e-08
  1165  +0.5507422602   4619961  +0.5507422686  +8.352e-09
  1166  +0.5507409680   4619950  +0.5507409573  -1.072e-08
  1167  +0.5507396729   4619939  +0.5507396460  -2.695e-08
  1168  +0.5507383750   4619928  +0.5507383347  -4.032e-08
  1169  +0.5507370742   4619917  +0.5507370234  -5.084e-08
  1170  +0.5507357705   4619906  +0.5507357121  -5.849e-08
  1171  +0.5507344640   4619896  +0.5507345200  +5.594e-08
  1172  +0.5507331546   4619885  +0.5507332087  +5.404e-08
  1173  +0.5507318423   4619874  +0.5507318974  +5.502e-08
  1174  +0.5507305272   4619863  +0.5507305861  +5.889e-08
  1175  +0.5507292091   4619851  +0.5507291555  -5.355e-08
  1176  +0.5507278881   4619840  +0.5507278442  -4.387e-08
  1177  +0.5507265642   4619829  +0.5507265329  -3.129e-08
  1178  +0.5507252374   4619818  +0.5507252216  -1.579e-08
  1179  +0.5507239077   4619807  +0.5507239103  +2.631e-09
  1180  +0.5507225750   4619796  +0.5507225990  +2.398e-08
  1181  +0.5507212395   4619785  +0.5507212877  +4.827e-08
  1182  +0.5507199009   4619773  +0.5507198572  -4.371e-08
  1183  +0.5507185595   4619762  +0.5507185459  -1.354e-08
  1184  +0.5507172150   4619751  +0.5507172346  +1.959e-08
  1185  +0.5507158676   4619740  +0.5507159233  +5.568e-08
  1186  +0.5507145173   4619728  +0.5507144928  -2.446e-08
  1187  +0.5507131639   4619717  +0.5507131815  +1.757e-08
  1188  +0.5507118076   4619705  +0.5507117510  -5.662e-08
  1189  +0.5507104483   4619694  +0.5507104397  -8.621e-09
  1190  +0.5507090860   4619683  +0.5507091284  +4.238e-08
  1191  +0.5507077207   4619671  +0.5507076979  -2.284e-08
  1192  +0.5507063524   4619660  +0.5507063866  +3.417e-08
  1193  +0.5507049811   4619648  +0.5507049561  -2.502e-08
  1194  +0.5507036067   4619637  +0.5507036448  +3.802e-08
  1195  +0.5507022294   4619625  +0.5507022142  -1.512e-08
  1196  +0.5507008490   4619614  +0.5507009029  +5.398e-08
  1197  +0.5506994655   4619602  +0.5506994724  +6.908e-09
  1198  +0.5506980790   4619590  +0.5506980419  -3.711e-08
  1199  +0.5506966895   4619579  +0.5506967306  +4.113e-08
  1200  +0.5506952969   4619567  +0.5506953001  +3.224e-09
  1201  +0.5506939012   4619555  +0.5506938696  -3.162e-08
  1202  +0.5506925025   4619544  +0.5506925583  +5.583e-08
  1203  +0.5506911006   4619532  +0.5506911278  +2.715e-08
  1204  +0.5506896957   4619520  +0.5506896973  +1.550e-09
  1205  +0.5506882877   4619508  +0.5506882668  -2.095e-08
  1206  +0.5506868766   4619496  +0.5506868362  -4.035e-08
  1207  +0.5506854624   4619484  +0.5506854057  -5.664e-08
  1208  +0.5506840450   4619473  +0.5506840944  +4.939e-08
  1209  +0.5506826246   4619461  +0.5506826639  +3.933e-08
  1210  +0.5506812010   4619449  +0.5506812334  +3.241e-08
  1211  +0.5506797743   4619437  +0.5506798029  +2.862e-08
  1212  +0.5506783444   4619425  +0.5506783724  +2.797e-08
  1213  +0.5506769114   4619413  +0.5506769419  +3.047e-08
  1214  +0.5506754752   4619401  +0.5506755114  +3.613e-08
  1215  +0.5506740359   4619389  +0.5506740808  +4.495e-08
  1216  +0.5506725934   4619377  +0.5506726503  +5.694e-08
  1217  +0.5506711477   4619364  +0.5506711006  -4.710e-08
  1218  +0.5506696989   4619352  +0.5506696701  -2.875e-08
  1219  +0.5506682468   4619340  +0.5506682396  -7.201e-09
  1220  +0.5506667915   4619328  +0.5506668091  +1.754e-08
  1221  +0.5506653331   4619316  +0.5506653786  +4.549e-08
  1222  +0.5506638714   4619303  +0.5506638288  -4.256e-08
  1223  +0.5506624065   4619291  +0.5506623983  -8.178e-09
  1224  +0.5506609384   4619279  +0.5506609678  +2.943e-08
  1225  +0.5506594670   4619266  +0.5506594181  -4.894e-08
  1226  +0.5506579925   4619254  +0.5506579876  -4.858e-09
  1227  +0.5506565146   4619242  +0.5506565571  +4.247e-08
  1228  +0.5506550335   4619229  +0.5506550074  -2.615e-08
  1229  +0.5506535492   4619217  +0.5506535769  +2.769e-08
  1230  +0.5506520615   4619204  +0.5506520271  -3.440e-08
  1231  +0.5506505706   4619192  +0.5506505966  +2.600e-08
  1232  +0.5506490764   4619179  +0.5506490469  -2.954e-08
  1233  +0.5506475790   4619167  +0.5506476164  +3.743e-08
  1234  +0.5506460782   4619154  +0.5506460667  -1.151e-08
  1235  +0.5506445741   4619141  +0.5506445169  -5.715e-08
  1236  +0.5506430667   4619129  +0.5506430864  +1.974e-08
  1237  +0.5506415560   4619116  +0.5506415367  -1.927e-08
  1238  +0.5506400419   4619103  +0.5506399870  -5.494e-08
  1239  +0.5506385246   4619091  +0.5506385565  +3.193e-08
  1240  +0.5506370038   4619078  +0.5506370068  +2.928e-09
  1241  +0.5506354798   4619065  +0.5506354570  -2.272e-08
  1242  +0.5506339523   4619052  +0.5506339073  -4.501e-08
  1243  +0.5506324215   4619040  +0.5506324768  +5.527e-08
  1244  +0.5506308874   4619027  +0.5506309271  +3.971e-08
  1245  +0.5506293498   4619014  +0.5506293774  +2.753e-08
  1246  +0.5506278089   4619001  +0.5506278276  +1.874e-08
  1247  +0.5506262646   4618988  +0.5506262779  +1.335e-08
  1248  +0.5506247169   4618975  +0.5506247282  +1.135e-08
  1249  +0.5506231657   4618962  +0.5506231785  +1.277e-08
  1250  +0.5506216112   4618949  +0.5506216288  +1.760e-08
  1251  +0.5506200532   4618936  +0.5506200790  +2.585e-08
  1252  +0.5506184918   4618923  +0.5506185293  +3.754e-08
  1253  +0.5506169269   4618910  +0.5506169796  +5.267e-08
  1254  +0.5506153586   4618896  +0.5506153107  -4.797e-08
  1255  +0.5506137869   4618883  +0.5506137609  -2.594e-08
  1256  +0.5506122117   4618870  +0.5506122112  -4.550e-10
  1257  +0.5506106330   4618857  +0.5506106615  +2.850e-08
  1258  +0.5506090508   4618843  +0.5506089926  -5.827e-08
  1259  +0.5506074652   4618830  +0.5506074429  -2.235e-08
  1260  +0.5506058761   4618817  +0.5506058931  +1.706e-08
  1261  +0.5506042834   4618803  +0.5506042242  -5.923e-08
  1262  +0.5506026873   4618790  +0.5506026745  -1.281e-08
  1263  +0.5506010876   4618777  +0.5506011248  +3.713e-08
  1264  +0.5505994845   4618763  +0.5505994558  -2.862e-08
  1265  +0.5505978777   4618750  +0.5505979061  +2.837e-08
  1266  +0.5505962675   4618736  +0.5505962372  -3.031e-08
  1267  +0.5505946537   4618723  +0.5505946875  +3.377e-08
  1268  +0.5505930363   4618709  +0.5505930185  -1.781e-08
  1269  +0.5505914154   4618696  +0.5505914688  +5.339e-08
  1270  +0.5505897909   4618682  +0.5505897999  +8.943e-09
  1271  +0.5505881629   4618668  +0.5505881310  -3.192e-08
  1272  +0.5505865312   4618655  +0.5505865812  +5.001e-08
  1273  +0.5505848960   4618641  +0.5505849123  +1.632e-08
  1274  +0.5505832571   4618627  +0.5505832434  -1.377e-08
  1275  +0.5505816147   4618613  +0.5505815744  -4.024e-08
  1276  +0.5505799686   4618600  +0.5505800247  +5.611e-08
  1277  +0.5505783189   4618586  +0.5505783558  +3.688e-08
  1278  +0.5505766656   4618572  +0.5505766869  +2.128e-08
  1279  +0.5505750086   4618558  +0.5505750179  +9.326e-09
  1280  +0.5505733480   4618544  +0.5505733490  +1.020e-09
  1281  +0.5505716837   4618530  +0.5505716801  -3.629e-09
  1282  +0.5505700158   4618516  +0.5505700111  -4.612e-09
  1283  +0.5505683441   4618502  +0.5505683422  -1.921e-09
  1284  +0.5505666688   4618488  +0.5505666733  +4.451e-09
  1285  +0.5505649898   4618474  +0.5505650043  +1.451e-08
  1286  +0.5505633071   4618460  +0.5505633354  +2.828e-08
  1287  +0.5505616207   4618446  +0.5505616665  +4.574e-08
  1288  +0.5505599306   4618431  +0.5505598783  -5.229e-08
  1289  +0.5505582368   4618417  +0.5505582094  -2.738e-08
  1290  +0.5505565392   4618403  +0.5505565405  +1.254e-09
  1291  +0.5505548379   4618389  +0.5505548716  +3.363e-08
  1292  +0.5505531329   4618374  +0.5505530834  -4.946e-08
  1293  +0.5505514241   4618360  +0.5505514145  -9.582e-09
  1294  +0.5505497115   4618346  +0.5505497456  +3.406e-08
  1295  +0.5505479952   4618331  +0.5505479574  -3.774e-08
  1296  +0.5505462750   4618317  +0.5505462885  +1.346e-08
  1297  +0.5505445511   4618302  +0.5505445004  -5.077e-08
  1298  +0.5505428234   4618288  +0.5505428314  +8.008e-09
  1299  +0.5505410919   4618273  +0.5505410433  -4.862e-08
  1300  +0.5505393566   4618259  +0.5505393744  +1.778e-08
  1301  +0.5505376174   4618244  +0.5505375862  -3.121e-08
  1302  +0.5505358744   4618230  +0.5505359173  +4.285e-08
  1303  +0.5505341276   4618215  +0.5505341291  +1.527e-09
  1304  +0.5505323769   4618200  +0.5505323410  -3.594e-08
  1305  +0.5505306224   4618186  +0.5505306721  +4.965e-08
  1306  +0.5505288640   4618171  +0.5505288839  +1.990e-08
  1307  +0.5505271018   4618156  +0.5505270958  -5.979e-09
  1308  +0.5505253356   4618141  +0.5505253077  -2.797e-08
  1309  +0.5505235656   4618126  +0.5505235195  -4.608e-08
  1310  +0.5505217917   4618112  +0.5505218506  +5.892e-08
  1311  +0.5505200138   4618097  +0.5505200624  +4.862e-08
  1312  +0.5505182321   4618082  +0.5505182743  +4.224e-08
  1313  +0.5505164464   4618067  +0.5505164862  +3.978e-08
  1314  +0.5505146568   4618052  +0.5505146980  +4.125e-08
  1315  +0.5505128632   4618037  +0.5505129099  +4.667e-08
  1316  +0.5505110657   4618022  +0.5505111217  +5.603e-08
  1317  +0.5505092643   4618006  +0.5505092144  -4.985e-08
  1318  +0.5505074588   4617991  +0.5505074263  -3.256e-08
  1319  +0.5505056494   4617976  +0.5505056381  -1.129e-08
  1320  +0.5505038360   4617961  +0.5505038500  +1.396e-08
  1321  +0.5505020186   4617946  +0.5505020618  +4.321e-08
  1322  +0.5505001972   4617930  +0.5505001545  -4.275e-08
  1323  +0.5504983718   4617915  +0.5504983664  -5.481e-09
  1324  +0.5504965424   4617900  +0.5504965782  +3.580e-08
  1325  +0.5504947090   4617884  +0.5504946709  -3.809e-08
  1326  +0.5504928715   4617869  +0.5504928827  +1.126e-08
  1327  +0.5504910299   4617853  +0.5504909754  -5.455e-08
  1328  +0.5504891843   4617838  +0.5504891872  +2.904e-09
  1329  +0.5504873347   4617822  +0.5504872799  -5.478e-08
  1330  +0.5504854809   4617807  +0.5504854918  +1.081e-08
  1331  +0.5504836231   4617791  +0.5504835844  -3.872e-08
  1332  +0.5504817612   4617776  +0.5504817963  +3.505e-08
  1333  +0.5504798952   4617760  +0.5504798889  -6.292e-09
  1334  +0.5504780251   4617744  +0.5504779816  -4.352e-08
  1335  +0.5504761508   4617729  +0.5504761934  +4.258e-08
  1336  +0.5504742725   4617713  +0.5504742861  +1.360e-08
  1337  +0.5504723900   4617697  +0.5504723787  -1.125e-08
  1338  +0.5504705033   4617681  +0.5504704714  -3.194e-08
  1339  +0.5504686125   4617665  +0.5504685640  -4.849e-08
  1340  +0.5504667176   4617650  +0.5504667759  +5.834e-08
  1341  +0.5504648184   4617634  +0.5504648685  +5.014e-08
  1342  +0.5504629151   4617618  +0.5504629612  +4.612e-08
  1343  +0.5504610076   4617602  +0.5504610538  +4.629e-08
  1344  +0.5504590958   4617586  +0.5504591465  +5.066e-08
  1345  +0.5504571799   4617570  +0.5504572392  +5.925e-08
  1346  +0.5504552598   4617553  +0.5504552126  -4.716e-08
  1347  +0.5504533354   4617537  +0.5504533052  -3.013e-08
  1348  +0.5504514068   4617521  +0.5504513979  -8.856e-09
  1349  +0.5504494739   4617505  +0.5504494905  +1.666e-08
  1350  +0.5504475368   4617489  +0.5504475832  +4.644e-08
  1351  +0.5504455954   4617472  +0.5504455566  -3.873e-08
  1352  +0.5504436497   4617456  +0.5504436493  -4.082e-10
  1353  +0.5504416997   4617440  +0.5504417419  +4.220e-08
  1354  +0.5504397455   4617423  +0.5504397154  -3.011e-08
  1355  +0.5504377869   4617407  +0.5504378080  +2.109e-08
  1356  +0.5504358241   4617390  +0.5504357815  -4.260e-08
  1357  +0.5504338569   4617374  +0.5504338741  +1.724e-08
  1358  +0.5504318854   4617357  +0.5504318476  -3.780e-08
  1359  +0.5504299095   4617341  +0.5504299402  +3.072e-08
  1360  +0.5504279293   4617324  +0.5504279137  -1.562e-08
  1361  +0.5504259447   4617307  +0.5504258871  -5.760e-08
  1362  +0.5504239558   4617291  +0.5504239798  +2.400e-08
  1363  +0.5504219624   4617274  +0.5504219532  -9.228e-09
  1364  +0.5504199647   4617257  +0.5504199266  -3.807e-08
  1365  +0.5504179626   4617241  +0.5504180193  +5.671e-08
  1366  +0.5504159561   4617224  +0.5504159927  +3.668e-08
  1367  +0.5504139451   4617207  +0.5504139662  +2.107e-08
  1368  +0.5504119297   4617190  +0.5504119396  +9.893e-09
  1369  +0.5504099099   4617173  +0.5504099131  +3.153e-09
  1370  +0.5504078856   4617156  +0.5504078865  +8.625e-10
  1371  +0.5504058569   4617139  +0.5504058599  +3.030e-09
  1372  +0.5504038237   4617122  +0.5504038334  +9.666e-09
  1373  +0.5504017861   4617105  +0.5504018068  +2.078e-08
  1374  +0.5503997439   4617088  +0.5503997803  +3.638e-08
  1375  +0.5503976972   4617071  +0.5503977537  +5.648e-08
  1376  +0.5503956461   4617053  +0.5503956079  -3.812e-08
  1377  +0.5503935904   4617036  +0.5503935814  -8.992e-09
  1378  +0.5503915302   4617019  +0.5503915548  +2.466e-08
  1379  +0.5503894654   4617001  +0.5503894091  -5.636e-08
  1380  +0.5503873961   4616984  +0.5503873825  -1.362e-08
  1381  +0.5503853223   4616967  +0.5503853559  +3.368e-08
  1382  +0.5503832438   4616949  +0.5503832102  -3.367e-08
  1383  +0.5503811608   4616932  +0.5503811836  +2.278e-08
  1384  +0.5503790733   4616914  +0.5503790379  -3.540e-08
  1385  +0.5503769811   4616897  +0.5503770113  +3.023e-08
  1386  +0.5503748843   4616879  +0.5503748655  -1.875e-08
  1387  +0.5503727829   4616862  +0.5503728390  +5.611e-08
  1388  +0.5503706768   4616844  +0.5503706932  +1.638e-08
  1389  +0.5503685661   4616826  +0.5503685474  -1.871e-08
  1390  +0.5503664508   4616808  +0.5503664017  -4.914e-08
  1391  +0.5503643308   4616791  +0.5503643751  +4.429e-08
  1392  +0.5503622062   4616773  +0.5503622293  +2.317e-08
  1393  +0.5503600768   4616755  +0.5503600836  +6.744e-09
  1394  +0.5503579428   4616737  +0.5503579378  -4.997e-09
  1395  +0.5503558041   4616719  +0.5503557920  -1.204e-08
  1396  +0.5503536606   4616701  +0.5503536463  -1.437e-08
  1397  +0.5503515125   4616683  +0.5503515005  -1.198e-08
  1398  +0.5503493596   4616665  +0.5503493547  -4.853e-09
  1399  +0.5503472020   4616647  +0.5503472090  +7.012e-09
  1400  +0.5503450396   4616629  +0.5503450632  +2.363e-08
  1401  +0.5503428724   4616611  +0.5503429174  +4.501e-08
  1402  +0.5503407005   4616592  +0.5503406525  -4.805e-08
  1403  +0.5503385238   4616574  +0.5503385067  -1.711e-08
  1404  +0.5503363423   4616556  +0.5503363609  +1.862e-08
  1405  +0.5503341560   4616538  +0.5503342152  +5.915e-08
  1406  +0.5503319649   4616519  +0.5503319502  -1.471e-08
  1407  +0.5503297689   4616501  +0.5503298044  +3.547e-08
  1408  +0.5503275682   4616482  +0.5503275394  -2.872e-08
  1409  +0.5503253625   4616464  +0.5503253937  +3.114e-08
  1410  +0.5503231521   4616445  +0.5503231287  -2.335e-08
  1411  +0.5503209367   4616427  +0.5503209829  +4.623e-08
  1412  +0.5503187165   4616408  +0.5503187180  +1.490e-09
  1413  +0.5503164913   4616389  +0.5503164530  -3.836e-08
  1414  +0.5503142613   4616371  +0.5503143072  +4.590e-08
  1415  +0.5503120264   4616352  +0.5503120422  +1.586e-08
  1416  +0.5503097865   4616333  +0.5503097773  -9.262e-09
  1417  +0.5503075417   4616314  +0.5503075123  -2.945e-08
  1418  +0.5503052920   4616295  +0.5503052473  -4.469e-08
  1419  +0.5503030373   4616276  +0.5503029823  -5.497e-08
  1420  +0.5503007776   4616258  +0.5503008366  +5.892e-08
  1421  +0.5502985130   4616239  +0.5502985716  +5.858e-08
  1422  +0.5502962434   4616219  +0.5502961874  -5.599e-08
  1423  +0.5502939688   4616200  +0.5502939224  -4.634e-08
  1424  +0.5502916891   4616181  +0.5502916574  -3.169e-08
  1425  +0.5502894045   4616162  +0.5502893925  -1.201e-08
  1426  +0.5502871148   4616143  +0.5502871275  +1.270e-08
  1427  +0.5502848201   4616124  +0.5502848625  +4.245e-08
  1428  +0.5502825203   4616104  +0.5502824783  -4.196e-08
  1429  +0.5502802154   4616085  +0.5502802134  -2.088e-09
  1430  +0.5502779055   4616066  +0.5502779484  +4.286e-08
  1431  +0.5502755905   4616046  +0.5502755642  -2.632e-08
  1432  +0.5502732704   4616027  +0.5502732992  +2.882e-08
  1433  +0.5502709452   4616007  +0.5502709150  -3.015e-08
  1434  +0.5502686148   4615988  +0.5502686501  +3.521e-08
  1435  +0.5502662794   4615968  +0.5502662659  -1.350e-08
  1436  +0.5502639387   4615948  +0.5502638817  -5.707e-08
  1437  +0.5502615930   4615929  +0.5502616167  +2.373e-08
  1438  +0.5502592420   4615909  +0.5502592325  -9.517e-09
  1439  +0.5502568859   4615889  +0.5502568483  -3.759e-08
  1440  +0.5502545246   4615870  +0.5502545834  +5.874e-08
  1441  +0.5502521581   4615850  +0.5502521992  +4.107e-08
  1442  +0.5502497864   4615830  +0.5502498150  +2.860e-08
  1443  +0.5502474094   4615810  +0.5502474308  +2.136e-08
  1444  +0.5502450273   4615790  +0.5502450466  +1.935e-08
  1445  +0.5502426398   4615770  +0.5502426624  +2.259e-08
  1446  +0.5502402472   4615750  +0.5502402782  +3.109e-08
  1447  +0.5502378492   4615730  +0.5502378941  +4.485e-08
  1448  +0.5502354460   4615709  +0.5502353907  -5.531e-08
  1449  +0.5502330374   4615689  +0.5502330065  -3.097e-08
  1450  +0.5502306236   4615669  +0.5502306223  -1.319e-09
  1451  +0.5502282045   4615649  +0.5502282381  +3.364e-08
  1452  +0.5502257800   4615628  +0.5502257347  -4.527e-08
  1453  +0.5502233502   4615608  +0.5502233505  +3.579e-10
  1454  +0.5502209150   4615588  +0.5502209663  +5.134e-08
  1455  +0.5502184745   4615567  +0.5502184629  -1.152e-08
  1456  +0.5502160286   4615547  +0.5502160788  +5.020e-08
  1457  +0.5502135773   4615526  +0.5502135754  -1.901e-09
  1458  +0.5502111206   4615505  +0.5502110720  -4.860e-08
  1459  +0.5502086585   4615485  +0.5502086878  +2.932e-08
  1460  +0.5502061909   4615464  +0.5502061844  -6.553e-09
  1461  +0.5502037180   4615443  +0.5502036810  -3.699e-08
  1462  +0.5502012396   4615423  +0.5502012968  +5.724e-08
  1463  +0.5501987557   4615402  +0.5501987934  +3.771e-08
  1464  +0.5501962664   4615381  +0.5501962900  +2.365e-08
  1465  +0.5501937715   4615360  +0.5501937866  +1.508e-08
  1466  +0.5501912712   4615339  +0.5501912832  +1.200e-08
  1467  +0.5501887654   4615318  +0.5501887798  +1.442e-08
  1468  +0.5501862541   4615297  +0.5501862764  +2.237e-08
  1469  +0.5501837372   4615276  +0.5501837730  +3.585e-08
  1470  +0.5501812148   4615255  +0.5501812696  +5.487e-08
  1471  +0.5501786868   4615233  +0.5501786470  -3.977e-08
  1472  +0.5501761533   4615212  +0.5501761436  -9.623e-09
  1473  +0.5501736142   4615191  +0.5501736403  +2.610e-08
  1474  +0.5501710694   4615169  +0.5501710176  -5.179e-08
  1475  +0.5501685191   4615148  +0.5501685143  -4.872e-09
  1476  +0.5501659632   4615127  +0.5501660109  +4.767e-08
  1477  +0.5501634016   4615105  +0.5501633883  -1.338e-08
  1478  +0.5501608344   4615084  +0.5501608849  +5.043e-08
  1479  +0.5501582616   4615062  +0.5501582623  +6.866e-10
  1480  +0.5501556830   4615040  +0.5501556396  -4.339e-08
  1481  +0.5501530988   4615019  +0.5501531363  +3.742e-08
  1482  +0.5501505089   4614997  +0.5501505136  +4.707e-09
  1483  +0.5501479133   4614975  +0.5501478910  -2.230e-08
  1484  +0.5501453120   4614953  +0.5501452684  -4.359e-08
  1485  +0.5501427050   4614931  +0.5501426458  -5.914e-08
  1486  +0.5501400922   4614910  +0.5501401424  +5.025e-08
  1487  +0.5501374737   4614888  +0.5501375198  +4.619e-08
  1488  +0.5501348493   4614866  +0.5501348972  +4.789e-08
  1489  +0.5501322193   4614844  +0.5501322746  +5.538e-08
  1490  +0.5501295834   4614821  +0.5501295328  -5.056e-08
  1491  +0.5501269417   4614799  +0.5501269102  -3.147e-08
  1492  +0.5501242942   4614777  +0.5501242876  -6.571e-09
  1493  +0.5501216408   4614755  +0.5501216650  +2.416e-08
  1494  +0.5501189817   4614732  +0.5501189232  -5.847e-08
  1495  +0.5501163166   4614710  +0.5501163006  -1.604e-08
  1496  +0.5501136457   4614688  +0.5501136780  +3.226e-08
  1497  +0.5501109689   4614665  +0.5501109362  -3.276e-08
  1498  +0.5501082862   4614643  +0.5501083136  +2.732e-08
  1499  +0.5501055976   4614620  +0.5501055717  -2.590e-08
  1500  +0.5501029031   4614598  +0.5501029491  +4.601e-08
  1501  +0.5501002027   4614575  +0.5501002073  +4.646e-09
  1502  +0.5500974963   4614552  +0.5500974655  -3.077e-08
  1503  +0.5500947839   4614530  +0.5500948429  +5.898e-08
  1504  +0.5500920656   4614507  +0.5500921011  +3.550e-08
  1505  +0.5500893413   4614484  +0.5500893593  +1.800e-08
  1506  +0.5500866110   4614461  +0.5500866175  +6.510e-09
  1507  +0.5500838746   4614438  +0.5500838757  +1.028e-09
  1508  +0.5500811323   4614415  +0.5500811338  +1.573e-09
  1509  +0.5500783839   4614392  +0.5500783920  +8.158e-09
  1510  +0.5500756294   4614369  +0.5500756502  +2.080e-08
  1511  +0.5500728689   4614346  +0.5500729084  +3.950e-08
  1512  +0.5500701023   4614322  +0.5500700474  -5.492e-08
  1513  +0.5500673296   4614299  +0.5500673056  -2.405e-08
  1514  +0.5500645508   4614276  +0.5500645638  +1.294e-08
  1515  +0.5500617659   4614253  +0.5500618219  +5.604e-08
  1516  +0.5500589748   4614229  +0.5500589609  -1.393e-08
  1517  +0.5500561776   4614206  +0.5500562191  +4.146e-08
  1518  +0.5500533743   4614182  +0.5500533581  -1.621e-08
  1519  +0.5500505648   4614159  +0.5500506163  +5.151e-08
  1520  +0.5500477490   4614135  +0.5500477552  +6.211e-09
  1521  +0.5500449271   4614111  +0.5500448942  -3.289e-08
  1522  +0.5500420990   4614088  +0.5500421524  +5.343e-08
  1523  +0.5500392646   4614064  +0.5500392914  +2.678e-08
  1524  +0.5500364240   4614040  +0.5500364304  +6.365e-09
  1525  +0.5500335771   4614016  +0.5500335693  -7.793e-09
  1526  +0.5500307240   4613992  +0.5500307083  -1.568e-08
  1527  +0.5500278646   4613968  +0.5500278473  -1.728e-08
  1528  +0.5500249989   4613944  +0.5500249863  -1.259e-08
  1529  +0.5500221268   4613920  +0.5500221252  -1.585e-09
  1530  +0.5500192485   4613896  +0.5500192642  +1.575e-08
  1531  +0.5500163638   4613872  +0.5500164032  +3.942e-08
  1532  +0.5500134727   4613847  +0.5500134230  -4.977e-08
  1533  +0.5500105753   4613823  +0.5500105619  -1.338e-08
  1534  +0.5500076715   4613799  +0.5500077009  +2.939e-08
  1535  +0.5500047613   4613774  +0.5500047207  -4.065e-08
  1536  +0.5500018447   4613750  +0.5500018597  +1.493e-08
  1537  +0.5499989217   4613725  +0.5499988794  -4.228e-08
  1538  +0.5499959923   4613701  +0.5499960184  +2.616e-08
  1539  +0.5499930563   4613676  +0.5499930382  -1.816e-08
  1540  +0.5499901140   4613651  +0.5499900579  -5.601e-08
  1541  +0.5499871651   4613627  +0.5499871969  +3.182e-08
  1542  +0.5499842097   4613602  +0.5499842167  +6.944e-09
  1543  +0.5499812479   4613577  +0.5499812365  -1.143e-08
  1544  +0.5499782795   4613552  +0.5499782562  -2.327e-08
  1545  +0.5499753046   4613527  +0.5499752760  -2.858e-08
  1546  +0.5499723231   4613502  +0.5499722958  -2.734e-08
  1547  +0.5499693351   4613477  +0.5499693155  -1.953e-08
  1548  +0.5499663404   4613452  +0.5499663353  -5.136e-09
  1549  +0.5499633392   4613427  +0.5499633551  +1.585e-08
  1550  +0.5499603314   4613402  +0.5499603748  +4.345e-08
  1551  +0.5499573169   4613376  +0.5499572754  -4.154e-08
  1552  +0.5499542958   4613351  +0.5499542952  -6.832e-10
  1553  +0.5499512681   4613326  +0.5499513149  +4.683e-08
  1554  +0.5499482337   4613300  +0.5499482155  -1.820e-08
  1555  +0.5499451926   4613275  +0.5499452353  +4.267e-08
  1556  +0.5499421448   4613249  +0.5499421358  -8.981e-09
  1557  +0.5499390903   4613223  +0.5499390364  -5.392e-08
  1558  +0.5499360291   4613198  +0.5499360561  +2.709e-08
  1559  +0.5499329611   4613172  +0.5499329567  -4.379e-09
  1560  +0.5499298863   4613146  +0.5499298573  -2.909e-08
  1561  +0.5499268048   4613120  +0.5499267578  -4.702e-08
  1562  +0.5499237165   4613094  +0.5499236584  -5.818e-08
  1563  +0.5499206215   4613069  +0.5499206781  +5.669e-08
  1564  +0.5499175195   4613043  +0.5499175787  +5.915e-08
  1565  +0.5499144108   4613016  +0.5499143600  -5.076e-08
  1566  +0.5499112952   4612990  +0.5499112606  -3.461e-08
  1567  +0.5499081728   4612964  +0.5499081612  -1.160e-08
  1568  +0.5499050434   4612938  +0.5499050617  +1.828e-08
  1569  +0.5499019072   4612912  +0.5499019623  +5.506e-08
  1570  +0.5498987641   4612885  +0.5498987436  -2.047e-08
  1571  +0.5498956140   4612859  +0.5498956442  +3.014e-08
  1572  +0.5498924571   4612832  +0.5498924255  -3.152e-08
  1573  +0.5498892931   4612806  +0.5498893261  +3.297e-08
  1574  +0.5498861222   4612779  +0.5498861074  -1.477e-08
  1575  +0.5498829443   4612752  +0.5498828888  -5.553e-08
  1576  +0.5498797594   4612726  +0.5498797894  +2.991e-08
  1577  +0.5498765675   4612699  +0.5498765707  +3.166e-09
  1578  +0.5498733686   4612672  +0.5498733521  -1.655e-08
  1579  +0.5498701626   4612645  +0.5498701334  -2.922e-08
  1580  +0.5498669496   4612618  +0.5498669147  -3.484e-08
  1581  +0.5498637295   4612591  +0.5498636961  -3.337e-08
  1582  +0.5498605023   4612564  +0.5498604774  -2.482e-08
  1583  +0.5498572679   4612537  +0.5498572588  -9.152e-09
  1584  +0.5498540265   4612510  +0.5498540401  +1.364e-08
  1585  +0.5498507779   4612483  +0.5498508215  +4.356e-08
  1586  +0.5498475222   4612455  +0.5498474836  -3.857e-08
  1587  +0.5498442593   4612428  +0.5498442650  +5.683e-09
  1588  +0.5498409892   4612401  +0.5498410463  +5.712e-08
  1589  +0.5498377119   4612373  +0.5498377085  -3.452e-09
  1590  +0.5498344274   4612345  +0.5498343706  -5.680e-08
  1591  +0.5498311357   4612318  +0.5498311520  +1.629e-08
  1592  +0.5498278367   4612290  +0.5498278141  -2.258e-08
  1593  +0.5498245304   4612262  +0.5498244762  -5.419e-08
  1594  +0.5498212169   4612235  +0.5498212576  +4.070e-08
  1595  +0.5498178961   4612207  +0.5498179197  +2.367e-08
  1596  +0.5498145679   4612179  +0.5498145819  +1.396e-08
  1597  +0.5498112324   4612151  +0.5498112440  +1.158e-08
  1598  +0.5498078896   4612123  +0.5498079062  +1.654e-08
  1599  +0.5498045394   4612095  +0.5498045683  +2.887e-08
  1600  +0.5498011819   4612067  +0.5498012304  +4.858e-08
  1601  +0.5497978169   4612038  +0.5497977734  -4.353e-08
  1602  +0.5497944445   4612010  +0.5497944355  -9.025e-09
  1603  +0.5497910647   4611982  +0.5497910976  +3.291e-08
  1604  +0.5497876775   4611953  +0.5497876406  -3.692e-08
  1605  +0.5497842828   4611925  +0.5497843027  +1.992e-08
  1606  +0.5497808806   4611896  +0.5497808456  -3.497e-08
  1607  +0.5497774709   4611868  +0.5497775078  +3.684e-08
  1608  +0.5497740538   4611839  +0.5497740507  -3.050e-09
  1609  +0.5497706291   4611810  +0.5497705936  -3.541e-08
  1610  +0.5497671968   4611782  +0.5497672558  +5.897e-08
  1611  +0.5497637570   4611753  +0.5497637987  +4.171e-08
  1612  +0.5497603096   4611724  +0.5497603416  +3.202e-08
  1613  +0.5497568546   4611695  +0.5497568846  +2.992e-08
  1614  +0.5497533921   4611666  +0.5497534275  +3.544e-08
  1615  +0.5497499219   4611637  +0.5497499704  +4.858e-08
  1616  +0.5497464440   4611607  +0.5497463942  -4.985e-08
  1617  +0.5497429585   4611578  +0.5497429371  -2.141e-08
  1618  +0.5497394653   4611549  +0.5497394800  +1.471e-08
  1619  +0.5497359644   4611520  +0.5497360229  +5.852e-08
  1620  +0.5497324558   4611490  +0.5497324467  -9.170e-09
  1621  +0.5497289395   4611461  +0.5497289896  +5.008e-08
  1622  +0.5497254155   4611431  +0.5497254133  -2.140e-09
  1623  +0.5497218836   4611401  +0.5497218370  -4.660e-08
  1624  +0.5497183440   4611372  +0.5497183800  +3.593e-08
  1625  +0.5497147966   4611342  +0.5497148037  +7.051e-09
  1626  +0.5497112414   4611312  +0.5497112274  -1.402e-08
  1627  +0.5497076784   4611282  +0.5497076511  -2.726e-08
  1628  +0.5497041075   4611252  +0.5497040749  -3.265e-08
  1629  +0.5497005288   4611222  +0.5497004986  -3.018e-08
  1630  +0.5496969421   4611192  +0.5496969223  -1.983e-08
  1631  +0.5496933476   4611162  +0.5496933460  -1.582e-09
  1632  +0.5496897452   4611132  +0.5496897697  +2.459e-08
  1633  +0.5496861348   4611102  +0.5496861935  +5.869e-08
  1634  +0.5496825164   4611071  +0.5496824980  -1.847e-08
  1635  +0.5496788902   4611041  +0.5496789217  +3.155e-08
  1636  +0.5496752559   4611010  +0.5496752262  -2.965e-08
  1637  +0.5496716136   4610980  +0.5496716499  +3.636e-08
  1638  +0.5496679633   4610949  +0.5496679544  -8.820e-09
  1639  +0.5496643049   4610918  +0.5496642590  -4.596e-08
  1640  +0.5496606385   4610888  +0.5496606827  +4.417e-08
  1641  +0.5496569640   4610857  +0.5496569872  +2.316e-08
  1642  +0.5496532815   4610826  +0.5496532917  +1.025e-08
  1643  +0.5496495908   4610795  +0.5496495962  +5.444e-09
  1644  +0.5496458920   4610764  +0.5496459007  +8.767e-09
  1645  +0.5496421850   4610733  +0.5496422052  +2.024e-08
  1646  +0.5496384699   4610702  +0.5496385098  +3.987e-08
  1647  +0.5496347466   4610670  +0.5496346951  -5.152e-08
  1648  +0.5496310151   4610639  +0.5496309996  -1.551e-08
  1649  +0.5496272754   4610608  +0.5496273041  +2.872e-08
  1650  +0.5496235274   4610576  +0.5496234894  -3.802e-08
  1651  +0.5496197712   4610545  +0.5496197939  +2.271e-08
  1652  +0.5496160067   4610513  +0.5496159792  -2.751e-08
  1653  +0.5496122339   4610482  +0.5496122837  +4.978e-08
  1654  +0.5496084528   4610450  +0.5496084690  +1.616e-08
  1655  +0.5496046634   4610418  +0.5496046543  -9.127e-09
  1656  +0.5496008657   4610386  +0.5496008396  -2.607e-08
  1657  +0.5495970596   4610354  +0.5495970249  -3.465e-08
  1658  +0.5495932451   4610322  +0.5495932102  -3.485e-08
  1659  +0.5495894222   4610290  +0.5495893955  -2.664e-08
  1660  +0.5495855908   4610258  +0.5495855808  -1.002e-08
  1661  +0.5495817511   4610226  +0.5495817661  +1.504e-08
  1662  +0.5495779029   4610194  +0.5495779514  +4.856e-08
  1663  +0.5495740462   4610161  +0.5495740175  -2.866e-08
  1664  +0.5495701810   4610129  +0.5495702028  +2.182e-08
  1665  +0.5495663073   4610096  +0.5495662689  -3.839e-08
  1666  +0.5495624251   4610064  +0.5495624542  +2.914e-08
  1667  +0.5495585343   4610031  +0.5495585203  -1.399e-08
  1668  +0.5495546350   4609998  +0.5495545864  -4.855e-08
  1669  +0.5495507270   4609966  +0.5495507717  +4.468e-08
  1670  +0.5495468105   4609933  +0.5495468378  +2.731e-08
  1671  +0.5495428853   4609900  +0.5495429039  +1.857e-08
  1672  +0.5495389515   4609867  +0.5495389700  +1.847e-08
  1673  +0.5495350091   4609834  +0.5495350361  +2.703e-08
  1674  +0.5495310579   4609801  +0.5495311022  +4.428e-08
  1675  +0.5495270981   4609767  +0.5495270491  -4.899e-08
  1676  +0.5495231295   4609734  +0.5495231152  -1.432e-08
  1677  +0.5495191522   4609701  +0.5495191813  +2.909e-08
  1678  +0.5495151661   4609667  +0.5495151281  -3.795e-08
  1679  +0.5495111712   4609634  +0.5495111942  +2.299e-08
  1680  +0.5495071676   4609600  +0.5495071411  -2.648e-08
  1681  +0.5495031551   4609567  +0.5495032072  +5.208e-08
  1682  +0.5494991338   4609533  +0.5494991541  +2.027e-08
  1683  +0.5494951037   4609499  +0.5494951010  -2.686e-09
  1684  +0.5494910646   4609465  +0.5494910479  -1.677e-08
  1685  +0.5494870167   4609431  +0.5494869947  -2.195e-08
  1686  +0.5494829599   4609397  +0.5494829416  -1.823e-08
  1687  +0.5494788941   4609363  +0.5494788885  -5.565e-09
  1688  +0.5494748193   4609329  +0.5494748354  +1.605e-08
  1689  +0.5494707356   4609295  +0.5494707823  +4.664e-08
  1690  +0.5494666429   4609260  +0.5494666100  -3.299e-08
  1691  +0.5494625412   4609226  +0.5494625568  +1.561e-08
  1692  +0.5494584305   4609191  +0.5494583845  -4.597e-08
  1693  +0.5494543107   4609157  +0.5494543314  +2.071e-08
  1694  +0.5494501818   4609122  +0.5494501591  -2.275e-08
  1695  +0.5494460439   4609087  +0.5494459867  -5.711e-08
  1696  +0.5494418968   4609053  +0.5494419336  +3.685e-08
  1697  +0.5494377406   4609018  +0.5494377613  +2.074e-08
  1698  +0.5494335752   4608983  +0.5494335890  +1.377e-08
  1699  +0.5494294007   4608948  +0.5494294167  +1.598e-08
  1700  +0.5494252169   4608913  +0.5494252443  +2.738e-08
  1701  +0.5494210240   4608878  +0.5494210720  +4.800e-08
  1702  +0.5494168218   4608842  +0.5494167805  -4.136e-08
  1703  +0.5494126104   4608807  +0.5494126081  -2.256e-09
  1704  +0.5494083897   4608772  +0.5494084358  +4.612e-08
  1705  +0.5494041597   4608736  +0.5494041443  -1.541e-08
  1706  +0.5493999204   4608701  +0.5493999720  +5.157e-08
  1707  +0.5493956717   4608665  +0.5493956804  +8.690e-09
  1708  +0.5493914137   4608629  +0.5493913889  -2.484e-08
  1709  +0.5493871463   4608593  +0.5493870974  -4.899e-08
  1710  +0.5493828696   4608558  +0.5493829250  +5.547e-08
  1711  +0.5493785834   4608522  +0.5493786335  +5.013e-08
  1712  +0.5493742877   4608486  +0.5493743420  +5.424e-08
  1713  +0.5493699826   4608449  +0.5493699312  -5.141e-08
  1714  +0.5493656681   4608413  +0.5493656397  -2.837e-08
  1715  +0.5493613440   4608377  +0.5493613482  +4.181e-09
  1716  +0.5493570104   4608341  +0.5493570566  +4.625e-08
  1717  +0.5493526672   4608304  +0.5493526459  -2.135e-08
  1718  +0.5493483145   4608268  +0.5493483543  +3.983e-08
  1719  +0.5493439522   4608231  +0.5493439436  -8.618e-09
  1720  +0.5493395803   4608194  +0.5493395329  -4.746e-08
  1721  +0.5493351988   4608158  +0.5493352413  +4.254e-08
  1722  +0.5493308076   4608121  +0.5493308306  +2.297e-08
  1723  +0.5493264067   4608084  +0.5493264198  +1.308e-08
  1724  +0.5493219962   4608047  +0.5493220091  +1.288e-08
  1725  +0.5493175760   4608010  +0.5493175983  +2.239e-08
  1726  +0.5493131460   4607973  +0.5493131876  +4.164e-08
  1727  +0.5493087062   4607935  +0.5493086576  -4.857e-08
  1728  +0.5493042567   4607898  +0.5493042469  -9.795e-09
  1729  +0.5492997974   4607861  +0.5492998362  +3.878e-08
  1730  +0.5492953282   4607823  +0.5492953062  -2.203e-08
  1731  +0.5492908493   4607786  +0.5492908955  +4.621e-08
  1732  +0.5492863604   4607748  +0.5492863655  +5.102e-09
  1733  +0.5492818617   4607710  +0.5492818356  -2.612e-08
  1734  +0.5492773530   4607672  +0.5492773056  -4.743e-08
  1735  +0.5492728345   4607634  +0.5492727757  -5.882e-08
  1736  +0.5492683060   4607597  +0.5492683649  +5.895e-08
  1737  +0.5492637675   4607558  +0.5492637157  -5.172e-08
  1738  +0.5492592190   4607520  +0.5492591858  -3.319e-08
  1739  +0.5492546605   4607482  +0.5492546558  -4.637e-09
  1740  +0.5492500919   4607444  +0.5492501259  +3.395e-08
  1741  +0.5492455133   4607405  +0.5492454767  -3.661e-08
  1742  +0.5492409246   4607367  +0.5492409468  +2.212e-08
  1743  +0.5492363259   4607328  +0.5492362976  -2.825e-08
  1744  +0.5492317169   4607290  +0.5492317677  +5.071e-08
  1745  +0.5492270979   4607251  +0.5492271185  +2.061e-08
  1746  +0.5492224686   4607212  +0.5492224693  +6.884e-10
  1747  +0.5492178292   4607173  +0.5492178202  -9.042e-09
  1748  +0.5492131796   4607134  +0.5492131710  -8.555e-09
  1749  +0.5492085197   4607095  +0.5492085218  +2.170e-09
  1750  +0.5492038495   4607056  +0.5492038727  +2.316e-08
  1751  +0.5491991691   4607017  +0.5491992235  +5.443e-08
  1752  +0.5491944783   4606977  +0.5491944551  -2.320e-08
  1753  +0.5491897773   4606938  +0.5491898060  +2.871e-08
  1754  +0.5491850659   4606898  +0.5491850376  -2.824e-08
  1755  +0.5491803441   4606859  +0.5491803885  +4.440e-08
  1756  +0.5491756119   4606819  +0.5491756201  +8.222e-09
  1757  +0.5491708692   4606779  +0.5491708517  -1.753e-08
  1758  +0.5491661162   4606739  +0.5491660833  -3.284e-08
  1759  +0.5491613526   4606699  +0.5491613150  -3.768e-08
  1760  +0.5491565786   4606659  +0.5491565466  -3.204e-08
  1761  +0.5491517941   4606619  +0.5491517782  -1.588e-08
  1762  +0.5491469990   4606579  +0.5491470098  +1.082e-08
  1763  +0.5491421934   4606539  +0.5491422415  +4.808e-08
  1764  +0.5491373772   4606498  +0.5491373539  -2.330e-08
  1765  +0.5491325504   4606458  +0.5491325855  +3.515e-08
  1766  +0.5491277129   4606417  +0.5491276979  -1.499e-08
  1767  +0.5491228648   4606376  +0.5491228104  -5.447e-08
  1768  +0.5491180061   4606336  +0.5491180420  +3.593e-08
  1769  +0.5491131366   4606295  +0.5491131544  +1.783e-08
  1770  +0.5491082564   4606254  +0.5491082668  +1.044e-08
  1771  +0.5491033654   4606213  +0.5491033792  +1.381e-08
  1772  +0.5490984637   4606172  +0.5490984917  +2.794e-08
  1773  +0.5490935512   4606131  +0.5490936041  +5.287e-08
  1774  +0.5490886279   4606089  +0.5490885973  -3.060e-08
  1775  +0.5490836937   4606048  +0.5490837097  +1.599e-08
  1776  +0.5490787487   4606006  +0.5490787029  -4.577e-08
  1777  +0.5490737928   4605965  +0.5490738153  +2.258e-08
  1778  +0.5490688259   4605923  +0.5490688086  -1.738e-08
  1779  +0.5490638482   4605881  +0.5490638018  -4.639e-08
  1780  +0.5490588594   4605840  +0.5490589142  +5.476e-08
  1781  +0.5490538597   4605798  +0.5490539074  +4.769e-08
  1782  +0.5490488490   4605756  +0.5490489006  +5.164e-08
  1783  +0.5490438272   4605713  +0.5490437746  -5.260e-08
  1784  +0.5490387944   4605671  +0.5490387678  -2.656e-08
  1785  +0.5490337505   4605629  +0.5490337610  +1.055e-08
  1786  +0.5490286955   4605587  +0.5490287542  +5.878e-08
  1787  +0.5490236293   4605544  +0.5490236282  -1.076e-09
  1788  +0.5490185520   4605501  +0.5490185022  -4.977e-08
  1789  +0.5490134635   4605459  +0.5490134954  +3.192e-08
  1790  +0.5490083638   4605416  +0.5490083694  +5.608e-09
  1791  +0.5490032529   4605373  +0.5490032434  -9.473e-09
  1792  +0.5489981307   4605330  +0.5489981174  -1.330e-08
  1793  +0.5489929973   4605287  +0.5489929914  -5.847e-09
  1794  +0.5489878525   4605244  +0.5489878654  +1.291e-08
  1795  +0.5489826965   4605201  +0.5489827394  +4.300e-08
  1796  +0.5489775290   4605157  +0.5489774942  -3.477e-08
  1797  +0.5489723502   4605114  +0.5489723682  +1.805e-08
  1798  +0.5489671600   4605070  +0.5489671230  -3.694e-08
  1799  +0.5489619583   4605027  +0.5489619970  +3.872e-08
  1800  +0.5489567452   4604983  +0.5489567518  +6.616e-09
  1801  +0.5489515206   4604939  +0.5489515066  -1.401e-08
  1802  +0.5489462845   4604895  +0.5489462614  -2.312e-08
  1803  +0.5489410369   4604851  +0.5489410162  -2.071e-08
  1804  +0.5489357777   4604807  +0.5489357710  -6.740e-09
  1805  +0.5489305070   4604763  +0.5489305258  +1.881e-08
  1806  +0.5489252246   4604719  +0.5489252806  +5.597e-08
  1807  +0.5489199306   4604674  +0.5489199162  -1.445e-08
  1808  +0.5489146249   4604630  +0.5489146709  +4.599e-08
  1809  +0.5489093076   4604585  +0.5489093065  -1.085e-09
  1810  +0.5489039786   4604540  +0.5489039421  -3.645e-08
  1811  +0.5488986378   4604496  +0.5488986969  +5.912e-08
  1812  +0.5488932852   4604451  +0.5488933325  +4.725e-08
  1813  +0.5488879209   4604406  +0.5488879681  +4.716e-08
  1814  +0.5488825448   4604361  +0.5488826036  +5.888e-08
  1815  +0.5488771568   4604315  +0.5488771200  -3.676e-08
  1816  +0.5488717569   4604270  +0.5488717556  -1.335e-09
  1817  +0.5488663452   4604225  +0.5488663912  +4.598e-08
  1818  +0.5488609215   4604179  +0.5488609076  -1.399e-08
  1819  +0.5488554859   4604134  +0.5488555431  +5.719e-08
  1820  +0.5488500384   4604088  +0.5488500595  +2.113e-08
  1821  +0.5488445788   4604042  +0.5488445759  -2.936e-09
  1822  +0.5488391072   4603996  +0.5488390923  -1.498e-08
  1823  +0.5488336236   4603950  +0.5488336086  -1.497e-08
  1824  +0.5488281279   4603904  +0.5488281250  -2.891e-09
  1825  +0.5488226201   4603858  +0.5488226414  +2.129e-08
  1826  +0.5488171001   4603812  +0.5488171577  +5.760e-08
  1827  +0.5488115680   4603765  +0.5488115549  -1.314e-08
  1828  +0.5488060238   4603719  +0.5488060713  +4.751e-08
  1829  +0.5488004673   4603672  +0.5488004684  +1.156e-09
  1830  +0.5487948986   4603625  +0.5487948656  -3.296e-08
  1831  +0.5487893176   4603578  +0.5487892628  -5.481e-08
  1832  +0.5487837243   4603532  +0.5487837791  +5.483e-08
  1833  +0.5487781187   4603485  +0.5487781763  +5.758e-08
  1834  +0.5487725008   4603437  +0.5487724543  -4.653e-08
  1835  +0.5487668705   4603390  +0.5487668514  -1.907e-08
  1836  +0.5487612278   4603343  +0.5487612486  +2.080e-08
  1837  +0.5487555727   4603295  +0.5487555265  -4.612e-08
  1838  +0.5487499051   4603248  +0.5487499237  +1.862e-08
  1839  +0.5487442250   4603200  +0.5487442017  -2.336e-08
  1840  +0.5487385325   4603152  +0.5487384796  -5.284e-08
  1841  +0.5487328274   4603105  +0.5487328768  +4.942e-08
  1842  +0.5487271097   4603057  +0.5487271547  +4.504e-08
  1843  +0.5487213794   4603009  +0.5487214327  +5.325e-08
  1844  +0.5487156366   4602960  +0.5487155914  -4.513e-08
  1845  +0.5487098810   4602912  +0.5487098694  -1.166e-08
  1846  +0.5487041129   4602864  +0.5487041473  +3.449e-08
  1847  +0.5486983320   4602815  +0.5486983061  -2.587e-08
  1848  +0.5486925383   4602767  +0.5486925840  +4.571e-08
  1849  +0.5486867320   4602718  +0.5486867428  +1.083e-08
  1850  +0.5486809128   4602669  +0.5486809015  -1.126e-08
  1851  +0.5486750808   4602620  +0.5486750603  -2.053e-08
  1852  +0.5486692360   4602571  +0.5486692190  -1.696e-08
  1853  +0.5486633783   4602522  +0.5486633778  -5.248e-10
  1854  +0.5486575077   4602473  +0.5486575365  +2.881e-08
  1855  +0.5486516242   4602423  +0.5486515760  -4.813e-08
  1856  +0.5486457277   4602374  +0.5486457348  +7.085e-09
  1857  +0.5486398182   4602324  +0.5486397743  -4.392e-08
  1858  +0.5486338958   4602275  +0.5486339331  +3.729e-08
  1859  +0.5486279603   4602225  +0.5486279726  +1.234e-08
  1860  +0.5486220117   4602175  +0.5486220121  +4.597e-10
  1861  +0.5486160500   4602125  +0.5486160517  +1.676e-09
  1862  +0.5486100752   4602075  +0.5486100912  +1.602e-08
  1863  +0.5486040872   4602025  +0.5486041307  +4.352e-08
  1864  +0.5485980861   4601974  +0.5485980511  -3.500e-08
  1865  +0.5485920717   4601924  +0.5485920906  +1.890e-08
  1866  +0.5485860441   4601873  +0.5485860109  -3.317e-08
  1867  +0.5485800032   4601823  +0.5485800505  +4.725e-08
  1868  +0.5485739490   4601772  +0.5485739708  +2.175e-08
  1869  +0.5485678815   4601721  +0.5485678911  +9.593e-09
  1870  +0.5485618007   4601670  +0.5485618114  +1.079e-08
  1871  +0.5485557064   4601619  +0.5485557318  +2.538e-08
  1872  +0.5485495987   4601568  +0.5485496521  +5.339e-08
  1873  +0.5485434776   4601516  +0.5485434532  -2.436e-08
  1874  +0.5485373430   4601465  +0.5485373735  +3.058e-08
  1875  +0.5485311948   4601413  +0.5485311747  -2.019e-08
  1876  +0.5485250332   4601361  +0.5485249758  -5.741e-08
  1877  +0.5485188580   4601310  +0.5485188961  +3.814e-08
  1878  +0.5485126691   4601258  +0.5485126972  +2.808e-08
  1879  +0.5485064667   4601206  +0.5485064983  +3.164e-08
  1880  +0.5485002506   4601154  +0.5485002995  +4.887e-08
  1881  +0.5484940208   4601101  +0.5484939814  -3.943e-08
  1882  +0.5484877773   4601049  +0.5484877825  +5.196e-09
  1883  +0.5484815200   4600996  +0.5484814644  -5.564e-08
  1884  +0.5484752490   4600944  +0.5484752655  +1.652e-08
  1885  +0.5484689641   4600891  +0.5484689474  -1.673e-08
  1886  +0.5484626655   4600838  +0.5484626293  -3.613e-08
  1887  +0.5484563529   4600785  +0.5484563112  -4.167e-08
  1888  +0.5484500264   4600732  +0.5484499931  -3.331e-08
  1889  +0.5484436861   4600679  +0.5484436750  -1.102e-08
  1890  +0.5484373317   4600626  +0.5484373569  +2.524e-08
  1891  +0.5484309634   4600572  +0.5484309196  -4.373e-08
  1892  +0.5484245810   4600519  +0.5484246016  +2.054e-08
  1893  +0.5484181846   4600465  +0.5484181643  -2.035e-08
  1894  +0.5484117741   4600411  +0.5484117270  -4.715e-08
  1895  +0.5484053495   4600358  +0.5484054089  +5.937e-08
  1896  +0.5483989107   4600303  +0.5483988523  -5.838e-08
  1897  +0.5483924578   4600249  +0.5483924150  -4.275e-08
  1898  +0.5483859906   4600195  +0.5483859777  -1.290e-08
  1899  +0.5483795093   4600141  +0.5483795404  +3.118e-08
  1900  +0.5483730136   4600086  +0.5483729839  -2.967e-08
  1901  +0.5483665036   4600032  +0.5483665466  +4.299e-08
  1902  +0.5483599793   4599977  +0.5483599901  +1.078e-08
  1903  +0.5483534407   4599922  +0.5483534336  -7.074e-09
  1904  +0.5483468876   4599867  +0.5483468771  -1.053e-08
  1905  +0.5483403201   4599812  +0.5483403206  +4.506e-10
  1906  +0.5483337382   4599757  +0.5483337641  +2.589e-08
  1907  +0.5483271417   4599701  +0.5483270884  -5.339e-08
  1908  +0.5483205308   4599646  +0.5483205318  +1.066e-09
  1909  +0.5483139053   4599590  +0.5483138561  -4.913e-08
  1910  +0.5483072651   4599535  +0.5483072996  +3.447e-08
  1911  +0.5483006104   4599479  +0.5483006239  +1.348e-08
  1912  +0.5482939410   4599423  +0.5482939482  +7.147e-09
  1913  +0.5482872570   4599367  +0.5482872725  +1.550e-08
  1914  +0.5482805582   4599311  +0.5482805967  +3.857e-08
  1915  +0.5482738446   4599254  +0.5482738018  -4.282e-08
  1916  +0.5482671163   4599198  +0.5482671261  +9.776e-09
  1917  +0.5482603732   4599141  +0.5482603312  -4.202e-08
  1918  +0.5482536152   4599085  +0.5482536554  +4.025e-08
  1919  +0.5482468423   4599028  +0.5482468605  +1.818e-08
  1920  +0.5482400545   4598971  +0.5482400656  +1.103e-08
  1921  +0.5482332518   4598914  +0.5482332706  +1.882e-08
  1922  +0.5482264341   4598857  +0.5482264757  +4.159e-08
  1923  +0.5482196014   4598799  +0.5482195616  -3.983e-08
  1924  +0.5482127537   4598742  +0.5482127666  +1.299e-08
  1925  +0.5482058908   4598684  +0.5482058525  -3.831e-08
  1926  +0.5481990129   4598627  +0.5481990576  +4.471e-08
  1927  +0.5481921198   4598569  +0.5481921434  +2.366e-08
  1928  +0.5481852115   4598511  +0.5481852293  +1.779e-08
  1929  +0.5481782880   4598453  +0.5481783152  +2.713e-08
  1930  +0.5481713493   4598395  +0.5481714010  +5.172e-08
  1931  +0.5481643953   4598336  +0.5481643677  -2.763e-08
  1932  +0.5481574260   4598278  +0.5481574535  +2.755e-08
  1933  +0.5481504413   4598219  +0.5481504202  -2.114e-08
  1934  +0.5481434413   4598160  +0.5481433868  -5.445e-08
  1935  +0.5481364258   4598102  +0.5481364727  +4.686e-08
  1936  +0.5481293949   4598043  +0.5481294394  +4.441e-08
  1937  +0.5481223486   4597984  +0.5481224060  +5.744e-08
  1938  +0.5481152867   4597924  +0.5481152534  -3.322e-08
  1939  +0.5481082092   4597865  +0.5481082201  +1.087e-08
  1940  +0.5481011162   4597805  +0.5481010675  -4.866e-08
  1941  +0.5480940076   4597746  +0.5480940342  +2.664e-08
  1942  +0.5480868833   4597686  +0.5480868816  -1.620e-09
  1943  +0.5480797433   4597626  +0.5480797291  -1.419e-08
  1944  +0.5480725876   4597566  +0.5480725765  -1.105e-08
  1945  +0.5480654161   4597506  +0.5480654240  +7.855e-09
  1946  +0.5480582289   4597446  +0.5480582714  +4.255e-08
  1947  +0.5480510258   4597385  +0.5480509996  -2.614e-08
  1948  +0.5480438068   4597325  +0.5480438471  +4.023e-08
  1949  +0.5480365720   4597264  +0.5480365753  +3.298e-09
  1950  +0.5480293213   4597203  +0.5480293036  -1.771e-08
  1951  +0.5480220545   4597142  +0.5480220318  -2.275e-08
  1952  +0.5480147718   4597081  +0.5480147600  -1.179e-08
  1953  +0.5480074730   4597020  +0.5480074883  +1.520e-08
  1954  +0.5480001582   4596959  +0.5480002165  +5.826e-08
  1955  +0.5479928273   4596897  +0.5479928255  -1.775e-09
  1956  +0.5479854802   4596835  +0.5479854345  -4.567e-08
  1957  +0.5479781170   4596774  +0.5479781628  +4.581e-08
  1958  +0.5479707375   4596712  +0.5479707718  +3.431e-08
  1959  +0.5479633418   4596650  +0.5479633808  +3.904e-08
  1960  +0.5479559298   4596587  +0.5479558706  -5.914e-08
  1961  +0.5479485015   4596525  +0.5479484797  -2.180e-08
  1962  +0.5479410568   4596463  +0.5479410887  +3.190e-08
  1963  +0.5479335957   4596400  +0.5479335785  -1.722e-08
  1964  +0.5479261182   4596337  +0.5479260683  -4.991e-08
  1965  +0.5479186243   4596275  +0.5479186773  +5.307e-08
  1966  +0.5479111138   4596212  +0.5479111671  +5.334e-08
  1967  +0.5479035868   4596148  +0.5479035378  -4.906e-08
  1968  +0.5478960432   4596085  +0.5478960276  -1.568e-08
  1969  +0.5478884831   4596022  +0.5478885174  +3.431e-08
  1970  +0.5478809062   4595958  +0.5478808880  -1.826e-08
  1971  +0.5478733127   4595894  +0.5478732586  -5.415e-08
  1972  +0.5478657025   4595831  +0.5478657484  +4.589e-08
  1973  +0.5478580755   4595767  +0.5478581190  +4.347e-08
  1974  +0.5478504318   4595703  +0.5478504896  +5.785e-08
  1975  +0.5478427712   4595638  +0.5478427410  -3.015e-08
  1976  +0.5478350937   4595574  +0.5478351116  +1.793e-08
  1977  +0.5478273993   4595509  +0.5478273630  -3.630e-08
  1978  +0.5478196880   4595445  +0.5478197336  +4.562e-08
  1979  +0.5478119597   4595380  +0.5478119850  +2.530e-08
  1980  +0.5478042144   4595315  +0.5478042364  +2.201e-08
  1981  +0.5477964520   4595250  +0.5477964878  +3.577e-08
  1982  +0.5477886726   4595184  +0.5477886200  -5.259e-08
  1983  +0.5477808760   4595119  +0.5477808714  -4.615e-09
  1984  +0.5477730623   4595053  +0.5477730036  -5.868e-08
  1985  +0.5477652313   4594988  +0.5477652550  +2.367e-08
  1986  +0.5477573831   4594922  +0.5477573872  +4.047e-09
  1987  +0.5477495176   4594856  +0.5477495193  +1.707e-09
  1988  +0.5477416349   4594790  +0.5477416515  +1.668e-08
  1989  +0.5477337347   4594724  +0.5477337837  +4.902e-08
  1990  +0.5477258172   4594657  +0.5477257967  -2.046e-08
  1991  +0.5477178822   4594591  +0.5477179289  +4.670e-08
  1992  +0.5477099297   4594524  +0.5477099419  +1.212e-08
  1993  +0.5477019598   4594457  +0.5477019548  -4.952e-09
  1994  +0.5476939723   4594390  +0.5476939678  -4.473e-09
  1995  +0.5476859672   4594323  +0.5476859808  +1.359e-08
  1996  +0.5476779445   4594256  +0.5476779938  +4.928e-08
  1997  +0.5476699041   4594188  +0.5476698875  -1.658e-08
  1998  +0.5476618460   4594121  +0.5476619005  +5.448e-08
  1999  +0.5476537702   4594053  +0.5476537943  +2.407e-08
  2000  +0.5476456766   4593985  +0.5476456881  +1.144e-08
  2001  +0.5476375652   4593917  +0.5476375818  +1.663e-08
  2002  +0.5476294359   4593849  +0.5476294756  +3.968e-08
  2003  +0.5476212887   4593780  +0.5476212502  -3.859e-08
  2004  +0.5476131236   4593712  +0.5476131439  +2.030e-08
  2005  +0.5476049405   4593643  +0.5476049185  -2.205e-08
  2006  +0.5475967394   4593574  +0.5475966930  -4.638e-08
  2007  +0.5475885203   4593505  +0.5475884676  -5.266e-08
  2008  +0.5475802830   4593436  +0.5475802422  -4.084e-08
  2009  +0.5475720276   4593367  +0.5475720167  -1.088e-08
  2010  +0.5475637540   4593298  +0.5475637913  +3.725e-08
  2011  +0.5475554622   4593228  +0.5475554466  -1.561e-08
  2012  +0.5475471522   4593158  +0.5475471020  -5.021e-08
  2013  +0.5475388238   4593089  +0.5475388765  +5.269e-08
  2014  +0.5475304772   4593019  +0.5475305319  +5.472e-08
  2015  +0.5475221121   4592948  +0.5475220680  -4.408e-08
  2016  +0.5475137286   4592878  +0.5475137234  -5.262e-09
  2017  +0.5475053267   4592808  +0.5475053787  +5.202e-08
  2018  +0.5474969063   4592737  +0.5474969149  +8.588e-09
  2019  +0.5474884673   4592666  +0.5474884510  -1.630e-08
  2020  +0.5474800098   4592595  +0.5474799871  -2.262e-08
  2021  +0.5474715336   4592524  +0.5474715233  -1.031e-08
  2022  +0.5474630388   4592453  +0.5474630594  +2.066e-08
  2023  +0.5474545252   4592381  +0.5474544764  -4.887e-08
  2024  +0.5474459930   4592310  +0.5474460125  +1.955e-08
  2025  +0.5474374419   4592238  +0.5474374294  -1.246e-08
  2026  +0.5474288720   4592166  +0.5474288464  -2.564e-08
  2027  +0.5474202832   4592094  +0.5474202633  -1.995e-08
  2028  +0.5474116756   4592022  +0.5474116802  +4.646e-09
  2029  +0.5474030490   4591950  +0.5474030972  +4.820e-08
  2030  +0.5473944033   4591877  +0.5473943949  -8.472e-09
  2031  +0.5473857387   4591804  +0.5473856926  -4.611e-08
  2032  +0.5473770550   4591732  +0.5473771095  +5.455e-08
  2033  +0.5473683521   4591659  +0.5473684072  +5.511e-08
  2034  +0.5473596301   4591585  +0.5473595858  -4.438e-08
  2035  +0.5473508889   4591512  +0.5473508835  -5.451e-09
  2036  +0.5473421285   4591439  +0.5473421812  +5.272e-08
  2037  +0.5473333488   4591365  +0.5473333597  +1.097e-08
  2038  +0.5473245497   4591291  +0.5473245382  -1.145e-08
  2039  +0.5473157312   4591217  +0.5473157167  -1.450e-08
  2040  +0.5473068934   4591143  +0.5473068953  +1.863e-09
  2041  +0.5472980361   4591069  +0.5472980738  +3.769e-08
  2042  +0.5472891593   4590994  +0.5472891331  -2.620e-08
  2043  +0.5472802629   4590920  +0.5472803116  +4.867e-08
  2044  +0.5472713470   4590845  +0.5472713709  +2.391e-08
  2045  +0.5472624114   4590770  +0.5472624302  +1.879e-08
  2046  +0.5472534562   4590695  +0.5472534895  +3.334e-08
  2047  +0.5472444812   4590619  +0.5472444296  -5.161e-08
  2048  +0.5472354865   4590544  +0.5472354889  +2.411e-09
  2049  +0.5472264720   4590468  +0.5472264290  -4.297e-08
  2050  +0.5472174376   4590393  +0.5472174883  +5.070e-08
  2051  +0.5472083833   4590317  +0.5472084284  +4.505e-08
  2052  +0.5471993091   4590241  +0.5471993685  +5.934e-08
  2053  +0.5471902150   4590164  +0.5471901894  -2.561e-08
  2054  +0.5471811008   4590088  +0.5471811295  +2.868e-08
  2055  +0.5471719665   4590011  +0.5471719503  -1.618e-08
  2056  +0.5471628121   4589934  +0.5471627712  -4.092e-08
  2057  +0.5471536376   4589857  +0.5471535921  -4.552e-08
  2058  +0.5471444429   4589780  +0.5471444130  -2.991e-08
  2059  +0.5471352279   4589703  +0.5471352339  +5.938e-09
  2060  +0.5471259927   4589625  +0.5471259356  -5.713e-08
  2061  +0.5471167371   4589548  +0.5471167564  +1.933e-08
  2062  +0.5471074611   4589470  +0.5471074581  -3.030e-09
  2063  +0.5470981648   4589392  +0.5470981598  -4.972e-09
  2064  +0.5470888479   4589314  +0.5470888615  +1.355e-08
  2065  +0.5470795106   4589236  +0.5470795631  +5.259e-08
  2066  +0.5470701526   4589157  +0.5470701456  -7.026e-09
  2067  +0.5470607741   4589078  +0.5470607281  -4.604e-08
  2068  +0.5470513749   4589000  +0.5470514297  +5.480e-08
  2069  +0.5470419551   4588921  +0.5470420122  +5.713e-08
  2070  +0.5470325145   4588841  +0.5470324755  -3.901e-08
  2071  +0.5470230531   4588762  +0.5470230579  +4.837e-09
  2072  +0.5470135709   4588682  +0.5470135212  -4.969e-08
  2073  +0.5470040678   4588603  +0.5470041037  +3.586e-08
  2074  +0.5469945438   4588523  +0.5469945669  +2.313e-08
  2075  +0.5469849988   4588443  +0.5469850302  +3.137e-08
  2076  +0.5469754328   4588362  +0.5469753742  -5.860e-08
  2077  +0.5469658458   4588282  +0.5469658375  -8.286e-09
  2078  +0.5469562376   4588201  +0.5469561815  -5.608e-08
  2079  +0.5469466083   4588121  +0.5469466448  +3.649e-08
  2080  +0.5469369578   4588040  +0.5469369888  +3.105e-08
  2081  +0.5469272860   4587959  +0.5469273329  +4.685e-08
  2082  +0.5469175930   4587877  +0.5469175577  -3.526e-08
  2083  +0.5469078786   4587796  +0.5469079018  +2.318e-08
  2084  +0.5468981428   4587714  +0.5468981266  -1.621e-08
  2085  +0.5468883856   4587632  +0.5468883514  -3.416e-08
  2086  +0.5468786069   4587550  +0.5468785763  -3.063e-08
  2087  +0.5468688067   4587468  +0.5468688011  -5.576e-09
  2088  +0.5468589849   4587386  +0.5468590260  +4.106e-08
  2089  +0.5468491415   4587303  +0.5468491316  -9.897e-09
  2090  +0.5468392764   4587220  +0.5468392372  -3.918e-08
  2091  +0.5468293896   4587137  +0.5468293428  -4.675e-08
  2092  +0.5468194810   4587054  +0.5468194485  -3.254e-08
  2093  +0.5468095506   4586971  +0.5468095541  +3.470e-09
  2094  +0.5467995984   4586887  +0.5467995405  -5.786e-08
  2095  +0.5467896242   4586804  +0.5467896461  +2.192e-08
  2096  +0.5467796281   4586720  +0.5467796326  +4.460e-09
  2097  +0.5467696100   4586636  +0.5467696190  +9.002e-09
  2098  +0.5467595698   4586552  +0.5467596054  +3.560e-08
  2099  +0.5467495075   4586467  +0.5467494726  -3.491e-08
  2100  +0.5467394231   4586383  +0.5467394590  +3.594e-08
  2101  +0.5467293165   4586298  +0.5467293262  +9.788e-09
  2102  +0.5467191876   4586213  +0.5467191935  +5.882e-09
  2103  +0.5467090364   4586128  +0.5467090607  +2.427e-08
  2104  +0.5466988629   4586042  +0.5466988087  -5.419e-08
  2105  +0.5466886669   4585957  +0.5466886759  +8.944e-09
  2106  +0.5466784486   4585871  +0.5466784239  -2.468e-08
  2107  +0.5466682077   4585785  +0.5466681719  -3.581e-08
  2108  +0.5466579443   4585699  +0.5466579199  -2.440e-08
  2109  +0.5466476583   4585613  +0.5466476679  +9.614e-09
  2110  +0.5466373496   4585526  +0.5466372967  -5.294e-08
  2111  +0.5466270183   4585440  +0.5466270447  +2.641e-08
  2112  +0.5466166642   4585353  +0.5466166735  +9.292e-09
  2113  +0.5466062873   4585266  +0.5466063023  +1.497e-08
  2114  +0.5465958876   4585179  +0.5465959311  +4.349e-08
  2115  +0.5465854649   4585091  +0.5465854406  -2.430e-08
  2116  +0.5465750194   4585004  +0.5465750694  +5.006e-08
  2117  +0.5465645508   4584916  +0.5465645790  +2.821e-08
  2118  +0.5465540592   4584828  +0.5465540886  +2.941e-08
  2119  +0.5465435445   4584740  +0.5465435982  +5.370e-08
  2120  +0.5465330066   4584651  +0.5465329885  -1.807e-08
  2121  +0.5465224456   4584563  +0.5465224981  +5.256e-08
  2122  +0.5465118613   4584474  +0.5465118885  +2.724e-08
  2123  +0.5465012537   4584385  +0.5465012789  +2.522e-08
  2124  +0.5464906227   4584296  +0.5464906693  +4.655e-08
  2125  +0.5464799683   4584206  +0.5464799404  -2.792e-08
  2126  +0.5464692905   4584117  +0.5464693308  +4.027e-08
  2127  +0.5464585892   4584027  +0.5464586020  +1.276e-08
  2128  +0.5464478643   4583937  +0.5464478731  +8.801e-09
  2129  +0.5464371158   4583847  +0.5464371443  +2.846e-08
  2130  +0.5464263437   4583756  +0.5464262962  -4.744e-08
  2131  +0.5464155478   4583666  +0.5464155674  +1.960e-08
  2132  +0.5464047282   4583575  +0.5464047194  -8.815e-09
  2133  +0.5463938847   4583484  +0.5463938713  -1.341e-08
  2134  +0.5463830174   4583393  +0.5463830233  +5.871e-09
  2135  +0.5463721261   4583302  +0.5463721752  +4.907e-08
  2136  +0.5463612109   4583210  +0.5463612080  -2.958e-09
  2137  +0.5463502717   4583118  +0.5463502407  -3.096e-08
  2138  +0.5463393083   4583026  +0.5463392735  -3.488e-08
  2139  +0.5463283209   4582934  +0.5463283062  -1.467e-08
  2140  +0.5463173092   4582842  +0.5463173389  +2.974e-08
  2141  +0.5463062733   4582749  +0.5463062525  -2.083e-08
  2142  +0.5462952131   4582656  +0.5462951660  -4.710e-08
  2143  +0.5462841286   4582563  +0.5462840796  -4.902e-08
  2144  +0.5462730196   4582470  +0.5462729931  -2.654e-08
  2145  +0.5462618862   4582377  +0.5462619066  +2.039e-08
  2146  +0.5462507283   4582283  +0.5462507010  -2.738e-08
  2147  +0.5462395459   4582189  +0.5462394953  -5.058e-08
  2148  +0.5462283388   4582095  +0.5462282896  -4.916e-08
  2149  +0.5462171070   4582001  +0.5462170839  -2.308e-08
  2150  +0.5462058505   4581907  +0.5462058783  +2.773e-08
  2151  +0.5461945693   4581812  +0.5461945534  -1.589e-08
  2152  +0.5461832632   4581717  +0.5461832285  -3.467e-08
  2153  +0.5461719322   4581622  +0.5461719036  -2.857e-08
  2154  +0.5461605762   4581527  +0.5461605787  +2.479e-09
  2155  +0.5461491953   4581432  +0.5461492538  +5.853e-08
  2156  +0.5461377893   4581336  +0.5461378098  +2.042e-08
  2157  +0.5461263582   4581240  +0.5461263657  +7.418e-09
  2158  +0.5461149020   4581144  +0.5461149216  +1.958e-08
  2159  +0.5461034205   4581048  +0.5461034775  +5.697e-08
  2160  +0.5460919138   4580951  +0.5460919142  +4.152e-10
  2161  +0.5460803817   4580854  +0.5460803509  -3.080e-08
  2162  +0.5460688242   4580757  +0.5460687876  -3.664e-08
  2163  +0.5460572413   4580660  +0.5460572243  -1.703e-08
  2164  +0.5460456329   4580563  +0.5460456610  +2.808e-08
  2165  +0.5460339989   4580465  +0.5460339785  -2.047e-08
  2166  +0.5460223394   4580367  +0.5460222960  -4.341e-08
  2167  +0.5460106541   4580269  +0.5460106134  -4.068e-08
  2168  +0.5459989432   4580171  +0.5459989309  -1.223e-08
  2169  +0.5459872064   4580073  +0.5459872484  +4.200e-08
  2170  +0.5459754438   4579974  +0.5459754467  +2.861e-09
  2171  +0.5459636554   4579875  +0.5459636450  -1.039e-08
  2172  +0.5459518409   4579776  +0.5459518433  +2.317e-09
  2173  +0.5459400005   4579677  +0.5459400415  +4.103e-08
  2174  +0.5459281340   4579577  +0.5459281206  -1.341e-08
  2175  +0.5459162414   4579477  +0.5459161997  -4.172e-08
  2176  +0.5459043226   4579377  +0.5459042788  -4.385e-08
  2177  +0.5458923776   4579277  +0.5458923578  -1.975e-08
  2178  +0.5458804062   4579177  +0.5458804369  +3.065e-08
  2179  +0.5458684086   4579076  +0.5458683968  -1.180e-08
  2180  +0.5458563845   4578975  +0.5458563566  -2.785e-08
  2181  +0.5458443339   4578874  +0.5458443165  -1.743e-08
  2182  +0.5458322568   4578773  +0.5458322763  +1.952e-08
  2183  +0.5458201531   4578671  +0.5458201170  -3.615e-08
  2184  +0.5458080228   4578570  +0.5458080769  +5.403e-08
  2185  +0.5457958658   4578468  +0.5457959175  +5.170e-08
  2186  +0.5457836820   4578365  +0.5457836390  -4.307e-08
  2187  +0.5457714714   4578263  +0.5457714796  +8.181e-09
  2188  +0.5457592339   4578160  +0.5457592010  -3.290e-08
  2189  +0.5457469695   4578057  +0.5457469225  -4.703e-08
  2190  +0.5457346781   4577954  +0.5457346439  -3.417e-08
  2191  +0.5457223596   4577851  +0.5457223654  +5.745e-09
  2192  +0.5457100140   4577747  +0.5457099676  -4.643e-08
  2193  +0.5456976413   4577644  +0.5456976891  +4.778e-08
  2194  +0.5456852413   4577540  +0.5456852913  +5.002e-08
  2195  +0.5456728140   4577435  +0.5456727743  -3.966e-08
  2196  +0.5456603593   4577331  +0.5456603765  +1.723e-08
  2197  +0.5456478773   4577226  +0.5456478596  -1.768e-08
  2198  +0.5456353677   4577121  +0.5456353426  -2.510e-08
  2199  +0.5456228306   4577016  +0.5456228256  -4.996e-09
  2200  +0.5456102659   4576911  +0.5456103086  +4.271e-08
  2201  +0.5455976736   4576805  +0.5455976725  -1.134e-09
  2202  +0.5455850535   4576699  +0.5455850363  -1.726e-08
  2203  +0.5455724057   4576593  +0.5455724001  -5.604e-09
  2204  +0.5455597300   4576487  +0.5455597639  +3.389e-08
  2205  +0.5455470264   4576380  +0.5455470085  -1.792e-08
  2206  +0.5455342949   4576273  +0.5455342531  -4.177e-08
  2207  +0.5455215353   4576166  +0.5455214977  -3.759e-08
  2208  +0.5455087477   4576059  +0.5455087423  -5.321e-09
  2209  +0.5454959318   4575952  +0.5454959869  +5.509e-08
  2210  +0.5454830878   4575844  +0.5454831123  +2.451e-08
  2211  +0.5454702155   4575736  +0.5454702377  +2.220e-08
  2212  +0.5454573149   4575628  +0.5454573631  +4.822e-08
  2213  +0.5454443859   4575519  +0.5454443693  -1.656e-08
  2214  +0.5454314284   4575410  +0.5454313755  -5.289e-08
  2215  +0.5454184424   4575302  +0.5454185009  +5.851e-08
  2216  +0.5454054278   4575192  +0.5454053879  -3.992e-08
  2217  +0.5453923846   4575083  +0.5453923941  +9.510e-09
  2218  +0.5453793126   4574973  +0.5453792810  -3.156e-08
  2219  +0.5453662119   4574863  +0.5453661680  -4.385e-08
  2220  +0.5453530823   4574753  +0.5453530550  -2.731e-08
  2221  +0.5453399238   4574643  +0.5453399420  +1.813e-08
  2222  +0.5453267364   4574532  +0.5453267097  -2.667e-08
  2223  +0.5453135200   4574421  +0.5453134775  -4.244e-08
  2224  +0.5453002744   4574310  +0.5453002453  -2.912e-08
  2225  +0.5452869997   4574199  +0.5452870131  +1.335e-08
  2226  +0.5452736958   4574087  +0.5452736616  -3.416e-08
  2227  +0.5452603626   4573975  +0.5452603102  -5.239e-08
  2228  +0.5452470000   4573863  +0.5452469587  -4.127e-08
  2229  +0.5452336080   4573751  +0.5452336073  -7.336e-10
  2230  +0.5452201866   4573638  +0.5452201366  -4.993e-08
  2231  +0.5452067356   4573526  +0.5452067852  +4.963e-08
  2232  +0.5451932550   4573413  +0.5451933146  +5.958e-08
  2233  +0.5451797447   4573299  +0.5451797247  -2.000e-08
  2234  +0.5451662047   4573186  +0.5451662540  +4.937e-08
  2235  +0.5451526349   4573072  +0.5451526642  +2.933e-08
  2236  +0.5451390352   4572958  +0.5451390743  +3.917e-08
  2237  +0.5451254055   4572843  +0.5451253653  -4.028e-08
  2238  +0.5451117459   4572729  +0.5451117754  +2.949e-08
  2239  +0.5450980562   4572614  +0.5450980663  +1.012e-08
  2240  +0.5450843364   4572499  +0.5450843573  +2.088e-08
  2241  +0.5450705863   4572383  +0.5450705290  -5.737e-08
  2242  +0.5450568061   4572268  +0.5450568199  +1.386e-08
  2243  +0.5450429954   4572152  +0.5450429916  -3.788e-09
  2244  +0.5450291544   4572036  +0.5450291634  +8.963e-09
  2245  +0.5450152829   4571920  +0.5450153351  +5.218e-08
  2246  +0.5450013809   4571803  +0.5450013876  +6.720e-09
  2247  +0.5449874482   4571686  +0.5449874401  -8.138e-09
  2248  +0.5449734850   4571569  +0.5449734926  +7.672e-09
  2249  +0.5449594909   4571452  +0.5449595451  +5.422e-08
  2250  +0.5449454661   4571334  +0.5449454784  +1.236e-08
  2251  +0.5449314104   4571216  +0.5449314117  +1.366e-09
  2252  +0.5449173237   4571098  +0.5449173450  +2.131e-08
  2253  +0.5449032061   4570979  +0.5449031591  -4.694e-08
  2254  +0.5448890574   4570861  +0.5448890924  +3.509e-08
  2255  +0.5448748775   4570742  +0.5448749065  +2.906e-08
  2256  +0.5448606664   4570623  +0.5448607206  +5.423e-08
  2257  +0.5448464240   4570503  +0.5448464155  -8.520e-09
  2258  +0.5448321503   4570383  +0.5448321104  -3.992e-08
  2259  +0.5448178452   4570263  +0.5448178053  -3.991e-08
  2260  +0.5448035086   4570143  +0.5448035002  -8.403e-09
  2261  +0.5447891404   4570023  +0.5447891951  +5.466e-08
  2262  +0.5447747406   4569902  +0.5447747707  +3.014e-08
  2263  +0.5447603091   4569781  +0.5447603464  +3.731e-08
  2264  +0.5447458458   4569659  +0.5447458029  -4.296e-08
  2265  +0.5447313507   4569538  +0.5447313786  +2.781e-08
  2266  +0.5447168237   4569416  +0.5447168350  +1.128e-08
  2267  +0.5447022648   4569294  +0.5447022915  +2.673e-08
  2268  +0.5446876737   4569171  +0.5446876287  -4.499e-08
  2269  +0.5446730506   4569049  +0.5446730852  +3.462e-08
  2270  +0.5446583953   4568926  +0.5446584225  +2.721e-08
  2271  +0.5446437077   4568803  +0.5446437597  +5.205e-08
  2272  +0.5446289878   4568679  +0.5446289778  -9.984e-09
  2273  +0.5446142354   4568555  +0.5446141958  -3.962e-08
  2274  +0.5445994507   4568431  +0.5445994139  -3.678e-08
  2275  +0.5445846333   4568307  +0.5445846319  -1.405e-09
  2276  +0.5445697834   4568182  +0.5445697308  -5.262e-08
  2277  +0.5445549007   4568058  +0.5445549488  +4.806e-08
  2278  +0.5445399854   4567932  +0.5445399284  -5.692e-08
  2279  +0.5445250371   4567807  +0.5445250273  -9.864e-09
  2280  +0.5445100560   4567681  +0.5445100069  -4.911e-08
  2281  +0.5444950419   4567555  +0.5444949865  -5.539e-08
  2282  +0.5444799948   4567429  +0.5444799662  -2.861e-08
  2283  +0.5444649145   4567303  +0.5444649458  +3.128e-08
  2284  +0.5444498011   4567176  +0.5444498062  +5.160e-09
  2285  +0.5444346543   4567049  +0.5444346666  +1.230e-08
  2286  +0.5444194743   4566922  +0.5444195271  +5.279e-08
  2287  +0.5444042608   4566794  +0.5444042683  +7.472e-09
  2288  +0.5443890138   4566666  +0.5443890095  -4.356e-09
  2289  +0.5443737333   4566538  +0.5443737507  +1.738e-08
  2290  +0.5443584192   4566409  +0.5443583727  -4.647e-08
  2291  +0.5443430713   4566281  +0.5443431139  +4.260e-08
  2292  +0.5443276897   4566152  +0.5443277359  +4.625e-08
  2293  +0.5443122742   4566022  +0.5443122387  -3.546e-08
  2294  +0.5442968247   4565893  +0.5442968607  +3.597e-08
  2295  +0.5442813413   4565763  +0.5442813635  +2.220e-08
  2296  +0.5442658238   4565633  +0.5442658663  +4.251e-08
  2297  +0.5442502721   4565502  +0.5442502499  -2.224e-08
  2298  +0.5442346862   4565371  +0.5442346334  -5.276e-08
  2299  +0.5442190660   4565240  +0.5442190170  -4.897e-08
  2300  +0.5442034114   4565109  +0.5442034006  -1.080e-08
  2301  +0.5441877224   4564977  +0.5441876650  -5.738e-08
  2302  +0.5441719988   4564846  +0.5441720486  +4.977e-08
  2303  +0.5441562406   4564713  +0.5441561937  -4.688e-08
  2304  +0.5441404477   4564581  +0.5441404581  +1.036e-08
  2305  +0.5441246201   4564448  +0.5441246033  -1.684e-08
  2306  +0.5441087576   4564315  +0.5441087484  -9.213e-09
  2307  +0.5440928603   4564182  +0.5440928936  +3.333e-08
  2308  +0.5440769279   4564048  +0.5440769196  -8.344e-09
  2309  +0.5440609605   4563914  +0.5440609455  -1.495e-08
  2310  +0.5440449579   4563780  +0.5440449715  +1.359e-08
  2311  +0.5440289201   4563645  +0.5440288782  -4.186e-08
  2312  +0.5440128470   4563511  +0.5440129042  +5.720e-08
  2313  +0.5439967385   4563375  +0.5439966917  -4.679e-08
  2314  +0.5439805946   4563240  +0.5439805984  +3.897e-09
  2315  +0.5439644151   4563104  +0.5439643860  -2.910e-08
  2316  +0.5439482000   4562968  +0.5439481735  -2.648e-08
  2317  +0.5439319492   4562832  +0.5439319611  +1.183e-08
  2318  +0.5439156627   4562695  +0.5439156294  -3.331e-08
  2319  +0.5438993403   4562558  +0.5438992977  -4.259e-08
  2320  +0.5438829820   4562421  +0.5438829660  -1.595e-08
  2321  +0.5438665877   4562284  +0.5438666344  +4.669e-08
  2322  +0.5438501573   4562146  +0.5438501835  +2.621e-08
  2323  +0.5438336907   4562008  +0.5438337326  +4.189e-08
  2324  +0.5438171879   4561869  +0.5438171625  -2.540e-08
  2325  +0.5438006488   4561730  +0.5438005924  -5.636e-08
  2326  +0.5437840732   4561591  +0.5437840223  -5.092e-08
  2327  +0.5437674612   4561452  +0.5437674522  -8.994e-09
  2328  +0.5437508127   4561312  +0.5437507629  -4.972e-08
  2329  +0.5437341274   4561172  +0.5437340736  -5.380e-08
  2330  +0.5437174055   4561032  +0.5437173843  -2.115e-08
  2331  +0.5437006467   4560892  +0.5437006950  +4.829e-08
  2332  +0.5436838511   4560751  +0.5436838865  +3.542e-08
  2333  +0.5436670185   4560610  +0.5436670780  +5.951e-08
  2334  +0.5436501489   4560468  +0.5436501503  +1.443e-09
  2335  +0.5436332421   4560326  +0.5436332226  -1.950e-08
  2336  +0.5436162981   4560184  +0.5436162949  -3.224e-09
  2337  +0.5435993168   4560042  +0.5435993671  +5.034e-08
  2338  +0.5435822981   4559899  +0.5435823202  +2.207e-08
  2339  +0.5435652420   4559756  +0.5435652733  +3.126e-08
  2340  +0.5435481484   4559612  +0.5435481071  -4.122e-08
  2341  +0.5435310171   4559469  +0.5435310602  +4.313e-08
  2342  +0.5435138481   4559325  +0.5435138941  +4.598e-08
  2343  +0.5434966413   4559180  +0.5434966087  -3.259e-08
  2344  +0.5434793967   4559036  +0.5434794426  +4.592e-08
  2345  +0.5434621141   4558891  +0.5434621572  +4.317e-08
  2346  +0.5434447934   4558745  +0.5434447527  -4.075e-08
  2347  +0.5434274347   4558600  +0.5434274673  +3.266e-08
  2348  +0.5434100377   4558454  +0.5434100628  +2.507e-08
  2349  +0.5433926025   4558308  +0.5433926582  +5.577e-08
  2350  +0.5433751288   4558161  +0.5433751345  +5.638e-09
  2351  +0.5433576167   4558014  +0.5433576107  -6.039e-09
  2352  +0.5433400661   4557867  +0.5433400869  +2.083e-08
  2353  +0.5433224768   4557719  +0.5433224440  -3.289e-08
  2354  +0.5433048489   4557571  +0.5433048010  -4.789e-08
  2355  +0.5432871821   4557423  +0.5432871580  -2.409e-08
  2356  +0.5432694765   4557275  +0.5432695150  +3.859e-08
  2357  +0.5432517318   4557126  +0.5432517529  +2.103e-08
  2358  +0.5432339482   4556977  +0.5432339907  +4.252e-08
  2359  +0.5432161253   4556827  +0.5432161093  -1.606e-08
  2360  +0.5431982633   4556677  +0.5431982279  -3.540e-08
  2361  +0.5431803619   4556527  +0.5431803465  -1.544e-08
  2362  +0.5431624212   4556377  +0.5431624651  +4.393e-08
  2363  +0.5431444409   4556226  +0.5431444645  +2.357e-08
  2364  +0.5431264211   4556075  +0.5431264639  +4.278e-08
  2365  +0.5431083616   4555923  +0.5431083441  -1.755e-08
  2366  +0.5430902624   4555771  +0.5430902243  -3.814e-08
  2367  +0.5430721233   4555619  +0.5430721045  -1.889e-08
  2368  +0.5430539444   4555467  +0.5430539846  +4.028e-08
  2369  +0.5430357254   4555314  +0.5430357456  +2.026e-08
  2370  +0.5430174663   4555161  +0.5430175066  +4.033e-08
  2371  +0.5429991670   4555007  +0.5429991484  -1.863e-08
  2372  +0.5429808274   4554853  +0.5429807901  -3.730e-08
  2373  +0.5429624475   4554699  +0.5429624319  -1.562e-08
  2374  +0.5429440272   4554545  +0.5429440737  +4.652e-08
  2375  +0.5429255662   4554390  +0.5429255962  +2.999e-08
  2376  +0.5429070647   4554235  +0.5429071188  +5.410e-08
  2377  +0.5428885224   4554079  +0.5428885221  -2.903e-10
  2378  +0.5428699394   4553923  +0.5428699255  -1.387e-08
  2379  +0.5428513154   4553767  +0.5428513288  +1.345e-08
  2380  +0.5428326504   4553610  +0.5428326130  -3.744e-08
  2381  +0.5428139444   4553453  +0.5428138971  -4.726e-08
  2382  +0.5427951972   4553296  +0.5427951813  -1.591e-08
  2383  +0.5427764087   4553139  +0.5427764654  +5.670e-08
  2384  +0.5427575789   4552981  +0.5427576303  +5.146e-08
  2385  +0.5427387076   4552822  +0.5427386761  -3.155e-08
  2386  +0.5427197948   4552664  +0.5427198410  +4.618e-08
  2387  +0.5427008404   4552505  +0.5427008867  +4.632e-08
  2388  +0.5426818443   4552345  +0.5426818132  -3.102e-08
  2389  +0.5426628063   4552186  +0.5426628590  +5.265e-08
  2390  +0.5426437265   4552026  +0.5426437855  +5.901e-08
  2391  +0.5426246046   4551865  +0.5426245928  -1.185e-08
  2392  +0.5426054407   4551704  +0.5426054001  -4.062e-08
  2393  +0.5425862346   4551543  +0.5425862074  -2.721e-08
  2394  +0.5425669862   4551382  +0.5425670147  +2.847e-08
  2395  +0.5425476955   4551220  +0.5425477028  +7.300e-09
  2396  +0.5425283623   4551058  +0.5425283909  +2.859e-08
  2397  +0.5425089866   4550895  +0.5425089598  -2.678e-08
  2398  +0.5424895682   4550732  +0.5424895287  -3.951e-08
  2399  +0.5424701070   4550569  +0.5424700975  -9.502e-09
  2400  +0.5424506031   4550405  +0.5424505472  -5.587e-08
  2401  +0.5424310562   4550241  +0.5424309969  -5.931e-08
  2402  +0.5424114663   4550077  +0.5424114466  -1.974e-08
  2403  +0.5423918333   4549912  +0.5423917770  -5.625e-08
  2404  +0.5423721571   4549747  +0.5423721075  -4.956e-08
  2405  +0.5423524375   4549582  +0.5423524380  +4.343e-10
  2406  +0.5423326746   4549416  +0.5423326492  -2.538e-08
  2407  +0.5423128682   4549250  +0.5423128605  -7.696e-09
  2408  +0.5422930182   4549084  +0.5422930717  +5.358e-08
  2409  +0.5422731245   4548917  +0.5422731638  +3.933e-08
  2410  +0.5422531870   4548749  +0.5422531366  -5.035e-08
  2411  +0.5422332056   4548582  +0.5422332287  +2.307e-08
  2412  +0.5422131803   4548414  +0.5422132015  +2.125e-08
  2413  +0.5421931109   4548245  +0.5421930552  -5.571e-08
  2414  +0.5421729973   4548077  +0.5421730280  +3.072e-08
  2415  +0.5421528394   4547908  +0.5421528816  +4.220e-08
  2416  +0.5421326372   4547738  +0.5421326160  -2.117e-08
  2417  +0.5421123905   4547568  +0.5421123505  -4.007e-08
  2418  +0.5420920993   4547398  +0.5420920849  -1.441e-08
  2419  +0.5420717634   4547228  +0.5420718193  +5.590e-08
  2420  +0.5420513828   4547057  +0.5420514345  +5.176e-08
  2421  +0.5420309572   4546885  +0.5420309305  -2.673e-08
  2422  +0.5420104868   4546714  +0.5420105457  +5.894e-08
  2423  +0.5419899713   4546541  +0.5419899225  -4.876e-08
  2424  +0.5419694106   4546369  +0.5419694185  +7.906e-09
  2425  +0.5419488047   4546196  +0.5419487953  -9.389e-09
  2426  +0.5419281534   4546023  +0.5419281721  +1.867e-08
  2427  +0.5419074567   4545849  +0.5419074297  -2.704e-08
  2428  +0.5418867145   4545675  +0.5418866873  -2.719e-08
  2429  +0.5418659266   4545501  +0.5418659449  +1.830e-08
  2430  +0.5418450929   4545326  +0.5418450832  -9.659e-09
  2431  +0.5418242134   4545151  +0.5418242216  +8.229e-09
  2432  +0.5418032879   4544975  +0.5418032408  -4.714e-08
  2433  +0.5417823164   4544799  +0.5417822599  -5.646e-08
  2434  +0.5417612987   4544623  +0.5417612791  -1.962e-08
  2435  +0.5417402348   4544446  +0.5417401791  -5.573e-08
  2436  +0.5417191245   4544269  +0.5417190790  -4.549e-08
  2437  +0.5416979678   4544092  +0.5416979790  +1.122e-08
  2438  +0.5416767644   4543914  +0.5416767597  -4.725e-09
  2439  +0.5416555145   4543736  +0.5416555405  +2.600e-08
  2440  +0.5416342177   4543557  +0.5416342020  -1.572e-08
  2441  +0.5416128741   4543378  +0.5416128635  -1.057e-08
  2442  +0.5415914835   4543199  +0.5415915251  +4.155e-08
  2443  +0.5415700459   4543019  +0.5415700674  +2.154e-08
  2444  +0.5415485610   4542839  +0.5415486097  +4.871e-08
  2445  +0.5415270289   4542658  +0.5415270329  +3.956e-09
  2446  +0.5415054494   4542477  +0.5415054560  +6.590e-09
  2447  +0.5414838224   4542296  +0.5414838791  +5.672e-08
  2448  +0.5414621478   4542114  +0.5414621830  +3.523e-08
  2449  +0.5414404255   4541931  +0.5414403677  -5.776e-08
  2450  +0.5414186553   4541749  +0.5414186716  +1.626e-08
  2451  +0.5413968373   4541566  +0.5413968563  +1.898e-08
  2452  +0.5413749713   4541382  +0.5413749218  -4.948e-08
  2453  +0.5413530571   4541199  +0.5413531065  +4.938e-08
  2454  +0.5413310947   4541014  +0.5413310528  -4.194e-08
  2455  +0.5413090840   4540830  +0.5413091183  +3.428e-08
  2456  +0.5412870248   4540645  +0.5412870646  +3.973e-08
  2457  +0.5412649171   4540459  +0.5412648916  -2.548e-08
  2458  +0.5412427607   4540273  +0.5412427187  -4.204e-08
  2459  +0.5412205556   4540087  +0.5412205458  -9.832e-09
  2460  +0.5411983016   4539900  +0.5411982536  -4.797e-08
  2461  +0.5411759986   4539713  +0.5411759615  -3.712e-08
  2462  +0.5411536466   4539526  +0.5411536694  +2.280e-08
  2463  +0.5411312453   4539338  +0.5411312580  +1.271e-08
  2464  +0.5411087947   4539150  +0.5411088467  +5.193e-08
  2465  +0.5410862948   4538961  +0.5410863161  +2.134e-08
  2466  +0.5410637453   4538772  +0.5410637856  +4.026e-08
  2467  +0.5410411462   4538582  +0.5410411358  -1.039e-08
  2468  +0.5410184973   4538392  +0.5410184860  -1.131e-08
  2469  +0.5409957986   4538202  +0.5409958363  +3.762e-08
  2470  +0.5409730500   4538011  +0.5409730673  +1.729e-08
  2471  +0.5409502513   4537820  +0.5409502983  +4.703e-08
  2472  +0.5409274024   4537628  +0.5409274101  +7.737e-09
  2473  +0.5409045032   4537436  +0.5409045219  +1.873e-08
  2474  +0.5408815536   4537243  +0.5408815145  -3.910e-08
  2475  +0.5408585536   4537050  +0.5408585072  -4.641e-08
  2476  +0.5408355029   4536857  +0.5408354998  -3.108e-09
  2477  +0.5408124014   4536663  +0.5408123732  -2.828e-08
  2478  +0.5407892492   4536469  +0.5407892466  -2.620e-09
  2479  +0.5407660460   4536274  +0.5407660007  -4.521e-08
  2480  +0.5407427917   4536079  +0.5407427549  -3.674e-08
  2481  +0.5407194862   4535884  +0.5407195091  +2.292e-08
  2482  +0.5406961295   4535688  +0.5406961441  +1.465e-08
  2483  +0.5406727213   4535492  +0.5406727791  +5.778e-08
  2484  +0.5406492616   4535295  +0.5406492949  +3.323e-08
  2485  +0.5406257503   4535097  +0.5406256914  -5.891e-08
  2486  +0.5406021873   4534900  +0.5406022072  +1.991e-08
  2487  +0.5405785724   4534702  +0.5405786037  +3.137e-08
  2488  +0.5405549055   4534503  +0.5405548811  -2.440e-08
  2489  +0.5405311865   4534304  +0.5405311584  -2.809e-08
  2490  +0.5405074154   4534105  +0.5405074358  +2.043e-08
  2491  +0.5404835919   4533905  +0.5404835939  +2.045e-09
  2492  +0.5404597160   4533705  +0.5404597521  +3.609e-08
  2493  +0.5404357875   4533504  +0.5404357910  +3.480e-09
  2494  +0.5404118064   4533303  +0.5404118299  +2.353e-08
  2495  +0.5403877725   4533101  +0.5403877497  -2.286e-08
  2496  +0.5403636857   4532899  +0.5403636694  -1.635e-08
  2497  +0.5403395459   4532697  +0.5403395891  +4.317e-08
  2498  +0.5403153530   4532494  +0.5403153896  +3.661e-08
  2499  +0.5402911069   4532290  +0.5402910709  -3.592e-08
  2500  +0.5402668073   4532086  +0.5402667522  -5.509e-08
  2501  +0.5402424543   4531882  +0.5402424335  -2.079e-08
  2502  +0.5402180477   4531677  +0.5402179956  -5.209e-08
  2503  +0.5401935874   4531472  +0.5401935577  -2.968e-08
  2504  +0.5401690733   4531267  +0.5401691198  +4.656e-08
  2505  +0.5401445052   4531061  +0.5401445627  +5.754e-08
  2506  +0.5401198830   4530854  +0.5401198864  +3.384e-09
  2507  +0.5400952067   4530647  +0.5400952101  +3.413e-09
  2508  +0.5400704760   4530440  +0.5400705338  +5.775e-08
  2509  +0.5400456909   4530232  +0.5400457382  +4.731e-08
  2510  +0.5400208513   4530023  +0.5400208235  -2.780e-08
  2511  +0.5399959570   4529814  +0.5399959087  -4.824e-08
  2512  +0.5399710079   4529605  +0.5399709940  -1.390e-08
  2513  +0.5399460039   4529395  +0.5399459600  -4.385e-08
  2514  +0.5399209449   4529185  +0.5399209261  -1.878e-08
  2515  +0.5398958307   4528974  +0.5398957729  -5.776e-08
  2516  +0.5398706613   4528763  +0.5398706198  -4.148e-08
  2517  +0.5398454364   4528552  +0.5398454666  +3.020e-08
  2518  +0.5398201561   4528340  +0.5398201942  +3.818e-08
  2519  +0.5397948201   4528127  +0.5397948027  -1.741e-08
  2520  +0.5397694283   4527914  +0.5397694111  -1.724e-08
  2521  +0.5397439807   4527701  +0.5397440195  +3.881e-08
  2522  +0.5397184771   4527487  +0.5397185087  +3.166e-08
  2523  +0.5396929173   4527272  +0.5396928787  -3.858e-08
  2524  +0.5396673013   4527057  +0.5396672487  -5.256e-08
  2525  +0.5396416289   4526842  +0.5396416187  -1.017e-08
  2526  +0.5396159000   4526626  +0.5396158695  -3.048e-08
  2527  +0.5395901145   4526410  +0.5395901203  +5.826e-09
  2528  +0.5395642722   4526193  +0.5395642519  -2.033e-08
  2529  +0.5395383731   4525976  +0.5395383835  +1.039e-08
  2530  +0.5395124170   4525758  +0.5395123959  -2.110e-08
  2531  +0.5394864037   4525540  +0.5394864082  +4.537e-09
  2532  +0.5394603332   4525321  +0.5394603014  -3.179e-08
  2533  +0.5394342053   4525102  +0.5394341946  -1.074e-08
  2534  +0.5394080199   4524882  +0.5394079685  -5.139e-08
  2535  +0.5393817769   4524662  +0.5393817425  -3.442e-08
  2536  +0.5393554761   4524442  +0.5393555164  +4.031e-08
  2537  +0.5393291175   4524221  +0.5393291712  +5.371e-08
  2538  +0.5393027008   4523999  +0.5393027067  +5.913e-09
  2539  +0.5392762260   4523777  +0.5392762423  +1.625e-08
  2540  +0.5392496929   4523554  +0.5392496586  -3.435e-08
  2541  +0.5392231015   4523331  +0.5392230749  -2.656e-08
  2542  +0.5391964515   4523108  +0.5391964912  +3.976e-08
  2543  +0.5391697428   4522884  +0.5391697884  +4.551e-08
  2544  +0.5391429754   4522659  +0.5391429663  -9.159e-09
  2545  +0.5391161491   4522434  +0.5391161442  -4.921e-09
  2546  +0.5390892637   4522209  +0.5390893221  +5.836e-08
  2547  +0.5390623192   4521982  +0.5390622616  -5.762e-08
  2548  +0.5390353154   4521756  +0.5390353203  +4.923e-09
  2549  +0.5390082521   4521529  +0.5390082598  +7.682e-09
  2550  +0.5389811293   4521301  +0.5389810801  -4.921e-08
  2551  +0.5389539467   4521073  +0.5389539003  -4.640e-08
  2552  +0.5389267044   4520845  +0.5389267206  +1.622e-08
  2553  +0.5388994021   4520616  +0.5388994217  +1.960e-08
  2554  +0.5388720397   4520386  +0.5388720036  -3.615e-08
  2555  +0.5388446171   4520156  +0.5388445854  -3.168e-08
  2556  +0.5388171341   4519926  +0.5388171673  +3.314e-08
  2557  +0.5387895907   4519695  +0.5387896299  +3.924e-08
  2558  +0.5387619866   4519463  +0.5387619734  -1.325e-08
  2559  +0.5387343218   4519231  +0.5387343168  -4.986e-09
  2560  +0.5387065961   4518998  +0.5387065411  -5.505e-08
  2561  +0.5386788094   4518765  +0.5386787653  -4.409e-08
  2562  +0.5386509615   4518532  +0.5386509895  +2.802e-08
  2563  +0.5386230524   4518298  +0.5386230946  +4.221e-08
  2564  +0.5385950818   4518063  +0.5385950804  -1.388e-09
  2565  +0.5385670496   4517828  +0.5385670662  +1.657e-08
  2566  +0.5385389558   4517592  +0.5385389328  -2.298e-08
  2567  +0.5385108001   4517356  +0.5385107994  -6.995e-10
  2568  +0.5384825825   4517119  +0.5384825468  -3.566e-08
  2569  +0.5384543027   4516882  +0.5384542942  -8.527e-09
  2570  +0.5384259608   4516644  +0.5384259224  -3.836e-08
  2571  +0.5383975564   4516406  +0.5383975506  -5.815e-09
  2572  +0.5383690895   4516167  +0.5383690596  -2.997e-08
  2573  +0.5383405600   4515928  +0.5383405685  +8.534e-09
  2574  +0.5383119677   4515688  +0.5383119583  -9.386e-09
  2575  +0.5382833125   4515448  +0.5382833481  +3.562e-08
  2576  +0.5382545942   4515207  +0.5382546186  +2.449e-08
  2577  +0.5382258127   4514965  +0.5382257700  -4.265e-08
  2578  +0.5381969678   4514723  +0.5381969213  -4.645e-08
  2579  +0.5381680595   4514481  +0.5381680727  +1.324e-08
  2580  +0.5381390875   4514238  +0.5381391048  +1.734e-08
  2581  +0.5381100518   4513994  +0.5381100178  -3.400e-08
  2582  +0.5380809522   4513750  +0.5380809307  -2.144e-08
  2583  +0.5380517885   4513506  +0.5380518436  +5.516e-08
  2584  +0.5380225606   4513260  +0.5380225182  -4.247e-08
  2585  +0.5379932684   4513015  +0.5379933119  +4.344e-08
  2586  +0.5379639118   4512768  +0.5379638672  -4.460e-08
  2587  +0.5379344905   4512522  +0.5379345417  +5.118e-08
  2588  +0.5379050045   4512274  +0.5379049778  -2.671e-08
  2589  +0.5378754536   4512026  +0.5378754139  -3.970e-08
  2590  +0.5378458376   4511778  +0.5378458500  +1.235e-08
  2591  +0.5378161565   4511529  +0.5378161669  +1.036e-08
  2592  +0.5377864101   4511279  +0.5377863646  -4.550e-08
  2593  +0.5377565981   4511029  +0.5377565622  -3.590e-08
  2594  +0.5377267206   4510779  +0.5377267599  +3.932e-08
  2595  +0.5376967773   4510527  +0.5376967192  -5.813e-08
  2596  +0.5376667681   4510276  +0.5376667976  +2.954e-08
  2597  +0.5376366929   4510023  +0.5376366377  -5.516e-08
  2598  +0.5376065514   4509771  +0.5376065969  +4.554e-08
  2599  +0.5375763436   4509517  +0.5375763178  -2.585e-08
  2600  +0.5375460694   4509263  +0.5375460386  -3.074e-08
  2601  +0.5375157285   4509009  +0.5375157595  +3.099e-08
  2602  +0.5374853208   4508754  +0.5374853611  +4.030e-08
  2603  +0.5374548462   4508498  +0.5374548435  -2.686e-09
  2604  +0.5374243045   4508242  +0.5374243259  +2.141e-08
  2605  +0.5373936956   4507985  +0.5373936892  -6.492e-09
  2606  +0.5373630194   4507728  +0.5373630524  +3.298e-08
  2607  +0.5373322756   4507470  +0.5373322964  +2.076e-08
  2608  +0.5373014642   4507211  +0.5373014212  -4.301e-08
  2609  +0.5372705849   4506952  +0.5372705460  -3.896e-08
  2610  +0.5372396377   4506693  +0.5372396708  +3.305e-08
  2611  +0.5372086224   4506433  +0.5372086763  +5.397e-08
  2612  +0.5371775388   4506172  +0.5371775627  +2.394e-08
  2613  +0.5371463868   4505910  +0.5371463299  -5.689e-08
  2614  +0.5371151662   4505649  +0.5371152163  +5.006e-08
  2615  +0.5370838769   4505386  +0.5370838642  -1.269e-08
  2616  +0.5370525188   4505123  +0.5370525122  -6.583e-09
  2617  +0.5370210916   4504859  +0.5370210409  -5.066e-08
  2618  +0.5369895952   4504595  +0.5369895697  -2.557e-08
  2619  +0.5369580296   4504330  +0.5369579792  -5.036e-08
  2620  +0.5369263944   4504065  +0.5369263887  -5.684e-09
  2621  +0.5368946897   4503799  +0.5368946791  -1.058e-08
  2622  +0.5368629151   4503533  +0.5368629694  +5.430e-08
  2623  +0.5368310706   4503265  +0.5368310213  -4.930e-08
  2624  +0.5367991560   4502998  +0.5367991924  +3.639e-08
  2625  +0.5367671712   4502729  +0.5367671251  -4.608e-08
  2626  +0.5367351160   4502460  +0.5367350578  -5.816e-08
  2627  +0.5367029902   4502191  +0.5367029905  +3.160e-10
  2628  +0.5366707937   4501921  +0.5366708040  +1.029e-08
  2629  +0.5366385264   4501650  +0.5366384983  -2.808e-08
  2630  +0.5366061880   4501379  +0.5366061926  +4.577e-09
  2631  +0.5365737785   4501107  +0.5365737677  -1.080e-08
  2632  +0.5365412976   4500835  +0.5365413427  +4.515e-08
  2633  +0.5365087452   4500562  +0.5365087986  +5.339e-08
  2634  +0.5364761212   4500288  +0.5364761353  +1.407e-08
  2635  +0.5364434254   4500014  +0.5364434719  +4.656e-08
  2636  +0.5364106576   4499739  +0.5364106894  +3.180e-08
  2637  +0.5363778176   4499463  +0.5363777876  -3.005e-08
  2638  +0.5363449054   4499187  +0.5363448858  -1.961e-08
  2639  +0.5363119208   4498910  +0.5363118649  -5.594e-08
  2640  +0.5362788635   4498633  +0.5362788439  -1.967e-08
  2641  +0.5362457335   4498355  +0.5362457037  -2.984e-08
  2642  +0.5362125306   4498077  +0.5362125635  +3.290e-08
  2643  +0.5361792546   4497798  +0.5361793041  +4.952e-08
  2644  +0.5361459053   4497518  +0.5361459255  +2.017e-08
  2645  +0.5361124827   4497237  +0.5361124277  -5.498e-08
  2646  +0.5360789865   4496956  +0.5360789299  -5.657e-08
  2647  +0.5360454165   4496675  +0.5360454321  +1.558e-08
  2648  +0.5360117727   4496393  +0.5360118151  +4.240e-08
  2649  +0.5359780548   4496110  +0.5359780788  +2.407e-08
  2650  +0.5359442627   4495826  +0.5359442234  -3.925e-08
  2651  +0.5359103962   4495542  +0.5359103680  -2.819e-08
  2652  +0.5358764551   4495258  +0.5358765125  +5.741e-08
  2653  +0.5358424394   4494972  +0.5358424187  -2.070e-08
  2654  +0.5358083487   4494686  +0.5358083248  -2.393e-08
  2655  +0.5357741831   4494400  +0.5357742310  +4.787e-08
  2656  +0.5357399422   4494112  +0.5357398987  -4.354e-08
  2657  +0.5357056260   4493824  +0.5357055664  -5.958e-08
  2658  +0.5356712342   4493536  +0.5356712341  -8.889e-11
  2659  +0.5356367667   4493247  +0.5356367826  +1.590e-08
  2660  +0.5356022234   4492957  +0.5356022120  -1.146e-08
  2661  +0.5355676040   4492667  +0.5355676413  +3.722e-08
  2662  +0.5355329085   4492376  +0.5355329514  +4.290e-08
  2663  +0.5354981365   4492084  +0.5354981422  +5.739e-09
  2664  +0.5354632880   4491792  +0.5354633331  +4.512e-08
  2665  +0.5354283628   4491499  +0.5354284048  +4.199e-08
  2666  +0.5353933607   4491205  +0.5353933573  -3.461e-09
  2667  +0.5353582816   4490911  +0.5353583097  +2.813e-08
  2668  +0.5353231253   4490616  +0.5353231430  +1.773e-08
  2669  +0.5352878915   4490320  +0.5352878571  -3.449e-08
  2670  +0.5352525803   4490024  +0.5352525711  -9.157e-09
  2671  +0.5352171913   4489727  +0.5352171659  -2.530e-08
  2672  +0.5351817243   4489430  +0.5351817608  +3.645e-08
  2673  +0.5351461794   4489132  +0.5351462364  +5.707e-08
  2674  +0.5351105561   4488833  +0.5351105928  +3.672e-08
  2675  +0.5350748545   4488533  +0.5350748301  -2.443e-08
  2676  +0.5350390742   4488233  +0.5350390673  -6.981e-09
  2677  +0.5350032153   4487932  +0.5350031853  -2.998e-08
  2678  +0.5349672773   4487631  +0.5349673033  +2.595e-08
  2679  +0.5349312603   4487329  +0.5349313021  +4.179e-08
  2680  +0.5348951640   4487026  +0.5348951817  +1.770e-08
  2681  +0.5348589882   4486722  +0.5348589420  -4.615e-08
  2682  +0.5348227328   4486418  +0.5348227024  -3.035e-08
  2683  +0.5347863975   4486113  +0.5347863436  -5.396e-08
  2684  +0.5347499823   4485808  +0.5347499847  +2.419e-09
  2685  +0.5347134869   4485502  +0.5347135067  +1.975e-08
  2686  +0.5346769112   4485195  +0.5346769094  -1.790e-09
  2687  +0.5346402550   4484888  +0.5346403122  +5.719e-08
  2688  +0.5346035181   4484579  +0.5346034765  -4.156e-08
  2689  +0.5345667003   4484270  +0.5345666409  -5.944e-08
  2690  +0.5345298015   4483961  +0.5345298052  +3.730e-09
  2691  +0.5344928214   4483651  +0.5344928503  +2.892e-08
  2692  +0.5344557599   4483340  +0.5344557762  +1.631e-08
  2693  +0.5344186168   4483028  +0.5344185829  -3.393e-08
  2694  +0.5343813920   4482716  +0.5343813896  -2.396e-09
  2695  +0.5343440852   4482403  +0.5343440771  -8.126e-09
  2696  +0.5343066963   4482089  +0.5343066454  -5.094e-08
  2697  +0.5342692251   4481775  +0.5342692137  -1.144e-08
  2698  +0.5342316714   4481460  +0.5342316628  -8.666e-09
  2699  +0.5341940350   4481144  +0.5341939926  -4.243e-08
  2700  +0.5341563158   4480828  +0.5341563225  +6.667e-09
  2701  +0.5341185135   4480511  +0.5341185331  +1.959e-08
  2702  +0.5340806281   4480193  +0.5340806246  -3.479e-09
  2703  +0.5340426592   4479875  +0.5340427160  +5.686e-08
  2704  +0.5340046067   4479555  +0.5340045691  -3.764e-08
  2705  +0.5339664704   4479235  +0.5339664221  -4.836e-08
  2706  +0.5339282502   4478915  +0.5339282751  +2.487e-08
  2707  +0.5338899459   4478593  +0.5338898897  -5.617e-08
  2708  +0.5338515572   4478271  +0.5338515043  -5.289e-08
  2709  +0.5338130840   4477949  +0.5338131189  +3.491e-08
  2710  +0.5337745261   4477625  +0.5337744951  -3.101e-08
  2711  +0.5337358834   4477301  +0.5337358713  -1.205e-08
  2712  +0.5336971555   4476976  +0.5336971283  -2.722e-08
  2713  +0.5336583424   4476651  +0.5336583853  +4.287e-08
  2714  +0.5336194438   4476324  +0.5336194038  -4.001e-08
  2715  +0.5335804596   4475997  +0.5335804224  -3.725e-08
  2716  +0.5335413896   4475670  +0.5335414410  +5.134e-08
  2717  +0.5335022336   4475341  +0.5335022211  -1.248e-08
  2718  +0.5334629913   4475012  +0.5334630013  +9.914e-09
  2719  +0.5334236627   4474682  +0.5334236622  -5.099e-10
  2720  +0.5333842475   4474351  +0.5333842039  -4.356e-08
  2721  +0.5333447455   4474020  +0.5333447456  +1.750e-10
  2722  +0.5333051565   4473688  +0.5333051682  +1.167e-08
  2723  +0.5332654803   4473355  +0.5332654715  -8.891e-09
  2724  +0.5332257169   4473022  +0.5332257748  +5.790e-08
  2725  +0.5331858658   4472687  +0.5331858397  -2.617e-08
  2726  +0.5331459271   4472352  +0.5331459045  -2.251e-08
  2727  +0.5331059003   4472016  +0.5331058502  -5.013e-08
  2728  +0.5330657855   4471680  +0.5330657959  +1.039e-08
  2729  +0.5330255824   4471343  +0.5330256224  +4.001e-08
  2730  +0.5329852907   4471005  +0.5329853296  +3.894e-08
  2731  +0.5329449103   4470666  +0.5329449177  +7.373e-09
  2732  +0.5329044410   4470326  +0.5329043865  -5.450e-08
  2733  +0.5328638826   4469986  +0.5328638554  -2.726e-08
  2734  +0.5328232349   4469645  +0.5328232050  -2.994e-08
  2735  +0.5327824977   4469304  +0.5327825546  +5.688e-08
  2736  +0.5327416709   4468961  +0.5327416658  -5.025e-09
  2737  +0.5327007541   4468618  +0.5327007771  +2.296e-08
  2738  +0.5326597472   4468274  +0.5326597691  +2.183e-08
  2739  +0.5326186501   4467929  +0.5326186419  -8.218e-09
  2740  +0.5325774624   4467584  +0.5325775146  +5.222e-08
  2741  +0.5325361841   4467237  +0.5325361490  -3.507e-08
  2742  +0.5324948149   4466890  +0.5324947834  -3.148e-08
  2743  +0.5324533546   4466542  +0.5324532986  -5.600e-08
  2744  +0.5324118030   4466194  +0.5324118137  +1.076e-08
  2745  +0.5323701599   4465845  +0.5323702097  +4.981e-08
  2746  +0.5323284251   4465494  +0.5323283672  -5.786e-08
  2747  +0.5322865984   4465144  +0.5322866440  +4.556e-08
  2748  +0.5322446796   4464792  +0.5322446823  +2.672e-09
  2749  +0.5322026686   4464440  +0.5322027206  +5.208e-08
  2750  +0.5321605650   4464086  +0.5321605206  -4.442e-08
  2751  +0.5321183687   4463732  +0.5321183205  -4.821e-08
  2752  +0.5320760795   4463378  +0.5320761204  +4.091e-08
  2753  +0.5320336971   4463022  +0.5320336819  -1.527e-08
  2754  +0.5319912215   4462666  +0.5319912434  +2.188e-08
  2755  +0.5319486523   4462309  +0.5319486856  +3.335e-08
  2756  +0.5319059894   4461951  +0.5319060087  +1.935e-08
  2757  +0.5318632325   4461592  +0.5318632126  -1.992e-08
  2758  +0.5318203815   4461233  +0.5318204165  +3.497e-08
  2759  +0.5317774361   4460872  +0.5317773819  -5.420e-08
  2760  +0.5317343961   4460511  +0.5317343473  -4.881e-08
  2761  +0.5316912614   4460150  +0.5316913128  +5.137e-08
  2762  +0.5316480317   4459787  +0.5316480398  +8.108e-09
  2763  +0.5316047068   4459423  +0.5316046476  -5.916e-08
  2764  +0.5315612865   4459059  +0.5315612555  -3.103e-08
  2765  +0.5315177706   4458694  +0.5315177441  -2.649e-08
  2766  +0.5314741588   4458328  +0.5314741135  -4.533e-08
  2767  +0.5314304510   4457962  +0.5314304829  +3.187e-08
  2768  +0.5313866469   4457594  +0.5313866138  -3.310e-08
  2769  +0.5313427464   4457226  +0.5313427448  -1.597e-09
  2770  +0.5312987492   4456857  +0.5312987566  +7.369e-09
  2771  +0.5312546551   4456487  +0.5312546492  -5.984e-09
  2772  +0.5312104640   4456116  +0.5312104225  -4.144e-08
  2773  +0.5311661754   4455745  +0.5311661959  +2.042e-08
  2774  +0.5311217894   4455372  +0.5311217308  -5.860e-08
  2775  +0.5310773056   4454999  +0.5310772657  -3.987e-08
  2776  +0.5310327239   4454625  +0.5310326815  -4.239e-08
  2777  +0.5309880439   4454251  +0.5309880972  +5.328e-08
  2778  +0.5309432656   4453875  +0.5309432745  +8.926e-09
  2779  +0.5308983886   4453498  +0.5308983326  -5.602e-08
  2780  +0.5308534128   4453121  +0.5308533907  -2.213e-08
  2781  +0.5308083380   4452743  +0.5308083296  -8.401e-09
  2782  +0.5307631639   4452364  +0.5307631493  -1.461e-08
  2783  +0.5307178903   4451984  +0.5307178497  -4.053e-08
  2784  +0.5306725170   4451604  +0.5306725502  +3.325e-08
  2785  +0.5306270437   4451222  +0.5306270123  -3.145e-08
  2786  +0.5305814703   4450840  +0.5305814743  +3.996e-09
  2787  +0.5305357965   4450457  +0.5305358171  +2.061e-08
  2788  +0.5304900222   4450073  +0.5304900408  +1.860e-08
  2789  +0.5304441470   4449688  +0.5304441452  -1.791e-09
  2790  +0.5303981708   4449302  +0.5303981304  -4.036e-08
  2791  +0.5303520933   4448916  +0.5303521156  +2.234e-08
  2792  +0.5303059143   4448528  +0.5303058624  -5.189e-08
  2793  +0.5302596336   4448140  +0.5302596092  -2.442e-08
  2794  +0.5302132510   4447751  +0.5302132368  -1.421e-08
  2795  +0.5301667662   4447361  +0.5301667452  -2.106e-08
  2796  +0.5301201791   4446970  +0.5301201344  -4.473e-08
  2797  +0.5300734893   4446579  +0.5300735235  +3.422e-08
  2798  +0.5300266967   4446186  +0.5300266743  -2.242e-08
  2799  +0.5299798010   4445793  +0.5299798250  +2.402e-08
  2800  +0.5299328020   4445399  +0.5299328566  +5.454e-08
  2801  +0.5298856995   4445003  +0.5298856497  -4.984e-08
  2802  +0.5298384933   4444607  +0.5298384428  -5.047e-08
  2803  +0.5297911830   4444211  +0.5297912359  +5.289e-08
  2804  +0.5297437686   4443813  +0.5297437906  +2.204e-08
  2805  +0.5296962497   4443414  +0.5296962261  -2.358e-08
  2806  +0.5296486261   4443015  +0.5296486616  +3.548e-08
  2807  +0.5296008977   4442614  +0.5296008587  -3.898e-08
  2808  +0.5295530641   4442213  +0.5295530558  -8.307e-09
  2809  +0.5295051251   4441811  +0.5295051336  +8.528e-09
  2810  +0.5294570805   4441408  +0.5294570923  +1.175e-08
  2811  +0.5294089301   4441004  +0.5294089317  +1.607e-09
  2812  +0.5293606737   4440599  +0.5293606520  -2.168e-08
  2813  +0.5293123109   4440193  +0.5293122530  -5.788e-08
  2814  +0.5292638416   4439787  +0.5292638540  +1.247e-08
  2815  +0.5292152655   4439379  +0.5292152166  -4.883e-08
  2816  +0.5291665824   4438971  +0.5291665792  -3.122e-09
  2817  +0.5291177920   4438562  +0.5291178226  +3.063e-08
  2818  +0.5290688942   4438152  +0.5290689468  +5.265e-08
  2819  +0.5290198886   4437740  +0.5290198326  -5.603e-08
  2820  +0.5289707751   4437328  +0.5289707184  -5.674e-08
  2821  +0.5289215534   4436916  +0.5289216042  +5.074e-08
  2822  +0.5288722233   4436502  +0.5288722515  +2.825e-08
  2823  +0.5288227844   4436087  +0.5288227797  -4.782e-09
  2824  +0.5287732367   4435671  +0.5287731886  -4.810e-08
  2825  +0.5287235798   4435255  +0.5287235975  +1.774e-08
  2826  +0.5286738135   4434837  +0.5286737680  -4.544e-08
  2827  +0.5286239375   4434419  +0.5286239386  +1.028e-09
  2828  +0.5285739517   4434000  +0.5285739899  +3.817e-08
  2829  +0.5285238557   4433579  +0.5285238028  -5.298e-08
  2830  +0.5284736494   4433158  +0.5284736156  -3.375e-08
  2831  +0.5284233324   4432736  +0.5284233093  -2.312e-08
  2832  +0.5283729046   4432313  +0.5283728838  -2.084e-08
  2833  +0.5283223657   4431889  +0.5283223391  -2.666e-08
  2834  +0.5282717154   4431464  +0.5282716751  -4.034e-08
  2835  +0.5282209536   4431039  +0.5282210112  +5.758e-08
  2836  +0.5281700799   4430612  +0.5281701088  +2.893e-08
  2837  +0.5281190941   4430184  +0.5281190872  -6.833e-09
  2838  +0.5280679959   4429755  +0.5280679464  -4.947e-08
  2839  +0.5280167852   4429326  +0.5280168056  +2.049e-08
  2840  +0.5279654616   4428895  +0.5279654264  -3.514e-08
  2841  +0.5279140249   4428464  +0.5279140472  +2.233e-08
  2842  +0.5278624749   4428031  +0.5278624296  -4.529e-08
  2843  +0.5278108113   4427598  +0.5278108120  +6.891e-10
  2844  +0.5277590339   4427164  +0.5277590752  +4.130e-08
  2845  +0.5277071423   4426728  +0.5277070999  -4.242e-08
  2846  +0.5276551365   4426292  +0.5276551247  -1.179e-08
  2847  +0.5276030160   4425855  +0.5276030302  +1.423e-08
  2848  +0.5275507806   4425417  +0.5275508165  +3.589e-08
  2849  +0.5274984302   4424978  +0.5274984837  +5.346e-08
  2850  +0.5274459644   4424537  +0.5274459124  -5.204e-08
  2851  +0.5273933830   4424096  +0.5273933411  -4.192e-08
  2852  +0.5273406857   4423654  +0.5273406506  -3.513e-08
  2853  +0.5272878723   4423211  +0.5272878408  -3.142e-08
  2854  +0.5272349424   4422767  +0.5272349119  -3.053e-08
  2855  +0.5271818960   4422322  +0.5271818638  -3.221e-08
  2856  +0.5271287326   4421876  +0.5271286964  -3.619e-08
  2857  +0.5270754521   4421429  +0.5270754099  -4.222e-08
  2858  +0.5270220542   4420981  +0.5270220041  -5.003e-08
  2859  +0.5269685385   4420532  +0.5269684792  -5.937e-08
  2860  +0.5269149050   4420083  +0.5269149542  +4.923e-08
  2861  +0.5268611532   4419632  +0.5268611908  +3.761e-08
  2862  +0.5268072829   4419180  +0.5268073082  +2.526e-08
  2863  +0.5267532940   4418727  +0.5267533064  +1.242e-08
  2864  +0.5266991860   4418273  +0.5266991854  -6.365e-10
  2865  +0.5266449588   4417818  +0.5266449451  -1.365e-08
  2866  +0.5265906121   4417362  +0.5265905857  -2.634e-08
  2867  +0.5265361455   4416905  +0.5265361071  -3.847e-08
  2868  +0.5264815590   4416447  +0.5264815092  -4.975e-08
  2869  +0.5264268521   4415989  +0.5264269114  +5.928e-08
  2870  +0.5263720246   4415529  +0.5263720751  +5.048e-08
  2871  +0.5263170763   4415068  +0.5263171196  +4.332e-08
  2872  +0.5262620068   4414606  +0.5262620449  +3.806e-08
  2873  +0.5262068160   4414143  +0.5262068510  +3.499e-08
  2874  +0.5261515035   4413679  +0.5261515379  +3.435e-08
  2875  +0.5260960691   4413214  +0.5260961056  +3.644e-08
  2876  +0.5260405125   4412748  +0.5260405540  +4.151e-08
  2877  +0.5259848335   4412281  +0.5259848833  +4.983e-08
  2878  +0.5259290317   4411812  +0.5259289742  -5.752e-08
  2879  +0.5258731069   4411343  +0.5258730650  -4.187e-08
  2880  +0.5258170588   4410873  +0.5258170366  -2.214e-08
  2881  +0.5257608871   4410402  +0.5257608891  +1.938e-09
  2882  +0.5257045916   4409930  +0.5257046223  +3.063e-08
  2883  +0.5256481721   4409456  +0.5256481171  -5.499e-08
  2884  +0.5255916281   4408982  +0.5255916119  -1.623e-08
  2885  +0.5255349595   4408507  +0.5255349874  +2.798e-08
  2886  +0.5254781659   4408030  +0.5254781246  -4.130e-08
  2887  +0.5254212472   4407553  +0.5254212618  +1.463e-08
  2888  +0.5253642029   4407074  +0.5253641605  -4.237e-08
  2889  +0.5253070329   4406595  +0.5253070593  +2.639e-08
  2890  +0.5252497368   4406114  +0.5252497196  -1.722e-08
  2891  +0.5251923145   4405632  +0.5251922607  -5.372e-08
  2892  +0.5251347655   4405150  +0.5251348019  +3.638e-08
  2893  +0.5250770896   4404666  +0.5250771046  +1.495e-08
  2894  +0.5250192866   4404181  +0.5250192881  +1.483e-09
  2895  +0.5249613561   4403695  +0.5249613523  -3.750e-09
  2896  +0.5249032979   4403208  +0.5249032974  -4.597e-10
  2897  +0.5248451117   4402720  +0.5248451233  +1.164e-08
  2898  +0.5247867971   4402231  +0.5247868299  +3.282e-08
  2899  +0.5247283540   4401740  +0.5247282982  -5.583e-08
  2900  +0.5246697820   4401249  +0.5246697664  -1.561e-08
  2901  +0.5246110809   4400757  +0.5246111155  +3.455e-08
  2902  +0.5245522503   4400263  +0.5245522261  -2.426e-08
  2903  +0.5244932900   4399769  +0.5244933367  +4.666e-08
  2904  +0.5244341997   4399273  +0.5244342089  +9.172e-09
  2905  +0.5243749791   4398776  +0.5243749619  -1.722e-08
  2906  +0.5243156278   4398278  +0.5243155956  -3.222e-08
  2907  +0.5242561457   4397779  +0.5242561102  -3.555e-08
  2908  +0.5241965325   4397279  +0.5241965055  -2.691e-08
  2909  +0.5241367877   4396778  +0.5241367817  -6.013e-09
  2910  +0.5240769112   4396276  +0.5240769386  +2.743e-08
  2911  +0.5240169026   4395772  +0.5240168571  -4.549e-08
  2912  +0.5239567617   4395268  +0.5239567757  +1.393e-08
  2913  +0.5238964882   4394762  +0.5238964558  -3.242e-08
  2914  +0.5238360817   4394256  +0.5238361359  +5.415e-08
  2915  +0.5237755420   4393748  +0.5237755775  +3.554e-08
  2916  +0.5237148688   4393239  +0.5237149000  +3.124e-08
  2917  +0.5236540617   4392729  +0.5236541033  +4.155e-08
  2918  +0.5235931206   4392217  +0.5235930681  -5.243e-08
  2919  +0.5235320450   4391705  +0.5235320330  -1.200e-08
  2920  +0.5234708347   4391192  +0.5234708786  +4.393e-08
  2921  +0.5234094894   4390677  +0.5234094858  -3.539e-09
  2922  +0.5233480087   4390161  +0.5233479738  -3.490e-08
  2923  +0.5232863925   4389644  +0.5232863426  -4.986e-08
  2924  +0.5232246403   4389126  +0.5232245922  -4.811e-08
  2925  +0.5231627519   4388607  +0.5231627226  -2.935e-08
  2926  +0.5231007270   4388087  +0.5231007338  +6.715e-09
  2927  +0.5230385653   4387565  +0.5230385065  -5.881e-08
  2928  +0.5229762665   4387043  +0.5229762793  +1.280e-08
  2929  +0.5229138302   4386519  +0.5229138136  -1.658e-08
  2930  +0.5228512561   4385994  +0.5228512287  -2.743e-08
  2931  +0.5227885441   4385468  +0.5227885246  -1.944e-08
  2932  +0.5227256936   4384941  +0.5227257013  +7.687e-09
  2933  +0.5226627046   4384413  +0.5226627588  +5.427e-08
  2934  +0.5225995765   4383883  +0.5225995779  +1.400e-09
  2935  +0.5225363092   4383352  +0.5225362778  -3.140e-08
  2936  +0.5224729023   4382820  +0.5224728584  -4.382e-08
  2937  +0.5224093554   4382287  +0.5224093199  -3.555e-08
  2938  +0.5223456684   4381753  +0.5223456621  -6.288e-09
  2939  +0.5222818409   4381218  +0.5222818851  +4.429e-08
  2940  +0.5222178725   4380681  +0.5222178698  -2.716e-09
  2941  +0.5221537629   4380143  +0.5221537352  -2.778e-08
  2942  +0.5220895120   4379604  +0.5220894814  -3.060e-08
  2943  +0.5220251192   4379064  +0.5220251083  -1.085e-08
  2944  +0.5219605843   4378523  +0.5219606161  +3.178e-08
  2945  +0.5218959071   4377980  +0.5218958855  -2.160e-08
  2946  +0.5218310871   4377436  +0.5218310356  -5.146e-08
  2947  +0.5217661240   4376891  +0.5217660666  -5.749e-08
  2948  +0.5217010177   4376345  +0.5217009783  -3.937e-08
  2949  +0.5216357676   4375798  +0.5216357708  +3.217e-09
  2950  +0.5215703735   4375249  +0.5215703249  -4.861e-08
  2951  +0.5215048351   4374700  +0.5215048790  +4.388e-08
  2952  +0.5214391521   4374149  +0.5214391947  +4.259e-08
  2953  +0.5213733241   4373596  +0.5213732719  -5.215e-08
  2954  +0.5213073508   4373043  +0.5213073492  -1.600e-09
  2955  +0.5212412319   4372488  +0.5212411880  -4.386e-08
  2956  +0.5211749671   4371932  +0.5211749077  -5.940e-08
  2957  +0.5211085560   4371375  +0.5211085081  -4.789e-08
  2958  +0.5210419983   4370817  +0.5210419893  -9.001e-09
  2959  +0.5209752937   4370258  +0.5209753513  +5.759e-08
  2960  +0.5209084419   4369697  +0.5209084749  +3.300e-08
  2961  +0.5208414425   4369135  +0.5208414793  +3.677e-08
  2962  +0.5207742953   4368571  +0.5207742453  -4.999e-08
  2963  +0.5207069997   4368007  +0.5207070112  +1.148e-08
  2964  +0.5206395557   4367441  +0.5206395388  -1.691e-08
  2965  +0.5205719627   4366874  +0.5205719471  -1.563e-08
  2966  +0.5205042206   4366306  +0.5205042362  +1.567e-08
  2967  +0.5204363288   4365736  +0.5204362869  -4.191e-08
  2968  +0.5203682872   4365166  +0.5203683376  +5.040e-08
  2969  +0.5203000954   4364594  +0.5203001499  +5.451e-08
  2970  +0.5202317530   4364020  +0.5202317238  -2.924e-08
  2971  +0.5201632598   4363446  +0.5201632977  +3.789e-08
  2972  +0.5200946153   4362870  +0.5200946331  +1.783e-08
  2973  +0.5200258192   4362293  +0.5200258493  +3.013e-08
  2974  +0.5199568713   4361714  +0.5199568272  -4.410e-08
  2975  +0.5198877711   4361135  +0.5198878050  +3.392e-08
  2976  +0.5198185183   4360554  +0.5198185444  +2.610e-08
  2977  +0.5197491126   4359972  +0.5197491646  +5.198e-08
  2978  +0.5196795536   4359388  +0.5196795464  -7.288e-09
  2979  +0.5196098411   4358803  +0.5196098089  -3.217e-08
  2980  +0.5195399746   4358217  +0.5195399523  -2.231e-08
  2981  +0.5194699538   4357630  +0.5194699764  +2.263e-08
  2982  +0.5193997784   4357041  +0.5193997622  -1.622e-08
  2983  +0.5193294480   4356451  +0.5193294287  -1.930e-08
  2984  +0.5192589622   4355860  +0.5192589760  +1.374e-08
  2985  +0.5191883208   4355267  +0.5191882849  -3.598e-08
  2986  +0.5191175234   4354673  +0.5191174746  -4.888e-08
  2987  +0.5190465697   4354078  +0.5190465450  -2.463e-08
  2988  +0.5189754592   4353482  +0.5189754963  +3.713e-08
  2989  +0.5189041916   4352884  +0.5189042091  +1.754e-08
  2990  +0.5188327666   4352285  +0.5188328028  +3.615e-08
  2991  +0.5187611839   4351684  +0.5187611580  -2.588e-08
  2992  +0.5186894430   4351082  +0.5186893940  -4.901e-08
  2993  +0.5186175437   4350479  +0.5186175108  -3.287e-08
  2994  +0.5185454855   4349875  +0.5185455084  +2.288e-08
  2995  +0.5184732682   4349269  +0.5184732676  -5.957e-10
  2996  +0.5184008913   4348662  +0.5184009075  +1.625e-08
  2997  +0.5183283545   4348053  +0.5183283091  -4.542e-08
  2998  +0.5182556575   4347444  +0.5182557106  +5.315e-08
  2999  +0.5181827998   4346832  +0.5181827545  -4.529e-08
  3000  +0.5181097812   4346220  +0.5181097984  +1.723e-08
  3001  +0.5180366013   4345606  +0.5180366039  +2.667e-09
  3002  +0.5179632596   4344991  +0.5179632902  +3.058e-08
  3003  +0.5178897560   4344374  +0.5178897381  -1.787e-08
  3004  +0.5178160899   4343756  +0.5178160667  -2.312e-08
  3005  +0.5177422610   4343137  +0.5177422762  +1.519e-08
  3006  +0.5176682690   4342516  +0.5176682472  -2.177e-08
  3007  +0.5175941135   4341894  +0.5175940990  -1.443e-08
  3008  +0.5175197941   4341271  +0.5175198317  +3.756e-08
  3009  +0.5174453105   4340646  +0.5174453259  +1.537e-08
  3010  +0.5173706623   4340020  +0.5173707008  +3.858e-08
  3011  +0.5172958491   4339392  +0.5172958374  -1.166e-08
  3012  +0.5172208705   4338763  +0.5172208548  -1.576e-08
  3013  +0.5171457263   4338133  +0.5171457529  +2.663e-08
  3014  +0.5170704159   4337501  +0.5170704126  -3.309e-09
  3015  +0.5169949392   4336868  +0.5169949532  +1.400e-08
  3016  +0.5169192955   4336233  +0.5169192553  -4.029e-08
  3017  +0.5168434847   4335597  +0.5168434381  -4.659e-08
  3018  +0.5167675063   4334960  +0.5167675018  -4.518e-09
  3019  +0.5166913600   4334321  +0.5166913271  -3.292e-08
  3020  +0.5166150454   4333681  +0.5166150331  -1.220e-08
  3021  +0.5165385620   4333040  +0.5165386200  +5.801e-08
  3022  +0.5164619095   4332397  +0.5164619684  +5.888e-08
  3023  +0.5163850876   4331752  +0.5163850784  -9.209e-09
  3024  +0.5163080959   4331106  +0.5163080692  -2.667e-08
  3025  +0.5162309339   4330459  +0.5162309408  +6.883e-09
  3026  +0.5161536014   4329810  +0.5161535740  -2.738e-08
  3027  +0.5160760978   4329160  +0.5160760880  -9.878e-09
  3028  +0.5159984229   4328508  +0.5159983635  -5.942e-08
  3029  +0.5159205763   4327855  +0.5159205198  -5.643e-08
  3030  +0.5158425575   4327201  +0.5158425570  -5.093e-10
  3031  +0.5157643661   4326545  +0.5157643557  -1.049e-08
  3032  +0.5156860019   4325888  +0.5156860352  +3.323e-08
  3033  +0.5156074644   4325229  +0.5156074762  +1.183e-08
  3034  +0.5155287532   4324569  +0.5155287981  +4.490e-08
  3035  +0.5154498679   4323907  +0.5154498816  +1.363e-08
  3036  +0.5153708082   4323244  +0.5153708458  +3.761e-08
  3037  +0.5152915736   4322579  +0.5152915716  -1.976e-09
  3038  +0.5152121638   4321913  +0.5152121782  +1.448e-08
  3039  +0.5151325783   4321245  +0.5151325464  -3.184e-08
  3040  +0.5150528168   4320576  +0.5150527954  -2.134e-08
  3041  +0.5149728788   4319906  +0.5149729252  +4.638e-08
  3042  +0.5148927640   4319234  +0.5148928165  +5.251e-08
  3043  +0.5148124720   4318560  +0.5148124695  -2.562e-09
  3044  +0.5147320024   4317885  +0.5147320032  +7.806e-10
  3045  +0.5146513548   4317208  +0.5146512985  -5.628e-08
  3046  +0.5145705287   4316530  +0.5145704746  -5.412e-08
  3047  +0.5144895239   4315851  +0.5144895315  +7.637e-09
  3048  +0.5144083398   4315170  +0.5144083500  +1.020e-08
  3049  +0.5143269761   4314487  +0.5143269300  -4.603e-08
  3050  +0.5142454323   4313803  +0.5142453909  -4.145e-08
  3051  +0.5141637082   4313118  +0.5141637325  +2.436e-08
  3052  +0.5140818032   4312431  +0.5140818357  +3.259e-08
  3053  +0.5139997169   4311742  +0.5139997005  -1.637e-08
  3054  +0.5139174490   4311052  +0.5139174461  -2.876e-09
  3055  +0.5138349991   4310360  +0.5138349533  -4.575e-08
  3056  +0.5137523666   4309667  +0.5137523413  -2.536e-08
  3057  +0.5136695513   4308973  +0.5136696100  +5.870e-08
  3058  +0.5135865527   4308276  +0.5135865211  -3.159e-08
  3059  +0.5135033704   4307578  +0.5135033131  -5.738e-08
  3060  +0.5134200040   4306879  +0.5134199858  -1.827e-08
  3061  +0.5133364531   4306178  +0.5133364201  -3.304e-08
  3062  +0.5132527172   4305476  +0.5132527351  +1.791e-08
  3063  +0.5131687960   4304772  +0.5131688118  +1.581e-08
  3064  +0.5130846890   4304066  +0.5130846500  -3.894e-08
  3065  +0.5130003958   4303359  +0.5130003691  -2.670e-08
  3066  +0.5129159159   4302651  +0.5129159689  +5.295e-08
  3067  +0.5128312491   4301940  +0.5128312111  -3.800e-08
  3068  +0.5127463948   4301229  +0.5127464533  +5.850e-08
  3069  +0.5126613526   4300515  +0.5126613379  -1.475e-08
  3070  +0.5125761221   4299800  +0.5125761032  -1.891e-08
  3071  +0.5124907029   4299084  +0.5124907494  +4.645e-08
  3072  +0.5124050946   4298365  +0.5124050379  -5.668e-08
  3073  +0.5123192966   4297646  +0.5123193264  +2.977e-08
  3074  +0.5122333087   4296924  +0.5122332573  -5.141e-08
  3075  +0.5121471303   4296202  +0.5121471882  +5.785e-08
  3076  +0.5120607611   4295477  +0.5120607615  +3.289e-10
  3077  +0.5119742006   4294751  +0.5119742155  +1.489e-08
  3078  +0.5118874484   4294023  +0.5118874311  -1.725e-08
  3079  +0.5118005040   4293294  +0.5118005276  +2.356e-08
  3080  +0.5117133670   4292563  +0.5117133856  +1.853e-08
  3081  +0.5116260371   4291830  +0.5116260052  -3.189e-08
  3082  +0.5115385136   4291096  +0.5115385056  -8.076e-09
  3083  +0.5114507963   4290360  +0.5114507675  -2.879e-08
  3084  +0.5113628846   4289623  +0.5113629103  +2.562e-08
  3085  +0.5112747782   4288884  +0.5112748146  +3.638e-08
  3086  +0.5111864766   4288143  +0.5111864805  +3.924e-09
  3087  +0.5110979793   4287401  +0.5110980272  +4.791e-08
  3088  +0.5110092860   4286657  +0.5110093355  +4.956e-08
  3089  +0.5109203961   4285911  +0.5109204054  +9.319e-09
  3090  +0.5108313092   4285164  +0.5108313560  +4.685e-08
  3091  +0.5107420249   4284415  +0.5107420683  +4.337e-08
  3092  +0.5106525428   4283664  +0.5106525421  -6.527e-10
  3093  +0.5105628623   4282912  +0.5105628967  +3.442e-08
  3094  +0.5104729831   4282158  +0.5104730129  +2.984e-08
  3095  +0.5103829047   4281402  +0.5103828907  -1.395e-08
  3096  +0.5102926266   4280645  +0.5102926493  +2.270e-08
  3097  +0.5102021484   4279886  +0.5102021694  +2.105e-08
  3098  +0.5101114696   4279125  +0.5101114511  -1.846e-08
  3099  +0.5100205898   4278363  +0.5100206137  +2.383e-08
  3100  +0.5099295086   4277599  +0.5099295378  +2.918e-08
  3101  +0.5098382254   4276833  +0.5098382235  -1.966e-09
  3102  +0.5097467399   4276066  +0.5097467899  +5.006e-08
  3103  +0.5096550515   4275296  +0.5096549988  -5.270e-08
  3104  +0.5095631598   4274526  +0.5095632076  +4.783e-08
  3105  +0.5094710643   4273753  +0.5094710588  -5.503e-09
  3106  +0.5093787647   4272979  +0.5093787909  +2.617e-08
  3107  +0.5092862603   4272203  +0.5092862844  +2.411e-08
  3108  +0.5091935508   4271425  +0.5091935396  -1.123e-08
  3109  +0.5091006357   4270646  +0.5091006756  +3.984e-08
  3110  +0.5090075146   4269865  +0.5090075731  +5.856e-08
  3111  +0.5089141869   4269082  +0.5089142323  +4.540e-08
  3112  +0.5088206521   4268297  +0.5088206530  +8.275e-10
  3113  +0.5087269099   4267511  +0.5087269545  +4.453e-08
  3114  +0.5086329598   4266723  +0.5086330175  +5.775e-08
  3115  +0.5085388012   4265933  +0.5085388422  +4.098e-08
  3116  +0.5084444338   4265141  +0.5084444284  -5.316e-09
  3117  +0.5083498569   4264348  +0.5083498955  +3.854e-08
  3118  +0.5082550703   4263553  +0.5082551241  +5.382e-08
  3119  +0.5081600733   4262756  +0.5081601143  +4.099e-08
  3120  +0.5080648655   4261957  +0.5080648661  +5.316e-10
  3121  +0.5079694465   4261157  +0.5079694986  +5.214e-08
  3122  +0.5078738157   4260354  +0.5078737736  -4.214e-08
  3123  +0.5077779727   4259550  +0.5077779293  -4.339e-08
  3124  +0.5076819170   4258745  +0.5076819658  +4.885e-08
  3125  +0.5075856481   4257937  +0.5075856447  -3.334e-09
  3126  +0.5074891655   4257128  +0.5074892044  +3.895e-08
  3127  +0.5073924687   4256317  +0.5073925257  +5.697e-08
  3128  +0.5072955573   4255504  +0.5072956085  +5.122e-08
  3129  +0.5071984308   4254689  +0.5071984529  +2.219e-08
  3130  +0.5071010886   4253872  +0.5071010590  -2.963e-08
  3131  +0.5070035303   4253054  +0.5070035458  +1.545e-08
  3132  +0.5069057554   4252234  +0.5069057941  +3.872e-08
  3133  +0.5068077634   4251412  +0.5068078041  +4.066e-08
  3134  +0.5067095539   4250588  +0.5067095757  +2.178e-08
  3135  +0.5066111262   4249762  +0.5066111088  -1.743e-08
  3136  +0.5065124800   4248935  +0.5065125227  +4.273e-08
  3137  +0.5064136147   4248105  +0.5064135790  -3.567e-08
  3138  +0.5063145298   4247274  +0.5063145161  -1.369e-08
  3139  +0.5062152248   4246441  +0.5062152147  -1.006e-08
  3140  +0.5061156992   4245606  +0.5061156750  -2.427e-08
  3141  +0.5060159526   4244769  +0.5060158968  -5.582e-08
  3142  +0.5059159844   4243931  +0.5059159994  +1.500e-08
  3143  +0.5058157941   4243090  +0.5058157444  -4.972e-08
  3144  +0.5057153812   4242248  +0.5057153702  -1.106e-08
  3145  +0.5056147453   4241404  +0.5056147575  +1.228e-08
  3146  +0.5055138857   4240558  +0.5055139065  +2.081e-08
  3147  +0.5054128020   4239710  +0.5054128170  +1.503e-08
  3148  +0.5053114936   4238860  +0.5053114891  -4.534e-09
  3149  +0.5052099602   4238008  +0.5052099228  -3.738e-08
  3150  +0.5051082011   4237155  +0.5051082373  +3.621e-08
  3151  +0.5050062158   4236299  +0.5050061941  -2.165e-08
  3152  +0.5049040038   4235442  +0.5049040318  +2.795e-08
  3153  +0.5048015646   4234582  +0.5048015118  -5.288e-08
  3154  +0.5046988978   4233721  +0.5046988726  -2.520e-08
  3155  +0.5045960026   4232858  +0.5045959949  -7.697e-09
  3156  +0.5044928788   4231993  +0.5044928789  +1.387e-10
  3157  +0.5043895256   4231126  +0.5043895245  -1.165e-09
  3158  +0.5042859427   4230257  +0.5042859316  -1.109e-08
  3159  +0.5041821294   4229386  +0.5041821003  -2.910e-08
  3160  +0.5040780853   4228513  +0.5040780306  -5.468e-08
  3161  +0.5039738098   4227639  +0.5039738417  +3.191e-08
  3162  +0.5038693023   4226762  +0.5038692951  -7.218e-09
  3163  +0.5037645625   4225883  +0.5037645102  -5.233e-08
  3164  +0.5036595897   4225003  +0.5036596060  +1.632e-08
  3165  +0.5035543833   4224120  +0.5035543442  -3.916e-08
  3166  +0.5034489430   4223236  +0.5034489632  +2.019e-08
  3167  +0.5033432680   4222349  +0.5033432245  -4.352e-08
  3168  +0.5032373580   4221461  +0.5032373667  +8.673e-09
  3169  +0.5031312123   4220571  +0.5031312704  +5.809e-08
  3170  +0.5030248305   4219678  +0.5030248165  -1.394e-08
  3171  +0.5029182119   4218784  +0.5029182434  +3.154e-08
  3172  +0.5028113560   4217887  +0.5028113127  -4.333e-08
  3173  +0.5027042623   4216989  +0.5027042627  +3.883e-10
  3174  +0.5025969303   4216089  +0.5025969744  +4.405e-08
  3175  +0.5024893594   4215186  +0.5024893284  -3.103e-08
  3176  +0.5023815490   4214282  +0.5023815632  +1.414e-08
  3177  +0.5022734987   4213375  +0.5022734404  -5.833e-08
  3178  +0.5021652078   4212467  +0.5021651983  -9.457e-09
  3179  +0.5020566758   4211557  +0.5020567179  +4.209e-08
  3180  +0.5019479021   4210644  +0.5019478798  -2.234e-08
  3181  +0.5018388863   4209730  +0.5018389225  +3.622e-08
  3182  +0.5017296277   4208813  +0.5017296076  -2.009e-08
  3183  +0.5016201257   4207895  +0.5016201735  +4.771e-08
  3184  +0.5015103799   4206974  +0.5015103817  +1.756e-09
  3185  +0.5014003897   4206051  +0.5014003515  -3.818e-08
  3186  +0.5012901545   4205127  +0.5012902021  +4.766e-08
  3187  +0.5011796737   4204200  +0.5011796951  +2.143e-08
  3188  +0.5010689468   4203271  +0.5010689497  +2.911e-09
  3189  +0.5009579732   4202340  +0.5009579659  -7.344e-09
  3190  +0.5008467523   4201407  +0.5008467436  -8.766e-09
  3191  +0.5007352837   4200472  +0.5007352829  -7.842e-10
  3192  +0.5006235666   4199535  +0.5006235838  +1.717e-08
  3193  +0.5005116006   4198596  +0.5005116463  +4.567e-08
  3194  +0.5003993851   4197654  +0.5003993511  -3.393e-08
  3195  +0.5002869194   4196711  +0.5002869368  +1.737e-08
  3196  +0.5001742030   4195765  +0.5001741648  -3.827e-08
  3197  +0.5000612354   4194818  +0.5000612736  +3.814e-08
  3198  +0.4999480160   4193868  +0.4999480247  +8.759e-09
  3199  +0.4998345441   4192916  +0.4998345375  -6.620e-09
  3200  +0.4997208193   4191962  +0.4997208118  -7.419e-09
  3201  +0.4996068408   4191006  +0.4996068478  +6.946e-09
  3202  +0.4994926082   4190048  +0.4994926453  +3.706e-08
  3203  +0.4993781208   4189087  +0.4993780851  -3.570e-08
  3204  +0.4992633781   4188125  +0.4992634058  +2.766e-08
  3205  +0.4991483795   4187160  +0.4991483688  -1.067e-08
  3206  +0.4990331244   4186193  +0.4990330935  -3.090e-08
  3207  +0.4989176121   4185224  +0.4989175797  -3.244e-08
  3208  +0.4988018421   4184253  +0.4988018274  -1.470e-08
  3209  +0.4986858139   4183280  +0.4986858368  +2.292e-08
  3210  +0.4985695267   4182304  +0.4985694885  -3.819e-08
  3211  +0.4984529801   4181327  +0.4984530210  +4.098e-08
  3212  +0.4983361733   4180347  +0.4983361959  +2.261e-08
  3213  +0.4982191059   4179365  +0.4982191324  +2.652e-08
  3214  +0.4981017772   4178381  +0.4981018305  +5.330e-08
  3215  +0.4979841866   4177394  +0.4979841709  -1.565e-08
  3216  +0.4978663334   4176406  +0.4978663921  +5.870e-08
  3217  +0.4977482172   4175415  +0.4977482557  +3.852e-08
  3218  +0.4976298373   4174422  +0.4976298809  +4.365e-08
  3219  +0.4975111930   4173426  +0.4975111485  -4.452e-08
  3220  +0.4973922838   4172429  +0.4973922968  +1.303e-08
  3221  +0.4972731090   4171429  +0.4972730875  -2.149e-08
  3222  +0.4971536680   4170427  +0.4971536398  -2.825e-08
  3223  +0.4970339603   4169423  +0.4970339537  -6.656e-09
  3224  +0.4969139852   4168417  +0.4969140291  +4.392e-08
  3225  +0.4967937420   4167408  +0.4967937469  +4.899e-09
  3226  +0.4966732303   4166397  +0.4966732264  -3.902e-09
  3227  +0.4965524492   4165384  +0.4965524673  +1.814e-08
  3228  +0.4964313983   4164368  +0.4964313507  -4.755e-08
  3229  +0.4963100768   4163351  +0.4963101149  +3.806e-08
  3230  +0.4961884842   4162331  +0.4961885214  +3.719e-08
  3231  +0.4960666198   4161308  +0.4960665703  -4.953e-08
  3232  +0.4959444830   4160284  +0.4959445000  +1.693e-08
  3233  +0.4958220732   4159257  +0.4958220720  -1.191e-09
  3234  +0.4956993897   4158228  +0.4956994057  +1.594e-08
  3235  +0.4955764319   4157196  +0.4955763817  -5.026e-08
  3236  +0.4954531992   4156163  +0.4954532385  +3.928e-08
  3237  +0.4953296909   4155127  +0.4953297377  +4.677e-08
  3238  +0.4952059064   4154088  +0.4952058792  -2.715e-08
  3239  +0.4950818450   4153048  +0.4950819016  +5.659e-08
  3240  +0.4949575060   4152004  +0.4949574471  -5.899e-08
  3241  +0.4948328890   4150959  +0.4948328733  -1.564e-08
  3242  +0.4947079931   4149911  +0.4947079420  -5.111e-08
  3243  +0.4945828178   4148861  +0.4945827723  -4.554e-08
  3244  +0.4944573624   4147809  +0.4944573641  +1.705e-09
  3245  +0.4943316262   4146754  +0.4943315983  -2.792e-08
  3246  +0.4942056086   4145697  +0.4942055941  -1.456e-08
  3247  +0.4940793090   4144638  +0.4940793514  +4.245e-08
  3248  +0.4939527266   4143576  +0.4939527512  +2.455e-08
  3249  +0.4938258609   4142512  +0.4938259125  +5.162e-08
  3250  +0.4936987111   4141445  +0.4936987162  +5.097e-09
  3251  +0.4935712766   4140376  +0.4935712814  +4.862e-09
  3252  +0.4934435567   4139305  +0.4934436083  +5.158e-08
  3253  +0.4933155508   4138231  +0.4933155775  +2.670e-08
  3254  +0.4931872582   4137155  +0.4931873083  +5.011e-08
  3255  +0.4930586782   4136076  +0.4930586815  +3.268e-09
  3256  +0.4929298102   4134995  +0.4929298162  +6.049e-09
  3257  +0.4928006535   4133912  +0.4928007126  +5.913e-08
  3258  +0.4926712073   4132826  +0.4926712513  +4.398e-08
  3259  +0.4925414711   4131737  +0.4925414324  -3.873e-08
  3260  +0.4924114442   4130647  +0.4924114943  +5.010e-08
  3261  +0.4922811258   4129553  +0.4922810793  -4.648e-08
  3262  +0.4921505153   4128458  +0.4921505451  +2.984e-08
  3263  +0.4920196120   4127360  +0.4920196533  +4.133e-08
  3264  +0.4918884152   4126259  +0.4918884039  -1.132e-08
  3265  +0.4917569243   4125156  +0.4917569160  -8.222e-09
  3266  +0.4916251385   4124051  +0.4916251898  +5.131e-08
  3267  +0.4914930571   4122943  +0.4914931059  +4.877e-08
  3268  +0.4913606795   4121832  +0.4913606644  -1.515e-08
  3269  +0.4912280050   4120719  +0.4912279844  -2.055e-08
  3270  +0.4910950328   4119604  +0.4910950661  +3.326e-08
  3271  +0.4909617623   4118486  +0.4909617901  +2.778e-08
  3272  +0.4908281928   4117365  +0.4908281565  -3.630e-08
  3273  +0.4906943235   4116242  +0.4906942844  -3.905e-08
  3274  +0.4905601538   4115117  +0.4905601740  +2.022e-08
  3275  +0.4904256829   4113989  +0.4904257059  +2.300e-08
  3276  +0.4902909102   4112858  +0.4902908802  -2.998e-08
  3277  +0.4901558349   4111725  +0.4901558161  -1.881e-08
  3278  +0.4900204563   4110590  +0.4900205135  +5.721e-08
  3279  +0.4898847738   4109451  +0.4898847342  -3.961e-08
  3280  +0.4897487865   4108311  +0.4897488356  +4.907e-08
  3281  +0.4896124938   4107167  +0.4896124601  -3.367e-08
  3282  +0.4894758950   4106021  +0.4894758463  -4.868e-08
  3283  +0.4893389893   4104873  +0.4893389940  +4.766e-09
  3284  +0.4892017760   4103722  +0.4892017841  +8.169e-09
  3285  +0.4890642544   4102568  +0.4890642166  -3.774e-08
  3286  +0.4889264237   4101412  +0.4889264107  -1.302e-08
  3287  +0.4887882833   4100253  +0.4887882471  -3.616e-08
  3288  +0.4886498323   4099092  +0.4886498451  +1.278e-08
  3289  +0.4885110702   4097928  +0.4885110855  +1.534e-08
  3290  +0.4883719960   4096761  +0.4883719683  -2.776e-08
  3291  +0.4882326092   4095592  +0.4882326126  +3.435e-09
  3292  +0.4880929089   4094420  +0.4880928993  -9.551e-09
  3293  +0.4879528944   4093246  +0.4879529476  +5.324e-08
  3294  +0.4878125650   4092068  +0.4878125191  -4.588e-08
  3295  +0.4876719198   4090889  +0.4876719713  +5.147e-08
  3296  +0.4875309583   4089706  +0.4875309467  -1.158e-08
  3297  +0.4873896796   4088521  +0.4873896837  +4.120e-09
  3298  +0.4872480830   4087333  +0.4872480631  -1.988e-08
  3299  +0.4871061676   4086143  +0.4871062040  +3.639e-08
  3300  +0.4869639329   4084950  +0.4869639874  +5.446e-08
  3301  +0.4868213779   4083754  +0.4868214130  +3.510e-08
  3302  +0.4866785020   4082555  +0.4866784811  -2.093e-08
  3303  +0.4865353044   4081354  +0.4865353107  +6.340e-09
  3304  +0.4863917843   4080150  +0.4863917828  -1.540e-09
  3305  +0.4862479409   4078943  +0.4862478971  -4.380e-08
  3306  +0.4861037736   4077734  +0.4861037731  -4.671e-10
  3307  +0.4859592814   4076522  +0.4859592915  +1.002e-08
  3308  +0.4858144637   4075307  +0.4858144522  -1.155e-08
  3309  +0.4856693197   4074090  +0.4856693745  +5.478e-08
  3310  +0.4855238485   4072869  +0.4855238199  -2.861e-08
  3311  +0.4853780495   4071646  +0.4853780270  -2.254e-08
  3312  +0.4852319218   4070420  +0.4852318764  -4.542e-08
  3313  +0.4850854646   4069192  +0.4850854874  +2.273e-08
  3314  +0.4849386772   4067960  +0.4849386215  -5.572e-08
  3315  +0.4847915588   4066726  +0.4847915173  -4.157e-08
  3316  +0.4846441086   4065489  +0.4846440554  -5.323e-08
  3317  +0.4844963258   4064250  +0.4844963551  +2.930e-08
  3318  +0.4843482095   4063007  +0.4843481779  -3.161e-08
  3319  +0.4841997591   4061762  +0.4841997623  +3.256e-09
  3320  +0.4840509737   4060514  +0.4840509892  +1.549e-08
  3321  +0.4839018524   4059263  +0.4839018583  +5.894e-09
  3322  +0.4837523946   4058009  +0.4837523699  -2.473e-08
  3323  +0.4836025994   4056753  +0.4836026430  +4.362e-08
  3324  +0.4834524660   4055493  +0.4834524393  -2.664e-08
  3325  +0.4833019935   4054231  +0.4833019972  +3.690e-09
  3326  +0.4831511812   4052966  +0.4831511974  +1.623e-08
  3327  +0.4830000283   4051698  +0.4830000401  +1.179e-08
  3328  +0.4828485339   4050427  +0.4828485250  -8.819e-09
  3329  +0.4826966972   4049153  +0.4826966524  -4.477e-08
  3330  +0.4825445174   4047877  +0.4825445414  +2.396e-08
  3331  +0.4823919937   4046597  +0.4823919535  -4.021e-08
  3332  +0.4822391252   4045315  +0.4822391272  +1.944e-09
  3333  +0.4820859112   4044030  +0.4820859432  +3.205e-08
  3334  +0.4819323507   4042742  +0.4819324017  +5.095e-08
  3335  +0.4817784430   4041451  +0.4817785025  +5.946e-08
  3336  +0.4816241872   4040157  +0.4816242456  +5.842e-08
  3337  +0.4814695825   4038860  +0.4814696312  +4.867e-08
  3338  +0.4813146281   4037560  +0.4813146591  +3.105e-08
  3339  +0.4811593230   4036257  +0.4811593294  +6.406e-09
  3340  +0.4810036665   4034951  +0.4810036421  -2.443e-08
  3341  +0.4808476577   4033643  +0.4808477163  +5.862e-08
  3342  +0.4806912958   4032331  +0.4806913137  +1.796e-08
  3343  +0.4805345799   4031016  +0.4805345535  -2.633e-08
  3344  +0.4803775091   4029699  +0.4803775549  +4.581e-08
  3345  +0.4802200826   4028378  +0.4802200794  -3.190e-09
  3346  +0.4800622996   4027054  +0.4800622463  -5.325e-08
  3347  +0.4799041591   4025728  +0.4799041748  +1.569e-08
  3348  +0.4797456604   4024398  +0.4797456264  -3.391e-08
  3349  +0.4795868024   4023066  +0.4795868397  +3.723e-08
  3350  +0.4794275845   4021730  +0.4794275761  -8.451e-09
  3351  +0.4792680057   4020391  +0.4792679548  -5.086e-08
  3352  +0.4791080651   4019050  +0.4791080952  +3.008e-08
  3353  +0.4789477618   4017705  +0.4789477587  -3.162e-09
  3354  +0.4787870951   4016357  +0.4787870646  -3.051e-08
  3355  +0.4786260639   4015006  +0.4786260128  -5.107e-08
  3356  +0.4784646674   4013653  +0.4784647226  +5.523e-08
  3357  +0.4783029047   4012296  +0.4783029556  +5.088e-08
  3358  +0.4781407750   4010936  +0.4781408310  +5.598e-08
  3359  +0.4779782773   4009572  +0.4779782295  -4.780e-08
  3360  +0.4778154108   4008206  +0.4778153896  -2.115e-08
  3361  +0.4776521745   4006837  +0.4776521921  +1.763e-08
  3362  +0.4774885675   4005464  +0.4774885178  -4.977e-08
  3363  +0.4773245890   4004089  +0.4773246050  +1.596e-08
  3364  +0.4771602381   4002710  +0.4771602154  -2.268e-08
  3365  +0.4769955137   4001328  +0.4769954681  -4.558e-08
  3366  +0.4768304151   3999943  +0.4768303633  -5.183e-08
  3367  +0.4766649413   3998555  +0.4766649008  -4.051e-08
  3368  +0.4764990914   3997164  +0.4764990807  -1.072e-08
  3369  +0.4763328644   3995770  +0.4763329029  +3.848e-08
  3370  +0.4761662595   3994372  +0.4761662483  -1.121e-08
  3371  +0.4759992758   3992971  +0.4759992361  -3.966e-08
  3372  +0.4758319122   3991567  +0.4758318663  -4.594e-08
  3373  +0.4756641679   3990160  +0.4756641388  -2.912e-08
  3374  +0.4754960420   3988750  +0.4754960537  +1.173e-08
  3375  +0.4753275334   3987336  +0.4753274918  -4.166e-08
  3376  +0.4751586413   3985920  +0.4751586914  +5.007e-08
  3377  +0.4749893648   3984500  +0.4749894142  +4.943e-08
  3378  +0.4748197028   3983076  +0.4748196602  -4.263e-08
  3379  +0.4746496545   3981650  +0.4746496677  +1.325e-08
  3380  +0.4744792188   3980220  +0.4744791985  -2.039e-08
  3381  +0.4743083949   3978787  +0.4743083715  -2.340e-08
  3382  +0.4741371818   3977351  +0.4741371870  +5.183e-09
  3383  +0.4739655785   3975911  +0.4739655256  -5.290e-08
  3384  +0.4737935841   3974469  +0.4737936258  +4.174e-08
  3385  +0.4736211976   3973023  +0.4736212492  +5.163e-08
  3386  +0.4734484180   3971573  +0.4734483957  -2.224e-08
  3387  +0.4732752443   3970121  +0.4732753038  +5.950e-08
  3388  +0.4731016757   3968665  +0.4731017351  +5.940e-08
  3389  +0.4729277111   3967205  +0.4729276896  -2.155e-08
  3390  +0.4727533495   3965743  +0.4727534056  +5.603e-08
  3391  +0.4725785900   3964277  +0.4725786448  +5.472e-08
  3392  +0.4724034316   3962807  +0.4724034071  -2.451e-08
  3393  +0.4722278733   3961335  +0.4722279310  +5.775e-08
  3394  +0.4720519140   3959858  +0.4720518589  -5.514e-08
  3395  +0.4718755529   3958379  +0.4718755484  -4.564e-09
  3396  +0.4716987889   3956896  +0.4716987610  -2.794e-08
  3397  +0.4715216210   3955410  +0.4715216160  -5.051e-09
  3398  +0.4713440483   3953920  +0.4713439941  -5.412e-08
  3399  +0.4711660696   3952427  +0.4711660147  -5.492e-08
  3400  +0.4709876840   3950931  +0.4709876776  -6.459e-09
  3401  +0.4708088906   3949431  +0.4708088636  -2.692e-08
  3402  +0.4706296882   3947928  +0.4706296921  +3.907e-09
  3403  +0.4704500758   3946421  +0.4704500437  -3.216e-08
  3404  +0.4702700525   3944911  +0.4702700377  -1.490e-08
  3405  +0.4700896173   3943398  +0.4700896740  +5.672e-08
  3406  +0.4699087690   3941880  +0.4699087143  -5.469e-08
  3407  +0.4697275067   3940360  +0.4697275162  +9.507e-09
  3408  +0.4695458293   3938836  +0.4695458412  +1.194e-08
  3409  +0.4693637358   3937308  +0.4693636894  -4.635e-08
  3410  +0.4691812251   3935777  +0.4691811800  -4.513e-08
  3411  +0.4689982963   3934243  +0.4689983130  +1.666e-08
  3412  +0.4688149482   3932705  +0.4688149691  +2.084e-08
  3413  +0.4686311799   3931163  +0.4686311483  -3.153e-08
  3414  +0.4684469902   3929618  +0.4684469700  -2.019e-08
  3415  +0.4682623781   3928070  +0.4682624340  +5.591e-08
  3416  +0.4680773426   3926517  +0.4680773020  -4.059e-08
  3417  +0.4678918825   3924962  +0.4678919315  +4.900e-08
  3418  +0.4677059969   3923402  +0.4677059650  -3.187e-08
  3419  +0.4675196847   3921839  +0.4675196409  -4.373e-08
  3420  +0.4673329447   3920273  +0.4673329592  +1.450e-08
  3421  +0.4671457759   3918703  +0.4671458006  +2.468e-08
  3422  +0.4669581773   3917129  +0.4669581652  -1.210e-08
  3423  +0.4667701477   3915552  +0.4667701721  +2.444e-08
  3424  +0.4665816860   3913971  +0.4665817022  +1.618e-08
  3425  +0.4663927913   3912386  +0.4663927555  -3.578e-08
  3426  +0.4662034623   3910798  +0.4662034512  -1.116e-08
  3427  +0.4660136980   3909206  +0.4660136700  -2.805e-08
  3428  +0.4658234973   3907611  +0.4658235312  +3.384e-08
  3429  +0.4656328591   3906012  +0.4656329155  +5.641e-08
  3430  +0.4654417822   3904409  +0.4654418230  +4.076e-08
  3431  +0.4652502657   3902802  +0.4652502537  -1.199e-08
  3432  +0.4650583082   3901192  +0.4650583267  +1.848e-08
  3433  +0.4648659088   3899578  +0.4648659229  +1.408e-08
  3434  +0.4646730664   3897960  +0.4646730423  -2.408e-08
  3435  +0.4644797797   3896339  +0.4644798040  +2.435e-08
  3436  +0.4642860477   3894714  +0.4642860889  +4.127e-08
  3437  +0.4640918692   3893085  +0.4640918970  +2.782e-08
  3438  +0.4638972431   3891452  +0.4638972282  -1.487e-08
  3439  +0.4637021683   3889816  +0.4637022018  +3.356e-08
  3440  +0.4635066436   3888176  +0.4635066986  +5.503e-08
  3441  +0.4633106678   3886532  +0.4633107185  +5.069e-08
  3442  +0.4631142399   3884884  +0.4631142616  +2.169e-08
  3443  +0.4629173587   3883232  +0.4629173279  -3.082e-08
  3444  +0.4627200230   3881577  +0.4627200365  +1.354e-08
  3445  +0.4625222316   3879918  +0.4625222683  +3.670e-08
  3446  +0.4623239834   3878255  +0.4623240232  +3.984e-08
  3447  +0.4621252772   3876588  +0.4621253014  +2.413e-08
  3448  +0.4619261119   3874917  +0.4619261026  -9.270e-09
  3449  +0.4617264863   3873242  +0.4617264271  -5.918e-08
  3450  +0.4615263991   3871564  +0.4615263939  -5.203e-09
  3451  +0.4613258492   3869882  +0.4613258839  +3.463e-08
  3452  +0.4611248355   3868195  +0.4611247778  -5.771e-08
  3453  +0.4609233567   3866505  +0.4609233141  -4.260e-08
  3454  +0.4607214116   3864811  +0.4607213736  -3.807e-08
  3455  +0.4605189991   3863113  +0.4605189562  -4.290e-08
  3456  +0.4603161179   3861411  +0.4603160620  -5.590e-08
  3457  +0.4601127668   3859706  +0.4601128101  +4.335e-08
  3458  +0.4599089446   3857996  +0.4599089622  +1.764e-08
  3459  +0.4597046501   3856282  +0.4597046375  -1.261e-08
  3460  +0.4594998821   3854564  +0.4594998360  -4.617e-08
  3461  +0.4592946394   3852843  +0.4592946768  +3.739e-08
  3462  +0.4590889207   3851117  +0.4590889215  +8.725e-10
  3463  +0.4588827248   3849387  +0.4588826895  -3.528e-08
  3464  +0.4586760504   3847654  +0.4586760998  +4.939e-08
  3465  +0.4584688963   3845916  +0.4584689140  +1.769e-08
  3466  +0.4582612614   3844174  +0.4582612514  -9.929e-09
  3467  +0.4580531442   3842428  +0.4580531120  -3.221e-08
  3468  +0.4578445437   3840678  +0.4578444958  -4.790e-08
  3469  +0.4576354584   3838924  +0.4576354027  -5.575e-08
  3470  +0.4574258872   3837166  +0.4574258327  -5.450e-08
  3471  +0.4572158289   3835404  +0.4572157860  -4.288e-08
  3472  +0.4570052820   3833638  +0.4570052624  -1.962e-08
  3473  +0.4567942454   3831868  +0.4567942619  +1.656e-08
  3474  +0.4565827177   3830093  +0.4565826654  -5.229e-08
  3475  +0.4563706978   3828315  +0.4563707113  +1.354e-08
  3476  +0.4561581842   3826532  +0.4561581612  -2.307e-08
  3477  +0.4559451758   3824745  +0.4559451342  -4.164e-08
  3478  +0.4557316712   3822954  +0.4557316303  -4.086e-08
  3479  +0.4555176691   3821159  +0.4555176497  -1.944e-08
  3480  +0.4553031682   3819360  +0.4553031921  +2.393e-08
  3481  +0.4550881672   3817556  +0.4550881386  -2.865e-08
  3482  +0.4548726648   3815748  +0.4548726082  -5.666e-08
  3483  +0.4546566597   3813936  +0.4546566010  -5.879e-08
  3484  +0.4544401506   3812120  +0.4544401169  -3.370e-08
  3485  +0.4542231360   3810300  +0.4542231560  +1.993e-08
  3486  +0.4540056148   3808475  +0.4540055990  -1.579e-08
  3487  +0.4537875855   3806646  +0.4537875652  -2.030e-08
  3488  +0.4535690469   3804813  +0.4535690546  +7.736e-09
  3489  +0.4533499975   3802975  +0.4533499479  -4.955e-08
  3490  +0.4531304360   3801134  +0.4531304836  +4.762e-08
  3491  +0.4529103611   3799287  +0.4529103041  -5.704e-08
  3492  +0.4526897714   3797437  +0.4526897669  -4.531e-09
  3493  +0.4524686656   3795582  +0.4524686337  -3.191e-08
  3494  +0.4522470422   3793723  +0.4522470236  -1.861e-08
  3495  +0.4520248999   3791860  +0.4520249367  +3.676e-08
  3496  +0.4518022374   3789992  +0.4518022537  +1.636e-08
  3497  +0.4515790532   3788120  +0.4515790939  +4.078e-08
  3498  +0.4513553459   3786243  +0.4513553381  -7.792e-09
  3499  +0.4511311142   3784362  +0.4511311054  -8.760e-09
  3500  +0.4509063566   3782477  +0.4509063959  +3.928e-08
  3501  +0.4506810718   3780587  +0.4506810904  +1.851e-08
  3502  +0.4504552584   3778693  +0.4504553080  +4.956e-08
  3503  +0.4502289149   3776794  +0.4502289295  +1.463e-08
  3504  +0.4500020399   3774891  +0.4500020742  +3.434e-08
  3505  +0.4497746320   3772983  +0.4497746229  -9.085e-09
  3506  +0.4495466898   3771071  +0.4495466948  +4.988e-09
  3507  +0.4493182118   3769154  +0.4493181705  -4.122e-08
  3508  +0.4490891966   3767233  +0.4490891695  -2.705e-08
  3509  +0.4488596427   3765308  +0.4488596916  +4.893e-08
  3510  +0.4486295487   3763377  +0.4486294985  -5.024e-08
  3511  +0.4483989132   3761443  +0.4483989477  +3.451e-08
  3512  +0.4481677347   3759503  +0.4481676817  -5.298e-08
  3513  +0.4479360117   3757560  +0.4479360580  +4.638e-08
  3514  +0.4477037427   3755611  +0.4477037191  -2.357e-08
  3515  +0.4474709263   3753658  +0.4474709034  -2.293e-08
  3516  +0.4472375610   3751701  +0.4472376108  +4.978e-08
  3517  +0.4470036454   3749738  +0.4470036030  -4.237e-08
  3518  +0.4467691778   3747771  +0.4467691183  -5.948e-08
  3519  +0.4465341568   3745800  +0.4465341568  -4.461e-11
  3520  +0.4462985810   3743824  +0.4462985992  +1.823e-08
  3521  +0.4460624488   3741843  +0.4460624456  -3.158e-09
  3522  +0.4458257587   3739858  +0.4458258152  +5.652e-08
  3523  +0.4455885091   3737867  +0.4455884695  -3.962e-08
  3524  +0.4453506986   3735872  +0.4453506470  -5.166e-08
  3525  +0.4451123257   3733873  +0.4451123476  +2.194e-08
  3526  +0.4448733887   3731868  +0.4448733330  -5.569e-08
  3527  +0.4446338861   3729859  +0.4446338415  -4.461e-08
  3528  +0.4443938165   3727846  +0.4443938732  +5.675e-08
  3529  +0.4441531782   3725827  +0.4441531897  +1.150e-08
  3530  +0.4439119696   3723803  +0.4439119101  -5.957e-08
  3531  +0.4436701893   3721775  +0.4436701536  -3.569e-08
  3532  +0.4434278356   3719742  +0.4434278011  -3.451e-08
  3533  +0.4431849070   3717704  +0.4431848526  -5.445e-08
  3534  +0.4429414019   3715662  +0.4429414272  +2.529e-08
  3535  +0.4426973187   3713614  +0.4426972866  -3.212e-08
  3536  +0.4424526558   3711562  +0.4424526691  +1.333e-08
  3537  +0.4422074116   3709505  +0.4422074556  +4.402e-08
  3538  +0.4419615845   3707442  +0.4419615269  -5.763e-08
  3539  +0.4417151729   3705375  +0.4417151213  -5.160e-08
  3540  +0.4414681751   3703303  +0.4414681196  -5.548e-08
  3541  +0.4412205896   3701227  +0.4412206411  +5.156e-08
  3542  +0.4409724147   3699145  +0.4409724474  +3.274e-08
  3543  +0.4407236487   3697058  +0.4407236576  +8.904e-09
  3544  +0.4404742901   3694966  +0.4404742718  -1.830e-08
  3545  +0.4402243371   3692869  +0.4402242899  -4.723e-08
  3546  +0.4399737882   3690768  +0.4399738312  +4.299e-08
  3547  +0.4397226416   3688661  +0.4397226572  +1.559e-08
  3548  +0.4394708957   3686549  +0.4394708872  -8.531e-09
  3549  +0.4392185488   3684432  +0.4392185211  -2.771e-08
  3550  +0.4389655993   3682310  +0.4389655590  -4.026e-08
  3551  +0.4387120453   3680183  +0.4387120008  -4.450e-08
  3552  +0.4384578854   3678051  +0.4384578466  -3.873e-08
  3553  +0.4382031176   3675914  +0.4382030964  -2.124e-08
  3554  +0.4379477404   3673772  +0.4379477501  +9.669e-09
  3555  +0.4376917520   3671625  +0.4376918077  +5.572e-08
  3556  +0.4374351507   3669472  +0.4374351501  -5.834e-10
  3557  +0.4371779348   3667314  +0.4371778965  -3.829e-08
  3558  +0.4369201025   3665151  +0.4369200468  -5.568e-08
  3559  +0.4366616521   3662983  +0.4366616011  -5.100e-08
  3560  +0.4364025818   3660810  +0.4364025593  -2.249e-08
  3561  +0.4361428899   3658632  +0.4361429214  +3.158e-08
  3562  +0.4358825746   3656448  +0.4358825684  -6.213e-09
  3563  +0.4356216341   3654259  +0.4356216192  -1.490e-08
  3564  +0.4353600667   3652065  +0.4353600740  +7.302e-09
  3565  +0.4350978706   3649865  +0.4350978136  -5.703e-08
  3566  +0.4348350440   3647661  +0.4348350763  +3.230e-08
  3567  +0.4345715851   3645451  +0.4345716238  +3.869e-08
  3568  +0.4343074921   3643235  +0.4343074560  -3.606e-08
  3569  +0.4340427631   3641015  +0.4340428114  +4.828e-08
  3570  +0.4337773964   3638789  +0.4337774515  +5.512e-08
  3571  +0.4335113901   3636557  +0.4335113764  -1.372e-08
  3572  +0.4332447424   3634320  +0.4332447052  -3.719e-08
  3573  +0.4329774514   3632078  +0.4329774380  -1.346e-08
  3574  +0.4327095154   3629831  +0.4327095747  +5.935e-08
  3575  +0.4324409323   3627577  +0.4324408770  -5.535e-08
  3576  +0.4321717004   3625319  +0.4321717024  +1.947e-09
  3577  +0.4319018179   3623055  +0.4319018126  -5.303e-09
  3578  +0.4316312827   3620786  +0.4316313267  +4.399e-08
  3579  +0.4313600930   3618511  +0.4313601255  +3.250e-08
  3580  +0.4310882470   3616230  +0.4310882092  -3.787e-08
  3581  +0.4308157427   3613944  +0.4308156967  -4.601e-08
  3582  +0.4305425782   3611653  +0.4305425882  +1.000e-08
  3583  +0.4302687516   3609356  +0.4302687645  +1.287e-08
  3584  +0.4299942610   3607053  +0.4299942255  -3.549e-08
  3585  +0.4297191044   3604745  +0.4297190905  -1.391e-08
  3586  +0.4294432798   3602431  +0.4294432402  -3.966e-08
  3587  +0.4291667854   3600112  +0.4291667938  +8.409e-09
  3588  +0.4288896192   3597787  +0.4288896322  +1.306e-08
  3589  +0.4286117791   3595456  +0.4286117554  -2.374e-08
  3590  +0.4283332633   3593120  +0.4283332825  +1.920e-08
  3591  +0.4280540697   3590778  +0.4280540943  +2.464e-08
  3592  +0.4277741963   3588430  +0.4277741909  -5.400e-09
  3593  +0.4274936412   3586077  +0.4274936914  +5.027e-08
  3594  +0.4272124023   3583717  +0.4272123575  -4.474e-08
  3595  +0.4269304776   3581352  +0.4269304276  -5.001e-08
  3596  +0.4266478650   3578982  +0.4266479015  +3.651e-08
  3597  +0.4263645626   3576605  +0.4263645411  -2.158e-08
  3598  +0.4260805683   3574223  +0.4260805845  +1.619e-08
  3599  +0.4257958801   3571835  +0.4257959127  +3.267e-08
  3600  +0.4255104958   3569441  +0.4255105257  +2.992e-08
  3601  +0.4252244134   3567041  +0.4252244234  +1.001e-08
  3602  +0.4249376308   3564635  +0.4249376059  -2.498e-08
  3603  +0.4246501460   3562224  +0.4246501923  +4.626e-08
  3604  +0.4243619568   3559806  +0.4243619442  -1.259e-08
  3605  +0.4240730611   3557383  +0.4240731001  +3.899e-08
  3606  +0.4237834568   3554953  +0.4237834215  -3.530e-08
  3607  +0.4234931418   3552518  +0.4234931469  +5.086e-09
  3608  +0.4232021139   3550077  +0.4232021570  +4.308e-08
  3609  +0.4229103711   3547629  +0.4229103327  -3.839e-08
  3610  +0.4226179110   3545176  +0.4226179123  +1.263e-09
  3611  +0.4223247317   3542717  +0.4223247766  +4.498e-08
  3612  +0.4220308308   3540251  +0.4220308065  -2.426e-08
  3613  +0.4217362062   3537780  +0.4217362404  +3.414e-08
  3614  +0.4214408558   3535302  +0.4214408398  -1.605e-08
  3615  +0.4211447773   3532818  +0.4211447239  -5.341e-08
  3616  +0.4208479685   3530329  +0.4208480120  +4.348e-08
  3617  +0.4205504272   3527833  +0.4205504656  +3.842e-08
  3618  +0.4202521511   3525331  +0.4202522039  +5.286e-08
  3619  +0.4199531380   3522822  +0.4199531078  -3.017e-08
  3620  +0.4196533857   3520308  +0.4196534157  +3.001e-08
  3621  +0.4193528918   3517787  +0.4193528891  -2.762e-09
  3622  +0.4190516542   3515260  +0.4190516472  -7.003e-09
  3623  +0.4187496705   3512727  +0.4187496901  +1.957e-08
  3624  +0.4184469384   3510187  +0.4184468985  -3.995e-08
  3625  +0.4181434557   3507642  +0.4181435108  +5.515e-08
  3626  +0.4178392199   3505089  +0.4178391695  -5.043e-08
  3627  +0.4175342289   3502531  +0.4175342321  +3.259e-09
  3628  +0.4172284802   3499966  +0.4172284603  -1.987e-08
  3629  +0.4169219715   3497395  +0.4169219732  +1.749e-09
  3630  +0.4166147004   3494817  +0.4166146517  -4.874e-08
  3631  +0.4163066646   3492233  +0.4163066149  -4.976e-08
  3632  +0.4159978617   3489643  +0.4159978628  +1.076e-09
  3633  +0.4156882893   3487046  +0.4156882763  -1.305e-08
  3634  +0.4153779450   3484443  +0.4153779745  +2.946e-08
  3635  +0.4150668264   3481833  +0.4150668383  +1.183e-08
  3636  +0.4147549311   3479217  +0.4147549868  +5.569e-08
  3637  +0.4144422565   3476594  +0.4144423008  +4.426e-08
  3638  +0.4141288004   3473964  +0.4141287804  -2.001e-08
  3639  +0.4138145601   3471328  +0.4138145447  -1.544e-08
  3640  +0.4134995333   3468685  +0.4134994745  -5.879e-08
  3641  +0.4131837175   3466036  +0.4131836891  -2.834e-08
  3642  +0.4128671101   3463380  +0.4128670692  -4.083e-08
  3643  +0.4125497086   3460718  +0.4125497341  +2.548e-08
  3644  +0.4122315106   3458049  +0.4122315645  +5.388e-08
  3645  +0.4119125136   3455373  +0.4119125605  +4.691e-08
  3646  +0.4115927148   3452690  +0.4115927219  +7.108e-09
  3647  +0.4112721119   3450001  +0.4112721682  +5.624e-08
  3648  +0.4109507022   3447304  +0.4109506607  -4.153e-08
  3649  +0.4106284832   3444601  +0.4106284380  -4.523e-08
  3650  +0.4103054523   3441892  +0.4103055000  +4.775e-08
  3651  +0.4099816068   3439175  +0.4099816084  +1.598e-09
  3652  +0.4096569442   3436452  +0.4096570015  +5.734e-08
  3653  +0.4093314617   3433721  +0.4093314409  -2.080e-08
  3654  +0.4090051569   3430984  +0.4090051651  +8.227e-09
  3655  +0.4086780269   3428240  +0.4086780548  +2.788e-08
  3656  +0.4083500692   3425489  +0.4083501101  +4.082e-08
  3657  +0.4080212811   3422731  +0.4080213308  +4.973e-08
  3658  +0.4076916598   3419966  +0.4076917171  +5.732e-08
  3659  +0.4073612027   3417193  +0.4073611498  -5.293e-08
  3660  +0.4070299070   3414414  +0.4070298672  -3.987e-08
  3661  +0.4066977701   3411628  +0.4066977501  -1.996e-08
  3662  +0.4063647890   3408835  +0.4063647985  +9.527e-09
  3663  +0.4060309612   3406035  +0.4060310125  +5.137e-08
  3664  +0.4056962837   3403227  +0.4056962729  -1.086e-08
  3665  +0.4053607539   3400412  +0.4053606987  -5.517e-08
  3666  +0.4050243688   3397591  +0.4050244093  +4.045e-08
  3667  +0.4046871258   3394762  +0.4046871662  +4.042e-08
  3668  +0.4043490219   3391925  +0.4043489695  -5.244e-08
  3669  +0.4040100543   3389082  +0.4040100574  +3.140e-09
  3670  +0.4036702202   3386231  +0.4036701918  -2.839e-08
  3671  +0.4033295166   3383373  +0.4033294916  -2.495e-08
  3672  +0.4029879406   3380508  +0.4029879570  +1.636e-08
  3673  +0.4026454895   3377635  +0.4026454687  -2.076e-08
  3674  +0.4023021601   3374755  +0.4023021460  -1.418e-08
  3675  +0.4019579497   3371868  +0.4019579887  +3.903e-08
  3676  +0.4016128552   3368973  +0.4016128778  +2.262e-08
  3677  +0.4012668737   3366071  +0.4012669325  +5.877e-08
  3678  +0.4009200022   3363161  +0.4009200335  +3.125e-08
  3679  +0.4005722377   3360243  +0.4005721807  -5.693e-08
  3680  +0.4002235771   3357319  +0.4002236128  +3.565e-08
  3681  +0.3998740175   3354386  +0.3998739719  -4.559e-08
  3682  +0.3995235558   3351446  +0.3995234966  -5.920e-08
  3683  +0.3991721890   3348499  +0.3991721869  -2.109e-09
  3684  +0.3988199138   3345544  +0.3988199234  +9.553e-09
  3685  +0.3984667274   3342581  +0.3984667063  -2.112e-08
  3686  +0.3981126265   3339611  +0.3981126547  +2.820e-08
  3687  +0.3977576080   3336633  +0.3977576494  +4.142e-08
  3688  +0.3974016688   3333647  +0.3974016905  +2.171e-08
  3689  +0.3970448057   3330653  +0.3970447779  -2.780e-08
  3690  +0.3966870155   3327652  +0.3966870308  +1.531e-08
  3691  +0.3963282950   3324643  +0.3963283300  +3.501e-08
  3692  +0.3959686411   3321626  +0.3959686756  +3.452e-08
  3693  +0.3956080504   3318601  +0.3956080675  +1.707e-08
  3694  +0.3952465198   3315568  +0.3952465057  -1.409e-08
  3695  +0.3948840460   3312527  +0.3948839903  -5.569e-08
  3696  +0.3945206256   3309479  +0.3945206404  +1.476e-08
  3697  +0.3941562554   3306422  +0.3941562176  -3.785e-08
  3698  +0.3937909321   3303358  +0.3937909603  +2.822e-08
  3699  +0.3934246523   3300285  +0.3934246302  -2.211e-08
  3700  +0.3930574126   3297205  +0.3930574656  +5.294e-08
  3701  +0.3926892097   3294116  +0.3926892281  +1.832e-08
  3702  +0.3923200402   3291019  +0.3923200369  -3.360e-09
  3703  +0.3919499007   3287914  +0.3919498920  -8.683e-09
  3704  +0.3915787877   3284801  +0.3915787935  +5.783e-09
  3705  +0.3912066978   3281680  +0.3912067413  +4.349e-08
  3706  +0.3908336275   3278550  +0.3908336163  -1.129e-08
  3707  +0.3904595734   3275412  +0.3904595375  -3.586e-08
  3708  +0.3900845318   3272266  +0.3900845051  -2.672e-08
  3709  +0.3897084993   3269112  +0.3897085190  +1.968e-08
  3710  +0.3893314723   3265949  +0.3893314600  -1.232e-08
  3711  +0.3889534473   3262778  +0.3889534473  +5.873e-11
  3712  +0.3885744206   3259598  +0.3885743618  -5.880e-08
  3713  +0.3881943887   3256411  +0.3881944418  +5.314e-08
  3714  +0.3878133478   3253214  +0.3878133297  -1.812e-08
  3715  +0.3874312944   3250009  +0.3874312639  -3.051e-08
  3716  +0.3870482248   3246796  +0.3870482445  +1.967e-08
  3717  +0.3866641353   3243574  +0.3866641521  +1.689e-08
  3718  +0.3862790221   3240343  +0.3862789869  -3.513e-08
  3719  +0.3858928815   3237104  +0.3858928680  -1.343e-08
  3720  +0.3855057097   3233856  +0.3855056763  -3.346e-08
  3721  +0.3851175030   3230600  +0.3851175308  +2.778e-08
  3722  +0.3847282576   3227335  +0.3847283125  +5.488e-08
  3723  +0.3843379696   3224061  +0.3843380213  +5.169e-08
  3724  +0.3839466351   3220778  +0.3839466572  +2.204e-08
  3725  +0.3835542504   3217486  +0.3835542202  -3.018e-08
  3726  +0.3831608114   3214186  +0.3831608295  +1.815e-08
  3727  +0.3827663143   3210877  +0.3827663660  +5.172e-08
  3728  +0.3823707551   3207558  +0.3823707104  -4.471e-08
  3729  +0.3819741298   3204231  +0.3819741011  -2.876e-08
  3730  +0.3815764345   3200895  +0.3815764189  -1.564e-08
  3731  +0.3811776651   3197550  +0.3811776638  -1.340e-09
  3732  +0.3807778177   3194196  +0.3807778358  +1.819e-08
  3733  +0.3803768880   3190833  +0.3803769350  +4.703e-08
  3734  +0.3799748720   3187460  +0.3799748421  -2.995e-08
  3735  +0.3795717657   3184079  +0.3795717955  +2.979e-08
  3736  +0.3791675648   3180688  +0.3791675568  -8.021e-09
  3737  +0.3787622652   3177288  +0.3787622452  -2.000e-08
  3738  +0.3783558627   3173879  +0.3783558607  -1.964e-09
  3739  +0.3779483530   3170461  +0.3779484034  +5.032e-08
  3740  +0.3775397320   3167033  +0.3775397539  +2.189e-08
  3741  +0.3771299954   3163596  +0.3771300316  +3.623e-08
  3742  +0.3767191387   3160149  +0.3767191172  -2.156e-08
  3743  +0.3763071578   3156693  +0.3763071299  -2.796e-08
  3744  +0.3758940483   3153228  +0.3758940697  +2.140e-08
  3745  +0.3754798057   3149753  +0.3754798174  +1.169e-08
  3746  +0.3750644257   3146268  +0.3750643730  -5.267e-08
  3747  +0.3746479038   3142774  +0.3746478558  -4.803e-08
  3748  +0.3742302356   3139271  +0.3742302656  +3.007e-08
  3749  +0.3738114165   3135757  +0.3738113642  -5.229e-08
  3750  +0.3733914420   3132234  +0.3733913898  -5.216e-08
  3751  +0.3729703076   3128702  +0.3729703426  +3.501e-08
  3752  +0.3725480087   3125159  +0.3725479841  -2.461e-08
  3753  +0.3721245407   3121607  +0.3721245527  +1.203e-08
  3754  +0.3716998989   3118045  +0.3716999292  +3.034e-08
  3755  +0.3712740786   3114473  +0.3712741137  +3.501e-08
  3756  +0.3708470752   3110891  +0.3708471060  +3.075e-08
  3757  +0.3704188839   3107299  +0.3704189062  +2.229e-08
  3758  +0.3699894999   3103697  +0.3699895144  +1.441e-08
  3759  +0.3695589185   3100085  +0.3695589304  +1.189e-08
  3760  +0.3691271348   3096463  +0.3691271544  +1.959e-08
  3761  +0.3686941438   3092831  +0.3686941862  +4.236e-08
  3762  +0.3682599409   3089188  +0.3682599068  -3.410e-08
  3763  +0.3678245209   3085536  +0.3678245544  +3.354e-08
  3764  +0.3673878790   3081873  +0.3673878908  +1.185e-08
  3765  +0.3669500101   3078200  +0.3669500351  +2.502e-08
  3766  +0.3665109092   3074516  +0.3665108681  -4.112e-08
  3767  +0.3660705713   3070823  +0.3660706282  +5.691e-08
  3768  +0.3656289912   3067118  +0.3656289577  -3.341e-08
  3769  +0.3651861638   3063404  +0.3651862144  +5.069e-08
  3770  +0.3647420839   3059678  +0.3647420406  -4.326e-08
  3771  +0.3642967464   3055943  +0.3642967939  +4.758e-08
  3772  +0.3638501459   3052196  +0.3638501167  -2.917e-08
  3773  +0.3634022772   3048439  +0.3634022474  -2.981e-08
  3774  +0.3629531351   3044672  +0.3629531860  +5.098e-08
  3775  +0.3625027140   3040893  +0.3625026941  -1.988e-08
  3776  +0.3620510087   3037104  +0.3620510101  +1.439e-09
  3777  +0.3615980137   3033304  +0.3615980148  +1.151e-09
  3778  +0.3611437235   3029493  +0.3611437082  -1.528e-08
  3779  +0.3606881327   3025671  +0.3606880903  -4.233e-08
  3780  +0.3602312356   3021839  +0.3602312803  +4.474e-08
  3781  +0.3597730267   3017995  +0.3597730398  +1.311e-08
  3782  +0.3593135004   3014140  +0.3593134880  -1.239e-08
  3783  +0.3588526510   3010274  +0.3588526249  -2.609e-08
  3784  +0.3583904728   3006397  +0.3583904505  -2.227e-08
  3785  +0.3579269600   3002509  +0.3579269648  +4.801e-09
  3786  +0.3574621068   2998609  +0.3574620485  -5.828e-08
  3787  +0.3569959075   2994699  +0.3569959402  +3.273e-08
  3788  +0.3565283561   2990777  +0.3565284014  +4.531e-08
  3789  +0.3560594467   2986843  +0.3560594320  -1.464e-08
  3790  +0.3555891733   2982898  +0.3555891514  -2.194e-08
  3791  +0.3551175300   2978942  +0.3551175594  +2.943e-08
  3792  +0.3546445107   2974974  +0.3546445370  +2.630e-08
  3793  +0.3541701092   2970994  +0.3541700840  -2.522e-08
  3794  +0.3536943195   2967003  +0.3536943197  +2.262e-10
  3795  +0.3532171353   2963000  +0.3532171249  -1.039e-08
  3796  +0.3527385505   2958985  +0.3527384996  -5.082e-08
  3797  +0.3522585586   2954959  +0.3522585630  +4.431e-09
  3798  +0.3517771534   2950921  +0.3517771959  +4.248e-08
  3799  +0.3512943286   2946870  +0.3512942791  -4.949e-08
  3800  +0.3508100776   2942808  +0.3508100510  -2.664e-08
  3801  +0.3503243940   2938734  +0.3503243923  -1.684e-09
  3802  +0.3498372713   2934648  +0.3498373032  +3.190e-08
  3803  +0.3493487028   2930549  +0.3493486643  -3.852e-08
  3804  +0.3488586820   2926439  +0.3488587141  +3.212e-08
  3805  +0.3483672021   2922316  +0.3483672142  +1.208e-08
  3806  +0.3478742565   2918181  +0.3478742838  +2.730e-08
  3807  +0.3473798383   2914033  +0.3473798037  -3.462e-08
  3808  +0.3468839407   2909873  +0.3468838930  -4.764e-08
  3809  +0.3463865567   2905701  +0.3463865519  -4.860e-09
  3810  +0.3458876795   2901516  +0.3458876610  -1.853e-08
  3811  +0.3453873020   2897319  +0.3453873396  +3.757e-08
  3812  +0.3448854172   2893109  +0.3448854685  +5.129e-08
  3813  +0.3443820179   2888886  +0.3443820477  +2.976e-08
  3814  +0.3438770969   2884650  +0.3438770771  -1.985e-08
  3815  +0.3433706471   2880402  +0.3433706760  +2.893e-08
  3816  +0.3428626611   2876140  +0.3428626060  -5.504e-08
  3817  +0.3423531315   2871866  +0.3423531055  -2.597e-08
  3818  +0.3418420510   2867579  +0.3418420553  +4.337e-09
  3819  +0.3413294120   2863279  +0.3413294554  +4.337e-08
  3820  +0.3408152070   2858965  +0.3408151865  -2.053e-08
  3821  +0.3402994285   2854639  +0.3402994871  +5.864e-08
  3822  +0.3397820686   2850299  +0.3397821188  +5.015e-08
  3823  +0.3392631198   2845945  +0.3392630816  -3.828e-08
  3824  +0.3387425742   2841579  +0.3387426138  +3.958e-08
  3825  +0.3382204239   2837199  +0.3382204771  +5.317e-08
  3826  +0.3376966611   2832805  +0.3376966715  +1.042e-08
  3827  +0.3371712776   2828398  +0.3371713161  +3.854e-08
  3828  +0.3366442655   2823977  +0.3366442919  +2.638e-08
  3829  +0.3361156166   2819542  +0.3361155987  -1.791e-08
  3830  +0.3355853227   2815094  +0.3355853558  +3.309e-08
  3831  +0.3350533755   2810631  +0.3350533247  -5.077e-08
  3832  +0.3345197666   2806155  +0.3345197439  -2.272e-08
  3833  +0.3339844878   2801665  +0.3339844942  +6.454e-09
  3834  +0.3334475303   2797161  +0.3334475756  +4.526e-08
  3835  +0.3329088857   2792642  +0.3329088688  -1.695e-08
  3836  +0.3323685454   2788109  +0.3323684931  -5.231e-08
  3837  +0.3318265005   2783562  +0.3318264484  -5.209e-08
  3838  +0.3312827424   2779001  +0.3312827349  -7.501e-09
  3839  +0.3307372620   2774425  +0.3307372332  -2.886e-08
  3840  +0.3301900505   2769835  +0.3301900625  +1.201e-08
  3841  +0.3296410988   2765230  +0.3296411037  +4.944e-09
  3842  +0.3290903978   2760610  +0.3290903568  -4.094e-08
  3843  +0.3285379382   2755976  +0.3285379410  +2.783e-09
  3844  +0.3279837108   2751327  +0.3279837370  +2.620e-08
  3845  +0.3274277062   2746663  +0.3274277449  +3.868e-08
  3846  +0.3268699149   2741984  +0.3268699646  +4.970e-08
  3847  +0.3263103274   2737289  +0.3263102770  -5.040e-08
  3848  +0.3257489340   2732580  +0.3257489204  -1.355e-08
  3849  +0.3251857250   2727856  +0.3251857758  +5.077e-08
  3850  +0.3246206905   2723116  +0.3246207237  +3.318e-08
  3851  +0.3240538208   2718360  +0.3240537643  -5.641e-08
  3852  +0.3234851056   2713590  +0.3234851360  +3.044e-08
  3853  +0.3229145350   2708803  +0.3229144812  -5.379e-08
  3854  +0.3223420986   2704002  +0.3223421574  +5.873e-08
  3855  +0.3217677863   2699184  +0.3217678070  +2.068e-08
  3856  +0.3211915876   2694350  +0.3211915493  -3.833e-08
  3857  +0.3206134920   2689501  +0.3206135035  +1.141e-08
  3858  +0.3200334890   2684635  +0.3200334311  -5.791e-08
  3859  +0.3194515677   2679754  +0.3194515705  +2.852e-09
  3860  +0.3188677173   2674856  +0.3188676834  -3.392e-08
  3861  +0.3182819271   2669942  +0.3182818890  -3.809e-08
  3862  +0.3176941858   2665012  +0.3176941872  +1.375e-09
  3863  +0.3171044824   2660065  +0.3171044588  -2.359e-08
  3864  +0.3165128056   2655102  +0.3165128231  +1.747e-08
  3865  +0.3159191441   2650122  +0.3159191608  +1.673e-08
  3866  +0.3153234864   2645125  +0.3153234720  -1.435e-08
  3867  +0.3147258208   2640112  +0.3147258759  +5.506e-08
  3868  +0.3141261357   2635081  +0.3141261339  -1.750e-09
  3869  +0.3135244192   2630033  +0.3135243654  -5.373e-08
  3870  +0.3129206593   2624969  +0.3129206896  +3.028e-08
  3871  +0.3123148440   2619887  +0.3123148680  +2.396e-08
  3872  +0.3117069611   2614788  +0.3117070198  +5.873e-08
  3873  +0.3110969982   2609671  +0.3110970259  +2.771e-08
  3874  +0.3104849428   2604536  +0.3104848862  -5.663e-08
  3875  +0.3098707824   2599385  +0.3098708391  +5.674e-08
  3876  +0.3092545042   2594215  +0.3092545271  +2.291e-08
  3877  +0.3086360953   2589027  +0.3086360693  -2.603e-08
  3878  +0.3080155428   2583822  +0.3080155849  +4.214e-08
  3879  +0.3073928335   2578598  +0.3073928356  +2.141e-09
  3880  +0.3067679540   2573356  +0.3067679405  -1.352e-08
  3881  +0.3061408911   2568096  +0.3061408997  +8.590e-09
  3882  +0.3055116310   2562817  +0.3055115938  -3.715e-08
  3883  +0.3048801600   2557520  +0.3048801422  -1.781e-08
  3884  +0.3042464643   2552204  +0.3042464256  -3.870e-08
  3885  +0.3036105299   2546870  +0.3036105633  +3.342e-08
  3886  +0.3029723424   2541516  +0.3029723167  -2.567e-08
  3887  +0.3023318876   2536144  +0.3023319244  +3.680e-08
  3888  +0.3016891510   2530752  +0.3016891479  -3.073e-09
  3889  +0.3010441179   2525341  +0.3010441065  -1.139e-08
  3890  +0.3003967733   2519911  +0.3003968000  +2.669e-08
  3891  +0.2997471024   2514461  +0.2997471094  +6.990e-09
  3892  +0.2990950899   2508991  +0.2990950346  -5.531e-08
  3893  +0.2984407204   2503502  +0.2984406948  -2.562e-08
  3894  +0.2977839785   2497993  +0.2977839708  -7.619e-09
  3895  +0.2971248482   2492464  +0.2971248627  +1.444e-08
  3896  +0.2964633139   2486915  +0.2964633703  +5.646e-08
  3897  +0.2957993592   2481345  +0.2957993746  +1.535e-08
  3898  +0.2951329681   2475755  +0.2951329947  +2.660e-08
  3899  +0.2944641238   2470144  +0.2944641113  -1.250e-08
  3900  +0.2937928099   2464513  +0.2937928438  +3.394e-08
  3901  +0.2931190093   2458860  +0.2931189537  -5.560e-08
  3902  +0.2924427050   2453187  +0.2924426794  -2.561e-08
  3903  +0.2917638797   2447493  +0.2917639017  +2.201e-08
  3904  +0.2910825158   2441777  +0.2910825014  -1.444e-08
  3905  +0.2903985957   2436040  +0.2903985977  +1.996e-09
  3906  +0.2897121014   2430281  +0.2897120714  -2.994e-08
  3907  +0.2890230146   2424501  +0.2890230417  +2.713e-08
  3908  +0.2883313170   2418698  +0.2883312702  -4.679e-08
  3909  +0.2876369900   2412874  +0.2876369953  +5.355e-09
  3910  +0.2869400146   2407027  +0.2869399786  -3.597e-08
  3911  +0.2862403717   2401158  +0.2862403393  -3.245e-08
  3912  +0.2855380421   2395267  +0.2855380774  +3.529e-08
  3913  +0.2848330059   2389352  +0.2848329544  -5.154e-08
  3914  +0.2841252435   2383415  +0.2841252089  -3.467e-08
  3915  +0.2834147346   2377455  +0.2834147215  -1.316e-08
  3916  +0.2827014589   2371472  +0.2827014923  +3.338e-08
  3917  +0.2819853957   2365465  +0.2819854021  +6.413e-09
  3918  +0.2812665240   2359435  +0.2812665701  +4.609e-08
  3919  +0.2805448226   2353381  +0.2805448771  +5.442e-08
  3920  +0.2798202701   2347303  +0.2798203230  +5.293e-08
  3921  +0.2790928445   2341200  +0.2790927887  -5.580e-08
  3922  +0.2783625238   2335074  +0.2783625126  -1.125e-08
  3923  +0.2776292857   2328923  +0.2776292562  -2.942e-08
  3924  +0.2768931073   2322748  +0.2768931389  +3.160e-08
  3925  +0.2761539657   2316547  +0.2761539221  -4.358e-08
  3926  +0.2754118374   2310322  +0.2754118443  +6.825e-09
  3927  +0.2746666989   2304071  +0.2746666670  -3.193e-08
  3928  +0.2739185261   2297795  +0.2739185095  -1.662e-08
  3929  +0.2731672946   2291493  +0.2731672525  -4.208e-08
  3930  +0.2724129798   2285166  +0.2724130154  +3.559e-08
  3931  +0.2716555565   2278812  +0.2716555595  +3.047e-09
  3932  +0.2708949993   2272432  +0.2708950043  +4.934e-09
  3933  +0.2701312825   2266025  +0.2701312304  -5.216e-08
  3934  +0.2693643798   2259592  +0.2693643570  -2.283e-08
  3935  +0.2685942647   2253132  +0.2685942650  +2.724e-10
  3936  +0.2678209102   2246645  +0.2678209543  +4.412e-08
  3937  +0.2670442889   2240130  +0.2670443058  +1.689e-08
  3938  +0.2662643731   2233587  +0.2662643194  -5.365e-08
  3939  +0.2654811345   2227017  +0.2654811144  -2.006e-08
  3940  +0.2646945444   2220419  +0.2646945715  +2.708e-08
  3941  +0.2639045739   2213792  +0.2639045715  -2.353e-09
  3942  +0.2631111933   2207137  +0.2631112337  +4.040e-08
  3943  +0.2623143727   2200452  +0.2623143196  -5.309e-08
  3944  +0.2615140816   2193739  +0.2615140676  -1.393e-08
  3945  +0.2607102890   2186996  +0.2607102394  -4.959e-08
  3946  +0.2599029635   2180224  +0.2599029541  -9.390e-09
  3947  +0.2590920731   2173422  +0.2590920925  +1.940e-08
  3948  +0.2582775854   2166589  +0.2582775354  -4.995e-08
  3949  +0.2574594673   2159727  +0.2574595213  +5.399e-08
  3950  +0.2566376853   2152833  +0.2566376925  +7.124e-09
  3951  +0.2558122053   2145908  +0.2558121681  -3.723e-08
  3952  +0.2549829927   2138952  +0.2549829483  -4.439e-08
  3953  +0.2541500121   2131965  +0.2541500330  +2.088e-08
  3954  +0.2533132278   2124945  +0.2533131838  -4.399e-08
  3955  +0.2524726032   2117894  +0.2524726391  +3.590e-08
  3956  +0.2516281013   2110810  +0.2516281605  +5.920e-08
  3957  +0.2507796843   2103692  +0.2507796288  -5.557e-08
  3958  +0.2499273139   2096542  +0.2499272823  -3.159e-08
  3959  +0.2490709510   2089359  +0.2490710020  +5.098e-08
  3960  +0.2482105559   2082141  +0.2482105494  -6.531e-09
  3961  +0.2473460880   2074889  +0.2473460436  -4.444e-08
  3962  +0.2464775063   2067603  +0.2464774847  -2.156e-08
  3963  +0.2456047687   2060282  +0.2456047535  -1.517e-08
  3964  +0.2447278325   2052926  +0.2447278500  +1.743e-08
  3965  +0.2438466544   2045534  +0.2438466549  +5.347e-10
  3966  +0.2429611899   2038106  +0.2429611683  -2.158e-08
  3967  +0.2420713939   2030642  +0.2420713902  -3.774e-09
  3968  +0.2411772206   2023141  +0.2411772013  -1.929e-08
  3969  +0.2402786229   2015603  +0.2402786016  -2.128e-08
  3970  +0.2393755533   2008028  +0.2393755913  +3.800e-08
  3971  +0.2384679629   2000414  +0.2384679317  -3.119e-08
  3972  +0.2375558023   1992763  +0.2375558615  +5.919e-08
  3973  +0.2366390207   1985072  +0.2366390228  +2.104e-09
  3974  +0.2357175667   1977342  +0.2357175350  -3.164e-08
  3975  +0.2347913875   1969573  +0.2347913980  +1.058e-08
  3976  +0.2338604294   1961763  +0.2338603735  -5.594e-08
  3977  +0.2329246378   1953913  +0.2329245806  -5.723e-08
  3978  +0.2319839567   1946022  +0.2319839001  -5.658e-08
  3979  +0.2310383289   1938090  +0.2310383320  +3.079e-09
  3980  +0.2300876963   1930115  +0.2300876379  -5.841e-08
  3981  +0.2291319994   1922099  +0.2291320562  +5.685e-08
  3982  +0.2281711774   1914039  +0.2281712294  +5.200e-08
  3983  +0.2272051682   1905935  +0.2272051573  -1.090e-08
  3984  +0.2262339085   1897788  +0.2262339592  +5.074e-08
  3985  +0.2252573334   1889595  +0.2252572775  -5.589e-08
  3986  +0.2242753767   1881358  +0.2242753506  -2.617e-08
  3987  +0.2232879708   1873075  +0.2232879400  -3.081e-08
  3988  +0.2222950464   1864746  +0.2222950459  -5.842e-10
  3989  +0.2212965328   1856370  +0.2212965488  +1.608e-08
  3990  +0.2202923574   1847946  +0.2202923298  -2.760e-08
  3991  +0.2192824462   1839474  +0.2192823887  -5.753e-08
  3992  +0.2182667234   1830954  +0.2182667255  +2.115e-09
  3993  +0.2172451114   1822384  +0.2172451019  -9.452e-09
  3994  +0.2162175306   1813764  +0.2162175179  -1.276e-08
  3995  +0.2151838997   1805093  +0.2151838541  -4.562e-08
  3996  +0.2141441353   1796371  +0.2141441107  -2.466e-08
  3997  +0.2130981520   1787597  +0.2130981684  +1.634e-08
  3998  +0.2120458622   1778770  +0.2120459080  +4.573e-08
  3999  +0.2109871762   1769889  +0.2109872103  +3.406e-08
  4000  +0.2099220019   1760953  +0.2099219561  -4.584e-08
  4001  +0.2088502449   1751963  +0.2088502645  +1.964e-08
  4002  +0.2077718084   1742916  +0.2077717781  -3.028e-08
  4003  +0.2066865929   1733813  +0.2066866159  +2.303e-08
  4004  +0.2055944965   1724652  +0.2055945396  +4.318e-08
  4005  +0.2044954142   1715432  +0.2044954300  +1.575e-08
  4006  +0.2033892386   1706153  +0.2033892870  +4.836e-08
  4007  +0.2022758591   1696813  +0.2022758722  +1.317e-08
  4008  +0.2011551618   1687412  +0.2011551857  +2.387e-08
  4009  +0.2000270301   1677948  +0.2000269890  -4.113e-08
  4010  +0.1988913437   1668422  +0.1988914013  +5.758e-08
  4011  +0.1977479790   1658830  +0.1977479458  -3.319e-08
  4012  +0.1965968087   1649174  +0.1965968609  +5.223e-08
  4013  +0.1954377017   1639450  +0.1954376698  -3.198e-08
  4014  +0.1942705233   1629659  +0.1942704916  -3.168e-08
  4015  +0.1930951343   1619799  +0.1930950880  -4.627e-08
  4016  +0.1919113915   1609869  +0.1919113398  -5.169e-08
  4017  +0.1907191471   1599868  +0.1907191277  -1.942e-08
  4018  +0.1895182488   1589794  +0.1895182133  -3.549e-08
  4019  +0.1883085393   1579647  +0.1883085966  +5.733e-08
  4020  +0.1870898563   1569423  +0.1870898008  -5.547e-08
  4021  +0.1858620322   1559124  +0.1858620644  +3.217e-08
  4022  +0.1846248937   1548746  +0.1846249104  +1.663e-08
  4023  +0.1833782619   1538288  +0.1833782196  -4.228e-08
  4024  +0.1821219515   1527750  +0.1821219921  +4.063e-08
  4025  +0.1808557709   1517128  +0.1808557510  -1.991e-08
  4026  +0.1795795220   1506422  +0.1795794964  -2.558e-08
  4027  +0.1782929991   1495630  +0.1782929897  -9.414e-09
  4028  +0.1769959896   1484750  +0.1769959927  +3.017e-09
  4029  +0.1756882728   1473780  +0.1756882668  -6.047e-09
  4030  +0.1743696197   1462718  +0.1743695736  -4.612e-08
  4031  +0.1730397928   1451563  +0.1730397940  +1.181e-09
  4032  +0.1716985453   1440312  +0.1716985703  +2.497e-08
  4033  +0.1703456208   1428963  +0.1703456640  +4.324e-08
  4034  +0.1689807527   1417513  +0.1689807177  -3.501e-08
  4035  +0.1676036635   1405961  +0.1676036119  -5.157e-08
  4036  +0.1662140645   1394305  +0.1662141085  +4.396e-08
  4037  +0.1648116547   1382540  +0.1648116112  -4.353e-08
  4038  +0.1633961203   1370666  +0.1633961201  -2.700e-10
  4039  +0.1619671340   1358679  +0.1619671583  +2.427e-08
  4040  +0.1605243540   1346576  +0.1605243683  +1.430e-08
  4041  +0.1590674229   1334354  +0.1590673923  -3.060e-08
  4042  +0.1575959673   1322011  +0.1575959921  +2.475e-08
  4043  +0.1561095961   1309542  +0.1561095715  -2.464e-08
  4044  +0.1546078996   1296945  +0.1546078920  -7.518e-09
  4045  +0.1530904481   1284216  +0.1530904770  +2.888e-08
  4046  +0.1515567909   1271351  +0.1515568495  +5.860e-08
  4047  +0.1500064541   1258345  +0.1500064135  -4.068e-08
  4048  +0.1484389397   1245196  +0.1484389305  -9.161e-09
  4049  +0.1468537230   1231898  +0.1468536854  -3.759e-08
  4050  +0.1452502512   1218447  +0.1452502012  -4.996e-08
  4051  +0.1436279410   1204838  +0.1436278820  -5.896e-08
  4052  +0.1419861760   1191066  +0.1419861317  -4.433e-08
  4053  +0.1403243043   1177126  +0.1403243542  +4.984e-08
  4054  +0.1386416354   1163010  +0.1386415958  -3.957e-08
  4055  +0.1369374368   1148714  +0.1369373798  -5.693e-08
  4056  +0.1352109303   1134231  +0.1352108717  -5.864e-08
  4057  +0.1334612884   1119554  +0.1334612370  -5.141e-08
  4058  +0.1316876288   1104676  +0.1316876411  +1.233e-08
  4059  +0.1298890102   1089588  +0.1298890114  +1.144e-09
  4060  +0.1280644259   1074282  +0.1280643940  -3.194e-08
  4061  +0.1262127975   1058750  +0.1262128353  +3.786e-08
  4062  +0.1243329671   1042981  +0.1243330240  +5.690e-08
  4063  +0.1224236897   1026964  +0.1224236488  -4.085e-08
  4064  +0.1204836226   1010690  +0.1204836369  +1.428e-08
  4065  +0.1185113150    994145  +0.1185113192  +4.188e-09
  4066  +0.1165051950    977316  +0.1165051460  -4.901e-08
  4067  +0.1144635552    960190  +0.1144635677  +1.249e-08
  4068  +0.1123845353    942750  +0.1123845577  +2.243e-08
  4069  +0.1102661022    924979  +0.1102660894  -1.277e-08
  4070  +0.1081060269    906859  +0.1081060171  -9.744e-09
  4071  +0.1059018563    888369  +0.1059018373  -1.897e-08
  4072  +0.1036508810    869487  +0.1036509275  +4.659e-08
  4073  +0.1013500950    850186  +0.1013500690  -2.591e-08
  4074  +0.0989961488    830440  +0.0989961624  +1.364e-08
  4075  +0.0965852912    810216  +0.0965852737  -1.747e-08
  4076  +0.0941132983    789480  +0.0941133499  +5.159e-08
  4077  +0.0915753852    768190  +0.0915753841  -1.093e-09
  4078  +0.0889660956    746302  +0.0889661312  +3.564e-08
  4079  +0.0862791612    723762  +0.0862791538  -7.408e-09
  4080  +0.0835073219    700510  +0.0835072994  -2.252e-08
  4081  +0.0806420897    676475  +0.0806421041  +1.443e-08
  4082  +0.0776734361    651572  +0.0776734352  -9.081e-10
  4083  +0.0745893687    625701  +0.0745893717  +2.983e-09
  4084  +0.0713753449    598740  +0.0713753700  +2.517e-08
  4085  +0.0680134392    570538  +0.0680134296  -9.565e-09
  4086  +0.0644811247    540907  +0.0644811392  +1.450e-08
  4087  +0.0607494227    509603  +0.0607494116  -1.109e-08
  4088  +0.0567799698    476305  +0.0567799807  +1.081e-08
  4089  +0.0525201079    440571  +0.0525201559  +4.804e-08
  4090  +0.0478940715    401765  +0.0478941202  +4.867e-08
  4091  +0.0427856476    358912  +0.0427856445  -3.027e-09
  4092  +0.0369993245    310373  +0.0369993448  +2.030e-08
  4093  +0.0301541203    252951  +0.0301541090  -1.134e-08
  4094  +0.0212670856    178401  +0.0212670565  -2.910e-08
  4095  +0.0009999984      8389  +0.0010000467  +4.837e-08
  4096  +0.5513740871   4625261  +0.5513740778  -9.311e-09
  4097  +0.5513741867   4625262  +0.5513741970  +1.035e-08
  4098  +0.5513742864   4625263  +0.5513743162  +2.978e-08
  4099  +0.5513743864   4625264  +0.5513744354  +4.900e-08
  4100  +0.5513744866   4625264  +0.5513744354  -5.121e-08
  4101  +0.5513745871   4625265  +0.5513745546  -3.244e-08
  4102  +0.5513746877   4625266  +0.5513746738  -1.388e-08
  4103  +0.5513747886   4625267  +0.5513747931  +4.453e-09
  4104  +0.5513748897   4625268  +0.5513749123  +2.256e-08
  4105  +0.5513749910   4625269  +0.5513750315  +4.045e-08
  4106  +0.5513750926   4625270  +0.5513751507  +5.812e-08
  4107  +0.5513751943   4625270  +0.5513751507  -4.365e-08
  4108  +0.5513752963   4625271  +0.5513752699  -2.643e-08
  4109  +0.5513753985   4625272  +0.5513753891  -9.439e-09
  4110  +0.5513755010   4625273  +0.5513755083  +7.329e-09
  4111  +0.5513756036   4625274  +0.5513756275  +2.387e-08
  4112  +0.5513757065   4625275  +0.5513757467  +4.019e-08
  4113  +0.5513758097   4625276  +0.5513758659  +5.628e-08
  4114  +0.5513759130   4625276  +0.5513758659  -4.707e-08
  4115  +0.5513760166   4625277  +0.5513759851  -3.144e-08
  4116  +0.5513761204   4625278  +0.5513761044  -1.603e-08
  4117  +0.5513762244   4625279  +0.5513762236  -8.541e-10
  4118  +0.5513763287   4625280  +0.5513763428  +1.409e-08
  4119  +0.5513764332   4625281  +0.5513764620  +2.881e-08
  4120  +0.5513765379   4625282  +0.5513765812  +4.330e-08
  4121  +0.5513766428   4625283  +0.5513767004  +5.756e-08
  4122  +0.5513767480   4625283  +0.5513767004  -4.762e-08
  4123  +0.5513768534   4625284  +0.5513768196  -3.383e-08
  4124  +0.5513769591   4625285  +0.5513769388  -2.027e-08
  4125  +0.5513770650   4625286  +0.5513770580  -6.936e-09
  4126  +0.5513771711   4625287  +0.5513771772  +6.160e-09
  4127  +0.5513772774   4625288  +0.5513772964  +1.902e-08
  4128  +0.5513773840   4625289  +0.5513774157  +3.165e-08
  4129  +0.5513774908   4625290  +0.5513775349  +4.405e-08
  4130  +0.5513775979   4625291  +0.5513776541  +5.620e-08
  4131  +0.5513777052   4625291  +0.5513776541  -5.108e-08
  4132  +0.5513778127   4625292  +0.5513777733  -3.940e-08
  4133  +0.5513779204   4625293  +0.5513778925  -2.795e-08
  4134  +0.5513780284   4625294  +0.5513780117  -1.673e-08
  4135  +0.5513781367   4625295  +0.5513781309  -5.760e-09
  4136  +0.5513782451   4625296  +0.5513782501  +4.975e-09
  4137  +0.5513783539   4625297  +0.5513783693  +1.547e-08
  4138  +0.5513784628   4625298  +0.5513784885  +2.573e-08
  4139  +0.5513785720   4625299  +0.5513786077  +3.575e-08
  4140  +0.5513786814   4625300  +0.5513787270  +4.552e-08
  4141  +0.5513787911   4625301  +0.5513788462  +5.506e-08
  4142  +0.5513789010   4625301  +0.5513788462  -5.486e-08
  4143  +0.5513790112   4625302  +0.5513789654  -4.580e-08
  4144  +0.5513791216   4625303  +0.5513790846  -3.699e-08
  4145  +0.5513792322   4625304  +0.5513792038  -2.843e-08
  4146  +0.5513793431   4625305  +0.5513793230  -2.011e-08
  4147  +0.5513794542   4625306  +0.5513794422  -1.203e-08
  4148  +0.5513795656   4625307  +0.5513795614  -4.195e-09
  4149  +0.5513796772   4625308  +0.5513796806  +3.393e-09
  4150  +0.5513797891   4625309  +0.5513797998  +1.074e-08
  4151  +0.5513799012   4625310  +0.5513799191  +1.783e-08
  4152  +0.5513800136   4625311  +0.5513800383  +2.468e-08
  4153  +0.5513801262   4625312  +0.5513801575  +3.128e-08
  4154  +0.5513802390   4625313  +0.5513802767  +3.763e-08
  4155  +0.5513803522   4625314  +0.5513803959  +4.374e-08
  4156  +0.5513804655   4625315  +0.5513805151  +4.959e-08
  4157  +0.5513805791   4625316  +0.5513806343  +5.520e-08
  4158  +0.5513806930   4625316  +0.5513806343  -5.866e-08
  4159  +0.5513808071   4625317  +0.5513807535  -5.355e-08
  4160  +0.5513809214   4625318  +0.5513808727  -4.870e-08
  4161  +0.5513810360   4625319  +0.5513809919  -4.410e-08
  4162  +0.5513811509   4625320  +0.5513811111  -3.975e-08
  4163  +0.5513812660   4625321  +0.5513812304  -3.565e-08
  4164  +0.5513813814   4625322  +0.5513813496  -3.181e-08
  4165  +0.5513814970   4625323  +0.5513814688  -2.822e-08
  4166  +0.5513816129   4625324  +0.5513815880  -2.489e-08
  4167  +0.5513817290   4625325  +0.5513817072  -2.181e-08
  4168  +0.5513818454   4625326  +0.5513818264  -1.899e-08
  4169  +0.5513819620   4625327  +0.5513819456  -1.642e-08
  4170  +0.5513820789   4625328  +0.5513820648  -1.411e-08
  4171  +0.5513821961   4625329  +0.5513821840  -1.206e-08
  4172  +0.5513823135   4625330  +0.5513823032  -1.027e-08
  4173  +0.5513824312   4625331  +0.5513824224  -8.735e-09
  4174  +0.5513825491   4625332  +0.5513825417  -7.459e-09
  4175  +0.5513826673   4625333  +0.5513826609  -6.444e-09
  4176  +0.5513827858   4625334  +0.5513827801  -5.689e-09
  4177  +0.5513829045   4625335  +0.5513828993  -5.194e-09
  4178  +0.5513830235   4625336  +0.5513830185  -4.962e-09
  4179  +0.5513831427   4625337  +0.5513831377  -4.991e-09
  4180  +0.5513832622   4625338  +0.5513832569  -5.283e-09
  4181  +0.5513833820   4625339  +0.5513833761  -5.838e-09
  4182  +0.5513835020   4625340  +0.5513834953  -6.658e-09
  4183  +0.5513836223   4625341  +0.5513836145  -7.741e-09
  4184  +0.5513837428   4625342  +0.5513837337  -9.090e-09
  4185  +0.5513838637   4625343  +0.5513838530  -1.070e-08
  4186  +0.5513839848   4625344  +0.5513839722  -1.258e-08
  4187  +0.5513841061   4625345  +0.5513840914  -1.473e-08
  4188  +0.5513842277   4625346  +0.5513842106  -1.715e-08
  4189  +0.5513843496   4625347  +0.5513843298  -1.983e-08
  4190  +0.5513844718   4625348  +0.5513844490  -2.278e-08
  4191  +0.5513845942   4625349  +0.5513845682  -2.600e-08
  4192  +0.5513847169   4625350  +0.5513846874  -2.949e-08
  4193  +0.5513848399   4625351  +0.5513848066  -3.325e-08
  4194  +0.5513849631   4625352  +0.5513849258  -3.728e-08
  4195  +0.5513850866   4625353  +0.5513850451  -4.158e-08
  4196  +0.5513852104   4625354  +0.5513851643  -4.616e-08
  4197  +0.5513853345   4625355  +0.5513852835  -5.100e-08
  4198  +0.5513854588   4625356  +0.5513854027  -5.612e-08
  4199  +0.5513855834   4625358  +0.5513856411  +5.769e-08
  4200  +0.5513857083   4625359  +0.5513857603  +5.202e-08
  4201  +0.5513858334   4625360  +0.5513858795  +4.608e-08
  4202  +0.5513859589   4625361  +0.5513859987  +3.986e-08
  4203  +0.5513860846   4625362  +0.5513861179  +3.336e-08
  4204  +0.5513862106   4625363  +0.5513862371  +2.659e-08
  4205  +0.5513863368   4625364  +0.5513863564  +1.954e-08
  4206  +0.5513864634   4625365  +0.5513864756  +1.221e-08
  4207  +0.5513865902   4625366  +0.5513865948  +4.606e-09
  4208  +0.5513867173   4625367  +0.5513867140  -3.281e-09
  4209  +0.5513868446   4625368  +0.5513868332  -1.145e-08
  4210  +0.5513869723   4625369  +0.5513869524  -1.989e-08
  4211  +0.5513871002   4625370  +0.5513870716  -2.862e-08
  4212  +0.5513872285   4625371  +0.5513871908  -3.763e-08
  4213  +0.5513873570   4625372  +0.5513873100  -4.693e-08
  4214  +0.5513874857   4625373  +0.5513874292  -5.650e-08
  4215  +0.5513876148   4625375  +0.5513876677  +5.285e-08
  4216  +0.5513877442   4625376  +0.5513877869  +4.271e-08
  4217  +0.5513878738   4625377  +0.5513879061  +3.228e-08
  4218  +0.5513880037   4625378  +0.5513880253  +2.156e-08
  4219  +0.5513881339   4625379  +0.5513881445  +1.056e-08
  4220  +0.5513882644   4625380  +0.5513882637  -7.257e-10
  4221  +0.5513883952   4625381  +0.5513883829  -1.230e-08
  4222  +0.5513885263   4625382  +0.5513885021  -2.416e-08
  4223  +0.5513886576   4625383  +0.5513886213  -3.631e-08
  4224  +0.5513887893   4625384  +0.5513887405  -4.876e-08
  4225  +0.5513889212   4625386  +0.5513889790  +5.772e-08
  4226  +0.5513890535   4625387  +0.5513890982  +4.470e-08
  4227  +0.5513891860   4625388  +0.5513892174  +3.139e-08
  4228  +0.5513893188   4625389  +0.5513893366  +1.778e-08
  4229  +0.5513894519   4625390  +0.5513894558  +3.885e-09
  4230  +0.5513895853   4625391  +0.5513895750  -1.031e-08
  4231  +0.5513897190   4625392  +0.5513896942  -2.479e-08
  4232  +0.5513898530   4625393  +0.5513898134  -3.957e-08
  4233  +0.5513899873   4625394  +0.5513899326  -5.464e-08
  4234  +0.5513901219   4625396  +0.5513901711  +4.920e-08
  4235  +0.5513902567   4625397  +0.5513902903  +3.353e-08
  4236  +0.5513903919   4625398  +0.5513904095  +1.757e-08
  4237  +0.5513905274   4625399  +0.5513905287  +1.304e-09
  4238  +0.5513906631   4625400  +0.5513906479  -1.526e-08
  4239  +0.5513907992   4625401  +0.5513907671  -3.211e-08
  4240  +0.5513909356   4625402  +0.5513908863  -4.927e-08
  4241  +0.5513910722   4625404  +0.5513911247  +5.248e-08
  4242  +0.5513912092   4625405  +0.5513912439  +3.472e-08
  4243  +0.5513913465   4625406  +0.5513913631  +1.665e-08
  4244  +0.5513914841   4625407  +0.5513914824  -1.709e-09
  4245  +0.5513916219   4625408  +0.5513916016  -2.038e-08
  4246  +0.5513917601   4625409  +0.5513917208  -3.935e-08
  4247  +0.5513918986   4625410  +0.5513918400  -5.862e-08
  4248  +0.5513920374   4625412  +0.5513920784  +4.101e-08
  4249  +0.5513921765   4625413  +0.5513921976  +2.112e-08
  4250  +0.5513923159   4625414  +0.5513923168  +9.265e-10
  4251  +0.5513924556   4625415  +0.5513924360  -1.957e-08
  4252  +0.5513925956   4625416  +0.5513925552  -4.038e-08
  4253  +0.5513927359   4625418  +0.5513927937  +5.771e-08
  4254  +0.5513928766   4625419  +0.5513929129  +3.629e-08
  4255  +0.5513930175   4625420  +0.5513930321  +1.455e-08
  4256  +0.5513931588   4625421  +0.5513931513  -7.493e-09
  4257  +0.5513933003   4625422  +0.5513932705  -2.985e-08
  4258  +0.5513934422   4625423  +0.5513933897  -5.252e-08
  4259  +0.5513935844   4625425  +0.5513936281  +4.371e-08
  4260  +0.5513937269   4625426  +0.5513937473  +2.042e-08
  4261  +0.5513938697   4625427  +0.5513938665  -3.192e-09
  4262  +0.5513940129   4625428  +0.5513939857  -2.712e-08
  4263  +0.5513941563   4625429  +0.5513941050  -5.135e-08
  4264  +0.5513943001   4625431  +0.5513943434  +4.330e-08
  4265  +0.5513944442   4625432  +0.5513944626  +1.843e-08
  4266  +0.5513945886   4625433  +0.5513945818  -6.757e-09
  4267  +0.5513947333   4625434  +0.5513947010  -3.226e-08
  4268  +0.5513948783   4625435  +0.5513948202  -5.809e-08
  4269  +0.5513950237   4625437  +0.5513950586  +3.498e-08
  4270  +0.5513951693   4625438  +0.5513951778  +8.512e-09
  4271  +0.5513953153   4625439  +0.5513952971  -1.827e-08
  4272  +0.5513954616   4625440  +0.5513954163  -4.538e-08
  4273  +0.5513956083   4625442  +0.5513956547  +4.640e-08
  4274  +0.5513957552   4625443  +0.5513957739  +1.865e-08
  4275  +0.5513959025   4625444  +0.5513958931  -9.431e-09
  4276  +0.5513960501   4625445  +0.5513960123  -3.783e-08
  4277  +0.5513961981   4625447  +0.5513962507  +5.265e-08
  4278  +0.5513963463   4625448  +0.5513963699  +2.360e-08
  4279  +0.5513964949   4625449  +0.5513964891  -5.779e-09
  4280  +0.5513966438   4625450  +0.5513966084  -3.548e-08
  4281  +0.5513967931   4625452  +0.5513968468  +5.369e-08
  4282  +0.5513969427   4625453  +0.5513969660  +2.333e-08
  4283  +0.5513970926   4625454  +0.5513970852  -7.364e-09
  4284  +0.5513972428   4625455  +0.5513972044  -3.839e-08
  4285  +0.5513973933   4625457  +0.5513974428  +4.947e-08
  4286  +0.5513975442   4625458  +0.5513975620  +1.778e-08
  4287  +0.5513976955   4625459  +0.5513976812  -1.423e-08
  4288  +0.5513978470   4625460  +0.5513978004  -4.658e-08
  4289  +0.5513979989   4625462  +0.5513980389  +3.994e-08
  4290  +0.5513981512   4625463  +0.5513981581  +6.922e-09
  4291  +0.5513983037   4625464  +0.5513982773  -2.643e-08
  4292  +0.5513984566   4625466  +0.5513985157  +5.909e-08
  4293  +0.5513986099   4625467  +0.5513986349  +2.506e-08
  4294  +0.5513987634   4625468  +0.5513987541  -9.305e-09
  4295  +0.5513989173   4625469  +0.5513988733  -4.401e-08
  4296  +0.5513990716   4625471  +0.5513991117  +4.016e-08
  4297  +0.5513992262   4625472  +0.5513992310  +4.776e-09
  4298  +0.5513993811   4625473  +0.5513993502  -3.095e-08
  4299  +0.5513995364   4625475  +0.5513995886  +5.220e-08
  4300  +0.5513996920   4625476  +0.5513997078  +1.579e-08
  4301  +0.5513998480   4625477  +0.5513998270  -2.096e-08
  4302  +0.5514000043   4625478  +0.5513999462  -5.805e-08
  4303  +0.5514001609   4625480  +0.5514001846  +2.372e-08
  4304  +0.5514003179   4625481  +0.5514003038  -1.406e-08
  4305  +0.5514004752   4625482  +0.5514004230  -5.218e-08
  4306  +0.5514006329   4625484  +0.5514006615  +2.855e-08
  4307  +0.5514007909   4625485  +0.5514007807  -1.027e-08
  4308  +0.5514009493   4625486  +0.5514008999  -4.944e-08
  4309  +0.5514011081   4625488  +0.5514011383  +3.025e-08
  4310  +0.5514012671   4625489  +0.5514012575  -9.618e-09
  4311  +0.5514014266   4625490  +0.5514013767  -4.984e-08
  4312  +0.5514015863   4625492  +0.5514016151  +2.880e-08
  4313  +0.5514017465   4625493  +0.5514017344  -1.212e-08
  4314  +0.5514019070   4625494  +0.5514018536  -5.339e-08
  4315  +0.5514020678   4625496  +0.5514020920  +2.419e-08
  4316  +0.5514022290   4625497  +0.5514022112  -1.779e-08
  4317  +0.5514023905   4625499  +0.5514024496  +5.908e-08
  4318  +0.5514025524   4625500  +0.5514025688  +1.638e-08
  4319  +0.5514027147   4625501  +0.5514026880  -2.667e-08
  4320  +0.5514028773   4625503  +0.5514029264  +4.914e-08
  4321  +0.5514030403   4625504  +0.5514030457  +5.370e-09
  4322  +0.5514032036   4625505  +0.5514031649  -3.876e-08
  4323  +0.5514033673   4625507  +0.5514034033  +3.597e-08
  4324  +0.5514035314   4625508  +0.5514035225  -8.875e-09
  4325  +0.5514036958   4625509  +0.5514036417  -5.408e-08
  4326  +0.5514038606   4625511  +0.5514038801  +1.956e-08
  4327  +0.5514040257   4625512  +0.5514039993  -2.637e-08
  4328  +0.5514041912   4625514  +0.5514042377  +4.654e-08
  4329  +0.5514043571   4625515  +0.5514043570  -1.196e-10
  4330  +0.5514045233   4625516  +0.5514044762  -4.715e-08
  4331  +0.5514046899   4625518  +0.5514047146  +2.467e-08
  4332  +0.5514048569   4625519  +0.5514048338  -2.309e-08
  4333  +0.5514050242   4625521  +0.5514050722  +4.800e-08
  4334  +0.5514051919   4625522  +0.5514051914  -4.987e-10
  4335  +0.5514053600   4625523  +0.5514053106  -4.936e-08
  4336  +0.5514055284   4625525  +0.5514055490  +2.061e-08
  4337  +0.5514056973   4625526  +0.5514056683  -2.899e-08
  4338  +0.5514058664   4625528  +0.5514059067  +4.024e-08
  4339  +0.5514060360   4625529  +0.5514060259  -1.011e-08
  4340  +0.5514062059   4625531  +0.5514062643  +5.837e-08
  4341  +0.5514063762   4625532  +0.5514063835  +7.273e-09
  4342  +0.5514065469   4625533  +0.5514065027  -4.420e-08
  4343  +0.5514067180   4625535  +0.5514067411  +2.316e-08
  4344  +0.5514068894   4625536  +0.5514068604  -2.907e-08
  4345  +0.5514070612   4625538  +0.5514070988  +3.754e-08
  4346  +0.5514072334   4625539  +0.5514072180  -1.544e-08
  4347  +0.5514074060   4625541  +0.5514074564  +5.040e-08
  4348  +0.5514075789   4625542  +0.5514075756  -3.339e-09
  4349  +0.5514077523   4625543  +0.5514076948  -5.746e-08
  4350  +0.5514079260   4625545  +0.5514079332  +7.242e-09
  4351  +0.5514081001   4625546  +0.5514080524  -4.765e-08
  4352  +0.5514082746   4625548  +0.5514082909  +1.629e-08
  4353  +0.5514084494   4625549  +0.5514084101  -3.936e-08
  4354  +0.5514086247   4625551  +0.5514086485  +2.381e-08
  4355  +0.5514088003   4625552  +0.5514087677  -3.262e-08
  4356  +0.5514089763   4625554  +0.5514090061  +2.977e-08
  4357  +0.5514091528   4625555  +0.5514091253  -2.743e-08
  4358  +0.5514093296   4625557  +0.5514093637  +3.419e-08
  4359  +0.5514095067   4625558  +0.5514094830  -2.379e-08
  4360  +0.5514096843   4625560  +0.5514097214  +3.705e-08
  4361  +0.5514098623   4625561  +0.5514098406  -2.171e-08
  4362  +0.5514100407   4625563  +0.5514100790  +3.835e-08
  4363  +0.5514102194   4625564  +0.5514101982  -2.120e-08
  4364  +0.5514103986   4625566  +0.5514104366  +3.807e-08
  4365  +0.5514105781   4625567  +0.5514105558  -2.226e-08
  4366  +0.5514107580   4625569  +0.5514107943  +3.622e-08
  4367  +0.5514109384   4625570  +0.5514109135  -2.491e-08
  4368  +0.5514111191   4625572  +0.5514111519  +3.278e-08
  4369  +0.5514113002   4625573  +0.5514112711  -2.915e-08
  4370  +0.5514114818   4625575  +0.5514115095  +2.774e-08
  4371  +0.5514116637   4625576  +0.5514116287  -3.498e-08
  4372  +0.5514118460   4625578  +0.5514118671  +2.111e-08
  4373  +0.5514120288   4625579  +0.5514119864  -4.241e-08
  4374  +0.5514122119   4625581  +0.5514122248  +1.287e-08
  4375  +0.5514123954   4625582  +0.5514123440  -5.146e-08
  4376  +0.5514125794   4625584  +0.5514125824  +3.017e-09
  4377  +0.5514127637   4625586  +0.5514128208  +5.709e-08
  4378  +0.5514129485   4625587  +0.5514129400  -8.457e-09
  4379  +0.5514131336   4625589  +0.5514131784  +4.480e-08
  4380  +0.5514133192   4625590  +0.5514132977  -2.156e-08
  4381  +0.5514135052   4625592  +0.5514135361  +3.088e-08
  4382  +0.5514136916   4625593  +0.5514136553  -3.630e-08
  4383  +0.5514138784   4625595  +0.5514138937  +1.532e-08
  4384  +0.5514140656   4625596  +0.5514140129  -5.268e-08
  4385  +0.5514142532   4625598  +0.5514142513  -1.880e-09
  4386  +0.5514144412   4625600  +0.5514144897  +4.850e-08
  4387  +0.5514146297   4625601  +0.5514146090  -2.074e-08
  4388  +0.5514148186   4625603  +0.5514148474  +2.882e-08
  4389  +0.5514150078   4625604  +0.5514149666  -4.125e-08
  4390  +0.5514151975   4625606  +0.5514152050  +7.467e-09
  4391  +0.5514153877   4625608  +0.5514154434  +5.577e-08
  4392  +0.5514155782   4625609  +0.5514155626  -1.555e-08
  4393  +0.5514157691   4625611  +0.5514158010  +3.191e-08
  4394  +0.5514159605   4625612  +0.5514159203  -4.026e-08
  4395  +0.5514161523   4625614  +0.5514161587  +6.367e-09
  4396  +0.5514163445   4625616  +0.5514163971  +5.257e-08
  4397  +0.5514165372   4625617  +0.5514165163  -2.087e-08
  4398  +0.5514167302   4625619  +0.5514167547  +2.449e-08
  4399  +0.5514169237   4625620  +0.5514168739  -4.980e-08
  4400  +0.5514171176   4625622  +0.5514171124  -5.297e-09
  4401  +0.5514173120   4625624  +0.5514173508  +3.878e-08
  4402  +0.5514175068   4625625  +0.5514174700  -3.679e-08
  4403  +0.5514177020   4625627  +0.5514177084  +6.428e-09
  4404  +0.5514178976   4625629  +0.5514179468  +4.921e-08
  4405  +0.5514180937   4625630  +0.5514180660  -2.764e-08
  4406  +0.5514182902   4625632  +0.5514183044  +1.428e-08
  4407  +0.5514184871   4625634  +0.5514185429  +5.577e-08
  4408  +0.5514186845   4625635  +0.5514186621  -2.238e-08
  4409  +0.5514188822   4625637  +0.5514189005  +1.824e-08
  4410  +0.5514190805   4625639  +0.5514191389  +5.843e-08
  4411  +0.5514192791   4625640  +0.5514192581  -2.103e-08
  4412  +0.5514194783   4625642  +0.5514194965  +1.828e-08
  4413  +0.5514196778   4625644  +0.5514197350  +5.715e-08
  4414  +0.5514198778   4625645  +0.5514198542  -2.362e-08
  4415  +0.5514200782   4625647  +0.5514200926  +1.437e-08
  4416  +0.5514202791   4625649  +0.5514203310  +5.192e-08
  4417  +0.5514204804   4625650  +0.5514204502  -3.018e-08
  4418  +0.5514206821   4625652  +0.5514206886  +6.486e-09
  4419  +0.5514208843   4625654  +0.5514209270  +4.271e-08
  4420  +0.5514210870   4625655  +0.5514210463  -4.073e-08
  4421  +0.5514212901   4625657  +0.5514212847  -5.398e-09
  4422  +0.5514214936   4625659  +0.5514215231  +2.948e-08
  4423  +0.5514216976   4625660  +0.5514216423  -5.529e-08
  4424  +0.5514219020   4625662  +0.5514218807  -2.131e-08
  4425  +0.5514221069   4625664  +0.5514221191  +1.223e-08
  4426  +0.5514223123   4625666  +0.5514223576  +4.531e-08
  4427  +0.5514225180   4625667  +0.5514224768  -4.127e-08
  4428  +0.5514227243   4625669  +0.5514227152  -9.095e-09
  4429  +0.5514229310   4625671  +0.5514229536  +2.263e-08
  4430  +0.5514231381   4625673  +0.5514231920  +5.389e-08
  4431  +0.5514233457   4625674  +0.5514233112  -3.450e-08
  4432  +0.5514235538   4625676  +0.5514235497  -4.152e-09
  4433  +0.5514237623   4625678  +0.5514237881  +2.574e-08
  4434  +0.5514239713   4625680  +0.5514240265  +5.518e-08
  4435  +0.5514241808   4625681  +0.5514241457  -3.506e-08
  4436  +0.5514243907   4625683  +0.5514243841  -6.542e-09
  4437  +0.5514246010   4625685  +0.5514246225  +2.151e-08
  4438  +0.5514248119   4625687  +0.5514248610  +4.910e-08
  4439  +0.5514250232   4625688  +0.5514249802  -4.299e-08
  4440  +0.5514252349   4625690  +0.5514252186  -1.633e-08
  4441  +0.5514254471   4625692  +0.5514254570  +9.861e-09
  4442  +0.5514256598   4625694  +0.5514256954  +3.559e-08
  4443  +0.5514258730   4625695  +0.5514258146  -5.837e-08
  4444  +0.5514260866   4625697  +0.5514260530  -3.358e-08
  4445  +0.5514263007   4625699  +0.5514262915  -9.268e-09
  4446  +0.5514265153   4625701  +0.5514265299  +1.458e-08
  4447  +0.5514267304   4625703  +0.5514267683  +3.795e-08
  4448  +0.5514269459   4625704  +0.5514268875  -5.837e-08
  4449  +0.5514271619   4625706  +0.5514271259  -3.594e-08
  4450  +0.5514273783   4625708  +0.5514273643  -1.400e-08
  4451  +0.5514275953   4625710  +0.5514276028  +7.473e-09
  4452  +0.5514278127   4625712  +0.5514278412  +2.846e-08
  4453  +0.5514280306   4625714  +0.5514280796  +4.898e-08
  4454  +0.5514282490   4625715  +0.5514281988  -5.020e-08
  4455  +0.5514284679   4625717  +0.5514284372  -3.065e-08
  4456  +0.5514286872   4625719  +0.5514286757  -1.158e-08
  4457  +0.5514289071   4625721  +0.5514289141  +7.009e-09
  4458  +0.5514291274   4625723  +0.5514291525  +2.511e-08
  4459  +0.5514293482   4625725  +0.5514293909  +4.273e-08
  4460  +0.5514295695   4625726  +0.5514295101  -5.935e-08
  4461  +0.5514297912   4625728  +0.5514297485  -4.271e-08
  4462  +0.5514300135   4625730  +0.5514299870  -2.655e-08
  4463  +0.5514302363   4625732  +0.5514302254  -1.089e-08
  4464  +0.5514304595   4625734  +0.5514304638  +4.284e-09
  4465  +0.5514306832   4625736  +0.5514307022  +1.897e-08
  4466  +0.5514309075   4625738  +0.5514309406  +3.316e-08
  4467  +0.5514311322   4625740  +0.5514311790  +4.685e-08
  4468  +0.5514313574   4625741  +0.5514312983  -5.916e-08
  4469  +0.5514315831   4625743  +0.5514315367  -4.645e-08
  4470  +0.5514318093   4625745  +0.5514317751  -3.425e-08
  4471  +0.5514320361   4625747  +0.5514320135  -2.254e-08
  4472  +0.5514322633   4625749  +0.5514322519  -1.133e-08
  4473  +0.5514324910   4625751  +0.5514324903  -6.218e-10
  4474  +0.5514327192   4625753  +0.5514327288  +9.585e-09
  4475  +0.5514329479   4625755  +0.5514329672  +1.929e-08
  4476  +0.5514331771   4625757  +0.5514332056  +2.849e-08
  4477  +0.5514334068   4625759  +0.5514334440  +3.719e-08
  4478  +0.5514336371   4625761  +0.5514336824  +4.537e-08
  4479  +0.5514338678   4625763  +0.5514339209  +5.306e-08
  4480  +0.5514340990   4625764  +0.5514340401  -5.898e-08
  4481  +0.5514343308   4625766  +0.5514342785  -5.231e-08
  4482  +0.5514345631   4625768  +0.5514345169  -4.616e-08
  4483  +0.5514347958   4625770  +0.5514347553  -4.052e-08
  4484  +0.5514350291   4625772  +0.5514349937  -3.539e-08
  4485  +0.5514352629   4625774  +0.5514352322  -3.077e-08
  4486  +0.5514354973   4625776  +0.5514354706  -2.667e-08
  4487  +0.5514357321   4625778  +0.5514357090  -2.309e-08
  4488  +0.5514359674   4625780  +0.5514359474  -2.002e-08
  4489  +0.5514362033   4625782  +0.5514361858  -1.747e-08
  4490  +0.5514364397   4625784  +0.5514364243  -1.544e-08
  4491  +0.5514366766   4625786  +0.5514366627  -1.394e-08
  4492  +0.5514369140   4625788  +0.5514369011  -1.295e-08
  4493  +0.5514371520   4625790  +0.5514371395  -1.249e-08
  4494  +0.5514373905   4625792  +0.5514373779  -1.255e-08
  4495  +0.5514376295   4625794  +0.5514376163  -1.313e-08
  4496  +0.5514378690   4625796  +0.5514378548  -1.425e-08
  4497  +0.5514381091   4625798  +0.5514380932  -1.589e-08
  4498  +0.5514383497   4625800  +0.5514383316  -1.806e-08
  4499  +0.5514385908   4625802  +0.5514385700  -2.076e-08
  4500  +0.5514388324   4625804  +0.5514388084  -2.399e-08
  4501  +0.5514390746   4625806  +0.5514390469  -2.775e-08
  4502  +0.5514393173   4625808  +0.5514392853  -3.205e-08
  4503  +0.5514395606   4625810  +0.5514395237  -3.688e-08
  4504  +0.5514398044   4625812  +0.5514397621  -4.224e-08
  4505  +0.5514400487   4625814  +0.5514400005  -4.815e-08
  4506  +0.5514402935   4625816  +0.5514402390  -5.459e-08
  4507  +0.5514405389   4625819  +0.5514405966  +5.764e-08
  4508  +0.5514407849   4625821  +0.5514408350  +5.012e-08
  4509  +0.5514410314   4625823  +0.5514410734  +4.205e-08
  4510  +0.5514412784   4625825  +0.5514413118  +3.344e-08
  4511  +0.5514415260   4625827  +0.5514415503  +2.429e-08
  4512  +0.5514417741   4625829  +0.5514417887  +1.460e-08
  4513  +0.5514420227   4625831  +0.5514420271  +4.353e-09
  4514  +0.5514422719   4625833  +0.5514422655  -6.438e-09
  4515  +0.5514425217   4625835  +0.5514425039  -1.778e-08
  4516  +0.5514427720   4625837  +0.5514427423  -2.967e-08
  4517  +0.5514430229   4625839  +0.5514429808  -4.211e-08
  4518  +0.5514432743   4625841  +0.5514432192  -5.510e-08
  4519  +0.5514435263   4625844  +0.5514435768  +5.056e-08
  4520  +0.5514437788   4625846  +0.5514438152  +3.646e-08
  4521  +0.5514440319   4625848  +0.5514440536  +2.180e-08
  4522  +0.5514442855   4625850  +0.5514442921  +6.579e-09
  4523  +0.5514445397   4625852  +0.5514445305  -9.197e-09
  4524  +0.5514447944   4625854  +0.5514447689  -2.553e-08
  4525  +0.5514450498   4625856  +0.5514450073  -4.243e-08
  4526  +0.5514453056   4625859  +0.5514453650  +5.932e-08
  4527  +0.5514455621   4625861  +0.5514456034  +4.130e-08
  4528  +0.5514458191   4625863  +0.5514458418  +2.271e-08
  4529  +0.5514460767   4625865  +0.5514460802  +3.556e-09
  4530  +0.5514463348   4625867  +0.5514463186  -1.617e-08
  4531  +0.5514465935   4625869  +0.5514465570  -3.646e-08
  4532  +0.5514468528   4625871  +0.5514467955  -5.732e-08
  4533  +0.5514471126   4625874  +0.5514471531  +4.046e-08
  4534  +0.5514473731   4625876  +0.5514473915  +1.846e-08
  4535  +0.5514476340   4625878  +0.5514476299  -4.118e-09
  4536  +0.5514478956   4625880  +0.5514478683  -2.727e-08
  4537  +0.5514481578   4625882  +0.5514481068  -5.100e-08
  4538  +0.5514484205   4625885  +0.5514484644  +4.390e-08
  4539  +0.5514486838   4625887  +0.5514487028  +1.902e-08
  4540  +0.5514489477   4625889  +0.5514489412  -6.445e-09
  4541  +0.5514492121   4625891  +0.5514491796  -3.249e-08
  4542  +0.5514494772   4625893  +0.5514494181  -5.912e-08
  4543  +0.5514497428   4625896  +0.5514497757  +3.288e-08
  4544  +0.5514500090   4625898  +0.5514500141  +5.079e-09
  4545  +0.5514502758   4625900  +0.5514502525  -2.331e-08
  4546  +0.5514505432   4625902  +0.5514504910  -5.228e-08
  4547  +0.5514508112   4625905  +0.5514508486  +3.737e-08
  4548  +0.5514510798   4625907  +0.5514510870  +7.220e-09
  4549  +0.5514513489   4625909  +0.5514513254  -2.352e-08
  4550  +0.5514516187   4625911  +0.5514515638  -5.486e-08
  4551  +0.5514518890   4625914  +0.5514519215  +3.242e-08
  4552  +0.5514521600   4625916  +0.5514521599  -1.058e-10
  4553  +0.5514524315   4625918  +0.5514523983  -3.323e-08
  4554  +0.5514527037   4625921  +0.5514527559  +5.226e-08
  4555  +0.5514529764   4625923  +0.5514529943  +1.794e-08
  4556  +0.5514532497   4625925  +0.5514532328  -1.698e-08
  4557  +0.5514535237   4625927  +0.5514534712  -5.250e-08
  4558  +0.5514537982   4625930  +0.5514538288  +3.058e-08
  4559  +0.5514540734   4625932  +0.5514540672  -6.154e-09
  4560  +0.5514543491   4625934  +0.5514543056  -4.349e-08
  4561  +0.5514546255   4625937  +0.5514546633  +3.777e-08
  4562  +0.5514549025   4625939  +0.5514549017  -7.814e-10
  4563  +0.5514551801   4625941  +0.5514551401  -3.995e-08
  4564  +0.5514554583   4625944  +0.5514554977  +3.949e-08
  4565  +0.5514557371   4625946  +0.5514557362  -9.004e-10
  4566  +0.5514560165   4625948  +0.5514559746  -4.190e-08
  4567  +0.5514562965   4625951  +0.5514563322  +3.569e-08
  4568  +0.5514565772   4625953  +0.5514565706  -6.547e-09
  4569  +0.5514568584   4625955  +0.5514568090  -4.940e-08
  4570  +0.5514571403   4625958  +0.5514571667  +2.634e-08
  4571  +0.5514574228   4625960  +0.5514574051  -1.776e-08
  4572  +0.5514577060   4625963  +0.5514577627  +5.673e-08
  4573  +0.5514579897   4625965  +0.5514580011  +1.139e-08
  4574  +0.5514582741   4625967  +0.5514582396  -3.457e-08
  4575  +0.5514585591   4625970  +0.5514585972  +3.805e-08
  4576  +0.5514588448   4625972  +0.5514588356  -9.173e-09
  4577  +0.5514591310   4625974  +0.5514590740  -5.702e-08
  4578  +0.5514594179   4625977  +0.5514594316  +1.371e-08
  4579  +0.5514597055   4625979  +0.5514596701  -3.540e-08
  4580  +0.5514599936   4625982  +0.5514600277  +3.406e-08
  4581  +0.5514602824   4625984  +0.5514602661  -1.632e-08
  4582  +0.5514605719   4625987  +0.5514606237  +5.188e-08
  4583  +0.5514608619   4625989  +0.5514608622  +2.216e-10
  4584  +0.5514611526   4625991  +0.5514611006  -5.207e-08
  4585  +0.5514614440   4625994  +0.5514614582  +1.421e-08
  4586  +0.5514617360   4625996  +0.5514616966  -3.937e-08
  4587  +0.5514620286   4625999  +0.5514620543  +2.562e-08
  4588  +0.5514623219   4626001  +0.5514622927  -2.924e-08
  4589  +0.5514626158   4626004  +0.5514626503  +3.446e-08
  4590  +0.5514629104   4626006  +0.5514628887  -2.170e-08
  4591  +0.5514632056   4626009  +0.5514632463  +4.071e-08
  4592  +0.5514635015   4626011  +0.5514634848  -1.675e-08
  4593  +0.5514637980   4626014  +0.5514638424  +4.435e-08
  4594  +0.5514640952   4626016  +0.5514640808  -1.441e-08
  4595  +0.5514643931   4626019  +0.5514644384  +4.539e-08
  4596  +0.5514646915   4626021  +0.5514646769  -1.468e-08
  4597  +0.5514649907   4626024  +0.5514650345  +4.380e-08
  4598  +0.5514652905   4626026  +0.5514652729  -1.759e-08
  4599  +0.5514655910   4626029  +0.5514656305  +3.957e-08
  4600  +0.5514658921   4626031  +0.5514658689  -2.314e-08
  4601  +0.5514661939   4626034  +0.5514662266  +3.270e-08
  4602  +0.5514664963   4626036  +0.5514664650  -3.134e-08
  4603  +0.5514667995   4626039  +0.5514668226  +2.316e-08
  4604  +0.5514671033   4626041  +0.5514670610  -4.221e-08
  4605  +0.5514674077   4626044  +0.5514674187  +1.096e-08
  4606  +0.5514677128   4626046  +0.5514676571  -5.576e-08
  4607  +0.5514680186   4626049  +0.5514680147  -3.931e-09
  4608  +0.5514683251   4626052  +0.5514683723  +4.722e-08
  4609  +0.5514686323   4626054  +0.5514686108  -2.151e-08
  4610  +0.5514689401   4626057  +0.5514689684  +2.829e-08
  4611  +0.5514692486   4626059  +0.5514692068  -4.180e-08
  4612  +0.5514695578   4626062  +0.5514695644  +6.639e-09
  4613  +0.5514698677   4626065  +0.5514699221  +5.440e-08
  4614  +0.5514701782   4626067  +0.5514701605  -1.773e-08
  4615  +0.5514704895   4626070  +0.5514705181  +2.866e-08
  4616  +0.5514708014   4626072  +0.5514707565  -4.484e-08
  4617  +0.5514711140   4626075  +0.5514711142  +1.803e-10
  4618  +0.5514714273   4626078  +0.5514714718  +4.451e-08
  4619  +0.5514717413   4626080  +0.5514717102  -3.105e-08
  4620  +0.5514720559   4626083  +0.5514720678  +1.190e-08
  4621  +0.5514723713   4626086  +0.5514724255  +5.415e-08
  4622  +0.5514726874   4626088  +0.5514726639  -2.349e-08
  4623  +0.5514730041   4626091  +0.5514730215  +1.737e-08
  4624  +0.5514733216   4626094  +0.5514733791  +5.754e-08
  4625  +0.5514736398   4626096  +0.5514736176  -2.220e-08
  4626  +0.5514739586   4626099  +0.5514739752  +1.657e-08
  4627  +0.5514742782   4626102  +0.5514743328  +5.463e-08
  4628  +0.5514745984   4626104  +0.5514745712  -2.721e-08
  4629  +0.5514749194   4626107  +0.5514749289  +9.441e-09
  4630  +0.5514752411   4626110  +0.5514752865  +4.539e-08
  4631  +0.5514755635   4626112  +0.5514755249  -3.858e-08
  4632  +0.5514758866   4626115  +0.5514758825  -4.049e-09
  4633  +0.5514762104   4626118  +0.5514762402  +2.977e-08
  4634  +0.5514765349   4626120  +0.5514764786  -5.633e-08
  4635  +0.5514768601   4626123  +0.5514768362  -2.394e-08
  4636  +0.5514771861   4626126  +0.5514771938  +7.729e-09
  4637  +0.5514775128   4626129  +0.5514775515  +3.868e-08
  4638  +0.5514778402   4626131  +0.5514777899  -5.029e-08
  4639  +0.5514781683   4626134  +0.5514781475  -2.077e-08
  4640  +0.5514784971   4626137  +0.5514785051  +8.018e-09
  4641  +0.5514788267   4626140  +0.5514788628  +3.609e-08
  4642  +0.5514791570   4626142  +0.5514791012  -5.578e-08
  4643  +0.5514794880   4626145  +0.5514794588  -2.917e-08
  4644  +0.5514798197   4626148  +0.5514798164  -3.284e-09
  4645  +0.5514801522   4626151  +0.5514801741  +2.187e-08
  4646  +0.5514804854   4626154  +0.5514805317  +4.629e-08
  4647  +0.5514808193   4626156  +0.5514807701  -4.923e-08
  4648  +0.5514811540   4626159  +0.5514811277  -2.628e-08
  4649  +0.5514814894   4626162  +0.5514814854  -4.064e-09
  4650  +0.5514818256   4626165  +0.5514818430  +1.741e-08
  4651  +0.5514821625   4626168  +0.5514822006  +3.815e-08
  4652  +0.5514825001   4626171  +0.5514825583  +5.814e-08
  4653  +0.5514828385   4626173  +0.5514827967  -4.182e-08
  4654  +0.5514831776   4626176  +0.5514831543  -2.332e-08
  4655  +0.5514835175   4626179  +0.5514835119  -5.561e-09
  4656  +0.5514838581   4626182  +0.5514838696  +1.145e-08
  4657  +0.5514841995   4626185  +0.5514842272  +2.770e-08
  4658  +0.5514845416   4626188  +0.5514845848  +4.321e-08
  4659  +0.5514848845   4626191  +0.5514849424  +5.796e-08
  4660  +0.5514852281   4626193  +0.5514851809  -4.725e-08
  4661  +0.5514855725   4626196  +0.5514855385  -3.401e-08
  4662  +0.5514859176   4626199  +0.5514858961  -2.153e-08
  4663  +0.5514862635   4626202  +0.5514862537  -9.810e-09
  4664  +0.5514866102   4626205  +0.5514866114  +1.148e-09
  4665  +0.5514869577   4626208  +0.5514869690  +1.134e-08
  4666  +0.5514873058   4626211  +0.5514873266  +2.077e-08
  4667  +0.5514876548   4626214  +0.5514876842  +2.943e-08
  4668  +0.5514880045   4626217  +0.5514880419  +3.733e-08
  4669  +0.5514883551   4626220  +0.5514883995  +4.445e-08
  4670  +0.5514887063   4626223  +0.5514887571  +5.080e-08
  4671  +0.5514890584   4626226  +0.5514891148  +5.638e-08
  4672  +0.5514894112   4626228  +0.5514893532  -5.803e-08
  4673  +0.5514897648   4626231  +0.5514897108  -5.400e-08
  4674  +0.5514901192   4626234  +0.5514900684  -5.076e-08
  4675  +0.5514904744   4626237  +0.5514904261  -4.829e-08
  4676  +0.5514908303   4626240  +0.5514907837  -4.661e-08
  4677  +0.5514911870   4626243  +0.5514911413  -4.571e-08
  4678  +0.5514915445   4626246  +0.5514914989  -4.560e-08
  4679  +0.5514919029   4626249  +0.5514918566  -4.628e-08
  4680  +0.5514922619   4626252  +0.5514922142  -4.774e-08
  4681  +0.5514926218   4626255  +0.5514925718  -5.000e-08
  4682  +0.5514929825   4626258  +0.5514929295  -5.305e-08
  4683  +0.5514933440   4626261  +0.5514932871  -5.689e-08
  4684  +0.5514937062   4626265  +0.5514937639  +5.768e-08
  4685  +0.5514940693   4626268  +0.5514941216  +5.224e-08
  4686  +0.5514944332   4626271  +0.5514944792  +4.601e-08
  4687  +0.5514947978   4626274  +0.5514948368  +3.897e-08
  4688  +0.5514951633   4626277  +0.5514951944  +3.113e-08
  4689  +0.5514955296   4626280  +0.5514955521  +2.248e-08
  4690  +0.5514958967   4626283  +0.5514959097  +1.302e-08
  4691  +0.5514962646   4626286  +0.5514962673  +2.761e-09
  4692  +0.5514966333   4626289  +0.5514966249  -8.313e-09
  4693  +0.5514970028   4626292  +0.5514969826  -2.020e-08
  4694  +0.5514973731   4626295  +0.5514973402  -3.290e-08
  4695  +0.5514977442   4626298  +0.5514976978  -4.641e-08
  4696  +0.5514981162   4626302  +0.5514981747  +5.846e-08
  4697  +0.5514984890   4626305  +0.5514985323  +4.331e-08
  4698  +0.5514988626   4626308  +0.5514988899  +2.734e-08
  4699  +0.5514992370   4626311  +0.5514992476  +1.054e-08
  4700  +0.5514996123   4626314  +0.5514996052  -7.081e-09
  4701  +0.5514999883   4626317  +0.5514999628  -2.553e-08
  4702  +0.5515003652   4626320  +0.5515003204  -4.481e-08
  4703  +0.5515007430   4626324  +0.5515007973  +5.430e-08
  4704  +0.5515011215   4626327  +0.5515011549  +3.336e-08
  4705  +0.5515015009   4626330  +0.5515015125  +1.158e-08
  4706  +0.5515018812   4626333  +0.5515018702  -1.102e-08
  4707  +0.5515022623   4626336  +0.5515022278  -3.447e-08
  4708  +0.5515026442   4626339  +0.5515025854  -5.876e-08
  4709  +0.5515030269   4626343  +0.5515030622  +3.533e-08
  4710  +0.5515034105   4626346  +0.5515034199  +9.355e-09
  4711  +0.5515037950   4626349  +0.5515037775  -1.746e-08
  4712  +0.5515041803   4626352  +0.5515041351  -4.512e-08
  4713  +0.5515045664   4626356  +0.5515046120  +4.557e-08
  4714  +0.5515049534   4626359  +0.5515049696  +1.621e-08
  4715  +0.5515053412   4626362  +0.5515053272  -1.400e-08
  4716  +0.5515057299   4626365  +0.5515056849  -4.507e-08
  4717  +0.5515061195   4626369  +0.5515061617  +4.221e-08
  4718  +0.5515065099   4626372  +0.5515065193  +9.430e-09
  4719  +0.5515069012   4626375  +0.5515068769  -2.421e-08
  4720  +0.5515072933   4626378  +0.5515072346  -5.872e-08
  4721  +0.5515076863   4626382  +0.5515077114  +2.512e-08
  4722  +0.5515080802   4626385  +0.5515080690  -1.111e-08
  4723  +0.5515084749   4626388  +0.5515084267  -4.822e-08
  4724  +0.5515088705   4626392  +0.5515089035  +3.302e-08
  4725  +0.5515092670   4626395  +0.5515092611  -5.822e-09
  4726  +0.5515096643   4626398  +0.5515096188  -4.554e-08
  4727  +0.5515100625   4626402  +0.5515100956  +3.308e-08
  4728  +0.5515104616   4626405  +0.5515104532  -8.392e-09
  4729  +0.5515108616   4626408  +0.5515108109  -5.074e-08
  4730  +0.5515112625   4626412  +0.5515112877  +2.524e-08
  4731  +0.5515116642   4626415  +0.5515116453  -1.887e-08
  4732  +0.5515120668   4626419  +0.5515121222  +5.534e-08
  4733  +0.5515124703   4626422  +0.5515124798  +9.452e-09
  4734  +0.5515128747   4626425  +0.5515128374  -3.732e-08
  4735  +0.5515132800   4626429  +0.5515133142  +3.422e-08
  4736  +0.5515136862   4626432  +0.5515136719  -1.434e-08
  4737  +0.5515140933   4626436  +0.5515141487  +5.542e-08
  4738  +0.5515145013   4626439  +0.5515145063  +5.072e-09
  4739  +0.5515149101   4626442  +0.5515148640  -4.618e-08
  4740  +0.5515153199   4626446  +0.5515153408  +2.088e-08
  4741  +0.5515157306   4626449  +0.5515156984  -3.217e-08
  4742  +0.5515161422   4626453  +0.5515161753  +3.309e-08
  4743  +0.5515165547   4626456  +0.5515165329  -2.178e-08
  4744  +0.5515169681   4626460  +0.5515170097  +4.166e-08
  4745  +0.5515173824   4626463  +0.5515173674  -1.502e-08
  4746  +0.5515177976   4626467  +0.5515178442  +4.659e-08
  4747  +0.5515182137   4626470  +0.5515182018  -1.192e-08
  4748  +0.5515186308   4626474  +0.5515186787  +4.787e-08
  4749  +0.5515190488   4626477  +0.5515190363  -1.248e-08
  4750  +0.5515194677   4626481  +0.5515195131  +4.546e-08
  4751  +0.5515198875   4626484  +0.5515198708  -1.672e-08
  4752  +0.5515203082   4626488  +0.5515203476  +3.937e-08
  4753  +0.5515207299   4626491  +0.5515207052  -2.467e-08
  4754  +0.5515211525   4626495  +0.5515211821  +2.957e-08
  4755  +0.5515215760   4626498  +0.5515215397  -3.633e-08
  4756  +0.5515220005   4626502  +0.5515220165  +1.605e-08
  4757  +0.5515224259   4626505  +0.5515223742  -5.172e-08
  4758  +0.5515228522   4626509  +0.5515228510  -1.219e-09
  4759  +0.5515232795   4626513  +0.5515233278  +4.835e-08
  4760  +0.5515237077   4626516  +0.5515236855  -2.224e-08
  4761  +0.5515241369   4626520  +0.5515241623  +2.544e-08
  4762  +0.5515245670   4626523  +0.5515245199  -4.704e-08
  4763  +0.5515249980   4626527  +0.5515249968  -1.249e-09
  4764  +0.5515254300   4626531  +0.5515254736  +4.359e-08
  4765  +0.5515258630   4626534  +0.5515258312  -3.174e-08
  4766  +0.5515262969   4626538  +0.5515263081  +1.120e-08
  4767  +0.5515267317   4626542  +0.5515267849  +5.317e-08
  4768  +0.5515271675   4626545  +0.5515271425  -2.502e-08
  4769  +0.5515276043   4626549  +0.5515276194  +1.504e-08
  4770  +0.5515280421   4626553  +0.5515280962  +5.413e-08
  4771  +0.5515284808   4626556  +0.5515284538  -2.694e-08
  4772  +0.5515289204   4626560  +0.5515289307  +1.022e-08
  4773  +0.5515293611   4626564  +0.5515294075  +4.642e-08
  4774  +0.5515298027   4626567  +0.5515297651  -3.757e-08
  4775  +0.5515302453   4626571  +0.5515302420  -3.313e-09
  4776  +0.5515306888   4626575  +0.5515307188  +2.996e-08
  4777  +0.5515311334   4626578  +0.5515310764  -5.694e-08
  4778  +0.5515315789   4626582  +0.5515315533  -2.562e-08
  4779  +0.5515320254   4626586  +0.5515320301  +4.717e-09
  4780  +0.5515324729   4626590  +0.5515325069  +3.407e-08
  4781  +0.5515329213   4626593  +0.5515328646  -5.677e-08
  4782  +0.5515333708   4626597  +0.5515333414  -2.938e-08
  4783  +0.5515338212   4626601  +0.5515338182  -2.990e-09
  4784  +0.5515342727   4626605  +0.5515342951  +2.241e-08
  4785  +0.5515347251   4626609  +0.5515347719  +4.682e-08
  4786  +0.5515351785   4626612  +0.5515351295  -4.899e-08
  4787  +0.5515356330   4626616  +0.5515356064  -2.658e-08
  4788  +0.5515360884   4626620  +0.5515360832  -5.166e-09
  4789  +0.5515365448   4626624  +0.5515365601  +1.524e-08
  4790  +0.5515370023   4626628  +0.5515370369  +3.464e-08
  4791  +0.5515374607   4626632  +0.5515375137  +5.303e-08
  4792  +0.5515379202   4626635  +0.5515378714  -4.880e-08
  4793  +0.5515383806   4626639  +0.5515383482  -3.243e-08
  4794  +0.5515388421   4626643  +0.5515388250  -1.707e-08
  4795  +0.5515393046   4626647  +0.5515393019  -2.730e-09
  4796  +0.5515397681   4626651  +0.5515397787  +1.059e-08
  4797  +0.5515402327   4626655  +0.5515402555  +2.289e-08
  4798  +0.5515406982   4626659  +0.5515407324  +3.417e-08
  4799  +0.5515411648   4626663  +0.5515412092  +4.442e-08
  4800  +0.5515416324   4626667  +0.5515416861  +5.364e-08
  4801  +0.5515421011   4626670  +0.5515420437  -5.738e-08
  4802  +0.5515425707   4626674  +0.5515425205  -5.022e-08
  4803  +0.5515430415   4626678  +0.5515429974  -4.409e-08
  4804  +0.5515435132   4626682  +0.5515434742  -3.901e-08
  4805  +0.5515439860   4626686  +0.5515439510  -3.496e-08
  4806  +0.5515444598   4626690  +0.5515444279  -3.195e-08
  4807  +0.5515449347   4626694  +0.5515449047  -2.999e-08
  4808  +0.5515454106   4626698  +0.5515453815  -2.907e-08
  4809  +0.5515458876   4626702  +0.5515458584  -2.920e-08
  4810  +0.5515463656   4626706  +0.5515463352  -3.038e-08
  4811  +0.5515468447   4626710  +0.5515468121  -3.262e-08
  4812  +0.5515473248   4626714  +0.5515472889  -3.591e-08
  4813  +0.5515478060   4626718  +0.5515477657  -4.025e-08
  4814  +0.5515482882   4626722  +0.5515482426  -4.566e-08
  4815  +0.5515487715   4626726  +0.5515487194  -5.213e-08
  4816  +0.5515492559   4626731  +0.5515493155  +5.954e-08
  4817  +0.5515497414   4626735  +0.5515497923  +5.094e-08
  4818  +0.5515502279   4626739  +0.5515502691  +4.127e-08
  4819  +0.5515507154   4626743  +0.5515507460  +3.052e-08
  4820  +0.5515512041   4626747  +0.5515512228  +1.871e-08
  4821  +0.5515516938   4626751  +0.5515516996  +5.813e-09
  4822  +0.5515521846   4626755  +0.5515521765  -8.160e-09
  4823  +0.5515526765   4626759  +0.5515526533  -2.321e-08
  4824  +0.5515531695   4626763  +0.5515531301  -3.935e-08
  4825  +0.5515536636   4626767  +0.5515536070  -5.657e-08
  4826  +0.5515541587   4626772  +0.5515542030  +4.432e-08
  4827  +0.5515546550   4626776  +0.5515546799  +2.492e-08
  4828  +0.5515551523   4626780  +0.5515551567  +4.423e-09
  4829  +0.5515556507   4626784  +0.5515556335  -1.717e-08
  4830  +0.5515561502   4626788  +0.5515561104  -3.986e-08
  4831  +0.5515566509   4626793  +0.5515567064  +5.556e-08
  4832  +0.5515571526   4626797  +0.5515571833  +3.067e-08
  4833  +0.5515576554   4626801  +0.5515576601  +4.670e-09
  4834  +0.5515581594   4626805  +0.5515581369  -2.244e-08
  4835  +0.5515586644   4626809  +0.5515586138  -5.065e-08
  4836  +0.5515591706   4626814  +0.5515592098  +3.923e-08
  4837  +0.5515596779   4626818  +0.5515596867  +8.784e-09
  4838  +0.5515601863   4626822  +0.5515601635  -2.278e-08
  4839  +0.5515606958   4626826  +0.5515606403  -5.546e-08
  4840  +0.5515612064   4626831  +0.5515612364  +2.995e-08
  4841  +0.5515617182   4626835  +0.5515617132  -4.983e-09
  4842  +0.5515622311   4626839  +0.5515621901  -4.104e-08
  4843  +0.5515627451   4626844  +0.5515627861  +4.098e-08
  4844  +0.5515632603   4626848  +0.5515632629  +2.666e-09
  4845  +0.5515637766   4626852  +0.5515637398  -3.679e-08
  4846  +0.5515642940   4626857  +0.5515643358  +4.183e-08
  4847  +0.5515648126   4626861  +0.5515648127  +1.001e-10
  4848  +0.5515653323   4626865  +0.5515652895  -4.277e-08
  4849  +0.5515658531   4626870  +0.5515658855  +3.242e-08
  4850  +0.5515663751   4626874  +0.5515663624  -1.275e-08
  4851  +0.5515668983   4626878  +0.5515668392  -5.906e-08
  4852  +0.5515674226   4626883  +0.5515674353  +1.268e-08
  4853  +0.5515679480   4626887  +0.5515679121  -3.594e-08
  4854  +0.5515684747   4626892  +0.5515685081  +3.348e-08
  4855  +0.5515690024   4626896  +0.5515689850  -1.746e-08
  4856  +0.5515695314   4626901  +0.5515695810  +4.965e-08
  4857  +0.5515700615   4626905  +0.5515700579  -3.618e-09
  4858  +0.5515705928   4626909  +0.5515705347  -5.805e-08
  4859  +0.5515711252   4626914  +0.5515711308  +5.548e-09
  4860  +0.5515716588   4626918  +0.5515716076  -5.123e-08
  4861  +0.5515721936   4626923  +0.5515722036  +1.002e-08
  4862  +0.5515727296   4626927  +0.5515726805  -4.911e-08
  4863  +0.5515732667   4626932  +0.5515732765  +9.784e-09
  4864  +0.5515738051   4626936  +0.5515737534  -5.171e-08
  4865  +0.5515743446   4626941  +0.5515743494  +4.812e-09
  4866  +0.5515748853   4626945  +0.5515748262  -5.906e-08
  4867  +0.5515754272   4626950  +0.5515754223  -4.914e-09
  4868  +0.5515759703   4626955  +0.5515760183  +4.804e-08
  4869  +0.5515765146   4626959  +0.5515764952  -1.941e-08
  4870  +0.5515770601   4626964  +0.5515770912  +3.114e-08
  4871  +0.5515776068   4626968  +0.5515775681  -3.871e-08
  4872  +0.5515781547   4626973  +0.5515781641  +9.439e-09
  4873  +0.5515787038   4626978  +0.5515787601  +5.638e-08
  4874  +0.5515792541   4626982  +0.5515792370  -1.709e-08
  4875  +0.5515798056   4626987  +0.5515798330  +2.743e-08
  4876  +0.5515803583   4626991  +0.5515803099  -4.847e-08
  4877  +0.5515809123   4626996  +0.5515809059  -6.384e-09
  4878  +0.5515814675   4627001  +0.5515815020  +3.448e-08
  4879  +0.5515820239   4627005  +0.5515819788  -4.508e-08
  4880  +0.5515825815   4627010  +0.5515825748  -6.659e-09
  4881  +0.5515831404   4627015  +0.5515831709  +3.053e-08
  4882  +0.5515837004   4627019  +0.5515836477  -5.272e-08
  4883  +0.5515842618   4627024  +0.5515842438  -1.799e-08
  4884  +0.5515848243   4627029  +0.5515848398  +1.550e-08
  4885  +0.5515853881   4627034  +0.5515854359  +4.775e-08
  4886  +0.5515859532   4627038  +0.5515859127  -4.045e-08
  4887  +0.5515865194   4627043  +0.5515865088  -1.069e-08
  4888  +0.5515870870   4627048  +0.5515871048  +1.783e-08
  4889  +0.5515876557   4627053  +0.5515877008  +4.510e-08
  4890  +0.5515882258   4627057  +0.5515881777  -4.810e-08
  4891  +0.5515887971   4627062  +0.5515887737  -2.334e-08
  4892  +0.5515893696   4627067  +0.5515893698  +1.553e-10
  4893  +0.5515899434   4627072  +0.5515899658  +2.239e-08
  4894  +0.5515905185   4627077  +0.5515905619  +4.337e-08
  4895  +0.5515910948   4627081  +0.5515910387  -5.614e-08
  4896  +0.5515916725   4627086  +0.5515916348  -3.770e-08
  4897  +0.5515922513   4627091  +0.5515922308  -2.054e-08
  4898  +0.5515928315   4627096  +0.5515928268  -4.647e-09
  4899  +0.5515934129   4627101  +0.5515934229  +9.964e-09
  4900  +0.5515939956   4627106  +0.5515940189  +2.329e-08
  4901  +0.5515945796   4627111  +0.5515946150  +3.534e-08
  4902  +0.5515951649   4627116  +0.5515952110  +4.610e-08
  4903  +0.5515957515   4627121  +0.5515958071  +5.557e-08
  4904  +0.5515963394   4627125  +0.5515962839  -5.546e-08
  4905  +0.5515969285   4627130  +0.5515968800  -4.858e-08
  4906  +0.5515975190   4627135  +0.5515974760  -4.299e-08
  4907  +0.5515981108   4627140  +0.5515980721  -3.871e-08
  4908  +0.5515987038   4627145  +0.5515986681  -3.573e-08
  4909  +0.5515992982   4627150  +0.5515992641  -3.405e-08
  4910  +0.5515998939   4627155  +0.5515998602  -3.369e-08
  4911  +0.5516004909   4627160  +0.5516004562  -3.464e-08
  4912  +0.5516010892   4627165  +0.5516010523  -3.690e-08
  4913  +0.5516016888   4627170  +0.5516016483  -4.048e-08
  4914  +0.5516022898   4627175  +0.5516022444  -4.538e-08
  4915  +0.5516028920   4627180  +0.5516028404  -5.161e-08
  4916  +0.5516034956   4627185  +0.5516034365  -5.916e-08
  4917  +0.5516041006   4627191  +0.5516041517  +5.117e-08
  4918  +0.5516047068   4627196  +0.5516047478  +4.095e-08
  4919  +0.5516053144   4627201  +0.5516053438  +2.940e-08
  4920  +0.5516059234   4627206  +0.5516059399  +1.651e-08
  4921  +0.5516065336   4627211  +0.5516065359  +2.283e-09
  4922  +0.5516071453   4627216  +0.5516071320  -1.329e-08
  4923  +0.5516077582   4627221  +0.5516077280  -3.021e-08
  4924  +0.5516083725   4627226  +0.5516083241  -4.849e-08
  4925  +0.5516089882   4627232  +0.5516090393  +5.110e-08
  4926  +0.5516096052   4627237  +0.5516096354  +3.011e-08
  4927  +0.5516102236   4627242  +0.5516102314  +7.772e-09
  4928  +0.5516108434   4627247  +0.5516108274  -1.593e-08
  4929  +0.5516114645   4627252  +0.5516114235  -4.100e-08
  4930  +0.5516120870   4627258  +0.5516121387  +5.177e-08
  4931  +0.5516127108   4627263  +0.5516127348  +2.396e-08
  4932  +0.5516133361   4627268  +0.5516133308  -5.221e-09
  4933  +0.5516139627   4627273  +0.5516139269  -3.578e-08
  4934  +0.5516145907   4627279  +0.5516146421  +5.149e-08
  4935  +0.5516152200   4627284  +0.5516152382  +1.816e-08
  4936  +0.5516158508   4627289  +0.5516158342  -1.655e-08
  4937  +0.5516164829   4627294  +0.5516164303  -5.265e-08
  4938  +0.5516171165   4627300  +0.5516171455  +2.907e-08
  4939  +0.5516177514   4627305  +0.5516177416  -9.822e-09
  4940  +0.5516183877   4627310  +0.5516183376  -5.011e-08
  4941  +0.5516190255   4627316  +0.5516190529  +2.741e-08
  4942  +0.5516196646   4627321  +0.5516196489  -1.568e-08
  4943  +0.5516203052   4627327  +0.5516203642  +5.902e-08
  4944  +0.5516209471   4627332  +0.5516209602  +1.311e-08
  4945  +0.5516215905   4627337  +0.5516215563  -3.422e-08
  4946  +0.5516222353   4627343  +0.5516222715  +3.624e-08
  4947  +0.5516228815   4627348  +0.5516228676  -1.392e-08
  4948  +0.5516235291   4627354  +0.5516235828  +5.370e-08
  4949  +0.5516241782   4627359  +0.5516241789  +6.834e-10
  4950  +0.5516248287   4627364  +0.5516247749  -5.376e-08
  4951  +0.5516254806   4627370  +0.5516254902  +9.568e-09
  4952  +0.5516261340   4627375  +0.5516260862  -4.775e-08
  4953  +0.5516267888   4627381  +0.5516268015  +1.271e-08
  4954  +0.5516274450   4627386  +0.5516273975  -4.749e-08
  4955  +0.5516281027   4627392  +0.5516281128  +1.008e-08
  4956  +0.5516287619   4627397  +0.5516287088  -5.301e-08
  4957  +0.5516294224   4627403  +0.5516294241  +1.651e-09
  4958  +0.5516300845   4627409  +0.5516301394  +5.486e-08
  4959  +0.5516307480   4627414  +0.5516307354  -1.260e-08
  4960  +0.5516314130   4627420  +0.5516314507  +3.769e-08
  4961  +0.5516320794   4627425  +0.5516320467  -3.269e-08
  4962  +0.5516327473   4627431  +0.5516327620  +1.467e-08
  4963  +0.5516334167   4627436  +0.5516333580  -5.866e-08
  4964  +0.5516340875   4627442  +0.5516340733  -1.425e-08
  4965  +0.5516347598   4627448  +0.5516347885  +2.869e-08
  4966  +0.5516354336   4627453  +0.5516353846  -4.907e-08
  4967  +0.5516361089   4627459  +0.5516360998  -9.102e-09
  4968  +0.5516367857   4627465  +0.5516368151  +2.938e-08
  4969  +0.5516374640   4627470  +0.5516374111  -5.284e-08
  4970  +0.5516381437   4627476  +0.5516381264  -1.735e-08
  4971  +0.5516388250   4627482  +0.5516388416  +1.665e-08
  4972  +0.5516395077   4627488  +0.5516395569  +4.915e-08
  4973  +0.5516401920   4627493  +0.5516401529  -3.907e-08
  4974  +0.5516408778   4627499  +0.5516408682  -9.586e-09
  4975  +0.5516415651   4627505  +0.5516415834  +1.839e-08
  4976  +0.5516422539   4627511  +0.5516422987  +4.485e-08
  4977  +0.5516429442   4627516  +0.5516428947  -4.942e-08
  4978  +0.5516436360   4627522  +0.5516436100  -2.600e-08
  4979  +0.5516443294   4627528  +0.5516443253  -4.099e-09
  4980  +0.5516450242   4627534  +0.5516450405  +1.627e-08
  4981  +0.5516457207   4627540  +0.5516457558  +3.511e-08
  4982  +0.5516464186   4627546  +0.5516464710  +5.242e-08
  4983  +0.5516471181   4627551  +0.5516470671  -5.103e-08
  4984  +0.5516478191   4627557  +0.5516477823  -3.680e-08
  4985  +0.5516485217   4627563  +0.5516484976  -2.412e-08
  4986  +0.5516492258   4627569  +0.5516492128  -1.298e-08
  4987  +0.5516499315   4627575  +0.5516499281  -3.399e-09
  4988  +0.5516506387   4627581  +0.5516506433  +4.630e-09
  4989  +0.5516513475   4627587  +0.5516513586  +1.110e-08
  4990  +0.5516520579   4627593  +0.5516520739  +1.601e-08
  4991  +0.5516527698   4627599  +0.5516527891  +1.935e-08
  4992  +0.5516534832   4627605  +0.5516535044  +2.113e-08
  4993  +0.5516541983   4627611  +0.5516542196  +2.133e-08
  4994  +0.5516549149   4627617  +0.5516549349  +1.996e-08
  4995  +0.5516556331   4627623  +0.5516556501  +1.701e-08
  4996  +0.5516563529   4627629  +0.5516563654  +1.248e-08
  4997  +0.5516570743   4627635  +0.5516570807  +6.363e-09
  4998  +0.5516577973   4627641  +0.5516577959  -1.344e-09
  4999  +0.5516585218   4627647  +0.5516585112  -1.064e-08
  5000  +0.5516592480   4627653  +0.5516592264  -2.154e-08
  5001  +0.5516599757   4627659  +0.5516599417  -3.404e-08
  5002  +0.5516607051   4627665  +0.5516606569  -4.813e-08
  5003  +0.5516614360   4627672  +0.5516614914  +5.537e-08
  5004  +0.5516621686   4627678  +0.5516622066  +3.805e-08
  5005  +0.5516629028   4627684  +0.5516629219  +1.912e-08
  5006  +0.5516636386   4627690  +0.5516636372  -1.424e-09
  5007  +0.5516643760   4627696  +0.5516643524  -2.359e-08
  5008  +0.5516651151   4627702  +0.5516650677  -4.739e-08
  5009  +0.5516658557   4627709  +0.5516659021  +4.640e-08
  5010  +0.5516665980   4627715  +0.5516666174  +1.935e-08
  5011  +0.5516673420   4627721  +0.5516673326  -9.338e-09
  5012  +0.5516680876   4627727  +0.5516680479  -3.966e-08
  5013  +0.5516688348   4627734  +0.5516688824  +4.758e-08
  5014  +0.5516695837   4627740  +0.5516695976  +1.396e-08
  5015  +0.5516703342   4627746  +0.5516703129  -2.131e-08
  5016  +0.5516710864   4627752  +0.5516710281  -5.822e-08
  5017  +0.5516718402   4627759  +0.5516718626  +2.241e-08
  5018  +0.5516725957   4627765  +0.5516725779  -1.783e-08
  5019  +0.5516733528   4627772  +0.5516734123  +5.948e-08
  5020  +0.5516741117   4627778  +0.5516741276  +1.591e-08
  5021  +0.5516748722   4627784  +0.5516748428  -2.933e-08
  5022  +0.5516756343   4627791  +0.5516756773  +4.296e-08
  5023  +0.5516763982   4627797  +0.5516763926  -5.631e-09
  5024  +0.5516771637   4627803  +0.5516771078  -5.591e-08
  5025  +0.5516779309   4627810  +0.5516779423  +1.134e-08
  5026  +0.5516786999   4627816  +0.5516786575  -4.232e-08
  5027  +0.5516794705   4627823  +0.5516794920  +2.154e-08
  5028  +0.5516802428   4627829  +0.5516802073  -3.550e-08
  5029  +0.5516810168   4627836  +0.5516810417  +2.496e-08
  5030  +0.5516817925   4627842  +0.5516817570  -3.550e-08
  5031  +0.5516825699   4627849  +0.5516825914  +2.155e-08
  5032  +0.5516833490   4627855  +0.5516833067  -4.232e-08
  5033  +0.5516841299   4627862  +0.5516841412  +1.130e-08
  5034  +0.5516849124   4627868  +0.5516848564  -5.602e-08
  5035  +0.5516856967   4627875  +0.5516856909  -5.841e-09
  5036  +0.5516864827   4627882  +0.5516865253  +4.260e-08
  5037  +0.5516872705   4627888  +0.5516872406  -2.989e-08
  5038  +0.5516880600   4627895  +0.5516880751  +1.509e-08
  5039  +0.5516888512   4627902  +0.5516889095  +5.833e-08
  5040  +0.5516896442   4627908  +0.5516896248  -1.938e-08
  5041  +0.5516904389   4627915  +0.5516904593  +2.037e-08
  5042  +0.5516912353   4627922  +0.5516912937  +5.837e-08
  5043  +0.5516920336   4627928  +0.5516920090  -2.460e-08
  5044  +0.5516928335   4627935  +0.5516928434  +9.888e-09
  5045  +0.5516936353   4627942  +0.5516936779  +4.261e-08
  5046  +0.5516944388   4627948  +0.5516943932  -4.564e-08
  5047  +0.5516952441   4627955  +0.5516952276  -1.645e-08
  5048  +0.5516960511   4627962  +0.5516960621  +1.096e-08
  5049  +0.5516968600   4627969  +0.5516968966  +3.660e-08
  5050  +0.5516976706   4627975  +0.5516976118  -5.876e-08
  5051  +0.5516984830   4627982  +0.5516984463  -3.669e-08
  5052  +0.5516992972   4627989  +0.5516992807  -1.641e-08
  5053  +0.5517001131   4627996  +0.5517001152  +2.070e-09
  5054  +0.5517009309   4628003  +0.5517009497  +1.876e-08
  5055  +0.5517017505   4628010  +0.5517017841  +3.364e-08
  5056  +0.5517025719   4628017  +0.5517026186  +4.672e-08
  5057  +0.5517033951   4628024  +0.5517034531  +5.799e-08
  5058  +0.5517042201   4628030  +0.5517041683  -5.176e-08
  5059  +0.5517050469   4628037  +0.5517050028  -4.412e-08
  5060  +0.5517058756   4628044  +0.5517058372  -3.831e-08
  5061  +0.5517067060   4628051  +0.5517066717  -3.431e-08
  5062  +0.5517075383   4628058  +0.5517075062  -3.215e-08
  5063  +0.5517083725   4628065  +0.5517083406  -3.182e-08
  5064  +0.5517092084   4628072  +0.5517091751  -3.333e-08
  5065  +0.5517100463   4628079  +0.5517100096  -3.668e-08
  5066  +0.5517108859   4628086  +0.5517108440  -4.188e-08
  5067  +0.5517117274   4628093  +0.5517116785  -4.893e-08
  5068  +0.5517125708   4628100  +0.5517125130  -5.783e-08
  5069  +0.5517134160   4628108  +0.5517134666  +5.062e-08
  5070  +0.5517142631   4628115  +0.5517143011  +3.800e-08
  5071  +0.5517151121   4628122  +0.5517151356  +2.352e-08
  5072  +0.5517159629   4628129  +0.5517159700  +7.162e-09
  5073  +0.5517168156   4628136  +0.5517168045  -1.107e-08
  5074  +0.5517176701   4628143  +0.5517176390  -3.118e-08
  5075  +0.5517185266   4628150  +0.5517184734  -5.317e-08
  5076  +0.5517193849   4628158  +0.5517194271  +4.216e-08
  5077  +0.5517202452   4628165  +0.5517202616  +1.639e-08
  5078  +0.5517211073   4628172  +0.5517210960  -1.128e-08
  5079  +0.5517219713   4628179  +0.5517219305  -4.084e-08
  5080  +0.5517228373   4628187  +0.5517228842  +4.690e-08
  5081  +0.5517237051   4628194  +0.5517237186  +1.353e-08
  5082  +0.5517245749   4628201  +0.5517245531  -2.176e-08
  5083  +0.5517254465   4628208  +0.5517253876  -5.897e-08
  5084  +0.5517263201   4628216  +0.5517263412  +2.112e-08
  5085  +0.5517271956   4628223  +0.5517271757  -1.993e-08
  5086  +0.5517280731   4628231  +0.5517281294  +5.630e-08
  5087  +0.5517289525   4628238  +0.5517289639  +1.139e-08
  5088  +0.5517298338   4628245  +0.5517297983  -3.545e-08
  5089  +0.5517307170   4628253  +0.5517307520  +3.497e-08
  5090  +0.5517316022   4628260  +0.5517315865  -1.577e-08
  5091  +0.5517324894   4628268  +0.5517325401  +5.075e-08
  5092  +0.5517333785   4628275  +0.5517333746  -3.885e-09
  5093  +0.5517342695   4628283  +0.5517343283  +5.873e-08
  5094  +0.5517351626   4628290  +0.5517351627  +1.645e-10
  5095  +0.5517360576   4628298  +0.5517361164  +5.884e-08
  5096  +0.5517369545   4628305  +0.5517369509  -3.656e-09
  5097  +0.5517378535   4628313  +0.5517379045  +5.108e-08
  5098  +0.5517387544   4628320  +0.5517387390  -1.538e-08
  5099  +0.5517396573   4628328  +0.5517396927  +3.539e-08
  5100  +0.5517405622   4628335  +0.5517405272  -3.504e-08
  5101  +0.5517414691   4628343  +0.5517414808  +1.174e-08
  5102  +0.5517423780   4628351  +0.5517424345  +5.653e-08
  5103  +0.5517432889   4628358  +0.5517432690  -1.990e-08
  5104  +0.5517442018   4628366  +0.5517442226  +2.088e-08
  5105  +0.5517451167   4628373  +0.5517450571  -5.956e-08
  5106  +0.5517460336   4628381  +0.5517460108  -2.281e-08
  5107  +0.5517469525   4628389  +0.5517469645  +1.192e-08
  5108  +0.5517478735   4628397  +0.5517479181  +4.463e-08
  5109  +0.5517487965   4628404  +0.5517487526  -4.390e-08
  5110  +0.5517497215   4628412  +0.5517497063  -1.526e-08
  5111  +0.5517506486   4628420  +0.5517506599  +1.135e-08
  5112  +0.5517515777   4628428  +0.5517516136  +3.591e-08
  5113  +0.5517525089   4628436  +0.5517525673  +5.843e-08
  5114  +0.5517534421   4628443  +0.5517534018  -4.032e-08
  5115  +0.5517543773   4628451  +0.5517543554  -2.191e-08
  5116  +0.5517553147   4628459  +0.5517553091  -5.556e-09
  5117  +0.5517562541   4628467  +0.5517562628  +8.728e-09
  5118  +0.5517571955   4628475  +0.5517572165  +2.094e-08
  5119  +0.5517581390   4628483  +0.5517581701  +3.108e-08
  5120  +0.5517590847   4628491  +0.5517591238  +3.915e-08
  5121  +0.5517600324   4628499  +0.5517600775  +4.512e-08
  5122  +0.5517609821   4628507  +0.5517610312  +4.902e-08
  5123  +0.5517619340   4628515  +0.5517619848  +5.081e-08
  5124  +0.5517628880   4628523  +0.5517629385  +5.052e-08
  5125  +0.5517638441   4628531  +0.5517638922  +4.812e-08
  5126  +0.5517648022   4628539  +0.5517648458  +4.361e-08
  5127  +0.5517657625   4628547  +0.5517657995  +3.699e-08
  5128  +0.5517667249   4628555  +0.5517667532  +2.826e-08
  5129  +0.5517676895   4628563  +0.5517677069  +1.741e-08
  5130  +0.5517686561   4628571  +0.5517686605  +4.428e-09
  5131  +0.5517696249   4628579  +0.5517696142  -1.068e-08
  5132  +0.5517705958   4628587  +0.5517705679  -2.792e-08
  5133  +0.5517715689   4628595  +0.5517715216  -4.730e-08
  5134  +0.5517725441   4628604  +0.5517725945  +5.038e-08
  5135  +0.5517735214   4628612  +0.5517735481  +2.671e-08
  5136  +0.5517745009   4628620  +0.5517745018  +8.833e-10
  5137  +0.5517754826   4628628  +0.5517754555  -2.710e-08
  5138  +0.5517764664   4628636  +0.5517764091  -5.725e-08
  5139  +0.5517774524   4628645  +0.5517774820  +2.965e-08
  5140  +0.5517784405   4628653  +0.5517784357  -4.839e-09
  5141  +0.5517794309   4628661  +0.5517793894  -4.150e-08
  5142  +0.5517804234   4628670  +0.5517804623  +3.886e-08
  5143  +0.5517814181   4628678  +0.5517814159  -2.170e-09
  5144  +0.5517824150   4628686  +0.5517823696  -4.539e-08
  5145  +0.5517834141   4628695  +0.5517834425  +2.840e-08
  5146  +0.5517844154   4628703  +0.5517843962  -1.922e-08
  5147  +0.5517854189   4628712  +0.5517854691  +5.016e-08
  5148  +0.5517864246   4628720  +0.5517864227  -1.877e-09
  5149  +0.5517874325   4628728  +0.5517873764  -5.613e-08
  5150  +0.5517884427   4628737  +0.5517884493  +6.606e-09
  5151  +0.5517894551   4628745  +0.5517894030  -5.209e-08
  5152  +0.5517904697   4628754  +0.5517904758  +6.187e-09
  5153  +0.5517914865   4628762  +0.5517914295  -5.698e-08
  5154  +0.5517925056   4628771  +0.5517925024  -3.172e-09
  5155  +0.5517935269   4628780  +0.5517935753  +4.839e-08
  5156  +0.5517945505   4628788  +0.5517945290  -2.151e-08
  5157  +0.5517955763   4628797  +0.5517956018  +2.554e-08
  5158  +0.5517966044   4628805  +0.5517965555  -4.887e-08
  5159  +0.5517976347   4628814  +0.5517976284  -6.342e-09
  5160  +0.5517986674   4628823  +0.5517987013  +3.392e-08
  5161  +0.5517997023   4628831  +0.5517996550  -4.731e-08
  5162  +0.5518007394   4628840  +0.5518007278  -1.160e-08
  5163  +0.5518017789   4628849  +0.5518018007  +2.182e-08
  5164  +0.5518028207   4628858  +0.5518028736  +5.295e-08
  5165  +0.5518038647   4628866  +0.5518038273  -3.743e-08
  5166  +0.5518049111   4628875  +0.5518049002  -1.089e-08
  5167  +0.5518059597   4628884  +0.5518059731  +1.334e-08
  5168  +0.5518070107   4628893  +0.5518070459  +3.526e-08
  5169  +0.5518080640   4628902  +0.5518081188  +5.486e-08
  5170  +0.5518091196   4628910  +0.5518090725  -4.707e-08
  5171  +0.5518101775   4628919  +0.5518101454  -3.211e-08
  5172  +0.5518112377   4628928  +0.5518112183  -1.948e-08
  5173  +0.5518123003   4628937  +0.5518122911  -9.189e-09
  5174  +0.5518133653   4628946  +0.5518133640  -1.238e-09
  5175  +0.5518144325   4628955  +0.5518144369  +4.366e-09
  5176  +0.5518155022   4628964  +0.5518155098  +7.619e-09
  5177  +0.5518165742   4628973  +0.5518165827  +8.515e-09
  5178  +0.5518176485   4628982  +0.5518176556  +7.050e-09
  5179  +0.5518187252   4628991  +0.5518187284  +3.218e-09
  5180  +0.5518198043   4629000  +0.5518198013  -2.986e-09
  5181  +0.5518208858   4629009  +0.5518208742  -1.157e-08
  5182  +0.5518219696   4629018  +0.5518219471  -2.253e-08
  5183  +0.5518230559   4629027  +0.5518230200  -3.588e-08
  5184  +0.5518241445   4629036  +0.5518240929  -5.163e-08
  5185  +0.5518252355   4629046  +0.5518252850  +4.944e-08
  5186  +0.5518263290   4629055  +0.5518263578  +2.889e-08
  5187  +0.5518274248   4629064  +0.5518274307  +5.935e-09
  5188  +0.5518285230   4629073  +0.5518285036  -1.944e-08
  5189  +0.5518296237   4629082  +0.5518295765  -4.722e-08
  5190  +0.5518307268   4629092  +0.5518307686  +4.177e-08
  5191  +0.5518318323   4629101  +0.5518318415  +9.126e-09
  5192  +0.5518329403   4629110  +0.5518329144  -2.595e-08
  5193  +0.5518340507   4629120  +0.5518341064  +5.573e-08
  5194  +0.5518351636   4629129  +0.5518351793  +1.577e-08
  5195  +0.5518362789   4629138  +0.5518362522  -2.665e-08
  5196  +0.5518373966   4629148  +0.5518374443  +4.768e-08
  5197  +0.5518385168   4629157  +0.5518385172  +3.407e-10
  5198  +0.5518396395   4629166  +0.5518395901  -4.947e-08
  5199  +0.5518407647   4629176  +0.5518407822  +1.746e-08
  5200  +0.5518418923   4629185  +0.5518418550  -3.730e-08
  5201  +0.5518430225   4629195  +0.5518430471  +2.467e-08
  5202  +0.5518441551   4629204  +0.5518441200  -3.506e-08
  5203  +0.5518452902   4629214  +0.5518453121  +2.192e-08
  5204  +0.5518464278   4629223  +0.5518463850  -4.281e-08
  5205  +0.5518475679   4629233  +0.5518475771  +9.163e-09
  5206  +0.5518487106   4629243  +0.5518487692  +5.862e-08
  5207  +0.5518498557   4629252  +0.5518498421  -1.364e-08
  5208  +0.5518510034   4629262  +0.5518510342  +3.078e-08
  5209  +0.5518521536   4629271  +0.5518521070  -4.653e-08
  5210  +0.5518533063   4629281  +0.5518532991  -7.174e-09
  5211  +0.5518544616   4629291  +0.5518544912  +2.965e-08
  5212  +0.5518556194   4629300  +0.5518555641  -5.529e-08
  5213  +0.5518567798   4629310  +0.5518567562  -2.356e-08
  5214  +0.5518579427   4629320  +0.5518579483  +5.603e-09
  5215  +0.5518591082   4629330  +0.5518591404  +3.221e-08
  5216  +0.5518602762   4629340  +0.5518603325  +5.625e-08
  5217  +0.5518614469   4629349  +0.5518614054  -4.150e-08
  5218  +0.5518626201   4629359  +0.5518625975  -2.261e-08
  5219  +0.5518637959   4629369  +0.5518637896  -6.312e-09
  5220  +0.5518649743   4629379  +0.5518649817  +7.398e-09
  5221  +0.5518661552   4629389  +0.5518661737  +1.851e-08
  5222  +0.5518673388   4629399  +0.5518673658  +2.702e-08
  5223  +0.5518685250   4629409  +0.5518685579  +3.293e-08
  5224  +0.5518697138   4629419  +0.5518697500  +3.622e-08
  5225  +0.5518709052   4629429  +0.5518709421  +3.689e-08
  5226  +0.5518720993   4629439  +0.5518721342  +3.494e-08
  5227  +0.5518732959   4629449  +0.5518733263  +3.036e-08
  5228  +0.5518744953   4629459  +0.5518745184  +2.314e-08
  5229  +0.5518756972   4629469  +0.5518757105  +1.328e-08
  5230  +0.5518769018   4629479  +0.5518769026  +7.688e-10
  5231  +0.5518781091   4629489  +0.5518780947  -1.439e-08
  5232  +0.5518793190   4629499  +0.5518792868  -3.222e-08
  5233  +0.5518805316   4629509  +0.5518804789  -5.271e-08
  5234  +0.5518817468   4629520  +0.5518817902  +4.334e-08
  5235  +0.5518829647   4629530  +0.5518829823  +1.751e-08
  5236  +0.5518841854   4629540  +0.5518841743  -1.101e-08
  5237  +0.5518854087   4629550  +0.5518853664  -4.222e-08
  5238  +0.5518866347   4629561  +0.5518866777  +4.308e-08
  5239  +0.5518878634   4629571  +0.5518878698  +6.474e-09
  5240  +0.5518890948   4629581  +0.5518890619  -3.284e-08
  5241  +0.5518903289   4629592  +0.5518903732  +4.434e-08
  5242  +0.5518915657   4629602  +0.5518915653  -3.999e-10
  5243  +0.5518928053   4629612  +0.5518927574  -4.787e-08
  5244  +0.5518940476   4629623  +0.5518940687  +2.114e-08
  5245  +0.5518952926   4629633  +0.5518952608  -3.180e-08
  5246  +0.5518965404   4629644  +0.5518965721  +3.173e-08
  5247  +0.5518977909   4629654  +0.5518977642  -2.670e-08
  5248  +0.5518990442   4629665  +0.5518990755  +3.133e-08
  5249  +0.5519003002   4629675  +0.5519002676  -3.262e-08
  5250  +0.5519015590   4629686  +0.5519015789  +1.988e-08
  5251  +0.5519028206   4629696  +0.5519027710  -4.961e-08
  5252  +0.5519040850   4629707  +0.5519040823  -2.663e-09
  5253  +0.5519053521   4629718  +0.5519053936  +4.150e-08
  5254  +0.5519066220   4629728  +0.5519065857  -3.635e-08
  5255  +0.5519078948   4629739  +0.5519078970  +2.222e-09
  5256  +0.5519091703   4629750  +0.5519092083  +3.799e-08
  5257  +0.5519104487   4629760  +0.5519104004  -4.827e-08
  5258  +0.5519117298   4629771  +0.5519117117  -1.813e-08
  5259  +0.5519130138   4629782  +0.5519130230  +9.187e-09
  5260  +0.5519143006   4629793  +0.5519143343  +3.367e-08
  5261  +0.5519155903   4629804  +0.5519156456  +5.533e-08
  5262  +0.5519168828   4629814  +0.5519168377  -4.507e-08
  5263  +0.5519181781   4629825  +0.5519181490  -2.911e-08
  5264  +0.5519194763   4629836  +0.5519194603  -1.600e-08
  5265  +0.5519207773   4629847  +0.5519207716  -5.750e-09
  5266  +0.5519220813   4629858  +0.5519220829  +1.633e-09
  5267  +0.5519233881   4629869  +0.5519233942  +6.144e-09
  5268  +0.5519246977   4629880  +0.5519247055  +7.775e-09
  5269  +0.5519260103   4629891  +0.5519260168  +6.521e-09
  5270  +0.5519273257   4629902  +0.5519273281  +2.376e-09
  5271  +0.5519286441   4629913  +0.5519286394  -4.668e-09
  5272  +0.5519299653   4629924  +0.5519299507  -1.462e-08
  5273  +0.5519312895   4629935  +0.5519312620  -2.748e-08
  5274  +0.5519326166   4629946  +0.5519325733  -4.325e-08
  5275  +0.5519339466   4629958  +0.5519340038  +5.726e-08
  5276  +0.5519352795   4629969  +0.5519353151  +3.563e-08
  5277  +0.5519366154   4629980  +0.5519366264  +1.106e-08
  5278  +0.5519379542   4629991  +0.5519379377  -1.645e-08
  5279  +0.5519392959   4630002  +0.5519392490  -4.691e-08
  5280  +0.5519406407   4630014  +0.5519406796  +3.888e-08
  5281  +0.5519419883   4630025  +0.5519419909  +2.506e-09
  5282  +0.5519433390   4630036  +0.5519433022  -3.684e-08
  5283  +0.5519446926   4630048  +0.5519447327  +4.005e-08
  5284  +0.5519460492   4630059  +0.5519460440  -5.260e-09
  5285  +0.5519474088   4630070  +0.5519473553  -5.355e-08
  5286  +0.5519487714   4630082  +0.5519487858  +1.437e-08
  5287  +0.5519501370   4630093  +0.5519500971  -3.993e-08
  5288  +0.5519515056   4630105  +0.5519515276  +2.198e-08
  5289  +0.5519528772   4630116  +0.5519528389  -3.833e-08
  5290  +0.5519542519   4630128  +0.5519542694  +1.754e-08
  5291  +0.5519556295   4630139  +0.5519555807  -4.882e-08
  5292  +0.5519570102   4630151  +0.5519570112  +9.840e-10
  5293  +0.5519583940   4630163  +0.5519584417  +4.775e-08
  5294  +0.5519597808   4630174  +0.5519597530  -2.774e-08
  5295  +0.5519611706   4630186  +0.5519611835  +1.292e-08
  5296  +0.5519625635   4630198  +0.5519626141  +5.052e-08
  5297  +0.5519639595   4630209  +0.5519639254  -3.415e-08
  5298  +0.5519653586   4630221  +0.5519653559  -2.698e-09
  5299  +0.5519667607   4630233  +0.5519667864  +2.568e-08
  5300  +0.5519681659   4630245  +0.5519682169  +5.096e-08
  5301  +0.5519695743   4630256  +0.5519695282  -4.606e-08
  5302  +0.5519709857   4630268  +0.5519709587  -2.697e-08
  5303  +0.5519724002   4630280  +0.5519723892  -1.100e-08
  5304  +0.5519738179   4630292  +0.5519738197  +1.865e-09
  5305  +0.5519752386   4630304  +0.5519752502  +1.160e-08
  5306  +0.5519766625   4630316  +0.5519766808  +1.821e-08
  5307  +0.5519780896   4630328  +0.5519781113  +2.168e-08
  5308  +0.5519795198   4630340  +0.5519795418  +2.200e-08
  5309  +0.5519809531   4630352  +0.5519809723  +1.918e-08
  5310  +0.5519823896   4630364  +0.5519824028  +1.320e-08
  5311  +0.5519838293   4630376  +0.5519838333  +4.049e-09
  5312  +0.5519852721   4630388  +0.5519852638  -8.270e-09
  5313  +0.5519867181   4630400  +0.5519866943  -2.377e-08
  5314  +0.5519881673   4630412  +0.5519881248  -4.245e-08
  5315  +0.5519896197   4630425  +0.5519896746  +5.488e-08
  5316  +0.5519910753   4630437  +0.5519911051  +2.980e-08
  5317  +0.5519925341   4630449  +0.5519925356  +1.520e-09
  5318  +0.5519939961   4630461  +0.5519939661  -2.998e-08
  5319  +0.5519954613   4630474  +0.5519955158  +5.451e-08
  5320  +0.5519969298   4630486  +0.5519969463  +1.657e-08
  5321  +0.5519984015   4630498  +0.5519983768  -2.461e-08
  5322  +0.5519998764   4630511  +0.5519999266  +5.017e-08
  5323  +0.5520013546   4630523  +0.5520013571  +2.497e-09
  5324  +0.5520028360   4630535  +0.5520027876  -4.843e-08
  5325  +0.5520043207   4630548  +0.5520043373  +1.658e-08
  5326  +0.5520058087   4630560  +0.5520057678  -4.088e-08
  5327  +0.5520073000   4630573  +0.5520073175  +1.758e-08
  5328  +0.5520087945   4630585  +0.5520087481  -4.645e-08
  5329  +0.5520102923   4630598  +0.5520102978  +5.440e-09
  5330  +0.5520117935   4630611  +0.5520118475  +5.403e-08
  5331  +0.5520132979   4630623  +0.5520132780  -1.990e-08
  5332  +0.5520148057   4630636  +0.5520148277  +2.207e-08
  5333  +0.5520163167   4630648  +0.5520162582  -5.850e-08
  5334  +0.5520178311   4630661  +0.5520178080  -2.319e-08
  5335  +0.5520193489   4630674  +0.5520193577  +8.793e-09
  5336  +0.5520208700   4630687  +0.5520209074  +3.743e-08
  5337  +0.5520223944   4630699  +0.5520223379  -5.650e-08
  5338  +0.5520239222   4630712  +0.5520238876  -3.457e-08
  5339  +0.5520254534   4630725  +0.5520254374  -1.601e-08
  5340  +0.5520269879   4630738  +0.5520269871  -8.291e-10
  5341  +0.5520285258   4630751  +0.5520285368  +1.098e-08
  5342  +0.5520300671   4630764  +0.5520300865  +1.939e-08
  5343  +0.5520316118   4630777  +0.5520316362  +2.441e-08
  5344  +0.5520331599   4630790  +0.5520331860  +2.603e-08
  5345  +0.5520347114   4630803  +0.5520347357  +2.424e-08
  5346  +0.5520362664   4630816  +0.5520362854  +1.902e-08
  5347  +0.5520378247   4630829  +0.5520378351  +1.039e-08
  5348  +0.5520393865   4630842  +0.5520393848  -1.684e-09
  5349  +0.5520409518   4630855  +0.5520409346  -1.720e-08
  5350  +0.5520425204   4630868  +0.5520424843  -3.616e-08
  5351  +0.5520440926   4630881  +0.5520440340  -5.857e-08
  5352  +0.5520456682   4630895  +0.5520457029  +3.476e-08
  5353  +0.5520472472   4630908  +0.5520472527  +5.407e-09
  5354  +0.5520488298   4630921  +0.5520488024  -2.742e-08
  5355  +0.5520504158   4630935  +0.5520504713  +5.547e-08
  5356  +0.5520520054   4630948  +0.5520520210  +1.566e-08
  5357  +0.5520535984   4630961  +0.5520535707  -2.766e-08
  5358  +0.5520551949   4630975  +0.5520552397  +4.473e-08
  5359  +0.5520567950   4630988  +0.5520567894  -5.609e-09
  5360  +0.5520583986   4631001  +0.5520583391  -5.947e-08
  5361  +0.5520600057   4631015  +0.5520600080  +2.336e-09
  5362  +0.5520616164   4631028  +0.5520615578  -5.860e-08
  5363  +0.5520632306   4631042  +0.5520632267  -3.882e-09
  5364  +0.5520648483   4631056  +0.5520648956  +4.728e-08
  5365  +0.5520664697   4631069  +0.5520664454  -2.433e-08
  5366  +0.5520680946   4631083  +0.5520681143  +1.970e-08
  5367  +0.5520697231   4631096  +0.5520696640  -5.906e-08
  5368  +0.5520713551   4631110  +0.5520713329  -2.220e-08
  5369  +0.5520729908   4631124  +0.5520730019  +1.107e-08
  5370  +0.5520746301   4631138  +0.5520746708  +4.073e-08
  5371  +0.5520762729   4631151  +0.5520762205  -5.243e-08
  5372  +0.5520779194   4631165  +0.5520778894  -3.000e-08
  5373  +0.5520795696   4631179  +0.5520795584  -1.120e-08
  5374  +0.5520812233   4631193  +0.5520812273  +3.971e-09
  5375  +0.5520828807   4631207  +0.5520828962  +1.549e-08
  5376  +0.5520845418   4631221  +0.5520845652  +2.337e-08
  5377  +0.5520862065   4631235  +0.5520862341  +2.758e-08
  5378  +0.5520878749   4631249  +0.5520879030  +2.812e-08
  5379  +0.5520895470   4631263  +0.5520895720  +2.499e-08
  5380  +0.5520912227   4631277  +0.5520912409  +1.818e-08
  5381  +0.5520929021   4631291  +0.5520929098  +7.671e-09
  5382  +0.5520945853   4631305  +0.5520945787  -6.536e-09
  5383  +0.5520962721   4631319  +0.5520962477  -2.445e-08
  5384  +0.5520979627   4631333  +0.5520979166  -4.608e-08
  5385  +0.5520996570   4631348  +0.5520997047  +4.777e-08
  5386  +0.5521013550   4631362  +0.5521013737  +1.868e-08
  5387  +0.5521030568   4631376  +0.5521030426  -1.415e-08
  5388  +0.5521047623   4631390  +0.5521047115  -5.073e-08
  5389  +0.5521064715   4631405  +0.5521064997  +2.814e-08
  5390  +0.5521081846   4631419  +0.5521081686  -1.596e-08
  5391  +0.5521099014   4631434  +0.5521099567  +5.537e-08
  5392  +0.5521116220   4631448  +0.5521116257  +3.713e-09
  5393  +0.5521133463   4631462  +0.5521132946  -5.174e-08
  5394  +0.5521150745   4631477  +0.5521150827  +8.222e-09
  5395  +0.5521168065   4631491  +0.5521167517  -5.483e-08
  5396  +0.5521185423   4631506  +0.5521185398  -2.499e-09
  5397  +0.5521202819   4631521  +0.5521203279  +4.601e-08
  5398  +0.5521220254   4631535  +0.5521219969  -2.852e-08
  5399  +0.5521237727   4631550  +0.5521237850  +1.232e-08
  5400  +0.5521255238   4631565  +0.5521255732  +4.931e-08
  5401  +0.5521272789   4631579  +0.5521272421  -3.677e-08
  5402  +0.5521290377   4631594  +0.5521290302  -7.506e-09
  5403  +0.5521308005   4631609  +0.5521308184  +1.788e-08
  5404  +0.5521325671   4631624  +0.5521326065  +3.939e-08
  5405  +0.5521343376   4631639  +0.5521343946  +5.700e-08
  5406  +0.5521361121   4631653  +0.5521360636  -4.850e-08
  5407  +0.5521378904   4631668  +0.5521378517  -3.870e-08
  5408  +0.5521396727   4631683  +0.5521396399  -3.281e-08
  5409  +0.5521414588   4631698  +0.5521414280  -3.085e-08
  5410  +0.5521432490   4631713  +0.5521432161  -3.283e-08
  5411  +0.5521450430   4631728  +0.5521450043  -3.875e-08
  5412  +0.5521468410   4631743  +0.5521467924  -4.863e-08
  5413  +0.5521486430   4631759  +0.5521486998  +5.674e-08
  5414  +0.5521504490   4631774  +0.5521504879  +3.894e-08
  5415  +0.5521522589   4631789  +0.5521522760  +1.715e-08
  5416  +0.5521540728   4631804  +0.5521540642  -8.620e-09
  5417  +0.5521558907   4631819  +0.5521558523  -3.839e-08
  5418  +0.5521577126   4631835  +0.5521577597  +4.705e-08
  5419  +0.5521595385   4631850  +0.5521595478  +9.257e-09
  5420  +0.5521613685   4631865  +0.5521613359  -3.255e-08
  5421  +0.5521632025   4631881  +0.5521632433  +4.081e-08
  5422  +0.5521650405   4631896  +0.5521650314  -9.072e-09
  5423  +0.5521668826   4631912  +0.5521669388  +5.620e-08
  5424  +0.5521687287   4631927  +0.5521687269  -1.788e-09
  5425  +0.5521705789   4631943  +0.5521706343  +5.536e-08
  5426  +0.5521724332   4631958  +0.5521724224  -1.077e-08
  5427  +0.5521742915   4631974  +0.5521743298  +3.821e-08
  5428  +0.5521761540   4631989  +0.5521761179  -3.610e-08
  5429  +0.5521780206   4632005  +0.5521780252  +4.689e-09
  5430  +0.5521798912   4632021  +0.5521799326  +4.137e-08
  5431  +0.5521817660   4632036  +0.5521817207  -4.529e-08
  5432  +0.5521836449   4632052  +0.5521836281  -1.686e-08
  5433  +0.5521855280   4632068  +0.5521855354  +7.425e-09
  5434  +0.5521874152   4632084  +0.5521874428  +2.756e-08
  5435  +0.5521893066   4632100  +0.5521893501  +4.354e-08
  5436  +0.5521912021   4632116  +0.5521912575  +5.535e-08
  5437  +0.5521931018   4632131  +0.5521930456  -5.622e-08
  5438  +0.5521950057   4632147  +0.5521949530  -5.277e-08
  5439  +0.5521969138   4632163  +0.5521968603  -5.351e-08
  5440  +0.5521988261   4632179  +0.5521987677  -5.846e-08
  5441  +0.5522007426   4632196  +0.5522007942  +5.159e-08
  5442  +0.5522026634   4632212  +0.5522027016  +3.820e-08
  5443  +0.5522045883   4632228  +0.5522046089  +2.059e-08
  5444  +0.5522065175   4632244  +0.5522065163  -1.271e-09
  5445  +0.5522084510   4632260  +0.5522084236  -2.738e-08
  5446  +0.5522103887   4632276  +0.5522103310  -5.775e-08
  5447  +0.5522123307   4632293  +0.5522123575  +2.683e-08
  5448  +0.5522142770   4632309  +0.5522142649  -1.209e-08
  5449  +0.5522162275   4632325  +0.5522161722  -5.529e-08
  5450  +0.5522181824   4632342  +0.5522181988  +1.642e-08
  5451  +0.5522201415   4632358  +0.5522201061  -3.539e-08
  5452  +0.5522221050   4632375  +0.5522221327  +2.769e-08
  5453  +0.5522240728   4632391  +0.5522240400  -3.276e-08
  5454  +0.5522260449   4632408  +0.5522260666  +2.166e-08
  5455  +0.5522280214   4632424  +0.5522279739  -4.747e-08
  5456  +0.5522300022   4632441  +0.5522300005  -1.743e-09
  5457  +0.5522319874   4632458  +0.5522320271  +3.962e-08
  5458  +0.5522339770   4632474  +0.5522339344  -4.261e-08
  5459  +0.5522359710   4632491  +0.5522359610  -1.001e-08
  5460  +0.5522379693   4632508  +0.5522379875  +1.820e-08
  5461  +0.5522399721   4632525  +0.5522400141  +4.201e-08
  5462  +0.5522419792   4632541  +0.5522419214  -5.781e-08
  5463  +0.5522439908   4632558  +0.5522439480  -4.284e-08
  5464  +0.5522460068   4632575  +0.5522459745  -3.230e-08
  5465  +0.5522480273   4632592  +0.5522480011  -2.620e-08
  5466  +0.5522500522   4632609  +0.5522500277  -2.456e-08
  5467  +0.5522520816   4632626  +0.5522520542  -2.737e-08
  5468  +0.5522541154   4632643  +0.5522540808  -3.466e-08
  5469  +0.5522561538   4632660  +0.5522561073  -4.643e-08
  5470  +0.5522581966   4632678  +0.5522582531  +5.652e-08
  5471  +0.5522602439   4632695  +0.5522602797  +3.576e-08
  5472  +0.5522622957   4632712  +0.5522623062  +1.049e-08
  5473  +0.5522643521   4632729  +0.5522643328  -1.930e-08
  5474  +0.5522664130   4632746  +0.5522663593  -5.362e-08
  5475  +0.5522684784   4632764  +0.5522685051  +2.672e-08
  5476  +0.5522705483   4632781  +0.5522705317  -1.669e-08
  5477  +0.5522726229   4632799  +0.5522726774  +5.454e-08
  5478  +0.5522747020   4632816  +0.5522747040  +1.999e-09
  5479  +0.5522767857   4632833  +0.5522767305  -5.513e-08
  5480  +0.5522788739   4632851  +0.5522788763  +2.365e-09
  5481  +0.5522809668   4632869  +0.5522810221  +5.526e-08
  5482  +0.5522830643   4632886  +0.5522830486  -1.567e-08
  5483  +0.5522851664   4632904  +0.5522851944  +2.799e-08
  5484  +0.5522872732   4632921  +0.5522872210  -5.220e-08
  5485  +0.5522893845   4632939  +0.5522893667  -1.781e-08
  5486  +0.5522915006   4632957  +0.5522915125  +1.192e-08
  5487  +0.5522936213   4632975  +0.5522936583  +3.700e-08
  5488  +0.5522957466   4632993  +0.5522958040  +5.739e-08
  5489  +0.5522978767   4633010  +0.5522978306  -4.610e-08
  5490  +0.5523000114   4633028  +0.5522999763  -3.508e-08
  5491  +0.5523021509   4633046  +0.5523021221  -2.876e-08
  5492  +0.5523042950   4633064  +0.5523042679  -2.715e-08
  5493  +0.5523064439   4633082  +0.5523064137  -3.027e-08
  5494  +0.5523085975   4633100  +0.5523085594  -3.812e-08
  5495  +0.5523107559   4633118  +0.5523107052  -5.072e-08
  5496  +0.5523129190   4633137  +0.5523129702  +5.114e-08
  5497  +0.5523150869   4633155  +0.5523151159  +2.902e-08
  5498  +0.5523172596   4633173  +0.5523172617  +2.122e-09
  5499  +0.5523194370   4633191  +0.5523194075  -2.956e-08
  5500  +0.5523216193   4633210  +0.5523216724  +5.317e-08
  5501  +0.5523238063   4633228  +0.5523238182  +1.188e-08
  5502  +0.5523259982   4633246  +0.5523259640  -3.423e-08
  5503  +0.5523281949   4633265  +0.5523282290  +3.405e-08
  5504  +0.5523303964   4633283  +0.5523303747  -2.173e-08
  5505  +0.5523326028   4633302  +0.5523326397  +3.685e-08
  5506  +0.5523348141   4633320  +0.5523347855  -2.864e-08
  5507  +0.5523370302   4633339  +0.5523370504  +2.021e-08
  5508  +0.5523392512   4633357  +0.5523391962  -5.503e-08
  5509  +0.5523414771   4633376  +0.5523414612  -1.596e-08
  5510  +0.5523437079   4633395  +0.5523437262  +1.821e-08
  5511  +0.5523459437   4633414  +0.5523459911  +4.746e-08
  5512  +0.5523481843   4633432  +0.5523481369  -4.742e-08
  5513  +0.5523504299   4633451  +0.5523504019  -2.803e-08
  5514  +0.5523526804   4633470  +0.5523526669  -1.359e-08
  5515  +0.5523549359   4633489  +0.5523549318  -4.103e-09
  5516  +0.5523571964   4633508  +0.5523571968  +4.114e-10
  5517  +0.5523594618   4633527  +0.5523594618  -5.464e-11
  5518  +0.5523617323   4633546  +0.5523617268  -5.512e-09
  5519  +0.5523640077   4633565  +0.5523639917  -1.597e-08
  5520  +0.5523662882   4633584  +0.5523662567  -3.145e-08
  5521  +0.5523685736   4633603  +0.5523685217  -5.194e-08
  5522  +0.5523708641   4633623  +0.5523709059  +4.173e-08
  5523  +0.5523731597   4633642  +0.5523731709  +1.115e-08
  5524  +0.5523754603   4633661  +0.5523754358  -2.449e-08
  5525  +0.5523777660   4633681  +0.5523778200  +5.402e-08
  5526  +0.5523800768   4633700  +0.5523800850  +8.229e-09
  5527  +0.5523823926   4633719  +0.5523823500  -4.265e-08
  5528  +0.5523847136   4633739  +0.5523847342  +2.058e-08
  5529  +0.5523870396   4633758  +0.5523869991  -4.052e-08
  5530  +0.5523893708   4633778  +0.5523893833  +1.247e-08
  5531  +0.5523917072   4633797  +0.5523916483  -5.888e-08
  5532  +0.5523940487   4633817  +0.5523940325  -1.618e-08
  5533  +0.5523963953   4633837  +0.5523964167  +2.137e-08
  5534  +0.5523987471   4633857  +0.5523988008  +5.374e-08
  5535  +0.5524011041   4633876  +0.5524010658  -3.827e-08
  5536  +0.5524034663   4633896  +0.5524034500  -1.627e-08
  5537  +0.5524058337   4633916  +0.5524058342  +5.267e-10
  5538  +0.5524082063   4633936  +0.5524082184  +1.211e-08
  5539  +0.5524105841   4633956  +0.5524106026  +1.846e-08
  5540  +0.5524129672   4633976  +0.5524129868  +1.957e-08
  5541  +0.5524153555   4633996  +0.5524153709  +1.544e-08
  5542  +0.5524177491   4634016  +0.5524177551  +6.036e-09
  5543  +0.5524201480   4634036  +0.5524201393  -8.637e-09
  5544  +0.5524225521   4634056  +0.5524225235  -2.860e-08
  5545  +0.5524249615   4634076  +0.5524249077  -5.385e-08
  5546  +0.5524273763   4634097  +0.5524274111  +3.479e-08
  5547  +0.5524297964   4634117  +0.5524297953  -1.093e-09
  5548  +0.5524322218   4634137  +0.5524321795  -4.231e-08
  5549  +0.5524346525   4634158  +0.5524346828  +3.034e-08
  5550  +0.5524370886   4634178  +0.5524370670  -2.158e-08
  5551  +0.5524395301   4634199  +0.5524395704  +4.034e-08
  5552  +0.5524419769   4634219  +0.5524419546  -2.232e-08
  5553  +0.5524444292   4634240  +0.5524444580  +2.883e-08
  5554  +0.5524468868   4634260  +0.5524468422  -4.462e-08
  5555  +0.5524493499   4634281  +0.5524493456  -4.288e-09
  5556  +0.5524518184   4634302  +0.5524518490  +3.062e-08
  5557  +0.5524542923   4634322  +0.5524542332  -5.912e-08
  5558  +0.5524567717   4634343  +0.5524567366  -3.510e-08
  5559  +0.5524592565   4634364  +0.5524592400  -1.654e-08
  5560  +0.5524617468   4634385  +0.5524617434  -3.463e-09
  5561  +0.5524642426   4634406  +0.5524642467  +4.132e-09
  5562  +0.5524667439   4634427  +0.5524667501  +6.227e-09
  5563  +0.5524692507   4634448  +0.5524692535  +2.810e-09
  5564  +0.5524717631   4634469  +0.5524717569  -6.129e-09
  5565  +0.5524742809   4634490  +0.5524742603  -2.060e-08
  5566  +0.5524768044   4634511  +0.5524767637  -4.063e-08
  5567  +0.5524793333   4634533  +0.5524793863  +5.300e-08
  5568  +0.5524818679   4634554  +0.5524818897  +2.184e-08
  5569  +0.5524844080   4634575  +0.5524843931  -1.490e-08
  5570  +0.5524869537   4634596  +0.5524868965  -5.723e-08
  5571  +0.5524895051   4634618  +0.5524895191  +1.403e-08
  5572  +0.5524920620   4634639  +0.5524920225  -3.954e-08
  5573  +0.5524946246   4634661  +0.5524946451  +2.047e-08
  5574  +0.5524971929   4634682  +0.5524971485  -4.437e-08
  5575  +0.5524997668   4634704  +0.5524997711  +4.329e-09
  5576  +0.5525023464   4634726  +0.5525023937  +4.736e-08
  5577  +0.5525049316   4634747  +0.5525048971  -3.450e-08
  5578  +0.5525075226   4634769  +0.5525075197  -2.849e-09
  5579  +0.5525101192   4634791  +0.5525101423  +2.309e-08
  5580  +0.5525127216   4634813  +0.5525127649  +4.332e-08
  5581  +0.5525153297   4634835  +0.5525153875  +5.780e-08
  5582  +0.5525179436   4634856  +0.5525178909  -5.266e-08
  5583  +0.5525205632   4634878  +0.5525205135  -4.968e-08
  5584  +0.5525231886   4634900  +0.5525231361  -5.247e-08
  5585  +0.5525258198   4634923  +0.5525258780  +5.816e-08
  5586  +0.5525284568   4634945  +0.5525285006  +4.379e-08
  5587  +0.5525310996   4634967  +0.5525311232  +2.361e-08
  5588  +0.5525337482   4634989  +0.5525337458  -2.399e-09
  5589  +0.5525364026   4635011  +0.5525363684  -3.424e-08
  5590  +0.5525390629   4635034  +0.5525391102  +4.728e-08
  5591  +0.5525417291   4635056  +0.5525417328  +3.727e-09
  5592  +0.5525444011   4635078  +0.5525443554  -4.570e-08
  5593  +0.5525470790   4635101  +0.5525470972  +1.820e-08
  5594  +0.5525497628   4635123  +0.5525497198  -4.302e-08
  5595  +0.5525524526   4635146  +0.5525524616  +9.062e-09
  5596  +0.5525551482   4635169  +0.5525552034  +5.522e-08
  5597  +0.5525578498   4635191  +0.5525578260  -2.378e-08
  5598  +0.5525605574   4635214  +0.5525605679  +1.049e-08
  5599  +0.5525632709   4635237  +0.5525633097  +3.878e-08
  5600  +0.5525659904   4635259  +0.5525659323  -5.811e-08
  5601  +0.5525687159   4635282  +0.5525686741  -4.178e-08
  5602  +0.5525714474   4635305  +0.5525714159  -3.146e-08
  5603  +0.5525741849   4635328  +0.5525741577  -2.716e-08
  5604  +0.5525769284   4635351  +0.5525768995  -2.889e-08
  5605  +0.5525796780   4635374  +0.5525796413  -3.667e-08
  5606  +0.5525824337   4635397  +0.5525823832  -5.050e-08
  5607  +0.5525851954   4635421  +0.5525852442  +4.881e-08
  5608  +0.5525879632   4635444  +0.5525879860  +2.281e-08
  5609  +0.5525907371   4635467  +0.5525907278  -9.274e-09
  5610  +0.5525935171   4635490  +0.5525934696  -4.748e-08
  5611  +0.5525963032   4635514  +0.5525963306  +2.741e-08
  5612  +0.5525990955   4635537  +0.5525990725  -2.306e-08
  5613  +0.5526018939   4635561  +0.5526019335  +3.953e-08
  5614  +0.5526046985   4635584  +0.5526046753  -2.325e-08
  5615  +0.5526075093   4635608  +0.5526075363  +2.700e-08
  5616  +0.5526103263   4635631  +0.5526102781  -4.816e-08
  5617  +0.5526131495   4635655  +0.5526131392  -1.032e-08
  5618  +0.5526159789   4635679  +0.5526160002  +2.131e-08
  5619  +0.5526188145   4635703  +0.5526188612  +4.670e-08
  5620  +0.5526216564   4635726  +0.5526216030  -5.337e-08
  5621  +0.5526245045   4635750  +0.5526244640  -4.049e-08
  5622  +0.5526273589   4635774  +0.5526273251  -3.388e-08
  5623  +0.5526302196   4635798  +0.5526301861  -3.357e-08
  5624  +0.5526330867   4635822  +0.5526330471  -3.956e-08
  5625  +0.5526359600   4635846  +0.5526359081  -5.186e-08
  5626  +0.5526388396   4635871  +0.5526388884  +4.871e-08
  5627  +0.5526417257   4635895  +0.5526417494  +2.373e-08
  5628  +0.5526446180   4635919  +0.5526446104  -7.609e-09
  5629  +0.5526475168   4635943  +0.5526474714  -4.532e-08
  5630  +0.5526504219   4635968  +0.5526504517  +2.979e-08
  5631  +0.5526533334   4635992  +0.5526533127  -2.072e-08
  5632  +0.5526562513   4636017  +0.5526562929  +4.158e-08
  5633  +0.5526591757   4636041  +0.5526591539  -2.177e-08
  5634  +0.5526621065   4636066  +0.5526621342  +2.765e-08
  5635  +0.5526650438   4636090  +0.5526649952  -4.860e-08
  5636  +0.5526679875   4636115  +0.5526679754  -1.211e-08
  5637  +0.5526709378   4636140  +0.5526709557  +1.789e-08
  5638  +0.5526738945   4636165  +0.5526739359  +4.139e-08
  5639  +0.5526768577   4636190  +0.5526769161  +5.838e-08
  5640  +0.5526798275   4636214  +0.5526797771  -5.037e-08
  5641  +0.5526828038   4636239  +0.5526827574  -4.646e-08
  5642  +0.5526857867   4636264  +0.5526857376  -4.910e-08
  5643  +0.5526887762   4636289  +0.5526887178  -5.832e-08
  5644  +0.5526917722   4636315  +0.5526918173  +4.509e-08
  5645  +0.5526947748   4636340  +0.5526947975  +2.268e-08
  5646  +0.5526977841   4636365  +0.5526977777  -6.340e-09
  5647  +0.5527008000   4636390  +0.5527007580  -4.199e-08
  5648  +0.5527038225   4636416  +0.5527038574  +3.492e-08
  5649  +0.5527068517   4636441  +0.5527068377  -1.404e-08
  5650  +0.5527098876   4636467  +0.5527099371  +4.954e-08
  5651  +0.5527129301   4636492  +0.5527129173  -1.278e-08
  5652  +0.5527159794   4636518  +0.5527160168  +3.740e-08
  5653  +0.5527190353   4636543  +0.5527189970  -3.834e-08
  5654  +0.5527220981   4636569  +0.5527220964  -1.613e-09
  5655  +0.5527251675   4636595  +0.5527251959  +2.837e-08
  5656  +0.5527282437   4636621  +0.5527282953  +5.159e-08
  5657  +0.5527313267   4636646  +0.5527312756  -5.118e-08
  5658  +0.5527344165   4636672  +0.5527343750  -4.153e-08
  5659  +0.5527375131   4636698  +0.5527374744  -3.869e-08
  5660  +0.5527406166   4636724  +0.5527405739  -4.268e-08
  5661  +0.5527437268   4636750  +0.5527436733  -5.350e-08
  5662  +0.5527468439   4636777  +0.5527468920  +4.803e-08
  5663  +0.5527499679   4636803  +0.5527499914  +2.349e-08
  5664  +0.5527530988   4636829  +0.5527530909  -7.939e-09
  5665  +0.5527562366   4636855  +0.5527561903  -4.627e-08
  5666  +0.5527593812   4636882  +0.5527594090  +2.770e-08
  5667  +0.5527625329   4636908  +0.5527625084  -2.447e-08
  5668  +0.5527656914   4636935  +0.5527657270  +3.563e-08
  5669  +0.5527688569   4636961  +0.5527688265  -3.045e-08
  5670  +0.5527720294   4636988  +0.5527720451  +1.571e-08
  5671  +0.5527752089   4637015  +0.5527752638  +5.488e-08
  5672  +0.5527783954   4637041  +0.5527783632  -3.216e-08
  5673  +0.5527815889   4637068  +0.5527815819  -7.020e-09
  5674  +0.5527847894   4637095  +0.5527848005  +1.109e-08
  5675  +0.5527879970   4637122  +0.5527880192  +2.214e-08
  5676  +0.5527912117   4637149  +0.5527912378  +2.612e-08
  5677  +0.5527944335   4637176  +0.5527944565  +2.303e-08
  5678  +0.5527976623   4637203  +0.5527976751  +1.283e-08
  5679  +0.5528008983   4637230  +0.5528008938  -4.484e-09
  5680  +0.5528041414   4637257  +0.5528041124  -2.893e-08
  5681  +0.5528073916   4637285  +0.5528074503  +5.869e-08
  5682  +0.5528106490   4637312  +0.5528106689  +1.994e-08
  5683  +0.5528139136   4637339  +0.5528138876  -2.598e-08
  5684  +0.5528171854   4637367  +0.5528172255  +4.010e-08
  5685  +0.5528204643   4637394  +0.5528204441  -2.023e-08
  5686  +0.5528237505   4637422  +0.5528237820  +3.142e-08
  5687  +0.5528270440   4637449  +0.5528270006  -4.337e-08
  5688  +0.5528303447   4637477  +0.5528303385  -6.218e-09
  5689  +0.5528336527   4637505  +0.5528336763  +2.366e-08
  5690  +0.5528369679   4637533  +0.5528370142  +4.626e-08
  5691  +0.5528402905   4637560  +0.5528402328  -5.767e-08
  5692  +0.5528436204   4637588  +0.5528435707  -4.970e-08
  5693  +0.5528469576   4637616  +0.5528469086  -4.907e-08
  5694  +0.5528503022   4637644  +0.5528502464  -5.580e-08
  5695  +0.5528536542   4637673  +0.5528537035  +4.932e-08
  5696  +0.5528570135   4637701  +0.5528570414  +2.784e-08
  5697  +0.5528603803   4637729  +0.5528603792  -1.047e-09
  5698  +0.5528637544   4637757  +0.5528637171  -3.735e-08
  5699  +0.5528671360   4637786  +0.5528671741  +3.812e-08
  5700  +0.5528705251   4637814  +0.5528705120  -1.306e-08
  5701  +0.5528739216   4637843  +0.5528739691  +4.749e-08
  5702  +0.5528773256   4637871  +0.5528773069  -1.865e-08
  5703  +0.5528807371   4637900  +0.5528807640  +2.692e-08
  5704  +0.5528841561   4637928  +0.5528841019  -5.424e-08
  5705  +0.5528875827   4637957  +0.5528875589  -2.373e-08
  5706  +0.5528910168   4637986  +0.5528910160  -7.607e-10
  5707  +0.5528944584   4638015  +0.5528944731  +1.464e-08
  5708  +0.5528979077   4638044  +0.5528979301  +2.245e-08
  5709  +0.5529013645   4638073  +0.5529013872  +2.267e-08
  5710  +0.5529048290   4638102  +0.5529048443  +1.527e-08
  5711  +0.5529083011   4638131  +0.5529083014  +2.286e-10
  5712  +0.5529117809   4638160  +0.5529117584  -2.246e-08
  5713  +0.5529152683   4638189  +0.5529152155  -5.281e-08
  5714  +0.5529187634   4638219  +0.5529187918  +2.835e-08
  5715  +0.5529222662   4638248  +0.5529222488  -1.739e-08
  5716  +0.5529257768   4638278  +0.5529258251  +4.836e-08
  5717  +0.5529292950   4638307  +0.5529292822  -1.283e-08
  5718  +0.5529328210   4638337  +0.5529328585  +3.743e-08
  5719  +0.5529363548   4638366  +0.5529363155  -3.929e-08
  5720  +0.5529398964   4638396  +0.5529398918  -4.588e-09
  5721  +0.5529434458   4638426  +0.5529434681  +2.231e-08
  5722  +0.5529470030   4638456  +0.5529470444  +4.139e-08
  5723  +0.5529505680   4638486  +0.5529506207  +5.263e-08
  5724  +0.5529541409   4638516  +0.5529541969  +5.602e-08
  5725  +0.5529577217   4638546  +0.5529577732  +5.153e-08
  5726  +0.5529613103   4638576  +0.5529613495  +3.915e-08
  5727  +0.5529649069   4638606  +0.5529649258  +1.886e-08
  5728  +0.5529685114   4638636  +0.5529685020  -9.351e-09
  5729  +0.5529721238   4638666  +0.5529720783  -4.551e-08
  5730  +0.5529757442   4638697  +0.5529757738  +2.959e-08
  5731  +0.5529793726   4638727  +0.5529793501  -2.250e-08
  5732  +0.5529830090   4638758  +0.5529830456  +3.662e-08
  5733  +0.5529866533   4638788  +0.5529866219  -3.148e-08
  5734  +0.5529903058   4638819  +0.5529903173  +1.159e-08
  5735  +0.5529939662   4638850  +0.5529940128  +4.662e-08
  5736  +0.5529976347   4638880  +0.5529975891  -4.562e-08
  5737  +0.5530013113   4638911  +0.5530012846  -2.674e-08
  5738  +0.5530049961   4638942  +0.5530049801  -1.597e-08
  5739  +0.5530086889   4638973  +0.5530086756  -1.331e-08
  5740  +0.5530123899   4639004  +0.5530123711  -1.879e-08
  5741  +0.5530160990   4639035  +0.5530160666  -3.242e-08
  5742  +0.5530198163   4639066  +0.5530197620  -5.423e-08
  5743  +0.5530235418   4639098  +0.5530235767  +3.498e-08
  5744  +0.5530272755   4639129  +0.5530272722  -3.231e-09
  5745  +0.5530310174   4639160  +0.5530309677  -4.967e-08
  5746  +0.5530347676   4639192  +0.5530347824  +1.486e-08
  5747  +0.5530385260   4639223  +0.5530384779  -4.809e-08
  5748  +0.5530422927   4639255  +0.5530422926  -1.059e-10
  5749  +0.5530460677   4639287  +0.5530461073  +3.957e-08
  5750  +0.5530498511   4639318  +0.5530498028  -4.827e-08
  5751  +0.5530536427   4639350  +0.5530536175  -2.525e-08
  5752  +0.5530574428   4639382  +0.5530574322  -1.058e-08
  5753  +0.5530612512   4639414  +0.5530612469  -4.281e-09
  5754  +0.5530650679   4639446  +0.5530650616  -6.377e-09
  5755  +0.5530688932   4639478  +0.5530688763  -1.688e-08
  5756  +0.5530727268   4639510  +0.5530726910  -3.582e-08
  5757  +0.5530765689   4639543  +0.5530766249  +5.601e-08
  5758  +0.5530804194   4639575  +0.5530804396  +2.016e-08
  5759  +0.5530842784   4639607  +0.5530842543  -2.418e-08
  5760  +0.5530881460   4639640  +0.5530881882  +4.219e-08
  5761  +0.5530920220   4639672  +0.5530920029  -1.917e-08
  5762  +0.5530959066   4639705  +0.5530959368  +3.013e-08
  5763  +0.5530997998   4639737  +0.5530997515  -4.833e-08
  5764  +0.5531037015   4639770  +0.5531036854  -1.616e-08
  5765  +0.5531076119   4639803  +0.5531076193  +7.406e-09
  5766  +0.5531115308   4639836  +0.5531115532  +2.236e-08
  5767  +0.5531154584   4639869  +0.5531154871  +2.867e-08
  5768  +0.5531193947   4639902  +0.5531194210  +2.634e-08
  5769  +0.5531233396   4639935  +0.5531233549  +1.532e-08
  5770  +0.5531272932   4639968  +0.5531272888  -4.383e-09
  5771  +0.5531312555   4640001  +0.5531312227  -3.280e-08
  5772  +0.5531352266   4640035  +0.5531352758  +4.926e-08
  5773  +0.5531392064   4640068  +0.5531392097  +3.357e-09
  5774  +0.5531431950   4640101  +0.5531431437  -5.131e-08
  5775  +0.5531471923   4640135  +0.5531471968  +4.436e-09
  5776  +0.5531511985   4640169  +0.5531512499  +5.138e-08
  5777  +0.5531552135   4640202  +0.5531551838  -2.972e-08
  5778  +0.5531592374   4640236  +0.5531592369  -4.565e-10
  5779  +0.5531632701   4640270  +0.5531632900  +1.994e-08
  5780  +0.5531673117   4640304  +0.5531673431  +3.145e-08
  5781  +0.5531713622   4640338  +0.5531713963  +3.406e-08
  5782  +0.5531754216   4640372  +0.5531754494  +2.773e-08
  5783  +0.5531794900   4640406  +0.5531795025  +1.247e-08
  5784  +0.5531835674   4640440  +0.5531835556  -1.176e-08
  5785  +0.5531876537   4640474  +0.5531876087  -4.498e-08
  5786  +0.5531917490   4640509  +0.5531917810  +3.200e-08
  5787  +0.5531958534   4640543  +0.5531958342  -1.924e-08
  5788  +0.5531999668   4640578  +0.5532000065  +3.968e-08
  5789  +0.5532040893   4640612  +0.5532040596  -2.968e-08
  5790  +0.5532082208   4640647  +0.5532082319  +1.109e-08
  5791  +0.5532123615   4640682  +0.5532124043  +4.275e-08
  5792  +0.5532165113   4640716  +0.5532164574  -5.392e-08
  5793  +0.5532206702   4640751  +0.5532206297  -4.052e-08
  5794  +0.5532248383   4640786  +0.5532248020  -3.629e-08
  5795  +0.5532290156   4640821  +0.5532289743  -4.125e-08
  5796  +0.5532332021   4640856  +0.5532331467  -5.541e-08
  5797  +0.5532373978   4640892  +0.5532374382  +4.041e-08
  5798  +0.5532416027   4640927  +0.5532416105  +7.778e-09
  5799  +0.5532458170   4640962  +0.5532457829  -3.412e-08
  5800  +0.5532500405   4640998  +0.5532500744  +3.390e-08
  5801  +0.5532542733   4641033  +0.5532542467  -2.659e-08
  5802  +0.5532585154   4641069  +0.5532585382  +2.280e-08
  5803  +0.5532627669   4641104  +0.5532627106  -5.637e-08
  5804  +0.5532670278   4641140  +0.5532670021  -2.570e-08
  5805  +0.5532712981   4641176  +0.5532712936  -4.420e-09
  5806  +0.5532755777   4641212  +0.5532755852  +7.451e-09
  5807  +0.5532798668   4641248  +0.5532798767  +9.891e-09
  5808  +0.5532841654   4641284  +0.5532841682  +2.878e-09
  5809  +0.5532884734   4641320  +0.5532884598  -1.361e-08
  5810  +0.5532927909   4641356  +0.5532927513  -3.958e-08
  5811  +0.5532971179   4641393  +0.5532971621  +4.413e-08
  5812  +0.5533014545   4641429  +0.5533014536  -8.971e-10
  5813  +0.5533058006   4641465  +0.5533057451  -5.548e-08
  5814  +0.5533101563   4641502  +0.5533101559  -4.355e-10
  5815  +0.5533145216   4641539  +0.5533145666  +4.501e-08
  5816  +0.5533188965   4641575  +0.5533188581  -3.837e-08
  5817  +0.5533232811   4641612  +0.5533232689  -1.218e-08
  5818  +0.5533276753   4641649  +0.5533276796  +4.343e-09
  5819  +0.5533320792   4641686  +0.5533320904  +1.118e-08
  5820  +0.5533364928   4641723  +0.5533365011  +8.320e-09
  5821  +0.5533409161   4641760  +0.5533409119  -4.271e-09
  5822  +0.5533453492   4641797  +0.5533453226  -2.661e-08
  5823  +0.5533497921   4641834  +0.5533497334  -5.872e-08
  5824  +0.5533542447   4641872  +0.5533542633  +1.859e-08
  5825  +0.5533587072   4641909  +0.5533586740  -3.312e-08
  5826  +0.5533631795   4641947  +0.5533632040  +2.455e-08
  5827  +0.5533676616   4641984  +0.5533676147  -4.685e-08
  5828  +0.5533721536   4642022  +0.5533721447  -8.922e-09
  5829  +0.5533766555   4642060  +0.5533766747  +1.911e-08
  5830  +0.5533811674   4642098  +0.5533812046  +3.722e-08
  5831  +0.5533856892   4642136  +0.5533857346  +4.539e-08
  5832  +0.5533902209   4642174  +0.5533902645  +4.359e-08
  5833  +0.5533947627   4642212  +0.5533947945  +3.181e-08
  5834  +0.5533993144   4642250  +0.5533993244  +1.002e-08
  5835  +0.5534038762   4642288  +0.5534038544  -2.181e-08
  5836  +0.5534084480   4642327  +0.5534085035  +5.552e-08
  5837  +0.5534130299   4642365  +0.5534130335  +3.572e-09
  5838  +0.5534176219   4642403  +0.5534175634  -5.848e-08
  5839  +0.5534222240   4642442  +0.5534222126  -1.144e-08
  5840  +0.5534268363   4642481  +0.5534268618  +2.546e-08
  5841  +0.5534314587   4642520  +0.5534315109  +5.219e-08
  5842  +0.5534360913   4642558  +0.5534360409  -5.047e-08
  5843  +0.5534407342   4642597  +0.5534406900  -4.413e-08
  5844  +0.5534453872   4642636  +0.5534453392  -4.802e-08
  5845  +0.5534500505   4642676  +0.5534501076  +5.704e-08
  5846  +0.5534547241   4642715  +0.5534547567  +3.261e-08
  5847  +0.5534594080   4642754  +0.5534594059  -2.112e-09
  5848  +0.5534641022   4642793  +0.5534640551  -4.716e-08
  5849  +0.5534688068   4642833  +0.5534688234  +1.666e-08
  5850  +0.5534735217   4642872  +0.5534734726  -4.910e-08
  5851  +0.5534782470   4642912  +0.5534782410  -6.043e-09
  5852  +0.5534829827   4642952  +0.5534830093  +2.660e-08
  5853  +0.5534877289   4642992  +0.5534877777  +4.881e-08
  5854  +0.5534924855   4643031  +0.5534924269  -5.865e-08
  5855  +0.5534972526   4643071  +0.5534971952  -5.738e-08
  5856  +0.5535020302   4643112  +0.5535020828  +5.259e-08
  5857  +0.5535068184   4643152  +0.5535068512  +3.282e-08
  5858  +0.5535116171   4643192  +0.5535116196  +2.498e-09
  5859  +0.5535164263   4643232  +0.5535163879  -3.840e-08
  5860  +0.5535212462   4643273  +0.5535212755  +2.932e-08
  5861  +0.5535260767   4643313  +0.5535260439  -3.280e-08
  5862  +0.5535309178   4643354  +0.5535309315  +1.365e-08
  5863  +0.5535357696   4643395  +0.5535358191  +4.943e-08
  5864  +0.5535406321   4643435  +0.5535405874  -4.470e-08
  5865  +0.5535455053   4643476  +0.5535454750  -3.033e-08
  5866  +0.5535503893   4643517  +0.5535503626  -2.670e-08
  5867  +0.5535552840   4643558  +0.5535552502  -3.383e-08
  5868  +0.5535601895   4643599  +0.5535601377  -5.175e-08
  5869  +0.5535651058   4643641  +0.5535651445  +3.873e-08
  5870  +0.5535700330   4643682  +0.5535700321  -8.394e-10
  5871  +0.5535749710   4643723  +0.5535749197  -5.126e-08
  5872  +0.5535799199   4643765  +0.5535799265  +6.638e-09
  5873  +0.5535848796   4643807  +0.5535849333  +5.363e-08
  5874  +0.5535898504   4643848  +0.5535898209  -2.951e-08
  5875  +0.5535948321   4643890  +0.5535948277  -4.401e-09
  5876  +0.5535998247   4643932  +0.5535998344  +9.731e-09
  5877  +0.5536048284   4643974  +0.5536048412  +1.286e-08
  5878  +0.5536098431   4644016  +0.5536098480  +4.960e-09
  5879  +0.5536148688   4644058  +0.5536148548  -1.399e-08
  5880  +0.5536199056   4644100  +0.5536198616  -4.402e-08
  5881  +0.5536249535   4644143  +0.5536249876  +3.407e-08
  5882  +0.5536300126   4644185  +0.5536299944  -1.819e-08
  5883  +0.5536350828   4644228  +0.5536351204  +3.762e-08
  5884  +0.5536401641   4644270  +0.5536401272  -3.695e-08
  5885  +0.5536452567   4644313  +0.5536452532  -3.519e-09
  5886  +0.5536503605   4644356  +0.5536503792  +1.869e-08
  5887  +0.5536554755   4644399  +0.5536555052  +2.966e-08
  5888  +0.5536606018   4644442  +0.5536606312  +2.935e-08
  5889  +0.5536657394   4644485  +0.5536657572  +1.774e-08
  5890  +0.5536708884   4644528  +0.5536708832  -5.188e-09
  5891  +0.5536760486   4644571  +0.5536760092  -3.947e-08
  5892  +0.5536812203   4644615  +0.5536812544  +3.409e-08
  5893  +0.5536864033   4644658  +0.5536863804  -2.295e-08
  5894  +0.5536915978   4644702  +0.5536916256  +2.779e-08
  5895  +0.5536968037   4644745  +0.5536967516  -5.213e-08
  5896  +0.5537020211   4644789  +0.5537019968  -2.432e-08
  5897  +0.5537072500   4644833  +0.5537072420  -7.996e-09
  5898  +0.5537124904   4644877  +0.5537124872  -3.201e-09
  5899  +0.5537177424   4644921  +0.5537177324  -9.955e-09
  5900  +0.5537230059   4644965  +0.5537229776  -2.828e-08
  5901  +0.5537282811   4645009  +0.5537282228  -5.821e-08
  5902  +0.5537335678   4645054  +0.5537335873  +1.944e-08
  5903  +0.5537388662   4645098  +0.5537388325  -3.377e-08
  5904  +0.5537441763   4645143  +0.5537441969  +2.056e-08
  5905  +0.5537494981   4645187  +0.5537494421  -5.603e-08
  5906  +0.5537548317   4645232  +0.5537548065  -2.513e-08
  5907  +0.5537601769   4645277  +0.5537601709  -5.996e-09
  5908  +0.5537655340   4645322  +0.5537655354  +1.363e-09
  5909  +0.5537709029   4645367  +0.5537708998  -3.086e-09
  5910  +0.5537762836   4645412  +0.5537762642  -1.937e-08
  5911  +0.5537816761   4645457  +0.5537816286  -4.751e-08
  5912  +0.5537870806   4645503  +0.5537871122  +3.168e-08
  5913  +0.5537924969   4645548  +0.5537924767  -2.026e-08
  5914  +0.5537979252   4645594  +0.5537979603  +3.508e-08
  5915  +0.5538033655   4645639  +0.5538033247  -4.076e-08
  5916  +0.5538088177   4645685  +0.5538088083  -9.373e-09
  5917  +0.5538142820   4645731  +0.5538142920  +9.993e-09
  5918  +0.5538197583   4645777  +0.5538197756  +1.732e-08
  5919  +0.5538252466   4645823  +0.5538252592  +1.257e-08
  5920  +0.5538307471   4645869  +0.5538307428  -4.271e-09
  5921  +0.5538362597   4645915  +0.5538362265  -3.324e-08
  5922  +0.5538417844   4645962  +0.5538418293  +4.486e-08
  5923  +0.5538473214   4646008  +0.5538473129  -8.432e-09
  5924  +0.5538528705   4646055  +0.5538529158  +4.528e-08
  5925  +0.5538584318   4646101  +0.5538583994  -3.244e-08
  5926  +0.5538640054   4646148  +0.5538640022  -3.212e-09
  5927  +0.5538695913   4646195  +0.5538696051  +1.373e-08
  5928  +0.5538751895   4646242  +0.5538752079  +1.837e-08
  5929  +0.5538808001   4646289  +0.5538808107  +1.066e-08
  5930  +0.5538864230   4646336  +0.5538864136  -9.411e-09
  5931  +0.5538920583   4646383  +0.5538920164  -4.187e-08
  5932  +0.5538977060   4646431  +0.5538977385  +3.245e-08
  5933  +0.5539033662   4646478  +0.5539033413  -2.488e-08
  5934  +0.5539090388   4646526  +0.5539090633  +2.452e-08
  5935  +0.5539147240   4646573  +0.5539146662  -5.778e-08
  5936  +0.5539204216   4646621  +0.5539203882  -3.341e-08
  5937  +0.5539261319   4646669  +0.5539261103  -2.160e-08
  5938  +0.5539318547   4646717  +0.5539318323  -2.237e-08
  5939  +0.5539375901   4646765  +0.5539375544  -3.576e-08
  5940  +0.5539433382   4646814  +0.5539433956  +5.742e-08
  5941  +0.5539490989   4646862  +0.5539491177  +1.873e-08
  5942  +0.5539548724   4646910  +0.5539548397  -3.266e-08
  5943  +0.5539606585   4646959  +0.5539606810  +2.243e-08
  5944  +0.5539664574   4647007  +0.5539664030  -5.444e-08
  5945  +0.5539722691   4647056  +0.5539722443  -2.488e-08
  5946  +0.5539780936   4647105  +0.5539780855  -8.130e-09
  5947  +0.5539839310   4647154  +0.5539839268  -4.217e-09
  5948  +0.5539897812   4647203  +0.5539897680  -1.317e-08
  5949  +0.5539956443   4647252  +0.5539956093  -3.502e-08
  5950  +0.5540015203   4647302  +0.5540015697  +4.942e-08
  5951  +0.5540074093   4647351  +0.5540074110  +1.702e-09
  5952  +0.5540133113   4647400  +0.5540132523  -5.900e-08
  5953  +0.5540192262   4647450  +0.5540192127  -1.350e-08
  5954  +0.5540251542   4647500  +0.5540251732  +1.897e-08
  5955  +0.5540310953   4647550  +0.5540311337  +3.837e-08
  5956  +0.5540370494   4647600  +0.5540370941  +4.467e-08
  5957  +0.5540430167   4647650  +0.5540430546  +3.785e-08
  5958  +0.5540489972   4647700  +0.5540490150  +1.788e-08
  5959  +0.5540549908   4647750  +0.5540549755  -1.527e-08
  5960  +0.5540609976   4647801  +0.5540610552  +5.757e-08
  5961  +0.5540670177   4647851  +0.5540670156  -2.028e-09
  5962  +0.5540730510   4647902  +0.5540730953  +4.431e-08
  5963  +0.5540790976   4647952  +0.5540790558  -4.186e-08
  5964  +0.5540851576   4648003  +0.5540851355  -2.214e-08
  5965  +0.5540912309   4648054  +0.5540912151  -1.579e-08
  5966  +0.5540973176   4648105  +0.5540972948  -2.282e-08
  5967  +0.5541034177   4648156  +0.5541033745  -4.326e-08
  5968  +0.5541095313   4648208  +0.5541095734  +4.206e-08
  5969  +0.5541156583   4648259  +0.5541156530  -5.308e-09
  5970  +0.5541217989   4648311  +0.5541218519  +5.303e-08
  5971  +0.5541279530   4648362  +0.5541279316  -2.137e-08
  5972  +0.5541341206   4648414  +0.5541341305  +9.870e-09
  5973  +0.5541403018   4648466  +0.5541403294  +2.752e-08
  5974  +0.5541464967   4648518  +0.5541465282  +3.154e-08
  5975  +0.5541527052   4648570  +0.5541527271  +2.191e-08
  5976  +0.5541589274   4648622  +0.5541589260  -1.406e-09
  5977  +0.5541651633   4648674  +0.5541651249  -3.844e-08
  5978  +0.5541714130   4648727  +0.5541714430  +3.000e-08
  5979  +0.5541776764   4648779  +0.5541776419  -3.455e-08
  5980  +0.5541839537   4648832  +0.5541839600  +6.305e-09
  5981  +0.5541902447   4648885  +0.5541902781  +3.332e-08
  5982  +0.5541965497   4648938  +0.5541965961  +4.648e-08
  5983  +0.5542028685   4648991  +0.5542029142  +4.573e-08
  5984  +0.5542092013   4649044  +0.5542092323  +3.106e-08
  5985  +0.5542155480   4649097  +0.5542155504  +2.431e-09
  5986  +0.5542219087   4649150  +0.5542218685  -4.019e-08
  5987  +0.5542282834   4649204  +0.5542283058  +2.238e-08
  5988  +0.5542346722   4649257  +0.5542346239  -4.831e-08
  5989  +0.5542410751   4649311  +0.5542410612  -1.387e-08
  5990  +0.5542474921   4649365  +0.5542474985  +6.455e-09
  5991  +0.5542539232   4649419  +0.5542539358  +1.264e-08
  5992  +0.5542603685   4649473  +0.5542603731  +4.641e-09
  5993  +0.5542668280   4649527  +0.5542668104  -1.756e-08
  5994  +0.5542733017   4649581  +0.5542732477  -5.400e-08
  5995  +0.5542797897   4649636  +0.5542798042  +1.450e-08
  5996  +0.5542862920   4649690  +0.5542862415  -5.051e-08
  5997  +0.5542928087   4649745  +0.5542927980  -1.064e-08
  5998  +0.5542993397   4649800  +0.5542993546  +1.487e-08
  5999  +0.5543058851   4649855  +0.5543059111  +2.598e-08
  6000  +0.5543124449   4649910  +0.5543124676  +2.266e-08
  6001  +0.5543190192   4649965  +0.5543190241  +4.882e-09
  6002  +0.5543256080   4650020  +0.5543255806  -2.739e-08
  6003  +0.5543322113   4650076  +0.5543322563  +4.503e-08
  6004  +0.5543388291   4650131  +0.5543388128  -1.631e-08
  6005  +0.5543454616   4650187  +0.5543454885  +2.696e-08
  6006  +0.5543521086   4650243  +0.5543521643  +5.562e-08
  6007  +0.5543587704   4650298  +0.5543587208  -4.958e-08
  6008  +0.5543654468   4650354  +0.5543653965  -5.026e-08
  6009  +0.5543721379   4650411  +0.5543721914  +5.355e-08
  6010  +0.5543788437   4650467  +0.5543788671  +2.341e-08
  6011  +0.5543855644   4650523  +0.5543855429  -2.152e-08
  6012  +0.5543922998   4650580  +0.5543923378  +3.796e-08
  6013  +0.5543990501   4650636  +0.5543990135  -3.663e-08
  6014  +0.5544058153   4650693  +0.5544058084  -6.883e-09
  6015  +0.5544125954   4650750  +0.5544126034  +7.951e-09
  6016  +0.5544193905   4650807  +0.5544193983  +7.839e-09
  6017  +0.5544262005   4650864  +0.5544261932  -7.250e-09
  6018  +0.5544330255   4650921  +0.5544329882  -3.735e-08
  6019  +0.5544398656   4650979  +0.5544399023  +3.672e-08
  6020  +0.5544467207   4651036  +0.5544466972  -2.351e-08
  6021  +0.5544535910   4651094  +0.5544536114  +2.037e-08
  6022  +0.5544604764   4651152  +0.5544605255  +4.910e-08
  6023  +0.5544673770   4651209  +0.5544673204  -5.655e-08
  6024  +0.5544742928   4651267  +0.5544742346  -5.820e-08
  6025  +0.5544812238   4651326  +0.5544812679  +4.411e-08
  6026  +0.5544881701   4651384  +0.5544881821  +1.193e-08
  6027  +0.5544951318   4651442  +0.5544950962  -3.556e-08
  6028  +0.5545021087   4651501  +0.5545021296  +2.082e-08
  6029  +0.5545091011   4651559  +0.5545090437  -5.739e-08
  6030  +0.5545161088   4651618  +0.5545160770  -3.181e-08
  6031  +0.5545231321   4651677  +0.5545231104  -2.167e-08
  6032  +0.5545301708   4651736  +0.5545301437  -2.702e-08
  6033  +0.5545372250   4651795  +0.5545371771  -4.788e-08
  6034  +0.5545442947   4651855  +0.5545443296  +3.492e-08
  6035  +0.5545513801   4651914  +0.5545513630  -1.707e-08
  6036  +0.5545584810   4651974  +0.5545585155  +3.453e-08
  6037  +0.5545655976   4652033  +0.5545655489  -4.874e-08
  6038  +0.5545727299   4652093  +0.5545727015  -2.848e-08
  6039  +0.5545798780   4652153  +0.5545798540  -2.394e-08
  6040  +0.5545870417   4652213  +0.5545870066  -3.516e-08
  6041  +0.5545942213   4652274  +0.5545942783  +5.704e-08
  6042  +0.5546014167   4652334  +0.5546014309  +1.420e-08
  6043  +0.5546086280   4652394  +0.5546085835  -4.450e-08
  6044  +0.5546158551   4652455  +0.5546158552  +1.143e-10
  6045  +0.5546230982   4652516  +0.5546231270  +2.880e-08
  6046  +0.5546303572   4652577  +0.5546303988  +4.152e-08
  6047  +0.5546376323   4652638  +0.5546376705  +3.823e-08
  6048  +0.5546449234   4652699  +0.5546449423  +1.891e-08
  6049  +0.5546522305   4652760  +0.5546522141  -1.648e-08
  6050  +0.5546595538   4652822  +0.5546596050  +5.123e-08
  6051  +0.5546668932   4652883  +0.5546668768  -1.642e-08
  6052  +0.5546742488   4652945  +0.5546742678  +1.897e-08
  6053  +0.5546816206   4653007  +0.5546816587  +3.814e-08
  6054  +0.5546890087   4653069  +0.5546890497  +4.107e-08
  6055  +0.5546964130   4653131  +0.5546964407  +2.770e-08
  6056  +0.5547038337   4653193  +0.5547038317  -1.984e-09
  6057  +0.5547112707   4653255  +0.5547112226  -4.803e-08
  6058  +0.5547187241   4653318  +0.5547187328  +8.745e-09
  6059  +0.5547261939   4653381  +0.5547262430  +4.909e-08
  6060  +0.5547336802   4653443  +0.5547336340  -4.625e-08
  6061  +0.5547411831   4653506  +0.5547411442  -3.887e-08
  6062  +0.5547487024   4653569  +0.5547486544  -4.804e-08
  6063  +0.5547562383   4653633  +0.5547562838  +4.543e-08
  6064  +0.5547637909   4653696  +0.5547637939  +3.071e-09
  6065  +0.5547713601   4653759  +0.5547713041  -5.593e-08
  6066  +0.5547789459   4653823  +0.5547789335  -1.241e-08
  6067  +0.5547865485   4653887  +0.5547865629  +1.439e-08
  6068  +0.5547941679   4653951  +0.5547941923  +2.442e-08
  6069  +0.5548018040   4654015  +0.5548018217  +1.767e-08
  6070  +0.5548094570   4654079  +0.5548094511  -5.924e-09
  6071  +0.5548171269   4654143  +0.5548170805  -4.639e-08
  6072  +0.5548248136   4654208  +0.5548248291  +1.545e-08
  6073  +0.5548325174   4654272  +0.5548324585  -5.886e-08
  6074  +0.5548402380   4654337  +0.5548402071  -3.095e-08
  6075  +0.5548479758   4654402  +0.5548479557  -2.005e-08
  6076  +0.5548557305   4654467  +0.5548557043  -2.622e-08
  6077  +0.5548635024   4654532  +0.5548634529  -4.948e-08
  6078  +0.5548712914   4654598  +0.5548713207  +2.934e-08
  6079  +0.5548790976   4654663  +0.5548790693  -2.822e-08
  6080  +0.5548869209   4654729  +0.5548869371  +1.621e-08
  6081  +0.5548947615   4654795  +0.5548948050  +4.341e-08
  6082  +0.5549026195   4654861  +0.5549026728  +5.331e-08
  6083  +0.5549104947   4654927  +0.5549105406  +4.590e-08
  6084  +0.5549183873   4654993  +0.5549184084  +2.112e-08
  6085  +0.5549262973   4655059  +0.5549262762  -2.105e-08
  6086  +0.5549342247   4655126  +0.5549342632  +3.854e-08
  6087  +0.5549421696   4655192  +0.5549421310  -3.855e-08
  6088  +0.5549501320   4655259  +0.5549501181  -1.394e-08
  6089  +0.5549581120   4655326  +0.5549581051  -6.886e-09
  6090  +0.5549661095   4655393  +0.5549660921  -1.742e-08
  6091  +0.5549741247   4655460  +0.5549740791  -4.559e-08
  6092  +0.5549821576   4655528  +0.5549821854  +2.778e-08
  6093  +0.5549902082   4655595  +0.5549901724  -3.577e-08
  6094  +0.5549982765   4655663  +0.5549982786  +2.141e-09
  6095  +0.5550063626   4655731  +0.5550063848  +2.227e-08
  6096  +0.5550144665   4655799  +0.5550144911  +2.457e-08
  6097  +0.5550225883   4655867  +0.5550225973  +9.005e-09
  6098  +0.5550307280   4655935  +0.5550307035  -2.446e-08
  6099  +0.5550388857   4656004  +0.5550389290  +4.333e-08
  6100  +0.5550470613   4656072  +0.5550470352  -2.607e-08
  6101  +0.5550552549   4656141  +0.5550552607  +5.722e-09
  6102  +0.5550634667   4656210  +0.5550634861  +1.945e-08
  6103  +0.5550716965   4656279  +0.5550717115  +1.507e-08
  6104  +0.5550799444   4656348  +0.5550799370  -7.453e-09
  6105  +0.5550882106   4656417  +0.5550881624  -4.816e-08
  6106  +0.5550964949   4656487  +0.5550965071  +1.212e-08
  6107  +0.5551047976   4656557  +0.5551048517  +5.414e-08
  6108  +0.5551131185   4656626  +0.5551130772  -4.135e-08
  6109  +0.5551214578   4656696  +0.5551214218  -3.598e-08
  6110  +0.5551298155   4656766  +0.5551297665  -4.900e-08
  6111  +0.5551381916   4656837  +0.5551382303  +3.877e-08
  6112  +0.5551465861   4656907  +0.5551465750  -1.114e-08
  6113  +0.5551549992   4656978  +0.5551550388  +3.966e-08
  6114  +0.5551634308   4657048  +0.5551633835  -4.730e-08
  6115  +0.5551718810   4657119  +0.5551718473  -3.364e-08
  6116  +0.5551803498   4657190  +0.5551803112  -3.861e-08
  6117  +0.5551888373   4657262  +0.5551888943  +5.696e-08
  6118  +0.5551973435   4657333  +0.5551973581  +1.461e-08
  6119  +0.5552058685   4657404  +0.5552058220  -4.649e-08
  6120  +0.5552144122   4657476  +0.5552144051  -7.182e-09
  6121  +0.5552229748   4657548  +0.5552229881  +1.329e-08
  6122  +0.5552315563   4657620  +0.5552315712  +1.489e-08
  6123  +0.5552401567   4657692  +0.5552401543  -2.431e-09
  6124  +0.5552487760   4657764  +0.5552487373  -3.871e-08
  6125  +0.5552574144   4657837  +0.5552574396  +2.521e-08
  6126  +0.5552660718   4657909  +0.5552660227  -4.912e-08
  6127  +0.5552747483   4657982  +0.5552747250  -2.333e-08
  6128  +0.5552834439   4658055  +0.5552834272  -1.666e-08
  6129  +0.5552921587   4658128  +0.5552921295  -2.917e-08
  6130  +0.5553008927   4658202  +0.5553009510  +5.832e-08
  6131  +0.5553096459   4658275  +0.5553096533  +7.343e-09
  6132  +0.5553184185   4658349  +0.5553184748  +5.628e-08
  6133  +0.5553272104   4658422  +0.5553271770  -3.334e-08
  6134  +0.5553360217   4658496  +0.5553359985  -2.313e-08
  6135  +0.5553448524   4658570  +0.5553448200  -3.234e-08
  6136  +0.5553537025   4658645  +0.5553537607  +5.818e-08
  6137  +0.5553625722   4658719  +0.5553625822  +9.988e-09
  6138  +0.5553714615   4658793  +0.5553714037  -5.776e-08
  6139  +0.5553803703   4658868  +0.5553803444  -2.590e-08
  6140  +0.5553892988   4658943  +0.5553892851  -1.369e-08
  6141  +0.5553982469   4659018  +0.5553982258  -2.115e-08
  6142  +0.5554072148   4659093  +0.5554071665  -4.835e-08
  6143  +0.5554162025   4659169  +0.5554162264  +2.389e-08
  6144  +0.5554252100   4659244  +0.5554251671  -4.289e-08
  6145  +0.5554342373   4659320  +0.5554342270  -1.032e-08
  6146  +0.5554432846   4659396  +0.5554432869  +2.345e-09
  6147  +0.5554523517   4659472  +0.5554523468  -4.938e-09
  6148  +0.5554614389   4659548  +0.5554614067  -3.221e-08
  6149  +0.5554705461   4659625  +0.5554705858  +3.969e-08
  6150  +0.5554796734   4659701  +0.5554796457  -2.770e-08
  6151  +0.5554888208   4659778  +0.5554888248  +4.000e-09
  6152  +0.5554979884   4659855  +0.5554980040  +1.553e-08
  6153  +0.5555071762   4659932  +0.5555071831  +6.847e-09
  6154  +0.5555163843   4660009  +0.5555163622  -2.209e-08
  6155  +0.5555256126   4660087  +0.5555256605  +4.787e-08
  6156  +0.5555348613   4660164  +0.5555348396  -2.171e-08
  6157  +0.5555441304   4660242  +0.5555441380  +7.516e-09
  6158  +0.5555534200   4660320  +0.5555534363  +1.631e-08
  6159  +0.5555627300   4660398  +0.5555627346  +4.619e-09
  6160  +0.5555720605   4660476  +0.5555720329  -2.760e-08
  6161  +0.5555814116   4660555  +0.5555814505  +3.882e-08
  6162  +0.5555907834   4660633  +0.5555907488  -3.458e-08
  6163  +0.5556001758   4660712  +0.5556001663  -9.440e-09
  6164  +0.5556095889   4660791  +0.5556095839  -5.008e-09
  6165  +0.5556190227   4660870  +0.5556190014  -2.133e-08
  6166  +0.5556284774   4660949  +0.5556284189  -5.845e-08
  6167  +0.5556379529   4661029  +0.5556379557  +2.787e-09
  6168  +0.5556474493   4661109  +0.5556474924  +4.313e-08
  6169  +0.5556569666   4661188  +0.5556569099  -5.666e-08
  6170  +0.5556665049   4661268  +0.5556664467  -5.824e-08
  6171  +0.5556760643   4661349  +0.5556761026  +3.836e-08
  6172  +0.5556856447   4661429  +0.5556856394  -5.318e-09
  6173  +0.5556952462   4661510  +0.5556952953  +4.909e-08
  6174  +0.5557048690   4661590  +0.5557048321  -3.689e-08
  6175  +0.5557145129   4661671  +0.5557144880  -2.488e-08
  6176  +0.5557241781   4661752  +0.5557241440  -3.412e-08
  6177  +0.5557338646   4661834  +0.5557339191  +5.453e-08
  6178  +0.5557435725   4661915  +0.5557435751  +2.609e-09
  6179  +0.5557533018   4661997  +0.5557533503  +4.850e-08
  6180  +0.5557630525   4662078  +0.5557630062  -4.628e-08
  6181  +0.5557728247   4662160  +0.5557727814  -4.334e-08
  6182  +0.5557826185   4662243  +0.5557826757  +5.726e-08
  6183  +0.5557924339   4662325  +0.5557924509  +1.705e-08
  6184  +0.5558022709   4662407  +0.5558022261  -4.480e-08
  6185  +0.5558121296   4662490  +0.5558121204  -9.130e-09
  6186  +0.5558220100   4662573  +0.5558220148  +4.803e-09
  6187  +0.5558319122   4662656  +0.5558319092  -3.050e-09
  6188  +0.5558418363   4662739  +0.5558418036  -3.274e-08
  6189  +0.5558517822   4662823  +0.5558518171  +3.490e-08
  6190  +0.5558617501   4662906  +0.5558617115  -3.860e-08
  6191  +0.5558717400   4662990  +0.5558717251  -1.487e-08
  6192  +0.5558817518   4663074  +0.5558817387  -1.317e-08
  6193  +0.5558917858   4663158  +0.5558917522  -3.354e-08
  6194  +0.5559018419   4663243  +0.5559018850  +4.317e-08
  6195  +0.5559119201   4663327  +0.5559118986  -2.150e-08
  6196  +0.5559220206   4663412  +0.5559220314  +1.082e-08
  6197  +0.5559321433   4663497  +0.5559321642  +2.086e-08
  6198  +0.5559422884   4663582  +0.5559422970  +8.581e-09
  6199  +0.5559524558   4663667  +0.5559524298  -2.607e-08
  6200  +0.5559626457   4663753  +0.5559626818  +3.607e-08
  6201  +0.5559728580   4663838  +0.5559728146  -4.346e-08
  6202  +0.5559830929   4663924  +0.5559830666  -2.631e-08
  6203  +0.5559933503   4664010  +0.5559933186  -3.172e-08
  6204  +0.5560036303   4664097  +0.5560036898  +5.946e-08
  6205  +0.5560139330   4664183  +0.5560139418  +8.757e-09
  6206  +0.5560242584   4664270  +0.5560243130  +5.455e-08
  6207  +0.5560346066   4664356  +0.5560345650  -4.164e-08
  6208  +0.5560449776   4664443  +0.5560449362  -4.143e-08
  6209  +0.5560553715   4664531  +0.5560554266  +5.511e-08
  6210  +0.5560657883   4664618  +0.5560657978  +9.528e-09
  6211  +0.5560762280   4664705  +0.5560761690  -5.903e-08
  6212  +0.5560866908   4664793  +0.5560866594  -3.139e-08
  6213  +0.5560971767   4664881  +0.5560971498  -2.683e-08
  6214  +0.5561076857   4664969  +0.5561076403  -4.539e-08
  6215  +0.5561182178   4665058  +0.5561182499  +3.209e-08
  6216  +0.5561287732   4665146  +0.5561287403  -3.287e-08
  6217  +0.5561393518   4665235  +0.5561393499  -1.890e-09
  6218  +0.5561499538   4665324  +0.5561499596  +5.759e-09
  6219  +0.5561605792   4665413  +0.5561605692  -9.970e-09
  6220  +0.5561712279   4665502  +0.5561711788  -4.913e-08
  6221  +0.5561819002   4665592  +0.5561819077  +7.437e-09
  6222  +0.5561925960   4665682  +0.5561926365  +4.047e-08
  6223  +0.5562033154   4665772  +0.5562033653  +4.992e-08
  6224  +0.5562140584   4665862  +0.5562140942  +3.573e-08
  6225  +0.5562248252   4665952  +0.5562248230  -2.155e-09
  6226  +0.5562356156   4666043  +0.5562356710  +5.543e-08
  6227  +0.5562464299   4666133  +0.5562463999  -2.999e-08
  6228  +0.5562572680   4666224  +0.5562572479  -2.004e-08
  6229  +0.5562681300   4666315  +0.5562680960  -3.400e-08
  6230  +0.5562790159   4666407  +0.5562790632  +4.730e-08
  6231  +0.5562899259   4666498  +0.5562899113  -1.462e-08
  6232  +0.5563008599   4666590  +0.5563008785  +1.862e-08
  6233  +0.5563118180   4666682  +0.5563118458  +2.774e-08
  6234  +0.5563228003   4666774  +0.5563228130  +1.270e-08
  6235  +0.5563338069   4666866  +0.5563337803  -2.656e-08
  6236  +0.5563448376   4666959  +0.5563448668  +2.911e-08
  6237  +0.5563558928   4667051  +0.5563558340  -5.874e-08
  6238  +0.5563669722   4667144  +0.5563669205  -5.177e-08
  6239  +0.5563780762   4667238  +0.5563781261  +4.998e-08
  6240  +0.5563892046   4667331  +0.5563892126  +8.028e-09
  6241  +0.5564003575   4667424  +0.5564002991  -5.846e-08
  6242  +0.5564115351   4667518  +0.5564115047  -3.034e-08
  6243  +0.5564227373   4667612  +0.5564227104  -2.686e-08
  6244  +0.5564339642   4667706  +0.5564339161  -4.809e-08
  6245  +0.5564452158   4667801  +0.5564452410  +2.513e-08
  6246  +0.5564564923   4667895  +0.5564564466  -4.567e-08
  6247  +0.5564677937   4667990  +0.5564677715  -2.213e-08
  6248  +0.5564791199   4668085  +0.5564790964  -2.351e-08
  6249  +0.5564904712   4668180  +0.5564904213  -4.987e-08
  6250  +0.5565018474   4668276  +0.5565018654  +1.794e-08
  6251  +0.5565132488   4668371  +0.5565131903  -5.854e-08
  6252  +0.5565246753   4668467  +0.5565246344  -4.096e-08
  6253  +0.5565361270   4668563  +0.5565360785  -4.857e-08
  6254  +0.5565476040   4668660  +0.5565476418  +3.776e-08
  6255  +0.5565591063   4668756  +0.5565590858  -2.042e-08
  6256  +0.5565706339   4668853  +0.5565706491  +1.524e-08
  6257  +0.5565821870   4668950  +0.5565822124  +2.548e-08
  6258  +0.5565937655   4669047  +0.5565937757  +1.024e-08
  6259  +0.5566053696   4669144  +0.5566053391  -3.054e-08
  6260  +0.5566169993   4669242  +0.5566170216  +2.230e-08
  6261  +0.5566286546   4669340  +0.5566287041  +4.950e-08
  6262  +0.5566403356   4669438  +0.5566403866  +5.099e-08
  6263  +0.5566520424   4669536  +0.5566520691  +2.671e-08
  6264  +0.5566637750   4669634  +0.5566637516  -2.338e-08
  6265  +0.5566755335   4669733  +0.5566755533  +1.987e-08
  6266  +0.5566873179   4669832  +0.5566873550  +3.718e-08
  6267  +0.5566991283   4669931  +0.5566991568  +2.850e-08
  6268  +0.5567109647   4670030  +0.5567109585  -6.230e-09
  6269  +0.5567228273   4670130  +0.5567228794  +5.215e-08
  6270  +0.5567347160   4670229  +0.5567346811  -3.484e-08
  6271  +0.5567466309   4670329  +0.5567466021  -2.885e-08
  6272  +0.5567585721   4670429  +0.5567585230  -4.913e-08
  6273  +0.5567705397   4670530  +0.5567705631  +2.346e-08
  6274  +0.5567825336   4670630  +0.5567824841  -4.955e-08
  6275  +0.5567945540   4670731  +0.5567945242  -2.981e-08
  6276  +0.5568066009   4670832  +0.5568065643  -3.658e-08
  6277  +0.5568186744   4670934  +0.5568187237  +4.930e-08
  6278  +0.5568307745   4671035  +0.5568307638  -1.067e-08
  6279  +0.5568429013   4671137  +0.5568429232  +2.189e-08
  6280  +0.5568550548   4671239  +0.5568550825  +2.770e-08
  6281  +0.5568672351   4671341  +0.5568672419  +6.711e-09
  6282  +0.5568794424   4671443  +0.5568794012  -4.115e-08
  6283  +0.5568916765   4671546  +0.5568916798  +3.282e-09
  6284  +0.5569039376   4671649  +0.5569039583  +2.073e-08
  6285  +0.5569162257   4671752  +0.5569162369  +1.113e-08
  6286  +0.5569285410   4671855  +0.5569285154  -2.557e-08
  6287  +0.5569408834   4671959  +0.5569409132  +2.978e-08
  6288  +0.5569532531   4672063  +0.5569533110  +5.790e-08
  6289  +0.5569656500   4672167  +0.5569657087  +5.875e-08
  6290  +0.5569780743   4672271  +0.5569781065  +3.225e-08
  6291  +0.5569905259   4672375  +0.5569905043  -2.165e-08
  6292  +0.5570030051   4672480  +0.5570030212  +1.619e-08
  6293  +0.5570155117   4672585  +0.5570155382  +2.651e-08
  6294  +0.5570280459   4672690  +0.5570280552  +9.243e-09
  6295  +0.5570406078   4672795  +0.5570405722  -3.567e-08
  6296  +0.5570531974   4672901  +0.5570532084  +1.092e-08
  6297  +0.5570658148   4673007  +0.5570658445  +2.974e-08
  6298  +0.5570784600   4673113  +0.5570784807  +2.074e-08
  6299  +0.5570911331   4673219  +0.5570911169  -1.616e-08
  6300  +0.5571038341   4673326  +0.5571038723  +3.820e-08
  6301  +0.5571165632   4673432  +0.5571165085  -5.467e-08
  6302  +0.5571293203   4673539  +0.5571292639  -5.640e-08
  6303  +0.5571421055   4673647  +0.5571421385  +3.294e-08
  6304  +0.5571549190   4673754  +0.5571548939  -2.513e-08
  6305  +0.5571677607   4673862  +0.5571677685  +7.745e-09
  6306  +0.5571806308   4673970  +0.5571806431  +1.230e-08
  6307  +0.5571935292   4674078  +0.5571935177  -1.154e-08
  6308  +0.5572064561   4674187  +0.5572065115  +5.538e-08
  6309  +0.5572194115   4674295  +0.5572193861  -2.542e-08
  6310  +0.5572323955   4674404  +0.5572323799  -1.559e-08
  6311  +0.5572454081   4674513  +0.5572453737  -3.439e-08
  6312  +0.5572584494   4674623  +0.5572584867  +3.730e-08
  6313  +0.5572715195   4674732  +0.5572714806  -3.897e-08
  6314  +0.5572846184   4674842  +0.5572845936  -2.487e-08
  6315  +0.5572977463   4674952  +0.5572977066  -3.966e-08
  6316  +0.5573109030   4675063  +0.5573109388  +3.581e-08
  6317  +0.5573240888   4675173  +0.5573240519  -3.696e-08
  6318  +0.5573373037   4675284  +0.5573372841  -1.961e-08
  6319  +0.5573505477   4675395  +0.5573505163  -3.140e-08
  6320  +0.5573638210   4675507  +0.5573638678  +4.680e-08
  6321  +0.5573771235   4675618  +0.5573771000  -2.348e-08
  6322  +0.5573904553   4675730  +0.5573904514  -3.904e-09
  6323  +0.5574038166   4675842  +0.5574038029  -1.373e-08
  6324  +0.5574172073   4675954  +0.5574171543  -5.303e-08
  6325  +0.5574306276   4676067  +0.5574306250  -2.662e-09
  6326  +0.5574440775   4676180  +0.5574440956  +1.811e-08
  6327  +0.5574575571   4676293  +0.5574575663  +9.203e-09
  6328  +0.5574710663   4676406  +0.5574710369  -2.943e-08
  6329  +0.5574846054   4676520  +0.5574846268  +2.134e-08
  6330  +0.5574981744   4676634  +0.5574982166  +4.225e-08
  6331  +0.5575117733   4676748  +0.5575118065  +3.322e-08
  6332  +0.5575254021   4676862  +0.5575253963  -5.799e-09
  6333  +0.5575390611   4676977  +0.5575391054  +4.432e-08
  6334  +0.5575527502   4677091  +0.5575526953  -5.489e-08
  6335  +0.5575664694   4677207  +0.5575665236  +5.411e-08
  6336  +0.5575802190   4677322  +0.5575802326  +1.364e-08
  6337  +0.5575939988   4677437  +0.5575939417  -5.716e-08
  6338  +0.5576078091   4677553  +0.5576077700  -3.915e-08
  6339  +0.5576216498   4677669  +0.5576215982  -5.160e-08
  6340  +0.5576355211   4677786  +0.5576355457  +2.462e-08
  6341  +0.5576494230   4677902  +0.5576493740  -4.897e-08
  6342  +0.5576633555   4678019  +0.5576633215  -3.401e-08
  6343  +0.5576773188   4678136  +0.5576772690  -4.979e-08
  6344  +0.5576913128   4678254  +0.5576913357  +2.284e-08
  6345  +0.5577053378   4678371  +0.5577052832  -5.462e-08
  6346  +0.5577193937   4678489  +0.5577193499  -4.380e-08
  6347  +0.5577334806   4678608  +0.5577335358  +5.522e-08
  6348  +0.5577475985   4678726  +0.5577476025  +3.947e-09
  6349  +0.5577617476   4678845  +0.5577617884  +4.074e-08
  6350  +0.5577759279   4678964  +0.5577759743  +4.633e-08
  6351  +0.5577901396   4679083  +0.5577901602  +2.062e-08
  6352  +0.5578043825   4679202  +0.5578043461  -3.643e-08
  6353  +0.5578186569   4679322  +0.5578186512  -5.694e-09
  6354  +0.5578329628   4679442  +0.5578329563  -6.449e-09
  6355  +0.5578473002   4679562  +0.5578472614  -3.877e-08
  6356  +0.5578616693   4679683  +0.5578616858  +1.650e-08
  6357  +0.5578760700   4679804  +0.5578761101  +4.006e-08
  6358  +0.5578905025   4679925  +0.5578905344  +3.186e-08
  6359  +0.5579049669   4680046  +0.5579049587  -8.192e-09
  6360  +0.5579194632   4680168  +0.5579195023  +3.906e-08
  6361  +0.5579339915   4680290  +0.5579340458  +5.433e-08
  6362  +0.5579485518   4680412  +0.5579485893  +3.755e-08
  6363  +0.5579631442   4680534  +0.5579631329  -1.135e-08
  6364  +0.5579777688   4680657  +0.5579777956  +2.676e-08
  6365  +0.5579924257   4680780  +0.5579924583  +3.260e-08
  6366  +0.5580071150   4680903  +0.5580071211  +6.115e-09
  6367  +0.5580218366   4681026  +0.5580217838  -5.278e-08
  6368  +0.5580365907   4681150  +0.5580365658  -2.495e-08
  6369  +0.5580513774   4681274  +0.5580513477  -2.967e-08
  6370  +0.5580661967   4681399  +0.5580662489  +5.220e-08
  6371  +0.5580810487   4681523  +0.5580810308  -1.783e-08
  6372  +0.5580959334   4681648  +0.5580959320  -1.427e-09
  6373  +0.5581108510   4681773  +0.5581108332  -1.786e-08
  6374  +0.5581258015   4681899  +0.5581258535  +5.200e-08
  6375  +0.5581407850   4682024  +0.5581407547  -3.033e-08
  6376  +0.5581558016   4682150  +0.5581557751  -2.651e-08
  6377  +0.5581708513   4682276  +0.5581707954  -5.582e-08
  6378  +0.5581859341   4682403  +0.5581859350  +8.737e-10
  6379  +0.5582010503   4682530  +0.5582010746  +2.429e-08
  6380  +0.5582161998   4682657  +0.5582162142  +1.435e-08
  6381  +0.5582313828   4682784  +0.5582313538  -2.901e-08
  6382  +0.5582465992   4682912  +0.5582466125  +1.334e-08
  6383  +0.5582618492   4683040  +0.5582618713  +2.212e-08
  6384  +0.5582771329   4683168  +0.5582771301  -2.749e-09
  6385  +0.5582924503   4683297  +0.5582925081  +5.787e-08
  6386  +0.5583078014   4683425  +0.5583077669  -3.452e-08
  6387  +0.5583231865   4683554  +0.5583231449  -4.157e-08
  6388  +0.5583386055   4683684  +0.5583386421  +3.665e-08
  6389  +0.5583540585   4683813  +0.5583540201  -3.837e-08
  6390  +0.5583695456   4683943  +0.5583695173  -2.827e-08
  6391  +0.5583850669   4684073  +0.5583850145  -5.235e-08
  6392  +0.5584006224   4684204  +0.5584006310  +8.542e-09
  6393  +0.5584162123   4684335  +0.5584162474  +3.511e-08
  6394  +0.5584318365   4684466  +0.5584318638  +2.727e-08
  6395  +0.5584474952   4684597  +0.5584474802  -1.503e-08
  6396  +0.5584631885   4684729  +0.5584632158  +2.732e-08
  6397  +0.5584789164   4684861  +0.5584789515  +3.504e-08
  6398  +0.5584946790   4684993  +0.5584946871  +8.062e-09
  6399  +0.5585104764   4685125  +0.5585104227  -5.370e-08
  6400  +0.5585263086   4685258  +0.5585262775  -3.111e-08
  6401  +0.5585421758   4685391  +0.5585421324  -4.345e-08
  6402  +0.5585580780   4685525  +0.5585581064  +2.840e-08
  6403  +0.5585740153   4685658  +0.5585739613  -5.404e-08
  6404  +0.5585899877   4685792  +0.5585899353  -5.244e-08
  6405  +0.5586059954   4685927  +0.5586060286  +3.312e-08
  6406  +0.5586220384   4686061  +0.5586220026  -3.584e-08
  6407  +0.5586381169   4686196  +0.5586380959  -2.100e-08
  6408  +0.5586542308   4686331  +0.5586541891  -4.164e-08
  6409  +0.5586703802   4686467  +0.5586704016  +2.137e-08
  6410  +0.5586865653   4686603  +0.5586866140  +4.875e-08
  6411  +0.5587027861   4686739  +0.5587028265  +4.041e-08
  6412  +0.5587190427   4686875  +0.5587190390  -3.716e-09
  6413  +0.5587353351   4687012  +0.5587353706  +3.549e-08
  6414  +0.5587516636   4687149  +0.5587517023  +3.874e-08
  6415  +0.5587680280   4687286  +0.5587680340  +5.968e-09
  6416  +0.5587844286   4687424  +0.5587844849  +5.629e-08
  6417  +0.5588008653   4687561  +0.5588008165  -4.879e-08
  6418  +0.5588173384   4687700  +0.5588173866  +4.828e-08
  6419  +0.5588338477   4687838  +0.5588338375  -1.022e-08
  6420  +0.5588503935   4687977  +0.5588504076  +1.407e-08
  6421  +0.5588669759   4688116  +0.5588669777  +1.839e-09
  6422  +0.5588835948   4688255  +0.5588835478  -4.698e-08
  6423  +0.5589002504   4688395  +0.5589002371  -1.327e-08
  6424  +0.5589169427   4688535  +0.5589169264  -1.631e-08
  6425  +0.5589336719   4688675  +0.5589336157  -5.619e-08
  6426  +0.5589504380   4688816  +0.5589504242  -1.377e-08
  6427  +0.5589672411   4688957  +0.5589672327  -8.358e-09
  6428  +0.5589840812   4689098  +0.5589840412  -4.003e-08
  6429  +0.5590009586   4689240  +0.5590009689  +1.035e-08
  6430  +0.5590178732   4689382  +0.5590178967  +2.349e-08
  6431  +0.5590348251   4689524  +0.5590348244  -7.088e-10
  6432  +0.5590518144   4689667  +0.5590518713  +5.689e-08
  6433  +0.5590688412   4689809  +0.5590687990  -4.220e-08
  6434  +0.5590859056   4689953  +0.5590859652  +5.954e-08
  6435  +0.5591030077   4690096  +0.5591030121  +4.414e-09
  6436  +0.5591201475   4690240  +0.5591201782  +3.076e-08
  6437  +0.5591373251   4690384  +0.5591373444  +1.927e-08
  6438  +0.5591545406   4690528  +0.5591545105  -3.012e-08
  6439  +0.5591717941   4690673  +0.5591717958  +1.698e-09
  6440  +0.5591890858   4690818  +0.5591890812  -4.559e-09
  6441  +0.5592064155   4690963  +0.5592063665  -4.898e-08
  6442  +0.5592237835   4691109  +0.5592237711  -1.243e-08
  6443  +0.5592411899   4691255  +0.5592411757  -1.422e-08
  6444  +0.5592586346   4691401  +0.5592585802  -5.442e-08
  6445  +0.5592761179   4691548  +0.5592761040  -1.392e-08
  6446  +0.5592936397   4691695  +0.5592936277  -1.200e-08
  6447  +0.5593112003   4691842  +0.5593111515  -4.875e-08
  6448  +0.5593287995   4691990  +0.5593287945  -5.047e-09
  6449  +0.5593464376   4692138  +0.5593464375  -1.880e-10
  6450  +0.5593641147   4692286  +0.5593640804  -3.426e-08
  6451  +0.5593818307   4692435  +0.5593818426  +1.187e-08
  6452  +0.5593995859   4692584  +0.5593996048  +1.889e-08
  6453  +0.5594173803   4692733  +0.5594173670  -1.327e-08
  6454  +0.5594352139   4692883  +0.5594352484  +3.450e-08
  6455  +0.5594530869   4693033  +0.5594531298  +4.291e-08
  6456  +0.5594709993   4693183  +0.5594710112  +1.187e-08
  6457  +0.5594889513   4693333  +0.5594888926  -5.870e-08
  6458  +0.5595069428   4693484  +0.5595068932  -4.969e-08
  6459  +0.5595249741   4693636  +0.5595250130  +3.882e-08
  6460  +0.5595430452   4693787  +0.5595430136  -3.167e-08
  6461  +0.5595611562   4693939  +0.5595611334  -2.285e-08
  6462  +0.5595793072   4694091  +0.5595792532  -5.399e-08
  6463  +0.5595974982   4694244  +0.5595974922  -5.996e-09
  6464  +0.5596157294   4694397  +0.5596157312  +1.850e-09
  6465  +0.5596340008   4694550  +0.5596339703  -3.054e-08
  6466  +0.5596523126   4694704  +0.5596523285  +1.594e-08
  6467  +0.5596706647   4694858  +0.5596706867  +2.201e-08
  6468  +0.5596890574   4695012  +0.5596890450  -1.244e-08
  6469  +0.5597074907   4695167  +0.5597075224  +3.173e-08
  6470  +0.5597259646   4695322  +0.5597259998  +3.521e-08
  6471  +0.5597444794   4695477  +0.5597444773  -2.082e-09
  6472  +0.5597630350   4695633  +0.5597630739  +3.896e-08
  6473  +0.5597816315   4695789  +0.5597816706  +3.905e-08
  6474  +0.5598002691   4695945  +0.5598002672  -1.916e-09
  6475  +0.5598189479   4696102  +0.5598189831  +3.519e-08
  6476  +0.5598376679   4696259  +0.5598376989  +3.106e-08
  6477  +0.5598564292   4696416  +0.5598564148  -1.439e-08
  6478  +0.5598752319   4696574  +0.5598752499  +1.796e-08
  6479  +0.5598940761   4696732  +0.5598940849  +8.803e-09
  6480  +0.5599129620   4696890  +0.5599129200  -4.195e-08
  6481  +0.5599318895   4697049  +0.5599318743  -1.519e-08
  6482  +0.5599508588   4697208  +0.5599508286  -3.021e-08
  6483  +0.5599698699   4697368  +0.5599699020  +3.211e-08
  6484  +0.5599889231   4697528  +0.5599889755  +5.246e-08
  6485  +0.5600080183   4697688  +0.5600080490  +3.075e-08
  6486  +0.5600271556   4697848  +0.5600271225  -3.311e-08
  6487  +0.5600463352   4698009  +0.5600463152  -2.001e-08
  6488  +0.5600655571   4698170  +0.5600655079  -4.925e-08
  6489  +0.5600848215   4698332  +0.5600848198  -1.711e-09
  6490  +0.5601041284   4698494  +0.5601041317  +3.299e-09
  6491  +0.5601234779   4698656  +0.5601234436  -3.431e-08
  6492  +0.5601428701   4698819  +0.5601428747  +4.569e-09
  6493  +0.5601623052   4698982  +0.5601623058  +6.400e-10
  6494  +0.5601817831   4699145  +0.5601817369  -4.619e-08
  6495  +0.5602013041   4699309  +0.5602012873  -1.682e-08
  6496  +0.5602208681   4699473  +0.5602208376  -3.054e-08
  6497  +0.5602404754   4699638  +0.5602405071  +3.176e-08
  6498  +0.5602601259   4699803  +0.5602601767  +5.077e-08
  6499  +0.5602798198   4699968  +0.5602798462  +2.640e-08
  6500  +0.5602995572   4700133  +0.5602995157  -4.145e-08
  6501  +0.5603193381   4700299  +0.5603193045  -3.366e-08
  6502  +0.5603391628   4700466  +0.5603392124  +4.967e-08
  6503  +0.5603590311   4700632  +0.5603590012  -2.999e-08
  6504  +0.5603789434   4700799  +0.5603789091  -3.429e-08
  6505  +0.5603988996   4700967  +0.5603989363  +3.665e-08
  6506  +0.5604188999   4701134  +0.5604188442  -5.568e-08
  6507  +0.5604389443   4701303  +0.5604389906  +4.625e-08
  6508  +0.5604590330   4701471  +0.5604590178  -1.528e-08
  6509  +0.5604791661   4701640  +0.5604791641  -1.949e-09
  6510  +0.5604993436   4701809  +0.5604993105  -3.307e-08
  6511  +0.5605195656   4701979  +0.5605195761  +1.046e-08
  6512  +0.5605398323   4702149  +0.5605398417  +9.355e-09
  6513  +0.5605601437   4702319  +0.5605601072  -3.650e-08
  6514  +0.5605805000   4702490  +0.5605804920  -7.995e-09
  6515  +0.5606009012   4702661  +0.5606008768  -2.443e-08
  6516  +0.5606213475   4702833  +0.5606213808  +3.329e-08
  6517  +0.5606418389   4703005  +0.5606418848  +4.588e-08
  6518  +0.5606623756   4703177  +0.5606623888  +1.322e-08
  6519  +0.5606829576   4703350  +0.5606830120  +5.442e-08
  6520  +0.5607035850   4703523  +0.5607036352  +5.018e-08
  6521  +0.5607242580   4703696  +0.5607242584  +3.950e-10
  6522  +0.5607449767   4703870  +0.5607450008  +2.417e-08
  6523  +0.5607657411   4704044  +0.5607657433  +2.202e-09
  6524  +0.5607865513   4704219  +0.5607866049  +5.359e-08
  6525  +0.5608074075   4704394  +0.5608074665  +5.903e-08
  6526  +0.5608283097   4704569  +0.5608283281  +1.842e-08
  6527  +0.5608492581   4704745  +0.5608493090  +5.087e-08
  6528  +0.5608702527   4704921  +0.5608702898  +3.705e-08
  6529  +0.5608912938   4705097  +0.5608912706  -2.312e-08
  6530  +0.5609123812   4705274  +0.5609123707  -1.054e-08
  6531  +0.5609335153   4705451  +0.5609334707  -4.453e-08
  6532  +0.5609546960   4705629  +0.5609546900  -5.971e-09
  6533  +0.5609759234   4705807  +0.5609759092  -1.419e-08
  6534  +0.5609971978   4705986  +0.5609972477  +4.993e-08
  6535  +0.5610185191   4706164  +0.5610184669  -5.214e-08
  6536  +0.5610398875   4706344  +0.5610399246  +3.713e-08
  6537  +0.5610613031   4706523  +0.5610612631  -3.999e-08
  6538  +0.5610827660   4706703  +0.5610827208  -4.520e-08
  6539  +0.5611042762   4706884  +0.5611042976  +2.140e-08
  6540  +0.5611258340   4707065  +0.5611258745  +4.050e-08
  6541  +0.5611474394   4707246  +0.5611474514  +1.200e-08
  6542  +0.5611690925   4707428  +0.5611691475  +5.500e-08
  6543  +0.5611907934   4707610  +0.5611908436  +5.018e-08
  6544  +0.5612125422   4707792  +0.5612125397  -2.568e-09
  6545  +0.5612343391   4707975  +0.5612343550  +1.587e-08
  6546  +0.5612561841   4708158  +0.5612561703  -1.383e-08
  6547  +0.5612780773   4708342  +0.5612781048  +2.743e-08
  6548  +0.5613000189   4708526  +0.5613000393  +2.035e-08
  6549  +0.5613220090   4708710  +0.5613219738  -3.519e-08
  6550  +0.5613440476   4708895  +0.5613440275  -2.008e-08
  6551  +0.5613661349   4709080  +0.5613660812  -5.365e-08
  6552  +0.5613882709   4709266  +0.5613882542  -1.678e-08
  6553  +0.5614104559   4709452  +0.5614104271  -2.880e-08
  6554  +0.5614326898   4709639  +0.5614327192  +2.939e-08
  6555  +0.5614549729   4709826  +0.5614550114  +3.848e-08
  6556  +0.5614773052   4710013  +0.5614773035  -1.648e-09
  6557  +0.5614996867   4710201  +0.5614997149  +2.811e-08
  6558  +0.5615221178   4710389  +0.5615221262  +8.445e-09
  6559  +0.5615445983   4710578  +0.5615446568  +5.844e-08
  6560  +0.5615671285   4710767  +0.5615671873  +5.879e-08
  6561  +0.5615897085   4710956  +0.5615897179  +9.381e-09
  6562  +0.5616123383   4711146  +0.5616123676  +2.931e-08
  6563  +0.5616350181   4711336  +0.5616350174  -7.473e-10
  6564  +0.5616577481   4711527  +0.5616577864  +3.831e-08
  6565  +0.5616805282   4711718  +0.5616805553  +2.717e-08
  6566  +0.5617033586   4711909  +0.5617033243  -3.428e-08
  6567  +0.5617262395   4712101  +0.5617262125  -2.695e-08
  6568  +0.5617491709   4712294  +0.5617492199  +4.904e-08
  6569  +0.5617721529   4712486  +0.5617721081  -4.482e-08
  6570  +0.5617951857   4712680  +0.5617952347  +4.898e-08
  6571  +0.5618182694   4712873  +0.5618182421  -2.731e-08
  6572  +0.5618414040   4713067  +0.5618413687  -3.537e-08
  6573  +0.5618645898   4713262  +0.5618646145  +2.467e-08
  6574  +0.5618878268   4713457  +0.5618878603  +3.350e-08
  6575  +0.5619111151   4713652  +0.5619111061  -8.997e-09
  6576  +0.5619344549   4713848  +0.5619344711  +1.627e-08
  6577  +0.5619578462   4714044  +0.5619578362  -1.001e-08
  6578  +0.5619812891   4714241  +0.5619813204  +3.125e-08
  6579  +0.5620047839   4714438  +0.5620048046  +2.072e-08
  6580  +0.5620283306   4714635  +0.5620282888  -4.171e-08
  6581  +0.5620519292   4714833  +0.5620518923  -3.694e-08
  6582  +0.5620755800   4715032  +0.5620756149  +3.491e-08
  6583  +0.5620992831   4715231  +0.5620993376  +5.451e-08
  6584  +0.5621230385   4715430  +0.5621230602  +2.176e-08
  6585  +0.5621468464   4715630  +0.5621469021  +5.573e-08
  6586  +0.5621707068   4715830  +0.5621707439  +3.712e-08
  6587  +0.5621946200   4716030  +0.5621945858  -3.421e-08
  6588  +0.5622185860   4716231  +0.5622185469  -3.915e-08
  6589  +0.5622426050   4716433  +0.5622426271  +2.217e-08
  6590  +0.5622666770   4716635  +0.5622667074  +3.044e-08
  6591  +0.5622908022   4716837  +0.5622907877  -1.448e-08
  6592  +0.5623149807   4717040  +0.5623149872  +6.517e-09
  6593  +0.5623392126   4717243  +0.5623391867  -2.590e-08
  6594  +0.5623634980   4717447  +0.5623635054  +7.357e-09
  6595  +0.5623878371   4717651  +0.5623878241  -1.304e-08
  6596  +0.5624122300   4717856  +0.5624122620  +3.201e-08
  6597  +0.5624366767   4718061  +0.5624366999  +2.316e-08
  6598  +0.5624611775   4718266  +0.5624611378  -3.969e-08
  6599  +0.5624857324   4718472  +0.5624856949  -3.747e-08
  6600  +0.5625103415   4718679  +0.5625103712  +2.972e-08
  6601  +0.5625350050   4718886  +0.5625350475  +4.254e-08
  6602  +0.5625597230   4719093  +0.5625597239  +8.606e-10
  6603  +0.5625844956   4719301  +0.5625845194  +2.378e-08
  6604  +0.5626093229   4719509  +0.5626093149  -8.025e-09
  6605  +0.5626342051   4719718  +0.5626342297  +2.452e-08
  6606  +0.5626591423   4719927  +0.5626591444  +2.093e-09
  6607  +0.5626841346   4720137  +0.5626841784  +4.378e-08
  6608  +0.5627091821   4720347  +0.5627092123  +3.024e-08
  6609  +0.5627342849   4720557  +0.5627342463  -3.864e-08
  6610  +0.5627594432   4720768  +0.5627593994  -4.377e-08
  6611  +0.5627846571   4720980  +0.5627846718  +1.472e-08
  6612  +0.5628099267   4721192  +0.5628099442  +1.749e-08
  6613  +0.5628352521   4721404  +0.5628352165  -3.557e-08
  6614  +0.5628606335   4721617  +0.5628606081  -2.537e-08
  6615  +0.5628860709   4721831  +0.5628861189  +4.795e-08
  6616  +0.5629115646   4722044  +0.5629115105  -5.415e-08
  6617  +0.5629371146   4722259  +0.5629371405  +2.584e-08
  6618  +0.5629627211   4722474  +0.5629627705  +4.937e-08
  6619  +0.5629883841   4722689  +0.5629884005  +1.632e-08
  6620  +0.5630141039   4722905  +0.5630141497  +4.577e-08
  6621  +0.5630398805   4723121  +0.5630398989  +1.839e-08
  6622  +0.5630657140   4723338  +0.5630657673  +5.326e-08
  6623  +0.5630916047   4723555  +0.5630916357  +3.104e-08
  6624  +0.5631175525   4723772  +0.5631175041  -4.839e-08
  6625  +0.5631435577   4723991  +0.5631436110  +5.326e-08
  6626  +0.5631696204   4724209  +0.5631695986  -2.177e-08
  6627  +0.5631957406   4724428  +0.5631957054  -3.518e-08
  6628  +0.5632219186   4724648  +0.5632219315  +1.289e-08
  6629  +0.5632481544   4724868  +0.5632481575  +3.113e-09
  6630  +0.5632744482   4725089  +0.5632745028  +5.457e-08
  6631  +0.5633008001   4725310  +0.5633008480  +4.791e-08
  6632  +0.5633272102   4725531  +0.5633271933  -1.698e-08
  6633  +0.5633536787   4725753  +0.5633536577  -2.102e-08
  6634  +0.5633802057   4725976  +0.5633802414  +3.565e-08
  6635  +0.5634067914   4726199  +0.5634068251  +3.369e-08
  6636  +0.5634334358   4726422  +0.5634334087  -2.702e-08
  6637  +0.5634601390   4726646  +0.5634601116  -2.741e-08
  6638  +0.5634869013   4726871  +0.5634869337  +3.239e-08
  6639  +0.5635137227   4727096  +0.5635137558  +3.305e-08
  6640  +0.5635406035   4727321  +0.5635405779  -2.557e-08
  6641  +0.5635675436   4727547  +0.5635675192  -2.439e-08
  6642  +0.5635945432   4727774  +0.5635945797  +3.645e-08
  6643  +0.5636216026   4728001  +0.5636216402  +3.762e-08
  6644  +0.5636487217   4728228  +0.5636487007  -2.101e-08
  6645  +0.5636759008   4728456  +0.5636758804  -2.038e-08
  6646  +0.5637031400   4728685  +0.5637031794  +3.939e-08
  6647  +0.5637304393   4728914  +0.5637304783  +3.896e-08
  6648  +0.5637577990   4729143  +0.5637577772  -2.182e-08
  6649  +0.5637852192   4729373  +0.5637851954  -2.386e-08
  6650  +0.5638127000   4729604  +0.5638127327  +3.270e-08
  6651  +0.5638402415   4729835  +0.5638402700  +2.852e-08
  6652  +0.5638678439   4730066  +0.5638678074  -3.653e-08
  6653  +0.5638955073   4730298  +0.5638954639  -4.340e-08
  6654  +0.5639232319   4730531  +0.5639232397  +7.804e-09
  6655  +0.5639510178   4730764  +0.5639510155  -2.280e-09
  6656  +0.5639788650   4730998  +0.5639789104  +4.543e-08
  6657  +0.5640067738   4731232  +0.5640068054  +3.158e-08
  6658  +0.5640347444   4731466  +0.5640347004  -4.397e-08
  6659  +0.5640627767   4731702  +0.5640628338  +5.708e-08
  6660  +0.5640908710   4731937  +0.5640908480  -2.306e-08
  6661  +0.5641190274   4732173  +0.5641189814  -4.608e-08
  6662  +0.5641472461   4732410  +0.5641472340  -1.214e-08
  6663  +0.5641755272   4732647  +0.5641754866  -4.059e-08
  6664  +0.5642038707   4732885  +0.5642038584  -1.234e-08
  6665  +0.5642322769   4733123  +0.5642322302  -4.675e-08
  6666  +0.5642607460   4733362  +0.5642607212  -2.475e-08
  6667  +0.5642892779   4733602  +0.5642893314  +5.352e-08
  6668  +0.5643178730   4733841  +0.5643178225  -5.049e-08
  6669  +0.5643465312   4734082  +0.5643465519  +2.069e-08
  6670  +0.5643752528   4734323  +0.5643752813  +2.852e-08
  6671  +0.5644040379   4734564  +0.5644040108  -2.715e-08
  6672  +0.5644328867   4734806  +0.5644328594  -2.725e-08
  6673  +0.5644617992   4735049  +0.5644618273  +2.808e-08
  6674  +0.5644907756   4735292  +0.5644907951  +1.949e-08
  6675  +0.5645198162   4735535  +0.5645197630  -5.317e-08
  6676  +0.5645489209   4735780  +0.5645489693  +4.838e-08
  6677  +0.5645780900   4736024  +0.5645780563  -3.363e-08
  6678  +0.5646073235   4736270  +0.5646073818  +5.829e-08
  6679  +0.5646366217   4736515  +0.5646365881  -3.363e-08
  6680  +0.5646659847   4736762  +0.5646660328  +4.808e-08
  6681  +0.5646954126   4737008  +0.5646953583  -5.434e-08
  6682  +0.5647249056   4737256  +0.5647249222  +1.659e-08
  6683  +0.5647544638   4737504  +0.5647544861  +2.231e-08
  6684  +0.5647840873   4737752  +0.5647840500  -3.733e-08
  6685  +0.5648137764   4738001  +0.5648137331  -4.326e-08
  6686  +0.5648435311   4738251  +0.5648435354  +4.369e-09
  6687  +0.5648733515   4738501  +0.5648733377  -1.380e-08
  6688  +0.5649032380   4738752  +0.5649032593  +2.131e-08
  6689  +0.5649331905   4739003  +0.5649331808  -9.677e-09
  6690  +0.5649632092   4739255  +0.5649632215  +1.231e-08
  6691  +0.5649932944   4739507  +0.5649932623  -3.207e-08
  6692  +0.5650234460   4739760  +0.5650234222  -2.378e-08
  6693  +0.5650536644   4740014  +0.5650537014  +3.704e-08
  6694  +0.5650839495   4740268  +0.5650839806  +3.104e-08
  6695  +0.5651143017   4740522  +0.5651142597  -4.193e-08
  6696  +0.5651447209   4740778  +0.5651447773  +5.639e-08
  6697  +0.5651752074   4741033  +0.5651751757  -3.177e-08
  6698  +0.5652057614   4741290  +0.5652058125  +5.107e-08
  6699  +0.5652363829   4741546  +0.5652363300  -5.287e-08
  6700  +0.5652670721   4741804  +0.5652670860  +1.388e-08
  6701  +0.5652978293   4742062  +0.5652978420  +1.277e-08
  6702  +0.5653286544   4742320  +0.5653285980  -5.637e-08
  6703  +0.5653595477   4742580  +0.5653595924  +4.473e-08
  6704  +0.5653905093   4742839  +0.5653904676  -4.170e-08
  6705  +0.5654215395   4743100  +0.5654215813  +4.181e-08
  6706  +0.5654526382   4743361  +0.5654526949  +5.670e-08
  6707  +0.5654838057   4743622  +0.5654838085  +2.796e-09
  6708  +0.5655150422   4743884  +0.5655150414  -8.308e-10
  6709  +0.5655463477   4744147  +0.5655463934  +4.566e-08
  6710  +0.5655777225   4744410  +0.5655777454  +2.291e-08
  6711  +0.5656091667   4744674  +0.5656092167  +4.998e-08
  6712  +0.5656406805   4744938  +0.5656406879  +7.492e-09
  6713  +0.5656722639   4745203  +0.5656722784  +1.451e-08
  6714  +0.5657039172   4745468  +0.5657038689  -4.833e-08
  6715  +0.5657356405   4745735  +0.5657356977  +5.722e-08
  6716  +0.5657674340   4746001  +0.5657674074  -2.660e-08
  6717  +0.5657992978   4746269  +0.5657993555  +5.767e-08
  6718  +0.5658312321   4746536  +0.5658311844  -4.775e-08
  6719  +0.5658632371   4746805  +0.5658632517  +1.460e-08
  6720  +0.5658953128   4747074  +0.5658953190  +6.153e-09
  6721  +0.5659274595   4747344  +0.5659275055  +4.596e-08
  6722  +0.5659596773   4747614  +0.5659596920  +1.465e-08
  6723  +0.5659919664   4747885  +0.5659919977  +3.129e-08
  6724  +0.5660243270   4748156  +0.5660243034  -2.351e-08
  6725  +0.5660567591   4748428  +0.5660567284  -3.069e-08
  6726  +0.5660892629   4748701  +0.5660892725  +9.587e-09
  6727  +0.5661218387   4748974  +0.5661218166  -2.204e-08
  6728  +0.5661544865   4749248  +0.5661544800  -6.528e-09
  6729  +0.5661872066   4749523  +0.5661872625  +5.597e-08
  6730  +0.5662199990   4749798  +0.5662200451  +4.607e-08
  6731  +0.5662528640   4750073  +0.5662528276  -3.638e-08
  6732  +0.5662858017   4750350  +0.5662858486  +4.688e-08
  6733  +0.5663188123   4750627  +0.5663188696  +5.727e-08
  6734  +0.5663518959   4750904  +0.5663518906  -5.384e-09
  6735  +0.5663850528   4751182  +0.5663850307  -2.203e-08
  6736  +0.5664182830   4751461  +0.5664182901  +7.181e-09
  6737  +0.5664515867   4751740  +0.5664515495  -3.714e-08
  6738  +0.5664849641   4752020  +0.5664849281  -3.594e-08
  6739  +0.5665184153   4752301  +0.5665184259  +1.062e-08
  6740  +0.5665519406   4752582  +0.5665519238  -1.684e-08
  6741  +0.5665855400   4752864  +0.5665855408  +7.305e-10
  6742  +0.5666192138   4753146  +0.5666191578  -5.605e-08
  6743  +0.5666529622   4753430  +0.5666530132  +5.108e-08
  6744  +0.5666867851   4753713  +0.5666867495  -3.568e-08
  6745  +0.5667206830   4753998  +0.5667207241  +4.113e-08
  6746  +0.5667546558   4754283  +0.5667546988  +4.293e-08
  6747  +0.5667887039   4754568  +0.5667886734  -3.045e-08
  6748  +0.5668228272   4754855  +0.5668228865  +5.924e-08
  6749  +0.5668570261   4755141  +0.5668569803  -4.579e-08
  6750  +0.5668913007   4755429  +0.5668913126  +1.192e-08
  6751  +0.5669256511   4755717  +0.5669256449  -6.229e-09
  6752  +0.5669600775   4756006  +0.5669600964  +1.882e-08
  6753  +0.5669945802   4756295  +0.5669945478  -3.233e-08
  6754  +0.5670291592   4756585  +0.5670291185  -4.062e-08
  6755  +0.5670638147   4756876  +0.5670638084  -6.235e-09
  6756  +0.5670985469   4757167  +0.5670984983  -4.855e-08
  6757  +0.5671333560   4757459  +0.5671333075  -4.852e-08
  6758  +0.5671682421   4757752  +0.5671682358  -6.328e-09
  6759  +0.5672032054   4758045  +0.5672031641  -4.135e-08
  6760  +0.5672382462   4758339  +0.5672382116  -3.454e-08
  6761  +0.5672733645   4758634  +0.5672733784  +1.391e-08
  6762  +0.5673085605   4758929  +0.5673085451  -1.536e-08
  6763  +0.5673438344   4759225  +0.5673438311  -3.327e-09
  6764  +0.5673791864   4759522  +0.5673792362  +4.984e-08
  6765  +0.5674146166   4759819  +0.5674146414  +2.475e-08
  6766  +0.5674501253   4760117  +0.5674501657  +4.045e-08
  6767  +0.5674857126   4760415  +0.5674856901  -2.246e-08
  6768  +0.5675213786   4760714  +0.5675213337  -4.493e-08
  6769  +0.5675571236   4761014  +0.5675570965  -2.714e-08
  6770  +0.5675929477   4761315  +0.5675929785  +3.073e-08
  6771  +0.5676288512   4761616  +0.5676288605  +9.294e-09
  6772  +0.5676648341   4761918  +0.5676648617  +2.759e-08
  6773  +0.5677008967   4762220  +0.5677008629  -3.377e-08
  6774  +0.5677370391   4762523  +0.5677369833  -5.576e-08
  6775  +0.5677732615   4762827  +0.5677732229  -3.855e-08
  6776  +0.5678095641   4763132  +0.5678095818  +1.767e-08
  6777  +0.5678459471   4763437  +0.5678459406  -6.470e-09
  6778  +0.5678824106   4763743  +0.5678824186  +8.046e-09
  6779  +0.5679189548   4764049  +0.5679188967  -5.817e-08
  6780  +0.5679555800   4764357  +0.5679556131  +3.313e-08
  6781  +0.5679922863   4764665  +0.5679923296  +4.334e-08
  6782  +0.5680290738   4764973  +0.5680290461  -2.773e-08
  6783  +0.5680659428   4765283  +0.5680660009  +5.818e-08
  6784  +0.5681028934   4765592  +0.5681028366  -5.676e-08
  6785  +0.5681399258   4765903  +0.5681399107  -1.510e-08
  6786  +0.5681770402   4766214  +0.5681769848  -5.543e-08
  6787  +0.5682142368   4766526  +0.5682141781  -5.873e-08
  6788  +0.5682515158   4766839  +0.5682514906  -2.519e-08
  6789  +0.5682888773   4767153  +0.5682889223  +4.501e-08
  6790  +0.5683263215   4767467  +0.5683263540  +3.248e-08
  6791  +0.5683638487   4767782  +0.5683639050  +5.625e-08
  6792  +0.5684014590   4768097  +0.5684014559  -3.088e-09
  6793  +0.5684391525   4768413  +0.5684391260  -2.650e-08
  6794  +0.5684769295   4768730  +0.5684769154  -1.418e-08
  6795  +0.5685147902   4769048  +0.5685148239  +3.369e-08
  6796  +0.5685527347   4769366  +0.5685527325  -2.277e-09
  6797  +0.5685907633   4769685  +0.5685907602  -3.073e-09
  6798  +0.5686288761   4770005  +0.5686289072  +3.112e-08
  6799  +0.5686670733   4770325  +0.5686670542  -1.909e-08
  6800  +0.5687053551   4770646  +0.5687053204  -3.469e-08
  6801  +0.5687437216   4770968  +0.5687437057  -1.587e-08
  6802  +0.5687821732   4771291  +0.5687822104  +3.719e-08
  6803  +0.5688207099   4771614  +0.5688207150  +5.083e-09
  6804  +0.5688593319   4771938  +0.5688593388  +6.832e-09
  6805  +0.5688980395   4772263  +0.5688980818  +4.225e-08
  6806  +0.5689368329   4772588  +0.5689368248  -8.075e-09
  6807  +0.5689757121   4772914  +0.5689756870  -2.511e-08
  6808  +0.5690146775   4773241  +0.5690146685  -9.063e-09
  6809  +0.5690537292   4773569  +0.5690537691  +3.989e-08
  6810  +0.5690928674   4773897  +0.5690928698  +2.333e-09
  6811  +0.5691320923   4774226  +0.5691320896  -2.709e-09
  6812  +0.5691714041   4774556  +0.5691714287  +2.457e-08
  6813  +0.5692108030   4774886  +0.5692107677  -3.524e-08
  6814  +0.5692502891   4775218  +0.5692503452  +5.609e-08
  6815  +0.5692898628   4775549  +0.5692898035  -5.926e-08
  6816  +0.5693295241   4775882  +0.5693295002  -2.386e-08
  6817  +0.5693692732   4776216  +0.5693693161  +4.288e-08
  6818  +0.5694091104   4776550  +0.5694091320  +2.157e-08
  6819  +0.5694490359   4776885  +0.5694490671  +3.120e-08
  6820  +0.5694890499   4777220  +0.5694890022  -4.762e-08
  6821  +0.5695291524   4777557  +0.5695291758  +2.332e-08
  6822  +0.5695693439   4777894  +0.5695693493  +5.412e-09
  6823  +0.5696096244   4778232  +0.5696096420  +1.766e-08
  6824  +0.5696499941   4778570  +0.5696499348  -5.933e-08
  6825  +0.5696904533   4778910  +0.5696904659  +1.264e-08
  6826  +0.5697310021   4779250  +0.5697309971  -5.027e-09
  6827  +0.5697716408   4779591  +0.5697716475  +6.663e-09
  6828  +0.5698123695   4779933  +0.5698124170  +4.751e-08
  6829  +0.5698531885   4780275  +0.5698531866  -1.886e-09
  6830  +0.5698940979   4780618  +0.5698940754  -2.253e-08
  6831  +0.5699350980   4780962  +0.5699350834  -1.461e-08
  6832  +0.5699761889   4781307  +0.5699762106  +2.165e-08
  6833  +0.5700173709   4781652  +0.5700173378  -3.314e-08
  6834  +0.5700586442   4781999  +0.5700587034  +5.923e-08
  6835  +0.5701000089   4782345  +0.5700999498  -5.909e-08
  6836  +0.5701414653   4782693  +0.5701414347  -3.065e-08
  6837  +0.5701830136   4783042  +0.5701830387  +2.512e-08
  6838  +0.5702246539   4783391  +0.5702246428  -1.120e-08
  6839  +0.5702663866   4783741  +0.5702663660  -2.059e-08
  6840  +0.5703082117   4784092  +0.5703082085  -3.264e-09
  6841  +0.5703501296   4784444  +0.5703501701  +4.057e-08
  6842  +0.5703921403   4784796  +0.5703921318  -8.507e-09
  6843  +0.5704342442   4785149  +0.5704342127  -3.149e-08
  6844  +0.5704764414   4785503  +0.5704764128  -2.859e-08
  6845  +0.5705187321   4785858  +0.5705187321  -5.159e-12
  6846  +0.5705611165   4786214  +0.5705611706  +5.404e-08
  6847  +0.5706035949   4786570  +0.5706036091  +1.414e-08
  6848  +0.5706461675   4786927  +0.5706461668  -7.179e-10
  6849  +0.5706888345   4787285  +0.5706888437  +9.263e-09
  6850  +0.5707315960   4787644  +0.5707316399  +4.387e-08
  6851  +0.5707744523   4788003  +0.5707744360  -1.632e-08
  6852  +0.5708174036   4788363  +0.5708173513  -5.231e-08
  6853  +0.5708604502   4788725  +0.5708605051  +5.491e-08
  6854  +0.5709035922   4789086  +0.5709035397  -5.252e-08
  6855  +0.5709468298   4789449  +0.5709468126  -1.718e-08
  6856  +0.5709901633   4789813  +0.5709902048  +4.151e-08
  6857  +0.5710335929   4790177  +0.5710335970  +4.130e-09
  6858  +0.5710771187   4790542  +0.5710771084  -1.033e-08
  6859  +0.5711207411   4790908  +0.5711207390  -2.093e-09
  6860  +0.5711644602   4791275  +0.5711644888  +2.864e-08
  6861  +0.5712082762   4791642  +0.5712082386  -3.757e-08
  6862  +0.5712521893   4792011  +0.5712522268  +3.748e-08
  6863  +0.5712961999   4792380  +0.5712962151  +1.516e-08
  6864  +0.5713403080   4792750  +0.5713403225  +1.446e-08
  6865  +0.5713845140   4793121  +0.5713845491  +3.516e-08
  6866  +0.5714288179   4793492  +0.5714287758  -4.216e-08
  6867  +0.5714732202   4793865  +0.5714732409  +2.068e-08
  6868  +0.5715177209   4794238  +0.5715177059  -1.494e-08
  6869  +0.5715623202   4794612  +0.5715622902  -3.004e-08
  6870  +0.5716070185   4794987  +0.5716069937  -2.484e-08
  6871  +0.5716518159   4795363  +0.5716518164  +4.382e-10
  6872  +0.5716967127   4795740  +0.5716967583  +4.557e-08
  6873  +0.5717417090   4796117  +0.5717417002  -8.866e-09
  6874  +0.5717868052   4796495  +0.5717867613  -4.389e-08
  6875  +0.5718320013   4796875  +0.5718320608  +5.948e-08
  6876  +0.5718772977   4797254  +0.5718772411  -5.661e-08
  6877  +0.5719226946   4797635  +0.5719226599  -3.475e-08
  6878  +0.5719681922   4798017  +0.5719681978  +5.629e-09
  6879  +0.5720137907   4798399  +0.5720137358  -5.492e-08
  6880  +0.5720594903   4798783  +0.5720595121  +2.181e-08
  6881  +0.5721052913   4799167  +0.5721052885  -2.835e-09
  6882  +0.5721511940   4799552  +0.5721511841  -9.873e-09
  6883  +0.5721971984   4799938  +0.5721971989  +4.700e-10
  6884  +0.5722433049   4800325  +0.5722433329  +2.797e-08
  6885  +0.5722895137   4800712  +0.5722894669  -4.683e-08
  6886  +0.5723358250   4801101  +0.5723358393  +1.429e-08
  6887  +0.5723822390   4801490  +0.5723822117  -2.734e-08
  6888  +0.5724287560   4801880  +0.5724287033  -5.274e-08
  6889  +0.5724753763   4802272  +0.5724754333  +5.708e-08
  6890  +0.5725220999   4802663  +0.5725220442  -5.576e-08
  6891  +0.5725689273   4803056  +0.5725688934  -3.384e-08
  6892  +0.5726158585   4803450  +0.5726158619  +3.389e-09
  6893  +0.5726628939   4803845  +0.5726629496  +5.569e-08
  6894  +0.5727100336   4804240  +0.5727100372  +3.622e-09
  6895  +0.5727572779   4804636  +0.5727572441  -3.384e-08
  6896  +0.5728046271   4805033  +0.5728045702  -5.693e-08
  6897  +0.5728520814   4805432  +0.5728521347  +5.333e-08
  6898  +0.5728996409   4805831  +0.5728996992  +5.828e-08
  6899  +0.5729473060   4806230  +0.5729472637  -4.231e-08
  6900  +0.5729950769   4806631  +0.5729950666  -1.027e-08
  6901  +0.5730429538   4807033  +0.5730429888  +3.497e-08
  6902  +0.5730909370   4807435  +0.5730909109  -2.605e-08
  6903  +0.5731390266   4807839  +0.5731390715  +4.485e-08
  6904  +0.5731872230   4808243  +0.5731872320  +9.020e-09
  6905  +0.5732355264   4808648  +0.5732355118  -1.457e-08
  6906  +0.5732839369   4809054  +0.5732839108  -2.617e-08
  6907  +0.5733324549   4809461  +0.5733324289  -2.601e-08
  6908  +0.5733810807   4809869  +0.5733810663  -1.434e-08
  6909  +0.5734298143   4810278  +0.5734298229  +8.604e-09
  6910  +0.5734786562   4810688  +0.5734786987  +4.258e-08
  6911  +0.5735276064   4811098  +0.5735275745  -3.187e-08
  6912  +0.5735766653   4811510  +0.5735766888  +2.344e-08
  6913  +0.5736258332   4811922  +0.5736258030  -3.016e-08
  6914  +0.5736751101   4812336  +0.5736751556  +4.550e-08
  6915  +0.5737244965   4812750  +0.5737245083  +1.176e-08
  6916  +0.5737739926   4813165  +0.5737739801  -1.241e-08
  6917  +0.5738235985   4813581  +0.5738235712  -2.727e-08
  6918  +0.5738733145   4813998  +0.5738732815  -3.305e-08
  6919  +0.5739231410   4814416  +0.5739231110  -3.001e-08
  6920  +0.5739730780   4814835  +0.5739730597  -1.839e-08
  6921  +0.5740231260   4815255  +0.5740231276  +1.553e-09
  6922  +0.5740732851   4815676  +0.5740733147  +2.958e-08
  6923  +0.5741235556   4816097  +0.5741235018  -5.378e-08
  6924  +0.5741739377   4816520  +0.5741739273  -1.035e-08
  6925  +0.5742244316   4816944  +0.5742244720  +4.041e-08
  6926  +0.5742750378   4817368  +0.5742750168  -2.097e-08
  6927  +0.5743257563   4817794  +0.5743257999  +4.369e-08
  6928  +0.5743765874   4818220  +0.5743765831  -4.291e-09
  6929  +0.5744275314   4818647  +0.5744274855  -4.595e-08
  6930  +0.5744785886   4819076  +0.5744786263  +3.766e-08
  6931  +0.5745297592   4819505  +0.5745297670  +7.872e-09
  6932  +0.5745810434   4819935  +0.5745810270  -1.636e-08
  6933  +0.5746324415   4820366  +0.5746324062  -3.529e-08
  6934  +0.5746839538   4820798  +0.5746839046  -4.918e-08
  6935  +0.5747355806   4821231  +0.5747355223  -5.828e-08
  6936  +0.5747873220   4821666  +0.5747873783  +5.635e-08
  6937  +0.5748391783   4822101  +0.5748392344  +5.605e-08
  6938  +0.5748911498   4822536  +0.5748910904  -5.945e-08
  6939  +0.5749432368   4822973  +0.5749431849  -5.198e-08
  6940  +0.5749954395   4823411  +0.5749953985  -4.102e-08
  6941  +0.5750477582   4823850  +0.5750477314  -2.683e-08
  6942  +0.5751001932   4824290  +0.5751001835  -9.667e-09
  6943  +0.5751527446   4824731  +0.5751527548  +1.021e-08
  6944  +0.5752054128   4825173  +0.5752054453  +3.253e-08
  6945  +0.5752581980   4825616  +0.5752582550  +5.704e-08
  6946  +0.5753111005   4826059  +0.5753110647  -3.573e-08
  6947  +0.5753641205   4826504  +0.5753641129  -7.638e-09
  6948  +0.5754172583   4826950  +0.5754172802  +2.185e-08
  6949  +0.5754705143   4827397  +0.5754705667  +5.246e-08
  6950  +0.5755238886   4827844  +0.5755238533  -3.527e-08
  6951  +0.5755773815   4828293  +0.5755773783  -3.190e-09
  6952  +0.5756309932   4828743  +0.5756310225  +2.921e-08
  6953  +0.5756847242   4829193  +0.5756846666  -5.753e-08
  6954  +0.5757385745   4829645  +0.5757385492  -2.527e-08
  6955  +0.5757925445   4830098  +0.5757925510  +6.518e-09
  6956  +0.5758466345   4830552  +0.5758466721  +3.756e-08
  6957  +0.5759008447   4831006  +0.5759007931  -5.163e-08
  6958  +0.5759551754   4831462  +0.5759551525  -2.289e-08
  6959  +0.5760096269   4831919  +0.5760096312  +4.293e-09
  6960  +0.5760641994   4832377  +0.5760642290  +2.964e-08
  6961  +0.5761188932   4832836  +0.5761189461  +5.289e-08
  6962  +0.5761737086   4833295  +0.5761736631  -4.544e-08
  6963  +0.5762286458   4833756  +0.5762286186  -2.722e-08
  6964  +0.5762837052   4834218  +0.5762836933  -1.192e-08
  6965  +0.5763388870   4834681  +0.5763388872  +1.776e-10
  6966  +0.5763941915   4835145  +0.5763942003  +8.801e-09
  6967  +0.5764496190   4835610  +0.5764496326  +1.367e-08
  6968  +0.5765051697   4836076  +0.5765051842  +1.451e-08
  6969  +0.5765608439   4836543  +0.5765608549  +1.105e-08
  6970  +0.5766166419   4837011  +0.5766166449  +2.995e-09
  6971  +0.5766725639   4837480  +0.5766725540  -9.922e-09
  6972  +0.5767286104   4837950  +0.5767285824  -2.798e-08
  6973  +0.5767847814   4838421  +0.5767847300  -5.147e-08
  6974  +0.5768410774   4838894  +0.5768411160  +3.854e-08
  6975  +0.5768974986   4839367  +0.5768975019  +3.361e-09
  6976  +0.5769540452   4839841  +0.5769540071  -3.809e-08
  6977  +0.5770107177   4840317  +0.5770107508  +3.311e-08
  6978  +0.5770675161   4840793  +0.5770674944  -2.174e-08
  6979  +0.5771244409   4841271  +0.5771244764  +3.551e-08
  6980  +0.5771814923   4841749  +0.5771814585  -3.387e-08
  6981  +0.5772386707   4842229  +0.5772386789  +8.273e-09
  6982  +0.5772959762   4842710  +0.5772960186  +4.243e-08
  6983  +0.5773534091   4843191  +0.5773533583  -5.088e-08
  6984  +0.5774109699   4843674  +0.5774109364  -3.354e-08
  6985  +0.5774686587   4844158  +0.5774686337  -2.504e-08
  6986  +0.5775264758   4844643  +0.5775264502  -2.568e-08
  6987  +0.5775844216   4845129  +0.5775843859  -3.573e-08
  6988  +0.5776424963   4845616  +0.5776424408  -5.550e-08
  6989  +0.5777007002   4846105  +0.5777007341  +3.393e-08
  6990  +0.5777590336   4846594  +0.5777590275  -6.134e-09
  6991  +0.5778174968   4847084  +0.5778174400  -5.679e-08
  6992  +0.5778760901   4847576  +0.5778760910  +8.811e-10
  6993  +0.5779348138   4848069  +0.5779348612  +4.738e-08
  6994  +0.5779936682   4848562  +0.5779936314  -3.681e-08
  6995  +0.5780526535   4849057  +0.5780526400  -1.355e-08
  6996  +0.5781117701   4849553  +0.5781117678  -2.346e-09
  6997  +0.5781710183   4850050  +0.5781710148  -3.505e-09
  6998  +0.5782303983   4850548  +0.5782303810  -1.732e-08
  6999  +0.5782899105   4851047  +0.5782898664  -4.409e-08
  7000  +0.5783495552   4851548  +0.5783495903  +3.510e-08
  7001  +0.5784093326   4852049  +0.5784093142  -1.847e-08
  7002  +0.5784692431   4852552  +0.5784692764  +3.332e-08
  7003  +0.5785292870   4853055  +0.5785292387  -4.826e-08
  7004  +0.5785894645   4853560  +0.5785894394  -2.508e-08
  7005  +0.5786497760   4854066  +0.5786497593  -1.666e-08
  7006  +0.5787102217   4854573  +0.5787101984  -2.330e-08
  7007  +0.5787708020   4855081  +0.5787707567  -4.531e-08
  7008  +0.5788315172   4855591  +0.5788315535  +3.623e-08
  7009  +0.5788923676   4856101  +0.5788923502  -1.741e-08
  7010  +0.5789533535   4856613  +0.5789533854  +3.187e-08
  7011  +0.5790144752   4857125  +0.5790144205  -5.464e-08
  7012  +0.5790757329   4857639  +0.5790756941  -3.884e-08
  7013  +0.5791371271   4858154  +0.5791370869  -4.023e-08
  7014  +0.5791986580   4858670  +0.5791985989  -5.914e-08
  7015  +0.5792603259   4859188  +0.5792603493  +2.334e-08
  7016  +0.5793221312   4859706  +0.5793220997  -3.152e-08
  7017  +0.5793840741   4860226  +0.5793840885  +1.439e-08
  7018  +0.5794461550   4860747  +0.5794461966  +4.155e-08
  7019  +0.5795083742   4861269  +0.5795084238  +4.964e-08
  7020  +0.5795707319   4861792  +0.5795707703  +3.835e-08
  7021  +0.5796332286   4862316  +0.5796332359  +7.372e-09
  7022  +0.5796958644   4862841  +0.5796958208  -4.362e-08
  7023  +0.5797586398   4863368  +0.5797586441  +4.282e-09
  7024  +0.5798215551   4863896  +0.5798215866  +3.154e-08
  7025  +0.5798846105   4864425  +0.5798846483  +3.784e-08
  7026  +0.5799478064   4864955  +0.5799478292  +2.287e-08
  7027  +0.5800111431   4865486  +0.5800111294  -1.369e-08
  7028  +0.5800746209   4866019  +0.5800746679  +4.704e-08
  7029  +0.5801382401   4866552  +0.5801382065  -3.367e-08
  7030  +0.5802020012   4867087  +0.5802019835  -1.772e-08
  7031  +0.5802659043   4867623  +0.5802658796  -2.464e-08
  7032  +0.5803299498   4868160  +0.5803298950  -5.476e-08
  7033  +0.5803941380   4868699  +0.5803941488  +1.081e-08
  7034  +0.5804584693   4869239  +0.5804585218  +5.254e-08
  7035  +0.5805229440   4869779  +0.5805228949  -4.911e-08
  7036  +0.5805875623   4870321  +0.5805875063  -5.605e-08
  7037  +0.5806523247   4870865  +0.5806523561  +3.141e-08
  7038  +0.5807172315   4871409  +0.5807172060  -2.549e-08
  7039  +0.5807822829   4871955  +0.5807822943  +1.135e-08
  7040  +0.5808474794   4872502  +0.5808475018  +2.238e-08
  7041  +0.5809128212   4873050  +0.5809128284  +7.287e-09
  7042  +0.5809783086   4873599  +0.5809782743  -3.427e-08
  7043  +0.5810439421   4874150  +0.5810439587  +1.659e-08
  7044  +0.5811097219   4874702  +0.5811097622  +4.033e-08
  7045  +0.5811756483   4875255  +0.5811756849  +3.661e-08
  7046  +0.5812417218   4875809  +0.5812417269  +5.100e-09
  7047  +0.5813079426   4876364  +0.5813078880  -5.453e-08
  7048  +0.5813743110   4876921  +0.5813742876  -2.341e-08
  7049  +0.5814408275   4877479  +0.5814408064  -2.108e-08
  7050  +0.5815074923   4878038  +0.5815074444  -4.789e-08
  7051  +0.5815743057   4878599  +0.5815743208  +1.505e-08
  7052  +0.5816412682   4879161  +0.5816413164  +4.819e-08
  7053  +0.5817083801   4879724  +0.5817084312  +5.118e-08
  7054  +0.5817756416   4880288  +0.5817756653  +2.368e-08
  7055  +0.5818430532   4880853  +0.5818430185  -3.463e-08
  7056  +0.5819106151   4881420  +0.5819106102  -4.902e-09
  7057  +0.5819783278   4881988  +0.5819783211  -6.680e-09
  7058  +0.5820461915   4882557  +0.5820461512  -4.031e-08
  7059  +0.5821142066   4883128  +0.5821142197  +1.308e-08
  7060  +0.5821823734   4883700  +0.5821824074  +3.393e-08
  7061  +0.5822506924   4884273  +0.5822507143  +2.190e-08
  7062  +0.5823191638   4884847  +0.5823191404  -2.336e-08
  7063  +0.5823877880   4885423  +0.5823878050  +1.701e-08
  7064  +0.5824565653   4886000  +0.5824565887  +2.346e-08
  7065  +0.5825254961   4886578  +0.5825254917  -4.366e-09
  7066  +0.5825945807   4887158  +0.5825946331  +5.240e-08
  7067  +0.5826638195   4887738  +0.5826637745  -4.502e-08
  7068  +0.5827332129   4888320  +0.5827331543  -5.855e-08
  7069  +0.5828027611   4888904  +0.5828027725  +1.145e-08
  7070  +0.5828724645   4889489  +0.5828725100  +4.542e-08
  7071  +0.5829423236   4890075  +0.5829423666  +4.301e-08
  7072  +0.5830123386   4890662  +0.5830123425  +3.867e-09
  7073  +0.5830825099   4891251  +0.5830825567  +4.684e-08
  7074  +0.5831528378   4891841  +0.5831528902  +5.236e-08
  7075  +0.5832233228   4892432  +0.5832233429  +2.008e-08
  7076  +0.5832939652   4893024  +0.5832939148  -5.036e-08
  7077  +0.5833647652   4893618  +0.5833647251  -4.011e-08
  7078  +0.5834357234   4894214  +0.5834357738  +5.046e-08
  7079  +0.5835068400   4894810  +0.5835068226  -1.742e-08
  7080  +0.5835781154   4895408  +0.5835781097  -5.694e-09
  7081  +0.5836495500   4896007  +0.5836495161  -3.393e-08
  7082  +0.5837211442   4896608  +0.5837211609  +1.671e-08
  7083  +0.5837928982   4897210  +0.5837929249  +2.666e-08
  7084  +0.5838648125   4897813  +0.5838648081  -4.448e-09
  7085  +0.5839368875   4898418  +0.5839369297  +4.223e-08
  7086  +0.5840091234   4899024  +0.5840091705  +4.712e-08
  7087  +0.5840815207   4899631  +0.5840815306  +9.848e-09
  7088  +0.5841540798   4900240  +0.5841541290  +4.926e-08
  7089  +0.5842268009   4900850  +0.5842268467  +4.578e-08
  7090  +0.5842996845   4901461  +0.5842996836  -9.657e-10
  7091  +0.5843727310   4902074  +0.5843727589  +2.786e-08
  7092  +0.5844459407   4902688  +0.5844459534  +1.268e-08
  7093  +0.5845193140   4903303  +0.5845192671  -4.689e-08
  7094  +0.5845928512   4903920  +0.5845928192  -3.200e-08
  7095  +0.5846665528   4904539  +0.5846666098  +5.697e-08
  7096  +0.5847404191   4905158  +0.5847404003  -1.877e-08
  7097  +0.5848144505   4905779  +0.5848144293  -2.119e-08
  7098  +0.5848886473   4906402  +0.5848886967  +4.934e-08
  7099  +0.5849630100   4907025  +0.5849629641  -4.597e-08
  7100  +0.5850375390   4907651  +0.5850375891  +5.011e-08
  7101  +0.5851122345   4908277  +0.5851122141  -2.041e-08
  7102  +0.5851870970   4908905  +0.5851870775  -1.950e-08
  7103  +0.5852621269   4909535  +0.5852621794  +5.246e-08
  7104  +0.5853373246   4910165  +0.5853372812  -4.333e-08
  7105  +0.5854126903   4910798  +0.5854127407  +5.037e-08
  7106  +0.5854882246   4911431  +0.5854882002  -2.445e-08
  7107  +0.5855639279   4912066  +0.5855638981  -2.976e-08
  7108  +0.5856398004   4912703  +0.5856398344  +3.405e-08
  7109  +0.5857158425   4913341  +0.5857158899  +4.739e-08
  7110  +0.5857920548   4913980  +0.5857920647  +9.873e-09
  7111  +0.5858684375   4914621  +0.5858684778  +4.031e-08
  7112  +0.5859449911   4915263  +0.5859450102  +1.911e-08
  7113  +0.5860217159   4915906  +0.5860216618  -5.412e-08
  7114  +0.5860986123   4916552  +0.5860986710  +5.864e-08
  7115  +0.5861756808   4917198  +0.5861756802  -6.219e-10
  7116  +0.5862529217   4917846  +0.5862529278  +6.111e-09
  7117  +0.5863303354   4918495  +0.5863302946  -4.076e-08
  7118  +0.5864079223   4919146  +0.5864078999  -2.243e-08
  7119  +0.5864856828   4919798  +0.5864856243  -5.850e-08
  7120  +0.5865636173   4920452  +0.5865635872  -3.016e-08
  7121  +0.5866417263   4921107  +0.5866416693  -5.702e-08
  7122  +0.5867200100   4921764  +0.5867199898  -2.026e-08
  7123  +0.5867984690   4922422  +0.5867984295  -3.951e-08
  7124  +0.5868771036   4923082  +0.5868771076  +4.058e-09
  7125  +0.5869559141   4923743  +0.5869559050  -9.182e-09
  7126  +0.5870349011   4924406  +0.5870349407  +3.958e-08
  7127  +0.5871140650   4925070  +0.5871140957  +3.073e-08
  7128  +0.5871934060   4925735  +0.5871933699  -3.614e-08
  7129  +0.5872729247   4926402  +0.5872728825  -4.223e-08
  7130  +0.5873526214   4927071  +0.5873526335  +1.206e-08
  7131  +0.5874324966   4927741  +0.5874325037  +7.103e-09
  7132  +0.5875125506   4928412  +0.5875124931  -5.750e-08
  7133  +0.5875927840   4929086  +0.5875928402  +5.624e-08
  7134  +0.5876731970   4929760  +0.5876731873  -9.697e-09
  7135  +0.5877537901   4930436  +0.5877537727  -1.732e-08
  7136  +0.5878345637   4931114  +0.5878345966  +3.297e-08
  7137  +0.5879155182   4931793  +0.5879155397  +2.154e-08
  7138  +0.5879966541   4932473  +0.5879966021  -5.202e-08
  7139  +0.5880779717   4933156  +0.5880780220  +5.028e-08
  7140  +0.5881594715   4933839  +0.5881594419  -2.959e-08
  7141  +0.5882411540   4934524  +0.5882411003  -5.365e-08
  7142  +0.5883230194   4935211  +0.5883229971  -2.230e-08
  7143  +0.5884050683   4935899  +0.5884050131  -5.519e-08
  7144  +0.5884873010   4936589  +0.5884872675  -3.351e-08
  7145  +0.5885697180   4937281  +0.5885697603  +4.229e-08
  7146  +0.5886523198   4937974  +0.5886523724  +5.260e-08
  7147  +0.5887351066   4938668  +0.5887351036  -3.017e-09
  7148  +0.5888180790   4939364  +0.5888180733  -5.777e-09
  7149  +0.5889012375   4940062  +0.5889012814  +4.389e-08
  7150  +0.5889845823   4940761  +0.5889846087  +2.636e-08
  7151  +0.5890681140   4941461  +0.5890680552  -5.882e-08
  7152  +0.5891518329   4942164  +0.5891518593  +2.636e-08
  7153  +0.5892357396   4942868  +0.5892357826  +4.303e-08
  7154  +0.5893198344   4943573  +0.5893198252  -9.221e-09
  7155  +0.5894041178   4944280  +0.5894041061  -1.163e-08
  7156  +0.5894885902   4944989  +0.5894886255  +3.536e-08
  7157  +0.5895732520   4945699  +0.5895732641  +1.212e-08
  7158  +0.5896581037   4946411  +0.5896581411  +3.741e-08
  7159  +0.5897431458   4947124  +0.5897431374  -8.405e-09
  7160  +0.5898283786   4947839  +0.5898283720  -6.566e-09
  7161  +0.5899138026   4948556  +0.5899138451  +4.249e-08
  7162  +0.5899994182   4949274  +0.5899994373  +1.911e-08
  7163  +0.5900852260   4949994  +0.5900852680  +4.207e-08
  7164  +0.5901712262   4950715  +0.5901712179  -8.296e-09
  7165  +0.5902574194   4951438  +0.5902574062  -1.321e-08
  7166  +0.5903438061   4952163  +0.5903438330  +2.687e-08
  7167  +0.5904303866   4952889  +0.5904303789  -7.712e-09
  7168  +0.5905171615   4953617  +0.5905171633  +1.814e-09
  7169  +0.5906041311   4954347  +0.5906041861  +5.500e-08
  7170  +0.5906912959   4955078  +0.5906913280  +3.217e-08
  7171  +0.5907786564   4955811  +0.5907787085  +5.210e-08
  7172  +0.5908662130   4956545  +0.5908662081  -4.877e-09
  7173  +0.5909539661   4957281  +0.5909539461  -2.001e-08
  7174  +0.5910419163   4958019  +0.5910419226  +6.250e-09
  7175  +0.5911300640   4958758  +0.5911300182  -4.576e-08
  7176  +0.5912184096   4959499  +0.5912183523  -5.730e-08
  7177  +0.5913069536   4960242  +0.5913069248  -2.881e-08
  7178  +0.5913956965   4960987  +0.5913957357  +3.923e-08
  7179  +0.5914846387   4961733  +0.5914846659  +2.717e-08
  7180  +0.5915737807   4962481  +0.5915738344  +5.375e-08
  7181  +0.5916631229   4963230  +0.5916631222  -7.037e-10
  7182  +0.5917526658   4963981  +0.5917526484  -1.745e-08
  7183  +0.5918424099   4964734  +0.5918424129  +3.058e-09
  7184  +0.5919323556   4965488  +0.5919322968  -5.887e-08
  7185  +0.5920225035   4966245  +0.5920225382  +3.473e-08
  7186  +0.5921128539   4967003  +0.5921128988  +4.497e-08
  7187  +0.5922034073   4967762  +0.5922033787  -2.864e-08
  7188  +0.5922941643   4968524  +0.5922942162  +5.188e-08
  7189  +0.5923851252   4969287  +0.5923851728  +4.761e-08
  7190  +0.5924762906   4970051  +0.5924762487  -4.191e-08
  7191  +0.5925676610   4970818  +0.5925676823  +2.127e-08
  7192  +0.5926592368   4971586  +0.5926592350  -1.756e-09
  7193  +0.5927510184   4972356  +0.5927510262  +7.750e-09
  7194  +0.5928430064   4973128  +0.5928430557  +4.931e-08
  7195  +0.5929352013   4973901  +0.5929352045  +3.229e-09
  7196  +0.5930276035   4974676  +0.5930275917  -1.176e-08
  7197  +0.5931202135   4975453  +0.5931202173  +3.869e-09
  7198  +0.5932130317   4976232  +0.5932130814  +4.962e-08
  7199  +0.5933060588   4977012  +0.5933060646  +5.809e-09
  7200  +0.5933992951   4977794  +0.5933992863  -8.846e-09
  7201  +0.5934927412   4978578  +0.5934927464  +5.171e-09
  7202  +0.5935863975   4979364  +0.5935864449  +4.737e-08
  7203  +0.5936802645   4980151  +0.5936802626  -1.943e-09
  7204  +0.5937743427   4980940  +0.5937743187  -2.405e-08
  7205  +0.5938686327   4981731  +0.5938686132  -1.945e-08
  7206  +0.5939631348   4982524  +0.5939631462  +1.137e-08
  7207  +0.5940578497   4983318  +0.5940577984  -5.130e-08
  7208  +0.5941527777   4984115  +0.5941528082  +3.048e-08
  7209  +0.5942479194   4984913  +0.5942479372  +1.778e-08
  7210  +0.5943432753   4985713  +0.5943433046  +2.932e-08
  7211  +0.5944388459   4986514  +0.5944387913  -5.462e-08
  7212  +0.5945346317   4987318  +0.5945346355  +3.884e-09
  7213  +0.5946306331   4988123  +0.5946305990  -3.408e-08
  7214  +0.5947268507   4988930  +0.5947268009  -4.982e-08
  7215  +0.5948232851   4989739  +0.5948232412  -4.383e-08
  7216  +0.5949199366   4990550  +0.5949199200  -1.662e-08
  7217  +0.5950168058   4991363  +0.5950168371  +3.130e-08
  7218  +0.5951138933   4992177  +0.5951138735  -1.977e-08
  7219  +0.5952111994   4992993  +0.5952111483  -5.116e-08
  7220  +0.5953087248   4993812  +0.5953087807  +5.586e-08
  7221  +0.5954064700   4994631  +0.5954064131  -5.687e-08
  7222  +0.5955044353   4995453  +0.5955044031  -3.223e-08
  7223  +0.5956026215   4996277  +0.5956026316  +1.005e-08
  7224  +0.5957010290   4997102  +0.5957009792  -4.974e-08
  7225  +0.5957996582   4997930  +0.5957996845  +2.629e-08
  7226  +0.5958985098   4998759  +0.5958985090  -8.005e-10
  7227  +0.5959975843   4999590  +0.5959975719  -1.231e-08
  7228  +0.5960968821   5000423  +0.5960968733  -8.773e-09
  7229  +0.5961964037   5001258  +0.5961964130  +9.297e-09
  7230  +0.5962961498   5002095  +0.5962961912  +4.137e-08
  7231  +0.5963961209   5002933  +0.5963960886  -3.228e-08
  7232  +0.5964963174   5003774  +0.5964963436  +2.623e-08
  7233  +0.5965967399   5004616  +0.5965967178  -2.204e-08
  7234  +0.5966973889   5005460  +0.5966973305  -5.841e-08
  7235  +0.5967982650   5006307  +0.5967983007  +3.579e-08
  7236  +0.5968993686   5007155  +0.5968993902  +2.162e-08
  7237  +0.5970007004   5008005  +0.5970007181  +1.775e-08
  7238  +0.5971022608   5008857  +0.5971022844  +2.364e-08
  7239  +0.5972040504   5009711  +0.5972040892  +3.876e-08
  7240  +0.5973060697   5010566  +0.5973060131  -5.663e-08
  7241  +0.5974083193   5011424  +0.5974082947  -2.466e-08
  7242  +0.5975107997   5012284  +0.5975108147  +1.492e-08
  7243  +0.5976135115   5013145  +0.5976134539  -5.764e-08
  7244  +0.5977164551   5014009  +0.5977164507  -4.456e-09
  7245  +0.5978196312   5014875  +0.5978196859  +5.471e-08
  7246  +0.5979230403   5015742  +0.5979230404  +9.896e-11
  7247  +0.5980266829   5016611  +0.5980266333  -4.962e-08
  7248  +0.5981305596   5017483  +0.5981305838  +2.421e-08
  7249  +0.5982346708   5018356  +0.5982346535  -1.737e-08
  7250  +0.5983390173   5019231  +0.5983389616  -5.572e-08
  7251  +0.5984435995   5020109  +0.5984436274  +2.782e-08
  7252  +0.5985484180   5020988  +0.5985484123  -5.705e-09
  7253  +0.5986534734   5021869  +0.5986534357  -3.766e-08
  7254  +0.5987587661   5022753  +0.5987588167  +5.061e-08
  7255  +0.5988642968   5023638  +0.5988643169  +2.013e-08
  7256  +0.5989700660   5024525  +0.5989700556  -1.044e-08
  7257  +0.5990760743   5025414  +0.5990760326  -4.169e-08
  7258  +0.5991823223   5026306  +0.5991823673  +4.506e-08
  7259  +0.5992888104   5027199  +0.5992888212  +1.080e-08
  7260  +0.5993955394   5028094  +0.5993955135  -2.582e-08
  7261  +0.5995025096   5028992  +0.5995025635  +5.385e-08
  7262  +0.5996097218   5029891  +0.5996097326  +1.081e-08
  7263  +0.5997171765   5030792  +0.5997171402  -3.628e-08
  7264  +0.5998248742   5031696  +0.5998249054  +3.119e-08
  7265  +0.5999328156   5032601  +0.5999327898  -2.576e-08
  7266  +0.6000410011   5033509  +0.6000410318  +3.072e-08
  7267  +0.6001494315   5034418  +0.6001493931  -3.838e-08
  7268  +0.6002581072   5035330  +0.6002581120  +4.799e-09
  7269  +0.6003670288   5036244  +0.6003670692  +4.045e-08
  7270  +0.6004761969   5037159  +0.6004761457  -5.120e-08
  7271  +0.6005856122   5038077  +0.6005855799  -3.233e-08
  7272  +0.6006952752   5038997  +0.6006952524  -2.273e-08
  7273  +0.6008051864   5039919  +0.6008051634  -2.299e-08
  7274  +0.6009153464   5040843  +0.6009153128  -3.368e-08
  7275  +0.6010257560   5041769  +0.6010257006  -5.541e-08
  7276  +0.6011364155   5042698  +0.6011364460  +3.045e-08
  7277  +0.6012473257   5043628  +0.6012473106  -1.510e-08
  7278  +0.6013584872   5044561  +0.6013585329  +4.574e-08
  7279  +0.6014699004   5045495  +0.6014698744  -2.603e-08
  7280  +0.6015815661   5046432  +0.6015815735  +7.417e-09
  7281  +0.6016934847   5047371  +0.6016935110  +2.626e-08
  7282  +0.6018056570   5048312  +0.6018056870  +2.992e-08
  7283  +0.6019180835   5049255  +0.6019181013  +1.777e-08
  7284  +0.6020307649   5050200  +0.6020307541  -1.078e-08
  7285  +0.6021437016   5051147  +0.6021436453  -5.633e-08
  7286  +0.6022568944   5052097  +0.6022568941  -2.864e-10
  7287  +0.6023703438   5053049  +0.6023703814  +3.754e-08
  7288  +0.6024840505   5054003  +0.6024841070  +5.653e-08
  7289  +0.6025980150   5054959  +0.6025980711  +5.609e-08
  7290  +0.6027122380   5055917  +0.6027122736  +3.559e-08
  7291  +0.6028267201   5056877  +0.6028267145  -5.572e-09
  7292  +0.6029414619   5057840  +0.6029415131  +5.119e-08
  7293  +0.6030564640   5058804  +0.6030564308  -3.316e-08
  7294  +0.6031717270   5059771  +0.6031717062  -2.082e-08
  7295  +0.6032872516   5060740  +0.6032872200  -3.162e-08
  7296  +0.6034030384   5061712  +0.6034030914  +5.303e-08
  7297  +0.6035190880   5062685  +0.6035190821  -5.927e-09
  7298  +0.6036354010   5063661  +0.6036354303  +2.932e-08
  7299  +0.6037519781   5064639  +0.6037520170  +3.892e-08
  7300  +0.6038688199   5065619  +0.6038688421  +2.225e-08
  7301  +0.6039859270   5066601  +0.6039859056  -2.132e-08
  7302  +0.6041033000   5067586  +0.6041033268  +2.678e-08
  7303  +0.6042209397   5068573  +0.6042209864  +4.672e-08
  7304  +0.6043388465   5069562  +0.6043388844  +3.785e-08
  7305  +0.6044570212   5070553  +0.6044570208  -4.656e-10
  7306  +0.6045754644   5071547  +0.6045755148  +5.035e-08
  7307  +0.6046941768   5072542  +0.6046941280  -4.877e-08
  7308  +0.6048131589   5073541  +0.6048132181  +5.917e-08
  7309  +0.6049324115   5074541  +0.6049324274  +1.588e-08
  7310  +0.6050519352   5075544  +0.6050519943  +5.915e-08
  7311  +0.6051717305   5076548  +0.6051716805  -5.010e-08
  7312  +0.6052917983   5077556  +0.6052918434  +4.512e-08
  7313  +0.6054121391   5078565  +0.6054121256  -1.348e-08
  7314  +0.6055327535   5079577  +0.6055327654  +1.187e-08
  7315  +0.6056536423   5080591  +0.6056536436  +1.299e-09
  7316  +0.6057748061   5081607  +0.6057747602  -4.584e-08
  7317  +0.6058962455   5082626  +0.6058962345  -1.100e-08
  7318  +0.6060179613   5083647  +0.6060179472  -1.405e-08
  7319  +0.6061399540   5084670  +0.6061398983  -5.566e-08
  7320  +0.6062622243   5085696  +0.6062622070  -1.728e-08
  7321  +0.6063847730   5086724  +0.6063847542  -1.878e-08
  7322  +0.6065076006   5087755  +0.6065076590  +5.838e-08
  7323  +0.6066307078   5088787  +0.6066306829  -2.489e-08
  7324  +0.6067540954   5089822  +0.6067540646  -3.085e-08
  7325  +0.6068777640   5090860  +0.6068778038  +3.984e-08
  7326  +0.6070017142   5091899  +0.6070016623  -5.192e-08
  7327  +0.6071259467   5092942  +0.6071259975  +5.082e-08
  7328  +0.6072504623   5093986  +0.6072504520  -1.025e-08
  7329  +0.6073752616   5095033  +0.6073752642  +2.614e-09
  7330  +0.6075003452   5096082  +0.6075003147  -3.048e-08
  7331  +0.6076257139   5097134  +0.6076257229  +8.990e-09
  7332  +0.6077513683   5098188  +0.6077513695  +1.131e-09
  7333  +0.6078773092   5099244  +0.6078772545  -5.475e-08
  7334  +0.6080035372   5100303  +0.6080034971  -4.012e-08
  7335  +0.6081300531   5101365  +0.6081300974  +4.431e-08
  7336  +0.6082568574   5102428  +0.6082568169  -4.056e-08
  7337  +0.6083839510   5103494  +0.6083838940  -5.701e-08
  7338  +0.6085113344   5104563  +0.6085113287  -5.732e-09
  7339  +0.6086390085   5105634  +0.6086390018  -6.644e-09
  7340  +0.6087669739   5106708  +0.6087670326  +5.876e-08
  7341  +0.6088952312   5107783  +0.6088951826  -4.863e-08
  7342  +0.6090237813   5108862  +0.6090238094  +2.810e-08
  7343  +0.6091526248   5109943  +0.6091526747  +4.983e-08
  7344  +0.6092817625   5111026  +0.6092817783  +1.585e-08
  7345  +0.6094111950   5112112  +0.6094112396  +4.465e-08
  7346  +0.6095409230   5113200  +0.6095409393  +1.631e-08
  7347  +0.6096709473   5114291  +0.6096709967  +4.933e-08
  7348  +0.6098012686   5115384  +0.6098012924  +2.378e-08
  7349  +0.6099318876   5116480  +0.6099319458  +5.815e-08
  7350  +0.6100628051   5117578  +0.6100628376  +3.252e-08
  7351  +0.6101940217   5118678  +0.6101939678  -5.385e-08
  7352  +0.6103255381   5119782  +0.6103255749  +3.674e-08
  7353  +0.6104573552   5120887  +0.6104573011  -5.406e-08
  7354  +0.6105894736   5121996  +0.6105895042  +3.064e-08
  7355  +0.6107218941   5123107  +0.6107219458  +5.170e-08
  7356  +0.6108546173   5124220  +0.6108546257  +8.377e-09
  7357  +0.6109876441   5125336  +0.6109876633  +1.915e-08
  7358  +0.6111209752   5126454  +0.6111209393  -3.592e-08
  7359  +0.6112546112   5127575  +0.6112545729  -3.838e-08
  7360  +0.6113885531   5128699  +0.6113885641  +1.104e-08
  7361  +0.6115228014   5129825  +0.6115227938  -7.610e-09
  7362  +0.6116573569   5130954  +0.6116573811  +2.413e-08
  7363  +0.6117922205   5132085  +0.6117922068  -1.371e-08
  7364  +0.6119273927   5133219  +0.6119273901  -2.648e-09
  7365  +0.6120628745   5134356  +0.6120629311  +5.655e-08
  7366  +0.6121986665   5135495  +0.6121987104  +4.392e-08
  7367  +0.6123347695   5136636  +0.6123347282  -4.128e-08
  7368  +0.6124711843   5137781  +0.6124712229  +3.859e-08
  7369  +0.6126079116   5138928  +0.6126079559  +4.437e-08
  7370  +0.6127449521   5140077  +0.6127449274  -2.472e-08
  7371  +0.6128823067   5141229  +0.6128822565  -5.022e-08
  7372  +0.6130199761   5142384  +0.6130199432  -3.291e-08
  7373  +0.6131579611   5143542  +0.6131579876  +2.645e-08
  7374  +0.6132962625   5144702  +0.6132962704  +7.877e-09
  7375  +0.6134348810   5145865  +0.6134349108  +2.981e-08
  7376  +0.6135738173   5147030  +0.6135737896  -2.774e-08
  7377  +0.6137130724   5148198  +0.6137130260  -4.635e-08
  7378  +0.6138526469   5149369  +0.6138526201  -2.678e-08
  7379  +0.6139925417   5150543  +0.6139925718  +3.017e-08
  7380  +0.6141327574   5151719  +0.6141327620  +4.518e-09
  7381  +0.6142732950   5152898  +0.6142733097  +1.468e-08
  7382  +0.6144141552   5154079  +0.6144140959  -5.934e-08
  7383  +0.6145553388   5155264  +0.6145553589  +2.009e-08
  7384  +0.6146968466   5156451  +0.6146968603  +1.374e-08
  7385  +0.6148386793   5157641  +0.6148387194  +4.005e-08
  7386  +0.6149808378   5158833  +0.6149808168  -2.101e-08
  7387  +0.6151233230   5160028  +0.6151232719  -5.102e-08
  7388  +0.6152661354   5161226  +0.6152660847  -5.078e-08
  7389  +0.6154092761   5162427  +0.6154092550  -2.110e-08
  7390  +0.6155527458   5163631  +0.6155527830  +3.721e-08
  7391  +0.6156965453   5164837  +0.6156965494  +4.141e-09
  7392  +0.6158406754   5166046  +0.6158406734  -1.920e-09
  7393  +0.6159851369   5167258  +0.6159851551  +1.822e-08
  7394  +0.6161299307   5168472  +0.6161298752  -5.547e-08
  7395  +0.6162750575   5169690  +0.6162750721  +1.461e-08
  7396  +0.6164205182   5170910  +0.6164205074  -1.077e-08
  7397  +0.6165663136   5172133  +0.6165663004  -1.324e-08
  7398  +0.6167124446   5173359  +0.6167124510  +6.383e-09
  7399  +0.6168589119   5174588  +0.6168589592  +4.727e-08
  7400  +0.6170057165   5175819  +0.6170057058  -1.062e-08
  7401  +0.6171528590   5177053  +0.6171528101  -4.891e-08
  7402  +0.6173003404   5178291  +0.6173003912  +5.078e-08
  7403  +0.6174481615   5179531  +0.6174482107  +4.918e-08
  7404  +0.6175963232   5180773  +0.6175962687  -5.454e-08
  7405  +0.6177448262   5182019  +0.6177448034  -2.281e-08
  7406  +0.6178936715   5183268  +0.6178936958  +2.431e-08
  7407  +0.6180428599   5184519  +0.6180428267  -3.322e-08
  7408  +0.6181923922   5185774  +0.6181924343  +4.216e-08
  7409  +0.6183422692   5187031  +0.6183422804  +1.117e-08
  7410  +0.6184924919   5188291  +0.6184924841  -7.827e-09
  7411  +0.6186430611   5189554  +0.6186430454  -1.569e-08
  7412  +0.6187939777   5190820  +0.6187939644  -1.328e-08
  7413  +0.6189452424   5192089  +0.6189452410  -1.460e-09
  7414  +0.6190968563   5193361  +0.6190968752  +1.890e-08
  7415  +0.6192488201   5194636  +0.6192488670  +4.695e-08
  7416  +0.6194011347   5195913  +0.6194010973  -3.741e-08
  7417  +0.6195538010   5197194  +0.6195538044  +3.368e-09
  7418  +0.6197068199   5198478  +0.6197068691  +4.921e-08
  7419  +0.6198601923   5199764  +0.6198601723  -1.998e-08
  7420  +0.6200139189   5201054  +0.6200139523  +3.334e-08
  7421  +0.6201680008   5202346  +0.6201679707  -3.014e-08
  7422  +0.6203224388   5203642  +0.6203224659  +2.713e-08
  7423  +0.6204772337   5204940  +0.6204771996  -3.418e-08
  7424  +0.6206323866   5206242  +0.6206324100  +2.348e-08
  7425  +0.6207878982   5207546  +0.6207878590  -3.922e-08
  7426  +0.6209437695   5208854  +0.6209437847  +1.525e-08
  7427  +0.6211000013   5210164  +0.6210999489  -5.243e-08
  7428  +0.6212565946   5211478  +0.6212565899  -4.736e-09
  7429  +0.6214135503   5212795  +0.6214135885  +3.821e-08
  7430  +0.6215708693   5214114  +0.6215708256  -4.371e-08
  7431  +0.6217285524   5215437  +0.6217285395  -1.298e-08
  7432  +0.6218866007   5216763  +0.6218866110  +1.027e-08
  7433  +0.6220450150   5218092  +0.6220450401  +2.513e-08
  7434  +0.6222037962   5219424  +0.6222038269  +3.069e-08
  7435  +0.6223629453   5220759  +0.6223629713  +2.601e-08
  7436  +0.6225224632   5222097  +0.6225224733  +1.018e-08
  7437  +0.6226823507   5223438  +0.6226823330  -1.773e-08
  7438  +0.6228426089   5224782  +0.6228425503  -5.865e-08
  7439  +0.6230032387   5226130  +0.6230032444  +5.695e-09
  7440  +0.6231642410   5227481  +0.6231642962  +5.517e-08
  7441  +0.6233256167   5228834  +0.6233255863  -3.038e-08
  7442  +0.6234873668   5230191  +0.6234873533  -1.348e-08
  7443  +0.6236494922   5231551  +0.6236494780  -1.427e-08
  7444  +0.6238119939   5232914  +0.6238119602  -3.370e-08
  7445  +0.6239748728   5234281  +0.6239749193  +4.648e-08
  7446  +0.6241381299   5235650  +0.6241381168  -1.309e-08
  7447  +0.6243017661   5237023  +0.6243017912  +2.505e-08
  7448  +0.6244657824   5238399  +0.6244658232  +4.074e-08
  7449  +0.6246301798   5239778  +0.6246302128  +3.301e-08
  7450  +0.6247949591   5241160  +0.6247949600  +8.967e-10
  7451  +0.6249601214   5242545  +0.6249600649  -5.656e-08
  7452  +0.6251256677   5243934  +0.6251256466  -2.112e-08
  7453  +0.6252915989   5245326  +0.6252915859  -1.298e-08
  7454  +0.6254579160   5246721  +0.6254578829  -3.309e-08
  7455  +0.6256246199   5248120  +0.6256246567  +3.677e-08
  7456  +0.6257917117   5249521  +0.6257916689  -4.281e-08
  7457  +0.6259591923   5250926  +0.6259591579  -3.439e-08
  7458  +0.6261270628   5252334  +0.6261270046  -5.815e-08
  7459  +0.6262953240   5253746  +0.6262953281  +4.104e-09
  7460  +0.6264639771   5255161  +0.6264640093  +3.218e-08
  7461  +0.6266330230   5256579  +0.6266330481  +2.509e-08
  7462  +0.6268024626   5258000  +0.6268024445  -1.817e-08
  7463  +0.6269722971   5259425  +0.6269723177  +2.060e-08
  7464  +0.6271425274   5260853  +0.6271425486  +2.118e-08
  7465  +0.6273131545   5262284  +0.6273131371  -1.742e-08
  7466  +0.6274841794   5263719  +0.6274842024  +2.299e-08
  7467  +0.6276556032   5265157  +0.6276556253  +2.218e-08
  7468  +0.6278274268   5266598  +0.6278274059  -2.086e-08
  7469  +0.6279996513   5268043  +0.6279996634  +1.206e-08
  7470  +0.6281722777   5269491  +0.6281722784  +6.893e-10
  7471  +0.6283453071   5270942  +0.6283452511  -5.598e-08
  7472  +0.6285187404   5272397  +0.6285187006  -3.978e-08
  7473  +0.6286925787   5273856  +0.6286926270  +4.825e-08
  7474  +0.6288668231   5275317  +0.6288667917  -3.133e-08
  7475  +0.6290414745   5276782  +0.6290414333  -4.115e-08
  7476  +0.6292165340   5278251  +0.6292165518  +1.775e-08
  7477  +0.6293920028   5279723  +0.6293920279  +2.510e-08
  7478  +0.6295678817   5281198  +0.6295678616  -2.013e-08
  7479  +0.6297441719   5282677  +0.6297441721  +2.073e-10
  7480  +0.6299208744   5284159  +0.6299208403  -3.416e-08
  7481  +0.6300979903   5285645  +0.6300979853  -5.073e-09
  7482  +0.6302755207   5287134  +0.6302754879  -3.281e-08
  7483  +0.6304534666   5288627  +0.6304534674  +7.715e-10
  7484  +0.6306318291   5290123  +0.6306318045  -2.461e-08
  7485  +0.6308106092   5291623  +0.6308106184  +9.192e-09
  7486  +0.6309898081   5293126  +0.6309897900  -1.812e-08
  7487  +0.6311694268   5294633  +0.6311694384  +1.159e-08
  7488  +0.6313494664   5296143  +0.6313494444  -2.198e-08
  7489  +0.6315299279   5297657  +0.6315299273  -6.938e-10
  7490  +0.6317108126   5299174  +0.6317107677  -4.486e-08
  7491  +0.6318921214   5300695  +0.6318920851  -3.637e-08
  7492  +0.6320738555   5302220  +0.6320738792  +2.370e-08
  7493  +0.6322560160   5303748  +0.6322560310  +1.502e-08
  7494  +0.6324386040   5305280  +0.6324386597  +5.570e-08
  7495  +0.6326216205   5306815  +0.6326216459  +2.542e-08
  7496  +0.6328050667   5308354  +0.6328051090  +4.229e-08
  7497  +0.6329889438   5309896  +0.6329889297  -1.403e-08
  7498  +0.6331732527   5311442  +0.6331732273  -2.544e-08
  7499  +0.6333579948   5312992  +0.6333580017  +6.941e-09
  7500  +0.6335431710   5314545  +0.6335431337  -3.723e-08
  7501  +0.6337287825   5316102  +0.6337287426  -3.987e-08
  7502  +0.6339148304   5317663  +0.6339148283  -2.109e-09
  7503  +0.6341013159   5319227  +0.6341012716  -4.430e-08
  7504  +0.6342882402   5320795  +0.6342881918  -4.837e-08
  7505  +0.6344756043   5322367  +0.6344755888  -1.546e-08
  7506  +0.6346634094   5323943  +0.6346634626  +5.328e-08
  7507  +0.6348516566   5325522  +0.6348516941  +3.749e-08
  7508  +0.6350403472   5327105  +0.6350404024  +5.522e-08
  7509  +0.6352294822   5328691  +0.6352294683  -1.389e-08
  7510  +0.6354190629   5330281  +0.6354190111  -5.180e-08
  7511  +0.6356090904   5331876  +0.6356091499  +5.953e-08
  7512  +0.6357995659   5333473  +0.6357995272  -3.869e-08
  7513  +0.6359904905   5335075  +0.6359905005  +9.996e-09
  7514  +0.6361818654   5336680  +0.6361818314  -3.402e-08
  7515  +0.6363736918   5338289  +0.6363736391  -5.270e-08
  7516  +0.6365659709   5339902  +0.6365659237  -4.723e-08
  7517  +0.6367587039   5341519  +0.6367586851  -1.881e-08
  7518  +0.6369518920   5343140  +0.6369519234  +3.138e-08
  7519  +0.6371455363   5344764  +0.6371455193  -1.708e-08
  7520  +0.6373396381   5346392  +0.6373395920  -4.616e-08
  7521  +0.6375341986   5348024  +0.6375341415  -5.709e-08
  7522  +0.6377292190   5349660  +0.6377291679  -5.106e-08
  7523  +0.6379247005   5351300  +0.6379246712  -2.930e-08
  7524  +0.6381206443   5352944  +0.6381206512  +6.992e-09
  7525  +0.6383170516   5354592  +0.6383171082  +5.658e-08
  7526  +0.6385139236   5356243  +0.6385139227  -9.568e-10
  7527  +0.6387112617   5357898  +0.6387112141  -4.765e-08
  7528  +0.6389090670   5359558  +0.6389091015  +3.448e-08
  7529  +0.6391073407   5361221  +0.6391073465  +5.786e-09
  7530  +0.6393060842   5362888  +0.6393060684  -1.578e-08
  7531  +0.6395052986   5364559  +0.6395052671  -3.144e-08
  7532  +0.6397049852   5366234  +0.6397049427  -4.247e-08
  7533  +0.6399051452   5367913  +0.6399050951  -5.011e-08
  7534  +0.6401057799   5369596  +0.6401057243  -5.561e-08
  7535  +0.6403068907   5371284  +0.6403069496  +5.896e-08
  7536  +0.6405084786   5372975  +0.6405085325  +5.393e-08
  7537  +0.6407105450   5374670  +0.6407105923  +4.723e-08
  7538  +0.6409130913   5376369  +0.6409131289  +3.758e-08
  7539  +0.6411161186   5378072  +0.6411161423  +2.372e-08
  7540  +0.6413196282   5379779  +0.6413196325  +4.355e-09
  7541  +0.6415236214   5381490  +0.6415235996  -2.180e-08
  7542  +0.6417280996   5383205  +0.6417280436  -5.604e-08
  7543  +0.6419330640   5384925  +0.6419330835  +1.955e-08
  7544  +0.6421385159   5386648  +0.6421384811  -3.475e-08
  7545  +0.6423444566   5388376  +0.6423444748  +1.818e-08
  7546  +0.6425508875   5390108  +0.6425509453  +5.781e-08
  7547  +0.6427578098   5391843  +0.6427577734  -3.637e-08
  7548  +0.6429652248   5393583  +0.6429651976  -2.727e-08
  7549  +0.6431731340   5395327  +0.6431730986  -3.542e-08
  7550  +0.6433815385   5397076  +0.6433815956  +5.707e-08
  7551  +0.6435904398   5398828  +0.6435904503  +1.044e-08
  7552  +0.6437998392   5400584  +0.6437997818  -5.743e-08
  7553  +0.6440097380   5402345  +0.6440097094  -2.868e-08
  7554  +0.6442201376   5404110  +0.6442201138  -2.385e-08
  7555  +0.6444310393   5405879  +0.6444309950  -4.431e-08
  7556  +0.6446424444   5407653  +0.6446424723  +2.782e-08
  7557  +0.6448543544   5409430  +0.6448543072  -4.726e-08
  7558  +0.6450667706   5411212  +0.6450667381  -3.248e-08
  7559  +0.6452796943   5412998  +0.6452796459  -4.843e-08
  7560  +0.6454931270   5414789  +0.6454931498  +2.274e-08
  7561  +0.6457070700   5416583  +0.6457070112  -5.878e-08
  7562  +0.6459215247   5418382  +0.6459214687  -5.595e-08
  7563  +0.6461364924   5420186  +0.6461365223  +2.985e-08
  7564  +0.6463519747   5421993  +0.6463519335  -4.119e-08
  7565  +0.6465679728   5423805  +0.6465679407  -3.206e-08
  7566  +0.6467844882   5425622  +0.6467845440  +5.584e-08
  7567  +0.6470015222   5427442  +0.6470015049  -1.731e-08
  7568  +0.6472190763   5429267  +0.6472190619  -1.450e-08
  7569  +0.6474371520   5431096  +0.6474370956  -5.636e-08
  7570  +0.6476557506   5432930  +0.6476557255  -2.510e-08
  7571  +0.6478748735   5434768  +0.6478748322  -4.136e-08
  7572  +0.6480945222   5436611  +0.6480945349  +1.265e-08
  7573  +0.6483146982   5438458  +0.6483147144  +1.627e-08
  7574  +0.6485354028   5440309  +0.6485353708  -3.193e-08
  7575  +0.6487566375   5442165  +0.6487566233  -1.420e-08
  7576  +0.6489784037   5444025  +0.6489783525  -5.118e-08
  7577  +0.6492007030   5445890  +0.6492006779  -2.514e-08
  7578  +0.6494235368   5447759  +0.6494234800  -5.673e-08
  7579  +0.6496469065   5449633  +0.6496468782  -2.823e-08
  7580  +0.6498708136   5451512  +0.6498708725  +5.891e-08
  7581  +0.6500952596   5453394  +0.6500952244  -3.521e-08
  7582  +0.6503202460   5455282  +0.6503202915  +4.555e-08
  7583  +0.6505457742   5457173  +0.6505457163  -5.793e-08
  7584  +0.6507718458   5459070  +0.6507718563  +1.050e-08
  7585  +0.6509984623   5460971  +0.6509984732  +1.092e-08
  7586  +0.6512256251   5462876  +0.6512255669  -5.819e-08
  7587  +0.6514533357   5464787  +0.6514533758  +4.010e-08
  7588  +0.6516815958   5466701  +0.6516815424  -5.336e-08
  7589  +0.6519104067   5468621  +0.6519104242  +1.755e-08
  7590  +0.6521397700   5470545  +0.6521397829  +1.287e-08
  7591  +0.6523696873   5472474  +0.6523697376  +5.028e-08
  7592  +0.6526001601   5474407  +0.6526001692  +9.052e-09
  7593  +0.6528311899   5476345  +0.6528311968  +6.842e-09
  7594  +0.6530627783   5478288  +0.6530628204  +4.211e-08
  7595  +0.6532949268   5480235  +0.6532949209  -5.918e-09
  7596  +0.6535276370   5482187  +0.6535276175  -1.958e-08
  7597  +0.6537609105   5484144  +0.6537609100  -4.328e-10
  7598  +0.6539947487   5486106  +0.6539947987  +4.994e-08
  7599  +0.6542291534   5488072  +0.6542291641  +1.077e-08
  7600  +0.6544641260   5490043  +0.6544641256  -3.234e-10
  7601  +0.6546996681   5492019  +0.6546996832  +1.508e-08
  7602  +0.6549357814   5494000  +0.6549358368  +5.538e-08
  7603  +0.6551724675   5495985  +0.6551724672  -2.250e-10
  7604  +0.6554097278   5497975  +0.6554096937  -3.413e-08
  7605  +0.6556475642   5499970  +0.6556475163  -4.793e-08
  7606  +0.6558859781   5501970  +0.6558859348  -4.326e-08
  7607  +0.6561249712   5503975  +0.6561249495  -2.173e-08
  7608  +0.6563645451   5505985  +0.6563645601  +1.504e-08
  7609  +0.6566047014   5507999  +0.6566046476  -5.381e-08
  7610  +0.6568454419   5510019  +0.6568454504  +8.520e-09
  7611  +0.6570867680   5512043  +0.6570867300  -3.804e-08
  7612  +0.6573286816   5514073  +0.6573287249  +4.327e-08
  7613  +0.6575711842   5516107  +0.6575711966  +1.239e-08
  7614  +0.6578142774   5518146  +0.6578142643  -1.314e-08
  7615  +0.6580579631   5520190  +0.6580579281  -3.499e-08
  7616  +0.6583022428   5522239  +0.6583021879  -5.484e-08
  7617  +0.6585471182   5524294  +0.6585471630  +4.486e-08
  7618  +0.6587925910   5526353  +0.6587926149  +2.398e-08
  7619  +0.6590386629   5528417  +0.6590386629  +5.871e-11
  7620  +0.6592853355   5530486  +0.6592853069  -2.862e-08
  7621  +0.6595326107   5532561  +0.6595326662  +5.546e-08
  7622  +0.6597804902   5534640  +0.6597805023  +1.216e-08
  7623  +0.6600289755   5536724  +0.6600289345  -4.103e-08
  7624  +0.6602780685   5538814  +0.6602780819  +1.338e-08
  7625  +0.6605277709   5540909  +0.6605278254  +5.445e-08
  7626  +0.6607780844   5543008  +0.6607780457  -3.877e-08
  7627  +0.6610290108   5545113  +0.6610289812  -2.960e-08
  7628  +0.6612805518   5547223  +0.6612805128  -3.900e-08
  7629  +0.6615327092   5549339  +0.6615327597  +5.048e-08
  7630  +0.6617854847   5551459  +0.6617854834  -1.341e-09
  7631  +0.6620388801   5553585  +0.6620389223  +4.219e-08
  7632  +0.6622928972   5555715  +0.6622928381  -5.913e-08
  7633  +0.6625475378   5557852  +0.6625475883  +5.054e-08
  7634  +0.6628028036   5559993  +0.6628028154  +1.180e-08
  7635  +0.6630586965   5562139  +0.6630586386  -5.794e-08
  7636  +0.6633152183   5564291  +0.6633151770  -4.129e-08
  7637  +0.6635723707   5566448  +0.6635723114  -5.926e-08
  7638  +0.6638301555   5568611  +0.6638301611  +5.552e-09
  7639  +0.6640885747   5570779  +0.6640886068  +3.210e-08
  7640  +0.6643476301   5572952  +0.6643476486  +1.856e-08
  7641  +0.6646073234   5575130  +0.6646072865  -3.691e-08
  7642  +0.6648676565   5577314  +0.6648676395  -1.694e-08
  7643  +0.6651286313   5579503  +0.6651285887  -4.259e-08
  7644  +0.6653902496   5581698  +0.6653902531  +3.485e-09
  7645  +0.6656525133   5583898  +0.6656525135  +2.165e-10
  7646  +0.6659154243   5586103  +0.6659153700  -5.427e-08
  7647  +0.6661789844   5588314  +0.6661789417  -4.265e-08
  7648  +0.6664431955   5590531  +0.6664432287  +3.321e-08
  7649  +0.6667080596   5592753  +0.6667081118  +5.218e-08
  7650  +0.6669735785   5594980  +0.6669735909  +1.237e-08
  7651  +0.6672397541   5597213  +0.6672397852  +3.109e-08
  7652  +0.6675065884   5599451  +0.6675065756  -1.280e-08
  7653  +0.6677740832   5601695  +0.6677740812  -1.998e-09
  7654  +0.6680422406   5603944  +0.6680421829  -5.765e-08
  7655  +0.6683110624   5606200  +0.6683111191  +5.671e-08
  7656  +0.6685805505   5608460  +0.6685805321  -1.846e-08
  7657  +0.6688507070   5610726  +0.6688506603  -4.673e-08
  7658  +0.6691215339   5612998  +0.6691215038  -3.003e-08
  7659  +0.6693930329   5615276  +0.6693930626  +2.966e-08
  7660  +0.6696652062   5617559  +0.6696652174  +1.116e-08
  7661  +0.6699380558   5619848  +0.6699380875  +3.169e-08
  7662  +0.6702115835   5622142  +0.6702115536  -2.995e-08
  7663  +0.6704857915   5624442  +0.6704857349  -5.654e-08
  7664  +0.6707606817   5626748  +0.6707606316  -5.010e-08
  7665  +0.6710362561   5629060  +0.6710362434  -1.262e-08
  7666  +0.6713125167   5631378  +0.6713125706  +5.385e-08
  7667  +0.6715894657   5633701  +0.6715894938  +2.809e-08
  7668  +0.6718671049   5636030  +0.6718671322  +2.727e-08
  7669  +0.6721454365   5638365  +0.6721454859  +4.934e-08
  7670  +0.6724244626   5640705  +0.6724244356  -2.697e-08
  7671  +0.6727041851   5643052  +0.6727042198  +3.472e-08
  7672  +0.6729846062   5645404  +0.6729846001  -6.097e-09
  7673  +0.6732657279   5647762  +0.6732656956  -3.228e-08
  7674  +0.6735475523   5650126  +0.6735475063  -4.592e-08
  7675  +0.6738300815   5652496  +0.6738300323  -4.911e-08
  7676  +0.6741133176   5654872  +0.6741132736  -4.394e-08
  7677  +0.6743972627   5657254  +0.6743972301  -3.254e-08
  7678  +0.6746819189   5659642  +0.6746819019  -1.701e-08
  7679  +0.6749672885   5662036  +0.6749672890  +5.129e-10
  7680  +0.6752533734   5664436  +0.6752533913  +1.790e-08
  7681  +0.6755401758   5666842  +0.6755402088  +3.300e-08
  7682  +0.6758276980   5669254  +0.6758277416  +4.366e-08
  7683  +0.6761159420   5671672  +0.6761159897  +4.773e-08
  7684  +0.6764049100   5674096  +0.6764049530  +4.304e-08
  7685  +0.6766946042   5676526  +0.6766946316  +2.741e-08
  7686  +0.6769850268   5678962  +0.6769850254  -1.354e-09
  7687  +0.6772761799   5681404  +0.6772761345  -4.544e-08
  7688  +0.6775680659   5683853  +0.6775680780  +1.216e-08
  7689  +0.6778606868   5686308  +0.6778607368  +5.002e-08
  7690  +0.6781540450   5688768  +0.6781539917  -5.328e-08
  7691  +0.6784481426   5691236  +0.6784482002  +5.764e-08
  7692  +0.6787429819   5693709  +0.6787430048  +2.293e-08
  7693  +0.6790385651   5696188  +0.6790385246  -4.046e-08
  7694  +0.6793348945   5698674  +0.6793348789  -1.558e-08
  7695  +0.6796319724   5701166  +0.6796319485  -2.389e-08
  7696  +0.6799298009   5703665  +0.6799298525  +5.154e-08
  7697  +0.6802283825   5706169  +0.6802283525  -3.000e-08
  7698  +0.6805277195   5708680  +0.6805276871  -3.238e-08
  7699  +0.6808278140   5711198  +0.6808278561  +4.210e-08
  7700  +0.6811286684   5713721  +0.6811286211  -4.729e-08
  7701  +0.6814302851   5716252  +0.6814303398  +5.475e-08
  7702  +0.6817326663   5718788  +0.6817326546  -1.174e-08
  7703  +0.6820358145   5721331  +0.6820358038  -1.066e-08
  7704  +0.6823397319   5723881  +0.6823397875  +5.562e-08
  7705  +0.6826444209   5726436  +0.6826443672  -5.367e-08
  7706  +0.6829498839   5728999  +0.6829499006  +1.673e-08
  7707  +0.6832561233   5731568  +0.6832561493  +2.603e-08
  7708  +0.6835631414   5734143  +0.6835631132  -2.817e-08
  7709  +0.6838709406   5736725  +0.6838709116  -2.905e-08
  7710  +0.6841795235   5739314  +0.6841795444  +2.099e-08
  7711  +0.6844888922   5741909  +0.6844888926  +3.106e-10
  7712  +0.6847990494   5744511  +0.6847990751  +2.571e-08
  7713  +0.6851099974   5747119  +0.6851099730  -2.447e-08
  7714  +0.6854217387   5749734  +0.6854217052  -3.346e-08
  7715  +0.6857342757   5752356  +0.6857342720  -3.716e-09
  7716  +0.6860476109   5754984  +0.6860475540  -5.691e-08
  7717  +0.6863617468   5757620  +0.6863617897  +4.290e-08
  7718  +0.6866766858   5760262  +0.6866767406  +5.480e-08
  7719  +0.6869924305   5762910  +0.6869924068  -2.369e-08
  7720  +0.6873089834   5765566  +0.6873090267  +4.333e-08
  7721  +0.6876263469   5768228  +0.6876263618  +1.493e-08
  7722  +0.6879445236   5770897  +0.6879445314  +7.794e-09
  7723  +0.6882635161   5773573  +0.6882635355  +1.938e-08
  7724  +0.6885833269   5776256  +0.6885833740  +4.715e-08
  7725  +0.6889039585   5778945  +0.6889039278  -3.067e-08
  7726  +0.6892254135   5781642  +0.6892254353  +2.176e-08
  7727  +0.6895476945   5784345  +0.6895476580  -3.653e-08
  7728  +0.6898708041   5787056  +0.6898708344  +3.026e-08
  7729  +0.6901947449   5789773  +0.6901947260  -1.887e-08
  7730  +0.6905195194   5792498  +0.6905195713  +5.188e-08
  7731  +0.6908451304   5795229  +0.6908451319  +1.477e-09
  7732  +0.6911715804   5797967  +0.6911715269  -5.351e-08
  7733  +0.6914988721   5800713  +0.6914988756  +3.489e-09
  7734  +0.6918270082   5803466  +0.6918270588  +5.061e-08
  7735  +0.6921559912   5806225  +0.6921559572  -3.402e-08
  7736  +0.6924858240   5808992  +0.6924858093  -1.466e-08
  7737  +0.6928165091   5811766  +0.6928164959  -1.321e-08
  7738  +0.6931480493   5814547  +0.6931480169  -3.236e-08
  7739  +0.6934804473   5817336  +0.6934804916  +4.438e-08
  7740  +0.6938137057   5820131  +0.6938136816  -2.411e-08
  7741  +0.6941478274   5822934  +0.6941478252  -2.169e-09
  7742  +0.6944828151   5825744  +0.6944828033  -1.173e-08
  7743  +0.6948186715   5828561  +0.6948186159  -5.556e-08
  7744  +0.6951553994   5831386  +0.6951553822  -1.720e-08
  7745  +0.6954930015   5834218  +0.6954929829  -1.866e-08
  7746  +0.6958314807   5837058  +0.6958315372  +5.651e-08
  7747  +0.6961708398   5839904  +0.6961708069  -3.294e-08
  7748  +0.6965110816   5842758  +0.6965110302  -5.138e-08
  7749  +0.6968522088   5845620  +0.6968522072  -1.639e-09
  7750  +0.6971942244   5848489  +0.6971942186  -5.769e-09
  7751  +0.6975371312   5851366  +0.6975371838  +5.260e-08
  7752  +0.6978809320   5854250  +0.6978809834  +5.139e-08
  7753  +0.6982256297   5857141  +0.6982256174  -1.227e-08
  7754  +0.6985712272   5860040  +0.6985712051  -2.204e-08
  7755  +0.6989177274   5862947  +0.6989177465  +1.918e-08
  7756  +0.6992651332   5865861  +0.6992651224  -1.074e-08
  7757  +0.6996134474   5868783  +0.6996134520  +4.508e-09
  7758  +0.6999626732   5871712  +0.6999626160  -5.723e-08
  7759  +0.7003128133   5874650  +0.7003128529  +3.953e-08
  7760  +0.7006638708   5877595  +0.7006639242  +5.341e-08
  7761  +0.7010158486   5880547  +0.7010158300  -1.856e-08
  7762  +0.7013687497   5883508  +0.7013688087  +5.906e-08
  7763  +0.7017225771   5886476  +0.7017226219  +4.485e-08
  7764  +0.7020773337   5889452  +0.7020773888  +5.503e-08
  7765  +0.7024330227   5892435  +0.7024329901  -3.264e-08
  7766  +0.7027896470   5895427  +0.7027896643  +1.722e-08
  7767  +0.7031472098   5898426  +0.7031471729  -3.683e-08
  7768  +0.7035057139   5901434  +0.7035057545  +4.056e-08
  7769  +0.7038651626   5904449  +0.7038651705  +7.901e-09
  7770  +0.7042255588   5907472  +0.7042255402  -1.868e-08
  7771  +0.7045869058   5910503  +0.7045868635  -4.227e-08
  7772  +0.7049492065   5913543  +0.7049492598  +5.322e-08
  7773  +0.7053124642   5916590  +0.7053124905  +2.626e-08
  7774  +0.7056766819   5919645  +0.7056766748  -7.078e-09
  7775  +0.7060418628   5922708  +0.7060418129  -4.994e-08
  7776  +0.7064080101   5925780  +0.7064080238  +1.372e-08
  7777  +0.7067751269   5928859  +0.7067750692  -5.769e-08
  7778  +0.7071432165   5931947  +0.7071431875  -2.893e-08
  7779  +0.7075122819   5935043  +0.7075122595  -2.242e-08
  7780  +0.7078823265   5938147  +0.7078822851  -4.138e-08
  7781  +0.7082533534   5941260  +0.7082533836  +3.020e-08
  7782  +0.7086253660   5944380  +0.7086253166  -4.937e-08
  7783  +0.7089983674   5947509  +0.7089983225  -4.491e-08
  7784  +0.7093723609   5950647  +0.7093724012  +4.031e-08
  7785  +0.7097473499   5953792  +0.7097473145  -3.541e-08
  7786  +0.7101233375   5956946  +0.7101233006  -3.695e-08
  7787  +0.7105003272   5960109  +0.7105003595  +3.238e-08
  7788  +0.7108783221   5963280  +0.7108783722  +5.006e-08
  7789  +0.7112573258   5966459  +0.7112573385  +1.274e-08
  7790  +0.7116373415   5969647  +0.7116373777  +3.627e-08
  7791  +0.7120183725   5972843  +0.7120183706  -1.901e-09
  7792  +0.7124004224   5976048  +0.7124004364  +1.404e-08
  7793  +0.7127834944   5979261  +0.7127834558  -3.850e-08
  7794  +0.7131675919   5982483  +0.7131675482  -4.373e-08
  7795  +0.7135527185   5985714  +0.7135527134  -5.061e-09
  7796  +0.7139388774   5988953  +0.7139388323  -4.514e-08
  7797  +0.7143260723   5992201  +0.7143260241  -4.822e-08
  7798  +0.7147143065   5995458  +0.7147142887  -1.775e-08
  7799  +0.7151035835   5998724  +0.7151036263  +4.278e-08
  7800  +0.7154939068   6001998  +0.7154939175  +1.066e-08
  7801  +0.7158852799   6005281  +0.7158852816  +1.614e-09
  7802  +0.7162777064   6008573  +0.7162777185  +1.210e-08
  7803  +0.7166711898   6011874  +0.7166712284  +3.859e-08
  7804  +0.7170657336   6015183  +0.7170656919  -4.169e-08
  7805  +0.7174613415   6018502  +0.7174613476  +6.118e-09
  7806  +0.7178580169   6021830  +0.7178580761  +5.922e-08
  7807  +0.7182557635   6025166  +0.7182557583  -5.181e-09
  7808  +0.7186545849   6028512  +0.7186546326  +4.771e-08
  7809  +0.7190544847   6031866  +0.7190544605  -2.415e-08
  7810  +0.7194554666   6035230  +0.7194554806  +1.401e-08
  7811  +0.7198575342   6038603  +0.7198575735  +3.933e-08
  7812  +0.7202606912   6041985  +0.7202607393  +4.814e-08
  7813  +0.7206649413   6045376  +0.7206649780  +3.675e-08
  7814  +0.7210702882   6048776  +0.7210702896  +1.442e-09
  7815  +0.7214767356   6052186  +0.7214767933  +5.772e-08
  7816  +0.7218842872   6055604  +0.7218842506  -3.657e-08
  7817  +0.7222929468   6059032  +0.7222929001  -4.676e-08
  7818  +0.7227027182   6062470  +0.7227027416  +2.338e-08
  7819  +0.7231136052   6065917  +0.7231136560  +5.087e-08
  7820  +0.7235256114   6069373  +0.7235256433  +3.190e-08
  7821  +0.7239387409   6072838  +0.7239387035  -3.733e-08
  7822  +0.7243529973   6076313  +0.7243529558  -4.145e-08
  7823  +0.7247683845   6079798  +0.7247684002  +1.570e-08
  7824  +0.7251849064   6083292  +0.7251849174  +1.106e-08
  7825  +0.7256025669   6086795  +0.7256025076  -5.926e-08
  7826  +0.7260213698   6090309  +0.7260214090  +3.927e-08
  7827  +0.7264413190   6093831  +0.7264412642  -5.487e-08
  7828  +0.7268624186   6097364  +0.7268624306  +1.200e-08
  7829  +0.7272846723   6100906  +0.7272846699  -2.459e-09
  7830  +0.7277080843   6104458  +0.7277081013  +1.700e-08
  7831  +0.7281326584   6108019  +0.7281326056  -5.281e-08
  7832  +0.7285583986   6111591  +0.7285584211  +2.255e-08
  7833  +0.7289853090   6115172  +0.7289853096  +6.472e-10
  7834  +0.7294133935   6118763  +0.7294133902  -3.322e-09
  7835  +0.7298426562   6122364  +0.7298426628  +6.603e-09
  7836  +0.7302731012   6125975  +0.7302731276  +2.637e-08
  7837  +0.7307047325   6129596  +0.7307047844  +5.190e-08
  7838  +0.7311375542   6133226  +0.7311375141  -4.009e-08
  7839  +0.7315715704   6136867  +0.7315715551  -1.530e-08
  7840  +0.7320067853   6140518  +0.7320067883  +2.954e-09
  7841  +0.7324432029   6144179  +0.7324432135  +1.053e-08
  7842  +0.7328808275   6147850  +0.7328808308  +3.271e-09
  7843  +0.7333196631   6151531  +0.7333196402  -2.299e-08
  7844  +0.7337597141   6155223  +0.7337597609  +4.677e-08
  7845  +0.7342009845   6158924  +0.7342009544  -3.007e-08
  7846  +0.7346434786   6162636  +0.7346434593  -1.931e-08
  7847  +0.7350872007   6166358  +0.7350871563  -4.441e-08
  7848  +0.7355321550   6170091  +0.7355321646  +9.593e-09
  7849  +0.7359783457   6173834  +0.7359783649  +1.922e-08
  7850  +0.7364257772   6177587  +0.7364257574  -1.982e-08
  7851  +0.7368744538   6181351  +0.7368744612  +7.376e-09
  7852  +0.7373243798   6185125  +0.7373243570  -2.272e-08
  7853  +0.7377755594   6188910  +0.7377755642  +4.749e-09
  7854  +0.7382279972   6192705  +0.7382279634  -3.377e-08
  7855  +0.7386816975   6196511  +0.7386816740  -2.345e-08
  7856  +0.7391366645   6200328  +0.7391366959  +3.132e-08
  7857  +0.7395929029   6204155  +0.7395929098  +6.916e-09
  7858  +0.7400504169   6207993  +0.7400504351  +1.813e-08
  7859  +0.7405092111   6211841  +0.7405091524  -5.870e-08
  7860  +0.7409692899   6215701  +0.7409693003  +1.038e-08
  7861  +0.7414306577   6219571  +0.7414306402  -1.751e-08
  7862  +0.7418933191   6223452  +0.7418932915  -2.767e-08
  7863  +0.7423572786   6227344  +0.7423572540  -2.462e-08
  7864  +0.7428225408   6231247  +0.7428225279  -1.288e-08
  7865  +0.7432891101   6235161  +0.7432891130  +2.995e-09
  7866  +0.7437569911   6239086  +0.7437570095  +1.844e-08
  7867  +0.7442261884   6243022  +0.7442262173  +2.887e-08
  7868  +0.7446967067   6246969  +0.7446967363  +2.968e-08
  7869  +0.7451685504   6250927  +0.7451685667  +1.625e-08
  7870  +0.7456417244   6254896  +0.7456417084  -1.605e-08
  7871  +0.7461162332   6258877  +0.7461162806  +4.733e-08
  7872  +0.7465920815   6262868  +0.7465920448  -3.671e-08
  7873  +0.7470692740   6266871  +0.7470692396  -3.443e-08
  7874  +0.7475478155   6270886  +0.7475478649  +4.945e-08
  7875  +0.7480277105   6274911  +0.7480276823  -2.821e-08
  7876  +0.7485089639   6278948  +0.7485089302  -3.374e-08
  7877  +0.7489915805   6282997  +0.7489916086  +2.811e-08
  7878  +0.7494755650   6287057  +0.7494755983  +3.333e-08
  7879  +0.7499609222   6291128  +0.7499608994  -2.287e-08
  7880  +0.7504476570   6295211  +0.7504476309  -2.609e-08
  7881  +0.7509357741   6299306  +0.7509357929  +1.883e-08
  7882  +0.7514252784   6303412  +0.7514252663  -1.218e-08
  7883  +0.7519161749   6307530  +0.7519161701  -4.774e-09
  7884  +0.7524084683   6311660  +0.7524085045  +3.616e-08
  7885  +0.7529021637   6315801  +0.7529021502  -1.350e-08
  7886  +0.7533972658   6319954  +0.7533972263  -3.946e-08
  7887  +0.7538937797   6324119  +0.7538937330  -4.668e-08
  7888  +0.7543917103   6328296  +0.7543916702  -4.010e-08
  7889  +0.7548910627   6332485  +0.7548910379  -2.472e-08
  7890  +0.7553918417   6336686  +0.7553918362  -5.529e-09
  7891  +0.7558940524   6340899  +0.7558940649  +1.246e-08
  7892  +0.7563976999   6345124  +0.7563977242  +2.421e-08
  7893  +0.7569027892   6349361  +0.7569028139  +2.466e-08
  7894  +0.7574093254   6353610  +0.7574093342  +8.756e-09
  7895  +0.7579173136   6357871  +0.7579172850  -2.860e-08
  7896  +0.7584267588   6362145  +0.7584267855  +2.669e-08
  7897  +0.7589376662   6366431  +0.7589377165  +5.030e-08
  7898  +0.7594500409   6370729  +0.7594500780  +3.707e-08
  7899  +0.7599638882   6375039  +0.7599638700  -1.814e-08
  7900  +0.7604792131   6379362  +0.7604792118  -1.312e-09
  7901  +0.7609960209   6383697  +0.7609959841  -3.686e-08
  7902  +0.7615143168   6388045  +0.7615143061  -1.078e-08
  7903  +0.7620341061   6392405  +0.7620340586  -4.752e-08
  7904  +0.7625553939   6396778  +0.7625553608  -3.313e-08
  7905  +0.7630781856   6401164  +0.7630782127  +2.713e-08
  7906  +0.7636024864   6405562  +0.7636024952  +8.745e-09
  7907  +0.7641283017   6409973  +0.7641283274  +2.563e-08
  7908  +0.7646556368   6414396  +0.7646555901  -4.677e-08
  7909  +0.7651844970   6418833  +0.7651845217  +2.464e-08
  7910  +0.7657148877   6423282  +0.7657148838  -3.926e-09
  7911  +0.7662468143   6427744  +0.7662467957  -1.865e-08
  7912  +0.7667802822   6432219  +0.7667802572  -2.493e-08
  7913  +0.7673152967   6436707  +0.7673152685  -2.817e-08
  7914  +0.7678518634   6441208  +0.7678518295  -3.383e-08
  7915  +0.7683899876   6445722  +0.7683899403  -4.735e-08
  7916  +0.7689296749   6450250  +0.7689297199  +4.501e-08
  7917  +0.7694709308   6454790  +0.7694709301  -6.719e-10
  7918  +0.7700137607   6459344  +0.7700138092  +4.852e-08
  7919  +0.7705581702   6463910  +0.7705581188  -5.136e-08
  7920  +0.7711041648   6468491  +0.7711042166  +5.177e-08
  7921  +0.7716517501   6473084  +0.7716517448  -5.292e-09
  7922  +0.7722009317   6477691  +0.7722009420  +1.030e-08
  7923  +0.7727517152   6482311  +0.7727516890  -2.626e-08
  7924  +0.7733041062   6486945  +0.7733041048  -1.396e-09
  7925  +0.7738581103   6491592  +0.7738580704  -3.994e-08
  7926  +0.7744137332   6496253  +0.7744137049  -2.835e-08
  7927  +0.7749709806   6500928  +0.7749710083  +2.771e-08
  7928  +0.7755298581   6505616  +0.7755298615  +3.328e-09
  7929  +0.7760903715   6510318  +0.7760903835  +1.201e-08
  7930  +0.7766525265   6515034  +0.7766525745  +4.804e-08
  7931  +0.7772163288   6519763  +0.7772163153  -1.356e-08
  7932  +0.7777817843   6524506  +0.7777817249  -5.934e-08
  7933  +0.7783488986   6529264  +0.7783489227  +2.414e-08
  7934  +0.7789176776   6534035  +0.7789176702  -7.342e-09
  7935  +0.7794597914   6538583  +0.7794598341  +4.270e-08
  7936  +0.7794597914   6538583  +0.7794598341  +4.270e-08
  7937  +0.7794597914   6538583  +0.7794598341  +4.270e-08
  7938  +0.7794597914   6538583  +0.7794598341  +4.270e-08
  7939  +0.7794597914   6538583  +0.7794598341  +4.270e-08
  7940  +0.7794597914   6538583  +0.7794598341  +4.270e-08
  7941  +0.7794597914   6538583  +0.7794598341  +4.270e-08
  7942  +0.7794597914   6538583  +0.7794598341  +4.270e-08
  7943  +0.7794597914   6538583  +0.7794598341  +4.270e-08
  7944  +0.7794597914   6538583  +0.7794598341  +4.270e-08
  7945  +0.7794597914   6538583  +0.7794598341  +4.270e-08
  7946  +0.7794597914   6538583  +0.7794598341  +4.270e-08
  7947  +0.7794597914   6538583  +0.7794598341  +4.270e-08
  7948  +0.7794597914   6538583  +0.7794598341  +4.270e-08
  7949  +0.7794597914   6538583  +0.7794598341  +4.270e-08
  7950  +0.7794597914   6538583  +0.7794598341  +4.270e-08
  7951  +0.7794597914   6538583  +0.7794598341  +4.270e-08
  7952  +0.7794597914   6538583  +0.7794598341  +4.270e-08
  7953  +0.7794597914   6538583  +0.7794598341  +4.270e-08
  7954  +0.7794597914   6538583  +0.7794598341  +4.270e-08
  7955  +0.7794597914   6538583  +0.7794598341  +4.270e-08
  7956  +0.7794597914   6538583  +0.7794598341  +4.270e-08
  7957  +0.7794597914   6538583  +0.7794598341  +4.270e-08
  7958  +0.7794597914   6538583  +0.7794598341  +4.270e-08
  7959  +0.7794597914   6538583  +0.7794598341  +4.270e-08
  7960  +0.7794597914   6538583  +0.7794598341  +4.270e-08
  7961  +0.7794597914   6538583  +0.7794598341  +4.270e-08
  7962  +0.7794597914   6538583  +0.7794598341  +4.270e-08
  7963  +0.7794597914   6538583  +0.7794598341  +4.270e-08
  7964  +0.7794597914   6538583  +0.7794598341  +4.270e-08
  7965  +0.7794597914   6538583  +0.7794598341  +4.270e-08
  7966  +0.7794597914   6538583  +0.7794598341  +4.270e-08
  7967  +0.7794597914   6538583  +0.7794598341  +4.270e-08
  7968  +0.7794597914   6538583  +0.7794598341  +4.270e-08
  7969  +0.7794597914   6538583  +0.7794598341  +4.270e-08
  7970  +0.7794597914   6538583  +0.7794598341  +4.270e-08
  7971  +0.7794597914   6538583  +0.7794598341  +4.270e-08
  7972  +0.7794597914   6538583  +0.7794598341  +4.270e-08
  7973  +0.7794597914   6538583  +0.7794598341  +4.270e-08
  7974  +0.7794597914   6538583  +0.7794598341  +4.270e-08
  7975  +0.7794597914   6538583  +0.7794598341  +4.270e-08
  7976  +0.7794597914   6538583  +0.7794598341  +4.270e-08
  7977  +0.7794597914   6538583  +0.7794598341  +4.270e-08
  7978  +0.7794597914   6538583  +0.7794598341  +4.270e-08
  7979  +0.7794597914   6538583  +0.7794598341  +4.270e-08
  7980  +0.7794597914   6538583  +0.7794598341  +4.270e-08
  7981  +0.7794597914   6538583  +0.7794598341  +4.270e-08
  7982  +0.7794597914   6538583  +0.7794598341  +4.270e-08
  7983  +0.7794597914   6538583  +0.7794598341  +4.270e-08
  7984  +0.7794597914   6538583  +0.7794598341  +4.270e-08
  7985  +0.7794597914   6538583  +0.7794598341  +4.270e-08
  7986  +0.7794597914   6538583  +0.7794598341  +4.270e-08
  7987  +0.7794597914   6538583  +0.7794598341  +4.270e-08
  7988  +0.7794597914   6538583  +0.7794598341  +4.270e-08
  7989  +0.7794597914   6538583  +0.7794598341  +4.270e-08
  7990  +0.7794597914   6538583  +0.7794598341  +4.270e-08
  7991  +0.7794597914   6538583  +0.7794598341  +4.270e-08
  7992  +0.7794597914   6538583  +0.7794598341  +4.270e-08
  7993  +0.7794597914   6538583  +0.7794598341  +4.270e-08
  7994  +0.7794597914   6538583  +0.7794598341  +4.270e-08
  7995  +0.7794597914   6538583  +0.7794598341  +4.270e-08
  7996  +0.7794597914   6538583  +0.7794598341  +4.270e-08
  7997  +0.7794597914   6538583  +0.7794598341  +4.270e-08
  7998  +0.7794597914   6538583  +0.7794598341  +4.270e-08
  7999  +0.7794597914   6538583  +0.7794598341  +4.270e-08
  8000  +0.7794597914   6538583  +0.7794598341  +4.270e-08
  8001  +0.7794597914   6538583  +0.7794598341  +4.270e-08
  8002  +0.7794597914   6538583  +0.7794598341  +4.270e-08
  8003  +0.7794597914   6538583  +0.7794598341  +4.270e-08
  8004  +0.7794597914   6538583  +0.7794598341  +4.270e-08
  8005  +0.7794597914   6538583  +0.7794598341  +4.270e-08
  8006  +0.7794597914   6538583  +0.7794598341  +4.270e-08
  8007  +0.7794597914   6538583  +0.7794598341  +4.270e-08
  8008  +0.7794597914   6538583  +0.7794598341  +4.270e-08
  8009  +0.7794597914   6538583  +0.7794598341  +4.270e-08
  8010  +0.7794597914   6538583  +0.7794598341  +4.270e-08
  8011  +0.7794597914   6538583  +0.7794598341  +4.270e-08
  8012  +0.7794597914   6538583  +0.7794598341  +4.270e-08
  8013  +0.7794597914   6538583  +0.7794598341  +4.270e-08
  8014  +0.7794597914   6538583  +0.7794598341  +4.270e-08
  8015  +0.7794597914   6538583  +0.7794598341  +4.270e-08
  8016  +0.7794597914   6538583  +0.7794598341  +4.270e-08
  8017  +0.7794597914   6538583  +0.7794598341  +4.270e-08
  8018  +0.7794597914   6538583  +0.7794598341  +4.270e-08
  8019  +0.7794597914   6538583  +0.7794598341  +4.270e-08
  8020  +0.7794597914   6538583  +0.7794598341  +4.270e-08
  8021  +0.7794597914   6538583  +0.7794598341  +4.270e-08
  8022  +0.7794597914   6538583  +0.7794598341  +4.270e-08
  8023  +0.7794597914   6538583  +0.7794598341  +4.270e-08
  8024  +0.7794597914   6538583  +0.7794598341  +4.270e-08
  8025  +0.7794597914   6538583  +0.7794598341  +4.270e-08
  8026  +0.7794597914   6538583  +0.7794598341  +4.270e-08
  8027  +0.7794597914   6538583  +0.7794598341  +4.270e-08
  8028  +0.7794597914   6538583  +0.7794598341  +4.270e-08
  8029  +0.7794597914   6538583  +0.7794598341  +4.270e-08
  8030  +0.7794597914   6538583  +0.7794598341  +4.270e-08
  8031  +0.7794597914   6538583  +0.7794598341  +4.270e-08
  8032  +0.7794597914   6538583  +0.7794598341  +4.270e-08
  8033  +0.7794597914   6538583  +0.7794598341  +4.270e-08
  8034  +0.7794597914   6538583  +0.7794598341  +4.270e-08
  8035  +0.7794597914   6538583  +0.7794598341  +4.270e-08
  8036  +0.7794597914   6538583  +0.7794598341  +4.270e-08
  8037  +0.7794597914   6538583  +0.7794598341  +4.270e-08
  8038  +0.7794597914   6538583  +0.7794598341  +4.270e-08
  8039  +0.7794597914   6538583  +0.7794598341  +4.270e-08
  8040  +0.7794597914   6538583  +0.7794598341  +4.270e-08
  8041  +0.7794597914   6538583  +0.7794598341  +4.270e-08
  8042  +0.7794597914   6538583  +0.7794598341  +4.270e-08
  8043  +0.7794597914   6538583  +0.7794598341  +4.270e-08
  8044  +0.7794597914   6538583  +0.7794598341  +4.270e-08
  8045  +0.7794597914   6538583  +0.7794598341  +4.270e-08
  8046  +0.7794597914   6538583  +0.7794598341  +4.270e-08
  8047  +0.7794597914   6538583  +0.7794598341  +4.270e-08
  8048  +0.7794597914   6538583  +0.7794598341  +4.270e-08
  8049  +0.7794597914   6538583  +0.7794598341  +4.270e-08
  8050  +0.7794597914   6538583  +0.7794598341  +4.270e-08
  8051  +0.7794597914   6538583  +0.7794598341  +4.270e-08
  8052  +0.7794597914   6538583  +0.7794598341  +4.270e-08
  8053  +0.7794597914   6538583  +0.7794598341  +4.270e-08
  8054  +0.7794597914   6538583  +0.7794598341  +4.270e-08
  8055  +0.7794597914   6538583  +0.7794598341  +4.270e-08
  8056  +0.7794597914   6538583  +0.7794598341  +4.270e-08
  8057  +0.7794597914   6538583  +0.7794598341  +4.270e-08
  8058  +0.7794597914   6538583  +0.7794598341  +4.270e-08
  8059  +0.7794597914   6538583  +0.7794598341  +4.270e-08
  8060  +0.7794597914   6538583  +0.7794598341  +4.270e-08
  8061  +0.7794597914   6538583  +0.7794598341  +4.270e-08
  8062  +0.7794597914   6538583  +0.7794598341  +4.270e-08
  8063  +0.7794597914   6538583  +0.7794598341  +4.270e-08
  8064  +0.7794597914   6538583  +0.7794598341  +4.270e-08
  8065  +0.7794597914   6538583  +0.7794598341  +4.270e-08
  8066  +0.7794597914   6538583  +0.7794598341  +4.270e-08
  8067  +0.7794597914   6538583  +0.7794598341  +4.270e-08
  8068  +0.7794597914   6538583  +0.7794598341  +4.270e-08
  8069  +0.7794597914   6538583  +0.7794598341  +4.270e-08
  8070  +0.7794597914   6538583  +0.7794598341  +4.270e-08
  8071  +0.7794597914   6538583  +0.7794598341  +4.270e-08
  8072  +0.7794597914   6538583  +0.7794598341  +4.270e-08
  8073  +0.7794597914   6538583  +0.7794598341  +4.270e-08
  8074  +0.7794597914   6538583  +0.7794598341  +4.270e-08
  8075  +0.7794597914   6538583  +0.7794598341  +4.270e-08
  8076  +0.7794597914   6538583  +0.7794598341  +4.270e-08
  8077  +0.7794597914   6538583  +0.7794598341  +4.270e-08
  8078  +0.7794597914   6538583  +0.7794598341  +4.270e-08
  8079  +0.7794597914   6538583  +0.7794598341  +4.270e-08
  8080  +0.7794597914   6538583  +0.7794598341  +4.270e-08
  8081  +0.7794597914   6538583  +0.7794598341  +4.270e-08
  8082  +0.7794597914   6538583  +0.7794598341  +4.270e-08
  8083  +0.7794597914   6538583  +0.7794598341  +4.270e-08
  8084  +0.7794597914   6538583  +0.7794598341  +4.270e-08
  8085  +0.7794597914   6538583  +0.7794598341  +4.270e-08
  8086  +0.7794597914   6538583  +0.7794598341  +4.270e-08
  8087  +0.7794597914   6538583  +0.7794598341  +4.270e-08
  8088  +0.7794597914   6538583  +0.7794598341  +4.270e-08
  8089  +0.7794597914   6538583  +0.7794598341  +4.270e-08
  8090  +0.7794597914   6538583  +0.7794598341  +4.270e-08
  8091  +0.7794597914   6538583  +0.7794598341  +4.270e-08
  8092  +0.7794597914   6538583  +0.7794598341  +4.270e-08
  8093  +0.7794597914   6538583  +0.7794598341  +4.270e-08
  8094  +0.7794597914   6538583  +0.7794598341  +4.270e-08
  8095  +0.7794597914   6538583  +0.7794598341  +4.270e-08
  8096  +0.7794597914   6538583  +0.7794598341  +4.270e-08
  8097  +0.7794597914   6538583  +0.7794598341  +4.270e-08
  8098  +0.7794597914   6538583  +0.7794598341  +4.270e-08
  8099  +0.7794597914   6538583  +0.7794598341  +4.270e-08
  8100  +0.7794597914   6538583  +0.7794598341  +4.270e-08
  8101  +0.7794597914   6538583  +0.7794598341  +4.270e-08
  8102  +0.7794597914   6538583  +0.7794598341  +4.270e-08
  8103  +0.7794597914   6538583  +0.7794598341  +4.270e-08
  8104  +0.7794597914   6538583  +0.7794598341  +4.270e-08
  8105  +0.7794597914   6538583  +0.7794598341  +4.270e-08
  8106  +0.7794597914   6538583  +0.7794598341  +4.270e-08
  8107  +0.7794597914   6538583  +0.7794598341  +4.270e-08
  8108  +0.7794597914   6538583  +0.7794598341  +4.270e-08
  8109  +0.7794597914   6538583  +0.7794598341  +4.270e-08
  8110  +0.7794597914   6538583  +0.7794598341  +4.270e-08
  8111  +0.7794597914   6538583  +0.7794598341  +4.270e-08
  8112  +0.7794597914   6538583  +0.7794598341  +4.270e-08
  8113  +0.7794597914   6538583  +0.7794598341  +4.270e-08
  8114  +0.7794597914   6538583  +0.7794598341  +4.270e-08
  8115  +0.7794597914   6538583  +0.7794598341  +4.270e-08
  8116  +0.7794597914   6538583  +0.7794598341  +4.270e-08
  8117  +0.7794597914   6538583  +0.7794598341  +4.270e-08
  8118  +0.7794597914   6538583  +0.7794598341  +4.270e-08
  8119  +0.7794597914   6538583  +0.7794598341  +4.270e-08
  8120  +0.7794597914   6538583  +0.7794598341  +4.270e-08
  8121  +0.7794597914   6538583  +0.7794598341  +4.270e-08
  8122  +0.7794597914   6538583  +0.7794598341  +4.270e-08
  8123  +0.7794597914   6538583  +0.7794598341  +4.270e-08
  8124  +0.7794597914   6538583  +0.7794598341  +4.270e-08
  8125  +0.7794597914   6538583  +0.7794598341  +4.270e-08
  8126  +0.7794597914   6538583  +0.7794598341  +4.270e-08
  8127  +0.7794597914   6538583  +0.7794598341  +4.270e-08
  8128  +0.7794597914   6538583  +0.7794598341  +4.270e-08
  8129  +0.7794597914   6538583  +0.7794598341  +4.270e-08
  8130  +0.7794597914   6538583  +0.7794598341  +4.270e-08
  8131  +0.7794597914   6538583  +0.7794598341  +4.270e-08
  8132  +0.7794597914   6538583  +0.7794598341  +4.270e-08
  8133  +0.7794597914   6538583  +0.7794598341  +4.270e-08
  8134  +0.7794597914   6538583  +0.7794598341  +4.270e-08
  8135  +0.7794597914   6538583  +0.7794598341  +4.270e-08
  8136  +0.7794597914   6538583  +0.7794598341  +4.270e-08
  8137  +0.7794597914   6538583  +0.7794598341  +4.270e-08
  8138  +0.7794597914   6538583  +0.7794598341  +4.270e-08
  8139  +0.7794597914   6538583  +0.7794598341  +4.270e-08
  8140  +0.7794597914   6538583  +0.7794598341  +4.270e-08
  8141  +0.7794597914   6538583  +0.7794598341  +4.270e-08
  8142  +0.7794597914   6538583  +0.7794598341  +4.270e-08
  8143  +0.7794597914   6538583  +0.7794598341  +4.270e-08
  8144  +0.7794597914   6538583  +0.7794598341  +4.270e-08
  8145  +0.7794597914   6538583  +0.7794598341  +4.270e-08
  8146  +0.7794597914   6538583  +0.7794598341  +4.270e-08
  8147  +0.7794597914   6538583  +0.7794598341  +4.270e-08
  8148  +0.7794597914   6538583  +0.7794598341  +4.270e-08
  8149  +0.7794597914   6538583  +0.7794598341  +4.270e-08
  8150  +0.7794597914   6538583  +0.7794598341  +4.270e-08
  8151  +0.7794597914   6538583  +0.7794598341  +4.270e-08
  8152  +0.7794597914   6538583  +0.7794598341  +4.270e-08
  8153  +0.7794597914   6538583  +0.7794598341  +4.270e-08
  8154  +0.7794597914   6538583  +0.7794598341  +4.270e-08
  8155  +0.7794597914   6538583  +0.7794598341  +4.270e-08
  8156  +0.7794597914   6538583  +0.7794598341  +4.270e-08
  8157  +0.7794597914   6538583  +0.7794598341  +4.270e-08
  8158  +0.7794597914   6538583  +0.7794598341  +4.270e-08
  8159  +0.7794597914   6538583  +0.7794598341  +4.270e-08
  8160  +0.7794597914   6538583  +0.7794598341  +4.270e-08
  8161  +0.7794597914   6538583  +0.7794598341  +4.270e-08
  8162  +0.7794597914   6538583  +0.7794598341  +4.270e-08
  8163  +0.7794597914   6538583  +0.7794598341  +4.270e-08
  8164  +0.7794597914   6538583  +0.7794598341  +4.270e-08
  8165  +0.7794597914   6538583  +0.7794598341  +4.270e-08
  8166  +0.7794597914   6538583  +0.7794598341  +4.270e-08
  8167  +0.7794597914   6538583  +0.7794598341  +4.270e-08
  8168  +0.7794597914   6538583  +0.7794598341  +4.270e-08
  8169  +0.7794597914   6538583  +0.7794598341  +4.270e-08
  8170  +0.7794597914   6538583  +0.7794598341  +4.270e-08
  8171  +0.7794597914   6538583  +0.7794598341  +4.270e-08
  8172  +0.7794597914   6538583  +0.7794598341  +4.270e-08
  8173  +0.7794597914   6538583  +0.7794598341  +4.270e-08
  8174  +0.7794597914   6538583  +0.7794598341  +4.270e-08
  8175  +0.7794597914   6538583  +0.7794598341  +4.270e-08
  8176  +0.7794597914   6538583  +0.7794598341  +4.270e-08
  8177  +0.7794597914   6538583  +0.7794598341  +4.270e-08
  8178  +0.7794597914   6538583  +0.7794598341  +4.270e-08
  8179  +0.7794597914   6538583  +0.7794598341  +4.270e-08
  8180  +0.7794597914   6538583  +0.7794598341  +4.270e-08
  8181  +0.7794597914   6538583  +0.7794598341  +4.270e-08
  8182  +0.7794597914   6538583  +0.7794598341  +4.270e-08
  8183  +0.7794597914   6538583  +0.7794598341  +4.270e-08
  8184  +0.7794597914   6538583  +0.7794598341  +4.270e-08
  8185  +0.7794597914   6538583  +0.7794598341  +4.270e-08
  8186  +0.7794597914   6538583  +0.7794598341  +4.270e-08
  8187  +0.7794597914   6538583  +0.7794598341  +4.270e-08
  8188  +0.7794597914   6538583  +0.7794598341  +4.270e-08
  8189  +0.7794597914   6538583  +0.7794598341  +4.270e-08
  8190  +0.7794597914   6538583  +0.7794598341  +4.270e-08
  8191  +0.7794597914   6538583  +0.7794598341  +4.270e-08
