% burr_kappa_lut : 8192 entries
% Format: unsigned Q10.13 (23-bit), scale = 2^13 = 8192, resolution = 1.220703e-04
% Quantisation error: max |e| = 6.102362e-05, RMS = 3.449215e-05
% addr_var = log2_abs_s
% addr_min = -12
% addr_max = 1
% entries = 4096
% n_sign = 2
% note = diagnostic and testbench only -- the datapath never forms kappa
% Columns: addr  exact_value  code(dec)  requantized  error
     0  +0.9997757050      8190  +0.9997558594  -1.985e-05
     1  +0.9997752109      8190  +0.9997558594  -1.935e-05
     2  +0.9997747159      8190  +0.9997558594  -1.886e-05
     3  +0.9997742197      8190  +0.9997558594  -1.836e-05
     4  +0.9997737224      8190  +0.9997558594  -1.786e-05
     5  +0.9997732240      8190  +0.9997558594  -1.736e-05
     6  +0.9997727246      8190  +0.9997558594  -1.687e-05
     7  +0.9997722240      8190  +0.9997558594  -1.636e-05
     8  +0.9997717223      8190  +0.9997558594  -1.586e-05
     9  +0.9997712195      8190  +0.9997558594  -1.536e-05
    10  +0.9997707157      8190  +0.9997558594  -1.486e-05
    11  +0.9997702107      8190  +0.9997558594  -1.435e-05
    12  +0.9997697046      8190  +0.9997558594  -1.385e-05
    13  +0.9997691973      8190  +0.9997558594  -1.334e-05
    14  +0.9997686890      8190  +0.9997558594  -1.283e-05
    15  +0.9997681795      8190  +0.9997558594  -1.232e-05
    16  +0.9997676690      8190  +0.9997558594  -1.181e-05
    17  +0.9997671573      8190  +0.9997558594  -1.130e-05
    18  +0.9997666444      8190  +0.9997558594  -1.079e-05
    19  +0.9997661305      8190  +0.9997558594  -1.027e-05
    20  +0.9997656154      8190  +0.9997558594  -9.756e-06
    21  +0.9997650992      8190  +0.9997558594  -9.240e-06
    22  +0.9997645818      8190  +0.9997558594  -8.722e-06
    23  +0.9997640633      8190  +0.9997558594  -8.204e-06
    24  +0.9997635437      8190  +0.9997558594  -7.684e-06
    25  +0.9997630229      8190  +0.9997558594  -7.163e-06
    26  +0.9997625009      8190  +0.9997558594  -6.642e-06
    27  +0.9997619779      8190  +0.9997558594  -6.118e-06
    28  +0.9997614536      8190  +0.9997558594  -5.594e-06
    29  +0.9997609282      8190  +0.9997558594  -5.069e-06
    30  +0.9997604017      8190  +0.9997558594  -4.542e-06
    31  +0.9997598740      8190  +0.9997558594  -4.015e-06
    32  +0.9997593451      8190  +0.9997558594  -3.486e-06
    33  +0.9997588151      8190  +0.9997558594  -2.956e-06
    34  +0.9997582839      8190  +0.9997558594  -2.425e-06
    35  +0.9997577515      8190  +0.9997558594  -1.892e-06
    36  +0.9997572180      8190  +0.9997558594  -1.359e-06
    37  +0.9997566833      8190  +0.9997558594  -8.239e-07
    38  +0.9997561474      8190  +0.9997558594  -2.880e-07
    39  +0.9997556103      8190  +0.9997558594  +2.491e-07
    40  +0.9997550720      8190  +0.9997558594  +7.873e-07
    41  +0.9997545326      8190  +0.9997558594  +1.327e-06
    42  +0.9997539920      8190  +0.9997558594  +1.867e-06
    43  +0.9997534502      8190  +0.9997558594  +2.409e-06
    44  +0.9997529071      8190  +0.9997558594  +2.952e-06
    45  +0.9997523629      8190  +0.9997558594  +3.496e-06
    46  +0.9997518175      8190  +0.9997558594  +4.042e-06
    47  +0.9997512709      8190  +0.9997558594  +4.588e-06
    48  +0.9997507231      8190  +0.9997558594  +5.136e-06
    49  +0.9997501741      8190  +0.9997558594  +5.685e-06
    50  +0.9997496239      8190  +0.9997558594  +6.236e-06
    51  +0.9997490724      8190  +0.9997558594  +6.787e-06
    52  +0.9997485198      8190  +0.9997558594  +7.340e-06
    53  +0.9997479659      8190  +0.9997558594  +7.893e-06
    54  +0.9997474108      8190  +0.9997558594  +8.449e-06
    55  +0.9997468545      8190  +0.9997558594  +9.005e-06
    56  +0.9997462970      8190  +0.9997558594  +9.562e-06
    57  +0.9997457382      8190  +0.9997558594  +1.012e-05
    58  +0.9997451782      8190  +0.9997558594  +1.068e-05
    59  +0.9997446170      8190  +0.9997558594  +1.124e-05
    60  +0.9997440545      8190  +0.9997558594  +1.180e-05
    61  +0.9997434908      8190  +0.9997558594  +1.237e-05
    62  +0.9997429259      8190  +0.9997558594  +1.293e-05
    63  +0.9997423597      8190  +0.9997558594  +1.350e-05
    64  +0.9997417923      8190  +0.9997558594  +1.407e-05
    65  +0.9997412236      8190  +0.9997558594  +1.464e-05
    66  +0.9997406536      8190  +0.9997558594  +1.521e-05
    67  +0.9997400825      8190  +0.9997558594  +1.578e-05
    68  +0.9997395100      8190  +0.9997558594  +1.635e-05
    69  +0.9997389363      8190  +0.9997558594  +1.692e-05
    70  +0.9997383613      8190  +0.9997558594  +1.750e-05
    71  +0.9997377851      8190  +0.9997558594  +1.807e-05
    72  +0.9997372076      8190  +0.9997558594  +1.865e-05
    73  +0.9997366288      8190  +0.9997558594  +1.923e-05
    74  +0.9997360488      8190  +0.9997558594  +1.981e-05
    75  +0.9997354674      8190  +0.9997558594  +2.039e-05
    76  +0.9997348848      8190  +0.9997558594  +2.097e-05
    77  +0.9997343009      8190  +0.9997558594  +2.156e-05
    78  +0.9997337157      8190  +0.9997558594  +2.214e-05
    79  +0.9997331293      8190  +0.9997558594  +2.273e-05
    80  +0.9997325415      8190  +0.9997558594  +2.332e-05
    81  +0.9997319525      8190  +0.9997558594  +2.391e-05
    82  +0.9997313621      8190  +0.9997558594  +2.450e-05
    83  +0.9997307705      8190  +0.9997558594  +2.509e-05
    84  +0.9997301775      8190  +0.9997558594  +2.568e-05
    85  +0.9997295833      8190  +0.9997558594  +2.628e-05
    86  +0.9997289877      8190  +0.9997558594  +2.687e-05
    87  +0.9997283908      8190  +0.9997558594  +2.747e-05
    88  +0.9997277926      8190  +0.9997558594  +2.807e-05
    89  +0.9997271931      8190  +0.9997558594  +2.867e-05
    90  +0.9997265923      8190  +0.9997558594  +2.927e-05
    91  +0.9997259901      8190  +0.9997558594  +2.987e-05
    92  +0.9997253867      8190  +0.9997558594  +3.047e-05
    93  +0.9997247819      8190  +0.9997558594  +3.108e-05
    94  +0.9997241757      8190  +0.9997558594  +3.168e-05
    95  +0.9997235682      8190  +0.9997558594  +3.229e-05
    96  +0.9997229594      8190  +0.9997558594  +3.290e-05
    97  +0.9997223493      8190  +0.9997558594  +3.351e-05
    98  +0.9997217378      8190  +0.9997558594  +3.412e-05
    99  +0.9997211249      8190  +0.9997558594  +3.473e-05
   100  +0.9997205108      8190  +0.9997558594  +3.535e-05
   101  +0.9997198952      8190  +0.9997558594  +3.596e-05
   102  +0.9997192783      8190  +0.9997558594  +3.658e-05
   103  +0.9997186601      8190  +0.9997558594  +3.720e-05
   104  +0.9997180404      8190  +0.9997558594  +3.782e-05
   105  +0.9997174195      8190  +0.9997558594  +3.844e-05
   106  +0.9997167971      8190  +0.9997558594  +3.906e-05
   107  +0.9997161734      8190  +0.9997558594  +3.969e-05
   108  +0.9997155483      8190  +0.9997558594  +4.031e-05
   109  +0.9997149218      8190  +0.9997558594  +4.094e-05
   110  +0.9997142940      8190  +0.9997558594  +4.157e-05
   111  +0.9997136647      8190  +0.9997558594  +4.219e-05
   112  +0.9997130341      8190  +0.9997558594  +4.283e-05
   113  +0.9997124021      8190  +0.9997558594  +4.346e-05
   114  +0.9997117687      8190  +0.9997558594  +4.409e-05
   115  +0.9997111339      8190  +0.9997558594  +4.473e-05
   116  +0.9997104977      8190  +0.9997558594  +4.536e-05
   117  +0.9997098602      8190  +0.9997558594  +4.600e-05
   118  +0.9997092212      8190  +0.9997558594  +4.664e-05
   119  +0.9997085808      8190  +0.9997558594  +4.728e-05
   120  +0.9997079390      8190  +0.9997558594  +4.792e-05
   121  +0.9997072957      8190  +0.9997558594  +4.856e-05
   122  +0.9997066511      8190  +0.9997558594  +4.921e-05
   123  +0.9997060050      8190  +0.9997558594  +4.985e-05
   124  +0.9997053575      8190  +0.9997558594  +5.050e-05
   125  +0.9997047086      8190  +0.9997558594  +5.115e-05
   126  +0.9997040583      8190  +0.9997558594  +5.180e-05
   127  +0.9997034065      8190  +0.9997558594  +5.245e-05
   128  +0.9997027533      8190  +0.9997558594  +5.311e-05
   129  +0.9997020987      8190  +0.9997558594  +5.376e-05
   130  +0.9997014426      8190  +0.9997558594  +5.442e-05
   131  +0.9997007851      8190  +0.9997558594  +5.507e-05
   132  +0.9997001261      8190  +0.9997558594  +5.573e-05
   133  +0.9996994657      8190  +0.9997558594  +5.639e-05
   134  +0.9996988038      8190  +0.9997558594  +5.706e-05
   135  +0.9996981405      8190  +0.9997558594  +5.772e-05
   136  +0.9996974757      8190  +0.9997558594  +5.838e-05
   137  +0.9996968094      8190  +0.9997558594  +5.905e-05
   138  +0.9996961417      8190  +0.9997558594  +5.972e-05
   139  +0.9996954725      8190  +0.9997558594  +6.039e-05
   140  +0.9996948018      8189  +0.9996337891  -6.101e-05
   141  +0.9996941296      8189  +0.9996337891  -6.034e-05
   142  +0.9996934560      8189  +0.9996337891  -5.967e-05
   143  +0.9996927809      8189  +0.9996337891  -5.899e-05
   144  +0.9996921043      8189  +0.9996337891  -5.832e-05
   145  +0.9996914262      8189  +0.9996337891  -5.764e-05
   146  +0.9996907466      8189  +0.9996337891  -5.696e-05
   147  +0.9996900656      8189  +0.9996337891  -5.628e-05
   148  +0.9996893830      8189  +0.9996337891  -5.559e-05
   149  +0.9996886989      8189  +0.9996337891  -5.491e-05
   150  +0.9996880133      8189  +0.9996337891  -5.422e-05
   151  +0.9996873262      8189  +0.9996337891  -5.354e-05
   152  +0.9996866376      8189  +0.9996337891  -5.285e-05
   153  +0.9996859475      8189  +0.9996337891  -5.216e-05
   154  +0.9996852558      8189  +0.9996337891  -5.147e-05
   155  +0.9996845627      8189  +0.9996337891  -5.077e-05
   156  +0.9996838680      8189  +0.9996337891  -5.008e-05
   157  +0.9996831718      8189  +0.9996337891  -4.938e-05
   158  +0.9996824740      8189  +0.9996337891  -4.868e-05
   159  +0.9996817747      8189  +0.9996337891  -4.799e-05
   160  +0.9996810739      8189  +0.9996337891  -4.728e-05
   161  +0.9996803715      8189  +0.9996337891  -4.658e-05
   162  +0.9996796676      8189  +0.9996337891  -4.588e-05
   163  +0.9996789621      8189  +0.9996337891  -4.517e-05
   164  +0.9996782551      8189  +0.9996337891  -4.447e-05
   165  +0.9996775465      8189  +0.9996337891  -4.376e-05
   166  +0.9996768364      8189  +0.9996337891  -4.305e-05
   167  +0.9996761247      8189  +0.9996337891  -4.234e-05
   168  +0.9996754114      8189  +0.9996337891  -4.162e-05
   169  +0.9996746965      8189  +0.9996337891  -4.091e-05
   170  +0.9996739801      8189  +0.9996337891  -4.019e-05
   171  +0.9996732621      8189  +0.9996337891  -3.947e-05
   172  +0.9996725426      8189  +0.9996337891  -3.875e-05
   173  +0.9996718214      8189  +0.9996337891  -3.803e-05
   174  +0.9996710986      8189  +0.9996337891  -3.731e-05
   175  +0.9996703743      8189  +0.9996337891  -3.659e-05
   176  +0.9996696484      8189  +0.9996337891  -3.586e-05
   177  +0.9996689208      8189  +0.9996337891  -3.513e-05
   178  +0.9996681917      8189  +0.9996337891  -3.440e-05
   179  +0.9996674610      8189  +0.9996337891  -3.367e-05
   180  +0.9996667286      8189  +0.9996337891  -3.294e-05
   181  +0.9996659947      8189  +0.9996337891  -3.221e-05
   182  +0.9996652591      8189  +0.9996337891  -3.147e-05
   183  +0.9996645219      8189  +0.9996337891  -3.073e-05
   184  +0.9996637831      8189  +0.9996337891  -2.999e-05
   185  +0.9996630426      8189  +0.9996337891  -2.925e-05
   186  +0.9996623006      8189  +0.9996337891  -2.851e-05
   187  +0.9996615569      8189  +0.9996337891  -2.777e-05
   188  +0.9996608115      8189  +0.9996337891  -2.702e-05
   189  +0.9996600645      8189  +0.9996337891  -2.628e-05
   190  +0.9996593159      8189  +0.9996337891  -2.553e-05
   191  +0.9996585656      8189  +0.9996337891  -2.478e-05
   192  +0.9996578137      8189  +0.9996337891  -2.402e-05
   193  +0.9996570601      8189  +0.9996337891  -2.327e-05
   194  +0.9996563049      8189  +0.9996337891  -2.252e-05
   195  +0.9996555479      8189  +0.9996337891  -2.176e-05
   196  +0.9996547894      8189  +0.9996337891  -2.100e-05
   197  +0.9996540291      8189  +0.9996337891  -2.024e-05
   198  +0.9996532672      8189  +0.9996337891  -1.948e-05
   199  +0.9996525036      8189  +0.9996337891  -1.871e-05
   200  +0.9996517383      8189  +0.9996337891  -1.795e-05
   201  +0.9996509714      8189  +0.9996337891  -1.718e-05
   202  +0.9996502027      8189  +0.9996337891  -1.641e-05
   203  +0.9996494324      8189  +0.9996337891  -1.564e-05
   204  +0.9996486603      8189  +0.9996337891  -1.487e-05
   205  +0.9996478866      8189  +0.9996337891  -1.410e-05
   206  +0.9996471111      8189  +0.9996337891  -1.332e-05
   207  +0.9996463340      8189  +0.9996337891  -1.254e-05
   208  +0.9996455551      8189  +0.9996337891  -1.177e-05
   209  +0.9996447746      8189  +0.9996337891  -1.099e-05
   210  +0.9996439923      8189  +0.9996337891  -1.020e-05
   211  +0.9996432083      8189  +0.9996337891  -9.419e-06
   212  +0.9996424225      8189  +0.9996337891  -8.633e-06
   213  +0.9996416350      8189  +0.9996337891  -7.846e-06
   214  +0.9996408458      8189  +0.9996337891  -7.057e-06
   215  +0.9996400549      8189  +0.9996337891  -6.266e-06
   216  +0.9996392622      8189  +0.9996337891  -5.473e-06
   217  +0.9996384678      8189  +0.9996337891  -4.679e-06
   218  +0.9996376716      8189  +0.9996337891  -3.883e-06
   219  +0.9996368737      8189  +0.9996337891  -3.085e-06
   220  +0.9996360740      8189  +0.9996337891  -2.285e-06
   221  +0.9996352725      8189  +0.9996337891  -1.483e-06
   222  +0.9996344693      8189  +0.9996337891  -6.802e-07
   223  +0.9996336643      8189  +0.9996337891  +1.247e-07
   224  +0.9996328576      8189  +0.9996337891  +9.315e-07
   225  +0.9996320490      8189  +0.9996337891  +1.740e-06
   226  +0.9996312387      8189  +0.9996337891  +2.550e-06
   227  +0.9996304266      8189  +0.9996337891  +3.362e-06
   228  +0.9996296128      8189  +0.9996337891  +4.176e-06
   229  +0.9996287971      8189  +0.9996337891  +4.992e-06
   230  +0.9996279796      8189  +0.9996337891  +5.809e-06
   231  +0.9996271603      8189  +0.9996337891  +6.629e-06
   232  +0.9996263393      8189  +0.9996337891  +7.450e-06
   233  +0.9996255164      8189  +0.9996337891  +8.273e-06
   234  +0.9996246917      8189  +0.9996337891  +9.097e-06
   235  +0.9996238652      8189  +0.9996337891  +9.924e-06
   236  +0.9996230369      8189  +0.9996337891  +1.075e-05
   237  +0.9996222067      8189  +0.9996337891  +1.158e-05
   238  +0.9996213747      8189  +0.9996337891  +1.241e-05
   239  +0.9996205409      8189  +0.9996337891  +1.325e-05
   240  +0.9996197053      8189  +0.9996337891  +1.408e-05
   241  +0.9996188678      8189  +0.9996337891  +1.492e-05
   242  +0.9996180285      8189  +0.9996337891  +1.576e-05
   243  +0.9996171873      8189  +0.9996337891  +1.660e-05
   244  +0.9996163443      8189  +0.9996337891  +1.744e-05
   245  +0.9996154994      8189  +0.9996337891  +1.829e-05
   246  +0.9996146526      8189  +0.9996337891  +1.914e-05
   247  +0.9996138040      8189  +0.9996337891  +1.999e-05
   248  +0.9996129535      8189  +0.9996337891  +2.084e-05
   249  +0.9996121012      8189  +0.9996337891  +2.169e-05
   250  +0.9996112470      8189  +0.9996337891  +2.254e-05
   251  +0.9996103909      8189  +0.9996337891  +2.340e-05
   252  +0.9996095329      8189  +0.9996337891  +2.426e-05
   253  +0.9996086730      8189  +0.9996337891  +2.512e-05
   254  +0.9996078112      8189  +0.9996337891  +2.598e-05
   255  +0.9996069475      8189  +0.9996337891  +2.684e-05
   256  +0.9996060820      8189  +0.9996337891  +2.771e-05
   257  +0.9996052145      8189  +0.9996337891  +2.857e-05
   258  +0.9996043451      8189  +0.9996337891  +2.944e-05
   259  +0.9996034738      8189  +0.9996337891  +3.032e-05
   260  +0.9996026006      8189  +0.9996337891  +3.119e-05
   261  +0.9996017254      8189  +0.9996337891  +3.206e-05
   262  +0.9996008484      8189  +0.9996337891  +3.294e-05
   263  +0.9995999694      8189  +0.9996337891  +3.382e-05
   264  +0.9995990884      8189  +0.9996337891  +3.470e-05
   265  +0.9995982056      8189  +0.9996337891  +3.558e-05
   266  +0.9995973208      8189  +0.9996337891  +3.647e-05
   267  +0.9995964340      8189  +0.9996337891  +3.736e-05
   268  +0.9995955453      8189  +0.9996337891  +3.824e-05
   269  +0.9995946546      8189  +0.9996337891  +3.913e-05
   270  +0.9995937620      8189  +0.9996337891  +4.003e-05
   271  +0.9995928674      8189  +0.9996337891  +4.092e-05
   272  +0.9995919708      8189  +0.9996337891  +4.182e-05
   273  +0.9995910723      8189  +0.9996337891  +4.272e-05
   274  +0.9995901717      8189  +0.9996337891  +4.362e-05
   275  +0.9995892692      8189  +0.9996337891  +4.452e-05
   276  +0.9995883647      8189  +0.9996337891  +4.542e-05
   277  +0.9995874583      8189  +0.9996337891  +4.633e-05
   278  +0.9995865498      8189  +0.9996337891  +4.724e-05
   279  +0.9995856393      8189  +0.9996337891  +4.815e-05
   280  +0.9995847268      8189  +0.9996337891  +4.906e-05
   281  +0.9995838123      8189  +0.9996337891  +4.998e-05
   282  +0.9995828958      8189  +0.9996337891  +5.089e-05
   283  +0.9995819773      8189  +0.9996337891  +5.181e-05
   284  +0.9995810568      8189  +0.9996337891  +5.273e-05
   285  +0.9995801342      8189  +0.9996337891  +5.365e-05
   286  +0.9995792096      8189  +0.9996337891  +5.458e-05
   287  +0.9995782830      8189  +0.9996337891  +5.551e-05
   288  +0.9995773543      8189  +0.9996337891  +5.643e-05
   289  +0.9995764236      8189  +0.9996337891  +5.737e-05
   290  +0.9995754908      8189  +0.9996337891  +5.830e-05
   291  +0.9995745560      8189  +0.9996337891  +5.923e-05
   292  +0.9995736191      8189  +0.9996337891  +6.017e-05
   293  +0.9995726802      8188  +0.9995117188  -6.096e-05
   294  +0.9995717392      8188  +0.9995117188  -6.002e-05
   295  +0.9995707961      8188  +0.9995117188  -5.908e-05
   296  +0.9995698509      8188  +0.9995117188  -5.813e-05
   297  +0.9995689037      8188  +0.9995117188  -5.718e-05
   298  +0.9995679544      8188  +0.9995117188  -5.624e-05
   299  +0.9995670030      8188  +0.9995117188  -5.528e-05
   300  +0.9995660495      8188  +0.9995117188  -5.433e-05
   301  +0.9995650938      8188  +0.9995117188  -5.338e-05
   302  +0.9995641361      8188  +0.9995117188  -5.242e-05
   303  +0.9995631763      8188  +0.9995117188  -5.146e-05
   304  +0.9995622144      8188  +0.9995117188  -5.050e-05
   305  +0.9995612503      8188  +0.9995117188  -4.953e-05
   306  +0.9995602842      8188  +0.9995117188  -4.857e-05
   307  +0.9995593159      8188  +0.9995117188  -4.760e-05
   308  +0.9995583455      8188  +0.9995117188  -4.663e-05
   309  +0.9995573729      8188  +0.9995117188  -4.565e-05
   310  +0.9995563982      8188  +0.9995117188  -4.468e-05
   311  +0.9995554213      8188  +0.9995117188  -4.370e-05
   312  +0.9995544423      8188  +0.9995117188  -4.272e-05
   313  +0.9995534612      8188  +0.9995117188  -4.174e-05
   314  +0.9995524779      8188  +0.9995117188  -4.076e-05
   315  +0.9995514924      8188  +0.9995117188  -3.977e-05
   316  +0.9995505047      8188  +0.9995117188  -3.879e-05
   317  +0.9995495149      8188  +0.9995117188  -3.780e-05
   318  +0.9995485229      8188  +0.9995117188  -3.680e-05
   319  +0.9995475287      8188  +0.9995117188  -3.581e-05
   320  +0.9995465324      8188  +0.9995117188  -3.481e-05
   321  +0.9995455338      8188  +0.9995117188  -3.382e-05
   322  +0.9995445330      8188  +0.9995117188  -3.281e-05
   323  +0.9995435301      8188  +0.9995117188  -3.181e-05
   324  +0.9995425249      8188  +0.9995117188  -3.081e-05
   325  +0.9995415175      8188  +0.9995117188  -2.980e-05
   326  +0.9995405079      8188  +0.9995117188  -2.879e-05
   327  +0.9995394961      8188  +0.9995117188  -2.778e-05
   328  +0.9995384820      8188  +0.9995117188  -2.676e-05
   329  +0.9995374657      8188  +0.9995117188  -2.575e-05
   330  +0.9995364472      8188  +0.9995117188  -2.473e-05
   331  +0.9995354264      8188  +0.9995117188  -2.371e-05
   332  +0.9995344034      8188  +0.9995117188  -2.268e-05
   333  +0.9995333781      8188  +0.9995117188  -2.166e-05
   334  +0.9995323506      8188  +0.9995117188  -2.063e-05
   335  +0.9995313208      8188  +0.9995117188  -1.960e-05
   336  +0.9995302888      8188  +0.9995117188  -1.857e-05
   337  +0.9995292545      8188  +0.9995117188  -1.754e-05
   338  +0.9995282179      8188  +0.9995117188  -1.650e-05
   339  +0.9995271790      8188  +0.9995117188  -1.546e-05
   340  +0.9995261378      8188  +0.9995117188  -1.442e-05
   341  +0.9995250944      8188  +0.9995117188  -1.338e-05
   342  +0.9995240486      8188  +0.9995117188  -1.233e-05
   343  +0.9995230005      8188  +0.9995117188  -1.128e-05
   344  +0.9995219502      8188  +0.9995117188  -1.023e-05
   345  +0.9995208975      8188  +0.9995117188  -9.179e-06
   346  +0.9995198425      8188  +0.9995117188  -8.124e-06
   347  +0.9995187852      8188  +0.9995117188  -7.066e-06
   348  +0.9995177255      8188  +0.9995117188  -6.007e-06
   349  +0.9995166636      8188  +0.9995117188  -4.945e-06
   350  +0.9995155992      8188  +0.9995117188  -3.880e-06
   351  +0.9995145326      8188  +0.9995117188  -2.814e-06
   352  +0.9995134636      8188  +0.9995117188  -1.745e-06
   353  +0.9995123922      8188  +0.9995117188  -6.735e-07
   354  +0.9995113185      8188  +0.9995117188  +4.002e-07
   355  +0.9995102424      8188  +0.9995117188  +1.476e-06
   356  +0.9995091640      8188  +0.9995117188  +2.555e-06
   357  +0.9995080832      8188  +0.9995117188  +3.636e-06
   358  +0.9995070000      8188  +0.9995117188  +4.719e-06
   359  +0.9995059144      8188  +0.9995117188  +5.804e-06
   360  +0.9995048264      8188  +0.9995117188  +6.892e-06
   361  +0.9995037360      8188  +0.9995117188  +7.983e-06
   362  +0.9995026433      8188  +0.9995117188  +9.075e-06
   363  +0.9995015481      8188  +0.9995117188  +1.017e-05
   364  +0.9995004505      8188  +0.9995117188  +1.127e-05
   365  +0.9994993505      8188  +0.9995117188  +1.237e-05
   366  +0.9994982481      8188  +0.9995117188  +1.347e-05
   367  +0.9994971432      8188  +0.9995117188  +1.458e-05
   368  +0.9994960360      8188  +0.9995117188  +1.568e-05
   369  +0.9994949262      8188  +0.9995117188  +1.679e-05
   370  +0.9994938141      8188  +0.9995117188  +1.790e-05
   371  +0.9994926995      8188  +0.9995117188  +1.902e-05
   372  +0.9994915824      8188  +0.9995117188  +2.014e-05
   373  +0.9994904629      8188  +0.9995117188  +2.126e-05
   374  +0.9994893409      8188  +0.9995117188  +2.238e-05
   375  +0.9994882164      8188  +0.9995117188  +2.350e-05
   376  +0.9994870895      8188  +0.9995117188  +2.463e-05
   377  +0.9994859601      8188  +0.9995117188  +2.576e-05
   378  +0.9994848282      8188  +0.9995117188  +2.689e-05
   379  +0.9994836938      8188  +0.9995117188  +2.802e-05
   380  +0.9994825569      8188  +0.9995117188  +2.916e-05
   381  +0.9994814176      8188  +0.9995117188  +3.030e-05
   382  +0.9994802757      8188  +0.9995117188  +3.144e-05
   383  +0.9994791313      8188  +0.9995117188  +3.259e-05
   384  +0.9994779843      8188  +0.9995117188  +3.373e-05
   385  +0.9994768349      8188  +0.9995117188  +3.488e-05
   386  +0.9994756829      8188  +0.9995117188  +3.604e-05
   387  +0.9994745284      8188  +0.9995117188  +3.719e-05
   388  +0.9994733713      8188  +0.9995117188  +3.835e-05
   389  +0.9994722117      8188  +0.9995117188  +3.951e-05
   390  +0.9994710496      8188  +0.9995117188  +4.067e-05
   391  +0.9994698849      8188  +0.9995117188  +4.183e-05
   392  +0.9994687176      8188  +0.9995117188  +4.300e-05
   393  +0.9994675477      8188  +0.9995117188  +4.417e-05
   394  +0.9994663753      8188  +0.9995117188  +4.534e-05
   395  +0.9994652003      8188  +0.9995117188  +4.652e-05
   396  +0.9994640227      8188  +0.9995117188  +4.770e-05
   397  +0.9994628426      8188  +0.9995117188  +4.888e-05
   398  +0.9994616598      8188  +0.9995117188  +5.006e-05
   399  +0.9994604744      8188  +0.9995117188  +5.124e-05
   400  +0.9994592864      8188  +0.9995117188  +5.243e-05
   401  +0.9994580958      8188  +0.9995117188  +5.362e-05
   402  +0.9994569026      8188  +0.9995117188  +5.482e-05
   403  +0.9994557067      8188  +0.9995117188  +5.601e-05
   404  +0.9994545082      8188  +0.9995117188  +5.721e-05
   405  +0.9994533071      8188  +0.9995117188  +5.841e-05
   406  +0.9994521034      8188  +0.9995117188  +5.962e-05
   407  +0.9994508970      8188  +0.9995117188  +6.082e-05
   408  +0.9994496879      8187  +0.9993896484  -6.004e-05
   409  +0.9994484762      8187  +0.9993896484  -5.883e-05
   410  +0.9994472618      8187  +0.9993896484  -5.761e-05
   411  +0.9994460447      8187  +0.9993896484  -5.640e-05
   412  +0.9994448249      8187  +0.9993896484  -5.518e-05
   413  +0.9994436025      8187  +0.9993896484  -5.395e-05
   414  +0.9994423774      8187  +0.9993896484  -5.273e-05
   415  +0.9994411496      8187  +0.9993896484  -5.150e-05
   416  +0.9994399190      8187  +0.9993896484  -5.027e-05
   417  +0.9994386858      8187  +0.9993896484  -4.904e-05
   418  +0.9994374499      8187  +0.9993896484  -4.780e-05
   419  +0.9994362112      8187  +0.9993896484  -4.656e-05
   420  +0.9994349698      8187  +0.9993896484  -4.532e-05
   421  +0.9994337257      8187  +0.9993896484  -4.408e-05
   422  +0.9994324788      8187  +0.9993896484  -4.283e-05
   423  +0.9994312292      8187  +0.9993896484  -4.158e-05
   424  +0.9994299769      8187  +0.9993896484  -4.033e-05
   425  +0.9994287218      8187  +0.9993896484  -3.907e-05
   426  +0.9994274639      8187  +0.9993896484  -3.782e-05
   427  +0.9994262033      8187  +0.9993896484  -3.655e-05
   428  +0.9994249398      8187  +0.9993896484  -3.529e-05
   429  +0.9994236737      8187  +0.9993896484  -3.403e-05
   430  +0.9994224047      8187  +0.9993896484  -3.276e-05
   431  +0.9994211329      8187  +0.9993896484  -3.148e-05
   432  +0.9994198583      8187  +0.9993896484  -3.021e-05
   433  +0.9994185809      8187  +0.9993896484  -2.893e-05
   434  +0.9994173008      8187  +0.9993896484  -2.765e-05
   435  +0.9994160177      8187  +0.9993896484  -2.637e-05
   436  +0.9994147319      8187  +0.9993896484  -2.508e-05
   437  +0.9994134433      8187  +0.9993896484  -2.379e-05
   438  +0.9994121518      8187  +0.9993896484  -2.250e-05
   439  +0.9994108574      8187  +0.9993896484  -2.121e-05
   440  +0.9994095602      8187  +0.9993896484  -1.991e-05
   441  +0.9994082602      8187  +0.9993896484  -1.861e-05
   442  +0.9994069573      8187  +0.9993896484  -1.731e-05
   443  +0.9994056515      8187  +0.9993896484  -1.600e-05
   444  +0.9994043429      8187  +0.9993896484  -1.469e-05
   445  +0.9994030313      8187  +0.9993896484  -1.338e-05
   446  +0.9994017169      8187  +0.9993896484  -1.207e-05
   447  +0.9994003996      8187  +0.9993896484  -1.075e-05
   448  +0.9993990794      8187  +0.9993896484  -9.431e-06
   449  +0.9993977563      8187  +0.9993896484  -8.108e-06
   450  +0.9993964303      8187  +0.9993896484  -6.782e-06
   451  +0.9993951014      8187  +0.9993896484  -5.453e-06
   452  +0.9993937695      8187  +0.9993896484  -4.121e-06
   453  +0.9993924347      8187  +0.9993896484  -2.786e-06
   454  +0.9993910970      8187  +0.9993896484  -1.449e-06
   455  +0.9993897563      8187  +0.9993896484  -1.079e-07
   456  +0.9993884127      8187  +0.9993896484  +1.236e-06
   457  +0.9993870661      8187  +0.9993896484  +2.582e-06
   458  +0.9993857165      8187  +0.9993896484  +3.932e-06
   459  +0.9993843640      8187  +0.9993896484  +5.284e-06
   460  +0.9993830085      8187  +0.9993896484  +6.640e-06
   461  +0.9993816500      8187  +0.9993896484  +7.998e-06
   462  +0.9993802886      8187  +0.9993896484  +9.360e-06
   463  +0.9993789241      8187  +0.9993896484  +1.072e-05
   464  +0.9993775567      8187  +0.9993896484  +1.209e-05
   465  +0.9993761862      8187  +0.9993896484  +1.346e-05
   466  +0.9993748127      8187  +0.9993896484  +1.484e-05
   467  +0.9993734362      8187  +0.9993896484  +1.621e-05
   468  +0.9993720566      8187  +0.9993896484  +1.759e-05
   469  +0.9993706741      8187  +0.9993896484  +1.897e-05
   470  +0.9993692885      8187  +0.9993896484  +2.036e-05
   471  +0.9993678998      8187  +0.9993896484  +2.175e-05
   472  +0.9993665081      8187  +0.9993896484  +2.314e-05
   473  +0.9993651133      8187  +0.9993896484  +2.454e-05
   474  +0.9993637154      8187  +0.9993896484  +2.593e-05
   475  +0.9993623145      8187  +0.9993896484  +2.733e-05
   476  +0.9993609105      8187  +0.9993896484  +2.874e-05
   477  +0.9993595034      8187  +0.9993896484  +3.015e-05
   478  +0.9993580932      8187  +0.9993896484  +3.156e-05
   479  +0.9993566799      8187  +0.9993896484  +3.297e-05
   480  +0.9993552634      8187  +0.9993896484  +3.438e-05
   481  +0.9993538439      8187  +0.9993896484  +3.580e-05
   482  +0.9993524213      8187  +0.9993896484  +3.723e-05
   483  +0.9993509955      8187  +0.9993896484  +3.865e-05
   484  +0.9993495665      8187  +0.9993896484  +4.008e-05
   485  +0.9993481345      8187  +0.9993896484  +4.151e-05
   486  +0.9993466993      8187  +0.9993896484  +4.295e-05
   487  +0.9993452609      8187  +0.9993896484  +4.439e-05
   488  +0.9993438193      8187  +0.9993896484  +4.583e-05
   489  +0.9993423746      8187  +0.9993896484  +4.727e-05
   490  +0.9993409267      8187  +0.9993896484  +4.872e-05
   491  +0.9993394757      8187  +0.9993896484  +5.017e-05
   492  +0.9993380214      8187  +0.9993896484  +5.163e-05
   493  +0.9993365639      8187  +0.9993896484  +5.308e-05
   494  +0.9993351032      8187  +0.9993896484  +5.455e-05
   495  +0.9993336393      8187  +0.9993896484  +5.601e-05
   496  +0.9993321722      8187  +0.9993896484  +5.748e-05
   497  +0.9993307019      8187  +0.9993896484  +5.895e-05
   498  +0.9993292283      8187  +0.9993896484  +6.042e-05
   499  +0.9993277515      8186  +0.9992675781  -6.017e-05
   500  +0.9993262714      8186  +0.9992675781  -5.869e-05
   501  +0.9993247881      8186  +0.9992675781  -5.721e-05
   502  +0.9993233015      8186  +0.9992675781  -5.572e-05
   503  +0.9993218116      8186  +0.9992675781  -5.423e-05
   504  +0.9993203185      8186  +0.9992675781  -5.274e-05
   505  +0.9993188220      8186  +0.9992675781  -5.124e-05
   506  +0.9993173223      8186  +0.9992675781  -4.974e-05
   507  +0.9993158193      8186  +0.9992675781  -4.824e-05
   508  +0.9993143130      8186  +0.9992675781  -4.673e-05
   509  +0.9993128033      8186  +0.9992675781  -4.523e-05
   510  +0.9993112904      8186  +0.9992675781  -4.371e-05
   511  +0.9993097741      8186  +0.9992675781  -4.220e-05
   512  +0.9993082545      8186  +0.9992675781  -4.068e-05
   513  +0.9993067315      8186  +0.9992675781  -3.915e-05
   514  +0.9993052052      8186  +0.9992675781  -3.763e-05
   515  +0.9993036755      8186  +0.9992675781  -3.610e-05
   516  +0.9993021424      8186  +0.9992675781  -3.456e-05
   517  +0.9993006060      8186  +0.9992675781  -3.303e-05
   518  +0.9992990662      8186  +0.9992675781  -3.149e-05
   519  +0.9992975230      8186  +0.9992675781  -2.994e-05
   520  +0.9992959764      8186  +0.9992675781  -2.840e-05
   521  +0.9992944264      8186  +0.9992675781  -2.685e-05
   522  +0.9992928730      8186  +0.9992675781  -2.529e-05
   523  +0.9992913162      8186  +0.9992675781  -2.374e-05
   524  +0.9992897560      8186  +0.9992675781  -2.218e-05
   525  +0.9992881923      8186  +0.9992675781  -2.061e-05
   526  +0.9992866252      8186  +0.9992675781  -1.905e-05
   527  +0.9992850546      8186  +0.9992675781  -1.748e-05
   528  +0.9992834806      8186  +0.9992675781  -1.590e-05
   529  +0.9992819031      8186  +0.9992675781  -1.432e-05
   530  +0.9992803221      8186  +0.9992675781  -1.274e-05
   531  +0.9992787377      8186  +0.9992675781  -1.116e-05
   532  +0.9992771498      8186  +0.9992675781  -9.572e-06
   533  +0.9992755584      8186  +0.9992675781  -7.980e-06
   534  +0.9992739635      8186  +0.9992675781  -6.385e-06
   535  +0.9992723650      8186  +0.9992675781  -4.787e-06
   536  +0.9992707631      8186  +0.9992675781  -3.185e-06
   537  +0.9992691576      8186  +0.9992675781  -1.580e-06
   538  +0.9992675486      8186  +0.9992675781  +2.949e-08
   539  +0.9992659361      8186  +0.9992675781  +1.642e-06
   540  +0.9992643200      8186  +0.9992675781  +3.258e-06
   541  +0.9992627004      8186  +0.9992675781  +4.878e-06
   542  +0.9992610772      8186  +0.9992675781  +6.501e-06
   543  +0.9992594504      8186  +0.9992675781  +8.128e-06
   544  +0.9992578200      8186  +0.9992675781  +9.758e-06
   545  +0.9992561861      8186  +0.9992675781  +1.139e-05
   546  +0.9992545485      8186  +0.9992675781  +1.303e-05
   547  +0.9992529074      8186  +0.9992675781  +1.467e-05
   548  +0.9992512626      8186  +0.9992675781  +1.632e-05
   549  +0.9992496143      8186  +0.9992675781  +1.796e-05
   550  +0.9992479623      8186  +0.9992675781  +1.962e-05
   551  +0.9992463066      8186  +0.9992675781  +2.127e-05
   552  +0.9992446474      8186  +0.9992675781  +2.293e-05
   553  +0.9992429844      8186  +0.9992675781  +2.459e-05
   554  +0.9992413179      8186  +0.9992675781  +2.626e-05
   555  +0.9992396476      8186  +0.9992675781  +2.793e-05
   556  +0.9992379737      8186  +0.9992675781  +2.960e-05
   557  +0.9992362961      8186  +0.9992675781  +3.128e-05
   558  +0.9992346148      8186  +0.9992675781  +3.296e-05
   559  +0.9992329298      8186  +0.9992675781  +3.465e-05
   560  +0.9992312411      8186  +0.9992675781  +3.634e-05
   561  +0.9992295486      8186  +0.9992675781  +3.803e-05
   562  +0.9992278525      8186  +0.9992675781  +3.973e-05
   563  +0.9992261526      8186  +0.9992675781  +4.143e-05
   564  +0.9992244490      8186  +0.9992675781  +4.313e-05
   565  +0.9992227416      8186  +0.9992675781  +4.484e-05
   566  +0.9992210305      8186  +0.9992675781  +4.655e-05
   567  +0.9992193156      8186  +0.9992675781  +4.826e-05
   568  +0.9992175970      8186  +0.9992675781  +4.998e-05
   569  +0.9992158745      8186  +0.9992675781  +5.170e-05
   570  +0.9992141483      8186  +0.9992675781  +5.343e-05
   571  +0.9992124183      8186  +0.9992675781  +5.516e-05
   572  +0.9992106844      8186  +0.9992675781  +5.689e-05
   573  +0.9992089468      8186  +0.9992675781  +5.863e-05
   574  +0.9992072053      8186  +0.9992675781  +6.037e-05
   575  +0.9992054600      8185  +0.9991455078  -5.995e-05
   576  +0.9992037109      8185  +0.9991455078  -5.820e-05
   577  +0.9992019579      8185  +0.9991455078  -5.645e-05
   578  +0.9992002010      8185  +0.9991455078  -5.469e-05
   579  +0.9991984403      8185  +0.9991455078  -5.293e-05
   580  +0.9991966758      8185  +0.9991455078  -5.117e-05
   581  +0.9991949073      8185  +0.9991455078  -4.940e-05
   582  +0.9991931349      8185  +0.9991455078  -4.763e-05
   583  +0.9991913587      8185  +0.9991455078  -4.585e-05
   584  +0.9991895785      8185  +0.9991455078  -4.407e-05
   585  +0.9991877944      8185  +0.9991455078  -4.229e-05
   586  +0.9991860064      8185  +0.9991455078  -4.050e-05
   587  +0.9991842145      8185  +0.9991455078  -3.871e-05
   588  +0.9991824186      8185  +0.9991455078  -3.691e-05
   589  +0.9991806188      8185  +0.9991455078  -3.511e-05
   590  +0.9991788150      8185  +0.9991455078  -3.331e-05
   591  +0.9991770072      8185  +0.9991455078  -3.150e-05
   592  +0.9991751955      8185  +0.9991455078  -2.969e-05
   593  +0.9991733798      8185  +0.9991455078  -2.787e-05
   594  +0.9991715600      8185  +0.9991455078  -2.605e-05
   595  +0.9991697363      8185  +0.9991455078  -2.423e-05
   596  +0.9991679086      8185  +0.9991455078  -2.240e-05
   597  +0.9991660768      8185  +0.9991455078  -2.057e-05
   598  +0.9991642411      8185  +0.9991455078  -1.873e-05
   599  +0.9991624012      8185  +0.9991455078  -1.689e-05
   600  +0.9991605574      8185  +0.9991455078  -1.505e-05
   601  +0.9991587094      8185  +0.9991455078  -1.320e-05
   602  +0.9991568574      8185  +0.9991455078  -1.135e-05
   603  +0.9991550014      8185  +0.9991455078  -9.494e-06
   604  +0.9991531412      8185  +0.9991455078  -7.633e-06
   605  +0.9991512770      8185  +0.9991455078  -5.769e-06
   606  +0.9991494087      8185  +0.9991455078  -3.901e-06
   607  +0.9991475362      8185  +0.9991455078  -2.028e-06
   608  +0.9991456596      8185  +0.9991455078  -1.518e-07
   609  +0.9991437789      8185  +0.9991455078  +1.729e-06
   610  +0.9991418941      8185  +0.9991455078  +3.614e-06
   611  +0.9991400051      8185  +0.9991455078  +5.503e-06
   612  +0.9991381120      8185  +0.9991455078  +7.396e-06
   613  +0.9991362147      8185  +0.9991455078  +9.293e-06
   614  +0.9991343132      8185  +0.9991455078  +1.119e-05
   615  +0.9991324076      8185  +0.9991455078  +1.310e-05
   616  +0.9991304977      8185  +0.9991455078  +1.501e-05
   617  +0.9991285837      8185  +0.9991455078  +1.692e-05
   618  +0.9991266654      8185  +0.9991455078  +1.884e-05
   619  +0.9991247429      8185  +0.9991455078  +2.076e-05
   620  +0.9991228162      8185  +0.9991455078  +2.269e-05
   621  +0.9991208853      8185  +0.9991455078  +2.462e-05
   622  +0.9991189501      8185  +0.9991455078  +2.656e-05
   623  +0.9991170106      8185  +0.9991455078  +2.850e-05
   624  +0.9991150669      8185  +0.9991455078  +3.044e-05
   625  +0.9991131189      8185  +0.9991455078  +3.239e-05
   626  +0.9991111666      8185  +0.9991455078  +3.434e-05
   627  +0.9991092101      8185  +0.9991455078  +3.630e-05
   628  +0.9991072492      8185  +0.9991455078  +3.826e-05
   629  +0.9991052840      8185  +0.9991455078  +4.022e-05
   630  +0.9991033145      8185  +0.9991455078  +4.219e-05
   631  +0.9991013406      8185  +0.9991455078  +4.417e-05
   632  +0.9990993625      8185  +0.9991455078  +4.615e-05
   633  +0.9990973799      8185  +0.9991455078  +4.813e-05
   634  +0.9990953930      8185  +0.9991455078  +5.011e-05
   635  +0.9990934017      8185  +0.9991455078  +5.211e-05
   636  +0.9990914061      8185  +0.9991455078  +5.410e-05
   637  +0.9990894061      8185  +0.9991455078  +5.610e-05
   638  +0.9990874016      8185  +0.9991455078  +5.811e-05
   639  +0.9990853928      8185  +0.9991455078  +6.012e-05
   640  +0.9990833795      8184  +0.9990234375  -5.994e-05
   641  +0.9990813618      8184  +0.9990234375  -5.792e-05
   642  +0.9990793397      8184  +0.9990234375  -5.590e-05
   643  +0.9990773131      8184  +0.9990234375  -5.388e-05
   644  +0.9990752821      8184  +0.9990234375  -5.184e-05
   645  +0.9990732466      8184  +0.9990234375  -4.981e-05
   646  +0.9990712066      8184  +0.9990234375  -4.777e-05
   647  +0.9990691621      8184  +0.9990234375  -4.572e-05
   648  +0.9990671132      8184  +0.9990234375  -4.368e-05
   649  +0.9990650597      8184  +0.9990234375  -4.162e-05
   650  +0.9990630017      8184  +0.9990234375  -3.956e-05
   651  +0.9990609392      8184  +0.9990234375  -3.750e-05
   652  +0.9990588721      8184  +0.9990234375  -3.543e-05
   653  +0.9990568005      8184  +0.9990234375  -3.336e-05
   654  +0.9990547244      8184  +0.9990234375  -3.129e-05
   655  +0.9990526436      8184  +0.9990234375  -2.921e-05
   656  +0.9990505584      8184  +0.9990234375  -2.712e-05
   657  +0.9990484685      8184  +0.9990234375  -2.503e-05
   658  +0.9990463740      8184  +0.9990234375  -2.294e-05
   659  +0.9990442749      8184  +0.9990234375  -2.084e-05
   660  +0.9990421712      8184  +0.9990234375  -1.873e-05
   661  +0.9990400629      8184  +0.9990234375  -1.663e-05
   662  +0.9990379499      8184  +0.9990234375  -1.451e-05
   663  +0.9990358323      8184  +0.9990234375  -1.239e-05
   664  +0.9990337100      8184  +0.9990234375  -1.027e-05
   665  +0.9990315831      8184  +0.9990234375  -8.146e-06
   666  +0.9990294514      8184  +0.9990234375  -6.014e-06
   667  +0.9990273151      8184  +0.9990234375  -3.878e-06
   668  +0.9990251741      8184  +0.9990234375  -1.737e-06
   669  +0.9990230284      8184  +0.9990234375  +4.091e-07
   670  +0.9990208780      8184  +0.9990234375  +2.560e-06
   671  +0.9990187228      8184  +0.9990234375  +4.715e-06
   672  +0.9990165629      8184  +0.9990234375  +6.875e-06
   673  +0.9990143983      8184  +0.9990234375  +9.039e-06
   674  +0.9990122289      8184  +0.9990234375  +1.121e-05
   675  +0.9990100547      8184  +0.9990234375  +1.338e-05
   676  +0.9990078757      8184  +0.9990234375  +1.556e-05
   677  +0.9990056919      8184  +0.9990234375  +1.775e-05
   678  +0.9990035034      8184  +0.9990234375  +1.993e-05
   679  +0.9990013100      8184  +0.9990234375  +2.213e-05
   680  +0.9989991118      8184  +0.9990234375  +2.433e-05
   681  +0.9989969088      8184  +0.9990234375  +2.653e-05
   682  +0.9989947009      8184  +0.9990234375  +2.874e-05
   683  +0.9989924882      8184  +0.9990234375  +3.095e-05
   684  +0.9989902706      8184  +0.9990234375  +3.317e-05
   685  +0.9989880481      8184  +0.9990234375  +3.539e-05
   686  +0.9989858207      8184  +0.9990234375  +3.762e-05
   687  +0.9989835884      8184  +0.9990234375  +3.985e-05
   688  +0.9989813513      8184  +0.9990234375  +4.209e-05
   689  +0.9989791092      8184  +0.9990234375  +4.433e-05
   690  +0.9989768622      8184  +0.9990234375  +4.658e-05
   691  +0.9989746102      8184  +0.9990234375  +4.883e-05
   692  +0.9989723533      8184  +0.9990234375  +5.108e-05
   693  +0.9989700914      8184  +0.9990234375  +5.335e-05
   694  +0.9989678245      8184  +0.9990234375  +5.561e-05
   695  +0.9989655527      8184  +0.9990234375  +5.788e-05
   696  +0.9989632759      8184  +0.9990234375  +6.016e-05
   697  +0.9989609940      8183  +0.9989013672  -5.963e-05
   698  +0.9989587072      8183  +0.9989013672  -5.734e-05
   699  +0.9989564153      8183  +0.9989013672  -5.505e-05
   700  +0.9989541183      8183  +0.9989013672  -5.275e-05
   701  +0.9989518163      8183  +0.9989013672  -5.045e-05
   702  +0.9989495093      8183  +0.9989013672  -4.814e-05
   703  +0.9989471972      8183  +0.9989013672  -4.583e-05
   704  +0.9989448800      8183  +0.9989013672  -4.351e-05
   705  +0.9989425577      8183  +0.9989013672  -4.119e-05
   706  +0.9989402303      8183  +0.9989013672  -3.886e-05
   707  +0.9989378978      8183  +0.9989013672  -3.653e-05
   708  +0.9989355601      8183  +0.9989013672  -3.419e-05
   709  +0.9989332173      8183  +0.9989013672  -3.185e-05
   710  +0.9989308694      8183  +0.9989013672  -2.950e-05
   711  +0.9989285163      8183  +0.9989013672  -2.715e-05
   712  +0.9989261580      8183  +0.9989013672  -2.479e-05
   713  +0.9989237945      8183  +0.9989013672  -2.243e-05
   714  +0.9989214258      8183  +0.9989013672  -2.006e-05
   715  +0.9989190520      8183  +0.9989013672  -1.768e-05
   716  +0.9989166729      8183  +0.9989013672  -1.531e-05
   717  +0.9989142885      8183  +0.9989013672  -1.292e-05
   718  +0.9989118990      8183  +0.9989013672  -1.053e-05
   719  +0.9989095041      8183  +0.9989013672  -8.137e-06
   720  +0.9989071041      8183  +0.9989013672  -5.737e-06
   721  +0.9989046987      8183  +0.9989013672  -3.331e-06
   722  +0.9989022880      8183  +0.9989013672  -9.208e-07
   723  +0.9988998721      8183  +0.9989013672  +1.495e-06
   724  +0.9988974508      8183  +0.9989013672  +3.916e-06
   725  +0.9988950242      8183  +0.9989013672  +6.343e-06
   726  +0.9988925923      8183  +0.9989013672  +8.775e-06
   727  +0.9988901550      8183  +0.9989013672  +1.121e-05
   728  +0.9988877124      8183  +0.9989013672  +1.365e-05
   729  +0.9988852643      8183  +0.9989013672  +1.610e-05
   730  +0.9988828110      8183  +0.9989013672  +1.856e-05
   731  +0.9988803522      8183  +0.9989013672  +2.102e-05
   732  +0.9988778880      8183  +0.9989013672  +2.348e-05
   733  +0.9988754184      8183  +0.9989013672  +2.595e-05
   734  +0.9988729433      8183  +0.9989013672  +2.842e-05
   735  +0.9988704628      8183  +0.9989013672  +3.090e-05
   736  +0.9988679769      8183  +0.9989013672  +3.339e-05
   737  +0.9988654855      8183  +0.9989013672  +3.588e-05
   738  +0.9988629886      8183  +0.9989013672  +3.838e-05
   739  +0.9988604863      8183  +0.9989013672  +4.088e-05
   740  +0.9988579784      8183  +0.9989013672  +4.339e-05
   741  +0.9988554650      8183  +0.9989013672  +4.590e-05
   742  +0.9988529461      8183  +0.9989013672  +4.842e-05
   743  +0.9988504216      8183  +0.9989013672  +5.095e-05
   744  +0.9988478916      8183  +0.9989013672  +5.348e-05
   745  +0.9988453561      8183  +0.9989013672  +5.601e-05
   746  +0.9988428149      8183  +0.9989013672  +5.855e-05
   747  +0.9988402682      8182  +0.9987792969  -6.097e-05
   748  +0.9988377159      8182  +0.9987792969  -5.842e-05
   749  +0.9988351579      8182  +0.9987792969  -5.586e-05
   750  +0.9988325944      8182  +0.9987792969  -5.330e-05
   751  +0.9988300252      8182  +0.9987792969  -5.073e-05
   752  +0.9988274503      8182  +0.9987792969  -4.815e-05
   753  +0.9988248698      8182  +0.9987792969  -4.557e-05
   754  +0.9988222836      8182  +0.9987792969  -4.299e-05
   755  +0.9988196917      8182  +0.9987792969  -4.039e-05
   756  +0.9988170942      8182  +0.9987792969  -3.780e-05
   757  +0.9988144909      8182  +0.9987792969  -3.519e-05
   758  +0.9988118819      8182  +0.9987792969  -3.259e-05
   759  +0.9988092672      8182  +0.9987792969  -2.997e-05
   760  +0.9988066467      8182  +0.9987792969  -2.735e-05
   761  +0.9988040204      8182  +0.9987792969  -2.472e-05
   762  +0.9988013884      8182  +0.9987792969  -2.209e-05
   763  +0.9987987506      8182  +0.9987792969  -1.945e-05
   764  +0.9987961070      8182  +0.9987792969  -1.681e-05
   765  +0.9987934576      8182  +0.9987792969  -1.416e-05
   766  +0.9987908023      8182  +0.9987792969  -1.151e-05
   767  +0.9987881412      8182  +0.9987792969  -8.844e-06
   768  +0.9987854743      8182  +0.9987792969  -6.177e-06
   769  +0.9987828015      8182  +0.9987792969  -3.505e-06
   770  +0.9987801228      8182  +0.9987792969  -8.259e-07
   771  +0.9987774383      8182  +0.9987792969  +1.859e-06
   772  +0.9987747478      8182  +0.9987792969  +4.549e-06
   773  +0.9987720514      8182  +0.9987792969  +7.245e-06
   774  +0.9987693491      8182  +0.9987792969  +9.948e-06
   775  +0.9987666409      8182  +0.9987792969  +1.266e-05
   776  +0.9987639267      8182  +0.9987792969  +1.537e-05
   777  +0.9987612065      8182  +0.9987792969  +1.809e-05
   778  +0.9987584803      8182  +0.9987792969  +2.082e-05
   779  +0.9987557482      8182  +0.9987792969  +2.355e-05
   780  +0.9987530100      8182  +0.9987792969  +2.629e-05
   781  +0.9987502659      8182  +0.9987792969  +2.903e-05
   782  +0.9987475157      8182  +0.9987792969  +3.178e-05
   783  +0.9987447594      8182  +0.9987792969  +3.454e-05
   784  +0.9987419971      8182  +0.9987792969  +3.730e-05
   785  +0.9987392287      8182  +0.9987792969  +4.007e-05
   786  +0.9987364543      8182  +0.9987792969  +4.284e-05
   787  +0.9987336737      8182  +0.9987792969  +4.562e-05
   788  +0.9987308870      8182  +0.9987792969  +4.841e-05
   789  +0.9987280942      8182  +0.9987792969  +5.120e-05
   790  +0.9987252953      8182  +0.9987792969  +5.400e-05
   791  +0.9987224902      8182  +0.9987792969  +5.681e-05
   792  +0.9987196790      8182  +0.9987792969  +5.962e-05
   793  +0.9987168615      8181  +0.9986572266  -5.963e-05
   794  +0.9987140379      8181  +0.9986572266  -5.681e-05
   795  +0.9987112080      8181  +0.9986572266  -5.398e-05
   796  +0.9987083720      8181  +0.9986572266  -5.115e-05
   797  +0.9987055297      8181  +0.9986572266  -4.830e-05
   798  +0.9987026811      8181  +0.9986572266  -4.545e-05
   799  +0.9986998263      8181  +0.9986572266  -4.260e-05
   800  +0.9986969652      8181  +0.9986572266  -3.974e-05
   801  +0.9986940979      8181  +0.9986572266  -3.687e-05
   802  +0.9986912242      8181  +0.9986572266  -3.400e-05
   803  +0.9986883442      8181  +0.9986572266  -3.112e-05
   804  +0.9986854579      8181  +0.9986572266  -2.823e-05
   805  +0.9986825652      8181  +0.9986572266  -2.534e-05
   806  +0.9986796662      8181  +0.9986572266  -2.244e-05
   807  +0.9986767608      8181  +0.9986572266  -1.953e-05
   808  +0.9986738490      8181  +0.9986572266  -1.662e-05
   809  +0.9986709308      8181  +0.9986572266  -1.370e-05
   810  +0.9986680063      8181  +0.9986572266  -1.078e-05
   811  +0.9986650752      8181  +0.9986572266  -7.849e-06
   812  +0.9986621378      8181  +0.9986572266  -4.911e-06
   813  +0.9986591938      8181  +0.9986572266  -1.967e-06
   814  +0.9986562434      8181  +0.9986572266  +9.831e-07
   815  +0.9986532866      8181  +0.9986572266  +3.940e-06
   816  +0.9986503232      8181  +0.9986572266  +6.903e-06
   817  +0.9986473533      8181  +0.9986572266  +9.873e-06
   818  +0.9986443769      8181  +0.9986572266  +1.285e-05
   819  +0.9986413939      8181  +0.9986572266  +1.583e-05
   820  +0.9986384044      8181  +0.9986572266  +1.882e-05
   821  +0.9986354083      8181  +0.9986572266  +2.182e-05
   822  +0.9986324056      8181  +0.9986572266  +2.482e-05
   823  +0.9986293963      8181  +0.9986572266  +2.783e-05
   824  +0.9986263805      8181  +0.9986572266  +3.085e-05
   825  +0.9986233579      8181  +0.9986572266  +3.387e-05
   826  +0.9986203288      8181  +0.9986572266  +3.690e-05
   827  +0.9986172930      8181  +0.9986572266  +3.993e-05
   828  +0.9986142505      8181  +0.9986572266  +4.298e-05
   829  +0.9986112013      8181  +0.9986572266  +4.603e-05
   830  +0.9986081454      8181  +0.9986572266  +4.908e-05
   831  +0.9986050828      8181  +0.9986572266  +5.214e-05
   832  +0.9986020135      8181  +0.9986572266  +5.521e-05
   833  +0.9985989374      8181  +0.9986572266  +5.829e-05
   834  +0.9985958546      8180  +0.9985351562  -6.070e-05
   835  +0.9985927650      8180  +0.9985351562  -5.761e-05
   836  +0.9985896686      8180  +0.9985351562  -5.451e-05
   837  +0.9985865653      8180  +0.9985351562  -5.141e-05
   838  +0.9985834553      8180  +0.9985351562  -4.830e-05
   839  +0.9985803385      8180  +0.9985351562  -4.518e-05
   840  +0.9985772148      8180  +0.9985351562  -4.206e-05
   841  +0.9985740842      8180  +0.9985351562  -3.893e-05
   842  +0.9985709467      8180  +0.9985351562  -3.579e-05
   843  +0.9985678024      8180  +0.9985351562  -3.265e-05
   844  +0.9985646511      8180  +0.9985351562  -2.949e-05
   845  +0.9985614929      8180  +0.9985351562  -2.634e-05
   846  +0.9985583278      8180  +0.9985351562  -2.317e-05
   847  +0.9985551557      8180  +0.9985351562  -2.000e-05
   848  +0.9985519766      8180  +0.9985351562  -1.682e-05
   849  +0.9985487906      8180  +0.9985351562  -1.363e-05
   850  +0.9985455976      8180  +0.9985351562  -1.044e-05
   851  +0.9985423975      8180  +0.9985351562  -7.241e-06
   852  +0.9985391904      8180  +0.9985351562  -4.034e-06
   853  +0.9985359763      8180  +0.9985351562  -8.200e-07
   854  +0.9985327551      8180  +0.9985351562  +2.401e-06
   855  +0.9985295268      8180  +0.9985351562  +5.629e-06
   856  +0.9985262914      8180  +0.9985351562  +8.865e-06
   857  +0.9985230489      8180  +0.9985351562  +1.211e-05
   858  +0.9985197993      8180  +0.9985351562  +1.536e-05
   859  +0.9985165425      8180  +0.9985351562  +1.861e-05
   860  +0.9985132786      8180  +0.9985351562  +2.188e-05
   861  +0.9985100075      8180  +0.9985351562  +2.515e-05
   862  +0.9985067293      8180  +0.9985351562  +2.843e-05
   863  +0.9985034438      8180  +0.9985351562  +3.171e-05
   864  +0.9985001511      8180  +0.9985351562  +3.501e-05
   865  +0.9984968512      8180  +0.9985351562  +3.831e-05
   866  +0.9984935440      8180  +0.9985351562  +4.161e-05
   867  +0.9984902295      8180  +0.9985351562  +4.493e-05
   868  +0.9984869078      8180  +0.9985351562  +4.825e-05
   869  +0.9984835788      8180  +0.9985351562  +5.158e-05
   870  +0.9984802424      8180  +0.9985351562  +5.491e-05
   871  +0.9984768987      8180  +0.9985351562  +5.826e-05
   872  +0.9984735477      8179  +0.9984130859  -6.046e-05
   873  +0.9984701893      8179  +0.9984130859  -5.710e-05
   874  +0.9984668236      8179  +0.9984130859  -5.374e-05
   875  +0.9984634504      8179  +0.9984130859  -5.036e-05
   876  +0.9984600698      8179  +0.9984130859  -4.698e-05
   877  +0.9984566818      8179  +0.9984130859  -4.360e-05
   878  +0.9984532864      8179  +0.9984130859  -4.020e-05
   879  +0.9984498834      8179  +0.9984130859  -3.680e-05
   880  +0.9984464731      8179  +0.9984130859  -3.339e-05
   881  +0.9984430552      8179  +0.9984130859  -2.997e-05
   882  +0.9984396298      8179  +0.9984130859  -2.654e-05
   883  +0.9984361969      8179  +0.9984130859  -2.311e-05
   884  +0.9984327564      8179  +0.9984130859  -1.967e-05
   885  +0.9984293084      8179  +0.9984130859  -1.622e-05
   886  +0.9984258528      8179  +0.9984130859  -1.277e-05
   887  +0.9984223896      8179  +0.9984130859  -9.304e-06
   888  +0.9984189188      8179  +0.9984130859  -5.833e-06
   889  +0.9984154404      8179  +0.9984130859  -2.354e-06
   890  +0.9984119543      8179  +0.9984130859  +1.132e-06
   891  +0.9984084606      8179  +0.9984130859  +4.625e-06
   892  +0.9984049592      8179  +0.9984130859  +8.127e-06
   893  +0.9984014501      8179  +0.9984130859  +1.164e-05
   894  +0.9983979333      8179  +0.9984130859  +1.515e-05
   895  +0.9983944087      8179  +0.9984130859  +1.868e-05
   896  +0.9983908765      8179  +0.9984130859  +2.221e-05
   897  +0.9983873364      8179  +0.9984130859  +2.575e-05
   898  +0.9983837886      8179  +0.9984130859  +2.930e-05
   899  +0.9983802330      8179  +0.9984130859  +3.285e-05
   900  +0.9983766696      8179  +0.9984130859  +3.642e-05
   901  +0.9983730983      8179  +0.9984130859  +3.999e-05
   902  +0.9983695192      8179  +0.9984130859  +4.357e-05
   903  +0.9983659323      8179  +0.9984130859  +4.715e-05
   904  +0.9983623374      8179  +0.9984130859  +5.075e-05
   905  +0.9983587347      8179  +0.9984130859  +5.435e-05
   906  +0.9983551240      8179  +0.9984130859  +5.796e-05
   907  +0.9983515055      8178  +0.9982910156  -6.049e-05
   908  +0.9983478789      8178  +0.9982910156  -5.686e-05
   909  +0.9983442444      8178  +0.9982910156  -5.323e-05
   910  +0.9983406019      8178  +0.9982910156  -4.959e-05
   911  +0.9983369514      8178  +0.9982910156  -4.594e-05
   912  +0.9983332929      8178  +0.9982910156  -4.228e-05
   913  +0.9983296264      8178  +0.9982910156  -3.861e-05
   914  +0.9983259518      8178  +0.9982910156  -3.494e-05
   915  +0.9983222691      8178  +0.9982910156  -3.125e-05
   916  +0.9983185784      8178  +0.9982910156  -2.756e-05
   917  +0.9983148795      8178  +0.9982910156  -2.386e-05
   918  +0.9983111725      8178  +0.9982910156  -2.016e-05
   919  +0.9983074573      8178  +0.9982910156  -1.644e-05
   920  +0.9983037340      8178  +0.9982910156  -1.272e-05
   921  +0.9983000026      8178  +0.9982910156  -8.987e-06
   922  +0.9982962629      8178  +0.9982910156  -5.247e-06
   923  +0.9982925150      8178  +0.9982910156  -1.499e-06
   924  +0.9982887589      8178  +0.9982910156  +2.257e-06
   925  +0.9982849945      8178  +0.9982910156  +6.021e-06
   926  +0.9982812218      8178  +0.9982910156  +9.794e-06
   927  +0.9982774409      8178  +0.9982910156  +1.357e-05
   928  +0.9982736517      8178  +0.9982910156  +1.736e-05
   929  +0.9982698541      8178  +0.9982910156  +2.116e-05
   930  +0.9982660482      8178  +0.9982910156  +2.497e-05
   931  +0.9982622339      8178  +0.9982910156  +2.878e-05
   932  +0.9982584113      8178  +0.9982910156  +3.260e-05
   933  +0.9982545802      8178  +0.9982910156  +3.644e-05
   934  +0.9982507408      8178  +0.9982910156  +4.027e-05
   935  +0.9982468929      8178  +0.9982910156  +4.412e-05
   936  +0.9982430366      8178  +0.9982910156  +4.798e-05
   937  +0.9982391717      8178  +0.9982910156  +5.184e-05
   938  +0.9982352984      8178  +0.9982910156  +5.572e-05
   939  +0.9982314166      8178  +0.9982910156  +5.960e-05
   940  +0.9982275263      8177  +0.9981689453  -5.858e-05
   941  +0.9982236274      8177  +0.9981689453  -5.468e-05
   942  +0.9982197200      8177  +0.9981689453  -5.077e-05
   943  +0.9982158040      8177  +0.9981689453  -4.686e-05
   944  +0.9982118793      8177  +0.9981689453  -4.293e-05
   945  +0.9982079461      8177  +0.9981689453  -3.900e-05
   946  +0.9982040042      8177  +0.9981689453  -3.506e-05
   947  +0.9982000536      8177  +0.9981689453  -3.111e-05
   948  +0.9981960944      8177  +0.9981689453  -2.715e-05
   949  +0.9981921265      8177  +0.9981689453  -2.318e-05
   950  +0.9981881499      8177  +0.9981689453  -1.920e-05
   951  +0.9981841645      8177  +0.9981689453  -1.522e-05
   952  +0.9981801704      8177  +0.9981689453  -1.123e-05
   953  +0.9981761675      8177  +0.9981689453  -7.222e-06
   954  +0.9981721558      8177  +0.9981689453  -3.210e-06
   955  +0.9981681353      8177  +0.9981689453  +8.100e-07
   956  +0.9981641060      8177  +0.9981689453  +4.839e-06
   957  +0.9981600678      8177  +0.9981689453  +8.878e-06
   958  +0.9981560208      8177  +0.9981689453  +1.292e-05
   959  +0.9981519648      8177  +0.9981689453  +1.698e-05
   960  +0.9981479000      8177  +0.9981689453  +2.105e-05
   961  +0.9981438262      8177  +0.9981689453  +2.512e-05
   962  +0.9981397435      8177  +0.9981689453  +2.920e-05
   963  +0.9981356518      8177  +0.9981689453  +3.329e-05
   964  +0.9981315512      8177  +0.9981689453  +3.739e-05
   965  +0.9981274415      8177  +0.9981689453  +4.150e-05
   966  +0.9981233228      8177  +0.9981689453  +4.562e-05
   967  +0.9981191951      8177  +0.9981689453  +4.975e-05
   968  +0.9981150583      8177  +0.9981689453  +5.389e-05
   969  +0.9981109124      8177  +0.9981689453  +5.803e-05
   970  +0.9981067574      8176  +0.9980468750  -5.988e-05
   971  +0.9981025933      8176  +0.9980468750  -5.572e-05
   972  +0.9980984200      8176  +0.9980468750  -5.154e-05
   973  +0.9980942376      8176  +0.9980468750  -4.736e-05
   974  +0.9980900459      8176  +0.9980468750  -4.317e-05
   975  +0.9980858451      8176  +0.9980468750  -3.897e-05
   976  +0.9980816351      8176  +0.9980468750  -3.476e-05
   977  +0.9980774158      8176  +0.9980468750  -3.054e-05
   978  +0.9980731872      8176  +0.9980468750  -2.631e-05
   979  +0.9980689494      8176  +0.9980468750  -2.207e-05
   980  +0.9980647023      8176  +0.9980468750  -1.783e-05
   981  +0.9980604458      8176  +0.9980468750  -1.357e-05
   982  +0.9980561800      8176  +0.9980468750  -9.305e-06
   983  +0.9980519048      8176  +0.9980468750  -5.030e-06
   984  +0.9980476202      8176  +0.9980468750  -7.452e-07
   985  +0.9980433262      8176  +0.9980468750  +3.549e-06
   986  +0.9980390228      8176  +0.9980468750  +7.852e-06
   987  +0.9980347100      8176  +0.9980468750  +1.217e-05
   988  +0.9980303876      8176  +0.9980468750  +1.649e-05
   989  +0.9980260558      8176  +0.9980468750  +2.082e-05
   990  +0.9980217145      8176  +0.9980468750  +2.516e-05
   991  +0.9980173636      8176  +0.9980468750  +2.951e-05
   992  +0.9980130032      8176  +0.9980468750  +3.387e-05
   993  +0.9980086332      8176  +0.9980468750  +3.824e-05
   994  +0.9980042536      8176  +0.9980468750  +4.262e-05
   995  +0.9979998644      8176  +0.9980468750  +4.701e-05
   996  +0.9979954656      8176  +0.9980468750  +5.141e-05
   997  +0.9979910571      8176  +0.9980468750  +5.582e-05
   998  +0.9979866389      8176  +0.9980468750  +6.024e-05
   999  +0.9979822110      8175  +0.9979248047  -5.741e-05
  1000  +0.9979777734      8175  +0.9979248047  -5.297e-05
  1001  +0.9979733261      8175  +0.9979248047  -4.852e-05
  1002  +0.9979688690      8175  +0.9979248047  -4.406e-05
  1003  +0.9979644021      8175  +0.9979248047  -3.960e-05
  1004  +0.9979599254      8175  +0.9979248047  -3.512e-05
  1005  +0.9979554388      8175  +0.9979248047  -3.063e-05
  1006  +0.9979509424      8175  +0.9979248047  -2.614e-05
  1007  +0.9979464362      8175  +0.9979248047  -2.163e-05
  1008  +0.9979419200      8175  +0.9979248047  -1.712e-05
  1009  +0.9979373940      8175  +0.9979248047  -1.259e-05
  1010  +0.9979328580      8175  +0.9979248047  -8.053e-06
  1011  +0.9979283120      8175  +0.9979248047  -3.507e-06
  1012  +0.9979237561      8175  +0.9979248047  +1.049e-06
  1013  +0.9979191902      8175  +0.9979248047  +5.615e-06
  1014  +0.9979146142      8175  +0.9979248047  +1.019e-05
  1015  +0.9979100282      8175  +0.9979248047  +1.478e-05
  1016  +0.9979054321      8175  +0.9979248047  +1.937e-05
  1017  +0.9979008259      8175  +0.9979248047  +2.398e-05
  1018  +0.9978962097      8175  +0.9979248047  +2.860e-05
  1019  +0.9978915833      8175  +0.9979248047  +3.322e-05
  1020  +0.9978869467      8175  +0.9979248047  +3.786e-05
  1021  +0.9978822999      8175  +0.9979248047  +4.250e-05
  1022  +0.9978776430      8175  +0.9979248047  +4.716e-05
  1023  +0.9978729758      8175  +0.9979248047  +5.183e-05
  1024  +0.9978682984      8175  +0.9979248047  +5.651e-05
  1025  +0.9978636107      8174  +0.9978027344  -6.088e-05
  1026  +0.9978589128      8174  +0.9978027344  -5.618e-05
  1027  +0.9978542045      8174  +0.9978027344  -5.147e-05
  1028  +0.9978494858      8174  +0.9978027344  -4.675e-05
  1029  +0.9978447569      8174  +0.9978027344  -4.202e-05
  1030  +0.9978400175      8174  +0.9978027344  -3.728e-05
  1031  +0.9978352677      8174  +0.9978027344  -3.253e-05
  1032  +0.9978305076      8174  +0.9978027344  -2.777e-05
  1033  +0.9978257369      8174  +0.9978027344  -2.300e-05
  1034  +0.9978209558      8174  +0.9978027344  -1.822e-05
  1035  +0.9978161642      8174  +0.9978027344  -1.343e-05
  1036  +0.9978113621      8174  +0.9978027344  -8.628e-06
  1037  +0.9978065494      8174  +0.9978027344  -3.815e-06
  1038  +0.9978017262      8174  +0.9978027344  +1.008e-06
  1039  +0.9977968924      8174  +0.9978027344  +5.842e-06
  1040  +0.9977920480      8174  +0.9978027344  +1.069e-05
  1041  +0.9977871929      8174  +0.9978027344  +1.554e-05
  1042  +0.9977823272      8174  +0.9978027344  +2.041e-05
  1043  +0.9977774508      8174  +0.9978027344  +2.528e-05
  1044  +0.9977725637      8174  +0.9978027344  +3.017e-05
  1045  +0.9977676659      8174  +0.9978027344  +3.507e-05
  1046  +0.9977627573      8174  +0.9978027344  +3.998e-05
  1047  +0.9977578380      8174  +0.9978027344  +4.490e-05
  1048  +0.9977529078      8174  +0.9978027344  +4.983e-05
  1049  +0.9977479669      8174  +0.9978027344  +5.477e-05
  1050  +0.9977430151      8174  +0.9978027344  +5.972e-05
  1051  +0.9977380524      8173  +0.9976806641  -5.739e-05
  1052  +0.9977330788      8173  +0.9976806641  -5.241e-05
  1053  +0.9977280943      8173  +0.9976806641  -4.743e-05
  1054  +0.9977230989      8173  +0.9976806641  -4.243e-05
  1055  +0.9977180925      8173  +0.9976806641  -3.743e-05
  1056  +0.9977130752      8173  +0.9976806641  -3.241e-05
  1057  +0.9977080468      8173  +0.9976806641  -2.738e-05
  1058  +0.9977030074      8173  +0.9976806641  -2.234e-05
  1059  +0.9976979569      8173  +0.9976806641  -1.729e-05
  1060  +0.9976928953      8173  +0.9976806641  -1.223e-05
  1061  +0.9976878226      8173  +0.9976806641  -7.159e-06
  1062  +0.9976827388      8173  +0.9976806641  -2.075e-06
  1063  +0.9976776439      8173  +0.9976806641  +3.020e-06
  1064  +0.9976725378      8173  +0.9976806641  +8.126e-06
  1065  +0.9976674204      8173  +0.9976806641  +1.324e-05
  1066  +0.9976622918      8173  +0.9976806641  +1.837e-05
  1067  +0.9976571520      8173  +0.9976806641  +2.351e-05
  1068  +0.9976520009      8173  +0.9976806641  +2.866e-05
  1069  +0.9976468385      8173  +0.9976806641  +3.383e-05
  1070  +0.9976416648      8173  +0.9976806641  +3.900e-05
  1071  +0.9976364797      8173  +0.9976806641  +4.418e-05
  1072  +0.9976312832      8173  +0.9976806641  +4.938e-05
  1073  +0.9976260753      8173  +0.9976806641  +5.459e-05
  1074  +0.9976208560      8173  +0.9976806641  +5.981e-05
  1075  +0.9976156253      8172  +0.9975585938  -5.703e-05
  1076  +0.9976103830      8172  +0.9975585938  -5.179e-05
  1077  +0.9976051293      8172  +0.9975585938  -4.654e-05
  1078  +0.9975998640      8172  +0.9975585938  -4.127e-05
  1079  +0.9975945872      8172  +0.9975585938  -3.599e-05
  1080  +0.9975892988      8172  +0.9975585938  -3.071e-05
  1081  +0.9975839988      8172  +0.9975585938  -2.541e-05
  1082  +0.9975786872      8172  +0.9975585938  -2.009e-05
  1083  +0.9975733639      8172  +0.9975585938  -1.477e-05
  1084  +0.9975680290      8172  +0.9975585938  -9.435e-06
  1085  +0.9975626823      8172  +0.9975585938  -4.089e-06
  1086  +0.9975573239      8172  +0.9975585938  +1.270e-06
  1087  +0.9975519538      8172  +0.9975585938  +6.640e-06
  1088  +0.9975465718      8172  +0.9975585938  +1.202e-05
  1089  +0.9975411781      8172  +0.9975585938  +1.742e-05
  1090  +0.9975357725      8172  +0.9975585938  +2.282e-05
  1091  +0.9975303551      8172  +0.9975585938  +2.824e-05
  1092  +0.9975249257      8172  +0.9975585938  +3.367e-05
  1093  +0.9975194845      8172  +0.9975585938  +3.911e-05
  1094  +0.9975140313      8172  +0.9975585938  +4.456e-05
  1095  +0.9975085662      8172  +0.9975585938  +5.003e-05
  1096  +0.9975030891      8172  +0.9975585938  +5.550e-05
  1097  +0.9974975999      8172  +0.9975585938  +6.099e-05
  1098  +0.9974920987      8171  +0.9974365234  -5.558e-05
  1099  +0.9974865855      8171  +0.9974365234  -5.006e-05
  1100  +0.9974810601      8171  +0.9974365234  -4.454e-05
  1101  +0.9974755227      8171  +0.9974365234  -3.900e-05
  1102  +0.9974699731      8171  +0.9974365234  -3.345e-05
  1103  +0.9974644113      8171  +0.9974365234  -2.789e-05
  1104  +0.9974588373      8171  +0.9974365234  -2.231e-05
  1105  +0.9974532510      8171  +0.9974365234  -1.673e-05
  1106  +0.9974476526      8171  +0.9974365234  -1.113e-05
  1107  +0.9974420418      8171  +0.9974365234  -5.518e-06
  1108  +0.9974364188      8171  +0.9974365234  +1.047e-07
  1109  +0.9974307834      8171  +0.9974365234  +5.740e-06
  1110  +0.9974251356      8171  +0.9974365234  +1.139e-05
  1111  +0.9974194754      8171  +0.9974365234  +1.705e-05
  1112  +0.9974138029      8171  +0.9974365234  +2.272e-05
  1113  +0.9974081179      8171  +0.9974365234  +2.841e-05
  1114  +0.9974024204      8171  +0.9974365234  +3.410e-05
  1115  +0.9973967104      8171  +0.9974365234  +3.981e-05
  1116  +0.9973909879      8171  +0.9974365234  +4.554e-05
  1117  +0.9973852529      8171  +0.9974365234  +5.127e-05
  1118  +0.9973795052      8171  +0.9974365234  +5.702e-05
  1119  +0.9973737450      8170  +0.9973144531  -5.929e-05
  1120  +0.9973679721      8170  +0.9973144531  -5.352e-05
  1121  +0.9973621866      8170  +0.9973144531  -4.773e-05
  1122  +0.9973563883      8170  +0.9973144531  -4.194e-05
  1123  +0.9973505774      8170  +0.9973144531  -3.612e-05
  1124  +0.9973447537      8170  +0.9973144531  -3.030e-05
  1125  +0.9973389172      8170  +0.9973144531  -2.446e-05
  1126  +0.9973330680      8170  +0.9973144531  -1.861e-05
  1127  +0.9973272059      8170  +0.9973144531  -1.275e-05
  1128  +0.9973213309      8170  +0.9973144531  -6.878e-06
  1129  +0.9973154431      8170  +0.9973144531  -9.900e-07
  1130  +0.9973095424      8170  +0.9973144531  +4.911e-06
  1131  +0.9973036287      8170  +0.9973144531  +1.082e-05
  1132  +0.9972977020      8170  +0.9973144531  +1.675e-05
  1133  +0.9972917624      8170  +0.9973144531  +2.269e-05
  1134  +0.9972858097      8170  +0.9973144531  +2.864e-05
  1135  +0.9972798439      8170  +0.9973144531  +3.461e-05
  1136  +0.9972738651      8170  +0.9973144531  +4.059e-05
  1137  +0.9972678732      8170  +0.9973144531  +4.658e-05
  1138  +0.9972618681      8170  +0.9973144531  +5.259e-05
  1139  +0.9972558499      8170  +0.9973144531  +5.860e-05
  1140  +0.9972498184      8169  +0.9971923828  -5.744e-05
  1141  +0.9972437738      8169  +0.9971923828  -5.139e-05
  1142  +0.9972377158      8169  +0.9971923828  -4.533e-05
  1143  +0.9972316446      8169  +0.9971923828  -3.926e-05
  1144  +0.9972255601      8169  +0.9971923828  -3.318e-05
  1145  +0.9972194623      8169  +0.9971923828  -2.708e-05
  1146  +0.9972133510      8169  +0.9971923828  -2.097e-05
  1147  +0.9972072264      8169  +0.9971923828  -1.484e-05
  1148  +0.9972010883      8169  +0.9971923828  -8.706e-06
  1149  +0.9971949368      8169  +0.9971923828  -2.554e-06
  1150  +0.9971887718      8169  +0.9971923828  +3.611e-06
  1151  +0.9971825932      8169  +0.9971923828  +9.790e-06
  1152  +0.9971764012      8169  +0.9971923828  +1.598e-05
  1153  +0.9971701955      8169  +0.9971923828  +2.219e-05
  1154  +0.9971639762      8169  +0.9971923828  +2.841e-05
  1155  +0.9971577433      8169  +0.9971923828  +3.464e-05
  1156  +0.9971514968      8169  +0.9971923828  +4.089e-05
  1157  +0.9971452365      8169  +0.9971923828  +4.715e-05
  1158  +0.9971389625      8169  +0.9971923828  +5.342e-05
  1159  +0.9971326748      8169  +0.9971923828  +5.971e-05
  1160  +0.9971263732      8168  +0.9970703125  -5.606e-05
  1161  +0.9971200579      8168  +0.9970703125  -4.975e-05
  1162  +0.9971137287      8168  +0.9970703125  -4.342e-05
  1163  +0.9971073856      8168  +0.9970703125  -3.707e-05
  1164  +0.9971010287      8168  +0.9970703125  -3.072e-05
  1165  +0.9970946577      8168  +0.9970703125  -2.435e-05
  1166  +0.9970882729      8168  +0.9970703125  -1.796e-05
  1167  +0.9970818740      8168  +0.9970703125  -1.156e-05
  1168  +0.9970754611      8168  +0.9970703125  -5.149e-06
  1169  +0.9970690341      8168  +0.9970703125  +1.278e-06
  1170  +0.9970625931      8168  +0.9970703125  +7.719e-06
  1171  +0.9970561379      8168  +0.9970703125  +1.417e-05
  1172  +0.9970496685      8168  +0.9970703125  +2.064e-05
  1173  +0.9970431850      8168  +0.9970703125  +2.713e-05
  1174  +0.9970366873      8168  +0.9970703125  +3.363e-05
  1175  +0.9970301753      8168  +0.9970703125  +4.014e-05
  1176  +0.9970236491      8168  +0.9970703125  +4.666e-05
  1177  +0.9970171085      8168  +0.9970703125  +5.320e-05
  1178  +0.9970105537      8168  +0.9970703125  +5.976e-05
  1179  +0.9970039844      8167  +0.9969482422  -5.574e-05
  1180  +0.9969974007      8167  +0.9969482422  -4.916e-05
  1181  +0.9969908026      8167  +0.9969482422  -4.256e-05
  1182  +0.9969841901      8167  +0.9969482422  -3.595e-05
  1183  +0.9969775630      8167  +0.9969482422  -2.932e-05
  1184  +0.9969709215      8167  +0.9969482422  -2.268e-05
  1185  +0.9969642653      8167  +0.9969482422  -1.602e-05
  1186  +0.9969575946      8167  +0.9969482422  -9.352e-06
  1187  +0.9969509093      8167  +0.9969482422  -2.667e-06
  1188  +0.9969442093      8167  +0.9969482422  +4.033e-06
  1189  +0.9969374946      8167  +0.9969482422  +1.075e-05
  1190  +0.9969307652      8167  +0.9969482422  +1.748e-05
  1191  +0.9969240211      8167  +0.9969482422  +2.422e-05
  1192  +0.9969172621      8167  +0.9969482422  +3.098e-05
  1193  +0.9969104884      8167  +0.9969482422  +3.775e-05
  1194  +0.9969036998      8167  +0.9969482422  +4.454e-05
  1195  +0.9968968963      8167  +0.9969482422  +5.135e-05
  1196  +0.9968900779      8167  +0.9969482422  +5.816e-05
  1197  +0.9968832446      8166  +0.9968261719  -5.707e-05
  1198  +0.9968763963      8166  +0.9968261719  -5.022e-05
  1199  +0.9968695330      8166  +0.9968261719  -4.336e-05
  1200  +0.9968626547      8166  +0.9968261719  -3.648e-05
  1201  +0.9968557612      8166  +0.9968261719  -2.959e-05
  1202  +0.9968488527      8166  +0.9968261719  -2.268e-05
  1203  +0.9968419290      8166  +0.9968261719  -1.576e-05
  1204  +0.9968349902      8166  +0.9968261719  -8.818e-06
  1205  +0.9968280361      8166  +0.9968261719  -1.864e-06
  1206  +0.9968210668      8166  +0.9968261719  +5.105e-06
  1207  +0.9968140823      8166  +0.9968261719  +1.209e-05
  1208  +0.9968070824      8166  +0.9968261719  +1.909e-05
  1209  +0.9968000672      8166  +0.9968261719  +2.610e-05
  1210  +0.9967930366      8166  +0.9968261719  +3.314e-05
  1211  +0.9967859906      8166  +0.9968261719  +4.018e-05
  1212  +0.9967789292      8166  +0.9968261719  +4.724e-05
  1213  +0.9967718523      8166  +0.9968261719  +5.432e-05
  1214  +0.9967647599      8165  +0.9967041016  -6.066e-05
  1215  +0.9967576519      8165  +0.9967041016  -5.355e-05
  1216  +0.9967505284      8165  +0.9967041016  -4.643e-05
  1217  +0.9967433893      8165  +0.9967041016  -3.929e-05
  1218  +0.9967362345      8165  +0.9967041016  -3.213e-05
  1219  +0.9967290641      8165  +0.9967041016  -2.496e-05
  1220  +0.9967218779      8165  +0.9967041016  -1.778e-05
  1221  +0.9967146760      8165  +0.9967041016  -1.057e-05
  1222  +0.9967074583      8165  +0.9967041016  -3.357e-06
  1223  +0.9967002248      8165  +0.9967041016  +3.877e-06
  1224  +0.9966929755      8165  +0.9967041016  +1.113e-05
  1225  +0.9966857102      8165  +0.9967041016  +1.839e-05
  1226  +0.9966784291      8165  +0.9967041016  +2.567e-05
  1227  +0.9966711320      8165  +0.9967041016  +3.297e-05
  1228  +0.9966638189      8165  +0.9967041016  +4.028e-05
  1229  +0.9966564898      8165  +0.9967041016  +4.761e-05
  1230  +0.9966491446      8165  +0.9967041016  +5.496e-05
  1231  +0.9966417833      8164  +0.9965820312  -5.975e-05
  1232  +0.9966344060      8164  +0.9965820312  -5.237e-05
  1233  +0.9966270124      8164  +0.9965820312  -4.498e-05
  1234  +0.9966196027      8164  +0.9965820312  -3.757e-05
  1235  +0.9966121767      8164  +0.9965820312  -3.015e-05
  1236  +0.9966047344      8164  +0.9965820312  -2.270e-05
  1237  +0.9965972759      8164  +0.9965820312  -1.524e-05
  1238  +0.9965898010      8164  +0.9965820312  -7.770e-06
  1239  +0.9965823097      8164  +0.9965820312  -2.785e-07
  1240  +0.9965748021      8164  +0.9965820312  +7.229e-06
  1241  +0.9965672780      8164  +0.9965820312  +1.475e-05
  1242  +0.9965597374      8164  +0.9965820312  +2.229e-05
  1243  +0.9965521802      8164  +0.9965820312  +2.985e-05
  1244  +0.9965446066      8164  +0.9965820312  +3.742e-05
  1245  +0.9965370163      8164  +0.9965820312  +4.501e-05
  1246  +0.9965294094      8164  +0.9965820312  +5.262e-05
  1247  +0.9965217859      8164  +0.9965820312  +6.025e-05
  1248  +0.9965141456      8163  +0.9964599609  -5.418e-05
  1249  +0.9965064887      8163  +0.9964599609  -4.653e-05
  1250  +0.9964988149      8163  +0.9964599609  -3.885e-05
  1251  +0.9964911243      8163  +0.9964599609  -3.116e-05
  1252  +0.9964834169      8163  +0.9964599609  -2.346e-05
  1253  +0.9964756927      8163  +0.9964599609  -1.573e-05
  1254  +0.9964679515      8163  +0.9964599609  -7.991e-06
  1255  +0.9964601933      8163  +0.9964599609  -2.324e-07
  1256  +0.9964524182      8163  +0.9964599609  +7.543e-06
  1257  +0.9964446260      8163  +0.9964599609  +1.533e-05
  1258  +0.9964368168      8163  +0.9964599609  +2.314e-05
  1259  +0.9964289904      8163  +0.9964599609  +3.097e-05
  1260  +0.9964211469      8163  +0.9964599609  +3.881e-05
  1261  +0.9964132863      8163  +0.9964599609  +4.667e-05
  1262  +0.9964054084      8163  +0.9964599609  +5.455e-05
  1263  +0.9963975133      8162  +0.9963378906  -5.962e-05
  1264  +0.9963896009      8162  +0.9963378906  -5.171e-05
  1265  +0.9963816711      8162  +0.9963378906  -4.378e-05
  1266  +0.9963737240      8162  +0.9963378906  -3.583e-05
  1267  +0.9963657595      8162  +0.9963378906  -2.787e-05
  1268  +0.9963577776      8162  +0.9963378906  -1.989e-05
  1269  +0.9963497781      8162  +0.9963378906  -1.189e-05
  1270  +0.9963417612      8162  +0.9963378906  -3.871e-06
  1271  +0.9963337267      8162  +0.9963378906  +4.164e-06
  1272  +0.9963256746      8162  +0.9963378906  +1.222e-05
  1273  +0.9963176049      8162  +0.9963378906  +2.029e-05
  1274  +0.9963095175      8162  +0.9963378906  +2.837e-05
  1275  +0.9963014124      8162  +0.9963378906  +3.648e-05
  1276  +0.9962932896      8162  +0.9963378906  +4.460e-05
  1277  +0.9962851489      8162  +0.9963378906  +5.274e-05
  1278  +0.9962769905      8162  +0.9963378906  +6.090e-05
  1279  +0.9962688142      8161  +0.9962158203  -5.299e-05
  1280  +0.9962606199      8161  +0.9962158203  -4.480e-05
  1281  +0.9962524078      8161  +0.9962158203  -3.659e-05
  1282  +0.9962441776      8161  +0.9962158203  -2.836e-05
  1283  +0.9962359295      8161  +0.9962158203  -2.011e-05
  1284  +0.9962276633      8161  +0.9962158203  -1.184e-05
  1285  +0.9962193790      8161  +0.9962158203  -3.559e-06
  1286  +0.9962110765      8161  +0.9962158203  +4.744e-06
  1287  +0.9962027559      8161  +0.9962158203  +1.306e-05
  1288  +0.9961944171      8161  +0.9962158203  +2.140e-05
  1289  +0.9961860600      8161  +0.9962158203  +2.976e-05
  1290  +0.9961776846      8161  +0.9962158203  +3.814e-05
  1291  +0.9961692909      8161  +0.9962158203  +4.653e-05
  1292  +0.9961608788      8161  +0.9962158203  +5.494e-05
  1293  +0.9961524482      8160  +0.9960937500  -5.870e-05
  1294  +0.9961439993      8160  +0.9960937500  -5.025e-05
  1295  +0.9961355318      8160  +0.9960937500  -4.178e-05
  1296  +0.9961270458      8160  +0.9960937500  -3.330e-05
  1297  +0.9961185413      8160  +0.9960937500  -2.479e-05
  1298  +0.9961100181      8160  +0.9960937500  -1.627e-05
  1299  +0.9961014762      8160  +0.9960937500  -7.726e-06
  1300  +0.9960929157      8160  +0.9960937500  +8.343e-07
  1301  +0.9960843364      8160  +0.9960937500  +9.414e-06
  1302  +0.9960757384      8160  +0.9960937500  +1.801e-05
  1303  +0.9960671215      8160  +0.9960937500  +2.663e-05
  1304  +0.9960584858      8160  +0.9960937500  +3.526e-05
  1305  +0.9960498311      8160  +0.9960937500  +4.392e-05
  1306  +0.9960411576      8160  +0.9960937500  +5.259e-05
  1307  +0.9960324650      8159  +0.9959716797  -6.079e-05
  1308  +0.9960237534      8159  +0.9959716797  -5.207e-05
  1309  +0.9960150228      8159  +0.9959716797  -4.334e-05
  1310  +0.9960062730      8159  +0.9959716797  -3.459e-05
  1311  +0.9959975041      8159  +0.9959716797  -2.582e-05
  1312  +0.9959887160      8159  +0.9959716797  -1.704e-05
  1313  +0.9959799087      8159  +0.9959716797  -8.229e-06
  1314  +0.9959710821      8159  +0.9959716797  +5.976e-07
  1315  +0.9959622362      8159  +0.9959716797  +9.443e-06
  1316  +0.9959533709      8159  +0.9959716797  +1.831e-05
  1317  +0.9959444863      8159  +0.9959716797  +2.719e-05
  1318  +0.9959355822      8159  +0.9959716797  +3.610e-05
  1319  +0.9959266586      8159  +0.9959716797  +4.502e-05
  1320  +0.9959177154      8159  +0.9959716797  +5.396e-05
  1321  +0.9959087527      8158  +0.9958496094  -5.914e-05
  1322  +0.9958997704      8158  +0.9958496094  -5.016e-05
  1323  +0.9958907685      8158  +0.9958496094  -4.116e-05
  1324  +0.9958817468      8158  +0.9958496094  -3.214e-05
  1325  +0.9958727054      8158  +0.9958496094  -2.310e-05
  1326  +0.9958636443      8158  +0.9958496094  -1.403e-05
  1327  +0.9958545633      8158  +0.9958496094  -4.954e-06
  1328  +0.9958454624      8158  +0.9958496094  +4.147e-06
  1329  +0.9958363416      8158  +0.9958496094  +1.327e-05
  1330  +0.9958272009      8158  +0.9958496094  +2.241e-05
  1331  +0.9958180401      8158  +0.9958496094  +3.157e-05
  1332  +0.9958088594      8158  +0.9958496094  +4.075e-05
  1333  +0.9957996585      8158  +0.9958496094  +4.995e-05
  1334  +0.9957904375      8158  +0.9958496094  +5.917e-05
  1335  +0.9957811963      8157  +0.9957275391  -5.366e-05
  1336  +0.9957719350      8157  +0.9957275391  -4.440e-05
  1337  +0.9957626533      8157  +0.9957275391  -3.511e-05
  1338  +0.9957533514      8157  +0.9957275391  -2.581e-05
  1339  +0.9957440291      8157  +0.9957275391  -1.649e-05
  1340  +0.9957346864      8157  +0.9957275391  -7.147e-06
  1341  +0.9957253233      8157  +0.9957275391  +2.216e-06
  1342  +0.9957159397      8157  +0.9957275391  +1.160e-05
  1343  +0.9957065355      8157  +0.9957275391  +2.100e-05
  1344  +0.9956971108      8157  +0.9957275391  +3.043e-05
  1345  +0.9956876655      8157  +0.9957275391  +3.987e-05
  1346  +0.9956781995      8157  +0.9957275391  +4.934e-05
  1347  +0.9956687129      8157  +0.9957275391  +5.883e-05
  1348  +0.9956592054      8156  +0.9956054688  -5.374e-05
  1349  +0.9956496772      8156  +0.9956054688  -4.421e-05
  1350  +0.9956401281      8156  +0.9956054688  -3.466e-05
  1351  +0.9956305582      8156  +0.9956054688  -2.509e-05
  1352  +0.9956209673      8156  +0.9956054688  -1.550e-05
  1353  +0.9956113554      8156  +0.9956054688  -5.887e-06
  1354  +0.9956017226      8156  +0.9956054688  +3.746e-06
  1355  +0.9955920686      8156  +0.9956054688  +1.340e-05
  1356  +0.9955823936      8156  +0.9956054688  +2.308e-05
  1357  +0.9955726973      8156  +0.9956054688  +3.277e-05
  1358  +0.9955629799      8156  +0.9956054688  +4.249e-05
  1359  +0.9955532412      8156  +0.9956054688  +5.223e-05
  1360  +0.9955434813      8155  +0.9954833984  -6.008e-05
  1361  +0.9955337000      8155  +0.9954833984  -5.030e-05
  1362  +0.9955238972      8155  +0.9954833984  -4.050e-05
  1363  +0.9955140731      8155  +0.9954833984  -3.067e-05
  1364  +0.9955042275      8155  +0.9954833984  -2.083e-05
  1365  +0.9954943603      8155  +0.9954833984  -1.096e-05
  1366  +0.9954844716      8155  +0.9954833984  -1.073e-06
  1367  +0.9954745613      8155  +0.9954833984  +8.837e-06
  1368  +0.9954646292      8155  +0.9954833984  +1.877e-05
  1369  +0.9954546755      8155  +0.9954833984  +2.872e-05
  1370  +0.9954447000      8155  +0.9954833984  +3.870e-05
  1371  +0.9954347027      8155  +0.9954833984  +4.870e-05
  1372  +0.9954246835      8155  +0.9954833984  +5.871e-05
  1373  +0.9954146425      8154  +0.9953613281  -5.331e-05
  1374  +0.9954045794      8154  +0.9953613281  -4.325e-05
  1375  +0.9953944944      8154  +0.9953613281  -3.317e-05
  1376  +0.9953843873      8154  +0.9953613281  -2.306e-05
  1377  +0.9953742581      8154  +0.9953613281  -1.293e-05
  1378  +0.9953641068      8154  +0.9953613281  -2.779e-06
  1379  +0.9953539333      8154  +0.9953613281  +7.395e-06
  1380  +0.9953437376      8154  +0.9953613281  +1.759e-05
  1381  +0.9953335195      8154  +0.9953613281  +2.781e-05
  1382  +0.9953232792      8154  +0.9953613281  +3.805e-05
  1383  +0.9953130164      8154  +0.9953613281  +4.831e-05
  1384  +0.9953027312      8154  +0.9953613281  +5.860e-05
  1385  +0.9952924235      8153  +0.9952392578  -5.317e-05
  1386  +0.9952820933      8153  +0.9952392578  -4.284e-05
  1387  +0.9952717405      8153  +0.9952392578  -3.248e-05
  1388  +0.9952613651      8153  +0.9952392578  -2.211e-05
  1389  +0.9952509670      8153  +0.9952392578  -1.171e-05
  1390  +0.9952405462      8153  +0.9952392578  -1.288e-06
  1391  +0.9952301026      8153  +0.9952392578  +9.155e-06
  1392  +0.9952196361      8153  +0.9952392578  +1.962e-05
  1393  +0.9952091468      8153  +0.9952392578  +3.011e-05
  1394  +0.9951986346      8153  +0.9952392578  +4.062e-05
  1395  +0.9951880994      8153  +0.9952392578  +5.116e-05
  1396  +0.9951775412      8152  +0.9951171875  -6.035e-05
  1397  +0.9951669599      8152  +0.9951171875  -4.977e-05
  1398  +0.9951563554      8152  +0.9951171875  -3.917e-05
  1399  +0.9951457278      8152  +0.9951171875  -2.854e-05
  1400  +0.9951350770      8152  +0.9951171875  -1.789e-05
  1401  +0.9951244029      8152  +0.9951171875  -7.215e-06
  1402  +0.9951137055      8152  +0.9951171875  +3.482e-06
  1403  +0.9951029846      8152  +0.9951171875  +1.420e-05
  1404  +0.9950922404      8152  +0.9951171875  +2.495e-05
  1405  +0.9950814727      8152  +0.9951171875  +3.571e-05
  1406  +0.9950706814      8152  +0.9951171875  +4.651e-05
  1407  +0.9950598666      8152  +0.9951171875  +5.732e-05
  1408  +0.9950490282      8151  +0.9949951172  -5.391e-05
  1409  +0.9950381660      8151  +0.9949951172  -4.305e-05
  1410  +0.9950272802      8151  +0.9949951172  -3.216e-05
  1411  +0.9950163705      8151  +0.9949951172  -2.125e-05
  1412  +0.9950054370      8151  +0.9949951172  -1.032e-05
  1413  +0.9949944796      8151  +0.9949951172  +6.376e-07
  1414  +0.9949834983      8151  +0.9949951172  +1.162e-05
  1415  +0.9949724930      8151  +0.9949951172  +2.262e-05
  1416  +0.9949614636      8151  +0.9949951172  +3.365e-05
  1417  +0.9949504102      8151  +0.9949951172  +4.471e-05
  1418  +0.9949393326      8151  +0.9949951172  +5.578e-05
  1419  +0.9949282308      8150  +0.9948730469  -5.518e-05
  1420  +0.9949171047      8150  +0.9948730469  -4.406e-05
  1421  +0.9949059544      8150  +0.9948730469  -3.291e-05
  1422  +0.9948947797      8150  +0.9948730469  -2.173e-05
  1423  +0.9948835805      8150  +0.9948730469  -1.053e-05
  1424  +0.9948723569      8150  +0.9948730469  +6.899e-07
  1425  +0.9948611088      8150  +0.9948730469  +1.194e-05
  1426  +0.9948498362      8150  +0.9948730469  +2.321e-05
  1427  +0.9948385389      8150  +0.9948730469  +3.451e-05
  1428  +0.9948272169      8150  +0.9948730469  +4.583e-05
  1429  +0.9948158702      8150  +0.9948730469  +5.718e-05
  1430  +0.9948044987      8149  +0.9947509766  -5.352e-05
  1431  +0.9947931024      8149  +0.9947509766  -4.213e-05
  1432  +0.9947816811      8149  +0.9947509766  -3.070e-05
  1433  +0.9947702350      8149  +0.9947509766  -1.926e-05
  1434  +0.9947587638      8149  +0.9947509766  -7.787e-06
  1435  +0.9947472676      8149  +0.9947509766  +3.709e-06
  1436  +0.9947357463      8149  +0.9947509766  +1.523e-05
  1437  +0.9947241998      8149  +0.9947509766  +2.678e-05
  1438  +0.9947126281      8149  +0.9947509766  +3.835e-05
  1439  +0.9947010311      8149  +0.9947509766  +4.995e-05
  1440  +0.9946894088      8148  +0.9946289062  -6.050e-05
  1441  +0.9946777612      8148  +0.9946289062  -4.885e-05
  1442  +0.9946660881      8148  +0.9946289062  -3.718e-05
  1443  +0.9946543895      8148  +0.9946289062  -2.548e-05
  1444  +0.9946426653      8148  +0.9946289062  -1.376e-05
  1445  +0.9946309156      8148  +0.9946289062  -2.009e-06
  1446  +0.9946191402      8148  +0.9946289062  +9.766e-06
  1447  +0.9946073391      8148  +0.9946289062  +2.157e-05
  1448  +0.9945955122      8148  +0.9946289062  +3.339e-05
  1449  +0.9945836595      8148  +0.9946289062  +4.525e-05
  1450  +0.9945717809      8148  +0.9946289062  +5.713e-05
  1451  +0.9945598764      8147  +0.9945068359  -5.304e-05
  1452  +0.9945479459      8147  +0.9945068359  -4.111e-05
  1453  +0.9945359893      8147  +0.9945068359  -2.915e-05
  1454  +0.9945240067      8147  +0.9945068359  -1.717e-05
  1455  +0.9945119979      8147  +0.9945068359  -5.162e-06
  1456  +0.9944999628      8147  +0.9945068359  +6.873e-06
  1457  +0.9944879015      8147  +0.9945068359  +1.893e-05
  1458  +0.9944758139      8147  +0.9945068359  +3.102e-05
  1459  +0.9944636999      8147  +0.9945068359  +4.314e-05
  1460  +0.9944515594      8147  +0.9945068359  +5.528e-05
  1461  +0.9944393925      8146  +0.9943847656  -5.463e-05
  1462  +0.9944271989      8146  +0.9943847656  -4.243e-05
  1463  +0.9944149788      8146  +0.9943847656  -3.021e-05
  1464  +0.9944027320      8146  +0.9943847656  -1.797e-05
  1465  +0.9943904584      8146  +0.9943847656  -5.693e-06
  1466  +0.9943781581      8146  +0.9943847656  +6.608e-06
  1467  +0.9943658309      8146  +0.9943847656  +1.893e-05
  1468  +0.9943534768      8146  +0.9943847656  +3.129e-05
  1469  +0.9943410958      8146  +0.9943847656  +4.367e-05
  1470  +0.9943286877      8146  +0.9943847656  +5.608e-05
  1471  +0.9943162526      8145  +0.9942626953  -5.356e-05
  1472  +0.9943037903      8145  +0.9942626953  -4.109e-05
  1473  +0.9942913008      8145  +0.9942626953  -2.861e-05
  1474  +0.9942787841      8145  +0.9942626953  -1.609e-05
  1475  +0.9942662400      8145  +0.9942626953  -3.545e-06
  1476  +0.9942536686      8145  +0.9942626953  +9.027e-06
  1477  +0.9942410697      8145  +0.9942626953  +2.163e-05
  1478  +0.9942284434      8145  +0.9942626953  +3.425e-05
  1479  +0.9942157895      8145  +0.9942626953  +4.691e-05
  1480  +0.9942031079      8145  +0.9942626953  +5.959e-05
  1481  +0.9941903988      8144  +0.9941406250  -4.977e-05
  1482  +0.9941776618      8144  +0.9941406250  -3.704e-05
  1483  +0.9941648971      8144  +0.9941406250  -2.427e-05
  1484  +0.9941521046      8144  +0.9941406250  -1.148e-05
  1485  +0.9941392841      8144  +0.9941406250  +1.341e-06
  1486  +0.9941264357      8144  +0.9941406250  +1.419e-05
  1487  +0.9941135592      8144  +0.9941406250  +2.707e-05
  1488  +0.9941006546      8144  +0.9941406250  +3.997e-05
  1489  +0.9940877219      8144  +0.9941406250  +5.290e-05
  1490  +0.9940747610      8143  +0.9940185547  -5.621e-05
  1491  +0.9940617718      8143  +0.9940185547  -4.322e-05
  1492  +0.9940487542      8143  +0.9940185547  -3.020e-05
  1493  +0.9940357083      8143  +0.9940185547  -1.715e-05
  1494  +0.9940226339      8143  +0.9940185547  -4.079e-06
  1495  +0.9940095310      8143  +0.9940185547  +9.024e-06
  1496  +0.9939963995      8143  +0.9940185547  +2.216e-05
  1497  +0.9939832394      8143  +0.9940185547  +3.532e-05
  1498  +0.9939700505      8143  +0.9940185547  +4.850e-05
  1499  +0.9939568329      8142  +0.9938964844  -6.035e-05
  1500  +0.9939435865      8142  +0.9938964844  -4.710e-05
  1501  +0.9939303111      8142  +0.9938964844  -3.383e-05
  1502  +0.9939170069      8142  +0.9938964844  -2.052e-05
  1503  +0.9939036736      8142  +0.9938964844  -7.189e-06
  1504  +0.9938903112      8142  +0.9938964844  +6.173e-06
  1505  +0.9938769197      8142  +0.9938964844  +1.956e-05
  1506  +0.9938634989      8142  +0.9938964844  +3.299e-05
  1507  +0.9938500490      8142  +0.9938964844  +4.644e-05
  1508  +0.9938365696      8142  +0.9938964844  +5.991e-05
  1509  +0.9938230609      8141  +0.9937744141  -4.865e-05
  1510  +0.9938095227      8141  +0.9937744141  -3.511e-05
  1511  +0.9937959551      8141  +0.9937744141  -2.154e-05
  1512  +0.9937823578      8141  +0.9937744141  -7.944e-06
  1513  +0.9937687309      8141  +0.9937744141  +5.683e-06
  1514  +0.9937550742      8141  +0.9937744141  +1.934e-05
  1515  +0.9937413878      8141  +0.9937744141  +3.303e-05
  1516  +0.9937276715      8141  +0.9937744141  +4.674e-05
  1517  +0.9937139254      8141  +0.9937744141  +6.049e-05
  1518  +0.9937001493      8140  +0.9936523438  -4.781e-05
  1519  +0.9936863431      8140  +0.9936523438  -3.400e-05
  1520  +0.9936725068      8140  +0.9936523438  -2.016e-05
  1521  +0.9936586404      8140  +0.9936523438  -6.297e-06
  1522  +0.9936447437      8140  +0.9936523438  +7.600e-06
  1523  +0.9936308168      8140  +0.9936523438  +2.153e-05
  1524  +0.9936168595      8140  +0.9936523438  +3.548e-05
  1525  +0.9936028717      8140  +0.9936523438  +4.947e-05
  1526  +0.9935888535      8139  +0.9935302734  -5.858e-05
  1527  +0.9935748047      8139  +0.9935302734  -4.453e-05
  1528  +0.9935607253      8139  +0.9935302734  -3.045e-05
  1529  +0.9935466152      8139  +0.9935302734  -1.634e-05
  1530  +0.9935324744      8139  +0.9935302734  -2.201e-06
  1531  +0.9935183027      8139  +0.9935302734  +1.197e-05
  1532  +0.9935041002      8139  +0.9935302734  +2.617e-05
  1533  +0.9934898667      8139  +0.9935302734  +4.041e-05
  1534  +0.9934756021      8139  +0.9935302734  +5.467e-05
  1535  +0.9934613065      8138  +0.9934082031  -5.310e-05
  1536  +0.9934469797      8138  +0.9934082031  -3.878e-05
  1537  +0.9934326217      8138  +0.9934082031  -2.442e-05
  1538  +0.9934182325      8138  +0.9934082031  -1.003e-05
  1539  +0.9934038118      8138  +0.9934082031  +4.391e-06
  1540  +0.9933893597      8138  +0.9934082031  +1.884e-05
  1541  +0.9933748762      8138  +0.9934082031  +3.333e-05
  1542  +0.9933603611      8138  +0.9934082031  +4.784e-05
  1543  +0.9933458143      8137  +0.9932861328  -5.968e-05
  1544  +0.9933312359      8137  +0.9932861328  -4.510e-05
  1545  +0.9933166257      8137  +0.9932861328  -3.049e-05
  1546  +0.9933019837      8137  +0.9932861328  -1.585e-05
  1547  +0.9932873097      8137  +0.9932861328  -1.177e-06
  1548  +0.9932726038      8137  +0.9932861328  +1.353e-05
  1549  +0.9932578659      8137  +0.9932861328  +2.827e-05
  1550  +0.9932430958      8137  +0.9932861328  +4.304e-05
  1551  +0.9932282936      8137  +0.9932861328  +5.784e-05
  1552  +0.9932134591      8136  +0.9931640625  -4.940e-05
  1553  +0.9931985923      8136  +0.9931640625  -3.453e-05
  1554  +0.9931836931      8136  +0.9931640625  -1.963e-05
  1555  +0.9931687615      8136  +0.9931640625  -4.699e-06
  1556  +0.9931537973      8136  +0.9931640625  +1.027e-05
  1557  +0.9931388006      8136  +0.9931640625  +2.526e-05
  1558  +0.9931237712      8136  +0.9931640625  +4.029e-05
  1559  +0.9931087090      8136  +0.9931640625  +5.535e-05
  1560  +0.9930936141      8135  +0.9930419922  -5.162e-05
  1561  +0.9930784862      8135  +0.9930419922  -3.649e-05
  1562  +0.9930633254      8135  +0.9930419922  -2.133e-05
  1563  +0.9930481316      8135  +0.9930419922  -6.139e-06
  1564  +0.9930329047      8135  +0.9930419922  +9.087e-06
  1565  +0.9930176447      8135  +0.9930419922  +2.435e-05
  1566  +0.9930023514      8135  +0.9930419922  +3.964e-05
  1567  +0.9929870248      8135  +0.9930419922  +5.497e-05
  1568  +0.9929716648      8134  +0.9929199219  -5.174e-05
  1569  +0.9929562714      8134  +0.9929199219  -3.635e-05
  1570  +0.9929408445      8134  +0.9929199219  -2.092e-05
  1571  +0.9929253840      8134  +0.9929199219  -5.462e-06
  1572  +0.9929098898      8134  +0.9929199219  +1.003e-05
  1573  +0.9928943619      8134  +0.9929199219  +2.556e-05
  1574  +0.9928788002      8134  +0.9929199219  +4.112e-05
  1575  +0.9928632045      8134  +0.9929199219  +5.672e-05
  1576  +0.9928475750      8133  +0.9927978516  -4.972e-05
  1577  +0.9928319114      8133  +0.9927978516  -3.406e-05
  1578  +0.9928162137      8133  +0.9927978516  -1.836e-05
  1579  +0.9928004818      8133  +0.9927978516  -2.630e-06
  1580  +0.9927847157      8133  +0.9927978516  +1.314e-05
  1581  +0.9927689153      8133  +0.9927978516  +2.894e-05
  1582  +0.9927530805      8133  +0.9927978516  +4.477e-05
  1583  +0.9927372112      8133  +0.9927978516  +6.064e-05
  1584  +0.9927213073      8132  +0.9926757812  -4.553e-05
  1585  +0.9927053689      8132  +0.9926757812  -2.959e-05
  1586  +0.9926893957      8132  +0.9926757812  -1.361e-05
  1587  +0.9926733878      8132  +0.9926757812  +2.393e-06
  1588  +0.9926573451      8132  +0.9926757812  +1.844e-05
  1589  +0.9926412674      8132  +0.9926757812  +3.451e-05
  1590  +0.9926251547      8132  +0.9926757812  +5.063e-05
  1591  +0.9926090070      8131  +0.9925537109  -5.530e-05
  1592  +0.9925928241      8131  +0.9925537109  -3.911e-05
  1593  +0.9925766060      8131  +0.9925537109  -2.290e-05
  1594  +0.9925603527      8131  +0.9925537109  -6.642e-06
  1595  +0.9925440639      8131  +0.9925537109  +9.647e-06
  1596  +0.9925277397      8131  +0.9925537109  +2.597e-05
  1597  +0.9925113800      8131  +0.9925537109  +4.233e-05
  1598  +0.9924949847      8131  +0.9925537109  +5.873e-05
  1599  +0.9924785537      8130  +0.9924316406  -4.691e-05
  1600  +0.9924620870      8130  +0.9924316406  -3.045e-05
  1601  +0.9924455844      8130  +0.9924316406  -1.394e-05
  1602  +0.9924290460      8130  +0.9924316406  +2.595e-06
  1603  +0.9924124715      8130  +0.9924316406  +1.917e-05
  1604  +0.9923958610      8130  +0.9924316406  +3.578e-05
  1605  +0.9923792144      8130  +0.9924316406  +5.243e-05
  1606  +0.9923625315      8129  +0.9923095703  -5.296e-05
  1607  +0.9923458124      8129  +0.9923095703  -3.624e-05
  1608  +0.9923290569      8129  +0.9923095703  -1.949e-05
  1609  +0.9923122649      8129  +0.9923095703  -2.695e-06
  1610  +0.9922954364      8129  +0.9923095703  +1.413e-05
  1611  +0.9922785713      8129  +0.9923095703  +3.100e-05
  1612  +0.9922616695      8129  +0.9923095703  +4.790e-05
  1613  +0.9922447310      8128  +0.9921875000  -5.723e-05
  1614  +0.9922277556      8128  +0.9921875000  -4.026e-05
  1615  +0.9922107433      8128  +0.9921875000  -2.324e-05
  1616  +0.9921936941      8128  +0.9921875000  -6.194e-06
  1617  +0.9921766077      8128  +0.9921875000  +1.089e-05
  1618  +0.9921594842      8128  +0.9921875000  +2.802e-05
  1619  +0.9921423234      8128  +0.9921875000  +4.518e-05
  1620  +0.9921251253      8127  +0.9920654297  -5.970e-05
  1621  +0.9921078898      8127  +0.9920654297  -4.246e-05
  1622  +0.9920906169      8127  +0.9920654297  -2.519e-05
  1623  +0.9920733064      8127  +0.9920654297  -7.877e-06
  1624  +0.9920559582      8127  +0.9920654297  +9.471e-06
  1625  +0.9920385723      8127  +0.9920654297  +2.686e-05
  1626  +0.9920211487      8127  +0.9920654297  +4.428e-05
  1627  +0.9920036871      8126  +0.9919433594  -6.033e-05
  1628  +0.9919861876      8126  +0.9919433594  -4.283e-05
  1629  +0.9919686500      8126  +0.9919433594  -2.529e-05
  1630  +0.9919510743      8126  +0.9919433594  -7.715e-06
  1631  +0.9919334604      8126  +0.9919433594  +9.899e-06
  1632  +0.9919158082      8126  +0.9919433594  +2.755e-05
  1633  +0.9918981177      8126  +0.9919433594  +4.524e-05
  1634  +0.9918803887      8125  +0.9918212891  -5.910e-05
  1635  +0.9918626211      8125  +0.9918212891  -4.133e-05
  1636  +0.9918448150      8125  +0.9918212891  -2.353e-05
  1637  +0.9918269701      8125  +0.9918212891  -5.681e-06
  1638  +0.9918090864      8125  +0.9918212891  +1.220e-05
  1639  +0.9917911639      8125  +0.9918212891  +3.013e-05
  1640  +0.9917732025      8125  +0.9918212891  +4.809e-05
  1641  +0.9917552020      8124  +0.9916992188  -5.598e-05
  1642  +0.9917371623      8124  +0.9916992188  -3.794e-05
  1643  +0.9917190835      8124  +0.9916992188  -1.986e-05
  1644  +0.9917009654      8124  +0.9916992188  -1.747e-06
  1645  +0.9916828079      8124  +0.9916992188  +1.641e-05
  1646  +0.9916646110      8124  +0.9916992188  +3.461e-05
  1647  +0.9916463745      8124  +0.9916992188  +5.284e-05
  1648  +0.9916280984      8123  +0.9915771484  -5.095e-05
  1649  +0.9916097826      8123  +0.9915771484  -3.263e-05
  1650  +0.9915914270      8123  +0.9915771484  -1.428e-05
  1651  +0.9915730315      8123  +0.9915771484  +4.117e-06
  1652  +0.9915545960      8123  +0.9915771484  +2.255e-05
  1653  +0.9915361205      8123  +0.9915771484  +4.103e-05
  1654  +0.9915176049      8123  +0.9915771484  +5.954e-05
  1655  +0.9914990491      8122  +0.9914550781  -4.397e-05
  1656  +0.9914804529      8122  +0.9914550781  -2.537e-05
  1657  +0.9914618163      8122  +0.9914550781  -6.738e-06
  1658  +0.9914431393      8122  +0.9914550781  +1.194e-05
  1659  +0.9914244217      8122  +0.9914550781  +3.066e-05
  1660  +0.9914056634      8122  +0.9914550781  +4.941e-05
  1661  +0.9913868644      8121  +0.9913330078  -5.386e-05
  1662  +0.9913680246      8121  +0.9913330078  -3.502e-05
  1663  +0.9913491438      8121  +0.9913330078  -1.614e-05
  1664  +0.9913302221      8121  +0.9913330078  +2.786e-06
  1665  +0.9913112592      8121  +0.9913330078  +2.175e-05
  1666  +0.9912922552      8121  +0.9913330078  +4.075e-05
  1667  +0.9912732099      8121  +0.9913330078  +5.980e-05
  1668  +0.9912541233      8120  +0.9912109375  -4.319e-05
  1669  +0.9912349952      8120  +0.9912109375  -2.406e-05
  1670  +0.9912158256      8120  +0.9912109375  -4.888e-06
  1671  +0.9911966143      8120  +0.9912109375  +1.432e-05
  1672  +0.9911773614      8120  +0.9912109375  +3.358e-05
  1673  +0.9911580666      8120  +0.9912109375  +5.287e-05
  1674  +0.9911387300      8119  +0.9910888672  -4.986e-05
  1675  +0.9911193513      8119  +0.9910888672  -3.048e-05
  1676  +0.9910999306      8119  +0.9910888672  -1.106e-05
  1677  +0.9910804678      8119  +0.9910888672  +8.399e-06
  1678  +0.9910609627      8119  +0.9910888672  +2.790e-05
  1679  +0.9910414152      8119  +0.9910888672  +4.745e-05
  1680  +0.9910218254      8118  +0.9909667969  -5.503e-05
  1681  +0.9910021930      8118  +0.9909667969  -3.540e-05
  1682  +0.9909825180      8118  +0.9909667969  -1.572e-05
  1683  +0.9909628003      8118  +0.9909667969  +3.997e-06
  1684  +0.9909430398      8118  +0.9909667969  +2.376e-05
  1685  +0.9909232364      8118  +0.9909667969  +4.356e-05
  1686  +0.9909033900      8117  +0.9908447266  -5.866e-05
  1687  +0.9908835006      8117  +0.9908447266  -3.877e-05
  1688  +0.9908635680      8117  +0.9908447266  -1.884e-05
  1689  +0.9908435921      8117  +0.9908447266  +1.134e-06
  1690  +0.9908235729      8117  +0.9908447266  +2.115e-05
  1691  +0.9908035103      8117  +0.9908447266  +4.122e-05
  1692  +0.9907834041      8116  +0.9907226562  -6.075e-05
  1693  +0.9907632544      8116  +0.9907226562  -4.060e-05
  1694  +0.9907430609      8116  +0.9907226562  -2.040e-05
  1695  +0.9907228235      8116  +0.9907226562  -1.673e-07
  1696  +0.9907025423      8116  +0.9907226562  +2.011e-05
  1697  +0.9906822171      8116  +0.9907226562  +4.044e-05
  1698  +0.9906618478      8116  +0.9907226562  +6.081e-05
  1699  +0.9906414343      8115  +0.9906005859  -4.085e-05
  1700  +0.9906209765      8115  +0.9906005859  -2.039e-05
  1701  +0.9906004744      8115  +0.9906005859  +1.116e-07
  1702  +0.9905799277      8115  +0.9906005859  +2.066e-05
  1703  +0.9905593366      8115  +0.9906005859  +4.125e-05
  1704  +0.9905387007      8114  +0.9904785156  -6.019e-05
  1705  +0.9905180201      8114  +0.9904785156  -3.950e-05
  1706  +0.9904972947      8114  +0.9904785156  -1.878e-05
  1707  +0.9904765243      8114  +0.9904785156  +1.991e-06
  1708  +0.9904557088      8114  +0.9904785156  +2.281e-05
  1709  +0.9904348482      8114  +0.9904785156  +4.367e-05
  1710  +0.9904139424      8113  +0.9903564453  -5.750e-05
  1711  +0.9903929913      8113  +0.9903564453  -3.655e-05
  1712  +0.9903719947      8113  +0.9903564453  -1.555e-05
  1713  +0.9903509526      8113  +0.9903564453  +5.493e-06
  1714  +0.9903298649      8113  +0.9903564453  +2.658e-05
  1715  +0.9903087314      8113  +0.9903564453  +4.771e-05
  1716  +0.9902875522      8112  +0.9902343750  -5.318e-05
  1717  +0.9902663270      8112  +0.9902343750  -3.195e-05
  1718  +0.9902450558      8112  +0.9902343750  -1.068e-05
  1719  +0.9902237385      8112  +0.9902343750  +1.064e-05
  1720  +0.9902023750      8112  +0.9902343750  +3.200e-05
  1721  +0.9901809652      8112  +0.9902343750  +5.341e-05
  1722  +0.9901595090      8111  +0.9901123047  -4.720e-05
  1723  +0.9901380062      8111  +0.9901123047  -2.570e-05
  1724  +0.9901164569      8111  +0.9901123047  -4.152e-06
  1725  +0.9900948609      8111  +0.9901123047  +1.744e-05
  1726  +0.9900732180      8111  +0.9901123047  +3.909e-05
  1727  +0.9900515283      8111  +0.9901123047  +6.078e-05
  1728  +0.9900297915      8110  +0.9899902344  -3.956e-05
  1729  +0.9900080077      8110  +0.9899902344  -1.777e-05
  1730  +0.9899861766      8110  +0.9899902344  +4.058e-06
  1731  +0.9899642983      8110  +0.9899902344  +2.594e-05
  1732  +0.9899423725      8110  +0.9899902344  +4.786e-05
  1733  +0.9899203993      8109  +0.9898681641  -5.224e-05
  1734  +0.9898983784      8109  +0.9898681641  -3.021e-05
  1735  +0.9898763098      8109  +0.9898681641  -8.146e-06
  1736  +0.9898541934      8109  +0.9898681641  +1.397e-05
  1737  +0.9898320291      8109  +0.9898681641  +3.613e-05
  1738  +0.9898098168      8109  +0.9898681641  +5.835e-05
  1739  +0.9897875563      8108  +0.9897460938  -4.146e-05
  1740  +0.9897652477      8108  +0.9897460938  -1.915e-05
  1741  +0.9897428907      8108  +0.9897460938  +3.203e-06
  1742  +0.9897204853      8108  +0.9897460938  +2.561e-05
  1743  +0.9896980314      8108  +0.9897460938  +4.806e-05
  1744  +0.9896755288      8107  +0.9896240234  -5.151e-05
  1745  +0.9896529775      8107  +0.9896240234  -2.895e-05
  1746  +0.9896303774      8107  +0.9896240234  -6.354e-06
  1747  +0.9896077283      8107  +0.9896240234  +1.630e-05
  1748  +0.9895850302      8107  +0.9896240234  +3.899e-05
  1749  +0.9895622829      8106  +0.9895019531  -6.033e-05
  1750  +0.9895394864      8106  +0.9895019531  -3.753e-05
  1751  +0.9895166405      8106  +0.9895019531  -1.469e-05
  1752  +0.9894937452      8106  +0.9895019531  +8.208e-06
  1753  +0.9894708003      8106  +0.9895019531  +3.115e-05
  1754  +0.9894478057      8106  +0.9895019531  +5.415e-05
  1755  +0.9894247613      8105  +0.9893798828  -4.488e-05
  1756  +0.9894016670      8105  +0.9893798828  -2.178e-05
  1757  +0.9893785228      8105  +0.9893798828  +1.360e-06
  1758  +0.9893553284      8105  +0.9893798828  +2.455e-05
  1759  +0.9893320839      8105  +0.9893798828  +4.780e-05
  1760  +0.9893087890      8104  +0.9892578125  -5.098e-05
  1761  +0.9892854437      8104  +0.9892578125  -2.763e-05
  1762  +0.9892620479      8104  +0.9892578125  -4.235e-06
  1763  +0.9892386014      8104  +0.9892578125  +1.921e-05
  1764  +0.9892151042      8104  +0.9892578125  +4.271e-05
  1765  +0.9891915562      8103  +0.9891357422  -5.581e-05
  1766  +0.9891679572      8103  +0.9891357422  -3.221e-05
  1767  +0.9891443071      8103  +0.9891357422  -8.565e-06
  1768  +0.9891206059      8103  +0.9891357422  +1.514e-05
  1769  +0.9890968533      8103  +0.9891357422  +3.889e-05
  1770  +0.9890730494      8102  +0.9890136719  -5.938e-05
  1771  +0.9890491940      8102  +0.9890136719  -3.552e-05
  1772  +0.9890252870      8102  +0.9890136719  -1.162e-05
  1773  +0.9890013282      8102  +0.9890136719  +1.234e-05
  1774  +0.9889773176      8102  +0.9890136719  +3.635e-05
  1775  +0.9889532551      8102  +0.9890136719  +6.042e-05
  1776  +0.9889291405      8101  +0.9888916016  -3.754e-05
  1777  +0.9889049738      8101  +0.9888916016  -1.337e-05
  1778  +0.9888807548      8101  +0.9888916016  +1.085e-05
  1779  +0.9888564834      8101  +0.9888916016  +3.512e-05
  1780  +0.9888321595      8101  +0.9888916016  +5.944e-05
  1781  +0.9888077830      8100  +0.9887695312  -3.825e-05
  1782  +0.9887833538      8100  +0.9887695312  -1.382e-05
  1783  +0.9887588718      8100  +0.9887695312  +1.066e-05
  1784  +0.9887343368      8100  +0.9887695312  +3.519e-05
  1785  +0.9887097488      8100  +0.9887695312  +5.978e-05
  1786  +0.9886851076      8099  +0.9886474609  -3.765e-05
  1787  +0.9886604131      8099  +0.9886474609  -1.295e-05
  1788  +0.9886356653      8099  +0.9886474609  +1.180e-05
  1789  +0.9886108639      8099  +0.9886474609  +3.660e-05
  1790  +0.9885860089      8098  +0.9885253906  -6.062e-05
  1791  +0.9885611002      8098  +0.9885253906  -3.571e-05
  1792  +0.9885361377      8098  +0.9885253906  -1.075e-05
  1793  +0.9885111211      8098  +0.9885253906  +1.427e-05
  1794  +0.9884860505      8098  +0.9885253906  +3.934e-05
  1795  +0.9884609258      8097  +0.9884033203  -5.761e-05
  1796  +0.9884357467      8097  +0.9884033203  -3.243e-05
  1797  +0.9884105132      8097  +0.9884033203  -7.193e-06
  1798  +0.9883852251      8097  +0.9884033203  +1.810e-05
  1799  +0.9883598824      8097  +0.9884033203  +4.344e-05
  1800  +0.9883344850      8096  +0.9882812500  -5.323e-05
  1801  +0.9883090326      8096  +0.9882812500  -2.778e-05
  1802  +0.9882835253      8096  +0.9882812500  -2.275e-06
  1803  +0.9882579628      8096  +0.9882812500  +2.329e-05
  1804  +0.9882323451      8096  +0.9882812500  +4.890e-05
  1805  +0.9882066721      8095  +0.9881591797  -4.749e-05
  1806  +0.9881809436      8095  +0.9881591797  -2.176e-05
  1807  +0.9881551595      8095  +0.9881591797  +4.020e-06
  1808  +0.9881293197      8095  +0.9881591797  +2.986e-05
  1809  +0.9881034241      8095  +0.9881591797  +5.576e-05
  1810  +0.9880774726      8094  +0.9880371094  -4.036e-05
  1811  +0.9880514650      8094  +0.9880371094  -1.436e-05
  1812  +0.9880254012      8094  +0.9880371094  +1.171e-05
  1813  +0.9879992812      8094  +0.9880371094  +3.783e-05
  1814  +0.9879731047      8093  +0.9879150391  -5.807e-05
  1815  +0.9879468717      8093  +0.9879150391  -3.183e-05
  1816  +0.9879205821      8093  +0.9879150391  -5.543e-06
  1817  +0.9878942356      8093  +0.9879150391  +2.080e-05
  1818  +0.9878678323      8093  +0.9879150391  +4.721e-05
  1819  +0.9878413720      8092  +0.9877929688  -4.840e-05
  1820  +0.9878148545      8092  +0.9877929688  -2.189e-05
  1821  +0.9877882798      8092  +0.9877929688  +4.689e-06
  1822  +0.9877616477      8092  +0.9877929688  +3.132e-05
  1823  +0.9877349581      8092  +0.9877929688  +5.801e-05
  1824  +0.9877082109      8091  +0.9876708984  -3.731e-05
  1825  +0.9876814060      8091  +0.9876708984  -1.051e-05
  1826  +0.9876545432      8091  +0.9876708984  +1.636e-05
  1827  +0.9876276224      8091  +0.9876708984  +4.328e-05
  1828  +0.9876006435      8090  +0.9875488281  -5.182e-05
  1829  +0.9875736064      8090  +0.9875488281  -2.478e-05
  1830  +0.9875465110      8090  +0.9875488281  +2.317e-06
  1831  +0.9875193570      8090  +0.9875488281  +2.947e-05
  1832  +0.9874921445      8090  +0.9875488281  +5.668e-05
  1833  +0.9874648732      8089  +0.9874267578  -3.812e-05
  1834  +0.9874375431      8089  +0.9874267578  -1.079e-05
  1835  +0.9874101540      8089  +0.9874267578  +1.660e-05
  1836  +0.9873827059      8089  +0.9874267578  +4.405e-05
  1837  +0.9873551985      8088  +0.9873046875  -5.051e-05
  1838  +0.9873276317      8088  +0.9873046875  -2.294e-05
  1839  +0.9873000055      8088  +0.9873046875  +4.682e-06
  1840  +0.9872723197      8088  +0.9873046875  +3.237e-05
  1841  +0.9872445742      8088  +0.9873046875  +6.011e-05
  1842  +0.9872167688      8087  +0.9871826172  -3.415e-05
  1843  +0.9871889035      8087  +0.9871826172  -6.286e-06
  1844  +0.9871609781      8087  +0.9871826172  +2.164e-05
  1845  +0.9871329924      8087  +0.9871826172  +4.962e-05
  1846  +0.9871049464      8086  +0.9870605469  -4.440e-05
  1847  +0.9870768398      8086  +0.9870605469  -1.629e-05
  1848  +0.9870486727      8086  +0.9870605469  +1.187e-05
  1849  +0.9870204449      8086  +0.9870605469  +4.010e-05
  1850  +0.9869921561      8085  +0.9869384766  -5.368e-05
  1851  +0.9869638064      8085  +0.9869384766  -2.533e-05
  1852  +0.9869353956      8085  +0.9869384766  +3.081e-06
  1853  +0.9869069235      8085  +0.9869384766  +3.155e-05
  1854  +0.9868783900      8085  +0.9869384766  +6.009e-05
  1855  +0.9868497951      8084  +0.9868164062  -3.339e-05
  1856  +0.9868211384      8084  +0.9868164062  -4.732e-06
  1857  +0.9867924200      8084  +0.9868164062  +2.399e-05
  1858  +0.9867636398      8084  +0.9868164062  +5.277e-05
  1859  +0.9867347974      8083  +0.9866943359  -4.046e-05
  1860  +0.9867058930      8083  +0.9866943359  -1.156e-05
  1861  +0.9866769262      8083  +0.9866943359  +1.741e-05
  1862  +0.9866478970      8083  +0.9866943359  +4.644e-05
  1863  +0.9866188052      8082  +0.9865722656  -4.654e-05
  1864  +0.9865896508      8082  +0.9865722656  -1.739e-05
  1865  +0.9865604336      8082  +0.9865722656  +1.183e-05
  1866  +0.9865311534      8082  +0.9865722656  +4.111e-05
  1867  +0.9865018101      8081  +0.9864501953  -5.161e-05
  1868  +0.9864724036      8081  +0.9864501953  -2.221e-05
  1869  +0.9864429337      8081  +0.9864501953  +7.262e-06
  1870  +0.9864134004      8081  +0.9864501953  +3.679e-05
  1871  +0.9863838034      8080  +0.9863281250  -5.568e-05
  1872  +0.9863541427      8080  +0.9863281250  -2.602e-05
  1873  +0.9863244181      8080  +0.9863281250  +3.707e-06
  1874  +0.9862946295      8080  +0.9863281250  +3.350e-05
  1875  +0.9862647768      8079  +0.9862060547  -5.872e-05
  1876  +0.9862348597      8079  +0.9862060547  -2.881e-05
  1877  +0.9862048783      8079  +0.9862060547  +1.176e-06
  1878  +0.9861748322      8079  +0.9862060547  +3.122e-05
  1879  +0.9861447215      8078  +0.9860839844  -6.074e-05
  1880  +0.9861145460      8078  +0.9860839844  -3.056e-05
  1881  +0.9860843054      8078  +0.9860839844  -3.211e-07
  1882  +0.9860539998      8078  +0.9860839844  +2.998e-05
  1883  +0.9860236289      8078  +0.9860839844  +6.036e-05
  1884  +0.9859931927      8077  +0.9859619141  -3.128e-05
  1885  +0.9859626909      8077  +0.9859619141  -7.769e-07
  1886  +0.9859321235      8077  +0.9859619141  +2.979e-05
  1887  +0.9859014903      8077  +0.9859619141  +6.042e-05
  1888  +0.9858707912      8076  +0.9858398438  -3.095e-05
  1889  +0.9858400260      8076  +0.9858398438  -1.822e-07
  1890  +0.9858091946      8076  +0.9858398438  +3.065e-05
  1891  +0.9857782968      8075  +0.9857177734  -6.052e-05
  1892  +0.9857473326      8075  +0.9857177734  -2.956e-05
  1893  +0.9857163017      8075  +0.9857177734  +1.472e-06
  1894  +0.9856852041      8075  +0.9857177734  +3.257e-05
  1895  +0.9856540395      8074  +0.9855957031  -5.834e-05
  1896  +0.9856228080      8074  +0.9855957031  -2.710e-05
  1897  +0.9855915092      8074  +0.9855957031  +4.194e-06
  1898  +0.9855601431      8074  +0.9855957031  +3.556e-05
  1899  +0.9855287095      8073  +0.9854736328  -5.508e-05
  1900  +0.9854972084      8073  +0.9854736328  -2.358e-05
  1901  +0.9854656394      8073  +0.9854736328  +7.993e-06
  1902  +0.9854340026      8073  +0.9854736328  +3.963e-05
  1903  +0.9854022978      8072  +0.9853515625  -5.074e-05
  1904  +0.9853705247      8072  +0.9853515625  -1.896e-05
  1905  +0.9853386834      8072  +0.9853515625  +1.288e-05
  1906  +0.9853067736      8072  +0.9853515625  +4.479e-05
  1907  +0.9852747951      8071  +0.9852294922  -4.530e-05
  1908  +0.9852427479      8071  +0.9852294922  -1.326e-05
  1909  +0.9852106319      8071  +0.9852294922  +1.886e-05
  1910  +0.9851784467      8071  +0.9852294922  +5.105e-05
  1911  +0.9851461924      8070  +0.9851074219  -3.877e-05
  1912  +0.9851138688      8070  +0.9851074219  -6.447e-06
  1913  +0.9850814757      8070  +0.9851074219  +2.595e-05
  1914  +0.9850490129      8070  +0.9851074219  +5.841e-05
  1915  +0.9850164804      8069  +0.9849853516  -3.113e-05
  1916  +0.9849838780      8069  +0.9849853516  +1.474e-06
  1917  +0.9849512055      8069  +0.9849853516  +3.415e-05
  1918  +0.9849184628      8068  +0.9848632812  -5.518e-05
  1919  +0.9848856498      8068  +0.9848632812  -2.237e-05
  1920  +0.9848527662      8068  +0.9848632812  +1.052e-05
  1921  +0.9848198120      8068  +0.9848632812  +4.347e-05
  1922  +0.9847867871      8067  +0.9847412109  -4.558e-05
  1923  +0.9847536911      8067  +0.9847412109  -1.248e-05
  1924  +0.9847205241      8067  +0.9847412109  +2.069e-05
  1925  +0.9846872858      8067  +0.9847412109  +5.393e-05
  1926  +0.9846539761      8066  +0.9846191406  -3.484e-05
  1927  +0.9846205949      8066  +0.9846191406  -1.454e-06
  1928  +0.9845871420      8066  +0.9846191406  +3.200e-05
  1929  +0.9845536173      8065  +0.9844970703  -5.655e-05
  1930  +0.9845200205      8065  +0.9844970703  -2.295e-05
  1931  +0.9844863517      8065  +0.9844970703  +1.072e-05
  1932  +0.9844526105      8065  +0.9844970703  +4.446e-05
  1933  +0.9844187969      8064  +0.9843750000  -4.380e-05
  1934  +0.9843849107      8064  +0.9843750000  -9.911e-06
  1935  +0.9843509517      8064  +0.9843750000  +2.405e-05
  1936  +0.9843169199      8064  +0.9843750000  +5.808e-05
  1937  +0.9842828150      8063  +0.9842529297  -2.989e-05
  1938  +0.9842486369      8063  +0.9842529297  +4.293e-06
  1939  +0.9842143854      8063  +0.9842529297  +3.854e-05
  1940  +0.9841800604      8062  +0.9841308594  -4.920e-05
  1941  +0.9841456618      8062  +0.9841308594  -1.480e-05
  1942  +0.9841111893      8062  +0.9841308594  +1.967e-05
  1943  +0.9840766429      8062  +0.9841308594  +5.422e-05
  1944  +0.9840420223      8061  +0.9840087891  -3.323e-05
  1945  +0.9840073275      8061  +0.9840087891  +1.462e-06
  1946  +0.9839725582      8061  +0.9840087891  +3.623e-05
  1947  +0.9839377144      8060  +0.9838867188  -5.100e-05
  1948  +0.9839027957      8060  +0.9838867188  -1.608e-05
  1949  +0.9838678022      8060  +0.9838867188  +1.892e-05
  1950  +0.9838327336      8060  +0.9838867188  +5.399e-05
  1951  +0.9837975899      8059  +0.9837646484  -3.294e-05
  1952  +0.9837623707      8059  +0.9837646484  +2.278e-06
  1953  +0.9837270760      8059  +0.9837646484  +3.757e-05
  1954  +0.9836917056      8058  +0.9836425781  -4.913e-05
  1955  +0.9836562594      8058  +0.9836425781  -1.368e-05
  1956  +0.9836207371      8058  +0.9836425781  +2.184e-05
  1957  +0.9835851387      8058  +0.9836425781  +5.744e-05
  1958  +0.9835494640      8057  +0.9835205078  -2.896e-05
  1959  +0.9835137128      8057  +0.9835205078  +6.795e-06
  1960  +0.9834778850      8057  +0.9835205078  +4.262e-05
  1961  +0.9834419803      8056  +0.9833984375  -4.354e-05
  1962  +0.9834059987      8056  +0.9833984375  -7.561e-06
  1963  +0.9833699400      8056  +0.9833984375  +2.850e-05
  1964  +0.9833338040      8055  +0.9832763672  -5.744e-05
  1965  +0.9832975906      8055  +0.9832763672  -2.122e-05
  1966  +0.9832612995      8055  +0.9832763672  +1.507e-05
  1967  +0.9832249307      8055  +0.9832763672  +5.144e-05
  1968  +0.9831884840      8054  +0.9831542969  -3.419e-05
  1969  +0.9831519591      8054  +0.9831542969  +2.338e-06
  1970  +0.9831153561      8054  +0.9831542969  +3.894e-05
  1971  +0.9830786746      8053  +0.9830322266  -4.645e-05
  1972  +0.9830419145      8053  +0.9830322266  -9.688e-06
  1973  +0.9830050757      8053  +0.9830322266  +2.715e-05
  1974  +0.9829681580      8052  +0.9829101562  -5.800e-05
  1975  +0.9829311612      8052  +0.9829101562  -2.100e-05
  1976  +0.9828940852      8052  +0.9829101562  +1.607e-05
  1977  +0.9828569298      8052  +0.9829101562  +5.323e-05
  1978  +0.9828196948      8051  +0.9827880859  -3.161e-05
  1979  +0.9827823801      8051  +0.9827880859  +5.706e-06
  1980  +0.9827449855      8051  +0.9827880859  +4.310e-05
  1981  +0.9827075108      8050  +0.9826660156  -4.150e-05
  1982  +0.9826699560      8050  +0.9826660156  -3.940e-06
  1983  +0.9826323207      8050  +0.9826660156  +3.369e-05
  1984  +0.9825946048      8049  +0.9825439453  -5.066e-05
  1985  +0.9825568083      8049  +0.9825439453  -1.286e-05
  1986  +0.9825189308      8049  +0.9825439453  +2.501e-05
  1987  +0.9824809723      8048  +0.9824218750  -5.910e-05
  1988  +0.9824429325      8048  +0.9824218750  -2.106e-05
  1989  +0.9824048113      8048  +0.9824218750  +1.706e-05
  1990  +0.9823666086      8048  +0.9824218750  +5.527e-05
  1991  +0.9823283241      8047  +0.9822998047  -2.852e-05
  1992  +0.9822899578      8047  +0.9822998047  +9.847e-06
  1993  +0.9822515093      8047  +0.9822998047  +4.830e-05
  1994  +0.9822129786      8046  +0.9821777344  -3.524e-05
  1995  +0.9821743655      8046  +0.9821777344  +3.369e-06
  1996  +0.9821356698      8046  +0.9821777344  +4.206e-05
  1997  +0.9820968913      8045  +0.9820556641  -4.123e-05
  1998  +0.9820580299      8045  +0.9820556641  -2.366e-06
  1999  +0.9820190853      8045  +0.9820556641  +3.658e-05
  2000  +0.9819800575      8044  +0.9819335938  -4.646e-05
  2001  +0.9819409463      8044  +0.9819335938  -7.353e-06
  2002  +0.9819017514      8044  +0.9819335938  +3.184e-05
  2003  +0.9818624728      8043  +0.9818115234  -5.095e-05
  2004  +0.9818231101      8043  +0.9818115234  -1.159e-05
  2005  +0.9817836633      8043  +0.9818115234  +2.786e-05
  2006  +0.9817441322      8042  +0.9816894531  -5.468e-05
  2007  +0.9817045166      8042  +0.9816894531  -1.506e-05
  2008  +0.9816648164      8042  +0.9816894531  +2.464e-05
  2009  +0.9816250312      8041  +0.9815673828  -5.765e-05
  2010  +0.9815851611      8041  +0.9815673828  -1.778e-05
  2011  +0.9815452058      8041  +0.9815673828  +2.218e-05
  2012  +0.9815051651      8040  +0.9814453125  -5.985e-05
  2013  +0.9814650388      8040  +0.9814453125  -1.973e-05
  2014  +0.9814248269      8040  +0.9814453125  +2.049e-05
  2015  +0.9813845290      8040  +0.9814453125  +6.078e-05
  2016  +0.9813441450      8039  +0.9813232422  -2.090e-05
  2017  +0.9813036748      8039  +0.9813232422  +1.957e-05
  2018  +0.9812631182      8039  +0.9813232422  +6.012e-05
  2019  +0.9812224749      8038  +0.9812011719  -2.130e-05
  2020  +0.9811817448      8038  +0.9812011719  +1.943e-05
  2021  +0.9811409278      8038  +0.9812011719  +6.024e-05
  2022  +0.9811000236      8037  +0.9810791016  -2.092e-05
  2023  +0.9810590320      8037  +0.9810791016  +2.007e-05
  2024  +0.9810179530      8036  +0.9809570312  -6.092e-05
  2025  +0.9809767862      8036  +0.9809570312  -1.975e-05
  2026  +0.9809355316      8036  +0.9809570312  +2.150e-05
  2027  +0.9808941889      8035  +0.9808349609  -5.923e-05
  2028  +0.9808527580      8035  +0.9808349609  -1.780e-05
  2029  +0.9808112387      8035  +0.9808349609  +2.372e-05
  2030  +0.9807696307      8034  +0.9807128906  -5.674e-05
  2031  +0.9807279340      8034  +0.9807128906  -1.504e-05
  2032  +0.9806861483      8034  +0.9807128906  +2.674e-05
  2033  +0.9806442734      8033  +0.9805908203  -5.345e-05
  2034  +0.9806023092      8033  +0.9805908203  -1.149e-05
  2035  +0.9805602555      8033  +0.9805908203  +3.056e-05
  2036  +0.9805181120      8032  +0.9804687500  -4.936e-05
  2037  +0.9804758787      8032  +0.9804687500  -7.129e-06
  2038  +0.9804335553      8032  +0.9804687500  +3.519e-05
  2039  +0.9803911416      8031  +0.9803466797  -4.446e-05
  2040  +0.9803486375      8031  +0.9803466797  -1.958e-06
  2041  +0.9803060427      8031  +0.9803466797  +4.064e-05
  2042  +0.9802633571      8030  +0.9802246094  -3.875e-05
  2043  +0.9802205805      8030  +0.9802246094  +4.029e-06
  2044  +0.9801777127      8030  +0.9802246094  +4.690e-05
  2045  +0.9801347535      8029  +0.9801025391  -3.221e-05
  2046  +0.9800917028      8029  +0.9801025391  +1.084e-05
  2047  +0.9800485602      8029  +0.9801025391  +5.398e-05
  2048  +0.9800053257      8028  +0.9799804688  -2.486e-05
  2049  +0.9799619991      8028  +0.9799804688  +1.847e-05
  2050  +0.9799185802      8027  +0.9798583984  -6.018e-05
  2051  +0.9798750687      8027  +0.9798583984  -1.667e-05
  2052  +0.9798314645      8027  +0.9798583984  +2.693e-05
  2053  +0.9797877674      8026  +0.9797363281  -5.144e-05
  2054  +0.9797439772      8026  +0.9797363281  -7.649e-06
  2055  +0.9797000938      8026  +0.9797363281  +3.623e-05
  2056  +0.9796561168      8025  +0.9796142578  -4.186e-05
  2057  +0.9796120462      8025  +0.9796142578  +2.212e-06
  2058  +0.9795678817      8025  +0.9796142578  +4.638e-05
  2059  +0.9795236232      8024  +0.9794921875  -3.144e-05
  2060  +0.9794792704      8024  +0.9794921875  +1.292e-05
  2061  +0.9794348231      8024  +0.9794921875  +5.736e-05
  2062  +0.9793902813      8023  +0.9793701172  -2.016e-05
  2063  +0.9793456446      8023  +0.9793701172  +2.447e-05
  2064  +0.9793009129      8022  +0.9792480469  -5.287e-05
  2065  +0.9792560859      8022  +0.9792480469  -8.039e-06
  2066  +0.9792111635      8022  +0.9792480469  +3.688e-05
  2067  +0.9791661456      8021  +0.9791259766  -4.017e-05
  2068  +0.9791210318      8021  +0.9791259766  +4.945e-06
  2069  +0.9790758220      8021  +0.9791259766  +5.015e-05
  2070  +0.9790305160      8020  +0.9790039062  -2.661e-05
  2071  +0.9789851136      8020  +0.9790039062  +1.879e-05
  2072  +0.9789396146      8019  +0.9788818359  -5.778e-05
  2073  +0.9788940188      8019  +0.9788818359  -1.218e-05
  2074  +0.9788483261      8019  +0.9788818359  +3.351e-05
  2075  +0.9788025361      8018  +0.9787597656  -4.277e-05
  2076  +0.9787566487      8018  +0.9787597656  +3.117e-06
  2077  +0.9787106637      8018  +0.9787597656  +4.910e-05
  2078  +0.9786645810      8017  +0.9786376953  -2.689e-05
  2079  +0.9786184002      8017  +0.9786376953  +1.930e-05
  2080  +0.9785721213      8016  +0.9785156250  -5.650e-05
  2081  +0.9785257440      8016  +0.9785156250  -1.012e-05
  2082  +0.9784792680      8016  +0.9785156250  +3.636e-05
  2083  +0.9784326933      8015  +0.9783935547  -3.914e-05
  2084  +0.9783860196      8015  +0.9783935547  +7.535e-06
  2085  +0.9783392466      8015  +0.9783935547  +5.431e-05
  2086  +0.9782923743      8014  +0.9782714844  -2.089e-05
  2087  +0.9782454023      8014  +0.9782714844  +2.608e-05
  2088  +0.9781983306      8013  +0.9781494141  -4.892e-05
  2089  +0.9781511588      8013  +0.9781494141  -1.745e-06
  2090  +0.9781038868      8013  +0.9781494141  +4.553e-05
  2091  +0.9780565143      8012  +0.9780273438  -2.917e-05
  2092  +0.9780090413      8012  +0.9780273438  +1.830e-05
  2093  +0.9779614673      8011  +0.9779052734  -5.619e-05
  2094  +0.9779137924      8011  +0.9779052734  -8.519e-06
  2095  +0.9778660162      8011  +0.9779052734  +3.926e-05
  2096  +0.9778181385      8010  +0.9777832031  -3.494e-05
  2097  +0.9777701592      8010  +0.9777832031  +1.304e-05
  2098  +0.9777220780      8009  +0.9776611328  -6.095e-05
  2099  +0.9776738947      8009  +0.9776611328  -1.276e-05
  2100  +0.9776256091      8009  +0.9776611328  +3.552e-05
  2101  +0.9775772210      8008  +0.9775390625  -3.816e-05
  2102  +0.9775287302      8008  +0.9775390625  +1.033e-05
  2103  +0.9774801365      8008  +0.9775390625  +5.893e-05
  2104  +0.9774314397      8007  +0.9774169922  -1.445e-05
  2105  +0.9773826395      8007  +0.9774169922  +3.435e-05
  2106  +0.9773337358      8006  +0.9772949219  -3.881e-05
  2107  +0.9772847283      8006  +0.9772949219  +1.019e-05
  2108  +0.9772356168      8006  +0.9772949219  +5.931e-05
  2109  +0.9771864012      8005  +0.9771728516  -1.355e-05
  2110  +0.9771370811      8005  +0.9771728516  +3.577e-05
  2111  +0.9770876565      8004  +0.9770507812  -3.688e-05
  2112  +0.9770381270      8004  +0.9770507812  +1.265e-05
  2113  +0.9769884925      8003  +0.9769287109  -5.978e-05
  2114  +0.9769387527      8003  +0.9769287109  -1.004e-05
  2115  +0.9768889075      8003  +0.9769287109  +3.980e-05
  2116  +0.9768389566      8002  +0.9768066406  -3.232e-05
  2117  +0.9767888998      8002  +0.9768066406  +1.774e-05
  2118  +0.9767387369      8001  +0.9766845703  -5.417e-05
  2119  +0.9766884676      8001  +0.9766845703  -3.897e-06
  2120  +0.9766380919      8001  +0.9766845703  +4.648e-05
  2121  +0.9765876093      8000  +0.9765625000  -2.511e-05
  2122  +0.9765370198      8000  +0.9765625000  +2.548e-05
  2123  +0.9764863231      7999  +0.9764404297  -4.589e-05
  2124  +0.9764355189      7999  +0.9764404297  +4.911e-06
  2125  +0.9763846072      7999  +0.9764404297  +5.582e-05
  2126  +0.9763335875      7998  +0.9763183594  -1.523e-05
  2127  +0.9762824599      7998  +0.9763183594  +3.590e-05
  2128  +0.9762312239      7997  +0.9761962891  -3.493e-05
  2129  +0.9761798794      7997  +0.9761962891  +1.641e-05
  2130  +0.9761284262      7996  +0.9760742188  -5.421e-05
  2131  +0.9760768640      7996  +0.9760742188  -2.645e-06
  2132  +0.9760251927      7996  +0.9760742188  +4.903e-05
  2133  +0.9759734120      7995  +0.9759521484  -2.126e-05
  2134  +0.9759215216      7995  +0.9759521484  +3.063e-05
  2135  +0.9758695214      7994  +0.9758300781  -3.944e-05
  2136  +0.9758174112      7994  +0.9758300781  +1.267e-05
  2137  +0.9757651906      7993  +0.9757080078  -5.718e-05
  2138  +0.9757128596      7993  +0.9757080078  -4.852e-06
  2139  +0.9756604178      7993  +0.9757080078  +4.759e-05
  2140  +0.9756078651      7992  +0.9755859375  -2.193e-05
  2141  +0.9755552012      7992  +0.9755859375  +3.074e-05
  2142  +0.9755024259      7991  +0.9754638672  -3.856e-05
  2143  +0.9754495389      7991  +0.9754638672  +1.433e-05
  2144  +0.9753965401      7990  +0.9753417969  -5.474e-05
  2145  +0.9753434292      7990  +0.9753417969  -1.632e-06
  2146  +0.9752902060      7990  +0.9753417969  +5.159e-05
  2147  +0.9752368702      7989  +0.9752197266  -1.714e-05
  2148  +0.9751834217      7989  +0.9752197266  +3.630e-05
  2149  +0.9751298602      7988  +0.9750976562  -3.220e-05
  2150  +0.9750761854      7988  +0.9750976562  +2.147e-05
  2151  +0.9750223972      7987  +0.9749755859  -4.681e-05
  2152  +0.9749684953      7987  +0.9749755859  +7.091e-06
  2153  +0.9749144795      7986  +0.9748535156  -6.096e-05
  2154  +0.9748603496      7986  +0.9748535156  -6.834e-06
  2155  +0.9748061052      7986  +0.9748535156  +4.741e-05
  2156  +0.9747517463      7985  +0.9747314453  -2.030e-05
  2157  +0.9746972725      7985  +0.9747314453  +3.417e-05
  2158  +0.9746426837      7984  +0.9746093750  -3.331e-05
  2159  +0.9745879796      7984  +0.9746093750  +2.140e-05
  2160  +0.9745331599      7983  +0.9744873047  -4.586e-05
  2161  +0.9744782244      7983  +0.9744873047  +9.080e-06
  2162  +0.9744231730      7982  +0.9743652344  -5.794e-05
  2163  +0.9743680053      7982  +0.9743652344  -2.771e-06
  2164  +0.9743127211      7982  +0.9743652344  +5.251e-05
  2165  +0.9742573202      7981  +0.9742431641  -1.416e-05
  2166  +0.9742018024      7981  +0.9742431641  +4.136e-05
  2167  +0.9741461674      7980  +0.9741210938  -2.507e-05
  2168  +0.9740904150      7980  +0.9741210938  +3.068e-05
  2169  +0.9740345449      7979  +0.9739990234  -3.552e-05
  2170  +0.9739785569      7979  +0.9739990234  +2.047e-05
  2171  +0.9739224509      7978  +0.9738769531  -4.550e-05
  2172  +0.9738662264      7978  +0.9738769531  +1.073e-05
  2173  +0.9738098834      7977  +0.9737548828  -5.500e-05
  2174  +0.9737534215      7977  +0.9737548828  +1.461e-06
  2175  +0.9736968405      7977  +0.9737548828  +5.804e-05
  2176  +0.9736401402      7976  +0.9736328125  -7.328e-06
  2177  +0.9735833203      7976  +0.9736328125  +4.949e-05
  2178  +0.9735263806      7975  +0.9735107422  -1.564e-05
  2179  +0.9734693209      7975  +0.9735107422  +4.142e-05
  2180  +0.9734121409      7974  +0.9733886719  -2.347e-05
  2181  +0.9733548404      7974  +0.9733886719  +3.383e-05
  2182  +0.9732974191      7973  +0.9732666016  -3.082e-05
  2183  +0.9732398768      7973  +0.9732666016  +2.672e-05
  2184  +0.9731822132      7972  +0.9731445312  -3.768e-05
  2185  +0.9731244281      7972  +0.9731445312  +2.010e-05
  2186  +0.9730665213      7971  +0.9730224609  -4.406e-05
  2187  +0.9730084925      7971  +0.9730224609  +1.397e-05
  2188  +0.9729503414      7970  +0.9729003906  -4.995e-05
  2189  +0.9728920679      7970  +0.9729003906  +8.323e-06
  2190  +0.9728336717      7969  +0.9727783203  -5.535e-05
  2191  +0.9727751524      7969  +0.9727783203  +3.168e-06
  2192  +0.9727165100      7968  +0.9726562500  -6.026e-05
  2193  +0.9726577441      7968  +0.9726562500  -1.494e-06
  2194  +0.9725988545      7968  +0.9726562500  +5.740e-05
  2195  +0.9725398409      7967  +0.9725341797  -5.661e-06
  2196  +0.9724807031      7967  +0.9725341797  +5.348e-05
  2197  +0.9724214408      7966  +0.9724121094  -9.331e-06
  2198  +0.9723620538      7966  +0.9724121094  +5.006e-05
  2199  +0.9723025419      7965  +0.9722900391  -1.250e-05
  2200  +0.9722429048      7965  +0.9722900391  +4.713e-05
  2201  +0.9721831422      7964  +0.9721679688  -1.517e-05
  2202  +0.9721232538      7964  +0.9721679688  +4.471e-05
  2203  +0.9720632396      7963  +0.9720458984  -1.734e-05
  2204  +0.9720030991      7963  +0.9720458984  +4.280e-05
  2205  +0.9719428321      7962  +0.9719238281  -1.900e-05
  2206  +0.9718824384      7962  +0.9719238281  +4.139e-05
  2207  +0.9718219177      7961  +0.9718017578  -2.016e-05
  2208  +0.9717612698      7961  +0.9718017578  +4.049e-05
  2209  +0.9717004944      7960  +0.9716796875  -2.081e-05
  2210  +0.9716395913      7960  +0.9716796875  +4.010e-05
  2211  +0.9715785602      7959  +0.9715576172  -2.094e-05
  2212  +0.9715174008      7959  +0.9715576172  +4.022e-05
  2213  +0.9714561129      7958  +0.9714355469  -2.057e-05
  2214  +0.9713946963      7958  +0.9714355469  +4.085e-05
  2215  +0.9713331506      7957  +0.9713134766  -1.967e-05
  2216  +0.9712714757      7957  +0.9713134766  +4.200e-05
  2217  +0.9712096712      7956  +0.9711914062  -1.826e-05
  2218  +0.9711477369      7956  +0.9711914062  +4.367e-05
  2219  +0.9710856726      7955  +0.9710693359  -1.634e-05
  2220  +0.9710234779      7955  +0.9710693359  +4.586e-05
  2221  +0.9709611527      7954  +0.9709472656  -1.389e-05
  2222  +0.9708986966      7954  +0.9709472656  +4.857e-05
  2223  +0.9708361095      7953  +0.9708251953  -1.091e-05
  2224  +0.9707733910      7953  +0.9708251953  +5.180e-05
  2225  +0.9707105408      7952  +0.9707031250  -7.416e-06
  2226  +0.9706475588      7952  +0.9707031250  +5.557e-05
  2227  +0.9705844446      7951  +0.9705810547  -3.390e-06
  2228  +0.9705211981      7951  +0.9705810547  +5.986e-05
  2229  +0.9704578188      7950  +0.9704589844  +1.166e-06
  2230  +0.9703943067      7949  +0.9703369141  -5.739e-05
  2231  +0.9703306613      7949  +0.9703369141  +6.253e-06
  2232  +0.9702668824      7948  +0.9702148438  -5.204e-05
  2233  +0.9702029699      7948  +0.9702148438  +1.187e-05
  2234  +0.9701389233      7947  +0.9700927734  -4.615e-05
  2235  +0.9700747425      7947  +0.9700927734  +1.803e-05
  2236  +0.9700104271      7946  +0.9699707031  -3.972e-05
  2237  +0.9699459769      7946  +0.9699707031  +2.473e-05
  2238  +0.9698813917      7945  +0.9698486328  -3.276e-05
  2239  +0.9698166711      7945  +0.9698486328  +3.196e-05
  2240  +0.9697518150      7944  +0.9697265625  -2.525e-05
  2241  +0.9696868229      7944  +0.9697265625  +3.974e-05
  2242  +0.9696216947      7943  +0.9696044922  -1.720e-05
  2243  +0.9695564301      7943  +0.9696044922  +4.806e-05
  2244  +0.9694910289      7942  +0.9694824219  -8.607e-06
  2245  +0.9694254906      7942  +0.9694824219  +5.693e-05
  2246  +0.9693598152      7941  +0.9693603516  +5.364e-07
  2247  +0.9692940022      7940  +0.9692382812  -5.572e-05
  2248  +0.9692280515      7940  +0.9692382812  +1.023e-05
  2249  +0.9691619627      7939  +0.9691162109  -4.575e-05
  2250  +0.9690957356      7939  +0.9691162109  +2.048e-05
  2251  +0.9690293700      7938  +0.9689941406  -3.523e-05
  2252  +0.9689628654      7938  +0.9689941406  +3.128e-05
  2253  +0.9688962217      7937  +0.9688720703  -2.415e-05
  2254  +0.9688294386      7937  +0.9688720703  +4.263e-05
  2255  +0.9687625158      7936  +0.9687500000  -1.252e-05
  2256  +0.9686954531      7936  +0.9687500000  +5.455e-05
  2257  +0.9686282500      7935  +0.9686279297  -3.204e-07
  2258  +0.9685609065      7934  +0.9685058594  -5.505e-05
  2259  +0.9684934222      7934  +0.9685058594  +1.244e-05
  2260  +0.9684257967      7933  +0.9683837891  -4.201e-05
  2261  +0.9683580300      7933  +0.9683837891  +2.576e-05
  2262  +0.9682901216      7932  +0.9682617188  -2.840e-05
  2263  +0.9682220712      7932  +0.9682617188  +3.965e-05
  2264  +0.9681538787      7931  +0.9681396484  -1.423e-05
  2265  +0.9680855437      7931  +0.9681396484  +5.410e-05
  2266  +0.9680170659      7930  +0.9680175781  +5.122e-07
  2267  +0.9679484451      7929  +0.9678955078  -5.294e-05
  2268  +0.9678796810      7929  +0.9678955078  +1.583e-05
  2269  +0.9678107732      7928  +0.9677734375  -3.734e-05
  2270  +0.9677417216      7928  +0.9677734375  +3.172e-05
  2271  +0.9676725258      7927  +0.9676513672  -2.116e-05
  2272  +0.9676031855      7927  +0.9676513672  +4.818e-05
  2273  +0.9675337005      7926  +0.9675292969  -4.404e-06
  2274  +0.9674640704      7925  +0.9674072266  -5.684e-05
  2275  +0.9673942951      7925  +0.9674072266  +1.293e-05
  2276  +0.9673243741      7924  +0.9672851562  -3.922e-05
  2277  +0.9672543073      7924  +0.9672851562  +3.085e-05
  2278  +0.9671840943      7923  +0.9671630859  -2.101e-05
  2279  +0.9671137348      7923  +0.9671630859  +4.935e-05
  2280  +0.9670432286      7922  +0.9670410156  -2.213e-06
  2281  +0.9669725753      7921  +0.9669189453  -5.363e-05
  2282  +0.9669017747      7921  +0.9669189453  +1.717e-05
  2283  +0.9668308265      7920  +0.9667968750  -3.395e-05
  2284  +0.9667597304      7920  +0.9667968750  +3.714e-05
  2285  +0.9666884861      7919  +0.9666748047  -1.368e-05
  2286  +0.9666170933      7919  +0.9666748047  +5.771e-05
  2287  +0.9665455517      7918  +0.9665527344  +7.183e-06
  2288  +0.9664738610      7917  +0.9664306641  -4.320e-05
  2289  +0.9664020210      7917  +0.9664306641  +2.864e-05
  2290  +0.9663300313      7916  +0.9663085938  -2.144e-05
  2291  +0.9662578917      7916  +0.9663085938  +5.070e-05
  2292  +0.9661856018      7915  +0.9661865234  +9.216e-07
  2293  +0.9661131614      7914  +0.9660644531  -4.871e-05
  2294  +0.9660405701      7914  +0.9660644531  +2.388e-05
  2295  +0.9659678277      7913  +0.9659423828  -2.544e-05
  2296  +0.9658949339      7913  +0.9659423828  +4.745e-05
  2297  +0.9658218884      7912  +0.9658203125  -1.576e-06
  2298  +0.9657486908      7911  +0.9656982422  -5.045e-05
  2299  +0.9656753409      7911  +0.9656982422  +2.290e-05
  2300  +0.9656018384      7910  +0.9655761719  -2.567e-05
  2301  +0.9655281830      7910  +0.9655761719  +4.799e-05
  2302  +0.9654543744      7909  +0.9654541016  -2.728e-07
  2303  +0.9653804122      7908  +0.9653320312  -4.838e-05
  2304  +0.9653062963      7908  +0.9653320312  +2.573e-05
  2305  +0.9652320262      7907  +0.9652099609  -2.207e-05
  2306  +0.9651576017      7907  +0.9652099609  +5.236e-05
  2307  +0.9650830225      7906  +0.9650878906  +4.868e-06
  2308  +0.9650082883      7905  +0.9649658203  -4.247e-05
  2309  +0.9649333987      7905  +0.9649658203  +3.242e-05
  2310  +0.9648583535      7904  +0.9648437500  -1.460e-05
  2311  +0.9647831524      7904  +0.9648437500  +6.060e-05
  2312  +0.9647077951      7903  +0.9647216797  +1.388e-05
  2313  +0.9646322812      7902  +0.9645996094  -3.267e-05
  2314  +0.9645566105      7902  +0.9645996094  +4.300e-05
  2315  +0.9644807826      7901  +0.9644775391  -3.244e-06
  2316  +0.9644047973      7900  +0.9643554688  -4.933e-05
  2317  +0.9643286542      7900  +0.9643554688  +2.681e-05
  2318  +0.9642523530      7899  +0.9642333984  -1.895e-05
  2319  +0.9641758935      7899  +0.9642333984  +5.750e-05
  2320  +0.9640992752      7898  +0.9641113281  +1.205e-05
  2321  +0.9640224980      7897  +0.9639892578  -3.324e-05
  2322  +0.9639455615      7897  +0.9639892578  +4.370e-05
  2323  +0.9638684653      7896  +0.9638671875  -1.278e-06
  2324  +0.9637912093      7895  +0.9637451172  -4.609e-05
  2325  +0.9637137930      7895  +0.9637451172  +3.132e-05
  2326  +0.9636362161      7894  +0.9636230469  -1.317e-05
  2327  +0.9635584784      7893  +0.9635009766  -5.750e-05
  2328  +0.9634805795      7893  +0.9635009766  +2.040e-05
  2329  +0.9634025192      7892  +0.9633789062  -2.361e-05
  2330  +0.9633242970      7892  +0.9633789062  +5.461e-05
  2331  +0.9632459127      7891  +0.9632568359  +1.092e-05
  2332  +0.9631673660      7890  +0.9631347656  -3.260e-05
  2333  +0.9630886566      7890  +0.9631347656  +4.611e-05
  2334  +0.9630097841      7889  +0.9630126953  +2.911e-06
  2335  +0.9629307482      7888  +0.9628906250  -4.012e-05
  2336  +0.9628515487      7888  +0.9628906250  +3.908e-05
  2337  +0.9627721851      7887  +0.9627685547  -3.630e-06
  2338  +0.9626926572      7886  +0.9626464844  -4.617e-05
  2339  +0.9626129647      7886  +0.9626464844  +3.352e-05
  2340  +0.9625331072      7885  +0.9625244141  -8.693e-06
  2341  +0.9624530845      7884  +0.9624023438  -5.074e-05
  2342  +0.9623728961      7884  +0.9624023438  +2.945e-05
  2343  +0.9622925418      7883  +0.9622802734  -1.227e-05
  2344  +0.9622120213      7882  +0.9621582031  -5.382e-05
  2345  +0.9621313342      7882  +0.9621582031  +2.687e-05
  2346  +0.9620504802      7881  +0.9620361328  -1.435e-05
  2347  +0.9619694590      7880  +0.9619140625  -5.540e-05
  2348  +0.9618882703      7880  +0.9619140625  +2.579e-05
  2349  +0.9618069138      7879  +0.9617919922  -1.492e-05
  2350  +0.9617253890      7878  +0.9616699219  -5.547e-05
  2351  +0.9616436958      7878  +0.9616699219  +2.623e-05
  2352  +0.9615618337      7877  +0.9615478516  -1.398e-05
  2353  +0.9614798025      7876  +0.9614257812  -5.402e-05
  2354  +0.9613976018      7876  +0.9614257812  +2.818e-05
  2355  +0.9613152313      7875  +0.9613037109  -1.152e-05
  2356  +0.9612326907      7874  +0.9611816406  -5.105e-05
  2357  +0.9611499796      7874  +0.9611816406  +3.166e-05
  2358  +0.9610670977      7873  +0.9610595703  -7.527e-06
  2359  +0.9609840447      7872  +0.9609375000  -4.654e-05
  2360  +0.9609008203      7872  +0.9609375000  +3.668e-05
  2361  +0.9608174241      7871  +0.9608154297  -1.994e-06
  2362  +0.9607338558      7870  +0.9606933594  -4.050e-05
  2363  +0.9606501151      7870  +0.9606933594  +4.324e-05
  2364  +0.9605662015      7869  +0.9605712891  +5.088e-06
  2365  +0.9604821149      7868  +0.9604492188  -3.290e-05
  2366  +0.9603978549      7868  +0.9604492188  +5.136e-05
  2367  +0.9603134211      7867  +0.9603271484  +1.373e-05
  2368  +0.9602288132      7866  +0.9602050781  -2.374e-05
  2369  +0.9601440308      7865  +0.9600830078  -6.102e-05
  2370  +0.9600590737      7865  +0.9600830078  +2.393e-05
  2371  +0.9599739415      7864  +0.9599609375  -1.300e-05
  2372  +0.9598886339      7863  +0.9598388672  -4.977e-05
  2373  +0.9598031505      7863  +0.9598388672  +3.572e-05
  2374  +0.9597174909      7862  +0.9597167969  -6.941e-07
  2375  +0.9596316550      7861  +0.9595947266  -3.693e-05
  2376  +0.9595456422      7861  +0.9595947266  +4.908e-05
  2377  +0.9594594523      7860  +0.9594726562  +1.320e-05
  2378  +0.9593730850      7859  +0.9593505859  -2.250e-05
  2379  +0.9592865398      7858  +0.9592285156  -5.802e-05
  2380  +0.9591998165      7858  +0.9592285156  +2.870e-05
  2381  +0.9591129148      7857  +0.9591064453  -6.469e-06
  2382  +0.9590258342      7856  +0.9589843750  -4.146e-05
  2383  +0.9589385744      7856  +0.9589843750  +4.580e-05
  2384  +0.9588511352      7855  +0.9588623047  +1.117e-05
  2385  +0.9587635160      7854  +0.9587402344  -2.328e-05
  2386  +0.9586757167      7853  +0.9586181641  -5.755e-05
  2387  +0.9585877369      7853  +0.9586181641  +3.043e-05
  2388  +0.9584995762      7852  +0.9584960938  -3.482e-06
  2389  +0.9584112342      7851  +0.9583740234  -3.721e-05
  2390  +0.9583227107      7851  +0.9583740234  +5.131e-05
  2391  +0.9582340052      7850  +0.9582519531  +1.795e-05
  2392  +0.9581451175      7849  +0.9581298828  -1.523e-05
  2393  +0.9580560472      7848  +0.9580078125  -4.823e-05
  2394  +0.9579667939      7848  +0.9580078125  +4.102e-05
  2395  +0.9578773574      7847  +0.9578857422  +8.385e-06
  2396  +0.9577877371      7846  +0.9577636719  -2.407e-05
  2397  +0.9576979329      7845  +0.9576416016  -5.633e-05
  2398  +0.9576079443      7845  +0.9576416016  +3.366e-05
  2399  +0.9575177710      7844  +0.9575195312  +1.760e-06
  2400  +0.9574274127      7843  +0.9573974609  -2.995e-05
  2401  +0.9573368689      7843  +0.9573974609  +6.059e-05
  2402  +0.9572461394      7842  +0.9572753906  +2.925e-05
  2403  +0.9571552237      7841  +0.9571533203  -1.903e-06
  2404  +0.9570641217      7840  +0.9570312500  -3.287e-05
  2405  +0.9569728327      7840  +0.9570312500  +5.842e-05
  2406  +0.9568813567      7839  +0.9569091797  +2.782e-05
  2407  +0.9567896930      7838  +0.9567871094  -2.584e-06
  2408  +0.9566978416      7837  +0.9566650391  -3.280e-05
  2409  +0.9566058018      7837  +0.9566650391  +5.924e-05
  2410  +0.9565135735      7836  +0.9565429688  +2.940e-05
  2411  +0.9564211562      7835  +0.9564208984  -2.578e-07
  2412  +0.9563285496      7834  +0.9562988281  -2.972e-05
  2413  +0.9562357534      7833  +0.9561767578  -5.900e-05
  2414  +0.9561427671      7833  +0.9561767578  +3.399e-05
  2415  +0.9560495905      7832  +0.9560546875  +5.097e-06
  2416  +0.9559562231      7831  +0.9559326172  -2.361e-05
  2417  +0.9558626646      7830  +0.9558105469  -5.212e-05
  2418  +0.9557689146      7830  +0.9558105469  +4.163e-05
  2419  +0.9556749728      7829  +0.9556884766  +1.350e-05
  2420  +0.9555808388      7828  +0.9555664062  -1.443e-05
  2421  +0.9554865123      7827  +0.9554443359  -4.218e-05
  2422  +0.9553919928      7827  +0.9554443359  +5.234e-05
  2423  +0.9552972801      7826  +0.9553222656  +2.499e-05
  2424  +0.9552023737      7825  +0.9552001953  -2.178e-06
  2425  +0.9551072733      7824  +0.9550781250  -2.915e-05
  2426  +0.9550119786      7823  +0.9549560547  -5.592e-05
  2427  +0.9549164891      7823  +0.9549560547  +3.957e-05
  2428  +0.9548208045      7822  +0.9548339844  +1.318e-05
  2429  +0.9547249244      7821  +0.9547119141  -1.301e-05
  2430  +0.9546288486      7820  +0.9545898438  -3.900e-05
  2431  +0.9545325764      7820  +0.9545898438  +5.727e-05
  2432  +0.9544361078      7819  +0.9544677734  +3.167e-05
  2433  +0.9543394421      7818  +0.9543457031  +6.261e-06
  2434  +0.9542425792      7817  +0.9542236328  -1.895e-05
  2435  +0.9541455186      7816  +0.9541015625  -4.396e-05
  2436  +0.9540482599      7816  +0.9541015625  +5.330e-05
  2437  +0.9539508028      7815  +0.9539794922  +2.869e-05
  2438  +0.9538531469      7814  +0.9538574219  +4.275e-06
  2439  +0.9537552919      7813  +0.9537353516  -1.994e-05
  2440  +0.9536572373      7812  +0.9536132812  -4.396e-05
  2441  +0.9535589827      7812  +0.9536132812  +5.430e-05
  2442  +0.9534605279      7811  +0.9534912109  +3.068e-05
  2443  +0.9533618724      7810  +0.9533691406  +7.268e-06
  2444  +0.9532630159      7809  +0.9532470703  -1.595e-05
  2445  +0.9531639580      7808  +0.9531250000  -3.896e-05
  2446  +0.9530646982      7808  +0.9531250000  +6.030e-05
  2447  +0.9529652363      7807  +0.9530029297  +3.769e-05
  2448  +0.9528655719      7806  +0.9528808594  +1.529e-05
  2449  +0.9527657045      7805  +0.9527587891  -6.915e-06
  2450  +0.9526656338      7804  +0.9526367188  -2.892e-05
  2451  +0.9525653594      7803  +0.9525146484  -5.071e-05
  2452  +0.9524648810      7803  +0.9525146484  +4.977e-05
  2453  +0.9523641981      7802  +0.9523925781  +2.838e-05
  2454  +0.9522633104      7801  +0.9522705078  +7.197e-06
  2455  +0.9521622175      7800  +0.9521484375  -1.378e-05
  2456  +0.9520609190      7799  +0.9520263672  -3.455e-05
  2457  +0.9519594145      7798  +0.9519042969  -5.512e-05
  2458  +0.9518577037      7798  +0.9519042969  +4.659e-05
  2459  +0.9517557861      7797  +0.9517822266  +2.644e-05
  2460  +0.9516536614      7796  +0.9516601562  +6.495e-06
  2461  +0.9515513292      7795  +0.9515380859  -1.324e-05
  2462  +0.9514487891      7794  +0.9514160156  -3.277e-05
  2463  +0.9513460407      7793  +0.9512939453  -5.210e-05
  2464  +0.9512430837      7793  +0.9512939453  +5.086e-05
  2465  +0.9511399176      7792  +0.9511718750  +3.196e-05
  2466  +0.9510365421      7791  +0.9510498047  +1.326e-05
  2467  +0.9509329567      7790  +0.9509277344  -5.222e-06
  2468  +0.9508291611      7789  +0.9508056641  -2.350e-05
  2469  +0.9507251549      7788  +0.9506835938  -4.156e-05
  2470  +0.9506209378      7787  +0.9505615234  -5.941e-05
  2471  +0.9505165092      7787  +0.9505615234  +4.501e-05
  2472  +0.9504118688      7786  +0.9504394531  +2.758e-05
  2473  +0.9503070163      7785  +0.9503173828  +1.037e-05
  2474  +0.9502019512      7784  +0.9501953125  -6.639e-06
  2475  +0.9500966732      7783  +0.9500732422  -2.343e-05
  2476  +0.9499911818      7782  +0.9499511719  -4.001e-05
  2477  +0.9498854766      7781  +0.9498291016  -5.638e-05
  2478  +0.9497795573      7781  +0.9498291016  +4.954e-05
  2479  +0.9496734235      7780  +0.9497070312  +3.361e-05
  2480  +0.9495670748      7779  +0.9495849609  +1.789e-05
  2481  +0.9494605107      7778  +0.9494628906  +2.380e-06
  2482  +0.9493537309      7777  +0.9493408203  -1.291e-05
  2483  +0.9492467350      7776  +0.9492187500  -2.799e-05
  2484  +0.9491395226      7775  +0.9490966797  -4.284e-05
  2485  +0.9490320932      7774  +0.9489746094  -5.748e-05
  2486  +0.9489244466      7774  +0.9489746094  +5.016e-05
  2487  +0.9488165822      7773  +0.9488525391  +3.596e-05
  2488  +0.9487084997      7772  +0.9487304688  +2.197e-05
  2489  +0.9486001987      7771  +0.9486083984  +8.200e-06
  2490  +0.9484916788      7770  +0.9484863281  -5.351e-06
  2491  +0.9483829395      7769  +0.9483642578  -1.868e-05
  2492  +0.9482739806      7768  +0.9482421875  -3.179e-05
  2493  +0.9481648015      7767  +0.9481201172  -4.468e-05
  2494  +0.9480554018      7766  +0.9479980469  -5.735e-05
  2495  +0.9479457813      7766  +0.9479980469  +5.227e-05
  2496  +0.9478359394      7765  +0.9478759766  +4.004e-05
  2497  +0.9477258758      7764  +0.9477539062  +2.803e-05
  2498  +0.9476155900      7763  +0.9476318359  +1.625e-05
  2499  +0.9475050816      7762  +0.9475097656  +4.684e-06
  2500  +0.9473943503      7761  +0.9473876953  -6.655e-06
  2501  +0.9472833956      7760  +0.9472656250  -1.777e-05
  2502  +0.9471722172      7759  +0.9471435547  -2.866e-05
  2503  +0.9470608145      7758  +0.9470214844  -3.933e-05
  2504  +0.9469491873      7757  +0.9468994141  -4.977e-05
  2505  +0.9468373350      7756  +0.9467773438  -5.999e-05
  2506  +0.9467252574      7756  +0.9467773438  +5.209e-05
  2507  +0.9466129539      7755  +0.9466552734  +4.232e-05
  2508  +0.9465004241      7754  +0.9465332031  +3.278e-05
  2509  +0.9463876677      7753  +0.9464111328  +2.347e-05
  2510  +0.9462746842      7752  +0.9462890625  +1.438e-05
  2511  +0.9461614733      7751  +0.9461669922  +5.519e-06
  2512  +0.9460480345      7750  +0.9460449219  -3.113e-06
  2513  +0.9459343673      7749  +0.9459228516  -1.152e-05
  2514  +0.9458204715      7748  +0.9458007812  -1.969e-05
  2515  +0.9457063464      7747  +0.9456787109  -2.764e-05
  2516  +0.9455919919      7746  +0.9455566406  -3.535e-05
  2517  +0.9454774073      7745  +0.9454345703  -4.284e-05
  2518  +0.9453625924      7744  +0.9453125000  -5.009e-05
  2519  +0.9452475467      7743  +0.9451904297  -5.712e-05
  2520  +0.9451322697      7743  +0.9451904297  +5.816e-05
  2521  +0.9450167611      7742  +0.9450683594  +5.160e-05
  2522  +0.9449010204      7741  +0.9449462891  +4.527e-05
  2523  +0.9447850473      7740  +0.9448242188  +3.917e-05
  2524  +0.9446688412      7739  +0.9447021484  +3.331e-05
  2525  +0.9445524018      7738  +0.9445800781  +2.768e-05
  2526  +0.9444357287      7737  +0.9444580078  +2.228e-05
  2527  +0.9443188214      7736  +0.9443359375  +1.712e-05
  2528  +0.9442016795      7735  +0.9442138672  +1.219e-05
  2529  +0.9440843025      7734  +0.9440917969  +7.494e-06
  2530  +0.9439666901      7733  +0.9439697266  +3.036e-06
  2531  +0.9438488419      7732  +0.9438476562  -1.186e-06
  2532  +0.9437307574      7731  +0.9437255859  -5.171e-06
  2533  +0.9436124361      7730  +0.9436035156  -8.920e-06
  2534  +0.9434938777      7729  +0.9434814453  -1.243e-05
  2535  +0.9433750817      7728  +0.9433593750  -1.571e-05
  2536  +0.9432560477      7727  +0.9432373047  -1.874e-05
  2537  +0.9431367753      7726  +0.9431152344  -2.154e-05
  2538  +0.9430172640      7725  +0.9429931641  -2.410e-05
  2539  +0.9428975135      7724  +0.9428710938  -2.642e-05
  2540  +0.9427775232      7723  +0.9427490234  -2.850e-05
  2541  +0.9426572928      7722  +0.9426269531  -3.034e-05
  2542  +0.9425368218      7721  +0.9425048828  -3.194e-05
  2543  +0.9424161097      7720  +0.9423828125  -3.330e-05
  2544  +0.9422951563      7719  +0.9422607422  -3.441e-05
  2545  +0.9421739609      7718  +0.9421386719  -3.529e-05
  2546  +0.9420525233      7717  +0.9420166016  -3.592e-05
  2547  +0.9419308429      7716  +0.9418945312  -3.631e-05
  2548  +0.9418089193      7715  +0.9417724609  -3.646e-05
  2549  +0.9416867521      7714  +0.9416503906  -3.636e-05
  2550  +0.9415643408      7713  +0.9415283203  -3.602e-05
  2551  +0.9414416851      7712  +0.9414062500  -3.544e-05
  2552  +0.9413187844      7711  +0.9412841797  -3.460e-05
  2553  +0.9411956384      7710  +0.9411621094  -3.353e-05
  2554  +0.9410722466      7709  +0.9410400391  -3.221e-05
  2555  +0.9409486085      7708  +0.9409179688  -3.064e-05
  2556  +0.9408247238      7707  +0.9407958984  -2.883e-05
  2557  +0.9407005919      7706  +0.9406738281  -2.676e-05
  2558  +0.9405762125      7705  +0.9405517578  -2.445e-05
  2559  +0.9404515851      7704  +0.9404296875  -2.190e-05
  2560  +0.9403267092      7703  +0.9403076172  -1.909e-05
  2561  +0.9402015845      7702  +0.9401855469  -1.604e-05
  2562  +0.9400762104      7701  +0.9400634766  -1.273e-05
  2563  +0.9399505866      7700  +0.9399414062  -9.180e-06
  2564  +0.9398247126      7699  +0.9398193359  -5.377e-06
  2565  +0.9396985879      7698  +0.9396972656  -1.322e-06
  2566  +0.9395722121      7697  +0.9395751953  +2.983e-06
  2567  +0.9394455847      7696  +0.9394531250  +7.540e-06
  2568  +0.9393187054      7695  +0.9393310547  +1.235e-05
  2569  +0.9391915736      7694  +0.9392089844  +1.741e-05
  2570  +0.9390641890      7693  +0.9390869141  +2.273e-05
  2571  +0.9389365510      7692  +0.9389648438  +2.829e-05
  2572  +0.9388086592      7691  +0.9388427734  +3.411e-05
  2573  +0.9386805132      7690  +0.9387207031  +4.019e-05
  2574  +0.9385521125      7689  +0.9385986328  +4.652e-05
  2575  +0.9384234566      7688  +0.9384765625  +5.311e-05
  2576  +0.9382945452      7687  +0.9383544922  +5.995e-05
  2577  +0.9381653778      7685  +0.9381103516  -5.503e-05
  2578  +0.9380359539      7684  +0.9379882812  -4.767e-05
  2579  +0.9379062730      7683  +0.9378662109  -4.006e-05
  2580  +0.9377763348      7682  +0.9377441406  -3.219e-05
  2581  +0.9376461387      7681  +0.9376220703  -2.407e-05
  2582  +0.9375156843      7680  +0.9375000000  -1.568e-05
  2583  +0.9373849711      7679  +0.9373779297  -7.041e-06
  2584  +0.9372539988      7678  +0.9372558594  +1.861e-06
  2585  +0.9371227668      7677  +0.9371337891  +1.102e-05
  2586  +0.9369912746      7676  +0.9370117188  +2.044e-05
  2587  +0.9368595219      7675  +0.9368896484  +3.013e-05
  2588  +0.9367275082      7674  +0.9367675781  +4.007e-05
  2589  +0.9365952330      7673  +0.9366455078  +5.027e-05
  2590  +0.9364626958      7672  +0.9365234375  +6.074e-05
  2591  +0.9363298962      7670  +0.9362792969  -5.060e-05
  2592  +0.9361968337      7669  +0.9361572266  -3.961e-05
  2593  +0.9360635079      7668  +0.9360351562  -2.835e-05
  2594  +0.9359299184      7667  +0.9359130859  -1.683e-05
  2595  +0.9357960645      7666  +0.9357910156  -5.049e-06
  2596  +0.9356619460      7665  +0.9356689453  +6.999e-06
  2597  +0.9355275623      7664  +0.9355468750  +1.931e-05
  2598  +0.9353929129      7663  +0.9354248047  +3.189e-05
  2599  +0.9352579975      7662  +0.9353027344  +4.474e-05
  2600  +0.9351228154      7661  +0.9351806641  +5.785e-05
  2601  +0.9349873664      7659  +0.9349365234  -5.084e-05
  2602  +0.9348516498      7658  +0.9348144531  -3.720e-05
  2603  +0.9347156653      7657  +0.9346923828  -2.328e-05
  2604  +0.9345794124      7656  +0.9345703125  -9.100e-06
  2605  +0.9344428906      7655  +0.9344482422  +5.352e-06
  2606  +0.9343060994      7654  +0.9343261719  +2.007e-05
  2607  +0.9341690383      7653  +0.9342041016  +3.506e-05
  2608  +0.9340317070      7652  +0.9340820312  +5.032e-05
  2609  +0.9338941049      7650  +0.9338378906  -5.621e-05
  2610  +0.9337562316      7649  +0.9337158203  -4.041e-05
  2611  +0.9336180865      7648  +0.9335937500  -2.434e-05
  2612  +0.9334796693      7647  +0.9334716797  -7.990e-06
  2613  +0.9333409795      7646  +0.9333496094  +8.630e-06
  2614  +0.9332020165      7645  +0.9332275391  +2.552e-05
  2615  +0.9330627799      7644  +0.9331054688  +4.269e-05
  2616  +0.9329232692      7643  +0.9329833984  +6.013e-05
  2617  +0.9327834840      7641  +0.9327392578  -4.423e-05
  2618  +0.9326434238      7640  +0.9326171875  -2.624e-05
  2619  +0.9325030881      7639  +0.9324951172  -7.971e-06
  2620  +0.9323624764      7638  +0.9323730469  +1.057e-05
  2621  +0.9322215883      7637  +0.9322509766  +2.939e-05
  2622  +0.9320804233      7636  +0.9321289062  +4.848e-05
  2623  +0.9319389808      7634  +0.9318847656  -5.422e-05
  2624  +0.9317972605      7633  +0.9317626953  -3.457e-05
  2625  +0.9316552619      7632  +0.9316406250  -1.464e-05
  2626  +0.9315129844      7631  +0.9315185547  +5.570e-06
  2627  +0.9313704276      7630  +0.9313964844  +2.606e-05
  2628  +0.9312275910      7629  +0.9312744141  +4.682e-05
  2629  +0.9310844742      7627  +0.9310302734  -5.420e-05
  2630  +0.9309410766      7626  +0.9309082031  -3.287e-05
  2631  +0.9307973978      7625  +0.9307861328  -1.126e-05
  2632  +0.9306534372      7624  +0.9306640625  +1.063e-05
  2633  +0.9305091945      7623  +0.9305419922  +3.280e-05
  2634  +0.9303646691      7622  +0.9304199219  +5.525e-05
  2635  +0.9302198605      7620  +0.9301757812  -4.408e-05
  2636  +0.9300747683      7619  +0.9300537109  -2.106e-05
  2637  +0.9299293919      7618  +0.9299316406  +2.249e-06
  2638  +0.9297837310      7617  +0.9298095703  +2.584e-05
  2639  +0.9296377849      7616  +0.9296875000  +4.972e-05
  2640  +0.9294915532      7614  +0.9294433594  -4.819e-05
  2641  +0.9293450355      7613  +0.9293212891  -2.375e-05
  2642  +0.9291982312      7612  +0.9291992188  +9.875e-07
  2643  +0.9290511399      7611  +0.9290771484  +2.601e-05
  2644  +0.9289037610      7610  +0.9289550781  +5.132e-05
  2645  +0.9287560941      7608  +0.9287109375  -4.516e-05
  2646  +0.9286081387      7607  +0.9285888672  -1.927e-05
  2647  +0.9284598943      7606  +0.9284667969  +6.903e-06
  2648  +0.9283113603      7605  +0.9283447266  +3.337e-05
  2649  +0.9281625364      7604  +0.9282226562  +6.012e-05
  2650  +0.9280134220      7602  +0.9279785156  -3.491e-05
  2651  +0.9278640167      7601  +0.9278564453  -7.571e-06
  2652  +0.9277143198      7600  +0.9277343750  +2.006e-05
  2653  +0.9275643311      7599  +0.9276123047  +4.797e-05
  2654  +0.9274140498      7597  +0.9273681641  -4.589e-05
  2655  +0.9272634756      7596  +0.9272460938  -1.738e-05
  2656  +0.9271126080      7595  +0.9271240234  +1.142e-05
  2657  +0.9269614465      7594  +0.9270019531  +4.051e-05
  2658  +0.9268099905      7592  +0.9267578125  -5.218e-05
  2659  +0.9266582395      7591  +0.9266357422  -2.250e-05
  2660  +0.9265061932      7590  +0.9265136719  +7.479e-06
  2661  +0.9263538509      7589  +0.9263916016  +3.775e-05
  2662  +0.9262012122      7587  +0.9261474609  -5.375e-05
  2663  +0.9260482766      7586  +0.9260253906  -2.289e-05
  2664  +0.9258950436      7585  +0.9259033203  +8.277e-06
  2665  +0.9257415127      7584  +0.9257812500  +3.974e-05
  2666  +0.9255876833      7582  +0.9255371094  -5.057e-05
  2667  +0.9254335550      7581  +0.9254150391  -1.852e-05
  2668  +0.9252791273      7580  +0.9252929688  +1.384e-05
  2669  +0.9251243997      7579  +0.9251708984  +4.650e-05
  2670  +0.9249693716      7577  +0.9249267578  -4.261e-05
  2671  +0.9248140427      7576  +0.9248046875  -9.355e-06
  2672  +0.9246584123      7575  +0.9246826172  +2.420e-05
  2673  +0.9245024799      7574  +0.9245605469  +5.807e-05
  2674  +0.9243462451      7572  +0.9243164062  -2.984e-05
  2675  +0.9241897074      7571  +0.9241943359  +4.629e-06
  2676  +0.9240328662      7570  +0.9240722656  +3.940e-05
  2677  +0.9238757211      7568  +0.9238281250  -4.760e-05
  2678  +0.9237182715      7567  +0.9237060547  -1.222e-05
  2679  +0.9235605170      7566  +0.9235839844  +2.347e-05
  2680  +0.9234024570      7565  +0.9234619141  +5.946e-05
  2681  +0.9232440909      7563  +0.9232177734  -2.632e-05
  2682  +0.9230854184      7562  +0.9230957031  +1.028e-05
  2683  +0.9229264389      7561  +0.9229736328  +4.719e-05
  2684  +0.9227671519      7559  +0.9227294922  -3.766e-05
  2685  +0.9226075569      7558  +0.9226074219  -1.350e-07
  2686  +0.9224476533      7557  +0.9224853516  +3.770e-05
  2687  +0.9222874407      7555  +0.9222412109  -4.623e-05
  2688  +0.9221269186      7554  +0.9221191406  -7.778e-06
  2689  +0.9219660863      7553  +0.9219970703  +3.098e-05
  2690  +0.9218049435      7551  +0.9217529297  -5.201e-05
  2691  +0.9216434896      7550  +0.9216308594  -1.263e-05
  2692  +0.9214817241      7549  +0.9215087891  +2.706e-05
  2693  +0.9213196465      7547  +0.9212646484  -5.500e-05
  2694  +0.9211572563      7546  +0.9211425781  -1.468e-05
  2695  +0.9209945529      7545  +0.9210205078  +2.595e-05
  2696  +0.9208315358      7543  +0.9207763672  -5.517e-05
  2697  +0.9206682046      7542  +0.9206542969  -1.391e-05
  2698  +0.9205045586      7541  +0.9205322266  +2.767e-05
  2699  +0.9203405975      7539  +0.9202880859  -5.251e-05
  2700  +0.9201763206      7538  +0.9201660156  -1.030e-05
  2701  +0.9200117275      7537  +0.9200439453  +3.222e-05
  2702  +0.9198468176      7535  +0.9197998047  -4.701e-05
  2703  +0.9196815904      7534  +0.9196777344  -3.856e-06
  2704  +0.9195160454      7533  +0.9195556641  +3.962e-05
  2705  +0.9193501821      7531  +0.9193115234  -3.866e-05
  2706  +0.9191839999      7530  +0.9191894531  +5.453e-06
  2707  +0.9190174984      7529  +0.9190673828  +4.988e-05
  2708  +0.9188506770      7527  +0.9188232422  -2.743e-05
  2709  +0.9186835352      7526  +0.9187011719  +1.764e-05
  2710  +0.9185160724      7524  +0.9184570312  -5.904e-05
  2711  +0.9183482882      7523  +0.9183349609  -1.333e-05
  2712  +0.9181801820      7522  +0.9182128906  +3.271e-05
  2713  +0.9180117533      7520  +0.9179687500  -4.300e-05
  2714  +0.9178430016      7519  +0.9178466797  +3.678e-06
  2715  +0.9176739263      7518  +0.9177246094  +5.068e-05
  2716  +0.9175045269      7516  +0.9174804688  -2.406e-05
  2717  +0.9173348030      7515  +0.9173583984  +2.360e-05
  2718  +0.9171647539      7513  +0.9171142578  -5.050e-05
  2719  +0.9169943791      7512  +0.9169921875  -2.192e-06
  2720  +0.9168236782      7511  +0.9168701172  +4.644e-05
  2721  +0.9166526505      7509  +0.9166259766  -2.667e-05
  2722  +0.9164812956      7508  +0.9165039062  +2.261e-05
  2723  +0.9163096130      7506  +0.9162597656  -4.985e-05
  2724  +0.9161376020      7505  +0.9161376953  +9.331e-08
  2725  +0.9159652622      7504  +0.9160156250  +5.036e-05
  2726  +0.9157925931      7502  +0.9157714844  -2.111e-05
  2727  +0.9156195940      7501  +0.9156494141  +2.982e-05
  2728  +0.9154462646      7499  +0.9154052734  -4.099e-05
  2729  +0.9152726042      7498  +0.9152832031  +1.060e-05
  2730  +0.9150986123      7496  +0.9150390625  -5.955e-05
  2731  +0.9149242884      7495  +0.9149169922  -7.296e-06
  2732  +0.9147496319      7494  +0.9147949219  +4.529e-05
  2733  +0.9145746424      7492  +0.9145507812  -2.386e-05
  2734  +0.9143993192      7491  +0.9144287109  +2.939e-05
  2735  +0.9142236619      7489  +0.9141845703  -3.909e-05
  2736  +0.9140476699      7488  +0.9140625000  +1.483e-05
  2737  +0.9138713427      7486  +0.9138183594  -5.298e-05
  2738  +0.9136946797      7485  +0.9136962891  +1.609e-06
  2739  +0.9135176804      7484  +0.9135742188  +5.654e-05
  2740  +0.9133403444      7482  +0.9133300781  -1.027e-05
  2741  +0.9131626709      7481  +0.9132080078  +4.534e-05
  2742  +0.9129846595      7479  +0.9129638672  -2.079e-05
  2743  +0.9128063097      7478  +0.9128417969  +3.549e-05
  2744  +0.9126276209      7476  +0.9125976562  -2.996e-05
  2745  +0.9124485926      7475  +0.9124755859  +2.699e-05
  2746  +0.9122692243      7473  +0.9122314453  -3.778e-05
  2747  +0.9120895153      7472  +0.9121093750  +1.986e-05
  2748  +0.9119094652      7470  +0.9118652344  -4.423e-05
  2749  +0.9117290734      7469  +0.9117431641  +1.409e-05
  2750  +0.9115483394      7467  +0.9114990234  -4.932e-05
  2751  +0.9113672627      7466  +0.9113769531  +9.690e-06
  2752  +0.9111858426      7464  +0.9111328125  -5.303e-05
  2753  +0.9110040787      7463  +0.9110107422  +6.664e-06
  2754  +0.9108219704      7461  +0.9107666016  -5.537e-05
  2755  +0.9106395171      7460  +0.9106445312  +5.014e-06
  2756  +0.9104567184      7458  +0.9104003906  -5.633e-05
  2757  +0.9102735737      7457  +0.9102783203  +4.747e-06
  2758  +0.9100900824      7455  +0.9100341797  -5.590e-05
  2759  +0.9099062440      7454  +0.9099121094  +5.865e-06
  2760  +0.9097220580      7452  +0.9096679688  -5.409e-05
  2761  +0.9095375237      7451  +0.9095458984  +8.375e-06
  2762  +0.9093526407      7449  +0.9093017578  -5.088e-05
  2763  +0.9091674084      7448  +0.9091796875  +1.228e-05
  2764  +0.9089818263      7446  +0.9089355469  -4.628e-05
  2765  +0.9087958937      7445  +0.9088134766  +1.758e-05
  2766  +0.9086096103      7443  +0.9085693359  -4.027e-05
  2767  +0.9084229753      7442  +0.9084472656  +2.429e-05
  2768  +0.9082359883      7440  +0.9082031250  -3.286e-05
  2769  +0.9080486488      7439  +0.9080810547  +3.241e-05
  2770  +0.9078609561      7437  +0.9078369141  -2.404e-05
  2771  +0.9076729097      7436  +0.9077148438  +4.193e-05
  2772  +0.9074845091      7434  +0.9074707031  -1.381e-05
  2773  +0.9072957537      7433  +0.9073486328  +5.288e-05
  2774  +0.9071066430      7431  +0.9071044922  -2.151e-06
  2775  +0.9069171763      7429  +0.9068603516  -5.682e-05
  2776  +0.9067273533      7428  +0.9067382812  +1.093e-05
  2777  +0.9065371732      7426  +0.9064941406  -4.303e-05
  2778  +0.9063466357      7425  +0.9063720703  +2.543e-05
  2779  +0.9061557400      7423  +0.9061279297  -2.781e-05
  2780  +0.9059644856      7422  +0.9060058594  +4.137e-05
  2781  +0.9057728721      7420  +0.9057617188  -1.115e-05
  2782  +0.9055808988      7419  +0.9056396484  +5.875e-05
  2783  +0.9053885652      7417  +0.9053955078  +6.943e-06
  2784  +0.9051958707      7415  +0.9051513672  -4.450e-05
  2785  +0.9050028148      7414  +0.9050292969  +2.648e-05
  2786  +0.9048093969      7412  +0.9047851562  -2.424e-05
  2787  +0.9046156164      7411  +0.9046630859  +4.747e-05
  2788  +0.9044214729      7409  +0.9044189453  -2.528e-06
  2789  +0.9042269657      7407  +0.9041748047  -5.216e-05
  2790  +0.9040320944      7406  +0.9040527344  +2.064e-05
  2791  +0.9038368582      7404  +0.9038085938  -2.826e-05
  2792  +0.9036412567      7403  +0.9036865234  +4.527e-05
  2793  +0.9034452894      7401  +0.9034423828  -2.907e-06
  2794  +0.9032489556      7399  +0.9031982422  -5.071e-05
  2795  +0.9030522548      7398  +0.9030761719  +2.392e-05
  2796  +0.9028551864      7396  +0.9028320312  -2.316e-05
  2797  +0.9026577499      7395  +0.9027099609  +5.221e-05
  2798  +0.9024599447      7393  +0.9024658203  +5.876e-06
  2799  +0.9022617703      7391  +0.9022216797  -4.009e-05
  2800  +0.9020632261      7390  +0.9020996094  +3.638e-05
  2801  +0.9018643115      7388  +0.9018554688  -8.843e-06
  2802  +0.9016650260      7386  +0.9016113281  -5.370e-05
  2803  +0.9014653689      7385  +0.9014892578  +2.389e-05
  2804  +0.9012653399      7383  +0.9012451172  -2.022e-05
  2805  +0.9010649382      7382  +0.9011230469  +5.811e-05
  2806  +0.9008641633      7380  +0.9008789062  +1.474e-05
  2807  +0.9006630147      7378  +0.9006347656  -2.825e-05
  2808  +0.9004614918      7377  +0.9005126953  +5.120e-05
  2809  +0.9002595940      7375  +0.9002685547  +8.961e-06
  2810  +0.9000573208      7373  +0.9000244141  -3.291e-05
  2811  +0.8998546715      7372  +0.8999023438  +4.767e-05
  2812  +0.8996516457      7370  +0.8996582031  +6.557e-06
  2813  +0.8994482428      7368  +0.8994140625  -3.418e-05
  2814  +0.8992444622      7367  +0.8992919922  +4.753e-05
  2815  +0.8990403032      7365  +0.8990478516  +7.548e-06
  2816  +0.8988357655      7363  +0.8988037109  -3.205e-05
  2817  +0.8986308484      7362  +0.8986816406  +5.079e-05
  2818  +0.8984255512      7360  +0.8984375000  +1.195e-05
  2819  +0.8982198736      7358  +0.8981933594  -2.651e-05
  2820  +0.8980138148      7357  +0.8980712891  +5.747e-05
  2821  +0.8978073744      7355  +0.8978271484  +1.977e-05
  2822  +0.8976005517      7353  +0.8975830078  -1.754e-05
  2823  +0.8973933463      7351  +0.8973388672  -5.448e-05
  2824  +0.8971857574      7350  +0.8972167969  +3.104e-05
  2825  +0.8969777846      7348  +0.8969726562  -5.128e-06
  2826  +0.8967694272      7346  +0.8967285156  -4.091e-05
  2827  +0.8965606848      7345  +0.8966064453  +4.576e-05
  2828  +0.8963515567      7343  +0.8963623047  +1.075e-05
  2829  +0.8961420424      7341  +0.8961181641  -2.388e-05
  2830  +0.8959321412      7339  +0.8958740234  -5.812e-05
  2831  +0.8957218527      7338  +0.8957519531  +3.010e-05
  2832  +0.8955111762      7336  +0.8955078125  -3.364e-06
  2833  +0.8953001113      7334  +0.8952636719  -3.644e-05
  2834  +0.8950886572      7333  +0.8951416016  +5.294e-05
  2835  +0.8948768134      7331  +0.8948974609  +2.065e-05
  2836  +0.8946645794      7329  +0.8946533203  -1.126e-05
  2837  +0.8944519546      7327  +0.8944091797  -4.277e-05
  2838  +0.8942389384      7326  +0.8942871094  +4.817e-05
  2839  +0.8940255303      7324  +0.8940429688  +1.744e-05
  2840  +0.8938117296      7322  +0.8937988281  -1.290e-05
  2841  +0.8935975358      7320  +0.8935546875  -4.285e-05
  2842  +0.8933829483      7319  +0.8934326172  +4.967e-05
  2843  +0.8931679665      7317  +0.8931884766  +2.051e-05
  2844  +0.8929525899      7315  +0.8929443359  -8.254e-06
  2845  +0.8927368179      7313  +0.8927001953  -3.662e-05
  2846  +0.8925206499      7312  +0.8925781250  +5.748e-05
  2847  +0.8923040854      7310  +0.8923339844  +2.990e-05
  2848  +0.8920871237      7308  +0.8920898438  +2.720e-06
  2849  +0.8918697642      7306  +0.8918457031  -2.406e-05
  2850  +0.8916520065      7304  +0.8916015625  -5.044e-05
  2851  +0.8914338499      7303  +0.8914794922  +4.564e-05
  2852  +0.8912152939      7301  +0.8912353516  +2.006e-05
  2853  +0.8909963378      7299  +0.8909912109  -5.127e-06
  2854  +0.8907769811      7297  +0.8907470703  -2.991e-05
  2855  +0.8905572232      7295  +0.8905029297  -5.429e-05
  2856  +0.8903370636      7294  +0.8903808594  +4.380e-05
  2857  +0.8901165016      7292  +0.8901367188  +2.022e-05
  2858  +0.8898955367      7290  +0.8898925781  -2.959e-06
  2859  +0.8896741683      7288  +0.8896484375  -2.573e-05
  2860  +0.8894523958      7286  +0.8894042969  -4.810e-05
  2861  +0.8892302186      7285  +0.8892822266  +5.201e-05
  2862  +0.8890076362      7283  +0.8890380859  +3.045e-05
  2863  +0.8887846480      7281  +0.8887939453  +9.297e-06
  2864  +0.8885612533      7279  +0.8885498047  -1.145e-05
  2865  +0.8883374517      7277  +0.8883056641  -3.179e-05
  2866  +0.8881132425      7275  +0.8880615234  -5.172e-05
  2867  +0.8878886252      7274  +0.8879394531  +5.083e-05
  2868  +0.8876635991      7272  +0.8876953125  +3.171e-05
  2869  +0.8874381637      7270  +0.8874511719  +1.301e-05
  2870  +0.8872123184      7268  +0.8872070312  -5.287e-06
  2871  +0.8869860626      7266  +0.8869628906  -2.317e-05
  2872  +0.8867593958      7264  +0.8867187500  -4.065e-05
  2873  +0.8865323173      7262  +0.8864746094  -5.771e-05
  2874  +0.8863048267      7261  +0.8863525391  +4.771e-05
  2875  +0.8860769231      7259  +0.8861083984  +3.148e-05
  2876  +0.8858486062      7257  +0.8858642578  +1.565e-05
  2877  +0.8856198754      7255  +0.8856201172  +2.418e-07
  2878  +0.8853907299      7253  +0.8853759766  -1.475e-05
  2879  +0.8851611694      7251  +0.8851318359  -2.933e-05
  2880  +0.8849311930      7249  +0.8848876953  -4.350e-05
  2881  +0.8847008004      7247  +0.8846435547  -5.725e-05
  2882  +0.8844699909      7246  +0.8845214844  +5.149e-05
  2883  +0.8842387639      7244  +0.8842773438  +3.858e-05
  2884  +0.8840071188      7242  +0.8840332031  +2.608e-05
  2885  +0.8837750551      7240  +0.8837890625  +1.401e-05
  2886  +0.8835425721      7238  +0.8835449219  +2.350e-06
  2887  +0.8833096693      7236  +0.8833007812  -8.888e-06
  2888  +0.8830763461      7234  +0.8830566406  -1.971e-05
  2889  +0.8828426019      7232  +0.8828125000  -3.010e-05
  2890  +0.8826084361      7230  +0.8825683594  -4.008e-05
  2891  +0.8823738481      7228  +0.8823242188  -4.963e-05
  2892  +0.8821388374      7226  +0.8820800781  -5.876e-05
  2893  +0.8819034033      7225  +0.8819580078  +5.460e-05
  2894  +0.8816675454      7223  +0.8817138672  +4.632e-05
  2895  +0.8814312628      7221  +0.8814697266  +3.846e-05
  2896  +0.8811945552      7219  +0.8812255859  +3.103e-05
  2897  +0.8809574219      7217  +0.8809814453  +2.402e-05
  2898  +0.8807198623      7215  +0.8807373047  +1.744e-05
  2899  +0.8804818759      7213  +0.8804931641  +1.129e-05
  2900  +0.8802434620      7211  +0.8802490234  +5.561e-06
  2901  +0.8800046200      7209  +0.8800048828  +2.628e-07
  2902  +0.8797653494      7207  +0.8797607422  -4.607e-06
  2903  +0.8795256496      7205  +0.8795166016  -9.048e-06
  2904  +0.8792855200      7203  +0.8792724609  -1.306e-05
  2905  +0.8790449600      7201  +0.8790283203  -1.664e-05
  2906  +0.8788039690      7199  +0.8787841797  -1.979e-05
  2907  +0.8785625464      7197  +0.8785400391  -2.251e-05
  2908  +0.8783206917      7195  +0.8782958984  -2.479e-05
  2909  +0.8780784042      7193  +0.8780517578  -2.665e-05
  2910  +0.8778356833      7191  +0.8778076172  -2.807e-05
  2911  +0.8775925286      7189  +0.8775634766  -2.905e-05
  2912  +0.8773489393      7187  +0.8773193359  -2.960e-05
  2913  +0.8771049149      7185  +0.8770751953  -2.972e-05
  2914  +0.8768604548      7183  +0.8768310547  -2.940e-05
  2915  +0.8766155584      7181  +0.8765869141  -2.864e-05
  2916  +0.8763702251      7179  +0.8763427734  -2.745e-05
  2917  +0.8761244544      7177  +0.8760986328  -2.582e-05
  2918  +0.8758782455      7175  +0.8758544922  -2.375e-05
  2919  +0.8756315981      7173  +0.8756103516  -2.125e-05
  2920  +0.8753845114      7171  +0.8753662109  -1.830e-05
  2921  +0.8751369848      7169  +0.8751220703  -1.491e-05
  2922  +0.8748890179      7167  +0.8748779297  -1.109e-05
  2923  +0.8746406099      7165  +0.8746337891  -6.821e-06
  2924  +0.8743917603      7163  +0.8743896484  -2.112e-06
  2925  +0.8741424685      7161  +0.8741455078  +3.039e-06
  2926  +0.8738927340      7159  +0.8739013672  +8.633e-06
  2927  +0.8736425560      7157  +0.8736572266  +1.467e-05
  2928  +0.8733919341      7155  +0.8734130859  +2.115e-05
  2929  +0.8731408676      7153  +0.8731689453  +2.808e-05
  2930  +0.8728893560      7151  +0.8729248047  +3.545e-05
  2931  +0.8726373986      7149  +0.8726806641  +4.327e-05
  2932  +0.8723849949      7147  +0.8724365234  +5.153e-05
  2933  +0.8721321443      7145  +0.8721923828  +6.024e-05
  2934  +0.8718788461      7142  +0.8718261719  -5.267e-05
  2935  +0.8716250999      7140  +0.8715820312  -4.307e-05
  2936  +0.8713709049      7138  +0.8713378906  -3.301e-05
  2937  +0.8711162607      7136  +0.8710937500  -2.251e-05
  2938  +0.8708611665      7134  +0.8708496094  -1.156e-05
  2939  +0.8706056219      7132  +0.8706054688  -1.531e-07
  2940  +0.8703496262      7130  +0.8703613281  +1.170e-05
  2941  +0.8700931788      7128  +0.8701171875  +2.401e-05
  2942  +0.8698362792      7126  +0.8698730469  +3.677e-05
  2943  +0.8695789268      7124  +0.8696289062  +4.998e-05
  2944  +0.8693211209      7121  +0.8692626953  -5.843e-05
  2945  +0.8690628610      7119  +0.8690185547  -4.431e-05
  2946  +0.8688041464      7117  +0.8687744141  -2.973e-05
  2947  +0.8685449766      7115  +0.8685302734  -1.470e-05
  2948  +0.8682853511      7113  +0.8682861328  +7.817e-07
  2949  +0.8680252691      7111  +0.8680419922  +1.672e-05
  2950  +0.8677647302      7109  +0.8677978516  +3.312e-05
  2951  +0.8675037336      7107  +0.8675537109  +4.998e-05
  2952  +0.8672422789      7104  +0.8671875000  -5.478e-05
  2953  +0.8669803654      7102  +0.8669433594  -3.701e-05
  2954  +0.8667179926      7100  +0.8666992188  -1.877e-05
  2955  +0.8664551598      7098  +0.8664550781  -8.164e-08
  2956  +0.8661918664      7096  +0.8662109375  +1.907e-05
  2957  +0.8659281119      7094  +0.8659667969  +3.868e-05
  2958  +0.8656638957      7092  +0.8657226562  +5.876e-05
  2959  +0.8653992172      7089  +0.8653564453  -4.277e-05
  2960  +0.8651340757      7087  +0.8651123047  -2.177e-05
  2961  +0.8648684708      7085  +0.8648681641  -3.067e-07
  2962  +0.8646024017      7083  +0.8646240234  +2.162e-05
  2963  +0.8643358679      7081  +0.8643798828  +4.401e-05
  2964  +0.8640688689      7078  +0.8640136719  -5.520e-05
  2965  +0.8638014040      7076  +0.8637695312  -3.187e-05
  2966  +0.8635334726      7074  +0.8635253906  -8.082e-06
  2967  +0.8632650742      7072  +0.8632812500  +1.618e-05
  2968  +0.8629962081      7070  +0.8630371094  +4.090e-05
  2969  +0.8627268737      7067  +0.8626708984  -5.598e-05
  2970  +0.8624570705      7065  +0.8624267578  -3.031e-05
  2971  +0.8621867979      7063  +0.8621826172  -4.181e-06
  2972  +0.8619160553      7061  +0.8619384766  +2.242e-05
  2973  +0.8616448421      7059  +0.8616943359  +4.949e-05
  2974  +0.8613731576      7056  +0.8613281250  -4.503e-05
  2975  +0.8611010014      7054  +0.8610839844  -1.702e-05
  2976  +0.8608283727      7052  +0.8608398438  +1.147e-05
  2977  +0.8605552711      7050  +0.8605957031  +4.043e-05
  2978  +0.8602816959      7047  +0.8602294922  -5.220e-05
  2979  +0.8600076466      7045  +0.8599853516  -2.229e-05
  2980  +0.8597331224      7043  +0.8597412109  +8.088e-06
  2981  +0.8594581230      7041  +0.8594970703  +3.895e-05
  2982  +0.8591826476      7038  +0.8591308594  -5.179e-05
  2983  +0.8589066957      7036  +0.8588867188  -1.998e-05
  2984  +0.8586302666      7034  +0.8586425781  +1.231e-05
  2985  +0.8583533598      7032  +0.8583984375  +4.508e-05
  2986  +0.8580759748      7029  +0.8580322266  -4.375e-05
  2987  +0.8577981108      7027  +0.8577880859  -1.002e-05
  2988  +0.8575197674      7025  +0.8575439453  +2.418e-05
  2989  +0.8572409438      7023  +0.8572998047  +5.886e-05
  2990  +0.8569616396      7020  +0.8569335938  -2.805e-05
  2991  +0.8566818542      7018  +0.8566894531  +7.599e-06
  2992  +0.8564015869      7016  +0.8564453125  +4.373e-05
  2993  +0.8561208372      7013  +0.8560791016  -4.174e-05
  2994  +0.8558396044      7011  +0.8558349609  -4.643e-06
  2995  +0.8555578880      7009  +0.8555908203  +3.293e-05
  2996  +0.8552756874      7006  +0.8552246094  -5.108e-05
  2997  +0.8549930020      7004  +0.8549804688  -1.253e-05
  2998  +0.8547098312      7002  +0.8547363281  +2.650e-05
  2999  +0.8544261745      6999  +0.8543701172  -5.606e-05
  3000  +0.8541420312      6997  +0.8541259766  -1.605e-05
  3001  +0.8538574007      6995  +0.8538818359  +2.444e-05
  3002  +0.8535722824      6992  +0.8535156250  -5.666e-05
  3003  +0.8532866759      6990  +0.8532714844  -1.519e-05
  3004  +0.8530005804      6988  +0.8530273438  +2.676e-05
  3005  +0.8527139954      6985  +0.8526611328  -5.286e-05
  3006  +0.8524269203      6983  +0.8524169922  -9.928e-06
  3007  +0.8521393545      6981  +0.8521728516  +3.350e-05
  3008  +0.8518512974      6978  +0.8518066406  -4.466e-05
  3009  +0.8515627484      6976  +0.8515625000  -2.484e-07
  3010  +0.8512737070      6974  +0.8513183594  +4.465e-05
  3011  +0.8509841726      6971  +0.8509521484  -3.202e-05
  3012  +0.8506941445      6969  +0.8507080078  +1.386e-05
  3013  +0.8504036222      6967  +0.8504638672  +6.025e-05
  3014  +0.8501126051      6964  +0.8500976562  -1.495e-05
  3015  +0.8498210926      6962  +0.8498535156  +3.242e-05
  3016  +0.8495290841      6959  +0.8494873047  -4.178e-05
  3017  +0.8492365790      6957  +0.8492431641  +6.585e-06
  3018  +0.8489435768      6955  +0.8489990234  +5.545e-05
  3019  +0.8486500769      6952  +0.8486328125  -1.726e-05
  3020  +0.8483560786      6950  +0.8483886719  +3.259e-05
  3021  +0.8480615814      6947  +0.8480224609  -3.912e-05
  3022  +0.8477665847      6945  +0.8477783203  +1.174e-05
  3023  +0.8474710880      6942  +0.8474121094  -5.898e-05
  3024  +0.8471750905      6940  +0.8471679688  -7.122e-06
  3025  +0.8468785918      6938  +0.8469238281  +4.524e-05
  3026  +0.8465815913      6935  +0.8465576172  -2.397e-05
  3027  +0.8462840883      6933  +0.8463134766  +2.939e-05
  3028  +0.8459860824      6930  +0.8459472656  -3.882e-05
  3029  +0.8456875728      6928  +0.8457031250  +1.555e-05
  3030  +0.8453885590      6925  +0.8453369141  -5.164e-05
  3031  +0.8450890405      6923  +0.8450927734  +3.733e-06
  3032  +0.8447890167      6921  +0.8448486328  +5.962e-05
  3033  +0.8444884869      6918  +0.8444824219  -6.065e-06
  3034  +0.8441874506      6916  +0.8442382812  +5.083e-05
  3035  +0.8438859072      6913  +0.8438720703  -1.384e-05
  3036  +0.8435838561      6911  +0.8436279297  +4.407e-05
  3037  +0.8432812968      6908  +0.8432617188  -1.958e-05
  3038  +0.8429782286      6906  +0.8430175781  +3.935e-05
  3039  +0.8426746510      6903  +0.8426513672  -2.328e-05
  3040  +0.8423705634      6901  +0.8424072266  +3.666e-05
  3041  +0.8420659652      6898  +0.8420410156  -2.495e-05
  3042  +0.8417608558      6896  +0.8417968750  +3.602e-05
  3043  +0.8414552346      6893  +0.8414306641  -2.457e-05
  3044  +0.8411491012      6891  +0.8411865234  +3.742e-05
  3045  +0.8408424548      6888  +0.8408203125  -2.214e-05
  3046  +0.8405352949      6886  +0.8405761719  +4.088e-05
  3047  +0.8402276210      6883  +0.8402099609  -1.766e-05
  3048  +0.8399194324      6881  +0.8399658203  +4.639e-05
  3049  +0.8396107286      6878  +0.8395996094  -1.112e-05
  3050  +0.8393015090      6876  +0.8393554688  +5.396e-05
  3051  +0.8389917729      6873  +0.8389892578  -2.515e-06
  3052  +0.8386815199      6870  +0.8386230469  -5.847e-05
  3053  +0.8383707494      6868  +0.8383789062  +8.157e-06
  3054  +0.8380594608      6865  +0.8380126953  -4.677e-05
  3055  +0.8377476534      6863  +0.8377685547  +2.090e-05
  3056  +0.8374353268      6860  +0.8374023438  -3.298e-05
  3057  +0.8371224803      6858  +0.8371582031  +3.572e-05
  3058  +0.8368091133      6855  +0.8367919922  -1.712e-05
  3059  +0.8364952254      6853  +0.8365478516  +5.263e-05
  3060  +0.8361808159      6850  +0.8361816406  +8.247e-07
  3061  +0.8358658842      6847  +0.8358154297  -5.045e-05
  3062  +0.8355504298      6845  +0.8355712891  +2.086e-05
  3063  +0.8352344521      6842  +0.8352050781  -2.937e-05
  3064  +0.8349179505      6840  +0.8349609375  +4.299e-05
  3065  +0.8346009244      6837  +0.8345947266  -6.198e-06
  3066  +0.8342833733      6834  +0.8342285156  -5.486e-05
  3067  +0.8339652966      6832  +0.8339843750  +1.908e-05
  3068  +0.8336466937      6829  +0.8336181641  -2.853e-05
  3069  +0.8333275641      6827  +0.8333740234  +4.646e-05
  3070  +0.8330079071      6824  +0.8330078125  -9.462e-08
  3071  +0.8326877223      6821  +0.8326416016  -4.612e-05
  3072  +0.8323670089      6819  +0.8323974609  +3.045e-05
  3073  +0.8320457666      6816  +0.8320312500  -1.452e-05
  3074  +0.8317239946      6813  +0.8316650391  -5.896e-05
  3075  +0.8314016924      6811  +0.8314208984  +1.921e-05
  3076  +0.8310788595      6808  +0.8310546875  -2.417e-05
  3077  +0.8307554953      6806  +0.8308105469  +5.505e-05
  3078  +0.8304315992      6803  +0.8304443359  +1.274e-05
  3079  +0.8301071706      6800  +0.8300781250  -2.905e-05
  3080  +0.8297822090      6798  +0.8298339844  +5.178e-05
  3081  +0.8294567138      6795  +0.8294677734  +1.106e-05
  3082  +0.8291306844      6792  +0.8291015625  -2.912e-05
  3083  +0.8288041203      6790  +0.8288574219  +5.330e-05
  3084  +0.8284770209      6787  +0.8284912109  +1.419e-05
  3085  +0.8281493856      6784  +0.8281250000  -2.439e-05
  3086  +0.8278212139      6782  +0.8278808594  +5.965e-05
  3087  +0.8274925052      6779  +0.8275146484  +2.214e-05
  3088  +0.8271632589      6776  +0.8271484375  -1.482e-05
  3089  +0.8268334745      6773  +0.8267822266  -5.125e-05
  3090  +0.8265031514      6771  +0.8265380859  +3.493e-05
  3091  +0.8261722890      6768  +0.8261718750  -4.140e-07
  3092  +0.8258408868      6765  +0.8258056641  -3.522e-05
  3093  +0.8255089443      6763  +0.8255615234  +5.258e-05
  3094  +0.8251764607      6760  +0.8251953125  +1.885e-05
  3095  +0.8248434357      6757  +0.8248291016  -1.433e-05
  3096  +0.8245098686      6754  +0.8244628906  -4.698e-05
  3097  +0.8241757588      6752  +0.8242187500  +4.299e-05
  3098  +0.8238411059      6749  +0.8238525391  +1.143e-05
  3099  +0.8235059092      6746  +0.8234863281  -1.958e-05
  3100  +0.8231701682      6743  +0.8231201172  -5.005e-05
  3101  +0.8228338823      6741  +0.8228759766  +4.209e-05
  3102  +0.8224970509      6738  +0.8225097656  +1.271e-05
  3103  +0.8221596736      6735  +0.8221435547  -1.612e-05
  3104  +0.8218217497      6732  +0.8217773438  -4.441e-05
  3105  +0.8214832787      6730  +0.8215332031  +4.992e-05
  3106  +0.8211442600      6727  +0.8211669922  +2.273e-05
  3107  +0.8208046931      6724  +0.8208007812  -3.912e-06
  3108  +0.8204645774      6721  +0.8204345703  -3.001e-05
  3109  +0.8201239124      6718  +0.8200683594  -5.555e-05
  3110  +0.8197826975      6716  +0.8198242188  +4.152e-05
  3111  +0.8194409321      6713  +0.8194580078  +1.708e-05
  3112  +0.8190986157      6710  +0.8190917969  -6.819e-06
  3113  +0.8187557478      6707  +0.8187255859  -3.016e-05
  3114  +0.8184123277      6704  +0.8183593750  -5.295e-05
  3115  +0.8180683550      6702  +0.8181152344  +4.688e-05
  3116  +0.8177238290      6699  +0.8177490234  +2.519e-05
  3117  +0.8173787493      6696  +0.8173828125  +4.063e-06
  3118  +0.8170331153      6693  +0.8170166016  -1.651e-05
  3119  +0.8166869264      6690  +0.8166503906  -3.654e-05
  3120  +0.8163401820      6687  +0.8162841797  -5.600e-05
  3121  +0.8159928817      6685  +0.8160400391  +4.716e-05
  3122  +0.8156450248      6682  +0.8156738281  +2.880e-05
  3123  +0.8152966109      6679  +0.8153076172  +1.101e-05
  3124  +0.8149476394      6676  +0.8149414062  -6.233e-06
  3125  +0.8145981097      6673  +0.8145751953  -2.291e-05
  3126  +0.8142480212      6670  +0.8142089844  -3.904e-05
  3127  +0.8138973735      6667  +0.8138427734  -5.460e-05
  3128  +0.8135461660      6665  +0.8135986328  +5.247e-05
  3129  +0.8131943982      6662  +0.8132324219  +3.802e-05
  3130  +0.8128420694      6659  +0.8128662109  +2.414e-05
  3131  +0.8124891792      6656  +0.8125000000  +1.082e-05
  3132  +0.8121357270      6653  +0.8121337891  -1.938e-06
  3133  +0.8117817122      6650  +0.8117675781  -1.413e-05
  3134  +0.8114271344      6647  +0.8114013672  -2.577e-05
  3135  +0.8110719930      6644  +0.8110351562  -3.684e-05
  3136  +0.8107162873      6641  +0.8106689453  -4.734e-05
  3137  +0.8103600170      6638  +0.8103027344  -5.728e-05
  3138  +0.8100031815      6636  +0.8100585938  +5.541e-05
  3139  +0.8096457801      6633  +0.8096923828  +4.660e-05
  3140  +0.8092878124      6630  +0.8093261719  +3.836e-05
  3141  +0.8089292779      6627  +0.8089599609  +3.068e-05
  3142  +0.8085701760      6624  +0.8085937500  +2.357e-05
  3143  +0.8082105061      6621  +0.8082275391  +1.703e-05
  3144  +0.8078502677      6618  +0.8078613281  +1.106e-05
  3145  +0.8074894604      6615  +0.8074951172  +5.657e-06
  3146  +0.8071280834      6612  +0.8071289062  +8.228e-07
  3147  +0.8067661364      6609  +0.8067626953  -3.441e-06
  3148  +0.8064036188      6606  +0.8063964844  -7.134e-06
  3149  +0.8060405300      6603  +0.8060302734  -1.026e-05
  3150  +0.8056768695      6600  +0.8056640625  -1.281e-05
  3151  +0.8053126368      6597  +0.8052978516  -1.479e-05
  3152  +0.8049478313      6594  +0.8049316406  -1.619e-05
  3153  +0.8045824526      6591  +0.8045654297  -1.702e-05
  3154  +0.8042165000      6588  +0.8041992188  -1.728e-05
  3155  +0.8038499731      6585  +0.8038330078  -1.697e-05
  3156  +0.8034828713      6582  +0.8034667969  -1.607e-05
  3157  +0.8031151941      6579  +0.8031005859  -1.461e-05
  3158  +0.8027469409      6576  +0.8027343750  -1.257e-05
  3159  +0.8023781113      6573  +0.8023681641  -9.947e-06
  3160  +0.8020087047      6570  +0.8020019531  -6.752e-06
  3161  +0.8016387205      6567  +0.8016357422  -2.978e-06
  3162  +0.8012681583      6564  +0.8012695312  +1.373e-06
  3163  +0.8008970176      6561  +0.8009033203  +6.303e-06
  3164  +0.8005252977      6558  +0.8005371094  +1.181e-05
  3165  +0.8001529982      6555  +0.8001708984  +1.790e-05
  3166  +0.7997801186      6552  +0.7998046875  +2.457e-05
  3167  +0.7994066583      6549  +0.7994384766  +3.182e-05
  3168  +0.7990326168      6546  +0.7990722656  +3.965e-05
  3169  +0.7986579936      6543  +0.7987060547  +4.806e-05
  3170  +0.7982827882      6540  +0.7983398438  +5.706e-05
  3171  +0.7979070000      6536  +0.7978515625  -5.544e-05
  3172  +0.7975306285      6533  +0.7974853516  -4.528e-05
  3173  +0.7971536733      6530  +0.7971191406  -3.453e-05
  3174  +0.7967761337      6527  +0.7967529297  -2.320e-05
  3175  +0.7963980093      6524  +0.7963867188  -1.129e-05
  3176  +0.7960192995      6521  +0.7960205078  +1.208e-06
  3177  +0.7956400039      6518  +0.7956542969  +1.429e-05
  3178  +0.7952601219      6515  +0.7952880859  +2.796e-05
  3179  +0.7948796530      6512  +0.7949218750  +4.222e-05
  3180  +0.7944985966      6509  +0.7945556641  +5.707e-05
  3181  +0.7941169524      6505  +0.7940673828  -4.957e-05
  3182  +0.7937347197      6502  +0.7937011719  -3.355e-05
  3183  +0.7933518981      6499  +0.7933349609  -1.694e-05
  3184  +0.7929684870      6496  +0.7929687500  +2.630e-07
  3185  +0.7925844859      6493  +0.7926025391  +1.805e-05
  3186  +0.7921998944      6490  +0.7922363281  +3.643e-05
  3187  +0.7918147119      6487  +0.7918701172  +5.541e-05
  3188  +0.7914289378      6483  +0.7913818359  -4.710e-05
  3189  +0.7910425718      6480  +0.7910156250  -2.695e-05
  3190  +0.7906556132      6477  +0.7906494141  -6.199e-06
  3191  +0.7902680616      6474  +0.7902832031  +1.514e-05
  3192  +0.7898799165      6471  +0.7899169922  +3.708e-05
  3193  +0.7894911773      6468  +0.7895507812  +5.960e-05
  3194  +0.7891018436      6464  +0.7890625000  -3.934e-05
  3195  +0.7887119149      6461  +0.7886962891  -1.563e-05
  3196  +0.7883213906      6458  +0.7883300781  +8.688e-06
  3197  +0.7879302703      6455  +0.7879638672  +3.360e-05
  3198  +0.7875385534      6452  +0.7875976562  +5.910e-05
  3199  +0.7871462395      6448  +0.7871093750  -3.686e-05
  3200  +0.7867533280      6445  +0.7867431641  -1.016e-05
  3201  +0.7863598184      6442  +0.7863769531  +1.713e-05
  3202  +0.7859657103      6439  +0.7860107422  +4.503e-05
  3203  +0.7855710032      6435  +0.7855224609  -4.854e-05
  3204  +0.7851756965      6432  +0.7851562500  -1.945e-05
  3205  +0.7847797897      6429  +0.7847900391  +1.025e-05
  3206  +0.7843832824      6426  +0.7844238281  +4.055e-05
  3207  +0.7839861741      6422  +0.7839355469  -5.063e-05
  3208  +0.7835884643      6419  +0.7835693359  -1.913e-05
  3209  +0.7831901524      6416  +0.7832031250  +1.297e-05
  3210  +0.7827912380      6413  +0.7828369141  +4.568e-05
  3211  +0.7823917206      6409  +0.7823486328  -4.309e-05
  3212  +0.7819915997      6406  +0.7819824219  -9.178e-06
  3213  +0.7815908749      6403  +0.7816162109  +2.534e-05
  3214  +0.7811895455      6400  +0.7812500000  +6.045e-05
  3215  +0.7807876112      6396  +0.7807617188  -2.589e-05
  3216  +0.7803850714      6393  +0.7803955078  +1.044e-05
  3217  +0.7799819256      6390  +0.7800292969  +4.737e-05
  3218  +0.7795781735      6386  +0.7795410156  -3.716e-05
  3219  +0.7791738144      6383  +0.7791748047  +9.903e-07
  3220  +0.7787688479      6380  +0.7788085938  +3.975e-05
  3221  +0.7783632735      6376  +0.7783203125  -4.296e-05
  3222  +0.7779570907      6373  +0.7779541016  -2.989e-06
  3223  +0.7775502991      6370  +0.7775878906  +3.759e-05
  3224  +0.7771428981      6366  +0.7770996094  -4.329e-05
  3225  +0.7767348874      6363  +0.7767333984  -1.489e-06
  3226  +0.7763262663      6360  +0.7763671875  +4.092e-05
  3227  +0.7759170344      6356  +0.7758789062  -3.813e-05
  3228  +0.7755071913      6353  +0.7755126953  +5.504e-06
  3229  +0.7750967365      6350  +0.7751464844  +4.975e-05
  3230  +0.7746856694      6346  +0.7746582031  -2.747e-05
  3231  +0.7742739896      6343  +0.7742919922  +1.800e-05
  3232  +0.7738616967      6339  +0.7738037109  -5.799e-05
  3233  +0.7734487901      6336  +0.7734375000  -1.129e-05
  3234  +0.7730352694      6333  +0.7730712891  +3.602e-05
  3235  +0.7726211341      6329  +0.7725830078  -3.813e-05
  3236  +0.7722063837      6326  +0.7722167969  +1.041e-05
  3237  +0.7717910178      6323  +0.7718505859  +5.957e-05
  3238  +0.7713750359      6319  +0.7713623047  -1.273e-05
  3239  +0.7709584375      6316  +0.7709960938  +3.766e-05
  3240  +0.7705412222      6312  +0.7705078125  -3.341e-05
  3241  +0.7701233894      6309  +0.7701416016  +1.821e-05
  3242  +0.7697049388      6305  +0.7696533203  -5.162e-05
  3243  +0.7692858697      6302  +0.7692871094  +1.240e-06
  3244  +0.7688661819      6299  +0.7689208984  +5.472e-05
  3245  +0.7684458748      6295  +0.7684326172  -1.326e-05
  3246  +0.7680249479      6292  +0.7680664062  +4.146e-05
  3247  +0.7676034008      6288  +0.7675781250  -2.528e-05
  3248  +0.7671812330      6285  +0.7672119141  +3.068e-05
  3249  +0.7667584441      6281  +0.7667236328  -3.481e-05
  3250  +0.7663350336      6278  +0.7663574219  +2.239e-05
  3251  +0.7659110010      6274  +0.7658691406  -4.186e-05
  3252  +0.7654863459      6271  +0.7655029297  +1.658e-05
  3253  +0.7650610678      6267  +0.7650146484  -4.642e-05
  3254  +0.7646351662      6264  +0.7646484375  +1.327e-05
  3255  +0.7642086407      6260  +0.7641601562  -4.848e-05
  3256  +0.7637814909      6257  +0.7637939453  +1.245e-05
  3257  +0.7633537163      6253  +0.7633056641  -4.805e-05
  3258  +0.7629253164      6250  +0.7629394531  +1.414e-05
  3259  +0.7624962907      6246  +0.7624511719  -4.512e-05
  3260  +0.7620666389      6243  +0.7620849609  +1.832e-05
  3261  +0.7616363604      6239  +0.7615966797  -3.968e-05
  3262  +0.7612054549      6236  +0.7612304688  +2.501e-05
  3263  +0.7607739218      6232  +0.7607421875  -3.173e-05
  3264  +0.7603417607      6229  +0.7603759766  +3.422e-05
  3265  +0.7599089712      6225  +0.7598876953  -2.128e-05
  3266  +0.7594755528      6222  +0.7595214844  +4.593e-05
  3267  +0.7590415051      6218  +0.7590332031  -8.302e-06
  3268  +0.7586068276      6215  +0.7586669922  +6.016e-05
  3269  +0.7581715198      6211  +0.7581787109  +7.191e-06
  3270  +0.7577355814      6207  +0.7576904297  -4.515e-05
  3271  +0.7572990118      6204  +0.7573242188  +2.521e-05
  3272  +0.7568618107      6200  +0.7568359375  -2.587e-05
  3273  +0.7564239776      6197  +0.7564697266  +4.575e-05
  3274  +0.7559855120      6193  +0.7559814453  -4.067e-06
  3275  +0.7555464135      6189  +0.7554931641  -5.325e-05
  3276  +0.7551066817      6186  +0.7551269531  +2.027e-05
  3277  +0.7546663161      6182  +0.7546386719  -2.764e-05
  3278  +0.7542253163      6179  +0.7542724609  +4.714e-05
  3279  +0.7537836818      6175  +0.7537841797  +4.979e-07
  3280  +0.7533414123      6171  +0.7532958984  -4.551e-05
  3281  +0.7528985072      6168  +0.7529296875  +3.118e-05
  3282  +0.7524549662      6164  +0.7524414062  -1.356e-05
  3283  +0.7520107887      6160  +0.7519531250  -5.766e-05
  3284  +0.7515659744      6157  +0.7515869141  +2.094e-05
  3285  +0.7511205229      6153  +0.7510986328  -2.189e-05
  3286  +0.7506744336      6150  +0.7507324219  +5.799e-05
  3287  +0.7502277063      6146  +0.7502441406  +1.643e-05
  3288  +0.7497803403      6142  +0.7497558594  -2.448e-05
  3289  +0.7493323354      6139  +0.7493896484  +5.731e-05
  3290  +0.7488836910      6135  +0.7489013672  +1.768e-05
  3291  +0.7484344068      6131  +0.7484130859  -2.132e-05
  3292  +0.7479844823      6127  +0.7479248047  -5.968e-05
  3293  +0.7475339170      6124  +0.7475585938  +2.468e-05
  3294  +0.7470827107      6120  +0.7470703125  -1.240e-05
  3295  +0.7466308628      6116  +0.7465820312  -4.883e-05
  3296  +0.7461783728      6113  +0.7462158203  +3.745e-05
  3297  +0.7457252405      6109  +0.7457275391  +2.299e-06
  3298  +0.7452714654      6105  +0.7452392578  -3.221e-05
  3299  +0.7448170470      6102  +0.7448730469  +5.600e-05
  3300  +0.7443619849      6098  +0.7443847656  +2.278e-05
  3301  +0.7439062787      6094  +0.7438964844  -9.794e-06
  3302  +0.7434499279      6090  +0.7434082031  -4.172e-05
  3303  +0.7429929323      6087  +0.7430419922  +4.906e-05
  3304  +0.7425352913      6083  +0.7425537109  +1.842e-05
  3305  +0.7420770045      6079  +0.7420654297  -1.157e-05
  3306  +0.7416180715      6075  +0.7415771484  -4.092e-05
  3307  +0.7411584919      6072  +0.7412109375  +5.245e-05
  3308  +0.7406982652      6068  +0.7407226562  +2.439e-05
  3309  +0.7402373911      6064  +0.7402343750  -3.016e-06
  3310  +0.7397758692      6060  +0.7397460938  -2.978e-05
  3311  +0.7393136990      6056  +0.7392578125  -5.589e-05
  3312  +0.7388508801      6053  +0.7388916016  +4.072e-05
  3313  +0.7383874122      6049  +0.7384033203  +1.591e-05
  3314  +0.7379232947      6045  +0.7379150391  -8.256e-06
  3315  +0.7374585273      6041  +0.7374267578  -3.177e-05
  3316  +0.7369931096      6037  +0.7369384766  -5.463e-05
  3317  +0.7365270411      6034  +0.7365722656  +4.522e-05
  3318  +0.7360603215      6030  +0.7360839844  +2.366e-05
  3319  +0.7355929504      6026  +0.7355957031  +2.753e-06
  3320  +0.7351249273      6022  +0.7351074219  -1.751e-05
  3321  +0.7346562518      6018  +0.7346191406  -3.711e-05
  3322  +0.7341869236      6014  +0.7341308594  -5.606e-05
  3323  +0.7337169422      6011  +0.7337646484  +4.771e-05
  3324  +0.7332463072      6007  +0.7332763672  +3.006e-05
  3325  +0.7327750183      6003  +0.7327880859  +1.307e-05
  3326  +0.7323030749      5999  +0.7322998047  -3.270e-06
  3327  +0.7318304768      5995  +0.7318115234  -1.895e-05
  3328  +0.7313572236      5991  +0.7313232422  -3.398e-05
  3329  +0.7308833147      5987  +0.7308349609  -4.835e-05
  3330  +0.7304087499      5984  +0.7304687500  +6.000e-05
  3331  +0.7299335287      5980  +0.7299804688  +4.694e-05
  3332  +0.7294576507      5976  +0.7294921875  +3.454e-05
  3333  +0.7289811155      5972  +0.7290039062  +2.279e-05
  3334  +0.7285039228      5968  +0.7285156250  +1.170e-05
  3335  +0.7280260721      5964  +0.7280273438  +1.272e-06
  3336  +0.7275475630      5960  +0.7275390625  -8.501e-06
  3337  +0.7270683952      5956  +0.7270507812  -1.761e-05
  3338  +0.7265885683      5952  +0.7265625000  -2.607e-05
  3339  +0.7261080818      5948  +0.7260742188  -3.386e-05
  3340  +0.7256269354      5944  +0.7255859375  -4.100e-05
  3341  +0.7251451287      5940  +0.7250976562  -4.747e-05
  3342  +0.7246626612      5936  +0.7246093750  -5.329e-05
  3343  +0.7241795327      5932  +0.7241210938  -5.844e-05
  3344  +0.7236957427      5929  +0.7237548828  +5.914e-05
  3345  +0.7232112908      5925  +0.7232666016  +5.531e-05
  3346  +0.7227261766      5921  +0.7227783203  +5.214e-05
  3347  +0.7222403998      5917  +0.7222900391  +4.964e-05
  3348  +0.7217539599      5913  +0.7218017578  +4.780e-05
  3349  +0.7212668566      5909  +0.7213134766  +4.662e-05
  3350  +0.7207790895      5905  +0.7208251953  +4.611e-05
  3351  +0.7202906582      5901  +0.7203369141  +4.626e-05
  3352  +0.7198015623      5897  +0.7198486328  +4.707e-05
  3353  +0.7193118015      5893  +0.7193603516  +4.855e-05
  3354  +0.7188213753      5889  +0.7188720703  +5.070e-05
  3355  +0.7183302834      5885  +0.7183837891  +5.351e-05
  3356  +0.7178385253      5881  +0.7178955078  +5.698e-05
  3357  +0.7173461008      5876  +0.7172851562  -6.094e-05
  3358  +0.7168530095      5872  +0.7167968750  -5.613e-05
  3359  +0.7163592508      5868  +0.7163085938  -5.066e-05
  3360  +0.7158648246      5864  +0.7158203125  -4.451e-05
  3361  +0.7153697303      5860  +0.7153320312  -3.770e-05
  3362  +0.7148739677      5856  +0.7148437500  -3.022e-05
  3363  +0.7143775363      5852  +0.7143554688  -2.207e-05
  3364  +0.7138804357      5848  +0.7138671875  -1.325e-05
  3365  +0.7133826657      5844  +0.7133789062  -3.759e-06
  3366  +0.7128842258      5840  +0.7128906250  +6.399e-06
  3367  +0.7123851156      5836  +0.7124023438  +1.723e-05
  3368  +0.7118853347      5832  +0.7119140625  +2.873e-05
  3369  +0.7113848829      5828  +0.7114257812  +4.090e-05
  3370  +0.7108837597      5824  +0.7109375000  +5.374e-05
  3371  +0.7103819647      5819  +0.7103271484  -5.482e-05
  3372  +0.7098794976      5815  +0.7098388672  -4.063e-05
  3373  +0.7093763580      5811  +0.7093505859  -2.577e-05
  3374  +0.7088725455      5807  +0.7088623047  -1.024e-05
  3375  +0.7083680598      5803  +0.7083740234  +5.964e-06
  3376  +0.7078629005      5799  +0.7078857422  +2.284e-05
  3377  +0.7073570672      5795  +0.7073974609  +4.039e-05
  3378  +0.7068505596      5791  +0.7069091797  +5.862e-05
  3379  +0.7063433773      5786  +0.7062988281  -4.455e-05
  3380  +0.7058355198      5782  +0.7058105469  -2.497e-05
  3381  +0.7053269870      5778  +0.7053222656  -4.721e-06
  3382  +0.7048177783      5774  +0.7048339844  +1.621e-05
  3383  +0.7043078934      5770  +0.7043457031  +3.781e-05
  3384  +0.7037973320      5766  +0.7038574219  +6.009e-05
  3385  +0.7032860937      5761  +0.7032470703  -3.902e-05
  3386  +0.7027741781      5757  +0.7027587891  -1.539e-05
  3387  +0.7022615848      5753  +0.7022705078  +8.923e-06
  3388  +0.7017483136      5749  +0.7017822266  +3.391e-05
  3389  +0.7012343640      5745  +0.7012939453  +5.958e-05
  3390  +0.7007197356      5740  +0.7006835938  -3.614e-05
  3391  +0.7002044282      5736  +0.7001953125  -9.116e-06
  3392  +0.6996884413      5732  +0.6997070312  +1.859e-05
  3393  +0.6991717746      5728  +0.6992187500  +4.698e-05
  3394  +0.6986544277      5723  +0.6986083984  -4.603e-05
  3395  +0.6981364003      5719  +0.6981201172  -1.628e-05
  3396  +0.6976176920      5715  +0.6976318359  +1.414e-05
  3397  +0.6970983024      5711  +0.6971435547  +4.525e-05
  3398  +0.6965782312      5706  +0.6965332031  -4.503e-05
  3399  +0.6960574780      5702  +0.6960449219  -1.256e-05
  3400  +0.6955360425      5698  +0.6955566406  +2.060e-05
  3401  +0.6950139243      5694  +0.6950683594  +5.444e-05
  3402  +0.6944911230      5689  +0.6944580078  -3.312e-05
  3403  +0.6939676384      5685  +0.6939697266  +2.088e-06
  3404  +0.6934434699      5681  +0.6934814453  +3.798e-05
  3405  +0.6929186173      5676  +0.6928710938  -4.752e-05
  3406  +0.6923930803      5672  +0.6923828125  -1.027e-05
  3407  +0.6918668584      5668  +0.6918945312  +2.767e-05
  3408  +0.6913399513      5663  +0.6912841797  -5.577e-05
  3409  +0.6908123587      5659  +0.6907958984  -1.646e-05
  3410  +0.6902840801      5655  +0.6903076172  +2.354e-05
  3411  +0.6897551153      5650  +0.6896972656  -5.785e-05
  3412  +0.6892254639      5646  +0.6892089844  -1.648e-05
  3413  +0.6886951255      5642  +0.6887207031  +2.558e-05
  3414  +0.6881640998      5637  +0.6881103516  -5.375e-05
  3415  +0.6876323864      5633  +0.6876220703  -1.032e-05
  3416  +0.6870999849      5629  +0.6871337891  +3.380e-05
  3417  +0.6865668951      5624  +0.6865234375  -4.346e-05
  3418  +0.6860331165      5620  +0.6860351562  +2.040e-06
  3419  +0.6854986488      5616  +0.6855468750  +4.823e-05
  3420  +0.6849634917      5611  +0.6849365234  -2.697e-05
  3421  +0.6844276447      5607  +0.6844482422  +2.060e-05
  3422  +0.6838911076      5602  +0.6838378906  -5.322e-05
  3423  +0.6833538800      5598  +0.6833496094  -4.271e-06
  3424  +0.6828159615      5594  +0.6828613281  +4.537e-05
  3425  +0.6822773519      5589  +0.6822509766  -2.638e-05
  3426  +0.6817380506      5585  +0.6817626953  +2.464e-05
  3427  +0.6811980574      5580  +0.6811523438  -4.571e-05
  3428  +0.6806573719      5576  +0.6806640625  +6.691e-06
  3429  +0.6801159938      5572  +0.6801757812  +5.979e-05
  3430  +0.6795739228      5567  +0.6795654297  -8.493e-06
  3431  +0.6790311584      5563  +0.6790771484  +4.599e-05
  3432  +0.6784877003      5558  +0.6784667969  -2.090e-05
  3433  +0.6779435481      5554  +0.6779785156  +3.497e-05
  3434  +0.6773987016      5549  +0.6773681641  -3.054e-05
  3435  +0.6768531604      5545  +0.6768798828  +2.672e-05
  3436  +0.6763069240      5540  +0.6762695312  -3.739e-05
  3437  +0.6757599922      5536  +0.6757812500  +2.126e-05
  3438  +0.6752123646      5531  +0.6751708984  -4.147e-05
  3439  +0.6746640409      5527  +0.6746826172  +1.858e-05
  3440  +0.6741150206      5522  +0.6740722656  -4.275e-05
  3441  +0.6735653035      5518  +0.6735839844  +1.868e-05
  3442  +0.6730148892      5513  +0.6729736328  -4.126e-05
  3443  +0.6724637773      5509  +0.6724853516  +2.157e-05
  3444  +0.6719119675      5504  +0.6718750000  -3.697e-05
  3445  +0.6713594595      5500  +0.6713867188  +2.726e-05
  3446  +0.6708062528      5495  +0.6707763672  -2.989e-05
  3447  +0.6702523472      5491  +0.6702880859  +3.574e-05
  3448  +0.6696977422      5486  +0.6696777344  -2.001e-05
  3449  +0.6691424376      5482  +0.6691894531  +4.702e-05
  3450  +0.6685864329      5477  +0.6685791016  -7.331e-06
  3451  +0.6680297279      5472  +0.6679687500  -6.098e-05
  3452  +0.6674723221      5468  +0.6674804688  +8.147e-06
  3453  +0.6669142152      5463  +0.6668701172  -4.410e-05
  3454  +0.6663554068      5459  +0.6663818359  +2.643e-05
  3455  +0.6657958967      5454  +0.6657714844  -2.441e-05
  3456  +0.6652356844      5450  +0.6652832031  +4.752e-05
  3457  +0.6646747696      5445  +0.6646728516  -1.918e-06
  3458  +0.6641131519      5440  +0.6640625000  -5.065e-05
  3459  +0.6635508311      5436  +0.6635742188  +2.339e-05
  3460  +0.6629878066      5431  +0.6629638672  -2.394e-05
  3461  +0.6624240782      5427  +0.6624755859  +5.151e-05
  3462  +0.6618596455      5422  +0.6618652344  +5.589e-06
  3463  +0.6612945081      5417  +0.6612548828  -3.963e-05
  3464  +0.6607286658      5413  +0.6607666016  +3.794e-05
  3465  +0.6601621181      5408  +0.6601562500  -5.868e-06
  3466  +0.6595948646      5403  +0.6595458984  -4.897e-05
  3467  +0.6590269051      5399  +0.6590576172  +3.071e-05
  3468  +0.6584582392      5394  +0.6584472656  -1.097e-05
  3469  +0.6578888664      5389  +0.6578369141  -5.195e-05
  3470  +0.6573187865      5385  +0.6573486328  +2.985e-05
  3471  +0.6567479990      5380  +0.6567382812  -9.718e-06
  3472  +0.6561765037      5375  +0.6561279297  -4.857e-05
  3473  +0.6556043001      5371  +0.6556396484  +3.535e-05
  3474  +0.6550313880      5366  +0.6550292969  -2.091e-06
  3475  +0.6544577668      5361  +0.6544189453  -3.882e-05
  3476  +0.6538834363      5357  +0.6539306641  +4.723e-05
  3477  +0.6533083962      5352  +0.6533203125  +1.192e-05
  3478  +0.6527326459      5347  +0.6527099609  -2.268e-05
  3479  +0.6521561853      5342  +0.6520996094  -5.658e-05
  3480  +0.6515790138      5338  +0.6516113281  +3.231e-05
  3481  +0.6510011312      5333  +0.6510009766  -1.546e-07
  3482  +0.6504225370      5328  +0.6503906250  -3.191e-05
  3483  +0.6498432310      5324  +0.6499023438  +5.911e-05
  3484  +0.6492632127      5319  +0.6492919922  +2.878e-05
  3485  +0.6486824818      5314  +0.6486816406  -8.412e-07
  3486  +0.6481010378      5309  +0.6480712891  -2.975e-05
  3487  +0.6475188805      5304  +0.6474609375  -5.794e-05
  3488  +0.6469360095      5300  +0.6469726562  +3.665e-05
  3489  +0.6463524243      5295  +0.6463623047  +9.880e-06
  3490  +0.6457681246      5290  +0.6457519531  -1.617e-05
  3491  +0.6451831101      5285  +0.6451416016  -4.151e-05
  3492  +0.6445973803      5281  +0.6446533203  +5.594e-05
  3493  +0.6440109349      5276  +0.6440429688  +3.203e-05
  3494  +0.6434237735      5271  +0.6434326172  +8.844e-06
  3495  +0.6428358957      5266  +0.6428222656  -1.363e-05
  3496  +0.6422473012      5261  +0.6422119141  -3.539e-05
  3497  +0.6416579896      5256  +0.6416015625  -5.643e-05
  3498  +0.6410679604      5252  +0.6411132812  +4.532e-05
  3499  +0.6404772133      5247  +0.6405029297  +2.572e-05
  3500  +0.6398857480      5242  +0.6398925781  +6.830e-06
  3501  +0.6392935640      5237  +0.6392822266  -1.134e-05
  3502  +0.6387006609      5232  +0.6386718750  -2.879e-05
  3503  +0.6381070384      5227  +0.6380615234  -4.551e-05
  3504  +0.6375126961      5223  +0.6375732422  +6.055e-05
  3505  +0.6369176335      5218  +0.6369628906  +4.526e-05
  3506  +0.6363218504      5213  +0.6363525391  +3.069e-05
  3507  +0.6357253463      5208  +0.6357421875  +1.684e-05
  3508  +0.6351281207      5203  +0.6351318359  +3.715e-06
  3509  +0.6345301734      5198  +0.6345214844  -8.689e-06
  3510  +0.6339315039      5193  +0.6339111328  -2.037e-05
  3511  +0.6333321119      5188  +0.6333007812  -3.133e-05
  3512  +0.6327319969      5183  +0.6326904297  -4.157e-05
  3513  +0.6321311585      5178  +0.6320800781  -5.108e-05
  3514  +0.6315295963      5173  +0.6314697266  -5.987e-05
  3515  +0.6309273100      5169  +0.6309814453  +5.414e-05
  3516  +0.6303242990      5164  +0.6303710938  +4.679e-05
  3517  +0.6297205631      5159  +0.6297607422  +4.018e-05
  3518  +0.6291161019      5154  +0.6291503906  +3.429e-05
  3519  +0.6285109148      5149  +0.6285400391  +2.912e-05
  3520  +0.6279050015      5144  +0.6279296875  +2.469e-05
  3521  +0.6272983616      5139  +0.6273193359  +2.097e-05
  3522  +0.6266909947      5134  +0.6267089844  +1.799e-05
  3523  +0.6260829003      5129  +0.6260986328  +1.573e-05
  3524  +0.6254740780      5124  +0.6254882812  +1.420e-05
  3525  +0.6248645275      5119  +0.6248779297  +1.340e-05
  3526  +0.6242542483      5114  +0.6242675781  +1.333e-05
  3527  +0.6236432400      5109  +0.6236572266  +1.399e-05
  3528  +0.6230315022      5104  +0.6230468750  +1.537e-05
  3529  +0.6224190343      5099  +0.6224365234  +1.749e-05
  3530  +0.6218058361      5094  +0.6218261719  +2.034e-05
  3531  +0.6211919071      5089  +0.6212158203  +2.391e-05
  3532  +0.6205772468      5084  +0.6206054688  +2.822e-05
  3533  +0.6199618548      5079  +0.6199951172  +3.326e-05
  3534  +0.6193457308      5074  +0.6193847656  +3.903e-05
  3535  +0.6187288741      5069  +0.6187744141  +4.554e-05
  3536  +0.6181112845      5064  +0.6181640625  +5.278e-05
  3537  +0.6174929615      5059  +0.6175537109  +6.075e-05
  3538  +0.6168739045      5053  +0.6168212891  -5.262e-05
  3539  +0.6162541133      5048  +0.6162109375  -4.318e-05
  3540  +0.6156335873      5043  +0.6156005859  -3.300e-05
  3541  +0.6150123261      5038  +0.6149902344  -2.209e-05
  3542  +0.6143903293      5033  +0.6143798828  -1.045e-05
  3543  +0.6137675963      5028  +0.6137695312  +1.935e-06
  3544  +0.6131441267      5023  +0.6131591797  +1.505e-05
  3545  +0.6125199202      5018  +0.6125488281  +2.891e-05
  3546  +0.6118949761      5013  +0.6119384766  +4.350e-05
  3547  +0.6112692941      5008  +0.6113281250  +5.883e-05
  3548  +0.6106428737      5002  +0.6105957031  -4.717e-05
  3549  +0.6100157144      4997  +0.6099853516  -3.036e-05
  3550  +0.6093878158      4992  +0.6093750000  -1.282e-05
  3551  +0.6087591773      4987  +0.6087646484  +5.471e-06
  3552  +0.6081297986      4982  +0.6081542969  +2.450e-05
  3553  +0.6074996791      4977  +0.6075439453  +4.427e-05
  3554  +0.6068688183      4971  +0.6068115234  -5.729e-05
  3555  +0.6062372158      4966  +0.6062011719  -3.604e-05
  3556  +0.6056048711      4961  +0.6055908203  -1.405e-05
  3557  +0.6049717837      4956  +0.6049804688  +8.685e-06
  3558  +0.6043379531      4951  +0.6043701172  +3.216e-05
  3559  +0.6037033788      4946  +0.6037597656  +5.639e-05
  3560  +0.6030680603      4940  +0.6030273438  -4.072e-05
  3561  +0.6024319971      4935  +0.6024169922  -1.500e-05
  3562  +0.6017951888      4930  +0.6018066406  +1.145e-05
  3563  +0.6011576348      4925  +0.6011962891  +3.865e-05
  3564  +0.6005193345      4919  +0.6004638672  -5.547e-05
  3565  +0.5998802876      4914  +0.5998535156  -2.677e-05
  3566  +0.5992404935      4909  +0.5992431641  +2.671e-06
  3567  +0.5985999516      4904  +0.5986328125  +3.286e-05
  3568  +0.5979586615      4898  +0.5979003906  -5.827e-05
  3569  +0.5973166226      4893  +0.5972900391  -2.658e-05
  3570  +0.5966738344      4888  +0.5966796875  +5.853e-06
  3571  +0.5960302964      4883  +0.5960693359  +3.904e-05
  3572  +0.5953860080      4877  +0.5953369141  -4.909e-05
  3573  +0.5947409687      4872  +0.5947265625  -1.441e-05
  3574  +0.5940951780      4867  +0.5941162109  +2.103e-05
  3575  +0.5934486353      4862  +0.5935058594  +5.722e-05
  3576  +0.5928013401      4856  +0.5927734375  -2.790e-05
  3577  +0.5921532918      4851  +0.5921630859  +9.794e-06
  3578  +0.5915044898      4846  +0.5915527344  +4.824e-05
  3579  +0.5908549337      4840  +0.5908203125  -3.462e-05
  3580  +0.5902046229      4835  +0.5902099609  +5.338e-06
  3581  +0.5895535567      4830  +0.5895996094  +4.605e-05
  3582  +0.5889017347      4824  +0.5888671875  -3.455e-05
  3583  +0.5882491562      4819  +0.5882568359  +7.680e-06
  3584  +0.5875958207      4814  +0.5876464844  +5.066e-05
  3585  +0.5869417276      4808  +0.5869140625  -2.767e-05
  3586  +0.5862868763      4803  +0.5863037109  +1.683e-05
  3587  +0.5856312663      4797  +0.5855712891  -5.998e-05
  3588  +0.5849748968      4792  +0.5849609375  -1.396e-05
  3589  +0.5843177675      4787  +0.5843505859  +3.282e-05
  3590  +0.5836598776      4781  +0.5836181641  -4.171e-05
  3591  +0.5830012265      4776  +0.5830078125  +6.586e-06
  3592  +0.5823418136      4771  +0.5823974609  +5.565e-05
  3593  +0.5816816384      4765  +0.5816650391  -1.660e-05
  3594  +0.5810207002      4760  +0.5810546875  +3.399e-05
  3595  +0.5803589984      4754  +0.5803222656  -3.673e-05
  3596  +0.5796965324      4749  +0.5797119141  +1.538e-05
  3597  +0.5790333014      4743  +0.5789794922  -5.381e-05
  3598  +0.5783693050      4738  +0.5783691406  -1.644e-07
  3599  +0.5777045425      4733  +0.5777587891  +5.425e-05
  3600  +0.5770390132      4727  +0.5770263672  -1.265e-05
  3601  +0.5763727164      4722  +0.5764160156  +4.330e-05
  3602  +0.5757056516      4716  +0.5756835938  -2.206e-05
  3603  +0.5750378181      4711  +0.5750732422  +3.542e-05
  3604  +0.5743692151      4705  +0.5743408203  -2.839e-05
  3605  +0.5736998421      4700  +0.5737304688  +3.063e-05
  3606  +0.5730296984      4694  +0.5729980469  -3.165e-05
  3607  +0.5723587832      4689  +0.5723876953  +2.891e-05
  3608  +0.5716870960      4683  +0.5716552734  -3.182e-05
  3609  +0.5710146360      4678  +0.5710449219  +3.029e-05
  3610  +0.5703414025      4672  +0.5703125000  -2.890e-05
  3611  +0.5696673949      4667  +0.5697021484  +3.475e-05
  3612  +0.5689926124      4661  +0.5689697266  -2.289e-05
  3613  +0.5683170543      4656  +0.5683593750  +4.232e-05
  3614  +0.5676407199      4650  +0.5676269531  -1.377e-05
  3615  +0.5669636086      4645  +0.5670166016  +5.299e-05
  3616  +0.5662857195      4639  +0.5662841797  -1.540e-06
  3617  +0.5656070520      4633  +0.5655517578  -5.529e-05
  3618  +0.5649276052      4628  +0.5649414062  +1.380e-05
  3619  +0.5642473786      4622  +0.5642089844  -3.839e-05
  3620  +0.5635663712      4617  +0.5635986328  +3.226e-05
  3621  +0.5628845824      4611  +0.5628662109  -1.837e-05
  3622  +0.5622020115      4606  +0.5622558594  +5.385e-05
  3623  +0.5615186576      4600  +0.5615234375  +4.780e-06
  3624  +0.5608345200      4594  +0.5607910156  -4.350e-05
  3625  +0.5601495978      4589  +0.5601806641  +3.107e-05
  3626  +0.5594638904      4583  +0.5594482422  -1.565e-05
  3627  +0.5587773970      4578  +0.5588378906  +6.049e-05
  3628  +0.5580901166      4572  +0.5581054688  +1.535e-05
  3629  +0.5574020486      4566  +0.5573730469  -2.900e-05
  3630  +0.5567131921      4561  +0.5567626953  +4.950e-05
  3631  +0.5560235464      4555  +0.5560302734  +6.727e-06
  3632  +0.5553331105      4549  +0.5552978516  -3.526e-05
  3633  +0.5546418837      4544  +0.5546875000  +4.562e-05
  3634  +0.5539498652      4538  +0.5539550781  +5.213e-06
  3635  +0.5532570540      4532  +0.5532226562  -3.440e-05
  3636  +0.5525634494      4527  +0.5526123047  +4.886e-05
  3637  +0.5518690504      4521  +0.5518798828  +1.083e-05
  3638  +0.5511738563      4515  +0.5511474609  -2.640e-05
  3639  +0.5504778662      4510  +0.5505371094  +5.924e-05
  3640  +0.5497810791      4504  +0.5498046875  +2.361e-05
  3641  +0.5490834942      4498  +0.5490722656  -1.123e-05
  3642  +0.5483851107      4492  +0.5483398438  -4.527e-05
  3643  +0.5476859275      4487  +0.5477294922  +4.356e-05
  3644  +0.5469859439      4481  +0.5469970703  +1.113e-05
  3645  +0.5462851588      4475  +0.5462646484  -2.051e-05
  3646  +0.5455835714      4469  +0.5455322266  -5.134e-05
  3647  +0.5448811808      4464  +0.5449218750  +4.069e-05
  3648  +0.5441779860      4458  +0.5441894531  +1.147e-05
  3649  +0.5434739860      4452  +0.5434570312  -1.695e-05
  3650  +0.5427691800      4446  +0.5427246094  -4.457e-05
  3651  +0.5420635669      4441  +0.5421142578  +5.069e-05
  3652  +0.5413571458      4435  +0.5413818359  +2.469e-05
  3653  +0.5406499157      4429  +0.5406494141  -5.016e-07
  3654  +0.5399418756      4423  +0.5399169922  -2.488e-05
  3655  +0.5392330245      4417  +0.5391845703  -4.845e-05
  3656  +0.5385233615      4412  +0.5385742188  +5.086e-05
  3657  +0.5378128855      4406  +0.5378417969  +2.891e-05
  3658  +0.5371015954      4400  +0.5371093750  +7.780e-06
  3659  +0.5363894904      4394  +0.5363769531  -1.254e-05
  3660  +0.5356765693      4388  +0.5356445312  -3.204e-05
  3661  +0.5349628310      4382  +0.5349121094  -5.072e-05
  3662  +0.5342482746      4377  +0.5343017578  +5.348e-05
  3663  +0.5335328990      4371  +0.5335693359  +3.644e-05
  3664  +0.5328167031      4365  +0.5328369141  +2.021e-05
  3665  +0.5320996857      4359  +0.5321044922  +4.806e-06
  3666  +0.5313818459      4353  +0.5313720703  -9.776e-06
  3667  +0.5306631826      4347  +0.5306396484  -2.353e-05
  3668  +0.5299436945      4341  +0.5299072266  -3.647e-05
  3669  +0.5292233806      4335  +0.5291748047  -4.858e-05
  3670  +0.5285022397      4329  +0.5284423828  -5.986e-05
  3671  +0.5277802708      4324  +0.5278320312  +5.176e-05
  3672  +0.5270574727      4318  +0.5270996094  +4.214e-05
  3673  +0.5263338441      4312  +0.5263671875  +3.334e-05
  3674  +0.5256093840      4306  +0.5256347656  +2.538e-05
  3675  +0.5248840911      4300  +0.5249023438  +1.825e-05
  3676  +0.5241579643      4294  +0.5241699219  +1.196e-05
  3677  +0.5234310023      4288  +0.5234375000  +6.498e-06
  3678  +0.5227032040      4282  +0.5227050781  +1.874e-06
  3679  +0.5219745680      4276  +0.5219726562  -1.912e-06
  3680  +0.5212450933      4270  +0.5212402344  -4.859e-06
  3681  +0.5205147785      4264  +0.5205078125  -6.966e-06
  3682  +0.5197836224      4258  +0.5197753906  -8.232e-06
  3683  +0.5190516236      4252  +0.5190429688  -8.655e-06
  3684  +0.5183187810      4246  +0.5183105469  -8.234e-06
  3685  +0.5175850933      4240  +0.5175781250  -6.968e-06
  3686  +0.5168505590      4234  +0.5168457031  -4.856e-06
  3687  +0.5161151770      4228  +0.5161132812  -1.896e-06
  3688  +0.5153789459      4222  +0.5153808594  +1.914e-06
  3689  +0.5146418643      4216  +0.5146484375  +6.573e-06
  3690  +0.5139039309      4210  +0.5139160156  +1.208e-05
  3691  +0.5131651443      4204  +0.5131835938  +1.845e-05
  3692  +0.5124255032      4198  +0.5124511719  +2.567e-05
  3693  +0.5116850061      4192  +0.5117187500  +3.374e-05
  3694  +0.5109436517      4186  +0.5109863281  +4.268e-05
  3695  +0.5102014386      4180  +0.5102539062  +5.247e-05
  3696  +0.5094583652      4173  +0.5093994141  -5.895e-05
  3697  +0.5087144303      4167  +0.5086669922  -4.744e-05
  3698  +0.5079696323      4161  +0.5079345703  -3.506e-05
  3699  +0.5072239697      4155  +0.5072021484  -2.182e-05
  3700  +0.5064774411      4149  +0.5064697266  -7.715e-06
  3701  +0.5057300450      4143  +0.5057373047  +7.260e-06
  3702  +0.5049817798      4137  +0.5050048828  +2.310e-05
  3703  +0.5042326442      4131  +0.5042724609  +3.982e-05
  3704  +0.5034826364      4125  +0.5035400391  +5.740e-05
  3705  +0.5027317550      4118  +0.5026855469  -4.621e-05
  3706  +0.5019799984      4112  +0.5019531250  -2.687e-05
  3707  +0.5012273650      4106  +0.5012207031  -6.662e-06
  3708  +0.5004738532      4100  +0.5004882812  +1.443e-05
  3709  +0.4997194614      4094  +0.4997558594  +3.640e-05
  3710  +0.4989641881      4088  +0.4990234375  +5.925e-05
  3711  +0.4982080314      4081  +0.4981689453  -3.909e-05
  3712  +0.4974509899      4075  +0.4974365234  -1.447e-05
  3713  +0.4966930618      4069  +0.4967041016  +1.104e-05
  3714  +0.4959342454      4063  +0.4959716797  +3.743e-05
  3715  +0.4951745391      4056  +0.4951171875  -5.735e-05
  3716  +0.4944139411      4050  +0.4943847656  -2.918e-05
  3717  +0.4936524497      4044  +0.4936523438  -1.059e-07
  3718  +0.4928900631      4038  +0.4929199219  +2.986e-05
  3719  +0.4921267795      4032  +0.4921875000  +6.072e-05
  3720  +0.4913625972      4025  +0.4913330078  -2.959e-05
  3721  +0.4905975145      4019  +0.4906005859  +3.071e-06
  3722  +0.4898315293      4013  +0.4898681641  +3.663e-05
  3723  +0.4890646400      4006  +0.4890136719  -5.097e-05
  3724  +0.4882968447      4000  +0.4882812500  -1.559e-05
  3725  +0.4875281415      3994  +0.4875488281  +2.069e-05
  3726  +0.4867585284      3988  +0.4868164062  +5.788e-05
  3727  +0.4859880037      3981  +0.4859619141  -2.609e-05
  3728  +0.4852165654      3975  +0.4852294922  +1.293e-05
  3729  +0.4844442115      3969  +0.4844970703  +5.286e-05
  3730  +0.4836709400      3962  +0.4836425781  -2.836e-05
  3731  +0.4828967491      3956  +0.4829101562  +1.341e-05
  3732  +0.4821216367      3950  +0.4821777344  +5.610e-05
  3733  +0.4813456007      3943  +0.4813232422  -2.236e-05
  3734  +0.4805686392      3937  +0.4805908203  +2.218e-05
  3735  +0.4797907500      3930  +0.4797363281  -5.442e-05
  3736  +0.4790119312      3924  +0.4790039062  -8.025e-06
  3737  +0.4782321805      3918  +0.4782714844  +3.930e-05
  3738  +0.4774514959      3911  +0.4774169922  -3.450e-05
  3739  +0.4766698753      3905  +0.4766845703  +1.470e-05
  3740  +0.4758873164      3898  +0.4758300781  -5.724e-05
  3741  +0.4751038172      3892  +0.4750976562  -6.161e-06
  3742  +0.4743193753      3886  +0.4743652344  +4.586e-05
  3743  +0.4735339887      3879  +0.4735107422  -2.325e-05
  3744  +0.4727476549      3873  +0.4727783203  +3.067e-05
  3745  +0.4719603718      3866  +0.4719238281  -3.654e-05
  3746  +0.4711721371      3860  +0.4711914062  +1.927e-05
  3747  +0.4703829485      3853  +0.4703369141  -4.603e-05
  3748  +0.4695928035      3847  +0.4696044922  +1.169e-05
  3749  +0.4688017000      3840  +0.4687500000  -5.170e-05
  3750  +0.4680096354      3834  +0.4680175781  +7.943e-06
  3751  +0.4672166074      3827  +0.4671630859  -5.352e-05
  3752  +0.4664226136      3821  +0.4664306641  +8.050e-06
  3753  +0.4656276514      3814  +0.4655761719  -5.148e-05
  3754  +0.4648317185      3808  +0.4648437500  +1.203e-05
  3755  +0.4640348123      3801  +0.4639892578  -4.555e-05
  3756  +0.4632369303      3795  +0.4632568359  +1.991e-05
  3757  +0.4624380700      3788  +0.4624023438  -3.573e-05
  3758  +0.4616382287      3782  +0.4616699219  +3.169e-05
  3759  +0.4608374039      3775  +0.4608154297  -2.197e-05
  3760  +0.4600355929      3769  +0.4600830078  +4.741e-05
  3761  +0.4592327931      3762  +0.4592285156  -4.278e-06
  3762  +0.4584290018      3755  +0.4583740234  -5.498e-05
  3763  +0.4576242164      3749  +0.4576416016  +1.739e-05
  3764  +0.4568184339      3742  +0.4567871094  -3.132e-05
  3765  +0.4560116518      3736  +0.4560546875  +4.304e-05
  3766  +0.4552038672      3729  +0.4552001953  -3.672e-06
  3767  +0.4543950772      3722  +0.4543457031  -4.937e-05
  3768  +0.4535852791      3716  +0.4536132812  +2.800e-05
  3769  +0.4527744700      3709  +0.4527587891  -1.568e-05
  3770  +0.4519626470      3702  +0.4519042969  -5.835e-05
  3771  +0.4511498070      3696  +0.4511718750  +2.207e-05
  3772  +0.4503359473      3689  +0.4503173828  -1.856e-05
  3773  +0.4495210647      3682  +0.4494628906  -5.817e-05
  3774  +0.4487051562      3676  +0.4487304688  +2.531e-05
  3775  +0.4478882188      3669  +0.4478759766  -1.224e-05
  3776  +0.4470702495      3662  +0.4470214844  -4.877e-05
  3777  +0.4462512450      3656  +0.4462890625  +3.782e-05
  3778  +0.4454312023      3649  +0.4454345703  +3.368e-06
  3779  +0.4446101181      3642  +0.4445800781  -3.004e-05
  3780  +0.4437879892      3636  +0.4438476562  +5.967e-05
  3781  +0.4429648124      3629  +0.4429931641  +2.835e-05
  3782  +0.4421405845      3622  +0.4421386719  -1.913e-06
  3783  +0.4413153020      3615  +0.4412841797  -3.112e-05
  3784  +0.4404889617      3608  +0.4404296875  -5.927e-05
  3785  +0.4396615601      3602  +0.4396972656  +3.571e-05
  3786  +0.4388330939      3595  +0.4388427734  +9.680e-06
  3787  +0.4380035595      3588  +0.4379882812  -1.528e-05
  3788  +0.4371729535      3581  +0.4371337891  -3.916e-05
  3789  +0.4363412724      3575  +0.4364013672  +6.009e-05
  3790  +0.4355085126      3568  +0.4355468750  +3.836e-05
  3791  +0.4346746705      3561  +0.4346923828  +1.771e-05
  3792  +0.4338397425      3554  +0.4338378906  -1.852e-06
  3793  +0.4330037248      3547  +0.4329833984  -2.033e-05
  3794  +0.4321666138      3540  +0.4321289062  -3.771e-05
  3795  +0.4313284057      3533  +0.4312744141  -5.399e-05
  3796  +0.4304890967      3527  +0.4305419922  +5.290e-05
  3797  +0.4296486829      3520  +0.4296875000  +3.882e-05
  3798  +0.4288071606      3513  +0.4288330078  +2.585e-05
  3799  +0.4279645258      3506  +0.4279785156  +1.399e-05
  3800  +0.4271207744      3499  +0.4271240234  +3.249e-06
  3801  +0.4262759026      3492  +0.4262695312  -6.371e-06
  3802  +0.4254299063      3485  +0.4254150391  -1.487e-05
  3803  +0.4245827814      3478  +0.4245605469  -2.223e-05
  3804  +0.4237345237      3471  +0.4237060547  -2.847e-05
  3805  +0.4228851292      3464  +0.4228515625  -3.357e-05
  3806  +0.4220345935      3457  +0.4219970703  -3.752e-05
  3807  +0.4211829124      3450  +0.4211425781  -4.033e-05
  3808  +0.4203300816      3443  +0.4202880859  -4.200e-05
  3809  +0.4194760967      3436  +0.4194335938  -4.250e-05
  3810  +0.4186209534      3429  +0.4185791016  -4.185e-05
  3811  +0.4177646471      3422  +0.4177246094  -4.004e-05
  3812  +0.4169071734      3415  +0.4168701172  -3.706e-05
  3813  +0.4160485278      3408  +0.4160156250  -3.290e-05
  3814  +0.4151887055      3401  +0.4151611328  -2.757e-05
  3815  +0.4143277021      3394  +0.4143066406  -2.106e-05
  3816  +0.4134655127      3387  +0.4134521484  -1.336e-05
  3817  +0.4126021327      3380  +0.4125976562  -4.476e-06
  3818  +0.4117375572      3373  +0.4117431641  +5.607e-06
  3819  +0.4108717813      3366  +0.4108886719  +1.689e-05
  3820  +0.4100048002      3359  +0.4100341797  +2.938e-05
  3821  +0.4091366089      3352  +0.4091796875  +4.308e-05
  3822  +0.4082672023      3345  +0.4083251953  +5.799e-05
  3823  +0.4073965755      3337  +0.4073486328  -4.794e-05
  3824  +0.4065247232      3330  +0.4064941406  -3.058e-05
  3825  +0.4056516403      3323  +0.4056396484  -1.199e-05
  3826  +0.4047773214      3316  +0.4047851562  +7.835e-06
  3827  +0.4039017614      3309  +0.4039306641  +2.890e-05
  3828  +0.4030249549      3302  +0.4030761719  +5.122e-05
  3829  +0.4021468964      3294  +0.4020996094  -4.729e-05
  3830  +0.4012675804      3287  +0.4012451172  -2.246e-05
  3831  +0.4003870013      3280  +0.4003906250  +3.624e-06
  3832  +0.3995051537      3273  +0.3995361328  +3.098e-05
  3833  +0.3986220317      3266  +0.3986816406  +5.961e-05
  3834  +0.3977376297      3258  +0.3977050781  -3.255e-05
  3835  +0.3968519418      3251  +0.3968505859  -1.356e-06
  3836  +0.3959649622      3244  +0.3959960938  +3.113e-05
  3837  +0.3950766849      3236  +0.3950195312  -5.715e-05
  3838  +0.3941871039      3229  +0.3941650391  -2.206e-05
  3839  +0.3932962132      3222  +0.3933105469  +1.433e-05
  3840  +0.3924040066      3215  +0.3924560547  +5.205e-05
  3841  +0.3915104778      3207  +0.3914794922  -3.099e-05
  3842  +0.3906156206      3200  +0.3906250000  +9.379e-06
  3843  +0.3897194286      3193  +0.3897705078  +5.108e-05
  3844  +0.3888218953      3185  +0.3887939453  -2.795e-05
  3845  +0.3879230143      3178  +0.3879394531  +1.644e-05
  3846  +0.3870227790      3170  +0.3869628906  -5.989e-05
  3847  +0.3861211827      3163  +0.3861083984  -1.278e-05
  3848  +0.3852182185      3156  +0.3852539062  +3.569e-05
  3849  +0.3843138799      3148  +0.3842773438  -3.654e-05
  3850  +0.3834081597      3141  +0.3834228516  +1.469e-05
  3851  +0.3825010510      3133  +0.3824462891  -5.476e-05
  3852  +0.3815925467      3126  +0.3815917969  -7.499e-07
  3853  +0.3806826398      3119  +0.3807373047  +5.466e-05
  3854  +0.3797713228      3111  +0.3797607422  -1.058e-05
  3855  +0.3788585886      3104  +0.3789062500  +4.766e-05
  3856  +0.3779444296      3096  +0.3779296875  -1.474e-05
  3857  +0.3770288384      3089  +0.3770751953  +4.636e-05
  3858  +0.3761118073      3081  +0.3760986328  -1.317e-05
  3859  +0.3751933288      3074  +0.3752441406  +5.081e-05
  3860  +0.3742733949      3066  +0.3742675781  -5.817e-06
  3861  +0.3733519978      3058  +0.3732910156  -6.098e-05
  3862  +0.3724291295      3051  +0.3724365234  +7.394e-06
  3863  +0.3715047819      3043  +0.3714599609  -4.482e-05
  3864  +0.3705789470      3036  +0.3706054688  +2.652e-05
  3865  +0.3696516162      3028  +0.3696289062  -2.271e-05
  3866  +0.3687227814      3021  +0.3687744141  +5.163e-05
  3867  +0.3677924340      3013  +0.3677978516  +5.418e-06
  3868  +0.3668605655      3005  +0.3668212891  -3.928e-05
  3869  +0.3659271670      2998  +0.3659667969  +3.963e-05
  3870  +0.3649922299      2990  +0.3649902344  -1.995e-06
  3871  +0.3640557451      2982  +0.3640136719  -4.207e-05
  3872  +0.3631177037      2975  +0.3631591797  +4.148e-05
  3873  +0.3621780965      2967  +0.3621826172  +4.521e-06
  3874  +0.3612369142      2959  +0.3612060547  -3.086e-05
  3875  +0.3602941475      2952  +0.3603515625  +5.742e-05
  3876  +0.3593497868      2944  +0.3593750000  +2.521e-05
  3877  +0.3584038226      2936  +0.3583984375  -5.385e-06
  3878  +0.3574562450      2928  +0.3574218750  -3.437e-05
  3879  +0.3565070443      2921  +0.3565673828  +6.034e-05
  3880  +0.3555562103      2913  +0.3555908203  +3.461e-05
  3881  +0.3546037330      2905  +0.3546142578  +1.052e-05
  3882  +0.3536496021      2897  +0.3536376953  -1.191e-05
  3883  +0.3526938071      2889  +0.3526611328  -3.267e-05
  3884  +0.3517363376      2881  +0.3516845703  -5.177e-05
  3885  +0.3507771829      2874  +0.3508300781  +5.290e-05
  3886  +0.3498163321      2866  +0.3498535156  +3.718e-05
  3887  +0.3488537743      2858  +0.3488769531  +2.318e-05
  3888  +0.3478894984      2850  +0.3479003906  +1.089e-05
  3889  +0.3469234931      2842  +0.3469238281  +3.351e-07
  3890  +0.3459557469      2834  +0.3459472656  -8.481e-06
  3891  +0.3449862484      2826  +0.3449707031  -1.555e-05
  3892  +0.3440149858      2818  +0.3439941406  -2.085e-05
  3893  +0.3430419472      2810  +0.3430175781  -2.437e-05
  3894  +0.3420671206      2802  +0.3420410156  -2.610e-05
  3895  +0.3410904938      2794  +0.3410644531  -2.604e-05
  3896  +0.3401120543      2786  +0.3400878906  -2.416e-05
  3897  +0.3391317896      2778  +0.3391113281  -2.046e-05
  3898  +0.3381496871      2770  +0.3381347656  -1.492e-05
  3899  +0.3371657337      2762  +0.3371582031  -7.531e-06
  3900  +0.3361799165      2754  +0.3361816406  +1.724e-06
  3901  +0.3351922221      2746  +0.3352050781  +1.286e-05
  3902  +0.3342026371      2738  +0.3342285156  +2.588e-05
  3903  +0.3332111478      2730  +0.3332519531  +4.081e-05
  3904  +0.3322177405      2722  +0.3322753906  +5.765e-05
  3905  +0.3312224010      2713  +0.3311767578  -4.564e-05
  3906  +0.3302251151      2705  +0.3302001953  -2.492e-05
  3907  +0.3292258684      2697  +0.3292236328  -2.236e-06
  3908  +0.3282246463      2689  +0.3282470703  +2.242e-05
  3909  +0.3272214338      2681  +0.3272705078  +4.907e-05
  3910  +0.3262162159      2672  +0.3261718750  -4.434e-05
  3911  +0.3252089772      2664  +0.3251953125  -1.366e-05
  3912  +0.3241997023      2656  +0.3242187500  +1.905e-05
  3913  +0.3231883753      2648  +0.3232421875  +5.381e-05
  3914  +0.3221749804      2639  +0.3221435547  -3.143e-05
  3915  +0.3211595012      2631  +0.3211669922  +7.491e-06
  3916  +0.3201419212      2623  +0.3201904297  +4.851e-05
  3917  +0.3191222238      2614  +0.3190917969  -3.043e-05
  3918  +0.3181003919      2606  +0.3181152344  +1.484e-05
  3919  +0.3170764084      2597  +0.3170166016  -5.981e-05
  3920  +0.3160502557      2589  +0.3160400391  -1.022e-05
  3921  +0.3150219160      2581  +0.3150634766  +4.156e-05
  3922  +0.3139913714      2572  +0.3139648438  -2.653e-05
  3923  +0.3129586034      2564  +0.3129882812  +2.968e-05
  3924  +0.3119235935      2555  +0.3118896484  -3.395e-05
  3925  +0.3108863228      2547  +0.3109130859  +2.676e-05
  3926  +0.3098467720      2538  +0.3098144531  -3.232e-05
  3927  +0.3088049217      2530  +0.3088378906  +3.297e-05
  3928  +0.3077607520      2521  +0.3077392578  -2.149e-05
  3929  +0.3067142428      2513  +0.3067626953  +4.845e-05
  3930  +0.3056653737      2504  +0.3056640625  -1.311e-06
  3931  +0.3046141239      2495  +0.3045654297  -4.869e-05
  3932  +0.3035604723      2487  +0.3035888672  +2.839e-05
  3933  +0.3025043973      2478  +0.3024902344  -1.416e-05
  3934  +0.3014458772      2469  +0.3013916016  -5.428e-05
  3935  +0.3003848898      2461  +0.3004150391  +3.015e-05
  3936  +0.2993214125      2452  +0.2993164062  -5.006e-06
  3937  +0.2982554225      2443  +0.2982177734  -3.765e-05
  3938  +0.2971868964      2435  +0.2972412109  +5.431e-05
  3939  +0.2961158104      2426  +0.2961425781  +2.677e-05
  3940  +0.2950421406      2417  +0.2950439453  +1.805e-06
  3941  +0.2939658624      2408  +0.2939453125  -2.055e-05
  3942  +0.2928869509      2399  +0.2928466797  -4.027e-05
  3943  +0.2918053806      2390  +0.2917480469  -5.733e-05
  3944  +0.2907211258      2382  +0.2907714844  +5.036e-05
  3945  +0.2896341603      2373  +0.2896728516  +3.869e-05
  3946  +0.2885444573      2364  +0.2885742188  +2.976e-05
  3947  +0.2874519896      2355  +0.2874755859  +2.360e-05
  3948  +0.2863567296      2346  +0.2863769531  +2.022e-05
  3949  +0.2852586491      2337  +0.2852783203  +1.967e-05
  3950  +0.2841577193      2328  +0.2841796875  +2.197e-05
  3951  +0.2830539113      2319  +0.2830810547  +2.714e-05
  3952  +0.2819471951      2310  +0.2819824219  +3.523e-05
  3953  +0.2808375406      2301  +0.2808837891  +4.625e-05
  3954  +0.2797249168      2292  +0.2797851562  +6.024e-05
  3955  +0.2786092925      2282  +0.2785644531  -4.484e-05
  3956  +0.2774906357      2273  +0.2774658203  -2.482e-05
  3957  +0.2763689136      2264  +0.2763671875  -1.726e-06
  3958  +0.2752440932      2255  +0.2752685547  +2.446e-05
  3959  +0.2741161406      2246  +0.2741699219  +5.378e-05
  3960  +0.2729850213      2236  +0.2729492188  -3.580e-05
  3961  +0.2718507002      2227  +0.2718505859  -1.143e-07
  3962  +0.2707131414      2218  +0.2707519531  +3.881e-05
  3963  +0.2695723084      2208  +0.2695312500  -4.106e-05
  3964  +0.2684281640      2199  +0.2684326172  +4.453e-06
  3965  +0.2672806701      2190  +0.2673339844  +5.331e-05
  3966  +0.2661297879      2180  +0.2661132812  -1.651e-05
  3967  +0.2649754781      2171  +0.2650146484  +3.917e-05
  3968  +0.2638177001      2161  +0.2637939453  -2.375e-05
  3969  +0.2626564129      2152  +0.2626953125  +3.890e-05
  3970  +0.2614915744      2142  +0.2614746094  -1.697e-05
  3971  +0.2603231418      2133  +0.2603759766  +5.283e-05
  3972  +0.2591510713      2123  +0.2591552734  +4.202e-06
  3973  +0.2579753181      2113  +0.2579345703  -4.075e-05
  3974  +0.2567958367      2104  +0.2568359375  +4.010e-05
  3975  +0.2556125805      2094  +0.2556152344  +2.654e-06
  3976  +0.2544255017      2084  +0.2543945312  -3.097e-05
  3977  +0.2532345518      2074  +0.2531738281  -6.072e-05
  3978  +0.2520396809      2065  +0.2520751953  +3.551e-05
  3979  +0.2508408384      2055  +0.2508544922  +1.365e-05
  3980  +0.2496379723      2045  +0.2496337891  -4.183e-06
  3981  +0.2484310293      2035  +0.2484130859  -1.794e-05
  3982  +0.2472199553      2025  +0.2471923828  -2.757e-05
  3983  +0.2460046947      2015  +0.2459716797  -3.301e-05
  3984  +0.2447851906      2005  +0.2447509766  -3.421e-05
  3985  +0.2435613848      1995  +0.2435302734  -3.111e-05
  3986  +0.2423332180      1985  +0.2423095703  -2.365e-05
  3987  +0.2411006292      1975  +0.2410888672  -1.176e-05
  3988  +0.2398635559      1965  +0.2398681641  +4.608e-06
  3989  +0.2386219345      1955  +0.2386474609  +2.553e-05
  3990  +0.2373756994      1945  +0.2374267578  +5.106e-05
  3991  +0.2361247837      1934  +0.2360839844  -4.080e-05
  3992  +0.2348691187      1924  +0.2348632812  -5.837e-06
  3993  +0.2336086340      1914  +0.2336425781  +3.394e-05
  3994  +0.2323432576      1903  +0.2322998047  -4.345e-05
  3995  +0.2310729155      1893  +0.2310791016  +6.186e-06
  3996  +0.2297975318      1883  +0.2298583984  +6.087e-05
  3997  +0.2285170287      1872  +0.2285156250  -1.404e-06
  3998  +0.2272313263      1861  +0.2271728516  -5.847e-05
  3999  +0.2259403428      1851  +0.2259521484  +1.181e-05
  4000  +0.2246439940      1840  +0.2246093750  -3.462e-05
  4001  +0.2233421935      1830  +0.2233886719  +4.648e-05
  4002  +0.2220348526      1819  +0.2220458984  +1.105e-05
  4003  +0.2207218800      1808  +0.2207031250  -1.876e-05
  4004  +0.2194031822      1797  +0.2193603516  -4.283e-05
  4005  +0.2180786626      1787  +0.2181396484  +6.099e-05
  4006  +0.2167482224      1776  +0.2167968750  +4.865e-05
  4007  +0.2154117595      1765  +0.2154541016  +4.234e-05
  4008  +0.2140691691      1754  +0.2141113281  +4.216e-05
  4009  +0.2127203434      1743  +0.2127685547  +4.821e-05
  4010  +0.2113651711      1732  +0.2114257812  +6.061e-05
  4011  +0.2100035379      1720  +0.2099609375  -4.260e-05
  4012  +0.2086353257      1709  +0.2086181641  -1.716e-05
  4013  +0.2072604131      1698  +0.2072753906  +1.498e-05
  4014  +0.2058786748      1687  +0.2059326172  +5.394e-05
  4015  +0.2044899814      1675  +0.2044677734  -2.221e-05
  4016  +0.2030941998      1664  +0.2031250000  +3.080e-05
  4017  +0.2016911921      1652  +0.2016601562  -3.104e-05
  4018  +0.2002808164      1641  +0.2003173828  +3.657e-05
  4019  +0.1988629257      1629  +0.1988525391  -1.039e-05
  4020  +0.1974373684      1617  +0.1973876953  -4.967e-05
  4021  +0.1960039876      1606  +0.1960449219  +4.093e-05
  4022  +0.1945626210      1594  +0.1945800781  +1.746e-05
  4023  +0.1931131007      1582  +0.1931152344  +2.134e-06
  4024  +0.1916552531      1570  +0.1916503906  -4.862e-06
  4025  +0.1901888980      1558  +0.1901855469  -3.351e-06
  4026  +0.1887138489      1546  +0.1887207031  +6.854e-06
  4027  +0.1872299124      1534  +0.1872558594  +2.595e-05
  4028  +0.1857368880      1522  +0.1857910156  +5.413e-05
  4029  +0.1842345674      1509  +0.1842041016  -3.047e-05
  4030  +0.1827227345      1497  +0.1827392578  +1.652e-05
  4031  +0.1812011646      1484  +0.1811523438  -4.882e-05
  4032  +0.1796696243      1472  +0.1796875000  +1.788e-05
  4033  +0.1781278706      1459  +0.1781005859  -2.728e-05
  4034  +0.1765756508      1447  +0.1766357422  +6.009e-05
  4035  +0.1750127016      1434  +0.1750488281  +3.613e-05
  4036  +0.1734387485      1421  +0.1734619141  +2.317e-05
  4037  +0.1718535053      1408  +0.1718750000  +2.149e-05
  4038  +0.1702566734      1395  +0.1702880859  +3.141e-05
  4039  +0.1686479409      1382  +0.1687011719  +5.323e-05
  4040  +0.1670269818      1368  +0.1669921875  -3.479e-05
  4041  +0.1653934549      1355  +0.1654052734  +1.182e-05
  4042  +0.1637470034      1341  +0.1636962891  -5.071e-05
  4043  +0.1620872532      1328  +0.1621093750  +2.212e-05
  4044  +0.1604138120      1314  +0.1604003906  -1.342e-05
  4045  +0.1587262683      1300  +0.1586914062  -3.486e-05
  4046  +0.1570241896      1286  +0.1569824219  -4.177e-05
  4047  +0.1553071209      1272  +0.1552734375  -3.368e-05
  4048  +0.1535745837      1258  +0.1535644531  -1.013e-05
  4049  +0.1518260734      1244  +0.1518554688  +2.940e-05
  4050  +0.1500610578      1229  +0.1500244141  -3.664e-05
  4051  +0.1482789748      1215  +0.1483154297  +3.645e-05
  4052  +0.1464792299      1200  +0.1464843750  +5.145e-06
  4053  +0.1446611939      1185  +0.1446533203  -7.874e-06
  4054  +0.1428241996      1170  +0.1428222656  -1.934e-06
  4055  +0.1409675386      1155  +0.1409912109  +2.367e-05
  4056  +0.1390904579      1139  +0.1390380859  -5.237e-05
  4057  +0.1371921554      1124  +0.1372070312  +1.488e-05
  4058  +0.1352717762      1108  +0.1352539062  -1.787e-05
  4059  +0.1333284064      1092  +0.1333007812  -2.763e-05
  4060  +0.1313610682      1076  +0.1313476562  -1.341e-05
  4061  +0.1293687134      1060  +0.1293945312  +2.582e-05
  4062  +0.1273502154      1043  +0.1273193359  -3.088e-05
  4063  +0.1253043616      1026  +0.1252441406  -6.022e-05
  4064  +0.1232298436      1009  +0.1231689453  -6.090e-05
  4065  +0.1211252460       992  +0.1210937500  -3.150e-05
  4066  +0.1189890343       975  +0.1190185547  +2.952e-05
  4067  +0.1168195400       957  +0.1168212891  +1.749e-06
  4068  +0.1146149438       939  +0.1146240234  +9.080e-06
  4069  +0.1123732559       921  +0.1124267578  +5.350e-05
  4070  +0.1100922928       902  +0.1101074219  +1.513e-05
  4071  +0.1077696497       883  +0.1077880859  +1.844e-05
  4072  +0.1054026677       863  +0.1053466797  -5.599e-05
  4073  +0.1029883954       844  +0.1030273438  +3.895e-05
  4074  +0.1005235407       823  +0.1004638672  -5.967e-05
  4075  +0.0980044140       803  +0.0980224609  +1.805e-05
  4076  +0.0954268572       782  +0.0954589844  +3.213e-05
  4077  +0.0927861565       760  +0.0927734375  -1.272e-05
  4078  +0.0900769320       738  +0.0900878906  +1.096e-05
  4079  +0.0872929986       715  +0.0872802734  -1.273e-05
  4080  +0.0844271865       692  +0.0844726562  +4.547e-05
  4081  +0.0814711067       667  +0.0814208984  -5.021e-05
  4082  +0.0784148403       642  +0.0783691406  -4.570e-05
  4083  +0.0752465162       616  +0.0751953125  -5.120e-05
  4084  +0.0719517276       589  +0.0718994141  -5.231e-05
  4085  +0.0685127032       561  +0.0684814453  -3.126e-05
  4086  +0.0649070918       532  +0.0649414062  +3.431e-05
  4087  +0.0611061189       501  +0.0611572266  +5.111e-05
  4088  +0.0570716621       468  +0.0571289062  +5.724e-05
  4089  +0.0527513538       432  +0.0527343750  -1.698e-05
  4090  +0.0480697888       394  +0.0480957031  +2.591e-05
  4091  +0.0429112177       352  +0.0429687500  +5.753e-05
  4092  +0.0370807592       304  +0.0371093750  +2.862e-05
  4093  +0.0301983626       247  +0.0301513672  -4.700e-05
  4094  +0.0212826859       174  +0.0212402344  -4.245e-05
  4095  +0.0010000000         8  +0.0009765625  -2.344e-05
  4096  +1.0002243776      8194  +1.0002441406  +1.976e-05
  4097  +1.0002248719      8194  +1.0002441406  +1.927e-05
  4098  +1.0002253674      8194  +1.0002441406  +1.877e-05
  4099  +1.0002258640      8194  +1.0002441406  +1.828e-05
  4100  +1.0002263616      8194  +1.0002441406  +1.778e-05
  4101  +1.0002268603      8194  +1.0002441406  +1.728e-05
  4102  +1.0002273602      8194  +1.0002441406  +1.678e-05
  4103  +1.0002278611      8194  +1.0002441406  +1.628e-05
  4104  +1.0002283632      8194  +1.0002441406  +1.578e-05
  4105  +1.0002288663      8194  +1.0002441406  +1.527e-05
  4106  +1.0002293706      8194  +1.0002441406  +1.477e-05
  4107  +1.0002298760      8194  +1.0002441406  +1.426e-05
  4108  +1.0002303825      8194  +1.0002441406  +1.376e-05
  4109  +1.0002308901      8194  +1.0002441406  +1.325e-05
  4110  +1.0002313988      8194  +1.0002441406  +1.274e-05
  4111  +1.0002319086      8194  +1.0002441406  +1.223e-05
  4112  +1.0002324196      8194  +1.0002441406  +1.172e-05
  4113  +1.0002329317      8194  +1.0002441406  +1.121e-05
  4114  +1.0002334449      8194  +1.0002441406  +1.070e-05
  4115  +1.0002339593      8194  +1.0002441406  +1.018e-05
  4116  +1.0002344747      8194  +1.0002441406  +9.666e-06
  4117  +1.0002349914      8194  +1.0002441406  +9.149e-06
  4118  +1.0002355091      8194  +1.0002441406  +8.632e-06
  4119  +1.0002360280      8194  +1.0002441406  +8.113e-06
  4120  +1.0002365481      8194  +1.0002441406  +7.593e-06
  4121  +1.0002370693      8194  +1.0002441406  +7.071e-06
  4122  +1.0002375916      8194  +1.0002441406  +6.549e-06
  4123  +1.0002381151      8194  +1.0002441406  +6.026e-06
  4124  +1.0002386397      8194  +1.0002441406  +5.501e-06
  4125  +1.0002391655      8194  +1.0002441406  +4.975e-06
  4126  +1.0002396925      8194  +1.0002441406  +4.448e-06
  4127  +1.0002402206      8194  +1.0002441406  +3.920e-06
  4128  +1.0002407499      8194  +1.0002441406  +3.391e-06
  4129  +1.0002412803      8194  +1.0002441406  +2.860e-06
  4130  +1.0002418120      8194  +1.0002441406  +2.329e-06
  4131  +1.0002423448      8194  +1.0002441406  +1.796e-06
  4132  +1.0002428787      8194  +1.0002441406  +1.262e-06
  4133  +1.0002434139      8194  +1.0002441406  +7.268e-07
  4134  +1.0002439502      8194  +1.0002441406  +1.904e-07
  4135  +1.0002444877      8194  +1.0002441406  -3.471e-07
  4136  +1.0002450264      8194  +1.0002441406  -8.858e-07
  4137  +1.0002455663      8194  +1.0002441406  -1.426e-06
  4138  +1.0002461073      8194  +1.0002441406  -1.967e-06
  4139  +1.0002466496      8194  +1.0002441406  -2.509e-06
  4140  +1.0002471930      8194  +1.0002441406  -3.052e-06
  4141  +1.0002477377      8194  +1.0002441406  -3.597e-06
  4142  +1.0002482835      8194  +1.0002441406  -4.143e-06
  4143  +1.0002488306      8194  +1.0002441406  -4.690e-06
  4144  +1.0002493788      8194  +1.0002441406  -5.238e-06
  4145  +1.0002499283      8194  +1.0002441406  -5.788e-06
  4146  +1.0002504790      8194  +1.0002441406  -6.338e-06
  4147  +1.0002510309      8194  +1.0002441406  -6.890e-06
  4148  +1.0002515840      8194  +1.0002441406  -7.443e-06
  4149  +1.0002521383      8194  +1.0002441406  -7.998e-06
  4150  +1.0002526939      8194  +1.0002441406  -8.553e-06
  4151  +1.0002532506      8194  +1.0002441406  -9.110e-06
  4152  +1.0002538086      8194  +1.0002441406  -9.668e-06
  4153  +1.0002543679      8194  +1.0002441406  -1.023e-05
  4154  +1.0002549283      8194  +1.0002441406  -1.079e-05
  4155  +1.0002554900      8194  +1.0002441406  -1.135e-05
  4156  +1.0002560529      8194  +1.0002441406  -1.191e-05
  4157  +1.0002566171      8194  +1.0002441406  -1.248e-05
  4158  +1.0002571825      8194  +1.0002441406  -1.304e-05
  4159  +1.0002577492      8194  +1.0002441406  -1.361e-05
  4160  +1.0002583171      8194  +1.0002441406  -1.418e-05
  4161  +1.0002588863      8194  +1.0002441406  -1.475e-05
  4162  +1.0002594567      8194  +1.0002441406  -1.532e-05
  4163  +1.0002600284      8194  +1.0002441406  -1.589e-05
  4164  +1.0002606013      8194  +1.0002441406  -1.646e-05
  4165  +1.0002611755      8194  +1.0002441406  -1.703e-05
  4166  +1.0002617510      8194  +1.0002441406  -1.761e-05
  4167  +1.0002623277      8194  +1.0002441406  -1.819e-05
  4168  +1.0002629057      8194  +1.0002441406  -1.877e-05
  4169  +1.0002634850      8194  +1.0002441406  -1.934e-05
  4170  +1.0002640655      8194  +1.0002441406  -1.992e-05
  4171  +1.0002646474      8194  +1.0002441406  -2.051e-05
  4172  +1.0002652305      8194  +1.0002441406  -2.109e-05
  4173  +1.0002658149      8194  +1.0002441406  -2.167e-05
  4174  +1.0002664006      8194  +1.0002441406  -2.226e-05
  4175  +1.0002669876      8194  +1.0002441406  -2.285e-05
  4176  +1.0002675758      8194  +1.0002441406  -2.344e-05
  4177  +1.0002681654      8194  +1.0002441406  -2.402e-05
  4178  +1.0002687563      8194  +1.0002441406  -2.462e-05
  4179  +1.0002693485      8194  +1.0002441406  -2.521e-05
  4180  +1.0002699419      8194  +1.0002441406  -2.580e-05
  4181  +1.0002705367      8194  +1.0002441406  -2.640e-05
  4182  +1.0002711328      8194  +1.0002441406  -2.699e-05
  4183  +1.0002717302      8194  +1.0002441406  -2.759e-05
  4184  +1.0002723289      8194  +1.0002441406  -2.819e-05
  4185  +1.0002729290      8194  +1.0002441406  -2.879e-05
  4186  +1.0002735304      8194  +1.0002441406  -2.939e-05
  4187  +1.0002741330      8194  +1.0002441406  -2.999e-05
  4188  +1.0002747371      8194  +1.0002441406  -3.060e-05
  4189  +1.0002753424      8194  +1.0002441406  -3.120e-05
  4190  +1.0002759491      8194  +1.0002441406  -3.181e-05
  4191  +1.0002765571      8194  +1.0002441406  -3.242e-05
  4192  +1.0002771665      8194  +1.0002441406  -3.303e-05
  4193  +1.0002777772      8194  +1.0002441406  -3.364e-05
  4194  +1.0002783893      8194  +1.0002441406  -3.425e-05
  4195  +1.0002790027      8194  +1.0002441406  -3.486e-05
  4196  +1.0002796174      8194  +1.0002441406  -3.548e-05
  4197  +1.0002802335      8194  +1.0002441406  -3.609e-05
  4198  +1.0002808510      8194  +1.0002441406  -3.671e-05
  4199  +1.0002814698      8194  +1.0002441406  -3.733e-05
  4200  +1.0002820900      8194  +1.0002441406  -3.795e-05
  4201  +1.0002827116      8194  +1.0002441406  -3.857e-05
  4202  +1.0002833345      8194  +1.0002441406  -3.919e-05
  4203  +1.0002839588      8194  +1.0002441406  -3.982e-05
  4204  +1.0002845845      8194  +1.0002441406  -4.044e-05
  4205  +1.0002852115      8194  +1.0002441406  -4.107e-05
  4206  +1.0002858399      8194  +1.0002441406  -4.170e-05
  4207  +1.0002864698      8194  +1.0002441406  -4.233e-05
  4208  +1.0002871010      8194  +1.0002441406  -4.296e-05
  4209  +1.0002877336      8194  +1.0002441406  -4.359e-05
  4210  +1.0002883676      8194  +1.0002441406  -4.423e-05
  4211  +1.0002890030      8194  +1.0002441406  -4.486e-05
  4212  +1.0002896398      8194  +1.0002441406  -4.550e-05
  4213  +1.0002902780      8194  +1.0002441406  -4.614e-05
  4214  +1.0002909176      8194  +1.0002441406  -4.678e-05
  4215  +1.0002915586      8194  +1.0002441406  -4.742e-05
  4216  +1.0002922010      8194  +1.0002441406  -4.806e-05
  4217  +1.0002928448      8194  +1.0002441406  -4.870e-05
  4218  +1.0002934901      8194  +1.0002441406  -4.935e-05
  4219  +1.0002941368      8194  +1.0002441406  -5.000e-05
  4220  +1.0002947849      8194  +1.0002441406  -5.064e-05
  4221  +1.0002954344      8194  +1.0002441406  -5.129e-05
  4222  +1.0002960854      8194  +1.0002441406  -5.194e-05
  4223  +1.0002967378      8194  +1.0002441406  -5.260e-05
  4224  +1.0002973916      8194  +1.0002441406  -5.325e-05
  4225  +1.0002980469      8194  +1.0002441406  -5.391e-05
  4226  +1.0002987036      8194  +1.0002441406  -5.456e-05
  4227  +1.0002993618      8194  +1.0002441406  -5.522e-05
  4228  +1.0003000214      8194  +1.0002441406  -5.588e-05
  4229  +1.0003006825      8194  +1.0002441406  -5.654e-05
  4230  +1.0003013451      8194  +1.0002441406  -5.720e-05
  4231  +1.0003020090      8194  +1.0002441406  -5.787e-05
  4232  +1.0003026745      8194  +1.0002441406  -5.853e-05
  4233  +1.0003033414      8194  +1.0002441406  -5.920e-05
  4234  +1.0003040098      8194  +1.0002441406  -5.987e-05
  4235  +1.0003046797      8194  +1.0002441406  -6.054e-05
  4236  +1.0003053510      8195  +1.0003662109  +6.086e-05
  4237  +1.0003060239      8195  +1.0003662109  +6.019e-05
  4238  +1.0003066982      8195  +1.0003662109  +5.951e-05
  4239  +1.0003073740      8195  +1.0003662109  +5.884e-05
  4240  +1.0003080512      8195  +1.0003662109  +5.816e-05
  4241  +1.0003087300      8195  +1.0003662109  +5.748e-05
  4242  +1.0003094103      8195  +1.0003662109  +5.680e-05
  4243  +1.0003100921      8195  +1.0003662109  +5.612e-05
  4244  +1.0003107753      8195  +1.0003662109  +5.544e-05
  4245  +1.0003114601      8195  +1.0003662109  +5.475e-05
  4246  +1.0003121464      8195  +1.0003662109  +5.406e-05
  4247  +1.0003128342      8195  +1.0003662109  +5.338e-05
  4248  +1.0003135235      8195  +1.0003662109  +5.269e-05
  4249  +1.0003142143      8195  +1.0003662109  +5.200e-05
  4250  +1.0003149067      8195  +1.0003662109  +5.130e-05
  4251  +1.0003156006      8195  +1.0003662109  +5.061e-05
  4252  +1.0003162960      8195  +1.0003662109  +4.991e-05
  4253  +1.0003169929      8195  +1.0003662109  +4.922e-05
  4254  +1.0003176914      8195  +1.0003662109  +4.852e-05
  4255  +1.0003183915      8195  +1.0003662109  +4.782e-05
  4256  +1.0003190930      8195  +1.0003662109  +4.712e-05
  4257  +1.0003197961      8195  +1.0003662109  +4.641e-05
  4258  +1.0003205008      8195  +1.0003662109  +4.571e-05
  4259  +1.0003212070      8195  +1.0003662109  +4.500e-05
  4260  +1.0003219148      8195  +1.0003662109  +4.430e-05
  4261  +1.0003226241      8195  +1.0003662109  +4.359e-05
  4262  +1.0003233350      8195  +1.0003662109  +4.288e-05
  4263  +1.0003240475      8195  +1.0003662109  +4.216e-05
  4264  +1.0003247615      8195  +1.0003662109  +4.145e-05
  4265  +1.0003254771      8195  +1.0003662109  +4.073e-05
  4266  +1.0003261943      8195  +1.0003662109  +4.002e-05
  4267  +1.0003269130      8195  +1.0003662109  +3.930e-05
  4268  +1.0003276334      8195  +1.0003662109  +3.858e-05
  4269  +1.0003283553      8195  +1.0003662109  +3.786e-05
  4270  +1.0003290788      8195  +1.0003662109  +3.713e-05
  4271  +1.0003298040      8195  +1.0003662109  +3.641e-05
  4272  +1.0003305307      8195  +1.0003662109  +3.568e-05
  4273  +1.0003312590      8195  +1.0003662109  +3.495e-05
  4274  +1.0003319889      8195  +1.0003662109  +3.422e-05
  4275  +1.0003327205      8195  +1.0003662109  +3.349e-05
  4276  +1.0003334536      8195  +1.0003662109  +3.276e-05
  4277  +1.0003341884      8195  +1.0003662109  +3.202e-05
  4278  +1.0003349248      8195  +1.0003662109  +3.129e-05
  4279  +1.0003356628      8195  +1.0003662109  +3.055e-05
  4280  +1.0003364024      8195  +1.0003662109  +2.981e-05
  4281  +1.0003371437      8195  +1.0003662109  +2.907e-05
  4282  +1.0003378866      8195  +1.0003662109  +2.832e-05
  4283  +1.0003386311      8195  +1.0003662109  +2.758e-05
  4284  +1.0003393773      8195  +1.0003662109  +2.683e-05
  4285  +1.0003401251      8195  +1.0003662109  +2.609e-05
  4286  +1.0003408746      8195  +1.0003662109  +2.534e-05
  4287  +1.0003416257      8195  +1.0003662109  +2.459e-05
  4288  +1.0003423784      8195  +1.0003662109  +2.383e-05
  4289  +1.0003431329      8195  +1.0003662109  +2.308e-05
  4290  +1.0003438890      8195  +1.0003662109  +2.232e-05
  4291  +1.0003446467      8195  +1.0003662109  +2.156e-05
  4292  +1.0003454062      8195  +1.0003662109  +2.080e-05
  4293  +1.0003461673      8195  +1.0003662109  +2.004e-05
  4294  +1.0003469301      8195  +1.0003662109  +1.928e-05
  4295  +1.0003476945      8195  +1.0003662109  +1.852e-05
  4296  +1.0003484607      8195  +1.0003662109  +1.775e-05
  4297  +1.0003492285      8195  +1.0003662109  +1.698e-05
  4298  +1.0003499981      8195  +1.0003662109  +1.621e-05
  4299  +1.0003507693      8195  +1.0003662109  +1.544e-05
  4300  +1.0003515422      8195  +1.0003662109  +1.467e-05
  4301  +1.0003523169      8195  +1.0003662109  +1.389e-05
  4302  +1.0003530932      8195  +1.0003662109  +1.312e-05
  4303  +1.0003538712      8195  +1.0003662109  +1.234e-05
  4304  +1.0003546510      8195  +1.0003662109  +1.156e-05
  4305  +1.0003554325      8195  +1.0003662109  +1.078e-05
  4306  +1.0003562157      8195  +1.0003662109  +9.995e-06
  4307  +1.0003570006      8195  +1.0003662109  +9.210e-06
  4308  +1.0003577873      8195  +1.0003662109  +8.424e-06
  4309  +1.0003585757      8195  +1.0003662109  +7.635e-06
  4310  +1.0003593658      8195  +1.0003662109  +6.845e-06
  4311  +1.0003601577      8195  +1.0003662109  +6.053e-06
  4312  +1.0003609513      8195  +1.0003662109  +5.260e-06
  4313  +1.0003617467      8195  +1.0003662109  +4.464e-06
  4314  +1.0003625438      8195  +1.0003662109  +3.667e-06
  4315  +1.0003633427      8195  +1.0003662109  +2.868e-06
  4316  +1.0003641434      8195  +1.0003662109  +2.068e-06
  4317  +1.0003649458      8195  +1.0003662109  +1.265e-06
  4318  +1.0003657499      8195  +1.0003662109  +4.610e-07
  4319  +1.0003665559      8195  +1.0003662109  -3.450e-07
  4320  +1.0003673636      8195  +1.0003662109  -1.153e-06
  4321  +1.0003681731      8195  +1.0003662109  -1.962e-06
  4322  +1.0003689844      8195  +1.0003662109  -2.773e-06
  4323  +1.0003697975      8195  +1.0003662109  -3.587e-06
  4324  +1.0003706124      8195  +1.0003662109  -4.401e-06
  4325  +1.0003714290      8195  +1.0003662109  -5.218e-06
  4326  +1.0003722475      8195  +1.0003662109  -6.037e-06
  4327  +1.0003730678      8195  +1.0003662109  -6.857e-06
  4328  +1.0003738898      8195  +1.0003662109  -7.679e-06
  4329  +1.0003747137      8195  +1.0003662109  -8.503e-06
  4330  +1.0003755394      8195  +1.0003662109  -9.329e-06
  4331  +1.0003763670      8195  +1.0003662109  -1.016e-05
  4332  +1.0003771963      8195  +1.0003662109  -1.099e-05
  4333  +1.0003780275      8195  +1.0003662109  -1.182e-05
  4334  +1.0003788605      8195  +1.0003662109  -1.265e-05
  4335  +1.0003796954      8195  +1.0003662109  -1.348e-05
  4336  +1.0003805320      8195  +1.0003662109  -1.432e-05
  4337  +1.0003813706      8195  +1.0003662109  -1.516e-05
  4338  +1.0003822110      8195  +1.0003662109  -1.600e-05
  4339  +1.0003830532      8195  +1.0003662109  -1.684e-05
  4340  +1.0003838973      8195  +1.0003662109  -1.769e-05
  4341  +1.0003847432      8195  +1.0003662109  -1.853e-05
  4342  +1.0003855911      8195  +1.0003662109  -1.938e-05
  4343  +1.0003864407      8195  +1.0003662109  -2.023e-05
  4344  +1.0003872923      8195  +1.0003662109  -2.108e-05
  4345  +1.0003881457      8195  +1.0003662109  -2.193e-05
  4346  +1.0003890010      8195  +1.0003662109  -2.279e-05
  4347  +1.0003898582      8195  +1.0003662109  -2.365e-05
  4348  +1.0003907173      8195  +1.0003662109  -2.451e-05
  4349  +1.0003915783      8195  +1.0003662109  -2.537e-05
  4350  +1.0003924412      8195  +1.0003662109  -2.623e-05
  4351  +1.0003933060      8195  +1.0003662109  -2.710e-05
  4352  +1.0003941727      8195  +1.0003662109  -2.796e-05
  4353  +1.0003950413      8195  +1.0003662109  -2.883e-05
  4354  +1.0003959118      8195  +1.0003662109  -2.970e-05
  4355  +1.0003967842      8195  +1.0003662109  -3.057e-05
  4356  +1.0003976586      8195  +1.0003662109  -3.145e-05
  4357  +1.0003985349      8195  +1.0003662109  -3.232e-05
  4358  +1.0003994131      8195  +1.0003662109  -3.320e-05
  4359  +1.0004002932      8195  +1.0003662109  -3.408e-05
  4360  +1.0004011753      8195  +1.0003662109  -3.496e-05
  4361  +1.0004020594      8195  +1.0003662109  -3.585e-05
  4362  +1.0004029453      8195  +1.0003662109  -3.673e-05
  4363  +1.0004038333      8195  +1.0003662109  -3.762e-05
  4364  +1.0004047232      8195  +1.0003662109  -3.851e-05
  4365  +1.0004056150      8195  +1.0003662109  -3.940e-05
  4366  +1.0004065089      8195  +1.0003662109  -4.030e-05
  4367  +1.0004074047      8195  +1.0003662109  -4.119e-05
  4368  +1.0004083024      8195  +1.0003662109  -4.209e-05
  4369  +1.0004092022      8195  +1.0003662109  -4.299e-05
  4370  +1.0004101039      8195  +1.0003662109  -4.389e-05
  4371  +1.0004110076      8195  +1.0003662109  -4.480e-05
  4372  +1.0004119133      8195  +1.0003662109  -4.570e-05
  4373  +1.0004128210      8195  +1.0003662109  -4.661e-05
  4374  +1.0004137307      8195  +1.0003662109  -4.752e-05
  4375  +1.0004146425      8195  +1.0003662109  -4.843e-05
  4376  +1.0004155562      8195  +1.0003662109  -4.935e-05
  4377  +1.0004164719      8195  +1.0003662109  -5.026e-05
  4378  +1.0004173897      8195  +1.0003662109  -5.118e-05
  4379  +1.0004183094      8195  +1.0003662109  -5.210e-05
  4380  +1.0004192313      8195  +1.0003662109  -5.302e-05
  4381  +1.0004201551      8195  +1.0003662109  -5.394e-05
  4382  +1.0004210810      8195  +1.0003662109  -5.487e-05
  4383  +1.0004220089      8195  +1.0003662109  -5.580e-05
  4384  +1.0004229388      8195  +1.0003662109  -5.673e-05
  4385  +1.0004238709      8195  +1.0003662109  -5.766e-05
  4386  +1.0004248049      8195  +1.0003662109  -5.859e-05
  4387  +1.0004257410      8195  +1.0003662109  -5.953e-05
  4388  +1.0004266792      8195  +1.0003662109  -6.047e-05
  4389  +1.0004276195      8196  +1.0004882812  +6.066e-05
  4390  +1.0004285618      8196  +1.0004882812  +5.972e-05
  4391  +1.0004295062      8196  +1.0004882812  +5.878e-05
  4392  +1.0004304527      8196  +1.0004882812  +5.783e-05
  4393  +1.0004314013      8196  +1.0004882812  +5.688e-05
  4394  +1.0004323520      8196  +1.0004882812  +5.593e-05
  4395  +1.0004333047      8196  +1.0004882812  +5.498e-05
  4396  +1.0004342596      8196  +1.0004882812  +5.402e-05
  4397  +1.0004352166      8196  +1.0004882812  +5.306e-05
  4398  +1.0004361756      8196  +1.0004882812  +5.211e-05
  4399  +1.0004371368      8196  +1.0004882812  +5.114e-05
  4400  +1.0004381001      8196  +1.0004882812  +5.018e-05
  4401  +1.0004390656      8196  +1.0004882812  +4.922e-05
  4402  +1.0004400331      8196  +1.0004882812  +4.825e-05
  4403  +1.0004410028      8196  +1.0004882812  +4.728e-05
  4404  +1.0004419747      8196  +1.0004882812  +4.631e-05
  4405  +1.0004429486      8196  +1.0004882812  +4.533e-05
  4406  +1.0004439248      8196  +1.0004882812  +4.436e-05
  4407  +1.0004449030      8196  +1.0004882812  +4.338e-05
  4408  +1.0004458835      8196  +1.0004882812  +4.240e-05
  4409  +1.0004468661      8196  +1.0004882812  +4.142e-05
  4410  +1.0004478508      8196  +1.0004882812  +4.043e-05
  4411  +1.0004488377      8196  +1.0004882812  +3.944e-05
  4412  +1.0004498268      8196  +1.0004882812  +3.845e-05
  4413  +1.0004508181      8196  +1.0004882812  +3.746e-05
  4414  +1.0004518116      8196  +1.0004882812  +3.647e-05
  4415  +1.0004528073      8196  +1.0004882812  +3.547e-05
  4416  +1.0004538051      8196  +1.0004882812  +3.448e-05
  4417  +1.0004548052      8196  +1.0004882812  +3.348e-05
  4418  +1.0004558074      8196  +1.0004882812  +3.247e-05
  4419  +1.0004568119      8196  +1.0004882812  +3.147e-05
  4420  +1.0004578186      8196  +1.0004882812  +3.046e-05
  4421  +1.0004588275      8196  +1.0004882812  +2.945e-05
  4422  +1.0004598386      8196  +1.0004882812  +2.844e-05
  4423  +1.0004608520      8196  +1.0004882812  +2.743e-05
  4424  +1.0004618676      8196  +1.0004882812  +2.641e-05
  4425  +1.0004628854      8196  +1.0004882812  +2.540e-05
  4426  +1.0004639055      8196  +1.0004882812  +2.438e-05
  4427  +1.0004649278      8196  +1.0004882812  +2.335e-05
  4428  +1.0004659524      8196  +1.0004882812  +2.233e-05
  4429  +1.0004669792      8196  +1.0004882812  +2.130e-05
  4430  +1.0004680083      8196  +1.0004882812  +2.027e-05
  4431  +1.0004690397      8196  +1.0004882812  +1.924e-05
  4432  +1.0004700733      8196  +1.0004882812  +1.821e-05
  4433  +1.0004711092      8196  +1.0004882812  +1.717e-05
  4434  +1.0004721474      8196  +1.0004882812  +1.613e-05
  4435  +1.0004731879      8196  +1.0004882812  +1.509e-05
  4436  +1.0004742307      8196  +1.0004882812  +1.405e-05
  4437  +1.0004752758      8196  +1.0004882812  +1.301e-05
  4438  +1.0004763232      8196  +1.0004882812  +1.196e-05
  4439  +1.0004773729      8196  +1.0004882812  +1.091e-05
  4440  +1.0004784249      8196  +1.0004882812  +9.856e-06
  4441  +1.0004794792      8196  +1.0004882812  +8.802e-06
  4442  +1.0004805359      8196  +1.0004882812  +7.745e-06
  4443  +1.0004815949      8196  +1.0004882812  +6.686e-06
  4444  +1.0004826562      8196  +1.0004882812  +5.625e-06
  4445  +1.0004837199      8196  +1.0004882812  +4.561e-06
  4446  +1.0004847859      8196  +1.0004882812  +3.495e-06
  4447  +1.0004858542      8196  +1.0004882812  +2.427e-06
  4448  +1.0004869249      8196  +1.0004882812  +1.356e-06
  4449  +1.0004879980      8196  +1.0004882812  +2.833e-07
  4450  +1.0004890734      8196  +1.0004882812  -7.922e-07
  4451  +1.0004901512      8196  +1.0004882812  -1.870e-06
  4452  +1.0004912314      8196  +1.0004882812  -2.950e-06
  4453  +1.0004923140      8196  +1.0004882812  -4.033e-06
  4454  +1.0004933989      8196  +1.0004882812  -5.118e-06
  4455  +1.0004944863      8196  +1.0004882812  -6.205e-06
  4456  +1.0004955760      8196  +1.0004882812  -7.295e-06
  4457  +1.0004966682      8196  +1.0004882812  -8.387e-06
  4458  +1.0004977627      8196  +1.0004882812  -9.481e-06
  4459  +1.0004988597      8196  +1.0004882812  -1.058e-05
  4460  +1.0004999591      8196  +1.0004882812  -1.168e-05
  4461  +1.0005010609      8196  +1.0004882812  -1.278e-05
  4462  +1.0005021651      8196  +1.0004882812  -1.388e-05
  4463  +1.0005032718      8196  +1.0004882812  -1.499e-05
  4464  +1.0005043809      8196  +1.0004882812  -1.610e-05
  4465  +1.0005054925      8196  +1.0004882812  -1.721e-05
  4466  +1.0005066065      8196  +1.0004882812  -1.833e-05
  4467  +1.0005077229      8196  +1.0004882812  -1.944e-05
  4468  +1.0005088419      8196  +1.0004882812  -2.056e-05
  4469  +1.0005099632      8196  +1.0004882812  -2.168e-05
  4470  +1.0005110871      8196  +1.0004882812  -2.281e-05
  4471  +1.0005122134      8196  +1.0004882812  -2.393e-05
  4472  +1.0005133423      8196  +1.0004882812  -2.506e-05
  4473  +1.0005144736      8196  +1.0004882812  -2.619e-05
  4474  +1.0005156074      8196  +1.0004882812  -2.733e-05
  4475  +1.0005167437      8196  +1.0004882812  -2.846e-05
  4476  +1.0005178825      8196  +1.0004882812  -2.960e-05
  4477  +1.0005190238      8196  +1.0004882812  -3.074e-05
  4478  +1.0005201677      8196  +1.0004882812  -3.189e-05
  4479  +1.0005213140      8196  +1.0004882812  -3.303e-05
  4480  +1.0005224629      8196  +1.0004882812  -3.418e-05
  4481  +1.0005236144      8196  +1.0004882812  -3.533e-05
  4482  +1.0005247683      8196  +1.0004882812  -3.649e-05
  4483  +1.0005259248      8196  +1.0004882812  -3.764e-05
  4484  +1.0005270839      8196  +1.0004882812  -3.880e-05
  4485  +1.0005282455      8196  +1.0004882812  -3.996e-05
  4486  +1.0005294097      8196  +1.0004882812  -4.113e-05
  4487  +1.0005305764      8196  +1.0004882812  -4.230e-05
  4488  +1.0005317457      8196  +1.0004882812  -4.346e-05
  4489  +1.0005329176      8196  +1.0004882812  -4.464e-05
  4490  +1.0005340921      8196  +1.0004882812  -4.581e-05
  4491  +1.0005352691      8196  +1.0004882812  -4.699e-05
  4492  +1.0005364488      8196  +1.0004882812  -4.817e-05
  4493  +1.0005376311      8196  +1.0004882812  -4.935e-05
  4494  +1.0005388159      8196  +1.0004882812  -5.053e-05
  4495  +1.0005400034      8196  +1.0004882812  -5.172e-05
  4496  +1.0005411935      8196  +1.0004882812  -5.291e-05
  4497  +1.0005423862      8196  +1.0004882812  -5.410e-05
  4498  +1.0005435816      8196  +1.0004882812  -5.530e-05
  4499  +1.0005447795      8196  +1.0004882812  -5.650e-05
  4500  +1.0005459802      8196  +1.0004882812  -5.770e-05
  4501  +1.0005471834      8196  +1.0004882812  -5.890e-05
  4502  +1.0005483894      8196  +1.0004882812  -6.011e-05
  4503  +1.0005495980      8197  +1.0006103516  +6.075e-05
  4504  +1.0005508092      8197  +1.0006103516  +5.954e-05
  4505  +1.0005520231      8197  +1.0006103516  +5.833e-05
  4506  +1.0005532397      8197  +1.0006103516  +5.711e-05
  4507  +1.0005544590      8197  +1.0006103516  +5.589e-05
  4508  +1.0005556810      8197  +1.0006103516  +5.467e-05
  4509  +1.0005569056      8197  +1.0006103516  +5.345e-05
  4510  +1.0005581330      8197  +1.0006103516  +5.222e-05
  4511  +1.0005593631      8197  +1.0006103516  +5.099e-05
  4512  +1.0005605959      8197  +1.0006103516  +4.976e-05
  4513  +1.0005618314      8197  +1.0006103516  +4.852e-05
  4514  +1.0005630696      8197  +1.0006103516  +4.728e-05
  4515  +1.0005643105      8197  +1.0006103516  +4.604e-05
  4516  +1.0005655542      8197  +1.0006103516  +4.480e-05
  4517  +1.0005668007      8197  +1.0006103516  +4.355e-05
  4518  +1.0005680498      8197  +1.0006103516  +4.230e-05
  4519  +1.0005693018      8197  +1.0006103516  +4.105e-05
  4520  +1.0005705565      8197  +1.0006103516  +3.980e-05
  4521  +1.0005718139      8197  +1.0006103516  +3.854e-05
  4522  +1.0005730742      8197  +1.0006103516  +3.728e-05
  4523  +1.0005743372      8197  +1.0006103516  +3.601e-05
  4524  +1.0005756030      8197  +1.0006103516  +3.475e-05
  4525  +1.0005768716      8197  +1.0006103516  +3.348e-05
  4526  +1.0005781430      8197  +1.0006103516  +3.221e-05
  4527  +1.0005794172      8197  +1.0006103516  +3.093e-05
  4528  +1.0005806942      8197  +1.0006103516  +2.966e-05
  4529  +1.0005819740      8197  +1.0006103516  +2.838e-05
  4530  +1.0005832566      8197  +1.0006103516  +2.709e-05
  4531  +1.0005845421      8197  +1.0006103516  +2.581e-05
  4532  +1.0005858304      8197  +1.0006103516  +2.452e-05
  4533  +1.0005871215      8197  +1.0006103516  +2.323e-05
  4534  +1.0005884155      8197  +1.0006103516  +2.194e-05
  4535  +1.0005897123      8197  +1.0006103516  +2.064e-05
  4536  +1.0005910120      8197  +1.0006103516  +1.934e-05
  4537  +1.0005923146      8197  +1.0006103516  +1.804e-05
  4538  +1.0005936200      8197  +1.0006103516  +1.673e-05
  4539  +1.0005949284      8197  +1.0006103516  +1.542e-05
  4540  +1.0005962396      8197  +1.0006103516  +1.411e-05
  4541  +1.0005975537      8197  +1.0006103516  +1.280e-05
  4542  +1.0005988707      8197  +1.0006103516  +1.148e-05
  4543  +1.0006001906      8197  +1.0006103516  +1.016e-05
  4544  +1.0006015134      8197  +1.0006103516  +8.838e-06
  4545  +1.0006028391      8197  +1.0006103516  +7.512e-06
  4546  +1.0006041677      8197  +1.0006103516  +6.184e-06
  4547  +1.0006054993      8197  +1.0006103516  +4.852e-06
  4548  +1.0006068338      8197  +1.0006103516  +3.518e-06
  4549  +1.0006081713      8197  +1.0006103516  +2.180e-06
  4550  +1.0006095117      8197  +1.0006103516  +8.399e-07
  4551  +1.0006108550      8197  +1.0006103516  -5.035e-07
  4552  +1.0006122014      8197  +1.0006103516  -1.850e-06
  4553  +1.0006135506      8197  +1.0006103516  -3.199e-06
  4554  +1.0006149029      8197  +1.0006103516  -4.551e-06
  4555  +1.0006162582      8197  +1.0006103516  -5.907e-06
  4556  +1.0006176164      8197  +1.0006103516  -7.265e-06
  4557  +1.0006189776      8197  +1.0006103516  -8.626e-06
  4558  +1.0006203419      8197  +1.0006103516  -9.990e-06
  4559  +1.0006217091      8197  +1.0006103516  -1.136e-05
  4560  +1.0006230794      8197  +1.0006103516  -1.273e-05
  4561  +1.0006244526      8197  +1.0006103516  -1.410e-05
  4562  +1.0006258289      8197  +1.0006103516  -1.548e-05
  4563  +1.0006272083      8197  +1.0006103516  -1.686e-05
  4564  +1.0006285907      8197  +1.0006103516  -1.824e-05
  4565  +1.0006299761      8197  +1.0006103516  -1.962e-05
  4566  +1.0006313646      8197  +1.0006103516  -2.101e-05
  4567  +1.0006327561      8197  +1.0006103516  -2.240e-05
  4568  +1.0006341508      8197  +1.0006103516  -2.380e-05
  4569  +1.0006355484      8197  +1.0006103516  -2.520e-05
  4570  +1.0006369492      8197  +1.0006103516  -2.660e-05
  4571  +1.0006383531      8197  +1.0006103516  -2.800e-05
  4572  +1.0006397600      8197  +1.0006103516  -2.941e-05
  4573  +1.0006411701      8197  +1.0006103516  -3.082e-05
  4574  +1.0006425833      8197  +1.0006103516  -3.223e-05
  4575  +1.0006439996      8197  +1.0006103516  -3.365e-05
  4576  +1.0006454190      8197  +1.0006103516  -3.507e-05
  4577  +1.0006468415      8197  +1.0006103516  -3.649e-05
  4578  +1.0006482672      8197  +1.0006103516  -3.792e-05
  4579  +1.0006496960      8197  +1.0006103516  -3.934e-05
  4580  +1.0006511280      8197  +1.0006103516  -4.078e-05
  4581  +1.0006525631      8197  +1.0006103516  -4.221e-05
  4582  +1.0006540014      8197  +1.0006103516  -4.365e-05
  4583  +1.0006554429      8197  +1.0006103516  -4.509e-05
  4584  +1.0006568875      8197  +1.0006103516  -4.654e-05
  4585  +1.0006583354      8197  +1.0006103516  -4.798e-05
  4586  +1.0006597864      8197  +1.0006103516  -4.943e-05
  4587  +1.0006612406      8197  +1.0006103516  -5.089e-05
  4588  +1.0006626980      8197  +1.0006103516  -5.235e-05
  4589  +1.0006641587      8197  +1.0006103516  -5.381e-05
  4590  +1.0006656226      8197  +1.0006103516  -5.527e-05
  4591  +1.0006670897      8197  +1.0006103516  -5.674e-05
  4592  +1.0006685600      8197  +1.0006103516  -5.821e-05
  4593  +1.0006700336      8197  +1.0006103516  -5.968e-05
  4594  +1.0006715104      8198  +1.0007324219  +6.091e-05
  4595  +1.0006729905      8198  +1.0007324219  +5.943e-05
  4596  +1.0006744738      8198  +1.0007324219  +5.795e-05
  4597  +1.0006759604      8198  +1.0007324219  +5.646e-05
  4598  +1.0006774503      8198  +1.0007324219  +5.497e-05
  4599  +1.0006789435      8198  +1.0007324219  +5.348e-05
  4600  +1.0006804400      8198  +1.0007324219  +5.198e-05
  4601  +1.0006819397      8198  +1.0007324219  +5.048e-05
  4602  +1.0006834428      8198  +1.0007324219  +4.898e-05
  4603  +1.0006849492      8198  +1.0007324219  +4.747e-05
  4604  +1.0006864589      8198  +1.0007324219  +4.596e-05
  4605  +1.0006879720      8198  +1.0007324219  +4.445e-05
  4606  +1.0006894884      8198  +1.0007324219  +4.293e-05
  4607  +1.0006910081      8198  +1.0007324219  +4.141e-05
  4608  +1.0006925312      8198  +1.0007324219  +3.989e-05
  4609  +1.0006940576      8198  +1.0007324219  +3.836e-05
  4610  +1.0006955874      8198  +1.0007324219  +3.683e-05
  4611  +1.0006971206      8198  +1.0007324219  +3.530e-05
  4612  +1.0006986572      8198  +1.0007324219  +3.376e-05
  4613  +1.0007001971      8198  +1.0007324219  +3.222e-05
  4614  +1.0007017404      8198  +1.0007324219  +3.068e-05
  4615  +1.0007032872      8198  +1.0007324219  +2.913e-05
  4616  +1.0007048374      8198  +1.0007324219  +2.758e-05
  4617  +1.0007063909      8198  +1.0007324219  +2.603e-05
  4618  +1.0007079479      8198  +1.0007324219  +2.447e-05
  4619  +1.0007095084      8198  +1.0007324219  +2.291e-05
  4620  +1.0007110723      8198  +1.0007324219  +2.135e-05
  4621  +1.0007126396      8198  +1.0007324219  +1.978e-05
  4622  +1.0007142104      8198  +1.0007324219  +1.821e-05
  4623  +1.0007157846      8198  +1.0007324219  +1.664e-05
  4624  +1.0007173623      8198  +1.0007324219  +1.506e-05
  4625  +1.0007189436      8198  +1.0007324219  +1.348e-05
  4626  +1.0007205282      8198  +1.0007324219  +1.189e-05
  4627  +1.0007221164      8198  +1.0007324219  +1.031e-05
  4628  +1.0007237081      8198  +1.0007324219  +8.714e-06
  4629  +1.0007253033      8198  +1.0007324219  +7.119e-06
  4630  +1.0007269020      8198  +1.0007324219  +5.520e-06
  4631  +1.0007285043      8198  +1.0007324219  +3.918e-06
  4632  +1.0007301100      8198  +1.0007324219  +2.312e-06
  4633  +1.0007317194      8198  +1.0007324219  +7.025e-07
  4634  +1.0007333322      8198  +1.0007324219  -9.104e-07
  4635  +1.0007349487      8198  +1.0007324219  -2.527e-06
  4636  +1.0007365686      8198  +1.0007324219  -4.147e-06
  4637  +1.0007381922      8198  +1.0007324219  -5.770e-06
  4638  +1.0007398193      8198  +1.0007324219  -7.397e-06
  4639  +1.0007414501      8198  +1.0007324219  -9.028e-06
  4640  +1.0007430844      8198  +1.0007324219  -1.066e-05
  4641  +1.0007447223      8198  +1.0007324219  -1.230e-05
  4642  +1.0007463639      8198  +1.0007324219  -1.394e-05
  4643  +1.0007480091      8198  +1.0007324219  -1.559e-05
  4644  +1.0007496578      8198  +1.0007324219  -1.724e-05
  4645  +1.0007513103      8198  +1.0007324219  -1.889e-05
  4646  +1.0007529664      8198  +1.0007324219  -2.054e-05
  4647  +1.0007546261      8198  +1.0007324219  -2.220e-05
  4648  +1.0007562895      8198  +1.0007324219  -2.387e-05
  4649  +1.0007579565      8198  +1.0007324219  -2.553e-05
  4650  +1.0007596273      8198  +1.0007324219  -2.721e-05
  4651  +1.0007613017      8198  +1.0007324219  -2.888e-05
  4652  +1.0007629798      8198  +1.0007324219  -3.056e-05
  4653  +1.0007646616      8198  +1.0007324219  -3.224e-05
  4654  +1.0007663471      8198  +1.0007324219  -3.393e-05
  4655  +1.0007680364      8198  +1.0007324219  -3.561e-05
  4656  +1.0007697293      8198  +1.0007324219  -3.731e-05
  4657  +1.0007714260      8198  +1.0007324219  -3.900e-05
  4658  +1.0007731265      8198  +1.0007324219  -4.070e-05
  4659  +1.0007748307      8198  +1.0007324219  -4.241e-05
  4660  +1.0007765386      8198  +1.0007324219  -4.412e-05
  4661  +1.0007782504      8198  +1.0007324219  -4.583e-05
  4662  +1.0007799659      8198  +1.0007324219  -4.754e-05
  4663  +1.0007816851      8198  +1.0007324219  -4.926e-05
  4664  +1.0007834082      8198  +1.0007324219  -5.099e-05
  4665  +1.0007851351      8198  +1.0007324219  -5.271e-05
  4666  +1.0007868658      8198  +1.0007324219  -5.444e-05
  4667  +1.0007886003      8198  +1.0007324219  -5.618e-05
  4668  +1.0007903386      8198  +1.0007324219  -5.792e-05
  4669  +1.0007920808      8198  +1.0007324219  -5.966e-05
  4670  +1.0007938268      8199  +1.0008544922  +6.067e-05
  4671  +1.0007955766      8199  +1.0008544922  +5.892e-05
  4672  +1.0007973303      8199  +1.0008544922  +5.716e-05
  4673  +1.0007990879      8199  +1.0008544922  +5.540e-05
  4674  +1.0008008494      8199  +1.0008544922  +5.364e-05
  4675  +1.0008026147      8199  +1.0008544922  +5.188e-05
  4676  +1.0008043839      8199  +1.0008544922  +5.011e-05
  4677  +1.0008061571      8199  +1.0008544922  +4.834e-05
  4678  +1.0008079341      8199  +1.0008544922  +4.656e-05
  4679  +1.0008097151      8199  +1.0008544922  +4.478e-05
  4680  +1.0008115000      8199  +1.0008544922  +4.299e-05
  4681  +1.0008132889      8199  +1.0008544922  +4.120e-05
  4682  +1.0008150816      8199  +1.0008544922  +3.941e-05
  4683  +1.0008168784      8199  +1.0008544922  +3.761e-05
  4684  +1.0008186791      8199  +1.0008544922  +3.581e-05
  4685  +1.0008204837      8199  +1.0008544922  +3.401e-05
  4686  +1.0008222924      8199  +1.0008544922  +3.220e-05
  4687  +1.0008241050      8199  +1.0008544922  +3.039e-05
  4688  +1.0008259217      8199  +1.0008544922  +2.857e-05
  4689  +1.0008277423      8199  +1.0008544922  +2.675e-05
  4690  +1.0008295670      8199  +1.0008544922  +2.493e-05
  4691  +1.0008313957      8199  +1.0008544922  +2.310e-05
  4692  +1.0008332284      8199  +1.0008544922  +2.126e-05
  4693  +1.0008350652      8199  +1.0008544922  +1.943e-05
  4694  +1.0008369060      8199  +1.0008544922  +1.759e-05
  4695  +1.0008387509      8199  +1.0008544922  +1.574e-05
  4696  +1.0008405998      8199  +1.0008544922  +1.389e-05
  4697  +1.0008424529      8199  +1.0008544922  +1.204e-05
  4698  +1.0008443100      8199  +1.0008544922  +1.018e-05
  4699  +1.0008461712      8199  +1.0008544922  +8.321e-06
  4700  +1.0008480365      8199  +1.0008544922  +6.456e-06
  4701  +1.0008499059      8199  +1.0008544922  +4.586e-06
  4702  +1.0008517795      8199  +1.0008544922  +2.713e-06
  4703  +1.0008536572      8199  +1.0008544922  +8.350e-07
  4704  +1.0008555390      8199  +1.0008544922  -1.047e-06
  4705  +1.0008574250      8199  +1.0008544922  -2.933e-06
  4706  +1.0008593152      8199  +1.0008544922  -4.823e-06
  4707  +1.0008612095      8199  +1.0008544922  -6.717e-06
  4708  +1.0008631080      8199  +1.0008544922  -8.616e-06
  4709  +1.0008650106      8199  +1.0008544922  -1.052e-05
  4710  +1.0008669175      8199  +1.0008544922  -1.243e-05
  4711  +1.0008688286      8199  +1.0008544922  -1.434e-05
  4712  +1.0008707439      8199  +1.0008544922  -1.625e-05
  4713  +1.0008726634      8199  +1.0008544922  -1.817e-05
  4714  +1.0008745872      8199  +1.0008544922  -2.010e-05
  4715  +1.0008765152      8199  +1.0008544922  -2.202e-05
  4716  +1.0008784475      8199  +1.0008544922  -2.396e-05
  4717  +1.0008803840      8199  +1.0008544922  -2.589e-05
  4718  +1.0008823248      8199  +1.0008544922  -2.783e-05
  4719  +1.0008842698      8199  +1.0008544922  -2.978e-05
  4720  +1.0008862192      8199  +1.0008544922  -3.173e-05
  4721  +1.0008881729      8199  +1.0008544922  -3.368e-05
  4722  +1.0008901308      8199  +1.0008544922  -3.564e-05
  4723  +1.0008920931      8199  +1.0008544922  -3.760e-05
  4724  +1.0008940598      8199  +1.0008544922  -3.957e-05
  4725  +1.0008960307      8199  +1.0008544922  -4.154e-05
  4726  +1.0008980060      8199  +1.0008544922  -4.351e-05
  4727  +1.0008999857      8199  +1.0008544922  -4.549e-05
  4728  +1.0009019697      8199  +1.0008544922  -4.748e-05
  4729  +1.0009039582      8199  +1.0008544922  -4.947e-05
  4730  +1.0009059510      8199  +1.0008544922  -5.146e-05
  4731  +1.0009079482      8199  +1.0008544922  -5.346e-05
  4732  +1.0009099498      8199  +1.0008544922  -5.546e-05
  4733  +1.0009119558      8199  +1.0008544922  -5.746e-05
  4734  +1.0009139662      8199  +1.0008544922  -5.947e-05
  4735  +1.0009159811      8200  +1.0009765625  +6.058e-05
  4736  +1.0009180004      8200  +1.0009765625  +5.856e-05
  4737  +1.0009200242      8200  +1.0009765625  +5.654e-05
  4738  +1.0009220525      8200  +1.0009765625  +5.451e-05
  4739  +1.0009240852      8200  +1.0009765625  +5.248e-05
  4740  +1.0009261224      8200  +1.0009765625  +5.044e-05
  4741  +1.0009281641      8200  +1.0009765625  +4.840e-05
  4742  +1.0009302103      8200  +1.0009765625  +4.635e-05
  4743  +1.0009322610      8200  +1.0009765625  +4.430e-05
  4744  +1.0009343162      8200  +1.0009765625  +4.225e-05
  4745  +1.0009363760      8200  +1.0009765625  +4.019e-05
  4746  +1.0009384403      8200  +1.0009765625  +3.812e-05
  4747  +1.0009405092      8200  +1.0009765625  +3.605e-05
  4748  +1.0009425827      8200  +1.0009765625  +3.398e-05
  4749  +1.0009446607      8200  +1.0009765625  +3.190e-05
  4750  +1.0009467433      8200  +1.0009765625  +2.982e-05
  4751  +1.0009488305      8200  +1.0009765625  +2.773e-05
  4752  +1.0009509223      8200  +1.0009765625  +2.564e-05
  4753  +1.0009530187      8200  +1.0009765625  +2.354e-05
  4754  +1.0009551197      8200  +1.0009765625  +2.144e-05
  4755  +1.0009572254      8200  +1.0009765625  +1.934e-05
  4756  +1.0009593357      8200  +1.0009765625  +1.723e-05
  4757  +1.0009614507      8200  +1.0009765625  +1.511e-05
  4758  +1.0009635703      8200  +1.0009765625  +1.299e-05
  4759  +1.0009656947      8200  +1.0009765625  +1.087e-05
  4760  +1.0009678237      8200  +1.0009765625  +8.739e-06
  4761  +1.0009699574      8200  +1.0009765625  +6.605e-06
  4762  +1.0009720958      8200  +1.0009765625  +4.467e-06
  4763  +1.0009742389      8200  +1.0009765625  +2.324e-06
  4764  +1.0009763868      8200  +1.0009765625  +1.757e-07
  4765  +1.0009785394      8200  +1.0009765625  -1.977e-06
  4766  +1.0009806967      8200  +1.0009765625  -4.134e-06
  4767  +1.0009828588      8200  +1.0009765625  -6.296e-06
  4768  +1.0009850257      8200  +1.0009765625  -8.463e-06
  4769  +1.0009871974      8200  +1.0009765625  -1.063e-05
  4770  +1.0009893738      8200  +1.0009765625  -1.281e-05
  4771  +1.0009915551      8200  +1.0009765625  -1.499e-05
  4772  +1.0009937411      8200  +1.0009765625  -1.718e-05
  4773  +1.0009959320      8200  +1.0009765625  -1.937e-05
  4774  +1.0009981278      8200  +1.0009765625  -2.157e-05
  4775  +1.0010003283      8200  +1.0009765625  -2.377e-05
  4776  +1.0010025338      8200  +1.0009765625  -2.597e-05
  4777  +1.0010047440      8200  +1.0009765625  -2.818e-05
  4778  +1.0010069592      8200  +1.0009765625  -3.040e-05
  4779  +1.0010091793      8200  +1.0009765625  -3.262e-05
  4780  +1.0010114042      8200  +1.0009765625  -3.484e-05
  4781  +1.0010136341      8200  +1.0009765625  -3.707e-05
  4782  +1.0010158689      8200  +1.0009765625  -3.931e-05
  4783  +1.0010181086      8200  +1.0009765625  -4.155e-05
  4784  +1.0010203532      8200  +1.0009765625  -4.379e-05
  4785  +1.0010226029      8200  +1.0009765625  -4.604e-05
  4786  +1.0010248574      8200  +1.0009765625  -4.829e-05
  4787  +1.0010271170      8200  +1.0009765625  -5.055e-05
  4788  +1.0010293815      8200  +1.0009765625  -5.282e-05
  4789  +1.0010316511      8200  +1.0009765625  -5.509e-05
  4790  +1.0010339256      8200  +1.0009765625  -5.736e-05
  4791  +1.0010362052      8200  +1.0009765625  -5.964e-05
  4792  +1.0010384897      8201  +1.0010986328  +6.014e-05
  4793  +1.0010407794      8201  +1.0010986328  +5.785e-05
  4794  +1.0010430741      8201  +1.0010986328  +5.556e-05
  4795  +1.0010453738      8201  +1.0010986328  +5.326e-05
  4796  +1.0010476786      8201  +1.0010986328  +5.095e-05
  4797  +1.0010499885      8201  +1.0010986328  +4.864e-05
  4798  +1.0010523035      8201  +1.0010986328  +4.633e-05
  4799  +1.0010546237      8201  +1.0010986328  +4.401e-05
  4800  +1.0010569489      8201  +1.0010986328  +4.168e-05
  4801  +1.0010592793      8201  +1.0010986328  +3.935e-05
  4802  +1.0010616148      8201  +1.0010986328  +3.702e-05
  4803  +1.0010639554      8201  +1.0010986328  +3.468e-05
  4804  +1.0010663013      8201  +1.0010986328  +3.233e-05
  4805  +1.0010686523      8201  +1.0010986328  +2.998e-05
  4806  +1.0010710084      8201  +1.0010986328  +2.762e-05
  4807  +1.0010733698      8201  +1.0010986328  +2.526e-05
  4808  +1.0010757364      8201  +1.0010986328  +2.290e-05
  4809  +1.0010781083      8201  +1.0010986328  +2.052e-05
  4810  +1.0010804853      8201  +1.0010986328  +1.815e-05
  4811  +1.0010828676      8201  +1.0010986328  +1.577e-05
  4812  +1.0010852552      8201  +1.0010986328  +1.338e-05
  4813  +1.0010876480      8201  +1.0010986328  +1.098e-05
  4814  +1.0010900461      8201  +1.0010986328  +8.587e-06
  4815  +1.0010924495      8201  +1.0010986328  +6.183e-06
  4816  +1.0010948582      8201  +1.0010986328  +3.775e-06
  4817  +1.0010972723      8201  +1.0010986328  +1.361e-06
  4818  +1.0010996916      8201  +1.0010986328  -1.059e-06
  4819  +1.0011021163      8201  +1.0010986328  -3.483e-06
  4820  +1.0011045463      8201  +1.0010986328  -5.914e-06
  4821  +1.0011069818      8201  +1.0010986328  -8.349e-06
  4822  +1.0011094225      8201  +1.0010986328  -1.079e-05
  4823  +1.0011118687      8201  +1.0010986328  -1.324e-05
  4824  +1.0011143203      8201  +1.0010986328  -1.569e-05
  4825  +1.0011167772      8201  +1.0010986328  -1.814e-05
  4826  +1.0011192396      8201  +1.0010986328  -2.061e-05
  4827  +1.0011217075      8201  +1.0010986328  -2.307e-05
  4828  +1.0011241807      8201  +1.0010986328  -2.555e-05
  4829  +1.0011266595      8201  +1.0010986328  -2.803e-05
  4830  +1.0011291437      8201  +1.0010986328  -3.051e-05
  4831  +1.0011316334      8201  +1.0010986328  -3.300e-05
  4832  +1.0011341285      8201  +1.0010986328  -3.550e-05
  4833  +1.0011366292      8201  +1.0010986328  -3.800e-05
  4834  +1.0011391354      8201  +1.0010986328  -4.050e-05
  4835  +1.0011416472      8201  +1.0010986328  -4.301e-05
  4836  +1.0011441645      8201  +1.0010986328  -4.553e-05
  4837  +1.0011466873      8201  +1.0010986328  -4.805e-05
  4838  +1.0011492157      8201  +1.0010986328  -5.058e-05
  4839  +1.0011517497      8201  +1.0010986328  -5.312e-05
  4840  +1.0011542893      8201  +1.0010986328  -5.566e-05
  4841  +1.0011568345      8201  +1.0010986328  -5.820e-05
  4842  +1.0011593853      8201  +1.0010986328  -6.075e-05
  4843  +1.0011619417      8202  +1.0012207031  +5.876e-05
  4844  +1.0011645038      8202  +1.0012207031  +5.620e-05
  4845  +1.0011670715      8202  +1.0012207031  +5.363e-05
  4846  +1.0011696449      8202  +1.0012207031  +5.106e-05
  4847  +1.0011722240      8202  +1.0012207031  +4.848e-05
  4848  +1.0011748087      8202  +1.0012207031  +4.589e-05
  4849  +1.0011773992      8202  +1.0012207031  +4.330e-05
  4850  +1.0011799954      8202  +1.0012207031  +4.071e-05
  4851  +1.0011825973      8202  +1.0012207031  +3.811e-05
  4852  +1.0011852050      8202  +1.0012207031  +3.550e-05
  4853  +1.0011878184      8202  +1.0012207031  +3.288e-05
  4854  +1.0011904376      8202  +1.0012207031  +3.027e-05
  4855  +1.0011930626      8202  +1.0012207031  +2.764e-05
  4856  +1.0011956933      8202  +1.0012207031  +2.501e-05
  4857  +1.0011983299      8202  +1.0012207031  +2.237e-05
  4858  +1.0012009723      8202  +1.0012207031  +1.973e-05
  4859  +1.0012036205      8202  +1.0012207031  +1.708e-05
  4860  +1.0012062746      8202  +1.0012207031  +1.443e-05
  4861  +1.0012089345      8202  +1.0012207031  +1.177e-05
  4862  +1.0012116003      8202  +1.0012207031  +9.103e-06
  4863  +1.0012142720      8202  +1.0012207031  +6.431e-06
  4864  +1.0012169496      8202  +1.0012207031  +3.754e-06
  4865  +1.0012196331      8202  +1.0012207031  +1.070e-06
  4866  +1.0012223225      8202  +1.0012207031  -1.619e-06
  4867  +1.0012250178      8202  +1.0012207031  -4.315e-06
  4868  +1.0012277191      8202  +1.0012207031  -7.016e-06
  4869  +1.0012304264      8202  +1.0012207031  -9.723e-06
  4870  +1.0012331396      8202  +1.0012207031  -1.244e-05
  4871  +1.0012358588      8202  +1.0012207031  -1.516e-05
  4872  +1.0012385841      8202  +1.0012207031  -1.788e-05
  4873  +1.0012413153      8202  +1.0012207031  -2.061e-05
  4874  +1.0012440526      8202  +1.0012207031  -2.335e-05
  4875  +1.0012467959      8202  +1.0012207031  -2.609e-05
  4876  +1.0012495453      8202  +1.0012207031  -2.884e-05
  4877  +1.0012523007      8202  +1.0012207031  -3.160e-05
  4878  +1.0012550622      8202  +1.0012207031  -3.436e-05
  4879  +1.0012578298      8202  +1.0012207031  -3.713e-05
  4880  +1.0012606036      8202  +1.0012207031  -3.990e-05
  4881  +1.0012633834      8202  +1.0012207031  -4.268e-05
  4882  +1.0012661694      8202  +1.0012207031  -4.547e-05
  4883  +1.0012689615      8202  +1.0012207031  -4.826e-05
  4884  +1.0012717598      8202  +1.0012207031  -5.106e-05
  4885  +1.0012745643      8202  +1.0012207031  -5.386e-05
  4886  +1.0012773750      8202  +1.0012207031  -5.667e-05
  4887  +1.0012801918      8202  +1.0012207031  -5.949e-05
  4888  +1.0012830149      8203  +1.0013427734  +5.976e-05
  4889  +1.0012858443      8203  +1.0013427734  +5.693e-05
  4890  +1.0012886798      8203  +1.0013427734  +5.409e-05
  4891  +1.0012915216      8203  +1.0013427734  +5.125e-05
  4892  +1.0012943698      8203  +1.0013427734  +4.840e-05
  4893  +1.0012972241      8203  +1.0013427734  +4.555e-05
  4894  +1.0013000848      8203  +1.0013427734  +4.269e-05
  4895  +1.0013029518      8203  +1.0013427734  +3.982e-05
  4896  +1.0013058252      8203  +1.0013427734  +3.695e-05
  4897  +1.0013087048      8203  +1.0013427734  +3.407e-05
  4898  +1.0013115909      8203  +1.0013427734  +3.118e-05
  4899  +1.0013144833      8203  +1.0013427734  +2.829e-05
  4900  +1.0013173821      8203  +1.0013427734  +2.539e-05
  4901  +1.0013202873      8203  +1.0013427734  +2.249e-05
  4902  +1.0013231989      8203  +1.0013427734  +1.957e-05
  4903  +1.0013261169      8203  +1.0013427734  +1.666e-05
  4904  +1.0013290414      8203  +1.0013427734  +1.373e-05
  4905  +1.0013319723      8203  +1.0013427734  +1.080e-05
  4906  +1.0013349097      8203  +1.0013427734  +7.864e-06
  4907  +1.0013378536      8203  +1.0013427734  +4.920e-06
  4908  +1.0013408040      8203  +1.0013427734  +1.969e-06
  4909  +1.0013437609      8203  +1.0013427734  -9.874e-07
  4910  +1.0013467243      8203  +1.0013427734  -3.951e-06
  4911  +1.0013496943      8203  +1.0013427734  -6.921e-06
  4912  +1.0013526708      8203  +1.0013427734  -9.897e-06
  4913  +1.0013556539      8203  +1.0013427734  -1.288e-05
  4914  +1.0013586436      8203  +1.0013427734  -1.587e-05
  4915  +1.0013616399      8203  +1.0013427734  -1.887e-05
  4916  +1.0013646428      8203  +1.0013427734  -2.187e-05
  4917  +1.0013676523      8203  +1.0013427734  -2.488e-05
  4918  +1.0013706685      8203  +1.0013427734  -2.790e-05
  4919  +1.0013736913      8203  +1.0013427734  -3.092e-05
  4920  +1.0013767208      8203  +1.0013427734  -3.395e-05
  4921  +1.0013797570      8203  +1.0013427734  -3.698e-05
  4922  +1.0013827999      8203  +1.0013427734  -4.003e-05
  4923  +1.0013858495      8203  +1.0013427734  -4.308e-05
  4924  +1.0013889059      8203  +1.0013427734  -4.613e-05
  4925  +1.0013919690      8203  +1.0013427734  -4.920e-05
  4926  +1.0013950389      8203  +1.0013427734  -5.227e-05
  4927  +1.0013981155      8203  +1.0013427734  -5.534e-05
  4928  +1.0014011989      8203  +1.0013427734  -5.843e-05
  4929  +1.0014042892      8204  +1.0014648438  +6.055e-05
  4930  +1.0014073862      8204  +1.0014648438  +5.746e-05
  4931  +1.0014104901      8204  +1.0014648438  +5.435e-05
  4932  +1.0014136009      8204  +1.0014648438  +5.124e-05
  4933  +1.0014167185      8204  +1.0014648438  +4.813e-05
  4934  +1.0014198430      8204  +1.0014648438  +4.500e-05
  4935  +1.0014229745      8204  +1.0014648438  +4.187e-05
  4936  +1.0014261128      8204  +1.0014648438  +3.873e-05
  4937  +1.0014292580      8204  +1.0014648438  +3.559e-05
  4938  +1.0014324102      8204  +1.0014648438  +3.243e-05
  4939  +1.0014355694      8204  +1.0014648438  +2.927e-05
  4940  +1.0014387355      8204  +1.0014648438  +2.611e-05
  4941  +1.0014419086      8204  +1.0014648438  +2.294e-05
  4942  +1.0014450888      8204  +1.0014648438  +1.975e-05
  4943  +1.0014482759      8204  +1.0014648438  +1.657e-05
  4944  +1.0014514701      8204  +1.0014648438  +1.337e-05
  4945  +1.0014546714      8204  +1.0014648438  +1.017e-05
  4946  +1.0014578797      8204  +1.0014648438  +6.964e-06
  4947  +1.0014610951      8204  +1.0014648438  +3.749e-06
  4948  +1.0014643176      8204  +1.0014648438  +5.262e-07
  4949  +1.0014675472      8204  +1.0014648438  -2.703e-06
  4950  +1.0014707839      8204  +1.0014648438  -5.940e-06
  4951  +1.0014740278      8204  +1.0014648438  -9.184e-06
  4952  +1.0014772789      8204  +1.0014648438  -1.244e-05
  4953  +1.0014805371      8204  +1.0014648438  -1.569e-05
  4954  +1.0014838025      8204  +1.0014648438  -1.896e-05
  4955  +1.0014870752      8204  +1.0014648438  -2.223e-05
  4956  +1.0014903551      8204  +1.0014648438  -2.551e-05
  4957  +1.0014936422      8204  +1.0014648438  -2.880e-05
  4958  +1.0014969365      8204  +1.0014648438  -3.209e-05
  4959  +1.0015002382      8204  +1.0014648438  -3.539e-05
  4960  +1.0015035471      8204  +1.0014648438  -3.870e-05
  4961  +1.0015068634      8204  +1.0014648438  -4.202e-05
  4962  +1.0015101869      8204  +1.0014648438  -4.534e-05
  4963  +1.0015135178      8204  +1.0014648438  -4.867e-05
  4964  +1.0015168561      8204  +1.0014648438  -5.201e-05
  4965  +1.0015202017      8204  +1.0014648438  -5.536e-05
  4966  +1.0015235548      8204  +1.0014648438  -5.871e-05
  4967  +1.0015269152      8205  +1.0015869141  +6.000e-05
  4968  +1.0015302830      8205  +1.0015869141  +5.663e-05
  4969  +1.0015336583      8205  +1.0015869141  +5.326e-05
  4970  +1.0015370411      8205  +1.0015869141  +4.987e-05
  4971  +1.0015404313      8205  +1.0015869141  +4.648e-05
  4972  +1.0015438290      8205  +1.0015869141  +4.309e-05
  4973  +1.0015472342      8205  +1.0015869141  +3.968e-05
  4974  +1.0015506469      8205  +1.0015869141  +3.627e-05
  4975  +1.0015540671      8205  +1.0015869141  +3.285e-05
  4976  +1.0015574950      8205  +1.0015869141  +2.942e-05
  4977  +1.0015609303      8205  +1.0015869141  +2.598e-05
  4978  +1.0015643733      8205  +1.0015869141  +2.254e-05
  4979  +1.0015678239      8205  +1.0015869141  +1.909e-05
  4980  +1.0015712821      8205  +1.0015869141  +1.563e-05
  4981  +1.0015747479      8205  +1.0015869141  +1.217e-05
  4982  +1.0015782214      8205  +1.0015869141  +8.693e-06
  4983  +1.0015817026      8205  +1.0015869141  +5.211e-06
  4984  +1.0015851914      8205  +1.0015869141  +1.723e-06
  4985  +1.0015886880      8205  +1.0015869141  -1.774e-06
  4986  +1.0015921922      8205  +1.0015869141  -5.278e-06
  4987  +1.0015957043      8205  +1.0015869141  -8.790e-06
  4988  +1.0015992240      8205  +1.0015869141  -1.231e-05
  4989  +1.0016027516      8205  +1.0015869141  -1.584e-05
  4990  +1.0016062869      8205  +1.0015869141  -1.937e-05
  4991  +1.0016098301      8205  +1.0015869141  -2.292e-05
  4992  +1.0016133810      8205  +1.0015869141  -2.647e-05
  4993  +1.0016169399      8205  +1.0015869141  -3.003e-05
  4994  +1.0016205065      8205  +1.0015869141  -3.359e-05
  4995  +1.0016240811      8205  +1.0015869141  -3.717e-05
  4996  +1.0016276635      8205  +1.0015869141  -4.075e-05
  4997  +1.0016312539      8205  +1.0015869141  -4.434e-05
  4998  +1.0016348522      8205  +1.0015869141  -4.794e-05
  4999  +1.0016384584      8205  +1.0015869141  -5.154e-05
  5000  +1.0016420726      8205  +1.0015869141  -5.516e-05
  5001  +1.0016456948      8205  +1.0015869141  -5.878e-05
  5002  +1.0016493250      8206  +1.0017089844  +5.966e-05
  5003  +1.0016529632      8206  +1.0017089844  +5.602e-05
  5004  +1.0016566095      8206  +1.0017089844  +5.237e-05
  5005  +1.0016602638      8206  +1.0017089844  +4.872e-05
  5006  +1.0016639261      8206  +1.0017089844  +4.506e-05
  5007  +1.0016675966      8206  +1.0017089844  +4.139e-05
  5008  +1.0016712752      8206  +1.0017089844  +3.771e-05
  5009  +1.0016749619      8206  +1.0017089844  +3.402e-05
  5010  +1.0016786567      8206  +1.0017089844  +3.033e-05
  5011  +1.0016823597      8206  +1.0017089844  +2.662e-05
  5012  +1.0016860709      8206  +1.0017089844  +2.291e-05
  5013  +1.0016897903      8206  +1.0017089844  +1.919e-05
  5014  +1.0016935178      8206  +1.0017089844  +1.547e-05
  5015  +1.0016972537      8206  +1.0017089844  +1.173e-05
  5016  +1.0017009978      8206  +1.0017089844  +7.987e-06
  5017  +1.0017047501      8206  +1.0017089844  +4.234e-06
  5018  +1.0017085107      8206  +1.0017089844  +4.736e-07
  5019  +1.0017122797      8206  +1.0017089844  -3.295e-06
  5020  +1.0017160570      8206  +1.0017089844  -7.073e-06
  5021  +1.0017198426      8206  +1.0017089844  -1.086e-05
  5022  +1.0017236366      8206  +1.0017089844  -1.465e-05
  5023  +1.0017274389      8206  +1.0017089844  -1.845e-05
  5024  +1.0017312497      8206  +1.0017089844  -2.227e-05
  5025  +1.0017350689      8206  +1.0017089844  -2.608e-05
  5026  +1.0017388965      8206  +1.0017089844  -2.991e-05
  5027  +1.0017427326      8206  +1.0017089844  -3.375e-05
  5028  +1.0017465771      8206  +1.0017089844  -3.759e-05
  5029  +1.0017504302      8206  +1.0017089844  -4.145e-05
  5030  +1.0017542917      8206  +1.0017089844  -4.531e-05
  5031  +1.0017581618      8206  +1.0017089844  -4.918e-05
  5032  +1.0017620404      8206  +1.0017089844  -5.306e-05
  5033  +1.0017659276      8206  +1.0017089844  -5.694e-05
  5034  +1.0017698234      8206  +1.0017089844  -6.084e-05
  5035  +1.0017737278      8207  +1.0018310547  +5.733e-05
  5036  +1.0017776409      8207  +1.0018310547  +5.341e-05
  5037  +1.0017815625      8207  +1.0018310547  +4.949e-05
  5038  +1.0017854929      8207  +1.0018310547  +4.556e-05
  5039  +1.0017894319      8207  +1.0018310547  +4.162e-05
  5040  +1.0017933796      8207  +1.0018310547  +3.768e-05
  5041  +1.0017973360      8207  +1.0018310547  +3.372e-05
  5042  +1.0018013012      8207  +1.0018310547  +2.975e-05
  5043  +1.0018052752      8207  +1.0018310547  +2.578e-05
  5044  +1.0018092579      8207  +1.0018310547  +2.180e-05
  5045  +1.0018132494      8207  +1.0018310547  +1.781e-05
  5046  +1.0018172498      8207  +1.0018310547  +1.380e-05
  5047  +1.0018212590      8207  +1.0018310547  +9.796e-06
  5048  +1.0018252770      8207  +1.0018310547  +5.778e-06
  5049  +1.0018293039      8207  +1.0018310547  +1.751e-06
  5050  +1.0018333397      8207  +1.0018310547  -2.285e-06
  5051  +1.0018373845      8207  +1.0018310547  -6.330e-06
  5052  +1.0018414381      8207  +1.0018310547  -1.038e-05
  5053  +1.0018455008      8207  +1.0018310547  -1.445e-05
  5054  +1.0018495724      8207  +1.0018310547  -1.852e-05
  5055  +1.0018536530      8207  +1.0018310547  -2.260e-05
  5056  +1.0018577426      8207  +1.0018310547  -2.669e-05
  5057  +1.0018618412      8207  +1.0018310547  -3.079e-05
  5058  +1.0018659490      8207  +1.0018310547  -3.489e-05
  5059  +1.0018700657      8207  +1.0018310547  -3.901e-05
  5060  +1.0018741916      8207  +1.0018310547  -4.314e-05
  5061  +1.0018783266      8207  +1.0018310547  -4.727e-05
  5062  +1.0018824708      8207  +1.0018310547  -5.142e-05
  5063  +1.0018866241      8207  +1.0018310547  -5.557e-05
  5064  +1.0018907865      8207  +1.0018310547  -5.973e-05
  5065  +1.0018949582      8208  +1.0019531250  +5.817e-05
  5066  +1.0018991391      8208  +1.0019531250  +5.399e-05
  5067  +1.0019033292      8208  +1.0019531250  +4.980e-05
  5068  +1.0019075286      8208  +1.0019531250  +4.560e-05
  5069  +1.0019117373      8208  +1.0019531250  +4.139e-05
  5070  +1.0019159552      8208  +1.0019531250  +3.717e-05
  5071  +1.0019201825      8208  +1.0019531250  +3.294e-05
  5072  +1.0019244191      8208  +1.0019531250  +2.871e-05
  5073  +1.0019286651      8208  +1.0019531250  +2.446e-05
  5074  +1.0019329205      8208  +1.0019531250  +2.020e-05
  5075  +1.0019371853      8208  +1.0019531250  +1.594e-05
  5076  +1.0019414595      8208  +1.0019531250  +1.167e-05
  5077  +1.0019457431      8208  +1.0019531250  +7.382e-06
  5078  +1.0019500363      8208  +1.0019531250  +3.089e-06
  5079  +1.0019543389      8208  +1.0019531250  -1.214e-06
  5080  +1.0019586510      8208  +1.0019531250  -5.526e-06
  5081  +1.0019629726      8208  +1.0019531250  -9.848e-06
  5082  +1.0019673038      8208  +1.0019531250  -1.418e-05
  5083  +1.0019716446      8208  +1.0019531250  -1.852e-05
  5084  +1.0019759949      8208  +1.0019531250  -2.287e-05
  5085  +1.0019803549      8208  +1.0019531250  -2.723e-05
  5086  +1.0019847245      8208  +1.0019531250  -3.160e-05
  5087  +1.0019891038      8208  +1.0019531250  -3.598e-05
  5088  +1.0019934927      8208  +1.0019531250  -4.037e-05
  5089  +1.0019978914      8208  +1.0019531250  -4.477e-05
  5090  +1.0020022997      8208  +1.0019531250  -4.917e-05
  5091  +1.0020067178      8208  +1.0019531250  -5.359e-05
  5092  +1.0020111457      8208  +1.0019531250  -5.802e-05
  5093  +1.0020155834      8209  +1.0020751953  +5.961e-05
  5094  +1.0020200308      8209  +1.0020751953  +5.516e-05
  5095  +1.0020244881      8209  +1.0020751953  +5.071e-05
  5096  +1.0020289553      8209  +1.0020751953  +4.624e-05
  5097  +1.0020334323      8209  +1.0020751953  +4.176e-05
  5098  +1.0020379192      8209  +1.0020751953  +3.728e-05
  5099  +1.0020424161      8209  +1.0020751953  +3.278e-05
  5100  +1.0020469228      8209  +1.0020751953  +2.827e-05
  5101  +1.0020514396      8209  +1.0020751953  +2.376e-05
  5102  +1.0020559663      8209  +1.0020751953  +1.923e-05
  5103  +1.0020605030      8209  +1.0020751953  +1.469e-05
  5104  +1.0020650498      8209  +1.0020751953  +1.015e-05
  5105  +1.0020696066      8209  +1.0020751953  +5.589e-06
  5106  +1.0020741734      8209  +1.0020751953  +1.022e-06
  5107  +1.0020787504      8209  +1.0020751953  -3.555e-06
  5108  +1.0020833375      8209  +1.0020751953  -8.142e-06
  5109  +1.0020879347      8209  +1.0020751953  -1.274e-05
  5110  +1.0020925421      8209  +1.0020751953  -1.735e-05
  5111  +1.0020971597      8209  +1.0020751953  -2.196e-05
  5112  +1.0021017875      8209  +1.0020751953  -2.659e-05
  5113  +1.0021064255      8209  +1.0020751953  -3.123e-05
  5114  +1.0021110737      8209  +1.0020751953  -3.588e-05
  5115  +1.0021157323      8209  +1.0020751953  -4.054e-05
  5116  +1.0021204011      8209  +1.0020751953  -4.521e-05
  5117  +1.0021250803      8209  +1.0020751953  -4.988e-05
  5118  +1.0021297697      8209  +1.0020751953  -5.457e-05
  5119  +1.0021344696      8209  +1.0020751953  -5.927e-05
  5120  +1.0021391799      8210  +1.0021972656  +5.809e-05
  5121  +1.0021439005      8210  +1.0021972656  +5.337e-05
  5122  +1.0021486316      8210  +1.0021972656  +4.863e-05
  5123  +1.0021533732      8210  +1.0021972656  +4.389e-05
  5124  +1.0021581252      8210  +1.0021972656  +3.914e-05
  5125  +1.0021628878      8210  +1.0021972656  +3.438e-05
  5126  +1.0021676609      8210  +1.0021972656  +2.960e-05
  5127  +1.0021724445      8210  +1.0021972656  +2.482e-05
  5128  +1.0021772387      8210  +1.0021972656  +2.003e-05
  5129  +1.0021820435      8210  +1.0021972656  +1.522e-05
  5130  +1.0021868589      8210  +1.0021972656  +1.041e-05
  5131  +1.0021916850      8210  +1.0021972656  +5.581e-06
  5132  +1.0021965218      8210  +1.0021972656  +7.439e-07
  5133  +1.0022013692      8210  +1.0021972656  -4.104e-06
  5134  +1.0022062273      8210  +1.0021972656  -8.962e-06
  5135  +1.0022110962      8210  +1.0021972656  -1.383e-05
  5136  +1.0022159759      8210  +1.0021972656  -1.871e-05
  5137  +1.0022208663      8210  +1.0021972656  -2.360e-05
  5138  +1.0022257676      8210  +1.0021972656  -2.850e-05
  5139  +1.0022306797      8210  +1.0021972656  -3.341e-05
  5140  +1.0022356026      8210  +1.0021972656  -3.834e-05
  5141  +1.0022405365      8210  +1.0021972656  -4.327e-05
  5142  +1.0022454812      8210  +1.0021972656  -4.822e-05
  5143  +1.0022504369      8210  +1.0021972656  -5.317e-05
  5144  +1.0022554036      8210  +1.0021972656  -5.814e-05
  5145  +1.0022603812      8211  +1.0023193359  +5.895e-05
  5146  +1.0022653698      8211  +1.0023193359  +5.397e-05
  5147  +1.0022703695      8211  +1.0023193359  +4.897e-05
  5148  +1.0022753802      8211  +1.0023193359  +4.396e-05
  5149  +1.0022804020      8211  +1.0023193359  +3.893e-05
  5150  +1.0022854349      8211  +1.0023193359  +3.390e-05
  5151  +1.0022904789      8211  +1.0023193359  +2.886e-05
  5152  +1.0022955341      8211  +1.0023193359  +2.380e-05
  5153  +1.0023006004      8211  +1.0023193359  +1.874e-05
  5154  +1.0023056780      8211  +1.0023193359  +1.366e-05
  5155  +1.0023107668      8211  +1.0023193359  +8.569e-06
  5156  +1.0023158668      8211  +1.0023193359  +3.469e-06
  5157  +1.0023209781      8211  +1.0023193359  -1.642e-06
  5158  +1.0023261007      8211  +1.0023193359  -6.765e-06
  5159  +1.0023312347      8211  +1.0023193359  -1.190e-05
  5160  +1.0023363800      8211  +1.0023193359  -1.704e-05
  5161  +1.0023415367      8211  +1.0023193359  -2.220e-05
  5162  +1.0023467047      8211  +1.0023193359  -2.737e-05
  5163  +1.0023518842      8211  +1.0023193359  -3.255e-05
  5164  +1.0023570752      8211  +1.0023193359  -3.774e-05
  5165  +1.0023622776      8211  +1.0023193359  -4.294e-05
  5166  +1.0023674916      8211  +1.0023193359  -4.816e-05
  5167  +1.0023727171      8211  +1.0023193359  -5.338e-05
  5168  +1.0023779541      8211  +1.0023193359  -5.862e-05
  5169  +1.0023832027      8212  +1.0024414062  +5.820e-05
  5170  +1.0023884629      8212  +1.0024414062  +5.294e-05
  5171  +1.0023937348      8212  +1.0024414062  +4.767e-05
  5172  +1.0023990183      8212  +1.0024414062  +4.239e-05
  5173  +1.0024043135      8212  +1.0024414062  +3.709e-05
  5174  +1.0024096204      8212  +1.0024414062  +3.179e-05
  5175  +1.0024149391      8212  +1.0024414062  +2.647e-05
  5176  +1.0024202695      8212  +1.0024414062  +2.114e-05
  5177  +1.0024256117      8212  +1.0024414062  +1.579e-05
  5178  +1.0024309657      8212  +1.0024414062  +1.044e-05
  5179  +1.0024363315      8212  +1.0024414062  +5.075e-06
  5180  +1.0024417093      8212  +1.0024414062  -3.030e-07
  5181  +1.0024470989      8212  +1.0024414062  -5.693e-06
  5182  +1.0024525004      8212  +1.0024414062  -1.109e-05
  5183  +1.0024579139      8212  +1.0024414062  -1.651e-05
  5184  +1.0024633394      8212  +1.0024414062  -2.193e-05
  5185  +1.0024687768      8212  +1.0024414062  -2.737e-05
  5186  +1.0024742263      8212  +1.0024414062  -3.282e-05
  5187  +1.0024796879      8212  +1.0024414062  -3.828e-05
  5188  +1.0024851615      8212  +1.0024414062  -4.376e-05
  5189  +1.0024906472      8212  +1.0024414062  -4.924e-05
  5190  +1.0024961451      8212  +1.0024414062  -5.474e-05
  5191  +1.0025016551      8212  +1.0024414062  -6.025e-05
  5192  +1.0025071773      8213  +1.0025634766  +5.630e-05
  5193  +1.0025127117      8213  +1.0025634766  +5.076e-05
  5194  +1.0025182584      8213  +1.0025634766  +4.522e-05
  5195  +1.0025238173      8213  +1.0025634766  +3.966e-05
  5196  +1.0025293885      8213  +1.0025634766  +3.409e-05
  5197  +1.0025349721      8213  +1.0025634766  +2.850e-05
  5198  +1.0025405680      8213  +1.0025634766  +2.291e-05
  5199  +1.0025461763      8213  +1.0025634766  +1.730e-05
  5200  +1.0025517970      8213  +1.0025634766  +1.168e-05
  5201  +1.0025574301      8213  +1.0025634766  +6.046e-06
  5202  +1.0025630757      8213  +1.0025634766  +4.009e-07
  5203  +1.0025687338      8213  +1.0025634766  -5.257e-06
  5204  +1.0025744044      8213  +1.0025634766  -1.093e-05
  5205  +1.0025800875      8213  +1.0025634766  -1.661e-05
  5206  +1.0025857832      8213  +1.0025634766  -2.231e-05
  5207  +1.0025914915      8213  +1.0025634766  -2.801e-05
  5208  +1.0025972124      8213  +1.0025634766  -3.374e-05
  5209  +1.0026029460      8213  +1.0025634766  -3.947e-05
  5210  +1.0026086923      8213  +1.0025634766  -4.522e-05
  5211  +1.0026144513      8213  +1.0025634766  -5.097e-05
  5212  +1.0026202230      8213  +1.0025634766  -5.675e-05
  5213  +1.0026260075      8214  +1.0026855469  +5.954e-05
  5214  +1.0026318048      8214  +1.0026855469  +5.374e-05
  5215  +1.0026376150      8214  +1.0026855469  +4.793e-05
  5216  +1.0026434379      8214  +1.0026855469  +4.211e-05
  5217  +1.0026492738      8214  +1.0026855469  +3.627e-05
  5218  +1.0026551226      8214  +1.0026855469  +3.042e-05
  5219  +1.0026609843      8214  +1.0026855469  +2.456e-05
  5220  +1.0026668590      8214  +1.0026855469  +1.869e-05
  5221  +1.0026727467      8214  +1.0026855469  +1.280e-05
  5222  +1.0026786474      8214  +1.0026855469  +6.899e-06
  5223  +1.0026845611      8214  +1.0026855469  +9.857e-07
  5224  +1.0026904880      8214  +1.0026855469  -4.941e-06
  5225  +1.0026964280      8214  +1.0026855469  -1.088e-05
  5226  +1.0027023811      8214  +1.0026855469  -1.683e-05
  5227  +1.0027083473      8214  +1.0026855469  -2.280e-05
  5228  +1.0027143268      8214  +1.0026855469  -2.878e-05
  5229  +1.0027203195      8214  +1.0026855469  -3.477e-05
  5230  +1.0027263255      8214  +1.0026855469  -4.078e-05
  5231  +1.0027323448      8214  +1.0026855469  -4.680e-05
  5232  +1.0027383773      8214  +1.0026855469  -5.283e-05
  5233  +1.0027444233      8214  +1.0026855469  -5.888e-05
  5234  +1.0027504826      8215  +1.0028076172  +5.713e-05
  5235  +1.0027565553      8215  +1.0028076172  +5.106e-05
  5236  +1.0027626415      8215  +1.0028076172  +4.498e-05
  5237  +1.0027687411      8215  +1.0028076172  +3.888e-05
  5238  +1.0027748542      8215  +1.0028076172  +3.276e-05
  5239  +1.0027809808      8215  +1.0028076172  +2.664e-05
  5240  +1.0027871211      8215  +1.0028076172  +2.050e-05
  5241  +1.0027932749      8215  +1.0028076172  +1.434e-05
  5242  +1.0027994423      8215  +1.0028076172  +8.175e-06
  5243  +1.0028056233      8215  +1.0028076172  +1.994e-06
  5244  +1.0028118181      8215  +1.0028076172  -4.201e-06
  5245  +1.0028180265      8215  +1.0028076172  -1.041e-05
  5246  +1.0028242487      8215  +1.0028076172  -1.663e-05
  5247  +1.0028304847      8215  +1.0028076172  -2.287e-05
  5248  +1.0028367344      8215  +1.0028076172  -2.912e-05
  5249  +1.0028429980      8215  +1.0028076172  -3.538e-05
  5250  +1.0028492755      8215  +1.0028076172  -4.166e-05
  5251  +1.0028555668      8215  +1.0028076172  -4.795e-05
  5252  +1.0028618721      8215  +1.0028076172  -5.425e-05
  5253  +1.0028681913      8215  +1.0028076172  -6.057e-05
  5254  +1.0028745245      8216  +1.0029296875  +5.516e-05
  5255  +1.0028808718      8216  +1.0029296875  +4.882e-05
  5256  +1.0028872331      8216  +1.0029296875  +4.245e-05
  5257  +1.0028936084      8216  +1.0029296875  +3.608e-05
  5258  +1.0028999979      8216  +1.0029296875  +2.969e-05
  5259  +1.0029064015      8216  +1.0029296875  +2.329e-05
  5260  +1.0029128193      8216  +1.0029296875  +1.687e-05
  5261  +1.0029192513      8216  +1.0029296875  +1.044e-05
  5262  +1.0029256975      8216  +1.0029296875  +3.990e-06
  5263  +1.0029321580      8216  +1.0029296875  -2.471e-06
  5264  +1.0029386328      8216  +1.0029296875  -8.945e-06
  5265  +1.0029451219      8216  +1.0029296875  -1.543e-05
  5266  +1.0029516254      8216  +1.0029296875  -2.194e-05
  5267  +1.0029581433      8216  +1.0029296875  -2.846e-05
  5268  +1.0029646757      8216  +1.0029296875  -3.499e-05
  5269  +1.0029712224      8216  +1.0029296875  -4.153e-05
  5270  +1.0029777837      8216  +1.0029296875  -4.810e-05
  5271  +1.0029843595      8216  +1.0029296875  -5.467e-05
  5272  +1.0029909498      8217  +1.0030517578  +6.081e-05
  5273  +1.0029975548      8217  +1.0030517578  +5.420e-05
  5274  +1.0030041744      8217  +1.0030517578  +4.758e-05
  5275  +1.0030108086      8217  +1.0030517578  +4.095e-05
  5276  +1.0030174575      8217  +1.0030517578  +3.430e-05
  5277  +1.0030241211      8217  +1.0030517578  +2.764e-05
  5278  +1.0030307995      8217  +1.0030517578  +2.096e-05
  5279  +1.0030374926      8217  +1.0030517578  +1.427e-05
  5280  +1.0030442006      8217  +1.0030517578  +7.557e-06
  5281  +1.0030509235      8217  +1.0030517578  +8.344e-07
  5282  +1.0030576612      8217  +1.0030517578  -5.903e-06
  5283  +1.0030644138      8217  +1.0030517578  -1.266e-05
  5284  +1.0030711814      8217  +1.0030517578  -1.942e-05
  5285  +1.0030779639      8217  +1.0030517578  -2.621e-05
  5286  +1.0030847615      8217  +1.0030517578  -3.300e-05
  5287  +1.0030915742      8217  +1.0030517578  -3.982e-05
  5288  +1.0030984019      8217  +1.0030517578  -4.664e-05
  5289  +1.0031052447      8217  +1.0030517578  -5.349e-05
  5290  +1.0031121027      8217  +1.0030517578  -6.034e-05
  5291  +1.0031189759      8218  +1.0031738281  +5.485e-05
  5292  +1.0031258642      8218  +1.0031738281  +4.796e-05
  5293  +1.0031327679      8218  +1.0031738281  +4.106e-05
  5294  +1.0031396868      8218  +1.0031738281  +3.414e-05
  5295  +1.0031466211      8218  +1.0031738281  +2.721e-05
  5296  +1.0031535707      8218  +1.0031738281  +2.026e-05
  5297  +1.0031605356      8218  +1.0031738281  +1.329e-05
  5298  +1.0031675161      8218  +1.0031738281  +6.312e-06
  5299  +1.0031745119      8218  +1.0031738281  -6.838e-07
  5300  +1.0031815233      8218  +1.0031738281  -7.695e-06
  5301  +1.0031885502      8218  +1.0031738281  -1.472e-05
  5302  +1.0031955926      8218  +1.0031738281  -2.176e-05
  5303  +1.0032026507      8218  +1.0031738281  -2.882e-05
  5304  +1.0032097243      8218  +1.0031738281  -3.590e-05
  5305  +1.0032168137      8218  +1.0031738281  -4.299e-05
  5306  +1.0032239187      8218  +1.0031738281  -5.009e-05
  5307  +1.0032310395      8218  +1.0031738281  -5.721e-05
  5308  +1.0032381760      8219  +1.0032958984  +5.772e-05
  5309  +1.0032453284      8219  +1.0032958984  +5.057e-05
  5310  +1.0032524966      8219  +1.0032958984  +4.340e-05
  5311  +1.0032596806      8219  +1.0032958984  +3.622e-05
  5312  +1.0032668806      8219  +1.0032958984  +2.902e-05
  5313  +1.0032740965      8219  +1.0032958984  +2.180e-05
  5314  +1.0032813284      8219  +1.0032958984  +1.457e-05
  5315  +1.0032885763      8219  +1.0032958984  +7.322e-06
  5316  +1.0032958403      8219  +1.0032958984  +5.815e-08
  5317  +1.0033031203      8219  +1.0032958984  -7.222e-06
  5318  +1.0033104165      8219  +1.0032958984  -1.452e-05
  5319  +1.0033177289      8219  +1.0032958984  -2.183e-05
  5320  +1.0033250574      8219  +1.0032958984  -2.916e-05
  5321  +1.0033324022      8219  +1.0032958984  -3.650e-05
  5322  +1.0033397632      8219  +1.0032958984  -4.386e-05
  5323  +1.0033471406      8219  +1.0032958984  -5.124e-05
  5324  +1.0033545342      8219  +1.0032958984  -5.864e-05
  5325  +1.0033619443      8220  +1.0034179688  +5.602e-05
  5326  +1.0033693708      8220  +1.0034179688  +4.860e-05
  5327  +1.0033768137      8220  +1.0034179688  +4.116e-05
  5328  +1.0033842731      8220  +1.0034179688  +3.370e-05
  5329  +1.0033917490      8220  +1.0034179688  +2.622e-05
  5330  +1.0033992415      8220  +1.0034179688  +1.873e-05
  5331  +1.0034067506      8220  +1.0034179688  +1.122e-05
  5332  +1.0034142764      8220  +1.0034179688  +3.692e-06
  5333  +1.0034218188      8220  +1.0034179688  -3.850e-06
  5334  +1.0034293779      8220  +1.0034179688  -1.141e-05
  5335  +1.0034369537      8220  +1.0034179688  -1.898e-05
  5336  +1.0034445464      8220  +1.0034179688  -2.658e-05
  5337  +1.0034521558      8220  +1.0034179688  -3.419e-05
  5338  +1.0034597821      8220  +1.0034179688  -4.181e-05
  5339  +1.0034674253      8220  +1.0034179688  -4.946e-05
  5340  +1.0034750855      8220  +1.0034179688  -5.712e-05
  5341  +1.0034827626      8221  +1.0035400391  +5.728e-05
  5342  +1.0034904567      8221  +1.0035400391  +4.958e-05
  5343  +1.0034981679      8221  +1.0035400391  +4.187e-05
  5344  +1.0035058962      8221  +1.0035400391  +3.414e-05
  5345  +1.0035136415      8221  +1.0035400391  +2.640e-05
  5346  +1.0035214041      8221  +1.0035400391  +1.863e-05
  5347  +1.0035291838      8221  +1.0035400391  +1.086e-05
  5348  +1.0035369808      8221  +1.0035400391  +3.058e-06
  5349  +1.0035447950      8221  +1.0035400391  -4.756e-06
  5350  +1.0035526266      8221  +1.0035400391  -1.259e-05
  5351  +1.0035604755      8221  +1.0035400391  -2.044e-05
  5352  +1.0035683418      8221  +1.0035400391  -2.830e-05
  5353  +1.0035762256      8221  +1.0035400391  -3.619e-05
  5354  +1.0035841268      8221  +1.0035400391  -4.409e-05
  5355  +1.0035920455      8221  +1.0035400391  -5.201e-05
  5356  +1.0035999817      8221  +1.0035400391  -5.994e-05
  5357  +1.0036079356      8222  +1.0036621094  +5.417e-05
  5358  +1.0036159071      8222  +1.0036621094  +4.620e-05
  5359  +1.0036238962      8222  +1.0036621094  +3.821e-05
  5360  +1.0036319031      8222  +1.0036621094  +3.021e-05
  5361  +1.0036399276      8222  +1.0036621094  +2.218e-05
  5362  +1.0036479700      8222  +1.0036621094  +1.414e-05
  5363  +1.0036560302      8222  +1.0036621094  +6.079e-06
  5364  +1.0036641083      8222  +1.0036621094  -1.999e-06
  5365  +1.0036722042      8222  +1.0036621094  -1.009e-05
  5366  +1.0036803181      8222  +1.0036621094  -1.821e-05
  5367  +1.0036884500      8222  +1.0036621094  -2.634e-05
  5368  +1.0036965999      8222  +1.0036621094  -3.449e-05
  5369  +1.0037047679      8222  +1.0036621094  -4.266e-05
  5370  +1.0037129539      8222  +1.0036621094  -5.084e-05
  5371  +1.0037211582      8222  +1.0036621094  -5.905e-05
  5372  +1.0037293806      8223  +1.0037841797  +5.480e-05
  5373  +1.0037376212      8223  +1.0037841797  +4.656e-05
  5374  +1.0037458801      8223  +1.0037841797  +3.830e-05
  5375  +1.0037541572      8223  +1.0037841797  +3.002e-05
  5376  +1.0037624528      8223  +1.0037841797  +2.173e-05
  5377  +1.0037707667      8223  +1.0037841797  +1.341e-05
  5378  +1.0037790991      8223  +1.0037841797  +5.081e-06
  5379  +1.0037874499      8223  +1.0037841797  -3.270e-06
  5380  +1.0037958192      8223  +1.0037841797  -1.164e-05
  5381  +1.0038042071      8223  +1.0037841797  -2.003e-05
  5382  +1.0038126136      8223  +1.0037841797  -2.843e-05
  5383  +1.0038210387      8223  +1.0037841797  -3.686e-05
  5384  +1.0038294825      8223  +1.0037841797  -4.530e-05
  5385  +1.0038379450      8223  +1.0037841797  -5.377e-05
  5386  +1.0038464263      8224  +1.0039062500  +5.982e-05
  5387  +1.0038549263      8224  +1.0039062500  +5.132e-05
  5388  +1.0038634452      8224  +1.0039062500  +4.280e-05
  5389  +1.0038719830      8224  +1.0039062500  +3.427e-05
  5390  +1.0038805397      8224  +1.0039062500  +2.571e-05
  5391  +1.0038891154      8224  +1.0039062500  +1.713e-05
  5392  +1.0038977101      8224  +1.0039062500  +8.540e-06
  5393  +1.0039063239      8224  +1.0039062500  -7.391e-08
  5394  +1.0039149568      8224  +1.0039062500  -8.707e-06
  5395  +1.0039236088      8224  +1.0039062500  -1.736e-05
  5396  +1.0039322799      8224  +1.0039062500  -2.603e-05
  5397  +1.0039409703      8224  +1.0039062500  -3.472e-05
  5398  +1.0039496800      8224  +1.0039062500  -4.343e-05
  5399  +1.0039584090      8224  +1.0039062500  -5.216e-05
  5400  +1.0039671573      8224  +1.0039062500  -6.091e-05
  5401  +1.0039759251      8225  +1.0040283203  +5.240e-05
  5402  +1.0039847122      8225  +1.0040283203  +4.361e-05
  5403  +1.0039935189      8225  +1.0040283203  +3.480e-05
  5404  +1.0040023451      8225  +1.0040283203  +2.598e-05
  5405  +1.0040111909      8225  +1.0040283203  +1.713e-05
  5406  +1.0040200562      8225  +1.0040283203  +8.264e-06
  5407  +1.0040289413      8225  +1.0040283203  -6.209e-07
  5408  +1.0040378460      8225  +1.0040283203  -9.526e-06
  5409  +1.0040467705      8225  +1.0040283203  -1.845e-05
  5410  +1.0040557147      8225  +1.0040283203  -2.739e-05
  5411  +1.0040646789      8225  +1.0040283203  -3.636e-05
  5412  +1.0040736628      8225  +1.0040283203  -4.534e-05
  5413  +1.0040826667      8225  +1.0040283203  -5.435e-05
  5414  +1.0040916906      8226  +1.0041503906  +5.870e-05
  5415  +1.0041007345      8226  +1.0041503906  +4.966e-05
  5416  +1.0041097985      8226  +1.0041503906  +4.059e-05
  5417  +1.0041188825      8226  +1.0041503906  +3.151e-05
  5418  +1.0041279867      8226  +1.0041503906  +2.240e-05
  5419  +1.0041371111      8226  +1.0041503906  +1.328e-05
  5420  +1.0041462557      8226  +1.0041503906  +4.135e-06
  5421  +1.0041554206      8226  +1.0041503906  -5.030e-06
  5422  +1.0041646058      8226  +1.0041503906  -1.422e-05
  5423  +1.0041738114      8226  +1.0041503906  -2.342e-05
  5424  +1.0041830375      8226  +1.0041503906  -3.265e-05
  5425  +1.0041922840      8226  +1.0041503906  -4.189e-05
  5426  +1.0042015509      8226  +1.0041503906  -5.116e-05
  5427  +1.0042108385      8226  +1.0041503906  -6.045e-05
  5428  +1.0042201466      8227  +1.0042724609  +5.231e-05
  5429  +1.0042294754      8227  +1.0042724609  +4.299e-05
  5430  +1.0042388249      8227  +1.0042724609  +3.364e-05
  5431  +1.0042481952      8227  +1.0042724609  +2.427e-05
  5432  +1.0042575862      8227  +1.0042724609  +1.487e-05
  5433  +1.0042669980      8227  +1.0042724609  +5.463e-06
  5434  +1.0042764308      8227  +1.0042724609  -3.970e-06
  5435  +1.0042858844      8227  +1.0042724609  -1.342e-05
  5436  +1.0042953590      8227  +1.0042724609  -2.290e-05
  5437  +1.0043048547      8227  +1.0042724609  -3.239e-05
  5438  +1.0043143714      8227  +1.0042724609  -4.191e-05
  5439  +1.0043239092      8227  +1.0042724609  -5.145e-05
  5440  +1.0043334682      8227  +1.0042724609  -6.101e-05
  5441  +1.0043430484      8228  +1.0043945312  +5.148e-05
  5442  +1.0043526499      8228  +1.0043945312  +4.188e-05
  5443  +1.0043622726      8228  +1.0043945312  +3.226e-05
  5444  +1.0043719167      8228  +1.0043945312  +2.261e-05
  5445  +1.0043815822      8228  +1.0043945312  +1.295e-05
  5446  +1.0043912691      8228  +1.0043945312  +3.262e-06
  5447  +1.0044009776      8228  +1.0043945312  -6.446e-06
  5448  +1.0044107076      8228  +1.0043945312  -1.618e-05
  5449  +1.0044204591      8228  +1.0043945312  -2.593e-05
  5450  +1.0044302323      8228  +1.0043945312  -3.570e-05
  5451  +1.0044400272      8228  +1.0043945312  -4.550e-05
  5452  +1.0044498438      8228  +1.0043945312  -5.531e-05
  5453  +1.0044596823      8229  +1.0045166016  +5.692e-05
  5454  +1.0044695425      8229  +1.0045166016  +4.706e-05
  5455  +1.0044794246      8229  +1.0045166016  +3.718e-05
  5456  +1.0044893287      8229  +1.0045166016  +2.727e-05
  5457  +1.0044992547      8229  +1.0045166016  +1.735e-05
  5458  +1.0045092028      8229  +1.0045166016  +7.399e-06
  5459  +1.0045191729      8229  +1.0045166016  -2.571e-06
  5460  +1.0045291651      8229  +1.0045166016  -1.256e-05
  5461  +1.0045391796      8229  +1.0045166016  -2.258e-05
  5462  +1.0045492162      8229  +1.0045166016  -3.261e-05
  5463  +1.0045592752      8229  +1.0045166016  -4.267e-05
  5464  +1.0045693564      8229  +1.0045166016  -5.275e-05
  5465  +1.0045794601      8230  +1.0046386719  +5.921e-05
  5466  +1.0045895861      8230  +1.0046386719  +4.909e-05
  5467  +1.0045997347      8230  +1.0046386719  +3.894e-05
  5468  +1.0046099057      8230  +1.0046386719  +2.877e-05
  5469  +1.0046200994      8230  +1.0046386719  +1.857e-05
  5470  +1.0046303156      8230  +1.0046386719  +8.356e-06
  5471  +1.0046405546      8230  +1.0046386719  -1.883e-06
  5472  +1.0046508163      8230  +1.0046386719  -1.214e-05
  5473  +1.0046611007      8230  +1.0046386719  -2.243e-05
  5474  +1.0046714080      8230  +1.0046386719  -3.274e-05
  5475  +1.0046817381      8230  +1.0046386719  -4.307e-05
  5476  +1.0046920912      8230  +1.0046386719  -5.342e-05
  5477  +1.0047024673      8231  +1.0047607422  +5.827e-05
  5478  +1.0047128664      8231  +1.0047607422  +4.788e-05
  5479  +1.0047232886      8231  +1.0047607422  +3.745e-05
  5480  +1.0047337339      8231  +1.0047607422  +2.701e-05
  5481  +1.0047442024      8231  +1.0047607422  +1.654e-05
  5482  +1.0047546942      8231  +1.0047607422  +6.048e-06
  5483  +1.0047652092      8231  +1.0047607422  -4.467e-06
  5484  +1.0047757476      8231  +1.0047607422  -1.501e-05
  5485  +1.0047863094      8231  +1.0047607422  -2.557e-05
  5486  +1.0047968947      8231  +1.0047607422  -3.615e-05
  5487  +1.0048075034      8231  +1.0047607422  -4.676e-05
  5488  +1.0048181357      8231  +1.0047607422  -5.739e-05
  5489  +1.0048287916      8232  +1.0048828125  +5.402e-05
  5490  +1.0048394712      8232  +1.0048828125  +4.334e-05
  5491  +1.0048501745      8232  +1.0048828125  +3.264e-05
  5492  +1.0048609015      8232  +1.0048828125  +2.191e-05
  5493  +1.0048716524      8232  +1.0048828125  +1.116e-05
  5494  +1.0048824271      8232  +1.0048828125  +3.854e-07
  5495  +1.0048932258      8232  +1.0048828125  -1.041e-05
  5496  +1.0049040484      8232  +1.0048828125  -2.124e-05
  5497  +1.0049148951      8232  +1.0048828125  -3.208e-05
  5498  +1.0049257659      8232  +1.0048828125  -4.295e-05
  5499  +1.0049366608      8232  +1.0048828125  -5.385e-05
  5500  +1.0049475799      8233  +1.0050048828  +5.730e-05
  5501  +1.0049585232      8233  +1.0050048828  +4.636e-05
  5502  +1.0049694909      8233  +1.0050048828  +3.539e-05
  5503  +1.0049804829      8233  +1.0050048828  +2.440e-05
  5504  +1.0049914993      8233  +1.0050048828  +1.338e-05
  5505  +1.0050025402      8233  +1.0050048828  +2.343e-06
  5506  +1.0050136056      8233  +1.0050048828  -8.723e-06
  5507  +1.0050246956      8233  +1.0050048828  -1.981e-05
  5508  +1.0050358102      8233  +1.0050048828  -3.093e-05
  5509  +1.0050469496      8233  +1.0050048828  -4.207e-05
  5510  +1.0050581136      8233  +1.0050048828  -5.323e-05
  5511  +1.0050693025      8234  +1.0051269531  +5.765e-05
  5512  +1.0050805162      8234  +1.0051269531  +4.644e-05
  5513  +1.0050917548      8234  +1.0051269531  +3.520e-05
  5514  +1.0051030184      8234  +1.0051269531  +2.393e-05
  5515  +1.0051143070      8234  +1.0051269531  +1.265e-05
  5516  +1.0051256206      8234  +1.0051269531  +1.332e-06
  5517  +1.0051369594      8234  +1.0051269531  -1.001e-05
  5518  +1.0051483234      8234  +1.0051269531  -2.137e-05
  5519  +1.0051597127      8234  +1.0051269531  -3.276e-05
  5520  +1.0051711272      8234  +1.0051269531  -4.417e-05
  5521  +1.0051825671      8234  +1.0051269531  -5.561e-05
  5522  +1.0051940325      8235  +1.0052490234  +5.499e-05
  5523  +1.0052055232      8235  +1.0052490234  +4.350e-05
  5524  +1.0052170396      8235  +1.0052490234  +3.198e-05
  5525  +1.0052285815      8235  +1.0052490234  +2.044e-05
  5526  +1.0052401490      8235  +1.0052490234  +8.874e-06
  5527  +1.0052517423      8235  +1.0052490234  -2.719e-06
  5528  +1.0052633613      8235  +1.0052490234  -1.434e-05
  5529  +1.0052750061      8235  +1.0052490234  -2.598e-05
  5530  +1.0052866769      8235  +1.0052490234  -3.765e-05
  5531  +1.0052983735      8235  +1.0052490234  -4.935e-05
  5532  +1.0053100961      8236  +1.0053710938  +6.100e-05
  5533  +1.0053218448      8236  +1.0053710938  +4.925e-05
  5534  +1.0053336196      8236  +1.0053710938  +3.747e-05
  5535  +1.0053454206      8236  +1.0053710938  +2.567e-05
  5536  +1.0053572477      8236  +1.0053710938  +1.385e-05
  5537  +1.0053691012      8236  +1.0053710938  +1.993e-06
  5538  +1.0053809810      8236  +1.0053710938  -9.887e-06
  5539  +1.0053928872      8236  +1.0053710938  -2.179e-05
  5540  +1.0054048199      8236  +1.0053710938  -3.373e-05
  5541  +1.0054167791      8236  +1.0053710938  -4.569e-05
  5542  +1.0054287648      8236  +1.0053710938  -5.767e-05
  5543  +1.0054407772      8237  +1.0054931641  +5.239e-05
  5544  +1.0054528164      8237  +1.0054931641  +4.035e-05
  5545  +1.0054648822      8237  +1.0054931641  +2.828e-05
  5546  +1.0054769749      8237  +1.0054931641  +1.619e-05
  5547  +1.0054890945      8237  +1.0054931641  +4.070e-06
  5548  +1.0055012410      8237  +1.0054931641  -8.077e-06
  5549  +1.0055134145      8237  +1.0054931641  -2.025e-05
  5550  +1.0055256150      8237  +1.0054931641  -3.245e-05
  5551  +1.0055378427      8237  +1.0054931641  -4.468e-05
  5552  +1.0055500976      8237  +1.0054931641  -5.693e-05
  5553  +1.0055623797      8238  +1.0056152344  +5.285e-05
  5554  +1.0055746891      8238  +1.0056152344  +4.055e-05
  5555  +1.0055870259      8238  +1.0056152344  +2.821e-05
  5556  +1.0055993901      8238  +1.0056152344  +1.584e-05
  5557  +1.0056117818      8238  +1.0056152344  +3.453e-06
  5558  +1.0056242010      8238  +1.0056152344  -8.967e-06
  5559  +1.0056366479      8238  +1.0056152344  -2.141e-05
  5560  +1.0056491224      8238  +1.0056152344  -3.389e-05
  5561  +1.0056616246      8238  +1.0056152344  -4.639e-05
  5562  +1.0056741547      8238  +1.0056152344  -5.892e-05
  5563  +1.0056867126      8239  +1.0057373047  +5.059e-05
  5564  +1.0056992985      8239  +1.0057373047  +3.801e-05
  5565  +1.0057119123      8239  +1.0057373047  +2.539e-05
  5566  +1.0057245542      8239  +1.0057373047  +1.275e-05
  5567  +1.0057372242      8239  +1.0057373047  +8.053e-08
  5568  +1.0057499223      8239  +1.0057373047  -1.262e-05
  5569  +1.0057626487      8239  +1.0057373047  -2.534e-05
  5570  +1.0057754034      8239  +1.0057373047  -3.810e-05
  5571  +1.0057881865      8239  +1.0057373047  -5.088e-05
  5572  +1.0058009980      8240  +1.0058593750  +5.838e-05
  5573  +1.0058138379      8240  +1.0058593750  +4.554e-05
  5574  +1.0058267065      8240  +1.0058593750  +3.267e-05
  5575  +1.0058396036      8240  +1.0058593750  +1.977e-05
  5576  +1.0058525295      8240  +1.0058593750  +6.846e-06
  5577  +1.0058654841      8240  +1.0058593750  -6.109e-06
  5578  +1.0058784675      8240  +1.0058593750  -1.909e-05
  5579  +1.0058914798      8240  +1.0058593750  -3.210e-05
  5580  +1.0059045210      8240  +1.0058593750  -4.515e-05
  5581  +1.0059175912      8240  +1.0058593750  -5.822e-05
  5582  +1.0059306905      8241  +1.0059814453  +5.075e-05
  5583  +1.0059438190      8241  +1.0059814453  +3.763e-05
  5584  +1.0059569766      8241  +1.0059814453  +2.447e-05
  5585  +1.0059701635      8241  +1.0059814453  +1.128e-05
  5586  +1.0059833798      8241  +1.0059814453  -1.934e-06
  5587  +1.0059966254      8241  +1.0059814453  -1.518e-05
  5588  +1.0060099005      8241  +1.0059814453  -2.846e-05
  5589  +1.0060232052      8241  +1.0059814453  -4.176e-05
  5590  +1.0060365394      8241  +1.0059814453  -5.509e-05
  5591  +1.0060499033      8242  +1.0061035156  +5.361e-05
  5592  +1.0060632970      8242  +1.0061035156  +4.022e-05
  5593  +1.0060767204      8242  +1.0061035156  +2.680e-05
  5594  +1.0060901738      8242  +1.0061035156  +1.334e-05
  5595  +1.0061036570      8242  +1.0061035156  -1.414e-07
  5596  +1.0061171702      8242  +1.0061035156  -1.365e-05
  5597  +1.0061307136      8242  +1.0061035156  -2.720e-05
  5598  +1.0061442870      8242  +1.0061035156  -4.077e-05
  5599  +1.0061578907      8242  +1.0061035156  -5.438e-05
  5600  +1.0061715246      8243  +1.0062255859  +5.406e-05
  5601  +1.0061851888      8243  +1.0062255859  +4.040e-05
  5602  +1.0061988835      8243  +1.0062255859  +2.670e-05
  5603  +1.0062126087      8243  +1.0062255859  +1.298e-05
  5604  +1.0062263644      8243  +1.0062255859  -7.784e-07
  5605  +1.0062401507      8243  +1.0062255859  -1.456e-05
  5606  +1.0062539676      8243  +1.0062255859  -2.838e-05
  5607  +1.0062678154      8243  +1.0062255859  -4.223e-05
  5608  +1.0062816939      8243  +1.0062255859  -5.611e-05
  5609  +1.0062956034      8244  +1.0063476562  +5.205e-05
  5610  +1.0063095438      8244  +1.0063476562  +3.811e-05
  5611  +1.0063235152      8244  +1.0063476562  +2.414e-05
  5612  +1.0063375177      8244  +1.0063476562  +1.014e-05
  5613  +1.0063515514      8244  +1.0063476562  -3.895e-06
  5614  +1.0063656164      8244  +1.0063476562  -1.796e-05
  5615  +1.0063797126      8244  +1.0063476562  -3.206e-05
  5616  +1.0063938402      8244  +1.0063476562  -4.618e-05
  5617  +1.0064079993      8244  +1.0063476562  -6.034e-05
  5618  +1.0064221899      8245  +1.0064697266  +4.754e-05
  5619  +1.0064364121      8245  +1.0064697266  +3.331e-05
  5620  +1.0064506659      8245  +1.0064697266  +1.906e-05
  5621  +1.0064649515      8245  +1.0064697266  +4.775e-06
  5622  +1.0064792689      8245  +1.0064697266  -9.542e-06
  5623  +1.0064936181      8245  +1.0064697266  -2.389e-05
  5624  +1.0065079993      8245  +1.0064697266  -3.827e-05
  5625  +1.0065224126      8245  +1.0064697266  -5.269e-05
  5626  +1.0065368579      8246  +1.0065917969  +5.494e-05
  5627  +1.0065513354      8246  +1.0065917969  +4.046e-05
  5628  +1.0065658451      8246  +1.0065917969  +2.595e-05
  5629  +1.0065803871      8246  +1.0065917969  +1.141e-05
  5630  +1.0065949615      8246  +1.0065917969  -3.165e-06
  5631  +1.0066095684      8246  +1.0065917969  -1.777e-05
  5632  +1.0066242078      8246  +1.0065917969  -3.241e-05
  5633  +1.0066388798      8246  +1.0065917969  -4.708e-05
  5634  +1.0066535844      8247  +1.0067138672  +6.028e-05
  5635  +1.0066683218      8247  +1.0067138672  +4.555e-05
  5636  +1.0066830921      8247  +1.0067138672  +3.078e-05
  5637  +1.0066978952      8247  +1.0067138672  +1.597e-05
  5638  +1.0067127313      8247  +1.0067138672  +1.136e-06
  5639  +1.0067276004      8247  +1.0067138672  -1.373e-05
  5640  +1.0067425027      8247  +1.0067138672  -2.864e-05
  5641  +1.0067574381      8247  +1.0067138672  -4.357e-05
  5642  +1.0067724069      8247  +1.0067138672  -5.854e-05
  5643  +1.0067874089      8248  +1.0068359375  +4.853e-05
  5644  +1.0068024444      8248  +1.0068359375  +3.349e-05
  5645  +1.0068175134      8248  +1.0068359375  +1.842e-05
  5646  +1.0068326159      8248  +1.0068359375  +3.322e-06
  5647  +1.0068477521      8248  +1.0068359375  -1.181e-05
  5648  +1.0068629220      8248  +1.0068359375  -2.698e-05
  5649  +1.0068781257      8248  +1.0068359375  -4.219e-05
  5650  +1.0068933632      8248  +1.0068359375  -5.743e-05
  5651  +1.0069086348      8249  +1.0069580078  +4.937e-05
  5652  +1.0069239403      8249  +1.0069580078  +3.407e-05
  5653  +1.0069392799      8249  +1.0069580078  +1.873e-05
  5654  +1.0069546538      8249  +1.0069580078  +3.354e-06
  5655  +1.0069700618      8249  +1.0069580078  -1.205e-05
  5656  +1.0069855042      8249  +1.0069580078  -2.750e-05
  5657  +1.0070009810      8249  +1.0069580078  -4.297e-05
  5658  +1.0070164923      8249  +1.0069580078  -5.848e-05
  5659  +1.0070320382      8250  +1.0070800781  +4.804e-05
  5660  +1.0070476187      8250  +1.0070800781  +3.246e-05
  5661  +1.0070632339      8250  +1.0070800781  +1.684e-05
  5662  +1.0070788840      8250  +1.0070800781  +1.194e-06
  5663  +1.0070945689      8250  +1.0070800781  -1.449e-05
  5664  +1.0071102887      8250  +1.0070800781  -3.021e-05
  5665  +1.0071260436      8250  +1.0070800781  -4.597e-05
  5666  +1.0071418336      8251  +1.0072021484  +6.031e-05
  5667  +1.0071576588      8251  +1.0072021484  +4.449e-05
  5668  +1.0071735193      8251  +1.0072021484  +2.863e-05
  5669  +1.0071894151      8251  +1.0072021484  +1.273e-05
  5670  +1.0072053464      8251  +1.0072021484  -3.198e-06
  5671  +1.0072213132      8251  +1.0072021484  -1.916e-05
  5672  +1.0072373155      8251  +1.0072021484  -3.517e-05
  5673  +1.0072533535      8251  +1.0072021484  -5.121e-05
  5674  +1.0072694273      8252  +1.0073242188  +5.479e-05
  5675  +1.0072855369      8252  +1.0073242188  +3.868e-05
  5676  +1.0073016825      8252  +1.0073242188  +2.254e-05
  5677  +1.0073178640      8252  +1.0073242188  +6.355e-06
  5678  +1.0073340816      8252  +1.0073242188  -9.863e-06
  5679  +1.0073503353      8252  +1.0073242188  -2.612e-05
  5680  +1.0073666253      8252  +1.0073242188  -4.241e-05
  5681  +1.0073829517      8252  +1.0073242188  -5.873e-05
  5682  +1.0073993144      8253  +1.0074462891  +4.697e-05
  5683  +1.0074157136      8253  +1.0074462891  +3.058e-05
  5684  +1.0074321493      8253  +1.0074462891  +1.414e-05
  5685  +1.0074486218      8253  +1.0074462891  -2.333e-06
  5686  +1.0074651309      8253  +1.0074462891  -1.884e-05
  5687  +1.0074816769      8253  +1.0074462891  -3.539e-05
  5688  +1.0074982597      8253  +1.0074462891  -5.197e-05
  5689  +1.0075148796      8254  +1.0075683594  +5.348e-05
  5690  +1.0075315365      8254  +1.0075683594  +3.682e-05
  5691  +1.0075482305      8254  +1.0075683594  +2.013e-05
  5692  +1.0075649618      8254  +1.0075683594  +3.398e-06
  5693  +1.0075817304      8254  +1.0075683594  -1.337e-05
  5694  +1.0075985365      8254  +1.0075683594  -3.018e-05
  5695  +1.0076153799      8254  +1.0075683594  -4.702e-05
  5696  +1.0076322610      8255  +1.0076904297  +5.817e-05
  5697  +1.0076491797      8255  +1.0076904297  +4.125e-05
  5698  +1.0076661362      8255  +1.0076904297  +2.429e-05
  5699  +1.0076831305      8255  +1.0076904297  +7.299e-06
  5700  +1.0077001627      8255  +1.0076904297  -9.733e-06
  5701  +1.0077172328      8255  +1.0076904297  -2.680e-05
  5702  +1.0077343411      8255  +1.0076904297  -4.391e-05
  5703  +1.0077514875      8256  +1.0078125000  +6.101e-05
  5704  +1.0077686722      8256  +1.0078125000  +4.383e-05
  5705  +1.0077858953      8256  +1.0078125000  +2.660e-05
  5706  +1.0078031567      8256  +1.0078125000  +9.343e-06
  5707  +1.0078204567      8256  +1.0078125000  -7.957e-06
  5708  +1.0078377953      8256  +1.0078125000  -2.530e-05
  5709  +1.0078551725      8256  +1.0078125000  -4.267e-05
  5710  +1.0078725886      8256  +1.0078125000  -6.009e-05
  5711  +1.0078900435      8257  +1.0079345703  +4.453e-05
  5712  +1.0079075373      8257  +1.0079345703  +2.703e-05
  5713  +1.0079250702      8257  +1.0079345703  +9.500e-06
  5714  +1.0079426422      8257  +1.0079345703  -8.072e-06
  5715  +1.0079602535      8257  +1.0079345703  -2.568e-05
  5716  +1.0079779040      8257  +1.0079345703  -4.333e-05
  5717  +1.0079955939      8257  +1.0079345703  -6.102e-05
  5718  +1.0080133233      8258  +1.0080566406  +4.332e-05
  5719  +1.0080310923      8258  +1.0080566406  +2.555e-05
  5720  +1.0080489010      8258  +1.0080566406  +7.740e-06
  5721  +1.0080667494      8258  +1.0080566406  -1.011e-05
  5722  +1.0080846376      8258  +1.0080566406  -2.800e-05
  5723  +1.0081025658      8258  +1.0080566406  -4.593e-05
  5724  +1.0081205340      8259  +1.0081787109  +5.818e-05
  5725  +1.0081385423      8259  +1.0081787109  +4.017e-05
  5726  +1.0081565908      8259  +1.0081787109  +2.212e-05
  5727  +1.0081746796      8259  +1.0081787109  +4.031e-06
  5728  +1.0081928087      8259  +1.0081787109  -1.410e-05
  5729  +1.0082109784      8259  +1.0081787109  -3.227e-05
  5730  +1.0082291886      8259  +1.0081787109  -5.048e-05
  5731  +1.0082474395      8260  +1.0083007812  +5.334e-05
  5732  +1.0082657311      8260  +1.0083007812  +3.505e-05
  5733  +1.0082840636      8260  +1.0083007812  +1.672e-05
  5734  +1.0083024370      8260  +1.0083007812  -1.656e-06
  5735  +1.0083208515      8260  +1.0083007812  -2.007e-05
  5736  +1.0083393070      8260  +1.0083007812  -3.853e-05
  5737  +1.0083578038      8260  +1.0083007812  -5.702e-05
  5738  +1.0083763419      8261  +1.0084228516  +4.651e-05
  5739  +1.0083949214      8261  +1.0084228516  +2.793e-05
  5740  +1.0084135423      8261  +1.0084228516  +9.309e-06
  5741  +1.0084322049      8261  +1.0084228516  -9.353e-06
  5742  +1.0084509092      8261  +1.0084228516  -2.806e-05
  5743  +1.0084696552      8261  +1.0084228516  -4.680e-05
  5744  +1.0084884431      8262  +1.0085449219  +5.648e-05
  5745  +1.0085072729      8262  +1.0085449219  +3.765e-05
  5746  +1.0085261449      8262  +1.0085449219  +1.878e-05
  5747  +1.0085450590      8262  +1.0085449219  -1.371e-07
  5748  +1.0085640153      8262  +1.0085449219  -1.909e-05
  5749  +1.0085830140      8262  +1.0085449219  -3.809e-05
  5750  +1.0086020551      8262  +1.0085449219  -5.713e-05
  5751  +1.0086211388      8263  +1.0086669922  +4.585e-05
  5752  +1.0086402651      8263  +1.0086669922  +2.673e-05
  5753  +1.0086594341      8263  +1.0086669922  +7.558e-06
  5754  +1.0086786460      8263  +1.0086669922  -1.165e-05
  5755  +1.0086979008      8263  +1.0086669922  -3.091e-05
  5756  +1.0087171986      8263  +1.0086669922  -5.021e-05
  5757  +1.0087365395      8264  +1.0087890625  +5.252e-05
  5758  +1.0087559237      8264  +1.0087890625  +3.314e-05
  5759  +1.0087753512      8264  +1.0087890625  +1.371e-05
  5760  +1.0087948221      8264  +1.0087890625  -5.760e-06
  5761  +1.0088143365      8264  +1.0087890625  -2.527e-05
  5762  +1.0088338945      8264  +1.0087890625  -4.483e-05
  5763  +1.0088534962      8265  +1.0089111328  +5.764e-05
  5764  +1.0088731418      8265  +1.0089111328  +3.799e-05
  5765  +1.0088928312      8265  +1.0089111328  +1.830e-05
  5766  +1.0089125647      8265  +1.0089111328  -1.432e-06
  5767  +1.0089323422      8265  +1.0089111328  -2.121e-05
  5768  +1.0089521640      8265  +1.0089111328  -4.103e-05
  5769  +1.0089720301      8265  +1.0089111328  -6.090e-05
  5770  +1.0089919406      8266  +1.0090332031  +4.126e-05
  5771  +1.0090118956      8266  +1.0090332031  +2.131e-05
  5772  +1.0090318952      8266  +1.0090332031  +1.308e-06
  5773  +1.0090519396      8266  +1.0090332031  -1.874e-05
  5774  +1.0090720287      8266  +1.0090332031  -3.883e-05
  5775  +1.0090921628      8266  +1.0090332031  -5.896e-05
  5776  +1.0091123418      8267  +1.0091552734  +4.293e-05
  5777  +1.0091325660      8267  +1.0091552734  +2.271e-05
  5778  +1.0091528355      8267  +1.0091552734  +2.438e-06
  5779  +1.0091731502      8267  +1.0091552734  -1.788e-05
  5780  +1.0091935104      8267  +1.0091552734  -3.824e-05
  5781  +1.0092139161      8267  +1.0091552734  -5.864e-05
  5782  +1.0092343674      8268  +1.0092773438  +4.298e-05
  5783  +1.0092548645      8268  +1.0092773438  +2.248e-05
  5784  +1.0092754074      8268  +1.0092773438  +1.936e-06
  5785  +1.0092959963      8268  +1.0092773438  -1.865e-05
  5786  +1.0093166312      8268  +1.0092773438  -3.929e-05
  5787  +1.0093373123      8268  +1.0092773438  -5.997e-05
  5788  +1.0093580396      8269  +1.0093994141  +4.137e-05
  5789  +1.0093788133      8269  +1.0093994141  +2.060e-05
  5790  +1.0093996335      8269  +1.0093994141  -2.194e-07
  5791  +1.0094205002      8269  +1.0093994141  -2.109e-05
  5792  +1.0094414136      8269  +1.0093994141  -4.200e-05
  5793  +1.0094623738      8270  +1.0095214844  +5.911e-05
  5794  +1.0094833809      8270  +1.0095214844  +3.810e-05
  5795  +1.0095044350      8270  +1.0095214844  +1.705e-05
  5796  +1.0095255362      8270  +1.0095214844  -4.052e-06
  5797  +1.0095466847      8270  +1.0095214844  -2.520e-05
  5798  +1.0095678804      8270  +1.0095214844  -4.640e-05
  5799  +1.0095891236      8271  +1.0096435547  +5.443e-05
  5800  +1.0096104143      8271  +1.0096435547  +3.314e-05
  5801  +1.0096317526      8271  +1.0096435547  +1.180e-05
  5802  +1.0096531387      8271  +1.0096435547  -9.584e-06
  5803  +1.0096745727      8271  +1.0096435547  -3.102e-05
  5804  +1.0096960546      8271  +1.0096435547  -5.250e-05
  5805  +1.0097175846      8272  +1.0097656250  +4.804e-05
  5806  +1.0097391628      8272  +1.0097656250  +2.646e-05
  5807  +1.0097607893      8272  +1.0097656250  +4.836e-06
  5808  +1.0097824642      8272  +1.0097656250  -1.684e-05
  5809  +1.0098041877      8272  +1.0097656250  -3.856e-05
  5810  +1.0098259597      8272  +1.0097656250  -6.033e-05
  5811  +1.0098477805      8273  +1.0098876953  +3.991e-05
  5812  +1.0098696501      8273  +1.0098876953  +1.805e-05
  5813  +1.0098915687      8273  +1.0098876953  -3.873e-06
  5814  +1.0099135364      8273  +1.0098876953  -2.584e-05
  5815  +1.0099355532      8273  +1.0098876953  -4.786e-05
  5816  +1.0099576194      8274  +1.0100097656  +5.215e-05
  5817  +1.0099797350      8274  +1.0100097656  +3.003e-05
  5818  +1.0100019000      8274  +1.0100097656  +7.866e-06
  5819  +1.0100241147      8274  +1.0100097656  -1.435e-05
  5820  +1.0100463792      8274  +1.0100097656  -3.661e-05
  5821  +1.0100686935      8274  +1.0100097656  -5.893e-05
  5822  +1.0100910578      8275  +1.0101318359  +4.078e-05
  5823  +1.0101134721      8275  +1.0101318359  +1.836e-05
  5824  +1.0101359367      8275  +1.0101318359  -4.101e-06
  5825  +1.0101584516      8275  +1.0101318359  -2.662e-05
  5826  +1.0101810169      8275  +1.0101318359  -4.918e-05
  5827  +1.0102036328      8276  +1.0102539062  +5.027e-05
  5828  +1.0102262993      8276  +1.0102539062  +2.761e-05
  5829  +1.0102490166      8276  +1.0102539062  +4.890e-06
  5830  +1.0102717847      8276  +1.0102539062  -1.788e-05
  5831  +1.0102946039      8276  +1.0102539062  -4.070e-05
  5832  +1.0103174742      8277  +1.0103759766  +5.850e-05
  5833  +1.0103403958      8277  +1.0103759766  +3.558e-05
  5834  +1.0103633687      8277  +1.0103759766  +1.261e-05
  5835  +1.0103863930      8277  +1.0103759766  -1.042e-05
  5836  +1.0104094690      8277  +1.0103759766  -3.349e-05
  5837  +1.0104325967      8277  +1.0103759766  -5.662e-05
  5838  +1.0104557761      8278  +1.0104980469  +4.227e-05
  5839  +1.0104790076      8278  +1.0104980469  +1.904e-05
  5840  +1.0105022911      8278  +1.0104980469  -4.244e-06
  5841  +1.0105256267      8278  +1.0104980469  -2.758e-05
  5842  +1.0105490147      8278  +1.0104980469  -5.097e-05
  5843  +1.0105724551      8279  +1.0106201172  +4.766e-05
  5844  +1.0105959480      8279  +1.0106201172  +2.417e-05
  5845  +1.0106194936      8279  +1.0106201172  +6.236e-07
  5846  +1.0106430919      8279  +1.0106201172  -2.297e-05
  5847  +1.0106667432      8279  +1.0106201172  -4.663e-05
  5848  +1.0106904475      8280  +1.0107421875  +5.174e-05
  5849  +1.0107142049      8280  +1.0107421875  +2.798e-05
  5850  +1.0107380156      8280  +1.0107421875  +4.172e-06
  5851  +1.0107618796      8280  +1.0107421875  -1.969e-05
  5852  +1.0107857972      8280  +1.0107421875  -4.361e-05
  5853  +1.0108097683      8281  +1.0108642578  +5.449e-05
  5854  +1.0108337933      8281  +1.0108642578  +3.046e-05
  5855  +1.0108578721      8281  +1.0108642578  +6.386e-06
  5856  +1.0108820048      8281  +1.0108642578  -1.775e-05
  5857  +1.0109061917      8281  +1.0108642578  -4.193e-05
  5858  +1.0109304329      8282  +1.0109863281  +5.590e-05
  5859  +1.0109547284      8282  +1.0109863281  +3.160e-05
  5860  +1.0109790784      8282  +1.0109863281  +7.250e-06
  5861  +1.0110034830      8282  +1.0109863281  -1.715e-05
  5862  +1.0110279423      8282  +1.0109863281  -4.161e-05
  5863  +1.0110524566      8283  +1.0111083984  +5.594e-05
  5864  +1.0110770257      8283  +1.0111083984  +3.137e-05
  5865  +1.0111016500      8283  +1.0111083984  +6.748e-06
  5866  +1.0111263296      8283  +1.0111083984  -1.793e-05
  5867  +1.0111510645      8283  +1.0111083984  -4.267e-05
  5868  +1.0111758549      8284  +1.0112304688  +5.461e-05
  5869  +1.0112007009      8284  +1.0112304688  +2.977e-05
  5870  +1.0112256027      8284  +1.0112304688  +4.866e-06
  5871  +1.0112505603      8284  +1.0112304688  -2.009e-05
  5872  +1.0112755739      8284  +1.0112304688  -4.511e-05
  5873  +1.0113006437      8285  +1.0113525391  +5.190e-05
  5874  +1.0113257697      8285  +1.0113525391  +2.677e-05
  5875  +1.0113509521      8285  +1.0113525391  +1.587e-06
  5876  +1.0113761910      8285  +1.0113525391  -2.365e-05
  5877  +1.0114014866      8285  +1.0113525391  -4.895e-05
  5878  +1.0114268389      8286  +1.0114746094  +4.777e-05
  5879  +1.0114522481      8286  +1.0114746094  +2.236e-05
  5880  +1.0114777144      8286  +1.0114746094  -3.105e-06
  5881  +1.0115032378      8286  +1.0114746094  -2.863e-05
  5882  +1.0115288185      8286  +1.0114746094  -5.421e-05
  5883  +1.0115544566      8287  +1.0115966797  +4.222e-05
  5884  +1.0115801523      8287  +1.0115966797  +1.653e-05
  5885  +1.0116059057      8287  +1.0115966797  -9.226e-06
  5886  +1.0116317169      8287  +1.0115966797  -3.504e-05
  5887  +1.0116575860      8287  +1.0115966797  -6.091e-05
  5888  +1.0116835132      8288  +1.0117187500  +3.524e-05
  5889  +1.0117094987      8288  +1.0117187500  +9.251e-06
  5890  +1.0117355425      8288  +1.0117187500  -1.679e-05
  5891  +1.0117616447      8288  +1.0117187500  -4.289e-05
  5892  +1.0117878056      8289  +1.0118408203  +5.301e-05
  5893  +1.0118140253      8289  +1.0118408203  +2.680e-05
  5894  +1.0118403038      8289  +1.0118408203  +5.165e-07
  5895  +1.0118666413      8289  +1.0118408203  -2.582e-05
  5896  +1.0118930380      8289  +1.0118408203  -5.222e-05
  5897  +1.0119194940      8290  +1.0119628906  +4.340e-05
  5898  +1.0119460094      8290  +1.0119628906  +1.688e-05
  5899  +1.0119725844      8290  +1.0119628906  -9.694e-06
  5900  +1.0119992191      8290  +1.0119628906  -3.633e-05
  5901  +1.0120259136      8291  +1.0120849609  +5.905e-05
  5902  +1.0120526681      8291  +1.0120849609  +3.229e-05
  5903  +1.0120794827      8291  +1.0120849609  +5.478e-06
  5904  +1.0121063575      8291  +1.0120849609  -2.140e-05
  5905  +1.0121332927      8291  +1.0120849609  -4.833e-05
  5906  +1.0121602885      8292  +1.0122070312  +4.674e-05
  5907  +1.0121873449      8292  +1.0122070312  +1.969e-05
  5908  +1.0122144621      8292  +1.0122070312  -7.431e-06
  5909  +1.0122416403      8292  +1.0122070312  -3.461e-05
  5910  +1.0122688795      8293  +1.0123291016  +6.022e-05
  5911  +1.0122961799      8293  +1.0123291016  +3.292e-05
  5912  +1.0123235418      8293  +1.0123291016  +5.560e-06
  5913  +1.0123509651      8293  +1.0123291016  -2.186e-05
  5914  +1.0123784500      8293  +1.0123291016  -4.935e-05
  5915  +1.0124059968      8294  +1.0124511719  +4.518e-05
  5916  +1.0124336054      8294  +1.0124511719  +1.757e-05
  5917  +1.0124612762      8294  +1.0124511719  -1.010e-05
  5918  +1.0124890091      8294  +1.0124511719  -3.784e-05
  5919  +1.0125168044      8295  +1.0125732422  +5.644e-05
  5920  +1.0125446622      8295  +1.0125732422  +2.858e-05
  5921  +1.0125725826      8295  +1.0125732422  +6.596e-07
  5922  +1.0126005658      8295  +1.0125732422  -2.732e-05
  5923  +1.0126286119      8295  +1.0125732422  -5.537e-05
  5924  +1.0126567212      8296  +1.0126953125  +3.859e-05
  5925  +1.0126848936      8296  +1.0126953125  +1.042e-05
  5926  +1.0127131294      8296  +1.0126953125  -1.782e-05
  5927  +1.0127414286      8296  +1.0126953125  -4.612e-05
  5928  +1.0127697916      8297  +1.0128173828  +4.759e-05
  5929  +1.0127982183      8297  +1.0128173828  +1.916e-05
  5930  +1.0128267090      8297  +1.0128173828  -9.326e-06
  5931  +1.0128552638      8297  +1.0128173828  -3.788e-05
  5932  +1.0128838828      8298  +1.0129394531  +5.557e-05
  5933  +1.0129125662      8298  +1.0129394531  +2.689e-05
  5934  +1.0129413141      8298  +1.0129394531  -1.861e-06
  5935  +1.0129701267      8298  +1.0129394531  -3.067e-05
  5936  +1.0129990041      8298  +1.0129394531  -5.955e-05
  5937  +1.0130279465      8299  +1.0130615234  +3.358e-05
  5938  +1.0130569541      8299  +1.0130615234  +4.569e-06
  5939  +1.0130860269      8299  +1.0130615234  -2.450e-05
  5940  +1.0131151652      8299  +1.0130615234  -5.364e-05
  5941  +1.0131443690      8300  +1.0131835938  +3.922e-05
  5942  +1.0131736385      8300  +1.0131835938  +9.955e-06
  5943  +1.0132029740      8300  +1.0131835938  -1.938e-05
  5944  +1.0132323754      8300  +1.0131835938  -4.878e-05
  5945  +1.0132618431      8301  +1.0133056641  +4.382e-05
  5946  +1.0132913771      8301  +1.0133056641  +1.429e-05
  5947  +1.0133209776      8301  +1.0133056641  -1.531e-05
  5948  +1.0133506447      8301  +1.0133056641  -4.498e-05
  5949  +1.0133803786      8302  +1.0134277344  +4.736e-05
  5950  +1.0134101794      8302  +1.0134277344  +1.755e-05
  5951  +1.0134400474      8302  +1.0134277344  -1.231e-05
  5952  +1.0134699826      8302  +1.0134277344  -4.225e-05
  5953  +1.0134999852      8303  +1.0135498047  +4.982e-05
  5954  +1.0135300554      8303  +1.0135498047  +1.975e-05
  5955  +1.0135601934      8303  +1.0135498047  -1.039e-05
  5956  +1.0135903991      8303  +1.0135498047  -4.059e-05
  5957  +1.0136206730      8304  +1.0136718750  +5.120e-05
  5958  +1.0136510150      8304  +1.0136718750  +2.086e-05
  5959  +1.0136814253      8304  +1.0136718750  -9.550e-06
  5960  +1.0137119042      8304  +1.0136718750  -4.003e-05
  5961  +1.0137424517      8305  +1.0137939453  +5.149e-05
  5962  +1.0137730681      8305  +1.0137939453  +2.088e-05
  5963  +1.0138037534      8305  +1.0137939453  -9.808e-06
  5964  +1.0138345079      8305  +1.0137939453  -4.056e-05
  5965  +1.0138653316      8306  +1.0139160156  +5.068e-05
  5966  +1.0138962248      8306  +1.0139160156  +1.979e-05
  5967  +1.0139271877      8306  +1.0139160156  -1.117e-05
  5968  +1.0139582203      8306  +1.0139160156  -4.220e-05
  5969  +1.0139893228      8307  +1.0140380859  +4.876e-05
  5970  +1.0140204955      8307  +1.0140380859  +1.759e-05
  5971  +1.0140517384      8307  +1.0140380859  -1.365e-05
  5972  +1.0140830517      8307  +1.0140380859  -4.497e-05
  5973  +1.0141144356      8308  +1.0141601562  +4.572e-05
  5974  +1.0141458903      8308  +1.0141601562  +1.427e-05
  5975  +1.0141774158      8308  +1.0141601562  -1.726e-05
  5976  +1.0142090125      8308  +1.0141601562  -4.886e-05
  5977  +1.0142406804      8309  +1.0142822266  +4.155e-05
  5978  +1.0142724196      8309  +1.0142822266  +9.807e-06
  5979  +1.0143042305      8309  +1.0142822266  -2.200e-05
  5980  +1.0143361131      8309  +1.0142822266  -5.389e-05
  5981  +1.0143680676      8310  +1.0144042969  +3.623e-05
  5982  +1.0144000941      8310  +1.0144042969  +4.203e-06
  5983  +1.0144321929      8310  +1.0144042969  -2.790e-05
  5984  +1.0144643640      8310  +1.0144042969  -6.007e-05
  5985  +1.0144966078      8311  +1.0145263672  +2.976e-05
  5986  +1.0145289242      8311  +1.0145263672  -2.557e-06
  5987  +1.0145613136      8311  +1.0145263672  -3.495e-05
  5988  +1.0145937760      8312  +1.0146484375  +5.466e-05
  5989  +1.0146263116      8312  +1.0146484375  +2.213e-05
  5990  +1.0146589207      8312  +1.0146484375  -1.048e-05
  5991  +1.0146916033      8312  +1.0146484375  -4.317e-05
  5992  +1.0147243597      8313  +1.0147705078  +4.615e-05
  5993  +1.0147571900      8313  +1.0147705078  +1.332e-05
  5994  +1.0147900944      8313  +1.0147705078  -1.959e-05
  5995  +1.0148230730      8313  +1.0147705078  -5.257e-05
  5996  +1.0148561261      8314  +1.0148925781  +3.645e-05
  5997  +1.0148892538      8314  +1.0148925781  +3.324e-06
  5998  +1.0149224562      8314  +1.0148925781  -2.988e-05
  5999  +1.0149557336      8315  +1.0150146484  +5.891e-05
  6000  +1.0149890861      8315  +1.0150146484  +2.556e-05
  6001  +1.0150225138      8315  +1.0150146484  -7.865e-06
  6002  +1.0150560171      8315  +1.0150146484  -4.137e-05
  6003  +1.0150895960      8316  +1.0151367188  +4.712e-05
  6004  +1.0151232507      8316  +1.0151367188  +1.347e-05
  6005  +1.0151569814      8316  +1.0151367188  -2.026e-05
  6006  +1.0151907883      8316  +1.0151367188  -5.407e-05
  6007  +1.0152246715      8317  +1.0152587891  +3.412e-05
  6008  +1.0152586312      8317  +1.0152587891  +1.579e-07
  6009  +1.0152926676      8317  +1.0152587891  -3.388e-05
  6010  +1.0153267809      8318  +1.0153808594  +5.408e-05
  6011  +1.0153609713      8318  +1.0153808594  +1.989e-05
  6012  +1.0153952388      8318  +1.0153808594  -1.438e-05
  6013  +1.0154295838      8318  +1.0153808594  -4.872e-05
  6014  +1.0154640064      8319  +1.0155029297  +3.892e-05
  6015  +1.0154985067      8319  +1.0155029297  +4.423e-06
  6016  +1.0155330850      8319  +1.0155029297  -3.016e-05
  6017  +1.0155677414      8320  +1.0156250000  +5.726e-05
  6018  +1.0156024762      8320  +1.0156250000  +2.252e-05
  6019  +1.0156372894      8320  +1.0156250000  -1.229e-05
  6020  +1.0156721812      8320  +1.0156250000  -4.718e-05
  6021  +1.0157071520      8321  +1.0157470703  +3.992e-05
  6022  +1.0157422018      8321  +1.0157470703  +4.869e-06
  6023  +1.0157773308      8321  +1.0157470703  -3.026e-05
  6024  +1.0158125391      8322  +1.0158691406  +5.660e-05
  6025  +1.0158478271      8322  +1.0158691406  +2.131e-05
  6026  +1.0158831949      8322  +1.0158691406  -1.405e-05
  6027  +1.0159186426      8322  +1.0158691406  -4.950e-05
  6028  +1.0159541705      8323  +1.0159912109  +3.704e-05
  6029  +1.0159897786      8323  +1.0159912109  +1.432e-06
  6030  +1.0160254673      8323  +1.0159912109  -3.426e-05
  6031  +1.0160612367      8324  +1.0161132812  +5.204e-05
  6032  +1.0160970870      8324  +1.0161132812  +1.619e-05
  6033  +1.0161330184      8324  +1.0161132812  -1.974e-05
  6034  +1.0161690310      8324  +1.0161132812  -5.575e-05
  6035  +1.0162051251      8325  +1.0162353516  +3.023e-05
  6036  +1.0162413008      8325  +1.0162353516  -5.949e-06
  6037  +1.0162775584      8325  +1.0162353516  -4.221e-05
  6038  +1.0163138979      8326  +1.0163574219  +4.352e-05
  6039  +1.0163503197      8326  +1.0163574219  +7.102e-06
  6040  +1.0163868239      8326  +1.0163574219  -2.940e-05
  6041  +1.0164234107      8327  +1.0164794922  +5.608e-05
  6042  +1.0164600802      8327  +1.0164794922  +1.941e-05
  6043  +1.0164968328      8327  +1.0164794922  -1.734e-05
  6044  +1.0165336685      8327  +1.0164794922  -5.418e-05
  6045  +1.0165705876      8328  +1.0166015625  +3.097e-05
  6046  +1.0166075902      8328  +1.0166015625  -6.028e-06
  6047  +1.0166446766      8328  +1.0166015625  -4.311e-05
  6048  +1.0166818469      8329  +1.0167236328  +4.179e-05
  6049  +1.0167191014      8329  +1.0167236328  +4.531e-06
  6050  +1.0167564402      8329  +1.0167236328  -3.281e-05
  6051  +1.0167938635      8330  +1.0168457031  +5.184e-05
  6052  +1.0168313716      8330  +1.0168457031  +1.433e-05
  6053  +1.0168689646      8330  +1.0168457031  -2.326e-05
  6054  +1.0169066427      8330  +1.0168457031  -6.094e-05
  6055  +1.0169444061      8331  +1.0169677734  +2.337e-05
  6056  +1.0169822551      8331  +1.0169677734  -1.448e-05
  6057  +1.0170201897      8331  +1.0169677734  -5.242e-05
  6058  +1.0170582103      8332  +1.0170898438  +3.163e-05
  6059  +1.0170963170      8332  +1.0170898438  -6.473e-06
  6060  +1.0171345101      8332  +1.0170898438  -4.467e-05
  6061  +1.0171727896      8333  +1.0172119141  +3.912e-05
  6062  +1.0172111559      8333  +1.0172119141  +7.582e-07
  6063  +1.0172496091      8333  +1.0172119141  -3.770e-05
  6064  +1.0172881494      8334  +1.0173339844  +4.583e-05
  6065  +1.0173267770      8334  +1.0173339844  +7.207e-06
  6066  +1.0173654922      8334  +1.0173339844  -3.151e-05
  6067  +1.0174042951      8335  +1.0174560547  +5.176e-05
  6068  +1.0174431860      8335  +1.0174560547  +1.287e-05
  6069  +1.0174821649      8335  +1.0174560547  -2.611e-05
  6070  +1.0175212323      8336  +1.0175781250  +5.689e-05
  6071  +1.0175603882      8336  +1.0175781250  +1.774e-05
  6072  +1.0175996328      8336  +1.0175781250  -2.151e-05
  6073  +1.0176389665      8336  +1.0175781250  -6.084e-05
  6074  +1.0176783893      8337  +1.0177001953  +2.181e-05
  6075  +1.0177179015      8337  +1.0177001953  -1.771e-05
  6076  +1.0177575032      8337  +1.0177001953  -5.731e-05
  6077  +1.0177971948      8338  +1.0178222656  +2.507e-05
  6078  +1.0178369764      8338  +1.0178222656  -1.471e-05
  6079  +1.0178768482      8338  +1.0178222656  -5.458e-05
  6080  +1.0179168105      8339  +1.0179443359  +2.753e-05
  6081  +1.0179568633      8339  +1.0179443359  -1.253e-05
  6082  +1.0179970071      8339  +1.0179443359  -5.267e-05
  6083  +1.0180372419      8340  +1.0180664062  +2.916e-05
  6084  +1.0180775679      8340  +1.0180664062  -1.116e-05
  6085  +1.0181179855      8340  +1.0180664062  -5.158e-05
  6086  +1.0181584948      8341  +1.0181884766  +2.998e-05
  6087  +1.0181990960      8341  +1.0181884766  -1.062e-05
  6088  +1.0182397893      8341  +1.0181884766  -5.131e-05
  6089  +1.0182805750      8342  +1.0183105469  +2.997e-05
  6090  +1.0183214532      8342  +1.0183105469  -1.091e-05
  6091  +1.0183624242      8342  +1.0183105469  -5.188e-05
  6092  +1.0184034883      8343  +1.0184326172  +2.913e-05
  6093  +1.0184446455      8343  +1.0184326172  -1.203e-05
  6094  +1.0184858961      8343  +1.0184326172  -5.328e-05
  6095  +1.0185272405      8344  +1.0185546875  +2.745e-05
  6096  +1.0185686786      8344  +1.0185546875  -1.399e-05
  6097  +1.0186102109      8344  +1.0185546875  -5.552e-05
  6098  +1.0186518375      8345  +1.0186767578  +2.492e-05
  6099  +1.0186935586      8345  +1.0186767578  -1.680e-05
  6100  +1.0187353744      8345  +1.0186767578  -5.862e-05
  6101  +1.0187772853      8346  +1.0187988281  +2.154e-05
  6102  +1.0188192913      8346  +1.0187988281  -2.046e-05
  6103  +1.0188613927      8347  +1.0189208984  +5.951e-05
  6104  +1.0189035898      8347  +1.0189208984  +1.731e-05
  6105  +1.0189458828      8347  +1.0189208984  -2.498e-05
  6106  +1.0189882718      8348  +1.0190429688  +5.470e-05
  6107  +1.0190307571      8348  +1.0190429688  +1.221e-05
  6108  +1.0190733390      8348  +1.0190429688  -3.037e-05
  6109  +1.0191160177      8349  +1.0191650391  +4.902e-05
  6110  +1.0191587933      8349  +1.0191650391  +6.246e-06
  6111  +1.0192016662      8349  +1.0191650391  -3.663e-05
  6112  +1.0192446365      8350  +1.0192871094  +4.247e-05
  6113  +1.0192877044      8350  +1.0192871094  -5.951e-07
  6114  +1.0193308703      8350  +1.0192871094  -4.376e-05
  6115  +1.0193741343      8351  +1.0194091797  +3.505e-05
  6116  +1.0194174967      8351  +1.0194091797  -8.317e-06
  6117  +1.0194609577      8351  +1.0194091797  -5.178e-05
  6118  +1.0195045175      8352  +1.0195312500  +2.673e-05
  6119  +1.0195481763      8352  +1.0195312500  -1.693e-05
  6120  +1.0195919344      8352  +1.0195312500  -6.068e-05
  6121  +1.0196357921      8353  +1.0196533203  +1.753e-05
  6122  +1.0196797495      8353  +1.0196533203  -2.643e-05
  6123  +1.0197238069      8354  +1.0197753906  +5.158e-05
  6124  +1.0197679645      8354  +1.0197753906  +7.426e-06
  6125  +1.0198122226      8354  +1.0197753906  -3.683e-05
  6126  +1.0198565814      8355  +1.0198974609  +4.088e-05
  6127  +1.0199010411      8355  +1.0198974609  -3.580e-06
  6128  +1.0199456019      8355  +1.0198974609  -4.814e-05
  6129  +1.0199902642      8356  +1.0200195312  +2.927e-05
  6130  +1.0200350281      8356  +1.0200195312  -1.550e-05
  6131  +1.0200798939      8356  +1.0200195312  -6.036e-05
  6132  +1.0201248619      8357  +1.0201416016  +1.674e-05
  6133  +1.0201699321      8357  +1.0201416016  -2.833e-05
  6134  +1.0202151050      8358  +1.0202636719  +4.857e-05
  6135  +1.0202603807      8358  +1.0202636719  +3.291e-06
  6136  +1.0203057595      8358  +1.0202636719  -4.209e-05
  6137  +1.0203512417      8359  +1.0203857422  +3.450e-05
  6138  +1.0203968274      8359  +1.0203857422  -1.109e-05
  6139  +1.0204425169      8359  +1.0203857422  -5.677e-05
  6140  +1.0204883105      8360  +1.0205078125  +1.950e-05
  6141  +1.0205342083      8360  +1.0205078125  -2.640e-05
  6142  +1.0205802107      8361  +1.0206298828  +4.967e-05
  6143  +1.0206263180      8361  +1.0206298828  +3.565e-06
  6144  +1.0206725302      8361  +1.0206298828  -4.265e-05
  6145  +1.0207188477      8362  +1.0207519531  +3.311e-05
  6146  +1.0207652708      8362  +1.0207519531  -1.332e-05
  6147  +1.0208117997      8362  +1.0207519531  -5.985e-05
  6148  +1.0208584345      8363  +1.0208740234  +1.559e-05
  6149  +1.0209051757      8363  +1.0208740234  -3.115e-05
  6150  +1.0209520234      8364  +1.0209960938  +4.407e-05
  6151  +1.0209989779      8364  +1.0209960938  -2.884e-06
  6152  +1.0210460394      8364  +1.0209960938  -4.995e-05
  6153  +1.0210932082      8365  +1.0211181641  +2.496e-05
  6154  +1.0211404845      8365  +1.0211181641  -2.232e-05
  6155  +1.0211878686      8366  +1.0212402344  +5.237e-05
  6156  +1.0212353608      8366  +1.0212402344  +4.874e-06
  6157  +1.0212829613      8366  +1.0212402344  -4.273e-05
  6158  +1.0213306703      8367  +1.0213623047  +3.163e-05
  6159  +1.0213784881      8367  +1.0213623047  -1.618e-05
  6160  +1.0214264150      8368  +1.0214843750  +5.796e-05
  6161  +1.0214744513      8368  +1.0214843750  +9.924e-06
  6162  +1.0215225971      8368  +1.0214843750  -3.822e-05
  6163  +1.0215708528      8369  +1.0216064453  +3.559e-05
  6164  +1.0216192185      8369  +1.0216064453  -1.277e-05
  6165  +1.0216676946      8370  +1.0217285156  +6.082e-05
  6166  +1.0217162814      8370  +1.0217285156  +1.223e-05
  6167  +1.0217649790      8370  +1.0217285156  -3.646e-05
  6168  +1.0218137878      8371  +1.0218505859  +3.680e-05
  6169  +1.0218627079      8371  +1.0218505859  -1.212e-05
  6170  +1.0219117398      8372  +1.0219726562  +6.092e-05
  6171  +1.0219608836      8372  +1.0219726562  +1.177e-05
  6172  +1.0220101395      8372  +1.0219726562  -3.748e-05
  6173  +1.0220595080      8373  +1.0220947266  +3.522e-05
  6174  +1.0221089891      8373  +1.0220947266  -1.426e-05
  6175  +1.0221585833      8374  +1.0222167969  +5.821e-05
  6176  +1.0222082907      8374  +1.0222167969  +8.506e-06
  6177  +1.0222581117      8374  +1.0222167969  -4.131e-05
  6178  +1.0223080464      8375  +1.0223388672  +3.082e-05
  6179  +1.0223580953      8375  +1.0223388672  -1.923e-05
  6180  +1.0224082584      8376  +1.0224609375  +5.268e-05
  6181  +1.0224585362      8376  +1.0224609375  +2.401e-06
  6182  +1.0225089289      8376  +1.0224609375  -4.799e-05
  6183  +1.0225594366      8377  +1.0225830078  +2.357e-05
  6184  +1.0226100599      8377  +1.0225830078  -2.705e-05
  6185  +1.0226607988      8378  +1.0227050781  +4.428e-05
  6186  +1.0227116537      8378  +1.0227050781  -6.576e-06
  6187  +1.0227626248      8378  +1.0227050781  -5.755e-05
  6188  +1.0228137125      8379  +1.0228271484  +1.344e-05
  6189  +1.0228649169      8379  +1.0228271484  -3.777e-05
  6190  +1.0229162385      8380  +1.0229492188  +3.298e-05
  6191  +1.0229676773      8380  +1.0229492188  -1.846e-05
  6192  +1.0230192338      8381  +1.0230712891  +5.206e-05
  6193  +1.0230709082      8381  +1.0230712891  +3.808e-07
  6194  +1.0231227008      8381  +1.0230712891  -5.141e-05
  6195  +1.0231746119      8382  +1.0231933594  +1.875e-05
  6196  +1.0232266417      8382  +1.0231933594  -3.328e-05
  6197  +1.0232787906      8383  +1.0233154297  +3.664e-05
  6198  +1.0233310587      8383  +1.0233154297  -1.563e-05
  6199  +1.0233834465      8384  +1.0234375000  +5.405e-05
  6200  +1.0234359541      8384  +1.0234375000  +1.546e-06
  6201  +1.0234885819      8384  +1.0234375000  -5.108e-05
  6202  +1.0235413302      8385  +1.0235595703  +1.824e-05
  6203  +1.0235941991      8385  +1.0235595703  -3.463e-05
  6204  +1.0236471891      8386  +1.0236816406  +3.445e-05
  6205  +1.0237003004      8386  +1.0236816406  -1.866e-05
  6206  +1.0237535334      8387  +1.0238037109  +5.018e-05
  6207  +1.0238068881      8387  +1.0238037109  -3.177e-06
  6208  +1.0238603651      8387  +1.0238037109  -5.665e-05
  6209  +1.0239139645      8388  +1.0239257812  +1.182e-05
  6210  +1.0239676867      8388  +1.0239257812  -4.191e-05
  6211  +1.0240215320      8389  +1.0240478516  +2.632e-05
  6212  +1.0240755005      8389  +1.0240478516  -2.765e-05
  6213  +1.0241295927      8390  +1.0241699219  +4.033e-05
  6214  +1.0241838089      8390  +1.0241699219  -1.389e-05
  6215  +1.0242381493      8391  +1.0242919922  +5.384e-05
  6216  +1.0242926141      8391  +1.0242919922  -6.219e-07
  6217  +1.0243472038      8391  +1.0242919922  -5.521e-05
  6218  +1.0244019186      8392  +1.0244140625  +1.214e-05
  6219  +1.0244567588      8392  +1.0244140625  -4.270e-05
  6220  +1.0245117248      8393  +1.0245361328  +2.441e-05
  6221  +1.0245668167      8393  +1.0245361328  -3.068e-05
  6222  +1.0246220349      8394  +1.0246582031  +3.617e-05
  6223  +1.0246773798      8394  +1.0246582031  -1.918e-05
  6224  +1.0247328515      8395  +1.0247802734  +4.742e-05
  6225  +1.0247884505      8395  +1.0247802734  -8.177e-06
  6226  +1.0248441770      8396  +1.0249023438  +5.817e-05
  6227  +1.0249000313      8396  +1.0249023438  +2.312e-06
  6228  +1.0249560137      8396  +1.0249023438  -5.367e-05
  6229  +1.0250121246      8397  +1.0250244141  +1.229e-05
  6230  +1.0250683642      8397  +1.0250244141  -4.395e-05
  6231  +1.0251247328      8398  +1.0251464844  +2.175e-05
  6232  +1.0251812308      8398  +1.0251464844  -3.475e-05
  6233  +1.0252378585      8399  +1.0252685547  +3.070e-05
  6234  +1.0252946161      8399  +1.0252685547  -2.606e-05
  6235  +1.0253515040      8400  +1.0253906250  +3.912e-05
  6236  +1.0254085225      8400  +1.0253906250  -1.790e-05
  6237  +1.0254656718      8401  +1.0255126953  +4.702e-05
  6238  +1.0255229524      8401  +1.0255126953  -1.026e-05
  6239  +1.0255803646      8402  +1.0256347656  +5.440e-05
  6240  +1.0256379085      8402  +1.0256347656  -3.143e-06
  6241  +1.0256955847      8402  +1.0256347656  -6.082e-05
  6242  +1.0257533933      8403  +1.0257568359  +3.443e-06
  6243  +1.0258113346      8403  +1.0257568359  -5.450e-05
  6244  +1.0258694091      8404  +1.0258789062  +9.497e-06
  6245  +1.0259276171      8404  +1.0258789062  -4.871e-05
  6246  +1.0259859587      8405  +1.0260009766  +1.502e-05
  6247  +1.0260444344      8405  +1.0260009766  -4.346e-05
  6248  +1.0261030446      8406  +1.0261230469  +2.000e-05
  6249  +1.0261617894      8406  +1.0261230469  -3.874e-05
  6250  +1.0262206692      8407  +1.0262451172  +2.445e-05
  6251  +1.0262796844      8407  +1.0262451172  -3.457e-05
  6252  +1.0263388353      8408  +1.0263671875  +2.835e-05
  6253  +1.0263981222      8408  +1.0263671875  -3.093e-05
  6254  +1.0264575454      8409  +1.0264892578  +3.171e-05
  6255  +1.0265171052      8409  +1.0264892578  -2.785e-05
  6256  +1.0265768020      8410  +1.0266113281  +3.453e-05
  6257  +1.0266366362      8410  +1.0266113281  -2.531e-05
  6258  +1.0266966080      8411  +1.0267333984  +3.679e-05
  6259  +1.0267567177      8411  +1.0267333984  -2.332e-05
  6260  +1.0268169658      8412  +1.0268554688  +3.850e-05
  6261  +1.0268773524      8412  +1.0268554688  -2.188e-05
  6262  +1.0269378781      8413  +1.0269775391  +3.966e-05
  6263  +1.0269985430      8413  +1.0269775391  -2.100e-05
  6264  +1.0270593476      8414  +1.0270996094  +4.026e-05
  6265  +1.0271202921      8414  +1.0270996094  -2.068e-05
  6266  +1.0271813769      8415  +1.0272216797  +4.030e-05
  6267  +1.0272426024      8415  +1.0272216797  -2.092e-05
  6268  +1.0273039688      8416  +1.0273437500  +3.978e-05
  6269  +1.0273654765      8416  +1.0273437500  -2.173e-05
  6270  +1.0274271260      8417  +1.0274658203  +3.869e-05
  6271  +1.0274889173      8417  +1.0274658203  -2.310e-05
  6272  +1.0275508511      8418  +1.0275878906  +3.704e-05
  6273  +1.0276129275      8418  +1.0275878906  -2.504e-05
  6274  +1.0276751469      8419  +1.0277099609  +3.481e-05
  6275  +1.0277375097      8419  +1.0277099609  -2.755e-05
  6276  +1.0278000162      8420  +1.0278320312  +3.202e-05
  6277  +1.0278626668      8420  +1.0278320312  -3.064e-05
  6278  +1.0279254617      8421  +1.0279541016  +2.864e-05
  6279  +1.0279884014      8421  +1.0279541016  -3.430e-05
  6280  +1.0280514862      8422  +1.0280761719  +2.469e-05
  6281  +1.0281147164      8422  +1.0280761719  -3.854e-05
  6282  +1.0281780925      8423  +1.0281982422  +2.015e-05
  6283  +1.0282416147      8423  +1.0281982422  -4.337e-05
  6284  +1.0283052833      8424  +1.0283203125  +1.503e-05
  6285  +1.0283690989      8424  +1.0283203125  -4.879e-05
  6286  +1.0284330616      8425  +1.0284423828  +9.321e-06
  6287  +1.0284971719      8425  +1.0284423828  -5.479e-05
  6288  +1.0285614301      8426  +1.0285644531  +3.023e-06
  6289  +1.0286258366      8427  +1.0286865234  +6.069e-05
  6290  +1.0286903917      8427  +1.0286865234  -3.868e-06
  6291  +1.0287550958      8428  +1.0288085938  +5.350e-05
  6292  +1.0288199492      8428  +1.0288085938  -1.136e-05
  6293  +1.0288849524      8429  +1.0289306641  +4.571e-05
  6294  +1.0289501056      8429  +1.0289306641  -1.944e-05
  6295  +1.0290154093      8430  +1.0290527344  +3.733e-05
  6296  +1.0290808637      8430  +1.0290527344  -2.813e-05
  6297  +1.0291464693      8431  +1.0291748047  +2.834e-05
  6298  +1.0292122264      8431  +1.0291748047  -3.742e-05
  6299  +1.0292781354      8432  +1.0292968750  +1.874e-05
  6300  +1.0293441967      8432  +1.0292968750  -4.732e-05
  6301  +1.0294104106      8433  +1.0294189453  +8.535e-06
  6302  +1.0294767775      8433  +1.0294189453  -5.783e-05
  6303  +1.0295432977      8434  +1.0295410156  -2.282e-06
  6304  +1.0296099717      8435  +1.0296630859  +5.311e-05
  6305  +1.0296767998      8435  +1.0296630859  -1.371e-05
  6306  +1.0297437824      8436  +1.0297851562  +4.137e-05
  6307  +1.0298109198      8436  +1.0297851562  -2.576e-05
  6308  +1.0298782124      8437  +1.0299072266  +2.901e-05
  6309  +1.0299456607      8437  +1.0299072266  -3.843e-05
  6310  +1.0300132649      8438  +1.0300292969  +1.603e-05
  6311  +1.0300810255      8438  +1.0300292969  -5.173e-05
  6312  +1.0301489428      8439  +1.0301513672  +2.424e-06
  6313  +1.0302170172      8440  +1.0302734375  +5.642e-05
  6314  +1.0302852491      8440  +1.0302734375  -1.181e-05
  6315  +1.0303536389      8441  +1.0303955078  +4.187e-05
  6316  +1.0304221870      8441  +1.0303955078  -2.668e-05
  6317  +1.0304908937      8442  +1.0305175781  +2.668e-05
  6318  +1.0305597594      8442  +1.0305175781  -4.218e-05
  6319  +1.0306287846      8443  +1.0306396484  +1.086e-05
  6320  +1.0306979695      8443  +1.0306396484  -5.832e-05
  6321  +1.0307673146      8444  +1.0307617188  -5.596e-06
  6322  +1.0308368203      8445  +1.0308837891  +4.697e-05
  6323  +1.0309064870      8445  +1.0308837891  -2.270e-05
  6324  +1.0309763151      8446  +1.0310058594  +2.954e-05
  6325  +1.0310463048      8446  +1.0310058594  -4.045e-05
  6326  +1.0311164567      8447  +1.0311279297  +1.147e-05
  6327  +1.0311867712      8447  +1.0311279297  -5.884e-05
  6328  +1.0312572486      8448  +1.0312500000  -7.249e-06
  6329  +1.0313278893      8449  +1.0313720703  +4.418e-05
  6330  +1.0313986937      8449  +1.0313720703  -2.662e-05
  6331  +1.0314696623      8450  +1.0314941406  +2.448e-05
  6332  +1.0315407954      8450  +1.0314941406  -4.665e-05
  6333  +1.0316120934      8451  +1.0316162109  +4.118e-06
  6334  +1.0316835567      8452  +1.0317382812  +5.472e-05
  6335  +1.0317551857      8452  +1.0317382812  -1.690e-05
  6336  +1.0318269809      8453  +1.0318603516  +3.337e-05
  6337  +1.0318989426      8453  +1.0318603516  -3.859e-05
  6338  +1.0319710712      8454  +1.0319824219  +1.135e-05
  6339  +1.0320433672      8454  +1.0319824219  -6.095e-05
  6340  +1.0321158310      8455  +1.0321044922  -1.134e-05
  6341  +1.0321884629      8456  +1.0322265625  +3.810e-05
  6342  +1.0322612633      8456  +1.0322265625  -3.470e-05
  6343  +1.0323342328      8457  +1.0323486328  +1.440e-05
  6344  +1.0324073716      8457  +1.0323486328  -5.874e-05
  6345  +1.0324806803      8458  +1.0324707031  -9.977e-06
  6346  +1.0325541591      8459  +1.0325927734  +3.861e-05
  6347  +1.0326278086      8459  +1.0325927734  -3.504e-05
  6348  +1.0327016292      8460  +1.0327148438  +1.321e-05
  6349  +1.0327756212      8460  +1.0327148438  -6.078e-05
  6350  +1.0328497851      8461  +1.0328369141  -1.287e-05
  6351  +1.0329241214      8462  +1.0329589844  +3.486e-05
  6352  +1.0329986303      8462  +1.0329589844  -3.965e-05
  6353  +1.0330733124      8463  +1.0330810547  +7.742e-06
  6354  +1.0331481681      8464  +1.0332031250  +5.496e-05
  6355  +1.0332231978      8464  +1.0332031250  -2.007e-05
  6356  +1.0332984019      8465  +1.0333251953  +2.679e-05
  6357  +1.0333737808      8465  +1.0333251953  -4.859e-05
  6358  +1.0334493350      8466  +1.0334472656  -2.069e-06
  6359  +1.0335250650      8467  +1.0335693359  +4.427e-05
  6360  +1.0336009710      8467  +1.0335693359  -3.164e-05
  6361  +1.0336770537      8468  +1.0336914062  +1.435e-05
  6362  +1.0337533133      8469  +1.0338134766  +6.016e-05
  6363  +1.0338297504      8469  +1.0338134766  -1.627e-05
  6364  +1.0339063653      8470  +1.0339355469  +2.918e-05
  6365  +1.0339831586      8470  +1.0339355469  -4.761e-05
  6366  +1.0340601305      8471  +1.0340576172  -2.513e-06
  6367  +1.0341372817      8472  +1.0341796875  +4.241e-05
  6368  +1.0342146125      8472  +1.0341796875  -3.492e-05
  6369  +1.0342921233      8473  +1.0343017578  +9.634e-06
  6370  +1.0343698147      8474  +1.0344238281  +5.401e-05
  6371  +1.0344476869      8474  +1.0344238281  -2.386e-05
  6372  +1.0345257406      8475  +1.0345458984  +2.016e-05
  6373  +1.0346039761      8475  +1.0345458984  -5.808e-05
  6374  +1.0346823939      8476  +1.0346679688  -1.443e-05
  6375  +1.0347609944      8477  +1.0347900391  +2.904e-05
  6376  +1.0348397781      8477  +1.0347900391  -4.974e-05
  6377  +1.0349187454      8478  +1.0349121094  -6.636e-06
  6378  +1.0349978967      8479  +1.0350341797  +3.628e-05
  6379  +1.0350772326      8479  +1.0350341797  -4.305e-05
  6380  +1.0351567535      8480  +1.0351562500  -5.035e-07
  6381  +1.0352364599      8481  +1.0352783203  +4.186e-05
  6382  +1.0353163521      8481  +1.0352783203  -3.803e-05
  6383  +1.0353964306      8482  +1.0354003906  +3.960e-06
  6384  +1.0354766960      8483  +1.0355224609  +4.576e-05
  6385  +1.0355571486      8483  +1.0355224609  -3.469e-05
  6386  +1.0356377890      8484  +1.0356445312  +6.742e-06
  6387  +1.0357186176      8485  +1.0357666016  +4.798e-05
  6388  +1.0357996348      8485  +1.0357666016  -3.303e-05
  6389  +1.0358808411      8486  +1.0358886719  +7.831e-06
  6390  +1.0359622370      8487  +1.0360107422  +4.851e-05
  6391  +1.0360438230      8487  +1.0360107422  -3.308e-05
  6392  +1.0361255995      8488  +1.0361328125  +7.213e-06
  6393  +1.0362075670      8489  +1.0362548828  +4.732e-05
  6394  +1.0362897260      8489  +1.0362548828  -3.484e-05
  6395  +1.0363720768      8490  +1.0363769531  +4.876e-06
  6396  +1.0364546201      8491  +1.0364990234  +4.440e-05
  6397  +1.0365373563      8491  +1.0364990234  -3.833e-05
  6398  +1.0366202858      8492  +1.0366210938  +8.079e-07
  6399  +1.0367034092      8493  +1.0367431641  +3.975e-05
  6400  +1.0367867269      8493  +1.0367431641  -4.356e-05
  6401  +1.0368702394      8494  +1.0368652344  -5.005e-06
  6402  +1.0369539471      8495  +1.0369873047  +3.336e-05
  6403  +1.0370378507      8495  +1.0369873047  -5.055e-05
  6404  +1.0371219504      8496  +1.0371093750  -1.258e-05
  6405  +1.0372062469      8497  +1.0372314453  +2.520e-05
  6406  +1.0372907406      8497  +1.0372314453  -5.930e-05
  6407  +1.0373754321      8498  +1.0373535156  -2.192e-05
  6408  +1.0374603217      8499  +1.0374755859  +1.526e-05
  6409  +1.0375454100      8500  +1.0375976562  +5.225e-05
  6410  +1.0376306974      8500  +1.0375976562  -3.304e-05
  6411  +1.0377161846      8501  +1.0377197266  +3.542e-06
  6412  +1.0378018719      8502  +1.0378417969  +3.992e-05
  6413  +1.0378877598      8502  +1.0378417969  -4.596e-05
  6414  +1.0379738490      8503  +1.0379638672  -9.982e-06
  6415  +1.0380601397      8504  +1.0380859375  +2.580e-05
  6416  +1.0381466327      8504  +1.0380859375  -6.070e-05
  6417  +1.0382333283      8505  +1.0382080078  -2.532e-05
  6418  +1.0383202270      8506  +1.0383300781  +9.851e-06
  6419  +1.0384073295      8507  +1.0384521484  +4.482e-05
  6420  +1.0384946360      8507  +1.0384521484  -4.249e-05
  6421  +1.0385821473      8508  +1.0385742188  -7.929e-06
  6422  +1.0386698638      8509  +1.0386962891  +2.643e-05
  6423  +1.0387577859      8510  +1.0388183594  +6.057e-05
  6424  +1.0388459143      8510  +1.0388183594  -2.755e-05
  6425  +1.0389342494      8511  +1.0389404297  +6.180e-06
  6426  +1.0390227917      8512  +1.0390625000  +3.971e-05
  6427  +1.0391115417      8512  +1.0390625000  -4.904e-05
  6428  +1.0392005001      8513  +1.0391845703  -1.593e-05
  6429  +1.0392896672      8514  +1.0393066406  +1.697e-05
  6430  +1.0393790436      8515  +1.0394287109  +4.967e-05
  6431  +1.0394686299      8515  +1.0394287109  -3.992e-05
  6432  +1.0395584265      8516  +1.0395507812  -7.645e-06
  6433  +1.0396484339      8517  +1.0396728516  +2.442e-05
  6434  +1.0397386528      8518  +1.0397949219  +5.627e-05
  6435  +1.0398290836      8518  +1.0397949219  -3.416e-05
  6436  +1.0399197268      8519  +1.0399169922  -2.735e-06
  6437  +1.0400105830      8520  +1.0400390625  +2.848e-05
  6438  +1.0401016528      8521  +1.0401611328  +5.948e-05
  6439  +1.0401929366      8521  +1.0401611328  -3.180e-05
  6440  +1.0402844349      8522  +1.0402832031  -1.232e-06
  6441  +1.0403761484      8523  +1.0404052734  +2.913e-05
  6442  +1.0404680775      8524  +1.0405273438  +5.927e-05
  6443  +1.0405602229      8524  +1.0405273438  -3.288e-05
  6444  +1.0406525849      8525  +1.0406494141  -3.171e-06
  6445  +1.0407451643      8526  +1.0407714844  +2.632e-05
  6446  +1.0408379614      8527  +1.0408935547  +5.559e-05
  6447  +1.0409309769      8527  +1.0408935547  -3.742e-05
  6448  +1.0410242113      8528  +1.0410156250  -8.586e-06
  6449  +1.0411176652      8529  +1.0411376953  +2.003e-05
  6450  +1.0412113391      8530  +1.0412597656  +4.843e-05
  6451  +1.0413052335      8530  +1.0412597656  -4.547e-05
  6452  +1.0413993491      8531  +1.0413818359  -1.751e-05
  6453  +1.0414936863      8532  +1.0415039062  +1.022e-05
  6454  +1.0415882457      8533  +1.0416259766  +3.773e-05
  6455  +1.0416830279      8533  +1.0416259766  -5.705e-05
  6456  +1.0417780335      8534  +1.0417480469  -2.999e-05
  6457  +1.0418732629      8535  +1.0418701172  -3.146e-06
  6458  +1.0419687168      8536  +1.0419921875  +2.347e-05
  6459  +1.0420643957      8537  +1.0421142578  +4.986e-05
  6460  +1.0421603001      8537  +1.0421142578  -4.604e-05
  6461  +1.0422564308      8538  +1.0422363281  -2.010e-05
  6462  +1.0423527881      8539  +1.0423583984  +5.610e-06
  6463  +1.0424493727      8540  +1.0424804688  +3.110e-05
  6464  +1.0425461852      8541  +1.0426025391  +5.635e-05
  6465  +1.0426432261      8541  +1.0426025391  -4.069e-05
  6466  +1.0427404961      8542  +1.0427246094  -1.589e-05
  6467  +1.0428379956      8543  +1.0428466797  +8.684e-06
  6468  +1.0429357252      8544  +1.0429687500  +3.302e-05
  6469  +1.0430336856      8545  +1.0430908203  +5.713e-05
  6470  +1.0431318773      8545  +1.0430908203  -4.106e-05
  6471  +1.0432303009      8546  +1.0432128906  -1.741e-05
  6472  +1.0433289570      8547  +1.0433349609  +6.004e-06
  6473  +1.0434278461      8548  +1.0434570312  +2.919e-05
  6474  +1.0435269690      8549  +1.0435791016  +5.213e-05
  6475  +1.0436263260      8549  +1.0435791016  -4.722e-05
  6476  +1.0437259179      8550  +1.0437011719  -2.475e-05
  6477  +1.0438257452      8551  +1.0438232422  -2.503e-06
  6478  +1.0439258086      8552  +1.0439453125  +1.950e-05
  6479  +1.0440261085      8553  +1.0440673828  +4.127e-05
  6480  +1.0441266457      8553  +1.0440673828  -5.926e-05
  6481  +1.0442274207      8554  +1.0441894531  -3.797e-05
  6482  +1.0443284340      8555  +1.0443115234  -1.691e-05
  6483  +1.0444296865      8556  +1.0444335938  +3.907e-06
  6484  +1.0445311785      8557  +1.0445556641  +2.449e-05
  6485  +1.0446329107      8558  +1.0446777344  +4.482e-05
  6486  +1.0447348838      8558  +1.0446777344  -5.715e-05
  6487  +1.0448370984      8559  +1.0447998047  -3.729e-05
  6488  +1.0449395549      8560  +1.0449218750  -1.768e-05
  6489  +1.0450422542      8561  +1.0450439453  +1.691e-06
  6490  +1.0451451967      8562  +1.0451660156  +2.082e-05
  6491  +1.0452483831      8563  +1.0452880859  +3.970e-05
  6492  +1.0453518141      8564  +1.0454101562  +5.834e-05
  6493  +1.0454554901      8564  +1.0454101562  -4.533e-05
  6494  +1.0455594119      8565  +1.0455322266  -2.719e-05
  6495  +1.0456635801      8566  +1.0456542969  -9.283e-06
  6496  +1.0457679953      8567  +1.0457763672  +8.372e-06
  6497  +1.0458726582      8568  +1.0458984375  +2.578e-05
  6498  +1.0459775692      8569  +1.0460205078  +4.294e-05
  6499  +1.0460827292      8570  +1.0461425781  +5.985e-05
  6500  +1.0461881387      8570  +1.0461425781  -4.556e-05
  6501  +1.0462937983      8571  +1.0462646484  -2.915e-05
  6502  +1.0463997088      8572  +1.0463867188  -1.299e-05
  6503  +1.0465058706      8573  +1.0465087891  +2.918e-06
  6504  +1.0466122845      8574  +1.0466308594  +1.857e-05
  6505  +1.0467189512      8575  +1.0467529297  +3.398e-05
  6506  +1.0468258711      8576  +1.0468750000  +4.913e-05
  6507  +1.0469330451      8576  +1.0468750000  -5.805e-05
  6508  +1.0470404737      8577  +1.0469970703  -4.340e-05
  6509  +1.0471481576      8578  +1.0471191406  -2.902e-05
  6510  +1.0472560974      8579  +1.0472412109  -1.489e-05
  6511  +1.0473642939      8580  +1.0473632812  -1.013e-06
  6512  +1.0474727475      8581  +1.0474853516  +1.260e-05
  6513  +1.0475814591      8582  +1.0476074219  +2.596e-05
  6514  +1.0476904292      8583  +1.0477294922  +3.906e-05
  6515  +1.0477996586      8584  +1.0478515625  +5.190e-05
  6516  +1.0479091478      8584  +1.0478515625  -5.759e-05
  6517  +1.0480188975      8585  +1.0479736328  -4.526e-05
  6518  +1.0481289085      8586  +1.0480957031  -3.321e-05
  6519  +1.0482391814      8587  +1.0482177734  -2.141e-05
  6520  +1.0483497167      8588  +1.0483398438  -9.873e-06
  6521  +1.0484605153      8589  +1.0484619141  +1.399e-06
  6522  +1.0485715778      8590  +1.0485839844  +1.241e-05
  6523  +1.0486829049      8591  +1.0487060547  +2.315e-05
  6524  +1.0487944972      8592  +1.0488281250  +3.363e-05
  6525  +1.0489063554      8593  +1.0489501953  +4.384e-05
  6526  +1.0490184802      8594  +1.0490722656  +5.379e-05
  6527  +1.0491308723      8594  +1.0490722656  -5.861e-05
  6528  +1.0492435323      8595  +1.0491943359  -4.920e-05
  6529  +1.0493564610      8596  +1.0493164062  -4.005e-05
  6530  +1.0494696591      8597  +1.0494384766  -3.118e-05
  6531  +1.0495831271      8598  +1.0495605469  -2.258e-05
  6532  +1.0496968660      8599  +1.0496826172  -1.425e-05
  6533  +1.0498108762      8600  +1.0498046875  -6.189e-06
  6534  +1.0499251585      8601  +1.0499267578  +1.599e-06
  6535  +1.0500397137      8602  +1.0500488281  +9.114e-06
  6536  +1.0501545423      8603  +1.0501708984  +1.636e-05
  6537  +1.0502696452      8604  +1.0502929688  +2.332e-05
  6538  +1.0503850230      8605  +1.0504150391  +3.002e-05
  6539  +1.0505006764      8606  +1.0505371094  +3.643e-05
  6540  +1.0506166062      8607  +1.0506591797  +4.257e-05
  6541  +1.0507328130      8608  +1.0507812500  +4.844e-05
  6542  +1.0508492976      8609  +1.0509033203  +5.402e-05
  6543  +1.0509660607      8610  +1.0510253906  +5.933e-05
  6544  +1.0510831029      8610  +1.0510253906  -5.771e-05
  6545  +1.0512004251      8611  +1.0511474609  -5.296e-05
  6546  +1.0513180279      8612  +1.0512695312  -4.850e-05
  6547  +1.0514359120      8613  +1.0513916016  -4.431e-05
  6548  +1.0515540783      8614  +1.0515136719  -4.041e-05
  6549  +1.0516725273      8615  +1.0516357422  -3.679e-05
  6550  +1.0517912599      8616  +1.0517578125  -3.345e-05
  6551  +1.0519102768      8617  +1.0518798828  -3.039e-05
  6552  +1.0520295786      8618  +1.0520019531  -2.763e-05
  6553  +1.0521491663      8619  +1.0521240234  -2.514e-05
  6554  +1.0522690403      8620  +1.0522460938  -2.295e-05
  6555  +1.0523892017      8621  +1.0523681641  -2.104e-05
  6556  +1.0525096509      8622  +1.0524902344  -1.942e-05
  6557  +1.0526303889      8623  +1.0526123047  -1.808e-05
  6558  +1.0527514164      8624  +1.0527343750  -1.704e-05
  6559  +1.0528727340      8625  +1.0528564453  -1.629e-05
  6560  +1.0529943426      8626  +1.0529785156  -1.583e-05
  6561  +1.0531162429      8627  +1.0531005859  -1.566e-05
  6562  +1.0532384357      8628  +1.0532226562  -1.578e-05
  6563  +1.0533609217      8629  +1.0533447266  -1.620e-05
  6564  +1.0534837016      8630  +1.0534667969  -1.690e-05
  6565  +1.0536067764      8631  +1.0535888672  -1.791e-05
  6566  +1.0537301466      8632  +1.0537109375  -1.921e-05
  6567  +1.0538538131      8633  +1.0538330078  -2.081e-05
  6568  +1.0539777767      8634  +1.0539550781  -2.270e-05
  6569  +1.0541020381      8635  +1.0540771484  -2.489e-05
  6570  +1.0542265980      8636  +1.0541992188  -2.738e-05
  6571  +1.0543514574      8637  +1.0543212891  -3.017e-05
  6572  +1.0544766168      8638  +1.0544433594  -3.326e-05
  6573  +1.0546020773      8639  +1.0545654297  -3.665e-05
  6574  +1.0547278394      8640  +1.0546875000  -4.034e-05
  6575  +1.0548539040      8641  +1.0548095703  -4.433e-05
  6576  +1.0549802719      8642  +1.0549316406  -4.863e-05
  6577  +1.0551069439      8643  +1.0550537109  -5.323e-05
  6578  +1.0552339207      8644  +1.0551757812  -5.814e-05
  6579  +1.0553612032      8646  +1.0554199219  +5.872e-05
  6580  +1.0554887922      8647  +1.0555419922  +5.320e-05
  6581  +1.0556166884      8648  +1.0556640625  +4.737e-05
  6582  +1.0557448926      8649  +1.0557861328  +4.124e-05
  6583  +1.0558734058      8650  +1.0559082031  +3.480e-05
  6584  +1.0560022286      8651  +1.0560302734  +2.804e-05
  6585  +1.0561313618      8652  +1.0561523438  +2.098e-05
  6586  +1.0562608064      8653  +1.0562744141  +1.361e-05
  6587  +1.0563905631      8654  +1.0563964844  +5.921e-06
  6588  +1.0565206327      8655  +1.0565185547  -2.078e-06
  6589  +1.0566510160      8656  +1.0566406250  -1.039e-05
  6590  +1.0567817139      8657  +1.0567626953  -1.902e-05
  6591  +1.0569127271      8658  +1.0568847656  -2.796e-05
  6592  +1.0570440566      8659  +1.0570068359  -3.722e-05
  6593  +1.0571757031      8660  +1.0571289062  -4.680e-05
  6594  +1.0573076675      8661  +1.0572509766  -5.669e-05
  6595  +1.0574399506      8663  +1.0574951172  +5.517e-05
  6596  +1.0575725532      8664  +1.0576171875  +4.463e-05
  6597  +1.0577054762      8665  +1.0577392578  +3.378e-05
  6598  +1.0578387204      8666  +1.0578613281  +2.261e-05
  6599  +1.0579722866      8667  +1.0579833984  +1.111e-05
  6600  +1.0581061758      8668  +1.0581054688  -7.070e-07
  6601  +1.0582403887      8669  +1.0582275391  -1.285e-05
  6602  +1.0583749262      8670  +1.0583496094  -2.532e-05
  6603  +1.0585097892      8671  +1.0584716797  -3.811e-05
  6604  +1.0586449785      8672  +1.0585937500  -5.123e-05
  6605  +1.0587804950      8674  +1.0588378906  +5.740e-05
  6606  +1.0589163395      8675  +1.0589599609  +4.362e-05
  6607  +1.0590525129      8676  +1.0590820312  +2.952e-05
  6608  +1.0591890160      8677  +1.0592041016  +1.509e-05
  6609  +1.0593258498      8678  +1.0593261719  +3.221e-07
  6610  +1.0594630151      8679  +1.0594482422  -1.477e-05
  6611  +1.0596005128      8680  +1.0595703125  -3.020e-05
  6612  +1.0597383438      8681  +1.0596923828  -4.596e-05
  6613  +1.0598765088      8683  +1.0599365234  +6.001e-05
  6614  +1.0600150089      8684  +1.0600585938  +4.358e-05
  6615  +1.0601538449      8685  +1.0601806641  +2.682e-05
  6616  +1.0602930177      8686  +1.0603027344  +9.717e-06
  6617  +1.0604325282      8687  +1.0604248047  -7.724e-06
  6618  +1.0605723773      8688  +1.0605468750  -2.550e-05
  6619  +1.0607125658      8689  +1.0606689453  -4.362e-05
  6620  +1.0608530947      8691  +1.0609130859  +5.999e-05
  6621  +1.0609939648      8692  +1.0610351562  +4.119e-05
  6622  +1.0611351772      8693  +1.0611572266  +2.205e-05
  6623  +1.0612767326      8694  +1.0612792969  +2.564e-06
  6624  +1.0614186320      8695  +1.0614013672  -1.726e-05
  6625  +1.0615608763      8696  +1.0615234375  -3.744e-05
  6626  +1.0617034665      8697  +1.0616455078  -5.796e-05
  6627  +1.0618464033      8699  +1.0618896484  +4.325e-05
  6628  +1.0619896879      8700  +1.0620117188  +2.203e-05
  6629  +1.0621333210      8701  +1.0621337891  +4.681e-07
  6630  +1.0622773036      8702  +1.0622558594  -2.144e-05
  6631  +1.0624216367      8703  +1.0623779297  -4.371e-05
  6632  +1.0625663211      8705  +1.0626220703  +5.575e-05
  6633  +1.0627113578      8706  +1.0627441406  +3.278e-05
  6634  +1.0628567478      8707  +1.0628662109  +9.463e-06
  6635  +1.0630024919      8708  +1.0629882812  -1.421e-05
  6636  +1.0631485912      8709  +1.0631103516  -3.824e-05
  6637  +1.0632950466      8711  +1.0633544922  +5.945e-05
  6638  +1.0634418589      8712  +1.0634765625  +3.470e-05
  6639  +1.0635890293      8713  +1.0635986328  +9.604e-06
  6640  +1.0637365585      8714  +1.0637207031  -1.586e-05
  6641  +1.0638844477      8715  +1.0638427734  -4.167e-05
  6642  +1.0640326977      8717  +1.0640869141  +5.422e-05
  6643  +1.0641813095      8718  +1.0642089844  +2.767e-05
  6644  +1.0643302841      8719  +1.0643310547  +7.706e-07
  6645  +1.0644796225      8720  +1.0644531250  -2.650e-05
  6646  +1.0646293255      8721  +1.0645751953  -5.413e-05
  6647  +1.0647793943      8723  +1.0648193359  +3.994e-05
  6648  +1.0649298297      8724  +1.0649414062  +1.158e-05
  6649  +1.0650806328      8725  +1.0650634766  -1.716e-05
  6650  +1.0652318046      8726  +1.0651855469  -4.626e-05
  6651  +1.0653833459      8728  +1.0654296875  +4.634e-05
  6652  +1.0655352579      8729  +1.0655517578  +1.650e-05
  6653  +1.0656875415      8730  +1.0656738281  -1.371e-05
  6654  +1.0658401977      8731  +1.0657958984  -4.430e-05
  6655  +1.0659932276      8733  +1.0660400391  +4.681e-05
  6656  +1.0661466320      8734  +1.0661621094  +1.548e-05
  6657  +1.0663004121      8735  +1.0662841797  -1.623e-05
  6658  +1.0664545688      8736  +1.0664062500  -4.832e-05
  6659  +1.0666091032      8738  +1.0666503906  +4.129e-05
  6660  +1.0667640162      8739  +1.0667724609  +8.445e-06
  6661  +1.0669193089      8740  +1.0668945312  -2.478e-05
  6662  +1.0670749823      8741  +1.0670166016  -5.838e-05
  6663  +1.0672310375      8743  +1.0672607422  +2.970e-05
  6664  +1.0673874754      8744  +1.0673828125  -4.663e-06
  6665  +1.0675442971      8745  +1.0675048828  -3.941e-05
  6666  +1.0677015036      8747  +1.0677490234  +4.752e-05
  6667  +1.0678590960      8748  +1.0678710938  +1.200e-05
  6668  +1.0680170753      8749  +1.0679931641  -2.391e-05
  6669  +1.0681754425      8750  +1.0681152344  -6.021e-05
  6670  +1.0683341988      8752  +1.0683593750  +2.518e-05
  6671  +1.0684933451      8753  +1.0684814453  -1.190e-05
  6672  +1.0686528825      8754  +1.0686035156  -4.937e-05
  6673  +1.0688128120      8756  +1.0688476562  +3.484e-05
  6674  +1.0689731348      8757  +1.0689697266  -3.408e-06
  6675  +1.0691338519      8758  +1.0690917969  -4.206e-05
  6676  +1.0692949644      8760  +1.0693359375  +4.097e-05
  6677  +1.0694564732      8761  +1.0694580078  +1.535e-06
  6678  +1.0696183796      8762  +1.0695800781  -3.830e-05
  6679  +1.0697806846      8764  +1.0698242188  +4.353e-05
  6680  +1.0699433892      8765  +1.0699462891  +2.900e-06
  6681  +1.0701064946      8766  +1.0700683594  -3.814e-05
  6682  +1.0702700018      8768  +1.0703125000  +4.250e-05
  6683  +1.0704339120      8769  +1.0704345703  +6.583e-07
  6684  +1.0705982262      8770  +1.0705566406  -4.159e-05
  6685  +1.0707629455      8772  +1.0708007812  +3.784e-05
  6686  +1.0709280710      8773  +1.0709228516  -5.219e-06
  6687  +1.0710936039      8774  +1.0710449219  -4.868e-05
  6688  +1.0712595452      8776  +1.0712890625  +2.952e-05
  6689  +1.0714258961      8777  +1.0714111328  -1.476e-05
  6690  +1.0715926576      8778  +1.0715332031  -5.945e-05
  6691  +1.0717598310      8780  +1.0717773438  +1.751e-05
  6692  +1.0719274172      8781  +1.0718994141  -2.800e-05
  6693  +1.0720954176      8783  +1.0721435547  +4.814e-05
  6694  +1.0722638330      8784  +1.0722656250  +1.792e-06
  6695  +1.0724326648      8785  +1.0723876953  -4.497e-05
  6696  +1.0726019141      8787  +1.0726318359  +2.992e-05
  6697  +1.0727715819      8788  +1.0727539062  -1.768e-05
  6698  +1.0729416695      8790  +1.0729980469  +5.638e-05
  6699  +1.0731121779      8791  +1.0731201172  +7.939e-06
  6700  +1.0732831084      8792  +1.0732421875  -4.092e-05
  6701  +1.0734544621      8794  +1.0734863281  +3.187e-05
  6702  +1.0736262401      8795  +1.0736083984  -1.784e-05
  6703  +1.0737984436      8797  +1.0738525391  +5.410e-05
  6704  +1.0739710739      8798  +1.0739746094  +3.536e-06
  6705  +1.0741441320      8799  +1.0740966797  -4.745e-05
  6706  +1.0743176191      8801  +1.0743408203  +2.320e-05
  6707  +1.0744915364      8802  +1.0744628906  -2.865e-05
  6708  +1.0746658851      8804  +1.0747070312  +4.115e-05
  6709  +1.0748406664      8805  +1.0748291016  -1.156e-05
  6710  +1.0750158815      8807  +1.0750732422  +5.736e-05
  6711  +1.0751915315      8808  +1.0751953125  +3.781e-06
  6712  +1.0753676177      8809  +1.0753173828  -5.023e-05
  6713  +1.0755441413      8811  +1.0755615234  +1.738e-05
  6714  +1.0757211034      8812  +1.0756835938  -3.751e-05
  6715  +1.0758985053      8814  +1.0759277344  +2.923e-05
  6716  +1.0760763482      8815  +1.0760498047  -2.654e-05
  6717  +1.0762546333      8817  +1.0762939453  +3.931e-05
  6718  +1.0764333618      8818  +1.0764160156  -1.735e-05
  6719  +1.0766125350      8820  +1.0766601562  +4.762e-05
  6720  +1.0767921540      8821  +1.0767822266  -9.927e-06
  6721  +1.0769722202      8823  +1.0770263672  +5.415e-05
  6722  +1.0771527348      8824  +1.0771484375  -4.297e-06
  6723  +1.0773336989      8826  +1.0773925781  +5.888e-05
  6724  +1.0775151139      8827  +1.0775146484  -4.654e-07
  6725  +1.0776969809      8828  +1.0776367188  -6.026e-05
  6726  +1.0778793014      8830  +1.0778808594  +1.558e-06
  6727  +1.0780620764      8831  +1.0780029297  -5.915e-05
  6728  +1.0782453073      8833  +1.0782470703  +1.763e-06
  6729  +1.0784289953      8834  +1.0783691406  -5.985e-05
  6730  +1.0786131417      8836  +1.0786132812  +1.396e-07
  6731  +1.0787977478      8838  +1.0788574219  +5.967e-05
  6732  +1.0789828148      8839  +1.0789794922  -3.323e-06
  6733  +1.0791683441      8841  +1.0792236328  +5.529e-05
  6734  +1.0793543369      8842  +1.0793457031  -8.634e-06
  6735  +1.0795407945      8844  +1.0795898438  +4.905e-05
  6736  +1.0797277182      8845  +1.0797119141  -1.580e-05
  6737  +1.0799151093      8847  +1.0799560547  +4.095e-05
  6738  +1.0801029691      8848  +1.0800781250  -2.484e-05
  6739  +1.0802912990      8850  +1.0803222656  +3.097e-05
  6740  +1.0804801002      8851  +1.0804443359  -3.576e-05
  6741  +1.0806693740      8853  +1.0806884766  +1.910e-05
  6742  +1.0808591218      8854  +1.0808105469  -4.857e-05
  6743  +1.0810493449      8856  +1.0810546875  +5.343e-06
  6744  +1.0812400446      8858  +1.0812988281  +5.878e-05
  6745  +1.0814312222      8859  +1.0814208984  -1.032e-05
  6746  +1.0816228792      8861  +1.0816650391  +4.216e-05
  6747  +1.0818150168      8862  +1.0817871094  -2.791e-05
  6748  +1.0820076364      8864  +1.0820312500  +2.361e-05
  6749  +1.0822007393      8865  +1.0821533203  -4.742e-05
  6750  +1.0823943269      8867  +1.0823974609  +3.134e-06
  6751  +1.0825884006      8869  +1.0826416016  +5.320e-05
  6752  +1.0827829617      8870  +1.0827636719  -1.929e-05
  6753  +1.0829780115      8872  +1.0830078125  +2.980e-05
  6754  +1.0831735516      8873  +1.0831298828  -4.367e-05
  6755  +1.0833695832      8875  +1.0833740234  +4.440e-06
  6756  +1.0835661077      8877  +1.0836181641  +5.206e-05
  6757  +1.0837631265      8878  +1.0837402344  -2.289e-05
  6758  +1.0839606411      8880  +1.0839843750  +2.373e-05
  6759  +1.0841586527      8881  +1.0841064453  -5.221e-05
  6760  +1.0843571628      8883  +1.0843505859  -6.577e-06
  6761  +1.0845561729      8885  +1.0845947266  +3.855e-05
  6762  +1.0847556843      8886  +1.0847167969  -3.889e-05
  6763  +1.0849556984      8888  +1.0849609375  +5.239e-06
  6764  +1.0851562167      8890  +1.0852050781  +4.886e-05
  6765  +1.0853572406      8891  +1.0853271484  -3.009e-05
  6766  +1.0855587715      8893  +1.0855712891  +1.252e-05
  6767  +1.0857608108      8895  +1.0858154297  +5.462e-05
  6768  +1.0859633601      8896  +1.0859375000  -2.586e-05
  6769  +1.0861664207      8898  +1.0861816406  +1.522e-05
  6770  +1.0863699940      8900  +1.0864257812  +5.579e-05
  6771  +1.0865740817      8901  +1.0865478516  -2.623e-05
  6772  +1.0867786850      8903  +1.0867919922  +1.331e-05
  6773  +1.0869838055      8905  +1.0870361328  +5.233e-05
  6774  +1.0871894446      8906  +1.0871582031  -3.124e-05
  6775  +1.0873956039      8908  +1.0874023438  +6.740e-06
  6776  +1.0876022847      8910  +1.0876464844  +4.420e-05
  6777  +1.0878094886      8911  +1.0877685547  -4.093e-05
  6778  +1.0880172171      8913  +1.0880126953  -4.522e-06
  6779  +1.0882254716      8915  +1.0882568359  +3.136e-05
  6780  +1.0884342538      8916  +1.0883789062  -5.535e-05
  6781  +1.0886435649      8918  +1.0886230469  -2.052e-05
  6782  +1.0888534067      8920  +1.0888671875  +1.378e-05
  6783  +1.0890637805      8922  +1.0891113281  +4.755e-05
  6784  +1.0892746880      8923  +1.0892333984  -4.129e-05
  6785  +1.0894861305      8925  +1.0894775391  -8.591e-06
  6786  +1.0896981098      8927  +1.0897216797  +2.357e-05
  6787  +1.0899106272      8929  +1.0899658203  +5.519e-05
  6788  +1.0901236844      8930  +1.0900878906  -3.579e-05
  6789  +1.0903372829      8932  +1.0903320312  -5.252e-06
  6790  +1.0905514243      8934  +1.0905761719  +2.475e-05
  6791  +1.0907661100      8936  +1.0908203125  +5.420e-05
  6792  +1.0909813417      8937  +1.0909423828  -3.896e-05
  6793  +1.0911971209      8939  +1.0911865234  -1.060e-05
  6794  +1.0914134492      8941  +1.0914306641  +1.721e-05
  6795  +1.0916303282      8943  +1.0916748047  +4.448e-05
  6796  +1.0918477595      8944  +1.0917968750  -5.088e-05
  6797  +1.0920657446      8946  +1.0920410156  -2.473e-05
  6798  +1.0922842852      8948  +1.0922851562  +8.711e-07
  6799  +1.0925033828      8950  +1.0925292969  +2.591e-05
  6800  +1.0927230390      8952  +1.0927734375  +5.040e-05
  6801  +1.0929432556      8953  +1.0928955078  -4.775e-05
  6802  +1.0931640340      8955  +1.0931396484  -2.439e-05
  6803  +1.0933853759      8957  +1.0933837891  -1.587e-06
  6804  +1.0936072830      8959  +1.0936279297  +2.065e-05
  6805  +1.0938297568      8961  +1.0938720703  +4.231e-05
  6806  +1.0940527990      8962  +1.0939941406  -5.866e-05
  6807  +1.0942764113      8964  +1.0942382812  -3.813e-05
  6808  +1.0945005952      8966  +1.0944824219  -1.817e-05
  6809  +1.0947253526      8968  +1.0947265625  +1.210e-06
  6810  +1.0949506849      8970  +1.0949707031  +2.002e-05
  6811  +1.0951765940      8972  +1.0952148438  +3.825e-05
  6812  +1.0954030814      8974  +1.0954589844  +5.590e-05
  6813  +1.0956301488      8975  +1.0955810547  -4.909e-05
  6814  +1.0958577980      8977  +1.0958251953  -3.260e-05
  6815  +1.0960860306      8979  +1.0960693359  -1.669e-05
  6816  +1.0963148483      8981  +1.0963134766  -1.372e-06
  6817  +1.0965442528      8983  +1.0965576172  +1.336e-05
  6818  +1.0967742459      8985  +1.0968017578  +2.751e-05
  6819  +1.0970048292      8987  +1.0970458984  +4.107e-05
  6820  +1.0972360045      8989  +1.0972900391  +5.403e-05
  6821  +1.0974677734      8990  +1.0974121094  -5.566e-05
  6822  +1.0977001378      8992  +1.0976562500  -4.389e-05
  6823  +1.0979330994      8994  +1.0979003906  -3.271e-05
  6824  +1.0981666598      8996  +1.0981445312  -2.213e-05
  6825  +1.0984008209      8998  +1.0983886719  -1.215e-05
  6826  +1.0986355845      9000  +1.0986328125  -2.772e-06
  6827  +1.0988709522      9002  +1.0988769531  +6.001e-06
  6828  +1.0991069259      9004  +1.0991210938  +1.417e-05
  6829  +1.0993435073      9006  +1.0993652344  +2.173e-05
  6830  +1.0995806982      9008  +1.0996093750  +2.868e-05
  6831  +1.0998185005      9010  +1.0998535156  +3.502e-05
  6832  +1.1000569158      9012  +1.1000976562  +4.074e-05
  6833  +1.1002959460      9014  +1.1003417969  +4.585e-05
  6834  +1.1005355930      9016  +1.1005859375  +5.034e-05
  6835  +1.1007758584      9018  +1.1008300781  +5.422e-05
  6836  +1.1010167443      9020  +1.1010742188  +5.747e-05
  6837  +1.1012582522      9022  +1.1013183594  +6.011e-05
  6838  +1.1015003842      9023  +1.1014404297  -5.995e-05
  6839  +1.1017431420      9025  +1.1016845703  -5.857e-05
  6840  +1.1019865276      9027  +1.1019287109  -5.782e-05
  6841  +1.1022305426      9029  +1.1021728516  -5.769e-05
  6842  +1.1024751891      9031  +1.1024169922  -5.820e-05
  6843  +1.1027204689      9033  +1.1026611328  -5.934e-05
  6844  +1.1029663838      9036  +1.1030273438  +6.096e-05
  6845  +1.1032129357      9038  +1.1032714844  +5.855e-05
  6846  +1.1034601266      9040  +1.1035156250  +5.550e-05
  6847  +1.1037079582      9042  +1.1037597656  +5.181e-05
  6848  +1.1039564326      9044  +1.1040039062  +4.747e-05
  6849  +1.1042055516      9046  +1.1042480469  +4.250e-05
  6850  +1.1044553171      9048  +1.1044921875  +3.687e-05
  6851  +1.1047057311      9050  +1.1047363281  +3.060e-05
  6852  +1.1049567954      9052  +1.1049804688  +2.367e-05
  6853  +1.1052085121      9054  +1.1052246094  +1.610e-05
  6854  +1.1054608830      9056  +1.1054687500  +7.867e-06
  6855  +1.1057139102      9058  +1.1057128906  -1.020e-06
  6856  +1.1059675955      9060  +1.1059570312  -1.056e-05
  6857  +1.1062219409      9062  +1.1062011719  -2.077e-05
  6858  +1.1064769484      9064  +1.1064453125  -3.164e-05
  6859  +1.1067326200      9066  +1.1066894531  -4.317e-05
  6860  +1.1069889577      9068  +1.1069335938  -5.536e-05
  6861  +1.1072459634      9071  +1.1072998047  +5.384e-05
  6862  +1.1075036392      9073  +1.1075439453  +4.031e-05
  6863  +1.1077619870      9075  +1.1077880859  +2.610e-05
  6864  +1.1080210089      9077  +1.1080322266  +1.122e-05
  6865  +1.1082807069      9079  +1.1082763672  -4.340e-06
  6866  +1.1085410830      9081  +1.1085205078  -2.058e-05
  6867  +1.1088021392      9083  +1.1087646484  -3.749e-05
  6868  +1.1090638777      9085  +1.1090087891  -5.509e-05
  6869  +1.1093263004      9088  +1.1093750000  +4.870e-05
  6870  +1.1095894094      9090  +1.1096191406  +2.973e-05
  6871  +1.1098532068      9092  +1.1098632812  +1.007e-05
  6872  +1.1101176947      9094  +1.1101074219  -1.027e-05
  6873  +1.1103828751      9096  +1.1103515625  -3.131e-05
  6874  +1.1106487500      9098  +1.1105957031  -5.305e-05
  6875  +1.1109153217      9101  +1.1109619141  +4.659e-05
  6876  +1.1111825923      9103  +1.1112060547  +2.346e-05
  6877  +1.1114505637      9105  +1.1114501953  -3.684e-07
  6878  +1.1117192382      9107  +1.1116943359  -2.490e-05
  6879  +1.1119886179      9109  +1.1119384766  -5.014e-05
  6880  +1.1122587049      9112  +1.1123046875  +4.598e-05
  6881  +1.1125295013      9114  +1.1125488281  +1.933e-05
  6882  +1.1128010094      9116  +1.1127929688  -8.041e-06
  6883  +1.1130732312      9118  +1.1130371094  -3.612e-05
  6884  +1.1133461689      9121  +1.1134033203  +5.715e-05
  6885  +1.1136198247      9123  +1.1136474609  +2.764e-05
  6886  +1.1138942009      9125  +1.1138916016  -2.599e-06
  6887  +1.1141692995      9127  +1.1141357422  -3.356e-05
  6888  +1.1144451228      9130  +1.1145019531  +5.683e-05
  6889  +1.1147216730      9132  +1.1147460938  +2.442e-05
  6890  +1.1149989522      9134  +1.1149902344  -8.718e-06
  6891  +1.1152769628      9136  +1.1152343750  -4.259e-05
  6892  +1.1155557070      9139  +1.1156005859  +4.488e-05
  6893  +1.1158351870      9141  +1.1158447266  +9.540e-06
  6894  +1.1161154050      9143  +1.1160888672  -2.654e-05
  6895  +1.1163963633      9146  +1.1164550781  +5.871e-05
  6896  +1.1166780642      9148  +1.1166992188  +2.115e-05
  6897  +1.1169605099      9150  +1.1169433594  -1.715e-05
  6898  +1.1172437028      9152  +1.1171875000  -5.620e-05
  6899  +1.1175276451      9155  +1.1175537109  +2.607e-05
  6900  +1.1178123391      9157  +1.1177978516  -1.449e-05
  6901  +1.1180977871      9159  +1.1180419922  -5.579e-05
  6902  +1.1183839915      9162  +1.1184082031  +2.421e-05
  6903  +1.1186709546      9164  +1.1186523438  -1.861e-05
  6904  +1.1189586786      9167  +1.1190185547  +5.988e-05
  6905  +1.1192471660      9169  +1.1192626953  +1.553e-05
  6906  +1.1195364192      9171  +1.1195068359  -2.958e-05
  6907  +1.1198264404      9174  +1.1198730469  +4.661e-05
  6908  +1.1201172320      9176  +1.1201171875  -4.448e-08
  6909  +1.1204087964      9178  +1.1203613281  -4.747e-05
  6910  +1.1207011361      9181  +1.1207275391  +2.640e-05
  6911  +1.1209942533      9183  +1.1209716797  -2.257e-05
  6912  +1.1212881506      9186  +1.1213378906  +4.974e-05
  6913  +1.1215828302      9188  +1.1215820312  -7.990e-07
  6914  +1.1218782948      9190  +1.1218261719  -5.212e-05
  6915  +1.1221745466      9193  +1.1221923828  +1.784e-05
  6916  +1.1224715881      9195  +1.1224365234  -3.506e-05
  6917  +1.1227694219      9198  +1.1228027344  +3.331e-05
  6918  +1.1230680502      9200  +1.1230468750  -2.118e-05
  6919  +1.1233674757      9203  +1.1234130859  +4.561e-05
  6920  +1.1236677008      9205  +1.1236572266  -1.047e-05
  6921  +1.1239687280      9208  +1.1240234375  +5.471e-05
  6922  +1.1242705597      9210  +1.1242675781  -2.982e-06
  6923  +1.1245731986      9213  +1.1246337891  +6.059e-05
  6924  +1.1248766470      9215  +1.1248779297  +1.283e-06
  6925  +1.1251809077      9217  +1.1251220703  -5.884e-05
  6926  +1.1254859830      9220  +1.1254882812  +2.298e-06
  6927  +1.1257918755      9222  +1.1257324219  -5.945e-05
  6928  +1.1260985878      9225  +1.1260986328  +4.499e-08
  6929  +1.1264061225      9228  +1.1264648438  +5.872e-05
  6930  +1.1267144821      9230  +1.1267089844  -5.498e-06
  6931  +1.1270236693      9233  +1.1270751953  +5.153e-05
  6932  +1.1273336866      9235  +1.1273193359  -1.435e-05
  6933  +1.1276445366      9238  +1.1276855469  +4.101e-05
  6934  +1.1279562220      9240  +1.1279296875  -2.653e-05
  6935  +1.1282687454      9243  +1.1282958984  +2.715e-05
  6936  +1.1285821094      9245  +1.1285400391  -4.207e-05
  6937  +1.1288963166      9248  +1.1289062500  +9.933e-06
  6938  +1.1292113698      9250  +1.1291503906  -6.098e-05
  6939  +1.1295272716      9253  +1.1295166016  -1.067e-05
  6940  +1.1298440247      9256  +1.1298828125  +3.879e-05
  6941  +1.1301616318      9258  +1.1301269531  -3.468e-05
  6942  +1.1304800955      9261  +1.1304931641  +1.307e-05
  6943  +1.1307994186      9264  +1.1308593750  +5.996e-05
  6944  +1.1311196038      9266  +1.1311035156  -1.609e-05
  6945  +1.1314406539      9269  +1.1314697266  +2.907e-05
  6946  +1.1317625716      9271  +1.1317138672  -4.870e-05
  6947  +1.1320853596      9274  +1.1320800781  -5.281e-06
  6948  +1.1324090207      9277  +1.1324462891  +3.727e-05
  6949  +1.1327335577      9279  +1.1326904297  -4.313e-05
  6950  +1.1330589734      9282  +1.1330566406  -2.333e-06
  6951  +1.1333852706      9285  +1.1334228516  +3.758e-05
  6952  +1.1337124520      9287  +1.1336669922  -4.546e-05
  6953  +1.1340405206      9290  +1.1340332031  -7.317e-06
  6954  +1.1343694790      9293  +1.1343994141  +2.994e-05
  6955  +1.1346993303      9295  +1.1346435547  -5.578e-05
  6956  +1.1350300772      9298  +1.1350097656  -2.031e-05
  6957  +1.1353617226      9301  +1.1353759766  +1.425e-05
  6958  +1.1356942694      9304  +1.1357421875  +4.792e-05
  6959  +1.1360277204      9306  +1.1359863281  -4.139e-05
  6960  +1.1363620787      9309  +1.1363525391  -9.540e-06
  6961  +1.1366973470      9312  +1.1367187500  +2.140e-05
  6962  +1.1370335283      9315  +1.1370849609  +5.143e-05
  6963  +1.1373706255      9317  +1.1373291016  -4.152e-05
  6964  +1.1377086416      9320  +1.1376953125  -1.333e-05
  6965  +1.1380475796      9323  +1.1380615234  +1.394e-05
  6966  +1.1383874424      9326  +1.1384277344  +4.029e-05
  6967  +1.1387282330      9328  +1.1386718750  -5.636e-05
  6968  +1.1390699544      9331  +1.1390380859  -3.187e-05
  6969  +1.1394126096      9334  +1.1394042969  -8.313e-06
  6970  +1.1397562016      9337  +1.1397705078  +1.431e-05
  6971  +1.1401007334      9340  +1.1401367188  +3.599e-05
  6972  +1.1404462082      9343  +1.1405029297  +5.672e-05
  6973  +1.1407926289      9345  +1.1407470703  -4.556e-05
  6974  +1.1411399986      9348  +1.1411132812  -2.672e-05
  6975  +1.1414883204      9351  +1.1414794922  -8.828e-06
  6976  +1.1418375974      9354  +1.1418457031  +8.106e-06
  6977  +1.1421878327      9357  +1.1422119141  +2.408e-05
  6978  +1.1425390294      9360  +1.1425781250  +3.910e-05
  6979  +1.1428911907      9363  +1.1429443359  +5.315e-05
  6980  +1.1432443196      9365  +1.1431884766  -5.584e-05
  6981  +1.1435984194      9368  +1.1435546875  -4.373e-05
  6982  +1.1439534932      9371  +1.1439208984  -3.259e-05
  6983  +1.1443095442      9374  +1.1442871094  -2.243e-05
  6984  +1.1446665756      9377  +1.1446533203  -1.326e-05
  6985  +1.1450245906      9380  +1.1450195312  -5.059e-06
  6986  +1.1453835924      9383  +1.1453857422  +2.150e-06
  6987  +1.1457435843      9386  +1.1457519531  +8.369e-06
  6988  +1.1461045695      9389  +1.1461181641  +1.359e-05
  6989  +1.1464665512      9392  +1.1464843750  +1.782e-05
  6990  +1.1468295328      9395  +1.1468505859  +2.105e-05
  6991  +1.1471935175      9398  +1.1472167969  +2.328e-05
  6992  +1.1475585086      9401  +1.1475830078  +2.450e-05
  6993  +1.1479245094      9404  +1.1479492188  +2.471e-05
  6994  +1.1482915234      9407  +1.1483154297  +2.391e-05
  6995  +1.1486595537      9410  +1.1486816406  +2.209e-05
  6996  +1.1490286038      9413  +1.1490478516  +1.925e-05
  6997  +1.1493986771      9416  +1.1494140625  +1.539e-05
  6998  +1.1497697768      9419  +1.1497802734  +1.050e-05
  6999  +1.1501419065      9422  +1.1501464844  +4.578e-06
  7000  +1.1505150696      9425  +1.1505126953  -2.374e-06
  7001  +1.1508892694      9428  +1.1508789062  -1.036e-05
  7002  +1.1512645094      9431  +1.1512451172  -1.939e-05
  7003  +1.1516407930      9434  +1.1516113281  -2.946e-05
  7004  +1.1520181238      9437  +1.1519775391  -4.058e-05
  7005  +1.1523965052      9440  +1.1523437500  -5.276e-05
  7006  +1.1527759407      9444  +1.1528320312  +5.609e-05
  7007  +1.1531564338      9447  +1.1531982422  +4.181e-05
  7008  +1.1535379881      9450  +1.1535644531  +2.647e-05
  7009  +1.1539206071      9453  +1.1539306641  +1.006e-05
  7010  +1.1543042943      9456  +1.1542968750  -7.419e-06
  7011  +1.1546890534      9459  +1.1546630859  -2.597e-05
  7012  +1.1550748878      9462  +1.1550292969  -4.559e-05
  7013  +1.1554618013      9466  +1.1555175781  +5.578e-05
  7014  +1.1558497974      9469  +1.1558837891  +3.399e-05
  7015  +1.1562388798      9472  +1.1562500000  +1.112e-05
  7016  +1.1566290521      9475  +1.1566162109  -1.284e-05
  7017  +1.1570203180      9478  +1.1569824219  -3.790e-05
  7018  +1.1574126811      9482  +1.1574707031  +5.802e-05
  7019  +1.1578061452      9485  +1.1578369141  +3.077e-05
  7020  +1.1582007140      9488  +1.1582031250  +2.411e-06
  7021  +1.1585963911      9491  +1.1585693359  -2.706e-05
  7022  +1.1589931804      9494  +1.1589355469  -5.763e-05
  7023  +1.1593910856      9498  +1.1594238281  +3.274e-05
  7024  +1.1597901105      9501  +1.1597900391  -7.139e-08
  7025  +1.1601902588      9504  +1.1601562500  -3.401e-05
  7026  +1.1605915344      9508  +1.1606445312  +5.300e-05
  7027  +1.1609939410      9511  +1.1610107422  +1.680e-05
  7028  +1.1613974826      9514  +1.1613769531  -2.053e-05
  7029  +1.1618021630      9517  +1.1617431641  -5.900e-05
  7030  +1.1622079861      9521  +1.1622314453  +2.346e-05
  7031  +1.1626149557      9524  +1.1625976562  -1.730e-05
  7032  +1.1630230757      9527  +1.1629638672  -5.921e-05
  7033  +1.1634323502      9531  +1.1634521484  +1.980e-05
  7034  +1.1638427829      9534  +1.1638183594  -2.442e-05
  7035  +1.1642543780      9538  +1.1643066406  +5.226e-05
  7036  +1.1646671392      9541  +1.1646728516  +5.712e-06
  7037  +1.1650810708      9544  +1.1650390625  -4.201e-05
  7038  +1.1654961765      9548  +1.1655273438  +3.117e-05
  7039  +1.1659124606      9551  +1.1658935547  -1.891e-05
  7040  +1.1663299269      9555  +1.1663818359  +5.191e-05
  7041  +1.1667485797      9558  +1.1667480469  -5.328e-07
  7042  +1.1671684229      9561  +1.1671142578  -5.417e-05
  7043  +1.1675894606      9565  +1.1676025391  +1.308e-05
  7044  +1.1680116970      9568  +1.1679687500  -4.295e-05
  7045  +1.1684351362      9572  +1.1684570312  +2.190e-05
  7046  +1.1688597824      9575  +1.1688232422  -3.654e-05
  7047  +1.1692856397      9579  +1.1693115234  +2.588e-05
  7048  +1.1697127123      9582  +1.1696777344  -3.498e-05
  7049  +1.1701410044      9586  +1.1701660156  +2.501e-05
  7050  +1.1705705203      9589  +1.1705322266  -3.829e-05
  7051  +1.1710012641      9593  +1.1710205078  +1.924e-05
  7052  +1.1714332401      9596  +1.1713867188  -4.652e-05
  7053  +1.1718664527      9600  +1.1718750000  +8.547e-06
  7054  +1.1723009061      9603  +1.1722412109  -5.970e-05
  7055  +1.1727366046      9607  +1.1727294922  -7.112e-06
  7056  +1.1731735526      9611  +1.1732177734  +4.422e-05
  7057  +1.1736117545      9614  +1.1735839844  -2.777e-05
  7058  +1.1740512145      9618  +1.1740722656  +2.105e-05
  7059  +1.1744919371      9621  +1.1744384766  -5.346e-05
  7060  +1.1749339267      9625  +1.1749267578  -7.169e-06
  7061  +1.1753771878      9629  +1.1754150391  +3.785e-05
  7062  +1.1758217248      9632  +1.1757812500  -4.047e-05
  7063  +1.1762675421      9636  +1.1762695312  +1.989e-06
  7064  +1.1767146443      9640  +1.1767578125  +4.317e-05
  7065  +1.1771630359      9643  +1.1771240234  -3.901e-05
  7066  +1.1776127214      9647  +1.1776123047  -4.167e-07
  7067  +1.1780637054      9651  +1.1781005859  +3.688e-05
  7068  +1.1785159924      9654  +1.1784667969  -4.920e-05
  7069  +1.1789695870      9658  +1.1789550781  -1.451e-05
  7070  +1.1794244939      9662  +1.1794433594  +1.887e-05
  7071  +1.1798807177      9666  +1.1799316406  +5.092e-05
  7072  +1.1803382630      9669  +1.1802978516  -4.041e-05
  7073  +1.1807971345      9673  +1.1807861328  -1.100e-05
  7074  +1.1812573370      9677  +1.1812744141  +1.708e-05
  7075  +1.1817188751      9681  +1.1817626953  +4.382e-05
  7076  +1.1821817536      9684  +1.1821289062  -5.285e-05
  7077  +1.1826459772      9688  +1.1826171875  -2.879e-05
  7078  +1.1831115508      9692  +1.1831054688  -6.082e-06
  7079  +1.1835784791      9696  +1.1835937500  +1.527e-05
  7080  +1.1840467670      9700  +1.1840820312  +3.526e-05
  7081  +1.1845164193      9704  +1.1845703125  +5.389e-05
  7082  +1.1849874409      9707  +1.1849365234  -5.092e-05
  7083  +1.1854598366      9711  +1.1854248047  -3.503e-05
  7084  +1.1859336115      9715  +1.1859130859  -2.053e-05
  7085  +1.1864087704      9719  +1.1864013672  -7.403e-06
  7086  +1.1868853184      9723  +1.1868896484  +4.330e-06
  7087  +1.1873632603      9727  +1.1873779297  +1.467e-05
  7088  +1.1878426012      9731  +1.1878662109  +2.361e-05
  7089  +1.1883233462      9735  +1.1883544922  +3.115e-05
  7090  +1.1888055002      9739  +1.1888427734  +3.727e-05
  7091  +1.1892890684      9743  +1.1893310547  +4.199e-05
  7092  +1.1897740559      9747  +1.1898193359  +4.528e-05
  7093  +1.1902604678      9751  +1.1903076172  +4.715e-05
  7094  +1.1907483092      9755  +1.1907958984  +4.759e-05
  7095  +1.1912375853      9759  +1.1912841797  +4.659e-05
  7096  +1.1917283013      9763  +1.1917724609  +4.416e-05
  7097  +1.1922204625      9767  +1.1922607422  +4.028e-05
  7098  +1.1927140740      9771  +1.1927490234  +3.495e-05
  7099  +1.1932091412      9775  +1.1932373047  +2.816e-05
  7100  +1.1937056693      9779  +1.1937255859  +1.992e-05
  7101  +1.1942036636      9783  +1.1942138672  +1.020e-05
  7102  +1.1947031296      9787  +1.1947021484  -9.812e-07
  7103  +1.1952040725      9791  +1.1951904297  -1.364e-05
  7104  +1.1957064978      9795  +1.1956787109  -2.779e-05
  7105  +1.1962104109      9799  +1.1961669922  -4.342e-05
  7106  +1.1967158172      9803  +1.1966552734  -6.054e-05
  7107  +1.1972227222      9808  +1.1972656250  +4.290e-05
  7108  +1.1977311314      9812  +1.1977539062  +2.277e-05
  7109  +1.1982410502      9816  +1.1982421875  +1.137e-06
  7110  +1.1987524844      9820  +1.1987304688  -2.202e-05
  7111  +1.1992654394      9824  +1.1992187500  -4.669e-05
  7112  +1.1997799208      9829  +1.1998291016  +4.918e-05
  7113  +1.2002959343      9833  +1.2003173828  +2.145e-05
  7114  +1.2008134855      9837  +1.2008056641  -7.821e-06
  7115  +1.2013325800      9841  +1.2012939453  -3.863e-05
  7116  +1.2018532237      9846  +1.2019042969  +5.107e-05
  7117  +1.2023754222      9850  +1.2023925781  +1.716e-05
  7118  +1.2028991813      9854  +1.2028808594  -1.832e-05
  7119  +1.2034245068      9858  +1.2033691406  -5.537e-05
  7120  +1.2039514045      9863  +1.2039794922  +2.809e-05
  7121  +1.2044798803      9867  +1.2044677734  -1.211e-05
  7122  +1.2050099400      9871  +1.2049560547  -5.389e-05
  7123  +1.2055415894      9876  +1.2055664062  +2.482e-05
  7124  +1.2060748347      9880  +1.2060546875  -2.015e-05
  7125  +1.2066096816      9885  +1.2066650391  +5.536e-05
  7126  +1.2071461363      9889  +1.2071533203  +7.184e-06
  7127  +1.2076842046      9893  +1.2076416016  -4.260e-05
  7128  +1.2082238927      9898  +1.2082519531  +2.806e-05
  7129  +1.2087652067      9902  +1.2087402344  -2.497e-05
  7130  +1.2093081526      9907  +1.2093505859  +4.243e-05
  7131  +1.2098527365      9911  +1.2098388672  -1.387e-05
  7132  +1.2103989647      9916  +1.2104492188  +5.025e-05
  7133  +1.2109468432      9920  +1.2109375000  -9.343e-06
  7134  +1.2114963785      9925  +1.2115478516  +5.147e-05
  7135  +1.2120475766      9929  +1.2120361328  -1.144e-05
  7136  +1.2126004439      9934  +1.2126464844  +4.604e-05
  7137  +1.2131549867      9938  +1.2131347656  -2.022e-05
  7138  +1.2137112113      9943  +1.2137451172  +3.391e-05
  7139  +1.2142691241      9947  +1.2142333984  -3.573e-05
  7140  +1.2148287316      9952  +1.2148437500  +1.502e-05
  7141  +1.2153900401      9956  +1.2153320312  -5.801e-05
  7142  +1.2159530561      9961  +1.2159423828  -1.067e-05
  7143  +1.2165177862      9966  +1.2165527344  +3.495e-05
  7144  +1.2170842368      9970  +1.2170410156  -4.322e-05
  7145  +1.2176524146      9975  +1.2176513672  -1.047e-06
  7146  +1.2182223261      9980  +1.2182617188  +3.939e-05
  7147  +1.2187939780      9984  +1.2187500000  -4.398e-05
  7148  +1.2193673768      9989  +1.2193603516  -7.025e-06
  7149  +1.2199425295      9994  +1.2199707031  +2.817e-05
  7150  +1.2205194425      9998  +1.2204589844  -6.046e-05
  7151  +1.2210981228     10003  +1.2210693359  -2.879e-05
  7152  +1.2216785771     10008  +1.2216796875  +1.110e-06
  7153  +1.2222608122     10013  +1.2222900391  +2.923e-05
  7154  +1.2228448351     10018  +1.2229003906  +5.556e-05
  7155  +1.2234306526     10022  +1.2233886719  -4.198e-05
  7156  +1.2240182716     10027  +1.2239990234  -1.925e-05
  7157  +1.2246076991     10032  +1.2246093750  +1.676e-06
  7158  +1.2251989422     10037  +1.2252197266  +2.078e-05
  7159  +1.2257920078     10042  +1.2258300781  +3.807e-05
  7160  +1.2263869031     10047  +1.2264404297  +5.353e-05
  7161  +1.2269836351     10051  +1.2269287109  -5.492e-05
  7162  +1.2275822110     10056  +1.2275390625  -4.315e-05
  7163  +1.2281826380     10061  +1.2281494141  -3.322e-05
  7164  +1.2287849233     10066  +1.2287597656  -2.516e-05
  7165  +1.2293890741     10071  +1.2293701172  -1.896e-05
  7166  +1.2299950978     10076  +1.2299804688  -1.463e-05
  7167  +1.2306030017     10081  +1.2305908203  -1.218e-05
  7168  +1.2312127931     10086  +1.2312011719  -1.162e-05
  7169  +1.2318244795     10091  +1.2318115234  -1.296e-05
  7170  +1.2324380682     10096  +1.2324218750  -1.619e-05
  7171  +1.2330535668     10101  +1.2330322266  -2.134e-05
  7172  +1.2336709828     10106  +1.2336425781  -2.840e-05
  7173  +1.2342903238     10111  +1.2342529297  -3.739e-05
  7174  +1.2349115972     10116  +1.2348632812  -4.832e-05
  7175  +1.2355348109     10122  +1.2355957031  +6.089e-05
  7176  +1.2361599724     10127  +1.2362060547  +4.608e-05
  7177  +1.2367870895     10132  +1.2368164062  +2.932e-05
  7178  +1.2374161699     10137  +1.2374267578  +1.059e-05
  7179  +1.2380472214     10142  +1.2380371094  -1.011e-05
  7180  +1.2386802519     10147  +1.2386474609  -3.279e-05
  7181  +1.2393152692     10152  +1.2392578125  -5.746e-05
  7182  +1.2399522812     10158  +1.2399902344  +3.795e-05
  7183  +1.2405912959     10163  +1.2406005859  +9.290e-06
  7184  +1.2412323213     10168  +1.2412109375  -2.138e-05
  7185  +1.2418753654     10173  +1.2418212891  -5.408e-05
  7186  +1.2425204363     10179  +1.2425537109  +3.327e-05
  7187  +1.2431675422     10184  +1.2431640625  -3.480e-06
  7188  +1.2438166911     10189  +1.2437744141  -4.228e-05
  7189  +1.2444678914     10195  +1.2445068359  +3.894e-05
  7190  +1.2451211512     10200  +1.2451171875  -3.964e-06
  7191  +1.2457764789     10205  +1.2457275391  -4.894e-05
  7192  +1.2464338828     10211  +1.2464599609  +2.608e-05
  7193  +1.2470933712     10216  +1.2470703125  -2.306e-05
  7194  +1.2477549527     10222  +1.2478027344  +4.778e-05
  7195  +1.2484186356     10227  +1.2484130859  -5.550e-06
  7196  +1.2490844286     10232  +1.2490234375  -6.099e-05
  7197  +1.2497523400     10238  +1.2497558594  +3.519e-06
  7198  +1.2504223787     10243  +1.2503662109  -5.617e-05
  7199  +1.2510945531     10249  +1.2510986328  +4.080e-06
  7200  +1.2517688721     10254  +1.2517089844  -5.989e-05
  7201  +1.2524453443     10260  +1.2524414062  -3.938e-06
  7202  +1.2531239785     10266  +1.2531738281  +4.985e-05
  7203  +1.2538047836     10271  +1.2537841797  -2.060e-05
  7204  +1.2544877686     10277  +1.2545166016  +2.883e-05
  7205  +1.2551729422     10282  +1.2551269531  -4.599e-05
  7206  +1.2558603134     10288  +1.2558593750  -9.384e-07
  7207  +1.2565498915     10294  +1.2565917969  +4.191e-05
  7208  +1.2572416852     10299  +1.2572021484  -3.954e-05
  7209  +1.2579357040     10305  +1.2579345703  -1.134e-06
  7210  +1.2586319568     10311  +1.2586669922  +3.504e-05
  7211  +1.2593304529     10316  +1.2592773438  -5.311e-05
  7212  +1.2600312016     10322  +1.2600097656  -2.144e-05
  7213  +1.2607342122     10328  +1.2607421875  +7.975e-06
  7214  +1.2614394942     10334  +1.2614746094  +3.512e-05
  7215  +1.2621470568     10340  +1.2622070312  +5.997e-05
  7216  +1.2628569097     10345  +1.2628173828  -3.953e-05
  7217  +1.2635690622     10351  +1.2635498047  -1.926e-05
  7218  +1.2642835241     10357  +1.2642822266  -1.298e-06
  7219  +1.2650003050     10363  +1.2650146484  +1.434e-05
  7220  +1.2657194145     10369  +1.2657470703  +2.766e-05
  7221  +1.2664408623     10375  +1.2664794922  +3.863e-05
  7222  +1.2671646584     10381  +1.2672119141  +4.726e-05
  7223  +1.2678908124     10387  +1.2679443359  +5.352e-05
  7224  +1.2686193344     10393  +1.2686767578  +5.742e-05
  7225  +1.2693502342     10399  +1.2694091797  +5.895e-05
  7226  +1.2700835220     10405  +1.2701416016  +5.808e-05
  7227  +1.2708192076     10411  +1.2708740234  +5.482e-05
  7228  +1.2715573014     10417  +1.2716064453  +4.914e-05
  7229  +1.2722978134     10423  +1.2723388672  +4.105e-05
  7230  +1.2730407539     10429  +1.2730712891  +3.054e-05
  7231  +1.2737861332     10435  +1.2738037109  +1.758e-05
  7232  +1.2745339616     10441  +1.2745361328  +2.171e-06
  7233  +1.2752842496     10447  +1.2752685547  -1.569e-05
  7234  +1.2760370075     10453  +1.2760009766  -3.603e-05
  7235  +1.2767922460     10459  +1.2767333984  -5.885e-05
  7236  +1.2775499756     10466  +1.2775878906  +3.792e-05
  7237  +1.2783102070     10472  +1.2783203125  +1.011e-05
  7238  +1.2790729508     10478  +1.2790527344  -2.022e-05
  7239  +1.2798382178     10484  +1.2797851562  -5.306e-05
  7240  +1.2806060188     10491  +1.2806396484  +3.363e-05
  7241  +1.2813763648     10497  +1.2813720703  -4.294e-06
  7242  +1.2821492667     10503  +1.2821044922  -4.477e-05
  7243  +1.2829247354     10510  +1.2829589844  +3.425e-05
  7244  +1.2837027820     10516  +1.2836914062  -1.138e-05
  7245  +1.2844834178     10522  +1.2844238281  -5.959e-05
  7246  +1.2852666538     10529  +1.2852783203  +1.167e-05
  7247  +1.2860525013     10535  +1.2860107422  -4.176e-05
  7248  +1.2868409717     10542  +1.2868652344  +2.426e-05
  7249  +1.2876320764     10548  +1.2875976562  -3.442e-05
  7250  +1.2884258267     10555  +1.2884521484  +2.632e-05
  7251  +1.2892222343     10561  +1.2891845703  -3.766e-05
  7252  +1.2900213107     10568  +1.2900390625  +1.775e-05
  7253  +1.2908230675     10574  +1.2907714844  -5.158e-05
  7254  +1.2916275165     10581  +1.2916259766  -1.540e-06
  7255  +1.2924346694     10588  +1.2924804688  +4.580e-05
  7256  +1.2932445382     10594  +1.2932128906  -3.165e-05
  7257  +1.2940571347     10601  +1.2940673828  +1.025e-05
  7258  +1.2948724710     10608  +1.2949218750  +4.940e-05
  7259  +1.2956905590     10614  +1.2956542969  -3.626e-05
  7260  +1.2965114110     10621  +1.2965087891  -2.622e-06
  7261  +1.2973350391     10628  +1.2973632812  +2.824e-05
  7262  +1.2981614556     10635  +1.2982177734  +5.632e-05
  7263  +1.2989906728     10641  +1.2989501953  -4.048e-05
  7264  +1.2998227032     10648  +1.2998046875  -1.802e-05
  7265  +1.3006575593     10655  +1.3006591797  +1.620e-06
  7266  +1.3014952536     10662  +1.3015136719  +1.842e-05
  7267  +1.3023357987     10669  +1.3023681641  +3.237e-05
  7268  +1.3031792074     10676  +1.3032226562  +4.345e-05
  7269  +1.3040254925     10683  +1.3040771484  +5.166e-05
  7270  +1.3048746668     10690  +1.3049316406  +5.697e-05
  7271  +1.3057267432     10697  +1.3057861328  +5.939e-05
  7272  +1.3065817348     10704  +1.3066406250  +5.889e-05
  7273  +1.3074396546     10711  +1.3074951172  +5.546e-05
  7274  +1.3083005159     10718  +1.3083496094  +4.909e-05
  7275  +1.3091643319     10725  +1.3092041016  +3.977e-05
  7276  +1.3100311158     10732  +1.3100585938  +2.748e-05
  7277  +1.3109008812     10739  +1.3109130859  +1.220e-05
  7278  +1.3117736414     10746  +1.3117675781  -6.063e-06
  7279  +1.3126494102     10753  +1.3126220703  -2.734e-05
  7280  +1.3135282010     10760  +1.3134765625  -5.164e-05
  7281  +1.3144100277     10768  +1.3144531250  +4.310e-05
  7282  +1.3152949040     10775  +1.3153076172  +1.271e-05
  7283  +1.3161828439     10782  +1.3161621094  -2.073e-05
  7284  +1.3170738612     10789  +1.3170166016  -5.726e-05
  7285  +1.3179679702     10797  +1.3179931641  +2.519e-05
  7286  +1.3188651850     10804  +1.3188476562  -1.753e-05
  7287  +1.3197655197     10812  +1.3198242188  +5.870e-05
  7288  +1.3206689887     10819  +1.3206787109  +9.722e-06
  7289  +1.3215756064     10826  +1.3215332031  -4.240e-05
  7290  +1.3224853873     10834  +1.3225097656  +2.438e-05
  7291  +1.3233983460     10841  +1.3233642578  -3.409e-05
  7292  +1.3243144971     10849  +1.3243408203  +2.632e-05
  7293  +1.3252338555     10856  +1.3251953125  -3.854e-05
  7294  +1.3261564359     10864  +1.3261718750  +1.544e-05
  7295  +1.3270822534     10871  +1.3270263672  -5.589e-05
  7296  +1.3280113229     10879  +1.3280029297  -8.393e-06
  7297  +1.3289436596     10887  +1.3289794922  +3.583e-05
  7298  +1.3298792788     10894  +1.3298339844  -4.529e-05
  7299  +1.3308181956     10902  +1.3308105469  -7.649e-06
  7300  +1.3317604256     10910  +1.3317871094  +2.668e-05
  7301  +1.3327059843     10918  +1.3327636719  +5.769e-05
  7302  +1.3336548872     10925  +1.3336181641  -3.672e-05
  7303  +1.3346071500     10933  +1.3345947266  -1.242e-05
  7304  +1.3355627886     10941  +1.3355712891  +8.500e-06
  7305  +1.3365218189     10949  +1.3365478516  +2.603e-05
  7306  +1.3374842568     10957  +1.3375244141  +4.016e-05
  7307  +1.3384501184     10965  +1.3385009766  +5.086e-05
  7308  +1.3394194200     10973  +1.3394775391  +5.812e-05
  7309  +1.3403921778     10980  +1.3403320312  -6.015e-05
  7310  +1.3413684083     10988  +1.3413085938  -5.981e-05
  7311  +1.3423481279     10997  +1.3424072266  +5.910e-05
  7312  +1.3433313533     11005  +1.3433837891  +5.244e-05
  7313  +1.3443181011     11013  +1.3443603516  +4.225e-05
  7314  +1.3453083882     11021  +1.3453369141  +2.853e-05
  7315  +1.3463022316     11029  +1.3463134766  +1.124e-05
  7316  +1.3472996482     11037  +1.3472900391  -9.609e-06
  7317  +1.3483006552     11045  +1.3482666016  -3.405e-05
  7318  +1.3493052698     11054  +1.3493652344  +5.996e-05
  7319  +1.3503135095     11062  +1.3503417969  +2.829e-05
  7320  +1.3513253916     11070  +1.3513183594  -7.032e-06
  7321  +1.3523409339     11078  +1.3522949219  -4.601e-05
  7322  +1.3533601539     11087  +1.3533935547  +3.340e-05
  7323  +1.3543830694     11095  +1.3543701172  -1.295e-05
  7324  +1.3554096985     11104  +1.3554687500  +5.905e-05
  7325  +1.3564400592     11112  +1.3564453125  +5.253e-06
  7326  +1.3574741695     11120  +1.3574218750  -5.229e-05
  7327  +1.3585120479     11129  +1.3585205078  +8.460e-06
  7328  +1.3595537126     11137  +1.3594970703  -5.664e-05
  7329  +1.3605991823     11146  +1.3605957031  -3.479e-06
  7330  +1.3616484755     11155  +1.3616943359  +4.586e-05
  7331  +1.3627016109     11163  +1.3626708984  -3.071e-05
  7332  +1.3637586076     11172  +1.3637695312  +1.092e-05
  7333  +1.3648194844     11181  +1.3648681641  +4.868e-05
  7334  +1.3658842606     11189  +1.3658447266  -3.953e-05
  7335  +1.3669529553     11198  +1.3669433594  -9.596e-06
  7336  +1.3680255879     11207  +1.3680419922  +1.640e-05
  7337  +1.3691021780     11216  +1.3691406250  +3.845e-05
  7338  +1.3701827452     11225  +1.3702392578  +5.651e-05
  7339  +1.3712673092     11233  +1.3712158203  -5.149e-05
  7340  +1.3723558900     11242  +1.3723144531  -4.144e-05
  7341  +1.3734485076     11251  +1.3734130859  -3.542e-05
  7342  +1.3745451821     11260  +1.3745117188  -3.346e-05
  7343  +1.3756459338     11269  +1.3756103516  -3.558e-05
  7344  +1.3767507832     11278  +1.3767089844  -4.180e-05
  7345  +1.3778597509     11287  +1.3778076172  -5.213e-05
  7346  +1.3789728575     11297  +1.3790283203  +5.546e-05
  7347  +1.3800901239     11306  +1.3801269531  +3.683e-05
  7348  +1.3812115710     11315  +1.3812255859  +1.401e-05
  7349  +1.3823372201     11324  +1.3823242188  -1.300e-05
  7350  +1.3834670923     11333  +1.3834228516  -4.424e-05
  7351  +1.3846012091     11343  +1.3846435547  +4.235e-05
  7352  +1.3857395920     11352  +1.3857421875  +2.596e-06
  7353  +1.3868822628     11361  +1.3868408203  -4.144e-05
  7354  +1.3880292432     11371  +1.3880615234  +3.228e-05
  7355  +1.3891805554     11380  +1.3891601562  -2.040e-05
  7356  +1.3903362213     11390  +1.3903808594  +4.464e-05
  7357  +1.3914962634     11399  +1.3914794922  -1.677e-05
  7358  +1.3926607041     11409  +1.3927001953  +3.949e-05
  7359  +1.3938295660     11418  +1.3937988281  -3.074e-05
  7360  +1.3950028719     11428  +1.3950195312  +1.666e-05
  7361  +1.3961806446     11438  +1.3962402344  +5.959e-05
  7362  +1.3973629072     11447  +1.3973388672  -2.404e-05
  7363  +1.3985496830     11457  +1.3985595703  +9.887e-06
  7364  +1.3997409954     11467  +1.3997802734  +3.928e-05
  7365  +1.4009368680     11476  +1.4008789062  -5.796e-05
  7366  +1.4021373243     11486  +1.4020996094  -3.771e-05
  7367  +1.4033423885     11496  +1.4033203125  -2.208e-05
  7368  +1.4045520844     11506  +1.4045410156  -1.107e-05
  7369  +1.4057664363     11516  +1.4057617188  -4.718e-06
  7370  +1.4069854685     11526  +1.4069824219  -3.047e-06
  7371  +1.4082092058     11536  +1.4082031250  -6.081e-06
  7372  +1.4094376727     11546  +1.4094238281  -1.384e-05
  7373  +1.4106708942     11556  +1.4106445312  -2.636e-05
  7374  +1.4119088954     11566  +1.4118652344  -4.366e-05
  7375  +1.4131517015     11577  +1.4132080078  +5.631e-05
  7376  +1.4143993379     11587  +1.4144287109  +2.937e-05
  7377  +1.4156518303     11597  +1.4156494141  -2.416e-06
  7378  +1.4169092045     11607  +1.4168701172  -3.909e-05
  7379  +1.4181714864     11618  +1.4182128906  +4.140e-05
  7380  +1.4194387023     11628  +1.4194335938  -5.109e-06
  7381  +1.4207108783     11638  +1.4206542969  -5.658e-05
  7382  +1.4219880412     11649  +1.4219970703  +9.029e-06
  7383  +1.4232702177     11659  +1.4232177734  -5.244e-05
  7384  +1.4245574346     11670  +1.4245605469  +3.112e-06
  7385  +1.4258497190     11681  +1.4259033203  +5.360e-05
  7386  +1.4271470983     11691  +1.4271240234  -2.307e-05
  7387  +1.4284496000     11702  +1.4284667969  +1.720e-05
  7388  +1.4297572518     11713  +1.4298095703  +5.232e-05
  7389  +1.4310700816     11723  +1.4310302734  -3.981e-05
  7390  +1.4323881174     11734  +1.4323730469  -1.507e-05
  7391  +1.4337113877     11745  +1.4337158203  +4.433e-06
  7392  +1.4350399209     11756  +1.4350585938  +1.867e-05
  7393  +1.4363737458     11767  +1.4364013672  +2.762e-05
  7394  +1.4377128912     11778  +1.4377441406  +3.125e-05
  7395  +1.4390573864     11789  +1.4390869141  +2.953e-05
  7396  +1.4404072607     11800  +1.4404296875  +2.243e-05
  7397  +1.4417625436     11811  +1.4417724609  +9.917e-06
  7398  +1.4431232650     11822  +1.4431152344  -8.031e-06
  7399  +1.4444894549     11833  +1.4444580078  -3.145e-05
  7400  +1.4458611435     11844  +1.4458007812  -6.036e-05
  7401  +1.4472383613     11856  +1.4472656250  +2.726e-05
  7402  +1.4486211390     11867  +1.4486083984  -1.274e-05
  7403  +1.4500095074     11878  +1.4499511719  -5.834e-05
  7404  +1.4514034978     11890  +1.4514160156  +1.252e-05
  7405  +1.4528031415     11901  +1.4527587891  -4.435e-05
  7406  +1.4542084701     11913  +1.4542236328  +1.516e-05
  7407  +1.4556195154     11924  +1.4555664062  -5.311e-05
  7408  +1.4570363096     11936  +1.4570312500  -5.060e-06
  7409  +1.4584588849     11948  +1.4584960938  +3.721e-05
  7410  +1.4598872741     11959  +1.4598388672  -4.841e-05
  7411  +1.4613215097     11971  +1.4613037109  -1.780e-05
  7412  +1.4627616250     11983  +1.4627685547  +6.930e-06
  7413  +1.4642076533     11995  +1.4642333984  +2.575e-05
  7414  +1.4656596281     12007  +1.4656982422  +3.861e-05
  7415  +1.4671175832     12019  +1.4671630859  +4.550e-05
  7416  +1.4685815527     12031  +1.4686279297  +4.638e-05
  7417  +1.4700515711     12043  +1.4700927734  +4.120e-05
  7418  +1.4715276728     12055  +1.4715576172  +2.994e-05
  7419  +1.4730098927     12067  +1.4730224609  +1.257e-05
  7420  +1.4744982661     12079  +1.4744873047  -1.096e-05
  7421  +1.4759928282     12091  +1.4759521484  -4.068e-05
  7422  +1.4774936148     12104  +1.4775390625  +4.545e-05
  7423  +1.4790006619     12116  +1.4790039062  +3.244e-06
  7424  +1.4805140057     12128  +1.4804687500  -4.526e-05
  7425  +1.4820336827     12141  +1.4820556641  +2.198e-05
  7426  +1.4835597296     12153  +1.4835205078  -3.922e-05
  7427  +1.4850921837     12166  +1.4851074219  +1.524e-05
  7428  +1.4866310823     12178  +1.4865722656  -5.882e-05
  7429  +1.4881764630     12191  +1.4881591797  -1.728e-05
  7430  +1.4897283638     12204  +1.4897460938  +1.773e-05
  7431  +1.4912868230     12217  +1.4913330078  +4.618e-05
  7432  +1.4928518792     12229  +1.4927978516  -5.403e-05
  7433  +1.4944235712     12242  +1.4943847656  -3.881e-05
  7434  +1.4960019382     12255  +1.4959716797  -3.026e-05
  7435  +1.4975870197     12268  +1.4975585938  -2.843e-05
  7436  +1.4991788555     12281  +1.4991455078  -3.335e-05
  7437  +1.5007774858     12294  +1.5007324219  -4.506e-05
  7438  +1.5023829509     12308  +1.5024414062  +5.846e-05
  7439  +1.5039952916     12321  +1.5040283203  +3.303e-05
  7440  +1.5056145491     12334  +1.5056152344  +6.853e-07
  7441  +1.5072407647     12347  +1.5072021484  -3.862e-05
  7442  +1.5088739802     12361  +1.5089111328  +3.715e-05
  7443  +1.5105142376     12374  +1.5104980469  -1.619e-05
  7444  +1.5121615795     12388  +1.5122070312  +4.545e-05
  7445  +1.5138160485     12401  +1.5137939453  -2.210e-05
  7446  +1.5154776879     12415  +1.5155029297  +2.524e-05
  7447  +1.5171465410     12428  +1.5170898438  -5.670e-05
  7448  +1.5188226517     12442  +1.5187988281  -2.382e-05
  7449  +1.5205060641     12456  +1.5205078125  +1.748e-06
  7450  +1.5221968229     12470  +1.5222167969  +1.997e-05
  7451  +1.5238949729     12484  +1.5239257812  +3.081e-05
  7452  +1.5256005594     12498  +1.5256347656  +3.421e-05
  7453  +1.5273136280     12512  +1.5273437500  +3.012e-05
  7454  +1.5290342247     12526  +1.5290527344  +1.851e-05
  7455  +1.5307623961     12540  +1.5307617188  -6.773e-07
  7456  +1.5324981888     12554  +1.5324707031  -2.749e-05
  7457  +1.5342416500     12569  +1.5343017578  +6.011e-05
  7458  +1.5359928273     12583  +1.5360107422  +1.791e-05
  7459  +1.5377517686     12597  +1.5377197266  -3.204e-05
  7460  +1.5395185224     12612  +1.5395507812  +3.226e-05
  7461  +1.5412931374     12626  +1.5412597656  -3.337e-05
  7462  +1.5430756628     12641  +1.5430908203  +1.516e-05
  7463  +1.5448661481     12656  +1.5449218750  +5.573e-05
  7464  +1.5466646434     12670  +1.5466308594  -3.378e-05
  7465  +1.5484711991     12685  +1.5484619141  -9.285e-06
  7466  +1.5502858661     12700  +1.5502929688  +7.103e-06
  7467  +1.5521086956     12715  +1.5521240234  +1.533e-05
  7468  +1.5539397394     12730  +1.5539550781  +1.534e-05
  7469  +1.5557790497     12745  +1.5557861328  +7.083e-06
  7470  +1.5576266790     12760  +1.5576171875  -9.492e-06
  7471  +1.5594826805     12775  +1.5594482422  -3.444e-05
  7472  +1.5613471076     12791  +1.5614013672  +5.426e-05
  7473  +1.5632200143     12806  +1.5632324219  +1.241e-05
  7474  +1.5651014550     12821  +1.5650634766  -3.798e-05
  7475  +1.5669914848     12837  +1.5670166016  +2.512e-05
  7476  +1.5688901588     12852  +1.5688476562  -4.250e-05
  7477  +1.5707975331     12868  +1.5708007812  +3.248e-06
  7478  +1.5727136640     12884  +1.5727539062  +4.024e-05
  7479  +1.5746386083     12899  +1.5745849609  -5.365e-05
  7480  +1.5765724233     12915  +1.5765380859  -3.434e-05
  7481  +1.5785151670     12931  +1.5784912109  -2.396e-05
  7482  +1.5804668975     12947  +1.5804443359  -2.256e-05
  7483  +1.5824276739     12963  +1.5823974609  -3.021e-05
  7484  +1.5843975555     12979  +1.5843505859  -4.697e-05
  7485  +1.5863766021     12996  +1.5864257812  +4.918e-05
  7486  +1.5883648742     13012  +1.5883789062  +1.403e-05
  7487  +1.5903624328     13028  +1.5903320312  -3.040e-05
  7488  +1.5923693394     13045  +1.5924072266  +3.789e-05
  7489  +1.5943856560     13061  +1.5943603516  -2.530e-05
  7490  +1.5964114453     13078  +1.5964355469  +2.410e-05
  7491  +1.5984467703     13094  +1.5983886719  -5.810e-05
  7492  +1.6004916950     13111  +1.6004638672  -2.783e-05
  7493  +1.6025462835     13128  +1.6025390625  -7.221e-06
  7494  +1.6046106008     13145  +1.6046142578  +3.657e-06
  7495  +1.6066847123     13162  +1.6066894531  +4.741e-06
  7496  +1.6087686841     13179  +1.6087646484  -4.036e-06
  7497  +1.6108625829     13196  +1.6108398438  -2.274e-05
  7498  +1.6129664760     13213  +1.6129150391  -5.144e-05
  7499  +1.6150804311     13231  +1.6151123047  +3.187e-05
  7500  +1.6172045169     13248  +1.6171875000  -1.702e-05
  7501  +1.6193388025     13266  +1.6193847656  +4.596e-05
  7502  +1.6214833577     13283  +1.6214599609  -2.340e-05
  7503  +1.6236382527     13301  +1.6236572266  +1.897e-05
  7504  +1.6258035588     13319  +1.6258544922  +5.093e-05
  7505  +1.6279793477     13336  +1.6279296875  -4.966e-05
  7506  +1.6301656917     13354  +1.6301269531  -3.874e-05
  7507  +1.6323626638     13372  +1.6323242188  -3.845e-05
  7508  +1.6345703378     13390  +1.6345214844  -4.885e-05
  7509  +1.6367887882     13409  +1.6368408203  +5.203e-05
  7510  +1.6390180900     13427  +1.6390380859  +2.000e-05
  7511  +1.6412583191     13445  +1.6412353516  -2.297e-05
  7512  +1.6435095520     13464  +1.6435546875  +4.514e-05
  7513  +1.6457718660     13482  +1.6457519531  -1.991e-05
  7514  +1.6480453391     13501  +1.6480712891  +2.595e-05
  7515  +1.6503300499     13520  +1.6503906250  +6.058e-05
  7516  +1.6526260780     13538  +1.6525878906  -3.819e-05
  7517  +1.6549335035     13557  +1.6549072266  -2.628e-05
  7518  +1.6572524076     13576  +1.6572265625  -2.585e-05
  7519  +1.6595828719     13595  +1.6595458984  -3.697e-05
  7520  +1.6619249790     13614  +1.6618652344  -5.974e-05
  7521  +1.6642788122     13634  +1.6643066406  +2.783e-05
  7522  +1.6666444558     13653  +1.6666259766  -1.848e-05
  7523  +1.6690219946     13673  +1.6690673828  +4.539e-05
  7524  +1.6714115145     13692  +1.6713867188  -2.480e-05
  7525  +1.6738131020     13712  +1.6738281250  +1.502e-05
  7526  +1.6762268447     13732  +1.6762695312  +4.269e-05
  7527  +1.6786528308     13752  +1.6787109375  +5.811e-05
  7528  +1.6810911495     13771  +1.6810302734  -6.088e-05
  7529  +1.6835418908     13792  +1.6835937500  +5.186e-05
  7530  +1.6860051458     13812  +1.6860351562  +3.001e-05
  7531  +1.6884810061     13832  +1.6884765625  -4.444e-06
  7532  +1.6909695647     13852  +1.6909179688  -5.160e-05
  7533  +1.6934709150     13873  +1.6934814453  +1.053e-05
  7534  +1.6959851518     13894  +1.6960449219  +5.977e-05
  7535  +1.6985123705     13914  +1.6984863281  -2.604e-05
  7536  +1.7010526676     13935  +1.7010498047  -2.863e-06
  7537  +1.7036061405     13956  +1.7036132812  +7.141e-06
  7538  +1.7061728877     13977  +1.7061767578  +3.870e-06
  7539  +1.7087530086     13998  +1.7087402344  -1.277e-05
  7540  +1.7113466036     14019  +1.7113037109  -4.289e-05
  7541  +1.7139537741     14041  +1.7139892578  +3.548e-05
  7542  +1.7165746226     14062  +1.7165527344  -2.189e-05
  7543  +1.7192092526     14084  +1.7192382812  +2.903e-05
  7544  +1.7218577686     14105  +1.7218017578  -5.601e-05
  7545  +1.7245202762     14127  +1.7244873047  -3.297e-05
  7546  +1.7271968821     14149  +1.7271728516  -2.403e-05
  7547  +1.7298876942     14171  +1.7298583984  -2.930e-05
  7548  +1.7325928213     14193  +1.7325439453  -4.888e-05
  7549  +1.7353123734     14216  +1.7353515625  +3.919e-05
  7550  +1.7380464618     14238  +1.7380371094  -9.352e-06
  7551  +1.7407951987     14261  +1.7408447266  +4.953e-05
  7552  +1.7435586976     14283  +1.7435302734  -2.842e-05
  7553  +1.7463370732     14306  +1.7463378906  +8.175e-07
  7554  +1.7491304413     14329  +1.7491455078  +1.507e-05
  7555  +1.7519389190     14352  +1.7519531250  +1.421e-05
  7556  +1.7547626248     14375  +1.7547607422  -1.883e-06
  7557  +1.7576016779     14398  +1.7575683594  -3.332e-05
  7558  +1.7604561995     14422  +1.7604980469  +4.185e-05
  7559  +1.7633263114     14445  +1.7633056641  -2.065e-05
  7560  +1.7662121372     14469  +1.7662353516  +2.321e-05
  7561  +1.7691138014     14493  +1.7691650391  +5.124e-05
  7562  +1.7720314303     14516  +1.7719726562  -5.877e-05
  7563  +1.7749651511     14541  +1.7750244141  +5.926e-05
  7564  +1.7779150927     14565  +1.7779541016  +3.901e-05
  7565  +1.7808813852     14589  +1.7808837891  +2.404e-06
  7566  +1.7838641601     14613  +1.7838134766  -5.068e-05
  7567  +1.7868635504     14638  +1.7868652344  +1.684e-06
  7568  +1.7898796905     14663  +1.7899169922  +3.730e-05
  7569  +1.7929127164     14688  +1.7929687500  +5.603e-05
  7570  +1.7959627654     14713  +1.7960205078  +5.774e-05
  7571  +1.7990299764     14738  +1.7990722656  +4.229e-05
  7572  +1.8021144897     14763  +1.8021240234  +9.534e-06
  7573  +1.8052164474     14788  +1.8051757812  -4.067e-05
  7574  +1.8083359929     14814  +1.8083496094  +1.362e-05
  7575  +1.8114732713     14840  +1.8115234375  +5.017e-05
  7576  +1.8146284294     14865  +1.8145751953  -5.323e-05
  7577  +1.8178016155     14891  +1.8177490234  -5.259e-05
  7578  +1.8209929796     14918  +1.8210449219  +5.194e-05
  7579  +1.8242026733     14944  +1.8242187500  +1.608e-05
  7580  +1.8274308502     14970  +1.8273925781  -3.827e-05
  7581  +1.8306776652     14997  +1.8306884766  +1.081e-05
  7582  +1.8339432752     15024  +1.8339843750  +4.110e-05
  7583  +1.8372278390     15051  +1.8372802734  +5.243e-05
  7584  +1.8405315169     15078  +1.8405761719  +4.466e-05
  7585  +1.8438544711     15105  +1.8438720703  +1.760e-05
  7586  +1.8471968659     15132  +1.8471679688  -2.890e-05
  7587  +1.8505588673     15160  +1.8505859375  +2.707e-05
  7588  +1.8539406431     15187  +1.8538818359  -5.881e-05
  7589  +1.8573423631     15215  +1.8572998047  -4.256e-05
  7590  +1.8607641993     15243  +1.8607177734  -4.643e-05
  7591  +1.8642063254     15272  +1.8642578125  +5.149e-05
  7592  +1.8676689172     15300  +1.8676757812  +6.864e-06
  7593  +1.8711521526     15328  +1.8710937500  -5.840e-05
  7594  +1.8746562116     15357  +1.8746337891  -2.242e-05
  7595  +1.8781812762     15386  +1.8781738281  -7.448e-06
  7596  +1.8817275307     15415  +1.8817138672  -1.366e-05
  7597  +1.8852951613     15444  +1.8852539062  -4.126e-05
  7598  +1.8888843568     15474  +1.8889160156  +3.166e-05
  7599  +1.8924953079     15503  +1.8924560547  -3.925e-05
  7600  +1.8961282076     15533  +1.8961181641  -1.004e-05
  7601  +1.8997832516     15563  +1.8997802734  -2.978e-06
  7602  +1.9034606374     15593  +1.9034423828  -1.825e-05
  7603  +1.9071605651     15623  +1.9071044922  -5.607e-05
  7604  +1.9108832374     15654  +1.9108886719  +5.434e-06
  7605  +1.9146288592     15685  +1.9146728516  +4.399e-05
  7606  +1.9183976380     15716  +1.9184570312  +5.939e-05
  7607  +1.9221897837     15747  +1.9222412109  +5.143e-05
  7608  +1.9260055089     15778  +1.9260253906  +1.988e-05
  7609  +1.9298450287     15809  +1.9298095703  -3.546e-05
  7610  +1.9337085610     15841  +1.9337158203  +7.259e-06
  7611  +1.9375963263     15873  +1.9376220703  +2.574e-05
  7612  +1.9415085476     15905  +1.9415283203  +1.977e-05
  7613  +1.9454454510     15937  +1.9454345703  -1.088e-05
  7614  +1.9494072653     15970  +1.9494628906  +5.563e-05
  7615  +1.9533942221     16002  +1.9533691406  -2.508e-05
  7616  +1.9574065558     16035  +1.9573974609  -9.095e-06
  7617  +1.9614445041     16068  +1.9614257812  -1.872e-05
  7618  +1.9655083072     16101  +1.9654541016  -5.421e-05
  7619  +1.9695982088     16135  +1.9696044922  +6.283e-06
  7620  +1.9737144553     16169  +1.9737548828  +4.043e-05
  7621  +1.9778572965     16203  +1.9779052734  +4.798e-05
  7622  +1.9820269854     16237  +1.9820556641  +2.868e-05
  7623  +1.9862237779     16271  +1.9862060547  -1.772e-05
  7624  +1.9904479335     16306  +1.9904785156  +3.058e-05
  7625  +1.9946997151     16341  +1.9947509766  +5.126e-05
  7626  +1.9989793886     16376  +1.9990234375  +4.405e-05
  7627  +2.0032872238     16411  +2.0032958984  +8.675e-06
  7628  +2.0076234937     16446  +2.0075683594  -5.513e-05
  7629  +2.0119884750     16482  +2.0119628906  -2.558e-05
  7630  +2.0163824480     16518  +2.0163574219  -2.503e-05
  7631  +2.0208056966     16554  +2.0207519531  -5.374e-05
  7632  +2.0252585085     16591  +2.0252685547  +1.005e-05
  7633  +2.0297411753     16628  +2.0297851562  +4.398e-05
  7634  +2.0342539923     16665  +2.0343017578  +4.777e-05
  7635  +2.0387972588     16702  +2.0388183594  +2.110e-05
  7636  +2.0433712781     16739  +2.0433349609  -3.632e-05
  7637  +2.0479763576     16777  +2.0479736328  -2.725e-06
  7638  +2.0526128087     16815  +2.0526123047  -5.041e-07
  7639  +2.0572809473     16853  +2.0572509766  -2.997e-05
  7640  +2.0619810931     16892  +2.0620117188  +3.063e-05
  7641  +2.0667135706     16931  +2.0667724609  +5.889e-05
  7642  +2.0714787084     16970  +2.0715332031  +5.449e-05
  7643  +2.0762768399     17009  +2.0762939453  +1.711e-05
  7644  +2.0811083026     17048  +2.0810546875  -5.362e-05
  7645  +2.0859734393     17088  +2.0859375000  -3.594e-05
  7646  +2.0908725969     17128  +2.0908203125  -5.228e-05
  7647  +2.0958061275     17169  +2.0958251953  +1.907e-05
  7648  +2.1007743880     17210  +2.1008300781  +5.569e-05
  7649  +2.1057777401     17251  +2.1058349609  +5.722e-05
  7650  +2.1108165510     17292  +2.1108398438  +2.329e-05
  7651  +2.1158911926     17333  +2.1158447266  -4.647e-05
  7652  +2.1210020424     17375  +2.1209716797  -3.036e-05
  7653  +2.1261494829     17417  +2.1260986328  -5.085e-05
  7654  +2.1313339023     17460  +2.1313476562  +1.375e-05
  7655  +2.1365556944     17503  +2.1365966797  +4.099e-05
  7656  +2.1418152582     17546  +2.1418457031  +3.044e-05
  7657  +2.1471129990     17589  +2.1470947266  -1.827e-05
  7658  +2.1524493275     17633  +2.1524658203  +1.649e-05
  7659  +2.1578246606     17677  +2.1578369141  +1.225e-05
  7660  +2.1632394212     17721  +2.1632080078  -3.141e-05
  7661  +2.1686940381     17766  +2.1687011719  +7.134e-06
  7662  +2.1741889469     17811  +2.1741943359  +5.389e-06
  7663  +2.1797245891     17856  +2.1796875000  -3.709e-05
  7664  +2.1853014129     17902  +2.1853027344  +1.321e-06
  7665  +2.1909198732     17948  +2.1909179688  -1.904e-06
  7666  +2.1965804316     17994  +2.1965332031  -4.723e-05
  7667  +2.2022835565     18041  +2.2022705078  -1.305e-05
  7668  +2.2080297233     18088  +2.2080078125  -2.191e-05
  7669  +2.2138194148     18136  +2.2138671875  +4.777e-05
  7670  +2.2196531207     18183  +2.2196044922  -4.863e-05
  7671  +2.2255313383     18232  +2.2255859375  +5.460e-05
  7672  +2.2314545725     18280  +2.2314453125  -9.260e-06
  7673  +2.2374233358     18329  +2.2374267578  +3.422e-06
  7674  +2.2434381486     18378  +2.2434082031  -2.995e-05
  7675  +2.2494995393     18428  +2.2495117188  +1.218e-05
  7676  +2.2556080443     18478  +2.2556152344  +7.190e-06
  7677  +2.2617642085     18528  +2.2617187500  -4.546e-05
  7678  +2.2679685852     18579  +2.2679443359  -2.425e-05
  7679  +2.2742217362     18630  +2.2741699219  -5.181e-05
  7680  +2.2805242324     18682  +2.2805175781  -6.654e-06
  7681  +2.2868766533     18734  +2.2868652344  -1.142e-05
  7682  +2.2932795879     18787  +2.2933349609  +5.537e-05
  7683  +2.2997336343     18839  +2.2996826172  -5.102e-05
  7684  +2.3062394003     18893  +2.3062744141  +3.501e-05
  7685  +2.3127975031     18946  +2.3127441406  -5.336e-05
  7686  +2.3194085701     19001  +2.3194580078  +4.944e-05
  7687  +2.3260732388     19055  +2.3260498047  -2.343e-05
  7688  +2.3327921568     19110  +2.3327636719  -2.848e-05
  7689  +2.3395659823     19166  +2.3395996094  +3.363e-05
  7690  +2.3463953844     19222  +2.3464355469  +4.016e-05
  7691  +2.3532810429     19278  +2.3532714844  -9.559e-06
  7692  +2.3602236490     19335  +2.3602294922  +5.843e-06
  7693  +2.3672239050     19392  +2.3671875000  -3.641e-05
  7694  +2.3742825253     19450  +2.3742675781  -1.495e-05
  7695  +2.3814002356     19508  +2.3813476562  -5.258e-05
  7696  +2.3885777743     19567  +2.3885498047  -2.797e-05
  7697  +2.3958158919     19627  +2.3958740234  +5.813e-05
  7698  +2.4031153514     19686  +2.4030761719  -3.918e-05
  7699  +2.4104769292     19747  +2.4105224609  +4.553e-05
  7700  +2.4179014144     19807  +2.4178466797  -5.473e-05
  7701  +2.4253896098     19869  +2.4254150391  +2.543e-05
  7702  +2.4329423319     19931  +2.4329833984  +4.107e-05
  7703  +2.4405604113     19993  +2.4405517578  -8.654e-06
  7704  +2.4482446931     20056  +2.4482421875  -2.506e-06
  7705  +2.4559960367     20120  +2.4560546875  +5.865e-05
  7706  +2.4638153168     20184  +2.4638671875  +5.187e-05
  7707  +2.4717034234     20248  +2.4716796875  -2.374e-05
  7708  +2.4796612620     20313  +2.4796142578  -4.700e-05
  7709  +2.4876897543     20379  +2.4876708984  -1.886e-05
  7710  +2.4957898381     20446  +2.4958496094  +5.977e-05
  7711  +2.5039624682     20512  +2.5039062500  -5.622e-05
  7712  +2.5122086164     20580  +2.5122070312  -1.585e-06
  7713  +2.5205292719     20648  +2.5205078125  -2.146e-05
  7714  +2.5289254419     20717  +2.5289306641  +5.222e-06
  7715  +2.5373981518     20786  +2.5373535156  -4.464e-05
  7716  +2.5459484457     20856  +2.5458984375  -5.001e-05
  7717  +2.5545773869     20927  +2.5545654297  -1.196e-05
  7718  +2.5632860582     20998  +2.5632324219  -5.364e-05
  7719  +2.5720755625     21070  +2.5720214844  -5.408e-05
  7720  +2.5809470232     21143  +2.5809326172  -1.441e-05
  7721  +2.5899015844     21216  +2.5898437500  -5.783e-05
  7722  +2.5989404121     21291  +2.5989990234  +5.861e-05
  7723  +2.6080646939     21365  +2.6080322266  -3.247e-05
  7724  +2.6172756401     21441  +2.6173095703  +3.393e-05
  7725  +2.6265744838     21517  +2.6265869141  +1.243e-05
  7726  +2.6359624819     21594  +2.6359863281  +2.385e-05
  7727  +2.6454409152     21671  +2.6453857422  -5.517e-05
  7728  +2.6550110895     21750  +2.6550292969  +1.821e-05
  7729  +2.6646743357     21829  +2.6646728516  -1.484e-06
  7730  +2.6744320106     21909  +2.6744384766  +6.466e-06
  7731  +2.6842854978     21990  +2.6843261719  +4.067e-05
  7732  +2.6942362079     22071  +2.6942138672  -2.234e-05
  7733  +2.7042855794     22154  +2.7043457031  +6.012e-05
  7734  +2.7144350795     22237  +2.7144775391  +4.246e-05
  7735  +2.7246862046     22321  +2.7247314453  +4.524e-05
  7736  +2.7350404813     22405  +2.7349853516  -5.513e-05
  7737  +2.7454994667     22491  +2.7454833984  -1.607e-05
  7738  +2.7560647497     22578  +2.7561035156  +3.877e-05
  7739  +2.7667379515     22665  +2.7667236328  -1.432e-05
  7740  +2.7775207266     22753  +2.7774658203  -5.491e-05
  7741  +2.7884147633     22843  +2.7884521484  +3.739e-05
  7742  +2.7994217851     22933  +2.7994384766  +1.669e-05
  7743  +2.8105435512     23024  +2.8105468750  +3.324e-06
  7744  +2.8217818577     23116  +2.8217773438  -4.514e-06
  7745  +2.8331385383     23209  +2.8331298828  -8.655e-06
  7746  +2.8446154656     23303  +2.8446044922  -1.097e-05
  7747  +2.8562145518     23398  +2.8562011719  -1.338e-05
  7748  +2.8679377502     23494  +2.8679199219  -1.783e-05
  7749  +2.8797870558     23591  +2.8797607422  -2.631e-05
  7750  +2.8917645066     23689  +2.8917236328  -4.087e-05
  7751  +2.9038721852     23789  +2.9039306641  +5.848e-05
  7752  +2.9161122192     23889  +2.9161376953  +2.548e-05
  7753  +2.9284867833     23990  +2.9284667969  -1.999e-05
  7754  +2.9409980997     24093  +2.9410400391  +4.194e-05
  7755  +2.9536484404     24196  +2.9536132812  -3.516e-05
  7756  +2.9664401278     24301  +2.9664306641  -9.464e-06
  7757  +2.9793755363     24407  +2.9793701172  -5.419e-06
  7758  +2.9924570942     24514  +2.9924316406  -2.545e-05
  7759  +3.0056872845     24623  +3.0057373047  +5.002e-05
  7760  +3.0190686472     24732  +3.0190429688  -2.568e-05
  7761  +3.0326037804     24843  +3.0325927734  -1.101e-05
  7762  +3.0462953422     24955  +3.0462646484  -3.069e-05
  7763  +3.0601460524     25069  +3.0601806641  +3.461e-05
  7764  +3.0741586942     25184  +3.0742187500  +6.006e-05
  7765  +3.0883361164     25300  +3.0883789062  +4.279e-05
  7766  +3.1026812349     25417  +3.1026611328  -2.010e-05
  7767  +3.1171970350     25536  +3.1171875000  -9.535e-06
  7768  +3.1318865733     25656  +3.1318359375  -5.064e-05
  7769  +3.1467529800     25778  +3.1467285156  -2.446e-05
  7770  +3.1617994609     25901  +3.1617431641  -5.630e-05
  7771  +3.1770293000     26026  +3.1770019531  -2.735e-05
  7772  +3.1924458617     26153  +3.1925048828  +5.902e-05
  7773  +3.2080525930     26280  +3.2080078125  -4.478e-05
  7774  +3.2238530269     26410  +3.2238769531  +2.393e-05
  7775  +3.2398507842     26541  +3.2398681641  +1.738e-05
  7776  +3.2560495766     26674  +3.2561035156  +5.394e-05
  7777  +3.2724532097     26808  +3.2724609375  +7.728e-06
  7778  +3.2890655859     26944  +3.2890625000  -3.086e-06
  7779  +3.3058907072     27082  +3.3059082031  +1.750e-05
  7780  +3.3229326790     27221  +3.3228759766  -5.670e-05
  7781  +3.3401957129     27363  +3.3402099609  +1.425e-05
  7782  +3.3576841303     27506  +3.3576660156  -1.811e-05
  7783  +3.3754023662     27651  +3.3753662109  -3.616e-05
  7784  +3.3933549730     27798  +3.3933105469  -4.443e-05
  7785  +3.4115466239     27947  +3.4114990234  -4.760e-05
  7786  +3.4299821174     28098  +3.4299316406  -5.048e-05
  7787  +3.4486663816     28251  +3.4486083984  -5.798e-05
  7788  +3.4676044781     28407  +3.4676513672  +4.689e-05
  7789  +3.4868016070     28564  +3.4868164062  +1.480e-05
  7790  +3.5062631115     28723  +3.5062255859  -3.753e-05
  7791  +3.5259944830     28885  +3.5260009766  +6.494e-06
  7792  +3.5460013659     29049  +3.5460205078  +1.914e-05
  7793  +3.5662895635     29215  +3.5662841797  -5.384e-06
  7794  +3.5868650431     29384  +3.5869140625  +4.902e-05
  7795  +3.6077339423     29555  +3.6077880859  +5.414e-05
  7796  +3.6289025748     29728  +3.6289062500  +3.675e-06
  7797  +3.6503774369     29904  +3.6503906250  +1.319e-05
  7798  +3.6721652139     30082  +3.6721191406  -4.607e-05
  7799  +3.6942727876     30263  +3.6942138672  -5.892e-05
  7800  +3.7167072429     30447  +3.7166748047  -3.244e-05
  7801  +3.7394758758     30634  +3.7395019531  +2.608e-05
  7802  +3.7625862012     30823  +3.7625732422  -1.296e-05
  7803  +3.7860459610     31015  +3.7860107422  -3.522e-05
  7804  +3.8098631330     31210  +3.8098144531  -4.868e-05
  7805  +3.8340459398     31409  +3.8341064453  +6.051e-05
  7806  +3.8586028583     31610  +3.8586425781  +3.972e-05
  7807  +3.8835426296     31814  +3.8835449219  +2.292e-06
  7808  +3.9088742693     32021  +3.9088134766  -6.079e-05
  7809  +3.9346070786     32232  +3.9345703125  -3.677e-05
  7810  +3.9607506553     32446  +3.9606933594  -5.730e-05
  7811  +3.9873149061     32664  +3.9873046875  -1.022e-05
  7812  +4.0143100590     32885  +4.0142822266  -2.783e-05
  7813  +4.0417466763     33110  +4.0417480469  +1.371e-06
  7814  +4.0696356685     33338  +4.0695800781  -5.559e-05
  7815  +4.0979883087     33571  +4.0980224609  +3.415e-05
  7816  +4.1268162480     33807  +4.1268310547  +1.481e-05
  7817  +4.1561315311     34047  +4.1561279297  -3.601e-06
  7818  +4.1859466133     34291  +4.1859130859  -3.353e-05
  7819  +4.2162743783     34540  +4.2163085938  +3.422e-05
  7820  +4.2471281562     34792  +4.2470703125  -5.784e-05
  7821  +4.2785217438     35050  +4.2785644531  +4.271e-05
  7822  +4.3104694246     35311  +4.3104248047  -4.462e-05
  7823  +4.3429859905     35578  +4.3430175781  +3.159e-05
  7824  +4.3760867650     35849  +4.3760986328  +1.187e-05
  7825  +4.4097876269     36125  +4.4097900391  +2.412e-06
  7826  +4.4441050358     36406  +4.4440917969  -1.324e-05
  7827  +4.4790560592     36692  +4.4790039062  -5.215e-05
  7828  +4.5146584003     36984  +4.5146484375  -9.963e-06
  7829  +4.5509304281     37281  +4.5509033203  -2.711e-05
  7830  +4.5878912092     37584  +4.5878906250  -5.842e-07
  7831  +4.6255605410     37893  +4.6256103516  +4.981e-05
  7832  +4.6639589869     38207  +4.6639404297  -1.856e-05
  7833  +4.7031079143     38528  +4.7031250000  +1.709e-05
  7834  +4.7430295334     38855  +4.7430419922  +1.246e-05
  7835  +4.7837469402     39188  +4.7836914062  -5.553e-05
  7836  +4.8252841600     39529  +4.8253173828  +3.322e-05
  7837  +4.8676661956     39876  +4.8676757812  +9.586e-06
  7838  +4.9109190768     40230  +4.9108886719  -3.040e-05
  7839  +4.9550699141     40592  +4.9550781250  +8.211e-06
  7840  +5.0001469552     40961  +5.0001220703  -2.488e-05
  7841  +5.0461796453     41338  +5.0461425781  -3.707e-05
  7842  +5.0931986910     41723  +5.0931396484  -5.904e-05
  7843  +5.1412361292     42117  +5.1412353516  -7.776e-07
  7844  +5.1903253991     42519  +5.1903076172  -1.778e-05
  7845  +5.2405014205     42930  +5.2404785156  -2.290e-05
  7846  +5.2918006761     43350  +5.2917480469  -5.263e-05
  7847  +5.3442613002     43780  +5.3442382812  -2.302e-05
  7848  +5.3979231734     44220  +5.3979492188  +2.605e-05
  7849  +5.4528280232     44670  +5.4528808594  +5.284e-05
  7850  +5.5090195327     45130  +5.5090332031  +1.367e-05
  7851  +5.5665434561     45601  +5.5665283203  -1.514e-05
  7852  +5.6254477433     46084  +5.6254882812  +4.054e-05
  7853  +5.6857826726     46578  +5.6857910156  +8.343e-06
  7854  +5.7476009947     47084  +5.7475585938  -4.240e-05
  7855  +5.8109580855     47603  +5.8109130859  -4.500e-05
  7856  +5.8759121124     48135  +5.8758544922  -5.762e-05
  7857  +5.9425242115     48681  +5.9425048828  -1.933e-05
  7858  +6.0108586805     49241  +6.0108642578  +5.577e-06
  7859  +6.0809831847     49815  +6.0809326172  -5.057e-05
  7860  +6.1529689812     50405  +6.1529541016  -1.488e-05
  7861  +6.2268911600     51011  +6.2269287109  +3.755e-05
  7862  +6.3028289051     51633  +6.3028564453  +2.754e-05
  7863  +6.3808657778     52272  +6.3808593750  -6.403e-06
  7864  +6.4610900232     52929  +6.4610595703  -3.045e-05
  7865  +6.5435949028     53605  +6.5435791016  -1.580e-05
  7866  +6.6284790563     54301  +6.6285400391  +6.098e-05
  7867  +6.7158468951     55016  +6.7158203125  -2.658e-05
  7868  +6.8058090304     55753  +6.8057861328  -2.290e-05
  7869  +6.8984827403     56512  +6.8984375000  -4.524e-05
  7870  +6.9939924801     57295  +6.9940185547  +2.607e-05
  7871  +7.0924704395     58102  +7.0925292969  +5.886e-05
  7872  +7.1940571531     58934  +7.1940917969  +3.464e-05
  7873  +7.2989021694     59793  +7.2989501953  +4.803e-05
  7874  +7.4071647850     60679  +7.4071044922  -6.029e-05
  7875  +7.5190148525     61596  +7.5190429688  +2.812e-05
  7876  +7.6346336694     62543  +7.6346435547  +9.885e-06
  7877  +7.7542149581     63523  +7.7542724609  +5.750e-05
  7878  +7.8779659496     64536  +7.8779296875  -3.626e-05
  7879  +8.0061085815     65586  +8.0061035156  -5.066e-06
  7880  +8.1388808258     66674  +8.1389160156  +3.519e-05
  7881  +8.2765381643     67801  +8.2764892578  -4.891e-05
  7882  +8.4193552285     68971  +8.4193115234  -4.371e-05
  7883  +8.5676276284     70186  +8.5676269531  -6.753e-07
  7884  +8.7216739948     71448  +8.7216796875  +5.693e-06
  7885  +8.8818382642     72760  +8.8818359375  -2.327e-06
  7886  +9.0484922424     74125  +9.0484619141  -3.033e-05
  7887  +9.2220384852     75547  +9.2220458984  +7.413e-06
  7888  +9.4029135449     77029  +9.4029541016  +4.056e-05
  7889  +9.5915916361     78574  +9.5915527344  -3.890e-05
  7890  +9.7885887870     80188  +9.7885742188  -1.457e-05
  7891  +9.9944675517     81875  +9.9945068359  +3.928e-05
  7892  +10.2098423747     83639  +10.2098388672  -3.507e-06
  7893  +10.4353857150     85487  +10.4354248047  +3.909e-05
  7894  +10.6718350588     87424  +10.6718750000  +3.994e-05
  7895  +10.9200009742     89457  +10.9200439453  +4.297e-05
  7896  +11.1807763938     91593  +11.1807861328  +9.739e-06
  7897  +11.4551473492     93841  +11.4552001953  +5.285e-05
  7898  +11.7442054287     96209  +11.7442626953  +5.727e-05
  7899  +12.0491622911     98707  +12.0491943359  +3.204e-05
  7900  +12.3713666414    101346  +12.3713378906  -2.875e-05
  7901  +12.7123241704    104139  +12.7122802734  -4.390e-05
  7902  +13.0737210805    107100  +13.0737304688  +9.388e-06
  7903  +13.4574519724    110243  +13.4573974609  -5.451e-05
  7904  +13.8656530662    113587  +13.8656005859  -5.248e-05
  7905  +14.3007419875    117152  +14.3007812500  +3.926e-05
  7906  +14.7654656822    120959  +14.7655029297  +3.725e-05
  7907  +15.2629584670    125034  +15.2629394531  -1.901e-05
  7908  +15.7968128074    129407  +15.7967529297  -5.988e-05
  7909  +16.3711662037    134113  +16.3712158203  +4.962e-05
  7910  +16.9908086285    139189  +16.9908447266  +3.610e-05
  7911  +17.6613164223    144682  +17.6613769531  +6.053e-05
  7912  +18.3892205714    150644  +18.3891601562  -6.042e-05
  7913  +19.1822201317    157141  +19.1822509766  +3.084e-05
  7914  +20.0494555881    164245  +20.0494384766  -1.711e-05
  7915  +21.0018627517    172047  +21.0018310547  -3.170e-05
  7916  +22.0526363074    180655  +22.0526123047  -2.400e-05
  7917  +23.2178448057    190201  +23.2178955078  +5.070e-05
  7918  +24.5172581467    200845  +24.5172119141  -4.623e-05
  7919  +25.9754784493    212791  +25.9754638672  -1.458e-05
  7920  +27.6235125188    226292  +27.6235351562  +2.264e-05
  7921  +29.5010011035    241672  +29.5009765625  -2.454e-05
  7922  +31.6594489338    259354  +31.6594238281  -2.511e-05
  7923  +34.1670220984    279896  +34.1669921875  -2.991e-05
  7924  +37.1158781131    304053  +37.1158447266  -3.339e-05
  7925  +40.6337391268    332872  +40.6337890625  +4.994e-05
  7926  +44.9028798280    367844  +44.9028320312  -4.780e-05
  7927  +50.1927347673    411179  +50.1927490234  +1.426e-05
  7928  +56.9190694225    466281  +56.9190673828  -2.040e-06
  7929  +65.7589285150    538697  +65.7589111328  -1.738e-05
  7930  +77.8941361053    638109  +77.8941650391  +2.893e-05
  7931  +95.5894979887    783069  +95.5894775391  -2.045e-05
  7932  +123.8019512765   1014186  +123.8020019531  +5.068e-05
  7933  +175.8719939854   1440743  +175.8719482422  -4.574e-05
  7934  +304.2310170811   2492260  +304.2309570312  -6.005e-05
  7935  +1000.0000000000   8192000  +1000.0000000000  +0.000e+00
  7936  +1000.0000000000   8192000  +1000.0000000000  +0.000e+00
  7937  +1000.0000000000   8192000  +1000.0000000000  +0.000e+00
  7938  +1000.0000000000   8192000  +1000.0000000000  +0.000e+00
  7939  +1000.0000000000   8192000  +1000.0000000000  +0.000e+00
  7940  +1000.0000000000   8192000  +1000.0000000000  +0.000e+00
  7941  +1000.0000000000   8192000  +1000.0000000000  +0.000e+00
  7942  +1000.0000000000   8192000  +1000.0000000000  +0.000e+00
  7943  +1000.0000000000   8192000  +1000.0000000000  +0.000e+00
  7944  +1000.0000000000   8192000  +1000.0000000000  +0.000e+00
  7945  +1000.0000000000   8192000  +1000.0000000000  +0.000e+00
  7946  +1000.0000000000   8192000  +1000.0000000000  +0.000e+00
  7947  +1000.0000000000   8192000  +1000.0000000000  +0.000e+00
  7948  +1000.0000000000   8192000  +1000.0000000000  +0.000e+00
  7949  +1000.0000000000   8192000  +1000.0000000000  +0.000e+00
  7950  +1000.0000000000   8192000  +1000.0000000000  +0.000e+00
  7951  +1000.0000000000   8192000  +1000.0000000000  +0.000e+00
  7952  +1000.0000000000   8192000  +1000.0000000000  +0.000e+00
  7953  +1000.0000000000   8192000  +1000.0000000000  +0.000e+00
  7954  +1000.0000000000   8192000  +1000.0000000000  +0.000e+00
  7955  +1000.0000000000   8192000  +1000.0000000000  +0.000e+00
  7956  +1000.0000000000   8192000  +1000.0000000000  +0.000e+00
  7957  +1000.0000000000   8192000  +1000.0000000000  +0.000e+00
  7958  +1000.0000000000   8192000  +1000.0000000000  +0.000e+00
  7959  +1000.0000000000   8192000  +1000.0000000000  +0.000e+00
  7960  +1000.0000000000   8192000  +1000.0000000000  +0.000e+00
  7961  +1000.0000000000   8192000  +1000.0000000000  +0.000e+00
  7962  +1000.0000000000   8192000  +1000.0000000000  +0.000e+00
  7963  +1000.0000000000   8192000  +1000.0000000000  +0.000e+00
  7964  +1000.0000000000   8192000  +1000.0000000000  +0.000e+00
  7965  +1000.0000000000   8192000  +1000.0000000000  +0.000e+00
  7966  +1000.0000000000   8192000  +1000.0000000000  +0.000e+00
  7967  +1000.0000000000   8192000  +1000.0000000000  +0.000e+00
  7968  +1000.0000000000   8192000  +1000.0000000000  +0.000e+00
  7969  +1000.0000000000   8192000  +1000.0000000000  +0.000e+00
  7970  +1000.0000000000   8192000  +1000.0000000000  +0.000e+00
  7971  +1000.0000000000   8192000  +1000.0000000000  +0.000e+00
  7972  +1000.0000000000   8192000  +1000.0000000000  +0.000e+00
  7973  +1000.0000000000   8192000  +1000.0000000000  +0.000e+00
  7974  +1000.0000000000   8192000  +1000.0000000000  +0.000e+00
  7975  +1000.0000000000   8192000  +1000.0000000000  +0.000e+00
  7976  +1000.0000000000   8192000  +1000.0000000000  +0.000e+00
  7977  +1000.0000000000   8192000  +1000.0000000000  +0.000e+00
  7978  +1000.0000000000   8192000  +1000.0000000000  +0.000e+00
  7979  +1000.0000000000   8192000  +1000.0000000000  +0.000e+00
  7980  +1000.0000000000   8192000  +1000.0000000000  +0.000e+00
  7981  +1000.0000000000   8192000  +1000.0000000000  +0.000e+00
  7982  +1000.0000000000   8192000  +1000.0000000000  +0.000e+00
  7983  +1000.0000000000   8192000  +1000.0000000000  +0.000e+00
  7984  +1000.0000000000   8192000  +1000.0000000000  +0.000e+00
  7985  +1000.0000000000   8192000  +1000.0000000000  +0.000e+00
  7986  +1000.0000000000   8192000  +1000.0000000000  +0.000e+00
  7987  +1000.0000000000   8192000  +1000.0000000000  +0.000e+00
  7988  +1000.0000000000   8192000  +1000.0000000000  +0.000e+00
  7989  +1000.0000000000   8192000  +1000.0000000000  +0.000e+00
  7990  +1000.0000000000   8192000  +1000.0000000000  +0.000e+00
  7991  +1000.0000000000   8192000  +1000.0000000000  +0.000e+00
  7992  +1000.0000000000   8192000  +1000.0000000000  +0.000e+00
  7993  +1000.0000000000   8192000  +1000.0000000000  +0.000e+00
  7994  +1000.0000000000   8192000  +1000.0000000000  +0.000e+00
  7995  +1000.0000000000   8192000  +1000.0000000000  +0.000e+00
  7996  +1000.0000000000   8192000  +1000.0000000000  +0.000e+00
  7997  +1000.0000000000   8192000  +1000.0000000000  +0.000e+00
  7998  +1000.0000000000   8192000  +1000.0000000000  +0.000e+00
  7999  +1000.0000000000   8192000  +1000.0000000000  +0.000e+00
  8000  +1000.0000000000   8192000  +1000.0000000000  +0.000e+00
  8001  +1000.0000000000   8192000  +1000.0000000000  +0.000e+00
  8002  +1000.0000000000   8192000  +1000.0000000000  +0.000e+00
  8003  +1000.0000000000   8192000  +1000.0000000000  +0.000e+00
  8004  +1000.0000000000   8192000  +1000.0000000000  +0.000e+00
  8005  +1000.0000000000   8192000  +1000.0000000000  +0.000e+00
  8006  +1000.0000000000   8192000  +1000.0000000000  +0.000e+00
  8007  +1000.0000000000   8192000  +1000.0000000000  +0.000e+00
  8008  +1000.0000000000   8192000  +1000.0000000000  +0.000e+00
  8009  +1000.0000000000   8192000  +1000.0000000000  +0.000e+00
  8010  +1000.0000000000   8192000  +1000.0000000000  +0.000e+00
  8011  +1000.0000000000   8192000  +1000.0000000000  +0.000e+00
  8012  +1000.0000000000   8192000  +1000.0000000000  +0.000e+00
  8013  +1000.0000000000   8192000  +1000.0000000000  +0.000e+00
  8014  +1000.0000000000   8192000  +1000.0000000000  +0.000e+00
  8015  +1000.0000000000   8192000  +1000.0000000000  +0.000e+00
  8016  +1000.0000000000   8192000  +1000.0000000000  +0.000e+00
  8017  +1000.0000000000   8192000  +1000.0000000000  +0.000e+00
  8018  +1000.0000000000   8192000  +1000.0000000000  +0.000e+00
  8019  +1000.0000000000   8192000  +1000.0000000000  +0.000e+00
  8020  +1000.0000000000   8192000  +1000.0000000000  +0.000e+00
  8021  +1000.0000000000   8192000  +1000.0000000000  +0.000e+00
  8022  +1000.0000000000   8192000  +1000.0000000000  +0.000e+00
  8023  +1000.0000000000   8192000  +1000.0000000000  +0.000e+00
  8024  +1000.0000000000   8192000  +1000.0000000000  +0.000e+00
  8025  +1000.0000000000   8192000  +1000.0000000000  +0.000e+00
  8026  +1000.0000000000   8192000  +1000.0000000000  +0.000e+00
  8027  +1000.0000000000   8192000  +1000.0000000000  +0.000e+00
  8028  +1000.0000000000   8192000  +1000.0000000000  +0.000e+00
  8029  +1000.0000000000   8192000  +1000.0000000000  +0.000e+00
  8030  +1000.0000000000   8192000  +1000.0000000000  +0.000e+00
  8031  +1000.0000000000   8192000  +1000.0000000000  +0.000e+00
  8032  +1000.0000000000   8192000  +1000.0000000000  +0.000e+00
  8033  +1000.0000000000   8192000  +1000.0000000000  +0.000e+00
  8034  +1000.0000000000   8192000  +1000.0000000000  +0.000e+00
  8035  +1000.0000000000   8192000  +1000.0000000000  +0.000e+00
  8036  +1000.0000000000   8192000  +1000.0000000000  +0.000e+00
  8037  +1000.0000000000   8192000  +1000.0000000000  +0.000e+00
  8038  +1000.0000000000   8192000  +1000.0000000000  +0.000e+00
  8039  +1000.0000000000   8192000  +1000.0000000000  +0.000e+00
  8040  +1000.0000000000   8192000  +1000.0000000000  +0.000e+00
  8041  +1000.0000000000   8192000  +1000.0000000000  +0.000e+00
  8042  +1000.0000000000   8192000  +1000.0000000000  +0.000e+00
  8043  +1000.0000000000   8192000  +1000.0000000000  +0.000e+00
  8044  +1000.0000000000   8192000  +1000.0000000000  +0.000e+00
  8045  +1000.0000000000   8192000  +1000.0000000000  +0.000e+00
  8046  +1000.0000000000   8192000  +1000.0000000000  +0.000e+00
  8047  +1000.0000000000   8192000  +1000.0000000000  +0.000e+00
  8048  +1000.0000000000   8192000  +1000.0000000000  +0.000e+00
  8049  +1000.0000000000   8192000  +1000.0000000000  +0.000e+00
  8050  +1000.0000000000   8192000  +1000.0000000000  +0.000e+00
  8051  +1000.0000000000   8192000  +1000.0000000000  +0.000e+00
  8052  +1000.0000000000   8192000  +1000.0000000000  +0.000e+00
  8053  +1000.0000000000   8192000  +1000.0000000000  +0.000e+00
  8054  +1000.0000000000   8192000  +1000.0000000000  +0.000e+00
  8055  +1000.0000000000   8192000  +1000.0000000000  +0.000e+00
  8056  +1000.0000000000   8192000  +1000.0000000000  +0.000e+00
  8057  +1000.0000000000   8192000  +1000.0000000000  +0.000e+00
  8058  +1000.0000000000   8192000  +1000.0000000000  +0.000e+00
  8059  +1000.0000000000   8192000  +1000.0000000000  +0.000e+00
  8060  +1000.0000000000   8192000  +1000.0000000000  +0.000e+00
  8061  +1000.0000000000   8192000  +1000.0000000000  +0.000e+00
  8062  +1000.0000000000   8192000  +1000.0000000000  +0.000e+00
  8063  +1000.0000000000   8192000  +1000.0000000000  +0.000e+00
  8064  +1000.0000000000   8192000  +1000.0000000000  +0.000e+00
  8065  +1000.0000000000   8192000  +1000.0000000000  +0.000e+00
  8066  +1000.0000000000   8192000  +1000.0000000000  +0.000e+00
  8067  +1000.0000000000   8192000  +1000.0000000000  +0.000e+00
  8068  +1000.0000000000   8192000  +1000.0000000000  +0.000e+00
  8069  +1000.0000000000   8192000  +1000.0000000000  +0.000e+00
  8070  +1000.0000000000   8192000  +1000.0000000000  +0.000e+00
  8071  +1000.0000000000   8192000  +1000.0000000000  +0.000e+00
  8072  +1000.0000000000   8192000  +1000.0000000000  +0.000e+00
  8073  +1000.0000000000   8192000  +1000.0000000000  +0.000e+00
  8074  +1000.0000000000   8192000  +1000.0000000000  +0.000e+00
  8075  +1000.0000000000   8192000  +1000.0000000000  +0.000e+00
  8076  +1000.0000000000   8192000  +1000.0000000000  +0.000e+00
  8077  +1000.0000000000   8192000  +1000.0000000000  +0.000e+00
  8078  +1000.0000000000   8192000  +1000.0000000000  +0.000e+00
  8079  +1000.0000000000   8192000  +1000.0000000000  +0.000e+00
  8080  +1000.0000000000   8192000  +1000.0000000000  +0.000e+00
  8081  +1000.0000000000   8192000  +1000.0000000000  +0.000e+00
  8082  +1000.0000000000   8192000  +1000.0000000000  +0.000e+00
  8083  +1000.0000000000   8192000  +1000.0000000000  +0.000e+00
  8084  +1000.0000000000   8192000  +1000.0000000000  +0.000e+00
  8085  +1000.0000000000   8192000  +1000.0000000000  +0.000e+00
  8086  +1000.0000000000   8192000  +1000.0000000000  +0.000e+00
  8087  +1000.0000000000   8192000  +1000.0000000000  +0.000e+00
  8088  +1000.0000000000   8192000  +1000.0000000000  +0.000e+00
  8089  +1000.0000000000   8192000  +1000.0000000000  +0.000e+00
  8090  +1000.0000000000   8192000  +1000.0000000000  +0.000e+00
  8091  +1000.0000000000   8192000  +1000.0000000000  +0.000e+00
  8092  +1000.0000000000   8192000  +1000.0000000000  +0.000e+00
  8093  +1000.0000000000   8192000  +1000.0000000000  +0.000e+00
  8094  +1000.0000000000   8192000  +1000.0000000000  +0.000e+00
  8095  +1000.0000000000   8192000  +1000.0000000000  +0.000e+00
  8096  +1000.0000000000   8192000  +1000.0000000000  +0.000e+00
  8097  +1000.0000000000   8192000  +1000.0000000000  +0.000e+00
  8098  +1000.0000000000   8192000  +1000.0000000000  +0.000e+00
  8099  +1000.0000000000   8192000  +1000.0000000000  +0.000e+00
  8100  +1000.0000000000   8192000  +1000.0000000000  +0.000e+00
  8101  +1000.0000000000   8192000  +1000.0000000000  +0.000e+00
  8102  +1000.0000000000   8192000  +1000.0000000000  +0.000e+00
  8103  +1000.0000000000   8192000  +1000.0000000000  +0.000e+00
  8104  +1000.0000000000   8192000  +1000.0000000000  +0.000e+00
  8105  +1000.0000000000   8192000  +1000.0000000000  +0.000e+00
  8106  +1000.0000000000   8192000  +1000.0000000000  +0.000e+00
  8107  +1000.0000000000   8192000  +1000.0000000000  +0.000e+00
  8108  +1000.0000000000   8192000  +1000.0000000000  +0.000e+00
  8109  +1000.0000000000   8192000  +1000.0000000000  +0.000e+00
  8110  +1000.0000000000   8192000  +1000.0000000000  +0.000e+00
  8111  +1000.0000000000   8192000  +1000.0000000000  +0.000e+00
  8112  +1000.0000000000   8192000  +1000.0000000000  +0.000e+00
  8113  +1000.0000000000   8192000  +1000.0000000000  +0.000e+00
  8114  +1000.0000000000   8192000  +1000.0000000000  +0.000e+00
  8115  +1000.0000000000   8192000  +1000.0000000000  +0.000e+00
  8116  +1000.0000000000   8192000  +1000.0000000000  +0.000e+00
  8117  +1000.0000000000   8192000  +1000.0000000000  +0.000e+00
  8118  +1000.0000000000   8192000  +1000.0000000000  +0.000e+00
  8119  +1000.0000000000   8192000  +1000.0000000000  +0.000e+00
  8120  +1000.0000000000   8192000  +1000.0000000000  +0.000e+00
  8121  +1000.0000000000   8192000  +1000.0000000000  +0.000e+00
  8122  +1000.0000000000   8192000  +1000.0000000000  +0.000e+00
  8123  +1000.0000000000   8192000  +1000.0000000000  +0.000e+00
  8124  +1000.0000000000   8192000  +1000.0000000000  +0.000e+00
  8125  +1000.0000000000   8192000  +1000.0000000000  +0.000e+00
  8126  +1000.0000000000   8192000  +1000.0000000000  +0.000e+00
  8127  +1000.0000000000   8192000  +1000.0000000000  +0.000e+00
  8128  +1000.0000000000   8192000  +1000.0000000000  +0.000e+00
  8129  +1000.0000000000   8192000  +1000.0000000000  +0.000e+00
  8130  +1000.0000000000   8192000  +1000.0000000000  +0.000e+00
  8131  +1000.0000000000   8192000  +1000.0000000000  +0.000e+00
  8132  +1000.0000000000   8192000  +1000.0000000000  +0.000e+00
  8133  +1000.0000000000   8192000  +1000.0000000000  +0.000e+00
  8134  +1000.0000000000   8192000  +1000.0000000000  +0.000e+00
  8135  +1000.0000000000   8192000  +1000.0000000000  +0.000e+00
  8136  +1000.0000000000   8192000  +1000.0000000000  +0.000e+00
  8137  +1000.0000000000   8192000  +1000.0000000000  +0.000e+00
  8138  +1000.0000000000   8192000  +1000.0000000000  +0.000e+00
  8139  +1000.0000000000   8192000  +1000.0000000000  +0.000e+00
  8140  +1000.0000000000   8192000  +1000.0000000000  +0.000e+00
  8141  +1000.0000000000   8192000  +1000.0000000000  +0.000e+00
  8142  +1000.0000000000   8192000  +1000.0000000000  +0.000e+00
  8143  +1000.0000000000   8192000  +1000.0000000000  +0.000e+00
  8144  +1000.0000000000   8192000  +1000.0000000000  +0.000e+00
  8145  +1000.0000000000   8192000  +1000.0000000000  +0.000e+00
  8146  +1000.0000000000   8192000  +1000.0000000000  +0.000e+00
  8147  +1000.0000000000   8192000  +1000.0000000000  +0.000e+00
  8148  +1000.0000000000   8192000  +1000.0000000000  +0.000e+00
  8149  +1000.0000000000   8192000  +1000.0000000000  +0.000e+00
  8150  +1000.0000000000   8192000  +1000.0000000000  +0.000e+00
  8151  +1000.0000000000   8192000  +1000.0000000000  +0.000e+00
  8152  +1000.0000000000   8192000  +1000.0000000000  +0.000e+00
  8153  +1000.0000000000   8192000  +1000.0000000000  +0.000e+00
  8154  +1000.0000000000   8192000  +1000.0000000000  +0.000e+00
  8155  +1000.0000000000   8192000  +1000.0000000000  +0.000e+00
  8156  +1000.0000000000   8192000  +1000.0000000000  +0.000e+00
  8157  +1000.0000000000   8192000  +1000.0000000000  +0.000e+00
  8158  +1000.0000000000   8192000  +1000.0000000000  +0.000e+00
  8159  +1000.0000000000   8192000  +1000.0000000000  +0.000e+00
  8160  +1000.0000000000   8192000  +1000.0000000000  +0.000e+00
  8161  +1000.0000000000   8192000  +1000.0000000000  +0.000e+00
  8162  +1000.0000000000   8192000  +1000.0000000000  +0.000e+00
  8163  +1000.0000000000   8192000  +1000.0000000000  +0.000e+00
  8164  +1000.0000000000   8192000  +1000.0000000000  +0.000e+00
  8165  +1000.0000000000   8192000  +1000.0000000000  +0.000e+00
  8166  +1000.0000000000   8192000  +1000.0000000000  +0.000e+00
  8167  +1000.0000000000   8192000  +1000.0000000000  +0.000e+00
  8168  +1000.0000000000   8192000  +1000.0000000000  +0.000e+00
  8169  +1000.0000000000   8192000  +1000.0000000000  +0.000e+00
  8170  +1000.0000000000   8192000  +1000.0000000000  +0.000e+00
  8171  +1000.0000000000   8192000  +1000.0000000000  +0.000e+00
  8172  +1000.0000000000   8192000  +1000.0000000000  +0.000e+00
  8173  +1000.0000000000   8192000  +1000.0000000000  +0.000e+00
  8174  +1000.0000000000   8192000  +1000.0000000000  +0.000e+00
  8175  +1000.0000000000   8192000  +1000.0000000000  +0.000e+00
  8176  +1000.0000000000   8192000  +1000.0000000000  +0.000e+00
  8177  +1000.0000000000   8192000  +1000.0000000000  +0.000e+00
  8178  +1000.0000000000   8192000  +1000.0000000000  +0.000e+00
  8179  +1000.0000000000   8192000  +1000.0000000000  +0.000e+00
  8180  +1000.0000000000   8192000  +1000.0000000000  +0.000e+00
  8181  +1000.0000000000   8192000  +1000.0000000000  +0.000e+00
  8182  +1000.0000000000   8192000  +1000.0000000000  +0.000e+00
  8183  +1000.0000000000   8192000  +1000.0000000000  +0.000e+00
  8184  +1000.0000000000   8192000  +1000.0000000000  +0.000e+00
  8185  +1000.0000000000   8192000  +1000.0000000000  +0.000e+00
  8186  +1000.0000000000   8192000  +1000.0000000000  +0.000e+00
  8187  +1000.0000000000   8192000  +1000.0000000000  +0.000e+00
  8188  +1000.0000000000   8192000  +1000.0000000000  +0.000e+00
  8189  +1000.0000000000   8192000  +1000.0000000000  +0.000e+00
  8190  +1000.0000000000   8192000  +1000.0000000000  +0.000e+00
  8191  +1000.0000000000   8192000  +1000.0000000000  +0.000e+00
