000DD1
000DD1
000DD1
000DD1
000DD1
000DD1
000DD1
000DD1
000DD1
000DD1
000DD1
000DD1
000DD1
000DD1
000DD1
000DD1
000DD1
000DD1
000DD1
000DD1
000DD1
000DD1
000DD1
000DD1
000DD1
000DD1
000DD1
000DD1
000DD1
000DD1
000DD1
000DD1
000DD1
000DD1
000DD1
000DD1
000DD1
000DD1
000DD1
000DD1
000DD1
000DD1
000DD1
000DD1
000DD1
000DD1
000DD1
000DD1
000DD1
000DD1
000DD1
000DD1
000DD1
000DD1
000DD1
000DD1
000DD1
000DD1
000DD1
000DD1
000DD1
000DD1
000DD1
000DD1
000DD1
000DD1
000DD1
000DD1
000DD1
000DD1
000DD1
000DD1
000DD1
000DD1
000DD1
000DD1
000DD1
000DD1
000DD1
000DD1
000DD1
000DD1
000DD1
000DD1
000DD1
000DD1
000DD1
000DD1
000DD1
000DD1
000DD1
000DD1
000DD1
000DD1
000DD1
000DD1
000DD1
000DD1
000DD1
000DD1
000DD1
000DD1
000DD1
000DD1
000DD1
000DD1
000DD1
000DD1
000DD1
000DD1
000DD1
000DD1
000DD1
000DD1
000DD1
000DD1
000DD1
000DD1
000DD1
000DD1
000DD1
000DD1
000DD1
000DD1
000DD1
000DD1
000DD1
000DD1
000DD1
000DD1
000DD1
000DD1
000DD1
000DD1
000DD1
000DD1
000DD1
000DD1
000DD1
000DD1
000DD1
000DD1
000DD1
000DD1
000DD1
000DD1
000DD1
000DD1
000DD1
000DD1
000DD1
000DD1
000DD1
000DD1
000DD1
000DD1
000DD1
000DD1
000DD1
000DD1
000DD1
000DD1
000DD1
000DD1
000DD1
000DD1
000DD1
000DD1
000DD1
000DD1
000DD1
000DD1
000DD1
000DD1
000DD1
000DD1
000DD1
000DD1
000DD1
000DD1
000DD1
000DD1
000DD1
000DD1
000DD1
000DD1
000DD1
000DD1
000DD1
000DD1
000DD1
000DD1
000DD1
000DD1
000DD1
000DD1
000DD1
000DD1
000DD1
000DD1
000DD1
000DD1
000DD1
000DD1
000DD1
000DD1
000DD1
000DD1
000DD1
000DD1
000DD1
000DD1
000DD1
000DD1
000DD1
000DD1
000DD1
000DD1
000DD1
000DD1
000DD1
000DD1
000DD1
000DD1
000DD1
000DD1
000DD1
000DD1
000DD1
000DD1
000DD1
000DD1
000DD1
000DD1
000DD1
000DD1
000DD1
000DD1
000DD1
000DD1
000DD1
000DD1
000DD1
000DD1
000DD1
000DD1
000DD1
000DD1
000DD1
000DD1
000DD1
000DD1
000DD1
000DD1
000DD1
000DD1
000DD1
000DD1
000DD1
000DD1
000DD1
000DD1
000DD1
000DD1
000DD1
000DD1
000DD1
000DD1
000DD1
000DD1
000DD1
000DD1
000DD1
000DD1
000DD1
000DD1
000DD1
000DD1
000DD1
000DD1
000DD1
000DD1
000DD1
000DD1
000DD1
000DD1
000DD1
000DD1
000DD1
000DD1
000DD1
000DD1
000DD1
000DD1
000DD1
000DD1
000DD1
000DD1
000DD1
000DD1
000DD1
000DD1
000DD1
000DD1
000DD1
000DD1
000DD1
000DD1
000DD1
000DD1
000DD1
000DD1
000DD1
000DD1
000DD1
000DD1
000DD1
000DD1
000DD1
000DD1
000DD1
000DD1
000DD1
000DD1
000DD1
000DD1
000DD1
000DD2
000DD2
000DD2
000DD2
000DD2
000DD2
000DD2
000DD2
000DD2
000DD2
000DD2
000DD2
000DD2
000DD2
000DD2
000DD2
000DD2
000DD2
000DD2
000DD2
000DD2
000DD2
000DD2
000DD2
000DD2
000DD2
000DD2
000DD2
000DD2
000DD2
000DD2
000DD2
000DD2
000DD2
000DD2
000DD2
000DD2
000DD2
000DD2
000DD2
000DD2
000DD2
000DD2
000DD2
000DD2
000DD2
000DD2
000DD2
000DD2
000DD2
000DD2
000DD2
000DD2
000DD2
000DD2
000DD2
000DD2
000DD2
000DD2
000DD2
000DD2
000DD2
000DD2
000DD2
000DD2
000DD2
000DD2
000DD2
000DD2
000DD2
000DD2
000DD2
000DD2
000DD2
000DD2
000DD2
000DD2
000DD2
000DD2
000DD2
000DD2
000DD2
000DD2
000DD2
000DD2
000DD2
000DD2
000DD2
000DD2
000DD2
000DD2
000DD2
000DD2
000DD2
000DD2
000DD2
000DD2
000DD2
000DD2
000DD2
000DD2
000DD2
000DD2
000DD2
000DD2
000DD2
000DD2
000DD2
000DD2
000DD2
000DD2
000DD2
000DD2
000DD2
000DD2
000DD2
000DD2
000DD2
000DD2
000DD2
000DD2
000DD2
000DD2
000DD2
000DD2
000DD2
000DD2
000DD2
000DD2
000DD2
000DD2
000DD2
000DD2
000DD2
000DD2
000DD2
000DD2
000DD2
000DD2
000DD2
000DD2
000DD2
000DD2
000DD2
000DD2
000DD2
000DD2
000DD2
000DD2
000DD2
000DD2
000DD2
000DD2
000DD2
000DD2
000DD2
000DD2
000DD2
000DD2
000DD2
000DD2
000DD2
000DD2
000DD2
000DD2
000DD2
000DD2
000DD2
000DD2
000DD2
000DD2
000DD2
000DD2
000DD2
000DD2
000DD2
000DD2
000DD2
000DD2
000DD2
000DD2
000DD2
000DD2
000DD2
000DD2
000DD2
000DD2
000DD2
000DD2
000DD2
000DD2
000DD2
000DD2
000DD2
000DD2
000DD2
000DD2
000DD2
000DD2
000DD2
000DD2
000DD2
000DD2
000DD2
000DD2
000DD2
000DD2
000DD2
000DD2
000DD2
000DD2
000DD2
000DD2
000DD2
000DD2
000DD2
000DD2
000DD2
000DD2
000DD2
000DD2
000DD2
000DD2
000DD2
000DD2
000DD2
000DD2
000DD2
000DD2
000DD2
000DD2
000DD2
000DD2
000DD2
000DD2
000DD2
000DD2
000DD2
000DD2
000DD2
000DD2
000DD2
000DD2
000DD2
000DD2
000DD2
000DD2
000DD2
000DD2
000DD2
000DD2
000DD2
000DD2
000DD2
000DD2
000DD2
000DD2
000DD2
000DD2
000DD2
000DD2
000DD2
000DD2
000DD2
000DD2
000DD2
000DD2
000DD2
000DD3
000DD3
000DD3
000DD3
000DD3
000DD3
000DD3
000DD3
000DD3
000DD3
000DD3
000DD3
000DD3
000DD3
000DD3
000DD3
000DD3
000DD3
000DD3
000DD3
000DD3
000DD3
000DD3
000DD3
000DD3
000DD3
000DD3
000DD3
000DD3
000DD3
000DD3
000DD3
000DD3
000DD3
000DD3
000DD3
000DD3
000DD3
000DD3
000DD3
000DD3
000DD3
000DD3
000DD3
000DD3
000DD3
000DD3
000DD3
000DD3
000DD3
000DD3
000DD3
000DD3
000DD3
000DD3
000DD3
000DD3
000DD3
000DD3
000DD3
000DD3
000DD3
000DD3
000DD3
000DD3
000DD3
000DD3
000DD3
000DD3
000DD3
000DD3
000DD3
000DD3
000DD3
000DD3
000DD3
000DD3
000DD3
000DD3
000DD3
000DD3
000DD3
000DD3
000DD3
000DD3
000DD3
000DD3
000DD3
000DD3
000DD3
000DD3
000DD3
000DD3
000DD3
000DD3
000DD3
000DD3
000DD3
000DD3
000DD3
000DD3
000DD3
000DD3
000DD3
000DD3
000DD3
000DD3
000DD3
000DD3
000DD3
000DD3
000DD3
000DD3
000DD3
000DD3
000DD3
000DD3
000DD3
000DD3
000DD3
000DD3
000DD3
000DD3
000DD3
000DD3
000DD3
000DD3
000DD3
000DD3
000DD3
000DD3
000DD3
000DD3
000DD3
000DD3
000DD3
000DD3
000DD3
000DD3
000DD3
000DD3
000DD3
000DD3
000DD3
000DD3
000DD3
000DD3
000DD3
000DD3
000DD3
000DD3
000DD3
000DD3
000DD3
000DD3
000DD3
000DD3
000DD3
000DD3
000DD3
000DD3
000DD3
000DD3
000DD3
000DD3
000DD3
000DD3
000DD3
000DD4
000DD4
000DD4
000DD4
000DD4
000DD4
000DD4
000DD4
000DD4
000DD4
000DD4
000DD4
000DD4
000DD4
000DD4
000DD4
000DD4
000DD4
000DD4
000DD4
000DD4
000DD4
000DD4
000DD4
000DD4
000DD4
000DD4
000DD4
000DD4
000DD4
000DD4
000DD4
000DD4
000DD4
000DD4
000DD4
000DD4
000DD4
000DD4
000DD4
000DD4
000DD4
000DD4
000DD4
000DD4
000DD4
000DD4
000DD4
000DD4
000DD4
000DD4
000DD4
000DD4
000DD4
000DD4
000DD4
000DD4
000DD4
000DD4
000DD4
000DD4
000DD4
000DD4
000DD4
000DD4
000DD4
000DD4
000DD4
000DD4
000DD4
000DD4
000DD4
000DD4
000DD4
000DD4
000DD4
000DD4
000DD4
000DD4
000DD4
000DD4
000DD4
000DD4
000DD4
000DD4
000DD4
000DD4
000DD4
000DD4
000DD4
000DD4
000DD4
000DD4
000DD4
000DD4
000DD4
000DD4
000DD4
000DD4
000DD4
000DD4
000DD4
000DD4
000DD4
000DD4
000DD4
000DD4
000DD4
000DD4
000DD4
000DD4
000DD4
000DD4
000DD4
000DD4
000DD4
000DD4
000DD4
000DD4
000DD4
000DD4
000DD4
000DD5
000DD5
000DD5
000DD5
000DD5
000DD5
000DD5
000DD5
000DD5
000DD5
000DD5
000DD5
000DD5
000DD5
000DD5
000DD5
000DD5
000DD5
000DD5
000DD5
000DD5
000DD5
000DD5
000DD5
000DD5
000DD5
000DD5
000DD5
000DD5
000DD5
000DD5
000DD5
000DD5
000DD5
000DD5
000DD5
000DD5
000DD5
000DD5
000DD5
000DD5
000DD5
000DD5
000DD5
000DD5
000DD5
000DD5
000DD5
000DD5
000DD5
000DD5
000DD5
000DD5
000DD5
000DD5
000DD5
000DD5
000DD5
000DD5
000DD5
000DD5
000DD5
000DD5
000DD5
000DD5
000DD5
000DD5
000DD5
000DD5
000DD5
000DD5
000DD5
000DD5
000DD5
000DD5
000DD5
000DD5
000DD5
000DD5
000DD5
000DD5
000DD5
000DD5
000DD5
000DD5
000DD5
000DD5
000DD5
000DD5
000DD5
000DD5
000DD5
000DD5
000DD5
000DD5
000DD5
000DD6
000DD6
000DD6
000DD6
000DD6
000DD6
000DD6
000DD6
000DD6
000DD6
000DD6
000DD6
000DD6
000DD6
000DD6
000DD6
000DD6
000DD6
000DD6
000DD6
000DD6
000DD6
000DD6
000DD6
000DD6
000DD6
000DD6
000DD6
000DD6
000DD6
000DD6
000DD6
000DD6
000DD6
000DD6
000DD6
000DD6
000DD6
000DD6
000DD6
000DD6
000DD6
000DD6
000DD6
000DD6
000DD6
000DD6
000DD6
000DD6
000DD6
000DD6
000DD6
000DD6
000DD6
000DD6
000DD6
000DD6
000DD6
000DD6
000DD6
000DD6
000DD6
000DD6
000DD6
000DD6
000DD6
000DD6
000DD6
000DD6
000DD6
000DD6
000DD6
000DD6
000DD6
000DD6
000DD6
000DD6
000DD6
000DD6
000DD6
000DD7
000DD7
000DD7
000DD7
000DD7
000DD7
000DD7
000DD7
000DD7
000DD7
000DD7
000DD7
000DD7
000DD7
000DD7
000DD7
000DD7
000DD7
000DD7
000DD7
000DD7
000DD7
000DD7
000DD7
000DD7
000DD7
000DD7
000DD7
000DD7
000DD7
000DD7
000DD7
000DD7
000DD7
000DD7
000DD7
000DD7
000DD7
000DD7
000DD7
000DD7
000DD7
000DD7
000DD7
000DD7
000DD7
000DD7
000DD7
000DD7
000DD7
000DD7
000DD7
000DD7
000DD7
000DD7
000DD7
000DD7
000DD7
000DD7
000DD7
000DD7
000DD7
000DD7
000DD7
000DD7
000DD7
000DD7
000DD8
000DD8
000DD8
000DD8
000DD8
000DD8
000DD8
000DD8
000DD8
000DD8
000DD8
000DD8
000DD8
000DD8
000DD8
000DD8
000DD8
000DD8
000DD8
000DD8
000DD8
000DD8
000DD8
000DD8
000DD8
000DD8
000DD8
000DD8
000DD8
000DD8
000DD8
000DD8
000DD8
000DD8
000DD8
000DD8
000DD8
000DD8
000DD8
000DD8
000DD8
000DD8
000DD8
000DD8
000DD8
000DD8
000DD8
000DD8
000DD8
000DD8
000DD8
000DD8
000DD8
000DD8
000DD8
000DD8
000DD8
000DD8
000DD8
000DD9
000DD9
000DD9
000DD9
000DD9
000DD9
000DD9
000DD9
000DD9
000DD9
000DD9
000DD9
000DD9
000DD9
000DD9
000DD9
000DD9
000DD9
000DD9
000DD9
000DD9
000DD9
000DD9
000DD9
000DD9
000DD9
000DD9
000DD9
000DD9
000DD9
000DD9
000DD9
000DD9
000DD9
000DD9
000DD9
000DD9
000DD9
000DD9
000DD9
000DD9
000DD9
000DD9
000DD9
000DD9
000DD9
000DD9
000DD9
000DD9
000DD9
000DD9
000DD9
000DDA
000DDA
000DDA
000DDA
000DDA
000DDA
000DDA
000DDA
000DDA
000DDA
000DDA
000DDA
000DDA
000DDA
000DDA
000DDA
000DDA
000DDA
000DDA
000DDA
000DDA
000DDA
000DDA
000DDA
000DDA
000DDA
000DDA
000DDA
000DDA
000DDA
000DDA
000DDA
000DDA
000DDA
000DDA
000DDA
000DDA
000DDA
000DDA
000DDA
000DDA
000DDA
000DDA
000DDA
000DDA
000DDA
000DDB
000DDB
000DDB
000DDB
000DDB
000DDB
000DDB
000DDB
000DDB
000DDB
000DDB
000DDB
000DDB
000DDB
000DDB
000DDB
000DDB
000DDB
000DDB
000DDB
000DDB
000DDB
000DDB
000DDB
000DDB
000DDB
000DDB
000DDB
000DDB
000DDB
000DDB
000DDB
000DDB
000DDB
000DDB
000DDB
000DDB
000DDB
000DDB
000DDB
000DDB
000DDB
000DDB
000DDC
000DDC
000DDC
000DDC
000DDC
000DDC
000DDC
000DDC
000DDC
000DDC
000DDC
000DDC
000DDC
000DDC
000DDC
000DDC
000DDC
000DDC
000DDC
000DDC
000DDC
000DDC
000DDC
000DDC
000DDC
000DDC
000DDC
000DDC
000DDC
000DDC
000DDC
000DDC
000DDC
000DDC
000DDC
000DDC
000DDC
000DDC
000DDD
000DDD
000DDD
000DDD
000DDD
000DDD
000DDD
000DDD
000DDD
000DDD
000DDD
000DDD
000DDD
000DDD
000DDD
000DDD
000DDD
000DDD
000DDD
000DDD
000DDD
000DDD
000DDD
000DDD
000DDD
000DDD
000DDD
000DDD
000DDD
000DDD
000DDD
000DDD
000DDD
000DDD
000DDD
000DDD
000DDE
000DDE
000DDE
000DDE
000DDE
000DDE
000DDE
000DDE
000DDE
000DDE
000DDE
000DDE
000DDE
000DDE
000DDE
000DDE
000DDE
000DDE
000DDE
000DDE
000DDE
000DDE
000DDE
000DDE
000DDE
000DDE
000DDE
000DDE
000DDE
000DDE
000DDE
000DDE
000DDE
000DDF
000DDF
000DDF
000DDF
000DDF
000DDF
000DDF
000DDF
000DDF
000DDF
000DDF
000DDF
000DDF
000DDF
000DDF
000DDF
000DDF
000DDF
000DDF
000DDF
000DDF
000DDF
000DDF
000DDF
000DDF
000DDF
000DDF
000DDF
000DDF
000DDF
000DDF
000DE0
000DE0
000DE0
000DE0
000DE0
000DE0
000DE0
000DE0
000DE0
000DE0
000DE0
000DE0
000DE0
000DE0
000DE0
000DE0
000DE0
000DE0
000DE0
000DE0
000DE0
000DE0
000DE0
000DE0
000DE0
000DE0
000DE0
000DE0
000DE0
000DE1
000DE1
000DE1
000DE1
000DE1
000DE1
000DE1
000DE1
000DE1
000DE1
000DE1
000DE1
000DE1
000DE1
000DE1
000DE1
000DE1
000DE1
000DE1
000DE1
000DE1
000DE1
000DE1
000DE1
000DE1
000DE1
000DE1
000DE2
000DE2
000DE2
000DE2
000DE2
000DE2
000DE2
000DE2
000DE2
000DE2
000DE2
000DE2
000DE2
000DE2
000DE2
000DE2
000DE2
000DE2
000DE2
000DE2
000DE2
000DE2
000DE2
000DE2
000DE2
000DE3
000DE3
000DE3
000DE3
000DE3
000DE3
000DE3
000DE3
000DE3
000DE3
000DE3
000DE3
000DE3
000DE3
000DE3
000DE3
000DE3
000DE3
000DE3
000DE3
000DE3
000DE3
000DE3
000DE3
000DE3
000DE4
000DE4
000DE4
000DE4
000DE4
000DE4
000DE4
000DE4
000DE4
000DE4
000DE4
000DE4
000DE4
000DE4
000DE4
000DE4
000DE4
000DE4
000DE4
000DE4
000DE4
000DE4
000DE4
000DE5
000DE5
000DE5
000DE5
000DE5
000DE5
000DE5
000DE5
000DE5
000DE5
000DE5
000DE5
000DE5
000DE5
000DE5
000DE5
000DE5
000DE5
000DE5
000DE5
000DE5
000DE5
000DE6
000DE6
000DE6
000DE6
000DE6
000DE6
000DE6
000DE6
000DE6
000DE6
000DE6
000DE6
000DE6
000DE6
000DE6
000DE6
000DE6
000DE6
000DE6
000DE6
000DE7
000DE7
000DE7
000DE7
000DE7
000DE7
000DE7
000DE7
000DE7
000DE7
000DE7
000DE7
000DE7
000DE7
000DE7
000DE7
000DE7
000DE7
000DE7
000DE7
000DE8
000DE8
000DE8
000DE8
000DE8
000DE8
000DE8
000DE8
000DE8
000DE8
000DE8
000DE8
000DE8
000DE8
000DE8
000DE8
000DE8
000DE8
000DE8
000DE9
000DE9
000DE9
000DE9
000DE9
000DE9
000DE9
000DE9
000DE9
000DE9
000DE9
000DE9
000DE9
000DE9
000DE9
000DE9
000DE9
000DE9
000DE9
000DEA
000DEA
000DEA
000DEA
000DEA
000DEA
000DEA
000DEA
000DEA
000DEA
000DEA
000DEA
000DEA
000DEA
000DEA
000DEA
000DEA
000DEB
000DEB
000DEB
000DEB
000DEB
000DEB
000DEB
000DEB
000DEB
000DEB
000DEB
000DEB
000DEB
000DEB
000DEB
000DEB
000DEB
000DEC
000DEC
000DEC
000DEC
000DEC
000DEC
000DEC
000DEC
000DEC
000DEC
000DEC
000DEC
000DEC
000DEC
000DEC
000DEC
000DEC
000DED
000DED
000DED
000DED
000DED
000DED
000DED
000DED
000DED
000DED
000DED
000DED
000DED
000DED
000DED
000DEE
000DEE
000DEE
000DEE
000DEE
000DEE
000DEE
000DEE
000DEE
000DEE
000DEE
000DEE
000DEE
000DEE
000DEE
000DEE
000DEF
000DEF
000DEF
000DEF
000DEF
000DEF
000DEF
000DEF
000DEF
000DEF
000DEF
000DEF
000DEF
000DEF
000DF0
000DF0
000DF0
000DF0
000DF0
000DF0
000DF0
000DF0
000DF0
000DF0
000DF0
000DF0
000DF0
000DF0
000DF0
000DF1
000DF1
000DF1
000DF1
000DF1
000DF1
000DF1
000DF1
000DF1
000DF1
000DF1
000DF1
000DF1
000DF1
000DF2
000DF2
000DF2
000DF2
000DF2
000DF2
000DF2
000DF2
000DF2
000DF2
000DF2
000DF2
000DF2
000DF3
000DF3
000DF3
000DF3
000DF3
000DF3
000DF3
000DF3
000DF3
000DF3
000DF3
000DF3
000DF3
000DF4
000DF4
000DF4
000DF4
000DF4
000DF4
000DF4
000DF4
000DF4
000DF4
000DF4
000DF4
000DF4
000DF5
000DF5
000DF5
000DF5
000DF5
000DF5
000DF5
000DF5
000DF5
000DF5
000DF5
000DF5
000DF6
000DF6
000DF6
000DF6
000DF6
000DF6
000DF6
000DF6
000DF6
000DF6
000DF6
000DF6
000DF7
000DF7
000DF7
000DF7
000DF7
000DF7
000DF7
000DF7
000DF7
000DF7
000DF7
000DF7
000DF8
000DF8
000DF8
000DF8
000DF8
000DF8
000DF8
000DF8
000DF8
000DF8
000DF8
000DF9
000DF9
000DF9
000DF9
000DF9
000DF9
000DF9
000DF9
000DF9
000DF9
000DF9
000DFA
000DFA
000DFA
000DFA
000DFA
000DFA
000DFA
000DFA
000DFA
000DFA
000DFA
000DFB
000DFB
000DFB
000DFB
000DFB
000DFB
000DFB
000DFB
000DFB
000DFB
000DFB
000DFC
000DFC
000DFC
000DFC
000DFC
000DFC
000DFC
000DFC
000DFC
000DFC
000DFD
000DFD
000DFD
000DFD
000DFD
000DFD
000DFD
000DFD
000DFD
000DFD
000DFE
000DFE
000DFE
000DFE
000DFE
000DFE
000DFE
000DFE
000DFE
000DFE
000DFF
000DFF
000DFF
000DFF
000DFF
000DFF
000DFF
000DFF
000DFF
000DFF
000E00
000E00
000E00
000E00
000E00
000E00
000E00
000E00
000E00
000E01
000E01
000E01
000E01
000E01
000E01
000E01
000E01
000E01
000E02
000E02
000E02
000E02
000E02
000E02
000E02
000E02
000E02
000E03
000E03
000E03
000E03
000E03
000E03
000E03
000E03
000E03
000E04
000E04
000E04
000E04
000E04
000E04
000E04
000E04
000E04
000E05
000E05
000E05
000E05
000E05
000E05
000E05
000E05
000E05
000E06
000E06
000E06
000E06
000E06
000E06
000E06
000E06
000E07
000E07
000E07
000E07
000E07
000E07
000E07
000E07
000E08
000E08
000E08
000E08
000E08
000E08
000E08
000E08
000E09
000E09
000E09
000E09
000E09
000E09
000E09
000E09
000E0A
000E0A
000E0A
000E0A
000E0A
000E0A
000E0A
000E0A
000E0B
000E0B
000E0B
000E0B
000E0B
000E0B
000E0B
000E0B
000E0C
000E0C
000E0C
000E0C
000E0C
000E0C
000E0C
000E0C
000E0D
000E0D
000E0D
000E0D
000E0D
000E0D
000E0D
000E0E
000E0E
000E0E
000E0E
000E0E
000E0E
000E0E
000E0F
000E0F
000E0F
000E0F
000E0F
000E0F
000E0F
000E10
000E10
000E10
000E10
000E10
000E10
000E10
000E10
000E11
000E11
000E11
000E11
000E11
000E11
000E11
000E12
000E12
000E12
000E12
000E12
000E12
000E13
000E13
000E13
000E13
000E13
000E13
000E13
000E14
000E14
000E14
000E14
000E14
000E14
000E14
000E15
000E15
000E15
000E15
000E15
000E15
000E16
000E16
000E16
000E16
000E16
000E16
000E16
000E17
000E17
000E17
000E17
000E17
000E17
000E18
000E18
000E18
000E18
000E18
000E18
000E18
000E19
000E19
000E19
000E19
000E19
000E19
000E1A
000E1A
000E1A
000E1A
000E1A
000E1A
000E1B
000E1B
000E1B
000E1B
000E1B
000E1B
000E1C
000E1C
000E1C
000E1C
000E1C
000E1C
000E1D
000E1D
000E1D
000E1D
000E1D
000E1D
000E1E
000E1E
000E1E
000E1E
000E1E
000E1E
000E1F
000E1F
000E1F
000E1F
000E1F
000E20
000E20
000E20
000E20
000E20
000E20
000E21
000E21
000E21
000E21
000E21
000E21
000E22
000E22
000E22
000E22
000E22
000E23
000E23
000E23
000E23
000E23
000E24
000E24
000E24
000E24
000E24
000E24
000E25
000E25
000E25
000E25
000E25
000E26
000E26
000E26
000E26
000E26
000E27
000E27
000E27
000E27
000E27
000E27
000E28
000E28
000E28
000E28
000E28
000E29
000E29
000E29
000E29
000E29
000E2A
000E2A
000E2A
000E2A
000E2A
000E2B
000E2B
000E2B
000E2B
000E2B
000E2C
000E2C
000E2C
000E2C
000E2C
000E2D
000E2D
000E2D
000E2D
000E2D
000E2E
000E2E
000E2E
000E2E
000E2F
000E2F
000E2F
000E2F
000E2F
000E30
000E30
000E30
000E30
000E30
000E31
000E31
000E31
000E31
000E32
000E32
000E32
000E32
000E32
000E33
000E33
000E33
000E33
000E33
000E34
000E34
000E34
000E34
000E35
000E35
000E35
000E35
000E35
000E36
000E36
000E36
000E36
000E37
000E37
000E37
000E37
000E38
000E38
000E38
000E38
000E38
000E39
000E39
000E39
000E39
000E3A
000E3A
000E3A
000E3A
000E3B
000E3B
000E3B
000E3B
000E3B
000E3C
000E3C
000E3C
000E3C
000E3D
000E3D
000E3D
000E3D
000E3E
000E3E
000E3E
000E3E
000E3F
000E3F
000E3F
000E3F
000E40
000E40
000E40
000E40
000E41
000E41
000E41
000E41
000E42
000E42
000E42
000E42
000E43
000E43
000E43
000E43
000E44
000E44
000E44
000E44
000E45
000E45
000E45
000E45
000E46
000E46
000E46
000E47
000E47
000E47
000E47
000E48
000E48
000E48
000E48
000E49
000E49
000E49
000E49
000E4A
000E4A
000E4A
000E4B
000E4B
000E4B
000E4B
000E4C
000E4C
000E4C
000E4C
000E4D
000E4D
000E4D
000E4E
000E4E
000E4E
000E4E
000E4F
000E4F
000E4F
000E50
000E50
000E50
000E50
000E51
000E51
000E51
000E52
000E52
000E52
000E52
000E53
000E53
000E53
000E54
000E54
000E54
000E54
000E55
000E55
000E55
000E56
000E56
000E56
000E57
000E57
000E57
000E57
000E58
000E58
000E58
000E59
000E59
000E59
000E5A
000E5A
000E5A
000E5A
000E5B
000E5B
000E5B
000E5C
000E5C
000E5C
000E5D
000E5D
000E5D
000E5E
000E5E
000E5E
000E5F
000E5F
000E5F
000E60
000E60
000E60
000E60
000E61
000E61
000E61
000E62
000E62
000E62
000E63
000E63
000E63
000E64
000E64
000E64
000E65
000E65
000E65
000E66
000E66
000E66
000E67
000E67
000E67
000E68
000E68
000E68
000E69
000E69
000E69
000E6A
000E6A
000E6A
000E6B
000E6B
000E6B
000E6C
000E6C
000E6D
000E6D
000E6D
000E6E
000E6E
000E6E
000E6F
000E6F
000E6F
000E70
000E70
000E70
000E71
000E71
000E72
000E72
000E72
000E73
000E73
000E73
000E74
000E74
000E74
000E75
000E75
000E76
000E76
000E76
000E77
000E77
000E77
000E78
000E78
000E79
000E79
000E79
000E7A
000E7A
000E7A
000E7B
000E7B
000E7C
000E7C
000E7C
000E7D
000E7D
000E7D
000E7E
000E7E
000E7F
000E7F
000E7F
000E80
000E80
000E81
000E81
000E81
000E82
000E82
000E83
000E83
000E83
000E84
000E84
000E85
000E85
000E85
000E86
000E86
000E87
000E87
000E87
000E88
000E88
000E89
000E89
000E8A
000E8A
000E8A
000E8B
000E8B
000E8C
000E8C
000E8C
000E8D
000E8D
000E8E
000E8E
000E8F
000E8F
000E8F
000E90
000E90
000E91
000E91
000E92
000E92
000E92
000E93
000E93
000E94
000E94
000E95
000E95
000E96
000E96
000E96
000E97
000E97
000E98
000E98
000E99
000E99
000E9A
000E9A
000E9A
000E9B
000E9B
000E9C
000E9C
000E9D
000E9D
000E9E
000E9E
000E9F
000E9F
000E9F
000EA0
000EA0
000EA1
000EA1
000EA2
000EA2
000EA3
000EA3
000EA4
000EA4
000EA5
000EA5
000EA6
000EA6
000EA7
000EA7
000EA8
000EA8
000EA9
000EA9
000EAA
000EAA
000EAA
000EAB
000EAB
000EAC
000EAC
000EAD
000EAD
000EAE
000EAE
000EAF
000EAF
000EB0
000EB0
000EB1
000EB1
000EB2
000EB2
000EB3
000EB4
000EB4
000EB5
000EB5
000EB6
000EB6
000EB7
000EB7
000EB8
000EB8
000EB9
000EB9
000EBA
000EBA
000EBB
000EBB
000EBC
000EBC
000EBD
000EBD
000EBE
000EBF
000EBF
000EC0
000EC0
000EC1
000EC1
000EC2
000EC2
000EC3
000EC3
000EC4
000EC4
000EC5
000EC6
000EC6
000EC7
000EC7
000EC8
000EC8
000EC9
000EC9
000ECA
000ECB
000ECB
000ECC
000ECC
000ECD
000ECD
000ECE
000ECF
000ECF
000ED0
000ED0
000ED1
000ED1
000ED2
000ED3
000ED3
000ED4
000ED4
000ED5
000ED6
000ED6
000ED7
000ED7
000ED8
000ED9
000ED9
000EDA
000EDA
000EDB
000EDC
000EDC
000EDD
000EDD
000EDE
000EDF
000EDF
000EE0
000EE0
000EE1
000EE2
000EE2
000EE3
000EE4
000EE4
000EE5
000EE5
000EE6
000EE7
000EE7
000EE8
000EE9
000EE9
000EEA
000EEA
000EEB
000EEC
000EEC
000EED
000EEE
000EEE
000EEF
000EF0
000EF0
000EF1
000EF2
000EF2
000EF3
000EF4
000EF4
000EF5
000EF6
000EF6
000EF7
000EF8
000EF8
000EF9
000EFA
000EFA
000EFB
000EFC
000EFC
000EFD
000EFE
000EFE
000EFF
000F00
000F00
000F01
000F02
000F02
000F03
000F04
000F05
000F05
000F06
000F07
000F07
000F08
000F09
000F09
000F0A
000F0B
000F0C
000F0C
000F0D
000F0E
000F0F
000F0F
000F10
000F11
000F11
000F12
000F13
000F14
000F14
000F15
000F16
000F17
000F17
000F18
000F19
000F1A
000F1A
000F1B
000F1C
000F1D
000F1D
000F1E
000F1F
000F20
000F20
000F21
000F22
000F23
000F23
000F24
000F25
000F26
000F27
000F27
000F28
000F29
000F2A
000F2A
000F2B
000F2C
000F2D
000F2E
000F2E
000F2F
000F30
000F31
000F32
000F32
000F33
000F34
000F35
000F36
000F37
000F37
000F38
000F39
000F3A
000F3B
000F3B
000F3C
000F3D
000F3E
000F3F
000F40
000F40
000F41
000F42
000F43
000F44
000F45
000F46
000F46
000F47
000F48
000F49
000F4A
000F4B
000F4C
000F4C
000F4D
000F4E
000F4F
000F50
000F51
000F52
000F53
000F53
000F54
000F55
000F56
000F57
000F58
000F59
000F5A
000F5B
000F5C
000F5C
000F5D
000F5E
000F5F
000F60
000F61
000F62
000F63
000F64
000F65
000F66
000F67
000F67
000F68
000F69
000F6A
000F6B
000F6C
000F6D
000F6E
000F6F
000F70
000F71
000F72
000F73
000F74
000F75
000F76
000F77
000F78
000F79
000F7A
000F7B
000F7C
000F7D
000F7E
000F7F
000F80
000F81
000F81
000F82
000F83
000F84
000F86
000F87
000F88
000F89
000F8A
000F8B
000F8C
000F8D
000F8E
000F8F
000F90
000F91
000F92
000F93
000F94
000F95
000F96
000F97
000F98
000F99
000F9A
000F9B
000F9C
000F9D
000F9E
000F9F
000FA0
000FA2
000FA3
000FA4
000FA5
000FA6
000FA7
000FA8
000FA9
000FAA
000FAB
000FAC
000FAE
000FAF
000FB0
000FB1
000FB2
000FB3
000FB4
000FB5
000FB6
000FB8
000FB9
000FBA
000FBB
000FBC
000FBD
000FBE
000FC0
000FC1
000FC2
000FC3
000FC4
000FC5
000FC6
000FC8
000FC9
000FCA
000FCB
000FCC
000FCD
000FCF
000FD0
000FD1
000FD2
000FD3
000FD5
000FD6
000FD7
000FD8
000FD9
000FDB
000FDC
000FDD
000FDE
000FE0
000FE1
000FE2
000FE3
000FE4
000FE6
000FE7
000FE8
000FE9
000FEB
000FEC
000FED
000FEE
000FF0
000FF1
000FF2
000FF4
000FF5
000FF6
000FF7
000FF9
000FFA
000FFB
000FFC
000FFE
000FFF
001000
001002
001003
001004
001006
001007
001008
00100A
00100B
00100C
00100E
00100F
001010
001012
001013
001014
001016
001017
001018
00101A
00101B
00101D
00101E
00101F
001021
001022
001023
001025
001026
001028
001029
00102A
00102C
00102D
00102F
001030
001032
001033
001034
001036
001037
001039
00103A
00103C
00103D
00103F
001040
001041
001043
001044
001046
001047
001049
00104A
00104C
00104D
00104F
001050
001052
001053
001055
001056
001058
001059
00105B
00105D
00105E
001060
001061
001063
001064
001066
001067
001069
00106B
00106C
00106E
00106F
001071
001072
001074
001076
001077
001079
00107A
00107C
00107E
00107F
001081
001083
001084
001086
001087
001089
00108B
00108C
00108E
001090
001091
001093
001095
001096
001098
00109A
00109B
00109D
00109F
0010A1
0010A2
0010A4
0010A6
0010A7
0010A9
0010AB
0010AD
0010AE
0010B0
0010B2
0010B4
0010B5
0010B7
0010B9
0010BB
0010BD
0010BE
0010C0
0010C2
0010C4
0010C5
0010C7
0010C9
0010CB
0010CD
0010CF
0010D0
0010D2
0010D4
0010D6
0010D8
0010DA
0010DB
0010DD
0010DF
0010E1
0010E3
0010E5
0010E7
0010E9
0010EB
0010EC
0010EE
0010F0
0010F2
0010F4
0010F6
0010F8
0010FA
0010FC
0010FE
001100
001102
001104
001106
001108
00110A
00110C
00110E
001110
001112
001114
001116
001118
00111A
00111C
00111E
001120
001122
001124
001126
001128
00112A
00112C
00112E
001130
001132
001134
001136
001139
00113B
00113D
00113F
001141
001143
001145
001147
00114A
00114C
00114E
001150
001152
001154
001157
001159
00115B
00115D
00115F
001162
001164
001166
001168
00116B
00116D
00116F
001171
001174
001176
001178
00117A
00117D
00117F
001181
001184
001186
001188
00118B
00118D
00118F
001192
001194
001196
001199
00119B
00119D
0011A0
0011A2
0011A4
0011A7
0011A9
0011AC
0011AE
0011B1
0011B3
0011B5
0011B8
0011BA
0011BD
0011BF
0011C2
0011C4
0011C7
0011C9
0011CC
0011CE
0011D1
0011D3
0011D6
0011D8
0011DB
0011DD
0011E0
0011E3
0011E5
0011E8
0011EA
0011ED
0011EF
0011F2
0011F5
0011F7
0011FA
0011FD
0011FF
001202
001204
001207
00120A
00120D
00120F
001212
001215
001217
00121A
00121D
00121F
001222
001225
001228
00122A
00122D
001230
001233
001236
001238
00123B
00123E
001241
001244
001247
001249
00124C
00124F
001252
001255
001258
00125B
00125E
001261
001263
001266
001269
00126C
00126F
001272
001275
001278
00127B
00127E
001281
001284
001287
00128A
00128D
001290
001293
001296
00129A
00129D
0012A0
0012A3
0012A6
0012A9
0012AC
0012AF
0012B3
0012B6
0012B9
0012BC
0012BF
0012C2
0012C6
0012C9
0012CC
0012CF
0012D3
0012D6
0012D9
0012DC
0012E0
0012E3
0012E6
0012EA
0012ED
0012F0
0012F4
0012F7
0012FA
0012FE
001301
001304
001308
00130B
00130F
001312
001316
001319
00131C
001320
001323
001327
00132A
00132E
001332
001335
001339
00133C
001340
001343
001347
00134B
00134E
001352
001355
001359
00135D
001360
001364
001368
00136B
00136F
001373
001377
00137A
00137E
001382
001386
001389
00138D
001391
001395
001399
00139D
0013A0
0013A4
0013A8
0013AC
0013B0
0013B4
0013B8
0013BC
0013C0
0013C4
0013C8
0013CC
0013D0
0013D4
0013D8
0013DC
0013E0
0013E4
0013E8
0013EC
0013F0
0013F4
0013F9
0013FD
001401
001405
001409
00140E
001412
001416
00141A
00141E
001423
001427
00142B
001430
001434
001438
00143D
001441
001445
00144A
00144E
001453
001457
00145C
001460
001465
001469
00146E
001472
001477
00147B
001480
001484
001489
00148E
001492
001497
00149B
0014A0
0014A5
0014AA
0014AE
0014B3
0014B8
0014BD
0014C1
0014C6
0014CB
0014D0
0014D5
0014DA
0014DE
0014E3
0014E8
0014ED
0014F2
0014F7
0014FC
001501
001506
00150B
001510
001515
00151A
00151F
001525
00152A
00152F
001534
001539
00153E
001544
001549
00154E
001553
001559
00155E
001563
001569
00156E
001573
001579
00157E
001584
001589
00158F
001594
00159A
00159F
0015A5
0015AA
0015B0
0015B6
0015BB
0015C1
0015C7
0015CC
0015D2
0015D8
0015DE
0015E3
0015E9
0015EF
0015F5
0015FB
001601
001606
00160C
001612
001618
00161E
001624
00162A
001630
001636
00163D
001643
001649
00164F
001655
00165B
001662
001668
00166E
001675
00167B
001681
001688
00168E
001694
00169B
0016A1
0016A8
0016AE
0016B5
0016BB
0016C2
0016C9
0016CF
0016D6
0016DD
0016E3
0016EA
0016F1
0016F8
0016FF
001705
00170C
001713
00171A
001721
001728
00172F
001736
00173D
001744
00174B
001752
00175A
001761
001768
00176F
001777
00177E
001785
00178D
001794
00179C
0017A3
0017AA
0017B2
0017BA
0017C1
0017C9
0017D0
0017D8
0017E0
0017E7
0017EF
0017F7
0017FF
001807
00180F
001817
00181F
001827
00182F
001837
00183F
001847
00184F
001857
00185F
001868
001870
001878
001881
001889
001891
00189A
0018A2
0018AB
0018B4
0018BC
0018C5
0018CE
0018D6
0018DF
0018E8
0018F1
0018FA
001902
00190B
001914
00191D
001926
001930
001939
001942
00194B
001954
00195E
001967
001971
00197A
001983
00198D
001997
0019A0
0019AA
0019B3
0019BD
0019C7
0019D1
0019DB
0019E5
0019EF
0019F9
001A03
001A0D
001A17
001A21
001A2B
001A36
001A40
001A4A
001A55
001A5F
001A6A
001A74
001A7F
001A8A
001A94
001A9F
001AAA
001AB5
001AC0
001ACB
001AD6
001AE1
001AEC
001AF7
001B03
001B0E
001B19
001B25
001B30
001B3C
001B47
001B53
001B5F
001B6A
001B76
001B82
001B8E
001B9A
001BA6
001BB2
001BBE
001BCB
001BD7
001BE3
001BF0
001BFC
001C09
001C16
001C22
001C2F
001C3C
001C49
001C56
001C63
001C70
001C7D
001C8A
001C98
001CA5
001CB2
001CC0
001CCE
001CDB
001CE9
001CF7
001D05
001D13
001D21
001D2F
001D3D
001D4B
001D5A
001D68
001D77
001D85
001D94
001DA3
001DB2
001DC1
001DD0
001DDF
001DEE
001DFD
001E0D
001E1C
001E2C
001E3B
001E4B
001E5B
001E6B
001E7B
001E8B
001E9B
001EAB
001EBC
001ECC
001EDD
001EEE
001EFE
001F0F
001F20
001F32
001F43
001F54
001F66
001F77
001F89
001F9B
001FAC
001FBE
001FD0
001FE3
001FF5
002008
00201A
00202D
002040
002053
002066
002079
00208C
0020A0
0020B3
0020C7
0020DB
0020EF
002103
002117
00212B
002140
002155
002169
00217E
002193
0021A9
0021BE
0021D4
0021E9
0021FF
002215
00222B
002242
002258
00226F
002286
00229D
0022B4
0022CB
0022E3
0022FA
002312
00232A
002342
00235B
002373
00238C
0023A5
0023BE
0023D8
0023F1
00240B
002425
00243F
00245A
002474
00248F
0024AA
0024C5
0024E1
0024FC
002518
002534
002551
00256D
00258A
0025A7
0025C5
0025E2
002600
00261E
00263D
00265B
00267A
002699
0026B9
0026D9
0026F9
002719
00273A
00275B
00277C
00279D
0027BF
0027E1
002804
002827
00284A
00286D
002891
0028B5
0028DA
0028FF
002924
00294A
002970
002996
0029BD
0029E4
002A0C
002A34
002A5C
002A85
002AAE
002AD8
002B02
002B2D
002B58
002B84
002BB0
002BDC
002C09
002C37
002C65
002C94
002CC3
002CF2
002D23
002D53
002D85
002DB7
002DE9
002E1D
002E51
002E85
002EBA
002EF0
002F26
002F5E
002F95
002FCE
003007
003042
00307D
0030B8
0030F5
003132
003170
0031AF
0031EF
003230
003272
0032B5
0032F8
00333D
003383
0033C9
003411
00345A
0034A4
0034F0
00353C
00358A
0035D9
003629
00367A
0036CD
003722
003777
0037CE
003827
003882
0038DD
00393B
00399A
0039FB
003A5E
003AC3
003B2A
003B92
003BFD
003C6A
003CD9
003D4B
003DBE
003E34
003EAD
003F29
003FA7
004027
0040AB
004132
0041BC
004249
0042DA
00436E
004406
0044A2
004542
0045E6
00468E
00473B
0047ED
0048A4
004960
004A21
004AE9
004BB6
004C8A
004D64
004E46
004F2F
005020
00511A
00521C
005327
00543D
00555D
005689
0057C1
005905
005A58
005BB9
005D2A
005EAC
006041
0061EA
0063A9
00657F
006770
00697D
006BA9
006DF7
00706C
00730B
0075D9
0078DD
007C1C
007FA1
008373
0087A0
008C36
009148
0096EC
009D42
00A470
00ACAC
00B63E
00C18E
00CF36
00E027
00F5F4
01137C
013EC3
01875C
022B3D
2E2784
00126D
00126D
00126D
00126D
00126D
00126D
00126D
00126D
00126D
00126D
00126D
00126D
00126D
00126D
00126D
00126D
00126D
00126D
00126D
00126D
00126D
00126D
00126D
00126D
00126D
00126D
00126D
00126D
00126D
00126D
00126D
00126D
00126D
00126D
00126D
00126D
00126D
00126D
00126D
00126D
00126D
00126D
00126D
00126D
00126D
00126D
00126D
00126D
00126D
00126D
00126D
00126D
00126D
00126D
00126D
00126D
00126D
00126D
00126D
00126D
00126D
00126D
00126D
00126D
00126D
00126D
00126D
00126D
00126D
00126D
00126D
00126D
00126D
00126D
00126D
00126D
00126D
00126D
00126D
00126D
00126D
00126D
00126D
00126D
00126D
00126D
00126D
00126D
00126D
00126D
00126D
00126D
00126D
00126D
00126D
00126D
00126D
00126D
00126D
00126D
00126D
00126D
00126D
00126D
00126D
00126D
00126D
00126D
00126D
00126D
00126D
00126D
00126D
00126D
00126D
00126D
00126D
00126D
00126D
00126D
00126D
00126D
00126D
00126D
00126D
00126D
00126D
00126D
00126D
00126D
00126D
00126D
00126D
00126D
00126D
00126D
00126D
00126D
00126D
00126D
00126D
00126D
00126D
00126D
00126D
00126D
00126D
00126D
00126D
00126D
00126D
00126D
00126D
00126D
00126D
00126D
00126D
00126D
00126D
00126D
00126D
00126D
00126D
00126D
00126D
00126D
00126D
00126D
00126D
00126D
00126D
00126D
00126D
00126D
00126D
00126D
00126D
00126D
00126D
00126D
00126D
00126D
00126D
00126D
00126D
00126D
00126D
00126D
00126D
00126D
00126D
00126D
00126D
00126D
00126D
00126D
00126D
00126D
00126D
00126D
00126D
00126D
00126D
00126D
00126D
00126D
00126D
00126D
00126D
00126D
00126D
00126D
00126D
00126D
00126D
00126D
00126D
00126D
00126D
00126D
00126D
00126D
00126D
00126D
00126D
00126D
00126D
00126D
00126D
00126D
00126D
00126D
00126D
00126D
00126D
00126D
00126D
00126D
00126D
00126D
00126D
00126D
00126D
00126D
00126D
00126D
00126D
00126D
00126D
00126D
00126D
00126D
00126D
00126D
00126D
00126D
00126D
00126D
00126D
00126D
00126D
00126D
00126D
00126D
00126D
00126D
00126D
00126D
00126D
00126D
00126D
00126D
00126D
00126D
00126D
00126D
00126D
00126D
00126D
00126D
00126D
00126D
00126D
00126D
00126D
00126D
00126D
00126D
00126D
00126D
00126D
00126D
00126D
00126D
00126D
00126D
00126D
00126D
00126D
00126D
00126D
00126D
00126D
00126D
00126D
00126D
00126D
00126D
00126D
00126D
00126D
00126D
00126D
00126D
00126D
00126D
00126D
00126D
00126D
00126D
00126D
00126D
00126D
00126D
00126D
00126D
00126D
00126D
00126D
00126D
00126D
00126D
00126D
00126D
00126D
00126D
00126D
00126D
00126D
00126D
00126D
00126D
00126D
00126D
00126D
00126E
00126E
00126E
00126E
00126E
00126E
00126E
00126E
00126E
00126E
00126E
00126E
00126E
00126E
00126E
00126E
00126E
00126E
00126E
00126E
00126E
00126E
00126E
00126E
00126E
00126E
00126E
00126E
00126E
00126E
00126E
00126E
00126E
00126E
00126E
00126E
00126E
00126E
00126E
00126E
00126E
00126E
00126E
00126E
00126E
00126E
00126E
00126E
00126E
00126E
00126E
00126E
00126E
00126E
00126E
00126E
00126E
00126E
00126E
00126E
00126E
00126E
00126E
00126E
00126E
00126E
00126E
00126E
00126E
00126E
00126E
00126E
00126E
00126E
00126E
00126E
00126E
00126E
00126E
00126E
00126E
00126E
00126E
00126E
00126E
00126E
00126E
00126E
00126E
00126E
00126E
00126E
00126E
00126E
00126E
00126E
00126E
00126E
00126E
00126E
00126E
00126E
00126E
00126E
00126E
00126E
00126E
00126E
00126E
00126E
00126E
00126E
00126E
00126E
00126E
00126E
00126E
00126E
00126E
00126E
00126E
00126E
00126E
00126E
00126E
00126E
00126E
00126E
00126E
00126E
00126E
00126E
00126E
00126E
00126E
00126E
00126E
00126E
00126E
00126E
00126E
00126E
00126E
00126E
00126E
00126E
00126E
00126E
00126E
00126E
00126E
00126E
00126E
00126E
00126E
00126E
00126E
00126E
00126E
00126E
00126E
00126E
00126E
00126E
00126E
00126E
00126E
00126E
00126E
00126E
00126E
00126E
00126E
00126E
00126E
00126E
00126E
00126E
00126E
00126E
00126E
00126E
00126E
00126E
00126E
00126E
00126E
00126E
00126E
00126E
00126E
00126E
00126E
00126E
00126E
00126E
00126F
00126F
00126F
00126F
00126F
00126F
00126F
00126F
00126F
00126F
00126F
00126F
00126F
00126F
00126F
00126F
00126F
00126F
00126F
00126F
00126F
00126F
00126F
00126F
00126F
00126F
00126F
00126F
00126F
00126F
00126F
00126F
00126F
00126F
00126F
00126F
00126F
00126F
00126F
00126F
00126F
00126F
00126F
00126F
00126F
00126F
00126F
00126F
00126F
00126F
00126F
00126F
00126F
00126F
00126F
00126F
00126F
00126F
00126F
00126F
00126F
00126F
00126F
00126F
00126F
00126F
00126F
00126F
00126F
00126F
00126F
00126F
00126F
00126F
00126F
00126F
00126F
00126F
00126F
00126F
00126F
00126F
00126F
00126F
00126F
00126F
00126F
00126F
00126F
00126F
00126F
00126F
00126F
00126F
00126F
00126F
00126F
00126F
00126F
00126F
00126F
00126F
00126F
00126F
00126F
00126F
00126F
00126F
00126F
00126F
00126F
00126F
00126F
00126F
00126F
00126F
00126F
00126F
00126F
00126F
00126F
00126F
00126F
00126F
00126F
00126F
00126F
00126F
00126F
00126F
00126F
00126F
00126F
00126F
00126F
00126F
00126F
001270
001270
001270
001270
001270
001270
001270
001270
001270
001270
001270
001270
001270
001270
001270
001270
001270
001270
001270
001270
001270
001270
001270
001270
001270
001270
001270
001270
001270
001270
001270
001270
001270
001270
001270
001270
001270
001270
001270
001270
001270
001270
001270
001270
001270
001270
001270
001270
001270
001270
001270
001270
001270
001270
001270
001270
001270
001270
001270
001270
001270
001270
001270
001270
001270
001270
001270
001270
001270
001270
001270
001270
001270
001270
001270
001270
001270
001270
001270
001270
001270
001270
001270
001270
001270
001270
001270
001270
001270
001270
001270
001270
001270
001270
001270
001270
001270
001270
001270
001270
001270
001270
001270
001270
001271
001271
001271
001271
001271
001271
001271
001271
001271
001271
001271
001271
001271
001271
001271
001271
001271
001271
001271
001271
001271
001271
001271
001271
001271
001271
001271
001271
001271
001271
001271
001271
001271
001271
001271
001271
001271
001271
001271
001271
001271
001271
001271
001271
001271
001271
001271
001271
001271
001271
001271
001271
001271
001271
001271
001271
001271
001271
001271
001271
001271
001271
001271
001271
001271
001271
001271
001271
001271
001271
001271
001271
001271
001271
001271
001271
001271
001271
001271
001271
001271
001271
001271
001271
001271
001272
001272
001272
001272
001272
001272
001272
001272
001272
001272
001272
001272
001272
001272
001272
001272
001272
001272
001272
001272
001272
001272
001272
001272
001272
001272
001272
001272
001272
001272
001272
001272
001272
001272
001272
001272
001272
001272
001272
001272
001272
001272
001272
001272
001272
001272
001272
001272
001272
001272
001272
001272
001272
001272
001272
001272
001272
001272
001272
001272
001272
001272
001272
001272
001272
001272
001272
001272
001272
001272
001272
001272
001273
001273
001273
001273
001273
001273
001273
001273
001273
001273
001273
001273
001273
001273
001273
001273
001273
001273
001273
001273
001273
001273
001273
001273
001273
001273
001273
001273
001273
001273
001273
001273
001273
001273
001273
001273
001273
001273
001273
001273
001273
001273
001273
001273
001273
001273
001273
001273
001273
001273
001273
001273
001273
001273
001273
001273
001273
001273
001273
001273
001273
001273
001274
001274
001274
001274
001274
001274
001274
001274
001274
001274
001274
001274
001274
001274
001274
001274
001274
001274
001274
001274
001274
001274
001274
001274
001274
001274
001274
001274
001274
001274
001274
001274
001274
001274
001274
001274
001274
001274
001274
001274
001274
001274
001274
001274
001274
001274
001274
001274
001274
001274
001274
001274
001274
001274
001275
001275
001275
001275
001275
001275
001275
001275
001275
001275
001275
001275
001275
001275
001275
001275
001275
001275
001275
001275
001275
001275
001275
001275
001275
001275
001275
001275
001275
001275
001275
001275
001275
001275
001275
001275
001275
001275
001275
001275
001275
001275
001275
001275
001275
001275
001275
001275
001275
001276
001276
001276
001276
001276
001276
001276
001276
001276
001276
001276
001276
001276
001276
001276
001276
001276
001276
001276
001276
001276
001276
001276
001276
001276
001276
001276
001276
001276
001276
001276
001276
001276
001276
001276
001276
001276
001276
001276
001276
001276
001276
001276
001276
001277
001277
001277
001277
001277
001277
001277
001277
001277
001277
001277
001277
001277
001277
001277
001277
001277
001277
001277
001277
001277
001277
001277
001277
001277
001277
001277
001277
001277
001277
001277
001277
001277
001277
001277
001277
001277
001277
001277
001277
001278
001278
001278
001278
001278
001278
001278
001278
001278
001278
001278
001278
001278
001278
001278
001278
001278
001278
001278
001278
001278
001278
001278
001278
001278
001278
001278
001278
001278
001278
001278
001278
001278
001278
001278
001278
001278
001279
001279
001279
001279
001279
001279
001279
001279
001279
001279
001279
001279
001279
001279
001279
001279
001279
001279
001279
001279
001279
001279
001279
001279
001279
001279
001279
001279
001279
001279
001279
001279
001279
001279
00127A
00127A
00127A
00127A
00127A
00127A
00127A
00127A
00127A
00127A
00127A
00127A
00127A
00127A
00127A
00127A
00127A
00127A
00127A
00127A
00127A
00127A
00127A
00127A
00127A
00127A
00127A
00127A
00127A
00127A
00127A
00127B
00127B
00127B
00127B
00127B
00127B
00127B
00127B
00127B
00127B
00127B
00127B
00127B
00127B
00127B
00127B
00127B
00127B
00127B
00127B
00127B
00127B
00127B
00127B
00127B
00127B
00127B
00127B
00127B
00127B
00127C
00127C
00127C
00127C
00127C
00127C
00127C
00127C
00127C
00127C
00127C
00127C
00127C
00127C
00127C
00127C
00127C
00127C
00127C
00127C
00127C
00127C
00127C
00127C
00127C
00127C
00127C
00127C
00127D
00127D
00127D
00127D
00127D
00127D
00127D
00127D
00127D
00127D
00127D
00127D
00127D
00127D
00127D
00127D
00127D
00127D
00127D
00127D
00127D
00127D
00127D
00127D
00127D
00127D
00127E
00127E
00127E
00127E
00127E
00127E
00127E
00127E
00127E
00127E
00127E
00127E
00127E
00127E
00127E
00127E
00127E
00127E
00127E
00127E
00127E
00127E
00127E
00127E
00127F
00127F
00127F
00127F
00127F
00127F
00127F
00127F
00127F
00127F
00127F
00127F
00127F
00127F
00127F
00127F
00127F
00127F
00127F
00127F
00127F
00127F
00127F
00127F
001280
001280
001280
001280
001280
001280
001280
001280
001280
001280
001280
001280
001280
001280
001280
001280
001280
001280
001280
001280
001280
001280
001281
001281
001281
001281
001281
001281
001281
001281
001281
001281
001281
001281
001281
001281
001281
001281
001281
001281
001281
001281
001281
001282
001282
001282
001282
001282
001282
001282
001282
001282
001282
001282
001282
001282
001282
001282
001282
001282
001282
001282
001282
001282
001283
001283
001283
001283
001283
001283
001283
001283
001283
001283
001283
001283
001283
001283
001283
001283
001283
001283
001283
001284
001284
001284
001284
001284
001284
001284
001284
001284
001284
001284
001284
001284
001284
001284
001284
001284
001284
001284
001285
001285
001285
001285
001285
001285
001285
001285
001285
001285
001285
001285
001285
001285
001285
001285
001285
001285
001286
001286
001286
001286
001286
001286
001286
001286
001286
001286
001286
001286
001286
001286
001286
001286
001286
001287
001287
001287
001287
001287
001287
001287
001287
001287
001287
001287
001287
001287
001287
001287
001287
001288
001288
001288
001288
001288
001288
001288
001288
001288
001288
001288
001288
001288
001288
001288
001288
001289
001289
001289
001289
001289
001289
001289
001289
001289
001289
001289
001289
001289
001289
001289
001289
00128A
00128A
00128A
00128A
00128A
00128A
00128A
00128A
00128A
00128A
00128A
00128A
00128A
00128A
00128A
00128B
00128B
00128B
00128B
00128B
00128B
00128B
00128B
00128B
00128B
00128B
00128B
00128B
00128B
00128C
00128C
00128C
00128C
00128C
00128C
00128C
00128C
00128C
00128C
00128C
00128C
00128C
00128C
00128D
00128D
00128D
00128D
00128D
00128D
00128D
00128D
00128D
00128D
00128D
00128D
00128D
00128D
00128E
00128E
00128E
00128E
00128E
00128E
00128E
00128E
00128E
00128E
00128E
00128E
00128E
00128F
00128F
00128F
00128F
00128F
00128F
00128F
00128F
00128F
00128F
00128F
00128F
00128F
001290
001290
001290
001290
001290
001290
001290
001290
001290
001290
001290
001290
001291
001291
001291
001291
001291
001291
001291
001291
001291
001291
001291
001291
001291
001292
001292
001292
001292
001292
001292
001292
001292
001292
001292
001292
001293
001293
001293
001293
001293
001293
001293
001293
001293
001293
001293
001293
001294
001294
001294
001294
001294
001294
001294
001294
001294
001294
001294
001295
001295
001295
001295
001295
001295
001295
001295
001295
001295
001295
001296
001296
001296
001296
001296
001296
001296
001296
001296
001296
001296
001297
001297
001297
001297
001297
001297
001297
001297
001297
001297
001298
001298
001298
001298
001298
001298
001298
001298
001298
001298
001298
001299
001299
001299
001299
001299
001299
001299
001299
001299
00129A
00129A
00129A
00129A
00129A
00129A
00129A
00129A
00129A
00129A
00129B
00129B
00129B
00129B
00129B
00129B
00129B
00129B
00129B
00129B
00129C
00129C
00129C
00129C
00129C
00129C
00129C
00129C
00129C
00129D
00129D
00129D
00129D
00129D
00129D
00129D
00129D
00129D
00129E
00129E
00129E
00129E
00129E
00129E
00129E
00129E
00129E
00129F
00129F
00129F
00129F
00129F
00129F
00129F
00129F
00129F
0012A0
0012A0
0012A0
0012A0
0012A0
0012A0
0012A0
0012A0
0012A0
0012A1
0012A1
0012A1
0012A1
0012A1
0012A1
0012A1
0012A1
0012A2
0012A2
0012A2
0012A2
0012A2
0012A2
0012A2
0012A2
0012A2
0012A3
0012A3
0012A3
0012A3
0012A3
0012A3
0012A3
0012A3
0012A4
0012A4
0012A4
0012A4
0012A4
0012A4
0012A4
0012A4
0012A5
0012A5
0012A5
0012A5
0012A5
0012A5
0012A5
0012A5
0012A6
0012A6
0012A6
0012A6
0012A6
0012A6
0012A6
0012A6
0012A7
0012A7
0012A7
0012A7
0012A7
0012A7
0012A7
0012A8
0012A8
0012A8
0012A8
0012A8
0012A8
0012A8
0012A8
0012A9
0012A9
0012A9
0012A9
0012A9
0012A9
0012A9
0012AA
0012AA
0012AA
0012AA
0012AA
0012AA
0012AA
0012AB
0012AB
0012AB
0012AB
0012AB
0012AB
0012AB
0012AC
0012AC
0012AC
0012AC
0012AC
0012AC
0012AC
0012AC
0012AD
0012AD
0012AD
0012AD
0012AD
0012AD
0012AE
0012AE
0012AE
0012AE
0012AE
0012AE
0012AE
0012AF
0012AF
0012AF
0012AF
0012AF
0012AF
0012AF
0012B0
0012B0
0012B0
0012B0
0012B0
0012B0
0012B0
0012B1
0012B1
0012B1
0012B1
0012B1
0012B1
0012B2
0012B2
0012B2
0012B2
0012B2
0012B2
0012B2
0012B3
0012B3
0012B3
0012B3
0012B3
0012B3
0012B4
0012B4
0012B4
0012B4
0012B4
0012B4
0012B5
0012B5
0012B5
0012B5
0012B5
0012B5
0012B6
0012B6
0012B6
0012B6
0012B6
0012B6
0012B7
0012B7
0012B7
0012B7
0012B7
0012B7
0012B8
0012B8
0012B8
0012B8
0012B8
0012B8
0012B9
0012B9
0012B9
0012B9
0012B9
0012B9
0012BA
0012BA
0012BA
0012BA
0012BA
0012BA
0012BB
0012BB
0012BB
0012BB
0012BB
0012BB
0012BC
0012BC
0012BC
0012BC
0012BC
0012BD
0012BD
0012BD
0012BD
0012BD
0012BD
0012BE
0012BE
0012BE
0012BE
0012BE
0012BF
0012BF
0012BF
0012BF
0012BF
0012BF
0012C0
0012C0
0012C0
0012C0
0012C0
0012C1
0012C1
0012C1
0012C1
0012C1
0012C2
0012C2
0012C2
0012C2
0012C2
0012C2
0012C3
0012C3
0012C3
0012C3
0012C3
0012C4
0012C4
0012C4
0012C4
0012C4
0012C5
0012C5
0012C5
0012C5
0012C5
0012C6
0012C6
0012C6
0012C6
0012C6
0012C7
0012C7
0012C7
0012C7
0012C7
0012C8
0012C8
0012C8
0012C8
0012C8
0012C9
0012C9
0012C9
0012C9
0012C9
0012CA
0012CA
0012CA
0012CA
0012CB
0012CB
0012CB
0012CB
0012CB
0012CC
0012CC
0012CC
0012CC
0012CC
0012CD
0012CD
0012CD
0012CD
0012CE
0012CE
0012CE
0012CE
0012CE
0012CF
0012CF
0012CF
0012CF
0012CF
0012D0
0012D0
0012D0
0012D0
0012D1
0012D1
0012D1
0012D1
0012D1
0012D2
0012D2
0012D2
0012D2
0012D3
0012D3
0012D3
0012D3
0012D4
0012D4
0012D4
0012D4
0012D4
0012D5
0012D5
0012D5
0012D5
0012D6
0012D6
0012D6
0012D6
0012D7
0012D7
0012D7
0012D7
0012D8
0012D8
0012D8
0012D8
0012D8
0012D9
0012D9
0012D9
0012D9
0012DA
0012DA
0012DA
0012DA
0012DB
0012DB
0012DB
0012DB
0012DC
0012DC
0012DC
0012DC
0012DD
0012DD
0012DD
0012DD
0012DE
0012DE
0012DE
0012DE
0012DF
0012DF
0012DF
0012DF
0012E0
0012E0
0012E0
0012E0
0012E1
0012E1
0012E1
0012E2
0012E2
0012E2
0012E2
0012E3
0012E3
0012E3
0012E3
0012E4
0012E4
0012E4
0012E4
0012E5
0012E5
0012E5
0012E6
0012E6
0012E6
0012E6
0012E7
0012E7
0012E7
0012E7
0012E8
0012E8
0012E8
0012E9
0012E9
0012E9
0012E9
0012EA
0012EA
0012EA
0012EA
0012EB
0012EB
0012EB
0012EC
0012EC
0012EC
0012EC
0012ED
0012ED
0012ED
0012EE
0012EE
0012EE
0012EE
0012EF
0012EF
0012EF
0012F0
0012F0
0012F0
0012F1
0012F1
0012F1
0012F1
0012F2
0012F2
0012F2
0012F3
0012F3
0012F3
0012F3
0012F4
0012F4
0012F4
0012F5
0012F5
0012F5
0012F6
0012F6
0012F6
0012F7
0012F7
0012F7
0012F7
0012F8
0012F8
0012F8
0012F9
0012F9
0012F9
0012FA
0012FA
0012FA
0012FB
0012FB
0012FB
0012FC
0012FC
0012FC
0012FD
0012FD
0012FD
0012FD
0012FE
0012FE
0012FE
0012FF
0012FF
0012FF
001300
001300
001300
001301
001301
001301
001302
001302
001302
001303
001303
001303
001304
001304
001304
001305
001305
001305
001306
001306
001307
001307
001307
001308
001308
001308
001309
001309
001309
00130A
00130A
00130A
00130B
00130B
00130B
00130C
00130C
00130C
00130D
00130D
00130E
00130E
00130E
00130F
00130F
00130F
001310
001310
001310
001311
001311
001312
001312
001312
001313
001313
001313
001314
001314
001315
001315
001315
001316
001316
001316
001317
001317
001318
001318
001318
001319
001319
001319
00131A
00131A
00131B
00131B
00131B
00131C
00131C
00131D
00131D
00131D
00131E
00131E
00131F
00131F
00131F
001320
001320
001321
001321
001321
001322
001322
001323
001323
001323
001324
001324
001325
001325
001325
001326
001326
001327
001327
001328
001328
001328
001329
001329
00132A
00132A
00132B
00132B
00132B
00132C
00132C
00132D
00132D
00132E
00132E
00132E
00132F
00132F
001330
001330
001331
001331
001331
001332
001332
001333
001333
001334
001334
001335
001335
001335
001336
001336
001337
001337
001338
001338
001339
001339
00133A
00133A
00133A
00133B
00133B
00133C
00133C
00133D
00133D
00133E
00133E
00133F
00133F
001340
001340
001341
001341
001342
001342
001342
001343
001343
001344
001344
001345
001345
001346
001346
001347
001347
001348
001348
001349
001349
00134A
00134A
00134B
00134B
00134C
00134C
00134D
00134D
00134E
00134E
00134F
00134F
001350
001350
001351
001351
001352
001352
001353
001353
001354
001354
001355
001355
001356
001357
001357
001358
001358
001359
001359
00135A
00135A
00135B
00135B
00135C
00135C
00135D
00135D
00135E
00135F
00135F
001360
001360
001361
001361
001362
001362
001363
001363
001364
001365
001365
001366
001366
001367
001367
001368
001368
001369
00136A
00136A
00136B
00136B
00136C
00136C
00136D
00136E
00136E
00136F
00136F
001370
001371
001371
001372
001372
001373
001373
001374
001375
001375
001376
001376
001377
001378
001378
001379
001379
00137A
00137B
00137B
00137C
00137C
00137D
00137E
00137E
00137F
001380
001380
001381
001381
001382
001383
001383
001384
001385
001385
001386
001386
001387
001388
001388
001389
00138A
00138A
00138B
00138C
00138C
00138D
00138D
00138E
00138F
00138F
001390
001391
001391
001392
001393
001393
001394
001395
001395
001396
001397
001397
001398
001399
001399
00139A
00139B
00139B
00139C
00139D
00139E
00139E
00139F
0013A0
0013A0
0013A1
0013A2
0013A2
0013A3
0013A4
0013A4
0013A5
0013A6
0013A7
0013A7
0013A8
0013A9
0013A9
0013AA
0013AB
0013AC
0013AC
0013AD
0013AE
0013AE
0013AF
0013B0
0013B1
0013B1
0013B2
0013B3
0013B4
0013B4
0013B5
0013B6
0013B7
0013B7
0013B8
0013B9
0013BA
0013BA
0013BB
0013BC
0013BD
0013BD
0013BE
0013BF
0013C0
0013C0
0013C1
0013C2
0013C3
0013C3
0013C4
0013C5
0013C6
0013C7
0013C7
0013C8
0013C9
0013CA
0013CA
0013CB
0013CC
0013CD
0013CE
0013CE
0013CF
0013D0
0013D1
0013D2
0013D2
0013D3
0013D4
0013D5
0013D6
0013D7
0013D7
0013D8
0013D9
0013DA
0013DB
0013DB
0013DC
0013DD
0013DE
0013DF
0013E0
0013E0
0013E1
0013E2
0013E3
0013E4
0013E5
0013E6
0013E6
0013E7
0013E8
0013E9
0013EA
0013EB
0013EC
0013EC
0013ED
0013EE
0013EF
0013F0
0013F1
0013F2
0013F3
0013F3
0013F4
0013F5
0013F6
0013F7
0013F8
0013F9
0013FA
0013FB
0013FB
0013FC
0013FD
0013FE
0013FF
001400
001401
001402
001403
001404
001405
001406
001406
001407
001408
001409
00140A
00140B
00140C
00140D
00140E
00140F
001410
001411
001412
001413
001414
001415
001416
001417
001418
001418
001419
00141A
00141B
00141C
00141D
00141E
00141F
001420
001421
001422
001423
001424
001425
001426
001427
001428
001429
00142A
00142B
00142C
00142D
00142E
00142F
001430
001431
001432
001434
001435
001436
001437
001438
001439
00143A
00143B
00143C
00143D
00143E
00143F
001440
001441
001442
001443
001444
001445
001447
001448
001449
00144A
00144B
00144C
00144D
00144E
00144F
001450
001451
001453
001454
001455
001456
001457
001458
001459
00145A
00145B
00145D
00145E
00145F
001460
001461
001462
001463
001465
001466
001467
001468
001469
00146A
00146B
00146D
00146E
00146F
001470
001471
001473
001474
001475
001476
001477
001478
00147A
00147B
00147C
00147D
00147E
001480
001481
001482
001483
001485
001486
001487
001488
001489
00148B
00148C
00148D
00148E
001490
001491
001492
001493
001495
001496
001497
001499
00149A
00149B
00149C
00149E
00149F
0014A0
0014A1
0014A3
0014A4
0014A5
0014A7
0014A8
0014A9
0014AB
0014AC
0014AD
0014AF
0014B0
0014B1
0014B3
0014B4
0014B5
0014B7
0014B8
0014B9
0014BB
0014BC
0014BD
0014BF
0014C0
0014C1
0014C3
0014C4
0014C6
0014C7
0014C8
0014CA
0014CB
0014CC
0014CE
0014CF
0014D1
0014D2
0014D3
0014D5
0014D6
0014D8
0014D9
0014DB
0014DC
0014DD
0014DF
0014E0
0014E2
0014E3
0014E5
0014E6
0014E8
0014E9
0014EB
0014EC
0014ED
0014EF
0014F0
0014F2
0014F3
0014F5
0014F6
0014F8
0014F9
0014FB
0014FC
0014FE
0014FF
001501
001502
001504
001505
001507
001509
00150A
00150C
00150D
00150F
001510
001512
001513
001515
001517
001518
00151A
00151B
00151D
00151E
001520
001522
001523
001525
001526
001528
00152A
00152B
00152D
00152F
001530
001532
001534
001535
001537
001538
00153A
00153C
00153D
00153F
001541
001542
001544
001546
001548
001549
00154B
00154D
00154E
001550
001552
001553
001555
001557
001559
00155A
00155C
00155E
001560
001561
001563
001565
001567
001568
00156A
00156C
00156E
001570
001571
001573
001575
001577
001579
00157A
00157C
00157E
001580
001582
001583
001585
001587
001589
00158B
00158D
00158F
001590
001592
001594
001596
001598
00159A
00159C
00159E
0015A0
0015A1
0015A3
0015A5
0015A7
0015A9
0015AB
0015AD
0015AF
0015B1
0015B3
0015B5
0015B7
0015B9
0015BB
0015BD
0015BF
0015C1
0015C3
0015C5
0015C7
0015C9
0015CB
0015CD
0015CF
0015D1
0015D3
0015D5
0015D7
0015D9
0015DB
0015DD
0015DF
0015E1
0015E3
0015E5
0015E7
0015E9
0015EC
0015EE
0015F0
0015F2
0015F4
0015F6
0015F8
0015FA
0015FC
0015FF
001601
001603
001605
001607
001609
00160C
00160E
001610
001612
001614
001617
001619
00161B
00161D
00161F
001622
001624
001626
001628
00162B
00162D
00162F
001631
001634
001636
001638
00163B
00163D
00163F
001641
001644
001646
001648
00164B
00164D
00164F
001652
001654
001656
001659
00165B
00165E
001660
001662
001665
001667
00166A
00166C
00166E
001671
001673
001676
001678
00167B
00167D
001680
001682
001685
001687
001689
00168C
00168E
001691
001694
001696
001699
00169B
00169E
0016A0
0016A3
0016A5
0016A8
0016AA
0016AD
0016B0
0016B2
0016B5
0016B7
0016BA
0016BD
0016BF
0016C2
0016C5
0016C7
0016CA
0016CD
0016CF
0016D2
0016D5
0016D7
0016DA
0016DD
0016DF
0016E2
0016E5
0016E8
0016EA
0016ED
0016F0
0016F3
0016F5
0016F8
0016FB
0016FE
001701
001703
001706
001709
00170C
00170F
001711
001714
001717
00171A
00171D
001720
001723
001726
001728
00172B
00172E
001731
001734
001737
00173A
00173D
001740
001743
001746
001749
00174C
00174F
001752
001755
001758
00175B
00175E
001761
001764
001767
00176A
00176D
001771
001774
001777
00177A
00177D
001780
001783
001786
00178A
00178D
001790
001793
001796
001799
00179D
0017A0
0017A3
0017A6
0017AA
0017AD
0017B0
0017B3
0017B7
0017BA
0017BD
0017C1
0017C4
0017C7
0017CB
0017CE
0017D1
0017D5
0017D8
0017DB
0017DF
0017E2
0017E6
0017E9
0017EC
0017F0
0017F3
0017F7
0017FA
0017FE
001801
001805
001808
00180C
00180F
001813
001816
00181A
00181D
001821
001824
001828
00182C
00182F
001833
001837
00183A
00183E
001841
001845
001849
00184C
001850
001854
001858
00185B
00185F
001863
001867
00186A
00186E
001872
001876
00187A
00187D
001881
001885
001889
00188D
001891
001895
001898
00189C
0018A0
0018A4
0018A8
0018AC
0018B0
0018B4
0018B8
0018BC
0018C0
0018C4
0018C8
0018CC
0018D0
0018D4
0018D8
0018DC
0018E0
0018E5
0018E9
0018ED
0018F1
0018F5
0018F9
0018FE
001902
001906
00190A
00190E
001913
001917
00191B
00191F
001924
001928
00192C
001931
001935
001939
00193E
001942
001946
00194B
00194F
001954
001958
00195D
001961
001966
00196A
00196F
001973
001978
00197C
001981
001985
00198A
00198E
001993
001998
00199C
0019A1
0019A6
0019AA
0019AF
0019B4
0019B8
0019BD
0019C2
0019C7
0019CB
0019D0
0019D5
0019DA
0019DF
0019E4
0019E8
0019ED
0019F2
0019F7
0019FC
001A01
001A06
001A0B
001A10
001A15
001A1A
001A1F
001A24
001A29
001A2E
001A33
001A38
001A3D
001A42
001A48
001A4D
001A52
001A57
001A5C
001A62
001A67
001A6C
001A71
001A77
001A7C
001A81
001A87
001A8C
001A91
001A97
001A9C
001AA1
001AA7
001AAC
001AB2
001AB7
001ABD
001AC2
001AC8
001ACD
001AD3
001AD9
001ADE
001AE4
001AE9
001AEF
001AF5
001AFA
001B00
001B06
001B0C
001B11
001B17
001B1D
001B23
001B29
001B2E
001B34
001B3A
001B40
001B46
001B4C
001B52
001B58
001B5E
001B64
001B6A
001B70
001B76
001B7C
001B82
001B88
001B8F
001B95
001B9B
001BA1
001BA7
001BAE
001BB4
001BBA
001BC1
001BC7
001BCD
001BD4
001BDA
001BE0
001BE7
001BED
001BF4
001BFA
001C01
001C07
001C0E
001C15
001C1B
001C22
001C28
001C2F
001C36
001C3C
001C43
001C4A
001C51
001C58
001C5E
001C65
001C6C
001C73
001C7A
001C81
001C88
001C8F
001C96
001C9D
001CA4
001CAB
001CB2
001CB9
001CC0
001CC8
001CCF
001CD6
001CDD
001CE5
001CEC
001CF3
001CFA
001D02
001D09
001D11
001D18
001D20
001D27
001D2F
001D36
001D3E
001D45
001D4D
001D55
001D5C
001D64
001D6C
001D74
001D7B
001D83
001D8B
001D93
001D9B
001DA3
001DAB
001DB3
001DBB
001DC3
001DCB
001DD3
001DDB
001DE3
001DEB
001DF3
001DFC
001E04
001E0C
001E15
001E1D
001E25
001E2E
001E36
001E3F
001E47
001E50
001E58
001E61
001E6A
001E72
001E7B
001E84
001E8C
001E95
001E9E
001EA7
001EB0
001EB9
001EC2
001ECB
001ED4
001EDD
001EE6
001EEF
001EF8
001F01
001F0A
001F14
001F1D
001F26
001F30
001F39
001F42
001F4C
001F55
001F5F
001F69
001F72
001F7C
001F85
001F8F
001F99
001FA3
001FAD
001FB6
001FC0
001FCA
001FD4
001FDE
001FE8
001FF2
001FFD
002007
002011
00201B
002026
002030
00203A
002045
00204F
00205A
002064
00206F
002079
002084
00208F
00209A
0020A4
0020AF
0020BA
0020C5
0020D0
0020DB
0020E6
0020F1
0020FC
002108
002113
00211E
002129
002135
002140
00214C
002157
002163
00216E
00217A
002186
002192
00219D
0021A9
0021B5
0021C1
0021CD
0021D9
0021E5
0021F1
0021FE
00220A
002216
002223
00222F
00223B
002248
002255
002261
00226E
00227B
002287
002294
0022A1
0022AE
0022BB
0022C8
0022D5
0022E3
0022F0
0022FD
00230B
002318
002326
002333
002341
00234E
00235C
00236A
002378
002386
002394
0023A2
0023B0
0023BE
0023CC
0023DB
0023E9
0023F8
002406
002415
002423
002432
002441
002450
00245F
00246E
00247D
00248C
00249B
0024AA
0024BA
0024C9
0024D9
0024E8
0024F8
002507
002517
002527
002537
002547
002557
002567
002578
002588
002598
0025A9
0025BA
0025CA
0025DB
0025EC
0025FD
00260E
00261F
002630
002641
002653
002664
002676
002687
002699
0026AB
0026BD
0026CF
0026E1
0026F3
002705
002718
00272A
00273D
00274F
002762
002775
002788
00279B
0027AE
0027C2
0027D5
0027E9
0027FC
002810
002824
002838
00284C
002860
002874
002888
00289D
0028B1
0028C6
0028DB
0028F0
002905
00291A
00292F
002945
00295A
002970
002986
00299C
0029B2
0029C8
0029DE
0029F5
002A0B
002A22
002A39
002A50
002A67
002A7E
002A96
002AAD
002AC5
002ADD
002AF5
002B0D
002B25
002B3E
002B56
002B6F
002B88
002BA1
002BBA
002BD3
002BED
002C07
002C20
002C3A
002C55
002C6F
002C89
002CA4
002CBF
002CDA
002CF5
002D11
002D2C
002D48
002D64
002D80
002D9C
002DB9
002DD6
002DF3
002E10
002E2D
002E4B
002E68
002E86
002EA4
002EC3
002EE1
002F00
002F1F
002F3E
002F5E
002F7E
002F9D
002FBE
002FDE
002FFF
00301F
003041
003062
003084
0030A5
0030C8
0030EA
00310D
00312F
003153
003176
00319A
0031BE
0031E2
003207
00322C
003251
003276
00329C
0032C2
0032E8
00330F
003336
00335D
003385
0033AD
0033D5
0033FE
003427
003451
00347A
0034A4
0034CF
0034FA
003525
003550
00357C
0035A9
0035D6
003603
003630
00365E
00368D
0036BC
0036EB
00371B
00374B
00377B
0037AD
0037DE
003810
003843
003876
0038A9
0038DD
003912
003947
00397D
0039B3
0039EA
003A21
003A59
003A91
003ACA
003B04
003B3E
003B79
003BB4
003BF1
003C2D
003C6B
003CA9
003CE8
003D28
003D68
003DA9
003DEB
003E2D
003E71
003EB5
003EFA
003F3F
003F86
003FCD
004016
00405F
0040A9
0040F4
004140
00418D
0041DB
00422A
00427A
0042CB
00431D
004370
0043C5
00441A
004471
0044C9
004522
00457D
0045D8
004635
004694
0046F4
004755
0047B7
00481C
004881
0048E9
004951
0049BC
004A28
004A96
004B06
004B78
004BEB
004C61
004CD8
004D52
004DCD
004E4B
004ECB
004F4E
004FD2
00505A
0050E3
005170
0051FF
005291
005325
0053BD
005458
0054F6
005597
00563C
0056E4
005790
00583F
0058F3
0059AA
005A66
005B26
005BEB
005CB4
005D83
005E56
005F2F
00600E
0060F2
0061DD
0062CD
0063C5
0064C3
0065C9
0066D7
0067EC
00690A
006A31
006B61
006C9B
006DDF
006F2F
00708A
0071F1
007366
0074E8
007679
00781A
0079CC
007B8F
007D66
007F52
008153
00836D
0085A0
0087EF
008A5D
008CEB
008F9E
009278
00957D
0098B3
009C1D
009FC2
00A3A9
00A7DA
00AC5F
00B142
00B693
00BC61
00C2C2
00C9CE
00D1A7
00DA76
00E471
00EFE3
00FD31
010CEB
011FE7
013774
0155C1
017ECE
01BAF4
021FDC
03039F
4024AF
001708
001708
001708
001708
001708
001708
001708
001708
001708
001708
001708
001708
001708
001708
001708
001708
001708
001708
001708
001708
001708
001708
001708
001708
001708
001708
001708
001708
001708
001708
001708
001708
001708
001708
001708
001708
001708
001708
001708
001708
001708
001708
001708
001708
001708
001708
001708
001708
001708
001708
001708
001708
001708
001708
001708
001708
001708
001708
001708
001708
001708
001708
001708
001708
001708
001708
001708
001708
001708
001708
001708
001708
001708
001708
001708
001708
001708
001708
001708
001708
001708
001708
001708
001708
001708
001708
001708
001708
001708
001708
001708
001708
001708
001708
001708
001708
001708
001708
001708
001708
001708
001708
001708
001708
001708
001708
001708
001708
001708
001708
001708
001708
001708
001708
001708
001708
001708
001708
001708
001708
001708
001708
001708
001708
001708
001708
001708
001708
001708
001708
001708
001708
001708
001708
001708
001708
001708
001708
001708
001708
001708
001708
001708
001708
001708
001708
001708
001708
001708
001708
001708
001708
001708
001708
001708
001708
001708
001708
001708
001708
001708
001708
001708
001708
001708
001708
001708
001708
001708
001708
001708
001708
001708
001708
001708
001708
001708
001708
001708
001708
001708
001708
001708
001708
001708
001708
001708
001708
001708
001708
001708
001708
001708
001708
001708
001708
001708
001708
001708
001708
001708
001708
001708
001708
001708
001708
001708
001708
001708
001708
001708
001708
001708
001708
001708
001708
001708
001708
001708
001708
001708
001708
001708
001708
001708
001708
001708
001708
001708
001708
001708
001708
001709
001709
001709
001709
001709
001709
001709
001709
001709
001709
001709
001709
001709
001709
001709
001709
001709
001709
001709
001709
001709
001709
001709
001709
001709
001709
001709
001709
001709
001709
001709
001709
001709
001709
001709
001709
001709
001709
001709
001709
001709
001709
001709
001709
001709
001709
001709
001709
001709
001709
001709
001709
001709
001709
001709
001709
001709
001709
001709
001709
001709
001709
001709
001709
001709
001709
001709
001709
001709
001709
001709
001709
001709
001709
001709
001709
001709
001709
001709
001709
001709
001709
001709
001709
001709
001709
001709
001709
001709
001709
001709
001709
001709
001709
001709
001709
001709
001709
001709
001709
001709
001709
001709
001709
001709
001709
001709
001709
001709
001709
001709
001709
001709
001709
001709
001709
001709
001709
001709
001709
001709
001709
001709
001709
001709
001709
001709
001709
001709
001709
001709
001709
001709
001709
001709
001709
001709
001709
001709
001709
001709
001709
001709
001709
001709
001709
001709
001709
001709
001709
001709
001709
001709
001709
001709
001709
001709
001709
001709
001709
001709
001709
001709
001709
001709
001709
001709
001709
001709
001709
001709
001709
001709
001709
001709
001709
001709
001709
001709
001709
001709
001709
001709
001709
001709
001709
001709
001709
001709
001709
001709
001709
001709
00170A
00170A
00170A
00170A
00170A
00170A
00170A
00170A
00170A
00170A
00170A
00170A
00170A
00170A
00170A
00170A
00170A
00170A
00170A
00170A
00170A
00170A
00170A
00170A
00170A
00170A
00170A
00170A
00170A
00170A
00170A
00170A
00170A
00170A
00170A
00170A
00170A
00170A
00170A
00170A
00170A
00170A
00170A
00170A
00170A
00170A
00170A
00170A
00170A
00170A
00170A
00170A
00170A
00170A
00170A
00170A
00170A
00170A
00170A
00170A
00170A
00170A
00170A
00170A
00170A
00170A
00170A
00170A
00170A
00170A
00170A
00170A
00170A
00170A
00170A
00170A
00170A
00170A
00170A
00170A
00170A
00170A
00170A
00170A
00170A
00170A
00170A
00170A
00170A
00170A
00170A
00170A
00170A
00170A
00170A
00170A
00170A
00170A
00170A
00170A
00170A
00170A
00170A
00170A
00170A
00170A
00170A
00170A
00170A
00170A
00170A
00170A
00170A
00170A
00170A
00170A
00170A
00170A
00170A
00170A
00170A
00170A
00170A
00170A
00170A
00170A
00170A
00170A
00170A
00170A
00170A
00170A
00170A
00170A
00170A
00170A
00170B
00170B
00170B
00170B
00170B
00170B
00170B
00170B
00170B
00170B
00170B
00170B
00170B
00170B
00170B
00170B
00170B
00170B
00170B
00170B
00170B
00170B
00170B
00170B
00170B
00170B
00170B
00170B
00170B
00170B
00170B
00170B
00170B
00170B
00170B
00170B
00170B
00170B
00170B
00170B
00170B
00170B
00170B
00170B
00170B
00170B
00170B
00170B
00170B
00170B
00170B
00170B
00170B
00170B
00170B
00170B
00170B
00170B
00170B
00170B
00170B
00170B
00170B
00170B
00170B
00170B
00170B
00170B
00170B
00170B
00170B
00170B
00170B
00170B
00170B
00170B
00170B
00170B
00170B
00170B
00170B
00170B
00170B
00170B
00170B
00170B
00170B
00170B
00170B
00170B
00170B
00170B
00170B
00170B
00170B
00170B
00170B
00170B
00170B
00170B
00170B
00170B
00170B
00170B
00170C
00170C
00170C
00170C
00170C
00170C
00170C
00170C
00170C
00170C
00170C
00170C
00170C
00170C
00170C
00170C
00170C
00170C
00170C
00170C
00170C
00170C
00170C
00170C
00170C
00170C
00170C
00170C
00170C
00170C
00170C
00170C
00170C
00170C
00170C
00170C
00170C
00170C
00170C
00170C
00170C
00170C
00170C
00170C
00170C
00170C
00170C
00170C
00170C
00170C
00170C
00170C
00170C
00170C
00170C
00170C
00170C
00170C
00170C
00170C
00170C
00170C
00170C
00170C
00170C
00170C
00170C
00170C
00170C
00170C
00170C
00170C
00170C
00170C
00170C
00170C
00170C
00170C
00170C
00170C
00170C
00170C
00170C
00170C
00170D
00170D
00170D
00170D
00170D
00170D
00170D
00170D
00170D
00170D
00170D
00170D
00170D
00170D
00170D
00170D
00170D
00170D
00170D
00170D
00170D
00170D
00170D
00170D
00170D
00170D
00170D
00170D
00170D
00170D
00170D
00170D
00170D
00170D
00170D
00170D
00170D
00170D
00170D
00170D
00170D
00170D
00170D
00170D
00170D
00170D
00170D
00170D
00170D
00170D
00170D
00170D
00170D
00170D
00170D
00170D
00170D
00170D
00170D
00170D
00170D
00170D
00170D
00170D
00170D
00170D
00170D
00170D
00170D
00170D
00170D
00170E
00170E
00170E
00170E
00170E
00170E
00170E
00170E
00170E
00170E
00170E
00170E
00170E
00170E
00170E
00170E
00170E
00170E
00170E
00170E
00170E
00170E
00170E
00170E
00170E
00170E
00170E
00170E
00170E
00170E
00170E
00170E
00170E
00170E
00170E
00170E
00170E
00170E
00170E
00170E
00170E
00170E
00170E
00170E
00170E
00170E
00170E
00170E
00170E
00170E
00170E
00170E
00170E
00170E
00170E
00170E
00170E
00170E
00170E
00170E
00170E
00170E
00170F
00170F
00170F
00170F
00170F
00170F
00170F
00170F
00170F
00170F
00170F
00170F
00170F
00170F
00170F
00170F
00170F
00170F
00170F
00170F
00170F
00170F
00170F
00170F
00170F
00170F
00170F
00170F
00170F
00170F
00170F
00170F
00170F
00170F
00170F
00170F
00170F
00170F
00170F
00170F
00170F
00170F
00170F
00170F
00170F
00170F
00170F
00170F
00170F
00170F
00170F
00170F
00170F
00170F
001710
001710
001710
001710
001710
001710
001710
001710
001710
001710
001710
001710
001710
001710
001710
001710
001710
001710
001710
001710
001710
001710
001710
001710
001710
001710
001710
001710
001710
001710
001710
001710
001710
001710
001710
001710
001710
001710
001710
001710
001710
001710
001710
001710
001710
001710
001710
001710
001710
001711
001711
001711
001711
001711
001711
001711
001711
001711
001711
001711
001711
001711
001711
001711
001711
001711
001711
001711
001711
001711
001711
001711
001711
001711
001711
001711
001711
001711
001711
001711
001711
001711
001711
001711
001711
001711
001711
001711
001711
001711
001711
001711
001712
001712
001712
001712
001712
001712
001712
001712
001712
001712
001712
001712
001712
001712
001712
001712
001712
001712
001712
001712
001712
001712
001712
001712
001712
001712
001712
001712
001712
001712
001712
001712
001712
001712
001712
001712
001712
001712
001712
001712
001713
001713
001713
001713
001713
001713
001713
001713
001713
001713
001713
001713
001713
001713
001713
001713
001713
001713
001713
001713
001713
001713
001713
001713
001713
001713
001713
001713
001713
001713
001713
001713
001713
001713
001713
001713
001713
001714
001714
001714
001714
001714
001714
001714
001714
001714
001714
001714
001714
001714
001714
001714
001714
001714
001714
001714
001714
001714
001714
001714
001714
001714
001714
001714
001714
001714
001714
001714
001714
001714
001714
001715
001715
001715
001715
001715
001715
001715
001715
001715
001715
001715
001715
001715
001715
001715
001715
001715
001715
001715
001715
001715
001715
001715
001715
001715
001715
001715
001715
001715
001715
001715
001715
001716
001716
001716
001716
001716
001716
001716
001716
001716
001716
001716
001716
001716
001716
001716
001716
001716
001716
001716
001716
001716
001716
001716
001716
001716
001716
001716
001716
001716
001717
001717
001717
001717
001717
001717
001717
001717
001717
001717
001717
001717
001717
001717
001717
001717
001717
001717
001717
001717
001717
001717
001717
001717
001717
001717
001717
001717
001718
001718
001718
001718
001718
001718
001718
001718
001718
001718
001718
001718
001718
001718
001718
001718
001718
001718
001718
001718
001718
001718
001718
001718
001718
001718
001719
001719
001719
001719
001719
001719
001719
001719
001719
001719
001719
001719
001719
001719
001719
001719
001719
001719
001719
001719
001719
001719
001719
001719
001719
00171A
00171A
00171A
00171A
00171A
00171A
00171A
00171A
00171A
00171A
00171A
00171A
00171A
00171A
00171A
00171A
00171A
00171A
00171A
00171A
00171A
00171A
00171A
00171B
00171B
00171B
00171B
00171B
00171B
00171B
00171B
00171B
00171B
00171B
00171B
00171B
00171B
00171B
00171B
00171B
00171B
00171B
00171B
00171B
00171B
00171C
00171C
00171C
00171C
00171C
00171C
00171C
00171C
00171C
00171C
00171C
00171C
00171C
00171C
00171C
00171C
00171C
00171C
00171C
00171C
00171C
00171C
00171D
00171D
00171D
00171D
00171D
00171D
00171D
00171D
00171D
00171D
00171D
00171D
00171D
00171D
00171D
00171D
00171D
00171D
00171D
00171D
00171E
00171E
00171E
00171E
00171E
00171E
00171E
00171E
00171E
00171E
00171E
00171E
00171E
00171E
00171E
00171E
00171E
00171E
00171E
00171F
00171F
00171F
00171F
00171F
00171F
00171F
00171F
00171F
00171F
00171F
00171F
00171F
00171F
00171F
00171F
00171F
00171F
00171F
001720
001720
001720
001720
001720
001720
001720
001720
001720
001720
001720
001720
001720
001720
001720
001720
001720
001720
001721
001721
001721
001721
001721
001721
001721
001721
001721
001721
001721
001721
001721
001721
001721
001721
001721
001722
001722
001722
001722
001722
001722
001722
001722
001722
001722
001722
001722
001722
001722
001722
001722
001723
001723
001723
001723
001723
001723
001723
001723
001723
001723
001723
001723
001723
001723
001723
001723
001724
001724
001724
001724
001724
001724
001724
001724
001724
001724
001724
001724
001724
001724
001724
001724
001725
001725
001725
001725
001725
001725
001725
001725
001725
001725
001725
001725
001725
001725
001725
001726
001726
001726
001726
001726
001726
001726
001726
001726
001726
001726
001726
001726
001726
001727
001727
001727
001727
001727
001727
001727
001727
001727
001727
001727
001727
001727
001727
001728
001728
001728
001728
001728
001728
001728
001728
001728
001728
001728
001728
001728
001728
001729
001729
001729
001729
001729
001729
001729
001729
001729
001729
001729
001729
001729
00172A
00172A
00172A
00172A
00172A
00172A
00172A
00172A
00172A
00172A
00172A
00172A
00172A
00172B
00172B
00172B
00172B
00172B
00172B
00172B
00172B
00172B
00172B
00172B
00172B
00172C
00172C
00172C
00172C
00172C
00172C
00172C
00172C
00172C
00172C
00172C
00172C
00172C
00172D
00172D
00172D
00172D
00172D
00172D
00172D
00172D
00172D
00172D
00172D
00172E
00172E
00172E
00172E
00172E
00172E
00172E
00172E
00172E
00172E
00172E
00172E
00172F
00172F
00172F
00172F
00172F
00172F
00172F
00172F
00172F
00172F
00172F
001730
001730
001730
001730
001730
001730
001730
001730
001730
001730
001730
001731
001731
001731
001731
001731
001731
001731
001731
001731
001731
001731
001732
001732
001732
001732
001732
001732
001732
001732
001732
001732
001733
001733
001733
001733
001733
001733
001733
001733
001733
001733
001734
001734
001734
001734
001734
001734
001734
001734
001734
001734
001735
001735
001735
001735
001735
001735
001735
001735
001735
001735
001736
001736
001736
001736
001736
001736
001736
001736
001736
001736
001737
001737
001737
001737
001737
001737
001737
001737
001737
001738
001738
001738
001738
001738
001738
001738
001738
001738
001739
001739
001739
001739
001739
001739
001739
001739
001739
00173A
00173A
00173A
00173A
00173A
00173A
00173A
00173A
00173A
00173B
00173B
00173B
00173B
00173B
00173B
00173B
00173B
00173B
00173C
00173C
00173C
00173C
00173C
00173C
00173C
00173C
00173D
00173D
00173D
00173D
00173D
00173D
00173D
00173D
00173D
00173E
00173E
00173E
00173E
00173E
00173E
00173E
00173E
00173F
00173F
00173F
00173F
00173F
00173F
00173F
00173F
001740
001740
001740
001740
001740
001740
001740
001740
001741
001741
001741
001741
001741
001741
001741
001741
001742
001742
001742
001742
001742
001742
001742
001743
001743
001743
001743
001743
001743
001743
001743
001744
001744
001744
001744
001744
001744
001744
001745
001745
001745
001745
001745
001745
001745
001746
001746
001746
001746
001746
001746
001746
001747
001747
001747
001747
001747
001747
001747
001747
001748
001748
001748
001748
001748
001748
001749
001749
001749
001749
001749
001749
001749
00174A
00174A
00174A
00174A
00174A
00174A
00174A
00174B
00174B
00174B
00174B
00174B
00174B
00174B
00174C
00174C
00174C
00174C
00174C
00174C
00174D
00174D
00174D
00174D
00174D
00174D
00174D
00174E
00174E
00174E
00174E
00174E
00174E
00174F
00174F
00174F
00174F
00174F
00174F
001750
001750
001750
001750
001750
001750
001751
001751
001751
001751
001751
001751
001752
001752
001752
001752
001752
001752
001753
001753
001753
001753
001753
001753
001754
001754
001754
001754
001754
001754
001755
001755
001755
001755
001755
001755
001756
001756
001756
001756
001756
001756
001757
001757
001757
001757
001757
001758
001758
001758
001758
001758
001758
001759
001759
001759
001759
001759
00175A
00175A
00175A
00175A
00175A
00175A
00175B
00175B
00175B
00175B
00175B
00175C
00175C
00175C
00175C
00175C
00175C
00175D
00175D
00175D
00175D
00175D
00175E
00175E
00175E
00175E
00175E
00175F
00175F
00175F
00175F
00175F
001760
001760
001760
001760
001760
001761
001761
001761
001761
001761
001762
001762
001762
001762
001762
001763
001763
001763
001763
001763
001764
001764
001764
001764
001764
001765
001765
001765
001765
001765
001766
001766
001766
001766
001767
001767
001767
001767
001767
001768
001768
001768
001768
001768
001769
001769
001769
001769
00176A
00176A
00176A
00176A
00176A
00176B
00176B
00176B
00176B
00176C
00176C
00176C
00176C
00176C
00176D
00176D
00176D
00176D
00176E
00176E
00176E
00176E
00176E
00176F
00176F
00176F
00176F
001770
001770
001770
001770
001771
001771
001771
001771
001772
001772
001772
001772
001772
001773
001773
001773
001773
001774
001774
001774
001774
001775
001775
001775
001775
001776
001776
001776
001776
001777
001777
001777
001777
001778
001778
001778
001778
001779
001779
001779
001779
00177A
00177A
00177A
00177A
00177B
00177B
00177B
00177B
00177C
00177C
00177C
00177C
00177D
00177D
00177D
00177D
00177E
00177E
00177E
00177F
00177F
00177F
00177F
001780
001780
001780
001780
001781
001781
001781
001781
001782
001782
001782
001783
001783
001783
001783
001784
001784
001784
001785
001785
001785
001785
001786
001786
001786
001786
001787
001787
001787
001788
001788
001788
001788
001789
001789
001789
00178A
00178A
00178A
00178B
00178B
00178B
00178B
00178C
00178C
00178C
00178D
00178D
00178D
00178D
00178E
00178E
00178E
00178F
00178F
00178F
001790
001790
001790
001790
001791
001791
001791
001792
001792
001792
001793
001793
001793
001794
001794
001794
001795
001795
001795
001795
001796
001796
001796
001797
001797
001797
001798
001798
001798
001799
001799
001799
00179A
00179A
00179A
00179B
00179B
00179B
00179C
00179C
00179C
00179D
00179D
00179D
00179E
00179E
00179E
00179F
00179F
00179F
0017A0
0017A0
0017A0
0017A1
0017A1
0017A1
0017A2
0017A2
0017A2
0017A3
0017A3
0017A3
0017A4
0017A4
0017A4
0017A5
0017A5
0017A5
0017A6
0017A6
0017A7
0017A7
0017A7
0017A8
0017A8
0017A8
0017A9
0017A9
0017A9
0017AA
0017AA
0017AA
0017AB
0017AB
0017AC
0017AC
0017AC
0017AD
0017AD
0017AD
0017AE
0017AE
0017AF
0017AF
0017AF
0017B0
0017B0
0017B0
0017B1
0017B1
0017B2
0017B2
0017B2
0017B3
0017B3
0017B3
0017B4
0017B4
0017B5
0017B5
0017B5
0017B6
0017B6
0017B7
0017B7
0017B7
0017B8
0017B8
0017B8
0017B9
0017B9
0017BA
0017BA
0017BA
0017BB
0017BB
0017BC
0017BC
0017BC
0017BD
0017BD
0017BE
0017BE
0017BF
0017BF
0017BF
0017C0
0017C0
0017C1
0017C1
0017C1
0017C2
0017C2
0017C3
0017C3
0017C3
0017C4
0017C4
0017C5
0017C5
0017C6
0017C6
0017C6
0017C7
0017C7
0017C8
0017C8
0017C9
0017C9
0017C9
0017CA
0017CA
0017CB
0017CB
0017CC
0017CC
0017CC
0017CD
0017CD
0017CE
0017CE
0017CF
0017CF
0017D0
0017D0
0017D0
0017D1
0017D1
0017D2
0017D2
0017D3
0017D3
0017D4
0017D4
0017D5
0017D5
0017D5
0017D6
0017D6
0017D7
0017D7
0017D8
0017D8
0017D9
0017D9
0017DA
0017DA
0017DB
0017DB
0017DC
0017DC
0017DC
0017DD
0017DD
0017DE
0017DE
0017DF
0017DF
0017E0
0017E0
0017E1
0017E1
0017E2
0017E2
0017E3
0017E3
0017E4
0017E4
0017E5
0017E5
0017E6
0017E6
0017E7
0017E7
0017E8
0017E8
0017E9
0017E9
0017EA
0017EA
0017EB
0017EB
0017EC
0017EC
0017ED
0017ED
0017EE
0017EE
0017EF
0017EF
0017F0
0017F0
0017F1
0017F1
0017F2
0017F2
0017F3
0017F4
0017F4
0017F5
0017F5
0017F6
0017F6
0017F7
0017F7
0017F8
0017F8
0017F9
0017F9
0017FA
0017FA
0017FB
0017FC
0017FC
0017FD
0017FD
0017FE
0017FE
0017FF
0017FF
001800
001801
001801
001802
001802
001803
001803
001804
001804
001805
001806
001806
001807
001807
001808
001808
001809
00180A
00180A
00180B
00180B
00180C
00180C
00180D
00180E
00180E
00180F
00180F
001810
001811
001811
001812
001812
001813
001814
001814
001815
001815
001816
001817
001817
001818
001818
001819
00181A
00181A
00181B
00181B
00181C
00181D
00181D
00181E
00181F
00181F
001820
001820
001821
001822
001822
001823
001824
001824
001825
001826
001826
001827
001827
001828
001829
001829
00182A
00182B
00182B
00182C
00182D
00182D
00182E
00182F
00182F
001830
001831
001831
001832
001833
001833
001834
001835
001835
001836
001837
001837
001838
001839
001839
00183A
00183B
00183B
00183C
00183D
00183E
00183E
00183F
001840
001840
001841
001842
001842
001843
001844
001845
001845
001846
001847
001847
001848
001849
00184A
00184A
00184B
00184C
00184C
00184D
00184E
00184F
00184F
001850
001851
001852
001852
001853
001854
001855
001855
001856
001857
001858
001858
001859
00185A
00185B
00185B
00185C
00185D
00185E
00185E
00185F
001860
001861
001861
001862
001863
001864
001865
001865
001866
001867
001868
001869
001869
00186A
00186B
00186C
00186D
00186D
00186E
00186F
001870
001871
001871
001872
001873
001874
001875
001875
001876
001877
001878
001879
00187A
00187A
00187B
00187C
00187D
00187E
00187F
00187F
001880
001881
001882
001883
001884
001885
001885
001886
001887
001888
001889
00188A
00188B
00188B
00188C
00188D
00188E
00188F
001890
001891
001892
001892
001893
001894
001895
001896
001897
001898
001899
00189A
00189B
00189B
00189C
00189D
00189E
00189F
0018A0
0018A1
0018A2
0018A3
0018A4
0018A5
0018A6
0018A6
0018A7
0018A8
0018A9
0018AA
0018AB
0018AC
0018AD
0018AE
0018AF
0018B0
0018B1
0018B2
0018B3
0018B4
0018B5
0018B6
0018B7
0018B8
0018B9
0018BA
0018BB
0018BC
0018BD
0018BE
0018BF
0018BF
0018C0
0018C1
0018C2
0018C3
0018C4
0018C5
0018C6
0018C7
0018C9
0018CA
0018CB
0018CC
0018CD
0018CE
0018CF
0018D0
0018D1
0018D2
0018D3
0018D4
0018D5
0018D6
0018D7
0018D8
0018D9
0018DA
0018DB
0018DC
0018DD
0018DE
0018DF
0018E0
0018E1
0018E3
0018E4
0018E5
0018E6
0018E7
0018E8
0018E9
0018EA
0018EB
0018EC
0018ED
0018EE
0018F0
0018F1
0018F2
0018F3
0018F4
0018F5
0018F6
0018F7
0018F8
0018FA
0018FB
0018FC
0018FD
0018FE
0018FF
001900
001901
001903
001904
001905
001906
001907
001908
00190A
00190B
00190C
00190D
00190E
00190F
001911
001912
001913
001914
001915
001916
001918
001919
00191A
00191B
00191C
00191E
00191F
001920
001921
001923
001924
001925
001926
001927
001929
00192A
00192B
00192C
00192E
00192F
001930
001931
001933
001934
001935
001936
001938
001939
00193A
00193C
00193D
00193E
00193F
001941
001942
001943
001945
001946
001947
001948
00194A
00194B
00194C
00194E
00194F
001950
001952
001953
001954
001956
001957
001958
00195A
00195B
00195C
00195E
00195F
001960
001962
001963
001965
001966
001967
001969
00196A
00196B
00196D
00196E
001970
001971
001972
001974
001975
001977
001978
00197A
00197B
00197C
00197E
00197F
001981
001982
001984
001985
001986
001988
001989
00198B
00198C
00198E
00198F
001991
001992
001994
001995
001997
001998
00199A
00199B
00199D
00199E
0019A0
0019A1
0019A3
0019A4
0019A6
0019A7
0019A9
0019AA
0019AC
0019AD
0019AF
0019B0
0019B2
0019B4
0019B5
0019B7
0019B8
0019BA
0019BB
0019BD
0019BF
0019C0
0019C2
0019C3
0019C5
0019C7
0019C8
0019CA
0019CB
0019CD
0019CF
0019D0
0019D2
0019D3
0019D5
0019D7
0019D8
0019DA
0019DC
0019DD
0019DF
0019E1
0019E2
0019E4
0019E6
0019E7
0019E9
0019EB
0019EC
0019EE
0019F0
0019F1
0019F3
0019F5
0019F7
0019F8
0019FA
0019FC
0019FE
0019FF
001A01
001A03
001A04
001A06
001A08
001A0A
001A0C
001A0D
001A0F
001A11
001A13
001A14
001A16
001A18
001A1A
001A1C
001A1D
001A1F
001A21
001A23
001A25
001A26
001A28
001A2A
001A2C
001A2E
001A30
001A32
001A33
001A35
001A37
001A39
001A3B
001A3D
001A3F
001A41
001A42
001A44
001A46
001A48
001A4A
001A4C
001A4E
001A50
001A52
001A54
001A56
001A58
001A5A
001A5B
001A5D
001A5F
001A61
001A63
001A65
001A67
001A69
001A6B
001A6D
001A6F
001A71
001A73
001A75
001A77
001A79
001A7B
001A7D
001A7F
001A82
001A84
001A86
001A88
001A8A
001A8C
001A8E
001A90
001A92
001A94
001A96
001A98
001A9A
001A9D
001A9F
001AA1
001AA3
001AA5
001AA7
001AA9
001AAB
001AAE
001AB0
001AB2
001AB4
001AB6
001AB8
001ABB
001ABD
001ABF
001AC1
001AC3
001AC6
001AC8
001ACA
001ACC
001ACF
001AD1
001AD3
001AD5
001AD8
001ADA
001ADC
001ADE
001AE1
001AE3
001AE5
001AE7
001AEA
001AEC
001AEE
001AF1
001AF3
001AF5
001AF8
001AFA
001AFC
001AFF
001B01
001B03
001B06
001B08
001B0B
001B0D
001B0F
001B12
001B14
001B17
001B19
001B1B
001B1E
001B20
001B23
001B25
001B28
001B2A
001B2C
001B2F
001B31
001B34
001B36
001B39
001B3B
001B3E
001B40
001B43
001B45
001B48
001B4A
001B4D
001B50
001B52
001B55
001B57
001B5A
001B5C
001B5F
001B62
001B64
001B67
001B69
001B6C
001B6F
001B71
001B74
001B77
001B79
001B7C
001B7F
001B81
001B84
001B87
001B89
001B8C
001B8F
001B91
001B94
001B97
001B9A
001B9C
001B9F
001BA2
001BA4
001BA7
001BAA
001BAD
001BB0
001BB2
001BB5
001BB8
001BBB
001BBE
001BC0
001BC3
001BC6
001BC9
001BCC
001BCF
001BD2
001BD4
001BD7
001BDA
001BDD
001BE0
001BE3
001BE6
001BE9
001BEC
001BEF
001BF2
001BF5
001BF8
001BFB
001BFE
001C00
001C03
001C06
001C0A
001C0D
001C10
001C13
001C16
001C19
001C1C
001C1F
001C22
001C25
001C28
001C2B
001C2E
001C31
001C34
001C38
001C3B
001C3E
001C41
001C44
001C47
001C4B
001C4E
001C51
001C54
001C57
001C5B
001C5E
001C61
001C64
001C67
001C6B
001C6E
001C71
001C75
001C78
001C7B
001C7E
001C82
001C85
001C88
001C8C
001C8F
001C92
001C96
001C99
001C9D
001CA0
001CA3
001CA7
001CAA
001CAE
001CB1
001CB5
001CB8
001CBB
001CBF
001CC2
001CC6
001CC9
001CCD
001CD0
001CD4
001CD7
001CDB
001CDF
001CE2
001CE6
001CE9
001CED
001CF0
001CF4
001CF8
001CFB
001CFF
001D03
001D06
001D0A
001D0E
001D11
001D15
001D19
001D1C
001D20
001D24
001D28
001D2B
001D2F
001D33
001D37
001D3B
001D3E
001D42
001D46
001D4A
001D4E
001D51
001D55
001D59
001D5D
001D61
001D65
001D69
001D6D
001D71
001D75
001D79
001D7D
001D81
001D85
001D89
001D8D
001D91
001D95
001D99
001D9D
001DA1
001DA5
001DA9
001DAD
001DB1
001DB5
001DB9
001DBD
001DC2
001DC6
001DCA
001DCE
001DD2
001DD7
001DDB
001DDF
001DE3
001DE7
001DEC
001DF0
001DF4
001DF9
001DFD
001E01
001E06
001E0A
001E0E
001E13
001E17
001E1B
001E20
001E24
001E29
001E2D
001E31
001E36
001E3A
001E3F
001E43
001E48
001E4C
001E51
001E56
001E5A
001E5F
001E63
001E68
001E6C
001E71
001E76
001E7A
001E7F
001E84
001E88
001E8D
001E92
001E97
001E9B
001EA0
001EA5
001EAA
001EAE
001EB3
001EB8
001EBD
001EC2
001EC6
001ECB
001ED0
001ED5
001EDA
001EDF
001EE4
001EE9
001EEE
001EF3
001EF8
001EFD
001F02
001F07
001F0C
001F11
001F16
001F1B
001F20
001F25
001F2A
001F30
001F35
001F3A
001F3F
001F44
001F4A
001F4F
001F54
001F59
001F5F
001F64
001F69
001F6E
001F74
001F79
001F7F
001F84
001F89
001F8F
001F94
001F9A
001F9F
001FA5
001FAA
001FB0
001FB5
001FBB
001FC0
001FC6
001FCB
001FD1
001FD7
001FDC
001FE2
001FE7
001FED
001FF3
001FF9
001FFE
002004
00200A
002010
002015
00201B
002021
002027
00202D
002033
002039
00203E
002044
00204A
002050
002056
00205C
002062
002068
00206E
002074
00207B
002081
002087
00208D
002093
002099
00209F
0020A6
0020AC
0020B2
0020B8
0020BF
0020C5
0020CB
0020D2
0020D8
0020DE
0020E5
0020EB
0020F2
0020F8
0020FF
002105
00210C
002112
002119
00211F
002126
00212D
002133
00213A
002140
002147
00214E
002155
00215B
002162
002169
002170
002177
00217D
002184
00218B
002192
002199
0021A0
0021A7
0021AE
0021B5
0021BC
0021C3
0021CA
0021D1
0021D8
0021E0
0021E7
0021EE
0021F5
0021FC
002204
00220B
002212
00221A
002221
002228
002230
002237
00223F
002246
00224E
002255
00225D
002264
00226C
002273
00227B
002283
00228A
002292
00229A
0022A2
0022A9
0022B1
0022B9
0022C1
0022C9
0022D1
0022D9
0022E1
0022E9
0022F1
0022F9
002301
002309
002311
002319
002321
002329
002331
00233A
002342
00234A
002353
00235B
002363
00236C
002374
00237D
002385
00238E
002396
00239F
0023A7
0023B0
0023B9
0023C1
0023CA
0023D3
0023DB
0023E4
0023ED
0023F6
0023FF
002408
002411
00241A
002423
00242C
002435
00243E
002447
002450
002459
002462
00246C
002475
00247E
002487
002491
00249A
0024A4
0024AD
0024B7
0024C0
0024CA
0024D3
0024DD
0024E7
0024F0
0024FA
002504
00250D
002517
002521
00252B
002535
00253F
002549
002553
00255D
002567
002571
00257B
002586
002590
00259A
0025A4
0025AF
0025B9
0025C3
0025CE
0025D8
0025E3
0025ED
0025F8
002603
00260D
002618
002623
00262E
002638
002643
00264E
002659
002664
00266F
00267A
002685
002690
00269C
0026A7
0026B2
0026BD
0026C9
0026D4
0026E0
0026EB
0026F6
002702
00270E
002719
002725
002731
00273C
002748
002754
002760
00276C
002778
002784
002790
00279C
0027A8
0027B4
0027C1
0027CD
0027D9
0027E6
0027F2
0027FF
00280B
002818
002824
002831
00283E
00284B
002857
002864
002871
00287E
00288B
002898
0028A5
0028B3
0028C0
0028CD
0028DB
0028E8
0028F5
002903
002910
00291E
00292C
002939
002947
002955
002963
002971
00297F
00298D
00299B
0029A9
0029B7
0029C5
0029D4
0029E2
0029F0
0029FF
002A0E
002A1C
002A2B
002A3A
002A48
002A57
002A66
002A75
002A84
002A93
002AA2
002AB2
002AC1
002AD0
002AE0
002AEF
002AFF
002B0E
002B1E
002B2E
002B3D
002B4D
002B5D
002B6D
002B7D
002B8E
002B9E
002BAE
002BBE
002BCF
002BDF
002BF0
002C01
002C11
002C22
002C33
002C44
002C55
002C66
002C77
002C88
002C9A
002CAB
002CBC
002CCE
002CE0
002CF1
002D03
002D15
002D27
002D39
002D4B
002D5D
002D70
002D82
002D94
002DA7
002DB9
002DCC
002DDF
002DF2
002E05
002E18
002E2B
002E3E
002E51
002E65
002E78
002E8C
002EA0
002EB3
002EC7
002EDB
002EEF
002F03
002F18
002F2C
002F40
002F55
002F6A
002F7E
002F93
002FA8
002FBD
002FD2
002FE8
002FFD
003012
003028
00303E
003054
003069
00307F
003096
0030AC
0030C2
0030D9
0030EF
003106
00311D
003134
00314B
003162
003179
003191
0031A8
0031C0
0031D7
0031EF
003207
003220
003238
003250
003269
003281
00329A
0032B3
0032CC
0032E6
0032FF
003318
003332
00334C
003366
003380
00339A
0033B4
0033CF
0033E9
003404
00341F
00343A
003456
003471
00348C
0034A8
0034C4
0034E0
0034FC
003519
003535
003552
00356F
00358C
0035A9
0035C6
0035E4
003602
003620
00363E
00365C
00367A
003699
0036B8
0036D7
0036F6
003716
003735
003755
003775
003795
0037B6
0037D6
0037F7
003818
003839
00385B
00387C
00389E
0038C0
0038E3
003905
003928
00394B
00396E
003992
0039B5
0039D9
0039FD
003A22
003A47
003A6B
003A91
003AB6
003ADC
003B02
003B28
003B4E
003B75
003B9C
003BC3
003BEB
003C13
003C3B
003C63
003C8C
003CB5
003CDE
003D08
003D32
003D5C
003D87
003DB2
003DDD
003E08
003E34
003E60
003E8D
003EBA
003EE7
003F14
003F42
003F71
003F9F
003FCE
003FFE
00402D
00405E
00408E
0040BF
0040F0
004122
004154
004187
0041BA
0041ED
004221
004255
00428A
0042BF
0042F4
00432B
004361
004398
0043D0
004408
004440
004479
0044B2
0044EC
004527
004562
00459E
0045DA
004617
004654
004692
0046D0
00470F
00474F
00478F
0047D0
004812
004854
004897
0048DA
00491E
004963
0049A9
0049EF
004A36
004A7E
004AC6
004B0F
004B59
004BA4
004BF0
004C3C
004C89
004CD7
004D26
004D76
004DC7
004E18
004E6B
004EBE
004F13
004F68
004FBE
005016
00506E
0050C8
005122
00517E
0051DB
005239
005298
0052F8
00535A
0053BD
005421
005486
0054ED
005555
0055BE
005629
005695
005703
005772
0057E3
005855
0058C9
00593F
0059B6
005A2F
005AAA
005B27
005BA5
005C26
005CA8
005D2D
005DB3
005E3C
005EC7
005F54
005FE3
006075
006109
0061A0
006239
0062D5
006373
006415
0064B9
006560
00660B
0066B8
006769
00681D
0068D4
00698F
006A4E
006B10
006BD7
006CA1
006D70
006E43
006F1B
006FF7
0070D8
0071BE
0072A9
00739A
007490
00758D
00768F
007797
0078A7
0079BD
007ADA
007BFF
007D2B
007E60
007F9D
0080E3
008233
00838C
0084EF
00865E
0087D8
00895D
008AF0
008C90
008E3E
008FFA
0091C7
0093A4
009593
009795
0099AB
009BD7
009E1A
00A075
00A2EB
00A57D
00A82D
00AAFF
00ADF4
00B111
00B457
00B7CC
00BB73
00BF52
00C36E
00C7CE
00CC79
00D179
00D6D7
00DCA1
00E2E4
00E9B3
00F123
00F94E
010255
010C61
0117A9
012472
01331B
014424
015848
017097
018EC0
01B58E
01EA1F
023726
02B85B
03DC00
5221DB
001BA3
001BA3
001BA3
001BA3
001BA3
001BA3
001BA3
001BA3
001BA3
001BA3
001BA3
001BA3
001BA3
001BA3
001BA3
001BA3
001BA3
001BA3
001BA3
001BA3
001BA3
001BA3
001BA3
001BA3
001BA3
001BA3
001BA3
001BA3
001BA3
001BA3
001BA3
001BA3
001BA3
001BA3
001BA3
001BA3
001BA3
001BA3
001BA3
001BA3
001BA3
001BA3
001BA3
001BA3
001BA3
001BA3
001BA3
001BA3
001BA3
001BA3
001BA3
001BA3
001BA3
001BA3
001BA3
001BA3
001BA3
001BA3
001BA3
001BA3
001BA3
001BA3
001BA3
001BA3
001BA3
001BA3
001BA3
001BA3
001BA3
001BA3
001BA3
001BA3
001BA3
001BA3
001BA3
001BA3
001BA3
001BA3
001BA3
001BA3
001BA3
001BA3
001BA3
001BA3
001BA3
001BA3
001BA3
001BA3
001BA3
001BA3
001BA3
001BA3
001BA3
001BA3
001BA3
001BA3
001BA3
001BA3
001BA3
001BA3
001BA3
001BA3
001BA3
001BA3
001BA3
001BA3
001BA3
001BA3
001BA3
001BA3
001BA3
001BA3
001BA3
001BA3
001BA3
001BA3
001BA3
001BA3
001BA3
001BA3
001BA3
001BA3
001BA3
001BA3
001BA3
001BA3
001BA3
001BA3
001BA3
001BA3
001BA3
001BA3
001BA3
001BA3
001BA3
001BA3
001BA3
001BA3
001BA3
001BA3
001BA3
001BA3
001BA3
001BA3
001BA3
001BA3
001BA3
001BA3
001BA3
001BA3
001BA3
001BA3
001BA3
001BA3
001BA4
001BA4
001BA4
001BA4
001BA4
001BA4
001BA4
001BA4
001BA4
001BA4
001BA4
001BA4
001BA4
001BA4
001BA4
001BA4
001BA4
001BA4
001BA4
001BA4
001BA4
001BA4
001BA4
001BA4
001BA4
001BA4
001BA4
001BA4
001BA4
001BA4
001BA4
001BA4
001BA4
001BA4
001BA4
001BA4
001BA4
001BA4
001BA4
001BA4
001BA4
001BA4
001BA4
001BA4
001BA4
001BA4
001BA4
001BA4
001BA4
001BA4
001BA4
001BA4
001BA4
001BA4
001BA4
001BA4
001BA4
001BA4
001BA4
001BA4
001BA4
001BA4
001BA4
001BA4
001BA4
001BA4
001BA4
001BA4
001BA4
001BA4
001BA4
001BA4
001BA4
001BA4
001BA4
001BA4
001BA4
001BA4
001BA4
001BA4
001BA4
001BA4
001BA4
001BA4
001BA4
001BA4
001BA4
001BA4
001BA4
001BA4
001BA4
001BA4
001BA4
001BA4
001BA4
001BA4
001BA4
001BA4
001BA4
001BA4
001BA4
001BA4
001BA4
001BA4
001BA4
001BA4
001BA4
001BA4
001BA4
001BA4
001BA4
001BA4
001BA4
001BA4
001BA4
001BA4
001BA4
001BA4
001BA4
001BA4
001BA4
001BA4
001BA4
001BA4
001BA4
001BA4
001BA4
001BA4
001BA4
001BA4
001BA4
001BA4
001BA4
001BA4
001BA4
001BA4
001BA4
001BA4
001BA4
001BA4
001BA4
001BA4
001BA4
001BA4
001BA4
001BA4
001BA4
001BA4
001BA4
001BA4
001BA4
001BA4
001BA4
001BA4
001BA4
001BA4
001BA4
001BA4
001BA4
001BA4
001BA4
001BA4
001BA4
001BA4
001BA4
001BA4
001BA4
001BA4
001BA4
001BA4
001BA4
001BA4
001BA4
001BA4
001BA4
001BA4
001BA4
001BA4
001BA4
001BA4
001BA4
001BA4
001BA4
001BA4
001BA4
001BA4
001BA4
001BA5
001BA5
001BA5
001BA5
001BA5
001BA5
001BA5
001BA5
001BA5
001BA5
001BA5
001BA5
001BA5
001BA5
001BA5
001BA5
001BA5
001BA5
001BA5
001BA5
001BA5
001BA5
001BA5
001BA5
001BA5
001BA5
001BA5
001BA5
001BA5
001BA5
001BA5
001BA5
001BA5
001BA5
001BA5
001BA5
001BA5
001BA5
001BA5
001BA5
001BA5
001BA5
001BA5
001BA5
001BA5
001BA5
001BA5
001BA5
001BA5
001BA5
001BA5
001BA5
001BA5
001BA5
001BA5
001BA5
001BA5
001BA5
001BA5
001BA5
001BA5
001BA5
001BA5
001BA5
001BA5
001BA5
001BA5
001BA5
001BA5
001BA5
001BA5
001BA5
001BA5
001BA5
001BA5
001BA5
001BA5
001BA5
001BA5
001BA5
001BA5
001BA5
001BA5
001BA5
001BA5
001BA5
001BA5
001BA5
001BA5
001BA5
001BA5
001BA5
001BA5
001BA5
001BA5
001BA5
001BA5
001BA5
001BA5
001BA5
001BA5
001BA5
001BA5
001BA5
001BA5
001BA5
001BA5
001BA5
001BA5
001BA5
001BA5
001BA5
001BA5
001BA5
001BA5
001BA5
001BA5
001BA5
001BA5
001BA5
001BA5
001BA5
001BA5
001BA5
001BA5
001BA5
001BA5
001BA5
001BA5
001BA5
001BA5
001BA5
001BA5
001BA6
001BA6
001BA6
001BA6
001BA6
001BA6
001BA6
001BA6
001BA6
001BA6
001BA6
001BA6
001BA6
001BA6
001BA6
001BA6
001BA6
001BA6
001BA6
001BA6
001BA6
001BA6
001BA6
001BA6
001BA6
001BA6
001BA6
001BA6
001BA6
001BA6
001BA6
001BA6
001BA6
001BA6
001BA6
001BA6
001BA6
001BA6
001BA6
001BA6
001BA6
001BA6
001BA6
001BA6
001BA6
001BA6
001BA6
001BA6
001BA6
001BA6
001BA6
001BA6
001BA6
001BA6
001BA6
001BA6
001BA6
001BA6
001BA6
001BA6
001BA6
001BA6
001BA6
001BA6
001BA6
001BA6
001BA6
001BA6
001BA6
001BA6
001BA6
001BA6
001BA6
001BA6
001BA6
001BA6
001BA6
001BA6
001BA6
001BA6
001BA6
001BA6
001BA6
001BA6
001BA6
001BA6
001BA6
001BA6
001BA6
001BA6
001BA6
001BA6
001BA6
001BA6
001BA6
001BA6
001BA6
001BA6
001BA6
001BA6
001BA6
001BA6
001BA7
001BA7
001BA7
001BA7
001BA7
001BA7
001BA7
001BA7
001BA7
001BA7
001BA7
001BA7
001BA7
001BA7
001BA7
001BA7
001BA7
001BA7
001BA7
001BA7
001BA7
001BA7
001BA7
001BA7
001BA7
001BA7
001BA7
001BA7
001BA7
001BA7
001BA7
001BA7
001BA7
001BA7
001BA7
001BA7
001BA7
001BA7
001BA7
001BA7
001BA7
001BA7
001BA7
001BA7
001BA7
001BA7
001BA7
001BA7
001BA7
001BA7
001BA7
001BA7
001BA7
001BA7
001BA7
001BA7
001BA7
001BA7
001BA7
001BA7
001BA7
001BA7
001BA7
001BA7
001BA7
001BA7
001BA7
001BA7
001BA7
001BA7
001BA7
001BA7
001BA7
001BA7
001BA7
001BA7
001BA7
001BA7
001BA7
001BA7
001BA7
001BA7
001BA7
001BA8
001BA8
001BA8
001BA8
001BA8
001BA8
001BA8
001BA8
001BA8
001BA8
001BA8
001BA8
001BA8
001BA8
001BA8
001BA8
001BA8
001BA8
001BA8
001BA8
001BA8
001BA8
001BA8
001BA8
001BA8
001BA8
001BA8
001BA8
001BA8
001BA8
001BA8
001BA8
001BA8
001BA8
001BA8
001BA8
001BA8
001BA8
001BA8
001BA8
001BA8
001BA8
001BA8
001BA8
001BA8
001BA8
001BA8
001BA8
001BA8
001BA8
001BA8
001BA8
001BA8
001BA8
001BA8
001BA8
001BA8
001BA8
001BA8
001BA8
001BA8
001BA8
001BA8
001BA8
001BA8
001BA8
001BA8
001BA8
001BA8
001BA8
001BA8
001BA9
001BA9
001BA9
001BA9
001BA9
001BA9
001BA9
001BA9
001BA9
001BA9
001BA9
001BA9
001BA9
001BA9
001BA9
001BA9
001BA9
001BA9
001BA9
001BA9
001BA9
001BA9
001BA9
001BA9
001BA9
001BA9
001BA9
001BA9
001BA9
001BA9
001BA9
001BA9
001BA9
001BA9
001BA9
001BA9
001BA9
001BA9
001BA9
001BA9
001BA9
001BA9
001BA9
001BA9
001BA9
001BA9
001BA9
001BA9
001BA9
001BA9
001BA9
001BA9
001BA9
001BA9
001BA9
001BA9
001BA9
001BA9
001BA9
001BA9
001BA9
001BAA
001BAA
001BAA
001BAA
001BAA
001BAA
001BAA
001BAA
001BAA
001BAA
001BAA
001BAA
001BAA
001BAA
001BAA
001BAA
001BAA
001BAA
001BAA
001BAA
001BAA
001BAA
001BAA
001BAA
001BAA
001BAA
001BAA
001BAA
001BAA
001BAA
001BAA
001BAA
001BAA
001BAA
001BAA
001BAA
001BAA
001BAA
001BAA
001BAA
001BAA
001BAA
001BAA
001BAA
001BAA
001BAA
001BAA
001BAA
001BAA
001BAA
001BAA
001BAA
001BAA
001BAA
001BAB
001BAB
001BAB
001BAB
001BAB
001BAB
001BAB
001BAB
001BAB
001BAB
001BAB
001BAB
001BAB
001BAB
001BAB
001BAB
001BAB
001BAB
001BAB
001BAB
001BAB
001BAB
001BAB
001BAB
001BAB
001BAB
001BAB
001BAB
001BAB
001BAB
001BAB
001BAB
001BAB
001BAB
001BAB
001BAB
001BAB
001BAB
001BAB
001BAB
001BAB
001BAB
001BAB
001BAB
001BAB
001BAB
001BAB
001BAB
001BAC
001BAC
001BAC
001BAC
001BAC
001BAC
001BAC
001BAC
001BAC
001BAC
001BAC
001BAC
001BAC
001BAC
001BAC
001BAC
001BAC
001BAC
001BAC
001BAC
001BAC
001BAC
001BAC
001BAC
001BAC
001BAC
001BAC
001BAC
001BAC
001BAC
001BAC
001BAC
001BAC
001BAC
001BAC
001BAC
001BAC
001BAC
001BAC
001BAC
001BAC
001BAC
001BAC
001BAD
001BAD
001BAD
001BAD
001BAD
001BAD
001BAD
001BAD
001BAD
001BAD
001BAD
001BAD
001BAD
001BAD
001BAD
001BAD
001BAD
001BAD
001BAD
001BAD
001BAD
001BAD
001BAD
001BAD
001BAD
001BAD
001BAD
001BAD
001BAD
001BAD
001BAD
001BAD
001BAD
001BAD
001BAD
001BAD
001BAD
001BAD
001BAD
001BAD
001BAE
001BAE
001BAE
001BAE
001BAE
001BAE
001BAE
001BAE
001BAE
001BAE
001BAE
001BAE
001BAE
001BAE
001BAE
001BAE
001BAE
001BAE
001BAE
001BAE
001BAE
001BAE
001BAE
001BAE
001BAE
001BAE
001BAE
001BAE
001BAE
001BAE
001BAE
001BAE
001BAE
001BAE
001BAE
001BAE
001BAF
001BAF
001BAF
001BAF
001BAF
001BAF
001BAF
001BAF
001BAF
001BAF
001BAF
001BAF
001BAF
001BAF
001BAF
001BAF
001BAF
001BAF
001BAF
001BAF
001BAF
001BAF
001BAF
001BAF
001BAF
001BAF
001BAF
001BAF
001BAF
001BAF
001BAF
001BAF
001BAF
001BAF
001BB0
001BB0
001BB0
001BB0
001BB0
001BB0
001BB0
001BB0
001BB0
001BB0
001BB0
001BB0
001BB0
001BB0
001BB0
001BB0
001BB0
001BB0
001BB0
001BB0
001BB0
001BB0
001BB0
001BB0
001BB0
001BB0
001BB0
001BB0
001BB0
001BB0
001BB0
001BB1
001BB1
001BB1
001BB1
001BB1
001BB1
001BB1
001BB1
001BB1
001BB1
001BB1
001BB1
001BB1
001BB1
001BB1
001BB1
001BB1
001BB1
001BB1
001BB1
001BB1
001BB1
001BB1
001BB1
001BB1
001BB1
001BB1
001BB1
001BB1
001BB1
001BB2
001BB2
001BB2
001BB2
001BB2
001BB2
001BB2
001BB2
001BB2
001BB2
001BB2
001BB2
001BB2
001BB2
001BB2
001BB2
001BB2
001BB2
001BB2
001BB2
001BB2
001BB2
001BB2
001BB2
001BB2
001BB2
001BB2
001BB3
001BB3
001BB3
001BB3
001BB3
001BB3
001BB3
001BB3
001BB3
001BB3
001BB3
001BB3
001BB3
001BB3
001BB3
001BB3
001BB3
001BB3
001BB3
001BB3
001BB3
001BB3
001BB3
001BB3
001BB3
001BB3
001BB4
001BB4
001BB4
001BB4
001BB4
001BB4
001BB4
001BB4
001BB4
001BB4
001BB4
001BB4
001BB4
001BB4
001BB4
001BB4
001BB4
001BB4
001BB4
001BB4
001BB4
001BB4
001BB4
001BB4
001BB4
001BB5
001BB5
001BB5
001BB5
001BB5
001BB5
001BB5
001BB5
001BB5
001BB5
001BB5
001BB5
001BB5
001BB5
001BB5
001BB5
001BB5
001BB5
001BB5
001BB5
001BB5
001BB5
001BB5
001BB6
001BB6
001BB6
001BB6
001BB6
001BB6
001BB6
001BB6
001BB6
001BB6
001BB6
001BB6
001BB6
001BB6
001BB6
001BB6
001BB6
001BB6
001BB6
001BB6
001BB6
001BB6
001BB6
001BB7
001BB7
001BB7
001BB7
001BB7
001BB7
001BB7
001BB7
001BB7
001BB7
001BB7
001BB7
001BB7
001BB7
001BB7
001BB7
001BB7
001BB7
001BB7
001BB7
001BB7
001BB8
001BB8
001BB8
001BB8
001BB8
001BB8
001BB8
001BB8
001BB8
001BB8
001BB8
001BB8
001BB8
001BB8
001BB8
001BB8
001BB8
001BB8
001BB8
001BB8
001BB9
001BB9
001BB9
001BB9
001BB9
001BB9
001BB9
001BB9
001BB9
001BB9
001BB9
001BB9
001BB9
001BB9
001BB9
001BB9
001BB9
001BB9
001BB9
001BBA
001BBA
001BBA
001BBA
001BBA
001BBA
001BBA
001BBA
001BBA
001BBA
001BBA
001BBA
001BBA
001BBA
001BBA
001BBA
001BBA
001BBA
001BBA
001BBB
001BBB
001BBB
001BBB
001BBB
001BBB
001BBB
001BBB
001BBB
001BBB
001BBB
001BBB
001BBB
001BBB
001BBB
001BBB
001BBB
001BBB
001BBC
001BBC
001BBC
001BBC
001BBC
001BBC
001BBC
001BBC
001BBC
001BBC
001BBC
001BBC
001BBC
001BBC
001BBC
001BBC
001BBC
001BBD
001BBD
001BBD
001BBD
001BBD
001BBD
001BBD
001BBD
001BBD
001BBD
001BBD
001BBD
001BBD
001BBD
001BBD
001BBD
001BBE
001BBE
001BBE
001BBE
001BBE
001BBE
001BBE
001BBE
001BBE
001BBE
001BBE
001BBE
001BBE
001BBE
001BBE
001BBE
001BBF
001BBF
001BBF
001BBF
001BBF
001BBF
001BBF
001BBF
001BBF
001BBF
001BBF
001BBF
001BBF
001BBF
001BBF
001BBF
001BC0
001BC0
001BC0
001BC0
001BC0
001BC0
001BC0
001BC0
001BC0
001BC0
001BC0
001BC0
001BC0
001BC0
001BC0
001BC1
001BC1
001BC1
001BC1
001BC1
001BC1
001BC1
001BC1
001BC1
001BC1
001BC1
001BC1
001BC1
001BC1
001BC2
001BC2
001BC2
001BC2
001BC2
001BC2
001BC2
001BC2
001BC2
001BC2
001BC2
001BC2
001BC2
001BC2
001BC3
001BC3
001BC3
001BC3
001BC3
001BC3
001BC3
001BC3
001BC3
001BC3
001BC3
001BC3
001BC3
001BC3
001BC4
001BC4
001BC4
001BC4
001BC4
001BC4
001BC4
001BC4
001BC4
001BC4
001BC4
001BC4
001BC4
001BC5
001BC5
001BC5
001BC5
001BC5
001BC5
001BC5
001BC5
001BC5
001BC5
001BC5
001BC5
001BC5
001BC6
001BC6
001BC6
001BC6
001BC6
001BC6
001BC6
001BC6
001BC6
001BC6
001BC6
001BC6
001BC7
001BC7
001BC7
001BC7
001BC7
001BC7
001BC7
001BC7
001BC7
001BC7
001BC7
001BC7
001BC8
001BC8
001BC8
001BC8
001BC8
001BC8
001BC8
001BC8
001BC8
001BC8
001BC8
001BC8
001BC9
001BC9
001BC9
001BC9
001BC9
001BC9
001BC9
001BC9
001BC9
001BC9
001BC9
001BC9
001BCA
001BCA
001BCA
001BCA
001BCA
001BCA
001BCA
001BCA
001BCA
001BCA
001BCA
001BCB
001BCB
001BCB
001BCB
001BCB
001BCB
001BCB
001BCB
001BCB
001BCB
001BCB
001BCC
001BCC
001BCC
001BCC
001BCC
001BCC
001BCC
001BCC
001BCC
001BCC
001BCD
001BCD
001BCD
001BCD
001BCD
001BCD
001BCD
001BCD
001BCD
001BCD
001BCD
001BCE
001BCE
001BCE
001BCE
001BCE
001BCE
001BCE
001BCE
001BCE
001BCE
001BCF
001BCF
001BCF
001BCF
001BCF
001BCF
001BCF
001BCF
001BCF
001BCF
001BD0
001BD0
001BD0
001BD0
001BD0
001BD0
001BD0
001BD0
001BD0
001BD0
001BD1
001BD1
001BD1
001BD1
001BD1
001BD1
001BD1
001BD1
001BD1
001BD2
001BD2
001BD2
001BD2
001BD2
001BD2
001BD2
001BD2
001BD2
001BD2
001BD3
001BD3
001BD3
001BD3
001BD3
001BD3
001BD3
001BD3
001BD3
001BD4
001BD4
001BD4
001BD4
001BD4
001BD4
001BD4
001BD4
001BD4
001BD5
001BD5
001BD5
001BD5
001BD5
001BD5
001BD5
001BD5
001BD5
001BD6
001BD6
001BD6
001BD6
001BD6
001BD6
001BD6
001BD6
001BD7
001BD7
001BD7
001BD7
001BD7
001BD7
001BD7
001BD7
001BD7
001BD8
001BD8
001BD8
001BD8
001BD8
001BD8
001BD8
001BD8
001BD9
001BD9
001BD9
001BD9
001BD9
001BD9
001BD9
001BD9
001BDA
001BDA
001BDA
001BDA
001BDA
001BDA
001BDA
001BDA
001BDB
001BDB
001BDB
001BDB
001BDB
001BDB
001BDB
001BDB
001BDC
001BDC
001BDC
001BDC
001BDC
001BDC
001BDC
001BDC
001BDD
001BDD
001BDD
001BDD
001BDD
001BDD
001BDD
001BDD
001BDE
001BDE
001BDE
001BDE
001BDE
001BDE
001BDE
001BDF
001BDF
001BDF
001BDF
001BDF
001BDF
001BDF
001BDF
001BE0
001BE0
001BE0
001BE0
001BE0
001BE0
001BE0
001BE1
001BE1
001BE1
001BE1
001BE1
001BE1
001BE1
001BE2
001BE2
001BE2
001BE2
001BE2
001BE2
001BE2
001BE3
001BE3
001BE3
001BE3
001BE3
001BE3
001BE3
001BE4
001BE4
001BE4
001BE4
001BE4
001BE4
001BE4
001BE5
001BE5
001BE5
001BE5
001BE5
001BE5
001BE6
001BE6
001BE6
001BE6
001BE6
001BE6
001BE6
001BE7
001BE7
001BE7
001BE7
001BE7
001BE7
001BE7
001BE8
001BE8
001BE8
001BE8
001BE8
001BE8
001BE9
001BE9
001BE9
001BE9
001BE9
001BE9
001BEA
001BEA
001BEA
001BEA
001BEA
001BEA
001BEA
001BEB
001BEB
001BEB
001BEB
001BEB
001BEB
001BEC
001BEC
001BEC
001BEC
001BEC
001BEC
001BED
001BED
001BED
001BED
001BED
001BED
001BEE
001BEE
001BEE
001BEE
001BEE
001BEE
001BEF
001BEF
001BEF
001BEF
001BEF
001BEF
001BF0
001BF0
001BF0
001BF0
001BF0
001BF1
001BF1
001BF1
001BF1
001BF1
001BF1
001BF2
001BF2
001BF2
001BF2
001BF2
001BF2
001BF3
001BF3
001BF3
001BF3
001BF3
001BF4
001BF4
001BF4
001BF4
001BF4
001BF4
001BF5
001BF5
001BF5
001BF5
001BF5
001BF6
001BF6
001BF6
001BF6
001BF6
001BF6
001BF7
001BF7
001BF7
001BF7
001BF7
001BF8
001BF8
001BF8
001BF8
001BF8
001BF9
001BF9
001BF9
001BF9
001BF9
001BFA
001BFA
001BFA
001BFA
001BFA
001BFA
001BFB
001BFB
001BFB
001BFB
001BFB
001BFC
001BFC
001BFC
001BFC
001BFC
001BFD
001BFD
001BFD
001BFD
001BFD
001BFE
001BFE
001BFE
001BFE
001BFF
001BFF
001BFF
001BFF
001BFF
001C00
001C00
001C00
001C00
001C00
001C01
001C01
001C01
001C01
001C01
001C02
001C02
001C02
001C02
001C02
001C03
001C03
001C03
001C03
001C04
001C04
001C04
001C04
001C04
001C05
001C05
001C05
001C05
001C06
001C06
001C06
001C06
001C06
001C07
001C07
001C07
001C07
001C08
001C08
001C08
001C08
001C08
001C09
001C09
001C09
001C09
001C0A
001C0A
001C0A
001C0A
001C0B
001C0B
001C0B
001C0B
001C0B
001C0C
001C0C
001C0C
001C0C
001C0D
001C0D
001C0D
001C0D
001C0E
001C0E
001C0E
001C0E
001C0F
001C0F
001C0F
001C0F
001C10
001C10
001C10
001C10
001C10
001C11
001C11
001C11
001C11
001C12
001C12
001C12
001C12
001C13
001C13
001C13
001C13
001C14
001C14
001C14
001C14
001C15
001C15
001C15
001C15
001C16
001C16
001C16
001C17
001C17
001C17
001C17
001C18
001C18
001C18
001C18
001C19
001C19
001C19
001C19
001C1A
001C1A
001C1A
001C1A
001C1B
001C1B
001C1B
001C1C
001C1C
001C1C
001C1C
001C1D
001C1D
001C1D
001C1D
001C1E
001C1E
001C1E
001C1F
001C1F
001C1F
001C1F
001C20
001C20
001C20
001C20
001C21
001C21
001C21
001C22
001C22
001C22
001C22
001C23
001C23
001C23
001C24
001C24
001C24
001C24
001C25
001C25
001C25
001C26
001C26
001C26
001C27
001C27
001C27
001C27
001C28
001C28
001C28
001C29
001C29
001C29
001C29
001C2A
001C2A
001C2A
001C2B
001C2B
001C2B
001C2C
001C2C
001C2C
001C2D
001C2D
001C2D
001C2D
001C2E
001C2E
001C2E
001C2F
001C2F
001C2F
001C30
001C30
001C30
001C31
001C31
001C31
001C32
001C32
001C32
001C32
001C33
001C33
001C33
001C34
001C34
001C34
001C35
001C35
001C35
001C36
001C36
001C36
001C37
001C37
001C37
001C38
001C38
001C38
001C39
001C39
001C39
001C3A
001C3A
001C3A
001C3B
001C3B
001C3B
001C3C
001C3C
001C3C
001C3D
001C3D
001C3D
001C3E
001C3E
001C3F
001C3F
001C3F
001C40
001C40
001C40
001C41
001C41
001C41
001C42
001C42
001C42
001C43
001C43
001C43
001C44
001C44
001C45
001C45
001C45
001C46
001C46
001C46
001C47
001C47
001C47
001C48
001C48
001C49
001C49
001C49
001C4A
001C4A
001C4A
001C4B
001C4B
001C4C
001C4C
001C4C
001C4D
001C4D
001C4D
001C4E
001C4E
001C4F
001C4F
001C4F
001C50
001C50
001C50
001C51
001C51
001C52
001C52
001C52
001C53
001C53
001C54
001C54
001C54
001C55
001C55
001C56
001C56
001C56
001C57
001C57
001C58
001C58
001C58
001C59
001C59
001C5A
001C5A
001C5A
001C5B
001C5B
001C5C
001C5C
001C5D
001C5D
001C5D
001C5E
001C5E
001C5F
001C5F
001C5F
001C60
001C60
001C61
001C61
001C62
001C62
001C62
001C63
001C63
001C64
001C64
001C65
001C65
001C65
001C66
001C66
001C67
001C67
001C68
001C68
001C68
001C69
001C69
001C6A
001C6A
001C6B
001C6B
001C6C
001C6C
001C6C
001C6D
001C6D
001C6E
001C6E
001C6F
001C6F
001C70
001C70
001C71
001C71
001C71
001C72
001C72
001C73
001C73
001C74
001C74
001C75
001C75
001C76
001C76
001C77
001C77
001C78
001C78
001C79
001C79
001C79
001C7A
001C7A
001C7B
001C7B
001C7C
001C7C
001C7D
001C7D
001C7E
001C7E
001C7F
001C7F
001C80
001C80
001C81
001C81
001C82
001C82
001C83
001C83
001C84
001C84
001C85
001C85
001C86
001C86
001C87
001C87
001C88
001C88
001C89
001C89
001C8A
001C8A
001C8B
001C8B
001C8C
001C8C
001C8D
001C8E
001C8E
001C8F
001C8F
001C90
001C90
001C91
001C91
001C92
001C92
001C93
001C93
001C94
001C94
001C95
001C96
001C96
001C97
001C97
001C98
001C98
001C99
001C99
001C9A
001C9A
001C9B
001C9C
001C9C
001C9D
001C9D
001C9E
001C9E
001C9F
001C9F
001CA0
001CA1
001CA1
001CA2
001CA2
001CA3
001CA3
001CA4
001CA5
001CA5
001CA6
001CA6
001CA7
001CA7
001CA8
001CA9
001CA9
001CAA
001CAA
001CAB
001CAC
001CAC
001CAD
001CAD
001CAE
001CAF
001CAF
001CB0
001CB0
001CB1
001CB2
001CB2
001CB3
001CB3
001CB4
001CB5
001CB5
001CB6
001CB6
001CB7
001CB8
001CB8
001CB9
001CBA
001CBA
001CBB
001CBB
001CBC
001CBD
001CBD
001CBE
001CBF
001CBF
001CC0
001CC0
001CC1
001CC2
001CC2
001CC3
001CC4
001CC4
001CC5
001CC6
001CC6
001CC7
001CC8
001CC8
001CC9
001CCA
001CCA
001CCB
001CCC
001CCC
001CCD
001CCE
001CCE
001CCF
001CD0
001CD0
001CD1
001CD2
001CD2
001CD3
001CD4
001CD4
001CD5
001CD6
001CD6
001CD7
001CD8
001CD8
001CD9
001CDA
001CDA
001CDB
001CDC
001CDD
001CDD
001CDE
001CDF
001CDF
001CE0
001CE1
001CE2
001CE2
001CE3
001CE4
001CE4
001CE5
001CE6
001CE7
001CE7
001CE8
001CE9
001CE9
001CEA
001CEB
001CEC
001CEC
001CED
001CEE
001CEF
001CEF
001CF0
001CF1
001CF2
001CF2
001CF3
001CF4
001CF5
001CF5
001CF6
001CF7
001CF8
001CF8
001CF9
001CFA
001CFB
001CFB
001CFC
001CFD
001CFE
001CFF
001CFF
001D00
001D01
001D02
001D02
001D03
001D04
001D05
001D06
001D06
001D07
001D08
001D09
001D0A
001D0A
001D0B
001D0C
001D0D
001D0E
001D0E
001D0F
001D10
001D11
001D12
001D13
001D13
001D14
001D15
001D16
001D17
001D18
001D18
001D19
001D1A
001D1B
001D1C
001D1D
001D1D
001D1E
001D1F
001D20
001D21
001D22
001D23
001D23
001D24
001D25
001D26
001D27
001D28
001D29
001D29
001D2A
001D2B
001D2C
001D2D
001D2E
001D2F
001D30
001D31
001D31
001D32
001D33
001D34
001D35
001D36
001D37
001D38
001D39
001D3A
001D3A
001D3B
001D3C
001D3D
001D3E
001D3F
001D40
001D41
001D42
001D43
001D44
001D45
001D46
001D46
001D47
001D48
001D49
001D4A
001D4B
001D4C
001D4D
001D4E
001D4F
001D50
001D51
001D52
001D53
001D54
001D55
001D56
001D57
001D58
001D59
001D5A
001D5B
001D5C
001D5D
001D5E
001D5F
001D60
001D61
001D62
001D63
001D64
001D65
001D66
001D67
001D68
001D69
001D6A
001D6B
001D6C
001D6D
001D6E
001D6F
001D70
001D71
001D72
001D73
001D74
001D75
001D76
001D77
001D78
001D79
001D7A
001D7B
001D7D
001D7E
001D7F
001D80
001D81
001D82
001D83
001D84
001D85
001D86
001D87
001D88
001D89
001D8B
001D8C
001D8D
001D8E
001D8F
001D90
001D91
001D92
001D93
001D95
001D96
001D97
001D98
001D99
001D9A
001D9B
001D9C
001D9E
001D9F
001DA0
001DA1
001DA2
001DA3
001DA4
001DA6
001DA7
001DA8
001DA9
001DAA
001DAB
001DAD
001DAE
001DAF
001DB0
001DB1
001DB2
001DB4
001DB5
001DB6
001DB7
001DB8
001DBA
001DBB
001DBC
001DBD
001DBE
001DC0
001DC1
001DC2
001DC3
001DC5
001DC6
001DC7
001DC8
001DCA
001DCB
001DCC
001DCD
001DCF
001DD0
001DD1
001DD2
001DD4
001DD5
001DD6
001DD7
001DD9
001DDA
001DDB
001DDC
001DDE
001DDF
001DE0
001DE2
001DE3
001DE4
001DE6
001DE7
001DE8
001DE9
001DEB
001DEC
001DED
001DEF
001DF0
001DF1
001DF3
001DF4
001DF5
001DF7
001DF8
001DF9
001DFB
001DFC
001DFD
001DFF
001E00
001E02
001E03
001E04
001E06
001E07
001E08
001E0A
001E0B
001E0D
001E0E
001E0F
001E11
001E12
001E14
001E15
001E16
001E18
001E19
001E1B
001E1C
001E1E
001E1F
001E20
001E22
001E23
001E25
001E26
001E28
001E29
001E2B
001E2C
001E2E
001E2F
001E30
001E32
001E33
001E35
001E36
001E38
001E39
001E3B
001E3C
001E3E
001E3F
001E41
001E42
001E44
001E45
001E47
001E49
001E4A
001E4C
001E4D
001E4F
001E50
001E52
001E53
001E55
001E56
001E58
001E5A
001E5B
001E5D
001E5E
001E60
001E62
001E63
001E65
001E66
001E68
001E6A
001E6B
001E6D
001E6E
001E70
001E72
001E73
001E75
001E77
001E78
001E7A
001E7B
001E7D
001E7F
001E80
001E82
001E84
001E85
001E87
001E89
001E8A
001E8C
001E8E
001E90
001E91
001E93
001E95
001E96
001E98
001E9A
001E9C
001E9D
001E9F
001EA1
001EA2
001EA4
001EA6
001EA8
001EA9
001EAB
001EAD
001EAF
001EB1
001EB2
001EB4
001EB6
001EB8
001EB9
001EBB
001EBD
001EBF
001EC1
001EC2
001EC4
001EC6
001EC8
001ECA
001ECC
001ECD
001ECF
001ED1
001ED3
001ED5
001ED7
001ED9
001EDA
001EDC
001EDE
001EE0
001EE2
001EE4
001EE6
001EE8
001EEA
001EEC
001EED
001EEF
001EF1
001EF3
001EF5
001EF7
001EF9
001EFB
001EFD
001EFF
001F01
001F03
001F05
001F07
001F09
001F0B
001F0D
001F0F
001F11
001F13
001F15
001F17
001F19
001F1B
001F1D
001F1F
001F21
001F23
001F25
001F27
001F29
001F2B
001F2D
001F2F
001F31
001F33
001F35
001F38
001F3A
001F3C
001F3E
001F40
001F42
001F44
001F46
001F48
001F4B
001F4D
001F4F
001F51
001F53
001F55
001F58
001F5A
001F5C
001F5E
001F60
001F62
001F65
001F67
001F69
001F6B
001F6D
001F70
001F72
001F74
001F76
001F79
001F7B
001F7D
001F7F
001F82
001F84
001F86
001F88
001F8B
001F8D
001F8F
001F92
001F94
001F96
001F99
001F9B
001F9D
001FA0
001FA2
001FA4
001FA7
001FA9
001FAB
001FAE
001FB0
001FB2
001FB5
001FB7
001FBA
001FBC
001FBE
001FC1
001FC3
001FC6
001FC8
001FCB
001FCD
001FD0
001FD2
001FD4
001FD7
001FD9
001FDC
001FDE
001FE1
001FE3
001FE6
001FE8
001FEB
001FED
001FF0
001FF2
001FF5
001FF8
001FFA
001FFD
001FFF
002002
002004
002007
00200A
00200C
00200F
002011
002014
002017
002019
00201C
00201F
002021
002024
002026
002029
00202C
00202E
002031
002034
002037
002039
00203C
00203F
002041
002044
002047
00204A
00204C
00204F
002052
002055
002057
00205A
00205D
002060
002063
002065
002068
00206B
00206E
002071
002074
002077
002079
00207C
00207F
002082
002085
002088
00208B
00208E
002091
002093
002096
002099
00209C
00209F
0020A2
0020A5
0020A8
0020AB
0020AE
0020B1
0020B4
0020B7
0020BA
0020BD
0020C0
0020C3
0020C6
0020C9
0020CC
0020CF
0020D3
0020D6
0020D9
0020DC
0020DF
0020E2
0020E5
0020E8
0020EB
0020EF
0020F2
0020F5
0020F8
0020FB
0020FE
002102
002105
002108
00210B
00210F
002112
002115
002118
00211C
00211F
002122
002125
002129
00212C
00212F
002133
002136
002139
00213D
002140
002143
002147
00214A
00214D
002151
002154
002158
00215B
00215E
002162
002165
002169
00216C
002170
002173
002177
00217A
00217E
002181
002185
002188
00218C
00218F
002193
002196
00219A
00219E
0021A1
0021A5
0021A8
0021AC
0021B0
0021B3
0021B7
0021BB
0021BE
0021C2
0021C6
0021C9
0021CD
0021D1
0021D4
0021D8
0021DC
0021E0
0021E3
0021E7
0021EB
0021EF
0021F2
0021F6
0021FA
0021FE
002202
002206
002209
00220D
002211
002215
002219
00221D
002221
002225
002229
00222D
002231
002234
002238
00223C
002240
002244
002248
00224C
002251
002255
002259
00225D
002261
002265
002269
00226D
002271
002275
002279
00227E
002282
002286
00228A
00228E
002292
002297
00229B
00229F
0022A3
0022A8
0022AC
0022B0
0022B4
0022B9
0022BD
0022C1
0022C6
0022CA
0022CE
0022D3
0022D7
0022DC
0022E0
0022E4
0022E9
0022ED
0022F2
0022F6
0022FB
0022FF
002304
002308
00230D
002311
002316
00231A
00231F
002323
002328
00232D
002331
002336
00233A
00233F
002344
002348
00234D
002352
002357
00235B
002360
002365
00236A
00236E
002373
002378
00237D
002381
002386
00238B
002390
002395
00239A
00239F
0023A4
0023A9
0023AD
0023B2
0023B7
0023BC
0023C1
0023C6
0023CB
0023D0
0023D5
0023DA
0023E0
0023E5
0023EA
0023EF
0023F4
0023F9
0023FE
002403
002409
00240E
002413
002418
00241D
002423
002428
00242D
002433
002438
00243D
002443
002448
00244D
002453
002458
00245D
002463
002468
00246E
002473
002479
00247E
002484
002489
00248F
002494
00249A
00249F
0024A5
0024AB
0024B0
0024B6
0024BC
0024C1
0024C7
0024CD
0024D2
0024D8
0024DE
0024E4
0024E9
0024EF
0024F5
0024FB
002501
002507
00250C
002512
002518
00251E
002524
00252A
002530
002536
00253C
002542
002548
00254E
002554
00255A
002560
002567
00256D
002573
002579
00257F
002586
00258C
002592
002598
00259F
0025A5
0025AB
0025B1
0025B8
0025BE
0025C5
0025CB
0025D1
0025D8
0025DE
0025E5
0025EB
0025F2
0025F8
0025FF
002605
00260C
002613
002619
002620
002627
00262D
002634
00263B
002641
002648
00264F
002656
00265D
002663
00266A
002671
002678
00267F
002686
00268D
002694
00269B
0026A2
0026A9
0026B0
0026B7
0026BE
0026C5
0026CC
0026D3
0026DB
0026E2
0026E9
0026F0
0026F8
0026FF
002706
00270D
002715
00271C
002724
00272B
002732
00273A
002741
002749
002750
002758
00275F
002767
00276F
002776
00277E
002786
00278D
002795
00279D
0027A4
0027AC
0027B4
0027BC
0027C4
0027CC
0027D4
0027DB
0027E3
0027EB
0027F3
0027FB
002803
00280B
002814
00281C
002824
00282C
002834
00283C
002845
00284D
002855
00285D
002866
00286E
002877
00287F
002887
002890
002898
0028A1
0028A9
0028B2
0028BB
0028C3
0028CC
0028D4
0028DD
0028E6
0028EF
0028F7
002900
002909
002912
00291B
002924
00292D
002936
00293F
002948
002951
00295A
002963
00296C
002975
00297E
002988
002991
00299A
0029A3
0029AD
0029B6
0029BF
0029C9
0029D2
0029DC
0029E5
0029EF
0029F8
002A02
002A0C
002A15
002A1F
002A29
002A32
002A3C
002A46
002A50
002A5A
002A64
002A6E
002A78
002A82
002A8C
002A96
002AA0
002AAA
002AB4
002ABE
002AC9
002AD3
002ADD
002AE7
002AF2
002AFC
002B07
002B11
002B1C
002B26
002B31
002B3B
002B46
002B51
002B5B
002B66
002B71
002B7C
002B86
002B91
002B9C
002BA7
002BB2
002BBD
002BC8
002BD3
002BDF
002BEA
002BF5
002C00
002C0B
002C17
002C22
002C2D
002C39
002C44
002C50
002C5B
002C67
002C73
002C7E
002C8A
002C96
002CA2
002CAD
002CB9
002CC5
002CD1
002CDD
002CE9
002CF5
002D01
002D0E
002D1A
002D26
002D32
002D3F
002D4B
002D57
002D64
002D70
002D7D
002D89
002D96
002DA3
002DAF
002DBC
002DC9
002DD6
002DE3
002DF0
002DFD
002E0A
002E17
002E24
002E31
002E3E
002E4B
002E59
002E66
002E74
002E81
002E8E
002E9C
002EAA
002EB7
002EC5
002ED3
002EE0
002EEE
002EFC
002F0A
002F18
002F26
002F34
002F42
002F51
002F5F
002F6D
002F7C
002F8A
002F98
002FA7
002FB6
002FC4
002FD3
002FE2
002FF0
002FFF
00300E
00301D
00302C
00303B
00304A
003059
003069
003078
003087
003097
0030A6
0030B6
0030C5
0030D5
0030E5
0030F4
003104
003114
003124
003134
003144
003154
003165
003175
003185
003195
0031A6
0031B6
0031C7
0031D8
0031E8
0031F9
00320A
00321B
00322C
00323D
00324E
00325F
003270
003282
003293
0032A5
0032B6
0032C8
0032D9
0032EB
0032FD
00330F
003321
003333
003345
003357
003369
00337C
00338E
0033A1
0033B3
0033C6
0033D9
0033EB
0033FE
003411
003424
003437
00344A
00345E
003471
003485
003498
0034AC
0034BF
0034D3
0034E7
0034FB
00350F
003523
003537
00354B
003560
003574
003589
00359D
0035B2
0035C7
0035DC
0035F1
003606
00361B
003630
003646
00365B
003671
003687
00369C
0036B2
0036C8
0036DE
0036F4
00370B
003721
003737
00374E
003765
00377B
003792
0037A9
0037C0
0037D7
0037EF
003806
00381E
003835
00384D
003865
00387D
003895
0038AD
0038C5
0038DE
0038F6
00390F
003928
003941
00395A
003973
00398C
0039A5
0039BF
0039D9
0039F2
003A0C
003A26
003A40
003A5B
003A75
003A90
003AAA
003AC5
003AE0
003AFB
003B16
003B32
003B4D
003B69
003B84
003BA0
003BBC
003BD8
003BF5
003C11
003C2E
003C4B
003C68
003C85
003CA2
003CBF
003CDD
003CFB
003D18
003D36
003D55
003D73
003D91
003DB0
003DCF
003DEE
003E0D
003E2C
003E4C
003E6C
003E8C
003EAC
003ECC
003EEC
003F0D
003F2E
003F4E
003F70
003F91
003FB2
003FD4
003FF6
004018
00403A
00405D
004080
0040A2
0040C6
0040E9
00410C
004130
004154
004178
00419C
0041C1
0041E6
00420B
004230
004255
00427B
0042A1
0042C7
0042EE
004314
00433B
004362
00438A
0043B1
0043D9
004401
00442A
004452
00447B
0044A4
0044CE
0044F7
004521
00454B
004576
0045A1
0045CC
0045F7
004623
00464F
00467B
0046A7
0046D4
004701
00472F
00475C
00478A
0047B9
0047E7
004816
004846
004875
0048A6
0048D6
004907
004938
004969
00499B
0049CD
0049FF
004A32
004A65
004A99
004ACD
004B01
004B36
004B6B
004BA1
004BD7
004C0D
004C44
004C7B
004CB3
004CEB
004D23
004D5C
004D96
004DD0
004E0A
004E45
004E80
004EBC
004EF8
004F35
004F72
004FB0
004FEE
00502D
00506C
0050AC
0050EC
00512D
00516F
0051B1
0051F3
005236
00527A
0052BF
005304
005349
00538F
0053D6
00541E
005466
0054AF
0054F8
005542
00558D
0055D9
005625
005672
0056C0
00570E
00575D
0057AD
0057FE
005850
0058A2
0058F5
005949
00599E
0059F4
005A4B
005AA2
005AFB
005B54
005BAF
005C0A
005C66
005CC3
005D22
005D81
005DE1
005E43
005EA5
005F09
005F6E
005FD4
00603B
0060A3
00610C
006177
0061E3
006250
0062BF
00632F
0063A0
006413
006487
0064FC
006573
0065EC
006666
0066E2
00675F
0067DE
00685F
0068E1
006965
0069EB
006A73
006AFD
006B88
006C16
006CA5
006D37
006DCB
006E61
006EF9
006F93
007030
0070CF
007171
007215
0072BC
007365
007412
0074C0
007572
007627
0076DF
00779A
007858
00791A
0079DE
007AA7
007B73
007C43
007D16
007DEE
007EC9
007FA9
00808D
008176
008263
008356
00844D
008549
00864A
008751
00885E
008971
008A89
008BA8
008CCE
008DFB
008F2E
009069
0091AC
0092F7
00944A
0095A6
00970B
00987A
0099F2
009B75
009D03
009E9C
00A041
00A1F3
00A3B2
00A57F
00A75A
00A945
00AB40
00AD4C
00AF6B
00B19C
00B3E3
00B63E
00B8B1
00BB3D
00BDE2
00C0A4
00C384
00C683
00C9A6
00CCEE
00D05E
00D3F9
00D7C4
00DBC3
00DFFA
00E46E
00E926
00EE29
00F37F
00F930
00FF49
0105D5
010CE3
011486
011CD3
0125E4
012FD9
013ADB
01471C
0154DD
016473
017652
018B18
01A3A5
01C148
01E60D
02155B
025571
02B357
0350DA
04B462
641F06
000DD0
000DD0
000DD0
000DD0
000DD0
000DD0
000DD0
000DD0
000DD0
000DD0
000DD0
000DD0
000DD0
000DD0
000DD0
000DD0
000DD0
000DD0
000DD0
000DD0
000DD0
000DD0
000DD0
000DD0
000DD0
000DD0
000DD0
000DD0
000DD0
000DD0
000DD0
000DD0
000DD0
000DD0
000DD0
000DD0
000DD0
000DD0
000DD0
000DD0
000DD0
000DD0
000DD0
000DD0
000DD0
000DD0
000DD0
000DD0
000DD0
000DD0
000DD0
000DD0
000DD0
000DD0
000DD0
000DD0
000DD0
000DD0
000DD0
000DD0
000DD0
000DD0
000DD0
000DD0
000DD0
000DD0
000DD0
000DD0
000DD0
000DD0
000DD0
000DD0
000DD0
000DD0
000DD0
000DD0
000DD0
000DD0
000DD0
000DD0
000DD0
000DD0
000DD0
000DD0
000DD0
000DD0
000DD0
000DD0
000DD0
000DD0
000DD0
000DD0
000DD0
000DD0
000DD0
000DD0
000DD0
000DD0
000DD0
000DD0
000DD0
000DD0
000DD0
000DCF
000DCF
000DCF
000DCF
000DCF
000DCF
000DCF
000DCF
000DCF
000DCF
000DCF
000DCF
000DCF
000DCF
000DCF
000DCF
000DCF
000DCF
000DCF
000DCF
000DCF
000DCF
000DCF
000DCF
000DCF
000DCF
000DCF
000DCF
000DCF
000DCF
000DCF
000DCF
000DCF
000DCF
000DCF
000DCF
000DCF
000DCF
000DCF
000DCF
000DCF
000DCF
000DCF
000DCF
000DCF
000DCF
000DCF
000DCF
000DCF
000DCF
000DCF
000DCF
000DCF
000DCF
000DCF
000DCF
000DCF
000DCF
000DCF
000DCF
000DCF
000DCF
000DCF
000DCF
000DCF
000DCF
000DCF
000DCF
000DCF
000DCF
000DCF
000DCF
000DCF
000DCF
000DCF
000DCF
000DCF
000DCF
000DCF
000DCF
000DCF
000DCF
000DCF
000DCF
000DCF
000DCF
000DCF
000DCF
000DCF
000DCF
000DCF
000DCF
000DCF
000DCF
000DCF
000DCF
000DCF
000DCF
000DCF
000DCF
000DCF
000DCF
000DCF
000DCF
000DCF
000DCF
000DCF
000DCF
000DCF
000DCF
000DCF
000DCF
000DCF
000DCF
000DCF
000DCF
000DCF
000DCF
000DCF
000DCF
000DCF
000DCF
000DCF
000DCF
000DCF
000DCF
000DCF
000DCF
000DCF
000DCF
000DCF
000DCF
000DCF
000DCF
000DCF
000DCF
000DCF
000DCF
000DCF
000DCF
000DCF
000DCF
000DCF
000DCF
000DCF
000DCF
000DCF
000DCF
000DCF
000DCF
000DCF
000DCF
000DCF
000DCF
000DCF
000DCF
000DCF
000DCF
000DCF
000DCF
000DCF
000DCF
000DCF
000DCF
000DCF
000DCF
000DCF
000DCF
000DCF
000DCF
000DCF
000DCF
000DCF
000DCF
000DCF
000DCF
000DCF
000DCF
000DCF
000DCF
000DCF
000DCF
000DCF
000DCF
000DCF
000DCF
000DCF
000DCF
000DCF
000DCF
000DCF
000DCF
000DCF
000DCF
000DCF
000DCF
000DCF
000DCF
000DCF
000DCF
000DCF
000DCF
000DCF
000DCF
000DCF
000DCF
000DCF
000DCF
000DCF
000DCF
000DCF
000DCF
000DCF
000DCF
000DCF
000DCF
000DCF
000DCF
000DCF
000DCF
000DCF
000DCF
000DCF
000DCF
000DCF
000DCF
000DCF
000DCF
000DCF
000DCF
000DCF
000DCF
000DCF
000DCF
000DCF
000DCF
000DCF
000DCF
000DCF
000DCF
000DCF
000DCF
000DCF
000DCF
000DCF
000DCF
000DCF
000DCF
000DCF
000DCF
000DCF
000DCF
000DCF
000DCF
000DCF
000DCF
000DCF
000DCF
000DCF
000DCF
000DCF
000DCF
000DCF
000DCF
000DCF
000DCF
000DCF
000DCF
000DCF
000DCF
000DCF
000DCF
000DCF
000DCF
000DCF
000DCF
000DCF
000DCF
000DCF
000DCF
000DCF
000DCF
000DCF
000DCF
000DCF
000DCF
000DCF
000DCF
000DCF
000DCF
000DCF
000DCF
000DCF
000DCF
000DCF
000DCF
000DCF
000DCF
000DCF
000DCF
000DCF
000DCF
000DCF
000DCF
000DCF
000DCF
000DCF
000DCF
000DCF
000DCF
000DCF
000DCF
000DCF
000DCF
000DCF
000DCF
000DCF
000DCF
000DCF
000DCF
000DCF
000DCF
000DCF
000DCF
000DCF
000DCF
000DCF
000DCF
000DCF
000DCF
000DCF
000DCF
000DCF
000DCF
000DCF
000DCF
000DCF
000DCF
000DCF
000DCF
000DCF
000DCF
000DCF
000DCF
000DCF
000DCF
000DCF
000DCF
000DCF
000DCF
000DCF
000DCF
000DCF
000DCF
000DCF
000DCF
000DCF
000DCF
000DCF
000DCF
000DCF
000DCF
000DCF
000DCF
000DCF
000DCF
000DCF
000DCF
000DCF
000DCF
000DCF
000DCF
000DCF
000DCF
000DCF
000DCF
000DCF
000DCF
000DCF
000DCF
000DCF
000DCF
000DCE
000DCE
000DCE
000DCE
000DCE
000DCE
000DCE
000DCE
000DCE
000DCE
000DCE
000DCE
000DCE
000DCE
000DCE
000DCE
000DCE
000DCE
000DCE
000DCE
000DCE
000DCE
000DCE
000DCE
000DCE
000DCE
000DCE
000DCE
000DCE
000DCE
000DCE
000DCE
000DCE
000DCE
000DCE
000DCE
000DCE
000DCE
000DCE
000DCE
000DCE
000DCE
000DCE
000DCE
000DCE
000DCE
000DCE
000DCE
000DCE
000DCE
000DCE
000DCE
000DCE
000DCE
000DCE
000DCE
000DCE
000DCE
000DCE
000DCE
000DCE
000DCE
000DCE
000DCE
000DCE
000DCE
000DCE
000DCE
000DCE
000DCE
000DCE
000DCE
000DCE
000DCE
000DCE
000DCE
000DCE
000DCE
000DCE
000DCE
000DCE
000DCE
000DCE
000DCE
000DCE
000DCE
000DCE
000DCE
000DCE
000DCE
000DCE
000DCE
000DCE
000DCE
000DCE
000DCE
000DCE
000DCE
000DCE
000DCE
000DCE
000DCE
000DCE
000DCE
000DCE
000DCE
000DCE
000DCE
000DCE
000DCE
000DCE
000DCE
000DCE
000DCE
000DCE
000DCE
000DCE
000DCE
000DCE
000DCE
000DCE
000DCE
000DCE
000DCE
000DCE
000DCE
000DCE
000DCE
000DCE
000DCE
000DCE
000DCE
000DCE
000DCE
000DCE
000DCE
000DCE
000DCE
000DCE
000DCE
000DCE
000DCE
000DCE
000DCE
000DCE
000DCE
000DCE
000DCE
000DCE
000DCE
000DCE
000DCE
000DCE
000DCE
000DCE
000DCE
000DCE
000DCE
000DCE
000DCE
000DCE
000DCE
000DCE
000DCE
000DCE
000DCE
000DCE
000DCE
000DCE
000DCE
000DCE
000DCE
000DCE
000DCE
000DCE
000DCE
000DCE
000DCE
000DCE
000DCE
000DCE
000DCE
000DCE
000DCE
000DCE
000DCE
000DCE
000DCE
000DCE
000DCE
000DCE
000DCE
000DCE
000DCE
000DCE
000DCE
000DCE
000DCE
000DCE
000DCE
000DCE
000DCE
000DCE
000DCE
000DCE
000DCD
000DCD
000DCD
000DCD
000DCD
000DCD
000DCD
000DCD
000DCD
000DCD
000DCD
000DCD
000DCD
000DCD
000DCD
000DCD
000DCD
000DCD
000DCD
000DCD
000DCD
000DCD
000DCD
000DCD
000DCD
000DCD
000DCD
000DCD
000DCD
000DCD
000DCD
000DCD
000DCD
000DCD
000DCD
000DCD
000DCD
000DCD
000DCD
000DCD
000DCD
000DCD
000DCD
000DCD
000DCD
000DCD
000DCD
000DCD
000DCD
000DCD
000DCD
000DCD
000DCD
000DCD
000DCD
000DCD
000DCD
000DCD
000DCD
000DCD
000DCD
000DCD
000DCD
000DCD
000DCD
000DCD
000DCD
000DCD
000DCD
000DCD
000DCD
000DCD
000DCD
000DCD
000DCD
000DCD
000DCD
000DCD
000DCD
000DCD
000DCD
000DCD
000DCD
000DCD
000DCD
000DCD
000DCD
000DCD
000DCD
000DCD
000DCD
000DCD
000DCD
000DCD
000DCD
000DCD
000DCD
000DCD
000DCD
000DCD
000DCD
000DCD
000DCD
000DCD
000DCD
000DCD
000DCD
000DCD
000DCD
000DCD
000DCD
000DCD
000DCD
000DCD
000DCD
000DCD
000DCD
000DCD
000DCD
000DCD
000DCD
000DCD
000DCD
000DCD
000DCD
000DCD
000DCD
000DCD
000DCD
000DCD
000DCD
000DCD
000DCD
000DCD
000DCD
000DCD
000DCD
000DCD
000DCD
000DCD
000DCD
000DCC
000DCC
000DCC
000DCC
000DCC
000DCC
000DCC
000DCC
000DCC
000DCC
000DCC
000DCC
000DCC
000DCC
000DCC
000DCC
000DCC
000DCC
000DCC
000DCC
000DCC
000DCC
000DCC
000DCC
000DCC
000DCC
000DCC
000DCC
000DCC
000DCC
000DCC
000DCC
000DCC
000DCC
000DCC
000DCC
000DCC
000DCC
000DCC
000DCC
000DCC
000DCC
000DCC
000DCC
000DCC
000DCC
000DCC
000DCC
000DCC
000DCC
000DCC
000DCC
000DCC
000DCC
000DCC
000DCC
000DCC
000DCC
000DCC
000DCC
000DCC
000DCC
000DCC
000DCC
000DCC
000DCC
000DCC
000DCC
000DCC
000DCC
000DCC
000DCC
000DCC
000DCC
000DCC
000DCC
000DCC
000DCC
000DCC
000DCC
000DCC
000DCC
000DCC
000DCC
000DCC
000DCC
000DCC
000DCC
000DCC
000DCC
000DCC
000DCC
000DCC
000DCC
000DCC
000DCC
000DCC
000DCC
000DCC
000DCC
000DCC
000DCC
000DCC
000DCC
000DCC
000DCC
000DCC
000DCB
000DCB
000DCB
000DCB
000DCB
000DCB
000DCB
000DCB
000DCB
000DCB
000DCB
000DCB
000DCB
000DCB
000DCB
000DCB
000DCB
000DCB
000DCB
000DCB
000DCB
000DCB
000DCB
000DCB
000DCB
000DCB
000DCB
000DCB
000DCB
000DCB
000DCB
000DCB
000DCB
000DCB
000DCB
000DCB
000DCB
000DCB
000DCB
000DCB
000DCB
000DCB
000DCB
000DCB
000DCB
000DCB
000DCB
000DCB
000DCB
000DCB
000DCB
000DCB
000DCB
000DCB
000DCB
000DCB
000DCB
000DCB
000DCB
000DCB
000DCB
000DCB
000DCB
000DCB
000DCB
000DCB
000DCB
000DCB
000DCB
000DCB
000DCB
000DCB
000DCB
000DCB
000DCB
000DCB
000DCB
000DCB
000DCB
000DCB
000DCB
000DCB
000DCB
000DCB
000DCB
000DCB
000DCB
000DCA
000DCA
000DCA
000DCA
000DCA
000DCA
000DCA
000DCA
000DCA
000DCA
000DCA
000DCA
000DCA
000DCA
000DCA
000DCA
000DCA
000DCA
000DCA
000DCA
000DCA
000DCA
000DCA
000DCA
000DCA
000DCA
000DCA
000DCA
000DCA
000DCA
000DCA
000DCA
000DCA
000DCA
000DCA
000DCA
000DCA
000DCA
000DCA
000DCA
000DCA
000DCA
000DCA
000DCA
000DCA
000DCA
000DCA
000DCA
000DCA
000DCA
000DCA
000DCA
000DCA
000DCA
000DCA
000DCA
000DCA
000DCA
000DCA
000DCA
000DCA
000DCA
000DCA
000DCA
000DCA
000DCA
000DCA
000DCA
000DCA
000DCA
000DCA
000DCA
000DC9
000DC9
000DC9
000DC9
000DC9
000DC9
000DC9
000DC9
000DC9
000DC9
000DC9
000DC9
000DC9
000DC9
000DC9
000DC9
000DC9
000DC9
000DC9
000DC9
000DC9
000DC9
000DC9
000DC9
000DC9
000DC9
000DC9
000DC9
000DC9
000DC9
000DC9
000DC9
000DC9
000DC9
000DC9
000DC9
000DC9
000DC9
000DC9
000DC9
000DC9
000DC9
000DC9
000DC9
000DC9
000DC9
000DC9
000DC9
000DC9
000DC9
000DC9
000DC9
000DC9
000DC9
000DC9
000DC9
000DC9
000DC9
000DC9
000DC9
000DC9
000DC9
000DC9
000DC8
000DC8
000DC8
000DC8
000DC8
000DC8
000DC8
000DC8
000DC8
000DC8
000DC8
000DC8
000DC8
000DC8
000DC8
000DC8
000DC8
000DC8
000DC8
000DC8
000DC8
000DC8
000DC8
000DC8
000DC8
000DC8
000DC8
000DC8
000DC8
000DC8
000DC8
000DC8
000DC8
000DC8
000DC8
000DC8
000DC8
000DC8
000DC8
000DC8
000DC8
000DC8
000DC8
000DC8
000DC8
000DC8
000DC8
000DC8
000DC8
000DC8
000DC8
000DC8
000DC8
000DC8
000DC8
000DC7
000DC7
000DC7
000DC7
000DC7
000DC7
000DC7
000DC7
000DC7
000DC7
000DC7
000DC7
000DC7
000DC7
000DC7
000DC7
000DC7
000DC7
000DC7
000DC7
000DC7
000DC7
000DC7
000DC7
000DC7
000DC7
000DC7
000DC7
000DC7
000DC7
000DC7
000DC7
000DC7
000DC7
000DC7
000DC7
000DC7
000DC7
000DC7
000DC7
000DC7
000DC7
000DC7
000DC7
000DC7
000DC7
000DC7
000DC7
000DC7
000DC6
000DC6
000DC6
000DC6
000DC6
000DC6
000DC6
000DC6
000DC6
000DC6
000DC6
000DC6
000DC6
000DC6
000DC6
000DC6
000DC6
000DC6
000DC6
000DC6
000DC6
000DC6
000DC6
000DC6
000DC6
000DC6
000DC6
000DC6
000DC6
000DC6
000DC6
000DC6
000DC6
000DC6
000DC6
000DC6
000DC6
000DC6
000DC6
000DC6
000DC6
000DC6
000DC6
000DC6
000DC6
000DC5
000DC5
000DC5
000DC5
000DC5
000DC5
000DC5
000DC5
000DC5
000DC5
000DC5
000DC5
000DC5
000DC5
000DC5
000DC5
000DC5
000DC5
000DC5
000DC5
000DC5
000DC5
000DC5
000DC5
000DC5
000DC5
000DC5
000DC5
000DC5
000DC5
000DC5
000DC5
000DC5
000DC5
000DC5
000DC5
000DC5
000DC5
000DC5
000DC5
000DC4
000DC4
000DC4
000DC4
000DC4
000DC4
000DC4
000DC4
000DC4
000DC4
000DC4
000DC4
000DC4
000DC4
000DC4
000DC4
000DC4
000DC4
000DC4
000DC4
000DC4
000DC4
000DC4
000DC4
000DC4
000DC4
000DC4
000DC4
000DC4
000DC4
000DC4
000DC4
000DC4
000DC4
000DC4
000DC4
000DC4
000DC3
000DC3
000DC3
000DC3
000DC3
000DC3
000DC3
000DC3
000DC3
000DC3
000DC3
000DC3
000DC3
000DC3
000DC3
000DC3
000DC3
000DC3
000DC3
000DC3
000DC3
000DC3
000DC3
000DC3
000DC3
000DC3
000DC3
000DC3
000DC3
000DC3
000DC3
000DC3
000DC3
000DC3
000DC3
000DC2
000DC2
000DC2
000DC2
000DC2
000DC2
000DC2
000DC2
000DC2
000DC2
000DC2
000DC2
000DC2
000DC2
000DC2
000DC2
000DC2
000DC2
000DC2
000DC2
000DC2
000DC2
000DC2
000DC2
000DC2
000DC2
000DC2
000DC2
000DC2
000DC2
000DC2
000DC2
000DC1
000DC1
000DC1
000DC1
000DC1
000DC1
000DC1
000DC1
000DC1
000DC1
000DC1
000DC1
000DC1
000DC1
000DC1
000DC1
000DC1
000DC1
000DC1
000DC1
000DC1
000DC1
000DC1
000DC1
000DC1
000DC1
000DC1
000DC1
000DC1
000DC0
000DC0
000DC0
000DC0
000DC0
000DC0
000DC0
000DC0
000DC0
000DC0
000DC0
000DC0
000DC0
000DC0
000DC0
000DC0
000DC0
000DC0
000DC0
000DC0
000DC0
000DC0
000DC0
000DC0
000DC0
000DC0
000DC0
000DC0
000DBF
000DBF
000DBF
000DBF
000DBF
000DBF
000DBF
000DBF
000DBF
000DBF
000DBF
000DBF
000DBF
000DBF
000DBF
000DBF
000DBF
000DBF
000DBF
000DBF
000DBF
000DBF
000DBF
000DBF
000DBF
000DBF
000DBF
000DBE
000DBE
000DBE
000DBE
000DBE
000DBE
000DBE
000DBE
000DBE
000DBE
000DBE
000DBE
000DBE
000DBE
000DBE
000DBE
000DBE
000DBE
000DBE
000DBE
000DBE
000DBE
000DBE
000DBE
000DBE
000DBD
000DBD
000DBD
000DBD
000DBD
000DBD
000DBD
000DBD
000DBD
000DBD
000DBD
000DBD
000DBD
000DBD
000DBD
000DBD
000DBD
000DBD
000DBD
000DBD
000DBD
000DBD
000DBD
000DBC
000DBC
000DBC
000DBC
000DBC
000DBC
000DBC
000DBC
000DBC
000DBC
000DBC
000DBC
000DBC
000DBC
000DBC
000DBC
000DBC
000DBC
000DBC
000DBC
000DBC
000DBC
000DBC
000DBB
000DBB
000DBB
000DBB
000DBB
000DBB
000DBB
000DBB
000DBB
000DBB
000DBB
000DBB
000DBB
000DBB
000DBB
000DBB
000DBB
000DBB
000DBB
000DBB
000DBB
000DBA
000DBA
000DBA
000DBA
000DBA
000DBA
000DBA
000DBA
000DBA
000DBA
000DBA
000DBA
000DBA
000DBA
000DBA
000DBA
000DBA
000DBA
000DBA
000DBA
000DBA
000DB9
000DB9
000DB9
000DB9
000DB9
000DB9
000DB9
000DB9
000DB9
000DB9
000DB9
000DB9
000DB9
000DB9
000DB9
000DB9
000DB9
000DB9
000DB9
000DB8
000DB8
000DB8
000DB8
000DB8
000DB8
000DB8
000DB8
000DB8
000DB8
000DB8
000DB8
000DB8
000DB8
000DB8
000DB8
000DB8
000DB8
000DB8
000DB7
000DB7
000DB7
000DB7
000DB7
000DB7
000DB7
000DB7
000DB7
000DB7
000DB7
000DB7
000DB7
000DB7
000DB7
000DB7
000DB7
000DB7
000DB6
000DB6
000DB6
000DB6
000DB6
000DB6
000DB6
000DB6
000DB6
000DB6
000DB6
000DB6
000DB6
000DB6
000DB6
000DB6
000DB6
000DB6
000DB5
000DB5
000DB5
000DB5
000DB5
000DB5
000DB5
000DB5
000DB5
000DB5
000DB5
000DB5
000DB5
000DB5
000DB5
000DB5
000DB4
000DB4
000DB4
000DB4
000DB4
000DB4
000DB4
000DB4
000DB4
000DB4
000DB4
000DB4
000DB4
000DB4
000DB4
000DB4
000DB3
000DB3
000DB3
000DB3
000DB3
000DB3
000DB3
000DB3
000DB3
000DB3
000DB3
000DB3
000DB3
000DB3
000DB3
000DB3
000DB2
000DB2
000DB2
000DB2
000DB2
000DB2
000DB2
000DB2
000DB2
000DB2
000DB2
000DB2
000DB2
000DB2
000DB2
000DB1
000DB1
000DB1
000DB1
000DB1
000DB1
000DB1
000DB1
000DB1
000DB1
000DB1
000DB1
000DB1
000DB1
000DB1
000DB0
000DB0
000DB0
000DB0
000DB0
000DB0
000DB0
000DB0
000DB0
000DB0
000DB0
000DB0
000DB0
000DB0
000DAF
000DAF
000DAF
000DAF
000DAF
000DAF
000DAF
000DAF
000DAF
000DAF
000DAF
000DAF
000DAF
000DAE
000DAE
000DAE
000DAE
000DAE
000DAE
000DAE
000DAE
000DAE
000DAE
000DAE
000DAE
000DAE
000DAE
000DAD
000DAD
000DAD
000DAD
000DAD
000DAD
000DAD
000DAD
000DAD
000DAD
000DAD
000DAD
000DAD
000DAC
000DAC
000DAC
000DAC
000DAC
000DAC
000DAC
000DAC
000DAC
000DAC
000DAC
000DAC
000DAB
000DAB
000DAB
000DAB
000DAB
000DAB
000DAB
000DAB
000DAB
000DAB
000DAB
000DAB
000DAB
000DAA
000DAA
000DAA
000DAA
000DAA
000DAA
000DAA
000DAA
000DAA
000DAA
000DAA
000DA9
000DA9
000DA9
000DA9
000DA9
000DA9
000DA9
000DA9
000DA9
000DA9
000DA9
000DA9
000DA8
000DA8
000DA8
000DA8
000DA8
000DA8
000DA8
000DA8
000DA8
000DA8
000DA8
000DA7
000DA7
000DA7
000DA7
000DA7
000DA7
000DA7
000DA7
000DA7
000DA7
000DA7
000DA6
000DA6
000DA6
000DA6
000DA6
000DA6
000DA6
000DA6
000DA6
000DA6
000DA6
000DA5
000DA5
000DA5
000DA5
000DA5
000DA5
000DA5
000DA5
000DA5
000DA5
000DA5
000DA4
000DA4
000DA4
000DA4
000DA4
000DA4
000DA4
000DA4
000DA4
000DA4
000DA3
000DA3
000DA3
000DA3
000DA3
000DA3
000DA3
000DA3
000DA3
000DA3
000DA2
000DA2
000DA2
000DA2
000DA2
000DA2
000DA2
000DA2
000DA2
000DA2
000DA1
000DA1
000DA1
000DA1
000DA1
000DA1
000DA1
000DA1
000DA1
000DA1
000DA0
000DA0
000DA0
000DA0
000DA0
000DA0
000DA0
000DA0
000DA0
000D9F
000D9F
000D9F
000D9F
000D9F
000D9F
000D9F
000D9F
000D9F
000D9E
000D9E
000D9E
000D9E
000D9E
000D9E
000D9E
000D9E
000D9E
000D9E
000D9D
000D9D
000D9D
000D9D
000D9D
000D9D
000D9D
000D9D
000D9C
000D9C
000D9C
000D9C
000D9C
000D9C
000D9C
000D9C
000D9C
000D9B
000D9B
000D9B
000D9B
000D9B
000D9B
000D9B
000D9B
000D9B
000D9A
000D9A
000D9A
000D9A
000D9A
000D9A
000D9A
000D9A
000D99
000D99
000D99
000D99
000D99
000D99
000D99
000D99
000D98
000D98
000D98
000D98
000D98
000D98
000D98
000D98
000D98
000D97
000D97
000D97
000D97
000D97
000D97
000D97
000D97
000D96
000D96
000D96
000D96
000D96
000D96
000D96
000D95
000D95
000D95
000D95
000D95
000D95
000D95
000D95
000D94
000D94
000D94
000D94
000D94
000D94
000D94
000D94
000D93
000D93
000D93
000D93
000D93
000D93
000D93
000D92
000D92
000D92
000D92
000D92
000D92
000D92
000D91
000D91
000D91
000D91
000D91
000D91
000D91
000D91
000D90
000D90
000D90
000D90
000D90
000D90
000D90
000D8F
000D8F
000D8F
000D8F
000D8F
000D8F
000D8F
000D8E
000D8E
000D8E
000D8E
000D8E
000D8E
000D8E
000D8D
000D8D
000D8D
000D8D
000D8D
000D8D
000D8D
000D8C
000D8C
000D8C
000D8C
000D8C
000D8C
000D8B
000D8B
000D8B
000D8B
000D8B
000D8B
000D8B
000D8A
000D8A
000D8A
000D8A
000D8A
000D8A
000D89
000D89
000D89
000D89
000D89
000D89
000D89
000D88
000D88
000D88
000D88
000D88
000D88
000D87
000D87
000D87
000D87
000D87
000D87
000D86
000D86
000D86
000D86
000D86
000D86
000D86
000D85
000D85
000D85
000D85
000D85
000D85
000D84
000D84
000D84
000D84
000D84
000D84
000D83
000D83
000D83
000D83
000D83
000D83
000D82
000D82
000D82
000D82
000D82
000D81
000D81
000D81
000D81
000D81
000D81
000D80
000D80
000D80
000D80
000D80
000D80
000D7F
000D7F
000D7F
000D7F
000D7F
000D7F
000D7E
000D7E
000D7E
000D7E
000D7E
000D7D
000D7D
000D7D
000D7D
000D7D
000D7D
000D7C
000D7C
000D7C
000D7C
000D7C
000D7B
000D7B
000D7B
000D7B
000D7B
000D7A
000D7A
000D7A
000D7A
000D7A
000D7A
000D79
000D79
000D79
000D79
000D79
000D78
000D78
000D78
000D78
000D78
000D77
000D77
000D77
000D77
000D77
000D76
000D76
000D76
000D76
000D76
000D75
000D75
000D75
000D75
000D75
000D74
000D74
000D74
000D74
000D74
000D73
000D73
000D73
000D73
000D73
000D72
000D72
000D72
000D72
000D72
000D71
000D71
000D71
000D71
000D71
000D70
000D70
000D70
000D70
000D70
000D6F
000D6F
000D6F
000D6F
000D6E
000D6E
000D6E
000D6E
000D6E
000D6D
000D6D
000D6D
000D6D
000D6D
000D6C
000D6C
000D6C
000D6C
000D6B
000D6B
000D6B
000D6B
000D6B
000D6A
000D6A
000D6A
000D6A
000D69
000D69
000D69
000D69
000D69
000D68
000D68
000D68
000D68
000D67
000D67
000D67
000D67
000D67
000D66
000D66
000D66
000D66
000D65
000D65
000D65
000D65
000D64
000D64
000D64
000D64
000D63
000D63
000D63
000D63
000D63
000D62
000D62
000D62
000D62
000D61
000D61
000D61
000D61
000D60
000D60
000D60
000D60
000D5F
000D5F
000D5F
000D5F
000D5E
000D5E
000D5E
000D5E
000D5D
000D5D
000D5D
000D5D
000D5C
000D5C
000D5C
000D5C
000D5B
000D5B
000D5B
000D5B
000D5A
000D5A
000D5A
000D5A
000D59
000D59
000D59
000D59
000D58
000D58
000D58
000D57
000D57
000D57
000D57
000D56
000D56
000D56
000D56
000D55
000D55
000D55
000D55
000D54
000D54
000D54
000D53
000D53
000D53
000D53
000D52
000D52
000D52
000D52
000D51
000D51
000D51
000D50
000D50
000D50
000D50
000D4F
000D4F
000D4F
000D4F
000D4E
000D4E
000D4E
000D4D
000D4D
000D4D
000D4D
000D4C
000D4C
000D4C
000D4B
000D4B
000D4B
000D4A
000D4A
000D4A
000D4A
000D49
000D49
000D49
000D48
000D48
000D48
000D48
000D47
000D47
000D47
000D46
000D46
000D46
000D45
000D45
000D45
000D45
000D44
000D44
000D44
000D43
000D43
000D43
000D42
000D42
000D42
000D41
000D41
000D41
000D41
000D40
000D40
000D40
000D3F
000D3F
000D3F
000D3E
000D3E
000D3E
000D3D
000D3D
000D3D
000D3C
000D3C
000D3C
000D3B
000D3B
000D3B
000D3B
000D3A
000D3A
000D3A
000D39
000D39
000D39
000D38
000D38
000D38
000D37
000D37
000D37
000D36
000D36
000D36
000D35
000D35
000D35
000D34
000D34
000D34
000D33
000D33
000D33
000D32
000D32
000D31
000D31
000D31
000D30
000D30
000D30
000D2F
000D2F
000D2F
000D2E
000D2E
000D2E
000D2D
000D2D
000D2D
000D2C
000D2C
000D2C
000D2B
000D2B
000D2A
000D2A
000D2A
000D29
000D29
000D29
000D28
000D28
000D28
000D27
000D27
000D26
000D26
000D26
000D25
000D25
000D25
000D24
000D24
000D23
000D23
000D23
000D22
000D22
000D22
000D21
000D21
000D20
000D20
000D20
000D1F
000D1F
000D1F
000D1E
000D1E
000D1D
000D1D
000D1D
000D1C
000D1C
000D1B
000D1B
000D1B
000D1A
000D1A
000D19
000D19
000D19
000D18
000D18
000D17
000D17
000D17
000D16
000D16
000D15
000D15
000D15
000D14
000D14
000D13
000D13
000D13
000D12
000D12
000D11
000D11
000D11
000D10
000D10
000D0F
000D0F
000D0E
000D0E
000D0E
000D0D
000D0D
000D0C
000D0C
000D0C
000D0B
000D0B
000D0A
000D0A
000D09
000D09
000D09
000D08
000D08
000D07
000D07
000D06
000D06
000D05
000D05
000D05
000D04
000D04
000D03
000D03
000D02
000D02
000D02
000D01
000D01
000D00
000D00
000CFF
000CFF
000CFE
000CFE
000CFD
000CFD
000CFD
000CFC
000CFC
000CFB
000CFB
000CFA
000CFA
000CF9
000CF9
000CF8
000CF8
000CF7
000CF7
000CF7
000CF6
000CF6
000CF5
000CF5
000CF4
000CF4
000CF3
000CF3
000CF2
000CF2
000CF1
000CF1
000CF0
000CF0
000CEF
000CEF
000CEE
000CEE
000CED
000CED
000CEC
000CEC
000CEB
000CEB
000CEA
000CEA
000CE9
000CE9
000CE8
000CE8
000CE7
000CE7
000CE6
000CE6
000CE5
000CE5
000CE4
000CE4
000CE3
000CE3
000CE2
000CE2
000CE1
000CE1
000CE0
000CE0
000CDF
000CDF
000CDE
000CDE
000CDD
000CDD
000CDC
000CDC
000CDB
000CDB
000CDA
000CDA
000CD9
000CD9
000CD8
000CD7
000CD7
000CD6
000CD6
000CD5
000CD5
000CD4
000CD4
000CD3
000CD3
000CD2
000CD1
000CD1
000CD0
000CD0
000CCF
000CCF
000CCE
000CCE
000CCD
000CCD
000CCC
000CCB
000CCB
000CCA
000CCA
000CC9
000CC9
000CC8
000CC7
000CC7
000CC6
000CC6
000CC5
000CC5
000CC4
000CC3
000CC3
000CC2
000CC2
000CC1
000CC1
000CC0
000CBF
000CBF
000CBE
000CBE
000CBD
000CBC
000CBC
000CBB
000CBB
000CBA
000CB9
000CB9
000CB8
000CB8
000CB7
000CB6
000CB6
000CB5
000CB5
000CB4
000CB3
000CB3
000CB2
000CB2
000CB1
000CB0
000CB0
000CAF
000CAE
000CAE
000CAD
000CAD
000CAC
000CAB
000CAB
000CAA
000CA9
000CA9
000CA8
000CA8
000CA7
000CA6
000CA6
000CA5
000CA4
000CA4
000CA3
000CA2
000CA2
000CA1
000CA1
000CA0
000C9F
000C9F
000C9E
000C9D
000C9D
000C9C
000C9B
000C9B
000C9A
000C99
000C99
000C98
000C97
000C97
000C96
000C95
000C95
000C94
000C93
000C93
000C92
000C91
000C91
000C90
000C8F
000C8E
000C8E
000C8D
000C8C
000C8C
000C8B
000C8A
000C8A
000C89
000C88
000C88
000C87
000C86
000C85
000C85
000C84
000C83
000C83
000C82
000C81
000C80
000C80
000C7F
000C7E
000C7E
000C7D
000C7C
000C7B
000C7B
000C7A
000C79
000C78
000C78
000C77
000C76
000C76
000C75
000C74
000C73
000C73
000C72
000C71
000C70
000C70
000C6F
000C6E
000C6D
000C6D
000C6C
000C6B
000C6A
000C69
000C69
000C68
000C67
000C66
000C66
000C65
000C64
000C63
000C63
000C62
000C61
000C60
000C5F
000C5F
000C5E
000C5D
000C5C
000C5B
000C5B
000C5A
000C59
000C58
000C57
000C57
000C56
000C55
000C54
000C53
000C53
000C52
000C51
000C50
000C4F
000C4F
000C4E
000C4D
000C4C
000C4B
000C4A
000C4A
000C49
000C48
000C47
000C46
000C45
000C45
000C44
000C43
000C42
000C41
000C40
000C40
000C3F
000C3E
000C3D
000C3C
000C3B
000C3A
000C3A
000C39
000C38
000C37
000C36
000C35
000C34
000C33
000C33
000C32
000C31
000C30
000C2F
000C2E
000C2D
000C2C
000C2C
000C2B
000C2A
000C29
000C28
000C27
000C26
000C25
000C24
000C23
000C23
000C22
000C21
000C20
000C1F
000C1E
000C1D
000C1C
000C1B
000C1A
000C19
000C18
000C18
000C17
000C16
000C15
000C14
000C13
000C12
000C11
000C10
000C0F
000C0E
000C0D
000C0C
000C0B
000C0A
000C09
000C08
000C07
000C06
000C05
000C04
000C04
000C03
000C02
000C01
000C00
000BFF
000BFE
000BFD
000BFC
000BFB
000BFA
000BF9
000BF8
000BF7
000BF6
000BF5
000BF4
000BF3
000BF2
000BF1
000BF0
000BEF
000BEE
000BED
000BEC
000BEB
000BEA
000BE9
000BE7
000BE6
000BE5
000BE4
000BE3
000BE2
000BE1
000BE0
000BDF
000BDE
000BDD
000BDC
000BDB
000BDA
000BD9
000BD8
000BD7
000BD6
000BD5
000BD4
000BD2
000BD1
000BD0
000BCF
000BCE
000BCD
000BCC
000BCB
000BCA
000BC9
000BC8
000BC7
000BC5
000BC4
000BC3
000BC2
000BC1
000BC0
000BBF
000BBE
000BBD
000BBC
000BBA
000BB9
000BB8
000BB7
000BB6
000BB5
000BB4
000BB3
000BB1
000BB0
000BAF
000BAE
000BAD
000BAC
000BAB
000BA9
000BA8
000BA7
000BA6
000BA5
000BA4
000BA2
000BA1
000BA0
000B9F
000B9E
000B9D
000B9B
000B9A
000B99
000B98
000B97
000B95
000B94
000B93
000B92
000B91
000B8F
000B8E
000B8D
000B8C
000B8B
000B89
000B88
000B87
000B86
000B84
000B83
000B82
000B81
000B80
000B7E
000B7D
000B7C
000B7B
000B79
000B78
000B77
000B76
000B74
000B73
000B72
000B71
000B6F
000B6E
000B6D
000B6B
000B6A
000B69
000B68
000B66
000B65
000B64
000B62
000B61
000B60
000B5F
000B5D
000B5C
000B5B
000B59
000B58
000B57
000B55
000B54
000B53
000B51
000B50
000B4F
000B4D
000B4C
000B4B
000B49
000B48
000B47
000B45
000B44
000B43
000B41
000B40
000B3F
000B3D
000B3C
000B3A
000B39
000B38
000B36
000B35
000B34
000B32
000B31
000B2F
000B2E
000B2D
000B2B
000B2A
000B28
000B27
000B26
000B24
000B23
000B21
000B20
000B1E
000B1D
000B1C
000B1A
000B19
000B17
000B16
000B14
000B13
000B11
000B10
000B0F
000B0D
000B0C
000B0A
000B09
000B07
000B06
000B04
000B03
000B01
000B00
000AFE
000AFD
000AFB
000AFA
000AF8
000AF7
000AF5
000AF4
000AF2
000AF1
000AEF
000AEE
000AEC
000AEB
000AE9
000AE8
000AE6
000AE5
000AE3
000AE1
000AE0
000ADE
000ADD
000ADB
000ADA
000AD8
000AD7
000AD5
000AD3
000AD2
000AD0
000ACF
000ACD
000ACC
000ACA
000AC8
000AC7
000AC5
000AC4
000AC2
000AC0
000ABF
000ABD
000ABB
000ABA
000AB8
000AB7
000AB5
000AB3
000AB2
000AB0
000AAE
000AAD
000AAB
000AA9
000AA8
000AA6
000AA4
000AA3
000AA1
000A9F
000A9E
000A9C
000A9A
000A99
000A97
000A95
000A94
000A92
000A90
000A8F
000A8D
000A8B
000A89
000A88
000A86
000A84
000A83
000A81
000A7F
000A7D
000A7C
000A7A
000A78
000A76
000A75
000A73
000A71
000A6F
000A6E
000A6C
000A6A
000A68
000A67
000A65
000A63
000A61
000A5F
000A5E
000A5C
000A5A
000A58
000A56
000A55
000A53
000A51
000A4F
000A4D
000A4B
000A4A
000A48
000A46
000A44
000A42
000A40
000A3E
000A3D
000A3B
000A39
000A37
000A35
000A33
000A31
000A30
000A2E
000A2C
000A2A
000A28
000A26
000A24
000A22
000A20
000A1E
000A1C
000A1B
000A19
000A17
000A15
000A13
000A11
000A0F
000A0D
000A0B
000A09
000A07
000A05
000A03
000A01
0009FF
0009FD
0009FB
0009F9
0009F7
0009F5
0009F3
0009F1
0009EF
0009ED
0009EB
0009E9
0009E7
0009E5
0009E3
0009E1
0009DF
0009DD
0009DB
0009D9
0009D7
0009D5
0009D3
0009D1
0009CF
0009CD
0009CB
0009C9
0009C7
0009C4
0009C2
0009C0
0009BE
0009BC
0009BA
0009B8
0009B6
0009B4
0009B2
0009AF
0009AD
0009AB
0009A9
0009A7
0009A5
0009A3
0009A0
00099E
00099C
00099A
000998
000996
000993
000991
00098F
00098D
00098B
000989
000986
000984
000982
000980
00097E
00097B
000979
000977
000975
000972
000970
00096E
00096C
000969
000967
000965
000963
000960
00095E
00095C
00095A
000957
000955
000953
000950
00094E
00094C
00094A
000947
000945
000943
000940
00093E
00093C
000939
000937
000935
000932
000930
00092E
00092B
000929
000927
000924
000922
00091F
00091D
00091B
000918
000916
000913
000911
00090F
00090C
00090A
000907
000905
000902
000900
0008FE
0008FB
0008F9
0008F6
0008F4
0008F1
0008EF
0008EC
0008EA
0008E7
0008E5
0008E3
0008E0
0008DE
0008DB
0008D9
0008D6
0008D4
0008D1
0008CE
0008CC
0008C9
0008C7
0008C4
0008C2
0008BF
0008BD
0008BA
0008B8
0008B5
0008B2
0008B0
0008AD
0008AB
0008A8
0008A6
0008A3
0008A0
00089E
00089B
000899
000896
000893
000891
00088E
00088B
000889
000886
000883
000881
00087E
00087B
000879
000876
000873
000871
00086E
00086B
000869
000866
000863
000861
00085E
00085B
000858
000856
000853
000850
00084E
00084B
000848
000845
000843
000840
00083D
00083A
000837
000835
000832
00082F
00082C
00082A
000827
000824
000821
00081E
00081B
000819
000816
000813
000810
00080D
00080A
000808
000805
000802
0007FF
0007FC
0007F9
0007F6
0007F3
0007F1
0007EE
0007EB
0007E8
0007E5
0007E2
0007DF
0007DC
0007D9
0007D6
0007D3
0007D1
0007CE
0007CB
0007C8
0007C5
0007C2
0007BF
0007BC
0007B9
0007B6
0007B3
0007B0
0007AD
0007AA
0007A7
0007A4
0007A1
00079E
00079B
000798
000795
000792
00078F
00078C
000789
000786
000782
00077F
00077C
000779
000776
000773
000770
00076D
00076A
000767
000764
000761
00075D
00075A
000757
000754
000751
00074E
00074B
000748
000744
000741
00073E
00073B
000738
000735
000731
00072E
00072B
000728
000725
000721
00071E
00071B
000718
000715
000711
00070E
00070B
000708
000704
000701
0006FE
0006FB
0006F7
0006F4
0006F1
0006EE
0006EA
0006E7
0006E4
0006E1
0006DD
0006DA
0006D7
0006D3
0006D0
0006CD
0006C9
0006C6
0006C3
0006C0
0006BC
0006B9
0006B6
0006B2
0006AF
0006AB
0006A8
0006A5
0006A1
00069E
00069B
000697
000694
000691
00068D
00068A
000686
000683
000680
00067C
000679
000675
000672
00066F
00066B
000668
000664
000661
00065D
00065A
000656
000653
000650
00064C
000649
000645
000642
00063E
00063B
000637
000634
000630
00062D
000629
000626
000622
00061F
00061B
000618
000614
000611
00060D
00060A
000606
000603
0005FF
0005FC
0005F8
0005F5
0005F1
0005EE
0005EA
0005E6
0005E3
0005DF
0005DC
0005D8
0005D5
0005D1
0005CE
0005CA
0005C6
0005C3
0005BF
0005BC
0005B8
0005B4
0005B1
0005AD
0005AA
0005A6
0005A2
00059F
00059B
000598
000594
000590
00058D
000589
000586
000582
00057E
00057B
000577
000574
000570
00056C
000569
000565
000561
00055E
00055A
000557
000553
00054F
00054C
000548
000544
000541
00053D
000539
000536
000532
00052F
00052B
000527
000524
000520
00051C
000519
000515
000511
00050E
00050A
000507
000507
000507
000507
000507
000507
000507
000507
000507
000507
000507
000507
000507
000507
000507
000507
000507
000507
000507
000507
000507
000507
000507
000507
000507
000507
000507
000507
000507
000507
000507
000507
000507
000507
000507
000507
000507
000507
000507
000507
000507
000507
000507
000507
000507
000507
000507
000507
000507
000507
000507
000507
000507
000507
000507
000507
000507
000507
000507
000507
000507
000507
000507
000507
000507
000507
000507
000507
000507
000507
000507
000507
000507
000507
000507
000507
000507
000507
000507
000507
000507
000507
000507
000507
000507
000507
000507
000507
000507
000507
000507
000507
000507
000507
000507
000507
000507
000507
000507
000507
000507
000507
000507
000507
000507
000507
000507
000507
000507
000507
000507
000507
000507
000507
000507
000507
000507
000507
000507
000507
000507
000507
000507
000507
000507
000507
000507
000507
000507
000507
000507
000507
000507
000507
000507
000507
000507
000507
000507
000507
000507
000507
000507
000507
000507
000507
000507
000507
000507
000507
000507
000507
000507
000507
000507
000507
000507
000507
000507
000507
000507
000507
000507
000507
000507
000507
000507
000507
000507
000507
000507
000507
000507
000507
000507
000507
000507
000507
000507
000507
000507
000507
000507
000507
000507
000507
000507
000507
000507
000507
000507
000507
000507
000507
000507
000507
000507
000507
000507
000507
000507
000507
000507
000507
000507
000507
000507
000507
000507
000507
000507
000507
000507
000507
000507
000507
000507
000507
000507
000507
000507
000507
000507
000507
000507
000507
000507
000507
000507
000507
000507
000507
000507
000507
000507
000507
000507
000507
000507
000507
000507
000507
000507
000507
000507
000507
000507
000507
000507
000507
000507
000507
000507
000507
000507
000507
000507
00126B
00126B
00126B
00126B
00126B
00126B
00126B
00126B
00126B
00126B
00126B
00126B
00126B
00126B
00126B
00126B
00126B
00126B
00126B
00126B
00126B
00126B
00126B
00126B
00126B
00126B
00126B
00126B
00126B
00126B
00126B
00126B
00126B
00126B
00126B
00126B
00126B
00126B
00126B
00126B
00126B
00126B
00126B
00126B
00126B
00126B
00126B
00126B
00126B
00126B
00126B
00126B
00126B
00126B
00126B
00126B
00126B
00126B
00126B
00126B
00126B
00126B
00126B
00126B
00126B
00126B
00126B
00126B
00126B
00126B
00126B
00126B
00126B
00126B
00126B
00126B
00126B
00126B
00126B
00126B
00126B
00126B
00126B
00126B
00126B
00126B
00126B
00126B
00126B
00126B
00126B
00126B
00126B
00126B
00126B
00126B
00126B
00126B
00126B
00126B
00126B
00126B
00126B
00126B
00126B
00126B
00126B
00126B
00126B
00126B
00126B
00126B
00126B
00126B
00126B
00126B
00126B
00126B
00126B
00126B
00126B
00126B
00126B
00126B
00126B
00126A
00126A
00126A
00126A
00126A
00126A
00126A
00126A
00126A
00126A
00126A
00126A
00126A
00126A
00126A
00126A
00126A
00126A
00126A
00126A
00126A
00126A
00126A
00126A
00126A
00126A
00126A
00126A
00126A
00126A
00126A
00126A
00126A
00126A
00126A
00126A
00126A
00126A
00126A
00126A
00126A
00126A
00126A
00126A
00126A
00126A
00126A
00126A
00126A
00126A
00126A
00126A
00126A
00126A
00126A
00126A
00126A
00126A
00126A
00126A
00126A
00126A
00126A
00126A
00126A
00126A
00126A
00126A
00126A
00126A
00126A
00126A
00126A
00126A
00126A
00126A
00126A
00126A
00126A
00126A
00126A
00126A
00126A
00126A
00126A
00126A
00126A
00126A
00126A
00126A
00126A
00126A
00126A
00126A
00126A
00126A
00126A
00126A
00126A
00126A
00126A
00126A
00126A
00126A
00126A
00126A
00126A
00126A
00126A
00126A
00126A
00126A
00126A
00126A
00126A
00126A
00126A
00126A
00126A
00126A
00126A
00126A
00126A
00126A
00126A
00126A
00126A
00126A
00126A
00126A
00126A
00126A
00126A
00126A
00126A
00126A
00126A
00126A
00126A
00126A
00126A
00126A
00126A
00126A
00126A
00126A
00126A
00126A
00126A
00126A
00126A
00126A
00126A
00126A
00126A
00126A
00126A
00126A
00126A
00126A
00126A
00126A
00126A
00126A
00126A
00126A
00126A
00126A
00126A
00126A
00126A
00126A
00126A
00126A
00126A
00126A
00126A
00126A
00126A
00126A
00126A
00126A
00126A
00126A
00126A
00126A
00126A
00126A
00126A
00126A
00126A
00126A
00126A
00126A
00126A
00126A
00126A
00126A
00126A
00126A
00126A
00126A
00126A
00126A
00126A
00126A
00126A
00126A
00126A
00126A
00126A
00126A
00126A
00126A
00126A
00126A
00126A
00126A
00126A
00126A
00126A
00126A
00126A
00126A
00126A
00126A
00126A
00126A
00126A
00126A
00126A
00126A
00126A
00126A
00126A
00126A
00126A
00126A
00126A
00126A
00126A
00126A
00126A
00126A
00126A
00126A
00126A
00126A
00126A
00126A
00126A
00126A
00126A
00126A
00126A
00126A
00126A
00126A
00126A
00126A
00126A
00126A
00126A
00126A
00126A
00126A
00126A
00126A
00126A
00126A
00126A
00126A
00126A
00126A
00126A
00126A
00126A
00126A
00126A
00126A
00126A
00126A
00126A
00126A
00126A
00126A
001269
001269
001269
001269
001269
001269
001269
001269
001269
001269
001269
001269
001269
001269
001269
001269
001269
001269
001269
001269
001269
001269
001269
001269
001269
001269
001269
001269
001269
001269
001269
001269
001269
001269
001269
001269
001269
001269
001269
001269
001269
001269
001269
001269
001269
001269
001269
001269
001269
001269
001269
001269
001269
001269
001269
001269
001269
001269
001269
001269
001269
001269
001269
001269
001269
001269
001269
001269
001269
001269
001269
001269
001269
001269
001269
001269
001269
001269
001269
001269
001269
001269
001269
001269
001269
001269
001269
001269
001269
001269
001269
001269
001269
001269
001269
001269
001269
001269
001269
001269
001269
001269
001269
001269
001269
001269
001269
001269
001269
001269
001269
001269
001269
001269
001269
001269
001269
001269
001269
001269
001269
001269
001269
001269
001269
001269
001269
001269
001269
001269
001269
001269
001269
001269
001269
001269
001269
001269
001269
001269
001269
001269
001269
001269
001269
001269
001269
001269
001269
001269
001269
001269
001269
001269
001269
001269
001269
001269
001269
001269
001269
001269
001269
001269
001269
001269
001269
001269
001269
001269
001269
001269
001269
001269
001268
001268
001268
001268
001268
001268
001268
001268
001268
001268
001268
001268
001268
001268
001268
001268
001268
001268
001268
001268
001268
001268
001268
001268
001268
001268
001268
001268
001268
001268
001268
001268
001268
001268
001268
001268
001268
001268
001268
001268
001268
001268
001268
001268
001268
001268
001268
001268
001268
001268
001268
001268
001268
001268
001268
001268
001268
001268
001268
001268
001268
001268
001268
001268
001268
001268
001268
001268
001268
001268
001268
001268
001268
001268
001268
001268
001268
001268
001268
001268
001268
001268
001268
001268
001268
001268
001268
001268
001268
001268
001268
001268
001268
001268
001268
001268
001268
001268
001268
001268
001268
001268
001268
001268
001268
001268
001268
001268
001268
001268
001268
001268
001268
001268
001268
001268
001268
001268
001268
001268
001268
001268
001268
001268
001268
001267
001267
001267
001267
001267
001267
001267
001267
001267
001267
001267
001267
001267
001267
001267
001267
001267
001267
001267
001267
001267
001267
001267
001267
001267
001267
001267
001267
001267
001267
001267
001267
001267
001267
001267
001267
001267
001267
001267
001267
001267
001267
001267
001267
001267
001267
001267
001267
001267
001267
001267
001267
001267
001267
001267
001267
001267
001267
001267
001267
001267
001267
001267
001267
001267
001267
001267
001267
001267
001267
001267
001267
001267
001267
001267
001267
001267
001267
001267
001267
001267
001267
001267
001267
001267
001267
001267
001267
001267
001267
001267
001267
001267
001267
001267
001267
001267
001267
001267
001266
001266
001266
001266
001266
001266
001266
001266
001266
001266
001266
001266
001266
001266
001266
001266
001266
001266
001266
001266
001266
001266
001266
001266
001266
001266
001266
001266
001266
001266
001266
001266
001266
001266
001266
001266
001266
001266
001266
001266
001266
001266
001266
001266
001266
001266
001266
001266
001266
001266
001266
001266
001266
001266
001266
001266
001266
001266
001266
001266
001266
001266
001266
001266
001266
001266
001266
001266
001266
001266
001266
001266
001266
001266
001266
001266
001266
001266
001266
001266
001265
001265
001265
001265
001265
001265
001265
001265
001265
001265
001265
001265
001265
001265
001265
001265
001265
001265
001265
001265
001265
001265
001265
001265
001265
001265
001265
001265
001265
001265
001265
001265
001265
001265
001265
001265
001265
001265
001265
001265
001265
001265
001265
001265
001265
001265
001265
001265
001265
001265
001265
001265
001265
001265
001265
001265
001265
001265
001265
001265
001265
001265
001265
001265
001265
001265
001265
001265
001265
001264
001264
001264
001264
001264
001264
001264
001264
001264
001264
001264
001264
001264
001264
001264
001264
001264
001264
001264
001264
001264
001264
001264
001264
001264
001264
001264
001264
001264
001264
001264
001264
001264
001264
001264
001264
001264
001264
001264
001264
001264
001264
001264
001264
001264
001264
001264
001264
001264
001264
001264
001264
001264
001264
001264
001264
001264
001264
001264
001264
001263
001263
001263
001263
001263
001263
001263
001263
001263
001263
001263
001263
001263
001263
001263
001263
001263
001263
001263
001263
001263
001263
001263
001263
001263
001263
001263
001263
001263
001263
001263
001263
001263
001263
001263
001263
001263
001263
001263
001263
001263
001263
001263
001263
001263
001263
001263
001263
001263
001263
001263
001263
001262
001262
001262
001262
001262
001262
001262
001262
001262
001262
001262
001262
001262
001262
001262
001262
001262
001262
001262
001262
001262
001262
001262
001262
001262
001262
001262
001262
001262
001262
001262
001262
001262
001262
001262
001262
001262
001262
001262
001262
001262
001262
001262
001262
001262
001262
001262
001261
001261
001261
001261
001261
001261
001261
001261
001261
001261
001261
001261
001261
001261
001261
001261
001261
001261
001261
001261
001261
001261
001261
001261
001261
001261
001261
001261
001261
001261
001261
001261
001261
001261
001261
001261
001261
001261
001261
001261
001261
001261
001261
001260
001260
001260
001260
001260
001260
001260
001260
001260
001260
001260
001260
001260
001260
001260
001260
001260
001260
001260
001260
001260
001260
001260
001260
001260
001260
001260
001260
001260
001260
001260
001260
001260
001260
001260
001260
001260
001260
001260
00125F
00125F
00125F
00125F
00125F
00125F
00125F
00125F
00125F
00125F
00125F
00125F
00125F
00125F
00125F
00125F
00125F
00125F
00125F
00125F
00125F
00125F
00125F
00125F
00125F
00125F
00125F
00125F
00125F
00125F
00125F
00125F
00125F
00125F
00125F
00125F
00125E
00125E
00125E
00125E
00125E
00125E
00125E
00125E
00125E
00125E
00125E
00125E
00125E
00125E
00125E
00125E
00125E
00125E
00125E
00125E
00125E
00125E
00125E
00125E
00125E
00125E
00125E
00125E
00125E
00125E
00125E
00125E
00125E
00125E
00125D
00125D
00125D
00125D
00125D
00125D
00125D
00125D
00125D
00125D
00125D
00125D
00125D
00125D
00125D
00125D
00125D
00125D
00125D
00125D
00125D
00125D
00125D
00125D
00125D
00125D
00125D
00125D
00125D
00125D
00125D
00125C
00125C
00125C
00125C
00125C
00125C
00125C
00125C
00125C
00125C
00125C
00125C
00125C
00125C
00125C
00125C
00125C
00125C
00125C
00125C
00125C
00125C
00125C
00125C
00125C
00125C
00125C
00125C
00125C
00125B
00125B
00125B
00125B
00125B
00125B
00125B
00125B
00125B
00125B
00125B
00125B
00125B
00125B
00125B
00125B
00125B
00125B
00125B
00125B
00125B
00125B
00125B
00125B
00125B
00125B
00125B
00125A
00125A
00125A
00125A
00125A
00125A
00125A
00125A
00125A
00125A
00125A
00125A
00125A
00125A
00125A
00125A
00125A
00125A
00125A
00125A
00125A
00125A
00125A
00125A
00125A
00125A
001259
001259
001259
001259
001259
001259
001259
001259
001259
001259
001259
001259
001259
001259
001259
001259
001259
001259
001259
001259
001259
001259
001259
001259
001258
001258
001258
001258
001258
001258
001258
001258
001258
001258
001258
001258
001258
001258
001258
001258
001258
001258
001258
001258
001258
001258
001258
001257
001257
001257
001257
001257
001257
001257
001257
001257
001257
001257
001257
001257
001257
001257
001257
001257
001257
001257
001257
001257
001257
001257
001256
001256
001256
001256
001256
001256
001256
001256
001256
001256
001256
001256
001256
001256
001256
001256
001256
001256
001256
001256
001256
001255
001255
001255
001255
001255
001255
001255
001255
001255
001255
001255
001255
001255
001255
001255
001255
001255
001255
001255
001255
001254
001254
001254
001254
001254
001254
001254
001254
001254
001254
001254
001254
001254
001254
001254
001254
001254
001254
001254
001253
001253
001253
001253
001253
001253
001253
001253
001253
001253
001253
001253
001253
001253
001253
001253
001253
001253
001252
001252
001252
001252
001252
001252
001252
001252
001252
001252
001252
001252
001252
001252
001252
001252
001252
001252
001251
001251
001251
001251
001251
001251
001251
001251
001251
001251
001251
001251
001251
001251
001251
001251
001251
001250
001250
001250
001250
001250
001250
001250
001250
001250
001250
001250
001250
001250
001250
001250
001250
001250
00124F
00124F
00124F
00124F
00124F
00124F
00124F
00124F
00124F
00124F
00124F
00124F
00124F
00124F
00124F
00124F
00124E
00124E
00124E
00124E
00124E
00124E
00124E
00124E
00124E
00124E
00124E
00124E
00124E
00124E
00124E
00124D
00124D
00124D
00124D
00124D
00124D
00124D
00124D
00124D
00124D
00124D
00124D
00124D
00124D
00124D
00124C
00124C
00124C
00124C
00124C
00124C
00124C
00124C
00124C
00124C
00124C
00124C
00124C
00124C
00124B
00124B
00124B
00124B
00124B
00124B
00124B
00124B
00124B
00124B
00124B
00124B
00124B
00124B
00124A
00124A
00124A
00124A
00124A
00124A
00124A
00124A
00124A
00124A
00124A
00124A
00124A
00124A
001249
001249
001249
001249
001249
001249
001249
001249
001249
001249
001249
001249
001249
001248
001248
001248
001248
001248
001248
001248
001248
001248
001248
001248
001248
001248
001247
001247
001247
001247
001247
001247
001247
001247
001247
001247
001247
001247
001246
001246
001246
001246
001246
001246
001246
001246
001246
001246
001246
001246
001245
001245
001245
001245
001245
001245
001245
001245
001245
001245
001245
001245
001244
001244
001244
001244
001244
001244
001244
001244
001244
001244
001244
001243
001243
001243
001243
001243
001243
001243
001243
001243
001243
001243
001243
001242
001242
001242
001242
001242
001242
001242
001242
001242
001242
001242
001241
001241
001241
001241
001241
001241
001241
001241
001241
001241
001240
001240
001240
001240
001240
001240
001240
001240
001240
001240
001240
00123F
00123F
00123F
00123F
00123F
00123F
00123F
00123F
00123F
00123F
00123E
00123E
00123E
00123E
00123E
00123E
00123E
00123E
00123E
00123E
00123D
00123D
00123D
00123D
00123D
00123D
00123D
00123D
00123D
00123D
00123C
00123C
00123C
00123C
00123C
00123C
00123C
00123C
00123C
00123B
00123B
00123B
00123B
00123B
00123B
00123B
00123B
00123B
00123B
00123A
00123A
00123A
00123A
00123A
00123A
00123A
00123A
00123A
001239
001239
001239
001239
001239
001239
001239
001239
001239
001238
001238
001238
001238
001238
001238
001238
001238
001238
001237
001237
001237
001237
001237
001237
001237
001237
001236
001236
001236
001236
001236
001236
001236
001236
001236
001235
001235
001235
001235
001235
001235
001235
001235
001234
001234
001234
001234
001234
001234
001234
001234
001233
001233
001233
001233
001233
001233
001233
001233
001232
001232
001232
001232
001232
001232
001232
001232
001231
001231
001231
001231
001231
001231
001231
001231
001230
001230
001230
001230
001230
001230
001230
001230
00122F
00122F
00122F
00122F
00122F
00122F
00122F
00122E
00122E
00122E
00122E
00122E
00122E
00122E
00122E
00122D
00122D
00122D
00122D
00122D
00122D
00122D
00122C
00122C
00122C
00122C
00122C
00122C
00122C
00122B
00122B
00122B
00122B
00122B
00122B
00122B
00122A
00122A
00122A
00122A
00122A
00122A
00122A
001229
001229
001229
001229
001229
001229
001229
001228
001228
001228
001228
001228
001228
001228
001227
001227
001227
001227
001227
001227
001226
001226
001226
001226
001226
001226
001226
001225
001225
001225
001225
001225
001225
001224
001224
001224
001224
001224
001224
001224
001223
001223
001223
001223
001223
001223
001222
001222
001222
001222
001222
001222
001221
001221
001221
001221
001221
001221
001220
001220
001220
001220
001220
001220
00121F
00121F
00121F
00121F
00121F
00121F
00121E
00121E
00121E
00121E
00121E
00121E
00121D
00121D
00121D
00121D
00121D
00121D
00121C
00121C
00121C
00121C
00121C
00121C
00121B
00121B
00121B
00121B
00121B
00121A
00121A
00121A
00121A
00121A
00121A
001219
001219
001219
001219
001219
001219
001218
001218
001218
001218
001218
001217
001217
001217
001217
001217
001216
001216
001216
001216
001216
001216
001215
001215
001215
001215
001215
001214
001214
001214
001214
001214
001213
001213
001213
001213
001213
001212
001212
001212
001212
001212
001211
001211
001211
001211
001211
001210
001210
001210
001210
001210
00120F
00120F
00120F
00120F
00120F
00120E
00120E
00120E
00120E
00120E
00120D
00120D
00120D
00120D
00120D
00120C
00120C
00120C
00120C
00120C
00120B
00120B
00120B
00120B
00120B
00120A
00120A
00120A
00120A
001209
001209
001209
001209
001209
001208
001208
001208
001208
001208
001207
001207
001207
001207
001206
001206
001206
001206
001206
001205
001205
001205
001205
001204
001204
001204
001204
001203
001203
001203
001203
001203
001202
001202
001202
001202
001201
001201
001201
001201
001200
001200
001200
001200
001200
0011FF
0011FF
0011FF
0011FF
0011FE
0011FE
0011FE
0011FE
0011FD
0011FD
0011FD
0011FD
0011FC
0011FC
0011FC
0011FC
0011FB
0011FB
0011FB
0011FB
0011FA
0011FA
0011FA
0011FA
0011F9
0011F9
0011F9
0011F9
0011F8
0011F8
0011F8
0011F8
0011F7
0011F7
0011F7
0011F7
0011F6
0011F6
0011F6
0011F6
0011F5
0011F5
0011F5
0011F5
0011F4
0011F4
0011F4
0011F4
0011F3
0011F3
0011F3
0011F3
0011F2
0011F2
0011F2
0011F1
0011F1
0011F1
0011F1
0011F0
0011F0
0011F0
0011F0
0011EF
0011EF
0011EF
0011EE
0011EE
0011EE
0011EE
0011ED
0011ED
0011ED
0011ED
0011EC
0011EC
0011EC
0011EB
0011EB
0011EB
0011EB
0011EA
0011EA
0011EA
0011E9
0011E9
0011E9
0011E9
0011E8
0011E8
0011E8
0011E7
0011E7
0011E7
0011E7
0011E6
0011E6
0011E6
0011E5
0011E5
0011E5
0011E5
0011E4
0011E4
0011E4
0011E3
0011E3
0011E3
0011E2
0011E2
0011E2
0011E2
0011E1
0011E1
0011E1
0011E0
0011E0
0011E0
0011DF
0011DF
0011DF
0011DF
0011DE
0011DE
0011DE
0011DD
0011DD
0011DD
0011DC
0011DC
0011DC
0011DB
0011DB
0011DB
0011DA
0011DA
0011DA
0011DA
0011D9
0011D9
0011D9
0011D8
0011D8
0011D8
0011D7
0011D7
0011D7
0011D6
0011D6
0011D6
0011D5
0011D5
0011D5
0011D4
0011D4
0011D4
0011D3
0011D3
0011D3
0011D2
0011D2
0011D2
0011D1
0011D1
0011D1
0011D0
0011D0
0011D0
0011CF
0011CF
0011CF
0011CE
0011CE
0011CE
0011CD
0011CD
0011CD
0011CC
0011CC
0011CC
0011CB
0011CB
0011CA
0011CA
0011CA
0011C9
0011C9
0011C9
0011C8
0011C8
0011C8
0011C7
0011C7
0011C7
0011C6
0011C6
0011C5
0011C5
0011C5
0011C4
0011C4
0011C4
0011C3
0011C3
0011C3
0011C2
0011C2
0011C1
0011C1
0011C1
0011C0
0011C0
0011C0
0011BF
0011BF
0011BE
0011BE
0011BE
0011BD
0011BD
0011BD
0011BC
0011BC
0011BB
0011BB
0011BB
0011BA
0011BA
0011B9
0011B9
0011B9
0011B8
0011B8
0011B8
0011B7
0011B7
0011B6
0011B6
0011B6
0011B5
0011B5
0011B4
0011B4
0011B4
0011B3
0011B3
0011B2
0011B2
0011B2
0011B1
0011B1
0011B0
0011B0
0011B0
0011AF
0011AF
0011AE
0011AE
0011AD
0011AD
0011AD
0011AC
0011AC
0011AB
0011AB
0011AB
0011AA
0011AA
0011A9
0011A9
0011A8
0011A8
0011A8
0011A7
0011A7
0011A6
0011A6
0011A5
0011A5
0011A5
0011A4
0011A4
0011A3
0011A3
0011A2
0011A2
0011A2
0011A1
0011A1
0011A0
0011A0
00119F
00119F
00119E
00119E
00119E
00119D
00119D
00119C
00119C
00119B
00119B
00119A
00119A
001199
001199
001199
001198
001198
001197
001197
001196
001196
001195
001195
001194
001194
001193
001193
001192
001192
001192
001191
001191
001190
001190
00118F
00118F
00118E
00118E
00118D
00118D
00118C
00118C
00118B
00118B
00118A
00118A
001189
001189
001188
001188
001187
001187
001186
001186
001185
001185
001184
001184
001183
001183
001182
001182
001181
001181
001180
001180
00117F
00117F
00117E
00117E
00117D
00117D
00117C
00117C
00117B
00117B
00117A
00117A
001179
001179
001178
001177
001177
001176
001176
001175
001175
001174
001174
001173
001173
001172
001172
001171
001170
001170
00116F
00116F
00116E
00116E
00116D
00116D
00116C
00116C
00116B
00116A
00116A
001169
001169
001168
001168
001167
001167
001166
001165
001165
001164
001164
001163
001163
001162
001161
001161
001160
001160
00115F
00115E
00115E
00115D
00115D
00115C
00115C
00115B
00115A
00115A
001159
001159
001158
001157
001157
001156
001156
001155
001154
001154
001153
001153
001152
001151
001151
001150
00114F
00114F
00114E
00114E
00114D
00114C
00114C
00114B
00114B
00114A
001149
001149
001148
001147
001147
001146
001145
001145
001144
001144
001143
001142
001142
001141
001140
001140
00113F
00113E
00113E
00113D
00113C
00113C
00113B
00113A
00113A
001139
001138
001138
001137
001136
001136
001135
001134
001134
001133
001132
001132
001131
001130
001130
00112F
00112E
00112E
00112D
00112C
00112C
00112B
00112A
00112A
001129
001128
001127
001127
001126
001125
001125
001124
001123
001123
001122
001121
001120
001120
00111F
00111E
00111E
00111D
00111C
00111B
00111B
00111A
001119
001118
001118
001117
001116
001115
001115
001114
001113
001113
001112
001111
001110
001110
00110F
00110E
00110D
00110D
00110C
00110B
00110A
001109
001109
001108
001107
001106
001106
001105
001104
001103
001103
001102
001101
001100
0010FF
0010FF
0010FE
0010FD
0010FC
0010FB
0010FB
0010FA
0010F9
0010F8
0010F7
0010F7
0010F6
0010F5
0010F4
0010F3
0010F3
0010F2
0010F1
0010F0
0010EF
0010EF
0010EE
0010ED
0010EC
0010EB
0010EA
0010EA
0010E9
0010E8
0010E7
0010E6
0010E5
0010E5
0010E4
0010E3
0010E2
0010E1
0010E0
0010E0
0010DF
0010DE
0010DD
0010DC
0010DB
0010DA
0010DA
0010D9
0010D8
0010D7
0010D6
0010D5
0010D4
0010D3
0010D3
0010D2
0010D1
0010D0
0010CF
0010CE
0010CD
0010CC
0010CB
0010CB
0010CA
0010C9
0010C8
0010C7
0010C6
0010C5
0010C4
0010C3
0010C2
0010C1
0010C1
0010C0
0010BF
0010BE
0010BD
0010BC
0010BB
0010BA
0010B9
0010B8
0010B7
0010B6
0010B5
0010B5
0010B4
0010B3
0010B2
0010B1
0010B0
0010AF
0010AE
0010AD
0010AC
0010AB
0010AA
0010A9
0010A8
0010A7
0010A6
0010A5
0010A4
0010A3
0010A2
0010A1
0010A0
00109F
00109E
00109D
00109C
00109B
00109A
001099
001098
001097
001096
001095
001094
001093
001092
001091
001090
00108F
00108E
00108D
00108C
00108B
00108A
001089
001088
001087
001086
001085
001084
001083
001082
001081
001080
00107F
00107E
00107D
00107B
00107A
001079
001078
001077
001076
001075
001074
001073
001072
001071
001070
00106F
00106D
00106C
00106B
00106A
001069
001068
001067
001066
001065
001064
001062
001061
001060
00105F
00105E
00105D
00105C
00105B
00105A
001058
001057
001056
001055
001054
001053
001052
001050
00104F
00104E
00104D
00104C
00104B
001049
001048
001047
001046
001045
001044
001042
001041
001040
00103F
00103E
00103C
00103B
00103A
001039
001038
001036
001035
001034
001033
001032
001030
00102F
00102E
00102D
00102C
00102A
001029
001028
001027
001025
001024
001023
001022
001020
00101F
00101E
00101D
00101B
00101A
001019
001018
001016
001015
001014
001012
001011
001010
00100F
00100D
00100C
00100B
001009
001008
001007
001006
001004
001003
001002
001000
000FFF
000FFE
000FFC
000FFB
000FFA
000FF8
000FF7
000FF6
000FF4
000FF3
000FF2
000FF0
000FEF
000FEE
000FEC
000FEB
000FEA
000FE8
000FE7
000FE5
000FE4
000FE3
000FE1
000FE0
000FDF
000FDD
000FDC
000FDA
000FD9
000FD8
000FD6
000FD5
000FD3
000FD2
000FD1
000FCF
000FCE
000FCC
000FCB
000FC9
000FC8
000FC7
000FC5
000FC4
000FC2
000FC1
000FBF
000FBE
000FBC
000FBB
000FBA
000FB8
000FB7
000FB5
000FB4
000FB2
000FB1
000FAF
000FAE
000FAC
000FAB
000FA9
000FA8
000FA6
000FA5
000FA3
000FA2
000FA0
000F9F
000F9D
000F9C
000F9A
000F99
000F97
000F96
000F94
000F93
000F91
000F8F
000F8E
000F8C
000F8B
000F89
000F88
000F86
000F85
000F83
000F81
000F80
000F7E
000F7D
000F7B
000F7A
000F78
000F76
000F75
000F73
000F72
000F70
000F6E
000F6D
000F6B
000F69
000F68
000F66
000F65
000F63
000F61
000F60
000F5E
000F5C
000F5B
000F59
000F57
000F56
000F54
000F52
000F51
000F4F
000F4D
000F4C
000F4A
000F48
000F47
000F45
000F43
000F41
000F40
000F3E
000F3C
000F3B
000F39
000F37
000F35
000F34
000F32
000F30
000F2F
000F2D
000F2B
000F29
000F28
000F26
000F24
000F22
000F20
000F1F
000F1D
000F1B
000F19
000F18
000F16
000F14
000F12
000F10
000F0F
000F0D
000F0B
000F09
000F07
000F06
000F04
000F02
000F00
000EFE
000EFC
000EFA
000EF9
000EF7
000EF5
000EF3
000EF1
000EEF
000EED
000EEC
000EEA
000EE8
000EE6
000EE4
000EE2
000EE0
000EDE
000EDC
000EDB
000ED9
000ED7
000ED5
000ED3
000ED1
000ECF
000ECD
000ECB
000EC9
000EC7
000EC5
000EC3
000EC1
000EBF
000EBD
000EBB
000EB9
000EB7
000EB6
000EB4
000EB2
000EB0
000EAE
000EAC
000EAA
000EA8
000EA5
000EA3
000EA1
000E9F
000E9D
000E9B
000E99
000E97
000E95
000E93
000E91
000E8F
000E8D
000E8B
000E89
000E87
000E85
000E83
000E81
000E7E
000E7C
000E7A
000E78
000E76
000E74
000E72
000E70
000E6E
000E6B
000E69
000E67
000E65
000E63
000E61
000E5F
000E5C
000E5A
000E58
000E56
000E54
000E51
000E4F
000E4D
000E4B
000E49
000E47
000E44
000E42
000E40
000E3E
000E3B
000E39
000E37
000E35
000E32
000E30
000E2E
000E2C
000E29
000E27
000E25
000E23
000E20
000E1E
000E1C
000E1A
000E17
000E15
000E13
000E10
000E0E
000E0C
000E09
000E07
000E05
000E02
000E00
000DFE
000DFB
000DF9
000DF7
000DF4
000DF2
000DEF
000DED
000DEB
000DE8
000DE6
000DE4
000DE1
000DDF
000DDC
000DDA
000DD7
000DD5
000DD3
000DD0
000DCE
000DCB
000DC9
000DC6
000DC4
000DC1
000DBF
000DBD
000DBA
000DB8
000DB5
000DB3
000DB0
000DAE
000DAB
000DA9
000DA6
000DA3
000DA1
000D9E
000D9C
000D99
000D97
000D94
000D92
000D8F
000D8D
000D8A
000D87
000D85
000D82
000D80
000D7D
000D7A
000D78
000D75
000D73
000D70
000D6D
000D6B
000D68
000D65
000D63
000D60
000D5D
000D5B
000D58
000D55
000D53
000D50
000D4D
000D4B
000D48
000D45
000D43
000D40
000D3D
000D3A
000D38
000D35
000D32
000D2F
000D2D
000D2A
000D27
000D24
000D22
000D1F
000D1C
000D19
000D17
000D14
000D11
000D0E
000D0B
000D08
000D06
000D03
000D00
000CFD
000CFA
000CF7
000CF5
000CF2
000CEF
000CEC
000CE9
000CE6
000CE3
000CE0
000CDD
000CDB
000CD8
000CD5
000CD2
000CCF
000CCC
000CC9
000CC6
000CC3
000CC0
000CBD
000CBA
000CB7
000CB4
000CB1
000CAE
000CAB
000CA8
000CA5
000CA2
000C9F
000C9C
000C99
000C96
000C93
000C90
000C8D
000C8A
000C87
000C84
000C81
000C7E
000C7A
000C77
000C74
000C71
000C6E
000C6B
000C68
000C65
000C62
000C5E
000C5B
000C58
000C55
000C52
000C4F
000C4B
000C48
000C45
000C42
000C3F
000C3B
000C38
000C35
000C32
000C2F
000C2B
000C28
000C25
000C22
000C1E
000C1B
000C18
000C14
000C11
000C0E
000C0B
000C07
000C04
000C01
000BFD
000BFA
000BF7
000BF3
000BF0
000BED
000BE9
000BE6
000BE2
000BDF
000BDC
000BD8
000BD5
000BD1
000BCE
000BCB
000BC7
000BC4
000BC0
000BBD
000BB9
000BB6
000BB3
000BAF
000BAC
000BA8
000BA5
000BA1
000B9E
000B9A
000B97
000B93
000B90
000B8C
000B88
000B85
000B81
000B7E
000B7A
000B77
000B73
000B70
000B6C
000B68
000B65
000B61
000B5E
000B5A
000B56
000B53
000B4F
000B4B
000B48
000B44
000B40
000B3D
000B39
000B35
000B32
000B2E
000B2A
000B26
000B23
000B1F
000B1B
000B18
000B14
000B10
000B0C
000B08
000B05
000B01
000AFD
000AF9
000AF6
000AF2
000AEE
000AEA
000AE6
000AE2
000ADF
000ADB
000AD7
000AD3
000ACF
000ACB
000AC7
000AC3
000AC0
000ABC
000AB8
000AB4
000AB0
000AAC
000AA8
000AA4
000AA0
000A9C
000A98
000A94
000A90
000A8C
000A88
000A84
000A80
000A7C
000A78
000A74
000A70
000A6C
000A68
000A64
000A60
000A5C
000A58
000A54
000A50
000A4C
000A48
000A43
000A3F
000A3B
000A37
000A33
000A2F
000A2B
000A26
000A22
000A1E
000A1A
000A16
000A12
000A0D
000A09
000A05
000A01
0009FD
0009F8
0009F4
0009F0
0009EC
0009E7
0009E3
0009DF
0009DA
0009D6
0009D2
0009CE
0009C9
0009C5
0009C1
0009BC
0009B8
0009B4
0009AF
0009AB
0009A7
0009A2
00099E
000999
000995
000991
00098C
000988
000983
00097F
00097B
000976
000972
00096D
000969
000964
000960
00095B
000957
000952
00094E
000949
000945
000940
00093C
000937
000933
00092E
00092A
000925
000921
00091C
000917
000913
00090E
00090A
000905
000900
0008FC
0008F7
0008F3
0008EE
0008E9
0008E5
0008E0
0008DB
0008D7
0008D2
0008CD
0008C9
0008C4
0008BF
0008BA
0008B6
0008B1
0008AC
0008A8
0008A3
00089E
000899
000895
000890
00088B
000886
000881
00087D
000878
000873
00086E
00086A
000865
000860
00085B
000856
000851
00084D
000848
000843
00083E
000839
000834
00082F
00082A
000826
000821
00081C
000817
000812
00080D
000808
000803
0007FE
0007F9
0007F4
0007EF
0007EA
0007E6
0007E1
0007DC
0007D7
0007D2
0007CD
0007C8
0007C3
0007BE
0007B9
0007B4
0007AF
0007AA
0007A5
0007A0
00079B
000796
000791
00078C
000786
000781
00077C
000777
000772
00076D
000768
000763
00075E
000759
000754
00074F
00074A
000745
00073F
00073A
000735
000730
00072B
000726
000721
00071C
000717
000712
00070C
000707
000702
0006FD
0006F8
0006F3
0006EE
0006E8
0006E3
0006DE
0006D9
0006D4
0006CF
0006CA
0006C4
0006BF
0006BA
0006B5
0006B0
0006AB
0006A6
0006A0
00069B
000696
000691
00068C
000687
000681
00067C
000677
000672
00066D
000668
000662
00065D
000658
000653
00064E
000649
000643
00063E
000639
000634
00062F
00062A
000624
00061F
00061A
000615
000610
00060B
000606
000600
0005FB
0005F6
0005F1
0005EC
0005E7
0005E2
0005DC
0005D7
0005D2
0005CD
0005C8
0005C3
0005BE
0005B9
0005B4
0005AF
0005A9
0005A4
00059F
00059A
00059A
00059A
00059A
00059A
00059A
00059A
00059A
00059A
00059A
00059A
00059A
00059A
00059A
00059A
00059A
00059A
00059A
00059A
00059A
00059A
00059A
00059A
00059A
00059A
00059A
00059A
00059A
00059A
00059A
00059A
00059A
00059A
00059A
00059A
00059A
00059A
00059A
00059A
00059A
00059A
00059A
00059A
00059A
00059A
00059A
00059A
00059A
00059A
00059A
00059A
00059A
00059A
00059A
00059A
00059A
00059A
00059A
00059A
00059A
00059A
00059A
00059A
00059A
00059A
00059A
00059A
00059A
00059A
00059A
00059A
00059A
00059A
00059A
00059A
00059A
00059A
00059A
00059A
00059A
00059A
00059A
00059A
00059A
00059A
00059A
00059A
00059A
00059A
00059A
00059A
00059A
00059A
00059A
00059A
00059A
00059A
00059A
00059A
00059A
00059A
00059A
00059A
00059A
00059A
00059A
00059A
00059A
00059A
00059A
00059A
00059A
00059A
00059A
00059A
00059A
00059A
00059A
00059A
00059A
00059A
00059A
00059A
00059A
00059A
00059A
00059A
00059A
00059A
00059A
00059A
00059A
00059A
00059A
00059A
00059A
00059A
00059A
00059A
00059A
00059A
00059A
00059A
00059A
00059A
00059A
00059A
00059A
00059A
00059A
00059A
00059A
00059A
00059A
00059A
00059A
00059A
00059A
00059A
00059A
00059A
00059A
00059A
00059A
00059A
00059A
00059A
00059A
00059A
00059A
00059A
00059A
00059A
00059A
00059A
00059A
00059A
00059A
00059A
00059A
00059A
00059A
00059A
00059A
00059A
00059A
00059A
00059A
00059A
00059A
00059A
00059A
00059A
00059A
00059A
00059A
00059A
00059A
00059A
00059A
00059A
00059A
00059A
00059A
00059A
00059A
00059A
00059A
00059A
00059A
00059A
00059A
00059A
00059A
00059A
00059A
00059A
00059A
00059A
00059A
00059A
00059A
00059A
00059A
00059A
00059A
00059A
00059A
00059A
00059A
00059A
00059A
00059A
00059A
00059A
00059A
00059A
00059A
00059A
00059A
00059A
00059A
00059A
00059A
00059A
00059A
00059A
00059A
00059A
00059A
00059A
00059A
00059A
00059A
00059A
00059A
00059A
001705
001705
001705
001705
001705
001705
001705
001705
001705
001705
001705
001705
001705
001705
001705
001705
001705
001705
001705
001705
001705
001705
001705
001705
001705
001705
001705
001705
001705
001705
001705
001705
001705
001705
001705
001705
001705
001705
001705
001705
001705
001705
001705
001705
001705
001705
001705
001705
001705
001705
001705
001705
001705
001705
001705
001705
001705
001705
001705
001705
001705
001705
001705
001705
001705
001705
001705
001705
001705
001705
001705
001705
001705
001705
001705
001705
001705
001705
001705
001705
001705
001705
001705
001705
001705
001705
001705
001705
001705
001705
001705
001705
001705
001705
001705
001705
001705
001705
001705
001705
001705
001705
001705
001705
001705
001705
001705
001705
001705
001705
001705
001705
001705
001705
001705
001705
001705
001705
001705
001705
001705
001705
001705
001705
001705
001705
001705
001705
001705
001705
001705
001705
001705
001705
001705
001705
001705
001705
001705
001705
001705
001705
001705
001705
001705
001705
001705
001705
001705
001705
001705
001705
001705
001705
001705
001705
001705
001705
001705
001705
001705
001705
001705
001705
001705
001705
001705
001705
001705
001705
001705
001705
001705
001705
001705
001705
001705
001705
001705
001705
001705
001705
001705
001705
001705
001705
001705
001705
001705
001705
001705
001705
001705
001705
001705
001705
001705
001705
001705
001705
001705
001705
001705
001705
001705
001705
001705
001705
001705
001705
001705
001705
001705
001705
001705
001705
001705
001705
001705
001705
001705
001705
001705
001705
001705
001705
001705
001705
001705
001705
001705
001705
001705
001705
001705
001705
001705
001705
001705
001705
001705
001705
001705
001705
001705
001705
001705
001705
001705
001705
001705
001705
001705
001705
001705
001705
001705
001705
001705
001705
001705
001705
001705
001705
001705
001705
001705
001705
001705
001705
001705
001705
001705
001705
001705
001705
001705
001705
001705
001705
001705
001705
001705
001705
001704
001704
001704
001704
001704
001704
001704
001704
001704
001704
001704
001704
001704
001704
001704
001704
001704
001704
001704
001704
001704
001704
001704
001704
001704
001704
001704
001704
001704
001704
001704
001704
001704
001704
001704
001704
001704
001704
001704
001704
001704
001704
001704
001704
001704
001704
001704
001704
001704
001704
001704
001704
001704
001704
001704
001704
001704
001704
001704
001704
001704
001704
001704
001704
001704
001704
001704
001704
001704
001704
001704
001704
001704
001704
001704
001704
001704
001704
001704
001704
001704
001704
001704
001704
001704
001704
001704
001704
001704
001704
001704
001704
001704
001704
001704
001704
001704
001704
001704
001704
001704
001704
001704
001704
001704
001704
001704
001704
001704
001704
001704
001704
001704
001704
001704
001704
001704
001704
001704
001704
001704
001704
001704
001704
001704
001704
001704
001704
001704
001704
001704
001704
001704
001704
001704
001704
001704
001704
001704
001704
001704
001704
001704
001704
001704
001704
001704
001704
001704
001704
001704
001704
001704
001704
001704
001704
001704
001704
001704
001704
001704
001704
001704
001704
001704
001704
001704
001704
001704
001704
001704
001704
001704
001704
001704
001704
001703
001703
001703
001703
001703
001703
001703
001703
001703
001703
001703
001703
001703
001703
001703
001703
001703
001703
001703
001703
001703
001703
001703
001703
001703
001703
001703
001703
001703
001703
001703
001703
001703
001703
001703
001703
001703
001703
001703
001703
001703
001703
001703
001703
001703
001703
001703
001703
001703
001703
001703
001703
001703
001703
001703
001703
001703
001703
001703
001703
001703
001703
001703
001703
001703
001703
001703
001703
001703
001703
001703
001703
001703
001703
001703
001703
001703
001703
001703
001703
001703
001703
001703
001703
001703
001703
001703
001703
001703
001703
001703
001703
001703
001703
001703
001703
001703
001703
001703
001703
001703
001703
001703
001703
001703
001703
001703
001703
001703
001703
001703
001703
001703
001703
001703
001703
001703
001703
001703
001703
001703
001703
001703
001703
001703
001703
001702
001702
001702
001702
001702
001702
001702
001702
001702
001702
001702
001702
001702
001702
001702
001702
001702
001702
001702
001702
001702
001702
001702
001702
001702
001702
001702
001702
001702
001702
001702
001702
001702
001702
001702
001702
001702
001702
001702
001702
001702
001702
001702
001702
001702
001702
001702
001702
001702
001702
001702
001702
001702
001702
001702
001702
001702
001702
001702
001702
001702
001702
001702
001702
001702
001702
001702
001702
001702
001702
001702
001702
001702
001702
001702
001702
001702
001702
001702
001702
001702
001702
001702
001702
001702
001702
001702
001702
001702
001702
001702
001702
001702
001702
001702
001702
001702
001702
001702
001701
001701
001701
001701
001701
001701
001701
001701
001701
001701
001701
001701
001701
001701
001701
001701
001701
001701
001701
001701
001701
001701
001701
001701
001701
001701
001701
001701
001701
001701
001701
001701
001701
001701
001701
001701
001701
001701
001701
001701
001701
001701
001701
001701
001701
001701
001701
001701
001701
001701
001701
001701
001701
001701
001701
001701
001701
001701
001701
001701
001701
001701
001701
001701
001701
001701
001701
001701
001701
001701
001701
001701
001701
001701
001701
001701
001701
001701
001701
001701
001701
001700
001700
001700
001700
001700
001700
001700
001700
001700
001700
001700
001700
001700
001700
001700
001700
001700
001700
001700
001700
001700
001700
001700
001700
001700
001700
001700
001700
001700
001700
001700
001700
001700
001700
001700
001700
001700
001700
001700
001700
001700
001700
001700
001700
001700
001700
001700
001700
001700
001700
001700
001700
001700
001700
001700
001700
001700
001700
001700
001700
001700
001700
001700
001700
001700
001700
001700
001700
001700
0016FF
0016FF
0016FF
0016FF
0016FF
0016FF
0016FF
0016FF
0016FF
0016FF
0016FF
0016FF
0016FF
0016FF
0016FF
0016FF
0016FF
0016FF
0016FF
0016FF
0016FF
0016FF
0016FF
0016FF
0016FF
0016FF
0016FF
0016FF
0016FF
0016FF
0016FF
0016FF
0016FF
0016FF
0016FF
0016FF
0016FF
0016FF
0016FF
0016FF
0016FF
0016FF
0016FF
0016FF
0016FF
0016FF
0016FF
0016FF
0016FF
0016FF
0016FF
0016FF
0016FF
0016FF
0016FF
0016FF
0016FF
0016FF
0016FF
0016FF
0016FE
0016FE
0016FE
0016FE
0016FE
0016FE
0016FE
0016FE
0016FE
0016FE
0016FE
0016FE
0016FE
0016FE
0016FE
0016FE
0016FE
0016FE
0016FE
0016FE
0016FE
0016FE
0016FE
0016FE
0016FE
0016FE
0016FE
0016FE
0016FE
0016FE
0016FE
0016FE
0016FE
0016FE
0016FE
0016FE
0016FE
0016FE
0016FE
0016FE
0016FE
0016FE
0016FE
0016FE
0016FE
0016FE
0016FE
0016FE
0016FE
0016FE
0016FE
0016FE
0016FE
0016FD
0016FD
0016FD
0016FD
0016FD
0016FD
0016FD
0016FD
0016FD
0016FD
0016FD
0016FD
0016FD
0016FD
0016FD
0016FD
0016FD
0016FD
0016FD
0016FD
0016FD
0016FD
0016FD
0016FD
0016FD
0016FD
0016FD
0016FD
0016FD
0016FD
0016FD
0016FD
0016FD
0016FD
0016FD
0016FD
0016FD
0016FD
0016FD
0016FD
0016FD
0016FD
0016FD
0016FD
0016FD
0016FD
0016FD
0016FC
0016FC
0016FC
0016FC
0016FC
0016FC
0016FC
0016FC
0016FC
0016FC
0016FC
0016FC
0016FC
0016FC
0016FC
0016FC
0016FC
0016FC
0016FC
0016FC
0016FC
0016FC
0016FC
0016FC
0016FC
0016FC
0016FC
0016FC
0016FC
0016FC
0016FC
0016FC
0016FC
0016FC
0016FC
0016FC
0016FC
0016FC
0016FC
0016FC
0016FC
0016FC
0016FC
0016FB
0016FB
0016FB
0016FB
0016FB
0016FB
0016FB
0016FB
0016FB
0016FB
0016FB
0016FB
0016FB
0016FB
0016FB
0016FB
0016FB
0016FB
0016FB
0016FB
0016FB
0016FB
0016FB
0016FB
0016FB
0016FB
0016FB
0016FB
0016FB
0016FB
0016FB
0016FB
0016FB
0016FB
0016FB
0016FB
0016FB
0016FB
0016FB
0016FA
0016FA
0016FA
0016FA
0016FA
0016FA
0016FA
0016FA
0016FA
0016FA
0016FA
0016FA
0016FA
0016FA
0016FA
0016FA
0016FA
0016FA
0016FA
0016FA
0016FA
0016FA
0016FA
0016FA
0016FA
0016FA
0016FA
0016FA
0016FA
0016FA
0016FA
0016FA
0016FA
0016FA
0016FA
0016FA
0016F9
0016F9
0016F9
0016F9
0016F9
0016F9
0016F9
0016F9
0016F9
0016F9
0016F9
0016F9
0016F9
0016F9
0016F9
0016F9
0016F9
0016F9
0016F9
0016F9
0016F9
0016F9
0016F9
0016F9
0016F9
0016F9
0016F9
0016F9
0016F9
0016F9
0016F9
0016F9
0016F9
0016F9
0016F8
0016F8
0016F8
0016F8
0016F8
0016F8
0016F8
0016F8
0016F8
0016F8
0016F8
0016F8
0016F8
0016F8
0016F8
0016F8
0016F8
0016F8
0016F8
0016F8
0016F8
0016F8
0016F8
0016F8
0016F8
0016F8
0016F8
0016F8
0016F8
0016F8
0016F8
0016F7
0016F7
0016F7
0016F7
0016F7
0016F7
0016F7
0016F7
0016F7
0016F7
0016F7
0016F7
0016F7
0016F7
0016F7
0016F7
0016F7
0016F7
0016F7
0016F7
0016F7
0016F7
0016F7
0016F7
0016F7
0016F7
0016F7
0016F7
0016F7
0016F6
0016F6
0016F6
0016F6
0016F6
0016F6
0016F6
0016F6
0016F6
0016F6
0016F6
0016F6
0016F6
0016F6
0016F6
0016F6
0016F6
0016F6
0016F6
0016F6
0016F6
0016F6
0016F6
0016F6
0016F6
0016F6
0016F6
0016F5
0016F5
0016F5
0016F5
0016F5
0016F5
0016F5
0016F5
0016F5
0016F5
0016F5
0016F5
0016F5
0016F5
0016F5
0016F5
0016F5
0016F5
0016F5
0016F5
0016F5
0016F5
0016F5
0016F5
0016F5
0016F5
0016F4
0016F4
0016F4
0016F4
0016F4
0016F4
0016F4
0016F4
0016F4
0016F4
0016F4
0016F4
0016F4
0016F4
0016F4
0016F4
0016F4
0016F4
0016F4
0016F4
0016F4
0016F4
0016F4
0016F4
0016F4
0016F3
0016F3
0016F3
0016F3
0016F3
0016F3
0016F3
0016F3
0016F3
0016F3
0016F3
0016F3
0016F3
0016F3
0016F3
0016F3
0016F3
0016F3
0016F3
0016F3
0016F3
0016F3
0016F3
0016F2
0016F2
0016F2
0016F2
0016F2
0016F2
0016F2
0016F2
0016F2
0016F2
0016F2
0016F2
0016F2
0016F2
0016F2
0016F2
0016F2
0016F2
0016F2
0016F2
0016F2
0016F2
0016F1
0016F1
0016F1
0016F1
0016F1
0016F1
0016F1
0016F1
0016F1
0016F1
0016F1
0016F1
0016F1
0016F1
0016F1
0016F1
0016F1
0016F1
0016F1
0016F1
0016F1
0016F0
0016F0
0016F0
0016F0
0016F0
0016F0
0016F0
0016F0
0016F0
0016F0
0016F0
0016F0
0016F0
0016F0
0016F0
0016F0
0016F0
0016F0
0016F0
0016F0
0016EF
0016EF
0016EF
0016EF
0016EF
0016EF
0016EF
0016EF
0016EF
0016EF
0016EF
0016EF
0016EF
0016EF
0016EF
0016EF
0016EF
0016EF
0016EF
0016EE
0016EE
0016EE
0016EE
0016EE
0016EE
0016EE
0016EE
0016EE
0016EE
0016EE
0016EE
0016EE
0016EE
0016EE
0016EE
0016EE
0016EE
0016EE
0016ED
0016ED
0016ED
0016ED
0016ED
0016ED
0016ED
0016ED
0016ED
0016ED
0016ED
0016ED
0016ED
0016ED
0016ED
0016ED
0016ED
0016ED
0016EC
0016EC
0016EC
0016EC
0016EC
0016EC
0016EC
0016EC
0016EC
0016EC
0016EC
0016EC
0016EC
0016EC
0016EC
0016EC
0016EC
0016EB
0016EB
0016EB
0016EB
0016EB
0016EB
0016EB
0016EB
0016EB
0016EB
0016EB
0016EB
0016EB
0016EB
0016EB
0016EB
0016EA
0016EA
0016EA
0016EA
0016EA
0016EA
0016EA
0016EA
0016EA
0016EA
0016EA
0016EA
0016EA
0016EA
0016EA
0016EA
0016E9
0016E9
0016E9
0016E9
0016E9
0016E9
0016E9
0016E9
0016E9
0016E9
0016E9
0016E9
0016E9
0016E9
0016E9
0016E9
0016E8
0016E8
0016E8
0016E8
0016E8
0016E8
0016E8
0016E8
0016E8
0016E8
0016E8
0016E8
0016E8
0016E8
0016E7
0016E7
0016E7
0016E7
0016E7
0016E7
0016E7
0016E7
0016E7
0016E7
0016E7
0016E7
0016E7
0016E7
0016E7
0016E6
0016E6
0016E6
0016E6
0016E6
0016E6
0016E6
0016E6
0016E6
0016E6
0016E6
0016E6
0016E6
0016E6
0016E5
0016E5
0016E5
0016E5
0016E5
0016E5
0016E5
0016E5
0016E5
0016E5
0016E5
0016E5
0016E5
0016E4
0016E4
0016E4
0016E4
0016E4
0016E4
0016E4
0016E4
0016E4
0016E4
0016E4
0016E4
0016E4
0016E3
0016E3
0016E3
0016E3
0016E3
0016E3
0016E3
0016E3
0016E3
0016E3
0016E3
0016E3
0016E3
0016E2
0016E2
0016E2
0016E2
0016E2
0016E2
0016E2
0016E2
0016E2
0016E2
0016E2
0016E2
0016E2
0016E1
0016E1
0016E1
0016E1
0016E1
0016E1
0016E1
0016E1
0016E1
0016E1
0016E1
0016E1
0016E0
0016E0
0016E0
0016E0
0016E0
0016E0
0016E0
0016E0
0016E0
0016E0
0016E0
0016E0
0016DF
0016DF
0016DF
0016DF
0016DF
0016DF
0016DF
0016DF
0016DF
0016DF
0016DF
0016DE
0016DE
0016DE
0016DE
0016DE
0016DE
0016DE
0016DE
0016DE
0016DE
0016DE
0016DD
0016DD
0016DD
0016DD
0016DD
0016DD
0016DD
0016DD
0016DD
0016DD
0016DD
0016DC
0016DC
0016DC
0016DC
0016DC
0016DC
0016DC
0016DC
0016DC
0016DC
0016DC
0016DB
0016DB
0016DB
0016DB
0016DB
0016DB
0016DB
0016DB
0016DB
0016DB
0016DA
0016DA
0016DA
0016DA
0016DA
0016DA
0016DA
0016DA
0016DA
0016DA
0016DA
0016D9
0016D9
0016D9
0016D9
0016D9
0016D9
0016D9
0016D9
0016D9
0016D9
0016D8
0016D8
0016D8
0016D8
0016D8
0016D8
0016D8
0016D8
0016D8
0016D7
0016D7
0016D7
0016D7
0016D7
0016D7
0016D7
0016D7
0016D7
0016D7
0016D6
0016D6
0016D6
0016D6
0016D6
0016D6
0016D6
0016D6
0016D6
0016D5
0016D5
0016D5
0016D5
0016D5
0016D5
0016D5
0016D5
0016D5
0016D4
0016D4
0016D4
0016D4
0016D4
0016D4
0016D4
0016D4
0016D4
0016D3
0016D3
0016D3
0016D3
0016D3
0016D3
0016D3
0016D3
0016D3
0016D2
0016D2
0016D2
0016D2
0016D2
0016D2
0016D2
0016D2
0016D2
0016D1
0016D1
0016D1
0016D1
0016D1
0016D1
0016D1
0016D1
0016D0
0016D0
0016D0
0016D0
0016D0
0016D0
0016D0
0016D0
0016D0
0016CF
0016CF
0016CF
0016CF
0016CF
0016CF
0016CF
0016CF
0016CE
0016CE
0016CE
0016CE
0016CE
0016CE
0016CE
0016CE
0016CD
0016CD
0016CD
0016CD
0016CD
0016CD
0016CD
0016CD
0016CC
0016CC
0016CC
0016CC
0016CC
0016CC
0016CC
0016CC
0016CB
0016CB
0016CB
0016CB
0016CB
0016CB
0016CB
0016CA
0016CA
0016CA
0016CA
0016CA
0016CA
0016CA
0016CA
0016C9
0016C9
0016C9
0016C9
0016C9
0016C9
0016C9
0016C8
0016C8
0016C8
0016C8
0016C8
0016C8
0016C8
0016C7
0016C7
0016C7
0016C7
0016C7
0016C7
0016C7
0016C7
0016C6
0016C6
0016C6
0016C6
0016C6
0016C6
0016C6
0016C5
0016C5
0016C5
0016C5
0016C5
0016C5
0016C5
0016C4
0016C4
0016C4
0016C4
0016C4
0016C4
0016C4
0016C3
0016C3
0016C3
0016C3
0016C3
0016C3
0016C2
0016C2
0016C2
0016C2
0016C2
0016C2
0016C2
0016C1
0016C1
0016C1
0016C1
0016C1
0016C1
0016C0
0016C0
0016C0
0016C0
0016C0
0016C0
0016C0
0016BF
0016BF
0016BF
0016BF
0016BF
0016BF
0016BE
0016BE
0016BE
0016BE
0016BE
0016BE
0016BE
0016BD
0016BD
0016BD
0016BD
0016BD
0016BD
0016BC
0016BC
0016BC
0016BC
0016BC
0016BC
0016BB
0016BB
0016BB
0016BB
0016BB
0016BB
0016BA
0016BA
0016BA
0016BA
0016BA
0016BA
0016B9
0016B9
0016B9
0016B9
0016B9
0016B9
0016B8
0016B8
0016B8
0016B8
0016B8
0016B8
0016B7
0016B7
0016B7
0016B7
0016B7
0016B6
0016B6
0016B6
0016B6
0016B6
0016B6
0016B5
0016B5
0016B5
0016B5
0016B5
0016B4
0016B4
0016B4
0016B4
0016B4
0016B4
0016B3
0016B3
0016B3
0016B3
0016B3
0016B2
0016B2
0016B2
0016B2
0016B2
0016B2
0016B1
0016B1
0016B1
0016B1
0016B1
0016B0
0016B0
0016B0
0016B0
0016B0
0016AF
0016AF
0016AF
0016AF
0016AF
0016AF
0016AE
0016AE
0016AE
0016AE
0016AE
0016AD
0016AD
0016AD
0016AD
0016AD
0016AC
0016AC
0016AC
0016AC
0016AC
0016AB
0016AB
0016AB
0016AB
0016AB
0016AA
0016AA
0016AA
0016AA
0016AA
0016A9
0016A9
0016A9
0016A9
0016A9
0016A8
0016A8
0016A8
0016A8
0016A8
0016A7
0016A7
0016A7
0016A7
0016A6
0016A6
0016A6
0016A6
0016A6
0016A5
0016A5
0016A5
0016A5
0016A5
0016A4
0016A4
0016A4
0016A4
0016A3
0016A3
0016A3
0016A3
0016A3
0016A2
0016A2
0016A2
0016A2
0016A1
0016A1
0016A1
0016A1
0016A1
0016A0
0016A0
0016A0
0016A0
00169F
00169F
00169F
00169F
00169F
00169E
00169E
00169E
00169E
00169D
00169D
00169D
00169D
00169C
00169C
00169C
00169C
00169C
00169B
00169B
00169B
00169B
00169A
00169A
00169A
00169A
001699
001699
001699
001699
001698
001698
001698
001698
001698
001697
001697
001697
001697
001696
001696
001696
001696
001695
001695
001695
001695
001694
001694
001694
001694
001693
001693
001693
001693
001692
001692
001692
001692
001691
001691
001691
001690
001690
001690
001690
00168F
00168F
00168F
00168F
00168E
00168E
00168E
00168E
00168D
00168D
00168D
00168D
00168C
00168C
00168C
00168B
00168B
00168B
00168B
00168A
00168A
00168A
00168A
001689
001689
001689
001688
001688
001688
001688
001687
001687
001687
001687
001686
001686
001686
001685
001685
001685
001685
001684
001684
001684
001683
001683
001683
001683
001682
001682
001682
001681
001681
001681
001680
001680
001680
001680
00167F
00167F
00167F
00167E
00167E
00167E
00167E
00167D
00167D
00167D
00167C
00167C
00167C
00167B
00167B
00167B
00167A
00167A
00167A
00167A
001679
001679
001679
001678
001678
001678
001677
001677
001677
001676
001676
001676
001676
001675
001675
001675
001674
001674
001674
001673
001673
001673
001672
001672
001672
001671
001671
001671
001670
001670
001670
00166F
00166F
00166F
00166E
00166E
00166E
00166D
00166D
00166D
00166C
00166C
00166C
00166B
00166B
00166B
00166A
00166A
00166A
001669
001669
001669
001668
001668
001668
001667
001667
001667
001666
001666
001665
001665
001665
001664
001664
001664
001663
001663
001663
001662
001662
001662
001661
001661
001660
001660
001660
00165F
00165F
00165F
00165E
00165E
00165E
00165D
00165D
00165C
00165C
00165C
00165B
00165B
00165B
00165A
00165A
001659
001659
001659
001658
001658
001658
001657
001657
001656
001656
001656
001655
001655
001654
001654
001654
001653
001653
001652
001652
001652
001651
001651
001650
001650
001650
00164F
00164F
00164E
00164E
00164E
00164D
00164D
00164C
00164C
00164C
00164B
00164B
00164A
00164A
00164A
001649
001649
001648
001648
001648
001647
001647
001646
001646
001645
001645
001645
001644
001644
001643
001643
001642
001642
001642
001641
001641
001640
001640
00163F
00163F
00163F
00163E
00163E
00163D
00163D
00163C
00163C
00163B
00163B
00163B
00163A
00163A
001639
001639
001638
001638
001637
001637
001637
001636
001636
001635
001635
001634
001634
001633
001633
001632
001632
001632
001631
001631
001630
001630
00162F
00162F
00162E
00162E
00162D
00162D
00162C
00162C
00162B
00162B
00162A
00162A
001629
001629
001628
001628
001628
001627
001627
001626
001626
001625
001625
001624
001624
001623
001623
001622
001622
001621
001621
001620
001620
00161F
00161F
00161E
00161E
00161D
00161D
00161C
00161C
00161B
00161B
00161A
001619
001619
001618
001618
001617
001617
001616
001616
001615
001615
001614
001614
001613
001613
001612
001612
001611
001611
001610
00160F
00160F
00160E
00160E
00160D
00160D
00160C
00160C
00160B
00160B
00160A
001609
001609
001608
001608
001607
001607
001606
001606
001605
001604
001604
001603
001603
001602
001602
001601
001601
001600
0015FF
0015FF
0015FE
0015FE
0015FD
0015FC
0015FC
0015FB
0015FB
0015FA
0015FA
0015F9
0015F8
0015F8
0015F7
0015F7
0015F6
0015F5
0015F5
0015F4
0015F4
0015F3
0015F2
0015F2
0015F1
0015F1
0015F0
0015EF
0015EF
0015EE
0015EE
0015ED
0015EC
0015EC
0015EB
0015EB
0015EA
0015E9
0015E9
0015E8
0015E7
0015E7
0015E6
0015E6
0015E5
0015E4
0015E4
0015E3
0015E2
0015E2
0015E1
0015E0
0015E0
0015DF
0015DF
0015DE
0015DD
0015DD
0015DC
0015DB
0015DB
0015DA
0015D9
0015D9
0015D8
0015D7
0015D7
0015D6
0015D5
0015D5
0015D4
0015D3
0015D3
0015D2
0015D1
0015D1
0015D0
0015CF
0015CF
0015CE
0015CD
0015CD
0015CC
0015CB
0015CB
0015CA
0015C9
0015C9
0015C8
0015C7
0015C7
0015C6
0015C5
0015C4
0015C4
0015C3
0015C2
0015C2
0015C1
0015C0
0015BF
0015BF
0015BE
0015BD
0015BD
0015BC
0015BB
0015BA
0015BA
0015B9
0015B8
0015B8
0015B7
0015B6
0015B5
0015B5
0015B4
0015B3
0015B2
0015B2
0015B1
0015B0
0015AF
0015AF
0015AE
0015AD
0015AC
0015AC
0015AB
0015AA
0015A9
0015A9
0015A8
0015A7
0015A6
0015A6
0015A5
0015A4
0015A3
0015A3
0015A2
0015A1
0015A0
0015A0
00159F
00159E
00159D
00159C
00159C
00159B
00159A
001599
001598
001598
001597
001596
001595
001594
001594
001593
001592
001591
001590
001590
00158F
00158E
00158D
00158C
00158C
00158B
00158A
001589
001588
001587
001587
001586
001585
001584
001583
001582
001582
001581
001580
00157F
00157E
00157D
00157C
00157C
00157B
00157A
001579
001578
001577
001576
001576
001575
001574
001573
001572
001571
001570
00156F
00156F
00156E
00156D
00156C
00156B
00156A
001569
001568
001567
001567
001566
001565
001564
001563
001562
001561
001560
00155F
00155E
00155D
00155D
00155C
00155B
00155A
001559
001558
001557
001556
001555
001554
001553
001552
001551
001550
00154F
00154F
00154E
00154D
00154C
00154B
00154A
001549
001548
001547
001546
001545
001544
001543
001542
001541
001540
00153F
00153E
00153D
00153C
00153B
00153A
001539
001538
001537
001536
001535
001534
001533
001532
001531
001530
00152F
00152E
00152D
00152C
00152B
00152A
001529
001528
001527
001526
001525
001524
001523
001522
001521
001520
00151E
00151D
00151C
00151B
00151A
001519
001518
001517
001516
001515
001514
001513
001512
001511
001510
00150E
00150D
00150C
00150B
00150A
001509
001508
001507
001506
001505
001503
001502
001501
001500
0014FF
0014FE
0014FD
0014FC
0014FB
0014F9
0014F8
0014F7
0014F6
0014F5
0014F4
0014F3
0014F1
0014F0
0014EF
0014EE
0014ED
0014EC
0014EA
0014E9
0014E8
0014E7
0014E6
0014E5
0014E3
0014E2
0014E1
0014E0
0014DF
0014DE
0014DC
0014DB
0014DA
0014D9
0014D8
0014D6
0014D5
0014D4
0014D3
0014D2
0014D0
0014CF
0014CE
0014CD
0014CB
0014CA
0014C9
0014C8
0014C6
0014C5
0014C4
0014C3
0014C2
0014C0
0014BF
0014BE
0014BC
0014BB
0014BA
0014B9
0014B7
0014B6
0014B5
0014B4
0014B2
0014B1
0014B0
0014AE
0014AD
0014AC
0014AB
0014A9
0014A8
0014A7
0014A5
0014A4
0014A3
0014A1
0014A0
00149F
00149D
00149C
00149B
00149A
001498
001497
001496
001494
001493
001491
001490
00148F
00148D
00148C
00148B
001489
001488
001487
001485
001484
001482
001481
001480
00147E
00147D
00147C
00147A
001479
001477
001476
001475
001473
001472
001470
00146F
00146D
00146C
00146B
001469
001468
001466
001465
001463
001462
001460
00145F
00145E
00145C
00145B
001459
001458
001456
001455
001453
001452
001450
00144F
00144D
00144C
00144A
001449
001447
001446
001444
001443
001441
001440
00143E
00143D
00143B
00143A
001438
001437
001435
001434
001432
001430
00142F
00142D
00142C
00142A
001429
001427
001425
001424
001422
001421
00141F
00141E
00141C
00141A
001419
001417
001416
001414
001412
001411
00140F
00140E
00140C
00140A
001409
001407
001405
001404
001402
001400
0013FF
0013FD
0013FB
0013FA
0013F8
0013F6
0013F5
0013F3
0013F1
0013F0
0013EE
0013EC
0013EB
0013E9
0013E7
0013E6
0013E4
0013E2
0013E0
0013DF
0013DD
0013DB
0013D9
0013D8
0013D6
0013D4
0013D3
0013D1
0013CF
0013CD
0013CC
0013CA
0013C8
0013C6
0013C4
0013C3
0013C1
0013BF
0013BD
0013BC
0013BA
0013B8
0013B6
0013B4
0013B3
0013B1
0013AF
0013AD
0013AB
0013A9
0013A8
0013A6
0013A4
0013A2
0013A0
00139E
00139C
00139B
001399
001397
001395
001393
001391
00138F
00138D
00138C
00138A
001388
001386
001384
001382
001380
00137E
00137C
00137A
001378
001377
001375
001373
001371
00136F
00136D
00136B
001369
001367
001365
001363
001361
00135F
00135D
00135B
001359
001357
001355
001353
001351
00134F
00134D
00134B
001349
001347
001345
001343
001341
00133F
00133D
00133B
001339
001337
001334
001332
001330
00132E
00132C
00132A
001328
001326
001324
001322
001320
00131D
00131B
001319
001317
001315
001313
001311
00130E
00130C
00130A
001308
001306
001304
001301
0012FF
0012FD
0012FB
0012F9
0012F7
0012F4
0012F2
0012F0
0012EE
0012EB
0012E9
0012E7
0012E5
0012E3
0012E0
0012DE
0012DC
0012DA
0012D7
0012D5
0012D3
0012D1
0012CE
0012CC
0012CA
0012C7
0012C5
0012C3
0012C0
0012BE
0012BC
0012BA
0012B7
0012B5
0012B3
0012B0
0012AE
0012AB
0012A9
0012A7
0012A4
0012A2
0012A0
00129D
00129B
001299
001296
001294
001291
00128F
00128D
00128A
001288
001285
001283
001280
00127E
00127B
001279
001277
001274
001272
00126F
00126D
00126A
001268
001265
001263
001260
00125E
00125B
001259
001256
001254
001251
00124F
00124C
00124A
001247
001244
001242
00123F
00123D
00123A
001238
001235
001232
001230
00122D
00122B
001228
001225
001223
001220
00121D
00121B
001218
001215
001213
001210
00120D
00120B
001208
001205
001203
001200
0011FD
0011FB
0011F8
0011F5
0011F2
0011F0
0011ED
0011EA
0011E8
0011E5
0011E2
0011DF
0011DD
0011DA
0011D7
0011D4
0011D1
0011CF
0011CC
0011C9
0011C6
0011C3
0011C1
0011BE
0011BB
0011B8
0011B5
0011B2
0011AF
0011AD
0011AA
0011A7
0011A4
0011A1
00119E
00119B
001198
001196
001193
001190
00118D
00118A
001187
001184
001181
00117E
00117B
001178
001175
001172
00116F
00116C
001169
001166
001163
001160
00115D
00115A
001157
001154
001151
00114E
00114B
001148
001145
001142
00113F
00113B
001138
001135
001132
00112F
00112C
001129
001126
001123
00111F
00111C
001119
001116
001113
001110
00110C
001109
001106
001103
001100
0010FC
0010F9
0010F6
0010F3
0010EF
0010EC
0010E9
0010E6
0010E2
0010DF
0010DC
0010D9
0010D5
0010D2
0010CF
0010CB
0010C8
0010C5
0010C1
0010BE
0010BB
0010B7
0010B4
0010B1
0010AD
0010AA
0010A7
0010A3
0010A0
00109C
001099
001095
001092
00108F
00108B
001088
001084
001081
00107D
00107A
001076
001073
00106F
00106C
001068
001065
001061
00105E
00105A
001057
001053
001050
00104C
001049
001045
001041
00103E
00103A
001037
001033
00102F
00102C
001028
001024
001021
00101D
001019
001016
001012
00100E
00100B
001007
001003
001000
000FFC
000FF8
000FF4
000FF1
000FED
000FE9
000FE5
000FE2
000FDE
000FDA
000FD6
000FD3
000FCF
000FCB
000FC7
000FC3
000FBF
000FBC
000FB8
000FB4
000FB0
000FAC
000FA8
000FA4
000FA0
000F9D
000F99
000F95
000F91
000F8D
000F89
000F85
000F81
000F7D
000F79
000F75
000F71
000F6D
000F69
000F65
000F61
000F5D
000F59
000F55
000F51
000F4D
000F49
000F45
000F41
000F3C
000F38
000F34
000F30
000F2C
000F28
000F24
000F20
000F1B
000F17
000F13
000F0F
000F0B
000F07
000F02
000EFE
000EFA
000EF6
000EF1
000EED
000EE9
000EE5
000EE0
000EDC
000ED8
000ED4
000ECF
000ECB
000EC7
000EC2
000EBE
000EBA
000EB5
000EB1
000EAC
000EA8
000EA4
000E9F
000E9B
000E97
000E92
000E8E
000E89
000E85
000E80
000E7C
000E77
000E73
000E6E
000E6A
000E65
000E61
000E5C
000E58
000E53
000E4F
000E4A
000E46
000E41
000E3C
000E38
000E33
000E2F
000E2A
000E25
000E21
000E1C
000E18
000E13
000E0E
000E0A
000E05
000E00
000DFB
000DF7
000DF2
000DED
000DE9
000DE4
000DDF
000DDA
000DD5
000DD1
000DCC
000DC7
000DC2
000DBD
000DB9
000DB4
000DAF
000DAA
000DA5
000DA0
000D9B
000D97
000D92
000D8D
000D88
000D83
000D7E
000D79
000D74
000D6F
000D6A
000D65
000D60
000D5B
000D56
000D51
000D4C
000D47
000D42
000D3D
000D38
000D33
000D2E
000D29
000D23
000D1E
000D19
000D14
000D0F
000D0A
000D05
000CFF
000CFA
000CF5
000CF0
000CEB
000CE5
000CE0
000CDB
000CD6
000CD0
000CCB
000CC6
000CC1
000CBB
000CB6
000CB1
000CAB
000CA6
000CA1
000C9B
000C96
000C91
000C8B
000C86
000C80
000C7B
000C76
000C70
000C6B
000C65
000C60
000C5A
000C55
000C4F
000C4A
000C44
000C3F
000C39
000C34
000C2E
000C29
000C23
000C1E
000C18
000C12
000C0D
000C07
000C02
000BFC
000BF6
000BF1
000BEB
000BE5
000BE0
000BDA
000BD4
000BCF
000BC9
000BC3
000BBD
000BB8
000BB2
000BAC
000BA6
000BA1
000B9B
000B95
000B8F
000B89
000B84
000B7E
000B78
000B72
000B6C
000B66
000B60
000B5B
000B55
000B4F
000B49
000B43
000B3D
000B37
000B31
000B2B
000B25
000B1F
000B19
000B13
000B0D
000B07
000B01
000AFB
000AF5
000AEF
000AE9
000AE3
000ADD
000AD6
000AD0
000ACA
000AC4
000ABE
000AB8
000AB2
000AAB
000AA5
000A9F
000A99
000A93
000A8C
000A86
000A80
000A7A
000A74
000A6D
000A67
000A61
000A5A
000A54
000A4E
000A48
000A41
000A3B
000A35
000A2E
000A28
000A22
000A1B
000A15
000A0E
000A08
000A02
0009FB
0009F5
0009EE
0009E8
0009E1
0009DB
0009D5
0009CE
0009C8
0009C1
0009BB
0009B4
0009AE
0009A7
0009A1
00099A
000994
00098D
000986
000980
000979
000973
00096C
000966
00095F
000958
000952
00094B
000945
00093E
000937
000931
00092A
000923
00091D
000916
00090F
000909
000902
0008FB
0008F5
0008EE
0008E7
0008E1
0008DA
0008D3
0008CC
0008C6
0008BF
0008B8
0008B1
0008AB
0008A4
00089D
000896
000890
000889
000882
00087B
000875
00086E
000867
000860
000859
000853
00084C
000845
00083E
000837
000830
00082A
000823
00081C
000815
00080E
000807
000801
0007FA
0007F3
0007EC
0007E5
0007DE
0007D8
0007D1
0007CA
0007C3
0007BC
0007B5
0007AF
0007A8
0007A1
00079A
000793
00078C
000785
00077F
000778
000771
00076A
000763
00075C
000756
00074F
000748
000741
00073A
000733
00072D
000726
00071F
000718
000711
00070B
000704
0006FD
0006F6
0006EF
0006E9
0006E2
0006DB
0006D4
0006CE
0006C7
0006C0
0006B9
0006B3
0006AC
0006A5
00069E
000698
000691
00068A
000684
00067D
000676
000670
000669
000662
00065C
000655
00064F
000648
000641
00063B
000634
00062E
000627
000621
00061A
000613
00060D
00060D
00060D
00060D
00060D
00060D
00060D
00060D
00060D
00060D
00060D
00060D
00060D
00060D
00060D
00060D
00060D
00060D
00060D
00060D
00060D
00060D
00060D
00060D
00060D
00060D
00060D
00060D
00060D
00060D
00060D
00060D
00060D
00060D
00060D
00060D
00060D
00060D
00060D
00060D
00060D
00060D
00060D
00060D
00060D
00060D
00060D
00060D
00060D
00060D
00060D
00060D
00060D
00060D
00060D
00060D
00060D
00060D
00060D
00060D
00060D
00060D
00060D
00060D
00060D
00060D
00060D
00060D
00060D
00060D
00060D
00060D
00060D
00060D
00060D
00060D
00060D
00060D
00060D
00060D
00060D
00060D
00060D
00060D
00060D
00060D
00060D
00060D
00060D
00060D
00060D
00060D
00060D
00060D
00060D
00060D
00060D
00060D
00060D
00060D
00060D
00060D
00060D
00060D
00060D
00060D
00060D
00060D
00060D
00060D
00060D
00060D
00060D
00060D
00060D
00060D
00060D
00060D
00060D
00060D
00060D
00060D
00060D
00060D
00060D
00060D
00060D
00060D
00060D
00060D
00060D
00060D
00060D
00060D
00060D
00060D
00060D
00060D
00060D
00060D
00060D
00060D
00060D
00060D
00060D
00060D
00060D
00060D
00060D
00060D
00060D
00060D
00060D
00060D
00060D
00060D
00060D
00060D
00060D
00060D
00060D
00060D
00060D
00060D
00060D
00060D
00060D
00060D
00060D
00060D
00060D
00060D
00060D
00060D
00060D
00060D
00060D
00060D
00060D
00060D
00060D
00060D
00060D
00060D
00060D
00060D
00060D
00060D
00060D
00060D
00060D
00060D
00060D
00060D
00060D
00060D
00060D
00060D
00060D
00060D
00060D
00060D
00060D
00060D
00060D
00060D
00060D
00060D
00060D
00060D
00060D
00060D
00060D
00060D
00060D
00060D
00060D
00060D
00060D
00060D
00060D
00060D
00060D
00060D
00060D
00060D
00060D
00060D
00060D
00060D
00060D
00060D
00060D
00060D
00060D
00060D
00060D
00060D
00060D
00060D
00060D
00060D
00060D
00060D
00060D
00060D
00060D
00060D
00060D
00060D
00060D
00060D
00060D
00060D
00060D
00060D
00060D
001BA0
001BA0
001BA0
001BA0
001BA0
001BA0
001BA0
001BA0
001BA0
001BA0
001BA0
001BA0
001BA0
001BA0
001BA0
001BA0
001BA0
001BA0
001BA0
001BA0
001BA0
001BA0
001BA0
001BA0
001BA0
001BA0
001BA0
001BA0
001BA0
001BA0
001BA0
001BA0
001BA0
001BA0
001BA0
001BA0
001BA0
001BA0
001BA0
001BA0
001BA0
001BA0
001BA0
001BA0
001BA0
001BA0
001BA0
001BA0
001BA0
001BA0
001BA0
001BA0
001BA0
001BA0
001BA0
001BA0
001BA0
001BA0
001BA0
001BA0
001BA0
001BA0
001BA0
001BA0
001BA0
001BA0
001BA0
001BA0
001BA0
001BA0
001BA0
001BA0
001BA0
001BA0
001BA0
001BA0
001BA0
001BA0
001BA0
001BA0
001BA0
001BA0
001BA0
001BA0
001BA0
001BA0
001BA0
001BA0
001BA0
001BA0
001BA0
001BA0
001BA0
001BA0
001BA0
001BA0
001BA0
001BA0
001BA0
001BA0
001BA0
001BA0
001BA0
001BA0
001BA0
001BA0
001BA0
001BA0
001BA0
001BA0
001BA0
001BA0
001BA0
001BA0
001BA0
001BA0
001BA0
001BA0
001BA0
001BA0
001BA0
001BA0
001BA0
001BA0
001BA0
001BA0
001BA0
001BA0
001BA0
001BA0
001BA0
001BA0
001BA0
001BA0
001BA0
001BA0
001BA0
001BA0
001BA0
001BA0
001BA0
001BA0
001BA0
001BA0
001BA0
001BA0
001BA0
001BA0
001BA0
001BA0
001BA0
001BA0
001BA0
001BA0
001BA0
001BA0
001BA0
001BA0
001BA0
001BA0
001BA0
001BA0
001BA0
001BA0
001BA0
001BA0
001BA0
001BA0
001BA0
001BA0
001BA0
001BA0
001B9F
001B9F
001B9F
001B9F
001B9F
001B9F
001B9F
001B9F
001B9F
001B9F
001B9F
001B9F
001B9F
001B9F
001B9F
001B9F
001B9F
001B9F
001B9F
001B9F
001B9F
001B9F
001B9F
001B9F
001B9F
001B9F
001B9F
001B9F
001B9F
001B9F
001B9F
001B9F
001B9F
001B9F
001B9F
001B9F
001B9F
001B9F
001B9F
001B9F
001B9F
001B9F
001B9F
001B9F
001B9F
001B9F
001B9F
001B9F
001B9F
001B9F
001B9F
001B9F
001B9F
001B9F
001B9F
001B9F
001B9F
001B9F
001B9F
001B9F
001B9F
001B9F
001B9F
001B9F
001B9F
001B9F
001B9F
001B9F
001B9F
001B9F
001B9F
001B9F
001B9F
001B9F
001B9F
001B9F
001B9F
001B9F
001B9F
001B9F
001B9F
001B9F
001B9F
001B9F
001B9F
001B9F
001B9F
001B9F
001B9F
001B9F
001B9F
001B9F
001B9F
001B9F
001B9F
001B9F
001B9F
001B9F
001B9F
001B9F
001B9F
001B9F
001B9F
001B9F
001B9F
001B9F
001B9F
001B9F
001B9F
001B9F
001B9F
001B9F
001B9F
001B9F
001B9F
001B9F
001B9F
001B9F
001B9F
001B9F
001B9F
001B9F
001B9F
001B9F
001B9F
001B9F
001B9F
001B9F
001B9F
001B9F
001B9F
001B9F
001B9F
001B9F
001B9F
001B9F
001B9F
001B9F
001B9F
001B9F
001B9F
001B9F
001B9F
001B9F
001B9F
001B9F
001B9F
001B9F
001B9F
001B9F
001B9F
001B9F
001B9F
001B9F
001B9F
001B9F
001B9F
001B9F
001B9F
001B9F
001B9F
001B9F
001B9F
001B9F
001B9F
001B9F
001B9F
001B9F
001B9F
001B9F
001B9F
001B9F
001B9F
001B9F
001B9F
001B9F
001B9F
001B9F
001B9F
001B9F
001B9F
001B9F
001B9E
001B9E
001B9E
001B9E
001B9E
001B9E
001B9E
001B9E
001B9E
001B9E
001B9E
001B9E
001B9E
001B9E
001B9E
001B9E
001B9E
001B9E
001B9E
001B9E
001B9E
001B9E
001B9E
001B9E
001B9E
001B9E
001B9E
001B9E
001B9E
001B9E
001B9E
001B9E
001B9E
001B9E
001B9E
001B9E
001B9E
001B9E
001B9E
001B9E
001B9E
001B9E
001B9E
001B9E
001B9E
001B9E
001B9E
001B9E
001B9E
001B9E
001B9E
001B9E
001B9E
001B9E
001B9E
001B9E
001B9E
001B9E
001B9E
001B9E
001B9E
001B9E
001B9E
001B9E
001B9E
001B9E
001B9E
001B9E
001B9E
001B9E
001B9E
001B9E
001B9E
001B9E
001B9E
001B9E
001B9E
001B9E
001B9E
001B9E
001B9E
001B9E
001B9E
001B9E
001B9E
001B9E
001B9E
001B9E
001B9E
001B9E
001B9E
001B9E
001B9E
001B9E
001B9E
001B9E
001B9E
001B9E
001B9E
001B9E
001B9E
001B9E
001B9E
001B9E
001B9E
001B9E
001B9E
001B9E
001B9E
001B9E
001B9E
001B9E
001B9E
001B9E
001B9E
001B9E
001B9E
001B9E
001B9E
001B9E
001B9E
001B9E
001B9E
001B9E
001B9E
001B9E
001B9E
001B9E
001B9E
001B9D
001B9D
001B9D
001B9D
001B9D
001B9D
001B9D
001B9D
001B9D
001B9D
001B9D
001B9D
001B9D
001B9D
001B9D
001B9D
001B9D
001B9D
001B9D
001B9D
001B9D
001B9D
001B9D
001B9D
001B9D
001B9D
001B9D
001B9D
001B9D
001B9D
001B9D
001B9D
001B9D
001B9D
001B9D
001B9D
001B9D
001B9D
001B9D
001B9D
001B9D
001B9D
001B9D
001B9D
001B9D
001B9D
001B9D
001B9D
001B9D
001B9D
001B9D
001B9D
001B9D
001B9D
001B9D
001B9D
001B9D
001B9D
001B9D
001B9D
001B9D
001B9D
001B9D
001B9D
001B9D
001B9D
001B9D
001B9D
001B9D
001B9D
001B9D
001B9D
001B9D
001B9D
001B9D
001B9D
001B9D
001B9D
001B9D
001B9D
001B9D
001B9D
001B9D
001B9D
001B9D
001B9D
001B9D
001B9D
001B9D
001B9D
001B9D
001B9D
001B9D
001B9D
001B9D
001B9D
001B9D
001B9D
001B9D
001B9D
001B9C
001B9C
001B9C
001B9C
001B9C
001B9C
001B9C
001B9C
001B9C
001B9C
001B9C
001B9C
001B9C
001B9C
001B9C
001B9C
001B9C
001B9C
001B9C
001B9C
001B9C
001B9C
001B9C
001B9C
001B9C
001B9C
001B9C
001B9C
001B9C
001B9C
001B9C
001B9C
001B9C
001B9C
001B9C
001B9C
001B9C
001B9C
001B9C
001B9C
001B9C
001B9C
001B9C
001B9C
001B9C
001B9C
001B9C
001B9C
001B9C
001B9C
001B9C
001B9C
001B9C
001B9C
001B9C
001B9C
001B9C
001B9C
001B9C
001B9C
001B9C
001B9C
001B9C
001B9C
001B9C
001B9C
001B9C
001B9C
001B9C
001B9C
001B9C
001B9C
001B9C
001B9C
001B9C
001B9C
001B9C
001B9C
001B9C
001B9C
001B9C
001B9C
001B9C
001B9B
001B9B
001B9B
001B9B
001B9B
001B9B
001B9B
001B9B
001B9B
001B9B
001B9B
001B9B
001B9B
001B9B
001B9B
001B9B
001B9B
001B9B
001B9B
001B9B
001B9B
001B9B
001B9B
001B9B
001B9B
001B9B
001B9B
001B9B
001B9B
001B9B
001B9B
001B9B
001B9B
001B9B
001B9B
001B9B
001B9B
001B9B
001B9B
001B9B
001B9B
001B9B
001B9B
001B9B
001B9B
001B9B
001B9B
001B9B
001B9B
001B9B
001B9B
001B9B
001B9B
001B9B
001B9B
001B9B
001B9B
001B9B
001B9B
001B9B
001B9B
001B9B
001B9B
001B9B
001B9B
001B9B
001B9B
001B9B
001B9B
001B9A
001B9A
001B9A
001B9A
001B9A
001B9A
001B9A
001B9A
001B9A
001B9A
001B9A
001B9A
001B9A
001B9A
001B9A
001B9A
001B9A
001B9A
001B9A
001B9A
001B9A
001B9A
001B9A
001B9A
001B9A
001B9A
001B9A
001B9A
001B9A
001B9A
001B9A
001B9A
001B9A
001B9A
001B9A
001B9A
001B9A
001B9A
001B9A
001B9A
001B9A
001B9A
001B9A
001B9A
001B9A
001B9A
001B9A
001B9A
001B9A
001B9A
001B9A
001B9A
001B9A
001B9A
001B9A
001B9A
001B9A
001B9A
001B9A
001B9A
001B9A
001B99
001B99
001B99
001B99
001B99
001B99
001B99
001B99
001B99
001B99
001B99
001B99
001B99
001B99
001B99
001B99
001B99
001B99
001B99
001B99
001B99
001B99
001B99
001B99
001B99
001B99
001B99
001B99
001B99
001B99
001B99
001B99
001B99
001B99
001B99
001B99
001B99
001B99
001B99
001B99
001B99
001B99
001B99
001B99
001B99
001B99
001B99
001B99
001B99
001B99
001B99
001B99
001B99
001B98
001B98
001B98
001B98
001B98
001B98
001B98
001B98
001B98
001B98
001B98
001B98
001B98
001B98
001B98
001B98
001B98
001B98
001B98
001B98
001B98
001B98
001B98
001B98
001B98
001B98
001B98
001B98
001B98
001B98
001B98
001B98
001B98
001B98
001B98
001B98
001B98
001B98
001B98
001B98
001B98
001B98
001B98
001B98
001B98
001B98
001B98
001B98
001B97
001B97
001B97
001B97
001B97
001B97
001B97
001B97
001B97
001B97
001B97
001B97
001B97
001B97
001B97
001B97
001B97
001B97
001B97
001B97
001B97
001B97
001B97
001B97
001B97
001B97
001B97
001B97
001B97
001B97
001B97
001B97
001B97
001B97
001B97
001B97
001B97
001B97
001B97
001B97
001B97
001B97
001B97
001B96
001B96
001B96
001B96
001B96
001B96
001B96
001B96
001B96
001B96
001B96
001B96
001B96
001B96
001B96
001B96
001B96
001B96
001B96
001B96
001B96
001B96
001B96
001B96
001B96
001B96
001B96
001B96
001B96
001B96
001B96
001B96
001B96
001B96
001B96
001B96
001B96
001B96
001B96
001B95
001B95
001B95
001B95
001B95
001B95
001B95
001B95
001B95
001B95
001B95
001B95
001B95
001B95
001B95
001B95
001B95
001B95
001B95
001B95
001B95
001B95
001B95
001B95
001B95
001B95
001B95
001B95
001B95
001B95
001B95
001B95
001B95
001B95
001B95
001B95
001B95
001B94
001B94
001B94
001B94
001B94
001B94
001B94
001B94
001B94
001B94
001B94
001B94
001B94
001B94
001B94
001B94
001B94
001B94
001B94
001B94
001B94
001B94
001B94
001B94
001B94
001B94
001B94
001B94
001B94
001B94
001B94
001B94
001B94
001B93
001B93
001B93
001B93
001B93
001B93
001B93
001B93
001B93
001B93
001B93
001B93
001B93
001B93
001B93
001B93
001B93
001B93
001B93
001B93
001B93
001B93
001B93
001B93
001B93
001B93
001B93
001B93
001B93
001B93
001B93
001B92
001B92
001B92
001B92
001B92
001B92
001B92
001B92
001B92
001B92
001B92
001B92
001B92
001B92
001B92
001B92
001B92
001B92
001B92
001B92
001B92
001B92
001B92
001B92
001B92
001B92
001B92
001B92
001B92
001B92
001B91
001B91
001B91
001B91
001B91
001B91
001B91
001B91
001B91
001B91
001B91
001B91
001B91
001B91
001B91
001B91
001B91
001B91
001B91
001B91
001B91
001B91
001B91
001B91
001B91
001B91
001B91
001B90
001B90
001B90
001B90
001B90
001B90
001B90
001B90
001B90
001B90
001B90
001B90
001B90
001B90
001B90
001B90
001B90
001B90
001B90
001B90
001B90
001B90
001B90
001B90
001B90
001B90
001B8F
001B8F
001B8F
001B8F
001B8F
001B8F
001B8F
001B8F
001B8F
001B8F
001B8F
001B8F
001B8F
001B8F
001B8F
001B8F
001B8F
001B8F
001B8F
001B8F
001B8F
001B8F
001B8F
001B8F
001B8F
001B8E
001B8E
001B8E
001B8E
001B8E
001B8E
001B8E
001B8E
001B8E
001B8E
001B8E
001B8E
001B8E
001B8E
001B8E
001B8E
001B8E
001B8E
001B8E
001B8E
001B8E
001B8E
001B8E
001B8D
001B8D
001B8D
001B8D
001B8D
001B8D
001B8D
001B8D
001B8D
001B8D
001B8D
001B8D
001B8D
001B8D
001B8D
001B8D
001B8D
001B8D
001B8D
001B8D
001B8D
001B8D
001B8C
001B8C
001B8C
001B8C
001B8C
001B8C
001B8C
001B8C
001B8C
001B8C
001B8C
001B8C
001B8C
001B8C
001B8C
001B8C
001B8C
001B8C
001B8C
001B8C
001B8C
001B8B
001B8B
001B8B
001B8B
001B8B
001B8B
001B8B
001B8B
001B8B
001B8B
001B8B
001B8B
001B8B
001B8B
001B8B
001B8B
001B8B
001B8B
001B8B
001B8B
001B8A
001B8A
001B8A
001B8A
001B8A
001B8A
001B8A
001B8A
001B8A
001B8A
001B8A
001B8A
001B8A
001B8A
001B8A
001B8A
001B8A
001B8A
001B8A
001B8A
001B89
001B89
001B89
001B89
001B89
001B89
001B89
001B89
001B89
001B89
001B89
001B89
001B89
001B89
001B89
001B89
001B89
001B89
001B88
001B88
001B88
001B88
001B88
001B88
001B88
001B88
001B88
001B88
001B88
001B88
001B88
001B88
001B88
001B88
001B88
001B88
001B87
001B87
001B87
001B87
001B87
001B87
001B87
001B87
001B87
001B87
001B87
001B87
001B87
001B87
001B87
001B87
001B87
001B86
001B86
001B86
001B86
001B86
001B86
001B86
001B86
001B86
001B86
001B86
001B86
001B86
001B86
001B86
001B86
001B86
001B85
001B85
001B85
001B85
001B85
001B85
001B85
001B85
001B85
001B85
001B85
001B85
001B85
001B85
001B85
001B85
001B84
001B84
001B84
001B84
001B84
001B84
001B84
001B84
001B84
001B84
001B84
001B84
001B84
001B84
001B84
001B83
001B83
001B83
001B83
001B83
001B83
001B83
001B83
001B83
001B83
001B83
001B83
001B83
001B83
001B83
001B82
001B82
001B82
001B82
001B82
001B82
001B82
001B82
001B82
001B82
001B82
001B82
001B82
001B82
001B81
001B81
001B81
001B81
001B81
001B81
001B81
001B81
001B81
001B81
001B81
001B81
001B81
001B81
001B80
001B80
001B80
001B80
001B80
001B80
001B80
001B80
001B80
001B80
001B80
001B80
001B80
001B80
001B7F
001B7F
001B7F
001B7F
001B7F
001B7F
001B7F
001B7F
001B7F
001B7F
001B7F
001B7F
001B7F
001B7E
001B7E
001B7E
001B7E
001B7E
001B7E
001B7E
001B7E
001B7E
001B7E
001B7E
001B7E
001B7E
001B7D
001B7D
001B7D
001B7D
001B7D
001B7D
001B7D
001B7D
001B7D
001B7D
001B7D
001B7D
001B7C
001B7C
001B7C
001B7C
001B7C
001B7C
001B7C
001B7C
001B7C
001B7C
001B7C
001B7C
001B7B
001B7B
001B7B
001B7B
001B7B
001B7B
001B7B
001B7B
001B7B
001B7B
001B7B
001B7B
001B7A
001B7A
001B7A
001B7A
001B7A
001B7A
001B7A
001B7A
001B7A
001B7A
001B7A
001B7A
001B79
001B79
001B79
001B79
001B79
001B79
001B79
001B79
001B79
001B79
001B79
001B78
001B78
001B78
001B78
001B78
001B78
001B78
001B78
001B78
001B78
001B78
001B77
001B77
001B77
001B77
001B77
001B77
001B77
001B77
001B77
001B77
001B77
001B76
001B76
001B76
001B76
001B76
001B76
001B76
001B76
001B76
001B76
001B75
001B75
001B75
001B75
001B75
001B75
001B75
001B75
001B75
001B75
001B74
001B74
001B74
001B74
001B74
001B74
001B74
001B74
001B74
001B74
001B73
001B73
001B73
001B73
001B73
001B73
001B73
001B73
001B73
001B73
001B72
001B72
001B72
001B72
001B72
001B72
001B72
001B72
001B72
001B72
001B71
001B71
001B71
001B71
001B71
001B71
001B71
001B71
001B71
001B70
001B70
001B70
001B70
001B70
001B70
001B70
001B70
001B70
001B6F
001B6F
001B6F
001B6F
001B6F
001B6F
001B6F
001B6F
001B6F
001B6E
001B6E
001B6E
001B6E
001B6E
001B6E
001B6E
001B6E
001B6E
001B6D
001B6D
001B6D
001B6D
001B6D
001B6D
001B6D
001B6D
001B6D
001B6C
001B6C
001B6C
001B6C
001B6C
001B6C
001B6C
001B6C
001B6B
001B6B
001B6B
001B6B
001B6B
001B6B
001B6B
001B6B
001B6B
001B6A
001B6A
001B6A
001B6A
001B6A
001B6A
001B6A
001B6A
001B69
001B69
001B69
001B69
001B69
001B69
001B69
001B69
001B68
001B68
001B68
001B68
001B68
001B68
001B68
001B68
001B67
001B67
001B67
001B67
001B67
001B67
001B67
001B67
001B66
001B66
001B66
001B66
001B66
001B66
001B66
001B65
001B65
001B65
001B65
001B65
001B65
001B65
001B65
001B64
001B64
001B64
001B64
001B64
001B64
001B64
001B63
001B63
001B63
001B63
001B63
001B63
001B63
001B62
001B62
001B62
001B62
001B62
001B62
001B62
001B62
001B61
001B61
001B61
001B61
001B61
001B61
001B61
001B60
001B60
001B60
001B60
001B60
001B60
001B60
001B5F
001B5F
001B5F
001B5F
001B5F
001B5F
001B5E
001B5E
001B5E
001B5E
001B5E
001B5E
001B5E
001B5D
001B5D
001B5D
001B5D
001B5D
001B5D
001B5D
001B5C
001B5C
001B5C
001B5C
001B5C
001B5C
001B5B
001B5B
001B5B
001B5B
001B5B
001B5B
001B5B
001B5A
001B5A
001B5A
001B5A
001B5A
001B5A
001B59
001B59
001B59
001B59
001B59
001B59
001B58
001B58
001B58
001B58
001B58
001B58
001B58
001B57
001B57
001B57
001B57
001B57
001B57
001B56
001B56
001B56
001B56
001B56
001B56
001B55
001B55
001B55
001B55
001B55
001B55
001B54
001B54
001B54
001B54
001B54
001B54
001B53
001B53
001B53
001B53
001B53
001B52
001B52
001B52
001B52
001B52
001B52
001B51
001B51
001B51
001B51
001B51
001B51
001B50
001B50
001B50
001B50
001B50
001B4F
001B4F
001B4F
001B4F
001B4F
001B4F
001B4E
001B4E
001B4E
001B4E
001B4E
001B4D
001B4D
001B4D
001B4D
001B4D
001B4D
001B4C
001B4C
001B4C
001B4C
001B4C
001B4B
001B4B
001B4B
001B4B
001B4B
001B4A
001B4A
001B4A
001B4A
001B4A
001B4A
001B49
001B49
001B49
001B49
001B49
001B48
001B48
001B48
001B48
001B48
001B47
001B47
001B47
001B47
001B47
001B46
001B46
001B46
001B46
001B46
001B45
001B45
001B45
001B45
001B45
001B44
001B44
001B44
001B44
001B44
001B43
001B43
001B43
001B43
001B42
001B42
001B42
001B42
001B42
001B41
001B41
001B41
001B41
001B41
001B40
001B40
001B40
001B40
001B40
001B3F
001B3F
001B3F
001B3F
001B3E
001B3E
001B3E
001B3E
001B3E
001B3D
001B3D
001B3D
001B3D
001B3C
001B3C
001B3C
001B3C
001B3C
001B3B
001B3B
001B3B
001B3B
001B3A
001B3A
001B3A
001B3A
001B3A
001B39
001B39
001B39
001B39
001B38
001B38
001B38
001B38
001B37
001B37
001B37
001B37
001B37
001B36
001B36
001B36
001B36
001B35
001B35
001B35
001B35
001B34
001B34
001B34
001B34
001B33
001B33
001B33
001B33
001B32
001B32
001B32
001B32
001B32
001B31
001B31
001B31
001B31
001B30
001B30
001B30
001B30
001B2F
001B2F
001B2F
001B2F
001B2E
001B2E
001B2E
001B2E
001B2D
001B2D
001B2D
001B2C
001B2C
001B2C
001B2C
001B2B
001B2B
001B2B
001B2B
001B2A
001B2A
001B2A
001B2A
001B29
001B29
001B29
001B29
001B28
001B28
001B28
001B28
001B27
001B27
001B27
001B26
001B26
001B26
001B26
001B25
001B25
001B25
001B25
001B24
001B24
001B24
001B23
001B23
001B23
001B23
001B22
001B22
001B22
001B21
001B21
001B21
001B21
001B20
001B20
001B20
001B1F
001B1F
001B1F
001B1F
001B1E
001B1E
001B1E
001B1D
001B1D
001B1D
001B1D
001B1C
001B1C
001B1C
001B1B
001B1B
001B1B
001B1B
001B1A
001B1A
001B1A
001B19
001B19
001B19
001B18
001B18
001B18
001B18
001B17
001B17
001B17
001B16
001B16
001B16
001B15
001B15
001B15
001B15
001B14
001B14
001B14
001B13
001B13
001B13
001B12
001B12
001B12
001B11
001B11
001B11
001B10
001B10
001B10
001B0F
001B0F
001B0F
001B0F
001B0E
001B0E
001B0E
001B0D
001B0D
001B0D
001B0C
001B0C
001B0C
001B0B
001B0B
001B0B
001B0A
001B0A
001B0A
001B09
001B09
001B09
001B08
001B08
001B08
001B07
001B07
001B07
001B06
001B06
001B06
001B05
001B05
001B05
001B04
001B04
001B04
001B03
001B03
001B02
001B02
001B02
001B01
001B01
001B01
001B00
001B00
001B00
001AFF
001AFF
001AFF
001AFE
001AFE
001AFE
001AFD
001AFD
001AFC
001AFC
001AFC
001AFB
001AFB
001AFB
001AFA
001AFA
001AFA
001AF9
001AF9
001AF8
001AF8
001AF8
001AF7
001AF7
001AF7
001AF6
001AF6
001AF5
001AF5
001AF5
001AF4
001AF4
001AF4
001AF3
001AF3
001AF2
001AF2
001AF2
001AF1
001AF1
001AF0
001AF0
001AF0
001AEF
001AEF
001AEF
001AEE
001AEE
001AED
001AED
001AED
001AEC
001AEC
001AEB
001AEB
001AEB
001AEA
001AEA
001AE9
001AE9
001AE9
001AE8
001AE8
001AE7
001AE7
001AE7
001AE6
001AE6
001AE5
001AE5
001AE4
001AE4
001AE4
001AE3
001AE3
001AE2
001AE2
001AE2
001AE1
001AE1
001AE0
001AE0
001ADF
001ADF
001ADF
001ADE
001ADE
001ADD
001ADD
001ADC
001ADC
001ADC
001ADB
001ADB
001ADA
001ADA
001AD9
001AD9
001AD9
001AD8
001AD8
001AD7
001AD7
001AD6
001AD6
001AD5
001AD5
001AD5
001AD4
001AD4
001AD3
001AD3
001AD2
001AD2
001AD1
001AD1
001AD0
001AD0
001AD0
001ACF
001ACF
001ACE
001ACE
001ACD
001ACD
001ACC
001ACC
001ACB
001ACB
001ACA
001ACA
001ACA
001AC9
001AC9
001AC8
001AC8
001AC7
001AC7
001AC6
001AC6
001AC5
001AC5
001AC4
001AC4
001AC3
001AC3
001AC2
001AC2
001AC1
001AC1
001AC0
001AC0
001ABF
001ABF
001ABE
001ABE
001ABD
001ABD
001ABC
001ABC
001ABB
001ABB
001ABA
001ABA
001AB9
001AB9
001AB8
001AB8
001AB7
001AB7
001AB6
001AB6
001AB5
001AB5
001AB4
001AB4
001AB3
001AB3
001AB2
001AB2
001AB1
001AB1
001AB0
001AB0
001AAF
001AAE
001AAE
001AAD
001AAD
001AAC
001AAC
001AAB
001AAB
001AAA
001AAA
001AA9
001AA9
001AA8
001AA7
001AA7
001AA6
001AA6
001AA5
001AA5
001AA4
001AA4
001AA3
001AA3
001AA2
001AA1
001AA1
001AA0
001AA0
001A9F
001A9F
001A9E
001A9D
001A9D
001A9C
001A9C
001A9B
001A9B
001A9A
001A99
001A99
001A98
001A98
001A97
001A97
001A96
001A95
001A95
001A94
001A94
001A93
001A92
001A92
001A91
001A91
001A90
001A8F
001A8F
001A8E
001A8E
001A8D
001A8C
001A8C
001A8B
001A8B
001A8A
001A89
001A89
001A88
001A88
001A87
001A86
001A86
001A85
001A85
001A84
001A83
001A83
001A82
001A81
001A81
001A80
001A80
001A7F
001A7E
001A7E
001A7D
001A7C
001A7C
001A7B
001A7A
001A7A
001A79
001A78
001A78
001A77
001A77
001A76
001A75
001A75
001A74
001A73
001A73
001A72
001A71
001A71
001A70
001A6F
001A6F
001A6E
001A6D
001A6D
001A6C
001A6B
001A6B
001A6A
001A69
001A69
001A68
001A67
001A66
001A66
001A65
001A64
001A64
001A63
001A62
001A62
001A61
001A60
001A60
001A5F
001A5E
001A5D
001A5D
001A5C
001A5B
001A5B
001A5A
001A59
001A58
001A58
001A57
001A56
001A56
001A55
001A54
001A53
001A53
001A52
001A51
001A50
001A50
001A4F
001A4E
001A4E
001A4D
001A4C
001A4B
001A4B
001A4A
001A49
001A48
001A48
001A47
001A46
001A45
001A45
001A44
001A43
001A42
001A41
001A41
001A40
001A3F
001A3E
001A3E
001A3D
001A3C
001A3B
001A3B
001A3A
001A39
001A38
001A37
001A37
001A36
001A35
001A34
001A33
001A33
001A32
001A31
001A30
001A2F
001A2F
001A2E
001A2D
001A2C
001A2B
001A2B
001A2A
001A29
001A28
001A27
001A26
001A26
001A25
001A24
001A23
001A22
001A22
001A21
001A20
001A1F
001A1E
001A1D
001A1C
001A1C
001A1B
001A1A
001A19
001A18
001A17
001A17
001A16
001A15
001A14
001A13
001A12
001A11
001A10
001A10
001A0F
001A0E
001A0D
001A0C
001A0B
001A0A
001A09
001A09
001A08
001A07
001A06
001A05
001A04
001A03
001A02
001A01
001A00
001A00
0019FF
0019FE
0019FD
0019FC
0019FB
0019FA
0019F9
0019F8
0019F7
0019F6
0019F5
0019F5
0019F4
0019F3
0019F2
0019F1
0019F0
0019EF
0019EE
0019ED
0019EC
0019EB
0019EA
0019E9
0019E8
0019E7
0019E6
0019E5
0019E4
0019E3
0019E3
0019E2
0019E1
0019E0
0019DF
0019DE
0019DD
0019DC
0019DB
0019DA
0019D9
0019D8
0019D7
0019D6
0019D5
0019D4
0019D3
0019D2
0019D1
0019D0
0019CF
0019CE
0019CD
0019CC
0019CB
0019CA
0019C9
0019C8
0019C7
0019C6
0019C4
0019C3
0019C2
0019C1
0019C0
0019BF
0019BE
0019BD
0019BC
0019BB
0019BA
0019B9
0019B8
0019B7
0019B6
0019B5
0019B4
0019B3
0019B2
0019B0
0019AF
0019AE
0019AD
0019AC
0019AB
0019AA
0019A9
0019A8
0019A7
0019A6
0019A4
0019A3
0019A2
0019A1
0019A0
00199F
00199E
00199D
00199C
00199A
001999
001998
001997
001996
001995
001994
001993
001991
001990
00198F
00198E
00198D
00198C
00198A
001989
001988
001987
001986
001985
001983
001982
001981
001980
00197F
00197E
00197C
00197B
00197A
001979
001978
001976
001975
001974
001973
001972
001970
00196F
00196E
00196D
00196C
00196A
001969
001968
001967
001965
001964
001963
001962
001960
00195F
00195E
00195D
00195B
00195A
001959
001958
001956
001955
001954
001953
001951
001950
00194F
00194D
00194C
00194B
00194A
001948
001947
001946
001944
001943
001942
001940
00193F
00193E
00193C
00193B
00193A
001939
001937
001936
001934
001933
001932
001930
00192F
00192E
00192C
00192B
00192A
001928
001927
001926
001924
001923
001921
001920
00191F
00191D
00191C
00191B
001919
001918
001916
001915
001914
001912
001911
00190F
00190E
00190C
00190B
00190A
001908
001907
001905
001904
001902
001901
0018FF
0018FE
0018FD
0018FB
0018FA
0018F8
0018F7
0018F5
0018F4
0018F2
0018F1
0018EF
0018EE
0018EC
0018EB
0018E9
0018E8
0018E6
0018E5
0018E3
0018E2
0018E0
0018DF
0018DD
0018DC
0018DA
0018D9
0018D7
0018D6
0018D4
0018D3
0018D1
0018CF
0018CE
0018CC
0018CB
0018C9
0018C8
0018C6
0018C4
0018C3
0018C1
0018C0
0018BE
0018BD
0018BB
0018B9
0018B8
0018B6
0018B5
0018B3
0018B1
0018B0
0018AE
0018AC
0018AB
0018A9
0018A8
0018A6
0018A4
0018A3
0018A1
00189F
00189E
00189C
00189A
001899
001897
001895
001894
001892
001890
00188F
00188D
00188B
00188A
001888
001886
001884
001883
001881
00187F
00187E
00187C
00187A
001878
001877
001875
001873
001871
001870
00186E
00186C
00186A
001869
001867
001865
001863
001861
001860
00185E
00185C
00185A
001859
001857
001855
001853
001851
00184F
00184E
00184C
00184A
001848
001846
001844
001843
001841
00183F
00183D
00183B
001839
001837
001836
001834
001832
001830
00182E
00182C
00182A
001828
001826
001825
001823
001821
00181F
00181D
00181B
001819
001817
001815
001813
001811
00180F
00180D
00180B
001809
001807
001805
001803
001801
0017FF
0017FD
0017FC
0017FA
0017F7
0017F5
0017F3
0017F1
0017EF
0017ED
0017EB
0017E9
0017E7
0017E5
0017E3
0017E1
0017DF
0017DD
0017DB
0017D9
0017D7
0017D5
0017D3
0017D1
0017CF
0017CC
0017CA
0017C8
0017C6
0017C4
0017C2
0017C0
0017BE
0017BC
0017B9
0017B7
0017B5
0017B3
0017B1
0017AF
0017AD
0017AA
0017A8
0017A6
0017A4
0017A2
00179F
00179D
00179B
001799
001797
001794
001792
001790
00178E
00178C
001789
001787
001785
001783
001780
00177E
00177C
00177A
001777
001775
001773
001771
00176E
00176C
00176A
001767
001765
001763
001760
00175E
00175C
001759
001757
001755
001752
001750
00174E
00174B
001749
001747
001744
001742
00173F
00173D
00173B
001738
001736
001733
001731
00172F
00172C
00172A
001727
001725
001722
001720
00171E
00171B
001719
001716
001714
001711
00170F
00170C
00170A
001707
001705
001702
001700
0016FD
0016FB
0016F8
0016F6
0016F3
0016F0
0016EE
0016EB
0016E9
0016E6
0016E4
0016E1
0016DE
0016DC
0016D9
0016D7
0016D4
0016D1
0016CF
0016CC
0016CA
0016C7
0016C4
0016C2
0016BF
0016BC
0016BA
0016B7
0016B4
0016B2
0016AF
0016AC
0016AA
0016A7
0016A4
0016A2
00169F
00169C
001699
001697
001694
001691
00168E
00168C
001689
001686
001683
001681
00167E
00167B
001678
001675
001673
001670
00166D
00166A
001667
001665
001662
00165F
00165C
001659
001656
001653
001650
00164E
00164B
001648
001645
001642
00163F
00163C
001639
001636
001633
001630
00162E
00162B
001628
001625
001622
00161F
00161C
001619
001616
001613
001610
00160D
00160A
001607
001604
001601
0015FE
0015FA
0015F7
0015F4
0015F1
0015EE
0015EB
0015E8
0015E5
0015E2
0015DF
0015DC
0015D8
0015D5
0015D2
0015CF
0015CC
0015C9
0015C6
0015C2
0015BF
0015BC
0015B9
0015B6
0015B3
0015AF
0015AC
0015A9
0015A6
0015A2
00159F
00159C
001599
001595
001592
00158F
00158C
001588
001585
001582
00157E
00157B
001578
001575
001571
00156E
00156B
001567
001564
001560
00155D
00155A
001556
001553
001550
00154C
001549
001545
001542
00153E
00153B
001538
001534
001531
00152D
00152A
001526
001523
00151F
00151C
001518
001515
001511
00150E
00150A
001507
001503
0014FF
0014FC
0014F8
0014F5
0014F1
0014ED
0014EA
0014E6
0014E3
0014DF
0014DB
0014D8
0014D4
0014D0
0014CD
0014C9
0014C5
0014C2
0014BE
0014BA
0014B7
0014B3
0014AF
0014AB
0014A8
0014A4
0014A0
00149C
001499
001495
001491
00148D
00148A
001486
001482
00147E
00147A
001476
001473
00146F
00146B
001467
001463
00145F
00145B
001457
001454
001450
00144C
001448
001444
001440
00143C
001438
001434
001430
00142C
001428
001424
001420
00141C
001418
001414
001410
00140C
001408
001404
001400
0013FC
0013F7
0013F3
0013EF
0013EB
0013E7
0013E3
0013DF
0013DB
0013D6
0013D2
0013CE
0013CA
0013C6
0013C1
0013BD
0013B9
0013B5
0013B1
0013AC
0013A8
0013A4
0013A0
00139B
001397
001393
00138E
00138A
001386
001381
00137D
001379
001374
001370
00136C
001367
001363
00135E
00135A
001356
001351
00134D
001348
001344
00133F
00133B
001336
001332
00132D
001329
001324
001320
00131B
001317
001312
00130E
001309
001305
001300
0012FB
0012F7
0012F2
0012EE
0012E9
0012E4
0012E0
0012DB
0012D6
0012D2
0012CD
0012C8
0012C3
0012BF
0012BA
0012B5
0012B1
0012AC
0012A7
0012A2
00129D
001299
001294
00128F
00128A
001285
001281
00127C
001277
001272
00126D
001268
001263
00125E
001259
001255
001250
00124B
001246
001241
00123C
001237
001232
00122D
001228
001223
00121E
001219
001214
00120F
001209
001204
0011FF
0011FA
0011F5
0011F0
0011EB
0011E6
0011E0
0011DB
0011D6
0011D1
0011CC
0011C7
0011C1
0011BC
0011B7
0011B2
0011AC
0011A7
0011A2
00119C
001197
001192
00118D
001187
001182
00117C
001177
001172
00116C
001167
001162
00115C
001157
001151
00114C
001146
001141
00113B
001136
001130
00112B
001125
001120
00111A
001115
00110F
00110A
001104
0010FE
0010F9
0010F3
0010ED
0010E8
0010E2
0010DD
0010D7
0010D1
0010CB
0010C6
0010C0
0010BA
0010B5
0010AF
0010A9
0010A3
00109D
001098
001092
00108C
001086
001080
00107A
001075
00106F
001069
001063
00105D
001057
001051
00104B
001045
00103F
001039
001033
00102D
001027
001021
00101B
001015
00100F
001009
001003
000FFD
000FF7
000FF1
000FEA
000FE4
000FDE
000FD8
000FD2
000FCC
000FC5
000FBF
000FB9
000FB3
000FAC
000FA6
000FA0
000F9A
000F93
000F8D
000F87
000F80
000F7A
000F74
000F6D
000F67
000F60
000F5A
000F54
000F4D
000F47
000F40
000F3A
000F33
000F2D
000F26
000F20
000F19
000F13
000F0C
000F06
000EFF
000EF8
000EF2
000EEB
000EE4
000EDE
000ED7
000ED1
000ECA
000EC3
000EBC
000EB6
000EAF
000EA8
000EA1
000E9B
000E94
000E8D
000E86
000E80
000E79
000E72
000E6B
000E64
000E5D
000E56
000E4F
000E49
000E42
000E3B
000E34
000E2D
000E26
000E1F
000E18
000E11
000E0A
000E03
000DFC
000DF4
000DED
000DE6
000DDF
000DD8
000DD1
000DCA
000DC3
000DBB
000DB4
000DAD
000DA6
000D9F
000D97
000D90
000D89
000D82
000D7A
000D73
000D6C
000D64
000D5D
000D56
000D4E
000D47
000D40
000D38
000D31
000D29
000D22
000D1A
000D13
000D0C
000D04
000CFD
000CF5
000CEE
000CE6
000CDE
000CD7
000CCF
000CC8
000CC0
000CB8
000CB1
000CA9
000CA2
000C9A
000C92
000C8B
000C83
000C7B
000C73
000C6C
000C64
000C5C
000C54
000C4D
000C45
000C3D
000C35
000C2D
000C25
000C1E
000C16
000C0E
000C06
000BFE
000BF6
000BEE
000BE6
000BDE
000BD6
000BCE
000BC6
000BBE
000BB6
000BAE
000BA6
000B9E
000B96
000B8E
000B86
000B7E
000B76
000B6E
000B66
000B5E
000B55
000B4D
000B45
000B3D
000B35
000B2D
000B24
000B1C
000B14
000B0C
000B03
000AFB
000AF3
000AEB
000AE2
000ADA
000AD2
000AC9
000AC1
000AB9
000AB0
000AA8
000AA0
000A97
000A8F
000A87
000A7E
000A76
000A6D
000A65
000A5C
000A54
000A4C
000A43
000A3B
000A32
000A2A
000A21
000A19
000A10
000A08
0009FF
0009F7
0009EE
0009E6
0009DD
0009D5
0009CC
0009C3
0009BB
0009B2
0009AA
0009A1
000999
000990
000987
00097F
000976
00096E
000965
00095C
000954
00094B
000942
00093A
000931
000929
000920
000917
00090F
000906
0008FD
0008F5
0008EC
0008E3
0008DB
0008D2
0008C9
0008C1
0008B8
0008AF
0008A7
00089E
000895
00088D
000884
00087C
000873
00086A
000862
000859
000850
000848
00083F
000836
00082E
000825
00081D
000814
00080B
000803
0007FA
0007F2
0007E9
0007E0
0007D8
0007CF
0007C7
0007BE
0007B6
0007AD
0007A5
00079C
000794
00078B
000783
00077A
000772
000769
000761
000758
000750
000748
00073F
000737
00072F
000726
00071E
000716
00070D
000705
0006FD
0006F4
0006EC
0006E4
0006DC
0006D4
0006CB
0006C3
0006BB
0006B3
0006AB
0006A3
00069B
000693
00068B
000683
00067B
000673
00066B
00066B
00066B
00066B
00066B
00066B
00066B
00066B
00066B
00066B
00066B
00066B
00066B
00066B
00066B
00066B
00066B
00066B
00066B
00066B
00066B
00066B
00066B
00066B
00066B
00066B
00066B
00066B
00066B
00066B
00066B
00066B
00066B
00066B
00066B
00066B
00066B
00066B
00066B
00066B
00066B
00066B
00066B
00066B
00066B
00066B
00066B
00066B
00066B
00066B
00066B
00066B
00066B
00066B
00066B
00066B
00066B
00066B
00066B
00066B
00066B
00066B
00066B
00066B
00066B
00066B
00066B
00066B
00066B
00066B
00066B
00066B
00066B
00066B
00066B
00066B
00066B
00066B
00066B
00066B
00066B
00066B
00066B
00066B
00066B
00066B
00066B
00066B
00066B
00066B
00066B
00066B
00066B
00066B
00066B
00066B
00066B
00066B
00066B
00066B
00066B
00066B
00066B
00066B
00066B
00066B
00066B
00066B
00066B
00066B
00066B
00066B
00066B
00066B
00066B
00066B
00066B
00066B
00066B
00066B
00066B
00066B
00066B
00066B
00066B
00066B
00066B
00066B
00066B
00066B
00066B
00066B
00066B
00066B
00066B
00066B
00066B
00066B
00066B
00066B
00066B
00066B
00066B
00066B
00066B
00066B
00066B
00066B
00066B
00066B
00066B
00066B
00066B
00066B
00066B
00066B
00066B
00066B
00066B
00066B
00066B
00066B
00066B
00066B
00066B
00066B
00066B
00066B
00066B
00066B
00066B
00066B
00066B
00066B
00066B
00066B
00066B
00066B
00066B
00066B
00066B
00066B
00066B
00066B
00066B
00066B
00066B
00066B
00066B
00066B
00066B
00066B
00066B
00066B
00066B
00066B
00066B
00066B
00066B
00066B
00066B
00066B
00066B
00066B
00066B
00066B
00066B
00066B
00066B
00066B
00066B
00066B
00066B
00066B
00066B
00066B
00066B
00066B
00066B
00066B
00066B
00066B
00066B
00066B
00066B
00066B
00066B
00066B
00066B
00066B
00066B
00066B
00066B
00066B
00066B
00066B
00066B
00066B
00066B
00066B
00066B
00066B
00066B
00066B
00066B
00066B
00066B
00066B
00066B
00066B
00066B
00066B
00066B
00066B
00066B
00066B
00066B
