00000000000000000000000000000000017f0ecfd412eb057dd2e00d32b90b2c
00000000000000000000000000000000e36b0bdfee0400f47f5dd3fa17a80cf1
00000000000000000000000000000000edf613d046f34566ccee16ffc67c0d1c
00000000000000000000000000000000e2d914e583297f00cee90506d481022c
00000000000000000000000000000000f2d22cd702f237c6e7ce27f5f30d0fd1
000000000000000000000000000000000778e5cf04d2ede030e7cb03c860330f
00000000000000000000000000000000ef44bcc42c3cd1d3ea0de32cc23a7f81
00000000000000000000000000000000e1fce7d9ebe6340caa853a2cc00719fe
00000000000000000000000000000000ddeaf7f951002548d63905200947f00f
00000000000000000000000000000000e3d81b07e4f5f40b14da11f87f53dfcc
0000000000000000000000000000000012d7c3d6d368dce943d40501e6b5204b
0000000000000000000000000000000025e581d1e69edad1b17d7f23e93824f7
00000000000000000000000000000000fb0cd6f3455715c2a1f8077fe741f536
00000000000000000000000000000000e213f767c6e91a2bc97fcf1cf329dc1d
00000000000000000000000000000000e3272e7f152bef7ffe18d6010ed1d2dc
0000000000000000000000000000000000b0bfe02a8dca3ee4f10204fe90021b
000000000000000000000000000000007fbdc5f6fa7fd919afe51b0ffbd6f812
0000000000000000000000000000000020f6891504ade8bbbfcdd8221a39f00c
00000000000000000000000000000000f41be5692c351fcd3c9cee09fd9ae44c
00000000000000000000000000000000e9230a601ac913eb6dc4fcf9d9e7dd0e
00000000000000000000000000000000fa9ef5f48130d605d9d4091101fe05e1
0000000000000000000000000000000026bdcafc13d3d42bea52f504f9f0efec
000000000000000000000000000000001ce8d9fd1f1fd9df62eae4083b50e4dc
000000000000000000000000000000000807fb11b104f2e562423201f7e8e6d2
00000000000000000000000000000000100b3b12d8130a0e19381618e0fee7f0
d131eceb3002fb93f3e6170c201601080ca7e2a6d83ad909b1036cd4dc073fd6
8e2e1f142905f5f025e2e6212a1c13f5c5f31dabeef48cfce2fd09e9e72d5f2c
d225222663bfefda021414e81e1f10f5dfd1f0d3e43ab0f1ed0a2702161700f2
231d16da28e807dc08fbc7011bf10014081cf29ce111080c24f1f103f5bb55ce
232b09cb18f734123be0af171803d0101016e8d9ec00ced7f305e70e25aa6a2e
e342bd044ea503081df5e30e30e41f26eaf6f1fadb4795f4cb24d8181bd72b25
08682106e90109cff0280d16f80601100bfc07e40b11dd0f14eb0c311bd659db
f059a8f801de25b9111001fbe0f80e162826e8f114ef99e117ebe53f2db867f0
c77b9c1029c1140327cddaeff0fd230025cad4224d1f98e3f359d93430114322
c4f612bff833e4e0b0daf502efa32504f186ebc42f405e9daf19030cd006c250
f62fc8e4a108ecffc4b254f6e5d82c0ee7dccce105ff59041c28ffeef83df3c6
2df9e62bf94811d5d50a2ae9bc0b38ecfc20d7ebfa4aede439d72c1e4239f7e0
e1ef2bb10f38d904d100f909f2c00a13edb8dcdf004268cac1f7210211e8100c
05673ceb04cdf8d7ce8d3414f6a643e5fb07cf03eb0807f790e44aff0bea0433
e92edf224eaafdd0becb12db09fd2af60d10d91581410bc6adfaf02e0dfcec22
eecf27f31b3ed714bc391502df1d0c1fb41917c6ea031ac129cbf73127ca0ab2
6a2d34c71cd1bd09c2e420eae1d5291eef5a42ece20d29d805b0402b00a0f210
061084a72781ee0bc5aa05b7f325231e115cfc278d56ee99b4f9081cbb8ec838
de0cf035af2615df3bf40cf10709092bf1e10a0d1509c9002d04faeef82120f5
befbe1f8f5f020c031f918003312f732efd3fe070cecadf110fdf6fc382326eb
8138ca3104dc0df825f7f0e9233121f5f71427f0eeca1c1114ea990f051e26a5
ed0bbe10efeefae516e91f22fcd900f9eaffe1f2eef3dd0d27bd4bd724d53341
fc0cc3f0169326bc0ceaf70e1f1d3732fec7e8d1d2d4befefecef7fc51d81a24
b169e80a32d904093101010519451b0bd6d11ac3f3d2490e05e4d60f1cf61efa
3f26eb0bfb050321fd0ae0ecefa8070b08deecff0ad341fc2cf204eff6c65ddc
3d2881e836cb2b1209e9eef00caf0412e4afedddb8cf08ed00f0a8eb39d82efc
e225da00bee902300120fa0b13f3c411f18eddd8e5c51c0121fabae62e081da5
2a1308f0cc04da5fb01d2eeeffe407fafb37f3fbb332eb1e06552ebabcebc99f
07010fefdf25d54ec00862f208f331fb301516fcf32ce31a280229c6f1f1d7d8
00532a358c37cb34bf0707ee0b4d54f61f08fefc1539dfe90ff5fde5e40ff6dc
11252cfcf6dd0d23d31020f6fcfadaded42c22fbfcea0111fe5442e0e6f60105
08196adecde8f10cccf6bdfefd04fee5f1f6fadafc03e6fceeff2dde06e52a2b
254454f4d8e0dc08cfd8ce02f9087f042719eadbfd1afe03fdbfddfde80d3051
2c112e1ee6d50ff8e1f4e4fbe9d891f2ccc20d00ffed0d17fb5e10e90503f01b
cf0974eebfcbdef1e9f79bfdf4e2f2fed4f801f207e0f604f706c608e2023608
ee1b3cdadff5cbf9cce2dd1cf4fc4e020cf7eaf6e2222cece4b0fa12e4f9310a
d316050cdb1411ba84056b00009f2014cfe3d8fa455fe1eb812f7125ff1700fc
08260949ebc10dd7c508790adf151d02e007a8fee420a9f8fa341c020f3c0216
010feb7ff8ac0ef90a2534faa418efbed305d108f7102c190b5aa30c0b2bd324
1b25f3d6ee0fe217d81b400e0406f2eae13927fe522eb5d7e0165a1210be1500
ed45f912e8bff625e9da1409ef0b0eb9f73bd9ed190b15d8dc3006f3f3d80e16
e544dc37d1ccf6320719fafbf0f30cfce508a5ecee0c3913f87fe1dfd8e5d830
050105cbb207be7b0b12e5b80d26efeedf1426f06527f8b61d11311e1fa2f5cc
073bfbe9e818ed5f0a00c0de14fce4f5f40629f9340312c42541d8decde00cf8
e138e902b61a0a7d32fbe9ebf9a80205f5dc81fb07fc470b2272f5b289bcf2ff
f43adbe9041bdee60a2efcfdca073ab2003fe0c9cbfec9ec0efff620cfc62a01
e719bdede0fbe3230dfc1b1ef0e42ef1e91bd7c3ddd9b4ebe1f72605bce0440a
ff53b5f76608e93a3cfd0829cddd15b714321cfb0aac4ff207fe1df5990274f5
f63cebf3e80be811210b05f507f9f8c0eb5224f3dc06a2080427fdfbd8e533cc
14f40cd323bee0112ee5fc2609f8ebcdde0125d0b3141df6ea10dcf8e8bf2726
d14f08f437eed5162cfd0f0ef8ed1af50d0bf4de0c0352bf0525ee30d8d73efb
d9451f16a327ff32143b1cf72d21f1bddc040c03141b46c6d8290ed8bfe065cf
e02946ddf9fbedf21009d71813f3ef0704ed12bd083e5bf0e31a4108c3d27ff5
e83600f6fcfddc2104ebf804e6dfc1070332e2c5f44134d0054dd5e281f568d1
0b19c4fddbf8f56133d40b0d07dfc11300fae417fe02f56410f609ebed0924fc
fadb1aba29c004291bebfc0206f2f819e1cfc4e9ddfcb9fef2d50fc6ea0e28ee
a7e441e9451b31322a17dee63511111611f20f03e6fef9faf1e63408141419f2
16f2d3200ee3f51318e2dd19efd1e52125f8ef07d7e3ec482ab8f0fe0eaf431b
f6cbf3e1fcd70f0118c4e013f6aebff7f89fe7efd6ecf4ef04b418e430e34519
8bd735e01e00150406e704f8281aa8f9e49f081d1126c2faf5ea1bf325fd2930
7a08fd2721d632251e18ef03e4b74c1509fc200afcc0f21c42e0edf7053c74ea
46faf3d416e31b040f132a1f0ccd1dfdebc2d0dfe1dce1d1fcfb31f13b092ffd
d4ee04e7e70710dee001e50f15f1270fe2f7e70ef6e8cbc9c1c81eff121f472e
0ddde4d5f52bcfeaef11f20eeae242d135cb17edb6fdd500d0bb9af6b9d41721
0847def73518d932fcf62f2aefc21be6fab826e3e6d069240bcadc0a10fbf501
1dfd0317114bdf13db1df308d31df62adcee0cd1dc246fe40af31a01fbf81fab
23fb3d14310ff90f10f7e1f8e5d913f81f8103e7002e50fbefe54908fe283d1a
d7523ee5bfd6d0fe188119fcf081f31216f8d0be05162702d420530f1aff0416
2129fcf5b1dad9381beae600decf100d15e0ebeb09efedfe0519170eed2619c2
e1073cec460ffe46f54de9040c42b408e2e2f08bd9413cffeb00450803303083
ca0f63dcfefedd4a01cbf7dd0bdd15ee3757c3c8eea72a0cec4474fc03df16fd
efebe1e3dd0df0d7f2e2f6f9effe2c00402bd9edd3e5adf1051b43b6ac15fed8
02310916f40fedd317170ae5fa62dcce111a30c4f53ccf08fc210ef7f10c449d
f40e002806e4ecd21a0e9cf7f240dee32d55d6b4f614c4d92c242cf4d80003bf
0e2f00632dd612e2e944ec22c92905c81fffdae73481f5dc17fa11f9a92135f0
ed554317f4da0ee21fe1fbfc151fede51e3a3bde2602ebe9a928c205dea66608
db334126fbd0f8f503faeef318440afdfd1c2fefea10f105f02fb308b3dd63db
ff3eed2025de0bc60524e30ce220e9fc23f6fbb41e04450c0f44bbffc72316c3
25fa510ce2ecdecfe9ebe7f0fde9dad337ed40f7fe1cdde1d7ffa0fda2e67227
ec09761ab30ff5d81cfb0a19fef1dadd07d4f5fe332bbe07def7f218b4d128ed
1f491924ed0acc170233edfbd255320804d6ebc6fa030805e10fddfaad1937d2
e504ed01c62825d5054f3329bf090220819e0ccffec0c4b946d5f0db25200882
dc0126eafc340fb231293704e91b12d7dedc068efde9d39723ec40fa30eddd9f
ec20073302e8f4baf6fdbf09812123810ef3f58e49a565dd0cdb061304eacedd
14060027d1281ac4e8e72a24d3f09b0ffbf91411e3c081d401fa07e524090a2e
f62a42091ad52b0f21de08fb1201a6b2fcd5190c02f405ed0b0cbd182d0324fc
f0430fff0acc0fea0500edf5ff471df907f6ffd253c3570a0e18820ff41fd694
7147e5492ed40baeb5ebfb15eed08eae1df610042ed23dfbd202f9b8d39c0b7f
df3ff62610c230d9dfcb1506dde7aff3ea9d0bf4acdd2c0cd32681e4ead01b16
f130d62dd63203afc228ed23d4170728a6e803c945c91c57e410b404f423fe9a
c8f7c8f5f8f419e138fe4cfcfeec030fedcf1825f8e5eb2cfde468080f091618
e3e3ee2d0bfb10bf300200fffd16ff11f413112b18ebdbedd5de32fe1900182d
e1dfb40137e61bd02ff21df4f61fe11cce1a2715c5c71a20fbcbce0b38f7e335
dcfab8eb07ec0d0e2003180307f80a0cdd150c1c14f4f43100cd200801f5fff7
e3ceb90d37f7f3dc15f9f90003fa0002f9f5f410fcddf60be1bd0518f2f2f41d
06c4a6ee3aedf6fa22f2f9ff10f0d80dcaf3fd0dfbe95626ebbbf70308ecda38
dcf7a9d509f3200011f604ee172c340cf625092af50afa2e26c7500c2aea0400
e5ebae071c0409d91d0cee010821ff03ff06ea0e28e5481d10d70b0420e6f703
09eda702042910072df6d90627efda0fe8f7ff100ccc46191fe121e125fd020c
dfe0f129eaf922250cf50ffcfaeeb00bf1f8060f3ed1cd492917e8d713f6f327
04f1fd01d1e40407f4e20deb2b2bc037f51238f804e9ce3a110321f32c02090e
07c9f2fbe5dd0427e2daf3e4392ce0290414faee192afa1c0fd3e2083cf0d432
f9eeee1f08fd2232f7fd221aedc1bf07ea0bea0c29cde1340ef61bf814fce1fa
0fe3dcf4e4fa1ee1d201fcfe0307cb23fce1fef0fafef21ff4f108fd4df21b29
f6e008fe01f60521e402defe183c0624f5d0f8efdc2830fef8f304044a03f0f3
4afdec3c12f71cffddf44311d4acd71502fdfd242fee2c360b0323062116dc1c
5ae5bb0611e30af7d6ff1711e4e6f312d9db05fc17f20c0ff7f9f5033f0ecd3b
00fed51eb0cd03fad1f2001af22afc08e4defc14e608ed01e8f61d0e4e0df30a
de32c1eab5cef75716c41be3caf828ccf64f990d82e2c0c9ebffd0f3e7e5b744
f522e41417f2f83716d6f8d8e50c42c9effbda0e00da751f2018abdf13dcdd06
101afc12160dfb0ef40b02db921d200a0d23048517b3523437f137d71200d5bc
635ff4d91bdb105b21a4d3ec00b511eb0d060800adc024d7ec0bbdb60e89f255
f96a1ee40eeb140af5b5d6ef03d41d1df3cef708c2f32614ef150ceb12d60513
003a02069ffcfbfcf230a60bbe0e0b2115dacd810804331e29f540ce24310ece
0e1bdfe87028185cf31ed6d6fdebd428c69237ece68d13df29f3aed411f3ebe7
bf0020030a5b2dfaeca011fc0db6ea26eb180dbfbbcd1ef503f928dacff5d5be
08e90e18e21704e9eff10f0df306121424efc88cf0c5050211f96f81b30787d5
fa34f9fe96ee1210c60b0ce91011ce0bb81beee0e91c002a0a4e5dc015e3d1d7
053e0f0a9eec1113bcf41aee02f8f819e627e1f2fc041b09fee146f62ce8dcec
347b0311a2d4fd3f9fe2f3ee182d1b140108e0ea0a40db020fbc1cfe2bf1b811
da34fe1dc6e40fe1f506edfa0915920dc1f8fde719ead105074b4ed51dd5e3e2
ea2e3605bccd0ef4d6ebd813fcecf6f9e610e3db01ec200ceede1def30e0f007
11591b03aee0f504a7dbea02f6fa3e17f515e7fcf4095e03f2a638ff25def917
fe0df13a03da1c0fd90641f8efeeb0f0a2fbf70c0ae20e0deb6e31ef1fe59df1
ff08032309f10be1d305040cf9e4edf7d8feec0e15011713e4362c042c04acd4
1820f3fdfefedde891062c04eee71301c8e7e607ef3553fed5f4420f40ebbaac
17f30524f536f399ba01f8e9cf2803f5a88c2ad721201681b4fde9f4e117f7a8
ffd910f6fc170d96cdfff3ffd703e9f3f9fd1dd7a521eab6e8cbda0af82cccc7
0c283e0efb03efcdd81a0e0eb3fe0ad9290eefe1e004e5b506d7f4fd082287f6
fa17f3391f03ecb1cdf7df0cf3eed502cb982ab4c92566ddaf231feccc18e9a9
ed022b130105fc45e1c0371b19bbaf00f3f32b01cc05c500b3b726fb0909e0e9
ef382f33528ed7fcd1e52d0c42ff01bed50416f3f8f6a91015e9c001f21bf4f9
2611ee2c3f29a7818145f8131027cd01eaf30af05f3d34f0a50e0bd2f1f5dcce
5afc0b3d21c9e5d9a6e43b0ed4c0a5f4dc2c1a1302f7d930f5c8e6f01fc6dd38
3118b3240ec3c7cebfda2212d991e70fd927f2190d089d2fe4e5fbf9e1e1f620
eafface2eb520ec70001cfed14300d011be6ebf81f1e01f5e9eb5be52be8f195
fa2caff3daf703def49dd5ce3e0dc2c2281fddff2a168ce8ccef4bd028e42147
19084220ebd407ddb3e581cf1a38a0d44531cc02384d26d0e2171c8fd2d7fe56
24240e0e8110e6dff808f4fdec45f1e8041424c4301fe9ff10c1e9fd25812d81
637f22eadac9d91ce9b6dab60f06e4db130523ea28f8e9fa11cde6f723b70d1b
fc53d4edc6e80405ec998bd230e203051bbfb7df761609f80ffcf1e5cfd7edff
d7fa2107dd0c812aef1dec81f755dafbefc2fb8d1e2230af0eb4ccebf1bde0d7
e02422fa3912dc2ae81ce9d50a460c05eac03ea3311dc10013f6b5e4fb0819a1
cc0acecc3540010ee00511dc2638eb23d5e5f8bf3611e6ee1ef0ccf0ad26f094
fdef181ae2fe15cf152bd8da21dae4091fe80c01f513e81fec24160eef3dd3e8
d2d3fcef3bd304d30f1cafbd17dc11cd20f7aedf0724fc1103260ff6ed11a60c
d8dbf212609ce5c3f647e7e3c4d402d317ffaced35ee1d06e72ff31738e990e5
f401118bd21d05db212e4bb030d7353024e99901130be91b430b45fcc110ffda
eaefff81fefbfddd183908cd19bd4f27f509850210f5dc2140062ce9b321df02
eddb03d019f30ac7f848fbf915ce49d5feffac0b10f80dec16262ad92e1fbfe4
d02130afde3b1510334a5eaf33e6420d20ffe50924f3d8e5120512fe8f05ee13
e007fff2ac37f1d7192c6beb38ce4f0d1304ae241c1ac7f710eedef581020cc1
05fee719bf5322130b3724f517dafbfd0bdcfc23ed15c3efe0030e19fcffd6dc
29330d0acdfef5171bc8ea2d000901cad614f813f9130efceb082493ef1429e7
fb12e00306fce8fe39b8fd1cf1080be6ba0e080df617f9ebcbfe2284eb2111dd
241905001fcbf4162aad112e110413389cea06fbf32e0d16e61345a8d22c2be6
1b18f609ebcde22411bbf8f0cd030ee50f032501f5120200da1bfda1f01833ee
faece6070bfde80d1aaf05e2cb0310f3c7fe1108071b04eace010b810411edca
fd19dfef14ccf5010eb6fdf5ef08110ec5ff1a1a0211060008f63499001505d4
390df40cdcc4e3363c810c14e0fcf8f1ca190be70c1724f3f54437b129226602
0c0eff14edeadc1c31a511150d0efaf19c0207ff0c101008da1af99e29132cf1
1c2a3700d7dee3fe3ace1d1d2205fe0ac23e200922052b0ce4054d9a071c62e2
09311c12ff0cf105d23b10fac1f9f806dc0613eb0118d4023c0bdd17f10a093c
fafb391eeffd060bef31f200cfe7def7a61101f216e4170c110ef2e2e8fb202e
04e6fc06f9f7ff16f4fc98f7cfefd8eb8118c30f0aed21f32206f1e800f03c0b
f2f30526d0f7e6f805e0dde0e8cfef03c11d1b0607cd81131433d0f6e9151d1e
f396000ce7fcf6ed18f7022ff1b5d10cc82f061013d0ea0bdf2aeab6ed031834
13f195fc05f5fd0a040ce129e8c9dc08c91ceffc0bec29ddff09d9d201e73a39
d8d2f218c41ee1fb1d0cc4dbd3fb1dfcd302fe05fcafccf71c20d7ea17d70bfb
17b1f60fe10010d9f30f07fc16ec4d0aea03f6fafb0be9d01509f80ffe021740
1ed7dd021ce71cf0cb15201e01f72e170beae51bff1215be4b00ad0905d0fd41
c0f9fbf2291cc3f3f0e306d9f70fc2bf00d1dfdbffc6fdf7fde8bae30224e1df
ee08e6dd0d0ef4e3ebebc4dafc052be31abbdbfd0ccd0d0610fee2de0006e4d1
fd26e4c2ff05ccd90a26ccaa04042ed02a11ede5e6efe7e46ae8d1feea11bad6
d5e101f10412ecfd1800e10bb116fc0711d6e20af9cfdff301f0bffcf0150825
12f5fcd6f5f60b03fd1fd71eec1720ee10e6ea2707da1fe604f01aeddae4210c
0c25f2ffed15f2e21d28f4f6f70602ca163d080be3cdffec51f1c600c7f5e1cb
c7fe0d00fe1ede0e230ef4dec814212d17e5f3f3c304ccbf41f6c612e008d9df
f4d10e110e1cf20c1714e9e1d4fe151900032323cc14d9b632fca3efe9dec8e5
e7eafb3b1842e3dc20219ef4d411f7c9e7241e0f81cbd4c833e081e0cce6abb7
c0c489380411fee49f0d23baeff49512921bf0d80db81ef85bd7f2c0250fdcf0
08168b11eb101123cdf11403ef00cbffc410f91af2a630f737dce0f8ed1dfde8
1f30d20af91bf31516f617ece72c01f5f012230cd7cf11f40906de02f2e7f8ca
f7aad8f43301fbced9f50bc016eca10bcdfe02f6f7f0dbcc06fa03fb18042916
08e6b8f1ffee08fff9defc21f2baac12e3d6fc2115ea10e7fbf40111d2f4271f
fc35cc20dcf3120228f3db24d4fdebe3e90120f202971302fdfbd314ead4fed7
11b2daff4b0600dcfe0b11e6f21e0cfd0ddd2008cf0dd2cd0cf8031307f11bef
0acf141b0beff8fcf5f2f8efc9ebce111afe3a1adb12d2d22e0abe00f6d309ff
f0ece43afbed06def5f6be059afac5e9db503f0194cccfed0dcba2d5e0c7dde7
0cf4061631f707fae02edca61ee4d6ba1b8129e6ff0f0d114815f8e4cafdd4e1
0cf1e404f7c41de5dff82abeb9e0f9f302d127d31402160d0c2527f50e1908f1
080b28f7fdc511e2e3f6abd0fb02ebf0051ff2f422eb0b19f912ed06e2f8bae8
fe14e3fd4a0dfcb9c8d2f7af1018dfde30e60ff210200e0539e9c7f8db0f00ff
093808f0efe716f5002ff3e90c0040bf25ff0afc0eda20141709fc9ade123ebe
2418e3d8fcd80308e238b4cd1ced3e9ef40cebf82ae4f9102a021aeded0f1dd7
f2f3cfce5a28e8c004f3d48fee1bf9e44fe71e161f05e6f957eb8d0fc4cf0007
1ee700cef002fbd03f32ece717e93eac10d405172111e6f845f9dddc0abf29fc
2d0bb7bdd412f6e92024f9f02be22e8109fdf12301f9cbf220f6b3e618f71dfc
110d162927d809ffb9f6e01bd903e7f22b014311ead31d103e14f312160ce5cc
0311301922bdff28a3e20d0adae2d9132b131d1007fc191c3dff1be1253c1cf7
f31ef30a57c7151897c3f5eeccff86ee16230603f9302cfd58d129bb49f00d09
0d070ce6f8fb08ffd0022726e3051ee619092316ffe722f4340cd10b071d0bd3
0efb28e7fe460310daf10f2401dc1502fc020a34fffe1a0e2f02ddd6281c1a0d
f42b01beef1a2134b7f3ee09ef0db2f7d21cd00cf606f5e96bea1e0730d60d1d
ffe5febfbf141cf3e7043825b10717eaf913fe26e90708e6502091f4e4e843fb
06fc2bb9fe2d1c13eb0d3817cbf1f8d4c5f5be3bdc05f7f9541ceedf18db2d1c
f835e6b700064151ddef0c14d808afde90d8b430d6dbeff9771833f31cda1a19
befbf52511b706031af9d91bc0160e4d131bfbd8afadca1c6d0ea7d531fbedfd
ee200602dfcf142713eafa220e132313ffeae0ace08dea28581cc8f6e117e807
ff2a2a24e0071030031af41bf00b0a28c1f4dad708e8fa0d111d043ad007eaf0
e0baca061dc4f6f92beef0f2c8d9af27dfe7dce1e7f7c71c3202c9d6f919e11e
e5e5c2fa1cd91008e838f4070ccdc31be3e40306fca7ee183013e3b3effce950
0416ddf1e5c90d13dc30fa2209f4e603e1ebf311ff8e2a0c24fef4ee06d502f7
e8e8d9d5531ace0a382be20cdafc1d2310f0d0ecd913c6fa37d1d8150323e3e6
07d9d4d5242be8d7e82dec03e6d5271ce7f4f029f200cafdf6ccc6d4e5101731
fd02d6e62000fee6e537f127e80cab1f13d7e729ffa8ebf024f4d8d20e042818
cee9ccd11dc8f4ddf607bb81d3f4f6bc38280fb59509dff624f7cdd14a0bc6ee
eff9f6b4f8dde1f9e9f69ffcbffabccd32f108a4eef30b16bb02cd0135f20f07
fef9ff20e300d107dcab97e30110b3d50adefac5efc8eaf7f4e2cbf80806f8e2
df0011a9fae5f5e81b1fe3de02f724cb0e01d0efe21adb1b3306eff52912ed1e
17f029f5effb1af7f205f3edb91bdbb806e7e3ea222ffa2a9821100432e81837
19fa1e3df3fee4efe3ced7f81521ecd3f0ed041210eb0f0bf9f6e30521fd2921
dfce01cfbe18d7231b28ada3f7fc21cb07d2def4cf09b4e03007b4effeecfcdc
02dd0af2e218f11cf9fbd4e7af0ad3b7fec40800f821eaeb811ca6071cde2911
ffeae30f1a19bbfa10b2f113ba1ba1e7ecc01b15e020e1b8db2d85ff17f8f9fe
ef0d1ddffa07dfd3ef179bd101fc25f4261bf92d0c1008fcd0e0f0fc39b8f80b
0f4bf4cca4bae5ffe93eaaec0e12e8fcfe08160108f5e60bbe09fb3e2cc8e622
fc00ebeb83d4fb061c13dcd5d1140001142add111307dcf2f3eb05582413e707
14ef18fe0501d8dbf12e9ab304f429e907fce3120112031202db0bf717ecfc32
04fad1e51cc0fa0b262788b2fdee33fff7f606f915edfdfdf6f2d80d2aeeda2e
e1e5b4fae5d516fc08e1f1b7f51af6c8e020f61a0be30cf21cdc0a2c5d1111ed
1cc70af41cebf7defc06cba323fb46e3131b0b240e22ff03feb412edf6f70f0d
0bd2c7d40cde111c21c1d89d11ac43ebfb23ce080304f510f3eccac817e4ee10
03e19edee3fc2b17e83d0cdb0af62fbdae39e7f0ee01f5152bfafa0b4fde12f3
d7bdd8362bed100e9cd81eb1810ee0d3f9fa24adefff1508590911dae8c50ce6
02ff231810cf1332e6e12fe9cb14e3f3c2d218dff01b181a271b09f2e9f311f9
0308142c03ece51184e6cbb1ef13c225e5fbdbd2e3fa18f256f52413040efb10
e4cddb15393009d7aef5f1b2af05f4c116f80ff0fe201a1064fedbe9eabc0ef7
e7d919f4f8fc1900dc22ece8e1111cf3ddc50306fa120e191e0901f4eb0c3be7
00e2fe20ee22f0089727c1c9e5f915d2d2faef07f8f417143a0904071a2046e8
f6c8b6f82c0b02ce9c0ad49c9d1404e60b021927f924f6f75ad1c5f720a85001
f2be1b1afdfc23edfd0fdfd5eb0e15e4bff50b190648fc1826feeccf30ec51f9
c5b3e82cd13b09e5af00eed2f9ed04d2bb190e2bd50df4082d0eb50517fa500c
defa521541abf923efc6f5f9f01ee10519e213c00230c505f244c119c9bbdef2
f2ff32ee08bd16f7afdc1235fcfcbd120505f80611efee0d1122d11fccc3abef
f30d1ac1fe07ff3ce61d15360bf92429efd1ccf9eeb1d6fb092dec1da2dfb51d
ed0a1c253bcf0f13fbdf97eed90af022c1fcfee2ffead6ec32370401ec0dfc20
fcdc0cece1b61a00b2ed9aeef4d8d71fb3f7f4f80cc1f9fc000efa0603111001
e5dbe0db0ee00d15fcfff72e09fff921e7d6f3feffbeec05f010df1cfbdd0511
e707fd0bb7ff0611b64aec9c17e1ff1d8cfb08e901f302eb400209e2f1f5570b
ecc7eaeb81400616c3f703a7b7e49219ccd8fc0dfb1cea0f052247e0eefe34fa
e3d91cf114fb0e2e1ed1fafcf02bd50443b9f4de0632e702ed2bfb2202bf11e7
fe25dab0cb120b0d0ce921cffdc8f014f0d6dd03daea0f178ec7d9ebef3036ed
001dddd81d25faf027c00bfc02da030c1ed5c1f214150906d0e6cdf710173f28
e506e4243a2fd1bb29a712db20f8cee72b0201eb050603f3c6dcfe2b042334f0
f20ff500fd1c0c1c16e11ce409d8f500f8d8d91422e70c17e69af903073229fc
0912dff40226333114e31fe90ce42805f0e0dff03fe30f12d5c7e713fb31431b
02060818232317d913c708d015f7e3fcfdfff40100f1111fecd1f82ae022470f
f208fc05fd2de11432d714defdf3e0d62bc2001709f416e2c5b9dc03f1203fe0
1429fd0f0150071014d706db02f809e108e6ec1415df0b10adc5c304df0d56f8
f41ffd1c1552100237cdd7d411f3caf3fdfadc0ab9b610f9afb0f729db0d45fd
23ff13fb26e004e4f8b50bfc28f1b9f311f0b609e6dff4eb3534210ceb051841
2d0021f50ddc0cd8e41120cef9e83603fee3dff7d4e31cf4182742f1ef3e2713
16e8e8e2600d1bd02b0bf1ab22f82dc1f7a3cad1b9ca1af2dd2fc5071e090bf1
181c1018f9ebf42cd4f01ac316ddbd0bdd0dd6b70c0b00e230f7fa12e6e700f8
1306eb07d01019feecd51ec719f14707e106e9e5d70ffcfd2600beee0e1015fe
0fe9d010183e11b3f7fb06eceafe7fedf2d4d5e3c1cff8fd1e2ae4f3e9dcd504
1ee2090c0af5110ff920121ebff794efef03e2ea1713f6099e13bb2816b713ec
33ff3802fb200412f2f9e401d0ee9c0ed3efd5fbfffbe70de2f8c003f92b0af1
08f91800f521fbfd31e5a92fdd12fd15fce1d1e5b7bffc151c3ad9cd0913f2f4
e60003eed71ef2b3e9f5e101eedbe8f0d12a0a04f9fefa1ff69ff10819020300
07daf6f4ba1cffe1fc1bf1350de424f2fb22f81601f0c52bdea9021a2521f6ca
07d7e12f050a04ebf423e0dc24f7fdd6fa38fd02260c06240d970c262025edea
17ea36d708deffacfed91f262c09ff1cf954fd1eeee8d209078a00171bf0bbeb
ffd012eacf0216e02b03161911f636e50e07fcf60ce40ff900cf1f181d1af8e3
f8ecd1f909fd18eaf60c43f8fcf12df41e360004110b300301dc2911110b2507
19c64b0225ace40828e8bef300f8fc1bec44560c30fed504ff9d0b1a5505a715
f0dce90eddddf9e70af13a2b01e80bedec271afa2df526ddf58f08092735eff5
071ae318b24f12b0f4053e0a2bdc03efe24a200815e41bed1b94020cfe100304
d9fa94e2f8f10d151aefb002dcf604ebcc1ae5c6d0c328f60414e3e91105defa
cff6c0ebf809fd12fac8df0cf6f2d105c20df7fff3292ef81f012a1f19030c04
ebd6a11335f70119e0fdd50b06e1fa0cdd1e1901f42a4d023b1a130f23f6144f
0ce1c7030ef902fe26e2c621ebe0dcfcc80a1afcdcc73af3dfee13e2ec0bfdf7
f4e2e11419f703f9e2bf141cacdb8ff3b90006d6f9f03bf4d6f3f9360d3c18fe
f6fe0b0904023731b4eefdfd09e9b3f7e4ff00e3fb2d121d1413252937f1f01e
2bd2bd070f14f3f911dbe5ebe0f21520af303be9e2ea02ded7f6bc04e00a213c
0906de140c2019d5fdd3fc1205e1c317c01029fef0f32b13de02faf60314ef07
f41d02f200101916fbc89e1023dbf403f4fd14f40cf43c17ea0e41dd3d01fd09
213813d4ff15afcddf33fab6e60ada170a18e681d0f4b4d53de1c124010fb0f9
2211ec090d01e0c6cc211ec9db11161e151ee89ffec1e20612efbe0b15f2d8f8
ff0b0f2806edd1a2ec0ca5d500100d2d241604ddf9b405d109f0b4dc40c8b2be
03f2150902e4fdcceb4de884f0eb30f1fa2bd09f1bcbca1310d8e414e1f2f613
14180111fcd812d5f60a07cfdff5fff1ddfd000520a81612e2e223f5f4001df9
1319d62ceef7eab210d2f2fdd3000ef319080fe016f314e3e1d6e1e82df706ee
e50afaf5f1f2dfdb0ffcf2d1c5f9f106121be6fe16c1d1fb02cbdbbcd2f400e4
0716f8e9fa07f7c920e7361cc0e5d6edf8fef1fc29080bf2bed2deead5fe32fc
2838dafbf914fda4fb32340af0ee19c21be5f5cb1f1fe40be4eaa0240fede600
042de1e3dfe32bde1520ffebc5e6303bd607f83b220609fcf9ff00dcbe09f919
0a1db71209032603e12b13100af6d30ed0dd2c28f4fc2df7f9102a26d9f800e8
fe0ff8f2d6f93d2cb3d73cd2281bea1618f133f6f0100213f2fc2e43f8e330f8
281004d4ee0af8f610e40a01e8ed20fcc2191c19fb2604f2ba15eaeadef02109
ebf1bd09210be5d6fcc1fd10fcefa90de8cf201c04ef10e0cc360af1b312f7e5
dd45cfe6ebdf02f5db8820ea17fc8e0f20f51622f609e1fdc42af53bdb03ffdf
050a08cdee28f1163ad3f30b08f8f80fbbea2cf6d600ddebe2180024ccf225ee
ee02ab051affd01228c808e8d9fce51cf2b11d33dcedf5cee028ebedd8ea07f2
cc35d00bf10300090aeb06f2c8e11d38dbdf1acfe3f5f5cfe21122dcddd9f724
25e01e1f080729fffbd1eefcf11a01f3d6c1b3ea0805df1ee218fe30e3f62809
16fa1b25f8e222242936c0073aee08f4dfae0fdf061ce5120b16ed32d9fde30b
22f72fe4e0fd1831d96be6dd27e441efc894faea1cf1f8102d1e0028ebefde36
0fdde60ef1f219cfda2902e628f41c0291bac6e00dfa0215ed0cf2f9e0ef54ff
0df6d2fcd1090ae90656ece005c3060db0bed8f2ff0cf301fc19e302d70efcf0
23c900d3b5f2f204e534fc010ed51006d5a2e5de1c05f1071510e90de508dfe0
3ec70bc00dbf28df81355bda33ec0c26ccd3c0f0080cfd2bd3f0ce01cdd92303
22de00e7f8fc1fff412d40cd220a3719e3c2d7e11ae0eafa021da3400fe605e8
17e716f5ab071f1b50f62de7fc3beb0c42b1d9f409ddee0fff17d373031214dd
b7101cfeed06c7060ce6d9ddef0d1d17eff0fac0eaf4eed2650ac2fbca0609f9
c6fe05fa1e0aa9fd161ae214f0ff311af1e9f4f3ecf316c26d29c50ef8f0de0e
c0e1e1e7142781310f08b20ebcfc0305e19be2c2d6e5f7817639c7f5e0f5c8dd
0002140addf80c04bddebff0dd032a11d4f608ef18d21ffd28d70ee2e6024536
051a160c18ebfc09e814e604ce072d0c2af1f711151123fa2df7db13f7de0517
e8cd0d0a0b35a01e1ffc9f00dbff10f1fdb5e801eb01f2d34e16d712f6bbc6eb
05dfe9e3eaf906e0c2f9bce0d3fcf401cf131313fde51efe2fc7d9c4e6fc484a
fb14fccaf9c70808dbd3dbece402f913310ce71bf8d908f052f6e3f3c90e1817
e8daeac242b9c8fd13d8cdebd217f0f72bbfe303ea09e9df6829c715a1f5d9c9
ffff0827000cfd4abbfc20e00cefe42dcc0c08ec21d7c40836e0eb16bf233823
0add0eff0c0c00fddccb09fbf9daa31ec42502fb23c4eb0543e7bacbe4003813
1bf8e5021211e717e8e7af080009d4069d28cd170ce51dd86a15f1cd1ef3581b
b9edf026f50e04031ddb01bde2eac510dd1c111013dec31804f6dffe0ddc4ef9
01f4fa040e0afaf4d6cd06fe2ce600fcff1108fc1610f0e2f6dafaf2e5e14332
0dd807f1e8f70a10d01822e702012f02bcf9c8010c2132d74503e7fefce92368
c0e8cb2ddf01c94c3b0084e9b905d4e2e3e505e6e0add8d427f5b0171cf71cd8
030ed9f10911e11910f70909ec0dfdf002f7efd2f024ebce25c7e21ad9011903
01f202c2fff8d315043e1df6db0a1012ef15cbfada11edde5befb818eb143504
fc1fe353cce7143ecff7efa8ef29b60ee20b0ac1e61c0b015ac5e6c6baedff03
fe200f41f14310fdb6e0c6cdd523da07d809ecb1f0d400e947ca0e16ccc0ea0e
012a2a66831c0a1fc7f1c605d236a707ff3214a4019c0bf43ef7ea240481c5d1
13f6142de5e71926e0de1af9f0f717f9f014ddb5f92beb241bcd15bbcb002d1a
0ef92433eaf407fbce1cf6f8deee47e4daf1f1d106f4ed0f27ebeadab8092114
0a170e49cdd305e3c910c646b61111010d2205b21de22cf92af7f6f9fed70ac6
f2f355e3faff010c2cfadb061a0c231f061acae70604c304edf1f113ae1bf6df
f9fc14f6f5fcedf6fe13ed0e08e438191efb11e2210ae7eb0ff8d01094231cfc
0520fd0bfecfdda3fb0fca30eae731f610541fe3ecf011d021cfbafded0bd7bf
1b13331ffbe82911c00a12fa150a0cf0fbaedb0203cf12e92b1dfce4b70e211e
f51e1a1be6f53029dd49050f28ec3de4a2ddf62903d913223ff722ecd3f70ffb
27fb16e8f3ed392ae538a20bf6fd36f594f8d2030dbc0f29f222fe14f107f8f8
1d125a22ec1902f4cc5323fd37c921e8eed2cbff0107cb1105202ec1e1054143
0220f2f6f21d1405fd31ed1531bfc2eeddfeddf8edf8f41f26133697e00413ff
26fbd5ccf80d1b15fa2ad8042ee14ce9b3dfddf30ddf1832171114ef22f538c6
2ae64c0001f902e9d82610fd38dc04e3faf6c011f30ccb07ea0b310c04f4f00e
18fd23e0d6161021081504e113d9050417c6e4130b3bdbe907121fe809f9f30e
0a3aefcde6011024e51002f725052c161abbddfe05f00bf70634f8f810e81dea
140d02cbe110e9df28e8edb4be0eda332a1b43e5f8c48de9ded699df220e91b1
2512fad8fdf8090d19e9bccde8fbe101ff100b050fc5ecf61304e7f324efd9df
260cf4f10420f91618ffdfa7df180ff3bf19eff7f0d502e118f4eb0139f3d7d5
15ea37e9f41ff6f920f8bdeae704f622fafd09dd0bd8b8f6e0e5dfea09109cc4
28f02bd808151817cbd9ddfb17e3df28e1ecf5f51dd308050af10c07ede6faf0
2f110c0cf623fe27c4d6dffc0dd0c711ce14d211fed0f1fb58e407ee1cd9f6e1
21082ff92b0dda0d18ecbb0a061c343d1a020801d10adee9d7e0da04f52fd6b1
2dd724091d2105eebec7b40a20f1f826d419fbf1f406f207ea08eff8f5f416ce
23e7ff10eb2902f7bebcc51005d5ac1db832e922f1d5eaf6600907e742e7c9d7
f5e5e2e9d010e69603e9d8ce08f9ef32f05503c6eaf5e6d530b7effd48d000b2
e4fee3e7c32aecbbfaee2113fd0435090104e1eeeb0906e93ce8de1c0bef28d8
ff18d607e21beff600f4dd52e7024103fa04d222ebf320c93c0dc72806f718d2
e6b8f616e5e40ec711dfddfabe02f61e0c3cc4d1e031e3042ab8f9fb3599fd11
05caf4f8d7051ae92207db370403360105f9cefafd0ff5eb2ce0eff4dee33923
1edacff713ea270ce7f5e74d10f20dfce5f0c80a08031ded2df5eb12e5f04c16
d2a1f50b2081fec519d3a3cfd512170e1468f3d7f52a08095781eafd0beef11f
0bbbf4d820cc19c612ece0e2112f040f1f1ab7f6072409df4aad0723e91e2b2b
12abe9e34ad528f1c3d8ce00f72aa4f72afac118e0131cf679c7db19dcfe51ec
ad0ed8dbfce1a6090b2716dcce1b1d012e0700ecd32612c20d03d619ece7d4b8
f9d816d2d1f803e8e2da30e3ad0cf4dc150fe815fe27070229ed130204090815
efbf02c416fb0b08cfe5f5d797c3c8b9fde9f7050be3ee00e707c2d4f406f509
8108d406eaf1ea111d0afcddb710f8121bea0312da0809d42226b51cfbcfd4cb
eaf61c0aecde01f0dbf20705ce0913f61e09061ffb0df712f4060c0711eb0e28
06adf0ddd12201f4f90e06eba6d2f505e90f0e1ffdf0ebeac30ab6cf1aeb062d
9810c20ad1fef3212209f596ea0bf81c17b4ef04b901d7a81e44ab120cecdcc3
e30e0d08fab9f0f7e403b1f8d406140216f0f42cd707fbdbf316e50a21c7cefb
f8db0ffafd2edff00df6c9fcc913faf2f7ff090ace02cdc1f41cb31744edf711
153364420d0822d5b52df14af80559f2cbf01f08000823f0f50ce7f9c112e92f
19ed2128f6ed11cbc614b71df7d720098e0f231514a821f70de328161110f2ee
0cf6f41ffdc9eabb0ed29c30e0fcf615c12b121f06c81ae10408d41331e7afec
060f5d2dfffbf9ddb517d4f617adb0eec5131a1913f4f707f01d0fd1fe190423
f600dcd9a7f1daf6e7ebd2320a81ab08a72b0f17f1ab23e0161e27c6e6040e1d
020c93f6fbe4dccf13011407f9f106ebed4620f605fe1e06ff28022b00ef05e3
27e63fc712cb0bb0e2fce7f5ffeee22a0308e42e1fe914f300ebefbf05eade18
17efd5a8e2defbeaec09120110b825071906e82a0d0509c341f8d7e2f2f41a2d
1a1f83bb32fff4edef1b112edd0439f63e1af1050de518f2150fb2eed6def9c5
0be5fe16fde2f10314c7001c07f7e32efa09b716fd26f1eada05bee51df53218
1705d3252cd6f132b9df30130e03aafcc93c03e801e7dff6c1ee1e0dfb274119
281de72de8af1d10d5101d47e1ef0c180411080cf7c00904cb0ce0d1dffb48f9
1b16f2241025fc06ee063e0edd1c1405fe0ad7d3180df3dd02ecfdffede4d8f5
0b35ed3e0524d519da03484acf1a0325191700cef9f808040ffcf7dda7cd1eea
06f302600cff07ae08fa282fda0bf01df03d22f1091f2104aecf13c0e9fc00e7
1402f33427c2fc070de7d82ac60f10ef3e2bf9e3fffe1529efe0ed1114fdcde9
0030ff002fbec8e11df9d727e0102c150c4510e201ff07fa06ec07fee800cc0e
d1ea0c4021c4dad4fae8130ae8edd0f2015f10b62333f8028dd8f607f7181225
072a453ab7fc124deff01ce7f221f40902dad0dbf9c410fb2219fe2dc9dde61d
02e719301e21ec18dbbf13b8c905e13103e9f2b00fd229ea2cde073bf40cdbf4
0a23d9fd1228e535a2c902d0cf088205f7f405a70f0d20dd7aea09202a1708e4
13f81d1fdbb6f73ee9051407f6f429deafc8e20cefa4eb112412cd04e20be826
0af2a91fff01f409dcfd05fee3e42519e8ddffed16c532e714e608ecf81220fb
063286f6ebf40223b0ed143bde1af6ff0bef05cc0e1d440638c0f11ef6e315cd
f9d0ffb0d6fdf051e70bf7ec15df1a0bc1a3dc0de4c1c0e3213f9125b80bde10
23fa9cc0f81bd92cfe0f121bef0c3fff06cc0219f1f10ace0123c11a06f015f8
09308bd2f4c8e6340ffd0a37d3251b032ab01305e7fe16c136fadafe1cbfedc5
f7d9f6a8e10a0d02f3021b130bf9d5b933c5db01f6243312d8f0ef2003cc483a
0cd9d8b9f8f703e70211c4e31eecfdd502ee0ce3f4ea21019cd3c710d3f300f4
ff9ff6fe260a0dcad8eccce4230ce4e8e1d11f17fad725fc8cc9bf1bebfc3c0b
f9dde0bad40bf519c6b00bd20afcbcf4e8d709f9f1fd0f0dcce8d30300d62732
ead4e9c4f104e6f918e3dfb421f835ecd4021efbefe50adfa9c9b7c7c0e71c02
f5bfe6080b2809dce3e7e6c11bf509f4eed71d07f8fe18fc91d5c006fec943f1
08c5ebd2f8fc3603c9de50f82009fd0411120a0ef5f9232abada5040f7e55544
fac900dafcee1412f6cf3de12d12a913ee22fb0e04e21df1befbbf22e4fb2e22
09d706ecebf033f50c235e1916f9fdfce8c200020bf85d1ee81b1b16fdec3c1f
f8011cf4f7cd1cddb4e4d6b50ce5e7efa9fbf7c402d31e0808f1e8b4111159dc
0202e0120cecf2e0b4d481e204fef8fbc6f2e3f2fa813e0bf8fef1ca15f552d9
f2f8cd16feeaf3e19de8ac0d04f9ed14cf15f6f900b3531d17ed10dc03f868e4
e6ba00d2f8ea15e5b9e2d5c8ece2fb0e9df408f2f9b511f91a0ed4bef21063fe
f6dcb2e2faeceecfafedb81cf1f439efb2f7f40304a92dfc1008acbeecf55701
f70b8105fbf301e3e7dd8b30131008fddd08f61c06ca42261bf2e0dd08ed4f00
db81c6f1e5051c1bb8decdb9eae7cdf3bdea0c1002ebf6d11413cb9fe3007f3e
ebbba5d1d911eaece6fad201dbf5f5e3b2fae01f1fdc07e3fe0493d1e5f15716
f9fc8eccd608effe150bc00e050af6f3b1f50814fa0c11fe1fe48de4f7e96115
fe2112f4bcfaf1c712e50224070da24710ef8117cff3ed08f50bea0840070fd5
0926f6cee2efeebee322f80df417421be806aa13edf70cf44409e005e1253641
e6d2cdf312f13db5fc3019f60514520ed30ab5e5e3e525261319f7f1fa04dd7f
fc230c9eeae2f0f227c6d21a2f0da350ed03c10be8ec08e9cf08e51313f3dd13
f9ee04e8f8d908f60f2528f4fc0c4d30dcfacbd7fd0c03251ff6f40eb81b4f16
ede6e7dc17f6fa81d43e00edd8106a1be11bd20ee7ddfb252d0104f3d3053a2e
ea0bd5ef25c80257f14a1ad8f5feec07d818f01b190bd9f5e614f70ed7eab926
db14e306f738ff290900230231ffe1efcb24a6e722dc1305c201c50de2040c07
eeea0216dc42f0e734ea52fb0506dbfbe909cdd00cf4ff03daeeee15ed04ec08
201d23de270deef456bb2cf32e00012b32fc27adfa32f82117ef091e0202141b
282827f6252d181434d71e0b2905022a060e12f30cd6fcf921f60434fe26291a
3c1e2df82b30f4f227fb15f42a15043bfab42508d905defaa6fc1629a2f81d22
370f22050d24f8ed18281df728fbff2bff903627d846f1f124021539c1ed0d10
31201af22a0f16fc4a0d1a002b0ee915ffb249c0ce22fc0c0f00262ef5091531
0c1423ed0b21fe122df7060436f9f62e1ccc16d7fdd0e5fc58fb0501ef0a1f1f
1615200e1712080717e913fb1ffef722e2c409da0df9f8003c03070af0081304
07162a102522f80627f12df41d1df81df9f914faf743eb07cc0ae934cbec180a
2813f5140511f2f90aeb1e031f130c12fca61701e5d8e5efb5f31225d4ecf90f
211d040f021715fe0ae413fd2010fdfef0c22e0fd23ed403b3f8ea2cf50a0829
351f2b081b43fcff2cfe1ef92c00e23917bf3b94f23be2d4de02f92fe0f4362d
0212100d190df6ea0deffddf230ee009f2c807f9d909e6ea90fe0409dcfb05fd
12190d143c0e0aef2bf0fae70e07e12009993beedf891c0bf6081135c60e090b
1ff70a0e0b0920f817f9ff031506fa040b9d0d25eb39f3012df8012103fc070e
171126141722f6f61ff90df81c0bfa1711eb2812d0defbfa02f8e127f4e8031a
271518001725121327191b0119f6fc2412dd3809fd01f4fccd01ea14d918111d
2b0814fb15260206190a170713edef09faf519dce8b8041b9507f608d907fb11
12291d021c18f9f411ec06e31101ea06e9d8211bea310621e8f129f1d6020419
1f00170d0b1805f9111d04081511f208f3021af70beaee17db02f515101409f8
18091d050a1903fd2efa1309181df311f4b517c01793f311a1f9f523f11a0e16
362c29eb1d1809f650113ce82df3fa2421f13e9fe9130c24cb08e923e1011727
3d213de5262d0210661232fb35f4f72a10c920ee0c33fff3f8f61828d6111c54
262424fd272af10451e228e91f0ce90d11ca20ebf3b5d4f02bdd1317f2021310
263136ff172e08f027fd1f0a2008093415c138f6008ddff5b1ecf541ecfa3022
241622ef18181800480c2408190bf23f260c39abfcecdd159bfaf230ee091918
03fd00fa00f4add3fd0105000a0dde0e26f104d3fb13ebf3dee6f00b1ac8fcfb
10fe0130f8f6bad90efa0303000c08ed06ef021c02fbe0c101f508140bcb06f5
f408f815f018a0d8ff070be1161e0bfa04ad0fd5fbafe6bd4ffe250cf3b7feee
f209f704d500a7d7050cf5d6050b08ff04befd81f0edf9a5d50211e2d6cbfded
0506fb04ed0099d83013fdecfb0b0a1318aaf0c8bc07fdcfa302f8f7e4b910f2
f1fa05e0fdefc0e2ca15f20216e8020d15010f05f71d13090df8ccf71ebcfa09
f1f900e6f5f0d9deec04f6ffe9f3f2fc099f00c40fba01e8a4fbe8edd0ecf6f9
ef08faea0303adebf90afa01e7fd10f802d2f53725aeddf7f7fdffe9eacef4f6
eb14fbf5ff13bbefec01f6edf3f92005f7cff40cfab7f6e91122e415fdbf0107
f208ef1df209bbe6ee03eaeff7070f03fba5f5feefd30c17f7f7bf0bdcd8000a
eeff12e201fca1f7ef0405ed050c020700ce0b1204db101a1afae3013fbdfffe
fe0deff5fd03aef60cf8fafef909f402fa87f8b30aa8f41835eee4feedc1f617
0504f3fcf5fb91f8ed15eb07f10110f40bdaf2a21920faf01b0df40cf8bb04ff
f0f50109fff7b5f1e017f6f3f9f80a0005d810f30792fae61413d60815b4f9fc
120c0717f41489c9ef0bf6e7021cff0608a202cbfbb1ff1bf910ca16fe85f7f3
ededefe2f5e9cc04e908fb0bf5ebf605f0e5fdfa08be1121fdfce1e1ffbdfbf8
0502f9f5e3e0e4fce1fdfefdfdf4ec05e20de12f00820010f01802cfe9ebf617
1b120af407f2cad9e90c07d215020203e6c6c9caf83305fedf071cf4fbba0b10
ecf10dfee6d8d5f4d000f50cfcf90fe5f40adcd01b60e5eda7100ee201e4ebe3
080e12f4ee03c5e9e3fefbf9ea0cf7f2fd13e3c51ce9ee230512e90df9d7f8fc
f70706dc09f8a8f2210a01fb1decec160bcddbc116ccefe804fdea11dfd80d03
f0f2fa0cebe7a3f5eb02f9f502fbf6fb0c15eae4031feff4e7f617e8f6d5fa02
f2f2ed0f01f2aee8020aeeedfff912ed0317032cfb49fbd733e721fa10b9f1e3
03fffafb0bf7c8d7030ff6e8fcf013ecfcb0f1cdeefddfae2700f603e8beeef3
04f9fffafffab2e5060a0bf800010e0516b1d9dc051fbdfeb0f9e60f0ec7f8f7
f6fa070c0a0e2d1bdff7fc11191118f9edbebadf18131a29b01f18392f1c1203
0a0afb1cf0fc080f36da10f81f000e01e5dbfce1161b0afbf2f2f41209f5f418
0401122ddb1afb0e13ccf6082311fcf701c10b091d47f60a2e010010e808fc21
110c26201030130b1fdee6060e19f81ff20addc913cb0a01ad18df233f2c1633
12f90212ec190fef0ff2131af807ee1dffe5eab1fd19e7f7a41fed0bfcf92523
0b0605fcecf3fc0fbf120e0be9120d02e3d908b2e9b245392cfe14010cec0e10
15fc0607cdf8f00bf8e513fa08ddfef8e213e3ff0ca11710e6f40513e3f52114
492b3b12eb3cdafb18e627f23f200835072ad6cbde5a191533fc102bcec5235c
1b254c05f738ddf011df02fd1a1cfc2fcec8cc140fc708f33300fb17fcf52722
2b080c21e2e6f5f7d204e912ea2ee7ead9b900be1bc7d802ae12d8e7e6f50dfd
f107120aeeedcf21f4f60204f2000ff706ddefaeecbd374419170b160ffb0e24
1b2e4615fb34cc1721f62ce01c040d41d72618abd717fb01db17ff1eebda2b2b
60412e19e22eae07f60ef2ef3c210d25c41bf8bcd4a52c39cbeb3d08de983c54
2339321a04348cec12070b032d1f1743d1d5d9f7f7e01e28fed13318f8b13539
4f1e180eee39fbffd31714190d3ecd08f1f412b806a80b42aa171bfaf21a1704
e7f61003f4fded1620f20114fa02130714d3f4dff8b91007af1bef3002030e0a
380d2c21e4f7df0b07ea1df41f0b121c0435f001e61f14e4b9ff0318d4bf201d
6529403de94b92e71102fbe8501d1027c121293be24c424d05e40149e09d2e4b
4124301c1b2f93f2231418ea331a0153fe240009ecefec691df8e92aebb12b3e
31fd1e14e92df216d21b110d3a0cdb1f2adb0ffa13c7d204effcf91dea051a2f
b7f1eafefbe40918b905dd11ee08030cfa49cdfa09320ffcd812ed11062606fb
0703062aebebf1fed905f60d08ff0502e346ca44e1c910ec0209e7dcc7f41906
31140f14f614d30214170a0f1ede11fdf549fe33c1e3060d3b07e80be6ee0911
4a0f0a15e318e522a812eb11280112150738e1affaeae3fe8dffe60b1c1d0e22
15fcfa06fe03e404ce2fee041deff5edfee4e507159aee00f017f8f304f8f8f3
cceeebe3caddfc0fbe44df02e3f50af5f224bd2203a504f492f8c5cac207ebf2
de00e0cc1f001a160c35f60ff2e70f101dbcdb2afafee7d2c4f1e707e51100de
e11207e7051a000ee11d000e03f71120e81fc9d1ffe41352c814fef4e90c0002
11192f06f203f805a2241b111f23161edfc69bc40fc44d7120f21bf405ef2425
021702e304042209c02e2809fe2908f4e5e1badeeb144b7bf1c23b27e70d1136
f8011205f304fc01f110e7050ff80b09f7a7ee2604e217f1fffbf408060f1d13
e2faf1fcfcff1703ea21f1fc02f30bfc0cea04bafbe7c4cb02f1ed0efa12f7e2
020501f2f5fa1206e114010d04ee0f06f91f059101a3de24c2f2ece1f60f0801
131f1b26d3f1eff78d0309f2102c0416eb10e8ffee16315904f4e8e22ad80a1c
e206d5f4eece01f8b80009e80112f4ef0901c948f82f2748e3e5281af911e8f7
daee0d1fe00612fc0008e105fad311fbf0dc1a28f8e4eab2f9e9d9d30f15f3fa
d1dcd227d8d91f12db0ad20ae7df19e408b3eec411fda296dbefd9dfda29e8e5
e5f8ee0af0f4fb00e7e1010ceafd10fde8f1fb9e0a11e70129f6f6beeaf9020d
24241818d011d7e197f5f8e02352d919c60117dad5e34b6bc00010ea35c01b2a
eb00ee29fbf1f6fdb7eaf8f40f18ecf629f2df05f6e74c4ab6ef04183b0ef10e
f10a0823e1f7fd08eed7f70808ea0bfbe8d115f1f7e503afffef0dcee000080e
e7f7e9f9f800fd08edcaeb00f3f402f20ae90fe509bddca5a3f1f801ce0002e7
e500f7fffeff1b06eabdf703f5f407040901fba7042ecbe7bd16f4dfe1f700f0
f4f4fcfbefe5efd5cd0cd9ddfe30d007f4fad6fdc39b1d571105fef011ccf907
e5f1dbeff6e7fdef9dfbe4f703edcde2260f8f06e4f70e34eec9cdea1d04f1fb
0b251701001300ff0ae916121addf41308fa10f508ce1c17d0e1071e03f7192a
090802cc122c08033df0140c02eaf6180d8d1d2e1a0043d3a2ec0a1600120c15
2a2117e8141df40122dd10020ee3ea091cbc114205e9f7f733d0fdf6e4f51009
24242beb0722e6dcdce607e41904e21a031ecbb3d6d2b72b95d80011fcf7322e
151af4d1f20df7d681e6ffdc15f6cc0706fa87a5edc3f72a9aa5c3f603fd1110
35021a022b22ddf233e006f21213f70e08ab32fc07a3fcff1728e20a04ef17f2
15192e062a14f6f930cc0bea181d04231bb021bd05fdfbcebb0fef3933f31023
0e1a19031a16e4f025ef18ecfd11f31a14fd004202f8131cf404de371fde0f29
1d171300100bf7e926f4fcf70d090411f6c5f4e2ed250d0bb4140025fee70411
2c1f0cea1a16efed22eefe082703f0150b0c0a09e8d4ebde9305e02009e70d17
f51ffe13280df0ee30eb0afc08081215102a344120ae01e6d010081ad7170e0d
380c15f61537ecf81efd13fe2ff90a2e1dc521af110acbe7410c0e04dce91a19
2f311a022d38d2fa23e72ff730f8022e26affd12fccd0518c9fce621ddd52925
221205f30219d9f72efd03fde8f6111528e0eeb2ea8fe8082c0fd61f00c9040a
1d0805f51d12e3e523e300ff02ff051016eb18a5fc00e7f69c070c2d04f704f2
150f0e2520f7eded24fa01021514080a0b0422d427f4efe4d8051120f311fb0d
0efe2c13052af2f715f61b0117030d2526e12ad215d2d5d71e072e1502f81e10
715c7100357f94db29e950d75810f27f192a1c3bd80c022617f90a48dfaf4c53
2325180b072bc2f0fd0a13f111010b2915cf1bfae0e8f6f91dfcf525c8cc0a1b
120c150cf6fdf6f6130405fb0709030a19d122af0419e3ece6e3123304f51007
160d141c16f8cffe24fa08ef13180106f0f203b81a12ef0ec01cf2270ced0308
1af9f610f409e6050afdfbe60e140905242f113f1f1dfbed18070d0ff9eef110
200e15f12438e1ee10fb14ec2bf80f32151cf4060496140ccf00e03cede61112
232c12f42330f1002bf619fa0cfd02260f010414ffc8ff10bb05e92ceff81922
30221b18180c0e01370009fa260e071614f8ff3af8d1eaefa518034509fc1d03
0a0711180409d4ee0b0401ee0202f91512f21a23fd0b0eeb251f01f60bf0f5ef
14e3ee120df0f6eff5fcfefde3f50bf3e41de613213e14f9092905edfc01f0ed
2deb0c141cfae4ebf405fbf20be71b0100f9ce0025ea29f6160eed18f6fdfa0d
0c0706f919e7f500300611f8021710e8ff50fc0f1bc716fe4f02e3fce00b09ff
060f09eb04040ff71d1003f60716ff25f12c12bc05a6fbec12040305dfed1711
15f7011e0c0caefaf5bf00e3fb0504ea04ec0fa9feb301eda316d8fad5f80a0d
fb02f90de6febfefecff02e4ecf3f1edee0c1147f9e41bd9ec1fdff024defaeb
e9fcf203dd02d2f3050e00f5e9f80af2f2d20b28e20217f2fe05dff505b9f6ec
f3f7fc0cf10bddf0fdfdf9f80cfafdee0cf20744d31401d1b30807e9edcbfffc
f3f1ff05f208f3dbd802f10102f7f7f0dcbce4ffb737f3d051fcf2f198d8f004
fef5f702f7f7ad0bfef3f9d6edfeffe3fbea07da08491c1d3e1901fbc5f50505
f6f6f80ecdedc71de91d01fae1faf9ecd82ae7ff01e411f515152adc0616fc06
c7e3dd06cbe7c11dd20fe408dded13e8e7eadc35ece308ddd319f8d308edf0e5
d4f2df04e1e0fa0ebffeec0ddc06f4e5e6d9ee13e50c12ef4a0f19d9f9f2efe0
e8faf8f8f0e8dadeb701f902ec01f302f4c5d704e0cf1b2ba6092602d2a8fa05
0b020308fbed81f2e60210e21601daf9e9dcdecff5f0124ffc06f0ebd5d3f9f8
e6eae70dcde5b225da0ce909f3fceedfef21e933f71510fddd0e05c50cfbeae9
cfeddc15d3ecd826c10cdf14e5ff07eee729e1f9fc4805cae1231edf1203e0e7
dd00e008c3e1f107b700e305ddfaf8e9ddffd1a5fb1602efda1e1be005e3f0d7
06f1fafbe606c0e4caf9fdfb1103ec110104d62ef1510e38f60f120a1c8104ec
09f8060bf404abf7dc02fffc1a030209e9c5e636f5d705fd4a06f90510ff08ff
fe06f808ddf3c810f4fff80b0b0bf6ecec4309ce02b50cf61c05faf1f30708f7
edfef311d9e8c514defdfa00090101ecf32b15e3fec40cb2a6110beaff0cf5e9
ff03e80dd9e9df07e5effaf6f500f7fde8e10eeaf92900eb121708e10ff5faf6
0d0af30a000cc807da0a0f0002fa000300eedd110124072b1608fef515df04fb
16fb112ef821a7ebe111fdf81209fa14fbbd103deba50dbfe91dca1400ea0e0f
0a04120d0121c7f9dc0602010e06f001f33731b307cd0be5ab1cce1be400090d
00070109dd0dc8f9f7f501e6120408ebfcc824e3ec1f12f0ca140a06c1fc0004
040dff0aeb0ed7fcf10802fe04090fdef1d628eaebd807f4380be503fcf1f903
0c0d0c020920c3fbdc260afc130206f7082505ff001e12ee1507d5e9d7b50ef7
f605f0e926130f1a3a8113fdf6ebee1439e840c70de5012ebd0af80edf0af6f4
d3fcdcd108f60c1e2eb5041cf0e4dbfc21101f46161e040ea3f4e9f9f51ae5c8
e80af6d82511050e19ec121f03e6fc1924b01b1d1cbd19dbbee90f05f619f9e9
c0d4f2fa25f7edfe04e6e60dd4e7f4ec0eb8253a1cdb16c89c021ae7f921ead0
edded01329f3d8f312e0dd00d4effee54a9add39033312e42519d4ec1639e0cd
ec24f7f12e06f3fe3df217f7f9f3e71017163be705472e4c411c2929bce20de9
f50fe6e21e020d1a23d5050bf9f6edfc0ee847450ed30e2dae19aa13091dffde
0910f3df251410173ae10f1cf8edec0125362ac20bc21721ba19b812312101e1
f0eefcee1e03111735e90a16e8e701ef05192a1920083402f025fd00fa18f6e7
02e7f6fd29fdea0844e5ef1edf0b0af2fff6f0ad1dd427330416dff5f127fae9
090b0e09471bfafe29ce110506fcecfd2bfbd628f7203d38b806ee3e21060c0b
ecebf2fc16010cff19d80104030efcff06061f2908bd14259912f30b2818f1ee
f7fdd3c0190b1f0236ec13fefb0302fb1fec2c28fe201b04f920ecf6332beadf
df03d6d927f8210d4ef02706e5de0cfa2fcf341804bf0de8f614e6f8221aeed9
e6dededb04f20d0b31d80620f5ee2be91ed01fa218a805162519f502ea1706f9
f4edf3121d0cfbf5f8dbebe60ef8d8f44625b1f132fac637a406a00e3527030e
d7cdf0080d0bebeef7e3faebfbfffcf21408de3f0f9ce6fe3a20e1f94915f8f6
fff803e006f513fc36ed0c02f01709f608f41be402df05f8b81bf4f02a1ae1e4
d2fad4d813f923102106080de8ef15ec192321910f2c07e03c02f505171fe8db
e7f4e4eb1df3191121d90e29f90021f122e022ae0e55f8f9360af3f11c08f6e2
09fd0d01f0ff0be1d2c8eae9220dbdfc2819ae3c2c43b5dcbff68b010b1af508
070b07052310e70af1dbf5000312ecfd2beefffc1939aeafa810e8043920f812
2b0614e73d2c201045e51416fd2814061c3139f918b7feca18051e4a2521f013
f50704bc28240d1a4df60b20000c260b18263cd7120136f6fa000d0dbd03faf4
eeeceabe2a130e0d54e20f1cf8f71e092cef28ec0c1e2709cffdf8fbd913fafa
faeee693dad9ee0cb926f406d6d108d9e6dfb3031fbefc25ea9a2fb81111ecf7
f9fcf2cddbfbf905de07fbfbf7f8f2ebdd09d3a509921b323cbb1ec8f308f902
dbe2dfe8dbe20c0dc501e9fbd0eff1e5f205d235083ff312b3ba13bbd006dade
edfa03cce0f31005be0bf803e5ea01f6f130dcd80b2dcffd46bb0ccecefee7e5
d9decbaa81c8f8028aead901cbecf2d9cdcbcfd2ffecda15bb99298102f1d9d3
f7eeebc203f90c02f4020408eeddf9f7f6fccae00a460afbb5c40df83a0e00f4
e0e0f511f10101ffceee04060d010802fa03e2d1041eff0236beffedff07f4ef
f9e1fb15e3f002f8ceeffafefef7f605f711f0e6fc93eefc2dca08d9cafaf6e6
fdf7fd0ede010502caf5fa07f3f6f603f828e32f00e9f2ead9e009d1e1fbfff0
ecefe6fcc5f00007cdeae705f0f9fff9f133ccaf0daee9f40fb427e11e01f4ec
d8e5f4d5fee40affd6f2ef0bd2c103ef01f8cacbf8b50a09b0dee7d9350af6de
edfdfb010d07f6faecf50b0bfccb08151be0f22101ebfcfb99eaf8f8f6020b08
eae7e111dde7f90ab107e919eaea08ea07cfc9c01ef5dfd40ceccbcdf00efde1
eaeef71deaef01f5d2eef5fffde6f7f204d8f3b0050be4d9b5f1dec6f10ffe05
d2e5e80adce8f208c0fcdb04e3dff4df0538f4da09a4cae20fba03ba0410e2db
d2f8e8c7e7e6fffabaf4e904e4b409ee0207dccafdaaf40cfacd0ed304f6f9f4
f805fcf3fc0b0900d404020df9bb020206e20e310313f9ff030500f302f3f603
fbf3ebe6f000f9fdf10f0c02eed6fcf712c310ecfe26f2f182de03dffaf0feef
e4efeff3f8fdfefbddf2faf8f7ebfefafeb20aeb0a12f9ecf4cc00d3f1faf2ef
eef7ff07dee4fb00aadedcfbfbec00e2e7a8e2070fcbdb1283aa1bdfeb04f105
c9f0d681c4c9fbedade8e5f6e281ffe6f410c3ccf0fbd52d968121a108edeced
ddfbf6d5d8ee09f2cdf9dcffe0b504fbfba8ff15f7eedcf93aba1cbc1403ece5
e8deddeae4ddfcf9e8fae702e6c4efed0fee031ff096dcd3d5dd14b92d0cebd7
f3eee6c1d6edf8eaecd2f1fcdfc801f0fc990683f8fddee48ec109e10cf7fbe6
f0ededa9d0ccf9f8c0a9d709dfd805e0d8aadec311fcca27c89739c912fbeae3
06f80201141520db150108ecffeff40720e3ef43dbad00ed84f5e808ebed11f7
2e0a0bf5fd0f0af4170505f40ff20b1302cf04fbf9aff2f7900714f20bef0300
292c0ffe012af4f122100ff22d11f414fe983a22e54fe9f2defafe15f0e40823
15070704f5030ef7030c0d001312fa03fccf41a7d9b0fe280f0ff404e1f5130a
331f30182439f6c80e1616f91a260121fc9ce1dfd0c7073fb20ee8419bef1f21
190113040e0505ea0f0408e10afaee160f030223feffffebee0bf7271dfb1219
281e0cf7000c0ef4150a10fc0a00101ee0d1e41402ba0001fcfb29183bf80a15
101516fcf3150bf4fbf20ef4111cf61bc89ff096dfb7f2e7a508250ee0e4172a
121e13f9ef1b03f5dfea0d0d152bdd14eb2e01fa01170320a8ff13ffcbd30e25
1af81af6f2fffededf0a14e91d18e913e6b7f0caebde0e202f0b0b27e4bf0b0f
17f200ff01f921d8fd1307dc08e8fa060ce00ac8f9440b0c1f15ef0d0ae60c01
efff05fdf2ff11f211fb0aea01fcdcfad2c4f2bfef370f02a6090ff51bff05ff
271a180c0e1dfafc26f419f10a05d8fbde1fe991eda101c694fb49fdfee4202d
0f0a03fa081000f5f3e8050c16eee511e718ecb6075104e4cc000416f0d20217
0f031900023009d7c9fb0eee1b06df19f8e2e6e5e6d1e0e2cefcae22f8be0019
0bf510f5fc1c01e9020f040716f60c0bfceb07f20232e7e7e109f2131deb1005
0b151fe3002002f7230312fe0ff8f220f3ee1923f9c21bf93e030f25ffee1721
131815fcfe03160b2dfb0af518eff1faf7240b370506f7b62401190919e91e2e
2d181c0bf71df90016f9fbf812f3e804f8fb0915f72ceed254f4e31906ce1d1e
241c070e0a2501f70e00fa0911f5ea0df505e111f5ebe5eb26ede61b0df012f7
05051516202de3dc450b0fe017fef81714ec35f9eb52f7cc0304d019fdc91f23
0517170e1032f4fb2a0116ff14040213fcdf33daf5b6f1b3bb0bfe32cfe32316
1e241f090c1af7eb3bfb0dda1ff8f211f5312a0be9ccedb5faf42b1fedcf1a29
0703161e0a1019df0af9fae101f70305f51813b1eb9902e2bb06f2eafef30103
1c1011071317eadd131b06e90602fd10f934fdcfeeab26ca3dffe604f0dc0018
f70d1fea0bfdc8d6f9f7f5fa06f2f00d02c5fbad03292843acd6ee15cfef0b13
04ed1ae4060de4e6fa050cfb0800fafd0ed101d314bde126d3bc10fad600080f
08081ef4fb18e1f90907120615050823eecdf6d407c7dec5f1e40c11d6e80910
07000708eb0ee50e0a250bfffd06fe09fa18f2ad0bdaece838f1fc0df2f7fc08
0e0f06f4f5feeff4241213f70b0a08271edee9c5d310cdf7ced111f8e7cd0701
01060fe1f5f2c7e0d9fe02fdf4d41513dfa8e7e814333523b3f0dcf307cb0e00
220610def912e8faea010ff211fd1002fbadf3080b32190de7e7fe0ef5f22226
031f17ede827db00ef0503f40b04f813d7c2d4ebe71f120de2f22201dfe20e27
f212020fe1041b21eff5f40bff07f605e1eff5050051f9fd1c09f910def8fb09
fa190c0bef0ce9f90efa01fb0e00f81e0aebf4cbe0c2f0f015ce0415f9ea0b14
ef1927cb09179ee6dcfc13e910e51319eb1fe8380ac2251ffbe8b6081ca12514
02f802fc0200cdfbeb0b0404fddc1c01fe02ec0d1dea0f3e09f2e7ecd9e5181f
0709f908fb01bbf2f519fffd09000a09f5f4eb060e21ed210ade28ecf4cf0217
2c081b0fdc0af4eaecfd00e21812fe06e71f18caeb2dfef5cbeb13f3efcf0811
021a0828ff0fcf03effef7ec1601f920141f14b6095bea1b4edfcf1309e901fc
04fe08d801fcc8ecd90403d911e20e0ee016dbf3fcfffbf8bffaf60ff9b40222
fafb04f1f4ecb6f5dff2ec05fcd910fd09b5f0fa102cf8ff25f2ecf6d9ba1013
16fe10ed0c08eaf81525ff0f0af1110e12dd0a021096fb0509dcf811f6df120e
150c2aedf108fa030800fbfb16010c0bf2f216dd0ce1e0eb2d000504fcec1711
fa1a0d18fc09dcf00007fad60f0c0a091ec81fb80345ea29c6eae7fcf1cd0502
08fe0a040904bbcf170607d21eebd61af910f609d89400d1ed0bf419d9a6041b
fe000a0cf100d0f0fde7fbf022cff5160bdbfd25fff9d9b3c00406fae3c10814
1b021c161e23b7f4190c01e821e7021b05211cc10696f8adaeed0f26fab21e0c
030a1ff91608d00c0f0a080113fa0b03e0f708a609ace8e1e9000023e0ec0ffd
051a24f32411deec2b080fe91204101227e41ce50b29cc062df3f21ccedb1129
17f918ff1828c5f2e1e6f609fb0af00816e02cac143305f0fe0bf12032e720fe
0d23240e1413ccf91e17fffd16f1140a04180ebef84735d9ed13d22947d21c05
191b1700f217c5ed21010c0203000a1115f30b07de402df6dafc210b0cbd110b
120e19180417f9f80c0a06052f16020c04f00f1900000adfe621e410e9e31303
21fbff19112ae3e0f51ff3ff1811f1fd041315b8de2e00f1ed25000ad2caf3f6
1f1508112b11e8000d14f2e91000fcfc0eca3230fab0f525f2fdd831faed1608
2f0cfff2031ce40a1229110d0afdfa0bd9eaf7d4e9e51c2222fbfc122ced1620
eefe04fbf102d90f0c05070cf6f509fd0101e528f5bb1ceb2c05030819d7ff0b
0c0a0d0d0205fa1f1f1cf9050dff1514f9d81ae1f29d1a02ec140c140ce70d14
0206ff0a122aecf10416fa0a19081a160fd409b700eaf20636234d19d8ff171b
120e0a1b10ebbaed020300e3020be7fffff80fe3fd401c4e2707ff1803c01a01
040b0603030bbdfde40a14f91304dbf1ec0806a2eacde904d2f412f91edb0208
223034f00135a9d9f10a24dd2ef2ec37f7cbd3ffadf20eda97fa04f2fbbf2c33
eb0b15f70708d506f601f41702000df9faedf2ecf20410e8d60718f8fcd9000e
06030ddf02f7d0e6ed09070209000701113bff2e03da1e24bc0f461cefaf1101
1104070900e9bbfaf1ea0aec0815fef2dc2aff2bfa1dff41de04f60332c20afc
fefd0af1f0f0e11af5fc091d1219dbe6d9a9053901fd20eb0c03fafa35f2f4eb
291e1b08071cd7ff08eb2e05330e0c2beeebf222e2471de3f7ffd52515e42016
1914fa0ffb0ae5160ff30205010b0c11f53aec15062715f8f7fc0813f8d90f07
20010f021308d90bfd10090e17fd110306c4e41609d5fa1b1f0b0d1928ba180a
ede5e1fae4e3da09c100d908f9f50df5daecff35174f0bdedffd03ee0deaf5eb
f3dedafedee00324ee04eb21f40cf4d9e6281afd1ec316f2a40302e51bf9fded
06ed0301dbde14111ff8071c0ffa0bd4f5eb001416db06df2702f41f0df8fb07
0c090603fb090a0f0a05f006f4f714e0e41722ba0300e0fd11041df8f6030204
240c11fff718f1020125fc0b20f30f0a08311c1e0801f71806fa0ef7f3da0c04
2f2425172a331ad042c514e9200efc181fdb14e7f03a31241a10022de4031e2a
1119240a021715df01ed0cf71502f0190ec21015099a011f28f210200cfe0813
1cfe0f09f81419d7020512f1080df0160ee41be7eb99e9fe8cf5ea17ecf80c07
1f0a00f8f40c2cca03fc1808070af1fa04b6fbe5f423f91451f4eb23ea0f1506
001312021a113adf11f813fb0e1ff40c1410cecbdcfc0206c90bd140bb1b0d1b
21281c05243007e622fc28e11212142e1ad1f00cfd521518220817260cee1721
081820000a261ee411f719ef0009ff0efe07ffef00bf18132e16f7262003131d
ee03f3d8fef31feffff102e5eb10f1fb0021e840d2e1f2ec0ff1d907071ef706
fff9f3edfae623eff30d14ff0e17fb090cf9f7b3f7110e26bdf0e5ff00fc0103
081a09f608092ed9fdf01e081212ef1003dbd6e9d13b1540d9f9e11c0bef1422
1b0410f21d220ce1fa0109cc0604ea190a07eb2ceeca2821b5fbeb1e0ced1407
f9edf9ec01f12ad9fd00ffe2e2e8f3e2fdf6ec12e20223fe2900f0fc241601f0
07f7fdfb18ea28f4fd0004daf6f5e4f70e1ddafce9e0ffffbbf8f006f005f108
04feebfffefaf9f3ee1bfd1b0ffe0205060ad4aee417ea1db5e1050215ff0c16
30111c0f102629d7dbfc1afb22fdd9240cfdd9a6c5ebf21d00e5d61119f71b1a
f1f2f8f10c0b21c9fc04fbf6e3ecfcf31be6efca01930ac8ff03e41dea0cf2df
fdfe010b0af920eefd01f7f4f1eefef616e8ef12fd4f01f7f8f9e9f80508060c
f8fe080b08042ee01012f2f507ecf90707dbd707f9c1fd1e96e0eaf6f011fff5
23161610ff1416d800170b101d04de0d0608d9c9f4a1ec262bf40923eb1e2015
1b27170c0e2901d2070e1ee11512cd240701decef2ebe3fbc610032df0121919
0b050afb23121ed5320203e8e80106f92bcb03dcef3a00acb408ef32f515fdfb
ff040b0d18fa28de41f704e4f3f8ebf50810f7d8f0c4f2b4d10ad31bf31518f8
20241d1a1c2b31c62af7fed41afddd181ffe1bb0d944e7df1ef6de0bc320110d
271a1525001e1ed1130e0def1306ed1c072b1dfdd838f914150cee27d215150f
3c473921284c18d02e2e28d72a2aed4d2b25fcecfcc51fc8ae16df52d20a263b
41313f403347edf427b929bf3920de4f16252417e8d932f90734d364d5c7224e
19131302223524002a130bfa1ef80128230f1b2dfcea15c11e04dc1bf82c1602
321f260e2d3ffde7270c10072504072913cb24bc05f1fbc1e0f30133e70c211d
1b3933230c31dfe611f217f220270d23e8ac1cb0e4cce1022d01141bef002a26
24271a2c0c28ebd747f728dc3a37f7231ac566b5c399142b20330630eb021d28
14302e111423f4d5ebed02dd31ee0217ffb60d0fe6380709e003e6121fe5123d
493128f51220f2f9231116f42bee081408222740f63601d706f41339def7262c
161807001d15e7f620001cfc1708120722d11bfa0ab2db98f5e93848e301070d
152c160313200dfb30e317ed10210510f6db320beaa7d80bdcef07feed0d222f
0122f5150108f2060dfb04ec002af30906f71d03f7d51f19180d1e16fc18fc1f
422948242b3cf1e9000320fb2bf0082df8afdd25eff51223a204de1f06f13345
2c181c00090bfc0925f202f511f00e081415f201f4ff06c0b9e7d419f7021619
ee0ff8fe110b06080a0b02f20611fbf908160ba4ef4def9cdbe0ea3e03010afd
12190502042107f3280c0ce5ff2ef003f6a1e9d3cd0dfc0dd010110913f32226
fe0d1628fffff5faf00b11ef1631f91304dbeab502a12c10410e293cfa010e23
15153f0ffd06f5f2d51505f91c000f25dab8cdd8f7140015eeeddc0edcf40d1b
1f0b25fd121b160537ef180215e9051a0312e5dcfaf41fe6eaf8f03df3110719
05141bf22b25170304f8feec1ae6ec15f61ed422fbc108d74001e43aff221907
04fb1423ef1afc06f20cf1f60a01e8f9f319bf32ebadf1ee3917d906fd181101
02effe04fbffe1fcdd14fc090f01f80d09eecdeef93ff40bb001ff0ce8140b0b
12171a14f71709020f0e1c0d1c06fb12fca5fabdf6b11bf525f5fe1017f00b0f
0d0502e3080e1c0524ff0d0a060105000922142014ce1ff0dbe7d92a232c0efd
0afe04fd16fe1f032fef0004fe00fbfff4fffb0900400edb54ebf1271522030d
111924ff071406050ad2f9100b0509060d0de920ff2aebd19ff8f71af6f11621
1510fa00e611080fe5ecff0f08ef1623ff2babfa1225ecf7bbf6c91300191311
cce3decfe0ee12f29e30f1e3dcb60cdae5cea2df05d2e004e8caade3f71bf9d6
0a0304d805060502dc0901eff3e3f6fa27d2ae41f7b5e1d8efdefdfb14140905
12f70df905fa261515050d02f70b1bdb34de07c9ff4cc0b916f8ee0b000fec06
faf1eae013f036181918f61c090414cf21f303bd150fa3db0500d6050725f3ef
0c0afc0e2008f80734070c1408f205e131c223e2f233defaa9fedfe8df21eaef
02edf0e50df7df03e61c08ececaafdf919d8d93ff4bdee19eae4be07120ff7d2
f2efeafb0900e7f51906f0c4bed7fee32be1d31bd6f0170a1a0aeee532d6e4db
ebfcfd05edf82021110e0905e51730e7ecf90534f4951af1211938fb0c01f5ec
e5e8f9f410f1270f112d00120bee20e3f8dc083ef639d089bff9feedfa1100fe
fd05070e12100d0f2c21f70d16f00df113952924f90ec8ce35f2eaeeed2dfe11
23f816ee27f00ef3230712fcf8b202090ad903d4ed3c163791fbd71f05d510e9
d4ebf31f08df0bfbce07e00bd3f1f7f9f4c5eafb025e191a9b15dbd701e9ede5
eafd02fceae70618f8f0020af1051602f62ef8b701acf402cd1505e6f7f7e7ef
ede7f0fbf0de21190c10ea15eef21ff6071412c9f14bc9b0fe04f0e9e00ff1e9
ecfcfcf60b120b0c3f17f70711f30f06160415e7ebe5cbb7080009fc1e0a0cee
211a00e80d051e0324ee12100fbc1d08eab80aadf9b10932f5f8ff23d5f810fb
e60cfc060efc0201f1fef60906f4fd06edb8bee5009612110c0003eeaa07f8f3
e9ea05f7f2ef101fe1fdf41a05fdf4f90520de0e1524dde28e01b7f4e213f4f9
e8e2fcf9f7f22316f810ec12f605f9f811bde1b002b1dec6a6ffb1fe0f25e9ea
0debfdeb2702090616fe01060af30c08210f1dc6fdeabbbbd9f4e407391df9fc
0e090bda27110a0821df101019cc190ef637f73b062e277790f82c23c8f41729
e6effa0018003024fc0b081318fc02f3edccd1a21b26213a090c1507a00909fd
d1f4f9f400fb161afa11131c0a20ddf1ffa8da28278ffb1700010107eb0bfe09
dce6d8ee1bed2a18f6faf41df60204ea0f8de1de3236ffe759f9ef1b3226ded9
e6e0def309e2f70cedf6f00be6ea09e20ec4efea073acffa45fec3eb44fde4dc
01e5edf4f8e3f6f0d334e4d004e7e3fe3a08f1b4d7b1baf404f7c409fce902ea
02e4dcf607d2e2fee813e8fde42104ee13ddd7bbfab5cccffff014ec17f6fef6
fcf702d11afefc191d000116132714110bf515ba12bf08033f0b4000ff1807e6
e8e9e6bd12e31b0c1bf60c16f6f31bee231e40f503cc0907371631f8de12facc
02e6e5c11b021507441d1d11e6db0cee32ea20e80c0729253203190fc602f6f2
d4f7e4f928f9010c0b20e4fc0ad7fefd2407f4fc043bebde35f19b0f1106e7f2
def3d4e317ed1317141de910e6f1fcfb12a318431293f7fac008f0f6f816cde3
def1edb3320e0c1a1f0d08fd05e50b0536f0350af2d7fe0ad71eb903091de7d3
d6edeab034f10f14170e1403dfce17f738033a9bfa19ecf6c617c8070317e4bb
fdfddcd016fff6091622171eec0420ec14c00fdd279b2a21061201f7d9f0eaf4
d9f5edef0a04111d26ec0218e4f8e5ec15ef2711209413d79c0c1affd010f1d5
f5e9ebdf11f816142c06fa12e415d9f934c03d0002fbf5e11b22e4f1db1be3cb
f9ef00bb2c0b1f0e37f712fffc05ff0b38214fdceeca030ab82ecc0bf323efe0
e1e4f0cb27030a1b21e91408d9e510f714ed3ec9f5c30513a62ae90f2912e0ea
0008ed0a1f06f3ffff090812ff1d14f8fe20efb507c3272b4f04e40b2efcf60d
edfadeac04f400191fc90a0cd71dd8ef1cdb2ce22fc915f8c2241affbc0be0c7
d7e0d5cc07e7031201edf309c61fc7d52bdd1d231131e2e3c721ecdff013d897
cbe5ebcb11f30f0e09dc0907e308e7e90ec528fafe8d0d123d22ee0f200eddd4
cfeddaec02d4fd0ffdf4e21dd7e708cffe10f8bcebce1ae5280cebdf33f1edff
01fef1ff17f2faeb0a00ef1a0ffa10f131b6950cd4e1ed18a7fbaf08380efa09
01fd08b02a01071b6808220ef80acff738f354d232cdfddcd1051f28d71cfb03
f4f5f0c818e8f914240a1217ebfcb8ed20ae4af11e41dbb9200d120dda20f1d8
f100f9cd24fe000c26101313f6ddc90b09e12ef921f4eec4d6f522fb1317f8fa
ecf0f4e416f7f3070cf5f60fecc9f5ec2ebd04a9d41db98430f809e835daebfa
d5eae5dee4d214d5c106c6f8e0c5efca27d1a91eb6d481d3c5c9cbc50d0ae3cf
1ef70bf3e5fc1217cc04e52603ff07ffcec9e01a04b4f8e23f0604c6f31a01f3
e7fffe0aebd801fcc300e5fdfcfe05f7ebf0e5b6f2f805dec700e0dc1a07ecfd
e8faf30cf0ee09fd0402e411d4fc0af4f9dadfc511bd17e3ce00ffd80004f3da
010e1efdf5021504ff06040515140814039ee6e7fd910ded0a0dfcd8f81a02f7
e3f5f418e2e5fe18c402db20f00b0a03c5dad6051d11eee5e8070abb1513eeec
1f11110cf7ecfd09c916fc00080bfe0ce3d4e5c7e519eaf9a70901ead0fbf401
3702fd08f00d0700caf804ff1a0101121ed9f3b3f2d6f3f50b070007ef0bf418
eef5f0eae7e40f06f5f913f3f2e510f5240cd9e604440bf31d0bf1f4e3f1f4ee
fe080bf6040c0002e6f810010add180d0fb3ec24eb3bfcfff80dfe14dbf2ff07
ddfd0702f7e20604f7da0514ea060209e4c8d5c00c39f1f32b0afde5ee2bfcfd
1b19181c04e1d3f0d104f8f11109010de2baf029ec8d1f1a5812210abee90c0b
37212909fd34efefdef816e153f7ed410be1192ed63b0a0ee103122ce4dd2235
202a18edf034c4cbeb032ecf26e0f42d2b100927d70926e6ca070022e4c71c16
211426000127d2d1ecff16e81aea053513c20e3def92fde2a80e0b37dae71a3f
e408fdfbf5f6f9f513f9fafe07fe0e0be4b5e23508e6040a49fc0902e9f1fe18
151d0f0dfaf3f3f403f00203fb0006ebfbe1d7c1f6b0f9faf71afeeceee205f2
43241e170a2ef7ec0ded11f23e12f42b30d7322fe83024134efa1153f2db1115
33280b01eb24ccd814dc20e92900062d2638189ef1f33deae310fa4df2d22211
0d03ea13ea0beaeee4fb1dde0af2fa111ce902ba002902caf0fdfe14def409ff
e8f0080bdefdf704f91405f111fd11f8d600d8b1f113f1f5f702010103f518fe
05192007ee090e1aebf1f91d09f506170515f7ee1edc04debd1af8efdf0810e9
15fa140fe908050010e8fe010df50012123908f115dd20fbbe12e0d6d4041607
190a1201dfe8f0f11e0209080ef715ee0538f3e7173e24fd2314120af9fb0a0b
19180e0ef2f3090c08081df6160d0afdfcf8f9ed07400dfcc818fb07da1a181d
1d3426faf2170313051204061e090b2aeeebf641f62afae69f16f704e204281d
f9e4dc01f6d920152e1dfd23f00aefde141adeeb1c4db0bbd7fc450f0941f3e5
0d1105190ef7f600291c0e112213e7ec2cbf23baf9acb3d0270c262329210bf8
26071b16fce905fa4cdffa0cfe02eb001cf4e517fd52dbfc25fb2232ed231aff
180e25f7110022ff31bf0505f916f70513d0b62300d7f30b18eef836c939021a
3d3635fe161701f938e11afa130bee152819bf16ecd20ddfebda242df1131d37
dad7ddc6f8dd251b2320da19db10eecd18dfe1f022dad9ee15f9f9111c31ddd1
e0f1daee02dd08f54411fc05ea04f3ee31c70c1a08d1e4fce1fdedfffd1fe0d2
e1e2d02102cc28ff27dbed02fd0013ec0c2def12133a011fa2f4f407002df1f6
17f8e41919f1090334b901fc0eff11f70500b8fa0b4a112095fcc211f81f0e02
462327e02d3cfc0961de36083b0b20232bbff8a70a3701f840eff131ee1a1431
0e0f00c6e606191ff6ce07151613e5f9ebfcdb422bffee06bbfa2b19022b0c20
22f4fdc610ea20010dba0bed0508f6fa07f5ee35f92be103a9f6ef0f0b3104ef
fe18fac30ae82d1012d519f40312010ff0c215ae0a0b14110e03d430094310fc
1f0ffdf43209e60442d40ce812ef0f1506d1d8ecfeb91920050fbe210bf60bfd
624541e04c3feb0378f640013004184c051008fff2342b3c0c1c1056f1d83a3d
1d2f19bafb3afa1804f7fa1836e8092bffcdf1061ba5e30acded51fdc30f2b16
3f1421ed0332fc12fbdf11101e1308141ce7fd371c4de900a9fd272609102c31
232a2fef0e2af31d0fe9220c1d0b081714141dfb2eaafa05d6193b31e814232d
0d20ffe21518070123f0240afa13051106075f2411c012f90110281aeee71af0
323e22f4391af2e444081ef02402f41a0d2347d2ec0219211a0b4c3509e61a19
2a1210e0fd2527f525080e060cdd0b1402e02b3ff949e41cbff458141a250e0a
282e23f7ef21edfe0a020ef302efed140a0cfe2e1004f2f8b5eb223502050e33
131316f8ed0a001809ebfdfb0af4000a0cdaf09828d7fbca1918f41ff1280716
18ff0cfcfc2021221ad400030613fbfc0a440d251c101beba60efd01db390105
0f131f000128f9f448db32e42bf5f21443104d18f8381108e509492cc6210e1f
321e28ff163709f510bd12052a09f8190dd3d524f9d32905ca253b3516162426
1e0717f9f20afc02fbbe13fe1314fd140bf3f7bae7391be8cee92422e1150b25
232a29f4141d08fb19eb26dc2e08e324f8a514f7e012fed6f7d2260f0df51f29
1d2924010626f6f71c06ffe10dfef529fda1f5f0ee94ecf8b2e3051df0071525
2e1225080c230cf5210205e21908f1140dc3d0a5e706fbeb00e0270cd5fe2a1e
020421e7fd1dfdf5f6e7fef91f06f70c07d307c0f83d1af9fdec38352110212d
16ff08f9081804f700fafc021215010e02d60407f6ffebfb08e41b13f2fd1c24
10ff0101f8f902f406fdfbf8f9f8ef00fbf706e4f8ffe0dfc9de12050506fa0c
08150111f90508ff09f90af3fc11f008f3a6ee32f5420d09a9e20a19090a0a21
2a262f221033020121ea13e71503f81e08dfcbc7ec931710cedb2f0e010b2b24
08241ada111e12f8171b1df70ff6eb1301e00eabe02715142bfb16310a111311
eaf6f00d0b0a0bfff219f204eefd09f3f101e5c90131020cdae8c4eff51af4ee
8181960da6853c238122812b81d71d88d114810230a8bec62ccf818f1a498188
ecf60afa040006f4f3040603fa01fa04f3eec5faf9ae1c1fa3edb9fde41e050a
221e32e9192a1b000dec19e904060b1f0705e4fcfe8b1d24bfdbdf13fd151e2e
230422f613110efe060011fe25e0f115121be6c2dbc008feefef1524def91228
f2f10c05ecfa13fffdfb0afe00010ffcd9fcf9affffa0506bfed2200e307080e
ebe1f5eefbea13070d06df08e70404eaf0dcfef2fe83e1ecdfec1effeb0feedd
1d0d130111130bfd070a04f8080bf70bf4c4f9eaf5fc0c12fbdd16fd0a070a0c
301b1ff20b07020a0c050bf324010e2a0695031d09affa0ee1f72318ddfd2136
281f1b042b3312f229081ae933f0082c163af313ec14fb0cc3e8f73dcd0d231d
33041d0cfa071df201dc0efd0ee30a1309f8d7fedf4d00120cf51415db051a37
2b1821f7181602ef41eb25da3cffe61af71c0008de0118bc02ee162613172737
2913110d082bfb00f5f40ff518fbf50d152cfcc905bc07d908e9081511140c21
1f1e201a19320b1127e515081df8f0170b0deb8f0bdaeefa0f002331f4271914
02e2f3febef80710abfbda1214fa00f49fb4fcec190de90ccaec2bd9e9160d07
0df1060dcef80009e5010afa1d0406f3c2d506f104e91e1405da13d4fcf10a0e
0e10fe09cb0af6131ffd06fd06100bf3c0a118bc07441afaf5fa28eafdf80afb
fd010ef6c5e20e07f8070316f5200bf8c30f0fdcffc306f5120019e6ebfb020e
eef90010a0ea2603c001e90c0d1309f3aa11f90b17f5eef9b1e311ba0631fef4
13180bf3ecf4fc0abfdaf21019090a00bd1ffec504da0d22d602041de5fc161f
150aedf4f008edf9f5010ef60518f703bcc1df32faff2b2adbfbfdf8f7f2fd18
0f0dfff0e8fce6dc081112dd201decf9a522ffb1ccf80fed290af5e217cbfc1d
1b071110ea00f8e9e70c04f60c1aff1cb8da05f3d4ac0eff0cf1fa100ce6120e
ee0efe0bf401fdf9040e0e050d120013c10bc4b5132a1532c9e8211ce4ff06ea
110af501d0df0017baeeff04f4070a10bf13d214009b1d143e03d8070ff609fd
f502edf8ecfff9fbd61803f0fe09f1f19833d5cbf99d0bffd405fcec36fbfcfb
241a17d3dd0a9281e11a308119008117abbedcb6811cebc4180dfaed4a8f2108
f7f2f2f7d9eed7dbe206feda1319e5fa94dcffede1a720f8ee0204043ffc0f0f
ea15ebf8ee070cfbe406ff1c140bf3fa9bcdccf51597252fee010e310dea040f
fd0b02ffdefa0c14e308ed1815fef8eeb109e2c70728e7f6fbfd24ec071503fc
f600f501caef1af7d413fdf1090af0fad01413b20efc2b3729ed10ea1910f70c
05f3fe1ce2f900dbea2508f702fee302c9e2fce202b627efba0403013ffd02f2
080af505f30001f4f900fafaec0103fec63ff90d163a2afb21fc11fa1e040616
1a120001dd00130603fcf00215fd0defb523dfc5fb420423bfee07c613ff0ae3
e7e9ff02cce61810ab13d71702e6e2f1ba380cda02b00fdac4ff06e9db15e7eb
e0edf704d2e80c12e9f9fefdfdf8ef06cff532010bd61e02aee6f1cce00bfde0
f7f60f00e3cc050b0421fa0d011002e9b4c62a340508fad1d8e822f8edf7fef8
09060df8f1eb0d0d0b04010ef90a05f6c4030918031b01e829f707fbe4f805f5
f8f5fe0297e60c15d511d50ef30b0aeebef9ffaf0e2b002041efdfbbec04efed
9da2b004dfaf18d3ba85c1ffb307e0a7ff1d01f10c3501ebb7161c94b907ce9d
b2ced40ed1c023dea7c3d819d0f019c2eadde4b20f4f1ece5622febff30ce0ce
cdeee625cacc28d2c6e7f8f3dafd0eead7c9f2b3e6aa3513e4fa07ddef020000
bae2c928d1c51705e6edcd11dd0814cddd0ce8ac1143181017fff4b3ef1cedf4
bfbdb61dcdc303e6c5f3d20bd31d2bb5bd09f30a092e0e07930bf4b2c8fce2de
b8dbe109d9cb1ae6e0c0dfdddcf2f4c5ea2007290e3802ce05f933dcaa07e5de
c8f5f8faddc921f4ca12faf7e7ee08ddf433002500a209d14bfc02ddd202fcfb
f7f7f010dd030cd6c902e7f20518eefed614c9f4e94cfc0e41f60adcede90022
d9e2db09bbd20bf2c4f9dd0de0080defe1eebaf7ff56101e31fa23d2f802f4f9
e7d5ea13ddb40aefcf0ae313db0e04c0c8d9e8f5099e150d0afa2cc4e90bece3
bbdde210cecb17e2a4cce4bdea09edd9b50c053005b7180addfa25e2c81fe6da
beffee16cbf4f9e0d8f1e9dbfdfbf8dbc700f5cdf92de8d0b6fc15d6d7fcfcd4
02e3012bd00af8e9c30db2e8f91ef5e5811fe1b7e79df004f9e007d9dee2fd0c
e9f00b0ec1f7f8e0cb18e3d8f30b07e396bed418ddaaf00b24fa14f1f2f3e706
e0eafa0ec6cd37e09c05e8f6d9fcc5e3a313efe5ead21602af0837ccf318f1e4
cad6cb1adcdb05e5c3f3e0caeef8f7d5d3b4081adb0b02e7f609ebf5a21de5e6
e8e2d611b3c711ffe3f3e7e8f1ee13e5bdf8d73df83606dc29ea06cdd6fcfbd8
d4f4f628bee8f8f8d509e1f8f41eeee7c216dcb1f90a1d01ba0700fdedd102f5
00f2f315e8f109fede09fcf70122fdfccac7e422002c2106a61301efe6ee13d6
c8ded52bd7cc1e09cc1aeb1adefe06d6c0c3e4140323100efff8edcf1ef2eed4
90d6abebe2be1ae6d30dd7decd06f3c1ca03003aeafb26c954fb01b5cc09c6ca
9dccb704c3c923f0a609caf7c20109cacf51fece01b912db1dfce5a2ac1fe3b7
cddecc23c1b82fe0c6f0ceeddc080ac4aa05faa8f7fc39050117e6cb252ce1d0
b6e2ce0fadb220efa80ece07d21808a7b114ca271318190e2214f9b50d1bd5e4
acc7c410cbbc06df9814dc07b1fcfca4cc2fe31d01ef3000b40f03a7d2e6d7ce
410517061b36acf322e02ed832110a1f1e273dd6bc41e4073b061d20f096221a
2b0329130f11bff1fcef16ee2f1ff708ff120ddae132fad7aef232f1fcc30b0d
261d230ef7149fe030e012e61f39fa3605ad04cbee05fec0acf34202fbcb2013
2a0f30130f20d9f728f103ef221ff720fc1cdf27e413d9d2f2fa3504e1cc2714
1e0c1a1f031fdcf20715fc042512021520d5efc1d13ed9c8b6f72c19dddb2418
0a0a0fdb301bf91143f21f0a14f9e51e3be9240e02bde92c4bfb0a27e30607e4
3106fffa13f3fb0f330914010e11fcfaee061b22fe330137fcfb1406f7f81704
2301f3ff17fbef132ef0fd040b0c0715eaceea1efe3cf61540f1111014040efb
1df7f7d91cfcff172b120af5f8fe1309f22deb1efc37dcfb49ee1015161617f7
fae3edf115f3f30e3812f918f40426f4171af9ff08fee4cad1f9fe01141bf1e9
501d2bd71c3604175409211f1b00cc2b17d5f4c61223021231fce349fc0f1b20
331a14f81010f30f29f710fd1116f618010904b40411092c40f8e014fd061f26
241413001c06df1325fa23f61816f81aee10e3dbfc16f913a8eee53e0d0d110b
141a0eec321bf91a550d27fe1617261ce8220cf305400bfd0608f128ff0d0f0f
e0ebfad411f5271e5c0c0d1fe10739f2053a12ce2014e8e0f6f3e927061ef1ed
3d132bf2152bdd120ae4381034f3db2b1be310f20eebfc04b310f04000dd2722
27141bed0b10f4110cfa140c2e01f80c0a06d83402d6061714001b3505f41236
1c1817f50a06ef0b0f1c03fc0314f7ecea1bd3d4034c220554103018010ef216
e406eada0ae8040c01000207fa0f1005ea39e01f0de1f9fbff051bf4f21ce4fa
e8e6dff2eee9150608100a15fefb1def19c0039f132be7064df025f90807e8e4
21111713183bbffcf21123e52e03083c0dc02aea00c200d2351f213cfed52318
0502ff0004f8c400f20d10f915f3130b073811a9fdb008e01620110f09be10f5
05f7f50ffcf3abe7e60dfaeef308e3f3d402fd0af4ba05e7b418110614d1f40c
fd10f7e706e8c80c0c08050c02fbed06e9caf5f90e1fe6b69ef3410709fefa0d
0d0f0decfbf8e2210f1e03140dfef80401dc0ba7131fc5c414ec26edfafef9e9
14ee0ce9f913b9ddc9eb02f608ffef02f3e929e20d5301d6fb0504f4e0d8fcf4
fa000110e805d9e8d430ed11f4fa1cf2e429f73e1938fdb6d00cf6f3efbc04ef
df06ef17d9e4f7ded61bed14ef0214dedff417100ee611d7ce0404cbdec1e5f4
01faf506e3dbf2f2c7ebe4100a1a0ad2d4ff164d03dbfbe4560e04d8dac8f402
260e0009fc19d9e6da01100a1c0df305fac012edd03801e0ee0e1806ceb50521
0b16fdf61214ed0eff1f07f718ef170dfff200e20d52100ae7f2db2cf00c0d07
05f1f5fedef3d619d62a011213fd0e00cec9f1eb12c604001b08f8f5d815f9fd
1309fa00e811bf31eb12fe082a022519f6f7eeab07cb210ff10e10ffc5dafc26
fffe040a0101fb15020507120cfa190bf6360bc6013518e7431a1fdae8fe0e28
1b03270f111be8f205020c0b150af51e100deafee941fcdd1b12f42ff7f41a31
1b0701f01205e110ff310e0609fdff1e01080cc9f42a271854e9d62a11060a24
100e0a040e19d215ef0e0b0dfb08e50ed9121ad3fabbfdea4b06ff07f9fb0211
111f2d030f2bd520fb1c10f20f002b24eef4f405f6e81a0be811ef0ddce10632
18121ff81220ff190c08fbf815f3160103cf0346012cfdfe990df21cea001530
1f101ded0f0dfdf1160b08f61307ff0b0d3109c4f3d31af53109061d32df1822
111205f81bf3ff0c3eff200e07edfa0c04f81e0efe8d0809d900d70e21fbfc00
070604ff0f0a09181803070e0404ea05f83314e1fbd8f1e7cb03f5fe1febf910
e8fffffe230df71c05fc050905031104feeaee29092703f14d13c806d805f4f5
121efef11c0ff11328f4060a1c010a0b1526150011a0dfd21e0ef11cf4fc06ee
21f414f80bffeafd2dfd17020c150afe0ecc1df8001df206e3071d0e1df00df6
131a14ff2d13acee17fd08f70af0082120ff183bf8d4080f3310db130ed50c23
150ffe102e08ed0143000af2110af00e1ce013dcfdaf14e92521de11f6eb0c1d
1f0117f93000d70030f409f11d0ffb0c18d3040605260e05bb10db26ffc4fb31
22100aef2c10d50c37040cf31d07fcfc241f1c39fa44e40b420df009ddd2fefa
361b13f22c13e202280b1bf725f6f71736331914f4d4d709b0f91518ddb70c07
e6e4edf9dff910ecdeb1f3f2f8f5dbf40cbdd8c7ffb808dba52804e2aa1bf5f8
e9eeebeef2d810fbf3b4fcf4ebfef3f901ccfb14e5020ff9e10006e8d623edfd
eef0fadbeded28fbffe1f8e9e7faf0ecf5f511c5d8b1d2d098e61fcbf9f4f9f3
e9f7f401ddfa19f6f7f6f6ebf8f303ede8040e1ce98aeaedebe909cfd501f0f5
edeef106f1011aef03effce4fef5f2f7fbd6f5cfd13f12ea24d81ee0ceff0dfd
e9dcf4e6d2eb00efb7dee7f4eaf2f5f6e823ffd90af707e822dd12e50b1df0f5
fcdef1ece904fbfbace1e7fdf10e06fff0b2ee0604bdf90897e519c6fb020805
e6ede8fce9e80afde4d2f6f8e5f2f7e4f8fe02b90c0ce2cb18dc05ee0a0febe4
eeebf0f5cef5f1f7f1e9f4f5e506faeded900b140023f70b39e215c9ef0102f8
e9daece9dcf416ffe1cff1f1e5eaf1e1ff9bf41beba8eff1d5eb23c5d915fadf
c4f7e6dbd6e61de8b9edf6dff0d9fdf8ecb505aed7eafc0e3af319e4f818e4df
ecf1ebfcef0bf8f7cf0eddf7f2f906f7ed86e09bf38cf612cbdef1e30003f6ec
c4b2d715cccd2016bc06b11ec5ed0ec5e909c18f1dc1c4cd07e5b9cc0a2dc3d3
e0f8f9f2ecfcf5f0d3fdfa04f1f7ebf1f0b7dfbbffaf001801f2ded0bf0ff7f6
eae3efdae7eb34f4d1e8f5e2caf3dbe8e991ffd4dfcffd1e11def4cde011eff8
f5ebf3f101eb1cfce8d6fef906dafefafb20fa00d5dc03fa02d1e6e6bd0604f6
030306efe108f4f0e7e708f4f20df612ecb9fec0dc55fb1597d61beadaf210f6
e4e2f7eaeff50a02e6ece8fbe6ff04fbfba808e1fe18d7e1f1e91ff4e306fff0
f1fbf8fee7fe03fed0f7e9f4fb02f005ebcbe6c6f5bcf20691db04c3ddfef7f0
f4e2eee3eee70f0fd104e302ea0200f1fdb8f1cff836ed0cc9f1f6f8dbfff5f2
e8feedfdf5ee2701eaf6ef09fadcf4fdefbdeadeffdaf42ea9cb07d29317f3d6
0af0edf5f7f924efe3d9f405f6e4dcfbf1bede0dd52fd8232cd814cdb6040800
eaefe2d6e2e019f1d4dff7e9fff2ebf5dab9d7c8e01cd3c9b0d116bae618f8e3
fef5ffedf40509f9f4ecffeb0806f9f9f792e60f081dfefcb2e803eef40bfd00
e5cfdef8ebe71e11d9d0de02ecfae6dafa9dc43103bcef1700fe18d6cf12edc3
2b0c14130a18ec0405ed01000d0df80ef9b902cdf6cae302ba180ff80cee1407
13070817f20bfaf7eed903f00702fe0d0006f816f7f60f14920c0ef71ee600ef
090a091c0107d8ec2cc012ea0902f60502b0203601f0350ec6100f1d11e10a0c
292027111019e7e027bc15f32106ec0d0ebe100ff69719203623021f1cf21a15
06051817fdff0301fae9040a15f2f518df08eec008a604e6823203fe1d040313
fe1602140ff90c012ddd05edf902020bf0181ea6f19c09051b0510e5cf01fff1
2f17050f033100f020e1fbde2405ec2221bb0303e3b7f7042b232a330bdc0732
2b1e1508fe2bdfe22cdd14d02df0fc1618a807e2e8ad20252a1f1d2107d92333
2f261f122f32fae0630128d43b05f03c49d115d6f0df05190731165dfbed2323
01071317120b0fec20f105f5fc04f0121ac10b1807300b13e9360422fe06f40f
ef0bfa0bfae5f30328e1f303df0804f724f418ebfc96141a1efd2ddff5f7ecfa
180f1f14ed19eef616d407e52108ea0f16cb32c002420e04ed142f09ddfc0315
11082208010eebed1af50ff026010a040e10240af8ca1704f1050624fbef190a
48343707164fc6da44ed32dd591909390be7220cd73f060415123963ecd43264
e0f5fafff7f303f2f70efe07eb08eefd10000cd60b9afc0c0c210603fb0801fd
08ff010ffd00190e2bdef214f9060a0112ee01c21fecf0ed2e0a06f3052405ef
1cf80d01fc1c271912e617191ef81e2d1a0bfe2120f411f137fe1d12cc341e0e
370718100523e2e62deb23f33bfd032b210c16e3f135211d0cfbfe27cbe3220e
2619260a1421d9e41cf034f336fd163133f81023f12b061199001847cbe82726
1315181c0a1efd090b0e1a061f04061c1dbff014fcddef05d517fe34db012815
e5eef411e7e40a23f1fcd11ee108fee7f034ceb029a2eadfeefff9dc0315e8d0
f5f3f510e0e10006f0ede40afbfd0008da53edc6141c02e9e70a1ad4cf0f06ee
e2e6df15d6d214f10b08ea0de2f903dfdfccf0c40cc403feda06f9d3b101e4e7
00f90b1100dffaf818030bfd08fc05f0db0beae9fa9efdffc5050ef898fefc05
f80e10fd05fa1712f9ff000d1af50110dee3da1af4ebfbeb0611fc05c1001b11
250d15082d0aef0e34da100a140aeef61dc04fdc0aff1017c0ef0930bde9fd1e
fc07f30b20fe11074501f515f5f0f6dc14f936ab2287edb336f5fe20bc0fe3fa
fff90507160ce50221e3ff06efe9e7f6182a3c011129bb81b001ff0fb227fe09
e1dafff213f4f308f5c0f50900cc09103a16d5cadf9fb8bb04e4ebe3c244f7fe
cacff1afe9eb01ea9ebae915ecb2e5f209e4bd0b8a38ddbe47a8d6db9bf4dfd3
01fdfd050706ff1526ca050ffb25d7df0ef43ac414a6f5dd34182af5b7f9eeef
e5f9f5000b04f30811ef0608fc0ee9d401022808172dbf9c00081aefd0f3e0da
e6faed0522fbf0ff0ae0fdfeeef3eef4000c2bb411d6edbeb5fd0be7c40f02f0
ccd4eaf00ad3d8f9e0f2e6e5dbc7e0ed3c3af2ff1200edf24619d7dcdf2ee0d4
e9ecf2d314f8f909ccbe021600b7cefc16eaa5d4d9a3ff09c7c2ae03d62adee3
e6dff6f6f5dbff1911e4e307eb19f2ebf4b709c71fc2f3f3e20d16e30f07ecef
d1d7cefef6da020e0104e90dd40afbd9fc380ad30fa9ada911f8fbd91e0ad6d4
dfe9dde710f6fe09f1e7ec14e8fff1ecfb0113d50ffbe714fc02fee6161bebf2
ebd8e2fc03cdf209e904e400dd02f9f305f204111a0c1e224617ade4e801f2ef
06faeef921e5fbffe0cb08ff0df0f1f3181dc9e8fed2102bbcf19421e819eee9
c9e7e915ecd40b17f317d20dd91402e9f3d5f3e52002cae81000e0c1472cdbe6
e6daf213f9db1219fbfddc05d40afce70cbfeef51928bbd59f00daed5124dae1
edf3ecf107030819ecee010efeff050109ebfef1172abbf9ededcde90f15f7f1
f9f7ecebfbf9fa16c3e60501f81103fbfcea10941aeeea1dd9efb501cefef9f4
f5f2e9f60cef2407e4d7051bf8000aee0b250cc819ff082d98eac01eda1bf3fe
c8d4e917c8aef50b990cd606ec0d28d7e6dbcde907e5bee0cce208aa522fe2e1
e8dfe5fa00cb1c0fc8e5d405defc0dd310ebdfd02600dbf327f803d4442fd8ca
0704ebfd09fe0c13dfc5fa10fe0109fa07edeff12881c21401f0ffedf70af6e6
fd0bf2d70bec0715dfd300140a180c10ebf918f51892e239e5f7fb1aadf902f9
2c05fcd524f6150005eb290e2009061615d93a040dd712491be1182dcaec161a
150209f0180f1ecd1cf018fb04e2e80a35fc261be8e407f6beedee10e70ffd0a
21ff01fe0d0428d822021003f8e3f4fc16c2181deef5ddbc3200d91c07ecfd03
360c240e151dfbd6221e21f218f3ff1d1fe830a9d35acebe16e1bd3adcac1016
0f0106f2fd14feea1f100af7100ff508122b2d03de9ccfe303f0f312c6cf131a
38373a04373cddd13c0623ef3919012f2faaef0fb822ff0787dfd84d8ad02d4c
14120adb1111fed805000ede0ae2ef141ab2ffc606520b0698fd0d13101501f5
021408e50308fbf4f5f71a05fce9070c05ad1e4514a1e4cdb70a280813040a07
131102e5f7060efbfbf4fe0bfde9fb0403c314c0eb1acbdd36eefa08f1ef0314
03fff8ebf0f4f0fae4f205140305fdfbfba7fd421018ebf1b3ea14ffcfe70102
11001df9270cdccef9ec14df12080121fde2ebf2d2fbe8fbd1f2f44ba9ba1a0b
2b1014de231ef7f8fffd18da17f3171b20e7f9b80ce3031fd9f7c6381bf6220a
020406dd0c0ffff0fcfa1aecffe50309f0e8f2f10ffc110b0300df1c0afc0310
110205df1a070f082bff0d13f6e0020f20b9f6fbffb6e3fcfde8e112d2110f1f
0508feeb14f9ff031503ff0d09e4fa0213191f3c0359d0dcd2f5ee27f8f6ff00
19181de82a2beee4f2f727e522ffe42412fcf4c7c5d7d702bcd1d62ef3cc0d15
261015fe2125eee2fbfd26ec2ee30f220705e333018c0a3b08f8de2fe6cf2525
ee0301f1f306eedee00604f611de0d19ee18f094ff14032a8a0d0103fdf00e09
e70513f2080dfffa1e03050601d70a04052513f0ffcdf1edcbfff7faffe61310
fdfc05e603ebee0611f1f80afae900fa0eb80b4405d3d5e3a8ecdf070eef05f2
fa0610f62015f5f008e4080300f2ebfe012ddff0e5c1ef01f9ded0180dea0904
181c1ad0211f05e827fb14de1fc7fa1f0a15021eef00de0fb0ded520d6ea122d
f00c0ee00008e1f60ef610e8f8e7f21212e21dbcfbf8d4d636ede7fbfde00910
f3010bf8f800e5e70ef906dbeff418f808f325e3fa24c4c6e0f2e4f320e303f6
f70915f31bf7fffd1be706e802eb140211bc15fdfdfbd6ea0c03f104120a06f9
eefce1ea00ee04e4fef002eeebeaf2f60b2101fee755daf5e2cfe3f7ea16f5e8
122d1924e9221f05efea17071713001b98210607021c2dfd272a082f03032008
281c1f0ff40dfffdd8f511ef0d14f10abff6fcb2f4ef1f23a51af928030b2317
130c150ee40f14f3d1da1bf00e1aeff3e0ab16f6fab32b2da81419250504191e
021a1b05eafc17fde1dd0b0011f3fd0dc6c9f6e3fcba2532810a050ff006200e
c3f1fa17d6d83c15be03f015deff00f68e28e5da19940f26c81df7e4e821fceb
0427131dcb1404f6e5e511ef1c030704aede0af2f40b1f00cc282604f1f80b17
3c071202cc16e9f2dee4ffe601eb031ae4f52ce2e4ad2c3389160a05ead1201b
35eb1020ae0c98ff98f3d9e218ed080c8ff31715e73d1c4594f9301ae28ff51b
1d1d0e02fc1402f705f811ef23fde72cfc3c16ee055bf815d9f6f324e8f51113
fdfcf7f9d2dd2c07def7f1fcf80de403b3b908d5090b0b13d0250fd6e923ea07
f1121810ed0f0d000aea0df20b060705dcbe1d15023d4814bf133607f3210b13
3710360fcf29ee01e4cb04f518f40117ffcd5235fdf62416c8f229f1e3d9062e
0ff21836befdaa01c1fce0f3151803fd9fcbffc4e4b32a7a9dff6c1181ba1d1b
171218fce828e7f8f8fa0a0c1504eb09fdd416dbf834e50004022913daff170f
fa050707cbf308fecffffc09fe17dff5b6d8eb05fff9190f230e23dcf507f004
ef0efb1001ff14fcf9fbfbfd09060607d3cbeeb609e4130035fc0cfcea1eff00
121b161610120ff5f30e100023fe051cb1d719b1ed420bf9b8ec0001db051e0e
13201e0606150dfbe60717f428f60027cc221b31e84b100f13fe05058eef1b1e
08140efd211511f1080916ff14010504e41b06a4f8fb0b0cb915f027ea1f0e0d
e3f505ffdcd91d06cefe0412ef0c07039e2ccd0005e00bf6300b04f0002101f5
ddf6ec12c6f01815c0fef318f10d0df98d1ec2f515dcf8f1e30015dbf62cf0f4
fc0d062ad2ee01f5c4faf0fc000bff018cde0a45f64016fc8e0f1ef6ac0f0807
df01f71eedfbfaf6ed1aeefaf2fff510941328d9f0d11612110f0512990500f5
dc05f605f2f104fbe30f08fffc09ff12a5d1f6c9efbb090ae70705ebcd0c08f7
bae9e6ffd3dd2f17bb02e21becf40be396bdbf380c14fded95f8fad60a31f8e3
11fe19d81114f8021de913fb0bfafb0bfde0ef081ecf1b1ab8e1ff090524f90b
0006210e1d13e90a02e008ff11d80f07d8fce4401b4f444af0d4112c15f61b32
dcf900f7fbfdf4fe0ebd0301f4df0811ff2adee401fc2705b9dd2af313fef51a
ff14edda1713100d3730080308d215210f34fb2b00f2ebe792d5f700110cf909
f201f8eae506140be43a011505df0d0f1016ea351557d2e13dd3ecfc0b070cf7
15fd16e702060ef9120217fb0beafe1000bbe838fc2c032e23e1f731261008ee
f9f7ff131602fcf4f0f815ed0af7e800f0f2cec9ffd13144bed8090d070412f8
d60621f2f70f020af8dc1ef5f9fa06fbdcaacc4812e63815c6f00ef8ef141009
d60ae0f4efed1f04071efb00e5dc00f0fac9efb40213d9c8a4d6e0d2f705eef4
fc1200fc04f204070d08080701efff09f54908df04a5e9d0cfe5fb110a100b05
29fe0bdf11ee1e15ef3012f81aeb150522c9e8ffeca001204ce8f629080812fe
3f27372527389bced82404eb650be011fa222b1ac3dc0628cb015b1623af282d
24627fecee6f81bee01142c47af70d57bd011035c5ed5e6339e85d1f0a894777
fd09fc0ee6f1150802030403f006dfe4f3fe15ad00f2c8cbe2d5f1f80707040d
061a0e1605f4ed020211020007ffd903e738023a0006f5e5f0dfd510f7fb0714
2e000aec010800ff18011edf01f1170123f804fbe5a3093952f6fc1407061d30
37184a021a3bc2d4341209f34cebe316e6123a32db040b2e2cea363030a6232a
213e5fea0559bcd82d0623e2440afa57c2dd12f4d823507512f121330095467f
14fcf703ec06090700ed0207071ee7daf3131435f1b1e4d1fcc7f6f011f7fef7
191d18200401f106e80b05fc2400e50ae520039cfd3ce7e6f2defd08fbfc1f27
333118d7383401f43ce533cc23e90f2410d40835e1ac4353d2e1231fc7091c37
1d2a3efb3a5ef4f021e543e354cb0f53f33402fee8c0564aef091045bfee3f56
31384a02022a090f0a062b0b5a0d102bf4caf3affce42439fff418338c1a4570
0bf711ccf4161205f9e01f06120df2f30fd008240ca1ec030bde11eef7191e13
01fc11d6e7221c1801ea07100602fdf814d401121597e3ec3ee00c10170e0904
2129fdd4da1cfbd6c73907021eecece819af07f2fac292ccb4a74714c206131e
1afdf0f1f5fcd6e3fb1bf8e9fff3d1d531124ebd04309dcef1d30eeceafcfc0b
0b0c0518f6e9ebf12b0b02d10b1bfad025f34e13fcbd9de9afebf4e5ecf0ee0d
020a01310dea00f81507f9eefb1d0cc709be392ef698ba0412e3f30acefaee00
4124271a172cd60232ed20f8272b0d0601f145a7e904f21bf2cf3717afef0c41
1c0203d8e513fe06bd24ff0611f602f3112ba6080be3c00dc6db16f4f30b0507
3d0cfc06ed21e8dcfa0c08ce1f21ed02190e364cf1eeff368cfc1f02d1d10620
3a0f2519c127cbee0ef812d032521411e0e53a27d74de8fc0bf437ece59b2720
30052139f41cfdeb0b0a08f0202e0905e10725fdf607faf3bbe11fe7ccd7130f
2cf4192aee21eaf5192f04f5291e1407edfa110df7ca1ed905f82aedf0f00d25
01f1fdd51ae4070cf61bf10b02ddeff71636b5e40bdff4f634eee40ad600f7fc
05faf907f3fd0407d807eb02040103f70605d7da14180601c7f305fda6e70300
05f6efe4fcef0906c5f5f808f2f80d00e11bba160fea2525e6f72bccc8ee04ff
11f3f6070fe109020317e30ee40213f70bedd0bc08960ee6db0617f6ce0bfbea
03f20c1001fd02ff0b23f509e70014fd09cbe7f8021617f4dff80edfea0a1106
eefeede626fe411c0f2ff52de4d706f52a30ee0929b4f3eb3aedea0fca2feee5
fbeff61506fb00fdeb1aef0de4eaf2f40a00d3d30f9ff2f33af2fcdf8ff6e9fd
b7c8ce16eed70f09bd22d70bd4ef06eff150ab1a18cff0043be6cbd58705dbf1
e8eaed1215fa24faf618eb01ecf906ee0e31c72e05fcece7eaf9c3fece1fece3
f2e9fc0a02f32506fa04f700ecf917f21be5e3a210c8e7ceb1f3f1fc2f32f1e7
1ce0fcfd210017082017061800e4fdfe0e3137390e08001ae9041335e719f6f7
2ef10c1c03fcef021b151606fcff030d06fbd6fb011b040bf709151bdbf303fe
ffe7fc06fadeeb06ec25f5fbf0feedfef581b206f0fce6fefff111e7d3fffae8
1efff11712080800f20901ff08ecf011eca7c612fbebdfec1fed0204f11ffaf9
d8d7d103cdc6fffcc5e2d0f5d1ec0ecfe1daad250cc0dad8d3edfadc1f07c4ba
1d180c141f29fb06f6a429f20b1803120a25070005182f13c22cef29edfd141b
05fdf40f07f9cb060bdb06fc031409ef170621e206b31a003223fffd20ffe7ef
140d00180900e4f116040de90b15eedd09da103bf7a415ea150906040cf0000f
160e0a252a2205effbf515031f04100406e01a47f2d01b00be13e22b2019fb22
3d1515312c35fb0ff00317042e0b0812021108affe2deae4b71afd35281c0a24
f0faec0bf7fb070103e0f1f3ed1befe51be1fcb4095031074b1b02fcf612fdf6
060af4f4f402d702e2f1f9fe16f3fa02fdc60f1ff6562400501308190d11051b
dc03f0f4d5ddbff9e2e6f9ecf9e205e705c9100fe8e705e5f50908e823f1fd12
f3000d06000b07f6f2e9ff1ffaef1c020a19f93a05c717f82621060bfb1fff0b
1b06060cf608e9fbf4f10512051924010deef6d60a35fe0b980f1b15fb0b02fb
fef1e4090ee906fbfc01f9ef020fe3f3150a1143fd371612dc10ea20111bfe05
22161ffa0a1ae0eb030615f72af7d30e03f516f7f09b0adba7040e392d041409
1118fbfdfb1facd508f71dd800f6ee11071f0d1ccbaa13d3a9070b100ed5130a
06110a0e0611f6fee80f060311fd201b0029fa09fca31c14e106161710f1081b
060e1bfe0915cfe3091523ff1109190fcd0605c4efb0383541100329eeba1527
0a15001f1300f3f1d9f701f7081708ebf820f31714f60605ee08da091420f9fe
f1fce706faf703ebe909011000fc00f80bf31aabfdce2ad4b7eb02fafa1af9f6
1012f401e101e0f6fcf215f6100202fff62df038fff732fd09020d1f26ed0716
0309ed111a14f2ff111f0afbf2f70e03e8fb04bfee3e250fdf110414e8fe0c0b
14000019100ddcfa1d1d1408fc01140eeb2e3b19fc3a1cf6c020f21717ef1505
180bf22108fee5eec6f2fffc0410fff8dc1f26d60bbd08e8bf13daf6f60af8fe
15fb051ce4f5e0eee7f9fef7ff1f01f0d7370be814b21de3100afe0cd2f30403
26140110faf9fde61e0906f90b1907e6fb2218e4f7a51bd6c308202df7eff921
180afa190812f7f7f91318f42c0f0a01fa11332003160c07cd001912f7020c20
1411f4020c2aee182e1f011609030c1bf81f353621bc37e1e807ea0bf8de1214
fe00011beb12120c09d4f902010525ddfdc312f5362109daaa08fd1a0d2ff603
08e1f50dd3ef0ff2d50fdee7edfeead3f7c62ee616a7e4cb1efe01f6f724d603
e608eb0fccfc0af40bf402e4dd06eedb02b821cc1ca91fdaad0622030c1eebe1
dde5e82ae2e11210eefcf605e7090cd6d02f0b0c063512d905131d112602eaf5
cbdcf6fcd4ee1609a8dfef27f4e601f0dabffbec11ddf3d70f1117e3fc38f5fe
12191a17ff0cd60c21e20cf3241e00020fbbe4ba14a30f004609152ac3160822
fb020502d8fbdd07f40bfff40211f6eb0121fad00dd1fdea1f153eedcb17ee0c
1a0217f8e51adae2efff08de1e05ff08e2d510c5eb262a082cf3f400f7df121a
ebf5f61ad4fadcf4c2fdf6e3f70408e5ec1a27b2e6f81311d0fd09f508f60008
e2f8f7fdedf506f0b6e5f0fceb00ffe3f4d2c128faf11d4f052205e9f9ebe5fb
30081afbeae9d5f3e2e510f41d10f51e01c8d7bcf847283dbc11eb08fafb0717
f70705f6fbf0c205f70601e61008fdfd262dfd0a18082809a80622ecf3ebeaf5
ff0110dce416bdb804fc0bbc0c09df1508ae00cfc79502cc26f8f2092fba0a07
f900ee19eb00ccc3eef201d8fc0cdffeddcf0d99ec260fd8b8fdf4eb1afe03f8
fdfff116f8fdffe1d008f5f20a1df8ebe8efde09f0d0163bf406db1513e7f8f1
08fd0408fa071101ed0bfe1ff70d060123c4e5ea092c00dd200a04062d28e60c
1bff0315f60104fefefdf3031b1df90430cdf11a22e918f2501707100328fb12
dfe6e517f5f608f40afcec19130809de0e2cf7011a470e00160e06f4c417e2f5
05fdf3fdfde902ec1a0400f2f410fde0102ef8ba113dffe8a2f9fbf7f706fbf3
fdfaf702edf716f3fffc06170511030dfe2ec5b8200ef8faf80116151aeff8f1
3ffd123d2d30e1f800200b101f2111293230013cffc41ad2b626f6412bfb0828
33111d0d1d2513f21de014ff241b0c2630d90bd907131abbb931f849d9101e2d
3313121b020d03f51ce507f2211705f90bde06db03360fd6c709323fbd01031f
463a331b1b16efe9400f25ed3d1907101cc70a1801e41be022121548c9f1203d
1b1c2aef091a0afbfe0e2e0b2e09030f1824ef402bc103fcab04e934ebfd284f
2419212f3138f1e235d218cf332ff7262fcdf6dae798f4fe4618db53ca0c231f
05fefc1a111226ef08ea0afa07e309ff220aecb3e8ebe4ef1a07d823c613190b
1416110f2b2e1dea2600281d1ae0fa112cf0e4f1f654fce5c4f0de32e10f200f
0a1b17f30f100eea10e71a1b1ae7081228c2ee37faf0eed4a409fa09e2eb0f1e
04101300170dffe117fa12030e0ff71c0febf2b4e0ed060124fd0e12d8f41640
0f0c11100f16fbeffdecffd711fdfb2905f7cd3902d0f1cacc09b249fd020d11
1f0b0510ff0522fe1bec06fe0af5030c1b13dac700fffac13410ff25d441020e
1a0b110a221a19eb16e91a110debf71d240a1022ed04e5eaccf21b20e5270a18
130d02fa11113501faeb131714fd09100ae6f229ed190b0413091112df17fb29
f00b090110f61500e6fd071cf5f2060a0432d3e7e63be3efce06cb0ee70e0512
240c1e1f2226ffdae6ed04ce1502ea2a08a0c6be0535e1fdccf8cf3fcc0b1222
2809100c061416f7f7e71efd18faf2111adeb4271d3f0419d105f03fb82c0215
3010fe1615222cfb1b041ef21f0bf412f1a2e347f30712fce7290d32d618151e
18011a04230e09ea0bfc130715030707189aff1ff0b50e00d714081fef010911
00090e05181034fce9f11418ffff00180ef5e1d4f392f4dde118db2603231527
2011240c2328fcd121d412e40700e72b179cae2df21f03103213be300b240e1d
0f0e03ecf7140a02faf30e0706f6062416efcdb3180ade0dd0f4eb18c42b110f
18100213f7110b03d6070dff0506ffeb00e7c5180ebfe7003ffb0d02cc151518
1612060d13031ef9e603100a1304ebf518a3f4d6071dec09320f19fdec200906
070c05f91f0d370202ee1c1ffcef05fd0eecdcb2fa9dfe001afd023412450713
353d4c2c434cfac359e723ca3511dc493e1de317e848f4e1c118cc62f22f2c2f
fd0b12f4180403ec281917d40103ee1323b7e8c80845f5dc45f9bb2aeb2f140b
221911f90c170b0404f409050808010d2dbcf5c20702e6f5e005e120fb13141f
1e14170d03173f091e01141c0e0bf2fc20dadeed2e0acbe25703f33d112d0719
35131320291c3201300e320f1c00061422d0fc091b1ff0d13310f634093b1633
dd0b100efa0f34d31c29c8330403eab8112ffb08eeef112bb5fb282fe127ea0a
d7f22312fa021a2421f8f237031ee5dc0428261dece3022eb211120ddb24d303
f3ef1413dd181b173b94dd21fb1cffdb0628bbf905f3ee22bd01b136f53ea80e
fdeb121504171bf9328e031e04170ce5fb1f120c0415151aa9eb86220b38ec1f
db0b20fb042b22f12b2d022afa26f2f51b22a80209f6152fdcfd9533112a132a
f0060decf21e331523f1ce1f0811f4e614142614feeb03269514921ff31fcf15
10e416e8f40f11a01813e62ff40511da0c08fe1ffc12fb10810c81fefe22e214
01fa120ef20109de36f7e0180422000efa1dd30306fffd22c4fee80f0527de02
feee0e11fe0513cc3615d918010004eff509c60cf5f9120bc206cc262214f80e
e91812f710181ddd22e5dc1afd1a02c5fe18d51007e71823f306db071c06110a
fafa0fe3db1a3abf29b20925f22805cf053f21030d000b31870299290023f712
14f00deadd100f300ff7051306fc0def0e05b301f7140308d9fa8805fd13f916
2ae40705fe1d07f43098fe0bea200c2e101604ff06162126f6f5e32b0c13cf1b
15ed0016ea07233b1802d71ef70611ff0406bdf9f40a091d18011402121cf615
ff0c0e01ed1922e120fcc815f1fe13cef91130f703090e1e05fbe7271625dfff
ee101300f0150ee61a27181bf20304dc0928fd18feed0503ed10a727fb111022
f70911f80d0f0c171bcc0013faff19fd0723b218030c120ebc12a110140d0901
14f00c16de1103cc08ddd921fa0e0d0b090224e6040f25fb05f6f4f11c08f312
fcd6f0fef50b1f2d26a5f61df404fe04020d20e715fd0018e408fc10fb2eea05
edd6fbf1f42722002ad7f81ff0180007050cc3ed16eb0325d00aa52ff82fd00c
ed1cf803f7183417352bf021f51309e71114c5f5021f2016b6f4fb39061de81c
db20ec05ffff34ed38aef530f91bff07f427200e17f01226a80d9f2ffa290702
05ff06fcd00c0c2a3305df34fd1516f8f41825f00a0b3420a7f3de340c35070f
e6e1f109f40e22b22ec5f73af71505ecff351be315f51938b7f6fb28f043f30d
d5d3d60303171fa2221a022cf801eae9091036ee08cc0529c209cd3ad843e410
d711fd10d4a1fd23ea28e9f7ed03fcfdb10af2f70330eff8fcfac60df0faeba5
e40e1316b0b4f3fdecefddfbf5f91f1cb50709cd0df211f801e018da22f0e3bf
e4111818bac401fffff9db020bf9ff27bffad3d70fef0d0016ddbf0309efd7d4
e509f419b4c50512e41ce0f9fee50f1fc6fdb6e204fb0012cbcbc2fbe6dfecbc
f40df4e3aab5f51e0627f90cdef609fcadf5aedf1321fa05c6beb003f8fad09c
fe1503f0e2caf0b6e8a3f1fefaf9fb13cf0205f4ff26d1faf2e9cffd0cf107cc
05fd070ac8e9e9b9f1e8f4fbfcfae303dd0c25eff6fcf7e5cfe3bdeaf1f0f5f6
120e060dddceeec8e9f10101fbf7f9e5aef7f4f003050701f4eac9f606fb18de
f9f4f81ee0d7f4ad01f4e90dfe09ec07d3faebe7fed0f406f3e9f2feedf9f3e5
daf3fdeed8d2ddaaeaa9010700f210e9dffa9df60accf3fee4e9e2f1efefd0e5
f3f807e0bcd70ab3fbdc0bfb0e02f00dbdfaece30516d50500eab2f400fa10cb
e5fb05dbc7ef062e0e1ef6060903edebd50411faf204f0ffc2f236f1ebfb0bdc
0816f4efd7baff3b0940fbf9f61416d9a5fee8e7fc07fdfdb9ee3bd610fc17c3
0f04f1e1d2d8030806481bfe0903010bcbf4bfde0af4f109fed8be0507fb0aeb
0c0c04f3a1adec060747f812050424fab30de6db09cd1307b0cab307f6fec8c7
d3f6f1f2d5d7f023f4e305ef05e6de1dce00f90a0510ff041ff40c00daf933d3
f4fc0909f20105d1eaf00afc02f4041cf0f8d3eb0612fdfab3f33de1f8f51902
01fef8f2caef05b6fca918f80913fa1bda0c14e0ff11f8fa08e5e4fafc0906e4
030dfbcbcbdffbc6fa500eeef6f41001e5f9dbeb0101e9fad9f6e8e3f6e6f1fb
ff07eed6c6cbf704fcf705010ce20af6cffa0f0106cd0df6fbf2ddf9e5f2c4c7
e10df005dcbb00d3062e0b19e804db14bb05a800f916db0cceed8d04e71a15b2
f508f704ebcef736ece128fcfdfe0b12befe2de8f606e2ebe2f5c3e6ec081ce0
0416fb04dec9f3c2ef4d04f0fce60a03d6f9c7e0fee8f8effdf530f906030ada
fd0feeeac2d80314e944effff3f400f7c9fd19cff3dc15f500deb9d9f9fae4db
0b05d4dbe3a806f1ef2bfbfaeff1f0e5a40dcdf3f9b7f6f5d6f0110cc1fae0ad
071e0bfb2702fbfb089eccf7fb11fb000e00e51d07f2f3ff1415cd05efe725fd
03fd0d0911f2143a0e40defeeb09fb060100372111fb0605dafd43e111f62e1a
030e04f706ea0efa15e20bedf11822f9db0116fdf407220af2fba8cf23003504
ec1f0de0fb0a19fe0e56fe1ceb0a20f3f913520508dc0025c51ad4fd250141f7
1aeff6fe08e1043513c2201fe2040804faf53bf403000408f7082d030809dbfb
e704051e0ffeff28ef26dff00d06050b0904c11111010eecea06f8d5fbf62108
f50a1317f90108fe0ce5030304262504f421fb170a1df900d807cad222fe3503
130930fbdfe74ef523b31a583a5b3bf0c947d7e8f936fa2e1cec0c0a26361cf9
140202f9ddfb32fdfc45fc2fff2e30f4dd23e4eff315eb0e2a0229ef0c0dfbf6
17e9031af7dff80cf9a71202e3223aeef9e5fdf0fb2306fd0609c0d01301e1db
e20011ebffe5eff2e913fa1205040fefef0fb812f721f5f9ebffbde9ef14f608
110b2325db0633da2e1f0149fe534ef7e06524020031d829dde7f908361eeaf4
ff17f90fba9a3f371b1bde3c2b5915fcbb45e2fd0512de34fded47fc3731c7ac
1b0cfb16c2c536b22faed3380d682100aa40cbfc023fee2a0ae6b21d3030b8cb
16cdf02ef8e90219dc27ff1b0c312112e328dd16fc01fc18d409d712112f01ec
f3fc090003f80a1601cbf8fff90b04edfe02e2070731f4f7e311d51b130503fb
23070f0ce6e62bb439e3e726f55516f3ef30d7f5ee23ee10e8faf303141bf2e8
22071913b1b031103428d6401f613a0ca6763bf10622e11f04e5fbfc455cccb5
17020801d4d231342b02fc320b5812feb06507f4fb20fb11e5e9ec353c63ebd9
15c4fd1313c7f51d1feaf825053130c2d12cd802f5040f23f1f5d1031736fae2
f3ed041105f3eb15f4e827e817e3e21cfdfef012fef408ff1a1de3ed05f4f2ff
14f80f12f5d808f717fd202cfb35fcf5e717ebedf911170ffd0dd8da2b15bfee
26e6d30dfae30fd0fe46fb0d053ef40ece1dd709dc02e21218fec9b6010bb1e5
20cfe8db04e317c61317e224234613e5e339ae05e9ef15ffe50dd7c51227b9eb
26ce070804dbf8300b44fc0a131d10bcd10792f2f209160104f543ebf11ce3d8
03f1dbe311eeebfac33236d7fdea0dc0eb09bbfee0dcbdc7f7f8b4cef4c7e0fe
0bf2d9db1cebec0fdd240eededeff9e20210811df908dfebfc16a902d8e4bce2
000ad5e803eff314e50025101cfde52c170cf82bfce8f2102a14a519d40006e9
de2cdb15ed0d0ebadcc0133c3129d8370241ed18f7e505420006bb41c70722fc
bf0add2420000ecb01aef2050c1ada18fb270819f8e8e719f6050725c70728f9
11110102fd131fd904cf0e080e201aeeff26cfeae71eb2f709f4bcf51ffd0cff
1301f4fc0f08e5d7e8e2fdfcfcf11cf310f8f3fff128dff2f700d1f1f8f00afe
160aeaf4fffcf8e6efc80d0afd12190708f9e70ce81fef020c09f8ebf1ee08f3
0616e4eeed05f3f1ce26f0112902032c022c2103040bf51128f23531f53411f7
d10bd30d100bdee3d3c3e9e5f8eee4ce060abffbf4f0f2f501f4cb14d3ff0d12
1508fc0e081a0617fad3e5f50df816dc0dfb07f4e11ac2e5d5012ac811e81f05
182605f5230ed208e9c100d6eae621cf0edbf90fe920cbd70209fa9d14cf3410
181c0b20fee4f4de0a0a07fb060c2af9f40cb10eed20cfefc00326e70ce525e5
120f0203d5f1f324f9a0e81d4722fc43e73005f7250e200603d5f64c072b09f2
e92c0805f7fdee1afd0cddf5f4df13af10fbe21b0b07eef4cff81d5e11030bf1
1010110d10070dc403bf0e050508ecf3f4154509f401e5fadd032af205e018e5
1119040703fbedb9f1b1f3f502eb00fa08f30e09f50fd6fcaefcd0d1fff02ff9
0404110df8f5f7d4070b03ff03f20407f900ac0ef1ffe410000452e613ee1ef7
0d0112f4d915f3fcf2e2f10128fee5261bf411e70f0e07f700c4ab38ebf9f71b
ec2ae1bf01f1ec2bed42cbf8e2dcddb715e53b03e9f0c2f1d812db33cde7f601
d410f407f3f60bbc06aa0a1b0426b5faef1ae40df7c619110405de04260306f1
de1ef4f407f920ae0926f1160603cb1003fb221b00e00c16d41610d1010633da
e30d0106f70a142e182d00100b24e3020517af06f8e4e423ee0da1d40e0c0ffd
e609fdfdf20818de19c8df30101bc01d0f0da7d7fee5dd2ff0f50bdee929e210
d236c1baf7e90bb20c10ce0cef15b8c4fb0d00d8de01ad08ccfc3be7b417d1f4
1efe14e6e8ca120f2408f313f613f1cfee11c5eb00014110e3f225280411fee1
0afa2801ef011ed326cc0b19ff180dcefa28f0f20d03140710f8bc25171a05fc
10010c14d7f308401abae91a052220f6f21dd8ee18291a26f5ebf43e1a320af7
2c1213edf5ff1f270fedcc06f3290df0f526f4e8051b0c0ff3ffaa1b09121df9
200506e000f4280e0320f80bf807fcd2eb124bf5091c2115f8f6ce28f31307e9
fd060f03f9e820ea109ee503f5f3f5dce611c6ee040235fb04fec92505081000
0601f300e2d510d910e3fc15ed1905e2e616a208fee6281603ff132feb2e0df6
05f7faf3d2e213ca1d08fb2900150bf3f82927e504f9182fcfecf725f927ebfd
0efb00e2e8de0fbb27a8f103ee0eeee8e20ef3f903fd050ed9f2150bff0f04ee
0eeb05f3f6f517ca263efa02020d0de5e50818f2f9100f0b12f7d3100b1523f9
01f71900f8031a151726f10cf90a09f8f91214f41008130e06f913141a0a0908
fff00319eae61dec0105e107f00afd03f70c271602f7081cfb04081cee1fff0f
05db020f96d860174105f6593251ff03dc75caca00e1146305bbf057e770d9ed
0bf70407beea13c230c7f20afa2f0af5e032d7f4fdfa122efae0baf8ed2e03f8
f6050208eb25122615a50000f60f0e051605c10c09290f130e00f7fb0e05151b
09fd09f9e8d81fd71fb9e614051515f2dd20ccf713fd0909feeee80b0e05f9f7
03ea0bf1e6cf1037302bd9f8f3120ee8e714df10051a1005c8fcd21cec09f2e4
00d4f4e4d1ed34b33719fb15081c03ebe31bccf409f81127ede4b341e42cf8fe
01fce7fde5d9220322b5ea0e030e010ae6283e07fe171f1af0054635fd011af5
03f00107f4f322d004c0eb18fa0d010c0f12e000190a120c0d032e1515261218
100808f5ebc311cc14dafc12f909111dd733cee10c283cfa02fae61504f003e9
03e40be6edc70f1517bbe60a030012fad7faf50d0d1028ebf6fea71002ebeedb
16e2fae6d8ec0eda219ef404fa06220bf01fd1f704301501ddf8dd41f903d700
03e5eb08e5f611dd11a1f00407020725e80fac00121a132103fa324b030500fc
03f9e813f2e304f917e6f8160f12ebf4f317c3e70d1c1f10fcf5dd0d00fd0a01
f61017da06c80bddf130ef0ad5fa0519c710de02f9f4140616ffd40b110803bd
fdff0efdfae8f6c206530101f9effe0dd40606f7f50510f20def3de903f102b9
e3fefb11e0d9000a07b70ef6e5f30a07b9f4b6f8f4fc06f101f8f7d603f0d0c8
ff020b0be6daf6410f1c04f3e40d020bbff726e6f4f8f5fefef3c7ec0ae1bbbc
0c0004d5d9d1f2baf79f03f9db0c021eb8f6b1fdffe1d5f203f7b405fdf2c8a9
f2fa08dffcbffab6f7f805feeaef0616c2092903fe100801e2fb32090305e6b1
05f8ffd10cf1e9ded9f5040415dd0a05eaefb40fff221602bc10c6d402e611c8
0a05f7eb05f4d8f7e5d6fef4fedd0200c2ebb526f33204cce61fdeb8fde507da
1207f8edf6fced27dcbdf9f105eb0d1cd5dbf3fcf81a01ece5fceedef5ece7d1
0ff1f0ded4d5edefedc2fbfe100a1815b60c1de3ff01fdf32ae62f17faefe1bd
f0fbf9eae0befb03fa0c0702f0f70c0bb2061aecfe17fbfe0fdebcf7f317c8c7
08f303f709fbddfae71608e602ed07f9d9eaf412f82303ee030eb4c617e3fddf
3f14fde023eae8bbf19302ec0ce71a14d1dc3446f94719dedb11b9cc0ed424d3
f714f7060a03efd5dae3f2f017f60d0eeee70d1bf5210fcdde07cfdbfbe6f2e7
f10bfef3ddacf51bfcf1f20615100010980d01e505ec030808e0d717f30ce9ad
ff0c02e7ecd212cafdbdf809f5110dfdca03d90205fcf30dfdf8430a0811e3e1
11010d1eebf503290c02f5f50814060bdc01c3fffd150ffdfa00daec140df2ed
0e0efd02fddff0d0f44401f910faf807d2eff207fc2413e308efd9c519f1f3db
0a17f40603e8e612e720e2ec17f10703c4f223eef70418e8f3ebb9e00beff0d8
f6fe03f403ccf22e0b32dd07e80615e5a8052ab8fcecf3fbf5edf918fb07fcb8
061521efd9bd0ddc072a0506ba211110c125eef814f4f72b1f000811180fdfc4
0bf91d1a04bf0fcf112cf513e01ff712be21c5ff0fefea18c304c2f72514e2bf
f5fd0a26f4ac0f370cf4d616ee0eef0d91021bdafcfbfa000ddf0ece1602d9af
0002092805bc08070bc1d8fcfe0c070193120fb6f5fe04e9dede4df31c05d6a8
11b4f5fe03a6fcc00a9de005e8f70cfc810b32ad0df2210ffee817142308e190
e2eddff90f02f6d9f9a9ddf4fbe0e9fafef3ea2124de16ffe70ba240c8fce80d
d5dadb101cfbf31bee2accdc10c6d6e912d6c2390cda19f3061f2a30baebeb10
cadd011f17f60906f927d9ec10e2c72808031a2b03c22a11ed1f9c35e213c6fd
e1e2042827ebf8c0dfa8f5d100e0fc22e3de11150df0eee5fb0de2ef06f2adee
f2e6000334ead336e0f224e4eae5470dfdf8d5f6102d08d622fdac2111d6d4eb
b7f115ff190d07fff6f9f6fc1deed92df3f7f20a14e23a01f002ea18ef190c08
c7e2eae61211f6c3fcd5bbe7fdd1e21710d60a1314b01302d00b1a12e1f5e51f
bec9e6080f19f4eefcabd8f1e0d0c00e20d8cb0613aa2c0ed20abe1bc704d910
e4bfee1707fff1eef90cdef5dcead639ffef0b1802dc2205fc1723f0e80de7ff
e4d7f70b22f8f1f4f32aecfa030af745f80bd90111df00e9c60ddf0200f1f0f0
e1f418e512f20dc40fdb08ff060dedfaee0dde10031612fdf20350400f1208f1
b7ca1410fe13f509fceeede2f5d4e71c18e2f1110db830f51d000622031dee27
9ed5f80b1528eb06f5cff1e2c2b79d0036cfc9fa09813806ed02a725cb10fb38
b4db071c0c1be9b5f232fde0cfbe94071fd02ffe00a32af7070abe20def4fa1e
e6db0a0a1409de1dee3debee12ddd86afbd6c30e07d50ee4e104b4f4ffedfb04
1cde02c0edfaedcaf2bc0c02ea021cd3e9fa2ff0f50ee8f8ed17332000fff2fa
f3ca1812dc0bdafdf7ca05dbf1d1ea02e3dc46f310fafce6fceff527f1debdf1
cae504190b0701dd02edf5fdd2e2ca0a10f3b20a18c3190e1c09a036e1fc0e14
b5fefe141100e22cf50ff3ebccc3b6f211dce51b03931fffe80a4325ebfe18f9
cbd41a041714e3b9e113eff205cbdc2affd2a40e0ccf20f01c0cb30bfced2811
1fbaf5c6e9fbd1d6ede8ff05d0f903c00f06d8e9ed04d0f3d30eb406f0ecb90c
26d41407b3f0e60409d804f7dff81df1f2eb26dc0707e01006f0dc180cf3c7e9
e0f6fc2df9f5083a02abfa08e8f7f1390600be0d2dcfe81ff01106310b2910f4
bdfce0292edf043bf7a7e5fffecbd620ebf1e2151fb2381fda11d83fdc0a31e2
d1b6c81b25fbf211dfd2e1eff6c7cd15f1dfed0f13d43607120e1b37dded1d10
bfc8d2fcf0f3e3feda0004eb08fc81d502e3ebf79deaacecccfd37c481f7f3fa
f6d8eaeefa05f9ddf01decf8f7fcedc400f6f5fdb6ede1f1030229e5dfe8eafa
17ecf9e010f8d602d7cd05e703dd20b00ce60e02b50dd4d5db0babd1e0b20cf3
1be8f1fafef9f3e6e3171efc010007d2f5feec03a606dfe6e30800b9e3dd0cfc
d204bd160af1cedeb6f40deb07d4b3aefae9b6ff81cfbad6a3ff1f81a5bc25f5
f3d4e4edfbfc0408fda5eef7f60cb8fe00f5ed0bd80ce6e9fef5f104d211f2fd
05f8f3f1fff7fad50242d7fb04fbf101f8f9f3f9db1c1ae7c6fad20001eff5ea
0cf8faf708eefbfffaafee041ffd12ebe50389f5e304f5efe7fcfff7f9e40cf1
1002edeb0cf8f5d9e1f004f50a07fcf3f5f5ed00d909f4edab01e6e9f1ec1df1
ff0fcc0a16f5df29d5bb08fc02f1ebf606e91b10c802d4e7e30897d7e4e525f8
fae4e5d008fbe416d9150fdd01e6b7fa05f4e301df00ded4c9ffdee0c5e9eaee
00f7eee2fae913a4fb35fb0911feeb13eb15eefbed0212f0e3fcc51de7f6e4d7
0e04f5d814def1c2fca4f3f309fc0debdeffc91de8fd08ebaa0bb2dd02c91fe9
0cfde0f40df2edccf19d03fe0ffa02f4fdee4006ecfdf9eb9bfe29e302e415f3
0f05bf1203fcd9afdc24f8e508ef05f601dafc07c50ad9cabcffd0c8ecd9f1f7
f3ece0e7fefae2d7e3f40ff005e2c9e3fdeccc00cde4b2e8d2fbbcbbbcefd902
ffe4e7fefe08f818e9f2fbff0df6db0f0c0d3709eef5eeecea00320cf2fdf5f2
04e9d40e04e3fcf4ee0decfc11eef111ec001000f0f201fcbaf744f807f0ffe8
fceab60f05eef827edc900fe15f5ed19f2ff02fce4fcf700f1fdeff1e1fef7ec
04f0a51b0efff3e8f0a8f3f90cfbfe08fdf3dc03ca1edaf8f802a1cfe1edf9f1
d9f3871007f4d934ce2ffcdf05dca1b9f9e29a04a3c381e218e2ee92aae3f5f1
09fbb1f50501d7b8e3ed12ddf6e2d8e00af39a0ec8dabde2e8f0c6b3ede203f7
fc04bdf3fa05d5d6da9f09ddf7d8fdf903ec0307edf2ebe70201e2c902e1eff4
ea09b10e0103e8ddeb46ebe9f2ebfcfbf9f2db06f0e6e4f5c9ffd5b7efe3f6e8
a710812205f6e8f1db4dfce807f495f7ede9f601c7c3b2ebd0fffc8fa4df03ed
e80d0eebf508023a0211f50601f5fef6130a0fdefa0bff0adbecc5140ef10607
e7141ff5eb0818c2319f0906f807f1e1140dfef9f1df0d22d1e341f00e1ef20a
dcf91bf0e61216bf2b2b0719dc30f2dd0e16a2fcfad1f12acde42af80f2df029
d3f00eef011f0b1202adfe08eb0b01e82a1b0d04fff3fb10daf4bd08ff10002a
df0112d6e81228382ed5011bf92d1822062bccef10cde33802c937280f25fc13
f6fa0defef15fe050efefe20f3120bdb090ac2e20502f205f3f118fdf50f0610
0cf71df3fa1806bc1fe10a160720fde60b0e2ef6fef9f50c07ecaaf60a04050c
18e422e7e11d1341090b101c1b35fd001b02afdaf8ebed120bf40deb150fde1e
e2fa14f9d91806c5020df42d0a25faf2062caf0906e10610e5fb0ff2f7180013
ec1011ced30e0724fe1f0813000f10060015e1f601c61a1fffd3310afc060913
09edf7f4e620f6f504b8ff03defa21e421ed12cd1006e8001dd8dc020009f032
15fb0e07f51bfdd30041f70212040ef51ef9cad50030ef0925e3d1e52c0a031a
12fd0e04d2221a2a0a1ae911121ded1a2003ade803090908d2f3f8e315060717
ff0efbddeb130b040407ea0b0b0b0bfa0317cb07fb181613c5fa4e070afbfe0d
031c11badf010b060308ef11ea2017f7092ba4eb07fc0a04c0c6470906130002
dcef0614fd0e201106060301e0fd12e910ff14e3ff0cf11012e64300110cfcfe
f6f40016eb1a2b282cf0de15f624f90f160809f3fc0df21e0af20cf30d1df413
001ffa24f81d0a0612d1e41b0b1df50e2312bbfafcf00c0dc5012ee7091df327
0b0ff803de010f0516d806071613290cff0c2dea0a0dee02bdf3dfef0af90c1a
0e0606e6f51000fc0f39f00feb2127fefe0bf0d60bf7f017bcfb26050e11f715
ede61135fd03163f31d4f71ff30d1015fb250ed21210052effe4f00c0f15defe
c9f01344050e20143952e92d0221ef22fa0af0fe0cd6ee1014f829ef2c2af600
edfe043ff11425e12dd3be2008270214fb11cbdceedc0b1dd6e104e31626db03
0cffe5020a24091a13f8e104f7f41f130bfb10d001f8edfedce6c0e9180ce11a
f9c6fc08f50504c608a4db11fa0b1c0ef70ef4b71be40d08fce2d91f1d09c5f0
dc0606e5dbc901e8f328e305f910e5dbde0a21d5f81f0cf21afbb0f9e902d7c8
d9fa02fcc6f0fb27fab8eb0309fbfed2f00eb5e70104ddf402e1b9e1020ddaf1
dbf50af701f7143420c8f804f506facce910a9fb05fff5fcf0ebb5f019090a02
fa18f7f5f8f00bbf07e01b0af917ebd8faf4a917ec050c21f41049d6faf428fa
f00be7efece615bd0e3df903e70af2bedaf7d9f3e7eef81af3e6d6e7e1fee1c9
f4ec00e9d3e7ec0bf3e4e2f204fc0ef2d60908cef12ed1eef6f5e400eef3d6df
13f30507e50d0222089b03171e28fceffa2bf3e7fa17e2fbf8f0def6fcf3f51c
fcfb08fdec101406fd10041400300cd8f637b7f3fd23e701e5ed3b08fc020223
de04ffe5fd09f3d6f8c2041dfc2ff7df1205980ef4ff0bffc802d5d300f10a17
0101f3e5e9f5011f05e70c18eb160cd4f30bd1faf4e72c0cf5f752f5d701ea08
f2e101e1c2d40f04ff3cf91a221af4f3df0dc4d6f61eef1213cf2c0df61ff7dd
1e04fbe4e3ddfafc03cdfb010f1301efd0fbcb11fd2bf4fcf0f5030515fd15e3
0b0cf709d3d70ab80be3080a271710edc4048af2fa1af81008ef14eb300716dd
03e6f106e20413f4fe03e60f2b22f81bfd1204e1f007da0705e334dc0a1edc0e
0deef4f7d8ed06f91ff6070ce8070df0f620a30b13ea0102e5ee17120c1ceffc
e8eb03dcefd527ddfbe8fd1afc1507f1fbf203ec0827e801fece14130afd14df
02f8fef7e0e205fdf627d70b150400efc9f4affcfd08f002e8efbdf117f118f6
01f7ff01e0f118bb0dd306090515f90ecb0d24fded03ec0ebeecbbf422020ef8
f600ed0dc0f007eb06b7ff19131de71bf60f15eb03f0e113ccf02ee00a24dfff
0d12ef17c9e402f30cdcfb06fb01f2dbe5111ef202bf17f6b8e3cf00110cf8fc
eb050efcd2d10a390ef90400fa0a0f1bed15c8de20100a12e1b7ad18151df1cc
f4f4ff02f3e21db303ccfe09170c181de909a2e705e7e3feeee53bf20921f0de
f6fcf028cabc26ef25a2011b17100e20d7151bea0a0e0b12b1ebcc01092aeaba
ddefd330cfd0111619e8fb271a10ed21de23effb06dd140f1502d3e10c2ecdc5
ece9da29d0c724f213fde20c140edf0dd3231dea13c61a11ecf4001ef721b9b7
0aff0c02fbc008150aa6130adf130befd60f28fef5131c0ffdf513340e02ffb8
040c103beade19ba0aecfe1eec2304fee3213403f80d2a0104f6a82914fa02b6
150eff32ded80ee7fb35da1bf426fa15dd19e905f3150212c8f1c9191506d3db
0e0dfcf4f6e51dcbe80eed09fa180100f2093e08fc06fe06db0612170606e3db
f60804facfcb1745edcf0908f1fa05f3c8f2fef603fcfc08e6f10030feffecbf
0800fcfcf0c911e9fdbd1f03ed1e0ffff1f4d002fb3d1efce4ed0f1f060803bd
0710eefff8ca10f213ab050b000e0f1cd704f52403f8150bcf012f0802221cd3
1006f00107c8e935eaeff513e50a0f13f613182bfe1de1fbdf119310f6fbe6d1
1cfafe0303e11041100fe2080b1115fafa0b2a1e0a13fe0bfb18d9012405dadc
00ed02fdf7eb153506eefffb07fe10e9daf99b01f9def9ff0602e020070ff0cd
02ff00fbcbdf1adc12f10a08ff050f24cd16e4f703141b00b6e7f011091af2e7
ee08f205debe132c0e3608140618ff28c1072bfb0a2af215f0ec97e7010cefef
cef7ecdcbbd441ba328b0e202d3bf318b23c1fc7f7fbbc20d9bcdde6eb39bdec
0504f00fe4e51cf41e3de3020b21fc15c70e05fb010af60ffa0816f1fe13fac8
f003f5eed7e01a360ab0f1022d18150bc401d3e4fb1211fef706c00b050204d2
0bf6fcffefdf0536f81de8f60d13f90dcd0c32f50e0bec03dae50408fc1cf4d8
ed05f606f1e00af5fc1900fcf5e2f205bdf0e50b0500ea05e6080def010424ee
cb1af5e8ddca26f41dfc03100b1bea10ba1aeff9ffdbd52bcdf5b7fc033116e1
001a0b09fdd211caf639f403070c020ac71017f8000414020f074b04160419d4
fefc07f0f6c4170108b8e50b070d1408c621f8ee08010502e009d20c0d1004c6
f808fae7fdc800beec4cf7e90200f9fcdaefb00cf1e6f5fee804bbfaeae905c6
f80dfb17f1dcf61504adfffcfae0e107f7cb311d02f008e6d12322e8fae724d8
e10bf72ef7e606f3fffff8eaf0f8f900ede12d11f7f2f3061b1330ef032309e6
0f0301360edaffdef92cf300fa060d1ae0fbb4f10401f7f6d1f318f003081ae1
0fdaeffd09b8fbc90616f615ed2702f4cf03d3e9050b230bc20337f40a0922b7
c41325e2f5112b200c34e81ce0120e07172e20d91600072ed3f8ee371a2fd328
d906070aec0c1c0b0fc70012f513f30b0314fde802dff9230adda3feff18f00c
f9ef08ed071d03e1113ffe0dee0f01081e032bd306fe07fcddcc28f10c0abf22
d0eef7ff190aff000747f9190124ed042602e3fcfbf8f51200e1c6e6ef0bd221
d8d309d2161c0a0d0edbf814e71aece7320ab5f718d3eb13e0eca018ea11f224
d4ff25e1f710104321370a18f51efcf50e2a1bcd1d090122c2f39922f645e008
d80119ff0d19ffd00c0f0612091eeeed101de4d70cf2c210d5e3a412fc1c0111
f712f9de101dfebd05b0f3f31410e31529ffbde3fad4dbeae8fcb6eef9feea26
020208e7080ffc07fc4e03ff0a0ef5e616f3e1f4ff02f801e0ff3506de0ff413
0bf111e50c1221c51a9a061d001403ef202312ea0bd8f531f5f0c714f71f0318
eaf4eceef819090505d7fe0d050f0ce9130fc2d80825ed16dcdbe828ea17ee26
ee0a04eb1920fb1fdf3c07f401fbe4e313fd01e4ff1df4f404febbfef9f31a22
eaf705d503230ebee42709f4fc03ec06210d2fd1f815d5f6eef0b318f7ecfe3e
08ff02f30c2518e3ec15fb0d270c0cf51e0c32fcf808f40ae006f9f9ea10fb14
09f2f1d3101b0afb0dadfa13eb180eef1727f2e60cf3f91208ef2f130323d212
edf1e5050413090cff1500fdf6e308f318f9bbedfa08f6f0ebe11a0bfefef90c
02f9ef16f80cfe1304cf000af5f0030b15e8fef306ff0e0728f736f10aeb15fc
04f6faeb0f23070bf5e3f3091a06f70f2400d1d9fb2afff9d3e9bfcaf800072d
11eee4f4200a17ca15eef00e23231d0b1916dc011105ee0cdc08c0d5fc1ee512
e6e1f8f0f610143d1420050eeb10fef71b1ad4ce15e2011f12f8461d0125df17
e7eb0011181fe80109be00eed4fe08fa25dda9ee1afa0b0fbef3e1000301fd1f
05f70c0a0622f8f12228f505fee60d021ef3c5de0cfdfd05d2dedfc71d0ce11e
01f3f2e9fb1e081727dded0501f101031708d1b506fcff07e2eb0de20325bd1a
f3de0229031a0edd11b9f906f7fc02f51e17bbb820d6fc1bc6f003fd0320b311
f88111ff062031021703e62ff7352637254eb99234d3ed2414e71e40193aca21
fff3310fea1449bf53af1937fa3d2a3d0046099e3111fb24d1dd15594b35f217
ede6111413fa02cbff451019e9faf221031a9cfa01eb06120505fe131715e5ef
f4f022160bfe2cc61b88fb1ef537fb0fec322c08f7edee3800073fe91325dbd3
0115252ffbfb20c00d0909240a481a1ff011c5fcfef9003401e8e315142c14f7
fe15351cefeb431c1006f828e531022b020fd5d90ff4fd3618e7d449053406fd
17071af9fe15282023bb163a093c2303ff2718cafc0ce32b08f81fec2924f61c
fcfa162ef7e21af20e02003ffa40d6fbf811c000f8e4db240df82ae20b2f1ef3
0efb1a2cf7e014f125d9f91fe22af2100511cd01f4f80828040310f20b10f3ed
ec013a070cfb0fc222dbed1e1422ff0e170114f7f4dbf22af6f2d6ed0714e40b
e0ff080815deff1512aae10bfd16ede0fff0e406fbe7eb12d907b11ff320f7ec
0af51fcd0d173ec6451e0d39104a1812f23a2df3f518f441cdf0db230c1f170c
fdfe06f2fbda07d11502001ae926ff08f1ff1c02f5f5e8071b021c00ff0e1cf8
1df6280a07e6fe2119fa10f7f3090b020fffe300020f0dfe04fd42e41808fb01
04fc21faf200fdfd13b5fd132015f7141b0611e700080c15deef27120604e81a
0c071d02040607b71dd9f419fb1e0cf4fd05e51709051d1af6f20c1f0b1b1cfc
f9faf6e20921232023cf23190e23f93e0d27f1fc0df5fc1219f5a81419290020
00f909f00e1d1ed217ee1417f21cf02c0d17caff09f9d218050ac60af7181f0b
eafc03e8061217f322d9180eec1204311614cef606fcd00aff08b1f700210314
02fcf7e6ee15ff1e05b2fc050a250b1715f930e90d06eb0431fffbdc1609f50a
031d1af10a0514340fdb02080c1beef4f707eb060d02fdfc2d05d008ef0a02fc
e9220e06111e16b41dd11616060012330917d6fc14f502121204a62022280d13
d918efdd0b0a06d106e4f107e004d91306ff2b0e06d4e518f40b0fecf7f316ee
c82007dd2704fbb90fa40206d616f6fc16f5251208f2d70bc9120fdf1a1633fb
eff91300160d1e0609e1f00a1230f90c1a1312f70af1e40cdf0bb5c0141a100d
fd17f6f120fb13381616fc0cff1ff0e8050b420dfcceb7021f11d1d30419f9eb
e501c6eb1d0cd19ad33508dde008e8de0be542f9d402b6f30a0d00dae8ebf401
fdf2fafb1b0cfe0103de1c07e62de9f4f3092606ccd0d90af8fafff1f2fc170c
c5fcfc1c2a1304e3153313f7efece8e70fe5ce0ae9bbf10609ff25f404011314
abf3e4f63cf3f8be0b2306dff3ddc8d123d00c2bfaa1f4e5e1234b03f110d6d6
cf16f707fbee00b410f1eef006d7e3d202d7e612f0c606f3f10da502ed1be2e2
f4edd3ed05f8e7b7e9482ceaea0cfa12f4ec5cf5e511ed012601cbf2fc12f4f3
07dce9fff513ffc6e5321aeff008dcfd01f129dbeae628e10de2eff1fff4e7fa
cde614241cfdfcea0d420b0907eae3082705b10dfcd61ef3eb0103f605eaf804
e1fc1df416f4f9ea180e050af3f7dde7160bc311fccf07f2f111c2e1060acae7
f20e10e507d60cbe07c90a1102ecf8f2ea01c61cf2d7fff5dd18a8cf0524f6e4
f9f0f5f9ea10f5e9f6b902f5ef091b25f4f3efe4ff230cfd0de8eb30fc1e260c
0bebf4bb0410f9b3e2e818ecf1f00ef9fbd89fe1f8180ae6d9ec3ce60fd62400
f1e3200d03f107e90ab409f6fdf1120bfefc0ef9f6f405fef306cce6020419e3
f01514fa2704fccefe3202f3e8dc12e426efc20af700fbeb1911f0e3fb0309f6
f6141ff417f607b5fc1e1af82c0600db0510d214f6eeecf1040b20da10f81bfb
041d0ad5201e1aa9fae2e708fd18fc33ff040d09ff1f030d1204d02cf9262915
f5eb0dbe1b18f8ee082008f1190805080af5d5edf90302f1e4f820fdfb0b252f
fa0919da17fef711061a0500f9f31cbdfdf90106f60ee8e5031844e1e20911eb
fe2d1acc1712e80afe3d1ff1ede50ebb21e6f80c0605daedca0ee0fefd181d07
f91e19e909ff03e7e40a09f20b06edbf0f04e907f5def3fad20931fe07070905
d132f6e2140126120e05e3060018e80df008e20206d2d517ec0bcd33c9252211
e8150ce32505fc0607ac03f921f414f501f2d10ef6f6fafb28164717f3024a30
e0101b001afc0bdefdce00fe26eeecdbfdf456050be410f2f513e41be2fe2f04
f22a0cd71f0be6c7e42206e104cff8ea0aee1f150aee12f2aa16e14df8ed2edd
f9390dd9eaede6cfe7d505f306f107cef8f74301dfe2ffd2af043e060df017d2
1208d9e70311d9e8d53530f9daf822f1f9fee40bf012ffd9d7f42b27fed9f405
f2f3ed2400ea00d7d7c934e4f0f0fc15eef4f5171807f5dfc5f7e42b03d007fc
d9120a1c10e10aed12c711f919d4c51300f313242cd1f4ef221b124ae70af8f4
ca1d0b191303f909011aeaebfdc3cdf70ac89f1b20e2e6e5e319cd28c1f6100b
f6f1020b04fe02e9e5ff06d804d5a8f4fadd121722e429e4dd14cd3ac31a0307
f906f4db0c0c05e7faee39f4eafcdb15f2f3ef15070a22f6fa083b1e0eee42ef
f214dc110afde8f1f34f26cee0c7cc2afee0a21711cd2ddde20d0530ebef10ee
cd21d3e80f07e00ef2fd17dadeb6b21017cfea1923aaf9f1090c2c36b6030405
bc17f1d81010edf5f50f0de4e6aeb3e60bd0db0d1598f8eccd07b022b7030b12
cfe10ce914ea0217f730ffeb1cd6b1e0edf1a50d16a32efa030d2125d90302dd
e9130c280e04f4b9fbd709f011c5b050ffdbc0200bce43f3cf0ff31a04fa2af5
bc16e907181beadbe2f61fd5e6b1cb160ed7b9140c883eebd113311cc1f31b0e
811ef2012913f5e4fa4a17d6d8cf9a0f2edae9061c872c04fa0c2441a9012927
b51e01e61205061c04fa0ddbf6bcaf030ae4a50f158d28fadb06ed21cbf60907
ea131ac020fb080e06fe0d131cefd6c8fcee1a0c0f983e089f03de3af2ef0fec
cf0ef1010afce107efc3dcef0ab7b228f3e5e61810a212f30a11c131e1f62712
bd04e20d0501db22c33116c1d5a0c8f0f4c4d41309a114e6f70a1529b5e22b1a
a01102140705f030dca112dce6d6b40b12c1d0190f9c3a00e50ee527b1fd2309
fc1506fa08fbd6d1dda501ead0d6d1ebf2d6e31302d665d22109abfdd0bb22e8
231e0bbc17f1f3c907ecef02e1ef07c4e80537100afd16fad0e84033f4f133e2
e0e4db221bfe02bfff45fdf3e5dec6e913e50e0607a7fee90b132041cc06fa1c
dfe4e43b0df3fbdef3d718dcf0d4c30ee8cfff0b09b809f5e40fec2fddfa0f0a
040cff320b0418d802e7f4f9f7ead61fe8e8211d0bb316fb061da705fdf51df9
4a37fc0c04efe0ceedf8eef9d50908e0f9e9b9f1f500f5dcd0fdc4cf0dd531ee
2e45d4eb28fdbd3acfeceddceeea10c4fad7deccd30ebfdde3d9a69fd8d51c0b
2a09ece926eaf9f715a90c0b0e3616061121171fde34e8edeb21e8db05e610ef
1d0ffcfb0defe8f4fdab1901fe1716fefd03ce02ee2006e1b1080ae015e207de
090eee1307eceae5ee3de7eef90c050f0de604080615f5edd71228ed04dcfed8
14fe08f9feeefdcb0c2ccb01132dfa23070cfa09fb10f704f60d342108f6e8ed
230affe406c6f1d7f6a8e401110b14f4ed03291eea2309e8ca0fbff9fddef6c7
2217f9ebfff1f5420c0d1a0cfc3a2d04eb14b809f320e3e4f3fce0f4140127e7
09fbf7f3f707f51af30cf30bfa1517fe0e05080ef9060df000021c00010a1a0e
01f4f2f9f400ec21e1e1f0edfcfdf4f8f8f4b80010f8ec04efff260ae609f406
06ed11f6feeefabf1eabe50303fb0600ff10bd02fb0b0b12caf9e70dfeffdff7
09f20ee512e9fe1f0120f603000a08f805112608f21305ebcffcb60afd0803e4
25fa11f5ebf015bf10edfd120a3a222ee227d8f0113eee10dcf02e0f30110fea
fbfe0219d5f532e623e2053a0930ff33c734ecd80e09ee36e3dda314eb4adf07
e6e4f605bdde2810260916251c16eb11ce19eed912e9fb26c5c5110edd32dcfd
01e0ed0fd3d124dc2ec6fa170a1e0b16e835c3df030e072b14d209e4f13bd20e
09edf50efdf012d307dcfc090b191814f1120501f9200b0cef0012e9050ef8ec
1be4010405f415fd06d2d818070d1924fd1fc8fd0321eef3cdf5f6eb14f6dff5
05f00715d7f82ce03abbe72cf625111be428e8eb0a17091dfcde042ef034f6e6
e8f8f70bcae02df53106f5130c1efa1cd70ec6de19000023e1cc132af42f1af0
0e090306e8d8fc320cbef3f0fafe0d15df13f6e9f6000b0d00e4080c01071912
08ebfc08f1da02de114beb0e06011012f71b0904011c0e1112f5afeaf6fbf0eb
0ce1f7ef0de605da1536ef2a1231183a15320309fe0919f5cb1631ed0c11e8e8
0ff2f711e5f2f7262247fe28050efd31f6f80900080f1807c4073ff2ef07e8d8
020bf432ebe11a1d0df70207011f0323e9ffcdfdf724f8fd0501bbf9f60d05e1
030a0527ee0203ec0babf41afc260c37f9281006fe12fd1bce00460cf9f9300a
fced0713fde319202133ec21f541fa240f33d30c00240a09ee02defdfc0111f3
c1df1b10131eecf2eb490903e9e2e9ce2aea361507cfe707e51001d718f9f036
24fd0e18fa1206fe0b3d0ffdfff406f4fcf4d9f004edec0cc9f5cfeb200bfb18
26070ee40f0b0b06f9bdfffafb0526d50efef2f60c07ee061afe46f21900101d
1b0a02d50ffc0b3e16a1df14070734d8231e0df2fd12f012f310b30c16140600
fdf7110d110030e72b3ddc30041426e4043039f909e9fa2a1ff03cf6253bfee5
c50606ec2bf6d8f5e938f7dce8c3a6e802d1ed2a0bc301dbf611b41ff9ef04f5
1f12ea00f605e9f9e44ae0d2f4bce3fa0ee1f60700e1ffebc004e00bfcf8fafd
1e0401dd071bed25e8c5d6e3f7dd0de715cc29fffa0d09e4db05480306fa1412
101302c0060904d0ffd5e2f5f1ed16f304eb4dff0d14d9fbe706c11d00041102
e9f708d90eea29db400be613ff08d420fe18d3fe19daf21af30d2f32df4300dc
ff1415ff1ff8eacb1a07e41e1e06b210011cf92efaa0db0b071e2af3ee02fdef
0108f905150cf3e0fbe9daf5f4e4cdf718021deb0cccf508ba10d10fe8f6d208
fc0ef8d51f2efdfdf7b0e808fbe3d20e37fd40f918e0fe020820d324d9fcf02b
ee0907c3e0f51114ff0e0401e2d8ecf4fb0320fa20050014be02c94eee0ef904
d7e50417f0de472947a6e2271529b248e938dcfe2fceeb4eb201ff4af7620fc4
0cf3f72dfefd1bb31afd1432300dbb29ed431a13edc8bf37e2124bc2e9240203
14f7030c07f31e0b31e91120062ff80ee345ce2202fe0127c61fe5f11011eafa
efe7fd16120213292637002b1220ff1efb24abf71410001cf30fe80218000c01
00e50e2316e3130f0cc0db0df8eb07f90c1225ed17fff61be200f4f50e0216f3
ebe0ea37fcfb32e032a7d12922e8e539f715d6e810c61037e4f53a10073c21f5
e7f3e8591e1c40da2047291efb40f0fb0b2009f6f013defdd4eba8f6020bf20f
0ef1de190b0b23013cf0d80ff24f08ed0928ec0ef4eedd26fbfcc5120d15d00b
fafef703150f0cc30ec2d81bef0017ff16212206f7f9fe11e814ffe61e02e811
e70a02122e0300f81831effff20238041908b309f8eff001f6192be021f9fffc
dae7e1540c000e3a1ad0dc0e0b0b113001fcadc502d0dc2908ecf014fd0fed0b
ecee1112fa08221730d2d2190c32f50f1032c7f1f800e833bf17310ffa1fcefc
ea090917fd171afd0623e116052a02e90d1dabf9f808e810eb013e030302ce08
0ce60e0af7181e2b16d2031c13230eec0b3c9ee50801db0ed9f740f0040fdd1e
0cef0bfffd131a2f11c40c1607180e0e082c04edf6050025ff042bf00a0aed1b
f104021f24ff0fcc16a9fe270a0f070c051ab0edf0ed2b1de0f4d2ef0f1df805
eafe0e01f20c1dfb13c0dc250316fffa0639e6f5fc10f20bd806a20f0425fa15
f00b0715fb0910032eb1ec120924faf0081de7f0f702e30cc5fb240606210a11
010dfb20070308bf07bf0df2f7fe02e202fb1ff40105ce03c200bdf30c001603
e000fe10fa080d31fd25f70b030ffe030514bafaf602cffd3702dbf204040a0e
f60907fe080c0bce073aec191430fd150c17bde9f4fbe11dcff4d90a001def0b
09fd16d7031718e20eb1121614f1d71f181c09f3040fe50e0d0ab820fa23f60e
f9f8ecc6110defc0edd0ffe802ff01010cf7fbfe05fcd102be079907fafb0f02
0e29ca94351083fd829efd81818221811d872634e220b381f12ce18c0c812b19
010a01d4ff03eeb5f7c1fbf6f6f8ffcf0d072b01fa09c3ff0a06210d1001ff0a
06fbfaf5040c25c306f1e11f0232f912fd25abfb00f2e81907021a1df122db0f
fa090000fb11011015db101b0715f50e0e1b08f2f510ef1cb80db209fa030a15
f4f8fd1214090314080bf2f703f60fff0f1608fb0315d5fec50dacfc07faf900
06eefb121502eb0dece0ecfaf3f703f30bfacc00fd0adbeba1010fea0ceaf202
f2f0fafc0709191a04b0f30c131707fb0712e9f9fa0de505c90512030103fe01
05c3fb12020322e4239ff1270b3afb08072e0cec0010cd15be0d3be1f41ddd01
e5f10c0e0b0b273a34180539112c08221226000000fc032be4e008f926423d0e
060101ff050c1d3d110115130e27cc0401fff8f4f906e4189de3030308060607
1bfafc08fb1835411fffdd1c0f1afd260f34bcf502fce51700f113f60a19e812
f5d9f1feff1319f91f9cdd21112efcfe1326ea04f60bfa11a90537eaf40df124
e1c2f602f20d2bdb2404f52e1a20e9050a1712e306d9f41cc613ddd8f610e510
f90909ff1b0f0a22fafdfef6f91e1ceb28eb181ee420d4e5d413d3ec36e209fe
fffd1615090109ed1a0705ff17100905fe0fbe1804f6fe0a1c13afe620f809ed
f4050a2fef000e1108511008fdfbee2417fe0a2119ead811ec13fdca00001ce6
f8fc08100bfcffe8f2c3fff00ce1f92807fd161402e7e1f7e30f01c70cf4feda
fe14140205ecec27fdbfebfc0ceb08da0b031dfc05fad3d8ea05b3d018d603f3
041505190ffe04230eaa001406130a161000201b0011e4f6c5ffc9fa12f00fff
edff150df3f6fbcc151d1a061203fa2c0a08e3080beff3f6ebfd110014050500
ca190d07e006132808ac10ff0bfee0faef05b4fb11d1f80cf3de1de4111dda01
df100a10f8faf50e23a20b0afe34f40cef1322010de6ef11ccf0d6f00b36dcf2
f608061a00f3fcce1219fa030ffc02131a0ddd0305f9eef9e712da04030cecd9
010708051504f6bff6d4f3fd2506fd2bfd0c50ff1be5d2fa0e0c201007f7f9f8
e212070000f60110deb818f2fb06e529db03f3f822e2c9f21def14140cf3deeb
b9ff01f285f71df31d251c19291ac50db716e98116d6df15cb811611f30a81fe
cd162202ebeefdea191c09f6050ce31fef17d7d711cafcf3fcd68ff3f60500f3
f1f61413fef309e01e1805090a18fb191eff010718080afffe141306121908e8
fc03fe0e1cf0021df3bc0e0b1300f91b2508dc0f0df0d9ffed092feb1ed3e2e9
e911ecedfb0111db07d5f9feff0d052f0e0c260904fadbf0e2f596141b02dae8
e8020404f0130afbff280802f1e4f2ffe7064ddb0ff7fa09e0ebf4060ffe04ed
fe0217fafaff03df021cf7060700fc21f5f7ece00ae401ded9f2e60812eb2ff7
fbf709ff0c00fac906a5d8090aebf8f81afee9f408e7f6ddeffff8ec111a25f7
fc02f10d1c01fbd2f50e0efeee1b021c300fe616ef02d2ebec19ceea13bdf7eb
eb08f2ecf8030cc5ffb0fe0408fe0e021e0ad514ff04e2eed52635e215ece8e4
f2eb082b10ed0e9a1bcbfd080bf3eaf50903a6fa0d0cebe8070feeb70011f1e0
f7ed0c160fe705810216f0160509f5150b15defefceff2fb0c05a5ca0cec0df1
fed7dff70deaf8e9e635e1000c1810fa0bfdac0aef04e5e8e4fb12dffded1801
0f0d0af8f717bf20b040a7b400abfee910a0c4f0f90026bf11e9b3cff9a9e416
0514091f0cf8e2d7c7b0bee610dc15f6f8b4c00e032affc513fe23e609cb11e9
0b05120f15f3e1cbe20e04f3270c131cfde2430e0c1b13cde1eb0ce62de412fe
05fc08e8f800dfc9c733e9e302f00a2717e23620061c05e61e15d5e912c41601
f5001ae4f9f2c4caca2401cbe2dd131409c4f808100329ccd0100adb11aedaf8
eb0011090621e5b5eef3c3d50fc60fd61bd72403080d19dbcdf4cacdfedc1920
0b0dfe1414f5f5dbed34f6f20cf1240c0df7d6f8013b04f6f0de07df09f02000
14ed0acde405f9c3fa4bfc1120121436170616f1021afdefe3de41032a02e1fb
03e7fcf1e204f73ee8bceef70b0e1e100011cceddf2f0ada04e1cbdcfce4e504
1cea080bfdfbce05df3af6db0af53312f6ef31fcff221fda1df143f314dd05f9
050cfd0df521fd22d742f2d709d913150eeed4fc0b2af6db18f1f4f31fe1e820
2704fbfde1f4fa0bce41ece608df160efd14c8fd0341ffe21af22ce02abaebfd
f3f917d6bbf90bd3f0ddd4ec2420262002fee4e50d0a02e4f6e109f926dd09f4
fbfb04d7de1cf8eef815e4f01606250815fd96c9fd1cffd51dd601f208ddf406
19f60a11fa03da06ea0ae9d429fc1d1c18e816e5141a11da0ec824fe02f8fd13
f10b0019fa0eefaedf25fbe813ed093707f7ffeb111df7decceeb3ff0abcd009
2ef21127e8f2e8b8e3f4e8f00ff41e2bfedab3f5073d04e9fe064dc002bee4f0
12f20debd704e7cff0d8db0522031c380d05e7f52120e7f80df7c2ee1cde1806
fd0ef1d00004e4d2f69feff826de201826f4c6f20c1905f827f3080211f71307
09dffdf6230ac8b2cb44eed009f621f921d503e2140e08c404f733e2f5e206fb
0bfc0b22df05bffcc5e3eacbffd2f93d1ab004ef00002cc0d6e6d5e0eea9e605
0de7121002f1c604c7d3e2d801c6f31a0dc6a8f5ef1715c3fbfa1ccc0cc3ecf9
2bec0b08fc08efeec9e4e2da02cefa2913d8060c0c0c28d7dfe017c612be0111
14f3e3ef0800d6cecd3adce915ca04ee08ddb7f4f40a1ec0f3e9e0e3ffbf20fe
1bbbe6f6f8f1c3fbcb00eede06b801e8f5c014c4011316ccdfeac5cffbc60deb
e51e1b0fd4fa15f810030f24ec1f08fbcb1de4f110f42a2de8cf31461a00c9d0
05fd1a0ae3ea1e0002db250e130724f2eb06dceb0c09030bf5e419250f0de5ce
f7fe1405c70334f614e81a1e142610e6d42ab7d0fbf8e421f0e010f0041df90f
0b0f04fdd5fa11d51a0b0d1e092218ffee1d04f9f20bdb1cf0f3c8eaf810c3ed
0e230603dde716bf0d430524000f26f9e1fefd00fffddc0ce206b3031315ead5
eb160014f8e6190c23eb1516f0f6e6fbe212d82103ef0c1ac9122821f217efbe
fcfbf508eff211e617a519fe0d06ebf10bfdb5190acf2a10d813331805131bea
f31502f4edfb13cf161cf506f20a0ddb0d04d51c0a060519dd10a5fa140b0b08
e21902eb0110083e27acdc1203fed902fbee9212f4f9e502121429ebdf040505
bf1605f415ebf22f14adf203e8d0d2f1edd8a70bffbcf6ec3324c202e6f616c2
cffe090801d62425120a0e18040cdf1ee61ade2206d3fb26e7043544ef2beeac
ebf4f2f102ee082af8070110fd16fe05000aed1f0bd71718eb0b3716ec1407e7
dcf4ecdff9f80b100d431710f41a13f31012ae09fff10a1c0305dafa0a23daf3
ccfefde219ee15042e46ef10e8fbf3e2050dd10902cf011ccd0eadf8f32a07f1
ab1004f543ea03f30006f606ced7b8eef9eef92705980efc2122e40be3f650ce
dd08eb13f3e520c225530b29fc190c03f425e81205f9fa36bb0ac118fe2ef3d5
f9ebed1c06f2120011531020143200fdf72df91f0dfd042aeb0c0d18f11b0ee8
f205ee06f3eb17b60ab916121624f104070dd914fbfa1712f01a2df2f50ce6ec
e008f3faf5fcf8bc09b5f205fdf4fdd012f13e0df9e91303120950f8f1f4f8ec
d004001a0d1bf209ea25eae903d9e3d905f3d300f5e01bf0f601c901ecf21df3
f3f21132d3022d091e121612fb220c17e61e97f91afbec450fefd01d1d28dfec
1bf1e822fafa0e42fa47f2fce309f245ca0c0e1a0af1f01ac5ed17f711eedced
150ce611db060804ffd4e0020b170f28e0050dfd091209fdd3db42ca21e0d50c
0602f20df8f204e106fad6fd20151305dc0ce1c9fa04fd08e9f94fcb13e5dee3
0c03e43514f700bc1347f5fc18041fecdcf8a1c7fb030208ea0a0ad1f5fdfdd9
f7071c02efdf0a0d10500705f4fadff5cc0ab5edf0e511fe04e61215f30304e2
14f62d2c02c7fde111b21112f9fefe15b8f008e7ef3308fbe2e4e1ec0be614b8
07041a1f1ebae5360442ebeae5f20710b8d5cbd1e310fdda23dce4df28ef2bbe
fe1a1ffa12dafed5ef47d8f5e107fd10c7debef1ec07fce6fcf7e9e60dde4cb9
ee162911cfc51be81749d711f21ef211c00123ee05e1f915d0fb9a2e08fb05ba
030b08e707db0e4217e7fd080518e200e904b313ff0c130be809e71306fc05eb
2e1103d303c8ead7fcd9f7f4fdeffd16e2f4201dfe112c070f12e003f3070ec5
02f7ffdf08b00cc81022fb27f0120c21d404c90cff130b1d0c13c4faf213d7c0
f3f60ce810d807331805da12090af512c7ff0b0d021611001d08ceeb09fcfabc
05ef15dae6df1a0228cddc11f7240109b61cf20118e8fd1a3400cf101523e8b7
e91605eaf6e529d2084b0a02fd11ee0ed322440f05f71704be0d27140f1015e4
f41811fae9ee14c5fe38011500fff1fde5fb05170d020819cf1c2dfe0a05f8dd
010a04c2eae21b00162af9110a2605fed80ae00cf618022318094befde2bfde0
00fe010309f71f3314cfe021fa19051ce2133805091a03250321b5ecf218ebc2
ebd40bf0e3ee19090fd9f00b0dfae813c30cafe915ebf91a2af6de1ff823facc
d821fe000be6f61b01b4e309e80afb03da0e171506061e0913ff101af2011ef1
f8ec16ecf1d812cb10d5fb0fec1af6e2d3f51e07fc0c13210604bbf6011333de
f403f0b6f3defc3601f1e810eb010aeed7f4d617fcfa06100f0ba3f4fc0024f7
e3d1f5f109e40fbf0c44fc03e7120ce4d9f9dff10c2a2100de102811fe0707dd
eab7eafbf0de0ab603b9f60d02060406d20be2dc17f2060fe001a50ce50a04e6
fa19f2dfdecd26c13603c210e408ff21a219afee1426102a21f24341f91f02bb
f4f902bedde2113a2606d912e91afbfdd615df001af7110bedf6a031f80d0ed5
eaeafbd6d5fa1d080929e815f70e10eddbffbcda0d101e180fe7c241f7260102
08d4f606e9e61612092af906f805f6edcd1d26d90b181f08fff1b323fe0dfcdf
0fa2eb04d4d011081e32e921f80c01f1c220e1d3ff1931290ff51014fb2003c8
09dfee18ec06ee0fdbcfdfe4ffdef0060ddf49def2f9deed9d08c5deeedcaa07
fbf1f514fa1b0befe501e3effce202e40fe9eef0eff4e2e3e0f8ceed07dbcb19
0bdd080e031edcdaefebeae712dcf3e218ecbee1eb03e6dffafd05ddfae8cd1e
efe0080c091af2ebf5fff1f50403e90111f5ddf3ebef17fdc509dbf4f9f7061e
dcfc0f323104fefcf5f2d9fd01fef01e12e9aa04f2e24400a4faacd40d001b0b
0805f2f5050201d2e135e6f9ede60ad710fdc3f0eb1ff1d6bd0dd1f1fce7071c
ee070beb0301f7d8fc25ecfc1506f4f3040fd8ebfc08e4eee8fb2002f5080a02
00e9fe0f0f06f8f9efe8fae7f7edf3fb10f6c0f8ebf4e3fcfd0401eaf9f71f0b
ec02040bfefa01e6d6d6e5ff02f4000bf8fbedfee40b1aedfcfecaf503f50df6
ec0bf30e0d13cfe6e21dcfe40ef8fb171ad4d7fbeefef2f0cdeed5dcf8d8dd11
240e02cbe728f707eabe0af3f6dbfee01df92ad0e50bf7e2f811a3e3f2e7ff1f
f4ebe2d7fb06f3cae7c4ecf90df3f70af7fa93f5f3f9c8f88904a8f3f2f30105
0c0ee4c62607bbb5c70001c4add21eac0ac9d525f014b7bada1d99aa18ba0e10
03f9f5e4f6fcf0e2ee1afdf50706fdd6ff06c401f302d1f41902b20502fff1ff
21f3f0f7f31ff3cedab803d61af4040215dfbcf4ec0edef309f1c606f6efcb26
fc04fbfafa1ef4e70148f5ef07f9f4fb181332e2e401e1ff041342f4f8e6fe24
e7fef3f3010800230738e7130e13f3fb050a49dff2fbcafaedfab8f5f8f5ea0e
f8f8fafc12fdf4b3eaa4f6fff2f7f0ee0ff5cb00f8f1d6ed92091bdbfef0ec11
f6dbeded0100ffefee0bf0ef0ee3f8f40211d904f809e7ecc803a1fef5f9e708
10dadae50c11efb4e81bf6f0f9f6f5f81ef627e7f80ccbe5f5ff0ce3e4eaf015
e7f5ed080613f6b7ffabe7f40bf2f90620ec9d15e3fff1f1fbf300d2f8f74e1a
f80ed9f70c15f707f7effef517f9d1d816f20404e807ed06d1f30301f7dd101e
18fcecf31314f6d4f131e8e50cc4f21320fb14f8e300f8e9db05eabadee4f220
13d6dbfa06070bfe0222eaf8090edaf5221f20fbf114e7f6a9fef4d7dcf3020f
e8e5d3e6f30fe2ebdc45f3e202c7e5f718d22febfce5d1dca4f920e1d6dfd108
221cd501fcec0f120f2df80903162bf9e00916fefc2b2104befd26f1081312f0
0a18ee0c0805091313ee0605080d0cfdec1f05f2002e1f0af1f5410f01f9200f
0b01f72ae20f08260bd5ea0d06130f1ed20db2e5070a1c1aafedd9090b080302
0805ff10e90c0db923a4df20043e1a19ff1ef5e6090b0332dbe1c1281129e90e
130813e8f4fb1bdb0813fa0a070c181afc18f9f80c160a18c80b1e190512e2fb
0e09ef19131601140324dbff0512030703fea0fb090d2a07bbf8f1ecfffe1407
010dfc07ef201e310df10e1d0f2c1311f522d9e00eff3916d4e3101a13341d0e
ef08001fe11721ed21feff230e1c0720f406e7e122131f2d05dd1d17122a0d25
02ebfe08cd311ca03d56f425102e092e0a1fd6cf1d151139f6d41e3df52ecf38
10cd0811e918f8a511a9eb0cfa09140b0c18e1ea050a1312cbf9a2010200d913
fb09fd241308fdb40328e4070608fe13eefb1005010408f3f6f536e000f416f6
1302f609ea031afc08b8f302051d1d07d81f09eb11092d19f7ec0221f4062a10
effe140bd5cb0aff0e49040d140d0f13d30bc5e11804f727faf1f10dfd2b010b
ecea1414d3eb3e223924f144174af62cd13159af1905fa4b13c49f28ff5ff011
0ddbff1efc17f7afe54afaf8111412220cfafe08000dff08dbfb0bf405fc0921
ffe3fb280816f6f9fddbd307fe0802fa1803f00309fafefbb70df6ee06fbf418
19eff0261b10fd21124ceb05fd150916fc25e91c00fe0f0e151c0b12ee1e0719
ffdcf011eb031de11d19f21e1f190d1bcd31d1ff0a0504261c04d925f12ffdfe
f8d905ffdef00bc72601ee25121f111bdb3c07f3ff0a032c08e4e321ff181712
02e30f11081214bf14a8f2060f2d0c070f23dd0b0017101e1ef735040e181f20
19faf5f500fbd5c3e0ca12e809f123f807f6880ef60402dfe81726dee8cef807
0dddfe06000bfc0ff9ea03fb0ffa0af6f708d6fdfb0704e6f006c4d7ffdfd700
11f4f910030be309e7a4fae9fcda0f07f1e5ac08fd20f8e40900cffcffe8d709
09f00905ee11ecce03a5f7fa130b19f7f1ff8c03f031fa08fbfbba040eea1c10
0a130ff719fc08f21031ee18001a0bd802100d09f3261210e303950207032215
c6bc131a11f311d43ea4a9110b03b9e7fbeee0150eca3431fa061b240d32e8ed
cdbf04162df3030e33ccbcecdee1d4d316c1cb14e8bf13041c19b0df1a18bbe1
fbc01a181bfd09290bc2edf9de0603eff9ee00eee1c2e506f806e1b617fbc211
14e2f8f82701f032f82806f2e9fae7e4fff9c8d5d4d8c2f0fc1622c5faf9dbfa
00d8c7df25eaf5f4e8c9fce2f901dfddf9fe0efbd2cc8df4d6efbdbfcde20fda
f7ce070904ebf6cb0ec381f710e7c0e0f2fed81c06c318fcfe0cf3e505f5d9ee
fdd2000206e1f72bfc8fb9e8e9cbbff4f2cebf0d0fe213ff171423d5fcf7ace9
fee40e0411040f1cf5eef3dee9d0c110f1e22a0610d70f02e6082ceae4f9e6f3
1af9f2db0707d9e9d3ec09dde0cedc0df9df2abc082513e60fe60e0bdecfaf05
06c5c5d51ffae9b2f34e08ebe4eeeff2fb0828f3efe7d3f6ef000109e5f5c5e3
0ae803f203fdf0b204adb0e51de4e3d9fbf090150be60ee9d70daf0504edeef4
09e901fc0e06e520e61bced0ecc8f3d10ec7f40900011ad6e210a3f0e4ddd3fb
eede04ff1500fc23d6f9f0e8fad2d421fadadf0b0ccf37f7db15f520d6e81ff2
e8d700da200bd6d6c20bf0e700d0ec25dbef19ef18fc09eeee07132ff8ed14ee
d3b5cec610fcf0bed214f9ecebd8f412010901e720dde0f7f0f2fc4bea16effb
1cfe16d80afbdc0fdfb404db0ce710ab0bd0041dec0b02d1b9100de70fdcedf2
17f513dc100fe6bbf3daf0e2f6e325b327d3340afe2415d29c0ceef1fcdce808
f9e70ad40efaefbbe8a1fdeffaff00d210f50702fb081506020f9f1fedf912ef
dfe0fbc412efea3bd3f5e4e6ffecdff9ef0094030ced0afbf5110b35d90020df
cadde5dc1dfcfabde2d5f2e9dac2dc0805f7a5081dd8e100e312a537da1822dd
1e2c08ea0fe0ce3cd2bd12db07d304b3eed50812da18feb4f90e0ed6f4c31ad9
0f0614e412ede6c4d2e20ce000d402e30fdefa0bfa21fdcb9d154015e7da24e5
fbc612d106fc09bdec090bf91105fa02f6fb05fb0eff1c00bd0bda53e4fc20e9
dac2fddb1103f71200f5f0f00ff6c7fcf7071b051cce2c00e5111b58d9262300
beaee2140c0027b70da2ec09f5ebbb0bff1ac80723df0c150d031f5cbb2d1501
e1f40cfaf2e50d31fe2efb09cce5e9ea02faddf0e1fe042b09f9fe0ff511e9f3
edf117f9dc1011c812cefaf8e0f5e4d113fdabd9f1c8f10ad8e33c000101d917
f0f421e2d01422ea13810019c1090becf11614cbf70af81af6c1ed0b0819dd17
c9f51af8dc09162b0f29f416e31ad6e8061009eeeced122015dcdefb00200c19
fc0718e5d5ea354030a3e130e74b0e18ee3f12e4fdefe33e10c205130543dbe5
d7f404d9eb00f11702b40114f3efe7cdfefaeaf4f0fa0108f7eced02ee12f2fa
e6ff1315eb130df91a9cee13eef3d7d9f403c2f9edd0f615f1059cf7f902f30b
e3f1fedee21506c00724ec0709f7eaf004edb7f4e2d3f5090bf447f6fcfb0714
dbf0faeeedfffa2f0a0ae7090004e1c8effdd20feee817fdf1fe3a04e600090a
e8fc02d0cdfd13e91fa4f617f01101f6f41cdb020ab0f91b01e13719e620e50c
bff7fdc3e2f40a0e0ac20608f109fad7030de9e102f8d91afdf9a529ec270f01
cbed00f4e20300d5edb20708000cd9f5090b25edf7dff01cf8fc3a41e509f305
e5e8fcf1ff191c2a05f3d80701ffdf0218f8c5f1f8d200001607b42cf2122328
fdefedecf70f16d807eaf80eea06f81301fd2517f2eff407080a0d25f202f903
ec01fecfcffd11e829fd0312e410fbffff1403ef04b90d18d7d84233f427e9fd
d2fdf7fedfff17be1804f51ef42bfe04f425c1e00814eb2b13f6f214fd27e1fd
d0f30410e2031524f5affb0ef70ef709030de3f8fd071b0c25f7330709fde90e
edf5ec05d8060ce10720fa07f6f8dd1008ffd1e401ed16fcbfec1006fff8ee06
f2f5e8ebeb11063e0ab9f900faf5fe050ce9f400fce0e206fdfdc9f9f3f0ebff
f204eee6ea0805ed0ed2f002e30f1008150319f304cad50ad4edd72df5fcf001
d8f9f40afa0527021fa5f117e81fd610fe2119eb09eeeb39e7f51c13da20f6fb
c2eef837e60bfef40e06ec19f0f6de0ff81fde04fcaf0904f9ee2003f910ea03
eff4e90cdd03fff0f5cce304e9ece1fefcf632cff8e418fafeca37f5fbf1ec06
f60bcf17000a19240837dc01fcf4fe0802ef22def6d5e90016f0aee4ee01e8fd
f1ecbff4faecf8eae5e5e5e8f1e5eb01f2e20bd0edc6f1f1f2f3bfffe5e4d9ef
fb04fe2214111cbc23c5d526082014380316b5fe1ef21c18de09d1f11f18201a
09090c00081e13021a4eef24fe1e0420f310bbeb090b2424baf62a291517120f
191b1e14fb0f1b2d17bbed230d1f0a1cdf1b32da040b1722c9f7d917152602fb
110a191e07151a0612e2f5170631f71d081139e7fffe0818d0f218f4040eff10
100aff061918ef00f6ee14f402fe0c1d1cf9e9030607fae9ee0ccccb04d9ff17
fb0b11231414fbb922ebdf1702131713f806b7eb080e2b21caed26cf1d00101a
fbfe0a14ebe719f52b44eb19032a0813db15fbf60a0b321bebdc0c07131a1fe8
0c00291abf900ce31ebdec0c26372112b329c1fa0c0a23140de54005360ce791
26dc1123e1e2121313de03190a4f2622eb2338f50d000a1329f09efc1607fffb
17eff9160701e9e8f1bdfefb00110c120cf81df303f8fdfce804cfd5fee1fa0f
fa0712241bf91fee28c2c81dfc0e0e0dffef05ff09111a1ad701b3f50cea0cf7
2cfa192adccb2dc92a13d22c0a4e13f1d32dc116fd22031dd6fd2a212bfb1ccf
1ffe2739c08112224316d120462f2e3b9926e5f61f2715290becdd1d5223ea94
28d61114e0d9073326a3f8141e241e29e214d502080f0317c6f5eefd0f0bfef6
09f7fdfa0ffce72bfe1ffafa021c0e15020618fa0507fd0ad802c6f4fbdd0809
fefc0e0b0a0800fa0cddec040e0af11d0ffe280108effdfd06140b090af6ed0b
23e00c1c071a26071044061efc261119fd21e4fa140d1013eb01dd351e0ecd14
33daf213f31018b126ad0517131b0a46fe3fd70302211e0fe0041a2efc17be05
10d90b1cfb0e10a118c9fc120010f31cfc152008fa020510fcfbfd09f4ff0d16
050012ff1908f226ed96eef8110bf80e0ff3d918eb03f701ce0518ca02cb0405
19e011050f0be5dcfbe908f8fd04061502efc709f90ef9e7c514d1d102d5f60c
1cc80211f91efae0e830fc090c13051c0020a7f30d19fcf6e3f69b0414e3ba0e
1cd202fe0afefbeef1260002f807152cf811eb030524fdf8bff7dff824f5caf9
16091012130311c31431f910071a17fdf70d170bfb1df607f2eff0021bee071b
122e0ff536fa01e9f6bf02ebfa0d0a0108f41631eb22e3dfed1029d512ce2b11
eee420f708f40ca91a3ce6ed06fae51e030c13fa1510e523b806170ef120c4ed
f9001cdbf9f815ab05fad5260d23ee0dfb0f37ff01fde41daf05da5bff390fdf
09201500eeff028511c9b7fa271d0ce50615e001f505d0ff0cfac420fae1ffed
0304e60116e80adf0cc2190e0c08f1060204571607f5dffec30a0003fafaf2d7
13f5e3e823def3ebf5ee190e06f8fcdaeaf3f91be30dd8f70f20afc70c0313c0
e3edf0f408090dcff3410b080908f8ea03ebd008fff8f202100b1517e81ce4fa
18f713eef506072bf2e1fa12fe030e0917fa44ed0b25f3fb04fe092a0c24ff10
0b1c21d2faf81706f410ee001407fcdfe7233bf9f71bba130b082143f9fa040e
fefbfe030ff4f69ff9bb0af9faecfff80af2140806f6cef2f40719dff4dd0bfb
0c13fef3171310edeffafc08ff1114ec0b14e212ff17bff4ab0ff4eafe0ef307
08d1e50a1d0315c6f22e1101f503e82a1316eded11f70924cc1f1ef6ee3b0512
e0f0152ab7bd420937e11d360947233b9839b6cc282e0b2ae4ced5162061c5ae
f8e3181a819b7ff27faefc65506bf145827fafa1ec09e93f35bbf91b07599a81
09fff61414f3f5ec00ebfff9fa00071308f749070b08f10add0325cb0f0812f5
15f0fbf1fc0505f304ee04ff232014fd0a0d31f80d1fe803ab01acf11004db04
08e2d6181ae610e8f7f3e7110513e60aff0a99f9f2ee001d191531e0de2406f8
07e3091aaadb2ccf433bf31b1a3d0940cc3bb4df1402f22915dec8162532e9c3
f90107fbcbc944dc5434f0432f74fa13b058cdcd05e5e54a26ee1a35215de6bb
03070c2008fc0b23fce103f503ef020b17e9abf90e1beafd1d02c4ec0814fb09
12f4ff0a00fa15c82de7091d101c1b0afe0fb3050b0dfb15b503e5f50e18fdfe
c803ec2114e9332820dbd4321b25c931fc38220000c3002c0a0ead40c7250902
0803ff2010fa40bb42fefe3d1f420a230146e3f90007f93af9feff19ea4f05f1
01060f101bfa1ab647d41c39387f0f11fb3c11f1e000f341df13ac030c600e03
eb070a0112f31d0d063d040c0007db090306fcf909dbcdfbf11cc4c7e41a03d0
effff5f40bf009ce05170109ff03d804fe202419f4eff3ffe115ccd5f21d19d1
d3dd041bf7f40f121bcdee2b0414bcc0ff0cf8abbba7a31fe1f83099cd1dcdeb
f2fb111b0000f7b2133fff11f70000edfbec21c8d5afbe0ae0fdffd4f2f90d03
db040d28f4f81201289a07eef9df37fa00e7d0d2e5a9f0f719e6bcd441f61f21
c2fdfe22f1f015bc1dbd0df803f01dfcfcd8f7e9ebc4fa09d8f2ccce2f0bfd18
cc341347f8f43bc05c9be0232530dd0bf71709f7d6d1cf341df71bca013428f3
f60102fc1b0400fc20a6010e0d19b404fa0b4008e0aece162709ade9ceef0815
0af3202ceb031bd01c1205120f17e809ef15bbbff7f2f70f30d419fa0704c406
d9012f3bd9e729aa203e0b16261c1bf2e62edbcbe7e8040cfecd16e42f0b0ff8
fc092523ea1118fc45e51e0b28142420fa27e7eb0ac9150a0deda5e827140a0e
011f0d20ec1920293eaf12191012022bfc0be9faf8da0a28edf651c80c142b0f
eb0403fc0e020a1cffc4141df00fdefdfd0be309efe9e0ffbf0b4105d9f4edfe
1cf8050a00e71314ff140a0e09ff1cf9fe18ebfef81dfef206132d0c22ef06c6
0705f01af4f00ddbe5fff4fb2a0917f2f5158f0cdeff06ef020c44e7fbed20e9
050ef21f07f8020f0b0503f7f5e510d9f6eec707f610e0ee210b4aeafdf627f1
0b230716110bf7ee091913030cfb0de10af2b8fbf507e301e90826e704fe28f6
f2f5fed133feea20e5b322eae8fae6f614e9e4240102ef00d111bb00ebef17e2
13dcf0b3fffcda1af04f0ddafff328d50bf3b60c0301d3f7c10540ef01f7f3e2
1506d3811705cfbbc89f09d6fde128a220d71e1af40bdfd6cb1037d4fed5e8f3
090de4cf1c17e5caef52fff8e9e3189f1bebea00f61ad0f7dc0ba8e31002f51d
112eeee42b0ce622f133fafae9fd19a40dee0c10ef1ae700d71340ea03fb18fe
c414e7eb16f205ecfdde030ae901e8ecebe7060403f6f500fefbd00804fe15f0
0e02f90afee711e215a0081a0b0707d7f012ff01f6f7f60108fcb611100015e8
170ce9f80d0210fef7c311fb0ff61cd616f6530eed11eff2f7fedaf001e0e9fc
0c14f9ec13f704fb21a709160d080de01a172d07f208ed0db506b21c06fce805
08430a0f0bf7e442e0ddedd8fbd20bd200e14605d823d8c9c003ace3ebc715d9
fd071b1116f826d52ac9d21d082f0a29011eaaf410061a1bff0c2925121616e6
0618163205f600ba0629f602fae8011d14dc200a14fd15e407fd09fe0a0206f9
14052321f4f90bdb02e7e8fdfb210b092203e9f40a11e80fc8ff15091713f2fa
0d0b17f504f02ddd1e0b0514041c1d090c14fe0d0f11100d190bf50c330d13f7
011f1ef01ad2261426f2231cd72f0312f7092a1020d4072bf10e411c092014d8
0821050706e5014407cef6f1e503072115ecaf10080a15efc8fde41801f6fff4
ef1efef4f7c6092818e6f815f207ee08e9f2131a10eaf2080efdcee10b20fae1
ea0e0de9f5c8f0d603cdf5f8fdfff4f2e9e9ccff05f7ede417f0ecd6fc07f6d4
100a0cf705e211da3339fc1305072614dffb49060400020ed614b1e1050c0fcb
f21c1ff510d915030c400a1fe7190809d418f1ecfd06ed09110fee10112115cd
040005fbff1afd2006fbe3f8e6ff17131b10b6f10e15fbf7fd00442717ebcc09
ce090c06f1d911c9203df51e121be30fd5090ceb04f4de10f1e1b1040c31e9e9
e7f616edc8b803e712b7050f1711fe16ba08e2bd0fd6e510cdbde10dfb18f2e5
0401fcfae6dd23fb0f0e08040c2bfc23ed1fa6f410031f14f30a2ef7132b1df1
fc1d100befc72ec202b4f51d12371927c224f0d00e0e0025d1f434181d1e08c0
0df6f3e8050100bffbbe07eded0e1e070deed1e6fe18f2f617fabe080f0bf0ec
f816fa33f4f7eacb041900fef3f70011e6e7a4f1f90bebfbd9f33f0d01fd08f1
fbf6f917e5ecf111febe130212f9012becf70aee0a02111a05f70614fe05f7f0
1103001ee8f6073b1739f507f3f901fff5f9ceffff1d34fd250beb0a1a091b03
f1f8151b0bc40cc427c2ff20dd0a121aa0fbe9e71615fd04d407a418211b0ebd
080021c303fc143d11140901f20a2226100f0bebffe32f010004e4e21c0208e3
f60c2127e9ddf93018abff1006fe08fbd903dbe6fff0080bcbf71eec1bfb03e8
04eb2947f3f00fdb1bb1fdfd011b1830e609aded0b11001aeef9a4031d1ef7db
08db0e210af307312727fa27ee2d0e35ce070de501081c13baf44414270312ed
01e2041414e40dc129c20c13f037032cd80cb90b0e013614eb1ee7181c0e08e3
00191fec37ff02bc07c3bafdf0050a0702060606f50d2c01d911c7f7170d2cef
02fd04e12b0105eaf3bdfcd900f3ffe60fe60401f3ff23e5ea03d8c6fa0127f6
f4050d1e270afad3eb040fff08dffff01dd239f603051b03060ac2c107f02f08
160d0e1f0e08daf9fa24f7dafdef171e14dcdb060c0804f9040dccd111e80ee4
0f00f3e62cf2eac1dc0e0cda0efe100fecdfe405eef5f5e0ef1addbcf2d80fde
060709070ee306bf0f11e01cfa100911d8090cf41d18ff12e7f2da091a16f9db
ec0904db0cea07edf0cd0bf70803f00dee08010802052f04c7f81bdefbf221f5
c00a0ad6f8bf21b2fff6160e0bffd4ebc60ac7ed06d5fc29fae6aae0f41bdbf1
dc16fc02fac3f0de0d350ff7fde7e816dce406f518f2f20ce9ee4ce0ee03d8ce
150600edede3f7f5e7df1ee704f41d37e9fb2c0b0313fee7da12d5df11f2fdcf
fc0afc04f7fa0f0c0cc0de23130d0700d924f4f006fd03fb1fe8fb06fd20fce0
f1fa0bfaeae80445f3c91206fef4ee07e70024010d04040113ffa708fbf8e2db
c0020301ddbd1cd508a5130a24fcd3029c12a3ce08ceea0b01bdffe2d816fbe9
cf16fff0ffb807d6fa4900e400ecfd02bef62fd6fce4f6f101c5f7eeedfaf1e1
0618fd0203f5fbe0f6010cf807fb1e07000440f7132823f9e7edfb190d0ff103
fb0cfc0120f5133af600fe0efdf80d0d19fcccfb01f52107f811391d090aeeef
03eaf8dfe7f709c51402ed00022512eb1eefea0401f610f7e0123d050b1bf501
040afc1113e7fc1a0b3211f100ebfe0d00dacafd070a06ec04074cebfd050adc
ef07fb0a13d4fc2ee9d6f8eb0bdffaf6d2ffacf2010a1afffcf6d5f9f3e0fff7
081beef01cd3ebe3ea1ff8fd03ef0edaec00f5f9f90c010de4f1a9e9fc0205f3
03011efcf9ec25172b391016e52d2f36ea229ff613044d33ee122030193f05d0
f9fd1ae50bdb1ed83736112c0144170f052e32070de513270906f7ff272d1bff
f8002523f5c836d72c9d00301042010ced061adf0d04041a26ec3ee3162df1da
03f51e1cede7152526befc280940f625d530cdeb1004092fdafac2191f2c04ed
f9dc08f917e21ebf179cf0190520fdf3fa22eff911111032d80ab0320126f6e9
f0161ff31f1132db2c16fd35d917331dfb30bc051a25f330fd09343c3844f016
101409e920ff0702164dee0ccd010a14fcfd2313fe11f713d1f912dc1106f502
f2fefeeb10ed11de314eea12e917f10df31dd001f90d0b16d8fae1e6fc10fcf8
fdf909eb11e8041522fef217e709030af214e1faf60e0c1502f5d206f6172107
eb0d120202ec0bde2611de0dd7fe1708f127bc1f0fc5db290fff1514ff13f6f5
0213faef19fc0e0216c50611cd0d2bf5f715e01c072ae31ddf02a9230f1de8ef
2f10fcd8270f07e111d81209f80cfbf40b07a91ff910030a0113b50e060af4ff
fbf0fbf00b120e3e0df1f109fc17fc131304d401f8e9f90cc0fc34e5f6270000
04e5fb01120e032405e70220f509fb12fc09f90bf3090215ccfdf5e4f00ef203
16f3f9ec1cfaf8160d03f305d00303e5051d033003f2dc0406124ff4f60ef506
0509fdd509fa26dc1710ff13d81d1d01e73faff8091be91fedc6df1f0323db00
18000ff81517162a13e8f0120e1f09fb0b190b140a15f005cef8a416f602d50e
fef21fea0917221b2f0cf521ee19fa15240b25f108f5051628092f02f91e021b
fdedf9da101210cc1da2ef1afd1efa1c0d03dde5020feb1bd5ee0bf4ec2ef4f1
fe0518ed200cf7c0109fee09e313f81504f9f1e605e3070bd6e6e411e7070c0a
161802e60df11f2219e1000ce61f130d022eb0d60d15f918d5d8172ff41ce004
09f4fff728ed150c05e2f213e70b03eaf60be414f511e80de400bbf7fdf80d06
04f60ef6fe0f0d18124eff10e022e8f100fddcfcf8f7e6fd08fc33d6080a1711
f701f7ea2206f9b911c6e8051109f2f40cf0cef8f200ed070609e1e4fffd0ff7
03f504fd411aff0ff8a3d809ff0a000a060802eff2e9fa03120ebb05f1ee2107
281121cbfaf939d63730e83de056250af84ac2c81727fd4df6e7be533445d0f3
0aea05e212000a2c103bf31ce4270be40905b6f9f90ada0810f618f30606060e
e90629f01c0021220dacf615d81404e60a0bd0f4fce4e716f50828fc0b200e07
f7fb1e0b2b141c001544ff1a051704f60403f9fdee00f2101c03badd15172e07
05d50109200a130e19e8db19ed103111101508e904e5fd261317fb1a1a2a1401
00000000000000000000000000000000000000000000000000000000000000f8
00000000000000000000000000000000000000000000000000000000000000f5
0000000000000000000000000000000000000000000000000000000000000025
000000000000000000000000000000000000000000000000000000000000004b
00000000000000000000000000000000000000000000000000000000000000f7
00000000000000000000000000000000000000000000000000000000000000c8
0000000000000000000000000000000000000000000000000000000000000097
0000000000000000000000000000000000000000000000000000000000000005
00000000000000000000000000000000000000000000000000000000000000b7
00000000000000000000000000000000000000000000000000000000000000d8
0000000000000000000000000000000000000000000000000000000000000006
0000000000000000000000000000000000000000000000000000000000000030
0000000000000000000000000000000000000000000000000000000000000010
00000000000000000000000000000000000000000000000000000000000000ba
0000000000000000000000000000000000000000000000000000000000000006
00000000000000000000000000000000000000000000000000000000000000d5
00000000000000000000000000000000000000000000000000000000000000f7
000000000000000000000000000000000000000000000000000000000000004d
00000000000000000000000000000000000000000000000000000000000000e0
00000000000000000000000000000000000000000000000000000000000000f7
000000000000000000000000000000000000000000000000000000000000003f
00000000000000000000000000000000000000000000000000000000000000f5
0000000000000000000000000000000000000000000000000000000000000035
00000000000000000000000000000000000000000000000000000000000000df
000000000000000000000000000000000000000000000000000000000000006a
000000000000000000000000000000000000000000000000000000000000002f
00000000000000000000000000000000000000000000000000000000000000f9
00000000000000000000000000000000000000000000000000000000000000ea
00000000000000000000000000000000000000000000000000000000000000d5
00000000000000000000000000000000000000000000000000000000000000fa
00000000000000000000000000000000000000000000000000000000000000f9
00000000000000000000000000000000000000000000000000000000000000fb
000000000000000000000000000000000000000000000000000000000000005c
000000000000000000000000000000000000000000000000000000000000003b
00000000000000000000000000000000000000000000000000000000000000f7
00000000000000000000000000000000000000000000000000000000000000e6
00000000000000000000000000000000000000000000000000000000000000db
0000000000000000000000000000000000000000000000000000000000000004
000000000000000000000000000000000000000000000000000000000000003e
0000000000000000000000000000000000000000000000000000000000000001
00000000000000000000000000000000000000000000000000000000000000f8
0000000000000000000000000000000000000000000000000000000000000086
00000000000000000000000000000000000000000000000000000000000000b8
00000000000000000000000000000000000000000000000000000000000000dd
0000000000000000000000000000000000000000000000000000000000000049
0000000000000000000000000000000000000000000000000000000000000004
00000000000000000000000000000000000000000000000000000000000000f3
000000000000000000000000000000000000000000000000000000000000004f
00000000000000000000000000000000000000000000000000000000000000e1
00000000000000000000000000000000000000000000000000000000000000cd
00000000000000000000000000000000000000000000000000000000000000f7
00000000000000000000000000000000000000000000000000000000000000c1
00000000000000000000000000000000000000000000000000000000000000f9
0000000000000000000000000000000000000000000000000000000000000061
000000000000000000000000000000000000000000000000000000000000000d
00000000000000000000000000000000000000000000000000000000000000f8
000000000000000000000000000000000000000000000000000000000000000b
00000000000000000000000000000000000000000000000000000000000000f7
000000000000000000000000000000000000000000000000000000000000005a
0000000000000000000000000000000000000000000000000000000000000027
00000000000000000000000000000000000000000000000000000000000000be
00000000000000000000000000000000000000000000000000000000000000e2
0000000000000000000000000000000000000000000000000000000000000025
0000000000000000000000000000000000000000000000000000000000000081
