% weibull_delta_lut : 16384 entries
% Format: signed Q3.12 (16-bit), scale = 2^12 = 4096, resolution = 2.441406e-04
% Quantisation error: max |e| = 1.220608e-04, RMS = 7.269295e-05
% addr_var = c2
% addr_min = 0
% addr_max = 2.827230427
% entries_per_pfa = 4096
% n_pfa = 4
% Pfa_options = [0.001 0.0001 1e-05 1e-06]
% CMin = 0.8
% CMax = 8
% expr = K(Pfa)/clamp(sqrt(psi1(1)/c2),CMin,CMax)
% sli = 17
% guard = 13
% Columns: addr  exact_value  code(dec)  requantized  error
     0  +0.3137325499      1285  +0.3137207031  -1.185e-05
     1  +0.3137325499      1285  +0.3137207031  -1.185e-05
     2  +0.3137325499      1285  +0.3137207031  -1.185e-05
     3  +0.3137325499      1285  +0.3137207031  -1.185e-05
     4  +0.3137325499      1285  +0.3137207031  -1.185e-05
     5  +0.3137325499      1285  +0.3137207031  -1.185e-05
     6  +0.3137325499      1285  +0.3137207031  -1.185e-05
     7  +0.3137325499      1285  +0.3137207031  -1.185e-05
     8  +0.3137325499      1285  +0.3137207031  -1.185e-05
     9  +0.3137325499      1285  +0.3137207031  -1.185e-05
    10  +0.3137325499      1285  +0.3137207031  -1.185e-05
    11  +0.3137325499      1285  +0.3137207031  -1.185e-05
    12  +0.3137325499      1285  +0.3137207031  -1.185e-05
    13  +0.3137325499      1285  +0.3137207031  -1.185e-05
    14  +0.3137325499      1285  +0.3137207031  -1.185e-05
    15  +0.3137325499      1285  +0.3137207031  -1.185e-05
    16  +0.3137325499      1285  +0.3137207031  -1.185e-05
    17  +0.3137325499      1285  +0.3137207031  -1.185e-05
    18  +0.3137325499      1285  +0.3137207031  -1.185e-05
    19  +0.3137325499      1285  +0.3137207031  -1.185e-05
    20  +0.3137325499      1285  +0.3137207031  -1.185e-05
    21  +0.3137325499      1285  +0.3137207031  -1.185e-05
    22  +0.3137325499      1285  +0.3137207031  -1.185e-05
    23  +0.3137325499      1285  +0.3137207031  -1.185e-05
    24  +0.3137325499      1285  +0.3137207031  -1.185e-05
    25  +0.3137325499      1285  +0.3137207031  -1.185e-05
    26  +0.3137325499      1285  +0.3137207031  -1.185e-05
    27  +0.3137325499      1285  +0.3137207031  -1.185e-05
    28  +0.3137325499      1285  +0.3137207031  -1.185e-05
    29  +0.3137325499      1285  +0.3137207031  -1.185e-05
    30  +0.3137325499      1285  +0.3137207031  -1.185e-05
    31  +0.3137325499      1285  +0.3137207031  -1.185e-05
    32  +0.3137325499      1285  +0.3137207031  -1.185e-05
    33  +0.3137325499      1285  +0.3137207031  -1.185e-05
    34  +0.3137325499      1285  +0.3137207031  -1.185e-05
    35  +0.3137325499      1285  +0.3137207031  -1.185e-05
    36  +0.3137325499      1285  +0.3137207031  -1.185e-05
    37  +0.3137325499      1285  +0.3137207031  -1.185e-05
    38  +0.3169719029      1298  +0.3168945312  -7.737e-05
    39  +0.3211155023      1315  +0.3210449219  -7.058e-05
    40  +0.3252063106      1332  +0.3251953125  -1.100e-05
    41  +0.3292462954      1349  +0.3293457031  +9.941e-05
    42  +0.3332373053      1365  +0.3332519531  +1.465e-05
    43  +0.3371810794      1381  +0.3371582031  -2.288e-05
    44  +0.3410792560      1397  +0.3410644531  -1.480e-05
    45  +0.3449333812      1413  +0.3449707031  +3.732e-05
    46  +0.3487449155      1428  +0.3486328125  -1.121e-04
    47  +0.3525152404      1444  +0.3525390625  +2.382e-05
    48  +0.3562456643      1459  +0.3562011719  -4.449e-05
    49  +0.3599374278      1474  +0.3598632812  -7.415e-05
    50  +0.3635917086      1489  +0.3635253906  -6.632e-05
    51  +0.3672096256      1504  +0.3671875000  -2.213e-05
    52  +0.3707922434      1519  +0.3708496094  +5.737e-05
    53  +0.3743405754      1533  +0.3742675781  -7.300e-05
    54  +0.3778555875      1548  +0.3779296875  +7.410e-05
    55  +0.3813382011      1562  +0.3813476562  +9.455e-06
    56  +0.3847892959      1576  +0.3847656250  -2.367e-05
    57  +0.3882097124      1590  +0.3881835938  -2.612e-05
    58  +0.3916002546      1604  +0.3916015625  +1.308e-06
    59  +0.3949616919      1618  +0.3950195312  +5.784e-05
    60  +0.3982947610      1631  +0.3981933594  -1.014e-04
    61  +0.4016001684      1645  +0.4016113281  +1.116e-05
    62  +0.4048785915      1658  +0.4047851562  -9.344e-05
    63  +0.4081306807      1672  +0.4082031250  +7.244e-05
    64  +0.4113570604      1685  +0.4113769531  +1.989e-05
    65  +0.4145583309      1698  +0.4145507812  -7.550e-06
    66  +0.4177350695      1711  +0.4177246094  -1.046e-05
    67  +0.4208878318      1724  +0.4208984375  +1.061e-05
    68  +0.4240171524      1737  +0.4240722656  +5.511e-05
    69  +0.4271235467      1749  +0.4270019531  -1.216e-04
    70  +0.4302075113      1762  +0.4301757812  -3.173e-05
    71  +0.4332695251      1775  +0.4333496094  +8.008e-05
    72  +0.4363100503      1787  +0.4362792969  -3.075e-05
    73  +0.4393295330      1799  +0.4392089844  -1.205e-04
    74  +0.4423284043      1812  +0.4423828125  +5.441e-05
    75  +0.4453070804      1824  +0.4453125000  +5.420e-06
    76  +0.4482659639      1836  +0.4482421875  -2.378e-05
    77  +0.4512054444      1848  +0.4511718750  -3.357e-05
    78  +0.4541258985      1860  +0.4541015625  -2.434e-05
    79  +0.4570276909      1872  +0.4570312500  +3.559e-06
    80  +0.4599111750      1884  +0.4599609375  +4.976e-05
    81  +0.4627766929      1896  +0.4628906250  +1.139e-04
    82  +0.4656245764      1907  +0.4655761719  -4.840e-05
    83  +0.4684551470      1919  +0.4685058594  +5.071e-05
    84  +0.4712687167      1930  +0.4711914062  -7.731e-05
    85  +0.4740655882      1942  +0.4741210938  +5.551e-05
    86  +0.4768460554      1953  +0.4768066406  -3.941e-05
    87  +0.4796104035      1964  +0.4794921875  -1.182e-04
    88  +0.4823589097      1976  +0.4824218750  +6.297e-05
    89  +0.4850918432      1987  +0.4851074219  +1.558e-05
    90  +0.4878094659      1998  +0.4877929688  -1.650e-05
    91  +0.4905120321      2009  +0.4904785156  -3.352e-05
    92  +0.4931997893      2020  +0.4931640625  -3.573e-05
    93  +0.4958729785      2031  +0.4958496094  -2.337e-05
    94  +0.4985318339      2042  +0.4985351562  +3.322e-06
    95  +0.5011765837      2053  +0.5012207031  +4.412e-05
    96  +0.5038074500      2064  +0.5039062500  +9.880e-05
    97  +0.5064246492      2074  +0.5063476562  -7.699e-05
    98  +0.5090283920      2085  +0.5090332031  +4.811e-06
    99  +0.5116188840      2096  +0.5117187500  +9.987e-05
   100  +0.5141963254      2106  +0.5141601562  -3.617e-05
   101  +0.5167609116      2117  +0.5168457031  +8.479e-05
   102  +0.5193128328      2127  +0.5192871094  -2.572e-05
   103  +0.5218522750      2138  +0.5219726562  +1.204e-04
   104  +0.5243794195      2148  +0.5244140625  +3.464e-05
   105  +0.5268944431      2158  +0.5268554688  -3.897e-05
   106  +0.5293975187      2168  +0.5292968750  -1.006e-04
   107  +0.5318888149      2179  +0.5319824219  +9.361e-05
   108  +0.5343684964      2189  +0.5344238281  +5.533e-05
   109  +0.5368367243      2199  +0.5368652344  +2.851e-05
   110  +0.5392936558      2209  +0.5393066406  +1.298e-05
   111  +0.5417394446      2219  +0.5417480469  +8.602e-06
   112  +0.5441742409      2229  +0.5441894531  +1.521e-05
   113  +0.5465981916      2239  +0.5466308594  +3.267e-05
   114  +0.5490114404      2249  +0.5490722656  +6.083e-05
   115  +0.5514141277      2259  +0.5515136719  +9.954e-05
   116  +0.5538063911      2268  +0.5537109375  -9.545e-05
   117  +0.5561883651      2278  +0.5561523438  -3.602e-05
   118  +0.5585601813      2288  +0.5585937500  +3.357e-05
   119  +0.5609219685      2298  +0.5610351562  +1.132e-04
   120  +0.5632738529      2307  +0.5632324219  -4.143e-05
   121  +0.5656159580      2317  +0.5656738281  +5.787e-05
   122  +0.5679484048      2326  +0.5678710938  -7.731e-05
   123  +0.5702713119      2336  +0.5703125000  +4.119e-05
   124  +0.5725847953      2345  +0.5725097656  -7.503e-05
   125  +0.5748889687      2355  +0.5749511719  +6.220e-05
   126  +0.5771839438      2364  +0.5771484375  -3.551e-05
   127  +0.5794698298      2374  +0.5795898438  +1.200e-04
   128  +0.5817467337      2383  +0.5817871094  +4.038e-05
   129  +0.5840147608      2392  +0.5839843750  -3.039e-05
   130  +0.5862740139      2401  +0.5861816406  -9.237e-05
   131  +0.5885245943      2411  +0.5886230469  +9.845e-05
   132  +0.5907666008      2420  +0.5908203125  +5.371e-05
   133  +0.5930001309      2429  +0.5930175781  +1.745e-05
   134  +0.5952252799      2438  +0.5952148438  -1.044e-05
   135  +0.5974421415      2447  +0.5974121094  -3.003e-05
   136  +0.5996508076      2456  +0.5996093750  -4.143e-05
   137  +0.6018513685      2465  +0.6018066406  -4.473e-05
   138  +0.6040439126      2474  +0.6040039062  -4.001e-05
   139  +0.6062285270      2483  +0.6062011719  -2.736e-05
   140  +0.6084052971      2492  +0.6083984375  -6.860e-06
   141  +0.6105743068      2501  +0.6105957031  +2.140e-05
   142  +0.6127356386      2510  +0.6127929688  +5.733e-05
   143  +0.6148893733      2519  +0.6149902344  +1.009e-04
   144  +0.6170355905      2527  +0.6169433594  -9.223e-05
   145  +0.6191743685      2536  +0.6191406250  -3.374e-05
   146  +0.6213057840      2545  +0.6213378906  +3.211e-05
   147  +0.6234299125      2554  +0.6235351562  +1.052e-04
   148  +0.6255468283      2562  +0.6254882812  -5.855e-05
   149  +0.6276566044      2571  +0.6276855469  +2.894e-05
   150  +0.6297593125      2579  +0.6296386719  -1.206e-04
   151  +0.6318550231      2588  +0.6318359375  -1.909e-05
   152  +0.6339438058      2597  +0.6340332031  +8.940e-05
   153  +0.6360257286      2605  +0.6359863281  -3.940e-05
   154  +0.6381008589      2614  +0.6381835938  +8.273e-05
   155  +0.6401692625      2622  +0.6401367188  -3.254e-05
   156  +0.6422310046      2631  +0.6423339844  +1.030e-04
   157  +0.6442861491      2639  +0.6442871094  +9.603e-07
   158  +0.6463347589      2647  +0.6462402344  -9.452e-05
   159  +0.6483768959      2656  +0.6484375000  +6.060e-05
   160  +0.6504126212      2664  +0.6503906250  -2.200e-05
   161  +0.6524419946      2672  +0.6523437500  -9.824e-05
   162  +0.6544650754      2681  +0.6545410156  +7.594e-05
   163  +0.6564819218      2689  +0.6564941406  +1.222e-05
   164  +0.6584925908      2697  +0.6584472656  -4.533e-05
   165  +0.6604971391      2705  +0.6604003906  -9.675e-05
   166  +0.6624956222      2714  +0.6625976562  +1.020e-04
   167  +0.6644880947      2722  +0.6645507812  +6.269e-05
   168  +0.6664746107      2730  +0.6665039062  +2.930e-05
   169  +0.6684552231      2738  +0.6684570312  +1.808e-06
   170  +0.6704299843      2746  +0.6704101562  -1.983e-05
   171  +0.6723989459      2754  +0.6723632812  -3.566e-05
   172  +0.6743621587      2762  +0.6743164062  -4.575e-05
   173  +0.6763196727      2770  +0.6762695312  -5.014e-05
   174  +0.6782715373      2778  +0.6782226562  -4.888e-05
   175  +0.6802178011      2786  +0.6801757812  -4.202e-05
   176  +0.6821585120      2794  +0.6821289062  -2.961e-05
   177  +0.6840937174      2802  +0.6840820312  -1.169e-05
   178  +0.6860234637      2810  +0.6860351562  +1.169e-05
   179  +0.6879477970      2818  +0.6879882812  +4.048e-05
   180  +0.6898667625      2826  +0.6899414062  +7.464e-05
   181  +0.6917804049      2834  +0.6918945312  +1.141e-04
   182  +0.6936887683      2841  +0.6936035156  -8.525e-05
   183  +0.6955918960      2849  +0.6955566406  -3.526e-05
   184  +0.6974898311      2857  +0.6975097656  +1.993e-05
   185  +0.6993826156      2865  +0.6994628906  +8.028e-05
   186  +0.7012702914      2872  +0.7011718750  -9.842e-05
   187  +0.7031528996      2880  +0.7031250000  -2.790e-05
   188  +0.7050304808      2888  +0.7050781250  +4.764e-05
   189  +0.7069030750      2895  +0.7067871094  -1.160e-04
   190  +0.7087707218      2903  +0.7087402344  -3.049e-05
   191  +0.7106334602      2911  +0.7106933594  +5.990e-05
   192  +0.7124913286      2918  +0.7124023438  -8.898e-05
   193  +0.7143443651      2926  +0.7143554688  +1.110e-05
   194  +0.7161926071      2934  +0.7163085938  +1.160e-04
   195  +0.7180360918      2941  +0.7180175781  -1.851e-05
   196  +0.7198748556      2949  +0.7199707031  +9.585e-05
   197  +0.7217089347      2956  +0.7216796875  -2.925e-05
   198  +0.7235383646      2964  +0.7236328125  +9.445e-05
   199  +0.7253631805      2971  +0.7253417969  -2.138e-05
   200  +0.7271834172      2979  +0.7272949219  +1.115e-04
   201  +0.7289991089      2986  +0.7290039062  +4.797e-06
   202  +0.7308102896      2993  +0.7307128906  -9.740e-05
   203  +0.7326169927      3001  +0.7326660156  +4.902e-05
   204  +0.7344192513      3008  +0.7343750000  -4.425e-05
   205  +0.7362170979      3016  +0.7363281250  +1.110e-04
   206  +0.7380105649      3023  +0.7380371094  +2.654e-05
   207  +0.7397996840      3030  +0.7397460938  -5.359e-05
   208  +0.7415844868      3038  +0.7416992188  +1.147e-04
   209  +0.7433650044      3045  +0.7434082031  +4.320e-05
   210  +0.7451412674      3052  +0.7451171875  -2.408e-05
   211  +0.7469133062      3059  +0.7468261719  -8.713e-05
   212  +0.7486811508      3067  +0.7487792969  +9.815e-05
   213  +0.7504448308      3074  +0.7504882812  +4.345e-05
   214  +0.7522043757      3081  +0.7521972656  -7.110e-06
   215  +0.7539598142      3088  +0.7539062500  -5.356e-05
   216  +0.7557111750      3095  +0.7556152344  -9.594e-05
   217  +0.7574584864      3103  +0.7575683594  +1.099e-04
   218  +0.7592017763      3110  +0.7592773438  +7.557e-05
   219  +0.7609410725      3117  +0.7609863281  +4.526e-05
   220  +0.7626764022      3124  +0.7626953125  +1.891e-05
   221  +0.7644077924      3131  +0.7644042969  -3.495e-06
   222  +0.7661352698      3138  +0.7661132812  -2.199e-05
   223  +0.7678588609      3145  +0.7678222656  -3.660e-05
   224  +0.7695785917      3152  +0.7695312500  -4.734e-05
   225  +0.7712944882      3159  +0.7712402344  -5.425e-05
   226  +0.7730065757      3166  +0.7729492188  -5.736e-05
   227  +0.7747148796      3173  +0.7746582031  -5.668e-05
   228  +0.7764194249      3180  +0.7763671875  -5.224e-05
   229  +0.7781202362      3187  +0.7780761719  -4.406e-05
   230  +0.7798173379      3194  +0.7797851562  -3.218e-05
   231  +0.7815107543      3201  +0.7814941406  -1.661e-05
   232  +0.7832005093      3208  +0.7832031250  +2.616e-06
   233  +0.7848866264      3215  +0.7849121094  +2.548e-05
   234  +0.7865691292      3222  +0.7866210938  +5.196e-05
   235  +0.7882480406      3229  +0.7883300781  +8.204e-05
   236  +0.7899233838      3236  +0.7900390625  +1.157e-04
   237  +0.7915951811      3242  +0.7915039062  -9.127e-05
   238  +0.7932634552      3249  +0.7932128906  -5.056e-05
   239  +0.7949282282      3256  +0.7949218750  -6.353e-06
   240  +0.7965895221      3263  +0.7966308594  +4.134e-05
   241  +0.7982473584      3270  +0.7983398438  +9.249e-05
   242  +0.7999017589      3276  +0.7998046875  -9.707e-05
   243  +0.8015527447      3283  +0.8015136719  -3.907e-05
   244  +0.8032003368      3290  +0.8032226562  +2.232e-05
   245  +0.8048445562      3297  +0.8049316406  +8.708e-05
   246  +0.8064854235      3303  +0.8063964844  -8.894e-05
   247  +0.8081229590      3310  +0.8081054688  -1.749e-05
   248  +0.8097571831      3317  +0.8098144531  +5.727e-05
   249  +0.8113881156      3323  +0.8112792969  -1.088e-04
   250  +0.8130157764      3330  +0.8129882812  -2.750e-05
   251  +0.8146401852      3337  +0.8146972656  +5.708e-05
   252  +0.8162613613      3343  +0.8161621094  -9.925e-05
   253  +0.8178793240      3350  +0.8178710938  -8.230e-06
   254  +0.8194940922      3357  +0.8195800781  +8.599e-05
   255  +0.8211056849      3363  +0.8210449219  -6.076e-05
   256  +0.8227141207      3370  +0.8227539062  +3.979e-05
   257  +0.8243194181      3376  +0.8242187500  -1.007e-04
   258  +0.8259215953      3383  +0.8259277344  +6.139e-06
   259  +0.8275206706      3390  +0.8276367188  +1.160e-04
   260  +0.8291166618      3396  +0.8291015625  -1.510e-05
   261  +0.8307095867      3403  +0.8308105469  +1.010e-04
   262  +0.8322994630      3409  +0.8322753906  -2.407e-05
   263  +0.8338863080      3416  +0.8339843750  +9.807e-05
   264  +0.8354701391      3422  +0.8354492188  -2.092e-05
   265  +0.8370509733      3429  +0.8371582031  +1.072e-04
   266  +0.8386288276      3435  +0.8386230469  -5.781e-06
   267  +0.8402037188      3441  +0.8400878906  -1.158e-04
   268  +0.8417756636      3448  +0.8417968750  +2.121e-05
   269  +0.8433446783      3454  +0.8432617188  -8.296e-05
   270  +0.8449107793      3461  +0.8449707031  +5.992e-05
   271  +0.8464739828      3467  +0.8464355469  -3.844e-05
   272  +0.8480343048      3474  +0.8481445312  +1.102e-04
   273  +0.8495917613      3480  +0.8496093750  +1.761e-05
   274  +0.8511463678      3486  +0.8510742188  -7.215e-05
   275  +0.8526981400      3493  +0.8527832031  +8.506e-05
   276  +0.8542470934      3499  +0.8542480469  +9.534e-07
   277  +0.8557932433      3505  +0.8557128906  -8.035e-05
   278  +0.8573366048      3512  +0.8574218750  +8.527e-05
   279  +0.8588771929      3518  +0.8588867188  +9.526e-06
   280  +0.8604150226      3524  +0.8603515625  -6.346e-05
   281  +0.8619501086      3531  +0.8620605469  +1.104e-04
   282  +0.8634824655      3537  +0.8635253906  +4.293e-05
   283  +0.8650121080      3543  +0.8649902344  -2.187e-05
   284  +0.8665390502      3549  +0.8664550781  -8.397e-05
   285  +0.8680633065      3556  +0.8681640625  +1.008e-04
   286  +0.8695848911      3562  +0.8696289062  +4.402e-05
   287  +0.8711038178      3568  +0.8710937500  -1.007e-05
   288  +0.8726201006      3574  +0.8725585938  -6.151e-05
   289  +0.8741337533      3580  +0.8740234375  -1.103e-04
   290  +0.8756447894      3587  +0.8757324219  +8.763e-05
   291  +0.8771532225      3593  +0.8771972656  +4.404e-05
   292  +0.8786590661      3599  +0.8786621094  +3.043e-06
   293  +0.8801623333      3605  +0.8801269531  -3.538e-05
   294  +0.8816630375      3611  +0.8815917969  -7.124e-05
   295  +0.8831611915      3617  +0.8830566406  -1.046e-04
   296  +0.8846568085      3624  +0.8847656250  +1.088e-04
   297  +0.8861499012      3630  +0.8862304688  +8.057e-05
   298  +0.8876404824      3636  +0.8876953125  +5.483e-05
   299  +0.8891285648      3642  +0.8891601562  +3.159e-05
   300  +0.8906141607      3648  +0.8906250000  +1.084e-05
   301  +0.8920972828      3654  +0.8920898438  -7.439e-06
   302  +0.8935779432      3660  +0.8935546875  -2.326e-05
   303  +0.8950561542      3666  +0.8950195312  -3.662e-05
   304  +0.8965319279      3672  +0.8964843750  -4.755e-05
   305  +0.8980052764      3678  +0.8979492188  -5.606e-05
   306  +0.8994762115      3684  +0.8994140625  -6.215e-05
   307  +0.9009447450      3690  +0.9008789062  -6.584e-05
   308  +0.9024108888      3696  +0.9023437500  -6.714e-05
   309  +0.9038746544      3702  +0.9038085938  -6.606e-05
   310  +0.9053360533      3708  +0.9052734375  -6.262e-05
   311  +0.9067950970      3714  +0.9067382812  -5.682e-05
   312  +0.9082517969      3720  +0.9082031250  -4.867e-05
   313  +0.9097061642      3726  +0.9096679688  -3.820e-05
   314  +0.9111582101      3732  +0.9111328125  -2.540e-05
   315  +0.9126079457      3738  +0.9125976562  -1.029e-05
   316  +0.9140553818      3744  +0.9140625000  +7.118e-06
   317  +0.9155005296      3750  +0.9155273438  +2.681e-05
   318  +0.9169433997      3756  +0.9169921875  +4.879e-05
   319  +0.9183840030      3762  +0.9184570312  +7.303e-05
   320  +0.9198223500      3768  +0.9199218750  +9.953e-05
   321  +0.9212584513      3773  +0.9211425781  -1.159e-04
   322  +0.9226923175      3779  +0.9226074219  -8.490e-05
   323  +0.9241239589      3785  +0.9240722656  -5.169e-05
   324  +0.9255533858      3791  +0.9255371094  -1.628e-05
   325  +0.9269806085      3797  +0.9270019531  +2.134e-05
   326  +0.9284056372      3803  +0.9284667969  +6.116e-05
   327  +0.9298284819      3809  +0.9299316406  +1.032e-04
   328  +0.9312491527      3814  +0.9311523438  -9.681e-05
   329  +0.9326676595      3820  +0.9326171875  -5.047e-05
   330  +0.9340840121      3826  +0.9340820312  -1.981e-06
   331  +0.9354982203      3832  +0.9355468750  +4.865e-05
   332  +0.9369102939      3838  +0.9370117188  +1.014e-04
   333  +0.9383202425      3843  +0.9382324219  -8.782e-05
   334  +0.9397280756      3849  +0.9396972656  -3.081e-05
   335  +0.9411338028      3855  +0.9411621094  +2.831e-05
   336  +0.9425374334      3861  +0.9426269531  +8.952e-05
   337  +0.9439389768      3866  +0.9438476562  -9.132e-05
   338  +0.9453384423      3872  +0.9453125000  -2.594e-05
   339  +0.9467358391      3878  +0.9467773438  +4.150e-05
   340  +0.9481311764      3884  +0.9482421875  +1.110e-04
   341  +0.9495244633      3889  +0.9494628906  -6.157e-05
   342  +0.9509157087      3895  +0.9509277344  +1.203e-05
   343  +0.9523049215      3901  +0.9523925781  +8.766e-05
   344  +0.9536921108      3906  +0.9536132812  -7.883e-05
   345  +0.9550772852      3912  +0.9550781250  +8.398e-07
   346  +0.9564604537      3918  +0.9565429688  +8.252e-05
   347  +0.9578416247      3923  +0.9577636719  -7.795e-05
   348  +0.9592208070      3929  +0.9592285156  +7.709e-06
   349  +0.9605980092      3935  +0.9606933594  +9.535e-05
   350  +0.9619732397      3940  +0.9619140625  -5.918e-05
   351  +0.9633465070      3946  +0.9633789062  +3.240e-05
   352  +0.9647178194      3951  +0.9645996094  -1.182e-04
   353  +0.9660871853      3957  +0.9660644531  -2.273e-05
   354  +0.9674546130      3963  +0.9675292969  +7.468e-05
   355  +0.9688201107      3968  +0.9687500000  -7.011e-05
   356  +0.9701836865      3974  +0.9702148438  +3.116e-05
   357  +0.9715453485      3979  +0.9714355469  -1.098e-04
   358  +0.9729051047      3985  +0.9729003906  -4.714e-06
   359  +0.9742629631      3991  +0.9743652344  +1.023e-04
   360  +0.9756189317      3996  +0.9755859375  -3.299e-05
   361  +0.9769730183      4002  +0.9770507812  +7.776e-05
   362  +0.9783252308      4007  +0.9782714844  -5.375e-05
   363  +0.9796755768      4013  +0.9797363281  +6.075e-05
   364  +0.9810240641      4018  +0.9809570312  -6.703e-05
   365  +0.9823707004      4024  +0.9824218750  +5.117e-05
   366  +0.9837154932      4029  +0.9836425781  -7.292e-05
   367  +0.9850584502      4035  +0.9851074219  +4.897e-05
   368  +0.9863995787      4040  +0.9863281250  -7.145e-05
   369  +0.9877388863      4046  +0.9877929688  +5.408e-05
   370  +0.9890763803      4051  +0.9890136719  -6.271e-05
   371  +0.9904120681      4057  +0.9904785156  +6.645e-05
   372  +0.9917459570      4062  +0.9916992188  -4.674e-05
   373  +0.9930780543      4068  +0.9931640625  +8.601e-05
   374  +0.9944083671      4073  +0.9943847656  -2.360e-05
   375  +0.9957369026      4079  +0.9958496094  +1.127e-04
   376  +0.9970636678      4084  +0.9970703125  +6.645e-06
   377  +0.9983886700      4089  +0.9982910156  -9.765e-05
   378  +0.9997119160      4095  +0.9997558594  +4.394e-05
   379  +1.0010334128      4100  +1.0009765625  -5.685e-05
   380  +1.0023531674      4106  +1.0024414062  +8.824e-05
   381  +1.0036711866      4111  +1.0036621094  -9.077e-06
   382  +1.0049874772      4116  +1.0048828125  -1.047e-04
   383  +1.0063020461      4122  +1.0063476562  +4.561e-05
   384  +1.0076149000      4127  +1.0075683594  -4.654e-05
   385  +1.0089260455      4133  +1.0090332031  +1.072e-04
   386  +1.0102354893      4138  +1.0102539062  +1.842e-05
   387  +1.0115432381      4143  +1.0114746094  -6.863e-05
   388  +1.0128492983      4149  +1.0129394531  +9.015e-05
   389  +1.0141536766      4154  +1.0141601562  +6.480e-06
   390  +1.0154563793      4159  +1.0153808594  -7.552e-05
   391  +1.0167574130      4165  +1.0168457031  +8.829e-05
   392  +1.0180567840      4170  +1.0180664062  +9.622e-06
   393  +1.0193544988      4175  +1.0192871094  -6.739e-05
   394  +1.0206505635      4181  +1.0207519531  +1.014e-04
   395  +1.0219449845      4186  +1.0219726562  +2.767e-05
   396  +1.0232377680      4191  +1.0231933594  -4.441e-05
   397  +1.0245289203      4196  +1.0244140625  -1.149e-04
   398  +1.0258184475      4202  +1.0258789062  +6.046e-05
   399  +1.0271063556      4207  +1.0270996094  -6.746e-06
   400  +1.0283926509      4212  +1.0283203125  -7.234e-05
   401  +1.0296773393      4218  +1.0297851562  +1.078e-04
   402  +1.0309604268      4223  +1.0310058594  +4.543e-05
   403  +1.0322419194      4228  +1.0322265625  -1.536e-05
   404  +1.0335218231      4233  +1.0334472656  -7.456e-05
   405  +1.0348001437      4239  +1.0349121094  +1.120e-04
   406  +1.0360768871      4244  +1.0361328125  +5.593e-05
   407  +1.0373520592      4249  +1.0373535156  +1.456e-06
   408  +1.0386256656      4254  +1.0385742188  -5.145e-05
   409  +1.0398977122      4259  +1.0397949219  -1.028e-04
   410  +1.0411682047      4265  +1.0412597656  +9.156e-05
   411  +1.0424371488      4270  +1.0424804688  +4.332e-05
   412  +1.0437045500      4275  +1.0437011719  -3.378e-06
   413  +1.0449704141      4280  +1.0449218750  -4.854e-05
   414  +1.0462347466      4285  +1.0461425781  -9.217e-05
   415  +1.0474975530      4291  +1.0476074219  +1.099e-04
   416  +1.0487588389      4296  +1.0488281250  +6.929e-05
   417  +1.0500186097      4301  +1.0500488281  +3.022e-05
   418  +1.0512768710      4306  +1.0512695312  -7.340e-06
   419  +1.0525336280      4311  +1.0524902344  -4.339e-05
   420  +1.0537888862      4316  +1.0537109375  -7.795e-05
   421  +1.0550426509      4321  +1.0549316406  -1.110e-04
   422  +1.0562949275      4327  +1.0563964844  +1.016e-04
   423  +1.0575457212      4332  +1.0576171875  +7.147e-05
   424  +1.0587950373      4337  +1.0588378906  +4.285e-05
   425  +1.0600428811      4342  +1.0600585938  +1.571e-05
   426  +1.0612892576      4347  +1.0612792969  -9.961e-06
   427  +1.0625341721      4352  +1.0625000000  -3.417e-05
   428  +1.0637776297      4357  +1.0637207031  -5.693e-05
   429  +1.0650196356      4362  +1.0649414062  -7.823e-05
   430  +1.0662601947      4367  +1.0661621094  -9.809e-05
   431  +1.0674993121      4372  +1.0673828125  -1.165e-04
   432  +1.0687369929      4378  +1.0688476562  +1.107e-04
   433  +1.0699732420      4383  +1.0700683594  +9.512e-05
   434  +1.0712080644      4388  +1.0712890625  +8.100e-05
   435  +1.0724414650      4393  +1.0725097656  +6.830e-05
   436  +1.0736734487      4398  +1.0737304688  +5.702e-05
   437  +1.0749040204      4403  +1.0749511719  +4.715e-05
   438  +1.0761331849      4408  +1.0761718750  +3.869e-05
   439  +1.0773609471      4413  +1.0773925781  +3.163e-05
   440  +1.0785873116      4418  +1.0786132812  +2.597e-05
   441  +1.0798122834      4423  +1.0798339844  +2.170e-05
   442  +1.0810358671      4428  +1.0810546875  +1.882e-05
   443  +1.0822580675      4433  +1.0822753906  +1.732e-05
   444  +1.0834788892      4438  +1.0834960938  +1.720e-05
   445  +1.0846983368      4443  +1.0847167969  +1.846e-05
   446  +1.0859164151      4448  +1.0859375000  +2.108e-05
   447  +1.0871331285      4453  +1.0871582031  +2.507e-05
   448  +1.0883484818      4458  +1.0883789062  +3.042e-05
   449  +1.0895624793      4463  +1.0895996094  +3.713e-05
   450  +1.0907751257      4468  +1.0908203125  +4.519e-05
   451  +1.0919864255      4473  +1.0920410156  +5.459e-05
   452  +1.0931963832      4478  +1.0932617188  +6.534e-05
   453  +1.0944050031      4483  +1.0944824219  +7.742e-05
   454  +1.0956122897      4488  +1.0957031250  +9.084e-05
   455  +1.0968182475      4493  +1.0969238281  +1.056e-04
   456  +1.0980228807      4498  +1.0981445312  +1.217e-04
   457  +1.0992261938      4502  +1.0991210938  -1.051e-04
   458  +1.1004281911      4507  +1.1003417969  -8.639e-05
   459  +1.1016288769      4512  +1.1015625000  -6.638e-05
   460  +1.1028282555      4517  +1.1027832031  -4.505e-05
   461  +1.1040263311      4522  +1.1040039062  -2.242e-05
   462  +1.1052231079      4527  +1.1052246094  +1.501e-06
   463  +1.1064185903      4532  +1.1064453125  +2.672e-05
   464  +1.1076127823      4537  +1.1076660156  +5.323e-05
   465  +1.1088056882      4542  +1.1088867188  +8.103e-05
   466  +1.1099973120      4547  +1.1101074219  +1.101e-04
   467  +1.1111876580      4551  +1.1110839844  -1.037e-04
   468  +1.1123767302      4556  +1.1123046875  -7.204e-05
   469  +1.1135645327      4561  +1.1135253906  -3.914e-05
   470  +1.1147510696      4566  +1.1147460938  -4.976e-06
   471  +1.1159363449      4571  +1.1159667969  +3.045e-05
   472  +1.1171203625      4576  +1.1171875000  +6.714e-05
   473  +1.1183031266      4581  +1.1184082031  +1.051e-04
   474  +1.1194846411      4585  +1.1193847656  -9.988e-05
   475  +1.1206649099      4590  +1.1206054688  -5.944e-05
   476  +1.1218439369      4595  +1.1218261719  -1.777e-05
   477  +1.1230217262      4600  +1.1230468750  +2.515e-05
   478  +1.1241982815      4605  +1.1242675781  +6.930e-05
   479  +1.1253736067      4610  +1.1254882812  +1.147e-04
   480  +1.1265477057      4614  +1.1264648438  -8.286e-05
   481  +1.1277205824      4619  +1.1276855469  -3.504e-05
   482  +1.1288922404      4624  +1.1289062500  +1.401e-05
   483  +1.1300626837      4629  +1.1301269531  +6.427e-05
   484  +1.1312319160      4634  +1.1313476562  +1.157e-04
   485  +1.1323999410      4638  +1.1323242188  -7.572e-05
   486  +1.1335667625      4643  +1.1335449219  -2.184e-05
   487  +1.1347323841      4648  +1.1347656250  +3.324e-05
   488  +1.1358968096      4653  +1.1359863281  +8.952e-05
   489  +1.1370600427      4657  +1.1369628906  -9.715e-05
   490  +1.1382220870      4662  +1.1381835938  -3.849e-05
   491  +1.1393829462      4667  +1.1394042969  +2.135e-05
   492  +1.1405426238      4672  +1.1406250000  +8.238e-05
   493  +1.1417011234      4676  +1.1416015625  -9.956e-05
   494  +1.1428584487      4681  +1.1428222656  -3.618e-05
   495  +1.1440146032      4686  +1.1440429688  +2.837e-05
   496  +1.1451695905      4691  +1.1452636719  +9.408e-05
   497  +1.1463234141      4695  +1.1462402344  -8.318e-05
   498  +1.1474760774      4700  +1.1474609375  -1.514e-05
   499  +1.1486275841      4705  +1.1486816406  +5.406e-05
   500  +1.1497779375      4709  +1.1496582031  -1.197e-04
   501  +1.1509271411      4714  +1.1508789062  -4.823e-05
   502  +1.1520751984      4719  +1.1520996094  +2.441e-05
   503  +1.1532221127      4724  +1.1533203125  +9.820e-05
   504  +1.1543678876      4728  +1.1542968750  -7.101e-05
   505  +1.1555125264      4733  +1.1555175781  +5.052e-06
   506  +1.1566560323      4738  +1.1567382812  +8.225e-05
   507  +1.1577984090      4742  +1.1577148438  -8.357e-05
   508  +1.1589396595      4747  +1.1589355469  -4.113e-06
   509  +1.1600797873      4752  +1.1601562500  +7.646e-05
   510  +1.1612187958      4756  +1.1611328125  -8.598e-05
   511  +1.1623566880      4761  +1.1623535156  -3.172e-06
   512  +1.1634934675      4766  +1.1635742188  +8.075e-05
   513  +1.1646291373      4770  +1.1645507812  -7.836e-05
   514  +1.1657637008      4775  +1.1657714844  +7.784e-06
   515  +1.1668971611      4780  +1.1669921875  +9.503e-05
   516  +1.1680295216      4784  +1.1679687500  -6.077e-05
   517  +1.1691607853      4789  +1.1691894531  +2.867e-05
   518  +1.1702909555      4794  +1.1704101562  +1.192e-04
   519  +1.1714200353      4798  +1.1713867188  -3.332e-05
   520  +1.1725480279      4803  +1.1726074219  +5.939e-05
   521  +1.1736749364      4807  +1.1735839844  -9.095e-05
   522  +1.1748007639      4812  +1.1748046875  +3.924e-06
   523  +1.1759255136      4817  +1.1760253906  +9.988e-05
   524  +1.1770491885      4821  +1.1770019531  -4.724e-05
   525  +1.1781717917      4826  +1.1782226562  +5.086e-05
   526  +1.1792933263      4830  +1.1791992188  -9.411e-05
   527  +1.1804137952      4835  +1.1804199219  +6.127e-06
   528  +1.1815332017      4840  +1.1816406250  +1.074e-04
   529  +1.1826515485      4844  +1.1826171875  -3.436e-05
   530  +1.1837688388      4849  +1.1838378906  +6.905e-05
   531  +1.1848850756      4853  +1.1848144531  -7.062e-05
   532  +1.1860002618      4858  +1.1860351562  +3.489e-05
   533  +1.1871144004      4862  +1.1870117188  -1.027e-04
   534  +1.1882274943      4867  +1.1882324219  +4.928e-06
   535  +1.1893395465      4872  +1.1894531250  +1.136e-04
   536  +1.1904505599      4876  +1.1904296875  -2.087e-05
   537  +1.1915605373      4881  +1.1916503906  +8.985e-05
   538  +1.1926694818      4885  +1.1926269531  -4.253e-05
   539  +1.1937773961      4890  +1.1938476562  +7.026e-05
   540  +1.1948842831      4894  +1.1948242188  -6.006e-05
   541  +1.1959901457      4899  +1.1960449219  +5.478e-05
   542  +1.1970949867      4903  +1.1970214844  -7.350e-05
   543  +1.1981988090      4908  +1.1982421875  +4.338e-05
   544  +1.1993016153      4912  +1.1992187500  -8.287e-05
   545  +1.2004034084      4917  +1.2004394531  +3.604e-05
   546  +1.2015041913      4921  +1.2014160156  -8.818e-05
   547  +1.2026039665      4926  +1.2026367188  +3.275e-05
   548  +1.2037027369      4930  +1.2036132812  -8.946e-05
   549  +1.2048005052      4935  +1.2048339844  +3.348e-05
   550  +1.2058972743      4939  +1.2058105469  -8.673e-05
   551  +1.2069930466      4944  +1.2070312500  +3.820e-05
   552  +1.2080878251      4948  +1.2080078125  -8.001e-05
   553  +1.2091816124      4953  +1.2092285156  +4.690e-05
   554  +1.2102744112      4957  +1.2102050781  -6.933e-05
   555  +1.2113662242      4962  +1.2114257812  +5.956e-05
   556  +1.2124570540      4966  +1.2124023438  -5.471e-05
   557  +1.2135469032      4971  +1.2136230469  +7.614e-05
   558  +1.2146357746      4975  +1.2145996094  -3.617e-05
   559  +1.2157236707      4980  +1.2158203125  +9.664e-05
   560  +1.2168105942      4984  +1.2167968750  -1.372e-05
   561  +1.2178965476      4989  +1.2180175781  +1.210e-04
   562  +1.2189815337      4993  +1.2189941406  +1.261e-05
   563  +1.2200655548      4997  +1.2199707031  -9.485e-05
   564  +1.2211486136      5002  +1.2211914062  +4.279e-05
   565  +1.2222307128      5006  +1.2221679688  -6.274e-05
   566  +1.2233118547      5011  +1.2233886719  +7.682e-05
   567  +1.2243920420      5015  +1.2243652344  -2.681e-05
   568  +1.2254712771      5020  +1.2255859375  +1.147e-04
   569  +1.2265495627      5024  +1.2265625000  +1.294e-05
   570  +1.2276269011      5028  +1.2275390625  -8.784e-05
   571  +1.2287032949      5033  +1.2287597656  +5.647e-05
   572  +1.2297787466      5037  +1.2297363281  -4.242e-05
   573  +1.2308532586      5042  +1.2309570312  +1.038e-04
   574  +1.2319268333      5046  +1.2319335938  +6.760e-06
   575  +1.2329994734      5050  +1.2329101562  -8.932e-05
   576  +1.2340711811      5055  +1.2341308594  +5.968e-05
   577  +1.2351419589      5059  +1.2351074219  -3.454e-05
   578  +1.2362118092      5064  +1.2363281250  +1.163e-04
   579  +1.2372807344      5068  +1.2373046875  +2.395e-05
   580  +1.2383487370      5072  +1.2382812500  -6.749e-05
   581  +1.2394158192      5077  +1.2395019531  +8.613e-05
   582  +1.2404819836      5081  +1.2404785156  -3.468e-06
   583  +1.2415472324      5085  +1.2414550781  -9.215e-05
   584  +1.2426115680      5090  +1.2426757812  +6.421e-05
   585  +1.2436749927      5094  +1.2436523438  -2.265e-05
   586  +1.2447375089      5098  +1.2446289062  -1.086e-04
   587  +1.2457991189      5103  +1.2458496094  +5.049e-05
   588  +1.2468598250      5107  +1.2468261719  -3.365e-05
   589  +1.2479196296      5111  +1.2478027344  -1.169e-04
   590  +1.2489785348      5116  +1.2490234375  +4.490e-05
   591  +1.2500365431      5120  +1.2500000000  -3.654e-05
   592  +1.2510936567      5124  +1.2509765625  -1.171e-04
   593  +1.2521498777      5129  +1.2521972656  +4.739e-05
   594  +1.2532052086      5133  +1.2531738281  -3.138e-05
   595  +1.2542596516      5137  +1.2541503906  -1.093e-04
   596  +1.2553132088      5142  +1.2553710938  +5.788e-05
   597  +1.2563658825      5146  +1.2563476562  -1.823e-05
   598  +1.2574176750      5150  +1.2573242188  -9.346e-05
   599  +1.2584685884      5155  +1.2585449219  +7.633e-05
   600  +1.2595186250      5159  +1.2595214844  +2.859e-06
   601  +1.2605677868      5163  +1.2604980469  -6.974e-05
   602  +1.2616160762      5168  +1.2617187500  +1.027e-04
   603  +1.2626634953      5172  +1.2626953125  +3.182e-05
   604  +1.2637100463      5176  +1.2636718750  -3.817e-05
   605  +1.2647557312      5180  +1.2646484375  -1.073e-04
   606  +1.2658005523      5185  +1.2658691406  +6.859e-05
   607  +1.2668445117      5189  +1.2668457031  +1.191e-06
   608  +1.2678876115      5193  +1.2678222656  -6.535e-05
   609  +1.2689298539      5198  +1.2690429688  +1.131e-04
   610  +1.2699712409      5202  +1.2700195312  +4.829e-05
   611  +1.2710117747      5206  +1.2709960938  -1.568e-05
   612  +1.2720514573      5210  +1.2719726562  -7.880e-05
   613  +1.2730902908      5215  +1.2731933594  +1.031e-04
   614  +1.2741282774      5219  +1.2741699219  +4.164e-05
   615  +1.2751654190      5223  +1.2751464844  -1.893e-05
   616  +1.2762017177      5227  +1.2761230469  -7.867e-05
   617  +1.2772371757      5232  +1.2773437500  +1.066e-04
   618  +1.2782717949      5236  +1.2783203125  +4.852e-05
   619  +1.2793055773      5240  +1.2792968750  -8.702e-06
   620  +1.2803385251      5244  +1.2802734375  -6.509e-05
   621  +1.2813706401      5248  +1.2812500000  -1.206e-04
   622  +1.2824019245      5253  +1.2824707031  +6.878e-05
   623  +1.2834323802      5257  +1.2834472656  +1.489e-05
   624  +1.2844620093      5261  +1.2844238281  -3.818e-05
   625  +1.2854908136      5265  +1.2854003906  -9.042e-05
   626  +1.2865187952      5270  +1.2866210938  +1.023e-04
   627  +1.2875459561      5274  +1.2875976562  +5.170e-05
   628  +1.2885722982      5278  +1.2885742188  +1.921e-06
   629  +1.2895978235      5282  +1.2895507812  -4.704e-05
   630  +1.2906225339      5286  +1.2905273438  -9.519e-05
   631  +1.2916464313      5291  +1.2917480469  +1.016e-04
   632  +1.2926695178      5295  +1.2927246094  +5.509e-05
   633  +1.2936917951      5299  +1.2937011719  +9.377e-06
   634  +1.2947132653      5303  +1.2946777344  -3.553e-05
   635  +1.2957339302      5307  +1.2956542969  -7.963e-05
   636  +1.2967537918      5312  +1.2968750000  +1.212e-04
   637  +1.2977728519      5316  +1.2978515625  +7.871e-05
   638  +1.2987911125      5320  +1.2988281250  +3.701e-05
   639  +1.2998085753      5324  +1.2998046875  -3.888e-06
   640  +1.3008252423      5328  +1.3007812500  -4.399e-05
   641  +1.3018411154      5332  +1.3017578125  -8.330e-05
   642  +1.3028561963      5336  +1.3027343750  -1.218e-04
   643  +1.3038704870      5341  +1.3039550781  +8.459e-05
   644  +1.3048839893      5345  +1.3049316406  +4.765e-05
   645  +1.3058967050      5349  +1.3059082031  +1.150e-05
   646  +1.3069086359      5353  +1.3068847656  -2.387e-05
   647  +1.3079197840      5357  +1.3078613281  -5.846e-05
   648  +1.3089301509      5361  +1.3088378906  -9.226e-05
   649  +1.3099397385      5366  +1.3100585938  +1.189e-04
   650  +1.3109485486      5370  +1.3110351562  +8.661e-05
   651  +1.3119565830      5374  +1.3120117188  +5.514e-05
   652  +1.3129638435      5378  +1.3129882812  +2.444e-05
   653  +1.3139703319      5382  +1.3139648438  -5.488e-06
   654  +1.3149760498      5386  +1.3149414062  -3.464e-05
   655  +1.3159809992      5390  +1.3159179688  -6.303e-05
   656  +1.3169851817      5394  +1.3168945312  -9.065e-05
   657  +1.3179885991      5398  +1.3178710938  -1.175e-04
   658  +1.3189912532      5403  +1.3190917969  +1.005e-04
   659  +1.3199931457      5407  +1.3200683594  +7.521e-05
   660  +1.3209942783      5411  +1.3210449219  +5.064e-05
   661  +1.3219946527      5415  +1.3220214844  +2.683e-05
   662  +1.3229942708      5419  +1.3229980469  +3.776e-06
   663  +1.3239931341      5423  +1.3239746094  -1.852e-05
   664  +1.3249912444      5427  +1.3249511719  -4.007e-05
   665  +1.3259886034      5431  +1.3259277344  -6.087e-05
   666  +1.3269852128      5435  +1.3269042969  -8.092e-05
   667  +1.3279810742      5439  +1.3278808594  -1.002e-04
   668  +1.3289761895      5443  +1.3288574219  -1.188e-04
   669  +1.3299705601      5448  +1.3300781250  +1.076e-04
   670  +1.3309641879      5452  +1.3310546875  +9.050e-05
   671  +1.3319570744      5456  +1.3320312500  +7.418e-05
   672  +1.3329492213      5460  +1.3330078125  +5.859e-05
   673  +1.3339406303      5464  +1.3339843750  +4.374e-05
   674  +1.3349313030      5468  +1.3349609375  +2.963e-05
   675  +1.3359212411      5472  +1.3359375000  +1.626e-05
   676  +1.3369104462      5476  +1.3369140625  +3.616e-06
   677  +1.3378989198      5480  +1.3378906250  -8.295e-06
   678  +1.3388866637      5484  +1.3388671875  -1.948e-05
   679  +1.3398736794      5488  +1.3398437500  -2.993e-05
   680  +1.3408599686      5492  +1.3408203125  -3.966e-05
   681  +1.3418455329      5496  +1.3417968750  -4.866e-05
   682  +1.3428303738      5500  +1.3427734375  -5.694e-05
   683  +1.3438144929      5504  +1.3437500000  -6.449e-05
   684  +1.3447978918      5508  +1.3447265625  -7.133e-05
   685  +1.3457805722      5512  +1.3457031250  -7.745e-05
   686  +1.3467625355      5516  +1.3466796875  -8.285e-05
   687  +1.3477437834      5520  +1.3476562500  -8.753e-05
   688  +1.3487243174      5524  +1.3486328125  -9.150e-05
   689  +1.3497041391      5528  +1.3496093750  -9.476e-05
   690  +1.3506832499      5532  +1.3505859375  -9.731e-05
   691  +1.3516616515      5536  +1.3515625000  -9.915e-05
   692  +1.3526393454      5540  +1.3525390625  -1.003e-04
   693  +1.3536163332      5544  +1.3535156250  -1.007e-04
   694  +1.3545926163      5548  +1.3544921875  -1.004e-04
   695  +1.3555681962      5552  +1.3554687500  -9.945e-05
   696  +1.3565430746      5556  +1.3564453125  -9.776e-05
   697  +1.3575172529      5560  +1.3574218750  -9.538e-05
   698  +1.3584907326      5564  +1.3583984375  -9.230e-05
   699  +1.3594635152      5568  +1.3593750000  -8.852e-05
   700  +1.3604356022      5572  +1.3603515625  -8.404e-05
   701  +1.3614069951      5576  +1.3613281250  -7.887e-05
   702  +1.3623776954      5580  +1.3623046875  -7.301e-05
   703  +1.3633477046      5584  +1.3632812500  -6.645e-05
   704  +1.3643170241      5588  +1.3642578125  -5.921e-05
   705  +1.3652856554      5592  +1.3652343750  -5.128e-05
   706  +1.3662535999      5596  +1.3662109375  -4.266e-05
   707  +1.3672208593      5600  +1.3671875000  -3.336e-05
   708  +1.3681874347      5604  +1.3681640625  -2.337e-05
   709  +1.3691533279      5608  +1.3691406250  -1.270e-05
   710  +1.3701185401      5612  +1.3701171875  -1.353e-06
   711  +1.3710830728      5616  +1.3710937500  +1.068e-05
   712  +1.3720469274      5620  +1.3720703125  +2.339e-05
   713  +1.3730101054      5624  +1.3730468750  +3.677e-05
   714  +1.3739726083      5628  +1.3740234375  +5.083e-05
   715  +1.3749344373      5632  +1.3750000000  +6.556e-05
   716  +1.3758955940      5636  +1.3759765625  +8.097e-05
   717  +1.3768560797      5640  +1.3769531250  +9.705e-05
   718  +1.3778158958      5644  +1.3779296875  +1.138e-04
   719  +1.3787750438      5647  +1.3786621094  -1.129e-04
   720  +1.3797335250      5651  +1.3796386719  -9.485e-05
   721  +1.3806913408      5655  +1.3806152344  -7.611e-05
   722  +1.3816484926      5659  +1.3815917969  -5.670e-05
   723  +1.3826049818      5663  +1.3825683594  -3.662e-05
   724  +1.3835608098      5667  +1.3835449219  -1.589e-05
   725  +1.3845159779      5671  +1.3845214844  +5.507e-06
   726  +1.3854704874      5675  +1.3854980469  +2.756e-05
   727  +1.3864243399      5679  +1.3864746094  +5.027e-05
   728  +1.3873775365      5683  +1.3874511719  +7.364e-05
   729  +1.3883300787      5687  +1.3884277344  +9.766e-05
   730  +1.3892819678      5690  +1.3891601562  -1.218e-04
   731  +1.3902332051      5694  +1.3901367188  -9.649e-05
   732  +1.3911837920      5698  +1.3911132812  -7.051e-05
   733  +1.3921337299      5702  +1.3920898438  -4.389e-05
   734  +1.3930830200      5706  +1.3930664062  -1.661e-05
   735  +1.3940316636      5710  +1.3940429688  +1.131e-05
   736  +1.3949796621      5714  +1.3950195312  +3.987e-05
   737  +1.3959270168      5718  +1.3959960938  +6.908e-05
   738  +1.3968737291      5722  +1.3969726562  +9.893e-05
   739  +1.3978198001      5725  +1.3977050781  -1.147e-04
   740  +1.3987652312      5729  +1.3986816406  -8.359e-05
   741  +1.3997100238      5733  +1.3996582031  -5.182e-05
   742  +1.4006541791      5737  +1.4006347656  -1.941e-05
   743  +1.4015976983      5741  +1.4016113281  +1.363e-05
   744  +1.4025405829      5745  +1.4025878906  +4.731e-05
   745  +1.4034828340      5749  +1.4035644531  +8.162e-05
   746  +1.4044244529      5753  +1.4045410156  +1.166e-04
   747  +1.4053654409      5756  +1.4052734375  -9.200e-05
   748  +1.4063057993      5760  +1.4062500000  -5.580e-05
   749  +1.4072455293      5764  +1.4072265625  -1.897e-05
   750  +1.4081846322      5768  +1.4082031250  +1.849e-05
   751  +1.4091231092      5772  +1.4091796875  +5.658e-05
   752  +1.4100609616      5776  +1.4101562500  +9.529e-05
   753  +1.4109981907      5779  +1.4108886719  -1.095e-04
   754  +1.4119347976      5783  +1.4118652344  -6.956e-05
   755  +1.4128707837      5787  +1.4128417969  -2.899e-05
   756  +1.4138061500      5791  +1.4138183594  +1.221e-05
   757  +1.4147408980      5795  +1.4147949219  +5.402e-05
   758  +1.4156750288      5799  +1.4157714844  +9.646e-05
   759  +1.4166085436      5802  +1.4165039062  -1.046e-04
   760  +1.4175414436      5806  +1.4174804688  -6.097e-05
   761  +1.4184737301      5810  +1.4184570312  -1.670e-05
   762  +1.4194054042      5814  +1.4194335938  +2.819e-05
   763  +1.4203364672      5818  +1.4204101562  +7.369e-05
   764  +1.4212669203      5822  +1.4213867188  +1.198e-04
   765  +1.4221967647      5825  +1.4221191406  -7.762e-05
   766  +1.4231260015      5829  +1.4230957031  -3.030e-05
   767  +1.4240546319      5833  +1.4240722656  +1.763e-05
   768  +1.4249826572      5837  +1.4250488281  +6.617e-05
   769  +1.4259100785      5841  +1.4260253906  +1.153e-04
   770  +1.4268368969      5844  +1.4267578125  -7.908e-05
   771  +1.4277631138      5848  +1.4277343750  -2.874e-05
   772  +1.4286887302      5852  +1.4287109375  +2.221e-05
   773  +1.4296137472      5856  +1.4296875000  +7.375e-05
   774  +1.4305381662      5859  +1.4304199219  -1.182e-04
   775  +1.4314619882      5863  +1.4313964844  -6.550e-05
   776  +1.4323852143      5867  +1.4323730469  -1.217e-05
   777  +1.4333078458      5871  +1.4333496094  +4.176e-05
   778  +1.4342298837      5875  +1.4343261719  +9.629e-05
   779  +1.4351513293      5878  +1.4350585938  -9.274e-05
   780  +1.4360721836      5882  +1.4360351562  -3.703e-05
   781  +1.4369924479      5886  +1.4370117188  +1.927e-05
   782  +1.4379121231      5890  +1.4379882812  +7.616e-05
   783  +1.4388312105      5893  +1.4387207031  -1.105e-04
   784  +1.4397497112      5897  +1.4396972656  -5.245e-05
   785  +1.4406676264      5901  +1.4406738281  +6.202e-06
   786  +1.4415849570      5905  +1.4416503906  +6.543e-05
   787  +1.4425017043      5908  +1.4423828125  -1.189e-04
   788  +1.4434178693      5912  +1.4433593750  -5.849e-05
   789  +1.4443334532      5916  +1.4443359375  +2.484e-06
   790  +1.4452484571      5920  +1.4453125000  +6.404e-05
   791  +1.4461628820      5923  +1.4460449219  -1.180e-04
   792  +1.4470767291      5927  +1.4470214844  -5.524e-05
   793  +1.4479899995      5931  +1.4479980469  +8.047e-06
   794  +1.4489026942      5935  +1.4489746094  +7.192e-05
   795  +1.4498148143      5938  +1.4497070312  -1.078e-04
   796  +1.4507263610      5942  +1.4506835938  -4.277e-05
   797  +1.4516373352      5946  +1.4516601562  +2.282e-05
   798  +1.4525477381      5950  +1.4526367188  +8.898e-05
   799  +1.4534575708      5953  +1.4533691406  -8.843e-05
   800  +1.4543668343      5957  +1.4543457031  -2.113e-05
   801  +1.4552755297      5961  +1.4553222656  +4.674e-05
   802  +1.4561836581      5965  +1.4562988281  +1.152e-04
   803  +1.4570912204      5968  +1.4570312500  -5.997e-05
   804  +1.4579982178      5972  +1.4580078125  +9.595e-06
   805  +1.4589046514      5976  +1.4589843750  +7.972e-05
   806  +1.4598105221      5979  +1.4597167969  -9.373e-05
   807  +1.4607158310      5983  +1.4606933594  -2.247e-05
   808  +1.4616205793      5987  +1.4616699219  +4.934e-05
   809  +1.4625247678      5991  +1.4626464844  +1.217e-04
   810  +1.4634283976      5994  +1.4633789062  -4.949e-05
   811  +1.4643314698      5998  +1.4643554688  +2.400e-05
   812  +1.4652339855      6002  +1.4653320312  +9.805e-05
   813  +1.4661359455      6005  +1.4660644531  -7.149e-05
   814  +1.4670373510      6009  +1.4670410156  +3.665e-06
   815  +1.4679382030      6013  +1.4680175781  +7.938e-05
   816  +1.4688385026      6016  +1.4687500000  -8.850e-05
   817  +1.4697382506      6020  +1.4697265625  -1.169e-05
   818  +1.4706374481      6024  +1.4707031250  +6.568e-05
   819  +1.4715360962      6027  +1.4714355469  -1.005e-04
   820  +1.4724341958      6031  +1.4724121094  -2.209e-05
   821  +1.4733317480      6035  +1.4733886719  +5.692e-05
   822  +1.4742287537      6038  +1.4741210938  -1.077e-04
   823  +1.4751252140      6042  +1.4750976562  -2.756e-05
   824  +1.4760211297      6046  +1.4760742188  +5.309e-05
   825  +1.4769165021      6049  +1.4768066406  -1.099e-04
   826  +1.4778113319      6053  +1.4777832031  -2.813e-05
   827  +1.4787056202      6057  +1.4787597656  +5.415e-05
   828  +1.4795993680      6060  +1.4794921875  -1.072e-04
   829  +1.4804925763      6064  +1.4804687500  -2.383e-05
   830  +1.4813852460      6068  +1.4814453125  +6.007e-05
   831  +1.4822773781      6071  +1.4821777344  -9.964e-05
   832  +1.4831689736      6075  +1.4831542969  -1.468e-05
   833  +1.4840600335      6079  +1.4841308594  +7.083e-05
   834  +1.4849505586      6082  +1.4848632812  -8.728e-05
   835  +1.4858405501      6086  +1.4858398438  -7.063e-07
   836  +1.4867300087      6090  +1.4868164062  +8.640e-05
   837  +1.4876189355      6093  +1.4875488281  -7.011e-05
   838  +1.4885073315      6097  +1.4885253906  +1.806e-05
   839  +1.4893951976      6101  +1.4895019531  +1.068e-04
   840  +1.4902825347      6104  +1.4902343750  -4.816e-05
   841  +1.4911693438      6108  +1.4912109375  +4.159e-05
   842  +1.4920556258      6111  +1.4919433594  -1.123e-04
   843  +1.4929413817      6115  +1.4929199219  -2.146e-05
   844  +1.4938266123      6119  +1.4938964844  +6.987e-05
   845  +1.4947113187      6122  +1.4946289062  -8.241e-05
   846  +1.4955955018      6126  +1.4956054688  +9.967e-06
   847  +1.4964791624      6130  +1.4965820312  +1.029e-04
   848  +1.4973623016      6133  +1.4973144531  -4.785e-05
   849  +1.4982449201      6137  +1.4982910156  +4.610e-05
   850  +1.4991270191      6140  +1.4990234375  -1.036e-04
   851  +1.5000085993      6144  +1.5000000000  -8.599e-06
   852  +1.5008896617      6148  +1.5009765625  +8.690e-05
   853  +1.5017702072      6151  +1.5017089844  -6.122e-05
   854  +1.5026502367      6155  +1.5026855469  +3.531e-05
   855  +1.5035297511      6158  +1.5034179688  -1.118e-04
   856  +1.5044087513      6162  +1.5043945312  -1.422e-05
   857  +1.5052872382      6166  +1.5053710938  +8.386e-05
   858  +1.5061652128      6169  +1.5061035156  -6.170e-05
   859  +1.5070426759      6173  +1.5070800781  +3.740e-05
   860  +1.5079196283      6176  +1.5078125000  -1.071e-04
   861  +1.5087960711      6180  +1.5087890625  -7.009e-06
   862  +1.5096720050      6184  +1.5097656250  +9.362e-05
   863  +1.5105474310      6187  +1.5104980469  -4.938e-05
   864  +1.5114223499      6191  +1.5114746094  +5.226e-05
   865  +1.5122967627      6194  +1.5122070312  -8.973e-05
   866  +1.5131706702      6198  +1.5131835938  +1.292e-05
   867  +1.5140440732      6202  +1.5141601562  +1.161e-04
   868  +1.5149169728      6205  +1.5148925781  -2.439e-05
   869  +1.5157893696      6209  +1.5158691406  +7.977e-05
   870  +1.5166612646      6212  +1.5166015625  -5.970e-05
   871  +1.5175326587      6216  +1.5175781250  +4.547e-05
   872  +1.5184035527      6219  +1.5183105469  -9.301e-05
   873  +1.5192739475      6223  +1.5192871094  +1.316e-05
   874  +1.5201438439      6227  +1.5202636719  +1.198e-04
   875  +1.5210132428      6230  +1.5209960938  -1.715e-05
   876  +1.5218821450      6234  +1.5219726562  +9.051e-05
   877  +1.5227505514      6237  +1.5227050781  -4.547e-05
   878  +1.5236184629      6241  +1.5236816406  +6.318e-05
   879  +1.5244858802      6244  +1.5244140625  -7.182e-05
   880  +1.5253528043      6248  +1.5253906250  +3.782e-05
   881  +1.5262192360      6251  +1.5261230469  -9.619e-05
   882  +1.5270851760      6255  +1.5270996094  +1.443e-05
   883  +1.5279506254      6258  +1.5278320312  -1.186e-04
   884  +1.5288155847      6262  +1.5288085938  -6.991e-06
   885  +1.5296800550      6266  +1.5297851562  +1.051e-04
   886  +1.5305440370      6269  +1.5305175781  -2.646e-05
   887  +1.5314075316      6273  +1.5314941406  +8.661e-05
   888  +1.5322705396      6276  +1.5322265625  -4.398e-05
   889  +1.5331330618      6280  +1.5332031250  +7.006e-05
   890  +1.5339950990      6283  +1.5339355469  -5.955e-05
   891  +1.5348566521      6287  +1.5349121094  +5.546e-05
   892  +1.5357177218      6290  +1.5356445312  -7.319e-05
   893  +1.5365783090      6294  +1.5366210938  +4.278e-05
   894  +1.5374384145      6297  +1.5373535156  -8.490e-05
   895  +1.5382980390      6301  +1.5383300781  +3.204e-05
   896  +1.5391571835      6304  +1.5390625000  -9.468e-05
   897  +1.5400158486      6308  +1.5400390625  +2.321e-05
   898  +1.5408740353      6311  +1.5407714844  -1.026e-04
   899  +1.5417317443      6315  +1.5417480469  +1.630e-05
   900  +1.5425889763      6318  +1.5424804688  -1.085e-04
   901  +1.5434457323      6322  +1.5434570312  +1.130e-05
   902  +1.5443020129      6325  +1.5441894531  -1.126e-04
   903  +1.5451578190      6329  +1.5451660156  +8.197e-06
   904  +1.5460131514      6332  +1.5458984375  -1.147e-04
   905  +1.5468680108      6336  +1.5468750000  +6.989e-06
   906  +1.5477223981      6339  +1.5476074219  -1.150e-04
   907  +1.5485763140      6343  +1.5485839844  +7.670e-06
   908  +1.5494297592      6346  +1.5493164062  -1.134e-04
   909  +1.5502827347      6350  +1.5502929688  +1.023e-05
   910  +1.5511352410      6353  +1.5510253906  -1.099e-04
   911  +1.5519872791      6357  +1.5520019531  +1.467e-05
   912  +1.5528388497      6360  +1.5527343750  -1.045e-04
   913  +1.5536899536      6364  +1.5537109375  +2.098e-05
   914  +1.5545405914      6367  +1.5544433594  -9.723e-05
   915  +1.5553907641      6371  +1.5554199219  +2.916e-05
   916  +1.5562404723      6374  +1.5561523438  -8.813e-05
   917  +1.5570897168      6378  +1.5571289062  +3.919e-05
   918  +1.5579384984      6381  +1.5578613281  -7.717e-05
   919  +1.5587868179      6385  +1.5588378906  +5.107e-05
   920  +1.5596346759      6388  +1.5595703125  -6.436e-05
   921  +1.5604820732      6392  +1.5605468750  +6.480e-05
   922  +1.5613290106      6395  +1.5612792969  -4.971e-05
   923  +1.5621754888      6399  +1.5622558594  +8.037e-05
   924  +1.5630215087      6402  +1.5629882812  -3.323e-05
   925  +1.5638670708      6406  +1.5639648438  +9.777e-05
   926  +1.5647121760      6409  +1.5646972656  -1.491e-05
   927  +1.5655568250      6413  +1.5656738281  +1.170e-04
   928  +1.5664010186      6416  +1.5664062500  +5.231e-06
   929  +1.5672447574      6419  +1.5671386719  -1.061e-04
   930  +1.5680880422      6423  +1.5681152344  +2.719e-05
   931  +1.5689308738      6426  +1.5688476562  -8.322e-05
   932  +1.5697732529      6430  +1.5698242188  +5.097e-05
   933  +1.5706151801      6433  +1.5705566406  -5.854e-05
   934  +1.5714566563      6437  +1.5715332031  +7.655e-05
   935  +1.5722976821      6440  +1.5722656250  -3.206e-05
   936  +1.5731382584      6444  +1.5732421875  +1.039e-04
   937  +1.5739783857      6447  +1.5739746094  -3.776e-06
   938  +1.5748180648      6450  +1.5747070312  -1.110e-04
   939  +1.5756572964      6454  +1.5756835938  +2.630e-05
   940  +1.5764960813      6457  +1.5764160156  -8.007e-05
   941  +1.5773344201      6461  +1.5773925781  +5.816e-05
   942  +1.5781723136      6464  +1.5781250000  -4.731e-05
   943  +1.5790097625      6468  +1.5791015625  +9.180e-05
   944  +1.5798467675      6471  +1.5798339844  -1.278e-05
   945  +1.5806833293      6474  +1.5805664062  -1.169e-04
   946  +1.5815194485      6478  +1.5815429688  +2.352e-05
   947  +1.5823551259      6481  +1.5822753906  -7.974e-05
   948  +1.5831903623      6485  +1.5832519531  +6.159e-05
   949  +1.5840251582      6488  +1.5839843750  -4.078e-05
   950  +1.5848595144      6492  +1.5849609375  +1.014e-04
   951  +1.5856934316      6495  +1.5856933594  -7.224e-08
   952  +1.5865269105      6498  +1.5864257812  -1.011e-04
   953  +1.5873599517      6502  +1.5874023438  +4.239e-05
   954  +1.5881925560      6505  +1.5881347656  -5.779e-05
   955  +1.5890247240      6509  +1.5891113281  +8.660e-05
   956  +1.5898564564      6512  +1.5898437500  -1.271e-05
   957  +1.5906877540      6515  +1.5905761719  -1.116e-04
   958  +1.5915186173      6519  +1.5915527344  +3.412e-05
   959  +1.5923490471      6522  +1.5922851562  -6.389e-05
   960  +1.5931790441      6526  +1.5932617188  +8.267e-05
   961  +1.5940086089      6529  +1.5939941406  -1.447e-05
   962  +1.5948377421      6532  +1.5947265625  -1.112e-04
   963  +1.5956664446      6536  +1.5957031250  +3.668e-05
   964  +1.5964947169      6539  +1.5964355469  -5.917e-05
   965  +1.5973225597      6543  +1.5974121094  +8.955e-05
   966  +1.5981499736      6546  +1.5981445312  -5.442e-06
   967  +1.5989769594      6549  +1.5988769531  -1.000e-04
   968  +1.5998035178      6553  +1.5998535156  +5.000e-05
   969  +1.6006296493      6556  +1.6005859375  -4.371e-05
   970  +1.6014553546      6560  +1.6015625000  +1.071e-04
   971  +1.6022806344      6563  +1.6022949219  +1.429e-05
   972  +1.6031054893      6566  +1.6030273438  -7.815e-05
   973  +1.6039299201      6570  +1.6040039062  +7.399e-05
   974  +1.6047539273      6573  +1.6047363281  -1.760e-05
   975  +1.6055775116      6576  +1.6054687500  -1.088e-04
   976  +1.6064006737      6580  +1.6064453125  +4.464e-05
   977  +1.6072234141      6583  +1.6071777344  -4.568e-05
   978  +1.6080457337      6587  +1.6081542969  +1.086e-04
   979  +1.6088676329      6590  +1.6088867188  +1.909e-05
   980  +1.6096891125      6593  +1.6096191406  -6.997e-05
   981  +1.6105101730      6597  +1.6105957031  +8.553e-05
   982  +1.6113308152      6600  +1.6113281250  -2.690e-06
   983  +1.6121510396      6603  +1.6120605469  -9.049e-05
   984  +1.6129708470      6607  +1.6130371094  +6.626e-05
   985  +1.6137902379      6610  +1.6137695312  -2.071e-05
   986  +1.6146092129      6613  +1.6145019531  -1.073e-04
   987  +1.6154277728      6617  +1.6154785156  +5.074e-05
   988  +1.6162459181      6620  +1.6162109375  -3.498e-05
   989  +1.6170636494      6623  +1.6169433594  -1.203e-04
   990  +1.6178809675      6627  +1.6179199219  +3.895e-05
   991  +1.6186978728      6630  +1.6186523438  -4.553e-05
   992  +1.6195143661      6634  +1.6196289062  +1.145e-04
   993  +1.6203304480      6637  +1.6203613281  +3.088e-05
   994  +1.6211461191      6640  +1.6210937500  -5.237e-05
   995  +1.6219613799      6644  +1.6220703125  +1.089e-04
   996  +1.6227762312      6647  +1.6228027344  +2.650e-05
   997  +1.6235906735      6650  +1.6235351562  -5.552e-05
   998  +1.6244047075      6654  +1.6245117188  +1.070e-04
   999  +1.6252183338      6657  +1.6252441406  +2.581e-05
  1000  +1.6260315529      6660  +1.6259765625  -5.499e-05
  1001  +1.6268443655      6664  +1.6269531250  +1.088e-04
  1002  +1.6276567722      6667  +1.6276855469  +2.877e-05
  1003  +1.6284687737      6670  +1.6284179688  -5.080e-05
  1004  +1.6292803704      6674  +1.6293945312  +1.142e-04
  1005  +1.6300915631      6677  +1.6301269531  +3.539e-05
  1006  +1.6309023523      6680  +1.6308593750  -4.298e-05
  1007  +1.6317127386      6683  +1.6315917969  -1.209e-04
  1008  +1.6325227226      6687  +1.6325683594  +4.564e-05
  1009  +1.6333323050      6690  +1.6333007812  -3.152e-05
  1010  +1.6341414863      6693  +1.6340332031  -1.083e-04
  1011  +1.6349502670      6697  +1.6350097656  +5.950e-05
  1012  +1.6357586479      6700  +1.6357421875  -1.646e-05
  1013  +1.6365666295      6703  +1.6364746094  -9.202e-05
  1014  +1.6373742124      6707  +1.6374511719  +7.696e-05
  1015  +1.6381813972      6710  +1.6381835938  +2.197e-06
  1016  +1.6389881845      6713  +1.6389160156  -7.217e-05
  1017  +1.6397945748      6717  +1.6398925781  +9.800e-05
  1018  +1.6406005687      6720  +1.6406250000  +2.443e-05
  1019  +1.6414061669      6723  +1.6413574219  -4.874e-05
  1020  +1.6422113698      6726  +1.6420898438  -1.215e-04
  1021  +1.6430161782      6730  +1.6430664062  +5.023e-05
  1022  +1.6438205925      6733  +1.6437988281  -2.176e-05
  1023  +1.6446246134      6736  +1.6445312500  -9.336e-05
  1024  +1.6454282414      6740  +1.6455078125  +7.957e-05
  1025  +1.6462314771      6743  +1.6462402344  +8.757e-06
  1026  +1.6470343211      6746  +1.6469726562  -6.166e-05
  1027  +1.6478367739      6750  +1.6479492188  +1.124e-04
  1028  +1.6486388362      6753  +1.6486816406  +4.280e-05
  1029  +1.6494405084      6756  +1.6494140625  -2.645e-05
  1030  +1.6502417912      6759  +1.6501464844  -9.531e-05
  1031  +1.6510426851      6763  +1.6511230469  +8.036e-05
  1032  +1.6518431907      6766  +1.6518554688  +1.228e-05
  1033  +1.6526433085      6769  +1.6525878906  -5.542e-05
  1034  +1.6534430392      6773  +1.6535644531  +1.214e-04
  1035  +1.6542423832      6776  +1.6542968750  +5.449e-05
  1036  +1.6550413412      6779  +1.6550292969  -1.204e-05
  1037  +1.6558399136      6782  +1.6557617188  -7.819e-05
  1038  +1.6566381012      6786  +1.6567382812  +1.002e-04
  1039  +1.6574359043      6789  +1.6574707031  +3.480e-05
  1040  +1.6582333236      6792  +1.6582031250  -3.020e-05
  1041  +1.6590303596      6795  +1.6589355469  -9.481e-05
  1042  +1.6598270129      6799  +1.6599121094  +8.510e-05
  1043  +1.6606232840      6802  +1.6606445312  +2.125e-05
  1044  +1.6614191734      6805  +1.6613769531  -4.222e-05
  1045  +1.6622146818      6808  +1.6621093750  -1.053e-04
  1046  +1.6630098097      6812  +1.6630859375  +7.613e-05
  1047  +1.6638045575      6815  +1.6638183594  +1.380e-05
  1048  +1.6645989260      6818  +1.6645507812  -4.814e-05
  1049  +1.6653929155      6821  +1.6652832031  -1.097e-04
  1050  +1.6661865266      6825  +1.6662597656  +7.324e-05
  1051  +1.6669797600      6828  +1.6669921875  +1.243e-05
  1052  +1.6677726160      6831  +1.6677246094  -4.801e-05
  1053  +1.6685650953      6834  +1.6684570312  -1.081e-04
  1054  +1.6693571984      6838  +1.6694335938  +7.640e-05
  1055  +1.6701489259      6841  +1.6701660156  +1.709e-05
  1056  +1.6709402782      6844  +1.6708984375  -4.184e-05
  1057  +1.6717312559      6847  +1.6716308594  -1.004e-04
  1058  +1.6725218595      6851  +1.6726074219  +8.556e-05
  1059  +1.6733120896      6854  +1.6733398438  +2.775e-05
  1060  +1.6741019466      6857  +1.6740722656  -2.968e-05
  1061  +1.6748914312      6860  +1.6748046875  -8.674e-05
  1062  +1.6756805438      6864  +1.6757812500  +1.007e-04
  1063  +1.6764692850      6867  +1.6765136719  +4.439e-05
  1064  +1.6772576553      6870  +1.6772460938  -1.156e-05
  1065  +1.6780456551      6873  +1.6779785156  -6.714e-05
  1066  +1.6788332851      6877  +1.6789550781  +1.218e-04
  1067  +1.6796205458      6880  +1.6796875000  +6.695e-05
  1068  +1.6804074377      6883  +1.6804199219  +1.248e-05
  1069  +1.6811939612      6886  +1.6811523438  -4.162e-05
  1070  +1.6819801169      6889  +1.6818847656  -9.535e-05
  1071  +1.6827659054      6893  +1.6828613281  +9.542e-05
  1072  +1.6835513271      6896  +1.6835937500  +4.242e-05
  1073  +1.6843363826      6899  +1.6843261719  -1.021e-05
  1074  +1.6851210723      6902  +1.6850585938  -6.248e-05
  1075  +1.6859053968      6905  +1.6857910156  -1.144e-04
  1076  +1.6866893565      6909  +1.6867675781  +7.822e-05
  1077  +1.6874729521      6912  +1.6875000000  +2.705e-05
  1078  +1.6882561840      6915  +1.6882324219  -2.376e-05
  1079  +1.6890390526      6918  +1.6889648438  -7.421e-05
  1080  +1.6898215586      6922  +1.6899414062  +1.198e-04
  1081  +1.6906037024      6925  +1.6906738281  +7.013e-05
  1082  +1.6913854845      6928  +1.6914062500  +2.077e-05
  1083  +1.6921669054      6931  +1.6921386719  -2.823e-05
  1084  +1.6929479656      6934  +1.6928710938  -7.687e-05
  1085  +1.6937286657      6938  +1.6938476562  +1.190e-04
  1086  +1.6945090060      6941  +1.6945800781  +7.107e-05
  1087  +1.6952889872      6944  +1.6953125000  +2.351e-05
  1088  +1.6960686097      6947  +1.6960449219  -2.369e-05
  1089  +1.6968478740      6950  +1.6967773438  -7.053e-05
  1090  +1.6976267805      6953  +1.6975097656  -1.170e-04
  1091  +1.6984053299      6957  +1.6984863281  +8.100e-05
  1092  +1.6991835225      6960  +1.6992187500  +3.523e-05
  1093  +1.6999613589      6963  +1.6999511719  -1.019e-05
  1094  +1.7007388396      6966  +1.7006835938  -5.525e-05
  1095  +1.7015159650      6969  +1.7014160156  -9.995e-05
  1096  +1.7022927356      6973  +1.7023925781  +9.984e-05
  1097  +1.7030691519      6976  +1.7031250000  +5.585e-05
  1098  +1.7038452145      6979  +1.7038574219  +1.221e-05
  1099  +1.7046209237      6982  +1.7045898438  -3.108e-05
  1100  +1.7053962801      6985  +1.7053222656  -7.401e-05
  1101  +1.7061712841      6988  +1.7060546875  -1.166e-04
  1102  +1.7069459363      6992  +1.7070312500  +8.531e-05
  1103  +1.7077202370      6995  +1.7077636719  +4.343e-05
  1104  +1.7084941869      6998  +1.7084960938  +1.907e-06
  1105  +1.7092677863      7001  +1.7092285156  -3.927e-05
  1106  +1.7100410357      7004  +1.7099609375  -8.010e-05
  1107  +1.7108139356      7007  +1.7106933594  -1.206e-04
  1108  +1.7115864866      7011  +1.7116699219  +8.344e-05
  1109  +1.7123586889      7014  +1.7124023438  +4.365e-05
  1110  +1.7131305432      7017  +1.7131347656  +4.222e-06
  1111  +1.7139020499      7020  +1.7138671875  -3.486e-05
  1112  +1.7146732095      7023  +1.7145996094  -7.360e-05
  1113  +1.7154440224      7026  +1.7153320312  -1.120e-04
  1114  +1.7162144891      7030  +1.7163085938  +9.410e-05
  1115  +1.7169846101      7033  +1.7170410156  +5.641e-05
  1116  +1.7177543858      7036  +1.7177734375  +1.905e-05
  1117  +1.7185238167      7039  +1.7185058594  -1.796e-05
  1118  +1.7192929032      7042  +1.7192382812  -5.462e-05
  1119  +1.7200616459      7045  +1.7199707031  -9.094e-05
  1120  +1.7208300452      7049  +1.7209472656  +1.172e-04
  1121  +1.7215981015      7052  +1.7216796875  +8.159e-05
  1122  +1.7223658152      7055  +1.7224121094  +4.629e-05
  1123  +1.7231331870      7058  +1.7231445312  +1.134e-05
  1124  +1.7239002172      7061  +1.7238769531  -2.326e-05
  1125  +1.7246669062      7064  +1.7246093750  -5.753e-05
  1126  +1.7254332546      7067  +1.7253417969  -9.146e-05
  1127  +1.7261992627      7071  +1.7263183594  +1.191e-04
  1128  +1.7269649311      7074  +1.7270507812  +8.585e-05
  1129  +1.7277302601      7077  +1.7277832031  +5.294e-05
  1130  +1.7284952503      7080  +1.7285156250  +2.037e-05
  1131  +1.7292599021      7083  +1.7292480469  -1.186e-05
  1132  +1.7300242159      7086  +1.7299804688  -4.375e-05
  1133  +1.7307881922      7089  +1.7307128906  -7.530e-05
  1134  +1.7315518314      7092  +1.7314453125  -1.065e-04
  1135  +1.7323151340      7096  +1.7324218750  +1.067e-04
  1136  +1.7330781004      7099  +1.7331542969  +7.620e-05
  1137  +1.7338407311      7102  +1.7338867188  +4.599e-05
  1138  +1.7346030264      7105  +1.7346191406  +1.611e-05
  1139  +1.7353649869      7108  +1.7353515625  -1.342e-05
  1140  +1.7361266130      7111  +1.7360839844  -4.263e-05
  1141  +1.7368879052      7114  +1.7368164062  -7.150e-05
  1142  +1.7376488638      7117  +1.7375488281  -1.000e-04
  1143  +1.7384094893      7121  +1.7385253906  +1.159e-04
  1144  +1.7391697821      7124  +1.7392578125  +8.803e-05
  1145  +1.7399297427      7127  +1.7399902344  +6.049e-05
  1146  +1.7406893715      7130  +1.7407226562  +3.328e-05
  1147  +1.7414486690      7133  +1.7414550781  +6.409e-06
  1148  +1.7422076356      7136  +1.7421875000  -2.014e-05
  1149  +1.7429662716      7139  +1.7429199219  -4.635e-05
  1150  +1.7437245776      7142  +1.7436523438  -7.223e-05
  1151  +1.7444825540      7145  +1.7443847656  -9.779e-05
  1152  +1.7452402012      7149  +1.7453613281  +1.211e-04
  1153  +1.7459975196      7152  +1.7460937500  +9.623e-05
  1154  +1.7467545097      7155  +1.7468261719  +7.166e-05
  1155  +1.7475111718      7158  +1.7475585938  +4.742e-05
  1156  +1.7482675065      7161  +1.7482910156  +2.351e-05
  1157  +1.7490235141      7164  +1.7490234375  -7.661e-08
  1158  +1.7497791951      7167  +1.7497558594  -2.334e-05
  1159  +1.7505345498      7170  +1.7504882812  -4.627e-05
  1160  +1.7512895788      7173  +1.7512207031  -6.888e-05
  1161  +1.7520442824      7176  +1.7519531250  -9.116e-05
  1162  +1.7527986610      7179  +1.7526855469  -1.131e-04
  1163  +1.7535527151      7183  +1.7536621094  +1.094e-04
  1164  +1.7543064451      7186  +1.7543945312  +8.809e-05
  1165  +1.7550598513      7189  +1.7551269531  +6.710e-05
  1166  +1.7558129343      7192  +1.7558593750  +4.644e-05
  1167  +1.7565656945      7195  +1.7565917969  +2.610e-05
  1168  +1.7573181322      7198  +1.7573242188  +6.087e-06
  1169  +1.7580702478      7201  +1.7580566406  -1.361e-05
  1170  +1.7588220418      7204  +1.7587890625  -3.298e-05
  1171  +1.7595735147      7207  +1.7595214844  -5.203e-05
  1172  +1.7603246667      7210  +1.7602539062  -7.076e-05
  1173  +1.7610754983      7213  +1.7609863281  -8.917e-05
  1174  +1.7618260099      7216  +1.7617187500  -1.073e-04
  1175  +1.7625762020      7220  +1.7626953125  +1.191e-04
  1176  +1.7633260749      7223  +1.7634277344  +1.017e-04
  1177  +1.7640756291      7226  +1.7641601562  +8.453e-05
  1178  +1.7648248649      7229  +1.7648925781  +6.771e-05
  1179  +1.7655737828      7232  +1.7656250000  +5.122e-05
  1180  +1.7663223831      7235  +1.7663574219  +3.504e-05
  1181  +1.7670706663      7238  +1.7670898438  +1.918e-05
  1182  +1.7678186327      7241  +1.7678222656  +3.633e-06
  1183  +1.7685662828      7244  +1.7685546875  -1.160e-05
  1184  +1.7693136170      7247  +1.7692871094  -2.651e-05
  1185  +1.7700606357      7250  +1.7700195312  -4.110e-05
  1186  +1.7708073392      7253  +1.7707519531  -5.539e-05
  1187  +1.7715537280      7256  +1.7714843750  -6.935e-05
  1188  +1.7722998025      7259  +1.7722167969  -8.301e-05
  1189  +1.7730455630      7262  +1.7729492188  -9.634e-05
  1190  +1.7737910100      7265  +1.7736816406  -1.094e-04
  1191  +1.7745361438      7269  +1.7746582031  +1.221e-04
  1192  +1.7752809649      7272  +1.7753906250  +1.097e-04
  1193  +1.7760254736      7275  +1.7761230469  +9.757e-05
  1194  +1.7767696704      7278  +1.7768554688  +8.580e-05
  1195  +1.7775135555      7281  +1.7775878906  +7.434e-05
  1196  +1.7782571295      7284  +1.7783203125  +6.318e-05
  1197  +1.7790003927      7287  +1.7790527344  +5.234e-05
  1198  +1.7797433455      7290  +1.7797851562  +4.181e-05
  1199  +1.7804859883      7293  +1.7805175781  +3.159e-05
  1200  +1.7812283215      7296  +1.7812500000  +2.168e-05
  1201  +1.7819703454      7299  +1.7819824219  +1.208e-05
  1202  +1.7827120604      7302  +1.7827148438  +2.783e-06
  1203  +1.7834534670      7305  +1.7834472656  -6.201e-06
  1204  +1.7841945655      7308  +1.7841796875  -1.488e-05
  1205  +1.7849353563      7311  +1.7849121094  -2.325e-05
  1206  +1.7856758398      7314  +1.7856445312  -3.131e-05
  1207  +1.7864160164      7317  +1.7863769531  -3.906e-05
  1208  +1.7871558863      7320  +1.7871093750  -4.651e-05
  1209  +1.7878954502      7323  +1.7878417969  -5.365e-05
  1210  +1.7886347082      7326  +1.7885742188  -6.049e-05
  1211  +1.7893736608      7329  +1.7893066406  -6.702e-05
  1212  +1.7901123084      7332  +1.7900390625  -7.325e-05
  1213  +1.7908506513      7335  +1.7907714844  -7.917e-05
  1214  +1.7915886899      7338  +1.7915039062  -8.478e-05
  1215  +1.7923264246      7341  +1.7922363281  -9.010e-05
  1216  +1.7930638558      7344  +1.7929687500  -9.511e-05
  1217  +1.7938009838      7347  +1.7937011719  -9.981e-05
  1218  +1.7945378091      7350  +1.7944335938  -1.042e-04
  1219  +1.7952743319      7353  +1.7951660156  -1.083e-04
  1220  +1.7960105527      7356  +1.7958984375  -1.121e-04
  1221  +1.7967464718      7359  +1.7966308594  -1.156e-04
  1222  +1.7974820897      7362  +1.7973632812  -1.188e-04
  1223  +1.7982174066      7365  +1.7980957031  -1.217e-04
  1224  +1.7989524229      7369  +1.7990722656  +1.198e-04
  1225  +1.7996871391      7372  +1.7998046875  +1.175e-04
  1226  +1.8004215554      7375  +1.8005371094  +1.156e-04
  1227  +1.8011556723      7378  +1.8012695312  +1.139e-04
  1228  +1.8018894900      7381  +1.8020019531  +1.125e-04
  1229  +1.8026230091      7384  +1.8027343750  +1.114e-04
  1230  +1.8033562298      7387  +1.8034667969  +1.106e-04
  1231  +1.8040891525      7390  +1.8041992188  +1.101e-04
  1232  +1.8048217776      7393  +1.8049316406  +1.099e-04
  1233  +1.8055541054      7396  +1.8056640625  +1.100e-04
  1234  +1.8062861362      7399  +1.8063964844  +1.103e-04
  1235  +1.8070178706      7402  +1.8071289062  +1.110e-04
  1236  +1.8077493087      7405  +1.8078613281  +1.120e-04
  1237  +1.8084804510      7408  +1.8085937500  +1.133e-04
  1238  +1.8092112979      7411  +1.8093261719  +1.149e-04
  1239  +1.8099418496      7414  +1.8100585938  +1.167e-04
  1240  +1.8106721066      7417  +1.8107910156  +1.189e-04
  1241  +1.8114020692      7420  +1.8115234375  +1.214e-04
  1242  +1.8121317377      7422  +1.8120117188  -1.200e-04
  1243  +1.8128611126      7425  +1.8127441406  -1.170e-04
  1244  +1.8135901941      7428  +1.8134765625  -1.136e-04
  1245  +1.8143189826      7431  +1.8142089844  -1.100e-04
  1246  +1.8150474785      7434  +1.8149414062  -1.061e-04
  1247  +1.8157756822      7437  +1.8156738281  -1.019e-04
  1248  +1.8165035939      7440  +1.8164062500  -9.734e-05
  1249  +1.8172312140      7443  +1.8171386719  -9.254e-05
  1250  +1.8179585429      7446  +1.8178710938  -8.745e-05
  1251  +1.8186855810      7449  +1.8186035156  -8.207e-05
  1252  +1.8194123285      7452  +1.8193359375  -7.639e-05
  1253  +1.8201387858      7455  +1.8200683594  -7.043e-05
  1254  +1.8208649533      7458  +1.8208007812  -6.417e-05
  1255  +1.8215908313      7461  +1.8215332031  -5.763e-05
  1256  +1.8223164202      7464  +1.8222656250  -5.080e-05
  1257  +1.8230417203      7467  +1.8229980469  -4.367e-05
  1258  +1.8237667320      7470  +1.8237304688  -3.626e-05
  1259  +1.8244914555      7473  +1.8244628906  -2.856e-05
  1260  +1.8252158913      7476  +1.8251953125  -2.058e-05
  1261  +1.8259400397      7479  +1.8259277344  -1.231e-05
  1262  +1.8266639010      7482  +1.8266601562  -3.745e-06
  1263  +1.8273874755      7485  +1.8273925781  +5.103e-06
  1264  +1.8281107637      7488  +1.8281250000  +1.424e-05
  1265  +1.8288337658      7491  +1.8288574219  +2.366e-05
  1266  +1.8295564822      7494  +1.8295898438  +3.336e-05
  1267  +1.8302789132      7497  +1.8303222656  +4.335e-05
  1268  +1.8310010592      7500  +1.8310546875  +5.363e-05
  1269  +1.8317229205      7503  +1.8317871094  +6.419e-05
  1270  +1.8324444974      7506  +1.8325195312  +7.503e-05
  1271  +1.8331657903      7509  +1.8332519531  +8.616e-05
  1272  +1.8338867994      7512  +1.8339843750  +9.758e-05
  1273  +1.8346075253      7515  +1.8347167969  +1.093e-04
  1274  +1.8353279681      7518  +1.8354492188  +1.213e-04
  1275  +1.8360481282      7520  +1.8359375000  -1.106e-04
  1276  +1.8367680059      7523  +1.8366699219  -9.808e-05
  1277  +1.8374876017      7526  +1.8374023438  -8.526e-05
  1278  +1.8382069157      7529  +1.8381347656  -7.215e-05
  1279  +1.8389259483      7532  +1.8388671875  -5.876e-05
  1280  +1.8396447000      7535  +1.8395996094  -4.509e-05
  1281  +1.8403631709      7538  +1.8403320312  -3.114e-05
  1282  +1.8410813614      7541  +1.8410644531  -1.691e-05
  1283  +1.8417992719      7544  +1.8417968750  -2.397e-06
  1284  +1.8425169026      7547  +1.8425292969  +1.239e-05
  1285  +1.8432342540      7550  +1.8432617188  +2.746e-05
  1286  +1.8439513263      7553  +1.8439941406  +4.281e-05
  1287  +1.8446681198      7556  +1.8447265625  +5.844e-05
  1288  +1.8453846350      7559  +1.8454589844  +7.435e-05
  1289  +1.8461008720      7562  +1.8461914062  +9.053e-05
  1290  +1.8468168313      7565  +1.8469238281  +1.070e-04
  1291  +1.8475325131      7567  +1.8474121094  -1.204e-04
  1292  +1.8482479177      7570  +1.8481445312  -1.034e-04
  1293  +1.8489630456      7573  +1.8488769531  -8.609e-05
  1294  +1.8496778970      7576  +1.8496093750  -6.852e-05
  1295  +1.8503924722      7579  +1.8503417969  -5.068e-05
  1296  +1.8511067716      7582  +1.8510742188  -3.255e-05
  1297  +1.8518207955      7585  +1.8518066406  -1.415e-05
  1298  +1.8525345441      7588  +1.8525390625  +4.518e-06
  1299  +1.8532480179      7591  +1.8532714844  +2.347e-05
  1300  +1.8539612170      7594  +1.8540039062  +4.269e-05
  1301  +1.8546741420      7597  +1.8547363281  +6.219e-05
  1302  +1.8553867930      7600  +1.8554687500  +8.196e-05
  1303  +1.8560991703      7603  +1.8562011719  +1.020e-04
  1304  +1.8568112744      7605  +1.8566894531  -1.218e-04
  1305  +1.8575231055      7608  +1.8574218750  -1.012e-04
  1306  +1.8582346639      7611  +1.8581542969  -8.037e-05
  1307  +1.8589459499      7614  +1.8588867188  -5.923e-05
  1308  +1.8596569638      7617  +1.8596191406  -3.782e-05
  1309  +1.8603677061      7620  +1.8603515625  -1.614e-05
  1310  +1.8610781769      7623  +1.8610839844  +5.808e-06
  1311  +1.8617883765      7626  +1.8618164062  +2.803e-05
  1312  +1.8624983054      7629  +1.8625488281  +5.052e-05
  1313  +1.8632079638      7632  +1.8632812500  +7.329e-05
  1314  +1.8639173519      7635  +1.8640136719  +9.632e-05
  1315  +1.8646264702      7638  +1.8647460938  +1.196e-04
  1316  +1.8653353189      7640  +1.8652343750  -1.009e-04
  1317  +1.8660438984      7643  +1.8659667969  -7.710e-05
  1318  +1.8667522089      7646  +1.8666992188  -5.299e-05
  1319  +1.8674602507      7649  +1.8674316406  -2.861e-05
  1320  +1.8681680242      7652  +1.8681640625  -3.962e-06
  1321  +1.8688755296      7655  +1.8688964844  +2.095e-05
  1322  +1.8695827673      7658  +1.8696289062  +4.614e-05
  1323  +1.8702897375      7661  +1.8703613281  +7.159e-05
  1324  +1.8709964407      7664  +1.8710937500  +9.731e-05
  1325  +1.8717028769      7666  +1.8715820312  -1.208e-04
  1326  +1.8724090467      7669  +1.8723144531  -9.459e-05
  1327  +1.8731149502      7672  +1.8730468750  -6.808e-05
  1328  +1.8738205878      7675  +1.8737792969  -4.129e-05
  1329  +1.8745259598      7678  +1.8745117188  -1.424e-05
  1330  +1.8752310665      7681  +1.8752441406  +1.307e-05
  1331  +1.8759359081      7684  +1.8759765625  +4.065e-05
  1332  +1.8766404850      7687  +1.8767089844  +6.850e-05
  1333  +1.8773447974      7690  +1.8774414062  +9.661e-05
  1334  +1.8780488458      7692  +1.8779296875  -1.192e-04
  1335  +1.8787526303      7695  +1.8786621094  -9.052e-05
  1336  +1.8794561512      7698  +1.8793945312  -6.162e-05
  1337  +1.8801594089      7701  +1.8801269531  -3.246e-05
  1338  +1.8808624037      7704  +1.8808593750  -3.029e-06
  1339  +1.8815651358      7707  +1.8815917969  +2.666e-05
  1340  +1.8822676055      7710  +1.8823242188  +5.661e-05
  1341  +1.8829698132      7713  +1.8830566406  +8.683e-05
  1342  +1.8836717591      7716  +1.8837890625  +1.173e-04
  1343  +1.8843734435      7718  +1.8842773438  -9.610e-05
  1344  +1.8850748667      7721  +1.8850097656  -6.510e-05
  1345  +1.8857760291      7724  +1.8857421875  -3.384e-05
  1346  +1.8864769308      7727  +1.8864746094  -2.321e-06
  1347  +1.8871775722      7730  +1.8872070312  +2.946e-05
  1348  +1.8878779536      7733  +1.8879394531  +6.150e-05
  1349  +1.8885780752      7736  +1.8886718750  +9.380e-05
  1350  +1.8892779374      7738  +1.8891601562  -1.178e-04
  1351  +1.8899775405      7741  +1.8898925781  -8.496e-05
  1352  +1.8906768846      7744  +1.8906250000  -5.188e-05
  1353  +1.8913759702      7747  +1.8913574219  -1.855e-05
  1354  +1.8920747975      7750  +1.8920898438  +1.505e-05
  1355  +1.8927733668      7753  +1.8928222656  +4.890e-05
  1356  +1.8934716783      7756  +1.8935546875  +8.301e-05
  1357  +1.8941697324      7759  +1.8942871094  +1.174e-04
  1358  +1.8948675293      7761  +1.8947753906  -9.214e-05
  1359  +1.8955650694      7764  +1.8955078125  -5.726e-05
  1360  +1.8962623529      7767  +1.8962402344  -2.212e-05
  1361  +1.8969593801      7770  +1.8969726562  +1.328e-05
  1362  +1.8976561512      7773  +1.8977050781  +4.893e-05
  1363  +1.8983526666      7776  +1.8984375000  +8.483e-05
  1364  +1.8990489265      7779  +1.8991699219  +1.210e-04
  1365  +1.8997449313      7781  +1.8996582031  -8.673e-05
  1366  +1.9004406812      7784  +1.9003906250  -5.006e-05
  1367  +1.9011361764      7787  +1.9011230469  -1.313e-05
  1368  +1.9018314173      7790  +1.9018554688  +2.405e-05
  1369  +1.9025264041      7793  +1.9025878906  +6.149e-05
  1370  +1.9032211372      7796  +1.9033203125  +9.918e-05
  1371  +1.9039156167      7798  +1.9038085938  -1.070e-04
  1372  +1.9046098431      7801  +1.9045410156  -6.883e-05
  1373  +1.9053038164      7804  +1.9052734375  -3.038e-05
  1374  +1.9059975371      7807  +1.9060058594  +8.322e-06
  1375  +1.9066910054      7810  +1.9067382812  +4.728e-05
  1376  +1.9073842216      7813  +1.9074707031  +8.648e-05
  1377  +1.9080771859      7815  +1.9079589844  -1.182e-04
  1378  +1.9087698986      7818  +1.9086914062  -7.849e-05
  1379  +1.9094623601      7821  +1.9094238281  -3.853e-05
  1380  +1.9101545705      7824  +1.9101562500  +1.680e-06
  1381  +1.9108465302      7827  +1.9108886719  +4.214e-05
  1382  +1.9115382393      7830  +1.9116210938  +8.285e-05
  1383  +1.9122296983      7832  +1.9121093750  -1.203e-04
  1384  +1.9129209073      7835  +1.9128417969  -7.911e-05
  1385  +1.9136118667      7838  +1.9135742188  -3.765e-05
  1386  +1.9143025766      7841  +1.9143066406  +4.064e-06
  1387  +1.9149930374      7844  +1.9150390625  +4.603e-05
  1388  +1.9156832494      7847  +1.9157714844  +8.823e-05
  1389  +1.9163732128      7849  +1.9162597656  -1.134e-04
  1390  +1.9170629278      7852  +1.9169921875  -7.074e-05
  1391  +1.9177523948      7855  +1.9177246094  -2.779e-05
  1392  +1.9184416140      7858  +1.9184570312  +1.542e-05
  1393  +1.9191305857      7861  +1.9191894531  +5.887e-05
  1394  +1.9198193102      7864  +1.9199218750  +1.026e-04
  1395  +1.9205077876      7866  +1.9204101562  -9.763e-05
  1396  +1.9211960184      7869  +1.9211425781  -5.344e-05
  1397  +1.9218840026      7872  +1.9218750000  -9.003e-06
  1398  +1.9225717407      7875  +1.9226074219  +3.568e-05
  1399  +1.9232592329      7878  +1.9233398438  +8.061e-05
  1400  +1.9239464793      7880  +1.9238281250  -1.184e-04
  1401  +1.9246334804      7883  +1.9245605469  -7.293e-05
  1402  +1.9253202364      7886  +1.9252929688  -2.727e-05
  1403  +1.9260067475      7889  +1.9260253906  +1.864e-05
  1404  +1.9266930139      7892  +1.9267578125  +6.480e-05
  1405  +1.9273790360      7895  +1.9274902344  +1.112e-04
  1406  +1.9280648140      7897  +1.9279785156  -8.630e-05
  1407  +1.9287503482      7900  +1.9287109375  -3.941e-05
  1408  +1.9294356388      7903  +1.9294433594  +7.721e-06
  1409  +1.9301206861      7906  +1.9301757812  +5.510e-05
  1410  +1.9308054903      7909  +1.9309082031  +1.027e-04
  1411  +1.9314900518      7911  +1.9313964844  -9.357e-05
  1412  +1.9321743707      7914  +1.9321289062  -4.546e-05
  1413  +1.9328584473      7917  +1.9328613281  +2.881e-06
  1414  +1.9335422819      7920  +1.9335937500  +5.147e-05
  1415  +1.9342258748      7923  +1.9343261719  +1.003e-04
  1416  +1.9349092261      7925  +1.9348144531  -9.477e-05
  1417  +1.9355923362      7928  +1.9355468750  -4.546e-05
  1418  +1.9362752052      7931  +1.9362792969  +4.092e-06
  1419  +1.9369578336      7934  +1.9370117188  +5.389e-05
  1420  +1.9376402214      7937  +1.9377441406  +1.039e-04
  1421  +1.9383223690      7939  +1.9382324219  -8.995e-05
  1422  +1.9390042766      7942  +1.9389648438  -3.943e-05
  1423  +1.9396859445      7945  +1.9396972656  +1.132e-05
  1424  +1.9403673730      7948  +1.9404296875  +6.231e-05
  1425  +1.9410485622      7951  +1.9411621094  +1.135e-04
  1426  +1.9417295124      7953  +1.9416503906  -7.912e-05
  1427  +1.9424102239      7956  +1.9423828125  -2.741e-05
  1428  +1.9430906969      7959  +1.9431152344  +2.454e-05
  1429  +1.9437709318      7962  +1.9438476562  +7.672e-05
  1430  +1.9444509286      7964  +1.9443359375  -1.150e-04
  1431  +1.9451306877      7967  +1.9450683594  -6.233e-05
  1432  +1.9458102094      7970  +1.9458007812  -9.428e-06
  1433  +1.9464894938      7973  +1.9465332031  +4.371e-05
  1434  +1.9471685413      7976  +1.9472656250  +9.708e-05
  1435  +1.9478473520      7978  +1.9477539062  -9.345e-05
  1436  +1.9485259263      7981  +1.9484863281  -3.960e-05
  1437  +1.9492042643      7984  +1.9492187500  +1.449e-05
  1438  +1.9498823664      7987  +1.9499511719  +6.881e-05
  1439  +1.9505602327      7989  +1.9504394531  -1.208e-04
  1440  +1.9512378635      7992  +1.9511718750  -6.599e-05
  1441  +1.9519152590      7995  +1.9519042969  -1.096e-05
  1442  +1.9525924196      7998  +1.9526367188  +4.430e-05
  1443  +1.9532693454      8001  +1.9533691406  +9.980e-05
  1444  +1.9539460367      8003  +1.9538574219  -8.861e-05
  1445  +1.9546224937      8006  +1.9545898438  -3.265e-05
  1446  +1.9552987167      8009  +1.9553222656  +2.355e-05
  1447  +1.9559747059      8012  +1.9560546875  +7.998e-05
  1448  +1.9566504616      8014  +1.9565429688  -1.075e-04
  1449  +1.9573259839      8017  +1.9572753906  -5.059e-05
  1450  +1.9580012732      8020  +1.9580078125  +6.539e-06
  1451  +1.9586763297      8023  +1.9587402344  +6.390e-05
  1452  +1.9593511536      8026  +1.9594726562  +1.215e-04
  1453  +1.9600257452      8028  +1.9599609375  -6.481e-05
  1454  +1.9607001047      8031  +1.9606933594  -6.745e-06
  1455  +1.9613742323      8034  +1.9614257812  +5.155e-05
  1456  +1.9620481283      8037  +1.9621582031  +1.101e-04
  1457  +1.9627217929      8039  +1.9626464844  -7.531e-05
  1458  +1.9633952263      8042  +1.9633789062  -1.632e-05
  1459  +1.9640684289      8045  +1.9641113281  +4.290e-05
  1460  +1.9647414008      8048  +1.9648437500  +1.023e-04
  1461  +1.9654141423      8050  +1.9653320312  -8.211e-05
  1462  +1.9660866536      8053  +1.9660644531  -2.220e-05
  1463  +1.9667589349      8056  +1.9667968750  +3.794e-05
  1464  +1.9674309865      8059  +1.9675292969  +9.831e-05
  1465  +1.9681028086      8061  +1.9680175781  -8.523e-05
  1466  +1.9687744014      8064  +1.9687500000  -2.440e-05
  1467  +1.9694457653      8067  +1.9694824219  +3.666e-05
  1468  +1.9701169003      8070  +1.9702148438  +9.794e-05
  1469  +1.9707878068      8072  +1.9707031250  -8.468e-05
  1470  +1.9714584850      8075  +1.9714355469  -2.294e-05
  1471  +1.9721289351      8078  +1.9721679688  +3.903e-05
  1472  +1.9727991574      8081  +1.9729003906  +1.012e-04
  1473  +1.9734691520      8083  +1.9733886719  -8.048e-05
  1474  +1.9741389193      8086  +1.9741210938  -1.783e-05
  1475  +1.9748084594      8089  +1.9748535156  +4.506e-05
  1476  +1.9754777725      8092  +1.9755859375  +1.082e-04
  1477  +1.9761468590      8094  +1.9760742188  -7.264e-05
  1478  +1.9768157190      8097  +1.9768066406  -9.078e-06
  1479  +1.9774843528      8100  +1.9775390625  +5.471e-05
  1480  +1.9781527606      8103  +1.9782714844  +1.187e-04
  1481  +1.9788209426      8105  +1.9787597656  -6.118e-05
  1482  +1.9794888991      8108  +1.9794921875  +3.288e-06
  1483  +1.9801566302      8111  +1.9802246094  +6.798e-05
  1484  +1.9808241362      8113  +1.9807128906  -1.112e-04
  1485  +1.9814914174      8116  +1.9814453125  -4.610e-05
  1486  +1.9821584740      8119  +1.9821777344  +1.926e-05
  1487  +1.9828253061      8122  +1.9829101562  +8.485e-05
  1488  +1.9834919141      8124  +1.9833984375  -9.348e-05
  1489  +1.9841582981      8127  +1.9841308594  -2.744e-05
  1490  +1.9848244583      8130  +1.9848632812  +3.882e-05
  1491  +1.9854903951      8133  +1.9855957031  +1.053e-04
  1492  +1.9861561086      8135  +1.9860839844  -7.212e-05
  1493  +1.9868215990      8138  +1.9868164062  -5.193e-06
  1494  +1.9874868666      8141  +1.9875488281  +6.196e-05
  1495  +1.9881519116      8143  +1.9880371094  -1.148e-04
  1496  +1.9888167342      8146  +1.9887695312  -4.720e-05
  1497  +1.9894813346      8149  +1.9895019531  +2.062e-05
  1498  +1.9901457131      8152  +1.9902343750  +8.866e-05
  1499  +1.9908098698      8154  +1.9907226562  -8.721e-05
  1500  +1.9914738051      8157  +1.9914550781  -1.873e-05
  1501  +1.9921375191      8160  +1.9921875000  +4.998e-05
  1502  +1.9928010121      8163  +1.9929199219  +1.189e-04
  1503  +1.9934642842      8165  +1.9934082031  -5.608e-05
  1504  +1.9941273357      8168  +1.9941406250  +1.329e-05
  1505  +1.9947901668      8171  +1.9948730469  +8.288e-05
  1506  +1.9954527777      8173  +1.9953613281  -9.145e-05
  1507  +1.9961151687      8176  +1.9960937500  -2.142e-05
  1508  +1.9967773400      8179  +1.9968261719  +4.883e-05
  1509  +1.9974392917      8182  +1.9975585938  +1.193e-04
  1510  +1.9981010241      8184  +1.9980468750  -5.415e-05
  1511  +1.9987625375      8187  +1.9987792969  +1.676e-05
  1512  +1.9994238320      8190  +1.9995117188  +8.789e-05
  1513  +2.0000849078      8192  +2.0000000000  -8.491e-05
  1514  +2.0007457652      8195  +2.0007324219  -1.334e-05
  1515  +2.0014064044      8198  +2.0014648438  +5.844e-05
  1516  +2.0020668256      8200  +2.0019531250  -1.137e-04
  1517  +2.0027270290      8203  +2.0026855469  -4.148e-05
  1518  +2.0033870149      8206  +2.0034179688  +3.095e-05
  1519  +2.0040467834      8209  +2.0041503906  +1.036e-04
  1520  +2.0047063348      8211  +2.0046386719  -6.766e-05
  1521  +2.0053656692      8214  +2.0053710938  +5.425e-06
  1522  +2.0060247870      8217  +2.0061035156  +7.873e-05
  1523  +2.0066836882      8219  +2.0065917969  -9.189e-05
  1524  +2.0073423732      8222  +2.0073242188  -1.815e-05
  1525  +2.0080008421      8225  +2.0080566406  +5.580e-05
  1526  +2.0086590951      8227  +2.0085449219  -1.142e-04
  1527  +2.0093171325      8230  +2.0092773438  -3.979e-05
  1528  +2.0099749545      8233  +2.0100097656  +3.481e-05
  1529  +2.0106325612      8236  +2.0107421875  +1.096e-04
  1530  +2.0112899529      8238  +2.0112304688  -5.948e-05
  1531  +2.0119471299      8241  +2.0119628906  +1.576e-05
  1532  +2.0126040922      8244  +2.0126953125  +9.122e-05
  1533  +2.0132608402      8246  +2.0131835938  -7.725e-05
  1534  +2.0139173740      8249  +2.0139160156  -1.358e-06
  1535  +2.0145736938      8252  +2.0146484375  +7.474e-05
  1536  +2.0152297999      8254  +2.0151367188  -9.308e-05
  1537  +2.0158856925      8257  +2.0158691406  -1.655e-05
  1538  +2.0165413717      8260  +2.0166015625  +6.019e-05
  1539  +2.0171968378      8262  +2.0170898438  -1.070e-04
  1540  +2.0178520909      8265  +2.0178222656  -2.983e-05
  1541  +2.0185071314      8268  +2.0185546875  +4.756e-05
  1542  +2.0191619594      8270  +2.0190429688  -1.190e-04
  1543  +2.0198165750      8273  +2.0197753906  -4.118e-05
  1544  +2.0204709786      8276  +2.0205078125  +3.683e-05
  1545  +2.0211251703      8279  +2.0212402344  +1.151e-04
  1546  +2.0217791503      8281  +2.0217285156  -5.063e-05
  1547  +2.0224329188      8284  +2.0224609375  +2.802e-05
  1548  +2.0230864761      8287  +2.0231933594  +1.069e-04
  1549  +2.0237398223      8289  +2.0236816406  -5.818e-05
  1550  +2.0243929577      8292  +2.0244140625  +2.110e-05
  1551  +2.0250458824      8295  +2.0251464844  +1.006e-04
  1552  +2.0256985966      8297  +2.0256347656  -6.383e-05
  1553  +2.0263511006      8300  +2.0263671875  +1.609e-05
  1554  +2.0270033945      8303  +2.0270996094  +9.621e-05
  1555  +2.0276554787      8305  +2.0275878906  -6.759e-05
  1556  +2.0283073531      8308  +2.0283203125  +1.296e-05
  1557  +2.0289590181      8311  +2.0290527344  +9.372e-05
  1558  +2.0296104739      8313  +2.0295410156  -6.946e-05
  1559  +2.0302617207      8316  +2.0302734375  +1.172e-05
  1560  +2.0309127586      8319  +2.0310058594  +9.310e-05
  1561  +2.0315635879      8321  +2.0314941406  -6.945e-05
  1562  +2.0322142088      8324  +2.0322265625  +1.235e-05
  1563  +2.0328646214      8327  +2.0329589844  +9.436e-05
  1564  +2.0335148260      8329  +2.0334472656  -6.756e-05
  1565  +2.0341648228      8332  +2.0341796875  +1.486e-05
  1566  +2.0348146119      8335  +2.0349121094  +9.750e-05
  1567  +2.0354641936      8337  +2.0354003906  -6.380e-05
  1568  +2.0361135681      8340  +2.0361328125  +1.924e-05
  1569  +2.0367627355      8343  +2.0368652344  +1.025e-04
  1570  +2.0374116961      8345  +2.0373535156  -5.818e-05
  1571  +2.0380604500      8348  +2.0380859375  +2.549e-05
  1572  +2.0387089975      8351  +2.0388183594  +1.094e-04
  1573  +2.0393573387      8353  +2.0393066406  -5.070e-05
  1574  +2.0400054739      8356  +2.0400390625  +3.359e-05
  1575  +2.0406534033      8359  +2.0407714844  +1.181e-04
  1576  +2.0413011270      8361  +2.0412597656  -4.136e-05
  1577  +2.0419486452      8364  +2.0419921875  +4.354e-05
  1578  +2.0425959581      8366  +2.0424804688  -1.155e-04
  1579  +2.0432430660      8369  +2.0432128906  -3.018e-05
  1580  +2.0438899690      8372  +2.0439453125  +5.534e-05
  1581  +2.0445366673      8374  +2.0444335938  -1.031e-04
  1582  +2.0451831611      8377  +2.0451660156  -1.715e-05
  1583  +2.0458294507      8380  +2.0458984375  +6.899e-05
  1584  +2.0464755361      8382  +2.0463867188  -8.882e-05
  1585  +2.0471214176      8385  +2.0471191406  -2.277e-06
  1586  +2.0477670954      8388  +2.0478515625  +8.447e-05
  1587  +2.0484125697      8390  +2.0483398438  -7.273e-05
  1588  +2.0490578406      8393  +2.0490722656  +1.442e-05
  1589  +2.0497029084      8396  +2.0498046875  +1.018e-04
  1590  +2.0503477733      8398  +2.0502929688  -5.480e-05
  1591  +2.0509924354      8401  +2.0510253906  +3.296e-05
  1592  +2.0516368949      8404  +2.0517578125  +1.209e-04
  1593  +2.0522811521      8406  +2.0522460938  -3.506e-05
  1594  +2.0529252071      8409  +2.0529785156  +5.331e-05
  1595  +2.0535690601      8411  +2.0534667969  -1.023e-04
  1596  +2.0542127113      8414  +2.0541992188  -1.349e-05
  1597  +2.0548561608      8417  +2.0549316406  +7.548e-05
  1598  +2.0554994090      8419  +2.0554199219  -7.949e-05
  1599  +2.0561424559      8422  +2.0561523438  +9.888e-06
  1600  +2.0567853018      8425  +2.0568847656  +9.946e-05
  1601  +2.0574279468      8427  +2.0573730469  -5.490e-05
  1602  +2.0580703911      8430  +2.0581054688  +3.508e-05
  1603  +2.0587126350      8432  +2.0585937500  -1.189e-04
  1604  +2.0593546785      8435  +2.0593261719  -2.851e-05
  1605  +2.0599965220      8438  +2.0600585938  +6.207e-05
  1606  +2.0606381655      8440  +2.0605468750  -9.129e-05
  1607  +2.0612796093      8443  +2.0612792969  -3.125e-07
  1608  +2.0619208536      8446  +2.0620117188  +9.087e-05
  1609  +2.0625618985      8448  +2.0625000000  -6.190e-05
  1610  +2.0632027442      8451  +2.0632324219  +2.968e-05
  1611  +2.0638433909      8454  +2.0639648438  +1.215e-04
  1612  +2.0644838389      8456  +2.0644531250  -3.071e-05
  1613  +2.0651240882      8459  +2.0651855469  +6.146e-05
  1614  +2.0657641390      8461  +2.0656738281  -9.031e-05
  1615  +2.0664039917      8464  +2.0664062500  +2.258e-06
  1616  +2.0670436462      8467  +2.0671386719  +9.503e-05
  1617  +2.0676831029      8469  +2.0676269531  -5.615e-05
  1618  +2.0683223619      8472  +2.0683593750  +3.701e-05
  1619  +2.0689614233      8474  +2.0688476562  -1.138e-04
  1620  +2.0696002875      8477  +2.0695800781  -2.021e-05
  1621  +2.0702389544      8480  +2.0703125000  +7.355e-05
  1622  +2.0708774244      8482  +2.0708007812  -7.664e-05
  1623  +2.0715156977      8485  +2.0715332031  +1.751e-05
  1624  +2.0721537743      8488  +2.0722656250  +1.119e-04
  1625  +2.0727916545      8490  +2.0727539062  -3.775e-05
  1626  +2.0734293384      8493  +2.0734863281  +5.699e-05
  1627  +2.0740668263      8495  +2.0739746094  -9.222e-05
  1628  +2.0747041184      8498  +2.0747070312  +2.913e-06
  1629  +2.0753412147      8501  +2.0754394531  +9.824e-05
  1630  +2.0759781155      8503  +2.0759277344  -5.038e-05
  1631  +2.0766148209      8506  +2.0766601562  +4.534e-05
  1632  +2.0772513312      8508  +2.0771484375  -1.029e-04
  1633  +2.0778876466      8511  +2.0778808594  -6.787e-06
  1634  +2.0785237671      8514  +2.0786132812  +8.951e-05
  1635  +2.0791596930      8516  +2.0791015625  -5.813e-05
  1636  +2.0797954245      8519  +2.0798339844  +3.856e-05
  1637  +2.0804309617      8521  +2.0803222656  -1.087e-04
  1638  +2.0810663048      8524  +2.0810546875  -1.162e-05
  1639  +2.0817014540      8527  +2.0817871094  +8.566e-05
  1640  +2.0823364094      8529  +2.0822753906  -6.102e-05
  1641  +2.0829711713      8532  +2.0830078125  +3.664e-05
  1642  +2.0836057399      8534  +2.0834960938  -1.096e-04
  1643  +2.0842401152      8537  +2.0842285156  -1.160e-05
  1644  +2.0848742975      8540  +2.0849609375  +8.664e-05
  1645  +2.0855082870      8542  +2.0854492188  -5.907e-05
  1646  +2.0861420838      8545  +2.0861816406  +3.956e-05
  1647  +2.0867756881      8547  +2.0866699219  -1.058e-04
  1648  +2.0874091000      8550  +2.0874023438  -6.756e-06
  1649  +2.0880423199      8553  +2.0881347656  +9.245e-05
  1650  +2.0886753477      8555  +2.0886230469  -5.230e-05
  1651  +2.0893081838      8558  +2.0893554688  +4.728e-05
  1652  +2.0899408282      8560  +2.0898437500  -9.708e-05
  1653  +2.0905732812      8563  +2.0905761719  +2.891e-06
  1654  +2.0912055429      8566  +2.0913085938  +1.031e-04
  1655  +2.0918376135      8568  +2.0917968750  -4.074e-05
  1656  +2.0924694932      8571  +2.0925292969  +5.980e-05
  1657  +2.0931011821      8573  +2.0930175781  -8.360e-05
  1658  +2.0937326804      8576  +2.0937500000  +1.732e-05
  1659  +2.0943639883      8579  +2.0944824219  +1.184e-04
  1660  +2.0949951060      8581  +2.0949707031  -2.440e-05
  1661  +2.0956260336      8584  +2.0957031250  +7.709e-05
  1662  +2.0962567714      8586  +2.0961914062  -6.537e-05
  1663  +2.0968873194      8589  +2.0969238281  +3.651e-05
  1664  +2.0975176778      8591  +2.0974121094  -1.056e-04
  1665  +2.0981478469      8594  +2.0981445312  -3.316e-06
  1666  +2.0987778267      8597  +2.0988769531  +9.913e-05
  1667  +2.0994076175      8599  +2.0993652344  -4.238e-05
  1668  +2.1000372195      8602  +2.1000976562  +6.044e-05
  1669  +2.1006666327      8604  +2.1005859375  -8.070e-05
  1670  +2.1012958574      8607  +2.1013183594  +2.250e-05
  1671  +2.1019248938      8609  +2.1018066406  -1.183e-04
  1672  +2.1025537419      8612  +2.1025390625  -1.468e-05
  1673  +2.1031824020      8615  +2.1032714844  +8.908e-05
  1674  +2.1038108743      8617  +2.1037597656  -5.111e-05
  1675  +2.1044391589      8620  +2.1044921875  +5.303e-05
  1676  +2.1050672559      8622  +2.1049804688  -8.679e-05
  1677  +2.1056951657      8625  +2.1057128906  +1.772e-05
  1678  +2.1063228882      8627  +2.1062011719  -1.217e-04
  1679  +2.1069504237      8630  +2.1069335938  -1.683e-05
  1680  +2.1075777723      8633  +2.1076660156  +8.824e-05
  1681  +2.1082049343      8635  +2.1081542969  -5.064e-05
  1682  +2.1088319098      8638  +2.1088867188  +5.481e-05
  1683  +2.1094586989      8640  +2.1093750000  -8.370e-05
  1684  +2.1100853018      8643  +2.1101074219  +2.212e-05
  1685  +2.1107117187      8645  +2.1105957031  -1.160e-04
  1686  +2.1113379498      8648  +2.1113281250  -9.825e-06
  1687  +2.1119639951      8651  +2.1120605469  +9.655e-05
  1688  +2.1125898550      8653  +2.1125488281  -4.103e-05
  1689  +2.1132155295      8656  +2.1132812500  +6.572e-05
  1690  +2.1138410188      8658  +2.1137695312  -7.149e-05
  1691  +2.1144663230      8661  +2.1145019531  +3.563e-05
  1692  +2.1150914424      8663  +2.1149902344  -1.012e-04
  1693  +2.1157163771      8666  +2.1157226562  +6.279e-06
  1694  +2.1163411273      8669  +2.1164550781  +1.140e-04
  1695  +2.1169656931      8671  +2.1169433594  -2.233e-05
  1696  +2.1175900746      8674  +2.1176757812  +8.571e-05
  1697  +2.1182142722      8676  +2.1181640625  -5.021e-05
  1698  +2.1188382858      8679  +2.1188964844  +5.820e-05
  1699  +2.1194621157      8681  +2.1193847656  -7.735e-05
  1700  +2.1200857621      8684  +2.1201171875  +3.143e-05
  1701  +2.1207092251      8686  +2.1206054688  -1.038e-04
  1702  +2.1213325048      8689  +2.1213378906  +5.386e-06
  1703  +2.1219556015      8692  +2.1220703125  +1.147e-04
  1704  +2.1225785152      8694  +2.1225585938  -1.992e-05
  1705  +2.1232012462      8697  +2.1232910156  +8.977e-05
  1706  +2.1238237946      8699  +2.1237792969  -4.450e-05
  1707  +2.1244461605      8702  +2.1245117188  +6.556e-05
  1708  +2.1250683442      8704  +2.1250000000  -6.834e-05
  1709  +2.1256903458      8707  +2.1257324219  +4.208e-05
  1710  +2.1263121654      8709  +2.1262207031  -9.146e-05
  1711  +2.1269338033      8712  +2.1269531250  +1.932e-05
  1712  +2.1275552595      8714  +2.1274414062  -1.139e-04
  1713  +2.1281765342      8717  +2.1281738281  -2.706e-06
  1714  +2.1287976276      8720  +2.1289062500  +1.086e-04
  1715  +2.1294185399      8722  +2.1293945312  -2.401e-05
  1716  +2.1300392711      8725  +2.1301269531  +8.768e-05
  1717  +2.1306598215      8727  +2.1306152344  -4.459e-05
  1718  +2.1312801913      8730  +2.1313476562  +6.746e-05
  1719  +2.1319003805      8732  +2.1318359375  -6.444e-05
  1720  +2.1325203893      8735  +2.1325683594  +4.797e-05
  1721  +2.1331402180      8737  +2.1330566406  -8.358e-05
  1722  +2.1337598666      8740  +2.1337890625  +2.920e-05
  1723  +2.1343793353      8742  +2.1342773438  -1.020e-04
  1724  +2.1349986242      8745  +2.1350097656  +1.114e-05
  1725  +2.1356177336      8747  +2.1354980469  -1.197e-04
  1726  +2.1362366635      8750  +2.1362304688  -6.195e-06
  1727  +2.1368554142      8753  +2.1369628906  +1.075e-04
  1728  +2.1374739858      8755  +2.1374511719  -2.281e-05
  1729  +2.1380923784      8758  +2.1381835938  +9.122e-05
  1730  +2.1387105922      8760  +2.1386718750  -3.872e-05
  1731  +2.1393286273      8763  +2.1394042969  +7.567e-05
  1732  +2.1399464840      8765  +2.1398925781  -5.391e-05
  1733  +2.1405641623      8768  +2.1406250000  +6.084e-05
  1734  +2.1411816624      8770  +2.1411132812  -6.838e-05
  1735  +2.1417989845      8773  +2.1418457031  +4.672e-05
  1736  +2.1424161287      8775  +2.1423339844  -8.214e-05
  1737  +2.1430330952      8778  +2.1430664062  +3.331e-05
  1738  +2.1436498842      8780  +2.1435546875  -9.520e-05
  1739  +2.1442664957      8783  +2.1442871094  +2.061e-05
  1740  +2.1448829299      8785  +2.1447753906  -1.075e-04
  1741  +2.1454991871      8788  +2.1455078125  +8.625e-06
  1742  +2.1461152673      8790  +2.1459960938  -1.192e-04
  1743  +2.1467311706      8793  +2.1467285156  -2.655e-06
  1744  +2.1473468974      8796  +2.1474609375  +1.140e-04
  1745  +2.1479624476      8798  +2.1479492188  -1.323e-05
  1746  +2.1485778214      8801  +2.1486816406  +1.038e-04
  1747  +2.1491930191      8803  +2.1491699219  -2.310e-05
  1748  +2.1498080407      8806  +2.1499023438  +9.430e-05
  1749  +2.1504228865      8808  +2.1503906250  -3.226e-05
  1750  +2.1510375564      8811  +2.1511230469  +8.549e-05
  1751  +2.1516520508      8813  +2.1516113281  -4.072e-05
  1752  +2.1522663698      8816  +2.1523437500  +7.738e-05
  1753  +2.1528805134      8818  +2.1528320312  -4.848e-05
  1754  +2.1534944819      8821  +2.1535644531  +6.997e-05
  1755  +2.1541082754      8823  +2.1540527344  -5.554e-05
  1756  +2.1547218941      8826  +2.1547851562  +6.326e-05
  1757  +2.1553353381      8828  +2.1552734375  -6.190e-05
  1758  +2.1559486075      8831  +2.1560058594  +5.725e-05
  1759  +2.1565617025      8833  +2.1564941406  -6.756e-05
  1760  +2.1571746233      8836  +2.1572265625  +5.194e-05
  1761  +2.1577873700      8838  +2.1577148438  -7.253e-05
  1762  +2.1583999427      8841  +2.1584472656  +4.732e-05
  1763  +2.1590123416      8843  +2.1589355469  -7.679e-05
  1764  +2.1596245669      8846  +2.1596679688  +4.340e-05
  1765  +2.1602366186      8848  +2.1601562500  -8.037e-05
  1766  +2.1608484970      8851  +2.1608886719  +4.017e-05
  1767  +2.1614602022      8853  +2.1613769531  -8.325e-05
  1768  +2.1620717343      8856  +2.1621093750  +3.764e-05
  1769  +2.1626830935      8858  +2.1625976562  -8.544e-05
  1770  +2.1632942799      8861  +2.1633300781  +3.580e-05
  1771  +2.1639052937      8863  +2.1638183594  -8.693e-05
  1772  +2.1645161350      8866  +2.1645507812  +3.465e-05
  1773  +2.1651268040      8868  +2.1650390625  -8.774e-05
  1774  +2.1657373008      8871  +2.1657714844  +3.418e-05
  1775  +2.1663476255      8873  +2.1662597656  -8.786e-05
  1776  +2.1669577783      8876  +2.1669921875  +3.441e-05
  1777  +2.1675677594      8878  +2.1674804688  -8.729e-05
  1778  +2.1681775689      8881  +2.1682128906  +3.532e-05
  1779  +2.1687872069      8883  +2.1687011719  -8.604e-05
  1780  +2.1693966736      8886  +2.1694335938  +3.692e-05
  1781  +2.1700059692      8888  +2.1699218750  -8.409e-05
  1782  +2.1706150937      8891  +2.1706542969  +3.920e-05
  1783  +2.1712240473      8893  +2.1711425781  -8.147e-05
  1784  +2.1718328301      8896  +2.1718750000  +4.217e-05
  1785  +2.1724414424      8898  +2.1723632812  -7.816e-05
  1786  +2.1730498842      8901  +2.1730957031  +4.582e-05
  1787  +2.1736581557      8903  +2.1735839844  -7.417e-05
  1788  +2.1742662570      8906  +2.1743164062  +5.015e-05
  1789  +2.1748741883      8908  +2.1748046875  -6.950e-05
  1790  +2.1754819498      8911  +2.1755371094  +5.516e-05
  1791  +2.1760895414      8913  +2.1760253906  -6.415e-05
  1792  +2.1766969635      8916  +2.1767578125  +6.085e-05
  1793  +2.1773042161      8918  +2.1772460938  -5.812e-05
  1794  +2.1779112994      8921  +2.1779785156  +6.722e-05
  1795  +2.1785182135      8923  +2.1784667969  -5.142e-05
  1796  +2.1791249586      8926  +2.1791992188  +7.426e-05
  1797  +2.1797315348      8928  +2.1796875000  -4.403e-05
  1798  +2.1803379423      8931  +2.1804199219  +8.198e-05
  1799  +2.1809441811      8933  +2.1809082031  -3.598e-05
  1800  +2.1815502515      8936  +2.1816406250  +9.037e-05
  1801  +2.1821561535      8938  +2.1821289062  -2.725e-05
  1802  +2.1827618874      8941  +2.1828613281  +9.944e-05
  1803  +2.1833674532      8943  +2.1833496094  -1.784e-05
  1804  +2.1839728511      8946  +2.1840820312  +1.092e-04
  1805  +2.1845780812      8948  +2.1845703125  -7.769e-06
  1806  +2.1851831437      8951  +2.1853027344  +1.196e-04
  1807  +2.1857880387      8953  +2.1857910156  +2.977e-06
  1808  +2.1863927663      8955  +2.1862792969  -1.135e-04
  1809  +2.1869973268      8958  +2.1870117188  +1.439e-05
  1810  +2.1876017201      8960  +2.1875000000  -1.017e-04
  1811  +2.1882059466      8963  +2.1882324219  +2.648e-05
  1812  +2.1888100062      8965  +2.1887207031  -8.930e-05
  1813  +2.1894138991      8968  +2.1894531250  +3.923e-05
  1814  +2.1900176256      8970  +2.1899414062  -7.622e-05
  1815  +2.1906211856      8973  +2.1906738281  +5.264e-05
  1816  +2.1912245794      8975  +2.1911621094  -6.247e-05
  1817  +2.1918278071      8978  +2.1918945312  +6.672e-05
  1818  +2.1924308689      8980  +2.1923828125  -4.806e-05
  1819  +2.1930337648      8983  +2.1931152344  +8.147e-05
  1820  +2.1936364950      8985  +2.1936035156  -3.298e-05
  1821  +2.1942390596      8988  +2.1943359375  +9.688e-05
  1822  +2.1948414588      8990  +2.1948242188  -1.724e-05
  1823  +2.1954436927      8993  +2.1955566406  +1.129e-04
  1824  +2.1960457615      8995  +2.1960449219  -8.396e-07
  1825  +2.1966476652      8997  +2.1965332031  -1.145e-04
  1826  +2.1972494041      9000  +2.1972656250  +1.622e-05
  1827  +2.1978509782      9002  +2.1977539062  -9.707e-05
  1828  +2.1984523877      9005  +2.1984863281  +3.394e-05
  1829  +2.1990536327      9007  +2.1989746094  -7.902e-05
  1830  +2.1996547134      9010  +2.1997070312  +5.232e-05
  1831  +2.2002556299      9012  +2.2001953125  -6.032e-05
  1832  +2.2008563823      9015  +2.2009277344  +7.135e-05
  1833  +2.2014569707      9017  +2.2014160156  -4.096e-05
  1834  +2.2020573954      9020  +2.2021484375  +9.104e-05
  1835  +2.2026576564      9022  +2.2026367188  -2.094e-05
  1836  +2.2032577538      9025  +2.2033691406  +1.114e-04
  1837  +2.2038576879      9027  +2.2038574219  -2.660e-07
  1838  +2.2044574587      9029  +2.2043457031  -1.118e-04
  1839  +2.2050570663      9032  +2.2050781250  +2.106e-05
  1840  +2.2056565109      9034  +2.2055664062  -9.010e-05
  1841  +2.2062557927      9037  +2.2062988281  +4.304e-05
  1842  +2.2068549117      9039  +2.2067871094  -6.780e-05
  1843  +2.2074538682      9042  +2.2075195312  +6.566e-05
  1844  +2.2080526621      9044  +2.2080078125  -4.485e-05
  1845  +2.2086512937      9047  +2.2087402344  +8.894e-05
  1846  +2.2092497631      9049  +2.2092285156  -2.125e-05
  1847  +2.2098480705      9052  +2.2099609375  +1.129e-04
  1848  +2.2104462158      9054  +2.2104492188  +3.003e-06
  1849  +2.2110441994      9056  +2.2109375000  -1.067e-04
  1850  +2.2116420213      9059  +2.2116699219  +2.790e-05
  1851  +2.2122396816      9061  +2.2121582031  -8.148e-05
  1852  +2.2128371805      9064  +2.2128906250  +5.344e-05
  1853  +2.2134345182      9066  +2.2133789062  -5.561e-05
  1854  +2.2140316946      9069  +2.2141113281  +7.963e-05
  1855  +2.2146287101      9071  +2.2145996094  -2.910e-05
  1856  +2.2152255646      9074  +2.2153320312  +1.065e-04
  1857  +2.2158222584      9076  +2.2158203125  -1.946e-06
  1858  +2.2164187915      9078  +2.2163085938  -1.102e-04
  1859  +2.2170151641      9081  +2.2170410156  +2.585e-05
  1860  +2.2176113763      9083  +2.2175292969  -8.208e-05
  1861  +2.2182074283      9086  +2.2182617188  +5.429e-05
  1862  +2.2188033202      9088  +2.2187500000  -5.332e-05
  1863  +2.2193990521      9091  +2.2194824219  +8.337e-05
  1864  +2.2199946241      9093  +2.2199707031  -2.392e-05
  1865  +2.2205900363      9096  +2.2207031250  +1.131e-04
  1866  +2.2211852890      9098  +2.2211914062  +6.117e-06
  1867  +2.2217803822      9100  +2.2216796875  -1.007e-04
  1868  +2.2223753160      9103  +2.2224121094  +3.679e-05
  1869  +2.2229700907      9105  +2.2229003906  -6.970e-05
  1870  +2.2235647062      9108  +2.2236328125  +6.811e-05
  1871  +2.2241591627      9110  +2.2241210938  -3.807e-05
  1872  +2.2247534605      9113  +2.2248535156  +1.001e-04
  1873  +2.2253475995      9115  +2.2253417969  -5.803e-06
  1874  +2.2259415799      9117  +2.2258300781  -1.115e-04
  1875  +2.2265354018      9120  +2.2265625000  +2.710e-05
  1876  +2.2271290655      9122  +2.2270507812  -7.828e-05
  1877  +2.2277225709      9125  +2.2277832031  +6.063e-05
  1878  +2.2283159182      9127  +2.2282714844  -4.443e-05
  1879  +2.2289091076      9130  +2.2290039062  +9.480e-05
  1880  +2.2295021392      9132  +2.2294921875  -9.952e-06
  1881  +2.2300950131      9134  +2.2299804688  -1.145e-04
  1882  +2.2306877294      9137  +2.2307128906  +2.516e-05
  1883  +2.2312802882      9139  +2.2312011719  -7.912e-05
  1884  +2.2318726897      9142  +2.2319335938  +6.090e-05
  1885  +2.2324649340      9144  +2.2324218750  -4.306e-05
  1886  +2.2330570213      9147  +2.2331542969  +9.728e-05
  1887  +2.2336489516      9149  +2.2336425781  -6.373e-06
  1888  +2.2342407251      9151  +2.2341308594  -1.099e-04
  1889  +2.2348323418      9154  +2.2348632812  +3.094e-05
  1890  +2.2354238021      9156  +2.2353515625  -7.224e-05
  1891  +2.2360151058      9159  +2.2360839844  +6.888e-05
  1892  +2.2366062532      9161  +2.2365722656  -3.399e-05
  1893  +2.2371972445      9164  +2.2373046875  +1.074e-04
  1894  +2.2377880796      9166  +2.2377929688  +4.889e-06
  1895  +2.2383787588      9168  +2.2382812500  -9.751e-05
  1896  +2.2389692822      9171  +2.2390136719  +4.439e-05
  1897  +2.2395596498      9173  +2.2395019531  -5.770e-05
  1898  +2.2401498619      9176  +2.2402343750  +8.451e-05
  1899  +2.2407399185      9178  +2.2407226562  -1.726e-05
  1900  +2.2413298197      9180  +2.2412109375  -1.189e-04
  1901  +2.2419195658      9183  +2.2419433594  +2.379e-05
  1902  +2.2425091568      9185  +2.2424316406  -7.752e-05
  1903  +2.2430985927      9188  +2.2431640625  +6.547e-05
  1904  +2.2436878739      9190  +2.2436523438  -3.553e-05
  1905  +2.2442770003      9193  +2.2443847656  +1.078e-04
  1906  +2.2448659721      9195  +2.2448730469  +7.075e-06
  1907  +2.2454547894      9197  +2.2453613281  -9.346e-05
  1908  +2.2460434523      9200  +2.2460937500  +5.030e-05
  1909  +2.2466319610      9202  +2.2465820312  -4.993e-05
  1910  +2.2472203156      9205  +2.2473144531  +9.414e-05
  1911  +2.2478085162      9207  +2.2478027344  -5.782e-06
  1912  +2.2483965629      9209  +2.2482910156  -1.055e-04
  1913  +2.2489844559      9212  +2.2490234375  +3.898e-05
  1914  +2.2495721952      9214  +2.2495117188  -6.048e-05
  1915  +2.2501597810      9217  +2.2502441406  +8.436e-05
  1916  +2.2507472134      9219  +2.2507324219  -1.479e-05
  1917  +2.2513344925      9221  +2.2512207031  -1.138e-04
  1918  +2.2519216185      9224  +2.2519531250  +3.151e-05
  1919  +2.2525085914      9226  +2.2524414062  -6.719e-05
  1920  +2.2530954115      9229  +2.2531738281  +7.842e-05
  1921  +2.2536820787      9231  +2.2536621094  -1.997e-05
  1922  +2.2542685932      9233  +2.2541503906  -1.182e-04
  1923  +2.2548549552      9236  +2.2548828125  +2.786e-05
  1924  +2.2554411647      9238  +2.2553710938  -7.007e-05
  1925  +2.2560272219      9241  +2.2561035156  +7.629e-05
  1926  +2.2566131270      9243  +2.2565917969  -2.133e-05
  1927  +2.2571988799      9245  +2.2570800781  -1.188e-04
  1928  +2.2577844809      9248  +2.2578125000  +2.802e-05
  1929  +2.2583699300      9250  +2.2583007812  -6.915e-05
  1930  +2.2589552274      9253  +2.2590332031  +7.798e-05
  1931  +2.2595403731      9255  +2.2595214844  -1.889e-05
  1932  +2.2601253674      9257  +2.2600097656  -1.156e-04
  1933  +2.2607102103      9260  +2.2607421875  +3.198e-05
  1934  +2.2612949020      9262  +2.2612304688  -6.443e-05
  1935  +2.2618794425      9265  +2.2619628906  +8.345e-05
  1936  +2.2624638320      9267  +2.2624511719  -1.266e-05
  1937  +2.2630480705      9269  +2.2629394531  -1.086e-04
  1938  +2.2636321583      9272  +2.2636718750  +3.972e-05
  1939  +2.2642160954      9274  +2.2641601562  -5.594e-05
  1940  +2.2647998820      9277  +2.2648925781  +9.270e-05
  1941  +2.2653835181      9279  +2.2653808594  -2.659e-06
  1942  +2.2659670039      9281  +2.2658691406  -9.786e-05
  1943  +2.2665503394      9284  +2.2666015625  +5.122e-05
  1944  +2.2671335249      9286  +2.2670898438  -4.368e-05
  1945  +2.2677165604      9289  +2.2678222656  +1.057e-04
  1946  +2.2682994461      9291  +2.2683105469  +1.110e-05
  1947  +2.2688821820      9293  +2.2687988281  -8.335e-05
  1948  +2.2694647682      9296  +2.2695312500  +6.648e-05
  1949  +2.2700472050      9298  +2.2700195312  -2.767e-05
  1950  +2.2706294923      9300  +2.2705078125  -1.217e-04
  1951  +2.2712116304      9303  +2.2712402344  +2.860e-05
  1952  +2.2717936193      9305  +2.2717285156  -6.510e-05
  1953  +2.2723754591      9308  +2.2724609375  +8.548e-05
  1954  +2.2729571500      9310  +2.2729492188  -7.931e-06
  1955  +2.2735386921      9312  +2.2734375000  -1.012e-04
  1956  +2.2741200855      9315  +2.2741699219  +4.984e-05
  1957  +2.2747013302      9317  +2.2746582031  -4.313e-05
  1958  +2.2752824265      9320  +2.2753906250  +1.082e-04
  1959  +2.2758633744      9322  +2.2758789062  +1.553e-05
  1960  +2.2764441740      9324  +2.2763671875  -7.699e-05
  1961  +2.2770248255      9327  +2.2770996094  +7.478e-05
  1962  +2.2776053290      9329  +2.2775878906  -1.744e-05
  1963  +2.2781856846      9331  +2.2780761719  -1.095e-04
  1964  +2.2787658923      9334  +2.2788085938  +4.270e-05
  1965  +2.2793459524      9336  +2.2792968750  -4.908e-05
  1966  +2.2799258649      9339  +2.2800292969  +1.034e-04
  1967  +2.2805056299      9341  +2.2805175781  +1.195e-05
  1968  +2.2810852475      9343  +2.2810058594  -7.939e-05
  1969  +2.2816647179      9346  +2.2817382812  +7.356e-05
  1970  +2.2822440412      9348  +2.2822265625  -1.748e-05
  1971  +2.2828232175      9350  +2.2827148438  -1.084e-04
  1972  +2.2834022468      9353  +2.2834472656  +4.502e-05
  1973  +2.2839811294      9355  +2.2839355469  -4.558e-05
  1974  +2.2845598653      9358  +2.2846679688  +1.081e-04
  1975  +2.2851384546      9360  +2.2851562500  +1.780e-05
  1976  +2.2857168975      9362  +2.2856445312  -7.237e-05
  1977  +2.2862951940      9365  +2.2863769531  +8.176e-05
  1978  +2.2868733442      9367  +2.2868652344  -8.110e-06
  1979  +2.2874513484      9369  +2.2873535156  -9.783e-05
  1980  +2.2880292065      9372  +2.2880859375  +5.673e-05
  1981  +2.2886069187      9374  +2.2885742188  -3.270e-05
  1982  +2.2891844851      9376  +2.2890625000  -1.220e-04
  1983  +2.2897619059      9379  +2.2897949219  +3.302e-05
  1984  +2.2903391810      9381  +2.2902832031  -5.598e-05
  1985  +2.2909163107      9384  +2.2910156250  +9.931e-05
  1986  +2.2914932951      9386  +2.2915039062  +1.061e-05
  1987  +2.2920701342      9388  +2.2919921875  -7.795e-05
  1988  +2.2926468282      9391  +2.2927246094  +7.778e-05
  1989  +2.2932233771      9393  +2.2932128906  -1.049e-05
  1990  +2.2937997811      9395  +2.2937011719  -9.861e-05
  1991  +2.2943760403      9398  +2.2944335938  +5.755e-05
  1992  +2.2949521549      9400  +2.2949218750  -3.028e-05
  1993  +2.2955281248      9402  +2.2954101562  -1.180e-04
  1994  +2.2961039502      9405  +2.2961425781  +3.863e-05
  1995  +2.2966796313      9407  +2.2966308594  -4.877e-05
  1996  +2.2972551681      9410  +2.2973632812  +1.081e-04
  1997  +2.2978305608      9412  +2.2978515625  +2.100e-05
  1998  +2.2984058094      9414  +2.2983398438  -6.597e-05
  1999  +2.2989809141      9417  +2.2990722656  +9.135e-05
  2000  +2.2995558749      9419  +2.2995605469  +4.672e-06
  2001  +2.3001306921      9421  +2.3000488281  -8.186e-05
  2002  +2.3007053656      9424  +2.3007812500  +7.588e-05
  2003  +2.3012798956      9426  +2.3012695312  -1.036e-05
  2004  +2.3018542822      9428  +2.3017578125  -9.647e-05
  2005  +2.3024285255      9431  +2.3024902344  +6.171e-05
  2006  +2.3030026256      9433  +2.3029785156  -2.411e-05
  2007  +2.3035765827      9435  +2.3034667969  -1.098e-04
  2008  +2.3041503968      9438  +2.3041992188  +4.882e-05
  2009  +2.3047240680      9440  +2.3046875000  -3.657e-05
  2010  +2.3052975964      9442  +2.3051757812  -1.218e-04
  2011  +2.3058709822      9445  +2.3059082031  +3.722e-05
  2012  +2.3064442255      9447  +2.3063964844  -4.774e-05
  2013  +2.3070173263      9450  +2.3071289062  +1.116e-04
  2014  +2.3075902848      9452  +2.3076171875  +2.690e-05
  2015  +2.3081631011      9454  +2.3081054688  -5.763e-05
  2016  +2.3087357752      9457  +2.3088378906  +1.021e-04
  2017  +2.3093083073      9459  +2.3093261719  +1.786e-05
  2018  +2.3098806976      9461  +2.3098144531  -6.624e-05
  2019  +2.3104529460      9464  +2.3105468750  +9.393e-05
  2020  +2.3110250527      9466  +2.3110351562  +1.010e-05
  2021  +2.3115970178      9468  +2.3115234375  -7.358e-05
  2022  +2.3121688415      9471  +2.3122558594  +8.702e-05
  2023  +2.3127405237      9473  +2.3127441406  +3.617e-06
  2024  +2.3133120647      9475  +2.3132324219  -7.964e-05
  2025  +2.3138834645      9478  +2.3139648438  +8.138e-05
  2026  +2.3144547232      9480  +2.3144531250  -1.598e-06
  2027  +2.3150258410      9482  +2.3149414062  -8.443e-05
  2028  +2.3155968179      9485  +2.3156738281  +7.701e-05
  2029  +2.3161676541      9487  +2.3161621094  -5.545e-06
  2030  +2.3167383496      9489  +2.3166503906  -8.796e-05
  2031  +2.3173089045      9492  +2.3173828125  +7.391e-05
  2032  +2.3178793190      9494  +2.3178710938  -8.225e-06
  2033  +2.3184495932      9496  +2.3183593750  -9.022e-05
  2034  +2.3190197271      9499  +2.3190917969  +7.207e-05
  2035  +2.3195897209      9501  +2.3195800781  -9.643e-06
  2036  +2.3201595747      9503  +2.3200683594  -9.122e-05
  2037  +2.3207292885      9506  +2.3208007812  +7.149e-05
  2038  +2.3212988625      9508  +2.3212890625  -9.800e-06
  2039  +2.3218682968      9510  +2.3217773438  -9.095e-05
  2040  +2.3224375915      9513  +2.3225097656  +7.217e-05
  2041  +2.3230067467      9515  +2.3229980469  -8.700e-06
  2042  +2.3235757624      9517  +2.3234863281  -8.943e-05
  2043  +2.3241446388      9520  +2.3242187500  +7.411e-05
  2044  +2.3247133761      9522  +2.3247070312  -6.345e-06
  2045  +2.3252819742      9524  +2.3251953125  -8.666e-05
  2046  +2.3258504333      9527  +2.3259277344  +7.730e-05
  2047  +2.3264187535      9529  +2.3264160156  -2.738e-06
  2048  +2.3269869349      9531  +2.3269042969  -8.264e-05
  2049  +2.3275549776      9534  +2.3276367188  +8.174e-05
  2050  +2.3281228818      9536  +2.3281250000  +2.118e-06
  2051  +2.3286906474      9538  +2.3286132812  -7.737e-05
  2052  +2.3292582746      9541  +2.3293457031  +8.743e-05
  2053  +2.3298257635      9543  +2.3298339844  +8.221e-06
  2054  +2.3303931143      9545  +2.3303222656  -7.085e-05
  2055  +2.3309603269      9548  +2.3310546875  +9.436e-05
  2056  +2.3315274016      9550  +2.3315429688  +1.557e-05
  2057  +2.3320943383      9552  +2.3320312500  -6.309e-05
  2058  +2.3326611373      9555  +2.3327636719  +1.025e-04
  2059  +2.3332277986      9557  +2.3332519531  +2.415e-05
  2060  +2.3337943223      9559  +2.3337402344  -5.409e-05
  2061  +2.3343607085      9562  +2.3344726562  +1.119e-04
  2062  +2.3349269573      9564  +2.3349609375  +3.398e-05
  2063  +2.3354930688      9566  +2.3354492188  -4.385e-05
  2064  +2.3360590432      9568  +2.3359375000  -1.215e-04
  2065  +2.3366248804      9571  +2.3366699219  +4.504e-05
  2066  +2.3371905807      9573  +2.3371582031  -3.238e-05
  2067  +2.3377561440      9575  +2.3376464844  -1.097e-04
  2068  +2.3383215706      9578  +2.3383789062  +5.734e-05
  2069  +2.3388868605      9580  +2.3388671875  -1.967e-05
  2070  +2.3394520138      9582  +2.3393554688  -9.655e-05
  2071  +2.3400170306      9585  +2.3400878906  +7.086e-05
  2072  +2.3405819110      9587  +2.3405761719  -5.739e-06
  2073  +2.3411466551      9589  +2.3410644531  -8.220e-05
  2074  +2.3417112630      9592  +2.3417968750  +8.561e-05
  2075  +2.3422757348      9594  +2.3422851562  +9.421e-06
  2076  +2.3428400706      9596  +2.3427734375  -6.663e-05
  2077  +2.3434042705      9599  +2.3435058594  +1.016e-04
  2078  +2.3439683346      9601  +2.3439941406  +2.581e-05
  2079  +2.3445322630      9603  +2.3444824219  -4.984e-05
  2080  +2.3450960558      9606  +2.3452148438  +1.188e-04
  2081  +2.3456597131      9608  +2.3457031250  +4.341e-05
  2082  +2.3462232349      9610  +2.3461914062  -3.183e-05
  2083  +2.3467866215      9612  +2.3466796875  -1.069e-04
  2084  +2.3473498728      9615  +2.3474121094  +6.224e-05
  2085  +2.3479129890      9617  +2.3479003906  -1.260e-05
  2086  +2.3484759702      9619  +2.3483886719  -8.730e-05
  2087  +2.3490388164      9622  +2.3491210938  +8.228e-05
  2088  +2.3496015279      9624  +2.3496093750  +7.847e-06
  2089  +2.3501641046      9626  +2.3500976562  -6.645e-05
  2090  +2.3507265466      9629  +2.3508300781  +1.035e-04
  2091  +2.3512888541      9631  +2.3513183594  +2.951e-05
  2092  +2.3518510272      9633  +2.3518066406  -4.439e-05
  2093  +2.3524130659      9635  +2.3522949219  -1.181e-04
  2094  +2.3529749704      9638  +2.3530273438  +5.237e-05
  2095  +2.3535367407      9640  +2.3535156250  -2.112e-05
  2096  +2.3540983770      9642  +2.3540039062  -9.447e-05
  2097  +2.3546598793      9645  +2.3547363281  +7.645e-05
  2098  +2.3552212478      9647  +2.3552246094  +3.362e-06
  2099  +2.3557824824      9649  +2.3557128906  -6.959e-05
  2100  +2.3563435834      9652  +2.3564453125  +1.017e-04
  2101  +2.3569045508      9654  +2.3569335938  +2.904e-05
  2102  +2.3574653848      9656  +2.3574218750  -4.351e-05
  2103  +2.3580260853      9658  +2.3579101562  -1.159e-04
  2104  +2.3585866525      9661  +2.3586425781  +5.593e-05
  2105  +2.3591470866      9663  +2.3591308594  -1.623e-05
  2106  +2.3597073875      9665  +2.3596191406  -8.825e-05
  2107  +2.3602675555      9668  +2.3603515625  +8.401e-05
  2108  +2.3608275905      9670  +2.3608398438  +1.225e-05
  2109  +2.3613874927      9672  +2.3613281250  -5.937e-05
  2110  +2.3619472622      9675  +2.3620605469  +1.133e-04
  2111  +2.3625068990      9677  +2.3625488281  +4.193e-05
  2112  +2.3630664033      9679  +2.3630371094  -2.929e-05
  2113  +2.3636257752      9681  +2.3635253906  -1.004e-04
  2114  +2.3641850147      9684  +2.3642578125  +7.280e-05
  2115  +2.3647441219      9686  +2.3647460938  +1.972e-06
  2116  +2.3653030970      9688  +2.3652343750  -6.872e-05
  2117  +2.3658619401      9691  +2.3659667969  +1.049e-04
  2118  +2.3664206511      9693  +2.3664550781  +3.443e-05
  2119  +2.3669792303      9695  +2.3669433594  -3.587e-05
  2120  +2.3675376777      9697  +2.3674316406  -1.060e-04
  2121  +2.3680959934      9700  +2.3681640625  +6.807e-05
  2122  +2.3686541775      9702  +2.3686523438  -1.834e-06
  2123  +2.3692122301      9704  +2.3691406250  -7.161e-05
  2124  +2.3697701513      9707  +2.3698730469  +1.029e-04
  2125  +2.3703279411      9709  +2.3703613281  +3.339e-05
  2126  +2.3708855997      9711  +2.3708496094  -3.599e-05
  2127  +2.3714431272      9713  +2.3713378906  -1.052e-04
  2128  +2.3720005237      9716  +2.3720703125  +6.979e-05
  2129  +2.3725577891      9718  +2.3725585938  +8.046e-07
  2130  +2.3731149238      9720  +2.3730468750  -6.805e-05
  2131  +2.3736719276      9723  +2.3737792969  +1.074e-04
  2132  +2.3742288008      9725  +2.3742675781  +3.878e-05
  2133  +2.3747855434      9727  +2.3747558594  -2.968e-05
  2134  +2.3753421555      9729  +2.3752441406  -9.801e-05
  2135  +2.3758986372      9732  +2.3759765625  +7.793e-05
  2136  +2.3764549887      9734  +2.3764648438  +9.855e-06
  2137  +2.3770112098      9736  +2.3769531250  -5.808e-05
  2138  +2.3775673009      9739  +2.3776855469  +1.182e-04
  2139  +2.3781232619      9741  +2.3781738281  +5.057e-05
  2140  +2.3786790930      9743  +2.3786621094  -1.698e-05
  2141  +2.3792347942      9745  +2.3791503906  -8.440e-05
  2142  +2.3797903657      9748  +2.3798828125  +9.245e-05
  2143  +2.3803458075      9750  +2.3803710938  +2.529e-05
  2144  +2.3809011197      9752  +2.3808593750  -4.174e-05
  2145  +2.3814563025      9754  +2.3813476562  -1.086e-04
  2146  +2.3820113558      9757  +2.3820800781  +6.872e-05
  2147  +2.3825662798      9759  +2.3825683594  +2.080e-06
  2148  +2.3831210746      9761  +2.3830566406  -6.443e-05
  2149  +2.3836757403      9764  +2.3837890625  +1.133e-04
  2150  +2.3842302770      9766  +2.3842773438  +4.707e-05
  2151  +2.3847846847      9768  +2.3847656250  -1.906e-05
  2152  +2.3853389635      9770  +2.3852539062  -8.506e-05
  2153  +2.3858931136      9773  +2.3859863281  +9.321e-05
  2154  +2.3864471350      9775  +2.3864746094  +2.747e-05
  2155  +2.3870010278      9777  +2.3869628906  -3.814e-05
  2156  +2.3875547921      9779  +2.3874511719  -1.036e-04
  2157  +2.3881084280      9782  +2.3881835938  +7.517e-05
  2158  +2.3886619356      9784  +2.3886718750  +9.939e-06
  2159  +2.3892153149      9786  +2.3891601562  -5.516e-05
  2160  +2.3897685662      9788  +2.3896484375  -1.201e-04
  2161  +2.3903216893      9791  +2.3903808594  +5.917e-05
  2162  +2.3908746845      9793  +2.3908691406  -5.544e-06
  2163  +2.3914275518      9795  +2.3913574219  -7.013e-05
  2164  +2.3919802913      9798  +2.3920898438  +1.096e-04
  2165  +2.3925329032      9800  +2.3925781250  +4.522e-05
  2166  +2.3930853874      9802  +2.3930664062  -1.898e-05
  2167  +2.3936377441      9804  +2.3935546875  -8.306e-05
  2168  +2.3941899734      9807  +2.3942871094  +9.714e-05
  2169  +2.3947420753      9809  +2.3947753906  +3.332e-05
  2170  +2.3952940500      9811  +2.3952636719  -3.038e-05
  2171  +2.3958458975      9813  +2.3957519531  -9.394e-05
  2172  +2.3963976179      9816  +2.3964843750  +8.676e-05
  2173  +2.3969492113      9818  +2.3969726562  +2.344e-05
  2174  +2.3975006779      9820  +2.3974609375  -3.974e-05
  2175  +2.3980520176      9822  +2.3979492188  -1.028e-04
  2176  +2.3986032305      9825  +2.3986816406  +7.841e-05
  2177  +2.3991543169      9827  +2.3991699219  +1.561e-05
  2178  +2.3997052766      9829  +2.3996582031  -4.707e-05
  2179  +2.4002561100      9831  +2.4001464844  -1.096e-04
  2180  +2.4008068169      9834  +2.4008789062  +7.209e-05
  2181  +2.4013573975      9836  +2.4013671875  +9.790e-06
  2182  +2.4019078519      9838  +2.4018554688  -5.238e-05
  2183  +2.4024581802      9840  +2.4023437500  -1.144e-04
  2184  +2.4030083825      9843  +2.4030761719  +6.779e-05
  2185  +2.4035584588      9845  +2.4035644531  +5.994e-06
  2186  +2.4041084093      9847  +2.4040527344  -5.567e-05
  2187  +2.4046582340      9849  +2.4045410156  -1.172e-04
  2188  +2.4052079330      9852  +2.4052734375  +6.550e-05
  2189  +2.4057575064      9854  +2.4057617188  +4.212e-06
  2190  +2.4063069543      9856  +2.4062500000  -5.695e-05
  2191  +2.4068562767      9858  +2.4067382812  -1.180e-04
  2192  +2.4074054738      9861  +2.4074707031  +6.523e-05
  2193  +2.4079545457      9863  +2.4079589844  +4.439e-06
  2194  +2.4085034923      9865  +2.4084472656  -5.623e-05
  2195  +2.4090523139      9867  +2.4089355469  -1.168e-04
  2196  +2.4096010105      9870  +2.4096679688  +6.696e-05
  2197  +2.4101495822      9872  +2.4101562500  +6.668e-06
  2198  +2.4106980290      9874  +2.4106445312  -5.350e-05
  2199  +2.4112463511      9876  +2.4111328125  -1.135e-04
  2200  +2.4117945485      9879  +2.4118652344  +7.069e-05
  2201  +2.4123426214      9881  +2.4123535156  +1.089e-05
  2202  +2.4128905697      9883  +2.4128417969  -4.877e-05
  2203  +2.4134383937      9885  +2.4133300781  -1.083e-04
  2204  +2.4139860933      9888  +2.4140625000  +7.641e-05
  2205  +2.4145336687      9890  +2.4145507812  +1.711e-05
  2206  +2.4150811199      9892  +2.4150390625  -4.206e-05
  2207  +2.4156284471      9894  +2.4155273438  -1.011e-04
  2208  +2.4161756503      9897  +2.4162597656  +8.412e-05
  2209  +2.4167227296      9899  +2.4167480469  +2.532e-05
  2210  +2.4172696851      9901  +2.4172363281  -3.336e-05
  2211  +2.4178165168      9903  +2.4177246094  -9.191e-05
  2212  +2.4183632249      9906  +2.4184570312  +9.381e-05
  2213  +2.4189098094      9908  +2.4189453125  +3.550e-05
  2214  +2.4194562705      9910  +2.4194335938  -2.268e-05
  2215  +2.4200026081      9912  +2.4199218750  -8.073e-05
  2216  +2.4205488225      9915  +2.4206542969  +1.055e-04
  2217  +2.4210949136      9917  +2.4211425781  +4.766e-05
  2218  +2.4216408816      9919  +2.4216308594  -1.002e-05
  2219  +2.4221867265      9921  +2.4221191406  -6.759e-05
  2220  +2.4227324484      9924  +2.4228515625  +1.191e-04
  2221  +2.4232780474      9926  +2.4233398438  +6.180e-05
  2222  +2.4238235236      9928  +2.4238281250  +4.601e-06
  2223  +2.4243688771      9930  +2.4243164062  -5.247e-05
  2224  +2.4249141079      9932  +2.4248046875  -1.094e-04
  2225  +2.4254592162      9935  +2.4255371094  +7.789e-05
  2226  +2.4260042020      9937  +2.4260253906  +2.119e-05
  2227  +2.4265490654      9939  +2.4265136719  -3.539e-05
  2228  +2.4270938064      9941  +2.4270019531  -9.185e-05
  2229  +2.4276384253      9944  +2.4277343750  +9.595e-05
  2230  +2.4281829220      9946  +2.4282226562  +3.973e-05
  2231  +2.4287272966      9948  +2.4287109375  -1.636e-05
  2232  +2.4292715492      9950  +2.4291992188  -7.233e-05
  2233  +2.4298156799      9953  +2.4299316406  +1.160e-04
  2234  +2.4303596888      9955  +2.4304199219  +6.023e-05
  2235  +2.4309035760      9957  +2.4309082031  +4.627e-06
  2236  +2.4314473414      9959  +2.4313964844  -5.086e-05
  2237  +2.4319909853      9961  +2.4318847656  -1.062e-04
  2238  +2.4325345078      9964  +2.4326171875  +8.268e-05
  2239  +2.4330779087      9966  +2.4331054688  +2.756e-05
  2240  +2.4336211884      9968  +2.4335937500  -2.744e-05
  2241  +2.4341643468      9970  +2.4340820312  -8.232e-05
  2242  +2.4347073840      9973  +2.4348144531  +1.071e-04
  2243  +2.4352503002      9975  +2.4353027344  +5.243e-05
  2244  +2.4357930953      9977  +2.4357910156  -2.080e-06
  2245  +2.4363357695      9979  +2.4362792969  -5.647e-05
  2246  +2.4368783228      9981  +2.4367675781  -1.107e-04
  2247  +2.4374207554      9984  +2.4375000000  +7.924e-05
  2248  +2.4379630673      9986  +2.4379882812  +2.521e-05
  2249  +2.4385052586      9988  +2.4384765625  -2.870e-05
  2250  +2.4390473293      9990  +2.4389648438  -8.249e-05
  2251  +2.4395892796      9993  +2.4396972656  +1.080e-04
  2252  +2.4401311096      9995  +2.4401855469  +5.444e-05
  2253  +2.4406728192      9997  +2.4406738281  +1.009e-06
  2254  +2.4412144087      9999  +2.4411621094  -5.230e-05
  2255  +2.4417558780     10001  +2.4416503906  -1.055e-04
  2256  +2.4422972273     10004  +2.4423828125  +8.559e-05
  2257  +2.4428384566     10006  +2.4428710938  +3.264e-05
  2258  +2.4433795660     10008  +2.4433593750  -2.019e-05
  2259  +2.4439205556     10010  +2.4438476562  -7.290e-05
  2260  +2.4444614255     10013  +2.4445800781  +1.187e-04
  2261  +2.4450021758     10015  +2.4450683594  +6.618e-05
  2262  +2.4455428064     10017  +2.4455566406  +1.383e-05
  2263  +2.4460833176     10019  +2.4460449219  -3.840e-05
  2264  +2.4466237094     10021  +2.4465332031  -9.051e-05
  2265  +2.4471639818     10024  +2.4472656250  +1.016e-04
  2266  +2.4477041350     10026  +2.4477539062  +4.977e-05
  2267  +2.4482441690     10028  +2.4482421875  -1.982e-06
  2268  +2.4487840839     10030  +2.4487304688  -5.362e-05
  2269  +2.4493238798     10032  +2.4492187500  -1.051e-04
  2270  +2.4498635568     10035  +2.4499511719  +8.762e-05
  2271  +2.4504031149     10037  +2.4504394531  +3.634e-05
  2272  +2.4509425542     10039  +2.4509277344  -1.482e-05
  2273  +2.4514818749     10041  +2.4514160156  -6.586e-05
  2274  +2.4520210769     10043  +2.4519042969  -1.168e-04
  2275  +2.4525601603     10046  +2.4526367188  +7.656e-05
  2276  +2.4530991253     10048  +2.4531250000  +2.587e-05
  2277  +2.4536379719     10050  +2.4536132812  -2.469e-05
  2278  +2.4541767002     10052  +2.4541015625  -7.514e-05
  2279  +2.4547153103     10055  +2.4548339844  +1.187e-04
  2280  +2.4552538022     10057  +2.4553222656  +6.846e-05
  2281  +2.4557921760     10059  +2.4558105469  +1.837e-05
  2282  +2.4563304318     10061  +2.4562988281  -3.160e-05
  2283  +2.4568685697     10063  +2.4567871094  -8.146e-05
  2284  +2.4574065898     10066  +2.4575195312  +1.129e-04
  2285  +2.4579444921     10068  +2.4580078125  +6.332e-05
  2286  +2.4584822767     10070  +2.4584960938  +1.382e-05
  2287  +2.4590199437     10072  +2.4589843750  -3.557e-05
  2288  +2.4595574931     10074  +2.4594726562  -8.484e-05
  2289  +2.4600949251     10077  +2.4602050781  +1.102e-04
  2290  +2.4606322397     10079  +2.4606933594  +6.112e-05
  2291  +2.4611694370     10081  +2.4611816406  +1.220e-05
  2292  +2.4617065171     10083  +2.4616699219  -3.660e-05
  2293  +2.4622434800     10085  +2.4621582031  -8.528e-05
  2294  +2.4627803259     10088  +2.4628906250  +1.103e-04
  2295  +2.4633170548     10090  +2.4633789062  +6.185e-05
  2296  +2.4638536667     10092  +2.4638671875  +1.352e-05
  2297  +2.4643901618     10094  +2.4643554688  -3.469e-05
  2298  +2.4649265401     10096  +2.4648437500  -8.279e-05
  2299  +2.4654628017     10099  +2.4655761719  +1.134e-04
  2300  +2.4659989467     10101  +2.4660644531  +6.551e-05
  2301  +2.4665349752     10103  +2.4665527344  +1.776e-05
  2302  +2.4670708872     10105  +2.4670410156  -2.987e-05
  2303  +2.4676066828     10107  +2.4675292969  -7.739e-05
  2304  +2.4681423621     10110  +2.4682617188  +1.194e-04
  2305  +2.4686779252     10112  +2.4687500000  +7.207e-05
  2306  +2.4692133721     10114  +2.4692382812  +2.491e-05
  2307  +2.4697487029     10116  +2.4697265625  -2.214e-05
  2308  +2.4702839177     10118  +2.4702148438  -6.907e-05
  2309  +2.4708190166     10120  +2.4707031250  -1.159e-04
  2310  +2.4713539996     10123  +2.4714355469  +8.155e-05
  2311  +2.4718888668     10125  +2.4719238281  +3.496e-05
  2312  +2.4724236184     10127  +2.4724121094  -1.151e-05
  2313  +2.4729582542     10129  +2.4729003906  -5.786e-05
  2314  +2.4734927746     10131  +2.4733886719  -1.041e-04
  2315  +2.4740271794     10134  +2.4741210938  +9.391e-05
  2316  +2.4745614688     10136  +2.4746093750  +4.791e-05
  2317  +2.4750956429     10138  +2.4750976562  +2.013e-06
  2318  +2.4756297018     10140  +2.4755859375  -4.376e-05
  2319  +2.4761636454     10142  +2.4760742188  -8.943e-05
  2320  +2.4766974740     10145  +2.4768066406  +1.092e-04
  2321  +2.4772311875     10147  +2.4772949219  +6.373e-05
  2322  +2.4777647860     10149  +2.4777832031  +1.842e-05
  2323  +2.4782982697     10151  +2.4782714844  -2.679e-05
  2324  +2.4788316385     10153  +2.4787597656  -7.187e-05
  2325  +2.4793648926     10155  +2.4792480469  -1.168e-04
  2326  +2.4798980320     10158  +2.4799804688  +8.244e-05
  2327  +2.4804310569     10160  +2.4804687500  +3.769e-05
  2328  +2.4809639672     10162  +2.4809570312  -6.936e-06
  2329  +2.4814967630     10164  +2.4814453125  -5.145e-05
  2330  +2.4820294446     10166  +2.4819335938  -9.585e-05
  2331  +2.4825620118     10169  +2.4826660156  +1.040e-04
  2332  +2.4830944647     10171  +2.4831542969  +5.983e-05
  2333  +2.4836268036     10173  +2.4836425781  +1.577e-05
  2334  +2.4841590283     10175  +2.4841308594  -2.817e-05
  2335  +2.4846911391     10177  +2.4846191406  -7.200e-05
  2336  +2.4852231359     10179  +2.4851074219  -1.157e-04
  2337  +2.4857550189     10182  +2.4858398438  +8.482e-05
  2338  +2.4862867881     10184  +2.4863281250  +4.134e-05
  2339  +2.4868184435     10186  +2.4868164062  -2.037e-06
  2340  +2.4873499854     10188  +2.4873046875  -4.530e-05
  2341  +2.4878814136     10190  +2.4877929688  -8.844e-05
  2342  +2.4884127284     10193  +2.4885253906  +1.127e-04
  2343  +2.4889439298     10195  +2.4890136719  +6.974e-05
  2344  +2.4894750178     10197  +2.4895019531  +2.694e-05
  2345  +2.4900059925     10199  +2.4899902344  -1.576e-05
  2346  +2.4905368541     10201  +2.4904785156  -5.834e-05
  2347  +2.4910676025     10203  +2.4909667969  -1.008e-04
  2348  +2.4915982378     10206  +2.4916992188  +1.010e-04
  2349  +2.4921287602     10208  +2.4921875000  +5.874e-05
  2350  +2.4926591696     10210  +2.4926757812  +1.661e-05
  2351  +2.4931894662     10212  +2.4931640625  -2.540e-05
  2352  +2.4937196501     10214  +2.4936523438  -6.731e-05
  2353  +2.4942497212     10216  +2.4941406250  -1.091e-04
  2354  +2.4947796797     10219  +2.4948730469  +9.337e-05
  2355  +2.4953095257     10221  +2.4953613281  +5.180e-05
  2356  +2.4958392592     10223  +2.4958496094  +1.035e-05
  2357  +2.4963688802     10225  +2.4963378906  -3.099e-05
  2358  +2.4968983889     10227  +2.4968261719  -7.222e-05
  2359  +2.4974277854     10229  +2.4973144531  -1.133e-04
  2360  +2.4979570697     10232  +2.4980468750  +8.981e-05
  2361  +2.4984862418     10234  +2.4985351562  +4.891e-05
  2362  +2.4990153019     10236  +2.4990234375  +8.136e-06
  2363  +2.4995442500     10238  +2.4995117188  -3.253e-05
  2364  +2.5000730862     10240  +2.5000000000  -7.309e-05
  2365  +2.5006018106     10242  +2.5004882812  -1.135e-04
  2366  +2.5011304232     10245  +2.5012207031  +9.028e-05
  2367  +2.5016589240     10247  +2.5017089844  +5.006e-05
  2368  +2.5021873133     10249  +2.5021972656  +9.952e-06
  2369  +2.5027155910     10251  +2.5026855469  -3.004e-05
  2370  +2.5032437572     10253  +2.5031738281  -6.993e-05
  2371  +2.5037718120     10255  +2.5036621094  -1.097e-04
  2372  +2.5042997555     10258  +2.5043945312  +9.478e-05
  2373  +2.5048275877     10260  +2.5048828125  +5.522e-05
  2374  +2.5053553086     10262  +2.5053710938  +1.579e-05
  2375  +2.5058829185     10264  +2.5058593750  -2.354e-05
  2376  +2.5064104173     10266  +2.5063476562  -6.276e-05
  2377  +2.5069378050     10268  +2.5068359375  -1.019e-04
  2378  +2.5074650819     10271  +2.5075683594  +1.033e-04
  2379  +2.5079922479     10273  +2.5080566406  +6.439e-05
  2380  +2.5085193031     10275  +2.5085449219  +2.562e-05
  2381  +2.5090462476     10277  +2.5090332031  -1.304e-05
  2382  +2.5095730815     10279  +2.5095214844  -5.160e-05
  2383  +2.5100998048     10281  +2.5100097656  -9.004e-05
  2384  +2.5106264176     10284  +2.5107421875  +1.158e-04
  2385  +2.5111529199     10286  +2.5112304688  +7.755e-05
  2386  +2.5116793119     10288  +2.5117187500  +3.944e-05
  2387  +2.5122055936     10290  +2.5122070312  +1.438e-06
  2388  +2.5127317650     10292  +2.5126953125  -3.645e-05
  2389  +2.5132578263     10294  +2.5131835938  -7.423e-05
  2390  +2.5137837776     10296  +2.5136718750  -1.119e-04
  2391  +2.5143096187     10299  +2.5144042969  +9.468e-05
  2392  +2.5148353500     10301  +2.5148925781  +5.723e-05
  2393  +2.5153609713     10303  +2.5153808594  +1.989e-05
  2394  +2.5158864829     10305  +2.5158691406  -1.734e-05
  2395  +2.5164118847     10307  +2.5163574219  -5.446e-05
  2396  +2.5169371768     10309  +2.5168457031  -9.147e-05
  2397  +2.5174623593     10312  +2.5175781250  +1.158e-04
  2398  +2.5179874323     10314  +2.5180664062  +7.897e-05
  2399  +2.5185123958     10316  +2.5185546875  +4.229e-05
  2400  +2.5190372499     10318  +2.5190429688  +5.719e-06
  2401  +2.5195619947     10320  +2.5195312500  -3.074e-05
  2402  +2.5200866302     10322  +2.5200195312  -6.710e-05
  2403  +2.5206111565     10324  +2.5205078125  -1.033e-04
  2404  +2.5211355737     10327  +2.5212402344  +1.047e-04
  2405  +2.5216598818     10329  +2.5217285156  +6.863e-05
  2406  +2.5221840809     10331  +2.5222167969  +3.272e-05
  2407  +2.5227081711     10333  +2.5227050781  -3.093e-06
  2408  +2.5232321525     10335  +2.5231933594  -3.879e-05
  2409  +2.5237560250     10337  +2.5236816406  -7.438e-05
  2410  +2.5242797889     10339  +2.5241699219  -1.099e-04
  2411  +2.5248034441     10342  +2.5249023438  +9.890e-05
  2412  +2.5253269907     10344  +2.5253906250  +6.363e-05
  2413  +2.5258504287     10346  +2.5258789062  +2.848e-05
  2414  +2.5263737584     10348  +2.5263671875  -6.571e-06
  2415  +2.5268969796     10350  +2.5268554688  -4.151e-05
  2416  +2.5274200925     10352  +2.5273437500  -7.634e-05
  2417  +2.5279430972     10354  +2.5278320312  -1.111e-04
  2418  +2.5284659937     10357  +2.5285644531  +9.846e-05
  2419  +2.5289887821     10359  +2.5290527344  +6.395e-05
  2420  +2.5295114624     10361  +2.5295410156  +2.955e-05
  2421  +2.5300340348     10363  +2.5300292969  -4.738e-06
  2422  +2.5305564992     10365  +2.5305175781  -3.892e-05
  2423  +2.5310788558     10367  +2.5310058594  -7.300e-05
  2424  +2.5316011046     10369  +2.5314941406  -1.070e-04
  2425  +2.5321232458     10372  +2.5322265625  +1.033e-04
  2426  +2.5326452792     10374  +2.5327148438  +6.956e-05
  2427  +2.5331672051     10376  +2.5332031250  +3.592e-05
  2428  +2.5336890234     10378  +2.5336914062  +2.383e-06
  2429  +2.5342107344     10380  +2.5341796875  -3.105e-05
  2430  +2.5347323379     10382  +2.5346679688  -6.437e-05
  2431  +2.5352538341     10384  +2.5351562500  -9.758e-05
  2432  +2.5357752231     10387  +2.5358886719  +1.134e-04
  2433  +2.5362965049     10389  +2.5363769531  +8.045e-05
  2434  +2.5368176795     10391  +2.5368652344  +4.755e-05
  2435  +2.5373387471     10393  +2.5373535156  +1.477e-05
  2436  +2.5378597078     10395  +2.5378417969  -1.791e-05
  2437  +2.5383805615     10397  +2.5383300781  -5.048e-05
  2438  +2.5389013084     10399  +2.5388183594  -8.295e-05
  2439  +2.5394219484     10401  +2.5393066406  -1.153e-04
  2440  +2.5399424818     10404  +2.5400390625  +9.658e-05
  2441  +2.5404629085     10406  +2.5405273438  +6.444e-05
  2442  +2.5409832286     10408  +2.5410156250  +3.240e-05
  2443  +2.5415034422     10410  +2.5415039062  +4.641e-07
  2444  +2.5420235493     10412  +2.5419921875  -3.136e-05
  2445  +2.5425435500     10414  +2.5424804688  -6.308e-05
  2446  +2.5430634445     10416  +2.5429687500  -9.469e-05
  2447  +2.5435832326     10419  +2.5437011719  +1.179e-04
  2448  +2.5441029145     10421  +2.5441894531  +8.654e-05
  2449  +2.5446224903     10423  +2.5446777344  +5.524e-05
  2450  +2.5451419601     10425  +2.5451660156  +2.406e-05
  2451  +2.5456613238     10427  +2.5456542969  -7.027e-06
  2452  +2.5461805816     10429  +2.5461425781  -3.800e-05
  2453  +2.5466997335     10431  +2.5466308594  -6.887e-05
  2454  +2.5472187796     10433  +2.5471191406  -9.964e-05
  2455  +2.5477377200     10436  +2.5478515625  +1.138e-04
  2456  +2.5482565547     10438  +2.5483398438  +8.329e-05
  2457  +2.5487752838     10440  +2.5488281250  +5.284e-05
  2458  +2.5492939073     10442  +2.5493164062  +2.250e-05
  2459  +2.5498124253     10444  +2.5498046875  -7.738e-06
  2460  +2.5503308380     10446  +2.5502929688  -3.787e-05
  2461  +2.5508491452     10448  +2.5507812500  -6.790e-05
  2462  +2.5513673472     10450  +2.5512695312  -9.782e-05
  2463  +2.5518854439     10453  +2.5520019531  +1.165e-04
  2464  +2.5524034355     10455  +2.5524902344  +8.680e-05
  2465  +2.5529213220     10457  +2.5529785156  +5.719e-05
  2466  +2.5534391034     10459  +2.5534667969  +2.769e-05
  2467  +2.5539567798     10461  +2.5539550781  -1.702e-06
  2468  +2.5544743514     10463  +2.5544433594  -3.099e-05
  2469  +2.5549918181     10465  +2.5549316406  -6.018e-05
  2470  +2.5555091800     10467  +2.5554199219  -8.926e-05
  2471  +2.5560264372     10469  +2.5559082031  -1.182e-04
  2472  +2.5565435898     10472  +2.5566406250  +9.704e-05
  2473  +2.5570606377     10474  +2.5571289062  +6.827e-05
  2474  +2.5575775812     10476  +2.5576171875  +3.961e-05
  2475  +2.5580944201     10478  +2.5581054688  +1.105e-05
  2476  +2.5586111547     10480  +2.5585937500  -1.740e-05
  2477  +2.5591277849     10482  +2.5590820312  -4.575e-05
  2478  +2.5596443108     10484  +2.5595703125  -7.400e-05
  2479  +2.5601607326     10486  +2.5600585938  -1.021e-04
  2480  +2.5606770502     10489  +2.5607910156  +1.140e-04
  2481  +2.5611932637     10491  +2.5612792969  +8.603e-05
  2482  +2.5617093732     10493  +2.5617675781  +5.820e-05
  2483  +2.5622253787     10495  +2.5622558594  +3.048e-05
  2484  +2.5627412803     10497  +2.5627441406  +2.860e-06
  2485  +2.5632570781     10499  +2.5632324219  -2.466e-05
  2486  +2.5637727721     10501  +2.5637207031  -5.207e-05
  2487  +2.5642883624     10503  +2.5642089844  -7.938e-05
  2488  +2.5648038491     10505  +2.5646972656  -1.066e-04
  2489  +2.5653192321     10508  +2.5654296875  +1.105e-04
  2490  +2.5658345117     10510  +2.5659179688  +8.346e-05
  2491  +2.5663496878     10512  +2.5664062500  +5.656e-05
  2492  +2.5668647605     10514  +2.5668945312  +2.977e-05
  2493  +2.5673797298     10516  +2.5673828125  +3.083e-06
  2494  +2.5678945959     10518  +2.5678710938  -2.350e-05
  2495  +2.5684093588     10520  +2.5683593750  -4.998e-05
  2496  +2.5689240185     10522  +2.5688476562  -7.636e-05
  2497  +2.5694385752     10524  +2.5693359375  -1.026e-04
  2498  +2.5699530288     10527  +2.5700683594  +1.153e-04
  2499  +2.5704673795     10529  +2.5705566406  +8.926e-05
  2500  +2.5709816272     10531  +2.5710449219  +6.329e-05
  2501  +2.5714957721     10533  +2.5715332031  +3.743e-05
  2502  +2.5720098143     10535  +2.5720214844  +1.167e-05
  2503  +2.5725237537     10537  +2.5725097656  -1.399e-05
  2504  +2.5730375905     10539  +2.5729980469  -3.954e-05
  2505  +2.5735513246     10541  +2.5734863281  -6.500e-05
  2506  +2.5740649563     10543  +2.5739746094  -9.035e-05
  2507  +2.5745784855     10545  +2.5744628906  -1.156e-04
  2508  +2.5750919122     10548  +2.5751953125  +1.034e-04
  2509  +2.5756052366     10550  +2.5756835938  +7.836e-05
  2510  +2.5761184588     10552  +2.5761718750  +5.342e-05
  2511  +2.5766315787     10554  +2.5766601562  +2.858e-05
  2512  +2.5771445964     10556  +2.5771484375  +3.841e-06
  2513  +2.5776575121     10558  +2.5776367188  -2.079e-05
  2514  +2.5781703256     10560  +2.5781250000  -4.533e-05
  2515  +2.5786830373     10562  +2.5786132812  -6.976e-05
  2516  +2.5791956470     10564  +2.5791015625  -9.408e-05
  2517  +2.5797081548     10566  +2.5795898438  -1.183e-04
  2518  +2.5802205608     10569  +2.5803222656  +1.017e-04
  2519  +2.5807328651     10571  +2.5808105469  +7.768e-05
  2520  +2.5812450677     10573  +2.5812988281  +5.376e-05
  2521  +2.5817571687     10575  +2.5817871094  +2.994e-05
  2522  +2.5822691682     10577  +2.5822753906  +6.222e-06
  2523  +2.5827810661     10579  +2.5827636719  -1.739e-05
  2524  +2.5832928626     10581  +2.5832519531  -4.091e-05
  2525  +2.5838045578     10583  +2.5837402344  -6.432e-05
  2526  +2.5843161516     10585  +2.5842285156  -8.764e-05
  2527  +2.5848276442     10587  +2.5847167969  -1.108e-04
  2528  +2.5853390355     10590  +2.5854492188  +1.102e-04
  2529  +2.5858503258     10592  +2.5859375000  +8.717e-05
  2530  +2.5863615149     10594  +2.5864257812  +6.427e-05
  2531  +2.5868726031     10596  +2.5869140625  +4.146e-05
  2532  +2.5873835902     10598  +2.5874023438  +1.875e-05
  2533  +2.5878944765     10600  +2.5878906250  -3.852e-06
  2534  +2.5884052620     10602  +2.5883789062  -2.636e-05
  2535  +2.5889159467     10604  +2.5888671875  -4.876e-05
  2536  +2.5894265306     10606  +2.5893554688  -7.106e-05
  2537  +2.5899370139     10608  +2.5898437500  -9.326e-05
  2538  +2.5904473966     10610  +2.5903320312  -1.154e-04
  2539  +2.5909576788     10613  +2.5910644531  +1.068e-04
  2540  +2.5914678605     10615  +2.5915527344  +8.487e-05
  2541  +2.5919779418     10617  +2.5920410156  +6.307e-05
  2542  +2.5924879227     10619  +2.5925292969  +4.137e-05
  2543  +2.5929978033     10621  +2.5930175781  +1.977e-05
  2544  +2.5935075836     10623  +2.5935058594  -1.724e-06
  2545  +2.5940172638     10625  +2.5939941406  -2.312e-05
  2546  +2.5945268439     10627  +2.5944824219  -4.442e-05
  2547  +2.5950363239     10629  +2.5949707031  -6.562e-05
  2548  +2.5955457039     10631  +2.5954589844  -8.672e-05
  2549  +2.5960549839     10633  +2.5959472656  -1.077e-04
  2550  +2.5965641641     10636  +2.5966796875  +1.155e-04
  2551  +2.5970732444     10638  +2.5971679688  +9.472e-05
  2552  +2.5975822249     10640  +2.5976562500  +7.403e-05
  2553  +2.5980911058     10642  +2.5981445312  +5.343e-05
  2554  +2.5985998870     10644  +2.5986328125  +3.293e-05
  2555  +2.5991085685     10646  +2.5991210938  +1.253e-05
  2556  +2.5996171506     10648  +2.5996093750  -7.776e-06
  2557  +2.6001256332     10650  +2.6000976562  -2.798e-05
  2558  +2.6006340163     10652  +2.6005859375  -4.808e-05
  2559  +2.6011423001     10654  +2.6010742188  -6.808e-05
  2560  +2.6016504846     10656  +2.6015625000  -8.798e-05
  2561  +2.6021585699     10658  +2.6020507812  -1.078e-04
  2562  +2.6026665559     10661  +2.6027832031  +1.166e-04
  2563  +2.6031744429     10663  +2.6032714844  +9.704e-05
  2564  +2.6036822307     10665  +2.6037597656  +7.753e-05
  2565  +2.6041899196     10667  +2.6042480469  +5.813e-05
  2566  +2.6046975095     10669  +2.6047363281  +3.882e-05
  2567  +2.6052050005     10671  +2.6052246094  +1.961e-05
  2568  +2.6057123926     10673  +2.6057128906  +4.980e-07
  2569  +2.6062196860     10675  +2.6062011719  -1.851e-05
  2570  +2.6067268806     10677  +2.6066894531  -3.743e-05
  2571  +2.6072339766     10679  +2.6071777344  -5.624e-05
  2572  +2.6077409740     10681  +2.6076660156  -7.496e-05
  2573  +2.6082478728     10683  +2.6081542969  -9.358e-05
  2574  +2.6087546732     10685  +2.6086425781  -1.121e-04
  2575  +2.6092613750     10688  +2.6093750000  +1.136e-04
  2576  +2.6097679786     10690  +2.6098632812  +9.530e-05
  2577  +2.6102744838     10692  +2.6103515625  +7.708e-05
  2578  +2.6107808907     10694  +2.6108398438  +5.895e-05
  2579  +2.6112871994     10696  +2.6113281250  +4.093e-05
  2580  +2.6117934100     10698  +2.6118164062  +2.300e-05
  2581  +2.6122995224     10700  +2.6123046875  +5.165e-06
  2582  +2.6128055369     10702  +2.6127929688  -1.257e-05
  2583  +2.6133114534     10704  +2.6132812500  -3.020e-05
  2584  +2.6138172719     10706  +2.6137695312  -4.774e-05
  2585  +2.6143229926     10708  +2.6142578125  -6.518e-05
  2586  +2.6148286154     10710  +2.6147460938  -8.252e-05
  2587  +2.6153341405     10712  +2.6152343750  -9.977e-05
  2588  +2.6158395680     10714  +2.6157226562  -1.169e-04
  2589  +2.6163448977     10717  +2.6164550781  +1.102e-04
  2590  +2.6168501299     10719  +2.6169433594  +9.323e-05
  2591  +2.6173552646     10721  +2.6174316406  +7.638e-05
  2592  +2.6178603018     10723  +2.6179199219  +5.962e-05
  2593  +2.6183652416     10725  +2.6184082031  +4.296e-05
  2594  +2.6188700840     10727  +2.6188964844  +2.640e-05
  2595  +2.6193748291     10729  +2.6193847656  +9.936e-06
  2596  +2.6198794770     10731  +2.6198730469  -6.430e-06
  2597  +2.6203840277     10733  +2.6203613281  -2.270e-05
  2598  +2.6208884813     10735  +2.6208496094  -3.887e-05
  2599  +2.6213928378     10737  +2.6213378906  -5.495e-05
  2600  +2.6218970973     10739  +2.6218261719  -7.093e-05
  2601  +2.6224012598     10741  +2.6223144531  -8.681e-05
  2602  +2.6229053254     10743  +2.6228027344  -1.026e-04
  2603  +2.6234092941     10745  +2.6232910156  -1.183e-04
  2604  +2.6239131661     10748  +2.6240234375  +1.103e-04
  2605  +2.6244169413     10750  +2.6245117188  +9.478e-05
  2606  +2.6249206198     10752  +2.6250000000  +7.938e-05
  2607  +2.6254242017     10754  +2.6254882812  +6.408e-05
  2608  +2.6259276870     10756  +2.6259765625  +4.888e-05
  2609  +2.6264310758     10758  +2.6264648438  +3.377e-05
  2610  +2.6269343682     10760  +2.6269531250  +1.876e-05
  2611  +2.6274375641     10762  +2.6274414062  +3.842e-06
  2612  +2.6279406637     10764  +2.6279296875  -1.098e-05
  2613  +2.6284436670     10766  +2.6284179688  -2.570e-05
  2614  +2.6289465740     10768  +2.6289062500  -4.032e-05
  2615  +2.6294493849     10770  +2.6293945312  -5.485e-05
  2616  +2.6299520996     10772  +2.6298828125  -6.929e-05
  2617  +2.6304547183     10774  +2.6303710938  -8.362e-05
  2618  +2.6309572409     10776  +2.6308593750  -9.787e-05
  2619  +2.6314596676     10778  +2.6313476562  -1.120e-04
  2620  +2.6319619984     10781  +2.6320800781  +1.181e-04
  2621  +2.6324642333     10783  +2.6325683594  +1.041e-04
  2622  +2.6329663724     10785  +2.6330566406  +9.027e-05
  2623  +2.6334684157     10787  +2.6335449219  +7.651e-05
  2624  +2.6339703634     10789  +2.6340332031  +6.284e-05
  2625  +2.6344722154     10791  +2.6345214844  +4.927e-05
  2626  +2.6349739719     10793  +2.6350097656  +3.579e-05
  2627  +2.6354756328     10795  +2.6354980469  +2.241e-05
  2628  +2.6359771983     10797  +2.6359863281  +9.130e-06
  2629  +2.6364786683     10799  +2.6364746094  -4.059e-06
  2630  +2.6369800430     10801  +2.6369628906  -1.715e-05
  2631  +2.6374813223     10803  +2.6374511719  -3.015e-05
  2632  +2.6379825064     10805  +2.6379394531  -4.305e-05
  2633  +2.6384835953     10807  +2.6384277344  -5.586e-05
  2634  +2.6389845891     10809  +2.6389160156  -6.857e-05
  2635  +2.6394854877     10811  +2.6394042969  -8.119e-05
  2636  +2.6399862914     10813  +2.6398925781  -9.371e-05
  2637  +2.6404870000     10815  +2.6403808594  -1.061e-04
  2638  +2.6409876137     10817  +2.6408691406  -1.185e-04
  2639  +2.6414881326     10820  +2.6416015625  +1.134e-04
  2640  +2.6419885566     10822  +2.6420898438  +1.013e-04
  2641  +2.6424888858     10824  +2.6425781250  +8.924e-05
  2642  +2.6429891203     10826  +2.6430664062  +7.729e-05
  2643  +2.6434892602     10828  +2.6435546875  +6.543e-05
  2644  +2.6439893055     10830  +2.6440429688  +5.366e-05
  2645  +2.6444892562     10832  +2.6445312500  +4.199e-05
  2646  +2.6449891124     10834  +2.6450195312  +3.042e-05
  2647  +2.6454888742     10836  +2.6455078125  +1.894e-05
  2648  +2.6459885415     10838  +2.6459960938  +7.552e-06
  2649  +2.6464881146     10840  +2.6464843750  -3.740e-06
  2650  +2.6469875933     10842  +2.6469726562  -1.494e-05
  2651  +2.6474869778     10844  +2.6474609375  -2.604e-05
  2652  +2.6479862682     10846  +2.6479492188  -3.705e-05
  2653  +2.6484854644     10848  +2.6484375000  -4.796e-05
  2654  +2.6489845665     10850  +2.6489257812  -5.879e-05
  2655  +2.6494835746     10852  +2.6494140625  -6.951e-05
  2656  +2.6499824888     10854  +2.6499023438  -8.015e-05
  2657  +2.6504813090     10856  +2.6503906250  -9.068e-05
  2658  +2.6509800354     10858  +2.6508789062  -1.011e-04
  2659  +2.6514786680     10860  +2.6513671875  -1.115e-04
  2660  +2.6519772068     10862  +2.6518554688  -1.217e-04
  2661  +2.6524756519     10865  +2.6525878906  +1.122e-04
  2662  +2.6529740034     10867  +2.6530761719  +1.022e-04
  2663  +2.6534722612     10869  +2.6535644531  +9.219e-05
  2664  +2.6539704256     10871  +2.6540527344  +8.231e-05
  2665  +2.6544684964     10873  +2.6545410156  +7.252e-05
  2666  +2.6549664738     10875  +2.6550292969  +6.282e-05
  2667  +2.6554643578     10877  +2.6555175781  +5.322e-05
  2668  +2.6559621485     10879  +2.6560058594  +4.371e-05
  2669  +2.6564598459     10881  +2.6564941406  +3.429e-05
  2670  +2.6569574500     10883  +2.6569824219  +2.497e-05
  2671  +2.6574549610     10885  +2.6574707031  +1.574e-05
  2672  +2.6579523789     10887  +2.6579589844  +6.605e-06
  2673  +2.6584497037     10889  +2.6584472656  -2.438e-06
  2674  +2.6589469355     10891  +2.6589355469  -1.139e-05
  2675  +2.6594440743     10893  +2.6594238281  -2.025e-05
  2676  +2.6599411202     10895  +2.6599121094  -2.901e-05
  2677  +2.6604380733     10897  +2.6604003906  -3.768e-05
  2678  +2.6609349335     10899  +2.6608886719  -4.626e-05
  2679  +2.6614317010     10901  +2.6613769531  -5.475e-05
  2680  +2.6619283757     10903  +2.6618652344  -6.314e-05
  2681  +2.6624249578     10905  +2.6623535156  -7.144e-05
  2682  +2.6629214473     10907  +2.6628417969  -7.965e-05
  2683  +2.6634178443     10909  +2.6633300781  -8.777e-05
  2684  +2.6639141488     10911  +2.6638183594  -9.579e-05
  2685  +2.6644103608     10913  +2.6643066406  -1.037e-04
  2686  +2.6649064804     10915  +2.6647949219  -1.116e-04
  2687  +2.6654025076     10917  +2.6652832031  -1.193e-04
  2688  +2.6658984426     10920  +2.6660156250  +1.172e-04
  2689  +2.6663942854     10922  +2.6665039062  +1.096e-04
  2690  +2.6668900359     10924  +2.6669921875  +1.022e-04
  2691  +2.6673856943     10926  +2.6674804688  +9.477e-05
  2692  +2.6678812606     10928  +2.6679687500  +8.749e-05
  2693  +2.6683767349     10930  +2.6684570312  +8.030e-05
  2694  +2.6688721172     10932  +2.6689453125  +7.320e-05
  2695  +2.6693674076     10934  +2.6694335938  +6.619e-05
  2696  +2.6698626061     10936  +2.6699218750  +5.927e-05
  2697  +2.6703577127     10938  +2.6704101562  +5.244e-05
  2698  +2.6708527276     10940  +2.6708984375  +4.571e-05
  2699  +2.6713476507     10942  +2.6713867188  +3.907e-05
  2700  +2.6718424822     10944  +2.6718750000  +3.252e-05
  2701  +2.6723372220     10946  +2.6723632812  +2.606e-05
  2702  +2.6728318703     10948  +2.6728515625  +1.969e-05
  2703  +2.6733264270     10950  +2.6733398438  +1.342e-05
  2704  +2.6738208923     10952  +2.6738281250  +7.233e-06
  2705  +2.6743152661     10954  +2.6743164062  +1.140e-06
  2706  +2.6748095486     10956  +2.6748046875  -4.861e-06
  2707  +2.6753037398     10958  +2.6752929688  -1.077e-05
  2708  +2.6757978396     10960  +2.6757812500  -1.659e-05
  2709  +2.6762918483     10962  +2.6762695312  -2.232e-05
  2710  +2.6767857658     10964  +2.6767578125  -2.795e-05
  2711  +2.6772795921     10966  +2.6772460938  -3.350e-05
  2712  +2.6777733274     10968  +2.6777343750  -3.895e-05
  2713  +2.6782669717     10970  +2.6782226562  -4.432e-05
  2714  +2.6787605250     10972  +2.6787109375  -4.959e-05
  2715  +2.6792539874     10974  +2.6791992188  -5.477e-05
  2716  +2.6797473589     10976  +2.6796875000  -5.986e-05
  2717  +2.6802406396     10978  +2.6801757812  -6.486e-05
  2718  +2.6807338295     10980  +2.6806640625  -6.977e-05
  2719  +2.6812269287     10982  +2.6811523438  -7.458e-05
  2720  +2.6817199373     10984  +2.6816406250  -7.931e-05
  2721  +2.6822128552     10986  +2.6821289062  -8.395e-05
  2722  +2.6827056825     10988  +2.6826171875  -8.850e-05
  2723  +2.6831984194     10990  +2.6831054688  -9.295e-05
  2724  +2.6836910657     10992  +2.6835937500  -9.732e-05
  2725  +2.6841836217     10994  +2.6840820312  -1.016e-04
  2726  +2.6846760873     10996  +2.6845703125  -1.058e-04
  2727  +2.6851684625     10998  +2.6850585938  -1.099e-04
  2728  +2.6856607475     11000  +2.6855468750  -1.139e-04
  2729  +2.6861529423     11002  +2.6860351562  -1.178e-04
  2730  +2.6866450469     11004  +2.6865234375  -1.216e-04
  2731  +2.6871370614     11007  +2.6872558594  +1.188e-04
  2732  +2.6876289858     11009  +2.6877441406  +1.152e-04
  2733  +2.6881208202     11011  +2.6882324219  +1.116e-04
  2734  +2.6886125646     11013  +2.6887207031  +1.081e-04
  2735  +2.6891042191     11015  +2.6892089844  +1.048e-04
  2736  +2.6895957837     11017  +2.6896972656  +1.015e-04
  2737  +2.6900872585     11019  +2.6901855469  +9.829e-05
  2738  +2.6905786435     11021  +2.6906738281  +9.518e-05
  2739  +2.6910699388     11023  +2.6911621094  +9.217e-05
  2740  +2.6915611444     11025  +2.6916503906  +8.925e-05
  2741  +2.6920522604     11027  +2.6921386719  +8.641e-05
  2742  +2.6925432868     11029  +2.6926269531  +8.367e-05
  2743  +2.6930342237     11031  +2.6931152344  +8.101e-05
  2744  +2.6935250711     11033  +2.6936035156  +7.844e-05
  2745  +2.6940158291     11035  +2.6940917969  +7.597e-05
  2746  +2.6945064976     11037  +2.6945800781  +7.358e-05
  2747  +2.6949970769     11039  +2.6950683594  +7.128e-05
  2748  +2.6954875668     11041  +2.6955566406  +6.907e-05
  2749  +2.6959779676     11043  +2.6960449219  +6.695e-05
  2750  +2.6964682791     11045  +2.6965332031  +6.492e-05
  2751  +2.6969585015     11047  +2.6970214844  +6.298e-05
  2752  +2.6974486348     11049  +2.6975097656  +6.113e-05
  2753  +2.6979386791     11051  +2.6979980469  +5.937e-05
  2754  +2.6984286344     11053  +2.6984863281  +5.769e-05
  2755  +2.6989185007     11055  +2.6989746094  +5.611e-05
  2756  +2.6994082781     11057  +2.6994628906  +5.461e-05
  2757  +2.6998979667     11059  +2.6999511719  +5.321e-05
  2758  +2.7003875665     11061  +2.7004394531  +5.189e-05
  2759  +2.7008770775     11063  +2.7009277344  +5.066e-05
  2760  +2.7013664998     11065  +2.7014160156  +4.952e-05
  2761  +2.7018558335     11067  +2.7019042969  +4.846e-05
  2762  +2.7023450786     11069  +2.7023925781  +4.750e-05
  2763  +2.7028342351     11071  +2.7028808594  +4.662e-05
  2764  +2.7033233030     11073  +2.7033691406  +4.584e-05
  2765  +2.7038122826     11075  +2.7038574219  +4.514e-05
  2766  +2.7043011737     11077  +2.7043457031  +4.453e-05
  2767  +2.7047899764     11079  +2.7048339844  +4.401e-05
  2768  +2.7052786909     11081  +2.7053222656  +4.357e-05
  2769  +2.7057673170     11083  +2.7058105469  +4.323e-05
  2770  +2.7062558550     11085  +2.7062988281  +4.297e-05
  2771  +2.7067443047     11087  +2.7067871094  +4.280e-05
  2772  +2.7072326663     11089  +2.7072753906  +4.272e-05
  2773  +2.7077209399     11091  +2.7077636719  +4.273e-05
  2774  +2.7082091254     11093  +2.7082519531  +4.283e-05
  2775  +2.7086972229     11095  +2.7087402344  +4.301e-05
  2776  +2.7091852325     11097  +2.7092285156  +4.328e-05
  2777  +2.7096731542     11099  +2.7097167969  +4.364e-05
  2778  +2.7101609881     11101  +2.7102050781  +4.409e-05
  2779  +2.7106487342     11103  +2.7106933594  +4.463e-05
  2780  +2.7111363925     11105  +2.7111816406  +4.525e-05
  2781  +2.7116239631     11107  +2.7116699219  +4.596e-05
  2782  +2.7121114461     11109  +2.7121582031  +4.676e-05
  2783  +2.7125988414     11111  +2.7126464844  +4.764e-05
  2784  +2.7130861492     11113  +2.7131347656  +4.862e-05
  2785  +2.7135733695     11115  +2.7136230469  +4.968e-05
  2786  +2.7140605023     11117  +2.7141113281  +5.083e-05
  2787  +2.7145475477     11119  +2.7145996094  +5.206e-05
  2788  +2.7150345058     11121  +2.7150878906  +5.338e-05
  2789  +2.7155213765     11123  +2.7155761719  +5.480e-05
  2790  +2.7160081599     11125  +2.7160644531  +5.629e-05
  2791  +2.7164948561     11127  +2.7165527344  +5.788e-05
  2792  +2.7169814651     11129  +2.7170410156  +5.955e-05
  2793  +2.7174679870     11131  +2.7175292969  +6.131e-05
  2794  +2.7179544218     11133  +2.7180175781  +6.316e-05
  2795  +2.7184407696     11135  +2.7185058594  +6.509e-05
  2796  +2.7189270303     11137  +2.7189941406  +6.711e-05
  2797  +2.7194132042     11139  +2.7194824219  +6.922e-05
  2798  +2.7198992911     11141  +2.7199707031  +7.141e-05
  2799  +2.7203852911     11143  +2.7204589844  +7.369e-05
  2800  +2.7208712044     11145  +2.7209472656  +7.606e-05
  2801  +2.7213570309     11147  +2.7214355469  +7.852e-05
  2802  +2.7218427706     11149  +2.7219238281  +8.106e-05
  2803  +2.7223284237     11151  +2.7224121094  +8.369e-05
  2804  +2.7228139902     11153  +2.7229003906  +8.640e-05
  2805  +2.7232994701     11155  +2.7233886719  +8.920e-05
  2806  +2.7237848635     11157  +2.7238769531  +9.209e-05
  2807  +2.7242701704     11159  +2.7243652344  +9.506e-05
  2808  +2.7247553908     11161  +2.7248535156  +9.812e-05
  2809  +2.7252405249     11163  +2.7253417969  +1.013e-04
  2810  +2.7257255726     11165  +2.7258300781  +1.045e-04
  2811  +2.7262105340     11167  +2.7263183594  +1.078e-04
  2812  +2.7266954091     11169  +2.7268066406  +1.112e-04
  2813  +2.7271801981     11171  +2.7272949219  +1.147e-04
  2814  +2.7276649009     11173  +2.7277832031  +1.183e-04
  2815  +2.7281495175     11175  +2.7282714844  +1.220e-04
  2816  +2.7286340481     11176  +2.7285156250  -1.184e-04
  2817  +2.7291184927     11178  +2.7290039062  -1.146e-04
  2818  +2.7296028513     11180  +2.7294921875  -1.107e-04
  2819  +2.7300871240     11182  +2.7299804688  -1.067e-04
  2820  +2.7305713107     11184  +2.7304687500  -1.026e-04
  2821  +2.7310554117     11186  +2.7309570312  -9.838e-05
  2822  +2.7315394268     11188  +2.7314453125  -9.411e-05
  2823  +2.7320233562     11190  +2.7319335938  -8.976e-05
  2824  +2.7325071999     11192  +2.7324218750  -8.532e-05
  2825  +2.7329909579     11194  +2.7329101562  -8.080e-05
  2826  +2.7334746303     11196  +2.7333984375  -7.619e-05
  2827  +2.7339582172     11198  +2.7338867188  -7.150e-05
  2828  +2.7344417185     11200  +2.7343750000  -6.672e-05
  2829  +2.7349251344     11202  +2.7348632812  -6.185e-05
  2830  +2.7354084648     11204  +2.7353515625  -5.690e-05
  2831  +2.7358917098     11206  +2.7358398438  -5.187e-05
  2832  +2.7363748695     11208  +2.7363281250  -4.674e-05
  2833  +2.7368579439     11210  +2.7368164062  -4.154e-05
  2834  +2.7373409330     11212  +2.7373046875  -3.625e-05
  2835  +2.7378238370     11214  +2.7377929688  -3.087e-05
  2836  +2.7383066557     11216  +2.7382812500  -2.541e-05
  2837  +2.7387893894     11218  +2.7387695312  -1.986e-05
  2838  +2.7392720380     11220  +2.7392578125  -1.423e-05
  2839  +2.7397546015     11222  +2.7397460938  -8.508e-06
  2840  +2.7402370801     11224  +2.7402343750  -2.705e-06
  2841  +2.7407194738     11226  +2.7407226562  +3.182e-06
  2842  +2.7412017825     11228  +2.7412109375  +9.155e-06
  2843  +2.7416840064     11230  +2.7416992188  +1.521e-05
  2844  +2.7421661455     11232  +2.7421875000  +2.135e-05
  2845  +2.7426481999     11234  +2.7426757812  +2.758e-05
  2846  +2.7431301695     11236  +2.7431640625  +3.389e-05
  2847  +2.7436120545     11238  +2.7436523438  +4.029e-05
  2848  +2.7440938548     11240  +2.7441406250  +4.677e-05
  2849  +2.7445755706     11242  +2.7446289062  +5.334e-05
  2850  +2.7450572018     11244  +2.7451171875  +5.999e-05
  2851  +2.7455387486     11246  +2.7456054688  +6.672e-05
  2852  +2.7460202109     11248  +2.7460937500  +7.354e-05
  2853  +2.7465015888     11250  +2.7465820312  +8.044e-05
  2854  +2.7469828823     11252  +2.7470703125  +8.743e-05
  2855  +2.7474640916     11254  +2.7475585938  +9.450e-05
  2856  +2.7479452165     11256  +2.7480468750  +1.017e-04
  2857  +2.7484262573     11258  +2.7485351562  +1.089e-04
  2858  +2.7489072138     11260  +2.7490234375  +1.162e-04
  2859  +2.7493880863     11261  +2.7492675781  -1.205e-04
  2860  +2.7498688746     11263  +2.7497558594  -1.130e-04
  2861  +2.7503495789     11265  +2.7502441406  -1.054e-04
  2862  +2.7508301992     11267  +2.7507324219  -9.778e-05
  2863  +2.7513107355     11269  +2.7512207031  -9.003e-05
  2864  +2.7517911879     11271  +2.7517089844  -8.220e-05
  2865  +2.7522715565     11273  +2.7521972656  -7.429e-05
  2866  +2.7527518412     11275  +2.7526855469  -6.629e-05
  2867  +2.7532320421     11277  +2.7531738281  -5.821e-05
  2868  +2.7537121593     11279  +2.7536621094  -5.005e-05
  2869  +2.7541921928     11281  +2.7541503906  -4.180e-05
  2870  +2.7546721427     11283  +2.7546386719  -3.347e-05
  2871  +2.7551520089     11285  +2.7551269531  -2.506e-05
  2872  +2.7556317916     11287  +2.7556152344  -1.656e-05
  2873  +2.7561114907     11289  +2.7561035156  -7.975e-06
  2874  +2.7565911064     11291  +2.7565917969  +6.905e-07
  2875  +2.7570706387     11293  +2.7570800781  +9.439e-06
  2876  +2.7575500875     11295  +2.7575683594  +1.827e-05
  2877  +2.7580294530     11297  +2.7580566406  +2.719e-05
  2878  +2.7585087353     11299  +2.7585449219  +3.619e-05
  2879  +2.7589879342     11301  +2.7590332031  +4.527e-05
  2880  +2.7594670499     11303  +2.7595214844  +5.443e-05
  2881  +2.7599460825     11305  +2.7600097656  +6.368e-05
  2882  +2.7604250319     11307  +2.7604980469  +7.301e-05
  2883  +2.7609038983     11309  +2.7609863281  +8.243e-05
  2884  +2.7613826816     11311  +2.7614746094  +9.193e-05
  2885  +2.7618613819     11313  +2.7619628906  +1.015e-04
  2886  +2.7623399992     11315  +2.7624511719  +1.112e-04
  2887  +2.7628185337     11317  +2.7629394531  +1.209e-04
  2888  +2.7632969852     11318  +2.7631835938  -1.134e-04
  2889  +2.7637753540     11320  +2.7636718750  -1.035e-04
  2890  +2.7642536399     11322  +2.7641601562  -9.348e-05
  2891  +2.7647318431     11324  +2.7646484375  -8.341e-05
  2892  +2.7652099636     11326  +2.7651367188  -7.324e-05
  2893  +2.7656880015     11328  +2.7656250000  -6.300e-05
  2894  +2.7661659567     11330  +2.7661132812  -5.268e-05
  2895  +2.7666438294     11332  +2.7666015625  -4.227e-05
  2896  +2.7671216196     11334  +2.7670898438  -3.178e-05
  2897  +2.7675993272     11336  +2.7675781250  -2.120e-05
  2898  +2.7680769524     11338  +2.7680664062  -1.055e-05
  2899  +2.7685544953     11340  +2.7685546875  +1.922e-07
  2900  +2.7690319557     11342  +2.7690429688  +1.101e-05
  2901  +2.7695093339     11344  +2.7695312500  +2.192e-05
  2902  +2.7699866298     11346  +2.7700195312  +3.290e-05
  2903  +2.7704638434     11348  +2.7705078125  +4.397e-05
  2904  +2.7709409749     11350  +2.7709960938  +5.512e-05
  2905  +2.7714180242     11352  +2.7714843750  +6.635e-05
  2906  +2.7718949914     11354  +2.7719726562  +7.766e-05
  2907  +2.7723718766     11356  +2.7724609375  +8.906e-05
  2908  +2.7728486797     11358  +2.7729492188  +1.005e-04
  2909  +2.7733254009     11360  +2.7734375000  +1.121e-04
  2910  +2.7738020402     11361  +2.7736816406  -1.204e-04
  2911  +2.7742785975     11363  +2.7741699219  -1.087e-04
  2912  +2.7747550730     11365  +2.7746582031  -9.687e-05
  2913  +2.7752314667     11367  +2.7751464844  -8.498e-05
  2914  +2.7757077786     11369  +2.7756347656  -7.301e-05
  2915  +2.7761840089     11371  +2.7761230469  -6.096e-05
  2916  +2.7766601574     11373  +2.7766113281  -4.883e-05
  2917  +2.7771362243     11375  +2.7770996094  -3.661e-05
  2918  +2.7776122096     11377  +2.7775878906  -2.432e-05
  2919  +2.7780881133     11379  +2.7780761719  -1.194e-05
  2920  +2.7785639356     11381  +2.7785644531  +5.175e-07
  2921  +2.7790396764     11383  +2.7790527344  +1.306e-05
  2922  +2.7795153357     11385  +2.7795410156  +2.568e-05
  2923  +2.7799909136     11387  +2.7800292969  +3.838e-05
  2924  +2.7804664103     11389  +2.7805175781  +5.117e-05
  2925  +2.7809418256     11391  +2.7810058594  +6.403e-05
  2926  +2.7814171596     11393  +2.7814941406  +7.698e-05
  2927  +2.7818924124     11395  +2.7819824219  +9.001e-05
  2928  +2.7823675841     11397  +2.7824707031  +1.031e-04
  2929  +2.7828426746     11399  +2.7829589844  +1.163e-04
  2930  +2.7833176840     11400  +2.7832031250  -1.146e-04
  2931  +2.7837926124     11402  +2.7836914062  -1.012e-04
  2932  +2.7842674598     11404  +2.7841796875  -8.777e-05
  2933  +2.7847422261     11406  +2.7846679688  -7.426e-05
  2934  +2.7852169116     11408  +2.7851562500  -6.066e-05
  2935  +2.7856915162     11410  +2.7856445312  -4.698e-05
  2936  +2.7861660399     11412  +2.7861328125  -3.323e-05
  2937  +2.7866404828     11414  +2.7866210938  -1.939e-05
  2938  +2.7871148450     11416  +2.7871093750  -5.470e-06
  2939  +2.7875891264     11418  +2.7875976562  +8.530e-06
  2940  +2.7880633272     11420  +2.7880859375  +2.261e-05
  2941  +2.7885374473     11422  +2.7885742188  +3.677e-05
  2942  +2.7890114868     11424  +2.7890625000  +5.101e-05
  2943  +2.7894854458     11426  +2.7895507812  +6.534e-05
  2944  +2.7899593242     11428  +2.7900390625  +7.974e-05
  2945  +2.7904331222     11430  +2.7905273438  +9.422e-05
  2946  +2.7909068397     11432  +2.7910156250  +1.088e-04
  2947  +2.7913804769     11433  +2.7912597656  -1.207e-04
  2948  +2.7918540337     11435  +2.7917480469  -1.060e-04
  2949  +2.7923275101     11437  +2.7922363281  -9.118e-05
  2950  +2.7928009063     11439  +2.7927246094  -7.630e-05
  2951  +2.7932742223     11441  +2.7932128906  -6.133e-05
  2952  +2.7937474581     11443  +2.7937011719  -4.629e-05
  2953  +2.7942206137     11445  +2.7941894531  -3.116e-05
  2954  +2.7946936893     11447  +2.7946777344  -1.595e-05
  2955  +2.7951666847     11449  +2.7951660156  -6.691e-07
  2956  +2.7956396002     11451  +2.7956542969  +1.470e-05
  2957  +2.7961124356     11453  +2.7961425781  +3.014e-05
  2958  +2.7965851911     11455  +2.7966308594  +4.567e-05
  2959  +2.7970578668     11457  +2.7971191406  +6.127e-05
  2960  +2.7975304625     11459  +2.7976074219  +7.696e-05
  2961  +2.7980029784     11461  +2.7980957031  +9.272e-05
  2962  +2.7984754145     11463  +2.7985839844  +1.086e-04
  2963  +2.7989477709     11464  +2.7988281250  -1.196e-04
  2964  +2.7994200476     11466  +2.7993164062  -1.036e-04
  2965  +2.7998922446     11468  +2.7998046875  -8.756e-05
  2966  +2.8003643620     11470  +2.8002929688  -7.139e-05
  2967  +2.8008363999     11472  +2.8007812500  -5.515e-05
  2968  +2.8013083582     11474  +2.8012695312  -3.883e-05
  2969  +2.8017802369     11476  +2.8017578125  -2.242e-05
  2970  +2.8022520363     11478  +2.8022460938  -5.943e-06
  2971  +2.8027237561     11480  +2.8027343750  +1.062e-05
  2972  +2.8031953967     11482  +2.8032226562  +2.726e-05
  2973  +2.8036669578     11484  +2.8037109375  +4.398e-05
  2974  +2.8041384397     11486  +2.8041992188  +6.078e-05
  2975  +2.8046098423     11488  +2.8046875000  +7.766e-05
  2976  +2.8050811657     11490  +2.8051757812  +9.462e-05
  2977  +2.8055524099     11492  +2.8056640625  +1.117e-04
  2978  +2.8060235750     11493  +2.8059082031  -1.154e-04
  2979  +2.8064946610     11495  +2.8063964844  -9.818e-05
  2980  +2.8069656679     11497  +2.8068847656  -8.090e-05
  2981  +2.8074365958     11499  +2.8073730469  -6.355e-05
  2982  +2.8079074447     11501  +2.8078613281  -4.612e-05
  2983  +2.8083782147     11503  +2.8083496094  -2.861e-05
  2984  +2.8088489057     11505  +2.8088378906  -1.102e-05
  2985  +2.8093195179     11507  +2.8093261719  +6.654e-06
  2986  +2.8097900513     11509  +2.8098144531  +2.440e-05
  2987  +2.8102605059     11511  +2.8103027344  +4.223e-05
  2988  +2.8107308818     11513  +2.8107910156  +6.013e-05
  2989  +2.8112011789     11515  +2.8112792969  +7.812e-05
  2990  +2.8116713974     11517  +2.8117675781  +9.618e-05
  2991  +2.8121415372     11519  +2.8122558594  +1.143e-04
  2992  +2.8126115985     11520  +2.8125000000  -1.116e-04
  2993  +2.8130815812     11522  +2.8129882812  -9.330e-05
  2994  +2.8135514855     11524  +2.8134765625  -7.492e-05
  2995  +2.8140213112     11526  +2.8139648438  -5.647e-05
  2996  +2.8144910585     11528  +2.8144531250  -3.793e-05
  2997  +2.8149607275     11530  +2.8149414062  -1.932e-05
  2998  +2.8154303180     11532  +2.8154296875  -6.305e-07
  2999  +2.8158998303     11534  +2.8159179688  +1.814e-05
  3000  +2.8163692643     11536  +2.8164062500  +3.699e-05
  3001  +2.8168386201     11538  +2.8168945312  +5.591e-05
  3002  +2.8173078977     11540  +2.8173828125  +7.491e-05
  3003  +2.8177770971     11542  +2.8178710938  +9.400e-05
  3004  +2.8182462184     11544  +2.8183593750  +1.132e-04
  3005  +2.8187152616     11545  +2.8186035156  -1.117e-04
  3006  +2.8191842268     11547  +2.8190917969  -9.243e-05
  3007  +2.8196531140     11549  +2.8195800781  -7.304e-05
  3008  +2.8201219232     11551  +2.8200683594  -5.356e-05
  3009  +2.8205906545     11553  +2.8205566406  -3.401e-05
  3010  +2.8210593080     11555  +2.8210449219  -1.439e-05
  3011  +2.8215278836     11557  +2.8215332031  +5.320e-06
  3012  +2.8219963813     11559  +2.8220214844  +2.510e-05
  3013  +2.8224648014     11561  +2.8225097656  +4.496e-05
  3014  +2.8229331437     11563  +2.8229980469  +6.490e-05
  3015  +2.8234014083     11565  +2.8234863281  +8.492e-05
  3016  +2.8238695952     11567  +2.8239746094  +1.050e-04
  3017  +2.8243377046     11568  +2.8242187500  -1.190e-04
  3018  +2.8248057363     11570  +2.8247070312  -9.871e-05
  3019  +2.8252736906     11572  +2.8251953125  -7.838e-05
  3020  +2.8257415673     11574  +2.8256835938  -5.797e-05
  3021  +2.8262093666     11576  +2.8261718750  -3.749e-05
  3022  +2.8266770885     11578  +2.8266601562  -1.693e-05
  3023  +2.8271447330     11580  +2.8271484375  +3.705e-06
  3024  +2.8276123001     11582  +2.8276367188  +2.442e-05
  3025  +2.8280797899     11584  +2.8281250000  +4.521e-05
  3026  +2.8285472025     11586  +2.8286132812  +6.608e-05
  3027  +2.8290145379     11588  +2.8291015625  +8.702e-05
  3028  +2.8294817960     11590  +2.8295898438  +1.080e-04
  3029  +2.8299489771     11591  +2.8298339844  -1.150e-04
  3030  +2.8304160810     11593  +2.8303222656  -9.382e-05
  3031  +2.8308831078     11595  +2.8308105469  -7.256e-05
  3032  +2.8313500576     11597  +2.8312988281  -5.123e-05
  3033  +2.8318169304     11599  +2.8317871094  -2.982e-05
  3034  +2.8322837262     11601  +2.8322753906  -8.336e-06
  3035  +2.8327504451     11603  +2.8327636719  +1.323e-05
  3036  +2.8332170872     11605  +2.8332519531  +3.487e-05
  3037  +2.8336836524     11607  +2.8337402344  +5.658e-05
  3038  +2.8341501407     11609  +2.8342285156  +7.837e-05
  3039  +2.8346165523     11611  +2.8347167969  +1.002e-04
  3040  +2.8350828872     11612  +2.8349609375  -1.219e-04
  3041  +2.8355491454     11614  +2.8354492188  -9.993e-05
  3042  +2.8360153269     11616  +2.8359375000  -7.783e-05
  3043  +2.8364814319     11618  +2.8364257812  -5.565e-05
  3044  +2.8369474602     11620  +2.8369140625  -3.340e-05
  3045  +2.8374134120     11622  +2.8374023438  -1.107e-05
  3046  +2.8378792873     11624  +2.8378906250  +1.134e-05
  3047  +2.8383450861     11626  +2.8383789062  +3.382e-05
  3048  +2.8388108085     11628  +2.8388671875  +5.638e-05
  3049  +2.8392764545     11630  +2.8393554688  +7.901e-05
  3050  +2.8397420241     11632  +2.8398437500  +1.017e-04
  3051  +2.8402075174     11633  +2.8400878906  -1.196e-04
  3052  +2.8406729345     11635  +2.8405761719  -9.676e-05
  3053  +2.8411382753     11637  +2.8410644531  -7.382e-05
  3054  +2.8416035399     11639  +2.8415527344  -5.081e-05
  3055  +2.8420687283     11641  +2.8420410156  -2.771e-05
  3056  +2.8425338406     11643  +2.8425292969  -4.544e-06
  3057  +2.8429988769     11645  +2.8430175781  +1.870e-05
  3058  +2.8434638370     11647  +2.8435058594  +4.202e-05
  3059  +2.8439287212     11649  +2.8439941406  +6.542e-05
  3060  +2.8443935293     11651  +2.8444824219  +8.889e-05
  3061  +2.8448582615     11653  +2.8449707031  +1.124e-04
  3062  +2.8453229179     11654  +2.8452148438  -1.081e-04
  3063  +2.8457874983     11656  +2.8457031250  -8.437e-05
  3064  +2.8462520029     11658  +2.8461914062  -6.060e-05
  3065  +2.8467164317     11660  +2.8466796875  -3.674e-05
  3066  +2.8471807848     11662  +2.8471679688  -1.282e-05
  3067  +2.8476450621     11664  +2.8476562500  +1.119e-05
  3068  +2.8481092638     11666  +2.8481445312  +3.527e-05
  3069  +2.8485733898     11668  +2.8486328125  +5.942e-05
  3070  +2.8490374402     11670  +2.8491210938  +8.365e-05
  3071  +2.8495014151     11672  +2.8496093750  +1.080e-04
  3072  +2.8499653143     11673  +2.8498535156  -1.118e-04
  3073  +2.8504291381     11675  +2.8503417969  -8.734e-05
  3074  +2.8508928865     11677  +2.8508300781  -6.281e-05
  3075  +2.8513565594     11679  +2.8513183594  -3.820e-05
  3076  +2.8518201569     11681  +2.8518066406  -1.352e-05
  3077  +2.8522836791     11683  +2.8522949219  +1.124e-05
  3078  +2.8527471260     11685  +2.8527832031  +3.608e-05
  3079  +2.8532104975     11687  +2.8532714844  +6.099e-05
  3080  +2.8536737939     11689  +2.8537597656  +8.597e-05
  3081  +2.8541370150     11691  +2.8542480469  +1.110e-04
  3082  +2.8546001610     11692  +2.8544921875  -1.080e-04
  3083  +2.8550632318     11694  +2.8549804688  -8.276e-05
  3084  +2.8555262276     11696  +2.8554687500  -5.748e-05
  3085  +2.8559891483     11698  +2.8559570312  -3.212e-05
  3086  +2.8564519939     11700  +2.8564453125  -6.681e-06
  3087  +2.8569147646     11702  +2.8569335938  +1.883e-05
  3088  +2.8573774603     11704  +2.8574218750  +4.441e-05
  3089  +2.8578400811     11706  +2.8579101562  +7.008e-05
  3090  +2.8583026271     11708  +2.8583984375  +9.581e-05
  3091  +2.8587650982     11710  +2.8588867188  +1.216e-04
  3092  +2.8592274945     11711  +2.8591308594  -9.664e-05
  3093  +2.8596898160     11713  +2.8596191406  -7.068e-05
  3094  +2.8601520628     11715  +2.8601074219  -4.464e-05
  3095  +2.8606142349     11717  +2.8605957031  -1.853e-05
  3096  +2.8610763324     11719  +2.8610839844  +7.652e-06
  3097  +2.8615383552     11721  +2.8615722656  +3.391e-05
  3098  +2.8620003034     11723  +2.8620605469  +6.024e-05
  3099  +2.8624621771     11725  +2.8625488281  +8.665e-05
  3100  +2.8629239763     11727  +2.8630371094  +1.131e-04
  3101  +2.8633857010     11728  +2.8632812500  -1.045e-04
  3102  +2.8638473513     11730  +2.8637695312  -7.782e-05
  3103  +2.8643089271     11732  +2.8642578125  -5.111e-05
  3104  +2.8647704286     11734  +2.8647460938  -2.433e-05
  3105  +2.8652318557     11736  +2.8652343750  +2.519e-06
  3106  +2.8656932086     11738  +2.8657226562  +2.945e-05
  3107  +2.8661544872     11740  +2.8662109375  +5.645e-05
  3108  +2.8666156915     11742  +2.8666992188  +8.353e-05
  3109  +2.8670768217     11744  +2.8671875000  +1.107e-04
  3110  +2.8675378777     11745  +2.8674316406  -1.062e-04
  3111  +2.8679988596     11747  +2.8679199219  -7.894e-05
  3112  +2.8684597674     11749  +2.8684082031  -5.156e-05
  3113  +2.8689206012     11751  +2.8688964844  -2.412e-05
  3114  +2.8693813610     11753  +2.8693847656  +3.405e-06
  3115  +2.8698420467     11755  +2.8698730469  +3.100e-05
  3116  +2.8703026586     11757  +2.8703613281  +5.867e-05
  3117  +2.8707631965     11759  +2.8708496094  +8.641e-05
  3118  +2.8712236606     11761  +2.8713378906  +1.142e-04
  3119  +2.8716840508     11762  +2.8715820312  -1.020e-04
  3120  +2.8721443672     11764  +2.8720703125  -7.405e-05
  3121  +2.8726046099     11766  +2.8725585938  -4.602e-05
  3122  +2.8730647789     11768  +2.8730468750  -1.790e-05
  3123  +2.8735248741     11770  +2.8735351562  +1.028e-05
  3124  +2.8739848957     11772  +2.8740234375  +3.854e-05
  3125  +2.8744448437     11774  +2.8745117188  +6.688e-05
  3126  +2.8749047181     11776  +2.8750000000  +9.528e-05
  3127  +2.8753645189     11777  +2.8752441406  -1.204e-04
  3128  +2.8758242462     11779  +2.8757324219  -9.182e-05
  3129  +2.8762839001     11781  +2.8762207031  -6.320e-05
  3130  +2.8767434805     11783  +2.8767089844  -3.450e-05
  3131  +2.8772029875     11785  +2.8771972656  -5.722e-06
  3132  +2.8776624211     11787  +2.8776855469  +2.313e-05
  3133  +2.8781217813     11789  +2.8781738281  +5.205e-05
  3134  +2.8785810683     11791  +2.8786621094  +8.104e-05
  3135  +2.8790402820     11793  +2.8791503906  +1.101e-04
  3136  +2.8794994225     11794  +2.8793945312  -1.049e-04
  3137  +2.8799584898     11796  +2.8798828125  -7.568e-05
  3138  +2.8804174839     11798  +2.8803710938  -4.639e-05
  3139  +2.8808764048     11800  +2.8808593750  -1.703e-05
  3140  +2.8813352527     11802  +2.8813476562  +1.240e-05
  3141  +2.8817940275     11804  +2.8818359375  +4.191e-05
  3142  +2.8822527293     11806  +2.8823242188  +7.149e-05
  3143  +2.8827113581     11808  +2.8828125000  +1.011e-04
  3144  +2.8831699140     11809  +2.8830566406  -1.133e-04
  3145  +2.8836283969     11811  +2.8835449219  -8.348e-05
  3146  +2.8840868070     11813  +2.8840332031  -5.360e-05
  3147  +2.8845451442     11815  +2.8845214844  -2.366e-05
  3148  +2.8850034086     11817  +2.8850097656  +6.357e-06
  3149  +2.8854616002     11819  +2.8854980469  +3.645e-05
  3150  +2.8859197190     11821  +2.8859863281  +6.661e-05
  3151  +2.8863777652     11823  +2.8864746094  +9.684e-05
  3152  +2.8868357386     11824  +2.8867187500  -1.170e-04
  3153  +2.8872936395     11826  +2.8872070312  -8.661e-05
  3154  +2.8877514677     11828  +2.8876953125  -5.616e-05
  3155  +2.8882092233     11830  +2.8881835938  -2.563e-05
  3156  +2.8886669064     11832  +2.8886718750  +4.969e-06
  3157  +2.8891245170     11834  +2.8891601562  +3.564e-05
  3158  +2.8895820552     11836  +2.8896484375  +6.638e-05
  3159  +2.8900395209     11838  +2.8901367188  +9.720e-05
  3160  +2.8904969142     11839  +2.8903808594  -1.161e-04
  3161  +2.8909542351     11841  +2.8908691406  -8.509e-05
  3162  +2.8914114837     11843  +2.8913574219  -5.406e-05
  3163  +2.8918686600     11845  +2.8918457031  -2.296e-05
  3164  +2.8923257640     11847  +2.8923339844  +8.220e-06
  3165  +2.8927827958     11849  +2.8928222656  +3.947e-05
  3166  +2.8932397554     11851  +2.8933105469  +7.079e-05
  3167  +2.8936966429     11853  +2.8937988281  +1.022e-04
  3168  +2.8941534582     11854  +2.8940429688  -1.105e-04
  3169  +2.8946102014     11856  +2.8945312500  -7.895e-05
  3170  +2.8950668726     11858  +2.8950195312  -4.734e-05
  3171  +2.8955234718     11860  +2.8955078125  -1.566e-05
  3172  +2.8959799989     11862  +2.8959960938  +1.609e-05
  3173  +2.8964364541     11864  +2.8964843750  +4.792e-05
  3174  +2.8968928374     11866  +2.8969726562  +7.982e-05
  3175  +2.8973491488     11868  +2.8974609375  +1.118e-04
  3176  +2.8978053883     11869  +2.8977050781  -1.003e-04
  3177  +2.8982615560     11871  +2.8981933594  -6.820e-05
  3178  +2.8987176520     11873  +2.8986816406  -3.601e-05
  3179  +2.8991736761     11875  +2.8991699219  -3.754e-06
  3180  +2.8996296286     11877  +2.8996582031  +2.857e-05
  3181  +2.9000855094     11879  +2.9001464844  +6.098e-05
  3182  +2.9005413185     11881  +2.9006347656  +9.345e-05
  3183  +2.9009970560     11882  +2.9008789062  -1.181e-04
  3184  +2.9014527219     11884  +2.9013671875  -8.553e-05
  3185  +2.9019083163     11886  +2.9018554688  -5.285e-05
  3186  +2.9023638391     11888  +2.9023437500  -2.009e-05
  3187  +2.9028192905     11890  +2.9028320312  +1.274e-05
  3188  +2.9032746704     11892  +2.9033203125  +4.564e-05
  3189  +2.9037299789     11894  +2.9038085938  +7.861e-05
  3190  +2.9041852160     11896  +2.9042968750  +1.117e-04
  3191  +2.9046403818     11897  +2.9045410156  -9.937e-05
  3192  +2.9050954763     11899  +2.9050292969  -6.618e-05
  3193  +2.9055504995     11901  +2.9055175781  -3.292e-05
  3194  +2.9060054514     11903  +2.9060058594  +4.080e-07
  3195  +2.9064603321     11905  +2.9064941406  +3.381e-05
  3196  +2.9069151417     11907  +2.9069824219  +6.728e-05
  3197  +2.9073698800     11909  +2.9074707031  +1.008e-04
  3198  +2.9078245473     11910  +2.9077148438  -1.097e-04
  3199  +2.9082791435     11912  +2.9082031250  -7.602e-05
  3200  +2.9087336687     11914  +2.9086914062  -4.226e-05
  3201  +2.9091881228     11916  +2.9091796875  -8.435e-06
  3202  +2.9096425059     11918  +2.9096679688  +2.546e-05
  3203  +2.9100968182     11920  +2.9101562500  +5.943e-05
  3204  +2.9105510594     11922  +2.9106445312  +9.347e-05
  3205  +2.9110052299     11923  +2.9108886719  -1.166e-04
  3206  +2.9114593294     11925  +2.9113769531  -8.238e-05
  3207  +2.9119133582     11927  +2.9118652344  -4.812e-05
  3208  +2.9123673161     11929  +2.9123535156  -1.380e-05
  3209  +2.9128212034     11931  +2.9128417969  +2.059e-05
  3210  +2.9132750199     11933  +2.9133300781  +5.506e-05
  3211  +2.9137287657     11935  +2.9138183594  +8.959e-05
  3212  +2.9141824408     11936  +2.9140625000  -1.199e-04
  3213  +2.9146360454     11938  +2.9145507812  -8.526e-05
  3214  +2.9150895794     11940  +2.9150390625  -5.052e-05
  3215  +2.9155430428     11942  +2.9155273438  -1.570e-05
  3216  +2.9159964357     11944  +2.9160156250  +1.919e-05
  3217  +2.9164497581     11946  +2.9165039062  +5.415e-05
  3218  +2.9169030101     11948  +2.9169921875  +8.918e-05
  3219  +2.9173561916     11949  +2.9172363281  -1.199e-04
  3220  +2.9178093028     11951  +2.9177246094  -8.469e-05
  3221  +2.9182623436     11953  +2.9182128906  -4.945e-05
  3222  +2.9187153141     11955  +2.9187011719  -1.414e-05
  3223  +2.9191682143     11957  +2.9191894531  +2.124e-05
  3224  +2.9196210442     11959  +2.9196777344  +5.669e-05
  3225  +2.9200738039     11961  +2.9201660156  +9.221e-05
  3226  +2.9205264935     11962  +2.9204101562  -1.163e-04
  3227  +2.9209791128     11964  +2.9208984375  -8.068e-05
  3228  +2.9214316621     11966  +2.9213867188  -4.494e-05
  3229  +2.9218841413     11968  +2.9218750000  -9.141e-06
  3230  +2.9223365504     11970  +2.9223632812  +2.673e-05
  3231  +2.9227888894     11972  +2.9228515625  +6.267e-05
  3232  +2.9232411585     11974  +2.9233398438  +9.869e-05
  3233  +2.9236933576     11975  +2.9235839844  -1.094e-04
  3234  +2.9241454868     11977  +2.9240722656  -7.322e-05
  3235  +2.9245975461     11979  +2.9245605469  -3.700e-05
  3236  +2.9250495355     11981  +2.9250488281  -7.074e-07
  3237  +2.9255014551     11983  +2.9255371094  +3.565e-05
  3238  +2.9259533049     11985  +2.9260253906  +7.209e-05
  3239  +2.9264050849     11987  +2.9265136719  +1.086e-04
  3240  +2.9268567952     11988  +2.9267578125  -9.898e-05
  3241  +2.9273084358     11990  +2.9272460938  -6.234e-05
  3242  +2.9277600067     11992  +2.9277343750  -2.563e-05
  3243  +2.9282115080     11994  +2.9282226562  +1.115e-05
  3244  +2.9286629397     11996  +2.9287109375  +4.800e-05
  3245  +2.9291143017     11998  +2.9291992188  +8.492e-05
  3246  +2.9295655943     12000  +2.9296875000  +1.219e-04
  3247  +2.9300168173     12001  +2.9299316406  -8.518e-05
  3248  +2.9304679709     12003  +2.9304199219  -4.805e-05
  3249  +2.9309190550     12005  +2.9309082031  -1.085e-05
  3250  +2.9313700697     12007  +2.9313964844  +2.641e-05
  3251  +2.9318210151     12009  +2.9318847656  +6.375e-05
  3252  +2.9322718910     12011  +2.9323730469  +1.012e-04
  3253  +2.9327226977     12012  +2.9326171875  -1.055e-04
  3254  +2.9331734351     12014  +2.9331054688  -6.797e-05
  3255  +2.9336241032     12016  +2.9335937500  -3.035e-05
  3256  +2.9340747021     12018  +2.9340820312  +7.329e-06
  3257  +2.9345252318     12020  +2.9345703125  +4.508e-05
  3258  +2.9349756923     12022  +2.9350585938  +8.290e-05
  3259  +2.9354260838     12024  +2.9355468750  +1.208e-04
  3260  +2.9358764061     12025  +2.9357910156  -8.539e-05
  3261  +2.9363266594     12027  +2.9362792969  -4.736e-05
  3262  +2.9367768436     12029  +2.9367675781  -9.265e-06
  3263  +2.9372269588     12031  +2.9372558594  +2.890e-05
  3264  +2.9376770051     12033  +2.9377441406  +6.714e-05
  3265  +2.9381269824     12035  +2.9382324219  +1.054e-04
  3266  +2.9385768909     12036  +2.9384765625  -1.003e-04
  3267  +2.9390267304     12038  +2.9389648438  -6.189e-05
  3268  +2.9394765011     12040  +2.9394531250  -2.338e-05
  3269  +2.9399262030     12042  +2.9399414062  +1.520e-05
  3270  +2.9403758362     12044  +2.9404296875  +5.385e-05
  3271  +2.9408254006     12046  +2.9409179688  +9.257e-05
  3272  +2.9412748962     12047  +2.9411621094  -1.128e-04
  3273  +2.9417243232     12049  +2.9416503906  -7.393e-05
  3274  +2.9421736816     12051  +2.9421386719  -3.501e-05
  3275  +2.9426229713     12053  +2.9426269531  +3.982e-06
  3276  +2.9430721924     12055  +2.9431152344  +4.304e-05
  3277  +2.9435213450     12057  +2.9436035156  +8.217e-05
  3278  +2.9439704290     12059  +2.9440917969  +1.214e-04
  3279  +2.9444194446     12060  +2.9443359375  -8.351e-05
  3280  +2.9448683916     12062  +2.9448242188  -4.417e-05
  3281  +2.9453172703     12064  +2.9453125000  -4.770e-06
  3282  +2.9457660805     12066  +2.9458007812  +3.470e-05
  3283  +2.9462148224     12068  +2.9462890625  +7.424e-05
  3284  +2.9466634960     12070  +2.9467773438  +1.138e-04
  3285  +2.9471121012     12071  +2.9470214844  -9.062e-05
  3286  +2.9475606382     12073  +2.9475097656  -5.087e-05
  3287  +2.9480091069     12075  +2.9479980469  -1.106e-05
  3288  +2.9484575074     12077  +2.9484863281  +2.882e-05
  3289  +2.9489058397     12079  +2.9489746094  +6.877e-05
  3290  +2.9493541039     12081  +2.9494628906  +1.088e-04
  3291  +2.9498023000     12082  +2.9497070312  -9.527e-05
  3292  +2.9502504279     12084  +2.9501953125  -5.512e-05
  3293  +2.9506984878     12086  +2.9506835938  -1.489e-05
  3294  +2.9511464797     12088  +2.9511718750  +2.540e-05
  3295  +2.9515944036     12090  +2.9516601562  +6.575e-05
  3296  +2.9520422595     12092  +2.9521484375  +1.062e-04
  3297  +2.9524900475     12093  +2.9523925781  -9.747e-05
  3298  +2.9529377676     12095  +2.9528808594  -5.691e-05
  3299  +2.9533854198     12097  +2.9533691406  -1.628e-05
  3300  +2.9538330041     12099  +2.9538574219  +2.442e-05
  3301  +2.9542805207     12101  +2.9543457031  +6.518e-05
  3302  +2.9547279695     12103  +2.9548339844  +1.060e-04
  3303  +2.9551753505     12104  +2.9550781250  -9.723e-05
  3304  +2.9556226638     12106  +2.9555664062  -5.626e-05
  3305  +2.9560699094     12108  +2.9560546875  -1.522e-05
  3306  +2.9565170874     12110  +2.9565429688  +2.588e-05
  3307  +2.9569641977     12112  +2.9570312500  +6.705e-05
  3308  +2.9574112405     12114  +2.9575195312  +1.083e-04
  3309  +2.9578582156     12115  +2.9577636719  -9.454e-05
  3310  +2.9583051233     12117  +2.9582519531  -5.317e-05
  3311  +2.9587519634     12119  +2.9587402344  -1.173e-05
  3312  +2.9591987361     12121  +2.9592285156  +2.978e-05
  3313  +2.9596454413     12123  +2.9597167969  +7.136e-05
  3314  +2.9600920791     12125  +2.9602050781  +1.130e-04
  3315  +2.9605386495     12126  +2.9604492188  -8.943e-05
  3316  +2.9609851526     12128  +2.9609375000  -4.765e-05
  3317  +2.9614315884     12130  +2.9614257812  -5.807e-06
  3318  +2.9618779569     12132  +2.9619140625  +3.611e-05
  3319  +2.9623242581     12134  +2.9624023438  +7.809e-05
  3320  +2.9627704920     12136  +2.9628906250  +1.201e-04
  3321  +2.9632166588     12137  +2.9631347656  -8.189e-05
  3322  +2.9636627584     12139  +2.9636230469  -3.971e-05
  3323  +2.9641087909     12141  +2.9641113281  +2.537e-06
  3324  +2.9645547563     12143  +2.9645996094  +4.485e-05
  3325  +2.9650006546     12145  +2.9650878906  +8.724e-05
  3326  +2.9654464858     12146  +2.9653320312  -1.145e-04
  3327  +2.9658922500     12148  +2.9658203125  -7.194e-05
  3328  +2.9663379473     12150  +2.9663085938  -2.935e-05
  3329  +2.9667835775     12152  +2.9667968750  +1.330e-05
  3330  +2.9672291409     12154  +2.9672851562  +5.602e-05
  3331  +2.9676746374     12156  +2.9677734375  +9.880e-05
  3332  +2.9681200670     12157  +2.9680175781  -1.025e-04
  3333  +2.9685654297     12159  +2.9685058594  -5.957e-05
  3334  +2.9690107257     12161  +2.9689941406  -1.659e-05
  3335  +2.9694559548     12163  +2.9694824219  +2.647e-05
  3336  +2.9699011173     12165  +2.9699707031  +6.959e-05
  3337  +2.9703462130     12167  +2.9704589844  +1.128e-04
  3338  +2.9707912420     12168  +2.9707031250  -8.812e-05
  3339  +2.9712362044     12170  +2.9711914062  -4.480e-05
  3340  +2.9716811001     12172  +2.9716796875  -1.413e-06
  3341  +2.9721259293     12174  +2.9721679688  +4.204e-05
  3342  +2.9725706918     12176  +2.9726562500  +8.556e-05
  3343  +2.9730153879     12177  +2.9729003906  -1.150e-04
  3344  +2.9734600174     12179  +2.9733886719  -7.135e-05
  3345  +2.9739045805     12181  +2.9738769531  -2.763e-05
  3346  +2.9743490771     12183  +2.9743652344  +1.616e-05
  3347  +2.9747935073     12185  +2.9748535156  +6.001e-05
  3348  +2.9752378711     12187  +2.9753417969  +1.039e-04
  3349  +2.9756821686     12188  +2.9755859375  -9.623e-05
  3350  +2.9761263997     12190  +2.9760742188  -5.218e-05
  3351  +2.9765705645     12192  +2.9765625000  -8.065e-06
  3352  +2.9770146631     12194  +2.9770507812  +3.612e-05
  3353  +2.9774586954     12196  +2.9775390625  +8.037e-05
  3354  +2.9779026615     12197  +2.9777832031  -1.195e-04
  3355  +2.9783465614     12199  +2.9782714844  -7.508e-05
  3356  +2.9787903952     12201  +2.9787597656  -3.063e-05
  3357  +2.9792341629     12203  +2.9792480469  +1.388e-05
  3358  +2.9796778644     12205  +2.9797363281  +5.846e-05
  3359  +2.9801214999     12207  +2.9802246094  +1.031e-04
  3360  +2.9805650694     12208  +2.9804687500  -9.632e-05
  3361  +2.9810085729     12210  +2.9809570312  -5.154e-05
  3362  +2.9814520104     12212  +2.9814453125  -6.698e-06
  3363  +2.9818953819     12214  +2.9819335938  +3.821e-05
  3364  +2.9823386876     12216  +2.9824218750  +8.319e-05
  3365  +2.9827819273     12217  +2.9826660156  -1.159e-04
  3366  +2.9832251012     12219  +2.9831542969  -7.080e-05
  3367  +2.9836682093     12221  +2.9836425781  -2.563e-05
  3368  +2.9841112516     12223  +2.9841308594  +1.961e-05
  3369  +2.9845542281     12225  +2.9846191406  +6.491e-05
  3370  +2.9849971389     12227  +2.9851074219  +1.103e-04
  3371  +2.9854399839     12228  +2.9853515625  -8.842e-05
  3372  +2.9858827633     12230  +2.9858398438  -4.292e-05
  3373  +2.9863254771     12232  +2.9863281250  +2.648e-06
  3374  +2.9867681252     12234  +2.9868164062  +4.828e-05
  3375  +2.9872107077     12236  +2.9873046875  +9.398e-05
  3376  +2.9876532246     12237  +2.9875488281  -1.044e-04
  3377  +2.9880956761     12239  +2.9880371094  -5.857e-05
  3378  +2.9885380620     12241  +2.9885253906  -1.267e-05
  3379  +2.9889803824     12243  +2.9890136719  +3.329e-05
  3380  +2.9894226374     12245  +2.9895019531  +7.932e-05
  3381  +2.9898648270     12246  +2.9897460938  -1.187e-04
  3382  +2.9903069512     12248  +2.9902343750  -7.258e-05
  3383  +2.9907490100     12250  +2.9907226562  -2.635e-05
  3384  +2.9911910035     12252  +2.9912109375  +1.993e-05
  3385  +2.9916329317     12254  +2.9916992188  +6.629e-05
  3386  +2.9920747947     12256  +2.9921875000  +1.127e-04
  3387  +2.9925165923     12257  +2.9924316406  -8.495e-05
  3388  +2.9929583248     12259  +2.9929199219  -3.840e-05
  3389  +2.9933999921     12261  +2.9934082031  +8.211e-06
  3390  +2.9938415942     12263  +2.9938964844  +5.489e-05
  3391  +2.9942831312     12265  +2.9943847656  +1.016e-04
  3392  +2.9947246031     12266  +2.9946289062  -9.570e-05
  3393  +2.9951660099     12268  +2.9951171875  -4.882e-05
  3394  +2.9956073517     12270  +2.9956054688  -1.883e-06
  3395  +2.9960486285     12272  +2.9960937500  +4.512e-05
  3396  +2.9964898403     12274  +2.9965820312  +9.219e-05
  3397  +2.9969309871     12275  +2.9968261719  -1.048e-04
  3398  +2.9973720690     12277  +2.9973144531  -5.762e-05
  3399  +2.9978130860     12279  +2.9978027344  -1.035e-05
  3400  +2.9982540382     12281  +2.9982910156  +3.698e-05
  3401  +2.9986949255     12283  +2.9987792969  +8.437e-05
  3402  +2.9991357479     12284  +2.9990234375  -1.123e-04
  3403  +2.9995765056     12286  +2.9995117188  -6.479e-05
  3404  +3.0000171986     12288  +3.0000000000  -1.720e-05
  3405  +3.0004578268     12290  +3.0004882812  +3.045e-05
  3406  +3.0008983903     12292  +3.0009765625  +7.817e-05
  3407  +3.0013388892     12293  +3.0012207031  -1.182e-04
  3408  +3.0017793234     12295  +3.0017089844  -7.034e-05
  3409  +3.0022196930     12297  +3.0021972656  -2.243e-05
  3410  +3.0026599980     12299  +3.0026855469  +2.555e-05
  3411  +3.0031002384     12301  +3.0031738281  +7.359e-05
  3412  +3.0035404144     12303  +3.0036621094  +1.217e-04
  3413  +3.0039805258     12304  +3.0039062500  -7.428e-05
  3414  +3.0044205727     12306  +3.0043945312  -2.604e-05
  3415  +3.0048605553     12308  +3.0048828125  +2.226e-05
  3416  +3.0053004734     12310  +3.0053710938  +7.062e-05
  3417  +3.0057403271     12312  +3.0058593750  +1.190e-04
  3418  +3.0061801164     12313  +3.0061035156  -7.660e-05
  3419  +3.0066198415     12315  +3.0065917969  -2.804e-05
  3420  +3.0070595022     12317  +3.0070800781  +2.058e-05
  3421  +3.0074990986     12319  +3.0075683594  +6.926e-05
  3422  +3.0079386308     12321  +3.0080566406  +1.180e-04
  3423  +3.0083780988     12322  +3.0083007812  -7.732e-05
  3424  +3.0088175026     12324  +3.0087890625  -2.844e-05
  3425  +3.0092568423     12326  +3.0092773438  +2.050e-05
  3426  +3.0096961178     12328  +3.0097656250  +6.951e-05
  3427  +3.0101353292     12330  +3.0102539062  +1.186e-04
  3428  +3.0105744765     12331  +3.0104980469  -7.643e-05
  3429  +3.0110135598     12333  +3.0109863281  -2.723e-05
  3430  +3.0114525790     12335  +3.0114746094  +2.203e-05
  3431  +3.0118915343     12337  +3.0119628906  +7.136e-05
  3432  +3.0123304256     12339  +3.0124511719  +1.207e-04
  3433  +3.0127692530     12340  +3.0126953125  -7.394e-05
  3434  +3.0132080164     12342  +3.0131835938  -2.442e-05
  3435  +3.0136467160     12344  +3.0136718750  +2.516e-05
  3436  +3.0140853517     12346  +3.0141601562  +7.480e-05
  3437  +3.0145239236     12347  +3.0144042969  -1.196e-04
  3438  +3.0149624317     12349  +3.0148925781  -6.985e-05
  3439  +3.0154008760     12351  +3.0153808594  -2.002e-05
  3440  +3.0158392566     12353  +3.0158691406  +2.988e-05
  3441  +3.0162775735     12355  +3.0163574219  +7.985e-05
  3442  +3.0167158267     12356  +3.0166015625  -1.143e-04
  3443  +3.0171540162     12358  +3.0170898438  -6.417e-05
  3444  +3.0175921421     12360  +3.0175781250  -1.402e-05
  3445  +3.0180302044     12362  +3.0180664062  +3.620e-05
  3446  +3.0184682032     12364  +3.0185546875  +8.648e-05
  3447  +3.0189061383     12365  +3.0187988281  -1.073e-04
  3448  +3.0193440100     12367  +3.0192871094  -5.690e-05
  3449  +3.0197818182     12369  +3.0197753906  -6.428e-06
  3450  +3.0202195629     12371  +3.0202636719  +4.411e-05
  3451  +3.0206572441     12373  +3.0207519531  +9.471e-05
  3452  +3.0210948620     12374  +3.0209960938  -9.877e-05
  3453  +3.0215324165     12376  +3.0214843750  -4.804e-05
  3454  +3.0219699076     12378  +3.0219726562  +2.749e-06
  3455  +3.0224073354     12380  +3.0224609375  +5.360e-05
  3456  +3.0228446999     12382  +3.0229492188  +1.045e-04
  3457  +3.0232820011     12383  +3.0231933594  -8.864e-05
  3458  +3.0237192391     12385  +3.0236816406  -3.760e-05
  3459  +3.0241564139     12387  +3.0241699219  +1.351e-05
  3460  +3.0245935254     12389  +3.0246582031  +6.468e-05
  3461  +3.0250305738     12391  +3.0251464844  +1.159e-04
  3462  +3.0254675591     12392  +3.0253906250  -7.693e-05
  3463  +3.0259044813     12394  +3.0258789062  -2.558e-05
  3464  +3.0263413404     12396  +3.0263671875  +2.585e-05
  3465  +3.0267781364     12398  +3.0268554688  +7.733e-05
  3466  +3.0272148694     12399  +3.0270996094  -1.153e-04
  3467  +3.0276515395     12401  +3.0275878906  -6.365e-05
  3468  +3.0280881465     12403  +3.0280761719  -1.197e-05
  3469  +3.0285246906     12405  +3.0285644531  +3.976e-05
  3470  +3.0289611718     12407  +3.0290527344  +9.156e-05
  3471  +3.0293975901     12408  +3.0292968750  -1.007e-04
  3472  +3.0298339455     12410  +3.0297851562  -4.879e-05
  3473  +3.0302702381     12412  +3.0302734375  +3.199e-06
  3474  +3.0307064679     12414  +3.0307617188  +5.525e-05
  3475  +3.0311426349     12416  +3.0312500000  +1.074e-04
  3476  +3.0315787392     12417  +3.0314941406  -8.460e-05
  3477  +3.0320147807     12419  +3.0319824219  -3.236e-05
  3478  +3.0324507595     12421  +3.0324707031  +1.994e-05
  3479  +3.0328866757     12423  +3.0329589844  +7.231e-05
  3480  +3.0333225292     12424  +3.0332031250  -1.194e-04
  3481  +3.0337583201     12426  +3.0336914062  -6.691e-05
  3482  +3.0341940484     12428  +3.0341796875  -1.436e-05
  3483  +3.0346297142     12430  +3.0346679688  +3.825e-05
  3484  +3.0350653174     12432  +3.0351562500  +9.093e-05
  3485  +3.0355008581     12433  +3.0354003906  -1.005e-04
  3486  +3.0359363363     12435  +3.0358886719  -4.766e-05
  3487  +3.0363717520     12437  +3.0363769531  +5.201e-06
  3488  +3.0368071054     12439  +3.0368652344  +5.813e-05
  3489  +3.0372423963     12441  +3.0373535156  +1.111e-04
  3490  +3.0376776248     12442  +3.0375976562  -7.997e-05
  3491  +3.0381127910     12444  +3.0380859375  -2.685e-05
  3492  +3.0385478949     12446  +3.0385742188  +2.632e-05
  3493  +3.0389829365     12448  +3.0390625000  +7.956e-05
  3494  +3.0394179158     12449  +3.0393066406  -1.113e-04
  3495  +3.0398528329     12451  +3.0397949219  -5.791e-05
  3496  +3.0402876877     12453  +3.0402832031  -4.485e-06
  3497  +3.0407224804     12455  +3.0407714844  +4.900e-05
  3498  +3.0411572109     12457  +3.0412597656  +1.026e-04
  3499  +3.0415918792     12458  +3.0415039062  -8.797e-05
  3500  +3.0420264855     12460  +3.0419921875  -3.430e-05
  3501  +3.0424610297     12462  +3.0424804688  +1.944e-05
  3502  +3.0428955118     12464  +3.0429687500  +7.324e-05
  3503  +3.0433299319     12465  +3.0432128906  -1.170e-04
  3504  +3.0437642900     12467  +3.0437011719  -6.312e-05
  3505  +3.0441985861     12469  +3.0441894531  -9.133e-06
  3506  +3.0446328203     12471  +3.0446777344  +4.491e-05
  3507  +3.0450669925     12473  +3.0451660156  +9.902e-05
  3508  +3.0455011028     12474  +3.0454101562  -9.095e-05
  3509  +3.0459351513     12476  +3.0458984375  -3.671e-05
  3510  +3.0463691379     12478  +3.0463867188  +1.758e-05
  3511  +3.0468030628     12480  +3.0468750000  +7.194e-05
  3512  +3.0472369258     12481  +3.0471191406  -1.178e-04
  3513  +3.0476707270     12483  +3.0476074219  -6.331e-05
  3514  +3.0481044666     12485  +3.0480957031  -8.763e-06
  3515  +3.0485381444     12487  +3.0485839844  +4.584e-05
  3516  +3.0489717605     12489  +3.0490722656  +1.005e-04
  3517  +3.0494053150     12490  +3.0493164062  -8.891e-05
  3518  +3.0498388078     12492  +3.0498046875  -3.412e-05
  3519  +3.0502722390     12494  +3.0502929688  +2.073e-05
  3520  +3.0507056087     12496  +3.0507812500  +7.564e-05
  3521  +3.0511389168     12497  +3.0510253906  -1.135e-04
  3522  +3.0515721633     12499  +3.0515136719  -5.849e-05
  3523  +3.0520053484     12501  +3.0520019531  -3.395e-06
  3524  +3.0524384720     12503  +3.0524902344  +5.176e-05
  3525  +3.0528715341     12505  +3.0529785156  +1.070e-04
  3526  +3.0533045348     12506  +3.0532226562  -8.188e-05
  3527  +3.0537374741     12508  +3.0537109375  -2.654e-05
  3528  +3.0541703521     12510  +3.0541992188  +2.887e-05
  3529  +3.0546031687     12512  +3.0546875000  +8.433e-05
  3530  +3.0550359240     12513  +3.0549316406  -1.043e-04
  3531  +3.0554686180     12515  +3.0554199219  -4.870e-05
  3532  +3.0559012507     12517  +3.0559082031  +6.952e-06
  3533  +3.0563338222     12519  +3.0563964844  +6.266e-05
  3534  +3.0567663325     12521  +3.0568847656  +1.184e-04
  3535  +3.0571987815     12522  +3.0571289062  -6.988e-05
  3536  +3.0576311695     12524  +3.0576171875  -1.398e-05
  3537  +3.0580634963     12526  +3.0581054688  +4.197e-05
  3538  +3.0584957619     12528  +3.0585937500  +9.799e-05
  3539  +3.0589279665     12529  +3.0588378906  -9.008e-05
  3540  +3.0593601100     12531  +3.0593261719  -3.394e-05
  3541  +3.0597921925     12533  +3.0598144531  +2.226e-05
  3542  +3.0602242140     12535  +3.0603027344  +7.852e-05
  3543  +3.0606561745     12536  +3.0605468750  -1.093e-04
  3544  +3.0610880741     12538  +3.0610351562  -5.292e-05
  3545  +3.0615199127     12540  +3.0615234375  +3.525e-06
  3546  +3.0619516904     12542  +3.0620117188  +6.003e-05
  3547  +3.0623834073     12544  +3.0625000000  +1.166e-04
  3548  +3.0628150633     12545  +3.0627441406  -7.092e-05
  3549  +3.0632466584     12547  +3.0632324219  -1.424e-05
  3550  +3.0636781928     12549  +3.0637207031  +4.251e-05
  3551  +3.0641096664     12551  +3.0642089844  +9.932e-05
  3552  +3.0645410792     12552  +3.0644531250  -8.795e-05
  3553  +3.0649724313     12554  +3.0649414062  -3.103e-05
  3554  +3.0654037228     12556  +3.0654296875  +2.596e-05
  3555  +3.0658349535     12558  +3.0659179688  +8.302e-05
  3556  +3.0662661236     12559  +3.0661621094  -1.040e-04
  3557  +3.0666972331     12561  +3.0666503906  -4.684e-05
  3558  +3.0671282819     12563  +3.0671386719  +1.039e-05
  3559  +3.0675592703     12565  +3.0676269531  +6.768e-05
  3560  +3.0679901980     12566  +3.0678710938  -1.191e-04
  3561  +3.0684210653     12568  +3.0683593750  -6.169e-05
  3562  +3.0688518720     12570  +3.0688476562  -4.216e-06
  3563  +3.0692826183     12572  +3.0693359375  +5.332e-05
  3564  +3.0697133041     12574  +3.0698242188  +1.109e-04
  3565  +3.0701439296     12575  +3.0700683594  -7.557e-05
  3566  +3.0705744946     12577  +3.0705566406  -1.785e-05
  3567  +3.0710049993     12579  +3.0710449219  +3.992e-05
  3568  +3.0714354436     12581  +3.0715332031  +9.776e-05
  3569  +3.0718658276     12582  +3.0717773438  -8.848e-05
  3570  +3.0722961513     12584  +3.0722656250  -3.053e-05
  3571  +3.0727264147     12586  +3.0727539062  +2.749e-05
  3572  +3.0731566180     12588  +3.0732421875  +8.557e-05
  3573  +3.0735867610     12589  +3.0734863281  -1.004e-04
  3574  +3.0740168438     12591  +3.0739746094  -4.223e-05
  3575  +3.0744468664     12593  +3.0744628906  +1.602e-05
  3576  +3.0748768289     12595  +3.0749511719  +7.434e-05
  3577  +3.0753067313     12596  +3.0751953125  -1.114e-04
  3578  +3.0757365736     12598  +3.0756835938  -5.298e-05
  3579  +3.0761663558     12600  +3.0761718750  +5.519e-06
  3580  +3.0765960780     12602  +3.0766601562  +6.408e-05
  3581  +3.0770257402     12603  +3.0769042969  -1.214e-04
  3582  +3.0774553424     12605  +3.0773925781  -6.276e-05
  3583  +3.0778848847     12607  +3.0778808594  -4.025e-06
  3584  +3.0783143670     12609  +3.0783691406  +5.477e-05
  3585  +3.0787437893     12611  +3.0788574219  +1.136e-04
  3586  +3.0791731518     12612  +3.0791015625  -7.159e-05
  3587  +3.0796024545     12614  +3.0795898438  -1.261e-05
  3588  +3.0800316973     12616  +3.0800781250  +4.643e-05
  3589  +3.0804608803     12618  +3.0805664062  +1.055e-04
  3590  +3.0808900035     12619  +3.0808105469  -7.946e-05
  3591  +3.0813190669     12621  +3.0812988281  -2.024e-05
  3592  +3.0817480706     12623  +3.0817871094  +3.904e-05
  3593  +3.0821770146     12625  +3.0822753906  +9.838e-05
  3594  +3.0826058989     12626  +3.0825195312  -8.637e-05
  3595  +3.0830347235     12628  +3.0830078125  -2.691e-05
  3596  +3.0834634885     12630  +3.0834960938  +3.261e-05
  3597  +3.0838921939     12632  +3.0839843750  +9.218e-05
  3598  +3.0843208397     12633  +3.0842285156  -9.232e-05
  3599  +3.0847494260     12635  +3.0847167969  -3.263e-05
  3600  +3.0851779527     12637  +3.0852050781  +2.713e-05
  3601  +3.0856064198     12639  +3.0856933594  +8.694e-05
  3602  +3.0860348275     12640  +3.0859375000  -9.733e-05
  3603  +3.0864631758     12642  +3.0864257812  -3.739e-05
  3604  +3.0868914646     12644  +3.0869140625  +2.260e-05
  3605  +3.0873196940     12646  +3.0874023438  +8.265e-05
  3606  +3.0877478639     12647  +3.0876464844  -1.014e-04
  3607  +3.0881759746     12649  +3.0881347656  -4.121e-05
  3608  +3.0886040258     12651  +3.0886230469  +1.902e-05
  3609  +3.0890320178     12653  +3.0891113281  +7.931e-05
  3610  +3.0894599505     12654  +3.0893554688  -1.045e-04
  3611  +3.0898878239     12656  +3.0898437500  -4.407e-05
  3612  +3.0903156381     12658  +3.0903320312  +1.639e-05
  3613  +3.0907433930     12660  +3.0908203125  +7.692e-05
  3614  +3.0911710888     12661  +3.0910644531  -1.066e-04
  3615  +3.0915987254     12663  +3.0915527344  -4.599e-05
  3616  +3.0920263028     12665  +3.0920410156  +1.471e-05
  3617  +3.0924538212     12667  +3.0925292969  +7.548e-05
  3618  +3.0928812804     12668  +3.0927734375  -1.078e-04
  3619  +3.0933086806     12670  +3.0932617188  -4.696e-05
  3620  +3.0937360217     12672  +3.0937500000  +1.398e-05
  3621  +3.0941633038     12674  +3.0942382812  +7.498e-05
  3622  +3.0945905269     12675  +3.0944824219  -1.081e-04
  3623  +3.0950176910     12677  +3.0949707031  -4.699e-05
  3624  +3.0954447962     12679  +3.0954589844  +1.419e-05
  3625  +3.0958718424     12681  +3.0959472656  +7.542e-05
  3626  +3.0962988298     12682  +3.0961914062  -1.074e-04
  3627  +3.0967257583     12684  +3.0966796875  -4.607e-05
  3628  +3.0971526279     12686  +3.0971679688  +1.534e-05
  3629  +3.0975794387     12688  +3.0976562500  +7.681e-05
  3630  +3.0980061908     12689  +3.0979003906  -1.058e-04
  3631  +3.0984328840     12691  +3.0983886719  -4.421e-05
  3632  +3.0988595185     12693  +3.0988769531  +1.743e-05
  3633  +3.0992860942     12695  +3.0993652344  +7.914e-05
  3634  +3.0997126113     12696  +3.0996093750  -1.032e-04
  3635  +3.1001390696     12698  +3.1000976562  -4.141e-05
  3636  +3.1005654693     12700  +3.1005859375  +2.047e-05
  3637  +3.1009918104     12702  +3.1010742188  +8.241e-05
  3638  +3.1014180929     12703  +3.1013183594  -9.973e-05
  3639  +3.1018443168     12705  +3.1018066406  -3.768e-05
  3640  +3.1022704821     12707  +3.1022949219  +2.444e-05
  3641  +3.1026965889     12709  +3.1027832031  +8.661e-05
  3642  +3.1031226372     12710  +3.1030273438  -9.529e-05
  3643  +3.1035486270     12712  +3.1035156250  -3.300e-05
  3644  +3.1039745583     12714  +3.1040039062  +2.935e-05
  3645  +3.1044004312     12716  +3.1044921875  +9.176e-05
  3646  +3.1048262457     12717  +3.1047363281  -8.992e-05
  3647  +3.1052520017     12719  +3.1052246094  -2.739e-05
  3648  +3.1056776995     12721  +3.1057128906  +3.519e-05
  3649  +3.1061033388     12723  +3.1062011719  +9.783e-05
  3650  +3.1065289199     12724  +3.1064453125  -8.361e-05
  3651  +3.1069544427     12726  +3.1069335938  -2.085e-05
  3652  +3.1073799072     12728  +3.1074218750  +4.197e-05
  3653  +3.1078053134     12730  +3.1079101562  +1.048e-04
  3654  +3.1082306614     12731  +3.1081542969  -7.636e-05
  3655  +3.1086559512     12733  +3.1086425781  -1.337e-05
  3656  +3.1090811829     12735  +3.1091308594  +4.968e-05
  3657  +3.1095063564     12737  +3.1096191406  +1.128e-04
  3658  +3.1099314718     12738  +3.1098632812  -6.819e-05
  3659  +3.1103565290     12740  +3.1103515625  -4.967e-06
  3660  +3.1107815282     12742  +3.1108398438  +5.832e-05
  3661  +3.1112064693     12744  +3.1113281250  +1.217e-04
  3662  +3.1116313524     12745  +3.1115722656  -5.909e-05
  3663  +3.1120561775     12747  +3.1120605469  +4.369e-06
  3664  +3.1124809446     12749  +3.1125488281  +6.788e-05
  3665  +3.1129056538     12750  +3.1127929688  -1.127e-04
  3666  +3.1133303050     12752  +3.1132812500  -4.905e-05
  3667  +3.1137548983     12754  +3.1137695312  +1.463e-05
  3668  +3.1141794337     12756  +3.1142578125  +7.838e-05
  3669  +3.1146039112     12757  +3.1145019531  -1.020e-04
  3670  +3.1150283309     12759  +3.1149902344  -3.810e-05
  3671  +3.1154526928     12761  +3.1154785156  +2.582e-05
  3672  +3.1158769969     12763  +3.1159667969  +8.980e-05
  3673  +3.1163012432     12764  +3.1162109375  -9.031e-05
  3674  +3.1167254317     12766  +3.1166992188  -2.621e-05
  3675  +3.1171495626     12768  +3.1171875000  +3.794e-05
  3676  +3.1175736357     12770  +3.1176757812  +1.021e-04
  3677  +3.1179976512     12771  +3.1179199219  -7.773e-05
  3678  +3.1184216090     12773  +3.1184082031  -1.341e-05
  3679  +3.1188455091     12775  +3.1188964844  +5.098e-05
  3680  +3.1192693517     12777  +3.1193847656  +1.154e-04
  3681  +3.1196931367     12778  +3.1196289062  -6.423e-05
  3682  +3.1201168641     12780  +3.1201171875  +3.234e-07
  3683  +3.1205405340     12782  +3.1206054688  +6.493e-05
  3684  +3.1209641464     12783  +3.1208496094  -1.145e-04
  3685  +3.1213877013     12785  +3.1213378906  -4.981e-05
  3686  +3.1218111987     12787  +3.1218261719  +1.497e-05
  3687  +3.1222346386     12789  +3.1223144531  +7.981e-05
  3688  +3.1226580212     12790  +3.1225585938  -9.943e-05
  3689  +3.1230813464     12792  +3.1230468750  -3.447e-05
  3690  +3.1235046141     12794  +3.1235351562  +3.054e-05
  3691  +3.1239278246     12796  +3.1240234375  +9.561e-05
  3692  +3.1243509777     12797  +3.1242675781  -8.340e-05
  3693  +3.1247740735     12799  +3.1247558594  -1.821e-05
  3694  +3.1251971120     12801  +3.1252441406  +4.703e-05
  3695  +3.1256200933     12803  +3.1257324219  +1.123e-04
  3696  +3.1260430173     12804  +3.1259765625  -6.645e-05
  3697  +3.1264658842     12806  +3.1264648438  -1.040e-06
  3698  +3.1268886938     12808  +3.1269531250  +6.443e-05
  3699  +3.1273114463     12809  +3.1271972656  -1.142e-04
  3700  +3.1277341416     12811  +3.1276855469  -4.859e-05
  3701  +3.1281567798     12813  +3.1281738281  +1.705e-05
  3702  +3.1285793610     12815  +3.1286621094  +8.275e-05
  3703  +3.1290018850     12816  +3.1289062500  -9.564e-05
  3704  +3.1294243520     12818  +3.1293945312  -2.982e-05
  3705  +3.1298467620     12820  +3.1298828125  +3.605e-05
  3706  +3.1302691150     12822  +3.1303710938  +1.020e-04
  3707  +3.1306914110     12823  +3.1306152344  -7.618e-05
  3708  +3.1311136501     12825  +3.1311035156  -1.013e-05
  3709  +3.1315358322     12827  +3.1315917969  +5.596e-05
  3710  +3.1319579574     12828  +3.1318359375  -1.220e-04
  3711  +3.1323800257     12830  +3.1323242188  -5.581e-05
  3712  +3.1328020372     12832  +3.1328125000  +1.046e-05
  3713  +3.1332239918     12834  +3.1333007812  +7.679e-05
  3714  +3.1336458896     12835  +3.1335449219  -1.010e-04
  3715  +3.1340677306     12837  +3.1340332031  -3.453e-05
  3716  +3.1344895148     12839  +3.1345214844  +3.197e-05
  3717  +3.1349112423     12841  +3.1350097656  +9.852e-05
  3718  +3.1353329131     12842  +3.1352539062  -7.901e-05
  3719  +3.1357545271     12844  +3.1357421875  -1.234e-05
  3720  +3.1361760845     12846  +3.1362304688  +5.438e-05
  3721  +3.1365975852     12848  +3.1367187500  +1.212e-04
  3722  +3.1370190293     12849  +3.1369628906  -5.614e-05
  3723  +3.1373254985     12850  +3.1372070312  -1.185e-04
  3724  +3.1373254985     12850  +3.1372070312  -1.185e-04
  3725  +3.1373254985     12850  +3.1372070312  -1.185e-04
  3726  +3.1373254985     12850  +3.1372070312  -1.185e-04
  3727  +3.1373254985     12850  +3.1372070312  -1.185e-04
  3728  +3.1373254985     12850  +3.1372070312  -1.185e-04
  3729  +3.1373254985     12850  +3.1372070312  -1.185e-04
  3730  +3.1373254985     12850  +3.1372070312  -1.185e-04
  3731  +3.1373254985     12850  +3.1372070312  -1.185e-04
  3732  +3.1373254985     12850  +3.1372070312  -1.185e-04
  3733  +3.1373254985     12850  +3.1372070312  -1.185e-04
  3734  +3.1373254985     12850  +3.1372070312  -1.185e-04
  3735  +3.1373254985     12850  +3.1372070312  -1.185e-04
  3736  +3.1373254985     12850  +3.1372070312  -1.185e-04
  3737  +3.1373254985     12850  +3.1372070312  -1.185e-04
  3738  +3.1373254985     12850  +3.1372070312  -1.185e-04
  3739  +3.1373254985     12850  +3.1372070312  -1.185e-04
  3740  +3.1373254985     12850  +3.1372070312  -1.185e-04
  3741  +3.1373254985     12850  +3.1372070312  -1.185e-04
  3742  +3.1373254985     12850  +3.1372070312  -1.185e-04
  3743  +3.1373254985     12850  +3.1372070312  -1.185e-04
  3744  +3.1373254985     12850  +3.1372070312  -1.185e-04
  3745  +3.1373254985     12850  +3.1372070312  -1.185e-04
  3746  +3.1373254985     12850  +3.1372070312  -1.185e-04
  3747  +3.1373254985     12850  +3.1372070312  -1.185e-04
  3748  +3.1373254985     12850  +3.1372070312  -1.185e-04
  3749  +3.1373254985     12850  +3.1372070312  -1.185e-04
  3750  +3.1373254985     12850  +3.1372070312  -1.185e-04
  3751  +3.1373254985     12850  +3.1372070312  -1.185e-04
  3752  +3.1373254985     12850  +3.1372070312  -1.185e-04
  3753  +3.1373254985     12850  +3.1372070312  -1.185e-04
  3754  +3.1373254985     12850  +3.1372070312  -1.185e-04
  3755  +3.1373254985     12850  +3.1372070312  -1.185e-04
  3756  +3.1373254985     12850  +3.1372070312  -1.185e-04
  3757  +3.1373254985     12850  +3.1372070312  -1.185e-04
  3758  +3.1373254985     12850  +3.1372070312  -1.185e-04
  3759  +3.1373254985     12850  +3.1372070312  -1.185e-04
  3760  +3.1373254985     12850  +3.1372070312  -1.185e-04
  3761  +3.1373254985     12850  +3.1372070312  -1.185e-04
  3762  +3.1373254985     12850  +3.1372070312  -1.185e-04
  3763  +3.1373254985     12850  +3.1372070312  -1.185e-04
  3764  +3.1373254985     12850  +3.1372070312  -1.185e-04
  3765  +3.1373254985     12850  +3.1372070312  -1.185e-04
  3766  +3.1373254985     12850  +3.1372070312  -1.185e-04
  3767  +3.1373254985     12850  +3.1372070312  -1.185e-04
  3768  +3.1373254985     12850  +3.1372070312  -1.185e-04
  3769  +3.1373254985     12850  +3.1372070312  -1.185e-04
  3770  +3.1373254985     12850  +3.1372070312  -1.185e-04
  3771  +3.1373254985     12850  +3.1372070312  -1.185e-04
  3772  +3.1373254985     12850  +3.1372070312  -1.185e-04
  3773  +3.1373254985     12850  +3.1372070312  -1.185e-04
  3774  +3.1373254985     12850  +3.1372070312  -1.185e-04
  3775  +3.1373254985     12850  +3.1372070312  -1.185e-04
  3776  +3.1373254985     12850  +3.1372070312  -1.185e-04
  3777  +3.1373254985     12850  +3.1372070312  -1.185e-04
  3778  +3.1373254985     12850  +3.1372070312  -1.185e-04
  3779  +3.1373254985     12850  +3.1372070312  -1.185e-04
  3780  +3.1373254985     12850  +3.1372070312  -1.185e-04
  3781  +3.1373254985     12850  +3.1372070312  -1.185e-04
  3782  +3.1373254985     12850  +3.1372070312  -1.185e-04
  3783  +3.1373254985     12850  +3.1372070312  -1.185e-04
  3784  +3.1373254985     12850  +3.1372070312  -1.185e-04
  3785  +3.1373254985     12850  +3.1372070312  -1.185e-04
  3786  +3.1373254985     12850  +3.1372070312  -1.185e-04
  3787  +3.1373254985     12850  +3.1372070312  -1.185e-04
  3788  +3.1373254985     12850  +3.1372070312  -1.185e-04
  3789  +3.1373254985     12850  +3.1372070312  -1.185e-04
  3790  +3.1373254985     12850  +3.1372070312  -1.185e-04
  3791  +3.1373254985     12850  +3.1372070312  -1.185e-04
  3792  +3.1373254985     12850  +3.1372070312  -1.185e-04
  3793  +3.1373254985     12850  +3.1372070312  -1.185e-04
  3794  +3.1373254985     12850  +3.1372070312  -1.185e-04
  3795  +3.1373254985     12850  +3.1372070312  -1.185e-04
  3796  +3.1373254985     12850  +3.1372070312  -1.185e-04
  3797  +3.1373254985     12850  +3.1372070312  -1.185e-04
  3798  +3.1373254985     12850  +3.1372070312  -1.185e-04
  3799  +3.1373254985     12850  +3.1372070312  -1.185e-04
  3800  +3.1373254985     12850  +3.1372070312  -1.185e-04
  3801  +3.1373254985     12850  +3.1372070312  -1.185e-04
  3802  +3.1373254985     12850  +3.1372070312  -1.185e-04
  3803  +3.1373254985     12850  +3.1372070312  -1.185e-04
  3804  +3.1373254985     12850  +3.1372070312  -1.185e-04
  3805  +3.1373254985     12850  +3.1372070312  -1.185e-04
  3806  +3.1373254985     12850  +3.1372070312  -1.185e-04
  3807  +3.1373254985     12850  +3.1372070312  -1.185e-04
  3808  +3.1373254985     12850  +3.1372070312  -1.185e-04
  3809  +3.1373254985     12850  +3.1372070312  -1.185e-04
  3810  +3.1373254985     12850  +3.1372070312  -1.185e-04
  3811  +3.1373254985     12850  +3.1372070312  -1.185e-04
  3812  +3.1373254985     12850  +3.1372070312  -1.185e-04
  3813  +3.1373254985     12850  +3.1372070312  -1.185e-04
  3814  +3.1373254985     12850  +3.1372070312  -1.185e-04
  3815  +3.1373254985     12850  +3.1372070312  -1.185e-04
  3816  +3.1373254985     12850  +3.1372070312  -1.185e-04
  3817  +3.1373254985     12850  +3.1372070312  -1.185e-04
  3818  +3.1373254985     12850  +3.1372070312  -1.185e-04
  3819  +3.1373254985     12850  +3.1372070312  -1.185e-04
  3820  +3.1373254985     12850  +3.1372070312  -1.185e-04
  3821  +3.1373254985     12850  +3.1372070312  -1.185e-04
  3822  +3.1373254985     12850  +3.1372070312  -1.185e-04
  3823  +3.1373254985     12850  +3.1372070312  -1.185e-04
  3824  +3.1373254985     12850  +3.1372070312  -1.185e-04
  3825  +3.1373254985     12850  +3.1372070312  -1.185e-04
  3826  +3.1373254985     12850  +3.1372070312  -1.185e-04
  3827  +3.1373254985     12850  +3.1372070312  -1.185e-04
  3828  +3.1373254985     12850  +3.1372070312  -1.185e-04
  3829  +3.1373254985     12850  +3.1372070312  -1.185e-04
  3830  +3.1373254985     12850  +3.1372070312  -1.185e-04
  3831  +3.1373254985     12850  +3.1372070312  -1.185e-04
  3832  +3.1373254985     12850  +3.1372070312  -1.185e-04
  3833  +3.1373254985     12850  +3.1372070312  -1.185e-04
  3834  +3.1373254985     12850  +3.1372070312  -1.185e-04
  3835  +3.1373254985     12850  +3.1372070312  -1.185e-04
  3836  +3.1373254985     12850  +3.1372070312  -1.185e-04
  3837  +3.1373254985     12850  +3.1372070312  -1.185e-04
  3838  +3.1373254985     12850  +3.1372070312  -1.185e-04
  3839  +3.1373254985     12850  +3.1372070312  -1.185e-04
  3840  +3.1373254985     12850  +3.1372070312  -1.185e-04
  3841  +3.1373254985     12850  +3.1372070312  -1.185e-04
  3842  +3.1373254985     12850  +3.1372070312  -1.185e-04
  3843  +3.1373254985     12850  +3.1372070312  -1.185e-04
  3844  +3.1373254985     12850  +3.1372070312  -1.185e-04
  3845  +3.1373254985     12850  +3.1372070312  -1.185e-04
  3846  +3.1373254985     12850  +3.1372070312  -1.185e-04
  3847  +3.1373254985     12850  +3.1372070312  -1.185e-04
  3848  +3.1373254985     12850  +3.1372070312  -1.185e-04
  3849  +3.1373254985     12850  +3.1372070312  -1.185e-04
  3850  +3.1373254985     12850  +3.1372070312  -1.185e-04
  3851  +3.1373254985     12850  +3.1372070312  -1.185e-04
  3852  +3.1373254985     12850  +3.1372070312  -1.185e-04
  3853  +3.1373254985     12850  +3.1372070312  -1.185e-04
  3854  +3.1373254985     12850  +3.1372070312  -1.185e-04
  3855  +3.1373254985     12850  +3.1372070312  -1.185e-04
  3856  +3.1373254985     12850  +3.1372070312  -1.185e-04
  3857  +3.1373254985     12850  +3.1372070312  -1.185e-04
  3858  +3.1373254985     12850  +3.1372070312  -1.185e-04
  3859  +3.1373254985     12850  +3.1372070312  -1.185e-04
  3860  +3.1373254985     12850  +3.1372070312  -1.185e-04
  3861  +3.1373254985     12850  +3.1372070312  -1.185e-04
  3862  +3.1373254985     12850  +3.1372070312  -1.185e-04
  3863  +3.1373254985     12850  +3.1372070312  -1.185e-04
  3864  +3.1373254985     12850  +3.1372070312  -1.185e-04
  3865  +3.1373254985     12850  +3.1372070312  -1.185e-04
  3866  +3.1373254985     12850  +3.1372070312  -1.185e-04
  3867  +3.1373254985     12850  +3.1372070312  -1.185e-04
  3868  +3.1373254985     12850  +3.1372070312  -1.185e-04
  3869  +3.1373254985     12850  +3.1372070312  -1.185e-04
  3870  +3.1373254985     12850  +3.1372070312  -1.185e-04
  3871  +3.1373254985     12850  +3.1372070312  -1.185e-04
  3872  +3.1373254985     12850  +3.1372070312  -1.185e-04
  3873  +3.1373254985     12850  +3.1372070312  -1.185e-04
  3874  +3.1373254985     12850  +3.1372070312  -1.185e-04
  3875  +3.1373254985     12850  +3.1372070312  -1.185e-04
  3876  +3.1373254985     12850  +3.1372070312  -1.185e-04
  3877  +3.1373254985     12850  +3.1372070312  -1.185e-04
  3878  +3.1373254985     12850  +3.1372070312  -1.185e-04
  3879  +3.1373254985     12850  +3.1372070312  -1.185e-04
  3880  +3.1373254985     12850  +3.1372070312  -1.185e-04
  3881  +3.1373254985     12850  +3.1372070312  -1.185e-04
  3882  +3.1373254985     12850  +3.1372070312  -1.185e-04
  3883  +3.1373254985     12850  +3.1372070312  -1.185e-04
  3884  +3.1373254985     12850  +3.1372070312  -1.185e-04
  3885  +3.1373254985     12850  +3.1372070312  -1.185e-04
  3886  +3.1373254985     12850  +3.1372070312  -1.185e-04
  3887  +3.1373254985     12850  +3.1372070312  -1.185e-04
  3888  +3.1373254985     12850  +3.1372070312  -1.185e-04
  3889  +3.1373254985     12850  +3.1372070312  -1.185e-04
  3890  +3.1373254985     12850  +3.1372070312  -1.185e-04
  3891  +3.1373254985     12850  +3.1372070312  -1.185e-04
  3892  +3.1373254985     12850  +3.1372070312  -1.185e-04
  3893  +3.1373254985     12850  +3.1372070312  -1.185e-04
  3894  +3.1373254985     12850  +3.1372070312  -1.185e-04
  3895  +3.1373254985     12850  +3.1372070312  -1.185e-04
  3896  +3.1373254985     12850  +3.1372070312  -1.185e-04
  3897  +3.1373254985     12850  +3.1372070312  -1.185e-04
  3898  +3.1373254985     12850  +3.1372070312  -1.185e-04
  3899  +3.1373254985     12850  +3.1372070312  -1.185e-04
  3900  +3.1373254985     12850  +3.1372070312  -1.185e-04
  3901  +3.1373254985     12850  +3.1372070312  -1.185e-04
  3902  +3.1373254985     12850  +3.1372070312  -1.185e-04
  3903  +3.1373254985     12850  +3.1372070312  -1.185e-04
  3904  +3.1373254985     12850  +3.1372070312  -1.185e-04
  3905  +3.1373254985     12850  +3.1372070312  -1.185e-04
  3906  +3.1373254985     12850  +3.1372070312  -1.185e-04
  3907  +3.1373254985     12850  +3.1372070312  -1.185e-04
  3908  +3.1373254985     12850  +3.1372070312  -1.185e-04
  3909  +3.1373254985     12850  +3.1372070312  -1.185e-04
  3910  +3.1373254985     12850  +3.1372070312  -1.185e-04
  3911  +3.1373254985     12850  +3.1372070312  -1.185e-04
  3912  +3.1373254985     12850  +3.1372070312  -1.185e-04
  3913  +3.1373254985     12850  +3.1372070312  -1.185e-04
  3914  +3.1373254985     12850  +3.1372070312  -1.185e-04
  3915  +3.1373254985     12850  +3.1372070312  -1.185e-04
  3916  +3.1373254985     12850  +3.1372070312  -1.185e-04
  3917  +3.1373254985     12850  +3.1372070312  -1.185e-04
  3918  +3.1373254985     12850  +3.1372070312  -1.185e-04
  3919  +3.1373254985     12850  +3.1372070312  -1.185e-04
  3920  +3.1373254985     12850  +3.1372070312  -1.185e-04
  3921  +3.1373254985     12850  +3.1372070312  -1.185e-04
  3922  +3.1373254985     12850  +3.1372070312  -1.185e-04
  3923  +3.1373254985     12850  +3.1372070312  -1.185e-04
  3924  +3.1373254985     12850  +3.1372070312  -1.185e-04
  3925  +3.1373254985     12850  +3.1372070312  -1.185e-04
  3926  +3.1373254985     12850  +3.1372070312  -1.185e-04
  3927  +3.1373254985     12850  +3.1372070312  -1.185e-04
  3928  +3.1373254985     12850  +3.1372070312  -1.185e-04
  3929  +3.1373254985     12850  +3.1372070312  -1.185e-04
  3930  +3.1373254985     12850  +3.1372070312  -1.185e-04
  3931  +3.1373254985     12850  +3.1372070312  -1.185e-04
  3932  +3.1373254985     12850  +3.1372070312  -1.185e-04
  3933  +3.1373254985     12850  +3.1372070312  -1.185e-04
  3934  +3.1373254985     12850  +3.1372070312  -1.185e-04
  3935  +3.1373254985     12850  +3.1372070312  -1.185e-04
  3936  +3.1373254985     12850  +3.1372070312  -1.185e-04
  3937  +3.1373254985     12850  +3.1372070312  -1.185e-04
  3938  +3.1373254985     12850  +3.1372070312  -1.185e-04
  3939  +3.1373254985     12850  +3.1372070312  -1.185e-04
  3940  +3.1373254985     12850  +3.1372070312  -1.185e-04
  3941  +3.1373254985     12850  +3.1372070312  -1.185e-04
  3942  +3.1373254985     12850  +3.1372070312  -1.185e-04
  3943  +3.1373254985     12850  +3.1372070312  -1.185e-04
  3944  +3.1373254985     12850  +3.1372070312  -1.185e-04
  3945  +3.1373254985     12850  +3.1372070312  -1.185e-04
  3946  +3.1373254985     12850  +3.1372070312  -1.185e-04
  3947  +3.1373254985     12850  +3.1372070312  -1.185e-04
  3948  +3.1373254985     12850  +3.1372070312  -1.185e-04
  3949  +3.1373254985     12850  +3.1372070312  -1.185e-04
  3950  +3.1373254985     12850  +3.1372070312  -1.185e-04
  3951  +3.1373254985     12850  +3.1372070312  -1.185e-04
  3952  +3.1373254985     12850  +3.1372070312  -1.185e-04
  3953  +3.1373254985     12850  +3.1372070312  -1.185e-04
  3954  +3.1373254985     12850  +3.1372070312  -1.185e-04
  3955  +3.1373254985     12850  +3.1372070312  -1.185e-04
  3956  +3.1373254985     12850  +3.1372070312  -1.185e-04
  3957  +3.1373254985     12850  +3.1372070312  -1.185e-04
  3958  +3.1373254985     12850  +3.1372070312  -1.185e-04
  3959  +3.1373254985     12850  +3.1372070312  -1.185e-04
  3960  +3.1373254985     12850  +3.1372070312  -1.185e-04
  3961  +3.1373254985     12850  +3.1372070312  -1.185e-04
  3962  +3.1373254985     12850  +3.1372070312  -1.185e-04
  3963  +3.1373254985     12850  +3.1372070312  -1.185e-04
  3964  +3.1373254985     12850  +3.1372070312  -1.185e-04
  3965  +3.1373254985     12850  +3.1372070312  -1.185e-04
  3966  +3.1373254985     12850  +3.1372070312  -1.185e-04
  3967  +3.1373254985     12850  +3.1372070312  -1.185e-04
  3968  +3.1373254985     12850  +3.1372070312  -1.185e-04
  3969  +3.1373254985     12850  +3.1372070312  -1.185e-04
  3970  +3.1373254985     12850  +3.1372070312  -1.185e-04
  3971  +3.1373254985     12850  +3.1372070312  -1.185e-04
  3972  +3.1373254985     12850  +3.1372070312  -1.185e-04
  3973  +3.1373254985     12850  +3.1372070312  -1.185e-04
  3974  +3.1373254985     12850  +3.1372070312  -1.185e-04
  3975  +3.1373254985     12850  +3.1372070312  -1.185e-04
  3976  +3.1373254985     12850  +3.1372070312  -1.185e-04
  3977  +3.1373254985     12850  +3.1372070312  -1.185e-04
  3978  +3.1373254985     12850  +3.1372070312  -1.185e-04
  3979  +3.1373254985     12850  +3.1372070312  -1.185e-04
  3980  +3.1373254985     12850  +3.1372070312  -1.185e-04
  3981  +3.1373254985     12850  +3.1372070312  -1.185e-04
  3982  +3.1373254985     12850  +3.1372070312  -1.185e-04
  3983  +3.1373254985     12850  +3.1372070312  -1.185e-04
  3984  +3.1373254985     12850  +3.1372070312  -1.185e-04
  3985  +3.1373254985     12850  +3.1372070312  -1.185e-04
  3986  +3.1373254985     12850  +3.1372070312  -1.185e-04
  3987  +3.1373254985     12850  +3.1372070312  -1.185e-04
  3988  +3.1373254985     12850  +3.1372070312  -1.185e-04
  3989  +3.1373254985     12850  +3.1372070312  -1.185e-04
  3990  +3.1373254985     12850  +3.1372070312  -1.185e-04
  3991  +3.1373254985     12850  +3.1372070312  -1.185e-04
  3992  +3.1373254985     12850  +3.1372070312  -1.185e-04
  3993  +3.1373254985     12850  +3.1372070312  -1.185e-04
  3994  +3.1373254985     12850  +3.1372070312  -1.185e-04
  3995  +3.1373254985     12850  +3.1372070312  -1.185e-04
  3996  +3.1373254985     12850  +3.1372070312  -1.185e-04
  3997  +3.1373254985     12850  +3.1372070312  -1.185e-04
  3998  +3.1373254985     12850  +3.1372070312  -1.185e-04
  3999  +3.1373254985     12850  +3.1372070312  -1.185e-04
  4000  +3.1373254985     12850  +3.1372070312  -1.185e-04
  4001  +3.1373254985     12850  +3.1372070312  -1.185e-04
  4002  +3.1373254985     12850  +3.1372070312  -1.185e-04
  4003  +3.1373254985     12850  +3.1372070312  -1.185e-04
  4004  +3.1373254985     12850  +3.1372070312  -1.185e-04
  4005  +3.1373254985     12850  +3.1372070312  -1.185e-04
  4006  +3.1373254985     12850  +3.1372070312  -1.185e-04
  4007  +3.1373254985     12850  +3.1372070312  -1.185e-04
  4008  +3.1373254985     12850  +3.1372070312  -1.185e-04
  4009  +3.1373254985     12850  +3.1372070312  -1.185e-04
  4010  +3.1373254985     12850  +3.1372070312  -1.185e-04
  4011  +3.1373254985     12850  +3.1372070312  -1.185e-04
  4012  +3.1373254985     12850  +3.1372070312  -1.185e-04
  4013  +3.1373254985     12850  +3.1372070312  -1.185e-04
  4014  +3.1373254985     12850  +3.1372070312  -1.185e-04
  4015  +3.1373254985     12850  +3.1372070312  -1.185e-04
  4016  +3.1373254985     12850  +3.1372070312  -1.185e-04
  4017  +3.1373254985     12850  +3.1372070312  -1.185e-04
  4018  +3.1373254985     12850  +3.1372070312  -1.185e-04
  4019  +3.1373254985     12850  +3.1372070312  -1.185e-04
  4020  +3.1373254985     12850  +3.1372070312  -1.185e-04
  4021  +3.1373254985     12850  +3.1372070312  -1.185e-04
  4022  +3.1373254985     12850  +3.1372070312  -1.185e-04
  4023  +3.1373254985     12850  +3.1372070312  -1.185e-04
  4024  +3.1373254985     12850  +3.1372070312  -1.185e-04
  4025  +3.1373254985     12850  +3.1372070312  -1.185e-04
  4026  +3.1373254985     12850  +3.1372070312  -1.185e-04
  4027  +3.1373254985     12850  +3.1372070312  -1.185e-04
  4028  +3.1373254985     12850  +3.1372070312  -1.185e-04
  4029  +3.1373254985     12850  +3.1372070312  -1.185e-04
  4030  +3.1373254985     12850  +3.1372070312  -1.185e-04
  4031  +3.1373254985     12850  +3.1372070312  -1.185e-04
  4032  +3.1373254985     12850  +3.1372070312  -1.185e-04
  4033  +3.1373254985     12850  +3.1372070312  -1.185e-04
  4034  +3.1373254985     12850  +3.1372070312  -1.185e-04
  4035  +3.1373254985     12850  +3.1372070312  -1.185e-04
  4036  +3.1373254985     12850  +3.1372070312  -1.185e-04
  4037  +3.1373254985     12850  +3.1372070312  -1.185e-04
  4038  +3.1373254985     12850  +3.1372070312  -1.185e-04
  4039  +3.1373254985     12850  +3.1372070312  -1.185e-04
  4040  +3.1373254985     12850  +3.1372070312  -1.185e-04
  4041  +3.1373254985     12850  +3.1372070312  -1.185e-04
  4042  +3.1373254985     12850  +3.1372070312  -1.185e-04
  4043  +3.1373254985     12850  +3.1372070312  -1.185e-04
  4044  +3.1373254985     12850  +3.1372070312  -1.185e-04
  4045  +3.1373254985     12850  +3.1372070312  -1.185e-04
  4046  +3.1373254985     12850  +3.1372070312  -1.185e-04
  4047  +3.1373254985     12850  +3.1372070312  -1.185e-04
  4048  +3.1373254985     12850  +3.1372070312  -1.185e-04
  4049  +3.1373254985     12850  +3.1372070312  -1.185e-04
  4050  +3.1373254985     12850  +3.1372070312  -1.185e-04
  4051  +3.1373254985     12850  +3.1372070312  -1.185e-04
  4052  +3.1373254985     12850  +3.1372070312  -1.185e-04
  4053  +3.1373254985     12850  +3.1372070312  -1.185e-04
  4054  +3.1373254985     12850  +3.1372070312  -1.185e-04
  4055  +3.1373254985     12850  +3.1372070312  -1.185e-04
  4056  +3.1373254985     12850  +3.1372070312  -1.185e-04
  4057  +3.1373254985     12850  +3.1372070312  -1.185e-04
  4058  +3.1373254985     12850  +3.1372070312  -1.185e-04
  4059  +3.1373254985     12850  +3.1372070312  -1.185e-04
  4060  +3.1373254985     12850  +3.1372070312  -1.185e-04
  4061  +3.1373254985     12850  +3.1372070312  -1.185e-04
  4062  +3.1373254985     12850  +3.1372070312  -1.185e-04
  4063  +3.1373254985     12850  +3.1372070312  -1.185e-04
  4064  +3.1373254985     12850  +3.1372070312  -1.185e-04
  4065  +3.1373254985     12850  +3.1372070312  -1.185e-04
  4066  +3.1373254985     12850  +3.1372070312  -1.185e-04
  4067  +3.1373254985     12850  +3.1372070312  -1.185e-04
  4068  +3.1373254985     12850  +3.1372070312  -1.185e-04
  4069  +3.1373254985     12850  +3.1372070312  -1.185e-04
  4070  +3.1373254985     12850  +3.1372070312  -1.185e-04
  4071  +3.1373254985     12850  +3.1372070312  -1.185e-04
  4072  +3.1373254985     12850  +3.1372070312  -1.185e-04
  4073  +3.1373254985     12850  +3.1372070312  -1.185e-04
  4074  +3.1373254985     12850  +3.1372070312  -1.185e-04
  4075  +3.1373254985     12850  +3.1372070312  -1.185e-04
  4076  +3.1373254985     12850  +3.1372070312  -1.185e-04
  4077  +3.1373254985     12850  +3.1372070312  -1.185e-04
  4078  +3.1373254985     12850  +3.1372070312  -1.185e-04
  4079  +3.1373254985     12850  +3.1372070312  -1.185e-04
  4080  +3.1373254985     12850  +3.1372070312  -1.185e-04
  4081  +3.1373254985     12850  +3.1372070312  -1.185e-04
  4082  +3.1373254985     12850  +3.1372070312  -1.185e-04
  4083  +3.1373254985     12850  +3.1372070312  -1.185e-04
  4084  +3.1373254985     12850  +3.1372070312  -1.185e-04
  4085  +3.1373254985     12850  +3.1372070312  -1.185e-04
  4086  +3.1373254985     12850  +3.1372070312  -1.185e-04
  4087  +3.1373254985     12850  +3.1372070312  -1.185e-04
  4088  +3.1373254985     12850  +3.1372070312  -1.185e-04
  4089  +3.1373254985     12850  +3.1372070312  -1.185e-04
  4090  +3.1373254985     12850  +3.1372070312  -1.185e-04
  4091  +3.1373254985     12850  +3.1372070312  -1.185e-04
  4092  +3.1373254985     12850  +3.1372070312  -1.185e-04
  4093  +3.1373254985     12850  +3.1372070312  -1.185e-04
  4094  +3.1373254985     12850  +3.1372070312  -1.185e-04
  4095  +3.1373254985     12850  +3.1372070312  -1.185e-04
  4096  +0.3496928089      1432  +0.3496093750  -8.343e-05
  4097  +0.3496928089      1432  +0.3496093750  -8.343e-05
  4098  +0.3496928089      1432  +0.3496093750  -8.343e-05
  4099  +0.3496928089      1432  +0.3496093750  -8.343e-05
  4100  +0.3496928089      1432  +0.3496093750  -8.343e-05
  4101  +0.3496928089      1432  +0.3496093750  -8.343e-05
  4102  +0.3496928089      1432  +0.3496093750  -8.343e-05
  4103  +0.3496928089      1432  +0.3496093750  -8.343e-05
  4104  +0.3496928089      1432  +0.3496093750  -8.343e-05
  4105  +0.3496928089      1432  +0.3496093750  -8.343e-05
  4106  +0.3496928089      1432  +0.3496093750  -8.343e-05
  4107  +0.3496928089      1432  +0.3496093750  -8.343e-05
  4108  +0.3496928089      1432  +0.3496093750  -8.343e-05
  4109  +0.3496928089      1432  +0.3496093750  -8.343e-05
  4110  +0.3496928089      1432  +0.3496093750  -8.343e-05
  4111  +0.3496928089      1432  +0.3496093750  -8.343e-05
  4112  +0.3496928089      1432  +0.3496093750  -8.343e-05
  4113  +0.3496928089      1432  +0.3496093750  -8.343e-05
  4114  +0.3496928089      1432  +0.3496093750  -8.343e-05
  4115  +0.3496928089      1432  +0.3496093750  -8.343e-05
  4116  +0.3496928089      1432  +0.3496093750  -8.343e-05
  4117  +0.3496928089      1432  +0.3496093750  -8.343e-05
  4118  +0.3496928089      1432  +0.3496093750  -8.343e-05
  4119  +0.3496928089      1432  +0.3496093750  -8.343e-05
  4120  +0.3496928089      1432  +0.3496093750  -8.343e-05
  4121  +0.3496928089      1432  +0.3496093750  -8.343e-05
  4122  +0.3496928089      1432  +0.3496093750  -8.343e-05
  4123  +0.3496928089      1432  +0.3496093750  -8.343e-05
  4124  +0.3496928089      1432  +0.3496093750  -8.343e-05
  4125  +0.3496928089      1432  +0.3496093750  -8.343e-05
  4126  +0.3496928089      1432  +0.3496093750  -8.343e-05
  4127  +0.3496928089      1432  +0.3496093750  -8.343e-05
  4128  +0.3496928089      1432  +0.3496093750  -8.343e-05
  4129  +0.3496928089      1432  +0.3496093750  -8.343e-05
  4130  +0.3496928089      1432  +0.3496093750  -8.343e-05
  4131  +0.3496928089      1432  +0.3496093750  -8.343e-05
  4132  +0.3496928089      1432  +0.3496093750  -8.343e-05
  4133  +0.3496928089      1432  +0.3496093750  -8.343e-05
  4134  +0.3533034590      1447  +0.3532714844  -3.197e-05
  4135  +0.3579220009      1466  +0.3579101562  -1.184e-05
  4136  +0.3624817007      1485  +0.3625488281  +6.713e-05
  4137  +0.3669847516      1503  +0.3669433594  -4.139e-05
  4138  +0.3714332140      1521  +0.3713378906  -9.532e-05
  4139  +0.3758290264      1539  +0.3757324219  -9.660e-05
  4140  +0.3801740149      1557  +0.3801269531  -4.706e-05
  4141  +0.3844699029      1575  +0.3845214844  +5.158e-05
  4142  +0.3887183181      1592  +0.3886718750  -4.644e-05
  4143  +0.3929208004      1609  +0.3928222656  -9.853e-05
  4144  +0.3970788083      1626  +0.3969726562  -1.062e-04
  4145  +0.4011937245      1643  +0.4011230469  -7.068e-05
  4146  +0.4052668616      1660  +0.4052734375  +6.576e-06
  4147  +0.4092994670      1676  +0.4091796875  -1.198e-04
  4148  +0.4132927271      1693  +0.4133300781  +3.735e-05
  4149  +0.4172477716      1709  +0.4172363281  -1.144e-05
  4150  +0.4211656770      1725  +0.4211425781  -2.310e-05
  4151  +0.4250474703      1741  +0.4250488281  +1.358e-06
  4152  +0.4288941322      1757  +0.4289550781  +6.095e-05
  4153  +0.4327065995      1772  +0.4326171875  -8.941e-05
  4154  +0.4364857682      1788  +0.4365234375  +3.767e-05
  4155  +0.4402324958      1803  +0.4401855469  -4.695e-05
  4156  +0.4439476038      1818  +0.4438476562  -9.995e-05
  4157  +0.4476318795      1834  +0.4477539062  +1.220e-04
  4158  +0.4512860779      1848  +0.4511718750  -1.142e-04
  4159  +0.4549109239      1863  +0.4548339844  -7.694e-05
  4160  +0.4585071137      1878  +0.4584960938  -1.102e-05
  4161  +0.4620753162      1893  +0.4621582031  +8.289e-05
  4162  +0.4656161750      1907  +0.4655761719  -4.000e-05
  4163  +0.4691303092      1922  +0.4692382812  +1.080e-04
  4164  +0.4726183149      1936  +0.4726562500  +3.794e-05
  4165  +0.4760807665      1950  +0.4760742188  -6.548e-06
  4166  +0.4795182174      1964  +0.4794921875  -2.603e-05
  4167  +0.4829312015      1978  +0.4829101562  -2.105e-05
  4168  +0.4863202340      1992  +0.4863281250  +7.891e-06
  4169  +0.4896858121      2006  +0.4897460938  +6.028e-05
  4170  +0.4930284161      2019  +0.4929199219  -1.085e-04
  4171  +0.4963485103      2033  +0.4963378906  -1.062e-05
  4172  +0.4996465434      2047  +0.4997558594  +1.093e-04
  4173  +0.5029229492      2060  +0.5029296875  +6.738e-06
  4174  +0.5061781479      2073  +0.5061035156  -7.463e-05
  4175  +0.5094125460      2087  +0.5095214844  +1.089e-04
  4176  +0.5126265372      2100  +0.5126953125  +6.878e-05
  4177  +0.5158205029      2113  +0.5158691406  +4.864e-05
  4178  +0.5189948129      2126  +0.5190429688  +4.816e-05
  4179  +0.5221498256      2139  +0.5222167969  +6.697e-05
  4180  +0.5252858888      2152  +0.5253906250  +1.047e-04
  4181  +0.5284033398      2164  +0.5283203125  -8.303e-05
  4182  +0.5315025062      2177  +0.5314941406  -8.366e-06
  4183  +0.5345837060      2190  +0.5346679688  +8.426e-05
  4184  +0.5376472480      2202  +0.5375976562  -4.959e-05
  4185  +0.5406934324      2215  +0.5407714844  +7.805e-05
  4186  +0.5437225510      2227  +0.5437011719  -2.138e-05
  4187  +0.5467348873      2239  +0.5466308594  -1.040e-04
  4188  +0.5497307174      2252  +0.5498046875  +7.397e-05
  4189  +0.5527103095      2264  +0.5527343750  +2.407e-05
  4190  +0.5556739249      2276  +0.5556640625  -9.862e-06
  4191  +0.5586218178      2288  +0.5585937500  -2.807e-05
  4192  +0.5615542360      2300  +0.5615234375  -3.080e-05
  4193  +0.5644714205      2312  +0.5644531250  -1.830e-05
  4194  +0.5673736063      2324  +0.5673828125  +9.206e-06
  4195  +0.5702610224      2336  +0.5703125000  +5.148e-05
  4196  +0.5731338921      2348  +0.5732421875  +1.083e-04
  4197  +0.5759924330      2359  +0.5759277344  -6.470e-05
  4198  +0.5788368574      2371  +0.5788574219  +2.056e-05
  4199  +0.5816673723      2383  +0.5817871094  +1.197e-04
  4200  +0.5844841799      2394  +0.5844726562  -1.152e-05
  4201  +0.5872874775      2406  +0.5874023438  +1.149e-04
  4202  +0.5900774574      2417  +0.5900878906  +1.043e-05
  4203  +0.5928543079      2428  +0.5927734375  -8.087e-05
  4204  +0.5956182124      2440  +0.5957031250  +8.491e-05
  4205  +0.5983693504      2451  +0.5983886719  +1.932e-05
  4206  +0.6011078972      2462  +0.6010742188  -3.368e-05
  4207  +0.6038340241      2473  +0.6037597656  -7.426e-05
  4208  +0.6065478986      2484  +0.6064453125  -1.026e-04
  4209  +0.6092496843      2495  +0.6091308594  -1.188e-04
  4210  +0.6119395415      2507  +0.6120605469  +1.210e-04
  4211  +0.6146176267      2517  +0.6145019531  -1.157e-04
  4212  +0.6172840931      2528  +0.6171875000  -9.659e-05
  4213  +0.6199390907      2539  +0.6198730469  -6.604e-05
  4214  +0.6225827662      2550  +0.6225585938  -2.417e-05
  4215  +0.6252152632      2561  +0.6252441406  +2.888e-05
  4216  +0.6278367223      2572  +0.6279296875  +9.297e-05
  4217  +0.6304472813      2582  +0.6303710938  -7.619e-05
  4218  +0.6330470749      2593  +0.6330566406  +9.566e-06
  4219  +0.6356362353      2604  +0.6357421875  +1.060e-04
  4220  +0.6382148919      2614  +0.6381835938  -3.130e-05
  4221  +0.6407831715      2625  +0.6408691406  +8.597e-05
  4222  +0.6433411983      2635  +0.6433105469  -3.065e-05
  4223  +0.6458890942      2646  +0.6459960938  +1.070e-04
  4224  +0.6484269786      2656  +0.6484375000  +1.052e-05
  4225  +0.6509549686      2666  +0.6508789062  -7.606e-05
  4226  +0.6534731791      2677  +0.6535644531  +9.127e-05
  4227  +0.6559817226      2687  +0.6560058594  +2.414e-05
  4228  +0.6584807096      2697  +0.6584472656  -3.344e-05
  4229  +0.6609702486      2707  +0.6608886719  -8.158e-05
  4230  +0.6634504458      2717  +0.6633300781  -1.204e-04
  4231  +0.6659214058      2728  +0.6660156250  +9.422e-05
  4232  +0.6683832308      2738  +0.6684570312  +7.380e-05
  4233  +0.6708360216      2748  +0.6708984375  +6.242e-05
  4234  +0.6732798767      2758  +0.6733398438  +5.997e-05
  4235  +0.6757148933      2768  +0.6757812500  +6.636e-05
  4236  +0.6781411664      2778  +0.6782226562  +8.149e-05
  4237  +0.6805587896      2788  +0.6806640625  +1.053e-04
  4238  +0.6829678548      2797  +0.6828613281  -1.065e-04
  4239  +0.6853684522      2807  +0.6853027344  -6.572e-05
  4240  +0.6877606705      2817  +0.6877441406  -1.653e-05
  4241  +0.6901445968      2827  +0.6901855469  +4.095e-05
  4242  +0.6925203167      2837  +0.6926269531  +1.066e-04
  4243  +0.6948879145      2846  +0.6948242188  -6.370e-05
  4244  +0.6972474727      2856  +0.6972656250  +1.815e-05
  4245  +0.6995990729      2866  +0.6997070312  +1.080e-04
  4246  +0.7019427950      2875  +0.7019042969  -3.850e-05
  4247  +0.7042787175      2885  +0.7043457031  +6.699e-05
  4248  +0.7066069180      2894  +0.7065429688  -6.395e-05
  4249  +0.7089274724      2904  +0.7089843750  +5.690e-05
  4250  +0.7112404556      2913  +0.7111816406  -5.882e-05
  4251  +0.7135459413      2923  +0.7136230469  +7.711e-05
  4252  +0.7158440018      2932  +0.7158203125  -2.369e-05
  4253  +0.7181347085      2941  +0.7180175781  -1.171e-04
  4254  +0.7204181314      2951  +0.7204589844  +4.085e-05
  4255  +0.7226943397      2960  +0.7226562500  -3.809e-05
  4256  +0.7249634013      2969  +0.7248535156  -1.099e-04
  4257  +0.7272253831      2979  +0.7272949219  +6.954e-05
  4258  +0.7294803509      2988  +0.7294921875  +1.184e-05
  4259  +0.7317283697      2997  +0.7316894531  -3.892e-05
  4260  +0.7339695032      3006  +0.7338867188  -8.278e-05
  4261  +0.7362038143      3015  +0.7360839844  -1.198e-04
  4262  +0.7384313649      3025  +0.7385253906  +9.403e-05
  4263  +0.7406522162      3034  +0.7407226562  +7.044e-05
  4264  +0.7428664280      3043  +0.7429199219  +5.349e-05
  4265  +0.7450740597      3052  +0.7451171875  +4.313e-05
  4266  +0.7472751696      3061  +0.7473144531  +3.928e-05
  4267  +0.7494698150      3070  +0.7495117188  +4.190e-05
  4268  +0.7516580527      3079  +0.7517089844  +5.093e-05
  4269  +0.7538399385      3088  +0.7539062500  +6.631e-05
  4270  +0.7560155272      3097  +0.7561035156  +8.799e-05
  4271  +0.7581848732      3106  +0.7583007812  +1.159e-04
  4272  +0.7603480299      3114  +0.7602539062  -9.412e-05
  4273  +0.7625050499      3123  +0.7624511719  -5.388e-05
  4274  +0.7646559852      3132  +0.7646484375  -7.548e-06
  4275  +0.7668008870      3141  +0.7668457031  +4.482e-05
  4276  +0.7689398058      3150  +0.7690429688  +1.032e-04
  4277  +0.7710727913      3158  +0.7709960938  -7.670e-05
  4278  +0.7731998927      3167  +0.7731933594  -6.533e-06
  4279  +0.7753211584      3176  +0.7753906250  +6.947e-05
  4280  +0.7774366361      3184  +0.7773437500  -9.289e-05
  4281  +0.7795463731      3193  +0.7795410156  -5.357e-06
  4282  +0.7816504157      3202  +0.7817382812  +8.787e-05
  4283  +0.7837488099      3210  +0.7836914062  -5.740e-05
  4284  +0.7858416008      3219  +0.7858886719  +4.707e-05
  4285  +0.7879288332      3227  +0.7878417969  -8.704e-05
  4286  +0.7900105510      3236  +0.7900390625  +2.851e-05
  4287  +0.7920867978      3244  +0.7919921875  -9.461e-05
  4288  +0.7941576165      3253  +0.7941894531  +3.184e-05
  4289  +0.7962230494      3261  +0.7961425781  -8.047e-05
  4290  +0.7982831384      3270  +0.7983398438  +5.671e-05
  4291  +0.8003379246      3278  +0.8002929688  -4.496e-05
  4292  +0.8023874489      3287  +0.8024902344  +1.028e-04
  4293  +0.8044317515      3295  +0.8044433594  +1.161e-05
  4294  +0.8064708720      3303  +0.8063964844  -7.439e-05
  4295  +0.8085048497      3312  +0.8085937500  +8.890e-05
  4296  +0.8105337233      3320  +0.8105468750  +1.315e-05
  4297  +0.8125575310      3328  +0.8125000000  -5.753e-05
  4298  +0.8145763106      3337  +0.8146972656  +1.210e-04
  4299  +0.8165900993      3345  +0.8166503906  +6.029e-05
  4300  +0.8185989341      3353  +0.8186035156  +4.582e-06
  4301  +0.8206028512      3361  +0.8205566406  -4.621e-05
  4302  +0.8226018867      3369  +0.8225097656  -9.212e-05
  4303  +0.8245960760      3378  +0.8247070312  +1.110e-04
  4304  +0.8265854543      3386  +0.8266601562  +7.470e-05
  4305  +0.8285700561      3394  +0.8286132812  +4.323e-05
  4306  +0.8305499156      3402  +0.8305664062  +1.649e-05
  4307  +0.8325250669      3410  +0.8325195312  -5.536e-06
  4308  +0.8344955432      3418  +0.8344726562  -2.289e-05
  4309  +0.8364613775      3426  +0.8364257812  -3.560e-05
  4310  +0.8384226027      3434  +0.8383789062  -4.370e-05
  4311  +0.8403792509      3442  +0.8403320312  -4.722e-05
  4312  +0.8423313540      3450  +0.8422851562  -4.620e-05
  4313  +0.8442789435      3458  +0.8442382812  -4.066e-05
  4314  +0.8462220507      3466  +0.8461914062  -3.064e-05
  4315  +0.8481607062      3474  +0.8481445312  -1.617e-05
  4316  +0.8500949407      3482  +0.8500976562  +2.716e-06
  4317  +0.8520247841      3490  +0.8520507812  +2.600e-05
  4318  +0.8539502663      3498  +0.8540039062  +5.364e-05
  4319  +0.8558714167      3506  +0.8559570312  +8.561e-05
  4320  +0.8577882644      3514  +0.8579101562  +1.219e-04
  4321  +0.8597008381      3521  +0.8596191406  -8.170e-05
  4322  +0.8616091664      3529  +0.8615722656  -3.690e-05
  4323  +0.8635132774      3537  +0.8635253906  +1.211e-05
  4324  +0.8654131989      3545  +0.8654785156  +6.532e-05
  4325  +0.8673089585      3552  +0.8671875000  -1.215e-04
  4326  +0.8692005833      3560  +0.8691406250  -5.996e-05
  4327  +0.8710881004      3568  +0.8710937500  +5.650e-06
  4328  +0.8729715363      3576  +0.8730468750  +7.534e-05
  4329  +0.8748509175      3583  +0.8747558594  -9.506e-05
  4330  +0.8767262699      3591  +0.8767089844  -1.729e-05
  4331  +0.8785976195      3599  +0.8786621094  +6.449e-05
  4332  +0.8804649917      3606  +0.8803710938  -9.390e-05
  4333  +0.8823284117      3614  +0.8823242188  -4.193e-06
  4334  +0.8841879046      3622  +0.8842773438  +8.944e-05
  4335  +0.8860434951      3629  +0.8859863281  -5.717e-05
  4336  +0.8878952077      3637  +0.8879394531  +4.425e-05
  4337  +0.8897430665      3644  +0.8896484375  -9.463e-05
  4338  +0.8915870956      3652  +0.8916015625  +1.447e-05
  4339  +0.8934273186      3659  +0.8933105469  -1.168e-04
  4340  +0.8952637590      3667  +0.8952636719  -8.713e-08
  4341  +0.8970964401      3675  +0.8972167969  +1.204e-04
  4342  +0.8989253848      3682  +0.8989257812  +3.965e-07
  4343  +0.9007506158      3689  +0.9006347656  -1.159e-04
  4344  +0.9025721559      3697  +0.9025878906  +1.573e-05
  4345  +0.9043900271      3704  +0.9042968750  -9.315e-05
  4346  +0.9062042516      3712  +0.9062500000  +4.575e-05
  4347  +0.9080148513      3719  +0.9079589844  -5.587e-05
  4348  +0.9098218479      3727  +0.9099121094  +9.026e-05
  4349  +0.9116252626      3734  +0.9116210938  -4.169e-06
  4350  +0.9134251168      3741  +0.9133300781  -9.504e-05
  4351  +0.9152214315      3749  +0.9152832031  +6.177e-05
  4352  +0.9170142274      3756  +0.9169921875  -2.204e-05
  4353  +0.9188035251      3763  +0.9187011719  -1.024e-04
  4354  +0.9205893451      3771  +0.9206542969  +6.495e-05
  4355  +0.9223717076      3778  +0.9223632812  -8.426e-06
  4356  +0.9241506325      3785  +0.9240722656  -7.837e-05
  4357  +0.9259261397      3793  +0.9260253906  +9.925e-05
  4358  +0.9276982487      3800  +0.9277343750  +3.613e-05
  4359  +0.9294669791      3807  +0.9294433594  -2.362e-05
  4360  +0.9312323501      3814  +0.9311523438  -8.001e-05
  4361  +0.9329943807      3822  +0.9331054688  +1.111e-04
  4362  +0.9347530899      3829  +0.9348144531  +6.136e-05
  4363  +0.9365084963      3836  +0.9365234375  +1.494e-05
  4364  +0.9382606185      3843  +0.9382324219  -2.820e-05
  4365  +0.9400094748      3850  +0.9399414062  -6.807e-05
  4366  +0.9417550835      3857  +0.9416503906  -1.047e-04
  4367  +0.9434974626      3865  +0.9436035156  +1.061e-04
  4368  +0.9452366299      3872  +0.9453125000  +7.587e-05
  4369  +0.9469726031      3879  +0.9470214844  +4.888e-05
  4370  +0.9487053998      3886  +0.9487304688  +2.507e-05
  4371  +0.9504350374      3893  +0.9504394531  +4.416e-06
  4372  +0.9521615330      3900  +0.9521484375  -1.310e-05
  4373  +0.9538849037      3907  +0.9538574219  -2.748e-05
  4374  +0.9556051664      3914  +0.9555664062  -3.876e-05
  4375  +0.9573223379      3921  +0.9572753906  -4.695e-05
  4376  +0.9590364347      3928  +0.9589843750  -5.206e-05
  4377  +0.9607474735      3935  +0.9606933594  -5.411e-05
  4378  +0.9624554703      3942  +0.9624023438  -5.313e-05
  4379  +0.9641604415      3949  +0.9641113281  -4.911e-05
  4380  +0.9658624030      3956  +0.9658203125  -4.209e-05
  4381  +0.9675613707      3963  +0.9675292969  -3.207e-05
  4382  +0.9692573604      3970  +0.9692382812  -1.908e-05
  4383  +0.9709503876      3977  +0.9709472656  -3.122e-06
  4384  +0.9726404679      3984  +0.9726562500  +1.578e-05
  4385  +0.9743276166      3991  +0.9743652344  +3.762e-05
  4386  +0.9760118488      3998  +0.9760742188  +6.237e-05
  4387  +0.9776931797      4005  +0.9777832031  +9.002e-05
  4388  +0.9793716241      4012  +0.9794921875  +1.206e-04
  4389  +0.9810471970      4018  +0.9809570312  -9.017e-05
  4390  +0.9827199130      4025  +0.9826660156  -5.390e-05
  4391  +0.9843897866      4032  +0.9843750000  -1.479e-05
  4392  +0.9860568323      4039  +0.9860839844  +2.715e-05
  4393  +0.9877210644      4046  +0.9877929688  +7.190e-05
  4394  +0.9893824971      4053  +0.9895019531  +1.195e-04
  4395  +0.9910411446      4059  +0.9909667969  -7.435e-05
  4396  +0.9926970207      4066  +0.9926757812  -2.124e-05
  4397  +0.9943501392      4073  +0.9943847656  +3.463e-05
  4398  +0.9960005140      4080  +0.9960937500  +9.324e-05
  4399  +0.9976481587      4086  +0.9975585938  -8.956e-05
  4400  +0.9992930867      4093  +0.9992675781  -2.551e-05
  4401  +1.0009353115      4100  +1.0009765625  +4.125e-05
  4402  +1.0025748462      4107  +1.0026855469  +1.107e-04
  4403  +1.0042117042      4113  +1.0041503906  -6.131e-05
  4404  +1.0058458985      4120  +1.0058593750  +1.348e-05
  4405  +1.0074774420      4127  +1.0075683594  +9.092e-05
  4406  +1.0091063475      4133  +1.0090332031  -7.314e-05
  4407  +1.0107326280      4140  +1.0107421875  +9.560e-06
  4408  +1.0123562959      4147  +1.0124511719  +9.488e-05
  4409  +1.0139773638      4153  +1.0139160156  -6.135e-05
  4410  +1.0155958443      4160  +1.0156250000  +2.916e-05
  4411  +1.0172117496      4166  +1.0170898438  -1.219e-04
  4412  +1.0188250920      4173  +1.0187988281  -2.626e-05
  4413  +1.0204358837      4180  +1.0205078125  +7.193e-05
  4414  +1.0220441367      4186  +1.0219726562  -7.148e-05
  4415  +1.0236498629      4193  +1.0236816406  +3.178e-05
  4416  +1.0252530744      4199  +1.0251464844  -1.066e-04
  4417  +1.0268537827      4206  +1.0268554688  +1.686e-06
  4418  +1.0284519997      4213  +1.0285644531  +1.125e-04
  4419  +1.0300477369      4219  +1.0300292969  -1.844e-05
  4420  +1.0316410058      4226  +1.0317382812  +9.728e-05
  4421  +1.0332318178      4232  +1.0332031250  -2.869e-05
  4422  +1.0348201844      4239  +1.0349121094  +9.193e-05
  4423  +1.0364061166      4245  +1.0363769531  -2.916e-05
  4424  +1.0379896257      4252  +1.0380859375  +9.631e-05
  4425  +1.0395707228      4258  +1.0395507812  -1.994e-05
  4426  +1.0411494188      4265  +1.0412597656  +1.103e-04
  4427  +1.0427257247      4271  +1.0427246094  -1.115e-06
  4428  +1.0442996512      4277  +1.0441894531  -1.102e-04
  4429  +1.0458712091      4284  +1.0458984375  +2.723e-05
  4430  +1.0474404091      4290  +1.0473632812  -7.713e-05
  4431  +1.0490072618      4297  +1.0490722656  +6.500e-05
  4432  +1.0505717776      4303  +1.0505371094  -3.467e-05
  4433  +1.0521339669      4310  +1.0522460938  +1.121e-04
  4434  +1.0536938402      4316  +1.0537109375  +1.710e-05
  4435  +1.0552514077      4322  +1.0551757812  -7.563e-05
  4436  +1.0568066796      4329  +1.0568847656  +7.809e-05
  4437  +1.0583596660      4335  +1.0583496094  -1.006e-05
  4438  +1.0599103770      4341  +1.0598144531  -9.592e-05
  4439  +1.0614588225      4348  +1.0615234375  +6.461e-05
  4440  +1.0630050124      4354  +1.0629882812  -1.673e-05
  4441  +1.0645489566      4360  +1.0644531250  -9.583e-05
  4442  +1.0660906648      4367  +1.0661621094  +7.144e-05
  4443  +1.0676301467      4373  +1.0676269531  -3.194e-06
  4444  +1.0691674120      4379  +1.0690917969  -7.562e-05
  4445  +1.0707024701      4386  +1.0708007812  +9.831e-05
  4446  +1.0722353305      4392  +1.0722656250  +3.029e-05
  4447  +1.0737660027      4398  +1.0737304688  -3.553e-05
  4448  +1.0752944960      4404  +1.0751953125  -9.918e-05
  4449  +1.0768208197      4411  +1.0769042969  +8.348e-05
  4450  +1.0783449830      4417  +1.0783691406  +2.416e-05
  4451  +1.0798669950      4423  +1.0798339844  -3.301e-05
  4452  +1.0813868648      4429  +1.0812988281  -8.804e-05
  4453  +1.0829046015      4436  +1.0830078125  +1.032e-04
  4454  +1.0844202140      4442  +1.0844726562  +5.244e-05
  4455  +1.0859337112      4448  +1.0859375000  +3.789e-06
  4456  +1.0874451020      4454  +1.0874023438  -4.276e-05
  4457  +1.0889543950      4460  +1.0888671875  -8.721e-05
  4458  +1.0904615990      4467  +1.0905761719  +1.146e-04
  4459  +1.0919667227      4473  +1.0920410156  +7.429e-05
  4460  +1.0934697747      4479  +1.0935058594  +3.608e-05
  4461  +1.0949707634      4485  +1.0949707031  -6.027e-08
  4462  +1.0964696974      4491  +1.0964355469  -3.415e-05
  4463  +1.0979665850      4497  +1.0979003906  -6.619e-05
  4464  +1.0994614347      4503  +1.0993652344  -9.620e-05
  4465  +1.1009542547      4510  +1.1010742188  +1.200e-04
  4466  +1.1024450533      4516  +1.1025390625  +9.401e-05
  4467  +1.1039338387      4522  +1.1040039062  +7.007e-05
  4468  +1.1054206189      4528  +1.1054687500  +4.813e-05
  4469  +1.1069054022      4534  +1.1069335938  +2.819e-05
  4470  +1.1083881964      4540  +1.1083984375  +1.024e-05
  4471  +1.1098690096      4546  +1.1098632812  -5.728e-06
  4472  +1.1113478497      4552  +1.1113281250  -1.972e-05
  4473  +1.1128247246      4558  +1.1127929688  -3.176e-05
  4474  +1.1142996420      4564  +1.1142578125  -4.183e-05
  4475  +1.1157726098      4570  +1.1157226562  -4.995e-05
  4476  +1.1172436357      4576  +1.1171875000  -5.614e-05
  4477  +1.1187127272      4582  +1.1186523438  -6.038e-05
  4478  +1.1201798921      4588  +1.1201171875  -6.270e-05
  4479  +1.1216451378      4594  +1.1215820312  -6.311e-05
  4480  +1.1231084720      4600  +1.1230468750  -6.160e-05
  4481  +1.1245699019      4606  +1.1245117188  -5.818e-05
  4482  +1.1260294352      4612  +1.1259765625  -5.287e-05
  4483  +1.1274870791      4618  +1.1274414062  -4.567e-05
  4484  +1.1289428409      4624  +1.1289062500  -3.659e-05
  4485  +1.1303967280      4630  +1.1303710938  -2.563e-05
  4486  +1.1318487475      4636  +1.1318359375  -1.281e-05
  4487  +1.1332989067      4642  +1.1333007812  +1.875e-06
  4488  +1.1347472126      4648  +1.1347656250  +1.841e-05
  4489  +1.1361936723      4654  +1.1362304688  +3.680e-05
  4490  +1.1376382930      4660  +1.1376953125  +5.702e-05
  4491  +1.1390810815      4666  +1.1391601562  +7.907e-05
  4492  +1.1405220448      4672  +1.1406250000  +1.030e-04
  4493  +1.1419611899      4677  +1.1418457031  -1.155e-04
  4494  +1.1433985237      4683  +1.1433105469  -8.798e-05
  4495  +1.1448340528      4689  +1.1447753906  -5.866e-05
  4496  +1.1462677842      4695  +1.1462402344  -2.755e-05
  4497  +1.1476997245      4701  +1.1477050781  +5.354e-06
  4498  +1.1491298805      4707  +1.1491699219  +4.004e-05
  4499  +1.1505582588      4713  +1.1506347656  +7.651e-05
  4500  +1.1519848660      4719  +1.1520996094  +1.147e-04
  4501  +1.1534097086      4724  +1.1533203125  -8.940e-05
  4502  +1.1548327933      4730  +1.1547851562  -4.764e-05
  4503  +1.1562541266      4736  +1.1562500000  -4.127e-06
  4504  +1.1576737147      4742  +1.1577148438  +4.113e-05
  4505  +1.1590915643      4748  +1.1591796875  +8.812e-05
  4506  +1.1605076815      4753  +1.1604003906  -1.073e-04
  4507  +1.1619220729      4759  +1.1618652344  -5.684e-05
  4508  +1.1633347446      4765  +1.1633300781  -4.667e-06
  4509  +1.1647457030      4771  +1.1647949219  +4.922e-05
  4510  +1.1661549542      4777  +1.1662597656  +1.048e-04
  4511  +1.1675625045      4782  +1.1674804688  -8.204e-05
  4512  +1.1689683599      4788  +1.1689453125  -2.305e-05
  4513  +1.1703725266      4794  +1.1704101562  +3.763e-05
  4514  +1.1717750106      4800  +1.1718750000  +9.999e-05
  4515  +1.1731758181      4805  +1.1730957031  -8.011e-05
  4516  +1.1745749549      4811  +1.1745605469  -1.441e-05
  4517  +1.1759724271      4817  +1.1760253906  +5.296e-05
  4518  +1.1773682406      4823  +1.1774902344  +1.220e-04
  4519  +1.1787624012      4828  +1.1787109375  -5.146e-05
  4520  +1.1801549149      4834  +1.1801757812  +2.087e-05
  4521  +1.1815457874      4840  +1.1816406250  +9.484e-05
  4522  +1.1829350245      4845  +1.1828613281  -7.370e-05
  4523  +1.1843226321      4851  +1.1843261719  +3.540e-06
  4524  +1.1857086157      4857  +1.1857910156  +8.240e-05
  4525  +1.1870929812      4862  +1.1870117188  -8.126e-05
  4526  +1.1884757341      4868  +1.1884765625  +8.284e-07
  4527  +1.1898568801      4874  +1.1899414062  +8.453e-05
  4528  +1.1912364248      4879  +1.1911621094  -7.432e-05
  4529  +1.1926143737      4885  +1.1926269531  +1.258e-05
  4530  +1.1939907323      4891  +1.1940917969  +1.011e-04
  4531  +1.1953655062      4896  +1.1953125000  -5.301e-05
  4532  +1.1967387008      4902  +1.1967773438  +3.864e-05
  4533  +1.1981103216      4907  +1.1979980469  -1.123e-04
  4534  +1.1994803738      4913  +1.1994628906  -1.748e-05
  4535  +1.2008488630      4919  +1.2009277344  +7.887e-05
  4536  +1.2022157944      4924  +1.2021484375  -6.736e-05
  4537  +1.2035811734      4930  +1.2036132812  +3.211e-05
  4538  +1.2049450052      4935  +1.2048339844  -1.110e-04
  4539  +1.2063072951      4941  +1.2062988281  -8.467e-06
  4540  +1.2076680482      4947  +1.2077636719  +9.562e-05
  4541  +1.2090272699      4952  +1.2089843750  -4.289e-05
  4542  +1.2103849652      4958  +1.2104492188  +6.425e-05
  4543  +1.2117411392      4963  +1.2116699219  -7.122e-05
  4544  +1.2130957971      4969  +1.2131347656  +3.897e-05
  4545  +1.2144489440      4974  +1.2143554688  -9.348e-05
  4546  +1.2158005849      4980  +1.2158203125  +1.973e-05
  4547  +1.2171507248      4985  +1.2170410156  -1.097e-04
  4548  +1.2184993686      4991  +1.2185058594  +6.491e-06
  4549  +1.2198465215      4996  +1.2197265625  -1.200e-04
  4550  +1.2211921882      5002  +1.2211914062  -7.820e-07
  4551  +1.2225363737      5008  +1.2226562500  +1.199e-04
  4552  +1.2238790830      5013  +1.2238769531  -2.130e-06
  4553  +1.2252203207      5019  +1.2253417969  +1.215e-04
  4554  +1.2265600918      5024  +1.2265625000  +2.408e-06
  4555  +1.2278984011      5029  +1.2277832031  -1.152e-04
  4556  +1.2292352533      5035  +1.2292480469  +1.279e-05
  4557  +1.2305706532      5040  +1.2304687500  -1.019e-04
  4558  +1.2319046056      5046  +1.2319335938  +2.899e-05
  4559  +1.2332371150      5051  +1.2331542969  -8.282e-05
  4560  +1.2345681862      5057  +1.2346191406  +5.095e-05
  4561  +1.2358978238      5062  +1.2358398438  -5.798e-05
  4562  +1.2372260325      5068  +1.2373046875  +7.865e-05
  4563  +1.2385528169      5073  +1.2385253906  -2.743e-05
  4564  +1.2398781814      5079  +1.2399902344  +1.121e-04
  4565  +1.2412021307      5084  +1.2412109375  +8.807e-06
  4566  +1.2425246693      5089  +1.2424316406  -9.303e-05
  4567  +1.2438458017      5095  +1.2438964844  +5.068e-05
  4568  +1.2451655324      5100  +1.2451171875  -4.834e-05
  4569  +1.2464838658      5106  +1.2465820312  +9.817e-05
  4570  +1.2478008063      5111  +1.2478027344  +1.928e-06
  4571  +1.2491163584      5116  +1.2490234375  -9.292e-05
  4572  +1.2504305264      5122  +1.2504882812  +5.775e-05
  4573  +1.2517433147      5127  +1.2517089844  -3.433e-05
  4574  +1.2530547277      5133  +1.2531738281  +1.191e-04
  4575  +1.2543647696      5138  +1.2543945312  +2.976e-05
  4576  +1.2556734447      5143  +1.2556152344  -5.821e-05
  4577  +1.2569807573      5149  +1.2570800781  +9.932e-05
  4578  +1.2582867117      5154  +1.2583007812  +1.407e-05
  4579  +1.2595913121      5159  +1.2595214844  -6.983e-05
  4580  +1.2608945626      5165  +1.2609863281  +9.177e-05
  4581  +1.2621964675      5170  +1.2622070312  +1.056e-05
  4582  +1.2634970309      5175  +1.2634277344  -6.930e-05
  4583  +1.2647962570      5181  +1.2648925781  +9.632e-05
  4584  +1.2660941499      5186  +1.2661132812  +1.913e-05
  4585  +1.2673907136      5191  +1.2673339844  -5.673e-05
  4586  +1.2686859523      5197  +1.2687988281  +1.129e-04
  4587  +1.2699798700      5202  +1.2700195312  +3.966e-05
  4588  +1.2712724707      5207  +1.2712402344  -3.224e-05
  4589  +1.2725637584      5212  +1.2724609375  -1.028e-04
  4590  +1.2738537372      5218  +1.2739257812  +7.204e-05
  4591  +1.2751424110      5223  +1.2751464844  +4.073e-06
  4592  +1.2764297838      5228  +1.2763671875  -6.260e-05
  4593  +1.2777158595      5234  +1.2778320312  +1.162e-04
  4594  +1.2790006420      5239  +1.2790527344  +5.209e-05
  4595  +1.2802841352      5244  +1.2802734375  -1.070e-05
  4596  +1.2815663429      5249  +1.2814941406  -7.220e-05
  4597  +1.2828472691      5255  +1.2829589844  +1.117e-04
  4598  +1.2841269176      5260  +1.2841796875  +5.277e-05
  4599  +1.2854052922      5265  +1.2854003906  -4.902e-06
  4600  +1.2866823966      5270  +1.2866210938  -6.130e-05
  4601  +1.2879582347      5275  +1.2878417969  -1.164e-04
  4602  +1.2892328102      5281  +1.2893066406  +7.383e-05
  4603  +1.2905061269      5286  +1.2905273438  +2.122e-05
  4604  +1.2917781884      5291  +1.2917480469  -3.014e-05
  4605  +1.2930489985      5296  +1.2929687500  -8.025e-05
  4606  +1.2943185609      5302  +1.2944335938  +1.150e-04
  4607  +1.2955868793      5307  +1.2956542969  +6.742e-05
  4608  +1.2968539572      5312  +1.2968750000  +2.104e-05
  4609  +1.2981197984      5317  +1.2980957031  -2.410e-05
  4610  +1.2993844064      5322  +1.2993164062  -6.800e-05
  4611  +1.3006477848      5327  +1.3005371094  -1.107e-04
  4612  +1.3019099372      5333  +1.3020019531  +9.202e-05
  4613  +1.3031708673      5338  +1.3032226562  +5.179e-05
  4614  +1.3044305784      5343  +1.3044433594  +1.278e-05
  4615  +1.3056890742      5348  +1.3056640625  -2.501e-05
  4616  +1.3069463581      5353  +1.3068847656  -6.159e-05
  4617  +1.3082024337      5358  +1.3081054688  -9.696e-05
  4618  +1.3094573045      5364  +1.3095703125  +1.130e-04
  4619  +1.3107109738      5369  +1.3107910156  +8.004e-05
  4620  +1.3119634451      5374  +1.3120117188  +4.827e-05
  4621  +1.3132147219      5379  +1.3132324219  +1.770e-05
  4622  +1.3144648076      5384  +1.3144531250  -1.168e-05
  4623  +1.3157137056      5389  +1.3156738281  -3.988e-05
  4624  +1.3169614192      5394  +1.3168945312  -6.689e-05
  4625  +1.3182079518      5399  +1.3181152344  -9.272e-05
  4626  +1.3194533068      5404  +1.3193359375  -1.174e-04
  4627  +1.3206974875      5410  +1.3208007812  +1.033e-04
  4628  +1.3219404972      5415  +1.3220214844  +8.099e-05
  4629  +1.3231823391      5420  +1.3232421875  +5.985e-05
  4630  +1.3244230167      5425  +1.3244628906  +3.987e-05
  4631  +1.3256625331      5430  +1.3256835938  +2.106e-05
  4632  +1.3269008917      5435  +1.3269042969  +3.405e-06
  4633  +1.3281380956      5440  +1.3281250000  -1.310e-05
  4634  +1.3293741481      5445  +1.3293457031  -2.844e-05
  4635  +1.3306090523      5450  +1.3305664062  -4.265e-05
  4636  +1.3318428115      5455  +1.3317871094  -5.570e-05
  4637  +1.3330754289      5460  +1.3330078125  -6.762e-05
  4638  +1.3343069077      5465  +1.3342285156  -7.839e-05
  4639  +1.3355372509      5470  +1.3354492188  -8.803e-05
  4640  +1.3367664617      5475  +1.3366699219  -9.654e-05
  4641  +1.3379945432      5480  +1.3378906250  -1.039e-04
  4642  +1.3392214985      5485  +1.3391113281  -1.102e-04
  4643  +1.3404473308      5490  +1.3403320312  -1.153e-04
  4644  +1.3416720431      5495  +1.3415527344  -1.193e-04
  4645  +1.3428956385      5501  +1.3430175781  +1.219e-04
  4646  +1.3441181200      5506  +1.3442382812  +1.202e-04
  4647  +1.3453394906      5511  +1.3454589844  +1.195e-04
  4648  +1.3465597535      5516  +1.3466796875  +1.199e-04
  4649  +1.3477789115      5521  +1.3479003906  +1.215e-04
  4650  +1.3489969677      5525  +1.3488769531  -1.200e-04
  4651  +1.3502139251      5530  +1.3500976562  -1.163e-04
  4652  +1.3514297866      5535  +1.3513183594  -1.114e-04
  4653  +1.3526445552      5540  +1.3525390625  -1.055e-04
  4654  +1.3538582338      5545  +1.3537597656  -9.847e-05
  4655  +1.3550708254      5550  +1.3549804688  -9.036e-05
  4656  +1.3562823328      5555  +1.3562011719  -8.116e-05
  4657  +1.3574927591      5560  +1.3574218750  -7.088e-05
  4658  +1.3587021070      5565  +1.3586425781  -5.953e-05
  4659  +1.3599103794      5570  +1.3598632812  -4.710e-05
  4660  +1.3611175793      5575  +1.3610839844  -3.359e-05
  4661  +1.3623237094      5580  +1.3623046875  -1.902e-05
  4662  +1.3635287726      5585  +1.3635253906  -3.382e-06
  4663  +1.3647327718      5590  +1.3647460938  +1.332e-05
  4664  +1.3659357097      5595  +1.3659667969  +3.109e-05
  4665  +1.3671375891      5600  +1.3671875000  +4.991e-05
  4666  +1.3683384129      5605  +1.3684082031  +6.979e-05
  4667  +1.3695381837      5610  +1.3696289062  +9.072e-05
  4668  +1.3707369045      5615  +1.3708496094  +1.127e-04
  4669  +1.3719345779      5619  +1.3718261719  -1.084e-04
  4670  +1.3731312066      5624  +1.3730468750  -8.433e-05
  4671  +1.3743267934      5629  +1.3742675781  -5.922e-05
  4672  +1.3755213410      5634  +1.3754882812  -3.306e-05
  4673  +1.3767148522      5639  +1.3767089844  -5.868e-06
  4674  +1.3779073295      5644  +1.3779296875  +2.236e-05
  4675  +1.3790987758      5649  +1.3791503906  +5.161e-05
  4676  +1.3802891936      5654  +1.3803710938  +8.190e-05
  4677  +1.3814785856      5659  +1.3815917969  +1.132e-04
  4678  +1.3826669545      5663  +1.3825683594  -9.860e-05
  4679  +1.3838543029      5668  +1.3837890625  -6.524e-05
  4680  +1.3850406335      5673  +1.3850097656  -3.087e-05
  4681  +1.3862259487      5678  +1.3862304688  +4.520e-06
  4682  +1.3874102513      5683  +1.3874511719  +4.092e-05
  4683  +1.3885935439      5688  +1.3886718750  +7.833e-05
  4684  +1.3897758289      5693  +1.3898925781  +1.167e-04
  4685  +1.3909571091      5697  +1.3908691406  -8.797e-05
  4686  +1.3921373868      5702  +1.3920898438  -4.754e-05
  4687  +1.3933166648      5707  +1.3933105469  -6.118e-06
  4688  +1.3944949455      5712  +1.3945312500  +3.630e-05
  4689  +1.3956722314      5717  +1.3957519531  +7.972e-05
  4690  +1.3968485251      5721  +1.3967285156  -1.200e-04
  4691  +1.3980238291      5726  +1.3979492188  -7.461e-05
  4692  +1.3991981458      5731  +1.3991699219  -2.822e-05
  4693  +1.4003714778      5736  +1.4003906250  +1.915e-05
  4694  +1.4015438275      5741  +1.4016113281  +6.750e-05
  4695  +1.4027151974      5746  +1.4028320312  +1.168e-04
  4696  +1.4038855899      5750  +1.4038085938  -7.700e-05
  4697  +1.4050550075      5755  +1.4050292969  -2.571e-05
  4698  +1.4062234527      5760  +1.4062500000  +2.655e-05
  4699  +1.4073909277      5765  +1.4074707031  +7.978e-05
  4700  +1.4085574351      5769  +1.4084472656  -1.102e-04
  4701  +1.4097229772      5774  +1.4096679688  -5.501e-05
  4702  +1.4108875565      5779  +1.4108886719  +1.115e-06
  4703  +1.4120511753      5784  +1.4121093750  +5.820e-05
  4704  +1.4132138360      5789  +1.4133300781  +1.162e-04
  4705  +1.4143755410      5793  +1.4143066406  -6.890e-05
  4706  +1.4155362925      5798  +1.4155273438  -8.949e-06
  4707  +1.4166960930      5803  +1.4167480469  +5.195e-05
  4708  +1.4178549448      5808  +1.4179687500  +1.138e-04
  4709  +1.4190128503      5812  +1.4189453125  -6.754e-05
  4710  +1.4201698116      5817  +1.4201660156  -3.796e-06
  4711  +1.4213258312      5822  +1.4213867188  +6.089e-05
  4712  +1.4224809113      5826  +1.4223632812  -1.176e-04
  4713  +1.4236350542      5831  +1.4235839844  -5.107e-05
  4714  +1.4247882622      5836  +1.4248046875  +1.643e-05
  4715  +1.4259405376      5841  +1.4260253906  +8.485e-05
  4716  +1.4270918826      5845  +1.4270019531  -8.993e-05
  4717  +1.4282422994      5850  +1.4282226562  -1.964e-05
  4718  +1.4293917904      5855  +1.4294433594  +5.157e-05
  4719  +1.4305403577      5859  +1.4304199219  -1.204e-04
  4720  +1.4316880036      5864  +1.4316406250  -4.738e-05
  4721  +1.4328347302      5869  +1.4328613281  +2.660e-05
  4722  +1.4339805399      5874  +1.4340820312  +1.015e-04
  4723  +1.4351254347      5878  +1.4350585938  -6.684e-05
  4724  +1.4362694169      5883  +1.4362792969  +9.880e-06
  4725  +1.4374124887      5888  +1.4375000000  +8.751e-05
  4726  +1.4385546521      5892  +1.4384765625  -7.809e-05
  4727  +1.4396959095      5897  +1.4396972656  +1.356e-06
  4728  +1.4408362628      5902  +1.4409179688  +8.171e-05
  4729  +1.4419757144      5906  +1.4418945312  -8.118e-05
  4730  +1.4431142662      5911  +1.4431152344  +9.681e-07
  4731  +1.4442519206      5916  +1.4443359375  +8.402e-05
  4732  +1.4453886794      5920  +1.4453125000  -7.618e-05
  4733  +1.4465245450      5925  +1.4465332031  +8.658e-06
  4734  +1.4476595193      5930  +1.4477539062  +9.439e-05
  4735  +1.4487936045      5934  +1.4487304688  -6.314e-05
  4736  +1.4499268026      5939  +1.4499511719  +2.437e-05
  4737  +1.4510591158      5944  +1.4511718750  +1.128e-04
  4738  +1.4521905461      5948  +1.4521484375  -4.211e-05
  4739  +1.4533210955      5953  +1.4533691406  +4.805e-05
  4740  +1.4544507662      5957  +1.4543457031  -1.051e-04
  4741  +1.4555795601      5962  +1.4555664062  -1.315e-05
  4742  +1.4567074794      5967  +1.4567871094  +7.963e-05
  4743  +1.4578345259      5971  +1.4577636719  -7.085e-05
  4744  +1.4589607019      5976  +1.4589843750  +2.367e-05
  4745  +1.4600860092      5981  +1.4602050781  +1.191e-04
  4746  +1.4612104499      5985  +1.4611816406  -2.881e-05
  4747  +1.4623340259      5990  +1.4624023438  +6.832e-05
  4748  +1.4634567393      5994  +1.4633789062  -7.783e-05
  4749  +1.4645785921      5999  +1.4645996094  +2.102e-05
  4750  +1.4656995862      6004  +1.4658203125  +1.207e-04
  4751  +1.4668197236      6008  +1.4667968750  -2.285e-05
  4752  +1.4679390063      6013  +1.4680175781  +7.857e-05
  4753  +1.4690574362      6017  +1.4689941406  -6.330e-05
  4754  +1.4701750152      6022  +1.4702148438  +3.983e-05
  4755  +1.4712917454      6026  +1.4711914062  -1.003e-04
  4756  +1.4724076285      6031  +1.4724121094  +4.481e-06
  4757  +1.4735226667      6036  +1.4736328125  +1.101e-04
  4758  +1.4746368617      6040  +1.4746093750  -2.749e-05
  4759  +1.4757502154      6045  +1.4758300781  +7.986e-05
  4760  +1.4768627299      6049  +1.4768066406  -5.609e-05
  4761  +1.4779744069      6054  +1.4780273438  +5.294e-05
  4762  +1.4790852484      6058  +1.4790039062  -8.134e-05
  4763  +1.4801952563      6063  +1.4802246094  +2.935e-05
  4764  +1.4813044323      6067  +1.4812011719  -1.033e-04
  4765  +1.4824127785      6072  +1.4824218750  +9.097e-06
  4766  +1.4835202966      6076  +1.4833984375  -1.219e-04
  4767  +1.4846269885      6081  +1.4846191406  -7.848e-06
  4768  +1.4857328561      6086  +1.4858398438  +1.070e-04
  4769  +1.4868379011      6090  +1.4868164062  -2.149e-05
  4770  +1.4879421255      6095  +1.4880371094  +9.498e-05
  4771  +1.4890455310      6099  +1.4890136719  -3.186e-05
  4772  +1.4901481195      6104  +1.4902343750  +8.626e-05
  4773  +1.4912498927      6108  +1.4912109375  -3.896e-05
  4774  +1.4923508525      6113  +1.4924316406  +8.079e-05
  4775  +1.4934510008      6117  +1.4934082031  -4.280e-05
  4776  +1.4945503392      6122  +1.4946289062  +7.857e-05
  4777  +1.4956488695      6126  +1.4956054688  -4.340e-05
  4778  +1.4967465936      6131  +1.4968261719  +7.958e-05
  4779  +1.4978435132      6135  +1.4978027344  -4.078e-05
  4780  +1.4989396301      6140  +1.4990234375  +8.381e-05
  4781  +1.5000349460      6144  +1.5000000000  -3.495e-05
  4782  +1.5011294627      6149  +1.5012207031  +9.124e-05
  4783  +1.5022231819      6153  +1.5021972656  -2.592e-05
  4784  +1.5033161055      6158  +1.5034179688  +1.019e-04
  4785  +1.5044082350      6162  +1.5043945312  -1.370e-05
  4786  +1.5054995723      6167  +1.5056152344  +1.157e-04
  4787  +1.5065901190      6171  +1.5065917969  +1.678e-06
  4788  +1.5076798769      6175  +1.5075683594  -1.115e-04
  4789  +1.5087688477      6180  +1.5087890625  +2.021e-05
  4790  +1.5098570331      6184  +1.5097656250  -9.141e-05
  4791  +1.5109444348      6189  +1.5109863281  +4.189e-05
  4792  +1.5120310544      6193  +1.5119628906  -6.816e-05
  4793  +1.5131168938      6198  +1.5131835938  +6.670e-05
  4794  +1.5142019544      6202  +1.5141601562  -4.180e-05
  4795  +1.5152862381      6207  +1.5153808594  +9.462e-05
  4796  +1.5163697464      6211  +1.5163574219  -1.232e-05
  4797  +1.5174524811      6215  +1.5173339844  -1.185e-04
  4798  +1.5185344438      6220  +1.5185546875  +2.024e-05
  4799  +1.5196156362      6224  +1.5195312500  -8.439e-05
  4800  +1.5206960598      6229  +1.5207519531  +5.589e-05
  4801  +1.5217757163      6233  +1.5217285156  -4.720e-05
  4802  +1.5228546074      6238  +1.5229492188  +9.461e-05
  4803  +1.5239327347      6242  +1.5239257812  -6.953e-06
  4804  +1.5250100998      6246  +1.5249023438  -1.078e-04
  4805  +1.5260867043      6251  +1.5261230469  +3.634e-05
  4806  +1.5271625499      6255  +1.5270996094  -6.294e-05
  4807  +1.5282376380      6260  +1.5283203125  +8.267e-05
  4808  +1.5293119704      6264  +1.5292968750  -1.510e-05
  4809  +1.5303855486      6268  +1.5302734375  -1.121e-04
  4810  +1.5314583743      6273  +1.5314941406  +3.577e-05
  4811  +1.5325304488      6277  +1.5324707031  -5.975e-05
  4812  +1.5336017740      6282  +1.5336914062  +8.963e-05
  4813  +1.5346723513      6286  +1.5346679688  -4.383e-06
  4814  +1.5357421823      6290  +1.5356445312  -9.765e-05
  4815  +1.5368112685      6295  +1.5368652344  +5.397e-05
  4816  +1.5378796115      6299  +1.5378417969  -3.781e-05
  4817  +1.5389472129      6304  +1.5390625000  +1.153e-04
  4818  +1.5400140742      6308  +1.5400390625  +2.499e-05
  4819  +1.5410801969      6312  +1.5410156250  -6.457e-05
  4820  +1.5421455826      6317  +1.5422363281  +9.075e-05
  4821  +1.5432102328      6321  +1.5432128906  +2.658e-06
  4822  +1.5442741489      6325  +1.5441894531  -8.470e-05
  4823  +1.5453373326      6330  +1.5454101562  +7.282e-05
  4824  +1.5463997854      6334  +1.5463867188  -1.307e-05
  4825  +1.5474615087      6338  +1.5473632812  -9.823e-05
  4826  +1.5485225040      6343  +1.5485839844  +6.148e-05
  4827  +1.5495827729      6347  +1.5495605469  -2.223e-05
  4828  +1.5506423168      6351  +1.5505371094  -1.052e-04
  4829  +1.5517011372      6356  +1.5517578125  +5.668e-05
  4830  +1.5527592356      6360  +1.5527343750  -2.486e-05
  4831  +1.5538166135      6364  +1.5537109375  -1.057e-04
  4832  +1.5548732723      6369  +1.5549316406  +5.837e-05
  4833  +1.5559292135      6373  +1.5559082031  -2.101e-05
  4834  +1.5569844386      6377  +1.5568847656  -9.967e-05
  4835  +1.5580389490      6382  +1.5581054688  +6.652e-05
  4836  +1.5590927462      6386  +1.5590820312  -1.071e-05
  4837  +1.5601458316      6390  +1.5600585938  -8.724e-05
  4838  +1.5611982066      6395  +1.5612792969  +8.109e-05
  4839  +1.5622498728      6399  +1.5622558594  +5.987e-06
  4840  +1.5633008314      6403  +1.5632324219  -6.841e-05
  4841  +1.5643510840      6408  +1.5644531250  +1.020e-04
  4842  +1.5654006320      6412  +1.5654296875  +2.906e-05
  4843  +1.5664494768      6416  +1.5664062500  -4.323e-05
  4844  +1.5674976197      6420  +1.5673828125  -1.148e-04
  4845  +1.5685450623      6425  +1.5686035156  +5.845e-05
  4846  +1.5695918059      6429  +1.5695800781  -1.173e-05
  4847  +1.5706378518      6433  +1.5705566406  -8.121e-05
  4848  +1.5716832016      6438  +1.5717773438  +9.414e-05
  4849  +1.5727278566      6442  +1.5727539062  +2.605e-05
  4850  +1.5737718181      6446  +1.5737304688  -4.135e-05
  4851  +1.5748150875      6450  +1.5747070312  -1.081e-04
  4852  +1.5758576663      6455  +1.5759277344  +7.007e-05
  4853  +1.5768995558      6459  +1.5769042969  +4.741e-06
  4854  +1.5779407574      6463  +1.5778808594  -5.990e-05
  4855  +1.5789812723      6468  +1.5791015625  +1.203e-04
  4856  +1.5800211020      6472  +1.5800781250  +5.702e-05
  4857  +1.5810602479      6476  +1.5810546875  -5.560e-06
  4858  +1.5820987112      6480  +1.5820312500  -6.746e-05
  4859  +1.5831364934      6485  +1.5832519531  +1.155e-04
  4860  +1.5841735957      6489  +1.5842285156  +5.492e-05
  4861  +1.5852100195      6493  +1.5852050781  -4.941e-06
  4862  +1.5862457661      6497  +1.5861816406  -6.413e-05
  4863  +1.5872808368      6502  +1.5874023438  +1.215e-04
  4864  +1.5883152330      6506  +1.5883789062  +6.367e-05
  4865  +1.5893489561      6510  +1.5893554688  +6.513e-06
  4866  +1.5903820072      6514  +1.5903320312  -4.998e-05
  4867  +1.5914143877      6518  +1.5913085938  -1.058e-04
  4868  +1.5924460989      6523  +1.5925292969  +8.320e-05
  4869  +1.5934771421      6527  +1.5935058594  +2.872e-05
  4870  +1.5945075186      6531  +1.5944824219  -2.510e-05
  4871  +1.5955372298      6535  +1.5954589844  -7.825e-05
  4872  +1.5965662768      6540  +1.5966796875  +1.134e-04
  4873  +1.5975946610      6544  +1.5976562500  +6.159e-05
  4874  +1.5986223836      6548  +1.5986328125  +1.043e-05
  4875  +1.5996494460      6552  +1.5996093750  -4.007e-05
  4876  +1.6006758493      6556  +1.6005859375  -8.991e-05
  4877  +1.6017015949      6561  +1.6018066406  +1.050e-04
  4878  +1.6027266840      6565  +1.6027832031  +5.652e-05
  4879  +1.6037511179      6569  +1.6037597656  +8.648e-06
  4880  +1.6047748979      6573  +1.6047363281  -3.857e-05
  4881  +1.6057980251      6577  +1.6057128906  -8.513e-05
  4882  +1.6068205009      6582  +1.6069335938  +1.131e-04
  4883  +1.6078423264      6586  +1.6079101562  +6.783e-05
  4884  +1.6088635030      6590  +1.6088867188  +2.322e-05
  4885  +1.6098840318      6594  +1.6098632812  -2.075e-05
  4886  +1.6109039141      6598  +1.6108398438  -6.407e-05
  4887  +1.6119231511      6602  +1.6118164062  -1.067e-04
  4888  +1.6129417440      6607  +1.6130371094  +9.537e-05
  4889  +1.6139596941      6611  +1.6140136719  +5.398e-05
  4890  +1.6149770025      6615  +1.6149902344  +1.323e-05
  4891  +1.6159936706      6619  +1.6159667969  -2.687e-05
  4892  +1.6170096994      6623  +1.6169433594  -6.634e-05
  4893  +1.6180250902      6627  +1.6179199219  -1.052e-04
  4894  +1.6190398442      6632  +1.6191406250  +1.008e-04
  4895  +1.6200539626      6636  +1.6201171875  +6.322e-05
  4896  +1.6210674465      6640  +1.6210937500  +2.630e-05
  4897  +1.6220802973      6644  +1.6220703125  -9.985e-06
  4898  +1.6230925160      6648  +1.6230468750  -4.564e-05
  4899  +1.6241041038      6652  +1.6240234375  -8.067e-05
  4900  +1.6251150619      6656  +1.6250000000  -1.151e-04
  4901  +1.6261253916      6661  +1.6262207031  +9.531e-05
  4902  +1.6271350939      6665  +1.6271972656  +6.217e-05
  4903  +1.6281441700      6669  +1.6281738281  +2.966e-05
  4904  +1.6291526211      6673  +1.6291503906  -2.230e-06
  4905  +1.6301604484      6677  +1.6301269531  -3.350e-05
  4906  +1.6311676529      6681  +1.6311035156  -6.414e-05
  4907  +1.6321742360      6685  +1.6320800781  -9.416e-05
  4908  +1.6331801986      6690  +1.6333007812  +1.206e-04
  4909  +1.6341855420      6694  +1.6342773438  +9.180e-05
  4910  +1.6351902673      6698  +1.6352539062  +6.364e-05
  4911  +1.6361943757      6702  +1.6362304688  +3.609e-05
  4912  +1.6371978682      6706  +1.6372070312  +9.163e-06
  4913  +1.6382007460      6710  +1.6381835938  -1.715e-05
  4914  +1.6392030102      6714  +1.6391601562  -4.285e-05
  4915  +1.6402046620      6718  +1.6401367188  -6.794e-05
  4916  +1.6412057025      6722  +1.6411132812  -9.242e-05
  4917  +1.6422061327      6726  +1.6420898438  -1.163e-04
  4918  +1.6432059539      6731  +1.6433105469  +1.046e-04
  4919  +1.6442051671      6735  +1.6442871094  +8.194e-05
  4920  +1.6452037734      6739  +1.6452636719  +5.990e-05
  4921  +1.6462017740      6743  +1.6462402344  +3.846e-05
  4922  +1.6471991699      6747  +1.6472167969  +1.763e-05
  4923  +1.6481959622      6751  +1.6481933594  -2.603e-06
  4924  +1.6491921521      6755  +1.6491699219  -2.223e-05
  4925  +1.6501877406      6759  +1.6501464844  -4.126e-05
  4926  +1.6511827287      6763  +1.6511230469  -5.968e-05
  4927  +1.6521771177      6767  +1.6520996094  -7.751e-05
  4928  +1.6531709085      6771  +1.6530761719  -9.474e-05
  4929  +1.6541641023      6775  +1.6540527344  -1.114e-04
  4930  +1.6551567001      6780  +1.6552734375  +1.167e-04
  4931  +1.6561487030      6784  +1.6562500000  +1.013e-04
  4932  +1.6571401121      6788  +1.6572265625  +8.645e-05
  4933  +1.6581309284      6792  +1.6582031250  +7.220e-05
  4934  +1.6591211530      6796  +1.6591796875  +5.853e-05
  4935  +1.6601107869      6800  +1.6601562500  +4.546e-05
  4936  +1.6610998313      6804  +1.6611328125  +3.298e-05
  4937  +1.6620882871      6808  +1.6621093750  +2.109e-05
  4938  +1.6630761554      6812  +1.6630859375  +9.782e-06
  4939  +1.6640634373      6816  +1.6640625000  -9.373e-07
  4940  +1.6650501337      6820  +1.6650390625  -1.107e-05
  4941  +1.6660362458      6824  +1.6660156250  -2.062e-05
  4942  +1.6670217746      6828  +1.6669921875  -2.959e-05
  4943  +1.6680067211      6832  +1.6679687500  -3.797e-05
  4944  +1.6689910863      6836  +1.6689453125  -4.577e-05
  4945  +1.6699748713      6840  +1.6699218750  -5.300e-05
  4946  +1.6709580771      6844  +1.6708984375  -5.964e-05
  4947  +1.6719407047      6848  +1.6718750000  -6.570e-05
  4948  +1.6729227551      6852  +1.6728515625  -7.119e-05
  4949  +1.6739042294      6856  +1.6738281250  -7.610e-05
  4950  +1.6748851285      6860  +1.6748046875  -8.044e-05
  4951  +1.6758654535      6864  +1.6757812500  -8.420e-05
  4952  +1.6768452054      6868  +1.6767578125  -8.739e-05
  4953  +1.6778243851      6872  +1.6777343750  -9.001e-05
  4954  +1.6788029938      6876  +1.6787109375  -9.206e-05
  4955  +1.6797810323      6880  +1.6796875000  -9.353e-05
  4956  +1.6807585017      6884  +1.6806640625  -9.444e-05
  4957  +1.6817354030      6888  +1.6816406250  -9.478e-05
  4958  +1.6827117371      6892  +1.6826171875  -9.455e-05
  4959  +1.6836875051      6896  +1.6835937500  -9.376e-05
  4960  +1.6846627079      6900  +1.6845703125  -9.240e-05
  4961  +1.6856373465      6904  +1.6855468750  -9.047e-05
  4962  +1.6866114219      6908  +1.6865234375  -8.798e-05
  4963  +1.6875849351      6912  +1.6875000000  -8.494e-05
  4964  +1.6885578870      6916  +1.6884765625  -8.132e-05
  4965  +1.6895302786      6920  +1.6894531250  -7.715e-05
  4966  +1.6905021109      6924  +1.6904296875  -7.242e-05
  4967  +1.6914733848      6928  +1.6914062500  -6.713e-05
  4968  +1.6924441013      6932  +1.6923828125  -6.129e-05
  4969  +1.6934142614      6936  +1.6933593750  -5.489e-05
  4970  +1.6943838660      6940  +1.6943359375  -4.793e-05
  4971  +1.6953529160      6944  +1.6953125000  -4.042e-05
  4972  +1.6963214125      6948  +1.6962890625  -3.235e-05
  4973  +1.6972893563      6952  +1.6972656250  -2.373e-05
  4974  +1.6982567484      6956  +1.6982421875  -1.456e-05
  4975  +1.6992235898      6960  +1.6992187500  -4.840e-06
  4976  +1.7001898814      6964  +1.7001953125  +5.431e-06
  4977  +1.7011556241      6968  +1.7011718750  +1.625e-05
  4978  +1.7021208189      6972  +1.7021484375  +2.762e-05
  4979  +1.7030854666      6976  +1.7031250000  +3.953e-05
  4980  +1.7040495683      6980  +1.7041015625  +5.199e-05
  4981  +1.7050131248      6984  +1.7050781250  +6.500e-05
  4982  +1.7059761371      6988  +1.7060546875  +7.855e-05
  4983  +1.7069386061      6992  +1.7070312500  +9.264e-05
  4984  +1.7079005327      6996  +1.7080078125  +1.073e-04
  4985  +1.7088619178      6999  +1.7087402344  -1.217e-04
  4986  +1.7098227623      7003  +1.7097167969  -1.060e-04
  4987  +1.7107830673      7007  +1.7106933594  -8.971e-05
  4988  +1.7117428334      7011  +1.7116699219  -7.291e-05
  4989  +1.7127020618      7015  +1.7126464844  -5.558e-05
  4990  +1.7136607532      7019  +1.7136230469  -3.771e-05
  4991  +1.7146189085      7023  +1.7145996094  -1.930e-05
  4992  +1.7155765288      7027  +1.7155761719  -3.569e-07
  4993  +1.7165336148      7031  +1.7165527344  +1.912e-05
  4994  +1.7174901675      7035  +1.7175292969  +3.913e-05
  4995  +1.7184461877      7039  +1.7185058594  +5.967e-05
  4996  +1.7194016763      7043  +1.7194824219  +8.075e-05
  4997  +1.7203566343      7047  +1.7204589844  +1.024e-04
  4998  +1.7213110624      7050  +1.7211914062  -1.197e-04
  4999  +1.7222649617      7054  +1.7221679688  -9.699e-05
  5000  +1.7232183329      7058  +1.7231445312  -7.380e-05
  5001  +1.7241711769      7062  +1.7241210938  -5.008e-05
  5002  +1.7251234947      7066  +1.7250976562  -2.584e-05
  5003  +1.7260752870      7070  +1.7260742188  -1.068e-06
  5004  +1.7270265548      7074  +1.7270507812  +2.423e-05
  5005  +1.7279772990      7078  +1.7280273438  +5.004e-05
  5006  +1.7289275203      7082  +1.7290039062  +7.639e-05
  5007  +1.7298772196      7086  +1.7299804688  +1.032e-04
  5008  +1.7308263978      7089  +1.7307128906  -1.135e-04
  5009  +1.7317750558      7093  +1.7316894531  -8.560e-05
  5010  +1.7327231945      7097  +1.7326660156  -5.718e-05
  5011  +1.7336708145      7101  +1.7336425781  -2.824e-05
  5012  +1.7346179169      7105  +1.7346191406  +1.224e-06
  5013  +1.7355645025      7109  +1.7355957031  +3.120e-05
  5014  +1.7365105721      7113  +1.7365722656  +6.169e-05
  5015  +1.7374561265      7117  +1.7375488281  +9.270e-05
  5016  +1.7384011666      7120  +1.7382812500  -1.199e-04
  5017  +1.7393456933      7124  +1.7392578125  -8.788e-05
  5018  +1.7402897073      7128  +1.7402343750  -5.533e-05
  5019  +1.7412332095      7132  +1.7412109375  -2.227e-05
  5020  +1.7421762007      7136  +1.7421875000  +1.130e-05
  5021  +1.7431186819      7140  +1.7431640625  +4.538e-05
  5022  +1.7440606536      7144  +1.7441406250  +7.997e-05
  5023  +1.7450021170      7148  +1.7451171875  +1.151e-04
  5024  +1.7459430726      7151  +1.7458496094  -9.346e-05
  5025  +1.7468835214      7155  +1.7468261719  -5.735e-05
  5026  +1.7478234642      7159  +1.7478027344  -2.073e-05
  5027  +1.7487629017      7163  +1.7487792969  +1.640e-05
  5028  +1.7497018349      7167  +1.7497558594  +5.402e-05
  5029  +1.7506402645      7171  +1.7507324219  +9.216e-05
  5030  +1.7515781913      7174  +1.7514648438  -1.133e-04
  5031  +1.7525156162      7178  +1.7524414062  -7.421e-05
  5032  +1.7534525398      7182  +1.7534179688  -3.457e-05
  5033  +1.7543889631      7186  +1.7543945312  +5.568e-06
  5034  +1.7553248869      7190  +1.7553710938  +4.621e-05
  5035  +1.7562603119      7194  +1.7563476562  +8.734e-05
  5036  +1.7571952389      7197  +1.7570800781  -1.152e-04
  5037  +1.7581296688      7201  +1.7580566406  -7.303e-05
  5038  +1.7590636023      7205  +1.7590332031  -3.040e-05
  5039  +1.7599970402      7209  +1.7600097656  +1.273e-05
  5040  +1.7609299833      7213  +1.7609863281  +5.634e-05
  5041  +1.7618624324      7217  +1.7619628906  +1.005e-04
  5042  +1.7627943883      7220  +1.7626953125  -9.908e-05
  5043  +1.7637258517      7224  +1.7636718750  -5.398e-05
  5044  +1.7646568234      7228  +1.7646484375  -8.386e-06
  5045  +1.7655873043      7232  +1.7656250000  +3.770e-05
  5046  +1.7665172950      7236  +1.7666015625  +8.427e-05
  5047  +1.7674467964      7239  +1.7673339844  -1.128e-04
  5048  +1.7683758093      7243  +1.7683105469  -6.526e-05
  5049  +1.7693043343      7247  +1.7692871094  -1.722e-05
  5050  +1.7702323723      7251  +1.7702636719  +3.130e-05
  5051  +1.7711599240      7255  +1.7712402344  +8.031e-05
  5052  +1.7720869903      7258  +1.7719726562  -1.143e-04
  5053  +1.7730135718      7262  +1.7729492188  -6.435e-05
  5054  +1.7739396693      7266  +1.7739257812  -1.389e-05
  5055  +1.7748652836      7270  +1.7749023438  +3.706e-05
  5056  +1.7757904154      7274  +1.7758789062  +8.849e-05
  5057  +1.7767150655      7277  +1.7766113281  -1.037e-04
  5058  +1.7776392347      7281  +1.7775878906  -5.134e-05
  5059  +1.7785629236      7285  +1.7785644531  +1.530e-06
  5060  +1.7794861331      7289  +1.7795410156  +5.488e-05
  5061  +1.7804088638      7293  +1.7805175781  +1.087e-04
  5062  +1.7813311166      7296  +1.7812500000  -8.112e-05
  5063  +1.7822528921      7300  +1.7822265625  -2.633e-05
  5064  +1.7831741912      7304  +1.7832031250  +2.893e-05
  5065  +1.7840950145      7308  +1.7841796875  +8.467e-05
  5066  +1.7850153627      7311  +1.7849121094  -1.033e-04
  5067  +1.7859352367      7315  +1.7858886719  -4.656e-05
  5068  +1.7868546372      7319  +1.7868652344  +1.060e-05
  5069  +1.7877735648      7323  +1.7878417969  +6.823e-05
  5070  +1.7886920203      7326  +1.7885742188  -1.178e-04
  5071  +1.7896100045      7330  +1.7895507812  -5.922e-05
  5072  +1.7905275180      7334  +1.7905273438  -1.743e-07
  5073  +1.7914445616      7338  +1.7915039062  +5.934e-05
  5074  +1.7923611360      7342  +1.7924804688  +1.193e-04
  5075  +1.7932772419      7345  +1.7932128906  -6.435e-05
  5076  +1.7941928801      7349  +1.7941894531  -3.427e-06
  5077  +1.7951080512      7353  +1.7951660156  +5.796e-05
  5078  +1.7960227560      7357  +1.7961425781  +1.198e-04
  5079  +1.7969369952      7360  +1.7968750000  -6.200e-05
  5080  +1.7978507695      7364  +1.7978515625  +7.930e-07
  5081  +1.7987640796      7368  +1.7988281250  +6.405e-05
  5082  +1.7996769262      7371  +1.7995605469  -1.164e-04
  5083  +1.8005893100      7375  +1.8005371094  -5.220e-05
  5084  +1.8015012317      7379  +1.8015136719  +1.244e-05
  5085  +1.8024126920      7383  +1.8024902344  +7.754e-05
  5086  +1.8033236917      7386  +1.8032226562  -1.010e-04
  5087  +1.8042342313      7390  +1.8041992188  -3.501e-05
  5088  +1.8051443117      7394  +1.8051757812  +3.147e-05
  5089  +1.8060539335      7398  +1.8061523438  +9.841e-05
  5090  +1.8069630974      7401  +1.8068847656  -7.833e-05
  5091  +1.8078718040      7405  +1.8078613281  -1.048e-05
  5092  +1.8087800542      7409  +1.8088378906  +5.784e-05
  5093  +1.8096878485      7412  +1.8095703125  -1.175e-04
  5094  +1.8105951877      7416  +1.8105468750  -4.831e-05
  5095  +1.8115020724      7420  +1.8115234375  +2.137e-05
  5096  +1.8124085033      7424  +1.8125000000  +9.150e-05
  5097  +1.8133144811      7427  +1.8132324219  -8.206e-05
  5098  +1.8142200065      7431  +1.8142089844  -1.102e-05
  5099  +1.8151250801      7435  +1.8151855469  +6.047e-05
  5100  +1.8160297027      7438  +1.8159179688  -1.117e-04
  5101  +1.8169338749      7442  +1.8168945312  -3.934e-05
  5102  +1.8178375973      7446  +1.8178710938  +3.350e-05
  5103  +1.8187408707      7450  +1.8188476562  +1.068e-04
  5104  +1.8196436957      7453  +1.8195800781  -6.362e-05
  5105  +1.8205460730      7457  +1.8205566406  +1.057e-05
  5106  +1.8214480033      7461  +1.8215332031  +8.520e-05
  5107  +1.8223494871      7464  +1.8222656250  -8.386e-05
  5108  +1.8232505252      7468  +1.8232421875  -8.338e-06
  5109  +1.8241511183      7472  +1.8242187500  +6.763e-05
  5110  +1.8250512669      7475  +1.8249511719  -1.001e-04
  5111  +1.8259509718      7479  +1.8259277344  -2.324e-05
  5112  +1.8268502336      7483  +1.8269042969  +5.406e-05
  5113  +1.8277490530      7486  +1.8276367188  -1.123e-04
  5114  +1.8286474305      7490  +1.8286132812  -3.415e-05
  5115  +1.8295453670      7494  +1.8295898438  +4.448e-05
  5116  +1.8304428629      7497  +1.8303222656  -1.206e-04
  5117  +1.8313399190      7501  +1.8312988281  -4.109e-05
  5118  +1.8322365359      7505  +1.8322753906  +3.885e-05
  5119  +1.8331327143      7509  +1.8332519531  +1.192e-04
  5120  +1.8340284547      7512  +1.8339843750  -4.408e-05
  5121  +1.8349237579      7516  +1.8349609375  +3.718e-05
  5122  +1.8358186245      7520  +1.8359375000  +1.189e-04
  5123  +1.8367130550      7523  +1.8366699219  -4.313e-05
  5124  +1.8376070502      7527  +1.8376464844  +3.943e-05
  5125  +1.8385006107      7530  +1.8383789062  -1.217e-04
  5126  +1.8393937371      7534  +1.8393554688  -3.827e-05
  5127  +1.8402864301      7538  +1.8403320312  +4.560e-05
  5128  +1.8411786902      7541  +1.8410644531  -1.142e-04
  5129  +1.8420705182      7545  +1.8420410156  -2.950e-05
  5130  +1.8429619146      7549  +1.8430175781  +5.566e-05
  5131  +1.8438528800      7552  +1.8437500000  -1.029e-04
  5132  +1.8447434151      7556  +1.8447265625  -1.685e-05
  5133  +1.8456335206      7560  +1.8457031250  +6.960e-05
  5134  +1.8465231969      7563  +1.8464355469  -8.765e-05
  5135  +1.8474124449      7567  +1.8474121094  -3.355e-07
  5136  +1.8483012650      7571  +1.8483886719  +8.741e-05
  5137  +1.8491896578      7574  +1.8491210938  -6.856e-05
  5138  +1.8500776241      7578  +1.8500976562  +2.003e-05
  5139  +1.8509651644      7582  +1.8510742188  +1.091e-04
  5140  +1.8518522793      7585  +1.8518066406  -4.564e-05
  5141  +1.8527389695      7589  +1.8527832031  +4.423e-05
  5142  +1.8536252355      7592  +1.8535156250  -1.096e-04
  5143  +1.8545110779      7596  +1.8544921875  -1.889e-05
  5144  +1.8553964974      7600  +1.8554687500  +7.225e-05
  5145  +1.8562814946      7603  +1.8562011719  -8.032e-05
  5146  +1.8571660701      7607  +1.8571777344  +1.166e-05
  5147  +1.8580502244      7611  +1.8581542969  +1.041e-04
  5148  +1.8589339582      7614  +1.8588867188  -4.724e-05
  5149  +1.8598172721      7618  +1.8598632812  +4.601e-05
  5150  +1.8607001667      7621  +1.8605957031  -1.045e-04
  5151  +1.8615826425      7625  +1.8615722656  -1.038e-05
  5152  +1.8624647002      7629  +1.8625488281  +8.413e-05
  5153  +1.8633463403      7632  +1.8632812500  -6.509e-05
  5154  +1.8642275635      7636  +1.8642578125  +3.025e-05
  5155  +1.8651083703      7639  +1.8649902344  -1.181e-04
  5156  +1.8659887614      7643  +1.8659667969  -2.196e-05
  5157  +1.8668687373      7647  +1.8669433594  +7.462e-05
  5158  +1.8677482986      7650  +1.8676757812  -7.252e-05
  5159  +1.8686274459      7654  +1.8686523438  +2.490e-05
  5160  +1.8695061797      7657  +1.8693847656  -1.214e-04
  5161  +1.8703845007      7661  +1.8703613281  -2.317e-05
  5162  +1.8712624095      7665  +1.8713378906  +7.548e-05
  5163  +1.8721399066      7668  +1.8720703125  -6.959e-05
  5164  +1.8730169925      7672  +1.8730468750  +2.988e-05
  5165  +1.8738936680      7675  +1.8737792969  -1.144e-04
  5166  +1.8747699335      7679  +1.8747558594  -1.407e-05
  5167  +1.8756457896      7683  +1.8757324219  +8.663e-05
  5168  +1.8765212369      7686  +1.8764648438  -5.639e-05
  5169  +1.8773962760      7690  +1.8774414062  +4.513e-05
  5170  +1.8782709075      7693  +1.8781738281  -9.708e-05
  5171  +1.8791451318      7697  +1.8791503906  +5.259e-06
  5172  +1.8800189496      7701  +1.8801269531  +1.080e-04
  5173  +1.8808923615      7704  +1.8808593750  -3.299e-05
  5174  +1.8817653680      7708  +1.8818359375  +7.057e-05
  5175  +1.8826379696      7711  +1.8825683594  -6.961e-05
  5176  +1.8835101670      7715  +1.8835449219  +3.475e-05
  5177  +1.8843819607      7718  +1.8842773438  -1.046e-04
  5178  +1.8852533513      7722  +1.8852539062  +5.550e-07
  5179  +1.8861243392      7726  +1.8862304688  +1.061e-04
  5180  +1.8869949252      7729  +1.8869628906  -3.203e-05
  5181  +1.8878651097      7733  +1.8879394531  +7.434e-05
  5182  +1.8887348932      7736  +1.8886718750  -6.302e-05
  5183  +1.8896042764      7740  +1.8896484375  +4.416e-05
  5184  +1.8904732598      7743  +1.8903808594  -9.240e-05
  5185  +1.8913418439      7747  +1.8913574219  +1.558e-05
  5186  +1.8922100293      7750  +1.8920898438  -1.202e-04
  5187  +1.8930778166      7754  +1.8930664062  -1.141e-05
  5188  +1.8939452063      7758  +1.8940429688  +9.776e-05
  5189  +1.8948121989      7761  +1.8947753906  -3.681e-05
  5190  +1.8956787949      7765  +1.8957519531  +7.316e-05
  5191  +1.8965449950      7768  +1.8964843750  -6.062e-05
  5192  +1.8974107997      7772  +1.8974609375  +5.014e-05
  5193  +1.8982762094      7775  +1.8981933594  -8.285e-05
  5194  +1.8991412248      7779  +1.8991699219  +2.870e-05
  5195  +1.9000058464      7782  +1.8999023438  -1.035e-04
  5196  +1.9008700747      7786  +1.9008789062  +8.832e-06
  5197  +1.9017339103      7790  +1.9018554688  +1.216e-04
  5198  +1.9025973537      7793  +1.9025878906  -9.463e-06
  5199  +1.9034604054      7797  +1.9035644531  +1.040e-04
  5200  +1.9043230659      7800  +1.9042968750  -2.619e-05
  5201  +1.9051853358      7804  +1.9052734375  +8.810e-05
  5202  +1.9060472157      7807  +1.9060058594  -4.136e-05
  5203  +1.9069087060      7811  +1.9069824219  +7.372e-05
  5204  +1.9077698073      7814  +1.9077148438  -5.496e-05
  5205  +1.9086305201      7818  +1.9086914062  +6.089e-05
  5206  +1.9094908449      7821  +1.9094238281  -6.702e-05
  5207  +1.9103507823      7825  +1.9104003906  +4.961e-05
  5208  +1.9112103327      7828  +1.9111328125  -7.752e-05
  5209  +1.9120694968      7832  +1.9121093750  +3.988e-05
  5210  +1.9129282750      7835  +1.9128417969  -8.648e-05
  5211  +1.9137866678      7839  +1.9138183594  +3.169e-05
  5212  +1.9146446757      7842  +1.9145507812  -9.389e-05
  5213  +1.9155022994      7846  +1.9155273438  +2.504e-05
  5214  +1.9163595392      7849  +1.9162597656  -9.977e-05
  5215  +1.9172163957      7853  +1.9172363281  +1.993e-05
  5216  +1.9180728695      7856  +1.9179687500  -1.041e-04
  5217  +1.9189289610      7860  +1.9189453125  +1.635e-05
  5218  +1.9197846707      7863  +1.9196777344  -1.069e-04
  5219  +1.9206399992      7867  +1.9206542969  +1.430e-05
  5220  +1.9214949469      7870  +1.9213867188  -1.082e-04
  5221  +1.9223495144      7874  +1.9223632812  +1.377e-05
  5222  +1.9232037022      7877  +1.9230957031  -1.080e-04
  5223  +1.9240575108      7881  +1.9240722656  +1.475e-05
  5224  +1.9249109406      7884  +1.9248046875  -1.063e-04
  5225  +1.9257639923      7888  +1.9257812500  +1.726e-05
  5226  +1.9266166662      7891  +1.9265136719  -1.030e-04
  5227  +1.9274689629      7895  +1.9274902344  +2.127e-05
  5228  +1.9283208830      7898  +1.9282226562  -9.823e-05
  5229  +1.9291724268      7902  +1.9291992188  +2.679e-05
  5230  +1.9300235949      7905  +1.9299316406  -9.195e-05
  5231  +1.9308743878      7909  +1.9309082031  +3.382e-05
  5232  +1.9317248060      7912  +1.9316406250  -8.418e-05
  5233  +1.9325748499      7916  +1.9326171875  +4.234e-05
  5234  +1.9334245202      7919  +1.9333496094  -7.491e-05
  5235  +1.9342738172      7923  +1.9343261719  +5.235e-05
  5236  +1.9351227414      7926  +1.9350585938  -6.415e-05
  5237  +1.9359712934      7930  +1.9360351562  +6.386e-05
  5238  +1.9368194736      7933  +1.9367675781  -5.190e-05
  5239  +1.9376672826      7937  +1.9377441406  +7.686e-05
  5240  +1.9385147208      7940  +1.9384765625  -3.816e-05
  5241  +1.9393617886      7944  +1.9394531250  +9.134e-05
  5242  +1.9402084867      7947  +1.9401855469  -2.294e-05
  5243  +1.9410548154      7951  +1.9411621094  +1.073e-04
  5244  +1.9419007753      7954  +1.9418945312  -6.244e-06
  5245  +1.9427463668      7957  +1.9426269531  -1.194e-04
  5246  +1.9435915904      7961  +1.9436035156  +1.193e-05
  5247  +1.9444364466      7964  +1.9443359375  -1.005e-04
  5248  +1.9452809358      7968  +1.9453125000  +3.156e-05
  5249  +1.9461250586      7971  +1.9460449219  -8.014e-05
  5250  +1.9469688155      7975  +1.9470214844  +5.267e-05
  5251  +1.9478122068      7978  +1.9477539062  -5.830e-05
  5252  +1.9486552331      7982  +1.9487304688  +7.524e-05
  5253  +1.9494978949      7985  +1.9494628906  -3.500e-05
  5254  +1.9503401926      7989  +1.9504394531  +9.926e-05
  5255  +1.9511821267      7992  +1.9511718750  -1.025e-05
  5256  +1.9520236976      7995  +1.9519042969  -1.194e-04
  5257  +1.9528649059      7999  +1.9528808594  +1.595e-05
  5258  +1.9537057519      8002  +1.9536132812  -9.247e-05
  5259  +1.9545462363      8006  +1.9545898438  +4.361e-05
  5260  +1.9553863593      8009  +1.9553222656  -6.409e-05
  5261  +1.9562261216      8013  +1.9562988281  +7.271e-05
  5262  +1.9570655235      8016  +1.9570312500  -3.427e-05
  5263  +1.9579045656      8020  +1.9580078125  +1.032e-04
  5264  +1.9587432483      8023  +1.9587402344  -3.014e-06
  5265  +1.9595815720      8026  +1.9594726562  -1.089e-04
  5266  +1.9604195372      8030  +1.9604492188  +2.968e-05
  5267  +1.9612571444      8033  +1.9611816406  -7.550e-05
  5268  +1.9620943940      8037  +1.9621582031  +6.381e-05
  5269  +1.9629312865      8040  +1.9628906250  -4.066e-05
  5270  +1.9637678224      8044  +1.9638671875  +9.937e-05
  5271  +1.9646040020      8047  +1.9645996094  -4.393e-06
  5272  +1.9654398259      8050  +1.9653320312  -1.078e-04
  5273  +1.9662752945      8054  +1.9663085938  +3.330e-05
  5274  +1.9671104083      8057  +1.9670410156  -6.939e-05
  5275  +1.9679451677      8061  +1.9680175781  +7.241e-05
  5276  +1.9687795731      8064  +1.9687500000  -2.957e-05
  5277  +1.9696136251      8068  +1.9697265625  +1.129e-04
  5278  +1.9704473240      8071  +1.9704589844  +1.166e-05
  5279  +1.9712806704      8074  +1.9711914062  -8.926e-05
  5280  +1.9721136646      8078  +1.9721679688  +5.430e-05
  5281  +1.9729463071      8081  +1.9729003906  -4.592e-05
  5282  +1.9737785983      8085  +1.9738769531  +9.835e-05
  5283  +1.9746105387      8088  +1.9746093750  -1.164e-06
  5284  +1.9754421288      8091  +1.9753417969  -1.003e-04
  5285  +1.9762733690      8095  +1.9763183594  +4.499e-05
  5286  +1.9771042596      8098  +1.9770507812  -5.348e-05
  5287  +1.9779348013      8102  +1.9780273438  +9.254e-05
  5288  +1.9787649943      8105  +1.9787597656  -5.229e-06
  5289  +1.9795948392      8108  +1.9794921875  -1.027e-04
  5290  +1.9804243363      8112  +1.9804687500  +4.441e-05
  5291  +1.9812534861      8115  +1.9812011719  -5.231e-05
  5292  +1.9820822891      8119  +1.9821777344  +9.545e-05
  5293  +1.9829107457      8122  +1.9829101562  -5.895e-07
  5294  +1.9837388563      8125  +1.9836425781  -9.628e-05
  5295  +1.9845666214      8129  +1.9846191406  +5.252e-05
  5296  +1.9853940413      8132  +1.9853515625  -4.248e-05
  5297  +1.9862211166      8136  +1.9863281250  +1.070e-04
  5298  +1.9870478475      8139  +1.9870605469  +1.270e-05
  5299  +1.9878742347      8142  +1.9877929688  -8.127e-05
  5300  +1.9887002785      8146  +1.9887695312  +6.925e-05
  5301  +1.9895259793      8149  +1.9895019531  -2.403e-05
  5302  +1.9903513375      8152  +1.9902343750  -1.170e-04
  5303  +1.9911763537      8156  +1.9912109375  +3.458e-05
  5304  +1.9920010281      8159  +1.9919433594  -5.767e-05
  5305  +1.9928253613      8163  +1.9929199219  +9.456e-05
  5306  +1.9936493536      8166  +1.9936523438  +2.990e-06
  5307  +1.9944730055      8169  +1.9943847656  -8.824e-05
  5308  +1.9952963174      8173  +1.9953613281  +6.501e-05
  5309  +1.9961192897      8176  +1.9960937500  -2.554e-05
  5310  +1.9969419229      8179  +1.9968261719  -1.158e-04
  5311  +1.9977642173      8183  +1.9978027344  +3.852e-05
  5312  +1.9985861734      8186  +1.9985351562  -5.102e-05
  5313  +1.9994077916      8190  +1.9995117188  +1.039e-04
  5314  +2.0002290723      8193  +2.0002441406  +1.507e-05
  5315  +2.0010500160      8196  +2.0009765625  -7.345e-05
  5316  +2.0018706229      8200  +2.0019531250  +8.250e-05
  5317  +2.0026908937      8203  +2.0026855469  -5.347e-06
  5318  +2.0035108285      8206  +2.0034179688  -9.286e-05
  5319  +2.0043304280      8210  +2.0043945312  +6.410e-05
  5320  +2.0051496925      8213  +2.0051269531  -2.274e-05
  5321  +2.0059686223      8216  +2.0058593750  -1.092e-04
  5322  +2.0067872180      8220  +2.0068359375  +4.872e-05
  5323  +2.0076054799      8223  +2.0075683594  -3.712e-05
  5324  +2.0084234084      8227  +2.0085449219  +1.215e-04
  5325  +2.0092410040      8230  +2.0092773438  +3.634e-05
  5326  +2.0100582670      8233  +2.0100097656  -4.850e-05
  5327  +2.0108751979      8237  +2.0109863281  +1.111e-04
  5328  +2.0116917970      8240  +2.0117187500  +2.695e-05
  5329  +2.0125080647      8243  +2.0124511719  -5.689e-05
  5330  +2.0133240015      8247  +2.0134277344  +1.037e-04
  5331  +2.0141396078      8250  +2.0141601562  +2.055e-05
  5332  +2.0149548839      8253  +2.0148925781  -6.231e-05
  5333  +2.0157698303      8257  +2.0158691406  +9.931e-05
  5334  +2.0165844474      8260  +2.0166015625  +1.712e-05
  5335  +2.0173987355      8263  +2.0173339844  -6.475e-05
  5336  +2.0182126951      8267  +2.0183105469  +9.785e-05
  5337  +2.0190263265      8270  +2.0190429688  +1.664e-05
  5338  +2.0198396302      8273  +2.0197753906  -6.424e-05
  5339  +2.0206526065      8277  +2.0207519531  +9.935e-05
  5340  +2.0214652559      8280  +2.0214843750  +1.912e-05
  5341  +2.0222775787      8283  +2.0222167969  -6.078e-05
  5342  +2.0230895754      8287  +2.0231933594  +1.038e-04
  5343  +2.0239012463      8290  +2.0239257812  +2.453e-05
  5344  +2.0247125918      8293  +2.0246582031  -5.439e-05
  5345  +2.0255236123      8297  +2.0256347656  +1.112e-04
  5346  +2.0263343082      8300  +2.0263671875  +3.288e-05
  5347  +2.0271446798      8303  +2.0270996094  -4.507e-05
  5348  +2.0279547277      8307  +2.0280761719  +1.214e-04
  5349  +2.0287644521      8310  +2.0288085938  +4.414e-05
  5350  +2.0295738535      8313  +2.0295410156  -3.284e-05
  5351  +2.0303829322      8316  +2.0302734375  -1.095e-04
  5352  +2.0311916886      8320  +2.0312500000  +5.831e-05
  5353  +2.0320001232      8323  +2.0319824219  -1.770e-05
  5354  +2.0328082362      8326  +2.0327148438  -9.339e-05
  5355  +2.0336160281      8330  +2.0336914062  +7.538e-05
  5356  +2.0344234992      8333  +2.0344238281  +3.289e-07
  5357  +2.0352306500      8336  +2.0351562500  -7.440e-05
  5358  +2.0360374808      8340  +2.0361328125  +9.533e-05
  5359  +2.0368439921      8343  +2.0368652344  +2.124e-05
  5360  +2.0376501841      8346  +2.0375976562  -5.253e-05
  5361  +2.0384560572      8350  +2.0385742188  +1.182e-04
  5362  +2.0392616119      8353  +2.0393066406  +4.503e-05
  5363  +2.0400668485      8356  +2.0400390625  -2.779e-05
  5364  +2.0408717674      8359  +2.0407714844  -1.003e-04
  5365  +2.0416763689      8363  +2.0417480469  +7.168e-05
  5366  +2.0424806535      8366  +2.0424804688  -1.848e-07
  5367  +2.0432846215      8369  +2.0432128906  -7.173e-05
  5368  +2.0440882733      8373  +2.0441894531  +1.012e-04
  5369  +2.0448916093      8376  +2.0449218750  +3.027e-05
  5370  +2.0456946298      8379  +2.0456542969  -4.033e-05
  5371  +2.0464973352      8382  +2.0463867188  -1.106e-04
  5372  +2.0472997259      8386  +2.0473632812  +6.356e-05
  5373  +2.0481018022      8389  +2.0480957031  -6.099e-06
  5374  +2.0489035645      8392  +2.0488281250  -7.544e-05
  5375  +2.0497050132      8396  +2.0498046875  +9.967e-05
  5376  +2.0505061487      8399  +2.0505371094  +3.096e-05
  5377  +2.0513069713      8402  +2.0512695312  -3.744e-05
  5378  +2.0521074814      8405  +2.0520019531  -1.055e-04
  5379  +2.0529076793      8409  +2.0529785156  +7.084e-05
  5380  +2.0537075654      8412  +2.0537109375  +3.372e-06
  5381  +2.0545071401      8415  +2.0544433594  -6.378e-05
  5382  +2.0553064038      8419  +2.0554199219  +1.135e-04
  5383  +2.0561053567      8422  +2.0561523438  +4.699e-05
  5384  +2.0569039994      8425  +2.0568847656  -1.923e-05
  5385  +2.0577023320      8428  +2.0576171875  -8.514e-05
  5386  +2.0585003550      8432  +2.0585937500  +9.339e-05
  5387  +2.0592980688      8435  +2.0593261719  +2.810e-05
  5388  +2.0600954737      8438  +2.0600585938  -3.688e-05
  5389  +2.0608925701      8441  +2.0607910156  -1.016e-04
  5390  +2.0616893583      8445  +2.0617675781  +7.822e-05
  5391  +2.0624858386      8448  +2.0625000000  +1.416e-05
  5392  +2.0632820116      8451  +2.0632324219  -4.959e-05
  5393  +2.0640778774      8454  +2.0639648438  -1.130e-04
  5394  +2.0648734364      8458  +2.0649414062  +6.797e-05
  5395  +2.0656686891      8461  +2.0656738281  +5.139e-06
  5396  +2.0664636357      8464  +2.0664062500  -5.739e-05
  5397  +2.0672582766      8467  +2.0671386719  -1.196e-04
  5398  +2.0680526122      8471  +2.0681152344  +6.262e-05
  5399  +2.0688466428      8474  +2.0688476562  +1.013e-06
  5400  +2.0696403687      8477  +2.0695800781  -6.029e-05
  5401  +2.0704337904      8480  +2.0703125000  -1.213e-04
  5402  +2.0712269081      8484  +2.0712890625  +6.215e-05
  5403  +2.0720197223      8487  +2.0720214844  +1.762e-06
  5404  +2.0728122332      8490  +2.0727539062  -5.833e-05
  5405  +2.0736044413      8493  +2.0734863281  -1.181e-04
  5406  +2.0743963467      8497  +2.0744628906  +6.654e-05
  5407  +2.0751879500      8500  +2.0751953125  +7.362e-06
  5408  +2.0759792515      8503  +2.0759277344  -5.152e-05
  5409  +2.0767702514      8506  +2.0766601562  -1.101e-04
  5410  +2.0775609502      8510  +2.0776367188  +7.577e-05
  5411  +2.0783513481      8513  +2.0783691406  +1.779e-05
  5412  +2.0791414456      8516  +2.0791015625  -3.988e-05
  5413  +2.0799312430      8519  +2.0798339844  -9.726e-05
  5414  +2.0807207405      8523  +2.0808105469  +8.981e-05
  5415  +2.0815099386      8526  +2.0815429688  +3.303e-05
  5416  +2.0822988376      8529  +2.0822753906  -2.345e-05
  5417  +2.0830874379      8532  +2.0830078125  -7.963e-05
  5418  +2.0838757397      8536  +2.0839843750  +1.086e-04
  5419  +2.0846637434      8539  +2.0847167969  +5.305e-05
  5420  +2.0854514493      8542  +2.0854492188  -2.231e-06
  5421  +2.0862388579      8545  +2.0861816406  -5.722e-05
  5422  +2.0870259693      8548  +2.0869140625  -1.119e-04
  5423  +2.0878127841      8552  +2.0878906250  +7.784e-05
  5424  +2.0885993024      8555  +2.0886230469  +2.374e-05
  5425  +2.0893855246      8558  +2.0893554688  -3.006e-05
  5426  +2.0901714511      8561  +2.0900878906  -8.356e-05
  5427  +2.0909570822      8565  +2.0910644531  +1.074e-04
  5428  +2.0917424182      8568  +2.0917968750  +5.446e-05
  5429  +2.0925274595      8571  +2.0925292969  +1.837e-06
  5430  +2.0933122064      8574  +2.0932617188  -5.049e-05
  5431  +2.0940966592      8577  +2.0939941406  -1.025e-04
  5432  +2.0948808182      8581  +2.0949707031  +8.988e-05
  5433  +2.0956646838      8584  +2.0957031250  +3.844e-05
  5434  +2.0964482564      8587  +2.0964355469  -1.271e-05
  5435  +2.0972315362      8590  +2.0971679688  -6.357e-05
  5436  +2.0980145235      8593  +2.0979003906  -1.141e-04
  5437  +2.0987972188      8597  +2.0988769531  +7.973e-05
  5438  +2.0995796222      8600  +2.0996093750  +2.975e-05
  5439  +2.1003617342      8603  +2.1003417969  -1.994e-05
  5440  +2.1011435551      8606  +2.1010742188  -6.934e-05
  5441  +2.1019250852      8609  +2.1018066406  -1.184e-04
  5442  +2.1027063248      8613  +2.1027832031  +7.688e-05
  5443  +2.1034872743      8616  +2.1035156250  +2.835e-05
  5444  +2.1042679339      8619  +2.1042480469  -1.989e-05
  5445  +2.1050483040      8622  +2.1049804688  -6.784e-05
  5446  +2.1058283849      8625  +2.1057128906  -1.155e-04
  5447  +2.1066081770      8629  +2.1066894531  +8.128e-05
  5448  +2.1073876805      8632  +2.1074218750  +3.419e-05
  5449  +2.1081668958      8635  +2.1081542969  -1.260e-05
  5450  +2.1089458232      8638  +2.1088867188  -5.910e-05
  5451  +2.1097244630      8641  +2.1096191406  -1.053e-04
  5452  +2.1105028155      8645  +2.1105957031  +9.289e-05
  5453  +2.1112808811      8648  +2.1113281250  +4.724e-05
  5454  +2.1120586600      8651  +2.1120605469  +1.887e-06
  5455  +2.1128361526      8654  +2.1127929688  -4.318e-05
  5456  +2.1136133593      8657  +2.1135253906  -8.797e-05
  5457  +2.1143902802      8661  +2.1145019531  +1.117e-04
  5458  +2.1151669158      8664  +2.1152343750  +6.746e-05
  5459  +2.1159432663      8667  +2.1159667969  +2.353e-05
  5460  +2.1167193321      8670  +2.1166992188  -2.011e-05
  5461  +2.1174951134      8673  +2.1174316406  -6.347e-05
  5462  +2.1182706107      8676  +2.1181640625  -1.065e-04
  5463  +2.1190458241      8680  +2.1191406250  +9.480e-05
  5464  +2.1198207540      8683  +2.1198730469  +5.229e-05
  5465  +2.1205954008      8686  +2.1206054688  +1.007e-05
  5466  +2.1213697646      8689  +2.1213378906  -3.187e-05
  5467  +2.1221438460      8692  +2.1220703125  -7.353e-05
  5468  +2.1229176450      8695  +2.1228027344  -1.149e-04
  5469  +2.1236911621      8699  +2.1237792969  +8.813e-05
  5470  +2.1244643976      8702  +2.1245117188  +4.732e-05
  5471  +2.1252373517      8705  +2.1252441406  +6.789e-06
  5472  +2.1260100249      8708  +2.1259765625  -3.346e-05
  5473  +2.1267824173      8711  +2.1267089844  -7.343e-05
  5474  +2.1275545293      8714  +2.1274414062  -1.131e-04
  5475  +2.1283263612      8718  +2.1284179688  +9.161e-05
  5476  +2.1290979132      8721  +2.1291503906  +5.248e-05
  5477  +2.1298691858      8724  +2.1298828125  +1.363e-05
  5478  +2.1306401792      8727  +2.1306152344  -2.494e-05
  5479  +2.1314108937      8730  +2.1313476562  -6.324e-05
  5480  +2.1321813296      8733  +2.1320800781  -1.013e-04
  5481  +2.1329514873      8737  +2.1330566406  +1.052e-04
  5482  +2.1337213669      8740  +2.1337890625  +6.770e-05
  5483  +2.1344909689      8743  +2.1345214844  +3.052e-05
  5484  +2.1352602935      8746  +2.1352539062  -6.387e-06
  5485  +2.1360293410      8749  +2.1359863281  -4.301e-05
  5486  +2.1367981117      8752  +2.1367187500  -7.936e-05
  5487  +2.1375666059      8755  +2.1374511719  -1.154e-04
  5488  +2.1383348239      8759  +2.1384277344  +9.291e-05
  5489  +2.1391027661      8762  +2.1391601562  +5.739e-05
  5490  +2.1398704326      8765  +2.1398925781  +2.215e-05
  5491  +2.1406378239      8768  +2.1406250000  -1.282e-05
  5492  +2.1414049401      8771  +2.1413574219  -4.752e-05
  5493  +2.1421717816      8774  +2.1420898438  -8.194e-05
  5494  +2.1429383488      8777  +2.1428222656  -1.161e-04
  5495  +2.1437046418      8781  +2.1437988281  +9.419e-05
  5496  +2.1444706610      8784  +2.1445312500  +6.059e-05
  5497  +2.1452364066      8787  +2.1452636719  +2.727e-05
  5498  +2.1460018791      8790  +2.1459960938  -5.785e-06
  5499  +2.1467670786      8793  +2.1467285156  -3.856e-05
  5500  +2.1475320054      8796  +2.1474609375  -7.107e-05
  5501  +2.1482966599      8799  +2.1481933594  -1.033e-04
  5502  +2.1490610422      8803  +2.1491699219  +1.089e-04
  5503  +2.1498251529      8806  +2.1499023438  +7.719e-05
  5504  +2.1505889920      8809  +2.1506347656  +4.577e-05
  5505  +2.1513525599      8812  +2.1513671875  +1.463e-05
  5506  +2.1521158569      8815  +2.1520996094  -1.625e-05
  5507  +2.1528788833      8818  +2.1528320312  -4.685e-05
  5508  +2.1536416394      8821  +2.1535644531  -7.719e-05
  5509  +2.1544041254      8824  +2.1542968750  -1.073e-04
  5510  +2.1551663416      8828  +2.1552734375  +1.071e-04
  5511  +2.1559282884      8831  +2.1560058594  +7.757e-05
  5512  +2.1566899659      8834  +2.1567382812  +4.832e-05
  5513  +2.1574513746      8837  +2.1574707031  +1.933e-05
  5514  +2.1582125146      8840  +2.1582031250  -9.390e-06
  5515  +2.1589733863      8843  +2.1589355469  -3.784e-05
  5516  +2.1597339900      8846  +2.1596679688  -6.602e-05
  5517  +2.1604943259      8849  +2.1604003906  -9.394e-05
  5518  +2.1612543942      8852  +2.1611328125  -1.216e-04
  5519  +2.1620141954      8856  +2.1621093750  +9.518e-05
  5520  +2.1627737297      8859  +2.1628417969  +6.807e-05
  5521  +2.1635329973      8862  +2.1635742188  +4.122e-05
  5522  +2.1642919985      8865  +2.1643066406  +1.464e-05
  5523  +2.1650507337      8868  +2.1650390625  -1.167e-05
  5524  +2.1658092031      8871  +2.1657714844  -3.772e-05
  5525  +2.1665674069      8874  +2.1665039062  -6.350e-05
  5526  +2.1673253455      8877  +2.1672363281  -8.902e-05
  5527  +2.1680830191      8880  +2.1679687500  -1.143e-04
  5528  +2.1688404281      8884  +2.1689453125  +1.049e-04
  5529  +2.1695975726      8887  +2.1696777344  +8.016e-05
  5530  +2.1703544530      8890  +2.1704101562  +5.570e-05
  5531  +2.1711110695      8893  +2.1711425781  +3.151e-05
  5532  +2.1718674225      8896  +2.1718750000  +7.578e-06
  5533  +2.1726235121      8899  +2.1726074219  -1.609e-05
  5534  +2.1733793387      8902  +2.1733398438  -3.949e-05
  5535  +2.1741349026      8905  +2.1740722656  -6.264e-05
  5536  +2.1748902039      8908  +2.1748046875  -8.552e-05
  5537  +2.1756452431      8911  +2.1755371094  -1.081e-04
  5538  +2.1764000203      8915  +2.1765136719  +1.137e-04
  5539  +2.1771545358      8918  +2.1772460938  +9.156e-05
  5540  +2.1779087900      8921  +2.1779785156  +6.973e-05
  5541  +2.1786627830      8924  +2.1787109375  +4.815e-05
  5542  +2.1794165152      8927  +2.1794433594  +2.684e-05
  5543  +2.1801699868      8930  +2.1801757812  +5.794e-06
  5544  +2.1809231980      8933  +2.1809082031  -1.499e-05
  5545  +2.1816761493      8936  +2.1816406250  -3.552e-05
  5546  +2.1824288408      8939  +2.1823730469  -5.579e-05
  5547  +2.1831812727      8942  +2.1831054688  -7.580e-05
  5548  +2.1839334454      8945  +2.1838378906  -9.555e-05
  5549  +2.1846853592      8948  +2.1845703125  -1.150e-04
  5550  +2.1854370143      8952  +2.1855468750  +1.099e-04
  5551  +2.1861884109      8955  +2.1862792969  +9.089e-05
  5552  +2.1869395493      8958  +2.1870117188  +7.217e-05
  5553  +2.1876904299      8961  +2.1877441406  +5.371e-05
  5554  +2.1884410528      8964  +2.1884765625  +3.551e-05
  5555  +2.1891914184      8967  +2.1892089844  +1.757e-05
  5556  +2.1899415268      8970  +2.1899414062  -1.205e-07
  5557  +2.1906913784      8973  +2.1906738281  -1.755e-05
  5558  +2.1914409734      8976  +2.1914062500  -3.472e-05
  5559  +2.1921903121      8979  +2.1921386719  -5.164e-05
  5560  +2.1929393948      8982  +2.1928710938  -6.830e-05
  5561  +2.1936882216      8985  +2.1936035156  -8.471e-05
  5562  +2.1944367930      8988  +2.1943359375  -1.009e-04
  5563  +2.1951851090      8991  +2.1950683594  -1.167e-04
  5564  +2.1959331701      8995  +2.1960449219  +1.118e-04
  5565  +2.1966809764      8998  +2.1967773438  +9.637e-05
  5566  +2.1974285282      9001  +2.1975097656  +8.124e-05
  5567  +2.1981758258      9004  +2.1982421875  +6.636e-05
  5568  +2.1989228694      9007  +2.1989746094  +5.174e-05
  5569  +2.1996696594      9010  +2.1997070312  +3.737e-05
  5570  +2.2004161958      9013  +2.2004394531  +2.326e-05
  5571  +2.2011624791      9016  +2.2011718750  +9.396e-06
  5572  +2.2019085095      9019  +2.2019042969  -4.213e-06
  5573  +2.2026542871      9022  +2.2026367188  -1.757e-05
  5574  +2.2033998124      9025  +2.2033691406  -3.067e-05
  5575  +2.2041450855      9028  +2.2041015625  -4.352e-05
  5576  +2.2048901067      9031  +2.2048339844  -5.612e-05
  5577  +2.2056348762      9034  +2.2055664062  -6.847e-05
  5578  +2.2063793943      9037  +2.2062988281  -8.057e-05
  5579  +2.2071236613      9040  +2.2070312500  -9.241e-05
  5580  +2.2078676774      9043  +2.2077636719  -1.040e-04
  5581  +2.2086114428      9046  +2.2084960938  -1.153e-04
  5582  +2.2093549579      9050  +2.2094726562  +1.177e-04
  5583  +2.2100982228      9053  +2.2102050781  +1.069e-04
  5584  +2.2108412379      9056  +2.2109375000  +9.626e-05
  5585  +2.2115840033      9059  +2.2116699219  +8.592e-05
  5586  +2.2123265194      9062  +2.2124023438  +7.582e-05
  5587  +2.2130687863      9065  +2.2131347656  +6.598e-05
  5588  +2.2138108043      9068  +2.2138671875  +5.638e-05
  5589  +2.2145525738      9071  +2.2145996094  +4.704e-05
  5590  +2.2152940948      9074  +2.2153320312  +3.794e-05
  5591  +2.2160353678      9077  +2.2160644531  +2.909e-05
  5592  +2.2167763928      9080  +2.2167968750  +2.048e-05
  5593  +2.2175171702      9083  +2.2175292969  +1.213e-05
  5594  +2.2182577003      9086  +2.2182617188  +4.018e-06
  5595  +2.2189979832      9089  +2.2189941406  -3.843e-06
  5596  +2.2197380192      9092  +2.2197265625  -1.146e-05
  5597  +2.2204778086      9095  +2.2204589844  -1.882e-05
  5598  +2.2212173516      9098  +2.2211914062  -2.595e-05
  5599  +2.2219566485      9101  +2.2219238281  -3.282e-05
  5600  +2.2226956995      9104  +2.2226562500  -3.945e-05
  5601  +2.2234345048      9107  +2.2233886719  -4.583e-05
  5602  +2.2241730647      9110  +2.2241210938  -5.197e-05
  5603  +2.2249113794      9113  +2.2248535156  -5.786e-05
  5604  +2.2256494492      9116  +2.2255859375  -6.351e-05
  5605  +2.2263872743      9119  +2.2263183594  -6.891e-05
  5606  +2.2271248550      9122  +2.2270507812  -7.407e-05
  5607  +2.2278621915      9125  +2.2277832031  -7.899e-05
  5608  +2.2285992841      9128  +2.2285156250  -8.366e-05
  5609  +2.2293361329      9131  +2.2292480469  -8.809e-05
  5610  +2.2300727383      9134  +2.2299804688  -9.227e-05
  5611  +2.2308091005      9137  +2.2307128906  -9.621e-05
  5612  +2.2315452197      9140  +2.2314453125  -9.991e-05
  5613  +2.2322810961      9143  +2.2321777344  -1.034e-04
  5614  +2.2330167300      9146  +2.2329101562  -1.066e-04
  5615  +2.2337521217      9149  +2.2336425781  -1.095e-04
  5616  +2.2344872713      9152  +2.2343750000  -1.123e-04
  5617  +2.2352221792      9155  +2.2351074219  -1.148e-04
  5618  +2.2359568455      9158  +2.2358398438  -1.170e-04
  5619  +2.2366912705      9161  +2.2365722656  -1.190e-04
  5620  +2.2374254544      9164  +2.2373046875  -1.208e-04
  5621  +2.2381593975      9168  +2.2382812500  +1.219e-04
  5622  +2.2388931000      9171  +2.2390136719  +1.206e-04
  5623  +2.2396265621      9174  +2.2397460938  +1.195e-04
  5624  +2.2403597841      9177  +2.2404785156  +1.187e-04
  5625  +2.2410927663      9180  +2.2412109375  +1.182e-04
  5626  +2.2418255087      9183  +2.2419433594  +1.179e-04
  5627  +2.2425580118      9186  +2.2426757812  +1.178e-04
  5628  +2.2432902756      9189  +2.2434082031  +1.179e-04
  5629  +2.2440223005      9192  +2.2441406250  +1.183e-04
  5630  +2.2447540867      9195  +2.2448730469  +1.190e-04
  5631  +2.2454856344      9198  +2.2456054688  +1.198e-04
  5632  +2.2462169439      9201  +2.2463378906  +1.209e-04
  5633  +2.2469480153      9203  +2.2468261719  -1.218e-04
  5634  +2.2476788490      9206  +2.2475585938  -1.203e-04
  5635  +2.2484094451      9209  +2.2482910156  -1.184e-04
  5636  +2.2491398039      9212  +2.2490234375  -1.164e-04
  5637  +2.2498699256      9215  +2.2497558594  -1.141e-04
  5638  +2.2505998104      9218  +2.2504882812  -1.115e-04
  5639  +2.2513294586      9221  +2.2512207031  -1.088e-04
  5640  +2.2520588704      9224  +2.2519531250  -1.057e-04
  5641  +2.2527880460      9227  +2.2526855469  -1.025e-04
  5642  +2.2535169857      9230  +2.2534179688  -9.902e-05
  5643  +2.2542456897      9233  +2.2541503906  -9.530e-05
  5644  +2.2549741582      9236  +2.2548828125  -9.135e-05
  5645  +2.2557023914      9239  +2.2556152344  -8.716e-05
  5646  +2.2564303896      9242  +2.2563476562  -8.273e-05
  5647  +2.2571581530      9245  +2.2570800781  -7.807e-05
  5648  +2.2578856819      9248  +2.2578125000  -7.318e-05
  5649  +2.2586129764      9251  +2.2585449219  -6.805e-05
  5650  +2.2593400367      9254  +2.2592773438  -6.269e-05
  5651  +2.2600668632      9257  +2.2600097656  -5.710e-05
  5652  +2.2607934560      9260  +2.2607421875  -5.127e-05
  5653  +2.2615198154      9263  +2.2614746094  -4.521e-05
  5654  +2.2622459415      9266  +2.2622070312  -3.891e-05
  5655  +2.2629718347      9269  +2.2629394531  -3.238e-05
  5656  +2.2636974950      9272  +2.2636718750  -2.562e-05
  5657  +2.2644229229      9275  +2.2644042969  -1.863e-05
  5658  +2.2651481184      9278  +2.2651367188  -1.140e-05
  5659  +2.2658730818      9281  +2.2658691406  -3.941e-06
  5660  +2.2665978133      9284  +2.2666015625  +3.749e-06
  5661  +2.2673223132      9287  +2.2673339844  +1.167e-05
  5662  +2.2680465817      9290  +2.2680664062  +1.982e-05
  5663  +2.2687706189      9293  +2.2687988281  +2.821e-05
  5664  +2.2694944251      9296  +2.2695312500  +3.682e-05
  5665  +2.2702180006      9299  +2.2702636719  +4.567e-05
  5666  +2.2709413455      9302  +2.2709960938  +5.475e-05
  5667  +2.2716644601      9305  +2.2717285156  +6.406e-05
  5668  +2.2723873446      9308  +2.2724609375  +7.359e-05
  5669  +2.2731099992      9311  +2.2731933594  +8.336e-05
  5670  +2.2738324242      9314  +2.2739257812  +9.336e-05
  5671  +2.2745546197      9317  +2.2746582031  +1.036e-04
  5672  +2.2752765859      9320  +2.2753906250  +1.140e-04
  5673  +2.2759983231      9322  +2.2758789062  -1.194e-04
  5674  +2.2767198316      9325  +2.2766113281  -1.085e-04
  5675  +2.2774411115      9328  +2.2773437500  -9.736e-05
  5676  +2.2781621630      9331  +2.2780761719  -8.599e-05
  5677  +2.2788829863      9334  +2.2788085938  -7.439e-05
  5678  +2.2796035817      9337  +2.2795410156  -6.257e-05
  5679  +2.2803239495      9340  +2.2802734375  -5.051e-05
  5680  +2.2810440897      9343  +2.2810058594  -3.823e-05
  5681  +2.2817640026      9346  +2.2817382812  -2.572e-05
  5682  +2.2824836885      9349  +2.2824707031  -1.299e-05
  5683  +2.2832031475      9352  +2.2832031250  -2.251e-08
  5684  +2.2839223799      9355  +2.2839355469  +1.317e-05
  5685  +2.2846413859      9358  +2.2846679688  +2.658e-05
  5686  +2.2853601656      9361  +2.2854003906  +4.023e-05
  5687  +2.2860787194      9364  +2.2861328125  +5.409e-05
  5688  +2.2867970473      9367  +2.2868652344  +6.819e-05
  5689  +2.2875151497      9370  +2.2875976562  +8.251e-05
  5690  +2.2882330268      9373  +2.2883300781  +9.705e-05
  5691  +2.2889506787      9376  +2.2890625000  +1.118e-04
  5692  +2.2896681057      9378  +2.2895507812  -1.173e-04
  5693  +2.2903853079      9381  +2.2902832031  -1.021e-04
  5694  +2.2911022856      9384  +2.2910156250  -8.666e-05
  5695  +2.2918190391      9387  +2.2917480469  -7.099e-05
  5696  +2.2925355684      9390  +2.2924804688  -5.510e-05
  5697  +2.2932518739      9393  +2.2932128906  -3.898e-05
  5698  +2.2939679556      9396  +2.2939453125  -2.264e-05
  5699  +2.2946838140      9399  +2.2946777344  -6.080e-06
  5700  +2.2953994490      9402  +2.2954101562  +1.071e-05
  5701  +2.2961148611      9405  +2.2961425781  +2.772e-05
  5702  +2.2968300503      9408  +2.2968750000  +4.495e-05
  5703  +2.2975450168      9411  +2.2976074219  +6.241e-05
  5704  +2.2982597610      9414  +2.2983398438  +8.008e-05
  5705  +2.2989742829      9417  +2.2990722656  +9.798e-05
  5706  +2.2996885829      9420  +2.2998046875  +1.161e-04
  5707  +2.3004026610      9422  +2.3002929688  -1.097e-04
  5708  +2.3011165176      9425  +2.3010253906  -9.113e-05
  5709  +2.3018301527      9428  +2.3017578125  -7.234e-05
  5710  +2.3025435667      9431  +2.3024902344  -5.333e-05
  5711  +2.3032567597      9434  +2.3032226562  -3.410e-05
  5712  +2.3039697319      9437  +2.3039550781  -1.465e-05
  5713  +2.3046824836      9440  +2.3046875000  +5.016e-06
  5714  +2.3053950149      9443  +2.3054199219  +2.491e-05
  5715  +2.3061073261      9446  +2.3061523438  +4.502e-05
  5716  +2.3068194173      9449  +2.3068847656  +6.535e-05
  5717  +2.3075312888      9452  +2.3076171875  +8.590e-05
  5718  +2.3082429407      9455  +2.3083496094  +1.067e-04
  5719  +2.3089543733      9457  +2.3088378906  -1.165e-04
  5720  +2.3096655867      9460  +2.3095703125  -9.527e-05
  5721  +2.3103765812      9463  +2.3103027344  -7.385e-05
  5722  +2.3110873570      9466  +2.3110351562  -5.220e-05
  5723  +2.3117979142      9469  +2.3117675781  -3.034e-05
  5724  +2.3125082531      9472  +2.3125000000  -8.253e-06
  5725  +2.3132183739      9475  +2.3132324219  +1.405e-05
  5726  +2.3139282767      9478  +2.3139648438  +3.657e-05
  5727  +2.3146379618      9481  +2.3146972656  +5.930e-05
  5728  +2.3153474294      9484  +2.3154296875  +8.226e-05
  5729  +2.3160566797      9487  +2.3161621094  +1.054e-04
  5730  +2.3167657128      9489  +2.3166503906  -1.153e-04
  5731  +2.3174745290      9492  +2.3173828125  -9.172e-05
  5732  +2.3181831285      9495  +2.3181152344  -6.789e-05
  5733  +2.3188915115      9498  +2.3188476562  -4.386e-05
  5734  +2.3195996781      9501  +2.3195800781  -1.960e-05
  5735  +2.3203076285      9504  +2.3203125000  +4.871e-06
  5736  +2.3210153631      9507  +2.3210449219  +2.956e-05
  5737  +2.3217228819      9510  +2.3217773438  +5.446e-05
  5738  +2.3224301851      9513  +2.3225097656  +7.958e-05
  5739  +2.3231372730      9516  +2.3232421875  +1.049e-04
  5740  +2.3238441458      9518  +2.3237304688  -1.137e-04
  5741  +2.3245508036      9521  +2.3244628906  -8.791e-05
  5742  +2.3252572467      9524  +2.3251953125  -6.193e-05
  5743  +2.3259634752      9527  +2.3259277344  -3.574e-05
  5744  +2.3266694893      9530  +2.3266601562  -9.333e-06
  5745  +2.3273752892      9533  +2.3273925781  +1.729e-05
  5746  +2.3280808752      9536  +2.3281250000  +4.412e-05
  5747  +2.3287862474      9539  +2.3288574219  +7.117e-05
  5748  +2.3294914060      9542  +2.3295898438  +9.844e-05
  5749  +2.3301963512      9544  +2.3300781250  -1.182e-04
  5750  +2.3309010832      9547  +2.3308105469  -9.054e-05
  5751  +2.3316056022      9550  +2.3315429688  -6.263e-05
  5752  +2.3323099084      9553  +2.3322753906  -3.452e-05
  5753  +2.3330140020      9556  +2.3330078125  -6.190e-06
  5754  +2.3337178832      9559  +2.3337402344  +2.235e-05
  5755  +2.3344215521      9562  +2.3344726562  +5.110e-05
  5756  +2.3351250089      9565  +2.3352050781  +8.007e-05
  5757  +2.3358282539      9568  +2.3359375000  +1.092e-04
  5758  +2.3365312873      9570  +2.3364257812  -1.055e-04
  5759  +2.3372341092      9573  +2.3371582031  -7.591e-05
  5760  +2.3379367198      9576  +2.3378906250  -4.609e-05
  5761  +2.3386391193      9579  +2.3386230469  -1.607e-05
  5762  +2.3393413079      9582  +2.3393554688  +1.416e-05
  5763  +2.3400432858      9585  +2.3400878906  +4.460e-05
  5764  +2.3407450532      9588  +2.3408203125  +7.526e-05
  5765  +2.3414466102      9591  +2.3415527344  +1.061e-04
  5766  +2.3421479571      9593  +2.3420410156  -1.069e-04
  5767  +2.3428490941      9596  +2.3427734375  -7.566e-05
  5768  +2.3435500213      9599  +2.3435058594  -4.416e-05
  5769  +2.3442507389      9602  +2.3442382812  -1.246e-05
  5770  +2.3449512471      9605  +2.3449707031  +1.946e-05
  5771  +2.3456515462      9608  +2.3457031250  +5.158e-05
  5772  +2.3463516362      9611  +2.3464355469  +8.391e-05
  5773  +2.3470515174      9614  +2.3471679688  +1.165e-04
  5774  +2.3477511899      9616  +2.3476562500  -9.494e-05
  5775  +2.3484506540      9619  +2.3483886719  -6.198e-05
  5776  +2.3491499099      9622  +2.3491210938  -2.882e-05
  5777  +2.3498489576      9625  +2.3498535156  +4.558e-06
  5778  +2.3505477975      9628  +2.3505859375  +3.814e-05
  5779  +2.3512464296      9631  +2.3513183594  +7.193e-05
  5780  +2.3519448542      9634  +2.3520507812  +1.059e-04
  5781  +2.3526430715      9636  +2.3525390625  -1.040e-04
  5782  +2.3533410816      9639  +2.3532714844  -6.960e-05
  5783  +2.3540388848      9642  +2.3540039062  -3.498e-05
  5784  +2.3547364811      9645  +2.3547363281  -1.530e-07
  5785  +2.3554338709      9648  +2.3554687500  +3.488e-05
  5786  +2.3561310543      9651  +2.3562011719  +7.012e-05
  5787  +2.3568280314      9654  +2.3569335938  +1.056e-04
  5788  +2.3575248024      9656  +2.3574218750  -1.029e-04
  5789  +2.3582213676      9659  +2.3581542969  -6.707e-05
  5790  +2.3589177271      9662  +2.3588867188  -3.101e-05
  5791  +2.3596138811      9665  +2.3596191406  +5.260e-06
  5792  +2.3603098297      9668  +2.3603515625  +4.173e-05
  5793  +2.3610055732      9671  +2.3610839844  +7.841e-05
  5794  +2.3617011118      9674  +2.3618164062  +1.153e-04
  5795  +2.3623964456      9676  +2.3623046875  -9.176e-05
  5796  +2.3630915747      9679  +2.3630371094  -5.447e-05
  5797  +2.3637864995      9682  +2.3637695312  -1.697e-05
  5798  +2.3644812200      9685  +2.3645019531  +2.073e-05
  5799  +2.3651757365      9688  +2.3652343750  +5.864e-05
  5800  +2.3658700490      9691  +2.3659667969  +9.675e-05
  5801  +2.3665641579      9693  +2.3664550781  -1.091e-04
  5802  +2.3672580633      9696  +2.3671875000  -7.056e-05
  5803  +2.3679517653      9699  +2.3679199219  -3.184e-05
  5804  +2.3686452641      9702  +2.3686523438  +7.080e-06
  5805  +2.3693385600      9705  +2.3693847656  +4.621e-05
  5806  +2.3700316531      9708  +2.3701171875  +8.553e-05
  5807  +2.3707245435      9710  +2.3706054688  -1.191e-04
  5808  +2.3714172315      9713  +2.3713378906  -7.934e-05
  5809  +2.3721097172      9716  +2.3720703125  -3.940e-05
  5810  +2.3728020008      9719  +2.3728027344  +7.336e-07
  5811  +2.3734940824      9722  +2.3735351562  +4.107e-05
  5812  +2.3741859624      9725  +2.3742675781  +8.162e-05
  5813  +2.3748776408      9727  +2.3747558594  -1.218e-04
  5814  +2.3755691177      9730  +2.3754882812  -8.084e-05
  5815  +2.3762603935      9733  +2.3762207031  -3.969e-05
  5816  +2.3769514682      9736  +2.3769531250  +1.657e-06
  5817  +2.3776423421      9739  +2.3776855469  +4.320e-05
  5818  +2.3783330153      9742  +2.3784179688  +8.495e-05
  5819  +2.3790234879      9744  +2.3789062500  -1.172e-04
  5820  +2.3797137602      9747  +2.3796386719  -7.509e-05
  5821  +2.3804038324      9750  +2.3803710938  -3.274e-05
  5822  +2.3810937045      9753  +2.3811035156  +9.811e-06
  5823  +2.3817833769      9756  +2.3818359375  +5.256e-05
  5824  +2.3824728496      9759  +2.3825683594  +9.551e-05
  5825  +2.3831621228      9761  +2.3830566406  -1.055e-04
  5826  +2.3838511967      9764  +2.3837890625  -6.213e-05
  5827  +2.3845400715      9767  +2.3845214844  -1.859e-05
  5828  +2.3852287474      9770  +2.3852539062  +2.516e-05
  5829  +2.3859172244      9773  +2.3859863281  +6.910e-05
  5830  +2.3866055029      9776  +2.3867187500  +1.132e-04
  5831  +2.3872935829      9778  +2.3872070312  -8.655e-05
  5832  +2.3879814647      9781  +2.3879394531  -4.201e-05
  5833  +2.3886691483      9784  +2.3886718750  +2.727e-06
  5834  +2.3893566341      9787  +2.3894042969  +4.766e-05
  5835  +2.3900439221      9790  +2.3901367188  +9.280e-05
  5836  +2.3907310125      9792  +2.3906250000  -1.060e-04
  5837  +2.3914179055      9795  +2.3913574219  -6.048e-05
  5838  +2.3921046012      9798  +2.3920898438  -1.476e-05
  5839  +2.3927910999      9801  +2.3928222656  +3.117e-05
  5840  +2.3934774017      9804  +2.3935546875  +7.729e-05
  5841  +2.3941635067      9806  +2.3940429688  -1.205e-04
  5842  +2.3948494152      9809  +2.3947753906  -7.402e-05
  5843  +2.3955351273      9812  +2.3955078125  -2.731e-05
  5844  +2.3962206431      9815  +2.3962402344  +1.959e-05
  5845  +2.3969059629      9818  +2.3969726562  +6.669e-05
  5846  +2.3975910869      9821  +2.3977050781  +1.140e-04
  5847  +2.3982760150      9823  +2.3981933594  -8.266e-05
  5848  +2.3989607477      9826  +2.3989257812  -3.497e-05
  5849  +2.3996452849      9829  +2.3996582031  +1.292e-05
  5850  +2.4003296270      9832  +2.4003906250  +6.100e-05
  5851  +2.4010137739      9835  +2.4011230469  +1.093e-04
  5852  +2.4016977260      9837  +2.4016113281  -8.640e-05
  5853  +2.4023814834      9840  +2.4023437500  -3.773e-05
  5854  +2.4030650462      9843  +2.4030761719  +1.113e-05
  5855  +2.4037484147      9846  +2.4038085938  +6.018e-05
  5856  +2.4044315889      9849  +2.4045410156  +1.094e-04
  5857  +2.4051145690      9851  +2.4050292969  -8.527e-05
  5858  +2.4057973553      9854  +2.4057617188  -3.564e-05
  5859  +2.4064799478      9857  +2.4064941406  +1.419e-05
  5860  +2.4071623468      9860  +2.4072265625  +6.422e-05
  5861  +2.4078445524      9863  +2.4079589844  +1.144e-04
  5862  +2.4085265647      9865  +2.4084472656  -7.930e-05
  5863  +2.4092083840      9868  +2.4091796875  -2.870e-05
  5864  +2.4098900104      9871  +2.4099121094  +2.210e-05
  5865  +2.4105714440      9874  +2.4106445312  +7.309e-05
  5866  +2.4112526851      9876  +2.4111328125  -1.199e-04
  5867  +2.4119337338      9879  +2.4118652344  -6.850e-05
  5868  +2.4126145901      9882  +2.4125976562  -1.693e-05
  5869  +2.4132952545      9885  +2.4133300781  +3.482e-05
  5870  +2.4139757268      9888  +2.4140625000  +8.677e-05
  5871  +2.4146560075      9890  +2.4145507812  -1.052e-04
  5872  +2.4153360965      9893  +2.4152832031  -5.289e-05
  5873  +2.4160159941      9896  +2.4160156250  -3.691e-07
  5874  +2.4166957003      9899  +2.4167480469  +5.235e-05
  5875  +2.4173752155      9902  +2.4174804688  +1.053e-04
  5876  +2.4180545398      9904  +2.4179687500  -8.579e-05
  5877  +2.4187336732      9907  +2.4187011719  -3.250e-05
  5878  +2.4194126160      9910  +2.4194335938  +2.098e-05
  5879  +2.4200913683      9913  +2.4201660156  +7.465e-05
  5880  +2.4207699303      9915  +2.4206542969  -1.156e-04
  5881  +2.4214483022      9918  +2.4213867188  -6.158e-05
  5882  +2.4221264841      9921  +2.4221191406  -7.343e-06
  5883  +2.4228044761      9924  +2.4228515625  +4.709e-05
  5884  +2.4234822784      9927  +2.4235839844  +1.017e-04
  5885  +2.4241598913      9929  +2.4240722656  -8.763e-05
  5886  +2.4248373148      9932  +2.4248046875  -3.263e-05
  5887  +2.4255145491      9935  +2.4255371094  +2.256e-05
  5888  +2.4261915943      9938  +2.4262695312  +7.794e-05
  5889  +2.4268684507      9940  +2.4267578125  -1.106e-04
  5890  +2.4275451183      9943  +2.4274902344  -5.488e-05
  5891  +2.4282215974      9946  +2.4282226562  +1.059e-06
  5892  +2.4288978881      9949  +2.4289550781  +5.719e-05
  5893  +2.4295739905      9952  +2.4296875000  +1.135e-04
  5894  +2.4302499048      9954  +2.4301757812  -7.412e-05
  5895  +2.4309256312      9957  +2.4309082031  -1.743e-05
  5896  +2.4316011698      9960  +2.4316406250  +3.946e-05
  5897  +2.4322765208      9963  +2.4323730469  +9.653e-05
  5898  +2.4329516843      9965  +2.4328613281  -9.036e-05
  5899  +2.4336266605      9968  +2.4335937500  -3.291e-05
  5900  +2.4343014495      9971  +2.4343261719  +2.472e-05
  5901  +2.4349760516      9974  +2.4350585938  +8.254e-05
  5902  +2.4356504668      9976  +2.4355468750  -1.036e-04
  5903  +2.4363246953      9979  +2.4362792969  -4.540e-05
  5904  +2.4369987373      9982  +2.4370117188  +1.298e-05
  5905  +2.4376725929      9985  +2.4377441406  +7.155e-05
  5906  +2.4383462623      9987  +2.4382324219  -1.138e-04
  5907  +2.4390197456      9990  +2.4389648438  -5.490e-05
  5908  +2.4396930430      9993  +2.4396972656  +4.223e-06
  5909  +2.4403661546      9996  +2.4404296875  +6.353e-05
  5910  +2.4410390806      9998  +2.4409179688  -1.211e-04
  5911  +2.4417118212     10001  +2.4416503906  -6.143e-05
  5912  +2.4423843764     10004  +2.4423828125  -1.564e-06
  5913  +2.4430567465     10007  +2.4431152344  +5.849e-05
  5914  +2.4437289317     10010  +2.4438476562  +1.187e-04
  5915  +2.4444009319     10012  +2.4443359375  -6.499e-05
  5916  +2.4450727475     10015  +2.4450683594  -4.388e-06
  5917  +2.4457443785     10018  +2.4458007812  +5.640e-05
  5918  +2.4464158252     10021  +2.4465332031  +1.174e-04
  5919  +2.4470870876     10023  +2.4470214844  -6.560e-05
  5920  +2.4477581659     10026  +2.4477539062  -4.260e-06
  5921  +2.4484290603     10029  +2.4484863281  +5.727e-05
  5922  +2.4490997709     10032  +2.4492187500  +1.190e-04
  5923  +2.4497702979     10034  +2.4497070312  -6.327e-05
  5924  +2.4504406414     10037  +2.4504394531  -1.188e-06
  5925  +2.4511108016     10040  +2.4511718750  +6.107e-05
  5926  +2.4517807786     10042  +2.4516601562  -1.206e-04
  5927  +2.4524505726     10045  +2.4523925781  -5.799e-05
  5928  +2.4531201837     10048  +2.4531250000  +4.816e-06
  5929  +2.4537896120     10051  +2.4538574219  +6.781e-05
  5930  +2.4544588578     10053  +2.4543457031  -1.132e-04
  5931  +2.4551279212     10056  +2.4550781250  -4.980e-05
  5932  +2.4557968022     10059  +2.4558105469  +1.374e-05
  5933  +2.4564655012     10062  +2.4565429688  +7.747e-05
  5934  +2.4571340181     10064  +2.4570312500  -1.028e-04
  5935  +2.4578023532     10067  +2.4577636719  -3.868e-05
  5936  +2.4584705067     10070  +2.4584960938  +2.559e-05
  5937  +2.4591384786     10073  +2.4592285156  +9.004e-05
  5938  +2.4598062691     10075  +2.4597167969  -8.947e-05
  5939  +2.4604738783     10078  +2.4604492188  -2.466e-05
  5940  +2.4611413065     10081  +2.4611816406  +4.033e-05
  5941  +2.4618085537     10084  +2.4619140625  +1.055e-04
  5942  +2.4624756201     10086  +2.4624023438  -7.328e-05
  5943  +2.4631425059     10089  +2.4631347656  -7.740e-06
  5944  +2.4638092111     10092  +2.4638671875  +5.798e-05
  5945  +2.4644757360     10094  +2.4643554688  -1.203e-04
  5946  +2.4651420807     10097  +2.4650878906  -5.419e-05
  5947  +2.4658082453     10100  +2.4658203125  +1.207e-05
  5948  +2.4664742300     10103  +2.4665527344  +7.850e-05
  5949  +2.4671400349     10105  +2.4670410156  -9.902e-05
  5950  +2.4678056602     10108  +2.4677734375  -3.222e-05
  5951  +2.4684711060     10111  +2.4685058594  +3.475e-05
  5952  +2.4691363724     10114  +2.4692382812  +1.019e-04
  5953  +2.4698014597     10116  +2.4697265625  -7.490e-05
  5954  +2.4704663679     10119  +2.4704589844  -7.383e-06
  5955  +2.4711310971     10122  +2.4711914062  +6.031e-05
  5956  +2.4717956477     10124  +2.4716796875  -1.160e-04
  5957  +2.4724600196     10127  +2.4724121094  -4.791e-05
  5958  +2.4731242130     10130  +2.4731445312  +2.032e-05
  5959  +2.4737882281     10133  +2.4738769531  +8.872e-05
  5960  +2.4744520650     10135  +2.4743652344  -8.683e-05
  5961  +2.4751157239     10138  +2.4750976562  -1.807e-05
  5962  +2.4757792049     10141  +2.4758300781  +5.087e-05
  5963  +2.4764425081     10144  +2.4765625000  +1.200e-04
  5964  +2.4771056337     10146  +2.4770507812  -5.485e-05
  5965  +2.4777685818     10149  +2.4777832031  +1.462e-05
  5966  +2.4784313526     10152  +2.4785156250  +8.427e-05
  5967  +2.4790939462     10154  +2.4790039062  -9.004e-05
  5968  +2.4797563628     10157  +2.4797363281  -2.003e-05
  5969  +2.4804186025     10160  +2.4804687500  +5.015e-05
  5970  +2.4810806654     10163  +2.4812011719  +1.205e-04
  5971  +2.4817425516     10165  +2.4816894531  -5.310e-05
  5972  +2.4824042614     10168  +2.4824218750  +1.761e-05
  5973  +2.4830657949     10171  +2.4831542969  +8.850e-05
  5974  +2.4837271522     10173  +2.4836425781  -8.457e-05
  5975  +2.4843883334     10176  +2.4843750000  -1.333e-05
  5976  +2.4850493387     10179  +2.4851074219  +5.808e-05
  5977  +2.4857101682     10181  +2.4855957031  -1.145e-04
  5978  +2.4863708220     10184  +2.4863281250  -4.270e-05
  5979  +2.4870313004     10187  +2.4870605469  +2.925e-05
  5980  +2.4876916034     10190  +2.4877929688  +1.014e-04
  5981  +2.4883517313     10192  +2.4882812500  -7.048e-05
  5982  +2.4890116840     10195  +2.4890136719  +1.988e-06
  5983  +2.4896714618     10198  +2.4897460938  +7.463e-05
  5984  +2.4903310648     10200  +2.4902343750  -9.669e-05
  5985  +2.4909904931     10203  +2.4909667969  -2.370e-05
  5986  +2.4916497469     10206  +2.4916992188  +4.947e-05
  5987  +2.4923088264     10208  +2.4921875000  -1.213e-04
  5988  +2.4929677315     10211  +2.4929199219  -4.781e-05
  5989  +2.4936264626     10214  +2.4936523438  +2.588e-05
  5990  +2.4942850197     10217  +2.4943847656  +9.975e-05
  5991  +2.4949434030     10219  +2.4948730469  -7.036e-05
  5992  +2.4956016126     10222  +2.4956054688  +3.856e-06
  5993  +2.4962596486     10225  +2.4963378906  +7.824e-05
  5994  +2.4969175113     10227  +2.4968261719  -9.134e-05
  5995  +2.4975752006     10230  +2.4975585938  -1.661e-05
  5996  +2.4982327168     10233  +2.4982910156  +5.830e-05
  5997  +2.4988900600     10235  +2.4987792969  -1.108e-04
  5998  +2.4995472303     10238  +2.4995117188  -3.551e-05
  5999  +2.5002042278     10241  +2.5002441406  +3.991e-05
  6000  +2.5008610528     10244  +2.5009765625  +1.155e-04
  6001  +2.5015177053     10246  +2.5014648438  -5.286e-05
  6002  +2.5021741855     10249  +2.5021972656  +2.308e-05
  6003  +2.5028304935     10252  +2.5029296875  +9.919e-05
  6004  +2.5034866295     10254  +2.5034179688  -6.866e-05
  6005  +2.5041425935     10257  +2.5041503906  +7.797e-06
  6006  +2.5047983857     10260  +2.5048828125  +8.443e-05
  6007  +2.5054540063     10262  +2.5053710938  -8.291e-05
  6008  +2.5061094553     10265  +2.5061035156  -5.940e-06
  6009  +2.5067647330     10268  +2.5068359375  +7.120e-05
  6010  +2.5074198395     10270  +2.5073242188  -9.562e-05
  6011  +2.5080747748     10273  +2.5080566406  -1.813e-05
  6012  +2.5087295391     10276  +2.5087890625  +5.952e-05
  6013  +2.5093841326     10278  +2.5092773438  -1.068e-04
  6014  +2.5100385554     10281  +2.5100097656  -2.879e-05
  6015  +2.5106928076     10284  +2.5107421875  +4.938e-05
  6016  +2.5113468894     10286  +2.5112304688  -1.164e-04
  6017  +2.5120008008     10289  +2.5119628906  -3.791e-05
  6018  +2.5126545421     10292  +2.5126953125  +4.077e-05
  6019  +2.5133081133     10295  +2.5134277344  +1.196e-04
  6020  +2.5139615147     10297  +2.5139160156  -4.550e-05
  6021  +2.5146147462     10300  +2.5146484375  +3.369e-05
  6022  +2.5152678081     10303  +2.5153808594  +1.131e-04
  6023  +2.5159207004     10305  +2.5158691406  -5.156e-05
  6024  +2.5165734234     10308  +2.5166015625  +2.814e-05
  6025  +2.5172259772     10311  +2.5173339844  +1.080e-04
  6026  +2.5178783618     10313  +2.5178222656  -5.610e-05
  6027  +2.5185305774     10316  +2.5185546875  +2.411e-05
  6028  +2.5191826242     10319  +2.5192871094  +1.045e-04
  6029  +2.5198345022     10321  +2.5197753906  -5.911e-05
  6030  +2.5204862116     10324  +2.5205078125  +2.160e-05
  6031  +2.5211377526     10327  +2.5212402344  +1.025e-04
  6032  +2.5217891252     10329  +2.5217285156  -6.061e-05
  6033  +2.5224403297     10332  +2.5224609375  +2.061e-05
  6034  +2.5230913660     10335  +2.5231933594  +1.020e-04
  6035  +2.5237422344     10337  +2.5236816406  -6.059e-05
  6036  +2.5243929350     10340  +2.5244140625  +2.113e-05
  6037  +2.5250434680     10343  +2.5251464844  +1.030e-04
  6038  +2.5256938333     10345  +2.5256347656  -5.907e-05
  6039  +2.5263440313     10348  +2.5263671875  +2.316e-05
  6040  +2.5269940619     10351  +2.5270996094  +1.055e-04
  6041  +2.5276439254     10353  +2.5275878906  -5.603e-05
  6042  +2.5282936218     10356  +2.5283203125  +2.669e-05
  6043  +2.5289431513     10359  +2.5290527344  +1.096e-04
  6044  +2.5295925141     10361  +2.5295410156  -5.150e-05
  6045  +2.5302417101     10364  +2.5302734375  +3.173e-05
  6046  +2.5308907397     10367  +2.5310058594  +1.151e-04
  6047  +2.5315396029     10369  +2.5314941406  -4.546e-05
  6048  +2.5321882998     10372  +2.5322265625  +3.826e-05
  6049  +2.5328368305     10374  +2.5327148438  -1.220e-04
  6050  +2.5334851953     10377  +2.5334472656  -3.793e-05
  6051  +2.5341333941     10380  +2.5341796875  +4.629e-05
  6052  +2.5347814272     10382  +2.5346679688  -1.135e-04
  6053  +2.5354292947     10385  +2.5354003906  -2.890e-05
  6054  +2.5360769967     10388  +2.5361328125  +5.582e-05
  6055  +2.5367245332     10390  +2.5366210938  -1.034e-04
  6056  +2.5373719046     10393  +2.5373535156  -1.839e-05
  6057  +2.5380191108     10396  +2.5380859375  +6.683e-05
  6058  +2.5386661520     10398  +2.5385742188  -9.193e-05
  6059  +2.5393130283     10401  +2.5393066406  -6.388e-06
  6060  +2.5399597399     10404  +2.5400390625  +7.932e-05
  6061  +2.5406062869     10406  +2.5405273438  -7.894e-05
  6062  +2.5412526694     10409  +2.5412597656  +7.096e-06
  6063  +2.5418988875     10412  +2.5419921875  +9.330e-05
  6064  +2.5425449414     10414  +2.5424804688  -6.447e-05
  6065  +2.5431908311     10417  +2.5432128906  +2.206e-05
  6066  +2.5438365569     10420  +2.5439453125  +1.088e-04
  6067  +2.5444821187     10422  +2.5444335938  -4.852e-05
  6068  +2.5451275169     10425  +2.5451660156  +3.850e-05
  6069  +2.5457727514     10427  +2.5456542969  -1.185e-04
  6070  +2.5464178224     10430  +2.5463867188  -3.110e-05
  6071  +2.5470627301     10433  +2.5471191406  +5.641e-05
  6072  +2.5477074745     10435  +2.5476074219  -1.001e-04
  6073  +2.5483520558     10438  +2.5483398438  -1.221e-05
  6074  +2.5489964740     10441  +2.5490722656  +7.579e-05
  6075  +2.5496407294     10443  +2.5495605469  -8.018e-05
  6076  +2.5502848221     10446  +2.5502929688  +8.147e-06
  6077  +2.5509287521     10449  +2.5510253906  +9.664e-05
  6078  +2.5515725196     10451  +2.5515136719  -5.885e-05
  6079  +2.5522161248     10454  +2.5522460938  +2.997e-05
  6080  +2.5528595676     10457  +2.5529785156  +1.189e-04
  6081  +2.5535028484     10459  +2.5534667969  -3.605e-05
  6082  +2.5541459671     10462  +2.5541992188  +5.325e-05
  6083  +2.5547889239     10464  +2.5546875000  -1.014e-04
  6084  +2.5554317190     10467  +2.5554199219  -1.180e-05
  6085  +2.5560743524     10470  +2.5561523438  +7.799e-05
  6086  +2.5567168243     10472  +2.5566406250  -7.620e-05
  6087  +2.5573591348     10475  +2.5573730469  +1.391e-05
  6088  +2.5580012840     10478  +2.5581054688  +1.042e-04
  6089  +2.5586432720     10480  +2.5585937500  -4.952e-05
  6090  +2.5592850990     10483  +2.5593261719  +4.107e-05
  6091  +2.5599267651     10485  +2.5598144531  -1.123e-04
  6092  +2.5605682704     10488  +2.5605468750  -2.140e-05
  6093  +2.5612096149     10491  +2.5612792969  +6.968e-05
  6094  +2.5618507990     10493  +2.5617675781  -8.322e-05
  6095  +2.5624918226     10496  +2.5625000000  +8.177e-06
  6096  +2.5631326859     10499  +2.5632324219  +9.974e-05
  6097  +2.5637733890     10501  +2.5637207031  -5.269e-05
  6098  +2.5644139320     10504  +2.5644531250  +3.919e-05
  6099  +2.5650543151     10506  +2.5649414062  -1.129e-04
  6100  +2.5656945383     10509  +2.5656738281  -2.071e-05
  6101  +2.5663346018     10512  +2.5664062500  +7.165e-05
  6102  +2.5669745057     10514  +2.5668945312  -7.997e-05
  6103  +2.5676142501     10517  +2.5676269531  +1.270e-05
  6104  +2.5682538352     10520  +2.5683593750  +1.055e-04
  6105  +2.5688932611     10522  +2.5688476562  -4.560e-05
  6106  +2.5695325278     10525  +2.5695800781  +4.755e-05
  6107  +2.5701716355     10527  +2.5700683594  -1.033e-04
  6108  +2.5708105843     10530  +2.5708007812  -9.803e-06
  6109  +2.5714493744     10533  +2.5715332031  +8.383e-05
  6110  +2.5720880058     10535  +2.5720214844  -6.652e-05
  6111  +2.5727264787     10538  +2.5727539062  +2.743e-05
  6112  +2.5733647932     10541  +2.5734863281  +1.215e-04
  6113  +2.5740029494     10543  +2.5739746094  -2.834e-05
  6114  +2.5746409474     10546  +2.5747070312  +6.608e-05
  6115  +2.5752787873     10548  +2.5751953125  -8.347e-05
  6116  +2.5759164694     10551  +2.5759277344  +1.127e-05
  6117  +2.5765539936     10554  +2.5766601562  +1.062e-04
  6118  +2.5771913600     10556  +2.5771484375  -4.292e-05
  6119  +2.5778285689     10559  +2.5778808594  +5.229e-05
  6120  +2.5784656204     10561  +2.5783691406  -9.648e-05
  6121  +2.5791025144     10564  +2.5791015625  -9.519e-07
  6122  +2.5797392513     10567  +2.5798339844  +9.473e-05
  6123  +2.5803758310     10569  +2.5803222656  -5.357e-05
  6124  +2.5810122537     10572  +2.5810546875  +4.243e-05
  6125  +2.5816485195     10574  +2.5815429688  -1.056e-04
  6126  +2.5822846286     10577  +2.5822753906  -9.238e-06
  6127  +2.5829205810     10580  +2.5830078125  +8.723e-05
  6128  +2.5835563768     10582  +2.5834960938  -6.028e-05
  6129  +2.5841920162     10585  +2.5842285156  +3.650e-05
  6130  +2.5848274993     10587  +2.5847167969  -1.107e-04
  6131  +2.5854628262     10590  +2.5854492188  -1.361e-05
  6132  +2.5860979971     10593  +2.5861816406  +8.364e-05
  6133  +2.5867330119     10595  +2.5866699219  -6.309e-05
  6134  +2.5873678709     10598  +2.5874023438  +3.447e-05
  6135  +2.5880025742     10600  +2.5878906250  -1.119e-04
  6136  +2.5886371219     10603  +2.5886230469  -1.408e-05
  6137  +2.5892715140     10606  +2.5893554688  +8.395e-05
  6138  +2.5899057508     10608  +2.5898437500  -6.200e-05
  6139  +2.5905398323     10611  +2.5905761719  +3.634e-05
  6140  +2.5911737586     10613  +2.5910644531  -1.093e-04
  6141  +2.5918075298     10616  +2.5917968750  -1.065e-05
  6142  +2.5924411462     10619  +2.5925292969  +8.815e-05
  6143  +2.5930746077     10621  +2.5930175781  -5.703e-05
  6144  +2.5937079144     10624  +2.5937500000  +4.209e-05
  6145  +2.5943410666     10626  +2.5942382812  -1.028e-04
  6146  +2.5949740643     10629  +2.5949707031  -3.361e-06
  6147  +2.5956069077     10632  +2.5957031250  +9.622e-05
  6148  +2.5962395968     10634  +2.5961914062  -4.819e-05
  6149  +2.5968721317     10637  +2.5969238281  +5.170e-05
  6150  +2.5975045126     10639  +2.5974121094  -9.240e-05
  6151  +2.5981367396     10642  +2.5981445312  +7.792e-06
  6152  +2.5987688127     10645  +2.5988769531  +1.081e-04
  6153  +2.5994007322     10647  +2.5993652344  -3.550e-05
  6154  +2.6000324981     10650  +2.6000976562  +6.516e-05
  6155  +2.6006641105     10652  +2.6005859375  -7.817e-05
  6156  +2.6012955696     10655  +2.6013183594  +2.279e-05
  6157  +2.6019268754     10657  +2.6018066406  -1.202e-04
  6158  +2.6025580281     10660  +2.6025390625  -1.897e-05
  6159  +2.6031890277     10663  +2.6032714844  +8.246e-05
  6160  +2.6038198745     10665  +2.6037597656  -6.011e-05
  6161  +2.6044505684     10668  +2.6044921875  +4.162e-05
  6162  +2.6050811097     10670  +2.6049804688  -1.006e-04
  6163  +2.6057114983     10673  +2.6057128906  +1.392e-06
  6164  +2.6063417345     10676  +2.6064453125  +1.036e-04
  6165  +2.6069718183     10678  +2.6069335938  -3.822e-05
  6166  +2.6076017499     10681  +2.6076660156  +6.427e-05
  6167  +2.6082315294     10683  +2.6081542969  -7.723e-05
  6168  +2.6088611568     10686  +2.6088867188  +2.556e-05
  6169  +2.6094906323     10688  +2.6093750000  -1.156e-04
  6170  +2.6101199560     10691  +2.6101074219  -1.253e-05
  6171  +2.6107491280     10694  +2.6108398438  +9.072e-05
  6172  +2.6113781484     10696  +2.6113281250  -5.002e-05
  6173  +2.6120070173     10699  +2.6120605469  +5.353e-05
  6174  +2.6126357348     10701  +2.6125488281  -8.691e-05
  6175  +2.6132643011     10704  +2.6132812500  +1.695e-05
  6176  +2.6138927163     10707  +2.6140136719  +1.210e-04
  6177  +2.6145209803     10709  +2.6145019531  -1.903e-05
  6178  +2.6151490935     10712  +2.6152343750  +8.528e-05
  6179  +2.6157770558     10714  +2.6157226562  -5.440e-05
  6180  +2.6164048674     10717  +2.6164550781  +5.021e-05
  6181  +2.6170325285     10719  +2.6169433594  -8.917e-05
  6182  +2.6176600390     10722  +2.6176757812  +1.574e-05
  6183  +2.6182873991     10725  +2.6184082031  +1.208e-04
  6184  +2.6189146089     10727  +2.6188964844  -1.812e-05
  6185  +2.6195416686     10730  +2.6196289062  +8.724e-05
  6186  +2.6201685781     10732  +2.6201171875  -5.139e-05
  6187  +2.6207953378     10735  +2.6208496094  +5.427e-05
  6188  +2.6214219475     10737  +2.6213378906  -8.406e-05
  6189  +2.6220484076     10740  +2.6220703125  +2.190e-05
  6190  +2.6226747180     10742  +2.6225585938  -1.161e-04
  6191  +2.6233008788     10745  +2.6232910156  -9.863e-06
  6192  +2.6239268903     10748  +2.6240234375  +9.655e-05
  6193  +2.6245527524     10750  +2.6245117188  -4.103e-05
  6194  +2.6251784653     10753  +2.6252441406  +6.568e-05
  6195  +2.6258040291     10755  +2.6257324219  -7.161e-05
  6196  +2.6264294439     10758  +2.6264648438  +3.540e-05
  6197  +2.6270547098     10760  +2.6269531250  -1.016e-04
  6198  +2.6276798269     10763  +2.6276855469  +5.720e-06
  6199  +2.6283047954     10766  +2.6284179688  +1.132e-04
  6200  +2.6289296153     10768  +2.6289062500  -2.337e-05
  6201  +2.6295542867     10771  +2.6296386719  +8.439e-05
  6202  +2.6301788097     10773  +2.6301269531  -5.186e-05
  6203  +2.6308031845     10776  +2.6308593750  +5.619e-05
  6204  +2.6314274112     10778  +2.6313476562  -7.975e-05
  6205  +2.6320514898     10781  +2.6320800781  +2.859e-05
  6206  +2.6326754205     10783  +2.6325683594  -1.071e-04
  6207  +2.6332992033     10786  +2.6333007812  +1.578e-06
  6208  +2.6339228384     10789  +2.6340332031  +1.104e-04
  6209  +2.6345463259     10791  +2.6345214844  -2.484e-05
  6210  +2.6351696659     10794  +2.6352539062  +8.424e-05
  6211  +2.6357928584     10796  +2.6357421875  -5.067e-05
  6212  +2.6364159037     10799  +2.6364746094  +5.871e-05
  6213  +2.6370388017     10801  +2.6369628906  -7.591e-05
  6214  +2.6376615526     10804  +2.6376953125  +3.376e-05
  6215  +2.6382841566     10806  +2.6381835938  -1.006e-04
  6216  +2.6389066136     10809  +2.6389160156  +9.402e-06
  6217  +2.6395289239     10812  +2.6396484375  +1.195e-04
  6218  +2.6401510874     10814  +2.6401367188  -1.437e-05
  6219  +2.6407731044     10817  +2.6408691406  +9.604e-05
  6220  +2.6413949750     10819  +2.6413574219  -3.755e-05
  6221  +2.6420166991     10822  +2.6420898438  +7.314e-05
  6222  +2.6426382770     10824  +2.6425781250  -6.015e-05
  6223  +2.6432597087     10827  +2.6433105469  +5.084e-05
  6224  +2.6438809943     10829  +2.6437988281  -8.217e-05
  6225  +2.6445021340     10832  +2.6445312500  +2.912e-05
  6226  +2.6451231278     10834  +2.6450195312  -1.036e-04
  6227  +2.6457439759     10837  +2.6457519531  +7.977e-06
  6228  +2.6463646783     10840  +2.6464843750  +1.197e-04
  6229  +2.6469852351     10842  +2.6469726562  -1.258e-05
  6230  +2.6476056465     10845  +2.6477050781  +9.943e-05
  6231  +2.6482259126     10847  +2.6481933594  -3.255e-05
  6232  +2.6488460334     10850  +2.6489257812  +7.975e-05
  6233  +2.6494660091     10852  +2.6494140625  -5.195e-05
  6234  +2.6500858397     10855  +2.6501464844  +6.064e-05
  6235  +2.6507055254     10857  +2.6506347656  -7.076e-05
  6236  +2.6513250663     10860  +2.6513671875  +4.212e-05
  6237  +2.6519444624     10862  +2.6518554688  -8.899e-05
  6238  +2.6525637139     10865  +2.6525878906  +2.418e-05
  6239  +2.6531828208     10867  +2.6530761719  -1.066e-04
  6240  +2.6538017834     10870  +2.6538085938  +6.810e-06
  6241  +2.6544206016     10873  +2.6545410156  +1.204e-04
  6242  +2.6550392755     10875  +2.6550292969  -9.979e-06
  6243  +2.6556578053     10878  +2.6557617188  +1.039e-04
  6244  +2.6562761912     10880  +2.6562500000  -2.619e-05
  6245  +2.6568944330     10883  +2.6569824219  +8.799e-05
  6246  +2.6575125311     10885  +2.6574707031  -4.183e-05
  6247  +2.6581304854     10888  +2.6582031250  +7.264e-05
  6248  +2.6587482961     10890  +2.6586914062  -5.689e-05
  6249  +2.6593659633     10893  +2.6594238281  +5.786e-05
  6250  +2.6599834870     10895  +2.6599121094  -7.138e-05
  6251  +2.6606008674     10898  +2.6606445312  +4.366e-05
  6252  +2.6612181046     10900  +2.6611328125  -8.529e-05
  6253  +2.6618351987     10903  +2.6618652344  +3.004e-05
  6254  +2.6624521497     10905  +2.6623535156  -9.863e-05
  6255  +2.6630689578     10908  +2.6630859375  +1.698e-05
  6256  +2.6636856231     10910  +2.6635742188  -1.114e-04
  6257  +2.6643021456     10913  +2.6643066406  +4.495e-06
  6258  +2.6649185256     10916  +2.6650390625  +1.205e-04
  6259  +2.6655347629     10918  +2.6655273438  -7.419e-06
  6260  +2.6661508579     10921  +2.6662597656  +1.089e-04
  6261  +2.6667668105     10923  +2.6667480469  -1.876e-05
  6262  +2.6673826209     10926  +2.6674804688  +9.785e-05
  6263  +2.6679982891     10928  +2.6679687500  -2.954e-05
  6264  +2.6686138153     10931  +2.6687011719  +8.736e-05
  6265  +2.6692291996     10933  +2.6691894531  -3.975e-05
  6266  +2.6698444420     10936  +2.6699218750  +7.743e-05
  6267  +2.6704595427     10938  +2.6704101562  -4.939e-05
  6268  +2.6710745017     10941  +2.6711425781  +6.808e-05
  6269  +2.6716893192     10943  +2.6716308594  -5.846e-05
  6270  +2.6723039952     10946  +2.6723632812  +5.929e-05
  6271  +2.6729185299     10948  +2.6728515625  -6.697e-05
  6272  +2.6735329233     10951  +2.6735839844  +5.106e-05
  6273  +2.6741471756     10953  +2.6740722656  -7.491e-05
  6274  +2.6747612868     10956  +2.6748046875  +4.340e-05
  6275  +2.6753752570     10958  +2.6752929688  -8.229e-05
  6276  +2.6759890864     10961  +2.6760253906  +3.630e-05
  6277  +2.6766027750     10963  +2.6765136719  -8.910e-05
  6278  +2.6772163229     10966  +2.6772460938  +2.977e-05
  6279  +2.6778297302     10968  +2.6777343750  -9.536e-05
  6280  +2.6784429971     10971  +2.6784667969  +2.380e-05
  6281  +2.6790561236     10973  +2.6789550781  -1.010e-04
  6282  +2.6796691098     10976  +2.6796875000  +1.839e-05
  6283  +2.6802819558     10978  +2.6801757812  -1.062e-04
  6284  +2.6808946617     10981  +2.6809082031  +1.354e-05
  6285  +2.6815072276     10983  +2.6813964844  -1.107e-04
  6286  +2.6821196536     10986  +2.6821289062  +9.253e-06
  6287  +2.6827319398     10988  +2.6826171875  -1.148e-04
  6288  +2.6833440863     10991  +2.6833496094  +5.523e-06
  6289  +2.6839560931     10993  +2.6838378906  -1.182e-04
  6290  +2.6845679605     10996  +2.6845703125  +2.352e-06
  6291  +2.6851796884     10998  +2.6850585938  -1.211e-04
  6292  +2.6857912770     11001  +2.6857910156  -2.614e-07
  6293  +2.6864027264     11004  +2.6865234375  +1.207e-04
  6294  +2.6870140366     11006  +2.6870117188  -2.318e-06
  6295  +2.6876252078     11009  +2.6877441406  +1.189e-04
  6296  +2.6882362400     11011  +2.6882324219  -3.818e-06
  6297  +2.6888471334     11014  +2.6889648438  +1.177e-04
  6298  +2.6894578880     11016  +2.6894531250  -4.763e-06
  6299  +2.6900685039     11019  +2.6901855469  +1.170e-04
  6300  +2.6906789813     11021  +2.6906738281  -5.153e-06
  6301  +2.6912893202     11024  +2.6914062500  +1.169e-04
  6302  +2.6918995207     11026  +2.6918945312  -4.989e-06
  6303  +2.6925095829     11029  +2.6926269531  +1.174e-04
  6304  +2.6931195069     11031  +2.6931152344  -4.273e-06
  6305  +2.6937292929     11034  +2.6938476562  +1.184e-04
  6306  +2.6943389408     11036  +2.6943359375  -3.003e-06
  6307  +2.6949484508     11039  +2.6950683594  +1.199e-04
  6308  +2.6955578230     11041  +2.6955566406  -1.182e-06
  6309  +2.6961670574     11044  +2.6962890625  +1.220e-04
  6310  +2.6967761543     11046  +2.6967773438  +1.189e-06
  6311  +2.6973851135     11048  +2.6972656250  -1.195e-04
  6312  +2.6979939354     11051  +2.6979980469  +4.111e-06
  6313  +2.6986026199     11053  +2.6984863281  -1.163e-04
  6314  +2.6992111671     11056  +2.6992187500  +7.583e-06
  6315  +2.6998195771     11058  +2.6997070312  -1.125e-04
  6316  +2.7004278501     11061  +2.7004394531  +1.160e-05
  6317  +2.7010359861     11063  +2.7009277344  -1.083e-04
  6318  +2.7016439852     11066  +2.7016601562  +1.617e-05
  6319  +2.7022518475     11068  +2.7021484375  -1.034e-04
  6320  +2.7028595731     11071  +2.7028808594  +2.129e-05
  6321  +2.7034671621     11073  +2.7033691406  -9.802e-05
  6322  +2.7040746146     11076  +2.7041015625  +2.695e-05
  6323  +2.7046819306     11078  +2.7045898438  -9.209e-05
  6324  +2.7052891103     11081  +2.7053222656  +3.316e-05
  6325  +2.7058961538     11083  +2.7058105469  -8.561e-05
  6326  +2.7065030611     11086  +2.7065429688  +3.991e-05
  6327  +2.7071098323     11088  +2.7070312500  -7.858e-05
  6328  +2.7077164676     11091  +2.7077636719  +4.720e-05
  6329  +2.7083229669     11093  +2.7082519531  -7.101e-05
  6330  +2.7089293305     11096  +2.7089843750  +5.504e-05
  6331  +2.7095355584     11098  +2.7094726562  -6.290e-05
  6332  +2.7101416507     11101  +2.7102050781  +6.343e-05
  6333  +2.7107476075     11103  +2.7106933594  -5.425e-05
  6334  +2.7113534289     11106  +2.7114257812  +7.235e-05
  6335  +2.7119591149     11108  +2.7119140625  -4.505e-05
  6336  +2.7125646656     11111  +2.7126464844  +8.182e-05
  6337  +2.7131700813     11113  +2.7131347656  -3.532e-05
  6338  +2.7137753618     11116  +2.7138671875  +9.183e-05
  6339  +2.7143805074     11118  +2.7143554688  -2.504e-05
  6340  +2.7149855181     11121  +2.7150878906  +1.024e-04
  6341  +2.7155903940     11123  +2.7155761719  -1.422e-05
  6342  +2.7161951353     11126  +2.7163085938  +1.135e-04
  6343  +2.7167997419     11128  +2.7167968750  -2.867e-06
  6344  +2.7174042139     11130  +2.7172851562  -1.191e-04
  6345  +2.7180085516     11133  +2.7180175781  +9.027e-06
  6346  +2.7186127549     11135  +2.7185058594  -1.069e-04
  6347  +2.7192168240     11138  +2.7192382812  +2.146e-05
  6348  +2.7198207589     11140  +2.7197265625  -9.420e-05
  6349  +2.7204245597     11143  +2.7204589844  +3.442e-05
  6350  +2.7210282265     11145  +2.7209472656  -8.096e-05
  6351  +2.7216317595     11148  +2.7216796875  +4.793e-05
  6352  +2.7222351586     11150  +2.7221679688  -6.719e-05
  6353  +2.7228384240     11153  +2.7229003906  +6.197e-05
  6354  +2.7234415558     11155  +2.7233886719  -5.288e-05
  6355  +2.7240445540     11158  +2.7241210938  +7.654e-05
  6356  +2.7246474188     11160  +2.7246093750  -3.804e-05
  6357  +2.7252501503     11163  +2.7253417969  +9.165e-05
  6358  +2.7258527484     11165  +2.7258300781  -2.267e-05
  6359  +2.7264552134     11168  +2.7265625000  +1.073e-04
  6360  +2.7270575453     11170  +2.7270507812  -6.764e-06
  6361  +2.7276597442     11172  +2.7275390625  -1.207e-04
  6362  +2.7282618101     11175  +2.7282714844  +9.674e-06
  6363  +2.7288637432     11177  +2.7287597656  -1.040e-04
  6364  +2.7294655436     11180  +2.7294921875  +2.664e-05
  6365  +2.7300672113     11182  +2.7299804688  -8.674e-05
  6366  +2.7306687464     11185  +2.7307128906  +4.414e-05
  6367  +2.7312701491     11187  +2.7312011719  -6.898e-05
  6368  +2.7318714194     11190  +2.7319335938  +6.217e-05
  6369  +2.7324725573     11192  +2.7324218750  -5.068e-05
  6370  +2.7330735631     11195  +2.7331542969  +8.073e-05
  6371  +2.7336744367     11197  +2.7336425781  -3.186e-05
  6372  +2.7342751782     11200  +2.7343750000  +9.982e-05
  6373  +2.7348757878     11202  +2.7348632812  -1.251e-05
  6374  +2.7354762656     11205  +2.7355957031  +1.194e-04
  6375  +2.7360766115     11207  +2.7360839844  +7.373e-06
  6376  +2.7366768258     11209  +2.7365722656  -1.046e-04
  6377  +2.7372769084     11212  +2.7373046875  +2.778e-05
  6378  +2.7378768595     11214  +2.7377929688  -8.389e-05
  6379  +2.7384766792     11217  +2.7385253906  +4.871e-05
  6380  +2.7390763675     11219  +2.7390136719  -6.270e-05
  6381  +2.7396759245     11222  +2.7397460938  +7.017e-05
  6382  +2.7402753504     11224  +2.7402343750  -4.098e-05
  6383  +2.7408746452     11227  +2.7409667969  +9.215e-05
  6384  +2.7414738090     11229  +2.7414550781  -1.873e-05
  6385  +2.7420728418     11232  +2.7421875000  +1.147e-04
  6386  +2.7426717438     11234  +2.7426757812  +4.037e-06
  6387  +2.7432705151     11236  +2.7431640625  -1.065e-04
  6388  +2.7438691557     11239  +2.7438964844  +2.733e-05
  6389  +2.7444676657     11241  +2.7443847656  -8.290e-05
  6390  +2.7450660452     11244  +2.7451171875  +5.114e-05
  6391  +2.7456642944     11246  +2.7456054688  -5.883e-05
  6392  +2.7462624132     11249  +2.7463378906  +7.548e-05
  6393  +2.7468604017     11251  +2.7468261719  -3.423e-05
  6394  +2.7474582601     11254  +2.7475585938  +1.003e-04
  6395  +2.7480559885     11256  +2.7480468750  -9.113e-06
  6396  +2.7486535868     11258  +2.7485351562  -1.184e-04
  6397  +2.7492510553     11261  +2.7492675781  +1.652e-05
  6398  +2.7498483939     11263  +2.7497558594  -9.253e-05
  6399  +2.7504456028     11266  +2.7504882812  +4.268e-05
  6400  +2.7510426821     11268  +2.7509765625  -6.612e-05
  6401  +2.7516396318     11271  +2.7517089844  +6.935e-05
  6402  +2.7522364520     11273  +2.7521972656  -3.919e-05
  6403  +2.7528331428     11276  +2.7529296875  +9.654e-05
  6404  +2.7534297044     11278  +2.7534179688  -1.174e-05
  6405  +2.7540261367     11280  +2.7539062500  -1.199e-04
  6406  +2.7546224398     11283  +2.7546386719  +1.623e-05
  6407  +2.7552186140     11285  +2.7551269531  -9.166e-05
  6408  +2.7558146591     11288  +2.7558593750  +4.472e-05
  6409  +2.7564105753     11290  +2.7563476562  -6.292e-05
  6410  +2.7570063628     11293  +2.7570800781  +7.372e-05
  6411  +2.7576020215     11295  +2.7575683594  -3.366e-05
  6412  +2.7581975516     11298  +2.7583007812  +1.032e-04
  6413  +2.7587929531     11300  +2.7587890625  -3.891e-06
  6414  +2.7593882262     11302  +2.7592773438  -1.109e-04
  6415  +2.7599833708     11305  +2.7600097656  +2.639e-05
  6416  +2.7605783872     11307  +2.7604980469  -8.034e-05
  6417  +2.7611732754     11310  +2.7612304688  +5.719e-05
  6418  +2.7617680354     11312  +2.7617187500  -4.929e-05
  6419  +2.7623626673     11315  +2.7624511719  +8.850e-05
  6420  +2.7629571713     11317  +2.7629394531  -1.772e-05
  6421  +2.7635515473     11320  +2.7636718750  +1.203e-04
  6422  +2.7641457956     11322  +2.7641601562  +1.436e-05
  6423  +2.7647399162     11324  +2.7646484375  -9.148e-05
  6424  +2.7653339091     11327  +2.7653808594  +4.695e-05
  6425  +2.7659277744     11329  +2.7658691406  -5.863e-05
  6426  +2.7665215123     11332  +2.7666015625  +8.005e-05
  6427  +2.7671151227     11334  +2.7670898438  -2.528e-05
  6428  +2.7677086059     11337  +2.7678222656  +1.137e-04
  6429  +2.7683019618     11339  +2.7683105469  +8.585e-06
  6430  +2.7688951905     11341  +2.7687988281  -9.636e-05
  6431  +2.7694882922     11344  +2.7695312500  +4.296e-05
  6432  +2.7700812669     11346  +2.7700195312  -6.174e-05
  6433  +2.7706741147     11349  +2.7707519531  +7.784e-05
  6434  +2.7712668357     11351  +2.7712402344  -2.660e-05
  6435  +2.7718594299     11354  +2.7719726562  +1.132e-04
  6436  +2.7724518974     11356  +2.7724609375  +9.040e-06
  6437  +2.7730442384     11358  +2.7729492188  -9.502e-05
  6438  +2.7736364529     11361  +2.7736816406  +4.519e-05
  6439  +2.7742285409     11363  +2.7741699219  -5.862e-05
  6440  +2.7748205026     11366  +2.7749023438  +8.184e-05
  6441  +2.7754123381     11368  +2.7753906250  -2.171e-05
  6442  +2.7760040474     11371  +2.7761230469  +1.190e-04
  6443  +2.7765956306     11373  +2.7766113281  +1.570e-05
  6444  +2.7771870877     11375  +2.7770996094  -8.748e-05
  6445  +2.7777784190     11378  +2.7778320312  +5.361e-05
  6446  +2.7783696243     11380  +2.7783203125  -4.931e-05
  6447  +2.7789607039     11383  +2.7790527344  +9.203e-05
  6448  +2.7795516578     11385  +2.7795410156  -1.064e-05
  6449  +2.7801424861     11387  +2.7800292969  -1.132e-04
  6450  +2.7807331889     11390  +2.7807617188  +2.853e-05
  6451  +2.7813237662     11392  +2.7812500000  -7.377e-05
  6452  +2.7819142181     11395  +2.7819824219  +6.820e-05
  6453  +2.7825045447     11397  +2.7824707031  -3.384e-05
  6454  +2.7830947462     11400  +2.7832031250  +1.084e-04
  6455  +2.7836848224     11402  +2.7836914062  +6.584e-06
  6456  +2.7842747737     11404  +2.7841796875  -9.509e-05
  6457  +2.7848645999     11407  +2.7849121094  +4.751e-05
  6458  +2.7854543013     11409  +2.7854003906  -5.391e-05
  6459  +2.7860438778     11412  +2.7861328125  +8.893e-05
  6460  +2.7866333296     11414  +2.7866210938  -1.224e-05
  6461  +2.7872226567     11416  +2.7871093750  -1.133e-04
  6462  +2.7878118593     11419  +2.7878417969  +2.994e-05
  6463  +2.7884009373     11421  +2.7883300781  -7.086e-05
  6464  +2.7889898910     11424  +2.7890625000  +7.261e-05
  6465  +2.7895787203     11426  +2.7895507812  -2.794e-05
  6466  +2.7901674253     11429  +2.7902832031  +1.158e-04
  6467  +2.7907560061     11431  +2.7907714844  +1.548e-05
  6468  +2.7913444628     11433  +2.7912597656  -8.470e-05
  6469  +2.7919327955     11436  +2.7919921875  +5.939e-05
  6470  +2.7925210043     11438  +2.7924804688  -4.054e-05
  6471  +2.7931090892     11441  +2.7932128906  +1.038e-04
  6472  +2.7936970502     11443  +2.7937011719  +4.122e-06
  6473  +2.7942848876     11445  +2.7941894531  -9.543e-05
  6474  +2.7948726013     11448  +2.7949218750  +4.927e-05
  6475  +2.7954601915     11450  +2.7954101562  -5.004e-05
  6476  +2.7960476582     11453  +2.7961425781  +9.492e-05
  6477  +2.7966350015     11455  +2.7966308594  -4.142e-06
  6478  +2.7972222214     11457  +2.7971191406  -1.031e-04
  6479  +2.7978093181     11460  +2.7978515625  +4.224e-05
  6480  +2.7983962917     11462  +2.7983398438  -5.645e-05
  6481  +2.7989831421     11465  +2.7990722656  +8.912e-05
  6482  +2.7995698695     11467  +2.7995605469  -9.323e-06
  6483  +2.8001564740     11469  +2.8000488281  -1.076e-04
  6484  +2.8007429556     11472  +2.8007812500  +3.829e-05
  6485  +2.8013293145     11474  +2.8012695312  -5.978e-05
  6486  +2.8019155506     11477  +2.8020019531  +8.640e-05
  6487  +2.8025016641     11479  +2.8024902344  -1.143e-05
  6488  +2.8030876550     11481  +2.8029785156  -1.091e-04
  6489  +2.8036735235     11484  +2.8037109375  +3.741e-05
  6490  +2.8042592696     11486  +2.8041992188  -6.005e-05
  6491  +2.8048448933     11489  +2.8049316406  +8.675e-05
  6492  +2.8054303948     11491  +2.8054199219  -1.047e-05
  6493  +2.8060157742     11493  +2.8059082031  -1.076e-04
  6494  +2.8066010314     11496  +2.8066406250  +3.959e-05
  6495  +2.8071861666     11498  +2.8071289062  -5.726e-05
  6496  +2.8077711799     11501  +2.8078613281  +9.015e-05
  6497  +2.8083560713     11503  +2.8083496094  -6.462e-06
  6498  +2.8089408409     11505  +2.8088378906  -1.030e-04
  6499  +2.8095254888     11508  +2.8095703125  +4.482e-05
  6500  +2.8101100151     11510  +2.8100585938  -5.142e-05
  6501  +2.8106944198     11513  +2.8107910156  +9.660e-05
  6502  +2.8112787030     11515  +2.8112792969  +5.939e-07
  6503  +2.8118628648     11517  +2.8117675781  -9.529e-05
  6504  +2.8124469053     11520  +2.8125000000  +5.309e-05
  6505  +2.8130308245     11522  +2.8129882812  -4.254e-05
  6506  +2.8136146226     11525  +2.8137207031  +1.061e-04
  6507  +2.8141982995     11527  +2.8142089844  +1.068e-05
  6508  +2.8147818554     11529  +2.8146972656  -8.459e-05
  6509  +2.8153652904     11532  +2.8154296875  +6.440e-05
  6510  +2.8159486044     11534  +2.8159179688  -3.064e-05
  6511  +2.8165317977     11537  +2.8166503906  +1.186e-04
  6512  +2.8171148702     11539  +2.8171386719  +2.380e-05
  6513  +2.8176978221     11541  +2.8176269531  -7.087e-05
  6514  +2.8182806533     11544  +2.8183593750  +7.872e-05
  6515  +2.8188633641     11546  +2.8188476562  -1.571e-05
  6516  +2.8194459545     11548  +2.8193359375  -1.100e-04
  6517  +2.8200284245     11551  +2.8200683594  +3.993e-05
  6518  +2.8206107742     11553  +2.8205566406  -5.413e-05
  6519  +2.8211930037     11556  +2.8212890625  +9.606e-05
  6520  +2.8217751130     11558  +2.8217773438  +2.231e-06
  6521  +2.8223571023     11560  +2.8222656250  -9.148e-05
  6522  +2.8229389717     11563  +2.8229980469  +5.908e-05
  6523  +2.8235207211     11565  +2.8234863281  -3.439e-05
  6524  +2.8241023506     11568  +2.8242187500  +1.164e-04
  6525  +2.8246838604     11570  +2.8247070312  +2.317e-05
  6526  +2.8252652506     11572  +2.8251953125  -6.994e-05
  6527  +2.8258465211     11575  +2.8259277344  +8.121e-05
  6528  +2.8264276720     11577  +2.8264160156  -1.166e-05
  6529  +2.8270087035     11579  +2.8269042969  -1.044e-04
  6530  +2.8275896156     11582  +2.8276367188  +4.710e-05
  6531  +2.8281704084     11584  +2.8281250000  -4.541e-05
  6532  +2.8287510819     11587  +2.8288574219  +1.063e-04
  6533  +2.8293316363     11589  +2.8293457031  +1.407e-05
  6534  +2.8299120715     11591  +2.8298339844  -7.809e-05
  6535  +2.8304923878     11594  +2.8305664062  +7.402e-05
  6536  +2.8310725851     11596  +2.8310546875  -1.790e-05
  6537  +2.8316526635     11598  +2.8315429688  -1.097e-04
  6538  +2.8322326230     11601  +2.8322753906  +4.277e-05
  6539  +2.8328124639     11603  +2.8327636719  -4.879e-05
  6540  +2.8333921861     11606  +2.8334960938  +1.039e-04
  6541  +2.8339717897     11608  +2.8339843750  +1.259e-05
  6542  +2.8345512748     11610  +2.8344726562  -7.862e-05
  6543  +2.8351306414     11613  +2.8352050781  +7.444e-05
  6544  +2.8357098897     11615  +2.8356933594  -1.653e-05
  6545  +2.8362890197     11617  +2.8361816406  -1.074e-04
  6546  +2.8368680314     11620  +2.8369140625  +4.603e-05
  6547  +2.8374469250     11622  +2.8374023438  -4.458e-05
  6548  +2.8380257005     11625  +2.8381347656  +1.091e-04
  6549  +2.8386043580     11627  +2.8386230469  +1.869e-05
  6550  +2.8391828976     11629  +2.8391113281  -7.157e-05
  6551  +2.8397613193     11632  +2.8398437500  +8.243e-05
  6552  +2.8403396232     11634  +2.8403320312  -7.592e-06
  6553  +2.8409178094     11636  +2.8408203125  -9.750e-05
  6554  +2.8414958779     11639  +2.8415527344  +5.686e-05
  6555  +2.8420738289     11641  +2.8420410156  -3.281e-05
  6556  +2.8426516624     11644  +2.8427734375  +1.218e-04
  6557  +2.8432293784     11646  +2.8432617188  +3.234e-05
  6558  +2.8438069770     11648  +2.8437500000  -5.698e-05
  6559  +2.8443844584     11651  +2.8444824219  +9.796e-05
  6560  +2.8449618226     11653  +2.8449707031  +8.881e-06
  6561  +2.8455390696     11655  +2.8454589844  -8.009e-05
  6562  +2.8461161995     11658  +2.8461914062  +7.521e-05
  6563  +2.8466932124     11660  +2.8466796875  -1.352e-05
  6564  +2.8472701084     11662  +2.8471679688  -1.021e-04
  6565  +2.8478468875     11665  +2.8479003906  +5.350e-05
  6566  +2.8484235498     11667  +2.8483886719  -3.488e-05
  6567  +2.8490000955     11670  +2.8491210938  +1.210e-04
  6568  +2.8495765244     11672  +2.8496093750  +3.285e-05
  6569  +2.8501528368     11674  +2.8500976562  -5.518e-05
  6570  +2.8507290327     11677  +2.8508300781  +1.010e-04
  6571  +2.8513051121     11679  +2.8513183594  +1.325e-05
  6572  +2.8518810752     11681  +2.8518066406  -7.443e-05
  6573  +2.8524569219     11684  +2.8525390625  +8.214e-05
  6574  +2.8530326525     11686  +2.8530273438  -5.309e-06
  6575  +2.8536082668     11688  +2.8535156250  -9.264e-05
  6576  +2.8541837651     11691  +2.8542480469  +6.428e-05
  6577  +2.8547591474     11693  +2.8547363281  -2.282e-05
  6578  +2.8553344137     11695  +2.8552246094  -1.098e-04
  6579  +2.8559095642     11698  +2.8559570312  +4.747e-05
  6580  +2.8564845989     11700  +2.8564453125  -3.929e-05
  6581  +2.8570595178     11703  +2.8571777344  +1.182e-04
  6582  +2.8576343210     11705  +2.8576660156  +3.169e-05
  6583  +2.8582090087     11707  +2.8581542969  -5.471e-05
  6584  +2.8587835808     11710  +2.8588867188  +1.031e-04
  6585  +2.8593580375     11712  +2.8593750000  +1.696e-05
  6586  +2.8599323787     11714  +2.8598632812  -6.910e-05
  6587  +2.8605066047     11717  +2.8605957031  +8.910e-05
  6588  +2.8610807154     11719  +2.8610839844  +3.269e-06
  6589  +2.8616547110     11721  +2.8615722656  -8.245e-05
  6590  +2.8622285914     11724  +2.8623046875  +7.610e-05
  6591  +2.8628023568     11726  +2.8627929688  -9.388e-06
  6592  +2.8633760072     11728  +2.8632812500  -9.476e-05
  6593  +2.8639495427     11731  +2.8640136719  +6.413e-05
  6594  +2.8645229634     11733  +2.8645019531  -2.101e-05
  6595  +2.8650962693     11735  +2.8649902344  -1.060e-04
  6596  +2.8656694605     11738  +2.8657226562  +5.320e-05
  6597  +2.8662425371     11740  +2.8662109375  -3.160e-05
  6598  +2.8668154991     11742  +2.8666992188  -1.163e-04
  6599  +2.8673883467     11745  +2.8674316406  +4.329e-05
  6600  +2.8679610798     11747  +2.8679199219  -4.116e-05
  6601  +2.8685336986     11750  +2.8686523438  +1.186e-04
  6602  +2.8691062030     11752  +2.8691406250  +3.442e-05
  6603  +2.8696785933     11754  +2.8696289062  -4.969e-05
  6604  +2.8702508694     11757  +2.8703613281  +1.105e-04
  6605  +2.8708230315     11759  +2.8708496094  +2.658e-05
  6606  +2.8713950795     11761  +2.8713378906  -5.719e-05
  6607  +2.8719670136     11764  +2.8720703125  +1.033e-04
  6608  +2.8725388338     11766  +2.8725585938  +1.976e-05
  6609  +2.8731105402     11768  +2.8730468750  -6.367e-05
  6610  +2.8736821329     11771  +2.8737792969  +9.716e-05
  6611  +2.8742536119     11773  +2.8742675781  +1.397e-05
  6612  +2.8748249773     11775  +2.8747558594  -6.912e-05
  6613  +2.8753962292     11778  +2.8754882812  +9.205e-05
  6614  +2.8759673676     11780  +2.8759765625  +9.195e-06
  6615  +2.8765383926     11782  +2.8764648438  -7.355e-05
  6616  +2.8771093042     11785  +2.8771972656  +8.796e-05
  6617  +2.8776801026     11787  +2.8776855469  +5.444e-06
  6618  +2.8782507878     11789  +2.8781738281  -7.696e-05
  6619  +2.8788213599     11792  +2.8789062500  +8.489e-05
  6620  +2.8793918189     11794  +2.8793945312  +2.712e-06
  6621  +2.8799621649     11796  +2.8798828125  -7.935e-05
  6622  +2.8805323980     11799  +2.8806152344  +8.284e-05
  6623  +2.8811025182     11801  +2.8811035156  +9.974e-07
  6624  +2.8816725257     11803  +2.8815917969  -8.073e-05
  6625  +2.8822424204     11806  +2.8823242188  +8.180e-05
  6626  +2.8828122024     11808  +2.8828125000  +2.976e-07
  6627  +2.8833818718     11810  +2.8833007812  -8.109e-05
  6628  +2.8839514288     11813  +2.8840332031  +8.177e-05
  6629  +2.8845208732     11815  +2.8845214844  +6.112e-07
  6630  +2.8850902053     11817  +2.8850097656  -8.044e-05
  6631  +2.8856594250     11820  +2.8857421875  +8.276e-05
  6632  +2.8862285325     11822  +2.8862304688  +1.936e-06
  6633  +2.8867975278     11824  +2.8867187500  -7.878e-05
  6634  +2.8873664109     11827  +2.8874511719  +8.476e-05
  6635  +2.8879351820     11829  +2.8879394531  +4.271e-06
  6636  +2.8885038411     11831  +2.8884277344  -7.611e-05
  6637  +2.8890723883     11834  +2.8891601562  +8.777e-05
  6638  +2.8896408236     11836  +2.8896484375  +7.614e-06
  6639  +2.8902091471     11838  +2.8901367188  -7.243e-05
  6640  +2.8907773589     11841  +2.8908691406  +9.178e-05
  6641  +2.8913454590     11843  +2.8913574219  +1.196e-05
  6642  +2.8919134475     11845  +2.8918457031  -6.774e-05
  6643  +2.8924813244     11848  +2.8925781250  +9.680e-05
  6644  +2.8930490899     11850  +2.8930664062  +1.732e-05
  6645  +2.8936167440     11852  +2.8935546875  -6.206e-05
  6646  +2.8941842868     11855  +2.8942871094  +1.028e-04
  6647  +2.8947517183     11857  +2.8947753906  +2.367e-05
  6648  +2.8953190386     11859  +2.8952636719  -5.537e-05
  6649  +2.8958862477     11862  +2.8959960938  +1.098e-04
  6650  +2.8964533458     11864  +2.8964843750  +3.103e-05
  6651  +2.8970203328     11866  +2.8969726562  -4.768e-05
  6652  +2.8975872089     11869  +2.8977050781  +1.179e-04
  6653  +2.8981539742     11871  +2.8981933594  +3.939e-05
  6654  +2.8987206286     11873  +2.8986816406  -3.899e-05
  6655  +2.8992871723     11875  +2.8991699219  -1.173e-04
  6656  +2.8998536052     11878  +2.8999023438  +4.874e-05
  6657  +2.9004199276     11880  +2.9003906250  -2.930e-05
  6658  +2.9009861394     11882  +2.9008789062  -1.072e-04
  6659  +2.9015522407     11885  +2.9016113281  +5.909e-05
  6660  +2.9021182316     11887  +2.9020996094  -1.862e-05
  6661  +2.9026841121     11889  +2.9025878906  -9.622e-05
  6662  +2.9032498823     11892  +2.9033203125  +7.043e-05
  6663  +2.9038155423     11894  +2.9038085938  -6.949e-06
  6664  +2.9043810922     11896  +2.9042968750  -8.422e-05
  6665  +2.9049465319     11899  +2.9050292969  +8.277e-05
  6666  +2.9055118616     11901  +2.9055175781  +5.717e-06
  6667  +2.9060770813     11903  +2.9060058594  -7.122e-05
  6668  +2.9066421910     11906  +2.9067382812  +9.609e-05
  6669  +2.9072071910     11908  +2.9072265625  +1.937e-05
  6670  +2.9077720812     11910  +2.9077148438  -5.724e-05
  6671  +2.9083368616     11913  +2.9084472656  +1.104e-04
  6672  +2.9089015324     11915  +2.9089355469  +3.401e-05
  6673  +2.9094660936     11917  +2.9094238281  -4.227e-05
  6674  +2.9100305452     11919  +2.9099121094  -1.184e-04
  6675  +2.9105948875     11922  +2.9106445312  +4.964e-05
  6676  +2.9111591203     11924  +2.9111328125  -2.631e-05
  6677  +2.9117232437     11926  +2.9116210938  -1.021e-04
  6678  +2.9122872579     11929  +2.9123535156  +6.626e-05
  6679  +2.9128511629     11931  +2.9128417969  -9.366e-06
  6680  +2.9134149587     11933  +2.9133300781  -8.488e-05
  6681  +2.9139786455     11936  +2.9140625000  +8.385e-05
  6682  +2.9145422232     11938  +2.9145507812  +8.558e-06
  6683  +2.9151056920     11940  +2.9150390625  -6.663e-05
  6684  +2.9156690519     11943  +2.9157714844  +1.024e-04
  6685  +2.9162323029     11945  +2.9162597656  +2.746e-05
  6686  +2.9167954452     11947  +2.9167480469  -4.740e-05
  6687  +2.9173584788     11950  +2.9174804688  +1.220e-04
  6688  +2.9179214037     11952  +2.9179687500  +4.735e-05
  6689  +2.9184842201     11954  +2.9184570312  -2.719e-05
  6690  +2.9190469280     11956  +2.9189453125  -1.016e-04
  6691  +2.9196095273     11959  +2.9196777344  +6.821e-05
  6692  +2.9201720184     11961  +2.9201660156  -6.003e-06
  6693  +2.9207344010     11963  +2.9206542969  -8.010e-05
  6694  +2.9212966754     11966  +2.9213867188  +9.004e-05
  6695  +2.9218588416     11968  +2.9218750000  +1.616e-05
  6696  +2.9224208997     11970  +2.9223632812  -5.762e-05
  6697  +2.9229828497     11973  +2.9230957031  +1.129e-04
  6698  +2.9235446917     11975  +2.9235839844  +3.929e-05
  6699  +2.9241064257     11977  +2.9240722656  -3.416e-05
  6700  +2.9246680518     11979  +2.9245605469  -1.075e-04
  6701  +2.9252295701     11982  +2.9252929688  +6.340e-05
  6702  +2.9257909807     11984  +2.9257812500  -9.731e-06
  6703  +2.9263522835     11986  +2.9262695312  -8.275e-05
  6704  +2.9269134787     11989  +2.9270019531  +8.847e-05
  6705  +2.9274745663     11991  +2.9274902344  +1.567e-05
  6706  +2.9280355464     11993  +2.9279785156  -5.703e-05
  6707  +2.9285964190     11996  +2.9287109375  +1.145e-04
  6708  +2.9291571843     11998  +2.9291992188  +4.203e-05
  6709  +2.9297178422     12000  +2.9296875000  -3.034e-05
  6710  +2.9302783928     12002  +2.9301757812  -1.026e-04
  6711  +2.9308388362     12005  +2.9309082031  +6.937e-05
  6712  +2.9313991725     12007  +2.9313964844  -2.688e-06
  6713  +2.9319594017     12009  +2.9318847656  -7.464e-05
  6714  +2.9325195238     12012  +2.9326171875  +9.766e-05
  6715  +2.9330795390     12014  +2.9331054688  +2.593e-05
  6716  +2.9336394473     12016  +2.9335937500  -4.570e-05
  6717  +2.9341992487     12018  +2.9340820312  -1.172e-04
  6718  +2.9347589434     12021  +2.9348144531  +5.551e-05
  6719  +2.9353185314     12023  +2.9353027344  -1.580e-05
  6720  +2.9358780126     12025  +2.9357910156  -8.700e-05
  6721  +2.9364373873     12028  +2.9365234375  +8.605e-05
  6722  +2.9369966555     12030  +2.9370117188  +1.506e-05
  6723  +2.9375558171     12032  +2.9375000000  -5.582e-05
  6724  +2.9381148724     12035  +2.9382324219  +1.175e-04
  6725  +2.9386738213     12037  +2.9387207031  +4.688e-05
  6726  +2.9392326639     12039  +2.9392089844  -2.368e-05
  6727  +2.9397914003     12041  +2.9396972656  -9.413e-05
  6728  +2.9403500305     12044  +2.9404296875  +7.966e-05
  6729  +2.9409085546     12046  +2.9409179688  +9.414e-06
  6730  +2.9414669726     12048  +2.9414062500  -6.072e-05
  6731  +2.9420252846     12051  +2.9421386719  +1.134e-04
  6732  +2.9425834908     12053  +2.9426269531  +4.346e-05
  6733  +2.9431415910     12055  +2.9431152344  -2.636e-05
  6734  +2.9436995854     12057  +2.9436035156  -9.607e-05
  6735  +2.9442574741     12060  +2.9443359375  +7.846e-05
  6736  +2.9448152571     12062  +2.9448242188  +8.962e-06
  6737  +2.9453729344     12064  +2.9453125000  -6.043e-05
  6738  +2.9459305062     12067  +2.9460449219  +1.144e-04
  6739  +2.9464879725     12069  +2.9465332031  +4.523e-05
  6740  +2.9470453333     12071  +2.9470214844  -2.385e-05
  6741  +2.9476025888     12073  +2.9475097656  -9.282e-05
  6742  +2.9481597389     12076  +2.9482421875  +8.245e-05
  6743  +2.9487167837     12078  +2.9487304688  +1.369e-05
  6744  +2.9492737233     12080  +2.9492187500  -5.497e-05
  6745  +2.9498305578     12083  +2.9499511719  +1.206e-04
  6746  +2.9503872872     12085  +2.9504394531  +5.217e-05
  6747  +2.9509439115     12087  +2.9509277344  -1.618e-05
  6748  +2.9515004309     12089  +2.9514160156  -8.442e-05
  6749  +2.9520568453     12092  +2.9521484375  +9.159e-05
  6750  +2.9526131549     12094  +2.9526367188  +2.356e-05
  6751  +2.9531693597     12096  +2.9531250000  -4.436e-05
  6752  +2.9537254598     12098  +2.9536132812  -1.122e-04
  6753  +2.9542814552     12101  +2.9543457031  +6.425e-05
  6754  +2.9548373459     12103  +2.9548339844  -3.362e-06
  6755  +2.9553931321     12105  +2.9553222656  -7.087e-05
  6756  +2.9559488138     12108  +2.9560546875  +1.059e-04
  6757  +2.9565043911     12110  +2.9565429688  +3.858e-05
  6758  +2.9570598640     12112  +2.9570312500  -2.861e-05
  6759  +2.9576152325     12114  +2.9575195312  -9.570e-05
  6760  +2.9581704968     12117  +2.9582519531  +8.146e-05
  6761  +2.9587256569     12119  +2.9587402344  +1.458e-05
  6762  +2.9592807129     12121  +2.9592285156  -5.220e-05
  6763  +2.9598356647     12123  +2.9597167969  -1.189e-04
  6764  +2.9603905125     12126  +2.9604492188  +5.871e-05
  6765  +2.9609452564     12128  +2.9609375000  -7.756e-06
  6766  +2.9614998963     12130  +2.9614257812  -7.412e-05
  6767  +2.9620544324     12133  +2.9621582031  +1.038e-04
  6768  +2.9626088647     12135  +2.9626464844  +3.762e-05
  6769  +2.9631631932     12137  +2.9631347656  -2.843e-05
  6770  +2.9637174181     12139  +2.9636230469  -9.437e-05
  6771  +2.9642715393     12142  +2.9643554688  +8.393e-05
  6772  +2.9648255570     12144  +2.9648437500  +1.819e-05
  6773  +2.9653794712     12146  +2.9653320312  -4.744e-05
  6774  +2.9659332819     12148  +2.9658203125  -1.130e-04
  6775  +2.9664869892     12151  +2.9665527344  +6.575e-05
  6776  +2.9670405932     12153  +2.9670410156  +4.224e-07
  6777  +2.9675940939     12155  +2.9675292969  -6.480e-05
  6778  +2.9681474914     12158  +2.9682617188  +1.142e-04
  6779  +2.9687007858     12160  +2.9687500000  +4.921e-05
  6780  +2.9692539770     12162  +2.9692382812  -1.570e-05
  6781  +2.9698070652     12164  +2.9697265625  -8.050e-05
  6782  +2.9703600504     12167  +2.9704589844  +9.893e-05
  6783  +2.9709129327     12169  +2.9709472656  +3.433e-05
  6784  +2.9714657121     12171  +2.9714355469  -3.017e-05
  6785  +2.9720183887     12173  +2.9719238281  -9.456e-05
  6786  +2.9725709626     12176  +2.9726562500  +8.529e-05
  6787  +2.9731234337     12178  +2.9731445312  +2.110e-05
  6788  +2.9736758022     12180  +2.9736328125  -4.299e-05
  6789  +2.9742280681     12182  +2.9741210938  -1.070e-04
  6790  +2.9747802315     12185  +2.9748535156  +7.328e-05
  6791  +2.9753322924     12187  +2.9753417969  +9.504e-06
  6792  +2.9758842509     12189  +2.9758300781  -5.417e-05
  6793  +2.9764361071     12191  +2.9763183594  -1.177e-04
  6794  +2.9769878609     12194  +2.9770507812  +6.292e-05
  6795  +2.9775395125     12196  +2.9775390625  -4.500e-07
  6796  +2.9780910620     12198  +2.9780273438  -6.372e-05
  6797  +2.9786425093     12201  +2.9787597656  +1.173e-04
  6798  +2.9791938545     12203  +2.9792480469  +5.419e-05
  6799  +2.9797450977     12205  +2.9797363281  -8.770e-06
  6800  +2.9802962389     12207  +2.9802246094  -7.163e-05
  6801  +2.9808472783     12210  +2.9809570312  +1.098e-04
  6802  +2.9813982157     12212  +2.9814453125  +4.710e-05
  6803  +2.9819490514     12214  +2.9819335938  -1.546e-05
  6804  +2.9824997854     12216  +2.9824218750  -7.791e-05
  6805  +2.9830504177     12219  +2.9831542969  +1.039e-04
  6806  +2.9836009484     12221  +2.9836425781  +4.163e-05
  6807  +2.9841513775     12223  +2.9841308594  -2.052e-05
  6808  +2.9847017051     12225  +2.9846191406  -8.256e-05
  6809  +2.9852519312     12228  +2.9853515625  +9.963e-05
  6810  +2.9858020560     12230  +2.9858398438  +3.779e-05
  6811  +2.9863520794     12232  +2.9863281250  -2.395e-05
  6812  +2.9869020015     12234  +2.9868164062  -8.560e-05
  6813  +2.9874518224     12237  +2.9875488281  +9.701e-05
  6814  +2.9880015421     12239  +2.9880371094  +3.557e-05
  6815  +2.9885511608     12241  +2.9885253906  -2.577e-05
  6816  +2.9891006783     12243  +2.9890136719  -8.701e-05
  6817  +2.9896500948     12246  +2.9897460938  +9.600e-05
  6818  +2.9901994104     12248  +2.9902343750  +3.496e-05
  6819  +2.9907486251     12250  +2.9907226562  -2.597e-05
  6820  +2.9912977390     12252  +2.9912109375  -8.680e-05
  6821  +2.9918467521     12255  +2.9919433594  +9.661e-05
  6822  +2.9923956644     12257  +2.9924316406  +3.598e-05
  6823  +2.9929444761     12259  +2.9929199219  -2.455e-05
  6824  +2.9934931872     12261  +2.9934082031  -8.498e-05
  6825  +2.9940417977     12264  +2.9941406250  +9.883e-05
  6826  +2.9945903077     12266  +2.9946289062  +3.860e-05
  6827  +2.9951387172     12268  +2.9951171875  -2.153e-05
  6828  +2.9956870264     12270  +2.9956054688  -8.156e-05
  6829  +2.9962352352     12273  +2.9963378906  +1.027e-04
  6830  +2.9967833437     12275  +2.9968261719  +4.283e-05
  6831  +2.9973313520     12277  +2.9973144531  -1.690e-05
  6832  +2.9978792601     12279  +2.9978027344  -7.653e-05
  6833  +2.9984270681     12282  +2.9985351562  +1.081e-04
  6834  +2.9989747761     12284  +2.9990234375  +4.866e-05
  6835  +2.9995223840     12286  +2.9995117188  -1.067e-05
  6836  +3.0000698920     12288  +3.0000000000  -6.989e-05
  6837  +3.0006173000     12291  +3.0007324219  +1.151e-04
  6838  +3.0011646083     12293  +3.0012207031  +5.609e-05
  6839  +3.0017118167     12295  +3.0017089844  -2.832e-06
  6840  +3.0022589254     12297  +3.0021972656  -6.166e-05
  6841  +3.0028059344     12299  +3.0026855469  -1.204e-04
  6842  +3.0033528438     12302  +3.0034179688  +6.512e-05
  6843  +3.0038996536     12304  +3.0039062500  +6.596e-06
  6844  +3.0044463639     12306  +3.0043945312  -5.183e-05
  6845  +3.0049929747     12308  +3.0048828125  -1.102e-04
  6846  +3.0055394861     12311  +3.0056152344  +7.575e-05
  6847  +3.0060858982     12313  +3.0061035156  +1.762e-05
  6848  +3.0066322109     12315  +3.0065917969  -4.041e-05
  6849  +3.0071784244     12317  +3.0070800781  -9.835e-05
  6850  +3.0077245387     12320  +3.0078125000  +8.796e-05
  6851  +3.0082705539     12322  +3.0083007812  +3.023e-05
  6852  +3.0088164700     12324  +3.0087890625  -2.741e-05
  6853  +3.0093622870     12326  +3.0092773438  -8.494e-05
  6854  +3.0099080051     12329  +3.0100097656  +1.018e-04
  6855  +3.0104536242     12331  +3.0104980469  +4.442e-05
  6856  +3.0109991445     12333  +3.0109863281  -1.282e-05
  6857  +3.0115445660     12335  +3.0114746094  -6.996e-05
  6858  +3.0120898887     12338  +3.0122070312  +1.171e-04
  6859  +3.0126351127     12340  +3.0126953125  +6.020e-05
  6860  +3.0131802380     12342  +3.0131835938  +3.356e-06
  6861  +3.0137252647     12344  +3.0136718750  -5.339e-05
  6862  +3.0142701929     12346  +3.0141601562  -1.100e-04
  6863  +3.0148150226     12349  +3.0148925781  +7.756e-05
  6864  +3.0153597538     12351  +3.0153808594  +2.111e-05
  6865  +3.0159043867     12353  +3.0158691406  -3.525e-05
  6866  +3.0164489212     12355  +3.0163574219  -9.150e-05
  6867  +3.0169933574     12358  +3.0170898438  +9.649e-05
  6868  +3.0175376954     12360  +3.0175781250  +4.043e-05
  6869  +3.0180819353     12362  +3.0180664062  -1.553e-05
  6870  +3.0186260770     12364  +3.0185546875  -7.139e-05
  6871  +3.0191701206     12367  +3.0192871094  +1.170e-04
  6872  +3.0197140662     12369  +3.0197753906  +6.132e-05
  6873  +3.0202579139     12371  +3.0202636719  +5.758e-06
  6874  +3.0208016636     12373  +3.0207519531  -4.971e-05
  6875  +3.0213453155     12375  +3.0212402344  -1.051e-04
  6876  +3.0218888696     12378  +3.0219726562  +8.379e-05
  6877  +3.0224323259     12380  +3.0224609375  +2.861e-05
  6878  +3.0229756845     12382  +3.0229492188  -2.647e-05
  6879  +3.0235189455     12384  +3.0234375000  -8.145e-05
  6880  +3.0240621089     12387  +3.0241699219  +1.078e-04
  6881  +3.0246051747     12389  +3.0246582031  +5.303e-05
  6882  +3.0251481431     12391  +3.0251464844  -1.659e-06
  6883  +3.0256910140     12393  +3.0256347656  -5.625e-05
  6884  +3.0262337875     12395  +3.0261230469  -1.107e-04
  6885  +3.0267764637     12398  +3.0268554688  +7.901e-05
  6886  +3.0273190426     12400  +3.0273437500  +2.471e-05
  6887  +3.0278615243     12402  +3.0278320312  -2.949e-05
  6888  +3.0284039088     12404  +3.0283203125  -8.360e-05
  6889  +3.0289461962     12407  +3.0290527344  +1.065e-04
  6890  +3.0294883865     12409  +3.0295410156  +5.263e-05
  6891  +3.0300304798     12411  +3.0300292969  -1.183e-06
  6892  +3.0305724762     12413  +3.0305175781  -5.490e-05
  6893  +3.0311143756     12415  +3.0310058594  -1.085e-04
  6894  +3.0316561781     12418  +3.0317382812  +8.210e-05
  6895  +3.0321978839     12420  +3.0322265625  +2.868e-05
  6896  +3.0327394929     12422  +3.0327148438  -2.465e-05
  6897  +3.0332810052     12424  +3.0332031250  -7.788e-05
  6898  +3.0338224208     12427  +3.0339355469  +1.131e-04
  6899  +3.0343637398     12429  +3.0344238281  +6.009e-05
  6900  +3.0349049623     12431  +3.0349121094  +7.147e-06
  6901  +3.0354460882     12433  +3.0354003906  -4.570e-05
  6902  +3.0359871177     12435  +3.0358886719  -9.845e-05
  6903  +3.0365280509     12438  +3.0366210938  +9.304e-05
  6904  +3.0370688876     12440  +3.0371093750  +4.049e-05
  6905  +3.0376096281     12442  +3.0375976562  -1.197e-05
  6906  +3.0381502724     12444  +3.0380859375  -6.433e-05
  6907  +3.0386908204     12446  +3.0385742188  -1.166e-04
  6908  +3.0392312723     12449  +3.0393066406  +7.537e-05
  6909  +3.0397716281     12451  +3.0397949219  +2.329e-05
  6910  +3.0403118879     12453  +3.0402832031  -2.868e-05
  6911  +3.0408520517     12455  +3.0407714844  -8.057e-05
  6912  +3.0413921196     12458  +3.0415039062  +1.118e-04
  6913  +3.0419320915     12460  +3.0419921875  +6.010e-05
  6914  +3.0424719677     12462  +3.0424804688  +8.501e-06
  6915  +3.0430117480     12464  +3.0429687500  -4.300e-05
  6916  +3.0435514327     12466  +3.0434570312  -9.440e-05
  6917  +3.0440910216     12469  +3.0441894531  +9.843e-05
  6918  +3.0446305149     12471  +3.0446777344  +4.722e-05
  6919  +3.0451699127     12473  +3.0451660156  -3.897e-06
  6920  +3.0457092149     12475  +3.0456542969  -5.492e-05
  6921  +3.0462484216     12477  +3.0461425781  -1.058e-04
  6922  +3.0467875329     12480  +3.0468750000  +8.747e-05
  6923  +3.0473265489     12482  +3.0473632812  +3.673e-05
  6924  +3.0478654695     12484  +3.0478515625  -1.391e-05
  6925  +3.0484042948     12486  +3.0483398438  -6.445e-05
  6926  +3.0489430249     12488  +3.0488281250  -1.149e-04
  6927  +3.0494816598     12491  +3.0495605469  +7.889e-05
  6928  +3.0500201997     12493  +3.0500488281  +2.863e-05
  6929  +3.0505586444     12495  +3.0505371094  -2.154e-05
  6930  +3.0510969941     12497  +3.0510253906  -7.160e-05
  6931  +3.0516352489     12499  +3.0515136719  -1.216e-04
  6932  +3.0521734087     12502  +3.0522460938  +7.269e-05
  6933  +3.0527114736     12504  +3.0527343750  +2.290e-05
  6934  +3.0532494438     12506  +3.0532226562  -2.679e-05
  6935  +3.0537873191     12508  +3.0537109375  -7.638e-05
  6936  +3.0543250997     12511  +3.0544433594  +1.183e-04
  6937  +3.0548627857     12513  +3.0549316406  +6.885e-05
  6938  +3.0554003771     12515  +3.0554199219  +1.954e-05
  6939  +3.0559378738     12517  +3.0559082031  -2.967e-05
  6940  +3.0564752761     12519  +3.0563964844  -7.879e-05
  6941  +3.0570125839     12522  +3.0571289062  +1.163e-04
  6942  +3.0575497972     12524  +3.0576171875  +6.739e-05
  6943  +3.0580869162     12526  +3.0581054688  +1.855e-05
  6944  +3.0586239409     12528  +3.0585937500  -3.019e-05
  6945  +3.0591608713     12530  +3.0590820312  -7.884e-05
  6946  +3.0596977074     12533  +3.0598144531  +1.167e-04
  6947  +3.0602344494     12535  +3.0603027344  +6.828e-05
  6948  +3.0607710973     12537  +3.0607910156  +1.992e-05
  6949  +3.0613076511     12539  +3.0612792969  -2.835e-05
  6950  +3.0618441108     12541  +3.0617675781  -7.653e-05
  6951  +3.0623804766     12544  +3.0625000000  +1.195e-04
  6952  +3.0629167485     12546  +3.0629882812  +7.153e-05
  6953  +3.0634529265     12548  +3.0634765625  +2.364e-05
  6954  +3.0639890107     12550  +3.0639648438  -2.417e-05
  6955  +3.0645250010     12552  +3.0644531250  -7.188e-05
  6956  +3.0650608977     12554  +3.0649414062  -1.195e-04
  6957  +3.0655967007     12557  +3.0656738281  +7.713e-05
  6958  +3.0661324100     12559  +3.0661621094  +2.970e-05
  6959  +3.0666680258     12561  +3.0666503906  -1.764e-05
  6960  +3.0672035480     12563  +3.0671386719  -6.488e-05
  6961  +3.0677389768     12565  +3.0676269531  -1.120e-04
  6962  +3.0682743121     12568  +3.0683593750  +8.506e-05
  6963  +3.0688095540     12570  +3.0688476562  +3.810e-05
  6964  +3.0693447026     12572  +3.0693359375  -8.765e-06
  6965  +3.0698797579     12574  +3.0698242188  -5.554e-05
  6966  +3.0704147199     12576  +3.0703125000  -1.022e-04
  6967  +3.0709495888     12579  +3.0710449219  +9.533e-05
  6968  +3.0714843645     12581  +3.0715332031  +4.884e-05
  6969  +3.0720190472     12583  +3.0720214844  +2.437e-06
  6970  +3.0725536368     12585  +3.0725097656  -4.387e-05
  6971  +3.0730881334     12587  +3.0729980469  -9.009e-05
  6972  +3.0736225370     12590  +3.0737304688  +1.079e-04
  6973  +3.0741568477     12592  +3.0742187500  +6.190e-05
  6974  +3.0746910656     12594  +3.0747070312  +1.597e-05
  6975  +3.0752251907     12596  +3.0751953125  -2.988e-05
  6976  +3.0757592231     12598  +3.0756835938  -7.563e-05
  6977  +3.0762931627     12600  +3.0761718750  -1.213e-04
  6978  +3.0768270097     12603  +3.0769042969  +7.729e-05
  6979  +3.0773607640     12605  +3.0773925781  +3.181e-05
  6980  +3.0778944258     12607  +3.0778808594  -1.357e-05
  6981  +3.0784279951     12609  +3.0783691406  -5.885e-05
  6982  +3.0789614719     12611  +3.0788574219  -1.041e-04
  6983  +3.0794948564     12614  +3.0795898438  +9.499e-05
  6984  +3.0800281484     12616  +3.0800781250  +4.998e-05
  6985  +3.0805613481     12618  +3.0805664062  +5.058e-06
  6986  +3.0810944556     12620  +3.0810546875  -3.977e-05
  6987  +3.0816274708     12622  +3.0815429688  -8.450e-05
  6988  +3.0821603938     12625  +3.0822753906  +1.150e-04
  6989  +3.0826932247     12627  +3.0827636719  +7.045e-05
  6990  +3.0832259636     12629  +3.0832519531  +2.599e-05
  6991  +3.0837586104     12631  +3.0837402344  -1.838e-05
  6992  +3.0842911652     12633  +3.0842285156  -6.265e-05
  6993  +3.0848236280     12635  +3.0847167969  -1.068e-04
  6994  +3.0853559990     12638  +3.0854492188  +9.322e-05
  6995  +3.0858882782     12640  +3.0859375000  +4.922e-05
  6996  +3.0864204655     12642  +3.0864257812  +5.316e-06
  6997  +3.0869525611     12644  +3.0869140625  -3.850e-05
  6998  +3.0874845650     12646  +3.0874023438  -8.222e-05
  6999  +3.0880164772     12649  +3.0881347656  +1.183e-04
  7000  +3.0885482979     12651  +3.0886230469  +7.475e-05
  7001  +3.0890800269     12653  +3.0891113281  +3.130e-05
  7002  +3.0896116645     12655  +3.0895996094  -1.206e-05
  7003  +3.0901432106     12657  +3.0900878906  -5.532e-05
  7004  +3.0906746653     12659  +3.0905761719  -9.849e-05
  7005  +3.0912060286     12662  +3.0913085938  +1.026e-04
  7006  +3.0917373006     12664  +3.0917968750  +5.957e-05
  7007  +3.0922684813     12666  +3.0922851562  +1.667e-05
  7008  +3.0927995708     12668  +3.0927734375  -2.613e-05
  7009  +3.0933305691     12670  +3.0932617188  -6.885e-05
  7010  +3.0938614762     12672  +3.0937500000  -1.115e-04
  7011  +3.0943922923     12675  +3.0944824219  +9.013e-05
  7012  +3.0949230173     12677  +3.0949707031  +4.769e-05
  7013  +3.0954536514     12679  +3.0954589844  +5.333e-06
  7014  +3.0959841945     12681  +3.0959472656  -3.693e-05
  7015  +3.0965146467     12683  +3.0964355469  -7.910e-05
  7016  +3.0970450080     12685  +3.0969238281  -1.212e-04
  7017  +3.0975752785     12688  +3.0976562500  +8.097e-05
  7018  +3.0981054583     12690  +3.0981445312  +3.907e-05
  7019  +3.0986355474     12692  +3.0986328125  -2.735e-06
  7020  +3.0991655457     12694  +3.0991210938  -4.445e-05
  7021  +3.0996954535     12696  +3.0996093750  -8.608e-05
  7022  +3.1002252707     12699  +3.1003417969  +1.165e-04
  7023  +3.1007549974     12701  +3.1008300781  +7.508e-05
  7024  +3.1012846335     12703  +3.1013183594  +3.373e-05
  7025  +3.1018141793     12705  +3.1018066406  -7.539e-06
  7026  +3.1023436346     12707  +3.1022949219  -4.871e-05
  7027  +3.1028729997     12709  +3.1027832031  -8.980e-05
  7028  +3.1034022744     12712  +3.1035156250  +1.134e-04
  7029  +3.1039314588     12714  +3.1040039062  +7.245e-05
  7030  +3.1044605531     12716  +3.1044921875  +3.163e-05
  7031  +3.1049895572     12718  +3.1049804688  -9.088e-06
  7032  +3.1055184712     12720  +3.1054687500  -4.972e-05
  7033  +3.1060472951     12722  +3.1059570312  -9.026e-05
  7034  +3.1065760290     12725  +3.1066894531  +1.134e-04
  7035  +3.1071046729     12727  +3.1071777344  +7.306e-05
  7036  +3.1076332269     12729  +3.1076660156  +3.279e-05
  7037  +3.1081616911     12731  +3.1081542969  -7.394e-06
  7038  +3.1086900653     12733  +3.1086425781  -4.749e-05
  7039  +3.1092183498     12735  +3.1091308594  -8.749e-05
  7040  +3.1097465446     12738  +3.1098632812  +1.167e-04
  7041  +3.1102746496     12740  +3.1103515625  +7.691e-05
  7042  +3.1108026650     12742  +3.1108398438  +3.718e-05
  7043  +3.1113305908     12744  +3.1113281250  -2.466e-06
  7044  +3.1118584270     12746  +3.1118164062  -4.202e-05
  7045  +3.1123861737     12748  +3.1123046875  -8.149e-05
  7046  +3.1129138310     12750  +3.1127929688  -1.209e-04
  7047  +3.1134413988     12753  +3.1135253906  +8.399e-05
  7048  +3.1139688772     12755  +3.1140136719  +4.479e-05
  7049  +3.1144962663     12757  +3.1145019531  +5.687e-06
  7050  +3.1150235661     12759  +3.1149902344  -3.333e-05
  7051  +3.1155507767     12761  +3.1154785156  -7.226e-05
  7052  +3.1160778980     12763  +3.1159667969  -1.111e-04
  7053  +3.1166049302     12766  +3.1166992188  +9.429e-05
  7054  +3.1171318733     12768  +3.1171875000  +5.563e-05
  7055  +3.1176587274     12770  +3.1176757812  +1.705e-05
  7056  +3.1181854924     12772  +3.1181640625  -2.143e-05
  7057  +3.1187121684     12774  +3.1186523438  -5.982e-05
  7058  +3.1192387555     12776  +3.1191406250  -9.813e-05
  7059  +3.1197652538     12779  +3.1198730469  +1.078e-04
  7060  +3.1202916632     12781  +3.1203613281  +6.966e-05
  7061  +3.1208179838     12783  +3.1208496094  +3.163e-05
  7062  +3.1213442156     12785  +3.1213378906  -6.325e-06
  7063  +3.1218703588     12787  +3.1218261719  -4.419e-05
  7064  +3.1223964133     12789  +3.1223144531  -8.196e-05
  7065  +3.1229223791     12791  +3.1228027344  -1.196e-04
  7066  +3.1234482564     12794  +3.1235351562  +8.690e-05
  7067  +3.1239740452     12796  +3.1240234375  +4.939e-05
  7068  +3.1244997455     12798  +3.1245117188  +1.197e-05
  7069  +3.1250253574     12800  +3.1250000000  -2.536e-05
  7070  +3.1255508809     12802  +3.1254882812  -6.260e-05
  7071  +3.1260763160     12804  +3.1259765625  -9.975e-05
  7072  +3.1266016629     12807  +3.1267089844  +1.073e-04
  7073  +3.1271269214     12809  +3.1271972656  +7.034e-05
  7074  +3.1276520918     12811  +3.1276855469  +3.346e-05
  7075  +3.1281771740     12813  +3.1281738281  -3.346e-06
  7076  +3.1287021681     12815  +3.1286621094  -4.006e-05
  7077  +3.1292270741     12817  +3.1291503906  -7.668e-05
  7078  +3.1297518920     12819  +3.1296386719  -1.132e-04
  7079  +3.1302766220     12822  +3.1303710938  +9.447e-05
  7080  +3.1308012640     12824  +3.1308593750  +5.811e-05
  7081  +3.1313258182     12826  +3.1313476562  +2.184e-05
  7082  +3.1318502844     12828  +3.1318359375  -1.435e-05
  7083  +3.1323746629     12830  +3.1323242188  -5.044e-05
  7084  +3.1328989536     12832  +3.1328125000  -8.645e-05
  7085  +3.1334231565     12835  +3.1335449219  +1.218e-04
  7086  +3.1339472718     12837  +3.1340332031  +8.593e-05
  7087  +3.1344712994     12839  +3.1345214844  +5.018e-05
  7088  +3.1349952395     12841  +3.1350097656  +1.453e-05
  7089  +3.1355190920     12843  +3.1354980469  -2.105e-05
  7090  +3.1360428570     12845  +3.1359863281  -5.653e-05
  7091  +3.1365665345     12847  +3.1364746094  -9.193e-05
  7092  +3.1370901246     12850  +3.1372070312  +1.169e-04
  7093  +3.1376136273     12852  +3.1376953125  +8.169e-05
  7094  +3.1381370427     12854  +3.1381835938  +4.655e-05
  7095  +3.1386603709     12856  +3.1386718750  +1.150e-05
  7096  +3.1391836117     12858  +3.1391601562  -2.346e-05
  7097  +3.1397067654     12860  +3.1396484375  -5.833e-05
  7098  +3.1402298319     12862  +3.1401367188  -9.311e-05
  7099  +3.1407528113     12865  +3.1408691406  +1.163e-04
  7100  +3.1412757037     12867  +3.1413574219  +8.172e-05
  7101  +3.1417985090     12869  +3.1418457031  +4.719e-05
  7102  +3.1423212273     12871  +3.1423339844  +1.276e-05
  7103  +3.1428438587     12873  +3.1428222656  -2.159e-05
  7104  +3.1433664032     12875  +3.1433105469  -5.586e-05
  7105  +3.1438888609     12877  +3.1437988281  -9.003e-05
  7106  +3.1444112317     12880  +3.1445312500  +1.200e-04
  7107  +3.1449335158     12882  +3.1450195312  +8.602e-05
  7108  +3.1454557131     12884  +3.1455078125  +5.210e-05
  7109  +3.1459778238     12886  +3.1459960938  +1.827e-05
  7110  +3.1464998478     12888  +3.1464843750  -1.547e-05
  7111  +3.1470217853     12890  +3.1469726562  -4.913e-05
  7112  +3.1475436362     12892  +3.1474609375  -8.270e-05
  7113  +3.1480654005     12894  +3.1479492188  -1.162e-04
  7114  +3.1485870785     12897  +3.1486816406  +9.456e-05
  7115  +3.1491086700     12899  +3.1491699219  +6.125e-05
  7116  +3.1496301751     12901  +3.1496582031  +2.803e-05
  7117  +3.1501515939     12903  +3.1501464844  -5.110e-06
  7118  +3.1506729264     12905  +3.1506347656  -3.816e-05
  7119  +3.1511941726     12907  +3.1511230469  -7.113e-05
  7120  +3.1517153327     12909  +3.1516113281  -1.040e-04
  7121  +3.1522364065     12912  +3.1523437500  +1.073e-04
  7122  +3.1527573943     12914  +3.1528320312  +7.464e-05
  7123  +3.1532782960     12916  +3.1533203125  +4.202e-05
  7124  +3.1537991116     12918  +3.1538085938  +9.482e-06
  7125  +3.1543198413     12920  +3.1542968750  -2.297e-05
  7126  +3.1548404850     12922  +3.1547851562  -5.533e-05
  7127  +3.1553610428     12924  +3.1552734375  -8.761e-05
  7128  +3.1558815147     12926  +3.1557617188  -1.198e-04
  7129  +3.1564019008     12929  +3.1564941406  +9.224e-05
  7130  +3.1569222011     12931  +3.1569824219  +6.022e-05
  7131  +3.1574424157     12933  +3.1574707031  +2.829e-05
  7132  +3.1579625446     12935  +3.1579589844  -3.560e-06
  7133  +3.1584825878     12937  +3.1584472656  -3.532e-05
  7134  +3.1590025455     12939  +3.1589355469  -6.700e-05
  7135  +3.1595224175     12941  +3.1594238281  -9.859e-05
  7136  +3.1600422041     12944  +3.1601562500  +1.140e-04
  7137  +3.1605619051     12946  +3.1606445312  +8.263e-05
  7138  +3.1610815207     12948  +3.1611328125  +5.129e-05
  7139  +3.1616010509     12950  +3.1616210938  +2.004e-05
  7140  +3.1621204958     12952  +3.1621093750  -1.112e-05
  7141  +3.1626398553     12954  +3.1625976562  -4.220e-05
  7142  +3.1631591296     12956  +3.1630859375  -7.319e-05
  7143  +3.1636783186     12958  +3.1635742188  -1.041e-04
  7144  +3.1641974224     12961  +3.1643066406  +1.092e-04
  7145  +3.1647164411     12963  +3.1647949219  +7.848e-05
  7146  +3.1652353747     12965  +3.1652832031  +4.783e-05
  7147  +3.1657542232     12967  +3.1657714844  +1.726e-05
  7148  +3.1662729867     12969  +3.1662597656  -1.322e-05
  7149  +3.1667916652     12971  +3.1667480469  -4.362e-05
  7150  +3.1673102588     12973  +3.1672363281  -7.393e-05
  7151  +3.1678287675     12975  +3.1677246094  -1.042e-04
  7152  +3.1683471913     12978  +3.1684570312  +1.098e-04
  7153  +3.1688655303     12980  +3.1689453125  +7.978e-05
  7154  +3.1693837846     12982  +3.1694335938  +4.981e-05
  7155  +3.1699019541     12984  +3.1699218750  +1.992e-05
  7156  +3.1704200389     12986  +3.1704101562  -9.883e-06
  7157  +3.1709380391     12988  +3.1708984375  -3.960e-05
  7158  +3.1714559547     12990  +3.1713867188  -6.924e-05
  7159  +3.1719737857     12992  +3.1718750000  -9.879e-05
  7160  +3.1724915321     12995  +3.1726074219  +1.159e-04
  7161  +3.1730091941     12997  +3.1730957031  +8.651e-05
  7162  +3.1735267717     12999  +3.1735839844  +5.721e-05
  7163  +3.1740442648     13001  +3.1740722656  +2.800e-05
  7164  +3.1745616736     13003  +3.1745605469  -1.127e-06
  7165  +3.1750789981     13005  +3.1750488281  -3.017e-05
  7166  +3.1755962383     13007  +3.1755371094  -5.913e-05
  7167  +3.1761133943     13009  +3.1760253906  -8.800e-05
  7168  +3.1766304661     13011  +3.1765136719  -1.168e-04
  7169  +3.1771474537     13014  +3.1772460938  +9.864e-05
  7170  +3.1776643572     13016  +3.1777343750  +7.002e-05
  7171  +3.1781811767     13018  +3.1782226562  +4.148e-05
  7172  +3.1786979121     13020  +3.1787109375  +1.303e-05
  7173  +3.1792145635     13022  +3.1791992188  -1.534e-05
  7174  +3.1797311310     13024  +3.1796875000  -4.363e-05
  7175  +3.1802476146     13026  +3.1801757812  -7.183e-05
  7176  +3.1807640143     13028  +3.1806640625  -9.995e-05
  7177  +3.1812803302     13031  +3.1813964844  +1.162e-04
  7178  +3.1817965623     13033  +3.1818847656  +8.820e-05
  7179  +3.1823127107     13035  +3.1823730469  +6.034e-05
  7180  +3.1828287753     13037  +3.1828613281  +3.255e-05
  7181  +3.1833447563     13039  +3.1833496094  +4.853e-06
  7182  +3.1838606537     13041  +3.1838378906  -2.276e-05
  7183  +3.1843764675     13043  +3.1843261719  -5.030e-05
  7184  +3.1848921978     13045  +3.1848144531  -7.774e-05
  7185  +3.1854078445     13047  +3.1853027344  -1.051e-04
  7186  +3.1859234078     13050  +3.1860351562  +1.117e-04
  7187  +3.1864388877     13052  +3.1865234375  +8.455e-05
  7188  +3.1869542842     13054  +3.1870117188  +5.743e-05
  7189  +3.1874695974     13056  +3.1875000000  +3.040e-05
  7190  +3.1879848273     13058  +3.1879882812  +3.454e-06
  7191  +3.1884999739     13060  +3.1884765625  -2.341e-05
  7192  +3.1890150373     13062  +3.1889648438  -5.019e-05
  7193  +3.1895300175     13064  +3.1894531250  -7.689e-05
  7194  +3.1900449146     13066  +3.1899414062  -1.035e-04
  7195  +3.1905597286     13069  +3.1906738281  +1.141e-04
  7196  +3.1910744596     13071  +3.1911621094  +8.765e-05
  7197  +3.1915891075     13073  +3.1916503906  +6.128e-05
  7198  +3.1921036724     13075  +3.1921386719  +3.500e-05
  7199  +3.1926181545     13077  +3.1926269531  +8.799e-06
  7200  +3.1931325536     13079  +3.1931152344  -1.732e-05
  7201  +3.1936468699     13081  +3.1936035156  -4.335e-05
  7202  +3.1941611033     13083  +3.1940917969  -6.931e-05
  7203  +3.1946752540     13085  +3.1945800781  -9.518e-05
  7204  +3.1951893220     13087  +3.1950683594  -1.210e-04
  7205  +3.1957033072     13090  +3.1958007812  +9.747e-05
  7206  +3.1962172098     13092  +3.1962890625  +7.185e-05
  7207  +3.1967310298     13094  +3.1967773438  +4.631e-05
  7208  +3.1972447672     13096  +3.1972656250  +2.086e-05
  7209  +3.1977584221     13098  +3.1977539062  -4.516e-06
  7210  +3.1982719945     13100  +3.1982421875  -2.981e-05
  7211  +3.1987854844     13102  +3.1987304688  -5.502e-05
  7212  +3.1992988919     13104  +3.1992187500  -8.014e-05
  7213  +3.1998122170     13106  +3.1997070312  -1.052e-04
  7214  +3.2003254598     13109  +3.2004394531  +1.140e-04
  7215  +3.2008386204     13111  +3.2009277344  +8.911e-05
  7216  +3.2013516986     13113  +3.2014160156  +6.432e-05
  7217  +3.2018646946     13115  +3.2019042969  +3.960e-05
  7218  +3.2023776085     13117  +3.2023925781  +1.497e-05
  7219  +3.2028904402     13119  +3.2028808594  -9.581e-06
  7220  +3.2034031898     13121  +3.2033691406  -3.405e-05
  7221  +3.2039158574     13123  +3.2038574219  -5.844e-05
  7222  +3.2044284429     13125  +3.2043457031  -8.274e-05
  7223  +3.2049409464     13127  +3.2048339844  -1.070e-04
  7224  +3.2054533681     13130  +3.2055664062  +1.130e-04
  7225  +3.2059657078     13132  +3.2060546875  +8.898e-05
  7226  +3.2064779656     13134  +3.2065429688  +6.500e-05
  7227  +3.2069901416     13136  +3.2070312500  +4.111e-05
  7228  +3.2075022359     13138  +3.2075195312  +1.730e-05
  7229  +3.2080142484     13140  +3.2080078125  -6.436e-06
  7230  +3.2085261791     13142  +3.2084960938  -3.009e-05
  7231  +3.2090380283     13144  +3.2089843750  -5.365e-05
  7232  +3.2095497958     13146  +3.2094726562  -7.714e-05
  7233  +3.2100614817     13148  +3.2099609375  -1.005e-04
  7234  +3.2105730860     13151  +3.2106933594  +1.203e-04
  7235  +3.2110846088     13153  +3.2111816406  +9.703e-05
  7236  +3.2115960502     13155  +3.2116699219  +7.387e-05
  7237  +3.2121074102     13157  +3.2121582031  +5.079e-05
  7238  +3.2126186887     13159  +3.2126464844  +2.780e-05
  7239  +3.2131298859     13161  +3.2131347656  +4.880e-06
  7240  +3.2136410017     13163  +3.2136230469  -1.795e-05
  7241  +3.2141520363     13165  +3.2141113281  -4.071e-05
  7242  +3.2146629897     13167  +3.2145996094  -6.338e-05
  7243  +3.2151738618     13169  +3.2150878906  -8.597e-05
  7244  +3.2156846528     13171  +3.2155761719  -1.085e-04
  7245  +3.2161953627     13174  +3.2163085938  +1.132e-04
  7246  +3.2167059915     13176  +3.2167968750  +9.088e-05
  7247  +3.2172165392     13178  +3.2172851562  +6.862e-05
  7248  +3.2177270059     13180  +3.2177734375  +4.643e-05
  7249  +3.2182373917     13182  +3.2182617188  +2.433e-05
  7250  +3.2187476965     13184  +3.2187500000  +2.303e-06
  7251  +3.2192579205     13186  +3.2192382812  -1.964e-05
  7252  +3.2197680636     13188  +3.2197265625  -4.150e-05
  7253  +3.2202781258     13190  +3.2202148438  -6.328e-05
  7254  +3.2207881073     13192  +3.2207031250  -8.498e-05
  7255  +3.2212980081     13194  +3.2211914062  -1.066e-04
  7256  +3.2218078281     13197  +3.2219238281  +1.160e-04
  7257  +3.2223175675     13199  +3.2224121094  +9.454e-05
  7258  +3.2228272263     13201  +3.2229003906  +7.316e-05
  7259  +3.2233368045     13203  +3.2233886719  +5.187e-05
  7260  +3.2238463021     13205  +3.2238769531  +3.065e-05
  7261  +3.2243557193     13207  +3.2243652344  +9.515e-06
  7262  +3.2248650559     13209  +3.2248535156  -1.154e-05
  7263  +3.2253743122     13211  +3.2253417969  -3.252e-05
  7264  +3.2258834880     13213  +3.2258300781  -5.341e-05
  7265  +3.2263925835     13215  +3.2263183594  -7.422e-05
  7266  +3.2269015986     13217  +3.2268066406  -9.496e-05
  7267  +3.2274105335     13219  +3.2272949219  -1.156e-04
  7268  +3.2279193882     13222  +3.2280273438  +1.080e-04
  7269  +3.2284281626     13224  +3.2285156250  +8.746e-05
  7270  +3.2289368569     13226  +3.2290039062  +6.705e-05
  7271  +3.2294454710     13228  +3.2294921875  +4.672e-05
  7272  +3.2299540051     13230  +3.2299804688  +2.646e-05
  7273  +3.2304624590     13232  +3.2304687500  +6.291e-06
  7274  +3.2309708330     13234  +3.2309570312  -1.380e-05
  7275  +3.2314791270     13236  +3.2314453125  -3.381e-05
  7276  +3.2319873411     13238  +3.2319335938  -5.375e-05
  7277  +3.2324954753     13240  +3.2324218750  -7.360e-05
  7278  +3.2330035296     13242  +3.2329101562  -9.337e-05
  7279  +3.2335115040     13244  +3.2333984375  -1.131e-04
  7280  +3.2340193987     13247  +3.2341308594  +1.115e-04
  7281  +3.2345272137     13249  +3.2346191406  +9.193e-05
  7282  +3.2350349489     13251  +3.2351074219  +7.247e-05
  7283  +3.2355426044     13253  +3.2355957031  +5.310e-05
  7284  +3.2360501803     13255  +3.2360839844  +3.380e-05
  7285  +3.2365576767     13257  +3.2365722656  +1.459e-05
  7286  +3.2370650934     13259  +3.2370605469  -4.547e-06
  7287  +3.2375724306     13261  +3.2375488281  -2.360e-05
  7288  +3.2380796883     13263  +3.2380371094  -4.258e-05
  7289  +3.2385868666     13265  +3.2385253906  -6.148e-05
  7290  +3.2390939655     13267  +3.2390136719  -8.029e-05
  7291  +3.2396009850     13269  +3.2395019531  -9.903e-05
  7292  +3.2401079251     13271  +3.2399902344  -1.177e-04
  7293  +3.2406147860     13274  +3.2407226562  +1.079e-04
  7294  +3.2411215675     13276  +3.2412109375  +8.937e-05
  7295  +3.2416282699     13278  +3.2416992188  +7.095e-05
  7296  +3.2421348930     13280  +3.2421875000  +5.261e-05
  7297  +3.2426414371     13282  +3.2426757812  +3.434e-05
  7298  +3.2431479019     13284  +3.2431640625  +1.616e-05
  7299  +3.2436542878     13286  +3.2436523438  -1.944e-06
  7300  +3.2441605945     13288  +3.2441406250  -1.997e-05
  7301  +3.2446668223     13290  +3.2446289062  -3.792e-05
  7302  +3.2451729711     13292  +3.2451171875  -5.578e-05
  7303  +3.2456790409     13294  +3.2456054688  -7.357e-05
  7304  +3.2461850319     13296  +3.2460937500  -9.128e-05
  7305  +3.2466909440     13298  +3.2465820312  -1.089e-04
  7306  +3.2471967773     13301  +3.2473144531  +1.177e-04
  7307  +3.2477025318     13303  +3.2478027344  +1.002e-04
  7308  +3.2482082076     13305  +3.2482910156  +8.281e-05
  7309  +3.2487138046     13307  +3.2487792969  +6.549e-05
  7310  +3.2492193230     13309  +3.2492675781  +4.826e-05
  7311  +3.2497247627     13311  +3.2497558594  +3.110e-05
  7312  +3.2502301239     13313  +3.2502441406  +1.402e-05
  7313  +3.2507354064     13315  +3.2507324219  -2.985e-06
  7314  +3.2512406105     13317  +3.2512207031  -1.991e-05
  7315  +3.2517457360     13319  +3.2517089844  -3.675e-05
  7316  +3.2522507831     13321  +3.2521972656  -5.352e-05
  7317  +3.2527557518     13323  +3.2526855469  -7.020e-05
  7318  +3.2532606421     13325  +3.2531738281  -8.681e-05
  7319  +3.2537654541     13327  +3.2536621094  -1.033e-04
  7320  +3.2542701877     13329  +3.2541503906  -1.198e-04
  7321  +3.2547748431     13332  +3.2548828125  +1.080e-04
  7322  +3.2552794202     13334  +3.2553710938  +9.167e-05
  7323  +3.2557839192     13336  +3.2558593750  +7.546e-05
  7324  +3.2562883400     13338  +3.2563476562  +5.932e-05
  7325  +3.2567926826     13340  +3.2568359375  +4.325e-05
  7326  +3.2572969472     13342  +3.2573242188  +2.727e-05
  7327  +3.2578011337     13344  +3.2578125000  +1.137e-05
  7328  +3.2583052422     13346  +3.2583007812  -4.461e-06
  7329  +3.2588092727     13348  +3.2587890625  -2.021e-05
  7330  +3.2593132253     13350  +3.2592773438  -3.588e-05
  7331  +3.2598170999     13352  +3.2597656250  -5.147e-05
  7332  +3.2603208967     13354  +3.2602539062  -6.699e-05
  7333  +3.2608246157     13356  +3.2607421875  -8.243e-05
  7334  +3.2613282568     13358  +3.2612304688  -9.779e-05
  7335  +3.2618318202     13360  +3.2617187500  -1.131e-04
  7336  +3.2623353059     13363  +3.2624511719  +1.159e-04
  7337  +3.2628387139     13365  +3.2629394531  +1.007e-04
  7338  +3.2633420442     13367  +3.2634277344  +8.569e-05
  7339  +3.2638452969     13369  +3.2639160156  +7.072e-05
  7340  +3.2643484720     13371  +3.2644042969  +5.582e-05
  7341  +3.2648515695     13373  +3.2648925781  +4.101e-05
  7342  +3.2653545896     13375  +3.2653808594  +2.627e-05
  7343  +3.2658575321     13377  +3.2658691406  +1.161e-05
  7344  +3.2663603972     13379  +3.2663574219  -2.975e-06
  7345  +3.2668631850     13381  +3.2668457031  -1.748e-05
  7346  +3.2673658953     13383  +3.2673339844  -3.191e-05
  7347  +3.2678685283     13385  +3.2678222656  -4.626e-05
  7348  +3.2683710840     13387  +3.2683105469  -6.054e-05
  7349  +3.2688735625     13389  +3.2687988281  -7.473e-05
  7350  +3.2693759637     13391  +3.2692871094  -8.885e-05
  7351  +3.2698782878     13393  +3.2697753906  -1.029e-04
  7352  +3.2703805346     13395  +3.2702636719  -1.169e-04
  7353  +3.2708827044     13398  +3.2709960938  +1.134e-04
  7354  +3.2713847971     13400  +3.2714843750  +9.958e-05
  7355  +3.2718868127     13402  +3.2719726562  +8.584e-05
  7356  +3.2723887513     13404  +3.2724609375  +7.219e-05
  7357  +3.2728906129     13406  +3.2729492188  +5.861e-05
  7358  +3.2733923976     13408  +3.2734375000  +4.510e-05
  7359  +3.2738941054     13410  +3.2739257812  +3.168e-05
  7360  +3.2743957363     13412  +3.2744140625  +1.833e-05
  7361  +3.2748972904     13414  +3.2749023438  +5.053e-06
  7362  +3.2753987677     13416  +3.2753906250  -8.143e-06
  7363  +3.2759001682     13418  +3.2758789062  -2.126e-05
  7364  +3.2764014919     13420  +3.2763671875  -3.430e-05
  7365  +3.2769027390     13422  +3.2768554688  -4.727e-05
  7366  +3.2774039094     13424  +3.2773437500  -6.016e-05
  7367  +3.2779050032     13426  +3.2778320312  -7.297e-05
  7368  +3.2784060204     13428  +3.2783203125  -8.571e-05
  7369  +3.2789069611     13430  +3.2788085938  -9.837e-05
  7370  +3.2794078252     13432  +3.2792968750  -1.110e-04
  7371  +3.2799086128     13435  +3.2800292969  +1.207e-04
  7372  +3.2804093240     13437  +3.2805175781  +1.083e-04
  7373  +3.2809099588     13439  +3.2810058594  +9.590e-05
  7374  +3.2814105172     13441  +3.2814941406  +8.362e-05
  7375  +3.2819109992     13443  +3.2819824219  +7.142e-05
  7376  +3.2824114049     13445  +3.2824707031  +5.930e-05
  7377  +3.2829117344     13447  +3.2829589844  +4.725e-05
  7378  +3.2834119876     13449  +3.2834472656  +3.528e-05
  7379  +3.2839121646     13451  +3.2839355469  +2.338e-05
  7380  +3.2844122655     13453  +3.2844238281  +1.156e-05
  7381  +3.2849122902     13455  +3.2849121094  -1.808e-07
  7382  +3.2854122388     13457  +3.2854003906  -1.185e-05
  7383  +3.2859121113     13459  +3.2858886719  -2.344e-05
  7384  +3.2864119078     13461  +3.2863769531  -3.495e-05
  7385  +3.2869116284     13463  +3.2868652344  -4.639e-05
  7386  +3.2874112729     13465  +3.2873535156  -5.776e-05
  7387  +3.2879108415     13467  +3.2878417969  -6.904e-05
  7388  +3.2884103342     13469  +3.2883300781  -8.026e-05
  7389  +3.2889097511     13471  +3.2888183594  -9.139e-05
  7390  +3.2894090921     13473  +3.2893066406  -1.025e-04
  7391  +3.2899083574     13475  +3.2897949219  -1.134e-04
  7392  +3.2904075469     13478  +3.2905273438  +1.198e-04
  7393  +3.2909066607     13480  +3.2910156250  +1.090e-04
  7394  +3.2914056988     13482  +3.2915039062  +9.821e-05
  7395  +3.2919046612     13484  +3.2919921875  +8.753e-05
  7396  +3.2924035480     13486  +3.2924804688  +7.692e-05
  7397  +3.2929023593     13488  +3.2929687500  +6.639e-05
  7398  +3.2934010949     13490  +3.2934570312  +5.594e-05
  7399  +3.2938997551     13492  +3.2939453125  +4.556e-05
  7400  +3.2943983398     13494  +3.2944335938  +3.525e-05
  7401  +3.2948968491     13496  +3.2949218750  +2.503e-05
  7402  +3.2953952829     13498  +3.2954101562  +1.487e-05
  7403  +3.2958936413     13500  +3.2958984375  +4.796e-06
  7404  +3.2963919245     13502  +3.2963867188  -5.206e-06
  7405  +3.2968901323     13504  +3.2968750000  -1.513e-05
  7406  +3.2973882648     13506  +3.2973632812  -2.498e-05
  7407  +3.2978863221     13508  +3.2978515625  -3.476e-05
  7408  +3.2983843042     13510  +3.2983398438  -4.446e-05
  7409  +3.2988822111     13512  +3.2988281250  -5.409e-05
  7410  +3.2993800429     13514  +3.2993164062  -6.364e-05
  7411  +3.2998777995     13516  +3.2998046875  -7.311e-05
  7412  +3.3003754811     13518  +3.3002929688  -8.251e-05
  7413  +3.3008730877     13520  +3.3007812500  -9.184e-05
  7414  +3.3013706192     13522  +3.3012695312  -1.011e-04
  7415  +3.3018680758     13524  +3.3017578125  -1.103e-04
  7416  +3.3023654575     13526  +3.3022460938  -1.194e-04
  7417  +3.3028627642     13529  +3.3029785156  +1.158e-04
  7418  +3.3033599961     13531  +3.3034667969  +1.068e-04
  7419  +3.3038571531     13533  +3.3039550781  +9.792e-05
  7420  +3.3043542354     13535  +3.3044433594  +8.912e-05
  7421  +3.3048512429     13537  +3.3049316406  +8.040e-05
  7422  +3.3053481756     13539  +3.3054199219  +7.175e-05
  7423  +3.3058450337     13541  +3.3059082031  +6.317e-05
  7424  +3.3063418171     13543  +3.3063964844  +5.467e-05
  7425  +3.3068385258     13545  +3.3068847656  +4.624e-05
  7426  +3.3073351600     13547  +3.3073730469  +3.789e-05
  7427  +3.3078317196     13549  +3.3078613281  +2.961e-05
  7428  +3.3083282046     13551  +3.3083496094  +2.140e-05
  7429  +3.3088246152     13553  +3.3088378906  +1.328e-05
  7430  +3.3093209513     13555  +3.3093261719  +5.221e-06
  7431  +3.3098172130     13557  +3.3098144531  -2.760e-06
  7432  +3.3103134003     13559  +3.3103027344  -1.067e-05
  7433  +3.3108095132     13561  +3.3107910156  -1.850e-05
  7434  +3.3113055518     13563  +3.3112792969  -2.625e-05
  7435  +3.3118015161     13565  +3.3117675781  -3.394e-05
  7436  +3.3122974061     13567  +3.3122558594  -4.155e-05
  7437  +3.3127932219     13569  +3.3127441406  -4.908e-05
  7438  +3.3132889635     13571  +3.3132324219  -5.654e-05
  7439  +3.3137846309     13573  +3.3137207031  -6.393e-05
  7440  +3.3142802242     13575  +3.3142089844  -7.124e-05
  7441  +3.3147757434     13577  +3.3146972656  -7.848e-05
  7442  +3.3152711886     13579  +3.3151855469  -8.564e-05
  7443  +3.3157665597     13581  +3.3156738281  -9.273e-05
  7444  +3.3162618568     13583  +3.3161621094  -9.975e-05
  7445  +3.3167570800     13585  +3.3166503906  -1.067e-04
  7446  +3.3172522292     13587  +3.3171386719  -1.136e-04
  7447  +3.3177473045     13589  +3.3176269531  -1.204e-04
  7448  +3.3182423060     13592  +3.3183593750  +1.171e-04
  7449  +3.3187372336     13594  +3.3188476562  +1.104e-04
  7450  +3.3192320875     13596  +3.3193359375  +1.039e-04
  7451  +3.3197268675     13598  +3.3198242188  +9.735e-05
  7452  +3.3202215739     13600  +3.3203125000  +9.093e-05
  7453  +3.3207162065     13602  +3.3208007812  +8.457e-05
  7454  +3.3212107655     13604  +3.3212890625  +7.830e-05
  7455  +3.3217052508     13606  +3.3217773438  +7.209e-05
  7456  +3.3221996626     13608  +3.3222656250  +6.596e-05
  7457  +3.3226940007     13610  +3.3227539062  +5.991e-05
  7458  +3.3231882654     13612  +3.3232421875  +5.392e-05
  7459  +3.3236824565     13614  +3.3237304688  +4.801e-05
  7460  +3.3241765742     13616  +3.3242187500  +4.218e-05
  7461  +3.3246706184     13618  +3.3247070312  +3.641e-05
  7462  +3.3251645892     13620  +3.3251953125  +3.072e-05
  7463  +3.3256584867     13622  +3.3256835938  +2.511e-05
  7464  +3.3261523108     13624  +3.3261718750  +1.956e-05
  7465  +3.3266460616     13626  +3.3266601562  +1.409e-05
  7466  +3.3271397391     13628  +3.3271484375  +8.698e-06
  7467  +3.3276333434     13630  +3.3276367188  +3.375e-06
  7468  +3.3281268745     13632  +3.3281250000  -1.875e-06
  7469  +3.3286203324     13634  +3.3286132812  -7.051e-06
  7470  +3.3291137172     13636  +3.3291015625  -1.215e-05
  7471  +3.3296070289     13638  +3.3295898438  -1.719e-05
  7472  +3.3301002675     13640  +3.3300781250  -2.214e-05
  7473  +3.3305934330     13642  +3.3305664062  -2.703e-05
  7474  +3.3310865255     13644  +3.3310546875  -3.184e-05
  7475  +3.3315795451     13646  +3.3315429688  -3.658e-05
  7476  +3.3320724917     13648  +3.3320312500  -4.124e-05
  7477  +3.3325653653     13650  +3.3325195312  -4.583e-05
  7478  +3.3330581661     13652  +3.3330078125  -5.035e-05
  7479  +3.3335508941     13654  +3.3334960938  -5.480e-05
  7480  +3.3340435492     13656  +3.3339843750  -5.917e-05
  7481  +3.3345361315     13658  +3.3344726562  -6.348e-05
  7482  +3.3350286411     13660  +3.3349609375  -6.770e-05
  7483  +3.3355210780     13662  +3.3354492188  -7.186e-05
  7484  +3.3360134422     13664  +3.3359375000  -7.594e-05
  7485  +3.3365057337     13666  +3.3364257812  -7.995e-05
  7486  +3.3369979526     13668  +3.3369140625  -8.389e-05
  7487  +3.3374900989     13670  +3.3374023438  -8.776e-05
  7488  +3.3379821726     13672  +3.3378906250  -9.155e-05
  7489  +3.3384741738     13674  +3.3383789062  -9.527e-05
  7490  +3.3389661025     13676  +3.3388671875  -9.892e-05
  7491  +3.3394579588     13678  +3.3393554688  -1.025e-04
  7492  +3.3399497426     13680  +3.3398437500  -1.060e-04
  7493  +3.3404414540     13682  +3.3403320312  -1.094e-04
  7494  +3.3409330930     13684  +3.3408203125  -1.128e-04
  7495  +3.3414246597     13686  +3.3413085938  -1.161e-04
  7496  +3.3419161541     13688  +3.3417968750  -1.193e-04
  7497  +3.3424075763     13691  +3.3425292969  +1.217e-04
  7498  +3.3428989261     13693  +3.3430175781  +1.187e-04
  7499  +3.3433902038     13695  +3.3435058594  +1.157e-04
  7500  +3.3438814093     13697  +3.3439941406  +1.127e-04
  7501  +3.3443725427     13699  +3.3444824219  +1.099e-04
  7502  +3.3448636039     13701  +3.3449707031  +1.071e-04
  7503  +3.3453545931     13703  +3.3454589844  +1.044e-04
  7504  +3.3458455102     13705  +3.3459472656  +1.018e-04
  7505  +3.3463363553     13707  +3.3464355469  +9.919e-05
  7506  +3.3468271284     13709  +3.3469238281  +9.670e-05
  7507  +3.3473178295     13711  +3.3474121094  +9.428e-05
  7508  +3.3478084587     13713  +3.3479003906  +9.193e-05
  7509  +3.3482990160     13715  +3.3483886719  +8.966e-05
  7510  +3.3487895015     13717  +3.3488769531  +8.745e-05
  7511  +3.3492799151     13719  +3.3493652344  +8.532e-05
  7512  +3.3497702570     13721  +3.3498535156  +8.326e-05
  7513  +3.3502605271     13723  +3.3503417969  +8.127e-05
  7514  +3.3507507254     13725  +3.3508300781  +7.935e-05
  7515  +3.3512408520     13727  +3.3513183594  +7.751e-05
  7516  +3.3517309070     13729  +3.3518066406  +7.573e-05
  7517  +3.3522208903     13731  +3.3522949219  +7.403e-05
  7518  +3.3527108020     13733  +3.3527832031  +7.240e-05
  7519  +3.3532006422     13735  +3.3532714844  +7.084e-05
  7520  +3.3536904108     13737  +3.3537597656  +6.935e-05
  7521  +3.3541801078     13739  +3.3542480469  +6.794e-05
  7522  +3.3546697334     13741  +3.3547363281  +6.659e-05
  7523  +3.3551592876     13743  +3.3552246094  +6.532e-05
  7524  +3.3556487703     13745  +3.3557128906  +6.412e-05
  7525  +3.3561381816     13747  +3.3562011719  +6.299e-05
  7526  +3.3566275216     13749  +3.3566894531  +6.193e-05
  7527  +3.3571167902     13751  +3.3571777344  +6.094e-05
  7528  +3.3576059876     13753  +3.3576660156  +6.003e-05
  7529  +3.3580951137     13755  +3.3581542969  +5.918e-05
  7530  +3.3585841685     13757  +3.3586425781  +5.841e-05
  7531  +3.3590731522     13759  +3.3591308594  +5.771e-05
  7532  +3.3595620647     13761  +3.3596191406  +5.708e-05
  7533  +3.3600509060     13763  +3.3601074219  +5.652e-05
  7534  +3.3605396762     13765  +3.3605957031  +5.603e-05
  7535  +3.3610283754     13767  +3.3610839844  +5.561e-05
  7536  +3.3615170035     13769  +3.3615722656  +5.526e-05
  7537  +3.3620055605     13771  +3.3620605469  +5.499e-05
  7538  +3.3624940466     13773  +3.3625488281  +5.478e-05
  7539  +3.3629824618     13775  +3.3630371094  +5.465e-05
  7540  +3.3634708060     13777  +3.3635253906  +5.458e-05
  7541  +3.3639590793     13779  +3.3640136719  +5.459e-05
  7542  +3.3644472818     13781  +3.3645019531  +5.467e-05
  7543  +3.3649354134     13783  +3.3649902344  +5.482e-05
  7544  +3.3654234743     13785  +3.3654785156  +5.504e-05
  7545  +3.3659114643     13787  +3.3659667969  +5.533e-05
  7546  +3.3663993837     13789  +3.3664550781  +5.569e-05
  7547  +3.3668872323     13791  +3.3669433594  +5.613e-05
  7548  +3.3673750102     13793  +3.3674316406  +5.663e-05
  7549  +3.3678627175     13795  +3.3679199219  +5.720e-05
  7550  +3.3683503542     13797  +3.3684082031  +5.785e-05
  7551  +3.3688379203     13799  +3.3688964844  +5.856e-05
  7552  +3.3693254159     13801  +3.3693847656  +5.935e-05
  7553  +3.3698128409     13803  +3.3698730469  +6.021e-05
  7554  +3.3703001954     13805  +3.3703613281  +6.113e-05
  7555  +3.3707874795     13807  +3.3708496094  +6.213e-05
  7556  +3.3712746931     13809  +3.3713378906  +6.320e-05
  7557  +3.3717618363     13811  +3.3718261719  +6.434e-05
  7558  +3.3722489092     13813  +3.3723144531  +6.554e-05
  7559  +3.3727359117     13815  +3.3728027344  +6.682e-05
  7560  +3.3732228439     13817  +3.3732910156  +6.817e-05
  7561  +3.3737097058     13819  +3.3737792969  +6.959e-05
  7562  +3.3741964975     13821  +3.3742675781  +7.108e-05
  7563  +3.3746832190     13823  +3.3747558594  +7.264e-05
  7564  +3.3751698702     13825  +3.3752441406  +7.427e-05
  7565  +3.3756564513     13827  +3.3757324219  +7.597e-05
  7566  +3.3761429623     13829  +3.3762207031  +7.774e-05
  7567  +3.3766294032     13831  +3.3767089844  +7.958e-05
  7568  +3.3771157740     13833  +3.3771972656  +8.149e-05
  7569  +3.3776020748     13835  +3.3776855469  +8.347e-05
  7570  +3.3780883056     13837  +3.3781738281  +8.552e-05
  7571  +3.3785744664     13839  +3.3786621094  +8.764e-05
  7572  +3.3790605572     13841  +3.3791503906  +8.983e-05
  7573  +3.3795465782     13843  +3.3796386719  +9.209e-05
  7574  +3.3800325292     13845  +3.3801269531  +9.442e-05
  7575  +3.3805184104     13847  +3.3806152344  +9.682e-05
  7576  +3.3810042218     13849  +3.3811035156  +9.929e-05
  7577  +3.3814899634     13851  +3.3815917969  +1.018e-04
  7578  +3.3819756352     13853  +3.3820800781  +1.044e-04
  7579  +3.3824612373     13855  +3.3825683594  +1.071e-04
  7580  +3.3829467696     13857  +3.3830566406  +1.099e-04
  7581  +3.3834322323     13859  +3.3835449219  +1.127e-04
  7582  +3.3839176254     13861  +3.3840332031  +1.156e-04
  7583  +3.3844029488     13863  +3.3845214844  +1.185e-04
  7584  +3.3848882027     13865  +3.3850097656  +1.216e-04
  7585  +3.3853733870     13866  +3.3852539062  -1.195e-04
  7586  +3.3858585017     13868  +3.3857421875  -1.163e-04
  7587  +3.3863435470     13870  +3.3862304688  -1.131e-04
  7588  +3.3868285228     13872  +3.3867187500  -1.098e-04
  7589  +3.3873134292     13874  +3.3872070312  -1.064e-04
  7590  +3.3877982661     13876  +3.3876953125  -1.030e-04
  7591  +3.3882830337     13878  +3.3881835938  -9.944e-05
  7592  +3.3887677320     13880  +3.3886718750  -9.586e-05
  7593  +3.3892523609     13882  +3.3891601562  -9.220e-05
  7594  +3.3897369205     13884  +3.3896484375  -8.848e-05
  7595  +3.3902214109     13886  +3.3901367188  -8.469e-05
  7596  +3.3907058321     13888  +3.3906250000  -8.083e-05
  7597  +3.3911901840     13890  +3.3911132812  -7.690e-05
  7598  +3.3916744668     13892  +3.3916015625  -7.290e-05
  7599  +3.3921586804     13894  +3.3920898438  -6.884e-05
  7600  +3.3926428250     13896  +3.3925781250  -6.470e-05
  7601  +3.3931269004     13898  +3.3930664062  -6.049e-05
  7602  +3.3936109068     13900  +3.3935546875  -5.622e-05
  7603  +3.3940948442     13902  +3.3940429688  -5.188e-05
  7604  +3.3945787126     13904  +3.3945312500  -4.746e-05
  7605  +3.3950625121     13906  +3.3950195312  -4.298e-05
  7606  +3.3955462426     13908  +3.3955078125  -3.843e-05
  7607  +3.3960299042     13910  +3.3959960938  -3.381e-05
  7608  +3.3965134969     13912  +3.3964843750  -2.912e-05
  7609  +3.3969970208     13914  +3.3969726562  -2.436e-05
  7610  +3.3974804758     13916  +3.3974609375  -1.954e-05
  7611  +3.3979638621     13918  +3.3979492188  -1.464e-05
  7612  +3.3984471796     13920  +3.3984375000  -9.680e-06
  7613  +3.3989304285     13922  +3.3989257812  -4.647e-06
  7614  +3.3994136086     13924  +3.3994140625  +4.539e-07
  7615  +3.3998967200     13926  +3.3999023438  +5.624e-06
  7616  +3.4003797628     13928  +3.4003906250  +1.086e-05
  7617  +3.4008627370     13930  +3.4008789062  +1.617e-05
  7618  +3.4013456426     13932  +3.4013671875  +2.154e-05
  7619  +3.4018284796     13934  +3.4018554688  +2.699e-05
  7620  +3.4023112482     13936  +3.4023437500  +3.250e-05
  7621  +3.4027939482     13938  +3.4028320312  +3.808e-05
  7622  +3.4032765798     13940  +3.4033203125  +4.373e-05
  7623  +3.4037591430     13942  +3.4038085938  +4.945e-05
  7624  +3.4042416377     13944  +3.4042968750  +5.524e-05
  7625  +3.4047240641     13946  +3.4047851562  +6.109e-05
  7626  +3.4052064221     13948  +3.4052734375  +6.702e-05
  7627  +3.4056887118     13950  +3.4057617188  +7.301e-05
  7628  +3.4061709332     13952  +3.4062500000  +7.907e-05
  7629  +3.4066530864     13954  +3.4067382812  +8.519e-05
  7630  +3.4071351713     13956  +3.4072265625  +9.139e-05
  7631  +3.4076171880     13958  +3.4077148438  +9.766e-05
  7632  +3.4080991365     13960  +3.4082031250  +1.040e-04
  7633  +3.4085810169     13962  +3.4086914062  +1.104e-04
  7634  +3.4090628292     13964  +3.4091796875  +1.169e-04
  7635  +3.4095445734     13965  +3.4094238281  -1.207e-04
  7636  +3.4100262496     13967  +3.4099121094  -1.141e-04
  7637  +3.4105078577     13969  +3.4104003906  -1.075e-04
  7638  +3.4109893978     13971  +3.4108886719  -1.007e-04
  7639  +3.4114708700     13973  +3.4113769531  -9.392e-05
  7640  +3.4119522742     13975  +3.4118652344  -8.704e-05
  7641  +3.4124336105     13977  +3.4123535156  -8.009e-05
  7642  +3.4129148789     13979  +3.4128417969  -7.308e-05
  7643  +3.4133960794     13981  +3.4133300781  -6.600e-05
  7644  +3.4138772121     13983  +3.4138183594  -5.885e-05
  7645  +3.4143582771     13985  +3.4143066406  -5.164e-05
  7646  +3.4148392742     13987  +3.4147949219  -4.435e-05
  7647  +3.4153202036     13989  +3.4152832031  -3.700e-05
  7648  +3.4158010653     13991  +3.4157714844  -2.958e-05
  7649  +3.4162818593     13993  +3.4162597656  -2.209e-05
  7650  +3.4167625857     13995  +3.4167480469  -1.454e-05
  7651  +3.4172432444     13997  +3.4172363281  -6.916e-06
  7652  +3.4177238356     13999  +3.4177246094  +7.738e-07
  7653  +3.4182043591     14001  +3.4182128906  +8.531e-06
  7654  +3.4186848152     14003  +3.4187011719  +1.636e-05
  7655  +3.4191652037     14005  +3.4191894531  +2.425e-05
  7656  +3.4196455247     14007  +3.4196777344  +3.221e-05
  7657  +3.4201257783     14009  +3.4201660156  +4.024e-05
  7658  +3.4206059644     14011  +3.4206542969  +4.833e-05
  7659  +3.4210860831     14013  +3.4211425781  +5.649e-05
  7660  +3.4215661345     14015  +3.4216308594  +6.472e-05
  7661  +3.4220461185     14017  +3.4221191406  +7.302e-05
  7662  +3.4225260353     14019  +3.4226074219  +8.139e-05
  7663  +3.4230058847     14021  +3.4230957031  +8.982e-05
  7664  +3.4234856669     14023  +3.4235839844  +9.832e-05
  7665  +3.4239653818     14025  +3.4240722656  +1.069e-04
  7666  +3.4244450295     14027  +3.4245605469  +1.155e-04
  7667  +3.4249246101     14028  +3.4248046875  -1.199e-04
  7668  +3.4254041235     14030  +3.4252929688  -1.112e-04
  7669  +3.4258835698     14032  +3.4257812500  -1.023e-04
  7670  +3.4263629491     14034  +3.4262695312  -9.342e-05
  7671  +3.4268422612     14036  +3.4267578125  -8.445e-05
  7672  +3.4273215063     14038  +3.4272460938  -7.541e-05
  7673  +3.4278006845     14040  +3.4277343750  -6.631e-05
  7674  +3.4282797956     14042  +3.4282226562  -5.714e-05
  7675  +3.4287588398     14044  +3.4287109375  -4.790e-05
  7676  +3.4292378171     14046  +3.4291992188  -3.860e-05
  7677  +3.4297167275     14048  +3.4296875000  -2.923e-05
  7678  +3.4301955710     14050  +3.4301757812  -1.979e-05
  7679  +3.4306743477     14052  +3.4306640625  -1.029e-05
  7680  +3.4311530576     14054  +3.4311523438  -7.138e-07
  7681  +3.4316317007     14056  +3.4316406250  +8.924e-06
  7682  +3.4321102770     14058  +3.4321289062  +1.863e-05
  7683  +3.4325887867     14060  +3.4326171875  +2.840e-05
  7684  +3.4330672296     14062  +3.4331054688  +3.824e-05
  7685  +3.4335456058     14064  +3.4335937500  +4.814e-05
  7686  +3.4340239155     14066  +3.4340820312  +5.812e-05
  7687  +3.4345021585     14068  +3.4345703125  +6.815e-05
  7688  +3.4349803349     14070  +3.4350585938  +7.826e-05
  7689  +3.4354584448     14072  +3.4355468750  +8.843e-05
  7690  +3.4359364881     14074  +3.4360351562  +9.867e-05
  7691  +3.4364144649     14076  +3.4365234375  +1.090e-04
  7692  +3.4368923753     14078  +3.4370117188  +1.193e-04
  7693  +3.4373702192     14079  +3.4372558594  -1.144e-04
  7694  +3.4378479967     14081  +3.4377441406  -1.039e-04
  7695  +3.4383257078     14083  +3.4382324219  -9.329e-05
  7696  +3.4388033526     14085  +3.4387207031  -8.265e-05
  7697  +3.4392809310     14087  +3.4392089844  -7.195e-05
  7698  +3.4397584431     14089  +3.4396972656  -6.118e-05
  7699  +3.4402358889     14091  +3.4401855469  -5.034e-05
  7700  +3.4407132685     14093  +3.4406738281  -3.944e-05
  7701  +3.4411905819     14095  +3.4411621094  -2.847e-05
  7702  +3.4416678290     14097  +3.4416503906  -1.744e-05
  7703  +3.4421450100     14099  +3.4421386719  -6.338e-06
  7704  +3.4426221248     14101  +3.4426269531  +4.828e-06
  7705  +3.4430991736     14103  +3.4431152344  +1.606e-05
  7706  +3.4435761562     14105  +3.4436035156  +2.736e-05
  7707  +3.4440530728     14107  +3.4440917969  +3.872e-05
  7708  +3.4445299233     14109  +3.4445800781  +5.015e-05
  7709  +3.4450067079     14111  +3.4450683594  +6.165e-05
  7710  +3.4454834265     14113  +3.4455566406  +7.321e-05
  7711  +3.4459600791     14115  +3.4460449219  +8.484e-05
  7712  +3.4464366658     14117  +3.4465332031  +9.654e-05
  7713  +3.4469131866     14119  +3.4470214844  +1.083e-04
  7714  +3.4473896415     14121  +3.4475097656  +1.201e-04
  7715  +3.4478660306     14122  +3.4477539062  -1.121e-04
  7716  +3.4483423539     14124  +3.4482421875  -1.002e-04
  7717  +3.4488186114     14126  +3.4487304688  -8.814e-05
  7718  +3.4492948031     14128  +3.4492187500  -7.605e-05
  7719  +3.4497709291     14130  +3.4497070312  -6.390e-05
  7720  +3.4502469894     14132  +3.4501953125  -5.168e-05
  7721  +3.4507229840     14134  +3.4506835938  -3.939e-05
  7722  +3.4511989130     14136  +3.4511718750  -2.704e-05
  7723  +3.4516747763     14138  +3.4516601562  -1.462e-05
  7724  +3.4521505741     14140  +3.4521484375  -2.137e-06
  7725  +3.4526263063     14142  +3.4526367188  +1.041e-05
  7726  +3.4531019729     14144  +3.4531250000  +2.303e-05
  7727  +3.4535775740     14146  +3.4536132812  +3.571e-05
  7728  +3.4540531097     14148  +3.4541015625  +4.845e-05
  7729  +3.4545285799     14150  +3.4545898438  +6.126e-05
  7730  +3.4550039846     14152  +3.4550781250  +7.414e-05
  7731  +3.4554793239     14154  +3.4555664062  +8.708e-05
  7732  +3.4559545979     14156  +3.4560546875  +1.001e-04
  7733  +3.4564298065     14158  +3.4565429688  +1.132e-04
  7734  +3.4569049498     14159  +3.4567871094  -1.178e-04
  7735  +3.4573800278     14161  +3.4572753906  -1.046e-04
  7736  +3.4578550405     14163  +3.4577636719  -9.137e-05
  7737  +3.4583299880     14165  +3.4582519531  -7.803e-05
  7738  +3.4588048702     14167  +3.4587402344  -6.464e-05
  7739  +3.4592796873     14169  +3.4592285156  -5.117e-05
  7740  +3.4597544392     14171  +3.4597167969  -3.764e-05
  7741  +3.4602291259     14173  +3.4602050781  -2.405e-05
  7742  +3.4607037476     14175  +3.4606933594  -1.039e-05
  7743  +3.4611783042     14177  +3.4611816406  +3.336e-06
  7744  +3.4616527957     14179  +3.4616699219  +1.713e-05
  7745  +3.4621272222     14181  +3.4621582031  +3.098e-05
  7746  +3.4626015836     14183  +3.4626464844  +4.490e-05
  7747  +3.4630758801     14185  +3.4631347656  +5.889e-05
  7748  +3.4635501117     14187  +3.4636230469  +7.294e-05
  7749  +3.4640242783     14189  +3.4641113281  +8.705e-05
  7750  +3.4644983800     14191  +3.4645996094  +1.012e-04
  7751  +3.4649724169     14193  +3.4650878906  +1.155e-04
  7752  +3.4654463889     14194  +3.4653320312  -1.144e-04
  7753  +3.4659202961     14196  +3.4658203125  -9.998e-05
  7754  +3.4663941385     14198  +3.4663085938  -8.554e-05
  7755  +3.4668679162     14200  +3.4667968750  -7.104e-05
  7756  +3.4673416291     14202  +3.4672851562  -5.647e-05
  7757  +3.4678152773     14204  +3.4677734375  -4.184e-05
  7758  +3.4682888608     14206  +3.4682617188  -2.714e-05
  7759  +3.4687623797     14208  +3.4687500000  -1.238e-05
  7760  +3.4692358339     14210  +3.4692382812  +2.447e-06
  7761  +3.4697092235     14212  +3.4697265625  +1.734e-05
  7762  +3.4701825486     14214  +3.4702148438  +3.230e-05
  7763  +3.4706558090     14216  +3.4707031250  +4.732e-05
  7764  +3.4711290050     14218  +3.4711914062  +6.240e-05
  7765  +3.4716021365     14220  +3.4716796875  +7.755e-05
  7766  +3.4720752035     14222  +3.4721679688  +9.277e-05
  7767  +3.4725482060     14224  +3.4726562500  +1.080e-04
  7768  +3.4730211442     14225  +3.4729003906  -1.208e-04
  7769  +3.4734940179     14227  +3.4733886719  -1.053e-04
  7770  +3.4739668273     14229  +3.4738769531  -8.987e-05
  7771  +3.4744395723     14231  +3.4743652344  -7.434e-05
  7772  +3.4749122530     14233  +3.4748535156  -5.874e-05
  7773  +3.4753848694     14235  +3.4753417969  -4.307e-05
  7774  +3.4758574216     14237  +3.4758300781  -2.734e-05
  7775  +3.4763299095     14239  +3.4763183594  -1.155e-05
  7776  +3.4768023332     14241  +3.4768066406  +4.307e-06
  7777  +3.4772746928     14243  +3.4772949219  +2.023e-05
  7778  +3.4777469882     14245  +3.4777832031  +3.621e-05
  7779  +3.4782192194     14247  +3.4782714844  +5.226e-05
  7780  +3.4786913865     14249  +3.4787597656  +6.838e-05
  7781  +3.4791634896     14251  +3.4792480469  +8.456e-05
  7782  +3.4796355286     14253  +3.4797363281  +1.008e-04
  7783  +3.4801075036     14255  +3.4802246094  +1.171e-04
  7784  +3.4805794146     14256  +3.4804687500  -1.107e-04
  7785  +3.4810512616     14258  +3.4809570312  -9.423e-05
  7786  +3.4815230446     14260  +3.4814453125  -7.773e-05
  7787  +3.4819947638     14262  +3.4819335938  -6.117e-05
  7788  +3.4824664190     14264  +3.4824218750  -4.454e-05
  7789  +3.4829380104     14266  +3.4829101562  -2.785e-05
  7790  +3.4834095379     14268  +3.4833984375  -1.110e-05
  7791  +3.4838810016     14270  +3.4838867188  +5.717e-06
  7792  +3.4843524015     14272  +3.4843750000  +2.260e-05
  7793  +3.4848237376     14274  +3.4848632812  +3.954e-05
  7794  +3.4852950100     14276  +3.4853515625  +5.655e-05
  7795  +3.4857662187     14278  +3.4858398438  +7.363e-05
  7796  +3.4862373637     14280  +3.4863281250  +9.076e-05
  7797  +3.4867084450     14282  +3.4868164062  +1.080e-04
  7798  +3.4871794627     14283  +3.4870605469  -1.189e-04
  7799  +3.4876504168     14285  +3.4875488281  -1.016e-04
  7800  +3.4881213073     14287  +3.4880371094  -8.420e-05
  7801  +3.4885921342     14289  +3.4885253906  -6.674e-05
  7802  +3.4890628976     14291  +3.4890136719  -4.923e-05
  7803  +3.4895335975     14293  +3.4895019531  -3.164e-05
  7804  +3.4900042339     14295  +3.4899902344  -1.400e-05
  7805  +3.4904748069     14297  +3.4904785156  +3.709e-06
  7806  +3.4909453164     14299  +3.4909667969  +2.148e-05
  7807  +3.4914157625     14301  +3.4914550781  +3.932e-05
  7808  +3.4918861452     14303  +3.4919433594  +5.721e-05
  7809  +3.4923564646     14305  +3.4924316406  +7.518e-05
  7810  +3.4928267206     14307  +3.4929199219  +9.320e-05
  7811  +3.4932969134     14309  +3.4934082031  +1.113e-04
  7812  +3.4937670428     14310  +3.4936523438  -1.147e-04
  7813  +3.4942371090     14312  +3.4941406250  -9.648e-05
  7814  +3.4947071120     14314  +3.4946289062  -7.821e-05
  7815  +3.4951770518     14316  +3.4951171875  -5.986e-05
  7816  +3.4956469284     14318  +3.4956054688  -4.146e-05
  7817  +3.4961167418     14320  +3.4960937500  -2.299e-05
  7818  +3.4965864921     14322  +3.4965820312  -4.461e-06
  7819  +3.4969280891     14323  +3.4968261719  -1.019e-04
  7820  +3.4969280891     14323  +3.4968261719  -1.019e-04
  7821  +3.4969280891     14323  +3.4968261719  -1.019e-04
  7822  +3.4969280891     14323  +3.4968261719  -1.019e-04
  7823  +3.4969280891     14323  +3.4968261719  -1.019e-04
  7824  +3.4969280891     14323  +3.4968261719  -1.019e-04
  7825  +3.4969280891     14323  +3.4968261719  -1.019e-04
  7826  +3.4969280891     14323  +3.4968261719  -1.019e-04
  7827  +3.4969280891     14323  +3.4968261719  -1.019e-04
  7828  +3.4969280891     14323  +3.4968261719  -1.019e-04
  7829  +3.4969280891     14323  +3.4968261719  -1.019e-04
  7830  +3.4969280891     14323  +3.4968261719  -1.019e-04
  7831  +3.4969280891     14323  +3.4968261719  -1.019e-04
  7832  +3.4969280891     14323  +3.4968261719  -1.019e-04
  7833  +3.4969280891     14323  +3.4968261719  -1.019e-04
  7834  +3.4969280891     14323  +3.4968261719  -1.019e-04
  7835  +3.4969280891     14323  +3.4968261719  -1.019e-04
  7836  +3.4969280891     14323  +3.4968261719  -1.019e-04
  7837  +3.4969280891     14323  +3.4968261719  -1.019e-04
  7838  +3.4969280891     14323  +3.4968261719  -1.019e-04
  7839  +3.4969280891     14323  +3.4968261719  -1.019e-04
  7840  +3.4969280891     14323  +3.4968261719  -1.019e-04
  7841  +3.4969280891     14323  +3.4968261719  -1.019e-04
  7842  +3.4969280891     14323  +3.4968261719  -1.019e-04
  7843  +3.4969280891     14323  +3.4968261719  -1.019e-04
  7844  +3.4969280891     14323  +3.4968261719  -1.019e-04
  7845  +3.4969280891     14323  +3.4968261719  -1.019e-04
  7846  +3.4969280891     14323  +3.4968261719  -1.019e-04
  7847  +3.4969280891     14323  +3.4968261719  -1.019e-04
  7848  +3.4969280891     14323  +3.4968261719  -1.019e-04
  7849  +3.4969280891     14323  +3.4968261719  -1.019e-04
  7850  +3.4969280891     14323  +3.4968261719  -1.019e-04
  7851  +3.4969280891     14323  +3.4968261719  -1.019e-04
  7852  +3.4969280891     14323  +3.4968261719  -1.019e-04
  7853  +3.4969280891     14323  +3.4968261719  -1.019e-04
  7854  +3.4969280891     14323  +3.4968261719  -1.019e-04
  7855  +3.4969280891     14323  +3.4968261719  -1.019e-04
  7856  +3.4969280891     14323  +3.4968261719  -1.019e-04
  7857  +3.4969280891     14323  +3.4968261719  -1.019e-04
  7858  +3.4969280891     14323  +3.4968261719  -1.019e-04
  7859  +3.4969280891     14323  +3.4968261719  -1.019e-04
  7860  +3.4969280891     14323  +3.4968261719  -1.019e-04
  7861  +3.4969280891     14323  +3.4968261719  -1.019e-04
  7862  +3.4969280891     14323  +3.4968261719  -1.019e-04
  7863  +3.4969280891     14323  +3.4968261719  -1.019e-04
  7864  +3.4969280891     14323  +3.4968261719  -1.019e-04
  7865  +3.4969280891     14323  +3.4968261719  -1.019e-04
  7866  +3.4969280891     14323  +3.4968261719  -1.019e-04
  7867  +3.4969280891     14323  +3.4968261719  -1.019e-04
  7868  +3.4969280891     14323  +3.4968261719  -1.019e-04
  7869  +3.4969280891     14323  +3.4968261719  -1.019e-04
  7870  +3.4969280891     14323  +3.4968261719  -1.019e-04
  7871  +3.4969280891     14323  +3.4968261719  -1.019e-04
  7872  +3.4969280891     14323  +3.4968261719  -1.019e-04
  7873  +3.4969280891     14323  +3.4968261719  -1.019e-04
  7874  +3.4969280891     14323  +3.4968261719  -1.019e-04
  7875  +3.4969280891     14323  +3.4968261719  -1.019e-04
  7876  +3.4969280891     14323  +3.4968261719  -1.019e-04
  7877  +3.4969280891     14323  +3.4968261719  -1.019e-04
  7878  +3.4969280891     14323  +3.4968261719  -1.019e-04
  7879  +3.4969280891     14323  +3.4968261719  -1.019e-04
  7880  +3.4969280891     14323  +3.4968261719  -1.019e-04
  7881  +3.4969280891     14323  +3.4968261719  -1.019e-04
  7882  +3.4969280891     14323  +3.4968261719  -1.019e-04
  7883  +3.4969280891     14323  +3.4968261719  -1.019e-04
  7884  +3.4969280891     14323  +3.4968261719  -1.019e-04
  7885  +3.4969280891     14323  +3.4968261719  -1.019e-04
  7886  +3.4969280891     14323  +3.4968261719  -1.019e-04
  7887  +3.4969280891     14323  +3.4968261719  -1.019e-04
  7888  +3.4969280891     14323  +3.4968261719  -1.019e-04
  7889  +3.4969280891     14323  +3.4968261719  -1.019e-04
  7890  +3.4969280891     14323  +3.4968261719  -1.019e-04
  7891  +3.4969280891     14323  +3.4968261719  -1.019e-04
  7892  +3.4969280891     14323  +3.4968261719  -1.019e-04
  7893  +3.4969280891     14323  +3.4968261719  -1.019e-04
  7894  +3.4969280891     14323  +3.4968261719  -1.019e-04
  7895  +3.4969280891     14323  +3.4968261719  -1.019e-04
  7896  +3.4969280891     14323  +3.4968261719  -1.019e-04
  7897  +3.4969280891     14323  +3.4968261719  -1.019e-04
  7898  +3.4969280891     14323  +3.4968261719  -1.019e-04
  7899  +3.4969280891     14323  +3.4968261719  -1.019e-04
  7900  +3.4969280891     14323  +3.4968261719  -1.019e-04
  7901  +3.4969280891     14323  +3.4968261719  -1.019e-04
  7902  +3.4969280891     14323  +3.4968261719  -1.019e-04
  7903  +3.4969280891     14323  +3.4968261719  -1.019e-04
  7904  +3.4969280891     14323  +3.4968261719  -1.019e-04
  7905  +3.4969280891     14323  +3.4968261719  -1.019e-04
  7906  +3.4969280891     14323  +3.4968261719  -1.019e-04
  7907  +3.4969280891     14323  +3.4968261719  -1.019e-04
  7908  +3.4969280891     14323  +3.4968261719  -1.019e-04
  7909  +3.4969280891     14323  +3.4968261719  -1.019e-04
  7910  +3.4969280891     14323  +3.4968261719  -1.019e-04
  7911  +3.4969280891     14323  +3.4968261719  -1.019e-04
  7912  +3.4969280891     14323  +3.4968261719  -1.019e-04
  7913  +3.4969280891     14323  +3.4968261719  -1.019e-04
  7914  +3.4969280891     14323  +3.4968261719  -1.019e-04
  7915  +3.4969280891     14323  +3.4968261719  -1.019e-04
  7916  +3.4969280891     14323  +3.4968261719  -1.019e-04
  7917  +3.4969280891     14323  +3.4968261719  -1.019e-04
  7918  +3.4969280891     14323  +3.4968261719  -1.019e-04
  7919  +3.4969280891     14323  +3.4968261719  -1.019e-04
  7920  +3.4969280891     14323  +3.4968261719  -1.019e-04
  7921  +3.4969280891     14323  +3.4968261719  -1.019e-04
  7922  +3.4969280891     14323  +3.4968261719  -1.019e-04
  7923  +3.4969280891     14323  +3.4968261719  -1.019e-04
  7924  +3.4969280891     14323  +3.4968261719  -1.019e-04
  7925  +3.4969280891     14323  +3.4968261719  -1.019e-04
  7926  +3.4969280891     14323  +3.4968261719  -1.019e-04
  7927  +3.4969280891     14323  +3.4968261719  -1.019e-04
  7928  +3.4969280891     14323  +3.4968261719  -1.019e-04
  7929  +3.4969280891     14323  +3.4968261719  -1.019e-04
  7930  +3.4969280891     14323  +3.4968261719  -1.019e-04
  7931  +3.4969280891     14323  +3.4968261719  -1.019e-04
  7932  +3.4969280891     14323  +3.4968261719  -1.019e-04
  7933  +3.4969280891     14323  +3.4968261719  -1.019e-04
  7934  +3.4969280891     14323  +3.4968261719  -1.019e-04
  7935  +3.4969280891     14323  +3.4968261719  -1.019e-04
  7936  +3.4969280891     14323  +3.4968261719  -1.019e-04
  7937  +3.4969280891     14323  +3.4968261719  -1.019e-04
  7938  +3.4969280891     14323  +3.4968261719  -1.019e-04
  7939  +3.4969280891     14323  +3.4968261719  -1.019e-04
  7940  +3.4969280891     14323  +3.4968261719  -1.019e-04
  7941  +3.4969280891     14323  +3.4968261719  -1.019e-04
  7942  +3.4969280891     14323  +3.4968261719  -1.019e-04
  7943  +3.4969280891     14323  +3.4968261719  -1.019e-04
  7944  +3.4969280891     14323  +3.4968261719  -1.019e-04
  7945  +3.4969280891     14323  +3.4968261719  -1.019e-04
  7946  +3.4969280891     14323  +3.4968261719  -1.019e-04
  7947  +3.4969280891     14323  +3.4968261719  -1.019e-04
  7948  +3.4969280891     14323  +3.4968261719  -1.019e-04
  7949  +3.4969280891     14323  +3.4968261719  -1.019e-04
  7950  +3.4969280891     14323  +3.4968261719  -1.019e-04
  7951  +3.4969280891     14323  +3.4968261719  -1.019e-04
  7952  +3.4969280891     14323  +3.4968261719  -1.019e-04
  7953  +3.4969280891     14323  +3.4968261719  -1.019e-04
  7954  +3.4969280891     14323  +3.4968261719  -1.019e-04
  7955  +3.4969280891     14323  +3.4968261719  -1.019e-04
  7956  +3.4969280891     14323  +3.4968261719  -1.019e-04
  7957  +3.4969280891     14323  +3.4968261719  -1.019e-04
  7958  +3.4969280891     14323  +3.4968261719  -1.019e-04
  7959  +3.4969280891     14323  +3.4968261719  -1.019e-04
  7960  +3.4969280891     14323  +3.4968261719  -1.019e-04
  7961  +3.4969280891     14323  +3.4968261719  -1.019e-04
  7962  +3.4969280891     14323  +3.4968261719  -1.019e-04
  7963  +3.4969280891     14323  +3.4968261719  -1.019e-04
  7964  +3.4969280891     14323  +3.4968261719  -1.019e-04
  7965  +3.4969280891     14323  +3.4968261719  -1.019e-04
  7966  +3.4969280891     14323  +3.4968261719  -1.019e-04
  7967  +3.4969280891     14323  +3.4968261719  -1.019e-04
  7968  +3.4969280891     14323  +3.4968261719  -1.019e-04
  7969  +3.4969280891     14323  +3.4968261719  -1.019e-04
  7970  +3.4969280891     14323  +3.4968261719  -1.019e-04
  7971  +3.4969280891     14323  +3.4968261719  -1.019e-04
  7972  +3.4969280891     14323  +3.4968261719  -1.019e-04
  7973  +3.4969280891     14323  +3.4968261719  -1.019e-04
  7974  +3.4969280891     14323  +3.4968261719  -1.019e-04
  7975  +3.4969280891     14323  +3.4968261719  -1.019e-04
  7976  +3.4969280891     14323  +3.4968261719  -1.019e-04
  7977  +3.4969280891     14323  +3.4968261719  -1.019e-04
  7978  +3.4969280891     14323  +3.4968261719  -1.019e-04
  7979  +3.4969280891     14323  +3.4968261719  -1.019e-04
  7980  +3.4969280891     14323  +3.4968261719  -1.019e-04
  7981  +3.4969280891     14323  +3.4968261719  -1.019e-04
  7982  +3.4969280891     14323  +3.4968261719  -1.019e-04
  7983  +3.4969280891     14323  +3.4968261719  -1.019e-04
  7984  +3.4969280891     14323  +3.4968261719  -1.019e-04
  7985  +3.4969280891     14323  +3.4968261719  -1.019e-04
  7986  +3.4969280891     14323  +3.4968261719  -1.019e-04
  7987  +3.4969280891     14323  +3.4968261719  -1.019e-04
  7988  +3.4969280891     14323  +3.4968261719  -1.019e-04
  7989  +3.4969280891     14323  +3.4968261719  -1.019e-04
  7990  +3.4969280891     14323  +3.4968261719  -1.019e-04
  7991  +3.4969280891     14323  +3.4968261719  -1.019e-04
  7992  +3.4969280891     14323  +3.4968261719  -1.019e-04
  7993  +3.4969280891     14323  +3.4968261719  -1.019e-04
  7994  +3.4969280891     14323  +3.4968261719  -1.019e-04
  7995  +3.4969280891     14323  +3.4968261719  -1.019e-04
  7996  +3.4969280891     14323  +3.4968261719  -1.019e-04
  7997  +3.4969280891     14323  +3.4968261719  -1.019e-04
  7998  +3.4969280891     14323  +3.4968261719  -1.019e-04
  7999  +3.4969280891     14323  +3.4968261719  -1.019e-04
  8000  +3.4969280891     14323  +3.4968261719  -1.019e-04
  8001  +3.4969280891     14323  +3.4968261719  -1.019e-04
  8002  +3.4969280891     14323  +3.4968261719  -1.019e-04
  8003  +3.4969280891     14323  +3.4968261719  -1.019e-04
  8004  +3.4969280891     14323  +3.4968261719  -1.019e-04
  8005  +3.4969280891     14323  +3.4968261719  -1.019e-04
  8006  +3.4969280891     14323  +3.4968261719  -1.019e-04
  8007  +3.4969280891     14323  +3.4968261719  -1.019e-04
  8008  +3.4969280891     14323  +3.4968261719  -1.019e-04
  8009  +3.4969280891     14323  +3.4968261719  -1.019e-04
  8010  +3.4969280891     14323  +3.4968261719  -1.019e-04
  8011  +3.4969280891     14323  +3.4968261719  -1.019e-04
  8012  +3.4969280891     14323  +3.4968261719  -1.019e-04
  8013  +3.4969280891     14323  +3.4968261719  -1.019e-04
  8014  +3.4969280891     14323  +3.4968261719  -1.019e-04
  8015  +3.4969280891     14323  +3.4968261719  -1.019e-04
  8016  +3.4969280891     14323  +3.4968261719  -1.019e-04
  8017  +3.4969280891     14323  +3.4968261719  -1.019e-04
  8018  +3.4969280891     14323  +3.4968261719  -1.019e-04
  8019  +3.4969280891     14323  +3.4968261719  -1.019e-04
  8020  +3.4969280891     14323  +3.4968261719  -1.019e-04
  8021  +3.4969280891     14323  +3.4968261719  -1.019e-04
  8022  +3.4969280891     14323  +3.4968261719  -1.019e-04
  8023  +3.4969280891     14323  +3.4968261719  -1.019e-04
  8024  +3.4969280891     14323  +3.4968261719  -1.019e-04
  8025  +3.4969280891     14323  +3.4968261719  -1.019e-04
  8026  +3.4969280891     14323  +3.4968261719  -1.019e-04
  8027  +3.4969280891     14323  +3.4968261719  -1.019e-04
  8028  +3.4969280891     14323  +3.4968261719  -1.019e-04
  8029  +3.4969280891     14323  +3.4968261719  -1.019e-04
  8030  +3.4969280891     14323  +3.4968261719  -1.019e-04
  8031  +3.4969280891     14323  +3.4968261719  -1.019e-04
  8032  +3.4969280891     14323  +3.4968261719  -1.019e-04
  8033  +3.4969280891     14323  +3.4968261719  -1.019e-04
  8034  +3.4969280891     14323  +3.4968261719  -1.019e-04
  8035  +3.4969280891     14323  +3.4968261719  -1.019e-04
  8036  +3.4969280891     14323  +3.4968261719  -1.019e-04
  8037  +3.4969280891     14323  +3.4968261719  -1.019e-04
  8038  +3.4969280891     14323  +3.4968261719  -1.019e-04
  8039  +3.4969280891     14323  +3.4968261719  -1.019e-04
  8040  +3.4969280891     14323  +3.4968261719  -1.019e-04
  8041  +3.4969280891     14323  +3.4968261719  -1.019e-04
  8042  +3.4969280891     14323  +3.4968261719  -1.019e-04
  8043  +3.4969280891     14323  +3.4968261719  -1.019e-04
  8044  +3.4969280891     14323  +3.4968261719  -1.019e-04
  8045  +3.4969280891     14323  +3.4968261719  -1.019e-04
  8046  +3.4969280891     14323  +3.4968261719  -1.019e-04
  8047  +3.4969280891     14323  +3.4968261719  -1.019e-04
  8048  +3.4969280891     14323  +3.4968261719  -1.019e-04
  8049  +3.4969280891     14323  +3.4968261719  -1.019e-04
  8050  +3.4969280891     14323  +3.4968261719  -1.019e-04
  8051  +3.4969280891     14323  +3.4968261719  -1.019e-04
  8052  +3.4969280891     14323  +3.4968261719  -1.019e-04
  8053  +3.4969280891     14323  +3.4968261719  -1.019e-04
  8054  +3.4969280891     14323  +3.4968261719  -1.019e-04
  8055  +3.4969280891     14323  +3.4968261719  -1.019e-04
  8056  +3.4969280891     14323  +3.4968261719  -1.019e-04
  8057  +3.4969280891     14323  +3.4968261719  -1.019e-04
  8058  +3.4969280891     14323  +3.4968261719  -1.019e-04
  8059  +3.4969280891     14323  +3.4968261719  -1.019e-04
  8060  +3.4969280891     14323  +3.4968261719  -1.019e-04
  8061  +3.4969280891     14323  +3.4968261719  -1.019e-04
  8062  +3.4969280891     14323  +3.4968261719  -1.019e-04
  8063  +3.4969280891     14323  +3.4968261719  -1.019e-04
  8064  +3.4969280891     14323  +3.4968261719  -1.019e-04
  8065  +3.4969280891     14323  +3.4968261719  -1.019e-04
  8066  +3.4969280891     14323  +3.4968261719  -1.019e-04
  8067  +3.4969280891     14323  +3.4968261719  -1.019e-04
  8068  +3.4969280891     14323  +3.4968261719  -1.019e-04
  8069  +3.4969280891     14323  +3.4968261719  -1.019e-04
  8070  +3.4969280891     14323  +3.4968261719  -1.019e-04
  8071  +3.4969280891     14323  +3.4968261719  -1.019e-04
  8072  +3.4969280891     14323  +3.4968261719  -1.019e-04
  8073  +3.4969280891     14323  +3.4968261719  -1.019e-04
  8074  +3.4969280891     14323  +3.4968261719  -1.019e-04
  8075  +3.4969280891     14323  +3.4968261719  -1.019e-04
  8076  +3.4969280891     14323  +3.4968261719  -1.019e-04
  8077  +3.4969280891     14323  +3.4968261719  -1.019e-04
  8078  +3.4969280891     14323  +3.4968261719  -1.019e-04
  8079  +3.4969280891     14323  +3.4968261719  -1.019e-04
  8080  +3.4969280891     14323  +3.4968261719  -1.019e-04
  8081  +3.4969280891     14323  +3.4968261719  -1.019e-04
  8082  +3.4969280891     14323  +3.4968261719  -1.019e-04
  8083  +3.4969280891     14323  +3.4968261719  -1.019e-04
  8084  +3.4969280891     14323  +3.4968261719  -1.019e-04
  8085  +3.4969280891     14323  +3.4968261719  -1.019e-04
  8086  +3.4969280891     14323  +3.4968261719  -1.019e-04
  8087  +3.4969280891     14323  +3.4968261719  -1.019e-04
  8088  +3.4969280891     14323  +3.4968261719  -1.019e-04
  8089  +3.4969280891     14323  +3.4968261719  -1.019e-04
  8090  +3.4969280891     14323  +3.4968261719  -1.019e-04
  8091  +3.4969280891     14323  +3.4968261719  -1.019e-04
  8092  +3.4969280891     14323  +3.4968261719  -1.019e-04
  8093  +3.4969280891     14323  +3.4968261719  -1.019e-04
  8094  +3.4969280891     14323  +3.4968261719  -1.019e-04
  8095  +3.4969280891     14323  +3.4968261719  -1.019e-04
  8096  +3.4969280891     14323  +3.4968261719  -1.019e-04
  8097  +3.4969280891     14323  +3.4968261719  -1.019e-04
  8098  +3.4969280891     14323  +3.4968261719  -1.019e-04
  8099  +3.4969280891     14323  +3.4968261719  -1.019e-04
  8100  +3.4969280891     14323  +3.4968261719  -1.019e-04
  8101  +3.4969280891     14323  +3.4968261719  -1.019e-04
  8102  +3.4969280891     14323  +3.4968261719  -1.019e-04
  8103  +3.4969280891     14323  +3.4968261719  -1.019e-04
  8104  +3.4969280891     14323  +3.4968261719  -1.019e-04
  8105  +3.4969280891     14323  +3.4968261719  -1.019e-04
  8106  +3.4969280891     14323  +3.4968261719  -1.019e-04
  8107  +3.4969280891     14323  +3.4968261719  -1.019e-04
  8108  +3.4969280891     14323  +3.4968261719  -1.019e-04
  8109  +3.4969280891     14323  +3.4968261719  -1.019e-04
  8110  +3.4969280891     14323  +3.4968261719  -1.019e-04
  8111  +3.4969280891     14323  +3.4968261719  -1.019e-04
  8112  +3.4969280891     14323  +3.4968261719  -1.019e-04
  8113  +3.4969280891     14323  +3.4968261719  -1.019e-04
  8114  +3.4969280891     14323  +3.4968261719  -1.019e-04
  8115  +3.4969280891     14323  +3.4968261719  -1.019e-04
  8116  +3.4969280891     14323  +3.4968261719  -1.019e-04
  8117  +3.4969280891     14323  +3.4968261719  -1.019e-04
  8118  +3.4969280891     14323  +3.4968261719  -1.019e-04
  8119  +3.4969280891     14323  +3.4968261719  -1.019e-04
  8120  +3.4969280891     14323  +3.4968261719  -1.019e-04
  8121  +3.4969280891     14323  +3.4968261719  -1.019e-04
  8122  +3.4969280891     14323  +3.4968261719  -1.019e-04
  8123  +3.4969280891     14323  +3.4968261719  -1.019e-04
  8124  +3.4969280891     14323  +3.4968261719  -1.019e-04
  8125  +3.4969280891     14323  +3.4968261719  -1.019e-04
  8126  +3.4969280891     14323  +3.4968261719  -1.019e-04
  8127  +3.4969280891     14323  +3.4968261719  -1.019e-04
  8128  +3.4969280891     14323  +3.4968261719  -1.019e-04
  8129  +3.4969280891     14323  +3.4968261719  -1.019e-04
  8130  +3.4969280891     14323  +3.4968261719  -1.019e-04
  8131  +3.4969280891     14323  +3.4968261719  -1.019e-04
  8132  +3.4969280891     14323  +3.4968261719  -1.019e-04
  8133  +3.4969280891     14323  +3.4968261719  -1.019e-04
  8134  +3.4969280891     14323  +3.4968261719  -1.019e-04
  8135  +3.4969280891     14323  +3.4968261719  -1.019e-04
  8136  +3.4969280891     14323  +3.4968261719  -1.019e-04
  8137  +3.4969280891     14323  +3.4968261719  -1.019e-04
  8138  +3.4969280891     14323  +3.4968261719  -1.019e-04
  8139  +3.4969280891     14323  +3.4968261719  -1.019e-04
  8140  +3.4969280891     14323  +3.4968261719  -1.019e-04
  8141  +3.4969280891     14323  +3.4968261719  -1.019e-04
  8142  +3.4969280891     14323  +3.4968261719  -1.019e-04
  8143  +3.4969280891     14323  +3.4968261719  -1.019e-04
  8144  +3.4969280891     14323  +3.4968261719  -1.019e-04
  8145  +3.4969280891     14323  +3.4968261719  -1.019e-04
  8146  +3.4969280891     14323  +3.4968261719  -1.019e-04
  8147  +3.4969280891     14323  +3.4968261719  -1.019e-04
  8148  +3.4969280891     14323  +3.4968261719  -1.019e-04
  8149  +3.4969280891     14323  +3.4968261719  -1.019e-04
  8150  +3.4969280891     14323  +3.4968261719  -1.019e-04
  8151  +3.4969280891     14323  +3.4968261719  -1.019e-04
  8152  +3.4969280891     14323  +3.4968261719  -1.019e-04
  8153  +3.4969280891     14323  +3.4968261719  -1.019e-04
  8154  +3.4969280891     14323  +3.4968261719  -1.019e-04
  8155  +3.4969280891     14323  +3.4968261719  -1.019e-04
  8156  +3.4969280891     14323  +3.4968261719  -1.019e-04
  8157  +3.4969280891     14323  +3.4968261719  -1.019e-04
  8158  +3.4969280891     14323  +3.4968261719  -1.019e-04
  8159  +3.4969280891     14323  +3.4968261719  -1.019e-04
  8160  +3.4969280891     14323  +3.4968261719  -1.019e-04
  8161  +3.4969280891     14323  +3.4968261719  -1.019e-04
  8162  +3.4969280891     14323  +3.4968261719  -1.019e-04
  8163  +3.4969280891     14323  +3.4968261719  -1.019e-04
  8164  +3.4969280891     14323  +3.4968261719  -1.019e-04
  8165  +3.4969280891     14323  +3.4968261719  -1.019e-04
  8166  +3.4969280891     14323  +3.4968261719  -1.019e-04
  8167  +3.4969280891     14323  +3.4968261719  -1.019e-04
  8168  +3.4969280891     14323  +3.4968261719  -1.019e-04
  8169  +3.4969280891     14323  +3.4968261719  -1.019e-04
  8170  +3.4969280891     14323  +3.4968261719  -1.019e-04
  8171  +3.4969280891     14323  +3.4968261719  -1.019e-04
  8172  +3.4969280891     14323  +3.4968261719  -1.019e-04
  8173  +3.4969280891     14323  +3.4968261719  -1.019e-04
  8174  +3.4969280891     14323  +3.4968261719  -1.019e-04
  8175  +3.4969280891     14323  +3.4968261719  -1.019e-04
  8176  +3.4969280891     14323  +3.4968261719  -1.019e-04
  8177  +3.4969280891     14323  +3.4968261719  -1.019e-04
  8178  +3.4969280891     14323  +3.4968261719  -1.019e-04
  8179  +3.4969280891     14323  +3.4968261719  -1.019e-04
  8180  +3.4969280891     14323  +3.4968261719  -1.019e-04
  8181  +3.4969280891     14323  +3.4968261719  -1.019e-04
  8182  +3.4969280891     14323  +3.4968261719  -1.019e-04
  8183  +3.4969280891     14323  +3.4968261719  -1.019e-04
  8184  +3.4969280891     14323  +3.4968261719  -1.019e-04
  8185  +3.4969280891     14323  +3.4968261719  -1.019e-04
  8186  +3.4969280891     14323  +3.4968261719  -1.019e-04
  8187  +3.4969280891     14323  +3.4968261719  -1.019e-04
  8188  +3.4969280891     14323  +3.4968261719  -1.019e-04
  8189  +3.4969280891     14323  +3.4968261719  -1.019e-04
  8190  +3.4969280891     14323  +3.4968261719  -1.019e-04
  8191  +3.4969280891     14323  +3.4968261719  -1.019e-04
  8192  +0.3775857528      1547  +0.3776855469  +9.979e-05
  8193  +0.3775857528      1547  +0.3776855469  +9.979e-05
  8194  +0.3775857528      1547  +0.3776855469  +9.979e-05
  8195  +0.3775857528      1547  +0.3776855469  +9.979e-05
  8196  +0.3775857528      1547  +0.3776855469  +9.979e-05
  8197  +0.3775857528      1547  +0.3776855469  +9.979e-05
  8198  +0.3775857528      1547  +0.3776855469  +9.979e-05
  8199  +0.3775857528      1547  +0.3776855469  +9.979e-05
  8200  +0.3775857528      1547  +0.3776855469  +9.979e-05
  8201  +0.3775857528      1547  +0.3776855469  +9.979e-05
  8202  +0.3775857528      1547  +0.3776855469  +9.979e-05
  8203  +0.3775857528      1547  +0.3776855469  +9.979e-05
  8204  +0.3775857528      1547  +0.3776855469  +9.979e-05
  8205  +0.3775857528      1547  +0.3776855469  +9.979e-05
  8206  +0.3775857528      1547  +0.3776855469  +9.979e-05
  8207  +0.3775857528      1547  +0.3776855469  +9.979e-05
  8208  +0.3775857528      1547  +0.3776855469  +9.979e-05
  8209  +0.3775857528      1547  +0.3776855469  +9.979e-05
  8210  +0.3775857528      1547  +0.3776855469  +9.979e-05
  8211  +0.3775857528      1547  +0.3776855469  +9.979e-05
  8212  +0.3775857528      1547  +0.3776855469  +9.979e-05
  8213  +0.3775857528      1547  +0.3776855469  +9.979e-05
  8214  +0.3775857528      1547  +0.3776855469  +9.979e-05
  8215  +0.3775857528      1547  +0.3776855469  +9.979e-05
  8216  +0.3775857528      1547  +0.3776855469  +9.979e-05
  8217  +0.3775857528      1547  +0.3776855469  +9.979e-05
  8218  +0.3775857528      1547  +0.3776855469  +9.979e-05
  8219  +0.3775857528      1547  +0.3776855469  +9.979e-05
  8220  +0.3775857528      1547  +0.3776855469  +9.979e-05
  8221  +0.3775857528      1547  +0.3776855469  +9.979e-05
  8222  +0.3775857528      1547  +0.3776855469  +9.979e-05
  8223  +0.3775857528      1547  +0.3776855469  +9.979e-05
  8224  +0.3775857528      1547  +0.3776855469  +9.979e-05
  8225  +0.3775857528      1547  +0.3776855469  +9.979e-05
  8226  +0.3775857528      1547  +0.3776855469  +9.979e-05
  8227  +0.3775857528      1547  +0.3776855469  +9.979e-05
  8228  +0.3775857528      1547  +0.3776855469  +9.979e-05
  8229  +0.3775857528      1547  +0.3776855469  +9.979e-05
  8230  +0.3814844033      1563  +0.3815917969  +1.074e-04
  8231  +0.3864713392      1583  +0.3864746094  +3.270e-06
  8232  +0.3913947394      1603  +0.3913574219  -3.732e-05
  8233  +0.3962569723      1623  +0.3962402344  -1.674e-05
  8234  +0.4010602625      1643  +0.4011230469  +6.278e-05
  8235  +0.4058067030      1662  +0.4057617188  -4.498e-05
  8236  +0.4104982658      1681  +0.4104003906  -9.788e-05
  8237  +0.4151368116      1700  +0.4150390625  -9.775e-05
  8238  +0.4197240979      1719  +0.4196777344  -4.636e-05
  8239  +0.4242617876      1738  +0.4243164062  +5.462e-05
  8240  +0.4287514554      1756  +0.4287109375  -4.052e-05
  8241  +0.4331945943      1774  +0.4331054688  -8.913e-05
  8242  +0.4375926217      1792  +0.4375000000  -9.262e-05
  8243  +0.4419468844      1810  +0.4418945312  -5.235e-05
  8244  +0.4462586634      1828  +0.4462890625  +3.040e-05
  8245  +0.4505291786      1845  +0.4504394531  -8.973e-05
  8246  +0.4547595923      1863  +0.4548339844  +7.439e-05
  8247  +0.4589510135      1880  +0.4589843750  +3.336e-05
  8248  +0.4631045010      1897  +0.4631347656  +3.026e-05
  8249  +0.4672210665      1914  +0.4672851562  +6.409e-05
  8250  +0.4713016773      1930  +0.4711914062  -1.103e-04
  8251  +0.4753472594      1947  +0.4753417969  -5.463e-06
  8252  +0.4793586998      1963  +0.4792480469  -1.107e-04
  8253  +0.4833368485      1980  +0.4833984375  +6.159e-05
  8254  +0.4872825209      1996  +0.4873046875  +2.217e-05
  8255  +0.4911964996      2012  +0.4912109375  +1.444e-05
  8256  +0.4950795363      2028  +0.4951171875  +3.765e-05
  8257  +0.4989323535      2044  +0.4990234375  +9.108e-05
  8258  +0.5027556458      2059  +0.5026855469  -7.010e-05
  8259  +0.5065500819      2075  +0.5065917969  +4.171e-05
  8260  +0.5103163053      2090  +0.5102539062  -6.240e-05
  8261  +0.5140549363      2106  +0.5141601562  +1.052e-04
  8262  +0.5177665725      2121  +0.5178222656  +5.569e-05
  8263  +0.5214517903      2136  +0.5214843750  +3.258e-05
  8264  +0.5251111461      2151  +0.5251464844  +3.534e-05
  8265  +0.5287451766      2166  +0.5288085938  +6.342e-05
  8266  +0.5323544006      2181  +0.5324707031  +1.163e-04
  8267  +0.5359393192      2195  +0.5358886719  -5.065e-05
  8268  +0.5395004170      2210  +0.5395507812  +5.036e-05
  8269  +0.5430381625      2224  +0.5429687500  -6.941e-05
  8270  +0.5465530093      2239  +0.5466308594  +7.785e-05
  8271  +0.5500453964      2253  +0.5500488281  +3.432e-06
  8272  +0.5535157488      2267  +0.5534667969  -4.895e-05
  8273  +0.5569644784      2281  +0.5568847656  -7.971e-05
  8274  +0.5603919844      2295  +0.5603027344  -8.925e-05
  8275  +0.5637986540      2309  +0.5637207031  -7.795e-05
  8276  +0.5671848626      2323  +0.5671386719  -4.619e-05
  8277  +0.5705509744      2337  +0.5705566406  +5.666e-06
  8278  +0.5738973431      2351  +0.5739746094  +7.727e-05
  8279  +0.5772243121      2364  +0.5771484375  -7.587e-05
  8280  +0.5805322149      2378  +0.5805664062  +3.419e-05
  8281  +0.5838213756      2391  +0.5837402344  -8.114e-05
  8282  +0.5870921092      2405  +0.5871582031  +6.609e-05
  8283  +0.5903447219      2418  +0.5903320312  -1.269e-05
  8284  +0.5935795117      2431  +0.5935058594  -7.365e-05
  8285  +0.5967967684      2444  +0.5966796875  -1.171e-04
  8286  +0.5999967740      2458  +0.6000976562  +1.009e-04
  8287  +0.6031798031      2471  +0.6032714844  +9.168e-05
  8288  +0.6063461231      2484  +0.6064453125  +9.919e-05
  8289  +0.6094959942      2496  +0.6093750000  -1.210e-04
  8290  +0.6126296704      2509  +0.6125488281  -8.084e-05
  8291  +0.6157473988      2522  +0.6157226562  -2.474e-05
  8292  +0.6188494204      2535  +0.6188964844  +4.706e-05
  8293  +0.6219359703      2547  +0.6218261719  -1.098e-04
  8294  +0.6250072778      2560  +0.6250000000  -7.278e-06
  8295  +0.6280635663      2573  +0.6281738281  +1.103e-04
  8296  +0.6311050541      2585  +0.6311035156  -1.539e-06
  8297  +0.6341319543      2597  +0.6340332031  -9.875e-05
  8298  +0.6371444746      2610  +0.6372070312  +6.256e-05
  8299  +0.6401428181      2622  +0.6401367188  -6.099e-06
  8300  +0.6431271830      2634  +0.6430664062  -6.078e-05
  8301  +0.6460977632      2646  +0.6459960938  -1.017e-04
  8302  +0.6490547478      2659  +0.6491699219  +1.152e-04
  8303  +0.6519983219      2671  +0.6520996094  +1.013e-04
  8304  +0.6549286662      2683  +0.6550292969  +1.006e-04
  8305  +0.6578459575      2695  +0.6579589844  +1.130e-04
  8306  +0.6607503688      2706  +0.6606445312  -1.058e-04
  8307  +0.6636420691      2718  +0.6635742188  -6.785e-05
  8308  +0.6665212239      2730  +0.6665039062  -1.732e-05
  8309  +0.6693879951      2742  +0.6694335938  +4.560e-05
  8310  +0.6722425411      2754  +0.6723632812  +1.207e-04
  8311  +0.6750850170      2765  +0.6750488281  -3.619e-05
  8312  +0.6779155745      2777  +0.6779785156  +6.294e-05
  8313  +0.6807343625      2788  +0.6806640625  -7.030e-05
  8314  +0.6835415264      2800  +0.6835937500  +5.222e-05
  8315  +0.6863372089      2811  +0.6862792969  -5.791e-05
  8316  +0.6891215498      2823  +0.6892089844  +8.743e-05
  8317  +0.6918946859      2834  +0.6918945312  -1.547e-07
  8318  +0.6946567516      2845  +0.6945800781  -7.667e-05
  8319  +0.6974078782      2857  +0.6975097656  +1.019e-04
  8320  +0.7001481947      2868  +0.7001953125  +4.712e-05
  8321  +0.7028778277      2879  +0.7028808594  +3.032e-06
  8322  +0.7055969010      2890  +0.7055664062  -3.049e-05
  8323  +0.7083055363      2901  +0.7082519531  -5.358e-05
  8324  +0.7110038529      2912  +0.7109375000  -6.635e-05
  8325  +0.7136919678      2923  +0.7136230469  -6.892e-05
  8326  +0.7163699958      2934  +0.7163085938  -6.140e-05
  8327  +0.7190380497      2945  +0.7189941406  -4.391e-05
  8328  +0.7216962401      2956  +0.7216796875  -1.655e-05
  8329  +0.7243446756      2967  +0.7243652344  +2.056e-05
  8330  +0.7269834627      2978  +0.7270507812  +6.732e-05
  8331  +0.7296127063      2988  +0.7294921875  -1.205e-04
  8332  +0.7322325090      2999  +0.7321777344  -5.477e-05
  8333  +0.7348429718      3010  +0.7348632812  +2.031e-05
  8334  +0.7374441940      3021  +0.7375488281  +1.046e-04
  8335  +0.7400362730      3031  +0.7399902344  -4.604e-05
  8336  +0.7426193045      3042  +0.7426757812  +5.648e-05
  8337  +0.7451933826      3052  +0.7451171875  -7.620e-05
  8338  +0.7477585998      3063  +0.7478027344  +4.413e-05
  8339  +0.7503150469      3073  +0.7502441406  -7.091e-05
  8340  +0.7528628133      3084  +0.7529296875  +6.687e-05
  8341  +0.7554019868      3094  +0.7553710938  -3.089e-05
  8342  +0.7579326538      3104  +0.7578125000  -1.202e-04
  8343  +0.7604548992      3115  +0.7604980469  +4.315e-05
  8344  +0.7629688066      3125  +0.7629394531  -2.935e-05
  8345  +0.7654744580      3135  +0.7653808594  -9.360e-05
  8346  +0.7679719343      3146  +0.7680664062  +9.447e-05
  8347  +0.7704613150      3156  +0.7705078125  +4.650e-05
  8348  +0.7729426784      3166  +0.7729492188  +6.540e-06
  8349  +0.7754161013      3176  +0.7753906250  -2.548e-05
  8350  +0.7778816595      3186  +0.7778320312  -4.963e-05
  8351  +0.7803394275      3196  +0.7802734375  -6.599e-05
  8352  +0.7827894789      3206  +0.7827148438  -7.464e-05
  8353  +0.7852318857      3216  +0.7851562500  -7.564e-05
  8354  +0.7876667191      3226  +0.7875976562  -6.906e-05
  8355  +0.7900940491      3236  +0.7900390625  -5.499e-05
  8356  +0.7925139446      3246  +0.7924804688  -3.348e-05
  8357  +0.7949264736      3256  +0.7949218750  -4.599e-06
  8358  +0.7973317030      3266  +0.7973632812  +3.158e-05
  8359  +0.7997296985      3276  +0.7998046875  +7.499e-05
  8360  +0.8021205250      3285  +0.8020019531  -1.186e-04
  8361  +0.8045042465      3295  +0.8044433594  -6.089e-05
  8362  +0.8068809260      3305  +0.8068847656  +3.840e-06
  8363  +0.8092506255      3315  +0.8093261719  +7.555e-05
  8364  +0.8116134060      3324  +0.8115234375  -8.997e-05
  8365  +0.8139693280      3334  +0.8139648438  -4.484e-06
  8366  +0.8163184507      3344  +0.8164062500  +8.780e-05
  8367  +0.8186608327      3353  +0.8186035156  -5.732e-05
  8368  +0.8209965317      3363  +0.8210449219  +4.839e-05
  8369  +0.8233256046      3372  +0.8232421875  -8.342e-05
  8370  +0.8256481073      3382  +0.8256835938  +3.549e-05
  8371  +0.8279640954      3391  +0.8278808594  -8.324e-05
  8372  +0.8302736231      3401  +0.8303222656  +4.864e-05
  8373  +0.8325767444      3410  +0.8325195312  -5.721e-05
  8374  +0.8348735122      3420  +0.8349609375  +8.743e-05
  8375  +0.8371639788      3429  +0.8371582031  -5.776e-06
  8376  +0.8394481958      3438  +0.8393554688  -9.273e-05
  8377  +0.8417262141      3448  +0.8417968750  +7.066e-05
  8378  +0.8439980839      3457  +0.8439941406  -3.943e-06
  8379  +0.8462638546      3466  +0.8461914062  -7.245e-05
  8380  +0.8485235752      3476  +0.8486328125  +1.092e-04
  8381  +0.8507772939      3485  +0.8508300781  +5.278e-05
  8382  +0.8530250581      3494  +0.8530273438  +2.286e-06
  8383  +0.8552669150      3503  +0.8552246094  -4.231e-05
  8384  +0.8575029107      3512  +0.8574218750  -8.104e-05
  8385  +0.8597330911      3521  +0.8596191406  -1.140e-04
  8386  +0.8619575013      3531  +0.8620605469  +1.030e-04
  8387  +0.8641761858      3540  +0.8642578125  +8.163e-05
  8388  +0.8663891886      3549  +0.8664550781  +6.589e-05
  8389  +0.8685965531      3558  +0.8686523438  +5.579e-05
  8390  +0.8707983223      3567  +0.8708496094  +5.129e-05
  8391  +0.8729945385      3576  +0.8730468750  +5.234e-05
  8392  +0.8751852434      3585  +0.8752441406  +5.890e-05
  8393  +0.8773704784      3594  +0.8774414062  +7.093e-05
  8394  +0.8795502842      3603  +0.8796386719  +8.839e-05
  8395  +0.8817247011      3612  +0.8818359375  +1.112e-04
  8396  +0.8838937688      3620  +0.8837890625  -1.047e-04
  8397  +0.8860575267      3629  +0.8859863281  -7.120e-05
  8398  +0.8882160135      3638  +0.8881835938  -3.242e-05
  8399  +0.8903692676      3647  +0.8903808594  +1.159e-05
  8400  +0.8925173268      3656  +0.8925781250  +6.080e-05
  8401  +0.8946602287      3665  +0.8947753906  +1.152e-04
  8402  +0.8967980100      3673  +0.8967285156  -6.949e-05
  8403  +0.8989307075      3682  +0.8989257812  -4.926e-06
  8404  +0.9010583571      3691  +0.9011230469  +6.469e-05
  8405  +0.9031809946      3699  +0.9030761719  -1.048e-04
  8406  +0.9052986552      3708  +0.9052734375  -2.522e-05
  8407  +0.9074113737      3717  +0.9074707031  +5.933e-05
  8408  +0.9095191846      3725  +0.9094238281  -9.536e-05
  8409  +0.9116221219      3734  +0.9116210938  -1.028e-06
  8410  +0.9137202193      3743  +0.9138183594  +9.814e-05
  8411  +0.9158135101      3751  +0.9157714844  -4.203e-05
  8412  +0.9179020271      3760  +0.9179687500  +6.672e-05
  8413  +0.9199858028      3768  +0.9199218750  -6.393e-05
  8414  +0.9220648694      3777  +0.9221191406  +5.427e-05
  8415  +0.9241392587      3785  +0.9240722656  -6.699e-05
  8416  +0.9262090021      3794  +0.9262695312  +6.053e-05
  8417  +0.9282741306      3802  +0.9282226562  -5.147e-05
  8418  +0.9303346751      3811  +0.9304199219  +8.525e-05
  8419  +0.9323906658      3819  +0.9323730469  -1.762e-05
  8420  +0.9344421329      3827  +0.9343261719  -1.160e-04
  8421  +0.9364891061      3836  +0.9365234375  +3.433e-05
  8422  +0.9385316147      3844  +0.9384765625  -5.505e-05
  8423  +0.9405696880      3853  +0.9406738281  +1.041e-04
  8424  +0.9426033545      3861  +0.9426269531  +2.360e-05
  8425  +0.9446326429      3869  +0.9445800781  -5.256e-05
  8426  +0.9466575812      3878  +0.9467773438  +1.198e-04
  8427  +0.9486781973      3886  +0.9487304688  +5.227e-05
  8428  +0.9506945188      3894  +0.9506835938  -1.093e-05
  8429  +0.9527065730      3902  +0.9526367188  -6.985e-05
  8430  +0.9547143867      3911  +0.9548339844  +1.196e-04
  8431  +0.9567179868      3919  +0.9567871094  +6.912e-05
  8432  +0.9587173996      3927  +0.9587402344  +2.283e-05
  8433  +0.9607126513      3935  +0.9606933594  -1.929e-05
  8434  +0.9627037678      3943  +0.9626464844  -5.728e-05
  8435  +0.9646907746      3951  +0.9645996094  -9.117e-05
  8436  +0.9666736970      3959  +0.9665527344  -1.210e-04
  8437  +0.9686525603      3968  +0.9687500000  +9.744e-05
  8438  +0.9706273892      3976  +0.9707031250  +7.574e-05
  8439  +0.9725982083      3984  +0.9726562500  +5.804e-05
  8440  +0.9745650418      3992  +0.9746093750  +4.433e-05
  8441  +0.9765279140      4000  +0.9765625000  +3.459e-05
  8442  +0.9784868486      4008  +0.9785156250  +2.878e-05
  8443  +0.9804418692      4016  +0.9804687500  +2.688e-05
  8444  +0.9823929992      4024  +0.9824218750  +2.888e-05
  8445  +0.9843402618      4032  +0.9843750000  +3.474e-05
  8446  +0.9862836798      4040  +0.9863281250  +4.445e-05
  8447  +0.9882232759      4048  +0.9882812500  +5.797e-05
  8448  +0.9901590727      4056  +0.9902343750  +7.530e-05
  8449  +0.9920910922      4064  +0.9921875000  +9.641e-05
  8450  +0.9940193566      4072  +0.9941406250  +1.213e-04
  8451  +0.9959438876      4079  +0.9958496094  -9.428e-05
  8452  +0.9978647070      4087  +0.9978027344  -6.197e-05
  8453  +0.9997818359      4095  +0.9997558594  -2.598e-05
  8454  +1.0016952957      4103  +1.0017089844  +1.369e-05
  8455  +1.0036051074      4111  +1.0036621094  +5.700e-05
  8456  +1.0055112916      4119  +1.0056152344  +1.039e-04
  8457  +1.0074138691      4126  +1.0073242188  -8.965e-05
  8458  +1.0093128602      4134  +1.0092773438  -3.552e-05
  8459  +1.0112082850      4142  +1.0112304688  +2.218e-05
  8460  +1.0131001638      4150  +1.0131835938  +8.343e-05
  8461  +1.0149885161      4157  +1.0148925781  -9.594e-05
  8462  +1.0168733618      4165  +1.0168457031  -2.766e-05
  8463  +1.0187547202      4173  +1.0187988281  +4.411e-05
  8464  +1.0206326107      4181  +1.0207519531  +1.193e-04
  8465  +1.0225070523      4188  +1.0224609375  -4.611e-05
  8466  +1.0243780641      4196  +1.0244140625  +3.600e-05
  8467  +1.0262456646      4204  +1.0263671875  +1.215e-04
  8468  +1.0281098726      4211  +1.0280761719  -3.370e-05
  8469  +1.0299707065      4219  +1.0300292969  +5.859e-05
  8470  +1.0318281845      4226  +1.0317382812  -8.990e-05
  8471  +1.0336823247      4234  +1.0336914062  +9.082e-06
  8472  +1.0355331450      4242  +1.0356445312  +1.114e-04
  8473  +1.0373806632      4249  +1.0373535156  -2.715e-05
  8474  +1.0392248970      4257  +1.0393066406  +8.174e-05
  8475  +1.0410658637      4264  +1.0410156250  -5.024e-05
  8476  +1.0429035807      4272  +1.0429687500  +6.517e-05
  8477  +1.0447380651      4279  +1.0446777344  -6.033e-05
  8478  +1.0465693339      4287  +1.0466308594  +6.153e-05
  8479  +1.0483974040      4294  +1.0483398438  -5.756e-05
  8480  +1.0502222921      4302  +1.0502929688  +7.068e-05
  8481  +1.0520440147      4309  +1.0520019531  -4.206e-05
  8482  +1.0538625883      4317  +1.0539550781  +9.249e-05
  8483  +1.0556780290      4324  +1.0556640625  -1.397e-05
  8484  +1.0574903532      4331  +1.0573730469  -1.173e-04
  8485  +1.0592995766      4339  +1.0593261719  +2.660e-05
  8486  +1.0611057153      4346  +1.0610351562  -7.056e-05
  8487  +1.0629087850      4354  +1.0629882812  +7.950e-05
  8488  +1.0647088011      4361  +1.0646972656  -1.154e-05
  8489  +1.0665057793      4368  +1.0664062500  -9.953e-05
  8490  +1.0682997348      4376  +1.0683593750  +5.964e-05
  8491  +1.0700906828      4383  +1.0700683594  -2.232e-05
  8492  +1.0718786384      4390  +1.0717773438  -1.013e-04
  8493  +1.0736636165      4398  +1.0737304688  +6.685e-05
  8494  +1.0754456321      4405  +1.0754394531  -6.179e-06
  8495  +1.0772246997      4412  +1.0771484375  -7.626e-05
  8496  +1.0790008339      4420  +1.0791015625  +1.007e-04
  8497  +1.0807740493      4427  +1.0808105469  +3.650e-05
  8498  +1.0825443602      4434  +1.0825195312  -2.483e-05
  8499  +1.0843117807      4441  +1.0842285156  -8.327e-05
  8500  +1.0860763251      4449  +1.0861816406  +1.053e-04
  8501  +1.0878380072      4456  +1.0878906250  +5.262e-05
  8502  +1.0895968410      4463  +1.0895996094  +2.768e-06
  8503  +1.0913528403      4470  +1.0913085938  -4.425e-05
  8504  +1.0931060187      4477  +1.0930175781  -8.844e-05
  8505  +1.0948563897      4485  +1.0949707031  +1.143e-04
  8506  +1.0966039669      4492  +1.0966796875  +7.572e-05
  8507  +1.0983487635      4499  +1.0983886719  +3.991e-05
  8508  +1.1000907927      4506  +1.1000976562  +6.864e-06
  8509  +1.1018300678      4513  +1.1018066406  -2.343e-05
  8510  +1.1035666017      4520  +1.1035156250  -5.098e-05
  8511  +1.1053004073      4527  +1.1052246094  -7.580e-05
  8512  +1.1070314975      4534  +1.1069335938  -9.790e-05
  8513  +1.1087598850      4541  +1.1086425781  -1.173e-04
  8514  +1.1104855823      4549  +1.1105957031  +1.101e-04
  8515  +1.1122086021      4556  +1.1123046875  +9.609e-05
  8516  +1.1139289567      4563  +1.1140136719  +8.472e-05
  8517  +1.1156466585      4570  +1.1157226562  +7.600e-05
  8518  +1.1173617198      4577  +1.1174316406  +6.992e-05
  8519  +1.1190741525      4584  +1.1191406250  +6.647e-05
  8520  +1.1207839689      4591  +1.1208496094  +6.564e-05
  8521  +1.1224911808      4598  +1.1225585938  +6.741e-05
  8522  +1.1241958001      4605  +1.1242675781  +7.178e-05
  8523  +1.1258978386      4612  +1.1259765625  +7.872e-05
  8524  +1.1275973080      4619  +1.1276855469  +8.824e-05
  8525  +1.1292942199      4626  +1.1293945312  +1.003e-04
  8526  +1.1309885858      4633  +1.1311035156  +1.149e-04
  8527  +1.1326804171      4639  +1.1325683594  -1.121e-04
  8528  +1.1343697251      4646  +1.1342773438  -9.238e-05
  8529  +1.1360565212      4653  +1.1359863281  -7.019e-05
  8530  +1.1377408164      4660  +1.1376953125  -4.550e-05
  8531  +1.1394226220      4667  +1.1394042969  -1.833e-05
  8532  +1.1411019488      4674  +1.1411132812  +1.133e-05
  8533  +1.1427788078      4681  +1.1428222656  +4.346e-05
  8534  +1.1444532099      4688  +1.1445312500  +7.804e-05
  8535  +1.1461251658      4695  +1.1462402344  +1.151e-04
  8536  +1.1477946862      4701  +1.1477050781  -8.961e-05
  8537  +1.1494617818      4708  +1.1494140625  -4.772e-05
  8538  +1.1511264630      4715  +1.1511230469  -3.416e-06
  8539  +1.1527887403      4722  +1.1528320312  +4.329e-05
  8540  +1.1544486242      4729  +1.1545410156  +9.239e-05
  8541  +1.1561061249      4735  +1.1560058594  -1.003e-04
  8542  +1.1577612526      4742  +1.1577148438  -4.641e-05
  8543  +1.1594140175      4749  +1.1594238281  +9.811e-06
  8544  +1.1610644298      4756  +1.1611328125  +6.838e-05
  8545  +1.1627124994      4762  +1.1625976562  -1.148e-04
  8546  +1.1643582362      4769  +1.1643066406  -5.160e-05
  8547  +1.1660016502      4776  +1.1660156250  +1.397e-05
  8548  +1.1676427512      4783  +1.1677246094  +8.186e-05
  8549  +1.1692815488      4789  +1.1691894531  -9.210e-05
  8550  +1.1709180528      4796  +1.1708984375  -1.962e-05
  8551  +1.1725522728      4803  +1.1726074219  +5.515e-05
  8552  +1.1741842183      4809  +1.1740722656  -1.120e-04
  8553  +1.1758138988      4816  +1.1757812500  -3.265e-05
  8554  +1.1774413236      4823  +1.1774902344  +4.891e-05
  8555  +1.1790665022      4829  +1.1789550781  -1.114e-04
  8556  +1.1806894438      4836  +1.1806640625  -2.538e-05
  8557  +1.1823101576      4843  +1.1823730469  +6.289e-05
  8558  +1.1839286528      4849  +1.1838378906  -9.076e-05
  8559  +1.1855449384      4856  +1.1855468750  +1.937e-06
  8560  +1.1871590234      4863  +1.1872558594  +9.684e-05
  8561  +1.1887709170      4869  +1.1887207031  -5.021e-05
  8562  +1.1903806278      4876  +1.1904296875  +4.906e-05
  8563  +1.1919881648      4882  +1.1918945312  -9.363e-05
  8564  +1.1935935368      4889  +1.1936035156  +9.979e-06
  8565  +1.1951967525      4896  +1.1953125000  +1.157e-04
  8566  +1.1967978205      4902  +1.1967773438  -2.048e-05
  8567  +1.1983967495      4909  +1.1984863281  +8.958e-05
  8568  +1.1999935480      4915  +1.1999511719  -4.238e-05
  8569  +1.2015882246      4922  +1.2016601562  +7.193e-05
  8570  +1.2031807875      4928  +1.2031250000  -5.579e-05
  8571  +1.2047712453      4935  +1.2048339844  +6.274e-05
  8572  +1.2063596062      4941  +1.2062988281  -6.078e-05
  8573  +1.2079458786      4948  +1.2080078125  +6.193e-05
  8574  +1.2095300706      4954  +1.2094726562  -5.741e-05
  8575  +1.2111121904      4961  +1.2111816406  +6.945e-05
  8576  +1.2126922461      4967  +1.2126464844  -4.576e-05
  8577  +1.2142702458      4974  +1.2143554688  +8.522e-05
  8578  +1.2158461975      4980  +1.2158203125  -2.588e-05
  8579  +1.2174201091      4987  +1.2175292969  +1.092e-04
  8580  +1.2189919885      4993  +1.2189941406  +2.152e-06
  8581  +1.2205618436      4999  +1.2204589844  -1.029e-04
  8582  +1.2221296822      5006  +1.2221679688  +3.829e-05
  8583  +1.2236955120      5012  +1.2236328125  -6.270e-05
  8584  +1.2252593408      5019  +1.2253417969  +8.246e-05
  8585  +1.2268211761      5025  +1.2268066406  -1.454e-05
  8586  +1.2283810257      5031  +1.2282714844  -1.095e-04
  8587  +1.2299388970      5038  +1.2299804688  +4.157e-05
  8588  +1.2314947975      5044  +1.2314453125  -4.949e-05
  8589  +1.2330487348      5051  +1.2331542969  +1.056e-04
  8590  +1.2346007162      5057  +1.2346191406  +1.842e-05
  8591  +1.2361507491      5063  +1.2360839844  -6.676e-05
  8592  +1.2376988408      5070  +1.2377929688  +9.413e-05
  8593  +1.2392449986      5076  +1.2392578125  +1.281e-05
  8594  +1.2407892298      5082  +1.2407226562  -6.657e-05
  8595  +1.2423315414      5089  +1.2424316406  +1.001e-04
  8596  +1.2438719407      5095  +1.2438964844  +2.454e-05
  8597  +1.2454104347      5101  +1.2453613281  -4.911e-05
  8598  +1.2469470305      5107  +1.2468261719  -1.209e-04
  8599  +1.2484817351      5114  +1.2485351562  +5.342e-05
  8600  +1.2500145555      5120  +1.2500000000  -1.456e-05
  8601  +1.2515454986      5126  +1.2514648438  -8.065e-05
  8602  +1.2530745712      5133  +1.2531738281  +9.926e-05
  8603  +1.2546017803      5139  +1.2546386719  +3.689e-05
  8604  +1.2561271326      5145  +1.2561035156  -2.362e-05
  8605  +1.2576506348      5151  +1.2575683594  -8.228e-05
  8606  +1.2591722937      5158  +1.2592773438  +1.051e-04
  8607  +1.2606921160      5164  +1.2607421875  +5.007e-05
  8608  +1.2622101083      5170  +1.2622070312  -3.077e-06
  8609  +1.2637262771      5176  +1.2636718750  -5.440e-05
  8610  +1.2652406291      5182  +1.2651367188  -1.039e-04
  8611  +1.2667531707      5189  +1.2668457031  +9.253e-05
  8612  +1.2682639085      5195  +1.2683105469  +4.664e-05
  8613  +1.2697728488      5201  +1.2697753906  +2.542e-06
  8614  +1.2712799982      5207  +1.2712402344  -3.976e-05
  8615  +1.2727853628      5213  +1.2727050781  -8.028e-05
  8616  +1.2742889491      5219  +1.2741699219  -1.190e-04
  8617  +1.2757907634      5226  +1.2758789062  +8.814e-05
  8618  +1.2772908118      5232  +1.2773437500  +5.294e-05
  8619  +1.2787891007      5238  +1.2788085938  +1.949e-05
  8620  +1.2802856361      5244  +1.2802734375  -1.220e-05
  8621  +1.2817804243      5250  +1.2817382812  -4.214e-05
  8622  +1.2832734713      5256  +1.2832031250  -7.035e-05
  8623  +1.2847647832      5262  +1.2846679688  -9.681e-05
  8624  +1.2862543661      5268  +1.2861328125  -1.216e-04
  8625  +1.2877422259      5275  +1.2878417969  +9.957e-05
  8626  +1.2892283686      5281  +1.2893066406  +7.827e-05
  8627  +1.2907128001      5287  +1.2907714844  +5.868e-05
  8628  +1.2921955264      5293  +1.2922363281  +4.080e-05
  8629  +1.2936765533      5299  +1.2937011719  +2.462e-05
  8630  +1.2951558866      5305  +1.2951660156  +1.013e-05
  8631  +1.2966335321      5311  +1.2966308594  -2.673e-06
  8632  +1.2981094956      5317  +1.2980957031  -1.379e-05
  8633  +1.2995837829      5323  +1.2995605469  -2.324e-05
  8634  +1.3010563995      5329  +1.3010253906  -3.101e-05
  8635  +1.3025273513      5335  +1.3024902344  -3.712e-05
  8636  +1.3039966437      5341  +1.3039550781  -4.157e-05
  8637  +1.3054642825      5347  +1.3054199219  -4.436e-05
  8638  +1.3069302732      5353  +1.3068847656  -4.551e-05
  8639  +1.3083946213      5359  +1.3083496094  -4.501e-05
  8640  +1.3098573323      5365  +1.3098144531  -4.288e-05
  8641  +1.3113184118      5371  +1.3112792969  -3.911e-05
  8642  +1.3127778651      5377  +1.3127441406  -3.372e-05
  8643  +1.3142356977      5383  +1.3142089844  -2.671e-05
  8644  +1.3156919150      5389  +1.3156738281  -1.809e-05
  8645  +1.3171465223      5395  +1.3171386719  -7.850e-06
  8646  +1.3185995250      5401  +1.3186035156  +3.991e-06
  8647  +1.3200509283      5407  +1.3200683594  +1.743e-05
  8648  +1.3215007376      5413  +1.3215332031  +3.247e-05
  8649  +1.3229489580      5419  +1.3229980469  +4.909e-05
  8650  +1.3243955948      5425  +1.3244628906  +6.730e-05
  8651  +1.3258406532      5431  +1.3259277344  +8.708e-05
  8652  +1.3272841383      5437  +1.3273925781  +1.084e-04
  8653  +1.3287260552      5442  +1.3286132812  -1.128e-04
  8654  +1.3301664091      5448  +1.3300781250  -8.828e-05
  8655  +1.3316052049      5454  +1.3315429688  -6.224e-05
  8656  +1.3330424479      5460  +1.3330078125  -3.464e-05
  8657  +1.3344781429      5466  +1.3344726562  -5.487e-06
  8658  +1.3359122950      5472  +1.3359375000  +2.520e-05
  8659  +1.3373449092      5478  +1.3374023438  +5.743e-05
  8660  +1.3387759903      5484  +1.3388671875  +9.120e-05
  8661  +1.3402055432      5489  +1.3400878906  -1.177e-04
  8662  +1.3416335730      5495  +1.3415527344  -8.084e-05
  8663  +1.3430600844      5501  +1.3430175781  -4.251e-05
  8664  +1.3444850822      5507  +1.3444824219  -2.660e-06
  8665  +1.3459085713      5513  +1.3459472656  +3.869e-05
  8666  +1.3473305565      5519  +1.3474121094  +8.155e-05
  8667  +1.3487510424      5524  +1.3486328125  -1.182e-04
  8668  +1.3501700339      5530  +1.3500976562  -7.238e-05
  8669  +1.3515875357      5536  +1.3515625000  -2.504e-05
  8670  +1.3530035523      5542  +1.3530273438  +2.379e-05
  8671  +1.3544180886      5548  +1.3544921875  +7.410e-05
  8672  +1.3558311490      5553  +1.3557128906  -1.183e-04
  8673  +1.3572427383      5559  +1.3571777344  -6.500e-05
  8674  +1.3586528610      5565  +1.3586425781  -1.028e-05
  8675  +1.3600615217      5571  +1.3601074219  +4.590e-05
  8676  +1.3614687249      5577  +1.3615722656  +1.035e-04
  8677  +1.3628744751      5582  +1.3627929688  -8.151e-05
  8678  +1.3642787769      5588  +1.3642578125  -2.096e-05
  8679  +1.3656816346      5594  +1.3657226562  +4.102e-05
  8680  +1.3670830528      5600  +1.3671875000  +1.044e-04
  8681  +1.3684830358      5605  +1.3684082031  -7.483e-05
  8682  +1.3698815880      5611  +1.3698730469  -8.541e-06
  8683  +1.3712787139      5617  +1.3713378906  +5.918e-05
  8684  +1.3726744178      5622  +1.3725585938  -1.158e-04
  8685  +1.3740687040      5628  +1.3740234375  -4.527e-05
  8686  +1.3754615769      5634  +1.3754882812  +2.670e-05
  8687  +1.3768530406      5640  +1.3769531250  +1.001e-04
  8688  +1.3782430996      5645  +1.3781738281  -6.927e-05
  8689  +1.3796317580      5651  +1.3796386719  +6.914e-06
  8690  +1.3810190200      5657  +1.3811035156  +8.450e-05
  8691  +1.3824048899      5662  +1.3823242188  -8.067e-05
  8692  +1.3837893719      5668  +1.3837890625  -3.094e-07
  8693  +1.3851724701      5674  +1.3852539062  +8.144e-05
  8694  +1.3865541886      5679  +1.3864746094  -7.958e-05
  8695  +1.3879345316      5685  +1.3879394531  +4.922e-06
  8696  +1.3893135031      5691  +1.3894042969  +9.079e-05
  8697  +1.3906911073      5696  +1.3906250000  -6.611e-05
  8698  +1.3920673482      5702  +1.3920898438  +2.250e-05
  8699  +1.3934422299      5708  +1.3935546875  +1.125e-04
  8700  +1.3948157563      5713  +1.3947753906  -4.037e-05
  8701  +1.3961879316      5719  +1.3962402344  +5.230e-05
  8702  +1.3975587595      5724  +1.3974609375  -9.782e-05
  8703  +1.3989282442      5730  +1.3989257812  -2.463e-06
  8704  +1.4002963895      5736  +1.4003906250  +9.424e-05
  8705  +1.4016631994      5741  +1.4016113281  -5.187e-05
  8706  +1.4030286777      5747  +1.4030761719  +4.749e-05
  8707  +1.4043928284      5752  +1.4042968750  -9.595e-05
  8708  +1.4057556554      5758  +1.4057617188  +6.063e-06
  8709  +1.4071171624      5764  +1.4072265625  +1.094e-04
  8710  +1.4084773533      5769  +1.4084472656  -3.009e-05
  8711  +1.4098362319      5775  +1.4099121094  +7.588e-05
  8712  +1.4111938020      5780  +1.4111328125  -6.099e-05
  8713  +1.4125500674      5786  +1.4125976562  +4.759e-05
  8714  +1.4139050318      5791  +1.4138183594  -8.667e-05
  8715  +1.4152586989      5797  +1.4152832031  +2.450e-05
  8716  +1.4166110726      5802  +1.4165039062  -1.072e-04
  8717  +1.4179621564      5808  +1.4179687500  +6.594e-06
  8718  +1.4193119541      5814  +1.4194335938  +1.216e-04
  8719  +1.4206604693      5819  +1.4206542969  -6.172e-06
  8720  +1.4220077057      5825  +1.4221191406  +1.114e-04
  8721  +1.4233536670      5830  +1.4233398438  -1.382e-05
  8722  +1.4246983566      5836  +1.4248046875  +1.063e-04
  8723  +1.4260417783      5841  +1.4260253906  -1.639e-05
  8724  +1.4273839355      5847  +1.4274902344  +1.063e-04
  8725  +1.4287248320      5852  +1.4287109375  -1.389e-05
  8726  +1.4300644711      5858  +1.4301757812  +1.113e-04
  8727  +1.4314028565      5863  +1.4313964844  -6.372e-06
  8728  +1.4327399916      5869  +1.4328613281  +1.213e-04
  8729  +1.4340758800      5874  +1.4340820312  +6.151e-06
  8730  +1.4354105251      5879  +1.4353027344  -1.078e-04
  8731  +1.4367439305      5885  +1.4367675781  +2.365e-05
  8732  +1.4380760994      5890  +1.4379882812  -8.782e-05
  8733  +1.4394070355      5896  +1.4394531250  +4.609e-05
  8734  +1.4407367421      5901  +1.4406738281  -6.291e-05
  8735  +1.4420652225      5907  +1.4421386719  +7.345e-05
  8736  +1.4433924802      5912  +1.4433593750  -3.311e-05
  8737  +1.4447185186      5918  +1.4448242188  +1.057e-04
  8738  +1.4460433410      5923  +1.4460449219  +1.581e-06
  8739  +1.4473669508      5928  +1.4472656250  -1.013e-04
  8740  +1.4486893512      5934  +1.4487304688  +4.112e-05
  8741  +1.4500105456      5939  +1.4499511719  -5.937e-05
  8742  +1.4513305372      5945  +1.4514160156  +8.548e-05
  8743  +1.4526493295      5950  +1.4526367188  -1.261e-05
  8744  +1.4539669255      5955  +1.4538574219  -1.095e-04
  8745  +1.4552833286      5961  +1.4553222656  +3.894e-05
  8746  +1.4565985420      5966  +1.4565429688  -5.557e-05
  8747  +1.4579125689      5972  +1.4580078125  +9.524e-05
  8748  +1.4592254125      5977  +1.4592285156  +3.103e-06
  8749  +1.4605370761      5982  +1.4604492188  -8.786e-05
  8750  +1.4618475628      5988  +1.4619140625  +6.650e-05
  8751  +1.4631568757      5993  +1.4631347656  -2.211e-05
  8752  +1.4644650180      5998  +1.4643554688  -1.095e-04
  8753  +1.4657719928      6004  +1.4658203125  +4.832e-05
  8754  +1.4670778033      6009  +1.4670410156  -3.679e-05
  8755  +1.4683824526      6014  +1.4682617188  -1.207e-04
  8756  +1.4696859437      6020  +1.4697265625  +4.062e-05
  8757  +1.4709882797      6025  +1.4709472656  -4.101e-05
  8758  +1.4722894638      6030  +1.4721679688  -1.215e-04
  8759  +1.4735894989      6036  +1.4736328125  +4.331e-05
  8760  +1.4748883881      6041  +1.4748535156  -3.487e-05
  8761  +1.4761861344      6046  +1.4760742188  -1.119e-04
  8762  +1.4774827408      6052  +1.4775390625  +5.632e-05
  8763  +1.4787782103      6057  +1.4787597656  -1.844e-05
  8764  +1.4800725460      6062  +1.4799804688  -9.208e-05
  8765  +1.4813657508      6068  +1.4814453125  +7.956e-05
  8766  +1.4826578275      6073  +1.4826660156  +8.188e-06
  8767  +1.4839487793      6078  +1.4838867188  -6.206e-05
  8768  +1.4852386090      6084  +1.4853515625  +1.130e-04
  8769  +1.4865273195      6089  +1.4865722656  +4.495e-05
  8770  +1.4878149138      6094  +1.4877929688  -2.195e-05
  8771  +1.4891013947      6099  +1.4890136719  -8.772e-05
  8772  +1.4903867652      6105  +1.4904785156  +9.175e-05
  8773  +1.4916710280      6110  +1.4916992188  +2.819e-05
  8774  +1.4929541862      6115  +1.4929199219  -3.426e-05
  8775  +1.4942362424      6120  +1.4941406250  -9.562e-05
  8776  +1.4955171995      6126  +1.4956054688  +8.827e-05
  8777  +1.4967970604      6131  +1.4968261719  +2.911e-05
  8778  +1.4980758279      6136  +1.4980468750  -2.895e-05
  8779  +1.4993535048      6141  +1.4992675781  -8.593e-05
  8780  +1.5006300938      6147  +1.5007324219  +1.023e-04
  8781  +1.5019055977      6152  +1.5019531250  +4.753e-05
  8782  +1.5031800193      6157  +1.5031738281  -6.191e-06
  8783  +1.5044533613      6162  +1.5043945312  -5.883e-05
  8784  +1.5057256266      6167  +1.5056152344  -1.104e-04
  8785  +1.5069968177      6173  +1.5070800781  +8.326e-05
  8786  +1.5082669374      6178  +1.5083007812  +3.384e-05
  8787  +1.5095359885      6183  +1.5095214844  -1.450e-05
  8788  +1.5108039736      6188  +1.5107421875  -6.179e-05
  8789  +1.5120708954      6193  +1.5119628906  -1.080e-04
  8790  +1.5133367566      6199  +1.5134277344  +9.098e-05
  8791  +1.5146015598      6204  +1.5146484375  +4.688e-05
  8792  +1.5158653076      6209  +1.5158691406  +3.833e-06
  8793  +1.5171280028      6214  +1.5170898438  -3.816e-05
  8794  +1.5183896479      6219  +1.5183105469  -7.910e-05
  8795  +1.5196502456      6224  +1.5195312500  -1.190e-04
  8796  +1.5209097985      6230  +1.5209960938  +8.630e-05
  8797  +1.5221683091      6235  +1.5222167969  +4.849e-05
  8798  +1.5234257800      6240  +1.5234375000  +1.172e-05
  8799  +1.5246822139      6245  +1.5246582031  -2.401e-05
  8800  +1.5259376132      6250  +1.5258789062  -5.871e-05
  8801  +1.5271919805      6255  +1.5270996094  -9.237e-05
  8802  +1.5284453184      6261  +1.5285644531  +1.191e-04
  8803  +1.5296976294      6266  +1.5297851562  +8.753e-05
  8804  +1.5309489160      6271  +1.5310058594  +5.694e-05
  8805  +1.5321991808      6276  +1.5322265625  +2.738e-05
  8806  +1.5334484261      6281  +1.5334472656  -1.161e-06
  8807  +1.5346966546      6286  +1.5346679688  -2.869e-05
  8808  +1.5359438687      6291  +1.5358886719  -5.520e-05
  8809  +1.5371900708      6296  +1.5371093750  -8.070e-05
  8810  +1.5384352634      6301  +1.5383300781  -1.052e-04
  8811  +1.5396794491      6307  +1.5397949219  +1.155e-04
  8812  +1.5409226301      6312  +1.5410156250  +9.299e-05
  8813  +1.5421648090      6317  +1.5422363281  +7.152e-05
  8814  +1.5434059881      6322  +1.5434570312  +5.104e-05
  8815  +1.5446461699      6327  +1.5446777344  +3.156e-05
  8816  +1.5458853567      6332  +1.5458984375  +1.308e-05
  8817  +1.5471235510      6337  +1.5471191406  -4.410e-06
  8818  +1.5483607552      6342  +1.5483398438  -2.091e-05
  8819  +1.5495969716      6347  +1.5495605469  -3.642e-05
  8820  +1.5508322025      6352  +1.5507812500  -5.095e-05
  8821  +1.5520664504      6357  +1.5520019531  -6.450e-05
  8822  +1.5532997175      6362  +1.5532226562  -7.706e-05
  8823  +1.5545320063      6367  +1.5544433594  -8.865e-05
  8824  +1.5557633189      6372  +1.5556640625  -9.926e-05
  8825  +1.5569936579      6377  +1.5568847656  -1.089e-04
  8826  +1.5582230253      6382  +1.5581054688  -1.176e-04
  8827  +1.5594514236      6388  +1.5595703125  +1.189e-04
  8828  +1.5606788551      6393  +1.5607910156  +1.122e-04
  8829  +1.5619053220      6398  +1.5620117188  +1.064e-04
  8830  +1.5631308265      6403  +1.5632324219  +1.016e-04
  8831  +1.5643553710      6408  +1.5644531250  +9.775e-05
  8832  +1.5655789578      6413  +1.5656738281  +9.487e-05
  8833  +1.5668015889      6418  +1.5668945312  +9.294e-05
  8834  +1.5680232667      6423  +1.5681152344  +9.197e-05
  8835  +1.5692439935      6428  +1.5693359375  +9.194e-05
  8836  +1.5704637714      6433  +1.5705566406  +9.287e-05
  8837  +1.5716826026      6438  +1.5717773438  +9.474e-05
  8838  +1.5729004893      6443  +1.5729980469  +9.756e-05
  8839  +1.5741174338      6448  +1.5742187500  +1.013e-04
  8840  +1.5753334382      6453  +1.5754394531  +1.060e-04
  8841  +1.5765485046      6458  +1.5766601562  +1.117e-04
  8842  +1.5777626353      6463  +1.5778808594  +1.182e-04
  8843  +1.5789758325      6467  +1.5788574219  -1.184e-04
  8844  +1.5801880982      6472  +1.5800781250  -1.100e-04
  8845  +1.5813994346      6477  +1.5812988281  -1.006e-04
  8846  +1.5826098438      6482  +1.5825195312  -9.031e-05
  8847  +1.5838193280      6487  +1.5837402344  -7.909e-05
  8848  +1.5850278893      6492  +1.5849609375  -6.695e-05
  8849  +1.5862355297      6497  +1.5861816406  -5.389e-05
  8850  +1.5874422515      6502  +1.5874023438  -3.991e-05
  8851  +1.5886480567      6507  +1.5886230469  -2.501e-05
  8852  +1.5898529473      6512  +1.5898437500  -9.197e-06
  8853  +1.5910569255      6517  +1.5910644531  +7.528e-06
  8854  +1.5922599932      6522  +1.5922851562  +2.516e-05
  8855  +1.5934621527      6527  +1.5935058594  +4.371e-05
  8856  +1.5946634059      6532  +1.5947265625  +6.316e-05
  8857  +1.5958637549      6537  +1.5959472656  +8.351e-05
  8858  +1.5970632017      6542  +1.5971679688  +1.048e-04
  8859  +1.5982617484      6546  +1.5981445312  -1.172e-04
  8860  +1.5994593969      6551  +1.5993652344  -9.416e-05
  8861  +1.6006561493      6556  +1.6005859375  -7.021e-05
  8862  +1.6018520077      6561  +1.6018066406  -4.537e-05
  8863  +1.6030469739      6566  +1.6030273438  -1.963e-05
  8864  +1.6042410500      6571  +1.6042480469  +6.997e-06
  8865  +1.6054342380      6576  +1.6054687500  +3.451e-05
  8866  +1.6066265399      6581  +1.6066894531  +6.291e-05
  8867  +1.6078179576      6586  +1.6079101562  +9.220e-05
  8868  +1.6090084931      6590  +1.6088867188  -1.218e-04
  8869  +1.6101981483      6595  +1.6101074219  -9.073e-05
  8870  +1.6113869253      6600  +1.6113281250  -5.880e-05
  8871  +1.6125748258      6605  +1.6125488281  -2.600e-05
  8872  +1.6137618520      6610  +1.6137695312  +7.679e-06
  8873  +1.6149480057      6615  +1.6149902344  +4.223e-05
  8874  +1.6161332888      6620  +1.6162109375  +7.765e-05
  8875  +1.6173177032      6625  +1.6174316406  +1.139e-04
  8876  +1.6185012509      6629  +1.6184082031  -9.305e-05
  8877  +1.6196839338      6634  +1.6196289062  -5.503e-05
  8878  +1.6208657536      6639  +1.6208496094  -1.614e-05
  8879  +1.6220467125      6644  +1.6220703125  +2.360e-05
  8880  +1.6232268121      6649  +1.6232910156  +6.420e-05
  8881  +1.6244060544      6654  +1.6245117188  +1.057e-04
  8882  +1.6255844412      6658  +1.6254882812  -9.616e-05
  8883  +1.6267619745      6663  +1.6267089844  -5.299e-05
  8884  +1.6279386560      6668  +1.6279296875  -8.968e-06
  8885  +1.6291144876      6673  +1.6291503906  +3.590e-05
  8886  +1.6302894711      6678  +1.6303710938  +8.162e-05
  8887  +1.6314636085      6682  +1.6313476562  -1.160e-04
  8888  +1.6326369014      6687  +1.6325683594  -6.854e-05
  8889  +1.6338093518      6692  +1.6337890625  -2.029e-05
  8890  +1.6349809613      6697  +1.6350097656  +2.880e-05
  8891  +1.6361517320      6702  +1.6362304688  +7.874e-05
  8892  +1.6373216654      6706  +1.6372070312  -1.146e-04
  8893  +1.6384907635      6711  +1.6384277344  -6.303e-05
  8894  +1.6396590280      6716  +1.6396484375  -1.059e-05
  8895  +1.6408264607      6721  +1.6408691406  +4.268e-05
  8896  +1.6419930634      6726  +1.6420898438  +9.678e-05
  8897  +1.6431588378      6730  +1.6430664062  -9.243e-05
  8898  +1.6443237857      6735  +1.6442871094  -3.668e-05
  8899  +1.6454879089      6740  +1.6455078125  +1.990e-05
  8900  +1.6466512091      6745  +1.6467285156  +7.731e-05
  8901  +1.6478136880      6749  +1.6477050781  -1.086e-04
  8902  +1.6489753475      6754  +1.6489257812  -4.957e-05
  8903  +1.6501361891      6759  +1.6501464844  +1.030e-05
  8904  +1.6512962147      6764  +1.6513671875  +7.097e-05
  8905  +1.6524554259      6768  +1.6523437500  -1.117e-04
  8906  +1.6536138246      6773  +1.6535644531  -4.937e-05
  8907  +1.6547714123      6778  +1.6547851562  +1.374e-05
  8908  +1.6559281907      6783  +1.6560058594  +7.767e-05
  8909  +1.6570841617      6787  +1.6569824219  -1.017e-04
  8910  +1.6582393268      6792  +1.6582031250  -3.620e-05
  8911  +1.6593936878      6797  +1.6594238281  +3.014e-05
  8912  +1.6605472463      6802  +1.6606445312  +9.728e-05
  8913  +1.6617000039      6806  +1.6616210938  -7.891e-05
  8914  +1.6628519625      6811  +1.6628417969  -1.017e-05
  8915  +1.6640031236      6816  +1.6640625000  +5.938e-05
  8916  +1.6651534888      6820  +1.6650390625  -1.144e-04
  8917  +1.6663030599      6825  +1.6662597656  -4.329e-05
  8918  +1.6674518384      6830  +1.6674804688  +2.863e-05
  8919  +1.6685998260      6835  +1.6687011719  +1.013e-04
  8920  +1.6697470244      6839  +1.6696777344  -6.929e-05
  8921  +1.6708934351      6844  +1.6708984375  +5.002e-06
  8922  +1.6720390598      6849  +1.6721191406  +8.008e-05
  8923  +1.6731839001      6853  +1.6730957031  -8.820e-05
  8924  +1.6743279576      6858  +1.6743164062  -1.155e-05
  8925  +1.6754712339      6863  +1.6755371094  +6.588e-05
  8926  +1.6766137306      6867  +1.6765136719  -1.001e-04
  8927  +1.6777554494      6872  +1.6777343750  -2.107e-05
  8928  +1.6788963916      6877  +1.6789550781  +5.869e-05
  8929  +1.6800365591      6881  +1.6799316406  -1.049e-04
  8930  +1.6811759533      6886  +1.6811523438  -2.361e-05
  8931  +1.6823145758      6891  +1.6823730469  +5.847e-05
  8932  +1.6834524282      6895  +1.6833496094  -1.028e-04
  8933  +1.6845895121      6900  +1.6845703125  -1.920e-05
  8934  +1.6857258289      6905  +1.6857910156  +6.519e-05
  8935  +1.6868613803      6909  +1.6867675781  -9.380e-05
  8936  +1.6879961677      6914  +1.6879882812  -7.886e-06
  8937  +1.6891301928      6919  +1.6892089844  +7.879e-05
  8938  +1.6902634571      6923  +1.6901855469  -7.791e-05
  8939  +1.6913959621      6928  +1.6914062500  +1.029e-05
  8940  +1.6925277092      6933  +1.6926269531  +9.924e-05
  8941  +1.6936587001      6937  +1.6936035156  -5.518e-05
  8942  +1.6947889363      6942  +1.6948242188  +3.528e-05
  8943  +1.6959184192      6946  +1.6958007812  -1.176e-04
  8944  +1.6970471504      6951  +1.6970214844  -2.567e-05
  8945  +1.6981751314      6956  +1.6982421875  +6.706e-05
  8946  +1.6993023636      6960  +1.6992187500  -8.361e-05
  8947  +1.7004288485      6965  +1.7004394531  +1.060e-05
  8948  +1.7015545877      6970  +1.7016601562  +1.056e-04
  8949  +1.7026795826      6974  +1.7026367188  -4.286e-05
  8950  +1.7038038347      6979  +1.7038574219  +5.359e-05
  8951  +1.7049273454      6983  +1.7048339844  -9.336e-05
  8952  +1.7060501162      6988  +1.7060546875  +4.571e-06
  8953  +1.7071721487      6993  +1.7072753906  +1.032e-04
  8954  +1.7082934441      6997  +1.7082519531  -4.149e-05
  8955  +1.7094140041      7002  +1.7094726562  +5.865e-05
  8956  +1.7105338299      7006  +1.7104492188  -8.461e-05
  8957  +1.7116529232      7011  +1.7116699219  +1.700e-05
  8958  +1.7127712852      7016  +1.7128906250  +1.193e-04
  8959  +1.7138889175      7020  +1.7138671875  -2.173e-05
  8960  +1.7150058214      7025  +1.7150878906  +8.207e-05
  8961  +1.7161219985      7029  +1.7160644531  -5.755e-05
  8962  +1.7172374500      7034  +1.7172851562  +4.771e-05
  8963  +1.7183521774      7038  +1.7182617188  -9.046e-05
  8964  +1.7194661822      7043  +1.7194824219  +1.624e-05
  8965  +1.7205794657      7047  +1.7204589844  -1.205e-04
  8966  +1.7216920293      7052  +1.7216796875  -1.234e-05
  8967  +1.7228038745      7057  +1.7229003906  +9.652e-05
  8968  +1.7239150025      7061  +1.7238769531  -3.805e-05
  8969  +1.7250254149      7066  +1.7250976562  +7.224e-05
  8970  +1.7261351129      7070  +1.7260742188  -6.089e-05
  8971  +1.7272440980      7075  +1.7272949219  +5.082e-05
  8972  +1.7283523715      7079  +1.7282714844  -8.089e-05
  8973  +1.7294599348      7084  +1.7294921875  +3.225e-05
  8974  +1.7305667893      7088  +1.7304687500  -9.804e-05
  8975  +1.7316729363      7093  +1.7316894531  +1.652e-05
  8976  +1.7327783772      7097  +1.7326660156  -1.124e-04
  8977  +1.7338831133      7102  +1.7338867188  +3.605e-06
  8978  +1.7349871459      7107  +1.7351074219  +1.203e-04
  8979  +1.7360904765      7111  +1.7360839844  -6.492e-06
  8980  +1.7371931063      7116  +1.7373046875  +1.116e-04
  8981  +1.7382950367      7120  +1.7382812500  -1.379e-05
  8982  +1.7393962690      7125  +1.7395019531  +1.057e-04
  8983  +1.7404968046      7129  +1.7404785156  -1.829e-05
  8984  +1.7415966447      7134  +1.7416992188  +1.026e-04
  8985  +1.7426957907      7138  +1.7426757812  -2.001e-05
  8986  +1.7437942438      7143  +1.7438964844  +1.022e-04
  8987  +1.7448920055      7147  +1.7448730469  -1.896e-05
  8988  +1.7459890770      7152  +1.7460937500  +1.047e-04
  8989  +1.7470854596      7156  +1.7470703125  -1.515e-05
  8990  +1.7481811545      7161  +1.7482910156  +1.099e-04
  8991  +1.7492761632      7165  +1.7492675781  -8.585e-06
  8992  +1.7503704868      7170  +1.7504882812  +1.178e-04
  8993  +1.7514641267      7174  +1.7514648438  +7.170e-07
  8994  +1.7525570842      7178  +1.7524414062  -1.157e-04
  8995  +1.7536493604      7183  +1.7536621094  +1.275e-05
  8996  +1.7547409568      7187  +1.7546386719  -1.023e-04
  8997  +1.7558318745      7192  +1.7558593750  +2.750e-05
  8998  +1.7569221148      7196  +1.7568359375  -8.618e-05
  8999  +1.7580116790      7201  +1.7580566406  +4.496e-05
  9000  +1.7591005684      7205  +1.7590332031  -6.737e-05
  9001  +1.7601887841      7210  +1.7602539062  +6.512e-05
  9002  +1.7612763275      7214  +1.7612304688  -4.586e-05
  9003  +1.7623631997      7219  +1.7624511719  +8.797e-05
  9004  +1.7634494021      7223  +1.7634277344  -2.167e-05
  9005  +1.7645349359      7228  +1.7646484375  +1.135e-04
  9006  +1.7656198022      7232  +1.7656250000  +5.198e-06
  9007  +1.7667040024      7236  +1.7666015625  -1.024e-04
  9008  +1.7677875376      7241  +1.7678222656  +3.473e-05
  9009  +1.7688704091      7245  +1.7687988281  -7.158e-05
  9010  +1.7699526180      7250  +1.7700195312  +6.691e-05
  9011  +1.7710341657      7254  +1.7709960938  -3.807e-05
  9012  +1.7721150533      7259  +1.7722167969  +1.017e-04
  9013  +1.7731952820      7263  +1.7731933594  -1.923e-06
  9014  +1.7742748531      7267  +1.7741699219  -1.049e-04
  9015  +1.7753537677      7272  +1.7753906250  +3.686e-05
  9016  +1.7764320270      7276  +1.7763671875  -6.484e-05
  9017  +1.7775096322      7281  +1.7775878906  +7.826e-05
  9018  +1.7785865845      7285  +1.7785644531  -2.213e-05
  9019  +1.7796628851      7289  +1.7795410156  -1.219e-04
  9020  +1.7807385352      7294  +1.7807617188  +2.318e-05
  9021  +1.7818135359      7298  +1.7817382812  -7.525e-05
  9022  +1.7828878884      7303  +1.7829589844  +7.110e-05
  9023  +1.7839615940      7307  +1.7839355469  -2.605e-05
  9024  +1.7850346537      7312  +1.7851562500  +1.216e-04
  9025  +1.7861070687      7316  +1.7861328125  +2.574e-05
  9026  +1.7871788402      7320  +1.7871093750  -6.947e-05
  9027  +1.7882499694      7325  +1.7883300781  +8.011e-05
  9028  +1.7893204573      7329  +1.7893066406  -1.382e-05
  9029  +1.7903903052      7333  +1.7902832031  -1.071e-04
  9030  +1.7914595142      7338  +1.7915039062  +4.439e-05
  9031  +1.7925280855      7342  +1.7924804688  -4.762e-05
  9032  +1.7935960201      7347  +1.7937011719  +1.052e-04
  9033  +1.7946633192      7351  +1.7946777344  +1.442e-05
  9034  +1.7957299840      7355  +1.7956542969  -7.569e-05
  9035  +1.7967960155      7360  +1.7968750000  +7.898e-05
  9036  +1.7978614150      7364  +1.7978515625  -9.852e-06
  9037  +1.7989261835      7368  +1.7988281250  -9.806e-05
  9038  +1.7999903221      7373  +1.8000488281  +5.851e-05
  9039  +1.8010538320      7377  +1.8010253906  -2.844e-05
  9040  +1.8021167142      7381  +1.8020019531  -1.148e-04
  9041  +1.8031789700      7386  +1.8032226562  +4.369e-05
  9042  +1.8042406003      7390  +1.8041992188  -4.138e-05
  9043  +1.8053016063      7395  +1.8054199219  +1.183e-04
  9044  +1.8063619892      7399  +1.8063964844  +3.450e-05
  9045  +1.8074217499      7403  +1.8073730469  -4.870e-05
  9046  +1.8084808896      7408  +1.8085937500  +1.129e-04
  9047  +1.8095394094      7412  +1.8095703125  +3.090e-05
  9048  +1.8105973103      7416  +1.8105468750  -5.044e-05
  9049  +1.8116545935      7421  +1.8117675781  +1.130e-04
  9050  +1.8127112600      7425  +1.8127441406  +3.288e-05
  9051  +1.8137673109      7429  +1.8137207031  -4.661e-05
  9052  +1.8148227473      7434  +1.8149414062  +1.187e-04
  9053  +1.8158775703      7438  +1.8159179688  +4.040e-05
  9054  +1.8169317809      7442  +1.8168945312  -3.725e-05
  9055  +1.8179853801      7446  +1.8178710938  -1.143e-04
  9056  +1.8190383692      7451  +1.8190917969  +5.343e-05
  9057  +1.8200907490      7455  +1.8200683594  -2.239e-05
  9058  +1.8211425207      7459  +1.8210449219  -9.760e-05
  9059  +1.8221936853      7464  +1.8222656250  +7.194e-05
  9060  +1.8232442438      7468  +1.8232421875  -2.056e-06
  9061  +1.8242941974      7472  +1.8242187500  -7.545e-05
  9062  +1.8253435471      7477  +1.8254394531  +9.591e-05
  9063  +1.8263922938      7481  +1.8264160156  +2.372e-05
  9064  +1.8274404387      7485  +1.8273925781  -4.786e-05
  9065  +1.8284879827      7489  +1.8283691406  -1.188e-04
  9066  +1.8295349270      7494  +1.8295898438  +5.492e-05
  9067  +1.8305812725      7498  +1.8305664062  -1.487e-05
  9068  +1.8316270202      7502  +1.8315429688  -8.405e-05
  9069  +1.8326721712      7507  +1.8327636719  +9.150e-05
  9070  +1.8337167265      7511  +1.8337402344  +2.351e-05
  9071  +1.8347606872      7515  +1.8347167969  -4.389e-05
  9072  +1.8358040542      7519  +1.8356933594  -1.107e-04
  9073  +1.8368468285      7524  +1.8369140625  +6.723e-05
  9074  +1.8378890112      7528  +1.8378906250  +1.614e-06
  9075  +1.8389306032      7532  +1.8388671875  -6.342e-05
  9076  +1.8399716056      7537  +1.8400878906  +1.163e-04
  9077  +1.8410120194      7541  +1.8410644531  +5.243e-05
  9078  +1.8420518455      7545  +1.8420410156  -1.083e-05
  9079  +1.8430910850      7549  +1.8430175781  -7.351e-05
  9080  +1.8441297389      7554  +1.8442382812  +1.085e-04
  9081  +1.8451678080      7558  +1.8452148438  +4.704e-05
  9082  +1.8462052935      7562  +1.8461914062  -1.389e-05
  9083  +1.8472421963      7566  +1.8471679688  -7.423e-05
  9084  +1.8482785174      7571  +1.8483886719  +1.102e-04
  9085  +1.8493142578      7575  +1.8493652344  +5.098e-05
  9086  +1.8503494184      7579  +1.8503417969  -7.621e-06
  9087  +1.8513840002      7583  +1.8513183594  -6.564e-05
  9088  +1.8524180042      7588  +1.8525390625  +1.211e-04
  9089  +1.8534514313      7592  +1.8535156250  +6.419e-05
  9090  +1.8544842826      7596  +1.8544921875  +7.905e-06
  9091  +1.8555165589      7600  +1.8554687500  -4.781e-05
  9092  +1.8565482612      7604  +1.8564453125  -1.029e-04
  9093  +1.8575793906      7609  +1.8576660156  +8.663e-05
  9094  +1.8586099479      7613  +1.8586425781  +3.263e-05
  9095  +1.8596399341      7617  +1.8596191406  -2.079e-05
  9096  +1.8606693501      7621  +1.8605957031  -7.365e-05
  9097  +1.8616981970      7626  +1.8618164062  +1.182e-04
  9098  +1.8627264755      7630  +1.8627929688  +6.649e-05
  9099  +1.8637541868      7634  +1.8637695312  +1.534e-05
  9100  +1.8647813316      7638  +1.8647460938  -3.524e-05
  9101  +1.8658079110      7642  +1.8657226562  -8.525e-05
  9102  +1.8668339259      7647  +1.8669433594  +1.094e-04
  9103  +1.8678593772      7651  +1.8679199219  +6.054e-05
  9104  +1.8688842658      7655  +1.8688964844  +1.222e-05
  9105  +1.8699085927      7659  +1.8698730469  -3.555e-05
  9106  +1.8709323588      7663  +1.8708496094  -8.275e-05
  9107  +1.8719555649      7668  +1.8720703125  +1.147e-04
  9108  +1.8729782121      7672  +1.8730468750  +6.866e-05
  9109  +1.8740003013      7676  +1.8740234375  +2.314e-05
  9110  +1.8750218333      7680  +1.8750000000  -2.183e-05
  9111  +1.8760428090      7684  +1.8759765625  -6.625e-05
  9112  +1.8770632295      7688  +1.8769531250  -1.101e-04
  9113  +1.8780830955      7693  +1.8781738281  +9.073e-05
  9114  +1.8791024079      7697  +1.8791503906  +4.798e-05
  9115  +1.8801211678      7701  +1.8801269531  +5.785e-06
  9116  +1.8811393759      7705  +1.8811035156  -3.586e-05
  9117  +1.8821570332      7709  +1.8820800781  -7.696e-05
  9118  +1.8831741406      7713  +1.8830566406  -1.175e-04
  9119  +1.8841906989      7718  +1.8842773438  +8.664e-05
  9120  +1.8852067090      7722  +1.8852539062  +4.720e-05
  9121  +1.8862221719      7726  +1.8862304688  +8.297e-06
  9122  +1.8872370884      7730  +1.8872070312  -3.006e-05
  9123  +1.8882514594      7734  +1.8881835938  -6.787e-05
  9124  +1.8892652858      7738  +1.8891601562  -1.051e-04
  9125  +1.8902785684      7743  +1.8903808594  +1.023e-04
  9126  +1.8912913081      7747  +1.8913574219  +6.611e-05
  9127  +1.8923035058      7751  +1.8923339844  +3.048e-05
  9128  +1.8933151624      7755  +1.8933105469  -4.616e-06
  9129  +1.8943262787      7759  +1.8942871094  -3.917e-05
  9130  +1.8953368556      7763  +1.8952636719  -7.318e-05
  9131  +1.8963468940      7767  +1.8962402344  -1.067e-04
  9132  +1.8973563947      7772  +1.8974609375  +1.045e-04
  9133  +1.8983653585      7776  +1.8984375000  +7.214e-05
  9134  +1.8993737864      7780  +1.8994140625  +4.028e-05
  9135  +1.9003816792      7784  +1.9003906250  +8.946e-06
  9136  +1.9013890377      7788  +1.9013671875  -2.185e-05
  9137  +1.9023958628      7792  +1.9023437500  -5.211e-05
  9138  +1.9034021553      7796  +1.9033203125  -8.184e-05
  9139  +1.9044079161      7800  +1.9042968750  -1.110e-04
  9140  +1.9054131460      7805  +1.9055175781  +1.044e-04
  9141  +1.9064178458      7809  +1.9064941406  +7.629e-05
  9142  +1.9074220165      7813  +1.9074707031  +4.869e-05
  9143  +1.9084256587      7817  +1.9084472656  +2.161e-05
  9144  +1.9094287735      7821  +1.9094238281  -4.945e-06
  9145  +1.9104313615      7825  +1.9104003906  -3.097e-05
  9146  +1.9114334237      7829  +1.9113769531  -5.647e-05
  9147  +1.9124349608      7833  +1.9123535156  -8.145e-05
  9148  +1.9134359736      7837  +1.9133300781  -1.059e-04
  9149  +1.9144364631      7842  +1.9145507812  +1.143e-04
  9150  +1.9154364300      7846  +1.9155273438  +9.091e-05
  9151  +1.9164358751      7850  +1.9165039062  +6.803e-05
  9152  +1.9174347993      7854  +1.9174804688  +4.567e-05
  9153  +1.9184332033      7858  +1.9184570312  +2.383e-05
  9154  +1.9194310880      7862  +1.9194335938  +2.506e-06
  9155  +1.9204284542      7866  +1.9204101562  -1.830e-05
  9156  +1.9214253026      7870  +1.9213867188  -3.858e-05
  9157  +1.9224216342      7874  +1.9223632812  -5.835e-05
  9158  +1.9234174497      7878  +1.9233398438  -7.761e-05
  9159  +1.9244127499      7882  +1.9243164062  -9.634e-05
  9160  +1.9254075355      7886  +1.9252929688  -1.146e-04
  9161  +1.9264018075      7891  +1.9265136719  +1.119e-04
  9162  +1.9273955665      7895  +1.9274902344  +9.467e-05
  9163  +1.9283888135      7899  +1.9284667969  +7.798e-05
  9164  +1.9293815491      7903  +1.9294433594  +6.181e-05
  9165  +1.9303737742      7907  +1.9304199219  +4.615e-05
  9166  +1.9313654895      7911  +1.9313964844  +3.099e-05
  9167  +1.9323566959      7915  +1.9323730469  +1.635e-05
  9168  +1.9333473941      7919  +1.9333496094  +2.215e-06
  9169  +1.9343375849      7923  +1.9343261719  -1.141e-05
  9170  +1.9353272691      7927  +1.9353027344  -2.453e-05
  9171  +1.9363164474      7931  +1.9362792969  -3.715e-05
  9172  +1.9373051206      7935  +1.9372558594  -4.926e-05
  9173  +1.9382932896      7939  +1.9382324219  -6.087e-05
  9174  +1.9392809550      7943  +1.9392089844  -7.197e-05
  9175  +1.9402681177      7947  +1.9401855469  -8.257e-05
  9176  +1.9412547784      7951  +1.9411621094  -9.267e-05
  9177  +1.9422409379      7955  +1.9421386719  -1.023e-04
  9178  +1.9432265969      7959  +1.9431152344  -1.114e-04
  9179  +1.9442117562      7963  +1.9440917969  -1.200e-04
  9180  +1.9451964165      7968  +1.9453125000  +1.161e-04
  9181  +1.9461805787      7972  +1.9462890625  +1.085e-04
  9182  +1.9471642435      7976  +1.9472656250  +1.014e-04
  9183  +1.9481474115      7980  +1.9482421875  +9.478e-05
  9184  +1.9491300837      7984  +1.9492187500  +8.867e-05
  9185  +1.9501122606      7988  +1.9501953125  +8.305e-05
  9186  +1.9510939432      7992  +1.9511718750  +7.793e-05
  9187  +1.9520751321      7996  +1.9521484375  +7.331e-05
  9188  +1.9530558280      8000  +1.9531250000  +6.917e-05
  9189  +1.9540360317      8004  +1.9541015625  +6.553e-05
  9190  +1.9550157440      8008  +1.9550781250  +6.238e-05
  9191  +1.9559949656      8012  +1.9560546875  +5.972e-05
  9192  +1.9569736972      8016  +1.9570312500  +5.755e-05
  9193  +1.9579519395      8020  +1.9580078125  +5.587e-05
  9194  +1.9589296934      8024  +1.9589843750  +5.468e-05
  9195  +1.9599069594      8028  +1.9599609375  +5.398e-05
  9196  +1.9608837384      8032  +1.9609375000  +5.376e-05
  9197  +1.9618600311      8036  +1.9619140625  +5.403e-05
  9198  +1.9628358382      8040  +1.9628906250  +5.479e-05
  9199  +1.9638111604      8044  +1.9638671875  +5.603e-05
  9200  +1.9647859985      8048  +1.9648437500  +5.775e-05
  9201  +1.9657603531      8052  +1.9658203125  +5.996e-05
  9202  +1.9667342251      8056  +1.9667968750  +6.265e-05
  9203  +1.9677076150      8060  +1.9677734375  +6.582e-05
  9204  +1.9686805236      8064  +1.9687500000  +6.948e-05
  9205  +1.9696529517      8068  +1.9697265625  +7.361e-05
  9206  +1.9706248999      8072  +1.9707031250  +7.823e-05
  9207  +1.9715963690      8076  +1.9716796875  +8.332e-05
  9208  +1.9725673596      8080  +1.9726562500  +8.889e-05
  9209  +1.9735378725      8084  +1.9736328125  +9.494e-05
  9210  +1.9745079084      8088  +1.9746093750  +1.015e-04
  9211  +1.9754774680      8092  +1.9755859375  +1.085e-04
  9212  +1.9764465519      8096  +1.9765625000  +1.159e-04
  9213  +1.9774151609      8099  +1.9772949219  -1.202e-04
  9214  +1.9783832957      8103  +1.9782714844  -1.118e-04
  9215  +1.9793509569      8107  +1.9792480469  -1.029e-04
  9216  +1.9803181453      8111  +1.9802246094  -9.354e-05
  9217  +1.9812848616      8115  +1.9812011719  -8.369e-05
  9218  +1.9822511064      8119  +1.9821777344  -7.337e-05
  9219  +1.9832168804      8123  +1.9831542969  -6.258e-05
  9220  +1.9841821844      8127  +1.9841308594  -5.133e-05
  9221  +1.9851470190      8131  +1.9851074219  -3.960e-05
  9222  +1.9861113849      8135  +1.9860839844  -2.740e-05
  9223  +1.9870752827      8139  +1.9870605469  -1.474e-05
  9224  +1.9880387132      8143  +1.9880371094  -1.604e-06
  9225  +1.9890016770      8147  +1.9890136719  +1.199e-05
  9226  +1.9899641749      8151  +1.9899902344  +2.606e-05
  9227  +1.9909262074      8155  +1.9909667969  +4.059e-05
  9228  +1.9918877753      8159  +1.9919433594  +5.558e-05
  9229  +1.9928488792      8163  +1.9929199219  +7.104e-05
  9230  +1.9938095198      8167  +1.9938964844  +8.696e-05
  9231  +1.9947696979      8171  +1.9948730469  +1.033e-04
  9232  +1.9957294139      8175  +1.9958496094  +1.202e-04
  9233  +1.9966886687      8178  +1.9965820312  -1.066e-04
  9234  +1.9976474628      8182  +1.9975585938  -8.887e-05
  9235  +1.9986057970      8186  +1.9985351562  -7.064e-05
  9236  +1.9995636718      8190  +1.9995117188  -5.195e-05
  9237  +2.0005210881      8194  +2.0004882812  -3.281e-05
  9238  +2.0014780463      8198  +2.0014648438  -1.320e-05
  9239  +2.0024345472      8202  +2.0024414062  +6.859e-06
  9240  +2.0033905915      8206  +2.0034179688  +2.738e-05
  9241  +2.0043461797      8210  +2.0043945312  +4.835e-05
  9242  +2.0053013125      8214  +2.0053710938  +6.978e-05
  9243  +2.0062559907      8218  +2.0063476562  +9.167e-05
  9244  +2.0072102147      8222  +2.0073242188  +1.140e-04
  9245  +2.0081639854      8225  +2.0080566406  -1.073e-04
  9246  +2.0091173033      8229  +2.0090332031  -8.410e-05
  9247  +2.0100701690      8233  +2.0100097656  -6.040e-05
  9248  +2.0110225833      8237  +2.0109863281  -3.626e-05
  9249  +2.0119745467      8241  +2.0119628906  -1.166e-05
  9250  +2.0129260599      8245  +2.0129394531  +1.339e-05
  9251  +2.0138771235      8249  +2.0139160156  +3.889e-05
  9252  +2.0148277382      8253  +2.0148925781  +6.484e-05
  9253  +2.0157779046      8257  +2.0158691406  +9.124e-05
  9254  +2.0167276233      8261  +2.0168457031  +1.181e-04
  9255  +2.0176768950      8264  +2.0175781250  -9.877e-05
  9256  +2.0186257203      8268  +2.0185546875  -7.103e-05
  9257  +2.0195740999      8272  +2.0195312500  -4.285e-05
  9258  +2.0205220342      8276  +2.0205078125  -1.422e-05
  9259  +2.0214695241      8280  +2.0214843750  +1.485e-05
  9260  +2.0224165701      8284  +2.0224609375  +4.437e-05
  9261  +2.0233631728      8288  +2.0234375000  +7.433e-05
  9262  +2.0243093329      8292  +2.0244140625  +1.047e-04
  9263  +2.0252550509      8295  +2.0251464844  -1.086e-04
  9264  +2.0262003275      8299  +2.0261230469  -7.728e-05
  9265  +2.0271451633      8303  +2.0270996094  -4.555e-05
  9266  +2.0280895590      8307  +2.0280761719  -1.339e-05
  9267  +2.0290335151      8311  +2.0290527344  +1.922e-05
  9268  +2.0299770322      8315  +2.0300292969  +5.226e-05
  9269  +2.0309201110      8319  +2.0310058594  +8.575e-05
  9270  +2.0318627521      8323  +2.0319824219  +1.197e-04
  9271  +2.0328049561      8326  +2.0327148438  -9.011e-05
  9272  +2.0337467236      8330  +2.0336914062  -5.532e-05
  9273  +2.0346880551      8334  +2.0346679688  -2.009e-05
  9274  +2.0356289514      8338  +2.0356445312  +1.558e-05
  9275  +2.0365694129      8342  +2.0366210938  +5.168e-05
  9276  +2.0375094404      8346  +2.0375976562  +8.822e-05
  9277  +2.0384490344      8349  +2.0383300781  -1.190e-04
  9278  +2.0393881955      8353  +2.0393066406  -8.155e-05
  9279  +2.0403269243      8357  +2.0402832031  -4.372e-05
  9280  +2.0412652214      8361  +2.0412597656  -5.456e-06
  9281  +2.0422030874      8365  +2.0422363281  +3.324e-05
  9282  +2.0431405229      8369  +2.0432128906  +7.237e-05
  9283  +2.0440775284      8373  +2.0441894531  +1.119e-04
  9284  +2.0450141047      8376  +2.0449218750  -9.223e-05
  9285  +2.0459502522      8380  +2.0458984375  -5.181e-05
  9286  +2.0468859715      8384  +2.0468750000  -1.097e-05
  9287  +2.0478212633      8388  +2.0478515625  +3.030e-05
  9288  +2.0487561281      8392  +2.0488281250  +7.200e-05
  9289  +2.0496905665      8396  +2.0498046875  +1.141e-04
  9290  +2.0506245791      8399  +2.0505371094  -8.747e-05
  9291  +2.0515581665      8403  +2.0515136719  -4.449e-05
  9292  +2.0524913292      8407  +2.0524902344  -1.095e-06
  9293  +2.0534240679      8411  +2.0534667969  +4.273e-05
  9294  +2.0543563831      8415  +2.0544433594  +8.698e-05
  9295  +2.0552882753      8418  +2.0551757812  -1.125e-04
  9296  +2.0562197453      8422  +2.0561523438  -6.740e-05
  9297  +2.0571507934      8426  +2.0571289062  -2.189e-05
  9298  +2.0580814204      8430  +2.0581054688  +2.405e-05
  9299  +2.0590116267      8434  +2.0590820312  +7.040e-05
  9300  +2.0599414130      8438  +2.0600585938  +1.172e-04
  9301  +2.0608707798      8441  +2.0607910156  -7.976e-05
  9302  +2.0617997277      8445  +2.0617675781  -3.215e-05
  9303  +2.0627282572      8449  +2.0627441406  +1.588e-05
  9304  +2.0636563690      8453  +2.0637207031  +6.433e-05
  9305  +2.0645840635      8457  +2.0646972656  +1.132e-04
  9306  +2.0655113414      8460  +2.0654296875  -8.165e-05
  9307  +2.0664382031      8464  +2.0664062500  -3.195e-05
  9308  +2.0673646494      8468  +2.0673828125  +1.816e-05
  9309  +2.0682906806      8472  +2.0683593750  +6.869e-05
  9310  +2.0692162974      8476  +2.0693359375  +1.196e-04
  9311  +2.0701415004      8479  +2.0700683594  -7.314e-05
  9312  +2.0710662900      8483  +2.0710449219  -2.137e-05
  9313  +2.0719906669      8487  +2.0720214844  +3.082e-05
  9314  +2.0729146316      8491  +2.0729980469  +8.342e-05
  9315  +2.0738381846      8494  +2.0737304688  -1.077e-04
  9316  +2.0747613265      8498  +2.0747070312  -5.430e-05
  9317  +2.0756840578      8502  +2.0756835938  -4.641e-07
  9318  +2.0766063792      8506  +2.0766601562  +5.378e-05
  9319  +2.0775282910      8510  +2.0776367188  +1.084e-04
  9320  +2.0784497940      8513  +2.0783691406  -8.065e-05
  9321  +2.0793708885      8517  +2.0793457031  -2.519e-05
  9322  +2.0802915753      8521  +2.0803222656  +3.069e-05
  9323  +2.0812118547      8525  +2.0812988281  +8.697e-05
  9324  +2.0821317274      8528  +2.0820312500  -1.005e-04
  9325  +2.0830511939      8532  +2.0830078125  -4.338e-05
  9326  +2.0839702547      8536  +2.0839843750  +1.412e-05
  9327  +2.0848889103      8540  +2.0849609375  +7.203e-05
  9328  +2.0858071614      8543  +2.0856933594  -1.138e-04
  9329  +2.0867250084      8547  +2.0866699219  -5.509e-05
  9330  +2.0876424518      8551  +2.0876464844  +4.033e-06
  9331  +2.0885594922      8555  +2.0886230469  +6.355e-05
  9332  +2.0894761302      8558  +2.0893554688  -1.207e-04
  9333  +2.0903923662      8562  +2.0903320312  -6.033e-05
  9334  +2.0913082008      8566  +2.0913085938  +3.929e-07
  9335  +2.0922236345      8570  +2.0922851562  +6.152e-05
  9336  +2.0931386679      8573  +2.0930175781  -1.211e-04
  9337  +2.0940533014      8577  +2.0939941406  -5.916e-05
  9338  +2.0949675355      8581  +2.0949707031  +3.168e-06
  9339  +2.0958813709      8585  +2.0959472656  +6.589e-05
  9340  +2.0967948081      8588  +2.0966796875  -1.151e-04
  9341  +2.0977078474      8592  +2.0976562500  -5.160e-05
  9342  +2.0986204896      8596  +2.0986328125  +1.232e-05
  9343  +2.0995327350      8600  +2.0996093750  +7.664e-05
  9344  +2.1004445842      8603  +2.1003417969  -1.028e-04
  9345  +2.1013560377      8607  +2.1013183594  -3.768e-05
  9346  +2.1022670961      8611  +2.1022949219  +2.783e-05
  9347  +2.1031777598      8615  +2.1032714844  +9.372e-05
  9348  +2.1040880294      8618  +2.1040039062  -8.412e-05
  9349  +2.1049979054      8622  +2.1049804688  -1.744e-05
  9350  +2.1059073882      8626  +2.1059570312  +4.964e-05
  9351  +2.1068164784      8630  +2.1069335938  +1.171e-04
  9352  +2.1077251765      8633  +2.1076660156  -5.916e-05
  9353  +2.1086334830      8637  +2.1086425781  +9.095e-06
  9354  +2.1095413985      8641  +2.1096191406  +7.774e-05
  9355  +2.1104489233      8644  +2.1103515625  -9.736e-05
  9356  +2.1113560581      8648  +2.1113281250  -2.793e-05
  9357  +2.1122628032      8652  +2.1123046875  +4.188e-05
  9358  +2.1131691594      8656  +2.1132812500  +1.121e-04
  9359  +2.1140751269      8659  +2.1140136719  -6.146e-05
  9360  +2.1149807063      8663  +2.1149902344  +9.528e-06
  9361  +2.1158858982      8667  +2.1159667969  +8.090e-05
  9362  +2.1167907030      8670  +2.1166992188  -9.148e-05
  9363  +2.1176951212      8674  +2.1176757812  -1.934e-05
  9364  +2.1185991533      8678  +2.1186523438  +5.319e-05
  9365  +2.1195027998      8681  +2.1193847656  -1.180e-04
  9366  +2.1204060612      8685  +2.1203613281  -4.473e-05
  9367  +2.1213089380      8689  +2.1213378906  +2.895e-05
  9368  +2.1222114307      8693  +2.1223144531  +1.030e-04
  9369  +2.1231135397      8696  +2.1230468750  -6.666e-05
  9370  +2.1240152656      8700  +2.1240234375  +8.172e-06
  9371  +2.1249166089      8704  +2.1250000000  +8.339e-05
  9372  +2.1258175700      8707  +2.1257324219  -8.515e-05
  9373  +2.1267181494      8711  +2.1267089844  -9.165e-06
  9374  +2.1276183476      8715  +2.1276855469  +6.720e-05
  9375  +2.1285181650      8718  +2.1284179688  -1.002e-04
  9376  +2.1294176023      8722  +2.1293945312  -2.307e-05
  9377  +2.1303166598      8726  +2.1303710938  +5.443e-05
  9378  +2.1312153380      8729  +2.1311035156  -1.118e-04
  9379  +2.1321136375      8733  +2.1320800781  -3.356e-05
  9380  +2.1330115586      8737  +2.1330566406  +4.508e-05
  9381  +2.1339091019      8740  +2.1337890625  -1.200e-04
  9382  +2.1348062679      8744  +2.1347656250  -4.064e-05
  9383  +2.1357030569      8748  +2.1357421875  +3.913e-05
  9384  +2.1365994696      8752  +2.1367187500  +1.193e-04
  9385  +2.1374955063      8755  +2.1374511719  -4.433e-05
  9386  +2.1383911676      8759  +2.1384277344  +3.657e-05
  9387  +2.1392864538      8763  +2.1394042969  +1.178e-04
  9388  +2.1401813656      8766  +2.1401367188  -4.465e-05
  9389  +2.1410759033      8770  +2.1411132812  +3.738e-05
  9390  +2.1419700674      8774  +2.1420898438  +1.198e-04
  9391  +2.1428638584      8777  +2.1428222656  -4.159e-05
  9392  +2.1437572768      8781  +2.1437988281  +4.155e-05
  9393  +2.1446503230      8784  +2.1445312500  -1.191e-04
  9394  +2.1455429974      8788  +2.1455078125  -3.518e-05
  9395  +2.1464353007      8792  +2.1464843750  +4.907e-05
  9396  +2.1473272331      8795  +2.1472167969  -1.104e-04
  9397  +2.1482187952      8799  +2.1481933594  -2.544e-05
  9398  +2.1491099874      8803  +2.1491699219  +5.993e-05
  9399  +2.1500008103      8806  +2.1499023438  -9.847e-05
  9400  +2.1508912641      8810  +2.1508789062  -1.236e-05
  9401  +2.1517813495      8814  +2.1518554688  +7.412e-05
  9402  +2.1526710669      8817  +2.1525878906  -8.318e-05
  9403  +2.1535604167      8821  +2.1535644531  +4.036e-06
  9404  +2.1544493994      8825  +2.1545410156  +9.162e-05
  9405  +2.1553380154      8828  +2.1552734375  -6.458e-05
  9406  +2.1562262651      8832  +2.1562500000  +2.373e-05
  9407  +2.1571141492      8836  +2.1572265625  +1.124e-04
  9408  +2.1580016679      8839  +2.1579589844  -4.268e-05
  9409  +2.1588888217      8843  +2.1589355469  +4.673e-05
  9410  +2.1597756112      8846  +2.1596679688  -1.076e-04
  9411  +2.1606620367      8850  +2.1606445312  -1.751e-05
  9412  +2.1615480987      8854  +2.1616210938  +7.300e-05
  9413  +2.1624337976      8857  +2.1623535156  -8.028e-05
  9414  +2.1633191339      8861  +2.1633300781  +1.094e-05
  9415  +2.1642041080      8865  +2.1643066406  +1.025e-04
  9416  +2.1650887204      8868  +2.1650390625  -4.966e-05
  9417  +2.1659729715      8872  +2.1660156250  +4.265e-05
  9418  +2.1668568617      8875  +2.1667480469  -1.088e-04
  9419  +2.1677403916      8879  +2.1677246094  -1.578e-05
  9420  +2.1686235614      8883  +2.1687011719  +7.761e-05
  9421  +2.1695063718      8886  +2.1694335938  -7.278e-05
  9422  +2.1703888231      8890  +2.1704101562  +2.133e-05
  9423  +2.1712709157      8894  +2.1713867188  +1.158e-04
  9424  +2.1721526501      8897  +2.1721191406  -3.351e-05
  9425  +2.1730340268      8901  +2.1730957031  +6.168e-05
  9426  +2.1739150461      8904  +2.1738281250  -8.692e-05
  9427  +2.1747957085      8908  +2.1748046875  +8.979e-06
  9428  +2.1756760144      8912  +2.1757812500  +1.052e-04
  9429  +2.1765559643      8915  +2.1765136719  -4.229e-05
  9430  +2.1774355586      8919  +2.1774902344  +5.468e-05
  9431  +2.1783147977      8922  +2.1782226562  -9.214e-05
  9432  +2.1791936820      8926  +2.1791992188  +5.537e-06
  9433  +2.1800722121      8930  +2.1801757812  +1.036e-04
  9434  +2.1809503882      8933  +2.1809082031  -4.219e-05
  9435  +2.1818282109      8937  +2.1818847656  +5.655e-05
  9436  +2.1827056806      8940  +2.1826171875  -8.849e-05
  9437  +2.1835827976      8944  +2.1835937500  +1.095e-05
  9438  +2.1844595625      8948  +2.1845703125  +1.108e-04
  9439  +2.1853359756      8951  +2.1853027344  -3.324e-05
  9440  +2.1862120374      8955  +2.1862792969  +6.726e-05
  9441  +2.1870877482      8958  +2.1870117188  -7.603e-05
  9442  +2.1879631085      8962  +2.1879882812  +2.517e-05
  9443  +2.1888381188      8965  +2.1887207031  -1.174e-04
  9444  +2.1897127794      8969  +2.1896972656  -1.551e-05
  9445  +2.1905870908      8973  +2.1906738281  +8.674e-05
  9446  +2.1914610534      8976  +2.1914062500  -5.480e-05
  9447  +2.1923346676      8980  +2.1923828125  +4.814e-05
  9448  +2.1932079338      8983  +2.1931152344  -9.270e-05
  9449  +2.1940808524      8987  +2.1940917969  +1.094e-05
  9450  +2.1949534238      8991  +2.1950683594  +1.149e-04
  9451  +2.1958256485      8994  +2.1958007812  -2.487e-05
  9452  +2.1966975269      8998  +2.1967773438  +7.982e-05
  9453  +2.1975690594      9001  +2.1975097656  -5.929e-05
  9454  +2.1984402464      9005  +2.1984863281  +4.608e-05
  9455  +2.1993110883      9008  +2.1992187500  -9.234e-05
  9456  +2.2001815855      9012  +2.2001953125  +1.373e-05
  9457  +2.2010517384      9016  +2.2011718750  +1.201e-04
  9458  +2.2019215475      9019  +2.2019042969  -1.725e-05
  9459  +2.2027910131      9023  +2.2028808594  +8.985e-05
  9460  +2.2036601356      9026  +2.2036132812  -4.685e-05
  9461  +2.2045289155      9030  +2.2045898438  +6.093e-05
  9462  +2.2053973532      9033  +2.2053222656  -7.509e-05
  9463  +2.2062654490      9037  +2.2062988281  +3.338e-05
  9464  +2.2071332034      9040  +2.2070312500  -1.020e-04
  9465  +2.2080006167      9044  +2.2080078125  +7.196e-06
  9466  +2.2088676895      9048  +2.2089843750  +1.167e-04
  9467  +2.2097344220      9051  +2.2097167969  -1.763e-05
  9468  +2.2106008146      9055  +2.2106933594  +9.254e-05
  9469  +2.2114668679      9058  +2.2114257812  -4.109e-05
  9470  +2.2123325821      9062  +2.2124023438  +6.976e-05
  9471  +2.2131979577      9065  +2.2131347656  -6.319e-05
  9472  +2.2140629950      9069  +2.2141113281  +4.833e-05
  9473  +2.2149276945      9072  +2.2148437500  -8.394e-05
  9474  +2.2157920566      9076  +2.2158203125  +2.826e-05
  9475  +2.2166560816      9079  +2.2165527344  -1.033e-04
  9476  +2.2175197699      9083  +2.2175292969  +9.527e-06
  9477  +2.2183831220      9086  +2.2182617188  -1.214e-04
  9478  +2.2192461383      9090  +2.2192382812  -7.857e-06
  9479  +2.2201088190      9094  +2.2202148438  +1.060e-04
  9480  +2.2209711647      9097  +2.2209472656  -2.390e-05
  9481  +2.2218331756      9101  +2.2219238281  +9.065e-05
  9482  +2.2226948523      9104  +2.2226562500  -3.860e-05
  9483  +2.2235561950      9108  +2.2236328125  +7.662e-05
  9484  +2.2244172042      9111  +2.2243652344  -5.197e-05
  9485  +2.2252778803      9115  +2.2253417969  +6.392e-05
  9486  +2.2261382236      9118  +2.2260742188  -6.400e-05
  9487  +2.2269982345      9122  +2.2270507812  +5.255e-05
  9488  +2.2278579135      9125  +2.2277832031  -7.471e-05
  9489  +2.2287172608      9129  +2.2287597656  +4.250e-05
  9490  +2.2295762770      9132  +2.2294921875  -8.409e-05
  9491  +2.2304349623      9136  +2.2304687500  +3.379e-05
  9492  +2.2312933171      9139  +2.2312011719  -9.215e-05
  9493  +2.2321513419      9143  +2.2321777344  +2.639e-05
  9494  +2.2330090369      9146  +2.2329101562  -9.888e-05
  9495  +2.2338664027      9150  +2.2338867188  +2.032e-05
  9496  +2.2347234395      9153  +2.2346191406  -1.043e-04
  9497  +2.2355801478      9157  +2.2355957031  +1.556e-05
  9498  +2.2364365279      9160  +2.2363281250  -1.084e-04
  9499  +2.2372925802      9164  +2.2373046875  +1.211e-05
  9500  +2.2381483050      9167  +2.2380371094  -1.112e-04
  9501  +2.2390037029      9171  +2.2390136719  +9.969e-06
  9502  +2.2398587740      9174  +2.2397460938  -1.127e-04
  9503  +2.2407135188      9178  +2.2407226562  +9.137e-06
  9504  +2.2415679378      9181  +2.2414550781  -1.129e-04
  9505  +2.2424220311      9185  +2.2424316406  +9.610e-06
  9506  +2.2432757993      9188  +2.2431640625  -1.117e-04
  9507  +2.2441292426      9192  +2.2441406250  +1.138e-05
  9508  +2.2449823616      9195  +2.2448730469  -1.093e-04
  9509  +2.2458351564      9199  +2.2458496094  +1.445e-05
  9510  +2.2466876276      9202  +2.2465820312  -1.056e-04
  9511  +2.2475397754      9206  +2.2475585938  +1.882e-05
  9512  +2.2483916002      9209  +2.2482910156  -1.006e-04
  9513  +2.2492431025      9213  +2.2492675781  +2.448e-05
  9514  +2.2500942825      9216  +2.2500000000  -9.428e-05
  9515  +2.2509451406      9220  +2.2509765625  +3.142e-05
  9516  +2.2517956773      9223  +2.2517089844  -8.669e-05
  9517  +2.2526458928      9227  +2.2526855469  +3.965e-05
  9518  +2.2534957875      9230  +2.2534179688  -7.782e-05
  9519  +2.2543453618      9234  +2.2543945312  +4.917e-05
  9520  +2.2551946161      9237  +2.2551269531  -6.766e-05
  9521  +2.2560435506      9241  +2.2561035156  +5.996e-05
  9522  +2.2568921659      9244  +2.2568359375  -5.623e-05
  9523  +2.2577404622      9248  +2.2578125000  +7.204e-05
  9524  +2.2585884398      9251  +2.2585449219  -4.352e-05
  9525  +2.2594360993      9255  +2.2595214844  +8.539e-05
  9526  +2.2602834408      9258  +2.2602539062  -2.953e-05
  9527  +2.2611304648      9262  +2.2612304688  +1.000e-04
  9528  +2.2619771716      9265  +2.2619628906  -1.428e-05
  9529  +2.2628235616      9269  +2.2629394531  +1.159e-04
  9530  +2.2636696351      9272  +2.2636718750  +2.240e-06
  9531  +2.2645153925      9275  +2.2644042969  -1.111e-04
  9532  +2.2653608342      9279  +2.2653808594  +2.003e-05
  9533  +2.2662059604      9282  +2.2661132812  -9.268e-05
  9534  +2.2670507716      9286  +2.2670898438  +3.907e-05
  9535  +2.2678952681      9289  +2.2678222656  -7.300e-05
  9536  +2.2687394503      9293  +2.2687988281  +5.938e-05
  9537  +2.2695833184      9296  +2.2695312500  -5.207e-05
  9538  +2.2704268729      9300  +2.2705078125  +8.094e-05
  9539  +2.2712701141      9303  +2.2712402344  -2.988e-05
  9540  +2.2721130424      9307  +2.2722167969  +1.038e-04
  9541  +2.2729556580      9310  +2.2729492188  -6.439e-06
  9542  +2.2737979615      9313  +2.2736816406  -1.163e-04
  9543  +2.2746399530      9317  +2.2746582031  +1.825e-05
  9544  +2.2754816329      9320  +2.2753906250  -9.101e-05
  9545  +2.2763230016      9324  +2.2763671875  +4.419e-05
  9546  +2.2771640595      9327  +2.2770996094  -6.445e-05
  9547  +2.2780048068      9331  +2.2780761719  +7.137e-05
  9548  +2.2788452439      9334  +2.2788085938  -3.665e-05
  9549  +2.2796853712      9338  +2.2797851562  +9.979e-05
  9550  +2.2805251891      9341  +2.2805175781  -7.611e-06
  9551  +2.2813646977      9344  +2.2812500000  -1.147e-04
  9552  +2.2822038976      9348  +2.2822265625  +2.266e-05
  9553  +2.2830427889      9351  +2.2829589844  -8.380e-05
  9554  +2.2838813722      9355  +2.2839355469  +5.417e-05
  9555  +2.2847196476      9358  +2.2846679688  -5.168e-05
  9556  +2.2855576156      9362  +2.2856445312  +8.692e-05
  9557  +2.2863952765      9365  +2.2863769531  -1.832e-05
  9558  +2.2872326306      9369  +2.2873535156  +1.209e-04
  9559  +2.2880696782      9372  +2.2880859375  +1.626e-05
  9560  +2.2889064198      9375  +2.2888183594  -8.806e-05
  9561  +2.2897428555      9379  +2.2897949219  +5.207e-05
  9562  +2.2905789859      9382  +2.2905273438  -5.164e-05
  9563  +2.2914148111      9386  +2.2915039062  +8.910e-05
  9564  +2.2922503316      9389  +2.2922363281  -1.400e-05
  9565  +2.2930855476      9392  +2.2929687500  -1.168e-04
  9566  +2.2939204595      9396  +2.2939453125  +2.485e-05
  9567  +2.2947550677      9399  +2.2946777344  -7.733e-05
  9568  +2.2955893724      9403  +2.2956542969  +6.492e-05
  9569  +2.2964233741      9406  +2.2963867188  -3.666e-05
  9570  +2.2972570729      9410  +2.2973632812  +1.062e-04
  9571  +2.2980904693      9413  +2.2980957031  +5.234e-06
  9572  +2.2989235636      9416  +2.2988281250  -9.544e-05
  9573  +2.2997563560      9420  +2.2998046875  +4.833e-05
  9574  +2.3005888470      9423  +2.3005371094  -5.174e-05
  9575  +2.3014210369      9427  +2.3015136719  +9.263e-05
  9576  +2.3022529260      9430  +2.3022460938  -6.832e-06
  9577  +2.3030845146      9433  +2.3029785156  -1.060e-04
  9578  +2.3039158030      9437  +2.3039550781  +3.928e-05
  9579  +2.3047467916      9440  +2.3046875000  -5.929e-05
  9580  +2.3055774807      9444  +2.3056640625  +8.658e-05
  9581  +2.3064078706      9447  +2.3063964844  -1.139e-05
  9582  +2.3072379616      9450  +2.3071289062  -1.091e-04
  9583  +2.3080677541      9454  +2.3081054688  +3.771e-05
  9584  +2.3088972484      9457  +2.3088378906  -5.936e-05
  9585  +2.3097264448      9461  +2.3098144531  +8.801e-05
  9586  +2.3105553436      9464  +2.3105468750  -8.469e-06
  9587  +2.3113839451      9467  +2.3112792969  -1.046e-04
  9588  +2.3122122497      9471  +2.3122558594  +4.361e-05
  9589  +2.3130402577      9474  +2.3129882812  -5.198e-05
  9590  +2.3138679694      9478  +2.3139648438  +9.687e-05
  9591  +2.3146953851      9481  +2.3146972656  +1.880e-06
  9592  +2.3155225052      9484  +2.3154296875  -9.282e-05
  9593  +2.3163493299      9488  +2.3164062500  +5.692e-05
  9594  +2.3171758596      9491  +2.3171386719  -3.719e-05
  9595  +2.3180020945      9495  +2.3181152344  +1.131e-04
  9596  +2.3188280351      9498  +2.3188476562  +1.962e-05
  9597  +2.3196536816      9501  +2.3195800781  -7.360e-05
  9598  +2.3204790342      9505  +2.3205566406  +7.761e-05
  9599  +2.3213040935      9508  +2.3212890625  -1.503e-05
  9600  +2.3221288596      9511  +2.3220214844  -1.074e-04
  9601  +2.3229533328      9515  +2.3229980469  +4.471e-05
  9602  +2.3237775136      9518  +2.3237304688  -4.704e-05
  9603  +2.3246014021      9522  +2.3247070312  +1.056e-04
  9604  +2.3254249987      9525  +2.3254394531  +1.445e-05
  9605  +2.3262483038      9528  +2.3261718750  -7.643e-05
  9606  +2.3270713175      9532  +2.3271484375  +7.712e-05
  9607  +2.3278940403      9535  +2.3278808594  -1.318e-05
  9608  +2.3287164724      9538  +2.3286132812  -1.032e-04
  9609  +2.3295386142      9542  +2.3295898438  +5.123e-05
  9610  +2.3303604659      9545  +2.3303222656  -3.820e-05
  9611  +2.3311820279      9549  +2.3312988281  +1.168e-04
  9612  +2.3320033004      9552  +2.3320312500  +2.795e-05
  9613  +2.3328242838      9555  +2.3327636719  -6.061e-05
  9614  +2.3336449784      9559  +2.3337402344  +9.526e-05
  9615  +2.3344653845      9562  +2.3344726562  +7.272e-06
  9616  +2.3352855023      9565  +2.3352050781  -8.042e-05
  9617  +2.3361053323      9569  +2.3361816406  +7.631e-05
  9618  +2.3369248746      9572  +2.3369140625  -1.081e-05
  9619  +2.3377441296      9575  +2.3376464844  -9.765e-05
  9620  +2.3385630976      9579  +2.3386230469  +5.995e-05
  9621  +2.3393817789      9582  +2.3393554688  -2.631e-05
  9622  +2.3402001738      9585  +2.3400878906  -1.123e-04
  9623  +2.3410182826      9589  +2.3410644531  +4.617e-05
  9624  +2.3418361057      9592  +2.3417968750  -3.923e-05
  9625  +2.3426536432      9596  +2.3427734375  +1.198e-04
  9626  +2.3434708955      9599  +2.3435058594  +3.496e-05
  9627  +2.3442878628      9602  +2.3442382812  -4.958e-05
  9628  +2.3451045456      9606  +2.3452148438  +1.103e-04
  9629  +2.3459209441      9609  +2.3459472656  +2.632e-05
  9630  +2.3467370586      9612  +2.3466796875  -5.737e-05
  9631  +2.3475528893      9616  +2.3476562500  +1.034e-04
  9632  +2.3483684366      9619  +2.3483886719  +2.024e-05
  9633  +2.3491837008      9622  +2.3491210938  -6.261e-05
  9634  +2.3499986822      9626  +2.3500976562  +9.897e-05
  9635  +2.3508133810      9629  +2.3508300781  +1.670e-05
  9636  +2.3516277976      9632  +2.3515625000  -6.530e-05
  9637  +2.3524419322      9636  +2.3525390625  +9.713e-05
  9638  +2.3532557852      9639  +2.3532714844  +1.570e-05
  9639  +2.3540693568      9642  +2.3540039062  -6.545e-05
  9640  +2.3548826473      9646  +2.3549804688  +9.782e-05
  9641  +2.3556956570      9649  +2.3557128906  +1.723e-05
  9642  +2.3565083863      9652  +2.3564453125  -6.307e-05
  9643  +2.3573208353      9656  +2.3574218750  +1.010e-04
  9644  +2.3581330045      9659  +2.3581542969  +2.129e-05
  9645  +2.3589448940      9662  +2.3588867188  -5.818e-05
  9646  +2.3597565041      9666  +2.3598632812  +1.068e-04
  9647  +2.3605678353      9669  +2.3605957031  +2.787e-05
  9648  +2.3613788876      9672  +2.3613281250  -5.076e-05
  9649  +2.3621896615      9676  +2.3623046875  +1.150e-04
  9650  +2.3630001572      9679  +2.3630371094  +3.695e-05
  9651  +2.3638103750      9682  +2.3637695312  -4.084e-05
  9652  +2.3646203152      9685  +2.3645019531  -1.184e-04
  9653  +2.3654299781      9689  +2.3654785156  +4.854e-05
  9654  +2.3662393639      9692  +2.3662109375  -2.843e-05
  9655  +2.3670484730      9695  +2.3669433594  -1.051e-04
  9656  +2.3678573055      9699  +2.3679199219  +6.262e-05
  9657  +2.3686658619      9702  +2.3686523438  -1.352e-05
  9658  +2.3694741424      9705  +2.3693847656  -8.938e-05
  9659  +2.3702821472      9709  +2.3703613281  +7.918e-05
  9660  +2.3710898767      9712  +2.3710937500  +3.873e-06
  9661  +2.3718973312      9715  +2.3718261719  -7.116e-05
  9662  +2.3727045108      9719  +2.3728027344  +9.822e-05
  9663  +2.3735114160      9722  +2.3735351562  +2.374e-05
  9664  +2.3743180469      9725  +2.3742675781  -5.047e-05
  9665  +2.3751244039      9729  +2.3752441406  +1.197e-04
  9666  +2.3759304872      9732  +2.3759765625  +4.608e-05
  9667  +2.3767362971      9735  +2.3767089844  -2.731e-05
  9668  +2.3775418339      9738  +2.3774414062  -1.004e-04
  9669  +2.3783470979      9742  +2.3784179688  +7.087e-05
  9670  +2.3791520893      9745  +2.3791503906  -1.699e-06
  9671  +2.3799568085      9748  +2.3798828125  -7.400e-05
  9672  +2.3807612556      9752  +2.3808593750  +9.812e-05
  9673  +2.3815654310      9755  +2.3815917969  +2.637e-05
  9674  +2.3823693350      9758  +2.3823242188  -4.512e-05
  9675  +2.3831729678      9761  +2.3830566406  -1.163e-04
  9676  +2.3839763297      9765  +2.3840332031  +5.687e-05
  9677  +2.3847794209      9768  +2.3847656250  -1.380e-05
  9678  +2.3855822418      9771  +2.3854980469  -8.419e-05
  9679  +2.3863847926      9775  +2.3864746094  +8.982e-05
  9680  +2.3871870737      9778  +2.3872070312  +1.996e-05
  9681  +2.3879890851      9781  +2.3879394531  -4.963e-05
  9682  +2.3887908273      9784  +2.3886718750  -1.190e-04
  9683  +2.3895923005      9788  +2.3896484375  +5.614e-05
  9684  +2.3903935050      9791  +2.3903808594  -1.265e-05
  9685  +2.3911944410      9794  +2.3911132812  -8.116e-05
  9686  +2.3919951089      9798  +2.3920898438  +9.473e-05
  9687  +2.3927955088      9801  +2.3928222656  +2.676e-05
  9688  +2.3935956411      9804  +2.3935546875  -4.095e-05
  9689  +2.3943955060      9807  +2.3942871094  -1.084e-04
  9690  +2.3951951038      9811  +2.3952636719  +6.857e-05
  9691  +2.3959944347      9814  +2.3959960938  +1.659e-06
  9692  +2.3967934991      9817  +2.3967285156  -6.498e-05
  9693  +2.3975922971      9821  +2.3977050781  +1.128e-04
  9694  +2.3983908291      9824  +2.3984375000  +4.667e-05
  9695  +2.3991890954      9827  +2.3991699219  -1.917e-05
  9696  +2.3999870961      9830  +2.3999023438  -8.475e-05
  9697  +2.4007848316      9834  +2.4008789062  +9.407e-05
  9698  +2.4015823021      9837  +2.4016113281  +2.903e-05
  9699  +2.4023795078      9840  +2.4023437500  -3.576e-05
  9700  +2.4031764491      9843  +2.4030761719  -1.003e-04
  9701  +2.4039731262      9847  +2.4040527344  +7.961e-05
  9702  +2.4047695394      9850  +2.4047851562  +1.562e-05
  9703  +2.4055656889      9853  +2.4055175781  -4.811e-05
  9704  +2.4063615750      9856  +2.4062500000  -1.116e-04
  9705  +2.4071571980      9860  +2.4072265625  +6.936e-05
  9706  +2.4079525581      9863  +2.4079589844  +6.426e-06
  9707  +2.4087476555      9866  +2.4086914062  -5.625e-05
  9708  +2.4095424906      9869  +2.4094238281  -1.187e-04
  9709  +2.4103370636      9873  +2.4104003906  +6.333e-05
  9710  +2.4111313747      9876  +2.4111328125  +1.438e-06
  9711  +2.4119254243      9879  +2.4118652344  -6.019e-05
  9712  +2.4127192125      9882  +2.4125976562  -1.216e-04
  9713  +2.4135127396      9886  +2.4135742188  +6.148e-05
  9714  +2.4143060059      9889  +2.4143066406  +6.347e-07
  9715  +2.4150990117      9892  +2.4150390625  -5.995e-05
  9716  +2.4158917572      9895  +2.4157714844  -1.203e-04
  9717  +2.4166842426      9899  +2.4167480469  +6.380e-05
  9718  +2.4174764683      9902  +2.4174804688  +4.000e-06
  9719  +2.4182684344      9905  +2.4182128906  -5.554e-05
  9720  +2.4190601412      9908  +2.4189453125  -1.148e-04
  9721  +2.4198515890      9912  +2.4199218750  +7.029e-05
  9722  +2.4206427780      9915  +2.4206542969  +1.152e-05
  9723  +2.4214337085      9918  +2.4213867188  -4.699e-05
  9724  +2.4222243808      9921  +2.4221191406  -1.052e-04
  9725  +2.4230147950      9925  +2.4230957031  +8.091e-05
  9726  +2.4238049515      9928  +2.4238281250  +2.317e-05
  9727  +2.4245948505      9931  +2.4245605469  -3.430e-05
  9728  +2.4253844922      9934  +2.4252929688  -9.152e-05
  9729  +2.4261738769      9938  +2.4262695312  +9.565e-05
  9730  +2.4269630049      9941  +2.4270019531  +3.895e-05
  9731  +2.4277518764      9944  +2.4277343750  -1.750e-05
  9732  +2.4285404916      9947  +2.4284667969  -7.369e-05
  9733  +2.4293288508      9951  +2.4294433594  +1.145e-04
  9734  +2.4301169543      9954  +2.4301757812  +5.883e-05
  9735  +2.4309048022      9957  +2.4309082031  +3.401e-06
  9736  +2.4316923949      9960  +2.4316406250  -5.177e-05
  9737  +2.4324797326      9963  +2.4323730469  -1.067e-04
  9738  +2.4332668155      9967  +2.4333496094  +8.279e-05
  9739  +2.4340536440      9970  +2.4340820312  +2.839e-05
  9740  +2.4348402181      9973  +2.4348144531  -2.576e-05
  9741  +2.4356265382      9976  +2.4355468750  -7.966e-05
  9742  +2.4364126046      9980  +2.4365234375  +1.108e-04
  9743  +2.4371984174      9983  +2.4372558594  +5.744e-05
  9744  +2.4379839770      9986  +2.4379882812  +4.304e-06
  9745  +2.4387692835      9989  +2.4387207031  -4.858e-05
  9746  +2.4395543372      9992  +2.4394531250  -1.012e-04
  9747  +2.4403391383      9996  +2.4404296875  +9.055e-05
  9748  +2.4411236872      9999  +2.4411621094  +3.842e-05
  9749  +2.4419079840     10002  +2.4418945312  -1.345e-05
  9750  +2.4426920289     10005  +2.4426269531  -6.508e-05
  9751  +2.4434758223     10008  +2.4433593750  -1.164e-04
  9752  +2.4442593644     10012  +2.4443359375  +7.657e-05
  9753  +2.4450426553     10015  +2.4450683594  +2.570e-05
  9754  +2.4458256954     10018  +2.4458007812  -2.491e-05
  9755  +2.4466084849     10021  +2.4465332031  -7.528e-05
  9756  +2.4473910240     10025  +2.4475097656  +1.187e-04
  9757  +2.4481733130     10028  +2.4482421875  +6.887e-05
  9758  +2.4489553521     10031  +2.4489746094  +1.926e-05
  9759  +2.4497371415     10034  +2.4497070312  -3.011e-05
  9760  +2.4505186816     10037  +2.4504394531  -7.923e-05
  9761  +2.4512999724     10041  +2.4514160156  +1.160e-04
  9762  +2.4520810143     10044  +2.4521484375  +6.742e-05
  9763  +2.4528618075     10047  +2.4528808594  +1.905e-05
  9764  +2.4536423523     10050  +2.4536132812  -2.907e-05
  9765  +2.4544226488     10053  +2.4543457031  -7.695e-05
  9766  +2.4552026973     10057  +2.4553222656  +1.196e-04
  9767  +2.4559824981     10060  +2.4560546875  +7.219e-05
  9768  +2.4567620514     10063  +2.4567871094  +2.506e-05
  9769  +2.4575413574     10066  +2.4575195312  -2.183e-05
  9770  +2.4583204163     10069  +2.4582519531  -6.846e-05
  9771  +2.4590992284     10072  +2.4589843750  -1.149e-04
  9772  +2.4598777940     10076  +2.4599609375  +8.314e-05
  9773  +2.4606561132     10079  +2.4606933594  +3.725e-05
  9774  +2.4614341863     10082  +2.4614257812  -8.405e-06
  9775  +2.4622120135     10085  +2.4621582031  -5.381e-05
  9776  +2.4629895951     10088  +2.4628906250  -9.897e-05
  9777  +2.4637669313     10092  +2.4638671875  +1.003e-04
  9778  +2.4645440223     10095  +2.4645996094  +5.559e-05
  9779  +2.4653208683     10098  +2.4653320312  +1.116e-05
  9780  +2.4660974696     10101  +2.4660644531  -3.302e-05
  9781  +2.4668738265     10104  +2.4667968750  -7.695e-05
  9782  +2.4676499391     10107  +2.4675292969  -1.206e-04
  9783  +2.4684258077     10111  +2.4685058594  +8.005e-05
  9784  +2.4692014324     10114  +2.4692382812  +3.685e-05
  9785  +2.4699768137     10117  +2.4699707031  -6.111e-06
  9786  +2.4707519515     10120  +2.4707031250  -4.883e-05
  9787  +2.4715268463     10123  +2.4714355469  -9.130e-05
  9788  +2.4723014982     10127  +2.4724121094  +1.106e-04
  9789  +2.4730759075     10130  +2.4731445312  +6.862e-05
  9790  +2.4738500743     10133  +2.4738769531  +2.688e-05
  9791  +2.4746239990     10136  +2.4746093750  -1.462e-05
  9792  +2.4753976817     10139  +2.4753417969  -5.588e-05
  9793  +2.4761711226     10142  +2.4760742188  -9.690e-05
  9794  +2.4769443220     10146  +2.4770507812  +1.065e-04
  9795  +2.4777172802     10149  +2.4777832031  +6.592e-05
  9796  +2.4784899973     10152  +2.4785156250  +2.563e-05
  9797  +2.4792624735     10155  +2.4792480469  -1.443e-05
  9798  +2.4800347092     10158  +2.4799804688  -5.424e-05
  9799  +2.4808067044     10161  +2.4807128906  -9.381e-05
  9800  +2.4815784595     10165  +2.4816894531  +1.110e-04
  9801  +2.4823499747     10168  +2.4824218750  +7.190e-05
  9802  +2.4831212501     10171  +2.4831542969  +3.305e-05
  9803  +2.4838922861     10174  +2.4838867188  -5.567e-06
  9804  +2.4846630828     10177  +2.4846191406  -4.394e-05
  9805  +2.4854336404     10180  +2.4853515625  -8.208e-05
  9806  +2.4862039593     10183  +2.4860839844  -1.200e-04
  9807  +2.4869740395     10187  +2.4870605469  +8.651e-05
  9808  +2.4877438814     10190  +2.4877929688  +4.909e-05
  9809  +2.4885134850     10193  +2.4885253906  +1.191e-05
  9810  +2.4892828508     10196  +2.4892578125  -2.504e-05
  9811  +2.4900519788     10199  +2.4899902344  -6.174e-05
  9812  +2.4908208694     10202  +2.4907226562  -9.821e-05
  9813  +2.4915895227     10206  +2.4916992188  +1.097e-04
  9814  +2.4923579389     10209  +2.4924316406  +7.370e-05
  9815  +2.4931261183     10212  +2.4931640625  +3.794e-05
  9816  +2.4938940610     10215  +2.4938964844  +2.423e-06
  9817  +2.4946617674     10218  +2.4946289062  -3.286e-05
  9818  +2.4954292376     10221  +2.4953613281  -6.791e-05
  9819  +2.4961964718     10224  +2.4960937500  -1.027e-04
  9820  +2.4969634703     10228  +2.4970703125  +1.068e-04
  9821  +2.4977302332     10231  +2.4978027344  +7.250e-05
  9822  +2.4984967608     10234  +2.4985351562  +3.840e-05
  9823  +2.4992630534     10237  +2.4992675781  +4.525e-06
  9824  +2.5000291110     10240  +2.5000000000  -2.911e-05
  9825  +2.5007949340     10243  +2.5007324219  -6.251e-05
  9826  +2.5015605226     10246  +2.5014648438  -9.568e-05
  9827  +2.5023258769     10250  +2.5024414062  +1.155e-04
  9828  +2.5030909972     10253  +2.5031738281  +8.283e-05
  9829  +2.5038558837     10256  +2.5039062500  +5.037e-05
  9830  +2.5046205366     10259  +2.5046386719  +1.814e-05
  9831  +2.5053849561     10262  +2.5053710938  -1.386e-05
  9832  +2.5061491425     10265  +2.5061035156  -4.563e-05
  9833  +2.5069130959     10268  +2.5068359375  -7.716e-05
  9834  +2.5076768166     10271  +2.5075683594  -1.085e-04
  9835  +2.5084403048     10275  +2.5085449219  +1.046e-04
  9836  +2.5092035606     10278  +2.5092773438  +7.378e-05
  9837  +2.5099665844     10281  +2.5100097656  +4.318e-05
  9838  +2.5107293762     10284  +2.5107421875  +1.281e-05
  9839  +2.5114919364     10287  +2.5114746094  -1.733e-05
  9840  +2.5122542652     10290  +2.5122070312  -4.723e-05
  9841  +2.5130163626     10293  +2.5129394531  -7.691e-05
  9842  +2.5137782291     10296  +2.5136718750  -1.064e-04
  9843  +2.5145398647     10300  +2.5146484375  +1.086e-04
  9844  +2.5153012696     10303  +2.5153808594  +7.959e-05
  9845  +2.5160624442     10306  +2.5161132812  +5.084e-05
  9846  +2.5168233886     10309  +2.5168457031  +2.231e-05
  9847  +2.5175841029     10312  +2.5175781250  -5.978e-06
  9848  +2.5183445875     10315  +2.5183105469  -3.404e-05
  9849  +2.5191048425     10318  +2.5190429688  -6.187e-05
  9850  +2.5198648681     10321  +2.5197753906  -8.948e-05
  9851  +2.5206246645     10324  +2.5205078125  -1.169e-04
  9852  +2.5213842320     10328  +2.5214843750  +1.001e-04
  9853  +2.5221435708     10331  +2.5222167969  +7.323e-05
  9854  +2.5229026810     10334  +2.5229492188  +4.654e-05
  9855  +2.5236615628     10337  +2.5236816406  +2.008e-05
  9856  +2.5244202165     10340  +2.5244140625  -6.154e-06
  9857  +2.5251786423     10343  +2.5251464844  -3.216e-05
  9858  +2.5259368404     10346  +2.5258789062  -5.793e-05
  9859  +2.5266948110     10349  +2.5266113281  -8.348e-05
  9860  +2.5274525542     10352  +2.5273437500  -1.088e-04
  9861  +2.5282100704     10356  +2.5283203125  +1.102e-04
  9862  +2.5289673596     10359  +2.5290527344  +8.537e-05
  9863  +2.5297244222     10362  +2.5297851562  +6.073e-05
  9864  +2.5304812582     10365  +2.5305175781  +3.632e-05
  9865  +2.5312378679     10368  +2.5312500000  +1.213e-05
  9866  +2.5319942516     10371  +2.5319824219  -1.183e-05
  9867  +2.5327504094     10374  +2.5327148438  -3.557e-05
  9868  +2.5335063415     10377  +2.5334472656  -5.908e-05
  9869  +2.5342620481     10380  +2.5341796875  -8.236e-05
  9870  +2.5350175294     10383  +2.5349121094  -1.054e-04
  9871  +2.5357727857     10387  +2.5358886719  +1.159e-04
  9872  +2.5365278170     10390  +2.5366210938  +9.328e-05
  9873  +2.5372826237     10393  +2.5373535156  +7.089e-05
  9874  +2.5380372059     10396  +2.5380859375  +4.873e-05
  9875  +2.5387915638     10399  +2.5388183594  +2.680e-05
  9876  +2.5395456977     10402  +2.5395507812  +5.084e-06
  9877  +2.5402996077     10405  +2.5402832031  -1.640e-05
  9878  +2.5410532940     10408  +2.5410156250  -3.767e-05
  9879  +2.5418067568     10411  +2.5417480469  -5.871e-05
  9880  +2.5425599963     10414  +2.5424804688  -7.953e-05
  9881  +2.5433130128     10417  +2.5432128906  -1.001e-04
  9882  +2.5440658063     10420  +2.5439453125  -1.205e-04
  9883  +2.5448183772     10424  +2.5449218750  +1.035e-04
  9884  +2.5455707256     10427  +2.5456542969  +8.357e-05
  9885  +2.5463228517     10430  +2.5463867188  +6.387e-05
  9886  +2.5470747557     10433  +2.5471191406  +4.438e-05
  9887  +2.5478264378     10436  +2.5478515625  +2.512e-05
  9888  +2.5485778982     10439  +2.5485839844  +6.086e-06
  9889  +2.5493291371     10442  +2.5493164062  -1.273e-05
  9890  +2.5500801547     10445  +2.5500488281  -3.133e-05
  9891  +2.5508309512     10448  +2.5507812500  -4.970e-05
  9892  +2.5515815267     10451  +2.5515136719  -6.785e-05
  9893  +2.5523318816     10454  +2.5522460938  -8.579e-05
  9894  +2.5530820158     10457  +2.5529785156  -1.035e-04
  9895  +2.5538319298     10460  +2.5537109375  -1.210e-04
  9896  +2.5545816236     10464  +2.5546875000  +1.059e-04
  9897  +2.5553310975     10467  +2.5554199219  +8.882e-05
  9898  +2.5560803516     10470  +2.5561523438  +7.199e-05
  9899  +2.5568293862     10473  +2.5568847656  +5.538e-05
  9900  +2.5575782013     10476  +2.5576171875  +3.899e-05
  9901  +2.5583267973     10479  +2.5583496094  +2.281e-05
  9902  +2.5590751744     10482  +2.5590820312  +6.857e-06
  9903  +2.5598233326     10485  +2.5598144531  -8.879e-06
  9904  +2.5605712722     10488  +2.5605468750  -2.440e-05
  9905  +2.5613189934     10491  +2.5612792969  -3.970e-05
  9906  +2.5620664965     10494  +2.5620117188  -5.478e-05
  9907  +2.5628137814     10497  +2.5627441406  -6.964e-05
  9908  +2.5635608486     10500  +2.5634765625  -8.429e-05
  9909  +2.5643076981     10503  +2.5642089844  -9.871e-05
  9910  +2.5650543301     10506  +2.5649414062  -1.129e-04
  9911  +2.5658007449     10510  +2.5659179688  +1.172e-04
  9912  +2.5665469426     10513  +2.5666503906  +1.034e-04
  9913  +2.5672929234     10516  +2.5673828125  +8.989e-05
  9914  +2.5680386875     10519  +2.5681152344  +7.655e-05
  9915  +2.5687842351     10522  +2.5688476562  +6.342e-05
  9916  +2.5695295664     10525  +2.5695800781  +5.051e-05
  9917  +2.5702746816     10528  +2.5703125000  +3.782e-05
  9918  +2.5710195808     10531  +2.5710449219  +2.534e-05
  9919  +2.5717642643     10534  +2.5717773438  +1.308e-05
  9920  +2.5725087321     10537  +2.5725097656  +1.033e-06
  9921  +2.5732529847     10540  +2.5732421875  -1.080e-05
  9922  +2.5739970220     10543  +2.5739746094  -2.241e-05
  9923  +2.5747408443     10546  +2.5747070312  -3.381e-05
  9924  +2.5754844517     10549  +2.5754394531  -4.500e-05
  9925  +2.5762278446     10552  +2.5761718750  -5.597e-05
  9926  +2.5769710230     10555  +2.5769042969  -6.673e-05
  9927  +2.5777139871     10558  +2.5776367188  -7.727e-05
  9928  +2.5784567372     10561  +2.5783691406  -8.760e-05
  9929  +2.5791992733     10564  +2.5791015625  -9.771e-05
  9930  +2.5799415958     10567  +2.5798339844  -1.076e-04
  9931  +2.5806837047     10570  +2.5805664062  -1.173e-04
  9932  +2.5814256002     10574  +2.5815429688  +1.174e-04
  9933  +2.5821672827     10577  +2.5822753906  +1.081e-04
  9934  +2.5829087521     10580  +2.5830078125  +9.906e-05
  9935  +2.5836500088     10583  +2.5837402344  +9.023e-05
  9936  +2.5843910528     10586  +2.5844726562  +8.160e-05
  9937  +2.5851318844     10589  +2.5852050781  +7.319e-05
  9938  +2.5858725038     10592  +2.5859375000  +6.500e-05
  9939  +2.5866129111     10595  +2.5866699219  +5.701e-05
  9940  +2.5873531066     10598  +2.5874023438  +4.924e-05
  9941  +2.5880930903     10601  +2.5881347656  +4.168e-05
  9942  +2.5888328625     10604  +2.5888671875  +3.432e-05
  9943  +2.5895724234     10607  +2.5895996094  +2.719e-05
  9944  +2.5903117732     10610  +2.5903320312  +2.026e-05
  9945  +2.5910509119     10613  +2.5910644531  +1.354e-05
  9946  +2.5917898399     10616  +2.5917968750  +7.035e-06
  9947  +2.5925285573     10619  +2.5925292969  +7.396e-07
  9948  +2.5932670642     10622  +2.5932617188  -5.345e-06
  9949  +2.5940053609     10625  +2.5939941406  -1.122e-05
  9950  +2.5947434475     10628  +2.5947265625  -1.689e-05
  9951  +2.5954813243     10631  +2.5954589844  -2.234e-05
  9952  +2.5962189913     10634  +2.5961914062  -2.759e-05
  9953  +2.5969564487     10637  +2.5969238281  -3.262e-05
  9954  +2.5976936969     10640  +2.5976562500  -3.745e-05
  9955  +2.5984307358     10643  +2.5983886719  -4.206e-05
  9956  +2.5991675657     10646  +2.5991210938  -4.647e-05
  9957  +2.5999041869     10649  +2.5998535156  -5.067e-05
  9958  +2.6006405993     10652  +2.6005859375  -5.466e-05
  9959  +2.6013768033     10655  +2.6013183594  -5.844e-05
  9960  +2.6021127991     10658  +2.6020507812  -6.202e-05
  9961  +2.6028485867     10661  +2.6027832031  -6.538e-05
  9962  +2.6035841663     10664  +2.6035156250  -6.854e-05
  9963  +2.6043195382     10667  +2.6042480469  -7.149e-05
  9964  +2.6050547025     10670  +2.6049804688  -7.423e-05
  9965  +2.6057896594     10673  +2.6057128906  -7.677e-05
  9966  +2.6065244091     10676  +2.6064453125  -7.910e-05
  9967  +2.6072589517     10679  +2.6071777344  -8.122e-05
  9968  +2.6079932875     10682  +2.6079101562  -8.313e-05
  9969  +2.6087274165     10685  +2.6086425781  -8.484e-05
  9970  +2.6094613390     10688  +2.6093750000  -8.634e-05
  9971  +2.6101950551     10691  +2.6101074219  -8.763e-05
  9972  +2.6109285650     10694  +2.6108398438  -8.872e-05
  9973  +2.6116618689     10697  +2.6115722656  -8.960e-05
  9974  +2.6123949670     10700  +2.6123046875  -9.028e-05
  9975  +2.6131278594     10703  +2.6130371094  -9.075e-05
  9976  +2.6138605464     10706  +2.6137695312  -9.102e-05
  9977  +2.6145930280     10709  +2.6145019531  -9.107e-05
  9978  +2.6153253044     10712  +2.6152343750  -9.093e-05
  9979  +2.6160573759     10715  +2.6159667969  -9.058e-05
  9980  +2.6167892426     10718  +2.6166992188  -9.002e-05
  9981  +2.6175209046     10721  +2.6174316406  -8.926e-05
  9982  +2.6182523622     10724  +2.6181640625  -8.830e-05
  9983  +2.6189836155     10727  +2.6188964844  -8.713e-05
  9984  +2.6197146647     10730  +2.6196289062  -8.576e-05
  9985  +2.6204455099     10733  +2.6203613281  -8.418e-05
  9986  +2.6211761513     10736  +2.6210937500  -8.240e-05
  9987  +2.6219065892     10739  +2.6218261719  -8.042e-05
  9988  +2.6226368236     10742  +2.6225585938  -7.823e-05
  9989  +2.6233668547     10745  +2.6232910156  -7.584e-05
  9990  +2.6240966828     10748  +2.6240234375  -7.325e-05
  9991  +2.6248263079     10751  +2.6247558594  -7.045e-05
  9992  +2.6255557303     10754  +2.6254882812  -6.745e-05
  9993  +2.6262849500     10757  +2.6262207031  -6.425e-05
  9994  +2.6270139674     10760  +2.6269531250  -6.084e-05
  9995  +2.6277427825     10763  +2.6276855469  -5.724e-05
  9996  +2.6284713955     10766  +2.6284179688  -5.343e-05
  9997  +2.6291998066     10769  +2.6291503906  -4.942e-05
  9998  +2.6299280159     10772  +2.6298828125  -4.520e-05
  9999  +2.6306560237     10775  +2.6306152344  -4.079e-05
 10000  +2.6313838301     10778  +2.6313476562  -3.617e-05
 10001  +2.6321114352     10781  +2.6320800781  -3.136e-05
 10002  +2.6328388392     10784  +2.6328125000  -2.634e-05
 10003  +2.6335660423     10787  +2.6335449219  -2.112e-05
 10004  +2.6342930447     10790  +2.6342773438  -1.570e-05
 10005  +2.6350198465     10793  +2.6350097656  -1.008e-05
 10006  +2.6357464479     10796  +2.6357421875  -4.260e-06
 10007  +2.6364728490     10799  +2.6364746094  +1.760e-06
 10008  +2.6371990500     10802  +2.6372070312  +7.981e-06
 10009  +2.6379250512     10805  +2.6379394531  +1.440e-05
 10010  +2.6386508525     10808  +2.6386718750  +2.102e-05
 10011  +2.6393764543     10811  +2.6394042969  +2.784e-05
 10012  +2.6401018567     10814  +2.6401367188  +3.486e-05
 10013  +2.6408270598     10817  +2.6408691406  +4.208e-05
 10014  +2.6415520638     10820  +2.6416015625  +4.950e-05
 10015  +2.6422768689     10823  +2.6423339844  +5.712e-05
 10016  +2.6430014752     10826  +2.6430664062  +6.493e-05
 10017  +2.6437258829     10829  +2.6437988281  +7.295e-05
 10018  +2.6444500922     10832  +2.6445312500  +8.116e-05
 10019  +2.6451741032     10835  +2.6452636719  +8.957e-05
 10020  +2.6458979160     10838  +2.6459960938  +9.818e-05
 10021  +2.6466215310     10841  +2.6467285156  +1.070e-04
 10022  +2.6473449481     10844  +2.6474609375  +1.160e-04
 10023  +2.6480681676     10846  +2.6479492188  -1.189e-04
 10024  +2.6487911896     10849  +2.6486816406  -1.095e-04
 10025  +2.6495140144     10852  +2.6494140625  -9.995e-05
 10026  +2.6502366420     10855  +2.6501464844  -9.016e-05
 10027  +2.6509590726     10858  +2.6508789062  -8.017e-05
 10028  +2.6516813064     10861  +2.6516113281  -6.998e-05
 10029  +2.6524033435     10864  +2.6523437500  -5.959e-05
 10030  +2.6531251841     10867  +2.6530761719  -4.901e-05
 10031  +2.6538468284     10870  +2.6538085938  -3.823e-05
 10032  +2.6545682765     10873  +2.6545410156  -2.726e-05
 10033  +2.6552895286     10876  +2.6552734375  -1.609e-05
 10034  +2.6560105849     10879  +2.6560058594  -4.725e-06
 10035  +2.6567314454     10882  +2.6567382812  +6.836e-06
 10036  +2.6574521104     10885  +2.6574707031  +1.859e-05
 10037  +2.6581725800     10888  +2.6582031250  +3.055e-05
 10038  +2.6588928544     10891  +2.6589355469  +4.269e-05
 10039  +2.6596129337     10894  +2.6596679688  +5.504e-05
 10040  +2.6603328181     10897  +2.6604003906  +6.757e-05
 10041  +2.6610525078     10900  +2.6611328125  +8.030e-05
 10042  +2.6617720029     10903  +2.6618652344  +9.323e-05
 10043  +2.6624913035     10906  +2.6625976562  +1.064e-04
 10044  +2.6632104099     10909  +2.6633300781  +1.197e-04
 10045  +2.6639293221     10911  +2.6638183594  -1.110e-04
 10046  +2.6646480404     10914  +2.6645507812  -9.726e-05
 10047  +2.6653665649     10917  +2.6652832031  -8.336e-05
 10048  +2.6660848958     10920  +2.6660156250  -6.927e-05
 10049  +2.6668030331     10923  +2.6667480469  -5.499e-05
 10050  +2.6675209772     10926  +2.6674804688  -4.051e-05
 10051  +2.6682387280     10929  +2.6682128906  -2.584e-05
 10052  +2.6689562858     10932  +2.6689453125  -1.097e-05
 10053  +2.6696736508     10935  +2.6696777344  +4.084e-06
 10054  +2.6703908231     10938  +2.6704101562  +1.933e-05
 10055  +2.6711078028     10941  +2.6711425781  +3.478e-05
 10056  +2.6718245900     10944  +2.6718750000  +5.041e-05
 10057  +2.6725411851     10947  +2.6726074219  +6.624e-05
 10058  +2.6732575881     10950  +2.6733398438  +8.226e-05
 10059  +2.6739737991     10953  +2.6740722656  +9.847e-05
 10060  +2.6746898183     10956  +2.6748046875  +1.149e-04
 10061  +2.6754056459     10958  +2.6752929688  -1.127e-04
 10062  +2.6761212821     10961  +2.6760253906  -9.589e-05
 10063  +2.6768367269     10964  +2.6767578125  -7.891e-05
 10064  +2.6775519805     10967  +2.6774902344  -6.175e-05
 10065  +2.6782670432     10970  +2.6782226562  -4.439e-05
 10066  +2.6789819149     10973  +2.6789550781  -2.684e-05
 10067  +2.6796965960     10976  +2.6796875000  -9.096e-06
 10068  +2.6804110865     10979  +2.6804199219  +8.835e-06
 10069  +2.6811253866     10982  +2.6811523438  +2.696e-05
 10070  +2.6818394964     10985  +2.6818847656  +4.527e-05
 10071  +2.6825534162     10988  +2.6826171875  +6.377e-05
 10072  +2.6832671460     10991  +2.6833496094  +8.246e-05
 10073  +2.6839806860     10994  +2.6840820312  +1.013e-04
 10074  +2.6846940364     10997  +2.6848144531  +1.204e-04
 10075  +2.6854071972     10999  +2.6853027344  -1.045e-04
 10076  +2.6861201688     11002  +2.6860351562  -8.501e-05
 10077  +2.6868329511     11005  +2.6867675781  -6.537e-05
 10078  +2.6875455444     11008  +2.6875000000  -4.554e-05
 10079  +2.6882579488     11011  +2.6882324219  -2.553e-05
 10080  +2.6889701644     11014  +2.6889648438  -5.321e-06
 10081  +2.6896821915     11017  +2.6896972656  +1.507e-05
 10082  +2.6903940301     11020  +2.6904296875  +3.566e-05
 10083  +2.6911056805     11023  +2.6911621094  +5.643e-05
 10084  +2.6918171426     11026  +2.6918945312  +7.739e-05
 10085  +2.6925284168     11029  +2.6926269531  +9.854e-05
 10086  +2.6932395032     11032  +2.6933593750  +1.199e-04
 10087  +2.6939504018     11034  +2.6938476562  -1.027e-04
 10088  +2.6946611129     11037  +2.6945800781  -8.103e-05
 10089  +2.6953716367     11040  +2.6953125000  -5.914e-05
 10090  +2.6960819731     11043  +2.6960449219  -3.705e-05
 10091  +2.6967921225     11046  +2.6967773438  -1.478e-05
 10092  +2.6975020849     11049  +2.6975097656  +7.681e-06
 10093  +2.6982118605     11052  +2.6982421875  +3.033e-05
 10094  +2.6989214494     11055  +2.6989746094  +5.316e-05
 10095  +2.6996308518     11058  +2.6997070312  +7.618e-05
 10096  +2.7003400678     11061  +2.7004394531  +9.939e-05
 10097  +2.7010490977     11063  +2.7009277344  -1.214e-04
 10098  +2.7017579414     11066  +2.7016601562  -9.779e-05
 10099  +2.7024665993     11069  +2.7023925781  -7.402e-05
 10100  +2.7031750713     11072  +2.7031250000  -5.007e-05
 10101  +2.7038833577     11075  +2.7038574219  -2.594e-05
 10102  +2.7045914587     11078  +2.7045898438  -1.615e-06
 10103  +2.7052993743     11081  +2.7053222656  +2.289e-05
 10104  +2.7060071047     11084  +2.7060546875  +4.758e-05
 10105  +2.7067146500     11087  +2.7067871094  +7.246e-05
 10106  +2.7074220104     11090  +2.7075195312  +9.752e-05
 10107  +2.7081291861     11092  +2.7080078125  -1.214e-04
 10108  +2.7088361772     11095  +2.7087402344  -9.594e-05
 10109  +2.7095429837     11098  +2.7094726562  -7.033e-05
 10110  +2.7102496060     11101  +2.7102050781  -4.453e-05
 10111  +2.7109560441     11104  +2.7109375000  -1.854e-05
 10112  +2.7116622981     11107  +2.7116699219  +7.624e-06
 10113  +2.7123683682     11110  +2.7124023438  +3.398e-05
 10114  +2.7130742546     11113  +2.7131347656  +6.051e-05
 10115  +2.7137799574     11116  +2.7138671875  +8.723e-05
 10116  +2.7144854767     11119  +2.7145996094  +1.141e-04
 10117  +2.7151908127     11121  +2.7150878906  -1.029e-04
 10118  +2.7158959655     11124  +2.7158203125  -7.565e-05
 10119  +2.7166009352     11127  +2.7165527344  -4.820e-05
 10120  +2.7173057221     11130  +2.7172851562  -2.057e-05
 10121  +2.7180103262     11133  +2.7180175781  +7.252e-06
 10122  +2.7187147477     11136  +2.7187500000  +3.525e-05
 10123  +2.7194189867     11139  +2.7194824219  +6.344e-05
 10124  +2.7201230434     11142  +2.7202148438  +9.180e-05
 10125  +2.7208269180     11145  +2.7209472656  +1.203e-04
 10126  +2.7215306104     11147  +2.7214355469  -9.506e-05
 10127  +2.7222341210     11150  +2.7221679688  -6.615e-05
 10128  +2.7229374498     11153  +2.7229003906  -3.706e-05
 10129  +2.7236405970     11156  +2.7236328125  -7.785e-06
 10130  +2.7243435627     11159  +2.7243652344  +2.167e-05
 10131  +2.7250463471     11162  +2.7250976562  +5.131e-05
 10132  +2.7257489503     11165  +2.7258300781  +8.113e-05
 10133  +2.7264513724     11168  +2.7265625000  +1.111e-04
 10134  +2.7271536136     11170  +2.7270507812  -1.028e-04
 10135  +2.7278556740     11173  +2.7277832031  -7.247e-05
 10136  +2.7285575537     11176  +2.7285156250  -4.193e-05
 10137  +2.7292592530     11179  +2.7292480469  -1.121e-05
 10138  +2.7299607719     11182  +2.7299804688  +1.970e-05
 10139  +2.7306621106     11185  +2.7307128906  +5.078e-05
 10140  +2.7313632692     11188  +2.7314453125  +8.204e-05
 10141  +2.7320642478     11191  +2.7321777344  +1.135e-04
 10142  +2.7327650467     11193  +2.7326660156  -9.903e-05
 10143  +2.7334656659     11196  +2.7333984375  -6.723e-05
 10144  +2.7341661055     11199  +2.7341308594  -3.525e-05
 10145  +2.7348663658     11202  +2.7348632812  -3.085e-06
 10146  +2.7355664468     11205  +2.7355957031  +2.926e-05
 10147  +2.7362663486     11208  +2.7363281250  +6.178e-05
 10148  +2.7369660715     11211  +2.7370605469  +9.448e-05
 10149  +2.7376656156     11213  +2.7375488281  -1.168e-04
 10150  +2.7383649809     11216  +2.7382812500  -8.373e-05
 10151  +2.7390641677     11219  +2.7390136719  -5.050e-05
 10152  +2.7397631761     11222  +2.7397460938  -1.708e-05
 10153  +2.7404620061     11225  +2.7404785156  +1.651e-05
 10154  +2.7411606580     11228  +2.7412109375  +5.028e-05
 10155  +2.7418591319     11231  +2.7419433594  +8.423e-05
 10156  +2.7425574279     11234  +2.7426757812  +1.184e-04
 10157  +2.7432555461     11236  +2.7431640625  -9.148e-05
 10158  +2.7439534867     11239  +2.7438964844  -5.700e-05
 10159  +2.7446512498     11242  +2.7446289062  -2.234e-05
 10160  +2.7453488356     11245  +2.7453613281  +1.249e-05
 10161  +2.7460462442     11248  +2.7460937500  +4.751e-05
 10162  +2.7467434757     11251  +2.7468261719  +8.270e-05
 10163  +2.7474405303     11254  +2.7475585938  +1.181e-04
 10164  +2.7481374081     11256  +2.7480468750  -9.053e-05
 10165  +2.7488341091     11259  +2.7487792969  -5.481e-05
 10166  +2.7495306337     11262  +2.7495117188  -1.891e-05
 10167  +2.7502269818     11265  +2.7502441406  +1.716e-05
 10168  +2.7509231537     11268  +2.7509765625  +5.341e-05
 10169  +2.7516191495     11271  +2.7517089844  +8.983e-05
 10170  +2.7523149692     11273  +2.7521972656  -1.177e-04
 10171  +2.7530106131     11276  +2.7529296875  -8.093e-05
 10172  +2.7537060813     11279  +2.7536621094  -4.397e-05
 10173  +2.7544013738     11282  +2.7543945312  -6.843e-06
 10174  +2.7550964909     11285  +2.7551269531  +3.046e-05
 10175  +2.7557914326     11288  +2.7558593750  +6.794e-05
 10176  +2.7564861992     11291  +2.7565917969  +1.056e-04
 10177  +2.7571807906     11293  +2.7570800781  -1.007e-04
 10178  +2.7578752072     11296  +2.7578125000  -6.271e-05
 10179  +2.7585694489     11299  +2.7585449219  -2.453e-05
 10180  +2.7592635159     11302  +2.7592773438  +1.383e-05
 10181  +2.7599574084     11305  +2.7600097656  +5.236e-05
 10182  +2.7606511265     11308  +2.7607421875  +9.106e-05
 10183  +2.7613446704     11310  +2.7612304688  -1.142e-04
 10184  +2.7620380400     11313  +2.7619628906  -7.515e-05
 10185  +2.7627312357     11316  +2.7626953125  -3.592e-05
 10186  +2.7634242575     11319  +2.7634277344  +3.477e-06
 10187  +2.7641171055     11322  +2.7641601562  +4.305e-05
 10188  +2.7648097799     11325  +2.7648925781  +8.280e-05
 10189  +2.7655022807     11327  +2.7653808594  -1.214e-04
 10190  +2.7661946083     11330  +2.7661132812  -8.133e-05
 10191  +2.7668867626     11333  +2.7668457031  -4.106e-05
 10192  +2.7675787438     11336  +2.7675781250  -6.188e-07
 10193  +2.7682705520     11339  +2.7683105469  +3.999e-05
 10194  +2.7689621874     11342  +2.7690429688  +8.078e-05
 10195  +2.7696536500     11345  +2.7697753906  +1.217e-04
 10196  +2.7703449401     11347  +2.7702636719  -8.127e-05
 10197  +2.7710360577     11350  +2.7709960938  -3.996e-05
 10198  +2.7717270030     11353  +2.7717285156  +1.513e-06
 10199  +2.7724177761     11356  +2.7724609375  +4.316e-05
 10200  +2.7731083771     11359  +2.7731933594  +8.498e-05
 10201  +2.7737988062     11361  +2.7736816406  -1.172e-04
 10202  +2.7744890635     11364  +2.7744140625  -7.500e-05
 10203  +2.7751791491     11367  +2.7751464844  -3.266e-05
 10204  +2.7758690631     11370  +2.7758789062  +9.843e-06
 10205  +2.7765588057     11373  +2.7766113281  +5.252e-05
 10206  +2.7772483770     11376  +2.7773437500  +9.537e-05
 10207  +2.7779377772     11378  +2.7778320312  -1.057e-04
 10208  +2.7786270062     11381  +2.7785644531  -6.255e-05
 10209  +2.7793160644     11384  +2.7792968750  -1.919e-05
 10210  +2.7800049518     11387  +2.7800292969  +2.435e-05
 10211  +2.7806936685     11390  +2.7807617188  +6.805e-05
 10212  +2.7813822147     11393  +2.7814941406  +1.119e-04
 10213  +2.7820705904     11395  +2.7819824219  -8.817e-05
 10214  +2.7827587959     11398  +2.7827148438  -4.395e-05
 10215  +2.7834468312     11401  +2.7834472656  +4.344e-07
 10216  +2.7841346965     11404  +2.7841796875  +4.499e-05
 10217  +2.7848223919     11407  +2.7849121094  +8.972e-05
 10218  +2.7855099175     11409  +2.7854003906  -1.095e-04
 10219  +2.7861972734     11412  +2.7861328125  -6.446e-05
 10220  +2.7868844598     11415  +2.7868652344  -1.923e-05
 10221  +2.7875714768     11418  +2.7875976562  +2.618e-05
 10222  +2.7882583246     11421  +2.7883300781  +7.175e-05
 10223  +2.7889450031     11424  +2.7890625000  +1.175e-04
 10224  +2.7896315127     11426  +2.7895507812  -8.073e-05
 10225  +2.7903178533     11429  +2.7902832031  -3.465e-05
 10226  +2.7910040252     11432  +2.7910156250  +1.160e-05
 10227  +2.7916900284     11435  +2.7917480469  +5.802e-05
 10228  +2.7923758631     11438  +2.7924804688  +1.046e-04
 10229  +2.7930615294     11440  +2.7929687500  -9.278e-05
 10230  +2.7937470274     11443  +2.7937011719  -4.586e-05
 10231  +2.7944323572     11446  +2.7944335938  +1.237e-06
 10232  +2.7951175190     11449  +2.7951660156  +4.850e-05
 10233  +2.7958025129     11452  +2.7958984375  +9.592e-05
 10234  +2.7964873390     11454  +2.7963867188  -1.006e-04
 10235  +2.7971719974     11457  +2.7971191406  -5.286e-05
 10236  +2.7978564883     11460  +2.7978515625  -4.926e-06
 10237  +2.7985408118     11463  +2.7985839844  +4.317e-05
 10238  +2.7992249680     11466  +2.7993164062  +9.144e-05
 10239  +2.7999089570     11468  +2.7998046875  -1.043e-04
 10240  +2.8005927789     11471  +2.8005371094  -5.567e-05
 10241  +2.8012764340     11474  +2.8012695312  -6.903e-06
 10242  +2.8019599222     11477  +2.8020019531  +4.203e-05
 10243  +2.8026432437     11480  +2.8027343750  +9.113e-05
 10244  +2.8033263987     11482  +2.8032226562  -1.037e-04
 10245  +2.8040093872     11485  +2.8039550781  -5.431e-05
 10246  +2.8046922095     11488  +2.8046875000  -4.709e-06
 10247  +2.8053748655     11491  +2.8054199219  +4.506e-05
 10248  +2.8060573554     11494  +2.8061523438  +9.499e-05
 10249  +2.8067396794     11496  +2.8066406250  -9.905e-05
 10250  +2.8074218376     11499  +2.8073730469  -4.879e-05
 10251  +2.8081038300     11502  +2.8081054688  +1.639e-06
 10252  +2.8087856568     11505  +2.8088378906  +5.223e-05
 10253  +2.8094673182     11508  +2.8095703125  +1.030e-04
 10254  +2.8101488142     11510  +2.8100585938  -9.022e-05
 10255  +2.8108301450     11513  +2.8107910156  -3.913e-05
 10256  +2.8115113107     11516  +2.8115234375  +1.213e-05
 10257  +2.8121923114     11519  +2.8122558594  +6.355e-05
 10258  +2.8128731472     11522  +2.8129882812  +1.151e-04
 10259  +2.8135538183     11524  +2.8134765625  -7.726e-05
 10260  +2.8142343247     11527  +2.8142089844  -2.534e-05
 10261  +2.8149146667     11530  +2.8149414062  +2.674e-05
 10262  +2.8155948442     11533  +2.8156738281  +7.898e-05
 10263  +2.8162748574     11535  +2.8161621094  -1.127e-04
 10264  +2.8169547065     11538  +2.8168945312  -6.018e-05
 10265  +2.8176343916     11541  +2.8176269531  -7.438e-06
 10266  +2.8183139127     11544  +2.8183593750  +4.546e-05
 10267  +2.8189932701     11547  +2.8190917969  +9.853e-05
 10268  +2.8196724638     11549  +2.8195800781  -9.239e-05
 10269  +2.8203514939     11552  +2.8203125000  -3.899e-05
 10270  +2.8210303605     11555  +2.8210449219  +1.456e-05
 10271  +2.8217090639     11558  +2.8217773438  +6.828e-05
 10272  +2.8223876040     11560  +2.8222656250  -1.220e-04
 10273  +2.8230659810     11563  +2.8229980469  -6.793e-05
 10274  +2.8237441951     11566  +2.8237304688  -1.373e-05
 10275  +2.8244222463     11569  +2.8244628906  +4.064e-05
 10276  +2.8251001347     11572  +2.8251953125  +9.518e-05
 10277  +2.8257778606     11574  +2.8256835938  -9.427e-05
 10278  +2.8264554239     11577  +2.8264160156  -3.941e-05
 10279  +2.8271328249     11580  +2.8271484375  +1.561e-05
 10280  +2.8278100635     11583  +2.8278808594  +7.080e-05
 10281  +2.8284871401     11585  +2.8283691406  -1.180e-04
 10282  +2.8291640546     11588  +2.8291015625  -6.249e-05
 10283  +2.8298408071     11591  +2.8298339844  -6.823e-06
 10284  +2.8305173979     11594  +2.8305664062  +4.901e-05
 10285  +2.8311938270     11597  +2.8312988281  +1.050e-04
 10286  +2.8318700944     11599  +2.8317871094  -8.299e-05
 10287  +2.8325462005     11602  +2.8325195312  -2.667e-05
 10288  +2.8332221452     11605  +2.8332519531  +2.981e-05
 10289  +2.8338979286     11608  +2.8339843750  +8.645e-05
 10290  +2.8345735510     11610  +2.8344726562  -1.009e-04
 10291  +2.8352490124     11613  +2.8352050781  -4.393e-05
 10292  +2.8359243128     11616  +2.8359375000  +1.319e-05
 10293  +2.8365994525     11619  +2.8366699219  +7.047e-05
 10294  +2.8372744316     11621  +2.8371582031  -1.162e-04
 10295  +2.8379492501     11624  +2.8378906250  -5.863e-05
 10296  +2.8386239082     11627  +2.8386230469  -8.613e-07
 10297  +2.8392984060     11630  +2.8393554688  +5.706e-05
 10298  +2.8399727436     11633  +2.8400878906  +1.151e-04
 10299  +2.8406469211     11635  +2.8405761719  -7.075e-05
 10300  +2.8413209387     11638  +2.8413085938  -1.234e-05
 10301  +2.8419947964     11641  +2.8420410156  +4.622e-05
 10302  +2.8426684943     11644  +2.8427734375  +1.049e-04
 10303  +2.8433420327     11646  +2.8432617188  -8.031e-05
 10304  +2.8440154115     11649  +2.8439941406  -2.127e-05
 10305  +2.8446886309     11652  +2.8447265625  +3.793e-05
 10306  +2.8453616910     11655  +2.8454589844  +9.729e-05
 10307  +2.8460345920     11657  +2.8459472656  -8.733e-05
 10308  +2.8467073339     11660  +2.8466796875  -2.765e-05
 10309  +2.8473799169     11663  +2.8474121094  +3.219e-05
 10310  +2.8480523410     11666  +2.8481445312  +9.219e-05
 10311  +2.8487246064     11668  +2.8486328125  -9.179e-05
 10312  +2.8493967132     11671  +2.8493652344  -3.148e-05
 10313  +2.8500686615     11674  +2.8500976562  +2.899e-05
 10314  +2.8507404514     11677  +2.8508300781  +8.963e-05
 10315  +2.8514120830     11679  +2.8513183594  -9.372e-05
 10316  +2.8520835565     11682  +2.8520507812  -3.278e-05
 10317  +2.8527548719     11685  +2.8527832031  +2.833e-05
 10318  +2.8534260294     11688  +2.8535156250  +8.960e-05
 10319  +2.8540970291     11690  +2.8540039062  -9.312e-05
 10320  +2.8547678710     11693  +2.8547363281  -3.154e-05
 10321  +2.8554385554     11696  +2.8554687500  +3.019e-05
 10322  +2.8561090822     11699  +2.8562011719  +9.209e-05
 10323  +2.8567794517     11701  +2.8566894531  -9.000e-05
 10324  +2.8574496639     11704  +2.8574218750  -2.779e-05
 10325  +2.8581197189     11707  +2.8581542969  +3.458e-05
 10326  +2.8587896169     11710  +2.8588867188  +9.710e-05
 10327  +2.8594593580     11712  +2.8593750000  -8.436e-05
 10328  +2.8601289422     11715  +2.8601074219  -2.152e-05
 10329  +2.8607983697     11718  +2.8608398438  +4.147e-05
 10330  +2.8614676406     11721  +2.8615722656  +1.046e-04
 10331  +2.8621367550     11723  +2.8620605469  -7.621e-05
 10332  +2.8628057130     11726  +2.8627929688  -1.274e-05
 10333  +2.8634745147     11729  +2.8635253906  +5.088e-05
 10334  +2.8641431602     11732  +2.8642578125  +1.147e-04
 10335  +2.8648116497     11734  +2.8647460938  -6.556e-05
 10336  +2.8654799832     11737  +2.8654785156  -1.468e-06
 10337  +2.8661481609     11740  +2.8662109375  +6.278e-05
 10338  +2.8668161829     11742  +2.8666992188  -1.170e-04
 10339  +2.8674840492     11745  +2.8674316406  -5.241e-05
 10340  +2.8681517600     11748  +2.8681640625  +1.230e-05
 10341  +2.8688193154     11751  +2.8688964844  +7.717e-05
 10342  +2.8694867155     11753  +2.8693847656  -1.019e-04
 10343  +2.8701539605     11756  +2.8701171875  -3.677e-05
 10344  +2.8708210503     11759  +2.8708496094  +2.856e-05
 10345  +2.8714879851     11762  +2.8715820312  +9.405e-05
 10346  +2.8721547651     11764  +2.8720703125  -8.445e-05
 10347  +2.8728213904     11767  +2.8728027344  -1.866e-05
 10348  +2.8734878609     11770  +2.8735351562  +4.730e-05
 10349  +2.8741541770     11773  +2.8742675781  +1.134e-04
 10350  +2.8748203386     11775  +2.8747558594  -6.448e-05
 10351  +2.8754863458     11778  +2.8754882812  +1.935e-06
 10352  +2.8761521989     11781  +2.8762207031  +6.850e-05
 10353  +2.8768178978     11783  +2.8767089844  -1.089e-04
 10354  +2.8774834428     11786  +2.8774414062  -4.204e-05
 10355  +2.8781488338     11789  +2.8781738281  +2.499e-05
 10356  +2.8788140710     11792  +2.8789062500  +9.218e-05
 10357  +2.8794791545     11794  +2.8793945312  -8.462e-05
 10358  +2.8801440845     11797  +2.8801269531  -1.713e-05
 10359  +2.8808088610     11800  +2.8808593750  +5.051e-05
 10360  +2.8814734841     11803  +2.8815917969  +1.183e-04
 10361  +2.8821379540     11805  +2.8820800781  -5.788e-05
 10362  +2.8828022707     11808  +2.8828125000  +1.023e-05
 10363  +2.8834664343     11811  +2.8835449219  +7.849e-05
 10364  +2.8841304450     11813  +2.8840332031  -9.724e-05
 10365  +2.8847943029     11816  +2.8847656250  -2.868e-05
 10366  +2.8854580080     11819  +2.8854980469  +4.004e-05
 10367  +2.8861215605     11822  +2.8862304688  +1.089e-04
 10368  +2.8867849605     11824  +2.8867187500  -6.621e-05
 10369  +2.8874482080     11827  +2.8874511719  +2.964e-06
 10370  +2.8881113033     11830  +2.8881835938  +7.229e-05
 10371  +2.8887742463     11832  +2.8886718750  -1.024e-04
 10372  +2.8894370373     11835  +2.8894042969  -3.274e-05
 10373  +2.8900996762     11838  +2.8901367188  +3.704e-05
 10374  +2.8907621632     11841  +2.8908691406  +1.070e-04
 10375  +2.8914244985     11843  +2.8913574219  -6.708e-05
 10376  +2.8920866820     11846  +2.8920898438  +3.162e-06
 10377  +2.8927487140     11849  +2.8928222656  +7.355e-05
 10378  +2.8934105945     11851  +2.8933105469  -1.000e-04
 10379  +2.8940723237     11854  +2.8940429688  -2.935e-05
 10380  +2.8947339015     11857  +2.8947753906  +4.149e-05
 10381  +2.8953953282     11860  +2.8955078125  +1.125e-04
 10382  +2.8960566039     11862  +2.8959960938  -6.051e-05
 10383  +2.8967177285     11865  +2.8967285156  +1.079e-05
 10384  +2.8973787024     11868  +2.8974609375  +8.224e-05
 10385  +2.8980395254     11870  +2.8979492188  -9.031e-05
 10386  +2.8987001978     11873  +2.8986816406  -1.856e-05
 10387  +2.8993607197     11876  +2.8994140625  +5.334e-05
 10388  +2.9000210911     11878  +2.8999023438  -1.187e-04
 10389  +2.9006813122     11881  +2.9006347656  -4.655e-05
 10390  +2.9013413831     11884  +2.9013671875  +2.580e-05
 10391  +2.9020013038     11887  +2.9020996094  +9.831e-05
 10392  +2.9026610745     11889  +2.9025878906  -7.318e-05
 10393  +2.9033206952     11892  +2.9033203125  -3.827e-07
 10394  +2.9039801661     11895  +2.9040527344  +7.257e-05
 10395  +2.9046394873     11897  +2.9045410156  -9.847e-05
 10396  +2.9052986589     11900  +2.9052734375  -2.522e-05
 10397  +2.9059576810     11903  +2.9060058594  +4.818e-05
 10398  +2.9066165536     11906  +2.9067382812  +1.217e-04
 10399  +2.9072752769     11908  +2.9072265625  -4.871e-05
 10400  +2.9079338510     11911  +2.9079589844  +2.513e-05
 10401  +2.9085922760     11914  +2.9086914062  +9.913e-05
 10402  +2.9092505519     11916  +2.9091796875  -7.086e-05
 10403  +2.9099086790     11919  +2.9099121094  +3.430e-06
 10404  +2.9105666572     11922  +2.9106445312  +7.787e-05
 10405  +2.9112244867     11924  +2.9111328125  -9.167e-05
 10406  +2.9118821676     11927  +2.9118652344  -1.693e-05
 10407  +2.9125397000     11930  +2.9125976562  +5.796e-05
 10408  +2.9131970840     11932  +2.9130859375  -1.111e-04
 10409  +2.9138543197     11935  +2.9138183594  -3.596e-05
 10410  +2.9145114071     11938  +2.9145507812  +3.937e-05
 10411  +2.9151683465     11941  +2.9152832031  +1.149e-04
 10412  +2.9158251378     11943  +2.9157714844  -5.365e-05
 10413  +2.9164817812     11946  +2.9165039062  +2.213e-05
 10414  +2.9171382769     11949  +2.9172363281  +9.805e-05
 10415  +2.9177946248     11951  +2.9177246094  -7.002e-05
 10416  +2.9184508251     11954  +2.9184570312  +6.206e-06
 10417  +2.9191068779     11957  +2.9191894531  +8.258e-05
 10418  +2.9197627833     11959  +2.9196777344  -8.505e-05
 10419  +2.9204185413     11962  +2.9204101562  -8.385e-06
 10420  +2.9210741522     11965  +2.9211425781  +6.843e-05
 10421  +2.9217296160     11967  +2.9216308594  -9.876e-05
 10422  +2.9223849327     11970  +2.9223632812  -2.165e-05
 10423  +2.9230401025     11973  +2.9230957031  +5.560e-05
 10424  +2.9236951255     11975  +2.9235839844  -1.111e-04
 10425  +2.9243500018     11978  +2.9243164062  -3.360e-05
 10426  +2.9250047315     11981  +2.9250488281  +4.410e-05
 10427  +2.9256593146     11984  +2.9257812500  +1.219e-04
 10428  +2.9263137513     11986  +2.9262695312  -4.422e-05
 10429  +2.9269680417     11989  +2.9270019531  +3.391e-05
 10430  +2.9276221859     11992  +2.9277343750  +1.122e-04
 10431  +2.9282761839     11994  +2.9282226562  -5.353e-05
 10432  +2.9289300359     11997  +2.9289550781  +2.504e-05
 10433  +2.9295837420     12000  +2.9296875000  +1.038e-04
 10434  +2.9302373022     12002  +2.9301757812  -6.152e-05
 10435  +2.9308907167     12005  +2.9309082031  +1.749e-05
 10436  +2.9315439856     12008  +2.9316406250  +9.664e-05
 10437  +2.9321971089     12010  +2.9321289062  -6.820e-05
 10438  +2.9328500868     12013  +2.9328613281  +1.124e-05
 10439  +2.9335029193     12016  +2.9335937500  +9.083e-05
 10440  +2.9341556066     12018  +2.9340820312  -7.358e-05
 10441  +2.9348081487     12021  +2.9348144531  +6.304e-06
 10442  +2.9354605458     12024  +2.9355468750  +8.633e-05
 10443  +2.9361127979     12026  +2.9360351562  -7.764e-05
 10444  +2.9367649051     12029  +2.9367675781  +2.673e-06
 10445  +2.9374168676     12032  +2.9375000000  +8.313e-05
 10446  +2.9380686854     12034  +2.9379882812  -8.040e-05
 10447  +2.9387203586     12037  +2.9387207031  +3.445e-07
 10448  +2.9393718874     12040  +2.9394531250  +8.124e-05
 10449  +2.9400232717     12042  +2.9399414062  -8.187e-05
 10450  +2.9406745118     12045  +2.9406738281  -6.837e-07
 10451  +2.9413256077     12048  +2.9414062500  +8.064e-05
 10452  +2.9419765595     12050  +2.9418945312  -8.203e-05
 10453  +2.9426273672     12053  +2.9426269531  -4.141e-07
 10454  +2.9432780311     12056  +2.9433593750  +8.134e-05
 10455  +2.9439285512     12058  +2.9438476562  -8.089e-05
 10456  +2.9445789275     12061  +2.9445800781  +1.151e-06
 10457  +2.9452291603     12064  +2.9453125000  +8.334e-05
 10458  +2.9458792495     12066  +2.9458007812  -7.847e-05
 10459  +2.9465291953     12069  +2.9465332031  +4.008e-06
 10460  +2.9471789977     12072  +2.9472656250  +8.663e-05
 10461  +2.9478286570     12074  +2.9477539062  -7.475e-05
 10462  +2.9484781730     12077  +2.9484863281  +8.155e-06
 10463  +2.9491275461     12080  +2.9492187500  +9.120e-05
 10464  +2.9497767761     12082  +2.9497070312  -6.974e-05
 10465  +2.9504258633     12085  +2.9504394531  +1.359e-05
 10466  +2.9510748078     12088  +2.9511718750  +9.707e-05
 10467  +2.9517236095     12090  +2.9516601562  -6.345e-05
 10468  +2.9523722687     12093  +2.9523925781  +2.031e-05
 10469  +2.9530207854     12096  +2.9531250000  +1.042e-04
 10470  +2.9536691598     12098  +2.9536132812  -5.588e-05
 10471  +2.9543173918     12101  +2.9543457031  +2.831e-05
 10472  +2.9549654816     12104  +2.9550781250  +1.126e-04
 10473  +2.9556134293     12106  +2.9555664062  -4.702e-05
 10474  +2.9562612350     12109  +2.9562988281  +3.759e-05
 10475  +2.9569088988     12111  +2.9567871094  -1.218e-04
 10476  +2.9575564207     12114  +2.9575195312  -3.689e-05
 10477  +2.9582038009     12117  +2.9582519531  +4.815e-05
 10478  +2.9588510395     12119  +2.9587402344  -1.108e-04
 10479  +2.9594981365     12122  +2.9594726562  -2.548e-05
 10480  +2.9601450920     12125  +2.9602050781  +5.999e-05
 10481  +2.9607919062     12127  +2.9606933594  -9.855e-05
 10482  +2.9614385791     12130  +2.9614257812  -1.280e-05
 10483  +2.9620851109     12133  +2.9621582031  +7.309e-05
 10484  +2.9627315015     12135  +2.9626464844  -8.502e-05
 10485  +2.9633777512     12138  +2.9633789062  +1.155e-06
 10486  +2.9640238599     12141  +2.9641113281  +8.747e-05
 10487  +2.9646698278     12143  +2.9645996094  -7.022e-05
 10488  +2.9653156551     12146  +2.9653320312  +1.638e-05
 10489  +2.9659613417     12149  +2.9660644531  +1.031e-04
 10490  +2.9666068877     12151  +2.9665527344  -5.415e-05
 10491  +2.9672522933     12154  +2.9672851562  +3.286e-05
 10492  +2.9678975586     12157  +2.9680175781  +1.200e-04
 10493  +2.9685426836     12159  +2.9685058594  -3.682e-05
 10494  +2.9691876685     12162  +2.9692382812  +5.061e-05
 10495  +2.9698325132     12164  +2.9697265625  -1.060e-04
 10496  +2.9704772180     12167  +2.9704589844  -1.823e-05
 10497  +2.9711217829     12170  +2.9711914062  +6.962e-05
 10498  +2.9717662080     12172  +2.9716796875  -8.652e-05
 10499  +2.9724104933     12175  +2.9724121094  +1.616e-06
 10500  +2.9730546391     12178  +2.9731445312  +8.989e-05
 10501  +2.9736986453     12180  +2.9736328125  -6.583e-05
 10502  +2.9743425120     12183  +2.9743652344  +2.272e-05
 10503  +2.9749862395     12186  +2.9750976562  +1.114e-04
 10504  +2.9756298276     12188  +2.9755859375  -4.389e-05
 10505  +2.9762732766     12191  +2.9763183594  +4.508e-05
 10506  +2.9769165865     12193  +2.9768066406  -1.099e-04
 10507  +2.9775597575     12196  +2.9775390625  -2.069e-05
 10508  +2.9782027895     12199  +2.9782714844  +6.869e-05
 10509  +2.9788456827     12201  +2.9787597656  -8.592e-05
 10510  +2.9794884372     12204  +2.9794921875  +3.750e-06
 10511  +2.9801310531     12207  +2.9802246094  +9.356e-05
 10512  +2.9807735304     12209  +2.9807128906  -6.064e-05
 10513  +2.9814158693     12212  +2.9814453125  +2.944e-05
 10514  +2.9820580698     12215  +2.9821777344  +1.197e-04
 10515  +2.9827001320     12217  +2.9826660156  -3.412e-05
 10516  +2.9833420561     12220  +2.9833984375  +5.638e-05
 10517  +2.9839838421     12222  +2.9838867188  -9.712e-05
 10518  +2.9846254900     12225  +2.9846191406  -6.349e-06
 10519  +2.9852670001     12228  +2.9853515625  +8.456e-05
 10520  +2.9859083723     12230  +2.9858398438  -6.853e-05
 10521  +2.9865496068     12233  +2.9865722656  +2.266e-05
 10522  +2.9871907036     12236  +2.9873046875  +1.140e-04
 10523  +2.9878316629     12238  +2.9877929688  -3.869e-05
 10524  +2.9884724847     12241  +2.9885253906  +5.291e-05
 10525  +2.9891131692     12243  +2.9890136719  -9.950e-05
 10526  +2.9897537163     12246  +2.9897460938  -7.623e-06
 10527  +2.9903941262     12249  +2.9904785156  +8.439e-05
 10528  +2.9910343990     12251  +2.9909667969  -6.760e-05
 10529  +2.9916745348     12254  +2.9916992188  +2.468e-05
 10530  +2.9923145337     12257  +2.9924316406  +1.171e-04
 10531  +2.9929543956     12259  +2.9929199219  -3.447e-05
 10532  +2.9935941209     12262  +2.9936523438  +5.822e-05
 10533  +2.9942337094     12264  +2.9941406250  -9.308e-05
 10534  +2.9948731614     12267  +2.9948730469  -1.145e-07
 10535  +2.9955124768     12270  +2.9956054688  +9.299e-05
 10536  +2.9961516558     12272  +2.9960937500  -5.791e-05
 10537  +2.9967906985     12275  +2.9968261719  +3.547e-05
 10538  +2.9974296050     12277  +2.9973144531  -1.152e-04
 10539  +2.9980683753     12280  +2.9980468750  -2.150e-05
 10540  +2.9987070095     12283  +2.9987792969  +7.229e-05
 10541  +2.9993455078     12285  +2.9992675781  -7.793e-05
 10542  +2.9999838701     12288  +3.0000000000  +1.613e-05
 10543  +3.0006220967     12291  +3.0007324219  +1.103e-04
 10544  +3.0012601875     12293  +3.0012207031  -3.948e-05
 10545  +3.0018981427     12296  +3.0019531250  +5.498e-05
 10546  +3.0025359623     12298  +3.0024414062  -9.456e-05
 10547  +3.0031736465     12301  +3.0031738281  +1.816e-07
 10548  +3.0038111953     12304  +3.0039062500  +9.505e-05
 10549  +3.0044486089     12306  +3.0043945312  -5.408e-05
 10550  +3.0050858872     12309  +3.0051269531  +4.107e-05
 10551  +3.0057230304     12311  +3.0056152344  -1.078e-04
 10552  +3.0063600386     12314  +3.0063476562  -1.238e-05
 10553  +3.0069969118     12317  +3.0070800781  +8.317e-05
 10554  +3.0076336502     12319  +3.0075683594  -6.529e-05
 10555  +3.0082702538     12322  +3.0083007812  +3.053e-05
 10556  +3.0089067227     12324  +3.0087890625  -1.177e-04
 10557  +3.0095430570     12327  +3.0095214844  -2.157e-05
 10558  +3.0101792568     12330  +3.0102539062  +7.465e-05
 10559  +3.0108153221     12332  +3.0107421875  -7.313e-05
 10560  +3.0114512531     12335  +3.0114746094  +2.336e-05
 10561  +3.0120870499     12338  +3.0122070312  +1.200e-04
 10562  +3.0127227124     12340  +3.0126953125  -2.740e-05
 10563  +3.0133582409     12343  +3.0134277344  +6.949e-05
 10564  +3.0139936354     12345  +3.0139160156  -7.762e-05
 10565  +3.0146288959     12348  +3.0146484375  +1.954e-05
 10566  +3.0152640226     12351  +3.0153808594  +1.168e-04
 10567  +3.0158990156     12353  +3.0158691406  -2.987e-05
 10568  +3.0165338749     12356  +3.0166015625  +6.769e-05
 10569  +3.0171686006     12358  +3.0170898438  -7.876e-05
 10570  +3.0178031928     12361  +3.0178222656  +1.907e-05
 10571  +3.0184376516     12364  +3.0185546875  +1.170e-04
 10572  +3.0190719770     12366  +3.0190429688  -2.901e-05
 10573  +3.0197061692     12369  +3.0197753906  +6.922e-05
 10574  +3.0203402283     12371  +3.0202636719  -7.656e-05
 10575  +3.0209741543     12374  +3.0209960938  +2.194e-05
 10576  +3.0216079472     12377  +3.0217285156  +1.206e-04
 10577  +3.0222416073     12379  +3.0222167969  -2.481e-05
 10578  +3.0228751345     12382  +3.0229492188  +7.408e-05
 10579  +3.0235085290     12384  +3.0234375000  -7.103e-05
 10580  +3.0241417908     12387  +3.0241699219  +2.813e-05
 10581  +3.0247749201     12389  +3.0246582031  -1.167e-04
 10582  +3.0254079168     12392  +3.0253906250  -1.729e-05
 10583  +3.0260407811     12395  +3.0261230469  +8.227e-05
 10584  +3.0266735131     12397  +3.0266113281  -6.219e-05
 10585  +3.0273061129     12400  +3.0273437500  +3.764e-05
 10586  +3.0279385805     12402  +3.0278320312  -1.065e-04
 10587  +3.0285709160     12405  +3.0285644531  -6.463e-06
 10588  +3.0292031195     12408  +3.0292968750  +9.376e-05
 10589  +3.0298351911     12410  +3.0297851562  -5.003e-05
 10590  +3.0304671309     12413  +3.0305175781  +5.045e-05
 10591  +3.0310989389     12415  +3.0310058594  -9.308e-05
 10592  +3.0317306153     12418  +3.0317382812  +7.666e-06
 10593  +3.0323621600     12421  +3.0324707031  +1.085e-04
 10594  +3.0329935733     12423  +3.0329589844  -3.459e-05
 10595  +3.0336248551     12426  +3.0336914062  +6.655e-05
 10596  +3.0342560056     12428  +3.0341796875  -7.632e-05
 10597  +3.0348870249     12431  +3.0349121094  +2.508e-05
 10598  +3.0355179130     12433  +3.0354003906  -1.175e-04
 10599  +3.0361486699     12436  +3.0361328125  -1.586e-05
 10600  +3.0367792959     12439  +3.0368652344  +8.594e-05
 10601  +3.0374097909     12441  +3.0373535156  -5.628e-05
 10602  +3.0380401551     12444  +3.0380859375  +4.578e-05
 10603  +3.0386703885     12446  +3.0385742188  -9.617e-05
 10604  +3.0393004913     12449  +3.0393066406  +6.149e-06
 10605  +3.0399304634     12452  +3.0400390625  +1.086e-04
 10606  +3.0405603050     12454  +3.0405273438  -3.296e-05
 10607  +3.0411900162     12457  +3.0412597656  +6.975e-05
 10608  +3.0418195970     12459  +3.0417480469  -7.155e-05
 10609  +3.0424490475     12462  +3.0424804688  +3.142e-05
 10610  +3.0430783678     12464  +3.0429687500  -1.096e-04
 10611  +3.0437075580     12467  +3.0437011719  -6.386e-06
 10612  +3.0443366181     12470  +3.0444335938  +9.698e-05
 10613  +3.0449655484     12472  +3.0449218750  -4.367e-05
 10614  +3.0455943487     12475  +3.0456542969  +5.995e-05
 10615  +3.0462230192     12477  +3.0461425781  -8.044e-05
 10616  +3.0468515600     12480  +3.0468750000  +2.344e-05
 10617  +3.0474799712     12482  +3.0473632812  -1.167e-04
 10618  +3.0481082528     12485  +3.0480957031  -1.255e-05
 10619  +3.0487364050     12488  +3.0488281250  +9.172e-05
 10620  +3.0493644277     12490  +3.0493164062  -4.802e-05
 10621  +3.0499923211     12493  +3.0500488281  +5.651e-05
 10622  +3.0506200853     12495  +3.0505371094  -8.298e-05
 10623  +3.0512477204     12498  +3.0512695312  +2.181e-05
 10624  +3.0518752264     12500  +3.0517578125  -1.174e-04
 10625  +3.0525026033     12503  +3.0524902344  -1.237e-05
 10626  +3.0531298514     12506  +3.0532226562  +9.280e-05
 10627  +3.0537569706     12508  +3.0537109375  -4.603e-05
 10628  +3.0543839610     12511  +3.0544433594  +5.940e-05
 10629  +3.0550108228     12513  +3.0549316406  -7.918e-05
 10630  +3.0556375560     12516  +3.0556640625  +2.651e-05
 10631  +3.0562641606     12518  +3.0561523438  -1.118e-04
 10632  +3.0568906368     12521  +3.0568847656  -5.871e-06
 10633  +3.0575169847     12524  +3.0576171875  +1.002e-04
 10634  +3.0581432043     12526  +3.0581054688  -3.774e-05
 10635  +3.0587692956     12529  +3.0588378906  +6.860e-05
 10636  +3.0593952588     12531  +3.0593261719  -6.909e-05
 10637  +3.0600210940     12534  +3.0600585938  +3.750e-05
 10638  +3.0606468012     12536  +3.0605468750  -9.993e-05
 10639  +3.0612723806     12539  +3.0612792969  +6.916e-06
 10640  +3.0618978321     12542  +3.0620117188  +1.139e-04
 10641  +3.0625231558     12544  +3.0625000000  -2.316e-05
 10642  +3.0631483520     12547  +3.0632324219  +8.407e-05
 10643  +3.0637734205     12549  +3.0637207031  -5.272e-05
 10644  +3.0643983615     12552  +3.0644531250  +5.476e-05
 10645  +3.0650231752     12554  +3.0649414062  -8.177e-05
 10646  +3.0656478614     12557  +3.0656738281  +2.597e-05
 10647  +3.0662724204     12559  +3.0661621094  -1.103e-04
 10648  +3.0668968523     12562  +3.0668945312  -2.321e-06
 10649  +3.0675211570     12565  +3.0676269531  +1.058e-04
 10650  +3.0681453347     12567  +3.0681152344  -3.010e-05
 10651  +3.0687693854     12570  +3.0688476562  +7.827e-05
 10652  +3.0693933092     12572  +3.0693359375  -5.737e-05
 10653  +3.0700171063     12575  +3.0700683594  +5.125e-05
 10654  +3.0706407766     12577  +3.0705566406  -8.414e-05
 10655  +3.0712643202     12580  +3.0712890625  +2.474e-05
 10656  +3.0718877373     12582  +3.0717773438  -1.104e-04
 10657  +3.0725110280     12585  +3.0725097656  -1.262e-06
 10658  +3.0731341922     12588  +3.0732421875  +1.080e-04
 10659  +3.0737572300     12590  +3.0737304688  -2.676e-05
 10660  +3.0743801416     12593  +3.0744628906  +8.275e-05
 10661  +3.0750029270     12595  +3.0749511719  -5.176e-05
 10662  +3.0756255863     12598  +3.0756835938  +5.801e-05
 10663  +3.0762481196     12600  +3.0761718750  -7.624e-05
 10664  +3.0768705269     12603  +3.0769042969  +3.377e-05
 10665  +3.0774928083     12605  +3.0773925781  -1.002e-04
 10666  +3.0781149640     12608  +3.0781250000  +1.004e-05
 10667  +3.0787369939     12611  +3.0788574219  +1.204e-04
 10668  +3.0793588981     12613  +3.0793457031  -1.320e-05
 10669  +3.0799806768     12616  +3.0800781250  +9.745e-05
 10670  +3.0806023300     12618  +3.0805664062  -3.592e-05
 10671  +3.0812238578     12621  +3.0812988281  +7.497e-05
 10672  +3.0818452602     12623  +3.0817871094  -5.815e-05
 10673  +3.0824665373     12626  +3.0825195312  +5.299e-05
 10674  +3.0830876893     12628  +3.0830078125  -7.988e-05
 10675  +3.0837087161     12631  +3.0837402344  +3.152e-05
 10676  +3.0843296179     12633  +3.0842285156  -1.011e-04
 10677  +3.0849503947     12636  +3.0849609375  +1.054e-05
 10678  +3.0855710467     12638  +3.0854492188  -1.218e-04
 10679  +3.0861915738     12641  +3.0861816406  -9.933e-06
 10680  +3.0868119761     12644  +3.0869140625  +1.021e-04
 10681  +3.0874322539     12646  +3.0874023438  -2.991e-05
 10682  +3.0880524070     12649  +3.0881347656  +8.236e-05
 10683  +3.0886724356     12651  +3.0886230469  -4.939e-05
 10684  +3.0892923397     12654  +3.0893554688  +6.313e-05
 10685  +3.0899121195     12656  +3.0898437500  -6.837e-05
 10686  +3.0905317750     12659  +3.0905761719  +4.440e-05
 10687  +3.0911513063     12661  +3.0910644531  -8.685e-05
 10688  +3.0917707134     12664  +3.0917968750  +2.616e-05
 10689  +3.0923899965     12666  +3.0922851562  -1.048e-04
 10690  +3.0930091556     12669  +3.0930175781  +8.423e-06
 10691  +3.0936281908     12672  +3.0937500000  +1.218e-04
 10692  +3.0942471021     12674  +3.0942382812  -8.821e-06
 10693  +3.0948658896     12677  +3.0949707031  +1.048e-04
 10694  +3.0954845535     12679  +3.0954589844  -2.557e-05
 10695  +3.0961030937     12682  +3.0961914062  +8.831e-05
 10696  +3.0967215104     12684  +3.0966796875  -4.182e-05
 10697  +3.0973398036     12687  +3.0974121094  +7.231e-05
 10698  +3.0979579734     12689  +3.0979003906  -5.758e-05
 10699  +3.0985760199     12692  +3.0986328125  +5.679e-05
 10700  +3.0991939431     12694  +3.0991210938  -7.285e-05
 10701  +3.0998117432     12697  +3.0998535156  +4.177e-05
 10702  +3.1004294201     12699  +3.1003417969  -8.762e-05
 10703  +3.1010469741     12702  +3.1010742188  +2.724e-05
 10704  +3.1016644050     12704  +3.1015625000  -1.019e-04
 10705  +3.1022817131     12707  +3.1022949219  +1.321e-05
 10706  +3.1028988984     12709  +3.1027832031  -1.157e-04
 10707  +3.1035159609     12712  +3.1035156250  -3.359e-07
 10708  +3.1041329008     12715  +3.1042480469  +1.151e-04
 10709  +3.1047497180     12717  +3.1047363281  -1.339e-05
 10710  +3.1053664128     12720  +3.1054687500  +1.023e-04
 10711  +3.1059829851     12722  +3.1059570312  -2.595e-05
 10712  +3.1065994350     12725  +3.1066894531  +9.002e-05
 10713  +3.1072157627     12727  +3.1071777344  -3.803e-05
 10714  +3.1078319681     12730  +3.1079101562  +7.819e-05
 10715  +3.1084480513     12732  +3.1083984375  -4.961e-05
 10716  +3.1090640125     12735  +3.1091308594  +6.685e-05
 10717  +3.1096798517     12737  +3.1096191406  -6.071e-05
 10718  +3.1102955689     12740  +3.1103515625  +5.599e-05
 10719  +3.1109111643     12742  +3.1108398438  -7.132e-05
 10720  +3.1115266379     12745  +3.1115722656  +4.563e-05
 10721  +3.1121419897     12747  +3.1120605469  -8.144e-05
 10722  +3.1127572199     12750  +3.1127929688  +3.575e-05
 10723  +3.1133723286     12752  +3.1132812500  -9.108e-05
 10724  +3.1139873157     12755  +3.1140136719  +2.636e-05
 10725  +3.1146021814     12757  +3.1145019531  -1.002e-04
 10726  +3.1152169257     12760  +3.1152343750  +1.745e-05
 10727  +3.1158315488     12762  +3.1157226562  -1.089e-04
 10728  +3.1164460506     12765  +3.1164550781  +9.027e-06
 10729  +3.1170604313     12767  +3.1169433594  -1.171e-04
 10730  +3.1176746910     12770  +3.1176757812  +1.090e-06
 10731  +3.1182888296     12773  +3.1184082031  +1.194e-04
 10732  +3.1189028473     12775  +3.1188964844  -6.363e-06
 10733  +3.1195167441     12778  +3.1196289062  +1.122e-04
 10734  +3.1201305202     12780  +3.1201171875  -1.333e-05
 10735  +3.1207441755     12783  +3.1208496094  +1.054e-04
 10736  +3.1213577102     12785  +3.1213378906  -1.982e-05
 10737  +3.1219711243     12788  +3.1220703125  +9.919e-05
 10738  +3.1225844179     12790  +3.1225585938  -2.582e-05
 10739  +3.1231975911     12793  +3.1232910156  +9.342e-05
 10740  +3.1238106439     12795  +3.1237792969  -3.135e-05
 10741  +3.1244235765     12798  +3.1245117188  +8.814e-05
 10742  +3.1250363888     12800  +3.1250000000  -3.639e-05
 10743  +3.1256490810     12803  +3.1257324219  +8.334e-05
 10744  +3.1262616531     12805  +3.1262207031  -4.095e-05
 10745  +3.1268741051     12808  +3.1269531250  +7.902e-05
 10746  +3.1274864373     12810  +3.1274414062  -4.503e-05
 10747  +3.1280986496     12813  +3.1281738281  +7.518e-05
 10748  +3.1287107421     12815  +3.1286621094  -4.863e-05
 10749  +3.1293227148     12818  +3.1293945312  +7.182e-05
 10750  +3.1299345680     12820  +3.1298828125  -5.176e-05
 10751  +3.1305463015     12823  +3.1306152344  +6.893e-05
 10752  +3.1311579155     12825  +3.1311035156  -5.440e-05
 10753  +3.1317694101     12828  +3.1318359375  +6.653e-05
 10754  +3.1323807853     12830  +3.1323242188  -5.657e-05
 10755  +3.1329920412     12833  +3.1330566406  +6.460e-05
 10756  +3.1336031778     12835  +3.1335449219  -5.826e-05
 10757  +3.1342141953     12838  +3.1342773438  +6.315e-05
 10758  +3.1348250937     12840  +3.1347656250  -5.947e-05
 10759  +3.1354358731     12843  +3.1354980469  +6.217e-05
 10760  +3.1360465335     12845  +3.1359863281  -6.021e-05
 10761  +3.1366570750     12848  +3.1367187500  +6.167e-05
 10762  +3.1372674977     12850  +3.1372070312  -6.047e-05
 10763  +3.1378778017     12853  +3.1379394531  +6.165e-05
 10764  +3.1384879870     12855  +3.1384277344  -6.025e-05
 10765  +3.1390980537     12858  +3.1391601562  +6.210e-05
 10766  +3.1397080018     12860  +3.1396484375  -5.956e-05
 10767  +3.1403178315     12863  +3.1403808594  +6.303e-05
 10768  +3.1409275427     12865  +3.1408691406  -5.840e-05
 10769  +3.1415371357     12868  +3.1416015625  +6.443e-05
 10770  +3.1421466103     12870  +3.1420898438  -5.677e-05
 10771  +3.1427559668     12873  +3.1428222656  +6.630e-05
 10772  +3.1433652051     12875  +3.1433105469  -5.466e-05
 10773  +3.1439743254     12878  +3.1440429688  +6.864e-05
 10774  +3.1445833277     12880  +3.1445312500  -5.208e-05
 10775  +3.1451922121     12883  +3.1452636719  +7.146e-05
 10776  +3.1458009786     12885  +3.1457519531  -4.903e-05
 10777  +3.1464096274     12888  +3.1464843750  +7.475e-05
 10778  +3.1470181584     12890  +3.1469726562  -4.550e-05
 10779  +3.1476265718     12893  +3.1477050781  +7.851e-05
 10780  +3.1482348675     12895  +3.1481933594  -4.151e-05
 10781  +3.1488430458     12898  +3.1489257812  +8.274e-05
 10782  +3.1494511067     12900  +3.1494140625  -3.704e-05
 10783  +3.1500590501     12903  +3.1501464844  +8.743e-05
 10784  +3.1506668763     12905  +3.1506347656  -3.211e-05
 10785  +3.1512745852     12908  +3.1513671875  +9.260e-05
 10786  +3.1518821770     12910  +3.1518554688  -2.671e-05
 10787  +3.1524896516     12913  +3.1525878906  +9.824e-05
 10788  +3.1530970092     12915  +3.1530761719  -2.084e-05
 10789  +3.1537042499     12918  +3.1538085938  +1.043e-04
 10790  +3.1543113736     12920  +3.1542968750  -1.450e-05
 10791  +3.1549183805     12923  +3.1550292969  +1.109e-04
 10792  +3.1555252707     12925  +3.1555175781  -7.693e-06
 10793  +3.1561320441     12928  +3.1562500000  +1.180e-04
 10794  +3.1567387009     12930  +3.1567382812  -4.197e-07
 10795  +3.1573452412     12932  +3.1572265625  -1.187e-04
 10796  +3.1579516649     12935  +3.1579589844  +7.319e-06
 10797  +3.1585579723     12937  +3.1584472656  -1.107e-04
 10798  +3.1591641632     12940  +3.1591796875  +1.552e-05
 10799  +3.1597702379     12942  +3.1596679688  -1.023e-04
 10800  +3.1603761963     12945  +3.1604003906  +2.419e-05
 10801  +3.1609820386     12947  +3.1608886719  -9.337e-05
 10802  +3.1615877648     12950  +3.1616210938  +3.333e-05
 10803  +3.1621933749     12952  +3.1621093750  -8.400e-05
 10804  +3.1627988691     12955  +3.1628417969  +4.293e-05
 10805  +3.1634042474     12957  +3.1633300781  -7.417e-05
 10806  +3.1640095099     12960  +3.1640625000  +5.299e-05
 10807  +3.1646146566     12962  +3.1645507812  -6.388e-05
 10808  +3.1652196876     12965  +3.1652832031  +6.352e-05
 10809  +3.1658246030     12967  +3.1657714844  -5.312e-05
 10810  +3.1664294028     12970  +3.1665039062  +7.450e-05
 10811  +3.1670340871     12972  +3.1669921875  -4.190e-05
 10812  +3.1676386560     12975  +3.1677246094  +8.595e-05
 10813  +3.1682431095     12977  +3.1682128906  -3.022e-05
 10814  +3.1688474477     12980  +3.1689453125  +9.786e-05
 10815  +3.1694516707     12982  +3.1694335938  -1.808e-05
 10816  +3.1700557785     12985  +3.1701660156  +1.102e-04
 10817  +3.1706597713     12987  +3.1706542969  -5.474e-06
 10818  +3.1712636490     12989  +3.1711425781  -1.211e-04
 10819  +3.1718674117     12992  +3.1718750000  +7.588e-06
 10820  +3.1724710595     12994  +3.1723632812  -1.078e-04
 10821  +3.1730745925     12997  +3.1730957031  +2.111e-05
 10822  +3.1736780107     12999  +3.1735839844  -9.403e-05
 10823  +3.1742813142     13002  +3.1743164062  +3.509e-05
 10824  +3.1748845030     13004  +3.1748046875  -7.982e-05
 10825  +3.1754875773     13007  +3.1755371094  +4.953e-05
 10826  +3.1760905371     13009  +3.1760253906  -6.515e-05
 10827  +3.1766933824     13012  +3.1767578125  +6.443e-05
 10828  +3.1772961133     13014  +3.1772460938  -5.002e-05
 10829  +3.1778987299     13017  +3.1779785156  +7.979e-05
 10830  +3.1785012323     13019  +3.1784667969  -3.444e-05
 10831  +3.1791036205     13022  +3.1791992188  +9.560e-05
 10832  +3.1797058946     13024  +3.1796875000  -1.839e-05
 10833  +3.1803080546     13027  +3.1804199219  +1.119e-04
 10834  +3.1809101006     13029  +3.1809082031  -1.897e-06
 10835  +3.1815120327     13031  +3.1813964844  -1.155e-04
 10836  +3.1821138509     13034  +3.1821289062  +1.506e-05
 10837  +3.1827155553     13036  +3.1826171875  -9.837e-05
 10838  +3.1833171460     13039  +3.1833496094  +3.246e-05
 10839  +3.1839186231     13041  +3.1838378906  -8.073e-05
 10840  +3.1845199865     13044  +3.1845703125  +5.033e-05
 10841  +3.1851212364     13046  +3.1850585938  -6.264e-05
 10842  +3.1857223728     13049  +3.1857910156  +6.864e-05
 10843  +3.1863233958     13051  +3.1862792969  -4.410e-05
 10844  +3.1869243054     13054  +3.1870117188  +8.741e-05
 10845  +3.1875251018     13056  +3.1875000000  -2.510e-05
 10846  +3.1881257849     13059  +3.1882324219  +1.066e-04
 10847  +3.1887263549     13061  +3.1887207031  -5.652e-06
 10848  +3.1893268118     13063  +3.1892089844  -1.178e-04
 10849  +3.1899271557     13066  +3.1899414062  +1.425e-05
 10850  +3.1905273866     13068  +3.1904296875  -9.770e-05
 10851  +3.1911275046     13071  +3.1911621094  +3.460e-05
 10852  +3.1917275098     13073  +3.1916503906  -7.712e-05
 10853  +3.1923274022     13076  +3.1923828125  +5.541e-05
 10854  +3.1929271819     13078  +3.1928710938  -5.609e-05
 10855  +3.1935268490     13081  +3.1936035156  +7.667e-05
 10856  +3.1941264034     13083  +3.1940917969  -3.461e-05
 10857  +3.1947258454     13086  +3.1948242188  +9.837e-05
 10858  +3.1953251749     13088  +3.1953125000  -1.267e-05
 10859  +3.1959243920     13091  +3.1960449219  +1.205e-04
 10860  +3.1965234968     13093  +3.1965332031  +9.706e-06
 10861  +3.1971224893     13095  +3.1970214844  -1.010e-04
 10862  +3.1977213696     13098  +3.1977539062  +3.254e-05
 10863  +3.1983201377     13100  +3.1982421875  -7.795e-05
 10864  +3.1989187938     13103  +3.1989746094  +5.582e-05
 10865  +3.1995173379     13105  +3.1994628906  -5.445e-05
 10866  +3.2001157700     13108  +3.2001953125  +7.954e-05
 10867  +3.2007140903     13110  +3.2006835938  -3.050e-05
 10868  +3.2013122987     13113  +3.2014160156  +1.037e-04
 10869  +3.2019103953     13115  +3.2019042969  -6.098e-06
 10870  +3.2025083803     13117  +3.2023925781  -1.158e-04
 10871  +3.2031062536     13120  +3.2031250000  +1.875e-05
 10872  +3.2037040154     13122  +3.2036132812  -9.073e-05
 10873  +3.2043016656     13125  +3.2043457031  +4.404e-05
 10874  +3.2048992044     13127  +3.2048339844  -6.522e-05
 10875  +3.2054966317     13130  +3.2055664062  +6.977e-05
 10876  +3.2060939478     13132  +3.2060546875  -3.926e-05
 10877  +3.2066911526     13135  +3.2067871094  +9.596e-05
 10878  +3.2072882462     13137  +3.2072753906  -1.286e-05
 10879  +3.2078852287     13139  +3.2077636719  -1.216e-04
 10880  +3.2084821001     13142  +3.2084960938  +1.399e-05
 10881  +3.2090788604     13144  +3.2089843750  -9.449e-05
 10882  +3.2096755098     13147  +3.2097167969  +4.129e-05
 10883  +3.2102720484     13149  +3.2102050781  -6.697e-05
 10884  +3.2108684761     13152  +3.2109375000  +6.902e-05
 10885  +3.2114647930     13154  +3.2114257812  -3.901e-05
 10886  +3.2120609992     13157  +3.2121582031  +9.720e-05
 10887  +3.2126570948     13159  +3.2126464844  -1.061e-05
 10888  +3.2132530798     13161  +3.2131347656  -1.183e-04
 10889  +3.2138489543     13164  +3.2138671875  +1.823e-05
 10890  +3.2144447183     13166  +3.2143554688  -8.925e-05
 10891  +3.2150403719     13169  +3.2150878906  +4.752e-05
 10892  +3.2156359152     13171  +3.2155761719  -5.974e-05
 10893  +3.2162313482     13174  +3.2163085938  +7.725e-05
 10894  +3.2168266710     13176  +3.2167968750  -2.980e-05
 10895  +3.2174218836     13179  +3.2175292969  +1.074e-04
 10896  +3.2180169862     13181  +3.2180175781  +5.920e-07
 10897  +3.2186119787     13183  +3.2185058594  -1.061e-04
 10898  +3.2192068612     13186  +3.2192382812  +3.142e-05
 10899  +3.2198016339     13188  +3.2197265625  -7.507e-05
 10900  +3.2203962966     13191  +3.2204589844  +6.269e-05
 10901  +3.2209908496     13193  +3.2209472656  -4.358e-05
 10902  +3.2215852929     13196  +3.2216796875  +9.439e-05
 10903  +3.2221796265     13198  +3.2221679688  -1.166e-05
 10904  +3.2227738505     13200  +3.2226562500  -1.176e-04
 10905  +3.2233679650     13203  +3.2233886719  +2.071e-05
 10906  +3.2239619700     13205  +3.2238769531  -8.502e-05
 10907  +3.2245558655     13208  +3.2246093750  +5.351e-05
 10908  +3.2251496517     13210  +3.2250976562  -5.200e-05
 10909  +3.2257433286     13213  +3.2258300781  +8.675e-05
 10910  +3.2263368962     13215  +3.2263183594  -1.854e-05
 10911  +3.2269303547     13218  +3.2270507812  +1.204e-04
 10912  +3.2275237040     13220  +3.2275390625  +1.536e-05
 10913  +3.2281169443     13222  +3.2280273438  -8.960e-05
 10914  +3.2287100756     13225  +3.2287597656  +4.969e-05
 10915  +3.2293030979     13227  +3.2292480469  -5.505e-05
 10916  +3.2298960114     13230  +3.2299804688  +8.446e-05
 10917  +3.2304888160     13232  +3.2304687500  -2.007e-05
 10918  +3.2310815119     13235  +3.2312011719  +1.197e-04
 10919  +3.2316740990     13237  +3.2316894531  +1.535e-05
 10920  +3.2322665776     13239  +3.2321777344  -8.884e-05
 10921  +3.2328589475     13242  +3.2329101562  +5.121e-05
 10922  +3.2334512089     13244  +3.2333984375  -5.277e-05
 10923  +3.2340433619     13247  +3.2341308594  +8.750e-05
 10924  +3.2346354065     13249  +3.2346191406  -1.627e-05
 10925  +3.2352273427     13251  +3.2351074219  -1.199e-04
 10926  +3.2358191706     13254  +3.2358398438  +2.067e-05
 10927  +3.2364108903     13256  +3.2363281250  -8.277e-05
 10928  +3.2370025018     13259  +3.2370605469  +5.805e-05
 10929  +3.2375940053     13261  +3.2375488281  -4.518e-05
 10930  +3.2381854006     13264  +3.2382812500  +9.585e-05
 10931  +3.2387766880     13266  +3.2387695312  -7.157e-06
 10932  +3.2393678675     13268  +3.2392578125  -1.101e-04
 10933  +3.2399589391     13271  +3.2399902344  +3.130e-05
 10934  +3.2405499029     13273  +3.2404785156  -7.139e-05
 10935  +3.2411407589     13276  +3.2412109375  +7.018e-05
 10936  +3.2417315073     13278  +3.2416992188  -3.229e-05
 10937  +3.2423221480     13281  +3.2424316406  +1.095e-04
 10938  +3.2429126811     13283  +3.2429199219  +7.241e-06
 10939  +3.2435031067     13285  +3.2434082031  -9.490e-05
 10940  +3.2440934249     13288  +3.2441406250  +4.720e-05
 10941  +3.2446836357     13290  +3.2446289062  -5.473e-05
 10942  +3.2452737391     13293  +3.2453613281  +8.759e-05
 10943  +3.2458637352     13295  +3.2458496094  -1.413e-05
 10944  +3.2464536241     13297  +3.2463378906  -1.157e-04
 10945  +3.2470434059     13300  +3.2470703125  +2.691e-05
 10946  +3.2476330805     13302  +3.2475585938  -7.449e-05
 10947  +3.2482226481     13305  +3.2482910156  +6.837e-05
 10948  +3.2488121087     13307  +3.2487792969  -3.281e-05
 10949  +3.2494014624     13310  +3.2495117188  +1.103e-04
 10950  +3.2499907092     13312  +3.2500000000  +9.291e-06
 10951  +3.2505798492     13314  +3.2504882812  -9.157e-05
 10952  +3.2511688824     13317  +3.2512207031  +5.182e-05
 10953  +3.2517578090     13319  +3.2517089844  -4.882e-05
 10954  +3.2523466289     13322  +3.2524414062  +9.478e-05
 10955  +3.2529353422     13324  +3.2529296875  -5.655e-06
 10956  +3.2535239489     13326  +3.2534179688  -1.060e-04
 10957  +3.2541124492     13329  +3.2541503906  +3.794e-05
 10958  +3.2547008432     13331  +3.2546386719  -6.217e-05
 10959  +3.2552891307     13334  +3.2553710938  +8.196e-05
 10960  +3.2558773120     13336  +3.2558593750  -1.794e-05
 10961  +3.2564653870     13338  +3.2563476562  -1.177e-04
 10962  +3.2570533558     13341  +3.2570800781  +2.672e-05
 10963  +3.2576412185     13343  +3.2575683594  -7.286e-05
 10964  +3.2582289752     13346  +3.2583007812  +7.181e-05
 10965  +3.2588166258     13348  +3.2587890625  -2.756e-05
 10966  +3.2594041705     13351  +3.2595214844  +1.173e-04
 10967  +3.2599916093     13353  +3.2600097656  +1.816e-05
 10968  +3.2605789423     13355  +3.2604980469  -8.090e-05
 10969  +3.2611661695     13358  +3.2612304688  +6.430e-05
 10970  +3.2617532910     13360  +3.2617187500  -3.454e-05
 10971  +3.2623403068     13363  +3.2624511719  +1.109e-04
 10972  +3.2629272170     13365  +3.2629394531  +1.224e-05
 10973  +3.2635140216     13367  +3.2634277344  -8.629e-05
 10974  +3.2641007208     13370  +3.2641601562  +5.944e-05
 10975  +3.2646873145     13372  +3.2646484375  -3.888e-05
 10976  +3.2652738028     13375  +3.2653808594  +1.071e-04
 10977  +3.2658601858     13377  +3.2658691406  +8.955e-06
 10978  +3.2664464636     13379  +3.2663574219  -8.904e-05
 10979  +3.2670326361     13382  +3.2670898438  +5.721e-05
 10980  +3.2676187035     13384  +3.2675781250  -4.058e-05
 10981  +3.2682046658     13387  +3.2683105469  +1.059e-04
 10982  +3.2687905231     13389  +3.2687988281  +8.305e-06
 10983  +3.2693762753     13391  +3.2692871094  -8.917e-05
 10984  +3.2699619227     13394  +3.2700195312  +5.761e-05
 10985  +3.2705474652     13396  +3.2705078125  -3.965e-05
 10986  +3.2711329028     13399  +3.2712402344  +1.073e-04
 10987  +3.2717182357     13401  +3.2717285156  +1.028e-05
 10988  +3.2723034639     13403  +3.2722167969  -8.667e-05
 10989  +3.2728885875     13406  +3.2729492188  +6.063e-05
 10990  +3.2734736064     13408  +3.2734375000  -3.611e-05
 10991  +3.2740585209     13411  +3.2741699219  +1.114e-04
 10992  +3.2746433308     13413  +3.2746582031  +1.487e-05
 10993  +3.2752280364     13415  +3.2751464844  -8.155e-05
 10994  +3.2758126375     13418  +3.2758789062  +6.627e-05
 10995  +3.2763971344     13420  +3.2763671875  -2.995e-05
 10996  +3.2769815270     13423  +3.2770996094  +1.181e-04
 10997  +3.2775658154     13425  +3.2775878906  +2.208e-05
 10998  +3.2781499997     13427  +3.2780761719  -7.383e-05
 10999  +3.2787340799     13430  +3.2788085938  +7.451e-05
 11000  +3.2793180560     13432  +3.2792968750  -2.118e-05
 11001  +3.2799019282     13434  +3.2797851562  -1.168e-04
 11002  +3.2804856965     13437  +3.2805175781  +3.188e-05
 11003  +3.2810693609     13439  +3.2810058594  -6.350e-05
 11004  +3.2816529214     13442  +3.2817382812  +8.536e-05
 11005  +3.2822363783     13444  +3.2822265625  -9.816e-06
 11006  +3.2828197314     13446  +3.2827148438  -1.049e-04
 11007  +3.2834029809     13449  +3.2834472656  +4.428e-05
 11008  +3.2839861268     13451  +3.2839355469  -5.058e-05
 11009  +3.2845691692     13454  +3.2846679688  +9.880e-05
 11010  +3.2851521081     13456  +3.2851562500  +4.142e-06
 11011  +3.2857349435     13458  +3.2856445312  -9.041e-05
 11012  +3.2863176756     13461  +3.2863769531  +5.928e-05
 11013  +3.2869003044     13463  +3.2868652344  -3.507e-05
 11014  +3.2874828300     13466  +3.2875976562  +1.148e-04
 11015  +3.2880652523     13468  +3.2880859375  +2.069e-05
 11016  +3.2886475715     13470  +3.2885742188  -7.335e-05
 11017  +3.2892297876     13473  +3.2893066406  +7.685e-05
 11018  +3.2898119006     13475  +3.2897949219  -1.698e-05
 11019  +3.2903939107     13477  +3.2902832031  -1.107e-04
 11020  +3.2909758178     13480  +3.2910156250  +3.981e-05
 11021  +3.2915576221     13482  +3.2915039062  -5.372e-05
 11022  +3.2921393236     13485  +3.2922363281  +9.700e-05
 11023  +3.2927209222     13487  +3.2927246094  +3.687e-06
 11024  +3.2933024182     13489  +3.2932128906  -8.953e-05
 11025  +3.2938838115     13492  +3.2939453125  +6.150e-05
 11026  +3.2944651022     13494  +3.2944335938  -3.151e-05
 11027  +3.2950462904     13497  +3.2951660156  +1.197e-04
 11028  +3.2956273761     13499  +3.2956542969  +2.692e-05
 11029  +3.2962083593     13501  +3.2961425781  -6.578e-05
 11030  +3.2967892402     13504  +3.2968750000  +8.576e-05
 11031  +3.2973700187     13506  +3.2973632812  -6.737e-06
 11032  +3.2979506949     13508  +3.2978515625  -9.913e-05
 11033  +3.2985312690     13511  +3.2985839844  +5.272e-05
 11034  +3.2991117408     13513  +3.2990722656  -3.948e-05
 11035  +3.2996921105     13516  +3.2998046875  +1.126e-04
 11036  +3.3002723782     13518  +3.3002929688  +2.059e-05
 11037  +3.3008525439     13520  +3.3007812500  -7.129e-05
 11038  +3.3014326076     13523  +3.3015136719  +8.106e-05
 11039  +3.3020125694     13525  +3.3020019531  -1.062e-05
 11040  +3.3025924294     13527  +3.3024902344  -1.022e-04
 11041  +3.3031721876     13530  +3.3032226562  +5.047e-05
 11042  +3.3037518440     13532  +3.3037109375  -4.091e-05
 11043  +3.3043313988     13535  +3.3044433594  +1.120e-04
 11044  +3.3049108519     13537  +3.3049316406  +2.079e-05
 11045  +3.3054902034     13539  +3.3054199219  -7.028e-05
 11046  +3.3060694534     13542  +3.3061523438  +8.289e-05
 11047  +3.3066486020     13544  +3.3066406250  -7.977e-06
 11048  +3.3072276491     13546  +3.3071289062  -9.874e-05
 11049  +3.3078065949     13549  +3.3078613281  +5.473e-05
 11050  +3.3083854393     13551  +3.3083496094  -3.583e-05
 11051  +3.3089641825     13554  +3.3090820312  +1.178e-04
 11052  +3.3095428245     13556  +3.3095703125  +2.749e-05
 11053  +3.3101213653     13558  +3.3100585938  -6.277e-05
 11054  +3.3106998051     13561  +3.3107910156  +9.121e-05
 11055  +3.3112781438     13563  +3.3112792969  +1.153e-06
 11056  +3.3118563815     13565  +3.3117675781  -8.880e-05
 11057  +3.3124345182     13568  +3.3125000000  +6.548e-05
 11058  +3.3130125541     13570  +3.3129882812  -2.427e-05
 11059  +3.3135904891     13572  +3.3134765625  -1.139e-04
 11060  +3.3141683234     13575  +3.3142089844  +4.066e-05
 11061  +3.3147460569     13577  +3.3146972656  -4.879e-05
 11062  +3.3153236897     13580  +3.3154296875  +1.060e-04
 11063  +3.3159012220     13582  +3.3159179688  +1.675e-05
 11064  +3.3164786536     13584  +3.3164062500  -7.240e-05
 11065  +3.3170559847     13587  +3.3171386719  +8.269e-05
 11066  +3.3176332154     13589  +3.3176269531  -6.262e-06
 11067  +3.3182103457     13591  +3.3181152344  -9.511e-05
 11068  +3.3187873755     13594  +3.3188476562  +6.028e-05
 11069  +3.3193643051     13596  +3.3193359375  -2.837e-05
 11070  +3.3199411344     13598  +3.3198242188  -1.169e-04
 11071  +3.3205178636     13601  +3.3205566406  +3.878e-05
 11072  +3.3210944925     13603  +3.3210449219  -4.957e-05
 11073  +3.3216710214     13606  +3.3217773438  +1.063e-04
 11074  +3.3222474502     13608  +3.3222656250  +1.817e-05
 11075  +3.3228237790     13610  +3.3227539062  -6.987e-05
 11076  +3.3234000079     13613  +3.3234863281  +8.632e-05
 11077  +3.3239761369     13615  +3.3239746094  -1.528e-06
 11078  +3.3245521660     13617  +3.3244628906  -8.928e-05
 11079  +3.3251280954     13620  +3.3251953125  +6.722e-05
 11080  +3.3257039250     13622  +3.3256835938  -2.033e-05
 11081  +3.3262796549     13624  +3.3261718750  -1.078e-04
 11082  +3.3268552852     13627  +3.3269042969  +4.901e-05
 11083  +3.3274308159     13629  +3.3273925781  -3.824e-05
 11084  +3.3280062471     13632  +3.3281250000  +1.188e-04
 11085  +3.3285815788     13634  +3.3286132812  +3.170e-05
 11086  +3.3291568111     13636  +3.3291015625  -5.525e-05
 11087  +3.3297319440     13639  +3.3298339844  +1.020e-04
 11088  +3.3303069776     13641  +3.3303222656  +1.529e-05
 11089  +3.3308819119     13643  +3.3308105469  -7.137e-05
 11090  +3.3314567470     13646  +3.3315429688  +8.622e-05
 11091  +3.3320314829     13648  +3.3320312500  -2.329e-07
 11092  +3.3326061197     13650  +3.3325195312  -8.659e-05
 11093  +3.3331806575     13653  +3.3332519531  +7.130e-05
 11094  +3.3337550962     13655  +3.3337402344  -1.486e-05
 11095  +3.3343294360     13657  +3.3342285156  -1.009e-04
 11096  +3.3349036768     13660  +3.3349609375  +5.726e-05
 11097  +3.3354778188     13662  +3.3354492188  -2.860e-05
 11098  +3.3360518619     13664  +3.3359375000  -1.144e-04
 11099  +3.3366258064     13667  +3.3366699219  +4.412e-05
 11100  +3.3371996521     13669  +3.3371582031  -4.145e-05
 11101  +3.3377733991     13672  +3.3378906250  +1.172e-04
 11102  +3.3383470475     13674  +3.3383789062  +3.186e-05
 11103  +3.3389205974     13676  +3.3388671875  -5.341e-05
 11104  +3.3394940488     13679  +3.3395996094  +1.056e-04
 11105  +3.3400674017     13681  +3.3400878906  +2.049e-05
 11106  +3.3406406562     13683  +3.3405761719  -6.448e-05
 11107  +3.3412138124     13686  +3.3413085938  +9.478e-05
 11108  +3.3417868702     13688  +3.3417968750  +1.000e-05
 11109  +3.3423598298     13690  +3.3422851562  -7.467e-05
 11110  +3.3429326913     13693  +3.3430175781  +8.489e-05
 11111  +3.3435054545     13695  +3.3435058594  +4.049e-07
 11112  +3.3440781197     13697  +3.3439941406  -8.398e-05
 11113  +3.3446506868     13700  +3.3447265625  +7.588e-05
 11114  +3.3452231559     13702  +3.3452148438  -8.312e-06
 11115  +3.3457955270     13704  +3.3457031250  -9.240e-05
 11116  +3.3463678002     13707  +3.3464355469  +6.775e-05
 11117  +3.3469399756     13709  +3.3469238281  -1.615e-05
 11118  +3.3475120532     13711  +3.3474121094  -9.994e-05
 11119  +3.3480840331     13714  +3.3481445312  +6.050e-05
 11120  +3.3486559153     13716  +3.3486328125  -2.310e-05
 11121  +3.3492276998     13718  +3.3491210938  -1.066e-04
 11122  +3.3497993867     13721  +3.3498535156  +5.413e-05
 11123  +3.3503709760     13723  +3.3503417969  -2.918e-05
 11124  +3.3509424679     13725  +3.3508300781  -1.124e-04
 11125  +3.3515138623     13728  +3.3515625000  +4.864e-05
 11126  +3.3520851593     13730  +3.3520507812  -3.438e-05
 11127  +3.3526563589     13732  +3.3525390625  -1.173e-04
 11128  +3.3532274613     13735  +3.3532714844  +4.402e-05
 11129  +3.3537984664     13737  +3.3537597656  -3.870e-05
 11130  +3.3543693743     13739  +3.3542480469  -1.213e-04
 11131  +3.3549401851     13742  +3.3549804688  +4.028e-05
 11132  +3.3555108987     13744  +3.3554687500  -4.215e-05
 11133  +3.3560815153     13747  +3.3562011719  +1.197e-04
 11134  +3.3566520349     13749  +3.3566894531  +3.742e-05
 11135  +3.3572224576     13751  +3.3571777344  -4.472e-05
 11136  +3.3577927833     13754  +3.3579101562  +1.174e-04
 11137  +3.3583630122     13756  +3.3583984375  +3.543e-05
 11138  +3.3589331443     13758  +3.3588867188  -4.643e-05
 11139  +3.3595031796     13761  +3.3596191406  +1.160e-04
 11140  +3.3600731182     13763  +3.3601074219  +3.430e-05
 11141  +3.3606429602     13765  +3.3605957031  -4.726e-05
 11142  +3.3612127055     13768  +3.3613281250  +1.154e-04
 11143  +3.3617823543     13770  +3.3618164062  +3.405e-05
 11144  +3.3623519066     13772  +3.3623046875  -4.722e-05
 11145  +3.3629213625     13775  +3.3630371094  +1.157e-04
 11146  +3.3634907219     13777  +3.3635253906  +3.467e-05
 11147  +3.3640599849     13779  +3.3640136719  -4.631e-05
 11148  +3.3646291517     13782  +3.3647460938  +1.169e-04
 11149  +3.3651982221     13784  +3.3652343750  +3.615e-05
 11150  +3.3657671964     13786  +3.3657226562  -4.454e-05
 11151  +3.3663360745     13789  +3.3664550781  +1.190e-04
 11152  +3.3669048565     13791  +3.3669433594  +3.850e-05
 11153  +3.3674735424     13793  +3.3674316406  -4.190e-05
 11154  +3.3680421322     13796  +3.3681640625  +1.219e-04
 11155  +3.3686106261     13798  +3.3686523438  +4.172e-05
 11156  +3.3691790241     13800  +3.3691406250  -3.840e-05
 11157  +3.3697473262     13802  +3.3696289062  -1.184e-04
 11158  +3.3703155325     13805  +3.3703613281  +4.580e-05
 11159  +3.3708836430     13807  +3.3708496094  -3.403e-05
 11160  +3.3714516578     13809  +3.3713378906  -1.138e-04
 11161  +3.3720195769     13812  +3.3720703125  +5.074e-05
 11162  +3.3725874003     13814  +3.3725585938  -2.881e-05
 11163  +3.3731551282     13816  +3.3730468750  -1.083e-04
 11164  +3.3737227605     13819  +3.3737792969  +5.654e-05
 11165  +3.3742902974     13821  +3.3742675781  -2.272e-05
 11166  +3.3748577388     13823  +3.3747558594  -1.019e-04
 11167  +3.3754250848     13826  +3.3754882812  +6.320e-05
 11168  +3.3759923355     13828  +3.3759765625  -1.577e-05
 11169  +3.3765594909     13830  +3.3764648438  -9.465e-05
 11170  +3.3771265510     13833  +3.3771972656  +7.071e-05
 11171  +3.3776935159     13835  +3.3776855469  -7.969e-06
 11172  +3.3782603857     13837  +3.3781738281  -8.656e-05
 11173  +3.3788271603     13840  +3.3789062500  +7.909e-05
 11174  +3.3793938400     13842  +3.3793945312  +6.913e-07
 11175  +3.3799604246     13844  +3.3798828125  -7.761e-05
 11176  +3.3805269142     13847  +3.3806152344  +8.832e-05
 11177  +3.3810933089     13849  +3.3811035156  +1.021e-05
 11178  +3.3816596088     13851  +3.3815917969  -6.781e-05
 11179  +3.3822258138     13854  +3.3823242188  +9.840e-05
 11180  +3.3827919241     13856  +3.3828125000  +2.058e-05
 11181  +3.3833579397     13858  +3.3833007812  -5.716e-05
 11182  +3.3839238605     13861  +3.3840332031  +1.093e-04
 11183  +3.3844896868     13863  +3.3845214844  +3.180e-05
 11184  +3.3850554185     13865  +3.3850097656  -4.565e-05
 11185  +3.3856210556     13868  +3.3857421875  +1.211e-04
 11186  +3.3861865982     13870  +3.3862304688  +4.387e-05
 11187  +3.3867520465     13872  +3.3867187500  -3.330e-05
 11188  +3.3873174003     13874  +3.3872070312  -1.104e-04
 11189  +3.3878826598     13877  +3.3879394531  +5.679e-05
 11190  +3.3884478249     13879  +3.3884277344  -2.009e-05
 11191  +3.3890128959     13881  +3.3889160156  -9.688e-05
 11192  +3.3895778726     13884  +3.3896484375  +7.056e-05
 11193  +3.3901427552     13886  +3.3901367188  -6.036e-06
 11194  +3.3907075436     13888  +3.3906250000  -8.254e-05
 11195  +3.3912722381     13891  +3.3913574219  +8.518e-05
 11196  +3.3918368384     13893  +3.3918457031  +8.865e-06
 11197  +3.3924013449     13895  +3.3923339844  -6.736e-05
 11198  +3.3929657574     13898  +3.3930664062  +1.006e-04
 11199  +3.3935300760     13900  +3.3935546875  +2.461e-05
 11200  +3.3940943008     13902  +3.3940429688  -5.133e-05
 11201  +3.3946584318     13905  +3.3947753906  +1.170e-04
 11202  +3.3952224691     13907  +3.3952636719  +4.120e-05
 11203  +3.3957864128     13909  +3.3957519531  -3.446e-05
 11204  +3.3963502627     13911  +3.3962402344  -1.100e-04
 11205  +3.3969140191     13914  +3.3969726562  +5.864e-05
 11206  +3.3974776819     13916  +3.3974609375  -1.674e-05
 11207  +3.3980412513     13918  +3.3979492188  -9.203e-05
 11208  +3.3986047271     13921  +3.3986816406  +7.691e-05
 11209  +3.3991681096     13923  +3.3991699219  +1.812e-06
 11210  +3.3997313987     13925  +3.3996582031  -7.320e-05
 11211  +3.4002945945     13928  +3.4003906250  +9.603e-05
 11212  +3.4008576970     13930  +3.4008789062  +2.121e-05
 11213  +3.4014207063     13932  +3.4013671875  -5.352e-05
 11214  +3.4019836225     13935  +3.4020996094  +1.160e-04
 11215  +3.4025464455     13937  +3.4025878906  +4.145e-05
 11216  +3.4031091754     13939  +3.4030761719  -3.300e-05
 11217  +3.4036718123     13941  +3.4035644531  -1.074e-04
 11218  +3.4042343562     13944  +3.4042968750  +6.252e-05
 11219  +3.4047968071     13946  +3.4047851562  -1.165e-05
 11220  +3.4053591652     13948  +3.4052734375  -8.573e-05
 11221  +3.4059214304     13951  +3.4060058594  +8.443e-05
 11222  +3.4064836028     13953  +3.4064941406  +1.054e-05
 11223  +3.4070456824     13955  +3.4069824219  -6.326e-05
 11224  +3.4076076693     13958  +3.4077148438  +1.072e-04
 11225  +3.4081695636     13960  +3.4082031250  +3.356e-05
 11226  +3.4087313652     13962  +3.4086914062  -3.996e-05
 11227  +3.4092930743     13964  +3.4091796875  -1.134e-04
 11228  +3.4098546908     13967  +3.4099121094  +5.742e-05
 11229  +3.4104162148     13969  +3.4104003906  -1.582e-05
 11230  +3.4109776464     13971  +3.4108886719  -8.897e-05
 11231  +3.4115389856     13974  +3.4116210938  +8.211e-05
 11232  +3.4121002325     13976  +3.4121093750  +9.143e-06
 11233  +3.4126613870     13978  +3.4125976562  -6.373e-05
 11234  +3.4132224493     13981  +3.4133300781  +1.076e-04
 11235  +3.4137834194     13983  +3.4138183594  +3.494e-05
 11236  +3.4143442973     13985  +3.4143066406  -3.766e-05
 11237  +3.4149050831     13987  +3.4147949219  -1.102e-04
 11238  +3.4154657768     13990  +3.4155273438  +6.157e-05
 11239  +3.4160263785     13992  +3.4160156250  -1.075e-05
 11240  +3.4165868882     13994  +3.4165039062  -8.298e-05
 11241  +3.4171473060     13997  +3.4172363281  +8.902e-05
 11242  +3.4177076319     13999  +3.4177246094  +1.698e-05
 11243  +3.4182678659     14001  +3.4182128906  -5.498e-05
 11244  +3.4188280081     14004  +3.4189453125  +1.173e-04
 11245  +3.4193880586     14006  +3.4194335938  +4.554e-05
 11246  +3.4199480173     14008  +3.4199218750  -2.614e-05
 11247  +3.4205078844     14010  +3.4204101562  -9.773e-05
 11248  +3.4210676599     14013  +3.4211425781  +7.492e-05
 11249  +3.4216273437     14015  +3.4216308594  +3.516e-06
 11250  +3.4221869361     14017  +3.4221191406  -6.780e-05
 11251  +3.4227464369     14020  +3.4228515625  +1.051e-04
 11252  +3.4233058463     14022  +3.4233398438  +3.400e-05
 11253  +3.4238651643     14024  +3.4238281250  -3.704e-05
 11254  +3.4244243910     14026  +3.4243164062  -1.080e-04
 11255  +3.4249835263     14029  +3.4250488281  +6.530e-05
 11256  +3.4255425704     14031  +3.4255371094  -5.461e-06
 11257  +3.4261015233     14033  +3.4260253906  -7.613e-05
 11258  +3.4266603850     14036  +3.4267578125  +9.743e-05
 11259  +3.4272191555     14038  +3.4272460938  +2.694e-05
 11260  +3.4277778350     14040  +3.4277343750  -4.346e-05
 11261  +3.4283364234     14042  +3.4282226562  -1.138e-04
 11262  +3.4288949208     14045  +3.4289550781  +6.016e-05
 11263  +3.4294533273     14047  +3.4294433594  -9.968e-06
 11264  +3.4300116429     14049  +3.4299316406  -8.000e-05
 11265  +3.4305698676     14052  +3.4306640625  +9.419e-05
 11266  +3.4311280014     14054  +3.4311523438  +2.434e-05
 11267  +3.4316860445     14056  +3.4316406250  -4.542e-05
 11268  +3.4322439969     14058  +3.4321289062  -1.151e-04
 11269  +3.4328018586     14061  +3.4328613281  +5.947e-05
 11270  +3.4333596296     14063  +3.4333496094  -1.002e-05
 11271  +3.4339173101     14065  +3.4338378906  -7.942e-05
 11272  +3.4344749000     14068  +3.4345703125  +9.541e-05
 11273  +3.4350323994     14070  +3.4350585938  +2.619e-05
 11274  +3.4355898083     14072  +3.4355468750  -4.293e-05
 11275  +3.4361471268     14074  +3.4360351562  -1.120e-04
 11276  +3.4367043549     14077  +3.4367675781  +6.322e-05
 11277  +3.4372614926     14079  +3.4372558594  -5.633e-06
 11278  +3.4378185401     14081  +3.4377441406  -7.440e-05
 11279  +3.4383754974     14084  +3.4384765625  +1.011e-04
 11280  +3.4389323644     14086  +3.4389648438  +3.248e-05
 11281  +3.4394891413     14088  +3.4394531250  -3.602e-05
 11282  +3.4400458281     14090  +3.4399414062  -1.044e-04
 11283  +3.4406024247     14093  +3.4406738281  +7.140e-05
 11284  +3.4411589314     14095  +3.4411621094  +3.178e-06
 11285  +3.4417153481     14097  +3.4416503906  -6.496e-05
 11286  +3.4422716748     14100  +3.4423828125  +1.111e-04
 11287  +3.4428279117     14102  +3.4428710938  +4.318e-05
 11288  +3.4433840587     14104  +3.4433593750  -2.468e-05
 11289  +3.4439401158     14106  +3.4438476562  -9.246e-05
 11290  +3.4444960832     14109  +3.4445800781  +8.399e-05
 11291  +3.4450519609     14111  +3.4450683594  +1.640e-05
 11292  +3.4456077489     14113  +3.4455566406  -5.111e-05
 11293  +3.4461634473     14115  +3.4460449219  -1.185e-04
 11294  +3.4467190561     14118  +3.4467773438  +5.829e-05
 11295  +3.4472745753     14120  +3.4472656250  -8.950e-06
 11296  +3.4478300051     14122  +3.4477539062  -7.610e-05
 11297  +3.4483853453     14125  +3.4484863281  +1.010e-04
 11298  +3.4489405962     14127  +3.4489746094  +3.401e-05
 11299  +3.4494957576     14129  +3.4494628906  -3.287e-05
 11300  +3.4500508298     14131  +3.4499511719  -9.966e-05
 11301  +3.4506058126     14134  +3.4506835938  +7.778e-05
 11302  +3.4511607062     14136  +3.4511718750  +1.117e-05
 11303  +3.4517155106     14138  +3.4516601562  -5.535e-05
 11304  +3.4522702258     14140  +3.4521484375  -1.218e-04
 11305  +3.4528248520     14143  +3.4528808594  +5.601e-05
 11306  +3.4533793890     14145  +3.4533691406  -1.025e-05
 11307  +3.4539338370     14147  +3.4538574219  -7.642e-05
 11308  +3.4544881960     14150  +3.4545898438  +1.016e-04
 11309  +3.4550424661     14152  +3.4550781250  +3.566e-05
 11310  +3.4555966473     14154  +3.4555664062  -3.024e-05
 11311  +3.4561507396     14156  +3.4560546875  -9.605e-05
 11312  +3.4567047431     14159  +3.4567871094  +8.237e-05
 11313  +3.4572586578     14161  +3.4572753906  +1.673e-05
 11314  +3.4578124837     14163  +3.4577636719  -4.881e-05
 11315  +3.4583662210     14165  +3.4582519531  -1.143e-04
 11316  +3.4589198697     14168  +3.4589843750  +6.451e-05
 11317  +3.4594734297     14170  +3.4594726562  -7.735e-07
 11318  +3.4600269012     14172  +3.4599609375  -6.596e-05
 11319  +3.4605802841     14175  +3.4606933594  +1.131e-04
 11320  +3.4611335786     14177  +3.4611816406  +4.806e-05
 11321  +3.4616867847     14179  +3.4616699219  -1.686e-05
 11322  +3.4622399023     14181  +3.4621582031  -8.170e-05
 11323  +3.4627929316     14184  +3.4628906250  +9.769e-05
 11324  +3.4633458726     14186  +3.4633789062  +3.303e-05
 11325  +3.4638987253     14188  +3.4638671875  -3.154e-05
 11326  +3.4644514898     14190  +3.4643554688  -9.602e-05
 11327  +3.4650041661     14193  +3.4650878906  +8.372e-05
 11328  +3.4655567543     14195  +3.4655761719  +1.942e-05
 11329  +3.4661092544     14197  +3.4660644531  -4.480e-05
 11330  +3.4666616664     14199  +3.4665527344  -1.089e-04
 11331  +3.4672139905     14202  +3.4672851562  +7.117e-05
 11332  +3.4677662265     14204  +3.4677734375  +7.211e-06
 11333  +3.4683183746     14206  +3.4682617188  -5.666e-05
 11334  +3.4688704348     14208  +3.4687500000  -1.204e-04
 11335  +3.4694224072     14211  +3.4694824219  +6.001e-05
 11336  +3.4699742918     14213  +3.4699707031  -3.589e-06
 11337  +3.4705260886     14215  +3.4704589844  -6.710e-05
 11338  +3.4710777977     14218  +3.4711914062  +1.136e-04
 11339  +3.4716294192     14220  +3.4716796875  +5.027e-05
 11340  +3.4721809530     14222  +3.4721679688  -1.298e-05
 11341  +3.4727323992     14224  +3.4726562500  -7.615e-05
 11342  +3.4732837578     14227  +3.4733886719  +1.049e-04
 11343  +3.4738350289     14229  +3.4738769531  +4.192e-05
 11344  +3.4743862126     14231  +3.4743652344  -2.098e-05
 11345  +3.4749373088     14233  +3.4748535156  -8.379e-05
 11346  +3.4754883177     14236  +3.4755859375  +9.762e-05
 11347  +3.4760392392     14238  +3.4760742188  +3.498e-05
 11348  +3.4765900734     14240  +3.4765625000  -2.757e-05
 11349  +3.4771408203     14242  +3.4770507812  -9.004e-05
 11350  +3.4776914801     14245  +3.4777832031  +9.172e-05
 11351  +3.4782420526     14247  +3.4782714844  +2.943e-05
 11352  +3.4787925380     14249  +3.4787597656  -3.277e-05
 11353  +3.4793429364     14251  +3.4792480469  -9.489e-05
 11354  +3.4798932476     14254  +3.4799804688  +8.722e-05
 11355  +3.4804434719     14256  +3.4804687500  +2.528e-05
 11356  +3.4809936091     14258  +3.4809570312  -3.658e-05
 11357  +3.4815436595     14260  +3.4814453125  -9.835e-05
 11358  +3.4820936230     14263  +3.4821777344  +8.411e-05
 11359  +3.4826434996     14265  +3.4826660156  +2.252e-05
 11360  +3.4831932894     14267  +3.4831542969  -3.899e-05
 11361  +3.4837429924     14269  +3.4836425781  -1.004e-04
 11362  +3.4842926087     14272  +3.4843750000  +8.239e-05
 11363  +3.4848421384     14274  +3.4848632812  +2.114e-05
 11364  +3.4853915813     14276  +3.4853515625  -4.002e-05
 11365  +3.4859409377     14278  +3.4858398438  -1.011e-04
 11366  +3.4864902076     14281  +3.4865722656  +8.206e-05
 11367  +3.4870393909     14283  +3.4870605469  +2.116e-05
 11368  +3.4875884877     14285  +3.4875488281  -3.966e-05
 11369  +3.4881374981     14287  +3.4880371094  -1.004e-04
 11370  +3.4886864221     14290  +3.4887695312  +8.311e-05
 11371  +3.4892352597     14292  +3.4892578125  +2.255e-05
 11372  +3.4897840110     14294  +3.4897460938  -3.792e-05
 11373  +3.4903326761     14296  +3.4902343750  -9.830e-05
 11374  +3.4908812549     14299  +3.4909667969  +8.554e-05
 11375  +3.4914297475     14301  +3.4914550781  +2.533e-05
 11376  +3.4919781540     14303  +3.4919433594  -3.479e-05
 11377  +3.4925264743     14305  +3.4924316406  -9.483e-05
 11378  +3.4930747086     14308  +3.4931640625  +8.935e-05
 11379  +3.4936228569     14310  +3.4936523438  +2.949e-05
 11380  +3.4941709191     14312  +3.4941406250  -3.029e-05
 11381  +3.4947188954     14314  +3.4946289062  -8.999e-05
 11382  +3.4952667858     14317  +3.4953613281  +9.454e-05
 11383  +3.4958145904     14319  +3.4958496094  +3.502e-05
 11384  +3.4963623091     14321  +3.4963378906  -2.442e-05
 11385  +3.4969099420     14323  +3.4968261719  -8.377e-05
 11386  +3.4974574892     14326  +3.4975585938  +1.011e-04
 11387  +3.4980049506     14328  +3.4980468750  +4.192e-05
 11388  +3.4985523264     14330  +3.4985351562  -1.717e-05
 11389  +3.4990996166     14332  +3.4990234375  -7.618e-05
 11390  +3.4996468211     14335  +3.4997558594  +1.090e-04
 11391  +3.5001939402     14337  +3.5002441406  +5.020e-05
 11392  +3.5007409737     14339  +3.5007324219  -8.552e-06
 11393  +3.5012879217     14341  +3.5012207031  -6.722e-05
 11394  +3.5018347843     14344  +3.5019531250  +1.183e-04
 11395  +3.5023815616     14346  +3.5024414062  +5.984e-05
 11396  +3.5029282535     14348  +3.5029296875  +1.434e-06
 11397  +3.5034748601     14350  +3.5034179688  -5.689e-05
 11398  +3.5040213814     14352  +3.5039062500  -1.151e-04
 11399  +3.5045678175     14355  +3.5046386719  +7.085e-05
 11400  +3.5051141683     14357  +3.5051269531  +1.278e-05
 11401  +3.5056604341     14359  +3.5056152344  -4.520e-05
 11402  +3.5062066147     14361  +3.5061035156  -1.031e-04
 11403  +3.5067527103     14364  +3.5068359375  +8.323e-05
 11404  +3.5072987209     14366  +3.5073242188  +2.550e-05
 11405  +3.5078446464     14368  +3.5078125000  -3.215e-05
 11406  +3.5083904870     14370  +3.5083007812  -8.971e-05
 11407  +3.5089362427     14373  +3.5090332031  +9.696e-05
 11408  +3.5094819136     14375  +3.5095214844  +3.957e-05
 11409  +3.5100274996     14377  +3.5100097656  -1.773e-05
 11410  +3.5105730008     14379  +3.5104980469  -7.495e-05
 11411  +3.5111184172     14382  +3.5112304688  +1.121e-04
 11412  +3.5116637490     14384  +3.5117187500  +5.500e-05
 11413  +3.5122089960     14386  +3.5122070312  -1.965e-06
 11414  +3.5127541585     14388  +3.5126953125  -5.885e-05
 11415  +3.5132992363     14390  +3.5131835938  -1.156e-04
 11416  +3.5138442296     14393  +3.5139160156  +7.179e-05
 11417  +3.5143891384     14395  +3.5144042969  +1.516e-05
 11418  +3.5149339627     14397  +3.5148925781  -4.138e-05
 11419  +3.5154787026     14399  +3.5153808594  -9.784e-05
 11420  +3.5160233580     14402  +3.5161132812  +8.992e-05
 11421  +3.5165679291     14404  +3.5166015625  +3.363e-05
 11422  +3.5171124159     14406  +3.5170898438  -2.257e-05
 11423  +3.5176568184     14408  +3.5175781250  -7.869e-05
 11424  +3.5182011367     14411  +3.5183105469  +1.094e-04
 11425  +3.5187453708     14413  +3.5187988281  +5.346e-05
 11426  +3.5192895207     14415  +3.5192871094  -2.411e-06
 11427  +3.5198335865     14417  +3.5197753906  -5.820e-05
 11428  +3.5203775682     14419  +3.5202636719  -1.139e-04
 11429  +3.5209214658     14422  +3.5209960938  +7.463e-05
 11430  +3.5214652795     14424  +3.5214843750  +1.910e-05
 11431  +3.5220090092     14426  +3.5219726562  -3.635e-05
 11432  +3.5225526549     14428  +3.5224609375  -9.172e-05
 11433  +3.5230962168     14431  +3.5231933594  +9.714e-05
 11434  +3.5236396948     14433  +3.5236816406  +4.195e-05
 11435  +3.5241830890     14435  +3.5241699219  -1.317e-05
 11436  +3.5247263995     14437  +3.5246582031  -6.820e-05
 11437  +3.5252696262     14440  +3.5253906250  +1.210e-04
 11438  +3.5258127692     14442  +3.5258789062  +6.614e-05
 11439  +3.5263558285     14444  +3.5263671875  +1.136e-05
 11440  +3.5268988042     14446  +3.5268554688  -4.334e-05
 11441  +3.5274416964     14448  +3.5273437500  -9.795e-05
 11442  +3.5279845050     14451  +3.5280761719  +9.167e-05
 11443  +3.5285272301     14453  +3.5285644531  +3.722e-05
 11444  +3.5290698717     14455  +3.5290527344  -1.714e-05
 11445  +3.5296124299     14457  +3.5295410156  -7.141e-05
 11446  +3.5301549048     14460  +3.5302734375  +1.185e-04
 11447  +3.5306972962     14462  +3.5307617188  +6.442e-05
 11448  +3.5312396044     14464  +3.5312500000  +1.040e-05
 11449  +3.5317818293     14466  +3.5317382812  -4.355e-05
 11450  +3.5323239709     14468  +3.5322265625  -9.741e-05
 11451  +3.5328660294     14471  +3.5329589844  +9.295e-05
 11452  +3.5334080047     14473  +3.5334472656  +3.926e-05
 11453  +3.5339498969     14475  +3.5339355469  -1.435e-05
 11454  +3.5344917060     14477  +3.5344238281  -6.788e-05
 11455  +3.5350334321     14479  +3.5349121094  -1.213e-04
 11456  +3.5355750752     14482  +3.5356445312  +6.946e-05
 11457  +3.5361166353     14484  +3.5361328125  +1.618e-05
 11458  +3.5366581124     14486  +3.5366210938  -3.702e-05
 11459  +3.5371995067     14488  +3.5371093750  -9.013e-05
 11460  +3.5377408181     14491  +3.5378417969  +1.010e-04
 11461  +3.5382820467     14493  +3.5383300781  +4.803e-05
 11462  +3.5388231926     14495  +3.5388183594  -4.833e-06
 11463  +3.5393642557     14497  +3.5393066406  -5.762e-05
 11464  +3.5399052361     14499  +3.5397949219  -1.103e-04
 11465  +3.5404461338     14502  +3.5405273438  +8.121e-05
 11466  +3.5409869489     14504  +3.5410156250  +2.868e-05
 11467  +3.5415276815     14506  +3.5415039062  -2.378e-05
 11468  +3.5420683315     14508  +3.5419921875  -7.614e-05
 11469  +3.5426088989     14511  +3.5427246094  +1.157e-04
 11470  +3.5431493839     14513  +3.5432128906  +6.351e-05
 11471  +3.5436897865     14515  +3.5437011719  +1.139e-05
 11472  +3.5442301066     14517  +3.5441894531  -4.065e-05
 11473  +3.5447703445     14519  +3.5446777344  -9.261e-05
 11474  +3.5453104999     14522  +3.5454101562  +9.966e-05
 11475  +3.5458505731     14524  +3.5458984375  +4.786e-05
 11476  +3.5463905641     14526  +3.5463867188  -3.845e-06
 11477  +3.5469304728     14528  +3.5468750000  -5.547e-05
 11478  +3.5474702994     14530  +3.5473632812  -1.070e-04
 11479  +3.5480100438     14533  +3.5480957031  +8.566e-05
 11480  +3.5485497062     14535  +3.5485839844  +3.428e-05
 11481  +3.5490892865     14537  +3.5490722656  -1.702e-05
 11482  +3.5496287847     14539  +3.5495605469  -6.824e-05
 11483  +3.5501682010     14541  +3.5500488281  -1.194e-04
 11484  +3.5507075353     14544  +3.5507812500  +7.371e-05
 11485  +3.5512467878     14546  +3.5512695312  +2.274e-05
 11486  +3.5517859583     14548  +3.5517578125  -2.815e-05
 11487  +3.5523250470     14550  +3.5522460938  -7.895e-05
 11488  +3.5528640539     14553  +3.5529785156  +1.145e-04
 11489  +3.5534029791     14555  +3.5534667969  +6.382e-05
 11490  +3.5539418225     14557  +3.5539550781  +1.326e-05
 11491  +3.5544805843     14559  +3.5544433594  -3.722e-05
 11492  +3.5550192644     14561  +3.5549316406  -8.762e-05
 11493  +3.5555578628     14564  +3.5556640625  +1.062e-04
 11494  +3.5560963797     14566  +3.5561523438  +5.596e-05
 11495  +3.5566348151     14568  +3.5566406250  +5.810e-06
 11496  +3.5571731690     14570  +3.5571289062  -4.426e-05
 11497  +3.5577114414     14572  +3.5576171875  -9.425e-05
 11498  +3.5582496324     14575  +3.5583496094  +9.998e-05
 11499  +3.5587877420     14577  +3.5588378906  +5.015e-05
 11500  +3.5593257702     14579  +3.5593261719  +4.017e-07
 11501  +3.5598637171     14581  +3.5598144531  -4.926e-05
 11502  +3.5604015827     14583  +3.5603027344  -9.885e-05
 11503  +3.5609393671     14586  +3.5610351562  +9.579e-05
 11504  +3.5614770703     14588  +3.5615234375  +4.637e-05
 11505  +3.5620146924     14590  +3.5620117188  -2.974e-06
 11506  +3.5625522332     14592  +3.5625000000  -5.223e-05
 11507  +3.5630896930     14594  +3.5629882812  -1.014e-04
 11508  +3.5636270718     14597  +3.5637207031  +9.363e-05
 11509  +3.5641643695     14599  +3.5642089844  +4.461e-05
 11510  +3.5647015862     14601  +3.5646972656  -4.321e-06
 11511  +3.5652387220     14603  +3.5651855469  -5.318e-05
 11512  +3.5657757769     14605  +3.5656738281  -1.019e-04
 11513  +3.5663127509     14608  +3.5664062500  +9.350e-05
 11514  +3.5668496440     14610  +3.5668945312  +4.489e-05
 11515  +3.5673864564     14612  +3.5673828125  -3.644e-06
 11516  +3.5679231880     14614  +3.5678710938  -5.209e-05
 11517  +3.5684598388     14616  +3.5683593750  -1.005e-04
 11518  +3.5689964090     14619  +3.5690917969  +9.539e-05
 11519  +3.5695328985     14621  +3.5695800781  +4.718e-05
 11520  +3.5700693074     14623  +3.5700683594  -9.480e-07
 11521  +3.5706056357     14625  +3.5705566406  -4.900e-05
 11522  +3.5711418834     14627  +3.5710449219  -9.696e-05
 11523  +3.5716780507     14630  +3.5717773438  +9.929e-05
 11524  +3.5722141374     14632  +3.5722656250  +5.149e-05
 11525  +3.5727501437     14634  +3.5727539062  +3.763e-06
 11526  +3.5732860697     14636  +3.5732421875  -4.388e-05
 11527  +3.5738219152     14638  +3.5737304688  -9.145e-05
 11528  +3.5743576804     14641  +3.5744628906  +1.052e-04
 11529  +3.5748933654     14643  +3.5749511719  +5.781e-05
 11530  +3.5754289700     14645  +3.5754394531  +1.048e-05
 11531  +3.5759644945     14647  +3.5759277344  -3.676e-05
 11532  +3.5764999388     14649  +3.5764160156  -8.392e-05
 11533  +3.5770353029     14652  +3.5771484375  +1.131e-04
 11534  +3.5775705869     14654  +3.5776367188  +6.613e-05
 11535  +3.5781057908     14656  +3.5781250000  +1.921e-05
 11536  +3.5786409147     14658  +3.5786132812  -2.763e-05
 11537  +3.5791759585     14660  +3.5791015625  -7.440e-05
 11538  +3.5797109224     14662  +3.5795898438  -1.211e-04
 11539  +3.5802458064     14665  +3.5803222656  +7.646e-05
 11540  +3.5807806105     14667  +3.5808105469  +2.994e-05
 11541  +3.5813153347     14669  +3.5812988281  -1.651e-05
 11542  +3.5818499791     14671  +3.5817871094  -6.287e-05
 11543  +3.5823845436     14673  +3.5822753906  -1.092e-04
 11544  +3.5829190285     14676  +3.5830078125  +8.878e-05
 11545  +3.5834534336     14678  +3.5834960938  +4.266e-05
 11546  +3.5839877590     14680  +3.5839843750  -3.384e-06
 11547  +3.5845220048     14682  +3.5844726562  -4.935e-05
 11548  +3.5850561709     14684  +3.5849609375  -9.523e-05
 11549  +3.5855902575     14687  +3.5856933594  +1.031e-04
 11550  +3.5861242646     14689  +3.5861816406  +5.738e-05
 11551  +3.5866581921     14691  +3.5866699219  +1.173e-05
 11552  +3.5871920402     14693  +3.5871582031  -3.384e-05
 11553  +3.5877258088     14695  +3.5876464844  -7.932e-05
 11554  +3.5882594980     14698  +3.5883789062  +1.194e-04
 11555  +3.5887931079     14700  +3.5888671875  +7.408e-05
 11556  +3.5893266384     14702  +3.5893554688  +2.883e-05
 11557  +3.5898600896     14704  +3.5898437500  -1.634e-05
 11558  +3.5903934616     14706  +3.5903320312  -6.143e-05
 11559  +3.5909267544     14708  +3.5908203125  -1.064e-04
 11560  +3.5914599680     14711  +3.5915527344  +9.277e-05
 11561  +3.5919931024     14713  +3.5920410156  +4.791e-05
 11562  +3.5925261577     14715  +3.5925292969  +3.139e-06
 11563  +3.5930591339     14717  +3.5930175781  -4.156e-05
 11564  +3.5935920310     14719  +3.5935058594  -8.617e-05
 11565  +3.5941248492     14722  +3.5942382812  +1.134e-04
 11566  +3.5946575884     14724  +3.5947265625  +6.897e-05
 11567  +3.5951902486     14726  +3.5952148438  +2.460e-05
 11568  +3.5957228299     14728  +3.5957031250  -1.970e-05
 11569  +3.5962553324     14730  +3.5961914062  -6.393e-05
 11570  +3.5967877560     14732  +3.5966796875  -1.081e-04
 11571  +3.5973201008     14735  +3.5974121094  +9.201e-05
 11572  +3.5978523669     14737  +3.5979003906  +4.802e-05
 11573  +3.5983845542     14739  +3.5983886719  +4.118e-06
 11574  +3.5989166628     14741  +3.5988769531  -3.971e-05
 11575  +3.5994486928     14743  +3.5993652344  -8.346e-05
 11576  +3.5999806441     14746  +3.6000976562  +1.170e-04
 11577  +3.6005125169     14748  +3.6005859375  +7.342e-05
 11578  +3.6010443111     14750  +3.6010742188  +2.991e-05
 11579  +3.6015760267     14752  +3.6015625000  -1.353e-05
 11580  +3.6021076639     14754  +3.6020507812  -5.688e-05
 11581  +3.6026392226     14756  +3.6025390625  -1.002e-04
 11582  +3.6031707029     14759  +3.6032714844  +1.008e-04
 11583  +3.6037021049     14761  +3.6037597656  +5.766e-05
 11584  +3.6042334284     14763  +3.6042480469  +1.462e-05
 11585  +3.6047646737     14765  +3.6047363281  -2.835e-05
 11586  +3.6052958407     14767  +3.6052246094  -7.123e-05
 11587  +3.6058269294     14769  +3.6057128906  -1.140e-04
 11588  +3.6063579399     14772  +3.6064453125  +8.737e-05
 11589  +3.6068888723     14774  +3.6069335938  +4.472e-05
 11590  +3.6074197265     14776  +3.6074218750  +2.149e-06
 11591  +3.6079505026     14778  +3.6079101562  -4.035e-05
 11592  +3.6084812006     14780  +3.6083984375  -8.276e-05
 11593  +3.6090118206     14783  +3.6091308594  +1.190e-04
 11594  +3.6095423626     14785  +3.6096191406  +7.678e-05
 11595  +3.6100728266     14787  +3.6101074219  +3.460e-05
 11596  +3.6106032127     14789  +3.6105957031  -7.510e-06
 11597  +3.6111335208     14791  +3.6110839844  -4.954e-05
 11598  +3.6116637511     14793  +3.6115722656  -9.149e-05
 11599  +3.6121939036     14796  +3.6123046875  +1.108e-04
 11600  +3.6127239783     14798  +3.6127929688  +6.899e-05
 11601  +3.6132539752     14800  +3.6132812500  +2.727e-05
 11602  +3.6137838944     14802  +3.6137695312  -1.436e-05
 11603  +3.6143137359     14804  +3.6142578125  -5.592e-05
 11604  +3.6148434997     14806  +3.6147460938  -9.741e-05
 11605  +3.6153731860     14809  +3.6154785156  +1.053e-04
 11606  +3.6159027946     14811  +3.6159667969  +6.400e-05
 11607  +3.6164323256     14813  +3.6164550781  +2.275e-05
 11608  +3.6169617792     14815  +3.6169433594  -1.842e-05
 11609  +3.6174911552     14817  +3.6174316406  -5.951e-05
 11610  +3.6180204538     14819  +3.6179199219  -1.005e-04
 11611  +3.6185496749     14822  +3.6186523438  +1.027e-04
 11612  +3.6190788187     14824  +3.6191406250  +6.181e-05
 11613  +3.6196078851     14826  +3.6196289062  +2.102e-05
 11614  +3.6201368742     14828  +3.6201171875  -1.969e-05
 11615  +3.6206657860     14830  +3.6206054688  -6.032e-05
 11616  +3.6211946206     14832  +3.6210937500  -1.009e-04
 11617  +3.6217233779     14835  +3.6218261719  +1.028e-04
 11618  +3.6222520581     14837  +3.6223144531  +6.240e-05
 11619  +3.6227806611     14839  +3.6228027344  +2.207e-05
 11620  +3.6233091870     14841  +3.6232910156  -1.817e-05
 11621  +3.6238376358     14843  +3.6237792969  -5.834e-05
 11622  +3.6243660075     14845  +3.6242675781  -9.843e-05
 11623  +3.6248943023     14848  +3.6250000000  +1.057e-04
 11624  +3.6254225200     14850  +3.6254882812  +6.576e-05
 11625  +3.6259506608     14852  +3.6259765625  +2.590e-05
 11626  +3.6264787247     14854  +3.6264648438  -1.388e-05
 11627  +3.6270067117     14856  +3.6269531250  -5.359e-05
 11628  +3.6275346219     14858  +3.6274414062  -9.322e-05
 11629  +3.6280624552     14861  +3.6281738281  +1.114e-04
 11630  +3.6285902118     14863  +3.6286621094  +7.190e-05
 11631  +3.6291178916     14865  +3.6291503906  +3.250e-05
 11632  +3.6296454947     14867  +3.6296386719  -6.823e-06
 11633  +3.6301730211     14869  +3.6301269531  -4.607e-05
 11634  +3.6307004709     14871  +3.6306152344  -8.524e-05
 11635  +3.6312278440     14874  +3.6313476562  +1.198e-04
 11636  +3.6317551406     14876  +3.6318359375  +8.080e-05
 11637  +3.6322823606     14878  +3.6323242188  +4.186e-05
 11638  +3.6328095041     14880  +3.6328125000  +2.996e-06
 11639  +3.6333365712     14882  +3.6333007812  -3.579e-05
 11640  +3.6338635618     14884  +3.6337890625  -7.450e-05
 11641  +3.6343904759     14886  +3.6342773438  -1.131e-04
 11642  +3.6349173137     14889  +3.6350097656  +9.245e-05
 11643  +3.6354440752     14891  +3.6354980469  +5.397e-05
 11644  +3.6359707603     14893  +3.6359863281  +1.557e-05
 11645  +3.6364973691     14895  +3.6364746094  -2.276e-05
 11646  +3.6370239017     14897  +3.6369628906  -6.101e-05
 11647  +3.6375503581     14899  +3.6374511719  -9.919e-05
 11648  +3.6380767383     14902  +3.6381835938  +1.069e-04
 11649  +3.6386030424     14904  +3.6386718750  +6.883e-05
 11650  +3.6391292703     14906  +3.6391601562  +3.089e-05
 11651  +3.6396554222     14908  +3.6396484375  -6.985e-06
 11652  +3.6401814980     14910  +3.6401367188  -4.478e-05
 11653  +3.6407074978     14912  +3.6406250000  -8.250e-05
 11654  +3.6412334216     14914  +3.6411132812  -1.201e-04
 11655  +3.6417592694     14917  +3.6418457031  +8.643e-05
 11656  +3.6422850413     14919  +3.6423339844  +4.894e-05
 11657  +3.6428107374     14921  +3.6428222656  +1.153e-05
 11658  +3.6433363576     14923  +3.6433105469  -2.581e-05
 11659  +3.6438619020     14925  +3.6437988281  -6.307e-05
 11660  +3.6443873705     14927  +3.6442871094  -1.003e-04
 11661  +3.6449127634     14930  +3.6450195312  +1.068e-04
 11662  +3.6454380805     14932  +3.6455078125  +6.973e-05
 11663  +3.6459633219     14934  +3.6459960938  +3.277e-05
 11664  +3.6464884877     14936  +3.6464843750  -4.113e-06
 11665  +3.6470135778     14938  +3.6469726562  -4.092e-05
 11666  +3.6475385924     14940  +3.6474609375  -7.765e-05
 11667  +3.6480635314     14942  +3.6479492188  -1.143e-04
 11668  +3.6485883948     14945  +3.6486816406  +9.325e-05
 11669  +3.6491131828     14947  +3.6491699219  +5.674e-05
 11670  +3.6496378953     14949  +3.6496582031  +2.031e-05
 11671  +3.6501625324     14951  +3.6501464844  -1.605e-05
 11672  +3.6506870941     14953  +3.6506347656  -5.233e-05
 11673  +3.6512115805     14955  +3.6511230469  -8.853e-05
 11674  +3.6517359915     14958  +3.6518554688  +1.195e-04
 11675  +3.6522603272     14960  +3.6523437500  +8.342e-05
 11676  +3.6527845876     14962  +3.6528320312  +4.744e-05
 11677  +3.6533087728     14964  +3.6533203125  +1.154e-05
 11678  +3.6538328828     14966  +3.6538085938  -2.429e-05
 11679  +3.6543569176     14968  +3.6542968750  -6.004e-05
 11680  +3.6548808773     14970  +3.6547851562  -9.572e-05
 11681  +3.6554047619     14973  +3.6555175781  +1.128e-04
 11682  +3.6559285715     14975  +3.6560058594  +7.729e-05
 11683  +3.6564523060     14977  +3.6564941406  +4.183e-05
 11684  +3.6569759654     14979  +3.6569824219  +6.456e-06
 11685  +3.6574995499     14981  +3.6574707031  -2.885e-05
 11686  +3.6580230595     14983  +3.6579589844  -6.408e-05
 11687  +3.6585464942     14985  +3.6584472656  -9.923e-05
 11688  +3.6590698539     14988  +3.6591796875  +1.098e-04
 11689  +3.6595931389     14990  +3.6596679688  +7.483e-05
 11690  +3.6601163490     14992  +3.6601562500  +3.990e-05
 11691  +3.6606394843     14994  +3.6606445312  +5.047e-06
 11692  +3.6611625449     14996  +3.6611328125  -2.973e-05
 11693  +3.6616855308     14998  +3.6616210938  -6.444e-05
 11694  +3.6622084420     15000  +3.6621093750  -9.907e-05
 11695  +3.6627312785     15003  +3.6628417969  +1.105e-04
 11696  +3.6632540404     15005  +3.6633300781  +7.604e-05
 11697  +3.6637767277     15007  +3.6638183594  +4.163e-05
 11698  +3.6642993405     15009  +3.6643066406  +7.300e-06
 11699  +3.6648218787     15011  +3.6647949219  -2.696e-05
 11700  +3.6653443424     15013  +3.6652832031  -6.114e-05
 11701  +3.6658667317     15015  +3.6657714844  -9.525e-05
 11702  +3.6663890466     15018  +3.6665039062  +1.149e-04
 11703  +3.6669112870     15020  +3.6669921875  +8.090e-05
 11704  +3.6674334531     15022  +3.6674804688  +4.702e-05
 11705  +3.6679555448     15024  +3.6679687500  +1.321e-05
 11706  +3.6684775623     15026  +3.6684570312  -2.053e-05
 11707  +3.6689995054     15028  +3.6689453125  -5.419e-05
 11708  +3.6695213744     15030  +3.6694335938  -8.778e-05
 11709  +3.6700431691     15032  +3.6699218750  -1.213e-04
 11710  +3.6705648896     15035  +3.6706542969  +8.941e-05
 11711  +3.6710865361     15037  +3.6711425781  +5.604e-05
 11712  +3.6716081083     15039  +3.6716308594  +2.275e-05
 11713  +3.6721296065     15041  +3.6721191406  -1.047e-05
 11714  +3.6726510307     15043  +3.6726074219  -4.361e-05
 11715  +3.6731723808     15045  +3.6730957031  -7.668e-05
 11716  +3.6736936570     15047  +3.6735839844  -1.097e-04
 11717  +3.6742148592     15050  +3.6743164062  +1.015e-04
 11718  +3.6747359875     15052  +3.6748046875  +6.870e-05
 11719  +3.6752570418     15054  +3.6752929688  +3.593e-05
 11720  +3.6757780224     15056  +3.6757812500  +3.228e-06
 11721  +3.6762989290     15058  +3.6762695312  -2.940e-05
 11722  +3.6768197619     15060  +3.6767578125  -6.195e-05
 11723  +3.6773405211     15062  +3.6772460938  -9.443e-05
 11724  +3.6778612064     15065  +3.6779785156  +1.173e-04
 11725  +3.6783818181     15067  +3.6784667969  +8.498e-05
 11726  +3.6789023561     15069  +3.6789550781  +5.272e-05
 11727  +3.6794228205     15071  +3.6794433594  +2.054e-05
 11728  +3.6799432113     15073  +3.6799316406  -1.157e-05
 11729  +3.6804635284     15075  +3.6804199219  -4.361e-05
 11730  +3.6809837721     15077  +3.6809082031  -7.557e-05
 11731  +3.6815039422     15079  +3.6813964844  -1.075e-04
 11732  +3.6820240388     15082  +3.6821289062  +1.049e-04
 11733  +3.6825440620     15084  +3.6826171875  +7.313e-05
 11734  +3.6830640117     15086  +3.6831054688  +4.146e-05
 11735  +3.6835838881     15088  +3.6835937500  +9.862e-06
 11736  +3.6841036911     15090  +3.6840820312  -2.166e-05
 11737  +3.6846234207     15092  +3.6845703125  -5.311e-05
 11738  +3.6851430771     15094  +3.6850585938  -8.448e-05
 11739  +3.6856626602     15096  +3.6855468750  -1.158e-04
 11740  +3.6861821700     15099  +3.6862792969  +9.713e-05
 11741  +3.6867016067     15101  +3.6867675781  +6.597e-05
 11742  +3.6872209702     15103  +3.6872558594  +3.489e-05
 11743  +3.6877402605     15105  +3.6877441406  +3.880e-06
 11744  +3.6882594777     15107  +3.6882324219  -2.706e-05
 11745  +3.6887786218     15109  +3.6887207031  -5.792e-05
 11746  +3.6892976929     15111  +3.6892089844  -8.871e-05
 11747  +3.6898166910     15113  +3.6896972656  -1.194e-04
 11748  +3.6903356160     15116  +3.6904296875  +9.407e-05
 11749  +3.6908544682     15118  +3.6909179688  +6.350e-05
 11750  +3.6913732473     15120  +3.6914062500  +3.300e-05
 11751  +3.6918919536     15122  +3.6918945312  +2.578e-06
 11752  +3.6924105870     15124  +3.6923828125  -2.777e-05
 11753  +3.6929291476     15126  +3.6928710938  -5.805e-05
 11754  +3.6934476354     15128  +3.6933593750  -8.826e-05
 11755  +3.6939660504     15130  +3.6938476562  -1.184e-04
 11756  +3.6944843926     15133  +3.6945800781  +9.569e-05
 11757  +3.6950026622     15135  +3.6950683594  +6.570e-05
 11758  +3.6955208590     15137  +3.6955566406  +3.578e-05
 11759  +3.6960389832     15139  +3.6960449219  +5.939e-06
 11760  +3.6965570348     15141  +3.6965332031  -2.383e-05
 11761  +3.6970750138     15143  +3.6970214844  -5.353e-05
 11762  +3.6975929202     15145  +3.6975097656  -8.315e-05
 11763  +3.6981107541     15147  +3.6979980469  -1.127e-04
 11764  +3.6986285155     15150  +3.6987304688  +1.020e-04
 11765  +3.6991462045     15152  +3.6992187500  +7.255e-05
 11766  +3.6996638209     15154  +3.6997070312  +4.321e-05
 11767  +3.7001813650     15156  +3.7001953125  +1.395e-05
 11768  +3.7006988367     15158  +3.7006835938  -1.524e-05
 11769  +3.7012162361     15160  +3.7011718750  -4.436e-05
 11770  +3.7017335631     15162  +3.7016601562  -7.341e-05
 11771  +3.7022508178     15164  +3.7021484375  -1.024e-04
 11772  +3.7027680003     15167  +3.7028808594  +1.129e-04
 11773  +3.7032851106     15169  +3.7033691406  +8.403e-05
 11774  +3.7038021487     15171  +3.7038574219  +5.527e-05
 11775  +3.7043191146     15173  +3.7043457031  +2.659e-05
 11776  +3.7048360083     15175  +3.7048339844  -2.024e-06
 11777  +3.7053528300     15177  +3.7053222656  -3.056e-05
 11778  +3.7058695795     15179  +3.7058105469  -5.903e-05
 11779  +3.7063862571     15181  +3.7062988281  -8.743e-05
 11780  +3.7069028626     15183  +3.7067871094  -1.158e-04
 11781  +3.7074193961     15186  +3.7075195312  +1.001e-04
 11782  +3.7079358577     15188  +3.7080078125  +7.195e-05
 11783  +3.7084522474     15190  +3.7084960938  +4.385e-05
 11784  +3.7089685651     15192  +3.7089843750  +1.581e-05
 11785  +3.7094848110     15194  +3.7094726562  -1.215e-05
 11786  +3.7100009850     15196  +3.7099609375  -4.005e-05
 11787  +3.7105170873     15198  +3.7104492188  -6.787e-05
 11788  +3.7110331178     15200  +3.7109375000  -9.562e-05
 11789  +3.7115490765     15203  +3.7116699219  +1.208e-04
 11790  +3.7120649635     15205  +3.7121582031  +9.324e-05
 11791  +3.7125807788     15207  +3.7126464844  +6.571e-05
 11792  +3.7130965225     15209  +3.7131347656  +3.824e-05
 11793  +3.7136121945     15211  +3.7136230469  +1.085e-05
 11794  +3.7141277950     15213  +3.7141113281  -1.647e-05
 11795  +3.7146433239     15215  +3.7145996094  -4.371e-05
 11796  +3.7151587812     15217  +3.7150878906  -7.089e-05
 11797  +3.7156741670     15219  +3.7155761719  -9.800e-05
 11798  +3.7161894814     15222  +3.7163085938  +1.191e-04
 11799  +3.7167047243     15224  +3.7167968750  +9.215e-05
 11800  +3.7172198958     15226  +3.7172851562  +6.526e-05
 11801  +3.7177349959     15228  +3.7177734375  +3.844e-05
 11802  +3.7182500247     15230  +3.7182617188  +1.169e-05
 11803  +3.7187649821     15232  +3.7187500000  -1.498e-05
 11804  +3.7192798682     15234  +3.7192382812  -4.159e-05
 11805  +3.7197946830     15236  +3.7197265625  -6.812e-05
 11806  +3.7203094267     15238  +3.7202148438  -9.458e-05
 11807  +3.7208240991     15240  +3.7207031250  -1.210e-04
 11808  +3.7213387003     15243  +3.7214355469  +9.685e-05
 11809  +3.7218532303     15245  +3.7219238281  +7.060e-05
 11810  +3.7223676893     15247  +3.7224121094  +4.442e-05
 11811  +3.7228820771     15249  +3.7229003906  +1.831e-05
 11812  +3.7233963939     15251  +3.7233886719  -7.722e-06
 11813  +3.7239106397     15253  +3.7238769531  -3.369e-05
 11814  +3.7244248144     15255  +3.7243652344  -5.958e-05
 11815  +3.7249389182     15257  +3.7248535156  -8.540e-05
 11816  +3.7254529511     15259  +3.7253417969  -1.112e-04
 11817  +3.7259669130     15262  +3.7260742188  +1.073e-04
 11818  +3.7264808040     15264  +3.7265625000  +8.170e-05
 11819  +3.7269946242     15266  +3.7270507812  +5.616e-05
 11820  +3.7275083735     15268  +3.7275390625  +3.069e-05
 11821  +3.7280220521     15270  +3.7280273438  +5.292e-06
 11822  +3.7285356599     15272  +3.7285156250  -2.003e-05
 11823  +3.7290491969     15274  +3.7290039062  -4.529e-05
 11824  +3.7295626632     15276  +3.7294921875  -7.048e-05
 11825  +3.7300760589     15278  +3.7299804688  -9.559e-05
 11826  +3.7305893839     15280  +3.7304687500  -1.206e-04
 11827  +3.7311026382     15283  +3.7312011719  +9.853e-05
 11828  +3.7316158220     15285  +3.7316894531  +7.363e-05
 11829  +3.7321289352     15287  +3.7321777344  +4.880e-05
 11830  +3.7326419779     15289  +3.7326660156  +2.404e-05
 11831  +3.7331549501     15291  +3.7331542969  -6.532e-07
 11832  +3.7336678518     15293  +3.7336425781  -2.527e-05
 11833  +3.7341806830     15295  +3.7341308594  -4.982e-05
 11834  +3.7346934438     15297  +3.7346191406  -7.430e-05
 11835  +3.7352061343     15299  +3.7351074219  -9.871e-05
 11836  +3.7357187544     15302  +3.7358398438  +1.211e-04
 11837  +3.7362313041     15304  +3.7363281250  +9.682e-05
 11838  +3.7367437835     15306  +3.7368164062  +7.262e-05
 11839  +3.7372561927     15308  +3.7373046875  +4.849e-05
 11840  +3.7377685316     15310  +3.7377929688  +2.444e-05
 11841  +3.7382808003     15312  +3.7382812500  +4.497e-07
 11842  +3.7387929988     15314  +3.7387695312  -2.347e-05
 11843  +3.7393051272     15316  +3.7392578125  -4.731e-05
 11844  +3.7398171854     15318  +3.7397460938  -7.109e-05
 11845  +3.7403291735     15320  +3.7402343750  -9.480e-05
 11846  +3.7408410915     15322  +3.7407226562  -1.184e-04
 11847  +3.7413529395     15325  +3.7414550781  +1.021e-04
 11848  +3.7418647175     15327  +3.7419433594  +7.864e-05
 11849  +3.7423764255     15329  +3.7424316406  +5.522e-05
 11850  +3.7428880636     15331  +3.7429199219  +3.186e-05
 11851  +3.7433996317     15333  +3.7434082031  +8.571e-06
 11852  +3.7439111299     15335  +3.7438964844  -1.465e-05
 11853  +3.7444225582     15337  +3.7443847656  -3.779e-05
 11854  +3.7449339167     15339  +3.7448730469  -6.087e-05
 11855  +3.7454452054     15341  +3.7453613281  -8.388e-05
 11856  +3.7459564243     15343  +3.7458496094  -1.068e-04
 11857  +3.7464675734     15346  +3.7465820312  +1.145e-04
 11858  +3.7469786528     15348  +3.7470703125  +9.166e-05
 11859  +3.7474896625     15350  +3.7475585938  +6.893e-05
 11860  +3.7480006026     15352  +3.7480468750  +4.627e-05
 11861  +3.7485114730     15354  +3.7485351562  +2.368e-05
 11862  +3.7490222737     15356  +3.7490234375  +1.164e-06
 11863  +3.7495330049     15358  +3.7495117188  -2.129e-05
 11864  +3.7500436666     15360  +3.7500000000  -4.367e-05
 11865  +3.7505542587     15362  +3.7504882812  -6.598e-05
 11866  +3.7510647813     15364  +3.7509765625  -8.822e-05
 11867  +3.7515752344     15366  +3.7514648438  -1.104e-04
 11868  +3.7520856181     15369  +3.7521972656  +1.116e-04
 11869  +3.7525959323     15371  +3.7526855469  +8.961e-05
 11870  +3.7531061772     15373  +3.7531738281  +6.765e-05
 11871  +3.7536163527     15375  +3.7536621094  +4.576e-05
 11872  +3.7541264589     15377  +3.7541503906  +2.393e-05
 11873  +3.7546364958     15379  +3.7546386719  +2.176e-06
 11874  +3.7551464634     15381  +3.7551269531  -1.951e-05
 11875  +3.7556563618     15383  +3.7556152344  -4.113e-05
 11876  +3.7561661909     15385  +3.7561035156  -6.268e-05
 11877  +3.7566759509     15387  +3.7565917969  -8.415e-05
 11878  +3.7571856416     15389  +3.7570800781  -1.056e-04
 11879  +3.7576952633     15392  +3.7578125000  +1.172e-04
 11880  +3.7582048159     15394  +3.7583007812  +9.597e-05
 11881  +3.7587142993     15396  +3.7587890625  +7.476e-05
 11882  +3.7592237137     15398  +3.7592773438  +5.363e-05
 11883  +3.7597330591     15400  +3.7597656250  +3.257e-05
 11884  +3.7602423356     15402  +3.7602539062  +1.157e-05
 11885  +3.7607515430     15404  +3.7607421875  -9.355e-06
 11886  +3.7612606815     15406  +3.7612304688  -3.021e-05
 11887  +3.7617697511     15408  +3.7617187500  -5.100e-05
 11888  +3.7622787518     15410  +3.7622070312  -7.172e-05
 11889  +3.7627876837     15412  +3.7626953125  -9.237e-05
 11890  +3.7632965467     15414  +3.7631835938  -1.130e-04
 11891  +3.7638053409     15417  +3.7639160156  +1.107e-04
 11892  +3.7643140664     15419  +3.7644042969  +9.023e-05
 11893  +3.7648227231     15421  +3.7648925781  +6.986e-05
 11894  +3.7653313111     15423  +3.7653808594  +4.955e-05
 11895  +3.7658398305     15425  +3.7658691406  +2.931e-05
 11896  +3.7663482811     15427  +3.7663574219  +9.141e-06
 11897  +3.7668566632     15429  +3.7668457031  -1.096e-05
 11898  +3.7673649766     15431  +3.7673339844  -3.099e-05
 11899  +3.7678732214     15433  +3.7678222656  -5.096e-05
 11900  +3.7683813978     15435  +3.7683105469  -7.085e-05
 11901  +3.7688895055     15437  +3.7687988281  -9.068e-05
 11902  +3.7693975448     15439  +3.7692871094  -1.104e-04
 11903  +3.7699055157     15442  +3.7700195312  +1.140e-04
 11904  +3.7704134181     15444  +3.7705078125  +9.439e-05
 11905  +3.7709212521     15446  +3.7709960938  +7.484e-05
 11906  +3.7714290177     15448  +3.7714843750  +5.536e-05
 11907  +3.7719367149     15450  +3.7719726562  +3.594e-05
 11908  +3.7724443438     15452  +3.7724609375  +1.659e-05
 11909  +3.7729519045     15454  +3.7729492188  -2.686e-06
 11910  +3.7734593968     15456  +3.7734375000  -2.190e-05
 11911  +3.7739668209     15458  +3.7739257812  -4.104e-05
 11912  +3.7744741768     15460  +3.7744140625  -6.011e-05
 11913  +3.7749814645     15462  +3.7749023438  -7.912e-05
 11914  +3.7754886841     15464  +3.7753906250  -9.806e-05
 11915  +3.7758575282     15466  +3.7758789062  +2.138e-05
 11916  +3.7758575282     15466  +3.7758789062  +2.138e-05
 11917  +3.7758575282     15466  +3.7758789062  +2.138e-05
 11918  +3.7758575282     15466  +3.7758789062  +2.138e-05
 11919  +3.7758575282     15466  +3.7758789062  +2.138e-05
 11920  +3.7758575282     15466  +3.7758789062  +2.138e-05
 11921  +3.7758575282     15466  +3.7758789062  +2.138e-05
 11922  +3.7758575282     15466  +3.7758789062  +2.138e-05
 11923  +3.7758575282     15466  +3.7758789062  +2.138e-05
 11924  +3.7758575282     15466  +3.7758789062  +2.138e-05
 11925  +3.7758575282     15466  +3.7758789062  +2.138e-05
 11926  +3.7758575282     15466  +3.7758789062  +2.138e-05
 11927  +3.7758575282     15466  +3.7758789062  +2.138e-05
 11928  +3.7758575282     15466  +3.7758789062  +2.138e-05
 11929  +3.7758575282     15466  +3.7758789062  +2.138e-05
 11930  +3.7758575282     15466  +3.7758789062  +2.138e-05
 11931  +3.7758575282     15466  +3.7758789062  +2.138e-05
 11932  +3.7758575282     15466  +3.7758789062  +2.138e-05
 11933  +3.7758575282     15466  +3.7758789062  +2.138e-05
 11934  +3.7758575282     15466  +3.7758789062  +2.138e-05
 11935  +3.7758575282     15466  +3.7758789062  +2.138e-05
 11936  +3.7758575282     15466  +3.7758789062  +2.138e-05
 11937  +3.7758575282     15466  +3.7758789062  +2.138e-05
 11938  +3.7758575282     15466  +3.7758789062  +2.138e-05
 11939  +3.7758575282     15466  +3.7758789062  +2.138e-05
 11940  +3.7758575282     15466  +3.7758789062  +2.138e-05
 11941  +3.7758575282     15466  +3.7758789062  +2.138e-05
 11942  +3.7758575282     15466  +3.7758789062  +2.138e-05
 11943  +3.7758575282     15466  +3.7758789062  +2.138e-05
 11944  +3.7758575282     15466  +3.7758789062  +2.138e-05
 11945  +3.7758575282     15466  +3.7758789062  +2.138e-05
 11946  +3.7758575282     15466  +3.7758789062  +2.138e-05
 11947  +3.7758575282     15466  +3.7758789062  +2.138e-05
 11948  +3.7758575282     15466  +3.7758789062  +2.138e-05
 11949  +3.7758575282     15466  +3.7758789062  +2.138e-05
 11950  +3.7758575282     15466  +3.7758789062  +2.138e-05
 11951  +3.7758575282     15466  +3.7758789062  +2.138e-05
 11952  +3.7758575282     15466  +3.7758789062  +2.138e-05
 11953  +3.7758575282     15466  +3.7758789062  +2.138e-05
 11954  +3.7758575282     15466  +3.7758789062  +2.138e-05
 11955  +3.7758575282     15466  +3.7758789062  +2.138e-05
 11956  +3.7758575282     15466  +3.7758789062  +2.138e-05
 11957  +3.7758575282     15466  +3.7758789062  +2.138e-05
 11958  +3.7758575282     15466  +3.7758789062  +2.138e-05
 11959  +3.7758575282     15466  +3.7758789062  +2.138e-05
 11960  +3.7758575282     15466  +3.7758789062  +2.138e-05
 11961  +3.7758575282     15466  +3.7758789062  +2.138e-05
 11962  +3.7758575282     15466  +3.7758789062  +2.138e-05
 11963  +3.7758575282     15466  +3.7758789062  +2.138e-05
 11964  +3.7758575282     15466  +3.7758789062  +2.138e-05
 11965  +3.7758575282     15466  +3.7758789062  +2.138e-05
 11966  +3.7758575282     15466  +3.7758789062  +2.138e-05
 11967  +3.7758575282     15466  +3.7758789062  +2.138e-05
 11968  +3.7758575282     15466  +3.7758789062  +2.138e-05
 11969  +3.7758575282     15466  +3.7758789062  +2.138e-05
 11970  +3.7758575282     15466  +3.7758789062  +2.138e-05
 11971  +3.7758575282     15466  +3.7758789062  +2.138e-05
 11972  +3.7758575282     15466  +3.7758789062  +2.138e-05
 11973  +3.7758575282     15466  +3.7758789062  +2.138e-05
 11974  +3.7758575282     15466  +3.7758789062  +2.138e-05
 11975  +3.7758575282     15466  +3.7758789062  +2.138e-05
 11976  +3.7758575282     15466  +3.7758789062  +2.138e-05
 11977  +3.7758575282     15466  +3.7758789062  +2.138e-05
 11978  +3.7758575282     15466  +3.7758789062  +2.138e-05
 11979  +3.7758575282     15466  +3.7758789062  +2.138e-05
 11980  +3.7758575282     15466  +3.7758789062  +2.138e-05
 11981  +3.7758575282     15466  +3.7758789062  +2.138e-05
 11982  +3.7758575282     15466  +3.7758789062  +2.138e-05
 11983  +3.7758575282     15466  +3.7758789062  +2.138e-05
 11984  +3.7758575282     15466  +3.7758789062  +2.138e-05
 11985  +3.7758575282     15466  +3.7758789062  +2.138e-05
 11986  +3.7758575282     15466  +3.7758789062  +2.138e-05
 11987  +3.7758575282     15466  +3.7758789062  +2.138e-05
 11988  +3.7758575282     15466  +3.7758789062  +2.138e-05
 11989  +3.7758575282     15466  +3.7758789062  +2.138e-05
 11990  +3.7758575282     15466  +3.7758789062  +2.138e-05
 11991  +3.7758575282     15466  +3.7758789062  +2.138e-05
 11992  +3.7758575282     15466  +3.7758789062  +2.138e-05
 11993  +3.7758575282     15466  +3.7758789062  +2.138e-05
 11994  +3.7758575282     15466  +3.7758789062  +2.138e-05
 11995  +3.7758575282     15466  +3.7758789062  +2.138e-05
 11996  +3.7758575282     15466  +3.7758789062  +2.138e-05
 11997  +3.7758575282     15466  +3.7758789062  +2.138e-05
 11998  +3.7758575282     15466  +3.7758789062  +2.138e-05
 11999  +3.7758575282     15466  +3.7758789062  +2.138e-05
 12000  +3.7758575282     15466  +3.7758789062  +2.138e-05
 12001  +3.7758575282     15466  +3.7758789062  +2.138e-05
 12002  +3.7758575282     15466  +3.7758789062  +2.138e-05
 12003  +3.7758575282     15466  +3.7758789062  +2.138e-05
 12004  +3.7758575282     15466  +3.7758789062  +2.138e-05
 12005  +3.7758575282     15466  +3.7758789062  +2.138e-05
 12006  +3.7758575282     15466  +3.7758789062  +2.138e-05
 12007  +3.7758575282     15466  +3.7758789062  +2.138e-05
 12008  +3.7758575282     15466  +3.7758789062  +2.138e-05
 12009  +3.7758575282     15466  +3.7758789062  +2.138e-05
 12010  +3.7758575282     15466  +3.7758789062  +2.138e-05
 12011  +3.7758575282     15466  +3.7758789062  +2.138e-05
 12012  +3.7758575282     15466  +3.7758789062  +2.138e-05
 12013  +3.7758575282     15466  +3.7758789062  +2.138e-05
 12014  +3.7758575282     15466  +3.7758789062  +2.138e-05
 12015  +3.7758575282     15466  +3.7758789062  +2.138e-05
 12016  +3.7758575282     15466  +3.7758789062  +2.138e-05
 12017  +3.7758575282     15466  +3.7758789062  +2.138e-05
 12018  +3.7758575282     15466  +3.7758789062  +2.138e-05
 12019  +3.7758575282     15466  +3.7758789062  +2.138e-05
 12020  +3.7758575282     15466  +3.7758789062  +2.138e-05
 12021  +3.7758575282     15466  +3.7758789062  +2.138e-05
 12022  +3.7758575282     15466  +3.7758789062  +2.138e-05
 12023  +3.7758575282     15466  +3.7758789062  +2.138e-05
 12024  +3.7758575282     15466  +3.7758789062  +2.138e-05
 12025  +3.7758575282     15466  +3.7758789062  +2.138e-05
 12026  +3.7758575282     15466  +3.7758789062  +2.138e-05
 12027  +3.7758575282     15466  +3.7758789062  +2.138e-05
 12028  +3.7758575282     15466  +3.7758789062  +2.138e-05
 12029  +3.7758575282     15466  +3.7758789062  +2.138e-05
 12030  +3.7758575282     15466  +3.7758789062  +2.138e-05
 12031  +3.7758575282     15466  +3.7758789062  +2.138e-05
 12032  +3.7758575282     15466  +3.7758789062  +2.138e-05
 12033  +3.7758575282     15466  +3.7758789062  +2.138e-05
 12034  +3.7758575282     15466  +3.7758789062  +2.138e-05
 12035  +3.7758575282     15466  +3.7758789062  +2.138e-05
 12036  +3.7758575282     15466  +3.7758789062  +2.138e-05
 12037  +3.7758575282     15466  +3.7758789062  +2.138e-05
 12038  +3.7758575282     15466  +3.7758789062  +2.138e-05
 12039  +3.7758575282     15466  +3.7758789062  +2.138e-05
 12040  +3.7758575282     15466  +3.7758789062  +2.138e-05
 12041  +3.7758575282     15466  +3.7758789062  +2.138e-05
 12042  +3.7758575282     15466  +3.7758789062  +2.138e-05
 12043  +3.7758575282     15466  +3.7758789062  +2.138e-05
 12044  +3.7758575282     15466  +3.7758789062  +2.138e-05
 12045  +3.7758575282     15466  +3.7758789062  +2.138e-05
 12046  +3.7758575282     15466  +3.7758789062  +2.138e-05
 12047  +3.7758575282     15466  +3.7758789062  +2.138e-05
 12048  +3.7758575282     15466  +3.7758789062  +2.138e-05
 12049  +3.7758575282     15466  +3.7758789062  +2.138e-05
 12050  +3.7758575282     15466  +3.7758789062  +2.138e-05
 12051  +3.7758575282     15466  +3.7758789062  +2.138e-05
 12052  +3.7758575282     15466  +3.7758789062  +2.138e-05
 12053  +3.7758575282     15466  +3.7758789062  +2.138e-05
 12054  +3.7758575282     15466  +3.7758789062  +2.138e-05
 12055  +3.7758575282     15466  +3.7758789062  +2.138e-05
 12056  +3.7758575282     15466  +3.7758789062  +2.138e-05
 12057  +3.7758575282     15466  +3.7758789062  +2.138e-05
 12058  +3.7758575282     15466  +3.7758789062  +2.138e-05
 12059  +3.7758575282     15466  +3.7758789062  +2.138e-05
 12060  +3.7758575282     15466  +3.7758789062  +2.138e-05
 12061  +3.7758575282     15466  +3.7758789062  +2.138e-05
 12062  +3.7758575282     15466  +3.7758789062  +2.138e-05
 12063  +3.7758575282     15466  +3.7758789062  +2.138e-05
 12064  +3.7758575282     15466  +3.7758789062  +2.138e-05
 12065  +3.7758575282     15466  +3.7758789062  +2.138e-05
 12066  +3.7758575282     15466  +3.7758789062  +2.138e-05
 12067  +3.7758575282     15466  +3.7758789062  +2.138e-05
 12068  +3.7758575282     15466  +3.7758789062  +2.138e-05
 12069  +3.7758575282     15466  +3.7758789062  +2.138e-05
 12070  +3.7758575282     15466  +3.7758789062  +2.138e-05
 12071  +3.7758575282     15466  +3.7758789062  +2.138e-05
 12072  +3.7758575282     15466  +3.7758789062  +2.138e-05
 12073  +3.7758575282     15466  +3.7758789062  +2.138e-05
 12074  +3.7758575282     15466  +3.7758789062  +2.138e-05
 12075  +3.7758575282     15466  +3.7758789062  +2.138e-05
 12076  +3.7758575282     15466  +3.7758789062  +2.138e-05
 12077  +3.7758575282     15466  +3.7758789062  +2.138e-05
 12078  +3.7758575282     15466  +3.7758789062  +2.138e-05
 12079  +3.7758575282     15466  +3.7758789062  +2.138e-05
 12080  +3.7758575282     15466  +3.7758789062  +2.138e-05
 12081  +3.7758575282     15466  +3.7758789062  +2.138e-05
 12082  +3.7758575282     15466  +3.7758789062  +2.138e-05
 12083  +3.7758575282     15466  +3.7758789062  +2.138e-05
 12084  +3.7758575282     15466  +3.7758789062  +2.138e-05
 12085  +3.7758575282     15466  +3.7758789062  +2.138e-05
 12086  +3.7758575282     15466  +3.7758789062  +2.138e-05
 12087  +3.7758575282     15466  +3.7758789062  +2.138e-05
 12088  +3.7758575282     15466  +3.7758789062  +2.138e-05
 12089  +3.7758575282     15466  +3.7758789062  +2.138e-05
 12090  +3.7758575282     15466  +3.7758789062  +2.138e-05
 12091  +3.7758575282     15466  +3.7758789062  +2.138e-05
 12092  +3.7758575282     15466  +3.7758789062  +2.138e-05
 12093  +3.7758575282     15466  +3.7758789062  +2.138e-05
 12094  +3.7758575282     15466  +3.7758789062  +2.138e-05
 12095  +3.7758575282     15466  +3.7758789062  +2.138e-05
 12096  +3.7758575282     15466  +3.7758789062  +2.138e-05
 12097  +3.7758575282     15466  +3.7758789062  +2.138e-05
 12098  +3.7758575282     15466  +3.7758789062  +2.138e-05
 12099  +3.7758575282     15466  +3.7758789062  +2.138e-05
 12100  +3.7758575282     15466  +3.7758789062  +2.138e-05
 12101  +3.7758575282     15466  +3.7758789062  +2.138e-05
 12102  +3.7758575282     15466  +3.7758789062  +2.138e-05
 12103  +3.7758575282     15466  +3.7758789062  +2.138e-05
 12104  +3.7758575282     15466  +3.7758789062  +2.138e-05
 12105  +3.7758575282     15466  +3.7758789062  +2.138e-05
 12106  +3.7758575282     15466  +3.7758789062  +2.138e-05
 12107  +3.7758575282     15466  +3.7758789062  +2.138e-05
 12108  +3.7758575282     15466  +3.7758789062  +2.138e-05
 12109  +3.7758575282     15466  +3.7758789062  +2.138e-05
 12110  +3.7758575282     15466  +3.7758789062  +2.138e-05
 12111  +3.7758575282     15466  +3.7758789062  +2.138e-05
 12112  +3.7758575282     15466  +3.7758789062  +2.138e-05
 12113  +3.7758575282     15466  +3.7758789062  +2.138e-05
 12114  +3.7758575282     15466  +3.7758789062  +2.138e-05
 12115  +3.7758575282     15466  +3.7758789062  +2.138e-05
 12116  +3.7758575282     15466  +3.7758789062  +2.138e-05
 12117  +3.7758575282     15466  +3.7758789062  +2.138e-05
 12118  +3.7758575282     15466  +3.7758789062  +2.138e-05
 12119  +3.7758575282     15466  +3.7758789062  +2.138e-05
 12120  +3.7758575282     15466  +3.7758789062  +2.138e-05
 12121  +3.7758575282     15466  +3.7758789062  +2.138e-05
 12122  +3.7758575282     15466  +3.7758789062  +2.138e-05
 12123  +3.7758575282     15466  +3.7758789062  +2.138e-05
 12124  +3.7758575282     15466  +3.7758789062  +2.138e-05
 12125  +3.7758575282     15466  +3.7758789062  +2.138e-05
 12126  +3.7758575282     15466  +3.7758789062  +2.138e-05
 12127  +3.7758575282     15466  +3.7758789062  +2.138e-05
 12128  +3.7758575282     15466  +3.7758789062  +2.138e-05
 12129  +3.7758575282     15466  +3.7758789062  +2.138e-05
 12130  +3.7758575282     15466  +3.7758789062  +2.138e-05
 12131  +3.7758575282     15466  +3.7758789062  +2.138e-05
 12132  +3.7758575282     15466  +3.7758789062  +2.138e-05
 12133  +3.7758575282     15466  +3.7758789062  +2.138e-05
 12134  +3.7758575282     15466  +3.7758789062  +2.138e-05
 12135  +3.7758575282     15466  +3.7758789062  +2.138e-05
 12136  +3.7758575282     15466  +3.7758789062  +2.138e-05
 12137  +3.7758575282     15466  +3.7758789062  +2.138e-05
 12138  +3.7758575282     15466  +3.7758789062  +2.138e-05
 12139  +3.7758575282     15466  +3.7758789062  +2.138e-05
 12140  +3.7758575282     15466  +3.7758789062  +2.138e-05
 12141  +3.7758575282     15466  +3.7758789062  +2.138e-05
 12142  +3.7758575282     15466  +3.7758789062  +2.138e-05
 12143  +3.7758575282     15466  +3.7758789062  +2.138e-05
 12144  +3.7758575282     15466  +3.7758789062  +2.138e-05
 12145  +3.7758575282     15466  +3.7758789062  +2.138e-05
 12146  +3.7758575282     15466  +3.7758789062  +2.138e-05
 12147  +3.7758575282     15466  +3.7758789062  +2.138e-05
 12148  +3.7758575282     15466  +3.7758789062  +2.138e-05
 12149  +3.7758575282     15466  +3.7758789062  +2.138e-05
 12150  +3.7758575282     15466  +3.7758789062  +2.138e-05
 12151  +3.7758575282     15466  +3.7758789062  +2.138e-05
 12152  +3.7758575282     15466  +3.7758789062  +2.138e-05
 12153  +3.7758575282     15466  +3.7758789062  +2.138e-05
 12154  +3.7758575282     15466  +3.7758789062  +2.138e-05
 12155  +3.7758575282     15466  +3.7758789062  +2.138e-05
 12156  +3.7758575282     15466  +3.7758789062  +2.138e-05
 12157  +3.7758575282     15466  +3.7758789062  +2.138e-05
 12158  +3.7758575282     15466  +3.7758789062  +2.138e-05
 12159  +3.7758575282     15466  +3.7758789062  +2.138e-05
 12160  +3.7758575282     15466  +3.7758789062  +2.138e-05
 12161  +3.7758575282     15466  +3.7758789062  +2.138e-05
 12162  +3.7758575282     15466  +3.7758789062  +2.138e-05
 12163  +3.7758575282     15466  +3.7758789062  +2.138e-05
 12164  +3.7758575282     15466  +3.7758789062  +2.138e-05
 12165  +3.7758575282     15466  +3.7758789062  +2.138e-05
 12166  +3.7758575282     15466  +3.7758789062  +2.138e-05
 12167  +3.7758575282     15466  +3.7758789062  +2.138e-05
 12168  +3.7758575282     15466  +3.7758789062  +2.138e-05
 12169  +3.7758575282     15466  +3.7758789062  +2.138e-05
 12170  +3.7758575282     15466  +3.7758789062  +2.138e-05
 12171  +3.7758575282     15466  +3.7758789062  +2.138e-05
 12172  +3.7758575282     15466  +3.7758789062  +2.138e-05
 12173  +3.7758575282     15466  +3.7758789062  +2.138e-05
 12174  +3.7758575282     15466  +3.7758789062  +2.138e-05
 12175  +3.7758575282     15466  +3.7758789062  +2.138e-05
 12176  +3.7758575282     15466  +3.7758789062  +2.138e-05
 12177  +3.7758575282     15466  +3.7758789062  +2.138e-05
 12178  +3.7758575282     15466  +3.7758789062  +2.138e-05
 12179  +3.7758575282     15466  +3.7758789062  +2.138e-05
 12180  +3.7758575282     15466  +3.7758789062  +2.138e-05
 12181  +3.7758575282     15466  +3.7758789062  +2.138e-05
 12182  +3.7758575282     15466  +3.7758789062  +2.138e-05
 12183  +3.7758575282     15466  +3.7758789062  +2.138e-05
 12184  +3.7758575282     15466  +3.7758789062  +2.138e-05
 12185  +3.7758575282     15466  +3.7758789062  +2.138e-05
 12186  +3.7758575282     15466  +3.7758789062  +2.138e-05
 12187  +3.7758575282     15466  +3.7758789062  +2.138e-05
 12188  +3.7758575282     15466  +3.7758789062  +2.138e-05
 12189  +3.7758575282     15466  +3.7758789062  +2.138e-05
 12190  +3.7758575282     15466  +3.7758789062  +2.138e-05
 12191  +3.7758575282     15466  +3.7758789062  +2.138e-05
 12192  +3.7758575282     15466  +3.7758789062  +2.138e-05
 12193  +3.7758575282     15466  +3.7758789062  +2.138e-05
 12194  +3.7758575282     15466  +3.7758789062  +2.138e-05
 12195  +3.7758575282     15466  +3.7758789062  +2.138e-05
 12196  +3.7758575282     15466  +3.7758789062  +2.138e-05
 12197  +3.7758575282     15466  +3.7758789062  +2.138e-05
 12198  +3.7758575282     15466  +3.7758789062  +2.138e-05
 12199  +3.7758575282     15466  +3.7758789062  +2.138e-05
 12200  +3.7758575282     15466  +3.7758789062  +2.138e-05
 12201  +3.7758575282     15466  +3.7758789062  +2.138e-05
 12202  +3.7758575282     15466  +3.7758789062  +2.138e-05
 12203  +3.7758575282     15466  +3.7758789062  +2.138e-05
 12204  +3.7758575282     15466  +3.7758789062  +2.138e-05
 12205  +3.7758575282     15466  +3.7758789062  +2.138e-05
 12206  +3.7758575282     15466  +3.7758789062  +2.138e-05
 12207  +3.7758575282     15466  +3.7758789062  +2.138e-05
 12208  +3.7758575282     15466  +3.7758789062  +2.138e-05
 12209  +3.7758575282     15466  +3.7758789062  +2.138e-05
 12210  +3.7758575282     15466  +3.7758789062  +2.138e-05
 12211  +3.7758575282     15466  +3.7758789062  +2.138e-05
 12212  +3.7758575282     15466  +3.7758789062  +2.138e-05
 12213  +3.7758575282     15466  +3.7758789062  +2.138e-05
 12214  +3.7758575282     15466  +3.7758789062  +2.138e-05
 12215  +3.7758575282     15466  +3.7758789062  +2.138e-05
 12216  +3.7758575282     15466  +3.7758789062  +2.138e-05
 12217  +3.7758575282     15466  +3.7758789062  +2.138e-05
 12218  +3.7758575282     15466  +3.7758789062  +2.138e-05
 12219  +3.7758575282     15466  +3.7758789062  +2.138e-05
 12220  +3.7758575282     15466  +3.7758789062  +2.138e-05
 12221  +3.7758575282     15466  +3.7758789062  +2.138e-05
 12222  +3.7758575282     15466  +3.7758789062  +2.138e-05
 12223  +3.7758575282     15466  +3.7758789062  +2.138e-05
 12224  +3.7758575282     15466  +3.7758789062  +2.138e-05
 12225  +3.7758575282     15466  +3.7758789062  +2.138e-05
 12226  +3.7758575282     15466  +3.7758789062  +2.138e-05
 12227  +3.7758575282     15466  +3.7758789062  +2.138e-05
 12228  +3.7758575282     15466  +3.7758789062  +2.138e-05
 12229  +3.7758575282     15466  +3.7758789062  +2.138e-05
 12230  +3.7758575282     15466  +3.7758789062  +2.138e-05
 12231  +3.7758575282     15466  +3.7758789062  +2.138e-05
 12232  +3.7758575282     15466  +3.7758789062  +2.138e-05
 12233  +3.7758575282     15466  +3.7758789062  +2.138e-05
 12234  +3.7758575282     15466  +3.7758789062  +2.138e-05
 12235  +3.7758575282     15466  +3.7758789062  +2.138e-05
 12236  +3.7758575282     15466  +3.7758789062  +2.138e-05
 12237  +3.7758575282     15466  +3.7758789062  +2.138e-05
 12238  +3.7758575282     15466  +3.7758789062  +2.138e-05
 12239  +3.7758575282     15466  +3.7758789062  +2.138e-05
 12240  +3.7758575282     15466  +3.7758789062  +2.138e-05
 12241  +3.7758575282     15466  +3.7758789062  +2.138e-05
 12242  +3.7758575282     15466  +3.7758789062  +2.138e-05
 12243  +3.7758575282     15466  +3.7758789062  +2.138e-05
 12244  +3.7758575282     15466  +3.7758789062  +2.138e-05
 12245  +3.7758575282     15466  +3.7758789062  +2.138e-05
 12246  +3.7758575282     15466  +3.7758789062  +2.138e-05
 12247  +3.7758575282     15466  +3.7758789062  +2.138e-05
 12248  +3.7758575282     15466  +3.7758789062  +2.138e-05
 12249  +3.7758575282     15466  +3.7758789062  +2.138e-05
 12250  +3.7758575282     15466  +3.7758789062  +2.138e-05
 12251  +3.7758575282     15466  +3.7758789062  +2.138e-05
 12252  +3.7758575282     15466  +3.7758789062  +2.138e-05
 12253  +3.7758575282     15466  +3.7758789062  +2.138e-05
 12254  +3.7758575282     15466  +3.7758789062  +2.138e-05
 12255  +3.7758575282     15466  +3.7758789062  +2.138e-05
 12256  +3.7758575282     15466  +3.7758789062  +2.138e-05
 12257  +3.7758575282     15466  +3.7758789062  +2.138e-05
 12258  +3.7758575282     15466  +3.7758789062  +2.138e-05
 12259  +3.7758575282     15466  +3.7758789062  +2.138e-05
 12260  +3.7758575282     15466  +3.7758789062  +2.138e-05
 12261  +3.7758575282     15466  +3.7758789062  +2.138e-05
 12262  +3.7758575282     15466  +3.7758789062  +2.138e-05
 12263  +3.7758575282     15466  +3.7758789062  +2.138e-05
 12264  +3.7758575282     15466  +3.7758789062  +2.138e-05
 12265  +3.7758575282     15466  +3.7758789062  +2.138e-05
 12266  +3.7758575282     15466  +3.7758789062  +2.138e-05
 12267  +3.7758575282     15466  +3.7758789062  +2.138e-05
 12268  +3.7758575282     15466  +3.7758789062  +2.138e-05
 12269  +3.7758575282     15466  +3.7758789062  +2.138e-05
 12270  +3.7758575282     15466  +3.7758789062  +2.138e-05
 12271  +3.7758575282     15466  +3.7758789062  +2.138e-05
 12272  +3.7758575282     15466  +3.7758789062  +2.138e-05
 12273  +3.7758575282     15466  +3.7758789062  +2.138e-05
 12274  +3.7758575282     15466  +3.7758789062  +2.138e-05
 12275  +3.7758575282     15466  +3.7758789062  +2.138e-05
 12276  +3.7758575282     15466  +3.7758789062  +2.138e-05
 12277  +3.7758575282     15466  +3.7758789062  +2.138e-05
 12278  +3.7758575282     15466  +3.7758789062  +2.138e-05
 12279  +3.7758575282     15466  +3.7758789062  +2.138e-05
 12280  +3.7758575282     15466  +3.7758789062  +2.138e-05
 12281  +3.7758575282     15466  +3.7758789062  +2.138e-05
 12282  +3.7758575282     15466  +3.7758789062  +2.138e-05
 12283  +3.7758575282     15466  +3.7758789062  +2.138e-05
 12284  +3.7758575282     15466  +3.7758789062  +2.138e-05
 12285  +3.7758575282     15466  +3.7758789062  +2.138e-05
 12286  +3.7758575282     15466  +3.7758789062  +2.138e-05
 12287  +3.7758575282     15466  +3.7758789062  +2.138e-05
 12288  +0.4003759474      1640  +0.4003906250  +1.468e-05
 12289  +0.4003759474      1640  +0.4003906250  +1.468e-05
 12290  +0.4003759474      1640  +0.4003906250  +1.468e-05
 12291  +0.4003759474      1640  +0.4003906250  +1.468e-05
 12292  +0.4003759474      1640  +0.4003906250  +1.468e-05
 12293  +0.4003759474      1640  +0.4003906250  +1.468e-05
 12294  +0.4003759474      1640  +0.4003906250  +1.468e-05
 12295  +0.4003759474      1640  +0.4003906250  +1.468e-05
 12296  +0.4003759474      1640  +0.4003906250  +1.468e-05
 12297  +0.4003759474      1640  +0.4003906250  +1.468e-05
 12298  +0.4003759474      1640  +0.4003906250  +1.468e-05
 12299  +0.4003759474      1640  +0.4003906250  +1.468e-05
 12300  +0.4003759474      1640  +0.4003906250  +1.468e-05
 12301  +0.4003759474      1640  +0.4003906250  +1.468e-05
 12302  +0.4003759474      1640  +0.4003906250  +1.468e-05
 12303  +0.4003759474      1640  +0.4003906250  +1.468e-05
 12304  +0.4003759474      1640  +0.4003906250  +1.468e-05
 12305  +0.4003759474      1640  +0.4003906250  +1.468e-05
 12306  +0.4003759474      1640  +0.4003906250  +1.468e-05
 12307  +0.4003759474      1640  +0.4003906250  +1.468e-05
 12308  +0.4003759474      1640  +0.4003906250  +1.468e-05
 12309  +0.4003759474      1640  +0.4003906250  +1.468e-05
 12310  +0.4003759474      1640  +0.4003906250  +1.468e-05
 12311  +0.4003759474      1640  +0.4003906250  +1.468e-05
 12312  +0.4003759474      1640  +0.4003906250  +1.468e-05
 12313  +0.4003759474      1640  +0.4003906250  +1.468e-05
 12314  +0.4003759474      1640  +0.4003906250  +1.468e-05
 12315  +0.4003759474      1640  +0.4003906250  +1.468e-05
 12316  +0.4003759474      1640  +0.4003906250  +1.468e-05
 12317  +0.4003759474      1640  +0.4003906250  +1.468e-05
 12318  +0.4003759474      1640  +0.4003906250  +1.468e-05
 12319  +0.4003759474      1640  +0.4003906250  +1.468e-05
 12320  +0.4003759474      1640  +0.4003906250  +1.468e-05
 12321  +0.4003759474      1640  +0.4003906250  +1.468e-05
 12322  +0.4003759474      1640  +0.4003906250  +1.468e-05
 12323  +0.4003759474      1640  +0.4003906250  +1.468e-05
 12324  +0.4003759474      1640  +0.4003906250  +1.468e-05
 12325  +0.4003759474      1640  +0.4003906250  +1.468e-05
 12326  +0.4045099113      1657  +0.4045410156  +3.110e-05
 12327  +0.4097978470      1679  +0.4099121094  +1.143e-04
 12328  +0.4150184122      1700  +0.4150390625  +2.065e-05
 12329  +0.4201741181      1721  +0.4201660156  -8.103e-06
 12330  +0.4252673237      1742  +0.4252929688  +2.565e-05
 12331  +0.4303002483      1763  +0.4304199219  +1.197e-04
 12332  +0.4352749829      1783  +0.4353027344  +2.775e-05
 12333  +0.4401935004      1803  +0.4401855469  -7.954e-06
 12334  +0.4450576647      1823  +0.4450683594  +1.069e-05
 12335  +0.4498692387      1843  +0.4499511719  +8.193e-05
 12336  +0.4546298923      1862  +0.4545898438  -4.005e-05
 12337  +0.4593412087      1881  +0.4592285156  -1.127e-04
 12338  +0.4640046908      1901  +0.4641113281  +1.066e-04
 12339  +0.4686217666      1919  +0.4685058594  -1.159e-04
 12340  +0.4731937946      1938  +0.4731445312  -4.926e-05
 12341  +0.4777220681      1957  +0.4777832031  +6.114e-05
 12342  +0.4822078197      1975  +0.4821777344  -3.009e-05
 12343  +0.4866522253      1993  +0.4865722656  -7.996e-05
 12344  +0.4910564076      2011  +0.4909667969  -8.961e-05
 12345  +0.4954214393      2029  +0.4953613281  -6.011e-05
 12346  +0.4997483463      2047  +0.4997558594  +7.513e-06
 12347  +0.5040381103      2065  +0.5041503906  +1.123e-04
 12348  +0.5082916719      2082  +0.5083007812  +9.109e-06
 12349  +0.5125099324      2099  +0.5124511719  -5.876e-05
 12350  +0.5166937564      2116  +0.5166015625  -9.219e-05
 12351  +0.5208439737      2133  +0.5207519531  -9.202e-05
 12352  +0.5249613814      2150  +0.5249023438  -5.904e-05
 12353  +0.5290467456      2167  +0.5290527344  +5.989e-06
 12354  +0.5331008030      2184  +0.5332031250  +1.023e-04
 12355  +0.5371242623      2200  +0.5371093750  -1.489e-05
 12356  +0.5411178062      2216  +0.5410156250  -1.022e-04
 12357  +0.5450820923      2233  +0.5451660156  +8.392e-05
 12358  +0.5490177541      2249  +0.5490722656  +5.451e-05
 12359  +0.5529254031      2265  +0.5529785156  +5.311e-05
 12360  +0.5568056290      2281  +0.5568847656  +7.914e-05
 12361  +0.5606590011      2296  +0.5605468750  -1.121e-04
 12362  +0.5644860695      2312  +0.5644531250  -3.294e-05
 12363  +0.5682873654      2328  +0.5683593750  +7.201e-05
 12364  +0.5720634027      2343  +0.5720214844  -4.192e-05
 12365  +0.5758146783      2359  +0.5759277344  +1.131e-04
 12366  +0.5795416731      2374  +0.5795898438  +4.817e-05
 12367  +0.5832448525      2389  +0.5832519531  +7.101e-06
 12368  +0.5869246672      2404  +0.5869140625  -1.060e-05
 12369  +0.5905815541      2419  +0.5905761719  -5.382e-06
 12370  +0.5942159364      2434  +0.5942382812  +2.234e-05
 12371  +0.5978282246      2449  +0.5979003906  +7.217e-05
 12372  +0.6014188168      2463  +0.6013183594  -1.005e-04
 12373  +0.6049880993      2478  +0.6049804688  -7.631e-06
 12374  +0.6085364470      2493  +0.6086425781  +1.061e-04
 12375  +0.6120642241      2507  +0.6120605469  -3.677e-06
 12376  +0.6155717842      2521  +0.6154785156  -9.327e-05
 12377  +0.6190594709      2536  +0.6191406250  +8.115e-05
 12378  +0.6225276183      2550  +0.6225585938  +3.098e-05
 12379  +0.6259765512      2564  +0.6259765625  +1.129e-08
 12380  +0.6294065854      2578  +0.6293945312  -1.205e-05
 12381  +0.6328180282      2592  +0.6328125000  -5.528e-06
 12382  +0.6362111787      2606  +0.6362304688  +1.929e-05
 12383  +0.6395863280      2620  +0.6396484375  +6.211e-05
 12384  +0.6429437596      2633  +0.6428222656  -1.215e-04
 12385  +0.6462837496      2647  +0.6462402344  -4.352e-05
 12386  +0.6496065672      2661  +0.6496582031  +5.164e-05
 12387  +0.6529124744      2674  +0.6528320312  -8.044e-05
 12388  +0.6562017268      2688  +0.6562500000  +4.827e-05
 12389  +0.6594745737      2701  +0.6594238281  -5.075e-05
 12390  +0.6627312580      2715  +0.6628417969  +1.105e-04
 12391  +0.6659720170      2728  +0.6660156250  +4.361e-05
 12392  +0.6691970819      2741  +0.6691894531  -7.629e-06
 12393  +0.6724066787      2754  +0.6723632812  -4.340e-05
 12394  +0.6756010277      2767  +0.6755371094  -6.392e-05
 12395  +0.6787803442      2780  +0.6787109375  -6.941e-05
 12396  +0.6819448385      2793  +0.6818847656  -6.007e-05
 12397  +0.6850947159      2806  +0.6850585938  -3.612e-05
 12398  +0.6882301772      2819  +0.6882324219  +2.245e-06
 12399  +0.6913514185      2832  +0.6914062500  +5.483e-05
 12400  +0.6944586316      2845  +0.6945800781  +1.214e-04
 12401  +0.6975520038      2857  +0.6975097656  -4.224e-05
 12402  +0.7006317186      2870  +0.7006835938  +5.188e-05
 12403  +0.7036979552      2882  +0.7036132812  -8.467e-05
 12404  +0.7067508891      2895  +0.7067871094  +3.622e-05
 12405  +0.7097906919      2907  +0.7097167969  -7.390e-05
 12406  +0.7128175316      2920  +0.7128906250  +7.309e-05
 12407  +0.7158315727      2932  +0.7158203125  -1.126e-05
 12408  +0.7188329761      2944  +0.7187500000  -8.298e-05
 12409  +0.7218218995      2957  +0.7219238281  +1.019e-04
 12410  +0.7247984972      2969  +0.7248535156  +5.502e-05
 12411  +0.7277629206      2981  +0.7277832031  +2.028e-05
 12412  +0.7307153178      2993  +0.7307128906  -2.427e-06
 12413  +0.7336558340      3005  +0.7336425781  -1.326e-05
 12414  +0.7365846115      3017  +0.7365722656  -1.235e-05
 12415  +0.7395017897      3029  +0.7395019531  +1.635e-07
 12416  +0.7424075053      3041  +0.7424316406  +2.414e-05
 12417  +0.7453018925      3053  +0.7453613281  +5.944e-05
 12418  +0.7481850828      3065  +0.7482910156  +1.059e-04
 12419  +0.7510572050      3076  +0.7509765625  -8.064e-05
 12420  +0.7539183857      3088  +0.7539062500  -1.214e-05
 12421  +0.7567687489      3100  +0.7568359375  +6.719e-05
 12422  +0.7596084165      3111  +0.7595214844  -8.693e-05
 12423  +0.7624375079      3123  +0.7624511719  +1.366e-05
 12424  +0.7652561404      3134  +0.7651367188  -1.194e-04
 12425  +0.7680644293      3146  +0.7680664062  +1.977e-06
 12426  +0.7708624875      3157  +0.7707519531  -1.105e-04
 12427  +0.7736504260      3169  +0.7736816406  +3.121e-05
 12428  +0.7764283539      3180  +0.7763671875  -6.117e-05
 12429  +0.7791963782      3192  +0.7792968750  +1.005e-04
 12430  +0.7819546041      3203  +0.7819824219  +2.782e-05
 12431  +0.7847031349      3214  +0.7846679688  -3.517e-05
 12432  +0.7874420721      3225  +0.7873535156  -8.856e-05
 12433  +0.7901715156      3237  +0.7902832031  +1.117e-04
 12434  +0.7928915633      3248  +0.7929687500  +7.719e-05
 12435  +0.7956023116      3259  +0.7956542969  +5.199e-05
 12436  +0.7983038552      3270  +0.7983398438  +3.599e-05
 12437  +0.8009962873      3281  +0.8010253906  +2.910e-05
 12438  +0.8036796995      3292  +0.8037109375  +3.124e-05
 12439  +0.8063541817      3303  +0.8063964844  +4.230e-05
 12440  +0.8090198227      3314  +0.8090820312  +6.221e-05
 12441  +0.8116767094      3325  +0.8117675781  +9.087e-05
 12442  +0.8143249275      3335  +0.8142089844  -1.159e-04
 12443  +0.8169645614      3346  +0.8168945312  -7.003e-05
 12444  +0.8195956941      3357  +0.8195800781  -1.562e-05
 12445  +0.8222184070      3368  +0.8222656250  +4.722e-05
 12446  +0.8248327805      3379  +0.8249511719  +1.184e-04
 12447  +0.8274388938      3389  +0.8273925781  -4.632e-05
 12448  +0.8300368245      3400  +0.8300781250  +4.130e-05
 12449  +0.8326266492      3410  +0.8325195312  -1.071e-04
 12450  +0.8352084435      3421  +0.8352050781  -3.365e-06
 12451  +0.8377822815      3432  +0.8378906250  +1.083e-04
 12452  +0.8403482363      3442  +0.8403320312  -1.621e-05
 12453  +0.8429063799      3453  +0.8430175781  +1.112e-04
 12454  +0.8454567833      3463  +0.8454589844  +2.201e-06
 12455  +0.8479995162      3473  +0.8479003906  -9.913e-05
 12456  +0.8505346474      3484  +0.8505859375  +5.129e-05
 12457  +0.8530622448      3494  +0.8530273438  -3.490e-05
 12458  +0.8555823751      3504  +0.8554687500  -1.136e-04
 12459  +0.8580951041      3515  +0.8581542969  +5.919e-05
 12460  +0.8606004966      3525  +0.8605957031  -4.793e-06
 12461  +0.8630986165      3535  +0.8630371094  -6.151e-05
 12462  +0.8655895268      3545  +0.8654785156  -1.110e-04
 12463  +0.8680732895      3556  +0.8681640625  +9.077e-05
 12464  +0.8705499658      3566  +0.8706054688  +5.550e-05
 12465  +0.8730196161      3576  +0.8730468750  +2.726e-05
 12466  +0.8754822997      3586  +0.8754882812  +5.982e-06
 12467  +0.8779380754      3596  +0.8779296875  -8.388e-06
 12468  +0.8803870008      3606  +0.8803710938  -1.591e-05
 12469  +0.8828291331      3616  +0.8828125000  -1.663e-05
 12470  +0.8852645285      3626  +0.8852539062  -1.062e-05
 12471  +0.8876932423      3636  +0.8876953125  +2.070e-06
 12472  +0.8901153293      3646  +0.8901367188  +2.139e-05
 12473  +0.8925308435      3656  +0.8925781250  +4.728e-05
 12474  +0.8949398380      3666  +0.8950195312  +7.969e-05
 12475  +0.8973423654      3676  +0.8974609375  +1.186e-04
 12476  +0.8997384774      3685  +0.8996582031  -8.027e-05
 12477  +0.9021282252      3695  +0.9020996094  -2.862e-05
 12478  +0.9045116593      3705  +0.9045410156  +2.936e-05
 12479  +0.9068888294      3715  +0.9069824219  +9.359e-05
 12480  +0.9092597846      3724  +0.9091796875  -8.010e-05
 12481  +0.9116245735      3734  +0.9116210938  -3.480e-06
 12482  +0.9139832439      3744  +0.9140625000  +7.926e-05
 12483  +0.9163358430      3753  +0.9162597656  -7.608e-05
 12484  +0.9186824175      3763  +0.9187011719  +1.875e-05
 12485  +0.9210230134      3773  +0.9211425781  +1.196e-04
 12486  +0.9233576763      3782  +0.9233398438  -1.783e-05
 12487  +0.9256864509      3792  +0.9257812500  +9.480e-05
 12488  +0.9280093817      3801  +0.9279785156  -3.087e-05
 12489  +0.9303265123      3811  +0.9304199219  +9.341e-05
 12490  +0.9326378861      3820  +0.9326171875  -2.070e-05
 12491  +0.9349435457      3830  +0.9350585938  +1.150e-04
 12492  +0.9372435333      3839  +0.9372558594  +1.233e-05
 12493  +0.9395378905      3848  +0.9394531250  -8.477e-05
 12494  +0.9418266586      3858  +0.9418945312  +6.787e-05
 12495  +0.9441098781      3867  +0.9440917969  -1.808e-05
 12496  +0.9463875892      3876  +0.9462890625  -9.853e-05
 12497  +0.9486598316      3886  +0.9487304688  +7.064e-05
 12498  +0.9509266444      3895  +0.9509277344  +1.090e-06
 12499  +0.9531880665      3904  +0.9531250000  -6.307e-05
 12500  +0.9554441361      3913  +0.9553222656  -1.219e-04
 12501  +0.9576948910      3923  +0.9577636719  +6.878e-05
 12502  +0.9599403686      3932  +0.9599609375  +2.057e-05
 12503  +0.9621806059      3941  +0.9621582031  -2.240e-05
 12504  +0.9644156394      3950  +0.9643554688  -6.017e-05
 12505  +0.9666455051      3959  +0.9665527344  -9.277e-05
 12506  +0.9688702388      3968  +0.9687500000  -1.202e-04
 12507  +0.9710898757      3978  +0.9711914062  +1.015e-04
 12508  +0.9733044507      3987  +0.9733886719  +8.422e-05
 12509  +0.9755139982      3996  +0.9755859375  +7.194e-05
 12510  +0.9777185525      4005  +0.9777832031  +6.465e-05
 12511  +0.9799181470      4014  +0.9799804688  +6.232e-05
 12512  +0.9821128153      4023  +0.9821777344  +6.492e-05
 12513  +0.9843025902      4032  +0.9843750000  +7.241e-05
 12514  +0.9864875043      4041  +0.9865722656  +8.476e-05
 12515  +0.9886675898      4050  +0.9887695312  +1.019e-04
 12516  +0.9908428787      4058  +0.9907226562  -1.202e-04
 12517  +0.9930134024      4067  +0.9929199219  -9.348e-05
 12518  +0.9951791921      4076  +0.9951171875  -6.200e-05
 12519  +0.9973402786      4085  +0.9973144531  -2.583e-05
 12520  +0.9994966926      4094  +0.9995117188  +1.503e-05
 12521  +1.0016484640      4103  +1.0017089844  +6.052e-05
 12522  +1.0037956229      4112  +1.0039062500  +1.106e-04
 12523  +1.0059381987      4120  +1.0058593750  -7.882e-05
 12524  +1.0080762207      4129  +1.0080566406  -1.958e-05
 12525  +1.0102097177      4138  +1.0102539062  +4.419e-05
 12526  +1.0123387184      4147  +1.0124511719  +1.125e-04
 12527  +1.0144632511      4155  +1.0144042969  -5.895e-05
 12528  +1.0165833438      4164  +1.0166015625  +1.822e-05
 12529  +1.0186990243      4173  +1.0187988281  +9.980e-05
 12530  +1.0208103198      4181  +1.0207519531  -5.837e-05
 12531  +1.0229172577      4190  +1.0229492188  +3.196e-05
 12532  +1.0250198648      4198  +1.0249023438  -1.175e-04
 12533  +1.0271181676      4207  +1.0270996094  -1.856e-05
 12534  +1.0292121926      4216  +1.0292968750  +8.468e-05
 12535  +1.0313019657      4224  +1.0312500000  -5.197e-05
 12536  +1.0333875127      4233  +1.0334472656  +5.975e-05
 12537  +1.0354688593      4241  +1.0354003906  -6.847e-05
 12538  +1.0375460306      4250  +1.0375976562  +5.163e-05
 12539  +1.0396190517      4258  +1.0395507812  -6.827e-05
 12540  +1.0416879474      4267  +1.0417480469  +6.010e-05
 12541  +1.0437527422      4275  +1.0437011719  -5.157e-05
 12542  +1.0458134603      4284  +1.0458984375  +8.498e-05
 12543  +1.0478701260      4292  +1.0478515625  -1.856e-05
 12544  +1.0499227629      4300  +1.0498046875  -1.181e-04
 12545  +1.0519713946      4309  +1.0520019531  +3.056e-05
 12546  +1.0540160445      4317  +1.0539550781  -6.097e-05
 12547  +1.0560567358      4326  +1.0561523438  +9.561e-05
 12548  +1.0580934912      4334  +1.0581054688  +1.198e-05
 12549  +1.0601263336      4342  +1.0600585938  -6.774e-05
 12550  +1.0621552854      4351  +1.0622558594  +1.006e-04
 12551  +1.0641803688      4359  +1.0642089844  +2.862e-05
 12552  +1.0662016059      4367  +1.0661621094  -3.950e-05
 12553  +1.0682190185      4375  +1.0681152344  -1.038e-04
 12554  +1.0702326283      4384  +1.0703125000  +7.987e-05
 12555  +1.0722424566      4392  +1.0722656250  +2.317e-05
 12556  +1.0742485246      4400  +1.0742187500  -2.977e-05
 12557  +1.0762508535      4408  +1.0761718750  -7.898e-05
 12558  +1.0782494641      4417  +1.0783691406  +1.197e-04
 12559  +1.0802443769      4425  +1.0803222656  +7.789e-05
 12560  +1.0822356125      4433  +1.0822753906  +3.978e-05
 12561  +1.0842231911      4441  +1.0842285156  +5.325e-06
 12562  +1.0862071327      4449  +1.0861816406  -2.549e-05
 12563  +1.0881874573      4457  +1.0881347656  -5.269e-05
 12564  +1.0901641845      4465  +1.0900878906  -7.629e-05
 12565  +1.0921373340      4473  +1.0920410156  -9.632e-05
 12566  +1.0941069250      4481  +1.0939941406  -1.128e-04
 12567  +1.0960729768      4490  +1.0961914062  +1.184e-04
 12568  +1.0980355083      4498  +1.0981445312  +1.090e-04
 12569  +1.0999945384      4506  +1.1000976562  +1.031e-04
 12570  +1.1019500858      4514  +1.1020507812  +1.007e-04
 12571  +1.1039021690      4522  +1.1040039062  +1.017e-04
 12572  +1.1058508063      4530  +1.1059570312  +1.062e-04
 12573  +1.1077960159      4538  +1.1079101562  +1.141e-04
 12574  +1.1097378158      4545  +1.1096191406  -1.187e-04
 12575  +1.1116762239      4553  +1.1115722656  -1.040e-04
 12576  +1.1136112580      4561  +1.1135253906  -8.587e-05
 12577  +1.1155429355      4569  +1.1154785156  -6.442e-05
 12578  +1.1174712739      4577  +1.1174316406  -3.963e-05
 12579  +1.1193962905      4585  +1.1193847656  -1.152e-05
 12580  +1.1213180023      4593  +1.1213378906  +1.989e-05
 12581  +1.1232364263      4601  +1.1232910156  +5.459e-05
 12582  +1.1251515793      4609  +1.1252441406  +9.256e-05
 12583  +1.1270634780      4616  +1.1269531250  -1.104e-04
 12584  +1.1289721389      4624  +1.1289062500  -6.589e-05
 12585  +1.1308775785      4632  +1.1308593750  -1.820e-05
 12586  +1.1327798129      4640  +1.1328125000  +3.269e-05
 12587  +1.1346788584      4648  +1.1347656250  +8.677e-05
 12588  +1.1365747308      4655  +1.1364746094  -1.001e-04
 12589  +1.1384674461      4663  +1.1384277344  -3.971e-05
 12590  +1.1403570199      4671  +1.1403808594  +2.384e-05
 12591  +1.1422434679      4679  +1.1423339844  +9.052e-05
 12592  +1.1441268054      4686  +1.1440429688  -8.384e-05
 12593  +1.1460070480      4694  +1.1459960938  -1.095e-05
 12594  +1.1478842107      4702  +1.1479492188  +6.501e-05
 12595  +1.1497583086      4709  +1.1496582031  -1.001e-04
 12596  +1.1516293567      4717  +1.1516113281  -1.803e-05
 12597  +1.1534973699      4725  +1.1535644531  +6.708e-05
 12598  +1.1553623628      4732  +1.1552734375  -8.893e-05
 12599  +1.1572243501      4740  +1.1572265625  +2.212e-06
 12600  +1.1590833462      4748  +1.1591796875  +9.634e-05
 12601  +1.1609393656      4755  +1.1608886719  -5.069e-05
 12602  +1.1627924224      4763  +1.1628417969  +4.937e-05
 12603  +1.1646425308      4770  +1.1645507812  -9.175e-05
 12604  +1.1664897049      4778  +1.1665039062  +1.420e-05
 12605  +1.1683339586      4785  +1.1682128906  -1.211e-04
 12606  +1.1701753056      4793  +1.1701660156  -9.290e-06
 12607  +1.1720137597      4801  +1.1721191406  +1.054e-04
 12608  +1.1738493344      4808  +1.1738281250  -2.121e-05
 12609  +1.1756820433      4816  +1.1757812500  +9.921e-05
 12610  +1.1775118998      4823  +1.1774902344  -2.167e-05
 12611  +1.1793389170      4831  +1.1794433594  +1.044e-04
 12612  +1.1811631082      4838  +1.1811523438  -1.076e-05
 12613  +1.1829844865      4846  +1.1831054688  +1.210e-04
 12614  +1.1848030648      4853  +1.1848144531  +1.139e-05
 12615  +1.1866188560      4860  +1.1865234375  -9.542e-05
 12616  +1.1884318729      4868  +1.1884765625  +4.469e-05
 12617  +1.1902421281      4875  +1.1901855469  -5.658e-05
 12618  +1.1920496343      4883  +1.1921386719  +8.904e-05
 12619  +1.1938544039      4890  +1.1938476562  -6.748e-06
 12620  +1.1956564493      4897  +1.1955566406  -9.981e-05
 12621  +1.1974557828      4905  +1.1975097656  +5.398e-05
 12622  +1.1992524166      4912  +1.1992187500  -3.367e-05
 12623  +1.2010463629      4919  +1.2009277344  -1.186e-04
 12624  +1.2028376337      4927  +1.2028808594  +4.323e-05
 12625  +1.2046262408      4934  +1.2045898438  -3.640e-05
 12626  +1.2064121962      4941  +1.2062988281  -1.134e-04
 12627  +1.2081955115      4949  +1.2082519531  +5.644e-05
 12628  +1.2099761986      4956  +1.2099609375  -1.526e-05
 12629  +1.2117542689      4963  +1.2116699219  -8.435e-05
 12630  +1.2135297340      4971  +1.2136230469  +9.331e-05
 12631  +1.2153026053      4978  +1.2153320312  +2.943e-05
 12632  +1.2170728941      4985  +1.2170410156  -3.188e-05
 12633  +1.2188406116      4992  +1.2187500000  -9.061e-05
 12634  +1.2206057691      5000  +1.2207031250  +9.736e-05
 12635  +1.2223683776      5007  +1.2224121094  +4.373e-05
 12636  +1.2241284482      5014  +1.2241210938  -7.354e-06
 12637  +1.2258859917      5021  +1.2258300781  -5.591e-05
 12638  +1.2276410191      5028  +1.2275390625  -1.020e-04
 12639  +1.2293935411      5036  +1.2294921875  +9.865e-05
 12640  +1.2311435684      5043  +1.2312011719  +5.760e-05
 12641  +1.2328911116      5050  +1.2329101562  +1.904e-05
 12642  +1.2346361813      5057  +1.2346191406  -1.704e-05
 12643  +1.2363787879      5064  +1.2363281250  -5.066e-05
 12644  +1.2381189419      5071  +1.2380371094  -8.183e-05
 12645  +1.2398566535      5078  +1.2397460938  -1.106e-04
 12646  +1.2415919331      5086  +1.2416992188  +1.073e-04
 12647  +1.2433247908      5093  +1.2434082031  +8.341e-05
 12648  +1.2450552367      5100  +1.2451171875  +6.195e-05
 12649  +1.2467832809      5107  +1.2468261719  +4.289e-05
 12650  +1.2485089333      5114  +1.2485351562  +2.622e-05
 12651  +1.2502322039      5121  +1.2502441406  +1.194e-05
 12652  +1.2519531024      5128  +1.2519531250  +2.257e-08
 12653  +1.2536716387      5135  +1.2536621094  -9.529e-06
 12654  +1.2553878225      5142  +1.2553710938  -1.673e-05
 12655  +1.2571016633      5149  +1.2570800781  -2.159e-05
 12656  +1.2588131708      5156  +1.2587890625  -2.411e-05
 12657  +1.2605223544      5163  +1.2604980469  -2.431e-05
 12658  +1.2622292237      5170  +1.2622070312  -2.219e-05
 12659  +1.2639337879      5177  +1.2639160156  -1.777e-05
 12660  +1.2656360564      5184  +1.2656250000  -1.106e-05
 12661  +1.2673360384      5191  +1.2673339844  -2.054e-06
 12662  +1.2690337432      5198  +1.2690429688  +9.226e-06
 12663  +1.2707291798      5205  +1.2707519531  +2.277e-05
 12664  +1.2724223573      5212  +1.2724609375  +3.858e-05
 12665  +1.2741132848      5219  +1.2741699219  +5.664e-05
 12666  +1.2758019711      5226  +1.2758789062  +7.694e-05
 12667  +1.2774884252      5233  +1.2775878906  +9.947e-05
 12668  +1.2791726559      5239  +1.2790527344  -1.199e-04
 12669  +1.2808546720      5246  +1.2807617188  -9.295e-05
 12670  +1.2825344821      5253  +1.2824707031  -6.378e-05
 12671  +1.2842120950      5260  +1.2841796875  -3.241e-05
 12672  +1.2858875192      5267  +1.2858886719  +1.153e-06
 12673  +1.2875607632      5274  +1.2875976562  +3.689e-05
 12674  +1.2892318356      5281  +1.2893066406  +7.480e-05
 12675  +1.2909007449      5288  +1.2910156250  +1.149e-04
 12676  +1.2925674993      5294  +1.2924804688  -8.703e-05
 12677  +1.2942321072      5301  +1.2941894531  -4.265e-05
 12678  +1.2958945768      5308  +1.2958984375  +3.861e-06
 12679  +1.2975549165      5315  +1.2976074219  +5.251e-05
 12680  +1.2992131343      5322  +1.2993164062  +1.033e-04
 12681  +1.3008692384      5328  +1.3007812500  -8.799e-05
 12682  +1.3025232369      5335  +1.3024902344  -3.300e-05
 12683  +1.3041751376      5342  +1.3041992188  +2.408e-05
 12684  +1.3058249487      5349  +1.3059082031  +8.325e-05
 12685  +1.3074726780      5355  +1.3073730469  -9.963e-05
 12686  +1.3091183334      5362  +1.3090820312  -3.630e-05
 12687  +1.3107619226      5369  +1.3107910156  +2.909e-05
 12688  +1.3124034536      5376  +1.3125000000  +9.655e-05
 12689  +1.3140429338      5382  +1.3139648438  -7.809e-05
 12690  +1.3156803712      5389  +1.3156738281  -6.543e-06
 12691  +1.3173157731      5396  +1.3173828125  +6.704e-05
 12692  +1.3189491473      5402  +1.3188476562  -1.015e-04
 12693  +1.3205805012      5409  +1.3205566406  -2.386e-05
 12694  +1.3222098424      5416  +1.3222656250  +5.578e-05
 12695  +1.3238371782      5422  +1.3237304688  -1.067e-04
 12696  +1.3254625160      5429  +1.3254394531  -2.306e-05
 12697  +1.3270858633      5436  +1.3271484375  +6.257e-05
 12698  +1.3287072272      5442  +1.3286132812  -9.395e-05
 12699  +1.3303266150      5449  +1.3303222656  -4.349e-06
 12700  +1.3319440340      5456  +1.3320312500  +8.722e-05
 12701  +1.3335594913      5462  +1.3334960938  -6.340e-05
 12702  +1.3351729940      5469  +1.3352050781  +3.208e-05
 12703  +1.3367845492      5475  +1.3366699219  -1.146e-04
 12704  +1.3383941639      5482  +1.3383789062  -1.526e-05
 12705  +1.3400018451      5489  +1.3400878906  +8.605e-05
 12706  +1.3416075999      5495  +1.3415527344  -5.487e-05
 12707  +1.3432114350      5502  +1.3432617188  +5.028e-05
 12708  +1.3448133574      5508  +1.3447265625  -8.679e-05
 12709  +1.3464133738      5515  +1.3464355469  +2.217e-05
 12710  +1.3480114912      5521  +1.3479003906  -1.111e-04
 12711  +1.3496077161      5528  +1.3496093750  +1.659e-06
 12712  +1.3512020554      5535  +1.3513183594  +1.163e-04
 12713  +1.3527945156      5541  +1.3527832031  -1.131e-05
 12714  +1.3543851035      5548  +1.3544921875  +1.071e-04
 12715  +1.3559738256      5554  +1.3559570312  -1.679e-05
 12716  +1.3575606884      5561  +1.3576660156  +1.053e-04
 12717  +1.3591456985      5567  +1.3591308594  -1.484e-05
 12718  +1.3607288623      5574  +1.3608398438  +1.110e-04
 12719  +1.3623101864      5580  +1.3623046875  -5.499e-06
 12720  +1.3638896770      5586  +1.3637695312  -1.201e-04
 12721  +1.3654673405      5593  +1.3654785156  +1.118e-05
 12722  +1.3670431833      5599  +1.3669433594  -9.982e-05
 12723  +1.3686172117      5606  +1.3686523438  +3.513e-05
 12724  +1.3701894319      5612  +1.3701171875  -7.224e-05
 12725  +1.3717598501      5619  +1.3718261719  +6.632e-05
 12726  +1.3733284725      5625  +1.3732910156  -3.746e-05
 12727  +1.3748953052      5632  +1.3750000000  +1.047e-04
 12728  +1.3764603545      5638  +1.3764648438  +4.489e-06
 12729  +1.3780236262      5644  +1.3779296875  -9.394e-05
 12730  +1.3795851266      5651  +1.3796386719  +5.355e-05
 12731  +1.3811448616      5657  +1.3811035156  -4.135e-05
 12732  +1.3827028371      5664  +1.3828125000  +1.097e-04
 12733  +1.3842590591      5670  +1.3842773438  +1.828e-05
 12734  +1.3858135336      5676  +1.3857421875  -7.135e-05
 12735  +1.3873662663      5683  +1.3874511719  +8.491e-05
 12736  +1.3889172632      5689  +1.3889160156  -1.248e-06
 12737  +1.3904665300      5695  +1.3903808594  -8.567e-05
 12738  +1.3920140725      5702  +1.3920898438  +7.577e-05
 12739  +1.3935598965      5708  +1.3935546875  -5.209e-06
 12740  +1.3951040077      5714  +1.3950195312  -8.448e-05
 12741  +1.3966464117      5721  +1.3967285156  +8.210e-05
 12742  +1.3981871142      5727  +1.3981933594  +6.245e-06
 12743  +1.3997261208      5733  +1.3996582031  -6.792e-05
 12744  +1.4012634372      5740  +1.4013671875  +1.038e-04
 12745  +1.4027990688      5746  +1.4028320312  +3.296e-05
 12746  +1.4043330212      5752  +1.4042968750  -3.615e-05
 12747  +1.4058652999      5758  +1.4057617188  -1.036e-04
 12748  +1.4073959104      5765  +1.4074707031  +7.479e-05
 12749  +1.4089248581      5771  +1.4089355469  +1.069e-05
 12750  +1.4104521484      5777  +1.4104003906  -5.176e-05
 12751  +1.4119777866      5783  +1.4118652344  -1.126e-04
 12752  +1.4135017782      5790  +1.4135742188  +7.244e-05
 12753  +1.4150241284      5796  +1.4150390625  +1.493e-05
 12754  +1.4165448426      5802  +1.4165039062  -4.094e-05
 12755  +1.4180639260      5808  +1.4179687500  -9.518e-05
 12756  +1.4195813838      5815  +1.4196777344  +9.635e-05
 12757  +1.4210972212      5821  +1.4211425781  +4.536e-05
 12758  +1.4226114435      5827  +1.4226074219  -4.022e-06
 12759  +1.4241240558      5833  +1.4240722656  -5.179e-05
 12760  +1.4256350632      5839  +1.4255371094  -9.795e-05
 12761  +1.4271444708      5846  +1.4272460938  +1.016e-04
 12762  +1.4286522836      5852  +1.4287109375  +5.865e-05
 12763  +1.4301585068      5858  +1.4301757812  +1.727e-05
 12764  +1.4316631453      5864  +1.4316406250  -2.252e-05
 12765  +1.4331662042      5870  +1.4331054688  -6.074e-05
 12766  +1.4346676883      5876  +1.4345703125  -9.738e-05
 12767  +1.4361676026      5883  +1.4362792969  +1.117e-04
 12768  +1.4376659521      5889  +1.4377441406  +7.819e-05
 12769  +1.4391627417      5895  +1.4392089844  +4.624e-05
 12770  +1.4406579761      5901  +1.4406738281  +1.585e-05
 12771  +1.4421516602      5907  +1.4421386719  -1.299e-05
 12772  +1.4436437989      5913  +1.4436035156  -4.028e-05
 12773  +1.4451343969      5919  +1.4450683594  -6.604e-05
 12774  +1.4466234591      5925  +1.4465332031  -9.026e-05
 12775  +1.4481109900      5931  +1.4479980469  -1.129e-04
 12776  +1.4495969945      5938  +1.4497070312  +1.100e-04
 12777  +1.4510814772      5944  +1.4511718750  +9.040e-05
 12778  +1.4525644428      5950  +1.4526367188  +7.228e-05
 12779  +1.4540458960      5956  +1.4541015625  +5.567e-05
 12780  +1.4555258413      5962  +1.4555664062  +4.056e-05
 12781  +1.4570042834      5968  +1.4570312500  +2.697e-05
 12782  +1.4584812267      5974  +1.4584960938  +1.487e-05
 12783  +1.4599566760      5980  +1.4599609375  +4.261e-06
 12784  +1.4614306357      5986  +1.4614257812  -4.854e-06
 12785  +1.4629031102      5992  +1.4628906250  -1.249e-05
 12786  +1.4643741042      5998  +1.4643554688  -1.864e-05
 12787  +1.4658436220      6004  +1.4658203125  -2.331e-05
 12788  +1.4673116680      6010  +1.4672851562  -2.651e-05
 12789  +1.4687782468      6016  +1.4687500000  -2.825e-05
 12790  +1.4702433626      6022  +1.4702148438  -2.852e-05
 12791  +1.4717070199      6028  +1.4716796875  -2.733e-05
 12792  +1.4731692229      6034  +1.4731445312  -2.469e-05
 12793  +1.4746299761      6040  +1.4746093750  -2.060e-05
 12794  +1.4760892837      6046  +1.4760742188  -1.506e-05
 12795  +1.4775471500      6052  +1.4775390625  -8.088e-06
 12796  +1.4790035793      6058  +1.4790039062  +3.269e-07
 12797  +1.4804585758      6064  +1.4804687500  +1.017e-05
 12798  +1.4819121437      6070  +1.4819335938  +2.145e-05
 12799  +1.4833642873      6076  +1.4833984375  +3.415e-05
 12800  +1.4848150107      6082  +1.4848632812  +4.827e-05
 12801  +1.4862643180      6088  +1.4863281250  +6.381e-05
 12802  +1.4877122134      6094  +1.4877929688  +8.076e-05
 12803  +1.4891587011      6100  +1.4892578125  +9.911e-05
 12804  +1.4906037851      6106  +1.4907226562  +1.189e-04
 12805  +1.4920474695      6111  +1.4919433594  -1.041e-04
 12806  +1.4934897583      6117  +1.4934082031  -8.156e-05
 12807  +1.4949306557      6123  +1.4948730469  -5.761e-05
 12808  +1.4963701656      6129  +1.4963378906  -3.227e-05
 12809  +1.4978082920      6135  +1.4978027344  -5.558e-06
 12810  +1.4992450389      6141  +1.4992675781  +2.254e-05
 12811  +1.5006804102      6147  +1.5007324219  +5.201e-05
 12812  +1.5021144100      6153  +1.5021972656  +8.286e-05
 12813  +1.5035470421      6159  +1.5036621094  +1.151e-04
 12814  +1.5049783104      6164  +1.5048828125  -9.550e-05
 12815  +1.5064082189      6170  +1.5063476562  -6.056e-05
 12816  +1.5078367713      6176  +1.5078125000  -2.427e-05
 12817  +1.5092639716      6182  +1.5092773438  +1.337e-05
 12818  +1.5106898236      6188  +1.5107421875  +5.236e-05
 12819  +1.5121143310      6194  +1.5122070312  +9.270e-05
 12820  +1.5135374978      6199  +1.5134277344  -1.098e-04
 12821  +1.5149593276      6205  +1.5148925781  -6.675e-05
 12822  +1.5163798242      6211  +1.5163574219  -2.240e-05
 12823  +1.5177989914      6217  +1.5178222656  +2.327e-05
 12824  +1.5192168329      6223  +1.5192871094  +7.028e-05
 12825  +1.5206333524      6229  +1.5207519531  +1.186e-04
 12826  +1.5220485536      6234  +1.5219726562  -7.590e-05
 12827  +1.5234624402      6240  +1.5234375000  -2.494e-05
 12828  +1.5248750157      6246  +1.5249023438  +2.733e-05
 12829  +1.5262862840      6252  +1.5263671875  +8.090e-05
 12830  +1.5276962485      6257  +1.5275878906  -1.084e-04
 12831  +1.5291049130      6263  +1.5290527344  -5.218e-05
 12832  +1.5305122809      6269  +1.5305175781  +5.297e-06
 12833  +1.5319183558      6275  +1.5319824219  +6.407e-05
 12834  +1.5333231414      6280  +1.5332031250  -1.200e-04
 12835  +1.5347266412      6286  +1.5346679688  -5.867e-05
 12836  +1.5361288586      6292  +1.5361328125  +3.954e-06
 12837  +1.5375297972      6298  +1.5375976562  +6.786e-05
 12838  +1.5389294605      6303  +1.5388183594  -1.111e-04
 12839  +1.5403278519      6309  +1.5402832031  -4.465e-05
 12840  +1.5417249750      6315  +1.5417480469  +2.307e-05
 12841  +1.5431208331      6321  +1.5432128906  +9.206e-05
 12842  +1.5445154297      6326  +1.5444335938  -8.184e-05
 12843  +1.5459087682      6332  +1.5458984375  -1.033e-05
 12844  +1.5473008520      6338  +1.5473632812  +6.243e-05
 12845  +1.5486916845      6343  +1.5485839844  -1.077e-04
 12846  +1.5500812691      6349  +1.5500488281  -3.244e-05
 12847  +1.5514696091      6355  +1.5515136719  +4.406e-05
 12848  +1.5528567078      6361  +1.5529785156  +1.218e-04
 12849  +1.5542425686      6366  +1.5541992188  -4.335e-05
 12850  +1.5556271947      6372  +1.5556640625  +3.687e-05
 12851  +1.5570105896      6378  +1.5571289062  +1.183e-04
 12852  +1.5583927564      6383  +1.5583496094  -4.315e-05
 12853  +1.5597736984      6389  +1.5598144531  +4.075e-05
 12854  +1.5611534189      6394  +1.5610351562  -1.183e-04
 12855  +1.5625319211      6400  +1.5625000000  -3.192e-05
 12856  +1.5639092082      6406  +1.5639648438  +5.564e-05
 12857  +1.5652852834      6411  +1.5651855469  -9.974e-05
 12858  +1.5666601500      6417  +1.5666503906  -9.759e-06
 12859  +1.5680338110      6423  +1.5681152344  +8.142e-05
 12860  +1.5694062698      6428  +1.5693359375  -7.033e-05
 12861  +1.5707775293      6434  +1.5708007812  +2.325e-05
 12862  +1.5721475929      6440  +1.5722656250  +1.180e-04
 12863  +1.5735164635      6445  +1.5734863281  -3.014e-05
 12864  +1.5748841443      6451  +1.5749511719  +6.703e-05
 12865  +1.5762506384      6456  +1.5761718750  -7.876e-05
 12866  +1.5776159488      6462  +1.5776367188  +2.077e-05
 12867  +1.5789800787      6468  +1.5791015625  +1.215e-04
 12868  +1.5803430312      6473  +1.5803222656  -2.077e-05
 12869  +1.5817048091      6479  +1.5817871094  +8.230e-05
 12870  +1.5830654157      6484  +1.5830078125  -5.760e-05
 12871  +1.5844248538      6490  +1.5844726562  +4.780e-05
 12872  +1.5857831265      6495  +1.5856933594  -8.977e-05
 12873  +1.5871402369      6501  +1.5871582031  +1.797e-05
 12874  +1.5884961878      6506  +1.5883789062  -1.173e-04
 12875  +1.5898509822      6512  +1.5898437500  -7.232e-06
 12876  +1.5912046231      6518  +1.5913085938  +1.040e-04
 12877  +1.5925571135      6523  +1.5925292969  -2.782e-05
 12878  +1.5939084562      6529  +1.5939941406  +8.568e-05
 12879  +1.5952586542      6534  +1.5952148438  -4.381e-05
 12880  +1.5966077104      6540  +1.5966796875  +7.198e-05
 12881  +1.5979556277      6545  +1.5979003906  -5.524e-05
 12882  +1.5993024089      6551  +1.5993652344  +6.283e-05
 12883  +1.6006480569      6556  +1.6005859375  -6.212e-05
 12884  +1.6019925746      6562  +1.6020507812  +5.821e-05
 12885  +1.6033359649      6567  +1.6032714844  -6.448e-05
 12886  +1.6046782304      6573  +1.6047363281  +5.810e-05
 12887  +1.6060193742      6578  +1.6059570312  -6.234e-05
 12888  +1.6073593989      6584  +1.6074218750  +6.248e-05
 12889  +1.6086983075      6589  +1.6086425781  -5.573e-05
 12890  +1.6100361025      6595  +1.6101074219  +7.132e-05
 12891  +1.6113727870      6600  +1.6113281250  -4.466e-05
 12892  +1.6127083635      6606  +1.6127929688  +8.461e-05
 12893  +1.6140428348      6611  +1.6140136719  -2.916e-05
 12894  +1.6153762038      6617  +1.6154785156  +1.023e-04
 12895  +1.6167084730      6622  +1.6166992188  -9.254e-06
 12896  +1.6180396453      6627  +1.6179199219  -1.197e-04
 12897  +1.6193697234      6633  +1.6193847656  +1.504e-05
 12898  +1.6206987098      6638  +1.6206054688  -9.324e-05
 12899  +1.6220266074      6644  +1.6220703125  +4.371e-05
 12900  +1.6233534187      6649  +1.6232910156  -6.240e-05
 12901  +1.6246791465      6655  +1.6247558594  +7.671e-05
 12902  +1.6260037934      6660  +1.6259765625  -2.723e-05
 12903  +1.6273273621      6666  +1.6274414062  +1.140e-04
 12904  +1.6286498551      6671  +1.6286621094  +1.225e-05
 12905  +1.6299712750      6676  +1.6298828125  -8.846e-05
 12906  +1.6312916246      6682  +1.6313476562  +5.603e-05
 12907  +1.6326109064      6687  +1.6325683594  -4.255e-05
 12908  +1.6339291229      6693  +1.6340332031  +1.041e-04
 12909  +1.6352462768      6698  +1.6352539062  +7.629e-06
 12910  +1.6365623706      6703  +1.6364746094  -8.776e-05
 12911  +1.6378774068      6709  +1.6379394531  +6.205e-05
 12912  +1.6391913881      6714  +1.6391601562  -3.123e-05
 12913  +1.6405043170      6720  +1.6406250000  +1.207e-04
 12914  +1.6418161959      6725  +1.6418457031  +2.951e-05
 12915  +1.6431270274      6730  +1.6430664062  -6.062e-05
 12916  +1.6444368140      6736  +1.6445312500  +9.444e-05
 12917  +1.6457455582      6741  +1.6457519531  +6.395e-06
 12918  +1.6470532624      6746  +1.6469726562  -8.061e-05
 12919  +1.6483599292      6752  +1.6484375000  +7.757e-05
 12920  +1.6496655611      6757  +1.6496582031  -7.358e-06
 12921  +1.6509701604      6762  +1.6508789062  -9.125e-05
 12922  +1.6522737296      6768  +1.6523437500  +7.002e-05
 12923  +1.6535762712      6773  +1.6535644531  -1.182e-05
 12924  +1.6548777875      6778  +1.6547851562  -9.263e-05
 12925  +1.6561782811      6784  +1.6562500000  +7.172e-05
 12926  +1.6574777542      6789  +1.6574707031  -7.051e-06
 12927  +1.6587762094      6794  +1.6586914062  -8.480e-05
 12928  +1.6600736489      6800  +1.6601562500  +8.260e-05
 12929  +1.6613700753      6805  +1.6613769531  +6.878e-06
 12930  +1.6626654907      6810  +1.6625976562  -6.783e-05
 12931  +1.6639598977      6816  +1.6640625000  +1.026e-04
 12932  +1.6652532985      6821  +1.6652832031  +2.990e-05
 12933  +1.6665456955      6826  +1.6665039062  -4.179e-05
 12934  +1.6678370910      6831  +1.6677246094  -1.125e-04
 12935  +1.6691274874      6837  +1.6691894531  +6.197e-05
 12936  +1.6704168870      6842  +1.6704101562  -6.731e-06
 12937  +1.6717052920      6847  +1.6716308594  -7.443e-05
 12938  +1.6729927049      6853  +1.6730957031  +1.030e-04
 12939  +1.6742791277      6858  +1.6743164062  +3.728e-05
 12940  +1.6755645630      6863  +1.6755371094  -2.745e-05
 12941  +1.6768490128      6868  +1.6767578125  -9.120e-05
 12942  +1.6781324795      6874  +1.6782226562  +9.018e-05
 12943  +1.6794149653      6879  +1.6794433594  +2.839e-05
 12944  +1.6806964726      6884  +1.6806640625  -3.241e-05
 12945  +1.6819770034      6889  +1.6818847656  -9.224e-05
 12946  +1.6832565601      6895  +1.6833496094  +9.305e-05
 12947  +1.6845351448      6900  +1.6845703125  +3.517e-05
 12948  +1.6858127598      6905  +1.6857910156  -2.174e-05
 12949  +1.6870894073      6910  +1.6870117188  -7.769e-05
 12950  +1.6883650894      6916  +1.6884765625  +1.115e-04
 12951  +1.6896398085      6921  +1.6896972656  +5.746e-05
 12952  +1.6909135665      6926  +1.6909179688  +4.402e-06
 12953  +1.6921863658      6931  +1.6921386719  -4.769e-05
 12954  +1.6934582084      6936  +1.6933593750  -9.883e-05
 12955  +1.6947290965      6942  +1.6948242188  +9.512e-05
 12956  +1.6959990323      6947  +1.6960449219  +4.589e-05
 12957  +1.6972680179      6952  +1.6972656250  -2.393e-06
 12958  +1.6985360555      6957  +1.6984863281  -4.973e-05
 12959  +1.6998031471      6962  +1.6997070312  -9.612e-05
 12960  +1.7010692948      6968  +1.7011718750  +1.026e-04
 12961  +1.7023345009      6973  +1.7023925781  +5.808e-05
 12962  +1.7035987673      6978  +1.7036132812  +1.451e-05
 12963  +1.7048620962      6983  +1.7048339844  -2.811e-05
 12964  +1.7061244896      6988  +1.7060546875  -6.980e-05
 12965  +1.7073859497      6993  +1.7072753906  -1.106e-04
 12966  +1.7086464784      6999  +1.7087402344  +9.376e-05
 12967  +1.7099060779      7004  +1.7099609375  +5.486e-05
 12968  +1.7111647502      7009  +1.7111816406  +1.689e-05
 12969  +1.7124224974      7014  +1.7124023438  -2.015e-05
 12970  +1.7136793214      7019  +1.7136230469  -5.627e-05
 12971  +1.7149352243      7024  +1.7148437500  -9.147e-05
 12972  +1.7161902082      7030  +1.7163085938  +1.184e-04
 12973  +1.7174442750      7035  +1.7175292969  +8.502e-05
 12974  +1.7186974268      7040  +1.7187500000  +5.257e-05
 12975  +1.7199496655      7045  +1.7199707031  +2.104e-05
 12976  +1.7212009932      7050  +1.7211914062  -9.587e-06
 12977  +1.7224514118      7055  +1.7224121094  -3.930e-05
 12978  +1.7237009233      7060  +1.7236328125  -6.811e-05
 12979  +1.7249495297      7065  +1.7248535156  -9.601e-05
 12980  +1.7261972330      7071  +1.7263183594  +1.211e-04
 12981  +1.7274440350      7076  +1.7275390625  +9.503e-05
 12982  +1.7286899379      7081  +1.7287597656  +6.983e-05
 12983  +1.7299349434      7086  +1.7299804688  +4.553e-05
 12984  +1.7311790535      7091  +1.7312011719  +2.212e-05
 12985  +1.7324222702      7096  +1.7324218750  -3.952e-07
 12986  +1.7336645954      7101  +1.7336425781  -2.202e-05
 12987  +1.7349060310      7106  +1.7348632812  -4.275e-05
 12988  +1.7361465790      7111  +1.7360839844  -6.259e-05
 12989  +1.7373862411      7116  +1.7373046875  -8.155e-05
 12990  +1.7386250193      7121  +1.7385253906  -9.963e-05
 12991  +1.7398629155      7126  +1.7397460938  -1.168e-04
 12992  +1.7410999316      7132  +1.7412109375  +1.110e-04
 12993  +1.7423360695      7137  +1.7424316406  +9.557e-05
 12994  +1.7435713309      7142  +1.7436523438  +8.101e-05
 12995  +1.7448057179      7147  +1.7448730469  +6.733e-05
 12996  +1.7460392321      7152  +1.7460937500  +5.452e-05
 12997  +1.7472718756      7157  +1.7473144531  +4.258e-05
 12998  +1.7485036501      7162  +1.7485351562  +3.151e-05
 12999  +1.7497345574      7167  +1.7497558594  +2.130e-05
 13000  +1.7509645994      7172  +1.7509765625  +1.196e-05
 13001  +1.7521937779      7177  +1.7521972656  +3.488e-06
 13002  +1.7534220948      7182  +1.7534179688  -4.126e-06
 13003  +1.7546495518      7187  +1.7546386719  -1.088e-05
 13004  +1.7558761507      7192  +1.7558593750  -1.678e-05
 13005  +1.7571018934      7197  +1.7570800781  -2.182e-05
 13006  +1.7583267816      7202  +1.7583007812  -2.600e-05
 13007  +1.7595508171      7207  +1.7595214844  -2.933e-05
 13008  +1.7607740016      7212  +1.7607421875  -3.181e-05
 13009  +1.7619963371      7217  +1.7619628906  -3.345e-05
 13010  +1.7632178252      7222  +1.7631835938  -3.423e-05
 13011  +1.7644384676      7227  +1.7644042969  -3.417e-05
 13012  +1.7656582662      7232  +1.7656250000  -3.327e-05
 13013  +1.7668772227      7237  +1.7668457031  -3.152e-05
 13014  +1.7680953388      7242  +1.7680664062  -2.893e-05
 13015  +1.7693126163      7247  +1.7692871094  -2.551e-05
 13016  +1.7705290569      7252  +1.7705078125  -2.124e-05
 13017  +1.7717446623      7257  +1.7717285156  -1.615e-05
 13018  +1.7729594342      7262  +1.7729492188  -1.022e-05
 13019  +1.7741733744      7267  +1.7741699219  -3.453e-06
 13020  +1.7753864846      7272  +1.7753906250  +4.140e-06
 13021  +1.7765987664      7277  +1.7766113281  +1.256e-05
 13022  +1.7778102215      7282  +1.7778320312  +2.181e-05
 13023  +1.7790208517      7287  +1.7790527344  +3.188e-05
 13024  +1.7802306586      7292  +1.7802734375  +4.278e-05
 13025  +1.7814396439      7297  +1.7814941406  +5.450e-05
 13026  +1.7826478093      7302  +1.7827148438  +6.703e-05
 13027  +1.7838551564      7307  +1.7839355469  +8.039e-05
 13028  +1.7850616869      7312  +1.7851562500  +9.456e-05
 13029  +1.7862674025      7317  +1.7863769531  +1.096e-04
 13030  +1.7874723047      7321  +1.7873535156  -1.188e-04
 13031  +1.7886763954      7326  +1.7885742188  -1.022e-04
 13032  +1.7898796759      7331  +1.7897949219  -8.475e-05
 13033  +1.7910821482      7336  +1.7910156250  -6.652e-05
 13034  +1.7922838136      7341  +1.7922363281  -4.749e-05
 13035  +1.7934846739      7346  +1.7934570312  -2.764e-05
 13036  +1.7946847307      7351  +1.7946777344  -6.996e-06
 13037  +1.7958839856      7356  +1.7958984375  +1.445e-05
 13038  +1.7970824402      7361  +1.7971191406  +3.670e-05
 13039  +1.7982800960      7366  +1.7983398438  +5.975e-05
 13040  +1.7994769548      7371  +1.7995605469  +8.359e-05
 13041  +1.8006730180      7376  +1.8007812500  +1.082e-04
 13042  +1.8018682874      7380  +1.8017578125  -1.105e-04
 13043  +1.8030627643      7385  +1.8029785156  -8.425e-05
 13044  +1.8042564505      7390  +1.8041992188  -5.723e-05
 13045  +1.8054493474      7395  +1.8054199219  -2.943e-05
 13046  +1.8066414567      7400  +1.8066406250  -8.317e-07
 13047  +1.8078327800      7405  +1.8078613281  +2.855e-05
 13048  +1.8090233186      7410  +1.8090820312  +5.871e-05
 13049  +1.8102130743      7415  +1.8103027344  +8.966e-05
 13050  +1.8114020485      7420  +1.8115234375  +1.214e-04
 13051  +1.8125902429      7424  +1.8125000000  -9.024e-05
 13052  +1.8137776588      7429  +1.8137207031  -5.696e-05
 13053  +1.8149642979      7434  +1.8149414062  -2.289e-05
 13054  +1.8161501617      7439  +1.8161621094  +1.195e-05
 13055  +1.8173352516      7444  +1.8173828125  +4.756e-05
 13056  +1.8185195693      7449  +1.8186035156  +8.395e-05
 13057  +1.8197031161      7454  +1.8198242188  +1.211e-04
 13058  +1.8208858937      7458  +1.8208007812  -8.511e-05
 13059  +1.8220679035      7463  +1.8220214844  -4.642e-05
 13060  +1.8232491470      7468  +1.8232421875  -6.960e-06
 13061  +1.8244296257      7473  +1.8244628906  +3.326e-05
 13062  +1.8256093411      7478  +1.8256835938  +7.425e-05
 13063  +1.8267882946      7483  +1.8269042969  +1.160e-04
 13064  +1.8279664878      7487  +1.8278808594  -8.563e-05
 13065  +1.8291439220      7492  +1.8291015625  -4.236e-05
 13066  +1.8303205988      7497  +1.8303222656  +1.667e-06
 13067  +1.8314965197      7502  +1.8315429688  +4.645e-05
 13068  +1.8326716860      7507  +1.8327636719  +9.199e-05
 13069  +1.8338460992      7511  +1.8337402344  -1.059e-04
 13070  +1.8350197609      7516  +1.8349609375  -5.882e-05
 13071  +1.8361926723      7521  +1.8361816406  -1.103e-05
 13072  +1.8373648350      7526  +1.8374023438  +3.751e-05
 13073  +1.8385362504      7531  +1.8386230469  +8.680e-05
 13074  +1.8397069199      7535  +1.8395996094  -1.073e-04
 13075  +1.8408768449      7540  +1.8408203125  -5.653e-05
 13076  +1.8420460269      7545  +1.8420410156  -5.011e-06
 13077  +1.8432144672      7550  +1.8432617188  +4.725e-05
 13078  +1.8443821673      7555  +1.8444824219  +1.003e-04
 13079  +1.8455491287      7559  +1.8454589844  -9.014e-05
 13080  +1.8467153526      7564  +1.8466796875  -3.567e-05
 13081  +1.8478808404      7569  +1.8479003906  +1.955e-05
 13082  +1.8490455937      7574  +1.8491210938  +7.550e-05
 13083  +1.8502096137      7578  +1.8500976562  -1.120e-04
 13084  +1.8513729018      7583  +1.8513183594  -5.454e-05
 13085  +1.8525354595      7588  +1.8525390625  +3.603e-06
 13086  +1.8536972881      7593  +1.8537597656  +6.248e-05
 13087  +1.8548583889      7597  +1.8547363281  -1.221e-04
 13088  +1.8560187633      7602  +1.8559570312  -6.173e-05
 13089  +1.8571784128      7607  +1.8571777344  -6.784e-07
 13090  +1.8583373386      7612  +1.8583984375  +6.110e-05
 13091  +1.8594955421      7616  +1.8593750000  -1.205e-04
 13092  +1.8606530246      7621  +1.8605957031  -5.732e-05
 13093  +1.8618097876      7626  +1.8618164062  +6.619e-06
 13094  +1.8629658323      7631  +1.8630371094  +7.128e-05
 13095  +1.8641211600      7635  +1.8640136719  -1.075e-04
 13096  +1.8652757722      7640  +1.8652343750  -4.140e-05
 13097  +1.8664296701      7645  +1.8664550781  +2.541e-05
 13098  +1.8675828550      7650  +1.8676757812  +9.293e-05
 13099  +1.8687353284      7654  +1.8686523438  -8.298e-05
 13100  +1.8698870914      7659  +1.8698730469  -1.404e-05
 13101  +1.8710381454      7664  +1.8710937500  +5.560e-05
 13102  +1.8721884918      7668  +1.8720703125  -1.182e-04
 13103  +1.8733381317      7673  +1.8732910156  -4.712e-05
 13104  +1.8744870666      7678  +1.8745117188  +2.465e-05
 13105  +1.8756352977      7683  +1.8757324219  +9.712e-05
 13106  +1.8767828263      7687  +1.8767089844  -7.384e-05
 13107  +1.8779296536      7692  +1.8779296875  +3.386e-08
 13108  +1.8790757811      7697  +1.8791503906  +7.461e-05
 13109  +1.8802212099      7701  +1.8801269531  -9.426e-05
 13110  +1.8813659413      7706  +1.8813476562  -1.829e-05
 13111  +1.8825099767      7711  +1.8825683594  +5.838e-05
 13112  +1.8836533172      7715  +1.8835449219  -1.084e-04
 13113  +1.8847959641      7720  +1.8847656250  -3.034e-05
 13114  +1.8859379188      7725  +1.8859863281  +4.841e-05
 13115  +1.8870791824      7729  +1.8869628906  -1.163e-04
 13116  +1.8882197562      7734  +1.8881835938  -3.616e-05
 13117  +1.8893596414      7739  +1.8894042969  +4.466e-05
 13118  +1.8904988394      7743  +1.8903808594  -1.180e-04
 13119  +1.8916373513      7748  +1.8916015625  -3.579e-05
 13120  +1.8927751784      7753  +1.8928222656  +4.709e-05
 13121  +1.8939123219      7757  +1.8937988281  -1.135e-04
 13122  +1.8950487830      7762  +1.8950195312  -2.925e-05
 13123  +1.8961845630      7767  +1.8962402344  +5.567e-05
 13124  +1.8973196631      7771  +1.8972167969  -1.029e-04
 13125  +1.8984540846      7776  +1.8984375000  -1.658e-05
 13126  +1.8995878285      7781  +1.8996582031  +7.037e-05
 13127  +1.9007208962      7785  +1.9006347656  -8.613e-05
 13128  +1.9018532889      7790  +1.9018554688  +2.180e-06
 13129  +1.9029850077      7795  +1.9030761719  +9.116e-05
 13130  +1.9041160538      7799  +1.9040527344  -6.332e-05
 13131  +1.9052464286      7804  +1.9052734375  +2.701e-05
 13132  +1.9063761330      7809  +1.9064941406  +1.180e-04
 13133  +1.9075051684      7813  +1.9074707031  -3.447e-05
 13134  +1.9086335360      7818  +1.9086914062  +5.787e-05
 13135  +1.9097612369      7822  +1.9096679688  -9.327e-05
 13136  +1.9108882722      7827  +1.9108886719  +3.997e-07
 13137  +1.9120146432      7832  +1.9121093750  +9.473e-05
 13138  +1.9131403511      7836  +1.9130859375  -5.441e-05
 13139  +1.9142653970      7841  +1.9143066406  +4.124e-05
 13140  +1.9153897820      7845  +1.9152832031  -1.066e-04
 13141  +1.9165135074      7850  +1.9165039062  -9.601e-06
 13142  +1.9176365743      7855  +1.9177246094  +8.804e-05
 13143  +1.9187589839      7859  +1.9187011719  -5.781e-05
 13144  +1.9198807373      7864  +1.9199218750  +4.114e-05
 13145  +1.9210018356      7868  +1.9208984375  -1.034e-04
 13146  +1.9221222800      7873  +1.9221191406  -3.139e-06
 13147  +1.9232420717      7878  +1.9233398438  +9.777e-05
 13148  +1.9243612118      7882  +1.9243164062  -4.481e-05
 13149  +1.9254797014      7887  +1.9255371094  +5.741e-05
 13150  +1.9265975417      7891  +1.9265136719  -8.387e-05
 13151  +1.9277147338      7896  +1.9277343750  +1.964e-05
 13152  +1.9288312787      7900  +1.9287109375  -1.203e-04
 13153  +1.9299471777      7905  +1.9299316406  -1.554e-05
 13154  +1.9310624319      7910  +1.9311523438  +8.991e-05
 13155  +1.9321770424      7914  +1.9321289062  -4.814e-05
 13156  +1.9332910102      7919  +1.9333496094  +5.860e-05
 13157  +1.9344043365      7923  +1.9343261719  -7.816e-05
 13158  +1.9355170225      7928  +1.9355468750  +2.985e-05
 13159  +1.9366290691      7932  +1.9365234375  -1.056e-04
 13160  +1.9377404775      7937  +1.9377441406  +3.663e-06
 13161  +1.9388512489      7942  +1.9389648438  +1.136e-04
 13162  +1.9399613843      7946  +1.9399414062  -1.998e-05
 13163  +1.9410708847      7951  +1.9411621094  +9.122e-05
 13164  +1.9421797514      7955  +1.9421386719  -4.108e-05
 13165  +1.9432879853      7960  +1.9433593750  +7.139e-05
 13166  +1.9443955875      7964  +1.9443359375  -5.965e-05
 13167  +1.9455025592      7969  +1.9455566406  +5.408e-05
 13168  +1.9466089014      7973  +1.9465332031  -7.570e-05
 13169  +1.9477146151      7978  +1.9477539062  +3.929e-05
 13170  +1.9488197015      7982  +1.9487304688  -8.923e-05
 13171  +1.9499241616      7987  +1.9499511719  +2.701e-05
 13172  +1.9510279965      7991  +1.9509277344  -1.003e-04
 13173  +1.9521312072      7996  +1.9521484375  +1.723e-05
 13174  +1.9532337948      8000  +1.9531250000  -1.088e-04
 13175  +1.9543357604      8005  +1.9543457031  +9.943e-06
 13176  +1.9554371049      8009  +1.9553222656  -1.148e-04
 13177  +1.9565378295      8014  +1.9565429688  +5.139e-06
 13178  +1.9576379352      8018  +1.9575195312  -1.184e-04
 13179  +1.9587374231      8023  +1.9587402344  +2.811e-06
 13180  +1.9598362941      8027  +1.9597167969  -1.195e-04
 13181  +1.9609345493      8032  +1.9609375000  +2.951e-06
 13182  +1.9620321898      8036  +1.9619140625  -1.181e-04
 13183  +1.9631292165      8041  +1.9631347656  +5.549e-06
 13184  +1.9642256306      8045  +1.9641113281  -1.143e-04
 13185  +1.9653214330      8050  +1.9653320312  +1.060e-05
 13186  +1.9664166247      8054  +1.9663085938  -1.080e-04
 13187  +1.9675112068      8059  +1.9675292969  +1.809e-05
 13188  +1.9686051803      8063  +1.9685058594  -9.932e-05
 13189  +1.9696985463      8068  +1.9697265625  +2.802e-05
 13190  +1.9707913056      8072  +1.9707031250  -8.818e-05
 13191  +1.9718834594      8077  +1.9719238281  +4.037e-05
 13192  +1.9729750085      8081  +1.9729003906  -7.462e-05
 13193  +1.9740659542      8086  +1.9741210938  +5.514e-05
 13194  +1.9751562972      8090  +1.9750976562  -5.864e-05
 13195  +1.9762460387      8095  +1.9763183594  +7.232e-05
 13196  +1.9773351796      8099  +1.9772949219  -4.026e-05
 13197  +1.9784237210      8104  +1.9785156250  +9.190e-05
 13198  +1.9795116637      8108  +1.9794921875  -1.948e-05
 13199  +1.9805990088      8113  +1.9807128906  +1.139e-04
 13200  +1.9816857573      8117  +1.9816894531  +3.696e-06
 13201  +1.9827719102      8121  +1.9826660156  -1.059e-04
 13202  +1.9838574684      8126  +1.9838867188  +2.925e-05
 13203  +1.9849424329      8130  +1.9848632812  -7.915e-05
 13204  +1.9860268047      8135  +1.9860839844  +5.718e-05
 13205  +1.9871105848      8139  +1.9870605469  -5.004e-05
 13206  +1.9881937741      8144  +1.9882812500  +8.748e-05
 13207  +1.9892763735      8148  +1.9892578125  -1.856e-05
 13208  +1.9903583841      8153  +1.9904785156  +1.201e-04
 13209  +1.9914398069      8157  +1.9914550781  +1.527e-05
 13210  +1.9925206427      8161  +1.9924316406  -8.900e-05
 13211  +1.9936008925      8166  +1.9936523438  +5.145e-05
 13212  +1.9946805573      8170  +1.9946289062  -5.165e-05
 13213  +1.9957596380      8175  +1.9958496094  +8.997e-05
 13214  +1.9968381356      8179  +1.9968261719  -1.196e-05
 13215  +1.9979160510      8183  +1.9978027344  -1.133e-04
 13216  +1.9989933851      8188  +1.9990234375  +3.005e-05
 13217  +2.0000701390      8192  +2.0000000000  -7.014e-05
 13218  +2.0011463135      8197  +2.0012207031  +7.439e-05
 13219  +2.0022219095      8201  +2.0021972656  -2.464e-05
 13220  +2.0032969281      8206  +2.0034179688  +1.210e-04
 13221  +2.0043713701      8210  +2.0043945312  +2.316e-05
 13222  +2.0054452364      8214  +2.0053710938  -7.414e-05
 13223  +2.0065185280      8219  +2.0065917969  +7.327e-05
 13224  +2.0075912458      8223  +2.0075683594  -2.289e-05
 13225  +2.0086633908      8227  +2.0085449219  -1.185e-04
 13226  +2.0097349637      8232  +2.0097656250  +3.066e-05
 13227  +2.0108059657      8236  +2.0107421875  -6.378e-05
 13228  +2.0118763974      8241  +2.0119628906  +8.649e-05
 13229  +2.0129462600      8245  +2.0129394531  -6.807e-06
 13230  +2.0140155542      8249  +2.0139160156  -9.954e-05
 13231  +2.0150842811      8254  +2.0151367188  +5.244e-05
 13232  +2.0161524414      8258  +2.0161132812  -3.916e-05
 13233  +2.0172200361      8263  +2.0173339844  +1.139e-04
 13234  +2.0182870660      8267  +2.0183105469  +2.348e-05
 13235  +2.0193535322      8271  +2.0192871094  -6.642e-05
 13236  +2.0204194354      8276  +2.0205078125  +8.838e-05
 13237  +2.0214847766      8280  +2.0214843750  -4.016e-07
 13238  +2.0225495567      8284  +2.0224609375  -8.862e-05
 13239  +2.0236137765      8289  +2.0236816406  +6.786e-05
 13240  +2.0246774369      8293  +2.0246582031  -1.923e-05
 13241  +2.0257405388      8297  +2.0256347656  -1.058e-04
 13242  +2.0268030830      8302  +2.0268554688  +5.239e-05
 13243  +2.0278650706      8306  +2.0278320312  -3.304e-05
 13244  +2.0289265023      8310  +2.0288085938  -1.179e-04
 13245  +2.0299873789      8315  +2.0300292969  +4.192e-05
 13246  +2.0310477015      8319  +2.0310058594  -4.184e-05
 13247  +2.0321074708      8324  +2.0322265625  +1.191e-04
 13248  +2.0331666877      8328  +2.0332031250  +3.644e-05
 13249  +2.0342253530      8332  +2.0341796875  -4.567e-05
 13250  +2.0352834677      8337  +2.0354003906  +1.169e-04
 13251  +2.0363410326      8341  +2.0363769531  +3.592e-05
 13252  +2.0373980485      8345  +2.0373535156  -4.453e-05
 13253  +2.0384545163      8350  +2.0385742188  +1.197e-04
 13254  +2.0395104369      8354  +2.0395507812  +4.034e-05
 13255  +2.0405658111      8358  +2.0405273438  -3.847e-05
 13256  +2.0416206397      8362  +2.0415039062  -1.167e-04
 13257  +2.0426749236      8367  +2.0427246094  +4.969e-05
 13258  +2.0437286636      8371  +2.0437011719  -2.749e-05
 13259  +2.0447818606      8375  +2.0446777344  -1.041e-04
 13260  +2.0458345154      8380  +2.0458984375  +6.392e-05
 13261  +2.0468866289      8384  +2.0468750000  -1.163e-05
 13262  +2.0479382019      8388  +2.0478515625  -8.664e-05
 13263  +2.0489892351      8393  +2.0490722656  +8.303e-05
 13264  +2.0500397296      8397  +2.0500488281  +9.099e-06
 13265  +2.0510896860      8401  +2.0510253906  -6.430e-05
 13266  +2.0521391052      8406  +2.0522460938  +1.070e-04
 13267  +2.0531879880      8410  +2.0532226562  +3.467e-05
 13268  +2.0542363353      8414  +2.0541992188  -3.712e-05
 13269  +2.0552841478      8418  +2.0551757812  -1.084e-04
 13270  +2.0563314264      8423  +2.0563964844  +6.506e-05
 13271  +2.0573781719      8427  +2.0573730469  -5.125e-06
 13272  +2.0584243851      8431  +2.0583496094  -7.478e-05
 13273  +2.0594700669      8436  +2.0595703125  +1.002e-04
 13274  +2.0605152180      8440  +2.0605468750  +3.166e-05
 13275  +2.0615598392      8444  +2.0615234375  -3.640e-05
 13276  +2.0626039313      8448  +2.0625000000  -1.039e-04
 13277  +2.0636474952      8453  +2.0637207031  +7.321e-05
 13278  +2.0646905317      8457  +2.0646972656  +6.734e-06
 13279  +2.0657330415      8461  +2.0656738281  -5.921e-05
 13280  +2.0667750254      8466  +2.0668945312  +1.195e-04
 13281  +2.0678164843      8470  +2.0678710938  +5.461e-05
 13282  +2.0688574189      8474  +2.0688476562  -9.763e-06
 13283  +2.0698978301      8478  +2.0698242188  -7.361e-05
 13284  +2.0709377185      8483  +2.0710449219  +1.072e-04
 13285  +2.0719770851      8487  +2.0720214844  +4.440e-05
 13286  +2.0730159305      8491  +2.0729980469  -1.788e-05
 13287  +2.0740542556      8495  +2.0739746094  -7.965e-05
 13288  +2.0750920612      8500  +2.0751953125  +1.033e-04
 13289  +2.0761293479      8504  +2.0761718750  +4.253e-05
 13290  +2.0771661167      8508  +2.0771484375  -1.768e-05
 13291  +2.0782023683      8512  +2.0781250000  -7.737e-05
 13292  +2.0792381034      8517  +2.0793457031  +1.076e-04
 13293  +2.0802733228      8521  +2.0803222656  +4.894e-05
 13294  +2.0813080273      8525  +2.0812988281  -9.199e-06
 13295  +2.0823422177      8529  +2.0822753906  -6.683e-05
 13296  +2.0833758947      8534  +2.0834960938  +1.202e-04
 13297  +2.0844090592      8538  +2.0844726562  +6.360e-05
 13298  +2.0854417117      8542  +2.0854492188  +7.507e-06
 13299  +2.0864738532      8546  +2.0864257812  -4.807e-05
 13300  +2.0875054843      8550  +2.0874023438  -1.031e-04
 13301  +2.0885366059      8555  +2.0886230469  +8.644e-05
 13302  +2.0895672186      8559  +2.0895996094  +3.239e-05
 13303  +2.0905973233      8563  +2.0905761719  -2.115e-05
 13304  +2.0916269207      8567  +2.0915527344  -7.419e-05
 13305  +2.0926560115      8572  +2.0927734375  +1.174e-04
 13306  +2.0936845965      8576  +2.0937500000  +6.540e-05
 13307  +2.0947126764      8580  +2.0947265625  +1.389e-05
 13308  +2.0957402519      8584  +2.0957031250  -3.713e-05
 13309  +2.0967673239      8588  +2.0966796875  -8.764e-05
 13310  +2.0977938930      8593  +2.0979003906  +1.065e-04
 13311  +2.0988199601      8597  +2.0988769531  +5.699e-05
 13312  +2.0998455257      8601  +2.0998535156  +7.990e-06
 13313  +2.1008705907      8605  +2.1008300781  -4.051e-05
 13314  +2.1018951558      8609  +2.1018066406  -8.852e-05
 13315  +2.1029192217      8614  +2.1030273438  +1.081e-04
 13316  +2.1039427892      8618  +2.1040039062  +6.112e-05
 13317  +2.1049658589      8622  +2.1049804688  +1.461e-05
 13318  +2.1059884316      8626  +2.1059570312  -3.140e-05
 13319  +2.1070105081      8630  +2.1069335938  -7.691e-05
 13320  +2.1080320890      8634  +2.1079101562  -1.219e-04
 13321  +2.1090531751      8639  +2.1091308594  +7.768e-05
 13322  +2.1100737671      8643  +2.1101074219  +3.365e-05
 13323  +2.1110938656      8647  +2.1110839844  -9.881e-06
 13324  +2.1121134715      8651  +2.1120605469  -5.292e-05
 13325  +2.1131325854      8655  +2.1130371094  -9.548e-05
 13326  +2.1141512081      8660  +2.1142578125  +1.066e-04
 13327  +2.1151693402      8664  +2.1152343750  +6.503e-05
 13328  +2.1161869825      8668  +2.1162109375  +2.396e-05
 13329  +2.1172041356      8672  +2.1171875000  -1.664e-05
 13330  +2.1182208003      8676  +2.1181640625  -5.674e-05
 13331  +2.1192369773      8680  +2.1191406250  -9.635e-05
 13332  +2.1202526673      8685  +2.1203613281  +1.087e-04
 13333  +2.1212678709      8689  +2.1213378906  +7.002e-05
 13334  +2.1222825889      8693  +2.1223144531  +3.186e-05
 13335  +2.1232968220      8697  +2.1232910156  -5.806e-06
 13336  +2.1243105708      8701  +2.1242675781  -4.299e-05
 13337  +2.1253238361      8705  +2.1252441406  -7.970e-05
 13338  +2.1263366186      8709  +2.1262207031  -1.159e-04
 13339  +2.1273489188      8714  +2.1274414062  +9.249e-05
 13340  +2.1283607376      8718  +2.1284179688  +5.723e-05
 13341  +2.1293720757      8722  +2.1293945312  +2.246e-05
 13342  +2.1303829336      8726  +2.1303710938  -1.184e-05
 13343  +2.1313933121      8730  +2.1313476562  -4.566e-05
 13344  +2.1324032118      8734  +2.1323242188  -7.899e-05
 13345  +2.1334126335      8738  +2.1333007812  -1.119e-04
 13346  +2.1344215778      8743  +2.1345214844  +9.991e-05
 13347  +2.1354300454      8747  +2.1354980469  +6.800e-05
 13348  +2.1364380370      8751  +2.1364746094  +3.657e-05
 13349  +2.1374455533      8755  +2.1374511719  +5.619e-06
 13350  +2.1384525948      8759  +2.1384277344  -2.486e-05
 13351  +2.1394591623      8763  +2.1394042969  -5.487e-05
 13352  +2.1404652565      8767  +2.1403808594  -8.440e-05
 13353  +2.1414708780      8771  +2.1413574219  -1.135e-04
 13354  +2.1424760275      8776  +2.1425781250  +1.021e-04
 13355  +2.1434807056      8780  +2.1435546875  +7.398e-05
 13356  +2.1444849131      8784  +2.1445312500  +4.634e-05
 13357  +2.1454886505      8788  +2.1455078125  +1.916e-05
 13358  +2.1464919186      8792  +2.1464843750  -7.544e-06
 13359  +2.1474947180      8796  +2.1474609375  -3.378e-05
 13360  +2.1484970493      8800  +2.1484375000  -5.955e-05
 13361  +2.1494989132      8804  +2.1494140625  -8.485e-05
 13362  +2.1505003104      8808  +2.1503906250  -1.097e-04
 13363  +2.1515012415      8813  +2.1516113281  +1.101e-04
 13364  +2.1525017071      8817  +2.1525878906  +8.618e-05
 13365  +2.1535017079      8821  +2.1535644531  +6.275e-05
 13366  +2.1545012446      8825  +2.1545410156  +3.977e-05
 13367  +2.1555003178      8829  +2.1555175781  +1.726e-05
 13368  +2.1564989282      8833  +2.1564941406  -4.788e-06
 13369  +2.1574970763      8837  +2.1574707031  -2.637e-05
 13370  +2.1584947629      8841  +2.1584472656  -4.750e-05
 13371  +2.1594919885      8845  +2.1594238281  -6.816e-05
 13372  +2.1604887539      8849  +2.1604003906  -8.836e-05
 13373  +2.1614850595      8853  +2.1613769531  -1.081e-04
 13374  +2.1624809062      8858  +2.1625976562  +1.168e-04
 13375  +2.1634762945      8862  +2.1635742188  +9.792e-05
 13376  +2.1644712250      8866  +2.1645507812  +7.956e-05
 13377  +2.1654656984      8870  +2.1655273438  +6.165e-05
 13378  +2.1664597153      8874  +2.1665039062  +4.419e-05
 13379  +2.1674532763      8878  +2.1674804688  +2.719e-05
 13380  +2.1684463821      8882  +2.1684570312  +1.065e-05
 13381  +2.1694390333      8886  +2.1694335938  -5.440e-06
 13382  +2.1704312305      8890  +2.1704101562  -2.107e-05
 13383  +2.1714229743      8894  +2.1713867188  -3.626e-05
 13384  +2.1724142653      8898  +2.1723632812  -5.098e-05
 13385  +2.1734051043      8902  +2.1733398438  -6.526e-05
 13386  +2.1743954917      8906  +2.1743164062  -7.909e-05
 13387  +2.1753854283      8910  +2.1752929688  -9.246e-05
 13388  +2.1763749145      8914  +2.1762695312  -1.054e-04
 13389  +2.1773639511      8918  +2.1772460938  -1.179e-04
 13390  +2.1783525387      8923  +2.1784667969  +1.143e-04
 13391  +2.1793406778      8927  +2.1794433594  +1.027e-04
 13392  +2.1803283690      8931  +2.1804199219  +9.155e-05
 13393  +2.1813156131      8935  +2.1813964844  +8.087e-05
 13394  +2.1823024105      8939  +2.1823730469  +7.064e-05
 13395  +2.1832887619      8943  +2.1833496094  +6.085e-05
 13396  +2.1842746679      8947  +2.1843261719  +5.150e-05
 13397  +2.1852601292      8951  +2.1853027344  +4.261e-05
 13398  +2.1862451462      8955  +2.1862792969  +3.415e-05
 13399  +2.1872297196      8959  +2.1872558594  +2.614e-05
 13400  +2.1882138500      8963  +2.1882324219  +1.857e-05
 13401  +2.1891975380      8967  +2.1892089844  +1.145e-05
 13402  +2.1901807842      8971  +2.1901855469  +4.763e-06
 13403  +2.1911635892      8975  +2.1911621094  -1.480e-06
 13404  +2.1921459535      8979  +2.1921386719  -7.282e-06
 13405  +2.1931278778      8983  +2.1931152344  -1.264e-05
 13406  +2.1941093627      8987  +2.1940917969  -1.757e-05
 13407  +2.1950904088      8991  +2.1950683594  -2.205e-05
 13408  +2.1960710166      8995  +2.1960449219  -2.609e-05
 13409  +2.1970511867      8999  +2.1970214844  -2.970e-05
 13410  +2.1980309197      9003  +2.1979980469  -3.287e-05
 13411  +2.1990102162      9007  +2.1989746094  -3.561e-05
 13412  +2.1999890768      9011  +2.1999511719  -3.790e-05
 13413  +2.2009675021      9015  +2.2009277344  -3.977e-05
 13414  +2.2019454926      9019  +2.2019042969  -4.120e-05
 13415  +2.2029230489      9023  +2.2028808594  -4.219e-05
 13416  +2.2039001716      9027  +2.2038574219  -4.275e-05
 13417  +2.2048768613      9031  +2.2048339844  -4.288e-05
 13418  +2.2058531185      9035  +2.2058105469  -4.257e-05
 13419  +2.2068289439      9039  +2.2067871094  -4.183e-05
 13420  +2.2078043379      9043  +2.2077636719  -4.067e-05
 13421  +2.2087793012      9047  +2.2087402344  -3.907e-05
 13422  +2.2097538344      9051  +2.2097167969  -3.704e-05
 13423  +2.2107279380      9055  +2.2106933594  -3.458e-05
 13424  +2.2117016125      9059  +2.2116699219  -3.169e-05
 13425  +2.2126748586      9063  +2.2126464844  -2.837e-05
 13426  +2.2136476768      9067  +2.2136230469  -2.463e-05
 13427  +2.2146200676      9071  +2.2145996094  -2.046e-05
 13428  +2.2155920317      9075  +2.2155761719  -1.586e-05
 13429  +2.2165635696      9079  +2.2165527344  -1.084e-05
 13430  +2.2175346818      9083  +2.2175292969  -5.385e-06
 13431  +2.2185053690      9087  +2.2185058594  +4.904e-07
 13432  +2.2194756316      9091  +2.2194824219  +6.790e-06
 13433  +2.2204454702      9095  +2.2204589844  +1.351e-05
 13434  +2.2214148855      9099  +2.2214355469  +2.066e-05
 13435  +2.2223838778      9103  +2.2224121094  +2.823e-05
 13436  +2.2233524479      9107  +2.2233886719  +3.622e-05
 13437  +2.2243205962      9111  +2.2243652344  +4.464e-05
 13438  +2.2252883233      9115  +2.2253417969  +5.347e-05
 13439  +2.2262556297      9119  +2.2263183594  +6.273e-05
 13440  +2.2272225160      9123  +2.2272949219  +7.241e-05
 13441  +2.2281889827      9127  +2.2282714844  +8.250e-05
 13442  +2.2291550305      9131  +2.2292480469  +9.302e-05
 13443  +2.2301206597      9135  +2.2302246094  +1.039e-04
 13444  +2.2310858711      9139  +2.2312011719  +1.153e-04
 13445  +2.2320506650      9142  +2.2319335938  -1.171e-04
 13446  +2.2330150421      9146  +2.2329101562  -1.049e-04
 13447  +2.2339790029      9150  +2.2338867188  -9.228e-05
 13448  +2.2349425479      9154  +2.2348632812  -7.927e-05
 13449  +2.2359056776      9158  +2.2358398438  -6.583e-05
 13450  +2.2368683927      9162  +2.2368164062  -5.199e-05
 13451  +2.2378306937      9166  +2.2377929688  -3.772e-05
 13452  +2.2387925810      9170  +2.2387695312  -2.305e-05
 13453  +2.2397540552      9174  +2.2397460938  -7.961e-06
 13454  +2.2407151168      9178  +2.2407226562  +7.539e-06
 13455  +2.2416757664      9182  +2.2416992188  +2.345e-05
 13456  +2.2426360045      9186  +2.2426757812  +3.978e-05
 13457  +2.2435958317      9190  +2.2436523438  +5.651e-05
 13458  +2.2445552484      9194  +2.2446289062  +7.366e-05
 13459  +2.2455142551      9198  +2.2456054688  +9.121e-05
 13460  +2.2464728525      9202  +2.2465820312  +1.092e-04
 13461  +2.2474310410      9205  +2.2473144531  -1.166e-04
 13462  +2.2483888212      9209  +2.2482910156  -9.781e-05
 13463  +2.2493461935      9213  +2.2492675781  -7.862e-05
 13464  +2.2503031585      9217  +2.2502441406  -5.902e-05
 13465  +2.2512597168      9221  +2.2512207031  -3.901e-05
 13466  +2.2522158687      9225  +2.2521972656  -1.860e-05
 13467  +2.2531716150      9229  +2.2531738281  +2.213e-06
 13468  +2.2541269559      9233  +2.2541503906  +2.343e-05
 13469  +2.2550818922      9237  +2.2551269531  +4.506e-05
 13470  +2.2560364243      9241  +2.2561035156  +6.709e-05
 13471  +2.2569905526      9245  +2.2570800781  +8.953e-05
 13472  +2.2579442778      9249  +2.2580566406  +1.124e-04
 13473  +2.2588976003      9252  +2.2587890625  -1.085e-04
 13474  +2.2598505207      9256  +2.2597656250  -8.490e-05
 13475  +2.2608030394      9260  +2.2607421875  -6.085e-05
 13476  +2.2617551570      9264  +2.2617187500  -3.641e-05
 13477  +2.2627068739      9268  +2.2626953125  -1.156e-05
 13478  +2.2636581907      9272  +2.2636718750  +1.368e-05
 13479  +2.2646091078      9276  +2.2646484375  +3.933e-05
 13480  +2.2655596258      9280  +2.2656250000  +6.537e-05
 13481  +2.2665097453      9284  +2.2666015625  +9.182e-05
 13482  +2.2674594665      9288  +2.2675781250  +1.187e-04
 13483  +2.2684087902      9291  +2.2683105469  -9.824e-05
 13484  +2.2693577167      9295  +2.2692871094  -7.061e-05
 13485  +2.2703062467      9299  +2.2702636719  -4.257e-05
 13486  +2.2712543804      9303  +2.2712402344  -1.415e-05
 13487  +2.2722021186      9307  +2.2722167969  +1.468e-05
 13488  +2.2731494616      9311  +2.2731933594  +4.390e-05
 13489  +2.2740964100      9315  +2.2741699219  +7.351e-05
 13490  +2.2750429642      9319  +2.2751464844  +1.035e-04
 13491  +2.2759891247      9322  +2.2758789062  -1.102e-04
 13492  +2.2769348921      9326  +2.2768554688  -7.942e-05
 13493  +2.2778802668      9330  +2.2778320312  -4.824e-05
 13494  +2.2788252494      9334  +2.2788085938  -1.666e-05
 13495  +2.2797698402      9338  +2.2797851562  +1.532e-05
 13496  +2.2807140398      9342  +2.2807617188  +4.768e-05
 13497  +2.2816578487      9346  +2.2817382812  +8.043e-05
 13498  +2.2826012673      9350  +2.2827148438  +1.136e-04
 13499  +2.2835442961      9353  +2.2834472656  -9.703e-05
 13500  +2.2844869357      9357  +2.2844238281  -6.311e-05
 13501  +2.2854291865      9361  +2.2854003906  -2.880e-05
 13502  +2.2863710490      9365  +2.2863769531  +5.904e-06
 13503  +2.2873125236      9369  +2.2873535156  +4.099e-05
 13504  +2.2882536109      9373  +2.2883300781  +7.647e-05
 13505  +2.2891943113      9377  +2.2893066406  +1.123e-04
 13506  +2.2901346253      9380  +2.2900390625  -9.556e-05
 13507  +2.2910745533      9384  +2.2910156250  -5.893e-05
 13508  +2.2920140959      9388  +2.2919921875  -2.191e-05
 13509  +2.2929532536      9392  +2.2929687500  +1.550e-05
 13510  +2.2938920267      9396  +2.2939453125  +5.329e-05
 13511  +2.2948304158      9400  +2.2949218750  +9.146e-05
 13512  +2.2957684213      9403  +2.2956542969  -1.141e-04
 13513  +2.2967060437      9407  +2.2966308594  -7.518e-05
 13514  +2.2976432835      9411  +2.2976074219  -3.586e-05
 13515  +2.2985801412      9415  +2.2985839844  +3.843e-06
 13516  +2.2995166171      9419  +2.2995605469  +4.393e-05
 13517  +2.3004527119      9423  +2.3005371094  +8.440e-05
 13518  +2.3013884259      9426  +2.3012695312  -1.189e-04
 13519  +2.3023237595      9430  +2.3022460938  -7.767e-05
 13520  +2.3032587134      9434  +2.3032226562  -3.606e-05
 13521  +2.3041932879      9438  +2.3041992188  +5.931e-06
 13522  +2.3051274834      9442  +2.3051757812  +4.830e-05
 13523  +2.3060613006      9446  +2.3061523438  +9.104e-05
 13524  +2.3069947397      9449  +2.3068847656  -1.100e-04
 13525  +2.3079278013      9453  +2.3078613281  -6.647e-05
 13526  +2.3088604859      9457  +2.3088378906  -2.260e-05
 13527  +2.3097927938      9461  +2.3098144531  +2.166e-05
 13528  +2.3107247255      9465  +2.3107910156  +6.629e-05
 13529  +2.3116562816      9469  +2.3117675781  +1.113e-04
 13530  +2.3125874624      9472  +2.3125000000  -8.746e-05
 13531  +2.3135182685      9476  +2.3134765625  -4.171e-05
 13532  +2.3144487001      9480  +2.3144531250  +4.425e-06
 13533  +2.3153787579      9484  +2.3154296875  +5.093e-05
 13534  +2.3163084423      9488  +2.3164062500  +9.781e-05
 13535  +2.3172377536      9491  +2.3171386719  -9.908e-05
 13536  +2.3181666924      9495  +2.3181152344  -5.146e-05
 13537  +2.3190952591      9499  +2.3190917969  -3.462e-06
 13538  +2.3200234542      9503  +2.3200683594  +4.491e-05
 13539  +2.3209512780      9507  +2.3210449219  +9.364e-05
 13540  +2.3218787311      9510  +2.3217773438  -1.014e-04
 13541  +2.3228058139      9514  +2.3227539062  -5.191e-05
 13542  +2.3237325268      9518  +2.3237304688  -2.058e-06
 13543  +2.3246588703      9522  +2.3247070312  +4.816e-05
 13544  +2.3255848448      9526  +2.3256835938  +9.875e-05
 13545  +2.3265104507      9529  +2.3264160156  -9.444e-05
 13546  +2.3274356886      9533  +2.3273925781  -4.311e-05
 13547  +2.3283605587      9537  +2.3283691406  +8.582e-06
 13548  +2.3292850617      9541  +2.3293457031  +6.064e-05
 13549  +2.3302091978      9545  +2.3303222656  +1.131e-04
 13550  +2.3311329676      9548  +2.3310546875  -7.828e-05
 13551  +2.3320563715      9552  +2.3320312500  -2.512e-05
 13552  +2.3329794098      9556  +2.3330078125  +2.840e-05
 13553  +2.3339020832      9560  +2.3339843750  +8.229e-05
 13554  +2.3348243919      9563  +2.3347167969  -1.076e-04
 13555  +2.3357463364      9567  +2.3356933594  -5.298e-05
 13556  +2.3366679171      9571  +2.3366699219  +2.005e-06
 13557  +2.3375891346      9575  +2.3376464844  +5.735e-05
 13558  +2.3385099891      9579  +2.3386230469  +1.131e-04
 13559  +2.3394304812      9582  +2.3393554688  -7.501e-05
 13560  +2.3403506112      9586  +2.3403320312  -1.858e-05
 13561  +2.3412703796      9590  +2.3413085938  +3.821e-05
 13562  +2.3421897868      9594  +2.3422851562  +9.537e-05
 13563  +2.3431088332      9597  +2.3430175781  -9.126e-05
 13564  +2.3440275194      9601  +2.3439941406  -3.338e-05
 13565  +2.3449458456      9605  +2.3449707031  +2.486e-05
 13566  +2.3458638123      9609  +2.3459472656  +8.345e-05
 13567  +2.3467814199      9612  +2.3466796875  -1.017e-04
 13568  +2.3476986689      9616  +2.3476562500  -4.242e-05
 13569  +2.3486155596      9620  +2.3486328125  +1.725e-05
 13570  +2.3495320925      9624  +2.3496093750  +7.728e-05
 13571  +2.3504482681      9627  +2.3503417969  -1.065e-04
 13572  +2.3513640867      9631  +2.3513183594  -4.573e-05
 13573  +2.3522795487      9635  +2.3522949219  +1.537e-05
 13574  +2.3531946545      9639  +2.3532714844  +7.683e-05
 13575  +2.3541094047      9642  +2.3540039062  -1.055e-04
 13576  +2.3550237995      9646  +2.3549804688  -4.333e-05
 13577  +2.3559378394      9650  +2.3559570312  +1.919e-05
 13578  +2.3568515249      9654  +2.3569335938  +8.207e-05
 13579  +2.3577648563      9657  +2.3576660156  -9.884e-05
 13580  +2.3586778340      9661  +2.3586425781  -3.526e-05
 13581  +2.3595904584      9665  +2.3596191406  +2.868e-05
 13582  +2.3605027301      9669  +2.3605957031  +9.297e-05
 13583  +2.3614146493      9672  +2.3613281250  -8.652e-05
 13584  +2.3623262164      9676  +2.3623046875  -2.153e-05
 13585  +2.3632374320      9680  +2.3632812500  +4.382e-05
 13586  +2.3641482963      9684  +2.3642578125  +1.095e-04
 13587  +2.3650588098      9687  +2.3649902344  -6.858e-05
 13588  +2.3659689730      9691  +2.3659667969  -2.176e-06
 13589  +2.3668787861      9695  +2.3669433594  +6.457e-05
 13590  +2.3677882496      9698  +2.3676757812  -1.125e-04
 13591  +2.3686973640      9702  +2.3686523438  -4.502e-05
 13592  +2.3696061296      9706  +2.3696289062  +2.278e-05
 13593  +2.3705145467      9710  +2.3706054688  +9.092e-05
 13594  +2.3714226159      9713  +2.3713378906  -8.473e-05
 13595  +2.3723303375      9717  +2.3723144531  -1.588e-05
 13596  +2.3732377120      9721  +2.3732910156  +5.330e-05
 13597  +2.3741447396      9724  +2.3740234375  -1.213e-04
 13598  +2.3750514208      9728  +2.3750000000  -5.142e-05
 13599  +2.3759577561      9732  +2.3759765625  +1.881e-05
 13600  +2.3768637457      9736  +2.3769531250  +8.938e-05
 13601  +2.3777693902      9739  +2.3776855469  -8.384e-05
 13602  +2.3786746898      9743  +2.3786621094  -1.258e-05
 13603  +2.3795796450      9747  +2.3796386719  +5.903e-05
 13604  +2.3804842562      9750  +2.3803710938  -1.132e-04
 13605  +2.3813885238      9754  +2.3813476562  -4.087e-05
 13606  +2.3822924481      9758  +2.3823242188  +3.177e-05
 13607  +2.3831960295      9762  +2.3833007812  +1.048e-04
 13608  +2.3840992685      9765  +2.3840332031  -6.607e-05
 13609  +2.3850021655      9769  +2.3850097656  +7.600e-06
 13610  +2.3859047207      9773  +2.3859863281  +8.161e-05
 13611  +2.3868069347      9776  +2.3867187500  -8.818e-05
 13612  +2.3877088077      9780  +2.3876953125  -1.350e-05
 13613  +2.3886103403      9784  +2.3886718750  +6.153e-05
 13614  +2.3895115326      9787  +2.3894042969  -1.072e-04
 13615  +2.3904123853      9791  +2.3903808594  -3.153e-05
 13616  +2.3913128985      9795  +2.3913574219  +4.452e-05
 13617  +2.3922130728      9799  +2.3923339844  +1.209e-04
 13618  +2.3931129085      9802  +2.3930664062  -4.650e-05
 13619  +2.3940124060      9806  +2.3940429688  +3.056e-05
 13620  +2.3949115656      9810  +2.3950195312  +1.080e-04
 13621  +2.3958103878      9813  +2.3957519531  -5.843e-05
 13622  +2.3967088728      9817  +2.3967285156  +1.964e-05
 13623  +2.3976070212      9821  +2.3977050781  +9.806e-05
 13624  +2.3985048333      9824  +2.3984375000  -6.733e-05
 13625  +2.3994023094      9828  +2.3994140625  +1.175e-05
 13626  +2.4002994499      9832  +2.4003906250  +9.118e-05
 13627  +2.4011962553      9835  +2.4011230469  -7.321e-05
 13628  +2.4020927258      9839  +2.4020996094  +6.884e-06
 13629  +2.4029888619      9843  +2.4030761719  +8.731e-05
 13630  +2.4038846640      9846  +2.4038085938  -7.607e-05
 13631  +2.4047801323      9850  +2.4047851562  +5.024e-06
 13632  +2.4056752673      9854  +2.4057617188  +8.645e-05
 13633  +2.4065700694      9857  +2.4064941406  -7.593e-05
 13634  +2.4074645389      9861  +2.4074707031  +6.164e-06
 13635  +2.4083586761      9865  +2.4084472656  +8.859e-05
 13636  +2.4092524816      9868  +2.4091796875  -7.279e-05
 13637  +2.4101459556      9872  +2.4101562500  +1.029e-05
 13638  +2.4110390984      9876  +2.4111328125  +9.371e-05
 13639  +2.4119319106      9879  +2.4118652344  -6.668e-05
 13640  +2.4128243923      9883  +2.4128417969  +1.740e-05
 13641  +2.4137165441      9887  +2.4138183594  +1.018e-04
 13642  +2.4146083663      9890  +2.4145507812  -5.759e-05
 13643  +2.4154998591      9894  +2.4155273438  +2.748e-05
 13644  +2.4163910231      9898  +2.4165039062  +1.129e-04
 13645  +2.4172818585      9901  +2.4172363281  -4.553e-05
 13646  +2.4181723658      9905  +2.4182128906  +4.052e-05
 13647  +2.4190625452      9908  +2.4189453125  -1.172e-04
 13648  +2.4199523972      9912  +2.4199218750  -3.052e-05
 13649  +2.4208419221      9916  +2.4208984375  +5.652e-05
 13650  +2.4217311203      9919  +2.4216308594  -1.003e-04
 13651  +2.4226199921      9923  +2.4226074219  -1.257e-05
 13652  +2.4235085378      9927  +2.4235839844  +7.545e-05
 13653  +2.4243967580      9930  +2.4243164062  -8.035e-05
 13654  +2.4252846528      9934  +2.4252929688  +8.316e-06
 13655  +2.4261722227      9938  +2.4262695312  +9.731e-05
 13656  +2.4270594680      9941  +2.4270019531  -5.751e-05
 13657  +2.4279463891      9945  +2.4279785156  +3.213e-05
 13658  +2.4288329863      9948  +2.4287109375  -1.220e-04
 13659  +2.4297192600      9952  +2.4296875000  -3.176e-05
 13660  +2.4306052105      9956  +2.4306640625  +5.885e-05
 13661  +2.4314908383      9959  +2.4313964844  -9.435e-05
 13662  +2.4323761435      9963  +2.4323730469  -3.097e-06
 13663  +2.4332611267      9967  +2.4333496094  +8.848e-05
 13664  +2.4341457881      9970  +2.4340820312  -6.376e-05
 13665  +2.4350301281      9974  +2.4350585938  +2.847e-05
 13666  +2.4359141471      9978  +2.4360351562  +1.210e-04
 13667  +2.4367978453      9981  +2.4367675781  -3.027e-05
 13668  +2.4376812232      9985  +2.4377441406  +6.292e-05
 13669  +2.4385642811      9988  +2.4384765625  -8.772e-05
 13670  +2.4394470193      9992  +2.4394531250  +6.106e-06
 13671  +2.4403294382      9996  +2.4404296875  +1.002e-04
 13672  +2.4412115382      9999  +2.4411621094  -4.943e-05
 13673  +2.4420933195     10003  +2.4421386719  +4.535e-05
 13674  +2.4429747826     10006  +2.4428710938  -1.037e-04
 13675  +2.4438559277     10010  +2.4438476562  -8.271e-06
 13676  +2.4447367553     10014  +2.4448242188  +8.746e-05
 13677  +2.4456172655     10017  +2.4455566406  -6.062e-05
 13678  +2.4464974589     10021  +2.4465332031  +3.574e-05
 13679  +2.4473773358     10024  +2.4472656250  -1.117e-04
 13680  +2.4482568964     10028  +2.4482421875  -1.471e-05
 13681  +2.4491361411     10032  +2.4492187500  +8.261e-05
 13682  +2.4500150703     10035  +2.4499511719  -6.390e-05
 13683  +2.4508936843     10039  +2.4509277344  +3.405e-05
 13684  +2.4517719835     10042  +2.4516601562  -1.118e-04
 13685  +2.4526499681     10046  +2.4526367188  -1.325e-05
 13686  +2.4535276385     10050  +2.4536132812  +8.564e-05
 13687  +2.4544049951     10053  +2.4543457031  -5.929e-05
 13688  +2.4552820382     10057  +2.4553222656  +4.023e-05
 13689  +2.4561587681     10060  +2.4560546875  -1.041e-04
 13690  +2.4570351852     10064  +2.4570312500  -3.935e-06
 13691  +2.4579112898     10068  +2.4580078125  +9.652e-05
 13692  +2.4587870822     10071  +2.4587402344  -4.685e-05
 13693  +2.4596625627     10075  +2.4597167969  +5.423e-05
 13694  +2.4605377318     10078  +2.4604492188  -8.851e-05
 13695  +2.4614125897     10082  +2.4614257812  +1.319e-05
 13696  +2.4622871367     10086  +2.4624023438  +1.152e-04
 13697  +2.4631613733     10089  +2.4631347656  -2.661e-05
 13698  +2.4640352996     10093  +2.4641113281  +7.603e-05
 13699  +2.4649089162     10096  +2.4648437500  -6.517e-05
 13700  +2.4657822231     10100  +2.4658203125  +3.809e-05
 13701  +2.4666552210     10103  +2.4665527344  -1.025e-04
 13702  +2.4675279099     10107  +2.4675292969  +1.387e-06
 13703  +2.4684002903     10111  +2.4685058594  +1.056e-04
 13704  +2.4692723625     10114  +2.4692382812  -3.408e-05
 13705  +2.4701441268     10118  +2.4702148438  +7.072e-05
 13706  +2.4710155836     10121  +2.4709472656  -6.832e-05
 13707  +2.4718867331     10125  +2.4719238281  +3.709e-05
 13708  +2.4727575758     10128  +2.4726562500  -1.013e-04
 13709  +2.4736281118     10132  +2.4736328125  +4.701e-06
 13710  +2.4744983416     10136  +2.4746093750  +1.110e-04
 13711  +2.4753682655     10139  +2.4753417969  -2.647e-05
 13712  +2.4762378837     10143  +2.4763183594  +8.048e-05
 13713  +2.4771071967     10146  +2.4770507812  -5.642e-05
 13714  +2.4779762047     10150  +2.4780273438  +5.114e-05
 13715  +2.4788449080     10153  +2.4787597656  -8.514e-05
 13716  +2.4797133070     10157  +2.4797363281  +2.302e-05
 13717  +2.4805814020     10160  +2.4804687500  -1.127e-04
 13718  +2.4814491933     10164  +2.4814453125  -3.881e-06
 13719  +2.4823166813     10168  +2.4824218750  +1.052e-04
 13720  +2.4831838662     10171  +2.4831542969  -2.957e-05
 13721  +2.4840507483     10175  +2.4841308594  +8.011e-05
 13722  +2.4849173281     10178  +2.4848632812  -5.405e-05
 13723  +2.4857836057     10182  +2.4858398438  +5.624e-05
 13724  +2.4866495816     10185  +2.4865722656  -7.732e-05
 13725  +2.4875152559     10189  +2.4875488281  +3.357e-05
 13726  +2.4883806292     10192  +2.4882812500  -9.938e-05
 13727  +2.4892457015     10196  +2.4892578125  +1.211e-05
 13728  +2.4901104734     10199  +2.4899902344  -1.202e-04
 13729  +2.4909749450     10203  +2.4909667969  -8.148e-06
 13730  +2.4918391168     10207  +2.4919433594  +1.042e-04
 13731  +2.4927029889     10210  +2.4926757812  -2.721e-05
 13732  +2.4935665618     10214  +2.4936523438  +8.578e-05
 13733  +2.4944298357     10217  +2.4943847656  -4.507e-05
 13734  +2.4952928109     10221  +2.4953613281  +6.852e-05
 13735  +2.4961554878     10224  +2.4960937500  -6.174e-05
 13736  +2.4970178666     10228  +2.4970703125  +5.245e-05
 13737  +2.4978799477     10231  +2.4978027344  -7.721e-05
 13738  +2.4987417314     10235  +2.4987792969  +3.757e-05
 13739  +2.4996032180     10238  +2.4995117188  -9.150e-05
 13740  +2.5004644078     10242  +2.5004882812  +2.387e-05
 13741  +2.5013253010     10245  +2.5012207031  -1.046e-04
 13742  +2.5021858981     10249  +2.5021972656  +1.137e-05
 13743  +2.5030461993     10252  +2.5029296875  -1.165e-04
 13744  +2.5039062049     10256  +2.5039062500  +4.514e-08
 13745  +2.5047659152     10260  +2.5048828125  +1.169e-04
 13746  +2.5056253305     10263  +2.5056152344  -1.010e-05
 13747  +2.5064844512     10267  +2.5065917969  +1.073e-04
 13748  +2.5073432775     10270  +2.5073242188  -1.906e-05
 13749  +2.5082018097     10274  +2.5083007812  +9.897e-05
 13750  +2.5090600481     10277  +2.5090332031  -2.685e-05
 13751  +2.5099179931     10281  +2.5100097656  +9.177e-05
 13752  +2.5107756449     10284  +2.5107421875  -3.346e-05
 13753  +2.5116330039     10288  +2.5117187500  +8.575e-05
 13754  +2.5124900703     10291  +2.5124511719  -3.890e-05
 13755  +2.5133468444     10295  +2.5134277344  +8.089e-05
 13756  +2.5142033266     10298  +2.5141601562  -4.317e-05
 13757  +2.5150595171     10302  +2.5151367188  +7.720e-05
 13758  +2.5159154162     10305  +2.5158691406  -4.628e-05
 13759  +2.5167710243     10309  +2.5168457031  +7.468e-05
 13760  +2.5176263416     10312  +2.5175781250  -4.822e-05
 13761  +2.5184813684     10316  +2.5185546875  +7.332e-05
 13762  +2.5193361050     10319  +2.5192871094  -4.900e-05
 13763  +2.5201905517     10323  +2.5202636719  +7.312e-05
 13764  +2.5210447088     10326  +2.5209960938  -4.862e-05
 13765  +2.5218985767     10330  +2.5219726562  +7.408e-05
 13766  +2.5227521555     10333  +2.5227050781  -4.708e-05
 13767  +2.5236054456     10337  +2.5236816406  +7.620e-05
 13768  +2.5244584473     10340  +2.5244140625  -4.438e-05
 13769  +2.5253111609     10344  +2.5253906250  +7.946e-05
 13770  +2.5261635866     10347  +2.5261230469  -4.054e-05
 13771  +2.5270157248     10351  +2.5270996094  +8.388e-05
 13772  +2.5278675757     10354  +2.5278320312  -3.554e-05
 13773  +2.5287191397     10358  +2.5288085938  +8.945e-05
 13774  +2.5295704170     10361  +2.5295410156  -2.940e-05
 13775  +2.5304214079     10365  +2.5305175781  +9.617e-05
 13776  +2.5312721127     10368  +2.5312500000  -2.211e-05
 13777  +2.5321225317     10372  +2.5322265625  +1.040e-04
 13778  +2.5329726652     10375  +2.5329589844  -1.368e-05
 13779  +2.5338225135     10379  +2.5339355469  +1.130e-04
 13780  +2.5346720768     10382  +2.5346679688  -4.108e-06
 13781  +2.5355213555     10385  +2.5354003906  -1.210e-04
 13782  +2.5363703498     10389  +2.5363769531  +6.603e-06
 13783  +2.5372190599     10392  +2.5371093750  -1.097e-04
 13784  +2.5380674863     10396  +2.5380859375  +1.845e-05
 13785  +2.5389156292     10399  +2.5388183594  -9.727e-05
 13786  +2.5397634889     10403  +2.5397949219  +3.143e-05
 13787  +2.5406110656     10406  +2.5405273438  -8.372e-05
 13788  +2.5414583596     10410  +2.5415039062  +4.555e-05
 13789  +2.5423053712     10413  +2.5422363281  -6.904e-05
 13790  +2.5431521008     10417  +2.5432128906  +6.079e-05
 13791  +2.5439985485     10420  +2.5439453125  -5.324e-05
 13792  +2.5448447147     10424  +2.5449218750  +7.716e-05
 13793  +2.5456905996     10427  +2.5456542969  -3.630e-05
 13794  +2.5465362035     10431  +2.5466308594  +9.466e-05
 13795  +2.5473815268     10434  +2.5473632812  -1.825e-05
 13796  +2.5482265696     10438  +2.5483398438  +1.133e-04
 13797  +2.5490713323     10441  +2.5490722656  +9.333e-07
 13798  +2.5499158151     10444  +2.5498046875  -1.111e-04
 13799  +2.5507600183     10448  +2.5507812500  +2.123e-05
 13800  +2.5516039423     10451  +2.5515136719  -9.027e-05
 13801  +2.5524475872     10455  +2.5524902344  +4.265e-05
 13802  +2.5532909533     10458  +2.5532226562  -6.830e-05
 13803  +2.5541340410     10462  +2.5541992188  +6.518e-05
 13804  +2.5549768505     10465  +2.5549316406  -4.521e-05
 13805  +2.5558193820     10469  +2.5559082031  +8.882e-05
 13806  +2.5566616359     10472  +2.5566406250  -2.101e-05
 13807  +2.5575036124     10476  +2.5576171875  +1.136e-04
 13808  +2.5583453119     10479  +2.5583496094  +4.298e-06
 13809  +2.5591867344     10482  +2.5590820312  -1.047e-04
 13810  +2.5600278805     10486  +2.5600585938  +3.071e-05
 13811  +2.5608687502     10489  +2.5607910156  -7.773e-05
 13812  +2.5617093440     10493  +2.5617675781  +5.823e-05
 13813  +2.5625496620     10496  +2.5625000000  -4.966e-05
 13814  +2.5633897045     10500  +2.5634765625  +8.686e-05
 13815  +2.5642294718     10503  +2.5642089844  -2.049e-05
 13816  +2.5650689642     10507  +2.5651855469  +1.166e-04
 13817  +2.5659081820     10510  +2.5659179688  +9.787e-06
 13818  +2.5667471253     10513  +2.5666503906  -9.673e-05
 13819  +2.5675857946     10517  +2.5676269531  +4.116e-05
 13820  +2.5684241899     10520  +2.5683593750  -6.481e-05
 13821  +2.5692623117     10524  +2.5693359375  +7.363e-05
 13822  +2.5701001602     10527  +2.5700683594  -3.180e-05
 13823  +2.5709377357     10531  +2.5710449219  +1.072e-04
 13824  +2.5717750383     10534  +2.5717773438  +2.305e-06
 13825  +2.5726120685     10537  +2.5725097656  -1.023e-04
 13826  +2.5734488263     10541  +2.5734863281  +3.750e-05
 13827  +2.5742853123     10544  +2.5742187500  -6.656e-05
 13828  +2.5751215264     10548  +2.5751953125  +7.379e-05
 13829  +2.5759574692     10551  +2.5759277344  -2.973e-05
 13830  +2.5767931407     10555  +2.5769042969  +1.112e-04
 13831  +2.5776285413     10558  +2.5776367188  +8.177e-06
 13832  +2.5784636713     10561  +2.5783691406  -9.453e-05
 13833  +2.5792985309     10565  +2.5793457031  +4.717e-05
 13834  +2.5801331203     10568  +2.5800781250  -5.500e-05
 13835  +2.5809674398     10572  +2.5810546875  +8.725e-05
 13836  +2.5818014897     10575  +2.5817871094  -1.438e-05
 13837  +2.5826352703     10578  +2.5825195312  -1.157e-04
 13838  +2.5834687818     10582  +2.5834960938  +2.731e-05
 13839  +2.5843020245     10585  +2.5842285156  -7.351e-05
 13840  +2.5851349985     10589  +2.5852050781  +7.008e-05
 13841  +2.5859677043     10592  +2.5859375000  -3.020e-05
 13842  +2.5868001420     10596  +2.5869140625  +1.139e-04
 13843  +2.5876323120     10599  +2.5876464844  +1.417e-05
 13844  +2.5884642143     10602  +2.5883789062  -8.531e-05
 13845  +2.5892958495     10606  +2.5893554688  +5.962e-05
 13846  +2.5901272175     10609  +2.5900878906  -3.933e-05
 13847  +2.5909583189     10613  +2.5910644531  +1.061e-04
 13848  +2.5917891537     10616  +2.5917968750  +7.721e-06
 13849  +2.5926197223     10619  +2.5925292969  -9.043e-05
 13850  +2.5934500248     10623  +2.5935058594  +5.583e-05
 13851  +2.5942800617     10626  +2.5942382812  -4.178e-05
 13852  +2.5951098330     10630  +2.5952148438  +1.050e-04
 13853  +2.5959393391     10633  +2.5959472656  +7.926e-06
 13854  +2.5967685803     10636  +2.5966796875  -8.889e-05
 13855  +2.5975975567     10640  +2.5976562500  +5.869e-05
 13856  +2.5984262687     10643  +2.5983886719  -3.760e-05
 13857  +2.5992547164     10647  +2.5993652344  +1.105e-04
 13858  +2.6000829002     10650  +2.6000976562  +1.476e-05
 13859  +2.6009108202     10653  +2.6008300781  -8.074e-05
 13860  +2.6017384769     10657  +2.6018066406  +6.816e-05
 13861  +2.6025658703     10660  +2.6025390625  -2.681e-05
 13862  +2.6033930007     10663  +2.6032714844  -1.215e-04
 13863  +2.6042198684     10667  +2.6042480469  +2.818e-05
 13864  +2.6050464737     10670  +2.6049804688  -6.600e-05
 13865  +2.6058728168     10674  +2.6059570312  +8.421e-05
 13866  +2.6066988979     10677  +2.6066894531  -9.445e-06
 13867  +2.6075247173     10680  +2.6074218750  -1.028e-04
 13868  +2.6083502753     10684  +2.6083984375  +4.816e-05
 13869  +2.6091755720     10687  +2.6091308594  -4.471e-05
 13870  +2.6100006078     10691  +2.6101074219  +1.068e-04
 13871  +2.6108253828     10694  +2.6108398438  +1.446e-05
 13872  +2.6116498974     10697  +2.6115722656  -7.763e-05
 13873  +2.6124741518     10701  +2.6125488281  +7.468e-05
 13874  +2.6132981462     10704  +2.6132812500  -1.690e-05
 13875  +2.6141218808     10707  +2.6140136719  -1.082e-04
 13876  +2.6149453560     10711  +2.6149902344  +4.488e-05
 13877  +2.6157685720     10714  +2.6157226562  -4.592e-05
 13878  +2.6165915289     10718  +2.6166992188  +1.077e-04
 13879  +2.6174142271     10721  +2.6174316406  +1.741e-05
 13880  +2.6182366668     10724  +2.6181640625  -7.260e-05
 13881  +2.6190588482     10728  +2.6191406250  +8.178e-05
 13882  +2.6198807716     10731  +2.6198730469  -7.725e-06
 13883  +2.6207024372     10734  +2.6206054688  -9.697e-05
 13884  +2.6215238453     10738  +2.6215820312  +5.819e-05
 13885  +2.6223449961     10741  +2.6223144531  -3.054e-05
 13886  +2.6231658898     10744  +2.6230468750  -1.190e-04
 13887  +2.6239865268     10748  +2.6240234375  +3.691e-05
 13888  +2.6248069071     10751  +2.6247558594  -5.105e-05
 13889  +2.6256270312     10755  +2.6257324219  +1.054e-04
 13890  +2.6264468991     10758  +2.6264648438  +1.794e-05
 13891  +2.6272665112     10761  +2.6271972656  -6.925e-05
 13892  +2.6280858677     10765  +2.6281738281  +8.796e-05
 13893  +2.6289049688     10768  +2.6289062500  +1.281e-06
 13894  +2.6297238148     10771  +2.6296386719  -8.514e-05
 13895  +2.6305424059     10775  +2.6306152344  +7.283e-05
 13896  +2.6313607423     10778  +2.6313476562  -1.309e-05
 13897  +2.6321788243     10781  +2.6320800781  -9.875e-05
 13898  +2.6329966522     10785  +2.6330566406  +5.999e-05
 13899  +2.6338142261     10788  +2.6337890625  -2.516e-05
 13900  +2.6346315462     10791  +2.6345214844  -1.101e-04
 13901  +2.6354486130     10795  +2.6354980469  +4.943e-05
 13902  +2.6362654264     10798  +2.6362304688  -3.496e-05
 13903  +2.6370819869     10801  +2.6369628906  -1.191e-04
 13904  +2.6378982946     10805  +2.6379394531  +4.116e-05
 13905  +2.6387143498     10808  +2.6386718750  -4.247e-05
 13906  +2.6395301527     10812  +2.6396484375  +1.183e-04
 13907  +2.6403457035     10815  +2.6403808594  +3.516e-05
 13908  +2.6411610025     10818  +2.6411132812  -4.772e-05
 13909  +2.6419760499     10822  +2.6420898438  +1.138e-04
 13910  +2.6427908459     10825  +2.6428222656  +3.142e-05
 13911  +2.6436053908     10828  +2.6435546875  -5.070e-05
 13912  +2.6444196848     10832  +2.6445312500  +1.116e-04
 13913  +2.6452337281     10835  +2.6452636719  +2.994e-05
 13914  +2.6460475210     10838  +2.6459960938  -5.143e-05
 13915  +2.6468610637     10842  +2.6469726562  +1.116e-04
 13916  +2.6476743564     10845  +2.6477050781  +3.072e-05
 13917  +2.6484873993     10848  +2.6484375000  -4.990e-05
 13918  +2.6493001928     10852  +2.6494140625  +1.139e-04
 13919  +2.6501127370     10855  +2.6501464844  +3.375e-05
 13920  +2.6509250321     10858  +2.6508789062  -4.613e-05
 13921  +2.6517370784     10862  +2.6518554688  +1.184e-04
 13922  +2.6525488760     10865  +2.6525878906  +3.901e-05
 13923  +2.6533604254     10868  +2.6533203125  -4.011e-05
 13924  +2.6541717265     10871  +2.6540527344  -1.190e-04
 13925  +2.6549827798     10875  +2.6550292969  +4.652e-05
 13926  +2.6557935854     10878  +2.6557617188  -3.187e-05
 13927  +2.6566041435     10881  +2.6564941406  -1.100e-04
 13928  +2.6574144544     10885  +2.6574707031  +5.625e-05
 13929  +2.6582245182     10888  +2.6582031250  -2.139e-05
 13930  +2.6590343353     10891  +2.6589355469  -9.879e-05
 13931  +2.6598439058     10895  +2.6599121094  +6.820e-05
 13932  +2.6606532300     10898  +2.6606445312  -8.699e-06
 13933  +2.6614623081     10901  +2.6613769531  -8.535e-05
 13934  +2.6622711403     10905  +2.6623535156  +8.238e-05
 13935  +2.6630797269     10908  +2.6630859375  +6.211e-06
 13936  +2.6638880680     10911  +2.6638183594  -6.971e-05
 13937  +2.6646961639     10915  +2.6647949219  +9.876e-05
 13938  +2.6655040148     10918  +2.6655273438  +2.333e-05
 13939  +2.6663116209     10921  +2.6662597656  -5.186e-05
 13940  +2.6671189825     10925  +2.6672363281  +1.173e-04
 13941  +2.6679260998     10928  +2.6679687500  +4.265e-05
 13942  +2.6687329730     10931  +2.6687011719  -3.180e-05
 13943  +2.6695396023     10934  +2.6694335938  -1.060e-04
 13944  +2.6703459879     10938  +2.6704101562  +6.417e-05
 13945  +2.6711521301     10941  +2.6711425781  -9.552e-06
 13946  +2.6719580291     10944  +2.6718750000  -8.303e-05
 13947  +2.6727636851     10948  +2.6728515625  +8.788e-05
 13948  +2.6735690983     10951  +2.6735839844  +1.489e-05
 13949  +2.6743742690     10954  +2.6743164062  -5.786e-05
 13950  +2.6751791973     10958  +2.6752929688  +1.138e-04
 13951  +2.6759838835     10961  +2.6760253906  +4.151e-05
 13952  +2.6767883278     10964  +2.6767578125  -3.052e-05
 13953  +2.6775925304     10967  +2.6774902344  -1.023e-04
 13954  +2.6783964915     10971  +2.6784667969  +7.031e-05
 13955  +2.6792002114     10974  +2.6791992188  -9.927e-07
 13956  +2.6800036903     10977  +2.6799316406  -7.205e-05
 13957  +2.6808069283     10981  +2.6809082031  +1.013e-04
 13958  +2.6816099258     10984  +2.6816406250  +3.070e-05
 13959  +2.6824126829     10987  +2.6823730469  -3.964e-05
 13960  +2.6832151998     10990  +2.6831054688  -1.097e-04
 13961  +2.6840174767     10994  +2.6840820312  +6.455e-05
 13962  +2.6848195139     10997  +2.6848144531  -5.061e-06
 13963  +2.6856213116     11000  +2.6855468750  -7.444e-05
 13964  +2.6864228700     11004  +2.6865234375  +1.006e-04
 13965  +2.6872241893     11007  +2.6872558594  +3.167e-05
 13966  +2.6880252697     11010  +2.6879882812  -3.699e-05
 13967  +2.6888261115     11013  +2.6887207031  -1.054e-04
 13968  +2.6896267147     11017  +2.6896972656  +7.055e-05
 13969  +2.6904270798     11020  +2.6904296875  +2.608e-06
 13970  +2.6912272068     11023  +2.6911621094  -6.510e-05
 13971  +2.6920270961     11027  +2.6921386719  +1.116e-04
 13972  +2.6928267477     11030  +2.6928710938  +4.435e-05
 13973  +2.6936261619     11033  +2.6936035156  -2.265e-05
 13974  +2.6944253389     11036  +2.6943359375  -8.940e-05
 13975  +2.6952242790     11040  +2.6953125000  +8.822e-05
 13976  +2.6960229823     11043  +2.6960449219  +2.194e-05
 13977  +2.6968214491     11046  +2.6967773438  -4.411e-05
 13978  +2.6976196795     11049  +2.6975097656  -1.099e-04
 13979  +2.6984176738     11053  +2.6984863281  +6.865e-05
 13980  +2.6992154322     11056  +2.6992187500  +3.318e-06
 13981  +2.7000129549     11059  +2.6999511719  -6.178e-05
 13982  +2.7008102420     11063  +2.7009277344  +1.175e-04
 13983  +2.7016072939     11066  +2.7016601562  +5.286e-05
 13984  +2.7024041107     11069  +2.7023925781  -1.153e-05
 13985  +2.7032006926     11072  +2.7031250000  -7.569e-05
 13986  +2.7039970399     11076  +2.7041015625  +1.045e-04
 13987  +2.7047931527     11079  +2.7048339844  +4.083e-05
 13988  +2.7055890312     11082  +2.7055664062  -2.262e-05
 13989  +2.7063846757     11085  +2.7062988281  -8.585e-05
 13990  +2.7071800864     11089  +2.7072753906  +9.530e-05
 13991  +2.7079752634     11092  +2.7080078125  +3.255e-05
 13992  +2.7087702070     11095  +2.7087402344  -2.997e-05
 13993  +2.7095649173     11098  +2.7094726562  -9.226e-05
 13994  +2.7103593947     11102  +2.7104492188  +8.982e-05
 13995  +2.7111536392     11105  +2.7111816406  +2.800e-05
 13996  +2.7119476511     11108  +2.7119140625  -3.359e-05
 13997  +2.7127414306     11111  +2.7126464844  -9.495e-05
 13998  +2.7135349779     11115  +2.7136230469  +8.807e-05
 13999  +2.7143282933     11118  +2.7143554688  +2.718e-05
 14000  +2.7151213768     11121  +2.7150878906  -3.349e-05
 14001  +2.7159142287     11124  +2.7158203125  -9.392e-05
 14002  +2.7167068493     11128  +2.7167968750  +9.003e-05
 14003  +2.7174992386     11131  +2.7175292969  +3.006e-05
 14004  +2.7182913970     11134  +2.7182617188  -2.968e-05
 14005  +2.7190833246     11137  +2.7189941406  -8.918e-05
 14006  +2.7198750216     11141  +2.7199707031  +9.568e-05
 14007  +2.7206664882     11144  +2.7207031250  +3.664e-05
 14008  +2.7214577247     11147  +2.7214355469  -2.218e-05
 14009  +2.7222487311     11150  +2.7221679688  -8.076e-05
 14010  +2.7230395078     11154  +2.7231445312  +1.050e-04
 14011  +2.7238300550     11157  +2.7238769531  +4.690e-05
 14012  +2.7246203727     11160  +2.7246093750  -1.100e-05
 14013  +2.7254104613     11163  +2.7253417969  -6.866e-05
 14014  +2.7262003209     11167  +2.7263183594  +1.180e-04
 14015  +2.7269899517     11170  +2.7270507812  +6.083e-05
 14016  +2.7277793539     11173  +2.7277832031  +3.849e-06
 14017  +2.7285685278     11176  +2.7285156250  -5.290e-05
 14018  +2.7293574734     11179  +2.7292480469  -1.094e-04
 14019  +2.7301461911     11183  +2.7302246094  +7.842e-05
 14020  +2.7309346810     11186  +2.7309570312  +2.235e-05
 14021  +2.7317229433     11189  +2.7316894531  -3.349e-05
 14022  +2.7325109782     11192  +2.7324218750  -8.910e-05
 14023  +2.7332987859     11196  +2.7333984375  +9.965e-05
 14024  +2.7340863666     11199  +2.7341308594  +4.449e-05
 14025  +2.7348737205     11202  +2.7348632812  -1.044e-05
 14026  +2.7356608478     11205  +2.7355957031  -6.514e-05
 14027  +2.7364477487     11208  +2.7363281250  -1.196e-04
 14028  +2.7372344234     11212  +2.7373046875  +7.026e-05
 14029  +2.7380208720     11215  +2.7380371094  +1.624e-05
 14030  +2.7388070948     11218  +2.7387695312  -3.756e-05
 14031  +2.7395930920     11221  +2.7395019531  -9.114e-05
 14032  +2.7403788637     11225  +2.7404785156  +9.965e-05
 14033  +2.7411644102     11228  +2.7412109375  +4.653e-05
 14034  +2.7419497316     11231  +2.7419433594  -6.372e-06
 14035  +2.7427348282     11234  +2.7426757812  -5.905e-05
 14036  +2.7435197001     11237  +2.7434082031  -1.115e-04
 14037  +2.7443043476     11241  +2.7443847656  +8.042e-05
 14038  +2.7450887707     11244  +2.7451171875  +2.842e-05
 14039  +2.7458729698     11247  +2.7458496094  -2.336e-05
 14040  +2.7466569449     11250  +2.7465820312  -7.491e-05
 14041  +2.7474406964     11254  +2.7475585938  +1.179e-04
 14042  +2.7482242243     11257  +2.7482910156  +6.679e-05
 14043  +2.7490075290     11260  +2.7490234375  +1.591e-05
 14044  +2.7497906105     11263  +2.7497558594  -3.475e-05
 14045  +2.7505734690     11266  +2.7504882812  -8.519e-05
 14046  +2.7513561048     11270  +2.7514648438  +1.087e-04
 14047  +2.7521385181     11273  +2.7521972656  +5.875e-05
 14048  +2.7529207089     11276  +2.7529296875  +8.979e-06
 14049  +2.7537026776     11279  +2.7536621094  -4.057e-05
 14050  +2.7544844243     11282  +2.7543945312  -8.989e-05
 14051  +2.7552659492     11286  +2.7553710938  +1.051e-04
 14052  +2.7560472525     11289  +2.7561035156  +5.626e-05
 14053  +2.7568283343     11292  +2.7568359375  +7.603e-06
 14054  +2.7576091949     11295  +2.7575683594  -4.084e-05
 14055  +2.7583898345     11298  +2.7583007812  -8.905e-05
 14056  +2.7591702532     11302  +2.7592773438  +1.071e-04
 14057  +2.7599504512     11305  +2.7600097656  +5.931e-05
 14058  +2.7607304288     11308  +2.7607421875  +1.176e-05
 14059  +2.7615101860     11311  +2.7614746094  -3.558e-05
 14060  +2.7622897231     11314  +2.7622070312  -8.269e-05
 14061  +2.7630690403     11318  +2.7631835938  +1.146e-04
 14062  +2.7638481377     11321  +2.7639160156  +6.788e-05
 14063  +2.7646270156     11324  +2.7646484375  +2.142e-05
 14064  +2.7654056742     11327  +2.7653808594  -2.481e-05
 14065  +2.7661841135     11330  +2.7661132812  -7.083e-05
 14066  +2.7669623338     11333  +2.7668457031  -1.166e-04
 14067  +2.7677403353     11337  +2.7678222656  +8.193e-05
 14068  +2.7685181182     11340  +2.7685546875  +3.657e-05
 14069  +2.7692956827     11343  +2.7692871094  -8.573e-06
 14070  +2.7700730288     11346  +2.7700195312  -5.350e-05
 14071  +2.7708501569     11349  +2.7707519531  -9.820e-05
 14072  +2.7716270671     11353  +2.7717285156  +1.014e-04
 14073  +2.7724037596     11356  +2.7724609375  +5.718e-05
 14074  +2.7731802345     11359  +2.7731933594  +1.312e-05
 14075  +2.7739564922     11362  +2.7739257812  -3.071e-05
 14076  +2.7747325326     11365  +2.7746582031  -7.433e-05
 14077  +2.7755083560     11368  +2.7753906250  -1.177e-04
 14078  +2.7762839627     11372  +2.7763671875  +8.322e-05
 14079  +2.7770593527     11375  +2.7770996094  +4.026e-05
 14080  +2.7778345263     11378  +2.7778320312  -2.495e-06
 14081  +2.7786094837     11381  +2.7785644531  -4.503e-05
 14082  +2.7793842249     11384  +2.7792968750  -8.735e-05
 14083  +2.7801587503     11388  +2.7802734375  +1.147e-04
 14084  +2.7809330599     11391  +2.7810058594  +7.280e-05
 14085  +2.7817071541     11394  +2.7817382812  +3.113e-05
 14086  +2.7824810328     11397  +2.7824707031  -1.033e-05
 14087  +2.7832546964     11400  +2.7832031250  -5.157e-05
 14088  +2.7840281450     11403  +2.7839355469  -9.260e-05
 14089  +2.7848013788     11407  +2.7849121094  +1.107e-04
 14090  +2.7855743979     11410  +2.7856445312  +7.013e-05
 14091  +2.7863472026     11413  +2.7863769531  +2.975e-05
 14092  +2.7871197930     11416  +2.7871093750  -1.042e-05
 14093  +2.7878921693     11419  +2.7878417969  -5.037e-05
 14094  +2.7886643316     11422  +2.7885742188  -9.011e-05
 14095  +2.7894362803     11426  +2.7895507812  +1.145e-04
 14096  +2.7902080153     11429  +2.7902832031  +7.519e-05
 14097  +2.7909795370     11432  +2.7910156250  +3.609e-05
 14098  +2.7917508454     11435  +2.7917480469  -2.799e-06
 14099  +2.7925219408     11438  +2.7924804688  -4.147e-05
 14100  +2.7932928233     11441  +2.7932128906  -7.993e-05
 14101  +2.7940634932     11444  +2.7939453125  -1.182e-04
 14102  +2.7948339505     11448  +2.7949218750  +8.792e-05
 14103  +2.7956041955     11451  +2.7956542969  +5.010e-05
 14104  +2.7963742284     11454  +2.7963867188  +1.249e-05
 14105  +2.7971440492     11457  +2.7971191406  -2.491e-05
 14106  +2.7979136583     11460  +2.7978515625  -6.210e-05
 14107  +2.7986830557     11463  +2.7985839844  -9.907e-05
 14108  +2.7994522417     11467  +2.7995605469  +1.083e-04
 14109  +2.8002212163     11470  +2.8002929688  +7.175e-05
 14110  +2.8009899799     11473  +2.8010253906  +3.541e-05
 14111  +2.8017585325     11476  +2.8017578125  -7.200e-07
 14112  +2.8025268744     11479  +2.8024902344  -3.664e-05
 14113  +2.8032950057     11482  +2.8032226562  -7.235e-05
 14114  +2.8040629265     11485  +2.8039550781  -1.078e-04
 14115  +2.8048306371     11489  +2.8049316406  +1.010e-04
 14116  +2.8055981376     11492  +2.8056640625  +6.592e-05
 14117  +2.8063654283     11495  +2.8063964844  +3.106e-05
 14118  +2.8071325092     11498  +2.8071289062  -3.603e-06
 14119  +2.8078993805     11501  +2.8078613281  -3.805e-05
 14120  +2.8086660425     11504  +2.8085937500  -7.229e-05
 14121  +2.8094324952     11507  +2.8093261719  -1.063e-04
 14122  +2.8101987389     11511  +2.8103027344  +1.040e-04
 14123  +2.8109647738     11514  +2.8110351562  +7.038e-05
 14124  +2.8117305999     11517  +2.8117675781  +3.698e-05
 14125  +2.8124962175     11520  +2.8125000000  +3.782e-06
 14126  +2.8132616267     11523  +2.8132324219  -2.920e-05
 14127  +2.8140268278     11526  +2.8139648438  -6.198e-05
 14128  +2.8147918208     11529  +2.8146972656  -9.456e-05
 14129  +2.8155566060     11533  +2.8156738281  +1.172e-04
 14130  +2.8163211835     11536  +2.8164062500  +8.507e-05
 14131  +2.8170855535     11539  +2.8171386719  +5.312e-05
 14132  +2.8178497162     11542  +2.8178710938  +2.138e-05
 14133  +2.8186136716     11545  +2.8186035156  -1.016e-05
 14134  +2.8193774201     11548  +2.8193359375  -4.148e-05
 14135  +2.8201409617     11551  +2.8200683594  -7.260e-05
 14136  +2.8209042967     11554  +2.8208007812  -1.035e-04
 14137  +2.8216674252     11558  +2.8217773438  +1.099e-04
 14138  +2.8224303473     11561  +2.8225097656  +7.942e-05
 14139  +2.8231930632     11564  +2.8232421875  +4.912e-05
 14140  +2.8239555732     11567  +2.8239746094  +1.904e-05
 14141  +2.8247178773     11570  +2.8247070312  -1.085e-05
 14142  +2.8254799758     11573  +2.8254394531  -4.052e-05
 14143  +2.8262418687     11576  +2.8261718750  -6.999e-05
 14144  +2.8270035564     11579  +2.8269042969  -9.926e-05
 14145  +2.8277650388     11583  +2.8278808594  +1.158e-04
 14146  +2.8285263163     11586  +2.8286132812  +8.696e-05
 14147  +2.8292873889     11589  +2.8293457031  +5.831e-05
 14148  +2.8300482568     11592  +2.8300781250  +2.987e-05
 14149  +2.8308089202     11595  +2.8308105469  +1.627e-06
 14150  +2.8315693793     11598  +2.8315429688  -2.641e-05
 14151  +2.8323296343     11601  +2.8322753906  -5.424e-05
 14152  +2.8330896852     11604  +2.8330078125  -8.187e-05
 14153  +2.8338495322     11607  +2.8337402344  -1.093e-04
 14154  +2.8346091756     11611  +2.8347167969  +1.076e-04
 14155  +2.8353686154     11614  +2.8354492188  +8.060e-05
 14156  +2.8361278519     11617  +2.8361816406  +5.379e-05
 14157  +2.8368868852     11620  +2.8369140625  +2.718e-05
 14158  +2.8376457155     11623  +2.8376464844  +7.689e-07
 14159  +2.8384043429     11626  +2.8383789062  -2.544e-05
 14160  +2.8391627676     11629  +2.8391113281  -5.144e-05
 14161  +2.8399209897     11632  +2.8398437500  -7.724e-05
 14162  +2.8406790095     11635  +2.8405761719  -1.028e-04
 14163  +2.8414368270     11639  +2.8415527344  +1.159e-04
 14164  +2.8421944425     11642  +2.8422851562  +9.071e-05
 14165  +2.8429518561     11645  +2.8430175781  +6.572e-05
 14166  +2.8437090679     11648  +2.8437500000  +4.093e-05
 14167  +2.8444660782     11651  +2.8444824219  +1.634e-05
 14168  +2.8452228871     11654  +2.8452148438  -8.043e-06
 14169  +2.8459794947     11657  +2.8459472656  -3.223e-05
 14170  +2.8467359012     11660  +2.8466796875  -5.621e-05
 14171  +2.8474921068     11663  +2.8474121094  -8.000e-05
 14172  +2.8482481116     11666  +2.8481445312  -1.036e-04
 14173  +2.8490039158     11670  +2.8491210938  +1.172e-04
 14174  +2.8497595196     11673  +2.8498535156  +9.400e-05
 14175  +2.8505149231     11676  +2.8505859375  +7.101e-05
 14176  +2.8512701264     11679  +2.8513183594  +4.823e-05
 14177  +2.8520251297     11682  +2.8520507812  +2.565e-05
 14178  +2.8527799333     11685  +2.8527832031  +3.270e-06
 14179  +2.8535345372     11688  +2.8535156250  -1.891e-05
 14180  +2.8542889416     11691  +2.8542480469  -4.089e-05
 14181  +2.8550431466     11694  +2.8549804688  -6.268e-05
 14182  +2.8557971525     11697  +2.8557128906  -8.426e-05
 14183  +2.8565509593     11700  +2.8564453125  -1.056e-04
 14184  +2.8573045673     11704  +2.8574218750  +1.173e-04
 14185  +2.8580579765     11707  +2.8581542969  +9.632e-05
 14186  +2.8588111872     11710  +2.8588867188  +7.553e-05
 14187  +2.8595641995     11713  +2.8596191406  +5.494e-05
 14188  +2.8603170136     11716  +2.8603515625  +3.455e-05
 14189  +2.8610696296     11719  +2.8610839844  +1.435e-05
 14190  +2.8618220477     11722  +2.8618164062  -5.641e-06
 14191  +2.8625742680     11725  +2.8625488281  -2.544e-05
 14192  +2.8633262906     11728  +2.8632812500  -4.504e-05
 14193  +2.8640781159     11731  +2.8640136719  -6.444e-05
 14194  +2.8648297438     11734  +2.8647460938  -8.365e-05
 14195  +2.8655811745     11737  +2.8654785156  -1.027e-04
 14196  +2.8663324083     11740  +2.8662109375  -1.215e-04
 14197  +2.8670834452     11744  +2.8671875000  +1.041e-04
 14198  +2.8678342855     11747  +2.8679199219  +8.564e-05
 14199  +2.8685849292     11750  +2.8686523438  +6.741e-05
 14200  +2.8693353766     11753  +2.8693847656  +4.939e-05
 14201  +2.8700856277     11756  +2.8701171875  +3.156e-05
 14202  +2.8708356827     11759  +2.8708496094  +1.393e-05
 14203  +2.8715855419     11762  +2.8715820312  -3.511e-06
 14204  +2.8723352053     11765  +2.8723144531  -2.075e-05
 14205  +2.8730846730     11768  +2.8730468750  -3.780e-05
 14206  +2.8738339454     11771  +2.8737792969  -5.465e-05
 14207  +2.8745830224     11774  +2.8745117188  -7.130e-05
 14208  +2.8753319043     11777  +2.8752441406  -8.776e-05
 14209  +2.8760805911     11780  +2.8759765625  -1.040e-04
 14210  +2.8768290832     11783  +2.8767089844  -1.201e-04
 14211  +2.8775773805     11787  +2.8776855469  +1.082e-04
 14212  +2.8783254833     11790  +2.8784179688  +9.249e-05
 14213  +2.8790733917     11793  +2.8791503906  +7.700e-05
 14214  +2.8798211059     11796  +2.8798828125  +6.171e-05
 14215  +2.8805686260     11799  +2.8806152344  +4.661e-05
 14216  +2.8813159522     11802  +2.8813476562  +3.170e-05
 14217  +2.8820630845     11805  +2.8820800781  +1.699e-05
 14218  +2.8828100233     11808  +2.8828125000  +2.477e-06
 14219  +2.8835567685     11811  +2.8835449219  -1.185e-05
 14220  +2.8843033205     11814  +2.8842773438  -2.598e-05
 14221  +2.8850496792     11817  +2.8850097656  -3.991e-05
 14222  +2.8857958449     11820  +2.8857421875  -5.366e-05
 14223  +2.8865418177     11823  +2.8864746094  -6.721e-05
 14224  +2.8872875978     11826  +2.8872070312  -8.057e-05
 14225  +2.8880331854     11829  +2.8879394531  -9.373e-05
 14226  +2.8887785804     11832  +2.8886718750  -1.067e-04
 14227  +2.8895237832     11835  +2.8894042969  -1.195e-04
 14228  +2.8902687939     11839  +2.8903808594  +1.121e-04
 14229  +2.8910136125     11842  +2.8911132812  +9.967e-05
 14230  +2.8917582394     11845  +2.8918457031  +8.746e-05
 14231  +2.8925026745     11848  +2.8925781250  +7.545e-05
 14232  +2.8932469181     11851  +2.8933105469  +6.363e-05
 14233  +2.8939909703     11854  +2.8940429688  +5.200e-05
 14234  +2.8947348313     11857  +2.8947753906  +4.056e-05
 14235  +2.8954785011     11860  +2.8955078125  +2.931e-05
 14236  +2.8962219800     11863  +2.8962402344  +1.825e-05
 14237  +2.8969652681     11866  +2.8969726562  +7.388e-06
 14238  +2.8977083655     11869  +2.8977050781  -3.287e-06
 14239  +2.8984512724     11872  +2.8984375000  -1.377e-05
 14240  +2.8991939890     11875  +2.8991699219  -2.407e-05
 14241  +2.8999365153     11878  +2.8999023438  -3.417e-05
 14242  +2.9006788515     11881  +2.9006347656  -4.409e-05
 14243  +2.9014209979     11884  +2.9013671875  -5.381e-05
 14244  +2.9021629544     11887  +2.9020996094  -6.335e-05
 14245  +2.9029047213     11890  +2.9028320312  -7.269e-05
 14246  +2.9036462987     11893  +2.9035644531  -8.185e-05
 14247  +2.9043876868     11896  +2.9042968750  -9.081e-05
 14248  +2.9051288856     11899  +2.9050292969  -9.959e-05
 14249  +2.9058698954     11902  +2.9057617188  -1.082e-04
 14250  +2.9066107163     11905  +2.9064941406  -1.166e-04
 14251  +2.9073513484     11909  +2.9074707031  +1.194e-04
 14252  +2.9080917919     11912  +2.9082031250  +1.113e-04
 14253  +2.9088320470     11915  +2.9089355469  +1.035e-04
 14254  +2.9095721136     11918  +2.9096679688  +9.586e-05
 14255  +2.9103119921     11921  +2.9104003906  +8.840e-05
 14256  +2.9110516826     11924  +2.9111328125  +8.113e-05
 14257  +2.9117911851     11927  +2.9118652344  +7.405e-05
 14258  +2.9125304999     11930  +2.9125976562  +6.716e-05
 14259  +2.9132696270     11933  +2.9133300781  +6.045e-05
 14260  +2.9140085667     11936  +2.9140625000  +5.393e-05
 14261  +2.9147473191     11939  +2.9147949219  +4.760e-05
 14262  +2.9154858842     11942  +2.9155273438  +4.146e-05
 14263  +2.9162242623     11945  +2.9162597656  +3.550e-05
 14264  +2.9169624535     11948  +2.9169921875  +2.973e-05
 14265  +2.9177004579     11951  +2.9177246094  +2.415e-05
 14266  +2.9184382757     11954  +2.9184570312  +1.876e-05
 14267  +2.9191759071     11957  +2.9191894531  +1.355e-05
 14268  +2.9199133520     11960  +2.9199218750  +8.523e-06
 14269  +2.9206506108     11963  +2.9206542969  +3.686e-06
 14270  +2.9213876835     11966  +2.9213867188  -9.648e-07
 14271  +2.9221245703     11969  +2.9221191406  -5.430e-06
 14272  +2.9228612714     11972  +2.9228515625  -9.709e-06
 14273  +2.9235977867     11975  +2.9235839844  -1.380e-05
 14274  +2.9243341166     11978  +2.9243164062  -1.771e-05
 14275  +2.9250702612     11981  +2.9250488281  -2.143e-05
 14276  +2.9258062205     11984  +2.9257812500  -2.497e-05
 14277  +2.9265419947     11987  +2.9265136719  -2.832e-05
 14278  +2.9272775840     11990  +2.9272460938  -3.149e-05
 14279  +2.9280129885     11993  +2.9279785156  -3.447e-05
 14280  +2.9287482084     11996  +2.9287109375  -3.727e-05
 14281  +2.9294832437     11999  +2.9294433594  -3.988e-05
 14282  +2.9302180947     12002  +2.9301757812  -4.231e-05
 14283  +2.9309527614     12005  +2.9309082031  -4.456e-05
 14284  +2.9316872440     12008  +2.9316406250  -4.662e-05
 14285  +2.9324215426     12011  +2.9323730469  -4.850e-05
 14286  +2.9331556574     12014  +2.9331054688  -5.019e-05
 14287  +2.9338895885     12017  +2.9338378906  -5.170e-05
 14288  +2.9346233361     12020  +2.9345703125  -5.302e-05
 14289  +2.9353569002     12023  +2.9353027344  -5.417e-05
 14290  +2.9360902811     12026  +2.9360351562  -5.512e-05
 14291  +2.9368234788     12029  +2.9367675781  -5.590e-05
 14292  +2.9375564936     12032  +2.9375000000  -5.649e-05
 14293  +2.9382893254     12035  +2.9382324219  -5.690e-05
 14294  +2.9390219746     12038  +2.9389648438  -5.713e-05
 14295  +2.9397544411     12041  +2.9396972656  -5.718e-05
 14296  +2.9404867252     12044  +2.9404296875  -5.704e-05
 14297  +2.9412188270     12047  +2.9411621094  -5.672e-05
 14298  +2.9419507466     12050  +2.9418945312  -5.622e-05
 14299  +2.9426824841     12053  +2.9426269531  -5.553e-05
 14300  +2.9434140397     12056  +2.9433593750  -5.466e-05
 14301  +2.9441454136     12059  +2.9440917969  -5.362e-05
 14302  +2.9448766058     12062  +2.9448242188  -5.239e-05
 14303  +2.9456076165     12065  +2.9455566406  -5.098e-05
 14304  +2.9463384459     12068  +2.9462890625  -4.938e-05
 14305  +2.9470690940     12071  +2.9470214844  -4.761e-05
 14306  +2.9477995610     12074  +2.9477539062  -4.565e-05
 14307  +2.9485298470     12077  +2.9484863281  -4.352e-05
 14308  +2.9492599522     12080  +2.9492187500  -4.120e-05
 14309  +2.9499898768     12083  +2.9499511719  -3.870e-05
 14310  +2.9507196207     12086  +2.9506835938  -3.603e-05
 14311  +2.9514491842     12089  +2.9514160156  -3.317e-05
 14312  +2.9521785675     12092  +2.9521484375  -3.013e-05
 14313  +2.9529077705     12095  +2.9528808594  -2.691e-05
 14314  +2.9536367936     12098  +2.9536132812  -2.351e-05
 14315  +2.9543656367     12101  +2.9543457031  -1.993e-05
 14316  +2.9550943001     12104  +2.9550781250  -1.618e-05
 14317  +2.9558227838     12107  +2.9558105469  -1.224e-05
 14318  +2.9565510881     12110  +2.9565429688  -8.119e-06
 14319  +2.9572792130     12113  +2.9572753906  -3.822e-06
 14320  +2.9580071586     12116  +2.9580078125  +6.539e-07
 14321  +2.9587349252     12119  +2.9587402344  +5.309e-06
 14322  +2.9594625128     12122  +2.9594726562  +1.014e-05
 14323  +2.9601899216     12125  +2.9602050781  +1.516e-05
 14324  +2.9609171516     12128  +2.9609375000  +2.035e-05
 14325  +2.9616442031     12131  +2.9616699219  +2.572e-05
 14326  +2.9623710762     12134  +2.9624023438  +3.127e-05
 14327  +2.9630977709     12137  +2.9631347656  +3.699e-05
 14328  +2.9638242875     12140  +2.9638671875  +4.290e-05
 14329  +2.9645506260     12143  +2.9645996094  +4.898e-05
 14330  +2.9652767866     12146  +2.9653320312  +5.524e-05
 14331  +2.9660027694     12149  +2.9660644531  +6.168e-05
 14332  +2.9667285746     12152  +2.9667968750  +6.830e-05
 14333  +2.9674542022     12155  +2.9675292969  +7.509e-05
 14334  +2.9681796525     12158  +2.9682617188  +8.207e-05
 14335  +2.9689049255     12161  +2.9689941406  +8.922e-05
 14336  +2.9696300213     12164  +2.9697265625  +9.654e-05
 14337  +2.9703549402     12167  +2.9704589844  +1.040e-04
 14338  +2.9710796822     12170  +2.9711914062  +1.117e-04
 14339  +2.9718042474     12173  +2.9719238281  +1.196e-04
 14340  +2.9725286360     12175  +2.9724121094  -1.165e-04
 14341  +2.9732528481     12178  +2.9731445312  -1.083e-04
 14342  +2.9739768839     12181  +2.9738769531  -9.993e-05
 14343  +2.9747007434     12184  +2.9746093750  -9.137e-05
 14344  +2.9754244269     12187  +2.9753417969  -8.263e-05
 14345  +2.9761479344     12190  +2.9760742188  -7.372e-05
 14346  +2.9768712660     12193  +2.9768066406  -6.463e-05
 14347  +2.9775944219     12196  +2.9775390625  -5.536e-05
 14348  +2.9783174022     12199  +2.9782714844  -4.592e-05
 14349  +2.9790402071     12202  +2.9790039062  -3.630e-05
 14350  +2.9797628366     12205  +2.9797363281  -2.651e-05
 14351  +2.9804852909     12208  +2.9804687500  -1.654e-05
 14352  +2.9812075702     12211  +2.9812011719  -6.398e-06
 14353  +2.9819296745     12214  +2.9819335938  +3.919e-06
 14354  +2.9826516040     12217  +2.9826660156  +1.441e-05
 14355  +2.9833733588     12220  +2.9833984375  +2.508e-05
 14356  +2.9840949390     12223  +2.9841308594  +3.592e-05
 14357  +2.9848163448     12226  +2.9848632812  +4.694e-05
 14358  +2.9855375762     12229  +2.9855957031  +5.813e-05
 14359  +2.9862586335     12232  +2.9863281250  +6.949e-05
 14360  +2.9869795167     12235  +2.9870605469  +8.103e-05
 14361  +2.9877002260     12238  +2.9877929688  +9.274e-05
 14362  +2.9884207614     12241  +2.9885253906  +1.046e-04
 14363  +2.9891411232     12244  +2.9892578125  +1.167e-04
 14364  +2.9898613114     12246  +2.9897460938  -1.152e-04
 14365  +2.9905813262     12249  +2.9904785156  -1.028e-04
 14366  +2.9913011676     12252  +2.9912109375  -9.023e-05
 14367  +2.9920208359     12255  +2.9919433594  -7.748e-05
 14368  +2.9927403311     12258  +2.9926757812  -6.455e-05
 14369  +2.9934596534     12261  +2.9934082031  -5.145e-05
 14370  +2.9941788029     12264  +2.9941406250  -3.818e-05
 14371  +2.9948977797     12267  +2.9948730469  -2.473e-05
 14372  +2.9956165839     12270  +2.9956054688  -1.112e-05
 14373  +2.9963352157     12273  +2.9963378906  +2.675e-06
 14374  +2.9970536752     12276  +2.9970703125  +1.664e-05
 14375  +2.9977719625     12279  +2.9978027344  +3.077e-05
 14376  +2.9984900777     12282  +2.9985351562  +4.508e-05
 14377  +2.9992080210     12285  +2.9992675781  +5.956e-05
 14378  +2.9999257925     12288  +3.0000000000  +7.421e-05
 14379  +3.0006433922     12291  +3.0007324219  +8.903e-05
 14380  +3.0013608204     12294  +3.0014648438  +1.040e-04
 14381  +3.0020780772     12297  +3.0021972656  +1.192e-04
 14382  +3.0027951626     12299  +3.0026855469  -1.096e-04
 14383  +3.0035120768     12302  +3.0034179688  -9.411e-05
 14384  +3.0042288199     12305  +3.0041503906  -7.843e-05
 14385  +3.0049453921     12308  +3.0048828125  -6.258e-05
 14386  +3.0056617935     12311  +3.0056152344  -4.656e-05
 14387  +3.0063780241     12314  +3.0063476562  -3.037e-05
 14388  +3.0070940841     12317  +3.0070800781  -1.401e-05
 14389  +3.0078099737     12320  +3.0078125000  +2.526e-06
 14390  +3.0085256929     12323  +3.0085449219  +1.923e-05
 14391  +3.0092412419     12326  +3.0092773438  +3.610e-05
 14392  +3.0099566208     12329  +3.0100097656  +5.314e-05
 14393  +3.0106718297     12332  +3.0107421875  +7.036e-05
 14394  +3.0113868687     12335  +3.0114746094  +8.774e-05
 14395  +3.0121017380     12338  +3.0122070312  +1.053e-04
 14396  +3.0128164377     12340  +3.0126953125  -1.211e-04
 14397  +3.0135309679     12343  +3.0134277344  -1.032e-04
 14398  +3.0142453287     12346  +3.0141601562  -8.517e-05
 14399  +3.0149595202     12349  +3.0148925781  -6.694e-05
 14400  +3.0156735426     12352  +3.0156250000  -4.854e-05
 14401  +3.0163873960     12355  +3.0163574219  -2.997e-05
 14402  +3.0171010805     12358  +3.0170898438  -1.124e-05
 14403  +3.0178145962     12361  +3.0178222656  +7.669e-06
 14404  +3.0185279432     12364  +3.0185546875  +2.674e-05
 14405  +3.0192411217     12367  +3.0192871094  +4.599e-05
 14406  +3.0199541318     12370  +3.0200195312  +6.540e-05
 14407  +3.0206669735     12373  +3.0207519531  +8.498e-05
 14408  +3.0213796471     12376  +3.0214843750  +1.047e-04
 14409  +3.0220921527     12378  +3.0219726562  -1.195e-04
 14410  +3.0228044902     12381  +3.0227050781  -9.941e-05
 14411  +3.0235166600     12384  +3.0234375000  -7.916e-05
 14412  +3.0242286620     12387  +3.0241699219  -5.874e-05
 14413  +3.0249404965     12390  +3.0249023438  -3.815e-05
 14414  +3.0256521635     12393  +3.0256347656  -1.740e-05
 14415  +3.0263636631     12396  +3.0263671875  +3.524e-06
 14416  +3.0270749955     12399  +3.0270996094  +2.461e-05
 14417  +3.0277861608     12402  +3.0278320312  +4.587e-05
 14418  +3.0284971591     12405  +3.0285644531  +6.729e-05
 14419  +3.0292079905     12408  +3.0292968750  +8.888e-05
 14420  +3.0299186552     12411  +3.0300292969  +1.106e-04
 14421  +3.0306291531     12413  +3.0305175781  -1.116e-04
 14422  +3.0313394846     12416  +3.0312500000  -8.948e-05
 14423  +3.0320496497     12419  +3.0319824219  -6.723e-05
 14424  +3.0327596484     12422  +3.0327148438  -4.480e-05
 14425  +3.0334694810     12425  +3.0334472656  -2.222e-05
 14426  +3.0341791475     12428  +3.0341796875  +5.400e-07
 14427  +3.0348886481     12431  +3.0349121094  +2.346e-05
 14428  +3.0355979828     12434  +3.0356445312  +4.655e-05
 14429  +3.0363071519     12437  +3.0363769531  +6.980e-05
 14430  +3.0370161553     12440  +3.0371093750  +9.322e-05
 14431  +3.0377249932     12443  +3.0378417969  +1.168e-04
 14432  +3.0384336658     12445  +3.0383300781  -1.036e-04
 14433  +3.0391421732     12448  +3.0390625000  -7.967e-05
 14434  +3.0398505154     12451  +3.0397949219  -5.559e-05
 14435  +3.0405586925     12454  +3.0405273438  -3.135e-05
 14436  +3.0412667048     12457  +3.0412597656  -6.939e-06
 14437  +3.0419745523     12460  +3.0419921875  +1.764e-05
 14438  +3.0426822351     12463  +3.0427246094  +4.237e-05
 14439  +3.0433897534     12466  +3.0434570312  +6.728e-05
 14440  +3.0440971072     12469  +3.0441894531  +9.235e-05
 14441  +3.0448042967     12472  +3.0449218750  +1.176e-04
 14442  +3.0455113220     12474  +3.0454101562  -1.012e-04
 14443  +3.0462181831     12477  +3.0461425781  -7.561e-05
 14444  +3.0469248803     12480  +3.0468750000  -4.988e-05
 14445  +3.0476314136     12483  +3.0476074219  -2.399e-05
 14446  +3.0483377832     12486  +3.0483398438  +2.061e-06
 14447  +3.0490439891     12489  +3.0490722656  +2.828e-05
 14448  +3.0497500315     12492  +3.0498046875  +5.466e-05
 14449  +3.0504559105     12495  +3.0505371094  +8.120e-05
 14450  +3.0511616261     12498  +3.0512695312  +1.079e-04
 14451  +3.0518671786     12500  +3.0517578125  -1.094e-04
 14452  +3.0525725680     12503  +3.0524902344  -8.233e-05
 14453  +3.0532777944     12506  +3.0532226562  -5.514e-05
 14454  +3.0539828580     12509  +3.0539550781  -2.778e-05
 14455  +3.0546877588     12512  +3.0546875000  -2.588e-07
 14456  +3.0553924971     12515  +3.0554199219  +2.742e-05
 14457  +3.0560970728     12518  +3.0561523438  +5.527e-05
 14458  +3.0568014861     12521  +3.0568847656  +8.328e-05
 14459  +3.0575057371     12524  +3.0576171875  +1.115e-04
 14460  +3.0582098259     12526  +3.0581054688  -1.044e-04
 14461  +3.0589137527     12529  +3.0588378906  -7.586e-05
 14462  +3.0596175175     12532  +3.0595703125  -4.721e-05
 14463  +3.0603211205     12535  +3.0603027344  -1.839e-05
 14464  +3.0610245617     12538  +3.0610351562  +1.059e-05
 14465  +3.0617278414     12541  +3.0617675781  +3.974e-05
 14466  +3.0624309595     12544  +3.0625000000  +6.904e-05
 14467  +3.0631339162     12547  +3.0632324219  +9.851e-05
 14468  +3.0638367117     12549  +3.0637207031  -1.160e-04
 14469  +3.0645393460     12552  +3.0644531250  -8.622e-05
 14470  +3.0652418192     12555  +3.0651855469  -5.627e-05
 14471  +3.0659441314     12558  +3.0659179688  -2.616e-05
 14472  +3.0666462828     12561  +3.0666503906  +4.108e-06
 14473  +3.0673482735     12564  +3.0673828125  +3.454e-05
 14474  +3.0680501036     12567  +3.0681152344  +6.513e-05
 14475  +3.0687517732     12570  +3.0688476562  +9.588e-05
 14476  +3.0694532823     12572  +3.0693359375  -1.173e-04
 14477  +3.0701546312     12575  +3.0700683594  -8.627e-05
 14478  +3.0708558199     12578  +3.0708007812  -5.504e-05
 14479  +3.0715568485     12581  +3.0715332031  -2.365e-05
 14480  +3.0722577171     12584  +3.0722656250  +7.908e-06
 14481  +3.0729584260     12587  +3.0729980469  +3.962e-05
 14482  +3.0736589750     12590  +3.0737304688  +7.149e-05
 14483  +3.0743593644     12593  +3.0744628906  +1.035e-04
 14484  +3.0750595944     12595  +3.0749511719  -1.084e-04
 14485  +3.0757596648     12598  +3.0756835938  -7.607e-05
 14486  +3.0764595760     12601  +3.0764160156  -4.356e-05
 14487  +3.0771593280     12604  +3.0771484375  -1.089e-05
 14488  +3.0778589209     12607  +3.0778808594  +2.194e-05
 14489  +3.0785583548     12610  +3.0786132812  +5.493e-05
 14490  +3.0792576299     12613  +3.0793457031  +8.807e-05
 14491  +3.0799567462     12616  +3.0800781250  +1.214e-04
 14492  +3.0806557038     12618  +3.0805664062  -8.930e-05
 14493  +3.0813545029     12621  +3.0812988281  -5.567e-05
 14494  +3.0820531435     12624  +3.0820312500  -2.189e-05
 14495  +3.0827516258     12627  +3.0827636719  +1.205e-05
 14496  +3.0834499499     12630  +3.0834960938  +4.614e-05
 14497  +3.0841481159     12633  +3.0842285156  +8.040e-05
 14498  +3.0848461238     12636  +3.0849609375  +1.148e-04
 14499  +3.0855439739     12638  +3.0854492188  -9.476e-05
 14500  +3.0862416661     12641  +3.0861816406  -6.003e-05
 14501  +3.0869392007     12644  +3.0869140625  -2.514e-05
 14502  +3.0876365777     12647  +3.0876464844  +9.907e-06
 14503  +3.0883337972     12650  +3.0883789062  +4.511e-05
 14504  +3.0890308594     12653  +3.0891113281  +8.047e-05
 14505  +3.0897277642     12656  +3.0898437500  +1.160e-04
 14506  +3.0904245120     12658  +3.0903320312  -9.248e-05
 14507  +3.0911211027     12661  +3.0910644531  -5.665e-05
 14508  +3.0918175364     12664  +3.0917968750  -2.066e-05
 14509  +3.0925138133     12667  +3.0925292969  +1.548e-05
 14510  +3.0932099335     12670  +3.0932617188  +5.179e-05
 14511  +3.0939058970     12673  +3.0939941406  +8.824e-05
 14512  +3.0946017040     12675  +3.0944824219  -1.193e-04
 14513  +3.0952973546     12678  +3.0952148438  -8.251e-05
 14514  +3.0959928489     12681  +3.0959472656  -4.558e-05
 14515  +3.0966881870     12684  +3.0966796875  -8.500e-06
 14516  +3.0973833690     12687  +3.0974121094  +2.874e-05
 14517  +3.0980783951     12690  +3.0981445312  +6.614e-05
 14518  +3.0987732652     12693  +3.0988769531  +1.037e-04
 14519  +3.0994679795     12695  +3.0993652344  -1.027e-04
 14520  +3.1001625382     12698  +3.1000976562  -6.488e-05
 14521  +3.1008569413     12701  +3.1008300781  -2.686e-05
 14522  +3.1015511889     12704  +3.1015625000  +1.131e-05
 14523  +3.1022452811     12707  +3.1022949219  +4.964e-05
 14524  +3.1029392181     12710  +3.1030273438  +8.813e-05
 14525  +3.1036330000     12712  +3.1035156250  -1.174e-04
 14526  +3.1043266267     12715  +3.1042480469  -7.858e-05
 14527  +3.1050200986     12718  +3.1049804688  -3.963e-05
 14528  +3.1057134156     12721  +3.1057128906  -5.249e-07
 14529  +3.1064065778     12724  +3.1064453125  +3.873e-05
 14530  +3.1070995854     12727  +3.1071777344  +7.815e-05
 14531  +3.1077924385     12730  +3.1079101562  +1.177e-04
 14532  +3.1084851371     12732  +3.1083984375  -8.670e-05
 14533  +3.1091776815     12735  +3.1091308594  -4.682e-05
 14534  +3.1098700716     12738  +3.1098632812  -6.790e-06
 14535  +3.1105623075     12741  +3.1105957031  +3.340e-05
 14536  +3.1112543895     12744  +3.1113281250  +7.374e-05
 14537  +3.1119463175     12747  +3.1120605469  +1.142e-04
 14538  +3.1126380917     12749  +3.1125488281  -8.926e-05
 14539  +3.1133297123     12752  +3.1132812500  -4.846e-05
 14540  +3.1140211792     12755  +3.1140136719  -7.507e-06
 14541  +3.1147124926     12758  +3.1147460938  +3.360e-05
 14542  +3.1154036526     12761  +3.1154785156  +7.486e-05
 14543  +3.1160946593     12764  +3.1162109375  +1.163e-04
 14544  +3.1167855128     12766  +3.1166992188  -8.629e-05
 14545  +3.1174762132     12769  +3.1174316406  -4.457e-05
 14546  +3.1181667606     12772  +3.1181640625  -2.698e-06
 14547  +3.1188571551     12775  +3.1188964844  +3.933e-05
 14548  +3.1195473968     12778  +3.1196289062  +8.151e-05
 14549  +3.1202374858     12780  +3.1201171875  -1.203e-04
 14550  +3.1209274222     12783  +3.1208496094  -7.781e-05
 14551  +3.1216172062     12786  +3.1215820312  -3.517e-05
 14552  +3.1223068378     12789  +3.1223144531  +7.615e-06
 14553  +3.1229963170     12792  +3.1230468750  +5.056e-05
 14554  +3.1236856441     12795  +3.1237792969  +9.365e-05
 14555  +3.1243748191     12797  +3.1242675781  -1.072e-04
 14556  +3.1250638421     12800  +3.1250000000  -6.384e-05
 14557  +3.1257527132     12803  +3.1257324219  -2.029e-05
 14558  +3.1264414326     12806  +3.1264648438  +2.341e-05
 14559  +3.1271300003     12809  +3.1271972656  +6.727e-05
 14560  +3.1278184163     12812  +3.1279296875  +1.113e-04
 14561  +3.1285066809     12814  +3.1284179688  -8.871e-05
 14562  +3.1291947941     12817  +3.1291503906  -4.440e-05
 14563  +3.1298827561     12820  +3.1298828125  +5.643e-08
 14564  +3.1305705668     12823  +3.1306152344  +4.467e-05
 14565  +3.1312582265     12826  +3.1313476562  +8.943e-05
 14566  +3.1319457352     12828  +3.1318359375  -1.098e-04
 14567  +3.1326330929     12831  +3.1325683594  -6.473e-05
 14568  +3.1333202999     12834  +3.1333007812  -1.952e-05
 14569  +3.1340073563     12837  +3.1340332031  +2.585e-05
 14570  +3.1346942620     12840  +3.1347656250  +7.136e-05
 14571  +3.1353810172     12843  +3.1354980469  +1.170e-04
 14572  +3.1360676221     12845  +3.1359863281  -8.129e-05
 14573  +3.1367540767     12848  +3.1367187500  -3.533e-05
 14574  +3.1374403810     12851  +3.1374511719  +1.079e-05
 14575  +3.1381265353     12854  +3.1381835938  +5.706e-05
 14576  +3.1388125396     12857  +3.1389160156  +1.035e-04
 14577  +3.1394983940     12859  +3.1394042969  -9.410e-05
 14578  +3.1401840985     12862  +3.1401367188  -4.738e-05
 14579  +3.1408696534     12865  +3.1408691406  -5.128e-07
 14580  +3.1415550587     12868  +3.1416015625  +4.650e-05
 14581  +3.1422403145     12871  +3.1423339844  +9.367e-05
 14582  +3.1429254208     12873  +3.1428222656  -1.032e-04
 14583  +3.1436103779     12876  +3.1435546875  -5.569e-05
 14584  +3.1442951857     12879  +3.1442871094  -8.076e-06
 14585  +3.1449798445     12882  +3.1450195312  +3.969e-05
 14586  +3.1456643542     12885  +3.1457519531  +8.760e-05
 14587  +3.1463487150     12887  +3.1462402344  -1.085e-04
 14588  +3.1470329270     12890  +3.1469726562  -6.027e-05
 14589  +3.1477169902     12893  +3.1477050781  -1.191e-05
 14590  +3.1484009048     12896  +3.1484375000  +3.660e-05
 14591  +3.1490846709     12899  +3.1491699219  +8.525e-05
 14592  +3.1497682886     12901  +3.1496582031  -1.101e-04
 14593  +3.1504517579     12904  +3.1503906250  -6.113e-05
 14594  +3.1511350789     12907  +3.1511230469  -1.203e-05
 14595  +3.1518182519     12910  +3.1518554688  +3.722e-05
 14596  +3.1525012767     12913  +3.1525878906  +8.661e-05
 14597  +3.1531841537     12915  +3.1530761719  -1.080e-04
 14598  +3.1538668827     12918  +3.1538085938  -5.829e-05
 14599  +3.1545494640     12921  +3.1545410156  -8.448e-06
 14600  +3.1552318977     12924  +3.1552734375  +4.154e-05
 14601  +3.1559141837     12927  +3.1560058594  +9.168e-05
 14602  +3.1565963223     12929  +3.1564941406  -1.022e-04
 14603  +3.1572783136     12932  +3.1572265625  -5.175e-05
 14604  +3.1579601575     12935  +3.1579589844  -1.173e-06
 14605  +3.1586418542     12938  +3.1586914062  +4.955e-05
 14606  +3.1593234039     12941  +3.1594238281  +1.004e-04
 14607  +3.1600048066     12943  +3.1599121094  -9.270e-05
 14608  +3.1606860623     12946  +3.1606445312  -4.153e-05
 14609  +3.1613671713     12949  +3.1613769531  +9.782e-06
 14610  +3.1620481335     12952  +3.1621093750  +6.124e-05
 14611  +3.1627289491     12955  +3.1628417969  +1.128e-04
 14612  +3.1634096182     12957  +3.1633300781  -7.954e-05
 14613  +3.1640901409     12960  +3.1640625000  -2.764e-05
 14614  +3.1647705173     12963  +3.1647949219  +2.440e-05
 14615  +3.1654507474     12966  +3.1655273438  +7.660e-05
 14616  +3.1661308313     12968  +3.1660156250  -1.152e-04
 14617  +3.1668107692     12971  +3.1667480469  -6.272e-05
 14618  +3.1674905612     12974  +3.1674804688  -1.009e-05
 14619  +3.1681702073     12977  +3.1682128906  +4.268e-05
 14620  +3.1688497076     12980  +3.1689453125  +9.560e-05
 14621  +3.1695290622     12982  +3.1694335938  -9.547e-05
 14622  +3.1702082713     12985  +3.1701660156  -4.226e-05
 14623  +3.1708873349     12988  +3.1708984375  +1.110e-05
 14624  +3.1715662531     12991  +3.1716308594  +6.461e-05
 14625  +3.1722450259     12994  +3.1723632812  +1.183e-04
 14626  +3.1729236536     12996  +3.1728515625  -7.209e-05
 14627  +3.1736021362     12999  +3.1735839844  -1.815e-05
 14628  +3.1742804737     13002  +3.1743164062  +3.593e-05
 14629  +3.1749586663     13005  +3.1750488281  +9.016e-05
 14630  +3.1756367141     13007  +3.1755371094  -9.960e-05
 14631  +3.1763146171     13010  +3.1762695312  -4.509e-05
 14632  +3.1769923755     13013  +3.1770019531  +9.578e-06
 14633  +3.1776699893     13016  +3.1777343750  +6.439e-05
 14634  +3.1783474587     13019  +3.1784667969  +1.193e-04
 14635  +3.1790247837     13021  +3.1789550781  -6.971e-05
 14636  +3.1797019644     13024  +3.1796875000  -1.446e-05
 14637  +3.1803790009     13027  +3.1804199219  +4.092e-05
 14638  +3.1810558933     13030  +3.1811523438  +9.645e-05
 14639  +3.1817326417     13032  +3.1816406250  -9.202e-05
 14640  +3.1824092462     13035  +3.1823730469  -3.620e-05
 14641  +3.1830857069     13038  +3.1831054688  +1.976e-05
 14642  +3.1837620239     13041  +3.1838378906  +7.587e-05
 14643  +3.1844381972     13043  +3.1843261719  -1.120e-04
 14644  +3.1851142270     13046  +3.1850585938  -5.563e-05
 14645  +3.1857901133     13049  +3.1857910156  +9.023e-07
 14646  +3.1864658562     13052  +3.1865234375  +5.758e-05
 14647  +3.1871414559     13055  +3.1872558594  +1.144e-04
 14648  +3.1878169124     13057  +3.1877441406  -7.277e-05
 14649  +3.1884922258     13060  +3.1884765625  -1.566e-05
 14650  +3.1891673962     13063  +3.1892089844  +4.159e-05
 14651  +3.1898424237     13066  +3.1899414062  +9.898e-05
 14652  +3.1905173084     13068  +3.1904296875  -8.762e-05
 14653  +3.1911920504     13071  +3.1911621094  -2.994e-05
 14654  +3.1918666497     13074  +3.1918945312  +2.788e-05
 14655  +3.1925411065     13077  +3.1926269531  +8.585e-05
 14656  +3.1932154208     13079  +3.1931152344  -1.002e-04
 14657  +3.1938895927     13082  +3.1938476562  -4.194e-05
 14658  +3.1945636224     13085  +3.1945800781  +1.646e-05
 14659  +3.1952375099     13088  +3.1953125000  +7.499e-05
 14660  +3.1959112553     13090  +3.1958007812  -1.105e-04
 14661  +3.1965848587     13093  +3.1965332031  -5.166e-05
 14662  +3.1972583202     13096  +3.1972656250  +7.305e-06
 14663  +3.1979316398     13099  +3.1979980469  +6.641e-05
 14664  +3.1986048177     13101  +3.1984863281  -1.185e-04
 14665  +3.1992778540     13104  +3.1992187500  -5.910e-05
 14666  +3.1999507487     13107  +3.1999511719  +4.232e-07
 14667  +3.2006235020     13110  +3.2006835938  +6.009e-05
 14668  +3.2012961138     13113  +3.2014160156  +1.199e-04
 14669  +3.2019685844     13115  +3.2019042969  -6.429e-05
 14670  +3.2026409137     13118  +3.2026367188  -4.195e-06
 14671  +3.2033131020     13121  +3.2033691406  +5.604e-05
 14672  +3.2039851492     13124  +3.2041015625  +1.164e-04
 14673  +3.2046570555     13126  +3.2045898438  -6.721e-05
 14674  +3.2053288210     13129  +3.2053222656  -6.555e-06
 14675  +3.2060004457     13132  +3.2060546875  +5.424e-05
 14676  +3.2066719297     13135  +3.2067871094  +1.152e-04
 14677  +3.2073432732     13137  +3.2072753906  -6.788e-05
 14678  +3.2080144761     13140  +3.2080078125  -6.664e-06
 14679  +3.2086855387     13143  +3.2087402344  +5.470e-05
 14680  +3.2093564609     13146  +3.2094726562  +1.162e-04
 14681  +3.2100272429     13148  +3.2099609375  -6.631e-05
 14682  +3.2106978848     13151  +3.2106933594  -4.525e-06
 14683  +3.2113683866     13154  +3.2114257812  +5.739e-05
 14684  +3.2120387484     13157  +3.2121582031  +1.195e-04
 14685  +3.2127089704     13159  +3.2126464844  -6.249e-05
 14686  +3.2133790526     13162  +3.2133789062  -1.463e-07
 14687  +3.2140489950     13165  +3.2141113281  +6.233e-05
 14688  +3.2147187979     13167  +3.2145996094  -1.192e-04
 14689  +3.2153884612     13170  +3.2153320312  -5.643e-05
 14690  +3.2160579851     13173  +3.2160644531  +6.468e-06
 14691  +3.2167273697     13176  +3.2167968750  +6.951e-05
 14692  +3.2173966149     13178  +3.2172851562  -1.115e-04
 14693  +3.2180657210     13181  +3.2180175781  -4.814e-05
 14694  +3.2187346880     13184  +3.2187500000  +1.531e-05
 14695  +3.2194035160     13187  +3.2194824219  +7.891e-05
 14696  +3.2200722051     13189  +3.2199707031  -1.015e-04
 14697  +3.2207407553     13192  +3.2207031250  -3.763e-05
 14698  +3.2214091668     13195  +3.2214355469  +2.638e-05
 14699  +3.2220774397     13198  +3.2221679688  +9.053e-05
 14700  +3.2227455739     13200  +3.2226562500  -8.932e-05
 14701  +3.2234135697     13203  +3.2233886719  -2.490e-05
 14702  +3.2240814271     13206  +3.2241210938  +3.967e-05
 14703  +3.2247491461     13209  +3.2248535156  +1.044e-04
 14704  +3.2254167270     13211  +3.2253417969  -7.493e-05
 14705  +3.2260841696     13214  +3.2260742188  -9.951e-06
 14706  +3.2267514743     13217  +3.2268066406  +5.517e-05
 14707  +3.2274186409     13220  +3.2275390625  +1.204e-04
 14708  +3.2280856697     13222  +3.2280273438  -5.833e-05
 14709  +3.2287525606     13225  +3.2287597656  +7.205e-06
 14710  +3.2294193139     13228  +3.2294921875  +7.287e-05
 14711  +3.2300859295     13230  +3.2299804688  -1.055e-04
 14712  +3.2307524076     13233  +3.2307128906  -3.952e-05
 14713  +3.2314187482     13236  +3.2314453125  +2.656e-05
 14714  +3.2320849514     13239  +3.2321777344  +9.278e-05
 14715  +3.2327510174     13241  +3.2326660156  -8.500e-05
 14716  +3.2334169461     13244  +3.2333984375  -1.851e-05
 14717  +3.2340827377     13247  +3.2341308594  +4.812e-05
 14718  +3.2347483923     13250  +3.2348632812  +1.149e-04
 14719  +3.2354139099     13252  +3.2353515625  -6.235e-05
 14720  +3.2360792907     13255  +3.2360839844  +4.694e-06
 14721  +3.2367445347     13258  +3.2368164062  +7.187e-05
 14722  +3.2374096419     13260  +3.2373046875  -1.050e-04
 14723  +3.2380746126     13263  +3.2380371094  -3.750e-05
 14724  +3.2387394467     13266  +3.2387695312  +3.008e-05
 14725  +3.2394041444     13269  +3.2395019531  +9.781e-05
 14726  +3.2400687057     13271  +3.2399902344  -7.847e-05
 14727  +3.2407331308     13274  +3.2407226562  -1.047e-05
 14728  +3.2413974196     13277  +3.2414550781  +5.766e-05
 14729  +3.2420615724     13279  +3.2419433594  -1.182e-04
 14730  +3.2427255891     13282  +3.2426757812  -4.981e-05
 14731  +3.2433894699     13285  +3.2434082031  +1.873e-05
 14732  +3.2440532148     13288  +3.2441406250  +8.741e-05
 14733  +3.2447168239     13290  +3.2446289062  -8.792e-05
 14734  +3.2453802973     13293  +3.2453613281  -1.897e-05
 14735  +3.2460436352     13296  +3.2460937500  +5.011e-05
 14736  +3.2467068375     13299  +3.2468261719  +1.193e-04
 14737  +3.2473699043     13301  +3.2473144531  -5.545e-05
 14738  +3.2480328358     13304  +3.2480468750  +1.404e-05
 14739  +3.2486956321     13307  +3.2487792969  +8.366e-05
 14740  +3.2493582931     13309  +3.2492675781  -9.071e-05
 14741  +3.2500208190     13312  +3.2500000000  -2.082e-05
 14742  +3.2506832099     13315  +3.2507324219  +4.921e-05
 14743  +3.2513454658     13318  +3.2514648438  +1.194e-04
 14744  +3.2520075869     13320  +3.2519531250  -5.446e-05
 14745  +3.2526695732     13323  +3.2526855469  +1.597e-05
 14746  +3.2533314247     13326  +3.2534179688  +8.654e-05
 14747  +3.2539931417     13328  +3.2539062500  -8.689e-05
 14748  +3.2546547241     13331  +3.2546386719  -1.605e-05
 14749  +3.2553161721     13334  +3.2553710938  +5.492e-05
 14750  +3.2559774857     13336  +3.2558593750  -1.181e-04
 14751  +3.2566386650     13339  +3.2565917969  -4.687e-05
 14752  +3.2572997101     13342  +3.2573242188  +2.451e-05
 14753  +3.2579606211     13345  +3.2580566406  +9.602e-05
 14754  +3.2586213980     13347  +3.2585449219  -7.648e-05
 14755  +3.2592820410     13350  +3.2592773438  -4.697e-06
 14756  +3.2599425501     13353  +3.2600097656  +6.722e-05
 14757  +3.2606029254     13355  +3.2604980469  -1.049e-04
 14758  +3.2612631669     13358  +3.2612304688  -3.270e-05
 14759  +3.2619232748     13361  +3.2619628906  +3.962e-05
 14760  +3.2625832492     13364  +3.2626953125  +1.121e-04
 14761  +3.2632430901     13366  +3.2631835938  -5.950e-05
 14762  +3.2639027976     13369  +3.2639160156  +1.322e-05
 14763  +3.2645623718     13372  +3.2646484375  +8.607e-05
 14764  +3.2652218127     13374  +3.2651367188  -8.509e-05
 14765  +3.2658811205     13377  +3.2658691406  -1.198e-05
 14766  +3.2665402952     13380  +3.2666015625  +6.127e-05
 14767  +3.2671993370     13382  +3.2670898438  -1.095e-04
 14768  +3.2678582458     13385  +3.2678222656  -3.598e-05
 14769  +3.2685170218     13388  +3.2685546875  +3.767e-05
 14770  +3.2691756650     13391  +3.2692871094  +1.114e-04
 14771  +3.2698341756     13393  +3.2697753906  -5.878e-05
 14772  +3.2704925535     13396  +3.2705078125  +1.526e-05
 14773  +3.2711507990     13399  +3.2712402344  +8.944e-05
 14774  +3.2718089120     13401  +3.2717285156  -8.040e-05
 14775  +3.2724668927     13404  +3.2724609375  -5.955e-06
 14776  +3.2731247411     13407  +3.2731933594  +6.862e-05
 14777  +3.2737824574     13409  +3.2736816406  -1.008e-04
 14778  +3.2744400415     13412  +3.2744140625  -2.598e-05
 14779  +3.2750974935     13415  +3.2751464844  +4.899e-05
 14780  +3.2757548137     13417  +3.2756347656  -1.200e-04
 14781  +3.2764120019     13420  +3.2763671875  -4.481e-05
 14782  +3.2770690584     13423  +3.2770996094  +3.055e-05
 14783  +3.2777259831     13426  +3.2778320312  +1.060e-04
 14784  +3.2783827762     13428  +3.2783203125  -6.246e-05
 14785  +3.2790394378     13431  +3.2790527344  +1.330e-05
 14786  +3.2796959679     13434  +3.2797851562  +8.919e-05
 14787  +3.2803523665     13436  +3.2802734375  -7.893e-05
 14788  +3.2810086339     13439  +3.2810058594  -2.775e-06
 14789  +3.2816647700     13442  +3.2817382812  +7.351e-05
 14790  +3.2823207750     13444  +3.2822265625  -9.421e-05
 14791  +3.2829766489     13447  +3.2829589844  -1.766e-05
 14792  +3.2836323917     13450  +3.2836914062  +5.901e-05
 14793  +3.2842880037     13452  +3.2841796875  -1.083e-04
 14794  +3.2849434848     13455  +3.2849121094  -3.138e-05
 14795  +3.2855988351     13458  +3.2856445312  +4.570e-05
 14796  +3.2862540547     13460  +3.2861328125  -1.212e-04
 14797  +3.2869091438     13463  +3.2868652344  -4.391e-05
 14798  +3.2875641022     13466  +3.2875976562  +3.355e-05
 14799  +3.2882189303     13469  +3.2883300781  +1.111e-04
 14800  +3.2888736279     13471  +3.2888183594  -5.527e-05
 14801  +3.2895281953     13474  +3.2895507812  +2.259e-05
 14802  +3.2901826324     13477  +3.2902832031  +1.006e-04
 14803  +3.2908369394     13479  +3.2907714844  -6.546e-05
 14804  +3.2914911163     13482  +3.2915039062  +1.279e-05
 14805  +3.2921451632     13485  +3.2922363281  +9.116e-05
 14806  +3.2927990803     13487  +3.2927246094  -7.447e-05
 14807  +3.2934528674     13490  +3.2934570312  +4.164e-06
 14808  +3.2941065248     13493  +3.2941894531  +8.293e-05
 14809  +3.2947600526     13495  +3.2946777344  -8.232e-05
 14810  +3.2954134507     13498  +3.2954101562  -3.294e-06
 14811  +3.2960667193     13501  +3.2961425781  +7.586e-05
 14812  +3.2967198585     13503  +3.2966308594  -8.900e-05
 14813  +3.2973728683     13506  +3.2973632812  -9.587e-06
 14814  +3.2980257487     13509  +3.2980957031  +6.995e-05
 14815  +3.2986785000     13511  +3.2985839844  -9.452e-05
 14816  +3.2993311221     13514  +3.2993164062  -1.472e-05
 14817  +3.2999836152     13517  +3.3000488281  +6.521e-05
 14818  +3.3006359793     13519  +3.3005371094  -9.887e-05
 14819  +3.3012882144     13522  +3.3012695312  -1.868e-05
 14820  +3.3019403207     13525  +3.3020019531  +6.163e-05
 14821  +3.3025922983     13527  +3.3024902344  -1.021e-04
 14822  +3.3032441472     13530  +3.3032226562  -2.149e-05
 14823  +3.3038958675     13533  +3.3039550781  +5.921e-05
 14824  +3.3045474592     13535  +3.3044433594  -1.041e-04
 14825  +3.3051989225     13538  +3.3051757812  -2.314e-05
 14826  +3.3058502574     13541  +3.3059082031  +5.795e-05
 14827  +3.3065014640     13543  +3.3063964844  -1.050e-04
 14828  +3.3071525423     13546  +3.3071289062  -2.364e-05
 14829  +3.3078034926     13549  +3.3078613281  +5.784e-05
 14830  +3.3084543147     13551  +3.3083496094  -1.047e-04
 14831  +3.3091050088     13554  +3.3090820312  -2.298e-05
 14832  +3.3097555750     13557  +3.3098144531  +5.888e-05
 14833  +3.3104060134     13559  +3.3103027344  -1.033e-04
 14834  +3.3110563240     13562  +3.3110351562  -2.117e-05
 14835  +3.3117065069     13565  +3.3117675781  +6.107e-05
 14836  +3.3123565621     13567  +3.3122558594  -1.007e-04
 14837  +3.3130064899     13570  +3.3129882812  -1.821e-05
 14838  +3.3136562901     13573  +3.3137207031  +6.441e-05
 14839  +3.3143059629     13575  +3.3142089844  -9.698e-05
 14840  +3.3149555085     13578  +3.3149414062  -1.410e-05
 14841  +3.3156049267     13581  +3.3156738281  +6.890e-05
 14842  +3.3162542178     13583  +3.3161621094  -9.211e-05
 14843  +3.3169033818     13586  +3.3168945312  -8.851e-06
 14844  +3.3175524188     13589  +3.3176269531  +7.453e-05
 14845  +3.3182013288     13591  +3.3181152344  -8.609e-05
 14846  +3.3188501119     13594  +3.3188476562  -2.456e-06
 14847  +3.3194987683     13597  +3.3195800781  +8.131e-05
 14848  +3.3201472979     13599  +3.3200683594  -7.894e-05
 14849  +3.3207957008     13602  +3.3208007812  +5.080e-06
 14850  +3.3214439772     13605  +3.3215332031  +8.923e-05
 14851  +3.3220921271     13607  +3.3220214844  -7.064e-05
 14852  +3.3227401505     13610  +3.3227539062  +1.376e-05
 14853  +3.3233880476     13613  +3.3234863281  +9.828e-05
 14854  +3.3240358184     13615  +3.3239746094  -6.121e-05
 14855  +3.3246834630     13618  +3.3247070312  +2.357e-05
 14856  +3.3253309814     13621  +3.3254394531  +1.085e-04
 14857  +3.3259783738     13623  +3.3259277344  -5.064e-05
 14858  +3.3266256402     13626  +3.3266601562  +3.452e-05
 14859  +3.3272727807     13629  +3.3273925781  +1.198e-04
 14860  +3.3279197953     13631  +3.3278808594  -3.894e-05
 14861  +3.3285666842     13634  +3.3286132812  +4.660e-05
 14862  +3.3292134474     13636  +3.3291015625  -1.119e-04
 14863  +3.3298600850     13639  +3.3298339844  -2.610e-05
 14864  +3.3305065970     13642  +3.3305664062  +5.981e-05
 14865  +3.3311529835     13644  +3.3310546875  -9.830e-05
 14866  +3.3317992446     13647  +3.3317871094  -1.214e-05
 14867  +3.3324453805     13650  +3.3325195312  +7.415e-05
 14868  +3.3330913910     13652  +3.3330078125  -8.358e-05
 14869  +3.3337372764     13655  +3.3337402344  +2.958e-06
 14870  +3.3343830366     13658  +3.3344726562  +8.962e-05
 14871  +3.3350286718     13660  +3.3349609375  -6.773e-05
 14872  +3.3356741821     13663  +3.3356933594  +1.918e-05
 14873  +3.3363195674     13666  +3.3364257812  +1.062e-04
 14874  +3.3369648280     13668  +3.3369140625  -5.077e-05
 14875  +3.3376099638     13671  +3.3376464844  +3.652e-05
 14876  +3.3382549749     13673  +3.3381347656  -1.202e-04
 14877  +3.3388998614     13676  +3.3388671875  -3.267e-05
 14878  +3.3395446234     13679  +3.3395996094  +5.499e-05
 14879  +3.3401892609     13681  +3.3400878906  -1.014e-04
 14880  +3.3408337740     13684  +3.3408203125  -1.346e-05
 14881  +3.3414781628     13687  +3.3415527344  +7.457e-05
 14882  +3.3421224274     13689  +3.3420410156  -8.141e-05
 14883  +3.3427665678     13692  +3.3427734375  +6.870e-06
 14884  +3.3434105841     13695  +3.3435058594  +9.528e-05
 14885  +3.3440544764     13697  +3.3439941406  -6.034e-05
 14886  +3.3446982447     13700  +3.3447265625  +2.832e-05
 14887  +3.3453418891     13703  +3.3454589844  +1.171e-04
 14888  +3.3459854097     13705  +3.3459472656  -3.814e-05
 14889  +3.3466288066     13708  +3.3466796875  +5.088e-05
 14890  +3.3472720798     13710  +3.3471679688  -1.041e-04
 14891  +3.3479152294     13713  +3.3479003906  -1.484e-05
 14892  +3.3485582555     13716  +3.3486328125  +7.456e-05
 14893  +3.3492011581     13718  +3.3491210938  -8.006e-05
 14894  +3.3498439373     13721  +3.3498535156  +9.578e-06
 14895  +3.3504865932     13724  +3.3505859375  +9.934e-05
 14896  +3.3511291259     13726  +3.3510742188  -5.491e-05
 14897  +3.3517715354     13729  +3.3518066406  +3.511e-05
 14898  +3.3524138218     13731  +3.3522949219  -1.189e-04
 14899  +3.3530559852     13734  +3.3530273438  -2.864e-05
 14900  +3.3536980256     13737  +3.3537597656  +6.174e-05
 14901  +3.3543399431     13739  +3.3542480469  -9.190e-05
 14902  +3.3549817378     13742  +3.3549804688  -1.269e-06
 14903  +3.3556234097     13745  +3.3557128906  +8.948e-05
 14904  +3.3562649590     13747  +3.3562011719  -6.379e-05
 14905  +3.3569063857     13750  +3.3569335938  +2.721e-05
 14906  +3.3575476898     13753  +3.3576660156  +1.183e-04
 14907  +3.3581888714     13755  +3.3581542969  -3.457e-05
 14908  +3.3588299307     13758  +3.3588867188  +5.679e-05
 14909  +3.3594708676     13760  +3.3593750000  -9.587e-05
 14910  +3.3601116823     13763  +3.3601074219  -4.260e-06
 14911  +3.3607523748     13766  +3.3608398438  +8.747e-05
 14912  +3.3613929451     13768  +3.3613281250  -6.482e-05
 14913  +3.3620333934     13771  +3.3620605469  +2.715e-05
 14914  +3.3626737198     13774  +3.3627929688  +1.192e-04
 14915  +3.3633139242     13776  +3.3632812500  -3.267e-05
 14916  +3.3639540068     13779  +3.3640136719  +5.967e-05
 14917  +3.3645939676     13781  +3.3645019531  -9.201e-05
 14918  +3.3652338067     13784  +3.3652343750  +5.683e-07
 14919  +3.3658735242     13787  +3.3659667969  +9.327e-05
 14920  +3.3665131201     13789  +3.3664550781  -5.804e-05
 14921  +3.3671525946     13792  +3.3671875000  +3.491e-05
 14922  +3.3677919476     13794  +3.3676757812  -1.162e-04
 14923  +3.3684311792     13797  +3.3684082031  -2.298e-05
 14924  +3.3690702896     13800  +3.3691406250  +7.034e-05
 14925  +3.3697092788     13802  +3.3696289062  -8.037e-05
 14926  +3.3703481468     13805  +3.3703613281  +1.318e-05
 14927  +3.3709868937     13808  +3.3710937500  +1.069e-04
 14928  +3.3716255196     13810  +3.3715820312  -4.349e-05
 14929  +3.3722640246     13813  +3.3723144531  +5.043e-05
 14930  +3.3729024087     13815  +3.3728027344  -9.967e-05
 14931  +3.3735406720     13818  +3.3735351562  -5.516e-06
 14932  +3.3741788146     13821  +3.3742675781  +8.876e-05
 14933  +3.3748168365     13823  +3.3747558594  -6.098e-05
 14934  +3.3754547378     13826  +3.3754882812  +3.354e-05
 14935  +3.3760925186     13828  +3.3759765625  -1.160e-04
 14936  +3.3767301789     13831  +3.3767089844  -2.119e-05
 14937  +3.3773677188     13834  +3.3774414062  +7.369e-05
 14938  +3.3780051384     13836  +3.3779296875  -7.545e-05
 14939  +3.3786424378     13839  +3.3786621094  +1.967e-05
 14940  +3.3792796169     13842  +3.3793945312  +1.149e-04
 14941  +3.3799166759     13844  +3.3798828125  -3.386e-05
 14942  +3.3805536149     13847  +3.3806152344  +6.162e-05
 14943  +3.3811904339     13849  +3.3811035156  -8.692e-05
 14944  +3.3818271330     13852  +3.3818359375  +8.804e-06
 14945  +3.3824637122     13855  +3.3825683594  +1.046e-04
 14946  +3.3831001717     13857  +3.3830566406  -4.353e-05
 14947  +3.3837365114     13860  +3.3837890625  +5.255e-05
 14948  +3.3843727315     13862  +3.3842773438  -9.539e-05
 14949  +3.3850088320     13865  +3.3850097656  +9.336e-07
 14950  +3.3856448130     13868  +3.3857421875  +9.737e-05
 14951  +3.3862806746     13870  +3.3862304688  -5.021e-05
 14952  +3.3869164167     13873  +3.3869628906  +4.647e-05
 14953  +3.3875520396     13875  +3.3874511719  -1.009e-04
 14954  +3.3881875432     13878  +3.3881835938  -3.949e-06
 14955  +3.3888229277     13881  +3.3889160156  +9.309e-05
 14956  +3.3894581930     13883  +3.3894042969  -5.390e-05
 14957  +3.3900933393     13886  +3.3901367188  +4.338e-05
 14958  +3.3907283666     13888  +3.3906250000  -1.034e-04
 14959  +3.3913632751     13891  +3.3913574219  -5.853e-06
 14960  +3.3919980646     13894  +3.3920898438  +9.178e-05
 14961  +3.3926327354     13896  +3.3925781250  -5.461e-05
 14962  +3.3932672875     13899  +3.3933105469  +4.326e-05
 14963  +3.3939017210     13901  +3.3937988281  -1.029e-04
 14964  +3.3945360359     13904  +3.3945312500  -4.786e-06
 14965  +3.3951702322     13907  +3.3952636719  +9.344e-05
 14966  +3.3958043102     13909  +3.3957519531  -5.236e-05
 14967  +3.3964382697     13912  +3.3964843750  +4.611e-05
 14968  +3.3970721109     13914  +3.3969726562  -9.945e-05
 14969  +3.3977058339     13917  +3.3977050781  -7.558e-07
 14970  +3.3983394388     13920  +3.3984375000  +9.806e-05
 14971  +3.3989729255     13922  +3.3989257812  -4.714e-05
 14972  +3.3996062942     13925  +3.3996582031  +5.191e-05
 14973  +3.4002395448     13927  +3.4001464844  -9.306e-05
 14974  +3.4008726776     13930  +3.4008789062  +6.229e-06
 14975  +3.4015056925     13933  +3.4016113281  +1.056e-04
 14976  +3.4021385897     13935  +3.4020996094  -3.898e-05
 14977  +3.4027713691     13938  +3.4028320312  +6.066e-05
 14978  +3.4034040309     13940  +3.4033203125  -8.372e-05
 14979  +3.4040365751     13943  +3.4040527344  +1.616e-05
 14980  +3.4046690018     13946  +3.4047851562  +1.162e-04
 14981  +3.4053013110     13948  +3.4052734375  -2.787e-05
 14982  +3.4059335029     13951  +3.4060058594  +7.236e-05
 14983  +3.4065655774     13953  +3.4064941406  -7.144e-05
 14984  +3.4071975346     13956  +3.4072265625  +2.903e-05
 14985  +3.4078293747     13958  +3.4077148438  -1.145e-04
 14986  +3.4084610976     13961  +3.4084472656  -1.383e-05
 14987  +3.4090927035     13964  +3.4091796875  +8.698e-05
 14988  +3.4097241924     13966  +3.4096679688  -5.622e-05
 14989  +3.4103555644     13969  +3.4104003906  +4.483e-05
 14990  +3.4109868194     13971  +3.4108886719  -9.815e-05
 14991  +3.4116179577     13974  +3.4116210938  +3.136e-06
 14992  +3.4122489793     13977  +3.4123535156  +1.045e-04
 14993  +3.4128798841     13979  +3.4128417969  -3.809e-05
 14994  +3.4135106724     13982  +3.4135742188  +6.355e-05
 14995  +3.4141413441     13984  +3.4140625000  -7.884e-05
 14996  +3.4147718994     13987  +3.4147949219  +2.302e-05
 14997  +3.4154023382     13989  +3.4152832031  -1.191e-04
 14998  +3.4160326607     13992  +3.4160156250  -1.704e-05
 14999  +3.4166628669     13995  +3.4167480469  +8.518e-05
 15000  +3.4172929569     13997  +3.4172363281  -5.663e-05
 15001  +3.4179229307     14000  +3.4179687500  +4.582e-05
 15002  +3.4185527884     14002  +3.4184570312  -9.576e-05
 15003  +3.4191825301     14005  +3.4191894531  +6.923e-06
 15004  +3.4198121558     14008  +3.4199218750  +1.097e-04
 15005  +3.4204416657     14010  +3.4204101562  -3.151e-05
 15006  +3.4210710597     14013  +3.4211425781  +7.152e-05
 15007  +3.4217003379     14015  +3.4216308594  -6.948e-05
 15008  +3.4223295004     14018  +3.4223632812  +3.378e-05
 15009  +3.4229585473     14020  +3.4228515625  -1.070e-04
 15010  +3.4235874786     14023  +3.4235839844  -3.494e-06
 15011  +3.4242162944     14026  +3.4243164062  +1.001e-04
 15012  +3.4248449947     14028  +3.4248046875  -4.031e-05
 15013  +3.4254735796     14031  +3.4255371094  +6.353e-05
 15014  +3.4261020492     14033  +3.4260253906  -7.666e-05
 15015  +3.4267304036     14036  +3.4267578125  +2.741e-05
 15016  +3.4273586427     14038  +3.4272460938  -1.125e-04
 15017  +3.4279867668     14041  +3.4279785156  -8.251e-06
 15018  +3.4286147757     14044  +3.4287109375  +9.616e-05
 15019  +3.4292426696     14046  +3.4291992188  -4.345e-05
 15020  +3.4298704486     14049  +3.4299316406  +6.119e-05
 15021  +3.4304981127     14051  +3.4304199219  -7.819e-05
 15022  +3.4311256620     14054  +3.4311523438  +2.668e-05
 15023  +3.4317530965     14056  +3.4316406250  -1.125e-04
 15024  +3.4323804163     14059  +3.4323730469  -7.369e-06
 15025  +3.4330076215     14062  +3.4331054688  +9.785e-05
 15026  +3.4336347122     14064  +3.4335937500  -4.096e-05
 15027  +3.4342616883     14067  +3.4343261719  +6.448e-05
 15028  +3.4348885500     14069  +3.4348144531  -7.410e-05
 15029  +3.4355152973     14072  +3.4355468750  +3.158e-05
 15030  +3.4361419303     14074  +3.4360351562  -1.068e-04
 15031  +3.4367684490     14077  +3.4367675781  -8.709e-07
 15032  +3.4373948535     14080  +3.4375000000  +1.051e-04
 15033  +3.4380211439     14082  +3.4379882812  -3.286e-05
 15034  +3.4386473203     14085  +3.4387207031  +7.338e-05
 15035  +3.4392733826     14087  +3.4392089844  -6.440e-05
 15036  +3.4398993310     14090  +3.4399414062  +4.208e-05
 15037  +3.4405251655     14092  +3.4404296875  -9.548e-05
 15038  +3.4411508862     14095  +3.4411621094  +1.122e-05
 15039  +3.4417764931     14098  +3.4418945312  +1.180e-04
 15040  +3.4424019863     14100  +3.4423828125  -1.917e-05
 15041  +3.4430273659     14103  +3.4431152344  +8.787e-05
 15042  +3.4436526320     14105  +3.4436035156  -4.912e-05
 15043  +3.4442777845     14108  +3.4443359375  +5.815e-05
 15044  +3.4449028236     14110  +3.4448242188  -7.860e-05
 15045  +3.4455277492     14113  +3.4455566406  +2.889e-05
 15046  +3.4461525616     14115  +3.4460449219  -1.076e-04
 15047  +3.4467772607     14118  +3.4467773438  +8.304e-08
 15048  +3.4474018466     14121  +3.4475097656  +1.079e-04
 15049  +3.4480263194     14123  +3.4479980469  -2.827e-05
 15050  +3.4486506790     14126  +3.4487304688  +7.979e-05
 15051  +3.4492749257     14128  +3.4492187500  -5.618e-05
 15052  +3.4498990594     14131  +3.4499511719  +5.211e-05
 15053  +3.4505230802     14133  +3.4504394531  -8.363e-05
 15054  +3.4511469882     14136  +3.4511718750  +2.489e-05
 15055  +3.4517707834     14138  +3.4516601562  -1.106e-04
 15056  +3.4523944659     14141  +3.4523925781  -1.888e-06
 15057  +3.4530180358     14144  +3.4531250000  +1.070e-04
 15058  +3.4536414931     14146  +3.4536132812  -2.821e-05
 15059  +3.4542648378     14149  +3.4543457031  +8.087e-05
 15060  +3.4548880701     14151  +3.4548339844  -5.409e-05
 15061  +3.4555111899     14154  +3.4555664062  +5.522e-05
 15062  +3.4561341975     14156  +3.4560546875  -7.951e-05
 15063  +3.4567570927     14159  +3.4567871094  +3.002e-05
 15064  +3.4573798757     14161  +3.4572753906  -1.045e-04
 15065  +3.4580025466     14164  +3.4580078125  +5.266e-06
 15066  +3.4586251053     14167  +3.4587402344  +1.151e-04
 15067  +3.4592475520     14169  +3.4592285156  -1.904e-05
 15068  +3.4598698867     14172  +3.4599609375  +9.105e-05
 15069  +3.4604921096     14174  +3.4604492188  -4.289e-05
 15070  +3.4611142205     14177  +3.4611816406  +6.742e-05
 15071  +3.4617362196     14179  +3.4616699219  -6.630e-05
 15072  +3.4623581071     14182  +3.4624023438  +4.424e-05
 15073  +3.4629798828     14184  +3.4628906250  -8.926e-05
 15074  +3.4636015469     14187  +3.4636230469  +2.150e-05
 15075  +3.4642230994     14189  +3.4641113281  -1.118e-04
 15076  +3.4648445405     14192  +3.4648437500  -7.905e-07
 15077  +3.4654658701     14195  +3.4655761719  +1.103e-04
 15078  +3.4660870883     14197  +3.4660644531  -2.264e-05
 15079  +3.4667081952     14200  +3.4667968750  +8.868e-05
 15080  +3.4673291909     14202  +3.4672851562  -4.403e-05
 15081  +3.4679500753     14205  +3.4680175781  +6.750e-05
 15082  +3.4685708486     14207  +3.4685058594  -6.499e-05
 15083  +3.4691915109     14210  +3.4692382812  +4.677e-05
 15084  +3.4698120621     14212  +3.4697265625  -8.550e-05
 15085  +3.4704325023     14215  +3.4704589844  +2.648e-05
 15086  +3.4710528317     14217  +3.4709472656  -1.056e-04
 15087  +3.4716730502     14220  +3.4716796875  +6.637e-06
 15088  +3.4722931579     14223  +3.4724121094  +1.190e-04
 15089  +3.4729131549     14225  +3.4729003906  -1.276e-05
 15090  +3.4735330412     14228  +3.4736328125  +9.977e-05
 15091  +3.4741528170     14230  +3.4741210938  -3.172e-05
 15092  +3.4747724822     14233  +3.4748535156  +8.103e-05
 15093  +3.4753920368     14235  +3.4753417969  -5.024e-05
 15094  +3.4760114811     14238  +3.4760742188  +6.274e-05
 15095  +3.4766308150     14240  +3.4765625000  -6.832e-05
 15096  +3.4772500386     14243  +3.4772949219  +4.488e-05
 15097  +3.4778691519     14245  +3.4777832031  -8.595e-05
 15098  +3.4784881551     14248  +3.4785156250  +2.747e-05
 15099  +3.4791070481     14250  +3.4790039062  -1.031e-04
 15100  +3.4797258310     14253  +3.4797363281  +1.050e-05
 15101  +3.4803445040     14255  +3.4802246094  -1.199e-04
 15102  +3.4809630669     14258  +3.4809570312  -6.036e-06
 15103  +3.4815815200     14261  +3.4816894531  +1.079e-04
 15104  +3.4821998632     14263  +3.4821777344  -2.213e-05
 15105  +3.4828180967     14266  +3.4829101562  +9.206e-05
 15106  +3.4834362204     14268  +3.4833984375  -3.778e-05
 15107  +3.4840542345     14271  +3.4841308594  +7.662e-05
 15108  +3.4846721389     14273  +3.4846191406  -5.300e-05
 15109  +3.4852899338     14276  +3.4853515625  +6.163e-05
 15110  +3.4859076192     14278  +3.4858398438  -6.778e-05
 15111  +3.4865251952     14281  +3.4865722656  +4.707e-05
 15112  +3.4871426618     14283  +3.4870605469  -8.211e-05
 15113  +3.4877600191     14286  +3.4877929688  +3.295e-05
 15114  +3.4883772672     14288  +3.4882812500  -9.602e-05
 15115  +3.4889944060     14291  +3.4890136719  +1.927e-05
 15116  +3.4896114357     14293  +3.4895019531  -1.095e-04
 15117  +3.4902283563     14296  +3.4902343750  +6.019e-06
 15118  +3.4908451679     14299  +3.4909667969  +1.216e-04
 15119  +3.4914618705     14301  +3.4914550781  -6.792e-06
 15120  +3.4920784642     14304  +3.4921875000  +1.090e-04
 15121  +3.4926949491     14306  +3.4926757812  -1.917e-05
 15122  +3.4933113252     14309  +3.4934082031  +9.688e-05
 15123  +3.4939275925     14311  +3.4938964844  -3.111e-05
 15124  +3.4945437512     14314  +3.4946289062  +8.516e-05
 15125  +3.4951598012     14316  +3.4951171875  -4.261e-05
 15126  +3.4957757426     14319  +3.4958496094  +7.387e-05
 15127  +3.4963915756     14321  +3.4963378906  -5.368e-05
 15128  +3.4970073001     14324  +3.4970703125  +6.301e-05
 15129  +3.4976229162     14326  +3.4975585938  -6.432e-05
 15130  +3.4982384240     14329  +3.4982910156  +5.259e-05
 15131  +3.4988538235     14331  +3.4987792969  -7.453e-05
 15132  +3.4994691148     14334  +3.4995117188  +4.260e-05
 15133  +3.5000842979     14336  +3.5000000000  -8.430e-05
 15134  +3.5006993729     14339  +3.5007324219  +3.305e-05
 15135  +3.5013143398     14341  +3.5012207031  -9.364e-05
 15136  +3.5019291988     14344  +3.5019531250  +2.393e-05
 15137  +3.5025439498     14346  +3.5024414062  -1.025e-04
 15138  +3.5031585930     14349  +3.5031738281  +1.524e-05
 15139  +3.5037731283     14351  +3.5036621094  -1.110e-04
 15140  +3.5043875559     14354  +3.5043945312  +6.975e-06
 15141  +3.5050018757     14356  +3.5048828125  -1.191e-04
 15142  +3.5056160879     14359  +3.5056152344  -8.535e-07
 15143  +3.5062301925     14362  +3.5063476562  +1.175e-04
 15144  +3.5068441896     14364  +3.5068359375  -8.252e-06
 15145  +3.5074580792     14367  +3.5075683594  +1.103e-04
 15146  +3.5080718613     14369  +3.5080566406  -1.522e-05
 15147  +3.5086855361     14372  +3.5087890625  +1.035e-04
 15148  +3.5092991036     14374  +3.5092773438  -2.176e-05
 15149  +3.5099125638     14377  +3.5100097656  +9.720e-05
 15150  +3.5105259168     14379  +3.5104980469  -2.787e-05
 15151  +3.5111391626     14382  +3.5112304688  +9.131e-05
 15152  +3.5117523014     14384  +3.5117187500  -3.355e-05
 15153  +3.5123653332     14387  +3.5124511719  +8.584e-05
 15154  +3.5129782579     14389  +3.5129394531  -3.880e-05
 15155  +3.5135910758     14392  +3.5136718750  +8.080e-05
 15156  +3.5142037867     14394  +3.5141601562  -4.363e-05
 15157  +3.5148163909     14397  +3.5148925781  +7.619e-05
 15158  +3.5154288883     14399  +3.5153808594  -4.803e-05
 15159  +3.5160412790     14402  +3.5161132812  +7.200e-05
 15160  +3.5166535631     14404  +3.5166015625  -5.200e-05
 15161  +3.5172657406     14407  +3.5173339844  +6.824e-05
 15162  +3.5178778116     14409  +3.5178222656  -5.555e-05
 15163  +3.5184897760     14412  +3.5185546875  +6.491e-05
 15164  +3.5191016341     14414  +3.5190429688  -5.867e-05
 15165  +3.5197133858     14417  +3.5197753906  +6.200e-05
 15166  +3.5203250312     14419  +3.5202636719  -6.136e-05
 15167  +3.5209365703     14422  +3.5209960938  +5.952e-05
 15168  +3.5215480033     14424  +3.5214843750  -6.363e-05
 15169  +3.5221593301     14427  +3.5222167969  +5.747e-05
 15170  +3.5227705508     14429  +3.5227050781  -6.547e-05
 15171  +3.5233816655     14432  +3.5234375000  +5.583e-05
 15172  +3.5239926742     14434  +3.5239257812  -6.689e-05
 15173  +3.5246035770     14437  +3.5246582031  +5.463e-05
 15174  +3.5252143739     14439  +3.5251464844  -6.789e-05
 15175  +3.5258250650     14442  +3.5258789062  +5.384e-05
 15176  +3.5264356503     14444  +3.5263671875  -6.846e-05
 15177  +3.5270461300     14447  +3.5270996094  +5.348e-05
 15178  +3.5276565040     14449  +3.5275878906  -6.861e-05
 15179  +3.5282667724     14452  +3.5283203125  +5.354e-05
 15180  +3.5288769353     14454  +3.5288085938  -6.834e-05
 15181  +3.5294869926     14457  +3.5295410156  +5.402e-05
 15182  +3.5300969446     14459  +3.5300292969  -6.765e-05
 15183  +3.5307067912     14462  +3.5307617188  +5.493e-05
 15184  +3.5313165325     14464  +3.5312500000  -6.653e-05
 15185  +3.5319261685     14467  +3.5319824219  +5.625e-05
 15186  +3.5325356993     14469  +3.5324707031  -6.500e-05
 15187  +3.5331451249     14472  +3.5332031250  +5.800e-05
 15188  +3.5337544454     14474  +3.5336914062  -6.304e-05
 15189  +3.5343636609     14477  +3.5344238281  +6.017e-05
 15190  +3.5349727714     14479  +3.5349121094  -6.066e-05
 15191  +3.5355817770     14482  +3.5356445312  +6.275e-05
 15192  +3.5361906777     14484  +3.5361328125  -5.787e-05
 15193  +3.5367994735     14487  +3.5368652344  +6.576e-05
 15194  +3.5374081646     14489  +3.5373535156  -5.465e-05
 15195  +3.5380167510     14492  +3.5380859375  +6.919e-05
 15196  +3.5386252327     14494  +3.5385742188  -5.101e-05
 15197  +3.5392336097     14497  +3.5393066406  +7.303e-05
 15198  +3.5398418822     14499  +3.5397949219  -4.696e-05
 15199  +3.5404500503     14502  +3.5405273438  +7.729e-05
 15200  +3.5410581138     14504  +3.5410156250  -4.249e-05
 15201  +3.5416660730     14507  +3.5417480469  +8.197e-05
 15202  +3.5422739278     14509  +3.5422363281  -3.760e-05
 15203  +3.5428816783     14512  +3.5429687500  +8.707e-05
 15204  +3.5434893246     14514  +3.5434570312  -3.229e-05
 15205  +3.5440968667     14517  +3.5441894531  +9.259e-05
 15206  +3.5447043047     14519  +3.5446777344  -2.657e-05
 15207  +3.5453116386     14522  +3.5454101562  +9.852e-05
 15208  +3.5459188685     14524  +3.5458984375  -2.043e-05
 15209  +3.5465259944     14527  +3.5466308594  +1.049e-04
 15210  +3.5471330164     14529  +3.5471191406  -1.388e-05
 15211  +3.5477399345     14532  +3.5478515625  +1.116e-04
 15212  +3.5483467489     14534  +3.5483398438  -6.905e-06
 15213  +3.5489534594     14537  +3.5490722656  +1.188e-04
 15214  +3.5495600663     14539  +3.5495605469  +4.806e-07
 15215  +3.5501665695     14541  +3.5500488281  -1.177e-04
 15216  +3.5507729692     14544  +3.5507812500  +8.281e-06
 15217  +3.5513792652     14546  +3.5512695312  -1.097e-04
 15218  +3.5519854578     14549  +3.5520019531  +1.650e-05
 15219  +3.5525915470     14551  +3.5524902344  -1.013e-04
 15220  +3.5531975327     14554  +3.5532226562  +2.512e-05
 15221  +3.5538034152     14556  +3.5537109375  -9.248e-05
 15222  +3.5544091943     14559  +3.5544433594  +3.417e-05
 15223  +3.5550148703     14561  +3.5549316406  -8.323e-05
 15224  +3.5556204430     14564  +3.5556640625  +4.362e-05
 15225  +3.5562259127     14566  +3.5561523438  -7.357e-05
 15226  +3.5568312793     14569  +3.5568847656  +5.349e-05
 15227  +3.5574365428     14571  +3.5573730469  -6.350e-05
 15228  +3.5580417034     14574  +3.5581054688  +6.377e-05
 15229  +3.5586467611     14576  +3.5585937500  -5.301e-05
 15230  +3.5592517159     14579  +3.5593261719  +7.446e-05
 15231  +3.5598565680     14581  +3.5598144531  -4.211e-05
 15232  +3.5604613172     14584  +3.5605468750  +8.556e-05
 15233  +3.5610659638     14586  +3.5610351562  -3.081e-05
 15234  +3.5616705077     14589  +3.5617675781  +9.707e-05
 15235  +3.5622749491     14591  +3.5622558594  -1.909e-05
 15236  +3.5628792878     14594  +3.5629882812  +1.090e-04
 15237  +3.5634835241     14596  +3.5634765625  -6.962e-06
 15238  +3.5640876580     14599  +3.5642089844  +1.213e-04
 15239  +3.5646916895     14601  +3.5646972656  +5.576e-06
 15240  +3.5652956186     14603  +3.5651855469  -1.101e-04
 15241  +3.5658994454     14606  +3.5659179688  +1.852e-05
 15242  +3.5665031701     14608  +3.5664062500  -9.692e-05
 15243  +3.5671067925     14611  +3.5671386719  +3.188e-05
 15244  +3.5677103128     14613  +3.5676269531  -8.336e-05
 15245  +3.5683137311     14616  +3.5683593750  +4.564e-05
 15246  +3.5689170473     14618  +3.5688476562  -6.939e-05
 15247  +3.5695202615     14621  +3.5695800781  +5.982e-05
 15248  +3.5701233738     14623  +3.5700683594  -5.501e-05
 15249  +3.5707263843     14626  +3.5708007812  +7.440e-05
 15250  +3.5713292929     14628  +3.5712890625  -4.023e-05
 15251  +3.5719320998     14631  +3.5720214844  +8.938e-05
 15252  +3.5725348050     14633  +3.5725097656  -2.504e-05
 15253  +3.5731374085     14636  +3.5732421875  +1.048e-04
 15254  +3.5737399103     14638  +3.5737304688  -9.442e-06
 15255  +3.5743423107     14641  +3.5744628906  +1.206e-04
 15256  +3.5749446095     14643  +3.5749511719  +6.562e-06
 15257  +3.5755468069     14645  +3.5754394531  -1.074e-04
 15258  +3.5761489028     14648  +3.5761718750  +2.297e-05
 15259  +3.5767508974     14650  +3.5766601562  -9.074e-05
 15260  +3.5773527907     14653  +3.5773925781  +3.979e-05
 15261  +3.5779545828     14655  +3.5778808594  -7.372e-05
 15262  +3.5785562736     14658  +3.5786132812  +5.701e-05
 15263  +3.5791578633     14660  +3.5791015625  -5.630e-05
 15264  +3.5797593519     14663  +3.5798339844  +7.463e-05
 15265  +3.5803607394     14665  +3.5803222656  -3.847e-05
 15266  +3.5809620260     14668  +3.5810546875  +9.266e-05
 15267  +3.5815632116     14670  +3.5815429688  -2.024e-05
 15268  +3.5821642963     14673  +3.5822753906  +1.111e-04
 15269  +3.5827652802     14675  +3.5827636719  -1.608e-06
 15270  +3.5833661632     14677  +3.5832519531  -1.142e-04
 15271  +3.5839669456     14680  +3.5839843750  +1.743e-05
 15272  +3.5845676272     14682  +3.5844726562  -9.497e-05
 15273  +3.5851682082     14685  +3.5852050781  +3.687e-05
 15274  +3.5857686886     14687  +3.5856933594  -7.533e-05
 15275  +3.5863690684     14690  +3.5864257812  +5.671e-05
 15276  +3.5869693478     14692  +3.5869140625  -5.529e-05
 15277  +3.5875695267     14695  +3.5876464844  +7.696e-05
 15278  +3.5881696053     14697  +3.5881347656  -3.484e-05
 15279  +3.5887695835     14700  +3.5888671875  +9.760e-05
 15280  +3.5893694614     14702  +3.5893554688  -1.399e-05
 15281  +3.5899692391     14705  +3.5900878906  +1.187e-04
 15282  +3.5905689166     14707  +3.5905761719  +7.255e-06
 15283  +3.5911684939     14709  +3.5910644531  -1.040e-04
 15284  +3.5917679712     14712  +3.5917968750  +2.890e-05
 15285  +3.5923673484     14714  +3.5922851562  -8.219e-05
 15286  +3.5929666256     14717  +3.5930175781  +5.095e-05
 15287  +3.5935658029     14719  +3.5935058594  -5.994e-05
 15288  +3.5941648803     14722  +3.5942382812  +7.340e-05
 15289  +3.5947638579     14724  +3.5947265625  -3.730e-05
 15290  +3.5953627357     14727  +3.5954589844  +9.625e-05
 15291  +3.5959615137     14729  +3.5959472656  -1.425e-05
 15292  +3.5965601921     14732  +3.5966796875  +1.195e-04
 15293  +3.5971587708     14734  +3.5971679688  +9.198e-06
 15294  +3.5977572499     14736  +3.5976562500  -1.010e-04
 15295  +3.5983556295     14739  +3.5983886719  +3.304e-05
 15296  +3.5989539096     14741  +3.5988769531  -7.696e-05
 15297  +3.5995520903     14744  +3.5996093750  +5.728e-05
 15298  +3.6001501715     14746  +3.6000976562  -5.252e-05
 15299  +3.6007481535     14749  +3.6008300781  +8.192e-05
 15300  +3.6013460361     14751  +3.6013183594  -2.768e-05
 15301  +3.6019438195     14754  +3.6020507812  +1.070e-04
 15302  +3.6025415037     14756  +3.6025390625  -2.441e-06
 15303  +3.6031390887     14758  +3.6030273438  -1.117e-04
 15304  +3.6037365747     14761  +3.6037597656  +2.319e-05
 15305  +3.6043339616     14763  +3.6042480469  -8.591e-05
 15306  +3.6049312496     14766  +3.6049804688  +4.922e-05
 15307  +3.6055284385     14768  +3.6054687500  -5.969e-05
 15308  +3.6061255286     14771  +3.6062011719  +7.564e-05
 15309  +3.6067225199     14773  +3.6066894531  -3.307e-05
 15310  +3.6073194123     14776  +3.6074218750  +1.025e-04
 15311  +3.6079162060     14778  +3.6079101562  -6.050e-06
 15312  +3.6085129010     14780  +3.6083984375  -1.145e-04
 15313  +3.6091094973     14783  +3.6091308594  +2.136e-05
 15314  +3.6097059950     14785  +3.6096191406  -8.685e-05
 15315  +3.6103023942     14788  +3.6103515625  +4.917e-05
 15316  +3.6108986949     14790  +3.6108398438  -5.885e-05
 15317  +3.6114948971     14793  +3.6115722656  +7.737e-05
 15318  +3.6120910009     14795  +3.6120605469  -3.045e-05
 15319  +3.6126870064     14798  +3.6127929688  +1.060e-04
 15320  +3.6132829135     14800  +3.6132812500  -1.663e-06
 15321  +3.6138787224     14802  +3.6137695312  -1.092e-04
 15322  +3.6144744330     14805  +3.6145019531  +2.752e-05
 15323  +3.6150700455     14807  +3.6149902344  -7.981e-05
 15324  +3.6156655599     14810  +3.6157226562  +5.710e-05
 15325  +3.6162609762     14812  +3.6162109375  -5.004e-05
 15326  +3.6168562945     14815  +3.6169433594  +8.706e-05
 15327  +3.6174515149     14817  +3.6174316406  -1.987e-05
 15328  +3.6180466373     14820  +3.6181640625  +1.174e-04
 15329  +3.6186416618     14822  +3.6186523438  +1.068e-05
 15330  +3.6192365885     14824  +3.6191406250  -9.596e-05
 15331  +3.6198314174     14827  +3.6198730469  +4.163e-05
 15332  +3.6204261486     14829  +3.6203613281  -6.482e-05
 15333  +3.6210207821     14832  +3.6210937500  +7.297e-05
 15334  +3.6216153180     14834  +3.6215820312  -3.329e-05
 15335  +3.6222097563     14837  +3.6223144531  +1.047e-04
 15336  +3.6228040971     14839  +3.6228027344  -1.363e-06
 15337  +3.6233983404     14841  +3.6232910156  -1.073e-04
 15338  +3.6239924862     14844  +3.6240234375  +3.095e-05
 15339  +3.6245865346     14846  +3.6245117188  -7.482e-05
 15340  +3.6251804857     14849  +3.6252441406  +6.365e-05
 15341  +3.6257743395     14851  +3.6257324219  -4.192e-05
 15342  +3.6263680961     14854  +3.6264648438  +9.675e-05
 15343  +3.6269617554     14856  +3.6269531250  -8.630e-06
 15344  +3.6275553176     14858  +3.6274414062  -1.139e-04
 15345  +3.6281487827     14861  +3.6281738281  +2.505e-05
 15346  +3.6287421507     14863  +3.6286621094  -8.004e-05
 15347  +3.6293354218     14866  +3.6293945312  +5.911e-05
 15348  +3.6299285958     14868  +3.6298828125  -4.578e-05
 15349  +3.6305216729     14871  +3.6306152344  +9.356e-05
 15350  +3.6311146532     14873  +3.6311035156  -1.114e-05
 15351  +3.6317075367     14875  +3.6315917969  -1.157e-04
 15352  +3.6323003233     14878  +3.6323242188  +2.390e-05
 15353  +3.6328930133     14880  +3.6328125000  -8.051e-05
 15354  +3.6334856066     14883  +3.6335449219  +5.932e-05
 15355  +3.6340781032     14885  +3.6340332031  -4.490e-05
 15356  +3.6346705032     14888  +3.6347656250  +9.512e-05
 15357  +3.6352628068     14890  +3.6352539062  -8.901e-06
 15358  +3.6358550138     14892  +3.6357421875  -1.128e-04
 15359  +3.6364471244     14895  +3.6364746094  +2.749e-05
 15360  +3.6370391386     14897  +3.6369628906  -7.625e-05
 15361  +3.6376310564     14900  +3.6376953125  +6.426e-05
 15362  +3.6382228779     14902  +3.6381835938  -3.928e-05
 15363  +3.6388146032     14905  +3.6389160156  +1.014e-04
 15364  +3.6394062323     14907  +3.6394042969  -1.935e-06
 15365  +3.6399977652     14909  +3.6398925781  -1.052e-04
 15366  +3.6405892020     14912  +3.6406250000  +3.580e-05
 15367  +3.6411805427     14914  +3.6411132812  -6.726e-05
 15368  +3.6417717875     14917  +3.6418457031  +7.392e-05
 15369  +3.6423629362     14919  +3.6423339844  -2.895e-05
 15370  +3.6429539890     14922  +3.6430664062  +1.124e-04
 15371  +3.6435449459     14924  +3.6435546875  +9.742e-06
 15372  +3.6441358070     14926  +3.6440429688  -9.284e-05
 15373  +3.6447265724     14929  +3.6447753906  +4.882e-05
 15374  +3.6453172419     14931  +3.6452636719  -5.357e-05
 15375  +3.6459078158     14934  +3.6459960938  +8.828e-05
 15376  +3.6464982940     14936  +3.6464843750  -1.392e-05
 15377  +3.6470886767     14938  +3.6469726562  -1.160e-04
 15378  +3.6476789637     14941  +3.6477050781  +2.611e-05
 15379  +3.6482691553     14943  +3.6481933594  -7.580e-05
 15380  +3.6488592514     14946  +3.6489257812  +6.653e-05
 15381  +3.6494492521     14948  +3.6494140625  -3.519e-05
 15382  +3.6500391574     14951  +3.6501464844  +1.073e-04
 15383  +3.6506289674     14953  +3.6506347656  +5.798e-06
 15384  +3.6512186822     14955  +3.6511230469  -9.564e-05
 15385  +3.6518083016     14958  +3.6518554688  +4.717e-05
 15386  +3.6523978260     14960  +3.6523437500  -5.408e-05
 15387  +3.6529872551     14963  +3.6530761719  +8.892e-05
 15388  +3.6535765892     14965  +3.6535644531  -1.214e-05
 15389  +3.6541658282     14967  +3.6540527344  -1.131e-04
 15390  +3.6547549723     14970  +3.6547851562  +3.018e-05
 15391  +3.6553440213     14972  +3.6552734375  -7.058e-05
 15392  +3.6559329755     14975  +3.6560058594  +7.288e-05
 15393  +3.6565218348     14977  +3.6564941406  -2.769e-05
 15394  +3.6571105993     14980  +3.6572265625  +1.160e-04
 15395  +3.6576992690     14982  +3.6577148438  +1.557e-05
 15396  +3.6582878440     14984  +3.6582031250  -8.472e-05
 15397  +3.6588763243     14987  +3.6589355469  +5.922e-05
 15398  +3.6594647100     14989  +3.6594238281  -4.088e-05
 15399  +3.6600530011     14992  +3.6601562500  +1.032e-04
 15400  +3.6606411976     14994  +3.6606445312  +3.334e-06
 15401  +3.6612292997     14996  +3.6611328125  -9.649e-05
 15402  +3.6618173073     14999  +3.6618652344  +4.793e-05
 15403  +3.6624052205     15001  +3.6623535156  -5.170e-05
 15404  +3.6629930393     15004  +3.6630859375  +9.290e-05
 15405  +3.6635807638     15006  +3.6635742188  -6.545e-06
 15406  +3.6641683941     15008  +3.6640625000  -1.059e-04
 15407  +3.6647559301     15011  +3.6647949219  +3.899e-05
 15408  +3.6653433720     15013  +3.6652832031  -6.017e-05
 15409  +3.6659307197     15016  +3.6660156250  +8.491e-05
 15410  +3.6665179733     15018  +3.6665039062  -1.407e-05
 15411  +3.6671051329     15020  +3.6669921875  -1.129e-04
 15412  +3.6676921985     15023  +3.6677246094  +3.241e-05
 15413  +3.6682791701     15025  +3.6682128906  -6.628e-05
 15414  +3.6688660478     15028  +3.6689453125  +7.926e-05
 15415  +3.6694528317     15030  +3.6694335938  -1.924e-05
 15416  +3.6700395217     15032  +3.6699218750  -1.176e-04
 15417  +3.6706261180     15035  +3.6706542969  +2.818e-05
 15418  +3.6712126205     15037  +3.6711425781  -7.004e-05
 15419  +3.6717990294     15040  +3.6718750000  +7.597e-05
 15420  +3.6723853446     15042  +3.6723632812  -2.206e-05
 15421  +3.6729715662     15044  +3.6728515625  -1.200e-04
 15422  +3.6735576943     15047  +3.6735839844  +2.629e-05
 15423  +3.6741437289     15049  +3.6740722656  -7.146e-05
 15424  +3.6747296700     15052  +3.6748046875  +7.502e-05
 15425  +3.6753155177     15054  +3.6752929688  -2.255e-05
 15426  +3.6759012720     15056  +3.6757812500  -1.200e-04
 15427  +3.6764869330     15059  +3.6765136719  +2.674e-05
 15428  +3.6770725007     15061  +3.6770019531  -7.055e-05
 15429  +3.6776579752     15064  +3.6777343750  +7.640e-05
 15430  +3.6782433565     15066  +3.6782226562  -2.070e-05
 15431  +3.6788286447     15068  +3.6787109375  -1.177e-04
 15432  +3.6794138397     15071  +3.6794433594  +2.952e-05
 15433  +3.6799989417     15073  +3.6799316406  -6.730e-05
 15434  +3.6805839507     15076  +3.6806640625  +8.011e-05
 15435  +3.6811688667     15078  +3.6811523438  -1.652e-05
 15436  +3.6817536898     15080  +3.6816406250  -1.131e-04
 15437  +3.6823384200     15083  +3.6823730469  +3.463e-05
 15438  +3.6829230573     15085  +3.6828613281  -6.173e-05
 15439  +3.6835076019     15088  +3.6835937500  +8.615e-05
 15440  +3.6840920537     15090  +3.6840820312  -1.002e-05
 15441  +3.6846764129     15092  +3.6845703125  -1.061e-04
 15442  +3.6852606793     15095  +3.6853027344  +4.206e-05
 15443  +3.6858448532     15097  +3.6857910156  -5.384e-05
 15444  +3.6864289344     15100  +3.6865234375  +9.450e-05
 15445  +3.6870129232     15102  +3.6870117188  -1.204e-06
 15446  +3.6875968194     15104  +3.6875000000  -9.682e-05
 15447  +3.6881806233     15107  +3.6882324219  +5.180e-05
 15448  +3.6887643347     15109  +3.6887207031  -4.363e-05
 15449  +3.6893479538     15112  +3.6894531250  +1.052e-04
 15450  +3.6899314805     15114  +3.6899414062  +9.926e-06
 15451  +3.6905149150     15116  +3.6904296875  -8.523e-05
 15452  +3.6910982573     15119  +3.6911621094  +6.385e-05
 15453  +3.6916815074     15121  +3.6916503906  -3.112e-05
 15454  +3.6922646654     15124  +3.6923828125  +1.181e-04
 15455  +3.6928477313     15126  +3.6928710938  +2.336e-05
 15456  +3.6934307051     15128  +3.6933593750  -7.133e-05
 15457  +3.6940135869     15131  +3.6940917969  +7.821e-05
 15458  +3.6945963768     15133  +3.6945800781  -1.630e-05
 15459  +3.6951790748     15135  +3.6950683594  -1.107e-04
 15460  +3.6957616809     15138  +3.6958007812  +3.910e-05
 15461  +3.6963441951     15140  +3.6962890625  -5.513e-05
 15462  +3.6969266176     15143  +3.6970214844  +9.487e-05
 15463  +3.6975089483     15145  +3.6975097656  +8.173e-07
 15464  +3.6980911873     15147  +3.6979980469  -9.314e-05
 15465  +3.6986733347     15150  +3.6987304688  +5.713e-05
 15466  +3.6992553905     15152  +3.6992187500  -3.664e-05
 15467  +3.6998373547     15155  +3.6999511719  +1.138e-04
 15468  +3.7004192274     15157  +3.7004394531  +2.023e-05
 15469  +3.7010010085     15159  +3.7009277344  -7.327e-05
 15470  +3.7015826983     15162  +3.7016601562  +7.746e-05
 15471  +3.7021642966     15164  +3.7021484375  -1.586e-05
 15472  +3.7027458036     15166  +3.7026367188  -1.091e-04
 15473  +3.7033272193     15169  +3.7033691406  +4.192e-05
 15474  +3.7039085438     15171  +3.7038574219  -5.112e-05
 15475  +3.7044897770     15174  +3.7045898438  +1.001e-04
 15476  +3.7050709190     15176  +3.7050781250  +7.206e-06
 15477  +3.7056519699     15178  +3.7055664062  -8.556e-05
 15478  +3.7062329296     15181  +3.7062988281  +6.590e-05
 15479  +3.7068137984     15183  +3.7067871094  -2.669e-05
 15480  +3.7073945761     15185  +3.7072753906  -1.192e-04
 15481  +3.7079752629     15188  +3.7080078125  +3.255e-05
 15482  +3.7085558587     15190  +3.7084960938  -5.976e-05
 15483  +3.7091363636     15193  +3.7092285156  +9.215e-05
 15484  +3.7097167778     15195  +3.7097167969  +1.912e-08
 15485  +3.7102971011     15197  +3.7102050781  -9.202e-05
 15486  +3.7108773336     15200  +3.7109375000  +6.017e-05
 15487  +3.7114574755     15202  +3.7114257812  -3.169e-05
 15488  +3.7120375267     15205  +3.7121582031  +1.207e-04
 15489  +3.7126174872     15207  +3.7126464844  +2.900e-05
 15490  +3.7131973572     15209  +3.7131347656  -6.259e-05
 15491  +3.7137771366     15212  +3.7138671875  +9.005e-05
 15492  +3.7143568256     15214  +3.7143554688  -1.357e-06
 15493  +3.7149364240     15216  +3.7148437500  -9.267e-05
 15494  +3.7155159321     15219  +3.7155761719  +6.024e-05
 15495  +3.7160953498     15221  +3.7160644531  -3.090e-05
 15496  +3.7166746772     15223  +3.7165527344  -1.219e-04
 15497  +3.7172539142     15226  +3.7172851562  +3.124e-05
 15498  +3.7178330611     15228  +3.7177734375  -5.962e-05
 15499  +3.7184121177     15231  +3.7185058594  +9.374e-05
 15500  +3.7189910842     15233  +3.7189941406  +3.056e-06
 15501  +3.7195699605     15235  +3.7194824219  -8.754e-05
 15502  +3.7201487468     15238  +3.7202148438  +6.610e-05
 15503  +3.7207274430     15240  +3.7207031250  -2.432e-05
 15504  +3.7213060493     15242  +3.7211914062  -1.146e-04
 15505  +3.7218845656     15245  +3.7219238281  +3.926e-05
 15506  +3.7224629920     15247  +3.7224121094  -5.088e-05
 15507  +3.7230413285     15250  +3.7231445312  +1.032e-04
 15508  +3.7236195752     15252  +3.7236328125  +1.324e-05
 15509  +3.7241977321     15254  +3.7241210938  -7.664e-05
 15510  +3.7247757993     15257  +3.7248535156  +7.772e-05
 15511  +3.7253537767     15259  +3.7253417969  -1.198e-05
 15512  +3.7259316645     15261  +3.7258300781  -1.016e-04
 15513  +3.7265094627     15264  +3.7265625000  +5.304e-05
 15514  +3.7270871714     15266  +3.7270507812  -3.639e-05
 15515  +3.7276647905     15269  +3.7277832031  +1.184e-04
 15516  +3.7282423201     15271  +3.7282714844  +2.916e-05
 15517  +3.7288197602     15273  +3.7287597656  -5.999e-05
 15518  +3.7293971110     15276  +3.7294921875  +9.508e-05
 15519  +3.7299743723     15278  +3.7299804688  +6.096e-06
 15520  +3.7305515444     15280  +3.7304687500  -8.279e-05
 15521  +3.7311286272     15283  +3.7312011719  +7.254e-05
 15522  +3.7317056207     15285  +3.7316894531  -1.617e-05
 15523  +3.7322825250     15287  +3.7321777344  -1.048e-04
 15524  +3.7328593402     15290  +3.7329101562  +5.082e-05
 15525  +3.7334360662     15292  +3.7333984375  -3.763e-05
 15526  +3.7340127032     15295  +3.7341308594  +1.182e-04
 15527  +3.7345892512     15297  +3.7346191406  +2.989e-05
 15528  +3.7351657101     15299  +3.7351074219  -5.829e-05
 15529  +3.7357420801     15302  +3.7358398438  +9.776e-05
 15530  +3.7363183612     15304  +3.7363281250  +9.764e-06
 15531  +3.7368945534     15306  +3.7368164062  -7.815e-05
 15532  +3.7374706568     15309  +3.7375488281  +7.817e-05
 15533  +3.7380466714     15311  +3.7380371094  -9.562e-06
 15534  +3.7386225972     15313  +3.7385253906  -9.721e-05
 15535  +3.7391984343     15316  +3.7392578125  +5.938e-05
 15536  +3.7397741828     15318  +3.7397460938  -2.809e-05
 15537  +3.7403498427     15320  +3.7402343750  -1.155e-04
 15538  +3.7409254139     15323  +3.7409667969  +4.138e-05
 15539  +3.7415008966     15325  +3.7414550781  -4.582e-05
 15540  +3.7420762909     15328  +3.7421875000  +1.112e-04
 15541  +3.7426515966     15330  +3.7426757812  +2.418e-05
 15542  +3.7432268140     15332  +3.7431640625  -6.275e-05
 15543  +3.7438019429     15335  +3.7438964844  +9.454e-05
 15544  +3.7443769835     15337  +3.7443847656  +7.782e-06
 15545  +3.7449519359     15339  +3.7448730469  -7.889e-05
 15546  +3.7455267999     15342  +3.7456054688  +7.867e-05
 15547  +3.7461015758     15344  +3.7460937500  -7.826e-06
 15548  +3.7466762635     15346  +3.7465820312  -9.423e-05
 15549  +3.7472508630     15349  +3.7473144531  +6.359e-05
 15550  +3.7478253744     15351  +3.7478027344  -2.264e-05
 15551  +3.7483997978     15353  +3.7482910156  -1.088e-04
 15552  +3.7489741332     15356  +3.7490234375  +4.930e-05
 15553  +3.7495483806     15358  +3.7495117188  -3.666e-05
 15554  +3.7501225401     15361  +3.7502441406  +1.216e-04
 15555  +3.7506966116     15363  +3.7507324219  +3.581e-05
 15556  +3.7512705954     15365  +3.7512207031  -4.989e-05
 15557  +3.7518444913     15368  +3.7519531250  +1.086e-04
 15558  +3.7524182994     15370  +3.7524414062  +2.311e-05
 15559  +3.7529920198     15372  +3.7529296875  -6.233e-05
 15560  +3.7535656525     15375  +3.7536621094  +9.646e-05
 15561  +3.7541391976     15377  +3.7541503906  +1.119e-05
 15562  +3.7547126551     15379  +3.7546386719  -7.398e-05
 15563  +3.7552860249     15382  +3.7553710938  +8.507e-05
 15564  +3.7558593073     15384  +3.7558593750  +6.771e-08
 15565  +3.7564325021     15386  +3.7563476562  -8.485e-05
 15566  +3.7570056096     15389  +3.7570800781  +7.447e-05
 15567  +3.7575786296     15391  +3.7575683594  -1.027e-05
 15568  +3.7581515622     15393  +3.7580566406  -9.492e-05
 15569  +3.7587244075     15396  +3.7587890625  +6.466e-05
 15570  +3.7592971655     15398  +3.7592773438  -1.982e-05
 15571  +3.7598698363     15400  +3.7597656250  -1.042e-04
 15572  +3.7604424198     15403  +3.7604980469  +5.563e-05
 15573  +3.7610149162     15405  +3.7609863281  -2.859e-05
 15574  +3.7615873254     15407  +3.7614746094  -1.127e-04
 15575  +3.7621596476     15410  +3.7622070312  +4.738e-05
 15576  +3.7627318827     15412  +3.7626953125  -3.657e-05
 15577  +3.7633040308     15414  +3.7631835938  -1.204e-04
 15578  +3.7638760919     15417  +3.7639160156  +3.992e-05
 15579  +3.7644480661     15419  +3.7644042969  -4.377e-05
 15580  +3.7650199534     15422  +3.7651367188  +1.168e-04
 15581  +3.7655917538     15424  +3.7656250000  +3.325e-05
 15582  +3.7661634674     15426  +3.7661132812  -5.019e-05
 15583  +3.7667350943     15429  +3.7668457031  +1.106e-04
 15584  +3.7673066344     15431  +3.7673339844  +2.735e-05
 15585  +3.7678780878     15433  +3.7678222656  -5.582e-05
 15586  +3.7684494546     15436  +3.7685546875  +1.052e-04
 15587  +3.7690207347     15438  +3.7690429688  +2.223e-05
 15588  +3.7695919283     15440  +3.7695312500  -6.068e-05
 15589  +3.7701630353     15443  +3.7702636719  +1.006e-04
 15590  +3.7707340558     15445  +3.7707519531  +1.790e-05
 15591  +3.7713049899     15447  +3.7712402344  -6.476e-05
 15592  +3.7718758375     15450  +3.7719726562  +9.682e-05
 15593  +3.7724465988     15452  +3.7724609375  +1.434e-05
 15594  +3.7730172737     15454  +3.7729492188  -6.805e-05
 15595  +3.7735878624     15457  +3.7736816406  +9.378e-05
 15596  +3.7741583647     15459  +3.7741699219  +1.156e-05
 15597  +3.7747287809     15461  +3.7746582031  -7.058e-05
 15598  +3.7752991108     15464  +3.7753906250  +9.151e-05
 15599  +3.7758693546     15466  +3.7758789062  +9.552e-06
 15600  +3.7764395123     15468  +3.7763671875  -7.232e-05
 15601  +3.7770095840     15471  +3.7770996094  +9.003e-05
 15602  +3.7775795696     15473  +3.7775878906  +8.321e-06
 15603  +3.7781494692     15475  +3.7780761719  -7.330e-05
 15604  +3.7787192829     15478  +3.7788085938  +8.931e-05
 15605  +3.7792890106     15480  +3.7792968750  +7.864e-06
 15606  +3.7798586525     15482  +3.7797851562  -7.350e-05
 15607  +3.7804282085     15485  +3.7805175781  +8.937e-05
 15608  +3.7809976788     15487  +3.7810058594  +8.181e-06
 15609  +3.7815670633     15489  +3.7814941406  -7.292e-05
 15610  +3.7821363620     15492  +3.7822265625  +9.020e-05
 15611  +3.7827055751     15494  +3.7827148438  +9.269e-06
 15612  +3.7832747026     15496  +3.7832031250  -7.158e-05
 15613  +3.7838437444     15499  +3.7839355469  +9.180e-05
 15614  +3.7844127007     15501  +3.7844238281  +1.113e-05
 15615  +3.7849815715     15503  +3.7849121094  -6.946e-05
 15616  +3.7855503567     15506  +3.7856445312  +9.417e-05
 15617  +3.7861190566     15508  +3.7861328125  +1.376e-05
 15618  +3.7866876710     15510  +3.7866210938  -6.658e-05
 15619  +3.7872562000     15513  +3.7873535156  +9.732e-05
 15620  +3.7878246437     15515  +3.7878417969  +1.715e-05
 15621  +3.7883930021     15517  +3.7883300781  -6.292e-05
 15622  +3.7889612753     15520  +3.7890625000  +1.012e-04
 15623  +3.7895294632     15522  +3.7895507812  +2.132e-05
 15624  +3.7900975660     15524  +3.7900390625  -5.850e-05
 15625  +3.7906655836     15527  +3.7907714844  +1.059e-04
 15626  +3.7912335162     15529  +3.7912597656  +2.625e-05
 15627  +3.7918013636     15531  +3.7917480469  -5.332e-05
 15628  +3.7923691260     15534  +3.7924804688  +1.113e-04
 15629  +3.7929368035     15536  +3.7929687500  +3.195e-05
 15630  +3.7935043960     15538  +3.7934570312  -4.736e-05
 15631  +3.7940719035     15541  +3.7941894531  +1.175e-04
 15632  +3.7946393263     15543  +3.7946777344  +3.841e-05
 15633  +3.7952066641     15545  +3.7951660156  -4.065e-05
 15634  +3.7957739172     15547  +3.7956542969  -1.196e-04
 15635  +3.7963410855     15550  +3.7963867188  +4.563e-05
 15636  +3.7969081691     15552  +3.7968750000  -3.317e-05
 15637  +3.7974751680     15554  +3.7973632812  -1.119e-04
 15638  +3.7980420823     15557  +3.7980957031  +5.362e-05
 15639  +3.7986089119     15559  +3.7985839844  -2.493e-05
 15640  +3.7991756570     15561  +3.7990722656  -1.034e-04
 15641  +3.7997423176     15564  +3.7998046875  +6.237e-05
 15642  +3.8003088936     15566  +3.8002929688  -1.592e-05
 15643  +3.8008753852     15568  +3.8007812500  -9.414e-05
 15644  +3.8014417924     15571  +3.8015136719  +7.188e-05
 15645  +3.8020081152     15573  +3.8020019531  -6.162e-06
 15646  +3.8025743537     15575  +3.8024902344  -8.412e-05
 15647  +3.8031405078     15578  +3.8032226562  +8.215e-05
 15648  +3.8037065777     15580  +3.8037109375  +4.360e-06
 15649  +3.8042725634     15582  +3.8041992188  -7.334e-05
 15650  +3.8048384648     15585  +3.8049316406  +9.318e-05
 15651  +3.8054042821     15587  +3.8054199219  +1.564e-05
 15652  +3.8059700153     15589  +3.8059082031  -6.181e-05
 15653  +3.8065356644     15592  +3.8066406250  +1.050e-04
 15654  +3.8071012295     15594  +3.8071289062  +2.768e-05
 15655  +3.8076667106     15596  +3.8076171875  -4.952e-05
 15656  +3.8082321077     15599  +3.8083496094  +1.175e-04
 15657  +3.8087974208     15601  +3.8088378906  +4.047e-05
 15658  +3.8093626501     15603  +3.8093261719  -3.648e-05
 15659  +3.8099277955     15605  +3.8098144531  -1.133e-04
 15660  +3.8104928571     15608  +3.8105468750  +5.402e-05
 15661  +3.8110578349     15610  +3.8110351562  -2.268e-05
 15662  +3.8116227290     15612  +3.8115234375  -9.929e-05
 15663  +3.8121875394     15615  +3.8122558594  +6.832e-05
 15664  +3.8127522661     15617  +3.8127441406  -8.125e-06
 15665  +3.8133169091     15619  +3.8132324219  -8.449e-05
 15666  +3.8138814686     15622  +3.8139648438  +8.338e-05
 15667  +3.8144459445     15624  +3.8144531250  +7.180e-06
 15668  +3.8150103369     15626  +3.8149414062  -6.893e-05
 15669  +3.8155746458     15629  +3.8156738281  +9.918e-05
 15670  +3.8161388713     15631  +3.8161621094  +2.324e-05
 15671  +3.8167030133     15633  +3.8166503906  -5.262e-05
 15672  +3.8172670720     15636  +3.8173828125  +1.157e-04
 15673  +3.8178310473     15638  +3.8178710938  +4.005e-05
 15674  +3.8183949394     15640  +3.8183593750  -3.556e-05
 15675  +3.8189587481     15642  +3.8188476562  -1.111e-04
 15676  +3.8195224737     15645  +3.8195800781  +5.760e-05
 15677  +3.8200861161     15647  +3.8200683594  -1.776e-05
 15678  +3.8206496753     15649  +3.8205566406  -9.303e-05
 15679  +3.8212131514     15652  +3.8212890625  +7.591e-05
 15680  +3.8217765444     15654  +3.8217773438  +7.993e-07
 15681  +3.8223398544     15656  +3.8222656250  -7.423e-05
 15682  +3.8229030814     15659  +3.8229980469  +9.497e-05
 15683  +3.8234662254     15661  +3.8234863281  +2.010e-05
 15684  +3.8240292864     15663  +3.8239746094  -5.468e-05
 15685  +3.8245922646     15666  +3.8247070312  +1.148e-04
 15686  +3.8251551600     15668  +3.8251953125  +4.015e-05
 15687  +3.8257179725     15670  +3.8256835938  -3.438e-05
 15688  +3.8262807022     15672  +3.8261718750  -1.088e-04
 15689  +3.8268433491     15675  +3.8269042969  +6.095e-05
 15690  +3.8274059134     15677  +3.8273925781  -1.334e-05
 15691  +3.8279683950     15679  +3.8278808594  -8.754e-05
 15692  +3.8285307939     15682  +3.8286132812  +8.249e-05
 15693  +3.8290931103     15684  +3.8291015625  +8.452e-06
 15694  +3.8296553441     15686  +3.8295898438  -6.550e-05
 15695  +3.8302174953     15689  +3.8303222656  +1.048e-04
 15696  +3.8307795641     15691  +3.8308105469  +3.098e-05
 15697  +3.8313415503     15693  +3.8312988281  -4.272e-05
 15698  +3.8319034542     15695  +3.8317871094  -1.163e-04
 15699  +3.8324652757     15698  +3.8325195312  +5.426e-05
 15700  +3.8330270149     15700  +3.8330078125  -1.920e-05
 15701  +3.8335886717     15702  +3.8334960938  -9.258e-05
 15702  +3.8341502462     15705  +3.8342285156  +7.827e-05
 15703  +3.8347117386     15707  +3.8347167969  +5.058e-06
 15704  +3.8352731487     15709  +3.8352050781  -6.807e-05
 15705  +3.8358344766     15712  +3.8359375000  +1.030e-04
 15706  +3.8363957224     15714  +3.8364257812  +3.006e-05
 15707  +3.8369568861     15716  +3.8369140625  -4.282e-05
 15708  +3.8375179678     15718  +3.8374023438  -1.156e-04
 15709  +3.8380789674     15721  +3.8381347656  +5.580e-05
 15710  +3.8386398851     15723  +3.8386230469  -1.684e-05
 15711  +3.8392007208     15725  +3.8391113281  -8.939e-05
 15712  +3.8397614745     15728  +3.8398437500  +8.228e-05
 15713  +3.8403221464     15730  +3.8403320312  +9.885e-06
 15714  +3.8408827365     15732  +3.8408203125  -6.242e-05
 15715  +3.8414432447     15735  +3.8415527344  +1.095e-04
 15716  +3.8420036712     15737  +3.8420410156  +3.734e-05
 15717  +3.8425640159     15739  +3.8425292969  -3.472e-05
 15718  +3.8431242790     15741  +3.8430175781  -1.067e-04
 15719  +3.8436844604     15744  +3.8437500000  +6.554e-05
 15720  +3.8442445601     15746  +3.8442382812  -6.279e-06
 15721  +3.8448045782     15748  +3.8447265625  -7.802e-05
 15722  +3.8453645148     15751  +3.8454589844  +9.447e-05
 15723  +3.8459243699     15753  +3.8459472656  +2.290e-05
 15724  +3.8464841435     15755  +3.8464355469  -4.860e-05
 15725  +3.8470438356     15757  +3.8469238281  -1.200e-04
 15726  +3.8476034463     15760  +3.8476562500  +5.280e-05
 15727  +3.8481629757     15762  +3.8481445312  -1.844e-05
 15728  +3.8487224237     15764  +3.8486328125  -8.961e-05
 15729  +3.8492817903     15767  +3.8493652344  +8.344e-05
 15730  +3.8498410757     15769  +3.8498535156  +1.244e-05
 15731  +3.8504002799     15771  +3.8503417969  -5.848e-05
 15732  +3.8509594029     15774  +3.8510742188  +1.148e-04
 15733  +3.8515184447     15776  +3.8515625000  +4.406e-05
 15734  +3.8520774053     15778  +3.8520507812  -2.662e-05
 15735  +3.8526362849     15780  +3.8525390625  -9.722e-05
 15736  +3.8531950834     15783  +3.8532714844  +7.640e-05
 15737  +3.8537538009     15785  +3.8537597656  +5.965e-06
 15738  +3.8543124374     15787  +3.8542480469  -6.439e-05
 15739  +3.8548709929     15790  +3.8549804688  +1.095e-04
 15740  +3.8554294675     15792  +3.8554687500  +3.928e-05
 15741  +3.8559878613     15794  +3.8559570312  -3.083e-05
 15742  +3.8565461741     15796  +3.8564453125  -1.009e-04
 15743  +3.8571044062     15799  +3.8571777344  +7.333e-05
 15744  +3.8576625575     15801  +3.8576660156  +3.458e-06
 15745  +3.8582206280     15803  +3.8581542969  -6.633e-05
 15746  +3.8587786178     15806  +3.8588867188  +1.081e-04
 15747  +3.8593365270     15808  +3.8593750000  +3.847e-05
 15748  +3.8598943555     15810  +3.8598632812  -3.107e-05
 15749  +3.8604521034     15812  +3.8603515625  -1.005e-04
 15750  +3.8610097707     15815  +3.8610839844  +7.421e-05
 15751  +3.8615673575     15817  +3.8615722656  +4.908e-06
 15752  +3.8621248638     15819  +3.8620605469  -6.432e-05
 15753  +3.8626822897     15822  +3.8627929688  +1.107e-04
 15754  +3.8632396351     15824  +3.8632812500  +4.161e-05
 15755  +3.8637969001     15826  +3.8637695312  -2.737e-05
 15756  +3.8643540847     15828  +3.8642578125  -9.627e-05
 15757  +3.8649111890     15831  +3.8649902344  +7.905e-05
 15758  +3.8654682131     15833  +3.8654785156  +1.030e-05
 15759  +3.8660251568     15835  +3.8659667969  -5.836e-05
 15760  +3.8665820204     15838  +3.8666992188  +1.172e-04
 15761  +3.8671388037     15840  +3.8671875000  +4.870e-05
 15762  +3.8676955069     15842  +3.8676757812  -1.973e-05
 15763  +3.8682521300     15844  +3.8681640625  -8.807e-05
 15764  +3.8688086730     15847  +3.8688964844  +8.781e-05
 15765  +3.8693651360     15849  +3.8693847656  +1.963e-05
 15766  +3.8699215189     15851  +3.8698730469  -4.847e-05
 15767  +3.8704778219     15853  +3.8703613281  -1.165e-04
 15768  +3.8710340449     15856  +3.8710937500  +5.971e-05
 15769  +3.8715901880     15858  +3.8715820312  -8.157e-06
 15770  +3.8721462512     15860  +3.8720703125  -7.594e-05
 15771  +3.8727022346     15863  +3.8728027344  +1.005e-04
 15772  +3.8732581382     15865  +3.8732910156  +3.288e-05
 15773  +3.8738139620     15867  +3.8737792969  -3.467e-05
 15774  +3.8743697061     15869  +3.8742675781  -1.021e-04
 15775  +3.8749253704     15872  +3.8750000000  +7.463e-05
 15776  +3.8754809551     15874  +3.8754882812  +7.326e-06
 15777  +3.8760364601     15876  +3.8759765625  -5.990e-05
 15778  +3.8765918856     15879  +3.8767089844  +1.171e-04
 15779  +3.8771472315     15881  +3.8771972656  +5.003e-05
 15780  +3.8777024978     15883  +3.8776855469  -1.695e-05
 15781  +3.8782576847     15885  +3.8781738281  -8.386e-05
 15782  +3.8788127920     15888  +3.8789062500  +9.346e-05
 15783  +3.8793678200     15890  +3.8793945312  +2.671e-05
 15784  +3.8799227685     15892  +3.8798828125  -3.996e-05
 15785  +3.8804776377     15894  +3.8803710938  -1.065e-04
 15786  +3.8810324276     15897  +3.8811035156  +7.109e-05
 15787  +3.8815871381     15899  +3.8815917969  +4.659e-06
 15788  +3.8821417694     15901  +3.8820800781  -6.169e-05
 15789  +3.8826963215     15904  +3.8828125000  +1.162e-04
 15790  +3.8832507944     15906  +3.8833007812  +4.999e-05
 15791  +3.8838051881     15908  +3.8837890625  -1.613e-05
 15792  +3.8843595027     15910  +3.8842773438  -8.216e-05
 15793  +3.8849137382     15913  +3.8850097656  +9.603e-05
 15794  +3.8854678947     15915  +3.8854980469  +3.015e-05
 15795  +3.8860219721     15917  +3.8859863281  -3.564e-05
 15796  +3.8865759705     15919  +3.8864746094  -1.014e-04
 15797  +3.8871298900     15922  +3.8872070312  +7.714e-05
 15798  +3.8876837305     15924  +3.8876953125  +1.158e-05
 15799  +3.8882374922     15926  +3.8881835938  -5.390e-05
 15800  +3.8887911750     15928  +3.8886718750  -1.193e-04
 15801  +3.8893447790     15931  +3.8894042969  +5.952e-05
 15802  +3.8898983042     15933  +3.8898925781  -5.726e-06
 15803  +3.8904517506     15935  +3.8903808594  -7.089e-05
 15804  +3.8910051184     15938  +3.8911132812  +1.082e-04
 15805  +3.8915584074     15940  +3.8916015625  +4.316e-05
 15806  +3.8921116178     15942  +3.8920898438  -2.177e-05
 15807  +3.8926647495     15944  +3.8925781250  -8.662e-05
 15808  +3.8932178027     15947  +3.8933105469  +9.274e-05
 15809  +3.8937707773     15949  +3.8937988281  +2.805e-05
 15810  +3.8943236734     15951  +3.8942871094  -3.656e-05
 15811  +3.8948764910     15953  +3.8947753906  -1.011e-04
 15812  +3.8954292302     15956  +3.8955078125  +7.858e-05
 15813  +3.8959818910     15958  +3.8959960938  +1.420e-05
 15814  +3.8965344733     15960  +3.8964843750  -5.010e-05
 15815  +3.8970869773     15962  +3.8969726562  -1.143e-04
 15816  +3.8976394030     15965  +3.8977050781  +6.568e-05
 15817  +3.8981917504     15967  +3.8981933594  +1.609e-06
 15818  +3.8987440195     15969  +3.8986816406  -6.238e-05
 15819  +3.8992962105     15972  +3.8994140625  +1.179e-04
 15820  +3.8998483232     15974  +3.8999023438  +5.402e-05
 15821  +3.9004003578     15976  +3.9003906250  -9.733e-06
 15822  +3.9009523143     15978  +3.9008789062  -7.341e-05
 15823  +3.9015041927     15981  +3.9016113281  +1.071e-04
 15824  +3.9020559930     15983  +3.9020996094  +4.362e-05
 15825  +3.9026077153     15985  +3.9025878906  -1.982e-05
 15826  +3.9031593596     15987  +3.9030761719  -8.319e-05
 15827  +3.9037109260     15990  +3.9038085938  +9.767e-05
 15828  +3.9042624144     15992  +3.9042968750  +3.446e-05
 15829  +3.9048138250     15994  +3.9047851562  -2.867e-05
 15830  +3.9053651577     15996  +3.9052734375  -9.172e-05
 15831  +3.9059164125     15999  +3.9060058594  +8.945e-05
 15832  +3.9064675896     16001  +3.9064941406  +2.655e-05
 15833  +3.9070186890     16003  +3.9069824219  -3.627e-05
 15834  +3.9075697106     16005  +3.9074707031  -9.901e-05
 15835  +3.9081206545     16008  +3.9082031250  +8.247e-05
 15836  +3.9086715207     16010  +3.9086914062  +1.989e-05
 15837  +3.9092223094     16012  +3.9091796875  -4.262e-05
 15838  +3.9097730204     16014  +3.9096679688  -1.051e-04
 15839  +3.9103236539     16017  +3.9104003906  +7.674e-05
 15840  +3.9108742099     16019  +3.9108886719  +1.446e-05
 15841  +3.9114246883     16021  +3.9113769531  -4.774e-05
 15842  +3.9119750893     16023  +3.9118652344  -1.099e-04
 15843  +3.9125254129     16026  +3.9125976562  +7.224e-05
 15844  +3.9130756591     16028  +3.9130859375  +1.028e-05
 15845  +3.9136258279     16030  +3.9135742188  -5.161e-05
 15846  +3.9141759194     16032  +3.9140625000  -1.134e-04
 15847  +3.9147259335     16035  +3.9147949219  +6.899e-05
 15848  +3.9152758705     16037  +3.9152832031  +7.333e-06
 15849  +3.9158257301     16039  +3.9157714844  -5.425e-05
 15850  +3.9163755126     16041  +3.9162597656  -1.157e-04
 15851  +3.9169252180     16044  +3.9169921875  +6.697e-05
 15852  +3.9174748461     16046  +3.9174804688  +5.623e-06
 15853  +3.9180243972     16048  +3.9179687500  -5.565e-05
 15854  +3.9185738712     16050  +3.9184570312  -1.168e-04
 15855  +3.9191232682     16053  +3.9191894531  +6.618e-05
 15856  +3.9196725882     16055  +3.9196777344  +5.146e-06
 15857  +3.9202218311     16057  +3.9201660156  -5.582e-05
 15858  +3.9207709972     16059  +3.9206542969  -1.167e-04
 15859  +3.9213200863     16062  +3.9213867188  +6.663e-05
 15860  +3.9218690986     16064  +3.9218750000  +5.901e-06
 15861  +3.9224180340     16066  +3.9223632812  -5.475e-05
 15862  +3.9229668926     16068  +3.9228515625  -1.153e-04
 15863  +3.9235156745     16071  +3.9235839844  +6.831e-05
 15864  +3.9240643795     16073  +3.9240722656  +7.886e-06
 15865  +3.9246130079     16075  +3.9245605469  -5.246e-05
 15866  +3.9251615596     16077  +3.9250488281  -1.127e-04
 15867  +3.9257100346     16080  +3.9257812500  +7.122e-05
 15868  +3.9262584330     16082  +3.9262695312  +1.110e-05
 15869  +3.9268067549     16084  +3.9267578125  -4.894e-05
 15870  +3.9273550001     16086  +3.9272460938  -1.089e-04
 15871  +3.9279031689     16089  +3.9279785156  +7.535e-05
 15872  +3.9284512612     16091  +3.9284667969  +1.554e-05
 15873  +3.9289992770     16093  +3.9289550781  -4.420e-05
 15874  +3.9295472163     16095  +3.9294433594  -1.039e-04
 15875  +3.9300950793     16098  +3.9301757812  +8.070e-05
 15876  +3.9306428659     16100  +3.9306640625  +2.120e-05
 15877  +3.9311905762     16102  +3.9311523438  -3.823e-05
 15878  +3.9317382102     16104  +3.9316406250  -9.759e-05
 15879  +3.9322857679     16107  +3.9323730469  +8.728e-05
 15880  +3.9328332494     16109  +3.9328613281  +2.808e-05
 15881  +3.9333806547     16111  +3.9333496094  -3.105e-05
 15882  +3.9339279838     16113  +3.9338378906  -9.009e-05
 15883  +3.9344752368     16116  +3.9345703125  +9.508e-05
 15884  +3.9350224137     16118  +3.9350585938  +3.618e-05
 15885  +3.9355695145     16120  +3.9355468750  -2.264e-05
 15886  +3.9361165392     16122  +3.9360351562  -8.138e-05
 15887  +3.9366634879     16125  +3.9367675781  +1.041e-04
 15888  +3.9372103607     16127  +3.9372558594  +4.550e-05
 15889  +3.9377571575     16129  +3.9377441406  -1.302e-05
 15890  +3.9383038784     16131  +3.9382324219  -7.146e-05
 15891  +3.9388505234     16134  +3.9389648438  +1.143e-04
 15892  +3.9393970925     16136  +3.9394531250  +5.603e-05
 15893  +3.9399435858     16138  +3.9399414062  -2.180e-06
 15894  +3.9404900034     16140  +3.9404296875  -6.032e-05
 15895  +3.9410363451     16142  +3.9409179688  -1.184e-04
 15896  +3.9415826112     16145  +3.9416503906  +6.778e-05
 15897  +3.9421288015     16147  +3.9421386719  +9.870e-06
 15898  +3.9426749162     16149  +3.9426269531  -4.796e-05
 15899  +3.9432209553     16151  +3.9431152344  -1.057e-04
 15900  +3.9437669187     16154  +3.9438476562  +8.074e-05
 15901  +3.9443128066     16156  +3.9443359375  +2.313e-05
 15902  +3.9448586189     16158  +3.9448242188  -3.440e-05
 15903  +3.9454043557     16160  +3.9453125000  -9.186e-05
 15904  +3.9459500171     16163  +3.9460449219  +9.490e-05
 15905  +3.9464956030     16165  +3.9465332031  +3.760e-05
 15906  +3.9470411135     16167  +3.9470214844  -1.963e-05
 15907  +3.9475865486     16169  +3.9475097656  -7.678e-05
 15908  +3.9481319083     16172  +3.9482421875  +1.103e-04
 15909  +3.9486771928     16174  +3.9487304688  +5.328e-05
 15910  +3.9492224019     16176  +3.9492187500  -3.652e-06
 15911  +3.9497675358     16178  +3.9497070312  -6.050e-05
 15912  +3.9503125944     16180  +3.9501953125  -1.173e-04
 15913  +3.9508575779     16183  +3.9509277344  +7.016e-05
 15914  +3.9514024862     16185  +3.9514160156  +1.353e-05
 15915  +3.9519473194     16187  +3.9519042969  -4.302e-05
 15916  +3.9524920774     16189  +3.9523925781  -9.950e-05
 15917  +3.9530367604     16192  +3.9531250000  +8.824e-05
 15918  +3.9535813684     16194  +3.9536132812  +3.191e-05
 15919  +3.9541259013     16196  +3.9541015625  -2.434e-05
 15920  +3.9546703592     16198  +3.9545898438  -8.052e-05
 15921  +3.9552147423     16201  +3.9553222656  +1.075e-04
 15922  +3.9557590504     16203  +3.9558105469  +5.150e-05
 15923  +3.9563032836     16205  +3.9562988281  -4.455e-06
 15924  +3.9568474419     16207  +3.9567871094  -6.033e-05
 15925  +3.9573915254     16209  +3.9572753906  -1.161e-04
 15926  +3.9579355342     16212  +3.9580078125  +7.228e-05
 15927  +3.9584794681     16214  +3.9584960938  +1.663e-05
 15928  +3.9590233274     16216  +3.9589843750  -3.895e-05
 15929  +3.9595671119     16218  +3.9594726562  -9.446e-05
 15930  +3.9601108218     16221  +3.9602050781  +9.426e-05
 15931  +3.9606544570     16223  +3.9606933594  +3.890e-05
 15932  +3.9611980177     16225  +3.9611816406  -1.638e-05
 15933  +3.9617415037     16227  +3.9616699219  -7.158e-05
 15934  +3.9622849152     16230  +3.9624023438  +1.174e-04
 15935  +3.9628282522     16232  +3.9628906250  +6.237e-05
 15936  +3.9633715147     16234  +3.9633789062  +7.392e-06
 15937  +3.9639147027     16236  +3.9638671875  -4.752e-05
 15938  +3.9644578163     16238  +3.9643554688  -1.023e-04
 15939  +3.9650008555     16241  +3.9650878906  +8.704e-05
 15940  +3.9655438204     16243  +3.9655761719  +3.235e-05
 15941  +3.9660867109     16245  +3.9660644531  -2.226e-05
 15942  +3.9666295272     16247  +3.9665527344  -7.679e-05
 15943  +3.9671722691     16250  +3.9672851562  +1.129e-04
 15944  +3.9677149368     16252  +3.9677734375  +5.850e-05
 15945  +3.9682575303     16254  +3.9682617188  +4.188e-06
 15946  +3.9688000496     16256  +3.9687500000  -5.005e-05
 15947  +3.9693424948     16258  +3.9692382812  -1.042e-04
 15948  +3.9698848658     16261  +3.9699707031  +8.584e-05
 15949  +3.9704271628     16263  +3.9704589844  +3.182e-05
 15950  +3.9709693857     16265  +3.9709472656  -2.212e-05
 15951  +3.9715115346     16267  +3.9714355469  -7.599e-05
 15952  +3.9720536094     16270  +3.9721679688  +1.144e-04
 15953  +3.9725956103     16272  +3.9726562500  +6.064e-05
 15954  +3.9731375373     16274  +3.9731445312  +6.994e-06
 15955  +3.9736793904     16276  +3.9736328125  -4.658e-05
 15956  +3.9742211696     16278  +3.9741210938  -1.001e-04
 15957  +3.9747628749     16281  +3.9748535156  +9.064e-05
 15958  +3.9753045064     16283  +3.9753417969  +3.729e-05
 15959  +3.9758460641     16285  +3.9758300781  -1.599e-05
 15960  +3.9763875481     16287  +3.9763183594  -6.919e-05
 15961  +3.9769289584     16290  +3.9770507812  +1.218e-04
 15962  +3.9774702949     16292  +3.9775390625  +6.877e-05
 15963  +3.9780115578     16294  +3.9780273438  +1.579e-05
 15964  +3.9785527470     16296  +3.9785156250  -3.712e-05
 15965  +3.9790938627     16298  +3.9790039062  -8.996e-05
 15966  +3.9796349048     16301  +3.9797363281  +1.014e-04
 15967  +3.9801758733     16303  +3.9802246094  +4.874e-05
 15968  +3.9807167683     16305  +3.9807128906  -3.878e-06
 15969  +3.9812575898     16307  +3.9812011719  -5.642e-05
 15970  +3.9817983379     16309  +3.9816894531  -1.089e-04
 15971  +3.9823390125     16312  +3.9824218750  +8.286e-05
 15972  +3.9828796137     16314  +3.9829101562  +3.054e-05
 15973  +3.9834201416     16316  +3.9833984375  -2.170e-05
 15974  +3.9839605962     16318  +3.9838867188  -7.388e-05
 15975  +3.9845009774     16321  +3.9846191406  +1.182e-04
 15976  +3.9850412853     16323  +3.9851074219  +6.614e-05
 15977  +3.9855815200     16325  +3.9855957031  +1.418e-05
 15978  +3.9861216815     16327  +3.9860839844  -3.770e-05
 15979  +3.9866617698     16329  +3.9865722656  -8.950e-05
 15980  +3.9872017850     16332  +3.9873046875  +1.029e-04
 15981  +3.9877417270     16334  +3.9877929688  +5.124e-05
 15982  +3.9882815959     16336  +3.9882812500  -3.459e-07
 15983  +3.9888213917     16338  +3.9887695312  -5.186e-05
 15984  +3.9893611146     16340  +3.9892578125  -1.033e-04
 15985  +3.9899007644     16343  +3.9899902344  +8.947e-05
 15986  +3.9904403412     16345  +3.9904785156  +3.817e-05
 15987  +3.9909798450     16347  +3.9909667969  -1.305e-05
 15988  +3.9915192760     16349  +3.9914550781  -6.420e-05
 15989  +3.9920586340     16351  +3.9919433594  -1.153e-04
 15990  +3.9925979192     16354  +3.9926757812  +7.786e-05
 15991  +3.9931371316     16356  +3.9931640625  +2.693e-05
 15992  +3.9936762712     16358  +3.9936523438  -2.393e-05
 15993  +3.9942153379     16360  +3.9941406250  -7.471e-05
 15994  +3.9947543320     16363  +3.9948730469  +1.187e-04
 15995  +3.9952932533     16365  +3.9953613281  +6.807e-05
 15996  +3.9958321020     16367  +3.9958496094  +1.751e-05
 15997  +3.9963708779     16369  +3.9963378906  -3.299e-05
 15998  +3.9969095813     16371  +3.9968261719  -8.341e-05
 15999  +3.9974482121     16374  +3.9975585938  +1.104e-04
 16000  +3.9979867703     16376  +3.9980468750  +6.010e-05
 16001  +3.9985252559     16378  +3.9985351562  +9.900e-06
 16002  +3.9990636691     16380  +3.9990234375  -4.023e-05
 16003  +3.9996020098     16382  +3.9995117188  -9.029e-05
 16004  +4.0001402780     16385  +4.0002441406  +1.039e-04
 16005  +4.0006784738     16387  +4.0007324219  +5.395e-05
 16006  +4.0012165972     16389  +4.0012207031  +4.106e-06
 16007  +4.0017546482     16391  +4.0017089844  -4.566e-05
 16008  +4.0022926270     16393  +4.0021972656  -9.536e-05
 16009  +4.0028305334     16396  +4.0029296875  +9.915e-05
 16010  +4.0033683675     16398  +4.0034179688  +4.960e-05
 16011  +4.0037594742     16399  +4.0036621094  -9.736e-05
 16012  +4.0037594742     16399  +4.0036621094  -9.736e-05
 16013  +4.0037594742     16399  +4.0036621094  -9.736e-05
 16014  +4.0037594742     16399  +4.0036621094  -9.736e-05
 16015  +4.0037594742     16399  +4.0036621094  -9.736e-05
 16016  +4.0037594742     16399  +4.0036621094  -9.736e-05
 16017  +4.0037594742     16399  +4.0036621094  -9.736e-05
 16018  +4.0037594742     16399  +4.0036621094  -9.736e-05
 16019  +4.0037594742     16399  +4.0036621094  -9.736e-05
 16020  +4.0037594742     16399  +4.0036621094  -9.736e-05
 16021  +4.0037594742     16399  +4.0036621094  -9.736e-05
 16022  +4.0037594742     16399  +4.0036621094  -9.736e-05
 16023  +4.0037594742     16399  +4.0036621094  -9.736e-05
 16024  +4.0037594742     16399  +4.0036621094  -9.736e-05
 16025  +4.0037594742     16399  +4.0036621094  -9.736e-05
 16026  +4.0037594742     16399  +4.0036621094  -9.736e-05
 16027  +4.0037594742     16399  +4.0036621094  -9.736e-05
 16028  +4.0037594742     16399  +4.0036621094  -9.736e-05
 16029  +4.0037594742     16399  +4.0036621094  -9.736e-05
 16030  +4.0037594742     16399  +4.0036621094  -9.736e-05
 16031  +4.0037594742     16399  +4.0036621094  -9.736e-05
 16032  +4.0037594742     16399  +4.0036621094  -9.736e-05
 16033  +4.0037594742     16399  +4.0036621094  -9.736e-05
 16034  +4.0037594742     16399  +4.0036621094  -9.736e-05
 16035  +4.0037594742     16399  +4.0036621094  -9.736e-05
 16036  +4.0037594742     16399  +4.0036621094  -9.736e-05
 16037  +4.0037594742     16399  +4.0036621094  -9.736e-05
 16038  +4.0037594742     16399  +4.0036621094  -9.736e-05
 16039  +4.0037594742     16399  +4.0036621094  -9.736e-05
 16040  +4.0037594742     16399  +4.0036621094  -9.736e-05
 16041  +4.0037594742     16399  +4.0036621094  -9.736e-05
 16042  +4.0037594742     16399  +4.0036621094  -9.736e-05
 16043  +4.0037594742     16399  +4.0036621094  -9.736e-05
 16044  +4.0037594742     16399  +4.0036621094  -9.736e-05
 16045  +4.0037594742     16399  +4.0036621094  -9.736e-05
 16046  +4.0037594742     16399  +4.0036621094  -9.736e-05
 16047  +4.0037594742     16399  +4.0036621094  -9.736e-05
 16048  +4.0037594742     16399  +4.0036621094  -9.736e-05
 16049  +4.0037594742     16399  +4.0036621094  -9.736e-05
 16050  +4.0037594742     16399  +4.0036621094  -9.736e-05
 16051  +4.0037594742     16399  +4.0036621094  -9.736e-05
 16052  +4.0037594742     16399  +4.0036621094  -9.736e-05
 16053  +4.0037594742     16399  +4.0036621094  -9.736e-05
 16054  +4.0037594742     16399  +4.0036621094  -9.736e-05
 16055  +4.0037594742     16399  +4.0036621094  -9.736e-05
 16056  +4.0037594742     16399  +4.0036621094  -9.736e-05
 16057  +4.0037594742     16399  +4.0036621094  -9.736e-05
 16058  +4.0037594742     16399  +4.0036621094  -9.736e-05
 16059  +4.0037594742     16399  +4.0036621094  -9.736e-05
 16060  +4.0037594742     16399  +4.0036621094  -9.736e-05
 16061  +4.0037594742     16399  +4.0036621094  -9.736e-05
 16062  +4.0037594742     16399  +4.0036621094  -9.736e-05
 16063  +4.0037594742     16399  +4.0036621094  -9.736e-05
 16064  +4.0037594742     16399  +4.0036621094  -9.736e-05
 16065  +4.0037594742     16399  +4.0036621094  -9.736e-05
 16066  +4.0037594742     16399  +4.0036621094  -9.736e-05
 16067  +4.0037594742     16399  +4.0036621094  -9.736e-05
 16068  +4.0037594742     16399  +4.0036621094  -9.736e-05
 16069  +4.0037594742     16399  +4.0036621094  -9.736e-05
 16070  +4.0037594742     16399  +4.0036621094  -9.736e-05
 16071  +4.0037594742     16399  +4.0036621094  -9.736e-05
 16072  +4.0037594742     16399  +4.0036621094  -9.736e-05
 16073  +4.0037594742     16399  +4.0036621094  -9.736e-05
 16074  +4.0037594742     16399  +4.0036621094  -9.736e-05
 16075  +4.0037594742     16399  +4.0036621094  -9.736e-05
 16076  +4.0037594742     16399  +4.0036621094  -9.736e-05
 16077  +4.0037594742     16399  +4.0036621094  -9.736e-05
 16078  +4.0037594742     16399  +4.0036621094  -9.736e-05
 16079  +4.0037594742     16399  +4.0036621094  -9.736e-05
 16080  +4.0037594742     16399  +4.0036621094  -9.736e-05
 16081  +4.0037594742     16399  +4.0036621094  -9.736e-05
 16082  +4.0037594742     16399  +4.0036621094  -9.736e-05
 16083  +4.0037594742     16399  +4.0036621094  -9.736e-05
 16084  +4.0037594742     16399  +4.0036621094  -9.736e-05
 16085  +4.0037594742     16399  +4.0036621094  -9.736e-05
 16086  +4.0037594742     16399  +4.0036621094  -9.736e-05
 16087  +4.0037594742     16399  +4.0036621094  -9.736e-05
 16088  +4.0037594742     16399  +4.0036621094  -9.736e-05
 16089  +4.0037594742     16399  +4.0036621094  -9.736e-05
 16090  +4.0037594742     16399  +4.0036621094  -9.736e-05
 16091  +4.0037594742     16399  +4.0036621094  -9.736e-05
 16092  +4.0037594742     16399  +4.0036621094  -9.736e-05
 16093  +4.0037594742     16399  +4.0036621094  -9.736e-05
 16094  +4.0037594742     16399  +4.0036621094  -9.736e-05
 16095  +4.0037594742     16399  +4.0036621094  -9.736e-05
 16096  +4.0037594742     16399  +4.0036621094  -9.736e-05
 16097  +4.0037594742     16399  +4.0036621094  -9.736e-05
 16098  +4.0037594742     16399  +4.0036621094  -9.736e-05
 16099  +4.0037594742     16399  +4.0036621094  -9.736e-05
 16100  +4.0037594742     16399  +4.0036621094  -9.736e-05
 16101  +4.0037594742     16399  +4.0036621094  -9.736e-05
 16102  +4.0037594742     16399  +4.0036621094  -9.736e-05
 16103  +4.0037594742     16399  +4.0036621094  -9.736e-05
 16104  +4.0037594742     16399  +4.0036621094  -9.736e-05
 16105  +4.0037594742     16399  +4.0036621094  -9.736e-05
 16106  +4.0037594742     16399  +4.0036621094  -9.736e-05
 16107  +4.0037594742     16399  +4.0036621094  -9.736e-05
 16108  +4.0037594742     16399  +4.0036621094  -9.736e-05
 16109  +4.0037594742     16399  +4.0036621094  -9.736e-05
 16110  +4.0037594742     16399  +4.0036621094  -9.736e-05
 16111  +4.0037594742     16399  +4.0036621094  -9.736e-05
 16112  +4.0037594742     16399  +4.0036621094  -9.736e-05
 16113  +4.0037594742     16399  +4.0036621094  -9.736e-05
 16114  +4.0037594742     16399  +4.0036621094  -9.736e-05
 16115  +4.0037594742     16399  +4.0036621094  -9.736e-05
 16116  +4.0037594742     16399  +4.0036621094  -9.736e-05
 16117  +4.0037594742     16399  +4.0036621094  -9.736e-05
 16118  +4.0037594742     16399  +4.0036621094  -9.736e-05
 16119  +4.0037594742     16399  +4.0036621094  -9.736e-05
 16120  +4.0037594742     16399  +4.0036621094  -9.736e-05
 16121  +4.0037594742     16399  +4.0036621094  -9.736e-05
 16122  +4.0037594742     16399  +4.0036621094  -9.736e-05
 16123  +4.0037594742     16399  +4.0036621094  -9.736e-05
 16124  +4.0037594742     16399  +4.0036621094  -9.736e-05
 16125  +4.0037594742     16399  +4.0036621094  -9.736e-05
 16126  +4.0037594742     16399  +4.0036621094  -9.736e-05
 16127  +4.0037594742     16399  +4.0036621094  -9.736e-05
 16128  +4.0037594742     16399  +4.0036621094  -9.736e-05
 16129  +4.0037594742     16399  +4.0036621094  -9.736e-05
 16130  +4.0037594742     16399  +4.0036621094  -9.736e-05
 16131  +4.0037594742     16399  +4.0036621094  -9.736e-05
 16132  +4.0037594742     16399  +4.0036621094  -9.736e-05
 16133  +4.0037594742     16399  +4.0036621094  -9.736e-05
 16134  +4.0037594742     16399  +4.0036621094  -9.736e-05
 16135  +4.0037594742     16399  +4.0036621094  -9.736e-05
 16136  +4.0037594742     16399  +4.0036621094  -9.736e-05
 16137  +4.0037594742     16399  +4.0036621094  -9.736e-05
 16138  +4.0037594742     16399  +4.0036621094  -9.736e-05
 16139  +4.0037594742     16399  +4.0036621094  -9.736e-05
 16140  +4.0037594742     16399  +4.0036621094  -9.736e-05
 16141  +4.0037594742     16399  +4.0036621094  -9.736e-05
 16142  +4.0037594742     16399  +4.0036621094  -9.736e-05
 16143  +4.0037594742     16399  +4.0036621094  -9.736e-05
 16144  +4.0037594742     16399  +4.0036621094  -9.736e-05
 16145  +4.0037594742     16399  +4.0036621094  -9.736e-05
 16146  +4.0037594742     16399  +4.0036621094  -9.736e-05
 16147  +4.0037594742     16399  +4.0036621094  -9.736e-05
 16148  +4.0037594742     16399  +4.0036621094  -9.736e-05
 16149  +4.0037594742     16399  +4.0036621094  -9.736e-05
 16150  +4.0037594742     16399  +4.0036621094  -9.736e-05
 16151  +4.0037594742     16399  +4.0036621094  -9.736e-05
 16152  +4.0037594742     16399  +4.0036621094  -9.736e-05
 16153  +4.0037594742     16399  +4.0036621094  -9.736e-05
 16154  +4.0037594742     16399  +4.0036621094  -9.736e-05
 16155  +4.0037594742     16399  +4.0036621094  -9.736e-05
 16156  +4.0037594742     16399  +4.0036621094  -9.736e-05
 16157  +4.0037594742     16399  +4.0036621094  -9.736e-05
 16158  +4.0037594742     16399  +4.0036621094  -9.736e-05
 16159  +4.0037594742     16399  +4.0036621094  -9.736e-05
 16160  +4.0037594742     16399  +4.0036621094  -9.736e-05
 16161  +4.0037594742     16399  +4.0036621094  -9.736e-05
 16162  +4.0037594742     16399  +4.0036621094  -9.736e-05
 16163  +4.0037594742     16399  +4.0036621094  -9.736e-05
 16164  +4.0037594742     16399  +4.0036621094  -9.736e-05
 16165  +4.0037594742     16399  +4.0036621094  -9.736e-05
 16166  +4.0037594742     16399  +4.0036621094  -9.736e-05
 16167  +4.0037594742     16399  +4.0036621094  -9.736e-05
 16168  +4.0037594742     16399  +4.0036621094  -9.736e-05
 16169  +4.0037594742     16399  +4.0036621094  -9.736e-05
 16170  +4.0037594742     16399  +4.0036621094  -9.736e-05
 16171  +4.0037594742     16399  +4.0036621094  -9.736e-05
 16172  +4.0037594742     16399  +4.0036621094  -9.736e-05
 16173  +4.0037594742     16399  +4.0036621094  -9.736e-05
 16174  +4.0037594742     16399  +4.0036621094  -9.736e-05
 16175  +4.0037594742     16399  +4.0036621094  -9.736e-05
 16176  +4.0037594742     16399  +4.0036621094  -9.736e-05
 16177  +4.0037594742     16399  +4.0036621094  -9.736e-05
 16178  +4.0037594742     16399  +4.0036621094  -9.736e-05
 16179  +4.0037594742     16399  +4.0036621094  -9.736e-05
 16180  +4.0037594742     16399  +4.0036621094  -9.736e-05
 16181  +4.0037594742     16399  +4.0036621094  -9.736e-05
 16182  +4.0037594742     16399  +4.0036621094  -9.736e-05
 16183  +4.0037594742     16399  +4.0036621094  -9.736e-05
 16184  +4.0037594742     16399  +4.0036621094  -9.736e-05
 16185  +4.0037594742     16399  +4.0036621094  -9.736e-05
 16186  +4.0037594742     16399  +4.0036621094  -9.736e-05
 16187  +4.0037594742     16399  +4.0036621094  -9.736e-05
 16188  +4.0037594742     16399  +4.0036621094  -9.736e-05
 16189  +4.0037594742     16399  +4.0036621094  -9.736e-05
 16190  +4.0037594742     16399  +4.0036621094  -9.736e-05
 16191  +4.0037594742     16399  +4.0036621094  -9.736e-05
 16192  +4.0037594742     16399  +4.0036621094  -9.736e-05
 16193  +4.0037594742     16399  +4.0036621094  -9.736e-05
 16194  +4.0037594742     16399  +4.0036621094  -9.736e-05
 16195  +4.0037594742     16399  +4.0036621094  -9.736e-05
 16196  +4.0037594742     16399  +4.0036621094  -9.736e-05
 16197  +4.0037594742     16399  +4.0036621094  -9.736e-05
 16198  +4.0037594742     16399  +4.0036621094  -9.736e-05
 16199  +4.0037594742     16399  +4.0036621094  -9.736e-05
 16200  +4.0037594742     16399  +4.0036621094  -9.736e-05
 16201  +4.0037594742     16399  +4.0036621094  -9.736e-05
 16202  +4.0037594742     16399  +4.0036621094  -9.736e-05
 16203  +4.0037594742     16399  +4.0036621094  -9.736e-05
 16204  +4.0037594742     16399  +4.0036621094  -9.736e-05
 16205  +4.0037594742     16399  +4.0036621094  -9.736e-05
 16206  +4.0037594742     16399  +4.0036621094  -9.736e-05
 16207  +4.0037594742     16399  +4.0036621094  -9.736e-05
 16208  +4.0037594742     16399  +4.0036621094  -9.736e-05
 16209  +4.0037594742     16399  +4.0036621094  -9.736e-05
 16210  +4.0037594742     16399  +4.0036621094  -9.736e-05
 16211  +4.0037594742     16399  +4.0036621094  -9.736e-05
 16212  +4.0037594742     16399  +4.0036621094  -9.736e-05
 16213  +4.0037594742     16399  +4.0036621094  -9.736e-05
 16214  +4.0037594742     16399  +4.0036621094  -9.736e-05
 16215  +4.0037594742     16399  +4.0036621094  -9.736e-05
 16216  +4.0037594742     16399  +4.0036621094  -9.736e-05
 16217  +4.0037594742     16399  +4.0036621094  -9.736e-05
 16218  +4.0037594742     16399  +4.0036621094  -9.736e-05
 16219  +4.0037594742     16399  +4.0036621094  -9.736e-05
 16220  +4.0037594742     16399  +4.0036621094  -9.736e-05
 16221  +4.0037594742     16399  +4.0036621094  -9.736e-05
 16222  +4.0037594742     16399  +4.0036621094  -9.736e-05
 16223  +4.0037594742     16399  +4.0036621094  -9.736e-05
 16224  +4.0037594742     16399  +4.0036621094  -9.736e-05
 16225  +4.0037594742     16399  +4.0036621094  -9.736e-05
 16226  +4.0037594742     16399  +4.0036621094  -9.736e-05
 16227  +4.0037594742     16399  +4.0036621094  -9.736e-05
 16228  +4.0037594742     16399  +4.0036621094  -9.736e-05
 16229  +4.0037594742     16399  +4.0036621094  -9.736e-05
 16230  +4.0037594742     16399  +4.0036621094  -9.736e-05
 16231  +4.0037594742     16399  +4.0036621094  -9.736e-05
 16232  +4.0037594742     16399  +4.0036621094  -9.736e-05
 16233  +4.0037594742     16399  +4.0036621094  -9.736e-05
 16234  +4.0037594742     16399  +4.0036621094  -9.736e-05
 16235  +4.0037594742     16399  +4.0036621094  -9.736e-05
 16236  +4.0037594742     16399  +4.0036621094  -9.736e-05
 16237  +4.0037594742     16399  +4.0036621094  -9.736e-05
 16238  +4.0037594742     16399  +4.0036621094  -9.736e-05
 16239  +4.0037594742     16399  +4.0036621094  -9.736e-05
 16240  +4.0037594742     16399  +4.0036621094  -9.736e-05
 16241  +4.0037594742     16399  +4.0036621094  -9.736e-05
 16242  +4.0037594742     16399  +4.0036621094  -9.736e-05
 16243  +4.0037594742     16399  +4.0036621094  -9.736e-05
 16244  +4.0037594742     16399  +4.0036621094  -9.736e-05
 16245  +4.0037594742     16399  +4.0036621094  -9.736e-05
 16246  +4.0037594742     16399  +4.0036621094  -9.736e-05
 16247  +4.0037594742     16399  +4.0036621094  -9.736e-05
 16248  +4.0037594742     16399  +4.0036621094  -9.736e-05
 16249  +4.0037594742     16399  +4.0036621094  -9.736e-05
 16250  +4.0037594742     16399  +4.0036621094  -9.736e-05
 16251  +4.0037594742     16399  +4.0036621094  -9.736e-05
 16252  +4.0037594742     16399  +4.0036621094  -9.736e-05
 16253  +4.0037594742     16399  +4.0036621094  -9.736e-05
 16254  +4.0037594742     16399  +4.0036621094  -9.736e-05
 16255  +4.0037594742     16399  +4.0036621094  -9.736e-05
 16256  +4.0037594742     16399  +4.0036621094  -9.736e-05
 16257  +4.0037594742     16399  +4.0036621094  -9.736e-05
 16258  +4.0037594742     16399  +4.0036621094  -9.736e-05
 16259  +4.0037594742     16399  +4.0036621094  -9.736e-05
 16260  +4.0037594742     16399  +4.0036621094  -9.736e-05
 16261  +4.0037594742     16399  +4.0036621094  -9.736e-05
 16262  +4.0037594742     16399  +4.0036621094  -9.736e-05
 16263  +4.0037594742     16399  +4.0036621094  -9.736e-05
 16264  +4.0037594742     16399  +4.0036621094  -9.736e-05
 16265  +4.0037594742     16399  +4.0036621094  -9.736e-05
 16266  +4.0037594742     16399  +4.0036621094  -9.736e-05
 16267  +4.0037594742     16399  +4.0036621094  -9.736e-05
 16268  +4.0037594742     16399  +4.0036621094  -9.736e-05
 16269  +4.0037594742     16399  +4.0036621094  -9.736e-05
 16270  +4.0037594742     16399  +4.0036621094  -9.736e-05
 16271  +4.0037594742     16399  +4.0036621094  -9.736e-05
 16272  +4.0037594742     16399  +4.0036621094  -9.736e-05
 16273  +4.0037594742     16399  +4.0036621094  -9.736e-05
 16274  +4.0037594742     16399  +4.0036621094  -9.736e-05
 16275  +4.0037594742     16399  +4.0036621094  -9.736e-05
 16276  +4.0037594742     16399  +4.0036621094  -9.736e-05
 16277  +4.0037594742     16399  +4.0036621094  -9.736e-05
 16278  +4.0037594742     16399  +4.0036621094  -9.736e-05
 16279  +4.0037594742     16399  +4.0036621094  -9.736e-05
 16280  +4.0037594742     16399  +4.0036621094  -9.736e-05
 16281  +4.0037594742     16399  +4.0036621094  -9.736e-05
 16282  +4.0037594742     16399  +4.0036621094  -9.736e-05
 16283  +4.0037594742     16399  +4.0036621094  -9.736e-05
 16284  +4.0037594742     16399  +4.0036621094  -9.736e-05
 16285  +4.0037594742     16399  +4.0036621094  -9.736e-05
 16286  +4.0037594742     16399  +4.0036621094  -9.736e-05
 16287  +4.0037594742     16399  +4.0036621094  -9.736e-05
 16288  +4.0037594742     16399  +4.0036621094  -9.736e-05
 16289  +4.0037594742     16399  +4.0036621094  -9.736e-05
 16290  +4.0037594742     16399  +4.0036621094  -9.736e-05
 16291  +4.0037594742     16399  +4.0036621094  -9.736e-05
 16292  +4.0037594742     16399  +4.0036621094  -9.736e-05
 16293  +4.0037594742     16399  +4.0036621094  -9.736e-05
 16294  +4.0037594742     16399  +4.0036621094  -9.736e-05
 16295  +4.0037594742     16399  +4.0036621094  -9.736e-05
 16296  +4.0037594742     16399  +4.0036621094  -9.736e-05
 16297  +4.0037594742     16399  +4.0036621094  -9.736e-05
 16298  +4.0037594742     16399  +4.0036621094  -9.736e-05
 16299  +4.0037594742     16399  +4.0036621094  -9.736e-05
 16300  +4.0037594742     16399  +4.0036621094  -9.736e-05
 16301  +4.0037594742     16399  +4.0036621094  -9.736e-05
 16302  +4.0037594742     16399  +4.0036621094  -9.736e-05
 16303  +4.0037594742     16399  +4.0036621094  -9.736e-05
 16304  +4.0037594742     16399  +4.0036621094  -9.736e-05
 16305  +4.0037594742     16399  +4.0036621094  -9.736e-05
 16306  +4.0037594742     16399  +4.0036621094  -9.736e-05
 16307  +4.0037594742     16399  +4.0036621094  -9.736e-05
 16308  +4.0037594742     16399  +4.0036621094  -9.736e-05
 16309  +4.0037594742     16399  +4.0036621094  -9.736e-05
 16310  +4.0037594742     16399  +4.0036621094  -9.736e-05
 16311  +4.0037594742     16399  +4.0036621094  -9.736e-05
 16312  +4.0037594742     16399  +4.0036621094  -9.736e-05
 16313  +4.0037594742     16399  +4.0036621094  -9.736e-05
 16314  +4.0037594742     16399  +4.0036621094  -9.736e-05
 16315  +4.0037594742     16399  +4.0036621094  -9.736e-05
 16316  +4.0037594742     16399  +4.0036621094  -9.736e-05
 16317  +4.0037594742     16399  +4.0036621094  -9.736e-05
 16318  +4.0037594742     16399  +4.0036621094  -9.736e-05
 16319  +4.0037594742     16399  +4.0036621094  -9.736e-05
 16320  +4.0037594742     16399  +4.0036621094  -9.736e-05
 16321  +4.0037594742     16399  +4.0036621094  -9.736e-05
 16322  +4.0037594742     16399  +4.0036621094  -9.736e-05
 16323  +4.0037594742     16399  +4.0036621094  -9.736e-05
 16324  +4.0037594742     16399  +4.0036621094  -9.736e-05
 16325  +4.0037594742     16399  +4.0036621094  -9.736e-05
 16326  +4.0037594742     16399  +4.0036621094  -9.736e-05
 16327  +4.0037594742     16399  +4.0036621094  -9.736e-05
 16328  +4.0037594742     16399  +4.0036621094  -9.736e-05
 16329  +4.0037594742     16399  +4.0036621094  -9.736e-05
 16330  +4.0037594742     16399  +4.0036621094  -9.736e-05
 16331  +4.0037594742     16399  +4.0036621094  -9.736e-05
 16332  +4.0037594742     16399  +4.0036621094  -9.736e-05
 16333  +4.0037594742     16399  +4.0036621094  -9.736e-05
 16334  +4.0037594742     16399  +4.0036621094  -9.736e-05
 16335  +4.0037594742     16399  +4.0036621094  -9.736e-05
 16336  +4.0037594742     16399  +4.0036621094  -9.736e-05
 16337  +4.0037594742     16399  +4.0036621094  -9.736e-05
 16338  +4.0037594742     16399  +4.0036621094  -9.736e-05
 16339  +4.0037594742     16399  +4.0036621094  -9.736e-05
 16340  +4.0037594742     16399  +4.0036621094  -9.736e-05
 16341  +4.0037594742     16399  +4.0036621094  -9.736e-05
 16342  +4.0037594742     16399  +4.0036621094  -9.736e-05
 16343  +4.0037594742     16399  +4.0036621094  -9.736e-05
 16344  +4.0037594742     16399  +4.0036621094  -9.736e-05
 16345  +4.0037594742     16399  +4.0036621094  -9.736e-05
 16346  +4.0037594742     16399  +4.0036621094  -9.736e-05
 16347  +4.0037594742     16399  +4.0036621094  -9.736e-05
 16348  +4.0037594742     16399  +4.0036621094  -9.736e-05
 16349  +4.0037594742     16399  +4.0036621094  -9.736e-05
 16350  +4.0037594742     16399  +4.0036621094  -9.736e-05
 16351  +4.0037594742     16399  +4.0036621094  -9.736e-05
 16352  +4.0037594742     16399  +4.0036621094  -9.736e-05
 16353  +4.0037594742     16399  +4.0036621094  -9.736e-05
 16354  +4.0037594742     16399  +4.0036621094  -9.736e-05
 16355  +4.0037594742     16399  +4.0036621094  -9.736e-05
 16356  +4.0037594742     16399  +4.0036621094  -9.736e-05
 16357  +4.0037594742     16399  +4.0036621094  -9.736e-05
 16358  +4.0037594742     16399  +4.0036621094  -9.736e-05
 16359  +4.0037594742     16399  +4.0036621094  -9.736e-05
 16360  +4.0037594742     16399  +4.0036621094  -9.736e-05
 16361  +4.0037594742     16399  +4.0036621094  -9.736e-05
 16362  +4.0037594742     16399  +4.0036621094  -9.736e-05
 16363  +4.0037594742     16399  +4.0036621094  -9.736e-05
 16364  +4.0037594742     16399  +4.0036621094  -9.736e-05
 16365  +4.0037594742     16399  +4.0036621094  -9.736e-05
 16366  +4.0037594742     16399  +4.0036621094  -9.736e-05
 16367  +4.0037594742     16399  +4.0036621094  -9.736e-05
 16368  +4.0037594742     16399  +4.0036621094  -9.736e-05
 16369  +4.0037594742     16399  +4.0036621094  -9.736e-05
 16370  +4.0037594742     16399  +4.0036621094  -9.736e-05
 16371  +4.0037594742     16399  +4.0036621094  -9.736e-05
 16372  +4.0037594742     16399  +4.0036621094  -9.736e-05
 16373  +4.0037594742     16399  +4.0036621094  -9.736e-05
 16374  +4.0037594742     16399  +4.0036621094  -9.736e-05
 16375  +4.0037594742     16399  +4.0036621094  -9.736e-05
 16376  +4.0037594742     16399  +4.0036621094  -9.736e-05
 16377  +4.0037594742     16399  +4.0036621094  -9.736e-05
 16378  +4.0037594742     16399  +4.0036621094  -9.736e-05
 16379  +4.0037594742     16399  +4.0036621094  -9.736e-05
 16380  +4.0037594742     16399  +4.0036621094  -9.736e-05
 16381  +4.0037594742     16399  +4.0036621094  -9.736e-05
 16382  +4.0037594742     16399  +4.0036621094  -9.736e-05
 16383  +4.0037594742     16399  +4.0036621094  -9.736e-05
